loss,L_def,L_fid,defense_mode,edit_shift,attn_masked_l1,attn_ref_l1,attn_suppressed,attn_suppressed_rel,fid_acut,fid_pen_acut,fid_chroma,fid_pen_chroma,fid_linf_total,fid_psnr_total,fid_lpips,fid_lpips_rel,fid_ssim,fid_linf,fid_psnr,fid_pen_linf,fid_pen_lpips,fid_pen_psnr,step,stage,stage_step,lr,grad_norm
321.7978820800781,321.7978820800781,0.0,suppress_attn_ca,nan,321.7978820800781,326.3353271484375,4.537445068359375,0.013904241100735822,0.0,0.0,9.999999974752427e-07,0.0,0.5779333710670471,33.82792663574219,0.0850708931684494,0.0,0.9611066579818726,0.0,120.0,0.0,0.0,0.0,0,stage2,0,0.02,0.9999998807907104
313.0109558105469,313.0109558105469,0.0,suppress_attn_ca,nan,313.0109558105469,326.3353271484375,13.324371337890625,0.040830306220049156,0.01569606363773346,0.0,0.11711407452821732,0.0,0.5779494047164917,33.7838134765625,0.08617699146270752,0.004492682870477438,0.9605592489242554,0.06778350472450256,49.63718032836914,0.007783506065607071,0.0,0.0,1,stage2,1,0.02,0.9999998807907104
295.6084899902344,295.6084899902344,0.0,suppress_attn_ca,nan,295.6084899902344,326.3353271484375,30.726837158203125,0.09415725053949386,0.04533863067626953,0.0,0.35732269287109375,0.0,0.5557717084884644,33.32382583618164,0.09702423214912415,0.028008675202727318,0.9557807445526123,0.19886410236358643,40.75409698486328,0.13886409997940063,0.0,0.0,2,stage2,2,0.02,0.9999998211860657
274.1499938964844,274.1499938964844,0.0,suppress_attn_ca,nan,274.1499938964844,326.3353271484375,52.185333251953125,0.1599132208822001,0.09966501593589783,0.0,0.8026513457298279,0.0,0.5430116653442383,31.790565490722656,0.13539202511310577,0.0854824036359787,0.9384812712669373,0.35299965739250183,34.88407897949219,0.29299965500831604,0.0,0.0,3,stage2,3,0.02,1.0
258.6275329589844,256.2079772949219,2.419562578201294,suppress_attn_ca,nan,256.2079772949219,326.3353271484375,70.12734985351562,0.21489352828055103,0.1841956228017807,0.024195626378059387,1.4132533073425293,0.0,0.5431269407272339,29.538330078125,0.20704475045204163,0.1748449057340622,0.9018843173980713,0.47434526681900024,30.847702026367188,0.41434526443481445,0.0,3.1522979736328125,4,stage2,4,0.02,1.0
253.6897430419922,245.97134399414062,7.718397617340088,suppress_attn_ca,nan,245.97134399414062,326.3353271484375,80.36398315429688,0.246261977998301,0.18607133626937866,0.02607133984565735,1.962514877319336,0.0,0.5674570798873901,27.832958221435547,0.27379143238067627,0.2511126399040222,0.8586348295211792,0.5149831771850586,28.576038360595703,0.4549831748008728,0.05111263692378998,5.423961639404297,5,stage2,5,0.02,1.0000001192092896
252.30233764648438,237.84957885742188,14.452751159667969,suppress_attn_ca,nan,237.84957885742188,326.3353271484375,88.48574829101562,0.2711497681364017,0.22559517621994019,0.06559517979621887,2.3866047859191895,0.0,0.5318196415901184,26.696016311645508,0.2985658049583435,0.2789323329925537,0.8243562579154968,0.5214035511016846,27.205543518066406,0.4614035487174988,0.07893233001232147,6.794456481933594,6,stage2,6,0.02,0.9999999403953552
245.32325744628906,230.99826049804688,14.324990272521973,suppress_attn_ca,nan,230.99826049804688,326.3353271484375,95.33706665039062,0.29214448672615034,0.21606947481632233,0.05606947839260101,2.7153327465057373,0.0,0.5103083252906799,26.03277015686035,0.3059726357460022,0.28718042373657227,0.8030922412872314,0.5375447273254395,26.43254852294922,0.47754472494125366,0.08718042075634003,7.567451477050781,7,stage2,7,0.02,1.0
237.68373107910156,224.39596557617188,13.287765502929688,suppress_attn_ca,nan,224.39596557617188,326.3353271484375,101.93936157226562,0.3123761146640961,0.20375347137451172,0.043753474950790405,2.9899325370788574,0.0,0.5101452469825745,25.54303741455078,0.3071770966053009,0.28912419080734253,0.7905116081237793,0.5609647035598755,25.882341384887695,0.5009647011756897,0.08912418782711029,8.117658615112305,8,stage2,8,0.02,0.9999999403953552
233.1185760498047,219.02366638183594,14.094908714294434,suppress_attn_ca,nan,219.02366638183594,326.3353271484375,107.31166076660156,0.3288386265266021,0.1802356243133545,0.02023562788963318,3.2342844009399414,0.034284353256225586,0.5238126516342163,25.17879867553711,0.30456531047821045,0.28642910718917847,0.7843278646469116,0.5804710388183594,25.477678298950195,0.5204710364341736,0.08642910420894623,8.522321701049805,9,stage2,9,0.02,1.0
229.5490264892578,216.96090698242188,12.588125228881836,suppress_attn_ca,nan,216.96090698242188,326.3353271484375,109.37442016601562,0.33515960751704144,0.19894276559352875,0.038942769169807434,2.6398816108703613,0.0,0.5462766885757446,25.20634651184082,0.3045728802680969,0.28693848848342896,0.7807140350341797,0.5909551382064819,25.503480911254883,0.5309551358222961,0.08693848550319672,8.496519088745117,10,stage2,10,0.02,1.0
222.2151336669922,213.7818603515625,8.433272361755371,suppress_attn_ca,nan,213.7818603515625,326.3353271484375,112.553466796875,0.34490126392500164,0.16295558214187622,0.0029555857181549072,2.3003695011138916,0.0,0.5711529850959778,25.26585578918457,0.2989879548549652,0.2813771367073059,0.7814359664916992,0.5913742780685425,25.567138671875,0.5313742756843567,0.08137713372707367,8.432861328125,11,stage2,11,0.02,1.0000001192092896
217.45132446289062,210.0272216796875,7.424096584320068,suppress_attn_ca,nan,210.0272216796875,326.3353271484375,116.30810546875,0.35640672582115474,0.1515578180551529,0.0,2.190898895263672,0.0,0.6641853451728821,25.210277557373047,0.29190051555633545,0.27424097061157227,0.7818393111228943,0.6314477920532227,25.506916046142578,0.5714477896690369,0.07424096763134003,8.493083953857422,12,stage2,12,0.02,0.9999998211860657
215.42401123046875,204.64541625976562,10.778589248657227,suppress_attn_ca,nan,204.64541625976562,326.3353271484375,121.68991088867188,0.37289836792116526,0.20306077599525452,0.0430607795715332,2.1981709003448486,0.0,0.7467219829559326,25.084590911865234,0.2835216522216797,0.26472511887550354,0.7818033695220947,0.7139844298362732,25.37036895751953,0.6539844274520874,0.0647251158952713,8.629631042480469,13,stage2,13,0.02,0.9999999403953552
208.959716796875,200.7063446044922,8.253364562988281,suppress_attn_ca,nan,200.7063446044922,326.3353271484375,125.62898254394531,0.38496899383130984,0.1840953528881073,0.024095356464385986,2.2286510467529297,0.0,0.7527005672454834,25.043407440185547,0.27801334857940674,0.2584382891654968,0.7832440733909607,0.719963014125824,25.321788787841797,0.6599630117416382,0.05843828618526459,8.678211212158203,14,stage2,14,0.02,1.0
203.37051391601562,197.8934783935547,5.477033615112305,suppress_attn_ca,nan,197.8934783935547,326.3353271484375,128.4418487548828,0.3935885516202771,0.15533025562763214,0.0,2.28489351272583,0.0,0.7169328927993774,25.07056999206543,0.27459466457366943,0.25477033853530884,0.7855839729309082,0.684195339679718,25.349634170532227,0.6241953372955322,0.0547703355550766,8.650365829467773,15,stage2,15,0.02,0.9999998211860657
200.90777587890625,193.49786376953125,7.409911155700684,suppress_attn_ca,nan,193.49786376953125,326.3353271484375,132.83746337890625,0.40705817705872693,0.1855761706829071,0.02557617425918579,2.3650429248809814,0.0,0.674967885017395,24.99169158935547,0.2691957950592041,0.24852293729782104,0.7848657369613647,0.6393874287605286,25.26768684387207,0.5793874263763428,0.048522934317588806,8.73231315612793,16,stage2,16,0.02,0.9999999403953552
196.51785278320312,190.48104858398438,6.036806106567383,suppress_attn_ca,nan,190.48104858398438,326.3353271484375,135.85427856445312,0.4163027023508803,0.1744924783706665,0.01449248194694519,2.4475295543670654,0.0,0.6217771172523499,24.91008758544922,0.2674577832221985,0.24587558209896088,0.7837437391281128,0.5836544632911682,25.185707092285156,0.5236544609069824,0.04587557911872864,8.814292907714844,17,stage2,17,0.02,1.0
193.5167236328125,188.93399047851562,4.582725524902344,suppress_attn_ca,nan,188.93399047851562,326.3353271484375,137.40133666992188,0.42104340302520554,0.15510839223861694,0.0,2.536795139312744,0.0,0.5883388519287109,24.781625747680664,0.26824092864990234,0.24582725763320923,0.7820740938186646,0.5957434177398682,25.052518844604492,0.5357434153556824,0.04582725465297699,8.947481155395508,18,stage2,18,0.02,0.9999998807907104
194.81007385253906,186.298095703125,8.511983871459961,suppress_attn_ca,nan,186.298095703125,326.3353271484375,140.0372314453125,0.42912066146493205,0.19913989305496216,0.039139896631240845,2.621889591217041,0.0,0.5784049034118652,24.612123489379883,0.268829882144928,0.24597994983196259,0.7793434858322144,0.6251119375228882,24.873023986816406,0.5651119351387024,0.04597994685173035,9.126976013183594,19,stage2,19,0.02,0.9999999403953552
189.9204864501953,184.36288452148438,5.5576043128967285,suppress_attn_ca,nan,184.36288452148438,326.3353271484375,141.97244262695312,0.4350507922863505,0.1701212227344513,0.01012122631072998,2.6951780319213867,0.0,0.5604498386383057,24.513891220092773,0.2691555321216583,0.2454548180103302,0.7778439521789551,0.6396163702011108,24.766220092773438,0.579616367816925,0.04545481503009796,9.233779907226562,20,stage2,20,0.02,0.9999999403953552
187.2998504638672,182.7371826171875,4.562662601470947,suppress_attn_ca,nan,182.7371826171875,326.3353271484375,143.59814453125,0.4400324837216679,0.1373637318611145,0.0,2.76191782951355,0.0,0.567758321762085,24.46079444885254,0.2700022757053375,0.24562662839889526,0.7767926454544067,0.6362646222114563,24.70553207397461,0.5762646198272705,0.045626625418663025,9.29446792602539,21,stage2,21,0.02,0.9999999403953552
186.4362030029297,180.85240173339844,5.583804607391357,suppress_attn_ca,nan,180.85240173339844,326.3353271484375,145.48292541503906,0.4458080793344952,0.1720476597547531,0.0120476633310318,2.829209804534912,0.0,0.5770963430404663,24.36404800415039,0.26857489347457886,0.2437903881072998,0.7744731903076172,0.636422872543335,24.600868225097656,0.5764228701591492,0.043790385127067566,9.399131774902344,22,stage2,22,0.02,1.0
183.69509887695312,179.4697723388672,4.2253241539001465,suppress_attn_ca,nan,179.4697723388672,326.3353271484375,146.8655548095703,0.45004491574020355,0.15938779711723328,0.0,2.8907008171081543,0.0,0.6575074195861816,24.29434585571289,0.26729798316955566,0.24225324392318726,0.7732486724853516,0.6465319395065308,24.527584075927734,0.586531937122345,0.04225324094295502,9.472415924072266,23,stage2,23,0.02,0.9999999403953552
183.4357147216797,176.5878143310547,6.847898483276367,suppress_attn_ca,nan,176.5878143310547,326.3353271484375,149.7475128173828,0.45887619377864164,0.19142678380012512,0.03142678737640381,2.9507718086242676,0.0,0.7217243909835815,24.21933364868164,0.2632858157157898,0.23705220222473145,0.7719084024429321,0.6889868378639221,24.447633743286133,0.6289868354797363,0.03705219924449921,9.552366256713867,24,stage2,24,0.02,0.9999999403953552
178.4970245361328,174.80052185058594,3.696499824523926,suppress_attn_ca,nan,174.80052185058594,326.3353271484375,151.53480529785156,0.46435305249352965,0.16183358430862427,0.001833587884902954,3.005056381225586,0.0,0.7200582027435303,24.20212745666504,0.262062668800354,0.2351314127445221,0.7720348238945007,0.6873206496238708,24.42708969116211,0.6273206472396851,0.035131409764289856,9.57291030883789,25,stage2,25,0.02,0.9999999403953552
177.53717041015625,173.93368530273438,3.6034927368164062,suppress_attn_ca,nan,173.93368530273438,326.3353271484375,152.40164184570312,0.4670093280350902,0.12665969133377075,0.0,3.062772750854492,0.0,0.6801767349243164,24.192306518554688,0.2629506587982178,0.23603492975234985,0.7724723815917969,0.6806726455688477,24.41089630126953,0.6206726431846619,0.036034926772117615,9.589103698730469,26,stage2,26,0.02,0.9999999403953552
178.45614624023438,172.00677490234375,6.449376106262207,suppress_attn_ca,nan,172.00677490234375,326.3353271484375,154.32855224609375,0.47291402250144854,0.1903870403766632,0.030387043952941895,3.139073371887207,0.0,0.7343701124191284,24.121065139770508,0.2607206702232361,0.23410671949386597,0.7718832492828369,0.7348660230636597,24.331865310668945,0.6748660206794739,0.03410671651363373,9.668134689331055,27,stage2,27,0.02,1.0
177.07887268066406,170.44931030273438,6.629560947418213,suppress_attn_ca,nan,170.44931030273438,326.3353271484375,155.88601684570312,0.4776866121356102,0.17663580179214478,0.016635805368423462,3.215411424636841,0.015411376953125,0.7417807579040527,24.06262969970703,0.2602248787879944,0.23424842953681946,0.7710911631584167,0.7422767877578735,24.269088745117188,0.6822767853736877,0.03424842655658722,9.730911254882812,28,stage2,28,0.02,0.9999999403953552
175.78041076660156,170.9649658203125,4.8154473304748535,suppress_attn_ca,nan,170.9649658203125,326.3353271484375,155.370361328125,0.47610647209351303,0.1720219850540161,0.0120219886302948,2.725234270095825,0.0,0.7342115640640259,24.199756622314453,0.26046890020370483,0.23613248765468597,0.7718774080276489,0.7347074747085571,24.412660598754883,0.6747074723243713,0.036132484674453735,9.587339401245117,29,stage2,29,0.02,0.9999999403953552
174.06033325195312,170.49334716796875,3.566981792449951,suppress_attn_ca,nan,170.49334716796875,326.3353271484375,155.84197998046875,0.47755166853137593,0.1467266082763672,0.0,2.4029932022094727,0.0,0.6888287663459778,24.316890716552734,0.25927332043647766,0.2356698215007782,0.7732475996017456,0.6893247365951538,24.539966583251953,0.629324734210968,0.03566981852054596,9.460033416748047,30,stage2,30,0.02,0.9999999403953552
172.50958251953125,168.47695922851562,4.032630920410156,suppress_attn_ca,nan,168.47695922851562,326.3353271484375,157.85836791992188,0.4837305519427203,0.1696096956729889,0.009609699249267578,2.2325944900512695,0.0,0.6510012149810791,24.3477840423584,0.2554873526096344,0.23071661591529846,0.7732237577438354,0.6467539072036743,24.57807731628418,0.5867539048194885,0.030716612935066223,9.42192268371582,31,stage2,31,0.02,1.0
170.15379333496094,167.3199462890625,2.833843231201172,suppress_attn_ca,nan,167.3199462890625,326.3353271484375,159.015380859375,0.4872760244772548,0.14927656948566437,0.0,2.141860008239746,0.0,0.6262152194976807,24.345197677612305,0.2540874779224396,0.22833843529224396,0.7733039259910583,0.6474466323852539,24.57840347290039,0.5874466300010681,0.02833843231201172,9.42159652709961,32,stage2,32,0.02,0.9999998807907104
169.50697326660156,165.87716674804688,3.6297993659973145,suppress_attn_ca,nan,165.87716674804688,326.3353271484375,160.45816040039062,0.4916971809411377,0.17026680707931519,0.010266810655593872,2.1179099082946777,0.0,0.6257185935974121,24.295040130615234,0.25240838527679443,0.22603118419647217,0.7724549770355225,0.6443214416503906,24.528610229492188,0.5843214392662048,0.02603118121623993,9.471389770507812,33,stage2,33,0.02,1.0
167.53897094726562,164.9449462890625,2.594027042388916,suppress_attn_ca,nan,164.9449462890625,326.3353271484375,161.390380859375,0.4945538145368021,0.14904144406318665,0.0,2.1097586154937744,0.0,0.6626967191696167,24.250064849853516,0.25269615650177,0.2259402722120285,0.7717558741569519,0.6684011220932007,24.482805252075195,0.6084011197090149,0.025940269231796265,9.517194747924805,34,stage2,34,0.02,0.9999999403953552
166.50985717773438,163.505615234375,3.0042483806610107,suppress_attn_ca,nan,163.505615234375,326.3353271484375,162.8297119140625,0.49896440369141365,0.16643169522285461,0.006431698799133301,2.1363818645477295,0.0,0.703357458114624,24.175907135009766,0.2509695291519165,0.2236107885837555,0.7702987194061279,0.7090619206428528,24.405498504638672,0.649061918258667,0.023610785603523254,9.594501495361328,35,stage2,35,0.02,0.9999999403953552
165.5078887939453,163.1774139404297,2.3304715156555176,suppress_attn_ca,nan,163.1774139404297,326.3353271484375,163.1579132080078,0.4999701216344055,0.13232186436653137,0.0,2.19006609916687,0.0,0.7031170725822449,24.153432846069336,0.25083792209625244,0.22330471873283386,0.7704828977584839,0.7088215351104736,24.38105010986328,0.6488215327262878,0.023304715752601624,9.618949890136719,36,stage2,36,0.02,0.9999999403953552
163.64285278320312,161.53065490722656,2.1121904850006104,suppress_attn_ca,nan,161.53065490722656,326.3353271484375,164.80467224121094,0.5050163391174857,0.14625221490859985,0.0,2.2627112865448,0.0,0.6959546804428101,24.104089736938477,0.24897170066833496,0.2211219072341919,0.7703237533569336,0.701659083366394,24.327938079833984,0.6416590809822083,0.021121904253959656,9.672061920166016,37,stage2,37,0.02,0.9999998807907104
164.561767578125,160.39309692382812,4.168675899505615,suppress_attn_ca,nan,160.39309692382812,326.3353271484375,165.94223022460938,0.5085021951948481,0.18073809146881104,0.02073809504508972,2.346073627471924,0.0,0.6804217100143433,24.015457153320312,0.24868756532669067,0.22094866633415222,0.7686820030212402,0.6961160898208618,24.233579635620117,0.636116087436676,0.020948663353919983,9.766420364379883,38,stage2,38,0.02,1.0
162.23548889160156,160.034912109375,2.2005841732025146,suppress_attn_ca,nan,160.034912109375,326.3353271484375,166.3004150390625,0.5095997926188934,0.1509157121181488,0.0,2.4247214794158936,0.0,0.6941907405853271,23.93688201904297,0.24927771091461182,0.22200584411621094,0.7674198150634766,0.7112690210342407,24.151939392089844,0.6512690186500549,0.0220058411359787,9.848060607910156,39,stage2,39,0.02,0.9999999403953552
160.48492431640625,158.46322631835938,2.0216927528381348,suppress_attn_ca,nan,158.46322631835938,326.3353271484375,167.87210083007812,0.5144159607142977,0.15804290771484375,0.0,2.5167274475097656,0.0,0.7091184258460999,23.829845428466797,0.24769634008407593,0.22021692991256714,0.7654982805252075,0.7266606092453003,24.040111541748047,0.6666606068611145,0.0202169269323349,9.959888458251953,40,stage2,40,0.02,0.9999999403953552
160.5358428955078,156.67767333984375,3.8581714630126953,suppress_attn_ca,nan,156.67767333984375,326.3353271484375,169.65765380859375,0.5198874890165445,0.1805010735988617,0.02050107717514038,2.6234352588653564,0.0,0.7192566394805908,23.707740783691406,0.2462616264820099,0.21808063983917236,0.7631238698959351,0.7375351786613464,23.9127140045166,0.6775351762771606,0.018080636858940125,10.087285995483398,41,stage2,41,0.02,0.9999999403953552
158.37701416015625,156.36082458496094,2.0161972045898438,suppress_attn_ca,nan,156.36082458496094,326.3353271484375,169.97450256347656,0.5208584190033513,0.14411212503910065,0.0,2.7350411415100098,0.0,0.7137255072593689,23.616256713867188,0.24822084605693817,0.22016197443008423,0.7613486647605896,0.740428626537323,23.8172607421875,0.6804286241531372,0.02016197144985199,10.1827392578125,42,stage2,42,0.02,0.9999998211860657
157.5513916015625,155.34902954101562,2.2023544311523438,suppress_attn_ca,nan,155.34902954101562,326.3353271484375,170.98629760742188,0.523958895598351,0.1623227298259735,0.0023227334022521973,2.838298797607422,0.0,0.7265334129333496,23.52202606201172,0.24847695231437683,0.21970081329345703,0.7592059969902039,0.7340316772460938,23.719074249267578,0.674031674861908,0.019700810313224792,10.280925750732422,43,stage2,43,0.02,1.0
157.0313720703125,154.91871643066406,2.1126537322998047,suppress_attn_ca,nan,154.91871643066406,326.3353271484375,171.41661071777344,0.5252775181149866,0.1337975114583969,0.0,2.924063205718994,0.0,0.7134196758270264,23.460479736328125,0.24985091388225555,0.22112654149532318,0.7580384016036987,0.7304679155349731,23.656902313232422,0.6704679131507874,0.021126538515090942,10.343097686767578,44,stage2,44,0.02,0.9999997615814209
155.45596313476562,153.46604919433594,1.9899144172668457,suppress_attn_ca,nan,153.46604919433594,326.3353271484375,172.86927795410156,0.5297289737665145,0.14396236836910248,0.0,3.0055150985717773,0.0,0.6923221349716187,23.387550354003906,0.24865710735321045,0.21989914774894714,0.7566713094711304,0.7205696105957031,23.584060668945312,0.6605696082115173,0.019899144768714905,10.415939331054688,45,stage2,45,0.02,1.0
154.67047119140625,151.79705810546875,2.8734118938446045,suppress_attn_ca,nan,151.79705810546875,326.3353271484375,174.53826904296875,0.5348433176637905,0.17010821402072906,0.010108217597007751,3.0905532836914062,0.0,0.6866176724433899,23.3123779296875,0.2471713125705719,0.21862590312957764,0.7552679777145386,0.7026575803756714,23.508567810058594,0.6426575779914856,0.018625900149345398,10.491432189941406,46,stage2,46,0.02,0.9999999403953552
153.5660400390625,151.49855041503906,2.0674898624420166,suppress_attn_ca,nan,151.49855041503906,326.3353271484375,174.83677673339844,0.5357580445278358,0.14736241102218628,0.0,3.1688594818115234,0.0,0.6736735701560974,23.268436431884766,0.24859750270843506,0.22067490220069885,0.755257785320282,0.6902028322219849,23.465084075927734,0.6302028298377991,0.020674899220466614,10.534915924072266,47,stage2,47,0.02,0.9999999403953552
159.22940063476562,150.428955078125,8.800448417663574,suppress_attn_ca,nan,150.428955078125,326.3353271484375,175.9063720703125,0.5390356404481437,0.17364701628684998,0.013647019863128662,3.254607677459717,0.05460762977600098,0.6594398617744446,23.203859329223633,0.24809658527374268,0.2197498381137848,0.7545391321182251,0.6760678291320801,23.399276733398438,0.6160678267478943,0.01974983513355255,10.600723266601562,48,stage2,48,0.02,0.9999999403953552
156.40060424804688,151.22711181640625,5.17349100112915,suppress_attn_ca,nan,151.22711181640625,326.3353271484375,175.10821533203125,0.5365898226899021,0.18904483318328857,0.02904483675956726,2.761953830718994,0.0,0.6541548371315002,23.318376541137695,0.25066497921943665,0.22269007563591003,0.7547089457511902,0.6658042669296265,23.514732360839844,0.6058042645454407,0.022690072655677795,10.485267639160156,49,stage2,49,0.02,0.9999998807907104
154.6171875,152.02947998046875,2.5877132415771484,suppress_attn_ca,nan,152.02947998046875,326.3353271484375,174.30584716796875,0.5341310997221078,0.14759370684623718,0.0,2.4741649627685547,0.0,0.6477320790290833,23.414518356323242,0.2537832260131836,0.22587713599205017,0.7555674314498901,0.6655611991882324,23.60985565185547,0.6055611968040466,0.025877133011817932,10.390144348144531,50,stage2,50,0.02,1.0
153.55226135253906,151.12509155273438,2.4271771907806396,suppress_attn_ca,nan,151.12509155273438,326.3353271484375,175.21023559570312,0.5369024467155119,0.15828928351402283,0.0,2.3496387004852295,0.0,0.6786835789680481,23.44517707824707,0.25309255719184875,0.2242717742919922,0.7554353475570679,0.6843880414962769,23.638683319091797,0.6243880391120911,0.02427177131175995,10.361316680908203,51,stage2,51,0.02,0.9999999403953552
153.6266632080078,149.27444458007812,4.352222442626953,suppress_attn_ca,nan,149.27444458007812,326.3353271484375,177.06088256835938,0.5425734446697557,0.18294399976730347,0.022944003343582153,2.3249499797821045,0.0,0.6997295618057251,23.42341423034668,0.25028491020202637,0.22057822346687317,0.7546730041503906,0.7054339647293091,23.613855361938477,0.6454339623451233,0.02057822048664093,10.386144638061523,52,stage2,52,0.02,0.9999999403953552
150.95001220703125,148.81234741210938,2.1376595497131348,suppress_attn_ca,nan,148.81234741210938,326.3353271484375,177.52297973632812,0.5439894641121085,0.1486952304840088,0.0,2.329399585723877,0.0,0.6938063502311707,23.397205352783203,0.2507314682006836,0.22137659788131714,0.7538179159164429,0.6995108127593994,23.587589263916016,0.6395108103752136,0.0213765949010849,10.412410736083984,53,stage2,53,0.02,0.9999998807907104
150.051025390625,147.92581176757812,2.125214099884033,suppress_attn_ca,nan,147.92581176757812,326.3353271484375,178.40951538085938,0.5467061042389312,0.16143405437469482,0.0014340579509735107,2.3570635318756104,0.0,0.6807422637939453,23.34421157836914,0.24937111139297485,0.2198180854320526,0.7528544664382935,0.6864467263221741,23.53265953063965,0.6264467239379883,0.019818082451820374,10.467340469360352,54,stage2,54,0.02,1.0
150.02056884765625,147.92617797851562,2.094386577606201,suppress_attn_ca,nan,147.92617797851562,326.3353271484375,178.40914916992188,0.5467049820467962,0.1438119113445282,0.0,2.4020323753356934,0.0,0.7139036655426025,23.301240921020508,0.25009703636169434,0.2209438681602478,0.7528545260429382,0.6992915868759155,23.488008499145508,0.6392915844917297,0.020943865180015564,10.511991500854492,55,stage2,55,0.02,0.9999998211860657
151.05577087402344,146.87548828125,4.18027925491333,suppress_attn_ca,nan,146.87548828125,326.3353271484375,179.4598388671875,0.5499246447981345,0.18099191784858704,0.020991921424865723,2.4626920223236084,0.0,0.7760989665985107,23.220720291137695,0.2501407265663147,0.2208108752965927,0.7519631385803223,0.7595469355583191,23.403656005859375,0.6995469331741333,0.020810872316360474,10.596343994140625,56,stage2,56,0.02,1.0
149.13442993164062,146.84800720214844,2.2864251136779785,suppress_attn_ca,nan,146.84800720214844,326.3353271484375,179.48731994628906,0.5500088559662654,0.16121512651443481,0.001215130090713501,2.5122880935668945,0.0,0.7462084293365479,23.185523986816406,0.2508920729160309,0.22164912521839142,0.7522560358047485,0.7296563982963562,23.36949348449707,0.6696563959121704,0.02164912223815918,10.63050651550293,57,stage2,57,0.02,0.9999999403953552
149.4088134765625,147.10311889648438,2.3056998252868652,suppress_attn_ca,nan,147.10311889648438,326.3353271484375,179.23220825195312,0.5492271088702181,0.14031806588172913,0.0,2.540600299835205,0.0,0.7046270966529846,23.169231414794922,0.2519370913505554,0.22305700182914734,0.7526712417602539,0.7100327610969543,23.352672576904297,0.6500327587127686,0.0230569988489151,10.647327423095703,58,stage2,58,0.02,0.9999999403953552
149.73577880859375,145.86837768554688,3.8674073219299316,suppress_attn_ca,nan,145.86837768554688,326.3353271484375,180.46694946289062,0.5530107666854073,0.1773097664117813,0.017309769988059998,2.5697710514068604,0.0,0.7137255072593689,23.13266944885254,0.2505544424057007,0.22136430442333221,0.7522196173667908,0.7194299697875977,23.314891815185547,0.6594299674034119,0.021364301443099976,10.685108184814453,59,stage2,59,0.02,0.9999999403953552
147.63153076171875,145.58602905273438,2.0455002784729004,suppress_attn_ca,nan,145.58602905273438,326.3353271484375,180.74929809570312,0.5538759768214955,0.14941152930259705,0.0,2.609023094177246,0.0,0.7261595129966736,23.084697723388672,0.25023260712623596,0.22045500576496124,0.7520093321800232,0.720565915107727,23.26441192626953,0.6605659127235413,0.020455002784729004,10.735588073730469,60,stage2,60,0.02,0.9999998211860657
146.55535888671875,144.55413818359375,2.0012154579162598,suppress_attn_ca,nan,144.55413818359375,326.3353271484375,181.78118896484375,0.5570380337099036,0.15223564207553864,0.0,2.652107000350952,0.0,0.7411043643951416,23.018293380737305,0.25053930282592773,0.22001215815544128,0.7511212825775146,0.7355107665061951,23.195125579833984,0.6755107641220093,0.020012155175209045,10.804874420166016,61,stage2,61,0.02,0.9999998807907104
146.19439697265625,142.99826049804688,3.196132183074951,suppress_attn_ca,nan,142.99826049804688,326.3353271484375,183.33706665039062,0.5618057605114802,0.17428095638751984,0.014280959963798523,2.69290828704834,0.0,0.746347188949585,22.949867248535156,0.24900691211223602,0.21768036484718323,0.7500379085540771,0.7407535314559937,23.125207901000977,0.6807535290718079,0.01768036186695099,10.874792098999023,62,stage2,62,0.02,1.0
144.82766723632812,143.04196166992188,1.7857060432434082,suppress_attn_ca,nan,143.04196166992188,326.3353271484375,183.29336547851562,0.5616718455833697,0.12945479154586792,0.0,2.7407073974609375,0.0,0.7348737716674805,22.90839195251465,0.24891018867492676,0.21785706281661987,0.7497614622116089,0.7292802333831787,23.08313751220703,0.6692802309989929,0.017857059836387634,10.916862487792969,63,stage2,63,0.02,0.9999999403953552
143.7987518310547,142.01678466796875,1.7819628715515137,suppress_attn_ca,nan,142.01678466796875,326.3353271484375,184.31854248046875,0.5648133289493027,0.14357489347457886,0.0,2.8088176250457764,0.0,0.7293651700019836,22.847318649291992,0.24859631061553955,0.21781963109970093,0.7483887672424316,0.7194299697875977,23.020078659057617,0.6594299674034119,0.01781962811946869,10.979921340942383,64,stage2,64,0.02,1.0
144.3177032470703,141.12905883789062,3.1886444091796875,suppress_attn_ca,nan,141.12905883789062,326.3353271484375,185.20626831054688,0.5675336162005642,0.17568320035934448,0.01568320393562317,2.8711280822753906,0.0,0.725572943687439,22.789628982543945,0.24682578444480896,0.2162032425403595,0.7466344237327576,0.7045918703079224,22.96096420288086,0.6445918679237366,0.01620323956012726,11.03903579711914,65,stage2,65,0.02,1.0
142.9486846923828,141.2430419921875,1.7056450843811035,suppress_attn_ca,nan,141.2430419921875,326.3353271484375,185.09228515625,0.5671843338985441,0.1500612199306488,0.0,2.9302992820739746,0.0,0.7357001304626465,22.750818252563477,0.24708950519561768,0.21705645322799683,0.7459398508071899,0.7191480994224548,22.92140769958496,0.659148097038269,0.017056450247764587,11.078592300415039,66,stage2,66,0.02,0.9999998807907104
142.99891662597656,140.47457885742188,2.524341583251953,suppress_attn_ca,nan,140.47457885742188,326.3353271484375,185.86074829101562,0.5695391605778392,0.16847679018974304,0.008476793766021729,3.005624294281006,0.0,0.7682862281799316,22.698169708251953,0.24659979343414307,0.2167666256427765,0.7445806264877319,0.75173419713974,22.867778778076172,0.6917341947555542,0.01676662266254425,11.132221221923828,67,stage2,67,0.02,1.0
142.84725952148438,140.98947143554688,1.8577947616577148,suppress_attn_ca,nan,140.98947143554688,326.3353271484375,185.34585571289062,0.5679613584360232,0.14875811338424683,0.0,3.0784120559692383,0.0,0.738282322883606,22.68699836730957,0.2476949691772461,0.21857795119285583,0.7442563772201538,0.7217302918434143,22.859230041503906,0.6617302894592285,0.018577948212623596,11.140769958496094,68,stage2,68,0.02,0.9999997615814209
142.53927612304688,140.267333984375,2.27194881439209,suppress_attn_ca,nan,140.267333984375,326.3353271484375,186.0679931640625,0.5701742278102403,0.16441622376441956,0.004416227340698242,3.140596389770508,0.0,0.7135463356971741,22.663896560668945,0.24724090099334717,0.21830326318740845,0.7436424493789673,0.6977249383926392,22.83740234375,0.6377249360084534,0.01830326020717621,11.16259765625,69,stage2,69,0.02,0.9999999403953552
142.087890625,140.14923095703125,1.938655972480774,suppress_attn_ca,nan,140.14923095703125,326.3353271484375,186.18609619140625,0.5705361347737792,0.1427430510520935,0.0,3.1930675506591797,0.0,0.7356789112091064,22.6364803314209,0.24835556745529175,0.21938656270503998,0.7433344125747681,0.7191268801689148,22.808378219604492,0.659126877784729,0.01938655972480774,11.191621780395508,70,stage2,70,0.02,1.0
148.44432067871094,139.2134246826172,9.23089599609375,suppress_attn_ca,nan,139.2134246826172,326.3353271484375,187.1219024658203,0.5734037565007655,0.17528575658798218,0.015285760164260864,3.257627010345459,0.057626962661743164,0.7485499382019043,22.587491989135742,0.2490578293800354,0.21939623355865479,0.7419943809509277,0.7319979071617126,22.7573299407959,0.6719979047775269,0.019396230578422546,11.242670059204102,71,stage2,71,0.02,1.0000001192092896
147.19017028808594,141.19158935546875,5.998579978942871,suppress_attn_ca,nan,141.19158935546875,326.3353271484375,185.14373779296875,0.5673420018935122,0.1980433166027069,0.038043320178985596,2.7797646522521973,0.0,0.7531886696815491,22.666976928710938,0.25133827328681946,0.2219424843788147,0.7416501045227051,0.728359043598175,22.83700942993164,0.6683590412139893,0.02194248139858246,11.16299057006836,72,stage2,72,0.02,1.0
144.02725219726562,141.5616455078125,2.465599775314331,suppress_attn_ca,nan,141.5616455078125,326.3353271484375,184.773681640625,0.5662080267410905,0.161766916513443,0.0017669200897216797,2.525418519973755,0.0,0.7478895783424377,22.731689453125,0.2523370385169983,0.22288908064365387,0.742942750453949,0.695143461227417,22.906312942504883,0.6351434588432312,0.02288907766342163,11.093687057495117,73,stage2,73,0.02,0.9999999403953552
143.77740478515625,141.41709899902344,2.360306739807129,suppress_attn_ca,nan,141.41709899902344,326.3353271484375,184.91822814941406,0.5666509653283778,0.11655332148075104,0.0,2.413353443145752,0.0,0.7293285727500916,22.78467559814453,0.25284290313720703,0.22360306978225708,0.7449110746383667,0.6959578990936279,22.965490341186523,0.6359578967094421,0.02360306680202484,11.034509658813477,74,stage2,74,0.02,0.9999999403953552
142.3775177001953,140.2035675048828,2.1739556789398193,suppress_attn_ca,nan,140.2035675048828,326.3353271484375,186.1317596435547,0.5703696295157479,0.15255272388458252,0.0,2.3842272758483887,0.0,0.7119691967964172,22.790504455566406,0.25073325634002686,0.22173956036567688,0.7456749677658081,0.6943543553352356,22.975942611694336,0.6343543529510498,0.02173955738544464,11.024057388305664,75,stage2,75,0.02,0.9999998807907104
145.1488800048828,138.8671875,6.281689167022705,suppress_attn_ca,nan,138.8671875,326.3353271484375,187.4681396484375,0.5744647424064063,0.20213064551353455,0.04213064908981323,2.40065860748291,0.0,0.6988154053688049,22.75942039489746,0.2493041455745697,0.22068624198436737,0.7448552846908569,0.6874110698699951,22.94723129272461,0.6274110674858093,0.020686239004135132,11.05276870727539,76,stage2,76,0.02,1.0
143.28175354003906,138.61485290527344,4.66689920425415,suppress_attn_ca,nan,138.61485290527344,326.3353271484375,187.72047424316406,0.5752379795454299,0.18568773567676544,0.02568773925304413,2.409642219543457,0.0,0.73783278465271,22.745155334472656,0.24919193983078003,0.22098125517368317,0.7442647814750671,0.7212807536125183,22.933320999145508,0.6612807512283325,0.020981252193450928,11.066679000854492,77,stage2,77,0.02,1.0
140.64527893066406,138.4293670654297,2.2159173488616943,suppress_attn_ca,nan,138.4293670654297,326.3353271484375,187.9059600830078,0.5758063698618096,0.15048664808273315,0.0,2.410752296447754,0.0,0.7216296195983887,22.748619079589844,0.24995297193527222,0.22215917706489563,0.7442058324813843,0.705077588558197,22.93536949157715,0.6450775861740112,0.02215917408466339,11.064630508422852,78,stage2,78,0.02,0.9999998211860657
140.56268310546875,137.2227783203125,3.3399016857147217,suppress_attn_ca,nan,137.2227783203125,326.3353271484375,189.112548828125,0.5795037591566202,0.17278434336185455,0.01278434693813324,2.4173660278320312,0.0,0.717732846736908,22.719852447509766,0.24880176782608032,0.22061467170715332,0.7437159419059753,0.6926108598709106,22.903778076171875,0.6326108574867249,0.02061466872692108,11.096221923828125,79,stage2,79,0.02,1.0
139.0824432373047,137.01097106933594,2.0714685916900635,suppress_attn_ca,nan,137.01097106933594,326.3353271484375,189.32435607910156,0.5801528070327033,0.14067740738391876,0.0,2.4353861808776855,0.0,0.752540111541748,22.667848587036133,0.24902048707008362,0.22071468830108643,0.7434059977531433,0.7201600670814514,22.847530364990234,0.6601600646972656,0.020714685320854187,11.152469635009766,80,stage2,80,0.02,0.9999998807907104
139.5087127685547,136.92236328125,2.5863559246063232,suppress_attn_ca,nan,136.92236328125,326.3353271484375,189.4129638671875,0.5804243307713687,0.16549797356128693,0.005497977137565613,2.4692397117614746,0.0,0.7781344056129456,22.60736083984375,0.24926994740962982,0.22036558389663696,0.7421298027038574,0.749686062335968,22.783409118652344,0.6896860599517822,0.020365580916404724,11.216590881347656,81,stage2,81,0.02,1.0000001192092896
139.0648956298828,136.85031127929688,2.2145912647247314,suppress_attn_ca,nan,136.85031127929688,326.3353271484375,189.48501586914062,0.5806451220739308,0.14789828658103943,0.0,2.513904094696045,0.0,0.7798362970352173,22.573768615722656,0.25095006823539734,0.2221459150314331,0.7418920397758484,0.7333084940910339,22.75262451171875,0.6733084917068481,0.022145912051200867,11.24737548828125,82,stage2,82,0.02,0.9999998807907104
138.8242950439453,135.54428100585938,3.2800137996673584,suppress_attn_ca,nan,135.54428100585938,326.3353271484375,190.79104614257812,0.5846472332914008,0.1701992005109787,0.010199204087257385,2.5641140937805176,0.0,0.7764400839805603,22.525320053100586,0.2515504062175751,0.22260093688964844,0.7410354018211365,0.7280923128128052,22.705341339111328,0.6680923104286194,0.0226009339094162,11.294658660888672,83,stage2,83,0.02,1.0
137.58950805664062,135.27420043945312,2.3153038024902344,suppress_attn_ca,nan,135.27420043945312,326.3353271484375,191.06112670898438,0.5854748499909663,0.14279773831367493,0.0,2.6167542934417725,0.0,0.7576905488967896,22.50239372253418,0.2519950866699219,0.2231530398130417,0.7404575347900391,0.7411385178565979,22.68444061279297,0.6811385154724121,0.023153036832809448,11.315559387207031,84,stage2,84,0.02,0.9999999403953552
136.8169708251953,134.4595489501953,2.3574278354644775,suppress_attn_ca,nan,134.4595489501953,326.3353271484375,191.8757781982422,0.5879712131532888,0.1521792709827423,0.0,2.662893295288086,0.0,0.7759494781494141,22.472803115844727,0.2522158920764923,0.22357428073883057,0.7389699220657349,0.7593974471092224,22.654619216918945,0.6993974447250366,0.023574277758598328,11.345380783081055,85,stage2,85,0.02,1.0
138.35122680664062,133.4837646484375,4.86746883392334,suppress_attn_ca,nan,133.4837646484375,326.3353271484375,192.8515625,0.5909613408550132,0.18445762991905212,0.02445763349533081,2.70188045501709,0.0,0.7902063131332397,22.426416397094727,0.25285905599594116,0.22421705722808838,0.7361723780632019,0.7736542820930481,22.60615348815918,0.7136542797088623,0.02421705424785614,11.39384651184082,86,stage2,86,0.02,0.9999998211860657
134.6542510986328,132.1516571044922,2.502600908279419,suppress_attn_ca,nan,132.1516571044922,326.3353271484375,194.1836700439453,0.5950433615040965,0.14834165573120117,0.0,2.7321557998657227,0.0,0.7411764860153198,22.401084899902344,0.25367867946624756,0.22502601146697998,0.7344159483909607,0.7280923128128052,22.580224990844727,0.6680923104286194,0.02502600848674774,11.419775009155273,87,stage2,87,0.02,0.9999999403953552
133.1508026123047,130.7022705078125,2.4485394954681396,suppress_attn_ca,nan,130.7022705078125,326.3353271484375,195.633056640625,0.5994847641844151,0.15670077502727509,0.0,2.757493495941162,0.0,0.7411764860153198,22.360389709472656,0.25311416387557983,0.2244853973388672,0.73259437084198,0.7280923128128052,22.538406372070312,0.6680923104286194,0.02448539435863495,11.461593627929688,88,stage2,88,0.02,0.9999998807907104
134.12451171875,129.00123596191406,5.123278617858887,suppress_attn_ca,nan,129.00123596191406,326.3353271484375,197.33409118652344,0.604697299893504,0.18587669730186462,0.02587670087814331,2.7930288314819336,0.0,0.7318792343139648,22.311115264892578,0.25358474254608154,0.2253560870885849,0.7299752235412598,0.7185819149017334,22.48786735534668,0.6585819125175476,0.02535608410835266,11.51213264465332,89,stage2,89,0.02,1.0
131.0695037841797,128.35153198242188,2.71797776222229,suppress_attn_ca,nan,128.35153198242188,326.3353271484375,197.98379516601562,0.6066882090150183,0.15063054859638214,0.0,2.828610897064209,0.0,0.7214176654815674,22.258373260498047,0.25543105602264404,0.22717978060245514,0.7278696894645691,0.7119671106338501,22.431917190551758,0.6519671082496643,0.0271797776222229,11.568082809448242,90,stage2,90,0.02,0.9999999403953552
129.7821502685547,126.81674194335938,2.96541166305542,suppress_attn_ca,nan,126.81674194335938,326.3353271484375,199.51858520507812,0.611391316252821,0.15423423051834106,0.0,2.87113618850708,0.0,0.7018537521362305,22.193098068237305,0.2581227719783783,0.22965411841869354,0.7247499823570251,0.7119671106338501,22.36223602294922,0.6519671082496643,0.029654115438461304,11.637763977050781,91,stage2,91,0.02,0.9999999403953552
129.7958221435547,125.13960266113281,4.656225204467773,suppress_attn_ca,nan,125.13960266113281,326.3353271484375,201.1957244873047,0.6165306289251008,0.1750047355890274,0.015004739165306091,2.9238216876983643,0.0,0.6864226460456848,22.12328338623047,0.260303795337677,0.23155751824378967,0.721272885799408,0.7119671106338501,22.288026809692383,0.6519671082496643,0.031557515263557434,11.711973190307617,92,stage2,92,0.02,0.9999999403953552
128.11056518554688,124.72547912597656,3.3850908279418945,suppress_attn_ca,nan,124.72547912597656,326.3353271484375,201.60984802246094,0.617799641197768,0.13508424162864685,0.0,2.980612277984619,0.0,0.6872235536575317,22.081947326660156,0.26246780157089233,0.23385091125965118,0.7195641398429871,0.7119671106338501,22.2447509765625,0.6519671082496643,0.033850908279418945,11.7552490234375,93,stage2,93,0.02,1.0
128.5705108642578,124.30599975585938,4.264513969421387,suppress_attn_ca,nan,124.30599975585938,326.3353271484375,202.02932739257812,0.6190850655304098,0.16607236862182617,0.006072372198104858,3.0386900901794434,0.0,0.6844574213027954,22.026765823364258,0.26482269167900085,0.2365727722644806,0.7168936133384705,0.7119671106338501,22.18682098388672,0.6519671082496643,0.03657276928424835,11.813179016113281,94,stage2,94,0.02,1.0
127.42385864257812,123.5331039428711,3.8907573223114014,suppress_attn_ca,nan,123.5331039428711,326.3353271484375,202.8022232055664,0.6214534754103389,0.15047180652618408,0.0,3.0870373249053955,0.0,0.6885221004486084,21.99765968322754,0.2664792239665985,0.2389075756072998,0.7151453495025635,0.7119671106338501,22.157119750976562,0.6519671082496643,0.038907572627067566,11.842880249023438,95,stage2,95,0.02,1.0
125.83423614501953,121.84807586669922,3.986163377761841,suppress_attn_ca,nan,121.84807586669922,326.3353271484375,204.48725128173828,0.6266169619715269,0.15519148111343384,0.0,3.1345763206481934,0.0,0.6984904408454895,21.95623779296875,0.2671586871147156,0.2398616373538971,0.7130352854728699,0.7171293497085571,22.114526748657227,0.6571293473243713,0.039861634373664856,11.885473251342773,96,stage2,96,0.02,1.0
125.10671997070312,120.08748626708984,5.019230842590332,suppress_attn_ca,nan,120.08748626708984,326.3353271484375,206.24784088134766,0.632011994176571,0.16913539171218872,0.009135395288467407,3.1921424865722656,0.0,0.705982506275177,21.90372657775879,0.2682744264602661,0.2410569190979004,0.7096042037010193,0.7216150760650635,22.060441970825195,0.6616150736808777,0.04105691611766815,11.939558029174805,97,stage2,97,0.02,0.9999999403953552
126.7462158203125,118.00357055664062,8.742647171020508,suppress_attn_ca,nan,118.00357055664062,326.3353271484375,208.33175659179688,0.6383978051418095,0.14084282517433167,0.0,3.245959997177124,0.0459599494934082,0.7231079936027527,21.852209091186523,0.2686680555343628,0.24146652221679688,0.7069990634918213,0.7311066389083862,22.00660514831543,0.6711066365242004,0.041466519236564636,11.99339485168457,98,stage2,98,0.02,0.9999999403953552
123.5890884399414,119.19242858886719,4.396657466888428,suppress_attn_ca,nan,119.19242858886719,326.3353271484375,207.1428985595703,0.6347547486495353,0.15760642290115356,0.0,2.7205657958984375,0.0,0.7339834570884705,21.913349151611328,0.27044880390167236,0.24396657943725586,0.705689549446106,0.7363344430923462,22.06521987915039,0.6763344407081604,0.04396657645702362,11.93478012084961,99,stage2,99,0.02,0.9999999403953552
125.01395416259766,117.83174896240234,7.182206153869629,suppress_attn_ca,nan,117.83174896240234,326.3353271484375,208.50357818603516,0.6389243236641519,0.1852944791316986,0.025294482707977295,2.4180362224578857,0.0,0.738778829574585,21.939067840576172,0.27254676818847656,0.24652758240699768,0.7038118243217468,0.7336634397506714,22.088699340820312,0.6736634373664856,0.04652757942676544,11.911300659179688,100,stage2,100,0.02,1.0000001192092896
121.37592315673828,116.62574768066406,4.7501726150512695,suppress_attn_ca,nan,116.62574768066406,326.3353271484375,209.70957946777344,0.642619912775746,0.15201130509376526,0.0,2.2801334857940674,0.0,0.735742449760437,21.965246200561523,0.27333781123161316,0.24750173091888428,0.704105019569397,0.7172476053237915,22.114734649658203,0.6572476029396057,0.04750172793865204,11.885265350341797,101,stage2,101,0.02,1.0
119.07926177978516,114.08457946777344,4.994679927825928,suppress_attn_ca,nan,114.08457946777344,326.3353271484375,212.25074768066406,0.6504068975165515,0.16172760725021362,0.0017276108264923096,2.240489959716797,0.0,0.733579695224762,21.950719833374023,0.2740646004676819,0.24821919202804565,0.70332932472229,0.7119671106338501,22.098255157470703,0.6519671082496643,0.048219189047813416,11.901744842529297,102,stage2,102,0.02,0.9999998807907104
118.30213928222656,113.42372131347656,4.878415107727051,suppress_attn_ca,nan,113.42372131347656,326.3353271484375,212.91160583496094,0.6524319867401778,0.13819527626037598,0.0,2.2462475299835205,0.0,0.7073136568069458,21.936609268188477,0.27502933144569397,0.2487841546535492,0.7032510638237,0.7119671106338501,22.08316993713379,0.6519671082496643,0.048784151673316956,11.916830062866211,103,stage2,103,0.02,1.0
116.18107604980469,111.20066833496094,4.980410575866699,suppress_attn_ca,nan,111.20066833496094,326.3353271484375,215.13465881347656,0.6592441605797095,0.15762072801589966,0.0,2.278870105743408,0.0,0.708927571773529,21.904827117919922,0.27622169256210327,0.24980410933494568,0.7020766139030457,0.7119671106338501,22.050609588623047,0.6519671082496643,0.04980410635471344,11.949390411376953,104,stage2,104,0.02,1.0
118.20036315917969,110.15434265136719,8.046024322509766,suppress_attn_ca,nan,110.15434265136719,326.3353271484375,216.1809844970703,0.662450450541439,0.18951141834259033,0.02951142191886902,2.325639009475708,0.0,0.716083824634552,21.855770111083984,0.2773990333080292,0.25094881653785706,0.7000116109848022,0.7119671106338501,22.000150680541992,0.6519671082496643,0.05094881355762482,11.999849319458008,105,stage2,105,0.02,0.9999998807907104
114.14604187011719,107.22312927246094,6.922911167144775,suppress_attn_ca,nan,107.22312927246094,326.3353271484375,219.11219787597656,0.6714326634220351,0.17689400911331177,0.016894012689590454,2.369678258895874,0.0,0.7194515466690063,21.81381607055664,0.27847182750701904,0.2523351013660431,0.6979931592941284,0.7119671106338501,21.95721435546875,0.6519671082496643,0.05233509838581085,12.04278564453125,106,stage2,106,0.02,0.9999999403953552
113.19804382324219,107.91500091552734,5.283044338226318,suppress_attn_ca,nan,107.91500091552734,326.3353271484375,218.42032623291016,0.6693125385519756,0.15256726741790771,0.0,2.414585590362549,0.0,0.7177076935768127,21.767391204833984,0.27881473302841187,0.252830445766449,0.6959284543991089,0.7119671106338501,21.90749740600586,0.6519671082496643,0.052830442786216736,12.09250259399414,107,stage2,107,0.02,0.9999999403953552
111.24810791015625,104.77268981933594,6.475417137145996,suppress_attn_ca,nan,104.77268981933594,326.3353271484375,221.56263732910156,0.6789416250613932,0.1707386076450348,0.010738611221313477,2.4550375938415527,0.0,0.713190495967865,21.720184326171875,0.2795368731021881,0.25401556491851807,0.6937230825424194,0.7119671106338501,21.856365203857422,0.6519671082496643,0.05401556193828583,12.143634796142578,108,stage2,108,0.02,0.9999999403953552
112.22810363769531,106.65303802490234,5.5750651359558105,suppress_attn_ca,nan,106.65303802490234,326.3353271484375,219.68228912353516,0.6731796126492001,0.15968406200408936,0.0,2.493103265762329,0.0,0.7128607034683228,21.678680419921875,0.2806962728500366,0.2557506561279297,0.692296028137207,0.7119671106338501,21.811038970947266,0.6519671082496643,0.05575065314769745,12.188961029052734,109,stage2,109,0.02,0.9999999403953552
113.56353759765625,105.95249938964844,7.6110405921936035,suppress_attn_ca,nan,105.95249938964844,326.3353271484375,220.38282775878906,0.6753262960664547,0.17783692479133606,0.017836928367614746,2.531029224395752,0.0,0.7255839705467224,21.62156105041504,0.2825849652290344,0.25827348232269287,0.689982533454895,0.7288378477096558,21.75023651123047,0.66883784532547,0.05827347934246063,12.249763488769531,110,stage2,110,0.02,1.0000001192092896
110.07341766357422,102.86674499511719,7.206673622131348,suppress_attn_ca,nan,102.86674499511719,326.3353271484375,223.4685821533203,0.6847820740280226,0.17311137914657593,0.013111382722854614,2.573596477508545,0.0,0.7342190146446228,21.58167839050293,0.2831933796405792,0.25895535945892334,0.6886129379272461,0.7462239265441895,21.70862579345703,0.6862239241600037,0.0589553564786911,12.291374206542969,111,stage2,111,0.02,1.0
107.35624694824219,101.5130615234375,5.843184947967529,suppress_attn_ca,nan,101.5130615234375,326.3353271484375,224.822265625,0.68893021049706,0.13458576798439026,0.0,2.6157736778259277,0.0,0.7358073592185974,21.563356399536133,0.2826429605484009,0.2584318518638611,0.6890015602111816,0.7498631477355957,21.691482543945312,0.6898631453514099,0.058431848883628845,12.308517456054688,112,stage2,112,0.02,1.0
105.58026123046875,99.68309020996094,5.897174835205078,suppress_attn_ca,nan,99.68309020996094,326.3353271484375,226.65223693847656,0.6945378513536816,0.15229222178459167,0.0,2.658318042755127,0.0,0.7401344180107117,21.530115127563477,0.28254732489585876,0.2589717507362366,0.6883355975151062,0.7541848421096802,21.659299850463867,0.6941848397254944,0.058971747756004333,12.340700149536133,113,stage2,113,0.02,0.9999999403953552
108.19084167480469,98.94811248779297,9.242730140686035,suppress_attn_ca,nan,98.94811248779297,326.3353271484375,227.38721466064453,0.6967900675896322,0.19190868735313416,0.03190869092941284,2.706637144088745,0.0,0.749237060546875,21.487390518188477,0.28383785486221313,0.2605186104774475,0.6869590282440186,0.7583446502685547,21.617277145385742,0.6983446478843689,0.06051860749721527,12.382722854614258,114,stage2,114,0.02,0.9999998807907104
105.35102844238281,98.26210021972656,7.088925361633301,suppress_attn_ca,nan,98.26210021972656,326.3353271484375,228.07322692871094,0.6988922373855317,0.16972824931144714,0.00972825288772583,2.752446174621582,0.0,0.7426530122756958,21.441490173339844,0.2847200930118561,0.2611609995365143,0.6854330897331238,0.7549014091491699,21.571428298950195,0.6949014067649841,0.06116099655628204,12.428571701049805,115,stage2,115,0.02,0.9999998807907104
102.10023498535156,95.97386169433594,6.126375675201416,suppress_attn_ca,nan,95.97386169433594,326.3353271484375,230.36146545410156,0.7059041614250943,0.14495205879211426,0.0,2.7897934913635254,0.0,0.739062488079071,21.40534210205078,0.28522366285324097,0.26126375794410706,0.684043288230896,0.7430483102798462,21.53581428527832,0.6830483078956604,0.06126375496387482,12.46418571472168,116,stage2,116,0.02,1.0
102.66547393798828,95.59578704833984,7.069687843322754,suppress_attn_ca,nan,95.59578704833984,326.3353271484375,230.73954010009766,0.707062707909472,0.16987892985343933,0.009878933429718018,2.817657947540283,0.0,0.7343657612800598,21.363628387451172,0.2851846218109131,0.2608179450035095,0.6821331977844238,0.7342919111251831,21.493083953857422,0.6742919087409973,0.06081794202327728,12.506916046142578,117,stage2,117,0.02,1.0
99.97298431396484,93.69940185546875,6.273582935333252,suppress_attn_ca,nan,93.69940185546875,326.3353271484375,232.63592529296875,0.7128738629855772,0.16189084947109222,0.0018908530473709106,2.837794542312622,0.0,0.7319831252098083,21.340675354003906,0.2854679226875305,0.26084497570991516,0.6813919544219971,0.733156681060791,21.46976661682129,0.6731566786766052,0.06084497272968292,12.530233383178711,118,stage2,118,0.02,1.0
98.4616928100586,92.4021224975586,6.059573650360107,suppress_attn_ca,nan,92.4021224975586,326.3353271484375,233.9332046508789,0.7168491584868212,0.12794983386993408,0.0,2.852161407470703,0.0,0.741809070110321,21.335960388183594,0.2855485677719116,0.26059573888778687,0.6821584701538086,0.7398790121078491,21.465869903564453,0.6798790097236633,0.060595735907554626,12.534130096435547,119,stage2,119,0.02,1.0
99.88968658447266,93.89391326904297,5.99576997756958,suppress_attn_ca,nan,93.89391326904297,326.3353271484375,232.44141387939453,0.7122778153088702,0.15200111269950867,0.0,2.8809847831726074,0.0,0.7525673508644104,21.309646606445312,0.28523945808410645,0.2599577009677887,0.6821689605712891,0.746222972869873,21.439369201660156,0.6862229704856873,0.05995769798755646,12.560630798339844,120,stage2,120,0.02,1.0
101.11420440673828,92.29671478271484,8.817492485046387,suppress_attn_ca,nan,92.29671478271484,326.3353271484375,234.03861236572266,0.7171721627896799,0.18744829297065735,0.027448296546936035,2.913560628890991,0.0,0.7659153342247009,21.27959442138672,0.2860029339790344,0.2607266306877136,0.6814011335372925,0.7564805746078491,21.40840721130371,0.6964805722236633,0.060726627707481384,12.591592788696289,121,stage2,121,0.02,1.0
100.1994857788086,91.91709899902344,8.282388687133789,suppress_attn_ca,nan,91.91709899902344,326.3353271484375,234.41822814941406,0.7183354318326258,0.1823441982269287,0.022344201803207397,2.9488492012023926,0.0,0.781457245349884,21.259098052978516,0.2859361171722412,0.2604796886444092,0.6815022826194763,0.7722734212875366,21.386850357055664,0.7122734189033508,0.06047968566417694,12.613149642944336,122,stage2,122,0.02,1.0
95.76909637451172,89.25944519042969,6.509654521942139,suppress_attn_ca,nan,89.25944519042969,326.3353271484375,237.0758819580078,0.7264793671883738,0.16507935523986816,0.005079358816146851,2.992131233215332,0.0,0.7912195324897766,21.233238220214844,0.28565433621406555,0.26001718640327454,0.6817412376403809,0.7878371477127075,21.35956573486328,0.7278371453285217,0.0600171834230423,12.640434265136719,123,stage2,123,0.02,1.0
95.789794921875,89.8846435546875,5.905152797698975,suppress_attn_ca,nan,89.8846435546875,326.3353271484375,236.45068359375,0.7245635514238935,0.14087194204330444,0.0,3.0295591354370117,0.0,0.7909608483314514,21.190204620361328,0.28499794006347656,0.25905153155326843,0.6813143491744995,0.7891267538070679,21.31403350830078,0.7291267514228821,0.059051528573036194,12.685966491699219,124,stage2,124,0.02,1.0
93.54925537109375,87.5899658203125,5.959288597106934,suppress_attn_ca,nan,87.5899658203125,326.3353271484375,238.745361328125,0.7315952073418298,0.15607258677482605,0.0,3.068674087524414,0.0,0.795708417892456,21.14128875732422,0.2856607437133789,0.2595928907394409,0.6802009344100952,0.7939398288726807,21.262662887573242,0.7339398264884949,0.05959288775920868,12.737337112426758,125,stage2,125,0.02,1.0
97.23868560791016,87.64412689208984,9.594557762145996,suppress_attn_ca,nan,87.64412689208984,326.3353271484375,238.69120025634766,0.7314292398008633,0.19656452536582947,0.036564528942108154,3.117063522338867,0.0,0.7980164289474487,21.090286254882812,0.2856312096118927,0.2593810558319092,0.6785324811935425,0.7972662448883057,21.209720611572266,0.7372662425041199,0.05938105285167694,12.790279388427734,126,stage2,126,0.02,1.0
93.85079956054688,86.42549896240234,7.425297737121582,suppress_attn_ca,nan,86.42549896240234,326.3353271484375,239.90982818603516,0.7351635211621123,0.17607003450393677,0.016070038080215454,3.1459996700286865,0.0,0.7956387400627136,21.084339141845703,0.2842257022857666,0.25818294286727905,0.6789189577102661,0.7913621664047241,21.205474853515625,0.7313621640205383,0.058182939887046814,12.794525146484375,127,stage2,127,0.02,0.9999999403953552
90.30120086669922,84.56198120117188,5.739219665527344,suppress_attn_ca,nan,84.56198120117188,326.3353271484375,241.77334594726562,0.7408739594941008,0.13016243278980255,0.0,3.1661882400512695,0.0,0.7898503541946411,21.11642837524414,0.2830279469490051,0.25739219784736633,0.6810359954833984,0.7790964841842651,21.241622924804688,0.7190964818000793,0.057392194867134094,12.758377075195312,128,stage2,128,0.02,1.0
89.43041229248047,83.5182113647461,5.912200927734375,suppress_attn_ca,nan,83.5182113647461,326.3353271484375,242.8171157836914,0.7440724174898881,0.16203874349594116,0.0020387470722198486,3.1821439266204834,0.0,0.7865496277809143,21.13263702392578,0.28231382369995117,0.2570832669734955,0.6818188428878784,0.774766206741333,21.260587692260742,0.7147662043571472,0.057083263993263245,12.739412307739258,129,stage2,129,0.02,1.0
88.38378143310547,82.73576354980469,5.648021221160889,suppress_attn_ca,nan,82.73576354980469,326.3353271484375,243.5995635986328,0.7464700978813387,0.14997190237045288,0.0,3.1919915676116943,0.0,0.7913079857826233,21.119014739990234,0.2820516526699066,0.25648021697998047,0.6815606951713562,0.7804186344146729,21.247211456298828,0.7204186320304871,0.05648021399974823,12.752788543701172,130,stage2,130,0.02,1.0
91.32618713378906,83.3067398071289,8.019445419311523,suppress_attn_ca,nan,83.3067398071289,326.3353271484375,243.0285873413086,0.7447204366898474,0.1702364981174469,0.010236501693725586,3.2131733894348145,0.013173341751098633,0.7950041890144348,21.089506149291992,0.2829868793487549,0.2567846179008484,0.6803640723228455,0.7859867811203003,21.21706199645996,0.7259867787361145,0.05678461492061615,12.782938003540039,131,stage2,131,0.02,0.9999999403953552
96.0374755859375,87.7132568359375,8.32421875,suppress_attn_ca,nan,87.7132568359375,326.3353271484375,238.6220703125,0.7312174026563784,0.18536201119422913,0.025362014770507812,2.67103910446167,0.0,0.8026522397994995,21.146644592285156,0.28403955698013306,0.25788018107414246,0.6800945997238159,0.7945058345794678,21.273826599121094,0.734505832195282,0.05788017809391022,12.726173400878906,132,stage2,132,0.02,1.0
92.75013732910156,85.0643539428711,7.685785293579102,suppress_attn_ca,nan,85.0643539428711,326.3353271484375,241.2709732055664,0.7393345222959004,0.1768856942653656,0.016885697841644287,2.3843889236450195,0.0,0.8093671202659607,21.181461334228516,0.28587162494659424,0.25997215509414673,0.6795839071273804,0.8022676706314087,21.307220458984375,0.7422676682472229,0.05997215211391449,12.692779541015625,133,stage2,133,0.02,0.9999999403953552
90.0820541381836,83.97542572021484,6.106625556945801,suppress_attn_ca,nan,83.97542572021484,326.3353271484375,242.35990142822266,0.7426713606093354,0.14771559834480286,0.0,2.269303321838379,0.0,0.8105291128158569,21.211755752563477,0.28674638271331787,0.2610662579536438,0.6805049777030945,0.8074218034744263,21.337509155273438,0.7474218010902405,0.06106625497341156,12.662490844726562,134,stage2,134,0.02,1.0
91.52676391601562,85.24874877929688,6.278018474578857,suppress_attn_ca,nan,85.24874877929688,326.3353271484375,241.08657836914062,0.7387694751769229,0.16088107228279114,0.0008810758590698242,2.253995895385742,0.0,0.8072077035903931,21.21502113342285,0.2873561978340149,0.26189911365509033,0.6805455088615417,0.8074439764022827,21.34023666381836,0.7474439740180969,0.06189911067485809,12.65976333618164,135,stage2,135,0.02,0.9999999403953552
90.3160400390625,84.05061340332031,6.2654242515563965,suppress_attn_ca,nan,84.05061340332031,326.3353271484375,242.2847137451172,0.7424409605366173,0.14717930555343628,0.0,2.279181480407715,0.0,0.8051533699035645,21.210681915283203,0.28757038712501526,0.26265424489974976,0.6807444095611572,0.8077284097671509,21.334548950195312,0.7477284073829651,0.06265424191951752,12.665451049804688,136,stage2,136,0.02,1.0
88.92460632324219,82.65624237060547,6.268365859985352,suppress_attn_ca,nan,82.65624237060547,326.3353271484375,243.67908477783203,0.7467137772276543,0.15886007249355316,0.0,2.3223581314086914,0.0,0.8165646195411682,21.191102981567383,0.28744614124298096,0.2626836597919464,0.6801464557647705,0.807144284248352,21.313987731933594,0.7471442818641663,0.06268365681171417,12.686012268066406,137,stage2,137,0.02,1.0
91.1748046875,83.28710174560547,7.887701511383057,suppress_attn_ca,nan,83.28710174560547,326.3353271484375,243.04822540283203,0.7447806142430871,0.17663255333900452,0.016632556915283203,2.371201992034912,0.0,0.825331449508667,21.16844940185547,0.28714340925216675,0.26224446296691895,0.6791625022888184,0.8049447536468506,21.290645599365234,0.7449447512626648,0.06224445998668671,12.709354400634766,138,stage2,138,0.02,0.9999999403953552
87.8223876953125,81.60614013671875,6.216250419616699,suppress_attn_ca,nan,81.60614013671875,326.3353271484375,244.72918701171875,0.749931639795776,0.1555996835231781,0.0,2.4264914989471436,0.0,0.824265718460083,21.14672088623047,0.2872447669506073,0.2621625065803528,0.6781792044639587,0.8014661073684692,21.267791748046875,0.7414661049842834,0.062162503600120544,12.732208251953125,139,stage2,139,0.02,1.0
87.23873901367188,81.06322479248047,6.175510406494141,suppress_attn_ca,nan,81.06322479248047,326.3353271484375,245.27210235595703,0.7515953130149226,0.15911945700645447,0.0,2.471712827682495,0.0,0.8244336843490601,21.121150970458984,0.2868175208568573,0.261755108833313,0.6768100261688232,0.8013894557952881,21.240617752075195,0.7413894534111023,0.06175510585308075,12.759382247924805,140,stage2,140,0.02,0.9999999403953552
89.05278778076172,81.5436019897461,7.509183883666992,suppress_attn_ca,nan,81.5436019897461,326.3353271484375,244.7917251586914,0.7501232774818307,0.17220191657543182,0.01220192015171051,2.5171072483062744,0.0,0.8252581357955933,21.088998794555664,0.2877447009086609,0.26288992166519165,0.675145149230957,0.803816556930542,21.207042694091797,0.7438165545463562,0.06288991868495941,12.792957305908203,141,stage2,141,0.02,1.0
87.45673370361328,81.06350708007812,6.393228530883789,suppress_attn_ca,nan,81.06350708007812,326.3353271484375,245.27182006835938,0.7515944479918185,0.13962098956108093,0.0,2.561727523803711,0.0,0.819110631942749,21.060571670532227,0.2886837124824524,0.2639322876930237,0.673907458782196,0.8086603879928589,21.178234100341797,0.7486603856086731,0.06393228471279144,12.821765899658203,142,stage2,142,0.02,1.0000001192092896
86.79236602783203,80.30732727050781,6.485037326812744,suppress_attn_ca,nan,80.30732727050781,326.3353271484375,246.0279998779297,0.7539116344765853,0.14793214201927185,0.0,2.601003885269165,0.0,0.8169863224029541,21.023117065429688,0.28962814807891846,0.264850378036499,0.6719615459442139,0.8134616613388062,21.13996696472168,0.7534616589546204,0.06485037505626678,12.86003303527832,143,stage2,143,0.02,1.0000001192092896
87.4891586303711,79.6158676147461,7.873289585113525,suppress_attn_ca,nan,79.6158676147461,326.3353271484375,246.7194595336914,0.7560304968804928,0.17279958724975586,0.012799590826034546,2.643376588821411,0.0,0.8183424472808838,20.980615615844727,0.29062509536743164,0.2659333050251007,0.6694865226745605,0.817292332649231,21.096771240234375,0.7572923302650452,0.06593330204486847,12.903228759765625,144,stage2,144,0.02,1.0
86.76763153076172,80.27247619628906,6.4951581954956055,suppress_attn_ca,nan,80.27247619628906,326.3353271484375,246.06285095214844,0.7540184297614332,0.14870715141296387,0.0,2.6693592071533203,0.0,0.8252556324005127,20.969276428222656,0.2896995544433594,0.26495158672332764,0.6691497564315796,0.8228157758712769,21.086669921875,0.7628157734870911,0.0649515837430954,12.913330078125,145,stage2,145,0.02,0.9999999403953552
85.21762084960938,78.48955535888672,6.728063583374023,suppress_attn_ca,nan,78.48955535888672,326.3353271484375,247.84577178955078,0.7594818923077096,0.16287806630134583,0.0028780698776245117,2.6947126388549805,0.0,0.8347063660621643,20.953086853027344,0.2894088625907898,0.2644025683403015,0.668357253074646,0.8288376331329346,21.070701599121094,0.7688376307487488,0.06440256536006927,12.929298400878906,146,stage2,146,0.02,1.0
84.03923797607422,77.67929077148438,6.359945297241211,suppress_attn_ca,nan,77.67929077148438,326.3353271484375,248.65603637695312,0.7619648125434149,0.1435977667570114,0.0,2.7117056846618652,0.0,0.8486319780349731,20.95264434814453,0.2888031601905823,0.2635994553565979,0.6695513725280762,0.8334919214248657,21.071977615356445,0.7734919190406799,0.06359945237636566,12.928022384643555,147,stage2,147,0.02,0.9999998211860657
88.54988098144531,80.89411163330078,7.655766487121582,suppress_attn_ca,nan,80.89411163330078,326.3353271484375,245.44121551513672,0.7521135319912664,0.17441774904727936,0.014417752623558044,2.7375478744506836,0.0,0.852153480052948,20.938182830810547,0.2875438332557678,0.2621399164199829,0.6705920100212097,0.8306593894958496,21.05862808227539,0.7706593871116638,0.06213991343975067,12.94137191772461,148,stage2,148,0.02,1.0
87.15433502197266,78.73869323730469,8.415643692016602,suppress_attn_ca,nan,78.73869323730469,326.3353271484375,247.5966339111328,0.7587184509708645,0.1820249855518341,0.022024989128112793,2.7661290168762207,0.0,0.8506783246994019,20.92258644104004,0.2877064347267151,0.2621314525604248,0.6708115339279175,0.8268924951553345,21.04299545288086,0.7668924927711487,0.062131449580192566,12.95700454711914,149,stage2,149,0.02,0.9999999403953552
83.17534637451172,76.88082122802734,6.294526100158691,suppress_attn_ca,nan,76.88082122802734,326.3353271484375,249.45450592041016,0.7644115888407718,0.16117388010025024,0.0011738836765289307,2.801384449005127,0.0,0.846493661403656,20.903606414794922,0.2875911295413971,0.26177138090133667,0.6708468794822693,0.8275580406188965,21.022171020507812,0.7675580382347107,0.06177137792110443,12.977828979492188,150,stage2,150,0.02,0.9999999403953552
82.98552703857422,76.95531463623047,6.03021240234375,suppress_attn_ca,nan,76.95531463623047,326.3353271484375,249.38001251220703,0.7641833162573097,0.13247616589069366,0.0,2.8338801860809326,0.0,0.8326101303100586,20.888980865478516,0.28659898042678833,0.2603021264076233,0.6718279719352722,0.8259174823760986,21.00580596923828,0.7659174799919128,0.06030212342739105,12.994194030761719,151,stage2,151,0.02,0.9999999403953552
83.42546844482422,76.25578308105469,7.169683456420898,suppress_attn_ca,nan,76.25578308105469,326.3353271484375,250.0795440673828,0.766326913646193,0.17176568508148193,0.01176568865776062,2.869866371154785,0.0,0.8150631189346313,20.860427856445312,0.2867414355278015,0.25993114709854126,0.6718579530715942,0.8187292814254761,20.974853515625,0.7587292790412903,0.05993114411830902,13.025146484375,152,stage2,152,0.02,1.0
82.50224304199219,76.21485137939453,6.287388801574707,suppress_attn_ca,nan,76.21485137939453,326.3353271484375,250.12047576904297,0.7664523419962825,0.16346392035484314,0.003463923931121826,2.9022514820098877,0.0,0.8045622706413269,20.835134506225586,0.28627389669418335,0.25940996408462524,0.6727298498153687,0.812471866607666,20.949323654174805,0.7524718642234802,0.059409961104393005,13.050676345825195,153,stage2,153,0.02,1.0
80.53943634033203,74.63561248779297,5.903826713562012,suppress_attn_ca,nan,74.63561248779297,326.3353271484375,251.69971466064453,0.7712916553044713,0.13797879219055176,0.0,2.9334628582000732,0.0,0.8205593824386597,20.83401107788086,0.28568094968795776,0.2590382695198059,0.6742614507675171,0.8086549043655396,20.95012664794922,0.7486549019813538,0.05903826653957367,13.049873352050781,154,stage2,154,0.02,1.0
81.69053649902344,75.74784851074219,5.942691802978516,suppress_attn_ca,nan,75.74784851074219,326.3353271484375,250.5874786376953,0.7678833941374439,0.1606254279613495,0.0006254315376281738,2.955904245376587,0.0,0.820665717124939,20.82331657409668,0.2850222587585449,0.25880149006843567,0.6747555732727051,0.8041136860847473,20.940479278564453,0.7441136837005615,0.05880148708820343,13.059520721435547,155,stage2,155,0.02,1.0
80.73240661621094,74.79086303710938,5.94154167175293,suppress_attn_ca,nan,74.79086303710938,326.3353271484375,251.54446411132812,0.770815915976238,0.1486208438873291,0.0,2.9752705097198486,0.0,0.8023985028266907,20.80284309387207,0.2851771414279938,0.2594154179096222,0.6748417615890503,0.7977621555328369,20.92059898376465,0.7377621531486511,0.059415414929389954,13.079401016235352,156,stage2,156,0.02,1.0
79.23794555664062,72.91404724121094,6.32389497756958,suppress_attn_ca,nan,72.91404724121094,326.3353271484375,253.42127990722656,0.7765671039101288,0.16405846178531647,0.004058465361595154,2.9926581382751465,0.0,0.8026718497276306,20.78424072265625,0.28483229875564575,0.25918048620224,0.6743156313896179,0.7933722734451294,20.902097702026367,0.7333722710609436,0.05918048322200775,13.097902297973633,157,stage2,157,0.02,1.0000001192092896
78.8331527709961,73.08560180664062,5.747549057006836,suppress_attn_ca,nan,73.08560180664062,326.3353271484375,253.24972534179688,0.776041403652885,0.13322758674621582,0.0,3.0101842880249023,0.0,0.8014200925827026,20.78020477294922,0.28335678577423096,0.25747549533843994,0.6746379137039185,0.793075680732727,20.898178100585938,0.7330756783485413,0.0574754923582077,13.101821899414062,158,stage2,158,0.02,0.9999998807907104
78.56092834472656,72.94612884521484,5.614797592163086,suppress_attn_ca,nan,72.94612884521484,326.3353271484375,253.38919830322266,0.7764687952033019,0.1488986313343048,0.0,3.0291290283203125,0.0,0.8014333248138428,20.772382736206055,0.2826094925403595,0.25614798069000244,0.6741618514060974,0.7928346395492554,20.89014434814453,0.7328346371650696,0.0561479777097702,13.109855651855469,159,stage2,159,0.02,1.0000001192092896
80.05562591552734,72.52190399169922,7.533721446990967,suppress_attn_ca,nan,72.52190399169922,326.3353271484375,253.81342315673828,0.777768761275693,0.17955031991004944,0.019550323486328125,3.055156946182251,0.0,0.8015660643577576,20.757844924926758,0.2825974225997925,0.2557868957519531,0.6726642847061157,0.7923338413238525,20.875244140625,0.7323338389396667,0.055786892771720886,13.124755859375,160,stage2,160,0.02,1.0
76.90663146972656,71.37361907958984,5.533011436462402,suppress_attn_ca,nan,71.37361907958984,326.3353271484375,254.96170806884766,0.78128748823101,0.15303373336791992,0.0,3.0743520259857178,0.0,0.8065206408500671,20.752058029174805,0.2826232612133026,0.2553301155567169,0.6723662614822388,0.7955231666564941,20.86970329284668,0.7355231642723083,0.05533011257648468,13.13029670715332,161,stage2,161,0.02,0.9999999403953552
76.0167007446289,70.57077026367188,5.445931911468506,suppress_attn_ca,nan,70.57077026367188,326.3353271484375,255.76455688476562,0.7837476840759814,0.1561959683895111,0.0,3.1031360626220703,0.0,0.8148778676986694,20.739540100097656,0.2818605899810791,0.25445932149887085,0.6722880601882935,0.7999134063720703,20.856380462646484,0.7399134039878845,0.05445931851863861,13.143619537353516,162,stage2,162,0.02,0.9999999403953552
77.99713897705078,71.16961669921875,6.8275227546691895,suppress_attn_ca,nan,71.16961669921875,326.3353271484375,255.16571044921875,0.7819126193872158,0.17430391907691956,0.014303922653198242,3.139038562774658,0.0,0.8256916999816895,20.72589111328125,0.281133234500885,0.25397130846977234,0.6716361045837402,0.8068642616271973,20.841951370239258,0.7468642592430115,0.0539713054895401,13.158048629760742,163,stage2,163,0.02,1.0
74.78860473632812,69.36788940429688,5.420712947845459,suppress_attn_ca,nan,69.36788940429688,326.3353271484375,256.9674377441406,0.7874337111754252,0.15368282794952393,0.0,3.1680893898010254,0.0,0.8374180197715759,20.72759246826172,0.281055212020874,0.25420713424682617,0.671947717666626,0.8135840892791748,20.843475341796875,0.753584086894989,0.05420713126659393,13.156524658203125,164,stage2,164,0.02,1.0
76.0744400024414,70.70429992675781,5.370141506195068,suppress_attn_ca,nan,70.70429992675781,326.3353271484375,255.6310272216797,0.7833385047687554,0.1555352509021759,0.0,3.1900644302368164,0.0,0.8448607921600342,20.726856231689453,0.2809489965438843,0.25370141863822937,0.671358585357666,0.8157467842102051,20.84242820739746,0.7557467818260193,0.05370141565799713,13.157571792602539,165,stage2,165,0.02,1.0000001192092896
77.31587219238281,69.90946197509766,7.406413555145264,suppress_attn_ca,nan,69.90946197509766,326.3353271484375,256.42586517333984,0.7857741526607737,0.1665182262659073,0.006518229842185974,3.2134857177734375,0.01348567008972168,0.8506641387939453,20.71628761291504,0.2814885973930359,0.2540602385997772,0.6699035167694092,0.8170826435089111,20.831260681152344,0.7570826411247253,0.05406023561954498,13.168739318847656,166,stage2,166,0.02,1.0
79.49535369873047,73.71688842773438,5.778463363647461,suppress_attn_ca,nan,73.71688842773438,326.3353271484375,252.61843872070312,0.7741069314441603,0.1621616780757904,0.002161681652069092,2.6633689403533936,0.0,0.8584890961647034,20.794998168945312,0.2826685607433319,0.2556229531764984,0.6698514819145203,0.8212242126464844,20.909069061279297,0.7612242102622986,0.055622950196266174,13.090930938720703,167,stage2,167,0.02,0.9999999403953552
76.86969757080078,71.05254364013672,5.817155361175537,suppress_attn_ca,nan,71.05254364013672,326.3353271484375,255.28278350830078,0.782271370185375,0.14805695414543152,0.0,2.4089243412017822,0.0,0.8644664287567139,20.85400390625,0.2846525311470032,0.25817155838012695,0.6708306074142456,0.8269968032836914,20.96784210205078,0.7669968008995056,0.058171555399894714,13.032157897949219,168,stage2,168,0.02,0.9999999403953552
77.23448181152344,71.18031311035156,6.054170608520508,suppress_attn_ca,nan,71.18031311035156,326.3353271484375,255.15501403808594,0.7818798420252725,0.1609114408493042,0.0009114444255828857,2.3068220615386963,0.0,0.8656660318374634,20.883007049560547,0.2857176661491394,0.2596302628517151,0.670997142791748,0.8271781206130981,20.996383666992188,0.7671781182289124,0.05963025987148285,13.003616333007812,169,stage2,169,0.02,1.0
77.1615982055664,71.16339111328125,5.998210430145264,suppress_attn_ca,nan,71.16339111328125,326.3353271484375,255.17193603515625,0.7819316966535108,0.1327880620956421,0.0,2.3085246086120605,0.0,0.8607103228569031,20.915861129760742,0.28590261936187744,0.2599821090698242,0.6723105311393738,0.8223659992218018,21.029014587402344,0.762365996837616,0.05998210608959198,12.970985412597656,170,stage2,170,0.02,1.0
77.96570587158203,72.00218200683594,5.963520526885986,suppress_attn_ca,nan,72.00218200683594,326.3353271484375,254.33314514160156,0.7793613623262894,0.14698386192321777,0.0,2.359403133392334,0.0,0.854408860206604,20.924034118652344,0.2856026887893677,0.25963521003723145,0.6728730201721191,0.8153297901153564,21.03603744506836,0.7553297877311707,0.05963520705699921,12.96396255493164,171,stage2,171,0.02,1.0
77.20100402832031,69.78531646728516,7.415689468383789,suppress_attn_ca,nan,69.78531646728516,326.3353271484375,256.55001068115234,0.7861545757945401,0.1739218831062317,0.013921886682510376,2.4197731018066406,0.0,0.8482234477996826,20.913719177246094,0.2860826253890991,0.2602350115776062,0.6725281476974487,0.8085553646087646,21.024127960205078,0.7485553622245789,0.06023500859737396,12.975872039794922,172,stage2,172,0.02,1.0
76.3011474609375,70.35043334960938,5.950711727142334,suppress_attn_ca,nan,70.35043334960938,326.3353271484375,255.98489379882812,0.7844228696772089,0.14996542036533356,0.0,2.4670748710632324,0.0,0.8490830659866333,20.901020050048828,0.2856127619743347,0.25950711965560913,0.6729382276535034,0.8110344409942627,21.010929107666016,0.7510344386100769,0.05950711667537689,12.989070892333984,173,stage2,173,0.02,1.0
75.91448974609375,69.33950805664062,6.574980735778809,suppress_attn_ca,nan,69.33950805664062,326.3353271484375,256.9958190917969,0.787520681065888,0.16592535376548767,0.005925357341766357,2.5133485794067383,0.0,0.8489980697631836,20.881755828857422,0.28594353795051575,0.2598244547843933,0.6727852821350098,0.8147239685058594,20.99108123779297,0.7547239661216736,0.05982445180416107,13.008918762207031,174,stage2,174,0.02,1.0
75.35603332519531,69.4250717163086,5.930964469909668,suppress_attn_ca,nan,69.4250717163086,326.3353271484375,256.9102554321289,0.7872584855493449,0.14510048925876617,0.0,2.5415236949920654,0.0,0.8517186641693115,20.862049102783203,0.28530019521713257,0.25930964946746826,0.6731266975402832,0.8198146820068359,20.970935821533203,0.7598146796226501,0.05930964648723602,13.029064178466797,175,stage2,175,0.02,1.0
75.78851318359375,68.83786010742188,6.950651168823242,suppress_attn_ca,nan,68.83786010742188,326.3353271484375,257.4974670410156,0.7890578972588213,0.17063623666763306,0.010636240243911743,2.569669485092163,0.0,0.8530619740486145,20.830690383911133,0.28482741117477417,0.25887027382850647,0.6727792620658875,0.8217811584472656,20.938844680786133,0.7617811560630798,0.05887027084827423,13.061155319213867,176,stage2,176,0.02,1.0
74.39073181152344,68.38675689697266,6.003977298736572,suppress_attn_ca,nan,68.38675689697266,326.3353271484375,257.94857025146484,0.7904402275581212,0.16166061162948608,0.0016606152057647705,2.6071877479553223,0.0,0.8560101985931396,20.805740356445312,0.28404533863067627,0.25837916135787964,0.6736793518066406,0.8245569467544556,20.914201736450195,0.7645569443702698,0.0583791583776474,13.085798263549805,177,stage2,177,0.02,1.0
74.70623016357422,68.94991302490234,5.756317138671875,suppress_attn_ca,nan,68.94991302490234,326.3353271484375,257.38541412353516,0.7887145298445128,0.13647648692131042,0.0,2.646271228790283,0.0,0.8594951629638672,20.791357040405273,0.28325721621513367,0.25756317377090454,0.6750451922416687,0.8246254920959473,20.900253295898438,0.7646254897117615,0.0575631707906723,13.099746704101562,178,stage2,178,0.02,0.9999999403953552
74.0066909790039,67.63137817382812,6.375311374664307,suppress_attn_ca,nan,67.63137817382812,326.3353271484375,258.7039489746094,0.7927549592475926,0.16618481278419495,0.006184816360473633,2.6916213035583496,0.0,0.8581627607345581,20.76381492614746,0.283511757850647,0.2575682997703552,0.6749312281608582,0.8163330554962158,20.872182846069336,0.75633305311203,0.057568296790122986,13.127817153930664,179,stage2,179,0.02,1.0
73.92290496826172,68.05023193359375,5.872671127319336,suppress_attn_ca,nan,68.05023193359375,326.3353271484375,258.28509521484375,0.7914714519931816,0.16197779774665833,0.0019778013229370117,2.730841636657715,0.0,0.8608488440513611,20.742656707763672,0.2833992540836334,0.25674891471862793,0.6749474406242371,0.8154875040054321,20.849868774414062,0.7554875016212463,0.05674891173839569,13.150131225585938,180,stage2,180,0.02,1.0
73.08622741699219,67.50907135009766,5.577157497406006,suppress_attn_ca,nan,67.50907135009766,326.3353271484375,258.82625579833984,0.7931297480416812,0.13947615027427673,0.0,2.7527308464050293,0.0,0.8618891835212708,20.73655128479004,0.28283989429473877,0.25577157735824585,0.6752853393554688,0.8165278434753418,20.842809677124023,0.756527841091156,0.05577157437801361,13.157190322875977,181,stage2,181,0.02,0.9999998211860657
73.74072265625,68.28389739990234,5.456827640533447,suppress_attn_ca,nan,68.28389739990234,326.3353271484375,258.05142974853516,0.7907554232740405,0.15696683526039124,0.0,2.7686705589294434,0.0,0.8635033369064331,20.71895980834961,0.2817366421222687,0.25456827878952026,0.6746770739555359,0.8181420564651489,20.8248291015625,0.7581420540809631,0.054568275809288025,13.1751708984375,182,stage2,182,0.02,0.9999999403953552
76.35258483886719,67.27445983886719,9.078125,suppress_attn_ca,nan,67.27445983886719,326.3353271484375,259.0608673095703,0.7938486757571711,0.19515115022659302,0.035151153802871704,2.7858152389526367,0.0,0.8640619516372681,20.689044952392578,0.2824476361274719,0.25563010573387146,0.6730108261108398,0.8187006711959839,20.793455123901367,0.7587006688117981,0.05563010275363922,13.206544876098633,183,stage2,183,0.02,0.9999999403953552
73.35478210449219,66.65352630615234,6.701254844665527,suppress_attn_ca,nan,66.65352630615234,326.3353271484375,259.68180084228516,0.7957514226590792,0.1713004857301712,0.01130048930644989,2.811426877975464,0.0,0.8689106702804565,20.66145896911621,0.2824370861053467,0.2557120621204376,0.6725043058395386,0.8235493898391724,20.765018463134766,0.7635493874549866,0.05571205914020538,13.234981536865234,184,stage2,184,0.02,1.0
72.44340515136719,66.91796875,5.52543830871582,suppress_attn_ca,nan,66.91796875,326.3353271484375,259.4173583984375,0.794941083042592,0.14432314038276672,0.0,2.840829849243164,0.0,0.8792719841003418,20.637142181396484,0.2821924090385437,0.2552543878555298,0.6730489730834961,0.8339107036590576,20.739849090576172,0.7739107012748718,0.055254384875297546,13.260150909423828,185,stage2,185,0.02,1.0
73.33053588867188,66.33268737792969,6.997851848602295,suppress_attn_ca,nan,66.33268737792969,326.3353271484375,260.0026397705078,0.7967345798643569,0.17517656087875366,0.015176564455032349,2.869320869445801,0.0,0.8865607976913452,20.59728240966797,0.28195685148239136,0.2548019587993622,0.67283034324646,0.8475069403648376,20.69927978515625,0.7875069379806519,0.054801955819129944,13.30072021484375,186,stage2,186,0.02,1.0
71.8497085571289,65.63289642333984,6.216813564300537,suppress_attn_ca,nan,65.63289642333984,326.3353271484375,260.70243072509766,0.7988789721393359,0.16728389263153076,0.007283896207809448,2.8838770389556885,0.0,0.8849369883537292,20.58465576171875,0.2822203040122986,0.2548842430114746,0.6735979318618774,0.8403086066246033,20.688209533691406,0.7803086042404175,0.05488424003124237,13.311790466308594,187,stage2,187,0.02,1.0
71.68327331542969,66.1707992553711,5.512477397918701,suppress_attn_ca,nan,66.1707992553711,326.3353271484375,260.1645278930664,0.7972306589250372,0.14093774557113647,0.0,2.8941309452056885,0.0,0.8747729063034058,20.589336395263672,0.28270453214645386,0.2551247775554657,0.6750955581665039,0.8294116258621216,20.696231842041016,0.7694116234779358,0.05512477457523346,13.303768157958984,188,stage2,188,0.02,0.9999999403953552
73.13328552246094,66.72750854492188,6.4057769775390625,suppress_attn_ca,nan,66.72750854492188,326.3353271484375,259.6078186035156,0.7955247164688055,0.16872774064540863,0.008727744221687317,2.9103713035583496,0.0,0.8646798729896545,20.58981704711914,0.28285956382751465,0.25533002614974976,0.6758379340171814,0.8243354558944702,20.69927215576172,0.7643354535102844,0.05533002316951752,13.300727844238281,189,stage2,189,0.02,1.0
72.04080963134766,65.66195678710938,6.378851890563965,suppress_attn_ca,nan,65.66195678710938,326.3353271484375,260.6733703613281,0.7987899215176227,0.16797056794166565,0.007970571517944336,2.936222553253174,0.0,0.8579002618789673,20.57358741760254,0.28297004103660583,0.2558179497718811,0.67513507604599,0.8243417739868164,20.683738708496094,0.7643417716026306,0.055817946791648865,13.316261291503906,190,stage2,190,0.02,1.0
71.77754211425781,66.34220886230469,5.435334205627441,suppress_attn_ca,nan,66.34220886230469,326.3353271484375,259.9931182861328,0.7967054028688468,0.1303209662437439,0.0,2.9733471870422363,0.0,0.8574608564376831,20.545377731323242,0.2813059389591217,0.2543533444404602,0.6741604804992676,0.8120995759963989,20.653553009033203,0.7520995736122131,0.054353341460227966,13.346446990966797,191,stage2,191,0.02,0.9999999403953552
70.97329711914062,65.58956909179688,5.383728504180908,suppress_attn_ca,nan,65.58956909179688,326.3353271484375,260.7457580566406,0.7990117414963086,0.1544586718082428,0.0,3.01084566116333,0.0,0.856581449508667,20.514591217041016,0.2806050777435303,0.2538372874259949,0.6729859113693237,0.8112201690673828,20.61990737915039,0.751220166683197,0.053837284445762634,13.38009262084961,192,stage2,192,0.02,1.0
75.4753189086914,66.1236572265625,9.351663589477539,suppress_attn_ca,nan,66.1236572265625,326.3353271484375,260.211669921875,0.7973751177834162,0.1994238793849945,0.03942388296127319,3.0532689094543457,0.0,0.8529989719390869,20.479679107666016,0.2808152437210083,0.2540927529335022,0.6708616018295288,0.8076376914978027,20.58242416381836,0.7476376891136169,0.05409274995326996,13.41757583618164,193,stage2,193,0.02,1.0
72.06159210205078,64.85832214355469,7.203271865844727,suppress_attn_ca,nan,64.85832214355469,326.3353271484375,261.4770050048828,0.8012525253998838,0.17801626026630402,0.018016263842582703,3.0764496326446533,0.0,0.8460081815719604,20.45956802368164,0.28093934059143066,0.2540164589881897,0.6701339483261108,0.8006469011306763,20.561176300048828,0.7406468987464905,0.05401645600795746,13.438823699951172,194,stage2,194,0.02,1.0
70.37593841552734,65.01165008544922,5.364285469055176,suppress_attn_ca,nan,65.01165008544922,326.3353271484375,261.3236770629883,0.8007826775803593,0.12797987461090088,0.0,3.0853209495544434,0.0,0.8364396095275879,20.454891204833984,0.2808084785938263,0.25364285707473755,0.6714202761650085,0.7910783290863037,20.557767868041992,0.7310783267021179,0.05364285409450531,13.442232131958008,195,stage2,195,0.02,1.0
70.64703369140625,64.30911254882812,6.337921619415283,suppress_attn_ca,nan,64.30911254882812,326.3353271484375,262.0262145996094,0.8029354862963507,0.16986119747161865,0.009861201047897339,3.102092742919922,0.0,0.8271473050117493,20.443191528320312,0.28072360157966614,0.2535180151462555,0.6718676090240479,0.7936217188835144,20.54669952392578,0.7336217164993286,0.053518012166023254,13.453300476074219,196,stage2,196,0.02,0.9999999403953552
70.39459228515625,65.0244369506836,5.370153427124023,suppress_attn_ca,nan,65.0244369506836,326.3353271484375,261.3108901977539,0.8007434943716454,0.1544753909111023,0.0,3.1241466999053955,0.0,0.8268032670021057,20.423851013183594,0.2808876633644104,0.2537015378475189,0.6719407439231873,0.7947080135345459,20.527496337890625,0.7347080111503601,0.05370153486728668,13.472503662109375,197,stage2,197,0.02,1.0
70.50652313232422,64.27478790283203,6.23173713684082,suppress_attn_ca,nan,64.27478790283203,326.3353271484375,262.06053924560547,0.8030406684300045,0.16890080273151398,0.008900806307792664,3.145355701446533,0.0,0.8335522413253784,20.397014617919922,0.2809041440486908,0.2534165680408478,0.6710944175720215,0.8005673885345459,20.50049591064453,0.7405673861503601,0.05341656506061554,13.499504089355469,198,stage2,198,0.02,0.9999999403953552
68.95266723632812,63.66766357421875,5.28500509262085,suppress_attn_ca,nan,63.66766357421875,326.3353271484375,262.66766357421875,0.8049010993368219,0.14285165071487427,0.0,3.178816318511963,0.0,0.843016505241394,20.38208770751953,0.2805040180683136,0.2528500556945801,0.670609176158905,0.7976552248001099,20.486478805541992,0.7376552224159241,0.05285005271434784,13.513521194458008,199,stage2,199,0.02,0.9999999403953552
70.464111328125,63.710060119628906,6.754051208496094,suppress_attn_ca,nan,63.710060119628906,326.3353271484375,262.6252670288086,0.8047711822181923,0.15102100372314453,0.0,3.2151012420654297,0.015101194381713867,0.8491904735565186,20.360023498535156,0.27998048067092896,0.25243932008743286,0.6694880723953247,0.8038291931152344,20.464771270751953,0.7438291907310486,0.05243931710720062,13.535228729248047,200,stage2,200,0.02,1.0
75.72767639160156,68.58387756347656,7.143799781799316,suppress_attn_ca,nan,68.58387756347656,326.3353271484375,257.75144958496094,0.7898361842624523,0.17681580781936646,0.01681581139564514,2.6345291137695312,0.0,0.8564960956573486,20.392757415771484,0.28126493096351624,0.2546221911907196,0.6693224310874939,0.8111348152160645,20.49624252319336,0.7511348128318787,0.054622188210487366,13.50375747680664,201,stage2,201,0.02,1.0
71.75672149658203,65.57975769042969,6.176961898803711,suppress_attn_ca,nan,65.57975769042969,326.3353271484375,260.7555694580078,0.7990418068939256,0.16436028480529785,0.004360288381576538,2.3689627647399902,0.0,0.8636869192123413,20.403078079223633,0.28334033489227295,0.25740933418273926,0.6693750619888306,0.8183256387710571,20.504474639892578,0.7583256363868713,0.05740933120250702,13.495525360107422,202,stage2,202,0.02,1.0
70.96928405761719,65.10194396972656,5.867339611053467,suppress_attn_ca,nan,65.10194396972656,326.3353271484375,261.23338317871094,0.8005059870820723,0.13858671486377716,0.0,2.31773042678833,0.0,0.8655858039855957,20.41602325439453,0.2841276228427887,0.25867339968681335,0.6704734563827515,0.8391536474227905,20.514781951904297,0.7791536450386047,0.058673396706581116,13.485218048095703,203,stage2,203,0.02,0.9999999403953552
71.59446716308594,65.03195190429688,6.562515735626221,suppress_attn_ca,nan,65.03195190429688,326.3353271484375,261.3033752441406,0.8007204660538749,0.16779620945453644,0.0077962130308151245,2.3739404678344727,0.0,0.8673069477081299,20.41855239868164,0.28309082984924316,0.257828950881958,0.6711487174034119,0.8495165109634399,20.51500701904297,0.7895165085792542,0.05782894790172577,13.484992980957031,204,stage2,204,0.02,1.0
70.3494873046875,64.557861328125,5.791626930236816,suppress_attn_ca,nan,64.557861328125,326.3353271484375,261.7774658203125,0.8021732372886491,0.15680092573165894,0.0,2.4576854705810547,0.0,0.8722697496414185,20.408348083496094,0.28272897005081177,0.25791627168655396,0.6718915700912476,0.8544793128967285,20.501953125,0.7944793105125427,0.057916268706321716,13.498046875,205,stage2,205,0.02,0.9999999403953552
72.43864440917969,65.39289093017578,7.045750617980957,suppress_attn_ca,nan,65.39289093017578,326.3353271484375,260.9424362182617,0.7996144288098143,0.17320454120635986,0.01320454478263855,2.536590576171875,0.0,0.873930811882019,20.390419006347656,0.2818482518196106,0.257252961397171,0.6719456911087036,0.8561403751373291,20.481538772583008,0.7961403727531433,0.05725295841693878,13.518461227416992,206,stage2,206,0.02,1.0
71.41123962402344,65.6661605834961,5.745075702667236,suppress_attn_ca,nan,65.6661605834961,326.3353271484375,260.6691665649414,0.798777039687073,0.14283733069896698,0.0,2.6052777767181396,0.0,0.8771235942840576,20.37501335144043,0.281871497631073,0.25745075941085815,0.6722012758255005,0.8593331575393677,20.464881896972656,0.7993331551551819,0.057450756430625916,13.535118103027344,207,stage2,207,0.02,0.9999999403953552
69.4734115600586,63.68400192260742,5.789409637451172,suppress_attn_ca,nan,63.68400192260742,326.3353271484375,262.6513252258301,0.8048510332022987,0.15817782282829285,0.0,2.6634302139282227,0.0,0.8814301490783691,20.360088348388672,0.28251686692237854,0.2578940987586975,0.6716963648796082,0.8636397123336792,20.44849395751953,0.8036397099494934,0.05789409577846527,13.551506042480469,208,stage2,208,0.02,0.9999999403953552
71.56129455566406,63.624412536621094,7.9368815422058105,suppress_attn_ca,nan,63.624412536621094,326.3353271484375,262.7109146118164,0.8050336349037664,0.18271774053573608,0.02271774411201477,2.704003095626831,0.0,0.8855395317077637,20.335695266723633,0.2818366289138794,0.2566510736942291,0.6709290742874146,0.8677490949630737,20.42293357849121,0.8077490925788879,0.05665107071399689,13.577066421508789,209,stage2,209,0.02,0.9999998807907104
68.70838928222656,63.06237030029297,5.646021842956543,suppress_attn_ca,nan,63.06237030029297,326.3353271484375,263.27295684814453,0.8067559192829641,0.14872023463249207,0.0,2.718440532684326,0.0,0.8861522674560547,20.338916778564453,0.28171485662460327,0.2564602196216583,0.6711342334747314,0.8683618307113647,20.427675247192383,0.808361828327179,0.056460216641426086,13.572324752807617,210,stage2,210,0.02,0.9999999403953552
69.11461639404297,63.50188446044922,5.612735271453857,suppress_attn_ca,nan,63.50188446044922,326.3353271484375,262.8334426879883,0.8054091016889365,0.14890798926353455,0.0,2.7247986793518066,0.0,0.8835059404373169,20.338027954101562,0.28141918778419495,0.25612735748291016,0.6706704497337341,0.865715503692627,20.428007125854492,0.8057155013084412,0.05612735450267792,13.571992874145508,211,stage2,211,0.02,0.9999999403953552
69.92962646484375,62.547035217285156,7.382594108581543,suppress_attn_ca,nan,62.547035217285156,326.3353271484375,263.78829193115234,0.8083350774069431,0.17746350169181824,0.017463505268096924,2.7441794872283936,0.0,0.8823450803756714,20.325546264648438,0.2817962169647217,0.2563624382019043,0.6695224642753601,0.8645546436309814,20.41640853881836,0.8045546412467957,0.05636243522167206,13.58359146118164,212,stage2,212,0.02,1.0
68.1544189453125,62.5966796875,5.557735443115234,suppress_attn_ca,nan,62.5966796875,326.3353271484375,263.7386474609375,0.8081829502356417,0.14241284132003784,0.0,2.786834239959717,0.0,0.8786365985870361,20.303203582763672,0.28168371319770813,0.25557735562324524,0.6692081689834595,0.8608461618423462,20.39342498779297,0.8008461594581604,0.055577352643013,13.606575012207031,213,stage2,213,0.02,1.0
66.64601135253906,61.07975387573242,5.566258907318115,suppress_attn_ca,nan,61.07975387573242,326.3353271484375,265.2555732727051,0.8128313155383586,0.15012304484844208,0.0,2.8279526233673096,0.0,0.8693506717681885,20.282394409179688,0.2822229862213135,0.25566259026527405,0.6686100959777832,0.8514505624771118,20.371732711791992,0.791450560092926,0.05566258728504181,13.628267288208008,214,stage2,214,0.02,0.9999999403953552
68.39783477783203,61.581146240234375,6.816686630249023,suppress_attn_ca,nan,61.581146240234375,326.3353271484375,264.7541809082031,0.8112948825420195,0.1746254563331604,0.014625459909439087,2.8545150756835938,0.0,0.8687646985054016,20.257858276367188,0.28071022033691406,0.25354140996932983,0.6677511930465698,0.8447224497795105,20.346309661865234,0.7847224473953247,0.053541406989097595,13.653690338134766,215,stage2,215,0.02,0.9999998211860657
66.1744613647461,60.897239685058594,5.277224063873291,suppress_attn_ca,nan,60.897239685058594,326.3353271484375,265.4380874633789,0.8133905997331428,0.15121085941791534,0.0,2.8825573921203613,0.0,0.8683295845985413,20.24929428100586,0.2799159288406372,0.2527722418308258,0.6681350469589233,0.8456982374191284,20.338232040405273,0.7856982350349426,0.05277223885059357,13.661767959594727,216,stage2,216,0.02,0.9999999403953552
66.6963882446289,61.19725036621094,5.499137878417969,suppress_attn_ca,nan,61.19725036621094,326.3353271484375,265.13807678222656,0.8124712672055433,0.1632717251777649,0.003271728754043579,2.919187068939209,0.0,0.8696373701095581,20.23167610168457,0.2786783277988434,0.2517196536064148,0.6674056053161621,0.8458437919616699,20.320894241333008,0.7858437895774841,0.051719650626182556,13.679105758666992,217,stage2,217,0.02,0.9999998807907104
66.56372833251953,61.398033142089844,5.1656975746154785,suppress_attn_ca,nan,61.398033142089844,326.3353271484375,264.93729400634766,0.8118560019885245,0.12274117767810822,0.0,2.9597485065460205,0.0,0.8683591485023499,20.227859497070312,0.2782670855522156,0.25165697932243347,0.6681076288223267,0.8505687117576599,20.317792892456055,0.7905687093734741,0.05165697634220123,13.682207107543945,218,stage2,218,0.02,0.9999999403953552
66.21054077148438,61.004150390625,5.206392765045166,suppress_attn_ca,nan,61.004150390625,326.3353271484375,265.3311767578125,0.81306298976673,0.144477978348732,0.0,2.9886221885681152,0.0,0.8723659515380859,20.219297409057617,0.2784925103187561,0.25206393003463745,0.6680771112442017,0.854575514793396,20.309221267700195,0.7945755124092102,0.05206392705440521,13.690778732299805,219,stage2,219,0.02,1.0
67.96955871582031,60.919822692871094,7.049733638763428,suppress_attn_ca,nan,60.919822692871094,326.3353271484375,265.4155044555664,0.8133213978848175,0.17779184877872467,0.017791852355003357,3.0184593200683594,0.0,0.8744643330574036,20.211185455322266,0.27928096055984497,0.25270548462867737,0.6674195528030396,0.8566738963127136,20.300310134887695,0.7966738939285278,0.05270548164844513,13.699689865112305,220,stage2,220,0.02,1.0
66.00971984863281,60.463287353515625,5.546431541442871,suppress_attn_ca,nan,60.463287353515625,326.3353271484375,265.8720397949219,0.8147203740341199,0.16246986389160156,0.002469867467880249,3.0493969917297363,0.0,0.8736345171928406,20.207918167114258,0.2793526351451874,0.25299444794654846,0.6677418947219849,0.8558440804481506,20.297582626342773,0.7958440780639648,0.05299444496631622,13.702417373657227,221,stage2,221,0.02,1.0
65.70726013183594,60.48228073120117,5.224977493286133,suppress_attn_ca,nan,60.48228073120117,326.3353271484375,265.8530464172363,0.814662172006618,0.13108719885349274,0.0,3.0944037437438965,0.0,0.8702090978622437,20.204376220703125,0.27860990166664124,0.2522497773170471,0.6686908602714539,0.8524186611175537,20.292743682861328,0.7924186587333679,0.05224977433681488,13.707256317138672,222,stage2,222,0.02,1.0
64.93489074707031,59.80309295654297,5.131794452667236,suppress_attn_ca,nan,59.80309295654297,326.3353271484375,266.53223419189453,0.8167434292845015,0.1529320925474167,0.0,3.1300570964813232,0.0,0.8674788475036621,20.2015380859375,0.2777116894721985,0.25131794810295105,0.6689416170120239,0.8496884107589722,20.288589477539062,0.7896884083747864,0.05131794512271881,13.711410522460938,223,stage2,223,0.02,1.0
67.9102783203125,59.37211608886719,8.538166046142578,suppress_attn_ca,nan,59.37211608886719,326.3353271484375,266.9632110595703,0.8180640857743817,0.19448019564151764,0.034480199217796326,3.1650922298431396,0.0,0.8615882396697998,20.190509796142578,0.27755749225616455,0.250901460647583,0.6681979894638062,0.8437978029251099,20.275888442993164,0.7837978005409241,0.05090145766735077,13.724111557006836,224,stage2,224,0.02,0.9999999403953552
65.77163696289062,59.246604919433594,6.525033473968506,suppress_attn_ca,nan,59.246604919433594,326.3353271484375,267.0887222290039,0.8184486937496517,0.1750277727842331,0.01502777636051178,3.199949264526367,0.0,0.8580785989761353,20.198705673217773,0.27729231119155884,0.2502225637435913,0.6688392162322998,0.8364855647087097,20.282316207885742,0.7764855623245239,0.05022256076335907,13.717683792114258,225,stage2,225,0.02,0.9999999403953552
66.81486511230469,59.432098388671875,7.3827667236328125,suppress_attn_ca,nan,59.432098388671875,326.3353271484375,266.9032287597656,0.8178802800542692,0.13526497781276703,0.0,3.224729537963867,0.024729490280151367,0.8511285781860352,20.22235870361328,0.2763459384441376,0.24909818172454834,0.6705421805381775,0.829032301902771,20.306182861328125,0.7690322995185852,0.0490981787443161,13.693817138671875,226,stage2,226,0.02,1.0
66.59649658203125,61.55364227294922,5.042852401733398,suppress_attn_ca,nan,61.55364227294922,326.3353271484375,264.7816848754883,0.8113791638471589,0.1504870355129242,0.0,2.658691167831421,0.0,0.8453807234764099,20.31511688232422,0.2771955132484436,0.25042852759361267,0.672461211681366,0.8493216037750244,20.400554656982422,0.7893216013908386,0.05042852461338043,13.599445343017578,227,stage2,227,0.02,1.0
70.60574340820312,62.414146423339844,8.191596031188965,suppress_attn_ca,nan,62.414146423339844,326.3353271484375,263.92118072509766,0.8087422928779328,0.1889287233352661,0.0289287269115448,2.3902525901794434,0.0,0.8442068099975586,20.373920440673828,0.2791944146156311,0.25298723578453064,0.6727372407913208,0.8588182926177979,20.460594177246094,0.7988182902336121,0.0529872328042984,13.539405822753906,228,stage2,228,0.02,1.0
69.95641326904297,62.005645751953125,7.950769424438477,suppress_attn_ca,nan,62.005645751953125,326.3353271484375,264.3296813964844,0.8099940748255272,0.18533381819725037,0.025333821773529053,2.3244292736053467,0.0,0.8464716672897339,20.400169372558594,0.2799297571182251,0.2541738748550415,0.6728004217147827,0.8517423868179321,20.488006591796875,0.7917423844337463,0.054173871874809265,13.511993408203125,229,stage2,229,0.02,1.0
66.99673461914062,61.57651901245117,5.420212268829346,suppress_attn_ca,nan,61.57651901245117,326.3353271484375,264.7588081359863,0.8113090619072254,0.15155038237571716,0.0,2.347968101501465,0.0,0.8477374315261841,20.416486740112305,0.2797079086303711,0.25420212745666504,0.6734757423400879,0.8299469947814941,20.506933212280273,0.7699469923973083,0.0542021244764328,13.493066787719727,230,stage2,230,0.02,0.9999999403953552
66.64308166503906,60.9416618347168,5.70142126083374,suppress_attn_ca,nan,60.9416618347168,326.3353271484375,265.3936653137207,0.8132544754892664,0.16339260339736938,0.0033926069736480713,2.413353681564331,0.0,0.8529484272003174,20.411386489868164,0.279341459274292,0.2536216080188751,0.6735005378723145,0.8351579904556274,20.503963470458984,0.7751579880714417,0.05362160503864288,13.496036529541016,231,stage2,231,0.02,1.0000001192092896
66.4362564086914,61.082176208496094,5.354081153869629,suppress_attn_ca,nan,61.082176208496094,326.3353271484375,265.2531509399414,0.8128238927049656,0.1482662558555603,0.0,2.4837284088134766,0.0,0.8603816628456116,20.405540466308594,0.27927660942077637,0.2535408139228821,0.6740617156028748,0.8425912261009216,20.498865127563477,0.7825912237167358,0.05354081094264984,13.501134872436523,232,stage2,232,0.02,1.0
66.80498504638672,61.0786247253418,5.726359844207764,suppress_attn_ca,nan,61.0786247253418,326.3353271484375,265.2567024230957,0.8128347756307749,0.1626935601234436,0.00269356369972229,2.5585203170776367,0.0,0.8638582229614258,20.38286590576172,0.2801382541656494,0.25457003712654114,0.6731494665145874,0.8460677862167358,20.476146697998047,0.78606778383255,0.0545700341463089,13.523853302001953,233,stage2,233,0.02,0.9999998211860657
67.1751937866211,61.615509033203125,5.5596842765808105,suppress_attn_ca,nan,61.615509033203125,326.3353271484375,264.7198181152344,0.8111895835133517,0.14557938277721405,0.0,2.6236379146575928,0.0,0.8685989379882812,20.354816436767578,0.2810439467430115,0.2555968463420868,0.6723450422286987,0.8508085012435913,20.446956634521484,0.7908084988594055,0.05559684336185455,13.553043365478516,234,stage2,234,0.02,1.0
66.67015838623047,60.0223503112793,6.6478071212768555,suppress_attn_ca,nan,60.0223503112793,326.3353271484375,266.3129768371582,0.816071551812172,0.1712946742773056,0.01129467785358429,2.675264358520508,0.0,0.8725128173828125,20.329458236694336,0.2807629108428955,0.2551833987236023,0.6714269518852234,0.8547223806381226,20.4208984375,0.7947223782539368,0.055183395743370056,13.5791015625,235,stage2,235,0.02,0.9999999403953552
65.84602355957031,60.46284103393555,5.383180141448975,suppress_attn_ca,nan,60.46284103393555,326.3353271484375,265.87248611450195,0.8147217417057844,0.13710835576057434,0.0,2.7306325435638428,0.0,0.8733908534049988,20.340757369995117,0.27996811270713806,0.25383180379867554,0.6721359491348267,0.8556004166603088,20.433561325073242,0.795600414276123,0.0538318008184433,13.566438674926758,236,stage2,236,0.02,1.0
65.17733001708984,59.92454528808594,5.252782821655273,suppress_attn_ca,nan,59.92454528808594,326.3353271484375,266.41078186035156,0.816371258938728,0.14693328738212585,0.0,2.773303508758545,0.0,0.872465193271637,20.33424186706543,0.2793979048728943,0.2525278329849243,0.6714547872543335,0.854674756526947,20.428064346313477,0.7946747541427612,0.05252783000469208,13.571935653686523,237,stage2,237,0.02,0.9999999403953552
67.15555572509766,60.34037399291992,6.815178871154785,suppress_attn_ca,nan,60.34037399291992,326.3353271484375,265.9949531555176,0.815097021458932,0.1766752004623413,0.016675204038619995,2.8089160919189453,0.0,0.873782753944397,20.324569702148438,0.2787618637084961,0.25147658586502075,0.6702430248260498,0.855992317199707,20.418861389160156,0.7959923148155212,0.05147658288478851,13.581138610839844,238,stage2,238,0.02,1.0000001192092896
64.99259948730469,59.84124755859375,5.15135383605957,suppress_attn_ca,nan,59.84124755859375,326.3353271484375,266.49407958984375,0.8166265108914358,0.1512892246246338,0.0,2.8303675651550293,0.0,0.873005747795105,20.315645217895508,0.27889347076416016,0.2515135407447815,0.6699167490005493,0.855215311050415,20.410947799682617,0.7952153086662292,0.051513537764549255,13.589052200317383,239,stage2,239,0.02,1.0
64.5128173828125,59.35176086425781,5.161057472229004,suppress_attn_ca,nan,59.35176086425781,326.3353271484375,266.9835662841797,0.8181264609538857,0.1517331302165985,0.0,2.849325656890869,0.0,0.8700791597366333,20.29763412475586,0.27893945574760437,0.25161057710647583,0.6691673994064331,0.8522887229919434,20.39370346069336,0.7922887206077576,0.05161057412624359,13.60629653930664,240,stage2,240,0.02,0.9999999403953552
64.93743133544922,59.455135345458984,5.482293605804443,suppress_attn_ca,nan,59.455135345458984,326.3353271484375,266.8801918029785,0.8178096871552766,0.1632307767868042,0.0032307803630828857,2.869006872177124,0.0,0.869903564453125,20.27684783935547,0.2785171568393707,0.25159215927124023,0.6680933833122253,0.8521131277084351,20.37359619140625,0.7921131253242493,0.051592156291007996,13.62640380859375,241,stage2,241,0.02,0.9999999403953552
64.16395568847656,59.0675163269043,5.096443176269531,suppress_attn_ca,nan,59.0675163269043,326.3353271484375,267.2678108215332,0.8189974807721729,0.13307559490203857,0.0,2.898367404937744,0.0,0.8719570636749268,20.25232696533203,0.27763640880584717,0.2509644329547882,0.6676315069198608,0.8541666269302368,20.349016189575195,0.794166624546051,0.05096442997455597,13.650983810424805,242,stage2,242,0.02,0.9999998807907104
65.13707733154297,60.1314697265625,5.005608558654785,suppress_attn_ca,nan,60.1314697265625,326.3353271484375,266.203857421875,0.815737173624445,0.15051040053367615,0.0,2.9371252059936523,0.0,0.8726176023483276,20.227710723876953,0.2766915261745453,0.25005608797073364,0.6665002107620239,0.8548271656036377,20.323768615722656,0.7948271632194519,0.050056084990501404,13.676231384277344,243,stage2,243,0.02,1.0
67.23995971679688,59.59080123901367,7.649162292480469,suppress_attn_ca,nan,59.59080123901367,326.3353271484375,266.7445259094238,0.8173939617272632,0.1862463504076004,0.02624635398387909,2.964787483215332,0.0,0.8730355501174927,20.197265625,0.2766904830932617,0.25024527311325073,0.6652066111564636,0.8552451133728027,20.292407989501953,0.7952451109886169,0.050245270133018494,13.707592010498047,244,stage2,244,0.02,0.9999998807907104
63.74094009399414,58.767974853515625,4.972966194152832,suppress_attn_ca,nan,58.767974853515625,326.3353271484375,267.5673522949219,0.8199153754910994,0.15780439972877502,0.0,2.980334758758545,0.0,0.8680983781814575,20.192272186279297,0.27620264887809753,0.24972966313362122,0.6659013628959656,0.8503079414367676,20.287521362304688,0.7903079390525818,0.04972966015338898,13.712478637695312,245,stage2,245,0.02,0.9999999403953552
64.49622344970703,59.59016036987305,4.906064033508301,suppress_attn_ca,nan,59.59016036987305,326.3353271484375,266.74516677856445,0.8173959255634994,0.1573176383972168,0.0,3.006373643875122,0.0,0.8595460057258606,20.184850692749023,0.2758961319923401,0.24906064569950104,0.6659311056137085,0.8417555689811707,20.279674530029297,0.7817555665969849,0.0490606427192688,13.720325469970703,246,stage2,246,0.02,1.0
64.63426208496094,58.49504852294922,6.139214515686035,suppress_attn_ca,nan,58.49504852294922,326.3353271484375,267.8402786254883,0.820751712558714,0.1712247133255005,0.011224716901779175,3.0381686687469482,0.0,0.8503027558326721,20.171436309814453,0.27739858627319336,0.2501674294471741,0.6650328636169434,0.8325123190879822,20.26575469970703,0.7725123167037964,0.050167426466941833,13.734245300292969,247,stage2,247,0.02,0.9999999403953552
63.76139450073242,58.70573043823242,5.055664539337158,suppress_attn_ca,nan,58.70573043823242,326.3353271484375,267.6295967102051,0.8201061130855458,0.13915285468101501,0.0,3.0681278705596924,0.0,0.8407248258590698,20.172382354736328,0.2782483696937561,0.2505566477775574,0.6652032136917114,0.8229343891143799,20.265880584716797,0.7629343867301941,0.050556644797325134,13.734119415283203,248,stage2,248,0.02,1.0
63.41183853149414,58.26805877685547,5.143780708312988,suppress_attn_ca,nan,58.26805877685547,326.3353271484375,268.06726837158203,0.8214472846503942,0.1610317826271057,0.0010317862033843994,3.097095489501953,0.0,0.8359171152114868,20.161001205444336,0.27836763858795166,0.25040602684020996,0.6645442247390747,0.8181266784667969,20.253637313842773,0.7581266760826111,0.05040602385997772,13.746362686157227,249,stage2,249,0.02,1.0
