loss,L_def,L_fid,defense_mode,edit_shift,attn_masked_l1,attn_ref_l1,attn_suppressed,attn_suppressed_rel,fid_acut,fid_pen_acut,fid_chroma,fid_pen_chroma,fid_linf_total,fid_psnr_total,fid_lpips,fid_lpips_rel,fid_ssim,fid_linf,fid_psnr,fid_pen_linf,fid_pen_lpips,fid_pen_psnr,step,stage,stage_step,lr,grad_norm
276.220703125,276.220703125,0.0,suppress_attn_ca,nan,276.220703125,279.1492919921875,2.9285888671875,0.010491120526536968,0.0,0.0,9.999999974752427e-07,0.0,0.8012617826461792,31.341899871826172,0.043573081493377686,0.0,0.9355649352073669,0.0,120.0,0.0,0.0,0.0,0,stage2,0,0.02,0.9999998211860657
271.20526123046875,271.20526123046875,0.0,suppress_attn_ca,nan,271.20526123046875,279.1492919921875,7.94403076171875,0.02845800075302028,0.010950323194265366,0.0,0.07088280469179153,0.0,0.7738361358642578,31.32819366455078,0.045477427542209625,0.0019236409571021795,0.9352118968963623,0.1098431944847107,52.15236282348633,0.0498431958258152,0.0,0.0,1,stage2,1,0.02,0.9999998211860657
262.2010192871094,262.2010192871094,0.0,suppress_attn_ca,nan,262.2010192871094,279.1492919921875,16.948272705078125,0.060714009282002594,0.03427635878324509,0.0,0.1943831890821457,0.0,0.7056787610054016,31.221416473388672,0.053695160895586014,0.011485733091831207,0.9331505298614502,0.21160069108009338,43.491783142089844,0.1516006886959076,0.0,0.0,2,stage2,2,0.02,1.0
251.20892333984375,251.20892333984375,0.0,suppress_attn_ca,nan,251.20892333984375,279.1492919921875,27.94036865234375,0.10009113207109875,0.05803269147872925,0.0,0.3671691417694092,0.0,0.6780836582183838,30.944412231445312,0.07359470427036285,0.034236401319503784,0.9278079271316528,0.30421626567840576,39.104881286621094,0.24421626329421997,0.0,0.0,3,stage2,3,0.02,0.9999998807907104
237.22708129882812,237.22708129882812,0.0,suppress_attn_ca,nan,237.22708129882812,279.1492919921875,41.922210693359375,0.15017845968433494,0.10284695029258728,0.0,0.5788196325302124,0.0,0.6998471021652222,30.37775421142578,0.11217828840017319,0.07699793577194214,0.9161208868026733,0.3178636133670807,35.59345626831055,0.2578636109828949,0.0,0.0,4,stage2,4,0.02,0.9999999403953552
228.14288330078125,228.14288330078125,0.0,suppress_attn_ca,nan,228.14288330078125,279.1492919921875,51.00640869140625,0.18272089578802786,0.1366695761680603,0.0,0.9039745926856995,0.0,0.7107504606246948,29.61532211303711,0.1708555519580841,0.1395660638809204,0.9006665945053101,0.3864927291870117,33.082088470458984,0.3264927268028259,0.0,0.9179115295410156,5,stage2,5,0.02,0.9999999403953552
220.79188537597656,219.92672729492188,0.8651614189147949,suppress_attn_ca,nan,219.92672729492188,279.1492919921875,59.222564697265625,0.21215373420658032,0.16865161061286926,0.00865161418914795,1.2248234748840332,0.0,0.6819334030151367,28.917142868041992,0.22347769141197205,0.19585096836090088,0.8874636888504028,0.4712728261947632,31.43568229675293,0.4112728238105774,0.0,2.5643177032470703,6,stage2,6,0.02,0.9999998807907104
216.12425231933594,211.59451293945312,4.5297322273254395,suppress_attn_ca,nan,211.59451293945312,279.1492919921875,67.55477905273438,0.2420023299024703,0.16497381031513214,0.004973813891410828,1.521069049835205,0.0,0.66644686460495,28.323556900024414,0.26488929986953735,0.2403235137462616,0.8732704520225525,0.5248028039932251,30.259437561035156,0.4648028016090393,0.04032351076602936,3.7405624389648438,7,stage2,7,0.02,0.9999998807907104
209.064697265625,203.42581176757812,5.6388840675354,suppress_attn_ca,nan,203.42581176757812,279.1492919921875,75.72348022460938,0.271265170275727,0.14654503762722015,0.0,1.8326917886734009,0.0,0.6942070722579956,27.828100204467773,0.27875179052352905,0.2563888430595398,0.8607560992240906,0.5519986748695374,29.36327362060547,0.49199867248535156,0.056388840079307556,4.636726379394531,8,stage2,8,0.02,0.9999998807907104
203.2282257080078,197.66049194335938,5.567728042602539,suppress_attn_ca,nan,197.66049194335938,279.1492919921875,81.48880004882812,0.29191834758838914,0.14964215457439423,0.0,2.1519861221313477,0.0,0.7163006663322449,27.36600685119629,0.2764045000076294,0.2556772828102112,0.8509334325790405,0.5756696462631226,28.62607192993164,0.5156696438789368,0.05567727982997894,5.373928070068359,9,stage2,9,0.02,0.9999999403953552
197.07723999023438,191.91650390625,5.160741329193115,suppress_attn_ca,nan,191.91650390625,279.1492919921875,87.2327880859375,0.31249510777329453,0.1562115103006363,0.0,2.4503984451293945,0.0,0.7583702802658081,26.933059692382812,0.27110278606414795,0.25160741806030273,0.8414868116378784,0.591257631778717,27.992206573486328,0.5312576293945312,0.051607415080070496,6.007793426513672,10,stage2,10,0.02,0.9999999403953552
191.74148559570312,186.45486450195312,5.286627769470215,suppress_attn_ca,nan,186.45486450195312,279.1492919921875,92.69442749023438,0.33206040691956545,0.1666002720594406,0.006600275635719299,2.736971378326416,0.0,0.7728648781776428,26.53663444519043,0.26481008529663086,0.24626600742340088,0.8330423831939697,0.6359971761703491,27.446548461914062,0.5759971737861633,0.04626600444316864,6.5534515380859375,11,stage2,11,0.02,0.9999999403953552
186.491943359375,182.00616455078125,4.485781669616699,suppress_attn_ca,nan,182.00616455078125,279.1492919921875,97.14312744140625,0.34799704039415935,0.14447873830795288,0.0,2.9763903617858887,0.0,0.7315315008163452,26.238317489624023,0.2627168893814087,0.2448578178882599,0.8261023759841919,0.6190007925033569,27.05388069152832,0.5590007901191711,0.04485781490802765,6.94611930847168,12,stage2,12,0.02,0.9999998807907104
182.5410614013672,178.0030975341797,4.5379638671875,suppress_attn_ca,nan,178.0030975341797,279.1492919921875,101.14619445800781,0.3623372774337489,0.15251225233078003,0.0,3.2060327529907227,0.006032705307006836,0.7777156829833984,25.930118560791016,0.2566308379173279,0.2393469363451004,0.8191043138504028,0.637633204460144,26.66599464416504,0.5776332020759583,0.039346933364868164,7.334005355834961,13,stage2,13,0.02,1.0
180.5771942138672,175.669189453125,4.908011436462402,suppress_attn_ca,nan,175.669189453125,279.1492919921875,103.4801025390625,0.3706980655425004,0.1654575765132904,0.005457580089569092,2.8104798793792725,0.0,0.7901055812835693,25.889495849609375,0.26038065552711487,0.2436225414276123,0.8144890069961548,0.6534655094146729,26.604766845703125,0.5934655070304871,0.043622538447380066,7.395233154296875,14,stage2,14,0.02,0.9999999403953552
176.8064727783203,172.5673065185547,4.23915958404541,suppress_attn_ca,nan,172.5673065185547,279.1492919921875,106.58198547363281,0.3818099795739969,0.13720548152923584,0.0,2.5694828033447266,0.0,0.7720131874084473,25.855560302734375,0.2587029039859772,0.24239160120487213,0.8112441897392273,0.693673849105835,26.55888557434082,0.6336738467216492,0.04239159822463989,7.44111442565918,15,stage2,15,0.02,0.9999999403953552
172.32809448242188,168.74679565429688,3.581295967102051,suppress_attn_ca,nan,168.74679565429688,279.1492919921875,110.40249633789062,0.39549624342583123,0.12358956038951874,0.0,2.4818875789642334,0.0,0.7435672283172607,25.769739151000977,0.2517204284667969,0.2358129620552063,0.8080577850341797,0.7323198318481445,26.450681686401367,0.6723198294639587,0.03581295907497406,7.549318313598633,16,stage2,16,0.02,0.9999999403953552
167.79396057128906,164.73985290527344,3.054107666015625,suppress_attn_ca,nan,164.73985290527344,279.1492919921875,114.40943908691406,0.4098503645501491,0.12151873111724854,0.0,2.5144500732421875,0.0,0.7841986417770386,25.6137752532959,0.24599580466747284,0.23054108023643494,0.8040094375610352,0.7689396142959595,26.259862899780273,0.7089396119117737,0.030541077256202698,7.740137100219727,17,stage2,17,0.02,0.9999998211860657
163.83872985839844,161.06320190429688,2.7755215167999268,suppress_attn_ca,nan,161.06320190429688,279.1492919921875,118.08609008789062,0.4230212774145079,0.1354781687259674,0.0,2.6242482662200928,0.0,0.8233944177627563,25.40191650390625,0.242758646607399,0.22775521874427795,0.7991218566894531,0.7963738441467285,26.007183074951172,0.7363738417625427,0.027755215764045715,7.992816925048828,18,stage2,18,0.02,0.9999999403953552
160.1051788330078,157.42733764648438,2.6778414249420166,suppress_attn_ca,nan,157.42733764648438,279.1492919921875,121.72195434570312,0.4360460794187138,0.15148094296455383,0.0,2.7719717025756836,0.0,0.8416059017181396,25.19134521484375,0.24141749739646912,0.22677841782569885,0.7946796417236328,0.8081680536270142,25.75774383544922,0.7481680512428284,0.026778414845466614,8.242256164550781,19,stage2,19,0.02,0.9999999403953552
157.59849548339844,154.10491943359375,3.4935712814331055,suppress_attn_ca,nan,154.10491943359375,279.1492919921875,125.04437255859375,0.4479480197359531,0.16837279498577118,0.008372798562049866,2.9334630966186523,0.0,0.8465713262557983,24.98328399658203,0.24086779356002808,0.22656291723251343,0.7905876636505127,0.8100908994674683,25.5156307220459,0.7500908970832825,0.02656291425228119,8.484369277954102,20,stage2,20,0.02,0.9999998211860657
155.10409545898438,151.99961853027344,3.1044812202453613,suppress_attn_ca,nan,151.99961853027344,279.1492919921875,127.14967346191406,0.45548986549273635,0.14168526232242584,0.0,3.065606117248535,0.0,0.8514779806137085,24.848918914794922,0.24503345787525177,0.23104481399059296,0.7872257232666016,0.8194945454597473,25.35814094543457,0.7594945430755615,0.031044811010360718,8.64185905456543,21,stage2,21,0.02,0.9999999403953552
154.8572235107422,149.05645751953125,5.800766944885254,suppress_attn_ca,nan,149.05645751953125,279.1492919921875,130.09283447265625,0.4660331879913818,0.13928404450416565,0.0,3.228215456008911,0.028215408325195312,0.8507752418518066,24.6767635345459,0.243564635515213,0.2297922670841217,0.7827225923538208,0.8241329193115234,25.157957077026367,0.7641329169273376,0.029792264103889465,8.842042922973633,22,stage2,22,0.02,1.0
151.04013061523438,147.3551483154297,3.6849870681762695,suppress_attn_ca,nan,147.3551483154297,279.1492919921875,131.7941436767578,0.47212780923136394,0.1484866887331009,0.0,2.8386569023132324,0.0,0.8466610312461853,24.661876678466797,0.25037431716918945,0.23684987425804138,0.7809080481529236,0.8257390260696411,25.136098861694336,0.7657390236854553,0.03684987127780914,8.863901138305664,23,stage2,23,0.02,0.9999998211860657
149.05589294433594,145.4374237060547,3.6184654235839844,suppress_attn_ca,nan,145.4374237060547,279.1492919921875,133.7118682861328,0.47899769808434617,0.16104337573051453,0.0010433793067932129,2.640458583831787,0.0,0.8373754024505615,24.597291946411133,0.24853232502937317,0.23514127731323242,0.7784757018089294,0.8217487335205078,25.059165954589844,0.761748731136322,0.03514127433300018,8.940834045410156,24,stage2,24,0.02,0.9999999403953552
147.28819274902344,143.8525848388672,3.4356026649475098,suppress_attn_ca,nan,143.8525848388672,279.1492919921875,135.2967071533203,0.48467508617971644,0.12431958317756653,0.0,2.5778005123138428,0.0,0.8132556080818176,24.564655303955078,0.24754619598388672,0.23435603082180023,0.7768734693527222,0.8028925657272339,25.016033172607422,0.7428925633430481,0.03435602784156799,8.983966827392578,25,stage2,25,0.02,0.9999999403953552
145.8476104736328,142.26263427734375,3.5849764347076416,suppress_attn_ca,nan,142.26263427734375,279.1492919921875,136.88665771484375,0.49037078596163797,0.12102104723453522,0.0,2.603487968444824,0.0,0.7873562574386597,24.49022102355957,0.24887531995773315,0.2358497679233551,0.7739322185516357,0.7833095788955688,24.92616844177246,0.7233095765113831,0.035849764943122864,9.073831558227539,26,stage2,26,0.02,0.9999999403953552
143.6899871826172,140.3257293701172,3.364257574081421,suppress_attn_ca,nan,140.3257293701172,279.1492919921875,138.8235626220703,0.4973093846355001,0.13660776615142822,0.0,2.6900928020477295,0.0,0.7750180959701538,24.378124237060547,0.24644890427589417,0.233642578125,0.7706902027130127,0.7699605226516724,24.79530143737793,0.7099605202674866,0.03364257514476776,9.20469856262207,27,stage2,27,0.02,0.9999998807907104
141.1891326904297,137.95840454101562,3.2307207584381104,suppress_attn_ca,nan,137.95840454101562,279.1492919921875,141.19088745117188,0.5057898819787204,0.1550087034702301,0.0,2.800067901611328,0.0,0.7658484578132629,24.242250442504883,0.244878888130188,0.23230721056461334,0.7668918371200562,0.759242057800293,24.639556884765625,0.6992420554161072,0.032307207584381104,9.360443115234375,28,stage2,28,0.02,0.9999998807907104
139.90460205078125,135.51077270507812,4.393821716308594,suppress_attn_ca,nan,135.51077270507812,279.1492919921875,143.63851928710938,0.514558064116922,0.17325177788734436,0.013251781463623047,2.929530620574951,0.0,0.7675225138664246,24.0703125,0.24301287531852722,0.23068644106388092,0.7620822191238403,0.760688304901123,24.44540023803711,0.7006883025169373,0.03068643808364868,9.55459976196289,29,stage2,29,0.02,0.9999998807907104
137.11697387695312,133.691162109375,3.425818681716919,suppress_attn_ca,nan,133.691162109375,279.1492919921875,145.4581298828125,0.5210764779116237,0.13536815345287323,0.0,3.0582666397094727,0.0,0.7934409976005554,23.928014755249023,0.24632209539413452,0.23425818979740143,0.7570645213127136,0.7866067886352539,24.289508819580078,0.7266067862510681,0.03425818681716919,9.710491180419922,30,stage2,30,0.02,0.9999998807907104
135.64199829101562,131.53916931152344,4.102831840515137,suppress_attn_ca,nan,131.53916931152344,279.1492919921875,147.61012268066406,0.5287855886261578,0.1264316737651825,0.0,3.206721782684326,0.0067217350006103516,0.8164087533950806,23.775861740112305,0.2461702525615692,0.23430658876895905,0.752525806427002,0.8095744848251343,24.12330436706543,0.7495744824409485,0.03430658578872681,9.87669563293457,31,stage2,31,0.02,1.0
134.9881134033203,130.91294860839844,4.075163841247559,suppress_attn_ca,nan,130.91294860839844,279.1492919921875,148.23634338378906,0.5310289068830514,0.14198654890060425,0.0,2.8376924991607666,0.0,0.8324675559997559,23.687047958374023,0.2523813843727112,0.24075163900852203,0.7480747103691101,0.8256334066390991,24.026569366455078,0.7656334042549133,0.040751636028289795,9.973430633544922,32,stage2,32,0.02,0.9999999403953552
133.2632598876953,129.1608428955078,4.10241174697876,suppress_attn_ca,nan,129.1608428955078,279.1492919921875,149.9884490966797,0.5373054970917762,0.1623391956090927,0.002339199185371399,2.666921854019165,0.0,0.8414181470870972,23.579797744750977,0.25019481778144836,0.23868492245674133,0.743799090385437,0.8345839381217957,23.908458709716797,0.7745839357376099,0.038684919476509094,10.091541290283203,33,stage2,33,0.02,0.9999999403953552
131.8498077392578,128.06454467773438,3.785259962081909,suppress_attn_ca,nan,128.06454467773438,279.1492919921875,151.08474731445312,0.5412327799086143,0.12490029633045197,0.0,2.645081043243408,0.0,0.8335395455360413,23.58074378967285,0.24935075640678406,0.23785260319709778,0.7427636981010437,0.8267053365707397,23.90408706665039,0.766705334186554,0.03785260021686554,10.09591293334961,34,stage2,34,0.02,0.9999998807907104
129.92112731933594,126.60887145996094,3.3122568130493164,suppress_attn_ca,nan,126.60887145996094,279.1492919921875,152.54042053222656,0.5464474562826248,0.11804473400115967,0.0,2.744600296020508,0.0,0.8274427652359009,23.55344009399414,0.24461930990219116,0.2331225723028183,0.7413762807846069,0.8206086158752441,23.870243072509766,0.7606086134910583,0.03312256932258606,10.129756927490234,35,stage2,35,0.02,0.9999999403953552
127.84939575195312,124.85623168945312,2.993161916732788,suppress_attn_ca,nan,124.85623168945312,279.1492919921875,154.29306030273438,0.5527259596526312,0.12499651312828064,0.0,2.9045844078063965,0.0,0.8248350620269775,23.508737564086914,0.24132031202316284,0.22993162274360657,0.7399313449859619,0.818000853061676,23.819828033447266,0.7580008506774902,0.02993161976337433,10.180171966552734,36,stage2,36,0.02,0.9999997615814209
125.94054412841797,123.01882934570312,2.9217138290405273,suppress_attn_ca,nan,123.01882934570312,279.1492919921875,156.13046264648438,0.5593081090488812,0.13488318026065826,0.0,3.1396114826202393,0.0,0.8321199417114258,23.397193908691406,0.24042531847953796,0.22921714186668396,0.7360855937004089,0.8252856731414795,23.697566986083984,0.7652856707572937,0.02921713888645172,10.302433013916016,37,stage2,37,0.02,0.9999999403953552
144.66464233398438,120.88121032714844,23.783432006835938,suppress_attn_ca,nan,120.88121032714844,279.1492919921875,158.26808166503906,0.5669657283940683,0.14885766804218292,0.0,3.4081034660339355,0.20810341835021973,0.8365833759307861,23.243322372436523,0.24083292484283447,0.22973090410232544,0.7305514216423035,0.8297491073608398,23.531036376953125,0.769749104976654,0.0297309011220932,10.468963623046875,38,stage2,38,0.02,0.9999999403953552
123.95820617675781,120.01927947998047,3.9389283657073975,suppress_attn_ca,nan,120.01927947998047,279.1492919921875,159.13001251220703,0.5700534340479738,0.16225917637348175,0.002259179949760437,3.0206539630889893,0.0,0.833378791809082,23.2187442779541,0.24815727770328522,0.23713010549545288,0.728530764579773,0.8265445828437805,23.503339767456055,0.7665445804595947,0.03713010251522064,10.496660232543945,39,stage2,39,0.02,0.9999999403953552
123.4197998046875,119.2808837890625,4.138912200927734,suppress_attn_ca,nan,119.2808837890625,279.1492919921875,159.868408203125,0.5726985981666012,0.13075415790081024,0.0,2.8039841651916504,0.0,0.8535263538360596,23.206846237182617,0.25237447023391724,0.24138912558555603,0.7271246910095215,0.8466920852661133,23.49078941345215,0.7866920828819275,0.04138912260532379,10.509210586547852,40,stage2,40,0.02,0.9999999403953552
121.70098876953125,118.05260467529297,3.648383855819702,suppress_attn_ca,nan,118.05260467529297,279.1492919921875,161.09668731689453,0.5770986777978399,0.12539342045783997,0.0,2.7611091136932373,0.0,0.864454984664917,23.172351837158203,0.24745763838291168,0.2364838421344757,0.7264879941940308,0.8576207160949707,23.454647064208984,0.7976207137107849,0.03648383915424347,10.545352935791016,41,stage2,41,0.02,0.9999998211860657
119.99331665039062,116.5866928100586,3.4066274166107178,suppress_attn_ca,nan,116.5866928100586,279.1492919921875,162.5625991821289,0.5823500322067037,0.1329362392425537,0.0,2.814208507537842,0.0,0.8707219362258911,23.08020782470703,0.24492782354354858,0.23406627774238586,0.7229791879653931,0.8638877868652344,23.355609893798828,0.8038877844810486,0.034066274762153625,10.644390106201172,42,stage2,42,0.02,0.9999998807907104
118.24603271484375,114.90496063232422,3.341074228286743,suppress_attn_ca,nan,114.90496063232422,279.1492919921875,164.24433135986328,0.5883745224202824,0.15051478147506714,0.0,2.9369964599609375,0.0,0.87163245677948,22.947227478027344,0.24412667751312256,0.23341074585914612,0.7177199721336365,0.8647982478141785,23.213050842285156,0.8047982454299927,0.03341074287891388,10.786949157714844,43,stage2,43,0.02,0.9999998807907104
117.74149322509766,112.9625473022461,4.778946876525879,suppress_attn_ca,nan,112.9625473022461,279.1492919921875,166.1867446899414,0.5953328539862192,0.17471528053283691,0.0147152841091156,3.0889229774475098,0.0,0.8679344654083252,22.808656692504883,0.24365216493606567,0.23307418823242188,0.7121481895446777,0.8611002564430237,23.06514549255371,0.8011002540588379,0.033074185252189636,10.934854507446289,44,stage2,44,0.02,0.9999999403953552
121.2780532836914,111.9002914428711,9.377760887145996,suppress_attn_ca,nan,111.9002914428711,279.1492919921875,167.2490005493164,0.5991381864368016,0.13518279790878296,0.0,3.25484561920166,0.054845571517944336,0.8361191749572754,22.756650924682617,0.24937137961387634,0.2389320433139801,0.708986759185791,0.8341902494430542,23.00765609741211,0.7741902470588684,0.038932040333747864,10.99234390258789,45,stage2,45,0.02,1.0
116.59156036376953,111.76506805419922,4.82649040222168,suppress_attn_ca,nan,111.76506805419922,279.1492919921875,167.38422393798828,0.5996225988732683,0.12468110024929047,0.0,2.8806638717651367,0.0,0.8225789666175842,22.759628295898438,0.25852012634277344,0.24826490879058838,0.7064756155014038,0.8398463726043701,23.008331298828125,0.7798463702201843,0.04826490581035614,10.991668701171875,46,stage2,46,0.02,0.9999999403953552
115.01697540283203,110.82921600341797,4.187756538391113,suppress_attn_ca,nan,110.82921600341797,279.1492919921875,168.32007598876953,0.6029751133794037,0.13121367990970612,0.0,2.6561403274536133,0.0,0.8308455348014832,22.737594604492188,0.2520623207092285,0.24187757074832916,0.7050496339797974,0.848112940788269,22.982624053955078,0.7881129384040833,0.041877567768096924,11.017375946044922,47,stage2,47,0.02,0.9999999403953552
113.55859375,109.57970428466797,3.9788901805877686,suppress_attn_ca,nan,109.57970428466797,279.1492919921875,169.56958770751953,0.6074512548370183,0.14338791370391846,0.0,2.5979654788970947,0.0,0.8365554213523865,22.686861038208008,0.24992120265960693,0.23978890478610992,0.7036129832267761,0.8538228273391724,22.927425384521484,0.7938228249549866,0.039788901805877686,11.072574615478516,48,stage2,48,0.02,0.9999998211860657
112.04232025146484,108.38713073730469,3.6551907062530518,suppress_attn_ca,nan,108.38713073730469,279.1492919921875,170.7621612548828,0.6117234259711535,0.15443077683448792,0.0,2.647299289703369,0.0,0.8404567837715149,22.644603729248047,0.2466718852519989,0.2365519106388092,0.7031142115592957,0.8577241897583008,22.883737564086914,0.797724187374115,0.036551907658576965,11.116262435913086,49,stage2,49,0.02,0.9999998807907104
111.29988861083984,106.9923095703125,4.3075785636901855,suppress_attn_ca,nan,106.9923095703125,279.1492919921875,172.156982421875,0.616720111282579,0.16895757615566254,0.008957579731941223,2.772367477416992,0.0,0.8430011868476868,22.568204879760742,0.24413353204727173,0.23411820828914642,0.7007626295089722,0.8602685928344727,22.80457305908203,0.8002685904502869,0.034118205308914185,11.195426940917969,50,stage2,50,0.02,0.9999998807907104
110.25350189208984,106.48613739013672,3.767366647720337,suppress_attn_ca,nan,106.48613739013672,279.1492919921875,172.66315460205078,0.6185333782142749,0.12757664918899536,0.0,2.90665602684021,0.0,0.8453953862190247,22.536657333374023,0.24765083193778992,0.23767367005348206,0.69969642162323,0.8626627922058105,22.77410316467285,0.8026627898216248,0.03767366707324982,11.225896835327148,51,stage2,51,0.02,0.9999998807907104
109.02955627441406,105.4066390991211,3.6229147911071777,suppress_attn_ca,nan,105.4066390991211,279.1492919921875,173.7426528930664,0.6224004784433733,0.1227305680513382,0.0,3.098015785217285,0.0,0.8602021336555481,22.471210479736328,0.24618729948997498,0.23622915148735046,0.6981810927391052,0.8662633895874023,22.706695556640625,0.8062633872032166,0.036229148507118225,11.293304443359375,52,stage2,52,0.02,0.9999997615814209
121.3366470336914,104.1275634765625,17.209081649780273,suppress_attn_ca,nan,104.1275634765625,279.1492919921875,175.021728515625,0.6269825270433547,0.14143499732017517,0.0,3.3389782905578613,0.1389782428741455,0.8829717040061951,22.378751754760742,0.24306583404541016,0.23311257362365723,0.6959077715873718,0.8700231313705444,22.61050033569336,0.8100231289863586,0.03311257064342499,11.38949966430664,53,stage2,53,0.02,1.0
108.09947204589844,103.72064208984375,4.3788299560546875,suppress_attn_ca,nan,103.72064208984375,279.1492919921875,175.42864990234375,0.6284402466163282,0.16467884182929993,0.004678845405578613,2.9841628074645996,0.0,0.897780179977417,22.370718002319336,0.24902240931987762,0.23910945653915405,0.6962482333183289,0.8710020780563354,22.6027774810791,0.8110020756721497,0.039109453558921814,11.397222518920898,54,stage2,54,0.02,1.0
107.93846893310547,103.54582214355469,4.392649173736572,suppress_attn_ca,nan,103.54582214355469,279.1492919921875,175.6034698486328,0.6290665062963777,0.12208333611488342,0.0,2.7925939559936523,0.0,0.8865216374397278,22.42477035522461,0.2538021206855774,0.2439264953136444,0.6982085704803467,0.8701808452606201,22.656801223754883,0.8101808428764343,0.04392649233341217,11.343198776245117,55,stage2,55,0.02,0.9999998807907104
106.56784057617188,102.71330261230469,3.854541540145874,suppress_attn_ca,nan,102.71330261230469,279.1492919921875,176.4359893798828,0.6320488514254254,0.11678940057754517,0.0,2.777005195617676,0.0,0.8643224835395813,22.448501586914062,0.24843254685401917,0.23854541778564453,0.6995290517807007,0.8692722320556641,22.67874526977539,0.8092722296714783,0.03854541480541229,11.32125473022461,56,stage2,56,0.02,1.0
105.11878967285156,101.631591796875,3.4871981143951416,suppress_attn_ca,nan,101.631591796875,279.1492919921875,177.5177001953125,0.6359238776084041,0.11674144864082336,0.0,2.848099708557129,0.0,0.8520369529724121,22.42770767211914,0.24476748704910278,0.2348719835281372,0.6993088126182556,0.8727577924728394,22.653461456298828,0.8127577900886536,0.03487198054790497,11.346538543701172,57,stage2,57,0.02,0.9999998807907104
103.87074279785156,100.48532104492188,3.385420083999634,suppress_attn_ca,nan,100.48532104492188,279.1492919921875,178.66397094726562,0.6400301776594363,0.1272171139717102,0.0,2.9628210067749023,0.0,0.8524021506309509,22.356754302978516,0.24377691745758057,0.23385420441627502,0.6972476243972778,0.8785978555679321,22.576370239257812,0.8185978531837463,0.033854201436042786,11.423629760742188,58,stage2,58,0.02,0.9999998807907104
102.61431884765625,99.320556640625,3.2937631607055664,suppress_attn_ca,nan,99.320556640625,279.1492919921875,179.8287353515625,0.644202727752558,0.14590494334697723,0.0,3.071096897125244,0.0,0.856006920337677,22.260955810546875,0.2427862584590912,0.23293763399124146,0.6946260333061218,0.882577121257782,22.47382354736328,0.8225771188735962,0.032937631011009216,11.526176452636719,59,stage2,59,0.02,0.9999998211860657
101.84403228759766,98.28367614746094,3.5603582859039307,suppress_attn_ca,nan,98.28367614746094,279.1492919921875,180.86561584472656,0.6479171577113956,0.16333793103694916,0.0033379346132278442,3.171952724456787,0.0,0.8587090969085693,22.144855499267578,0.24207091331481934,0.2322656512260437,0.6909966468811035,0.8876019716262817,22.349824905395508,0.827601969242096,0.03226564824581146,11.650175094604492,60,stage2,60,0.02,0.9999999403953552
109.58458709716797,97.79423522949219,11.79035472869873,suppress_attn_ca,nan,97.79423522949219,279.1492919921875,181.3550567626953,0.6496704880332308,0.12338121235370636,0.0,3.280423641204834,0.08042359352111816,0.8593595623970032,22.081701278686523,0.2472822517156601,0.23747995495796204,0.6888914108276367,0.8955565690994263,22.28253173828125,0.8355565667152405,0.0374799519777298,11.71746826171875,61,stage2,61,0.02,0.9999999403953552
103.16346740722656,98.2752685546875,4.88820219039917,suppress_attn_ca,nan,98.2752685546875,279.1492919921875,180.8740234375,0.6479472763361409,0.1371121108531952,0.0,2.900517702102661,0.0,0.8600373864173889,22.049760818481445,0.258523166179657,0.24888202548027039,0.6859533190727234,0.8995026350021362,22.24757957458496,0.8395026326179504,0.04888202250003815,11.752420425415039,62,stage2,62,0.02,0.9999999403953552
101.82544708251953,97.449951171875,4.375494956970215,suppress_attn_ca,nan,97.449951171875,279.1492919921875,181.6993408203125,0.6509038211187642,0.16119559109210968,0.0011955946683883667,2.7847065925598145,0.0,0.8606941103935242,22.014068603515625,0.25220561027526855,0.24255935847759247,0.6835524439811707,0.9052316546440125,22.208860397338867,0.8452316522598267,0.04255935549736023,11.791139602661133,63,stage2,63,0.02,0.9999999403953552
101.54167175292969,97.29656982421875,4.2450995445251465,suppress_attn_ca,nan,97.29656982421875,279.1492919921875,181.85272216796875,0.6514532810388006,0.12288066744804382,0.0,2.799410343170166,0.0,0.8596850037574768,22.04608917236328,0.2520292103290558,0.2424509972333908,0.6834782958030701,0.9072768688201904,22.240354537963867,0.8472768664360046,0.04245099425315857,11.759645462036133,64,stage2,64,0.02,0.9999998807907104
100.2286148071289,96.55754852294922,3.671064853668213,suppress_attn_ca,nan,96.55754852294922,279.1492919921875,182.59174346923828,0.6541006862892149,0.11160889267921448,0.0,2.8979454040527344,0.0,0.8588593602180481,22.06505012512207,0.24632538855075836,0.23671065270900726,0.6842889785766602,0.911507785320282,22.25969696044922,0.8515077829360962,0.036710649728775024,11.740303039550781,65,stage2,65,0.02,0.9999998807907104
98.96629333496094,95.685791015625,3.2805025577545166,suppress_attn_ca,nan,95.685791015625,279.1492919921875,183.4635009765625,0.6572235941106992,0.11998749524354935,0.0,3.05247163772583,0.0,0.859283983707428,22.050687789916992,0.24248100817203522,0.2328050285577774,0.6841230392456055,0.9158083200454712,22.24475860595703,0.8558083176612854,0.032805025577545166,11.755241394042969,66,stage2,66,0.02,0.9999999403953552
103.34447479248047,94.8198471069336,8.524627685546875,suppress_attn_ca,nan,94.8198471069336,279.1492919921875,184.3294448852539,0.660325675805091,0.1288154274225235,0.0,3.2547378540039062,0.05473780632019043,0.8594899773597717,21.9969482421875,0.24020732939243317,0.2305084764957428,0.6828314661979675,0.9188496470451355,22.18878173828125,0.8588496446609497,0.03050847351551056,11.81121826171875,67,stage2,67,0.02,0.9999999403953552
98.34119415283203,94.5937728881836,3.747422933578491,suppress_attn_ca,nan,94.5937728881836,279.1492919921875,184.5555191040039,0.6611355443064102,0.14163732528686523,0.0,2.7932634353637695,0.0,0.8594750761985779,22.00659942626953,0.2470756471157074,0.2374742329120636,0.6833682060241699,0.9199762344360352,22.198692321777344,0.8599762320518494,0.03747422993183136,11.801307678222656,68,stage2,68,0.02,0.9999998807907104
97.45286560058594,93.99737548828125,3.4554929733276367,suppress_attn_ca,nan,93.99737548828125,279.1492919921875,185.15191650390625,0.6632720261711718,0.15222276747226715,0.0,2.58211612701416,0.0,0.8597148060798645,21.986248016357422,0.24410802125930786,0.2345549315214157,0.6837093234062195,0.9218547344207764,22.17735481262207,0.8618547320365906,0.03455492854118347,11.82264518737793,69,stage2,69,0.02,0.9999998211860657
96.38492584228516,93.20848083496094,3.1764461994171143,suppress_attn_ca,nan,93.20848083496094,279.1492919921875,185.94081115722656,0.6660980933543993,0.1595696359872818,0.0,2.5801594257354736,0.0,0.8607636094093323,21.936885833740234,0.24127796292304993,0.23176446557044983,0.6827985048294067,0.9239671230316162,22.125356674194336,0.8639671206474304,0.03176446259021759,11.874643325805664,70,stage2,70,0.02,0.9999998807907104
96.28034973144531,92.27378845214844,4.006560325622559,suppress_attn_ca,nan,92.27378845214844,279.1492919921875,186.87550354003906,0.6694464535674663,0.16886255145072937,0.008862555027008057,2.6771059036254883,0.0,0.862423837184906,21.864099502563477,0.24064166843891144,0.23120304942131042,0.6810821294784546,0.9265912771224976,22.04937744140625,0.8665912747383118,0.031203046441078186,11.95062255859375,71,stage2,71,0.02,0.9999999403953552
95.53736114501953,92.01222229003906,3.5251364707946777,suppress_attn_ca,nan,92.01222229003906,279.1492919921875,187.13706970214844,0.6703834653013765,0.12213639914989471,0.0,2.792787551879883,0.0,0.8632566332817078,21.84931755065918,0.2445933222770691,0.23525136709213257,0.68092942237854,0.9276361465454102,22.035531997680664,0.8676361441612244,0.03525136411190033,11.964468002319336,72,stage2,72,0.02,0.9999998211860657
94.69413757324219,91.45982360839844,3.2343103885650635,suppress_attn_ca,nan,91.45982360839844,279.1492919921875,187.68946838378906,0.6723623300074208,0.13326656818389893,0.0,2.90684175491333,0.0,0.8641826510429382,21.81865692138672,0.24167072772979736,0.23234310746192932,0.6815347671508789,0.9283373355865479,22.00448226928711,0.8683373332023621,0.03234310448169708,11.99551773071289,73,stage2,73,0.02,0.9999998211860657
93.66070556640625,90.68975830078125,2.970944404602051,suppress_attn_ca,nan,90.68975830078125,279.1492919921875,188.45953369140625,0.675120944590039,0.15702411532402039,0.0,3.023251533508301,0.0,0.8662883639335632,21.76365852355957,0.23895537853240967,0.2297094464302063,0.6811239123344421,0.9299160242080688,21.947898864746094,0.8699160218238831,0.02970944344997406,12.052101135253906,74,stage2,74,0.02,0.9999998807907104
95.41807556152344,89.97711181640625,5.440960884094238,suppress_attn_ca,nan,89.97711181640625,279.1492919921875,189.17218017578125,0.6776738670040244,0.18614506721496582,0.026145070791244507,3.1382193565368652,0.0,0.8688915371894836,21.69142723083496,0.23751169443130493,0.22826454043388367,0.6796122789382935,0.9322153329849243,21.873369216918945,0.8722153306007385,0.028264537453651428,12.126630783081055,75,stage2,75,0.02,0.9999999403953552
96.60577392578125,89.56623840332031,7.039535045623779,suppress_attn_ca,nan,89.56623840332031,279.1492919921875,189.5830535888672,0.6791457439704809,0.14264199137687683,0.0,3.237349510192871,0.03734946250915527,0.8675553202629089,21.70842170715332,0.242244690656662,0.23304589092731476,0.6796749830245972,0.9306787252426147,21.8898983001709,0.870678722858429,0.03304588794708252,12.110101699829102,76,stage2,76,0.02,1.0
94.41213989257812,89.93339538574219,4.478748321533203,suppress_attn_ca,nan,89.93339538574219,279.1492919921875,189.2158966064453,0.6778304729203499,0.13127262890338898,0.0,2.8288846015930176,0.0,0.8679279088973999,21.76416778564453,0.2538795471191406,0.24478748440742493,0.6792354583740234,0.9306643009185791,21.946205139160156,0.8706642985343933,0.04478748142719269,12.053794860839844,77,stage2,77,0.02,0.9999998807907104
93.23717498779297,89.59170532226562,3.645472288131714,suppress_attn_ca,nan,89.59170532226562,279.1492919921875,189.55758666992188,0.6790545135082305,0.13635483384132385,0.0,2.6676268577575684,0.0,0.8693100810050964,21.792312622070312,0.2455662339925766,0.23645472526550293,0.6794166564941406,0.9314696788787842,21.97325897216797,0.8714696764945984,0.03645472228527069,12.026741027832031,78,stage2,78,0.02,0.9999998807907104
92.22187805175781,89.07926940917969,3.142605781555176,suppress_attn_ca,nan,89.07926940917969,279.1492919921875,190.0700225830078,0.6808902190886705,0.14593613147735596,0.0,2.7196121215820312,0.0,0.8707823157310486,21.786592483520508,0.2406017780303955,0.23142606019973755,0.6788597106933594,0.9320549964904785,21.965259552001953,0.8720549941062927,0.03142605721950531,12.034740447998047,79,stage2,79,0.02,0.9999998807907104
91.2918701171875,88.43138122558594,2.860487937927246,suppress_attn_ca,nan,88.43138122558594,279.1492919921875,190.71791076660156,0.6832111570318407,0.1544918715953827,0.0,2.888878345489502,0.0,0.8706671595573425,21.74476432800293,0.23786234855651855,0.22860488295555115,0.6771480441093445,0.9313730001449585,21.921024322509766,0.8713729977607727,0.02860487997531891,12.078975677490234,80,stage2,80,0.02,0.9999997615814209
90.592529296875,87.63177490234375,2.960756540298462,suppress_attn_ca,nan,87.63177490234375,279.1492919921875,191.51751708984375,0.6860755967641993,0.16179724037647247,0.0017972439527511597,3.118711471557617,0.0,0.870920717716217,21.66958236694336,0.23703400790691376,0.2278103232383728,0.6747650504112244,0.9306060075759888,21.84208869934082,0.870606005191803,0.027810320258140564,12.15791130065918,81,stage2,81,0.02,0.9999998807907104
104.51856994628906,87.4832763671875,17.035295486450195,suppress_attn_ca,nan,87.4832763671875,279.1492919921875,191.666015625,0.686607564923948,0.12165800482034683,0.0,3.337503671646118,0.13750362396240234,0.8688001036643982,21.596275329589844,0.24199162423610687,0.2328493297100067,0.6723672151565552,0.9284853935241699,21.76763343811035,0.8684853911399841,0.032849326729774475,12.232366561889648,82,stage2,82,0.02,1.0
92.43833923339844,87.80975341796875,4.62858247756958,suppress_attn_ca,nan,87.80975341796875,279.1492919921875,191.33953857421875,0.6854380221017137,0.1259981393814087,0.0,2.8883209228515625,0.0,0.8695114254951477,21.580398559570312,0.2553255259990692,0.2462858259677887,0.6718305349349976,0.9247120022773743,21.751745223999023,0.8647119998931885,0.04628582298755646,12.248254776000977,83,stage2,83,0.02,0.9999999403953552
91.6097183227539,87.50553894042969,4.104176044464111,suppress_attn_ca,nan,87.50553894042969,279.1492919921875,191.6437530517578,0.6865278134293864,0.15699034929275513,0.0,2.6559486389160156,0.0,0.8711262345314026,21.55703353881836,0.2501072287559509,0.24104176461696625,0.6726385354995728,0.9206317663192749,21.727445602416992,0.8606317639350891,0.04104176163673401,12.272554397583008,84,stage2,84,0.02,0.9999998807907104
93.30518341064453,86.8333969116211,6.4717888832092285,suppress_attn_ca,nan,86.8333969116211,279.1492919921875,192.3158950805664,0.6889356362256105,0.19077563285827637,0.030775636434555054,2.625554084777832,0.0,0.8700878620147705,21.51986312866211,0.24301540851593018,0.23394225537776947,0.6732395887374878,0.9179621338844299,21.68836212158203,0.8579621315002441,0.03394225239753723,12.311637878417969,85,stage2,85,0.02,1.0
90.09982299804688,86.70769500732422,3.3921287059783936,suppress_attn_ca,nan,86.70769500732422,279.1492919921875,192.44159698486328,0.6893859397295161,0.15128877758979797,0.0,2.6732687950134277,0.0,0.8684099316596985,21.5590877532959,0.24304451048374176,0.23392128944396973,0.6754677295684814,0.9165797233581543,21.72559356689453,0.8565797209739685,0.03392128646373749,12.274406433105469,86,stage2,86,0.02,0.9999997615814209
89.16460418701172,86.07023620605469,3.094364643096924,suppress_attn_ca,nan,86.07023620605469,279.1492919921875,193.0790557861328,0.6916695163659469,0.13585342466831207,0.0,2.756242513656616,0.0,0.8668845295906067,21.574247360229492,0.24003872275352478,0.23094365000724792,0.6774303317070007,0.9163447022438049,21.737873077392578,0.8563446998596191,0.030943647027015686,12.262126922607422,87,stage2,87,0.02,0.9999998807907104
88.41458892822266,85.57644653320312,2.838139295578003,suppress_attn_ca,nan,85.57644653320312,279.1492919921875,193.57284545898438,0.6934384252867883,0.13375690579414368,0.0,2.842153310775757,0.0,0.8735816478729248,21.566253662109375,0.2374265342950821,0.22838139533996582,0.6790257692337036,0.9158742427825928,21.727001190185547,0.855874240398407,0.02838139235973358,12.272998809814453,88,stage2,88,0.02,0.9999998807907104
87.37762451171875,84.67221069335938,2.7054176330566406,suppress_attn_ca,nan,84.67221069335938,279.1492919921875,194.47708129882812,0.6966776806450611,0.14225003123283386,0.0,2.951256275177002,0.0,0.8800432682037354,21.517139434814453,0.23598626255989075,0.2270541787147522,0.6781539916992188,0.9171404838562012,21.673763275146484,0.8571404814720154,0.02705417573451996,12.326236724853516,89,stage2,89,0.02,0.9999997615814209
86.68968200683594,84.02238464355469,2.66729736328125,suppress_attn_ca,nan,84.02238464355469,279.1492919921875,195.1269073486328,0.6990055606305955,0.1574019342660904,0.0,3.06892728805542,0.0,0.8915639519691467,21.441390991210938,0.23546543717384338,0.2266729772090912,0.6753076910972595,0.9200706481933594,21.59392547607422,0.8600706458091736,0.026672974228858948,12.406074523925781,90,stage2,90,0.02,0.9999998807907104
87.84693145751953,83.2088851928711,4.638043403625488,suppress_attn_ca,nan,83.2088851928711,279.1492919921875,195.9404067993164,0.7019197698871475,0.17849776148796082,0.018497765064239502,3.182703971862793,0.0,0.8934296369552612,21.369911193847656,0.23655396699905396,0.22788266837596893,0.6723045706748962,0.9228107929229736,21.519824981689453,0.8628107905387878,0.027882665395736694,12.480175018310547,91,stage2,91,0.02,0.9999998807907104
95.79347229003906,83.14327239990234,12.650201797485352,suppress_attn_ca,nan,83.14327239990234,279.1492919921875,196.00601959228516,0.7021548154160131,0.13390110433101654,0.0,3.2936415672302246,0.09364151954650879,0.8835344314575195,21.358428955078125,0.24146291613578796,0.2328605055809021,0.6708798408508301,0.9251588582992554,21.50949478149414,0.8651588559150696,0.03286050260066986,12.49050521850586,92,stage2,92,0.02,1.0
87.9234848022461,83.70911407470703,4.21436882019043,suppress_attn_ca,nan,83.70911407470703,279.1492919921875,195.44017791748047,0.7001277937074267,0.13335508108139038,0.0,2.892226219177246,0.0,0.8698177337646484,21.38021469116211,0.25063809752464294,0.2421436905860901,0.6688706874847412,0.9266179800033569,21.532955169677734,0.8666179776191711,0.04214368760585785,12.467044830322266,93,stage2,93,0.02,0.9999999403953552
87.59880065917969,83.17716979980469,4.421627521514893,suppress_attn_ca,nan,83.17716979980469,279.1492919921875,195.9721221923828,0.7020333843363911,0.15129753947257996,0.0,2.7728147506713867,0.0,0.8849725127220154,21.3701229095459,0.2526862919330597,0.24421627819538116,0.6662752628326416,0.9288989901542664,21.523822784423828,0.8688989877700806,0.044216275215148926,12.476177215576172,94,stage2,94,0.02,0.9999998807907104
86.54622650146484,82.50482177734375,4.041403293609619,suppress_attn_ca,nan,82.50482177734375,279.1492919921875,196.64447021484375,0.7044419450662522,0.1642795354127884,0.004279538989067078,2.8716182708740234,0.0,0.9023388028144836,21.345619201660156,0.24462437629699707,0.23613449931144714,0.6652611494064331,0.9315680265426636,21.49895477294922,0.8715680241584778,0.036134496331214905,12.501045227050781,95,stage2,95,0.02,0.9999998807907104
85.88973236083984,82.37590789794922,3.513822078704834,suppress_attn_ca,nan,82.37590789794922,279.1492919921875,196.77338409423828,0.7049037548687221,0.1202307790517807,0.0,3.052487850189209,0.0,0.9186074137687683,21.325328826904297,0.24359212815761566,0.23513822257518768,0.6648842096328735,0.9318634271621704,21.478107452392578,0.8718634247779846,0.035138219594955444,12.521892547607422,96,stage2,96,0.02,0.9999998211860657
92.19474792480469,81.72357177734375,10.471179962158203,suppress_attn_ca,nan,81.72357177734375,279.1492919921875,197.42572021484375,0.7072406267122794,0.1262422800064087,0.0,3.2732656002044678,0.07326555252075195,0.9272531270980835,21.27326202392578,0.23983870446681976,0.2314462512731552,0.6643449068069458,0.9314215779304504,21.424530029296875,0.8714215755462646,0.031446248292922974,12.575469970703125,97,stage2,97,0.02,1.0
85.6571044921875,81.94576263427734,3.7113442420959473,suppress_attn_ca,nan,81.94576263427734,279.1492919921875,197.20352935791016,0.706444669626564,0.15595290064811707,0.0,2.8260881900787354,0.0,0.9272642731666565,21.2733154296875,0.24543070793151855,0.23711344599723816,0.6657226085662842,0.928081750869751,21.423999786376953,0.8680817484855652,0.03711344301700592,12.576000213623047,98,stage2,98,0.02,0.9999998807907104
87.02168273925781,81.20321655273438,5.818467140197754,suppress_attn_ca,nan,81.20321655273438,279.1492919921875,197.94607543945312,0.7091047017414359,0.1837245225906372,0.023724526166915894,2.6140120029449463,0.0,0.926458477973938,21.25382423400879,0.24276742339134216,0.23446014523506165,0.6664668917655945,0.9252577424049377,21.40359878540039,0.865257740020752,0.03446014225482941,12.59640121459961,99,stage2,99,0.02,0.9999998807907104
84.3630599975586,80.84599304199219,3.5170674324035645,suppress_attn_ca,nan,80.84599304199219,279.1492919921875,198.3032989501953,0.7103843879917316,0.14740020036697388,0.0,2.5656847953796387,0.0,0.9218211770057678,21.288394927978516,0.24344971776008606,0.23517067730426788,0.6676205396652222,0.9244973659515381,21.43960952758789,0.8644973635673523,0.035170674324035645,12.56039047241211,100,stage2,100,0.02,0.9999998211860657
83.4902114868164,80.28865051269531,3.2015607357025146,suppress_attn_ca,nan,80.28865051269531,279.1492919921875,198.8606414794922,0.7123809631050673,0.14345458149909973,0.0,2.6493916511535645,0.0,0.914053738117218,21.29770278930664,0.24032358825206757,0.23201560974121094,0.6689502596855164,0.9235020875930786,21.449596405029297,0.8635020852088928,0.0320156067609787,12.550403594970703,101,stage2,101,0.02,0.9999998211860657
82.4155044555664,79.60211181640625,2.8133959770202637,suppress_attn_ca,nan,79.60211181640625,279.1492919921875,199.54718017578125,0.7148403592632645,0.14830806851387024,0.0,2.7607908248901367,0.0,0.9032569527626038,21.287948608398438,0.23654359579086304,0.22813396155834198,0.6699036359786987,0.9222935438156128,21.440486907958984,0.862293541431427,0.02813395857810974,12.559513092041016,102,stage2,102,0.02,1.0
81.71647644042969,78.84825897216797,2.868220329284668,suppress_attn_ca,nan,78.84825897216797,279.1492919921875,200.30103302001953,0.7175408957355526,0.15673433244228363,0.0,2.8643808364868164,0.0,0.8947736620903015,21.246671676635742,0.23712530732154846,0.22868220508098602,0.6685091853141785,0.9211849570274353,21.399423599243164,0.8611849546432495,0.028682202100753784,12.600576400756836,103,stage2,103,0.02,0.9999998211860657
82.08609008789062,78.18814086914062,3.897951602935791,suppress_attn_ca,nan,78.18814086914062,279.1492919921875,200.96115112304688,0.7199056450720682,0.1706954836845398,0.010695487260818481,2.9609923362731934,0.0,0.8902871012687683,21.184118270874023,0.23668880760669708,0.22828403115272522,0.6664911508560181,0.9216326475143433,21.33576202392578,0.8616326451301575,0.02828402817249298,12.664237976074219,104,stage2,104,0.02,0.9999998807907104
81.32657623291016,77.94918060302734,3.3773958683013916,suppress_attn_ca,nan,77.94918060302734,279.1492919921875,201.20011138916016,0.7207616754220215,0.1409616470336914,0.0,3.077622890472412,0.0,0.8984490633010864,21.157695770263672,0.2421245574951172,0.23377396166324615,0.6658369302749634,0.9234161972999573,21.307838439941406,0.8634161949157715,0.033773958683013916,12.692161560058594,105,stage2,105,0.02,0.9999998807907104
80.61327362060547,77.51863098144531,3.094644784927368,suppress_attn_ca,nan,77.51863098144531,279.1492919921875,201.6306610107422,0.7223040387162623,0.14790594577789307,0.0,3.168562412261963,0.0,0.8996899127960205,21.150867462158203,0.23933947086334229,0.23094645142555237,0.666071355342865,0.927152156829834,21.30047607421875,0.8671521544456482,0.03094644844532013,12.69952392578125,106,stage2,106,0.02,0.9999997615814209
87.69012451171875,77.0455551147461,10.644573211669922,suppress_attn_ca,nan,77.0455551147461,279.1492919921875,202.1037368774414,0.7239987443102583,0.16742846369743347,0.007428467273712158,3.2711448669433594,0.07114481925964355,0.8966216444969177,21.1325626373291,0.23631002008914948,0.22787244617938995,0.6660709381103516,0.9304965734481812,21.280439376831055,0.8704965710639954,0.027872443199157715,12.719560623168945,107,stage2,107,0.02,1.0
82.2259521484375,77.20184326171875,5.024112701416016,suppress_attn_ca,nan,77.20184326171875,279.1492919921875,201.94744873046875,0.7234388713266757,0.1787799447774887,0.018779948353767395,2.8990674018859863,0.0,0.8916194438934326,21.15285873413086,0.23985655605793,0.23146118223667145,0.6649594306945801,0.9317643642425537,21.300355911254883,0.8717643618583679,0.03146117925643921,12.699644088745117,108,stage2,108,0.02,0.9999999403953552
80.95294189453125,77.42044067382812,3.5325050354003906,suppress_attn_ca,nan,77.42044067382812,279.1492919921875,201.72885131835938,0.722655787083297,0.13024798035621643,0.0,2.8104159832000732,0.0,0.8702487945556641,21.205358505249023,0.243678018450737,0.23532505333423615,0.6654686331748962,0.9276682138442993,21.351537704467773,0.8676682114601135,0.035325050354003906,12.648462295532227,109,stage2,109,0.02,0.9999999403953552
80.25965881347656,77.29402160644531,2.965639591217041,suppress_attn_ca,nan,77.29402160644531,279.1492919921875,201.8552703857422,0.723108659689495,0.14663240313529968,0.0,2.9340834617614746,0.0,0.8627622127532959,21.210548400878906,0.2380007803440094,0.2296563982963562,0.6663663387298584,0.9224475026130676,21.354698181152344,0.8624475002288818,0.029656395316123962,12.645301818847656,110,stage2,110,0.02,0.9999998807907104
79.52810668945312,76.83343505859375,2.6946723461151123,suppress_attn_ca,nan,76.83343505859375,279.1492919921875,202.31585693359375,0.7247586246403803,0.16173605620861053,0.0017360597848892212,3.1662333011627197,0.0,0.8620492815971375,21.213394165039062,0.23360905051231384,0.22521066665649414,0.6660152673721313,0.9217345714569092,21.35917854309082,0.8617345690727234,0.025210663676261902,12.64082145690918,111,stage2,111,0.02,0.9999999403953552
106.60579681396484,76.87467956542969,29.731117248535156,suppress_attn_ca,nan,76.87467956542969,279.1492919921875,202.2746124267578,0.7246108739277004,0.11942528188228607,0.0,3.468113899230957,0.2681138515472412,0.8653685450553894,21.15484046936035,0.23757867515087128,0.22919732332229614,0.6624938249588013,0.9250538349151611,21.303213119506836,0.8650538325309753,0.029197320342063904,12.696786880493164,112,stage2,112,0.02,1.0
81.43099975585938,77.25535583496094,4.175644874572754,suppress_attn_ca,nan,77.25535583496094,279.1492919921875,201.89393615722656,0.723247172566273,0.12406465411186218,0.0,3.007983922958374,0.0,0.864518940448761,21.161022186279297,0.25010988116264343,0.24175645411014557,0.6615259647369385,0.9242042303085327,21.312416076660156,0.8642042279243469,0.04175645112991333,12.687583923339844,113,stage2,113,0.02,0.9999999403953552
80.39336395263672,77.05339050292969,3.339970111846924,suppress_attn_ca,nan,77.05339050292969,279.1492919921875,202.0959014892578,0.7239706755011718,0.14943623542785645,0.0,2.7333085536956787,0.0,0.8620455861091614,21.161230087280273,0.24182254076004028,0.23339970409870148,0.6626068353652954,0.9217308759689331,21.31481170654297,0.8617308735847473,0.03339970111846924,12.685188293457031,114,stage2,114,0.02,0.9999997615814209
80.80774688720703,76.56510925292969,4.2426347732543945,suppress_attn_ca,nan,76.56510925292969,279.1492919921875,202.5841827392578,0.7257198515299387,0.17424069344997406,0.014240697026252747,2.647012710571289,0.0,0.8619313836097717,21.145715713500977,0.2366536259651184,0.22818565368652344,0.6634038090705872,0.9186660051345825,21.300617218017578,0.8586660027503967,0.0281856507062912,12.699382781982422,115,stage2,115,0.02,0.9999999403953552
79.47953033447266,76.41881561279297,3.0607149600982666,suppress_attn_ca,nan,76.41881561279297,279.1492919921875,202.73047637939453,0.7262439210666826,0.12751853466033936,0.0,2.6402714252471924,0.0,0.8678322434425354,21.17397117614746,0.23906269669532776,0.23060715198516846,0.6648166179656982,0.9172090291976929,21.329269409179688,0.8572090268135071,0.030607149004936218,12.670730590820312,116,stage2,116,0.02,1.0
78.88397216796875,76.00624084472656,2.8777287006378174,suppress_attn_ca,nan,76.00624084472656,279.1492919921875,203.14305114746094,0.7277218928183643,0.12030955404043198,0.0,2.6956934928894043,0.0,0.8801530599594116,21.180391311645508,0.23716244101524353,0.22877728939056396,0.6649352312088013,0.917028546333313,21.33415412902832,0.8570285439491272,0.028777286410331726,12.66584587097168,117,stage2,117,0.02,1.0
77.95647430419922,75.3590087890625,2.5974676609039307,suppress_attn_ca,nan,75.3590087890625,279.1492919921875,203.790283203125,0.7300404803062457,0.13335385918617249,0.0,2.7774405479431152,0.0,0.8893534541130066,21.160770416259766,0.23431611061096191,0.2259746789932251,0.6650336980819702,0.9173595905303955,21.31209373474121,0.8573595881462097,0.02597467601299286,12.687906265258789,118,stage2,118,0.02,0.9999999403953552
77.10195922851562,74.75100708007812,2.3509531021118164,suppress_attn_ca,nan,74.75100708007812,279.1492919921875,204.39828491210938,0.732218532432566,0.15249541401863098,0.0,2.8737311363220215,0.0,0.8971500396728516,21.112661361694336,0.2318815290927887,0.2235095351934433,0.6652876138687134,0.9169961214065552,21.260622024536133,0.8569961190223694,0.02350953221321106,12.739377975463867,119,stage2,119,0.02,0.9999997615814209
78.87181854248047,74.26848602294922,4.60333251953125,suppress_attn_ca,nan,74.26848602294922,279.1492919921875,204.88080596923828,0.7339470736503686,0.18198013305664062,0.02198013663291931,2.9857285022735596,0.0,0.903978705406189,21.04264259338379,0.23243194818496704,0.22405318915843964,0.6638461351394653,0.9164245128631592,21.186304092407227,0.8564245104789734,0.024053186178207397,12.813695907592773,120,stage2,120,0.02,1.0
77.140380859375,74.0549087524414,3.0854716300964355,suppress_attn_ca,nan,74.0549087524414,279.1492919921875,205.0943832397461,0.7347121741777014,0.13318338990211487,0.0,3.1104629039764404,0.0,0.8909024000167847,21.016658782958984,0.23918697237968445,0.23085471987724304,0.6629762053489685,0.9094070196151733,21.15768051147461,0.8494070172309875,0.030854716897010803,12.84231948852539,121,stage2,121,0.02,0.9999998807907104
80.81292724609375,73.73513793945312,7.0777907371521,suppress_attn_ca,nan,73.73513793945312,279.1492919921875,205.41415405273438,0.7358576931604156,0.11576095223426819,0.0,3.2448172569274902,0.044817209243774414,0.8779512643814087,20.986539840698242,0.23439037799835205,0.22596070170402527,0.662937343120575,0.9032077789306641,21.124860763549805,0.8432077765464783,0.02596069872379303,12.875139236450195,122,stage2,122,0.02,1.0
76.80989074707031,73.85047912597656,2.959413766860962,suppress_attn_ca,nan,73.85047912597656,279.1492919921875,205.29881286621094,0.7354445049853703,0.11694967746734619,0.0,2.832794666290283,0.0,0.867497444152832,21.010591506958008,0.23803402483463287,0.2295941412448883,0.6623376607894897,0.9007740020751953,21.14816665649414,0.8407739996910095,0.029594138264656067,12.85183334350586,123,stage2,123,0.02,0.9999998807907104
76.04816436767578,73.51360321044922,2.534557819366455,suppress_attn_ca,nan,73.51360321044922,279.1492919921875,205.63568878173828,0.7366512997908423,0.12804770469665527,0.0,2.667616367340088,0.0,0.862065315246582,21.024625778198242,0.2338191568851471,0.22534558176994324,0.6617615222930908,0.9025478363037109,21.161975860595703,0.8425478339195251,0.025345578789711,12.838024139404297,124,stage2,124,0.02,0.9999998211860657
75.28304290771484,73.08069610595703,2.2023468017578125,suppress_attn_ca,nan,73.08069610595703,279.1492919921875,206.06859588623047,0.7382021083255969,0.14512577652931213,0.0,2.720243453979492,0.0,0.8589158058166504,21.004833221435547,0.2305143177509308,0.22202347218990326,0.6605750322341919,0.9057661890983582,21.141021728515625,0.8457661867141724,0.02202346920967102,12.858978271484375,125,stage2,125,0.02,0.9999998211860657
75.47966766357422,72.63395690917969,2.8457119464874268,suppress_attn_ca,nan,72.63395690917969,279.1492919921875,206.5153350830078,0.7398024677375414,0.1681082546710968,0.008108258247375488,2.898219108581543,0.0,0.8577570915222168,20.957754135131836,0.22882391512393951,0.22034886479377747,0.6587468385696411,0.9088231325149536,21.092233657836914,0.8488231301307678,0.020348861813545227,12.907766342163086,126,stage2,126,0.02,0.9999999403953552
75.54353332519531,72.90298461914062,2.6405467987060547,suppress_attn_ca,nan,72.90298461914062,279.1492919921875,206.24630737304688,0.7388387264074417,0.12268289923667908,0.0,3.045591354370117,0.0,0.8674060106277466,20.967906951904297,0.23482078313827515,0.22640547156333923,0.6585978269577026,0.9119257926940918,21.100048065185547,0.851925790309906,0.026405468583106995,12.899951934814453,127,stage2,127,0.02,0.9999998807907104
77.34928131103516,72.58251190185547,4.7667694091796875,suppress_attn_ca,nan,72.58251190185547,279.1492919921875,206.56678009033203,0.7399867598306973,0.12457698583602905,0.0,3.223782539367676,0.02378249168395996,0.8750665187835693,20.962020874023438,0.23227953910827637,0.2238852083683014,0.6588739156723022,0.9152159690856934,21.091224670410156,0.8552159667015076,0.023885205388069153,12.908775329589844,128,stage2,128,0.02,0.9999999403953552
75.91621398925781,72.89059448242188,3.025618076324463,suppress_attn_ca,nan,72.89059448242188,279.1492919921875,206.25869750976562,0.7388831117491717,0.1468980312347412,0.0,2.737985610961914,0.0,0.8786078095436096,21.0164794921875,0.23855920135974884,0.23025618493556976,0.6612074375152588,0.9139761924743652,21.14406394958496,0.8539761900901794,0.030256181955337524,12.855936050415039,129,stage2,129,0.02,0.9999998211860657
76.26431274414062,72.73637390136719,3.527942419052124,suppress_attn_ca,nan,72.73637390136719,279.1492919921875,206.4129180908203,0.7394355780655075,0.16682609915733337,0.0068261027336120605,2.5679078102111816,0.0,0.8811700344085693,21.041261672973633,0.23673886060714722,0.22845332324504852,0.6635026335716248,0.9102165699005127,21.1678466796875,0.8502165675163269,0.028453320264816284,12.8321533203125,130,stage2,130,0.02,0.9999999403953552
75.65074920654297,72.80429077148438,2.8464601039886475,suppress_attn_ca,nan,72.80429077148438,279.1492919921875,206.34500122070312,0.7391922786122562,0.1291092038154602,0.0,2.6086339950561523,0.0,0.8674781322479248,21.05990982055664,0.2367592602968216,0.22846460342407227,0.6650307774543762,0.9028917551040649,21.187881469726562,0.8428917527198792,0.028464600443840027,12.812118530273438,131,stage2,131,0.02,0.9999998211860657
74.77131652832031,72.3504638671875,2.42085599899292,suppress_attn_ca,nan,72.3504638671875,279.1492919921875,206.798828125,0.7408180284074933,0.11984908580780029,0.0,2.737557888031006,0.0,0.8552556037902832,21.046234130859375,0.23253445327281952,0.22420856356620789,0.6656107306480408,0.8968608379364014,21.174562454223633,0.8368608355522156,0.024208560585975647,12.825437545776367,132,stage2,132,0.02,0.9999998807907104
73.96309661865234,71.78083038330078,2.182264566421509,suppress_attn_ca,nan,71.78083038330078,279.1492919921875,207.36846160888672,0.7428586335611781,0.13163352012634277,0.0,2.864612102508545,0.0,0.8442432284355164,21.005456924438477,0.23014450073242188,0.22182264924049377,0.6649384498596191,0.8942679166793823,21.132797241210938,0.8342679142951965,0.021822646260261536,12.867202758789062,133,stage2,133,0.02,0.9999998211860657
73.38723754882812,71.32730102539062,2.0599379539489746,suppress_attn_ca,nan,71.32730102539062,279.1492919921875,207.82199096679688,0.7444833174522726,0.1572965383529663,0.0,2.9567456245422363,0.0,0.8342993259429932,20.948993682861328,0.22892996668815613,0.22059938311576843,0.6631981134414673,0.8900142312049866,21.07516098022461,0.8300142288208008,0.020599380135536194,12.92483901977539,134,stage2,134,0.02,0.9999998211860657
76.17365264892578,70.95179748535156,5.221854209899902,suppress_attn_ca,nan,70.95179748535156,279.1492919921875,208.19749450683594,0.7458284884801453,0.19162365794181824,0.031623661518096924,3.0541911125183105,0.0,0.8336405158042908,20.875185012817383,0.22888267040252686,0.2205948829650879,0.6605916023254395,0.882585883140564,20.999691009521484,0.8225858807563782,0.020594879984855652,13.000308990478516,135,stage2,135,0.02,0.9999999403953552
73.56822967529297,70.90292358398438,2.665306568145752,suppress_attn_ca,nan,70.90292358398438,279.1492919921875,208.24636840820312,0.7460035700682747,0.15534017980098724,0.0,3.1928443908691406,0.0,0.834230363368988,20.86904525756836,0.23486840724945068,0.2266530692577362,0.6600394248962402,0.8791396617889404,20.992904663085938,0.8191396594047546,0.026653066277503967,13.007095336914062,136,stage2,136,0.02,0.9999999403953552
85.40032958984375,70.5909423828125,14.809386253356934,suppress_attn_ca,nan,70.5909423828125,279.1492919921875,208.558349609375,0.747121184227155,0.14497262239456177,0.0,3.3232741355895996,0.12327408790588379,0.8446448445320129,20.858182907104492,0.23299315571784973,0.22481977939605713,0.6595717668533325,0.8892194032669067,20.981117248535156,0.829219400882721,0.02481977641582489,13.018882751464844,137,stage2,137,0.02,0.9999999403953552
74.23185729980469,71.08317565917969,3.1486823558807373,suppress_attn_ca,nan,71.08317565917969,279.1492919921875,208.0661163330078,0.7453578508049052,0.1465466320514679,0.0,2.926731586456299,0.0,0.8565494418144226,20.873844146728516,0.2395622581243515,0.23148682713508606,0.6571133136749268,0.8997730016708374,20.997106552124023,0.8397729992866516,0.03148682415485382,13.002893447875977,138,stage2,138,0.02,0.9999999403953552
73.64086151123047,70.86122131347656,2.779641628265381,suppress_attn_ca,nan,70.86122131347656,279.1492919921875,208.28807067871094,0.7461529606334816,0.15311166644096375,0.0,2.8912906646728516,0.0,0.8648549914360046,20.864883422851562,0.23589390516281128,0.22779642045497894,0.654874324798584,0.9092220067977905,20.98792266845703,0.8492220044136047,0.027796417474746704,13.012077331542969,139,stage2,139,0.02,0.9999998211860657
73.26842498779297,70.454345703125,2.8140783309936523,suppress_attn_ca,nan,70.454345703125,279.1492919921875,208.6949462890625,0.7476105162212026,0.1645466685295105,0.004546672105789185,3.092209815979004,0.0,0.8728849291801453,20.828580856323242,0.23175206780433655,0.22359411418437958,0.6524956226348877,0.9177942276000977,20.9506778717041,0.8577942252159119,0.02359411120414734,13.049322128295898,140,stage2,140,0.02,0.9999998807907104
87.06391906738281,70.66853332519531,16.395389556884766,suppress_attn_ca,nan,70.66853332519531,279.1492919921875,208.4807586669922,0.7468432292238337,0.1263369619846344,0.0,3.336761713027954,0.13676166534423828,0.8711286783218384,20.84436798095703,0.23543931543827057,0.227192223072052,0.6520326137542725,0.916037917137146,20.96550941467285,0.8560379147529602,0.027192220091819763,13.034490585327148,141,stage2,141,0.02,0.9999999403953552
75.09414672851562,71.25148010253906,3.8426666259765625,suppress_attn_ca,nan,71.25148010253906,279.1492919921875,207.89781188964844,0.7447549316924896,0.13578909635543823,0.0,2.8844943046569824,0.0,0.8708649277687073,20.911550521850586,0.24669529497623444,0.23842667043209076,0.6533971428871155,0.9118362665176392,21.032405853271484,0.8518362641334534,0.03842666745185852,12.967594146728516,142,stage2,142,0.02,0.9999998807907104
74.15447998046875,71.02532196044922,3.1291558742523193,suppress_attn_ca,nan,71.02532196044922,279.1492919921875,208.12397003173828,0.7455651008334386,0.15728576481342316,0.0,2.6380341053009033,0.0,0.870642364025116,20.966079711914062,0.23957158625125885,0.23129156231880188,0.6561370491981506,0.9084185361862183,21.08649253845215,0.8484185338020325,0.03129155933856964,12.913507461547852,143,stage2,143,0.02,0.9999997615814209
74.87060546875,70.98036193847656,3.89024019241333,suppress_attn_ca,nan,70.98036193847656,279.1492919921875,208.16893005371094,0.7457261616824624,0.17349441349506378,0.013494417071342468,2.5596630573272705,0.0,0.8705610632896423,20.995637893676758,0.23366707563400269,0.22540798783302307,0.6587011218070984,0.9069228172302246,21.11578941345215,0.8469228148460388,0.025407984852790833,12.884210586547852,144,stage2,144,0.02,0.9999999403953552
74.1122817993164,71.28252410888672,2.82975435256958,suppress_attn_ca,nan,71.28252410888672,279.1492919921875,207.86676788330078,0.7446437223602856,0.13686594367027283,0.0,2.552499294281006,0.0,0.8759542107582092,20.980634689331055,0.23643913865089417,0.22829754650592804,0.6577398777008057,0.9189496040344238,21.101699829101562,0.858949601650238,0.0282975435256958,12.898300170898438,145,stage2,145,0.02,0.9999999403953552
73.26361083984375,70.60221862792969,2.661390542984009,suppress_attn_ca,nan,70.60221862792969,279.1492919921875,208.5470733642578,0.7470807891932406,0.14099270105361938,0.0,2.587942600250244,0.0,0.8826554417610168,20.93407440185547,0.23477452993392944,0.22661390900611877,0.6556989550590515,0.9275647401809692,21.05495834350586,0.8675647377967834,0.026613906025886536,12.94504165649414,146,stage2,146,0.02,0.9999998807907104
72.26034545898438,69.82365417480469,2.4366915225982666,suppress_attn_ca,nan,69.82365417480469,279.1492919921875,209.3256378173828,0.7498698503711095,0.16033783555030823,0.00033783912658691406,2.650324821472168,0.0,0.8880541324615479,20.864999771118164,0.23227275907993317,0.224029079079628,0.653688371181488,0.9329633712768555,20.985023498535156,0.8729633688926697,0.024029076099395752,13.014976501464844,147,stage2,147,0.02,1.0
72.91173553466797,70.0745849609375,2.837151288986206,suppress_attn_ca,nan,70.0745849609375,279.1492919921875,209.07470703125,0.7489709378775761,0.13458406925201416,0.0,2.729259967803955,0.0,0.9002600908279419,20.818050384521484,0.23667030036449432,0.2283715158700943,0.6526386737823486,0.9451693296432495,20.937789916992188,0.8851693272590637,0.02837151288986206,13.062210083007812,148,stage2,148,0.02,1.0
72.19894409179688,69.587890625,2.6110544204711914,suppress_attn_ca,nan,69.587890625,279.1492919921875,209.5614013671875,0.7507144290842495,0.14527060091495514,0.0,2.814047336578369,0.0,0.909199595451355,20.784137725830078,0.23434163630008698,0.2261105477809906,0.6521621942520142,0.9541088342666626,20.90336036682129,0.8941088318824768,0.026110544800758362,13.096639633178711,149,stage2,149,0.02,0.9999998807907104
72.5556640625,69.12704467773438,3.428621768951416,suppress_attn_ca,nan,69.12704467773438,279.1492919921875,210.02224731445312,0.7523653232849001,0.17117255926132202,0.011172562837600708,2.9039885997772217,0.0,0.9167677164077759,20.75687599182129,0.2313634753227234,0.22311365604400635,0.6528781652450562,0.9616769552230835,20.87517738342285,0.9016769528388977,0.02311365306377411,13.124822616577148,150,stage2,150,0.02,1.0
72.0743179321289,69.53337097167969,2.5409460067749023,suppress_attn_ca,nan,69.53337097167969,279.1492919921875,209.6159210205078,0.7509097355202116,0.13818034529685974,0.0,2.9903407096862793,0.0,0.9088470935821533,20.813011169433594,0.2336634397506714,0.22540946304798126,0.6554424166679382,0.9537563323974609,20.93151092529297,0.8937563300132751,0.025409460067749023,13.068489074707031,151,stage2,151,0.02,1.0
71.77050018310547,69.28096771240234,2.489532470703125,suppress_attn_ca,nan,69.28096771240234,279.1492919921875,209.86832427978516,0.7518139228727068,0.14983582496643066,0.0,3.0885887145996094,0.0,0.9033005237579346,20.830060958862305,0.233159601688385,0.22489532828330994,0.6566097736358643,0.9466327428817749,20.948089599609375,0.8866327404975891,0.024895325303077698,13.051910400390625,152,stage2,152,0.02,0.9999998807907104
71.82372283935547,68.88098907470703,2.942734956741333,suppress_attn_ca,nan,68.88098907470703,279.1492919921875,210.26830291748047,0.7532467713490214,0.16617844998836517,0.00617845356464386,3.1834468841552734,0.0,0.8993546962738037,20.81901741027832,0.23158994317054749,0.2232488989830017,0.6570521593093872,0.9393310546875,20.936138153076172,0.8793310523033142,0.02324889600276947,13.063861846923828,153,stage2,153,0.02,0.9999999403953552
77.85504150390625,68.76152038574219,9.093521118164062,suppress_attn_ca,nan,68.76152038574219,279.1492919921875,210.3877716064453,0.7536747455276849,0.12890692055225372,0.0,3.2644364833831787,0.06443643569946289,0.9066091179847717,20.810880661010742,0.23485687375068665,0.2264987826347351,0.6565773487091064,0.9489175081253052,20.928163528442383,0.8889175057411194,0.02649877965450287,13.071836471557617,154,stage2,154,0.02,1.0
72.74156188964844,69.28712463378906,3.4544363021850586,suppress_attn_ca,nan,69.28712463378906,279.1492919921875,209.86216735839844,0.751791866856219,0.13811109960079193,0.0,2.8133621215820312,0.0,0.9131575226783752,20.841333389282227,0.24287793040275574,0.23454436659812927,0.6554691195487976,0.9572230577468872,20.959318161010742,0.8972230553627014,0.034544363617897034,13.040681838989258,155,stage2,155,0.02,0.9999999403953552
71.99381256103516,69.14802551269531,2.845785140991211,suppress_attn_ca,nan,69.14802551269531,279.1492919921875,210.0012664794922,0.7522901633774141,0.15978316962718964,0.0,2.659417152404785,0.0,0.9195768237113953,20.850744247436523,0.23677507042884827,0.22845785319805145,0.6546593904495239,0.9644861221313477,20.968402862548828,0.9044861197471619,0.028457850217819214,13.031597137451172,156,stage2,156,0.02,0.9999998211860657
73.86064910888672,69.01751708984375,4.843132019042969,suppress_attn_ca,nan,69.01751708984375,279.1492919921875,210.13177490234375,0.7527576853328529,0.18423619866371155,0.024236202239990234,2.7388949394226074,0.0,0.9251697063446045,20.829425811767578,0.23247140645980835,0.22419512271881104,0.6533719897270203,0.9700789451599121,20.94532012939453,0.9100789427757263,0.024195119738578796,13.054679870605469,157,stage2,157,0.02,0.9999998807907104
71.77200317382812,69.248779296875,2.523224115371704,suppress_attn_ca,nan,69.248779296875,279.1492919921875,209.9005126953125,0.7519292318362282,0.14622969925403595,0.0,2.8760650157928467,0.0,0.9175615310668945,20.818777084350586,0.23345908522605896,0.22523224353790283,0.6526049375534058,0.9624707698822021,20.933151245117188,0.9024707674980164,0.025232240557670593,13.066848754882812,158,stage2,158,0.02,0.9999998807907104
71.00289916992188,68.76197814941406,2.240920066833496,suppress_attn_ca,nan,68.76197814941406,279.1492919921875,210.38731384277344,0.7536731056751579,0.1356552243232727,0.0,3.0503082275390625,0.0,0.9101877212524414,20.777000427246094,0.23066657781600952,0.2224092036485672,0.6512224078178406,0.955096960067749,20.889368057250977,0.8950969576835632,0.02240920066833496,13.110631942749023,159,stage2,159,0.02,0.9999997615814209
75.3734130859375,68.36225891113281,7.011151313781738,suppress_attn_ca,nan,68.36225891113281,279.1492919921875,210.7870330810547,0.7551050249017073,0.1518547683954239,0.0,3.2489752769470215,0.048975229263305664,0.9046739339828491,20.7048397064209,0.22944147884845734,0.22113628685474396,0.6491578221321106,0.9495831727981567,20.814716339111328,0.889583170413971,0.02113628387451172,13.185283660888672,160,stage2,160,0.02,1.0
73.35037994384766,68.8753662109375,4.475010871887207,suppress_attn_ca,nan,68.8753662109375,279.1492919921875,210.27392578125,0.7532669142042276,0.1732235550880432,0.0132235586643219,2.7744202613830566,0.0,0.8977935314178467,20.68979263305664,0.23980799317359924,0.23152655363082886,0.6488831043243408,0.9427027702331543,20.797903060913086,0.8827027678489685,0.03152655065059662,13.202096939086914,161,stage2,161,0.02,1.0
73.14402770996094,69.44170379638672,3.7023260593414307,suppress_attn_ca,nan,69.44170379638672,279.1492919921875,209.70758819580078,0.751238115988737,0.12969402968883514,0.0,2.5499229431152344,0.0,0.8999221324920654,20.709861755371094,0.24530397355556488,0.237023264169693,0.6503376364707947,0.944831371307373,20.817874908447266,0.8848313689231873,0.037023261189460754,13.182125091552734,162,stage2,162,0.02,0.9999999403953552
71.70560455322266,68.70533752441406,3.0002667903900146,suppress_attn_ca,nan,68.70533752441406,279.1492919921875,210.44395446777344,0.7538760100944949,0.13002148270606995,0.0,2.566187858581543,0.0,0.9029909372329712,20.739269256591797,0.23829002678394318,0.23000267148017883,0.6530295610427856,0.9479001760482788,20.84734344482422,0.887900173664093,0.030002668499946594,13.152656555175781,163,stage2,163,0.02,0.9999998807907104
71.14266204833984,68.57049560546875,2.5721683502197266,suppress_attn_ca,nan,68.57049560546875,279.1492919921875,210.57879638671875,0.754359055987189,0.14036013185977936,0.0,2.6379761695861816,0.0,0.9078198671340942,20.76461410522461,0.23403458297252655,0.22572168707847595,0.6544417142868042,0.9527291059494019,20.873144149780273,0.8927291035652161,0.025721684098243713,13.126855850219727,164,stage2,164,0.02,0.9999999403953552
70.69339752197266,68.27552795410156,2.417869806289673,suppress_attn_ca,nan,68.27552795410156,279.1492919921875,210.87376403808594,0.7554157222938169,0.1488495171070099,0.0,2.719733238220215,0.0,0.9127779006958008,20.764558792114258,0.23244760930538177,0.22417870163917542,0.6537156105041504,0.9576871395111084,20.872943878173828,0.8976871371269226,0.024178698658943176,13.127056121826172,165,stage2,165,0.02,0.9999999403953552
70.22380828857422,67.71401977539062,2.5097877979278564,suppress_attn_ca,nan,67.71401977539062,279.1492919921875,211.43527221679688,0.7574272200651481,0.16203643381595612,0.0020364373922348022,2.7975656986236572,0.0,0.9162387847900391,20.740978240966797,0.23128020763397217,0.2230614423751831,0.652399480342865,0.9611480236053467,20.84895133972168,0.9011480212211609,0.023061439394950867,13.15104866027832,166,stage2,166,0.02,0.9999999403953552
70.79173278808594,67.86375427246094,2.927981376647949,suppress_attn_ca,nan,67.86375427246094,279.1492919921875,211.28553771972656,0.7568908243035765,0.12016451358795166,0.0,2.895674705505371,0.0,0.9042906165122986,20.76348304748535,0.2373715341091156,0.22927981615066528,0.6519337296485901,0.949199914932251,20.872533798217773,0.8891999125480652,0.029279813170433044,13.127466201782227,167,stage2,167,0.02,0.9999998807907104
70.29744720458984,67.63980102539062,2.6576473712921143,suppress_attn_ca,nan,67.63980102539062,279.1492919921875,211.50949096679688,0.7576930948215206,0.12407448142766953,0.0,2.986867666244507,0.0,0.8941215872764587,20.768890380859375,0.23464225232601166,0.22657647728919983,0.6525368690490723,0.9390308856964111,20.879276275634766,0.8790308833122253,0.02657647430896759,13.120723724365234,168,stage2,168,0.02,0.9999998211860657
69.54518127441406,67.1728515625,2.3723318576812744,suppress_attn_ca,nan,67.1728515625,279.1492919921875,211.9764404296875,0.7593658537225308,0.14567913115024567,0.0,3.0750341415405273,0.0,0.8870099782943726,20.756275177001953,0.23183120787143707,0.22372332215309143,0.653107762336731,0.9319192171096802,20.867401123046875,0.8719192147254944,0.023723319172859192,13.132598876953125,169,stage2,169,0.02,0.9999998807907104
70.08380889892578,66.9652099609375,3.1185970306396484,suppress_attn_ca,nan,66.9652099609375,279.1492919921875,212.18408203125,0.760109690828764,0.16926732659339905,0.009267330169677734,3.1698718070983887,0.0,0.8824151754379272,20.717525482177734,0.23005643486976624,0.22191864252090454,0.6524765491485596,0.9273244142532349,20.827991485595703,0.8673244118690491,0.021918639540672302,13.172008514404297,170,stage2,170,0.02,0.9999998211860657
78.19153594970703,67.0217514038086,11.169783592224121,suppress_attn_ca,nan,67.0217514038086,279.1492919921875,212.1275405883789,0.7599071417108079,0.1390889585018158,0.0,3.2849717140197754,0.08497166633605957,0.8884901404380798,20.69818878173828,0.23490002751350403,0.22672617435455322,0.6523775458335876,0.9333994388580322,20.808856964111328,0.8733994364738464,0.026726171374320984,13.191143035888672,171,stage2,171,0.02,0.9999998807907104
71.31037902832031,67.58959197998047,3.7207887172698975,suppress_attn_ca,nan,67.58959197998047,279.1492919921875,211.55970001220703,0.7578729593128537,0.15263202786445618,0.0,2.886050224304199,0.0,0.8940128087997437,20.69378089904785,0.24535633623600006,0.23720788955688477,0.6502355337142944,0.9386669397354126,20.805084228515625,0.8786669373512268,0.03720788657665253,13.194915771484375,172,stage2,172,0.02,0.9999998211860657
71.99044799804688,67.52880096435547,4.4616475105285645,suppress_attn_ca,nan,67.52880096435547,279.1492919921875,211.62049102783203,0.7580907317284352,0.1744598150253296,0.014459818601608276,2.9059371948242188,0.0,0.89773029088974,20.6667537689209,0.23834659159183502,0.23015666007995605,0.6487017273902893,0.9420288801193237,20.777997970581055,0.8820288777351379,0.030156657099723816,13.222002029418945,173,stage2,173,0.02,0.9999998807907104
70.7407455444336,67.75511932373047,2.9856250286102295,suppress_attn_ca,nan,67.75511932373047,279.1492919921875,211.39417266845703,0.7572799886391017,0.13969853520393372,0.0,3.1160430908203125,0.0,0.9067476391792297,20.690528869628906,0.2380242943763733,0.22985625267028809,0.648250937461853,0.9516569375991821,20.801143646240234,0.8916569352149963,0.029856249690055847,13.198856353759766,174,stage2,174,0.02,0.9999999403953552
92.5203628540039,67.21646118164062,25.30390167236328,suppress_attn_ca,nan,67.21646118164062,279.1492919921875,211.93283081054688,0.7592096304384616,0.1350465714931488,0.0,3.4276413917541504,0.22764134407043457,0.9200208187103271,20.68666648864746,0.23357462882995605,0.22539767622947693,0.6473871469497681,0.9649300575256348,20.795690536499023,0.904930055141449,0.02539767324924469,13.204309463500977,175,stage2,175,0.02,1.0
70.52743530273438,67.40225219726562,3.125180244445801,suppress_attn_ca,nan,67.40225219726562,279.1492919921875,211.74703979492188,0.7585440689595158,0.14687444269657135,0.0,3.000636577606201,0.0,0.9299957752227783,20.74335289001465,0.23936046659946442,0.2312518060207367,0.6481956839561462,0.9749050140380859,20.851839065551758,0.9149050116539001,0.031251803040504456,13.148160934448242,176,stage2,176,0.02,1.0
70.12736511230469,67.21603393554688,2.911332130432129,suppress_attn_ca,nan,67.21603393554688,279.1492919921875,211.93325805664062,0.7592111609674868,0.16320493817329407,0.003204941749572754,2.729957103729248,0.0,0.9359006881713867,20.783035278320312,0.23408877849578857,0.22590838372707367,0.6500325798988342,0.9808099269866943,20.891395568847656,0.9208099246025085,0.02590838074684143,13.108604431152344,177,stage2,177,0.02,0.9999998807907104
69.85649871826172,67.20254516601562,2.65395188331604,suppress_attn_ca,nan,67.20254516601562,279.1492919921875,211.94674682617188,0.7592594819552815,0.1346440315246582,0.0,2.587651491165161,0.0,0.9450980424880981,20.778162002563477,0.23469814658164978,0.2265395224094391,0.6498696804046631,0.9900072813034058,20.888370513916016,0.93000727891922,0.026539519429206848,13.111629486083984,178,stage2,178,0.02,0.9999998211860657
68.99810791015625,66.71815490722656,2.2799506187438965,suppress_attn_ca,nan,66.71815490722656,279.1492919921875,212.43113708496094,0.7609947192375691,0.1447126418352127,0.0,2.546598196029663,0.0,0.95353764295578,20.743608474731445,0.23097267746925354,0.22279950976371765,0.6489546298980713,0.9900072813034058,20.854610443115234,0.93000727891922,0.022799506783485413,13.145389556884766,179,stage2,179,0.02,0.9999997615814209
69.5779800415039,66.275634765625,3.3023476600646973,suppress_attn_ca,nan,66.275634765625,279.1492919921875,212.8736572265625,0.7625799646753901,0.1732501983642578,0.013250201940536499,2.5812864303588867,0.0,0.9573974013328552,20.686208724975586,0.22799241542816162,0.2197732776403427,0.6474000811576843,0.9900072813034058,20.79695701599121,0.93000727891922,0.019773274660110474,13.203042984008789,180,stage2,180,0.02,0.9999999403953552
68.89178466796875,66.57597351074219,2.315814733505249,suppress_attn_ca,nan,66.57597351074219,279.1492919921875,212.5733184814453,0.7615040574324458,0.13914713263511658,0.0,2.6250057220458984,0.0,0.9522098898887634,20.702213287353516,0.23136413097381592,0.22315815091133118,0.6479265689849854,0.9900072813034058,20.81295394897461,0.93000727891922,0.023158147931098938,13.18704605102539,181,stage2,181,0.02,0.9999998807907104
68.41374206542969,66.18828582763672,2.2254600524902344,suppress_attn_ca,nan,66.18828582763672,279.1492919921875,212.96100616455078,0.7628928758684113,0.13356636464595795,0.0,2.703975200653076,0.0,0.947065532207489,20.703248977661133,0.2304270714521408,0.22225460410118103,0.6479892134666443,0.9900072813034058,20.813867568969727,0.93000727891922,0.02225460112094879,13.186132431030273,182,stage2,182,0.02,0.9999998211860657
67.98860168457031,66.03626251220703,1.9523396492004395,suppress_attn_ca,nan,66.03626251220703,279.1492919921875,213.11302947998047,0.7634374708926176,0.14293767511844635,0.0,2.799452066421509,0.0,0.9450980424880981,20.691967010498047,0.22773784399032593,0.21952340006828308,0.6487202644348145,0.9900072813034058,20.802820205688477,0.93000727891922,0.019523397088050842,13.197179794311523,183,stage2,183,0.02,0.9999997615814209
67.6485366821289,65.692138671875,1.9564003944396973,suppress_attn_ca,nan,65.692138671875,279.1492919921875,213.4571533203125,0.7646702300297666,0.16057278215885162,0.0005727857351303101,2.902172088623047,0.0,0.9450980424880981,20.658554077148438,0.2272052764892578,0.218991219997406,0.6484686136245728,0.9900072813034058,20.76910400390625,0.93000727891922,0.018991217017173767,13.23089599609375,184,stage2,184,0.02,0.9999998807907104
68.00379943847656,65.64494323730469,2.358858346939087,suppress_attn_ca,nan,65.64494323730469,279.1492919921875,213.5043487548828,0.7648392988252971,0.12708526849746704,0.0,3.012521505355835,0.0,0.9450980424880981,20.650732040405273,0.2317676544189453,0.22358858585357666,0.6491357088088989,0.9900072813034058,20.760648727416992,0.93000727891922,0.02358858287334442,13.239351272583008,185,stage2,185,0.02,0.9999997615814209
67.4923095703125,65.3764877319336,2.115823268890381,suppress_attn_ca,nan,65.3764877319336,279.1492919921875,213.7728042602539,0.7658009903397381,0.12632299959659576,0.0,3.121570110321045,0.0,0.9389054775238037,20.628196716308594,0.22935838997364044,0.2211582362651825,0.6490885615348816,0.9838147163391113,20.73671531677246,0.9238147139549255,0.021158233284950256,13.263284683227539,186,stage2,186,0.02,0.9999998807907104
72.38291931152344,65.21263885498047,7.1702775955200195,suppress_attn_ca,nan,65.21263885498047,279.1492919921875,213.93665313720703,0.7663879482208912,0.14226776361465454,0.0,3.2524008750915527,0.052400827407836914,0.9392532110214233,20.5856990814209,0.22755199670791626,0.2193019539117813,0.6477915644645691,0.984162449836731,20.693265914916992,0.9241624474525452,0.019301950931549072,13.306734085083008,187,stage2,187,0.02,0.9999998807907104
68.95478057861328,66.01144409179688,2.94333553314209,suppress_attn_ca,nan,66.01144409179688,279.1492919921875,213.13784790039062,0.7635263782304548,0.16362541913986206,0.003625422716140747,2.8588509559631348,0.0,0.9398043155670166,20.59389877319336,0.23401090502738953,0.22580793499946594,0.6466301679611206,0.9847135543823242,20.70131492614746,0.9247135519981384,0.025807932019233704,13.298685073852539,188,stage2,188,0.02,0.9999999403953552
69.4254379272461,66.34898376464844,3.0764565467834473,suppress_attn_ca,nan,66.34898376464844,279.1492919921875,212.80030822753906,0.7623172056388188,0.12450805306434631,0.0,2.640747308731079,0.0,0.9417928457260132,20.64818572998047,0.23892830312252045,0.23076456785202026,0.6466547250747681,0.9867020845413208,20.757183074951172,0.926702082157135,0.030764564871788025,13.242816925048828,189,stage2,189,0.02,0.9999998807907104
68.38934326171875,65.65739440917969,2.731950521469116,suppress_attn_ca,nan,65.65739440917969,279.1492919921875,213.4918975830078,0.7647946948365636,0.1233517974615097,0.0,2.600731372833252,0.0,0.9437382221221924,20.684812545776367,0.23544566333293915,0.22731950879096985,0.6473304629325867,0.9886474609375,20.79463768005371,0.9286474585533142,0.02731950581073761,13.205362319946289,190,stage2,190,0.02,0.9999998807907104
67.72886657714844,65.34707641601562,2.381791114807129,suppress_attn_ca,nan,65.34707641601562,279.1492919921875,213.80221557617188,0.7659063508645958,0.13671720027923584,0.0,2.6547999382019043,0.0,0.9450980424880981,20.695192337036133,0.2319193333387375,0.22381791472434998,0.6474059820175171,0.9900072813034058,20.805133819580078,0.93000727891922,0.023817911744117737,13.194866180419922,191,stage2,191,0.02,0.9999998807907104
67.4260025024414,65.1827392578125,2.2432610988616943,suppress_attn_ca,nan,65.1827392578125,279.1492919921875,213.966552734375,0.7664950579217777,0.15838825702667236,0.0,2.740431785583496,0.0,0.9450980424880981,20.67684555053711,0.2305188775062561,0.22243261337280273,0.645755410194397,0.9900072813034058,20.78628921508789,0.93000727891922,0.022432610392570496,13.21371078491211,192,stage2,192,0.02,0.9999997615814209
69.17369842529297,64.8262939453125,4.3474016189575195,suppress_attn_ca,nan,64.8262939453125,279.1492919921875,214.322998046875,0.7677719564227776,0.18246640264987946,0.022466406226158142,2.825509548187256,0.0,0.9450980424880981,20.636289596557617,0.22905686497688293,0.22100761532783508,0.6431434154510498,0.9900072813034058,20.74515151977539,0.93000727891922,0.021007612347602844,13.25484848022461,193,stage2,193,0.02,0.9999999403953552
67.55980682373047,65.02618408203125,2.5336251258850098,suppress_attn_ca,nan,65.02618408203125,279.1492919921875,214.12310791015625,0.7670558874860012,0.14169815182685852,0.0,2.904506206512451,0.0,0.9450980424880981,20.607662200927734,0.2333676815032959,0.2253362536430359,0.6419512629508972,0.9900072813034058,20.71763801574707,0.93000727891922,0.02533625066280365,13.28236198425293,194,stage2,194,0.02,0.9999997615814209
67.10599517822266,64.85910034179688,2.2468984127044678,suppress_attn_ca,nan,64.85910034179688,279.1492919921875,214.29019165039062,0.7676544336583448,0.14422021806240082,0.0,2.987832546234131,0.0,0.947542130947113,20.570026397705078,0.23058365285396576,0.22246898710727692,0.6422113180160522,0.9900072813034058,20.68050193786621,0.93000727891922,0.022468984127044678,13.319498062133789,195,stage2,195,0.02,0.9999998211860657
67.14363098144531,64.50859832763672,2.635033369064331,suppress_attn_ca,nan,64.50859832763672,279.1492919921875,214.64069366455078,0.7689100414073695,0.16530761122703552,0.005307614803314209,3.084747314453125,0.0,0.9509803652763367,20.51775360107422,0.22918814420700073,0.2210427224636078,0.6420013308525085,0.9900072813034058,20.628206253051758,0.93000727891922,0.02104271948337555,13.371793746948242,196,stage2,196,0.02,1.0
67.13514709472656,64.65074157714844,2.484403610229492,suppress_attn_ca,nan,64.65074157714844,279.1492919921875,214.49855041503906,0.7684008398668702,0.1212659701704979,0.0,3.1612818241119385,0.0,0.9496049284934998,20.5440731048584,0.23296332359313965,0.2248440384864807,0.6433825492858887,0.9900072813034058,20.654808044433594,0.93000727891922,0.024844035506248474,13.345191955566406,197,stage2,197,0.02,0.9999998807907104
70.43270874023438,64.50477600097656,5.927932262420654,suppress_attn_ca,nan,64.50477600097656,279.1492919921875,214.64451599121094,0.7689237341759697,0.12130658328533173,0.0,3.237307071685791,0.037307024002075195,0.9481773972511292,20.553892135620117,0.23014065623283386,0.2219723016023636,0.6439051628112793,0.9900072813034058,20.66462516784668,0.93000727891922,0.021972298622131348,13.33537483215332,198,stage2,198,0.02,0.9999999403953552
67.71810913085938,64.99537658691406,2.722735643386841,suppress_attn_ca,nan,64.99537658691406,279.1492919921875,214.15391540527344,0.7671662495610662,0.1360565721988678,0.0,2.7948856353759766,0.0,0.9482590556144714,20.61305809020996,0.23536929488182068,0.2272273600101471,0.6451793909072876,0.9900072813034058,20.72443962097168,0.93000727891922,0.027227357029914856,13.27556037902832,199,stage2,199,0.02,0.9999997615814209
67.25725555419922,64.7627182006836,2.4945363998413086,suppress_attn_ca,nan,64.7627182006836,279.1492919921875,214.3865737915039,0.7679997046078981,0.15429016947746277,0.0,2.678475856781006,0.0,0.9457144141197205,20.649574279785156,0.23311328887939453,0.22494536638259888,0.6457645893096924,0.9900072813034058,20.760986328125,0.93000727891922,0.024945363402366638,13.239013671875,200,stage2,200,0.02,0.9999998807907104
67.2925796508789,64.54695129394531,2.745626926422119,suppress_attn_ca,nan,64.54695129394531,279.1492919921875,214.6023406982422,0.768772649096485,0.16593056917190552,0.005930572748184204,2.7523834705352783,0.0,0.9450980424880981,20.661209106445312,0.22972476482391357,0.22152569890022278,0.6457966566085815,0.9900072813034058,20.772647857666016,0.93000727891922,0.02152569591999054,13.227352142333984,201,stage2,201,0.02,0.9999999403953552
67.19013977050781,64.84967041015625,2.340470314025879,suppress_attn_ca,nan,64.84967041015625,279.1492919921875,214.29962158203125,0.7676882146204004,0.11983640491962433,0.0,2.8779003620147705,0.0,0.9388495683670044,20.642621994018555,0.23160864412784576,0.22340470552444458,0.6445817351341248,0.983758807182312,20.755233764648438,0.9237588047981262,0.02340470254421234,13.244766235351562,202,stage2,202,0.02,0.9999998807907104
66.70997619628906,64.38915252685547,2.320821523666382,suppress_attn_ca,nan,64.38915252685547,279.1492919921875,214.76013946533203,0.7693379335934066,0.12373092025518417,0.0,3.0027647018432617,0.0,0.9316614270210266,20.603219985961914,0.23142990469932556,0.2232082188129425,0.6427319049835205,0.9749891757965088,20.716733932495117,0.914989173412323,0.023208215832710266,13.283266067504883,203,stage2,203,0.02,0.9999998807907104
66.30142211914062,64.17887115478516,2.1225497722625732,suppress_attn_ca,nan,64.17887115478516,279.1492919921875,214.97042083740234,0.7700912271825453,0.15180110931396484,0.0,3.123940944671631,0.0,0.9280714392662048,20.551700592041016,0.22949202358722687,0.22122550010681152,0.6413255929946899,0.9688311815261841,20.665075302124023,0.9088311791419983,0.021225497126579285,13.334924697875977,204,stage2,204,0.02,0.9999998807907104
73.06520080566406,63.82094955444336,9.244255065917969,suppress_attn_ca,nan,63.82094955444336,279.1492919921875,215.32834243774414,0.7713734142079447,0.18531601130962372,0.025316014885902405,3.247197151184082,0.04719710350036621,0.9297439455986023,20.49669075012207,0.22815941274166107,0.21992944180965424,0.6395853757858276,0.9646023511886597,20.60884666442871,0.9046023488044739,0.019929438829421997,13.391153335571289,205,stage2,205,0.02,1.0
71.8352279663086,64.19615173339844,7.639074325561523,suppress_attn_ca,nan,64.19615173339844,279.1492919921875,214.95314025878906,0.7700293227496522,0.20907549560070038,0.049075499176979065,2.762413263320923,0.0,0.9284396171569824,20.49034881591797,0.2354617714881897,0.2273152470588684,0.6378462314605713,0.9612938165664673,20.601600646972656,0.9012938141822815,0.02731524407863617,13.398399353027344,206,stage2,206,0.02,1.0
68.04917907714844,64.73015594482422,3.319023609161377,suppress_attn_ca,nan,64.73015594482422,279.1492919921875,214.41913604736328,0.7681163527843166,0.15725678205490112,0.0,2.4936232566833496,0.0,0.9246910810470581,20.5644588470459,0.24130851030349731,0.23319023847579956,0.6391614675521851,0.9536659717559814,20.675155639648438,0.8936659693717957,0.03319023549556732,13.324844360351562,207,stage2,207,0.02,1.0
66.88853454589844,64.2880859375,2.600449323654175,suppress_attn_ca,nan,64.2880859375,279.1492919921875,214.8612060546875,0.7696999857004859,0.14896604418754578,0.0,2.4552221298217773,0.0,0.9238998293876648,20.615978240966797,0.2342531830072403,0.226004496216774,0.6406484842300415,0.9470130205154419,20.725706100463867,0.8870130181312561,0.026004493236541748,13.274293899536133,208,stage2,208,0.02,0.9999998807907104
66.17489624023438,64.10833740234375,2.066561698913574,suppress_attn_ca,nan,64.10833740234375,279.1492919921875,215.04095458984375,0.7703439011260758,0.1567302942276001,0.0,2.5628108978271484,0.0,0.9263786673545837,20.637237548828125,0.22900649905204773,0.22066561877727509,0.6408502459526062,0.9436002969741821,20.745384216308594,0.8836002945899963,0.020665615797042847,13.254615783691406,209,stage2,209,0.02,0.9999999403953552
66.79141235351562,63.801055908203125,2.990354537963867,suppress_attn_ca,nan,63.801055908203125,279.1492919921875,215.34823608398438,0.7714446794656792,0.1708609163761139,0.010860919952392578,2.7366042137145996,0.0,0.9317010045051575,20.624067306518555,0.22743768990039825,0.21904262900352478,0.6398564577102661,0.9443422555923462,20.729747772216797,0.8843422532081604,0.01904262602329254,13.270252227783203,210,stage2,210,0.02,0.9999998807907104
66.48583221435547,63.897483825683594,2.588351011276245,suppress_attn_ca,nan,63.897483825683594,279.1492919921875,215.2518081665039,0.7710992445308732,0.13484695553779602,0.0,2.9254345893859863,0.0,0.948058545589447,20.5797176361084,0.23423391580581665,0.22588351368904114,0.6379878520965576,0.9612058401107788,20.68474578857422,0.901205837726593,0.0258835107088089,13.315254211425781,211,stage2,211,0.02,0.9999998211860657
66.03650665283203,63.76667785644531,2.269826889038086,suppress_attn_ca,nan,63.76667785644531,279.1492919921875,215.3826141357422,0.7715678323904546,0.13604605197906494,0.0,3.1052536964416504,0.0,0.9612258076667786,20.53034782409668,0.23105260729789734,0.22269827127456665,0.6371482610702515,0.9779868125915527,20.63465118408203,0.9179868102073669,0.02269826829433441,13.365348815917969,212,stage2,212,0.02,0.9999998211860657
71.66877746582031,63.35554122924805,8.313234329223633,suppress_attn_ca,nan,63.35554122924805,279.1492919921875,215.79375076293945,0.773040652272114,0.16249145567417145,0.0024914592504501343,3.2598249912261963,0.05982494354248047,0.9664372801780701,20.47624397277832,0.22916097939014435,0.22081594169139862,0.6369199156761169,0.9900072813034058,20.579708099365234,0.93000727891922,0.020815938711166382,13.420291900634766,213,stage2,213,0.02,1.0
68.41634368896484,63.828792572021484,4.587552070617676,suppress_attn_ca,nan,63.828792572021484,279.1492919921875,215.32049942016602,0.7713453180679826,0.17178942263126373,0.01178942620754242,2.753818988800049,0.0,0.9649768471717834,20.503694534301758,0.24235090613365173,0.23408609628677368,0.6378171443939209,0.9900072813034058,20.607467651367188,0.93000727891922,0.03408609330654144,13.392532348632812,214,stage2,214,0.02,1.0
68.45108795166016,64.42845916748047,4.0226263999938965,suppress_attn_ca,nan,64.42845916748047,279.1492919921875,214.72083282470703,0.7691971249230909,0.12617681920528412,0.0,2.5835654735565186,0.0,0.9660229086875916,20.58386993408203,0.24848100543022156,0.24022626876831055,0.6407821774482727,0.9900072813034058,20.68795394897461,0.93000727891922,0.04022626578807831,13.31204605102539,215,stage2,215,0.02,0.9999999403953552
67.39238739013672,64.20820617675781,3.1841800212860107,suppress_attn_ca,nan,64.20820617675781,279.1492919921875,214.9410858154297,0.769986139966442,0.13197964429855347,0.0,2.721764087677002,0.0,0.9657494425773621,20.62839698791504,0.24016281962394714,0.2318418025970459,0.6431435942649841,0.9900072813034058,20.73253631591797,0.93000727891922,0.03184179961681366,13.267463684082031,216,stage2,216,0.02,0.9999998807907104
66.46141052246094,63.70408248901367,2.75732421875,suppress_attn_ca,nan,63.70408248901367,279.1492919921875,215.44520950317383,0.7717920685580799,0.1466987133026123,0.0,2.9073848724365234,0.0,0.961558997631073,20.64664077758789,0.23592936992645264,0.2275732457637787,0.6432571411132812,0.9886078834533691,20.752065658569336,0.9286078810691833,0.027573242783546448,13.247934341430664,217,stage2,217,0.02,0.9999999403953552
66.09616088867188,63.42502975463867,2.671133041381836,suppress_attn_ca,nan,63.42502975463867,279.1492919921875,215.72426223754883,0.7727917226585201,0.16015028953552246,0.00015029311180114746,3.0847320556640625,0.0,0.9580484628677368,20.627023696899414,0.23481380939483643,0.226561039686203,0.64122474193573,0.986085057258606,20.732309341430664,0.9260850548744202,0.026561036705970764,13.267690658569336,218,stage2,218,0.02,0.9999999403953552
67.69902801513672,63.5001335144043,4.198894023895264,suppress_attn_ca,nan,63.5001335144043,279.1492919921875,215.6491584777832,0.7725226775205954,0.12888923287391663,0.0,3.208097219467163,0.008097171783447266,0.9528825879096985,20.5553035736084,0.24203112721443176,0.23389177024364471,0.6362728476524353,0.9900072813034058,20.660968780517578,0.93000727891922,0.033891767263412476,13.339031219482422,219,stage2,219,0.02,0.9999999403953552
68.99601745605469,64.13160705566406,4.864410877227783,suppress_attn_ca,nan,64.13160705566406,279.1492919921875,215.01768493652344,0.7702605419559548,0.14683564007282257,0.0,2.703579902648926,0.0,0.9514538645744324,20.490646362304688,0.2566743791103363,0.24864411354064941,0.628943920135498,0.9900072813034058,20.596845626831055,0.93000727891922,0.048644110560417175,13.403154373168945,220,stage2,220,0.02,0.9999998807907104
71.43804931640625,63.97770309448242,7.4603424072265625,suppress_attn_ca,nan,63.97770309448242,279.1492919921875,215.17158889770508,0.7708118740409596,0.19452419877052307,0.03452420234680176,2.5307698249816895,0.0,0.9525229334831238,20.433385848999023,0.2480701506137848,0.24007922410964966,0.6252816915512085,0.9900072813034058,20.539398193359375,0.93000727891922,0.04007922112941742,13.460601806640625,221,stage2,221,0.02,0.9999999403953552
67.98455047607422,64.08883666992188,3.89571475982666,suppress_attn_ca,nan,64.08883666992188,279.1492919921875,215.06045532226562,0.7704137588437246,0.16144834458827972,0.0014483481645584106,2.6544418334960938,0.0,0.9497755169868469,20.476154327392578,0.2455424666404724,0.23750880360603333,0.626115083694458,0.9900072813034058,20.582130432128906,0.93000727891922,0.037508800625801086,13.417869567871094,222,stage2,222,0.02,1.0
67.87435913085938,64.21947479248047,3.6548852920532227,suppress_attn_ca,nan,64.21947479248047,279.1492919921875,214.92981719970703,0.7699457722634032,0.1212751567363739,0.0,2.838388681411743,0.0,0.9450980424880981,20.591350555419922,0.24463948607444763,0.23654885590076447,0.6304123401641846,0.9900072813034058,20.697519302368164,0.93000727891922,0.03654885292053223,13.302480697631836,223,stage2,223,0.02,0.9999998807907104
66.93094635009766,64.04183197021484,2.8891115188598633,suppress_attn_ca,nan,64.04183197021484,279.1492919921875,215.10746002197266,0.7705821443673689,0.14856117963790894,0.0,3.034191846847534,0.0,0.9357328414916992,20.6676025390625,0.23706422746181488,0.22889111936092377,0.6352403163909912,0.9806420803070068,20.772817611694336,0.920642077922821,0.02889111638069153,13.227182388305664,224,stage2,224,0.02,0.9999999403953552
73.22699737548828,63.714805603027344,9.512188911437988,suppress_attn_ca,nan,63.714805603027344,279.1492919921875,215.43448638916016,0.7717536550126356,0.19055846333503723,0.030558466911315918,3.2408885955810547,0.04088854789733887,0.930686891078949,20.68610954284668,0.23195844888687134,0.22367487847805023,0.6381552219390869,0.9654183387756348,20.789554595947266,0.905418336391449,0.023674875497817993,13.210445404052734,225,stage2,225,0.02,1.0
73.92654418945312,64.32613372802734,9.600408554077148,suppress_attn_ca,nan,64.32613372802734,279.1492919921875,214.82315826416016,0.7695636866246194,0.2264285385608673,0.066428542137146,2.7269983291625977,0.0,0.9249321818351746,20.733463287353516,0.23778514564037323,0.22957554459571838,0.6410608291625977,0.9553008079528809,20.836076736450195,0.8953008055686951,0.029575541615486145,13.163923263549805,226,stage2,226,0.02,0.9999998807907104
71.99982452392578,64.58863830566406,7.411189556121826,suppress_attn_ca,nan,64.58863830566406,279.1492919921875,214.56065368652344,0.768623313193029,0.19807447493076324,0.03807447850704193,2.445340871810913,0.0,0.9332795739173889,20.699649810791016,0.24410253763198853,0.23603741824626923,0.6400338411331177,0.9603468179702759,20.80145263671875,0.9003468155860901,0.03603741526603699,13.19854736328125,227,stage2,227,0.02,0.9999998211860657
67.9560546875,64.28756713867188,3.6684842109680176,suppress_attn_ca,nan,64.28756713867188,279.1492919921875,214.86172485351562,0.7697018442000165,0.15904171764850616,0.0,2.3637804985046387,0.0,0.9381374716758728,20.62006950378418,0.24461980164051056,0.23668484389781952,0.637080192565918,0.9810439348220825,20.721649169921875,0.9210439324378967,0.03668484091758728,13.278350830078125,228,stage2,228,0.02,0.9999998211860657
68.93635559082031,63.55999755859375,5.376360893249512,suppress_attn_ca,nan,63.55999755859375,279.1492919921875,215.58929443359375,0.772308225806381,0.18284910917282104,0.02284911274909973,2.4275619983673096,0.0,0.9466884732246399,20.540599822998047,0.2388215810060501,0.23091450333595276,0.6345911026000977,0.9900072813034058,20.64175796508789,0.93000727891922,0.03091450035572052,13.35824203491211,229,stage2,229,0.02,0.9999999403953552
67.89009857177734,63.87830352783203,4.011796474456787,suppress_attn_ca,nan,63.87830352783203,279.1492919921875,215.27098846435547,0.7711679543517532,0.16951963305473328,0.009519636631011963,2.5235509872436523,0.0,0.951113760471344,20.544044494628906,0.23853743076324463,0.2305983304977417,0.6340380311012268,0.9900072813034058,20.644657135009766,0.93000727891922,0.03059832751750946,13.355342864990234,230,stage2,230,0.02,1.0
67.63408660888672,64.43698120117188,3.19710373878479,suppress_attn_ca,nan,64.43698120117188,279.1492919921875,214.71231079101562,0.7691665963352139,0.12507618963718414,0.0,2.6385488510131836,0.0,0.9529442191123962,20.606685638427734,0.24000242352485657,0.23197104036808014,0.6361712217330933,0.9900072813034058,20.708276748657227,0.93000727891922,0.0319710373878479,13.291723251342773,231,stage2,231,0.02,0.9999998807907104
66.67988586425781,63.89970016479492,2.7801856994628906,suppress_attn_ca,nan,63.89970016479492,279.1492919921875,215.24959182739258,0.7710913049115551,0.1366465538740158,0.0,2.752485752105713,0.0,0.9519426226615906,20.649303436279297,0.23591431975364685,0.2278018593788147,0.6388617157936096,0.9900072813034058,20.751937866210938,0.93000727891922,0.02780185639858246,13.248062133789062,232,stage2,232,0.02,0.9999998807907104
65.84013366699219,63.46305465698242,2.377079486846924,suppress_attn_ca,nan,63.46305465698242,279.1492919921875,215.68623733520508,0.77265550557528,0.15465323626995087,0.0,2.840151309967041,0.0,0.9489244818687439,20.66300392150879,0.23191916942596436,0.22377079725265503,0.6415077447891235,0.9900072813034058,20.766450881958008,0.93000727891922,0.02377079427242279,13.233549118041992,233,stage2,233,0.02,0.9999998807907104
66.406494140625,63.06947326660156,3.3370227813720703,suppress_attn_ca,nan,63.06947326660156,279.1492919921875,216.07981872558594,0.7740654371125302,0.17125071585178375,0.011250719428062439,2.906660795211792,0.0,0.9451056122779846,20.652034759521484,0.23030316829681396,0.2221195101737976,0.642755389213562,0.9881441593170166,20.75583267211914,0.9281441569328308,0.02211950719356537,13.24416732788086,234,stage2,234,0.02,0.9999998807907104
65.70838165283203,63.06224822998047,2.646130323410034,suppress_attn_ca,nan,63.06224822998047,279.1492919921875,216.08704376220703,0.7740913194515808,0.1478201448917389,0.0,2.989710807800293,0.0,0.9470912218093872,20.606002807617188,0.23460067808628082,0.22646130621433258,0.6418091058731079,0.9900072813034058,20.71120834350586,0.93000727891922,0.026461303234100342,13.28879165649414,235,stage2,235,0.02,0.9999998211860657
65.59207153320312,62.74358367919922,2.848484992980957,suppress_attn_ca,nan,62.74358367919922,279.1492919921875,216.40570831298828,0.7752328754573549,0.1644006222486496,0.004400625824928284,3.0635719299316406,0.0,0.9515441656112671,20.554786682128906,0.2322261929512024,0.22408422827720642,0.6406419277191162,0.9900072813034058,20.660884857177734,0.93000727891922,0.024084225296974182,13.339115142822266,236,stage2,236,0.02,0.9999998211860657
65.45121765136719,62.829132080078125,2.622087240219116,suppress_attn_ca,nan,62.829132080078125,279.1492919921875,216.32015991210938,0.7749264143509398,0.1434144675731659,0.0,3.1482412815093994,0.0,0.9541613459587097,20.54459571838379,0.23438146710395813,0.22622087597846985,0.6403206586837769,0.9900072813034058,20.650596618652344,0.93000727891922,0.02622087299823761,13.349403381347656,237,stage2,237,0.02,0.9999998807907104
67.32466888427734,62.36478805541992,4.959884166717529,suppress_attn_ca,nan,62.36478805541992,279.1492919921875,216.78450393676758,0.776589839757984,0.15172646939754486,0.0,3.227440357208252,0.027440309524536133,0.9576449394226074,20.521453857421875,0.23039674758911133,0.2221585363149643,0.6398634314537048,0.9900072813034058,20.626230239868164,0.93000727891922,0.022158533334732056,13.373769760131836,238,stage2,238,0.02,1.0
66.47502136230469,62.584564208984375,3.890453338623047,suppress_attn_ca,nan,62.584564208984375,279.1492919921875,216.56472778320312,0.7758025328943484,0.17290300130844116,0.012903004884719849,2.8105759620666504,0.0,0.9588208794593811,20.531387329101562,0.23424102365970612,0.2260015308856964,0.6382082104682922,0.9900072813034058,20.6356143951416,0.93000727891922,0.026001527905464172,13.364385604858398,239,stage2,239,0.02,0.9999998807907104
65.93516540527344,62.98296356201172,2.952200174331665,suppress_attn_ca,nan,62.98296356201172,279.1492919921875,216.16632843017578,0.7743753419092518,0.15022499859333038,0.0,2.725691318511963,0.0,0.9576217532157898,20.583450317382812,0.23774877190589905,0.2295220047235489,0.6381734609603882,0.9900072813034058,20.68648338317871,0.93000727891922,0.02952200174331665,13.313516616821289,240,stage2,240,0.02,0.9999998211860657
65.0340805053711,62.60356140136719,2.4305179119110107,suppress_attn_ca,nan,62.60356140136719,279.1492919921875,216.5457305908203,0.7757344790144792,0.1571885347366333,0.0,2.874333381652832,0.0,0.958175539970398,20.605239868164062,0.2325640767812729,0.2243051826953888,0.6390525102615356,0.9900072813034058,20.706689834594727,0.93000727891922,0.024305179715156555,13.293310165405273,241,stage2,241,0.02,0.9999998807907104
65.34471893310547,62.37200164794922,2.972717761993408,suppress_attn_ca,nan,62.37200164794922,279.1492919921875,216.77729034423828,0.7765639984152465,0.16963519155979156,0.009635195136070251,3.1266913414001465,0.0,0.9584886431694031,20.59586524963379,0.2284567654132843,0.22009198367595673,0.6399884223937988,0.9900072813034058,20.69554328918457,0.93000727891922,0.020091980695724487,13.30445671081543,242,stage2,242,0.02,1.0
83.43252563476562,62.45170211791992,20.98082733154297,suppress_attn_ca,nan,62.45170211791992,279.1492919921875,216.69758987426758,0.7762784864248635,0.12100274115800858,0.0,3.3876070976257324,0.1876070499420166,0.9603409767150879,20.562801361083984,0.2305757701396942,0.22220124304294586,0.6394072771072388,0.9900072813034058,20.66195297241211,0.93000727891922,0.022201240062713623,13.33804702758789,243,stage2,243,0.02,1.0
66.31073760986328,63.08547592163086,3.22525954246521,suppress_attn_ca,nan,63.08547592163086,279.1492919921875,216.06381607055664,0.7740081106012748,0.12299486994743347,0.0,2.9457592964172363,0.0,0.9617912173271179,20.570812225341797,0.2405320107936859,0.2322525978088379,0.6397958993911743,0.9900072813034058,20.67007827758789,0.93000727891922,0.03225259482860565,13.32992172241211,244,stage2,244,0.02,0.9999999403953552
65.50151062011719,62.681884765625,2.8196229934692383,suppress_attn_ca,nan,62.681884765625,279.1492919921875,216.4674072265625,0.7754539002471148,0.14632822573184967,0.0,2.657599925994873,0.0,0.9631194472312927,20.573104858398438,0.23647387325763702,0.22819623351097107,0.6406277418136597,0.9900072813034058,20.672393798828125,0.93000727891922,0.02819623053073883,13.327606201171875,245,stage2,245,0.02,0.9999998211860657
65.6001968383789,62.44557189941406,3.154627799987793,suppress_attn_ca,nan,62.44557189941406,279.1492919921875,216.70372009277344,0.7763004467832871,0.16754810512065887,0.007548108696937561,2.5173964500427246,0.0,0.9635615944862366,20.573652267456055,0.23234257102012634,0.22399817407131195,0.6406579613685608,0.9900072813034058,20.6729793548584,0.93000727891922,0.023998171091079712,13.327020645141602,246,stage2,246,0.02,0.9999998211860657
65.34966278076172,62.8702392578125,2.479422092437744,suppress_attn_ca,nan,62.8702392578125,279.1492919921875,216.279052734375,0.774779155594018,0.1313718557357788,0.0,2.4666435718536377,0.0,0.963989794254303,20.61042022705078,0.2331770658493042,0.22479422390460968,0.6412370204925537,0.9900072813034058,20.71123504638672,0.93000727891922,0.02479422092437744,13.288764953613281,247,stage2,247,0.02,0.9999998211860657
64.65879821777344,62.41820526123047,2.240590810775757,suppress_attn_ca,nan,62.41820526123047,279.1492919921875,216.73108673095703,0.7763984826335244,0.1327962577342987,0.0,2.5064778327941895,0.0,0.9623612761497498,20.61382484436035,0.2308064103126526,0.22240591049194336,0.6414794921875,0.9900072813034058,20.71544647216797,0.93000727891922,0.02240590751171112,13.284553527832031,248,stage2,248,0.02,0.9999998211860657
63.94247055053711,61.92112350463867,2.0213470458984375,suppress_attn_ca,nan,61.92112350463867,279.1492919921875,217.22816848754883,0.7781791848271223,0.1370898336172104,0.0,2.5833449363708496,0.0,0.9585707783699036,20.595855712890625,0.22873356938362122,0.22021347284317017,0.6422120332717896,0.9900072813034058,20.697439193725586,0.93000727891922,0.020213469862937927,13.302560806274414,249,stage2,249,0.02,0.9999997615814209
