image,class,generation,evaluation,score,id_norm,dir_norm,use_norm,subject_lost,subject_id_def,subject_box_iou_edit_def,align_def,align_gain_def,clip_s_def,niqe_def,latent_l2,hf_rgb_total,niqe_input,niqe_original,rejected,support_deltaE00,delta_e_cap,face_deltaE00,face_delta_e_cap,knob_face_grid,knob_face_sigma,knob_face_scale,knob_face_amplitude,knob_frame_grid,knob_frame_sigma,knob_frame_scale,knob_frame_amplitude,knob_clothes_grid,knob_clothes_sigma,knob_clothes_scale,knob_clothes_amplitude,knob_face_palette,knob_clothes_palette,knob_lock_luminance,knob_field_seed
task_attr_mod_color_123744,hat,1,1,0.969707,0.99873,0.762784,0.957087,0,0.89961,0.92151,0.20133,0.00925,0.04849,2.61581,31.9576,0.89512,2.34443,2.26012,0,9.5032,16.0,7.4933,16.0,1,24.0,0.0,0.05,1,24.0,0.0,0.5,1,24.0,0.0,0.5,0,0,1,0
task_attr_mod_color_123744,hat,2,2,0.979631,0.975073,0.158277,0.985216,0,0.8668,0.89038,0.20827,0.00433,0.0185,2.50442,39.3217,0.94865,2.35074,2.26012,0,12.9905,16.0,9.8378,16.0,8,20.714,0.0,0.239,1,8.336,0.2118,0.7786,1,19.483,0.0,0.5605,0,7,1,43
task_attr_mod_color_123744,hat,2,3,0.985634,1.0,0.888429,0.976632,0,0.92208,0.93707,0.19897,0.01139,0.05676,2.53328,52.5795,0.89538,2.34664,2.26012,0,15.847,16.0,11.89,16.0,1,28.179,0.0,0.05,2,32.0,0.4934,0.7576,1,32.0,0.0,0.237,0,0,1,0
task_attr_mod_color_123744,hat,2,4,0.987729,0.999872,0.908219,0.979629,0,0.90167,0.9074,0.20359,0.01224,0.07131,2.48817,18.7097,0.91532,2.34809,2.26012,0,3.7331,16.0,2.5503,16.0,1,30.079,0.0,0.1361,1,18.392,0.1435,0.1947,1,27.227,0.0,0.1959,0,0,1,0
task_attr_mod_color_123744,hat,2,5,0.990923,0.99633,0.934329,0.986483,0,0.89528,0.90661,0.20477,0.01282,0.07028,2.48935,26.7552,0.9148,2.33758,2.26012,0,5.1652,16.0,3.433,16.0,16,23.603,0.0329,0.05,4,32.0,0.092,0.1903,1,16.597,0.6947,0.5123,0,0,1,997
task_attr_mod_color_123744,hat,2,6,0.996397,0.999296,0.689712,0.993799,0,0.90063,0.91201,0.2052,0.01547,0.08189,2.52328,23.7503,0.93007,2.33818,2.26012,0,3.4985,16.0,3.657,16.0,1,20.237,0.0,0.4595,4,32.0,0.2276,0.05,1,32.0,0.4032,0.519,1,4,1,6
task_attr_mod_color_123744,hat,2,7,0.928909,0.997982,0.752131,0.91561,0,0.89826,0.96661,0.19887,0.00853,0.04371,2.761,32.7257,0.90565,2.34287,2.26012,0,7.3006,16.0,4.7118,16.0,1,32.0,0.0,0.2003,1,31.966,0.0,0.286,1,22.218,0.0,0.7818,2,0,1,0
task_attr_mod_color_123744,hat,2,8,0.936231,0.998487,0.891152,0.922588,0,0.89917,0.93314,0.20233,0.01167,0.06646,2.7387,23.0157,0.91408,2.33878,2.26012,0,3.9359,16.0,2.9254,16.0,1,30.361,0.0,0.05,4,32.0,0.0,0.1164,1,32.0,0.0,0.4896,3,0,1,0
task_attr_mod_color_123744,hat,2,9,0.994948,0.99914,0.756139,0.99136,0,0.90035,0.93949,0.212,0.01957,0.1121,2.5358,31.2475,0.94412,2.33537,2.26012,0,6.4041,16.0,4.3583,16.0,1,22.659,0.0,0.05,1,24.049,0.1222,0.2273,1,32.0,1.0315,0.7553,13,5,1,457
task_attr_mod_color_123744,hat,2,10,0.980465,1.0,0.658655,0.969789,0,0.91289,0.91417,0.20446,0.01005,0.05643,2.53891,33.6116,0.89094,2.35995,2.26012,0,10.1468,16.0,10.5994,16.0,2,25.002,0.0,0.05,1,31.035,0.0,0.654,2,32.0,0.0,0.4803,8,8,1,0
task_attr_mod_color_123744,hat,3,11,0.991768,0.989545,0.052085,0.994208,0,0.88304,0.9163,0.1967,0.00078,0.00442,2.45186,45.1143,0.93956,2.31948,2.26012,0,12.755,16.0,8.6549,16.0,4,32.0,0.0,0.3145,1,20.042,0.8048,0.5264,1,10.087,0.0,0.5827,0,4,1,0
task_attr_mod_color_123744,hat,3,12,0.947512,0.99888,0.904603,0.933593,0,0.89988,0.94733,0.20225,0.01186,0.06085,2.65189,35.1601,0.89837,2.36122,2.26012,0,7.659,16.0,4.6346,16.0,1,32.0,0.0456,0.05,2,22.549,0.2877,0.275,4,23.495,0.2792,0.8834,0,0,1,16
task_attr_mod_color_123744,hat,3,13,0.94101,0.993391,0.642575,0.927099,0,0.88998,0.93613,0.20226,0.00813,0.04225,2.68503,36.1547,0.90066,2.34912,2.26012,0,9.8676,16.0,7.0071,16.0,1,32.0,0.0,0.0693,1,32.0,0.1368,0.4307,1,30.671,0.2102,0.7616,0,10,1,0
task_attr_mod_color_123744,hat,3,14,0.923732,0.998453,0.874295,0.910789,0,0.89911,0.97406,0.20264,0.012,0.07076,2.7467,20.5598,0.92098,2.33576,2.26012,0,2.7722,16.0,1.6891,16.0,1,32.0,0.0,0.05,1,12.997,0.3325,0.05,1,20.764,0.0,0.4292,0,0,1,97
task_attr_mod_color_123744,hat,3,15,0.985643,1.0,0.776715,0.976645,0,0.90497,0.92587,0.20224,0.01033,0.06087,2.53577,25.2579,0.90085,2.34193,2.26012,0,7.2951,16.0,7.7813,16.0,2,27.764,0.0596,0.365,2,31.283,0.0,0.4276,1,26.856,0.8143,0.256,3,3,1,258
task_attr_mod_color_123744,hat,3,16,0.9798,1.0,0.755291,0.968945,0,0.92351,0.94509,0.19985,0.0101,0.05311,2.64949,44.575,0.90521,2.37165,2.26012,0,11.3962,16.0,8.402,16.0,2,32.0,0.3676,0.1649,2,32.0,0.705,0.5047,1,32.0,0.5318,0.533,0,5,1,0
task_attr_mod_color_123744,hat,3,17,0.993763,0.998764,0.931704,0.989599,0,0.89967,0.94589,0.20324,0.01302,0.0716,2.50267,26.0617,0.90021,2.34109,2.26012,0,5.7885,16.0,4.6026,16.0,2,32.0,0.0,0.05,1,32.0,0.368,0.2608,1,13.827,0.0,0.8049,0,3,1,0
task_attr_mod_color_123744,hat,3,18,0.980567,0.993769,0.927369,0.972022,0,0.89066,0.93267,0.20171,0.01253,0.068,2.54908,29.1111,0.91786,2.33631,2.26012,0,4.8176,16.0,6.0156,16.0,1,31.366,0.3305,0.2621,1,32.0,0.0,0.05,16,20.4,1.0275,0.7131,8,0,1,0
task_attr_mod_color_123744,hat,3,19,0.988697,0.9908,0.708073,0.986758,0,0.89544,0.92517,0.20974,0.01692,0.09394,2.55977,38.59,0.93404,2.35136,2.26012,0,9.6117,16.0,4.8467,16.0,1,29.846,0.0,0.174,4,26.818,0.2704,0.5463,2,29.574,0.0,0.8451,5,4,1,0
task_attr_mod_color_123744,hat,4,20,0.983491,0.999872,0.889698,0.973771,0,0.90167,0.91832,0.20253,0.01143,0.06498,2.57096,22.5818,0.91118,2.34251,2.26012,0,5.1034,16.0,4.471,16.0,1,24.475,0.1832,0.05,1,2.169,0.4577,0.222,1,27.862,0.0,0.3489,0,0,1,183
task_attr_mod_color_123744,hat,4,21,0.975273,0.989386,1.0,0.966366,0,0.89554,0.93004,0.2101,0.02208,0.11568,2.62813,60.3559,1.10689,2.34001,2.26012,0,13.6065,16.0,13.4687,16.0,2,32.0,0.0,0.2179,2,13.691,0.7552,0.4154,2,15.028,0.0,0.6072,0,4,0,410
task_attr_mod_color_123744,hat,4,22,0.992796,0.999989,0.918913,0.987224,0,0.90188,0.91249,0.20481,0.01331,0.07235,2.44956,21.3699,0.94321,2.32148,2.26012,0,4.2976,16.0,2.7931,16.0,1,28.269,0.0,0.2051,1,9.431,0.0628,0.2561,1,18.58,0.7029,0.4213,0,2,1,0
task_attr_mod_color_123744,hat,4,23,0.942407,0.999507,0.897862,0.928584,0,0.90101,0.91823,0.20342,0.01241,0.07269,2.63143,19.4479,0.91919,2.34781,2.26012,0,2.6993,16.0,3.003,16.0,1,32.0,0.0,0.2239,1,12.663,0.3938,0.05,2,19.791,0.0,0.3514,3,0,1,245
task_attr_mod_color_123744,hat,4,24,0.984145,1.0,0.706226,0.974604,0,0.90677,0.92508,0.2039,0.00934,0.06107,2.50773,21.6857,0.92628,2.36731,2.26012,0,5.0897,16.0,4.5104,16.0,1,32.0,0.2884,0.1684,1,11.552,0.4785,0.3333,1,26.703,0.0,0.1234,0,1,1,172
task_attr_mod_color_123744,hat,4,25,0.93666,0.996978,0.869678,0.92294,0,0.89645,0.93827,0.20213,0.01195,0.06883,2.71065,24.657,0.91666,2.33758,2.26012,0,3.5951,16.0,1.8841,16.0,1,32.0,0.0832,0.05,2,6.835,0.0,0.05,2,21.136,0.0,0.5972,0,0,1,137
task_attr_mod_color_123744,hat,4,26,0.928624,0.996397,0.924781,0.915251,0,0.8954,0.95163,0.20259,0.01246,0.06578,2.66509,34.3241,0.91051,2.35095,2.26012,0,6.5115,16.0,3.6739,16.0,2,29.713,0.1189,0.2505,8,10.995,0.0497,0.126,1,9.18,0.2606,1.0,1,0,1,164
task_attr_mod_color_123744,hat,4,27,0.992444,1.0,0.691584,0.986658,0,0.90527,0.95497,0.20757,0.01673,0.09471,2.5603,25.3496,0.92438,2.37761,2.26012,0,5.0823,16.0,3.4703,16.0,1,27.994,0.8116,0.0868,1,9.837,0.7081,0.1875,1,25.51,0.177,0.4013,0,5,1,4
task_attr_mod_color_123744,hat,4,28,0.987966,0.996801,1.0,0.981465,0,0.89851,0.97301,0.20673,0.01781,0.09821,2.54768,29.7553,1.03754,2.32442,2.26012,0,4.5461,16.0,2.3907,16.0,1,32.0,0.0,0.05,1,17.45,0.3109,0.05,1,23.996,0.0,0.715,5,2,0,259
task_attr_mod_color_123744,hat,5,29,0.98342,1.0,0.989462,0.973635,0,0.90287,0.93413,0.20498,0.01435,0.0809,2.51416,17.6565,0.93854,2.33742,2.26012,0,2.6537,16.0,2.208,16.0,2,29.268,0.0,0.1058,4,13.036,0.618,0.1282,1,21.993,0.0,0.5158,0,2,1,136
task_attr_mod_color_123744,hat,5,30,0.947747,0.996962,0.855981,0.933825,0,0.89642,0.96772,0.20192,0.01147,0.06273,2.69728,21.2487,0.92364,2.34546,2.26012,0,3.1443,16.0,3.7663,16.0,1,32.0,0.0,0.214,2,3.707,0.269,0.05,1,16.271,0.0,0.4408,2,0,1,33
task_attr_mod_color_123744,hat,5,31,0.944821,0.998659,0.867196,0.930929,0,0.89948,0.9473,0.20327,0.01199,0.06951,2.64357,19.4789,0.92244,2.34176,2.26012,0,2.5664,16.0,1.7639,16.0,4,32.0,0.1658,0.1932,1,4.546,0.5114,0.05,1,22.19,0.0,0.3737,0,0,1,70
task_attr_mod_color_123744,hat,5,32,0.975649,0.998636,0.907185,0.964122,0,0.89944,0.96779,0.20358,0.01268,0.0757,2.56269,15.8696,0.92775,2.33252,2.26012,0,1.971,16.0,1.4864,16.0,2,32.0,0.0342,0.0531,1,10.648,0.7009,0.05,1,21.022,0.245,0.1801,0,0,1,0
task_attr_mod_color_123744,hat,5,33,0.964971,0.99939,0.813132,0.951709,0,0.9008,0.94468,0.20099,0.01077,0.06583,2.5804,18.9305,0.92008,2.34357,2.26012,0,3.0019,16.0,2.2627,16.0,1,24.572,0.0002,0.05,1,2.14,0.4321,0.1257,2,21.8,0.3467,0.4688,0,1,1,316
task_attr_mod_color_123744,hat,5,34,0.981298,1.0,0.967819,0.970857,0,0.9048,0.97093,0.20428,0.01372,0.08509,2.56914,15.2313,0.9363,2.30581,2.26012,0,1.5721,16.0,1.6123,16.0,1,24.863,0.0,0.05,1,5.272,0.6438,0.05,1,24.412,0.3347,0.3158,1,2,1,55
task_attr_mod_color_123744,hat,5,35,0.929076,0.997167,0.870413,0.91572,0,0.89679,0.93402,0.20249,0.01192,0.06952,2.76926,22.3946,0.92013,2.33297,2.26012,0,3.24,16.0,1.7744,16.0,1,32.0,0.0886,0.05,1,18.107,0.0,0.05,4,19.665,0.0859,0.5256,0,0,1,0
task_attr_mod_color_123744,hat,5,36,0.967152,1.0,0.861492,0.954049,0,0.90411,0.93847,0.20242,0.01153,0.07275,2.53341,18.5274,0.92063,2.35116,2.26012,0,2.1082,16.0,1.3996,16.0,1,26.004,0.0,0.1381,4,19.11,0.2514,0.05,1,29.895,0.0203,0.5033,0,1,1,89
task_attr_mod_color_123744,hat,5,37,0.955269,1.0,0.919767,0.941411,0,0.90282,0.96094,0.20439,0.01281,0.07846,2.63968,16.5611,0.92524,2.33442,2.26012,0,1.9965,16.0,3.1818,16.0,1,32.0,0.0316,0.1944,1,7.553,0.3257,0.05,1,19.655,0.0,0.1846,6,0,1,85
task_attr_mod_color_123744,hat,6,38,0.939588,0.998248,0.834612,0.92581,0,0.89874,0.93383,0.20272,0.01164,0.06664,2.66762,23.1568,0.9265,2.33674,2.26012,0,3.5253,16.0,1.9517,16.0,1,30.451,0.0317,0.1418,2,20.611,0.2047,0.05,1,24.917,0.1904,0.5619,0,0,1,176
task_attr_mod_color_123744,hat,6,39,0.942216,0.998115,0.86828,0.928363,0,0.8985,0.92911,0.2022,0.01168,0.06838,2.73547,22.8805,0.91813,2.33861,2.26012,0,3.2134,16.0,1.7902,16.0,1,32.0,0.0,0.05,1,5.592,0.2938,0.05,1,15.386,0.0,0.5204,0,0,1,33
task_attr_mod_color_123744,hat,6,40,0.960964,0.998242,0.833544,0.947462,0,0.89873,0.93343,0.2022,0.01098,0.06447,2.64184,20.1666,0.92029,2.33313,2.26012,0,3.4855,16.0,2.3731,16.0,1,27.798,0.0918,0.05,1,11.746,0.3289,0.1328,1,25.984,0.0,0.3664,0,0,1,38
task_attr_mod_color_123744,hat,6,41,0.99141,1.0,0.893984,0.98504,0,0.90335,0.94537,0.20268,0.012,0.0704,2.46718,20.9178,0.91047,2.34977,2.26012,0,3.7608,16.0,2.8298,16.0,1,32.0,0.0118,0.05,1,15.315,0.3019,0.1571,1,21.795,0.0,0.5518,0,1,1,0
task_attr_mod_color_123744,hat,6,42,0.951133,0.998669,0.867202,0.937223,0,0.8995,0.93784,0.20281,0.01211,0.07212,2.6735,20.8083,0.92117,2.33988,2.26012,0,2.8212,16.0,1.7706,16.0,2,32.0,0.2765,0.1155,2,10.504,0.3311,0.05,1,20.704,0.0,0.4408,0,0,1,205
task_attr_mod_color_123744,hat,6,43,0.962564,1.0,0.842407,0.949051,0,0.90391,0.92171,0.20004,0.01004,0.05826,2.58244,24.3124,0.90525,2.34323,2.26012,0,4.4402,16.0,2.6747,16.0,1,29.778,0.3998,0.1436,1,9.463,0.3169,0.1779,2,19.445,0.4728,0.4167,0,0,1,106
task_attr_mod_color_123744,hat,6,44,0.934132,0.997882,0.868583,0.920554,0,0.89808,0.97318,0.20146,0.0111,0.06021,2.73059,26.6336,0.91479,2.34056,2.26012,0,5.1972,16.0,3.5141,16.0,1,30.747,0.0,0.1194,1,11.496,0.3236,0.1761,1,24.748,0.0,0.6198,2,0,1,127
task_attr_mod_color_123744,hat,6,45,0.959065,0.999895,0.94886,0.94535,0,0.90171,0.93529,0.20412,0.01348,0.07865,2.63807,15.876,0.94561,2.32563,2.26012,0,1.598,16.0,1.3796,16.0,1,32.0,0.2799,0.05,1,12.542,0.0701,0.05,1,22.842,0.0094,0.4402,0,2,1,22
task_attr_mod_color_123744,hat,6,46,0.950082,0.996696,0.887466,0.936184,0,0.89594,0.97083,0.20241,0.01204,0.06761,2.64465,22.7877,0.91779,2.33831,2.26012,0,3.4785,16.0,1.9534,16.0,1,32.0,0.0597,0.05,1,16.999,0.4513,0.0606,2,22.077,0.232,0.5352,0,0,1,0
task_attr_mod_color_123744,hat,7,47,0.971625,1.0,0.856938,0.959102,0,0.90236,0.93634,0.20157,0.01085,0.06849,2.50391,19.741,0.91841,2.34415,2.26012,0,2.3086,16.0,1.4118,16.0,2,32.0,0.0,0.1236,2,12.303,0.3248,0.05,2,20.996,0.106,0.566,0,1,1,41
task_attr_mod_color_123744,hat,7,48,0.953802,0.999435,0.900521,0.939923,0,0.90088,0.92929,0.20364,0.01284,0.0779,2.68719,15.2841,0.94021,2.32321,2.26012,0,1.6578,16.0,1.5612,16.0,2,31.726,0.0,0.096,1,12.287,0.5004,0.05,1,23.874,0.1547,0.526,1,2,1,177
task_attr_mod_color_123744,hat,7,49,0.946909,0.99745,0.815921,0.932986,0,0.8973,0.90158,0.20277,0.01082,0.06354,2.70101,22.108,0.91868,2.35083,2.26012,0,4.1523,16.0,2.1203,16.0,1,32.0,0.0173,0.2239,1,8.326,0.3211,0.1797,1,20.316,0.0,0.4226,0,0,1,165
task_attr_mod_color_123744,hat,7,50,0.962451,1.0,0.876448,0.94893,0,0.90393,0.94102,0.20252,0.0118,0.07159,2.57189,16.2059,0.9264,2.35041,2.26012,0,1.7964,16.0,1.5497,16.0,1,28.011,0.0579,0.05,1,13.922,0.3663,0.05,2,19.328,0.0,0.1944,1,0,1,162
task_attr_mod_color_123744,hat,7,51,0.974787,1.0,0.910281,0.962805,0,0.9027,0.92915,0.20267,0.01237,0.07743,2.55577,16.3108,0.92326,2.33614,2.26012,0,1.7065,16.0,1.3433,16.0,1,29.879,0.1126,0.05,1,10.391,0.2564,0.05,1,20.894,0.0,0.3244,0,3,1,0
task_attr_mod_color_123744,hat,7,52,0.945632,1.0,0.856673,0.931748,0,0.90337,0.94935,0.2026,0.01171,0.0692,2.67097,21.4364,0.91522,2.33753,2.26012,0,3.2616,16.0,3.4058,16.0,1,31.26,0.081,0.2239,1,12.399,0.1229,0.0705,1,25.644,0.0762,0.4309,3,0,1,128
task_attr_mod_color_123744,hat,7,53,0.972607,0.999057,0.799279,0.960399,0,0.9002,0.94526,0.20138,0.0106,0.06741,2.61458,21.1685,0.93127,2.36216,2.26012,0,2.8917,16.0,1.7332,16.0,1,29.858,0.0048,0.0873,1,11.668,0.345,0.0956,1,20.708,0.1675,0.5504,0,3,1,99
task_attr_mod_color_123744,hat,7,54,0.963983,0.998348,0.852866,0.950726,0,0.89892,0.95171,0.20222,0.01172,0.07002,2.63583,18.9619,0.92458,2.33535,2.26012,0,2.4888,16.0,1.6692,16.0,1,28.845,0.1275,0.05,1,12.238,0.4001,0.05,1,22.511,0.0,0.3577,4,0,1,56
task_attr_mod_color_123744,hat,7,55,0.974135,1.0,0.706537,0.962031,0,0.90686,0.95834,0.20766,0.0169,0.09586,2.62247,21.7007,0.94051,2.34364,2.26012,0,3.1215,16.0,2.0607,16.0,1,31.809,0.0837,0.05,1,11.757,0.3444,0.0605,1,20.666,0.0,0.4706,1,4,1,204
task_attr_mod_color_123744,hat,8,56,0.964694,0.998159,0.932632,0.951525,0,0.89858,0.96836,0.20347,0.01277,0.07149,2.62321,22.8802,0.91321,2.34011,2.26012,0,3.9452,16.0,2.4761,16.0,1,32.0,0.0,0.05,1,13.548,0.5321,0.1117,1,20.017,0.0,0.4685,2,0,1,31
task_attr_mod_color_123744,hat,8,57,0.965918,1.0,0.893568,0.952688,0,0.90484,0.93075,0.20212,0.01163,0.07403,2.63576,17.4194,0.9206,2.34329,2.26012,0,1.8423,16.0,1.4525,16.0,2,32.0,0.0936,0.1304,1,14.971,0.3318,0.05,1,18.694,0.0262,0.3973,0,3,1,138
task_attr_mod_color_123744,hat,8,58,0.976857,1.0,0.868758,0.965297,0,0.90354,0.92933,0.20199,0.01156,0.07367,2.55761,18.172,0.91741,2.35608,2.26012,0,2.3383,16.0,1.9714,16.0,1,32.0,0.0653,0.0911,1,12.479,0.453,0.0799,1,21.528,0.0062,0.4293,1,1,1,66
task_attr_mod_color_123744,hat,8,59,0.930764,0.996912,0.886219,0.917304,0,0.89633,0.94243,0.20244,0.01198,0.06828,2.73684,22.5582,0.91735,2.34623,2.26012,0,3.4346,16.0,2.16,16.0,1,32.0,0.0,0.0759,1,13.028,0.3937,0.0719,1,22.891,0.0309,0.5047,1,0,1,72
task_attr_mod_color_123744,hat,8,60,0.927956,0.997394,0.891809,0.914678,0,0.8972,0.94201,0.20256,0.01226,0.06969,2.76492,22.469,0.91728,2.34644,2.26012,0,3.2356,16.0,1.8142,16.0,1,32.0,0.0,0.05,1,14.117,0.4278,0.0525,1,19.854,0.0,0.5014,0,0,1,100
task_attr_mod_color_123744,hat,8,61,0.949613,1.0,0.856124,0.93569,0,0.9032,0.96212,0.20193,0.01149,0.07252,2.68344,18.7307,0.92131,2.33631,2.26012,0,2.116,16.0,1.5511,16.0,1,32.0,0.0,0.05,1,13.371,0.346,0.05,1,20.601,0.023,0.5075,1,1,1,173
task_attr_mod_color_123744,hat,8,62,0.988852,0.998575,0.937465,0.981888,0,0.89933,0.93471,0.20455,0.01341,0.0757,2.49221,17.2879,0.93946,2.33033,2.26012,0,2.608,16.0,1.7033,16.0,1,28.993,0.0,0.1804,1,14.0,0.262,0.1283,1,18.455,0.0847,0.3895,0,2,1,0
task_attr_mod_color_123744,hat,8,63,0.943779,0.998326,0.895088,0.929898,0,0.89888,0.96822,0.20319,0.0126,0.07524,2.6355,18.1742,0.9234,2.34988,2.26012,0,2.3001,16.0,1.6888,16.0,1,32.0,0.1044,0.05,1,11.857,0.2918,0.05,1,19.379,0.0,0.3093,1,0,1,81
task_attr_mod_color_123744,hat,8,64,0.951064,0.999451,0.873218,0.937146,0,0.90091,0.96944,0.20215,0.01136,0.06555,2.66462,22.568,0.91,2.34846,2.26012,0,4.2725,16.0,3.4163,16.0,1,32.0,0.0241,0.0578,1,11.505,0.3139,0.1531,1,23.448,0.0,0.433,1,0,1,176
task_attr_mod_color_123744,hat,9,65,0.939433,0.999246,0.883325,0.925695,0,0.90054,0.96872,0.20267,0.01202,0.0708,2.67615,20.547,0.92133,2.33785,2.26012,0,2.7868,16.0,1.8829,16.0,1,31.544,0.0,0.05,1,12.153,0.5064,0.05,1,21.023,0.0,0.4163,2,0,1,76
task_attr_mod_color_123744,hat,9,66,0.9405,0.998393,0.855236,0.9267,0,0.899,0.94518,0.2018,0.01158,0.06782,2.73302,22.3967,0.91807,2.3412,2.26012,0,3.1463,16.0,1.9706,16.0,1,31.172,0.0,0.0908,1,14.435,0.2584,0.05,1,20.801,0.0,0.5018,1,0,1,10
task_attr_mod_color_123744,hat,9,67,0.959974,0.99796,0.868802,0.946423,0,0.89822,0.93391,0.20244,0.0117,0.06822,2.58516,20.7715,0.9205,2.331,2.26012,0,2.7981,16.0,1.6461,16.0,1,32.0,0.0,0.0502,1,10.027,0.2601,0.05,1,21.52,0.1033,0.4356,0,0,1,85
task_attr_mod_color_123744,hat,9,68,0.940434,1.0,0.844151,0.926686,0,0.90332,0.96386,0.20214,0.01141,0.07272,2.67102,17.3205,0.92384,2.34011,2.26012,0,1.8463,16.0,1.3094,16.0,1,32.0,0.0,0.05,1,11.572,0.3706,0.05,1,20.544,0.0,0.4032,0,1,1,142
task_attr_mod_color_123744,hat,9,69,0.936693,0.997583,0.871107,0.922994,0,0.89754,0.94032,0.20258,0.0119,0.07009,2.70544,20.1633,0.92041,2.33846,2.26012,0,2.7066,16.0,1.5528,16.0,1,32.0,0.0048,0.0614,2,13.068,0.2852,0.05,1,20.405,0.0,0.41,0,0,1,66
task_attr_mod_color_123744,hat,9,70,0.954827,0.997921,0.918195,0.941018,0,0.89815,0.94074,0.20335,0.01251,0.07338,2.65011,20.5096,0.91637,2.34489,2.26012,0,3.1557,16.0,1.985,16.0,1,32.0,0.0,0.0617,1,13.423,0.3042,0.0911,1,20.088,0.0,0.3951,0,0,1,91
task_attr_mod_color_123744,hat,9,71,0.938357,0.997489,0.873454,0.924595,0,0.89737,0.93269,0.2022,0.0115,0.06622,2.68472,21.3842,0.91516,2.33465,2.26012,0,3.3508,16.0,2.1379,16.0,1,31.976,0.0478,0.05,1,12.956,0.2941,0.0969,1,19.775,0.0446,0.4168,0,0,1,73
task_attr_mod_color_123744,hat,9,72,0.958439,1.0,0.907181,0.94469,0,0.90315,0.96139,0.20189,0.01196,0.07188,2.58589,19.4597,0.91267,2.35865,2.26012,0,2.9369,16.0,2.4485,16.0,1,30.368,0.0647,0.05,1,11.902,0.3638,0.1072,1,22.109,0.0091,0.4715,1,1,1,112
task_attr_mod_color_123744,hat,9,73,0.987436,1.0,0.895152,0.979156,0,0.90284,0.93964,0.20286,0.01187,0.07059,2.5186,19.6221,0.91876,2.3361,2.26012,0,2.6554,16.0,1.7197,16.0,1,32.0,0.0605,0.0886,1,12.755,0.3851,0.0619,1,20.096,0.0,0.3651,0,0,1,138
task_attr_mod_color_123744,hat,10,74,0.967707,0.996873,0.882575,0.955067,0,0.89626,0.94088,0.20264,0.01212,0.07055,2.55444,20.6204,0.9211,2.34154,2.26012,0,2.864,16.0,1.6467,16.0,1,32.0,0.0042,0.05,1,13.902,0.3844,0.05,1,21.561,0.0,0.4368,0,0,1,86
task_attr_mod_color_123744,hat,10,75,0.957213,0.998088,0.813557,0.943496,0,0.89845,0.9283,0.20235,0.01145,0.06937,2.58358,19.9264,0.92522,2.34401,2.26012,0,2.702,16.0,1.5901,16.0,1,31.195,0.0,0.05,1,12.082,0.3581,0.05,1,20.052,0.0,0.4041,0,0,1,133
task_attr_mod_color_123744,hat,10,76,0.945241,0.997273,0.872127,0.931327,0,0.89698,0.93588,0.20293,0.01216,0.07126,2.63888,20.8652,0.92151,2.33449,2.26012,0,2.9467,16.0,1.7239,16.0,1,31.688,0.0,0.05,1,13.028,0.2571,0.057,1,20.024,0.0937,0.4377,0,0,1,60
task_attr_mod_color_123744,hat,10,77,0.921712,0.99873,0.91059,0.90893,0,0.89961,0.95101,0.20247,0.01236,0.07138,2.77452,21.3685,0.91427,2.34214,2.26012,0,3.1795,16.0,2.313,16.0,1,30.872,0.0584,0.1142,1,13.435,0.3993,0.0618,1,20.331,0.0,0.4363,1,0,1,101
task_attr_mod_color_123744,hat,10,78,0.942784,0.996613,0.869803,0.928891,0,0.89579,0.93521,0.20246,0.01248,0.07382,2.71501,20.6468,0.92235,2.33725,2.26012,0,2.9545,16.0,1.9532,16.0,1,29.765,0.0,0.05,1,14.464,0.4513,0.05,1,20.072,0.0,0.4391,1,0,1,84
task_attr_mod_color_123744,hat,10,79,0.946319,0.998653,0.866859,0.932408,0,0.89947,0.97485,0.20249,0.01201,0.07155,2.70875,20.3185,0.92225,2.33222,2.26012,0,2.75,16.0,1.6787,16.0,1,30.818,0.0,0.05,1,14.617,0.3188,0.05,1,19.834,0.0,0.4244,0,0,1,63
task_attr_mod_color_123744,hat,10,80,0.956453,0.999279,0.831303,0.942654,0,0.9006,0.9401,0.20213,0.01118,0.07051,2.59,17.5368,0.92264,2.34044,2.26012,0,2.1883,16.0,1.6132,16.0,1,32.0,0.0,0.05,1,14.989,0.2936,0.0835,1,21.924,0.0212,0.3818,0,1,1,45
task_attr_mod_color_123744,hat,10,81,0.967761,1.0,0.815985,0.954725,0,0.90316,0.93246,0.20242,0.01134,0.07249,2.54149,18.5971,0.92796,2.34703,2.26012,0,2.1502,16.0,1.3739,16.0,1,31.42,0.0,0.05,1,13.159,0.309,0.05,1,21.719,0.0972,0.4828,0,1,1,99
task_attr_mod_color_123744,hat,10,82,0.929561,0.997256,0.886105,0.916184,0,0.89695,0.94086,0.20271,0.01213,0.07042,2.75566,20.7388,0.91991,2.3481,2.26012,0,2.9669,16.0,1.9324,16.0,1,32.0,0.0,0.05,1,13.459,0.3384,0.0612,1,20.344,0.0184,0.4313,1,0,1,12
task_attr_mod_color_123744,hat,11,83,0.925975,0.997389,0.841445,0.912817,0,0.89719,0.94073,0.20166,0.01158,0.06877,2.75753,20.9545,0.92094,2.33736,2.26012,0,2.9515,16.0,2.0975,16.0,1,30.628,0.0889,0.1085,1,12.442,0.3853,0.055,1,20.009,0.0283,0.4485,1,0,1,96
task_attr_mod_color_123744,hat,11,84,0.963027,0.996995,0.879074,0.949808,0,0.89648,0.92096,0.2029,0.01192,0.06921,2.59709,21.5936,0.92016,2.34144,2.26012,0,3.0018,16.0,1.8585,16.0,1,31.282,0.055,0.152,1,13.154,0.3889,0.05,1,20.404,0.0214,0.4687,0,0,1,76
task_attr_mod_color_123744,hat,11,85,0.92769,0.995826,0.882579,0.914338,0,0.89437,0.93541,0.20311,0.01231,0.07135,2.73293,21.1133,0.91961,2.3392,2.26012,0,2.9868,16.0,1.7085,16.0,1,31.712,0.0525,0.0723,1,13.558,0.3987,0.0605,1,21.746,0.0,0.4478,0,0,1,111
task_attr_mod_color_123744,hat,11,86,0.966626,1.0,0.855147,0.953466,0,0.90204,0.95948,0.20123,0.01096,0.06922,2.60793,17.8882,0.92057,2.35069,2.26012,0,2.0984,16.0,1.8745,16.0,1,30.971,0.0741,0.1117,1,14.056,0.421,0.0606,1,19.573,0.0197,0.4277,1,1,1,97
task_attr_mod_color_123744,hat,11,87,0.933847,0.997217,0.860003,0.920252,0,0.89688,0.93448,0.20245,0.01197,0.07086,2.76085,21.8405,0.92092,2.3396,2.26012,0,3.0521,16.0,1.719,16.0,1,30.668,0.1213,0.1391,1,12.036,0.3827,0.05,1,19.426,0.0,0.491,0,0,1,63
task_attr_mod_color_123744,hat,11,88,0.919471,0.997882,0.905193,0.906789,0,0.89808,0.95969,0.20232,0.01208,0.06923,2.74186,21.519,0.91542,2.35114,2.26012,0,3.039,16.0,2.2351,16.0,1,30.765,0.0481,0.1558,1,14.603,0.3687,0.0544,1,20.237,0.0277,0.4452,1,0,1,153
task_attr_mod_color_123744,hat,11,89,0.936099,0.9971,0.881013,0.922405,0,0.89667,0.97503,0.20178,0.01174,0.06502,2.69229,22.3089,0.91496,2.35048,2.26012,0,3.9764,16.0,2.9645,16.0,1,31.256,0.0618,0.11,1,13.223,0.4431,0.1031,1,21.5,0.0204,0.4716,1,0,1,125
task_attr_mod_color_123744,hat,11,90,0.976955,0.998503,0.842773,0.965761,0,0.8992,0.9329,0.20287,0.01168,0.06812,2.5261,19.6856,0.92243,2.35029,2.26012,0,2.6165,16.0,1.5055,16.0,1,31.104,0.1148,0.1117,1,13.591,0.3934,0.0558,1,18.262,0.0,0.3887,0,0,1,80
task_attr_mod_color_123744,hat,11,91,0.938436,0.997578,0.927521,0.924675,0,0.89753,0.96544,0.2026,0.01265,0.07051,2.70163,21.524,0.91436,2.33994,2.26012,0,3.5481,16.0,2.7636,16.0,1,30.19,0.137,0.1499,1,12.732,0.3972,0.0906,1,21.157,0.0,0.4368,1,0,1,100
task_attr_mod_color_123744,hat,12,92,0.929193,0.998442,0.8509,0.915903,0,0.89909,0.91935,0.20276,0.01164,0.06617,2.73218,21.0629,0.92103,2.34344,2.26012,0,2.9871,16.0,1.8575,16.0,1,30.076,0.0834,0.1688,1,15.157,0.3573,0.0615,1,20.327,0.0152,0.4507,0,0,1,165
task_attr_mod_color_123744,hat,12,93,0.954723,0.998248,0.920385,0.9409,0,0.89874,0.96552,0.20239,0.01243,0.06962,2.60629,21.6459,0.91479,2.34476,2.26012,0,3.1206,16.0,2.3764,16.0,1,31.108,0.0447,0.1595,1,14.962,0.3526,0.0567,1,20.266,0.054,0.4472,1,0,1,175
task_attr_mod_color_123744,hat,12,94,0.938716,0.99725,0.888815,0.924935,0,0.89694,0.944,0.20298,0.01195,0.06866,2.76012,21.572,0.91672,2.33769,2.26012,0,2.9958,16.0,1.9217,16.0,1,30.778,0.0369,0.1627,1,15.48,0.423,0.0551,1,19.617,0.0294,0.4445,0,0,1,153
task_attr_mod_color_123744,hat,12,95,0.924472,0.996768,0.872753,0.911369,0,0.89607,0.94648,0.20185,0.01186,0.06906,2.75615,20.5509,0.91972,2.33929,2.26012,0,2.8122,16.0,2.0537,16.0,1,29.929,0.0393,0.1409,1,15.918,0.3682,0.05,1,19.905,0.0299,0.4259,1,0,1,179
task_attr_mod_color_123744,hat,12,96,0.971677,0.99913,0.901077,0.959299,0,0.90033,0.94786,0.20185,0.01192,0.0724,2.52904,18.5792,0.91566,2.3555,2.26012,0,2.3979,16.0,2.1653,16.0,1,30.227,0.0172,0.16,1,14.579,0.3777,0.0746,1,20.14,0.0284,0.4449,1,1,1,129
task_attr_mod_color_123744,hat,12,97,0.956835,0.998542,0.894402,0.94308,0,0.89927,0.95013,0.20238,0.01214,0.0706,2.64294,21.9318,0.9154,2.35303,2.26012,0,3.0573,16.0,2.1651,16.0,1,30.776,0.0,0.1433,1,14.728,0.393,0.05,1,21.043,0.0302,0.4612,1,0,1,153
task_attr_mod_color_123744,hat,12,98,0.917941,0.998259,0.849641,0.905401,0,0.89876,0.96473,0.20147,0.01141,0.06417,2.79632,20.9841,0.91756,2.33942,2.26012,0,2.9837,16.0,2.3479,16.0,1,30.026,0.0849,0.1789,1,14.136,0.3442,0.0525,1,21.257,0.0,0.4413,1,0,1,171
task_attr_mod_color_123744,hat,12,99,0.923415,0.997882,0.851459,0.910456,0,0.89808,0.97042,0.20113,0.01134,0.06502,2.75698,21.0199,0.91613,2.34191,2.26012,0,2.9974,16.0,2.3536,16.0,1,31.88,0.079,0.1736,1,14.996,0.3381,0.05,1,19.825,0.0685,0.4362,1,0,1,156
task_attr_mod_color_123744,hat,12,100,0.938304,0.997211,0.852518,0.924535,0,0.89687,0.94952,0.20149,0.01158,0.0668,2.69662,21.2387,0.91453,2.33388,2.26012,0,3.4497,16.0,2.7569,16.0,1,31.079,0.0547,0.1761,1,14.541,0.3466,0.0804,1,20.253,0.0359,0.4228,1,0,1,157
task_attr_mod_color_123744,hat,13,101,0.929627,0.997445,0.921737,0.916256,0,0.89729,0.96192,0.20268,0.01262,0.07111,2.72146,22.1306,0.91468,2.35169,2.26012,0,3.2687,16.0,2.4971,16.0,1,29.413,0.0716,0.1763,1,14.077,0.347,0.0675,1,21.284,0.0,0.4491,1,0,1,161
task_attr_mod_color_123744,hat,13,102,0.929249,0.99577,0.876001,0.915808,0,0.89427,0.97742,0.20211,0.01182,0.06784,2.73699,20.6746,0.91871,2.34513,2.26012,0,2.9527,16.0,2.3541,16.0,1,30.043,0.0935,0.1918,1,13.8,0.3471,0.0588,1,21.444,0.0207,0.4239,1,0,1,155
task_attr_mod_color_123744,hat,13,103,0.938315,0.998703,0.849192,0.924597,0,0.89956,0.95013,0.20121,0.01132,0.06547,2.75927,20.831,0.91629,2.34136,2.26012,0,3.1,16.0,2.4226,16.0,1,29.367,0.1259,0.1727,1,13.846,0.3356,0.0579,1,21.765,0.0,0.4271,1,0,1,157
task_attr_mod_color_123744,hat,13,104,0.938868,0.998636,0.863593,0.925128,0,0.89944,0.96423,0.2018,0.01158,0.06656,2.74015,20.9576,0.91838,2.33959,2.26012,0,2.962,16.0,2.2697,16.0,1,29.65,0.0679,0.1706,1,14.504,0.3392,0.0588,1,21.218,0.0169,0.4362,1,0,1,195
task_attr_mod_color_123744,hat,13,105,0.922466,0.997056,0.868571,0.909515,0,0.89659,0.9489,0.20185,0.01173,0.06702,2.75412,20.8729,0.91868,2.33675,2.26012,0,2.9374,16.0,2.316,16.0,1,30.002,0.0819,0.1964,1,13.965,0.3329,0.05,1,21.321,0.0101,0.4373,1,0,1,170
task_attr_mod_color_123744,hat,13,106,0.955188,0.998531,0.875803,0.941371,0,0.89925,0.9648,0.20139,0.01152,0.06874,2.58505,18.08,0.91904,2.34696,2.26012,0,2.2239,16.0,2.2546,16.0,1,30.251,0.0893,0.1834,1,14.296,0.3438,0.061,1,21.596,0.0,0.4411,1,1,1,163
task_attr_mod_color_123744,hat,13,107,0.914366,0.996906,0.865498,0.901998,0,0.89632,0.96251,0.20184,0.01194,0.06849,2.77986,20.8356,0.91946,2.33026,2.26012,0,2.9639,16.0,2.379,16.0,1,29.834,0.0809,0.1857,1,14.247,0.3186,0.0501,1,20.725,0.0055,0.442,1,0,1,198
task_attr_mod_color_123744,hat,13,108,0.940675,0.998775,0.854162,0.92688,0,0.89969,0.94656,0.20156,0.01135,0.0662,2.72255,20.9457,0.91678,2.33479,2.26012,0,3.1316,16.0,2.3755,16.0,1,30.574,0.0532,0.1551,1,13.772,0.357,0.0662,1,21.891,0.0212,0.4274,1,0,1,174
task_attr_mod_color_123744,hat,13,109,0.96656,0.998752,0.856502,0.95353,0,0.89965,0.9485,0.20162,0.01162,0.06755,2.53836,20.1476,0.91922,2.33818,2.26012,0,2.77,16.0,2.2572,16.0,1,29.592,0.0921,0.1828,1,13.41,0.3519,0.05,1,20.868,0.0,0.405,1,0,1,181
task_attr_mod_color_123744,hat,14,110,0.9257,0.997882,0.888397,0.912591,0,0.89808,0.97413,0.20195,0.01202,0.06849,2.72578,21.6732,0.91562,2.33706,2.26012,0,3.2002,16.0,2.3846,16.0,1,29.605,0.0594,0.171,1,14.002,0.3088,0.0669,1,20.584,0.0249,0.4549,1,0,1,207
task_attr_mod_color_123744,hat,14,111,0.933607,0.997966,0.848362,0.920057,0,0.89823,0.94468,0.20127,0.01113,0.06476,2.73554,21.1129,0.91939,2.33771,2.26012,0,2.9123,16.0,2.1516,16.0,1,30.661,0.0812,0.1723,1,13.567,0.3667,0.05,1,20.649,0.0041,0.4524,1,0,1,197
task_attr_mod_color_123744,hat,14,112,0.932968,0.997012,0.84101,0.919404,0,0.89651,0.93999,0.20151,0.01146,0.0689,2.73899,20.5535,0.92243,2.34359,2.26012,0,2.808,16.0,2.0602,16.0,1,29.211,0.1146,0.1908,1,14.343,0.3223,0.05,1,20.625,0.0,0.4281,1,0,1,194
task_attr_mod_color_123744,hat,14,113,0.922914,0.997772,0.866953,0.909981,0,0.89788,0.95388,0.20185,0.01169,0.06741,2.77442,20.858,0.91975,2.34446,2.26012,0,2.9194,16.0,2.2159,16.0,1,30.22,0.0875,0.1745,1,15.118,0.3046,0.05,1,21.057,0.0109,0.4392,1,0,1,218
task_attr_mod_color_123744,hat,14,114,0.928452,0.998498,0.877782,0.91521,0,0.89919,0.96459,0.20176,0.01143,0.0657,2.71329,21.2771,0.91722,2.35155,2.26012,0,3.0071,16.0,2.1766,16.0,1,29.322,0.0704,0.1773,1,14.394,0.3188,0.0616,1,20.985,0.0149,0.4367,1,0,1,202
task_attr_mod_color_123744,hat,14,115,0.939594,0.99812,0.842747,0.925813,0,0.89851,0.95039,0.20288,0.01177,0.07007,2.71777,20.6334,0.92418,2.3504,2.26012,0,2.8777,16.0,1.9672,16.0,1,30.202,0.0727,0.2051,1,13.826,0.3385,0.059,1,20.624,0.0,0.4312,0,0,1,210
task_attr_mod_color_123744,hat,14,116,0.932733,0.998298,0.834661,0.919243,0,0.89883,0.94842,0.20132,0.01137,0.06668,2.7536,21.1008,0.91833,2.34393,2.26012,0,3.0149,16.0,2.245,16.0,1,29.619,0.0558,0.1534,1,14.35,0.3024,0.0536,1,20.686,0.0082,0.4458,1,0,1,183
task_attr_mod_color_123744,hat,14,117,0.941856,1.0,0.868575,0.928063,0,0.90227,0.96614,0.20169,0.01178,0.07113,2.69563,18.0452,0.91889,2.35633,2.26012,0,2.1009,16.0,2.1155,16.0,1,29.732,0.1037,0.1824,1,13.691,0.304,0.05,1,20.65,0.0,0.4408,1,1,1,193
task_attr_mod_color_123744,hat,14,118,0.918468,0.998509,0.855314,0.905908,0,0.89921,0.96476,0.20133,0.0112,0.06445,2.78979,21.4327,0.91829,2.34144,2.26012,0,3.0032,16.0,2.2909,16.0,1,29.991,0.0567,0.1808,1,13.079,0.3185,0.0501,1,21.201,0.0336,0.4611,1,0,1,195
task_attr_mod_color_123744,hat,15,119,0.932958,0.999424,0.857577,0.919514,0,0.90086,0.94662,0.2016,0.01159,0.0687,2.75837,21.1525,0.91965,2.35093,2.26012,0,3.0393,16.0,2.3543,16.0,1,29.658,0.0976,0.1934,1,14.297,0.3285,0.0629,1,20.435,0.0041,0.4392,1,0,1,191
task_attr_mod_color_123744,hat,15,120,0.968344,0.998903,0.866278,0.955514,0,0.89992,0.96033,0.20179,0.01178,0.06778,2.59506,20.7331,0.91962,2.33273,2.26012,0,2.9633,16.0,2.2919,16.0,1,29.309,0.0725,0.178,1,14.063,0.3336,0.05,1,20.5,0.0136,0.4386,1,0,1,200
task_attr_mod_color_123744,hat,15,121,0.930781,0.997389,0.888541,0.917345,0,0.89719,0.97264,0.20182,0.01193,0.06746,2.78268,21.0788,0.91729,2.33788,2.26012,0,2.9418,16.0,2.3305,16.0,1,29.959,0.0941,0.1944,1,14.407,0.337,0.05,1,20.651,0.0206,0.4382,1,0,1,207
task_attr_mod_color_123744,hat,15,122,0.919592,0.99761,0.883406,0.906883,0,0.89759,0.96473,0.20234,0.01205,0.06863,2.74045,21.1438,0.91858,2.35611,2.26012,0,3.0027,16.0,2.34,16.0,1,29.888,0.091,0.2033,1,14.269,0.3133,0.0559,1,20.472,0.0257,0.4435,1,0,1,208
task_attr_mod_color_123744,hat,15,123,0.928198,0.997356,0.855338,0.914904,0,0.89713,0.96047,0.20147,0.01152,0.06613,2.74142,20.9361,0.9182,2.3405,2.26012,0,3.0302,16.0,2.3588,16.0,1,29.454,0.0781,0.1743,1,14.278,0.3208,0.0559,1,20.786,0.0049,0.4407,1,0,1,196
task_attr_mod_color_123744,hat,15,124,0.920319,0.996219,0.89681,0.907458,0,0.89508,0.96622,0.20206,0.012,0.06805,2.77136,21.5837,0.91653,2.34113,2.26012,0,3.0367,16.0,2.3533,16.0,1,29.997,0.0872,0.1736,1,14.385,0.3162,0.05,1,21.086,0.0052,0.4532,1,0,1,217
task_attr_mod_color_123744,hat,15,125,0.929185,0.997561,0.857631,0.915846,0,0.8975,0.96428,0.20195,0.01166,0.06701,2.73475,20.9402,0.91918,2.34697,2.26012,0,2.9064,16.0,2.2571,16.0,1,30.151,0.1031,0.192,1,13.955,0.3207,0.05,1,21.141,0.0052,0.4379,1,0,1,208
task_attr_mod_color_123744,hat,15,126,0.928923,0.998376,0.86058,0.915646,0,0.89897,0.97003,0.20172,0.01164,0.06653,2.74868,20.8656,0.91732,2.34119,2.26012,0,2.9393,16.0,2.4733,16.0,1,29.811,0.0847,0.194,1,14.181,0.3146,0.05,1,20.533,0.0076,0.4322,1,0,1,190
task_attr_mod_color_123744,hat,15,127,0.92251,0.996884,0.845161,0.909544,0,0.89628,0.93141,0.20162,0.01156,0.06891,2.77153,21.0524,0.92144,2.33857,2.26012,0,2.9813,16.0,2.1231,16.0,1,29.831,0.0768,0.187,1,14.424,0.3161,0.0593,1,20.666,0.0093,0.4444,1,0,1,194
task_attr_mod_color_123744,hat,16,128,0.931701,0.999795,0.828797,0.918346,0,0.90153,0.96496,0.2012,0.01096,0.06295,2.78475,20.8069,0.91931,2.33969,2.26012,0,2.9267,16.0,2.2206,16.0,1,29.705,0.0702,0.1841,1,14.705,0.3161,0.0593,1,20.803,0.0139,0.4337,1,0,1,197
task_attr_mod_color_123744,hat,16,129,0.936495,0.997217,0.850828,0.92279,0,0.89688,0.96436,0.20134,0.01121,0.06434,2.68231,21.0499,0.91852,2.34619,2.26012,0,2.927,16.0,2.2693,16.0,1,30.245,0.0662,0.177,1,14.416,0.3157,0.05,1,20.384,0.0,0.4478,1,0,1,195
task_attr_mod_color_123744,hat,16,130,0.922499,0.998903,0.857498,0.909673,0,0.89992,0.97105,0.20167,0.01179,0.06751,2.71428,20.9788,0.91928,2.33728,2.26012,0,3.0052,16.0,2.4321,16.0,1,29.74,0.0694,0.1975,1,13.869,0.3239,0.0506,1,20.618,0.0071,0.4482,1,0,1,198
task_attr_mod_color_123744,hat,16,131,0.92903,0.997705,0.855728,0.915708,0,0.89776,0.96571,0.20155,0.01185,0.06878,2.74845,20.6969,0.92028,2.33916,2.26012,0,2.9338,16.0,2.2701,16.0,1,29.857,0.0929,0.1766,1,14.806,0.3339,0.05,1,20.958,0.0034,0.4378,1,0,1,206
task_attr_mod_color_123744,hat,16,132,0.919475,0.996846,0.865819,0.906718,0,0.89621,0.96444,0.20212,0.01182,0.06747,2.78454,20.8665,0.91922,2.34506,2.26012,0,2.9037,16.0,2.2422,16.0,1,30.32,0.0915,0.1897,1,14.319,0.3318,0.05,1,20.81,0.0078,0.4377,1,0,1,208
task_attr_mod_color_123744,hat,16,133,0.922302,0.996585,0.843489,0.90933,0,0.89574,0.94965,0.20146,0.01138,0.06795,2.76476,20.9288,0.92168,2.33428,2.26012,0,2.9519,16.0,2.1028,16.0,1,30.054,0.0716,0.1859,1,13.939,0.3165,0.0564,1,20.925,0.0,0.4449,1,0,1,194
task_attr_mod_color_123744,hat,16,134,0.930384,0.99796,0.869607,0.917,0,0.89822,0.96407,0.20193,0.01192,0.06847,2.71906,21.0987,0.91756,2.33551,2.26012,0,2.9255,16.0,2.2422,16.0,1,29.468,0.0841,0.1791,1,14.404,0.3109,0.05,1,20.536,0.0211,0.4386,1,0,1,201
task_attr_mod_color_123744,hat,16,135,0.93314,0.998914,0.846028,0.91966,0,0.89994,0.96505,0.20159,0.01142,0.06601,2.71056,20.6221,0.91968,2.33784,2.26012,0,2.8196,16.0,2.1948,16.0,1,29.578,0.0913,0.1829,1,14.31,0.3275,0.05,1,20.576,0.0,0.429,1,0,1,197
task_attr_mod_color_123744,hat,16,136,0.922339,0.997877,0.83826,0.909452,0,0.89807,0.96404,0.20129,0.01147,0.06625,2.80084,20.7518,0.91991,2.33263,2.26012,0,2.904,16.0,2.2575,16.0,1,29.58,0.0747,0.1895,1,14.536,0.3161,0.05,1,20.661,0.0138,0.4388,1,0,1,199
task_attr_mod_color_123744,hat,17,137,0.932135,0.998736,0.864248,0.918699,0,0.89962,0.9474,0.20168,0.01146,0.06635,2.7393,20.8291,0.91931,2.33585,2.26012,0,2.9212,16.0,2.1875,16.0,1,30.0,0.077,0.1753,1,14.38,0.3229,0.0572,1,20.719,0.0076,0.4377,1,0,1,197
task_attr_mod_color_123744,hat,17,138,0.938999,0.996436,0.849406,0.925185,0,0.89547,0.95962,0.20163,0.01149,0.06645,2.71412,20.8544,0.91851,2.3425,2.26012,0,2.9203,16.0,2.3582,16.0,1,29.806,0.0872,0.1861,1,14.394,0.3248,0.0529,1,20.669,0.0,0.4375,1,0,1,195
task_attr_mod_color_123744,hat,17,139,0.937829,0.994733,0.861328,0.924001,0,0.8924,0.96133,0.20145,0.01131,0.06479,2.72017,20.8825,0.91867,2.34345,2.26012,0,2.8924,16.0,2.3192,16.0,1,29.978,0.0784,0.1844,1,14.338,0.3206,0.05,1,20.752,0.0,0.4385,1,0,1,195
task_attr_mod_color_123744,hat,17,140,0.918872,0.996868,0.859518,0.90616,0,0.89625,0.96679,0.20149,0.01158,0.06593,2.7647,20.7168,0.91855,2.33454,2.26012,0,2.949,16.0,2.4042,16.0,1,29.964,0.0838,0.1972,1,14.383,0.342,0.0509,1,20.743,0.0071,0.4326,1,0,1,196
task_attr_mod_color_123744,hat,17,141,0.938035,0.997949,0.854334,0.9243,0,0.8982,0.96707,0.20154,0.01171,0.06825,2.6549,20.9423,0.91964,2.337,2.26012,0,2.9872,16.0,2.258,16.0,1,30.02,0.0749,0.1779,1,14.258,0.3106,0.0543,1,20.383,0.0095,0.4469,1,0,1,199
task_attr_mod_color_123744,hat,17,142,0.905685,0.997111,0.860317,0.894047,0,0.89669,0.96364,0.20158,0.01166,0.06613,2.82447,20.8339,0.91849,2.33126,2.26012,0,2.9676,16.0,2.357,16.0,1,29.932,0.0761,0.1872,1,13.98,0.3202,0.05,1,20.588,0.0021,0.4412,1,0,1,196
task_attr_mod_color_123744,hat,17,143,0.917242,0.99694,0.857759,0.904656,0,0.89638,0.96683,0.20159,0.01177,0.06811,2.75823,20.9016,0.91957,2.33821,2.26012,0,2.9997,16.0,2.3025,16.0,1,29.646,0.0855,0.1871,1,14.024,0.3073,0.0566,1,20.715,0.0125,0.4433,1,0,1,199
task_attr_mod_color_123744,hat,17,144,0.926207,0.996596,0.873238,0.912986,0,0.89576,0.96987,0.20195,0.01189,0.06827,2.78012,20.7192,0.92097,2.34349,2.26012,0,2.9149,16.0,2.1495,16.0,1,29.803,0.082,0.1822,1,14.257,0.3208,0.05,1,20.499,0.0,0.4395,1,0,1,203
task_attr_mod_color_123744,hat,17,145,0.921821,0.997766,0.852218,0.908963,0,0.89787,0.94443,0.20144,0.01161,0.06741,2.80926,20.848,0.91986,2.33769,2.26012,0,2.9588,16.0,2.2767,16.0,1,30.155,0.0776,0.1855,1,14.197,0.3161,0.0541,1,20.712,0.0063,0.4399,1,0,1,199
task_attr_mod_color_123744,hat,18,146,0.938143,0.996978,0.846351,0.924371,0,0.89645,0.96283,0.20148,0.01135,0.06516,2.68869,20.9671,0.91854,2.34034,2.26012,0,2.9268,16.0,2.353,16.0,1,29.88,0.0865,0.1848,1,14.049,0.3069,0.0509,1,20.68,0.0081,0.4423,1,0,1,195
task_attr_mod_color_123744,hat,18,147,0.930395,0.997151,0.872276,0.916967,0,0.89676,0.96232,0.20168,0.01169,0.06625,2.73545,20.9901,0.91751,2.35046,2.26012,0,2.9906,16.0,2.3756,16.0,1,29.857,0.0717,0.1881,1,13.865,0.3184,0.05,1,20.611,0.0061,0.4431,1,0,1,193
task_attr_mod_color_123744,hat,18,148,0.923571,0.997838,0.849505,0.910598,0,0.898,0.96515,0.20147,0.01133,0.06491,2.79997,20.8908,0.91866,2.34117,2.26012,0,2.8959,16.0,2.3226,16.0,1,29.858,0.0771,0.1856,1,13.875,0.3238,0.05,1,20.37,0.003,0.4391,1,0,1,195
task_attr_mod_color_123744,hat,18,149,0.918403,0.997893,0.878073,0.905801,0,0.8981,0.96595,0.20188,0.01195,0.0686,2.77817,20.8308,0.91844,2.33284,2.26012,0,2.9749,16.0,2.3702,16.0,1,29.986,0.0737,0.1878,1,13.903,0.3189,0.0518,1,20.814,0.0045,0.438,1,0,1,196
task_attr_mod_color_123744,hat,18,150,0.928155,0.996535,0.821382,0.914816,0,0.89565,0.96362,0.20096,0.01112,0.06544,2.76531,20.8857,0.9199,2.33537,2.26012,0,2.9471,16.0,2.2587,16.0,1,29.826,0.0708,0.1859,1,13.914,0.3118,0.05,1,20.764,0.0006,0.4462,1,0,1,199
task_attr_mod_color_123744,hat,18,151,0.919888,0.998547,0.884524,0.907226,0,0.89928,0.96309,0.20211,0.01211,0.06818,2.73794,20.8855,0.91763,2.34973,2.26012,0,2.9669,16.0,2.364,16.0,1,29.851,0.0743,0.1864,1,13.921,0.3187,0.05,1,20.465,0.0007,0.4382,1,0,1,193
task_attr_mod_color_123744,hat,18,152,0.938427,0.997633,0.824318,0.924668,0,0.89763,0.96561,0.20102,0.01088,0.06291,2.72366,20.9309,0.91933,2.33409,2.26012,0,2.8872,16.0,2.2085,16.0,1,29.855,0.0757,0.1855,1,13.944,0.3132,0.05,1,20.74,0.0041,0.4437,1,0,1,197
task_attr_mod_color_123744,hat,18,153,0.932652,0.997111,0.872344,0.919107,0,0.89669,0.97089,0.20213,0.01201,0.06829,2.71862,20.8212,0.9198,2.34952,2.26012,0,2.9261,16.0,2.2422,16.0,1,29.922,0.0739,0.1834,1,14.133,0.3196,0.05,1,20.524,0.0,0.4371,1,0,1,192
task_attr_mod_color_123744,hat,18,154,0.904899,0.997056,0.857401,0.893324,0,0.89659,0.97162,0.20129,0.01138,0.06536,2.82522,21.0485,0.91824,2.33649,2.26012,0,3.0147,16.0,2.3754,16.0,1,29.908,0.081,0.1862,1,13.898,0.3251,0.0514,1,20.555,0.0071,0.4475,1,0,1,196
task_attr_mod_color_123744,hat,19,155,0.951532,0.997921,0.85289,0.937639,0,0.89815,0.97058,0.20178,0.0119,0.06808,2.6181,20.9724,0.91936,2.32931,2.26012,0,2.9938,16.0,2.3805,16.0,1,30.06,0.0813,0.1838,1,13.841,0.3288,0.05,1,20.546,0.0048,0.4488,1,0,1,198
task_attr_mod_color_123744,hat,19,156,0.966244,0.996795,0.863458,0.953414,0,0.89612,0.9736,0.20163,0.01164,0.06721,2.57036,21.0066,0.9193,2.33208,2.26012,0,3.0143,16.0,2.326,16.0,1,30.005,0.0822,0.1854,1,13.861,0.3242,0.05,1,20.531,0.0043,0.4486,1,0,1,200
task_attr_mod_color_123744,hat,19,157,0.925805,0.998276,0.875638,0.912713,0,0.89879,0.95501,0.20189,0.01182,0.06708,2.77795,21.1658,0.91725,2.34282,2.26012,0,2.9967,16.0,2.4491,16.0,1,29.794,0.0894,0.1842,1,13.938,0.3227,0.05,1,20.599,0.002,0.4462,1,0,1,190
task_attr_mod_color_123744,hat,19,158,0.925895,0.998503,0.853501,0.912813,0,0.8992,0.97466,0.20165,0.01176,0.06709,2.75528,20.9298,0.91941,2.32899,2.26012,0,2.9924,16.0,2.3947,16.0,1,29.964,0.0799,0.1873,1,13.892,0.3252,0.0504,1,20.696,0.0098,0.4471,1,0,1,198
task_attr_mod_color_123744,hat,19,159,0.925384,0.997572,0.83119,0.912275,0,0.89752,0.96411,0.20095,0.01117,0.06525,2.77284,21.2176,0.91955,2.32682,2.26012,0,2.9843,16.0,2.2758,16.0,1,30.094,0.0869,0.1876,1,13.854,0.325,0.0507,1,20.445,0.0168,0.4549,1,0,1,199
task_attr_mod_color_123744,hat,19,160,0.924514,0.998065,0.876038,0.911493,0,0.89841,0.96202,0.20205,0.01206,0.06773,2.77458,21.0452,0.91739,2.34698,2.26012,0,3.0084,16.0,2.3806,16.0,1,29.812,0.0799,0.1858,1,14.039,0.3295,0.0503,1,20.62,0.0111,0.4456,1,0,1,193
task_attr_mod_color_123744,hat,19,161,0.928519,0.996851,0.871115,0.915177,0,0.89622,0.96287,0.20188,0.01197,0.06822,2.75376,21.0017,0.91819,2.33729,2.26012,0,3.0236,16.0,2.3957,16.0,1,29.965,0.077,0.1891,1,13.76,0.3226,0.0528,1,20.631,0.0029,0.4454,1,0,1,196
task_attr_mod_color_123744,hat,19,162,0.930681,0.99689,0.832261,0.917224,0,0.89629,0.97722,0.201,0.01088,0.06249,2.73887,21.0162,0.9185,2.34408,2.26012,0,2.9311,16.0,2.3381,16.0,1,29.913,0.0816,0.1847,1,13.975,0.3215,0.05,1,20.539,0.0036,0.4463,1,0,1,195
task_attr_mod_color_123744,hat,19,163,0.920361,0.995071,0.876997,0.907418,0,0.89301,0.95956,0.20165,0.01174,0.06714,2.73389,21.1207,0.91792,2.34288,2.26012,0,3.0749,16.0,2.4248,16.0,1,29.81,0.0788,0.1881,1,13.976,0.3313,0.0557,1,20.51,0.0064,0.4485,1,0,1,196
task_attr_mod_color_123744,hat,20,164,0.928712,0.997073,0.846012,0.915372,0,0.89662,0.9644,0.20131,0.01114,0.06442,2.72115,21.0601,0.91923,2.33828,2.26012,0,2.9354,16.0,2.2066,16.0,1,29.954,0.0766,0.1819,1,13.911,0.3246,0.0525,1,20.476,0.0101,0.4502,1,0,1,197
task_attr_mod_color_123744,hat,20,165,0.939326,0.998242,0.836036,0.925557,0,0.89873,0.96542,0.20123,0.01108,0.0641,2.71789,20.9851,0.91926,2.33615,2.26012,0,2.92,16.0,2.2188,16.0,1,29.917,0.0788,0.1857,1,13.927,0.3297,0.0522,1,20.473,0.0074,0.4468,1,0,1,197
task_attr_mod_color_123744,hat,20,166,0.928002,0.997128,0.821675,0.914705,0,0.89672,0.94631,0.20112,0.01111,0.06621,2.74988,21.0761,0.92154,2.33577,2.26012,0,2.9328,16.0,2.0834,16.0,1,29.966,0.0814,0.1874,1,13.811,0.3235,0.0515,1,20.486,0.004,0.4521,1,0,1,194
task_attr_mod_color_123744,hat,20,167,0.912997,0.998459,0.849025,0.900862,0,0.89912,0.95497,0.20128,0.01115,0.06347,2.79951,21.1507,0.91826,2.34035,2.26012,0,2.9765,16.0,2.3499,16.0,1,29.87,0.0799,0.1848,1,13.894,0.3309,0.0528,1,20.573,0.0054,0.4501,1,0,1,195
task_attr_mod_color_123744,hat,20,168,0.931936,0.997422,0.834493,0.918443,0,0.89725,0.9629,0.20123,0.01109,0.06336,2.74762,21.0269,0.91846,2.34166,2.26012,0,2.9388,16.0,2.3387,16.0,1,29.994,0.081,0.1845,1,13.895,0.3307,0.0514,1,20.566,0.0065,0.4449,1,0,1,195
task_attr_mod_color_123744,hat,20,169,0.915773,0.997333,0.863439,0.903329,0,0.89709,0.9675,0.20159,0.01168,0.06654,2.81075,21.0461,0.91827,2.33823,2.26012,0,3.0131,16.0,2.3827,16.0,1,30.025,0.0836,0.1878,1,13.854,0.3285,0.0514,1,20.642,0.0026,0.4468,1,0,1,196
task_attr_mod_color_123744,hat,20,170,0.915068,0.997294,0.857854,0.902675,0,0.89702,0.96339,0.20133,0.01153,0.06736,2.79926,21.0726,0.91964,2.33095,2.26012,0,2.9874,16.0,2.2739,16.0,1,29.919,0.0787,0.1849,1,13.863,0.3259,0.0522,1,20.616,0.0108,0.4514,1,0,1,199
task_attr_mod_color_123744,hat,20,171,0.923864,0.995764,0.848546,0.910737,0,0.89426,0.96375,0.20136,0.01154,0.06712,2.75653,20.8758,0.91997,2.33175,2.26012,0,2.9481,16.0,2.2694,16.0,1,29.776,0.0835,0.1878,1,13.911,0.3271,0.0505,1,20.545,0.0038,0.4453,1,0,1,199
task_attr_mod_color_123744,hat,20,172,0.92184,0.99561,0.856276,0.908834,0,0.89398,0.96209,0.20156,0.01156,0.06551,2.72287,21.0014,0.91918,2.32745,2.26012,0,3.039,16.0,2.3444,16.0,1,30.075,0.0806,0.1858,1,14.014,0.3202,0.052,1,20.547,0.0047,0.4487,1,0,1,200
task_attr_mod_color_123744,hat,21,173,0.929099,0.997067,0.868075,0.915737,0,0.89661,0.966,0.20169,0.0118,0.06775,2.76372,20.9788,0.9192,2.33328,2.26012,0,3.0272,16.0,2.4106,16.0,1,29.931,0.0827,0.1859,1,13.896,0.3262,0.0525,1,20.507,0.004,0.4492,1,0,1,198
task_attr_mod_color_123744,hat,21,174,0.920698,0.996341,0.823282,0.90782,0,0.8953,0.96488,0.20097,0.01082,0.06268,2.76536,21.0021,0.91928,2.33492,2.26012,0,2.9174,16.0,2.2324,16.0,1,29.855,0.0846,0.1877,1,13.858,0.327,0.0512,1,20.565,0.009,0.4479,1,0,1,197
task_attr_mod_color_123744,hat,21,175,0.928498,0.99765,0.852484,0.915204,0,0.89766,0.96578,0.2013,0.01138,0.06439,2.7881,21.0539,0.91817,2.33952,2.26012,0,3.0298,16.0,2.3833,16.0,1,30.016,0.0809,0.1861,1,13.829,0.3228,0.0523,1,20.638,0.0038,0.4486,1,0,1,196
task_attr_mod_color_123744,hat,21,176,0.922134,0.996752,0.837793,0.909185,0,0.89604,0.94586,0.20123,0.01108,0.0639,2.76289,21.0407,0.91931,2.33943,2.26012,0,2.9172,16.0,2.226,16.0,1,29.989,0.0827,0.1866,1,13.984,0.3224,0.0509,1,20.541,0.0116,0.4487,1,0,1,197
task_attr_mod_color_123744,hat,21,177,0.928853,0.996912,0.863711,0.915496,0,0.89633,0.9485,0.20186,0.01186,0.0696,2.77105,20.9919,0.92153,2.34028,2.26012,0,2.8939,16.0,2.0691,16.0,1,29.906,0.0794,0.1876,1,13.866,0.3263,0.05,1,20.579,0.0096,0.447,1,0,1,194
task_attr_mod_color_123744,hat,21,178,0.930585,0.997871,0.850218,0.917185,0,0.89806,0.9619,0.20135,0.01121,0.06428,2.74173,21.0864,0.91841,2.34424,2.26012,0,2.9485,16.0,2.3305,16.0,1,29.912,0.077,0.184,1,13.84,0.331,0.0517,1,20.483,0.0059,0.4468,1,0,1,195
task_attr_mod_color_123744,hat,21,179,0.924802,0.996225,0.849832,0.911644,0,0.89509,0.96049,0.20153,0.01137,0.06584,2.74217,20.9752,0.91927,2.34128,2.26012,0,2.9143,16.0,2.2168,16.0,1,29.887,0.0796,0.1855,1,13.851,0.3298,0.0518,1,20.586,0.0064,0.4465,1,0,1,197
task_attr_mod_color_123744,hat,21,180,0.938948,0.996895,0.83603,0.925149,0,0.8963,0.9614,0.20119,0.01107,0.06382,2.71923,21.0819,0.91842,2.34004,2.26012,0,2.9457,16.0,2.3484,16.0,1,29.923,0.078,0.1878,1,13.899,0.3272,0.05,1,20.547,0.0057,0.4491,1,0,1,195
task_attr_mod_color_123744,hat,21,181,0.936823,0.994966,0.839566,0.92303,0,0.89282,0.96245,0.20109,0.01096,0.06279,2.73745,21.0542,0.91843,2.34424,2.26012,0,2.9435,16.0,2.3478,16.0,1,29.91,0.0798,0.1865,1,13.897,0.3237,0.051,1,20.543,0.0049,0.4465,1,0,1,195
task_attr_mod_color_123744,hat,22,182,0.936189,0.996274,0.848741,0.92246,0,0.89518,0.96356,0.20116,0.01103,0.06277,2.72986,21.0796,0.91844,2.34624,2.26012,0,2.945,16.0,2.3457,16.0,1,29.953,0.0817,0.1852,1,13.86,0.3249,0.0509,1,20.573,0.0074,0.4471,1,0,1,195
task_attr_mod_color_123744,hat,22,183,0.910912,0.995847,0.866436,0.898734,0,0.89441,0.96389,0.20185,0.01194,0.06782,2.79962,21.0365,0.91827,2.33783,2.26012,0,3.0073,16.0,2.3707,16.0,1,29.904,0.0781,0.186,1,13.837,0.3247,0.0511,1,20.548,0.0081,0.4467,1,0,1,196
task_attr_mod_color_123744,hat,22,184,0.9426,0.998343,0.825403,0.928743,0,0.89891,0.9605,0.20107,0.01094,0.0634,2.71223,21.0781,0.91914,2.34144,2.26012,0,2.9335,16.0,2.2342,16.0,1,29.924,0.0817,0.1876,1,13.886,0.3269,0.0515,1,20.56,0.0045,0.4506,1,0,1,197
task_attr_mod_color_123744,hat,22,185,0.933082,0.99852,0.868116,0.919586,0,0.89923,0.96499,0.20185,0.01172,0.06695,2.71554,21.0943,0.91841,2.34503,2.26012,0,2.9474,16.0,2.35,16.0,1,29.877,0.0814,0.1861,1,13.842,0.3249,0.051,1,20.564,0.0052,0.4473,1,0,1,195
task_attr_mod_color_123744,hat,22,186,0.936151,0.996125,0.852016,0.922418,0,0.89491,0.96199,0.20127,0.01114,0.06346,2.73983,21.0494,0.91846,2.34286,2.26012,0,2.9413,16.0,2.3484,16.0,1,29.918,0.0817,0.186,1,13.909,0.327,0.051,1,20.541,0.0093,0.4458,1,0,1,195
task_attr_mod_color_123744,hat,22,187,0.919622,0.996541,0.839912,0.906832,0,0.89566,0.93128,0.20129,0.01127,0.06654,2.77229,21.0252,0.92153,2.33824,2.26012,0,2.919,16.0,2.081,16.0,1,29.942,0.079,0.1868,1,13.833,0.325,0.0525,1,20.562,0.0091,0.4468,1,0,1,194
task_attr_mod_color_123744,hat,22,188,0.912398,0.995775,0.864293,0.900095,0,0.89428,0.96621,0.20161,0.0117,0.06667,2.85174,20.9862,0.91836,2.3347,2.26012,0,2.9935,16.0,2.357,16.0,1,29.893,0.081,0.1849,1,13.913,0.3236,0.05,1,20.5,0.0047,0.4468,1,0,1,196
task_attr_mod_color_123744,hat,22,189,0.913529,0.997311,0.854151,0.901258,0,0.89705,0.9658,0.20149,0.01157,0.06632,2.74842,21.0033,0.91824,2.33817,2.26012,0,3.0181,16.0,2.3786,16.0,1,29.941,0.0788,0.1859,1,13.906,0.326,0.052,1,20.517,0.0022,0.4467,1,0,1,196
task_attr_mod_color_123744,hat,22,190,0.924928,0.997305,0.859106,0.911831,0,0.89704,0.96049,0.20148,0.01157,0.06579,2.78241,21.0004,0.9182,2.33754,2.26012,0,3.0203,16.0,2.3767,16.0,1,29.889,0.0828,0.1852,1,13.854,0.3227,0.0521,1,20.542,0.0088,0.447,1,0,1,196
task_attr_mod_color_123744,hat,23,191,0.927484,0.996746,0.859057,0.914196,0,0.89603,0.96155,0.20149,0.01136,0.06539,2.73745,21.0813,0.91844,2.34831,2.26012,0,2.945,16.0,2.3539,16.0,1,29.903,0.0821,0.1868,1,13.917,0.3237,0.0506,1,20.548,0.0078,0.4473,1,0,1,195
task_attr_mod_color_123744,hat,23,192,0.923885,0.997505,0.836205,0.910868,0,0.8974,0.94692,0.20116,0.01104,0.06265,2.7796,21.0676,0.91836,2.34233,2.26012,0,2.958,16.0,2.357,16.0,1,29.913,0.0832,0.1859,1,13.871,0.3243,0.0518,1,20.565,0.0063,0.4476,1,0,1,195
task_attr_mod_color_123744,hat,23,193,0.937628,0.995454,0.862019,0.923825,0,0.8937,0.96426,0.20172,0.01159,0.06654,2.73701,21.103,0.91836,2.34236,2.26012,0,2.957,16.0,2.3577,16.0,1,29.898,0.08,0.1874,1,13.891,0.325,0.0521,1,20.526,0.0075,0.4468,1,0,1,195
task_attr_mod_color_123744,hat,23,194,0.939907,0.997073,0.843368,0.926086,0,0.89662,0.95258,0.20128,0.01113,0.06457,2.70453,21.0461,0.91918,2.33756,2.26012,0,2.9293,16.0,2.2289,16.0,1,29.92,0.0815,0.1863,1,13.925,0.3237,0.052,1,20.523,0.0061,0.4487,1,0,1,197
task_attr_mod_color_123744,hat,23,195,0.909662,0.996385,0.835654,0.89763,0,0.89538,0.96084,0.20109,0.01097,0.06264,2.82439,21.0732,0.91845,2.34364,2.26012,0,2.9432,16.0,2.3407,16.0,1,29.908,0.0805,0.1851,1,13.925,0.327,0.0502,1,20.535,0.0073,0.4482,1,0,1,195
task_attr_mod_color_123744,hat,23,196,0.936308,0.996103,0.843554,0.922569,0,0.89487,0.94863,0.20154,0.01139,0.06573,2.69809,20.9769,0.91929,2.33744,2.26012,0,2.9091,16.0,2.2212,16.0,1,29.932,0.081,0.1865,1,13.91,0.3258,0.0509,1,20.583,0.0067,0.4468,1,0,1,197
task_attr_mod_color_123744,hat,23,197,0.918563,0.996114,0.877164,0.905819,0,0.89489,0.96389,0.20195,0.01204,0.06854,2.75088,21.0362,0.9182,2.33821,2.26012,0,3.0208,16.0,2.3801,16.0,1,29.943,0.079,0.1858,1,13.918,0.3261,0.0522,1,20.565,0.0085,0.4467,1,0,1,196
task_attr_mod_color_123744,hat,23,198,0.92689,0.996219,0.856213,0.913606,0,0.89508,0.96579,0.20166,0.01151,0.06613,2.7765,20.9918,0.9192,2.33821,2.26012,0,2.9296,16.0,2.2331,16.0,1,29.899,0.0833,0.187,1,13.949,0.3261,0.052,1,20.555,0.0074,0.4489,1,0,1,197
task_attr_mod_color_123744,hat,23,199,0.93579,0.997655,0.847724,0.92213,0,0.89767,0.9612,0.20139,0.01126,0.06482,2.73285,21.1179,0.9184,2.3461,2.26012,0,2.9539,16.0,2.3489,16.0,1,29.915,0.0823,0.1851,1,13.87,0.3249,0.0511,1,20.545,0.0079,0.4485,1,0,1,195
task_attr_mod_color_123744,hat,24,200,0.91945,0.995592,0.843076,0.906606,0,0.89395,0.95444,0.20141,0.01129,0.06487,2.74628,21.1075,0.91839,2.34357,2.26012,0,2.9519,16.0,2.3522,16.0,1,29.961,0.081,0.1865,1,13.888,0.3261,0.0512,1,20.565,0.0069,0.4478,1,0,1,195
task_attr_mod_color_123744,hat,24,201,0.925847,0.9973,0.819072,0.912691,0,0.89703,0.96439,0.20096,0.01081,0.06184,2.74784,21.0107,0.91922,2.33828,2.26012,0,2.9258,16.0,2.2286,16.0,1,29.911,0.0824,0.1865,1,13.912,0.3261,0.0519,1,20.522,0.007,0.4483,1,0,1,197
task_attr_mod_color_123744,hat,24,202,0.915576,0.997311,0.871222,0.903145,0,0.89705,0.96552,0.20186,0.01195,0.068,2.79582,21.0305,0.91827,2.33639,2.26012,0,3.0098,16.0,2.369,16.0,1,29.94,0.082,0.1853,1,13.893,0.3262,0.051,1,20.574,0.0069,0.4476,1,0,1,196
task_attr_mod_color_123744,hat,24,203,0.933107,0.995576,0.840112,0.919473,0,0.89392,0.9554,0.20154,0.01141,0.065,2.73816,21.107,0.91837,2.34594,2.26012,0,2.955,16.0,2.3574,16.0,1,29.901,0.0822,0.1866,1,13.868,0.3242,0.0516,1,20.521,0.0057,0.4474,1,0,1,195
task_attr_mod_color_123744,hat,24,204,0.913092,0.996541,0.862329,0.900796,0,0.89566,0.96357,0.20165,0.01174,0.06681,2.79162,21.0218,0.91821,2.33795,2.26012,0,3.021,16.0,2.3794,16.0,1,29.903,0.0814,0.1863,1,13.903,0.325,0.0517,1,20.558,0.0052,0.4481,1,0,1,196
task_attr_mod_color_123744,hat,24,205,0.926286,0.99659,0.85919,0.913059,0,0.89575,0.96498,0.20139,0.01149,0.06588,2.73639,21.0209,0.91825,2.33483,2.26012,0,3.0135,16.0,2.3757,16.0,1,29.911,0.0823,0.1868,1,13.859,0.3252,0.051,1,20.566,0.0051,0.4481,1,0,1,196
task_attr_mod_color_123744,hat,24,206,0.9015,0.997699,0.86805,0.890277,0,0.89775,0.96615,0.2017,0.01179,0.06761,2.85349,21.0178,0.91824,2.33576,2.26012,0,3.0134,16.0,2.3752,16.0,1,29.929,0.0808,0.1864,1,13.911,0.3248,0.0513,1,20.532,0.0079,0.4475,1,0,1,196
task_attr_mod_color_123744,hat,24,207,0.918086,0.996923,0.857733,0.905436,0,0.89635,0.96581,0.20154,0.01163,0.06654,2.8393,21.0219,0.91827,2.33517,2.26012,0,3.0091,16.0,2.3693,16.0,1,29.898,0.0811,0.1856,1,13.927,0.3246,0.0509,1,20.52,0.0069,0.4475,1,0,1,196
task_attr_mod_color_123744,hat,24,208,0.927829,0.995443,0.844677,0.914447,0,0.89368,0.96423,0.20143,0.0113,0.06437,2.74493,21.1029,0.91841,2.34349,2.26012,0,2.9483,16.0,2.3538,16.0,1,29.919,0.0826,0.1862,1,13.909,0.3235,0.0511,1,20.551,0.0061,0.447,1,0,1,195
task_attr_mod_color_123744,hat,25,209,0.935411,0.997888,0.88758,0.921776,0,0.89809,0.96282,0.20198,0.01208,0.069,2.72787,21.006,0.91827,2.33663,2.26012,0,3.0092,16.0,2.3739,16.0,1,29.931,0.0805,0.1866,1,13.889,0.3251,0.0511,1,20.495,0.0066,0.4471,1,0,1,196
task_attr_mod_color_123744,hat,25,210,0.945687,0.996607,0.841027,0.931766,0,0.89578,0.96109,0.20119,0.01106,0.06275,2.71435,21.0898,0.91837,2.34336,2.26012,0,2.9563,16.0,2.3528,16.0,1,29.92,0.0807,0.1863,1,13.93,0.3246,0.0517,1,20.54,0.0074,0.4477,1,0,1,195
task_attr_mod_color_123744,hat,25,211,0.912769,0.996031,0.860068,0.900457,0,0.89474,0.96519,0.20159,0.01168,0.06651,2.79627,20.9873,0.91826,2.33786,2.26012,0,3.009,16.0,2.372,16.0,1,29.941,0.0802,0.1861,1,13.902,0.3248,0.0511,1,20.536,0.0081,0.447,1,0,1,196
task_attr_mod_color_123744,hat,25,212,0.906164,0.996497,0.858889,0.894433,0,0.89558,0.96671,0.20149,0.01159,0.06607,2.82931,21.0821,0.91826,2.33728,2.26012,0,3.0092,16.0,2.3679,16.0,1,29.932,0.0813,0.1855,1,13.893,0.3243,0.0507,1,20.532,0.0079,0.448,1,0,1,196
task_attr_mod_color_123744,hat,25,213,0.912959,0.997305,0.859459,0.900734,0,0.89704,0.96614,0.20121,0.0113,0.06474,2.79414,21.0041,0.9182,2.34024,2.26012,0,3.0212,16.0,2.3798,16.0,1,29.913,0.081,0.186,1,13.925,0.3244,0.052,1,20.513,0.0084,0.4473,1,0,1,196
task_attr_mod_color_123744,hat,25,214,0.930196,0.997428,0.853635,0.916794,0,0.89726,0.9651,0.20155,0.01141,0.06554,2.74529,21.0065,0.9193,2.33454,2.26012,0,2.9108,16.0,2.224,16.0,1,29.942,0.0811,0.1872,1,13.898,0.3243,0.0504,1,20.514,0.0089,0.4484,1,0,1,197
task_attr_mod_color_123744,hat,25,215,0.940359,0.996152,0.850192,0.926504,0,0.89496,0.96629,0.20139,0.01148,0.06548,2.64392,21.0037,0.9182,2.33624,2.26012,0,3.0201,16.0,2.383,16.0,1,29.927,0.0817,0.1866,1,13.9,0.3246,0.0522,1,20.525,0.0076,0.4465,1,0,1,196
task_attr_mod_color_123744,hat,25,216,0.958373,0.996679,0.871369,0.944801,0,0.89591,0.96529,0.20187,0.01196,0.06807,2.58841,20.9962,0.91829,2.33845,2.26012,0,3.0032,16.0,2.371,16.0,1,29.94,0.0808,0.1867,1,13.881,0.3248,0.0508,1,20.522,0.008,0.4465,1,0,1,196
task_attr_mod_color_123744,hat,25,217,0.920694,0.996518,0.833323,0.907828,0,0.89562,0.96537,0.20105,0.0109,0.06234,2.74129,21.0244,0.9193,2.33792,2.26012,0,2.9099,16.0,2.2207,16.0,1,29.933,0.0805,0.1865,1,13.9,0.3256,0.0509,1,20.554,0.0082,0.4473,1,0,1,197
task_attr_mod_color_123744,hat,26,218,0.915399,0.996524,0.853962,0.902921,0,0.89563,0.96576,0.20148,0.01157,0.06606,2.77845,21.0333,0.91825,2.33799,2.26012,0,3.0119,16.0,2.376,16.0,1,29.908,0.0814,0.1869,1,13.912,0.3245,0.0511,1,20.524,0.0074,0.4475,1,0,1,196
task_attr_mod_color_123744,hat,26,219,0.938005,0.99602,0.843934,0.924208,0,0.89472,0.96157,0.20156,0.01144,0.06629,2.72188,21.0515,0.91843,2.34408,2.26012,0,2.9451,16.0,2.3492,16.0,1,29.91,0.081,0.1862,1,13.899,0.3247,0.051,1,20.544,0.0076,0.4466,1,0,1,195
task_attr_mod_color_123744,hat,26,220,0.926833,0.996452,0.880211,0.913566,0,0.8955,0.96589,0.20203,0.01212,0.06894,2.7661,21.0339,0.91827,2.33807,2.26012,0,3.0077,16.0,2.3706,16.0,1,29.928,0.0805,0.1859,1,13.908,0.3241,0.0511,1,20.52,0.0085,0.4468,1,0,1,196
task_attr_mod_color_123744,hat,26,221,0.931689,0.997345,0.880906,0.918204,0,0.89711,0.96578,0.20186,0.01195,0.06822,2.74355,20.9885,0.91825,2.33759,2.26012,0,3.0128,16.0,2.375,16.0,1,29.931,0.0801,0.1864,1,13.913,0.3254,0.0512,1,20.534,0.0071,0.4475,1,0,1,196
task_attr_mod_color_123744,hat,26,222,0.917502,0.997505,0.850966,0.904939,0,0.8974,0.96575,0.20155,0.0114,0.06597,2.76135,20.9879,0.91926,2.33484,2.26012,0,2.9163,16.0,2.2248,16.0,1,29.93,0.0803,0.1867,1,13.91,0.3241,0.0516,1,20.519,0.0073,0.447,1,0,1,197
task_attr_mod_color_123744,hat,26,223,0.918698,0.996696,0.871685,0.905987,0,0.89594,0.96255,0.20184,0.01193,0.0683,2.7733,21.0494,0.91823,2.33765,2.26012,0,3.0142,16.0,2.3769,16.0,1,29.938,0.0803,0.1868,1,13.915,0.3245,0.0512,1,20.53,0.0079,0.4477,1,0,1,196
task_attr_mod_color_123744,hat,26,224,0.920075,0.997294,0.859657,0.907307,0,0.89702,0.96154,0.20143,0.01128,0.06506,2.77161,21.0089,0.91927,2.33585,2.26012,0,2.9148,16.0,2.225,16.0,1,29.933,0.0808,0.1869,1,13.914,0.3247,0.0515,1,20.526,0.0079,0.4469,1,0,1,197
task_attr_mod_color_123744,hat,26,225,0.904008,0.998298,0.859377,0.892618,0,0.89883,0.96569,0.20162,0.01172,0.06691,2.83242,21.0729,0.91826,2.33739,2.26012,0,3.0084,16.0,2.37,16.0,1,29.94,0.0807,0.1863,1,13.924,0.3246,0.0506,1,20.527,0.0084,0.448,1,0,1,196
task_attr_mod_color_123744,hat,26,226,0.931226,0.997062,0.840436,0.917749,0,0.8966,0.96517,0.2011,0.01096,0.06261,2.73664,21.03,0.91928,2.33561,2.26012,0,2.9136,16.0,2.2225,16.0,1,29.947,0.0803,0.1866,1,13.911,0.3259,0.0512,1,20.541,0.0075,0.4473,1,0,1,197
task_attr_mod_color_123744,hat,27,227,0.904951,0.996657,0.86121,0.893338,0,0.89587,0.96304,0.20142,0.01151,0.06582,2.86503,21.0153,0.91824,2.33512,2.26012,0,3.0139,16.0,2.3764,16.0,1,29.935,0.0806,0.1865,1,13.895,0.325,0.0514,1,20.525,0.0073,0.4473,1,0,1,196
task_attr_mod_color_123744,hat,27,228,0.915845,0.99663,0.879485,0.903342,0,0.89582,0.96368,0.20175,0.01185,0.06774,2.79395,21.0423,0.91826,2.33506,2.26012,0,3.0092,16.0,2.374,16.0,1,29.912,0.0811,0.1868,1,13.897,0.3246,0.0509,1,20.534,0.0074,0.4474,1,0,1,196
task_attr_mod_color_123744,hat,27,229,0.918585,0.997411,0.834356,0.905934,0,0.89723,0.96449,0.2012,0.01106,0.06401,2.77885,20.9824,0.91929,2.33753,2.26012,0,2.9094,16.0,2.2223,16.0,1,29.94,0.081,0.1867,1,13.913,0.3246,0.0508,1,20.521,0.0071,0.4472,1,0,1,197
task_attr_mod_color_123744,hat,27,230,0.914938,0.997073,0.864076,0.902538,0,0.89662,0.97102,0.20154,0.01163,0.06609,2.78481,21.0288,0.91823,2.33474,2.26012,0,3.014,16.0,2.3746,16.0,1,29.937,0.0803,0.186,1,13.908,0.3255,0.0514,1,20.529,0.0083,0.4473,1,0,1,196
task_attr_mod_color_123744,hat,27,231,0.915953,0.996607,0.867638,0.903439,0,0.89578,0.96274,0.20176,0.01185,0.06756,2.78549,21.0351,0.91824,2.33681,2.26012,0,3.0128,16.0,2.3764,16.0,1,29.931,0.0811,0.1866,1,13.911,0.3252,0.0513,1,20.518,0.0078,0.4471,1,0,1,196
task_attr_mod_color_123744,hat,27,232,0.915616,0.996801,0.877957,0.903143,0,0.89613,0.96529,0.20196,0.01205,0.06911,2.76245,21.0201,0.91825,2.33654,2.26012,0,3.0107,16.0,2.3744,16.0,1,29.927,0.0811,0.1865,1,13.91,0.3246,0.0512,1,20.536,0.008,0.4471,1,0,1,196
task_attr_mod_color_123744,hat,27,233,0.920547,0.996053,0.864878,0.907659,0,0.89478,0.96579,0.20157,0.01166,0.06657,2.74784,21.0419,0.91824,2.33501,2.26012,0,3.0139,16.0,2.3748,16.0,1,29.922,0.0813,0.1862,1,13.922,0.3248,0.0513,1,20.541,0.0078,0.4476,1,0,1,196
task_attr_mod_color_123744,hat,27,234,0.90199,0.996973,0.862891,0.890661,0,0.89644,0.95962,0.20182,0.01191,0.0672,2.83894,21.0411,0.91826,2.3358,2.26012,0,3.0084,16.0,2.372,16.0,1,29.922,0.0811,0.1866,1,13.923,0.3244,0.0508,1,20.542,0.0086,0.4476,1,0,1,196
task_attr_mod_color_123744,hat,27,235,0.944422,0.998026,0.844982,0.930526,0,0.89834,0.96388,0.20152,0.01137,0.06639,2.67681,20.9838,0.91925,2.33837,2.26012,0,2.9192,16.0,2.2244,16.0,1,29.921,0.0816,0.1861,1,13.913,0.3246,0.0517,1,20.522,0.0078,0.4475,1,0,1,197
task_attr_mod_color_123744,hat,28,236,0.903959,0.99684,0.863866,0.892447,0,0.8962,0.96622,0.20166,0.01176,0.06709,2.8405,21.0586,0.91823,2.3359,2.26012,0,3.015,16.0,2.3762,16.0,1,29.925,0.0807,0.1864,1,13.92,0.3255,0.0513,1,20.532,0.0077,0.4477,1,0,1,196
task_attr_mod_color_123744,hat,28,237,0.916595,0.99761,0.877139,0.904109,0,0.89759,0.96245,0.20187,0.01197,0.06776,2.75932,21.0185,0.91824,2.33601,2.26012,0,3.0125,16.0,2.375,16.0,1,29.938,0.0806,0.1865,1,13.913,0.325,0.0511,1,20.532,0.0079,0.4476,1,0,1,196
task_attr_mod_color_123744,hat,28,238,0.903908,0.996806,0.861825,0.892397,0,0.89614,0.96566,0.20161,0.0117,0.06661,2.84453,21.0325,0.91824,2.33619,2.26012,0,3.0124,16.0,2.3735,16.0,1,29.93,0.081,0.186,1,13.914,0.3253,0.0512,1,20.536,0.0081,0.4474,1,0,1,196
task_attr_mod_color_123744,hat,28,239,0.931355,0.995038,0.872706,0.917775,0,0.89295,0.96627,0.20165,0.01175,0.06661,2.75687,21.0092,0.91823,2.33711,2.26012,0,3.0157,16.0,2.3772,16.0,1,29.934,0.0809,0.1865,1,13.91,0.3247,0.0514,1,20.531,0.0077,0.4476,1,0,1,196
task_attr_mod_color_123744,hat,28,240,0.915524,0.996735,0.867889,0.903053,0,0.89601,0.96414,0.20169,0.01178,0.0671,2.77613,21.0647,0.91826,2.33653,2.26012,0,3.0098,16.0,2.373,16.0,1,29.931,0.0807,0.1864,1,13.91,0.3251,0.051,1,20.533,0.0079,0.4474,1,0,1,196
task_env_weather_126577,clothing,1,1,0.983513,0.999734,1.0,0.973847,0,0.99392,0.9475,0.21036,0.01173,0.04318,2.45953,25.1155,0.94572,2.5635,2.62696,0,5.8447,16.0,5.3526,16.0,1,24.0,0.0,0.05,1,24.0,0.0,0.5,1,24.0,0.0,0.5,0,0,1,0
task_env_weather_126577,clothing,2,2,0.999851,0.999703,0.566302,1.0,0,0.99399,0.87817,0.21476,0.00598,0.01889,2.39214,36.1868,0.9649,2.55727,2.62696,0,6.789,16.0,4.8419,16.0,8,20.714,0.0,0.239,1,8.336,0.2118,0.7786,1,19.483,0.0,0.5605,0,7,1,43
task_env_weather_126577,clothing,2,3,0.948639,0.978733,1.0,0.93587,0,0.97159,0.91824,0.21527,0.01448,0.07449,2.53505,43.368,0.94574,2.57774,2.62696,0,10.9075,16.0,11.3416,16.0,1,28.179,0.0,0.05,2,32.0,0.4934,0.7576,1,32.0,0.0,0.237,0,0,1,0
task_env_weather_126577,clothing,2,4,0.993479,0.99915,0.979768,0.988862,0,0.99326,0.97223,0.21081,0.01124,0.03986,2.42298,12.579,0.95377,2.54894,2.62696,0,1.8539,16.0,1.2384,16.0,1,30.079,0.0,0.1361,1,18.392,0.1435,0.1947,1,27.227,0.0,0.1959,0,0,1,0
task_env_weather_126577,clothing,2,5,0.995855,0.999648,0.920168,0.992563,0,0.99375,0.96869,0.21207,0.0102,0.03732,2.30478,20.5464,0.95275,2.56265,2.62696,0,2.8559,16.0,1.8912,16.0,16,23.603,0.0329,0.05,4,32.0,0.092,0.1903,1,16.597,0.6947,0.5123,0,0,1,997
task_env_weather_126577,clothing,2,6,0.996349,0.999321,1.0,0.993693,0,0.99392,0.94207,0.2096,0.01351,0.04752,2.40685,40.365,0.95166,2.55932,2.62696,0,6.2587,16.0,4.1153,16.0,1,20.237,0.0,0.4595,4,32.0,0.2276,0.05,1,32.0,0.4032,0.519,1,4,1,6
task_env_weather_126577,clothing,2,7,0.986177,0.996903,1.0,0.978721,0,0.99016,0.94141,0.20837,0.01435,0.04414,2.44239,29.9206,0.95666,2.55617,2.62696,0,5.0558,16.0,4.2608,16.0,1,32.0,0.0,0.2003,1,31.966,0.0,0.286,1,22.218,0.0,0.7818,2,0,1,0
task_env_weather_126577,clothing,2,8,0.993793,0.99903,0.871721,0.989467,0,0.99294,0.96859,0.21099,0.01043,0.0387,2.40274,19.0691,0.95174,2.55846,2.62696,0,2.6159,16.0,1.9065,16.0,1,30.361,0.0,0.05,4,32.0,0.0,0.1164,1,32.0,0.0,0.4896,3,0,1,0
task_env_weather_126577,clothing,2,9,0.987727,0.999658,1.0,0.97972,0,0.9943,0.93107,0.21612,0.01445,0.05304,2.47,45.5516,0.94815,2.56551,2.62696,0,7.1942,16.0,3.0779,16.0,1,22.659,0.0,0.05,1,24.049,0.1222,0.2273,1,32.0,1.0315,0.7553,13,5,1,457
task_env_weather_126577,clothing,2,10,0.981948,0.99917,1.0,0.971955,0,0.9929,0.92744,0.21091,0.01526,0.06594,2.4767,36.4671,0.94295,2.54835,2.62696,0,9.15,16.0,8.2431,16.0,2,25.002,0.0,0.05,1,31.035,0.0,0.654,2,32.0,0.0,0.4803,8,8,1,0
task_env_weather_126577,clothing,3,11,1000.0,0.885362,1.0,0.86144,0,0.87871,0.84623,0.23123,0.02364,0.06298,2.79788,84.9973,1.03426,2.58829,2.62696,1,21.8379,16.0,21.997,16.0,2,32.0,0.0,0.1642,2,20.076,1.2982,0.998,2,19.869,0.0,0.05,0,4,1,0
task_env_weather_126577,clothing,3,12,0.960583,0.993289,0.759687,0.947495,0,0.98852,0.95517,0.20907,0.00756,0.03175,2.55089,38.1628,0.94056,2.56023,2.62696,0,8.3275,16.0,7.5842,16.0,1,32.0,0.0456,0.05,4,22.583,0.7811,0.7467,4,32.0,0.2792,0.3385,0,0,1,16
task_env_weather_126577,clothing,3,13,0.966964,0.996923,1.0,0.954213,0,0.99041,0.94881,0.20773,0.01224,0.03809,2.51593,45.1156,0.93026,2.55602,2.62696,0,12.0249,16.0,12.2844,16.0,1,32.0,0.0,0.05,1,32.0,0.6302,0.9024,1,32.0,0.2102,0.2167,0,10,1,0
task_env_weather_126577,clothing,3,14,0.978856,0.999306,0.755904,0.967936,0,0.99376,0.96449,0.21053,0.00903,0.04553,2.44826,28.6082,0.94488,2.56166,2.62696,0,6.8347,16.0,6.738,16.0,1,31.143,0.0,0.05,2,13.031,0.8259,0.4423,1,30.546,0.0,0.05,0,0,1,97
task_env_weather_126577,clothing,3,15,0.909136,0.992564,0.94709,0.896837,0,0.98589,0.94202,0.20542,0.01072,0.04092,2.63508,34.9437,0.9497,2.54669,2.62696,0,8.1584,16.0,7.4142,16.0,2,23.943,0.0596,0.2147,4,31.317,0.4311,0.8992,1,32.0,0.8143,0.05,2,3,1,258
task_env_weather_126577,clothing,3,16,1000.0,0.917231,1.0,0.863884,0,0.91243,0.89189,0.22908,0.02317,0.06151,2.73306,78.0422,1.00519,2.56565,2.62696,1,20.3818,16.0,20.6944,16.0,1,32.0,0.3676,0.05,2,32.0,1.1984,0.9763,1,32.0,0.5318,0.05,0,5,1,0
task_env_weather_126577,clothing,3,17,0.934124,0.959971,1.0,0.922023,0,0.95315,0.84365,0.21907,0.01805,0.06801,2.59188,56.8485,0.95318,2.5724,2.62696,0,13.9883,16.0,14.0349,16.0,2,32.0,0.0,0.05,2,32.0,0.8614,0.7324,1,23.609,0.0,0.2601,0,3,1,0
task_env_weather_126577,clothing,3,18,0.999975,0.99995,1.0,1.0,0,0.99435,0.93921,0.2078,0.01181,0.04531,2.34809,22.2432,0.94872,2.55812,2.62696,0,5.3044,16.0,5.4718,16.0,1,27.545,0.3305,0.1118,2,32.0,0.1396,0.4577,16,30.181,1.0275,0.1682,6,0,1,0
task_env_weather_126577,clothing,3,19,0.95779,0.98356,1.0,0.945704,0,0.97869,0.9005,0.21967,0.01386,0.04574,2.56505,56.6455,0.94157,2.5526,2.62696,0,14.5042,16.0,13.1128,16.0,1,26.025,0.0,0.05,8,26.852,0.7638,1.0,4,32.0,0.0,0.3002,3,4,1,0
task_env_weather_126577,clothing,4,20,0.937351,0.994943,0.869018,0.923542,0,0.9889,0.88998,0.21351,0.01022,0.04224,2.56702,43.1766,0.94389,2.57777,2.62696,0,11.7687,16.0,11.6834,16.0,1,16.419,0.2428,0.0766,2,20.489,0.5563,1.0,1,32.0,0.3087,0.05,0,1,1,344
task_env_weather_126577,clothing,4,21,0.880479,0.984917,0.369162,0.869992,0,0.97571,0.91136,0.21232,0.00449,0.01774,2.74461,52.9222,0.94446,2.55394,2.62696,0,11.5728,16.0,10.1354,16.0,4,25.571,0.0,0.3826,8,32.0,0.8537,1.0,2,26.264,0.5994,0.228,1,7,1,570
task_env_weather_126577,clothing,4,22,0.974004,0.996566,1.0,0.962573,0,0.99089,0.95689,0.21525,0.01239,0.05008,2.47055,25.7305,0.95165,2.569,2.62696,0,5.799,16.0,4.2821,16.0,2,20.213,0.0,0.3697,4,27.751,0.1613,1.0,1,29.816,1.5,0.05,0,5,1,155
task_env_weather_126577,clothing,4,23,0.988176,0.99358,0.977253,0.983737,0,0.98784,0.9589,0.21368,0.01118,0.03894,2.38804,23.1673,0.96058,2.55514,2.62696,0,4.7592,16.0,4.8775,16.0,2,31.76,0.0,0.3885,1,30.983,0.4923,0.7249,2,31.027,0.5709,0.05,5,0,1,406
task_env_weather_126577,clothing,4,24,0.975337,0.991277,0.745745,0.965766,0,0.98512,0.91688,0.22231,0.00845,0.0276,2.48173,33.5043,0.96317,2.56273,2.62696,0,8.4448,16.0,6.7247,16.0,1,25.633,0.3479,0.333,1,29.872,0.5771,1.0,1,32.0,0.7051,0.05,0,4,1,333
task_env_weather_126577,clothing,4,25,0.979794,0.999844,1.0,0.968979,0,0.99425,0.94291,0.21026,0.01376,0.0531,2.46547,27.8314,0.94303,2.5617,2.62696,0,7.4006,16.0,7.2914,16.0,2,24.357,0.1427,0.1128,8,25.155,0.0,0.7759,2,32.0,0.7836,0.218,0,0,1,298
task_env_weather_126577,clothing,4,26,0.984295,0.999663,1.0,0.974926,0,0.99398,0.94627,0.20953,0.01413,0.04622,2.37252,36.9087,0.94025,2.5455,2.62696,0,9.6953,16.0,9.8211,16.0,4,21.657,0.1785,0.4151,32,29.316,0.1482,0.9753,1,20.416,1.0749,0.6589,3,0,1,325
task_env_weather_126577,clothing,4,27,0.968097,0.987391,0.190526,0.957488,0,0.98133,0.96293,0.21147,0.0021,0.00818,2.45312,42.6737,0.94402,2.55537,2.62696,0,9.7402,16.0,9.394,16.0,2,19.937,0.8712,0.2514,4,28.157,0.8066,1.0,1,32.0,0.9913,0.05,0,8,1,165
task_env_weather_126577,clothing,4,28,0.99743,0.995656,1.0,0.99934,0,0.98946,0.93689,0.21443,0.01788,0.06242,2.34813,36.0568,0.9484,2.55521,2.62696,0,8.4083,16.0,7.3231,16.0,1,29.258,0.0,0.1946,4,32.0,0.4094,0.5966,1,32.0,0.6316,0.3358,7,5,1,419
task_env_weather_126577,clothing,5,29,0.987479,0.984234,0.473948,0.99121,0,0.97902,0.96142,0.2155,0.00514,0.01713,2.31279,47.4302,0.96234,2.54958,2.62696,0,9.8854,16.0,6.6119,16.0,8,22.839,0.0,0.4384,16,32.0,1.1391,1.0,1,27.493,0.5217,0.3146,0,9,1,609
task_env_weather_126577,clothing,5,30,1000.0,0.499318,0.976965,0.895016,0,0.48983,0.0,0.21897,0.01117,0.04512,2.6995,94.9536,0.78487,2.62511,2.62696,1,20.3362,16.0,19.3775,16.0,4,26.784,0.0,0.5466,8,22.71,0.7901,0.9867,1,21.771,0.224,0.2396,4,6,0,506
task_env_weather_126577,clothing,5,31,1000.0,0.382821,0.794331,0.920938,0,0.38548,0.0,0.2244,0.00982,0.03883,2.70315,129.2506,0.98711,2.27291,2.62696,1,25.74,16.0,24.349,16.0,16,27.721,0.1658,0.5258,4,23.548,1.0326,0.9105,1,27.69,0.3268,0.1725,1,4,0,543
task_env_weather_126577,clothing,5,32,1000.0,0.477841,0.396907,0.955166,0,0.47308,0.0,0.21339,0.00466,0.02466,2.49085,120.837,0.70971,2.69752,2.62696,1,24.4361,16.0,21.8298,16.0,8,30.826,0.0342,0.3857,8,29.651,1.2221,0.9867,2,26.522,0.8444,0.05,0,4,0,458
task_env_weather_126577,clothing,5,33,1000.0,0.828642,0.929021,0.956494,0,0.83329,0.88047,0.21287,0.01453,0.05445,2.47163,94.5012,0.68334,2.43699,2.62696,1,18.6284,16.0,17.3575,16.0,4,18.143,0.0002,0.3587,4,21.143,0.9533,1.0,4,27.3,0.9461,0.2676,0,8,0,789
task_env_weather_126577,clothing,5,34,1000.0,0.677123,1.0,0.795148,0,0.68162,0.0,0.22996,0.01539,0.04805,2.97667,135.1924,0.48425,2.7111,2.62696,1,24.2744,16.0,25.7508,16.0,4,18.434,0.0,0.3172,4,24.275,1.1649,0.9285,1,29.912,0.9341,0.1146,3,9,0,528
task_env_weather_126577,clothing,5,35,0.918633,0.93969,0.268843,0.90756,0,0.9358,0.9206,0.21407,0.00268,0.0136,2.70088,67.0823,0.48478,2.67735,2.62696,0,14.9159,16.0,13.4417,16.0,4,30.004,0.0886,0.1822,4,32.0,0.3417,0.8526,4,25.165,0.6853,0.3243,0,6,0,425
task_env_weather_126577,clothing,5,36,0.848084,0.892888,0.981305,0.834224,0,0.88714,0.9712,0.22128,0.01127,0.05032,2.85107,69.0901,0.39089,2.85159,2.62696,0,14.4937,16.0,12.4315,16.0,4,19.575,0.0,0.4707,16,32.0,0.7726,0.9374,1,32.0,0.6197,0.3021,0,8,0,562
task_env_weather_126577,clothing,5,37,0.989578,0.987361,0.848067,0.992012,0,0.98136,0.96755,0.2118,0.00939,0.03195,2.31793,40.1631,0.94593,2.54725,2.62696,0,10.3655,16.0,12.144,16.0,4,28.89,0.0316,0.527,2,26.556,0.8469,0.6758,2,25.155,0.5136,0.05,8,4,1,558
task_env_weather_126577,clothing,6,38,0.936359,0.96169,0.948122,0.924354,0,0.95655,0.93885,0.21593,0.0105,0.04423,2.60194,54.8618,0.41721,2.73825,2.62696,0,11.1018,16.0,8.3677,16.0,4,18.026,0.0317,0.5626,32,32.0,0.6447,0.8095,1,32.0,0.8101,0.4348,0,8,0,641
task_env_weather_126577,clothing,6,39,0.927956,0.914039,0.120298,0.979666,0,0.90834,0.96791,0.21244,-0.00049,-0.00303,2.4281,70.6878,0.7276,2.55541,2.62696,0,14.2323,16.0,12.016,16.0,4,20.466,0.0,0.4631,16,24.594,0.7339,0.9053,1,26.623,0.5093,0.3933,0,7,0,498
task_env_weather_126577,clothing,6,40,0.924904,0.919484,0.555052,0.931844,0,0.91525,0.92215,0.21478,0.00528,0.02623,2.62131,70.7959,0.58198,2.62243,2.62696,0,14.7919,16.0,12.8965,16.0,4,15.373,0.0918,0.4529,16,30.749,0.7689,1.0,1,32.0,0.4441,0.2393,0,6,0,504
task_env_weather_126577,clothing,6,41,0.947492,0.933611,0.43658,0.993203,0,0.9255,0.93707,0.21604,0.00507,0.02346,2.44919,66.9722,0.48673,2.69268,2.62696,0,13.2995,16.0,10.8558,16.0,4,22.342,0.0118,0.4555,32,32.0,0.7419,1.0,1,32.0,0.5889,0.4247,0,9,0,426
task_env_weather_126577,clothing,6,42,0.889541,0.954852,0.980619,0.876038,0,0.94884,0.90853,0.22188,0.01126,0.05548,2.77743,57.7468,0.47306,2.67717,2.62696,0,11.3523,16.0,9.7571,16.0,8,19.928,0.2765,0.5362,32,29.507,0.7712,0.9042,1,31.94,0.5665,0.3137,0,6,0,670
task_env_weather_126577,clothing,6,43,0.81014,0.79634,0.766736,0.868071,0,0.79335,0.87659,0.21219,0.00814,0.04832,2.69182,80.673,0.47034,2.88298,2.62696,0,15.7348,16.0,14.3455,16.0,8,17.353,0.3998,0.5643,16,28.466,0.757,1.0,2,30.681,1.0925,0.2896,0,7,0,572
task_env_weather_126577,clothing,6,44,1000.0,0.844248,0.58068,0.933088,0,0.84576,0.88062,0.21948,0.00764,0.03266,2.53323,86.675,0.72358,2.473,2.62696,1,20.5804,16.0,21.1929,16.0,4,18.321,0.0,0.5402,16,30.499,0.7637,1.0,2,32.0,0.4333,0.4927,2,5,0,593
task_env_weather_126577,clothing,6,45,0.975568,0.994339,0.74367,0.965107,0,0.9892,0.89059,0.21208,0.00832,0.02974,2.46034,35.4013,0.95292,2.57302,2.62696,0,6.9857,16.0,4.5778,16.0,4,23.612,0.2799,0.4232,8,31.545,0.5101,0.9073,1,32.0,0.6291,0.3131,0,10,1,487
task_env_weather_126577,clothing,6,46,0.938413,0.949553,0.498725,0.930762,0,0.94112,0.91839,0.21546,0.00466,0.02428,2.49413,71.2598,0.65119,2.65094,2.62696,0,14.6043,16.0,12.1899,16.0,4,22.785,0.0597,0.3576,16,32.0,0.8914,0.948,2,32.0,0.8516,0.4081,0,4,0,460
task_env_weather_126577,clothing,7,47,0.858715,0.88309,1.0,0.846896,0,0.87559,0.91491,0.228,0.02016,0.07583,2.80241,62.2966,0.45494,2.66233,2.62696,0,13.4052,16.0,11.0885,16.0,8,20.711,0.3662,0.6379,32,27.771,0.7493,0.966,4,30.913,1.1985,0.4264,0,8,0,516
task_env_weather_126577,clothing,7,48,0.949976,0.938297,0.110556,0.973672,0,0.9306,0.92543,0.21189,0.00059,0.00264,2.55018,75.9026,1.05177,2.52663,2.62696,0,15.2617,16.0,13.0171,16.0,16,17.079,0.3064,0.6103,16,27.756,0.9249,0.9287,4,32.0,1.2472,0.3864,1,9,0,651
task_env_weather_126577,clothing,7,49,1000.0,0.810612,0.993049,0.896531,0,0.79418,0.90018,0.22826,0.01394,0.05553,2.66652,87.6606,0.49933,2.88663,2.62696,1,17.4718,16.0,15.8944,16.0,4,20.292,0.4171,0.7382,16,23.794,0.7455,1.0,2,30.233,0.9799,0.283,0,6,0,639
task_env_weather_126577,clothing,7,50,0.942008,0.929469,0.455431,0.970492,0,0.92345,0.89007,0.21805,0.00519,0.02421,2.48969,71.1818,0.62463,2.66053,2.62696,0,15.6629,16.0,14.3236,16.0,4,13.364,0.4577,0.474,16,29.391,0.7907,0.9413,4,29.245,0.9601,0.0549,1,6,0,636
task_env_weather_126577,clothing,7,51,0.860199,0.897826,0.90076,0.846673,0,0.89402,0.89171,0.22184,0.01041,0.05302,2.84116,62.401,0.63882,2.73271,2.62696,0,11.5145,16.0,10.7858,16.0,8,15.232,0.5124,0.5638,16,25.86,0.6808,0.8139,2,30.811,0.8929,0.1848,0,10,0,341
task_env_weather_126577,clothing,7,52,1000.0,0.814495,0.901881,0.888151,0,0.81084,0.87513,0.21849,0.01016,0.04582,2.69577,83.3122,0.47189,2.71069,2.62696,1,19.092,16.0,20.2094,16.0,8,16.613,0.4808,0.7382,16,27.868,0.5473,1.0,4,32.0,1.1687,0.2914,3,7,0,602
task_env_weather_126577,clothing,7,53,0.907224,0.89683,0.450737,0.925766,0,0.8913,0.0,0.22155,0.00431,0.01905,2.53503,75.0383,0.76134,2.55219,2.62696,0,15.0892,16.0,12.8337,16.0,8,15.211,0.4046,0.6016,16,27.136,0.7695,1.0,2,30.625,1.26,0.4108,0,10,0,574
task_env_weather_126577,clothing,7,54,0.91905,0.93432,0.568354,0.909714,0,0.93061,0.88172,0.21751,0.00689,0.03828,2.58535,71.1194,0.57772,2.67616,2.62696,0,15.1414,16.0,14.6823,16.0,8,14.198,0.5274,0.4534,16,27.707,0.8246,0.9285,2,32.0,0.8431,0.2182,4,7,0,531
task_env_weather_126577,clothing,7,55,1000.0,0.895885,0.908777,0.948521,0,0.8907,0.93448,0.21,0.00957,0.04409,2.57717,80.4521,0.648,2.53425,2.62696,1,18.123,16.0,16.6558,16.0,8,17.162,0.4835,0.3809,16,27.226,0.7689,1.0,2,30.583,1.0331,0.3311,1,11,0,678
task_env_weather_126577,clothing,8,56,1000.0,0.833187,0.708639,0.862899,0,0.82807,0.92418,0.21655,0.00814,0.0397,2.68217,82.6446,0.50652,3.02345,2.62696,1,18.9048,16.0,19.1311,16.0,8,20.146,0.3815,0.5307,32,29.016,0.9565,1.0,4,29.934,1.081,0.329,2,6,0,506
task_env_weather_126577,clothing,8,57,0.864672,0.872788,1.0,0.858566,0,0.85905,0.92177,0.22641,0.02498,0.08788,2.86672,80.2368,0.57762,2.65756,2.62696,0,14.4613,16.0,12.4091,16.0,8,17.688,0.4934,0.6447,16,30.439,0.7563,0.9713,4,28.612,1.1187,0.2577,0,10,0,613
task_env_weather_126577,clothing,8,58,1000.0,0.802312,0.485783,0.862897,0,0.79808,0.874,0.2119,0.00873,0.03926,2.75764,82.7196,0.51226,2.59922,2.62696,1,17.2701,16.0,15.8319,16.0,8,19.818,0.4652,0.6054,16,27.948,0.8775,1.0,4,31.445,1.0987,0.2898,1,8,0,540
task_env_weather_126577,clothing,8,59,1000.0,0.955773,0.717423,0.862003,0,0.94913,0.94933,0.20698,0.00509,0.03314,2.77071,76.5001,0.82975,2.69165,2.62696,1,16.0803,16.0,14.3021,16.0,8,17.883,0.3517,0.5902,16,28.497,0.8182,1.0,4,32.0,1.1234,0.3651,1,6,0,546
task_env_weather_126577,clothing,8,60,1000.0,0.844473,0.260781,0.94238,0,0.83899,0.93785,0.20651,0.00326,0.01841,2.52668,85.2668,0.53605,2.62817,2.62696,1,16.1316,16.0,13.7248,16.0,8,18.352,0.2801,0.4593,16,29.586,0.8523,1.0,2,29.771,0.9599,0.3619,0,7,0,575
task_env_weather_126577,clothing,8,61,0.959025,0.952203,1.0,0.968468,0,0.94654,0.94372,0.21746,0.01809,0.08733,2.44599,71.9195,0.56449,2.53663,2.62696,0,15.2656,16.0,13.7908,16.0,4,18.383,0.3991,0.5398,16,28.84,0.7705,0.9427,2,30.518,1.1155,0.3679,1,8,0,648
task_env_weather_126577,clothing,8,62,0.904862,0.896896,0.869282,0.916701,0,0.88994,0.88382,0.21888,0.01033,0.04924,2.6438,75.8174,0.51248,2.66787,2.62696,0,15.3536,16.0,13.5248,16.0,8,14.346,0.262,0.6947,16,29.468,0.6864,1.0,2,28.372,1.1772,0.2499,0,9,0,456
task_env_weather_126577,clothing,8,63,0.925265,0.932384,1.0,0.919736,0,0.9277,0.85554,0.2179,0.01195,0.05389,2.61541,70.5682,0.85837,2.4987,2.62696,0,15.0772,16.0,14.3658,16.0,4,17.459,0.5042,0.5417,16,27.326,0.7163,0.9718,4,29.296,0.8586,0.1697,1,6,0,556
task_env_weather_126577,clothing,8,64,0.953569,0.939675,0.646941,1.0,0,0.93363,0.90161,0.21427,0.00688,0.03841,2.384,70.2932,1.04972,2.50535,2.62696,0,14.8638,16.0,13.3039,16.0,8,17.907,0.424,0.5721,16,26.974,0.7384,1.0,2,32.0,0.9726,0.2934,1,7,0,651
task_env_weather_126577,clothing,9,65,1000.0,0.81184,1.0,0.961971,0,0.80888,0.89821,0.23042,0.01554,0.0615,2.61478,89.3461,1.02497,2.35042,2.62696,1,21.3972,16.0,22.8411,16.0,8,16.897,0.3722,0.5531,16,27.622,0.9309,0.9259,2,30.94,0.995,0.2768,2,7,0,551
task_env_weather_126577,clothing,9,66,0.968183,0.96072,0.356131,0.978923,0,0.95655,0.93257,0.21273,0.00427,0.01849,2.47843,69.388,0.84461,2.55717,2.62696,0,14.1488,16.0,11.7681,16.0,8,16.525,0.3313,0.6051,16,29.904,0.6828,0.9865,4,30.718,1.0481,0.3623,1,7,0,485
task_env_weather_126577,clothing,9,67,0.868865,0.932621,0.956887,0.855287,0,0.92564,0.94044,0.2164,0.01201,0.05522,2.77035,73.0295,0.54061,2.73059,2.62696,0,14.8374,16.0,13.0308,16.0,4,18.143,0.3902,0.5645,16,25.496,0.6846,0.9847,2,31.437,1.1958,0.296,0,6,0,560
task_env_weather_126577,clothing,9,68,0.879126,0.866604,0.819348,0.959682,0,0.85754,0.95944,0.22177,0.01286,0.06468,2.51245,76.3768,0.46791,2.76035,2.62696,0,14.2024,16.0,12.7927,16.0,8,18.744,0.2886,0.5035,16,27.04,0.7951,0.9759,4,30.461,1.0379,0.2637,0,8,0,616
task_env_weather_126577,clothing,9,69,0.946298,0.935497,1.0,0.966297,0,0.93348,0.8991,0.22552,0.01692,0.09131,2.54728,58.9975,0.42034,2.67505,2.62696,0,11.9361,16.0,9.9174,16.0,8,17.506,0.4046,0.5757,32,28.537,0.7097,0.9719,4,30.322,1.0784,0.2704,0,6,0,540
task_env_weather_126577,clothing,9,70,0.929301,0.968764,0.768955,0.915658,0,0.96313,0.90459,0.21659,0.00716,0.03849,2.56043,57.7271,0.85608,2.51714,2.62696,0,12.8782,16.0,11.1824,16.0,4,18.101,0.3401,0.576,32,28.891,0.7286,1.0,4,30.005,1.0473,0.2556,1,7,0,565
task_env_weather_126577,clothing,9,71,0.831514,0.818195,0.741533,0.900249,0,0.81432,0.0,0.21976,0.00891,0.05016,2.61101,74.3868,0.53535,2.53923,2.62696,0,15.5962,16.0,14.8047,16.0,4,17.329,0.4476,0.5397,16,28.425,0.7185,1.0,2,29.692,1.1371,0.2773,0,7,0,547
task_env_weather_126577,clothing,9,72,0.943242,0.935205,1.0,0.955241,0,0.92734,0.9351,0.21588,0.01243,0.06515,2.47363,59.298,0.70923,2.66073,2.62696,0,13.8633,16.0,11.9106,16.0,8,15.721,0.4646,0.5605,32,27.371,0.7882,1.0,2,32.0,1.1016,0.3319,1,8,0,586
task_env_weather_126577,clothing,9,73,0.856324,0.85417,1.0,0.858681,0,0.83773,0.90699,0.22235,0.02639,0.09285,2.81053,83.7275,0.59498,2.61987,2.62696,0,15.4116,16.0,13.2067,16.0,8,17.846,0.4603,0.6029,16,28.224,0.8096,1.0,2,30.013,0.9046,0.2255,0,6,0,613
task_env_weather_126577,clothing,10,74,1000.0,0.920258,0.473618,0.891996,0,0.91602,0.8648,0.21213,0.00403,0.02695,2.74231,81.489,0.5622,2.91357,2.62696,1,16.3507,16.0,13.3641,16.0,8,18.3,0.404,0.5629,16,29.37,0.8089,0.9944,4,31.478,1.0531,0.2973,0,7,0,561
task_env_weather_126577,clothing,10,75,0.896897,0.884176,0.960431,0.926638,0,0.87666,0.94826,0.21609,0.01078,0.04529,2.60628,75.3552,0.80006,2.41629,2.62696,0,15.5683,16.0,13.9666,16.0,8,16.548,0.371,0.5327,16,27.551,0.7825,0.9927,2,29.97,1.033,0.2646,1,7,0,608
task_env_weather_126577,clothing,10,76,0.815279,0.803836,1.0,0.908966,0,0.79694,0.83387,0.22991,0.01343,0.05697,2.63785,75.867,0.65566,2.54767,2.62696,0,14.4829,16.0,12.1035,16.0,4,17.041,0.3816,0.5421,16,28.496,0.6815,1.0,4,29.941,1.1862,0.2982,0,7,0,535
task_env_weather_126577,clothing,10,77,0.889844,0.879042,0.624135,0.990781,0,0.8721,0.93396,0.20652,0.00604,0.03473,2.42841,76.8134,0.774,2.53515,2.62696,0,15.6325,16.0,13.8356,16.0,8,16.225,0.4583,0.6285,16,28.904,0.8238,1.0,4,30.248,1.0858,0.2967,1,7,0,575
task_env_weather_126577,clothing,10,78,1000.0,0.939302,0.427679,0.903579,0,0.92355,0.90045,0.21233,0.00696,0.03423,2.68923,79.3232,0.68237,2.56455,2.62696,1,17.3803,16.0,16.019,16.0,8,15.118,0.3504,0.5289,16,29.932,0.8757,0.9915,2,29.989,1.0646,0.2995,1,7,0,558
task_env_weather_126577,clothing,10,79,0.864801,0.854911,0.023497,0.881701,0,0.85225,0.8344,0.21504,0.00017,0.00086,2.72603,79.3829,0.39042,2.63048,2.62696,0,15.1843,16.0,13.4605,16.0,8,16.171,0.3761,0.5611,16,30.086,0.7432,0.9683,2,29.751,1.009,0.2848,0,7,0,538
task_env_weather_126577,clothing,10,80,0.891154,0.877539,0.702368,0.954084,0,0.86681,0.91815,0.21783,0.00877,0.05368,2.50182,63.9893,0.90555,2.57651,2.62696,0,14.6044,16.0,13.144,16.0,8,17.923,0.3771,0.5441,16,30.457,0.718,1.0,4,31.841,1.1137,0.2423,1,8,0,520
task_env_weather_126577,clothing,10,81,0.922607,0.942505,1.0,0.911832,0,0.93684,0.91384,0.22312,0.01291,0.06235,2.60498,53.9086,0.48557,2.6744,2.62696,0,11.9652,16.0,9.3005,16.0,8,16.773,0.3456,0.5559,32,28.627,0.7335,0.9834,2,31.636,1.1897,0.3433,0,8,0,574
task_env_weather_126577,clothing,10,82,1000.0,0.889309,0.648947,0.974022,0,0.8836,0.0,0.21362,0.00739,0.03559,2.46708,73.8344,0.69237,2.55785,2.62696,1,16.0558,16.0,14.4638,16.0,4,18.535,0.3968,0.5226,16,28.927,0.7629,1.0,2,30.261,1.1109,0.2917,1,6,0,487
task_env_weather_126577,clothing,11,83,0.882788,0.90786,0.665335,0.870832,0,0.90214,0.90883,0.21443,0.00666,0.03701,2.72303,79.1112,0.51168,2.71421,2.62696,0,15.1572,16.0,13.78,16.0,8,17.109,0.4303,0.5586,16,27.473,0.743,0.9932,2,30.359,1.1208,0.3019,0,7,0,567
task_env_weather_126577,clothing,11,84,0.819237,0.805882,0.819061,0.887334,0,0.79918,0.0,0.22148,0.01039,0.05504,2.70887,75.4199,0.56842,2.56528,2.62696,0,15.8224,16.0,14.8853,16.0,4,17.763,0.3964,0.6021,16,28.184,0.7466,0.9852,2,30.755,1.1139,0.3221,0,7,0,547
task_env_weather_126577,clothing,11,85,0.950665,0.956617,0.611204,0.945865,0,0.94612,0.91302,0.21153,0.00559,0.02167,2.52269,75.5077,0.62502,2.5269,2.62696,0,14.4857,16.0,12.7352,16.0,8,18.193,0.3938,0.5224,16,28.589,0.7564,0.9988,2,32.0,1.0396,0.3011,0,7,0,582
task_env_weather_126577,clothing,11,86,0.821269,0.829979,0.686079,0.814835,0,0.82451,0.95031,0.22031,0.00736,0.0355,2.94286,80.9405,0.35209,3.05497,2.62696,0,15.1115,16.0,13.4494,16.0,4,17.452,0.4155,0.5618,16,29.087,0.7787,0.9989,2,29.923,1.1122,0.2811,0,8,0,568
task_env_weather_126577,clothing,11,87,0.869574,0.859195,0.203914,0.975193,0,0.85785,0.91108,0.21224,0.00206,0.01327,2.54202,76.0686,0.7492,2.51756,2.62696,0,15.5138,16.0,13.7062,16.0,8,17.15,0.4627,0.5891,16,27.067,0.7404,0.9806,2,29.776,1.0469,0.3444,0,7,0,534
task_env_weather_126577,clothing,11,88,0.885601,0.881607,1.0,0.89036,0,0.8812,0.93197,0.21497,0.01301,0.05924,2.63744,70.3948,0.64463,2.55821,2.62696,0,14.3193,16.0,11.8607,16.0,8,17.246,0.3895,0.6058,16,29.634,0.7264,0.9926,2,30.587,1.1202,0.2985,0,7,0,624
task_env_weather_126577,clothing,11,89,1000.0,0.847661,0.856059,0.935163,0,0.84357,0.93919,0.21456,0.00834,0.0511,2.5965,78.4059,0.56031,2.61446,2.62696,1,16.1189,16.0,13.7129,16.0,8,17.737,0.4032,0.5601,16,28.254,0.8008,1.0,2,31.851,1.1129,0.325,0,7,0,596
task_env_weather_126577,clothing,11,90,0.883821,0.869948,0.61,0.938773,0,0.86543,0.91797,0.22081,0.00878,0.03419,2.62593,74.6677,0.65123,2.52909,2.62696,0,15.8185,16.0,14.2332,16.0,8,17.585,0.4562,0.5618,16,28.621,0.7511,0.994,2,28.612,1.0915,0.2421,0,7,0,551
task_env_weather_126577,clothing,11,91,0.822576,0.861969,1.0,0.808937,0,0.85217,0.0,0.22265,0.01293,0.0659,2.98539,75.5109,0.60161,2.69592,2.62696,0,15.4777,16.0,13.5724,16.0,8,16.671,0.4784,0.6,16,27.763,0.7549,1.0,2,31.507,1.0373,0.2902,0,7,0,571
task_env_weather_126577,clothing,12,92,0.900241,0.920656,0.140744,0.88933,0,0.91485,0.0,0.21727,0.00151,0.0068,2.80678,77.2008,0.46005,2.70881,2.62696,0,15.7294,16.0,13.7268,16.0,8,16.664,0.4351,0.5773,16,29.02,0.7456,1.0,2,30.771,1.08,0.2952,0,6,0,583
task_env_weather_126577,clothing,12,93,0.909049,0.927689,1.0,0.898626,0,0.92061,0.92075,0.21929,0.01246,0.06785,2.7665,69.9998,0.68986,2.62042,2.62696,0,13.9361,16.0,12.6254,16.0,8,17.696,0.3964,0.5681,16,28.825,0.7409,1.0,2,30.71,1.1188,0.2917,0,7,0,593
task_env_weather_126577,clothing,12,94,1000.0,0.786456,0.906351,0.857508,0,0.78495,0.82373,0.21278,0.00952,0.05452,2.76847,82.3004,0.47918,2.89058,2.62696,1,16.0186,16.0,14.6599,16.0,8,17.366,0.3887,0.5712,16,29.343,0.8114,1.0,2,30.06,1.0942,0.289,0,7,0,572
task_env_weather_126577,clothing,12,95,0.915766,0.915336,0.923465,0.916204,0,0.90517,0.89508,0.21829,0.01046,0.0529,2.59044,74.9387,0.57612,2.62544,2.62696,0,15.0263,16.0,13.5136,16.0,8,16.517,0.391,0.5495,16,29.781,0.7565,0.9838,2,30.349,1.0947,0.2704,0,7,0,597
task_env_weather_126577,clothing,12,96,0.781812,0.772771,1.0,0.902223,0,0.76602,0.95171,0.22103,0.01268,0.05807,2.59625,74.6929,0.48599,2.60619,2.62696,0,15.7591,16.0,14.973,16.0,8,16.815,0.3689,0.5686,16,28.441,0.7661,1.0,2,30.584,1.0932,0.2894,0,8,0,547
task_env_weather_126577,clothing,12,97,0.815802,0.801905,0.816698,0.862375,0,0.79913,0.86334,0.2128,0.00865,0.05108,2.75407,80.9988,0.4765,2.85614,2.62696,0,15.8227,16.0,14.3527,16.0,8,17.364,0.3503,0.5518,16,28.591,0.7814,0.9911,2,31.487,1.0951,0.3057,0,7,0,572
task_env_weather_126577,clothing,12,98,1000.0,0.935079,0.846701,0.908941,0,0.92237,0.93741,0.2228,0.01091,0.05471,2.69564,76.2916,0.71732,2.64047,2.62696,1,16.0774,16.0,13.7221,16.0,8,16.614,0.4366,0.5874,16,27.998,0.7325,0.9982,2,31.701,1.0473,0.2858,1,7,0,589
task_env_weather_126577,clothing,12,99,0.923975,0.911103,0.618514,0.999718,0,0.90593,0.9392,0.20546,0.0061,0.0312,2.41726,72.012,0.72665,2.56966,2.62696,0,14.7871,16.0,12.9939,16.0,8,18.468,0.4307,0.5822,16,28.859,0.7264,0.981,2,30.269,1.1333,0.2807,1,7,0,575
task_env_weather_126577,clothing,12,100,0.831399,0.825595,0.756225,0.99144,0,0.81935,0.87001,0.21293,0.0106,0.04453,2.40383,80.1989,0.51118,2.69633,2.62696,0,14.8387,16.0,13.0413,16.0,8,17.667,0.4064,0.5846,16,28.404,0.7349,1.0,2,30.696,1.1008,0.2673,0,7,0,575
task_env_weather_126577,clothing,13,101,0.933898,0.953032,1.0,0.923334,0,0.94684,0.92276,0.2119,0.01484,0.08263,2.53193,60.2233,0.59625,2.72852,2.62696,0,12.8685,16.0,11.2039,16.0,8,16.201,0.3556,0.566,32,28.383,0.7689,1.0,4,30.611,1.0924,0.2972,1,8,0,537
task_env_weather_126577,clothing,13,102,0.829228,0.900189,1.0,0.816041,0,0.89674,0.96636,0.22842,0.01215,0.05465,2.89445,70.0084,0.55845,2.73796,2.62696,0,13.95,16.0,12.453,16.0,8,16.831,0.3775,0.5815,16,28.106,0.769,1.0,4,30.772,1.1139,0.272,0,8,0,531
task_env_weather_126577,clothing,13,103,0.856162,0.874538,1.0,0.845816,0,0.86563,0.94832,0.21603,0.01268,0.05589,2.78954,64.0544,0.32456,2.89008,2.62696,0,13.1038,16.0,11.0716,16.0,8,16.155,0.4099,0.5624,32,28.152,0.7575,1.0,2,31.093,1.0776,0.2752,0,8,0,533
task_env_weather_126577,clothing,13,104,0.897245,0.934144,0.821187,0.883772,0,0.92792,0.95768,0.2118,0.00981,0.04438,2.65839,69.5184,0.74713,2.60424,2.62696,0,15.6029,16.0,13.8215,16.0,8,16.439,0.3519,0.5603,16,28.81,0.761,1.0,2,30.546,1.1101,0.2843,1,8,0,571
task_env_weather_126577,clothing,13,105,0.897743,0.954445,0.256041,0.883909,0,0.94288,0.94129,0.21098,0.00196,0.01184,2.67536,71.4654,0.7477,2.76394,2.62696,0,14.9524,16.0,13.6005,16.0,8,16.791,0.3659,0.586,16,28.27,0.7548,0.9932,2,30.648,1.1033,0.2854,1,8,0,546
task_env_weather_126577,clothing,13,106,1000.0,0.876871,0.906105,0.86418,0,0.87184,0.9062,0.21697,0.01141,0.05484,2.77791,77.1119,0.48476,2.65482,2.62696,1,16.5058,16.0,14.7303,16.0,8,17.04,0.3734,0.5731,16,28.602,0.7657,1.0,2,30.923,1.07,0.2892,1,8,0,540
task_env_weather_126577,clothing,13,107,0.929618,0.940052,0.855741,0.922302,0,0.93522,0.91021,0.22032,0.0091,0.04655,2.59231,53.9933,0.45962,2.73823,2.62696,0,11.7609,16.0,9.4069,16.0,8,16.623,0.3649,0.5754,32,28.552,0.7405,0.9976,4,30.052,1.0987,0.2901,0,8,0,574
task_env_weather_126577,clothing,13,108,0.83625,0.852697,1.0,0.826508,0,0.83062,0.8139,0.23295,0.01621,0.06144,2.93255,75.4505,0.40639,2.99906,2.62696,0,14.2507,16.0,12.6312,16.0,8,17.363,0.3372,0.5448,16,28.078,0.7789,1.0,2,31.219,1.1144,0.2755,0,8,0,550
task_env_weather_126577,clothing,13,109,0.851509,0.837732,1.0,0.910169,0,0.83248,0.88937,0.22521,0.01449,0.0508,2.63536,80.0182,0.36206,3.15533,2.62696,0,15.6736,16.0,13.5303,16.0,8,16.381,0.3761,0.5725,16,27.716,0.7737,0.9883,4,30.196,1.0615,0.2531,0,8,0,557
task_env_weather_126577,clothing,14,110,0.916938,0.927916,1.0,0.909364,0,0.9209,0.0,0.22999,0.0186,0.07595,2.722,73.4791,0.57588,2.69931,2.62696,0,15.0517,16.0,13.5168,16.0,8,16.586,0.3474,0.5539,16,28.197,0.7563,1.0,4,30.444,1.1126,0.3022,0,8,0,556
task_env_weather_126577,clothing,14,111,0.726632,0.724587,0.79917,0.961852,0,0.72148,0.91926,0.21402,0.00917,0.03968,2.44056,73.3656,0.49793,2.594,2.62696,0,15.3356,16.0,12.835,16.0,8,17.641,0.3693,0.5552,16,27.762,0.8141,0.9886,2,30.509,1.0918,0.2998,0,8,0,545
task_env_weather_126577,clothing,14,112,0.831909,0.899726,0.989049,0.818538,0,0.89386,0.0,0.22087,0.01154,0.04889,2.86826,79.0185,0.39575,3.06288,2.62696,0,15.9183,16.0,14.3384,16.0,8,16.191,0.4026,0.5737,16,28.538,0.7698,0.9982,2,30.485,1.0684,0.2755,0,8,0,543
task_env_weather_126577,clothing,14,113,1000.0,0.927955,0.89435,0.972991,0,0.92314,0.9432,0.21172,0.00924,0.03967,2.36671,71.8851,0.76431,2.51698,2.62696,1,16.0938,16.0,13.8947,16.0,8,17.201,0.3756,0.5574,16,29.312,0.7521,0.9867,4,30.916,1.0986,0.2866,1,7,0,566
task_env_weather_126577,clothing,14,114,0.87258,0.867495,0.795828,0.878979,0,0.86374,0.88348,0.22655,0.00846,0.03585,2.75498,75.0034,0.54227,2.65458,2.62696,0,15.9369,16.0,14.3861,16.0,8,16.302,0.3585,0.5602,16,28.589,0.7663,1.0,4,30.844,1.1025,0.284,0,8,0,551
task_env_weather_126577,clothing,14,115,0.843541,0.904709,1.0,0.829853,0,0.90175,0.90624,0.22204,0.01388,0.06437,2.90536,74.9881,0.39463,2.98811,2.62696,0,13.8155,16.0,11.6792,16.0,8,17.183,0.3607,0.588,16,28.021,0.7859,1.0,4,30.483,1.076,0.2786,0,8,0,559
task_env_weather_126577,clothing,14,116,0.84858,0.91315,0.950843,0.835041,0,0.91151,0.91124,0.22609,0.01056,0.05015,2.81272,68.7493,0.54109,2.70659,2.62696,0,13.7489,16.0,12.0645,16.0,8,16.599,0.3438,0.5363,16,28.545,0.7499,1.0,4,30.546,1.0959,0.2931,0,8,0,531
task_env_weather_126577,clothing,14,117,0.873018,0.896046,0.963302,0.861483,0,0.88918,0.82855,0.21873,0.01085,0.05297,2.74721,74.4251,0.49035,2.77629,2.62696,0,14.8984,16.0,13.0744,16.0,8,16.713,0.3917,0.5653,16,27.886,0.7515,0.9882,2,30.509,1.0801,0.2882,0,8,0,542
task_env_weather_126577,clothing,14,118,0.933441,0.973645,0.543666,0.919757,0,0.96739,0.94291,0.21274,0.00497,0.02979,2.62615,60.6879,0.78725,2.52693,2.62696,0,14.0645,16.0,11.6391,16.0,8,16.971,0.3448,0.5637,32,27.274,0.7659,1.0,2,31.06,1.1213,0.3084,1,7,0,544
task_env_weather_126577,clothing,15,119,0.866724,0.936704,0.926289,0.853479,0,0.9324,0.94848,0.21615,0.00998,0.05015,2.79662,72.2588,0.56846,2.62178,2.62696,0,14.3611,16.0,12.2973,16.0,8,17.465,0.3859,0.5628,16,27.813,0.824,1.0,4,30.219,1.0904,0.2969,0,8,0,539
task_env_weather_126577,clothing,15,120,1000.0,0.825284,0.272453,0.985095,0,0.82536,0.78739,0.20467,0.00382,0.01663,2.46123,75.4799,0.68829,2.50083,2.62696,1,17.2215,16.0,17.0367,16.0,8,17.116,0.3609,0.5474,16,27.579,0.8292,0.9829,2,30.284,1.0999,0.2963,1,8,0,547
task_env_weather_126577,clothing,15,121,0.797145,0.783223,0.551511,0.847839,0,0.77527,0.01326,0.21429,0.00626,0.02824,2.84446,78.6561,0.55511,2.95074,2.62696,0,15.463,16.0,14.3778,16.0,8,17.766,0.3824,0.5639,16,27.923,0.8326,0.985,2,30.436,1.1069,0.296,0,8,0,554
task_env_weather_126577,clothing,15,122,0.934633,0.921134,0.718168,1.0,0,0.91865,0.9122,0.21872,0.00886,0.03961,2.28308,73.9233,0.63039,2.62514,2.62696,0,14.6013,16.0,12.6268,16.0,8,17.695,0.3794,0.5728,16,27.785,0.8088,0.9944,2,30.256,1.112,0.3013,0,7,0,555
task_env_weather_126577,clothing,15,123,1000.0,0.896654,1.0,0.81287,0,0.89172,0.0,0.21844,0.01403,0.06371,2.92805,83.2692,0.46447,2.87382,2.62696,1,16.5344,16.0,14.8498,16.0,8,17.261,0.3664,0.5438,16,27.793,0.8163,0.9943,2,30.57,1.0912,0.2985,0,7,0,543
task_env_weather_126577,clothing,15,124,1000.0,0.894527,1.0,0.886019,0,0.88327,0.84919,0.21544,0.01266,0.04568,2.74103,77.1653,0.96661,2.54417,2.62696,1,16.924,16.0,14.831,16.0,8,17.803,0.3756,0.5431,16,27.901,0.8117,0.9703,2,30.87,1.0915,0.311,1,7,0,564
task_env_weather_126577,clothing,15,125,0.936945,0.923049,0.769384,0.990534,0,0.91991,0.91553,0.21874,0.00905,0.04063,2.3248,73.7294,0.63057,2.59157,2.62696,0,14.5318,16.0,12.5772,16.0,8,17.958,0.3914,0.5615,16,27.471,0.8162,0.9849,2,30.925,1.0915,0.2956,0,7,0,555
task_env_weather_126577,clothing,15,126,0.924605,0.920264,0.617417,0.929866,0,0.91305,0.86545,0.2096,0.00663,0.03219,2.58695,69.9687,0.77782,2.44132,2.62696,0,15.6367,16.0,14.1787,16.0,8,17.618,0.373,0.5635,16,27.697,0.8102,0.9809,2,30.317,1.0939,0.29,1,8,0,537
task_env_weather_126577,clothing,15,127,0.827627,0.91315,0.65057,0.815497,0,0.90932,0.88677,0.2129,0.00761,0.03383,2.95248,77.7884,0.37548,2.76473,2.62696,0,15.3374,16.0,12.4305,16.0,8,17.638,0.3652,0.5565,16,27.94,0.8116,0.9977,2,30.45,1.0956,0.3022,0,8,0,541
task_env_weather_126577,clothing,16,128,1000.0,0.939941,1.0,0.838493,0,0.93321,0.83044,0.22538,0.01547,0.06642,2.94864,78.3995,0.71974,2.90861,2.62696,1,16.0529,16.0,15.0297,16.0,8,17.512,0.3586,0.5536,16,28.221,0.8116,0.9978,2,30.588,1.1002,0.2915,1,8,0,544
task_env_weather_126577,clothing,16,129,1000.0,0.935536,0.624163,0.925539,0,0.92749,0.93922,0.21374,0.008,0.04481,2.51778,76.8308,0.77696,2.5574,2.62696,1,16.3044,16.0,14.1395,16.0,8,18.052,0.3545,0.5465,16,27.932,0.8112,0.983,2,30.168,1.0811,0.3056,1,7,0,542
task_env_weather_126577,clothing,16,130,0.714961,0.713301,0.84089,0.9638,0,0.70843,0.90689,0.2143,0.00964,0.04155,2.40557,73.8683,0.50321,2.59537,2.62696,0,15.459,16.0,12.9518,16.0,8,17.547,0.3577,0.567,16,27.385,0.8194,0.9891,2,30.402,1.0934,0.3059,0,8,0,545
task_env_weather_126577,clothing,16,131,0.920565,0.938563,1.0,0.910332,0,0.93394,0.94855,0.22196,0.01242,0.06518,2.65661,76.7137,0.62919,2.63596,2.62696,0,15.4341,16.0,12.9361,16.0,8,17.664,0.3812,0.5461,16,28.322,0.8295,0.9868,2,30.742,1.0897,0.2955,0,7,0,553
task_env_weather_126577,clothing,16,132,0.909485,0.895675,0.763304,0.9526,0,0.90212,0.86822,0.21945,0.009,0.03991,2.45377,70.5958,0.52523,2.66918,2.62696,0,14.1463,16.0,12.4198,16.0,8,18.127,0.3798,0.5592,16,27.835,0.8274,0.9823,2,30.595,1.0941,0.2955,0,8,0,555
task_env_weather_126577,clothing,16,133,0.847028,0.908579,0.275614,0.833355,0,0.90344,0.95949,0.21061,0.00309,0.01501,2.86946,81.6812,0.45382,2.64116,2.62696,0,15.5617,16.0,12.5399,16.0,8,17.861,0.3599,0.5554,16,27.455,0.812,0.9949,2,30.709,1.0848,0.3026,0,7,0,541
task_env_weather_126577,clothing,16,134,1000.0,0.883382,0.151478,0.909159,0,0.88309,0.94175,0.19945,0.00206,0.01028,2.59169,75.0163,0.65998,2.57645,2.62696,1,17.0426,16.0,15.2388,16.0,8,17.275,0.3724,0.5486,16,27.919,0.8064,0.9837,2,30.32,1.1074,0.2964,1,8,0,548
task_env_weather_126577,clothing,16,135,1000.0,0.942606,1.0,0.866013,0,0.93722,0.9214,0.22874,0.01554,0.0767,2.80636,80.2897,0.84919,2.79014,2.62696,1,16.4852,16.0,15.1497,16.0,8,17.385,0.3796,0.5524,16,27.826,0.823,0.9879,4,30.36,1.0789,0.2868,1,7,0,544
task_env_weather_126577,clothing,16,136,0.88495,0.959588,0.838263,0.872002,0,0.95236,0.92191,0.21256,0.00792,0.05014,2.70155,75.2022,0.81761,2.72255,2.62696,0,15.5356,16.0,13.9938,16.0,8,17.387,0.3631,0.5589,16,28.051,0.8116,0.977,4,30.445,1.1001,0.2965,1,7,0,546
task_env_weather_126577,clothing,17,137,1000.0,0.914658,0.333914,0.89176,0,0.90933,0.82015,0.20707,0.00288,0.01446,2.66409,82.7408,0.62183,2.89326,2.62696,1,17.6288,16.0,16.5325,16.0,8,17.712,0.3539,0.5566,16,27.519,0.8238,0.9961,2,30.396,1.0955,0.3016,1,8,0,543
task_env_weather_126577,clothing,17,138,0.84886,0.878037,0.977278,0.836218,0,0.86699,0.82449,0.21658,0.01118,0.05476,2.84647,77.9783,0.51534,2.77742,2.62696,0,15.5773,16.0,13.7711,16.0,8,17.519,0.364,0.5674,16,27.533,0.8256,0.9919,2,30.347,1.0857,0.3013,0,8,0,542
task_env_weather_126577,clothing,17,139,0.850905,0.881315,0.967535,0.838094,0,0.87049,0.82094,0.21666,0.01095,0.05364,2.86861,77.4736,0.51346,2.76135,2.62696,0,15.487,16.0,13.6754,16.0,8,17.69,0.3553,0.5657,16,27.476,0.8214,0.9877,2,30.429,1.0863,0.3024,0,8,0,542
task_env_weather_126577,clothing,17,140,0.843789,0.873502,0.984436,0.831071,0,0.86151,0.81765,0.2166,0.01135,0.05474,2.87554,78.7045,0.52157,2.75571,2.62696,0,15.7029,16.0,13.9455,16.0,8,17.676,0.3607,0.5786,16,27.522,0.8428,0.9898,2,30.42,1.095,0.2965,0,8,0,542
task_env_weather_126577,clothing,17,141,0.729862,0.727317,0.665249,0.950406,0,0.72254,0.95242,0.21525,0.00719,0.03309,2.51586,75.3504,0.57072,2.52509,2.62696,0,15.7407,16.0,12.8997,16.0,8,17.733,0.3517,0.5593,16,27.397,0.8114,0.9933,2,30.06,1.0974,0.3107,0,7,0,545
task_env_weather_126577,clothing,17,142,0.912425,0.910465,0.954468,0.914553,0,0.90296,0.89271,0.213,0.01064,0.05919,2.63354,74.2876,0.72112,2.57635,2.62696,0,15.9216,16.0,14.2394,16.0,8,17.644,0.3529,0.5685,16,27.119,0.821,0.9845,2,30.266,1.09,0.3051,1,8,0,542
task_env_weather_126577,clothing,17,143,0.710329,0.708755,0.866897,0.962606,0,0.70292,0.91395,0.21434,0.00982,0.04259,2.4365,74.1143,0.50234,2.60297,2.62696,0,15.5197,16.0,13.0056,16.0,8,17.358,0.3623,0.5684,16,27.163,0.8082,0.9956,2,30.392,1.1004,0.3072,0,8,0,545
task_env_weather_126577,clothing,17,144,1000.0,0.894708,0.709769,0.887833,0,0.88607,0.88767,0.21653,0.00885,0.04014,2.70703,87.9881,0.53452,2.67454,2.62696,1,17.0318,16.0,14.5422,16.0,8,17.515,0.3589,0.5635,16,27.396,0.8216,0.9875,2,30.176,1.0846,0.3034,0,7,0,549
task_env_weather_126577,clothing,17,145,0.853823,0.883104,0.402604,0.841166,0,0.86885,0.85684,0.2202,0.00513,0.02143,2.83517,77.39,0.53972,2.95546,2.62696,0,14.7439,16.0,12.9839,16.0,8,17.867,0.3545,0.5668,16,27.336,0.8169,0.993,2,30.389,1.0941,0.3038,0,8,0,546
task_env_weather_126577,clothing,18,146,0.844105,0.898977,0.959442,0.830231,0,0.89784,0.93805,0.22665,0.01076,0.0489,2.92285,79.3547,0.52829,3.00043,2.62696,0,15.8696,16.0,14.7966,16.0,8,17.307,0.3727,0.566,16,27.232,0.7949,0.9965,2,30.484,1.1063,0.3083,0,8,0,544
task_env_weather_126577,clothing,18,147,0.853339,0.881204,0.913794,0.840895,0,0.87046,0.8245,0.21594,0.01,0.04911,2.82743,77.7556,0.51403,2.75299,2.62696,0,15.5505,16.0,13.7289,16.0,8,17.283,0.3579,0.5693,16,27.048,0.8064,0.9933,2,30.415,1.1044,0.3091,0,8,0,542
task_env_weather_126577,clothing,18,148,0.845794,0.895705,0.947576,0.83187,0,0.89441,0.94241,0.22629,0.01048,0.04815,2.89784,79.8896,0.53471,2.9887,2.62696,0,15.9435,16.0,14.9027,16.0,8,17.285,0.3633,0.5668,16,27.058,0.8118,0.9926,2,30.174,1.1012,0.3051,0,8,0,544
task_env_weather_126577,clothing,18,149,0.708814,0.707302,0.837114,0.963668,0,0.70223,0.90989,0.21431,0.00978,0.0421,2.42024,74.1661,0.50276,2.61402,2.62696,0,15.5315,16.0,13.0271,16.0,8,17.412,0.3599,0.5689,16,27.086,0.8069,0.9974,2,30.618,1.1028,0.304,0,8,0,545
task_env_weather_126577,clothing,18,150,1000.0,0.819864,0.808474,0.857063,0,0.81879,0.9748,0.21,0.0084,0.03851,2.84284,78.5478,0.43452,2.73525,2.62696,1,16.3095,16.0,14.0562,16.0,8,17.253,0.357,0.5671,16,27.097,0.7998,0.9952,2,30.567,1.0988,0.3122,0,8,0,548
task_env_weather_126577,clothing,18,151,1000.0,0.902501,0.50511,0.903786,0,0.89415,0.87474,0.21802,0.00549,0.02584,2.63879,81.1226,0.5928,2.73908,2.62696,1,16.0357,16.0,13.7534,16.0,8,17.277,0.3605,0.5676,16,27.103,0.8067,0.9924,2,30.269,1.0989,0.3042,0,7,0,542
task_env_weather_126577,clothing,18,152,0.849326,0.885166,0.408107,0.835937,0,0.86984,0.85441,0.22046,0.00519,0.02167,2.85009,77.1431,0.53642,2.95209,2.62696,0,14.7148,16.0,12.9273,16.0,8,17.281,0.362,0.5667,16,27.126,0.8012,0.9929,2,30.543,1.1023,0.3097,0,8,0,546
task_env_weather_126577,clothing,18,153,0.81417,0.910394,0.646105,0.802949,0,0.90644,0.89709,0.2129,0.00752,0.03329,3.00339,77.9143,0.37937,2.75821,2.62696,0,15.3512,16.0,12.4714,16.0,8,17.348,0.3602,0.5646,16,27.315,0.8076,0.993,2,30.328,1.0947,0.3031,0,8,0,541
task_env_weather_126577,clothing,18,154,0.707437,0.706045,0.880713,0.967572,0,0.70091,0.91303,0.21481,0.0104,0.04397,2.40323,74.4255,0.50469,2.61429,2.62696,0,15.6116,16.0,13.0705,16.0,8,17.334,0.3672,0.5674,16,27.081,0.8131,0.9969,2,30.359,1.1053,0.3136,0,8,0,545
task_env_weather_126577,clothing,19,155,1000.0,0.831794,0.192134,0.920373,0,0.83366,0.94833,0.20388,-0.00021,-0.00111,2.6507,81.8076,0.50692,2.64548,2.62696,1,16.8771,16.0,14.2268,16.0,8,17.639,0.3679,0.5627,16,26.967,0.8205,0.9918,2,30.341,1.1008,0.316,0,7,0,548
task_env_weather_126577,clothing,19,156,0.889356,0.922461,0.748397,0.876225,0,0.91975,0.9005,0.21954,0.00872,0.04047,2.72007,74.5394,0.53653,2.68294,2.62696,0,15.2202,16.0,12.9924,16.0,8,17.528,0.3697,0.5658,16,27.008,0.8112,0.9929,2,30.311,1.0998,0.3158,0,8,0,553
task_env_weather_126577,clothing,19,157,1000.0,0.849641,0.292202,0.993105,0,0.84321,0.88666,0.20979,0.00329,0.0232,2.44968,76.2501,0.95036,2.45336,2.62696,1,16.7427,16.0,15.2962,16.0,8,17.106,0.384,0.5634,16,27.161,0.8082,0.9934,2,30.446,1.0952,0.3109,1,7,0,534
task_env_weather_126577,clothing,19,158,1000.0,0.821166,0.684837,0.911161,0,0.82077,0.9217,0.20813,0.00726,0.03271,2.64932,78.5177,0.43376,2.70806,2.62696,1,16.3514,16.0,14.1723,16.0,8,17.448,0.365,0.5696,16,27.069,0.8133,0.995,4,30.641,1.1108,0.3127,0,8,0,548
task_env_weather_126577,clothing,19,159,0.828871,0.838339,0.916588,0.822037,0,0.81813,0.82678,0.23054,0.01305,0.05175,2.9107,78.7388,0.42231,3.02635,2.62696,0,14.8859,16.0,13.213,16.0,8,17.706,0.3791,0.5703,16,26.992,0.8128,0.9957,2,30.138,1.1247,0.3283,0,8,0,550
task_env_weather_126577,clothing,19,160,0.884324,0.942596,0.757861,0.870534,0,0.93904,0.91643,0.21623,0.00811,0.04074,2.75244,72.3654,0.55017,2.66127,2.62696,0,14.3407,16.0,12.264,16.0,8,17.144,0.3651,0.5666,16,27.364,0.8218,0.9949,2,30.488,1.1134,0.3098,0,8,0,539
task_env_weather_126577,clothing,19,161,1000.0,0.864085,0.518992,0.965718,0,0.85148,0.88801,0.20192,0.00665,0.02972,2.413,76.0754,0.74582,2.4315,2.62696,1,16.6979,16.0,14.6617,16.0,8,17.448,0.3594,0.5733,16,26.804,0.808,0.9999,4,30.511,1.0969,0.3094,1,8,0,545
task_env_weather_126577,clothing,19,162,0.843612,0.899867,0.994957,0.829767,0,0.89787,0.95949,0.22729,0.01159,0.05178,2.939,79.6907,0.5316,2.98239,2.62696,0,15.9209,16.0,14.8428,16.0,8,17.345,0.3685,0.5644,16,27.234,0.806,0.9942,2,30.327,1.0983,0.311,0,8,0,544
task_env_weather_126577,clothing,19,163,0.702871,0.701521,0.898962,0.964944,0,0.69716,0.9092,0.21432,0.00994,0.04225,2.42249,74.8166,0.50867,2.60238,2.62696,0,15.7238,16.0,13.1675,16.0,8,17.139,0.3629,0.5712,16,27.237,0.8254,1.0,2,30.268,1.104,0.3155,0,8,0,545
task_env_weather_126577,clothing,20,164,1000.0,0.938442,0.440415,0.883107,0,0.9294,0.91823,0.20655,0.00435,0.02242,2.70873,82.605,0.58817,2.69092,2.62696,1,17.8349,16.0,15.8154,16.0,8,17.231,0.3542,0.5627,16,27.262,0.8243,1.0,4,30.11,1.1099,0.3209,1,8,0,549
task_env_weather_126577,clothing,20,165,1000.0,0.726935,1.0,0.891049,0,0.71686,0.95995,0.22295,0.01341,0.05847,2.66778,78.848,0.49384,2.66953,2.62696,1,16.7425,16.0,15.8023,16.0,8,17.157,0.3587,0.5702,16,27.295,0.8346,1.0,4,30.104,1.1046,0.314,0,8,0,547
task_env_weather_126577,clothing,20,166,1000.0,0.928489,0.884134,0.866717,0,0.92503,0.92079,0.21039,0.009,0.04511,2.70839,76.7128,0.66306,2.60224,2.62696,1,16.9114,16.0,14.5932,16.0,8,17.256,0.3638,0.5738,16,27.062,0.8221,1.0,4,30.129,1.0978,0.3246,1,8,0,541
task_env_weather_126577,clothing,20,167,1000.0,0.881532,1.0,0.826469,0,0.8801,0.9572,0.23299,0.01691,0.07582,2.91232,81.0947,0.56055,2.9615,2.62696,1,16.5442,16.0,15.2513,16.0,8,17.063,0.3608,0.5685,16,27.23,0.8369,1.0,4,30.304,1.1006,0.3207,0,8,0,544
task_env_weather_126577,clothing,20,168,1000.0,0.889163,0.831423,0.792529,0,0.88395,0.00428,0.21818,0.00952,0.0421,2.94101,84.0488,0.42151,3.05871,2.62696,1,16.7159,16.0,15.0948,16.0,8,17.312,0.363,0.5679,16,27.232,0.8365,1.0,2,30.289,1.1028,0.3103,0,8,0,543
task_env_weather_126577,clothing,20,169,0.904152,0.946618,0.225851,0.890366,0,0.93634,0.94047,0.21049,0.0024,0.01506,2.68082,76.1217,0.77694,2.82566,2.62696,0,15.8785,16.0,14.5064,16.0,8,17.373,0.3681,0.5744,16,27.149,0.8321,1.0,2,30.443,1.095,0.3141,1,8,0,546
task_env_weather_126577,clothing,20,170,1000.0,0.850275,1.0,0.922117,0,0.84756,0.87532,0.22176,0.01366,0.04989,2.67007,78.3711,0.62553,2.54286,2.62696,1,16.5911,16.0,15.1404,16.0,8,17.161,0.3583,0.5687,16,27.167,0.827,1.0,2,30.39,1.1114,0.3233,0,8,0,551
task_env_weather_126577,clothing,20,171,1000.0,0.734495,1.0,0.863041,0,0.70573,0.0,0.22029,0.01808,0.07201,2.76403,78.3482,0.52123,2.68353,2.62696,1,16.1296,16.0,14.6697,16.0,8,16.875,0.368,0.5745,16,27.262,0.8293,0.9984,2,30.247,1.0974,0.311,0,8,0,552
task_env_weather_126577,clothing,20,172,1000.0,0.820291,0.382344,0.909523,0,0.8135,0.93062,0.203,0.0046,0.02323,2.60099,75.6669,0.83143,2.74636,2.62696,1,16.2128,16.0,15.2196,16.0,8,17.474,0.3622,0.5705,16,27.468,0.8155,1.0,4,30.251,1.0992,0.3179,1,8,0,554
task_env_weather_126577,clothing,21,173,1000.0,0.877816,0.908071,0.83908,0,0.86495,0.90834,0.21912,0.01126,0.05102,2.85818,86.7726,0.47802,2.75292,2.62696,1,16.986,16.0,14.7955,16.0,8,17.185,0.3664,0.5706,16,27.232,0.8276,1.0,2,30.172,1.0979,0.319,0,8,0,549
task_env_weather_126577,clothing,21,174,1000.0,0.869159,0.0,0.918811,0,0.86862,0.91366,0.19702,-4e-05,-0.0002,2.5493,78.3938,0.68548,2.57504,2.62696,1,17.5858,16.0,15.7196,16.0,8,17.033,0.3702,0.5742,16,27.158,0.8292,0.9997,2,30.289,1.1078,0.3164,1,8,0,548
task_env_weather_126577,clothing,21,175,0.701337,0.700022,0.900304,0.96512,0,0.69538,0.89153,0.21457,0.01023,0.04358,2.38977,74.7939,0.50798,2.62044,2.62696,0,15.7187,16.0,13.1574,16.0,8,17.356,0.3628,0.5711,16,27.098,0.8207,1.0,2,30.434,1.0974,0.3176,0,8,0,545
task_env_weather_126577,clothing,21,176,1000.0,0.82097,0.715199,0.917989,0,0.82052,0.91861,0.20803,0.00713,0.03201,2.63859,78.8213,0.434,2.6873,2.62696,1,16.4292,16.0,14.2315,16.0,8,17.301,0.3664,0.5721,16,27.408,0.8199,0.9992,4,30.24,1.113,0.318,0,8,0,548
task_env_weather_126577,clothing,21,177,1000.0,0.872235,1.0,0.822643,0,0.85862,0.83352,0.2217,0.01401,0.06424,2.98152,81.1104,0.47759,2.84061,2.62696,1,16.0756,16.0,13.9115,16.0,8,17.135,0.3597,0.5742,16,27.173,0.8278,0.9955,4,30.316,1.109,0.3145,0,8,0,542
task_env_weather_126577,clothing,21,178,1000.0,0.887142,0.841618,0.791945,0,0.88131,0.0,0.21811,0.00949,0.04262,2.9483,84.1532,0.4222,3.04877,2.62696,1,16.745,16.0,15.1115,16.0,8,17.148,0.3551,0.5668,16,27.122,0.8372,1.0,2,30.124,1.1016,0.314,0,8,0,543
task_env_weather_126577,clothing,21,179,1000.0,0.868912,0.0,0.924086,0,0.86923,0.92949,0.19673,-0.00035,-0.00163,2.53547,78.5198,0.68584,2.55383,2.62696,1,17.625,16.0,15.7695,16.0,8,17.098,0.3601,0.5698,16,27.143,0.8348,1.0,2,30.329,1.1025,0.3134,1,8,0,548
task_env_weather_126577,clothing,21,180,1000.0,0.890979,1.0,0.835571,0,0.89106,0.95948,0.22824,0.01293,0.05896,2.90029,80.9175,0.54168,2.97814,2.62696,1,16.173,16.0,15.1082,16.0,8,17.17,0.3571,0.5745,16,27.238,0.8295,0.9953,2,30.251,1.1012,0.3187,0,8,0,544
task_env_weather_126577,clothing,21,181,1000.0,0.890832,0.855371,0.791472,0,0.8853,0.0,0.21844,0.00982,0.04271,2.98211,83.3106,0.41702,3.08654,2.62696,1,16.6188,16.0,14.9785,16.0,8,17.145,0.3606,0.572,16,27.235,0.8224,0.9993,2,30.244,1.0996,0.3135,0,8,0,543
task_env_weather_126577,clothing,22,182,1000.0,0.912999,0.361944,0.886008,0,0.90894,0.0,0.20783,0.00368,0.01779,2.66633,83.5526,0.63012,2.8866,2.62696,1,17.7634,16.0,16.6231,16.0,8,17.446,0.3644,0.5692,16,27.021,0.8203,0.999,2,30.47,1.0979,0.3167,1,8,0,543
task_env_weather_126577,clothing,22,183,0.700791,0.699585,0.867822,0.970012,0,0.69353,0.90229,0.21432,0.00997,0.04254,2.3976,74.7646,0.5086,2.60938,2.62696,0,15.7122,16.0,13.158,16.0,8,17.348,0.357,0.5707,16,26.975,0.8198,0.9995,2,30.421,1.0993,0.3159,0,8,0,545
task_env_weather_126577,clothing,22,184,1000.0,0.727905,1.0,0.891799,0,0.71701,0.95249,0.22333,0.01364,0.0598,2.66112,78.7088,0.49289,2.64666,2.62696,1,16.7301,16.0,15.7455,16.0,8,17.387,0.3642,0.5739,16,27.073,0.8243,1.0,4,30.443,1.0921,0.3237,0,8,0,547
task_env_weather_126577,clothing,22,185,1000.0,0.889877,0.859024,0.798494,0,0.88534,0.0,0.21841,0.00982,0.04292,2.93797,83.454,0.41774,3.07172,2.62696,1,16.6472,16.0,14.9989,16.0,8,17.295,0.3637,0.5709,16,26.985,0.8202,0.9994,2,30.451,1.0935,0.3172,0,8,0,543
task_env_weather_126577,clothing,22,186,1000.0,0.937719,1.0,0.838342,0,0.93116,0.9544,0.22742,0.01718,0.07249,2.91002,80.3807,0.74467,2.86066,2.62696,1,16.4394,16.0,15.3802,16.0,8,17.377,0.3643,0.5707,16,27.12,0.8245,0.9993,2,30.405,1.1018,0.3141,1,8,0,544
task_env_weather_126577,clothing,22,187,0.816946,0.910093,0.487532,0.805457,0,0.90538,0.878,0.21062,0.00571,0.02491,2.99055,79.4963,0.38464,2.75822,2.62696,0,15.653,16.0,12.7193,16.0,8,17.424,0.3589,0.5723,16,26.968,0.8205,1.0,2,30.448,1.1014,0.3162,0,8,0,541
task_env_weather_126577,clothing,22,188,1000.0,0.863668,0.647618,0.974706,0,0.85264,0.95643,0.20337,0.00898,0.0384,2.35976,75.5756,0.76072,2.45051,2.62696,1,16.7098,16.0,14.656,16.0,8,17.326,0.3628,0.5686,16,27.128,0.8176,0.9963,2,30.323,1.0926,0.3162,1,8,0,545
task_env_weather_126577,clothing,22,189,0.700321,0.699087,0.880764,0.968082,0,0.69448,0.90616,0.21446,0.01009,0.04301,2.40687,74.7537,0.50837,2.62028,2.62696,0,15.7155,16.0,13.1574,16.0,8,17.422,0.3585,0.5706,16,27.113,0.8224,1.0,2,30.358,1.0875,0.316,0,8,0,545
task_env_weather_126577,clothing,22,190,0.703118,0.701812,0.9039,0.967309,0,0.69921,0.90717,0.21468,0.01036,0.04447,2.41738,74.7244,0.50678,2.60485,2.62696,0,15.6958,16.0,13.1397,16.0,8,17.319,0.3666,0.5691,16,27.011,0.8159,1.0,2,30.408,1.1008,0.3167,0,8,0,545
task_env_weather_126577,clothing,23,191,0.834836,0.909048,0.806984,0.821859,0,0.90533,0.86613,0.21493,0.0079,0.03793,2.93771,76.7306,0.42999,2.72026,2.62696,0,15.4706,16.0,12.6264,16.0,8,17.403,0.3629,0.5729,16,27.188,0.8166,0.997,4,30.33,1.0903,0.3151,0,8,0,541
task_env_weather_126577,clothing,23,192,0.829951,0.909188,0.781479,0.817331,0,0.90561,0.85662,0.21419,0.00749,0.03571,2.97736,77.107,0.43191,2.72148,2.62696,0,15.5537,16.0,12.6989,16.0,8,17.443,0.3673,0.5693,16,27.004,0.8189,1.0,4,30.397,1.0844,0.3164,0,8,0,541
task_env_weather_126577,clothing,23,193,1000.0,0.930303,0.765167,0.871121,0,0.92426,0.92768,0.2089,0.00856,0.04283,2.71056,78.7096,0.61301,2.60028,2.62696,1,16.8074,16.0,14.4068,16.0,8,17.382,0.3545,0.5755,16,27.084,0.822,1.0,2,30.24,1.0892,0.3129,1,8,0,541
task_env_weather_126577,clothing,23,194,1000.0,0.813132,0.793544,0.862046,0,0.81117,0.96562,0.21018,0.00878,0.04013,2.80221,79.3455,0.43953,2.71628,2.62696,1,16.5189,16.0,14.2433,16.0,8,17.471,0.3605,0.571,16,27.22,0.8168,1.0,2,30.229,1.0834,0.3206,0,8,0,548
task_env_weather_126577,clothing,23,195,1000.0,0.902159,1.0,0.909342,0,0.89524,0.88833,0.21478,0.01416,0.07285,2.61717,78.321,0.67738,2.62928,2.62696,1,16.5185,16.0,14.4587,16.0,8,17.425,0.3566,0.5664,16,27.223,0.83,0.9956,4,30.278,1.0884,0.3185,1,8,0,542
task_env_weather_126577,clothing,23,196,0.828609,0.833834,0.895892,0.824291,0,0.81459,0.82566,0.22938,0.01176,0.0471,2.92814,79.2148,0.42699,3.04854,2.62696,0,14.9135,16.0,13.3121,16.0,8,17.519,0.3585,0.5717,16,27.16,0.8249,0.9982,2,30.468,1.0861,0.3132,0,8,0,550
task_env_weather_126577,clothing,23,197,0.697625,0.696463,0.86223,0.969183,0,0.69051,0.90987,0.21428,0.00982,0.04202,2.41339,74.7098,0.50919,2.60547,2.62696,0,15.7075,16.0,13.1528,16.0,8,17.563,0.3505,0.5691,16,27.193,0.8263,1.0,2,30.399,1.093,0.3128,0,8,0,545
task_env_weather_126577,clothing,23,198,1000.0,0.870109,0.002965,0.92174,0,0.87068,0.9198,0.19717,7e-05,0.00033,2.53736,78.0673,0.68354,2.5729,2.62696,1,17.5659,16.0,15.6809,16.0,8,17.386,0.3677,0.574,16,27.316,0.8265,1.0,2,30.359,1.0886,0.3213,1,8,0,548
task_env_weather_126577,clothing,23,199,0.832406,0.909585,0.761151,0.819635,0,0.90552,0.89065,0.214,0.00739,0.03494,2.95353,77.1284,0.43259,2.72186,2.62696,0,15.5666,16.0,12.6926,16.0,8,17.451,0.3638,0.5661,16,27.0,0.8216,0.9988,4,30.319,1.0906,0.3198,0,8,0,541
task_env_weather_126577,clothing,24,200,1000.0,0.675569,0.999917,0.825045,0,0.66873,0.83521,0.22136,0.01265,0.06025,2.95767,84.7611,0.35528,2.72879,2.62696,1,16.7601,16.0,14.7497,16.0,8,17.776,0.3506,0.5703,16,27.152,0.8302,0.9993,2,30.436,1.0921,0.3139,0,8,0,540
task_env_weather_126577,clothing,24,201,1000.0,0.8128,0.777072,0.868595,0,0.81159,0.96602,0.20988,0.00853,0.03851,2.81523,79.7505,0.44375,2.69031,2.62696,1,16.5886,16.0,14.3277,16.0,8,17.575,0.356,0.5703,16,27.248,0.8302,1.0,2,30.264,1.0928,0.3158,0,8,0,548
task_env_weather_126577,clothing,24,202,0.843555,0.88034,0.326804,0.83009,0,0.86536,0.9153,0.21903,0.00439,0.01807,2.87554,78.5117,0.54775,2.98233,2.62696,0,14.9641,16.0,13.166,16.0,8,17.693,0.3545,0.5655,16,27.172,0.8305,0.9984,2,30.472,1.0921,0.313,0,8,0,546
task_env_weather_126577,clothing,24,203,0.839039,0.876489,0.905812,0.825524,0,0.86433,0.81496,0.21572,0.01033,0.04935,2.90341,78.9818,0.51989,2.76044,2.62696,0,15.7755,16.0,13.9539,16.0,8,17.537,0.3555,0.5708,16,27.073,0.8225,1.0,2,30.263,1.0875,0.3123,0,8,0,542
task_env_weather_126577,clothing,24,204,0.842634,0.880203,0.334497,0.829112,0,0.86478,0.91665,0.21898,0.00425,0.01824,2.89564,78.4442,0.54627,2.98904,2.62696,0,14.9671,16.0,13.1657,16.0,8,17.545,0.3523,0.5698,16,27.214,0.8258,1.0,2,30.409,1.0856,0.3151,0,8,0,546
task_env_weather_126577,clothing,24,205,1000.0,0.729575,1.0,0.909102,0,0.72112,0.96063,0.22025,0.01226,0.0551,2.5935,78.2135,0.51994,2.62489,2.62696,1,16.475,16.0,15.7093,16.0,8,17.577,0.3557,0.5716,16,27.035,0.8265,0.9987,2,30.443,1.0852,0.3151,0,8,0,547
task_env_weather_126577,clothing,24,206,0.846058,0.880384,0.350778,0.832804,0,0.86493,0.91686,0.21936,0.00457,0.01922,2.86039,78.3398,0.54558,2.98508,2.62696,0,14.9433,16.0,13.1483,16.0,8,17.649,0.35,0.5699,16,27.245,0.825,0.9997,2,30.307,1.0962,0.3125,0,8,0,546
task_env_weather_126577,clothing,24,207,1000.0,0.892838,1.0,0.829438,0,0.89325,0.97207,0.22804,0.01282,0.05888,2.91811,80.7356,0.53828,2.99095,2.62696,1,16.1103,16.0,15.0442,16.0,8,17.523,0.3511,0.567,16,27.308,0.824,0.9983,2,30.256,1.0923,0.3128,0,8,0,544
task_env_weather_126577,clothing,24,208,1000.0,0.892713,0.846456,0.796666,0,0.88666,0.0,0.21835,0.00973,0.04292,2.95111,83.0249,0.41611,3.05197,2.62696,1,16.5764,16.0,14.9411,16.0,8,17.607,0.3572,0.5691,16,27.237,0.8199,0.9992,2,30.381,1.0892,0.3106,0,8,0,543
task_env_weather_126577,clothing,25,209,1000.0,0.891355,0.853372,0.790904,0,0.88499,0.0,0.21798,0.00937,0.04119,2.97816,83.5442,0.41947,3.06462,2.62696,1,16.6496,16.0,15.0243,16.0,8,17.567,0.3492,0.5702,16,27.105,0.8273,0.9991,2,30.25,1.0878,0.3114,0,8,0,543
task_env_weather_126577,clothing,25,210,0.822868,0.908805,0.50152,0.810771,0,0.90422,0.87871,0.21079,0.00591,0.02593,2.95242,79.2985,0.38339,2.76305,2.62696,0,15.6092,16.0,12.6736,16.0,8,17.526,0.3499,0.5687,16,27.27,0.8254,1.0,2,30.428,1.0909,0.3137,0,8,0,541
task_env_weather_126577,clothing,25,211,1000.0,0.889394,0.853445,0.792122,0,0.88342,0.0,0.21827,0.00967,0.04222,2.96414,83.4436,0.41866,3.0671,2.62696,1,16.6349,16.0,15.0034,16.0,8,17.61,0.348,0.5679,16,27.158,0.8264,0.9994,2,30.413,1.094,0.3108,0,8,0,543
task_env_weather_126577,clothing,25,212,0.843188,0.881953,0.330205,0.829586,0,0.86685,0.91585,0.21915,0.00444,0.01873,2.86976,78.2662,0.54551,2.96721,2.62696,0,14.9338,16.0,13.1241,16.0,8,17.572,0.3522,0.5658,16,27.123,0.8242,0.9979,2,30.399,1.0931,0.3151,0,8,0,546
task_env_weather_126577,clothing,25,213,1000.0,0.889796,0.835894,0.788193,0,0.88466,0.0,0.21779,0.0092,0.04056,2.99226,83.3892,0.41751,3.0679,2.62696,1,16.6267,16.0,14.9855,16.0,8,17.498,0.3511,0.5677,16,27.249,0.8246,1.0,2,30.323,1.095,0.3122,0,8,0,543
task_env_weather_126577,clothing,25,214,1000.0,0.736391,1.0,0.89797,0,0.72614,0.95719,0.22013,0.01215,0.0539,2.62638,77.9319,0.51839,2.60839,2.62696,1,16.411,16.0,15.6327,16.0,8,17.613,0.3516,0.5723,16,27.14,0.8244,0.9964,2,30.325,1.0972,0.3166,0,8,0,547
task_env_weather_126577,clothing,25,215,0.842976,0.876524,0.929235,0.829799,0,0.86387,0.81461,0.21592,0.01059,0.05092,2.90039,78.9936,0.5201,2.76809,2.62696,0,15.7765,16.0,13.9592,16.0,8,17.551,0.3539,0.57,16,27.148,0.8253,1.0,2,30.368,1.092,0.309,0,8,0,542
task_env_weather_126577,clothing,25,216,1000.0,0.887932,1.0,0.831001,0,0.88871,0.94012,0.22832,0.01291,0.05821,2.91413,80.8576,0.54126,3.00278,2.62696,1,16.1473,16.0,15.1113,16.0,8,17.606,0.3504,0.5704,16,27.075,0.8262,0.998,2,30.357,1.0936,0.3091,0,8,0,544
task_env_weather_126577,clothing,25,217,0.844068,0.879374,0.327861,0.830725,0,0.86386,0.9162,0.21899,0.00427,0.01771,2.87465,78.4871,0.54778,2.98198,2.62696,0,14.9638,16.0,13.1767,16.0,8,17.578,0.349,0.5697,16,27.148,0.8294,0.9983,2,30.483,1.0945,0.3121,0,8,0,546
task_env_weather_126577,clothing,26,218,0.700201,0.698902,0.890974,0.964676,0,0.69337,0.91315,0.21481,0.01037,0.04362,2.40557,74.6924,0.50878,2.62281,2.62696,0,15.697,16.0,13.1478,16.0,8,17.478,0.3527,0.5712,16,27.197,0.8252,0.9993,2,30.364,1.0912,0.313,0,8,0,545
task_env_weather_126577,clothing,26,219,0.84446,0.876509,0.902489,0.831446,0,0.86563,0.81598,0.21533,0.00998,0.04827,2.88165,78.9246,0.51991,2.74804,2.62696,0,15.7624,16.0,13.9412,16.0,8,17.485,0.3512,0.5683,16,27.144,0.8259,0.9991,2,30.443,1.0918,0.3094,0,8,0,542
task_env_weather_126577,clothing,26,220,0.849642,0.880409,0.368268,0.836785,0,0.8656,0.91332,0.21933,0.00457,0.01912,2.84048,78.2244,0.54508,2.97753,2.62696,0,14.9183,16.0,13.1282,16.0,8,17.556,0.3493,0.5672,16,27.181,0.8234,0.9992,2,30.35,1.0955,0.3102,0,8,0,546
task_env_weather_126577,clothing,26,221,0.697574,0.696412,0.862461,0.969117,0,0.68921,0.91097,0.21444,0.00997,0.04201,2.41517,74.7624,0.51001,2.61338,2.62696,0,15.718,16.0,13.1618,16.0,8,17.567,0.3474,0.5693,16,27.2,0.8288,0.9998,2,30.404,1.0898,0.3128,0,8,0,545
task_env_weather_126577,clothing,26,222,1000.0,0.813549,0.79847,0.866697,0,0.81153,0.96081,0.21012,0.00868,0.03937,2.80317,79.5081,0.44253,2.70688,2.62696,1,16.5278,16.0,14.2788,16.0,8,17.564,0.3485,0.5706,16,27.189,0.8234,1.0,2,30.344,1.0905,0.3111,0,8,0,548
task_env_weather_126577,clothing,26,223,1000.0,0.889711,1.0,0.8314,0,0.89031,0.93876,0.228,0.01274,0.05817,2.90081,80.9528,0.54017,3.00136,2.62696,1,16.1676,16.0,15.1104,16.0,8,17.599,0.3481,0.571,16,27.209,0.8249,0.9999,2,30.387,1.0932,0.3136,0,8,0,544
task_env_weather_126577,clothing,26,224,1000.0,0.733943,1.0,0.898826,0,0.72517,0.94329,0.21977,0.01182,0.05203,2.59939,78.1166,0.51827,2.61197,2.62696,1,16.453,16.0,15.7002,16.0,8,17.576,0.3501,0.5711,16,27.207,0.826,1.0,2,30.372,1.0929,0.3107,0,8,0,547
task_env_weather_126577,clothing,26,225,0.702507,0.701244,0.862511,0.968775,0,0.69487,0.92011,0.21447,0.00998,0.04331,2.42283,74.5405,0.50809,2.60692,2.62696,0,15.6678,16.0,13.1075,16.0,8,17.606,0.35,0.5688,16,27.244,0.8252,0.9975,2,30.376,1.0951,0.3151,0,8,0,545
task_env_weather_126577,clothing,26,226,0.842747,0.879344,0.291546,0.829296,0,0.86472,0.85168,0.21858,0.00389,0.01622,2.89028,78.5662,0.54811,2.98032,2.62696,0,14.9814,16.0,13.1933,16.0,8,17.633,0.3485,0.5701,16,27.195,0.8304,0.9997,2,30.432,1.0917,0.3121,0,8,0,546
task_env_weather_126577,clothing,27,227,1000.0,0.888711,1.0,0.840361,0,0.88895,0.97006,0.22844,0.01322,0.05992,2.86743,81.1469,0.54236,2.99564,2.62696,1,16.2027,16.0,15.1545,16.0,8,17.589,0.3465,0.5698,16,27.134,0.8296,1.0,2,30.373,1.0874,0.3123,0,8,0,544
task_env_weather_126577,clothing,27,228,1000.0,0.889706,1.0,0.840032,0,0.89014,0.93654,0.22811,0.01282,0.05774,2.87931,80.9764,0.5415,3.01059,2.62696,1,16.1726,16.0,15.1251,16.0,8,17.499,0.3482,0.5712,16,27.143,0.8279,0.9985,2,30.411,1.0879,0.3125,0,8,0,544
task_env_weather_126577,clothing,27,229,1000.0,0.733264,1.0,0.904776,0,0.72416,0.95484,0.2201,0.01215,0.05327,2.61072,78.066,0.51833,2.61247,2.62696,1,16.4346,16.0,15.6792,16.0,8,17.609,0.3481,0.5705,16,27.207,0.8282,0.9978,2,30.359,1.0865,0.3117,0,8,0,547
task_env_weather_126577,clothing,27,230,1000.0,0.888108,1.0,0.836076,0,0.89042,0.95311,0.22848,0.01335,0.06046,2.88427,81.1986,0.54246,2.99912,2.62696,1,16.205,16.0,15.1516,16.0,8,17.6,0.345,0.5678,16,27.186,0.8317,1.0,2,30.389,1.0915,0.3123,0,8,0,544
task_env_weather_126577,clothing,27,231,1000.0,0.888183,1.0,0.836939,0,0.88855,0.96434,0.22837,0.01318,0.05959,2.86936,81.1583,0.54226,3.00185,2.62696,1,16.1992,16.0,15.1561,16.0,8,17.576,0.3484,0.5701,16,27.201,0.8305,1.0,2,30.348,1.0895,0.3113,0,8,0,544
task_env_weather_126577,clothing,27,232,0.696273,0.695035,0.861833,0.963804,0,0.689,0.91163,0.21423,0.00975,0.04108,2.40263,74.7263,0.50972,2.59673,2.62696,0,15.7048,16.0,13.1562,16.0,8,17.557,0.3485,0.5698,16,27.197,0.8282,0.9994,2,30.419,1.0903,0.3114,0,8,0,545
task_env_weather_126577,clothing,27,233,0.843488,0.880349,0.295011,0.830017,0,0.86547,0.85286,0.21859,0.0039,0.01639,2.87895,78.4852,0.54694,2.97656,2.62696,0,14.9676,16.0,13.1699,16.0,8,17.538,0.3491,0.5687,16,27.244,0.829,0.9998,2,30.439,1.0896,0.3133,0,8,0,546
task_env_weather_126577,clothing,27,234,0.845122,0.880389,0.338124,0.831781,0,0.86513,0.85575,0.21933,0.00455,0.01916,2.86946,78.3054,0.54592,2.98353,2.62696,0,14.9367,16.0,13.1418,16.0,8,17.54,0.3482,0.5703,16,27.249,0.8273,0.9978,2,30.443,1.0927,0.3136,0,8,0,546
task_env_weather_126577,clothing,27,235,1000.0,0.733078,1.0,0.898696,0,0.72264,0.9764,0.21969,0.01181,0.05228,2.60615,78.1829,0.51853,2.62133,2.62696,1,16.4729,16.0,15.7119,16.0,8,17.536,0.3503,0.5683,16,27.209,0.8278,1.0,2,30.362,1.0893,0.3128,0,8,0,547
task_env_weather_126577,clothing,28,236,0.845692,0.878846,0.329877,0.832556,0,0.86383,0.91434,0.21901,0.00433,0.01837,2.88172,78.5275,0.5478,2.9843,2.62696,0,14.976,16.0,13.1865,16.0,8,17.541,0.3478,0.57,16,27.231,0.8308,0.9995,2,30.419,1.0894,0.3124,0,8,0,546
task_env_weather_126577,clothing,28,237,0.843048,0.880385,0.371247,0.829542,0,0.86619,0.91497,0.21924,0.00451,0.01856,2.88731,78.4878,0.54725,2.97476,2.62696,0,14.9596,16.0,13.1735,16.0,8,17.589,0.3477,0.5704,16,27.206,0.8291,0.9989,2,30.417,1.0902,0.3119,0,8,0,546
task_env_weather_126577,clothing,28,238,0.905588,0.946869,0.218037,0.891852,0,0.93639,0.94212,0.21065,0.00254,0.01586,2.67127,75.8429,0.77115,2.81406,2.62696,0,15.824,16.0,14.4577,16.0,8,17.559,0.3491,0.5684,16,27.21,0.83,0.9992,2,30.433,1.0911,0.3114,1,8,0,546
task_env_weather_126577,clothing,28,239,0.695645,0.694406,0.852119,0.963184,0,0.68752,0.91103,0.21431,0.00985,0.04225,2.42615,74.7512,0.50977,2.5943,2.62696,0,15.7133,16.0,13.1632,16.0,8,17.574,0.3486,0.5703,16,27.192,0.8277,1.0,2,30.413,1.0895,0.3118,0,8,0,545
task_env_weather_126577,clothing,28,240,0.698003,0.69673,0.866807,0.963785,0,0.6903,0.90977,0.21459,0.0101,0.04309,2.39968,74.7035,0.50995,2.59915,2.62696,0,15.6968,16.0,13.1512,16.0,8,17.565,0.348,0.5699,16,27.191,0.8294,0.9983,2,30.422,1.0903,0.3112,0,8,0,545
task_env_weather_195273,background,1,1,0.987078,0.98875,1.0,0.98551,0,0.89616,0.8856,0.2188,0.0331,0.1401,4.8942,20.5143,0.86575,4.65627,4.84527,0,5.746,16.0,4.9335,16.0,1,24.0,0.0,0.05,1,24.0,0.0,0.5,1,24.0,0.0,0.5,0,0,1,0
task_env_weather_195273,background,2,2,0.965322,0.98765,1.0,0.953944,0,0.8962,0.86543,0.21341,0.03075,0.14437,5.02759,25.0479,0.8751,4.73866,4.84527,0,5.5081,16.0,4.8,16.0,8,20.714,0.0,0.239,1,8.336,0.2118,0.7786,1,19.483,0.0,0.5605,0,7,1,43
task_env_weather_195273,background,2,3,0.998189,0.9965,1.0,1.0,0,0.90829,0.0,0.22863,0.03353,0.13531,4.61956,41.1183,0.86317,4.57243,4.84527,0,11.2904,16.0,9.3002,16.0,1,28.179,0.0,0.05,2,32.0,0.4934,0.7576,1,32.0,0.0,0.237,0,0,1,0
task_env_weather_195273,background,2,4,0.986107,0.995771,1.0,0.979174,0,0.90383,0.87184,0.21512,0.03256,0.14331,4.95563,15.0534,0.86923,4.6618,4.84527,0,2.8756,16.0,3.1207,16.0,1,30.079,0.0,0.1361,1,18.392,0.1435,0.1947,1,27.227,0.0,0.1959,0,0,1,0
task_env_weather_195273,background,2,5,0.985277,0.992438,1.0,0.979723,0,0.89888,0.86454,0.21299,0.03065,0.13365,4.89565,16.62,0.86922,4.69696,4.84527,0,3.6395,16.0,3.2981,16.0,16,23.603,0.0329,0.05,4,32.0,0.092,0.1903,1,16.597,0.6947,0.5123,0,0,1,997
task_env_weather_195273,background,2,6,0.996366,1.0,0.834268,0.993194,0,0.91382,0.86366,0.20717,0.02724,0.09312,4.69914,30.7221,0.8501,4.66372,4.84527,0,6.6675,16.0,6.0124,16.0,1,20.237,0.0,0.4595,4,32.0,0.2276,0.05,1,32.0,0.4032,0.519,1,4,1,6
task_env_weather_195273,background,2,7,0.992526,0.996544,1.0,0.989067,0,0.90955,0.86928,0.21852,0.03258,0.12978,4.85861,21.7137,0.86325,4.67432,4.84527,0,5.4353,16.0,6.8302,16.0,1,32.0,0.0,0.2003,1,31.966,0.0,0.286,1,22.218,0.0,0.7818,2,0,1,0
task_env_weather_195273,background,2,8,0.9891,0.992819,1.0,0.985864,0,0.89952,0.87475,0.21531,0.03361,0.1417,4.89063,16.0531,0.86566,4.66077,4.84527,0,3.3285,16.0,3.3503,16.0,1,30.361,0.0,0.05,4,32.0,0.0,0.1164,1,32.0,0.0,0.4896,3,0,1,0
task_env_weather_195273,background,2,9,0.990763,0.984048,0.747304,1.0,0,0.88957,0.83595,0.20995,0.02601,0.08373,4.57394,39.6604,0.83267,4.69744,4.84527,0,8.8916,16.0,4.6806,16.0,1,22.659,0.0,0.05,1,24.049,0.1222,0.2273,1,32.0,1.0315,0.7553,13,5,1,457
task_env_weather_195273,background,2,10,0.990308,0.984494,1.0,0.997912,0,0.89509,0.82262,0.2172,0.03227,0.1243,4.61135,31.5536,0.86636,4.65778,4.84527,0,8.9316,16.0,7.0824,16.0,2,25.002,0.0,0.05,1,31.035,0.0,0.654,2,32.0,0.0,0.4803,8,8,1,0
task_env_weather_195273,background,3,11,0.976747,0.96687,0.308955,0.993607,0,0.87328,0.0,0.20416,0.00916,0.03649,4.67146,49.468,0.92036,4.53462,4.84527,0,13.0996,16.0,13.9319,16.0,16,26.239,0.0,0.3532,1,0.0,1.0165,1.0,1,7.351,0.0,0.3614,0,11,1,0
task_env_weather_195273,background,3,12,1000.0,0.993691,0.806493,0.979159,0,0.9039,0.0,0.2243,0.02325,0.1014,4.74188,80.2722,0.36254,4.35451,4.84527,1,23.1253,16.0,22.5702,16.0,2,32.0,0.0456,0.05,2,0.0,0.4995,0.7677,4,20.759,0.2792,0.6621,0,1,0,59
task_env_weather_195273,background,3,13,1000.0,0.968799,0.43997,1.0,0,0.88067,0.0,0.20593,0.01401,0.05565,4.67508,64.4042,0.82977,4.63594,4.84527,1,17.0897,16.0,14.6221,16.0,4,32.0,0.0,0.108,1,22.574,0.3486,0.9234,1,27.935,0.2102,0.5403,0,17,0,0
task_env_weather_195273,background,3,14,1000.0,0.972017,0.730716,0.966552,0,0.88835,0.0,0.21669,0.02254,0.09086,4.77375,58.5066,0.19191,4.91564,4.84527,1,16.8999,16.0,15.3605,16.0,4,23.678,0.0,0.0763,1,0.0,0.5443,0.4633,1,18.028,0.0,0.2079,0,5,0,140
task_env_weather_195273,background,3,15,0.930021,0.916413,1.0,0.993078,0,0.82862,0.0,0.22736,0.03474,0.13338,4.57083,34.4366,0.86416,4.63885,4.84527,0,9.2127,16.0,13.3327,16.0,16,16.478,0.0596,0.4037,2,7.653,0.1494,0.9202,1,24.121,0.8143,0.05,2,10,1,301
task_env_weather_195273,background,3,16,1000.0,0.486515,0.535877,1.0,0,0.44613,0.0,0.20626,0.01537,0.06993,3.31247,163.2505,0.40363,3.01962,4.84527,1,43.1472,16.0,48.3909,16.0,8,27.401,0.3676,0.2036,2,22.878,0.9167,0.9973,1,30.073,0.5318,0.3117,0,12,0,0
task_env_weather_195273,background,3,17,0.962905,0.993917,0.456375,0.950017,0,0.90423,0.87927,0.20758,0.01428,0.06773,5.06911,35.7307,0.89419,4.69172,4.84527,0,8.4835,16.0,7.8058,16.0,16,32.0,0.0,0.0836,1,11.545,0.5797,0.7534,1,11.092,0.0,0.5836,0,10,1,0
task_env_weather_195273,background,3,18,0.982831,0.980285,0.979163,0.985667,0,0.88975,0.84293,0.21434,0.02951,0.12533,4.89261,20.8023,0.86996,4.67283,4.84527,0,5.4199,16.0,7.0628,16.0,8,20.08,0.3305,0.3008,1,16.675,0.0,0.4787,16,17.664,1.0275,0.4918,6,7,1,0
task_env_weather_195273,background,3,19,0.9591,0.945381,0.469299,1.0,0,0.85391,0.0,0.21559,0.01398,0.06343,4.6728,56.799,0.8614,4.58952,4.84527,0,15.662,16.0,9.7613,16.0,4,18.559,0.0,0.2127,4,3.188,0.4822,1.0,2,26.838,0.0,0.6238,3,11,1,0
task_env_weather_195273,background,4,20,0.974042,0.96505,1.0,0.98838,0,0.87405,0.85743,0.22594,0.0334,0.13559,4.81796,32.3887,0.86646,4.63425,4.84527,0,9.0723,16.0,7.9644,16.0,8,8.954,0.2428,0.2656,1,0.0,0.2746,1.0,1,31.219,0.3087,0.05,0,8,1,387
task_env_weather_195273,background,4,21,1000.0,0.768779,0.670764,1.0,0,0.69984,0.0,0.21894,0.01915,0.09821,3.41023,100.3196,0.43294,3.53376,4.84527,1,23.9684,16.0,25.2913,16.0,32,18.106,0.0,0.5716,4,8.347,0.5721,1.0,2,18.385,0.5994,0.228,1,14,0,613
task_env_weather_195273,background,4,22,0.974163,0.962894,1.0,0.996025,0,0.87178,0.93504,0.2225,0.03046,0.13252,4.71077,31.1359,0.86556,4.60667,4.84527,0,8.9948,16.0,6.1101,16.0,8,12.747,0.0,0.5587,2,4.087,0.0,1.0,1,21.937,1.5,0.05,0,12,1,197
task_env_weather_195273,background,4,23,0.937366,0.923739,1.0,1.0,0,0.84325,0.86176,0.22066,0.0359,0.151,4.67422,25.049,0.86684,4.60141,4.84527,0,6.4053,16.0,10.8913,16.0,8,24.295,0.0,0.5775,1,7.319,0.2107,0.746,2,23.148,0.5709,0.05,5,2,1,449
task_env_weather_195273,background,4,24,0.968189,0.969673,1.0,0.966789,0,0.88032,0.91221,0.21952,0.03203,0.13432,4.86754,28.5097,0.87057,4.75789,4.84527,0,7.8847,16.0,7.677,16.0,8,18.168,0.3479,0.522,1,6.208,0.2954,1.0,1,30.06,0.7051,0.05,0,11,1,375
task_env_weather_195273,background,4,25,0.977091,0.987985,1.0,0.969555,0,0.8961,0.87498,0.22045,0.03226,0.14689,4.89899,23.8418,0.86792,4.67474,4.84527,0,6.5174,16.0,4.5696,16.0,8,16.892,0.1427,0.3018,4,1.491,0.0,0.7969,2,24.493,0.7836,0.218,0,7,1,341
task_env_weather_195273,background,4,26,0.996232,0.992959,0.855204,1.0,0,0.90125,0.87308,0.21869,0.02447,0.10646,4.52265,34.6503,0.86253,4.6279,4.84527,0,10.0656,16.0,7.825,16.0,32,14.192,0.1785,0.6041,16,5.651,0.0,0.9963,1,12.537,1.0749,0.6589,3,6,1,368
task_env_weather_195273,background,4,27,0.976584,0.973294,0.972236,0.980374,0,0.88287,0.8296,0.21707,0.03129,0.12796,4.90533,45.4442,0.86074,4.62166,4.84527,0,11.9826,16.0,10.2493,16.0,16,12.472,0.8712,0.4404,2,4.493,0.525,1.0,1,28.867,0.9913,0.05,0,15,1,208
task_env_weather_195273,background,4,28,1000.0,0.997337,0.76957,0.923265,0,0.91138,0.0,0.21728,0.02384,0.11,5.09873,56.848,0.27888,4.98904,4.84527,1,14.9369,16.0,20.4551,16.0,8,21.793,0.0,0.3836,2,12.106,0.1278,0.6176,1,27.353,0.6316,0.3358,7,12,0,462
task_env_weather_195273,background,5,29,0.98832,0.980424,0.789062,1.0,0,0.88453,0.82604,0.22458,0.02337,0.12423,4.7065,44.525,0.86562,4.55037,4.84527,0,12.1521,16.0,9.6371,16.0,32,13.746,0.0,0.4595,8,7.692,0.4349,0.9985,1,25.35,0.7366,0.1366,0,12,1,339
task_env_weather_195273,background,5,30,0.936628,0.922847,0.880664,0.978962,0,0.83221,0.91046,0.21552,0.02617,0.11827,4.71647,32.0452,0.8565,4.63658,4.84527,0,9.2072,16.0,12.3753,16.0,8,17.692,0.0,0.5677,4,0.0,0.0859,0.9069,1,19.628,0.4389,0.0616,4,9,1,237
task_env_weather_195273,background,5,31,0.992068,0.998008,1.0,0.987275,0,0.91136,0.0,0.22659,0.03623,0.15235,4.83818,33.0229,0.86897,4.64776,4.84527,0,10.3649,16.0,7.8232,16.0,32,18.628,0.2254,0.5469,1,0.0,0.3283,0.8308,1,25.547,0.5417,0.05,1,7,1,274
task_env_weather_195273,background,5,32,0.984056,0.990275,0.886711,0.979084,0,0.89942,0.86473,0.21565,0.02556,0.12212,4.88039,28.6554,0.8671,4.66408,4.84527,0,7.9354,16.0,6.6089,16.0,16,21.733,0.0938,0.4067,2,5.304,0.5178,0.9069,1,24.379,1.0593,0.05,0,7,1,188
task_env_weather_195273,background,5,33,0.994044,0.989241,0.673714,1.0,0,0.89647,0.87442,0.21701,0.01957,0.09477,4.63137,42.2552,0.86472,4.66193,4.84527,0,12.1496,16.0,8.724,16.0,16,9.05,0.0597,0.3798,1,0.0,0.249,0.996,2,25.157,1.161,0.0896,0,11,1,519
task_env_weather_195273,background,5,34,0.977118,0.972927,0.766571,0.982158,0,0.88106,0.82429,0.21782,0.02295,0.09444,4.81078,23.4593,0.86508,4.68251,4.84527,0,5.8301,16.0,6.1734,16.0,16,9.341,0.0,0.3383,2,0.0,0.4607,0.8487,1,27.769,1.149,0.05,3,12,1,258
task_env_weather_195273,background,5,35,0.981337,0.985409,0.84125,0.977838,0,0.88995,0.0,0.21913,0.02652,0.11563,4.82756,50.1674,0.2942,5.0328,4.84527,0,14.8812,16.0,14.1224,16.0,16,20.911,0.1481,0.2033,2,12.763,0.0,0.7728,4,23.022,0.9002,0.1464,0,9,0,155
task_env_weather_195273,background,5,36,0.985794,0.983927,1.0,0.987812,0,0.89194,0.96644,0.22176,0.03324,0.14758,4.8711,27.0546,0.86781,4.66533,4.84527,0,7.7572,16.0,5.6646,16.0,16,10.482,0.0,0.4918,8,13.766,0.0683,0.8576,1,32.0,0.8346,0.1241,0,11,1,292
task_env_weather_195273,background,5,37,0.981834,0.973581,1.0,0.994332,0,0.88641,0.82993,0.22275,0.03816,0.15551,4.80197,22.3724,0.86544,4.58612,4.84527,0,5.2439,16.0,9.4699,16.0,8,19.797,0.0911,0.5481,1,2.209,0.1426,0.5961,1,23.012,0.7285,0.05,8,7,1,289
task_env_weather_195273,background,6,38,0.981689,0.97182,1.0,0.998526,0,0.87763,0.86649,0.22948,0.0361,0.14126,4.41365,28.2548,0.86569,4.6994,4.84527,0,7.6282,16.0,11.4791,16.0,16,14.929,0.0912,0.4955,4,15.267,0.0216,0.7923,1,28.274,1.0047,0.1827,2,10,1,379
task_env_weather_195273,background,6,39,0.980715,0.997389,1.0,0.9709,0,0.90386,0.88003,0.22113,0.03443,0.14255,4.84582,30.256,0.86171,4.64418,4.84527,0,9.2936,16.0,6.2666,16.0,8,17.369,0.0,0.396,2,0.248,0.1107,0.8881,1,18.743,0.7039,0.1412,1,9,1,236
task_env_weather_195273,background,6,40,0.988419,0.987867,0.938796,0.988984,0,0.89484,0.0,0.22247,0.02726,0.1137,4.71866,37.8967,0.86122,4.7192,4.84527,0,10.9504,16.0,7.7024,16.0,16,12.276,0.1513,0.3859,2,6.402,0.1458,1.0,1,29.34,0.6387,0.05,1,8,1,242
task_env_weather_195273,background,6,41,0.99999,1.0,1.0,0.99998,0,0.91108,0.8632,0.2241,0.03029,0.13422,4.75256,35.0371,0.86563,4.65753,4.84527,0,10.0322,16.0,11.6884,16.0,16,19.245,0.0714,0.3885,4,9.971,0.1188,1.0,1,25.152,0.7835,0.1726,2,11,1,165
task_env_weather_195273,background,6,42,1000.0,0.967606,0.711353,0.967249,0,0.87817,0.0,0.21706,0.02292,0.09289,4.96005,59.9563,0.26888,4.53017,4.84527,1,17.0264,16.0,17.5905,16.0,32,16.831,0.3361,0.4691,4,5.16,0.148,0.8871,1,24.061,0.7611,0.0616,1,9,0,408
task_env_weather_195273,background,6,43,0.990921,0.986519,1.0,0.996271,0,0.89193,0.89774,0.2322,0.03797,0.14616,4.78807,33.7972,0.86187,4.65272,4.84527,0,9.5183,16.0,12.1833,16.0,16,14.256,0.4594,0.4972,2,4.119,0.1338,1.0,2,22.802,1.2871,0.05,2,9,1,310
task_env_weather_195273,background,6,44,0.960474,0.946898,0.868482,0.998834,0,0.85601,0.90676,0.21958,0.02501,0.11799,4.63387,36.8454,0.85453,4.63711,4.84527,0,10.7361,16.0,10.5743,16.0,8,15.225,0.0321,0.4731,1,6.152,0.1405,1.0,1,28.105,0.6279,0.2406,4,7,1,331
task_env_weather_195273,background,6,45,0.998719,0.998795,1.0,0.998644,0,0.90569,0.8717,0.21967,0.03081,0.12976,4.67618,28.3109,0.86456,4.62236,4.84527,0,8.2731,16.0,6.1609,16.0,8,20.515,0.3395,0.3562,1,7.198,0.0,0.8901,1,26.199,0.8237,0.061,1,12,1,225
task_env_weather_195273,background,6,46,0.968575,0.957563,0.93192,0.989386,0,0.86429,0.8774,0.22484,0.02699,0.11825,4.77296,38.5551,0.8666,4.64619,4.84527,0,11.1671,16.0,12.2223,16.0,8,19.688,0.1192,0.2905,2,11.655,0.2682,0.9309,2,25.434,1.0463,0.156,2,6,1,198
task_env_weather_195273,background,7,47,0.993798,0.996981,0.959113,0.990976,0,0.9034,0.8351,0.21751,0.02771,0.11534,4.66523,31.3308,0.86779,4.60175,4.84527,0,8.9707,16.0,6.3769,16.0,32,19.836,0.0259,0.4772,4,6.959,0.1417,0.8863,2,24.353,0.9203,0.1868,1,11,1,245
task_env_weather_195273,background,7,48,0.986537,0.977886,0.955732,1.0,0,0.88727,0.85666,0.21709,0.0286,0.11866,4.72367,29.108,0.86481,4.62925,4.84527,0,8.2096,16.0,6.6945,16.0,32,16.204,0.0,0.4497,2,6.943,0.3173,0.849,1,27.231,0.969,0.1468,3,12,1,380
task_env_weather_195273,background,7,49,0.997033,0.999499,1.0,0.994789,0,0.90863,0.8572,0.22724,0.03592,0.13363,4.55417,32.0319,0.86068,4.61434,4.84527,0,9.113,16.0,7.9478,16.0,16,19.417,0.0768,0.5776,2,2.982,0.138,1.0,1,23.673,0.7018,0.05,1,9,1,368
task_env_weather_195273,background,7,50,0.991045,0.991358,1.0,0.990735,0,0.8982,0.91697,0.22341,0.03426,0.14335,4.71908,30.1064,0.86071,4.63915,4.84527,0,8.3024,16.0,9.5369,16.0,8,12.489,0.1174,0.3134,2,8.578,0.1832,0.8615,2,22.685,0.682,0.05,2,9,1,365
task_env_weather_195273,background,7,51,0.977374,0.985757,1.0,0.971118,0,0.89349,0.93751,0.22131,0.03251,0.14205,4.84407,23.4168,0.86744,4.6511,4.84527,0,6.5891,16.0,4.852,16.0,16,14.357,0.1722,0.4032,2,5.047,0.0733,0.7341,1,24.251,0.6147,0.05,0,13,1,70
task_env_weather_195273,background,7,52,0.946094,0.934405,1.0,0.969841,0,0.84946,0.87354,0.22235,0.03287,0.14451,4.63133,30.8747,0.86461,4.61176,4.84527,0,8.7853,16.0,10.1984,16.0,16,15.738,0.1405,0.5776,2,7.055,0.0,0.9407,1,29.001,0.8905,0.0517,5,10,1,331
task_env_weather_195273,background,7,53,0.99389,0.988988,0.921115,1.0,0,0.8967,0.94823,0.22108,0.02788,0.11892,4.66836,32.8446,0.86498,4.64074,4.84527,0,8.6114,16.0,5.7902,16.0,16,14.336,0.0643,0.441,2,6.324,0.1619,0.9659,1,24.065,0.9819,0.1712,0,13,1,303
task_env_weather_195273,background,7,54,0.972683,0.969556,1.0,0.976257,0,0.87699,0.90564,0.22257,0.03591,0.15009,4.98928,25.0062,0.86652,4.67814,4.84527,0,6.9412,16.0,6.3115,16.0,16,13.323,0.1871,0.2927,2,6.894,0.217,0.8487,1,25.868,0.5649,0.05,5,10,1,259
task_env_weather_195273,background,7,55,0.978129,0.995677,0.934642,0.968033,0,0.90411,0.85325,0.2186,0.02713,0.12518,4.85429,30.961,0.8686,4.67864,4.84527,0,9.1069,16.0,8.0978,16.0,16,16.287,0.1433,0.2202,2,6.413,0.1613,0.9308,1,24.023,0.755,0.0915,3,14,1,407
task_env_weather_195273,background,8,56,0.953465,0.939731,0.743069,0.994684,0,0.85247,0.94369,0.21058,0.02209,0.10608,4.78587,35.8907,0.86368,4.67139,4.84527,0,9.6432,16.0,10.1328,16.0,16,19.271,0.0412,0.37,2,8.204,0.349,0.982,1,23.374,0.8028,0.0893,4,9,1,235
task_env_weather_195273,background,8,57,0.989513,0.982171,1.0,1.0,0,0.88897,0.89478,0.22744,0.03391,0.14821,4.66487,33.3704,0.86506,4.63415,4.84527,0,9.3578,16.0,11.9785,16.0,16,16.813,0.1532,0.4841,2,9.627,0.1487,0.8916,1,22.051,0.8405,0.05,2,13,1,341
task_env_weather_195273,background,8,58,1000.0,0.971167,0.941156,1.0,0,0.87892,0.89371,0.23312,0.02716,0.11412,4.58309,44.0115,0.87802,4.66788,4.84527,1,13.3989,16.0,16.1038,16.0,16,18.943,0.1249,0.4448,2,7.135,0.2699,0.9501,1,24.885,0.8205,0.0502,2,11,1,269
task_env_weather_195273,background,8,59,0.982324,0.988638,0.965234,0.977292,0,0.89816,0.83961,0.22231,0.02808,0.11419,4.89395,36.3937,0.8583,4.6231,4.84527,0,10.3009,16.0,7.3531,16.0,16,17.008,0.0114,0.4296,2,7.684,0.2106,0.9421,1,26.248,0.8452,0.1255,3,9,1,275
task_env_weather_195273,background,8,60,0.988197,0.987673,0.990758,0.988733,0,0.89686,0.88117,0.2199,0.02962,0.12029,4.69613,34.144,0.86388,4.65615,4.84527,0,8.8892,16.0,6.0381,16.0,16,17.477,0.0,0.2987,2,8.773,0.2447,0.9227,1,23.211,0.6817,0.1223,0,10,1,303
task_env_weather_195273,background,8,61,0.983267,0.973432,1.0,1.0,0,0.88333,0.89434,0.22366,0.03101,0.12534,4.72943,30.3799,0.87049,4.6671,4.84527,0,8.0332,16.0,12.3492,16.0,8,17.508,0.0588,0.3792,2,8.027,0.1629,0.8629,1,23.958,0.8373,0.1283,2,11,1,377
task_env_weather_195273,background,8,62,0.968201,0.963101,0.998368,0.974624,0,0.87379,0.88199,0.22075,0.03008,0.13489,4.80932,31.291,0.86737,4.62052,4.84527,0,9.1423,16.0,6.7819,16.0,16,13.471,0.0,0.534,2,8.656,0.0789,0.9986,1,21.812,0.899,0.05,0,12,1,185
task_env_weather_195273,background,8,63,0.987544,0.989089,1.0,0.986088,0,0.89774,0.8366,0.22049,0.03122,0.13657,4.74822,28.4882,0.86367,4.62018,4.84527,0,8.5243,16.0,7.045,16.0,8,16.584,0.1639,0.381,2,6.513,0.1087,0.8921,1,22.736,0.5804,0.05,3,9,1,285
task_env_weather_195273,background,8,64,0.984157,0.993067,1.0,0.977615,0,0.90308,0.84291,0.22164,0.0309,0.13528,4.81916,30.872,0.86638,4.61935,4.84527,0,9.2941,16.0,7.3115,16.0,16,17.032,0.0837,0.4115,1,6.161,0.1308,1.0,1,26.805,0.6944,0.0538,3,10,1,379
task_env_weather_195273,background,9,65,0.991868,0.990671,1.0,0.993124,0,0.89924,0.86223,0.22286,0.03451,0.14239,4.81863,27.2298,0.86591,4.64926,4.84527,0,7.7219,16.0,6.5336,16.0,16,16.022,0.0319,0.3924,2,6.809,0.3233,0.8461,1,24.38,0.7168,0.05,3,10,1,279
task_env_weather_195273,background,9,66,0.996819,0.993999,0.994252,1.0,0,0.90385,0.832,0.22073,0.02983,0.13,4.66377,28.0738,0.8659,4.63425,4.84527,0,8.2626,16.0,6.3633,16.0,16,15.65,0.0,0.4445,2,9.091,0.0753,0.9067,1,24.158,0.7699,0.1226,3,10,1,214
task_env_weather_195273,background,9,67,0.992266,0.986638,1.0,0.999553,0,0.89637,0.86266,0.22915,0.03745,0.15022,4.69347,31.0902,0.86292,4.69357,4.84527,0,9.0782,16.0,10.2405,16.0,8,17.268,0.05,0.4039,2,4.683,0.077,0.905,1,24.877,0.9176,0.0564,2,9,1,288
task_env_weather_195273,background,9,68,0.983544,1.0,1.0,0.9738,0,0.91211,0.89328,0.23007,0.03368,0.13367,4.71688,37.8295,0.86883,4.57346,4.84527,0,10.7215,16.0,11.6948,16.0,16,17.869,0.0,0.3428,2,6.228,0.1875,0.8961,1,23.901,0.7597,0.05,2,11,1,345
task_env_weather_195273,background,9,69,0.985891,0.983718,1.0,0.988271,0,0.89233,0.89997,0.22169,0.03442,0.15134,4.85065,27.3225,0.86642,4.59858,4.84527,0,7.7916,16.0,5.3454,16.0,16,16.631,0.0644,0.4151,4,7.724,0.1021,0.8922,1,23.762,0.8002,0.05,0,9,1,269
task_env_weather_195273,background,9,70,0.981512,0.971132,1.0,1.0,0,0.88083,0.85046,0.22864,0.03392,0.13318,4.56057,33.0078,0.86457,4.59686,4.84527,0,9.1272,16.0,11.6919,16.0,16,17.226,0.0,0.4153,2,8.079,0.1211,0.9614,1,23.445,0.7691,0.05,2,10,1,294
task_env_weather_195273,background,9,71,0.973894,0.985904,1.0,0.965852,0,0.89237,0.85834,0.22839,0.03755,0.14981,4.83494,29.6233,0.86376,4.65441,4.84527,0,8.3221,16.0,9.9619,16.0,16,16.454,0.1073,0.3791,2,7.612,0.111,0.9671,1,23.132,0.8589,0.05,2,10,1,276
task_env_weather_195273,background,9,72,0.984702,1.0,1.0,0.975357,0,0.91247,0.84643,0.22187,0.03187,0.13025,4.88923,36.7642,0.86806,4.60209,4.84527,0,10.7282,16.0,8.3627,16.0,16,14.846,0.1243,0.3998,4,6.558,0.1807,0.9775,1,25.466,0.8234,0.0923,3,11,1,315
task_env_weather_195273,background,9,73,1.0,1.0,1.0,1.0,0,0.9106,0.84606,0.22362,0.03479,0.14364,4.60014,31.4191,0.86225,4.69323,4.84527,0,8.9672,16.0,6.6488,16.0,16,16.971,0.12,0.4422,2,7.411,0.202,0.9322,1,23.453,0.6265,0.05,1,9,1,342
task_env_weather_195273,background,10,74,0.980856,0.975606,1.0,0.987518,0,0.88324,0.91547,0.22567,0.03193,0.11923,4.48884,30.1787,0.86494,4.61797,4.84527,0,8.218,16.0,11.0478,16.0,16,17.425,0.0638,0.4023,2,8.558,0.2013,0.9147,1,24.918,0.7749,0.0576,2,10,1,290
task_env_weather_195273,background,10,75,0.989098,0.982856,0.981648,0.997456,0,0.89023,0.83923,0.22144,0.02907,0.12266,4.42363,32.5412,0.859,4.65593,4.84527,0,8.9079,16.0,8.6459,16.0,16,15.673,0.0307,0.3721,2,6.738,0.175,0.913,1,23.409,0.7548,0.05,2,10,1,337
task_env_weather_195273,background,10,76,0.991485,1.0,1.0,0.985158,0,0.91103,0.86281,0.22213,0.03528,0.14031,4.89775,27.6903,0.86103,4.60823,4.84527,0,7.5514,16.0,6.8686,16.0,16,16.166,0.0413,0.3815,2,7.684,0.074,0.9273,1,23.381,0.9081,0.0585,1,10,1,264
task_env_weather_195273,background,10,77,0.989897,0.985732,0.999834,0.9949,0,0.89467,0.92877,0.22263,0.03017,0.12703,4.67204,37.4948,0.85808,4.70075,4.84527,0,10.3487,16.0,10.7101,16.0,16,15.35,0.118,0.4679,2,8.091,0.2162,0.932,1,23.688,0.8076,0.0571,2,10,1,304
task_env_weather_195273,background,10,78,0.990296,1.0,0.997551,0.983341,0,0.91171,0.8576,0.22124,0.03003,0.14207,4.89409,29.958,0.86526,4.67521,4.84527,0,8.9564,16.0,7.9507,16.0,16,14.243,0.0101,0.3683,2,9.12,0.2682,0.9117,1,23.429,0.7864,0.0599,3,10,1,287
task_env_weather_195273,background,10,79,0.977545,0.999813,1.0,0.96618,0,0.91359,0.87141,0.22071,0.03148,0.13432,4.88806,28.9542,0.86823,4.62585,4.84527,0,8.2158,16.0,6.8775,16.0,16,15.296,0.0358,0.4005,2,9.273,0.1357,0.8885,1,23.191,0.7309,0.05,1,10,1,267
task_env_weather_195273,background,10,80,0.978839,0.971602,1.0,0.989111,0,0.88143,0.86296,0.2278,0.03288,0.13174,4.46537,35.0262,0.86711,4.72357,4.84527,0,9.8218,16.0,12.1976,16.0,16,17.048,0.0368,0.3835,2,9.645,0.1105,0.9537,1,25.281,0.8355,0.05,2,11,1,248
task_env_weather_195273,background,10,81,0.990096,0.983041,1.0,1.0,0,0.89181,0.82781,0.22997,0.03804,0.14675,4.66816,33.4945,0.86514,4.60186,4.84527,0,9.4247,16.0,12.0713,16.0,16,15.898,0.0054,0.3952,2,7.815,0.1259,0.9037,1,25.076,0.9115,0.1036,2,11,1,303
task_env_weather_195273,background,10,82,0.991525,0.985649,1.0,0.999237,0,0.89458,0.85547,0.22332,0.0331,0.13841,4.75963,29.8341,0.86376,4.60506,4.84527,0,9.008,16.0,7.1659,16.0,16,17.661,0.0565,0.3619,2,8.115,0.1553,0.9315,1,23.701,0.8327,0.0521,3,9,1,215
task_env_weather_195273,background,11,83,0.989952,0.992107,1.0,0.987969,0,0.89907,0.85631,0.2246,0.0323,0.129,4.68081,31.7,0.86146,4.6292,4.84527,0,8.7948,16.0,10.1498,16.0,16,16.234,0.0901,0.3979,2,6.66,0.1355,0.9135,1,23.799,0.8426,0.0623,2,10,1,296
task_env_weather_195273,background,11,84,0.994389,1.0,1.0,0.989812,0,0.91161,0.88697,0.22331,0.03327,0.12729,4.64887,31.7536,0.86116,4.63986,4.84527,0,8.8701,16.0,6.7844,16.0,16,16.889,0.0561,0.4414,2,7.372,0.139,0.9055,1,24.194,0.8357,0.0824,1,10,1,275
task_env_weather_195273,background,11,85,0.995755,0.99469,1.0,0.996868,0,0.9028,0.89342,0.22067,0.03125,0.12788,4.78232,28.8614,0.86151,4.61467,4.84527,0,7.7741,16.0,5.9696,16.0,16,17.318,0.0536,0.3618,2,7.777,0.1489,0.919,1,25.536,0.7614,0.0615,1,10,1,311
task_env_weather_195273,background,11,86,0.979148,0.968616,1.0,0.998169,0,0.87698,0.8456,0.22879,0.03376,0.12723,4.59395,36.4234,0.86171,4.63601,4.84527,0,10.2581,16.0,11.5221,16.0,16,16.577,0.0752,0.4012,2,8.274,0.1712,0.9191,1,23.363,0.834,0.05,2,10,1,297
task_env_weather_195273,background,11,87,0.987127,0.99317,1.0,0.982268,0,0.90185,0.91712,0.22931,0.03635,0.1571,4.69978,32.6902,0.8672,4.6524,4.84527,0,9.5446,16.0,11.133,16.0,16,16.275,0.1224,0.4285,2,6.254,0.1328,0.9008,1,23.216,0.7688,0.1048,2,10,1,263
task_env_weather_195273,background,11,88,0.993311,0.988045,1.0,1.0,0,0.89564,0.90289,0.23287,0.0394,0.15488,4.60864,30.8484,0.86612,4.67106,4.84527,0,8.6105,16.0,11.3849,16.0,16,16.371,0.0492,0.4452,2,8.821,0.1188,0.9128,1,24.027,0.842,0.0589,2,10,1,353
task_env_weather_195273,background,11,89,0.970175,0.957442,1.0,1.0,0,0.87015,0.86399,0.22798,0.03403,0.13632,4.56702,34.1789,0.86416,4.61713,4.84527,0,9.5893,16.0,11.8743,16.0,16,16.862,0.0629,0.3994,2,7.441,0.1933,0.9616,1,25.291,0.8347,0.0854,2,10,1,325
task_env_weather_195273,background,11,90,0.995596,0.997319,1.0,0.993984,0,0.90464,0.85058,0.21943,0.03404,0.13619,4.81024,28.2726,0.86145,4.60042,4.84527,0,7.9,16.0,7.0429,16.0,16,16.71,0.1159,0.4012,2,7.809,0.1435,0.9142,1,22.052,0.8133,0.05,1,10,1,280
task_env_weather_195273,background,11,91,0.98891,0.99642,1.0,0.983151,0,0.9037,0.82807,0.22753,0.03335,0.14347,4.69268,31.8916,0.86253,4.64984,4.84527,0,8.939,16.0,10.3685,16.0,16,15.797,0.1381,0.4394,2,6.95,0.1473,0.949,1,24.947,0.7591,0.0506,2,10,1,300
task_env_weather_195273,background,12,92,0.995131,0.991059,0.988708,1.0,0,0.89768,0.0,0.22098,0.0295,0.13711,4.69395,34.5098,0.86424,4.58764,4.84527,0,10.2781,16.0,7.205,16.0,16,15.789,0.0948,0.4167,2,8.207,0.1381,0.9274,1,24.211,0.8018,0.0555,1,9,1,312
task_env_weather_195273,background,12,93,0.9878,0.981169,1.0,0.996878,0,0.88858,0.88503,0.22743,0.03317,0.12432,4.3061,34.3592,0.86255,4.67594,4.84527,0,9.5698,16.0,11.5008,16.0,16,16.821,0.0561,0.4074,2,8.012,0.1334,0.9226,1,24.15,0.8406,0.0521,2,10,1,322
task_env_weather_195273,background,12,94,0.942337,0.928571,0.969423,0.984309,0,0.84362,0.0,0.22128,0.03363,0.12647,4.8123,34.6439,0.86321,4.57943,4.84527,0,8.9315,16.0,10.3936,16.0,16,16.491,0.0484,0.4106,2,8.53,0.2038,0.921,1,23.5,0.816,0.05,1,10,1,301
task_env_weather_195273,background,12,95,0.981598,0.997102,1.0,0.972181,0,0.90345,0.88011,0.22904,0.03816,0.15198,4.63049,29.8383,0.8673,4.68485,4.84527,0,8.4307,16.0,10.0779,16.0,16,15.642,0.0507,0.3888,2,8.968,0.149,0.904,1,23.788,0.8165,0.05,2,10,1,326
task_env_weather_195273,background,12,96,0.982018,0.983138,1.0,0.980946,0,0.89105,0.89039,0.22792,0.03613,0.14609,4.79639,28.411,0.86495,4.67682,4.84527,0,7.8815,16.0,10.0708,16.0,16,15.94,0.0287,0.4079,2,7.629,0.1585,0.9405,1,24.024,0.815,0.05,2,11,1,276
task_env_weather_195273,background,12,97,0.927207,0.913869,0.991525,0.995606,0,0.82797,0.0,0.22691,0.0352,0.13477,4.64268,34.863,0.86428,4.61964,4.84527,0,9.215,16.0,13.5746,16.0,16,16.489,0.01,0.3912,2,7.778,0.1738,0.9113,1,24.927,0.8169,0.0661,2,10,1,301
task_env_weather_195273,background,12,98,0.976234,0.964541,1.0,1.0,0,0.87273,0.8377,0.22768,0.03529,0.1311,4.47011,32.2244,0.86258,4.61216,4.84527,0,8.8466,16.0,11.2933,16.0,16,15.739,0.0964,0.4268,2,7.186,0.125,0.9184,1,25.14,0.7691,0.05,2,10,1,318
task_env_weather_195273,background,12,99,0.991607,0.985949,1.0,0.998946,0,0.89306,0.83854,0.22348,0.03206,0.12874,4.61818,32.3963,0.86157,4.65663,4.84527,0,9.0824,16.0,10.2208,16.0,16,17.593,0.0905,0.4215,2,8.046,0.1189,0.9013,1,23.709,0.8551,0.05,2,10,1,304
task_env_weather_195273,background,12,100,0.992978,0.987509,1.0,1.0,0,0.8946,0.89429,0.22459,0.03228,0.1312,4.68742,34.1897,0.86063,4.6043,4.84527,0,9.5627,16.0,10.274,16.0,16,16.792,0.0661,0.424,2,7.591,0.1274,0.9463,1,24.136,0.8226,0.05,2,10,1,304
task_env_weather_195273,background,13,101,0.98027,0.972673,1.0,0.991296,0,0.88314,0.90577,0.2282,0.03722,0.13289,4.64685,30.2791,0.86346,4.61799,4.84527,0,7.8625,16.0,12.0847,16.0,16,15.876,0.0,0.3886,2,7.72,0.1766,0.9263,1,24.954,0.8161,0.0739,2,10,1,291
task_env_weather_195273,background,13,102,0.986762,0.987178,1.0,0.986352,0,0.8943,0.88213,0.22603,0.03316,0.13795,4.65966,31.0129,0.86322,4.64798,4.84527,0,9.0295,16.0,8.9765,16.0,16,16.506,0.0186,0.4041,2,7.443,0.1767,0.9176,1,25.114,0.8376,0.05,2,10,1,285
task_env_weather_195273,background,13,103,0.992188,0.99119,1.0,0.993227,0,0.89992,0.93758,0.23003,0.03617,0.14822,4.81762,30.3334,0.86593,4.69642,4.84527,0,8.8303,16.0,10.1374,16.0,16,15.83,0.051,0.385,2,7.489,0.1652,0.9166,1,25.435,0.8013,0.0519,2,10,1,287
task_env_weather_195273,background,13,104,0.974878,0.963684,1.0,0.996427,0,0.8763,0.88202,0.22753,0.03444,0.13886,4.622,32.1691,0.8648,4.65544,4.84527,0,9.0793,16.0,11.2697,16.0,16,16.113,0.0,0.3828,2,8.147,0.1687,0.9176,1,24.888,0.8338,0.061,2,10,1,325
task_env_weather_195273,background,13,105,0.997851,0.995873,1.0,1.0,0,0.90282,0.85383,0.22708,0.03542,0.15182,4.73029,30.4272,0.86285,4.65496,4.84527,0,8.5083,16.0,9.8758,16.0,16,16.466,0.007,0.4086,2,7.607,0.1625,0.9045,1,24.991,0.8269,0.0621,2,10,1,300
task_env_weather_195273,background,13,106,0.990949,0.99808,1.0,0.985414,0,0.90554,0.91426,0.22797,0.03393,0.14765,4.70313,33.175,0.8673,4.6715,4.84527,0,9.2904,16.0,11.0467,16.0,16,16.715,0.0145,0.3957,2,7.939,0.1734,0.9198,1,25.266,0.7937,0.0659,2,10,1,293
task_env_weather_195273,background,13,107,0.989194,0.981699,1.0,1.0,0,0.8871,0.86602,0.2293,0.03647,0.13992,4.71814,29.4204,0.865,4.66924,4.84527,0,7.8713,16.0,10.9882,16.0,16,16.298,0.006,0.398,2,7.889,0.1482,0.9089,1,24.395,0.8224,0.0668,2,10,1,328
task_env_weather_195273,background,13,108,0.988897,0.990716,1.0,0.987201,0,0.89986,0.89506,0.22454,0.03159,0.13288,4.63802,35.2849,0.85945,4.65,4.84527,0,9.8083,16.0,9.5466,16.0,16,17.038,0.0,0.3674,2,7.415,0.1866,0.925,1,25.562,0.838,0.0522,2,10,1,304
task_env_weather_195273,background,13,109,0.991803,0.997369,1.0,0.987256,0,0.90519,0.93868,0.23189,0.0386,0.14416,4.62659,29.5224,0.86464,4.66653,4.84527,0,8.1353,16.0,10.381,16.0,16,16.056,0.0172,0.3951,2,7.053,0.1814,0.8996,1,24.538,0.7851,0.05,2,10,1,310
task_env_weather_195273,background,14,110,0.937968,0.924071,1.0,0.984565,0,0.83875,0.87768,0.22822,0.034,0.1317,4.84575,36.0364,0.86352,4.65884,4.84527,0,10.1957,16.0,12.8089,16.0,16,16.261,0.0,0.3765,2,7.534,0.164,0.9281,1,24.786,0.8363,0.0789,2,10,1,309
task_env_weather_195273,background,14,111,0.967576,0.993903,1.0,0.95539,0,0.90262,0.84691,0.22364,0.03203,0.13865,4.91734,31.9007,0.86432,4.62152,4.84527,0,8.8201,16.0,9.5318,16.0,16,17.316,0.0104,0.3778,2,7.099,0.2218,0.8999,1,24.852,0.8155,0.0765,2,10,1,299
task_env_weather_195273,background,14,112,0.980197,0.973841,1.0,0.988762,0,0.88134,0.86347,0.2283,0.0335,0.12721,4.5877,36.2256,0.86175,4.63341,4.84527,0,10.2064,16.0,11.4655,16.0,16,15.866,0.0437,0.3963,2,7.875,0.1775,0.9095,1,24.828,0.792,0.0522,2,10,1,297
task_env_weather_195273,background,14,113,0.990785,0.99466,1.0,0.987432,0,0.90167,0.91122,0.22722,0.03355,0.14228,4.73993,28.2923,0.86431,4.6605,4.84527,0,7.9208,16.0,9.2895,16.0,16,16.875,0.0167,0.38,2,8.649,0.1598,0.898,1,25.259,0.8223,0.0633,2,10,1,320
task_env_weather_195273,background,14,114,0.995402,0.992059,1.0,0.999263,0,0.89954,0.87879,0.22371,0.03102,0.12977,4.73341,34.7706,0.85968,4.64828,4.84527,0,9.6949,16.0,9.6827,16.0,16,15.977,0.0,0.3827,2,7.926,0.1739,0.9228,1,25.187,0.8262,0.0607,2,10,1,304
task_env_weather_195273,background,14,115,0.973812,0.96165,0.963575,1.0,0,0.86949,0.90444,0.22715,0.02798,0.13455,4.69756,38.2599,0.86784,4.70145,4.84527,0,11.1515,16.0,11.7757,16.0,16,16.857,0.0018,0.4106,2,7.358,0.1936,0.9202,1,24.826,0.7997,0.0553,2,10,1,312
task_env_weather_195273,background,14,116,0.993841,0.991855,1.0,0.995999,0,0.89915,0.87036,0.22584,0.03303,0.13816,4.66277,30.3719,0.86336,4.6284,4.84527,0,8.8754,16.0,8.6959,16.0,16,16.274,0.0,0.3589,2,7.882,0.1576,0.9148,1,24.888,0.8196,0.0698,2,10,1,285
task_env_weather_195273,background,14,117,0.986533,0.991951,1.0,0.982085,0,0.89797,0.88138,0.22406,0.03175,0.12698,4.58811,31.706,0.86111,4.67315,4.84527,0,8.7429,16.0,9.976,16.0,16,16.387,0.0328,0.3879,2,7.222,0.1592,0.8995,1,24.852,0.8038,0.0649,2,10,1,296
task_env_weather_195273,background,14,118,0.991585,0.986248,1.0,0.998388,0,0.89412,0.89467,0.22768,0.0337,0.14147,4.45523,31.9964,0.86922,4.64773,4.84527,0,9.011,16.0,11.4058,16.0,16,16.646,0.0,0.3863,2,6.611,0.1736,0.9113,1,25.403,0.845,0.0851,2,10,1,298
task_env_weather_195273,background,15,119,0.981793,0.971496,1.0,1.0,0,0.88396,0.83857,0.22596,0.0325,0.12996,4.67875,32.3046,0.86498,4.64941,4.84527,0,8.8654,16.0,11.8067,16.0,16,16.313,0.0267,0.3988,2,7.829,0.1837,0.9241,1,24.637,0.8154,0.0632,2,10,1,294
task_env_weather_195273,background,15,120,0.981214,0.97776,1.0,0.985224,0,0.88733,0.86005,0.22795,0.03497,0.13441,4.5322,34.89,0.86317,4.62687,4.84527,0,9.2822,16.0,12.5649,16.0,16,15.964,0.0017,0.3834,2,7.595,0.1888,0.9057,1,24.702,0.825,0.0626,2,10,1,303
task_env_weather_195273,background,15,121,0.927384,0.914211,1.0,0.998569,0,0.8285,0.86534,0.22853,0.03491,0.13447,4.766,36.6426,0.86389,4.64594,4.84527,0,10.291,16.0,13.3935,16.0,16,16.614,0.0232,0.3999,2,7.939,0.1922,0.9077,1,24.854,0.832,0.0623,2,10,1,309
task_env_weather_195273,background,15,122,0.996194,0.99773,1.0,0.994748,0,0.90373,0.93476,0.23207,0.03885,0.1471,4.61407,30.1835,0.86418,4.64868,4.84527,0,8.2918,16.0,10.5752,16.0,16,16.543,0.0201,0.4088,2,7.801,0.1685,0.9171,1,24.674,0.837,0.0676,2,10,1,310
task_env_weather_195273,background,15,123,0.985568,0.984752,1.0,0.986412,0,0.89154,0.88867,0.22775,0.03369,0.14086,4.58991,32.1208,0.86927,4.65319,4.84527,0,9.048,16.0,11.3666,16.0,16,16.109,0.0072,0.3797,2,7.809,0.176,0.917,1,24.988,0.8163,0.0648,2,10,1,298
task_env_weather_195273,background,15,124,0.992423,0.994663,1.0,0.990368,0,0.90301,0.91044,0.22627,0.03255,0.1393,4.64864,28.2778,0.86428,4.65635,4.84527,0,7.8646,16.0,9.2902,16.0,16,16.652,0.0163,0.379,2,7.917,0.1714,0.893,1,25.288,0.8166,0.0773,2,10,1,320
task_env_weather_195273,background,15,125,0.993673,0.993583,1.0,0.993763,0,0.89938,0.86707,0.22642,0.03302,0.12327,4.50059,30.9348,0.86226,4.64427,4.84527,0,8.2263,16.0,10.015,16.0,16,16.807,0.0322,0.3975,2,7.487,0.1758,0.9077,1,25.343,0.8166,0.0619,2,10,1,311
task_env_weather_195273,background,15,126,0.998262,0.996638,1.0,1.0,0,0.90552,0.88664,0.22947,0.03717,0.15812,4.65243,32.2431,0.86948,4.57114,4.84527,0,9.2558,16.0,11.5363,16.0,16,16.466,0.0138,0.3995,2,7.713,0.1698,0.9036,1,24.735,0.8189,0.0563,2,10,1,292
task_env_weather_195273,background,15,127,0.981405,0.970995,1.0,1.0,0,0.8779,0.84638,0.22841,0.03318,0.12615,4.53412,36.4064,0.86149,4.63475,4.84527,0,10.256,16.0,11.4269,16.0,16,16.486,0.006,0.3925,2,7.956,0.1712,0.9205,1,24.868,0.8206,0.0685,2,10,1,297
task_env_weather_195273,background,16,128,0.989096,0.995416,1.0,0.984059,0,0.90277,0.82462,0.22629,0.03424,0.14821,4.84121,30.9057,0.8626,4.65896,4.84527,0,8.6381,16.0,9.7105,16.0,16,16.36,0.0,0.3896,2,8.237,0.1712,0.9205,1,25.006,0.8253,0.0578,2,10,1,300
task_env_weather_195273,background,16,129,0.989686,0.987101,1.0,0.99257,0,0.89384,0.88715,0.22746,0.03353,0.14171,4.64434,31.6615,0.86919,4.65658,4.84527,0,8.9399,16.0,11.3168,16.0,16,16.9,0.0,0.3825,2,7.948,0.1709,0.9057,1,24.586,0.8061,0.0719,2,10,1,298
task_env_weather_195273,background,16,130,0.994523,0.99599,1.0,0.993138,0,0.90337,0.82666,0.22632,0.03368,0.14653,4.81849,30.8886,0.86248,4.6549,4.84527,0,8.5813,16.0,9.8551,16.0,16,16.395,0.0,0.403,2,7.401,0.1791,0.9118,1,24.82,0.8185,0.0722,2,10,1,300
task_env_weather_195273,background,16,131,0.932012,0.918152,1.0,0.987611,0,0.83158,0.83683,0.22815,0.03453,0.13376,4.8731,36.4101,0.86391,4.64891,4.84527,0,10.2501,16.0,13.1533,16.0,16,16.512,0.022,0.3821,2,8.338,0.1891,0.9095,1,25.16,0.8147,0.0618,2,10,1,309
task_env_weather_195273,background,16,132,0.996894,0.994132,1.0,1.0,0,0.90171,0.86775,0.22594,0.03293,0.12277,4.48569,30.9564,0.86212,4.65813,4.84527,0,8.2042,16.0,9.9625,16.0,16,16.975,0.0206,0.3952,2,7.851,0.187,0.905,1,25.013,0.8192,0.0617,2,10,1,311
task_env_weather_195273,background,16,133,0.983652,0.974048,1.0,0.999693,0,0.88297,0.85693,0.22875,0.03359,0.12774,4.54527,36.276,0.86153,4.63707,4.84527,0,10.2255,16.0,11.4003,16.0,16,16.709,0.0007,0.3914,2,7.471,0.1717,0.9176,1,25.127,0.8099,0.0689,2,10,1,297
task_env_weather_195273,background,16,134,0.983901,0.979998,1.0,0.988531,0,0.88933,0.8824,0.22838,0.03525,0.13559,4.53376,34.1409,0.86336,4.62539,4.84527,0,9.1316,16.0,12.3383,16.0,16,16.123,0.0132,0.3846,2,7.935,0.1661,0.9064,1,24.738,0.8325,0.0627,2,10,1,303
task_env_weather_195273,background,16,135,0.997688,0.995572,1.0,1.0,0,0.90354,0.8547,0.22619,0.03341,0.14559,4.72761,30.8396,0.86267,4.65698,4.84527,0,8.5753,16.0,9.6714,16.0,16,16.233,0.0204,0.3884,2,7.842,0.1826,0.9106,1,24.778,0.804,0.0531,2,10,1,300
task_env_weather_195273,background,16,136,0.971688,0.959175,1.0,1.0,0,0.86697,0.86829,0.22616,0.03139,0.12768,4.65198,34.0086,0.8712,4.65209,4.84527,0,9.1544,16.0,13.2486,16.0,16,16.235,0.0039,0.3949,2,8.067,0.1712,0.8997,1,24.863,0.8251,0.0628,2,10,1,302
task_env_weather_195273,background,17,137,0.96934,0.993227,1.0,0.957622,0,0.90011,0.84721,0.2245,0.03243,0.13963,4.86775,31.5267,0.86426,4.62447,4.84527,0,8.8441,16.0,9.5687,16.0,16,16.655,0.0062,0.3807,2,7.912,0.1781,0.9184,1,24.921,0.8189,0.0618,2,10,1,299
task_env_weather_195273,background,17,138,0.984306,0.985738,1.0,0.982951,0,0.8926,0.88885,0.22875,0.03463,0.14445,4.60891,32.2024,0.86941,4.65056,4.84527,0,9.0502,16.0,11.5187,16.0,16,16.461,0.0163,0.3916,2,7.926,0.18,0.9141,1,24.872,0.8092,0.0615,2,10,1,298
task_env_weather_195273,background,17,139,0.989935,0.985095,1.0,0.995948,0,0.88999,0.8909,0.22814,0.0341,0.14193,4.51761,32.0092,0.86932,4.64738,4.84527,0,8.9992,16.0,11.4523,16.0,16,16.633,0.0076,0.3899,2,7.87,0.1757,0.91,1,24.954,0.8098,0.0626,2,10,1,298
task_env_weather_195273,background,17,140,0.984569,0.977462,1.0,0.994576,0,0.88687,0.90074,0.22901,0.03465,0.14555,4.55179,32.5044,0.86985,4.67452,4.84527,0,9.0986,16.0,11.7522,16.0,16,16.619,0.013,0.4027,2,7.915,0.1971,0.912,1,24.945,0.8184,0.0567,2,10,1,298
task_env_weather_195273,background,17,141,0.928784,0.915528,1.0,0.998601,0,0.8294,0.0,0.22671,0.03474,0.13385,4.53912,34.6737,0.86418,4.62735,4.84527,0,9.2,16.0,13.3726,16.0,16,16.675,0.004,0.3834,2,7.79,0.1658,0.9155,1,24.585,0.8208,0.0709,2,10,1,301
task_env_weather_195273,background,17,142,0.977379,0.996073,1.0,0.96694,0,0.90341,0.83612,0.22462,0.03203,0.13775,4.86697,31.1528,0.86437,4.63749,4.84527,0,8.7499,16.0,9.6659,16.0,16,16.587,0.0052,0.3927,2,7.512,0.1753,0.9067,1,24.791,0.8135,0.0653,2,10,1,299
task_env_weather_195273,background,17,143,0.92734,0.914122,1.0,0.997799,0,0.8282,0.0,0.22749,0.03527,0.13517,4.64167,34.7187,0.86415,4.62881,4.84527,0,9.2232,16.0,13.4372,16.0,16,16.301,0.0146,0.3926,2,7.556,0.1625,0.9178,1,24.917,0.8239,0.0674,2,10,1,301
task_env_weather_195273,background,17,144,0.993431,0.993254,1.0,0.99361,0,0.89984,0.83864,0.22377,0.03193,0.13772,4.51877,28.8445,0.86536,4.59845,4.84527,0,8.1751,16.0,9.3128,16.0,16,16.458,0.0112,0.3876,2,7.789,0.1759,0.9097,1,24.701,0.8081,0.0635,2,10,1,305
task_env_weather_195273,background,17,145,0.97065,0.961094,1.0,0.986549,0,0.86903,0.85944,0.2268,0.03196,0.13094,4.73543,34.4459,0.87117,4.64709,4.84527,0,9.2921,16.0,13.3172,16.0,16,16.81,0.0068,0.3909,2,7.729,0.1713,0.9152,1,24.915,0.8176,0.064,2,10,1,302
task_env_weather_195273,background,18,146,0.993031,0.993998,1.0,0.9921,0,0.90324,0.82325,0.22659,0.03489,0.151,4.82865,30.4624,0.86272,4.65078,4.84527,0,8.5362,16.0,9.6716,16.0,16,16.438,0.0204,0.3887,2,7.847,0.1605,0.9122,1,25.019,0.8228,0.0672,2,10,1,300
task_env_weather_195273,background,18,147,0.986182,0.985222,1.0,0.987181,0,0.8902,0.88331,0.22856,0.03457,0.14459,4.63387,31.9629,0.86924,4.64289,4.84527,0,8.9858,16.0,11.45,16.0,16,16.414,0.0056,0.3921,2,7.663,0.172,0.909,1,24.95,0.8209,0.0679,2,10,1,298
task_env_weather_195273,background,18,148,0.996321,0.996202,1.0,0.996441,0,0.90484,0.82655,0.22622,0.03391,0.1479,4.78644,30.6578,0.86264,4.65487,4.84527,0,8.5352,16.0,9.6757,16.0,16,16.416,0.011,0.3895,2,7.673,0.1774,0.9083,1,24.709,0.8177,0.0639,2,10,1,300
task_env_weather_195273,background,18,149,0.925188,0.91165,1.0,0.989775,0,0.82707,0.0,0.22651,0.03472,0.13259,4.42372,34.8935,0.86427,4.63329,4.84527,0,9.2289,16.0,13.5766,16.0,16,16.543,0.0076,0.3917,2,7.702,0.1725,0.9131,1,25.153,0.8193,0.0629,2,10,1,301
task_env_weather_195273,background,18,150,0.997467,0.995167,1.0,1.0,0,0.90486,0.86476,0.22474,0.03222,0.13163,4.73026,34.0663,0.85997,4.65038,4.84527,0,9.5218,16.0,9.7476,16.0,16,16.384,0.0047,0.3898,2,7.712,0.1654,0.9109,1,25.102,0.8153,0.0711,2,10,1,304
task_env_weather_195273,background,18,151,0.984915,0.985799,1.0,0.984061,0,0.89249,0.87991,0.22788,0.03389,0.14154,4.47814,31.9176,0.86925,4.65405,4.84527,0,8.9743,16.0,11.4276,16.0,16,16.408,0.0082,0.3903,2,7.719,0.1723,0.9081,1,24.804,0.8154,0.0631,2,10,1,298
task_env_weather_195273,background,18,152,0.973399,0.965928,1.0,0.984157,0,0.87292,0.89863,0.22607,0.03147,0.12911,4.65964,34.125,0.871,4.65275,4.84527,0,9.2005,16.0,13.1804,16.0,16,16.412,0.0097,0.3895,2,7.742,0.1669,0.9086,1,25.078,0.8188,0.0686,2,10,1,302
task_env_weather_195273,background,18,153,0.983228,0.975124,1.0,0.995379,0,0.88437,0.84778,0.22866,0.03376,0.1282,4.53539,35.9068,0.86173,4.62024,4.84527,0,10.1342,16.0,11.3189,16.0,16,16.479,0.0079,0.3874,2,7.931,0.1733,0.9087,1,24.863,0.8112,0.062,2,10,1,297
task_env_weather_195273,background,18,154,0.920445,0.90739,0.99001,0.993476,0,0.82159,0.0,0.22701,0.03531,0.13449,4.48639,35.109,0.86426,4.61523,4.84527,0,9.2469,16.0,13.662,16.0,16,16.466,0.0149,0.3901,2,7.696,0.1788,0.9127,1,24.894,0.8218,0.0724,2,10,1,301
task_env_weather_195273,background,19,155,0.991773,0.992979,1.0,0.990623,0,0.90005,0.87879,0.22413,0.03096,0.12854,4.68911,34.8074,0.85944,4.67197,4.84527,0,9.682,16.0,9.6696,16.0,16,16.771,0.0156,0.3854,2,7.583,0.1861,0.9075,1,24.876,0.8173,0.0749,2,10,1,304
task_env_weather_195273,background,19,156,0.935496,0.921612,1.0,0.98984,0,0.83343,0.8873,0.22786,0.03381,0.13118,4.81638,35.9082,0.86375,4.64408,4.84527,0,10.1296,16.0,13.0018,16.0,16,16.659,0.0175,0.3886,2,7.623,0.1768,0.9086,1,24.846,0.8163,0.0746,2,10,1,309
task_env_weather_195273,background,19,157,0.985042,0.9785,1.0,0.993953,0,0.88599,0.86125,0.2248,0.03123,0.11826,4.52506,29.8056,0.86486,4.65941,4.84527,0,8.1636,16.0,10.7927,16.0,16,16.237,0.0318,0.3862,2,7.777,0.1739,0.9091,1,24.981,0.8117,0.0697,2,10,1,290
task_env_weather_195273,background,19,158,0.991255,0.992142,1.0,0.990399,0,0.89967,0.87867,0.22395,0.03107,0.12924,4.67826,34.669,0.85959,4.66062,4.84527,0,9.6514,16.0,9.7522,16.0,16,16.579,0.0127,0.3924,2,7.684,0.179,0.9107,1,25.176,0.8273,0.0716,2,10,1,304
task_env_weather_195273,background,19,159,0.967115,0.957253,0.918705,0.983928,0,0.86925,0.85606,0.21945,0.026,0.10257,4.70323,33.2927,0.86101,4.60549,4.84527,0,9.3713,16.0,10.1726,16.0,16,16.837,0.0268,0.393,2,7.607,0.1785,0.9114,1,24.673,0.8412,0.0872,2,10,1,306
task_env_weather_195273,background,19,160,0.997027,0.994371,0.955945,1.0,0,0.90285,0.86162,0.22228,0.02831,0.12525,4.59506,34.4016,0.86112,4.64248,4.84527,0,9.4683,16.0,9.4948,16.0,16,16.275,0.0128,0.3894,2,7.979,0.1874,0.9106,1,25.023,0.8299,0.0686,2,10,1,295
task_env_weather_195273,background,19,161,0.925546,0.912256,0.985877,0.994778,0,0.82739,0.0,0.22663,0.03475,0.13293,4.50866,35.083,0.86422,4.6183,4.84527,0,9.262,16.0,13.6667,16.0,16,16.579,0.0071,0.3961,2,7.42,0.1736,0.9156,1,25.046,0.8134,0.0682,2,10,1,301
task_env_weather_195273,background,19,162,0.997122,0.994541,1.0,1.0,0,0.9027,0.86691,0.22679,0.03498,0.15021,4.73914,30.6045,0.86261,4.63506,4.84527,0,8.5288,16.0,9.6523,16.0,16,16.476,0.0162,0.3872,2,7.849,0.1716,0.9099,1,24.862,0.8148,0.0699,2,10,1,300
task_env_weather_195273,background,19,163,0.907182,0.895664,0.984459,1.0,0,0.81045,0.0,0.22641,0.03434,0.13073,4.66809,35.9851,0.86425,4.62116,4.84527,0,9.3984,16.0,14.0092,16.0,16,16.27,0.0106,0.394,2,7.852,0.191,0.9214,1,24.803,0.8205,0.0744,2,10,1,301
task_env_weather_195273,background,20,164,0.991444,0.99347,1.0,0.989569,0,0.90087,0.92305,0.22402,0.03078,0.12899,4.67866,35.5853,0.85902,4.67059,4.84527,0,9.8982,16.0,9.7399,16.0,16,16.362,0.0019,0.3855,2,7.878,0.1899,0.9237,1,24.644,0.8264,0.0798,2,10,1,304
task_env_weather_195273,background,20,165,0.980055,0.971701,1.0,0.992792,0,0.88152,0.85865,0.22741,0.03442,0.13141,4.51742,36.1525,0.86273,4.61641,4.84527,0,9.5578,16.0,12.9135,16.0,16,16.288,0.0064,0.393,2,7.91,0.2002,0.9232,1,24.639,0.8211,0.0729,2,10,1,303
task_env_weather_195273,background,20,166,0.9776,0.967881,1.0,0.993982,0,0.87816,0.85959,0.22842,0.0331,0.12537,4.55291,37.2392,0.86101,4.63769,4.84527,0,10.4592,16.0,11.6224,16.0,16,16.387,0.0115,0.3965,2,7.677,0.1877,0.9217,1,24.664,0.8143,0.0834,2,10,1,297
task_env_weather_195273,background,20,167,0.989587,0.991732,1.0,0.987611,0,0.90117,0.83289,0.22569,0.03162,0.13828,4.81378,31.6738,0.862,4.6452,4.84527,0,8.7249,16.0,9.8567,16.0,16,16.194,0.0085,0.3913,2,7.845,0.2025,0.9244,1,24.839,0.8171,0.0795,2,10,1,300
task_env_weather_195273,background,20,168,0.975422,0.994533,1.0,0.964864,0,0.90405,0.83901,0.22362,0.03161,0.13771,4.84965,32.2551,0.86415,4.6314,4.84527,0,8.9658,16.0,9.7268,16.0,16,16.443,0.0107,0.3907,2,7.847,0.2022,0.9216,1,24.824,0.8193,0.0692,2,10,1,299
task_env_weather_195273,background,20,169,0.967717,0.955372,1.0,0.994968,0,0.86443,0.86614,0.22623,0.03028,0.1258,4.74892,35.5558,0.87222,4.64149,4.84527,0,9.5224,16.0,13.8217,16.0,16,16.504,0.0158,0.3972,2,7.765,0.1977,0.9215,1,24.978,0.8115,0.073,2,10,1,302
task_env_weather_195273,background,20,170,0.973282,0.962703,1.0,0.992468,0,0.87301,0.86406,0.2261,0.03362,0.13276,4.65417,32.6025,0.86675,4.69185,4.84527,0,9.096,16.0,11.705,16.0,16,16.292,0.0061,0.3914,2,7.782,0.1926,0.9231,1,24.925,0.8279,0.0821,2,10,1,307
task_env_weather_195273,background,20,171,0.968508,0.960298,1.0,0.980905,0,0.87039,0.87921,0.22634,0.0319,0.12441,4.6862,30.4002,0.86538,4.67624,4.84527,0,8.5068,16.0,11.235,16.0,16,16.006,0.0157,0.3973,2,7.877,0.1949,0.9198,1,24.782,0.8139,0.0699,2,10,1,308
task_env_weather_195273,background,20,172,0.989055,0.997854,1.0,0.982573,0,0.90531,0.85943,0.23148,0.03831,0.14583,4.63072,30.0367,0.86399,4.66218,4.84527,0,8.2981,16.0,10.4595,16.0,16,16.605,0.0099,0.3933,2,8.083,0.1811,0.9226,1,24.786,0.8157,0.0768,2,10,1,310
task_env_weather_195273,background,21,173,0.996657,0.99371,1.0,1.0,0,0.90223,0.84258,0.2227,0.03087,0.13543,4.62267,29.1815,0.86522,4.6275,4.84527,0,8.2474,16.0,9.2842,16.0,16,16.316,0.0141,0.3934,2,7.848,0.1932,0.9238,1,24.707,0.8144,0.0778,2,10,1,305
task_env_weather_195273,background,21,174,0.994667,0.994897,1.0,0.994438,0,0.90199,0.87658,0.22372,0.03047,0.12805,4.65886,35.7663,0.85894,4.67465,4.84527,0,9.9302,16.0,9.8533,16.0,16,16.164,0.0179,0.397,2,7.773,0.1948,0.9211,1,24.824,0.8243,0.0752,2,10,1,304
task_env_weather_195273,background,21,175,0.911542,0.89951,0.995559,0.998268,0,0.81282,0.0,0.22624,0.0343,0.13111,4.69551,35.9002,0.86418,4.62965,4.84527,0,9.3903,16.0,13.9398,16.0,16,16.487,0.0105,0.3939,2,7.713,0.1863,0.9232,1,24.969,0.8139,0.0765,2,10,1,301
task_env_weather_195273,background,21,176,0.984515,0.975103,1.0,1.0,0,0.88239,0.89811,0.22757,0.03445,0.13251,4.48711,35.438,0.86288,4.61528,4.84527,0,9.415,16.0,12.7565,16.0,16,16.432,0.0141,0.3949,2,8.023,0.1855,0.9206,1,24.775,0.8295,0.0768,2,10,1,303
task_env_weather_195273,background,21,177,0.987296,0.982484,1.0,0.993266,0,0.88852,0.90927,0.22795,0.03364,0.14185,4.77924,32.4584,0.8697,4.65528,4.84527,0,9.1311,16.0,11.686,16.0,16,16.266,0.0074,0.3969,2,7.789,0.1934,0.9169,1,24.851,0.8255,0.0734,2,10,1,298
task_env_weather_195273,background,21,178,0.970613,0.995467,1.0,0.9587,0,0.90352,0.84815,0.22413,0.03216,0.14,4.90014,32.2792,0.86412,4.62541,4.84527,0,8.9721,16.0,9.7219,16.0,16,16.279,0.0028,0.3896,2,7.737,0.2028,0.9222,1,24.659,0.8181,0.0729,2,10,1,299
task_env_weather_195273,background,21,179,0.982648,0.972614,1.0,1.0,0,0.88101,0.89108,0.22788,0.03491,0.13454,4.51559,36.0866,0.86275,4.61955,4.84527,0,9.5492,16.0,12.9045,16.0,16,16.229,0.0079,0.3926,2,7.758,0.2004,0.9222,1,24.864,0.819,0.0723,2,10,1,303
task_env_weather_195273,background,21,180,0.996924,0.994185,1.0,1.0,0,0.90088,0.85124,0.22567,0.03199,0.13937,4.65313,31.3494,0.8622,4.63917,4.84527,0,8.6461,16.0,9.8533,16.0,16,16.301,0.0048,0.3973,2,7.853,0.1952,0.9167,1,24.786,0.8177,0.0776,2,10,1,300
task_env_weather_195273,background,21,181,0.973224,0.995961,1.0,0.961753,0,0.90549,0.83776,0.22499,0.03294,0.14188,4.84904,31.9584,0.86415,4.64036,4.84527,0,8.9154,16.0,9.7448,16.0,16,16.276,0.0083,0.3947,2,7.85,0.1881,0.9207,1,24.779,0.8161,0.0723,2,10,1,299
task_env_weather_195273,background,22,182,0.977208,0.994317,1.0,0.967251,0,0.90314,0.8548,0.2247,0.03262,0.14074,4.8061,32.0059,0.86414,4.6385,4.84527,0,8.917,16.0,9.7182,16.0,16,16.361,0.0122,0.3921,2,7.776,0.1906,0.9204,1,24.839,0.8211,0.0734,2,10,1,299
task_env_weather_195273,background,22,183,0.909743,0.898006,0.982861,1.0,0,0.81212,0.0,0.22582,0.0338,0.12917,4.67548,35.9512,0.86426,4.62796,4.84527,0,9.3894,16.0,13.9859,16.0,16,16.262,0.0048,0.3936,2,7.73,0.1901,0.9209,1,24.79,0.8224,0.0726,2,10,1,301
task_env_weather_195273,background,22,184,0.969323,0.957664,1.0,0.992926,0,0.86794,0.84494,0.22657,0.03076,0.12612,4.79292,35.4368,0.8721,4.6369,4.84527,0,9.5012,16.0,13.7636,16.0,16,16.302,0.012,0.3968,2,7.828,0.1946,0.9216,1,24.813,0.8153,0.0805,2,10,1,302
task_env_weather_195273,background,22,185,0.967267,0.99419,1.0,0.954978,0,0.90296,0.84166,0.22512,0.03303,0.14234,4.93703,32.0242,0.86414,4.63551,4.84527,0,8.9222,16.0,9.7392,16.0,16,16.21,0.0115,0.3938,2,7.74,0.1905,0.9208,1,24.82,0.8166,0.0739,2,10,1,299
task_env_weather_195273,background,22,186,0.993699,0.993099,1.0,0.994314,0,0.89964,0.82991,0.2253,0.03157,0.13892,4.75195,31.3983,0.86222,4.64274,4.84527,0,8.6819,16.0,9.824,16.0,16,16.291,0.0122,0.3936,2,7.874,0.1948,0.9207,1,24.775,0.8249,0.0709,2,10,1,300
task_env_weather_195273,background,22,187,0.976438,0.967019,1.0,0.991945,0,0.87641,0.84814,0.22816,0.03285,0.12385,4.52133,37.498,0.86105,4.63087,4.84527,0,10.52,16.0,11.6601,16.0,16,16.339,0.0067,0.3952,2,7.722,0.1908,0.9237,1,24.817,0.8246,0.073,2,10,1,297
task_env_weather_195273,background,22,188,0.911456,0.899385,0.994074,0.997718,0,0.81394,0.0,0.2263,0.03442,0.1321,4.61667,35.6645,0.86427,4.62362,4.84527,0,9.3431,16.0,13.8904,16.0,16,16.241,0.0106,0.3915,2,7.883,0.1879,0.9177,1,24.692,0.8158,0.0729,2,10,1,301
task_env_weather_195273,background,22,189,0.906733,0.895253,0.99521,1.0,0,0.80902,0.0,0.2264,0.03423,0.13067,4.50116,36.1118,0.86426,4.62622,4.84527,0,9.4199,16.0,14.0479,16.0,16,16.337,0.0064,0.3935,2,7.867,0.1927,0.9227,1,24.728,0.8107,0.0728,2,10,1,301
task_env_weather_195273,background,22,190,0.911498,0.899613,0.993995,1.0,0,0.8151,0.0,0.22667,0.03477,0.13243,4.61524,35.8317,0.8642,4.62487,4.84527,0,9.3848,16.0,13.9151,16.0,16,16.233,0.0144,0.392,2,7.765,0.1862,0.9228,1,24.778,0.8239,0.0734,2,10,1,301
task_env_weather_195273,background,23,191,0.961269,0.997127,1.0,0.947877,0,0.905,0.85057,0.22382,0.03174,0.13837,4.95144,32.0127,0.86414,4.64091,4.84527,0,8.9249,16.0,9.7477,16.0,16,16.327,0.0085,0.3947,2,7.905,0.1898,0.9212,1,24.714,0.8121,0.0723,2,10,1,299
task_env_weather_195273,background,23,192,0.975049,0.994942,1.0,0.964276,0,0.90475,0.84391,0.22398,0.03192,0.13952,4.89847,32.0709,0.86411,4.6452,4.84527,0,8.9486,16.0,9.7407,16.0,16,16.347,0.0107,0.3929,2,7.813,0.191,0.9237,1,24.747,0.8091,0.073,2,10,1,299
task_env_weather_195273,background,23,193,0.971747,0.994872,1.0,0.96019,0,0.90287,0.84582,0.22467,0.03261,0.14011,4.832,32.1561,0.86412,4.6525,4.84527,0,8.9632,16.0,9.7779,16.0,16,16.317,0.0044,0.396,2,7.853,0.1925,0.9242,1,24.669,0.8115,0.0712,2,10,1,299
task_env_weather_195273,background,23,194,0.969518,0.958245,1.0,0.991394,0,0.86702,0.8599,0.22607,0.03044,0.12582,4.71586,35.3372,0.8719,4.63605,4.84527,0,9.4902,16.0,13.6836,16.0,16,16.361,0.0074,0.3937,2,7.921,0.1899,0.9241,1,24.663,0.8086,0.0751,2,10,1,302
task_env_weather_195273,background,23,195,0.996867,0.994085,1.0,1.0,0,0.89991,0.85392,0.22536,0.03158,0.13867,4.74665,31.3747,0.86218,4.66061,4.84527,0,8.6787,16.0,9.8056,16.0,16,16.338,0.0054,0.3914,2,7.922,0.1965,0.9205,1,24.688,0.8111,0.074,2,10,1,300
task_env_weather_195273,background,23,196,0.977398,0.97057,1.0,0.986854,0,0.8797,0.90678,0.22639,0.03335,0.12947,4.52876,35.8173,0.86282,4.61211,4.84527,0,9.498,16.0,12.8501,16.0,16,16.385,0.0063,0.3941,2,7.891,0.194,0.9218,1,24.783,0.81,0.0714,2,10,1,303
task_env_weather_195273,background,23,197,0.903007,0.891854,0.998314,1.0,0,0.80654,0.0,0.22591,0.03361,0.12846,4.49619,36.2981,0.86428,4.61342,4.84527,0,9.4455,16.0,14.0911,16.0,16,16.407,0.0023,0.3928,2,7.907,0.1946,0.9243,1,24.748,0.8134,0.0712,2,10,1,301
task_env_weather_195273,background,23,198,0.969352,0.95651,0.999757,1.0,0,0.86312,0.84065,0.22599,0.03016,0.12445,4.60111,35.4692,0.8721,4.63808,4.84527,0,9.5231,16.0,13.7718,16.0,16,16.319,0.0109,0.3952,2,7.969,0.1947,0.924,1,24.728,0.8112,0.0754,2,10,1,302
task_env_weather_195273,background,23,199,0.973923,0.996854,1.0,0.962409,0,0.90386,0.84188,0.22406,0.032,0.13872,4.85352,32.0754,0.86411,4.64834,4.84527,0,8.9367,16.0,9.7195,16.0,16,16.351,0.009,0.3912,2,7.811,0.1923,0.9221,1,24.708,0.8122,0.0747,2,10,1,299
task_env_weather_195273,background,24,200,0.979236,0.991367,1.0,0.97114,0,0.90035,0.84,0.22427,0.03224,0.13968,4.84483,32.2015,0.86411,4.64922,4.84527,0,8.9714,16.0,9.7562,16.0,16,16.514,0.0024,0.3934,2,7.887,0.1966,0.9239,1,24.766,0.813,0.0717,2,10,1,299
task_env_weather_195273,background,24,201,0.968807,0.958442,1.0,0.987248,0,0.86647,0.83981,0.22621,0.03032,0.12487,4.55168,35.5681,0.87218,4.63393,4.84527,0,9.5463,16.0,13.7927,16.0,16,16.413,0.0051,0.3933,2,7.935,0.1966,0.9254,1,24.681,0.8133,0.0727,2,10,1,302
task_env_weather_195273,background,24,202,0.967131,0.955103,0.998434,0.992582,0,0.86426,0.84182,0.22595,0.03008,0.12427,4.72719,35.5159,0.87218,4.63898,4.84527,0,9.5254,16.0,13.754,16.0,16,16.472,0.0044,0.391,2,7.897,0.1968,0.9235,1,24.785,0.813,0.0713,2,10,1,302
task_env_weather_195273,background,24,203,0.975154,0.993758,1.0,0.964741,0,0.90153,0.83793,0.2239,0.03185,0.13887,4.87161,32.1738,0.86411,4.64342,4.84527,0,8.9668,16.0,9.7555,16.0,16,16.394,0.0049,0.3936,2,7.847,0.1927,0.9249,1,24.68,0.8107,0.0709,2,10,1,299
task_env_weather_195273,background,24,204,0.972236,0.959808,1.0,1.0,0,0.86751,0.86153,0.22639,0.03057,0.12442,4.73682,35.4875,0.87209,4.62833,4.84527,0,9.5268,16.0,13.7534,16.0,16,16.398,0.0032,0.3931,2,7.918,0.1944,0.9249,1,24.753,0.8097,0.0723,2,10,1,302
task_env_weather_195273,background,24,205,0.965683,0.95355,1.0,0.991707,0,0.86389,0.84236,0.22632,0.0305,0.12615,4.69191,35.4553,0.8721,4.63733,4.84527,0,9.5182,16.0,13.7585,16.0,16,16.414,0.0049,0.394,2,7.828,0.1947,0.9237,1,24.77,0.8095,0.0723,2,10,1,302
task_env_weather_195273,background,24,206,0.907621,0.896065,0.99873,1.0,0,0.81058,0.0,0.22594,0.03368,0.12853,4.47915,36.2625,0.86427,4.61151,4.84527,0,9.4412,16.0,14.0828,16.0,16,16.45,0.0021,0.3932,2,7.933,0.194,0.9241,1,24.702,0.815,0.071,2,10,1,301
task_env_weather_195273,background,24,207,0.994529,0.993771,1.0,0.995312,0,0.90267,0.83063,0.22633,0.03262,0.14239,4.72368,31.4359,0.86219,4.6477,4.84527,0,8.7014,16.0,9.8116,16.0,16,16.387,0.0026,0.3917,2,7.965,0.1935,0.9235,1,24.677,0.8131,0.0712,2,10,1,300
task_env_weather_195273,background,24,208,0.993483,0.992884,1.0,0.994098,0,0.90224,0.83042,0.22547,0.03183,0.13969,4.69039,31.4312,0.86222,4.63367,4.84527,0,8.7033,16.0,9.8182,16.0,16,16.429,0.0057,0.3927,2,7.929,0.1914,0.9239,1,24.739,0.8115,0.0701,2,10,1,300
task_env_weather_195273,background,25,209,0.994382,0.993857,1.0,0.994919,0,0.90133,0.82874,0.22576,0.03197,0.14028,4.74758,31.4817,0.86218,4.6618,4.84527,0,8.7125,16.0,9.8377,16.0,16,16.409,0.0017,0.3933,2,7.863,0.1951,0.9239,1,24.674,0.8108,0.0705,2,10,1,300
task_env_weather_195273,background,25,210,0.960343,0.993796,1.0,0.947175,0,0.90168,0.8542,0.22402,0.03199,0.13912,4.95243,32.217,0.8641,4.64915,4.84527,0,8.9723,16.0,9.7478,16.0,16,16.389,0.002,0.3925,2,7.946,0.1942,0.9251,1,24.763,0.8124,0.0716,2,10,1,299
task_env_weather_195273,background,25,211,0.996417,0.993285,1.0,1.0,0,0.90168,0.82706,0.22549,0.03171,0.13995,4.60499,31.4746,0.86219,4.65582,4.84527,0,8.7108,16.0,9.8231,16.0,16,16.431,0.0011,0.3922,2,7.89,0.1947,0.924,1,24.755,0.8139,0.0702,2,10,1,300
task_env_weather_195273,background,25,212,0.906235,0.894799,0.991173,1.0,0,0.81012,0.0,0.22609,0.03389,0.12884,4.57275,36.1948,0.86427,4.61163,4.84527,0,9.4264,16.0,14.0424,16.0,16,16.412,0.0032,0.3911,2,7.872,0.1936,0.9233,1,24.748,0.8135,0.0723,2,10,1,301
task_env_weather_195273,background,25,213,0.99618,0.995041,1.0,0.997373,0,0.90208,0.83157,0.22537,0.03161,0.13904,4.75113,31.5198,0.86216,4.66683,4.84527,0,8.7239,16.0,9.8291,16.0,16,16.375,0.0027,0.3921,2,7.935,0.1938,0.9257,1,24.71,0.8144,0.0709,2,10,1,300
task_env_weather_195273,background,25,214,0.971902,0.959422,1.0,1.0,0,0.86944,0.86048,0.22665,0.03086,0.12793,4.73904,35.41,0.87206,4.63453,4.84527,0,9.5012,16.0,13.7372,16.0,16,16.432,0.0029,0.3943,2,7.881,0.1937,0.9225,1,24.711,0.8155,0.073,2,10,1,302
task_env_weather_195273,background,25,215,0.995469,0.993839,1.0,0.997213,0,0.90086,0.82946,0.22545,0.03167,0.13975,4.779,31.5726,0.86217,4.67684,4.84527,0,8.7316,16.0,9.8446,16.0,16,16.401,0.004,0.3932,2,7.885,0.1942,0.9261,1,24.732,0.8129,0.0693,2,10,1,300
task_env_weather_195273,background,25,216,0.904521,0.893235,0.997891,1.0,0,0.80655,0.0,0.2256,0.03331,0.12763,4.4806,36.2707,0.8643,4.61344,4.84527,0,9.4378,16.0,14.0896,16.0,16,16.429,0.0023,0.3934,2,7.848,0.1946,0.9233,1,24.727,0.8137,0.0693,2,10,1,301
task_env_weather_195273,background,25,217,0.906562,0.895098,0.994062,1.0,0,0.80814,0.0,0.22557,0.03315,0.12647,4.5843,36.2656,0.8643,4.61773,4.84527,0,9.4464,16.0,14.1145,16.0,16,16.415,0.0016,0.3931,2,7.885,0.1962,0.9235,1,24.79,0.8142,0.0708,2,10,1,301
task_env_weather_195273,background,26,218,0.908066,0.896471,0.997097,1.0,0,0.81239,0.0,0.22634,0.03407,0.12986,4.50226,36.2326,0.86428,4.61591,4.84527,0,9.4411,16.0,14.0903,16.0,16,16.365,0.0034,0.3938,2,7.909,0.1941,0.924,1,24.731,0.8125,0.0713,2,10,1,301
task_env_weather_195273,background,26,219,0.968273,0.995251,1.0,0.955974,0,0.90257,0.85628,0.22393,0.03188,0.13811,4.92132,32.1927,0.86413,4.6472,4.84527,0,8.9617,16.0,9.7391,16.0,16,16.368,0.0027,0.3924,2,7.883,0.1945,0.9238,1,24.77,0.8128,0.0695,2,10,1,299
task_env_weather_195273,background,26,220,0.904886,0.893568,1.0,1.0,0,0.81046,0.0,0.22587,0.03368,0.12866,4.51032,36.2103,0.86427,4.61614,4.84527,0,9.4335,16.0,14.0521,16.0,16,16.404,0.0017,0.3918,2,7.901,0.1932,0.9239,1,24.724,0.8147,0.0699,2,10,1,301
task_env_weather_195273,background,26,221,0.906017,0.894599,0.998136,1.0,0,0.80921,0.0,0.22639,0.03399,0.12987,4.55083,36.2916,0.86429,4.61089,4.84527,0,9.4513,16.0,14.114,16.0,16,16.409,0.0008,0.3929,2,7.911,0.1959,0.9242,1,24.751,0.8118,0.0712,2,10,1,301
task_env_weather_195273,background,26,222,0.970095,0.959284,1.0,0.990131,0,0.86942,0.86075,0.22644,0.03067,0.12512,4.77401,35.455,0.87204,4.63295,4.84527,0,9.5196,16.0,13.7417,16.0,16,16.408,0.0013,0.3935,2,7.905,0.1932,0.9249,1,24.72,0.8122,0.0703,2,10,1,302
task_env_weather_195273,background,26,223,0.993971,0.994462,1.0,0.993488,0,0.90152,0.84684,0.22574,0.03199,0.14027,4.7698,31.5167,0.86217,4.652,4.84527,0,8.7126,16.0,9.841,16.0,16,16.425,0.0012,0.3937,2,7.915,0.1939,0.9243,1,24.742,0.8135,0.0716,2,10,1,300
task_env_weather_195273,background,26,224,0.968399,0.955439,1.0,1.0,0,0.86405,0.87017,0.22694,0.03111,0.12751,4.70051,35.4861,0.87209,4.63399,4.84527,0,9.5268,16.0,13.763,16.0,16,16.414,0.0022,0.3938,2,7.914,0.1945,0.9247,1,24.735,0.8134,0.0701,2,10,1,302
task_env_weather_195273,background,26,225,0.907485,0.895941,1.0,1.0,0,0.8087,0.0,0.22608,0.03382,0.12897,4.55053,36.2162,0.86428,4.60985,4.84527,0,9.4295,16.0,14.0669,16.0,16,16.429,0.0021,0.3926,2,7.933,0.1941,0.923,1,24.737,0.8145,0.0723,2,10,1,301
task_env_weather_195273,background,26,226,0.904146,0.892893,1.0,1.0,0,0.80884,0.0,0.226,0.03353,0.12791,4.43709,36.3053,0.8643,4.62261,4.84527,0,9.4561,16.0,14.1328,16.0,16,16.442,0.0013,0.3933,2,7.908,0.1967,0.9242,1,24.764,0.8128,0.0708,2,10,1,301
task_env_weather_195273,background,27,227,0.992718,0.994882,1.0,0.990727,0,0.90257,0.83213,0.22592,0.03212,0.14059,4.73393,31.5222,0.86217,4.66894,4.84527,0,8.7171,16.0,9.8377,16.0,16,16.418,0.0019,0.393,2,7.875,0.195,0.9245,1,24.732,0.8122,0.0709,2,10,1,300
task_env_weather_195273,background,27,228,0.993382,0.993609,1.0,0.993158,0,0.90143,0.82894,0.22605,0.0323,0.14196,4.69097,31.4707,0.86219,4.65267,4.84527,0,8.708,16.0,9.8379,16.0,16,16.373,0.0028,0.3937,2,7.879,0.1942,0.9236,1,24.751,0.8125,0.071,2,10,1,300
task_env_weather_195273,background,27,229,0.906283,0.894842,0.997424,1.0,0,0.80993,0.0,0.22575,0.03347,0.12759,4.33445,36.2322,0.86429,4.61328,4.84527,0,9.4354,16.0,14.0827,16.0,16,16.428,0.0027,0.3933,2,7.911,0.1943,0.9233,1,24.725,0.8118,0.0706,2,10,1,301
task_env_weather_195273,background,27,230,0.993714,0.99248,1.0,0.995013,0,0.90107,0.83126,0.22615,0.03232,0.14127,4.64102,31.5064,0.86216,4.66048,4.84527,0,8.7182,16.0,9.8298,16.0,16,16.423,0.0012,0.392,2,7.901,0.1961,0.9245,1,24.741,0.8143,0.0709,2,10,1,300
task_env_weather_195273,background,27,231,0.995148,0.991669,1.0,0.999192,0,0.89985,0.82767,0.22603,0.03221,0.14058,4.72511,31.5362,0.86217,4.66669,4.84527,0,8.7185,16.0,9.8405,16.0,16,16.411,0.0029,0.3931,2,7.908,0.1955,0.9245,1,24.72,0.8133,0.0704,2,10,1,300
task_env_weather_195273,background,27,232,0.906654,0.895182,1.0,1.0,0,0.80897,0.0,0.22612,0.03385,0.12943,4.47959,36.2939,0.86428,4.61313,4.84527,0,9.4427,16.0,14.0864,16.0,16,16.402,0.0029,0.393,2,7.906,0.1943,0.9241,1,24.756,0.8137,0.0705,2,10,1,301
task_env_weather_195273,background,27,233,0.907192,0.895673,1.0,1.0,0,0.80938,0.0,0.22602,0.03371,0.12847,4.51575,36.2947,0.86428,4.60826,4.84527,0,9.4451,16.0,14.0884,16.0,16,16.393,0.0032,0.3924,2,7.929,0.1947,0.9243,1,24.766,0.8133,0.0714,2,10,1,301
task_env_weather_195273,background,27,234,0.905674,0.894287,1.0,1.0,0,0.80721,0.0,0.2257,0.03345,0.12824,4.5019,36.2447,0.86428,4.61199,4.84527,0,9.4324,16.0,14.0735,16.0,16,16.393,0.0028,0.3932,2,7.932,0.1939,0.9233,1,24.768,0.8149,0.0715,2,10,1,301
task_env_weather_195273,background,27,235,0.970755,0.959442,0.989646,0.992801,0,0.86831,0.85979,0.22535,0.02955,0.12287,4.80071,35.4809,0.87207,4.63188,4.84527,0,9.526,16.0,13.743,16.0,16,16.391,0.0038,0.3922,2,7.912,0.1941,0.9251,1,24.727,0.8132,0.0712,2,10,1,302
task_env_weather_195273,background,28,236,0.906612,0.895143,0.986695,1.0,0,0.80896,0.0,0.2264,0.03399,0.12952,4.55448,36.3125,0.86429,4.61404,4.84527,0,9.4529,16.0,14.1159,16.0,16,16.399,0.002,0.3929,2,7.925,0.1959,0.9244,1,24.748,0.813,0.0716,2,10,1,301
task_env_weather_195273,background,28,237,0.902524,0.891414,0.994012,1.0,0,0.80655,0.0,0.22602,0.03368,0.12825,4.47217,36.2955,0.86428,4.6089,4.84527,0,9.4458,16.0,14.1006,16.0,16,16.423,0.0019,0.3931,2,7.912,0.1951,0.9241,1,24.747,0.8134,0.0714,2,10,1,301
task_env_weather_195273,background,28,238,0.906167,0.894737,1.0,1.0,0,0.80892,0.0,0.2263,0.03393,0.1293,4.50818,36.2784,0.86429,4.61751,4.84527,0,9.448,16.0,14.0985,16.0,16,16.408,0.0026,0.3921,2,7.914,0.1956,0.9242,1,24.755,0.8139,0.0711,2,10,1,301
task_env_weather_195273,background,28,239,0.907226,0.895705,1.0,1.0,0,0.80864,0.0,0.22569,0.0334,0.12744,4.52349,36.3085,0.86427,4.61596,4.84527,0,9.4476,16.0,14.0936,16.0,16,16.416,0.0024,0.3931,2,7.905,0.1944,0.9246,1,24.745,0.813,0.0714,2,10,1,301
task_env_weather_195273,background,28,240,0.904753,0.893446,1.0,1.0,0,0.80772,0.0,0.22603,0.03368,0.12825,4.50102,36.2616,0.86429,4.61519,4.84527,0,9.4435,16.0,14.0976,16.0,16,16.411,0.0021,0.3928,2,7.905,0.1952,0.9238,1,24.749,0.8135,0.071,2,10,1,301
