image,class,generation,evaluation,score,id_norm,dir_norm,use_norm,subject_lost,subject_id_def,subject_box_iou_edit_def,align_def,align_gain_def,clip_s_def,niqe_def,latent_l2,hf_rgb_total,niqe_input,niqe_original,rejected,support_deltaE00,delta_e_cap,knob_frame_grid,knob_frame_sigma,knob_frame_scale,knob_frame_amplitude,knob_clothes_grid,knob_clothes_sigma,knob_clothes_scale,knob_clothes_amplitude,knob_lock_luminance,knob_field_seed
task_attr_mod_color_123744,hat,1,1,0.966919,1.0,1.0,0.953791,0,0.9064,0.94311,0.20902,0.0157,0.09787,2.52924,30.8909,0.92397,2.33302,2.26012,0,8.6241,16.0,1,24.0,0.0,0.5,1,24.0,0.0,0.5,1,0
task_attr_mod_color_123744,hat,2,2,0.98802,1.0,1.0,0.979991,0,0.91366,0.93066,0.21097,0.01736,0.10638,2.46162,41.7265,0.92708,2.35093,2.26012,0,12.2816,16.0,8,20.714,0.0,0.689,1,8.336,0.2118,0.7786,1,0
task_attr_mod_color_123744,hat,2,3,0.990667,1.0,0.831244,0.983903,0,0.92317,0.93869,0.20421,0.01204,0.06133,2.45183,46.7264,0.91177,2.33808,2.26012,0,15.0392,16.0,1,26.039,0.0,0.866,1,25.374,0.0,0.6241,1,0
task_attr_mod_color_123744,hat,2,4,0.973153,1.0,0.486607,0.960876,0,0.91438,0.91953,0.19516,0.00705,0.03669,2.51059,51.644,0.90606,2.3478,2.26012,0,15.0158,16.0,2,32.0,0.4934,0.7576,1,32.0,0.0,0.237,1,0
task_attr_mod_color_123744,hat,2,5,0.963215,1.0,0.948045,0.94975,0,0.92088,0.93173,0.20612,0.01373,0.08297,2.54,35.7876,0.90575,2.35981,2.26012,0,11.6192,16.0,2,9.3,0.1008,0.6805,1,26.901,0.0,0.3335,1,0
task_attr_mod_color_123744,hat,2,6,0.940254,0.997332,1.0,0.92643,0,0.90077,0.89071,0.20833,0.01693,0.10016,2.60394,21.4544,0.94215,2.34388,2.26012,0,4.2879,16.0,1,27.227,0.0,0.1959,1,21.014,0.0994,0.4272,1,0
task_attr_mod_color_123744,hat,2,7,1000.0,1.0,0.424172,0.976186,0,0.90961,0.9576,0.19732,0.00614,0.02371,2.47121,57.5592,0.90878,2.34139,2.26012,1,16.9777,16.0,1,15.417,0.5771,1.0,1,13.567,0.0,0.2802,1,13
task_attr_mod_color_123744,hat,2,8,1000.0,1.0,0.305566,0.980743,0,0.91324,0.95721,0.19506,0.00442,0.01708,2.45973,95.7183,1.01562,2.3031,2.26012,1,26.3122,16.0,1,22.505,0.9938,1.0,1,20.237,0.0,0.9095,1,409
task_attr_mod_color_123744,hat,2,9,0.978781,1.0,0.968366,0.967667,0,0.92007,0.94256,0.20715,0.01402,0.07414,2.49297,44.2766,0.91619,2.34627,2.26012,0,13.8872,16.0,2,4.576,0.0,0.795,2,24.64,0.1176,0.6835,1,6
task_attr_mod_color_123744,hat,2,10,0.968883,1.0,0.897787,0.955981,0,0.9115,0.91755,0.2073,0.013,0.07938,2.52344,33.2376,0.90631,2.34969,2.26012,0,10.7747,16.0,1,32.0,0.0,0.6503,1,31.966,0.0,0.286,1,0
task_attr_mod_color_123744,hat,3,11,0.956127,1.0,1.0,0.942293,0,0.90588,0.9455,0.21093,0.01943,0.11034,2.5601,26.7549,0.96008,2.33193,2.26012,0,4.6557,16.0,1,32.0,0.1937,0.1305,1,11.003,0.3151,0.7104,1,0
task_attr_mod_color_123744,hat,3,12,0.937602,0.998849,1.0,0.923917,0,0.90214,0.94492,0.20739,0.01609,0.09418,2.61102,18.6241,0.952,2.3347,2.26012,0,2.6655,16.0,16,32.0,0.0,0.05,1,32.0,0.0,0.4115,1,0
task_attr_mod_color_123744,hat,3,13,0.926242,0.999469,1.0,0.9132,0,0.9027,0.92458,0.20868,0.01721,0.10123,2.64166,20.2261,0.94533,2.332,2.26012,0,3.6222,16.0,1,9.494,0.0,0.1362,1,16.806,0.0,0.4294,1,0
task_attr_mod_color_123744,hat,3,14,1000.0,0.932716,0.911609,0.941368,0,0.84241,0.93849,0.20909,0.0132,0.05534,2.56261,89.0166,0.99998,2.34206,2.26012,1,20.6863,16.0,1,32.0,1.5,0.5789,32,32.0,0.0,1.0,1,47
task_attr_mod_color_123744,hat,3,15,0.978987,0.967924,0.686093,1.0,0,0.87421,0.95036,0.20823,0.00993,0.0518,2.3723,50.0439,0.86366,2.38378,2.26012,0,14.5348,16.0,1,19.285,0.0,0.5092,1,28.794,0.3623,1.0,0,0
task_attr_mod_color_123744,hat,3,16,0.94068,0.998882,1.0,0.926889,0,0.90217,0.9471,0.21019,0.01875,0.10809,2.60265,24.5709,0.95622,2.32985,2.26012,0,3.604,16.0,8,32.0,0.0,0.05,8,32.0,0.0661,0.6556,1,0
task_attr_mod_color_123744,hat,3,17,0.918127,1.0,1.0,0.905707,0,0.90715,0.94767,0.2106,0.01907,0.11202,2.66351,28.0911,0.95773,2.33757,2.26012,0,4.147,16.0,32,32.0,0.2582,0.05,1,7.596,0.0,0.8137,1,0
task_attr_mod_color_123744,hat,3,18,0.902573,0.997487,1.0,0.891237,0,0.90091,0.94442,0.20638,0.01567,0.08942,2.70676,19.9792,0.96023,2.33756,2.26012,0,2.7263,16.0,1,32.0,0.0912,0.05,8,2.181,0.6749,0.4053,1,80
task_attr_mod_color_123744,hat,3,19,0.862968,0.996568,1.0,0.855082,0,0.90008,0.94736,0.21064,0.01897,0.11218,2.82121,31.8809,0.95866,2.33582,2.26012,0,4.6924,16.0,4,32.0,0.0,0.05,1,22.026,0.0,1.0,1,0
task_attr_mod_color_123744,hat,4,20,0.982179,0.971999,0.342216,1.0,0,0.87789,0.90274,0.20055,0.00496,0.02957,2.34952,51.3132,0.91359,2.28188,2.26012,0,15.0522,16.0,1,32.0,0.4104,0.4842,1,32.0,0.6305,0.9392,0,997
task_attr_mod_color_123744,hat,4,21,0.972839,0.998461,0.817741,0.96078,0,0.90179,0.93106,0.20343,0.01184,0.07243,2.51084,19.0427,0.92014,2.33769,2.26012,0,4.818,16.0,1,17.14,0.0,0.314,1,5.587,0.0,0.05,1,0
task_attr_mod_color_123744,hat,4,22,0.862968,0.996568,1.0,0.855082,0,0.90008,0.94736,0.21064,0.01897,0.11218,2.82121,31.8809,0.95866,2.33582,2.26012,0,4.6924,16.0,1,27.637,0.0,0.05,1,11.421,0.0,1.0,1,0
task_attr_mod_color_123744,hat,4,23,0.893143,0.992737,1.0,0.882221,0,0.89662,0.9445,0.21057,0.01897,0.11078,2.73442,31.9172,0.95946,2.35404,2.26012,0,4.7309,16.0,4,32.0,0.9612,0.05,1,32.0,0.0,1.0,1,0
task_attr_mod_color_123744,hat,4,24,0.914883,1.0,0.634838,0.90272,0,0.91097,0.91985,0.19907,0.00919,0.05092,2.67233,48.3112,0.96483,2.33827,2.26012,0,14.041,16.0,8,32.0,0.2671,0.7869,2,32.0,1.1028,0.8938,1,997
task_attr_mod_color_123744,hat,4,25,1000.0,0.984687,0.426171,0.94118,0,0.88935,0.90853,0.20672,0.00617,0.03404,2.56313,74.0722,0.56602,2.50096,2.26012,1,26.1856,16.0,32,32.0,0.0,0.9932,32,0.0,0.0,1.0,0,0
task_attr_mod_color_123744,hat,4,26,0.932266,0.995793,1.0,0.918678,0,0.89938,0.94645,0.2081,0.01855,0.10654,2.62591,50.259,0.81371,2.38696,2.26012,0,7.1262,16.0,32,32.0,0.0,0.05,2,31.653,1.1039,0.9243,0,0
task_attr_mod_color_123744,hat,4,27,0.924157,1.0,1.0,0.911292,0,0.90655,0.93936,0.21224,0.0194,0.11652,2.64719,37.1114,0.93818,2.34942,2.26012,0,8.8489,16.0,4,32.0,0.0,0.4335,8,0.0,0.108,0.9436,1,195
task_attr_mod_color_123744,hat,4,28,0.978283,1.0,1.0,0.967048,0,0.9055,0.94964,0.21006,0.02009,0.11522,2.49457,30.4663,0.96403,2.32494,2.26012,0,4.3496,16.0,8,32.0,0.0,0.05,32,16.57,1.5,0.7938,1,0
task_attr_mod_color_123744,hat,5,29,0.932438,0.994076,1.0,0.918769,0,0.89783,0.90224,0.20949,0.019,0.105,2.62565,30.7792,0.9802,2.3424,2.26012,0,4.5737,16.0,8,27.793,0.0,0.05,1,20.029,1.4111,0.6561,1,615
task_attr_mod_color_123744,hat,5,30,0.962532,1.0,0.897736,0.949017,0,0.90374,0.95859,0.20416,0.013,0.0731,2.54196,21.142,0.82233,2.37923,2.26012,0,4.9273,16.0,32,32.0,0.0,0.1924,4,32.0,0.3143,0.1494,0,0
task_attr_mod_color_123744,hat,5,31,0.985914,0.988153,1.0,0.983859,0,0.89248,0.94677,0.21146,0.01957,0.11399,2.45194,34.5832,1.01099,2.30985,2.26012,0,5.6515,16.0,16,18.052,0.0,0.05,2,32.0,0.0,1.0,0,0
task_attr_mod_color_123744,hat,5,32,0.900382,1.0,1.0,0.889462,0,0.9045,0.95906,0.21178,0.01933,0.11316,2.71216,35.2034,0.94577,2.36592,2.26012,0,7.2656,16.0,1,21.846,0.0,0.2968,16,26.908,0.0,1.0,1,65
task_attr_mod_color_123744,hat,5,33,0.996584,0.996324,1.0,0.996846,0,0.89986,0.94367,0.21201,0.01992,0.11816,2.42,34.3207,1.01211,2.32203,2.26012,0,5.6418,16.0,32,32.0,0.6779,0.05,1,32.0,0.0,1.0,0,938
task_attr_mod_color_123744,hat,5,34,0.930713,1.0,1.0,0.917426,0,0.90816,0.93174,0.21272,0.01963,0.11383,2.62949,40.1383,0.93657,2.34599,2.26012,0,10.1005,16.0,1,20.808,0.0,0.5152,2,11.326,0.0,1.0,1,0
task_attr_mod_color_123744,hat,5,35,0.985074,0.975863,0.511356,1.0,0,0.88138,0.93918,0.20414,0.0074,0.04677,2.31407,43.162,0.86623,2.36593,2.26012,0,10.8489,16.0,32,31.201,0.0,0.3292,1,12.089,0.0,1.0,0,547
task_attr_mod_color_123744,hat,5,36,0.947519,1.0,1.0,0.933609,0,0.90343,0.94725,0.21079,0.01922,0.11115,2.58391,26.8023,0.95705,2.32699,2.26012,0,4.0041,16.0,1,30.996,0.1837,0.05,16,19.107,0.0,0.7666,1,0
task_attr_mod_color_123744,hat,5,37,0.916408,1.0,1.0,0.904123,0,0.90488,0.93675,0.21158,0.01943,0.11393,2.66818,31.1567,0.94925,2.3406,2.26012,0,5.8333,16.0,16,32.0,0.0,0.2005,8,32.0,0.0,0.8713,1,892
task_attr_mod_color_123744,hat,6,38,0.915949,1.0,1.0,0.9037,0,0.90403,0.95341,0.20657,0.016,0.09726,2.66943,34.3669,0.9491,2.34168,2.26012,0,4.9449,16.0,4,32.0,0.0,0.05,1,26.806,0.3706,1.0,1,29
task_attr_mod_color_123744,hat,6,39,0.950598,0.993512,1.0,0.936795,0,0.89732,0.90703,0.21084,0.02074,0.11222,2.57513,35.0188,1.0105,2.33989,2.26012,0,5.1461,16.0,4,24.28,0.7158,0.05,1,12.677,0.641,1.0,1,397
task_attr_mod_color_123744,hat,6,40,0.87681,0.998705,1.0,0.867901,0,0.90201,0.94777,0.20942,0.01875,0.10839,2.77954,32.9304,0.96607,2.32472,2.26012,0,5.4859,16.0,1,22.558,0.0,0.136,4,16.881,0.2676,1.0,1,0
task_attr_mod_color_123744,hat,6,41,0.972206,0.99205,1.0,0.961446,0,0.896,0.95494,0.20774,0.01681,0.09042,2.5091,23.37,0.93711,2.33995,2.26012,0,3.6035,16.0,1,32.0,0.2728,0.05,4,32.0,0.2316,0.4998,0,151
task_attr_mod_color_123744,hat,6,42,0.821776,0.988164,0.200836,0.816414,0,0.89249,0.93653,0.19689,0.00291,0.02109,2.95483,74.9783,0.85949,2.71776,2.26012,0,10.6688,16.0,4,22.986,1.5,0.1328,1,14.915,0.845,1.0,0,333
task_attr_mod_color_123744,hat,6,43,1000.0,0.960794,0.583475,1.0,0,0.86777,0.94136,0.20759,0.00845,0.04162,2.27936,55.4549,0.71962,2.43324,2.26012,1,17.3888,16.0,8,29.888,0.0,0.6279,8,15.313,0.0,1.0,0,0
task_attr_mod_color_123744,hat,6,44,0.862968,0.996568,1.0,0.855082,0,0.90008,0.94736,0.21064,0.01897,0.11218,2.82121,31.8809,0.95866,2.33582,2.26012,0,4.6924,16.0,4,32.0,0.0,0.05,1,29.299,0.0,1.0,1,248
task_attr_mod_color_123744,hat,6,45,0.90786,0.99835,1.0,0.896142,0,0.90169,0.95552,0.20759,0.01782,0.10303,2.69195,34.1187,1.00155,2.33704,2.26012,0,4.4739,16.0,1,32.0,0.9258,0.05,1,27.667,1.3724,1.0,1,246
task_attr_mod_color_123744,hat,6,46,0.978037,0.987887,1.0,0.971009,0,0.89224,0.93396,0.21303,0.01754,0.10256,2.48439,43.2708,0.87327,2.36486,2.26012,0,10.6408,16.0,2,32.0,0.0,0.3099,1,32.0,0.5177,1.0,0,113
task_attr_mod_color_123744,hat,7,47,0.995355,0.991441,0.916907,1.0,0,0.89545,0.94844,0.20523,0.01328,0.08059,2.40213,34.2344,1.12361,2.36849,2.26012,0,5.5986,16.0,2,32.0,1.5,0.05,1,13.904,0.4794,0.6999,0,360
task_attr_mod_color_123744,hat,7,48,0.945482,0.995959,1.0,0.931559,0,0.89953,0.92524,0.20823,0.01582,0.09853,2.5896,42.7472,1.06016,2.33467,2.26012,0,6.0709,16.0,8,20.206,0.938,0.05,16,19.753,1.2181,1.0,0,0
task_attr_mod_color_123744,hat,7,49,0.990308,1.0,0.330273,0.983359,0,0.90972,0.94721,0.1954,0.00478,0.03114,2.45319,53.3742,0.69232,2.37192,2.26012,0,10.0952,16.0,8,16.204,1.194,0.228,1,10.713,0.7817,0.6869,0,272
task_attr_mod_color_123744,hat,7,50,0.938488,0.95962,1.0,0.927395,0,0.86671,0.90726,0.21114,0.02022,0.11803,2.60123,45.0853,1.13119,2.34105,2.26012,0,7.9066,16.0,16,32.0,1.5,0.1397,2,9.63,1.5,0.97,0,351
task_attr_mod_color_123744,hat,7,51,0.893048,1.0,0.294342,0.882789,0,0.9053,0.93943,0.19746,0.00426,0.02591,2.73266,39.355,1.05659,2.44878,2.26012,0,5.1494,16.0,16,4.109,0.1208,0.05,1,6.784,0.8431,0.5039,0,276
task_attr_mod_color_123744,hat,7,52,1000.0,0.101264,1.0,0.681782,0,0.09146,0.0,0.22062,0.02103,0.06762,3.53832,134.3351,0.28634,3.25994,2.26012,1,27.0528,16.0,1,0.0,1.5,0.3031,4,17.247,1.5,1.0,0,458
task_attr_mod_color_123744,hat,7,53,0.995837,0.999723,1.0,0.992475,0,0.90293,0.9213,0.20576,0.0154,0.08565,2.43065,21.5433,0.97966,2.31576,2.26012,0,3.2462,16.0,4,32.0,1.3551,0.05,1,9.96,0.4845,0.484,1,164
task_attr_mod_color_123744,hat,7,54,0.955762,0.982229,0.708565,0.943551,0,0.88713,0.96569,0.20558,0.01026,0.05536,2.55669,35.6397,1.05095,2.3335,2.26012,0,6.3063,16.0,1,31.195,1.5,0.05,2,21.289,0.2897,0.9092,0,643
task_attr_mod_color_123744,hat,7,55,1000.0,0.714321,0.963457,0.797729,0,0.64516,0.78407,0.21102,0.01395,0.0797,3.02404,84.9648,1.42733,3.0053,2.26012,1,19.8934,16.0,8,7.798,1.2072,0.4741,1,3.743,1.5,0.9266,0,560
task_attr_mod_color_123744,hat,8,56,0.896357,0.994752,1.0,0.885328,0,0.89844,0.94368,0.20705,0.01707,0.10767,2.72483,31.8076,0.97228,2.32041,2.26012,0,4.6518,16.0,2,20.995,1.0121,0.05,1,4.797,0.5382,1.0,1,654
task_attr_mod_color_123744,hat,8,57,1000.0,0.139607,1.0,0.672461,0,0.12609,0.29238,0.24021,0.03862,0.0617,3.58737,97.5579,1.00899,2.60352,2.26012,1,24.3531,16.0,4,19.427,1.3195,0.5902,1,19.129,0.5453,1.0,0,319
task_attr_mod_color_123744,hat,8,58,0.941544,0.960584,0.760764,0.931006,0,0.86758,0.89845,0.2005,0.01102,0.04761,2.59114,53.3504,1.35429,2.50278,2.26012,0,13.2614,16.0,2,28.588,1.5,0.3764,1,5.728,0.8334,0.4529,0,274
task_attr_mod_color_123744,hat,8,59,0.975324,0.986049,0.880079,0.967869,0,0.89058,0.93843,0.20526,0.01274,0.07161,2.49245,43.017,0.88329,2.34989,2.26012,0,6.2005,16.0,4,9.081,1.5,0.05,2,14.263,0.7058,0.8965,0,550
task_attr_mod_color_123744,hat,8,60,0.995903,0.99659,0.756482,0.995235,0,0.9001,0.96872,0.19849,0.01095,0.06574,2.42391,58.3866,0.95804,2.37029,2.26012,0,8.324,16.0,16,32.0,1.2123,0.05,1,24.261,1.2734,1.0,0,369
task_attr_mod_color_123744,hat,8,61,0.956161,1.0,0.820851,0.942328,0,0.90653,0.95213,0.20402,0.01189,0.07769,2.56001,51.8112,0.76843,2.41638,2.26012,0,9.6061,16.0,4,28.657,1.2195,0.1923,1,14.338,0.9099,0.5053,0,257
task_attr_mod_color_123744,hat,8,62,0.888437,1.0,0.436977,0.878596,0,0.9119,0.92021,0.19942,0.00633,0.03988,2.7457,69.2945,0.83874,2.49409,2.26012,0,15.4813,16.0,4,10.887,1.2517,0.3379,1,10.436,0.6445,0.8614,0,38
task_attr_mod_color_123744,hat,8,63,0.979397,0.996158,1.0,0.969552,0,0.89971,0.96796,0.21151,0.01944,0.12238,2.48812,34.5679,1.02839,2.29949,2.26012,0,5.7687,16.0,8,21.639,1.2245,0.05,1,21.187,0.0,1.0,0,184
task_attr_mod_color_123744,hat,8,64,0.839157,0.98936,0.768511,0.832622,0,0.89357,0.97073,0.20339,0.01113,0.06028,2.89731,75.2442,0.78164,2.80082,2.26012,0,8.7778,16.0,4,15.281,1.5,0.05,1,21.142,0.8716,0.9658,0,495
task_attr_mod_color_123744,hat,9,65,0.955514,0.941662,0.471065,1.0,0,0.85049,0.90252,0.19979,0.00682,0.03585,2.3333,54.9855,1.04342,2.29998,2.26012,0,10.6333,16.0,4,29.076,1.4662,0.1844,1,21.883,0.8231,1.0,0,103
task_attr_mod_color_123744,hat,9,66,0.959653,0.999469,0.32947,0.94599,0,0.9027,0.92128,0.19674,0.00477,0.03177,2.55009,59.5008,0.91961,2.42785,2.26012,0,12.259,16.0,8,23.582,1.5,0.2432,2,10.708,0.8426,0.9441,0,330
task_attr_mod_color_123744,hat,9,67,0.949908,1.0,0.83484,0.935985,0,0.90667,0.9186,0.20196,0.01209,0.07461,2.57735,37.1033,0.96455,2.34424,2.26012,0,4.861,16.0,4,23.647,1.4571,0.05,1,20.737,0.9439,0.8887,1,498
task_attr_mod_color_123744,hat,9,68,0.94102,0.931177,1.0,0.957777,0,0.84102,0.95301,0.20687,0.01479,0.09661,2.51871,69.5241,1.06983,2.41909,2.26012,0,15.7202,16.0,4,17.022,1.4737,0.3485,4,12.689,1.5,0.979,0,273
task_attr_mod_color_123744,hat,9,69,0.98666,0.980225,1.0,0.995372,0,0.88532,0.93441,0.21046,0.02004,0.12657,2.42358,37.2947,1.11183,2.32468,2.26012,0,6.3975,16.0,2,23.491,1.2117,0.07,1,18.861,0.4745,0.9248,0,556
task_attr_mod_color_123744,hat,9,70,1000.0,0.848214,0.798075,0.787605,0,0.76609,0.88395,0.20771,0.01156,0.04313,3.06291,87.6972,0.70144,2.70221,2.26012,1,20.43,16.0,4,29.71,1.1855,0.4543,2,6.824,0.8756,1.0,0,545
task_attr_mod_color_123744,hat,9,71,0.743199,0.989282,0.430924,0.741467,0,0.8935,0.93865,0.19669,0.00624,0.03754,3.2535,72.0853,0.88737,2.8563,2.26012,0,9.8554,16.0,16,20.287,0.911,0.11,1,13.203,0.8125,1.0,0,352
task_attr_mod_color_123744,hat,9,72,0.762151,0.999181,0.645042,0.760162,0,0.90244,0.94649,0.20218,0.00934,0.0555,3.17349,52.8009,0.7045,2.70298,2.26012,0,6.6394,16.0,4,28.162,1.5,0.05,1,20.333,0.9457,0.8091,0,543
task_attr_mod_color_123744,hat,9,73,0.991482,0.985152,0.937319,1.0,0,0.88977,0.93657,0.19772,0.01357,0.09013,2.31762,49.0643,0.986,2.31618,2.26012,0,9.5883,16.0,8,23.59,1.5,0.1986,2,20.94,0.8504,0.6694,0,160
task_attr_mod_color_123744,hat,10,74,0.971344,0.973914,0.582836,0.969014,0,0.87962,0.9436,0.20256,0.00844,0.05172,2.4895,42.9436,0.88014,2.41376,2.26012,0,9.2406,16.0,32,25.953,0.8543,0.2341,4,12.031,0.7994,0.9427,0,364
task_attr_mod_color_123744,hat,10,75,0.87849,0.972995,0.959431,0.867118,0,0.87879,0.94093,0.20843,0.01389,0.08828,2.78205,55.0119,1.47713,2.64779,2.26012,0,10.3491,16.0,16,28.061,0.8103,0.2112,1,10.178,1.2966,0.9863,0,434
task_attr_mod_color_123744,hat,10,76,0.940737,0.989316,1.0,0.926818,0,0.89353,0.96823,0.20565,0.01564,0.08874,2.60285,47.8073,0.90044,2.40094,2.26012,0,6.8313,16.0,16,19.089,1.1943,0.05,2,18.451,1.0736,1.0,0,525
task_attr_mod_color_123744,hat,10,77,0.967016,0.95714,1.0,0.983872,0,0.86447,0.90041,0.21371,0.02252,0.12755,2.45191,41.2494,0.94278,2.34576,2.26012,0,9.4651,16.0,16,24.605,0.8074,0.2572,1,23.088,0.6651,0.766,0,582
task_attr_mod_color_123744,hat,10,78,0.971575,0.970316,1.0,0.9729,0,0.87637,0.9302,0.21357,0.01897,0.10623,2.47956,41.7728,1.20467,2.39898,2.26012,0,7.2748,16.0,16,19.531,0.7211,0.0988,1,9.842,0.6016,1.0,0,142
task_attr_mod_color_123744,hat,10,79,0.980998,0.979716,0.621319,0.98235,0,0.88486,0.92591,0.20185,0.009,0.06109,2.45571,44.6621,1.29507,2.32762,2.26012,0,7.5332,16.0,16,15.154,0.8849,0.1563,1,9.866,1.0844,0.9281,0,0
task_attr_mod_color_123744,hat,10,80,0.909433,0.978277,0.995778,0.89612,0,0.88356,0.90848,0.20471,0.01442,0.09712,2.69201,47.9268,0.82936,2.50018,2.26012,0,9.5127,16.0,16,16.867,1.0053,0.2136,1,9.624,1.0025,0.9992,0,215
task_attr_mod_color_123744,hat,10,81,0.938965,1.0,1.0,0.925272,0,0.90368,0.9309,0.20715,0.01496,0.09196,2.60719,38.5612,1.07503,2.30944,2.26012,0,6.8667,16.0,8,9.708,0.5883,0.1165,1,7.245,0.3309,1.0,0,0
task_attr_mod_color_123744,hat,10,82,0.938268,0.993789,0.329195,0.924407,0,0.89757,0.95149,0.19016,0.00477,0.03146,2.60964,58.5607,0.72155,2.51326,2.26012,0,14.1904,16.0,16,19.038,1.0477,0.4034,1,12.193,0.4586,1.0,0,609
task_attr_mod_color_123744,hat,11,83,0.909332,0.985961,0.919818,0.896522,0,0.8905,0.95613,0.2032,0.01332,0.07858,2.6908,39.0653,1.09373,2.40337,2.26012,0,6.2167,16.0,16,20.36,1.1813,0.1006,1,14.441,0.9075,0.9195,0,402
task_attr_mod_color_123744,hat,11,84,0.199833,0.199794,1.0,0.669233,0,0.18045,0.46185,0.249,0.0481,0.06612,3.60467,84.1036,0.70349,2.71846,2.26012,0,12.348,16.0,16,18.604,0.9268,0.1677,1,13.132,1.0245,1.0,0,568
task_attr_mod_color_123744,hat,11,85,0.975319,0.989515,1.0,0.966381,0,0.89371,0.95228,0.20911,0.01679,0.09716,2.49629,44.9294,1.07569,2.34692,2.26012,0,6.7883,16.0,8,20.369,0.8691,0.05,2,8.474,0.775,0.9715,0,257
task_attr_mod_color_123744,hat,11,86,0.909014,1.0,0.752952,0.897339,0,0.90632,0.94236,0.20135,0.0109,0.06322,2.68835,51.2333,0.81335,2.58164,2.26012,0,6.6544,16.0,16,22.498,0.5954,0.05,2,13.053,0.8255,0.9503,0,345
task_attr_mod_color_123744,hat,11,87,0.961233,0.966408,1.0,0.95695,0,0.87284,0.93226,0.2191,0.02575,0.12825,2.52089,48.777,1.34858,2.36365,2.26012,0,7.3743,16.0,16,12.466,0.6995,0.0634,1,13.652,0.6944,0.9963,0,407
task_attr_mod_color_123744,hat,11,88,0.923611,0.961547,1.0,0.910063,0,0.86845,0.89754,0.21218,0.01649,0.08093,2.65077,43.0453,1.13088,2.45776,2.26012,0,9.6251,16.0,16,27.85,0.9112,0.2387,1,17.915,0.7816,0.9433,0,381
task_attr_mod_color_123744,hat,11,89,0.984323,0.974844,1.0,1.0,0,0.88046,0.90429,0.20858,0.01475,0.08137,2.20644,55.9083,1.21678,2.09733,2.26012,0,7.7244,16.0,32,23.796,0.9983,0.0725,1,15.437,1.0981,0.9318,0,241
task_attr_mod_color_123744,hat,11,90,0.879755,0.988064,0.901523,0.869619,0,0.8924,0.93199,0.20393,0.01305,0.08805,2.77405,59.4734,0.93403,2.34477,2.26012,0,11.0198,16.0,32,20.852,1.069,0.2456,1,16.533,0.8112,0.9516,0,243
task_attr_mod_color_123744,hat,11,91,0.958899,0.960285,0.402598,0.957585,0,0.86731,0.90677,0.195,0.00583,0.0421,2.51922,62.9851,0.85214,2.47647,2.26012,0,14.3154,16.0,16,18.473,0.8867,0.3528,1,15.415,0.8999,1.0,0,425
task_attr_mod_color_123744,hat,12,92,0.941153,0.989803,0.992071,0.927234,0,0.89397,0.91292,0.20688,0.01437,0.09021,2.60168,58.3987,0.95793,2.39738,2.26012,0,10.6323,16.0,16,17.948,1.0793,0.2055,1,14.099,1.0324,1.0,0,631
task_attr_mod_color_123744,hat,12,93,0.879643,0.96282,0.925785,0.867325,0,0.8696,0.92514,0.20483,0.01341,0.08452,2.78138,53.9799,1.5853,2.61137,2.26012,0,9.1659,16.0,16,17.319,1.0689,0.1876,1,14.237,0.9655,1.0,0,597
task_attr_mod_color_123744,hat,12,94,0.974614,0.962599,0.202594,1.0,0,0.8694,0.9406,0.19386,0.00293,0.02122,2.35475,53.3659,1.05699,2.42708,2.26012,0,10.3294,16.0,16,21.296,0.9658,0.2632,1,11.78,1.3271,0.9691,0,607
task_attr_mod_color_123744,hat,12,95,0.928843,0.914923,1.0,0.980056,0,0.82634,0.95151,0.21349,0.02226,0.13399,2.46146,60.8041,1.09091,2.2859,2.26012,0,11.5552,16.0,8,14.128,0.988,0.2098,1,13.237,1.0023,0.9658,0,664
task_attr_mod_color_123744,hat,12,96,0.867931,0.996136,0.874839,0.859579,0,0.89969,0.9346,0.20415,0.01267,0.09261,2.80645,59.042,1.39845,2.50503,2.26012,0,9.6185,16.0,8,18.461,1.0253,0.1712,1,14.436,1.0236,0.969,0,583
task_attr_mod_color_123744,hat,12,97,0.970712,0.969696,1.0,0.971771,0,0.87581,0.92447,0.21184,0.02105,0.11132,2.48244,56.8763,1.27313,2.26662,2.26012,0,10.1706,16.0,16,16.161,0.7575,0.1616,1,16.47,1.0872,1.0,0,664
task_attr_mod_color_123744,hat,12,98,0.919869,0.988075,0.127,0.90652,0,0.89241,0.95681,0.19966,0.00184,0.01478,2.66113,62.0143,0.71965,2.616,2.26012,0,13.0266,16.0,16,14.798,0.7523,0.3327,1,14.401,0.9352,1.0,0,477
task_attr_mod_color_123744,hat,12,99,0.923914,1.0,0.628395,0.911066,0,0.91576,0.93358,0.20426,0.0091,0.06041,2.64785,54.9701,0.67555,2.47401,2.26012,0,10.6486,16.0,16,16.911,0.7061,0.2672,1,8.45,0.8997,1.0,0,538
task_attr_mod_color_123744,hat,12,100,0.964906,0.981842,1.0,0.955005,0,0.88678,0.9383,0.20882,0.01504,0.08641,2.52602,44.5673,1.0897,2.37178,2.26012,0,7.5302,16.0,16,17.161,0.8752,0.1321,1,11.379,0.7285,0.8482,0,533
task_attr_mod_color_123744,hat,13,101,0.99435,0.989747,0.847721,1.0,0,0.89392,0.9183,0.20327,0.01228,0.07154,2.38673,53.2084,0.99492,2.23031,2.26012,0,9.718,16.0,16,18.115,0.9437,0.1833,1,13.382,0.8589,0.958,0,671
task_attr_mod_color_123744,hat,13,102,0.969524,0.967913,0.100153,0.971245,0,0.8742,0.93823,0.19454,0.00145,0.00994,2.48379,74.5948,0.87826,2.34536,2.26012,0,11.0632,16.0,16,21.152,0.813,0.1713,1,13.687,1.1347,1.0,0,550
task_attr_mod_color_123744,hat,13,103,0.932221,0.982606,0.945555,0.918298,0,0.88747,0.91705,0.20859,0.01369,0.0759,2.627,47.5808,1.27421,2.39843,2.26012,0,8.1842,16.0,16,18.125,0.9882,0.136,2,9.973,0.9999,1.0,0,551
task_attr_mod_color_123744,hat,13,104,0.928774,0.986282,0.863978,0.914962,0,0.89079,0.9474,0.20224,0.01251,0.08012,2.63657,53.4301,1.32609,2.41224,2.26012,0,9.5889,16.0,16,18.365,1.0417,0.1422,1,12.085,0.9377,1.0,0,625
task_attr_mod_color_123744,hat,13,105,0.950513,0.982285,0.380733,0.937532,0,0.88718,0.94903,0.20072,0.00551,0.03444,2.5731,47.9073,1.09159,2.53386,2.26012,0,9.0869,16.0,8,18.028,0.9802,0.1691,1,16.228,1.1046,0.992,0,458
task_attr_mod_color_123744,hat,13,106,0.990302,0.99597,0.415891,0.985687,0,0.89954,0.93342,0.19772,0.00602,0.04151,2.4474,54.9133,0.84254,2.28921,2.26012,0,9.0987,16.0,8,19.604,0.9146,0.1679,1,9.373,0.9328,0.9807,0,598
task_attr_mod_color_123744,hat,13,107,0.861457,0.966762,1.0,0.851049,0,0.87316,0.93934,0.20888,0.01651,0.09143,2.83458,44.6431,1.39111,2.41527,2.26012,0,7.3951,16.0,16,18.876,0.9105,0.1003,1,12.638,1.0708,1.0,0,487
task_attr_mod_color_123744,hat,13,108,0.894234,0.97862,0.741828,0.882012,0,0.88387,0.91742,0.2053,0.01074,0.06666,2.73507,54.1176,1.06236,2.5959,2.26012,0,8.875,16.0,16,16.8,0.9749,0.1372,1,12.854,0.9554,0.9671,0,623
task_attr_mod_color_123744,hat,13,109,0.877538,1.0,0.190322,0.868679,0,0.9144,0.91736,0.19339,0.00276,0.013,2.77705,64.8454,0.78752,2.63251,2.26012,0,12.3684,16.0,8,20.407,1.0677,0.1734,1,13.619,1.3077,1.0,0,531
task_attr_mod_color_123744,hat,14,110,0.784055,1.0,0.586763,0.781332,0,0.91149,0.92802,0.19931,0.0085,0.04341,3.0875,68.4866,0.82874,2.7511,2.26012,0,11.4519,16.0,16,18.263,0.9134,0.1494,1,11.389,1.0675,0.9717,0,590
task_attr_mod_color_123744,hat,14,111,0.97851,0.9905,0.662623,0.970477,0,0.8946,0.93017,0.19994,0.0096,0.06387,2.48575,49.0727,1.13335,2.49749,2.26012,0,8.5586,16.0,16,18.977,1.0057,0.1797,1,14.447,1.1003,0.9809,0,534
task_attr_mod_color_123744,hat,14,112,0.885181,0.985817,0.832924,0.874352,0,0.89037,0.9453,0.20477,0.01206,0.06835,2.75903,52.1117,1.03585,2.53745,2.26012,0,9.6,16.0,16,19.169,0.9089,0.162,1,13.109,1.0699,0.9767,0,567
task_attr_mod_color_123744,hat,14,113,0.949572,0.979805,1.0,0.936784,0,0.88494,0.92503,0.21094,0.01703,0.08888,2.57516,50.18,0.91501,2.47227,2.26012,0,9.2533,16.0,16,20.103,0.9088,0.1398,1,12.736,1.0279,1.0,0,545
task_attr_mod_color_123744,hat,14,114,0.920758,0.98595,0.880394,0.907249,0,0.89049,0.94937,0.20457,0.01275,0.08132,2.65899,57.9075,1.24063,2.46247,2.26012,0,10.6843,16.0,16,17.055,0.9882,0.164,1,12.093,1.0542,1.0,0,608
task_attr_mod_color_123744,hat,14,115,0.987363,1.0,0.652364,0.979051,0,0.92204,0.94685,0.19985,0.00945,0.04913,2.46398,54.9749,0.77528,2.5303,2.26012,0,10.3921,16.0,16,19.957,0.9965,0.2212,1,13.574,1.0429,1.0,0,606
task_attr_mod_color_123744,hat,14,116,0.926112,0.978166,1.0,0.912198,0,0.88346,0.92434,0.20872,0.01841,0.12113,2.64456,59.0797,0.89819,2.47368,2.26012,0,10.9335,16.0,8,18.374,0.9767,0.179,1,12.498,0.8462,0.9392,0,530
task_attr_mod_color_123744,hat,14,117,0.858405,0.996689,0.69236,0.850913,0,0.90019,0.9306,0.20147,0.01003,0.05915,2.83503,66.1512,1.13654,2.38093,2.26012,0,10.6247,16.0,16,19.855,0.9412,0.2033,1,13.073,1.009,1.0,0,561
task_attr_mod_color_123744,hat,14,118,0.933951,0.98544,1.0,0.920033,0,0.89003,0.93598,0.21125,0.01747,0.07966,2.62204,51.0649,1.35738,2.53712,2.26012,0,9.7037,16.0,16,19.613,0.8769,0.1773,1,13.497,0.8508,0.9869,0,536
task_attr_mod_color_123744,hat,15,119,0.786253,0.992427,0.590243,0.783118,0,0.89634,0.93952,0.2012,0.00855,0.03684,3.08046,66.4277,0.65732,2.76875,2.26012,0,9.7939,16.0,16,17.594,0.9731,0.1419,1,12.899,1.0338,0.98,0,543
task_attr_mod_color_123744,hat,15,120,0.921331,1.0,0.672212,0.908669,0,0.90538,0.93381,0.20276,0.00973,0.06008,2.65483,59.7995,1.25741,2.55562,2.26012,0,10.1265,16.0,16,19.049,0.9316,0.2003,1,12.836,1.0072,0.9789,0,569
task_attr_mod_color_123744,hat,15,121,0.9842,0.977491,0.909796,0.993426,0,0.88285,0.9481,0.20399,0.01317,0.07471,2.42833,53.9441,1.14468,2.30301,2.26012,0,9.5672,16.0,8,18.829,1.0077,0.1468,1,13.405,0.9917,0.9986,0,533
task_attr_mod_color_123744,hat,15,122,0.968838,0.977336,0.471688,0.962519,0,0.88271,0.94201,0.19803,0.00683,0.04793,2.5063,61.1144,1.37068,2.3242,2.26012,0,11.5756,16.0,16,17.533,0.9822,0.2287,1,13.548,1.0879,1.0,0,555
task_attr_mod_color_123744,hat,15,123,0.960661,0.980945,1.0,0.949784,0,0.88597,0.95087,0.20864,0.01499,0.08533,2.53991,51.4414,1.17777,2.34264,2.26012,0,8.6185,16.0,16,18.83,0.9698,0.1453,1,13.238,1.0503,0.937,0,533
task_attr_mod_color_123744,hat,15,124,0.881259,0.993257,0.333629,0.871458,0,0.89709,0.94899,0.19679,0.00483,0.02855,2.76819,59.373,0.77702,2.72855,2.26012,0,11.0875,16.0,16,19.996,1.0395,0.1596,1,12.476,0.9981,1.0,0,574
task_attr_mod_color_123744,hat,15,125,0.879146,0.979915,1.0,0.868329,0,0.88504,0.93299,0.20961,0.0173,0.07978,2.77817,51.8628,1.46453,2.58776,2.26012,0,9.0682,16.0,16,18.197,0.914,0.1344,1,13.031,1.0128,1.0,0,536
task_attr_mod_color_123744,hat,15,126,0.873171,0.978731,0.660787,0.862786,0,0.88397,0.97333,0.20179,0.00957,0.06478,2.79602,53.7634,1.3139,2.64498,2.26012,0,9.7055,16.0,8,17.722,0.8476,0.1631,1,12.619,1.0908,0.9694,0,585
task_attr_mod_color_123744,hat,15,127,0.91709,1.0,0.669461,0.904751,0,0.91979,0.93907,0.20247,0.00969,0.06472,2.66633,56.1943,0.89289,2.36705,2.26012,0,10.8782,16.0,16,17.958,0.9225,0.2238,1,14.203,1.0793,1.0,0,521
task_attr_mod_color_123744,hat,16,128,0.86217,0.977391,1.0,0.852661,0,0.88276,0.9364,0.21409,0.02188,0.09936,2.82922,47.8931,1.53937,2.66754,2.26012,0,7.8001,16.0,16,19.939,0.955,0.1323,1,12.719,0.9859,0.994,0,572
task_attr_mod_color_123744,hat,16,129,0.92296,0.997963,0.686621,0.910037,0,0.90134,0.93467,0.20286,0.00994,0.06043,2.65084,60.3223,1.2769,2.54902,2.26012,0,9.9773,16.0,16,18.206,0.9324,0.1879,1,14.418,1.0337,1.0,0,569
task_attr_mod_color_123744,hat,16,130,0.89192,0.985252,1.0,0.880446,0,0.88986,0.92278,0.21161,0.01873,0.09599,2.73993,54.8574,1.70863,2.69148,2.26012,0,8.6089,16.0,16,19.446,0.9246,0.138,1,13.461,1.0287,1.0,0,559
task_attr_mod_color_123744,hat,16,131,0.947426,0.955856,1.0,0.941145,0,0.86331,0.90707,0.21261,0.02007,0.11789,2.56322,54.3214,1.07674,2.43842,2.26012,0,9.6281,16.0,16,18.654,0.9839,0.1318,1,11.187,1.0265,0.9931,0,562
task_attr_mod_color_123744,hat,16,132,0.911778,0.971534,0.919721,0.898038,0,0.87747,0.90548,0.20629,0.01332,0.08117,2.68626,44.7865,1.32107,2.54473,2.26012,0,8.3336,16.0,16,17.662,0.9135,0.1613,1,12.827,1.0514,1.0,0,584
task_attr_mod_color_123744,hat,16,133,0.891954,1.0,0.835429,0.881794,0,0.91024,0.93626,0.20799,0.0121,0.068,2.73574,45.5951,0.98988,2.4551,2.26012,0,8.0812,16.0,16,18.473,0.847,0.1793,1,14.339,0.9792,0.9921,0,553
task_attr_mod_color_123744,hat,16,134,0.925744,0.991032,0.809868,0.91224,0,0.89508,0.94602,0.20494,0.01173,0.07897,2.64444,51.0246,1.07497,2.54505,2.26012,0,10.3094,16.0,16,18.674,0.9471,0.1985,1,13.42,1.0232,0.9773,0,593
task_attr_mod_color_123744,hat,16,135,0.955761,0.971755,0.829346,0.946173,0,0.87767,0.93844,0.20646,0.01201,0.07378,2.5496,53.2879,0.91756,2.41576,2.26012,0,10.2995,16.0,16,17.264,0.9448,0.1712,1,13.092,1.0195,1.0,0,579
task_attr_mod_color_123744,hat,16,136,0.93219,0.997254,0.788571,0.918675,0,0.9007,0.95274,0.20548,0.01142,0.07255,2.62592,51.7444,1.17706,2.48451,2.26012,0,8.3679,16.0,16,18.587,0.9399,0.1767,1,13.226,1.0394,0.9976,0,586
task_attr_mod_color_123744,hat,17,137,0.968938,0.96716,1.0,0.970852,0,0.87352,0.94253,0.21715,0.01988,0.09124,2.48479,48.1747,1.21435,2.32557,2.26012,0,8.696,16.0,16,18.576,0.948,0.1517,1,12.927,1.0249,1.0,0,565
task_attr_mod_color_123744,hat,17,138,0.967175,0.990312,0.834294,0.955616,0,0.89443,0.96117,0.20498,0.01208,0.08059,2.52441,60.0863,0.99785,2.38444,2.26012,0,10.0964,16.0,16,18.459,0.9715,0.1854,1,12.136,1.0127,0.9862,0,548
task_attr_mod_color_123744,hat,17,139,0.808792,1.0,0.56571,0.804927,0,0.91064,0.93099,0.19771,0.00819,0.05661,2.997,89.8642,0.89852,2.68407,2.26012,0,13.065,16.0,16,19.917,0.9155,0.1745,1,12.269,1.0199,0.9977,0,599
task_attr_mod_color_123744,hat,17,140,0.927472,0.987821,0.650948,0.913753,0,0.89218,0.93225,0.20313,0.00943,0.04567,2.64006,53.0713,0.97891,2.40594,2.26012,0,9.4892,16.0,16,19.436,0.905,0.1624,1,13.065,1.0442,1.0,0,570
task_attr_mod_color_123744,hat,17,141,0.811602,1.0,0.57785,0.807586,0,0.9091,0.92553,0.19786,0.00837,0.05809,2.98713,89.7441,0.89517,2.66952,2.26012,0,13.0747,16.0,16,19.807,0.9205,0.1758,1,13.031,1.0182,0.9955,0,599
task_attr_mod_color_123744,hat,17,142,0.93897,0.974213,1.0,0.925632,0,0.87989,0.91746,0.21356,0.01916,0.12645,2.60618,55.5733,1.3788,2.44362,2.26012,0,10.2212,16.0,16,19.437,0.9413,0.1929,1,13.382,0.9973,1.0,0,573
task_attr_mod_color_123744,hat,17,143,0.881338,0.957074,0.914083,0.868466,0,0.86441,0.94932,0.20298,0.01324,0.08412,2.77773,57.2338,1.11146,2.55575,2.26012,0,10.3499,16.0,16,18.544,0.922,0.171,1,12.988,1.0442,0.9563,0,532
task_attr_mod_color_123744,hat,17,144,0.08064,0.080626,1.0,0.60909,0,0.07282,0.5526,0.2575,0.06903,0.09505,3.9606,82.8813,0.85345,2.96076,2.26012,0,13.3651,16.0,16,19.174,0.9321,0.1538,1,12.647,1.0805,1.0,0,552
task_attr_mod_color_123744,hat,17,145,0.045644,0.045639,1.0,0.62661,0,0.04122,0.56129,0.25345,0.052,0.07565,3.84987,84.1615,0.69193,2.74777,2.26012,0,12.6915,16.0,16,19.294,0.9422,0.1852,1,13.146,1.0268,1.0,0,568
task_attr_mod_color_123744,hat,18,146,0.88819,0.968201,1.0,0.875628,0,0.87446,0.94227,0.21216,0.02012,0.09248,2.75501,50.4256,1.47725,2.69841,2.26012,0,9.3347,16.0,16,18.312,0.9924,0.2037,1,13.934,1.0106,1.0,0,572
task_attr_mod_color_123744,hat,18,147,0.93251,0.976926,1.0,0.91866,0,0.88234,0.95374,0.21075,0.01675,0.10134,2.62596,53.8568,1.38947,2.43211,2.26012,0,9.1441,16.0,16,19.558,0.9058,0.1409,1,13.665,0.9644,1.0,0,573
task_attr_mod_color_123744,hat,18,148,0.94317,0.975199,0.639906,0.930159,0,0.88078,0.911,0.20175,0.00927,0.05412,2.5935,66.6705,0.81454,2.45277,2.26012,0,10.5113,16.0,16,19.805,0.9193,0.1885,1,13.187,1.0643,1.0,0,596
task_attr_mod_color_123744,hat,18,149,0.916123,0.994874,0.688249,0.903467,0,0.89855,0.93965,0.2028,0.00997,0.06049,2.67012,60.1129,1.27864,2.54292,2.26012,0,9.9244,16.0,16,20.267,0.9766,0.1857,1,13.478,1.0294,1.0,0,569
task_attr_mod_color_123744,hat,18,150,0.839595,0.997487,0.582041,0.833636,0,0.90091,0.94441,0.20226,0.00843,0.04644,2.89379,56.2485,0.74203,2.65276,2.26012,0,10.7752,16.0,16,18.41,0.9447,0.1842,1,14.184,0.967,0.9999,0,531
task_attr_mod_color_123744,hat,18,151,0.829485,0.988773,0.0,0.823627,0,0.89304,0.95576,0.19451,-0.00387,-0.02676,2.92895,78.4662,0.71163,3.05632,2.26012,0,13.2884,16.0,16,18.582,0.9979,0.2407,1,12.367,0.9416,0.986,0,539
task_attr_mod_color_123744,hat,18,152,0.884239,0.99391,0.892946,0.874227,0,0.89768,0.91638,0.20511,0.01293,0.07463,2.75943,52.1352,0.99653,2.54851,2.26012,0,10.6108,16.0,16,19.4,0.9261,0.2198,1,12.379,0.9828,1.0,0,567
task_attr_mod_color_123744,hat,18,153,0.978533,0.972663,0.885799,0.986233,0,0.87849,0.92959,0.20616,0.01283,0.08015,2.44604,53.5162,1.1717,2.36074,2.26012,0,9.5073,16.0,16,20.265,0.9854,0.1811,1,13.133,1.046,1.0,0,533
task_attr_mod_color_123744,hat,18,154,0.90123,0.995682,0.636209,0.889854,0,0.89928,0.94872,0.20466,0.00921,0.03812,2.71097,59.6982,0.82158,2.5445,2.26012,0,10.1608,16.0,16,19.31,0.8717,0.1674,1,13.324,1.0615,0.9873,0,603
task_attr_mod_color_123744,hat,19,155,0.969949,0.957185,0.565352,1.0,0,0.86451,0.9328,0.20106,0.00819,0.04898,2.31483,55.5189,0.99962,2.24123,2.26012,0,9.5328,16.0,16,19.872,0.9608,0.1791,1,13.15,1.0232,0.9766,0,594
task_attr_mod_color_123744,hat,19,156,0.932414,0.971689,1.0,0.918782,0,0.87761,0.94017,0.21077,0.01846,0.09764,2.62561,51.3767,1.46419,2.54361,2.26012,0,9.5321,16.0,16,18.794,0.9161,0.1832,1,14.235,0.9786,0.9959,0,576
task_attr_mod_color_123744,hat,19,157,0.919115,0.962134,0.449328,0.905309,0,0.86898,0.94425,0.19932,0.00651,0.04668,2.66469,50.1607,0.82092,2.47051,2.26012,0,9.6402,16.0,16,19.895,0.9293,0.2205,1,13.788,1.0047,1.0,0,546
task_attr_mod_color_123744,hat,19,158,0.961009,0.995051,1.0,0.947783,0,0.89871,0.92724,0.21429,0.02163,0.09329,2.54527,48.4428,1.32835,2.38715,2.26012,0,9.1564,16.0,16,18.854,0.9858,0.1756,1,13.073,0.9702,1.0,0,578
task_attr_mod_color_123744,hat,19,159,0.787749,0.988851,0.543889,0.784381,0,0.89311,0.93841,0.20061,0.00788,0.03303,3.0755,67.0889,0.63345,2.75801,2.26012,0,10.6452,16.0,16,20.024,0.8935,0.1832,1,14.081,1.0334,1.0,0,543
task_attr_mod_color_123744,hat,19,160,0.968748,0.964559,1.0,0.973785,0,0.87117,0.95192,0.21687,0.01894,0.0893,2.47731,48.8225,1.18556,2.35169,2.26012,0,9.3995,16.0,16,18.783,0.9434,0.1885,1,12.272,1.0079,0.9964,0,565
task_attr_mod_color_123744,hat,19,161,0.879804,1.0,0.701207,0.870743,0,0.90539,0.94293,0.20377,0.01015,0.06558,2.77047,48.5809,1.01813,2.39366,2.26012,0,9.5227,16.0,16,20.013,0.9603,0.1863,1,13.522,1.0743,1.0,0,554
task_attr_mod_color_123744,hat,19,162,0.926291,0.971213,1.0,0.912428,0,0.87718,0.91961,0.21011,0.01853,0.09909,2.6439,52.7802,1.47849,2.57841,2.26012,0,10.0704,16.0,16,19.317,0.9544,0.2035,1,12.667,1.0309,1.0,0,576
task_attr_mod_color_123744,hat,19,163,0.987379,0.979074,1.0,1.0,0,0.88428,0.96065,0.209,0.01735,0.10614,2.38214,47.4395,0.81233,2.40966,2.26012,0,8.859,16.0,16,18.462,0.9267,0.1839,1,12.415,1.0206,0.9721,0,558
task_attr_mod_color_123744,hat,20,164,0.872177,0.968699,0.743841,0.860982,0,0.87491,0.93455,0.20168,0.01077,0.06481,2.80188,59.4055,1.37926,2.48557,2.26012,0,10.0986,16.0,16,18.984,0.933,0.1908,1,13.688,1.0102,0.9849,0,583
task_attr_mod_color_123744,hat,20,165,0.941625,0.942747,1.0,0.940552,0,0.85147,0.94658,0.21186,0.01508,0.07202,2.56484,46.4173,1.33018,2.51719,2.26012,0,8.7033,16.0,16,18.826,0.9074,0.1732,1,12.846,1.0101,1.0,0,575
task_attr_mod_color_123744,hat,20,166,0.886287,0.983237,0.880151,0.87513,0,0.88804,0.94071,0.20514,0.01274,0.07209,2.75658,52.116,1.02396,2.53451,2.26012,0,9.9485,16.0,16,19.252,0.9603,0.1797,1,13.237,1.0254,1.0,0,567
task_attr_mod_color_123744,hat,20,167,0.919409,1.0,1.0,0.906891,0,0.91414,0.94275,0.20711,0.0161,0.07511,2.66004,63.4408,0.77132,2.37145,2.26012,0,10.4326,16.0,16,19.921,0.8713,0.1797,1,12.902,1.0154,1.0,0,563
task_attr_mod_color_123744,hat,20,168,0.940098,0.97686,1.0,0.926635,0,0.88228,0.96067,0.21235,0.01797,0.11806,2.60336,55.7416,1.39703,2.43431,2.26012,0,10.0949,16.0,16,19.592,0.9581,0.1843,1,13.386,1.0316,1.0,0,573
task_attr_mod_color_123744,hat,20,169,0.917982,0.983591,1.0,0.904494,0,0.88836,0.93141,0.21325,0.0236,0.11661,2.66709,50.4198,1.3943,2.47996,2.26012,0,9.773,16.0,16,19.598,0.9126,0.1959,1,13.138,1.0405,1.0,0,560
task_attr_mod_color_123744,hat,20,170,0.974902,0.962942,0.150964,1.0,0,0.86971,0.9587,0.19381,0.00219,0.01557,2.38386,70.4259,0.82073,2.41384,2.26012,0,11.1042,16.0,16,19.089,0.9379,0.1924,1,13.264,0.9995,0.9974,0,550
task_attr_mod_color_123744,hat,20,171,0.926239,1.0,0.237467,0.913232,0,0.91211,0.94969,0.19339,0.00344,0.01951,2.64157,61.6052,0.91612,2.44478,2.26012,0,11.1303,16.0,16,19.32,0.9138,0.1867,1,14.085,0.9897,1.0,0,541
task_attr_mod_color_123744,hat,20,172,0.974839,0.983923,1.0,0.968206,0,0.88866,0.94611,0.21379,0.01792,0.10706,2.49158,57.463,0.98107,2.26777,2.26012,0,9.9083,16.0,16,18.905,0.9559,0.1997,1,13.823,1.0494,0.9852,0,566
task_attr_mod_color_123744,hat,21,173,0.990724,0.98399,1.0,1.0,0,0.88872,0.95203,0.20886,0.01688,0.10386,2.40035,47.3753,0.81561,2.38068,2.26012,0,8.6929,16.0,16,19.368,0.9191,0.1748,1,13.252,1.0323,0.9828,0,558
task_attr_mod_color_123744,hat,21,174,0.909359,0.984145,1.0,0.896421,0,0.88886,0.92818,0.21132,0.02103,0.10935,2.69111,49.1153,1.40486,2.47813,2.26012,0,8.942,16.0,16,18.982,0.9168,0.1561,1,13.252,1.01,1.0,0,560
task_attr_mod_color_123744,hat,21,175,0.974922,0.965367,1.0,0.990817,0,0.8719,0.90692,0.21055,0.0205,0.11967,2.43472,46.4151,1.05344,2.23357,2.26012,0,9.1644,16.0,16,18.765,0.9349,0.1774,1,13.748,1.0319,0.9955,0,582
task_attr_mod_color_123744,hat,21,176,0.930241,0.980214,1.0,0.916318,0,0.88531,0.95751,0.21113,0.01727,0.09238,2.63267,51.0177,0.88312,2.4622,2.26012,0,10.3076,16.0,16,19.547,0.9296,0.1939,1,14.028,1.0272,0.9857,0,545
task_attr_mod_color_123744,hat,21,177,0.98594,0.981233,1.0,0.991748,0,0.88623,0.97083,0.21344,0.01656,0.09758,2.43244,56.8503,0.99072,2.26893,2.26012,0,9.6232,16.0,16,18.882,0.9351,0.1828,1,13.52,1.0326,1.0,0,566
task_attr_mod_color_123744,hat,21,178,0.907051,0.962521,1.0,0.893188,0,0.86933,0.94629,0.21797,0.022,0.10816,2.70085,58.0828,1.11499,2.47993,2.26012,0,10.7288,16.0,16,18.628,0.9782,0.1906,1,13.249,1.0308,0.9981,0,564
task_attr_mod_color_123744,hat,21,179,0.976227,0.979251,0.332568,0.97353,0,0.88444,0.95861,0.19771,0.00482,0.03537,2.47796,58.9059,1.34134,2.32911,2.26012,0,10.6231,16.0,16,18.794,0.9372,0.1952,1,13.012,0.9948,1.0,0,555
task_attr_mod_color_123744,hat,21,180,0.896276,0.978454,1.0,0.88388,0,0.88372,0.9375,0.21659,0.02101,0.106,2.72929,57.1234,1.12546,2.47548,2.26012,0,10.2277,16.0,16,20.224,0.9273,0.1709,1,13.5,1.0326,0.997,0,564
task_attr_mod_color_123744,hat,21,181,0.887547,0.999823,0.877955,0.877771,0,0.90302,0.94487,0.20642,0.01271,0.07281,2.74828,58.7664,0.90598,2.57926,2.26012,0,11.37,16.0,16,19.955,0.9694,0.1689,1,12.843,1.0186,1.0,0,581
task_attr_mod_color_123744,hat,22,182,0.980174,0.969419,0.640687,1.0,0,0.87556,0.92332,0.20207,0.00928,0.05719,2.37713,49.2261,1.14199,2.34621,2.26012,0,8.6921,16.0,16,19.502,0.9497,0.1809,1,13.408,1.0305,1.0,0,577
task_attr_mod_color_123744,hat,22,183,0.922094,0.990511,1.0,0.908757,0,0.89461,0.83281,0.21081,0.0178,0.09767,2.65458,56.2515,1.66559,2.64942,2.26012,0,9.5205,16.0,16,19.818,0.9484,0.1752,1,13.384,1.0367,0.9976,0,559
task_attr_mod_color_123744,hat,22,184,0.959057,0.98182,0.624207,0.94758,0,0.88676,0.89782,0.20278,0.00904,0.04419,2.54582,52.5626,0.9542,2.4006,2.26012,0,9.9482,16.0,16,19.359,0.9249,0.194,1,12.973,1.0067,0.9742,0,570
task_attr_mod_color_123744,hat,22,185,0.937815,0.973571,0.684676,0.924432,0,0.87931,0.94712,0.20304,0.00991,0.06331,2.60957,59.2176,1.36943,2.30801,2.26012,0,10.5234,16.0,16,19.389,0.9439,0.1842,1,13.246,1.0286,0.9996,0,555
task_attr_mod_color_123744,hat,22,186,0.978376,0.985606,1.0,0.972781,0,0.89018,0.95115,0.21371,0.01686,0.0991,2.47986,56.5319,0.98717,2.26862,2.26012,0,9.5574,16.0,16,19.212,0.9605,0.1825,1,12.7,1.0151,0.9905,0,566
task_attr_mod_color_123744,hat,22,187,0.903682,0.96509,1.0,0.890004,0,0.87165,0.95159,0.22117,0.02511,0.11821,2.71051,58.3282,1.11559,2.48091,2.26012,0,10.835,16.0,16,19.261,0.9446,0.1964,1,13.022,1.048,1.0,0,564
task_attr_mod_color_123744,hat,22,188,0.971729,0.970881,1.0,0.972607,0,0.87688,0.94328,0.21695,0.01921,0.08912,2.48031,49.2146,1.20015,2.34713,2.26012,0,9.3991,16.0,16,18.359,0.9421,0.1851,1,13.527,1.0493,1.0,0,565
task_attr_mod_color_123744,hat,22,189,0.972467,0.9624,1.0,0.989924,0,0.86922,0.94974,0.21008,0.02021,0.11844,2.43692,46.7715,1.05521,2.25385,2.26012,0,9.2491,16.0,16,19.215,0.9612,0.1796,1,13.421,1.0469,1.0,0,582
task_attr_mod_color_123744,hat,22,190,0.976295,0.964614,0.15188,1.0,0,0.87122,0.95952,0.19401,0.0022,0.0158,2.39529,70.4845,0.82865,2.38458,2.26012,0,10.9278,16.0,16,18.984,0.9406,0.1821,1,13.586,1.0079,0.9931,0,550
task_attr_mod_color_123744,hat,23,191,0.97369,0.967936,1.0,0.981191,0,0.87422,0.93574,0.21646,0.01868,0.08628,2.45861,48.8304,1.19624,2.34348,2.26012,0,9.2698,16.0,16,19.085,0.9585,0.1808,1,12.994,1.0326,0.9947,0,565
task_attr_mod_color_123744,hat,23,192,0.871838,0.97542,1.0,0.861274,0,0.88098,0.93973,0.21173,0.01982,0.09096,2.80093,49.9758,1.51214,2.72966,2.26012,0,8.9219,16.0,16,19.284,0.9416,0.1866,1,13.245,1.0374,1.0,0,572
task_attr_mod_color_123744,hat,23,193,0.838315,0.989991,0.362525,0.831893,0,0.89414,0.94369,0.19741,0.00525,0.02947,2.89985,60.3603,0.76629,2.72003,2.26012,0,11.6188,16.0,16,19.198,0.9418,0.1834,1,13.043,1.0286,1.0,0,574
task_attr_mod_color_123744,hat,23,194,0.889109,1.0,0.686902,0.879207,0,0.90443,0.93206,0.20131,0.00995,0.05874,2.74379,66.6501,1.14694,2.38823,2.26012,0,10.5977,16.0,16,19.337,0.9503,0.1993,1,13.164,1.0226,1.0,0,561
task_attr_mod_color_123744,hat,23,195,0.992793,0.987212,1.0,1.0,0,0.89163,0.95224,0.20905,0.01717,0.10725,2.40248,47.5641,0.81471,2.39911,2.26012,0,8.8156,16.0,16,19.334,0.9334,0.1794,1,13.385,1.0191,0.991,0,558
task_attr_mod_color_123744,hat,23,196,0.894462,0.995627,1.0,0.883681,0,0.89923,0.95562,0.20782,0.0176,0.10887,2.7299,47.2174,0.99828,2.42415,2.26012,0,9.292,16.0,16,19.318,0.944,0.1898,1,13.195,1.0264,0.999,0,556
task_attr_mod_color_123744,hat,23,197,0.01453,0.014526,1.0,0.613823,0,0.01312,0.58926,0.25529,0.06701,0.10474,3.93007,80.7183,0.80398,3.04624,2.26012,0,13.5912,16.0,16,19.228,0.9278,0.189,1,12.819,1.0337,1.0,0,552
task_attr_mod_color_123744,hat,23,198,0.926475,0.975564,1.0,0.912554,0,0.88111,0.90749,0.21065,0.01872,0.10014,2.64353,52.2466,1.48291,2.58011,2.26012,0,9.8206,16.0,16,19.583,0.942,0.1941,1,13.022,1.0278,1.0,0,576
task_attr_mod_color_123744,hat,23,199,0.892767,0.972973,1.0,0.880219,0,0.87877,0.94753,0.21653,0.0208,0.10342,2.74064,57.4301,1.12094,2.46949,2.26012,0,10.4049,16.0,16,19.465,0.9405,0.1782,1,13.047,1.0263,1.0,0,564
task_attr_mod_color_123744,hat,24,200,0.834482,1.0,0.182082,0.829061,0,0.91427,0.96636,0.19529,0.00264,0.01432,2.90976,71.0736,0.74824,2.79961,2.26012,0,11.9699,16.0,16,19.0,0.9281,0.1947,1,12.805,1.036,1.0,0,551
task_attr_mod_color_123744,hat,24,201,0.793818,0.993301,0.404028,0.790372,0,0.89713,0.90519,0.19802,0.00585,0.03884,3.05219,77.0025,0.68693,3.07897,2.26012,0,11.7879,16.0,16,19.072,0.9229,0.1856,1,12.62,1.0395,1.0,0,547
task_attr_mod_color_123744,hat,24,202,0.823815,1.0,0.170758,0.819088,0,0.91209,0.96987,0.19527,0.00247,0.01318,2.94518,70.9463,0.74945,2.78339,2.26012,0,11.848,16.0,16,19.226,0.9253,0.1898,1,12.925,1.0322,1.0,0,551
task_attr_mod_color_123744,hat,24,203,0.84293,1.0,0.165922,0.836911,0,0.91168,0.95947,0.19524,0.0024,0.0132,2.88246,70.9934,0.75097,2.80997,2.26012,0,11.8419,16.0,16,19.277,0.9214,0.1888,1,12.742,1.0386,0.9969,0,551
task_attr_mod_color_123744,hat,24,204,0.876031,1.0,0.821159,0.867306,0,0.9096,0.93442,0.20777,0.01189,0.07104,2.78145,47.0399,0.98021,2.47676,2.26012,0,8.5186,16.0,16,19.595,0.9257,0.1964,1,12.882,1.0404,0.9934,0,553
task_attr_mod_color_123744,hat,24,205,0.963078,0.994852,0.832398,0.950096,0,0.89853,0.94094,0.20487,0.01205,0.07952,2.53907,60.6993,0.99338,2.39476,2.26012,0,10.3796,16.0,16,19.197,0.9262,0.1988,1,12.584,1.0225,1.0,0,548
task_attr_mod_color_123744,hat,24,206,0.971844,0.959355,0.147489,1.0,0,0.86647,0.95558,0.19379,0.00214,0.01532,2.37938,70.9588,0.82401,2.40996,2.26012,0,11.1696,16.0,16,18.955,0.9191,0.1936,1,12.663,1.0155,0.9976,0,550
task_attr_mod_color_123744,hat,24,207,0.935012,0.961049,0.258851,0.922877,0,0.868,0.96684,0.20319,0.00375,0.02042,2.61396,49.5768,0.90958,2.53753,2.26012,0,9.8528,16.0,16,19.547,0.9248,0.18,1,12.832,1.0319,0.9975,0,557
task_attr_mod_color_123744,hat,24,208,0.975976,0.984289,1.0,0.96976,0,0.88899,0.94662,0.21356,0.01655,0.09739,2.48759,56.9386,0.9873,2.26247,2.26012,0,9.7019,16.0,16,19.296,0.9266,0.1885,1,12.837,1.0433,0.9927,0,566
task_attr_mod_color_123744,hat,25,209,0.934958,0.949789,0.478206,0.925782,0,0.85783,0.96187,0.20529,0.00692,0.03539,2.60576,49.9767,0.90121,2.52284,2.26012,0,10.1384,16.0,16,19.192,0.9259,0.1932,1,12.732,1.0341,0.9954,0,557
task_attr_mod_color_123744,hat,25,210,0.900316,1.0,0.678431,0.889402,0,0.90614,0.94162,0.20347,0.00982,0.0646,2.71235,48.3902,1.01294,2.40596,2.26012,0,9.5653,16.0,16,19.52,0.9341,0.1914,1,12.862,1.0416,0.9962,0,554
task_attr_mod_color_123744,hat,25,211,0.101374,0.101353,1.0,0.605296,0,0.09154,0.60808,0.2536,0.06529,0.10537,3.98543,80.7163,0.80387,3.06453,2.26012,0,13.5811,16.0,16,19.14,0.9251,0.1887,1,13.013,1.0331,1.0,0,552
task_attr_mod_color_123744,hat,25,212,0.920548,0.982916,1.0,0.906909,0,0.88775,0.9269,0.21084,0.01695,0.09103,2.65998,51.4617,0.88618,2.46549,2.26012,0,10.3541,16.0,16,19.043,0.9265,0.1928,1,12.939,1.0295,1.0,0,545
task_attr_mod_color_123744,hat,25,213,0.796907,0.947596,1.0,0.790409,0,0.85585,0.88103,0.20929,0.01469,0.07963,3.05204,53.3017,1.63666,2.8629,2.26012,0,9.6627,16.0,16,19.148,0.9287,0.1825,1,12.686,1.0318,1.0,0,549
task_attr_mod_color_123744,hat,25,214,0.97881,0.99236,0.784364,0.970124,0,0.89628,0.95495,0.20449,0.01136,0.07894,2.48666,60.5334,1.00088,2.36698,2.26012,0,10.1706,16.0,16,19.115,0.9371,0.187,1,12.96,1.027,1.0,0,548
task_attr_mod_color_123744,hat,25,215,0.977221,0.968002,0.468115,0.992169,0,0.87428,0.94385,0.19831,0.00678,0.05046,2.4314,58.8831,1.34985,2.35523,2.26012,0,11.1714,16.0,16,19.172,0.9293,0.1901,1,12.805,1.0395,0.9974,0,544
task_attr_mod_color_123744,hat,25,216,0.990101,0.983049,1.0,1.0,0,0.88787,0.95155,0.2099,0.01811,0.10894,2.3856,48.2277,0.81046,2.39785,2.26012,0,9.0472,16.0,16,18.98,0.9293,0.1883,1,12.666,1.03,1.0,0,558
task_attr_mod_color_123744,hat,25,217,0.881266,1.0,0.816794,0.872074,0,0.91032,0.92143,0.20762,0.01183,0.06969,2.76624,46.8442,0.98658,2.48385,2.26012,0,8.3593,16.0,16,18.993,0.9334,0.1879,1,12.753,1.0423,0.9957,0,553
task_attr_mod_color_123744,hat,26,218,0.132884,0.132842,1.0,0.598559,0,0.11998,0.5561,0.2538,0.06544,0.10671,4.03029,80.7573,0.80896,3.02025,2.26012,0,13.5024,16.0,16,19.327,0.9254,0.1827,1,12.899,1.0363,1.0,0,552
task_attr_mod_color_123744,hat,26,219,0.903815,1.0,0.789287,0.892591,0,0.90678,0.93879,0.20724,0.01143,0.06888,2.70265,46.9769,0.98521,2.48107,2.26012,0,8.4148,16.0,16,19.141,0.9304,0.1903,1,12.787,1.04,0.9995,0,553
task_attr_mod_color_123744,hat,26,220,0.878,1.0,0.831417,0.8691,0,0.90679,0.93881,0.20786,0.01204,0.07096,2.7757,46.8156,0.98412,2.46515,2.26012,0,8.4116,16.0,16,19.317,0.9315,0.1907,1,12.785,1.0291,0.9973,0,553
task_attr_mod_color_123744,hat,26,221,0.852241,1.0,0.152953,0.845516,0,0.91217,0.96973,0.19497,0.00221,0.0119,2.85313,70.8295,0.74773,2.79861,2.26012,0,11.869,16.0,16,19.173,0.9281,0.1916,1,12.792,1.0295,1.0,0,551
task_attr_mod_color_123744,hat,26,222,0.969769,0.978244,0.375091,0.963463,0,0.88353,0.95976,0.19858,0.00543,0.03983,2.50385,59.3193,1.3679,2.31317,2.26012,0,10.5681,16.0,16,19.244,0.9235,0.1869,1,12.802,1.0319,0.9984,0,555
task_attr_mod_color_123744,hat,26,223,0.931889,0.965455,0.426158,0.91871,0,0.87198,0.9658,0.19939,0.00617,0.04327,2.62582,49.5717,0.83007,2.46911,2.26012,0,9.0526,16.0,16,19.462,0.931,0.1915,1,12.834,1.0371,1.0,0,546
task_attr_mod_color_123744,hat,26,224,0.895077,1.0,0.810642,0.884634,0,0.90998,0.93553,0.20754,0.01174,0.06907,2.72696,46.6598,0.98621,2.46631,2.26012,0,8.3376,16.0,16,19.118,0.9266,0.1875,1,12.93,1.0301,0.9953,0,553
task_attr_mod_color_123744,hat,26,225,0.882934,1.0,0.847265,0.873592,0,0.91182,0.96886,0.20802,0.01227,0.07142,2.76143,46.4896,0.98935,2.48569,2.26012,0,8.2354,16.0,16,19.313,0.9284,0.1829,1,12.916,1.0351,0.9946,0,553
task_attr_mod_color_123744,hat,26,226,0.980209,0.969463,0.150218,1.0,0,0.8756,0.96618,0.19391,0.00218,0.0157,2.37747,71.5804,0.83129,2.37442,2.26012,0,11.1583,16.0,16,19.286,0.9249,0.1899,1,12.659,1.0346,0.9972,0,550
task_attr_mod_color_123744,hat,27,227,0.886381,1.0,0.83308,0.876727,0,0.90885,0.93659,0.20785,0.01206,0.0714,2.75156,46.6808,0.98685,2.47798,2.26012,0,8.3336,16.0,16,19.215,0.9336,0.1869,1,12.786,1.0312,0.9975,0,553
task_attr_mod_color_123744,hat,27,228,0.973617,0.962521,0.156055,0.994762,0,0.86933,0.94364,0.19394,0.00226,0.01648,2.42507,71.7406,0.83143,2.37644,2.26012,0,11.2158,16.0,16,19.128,0.9227,0.192,1,12.814,1.0369,1.0,0,550
task_attr_mod_color_123744,hat,27,229,0.097151,0.097135,1.0,0.616347,0,0.08773,0.58529,0.255,0.06671,0.10559,3.91397,80.6855,0.80343,3.04568,2.26012,0,13.5729,16.0,16,19.233,0.9275,0.1886,1,12.765,1.0321,1.0,0,552
task_attr_mod_color_123744,hat,27,230,0.940987,0.960351,0.458393,0.930358,0,0.86737,0.94942,0.20537,0.00664,0.03328,2.59294,49.9125,0.90504,2.5052,2.26012,0,10.0376,16.0,16,19.126,0.9238,0.1879,1,12.698,1.0327,1.0,0,557
task_attr_mod_color_123744,hat,27,231,0.844102,1.0,0.15142,0.837997,0,0.91313,0.95891,0.195,0.00219,0.0121,2.87873,70.6722,0.74842,2.80607,2.26012,0,11.7886,16.0,16,19.225,0.931,0.1884,1,12.878,1.026,0.9998,0,551
task_attr_mod_color_123744,hat,27,232,0.895438,1.0,0.720913,0.884963,0,0.90656,0.94909,0.20407,0.01044,0.06847,2.72595,48.353,1.0143,2.40125,2.26012,0,9.5319,16.0,16,19.243,0.9289,0.1895,1,12.788,1.04,0.9985,0,554
task_attr_mod_color_123744,hat,27,233,0.001786,0.001783,1.0,0.611408,0,0.00161,0.57804,0.25517,0.0669,0.10363,3.94559,80.8592,0.80427,3.04295,2.26012,0,13.636,16.0,16,19.246,0.927,0.1907,1,12.841,1.0364,1.0,0,552
task_attr_mod_color_123744,hat,27,234,0.890668,1.0,0.805906,0.880625,0,0.91025,0.97337,0.20749,0.01167,0.06943,2.73938,46.8355,0.98528,2.46471,2.26012,0,8.3889,16.0,16,19.183,0.9251,0.1896,1,12.75,1.0327,0.9986,0,553
task_attr_mod_color_123744,hat,27,235,0.83094,1.0,0.159309,0.825757,0,0.91288,0.96211,0.19513,0.00231,0.01245,2.9214,70.9399,0.74992,2.79276,2.26012,0,11.8416,16.0,16,19.266,0.9232,0.1894,1,12.769,1.0345,0.9987,0,551
task_attr_mod_color_123744,hat,28,236,0.882089,1.0,0.842615,0.872823,0,0.9093,0.9728,0.20801,0.0122,0.07128,2.76386,46.8472,0.98565,2.46791,2.26012,0,8.3887,16.0,16,19.198,0.9287,0.1893,1,12.743,1.0368,0.999,0,553
task_attr_mod_color_123744,hat,28,237,0.876166,1.0,0.813242,0.867429,0,0.90942,0.97355,0.20761,0.01178,0.0704,2.78105,46.9101,0.98417,2.47337,2.26012,0,8.4302,16.0,16,19.233,0.9267,0.1914,1,12.85,1.0348,0.999,0,553
task_attr_mod_color_123744,hat,28,238,0.977061,0.967437,0.150093,0.993161,0,0.87377,0.95947,0.19391,0.00217,0.01585,2.42898,71.8227,0.83398,2.37557,2.26012,0,11.1723,16.0,16,19.347,0.9281,0.1892,1,12.908,1.0394,1.0,0,550
task_attr_mod_color_123744,hat,28,239,0.896274,1.0,0.688431,0.885723,0,0.90751,0.94256,0.20361,0.00997,0.06535,2.72361,48.3363,1.01402,2.40504,2.26012,0,9.5377,16.0,16,19.225,0.9287,0.1898,1,12.835,1.0356,1.0,0,554
task_attr_mod_color_123744,hat,28,240,0.825103,1.0,0.176818,0.820296,0,0.9119,0.96261,0.19532,0.00256,0.01394,2.94085,71.0024,0.74926,2.79451,2.26012,0,11.9074,16.0,16,19.286,0.9286,0.192,1,12.805,1.0356,0.9996,0,551
task_env_weather_126577,clothing,1,1,0.998309,1.0,1.0,0.996725,0,0.99443,0.96067,0.21375,0.01389,0.04931,2.39416,40.4291,0.95435,2.58382,2.62696,0,8.4175,16.0,1,24.0,0.0,0.5,1,24.0,0.0,0.5,1,0
task_env_weather_126577,clothing,2,2,1.0,1.0,1.0,1.0,0,0.99419,0.956,0.21522,0.01337,0.05032,2.37676,52.796,0.95249,2.56896,2.62696,0,11.5267,16.0,8,20.714,0.0,0.689,1,8.336,0.2118,0.7786,1,0
task_env_weather_126577,clothing,2,3,0.980242,0.999115,1.0,0.969752,0,0.99327,0.9655,0.21471,0.01474,0.05642,2.46075,51.9283,0.94943,2.58082,2.62696,0,12.7294,16.0,1,26.039,0.0,0.866,1,25.374,0.0,0.6241,1,0
task_env_weather_126577,clothing,2,4,0.952488,0.97953,1.0,0.940179,0,0.9738,0.9676,0.21507,0.01299,0.06436,2.53815,52.7339,0.95549,2.58486,2.62696,0,12.9623,16.0,2,32.0,0.4934,0.7576,1,32.0,0.0,0.237,1,0
task_env_weather_126577,clothing,2,5,0.989621,0.999668,1.0,0.982495,0,0.99382,0.9631,0.21094,0.01257,0.05019,2.42883,40.1666,0.95198,2.5785,2.62696,0,9.6853,16.0,2,9.3,0.1008,0.6805,1,26.901,0.0,0.3335,1,0
task_env_weather_126577,clothing,2,6,0.988886,0.999799,0.980551,0.981341,0,0.99395,0.96308,0.21315,0.01118,0.04014,2.43169,33.0967,0.96017,2.55621,2.62696,0,5.0221,16.0,1,27.227,0.0,0.1959,1,21.014,0.0994,0.4272,1,0
task_env_weather_126577,clothing,2,7,0.998922,0.997888,1.0,1.0,0,0.99205,0.90561,0.21299,0.01444,0.05496,2.38273,41.321,0.95035,2.57926,2.62696,0,11.0621,16.0,1,15.417,0.5771,1.0,1,13.567,0.0,0.2802,1,13
task_env_weather_126577,clothing,2,8,1000.0,0.967792,0.690621,0.864866,0,0.96213,0.92839,0.22185,0.00788,0.02821,2.75917,91.78,0.92803,2.57083,2.62696,1,20.7941,16.0,1,22.505,0.9938,1.0,1,20.237,0.0,0.9095,1,409
task_env_weather_126577,clothing,2,9,0.987695,0.999648,1.0,0.979678,0,0.9938,0.9609,0.21525,0.01475,0.05718,2.43581,52.0346,0.95044,2.57627,2.62696,0,12.2483,16.0,2,4.576,0.0,0.795,2,24.64,0.1176,0.6835,1,6
task_env_weather_126577,clothing,2,10,1.0,1.0,1.0,1.0,0,0.99429,0.94642,0.21203,0.01427,0.05144,2.36467,35.4509,0.95226,2.56811,2.62696,0,8.6181,16.0,1,32.0,0.0,0.6503,1,31.966,0.0,0.286,1,0
task_env_weather_126577,clothing,3,11,0.983915,0.996831,1.0,0.975487,0,0.991,0.91731,0.20946,0.01335,0.04262,2.44628,53.2602,0.95221,2.56351,2.62696,0,12.6933,16.0,1,32.0,0.6871,0.6922,1,21.989,0.2157,0.5202,1,0
task_env_weather_126577,clothing,3,12,0.998202,0.999497,0.756121,0.996971,0,0.99365,0.93971,0.21055,0.00862,0.0303,2.39357,21.4814,0.96203,2.57007,2.62696,0,3.4224,16.0,16,32.0,0.0473,0.1823,1,32.0,0.0,0.2213,1,0
task_env_weather_126577,clothing,3,13,0.999939,0.999879,1.0,1.0,0,0.99403,0.95598,0.21122,0.01467,0.04998,2.36106,35.312,0.95059,2.57004,2.62696,0,8.835,16.0,1,14.267,0.053,0.6979,1,27.792,0.0,0.2392,1,0
task_env_weather_126577,clothing,3,14,1000.0,0.925283,1.0,0.915226,0,0.91987,0.94377,0.23755,0.01749,0.03376,2.60735,126.9767,0.98156,2.62694,2.62696,1,26.9763,16.0,1,32.0,1.5,1.0,32,32.0,0.0,0.8903,1,47
task_env_weather_126577,clothing,3,15,1000.0,0.986632,0.796603,0.933826,0,0.98086,0.958,0.21492,0.00908,0.03578,2.55542,76.8509,0.74021,2.57714,2.62696,1,20.7725,16.0,1,24.058,0.0,1.0,1,32.0,0.2629,1.0,0,0
task_env_weather_126577,clothing,3,16,0.994711,0.999849,1.0,0.990454,0,0.994,0.96041,0.21382,0.01148,0.04296,2.40931,34.3848,0.96061,2.57444,2.62696,0,4.9496,16.0,16,32.0,0.0,0.1621,8,32.0,0.0,0.4654,1,0
task_env_weather_126577,clothing,3,17,0.981798,0.999839,1.0,0.971552,0,0.99399,0.95272,0.21603,0.01367,0.05684,2.45619,40.1014,0.96204,2.56869,2.62696,0,4.7929,16.0,32,32.0,0.7516,0.05,1,18.582,0.0,0.6235,1,0
task_env_weather_126577,clothing,3,18,1.0,1.0,0.586462,1.0,0,0.99454,0.94557,0.20854,0.00669,0.02237,2.35193,22.3414,0.96185,2.56695,2.62696,0,4.2566,16.0,1,32.0,0.5846,0.2975,8,13.167,0.5755,0.215,1,80
task_env_weather_126577,clothing,3,19,0.963747,1.0,0.924545,0.950324,0,0.99432,0.96947,0.21711,0.01054,0.04364,2.51105,52.8717,0.96201,2.57719,2.62696,0,6.8461,16.0,8,32.0,0.0,0.1193,1,32.0,0.0,1.0,1,0
task_env_weather_126577,clothing,4,20,0.93671,0.977066,1.0,0.923018,0,0.97135,0.90307,0.22299,0.01312,0.03795,2.58534,55.8562,0.95112,2.55917,2.62696,0,14.2564,16.0,1,32.0,0.6986,0.9747,1,32.0,0.3153,0.2066,1,759
task_env_weather_126577,clothing,4,21,0.973626,0.997425,1.0,0.961925,0,0.99159,0.98026,0.20681,0.01229,0.04205,2.48077,40.5907,0.942,2.58477,2.62696,0,11.0493,16.0,1,24.57,0.39,0.8896,1,23.781,0.0,0.05,1,0
task_env_weather_126577,clothing,4,22,0.992757,0.999819,1.0,0.987263,0,0.99397,0.97389,0.2131,0.01157,0.04077,2.4171,31.0118,0.9598,2.56287,2.62696,0,5.0084,16.0,1,29.818,0.0,0.2287,1,26.698,0.0,0.3758,1,0
task_env_weather_126577,clothing,4,23,1000.0,0.9658,1.0,0.913368,0,0.96015,0.93161,0.22126,0.01433,0.0601,2.61265,72.0922,0.96414,2.59836,2.62696,1,17.3942,16.0,2,32.0,0.974,0.7272,1,32.0,0.0,0.4435,1,0
task_env_weather_126577,clothing,4,24,0.947753,0.981995,0.328101,0.934507,0,0.97625,0.89014,0.21194,0.00374,0.01762,2.55356,58.6784,0.94776,2.57132,2.62696,0,15.2317,16.0,2,32.0,0.627,1.0,2,32.0,0.5514,0.1839,1,680
task_env_weather_126577,clothing,4,25,1000.0,0.971131,0.834922,1.0,0,0.96545,0.91884,0.21366,0.00952,0.04288,2.33239,75.8103,0.49545,2.61471,2.62696,1,20.2439,16.0,16,32.0,0.3752,1.0,8,19.426,0.0,0.5979,0,0
task_env_weather_126577,clothing,4,26,1.0,1.0,1.0,1.0,0,0.99446,0.93243,0.21101,0.01265,0.04472,2.37664,27.356,0.95524,2.57543,2.62696,0,6.6661,16.0,4,32.0,0.0,0.5245,2,32.0,0.552,0.1991,1,0
task_env_weather_126577,clothing,4,27,0.976686,0.996329,1.0,0.965981,0,0.9905,0.9539,0.21188,0.01158,0.05238,2.47035,46.5862,0.94713,2.58098,2.62696,0,12.4931,16.0,2,32.0,0.1451,0.9494,4,9.698,0.054,0.2087,1,97
task_env_weather_126577,clothing,4,28,0.980445,1.0,0.834694,0.969763,0,0.99435,0.95796,0.20979,0.00952,0.03359,2.46072,18.4471,0.96005,2.56855,2.62696,0,4.0418,16.0,2,32.0,0.0,0.3077,32,29.272,1.5,0.1339,1,0
task_env_weather_126577,clothing,5,29,0.999364,0.998743,1.0,1.0,0,0.9929,0.88306,0.2093,0.01477,0.0647,2.36494,37.4651,0.95094,2.58198,2.62696,0,10.5906,16.0,2,29.896,0.3455,0.9028,1,31.002,1.0208,0.05,1,997
task_env_weather_126577,clothing,5,30,0.991365,0.990937,0.573823,0.9918,0,0.98514,0.93456,0.20908,0.00654,0.0309,2.40604,39.6065,0.95104,2.57833,2.62696,0,11.2496,16.0,4,32.0,0.5178,1.0,2,32.0,0.4724,0.05,1,407
task_env_weather_126577,clothing,5,31,0.902744,0.98805,0.36491,0.890596,0,0.98227,0.93378,0.21387,0.00416,0.01665,2.67946,57.0604,0.73496,2.61853,2.62696,0,12.8671,16.0,2,25.026,0.4359,0.4925,2,32.0,0.0,0.5227,0,632
task_env_weather_126577,clothing,5,32,1000.0,0.96746,0.949008,0.886513,0,0.9618,0.92805,0.21526,0.01082,0.02508,2.6918,87.2722,0.96551,2.56613,2.62696,1,22.1572,16.0,1,26.923,0.6598,1.0,4,32.0,0.0811,0.4585,1,791
task_env_weather_126577,clothing,5,33,1000.0,0.959795,0.37128,0.875652,0,0.95418,0.91018,0.2112,0.00423,0.01859,2.72519,82.473,1.04089,2.6003,2.62696,1,18.2024,16.0,4,32.0,1.0376,0.7193,1,32.0,0.2674,0.5313,0,997
task_env_weather_126577,clothing,5,34,0.982005,0.999628,1.0,0.971887,0,0.99378,0.93325,0.21485,0.01171,0.04311,2.45534,46.711,0.9523,2.57344,2.62696,0,11.7461,16.0,1,26.404,0.1463,1.0,1,26.65,0.0,0.5157,1,657
task_env_weather_126577,clothing,5,35,1000.0,0.981421,0.92366,0.948126,0,0.97568,0.94501,0.21464,0.01053,0.04297,2.51688,73.2181,0.57501,2.63554,2.62696,1,19.4109,16.0,16,31.6,0.267,1.0,1,27.031,0.1465,0.5547,0,997
task_env_weather_126577,clothing,5,36,0.959873,0.975708,1.0,0.950339,0,0.97,0.91942,0.21499,0.01676,0.07085,2.51101,54.577,0.95865,2.57643,2.62696,0,13.3601,16.0,1,31.498,0.7904,0.7133,4,30.54,0.0,0.0899,1,141
task_env_weather_126577,clothing,5,37,0.998707,0.998199,1.0,0.999226,0,0.99236,0.92671,0.20968,0.01292,0.0514,2.38816,42.0915,0.94825,2.57481,2.62696,0,11.8112,16.0,2,32.0,0.1795,1.0,4,32.0,0.0,0.1422,1,997
task_env_weather_126577,clothing,6,38,0.981741,1.0,0.643995,0.971429,0,0.99428,0.9211,0.21388,0.00734,0.03101,2.4565,41.0111,0.98956,2.56266,2.62696,0,6.5526,16.0,2,31.707,0.313,0.1485,1,32.0,0.1853,0.6028,0,647
task_env_weather_126577,clothing,6,39,0.965546,0.991611,0.537967,0.953406,0,0.98581,0.91833,0.21416,0.00613,0.02383,2.50294,55.783,0.98841,2.55995,2.62696,0,10.7815,16.0,2,21.166,0.7938,0.2867,1,27.326,0.3205,0.5351,0,831
task_env_weather_126577,clothing,6,40,0.976608,1.0,0.86595,0.964994,0,0.99506,0.9626,0.21372,0.00987,0.03741,2.47288,50.05,0.9563,2.58278,2.62696,0,10.1758,16.0,1,20.305,0.2678,0.5355,4,29.428,0.1338,0.7482,1,562
task_env_weather_126577,clothing,6,41,0.99941,0.998833,1.0,1.0,0,0.99299,0.96389,0.21275,0.0119,0.04731,2.34693,28.198,0.91315,2.59527,2.62696,0,4.4632,16.0,1,27.907,0.5723,0.1056,4,32.0,0.1158,0.2726,0,708
task_env_weather_126577,clothing,6,42,1000.0,0.976503,0.75296,1.0,0,0.97079,0.96282,0.22558,0.00859,0.05549,2.31445,75.7127,1.50203,2.49508,2.62696,1,18.0672,16.0,2,20.519,1.349,0.5339,2,28.445,0.4225,0.6773,0,799
task_env_weather_126577,clothing,6,43,1000.0,0.994055,1.0,0.965255,0,0.98824,0.98049,0.21444,0.0116,0.03877,2.47221,64.2019,0.6704,2.58517,2.62696,1,16.3219,16.0,4,23.97,0.0,0.7815,4,28.643,0.0,0.7002,0,609
task_env_weather_126577,clothing,6,44,0.987968,0.99992,0.955343,0.979952,0,0.99407,0.96895,0.21585,0.01089,0.04369,2.43513,48.4853,0.96123,2.57427,2.62696,0,6.6871,16.0,2,30.035,0.4115,0.1521,2,32.0,0.0,0.8442,1,756
task_env_weather_126577,clothing,6,45,0.941316,0.998944,1.0,0.927508,0,0.9931,0.94556,0.21874,0.01451,0.04422,2.57282,48.8855,0.95349,2.56792,2.62696,0,10.0769,16.0,1,30.86,0.8988,0.3709,1,32.0,0.6862,0.5244,1,755
task_env_weather_126577,clothing,6,46,0.935145,0.989529,0.340302,0.921261,0,0.98374,0.96086,0.21173,0.00388,0.01448,2.59027,62.2966,0.76221,2.65571,2.62696,0,13.0642,16.0,2,26.87,0.3193,0.6225,1,32.0,0.2589,0.5775,0,689
task_env_weather_126577,clothing,7,47,0.996845,0.994045,0.805447,1.0,0,0.98823,0.91459,0.21703,0.00918,0.03909,2.36549,44.3799,1.18253,2.54222,2.62696,0,8.5449,16.0,1,31.242,0.6379,0.1822,1,31.494,0.0,0.3726,0,646
task_env_weather_126577,clothing,7,48,0.966607,0.995343,0.658979,0.95403,0,0.98952,0.96916,0.21146,0.00751,0.02288,2.5013,52.0267,0.86636,2.56918,2.62696,0,10.8788,16.0,4,23.636,0.1549,0.4239,8,32.0,0.1865,0.6838,0,336
task_env_weather_126577,clothing,7,49,0.961,0.990333,0.754191,0.948336,0,0.98454,0.95953,0.21352,0.0086,0.03593,2.51632,53.8869,0.71534,2.6376,2.62696,0,11.4974,16.0,4,21.635,0.2829,0.5402,1,29.899,0.0,0.3661,0,602
task_env_weather_126577,clothing,7,50,0.941644,0.98286,0.125808,0.92791,0,0.97711,0.95327,0.20845,0.00143,0.00657,2.57171,61.4379,0.83789,2.55004,2.62696,0,12.8841,16.0,4,30.938,0.4744,0.496,2,29.358,0.4144,0.5077,0,641
task_env_weather_126577,clothing,7,51,0.998043,0.996228,0.870419,1.0,0,0.9904,0.96473,0.21093,0.00993,0.03411,2.34828,29.3649,0.82481,2.58757,2.62696,0,6.459,16.0,4,15.587,0.0,0.2975,1,27.934,0.0,0.2746,0,604
task_env_weather_126577,clothing,7,52,0.974912,0.995051,0.674653,0.964074,0,0.98923,0.92639,0.21757,0.00769,0.02614,2.47524,54.1947,1.35312,2.51185,2.62696,0,12.8929,16.0,1,12.812,0.5479,0.5777,4,32.0,0.39,0.5672,0,695
task_env_weather_126577,clothing,7,53,0.992955,1.0,0.785451,0.987471,0,0.99443,0.91527,0.21094,0.00896,0.03035,2.41659,26.0972,0.96191,2.56664,2.62696,0,4.725,16.0,2,32.0,0.3635,0.2542,1,29.522,0.0,0.2647,1,548
task_env_weather_126577,clothing,7,54,0.996597,0.993603,0.990856,1.0,0,0.98779,0.94705,0.21202,0.0113,0.04021,2.21599,46.2498,1.52808,2.48302,2.62696,0,9.6203,16.0,1,29.13,0.8125,0.3649,2,32.0,0.0,0.4773,0,788
task_env_weather_126577,clothing,7,55,0.94263,0.989489,1.0,0.928729,0,0.9837,0.92532,0.2193,0.01239,0.0464,2.56944,61.1157,0.62597,2.62289,2.62696,0,14.9228,16.0,2,17.432,0.2895,0.6632,1,26.414,0.5476,0.486,0,746
task_env_weather_126577,clothing,8,56,0.988275,1.0,1.0,0.980359,0,0.99453,0.95207,0.21453,0.01224,0.04483,2.43412,41.1187,0.95695,2.5842,2.62696,0,7.5923,16.0,1,24.03,0.192,0.3753,2,26.941,0.0,0.597,1,793
task_env_weather_126577,clothing,8,57,1000.0,0.993432,0.827138,1.0,0,0.98762,0.96004,0.21749,0.00943,0.04559,2.35834,69.3211,0.57208,2.58542,2.62696,1,16.6581,16.0,2,23.246,0.3457,0.7212,2,32.0,0.0,0.5526,0,625
task_env_weather_126577,clothing,8,58,0.899364,0.997888,0.0,0.888347,0,0.99205,0.92051,0.20788,-0.00152,-0.00588,2.68624,49.4361,0.92323,2.54389,2.62696,0,12.3107,16.0,2,27.827,0.4625,0.6143,1,27.406,0.0,0.2491,0,603
task_env_weather_126577,clothing,8,59,0.960951,0.988845,0.563134,0.948503,0,0.98306,0.90941,0.21515,0.00642,0.02186,2.51588,53.2504,0.7571,2.62748,2.62696,0,10.6581,16.0,2,18.073,0.8505,0.3751,2,31.674,0.0,0.4709,0,741
task_env_weather_126577,clothing,8,60,0.964092,0.994458,1.0,0.951286,0,0.98864,0.94179,0.21631,0.01229,0.03992,2.50852,48.8861,0.88199,2.56316,2.62696,0,9.3866,16.0,4,32.0,0.292,0.3486,1,32.0,0.2142,0.6719,0,650
task_env_weather_126577,clothing,8,61,0.945635,0.998712,0.735455,0.931732,0,0.99287,0.96561,0.21228,0.00839,0.03753,2.56116,45.2608,0.75948,2.60418,2.62696,0,10.0052,16.0,2,27.861,0.2956,0.5223,1,31.711,0.0324,0.2753,0,594
task_env_weather_126577,clothing,8,62,0.987525,0.992587,0.487778,0.98332,0,0.98678,0.96339,0.21632,0.00556,0.01935,2.42679,51.4579,0.62342,2.61336,2.62696,0,12.1878,16.0,2,18.976,0.3118,0.5951,1,29.761,0.0,0.4534,0,485
task_env_weather_126577,clothing,8,63,0.992964,0.998904,0.891,0.988171,0,0.99306,0.90748,0.21647,0.01016,0.0421,2.41488,58.3381,0.75258,2.5753,2.62696,0,11.8985,16.0,2,24.352,0.2982,0.4507,2,32.0,0.0,0.697,0,558
task_env_weather_126577,clothing,8,64,1.0,1.0,0.577424,1.0,0,0.99453,0.95762,0.21293,0.00658,0.0232,2.34425,43.0607,1.31064,2.51212,2.62696,0,9.176,16.0,2,21.173,0.4481,0.4294,2,32.0,0.0133,0.5056,0,714
task_env_weather_126577,clothing,9,65,0.987745,0.990776,1.0,0.985043,0,0.98498,0.9481,0.21702,0.01301,0.04801,2.42255,61.9675,1.61768,2.49952,2.62696,0,13.544,16.0,1,30.872,0.4456,0.6402,1,30.89,0.0,0.2982,0,489
task_env_weather_126577,clothing,9,66,1000.0,0.89067,0.94738,0.901222,0,0.88546,0.93099,0.22352,0.0108,0.06742,2.64787,96.2891,0.60022,2.69497,2.62696,1,20.2229,16.0,2,28.125,0.6959,0.6696,2,25.303,0.0,0.2212,0,602
task_env_weather_126577,clothing,9,67,1000.0,0.96589,0.665905,0.894037,0,0.96024,0.96599,0.21704,0.00759,0.02958,2.66914,71.4293,0.93097,2.60918,2.62696,1,17.9408,16.0,1,28.157,0.4411,0.563,1,30.317,0.0495,0.1935,0,686
task_env_weather_126577,clothing,9,68,0.936938,0.980184,0.180101,0.923124,0,0.97445,0.96498,0.207,0.00205,0.00955,2.58504,65.6863,0.41213,2.72314,2.62696,0,15.3631,16.0,2,24.845,0.4494,0.7222,2,26.293,0.3989,0.2386,0,573
task_env_weather_126577,clothing,9,69,0.984534,0.996007,1.0,0.976731,0,0.99018,0.97331,0.21148,0.01358,0.05641,2.44317,39.446,0.5923,2.66613,2.62696,0,10.7073,16.0,1,28.079,0.3184,0.5829,1,29.38,0.0,0.2115,0,715
task_env_weather_126577,clothing,9,70,0.96345,0.997435,0.778012,0.950229,0,0.9916,0.95146,0.22028,0.00887,0.04634,2.5113,54.3702,0.58114,2.61398,2.62696,0,13.738,16.0,2,31.189,0.3053,0.7751,1,23.361,0.0153,0.2734,0,709
task_env_weather_126577,clothing,9,71,0.910805,0.99487,0.692992,0.898557,0,0.98905,0.97633,0.21142,0.0079,0.0387,2.65572,50.0831,0.68829,2.61943,2.62696,0,11.7577,16.0,2,26.477,0.168,0.6029,1,26.55,0.0,0.3012,0,613
task_env_weather_126577,clothing,9,72,0.929437,0.968626,1.0,0.91581,0,0.96296,0.9335,0.22123,0.01309,0.05209,2.60569,60.3295,0.42597,2.7358,2.62696,0,15.1326,16.0,1,30.414,0.6637,0.5539,1,30.115,0.0503,0.1537,0,708
task_env_weather_126577,clothing,9,73,1000.0,0.967309,0.657939,0.82197,0,0.96165,0.96414,0.21174,0.0075,0.04219,2.90316,71.1917,0.31485,2.82445,2.62696,1,16.8774,16.0,2,28.128,0.6822,0.6472,2,30.419,0.0027,0.0838,0,517
task_env_weather_126577,clothing,10,74,0.984789,0.991862,0.0,0.979289,0,0.98606,0.91292,0.21385,-0.00143,-0.00502,2.43678,58.7652,0.57036,2.7713,2.62696,0,12.7471,16.0,2,30.66,0.4342,0.6764,2,26.82,0.0,0.2205,0,609
task_env_weather_126577,clothing,10,75,0.864962,0.991219,0.381998,0.856439,0,0.98542,0.92908,0.20847,0.00436,0.02148,2.78632,59.3235,0.62718,2.6647,2.62696,0,13.892,16.0,2,31.714,0.4122,0.665,1,25.894,0.2421,0.2423,0,644
task_env_weather_126577,clothing,10,76,0.848574,0.984218,0.068655,0.840861,0,0.97846,0.95509,0.20886,0.00078,0.00307,2.83794,60.1129,0.66108,2.74353,2.62696,0,11.5922,16.0,2,27.227,0.6042,0.5542,1,30.031,0.1305,0.3308,0,689
task_env_weather_126577,clothing,10,77,0.824442,0.972992,1.0,0.817778,0,0.9673,0.92405,0.22759,0.02139,0.07377,2.91805,55.2838,0.39073,2.80495,2.62696,0,14.1517,16.0,2,29.986,0.4107,0.688,1,32.0,0.0,0.1321,0,718
task_env_weather_126577,clothing,10,78,0.949966,0.995987,1.0,0.936079,0,0.99016,0.95734,0.20828,0.01148,0.04479,2.54927,49.2905,0.58775,2.62835,2.62696,0,12.7868,16.0,2,27.449,0.3676,0.6087,1,25.726,0.0,0.3034,0,498
task_env_weather_126577,clothing,10,79,0.926385,0.979389,1.0,0.912481,0,0.97366,0.91868,0.216,0.01216,0.07146,2.61519,59.645,0.46167,2.72997,2.62696,0,13.3361,16.0,2,25.26,0.4495,0.6375,1,25.738,0.136,0.2132,0,395
task_env_weather_126577,clothing,10,80,0.956119,0.996882,0.291939,0.942407,0,0.99105,0.97125,0.21419,0.00333,0.01454,2.53215,51.2876,0.98146,2.51644,2.62696,0,12.0449,16.0,2,26.117,0.5097,0.6662,1,25.617,0.095,0.2487,0,535
task_env_weather_126577,clothing,10,81,0.96354,0.989126,1.0,0.951487,0,0.98334,0.94259,0.21871,0.01545,0.05883,2.50799,59.161,0.42108,2.67387,2.62696,0,14.7561,16.0,1,22.537,0.3012,0.6176,1,24.428,0.0,0.3598,0,409
task_env_weather_126577,clothing,10,82,1000.0,0.940683,1.0,0.83171,0,0.93518,0.91668,0.21841,0.01218,0.06772,2.86917,80.2422,0.34059,2.98908,2.62696,1,18.4791,16.0,2,27.202,0.5309,0.7611,1,26.902,0.0,0.2664,0,731
task_env_weather_126577,clothing,11,83,0.918536,0.994075,0.219863,0.90565,0,0.98826,0.94479,0.21015,0.00251,0.01339,2.63492,54.3425,0.65771,2.65148,2.62696,0,12.8617,16.0,2,30.059,0.6811,0.6786,1,32.0,0.095,0.0517,0,768
task_env_weather_126577,clothing,11,84,0.998151,0.996429,0.772762,1.0,0,0.9906,0.93676,0.21108,0.00881,0.0313,2.26602,46.6631,1.07368,2.51637,2.62696,0,12.6936,16.0,2,28.303,0.4265,0.7457,1,31.929,0.212,0.2855,0,934
task_env_weather_126577,clothing,11,85,0.930109,0.980576,1.0,0.916186,0,0.97484,0.93883,0.22008,0.01967,0.06729,2.60462,39.4901,0.95112,2.55036,2.62696,0,10.6746,16.0,1,30.068,0.3688,0.5694,2,27.271,0.0,0.1036,0,623
task_env_weather_126577,clothing,11,86,0.969091,0.993351,1.0,0.957295,0,0.98754,0.95166,0.212,0.01453,0.05804,2.49277,37.0181,0.5442,2.67867,2.62696,0,10.4008,16.0,2,32.0,0.0951,0.5975,2,31.85,0.013,0.0825,0,710
task_env_weather_126577,clothing,11,87,0.974887,0.992768,1.0,0.964689,0,0.98696,0.95528,0.21517,0.01577,0.05154,2.47366,39.9617,0.56054,2.63655,2.62696,0,11.5182,16.0,2,22.165,0.1992,0.6414,1,32.0,0.0,0.1284,0,773
task_env_weather_126577,clothing,11,88,0.931093,0.992184,1.0,0.917402,0,0.98638,0.92608,0.21569,0.01466,0.07111,2.60117,64.7848,0.70814,2.68709,2.62696,0,15.6539,16.0,2,32.0,0.4109,0.8167,1,32.0,0.0,0.0754,0,747
task_env_weather_126577,clothing,11,89,0.962237,0.979319,1.0,0.952289,0,0.97359,0.93776,0.21573,0.01318,0.0619,2.50587,51.2367,0.56579,2.62893,2.62696,0,12.5728,16.0,4,32.0,0.498,0.6505,1,32.0,0.2856,0.0639,0,607
task_env_weather_126577,clothing,11,90,0.960639,0.985374,0.981354,0.948749,0,0.97961,0.92094,0.22056,0.01119,0.04785,2.51522,74.0128,0.50695,2.74131,2.62696,0,15.9542,16.0,2,30.55,0.5687,0.8237,1,32.0,0.0,0.0838,0,609
task_env_weather_126577,clothing,11,91,1000.0,0.980134,0.839169,0.896564,0,0.9744,0.89358,0.22585,0.00957,0.03895,2.66162,79.8708,0.44034,2.83909,2.62696,1,18.9647,16.0,2,28.172,0.3864,0.9308,1,32.0,0.0874,0.2556,0,791
task_env_weather_126577,clothing,12,92,0.994993,0.990826,1.0,1.0,0,0.98503,0.9238,0.2146,0.01399,0.07557,2.3165,50.9746,1.95048,2.47913,2.62696,0,11.9997,16.0,1,29.33,0.5632,0.7258,1,32.0,0.0079,0.1323,0,781
task_env_weather_126577,clothing,12,93,0.943836,0.99323,1.0,0.929914,0,0.98742,0.90111,0.21476,0.01144,0.06187,2.56617,65.9298,0.86025,2.67642,2.62696,0,14.6092,16.0,2,28.701,0.5529,0.7079,1,32.0,0.0,0.1333,0,747
task_env_weather_126577,clothing,12,94,1000.0,0.958185,0.153081,0.934368,0,0.95258,0.84577,0.2099,0.00175,0.01013,2.55393,73.1793,0.31476,2.9044,2.62696,1,17.8557,16.0,2,32.0,0.4498,0.7835,1,30.648,0.3026,0.1013,0,757
task_env_weather_126577,clothing,12,95,0.920965,0.969009,1.0,0.90705,0,0.96334,0.92127,0.21974,0.01168,0.05273,2.63085,59.9471,1.23963,2.51186,2.62696,0,15.5901,16.0,1,25.51,0.4719,0.73,1,32.0,0.0,0.098,0,814
task_env_weather_126577,clothing,12,96,0.885298,0.948589,0.701326,0.8717,0,0.94304,0.81939,0.22165,0.008,0.0441,2.73754,63.482,0.59136,2.76508,2.62696,0,15.2885,16.0,1,29.842,0.5093,0.6914,1,32.0,0.0,0.1012,0,733
task_env_weather_126577,clothing,12,97,0.880252,0.977327,0.931519,0.869106,0,0.97161,0.88418,0.21434,0.01062,0.03821,2.74571,46.1207,0.46138,2.70142,2.62696,0,12.2415,16.0,2,27.543,0.2414,0.6818,1,32.0,0.0627,0.1989,0,814
task_env_weather_126577,clothing,12,98,1000.0,0.987175,0.288113,0.902345,0,0.9814,0.92341,0.21108,0.00329,0.0143,2.64457,61.738,0.58433,2.62217,2.62696,1,16.1215,16.0,2,26.18,0.2362,0.853,1,32.0,0.0,0.2313,0,627
task_env_weather_126577,clothing,12,99,0.951283,0.996489,1.0,0.937413,0,0.99066,0.93288,0.21103,0.01275,0.05341,2.54564,45.1828,0.59838,2.639,2.62696,0,12.9719,16.0,2,28.293,0.19,0.7874,1,27.318,0.0,0.1361,0,688
task_env_weather_126577,clothing,12,100,0.942641,0.987215,1.0,0.928787,0,0.98144,0.92145,0.21863,0.01903,0.07047,2.56928,48.5285,0.46868,2.70798,2.62696,0,13.3842,16.0,2,28.543,0.3592,0.6523,1,30.247,0.0,0.05,0,683
task_env_weather_126577,clothing,13,101,0.951519,0.979731,1.0,0.939021,0,0.974,0.91539,0.22262,0.01943,0.08008,2.54128,45.5235,0.76723,2.65263,2.62696,0,11.9465,16.0,2,29.497,0.4277,0.7036,1,32.0,0.0,0.0901,0,821
task_env_weather_126577,clothing,13,102,0.890689,0.989378,0.82401,0.879686,0,0.98359,0.96219,0.20746,0.0094,0.04106,2.71269,56.5812,0.37702,2.77191,2.62696,0,13.9818,16.0,2,32.0,0.2969,0.6916,1,32.0,0.1102,0.2035,0,700
task_env_weather_126577,clothing,13,103,1000.0,0.961123,0.556657,0.882426,0,0.9555,0.90286,0.20925,0.00635,0.03091,2.70427,71.6742,0.27561,2.96619,2.62696,1,17.5338,16.0,2,29.507,0.4721,0.6562,2,28.841,0.0,0.1419,0,701
task_env_weather_126577,clothing,13,104,0.995436,0.996671,0.970016,0.994259,0,0.99084,0.90903,0.21496,0.01106,0.04508,2.40009,49.9136,0.8882,2.56037,2.62696,0,11.5895,16.0,2,29.746,0.5257,0.6624,1,30.952,0.0,0.1838,0,775
task_env_weather_126577,clothing,13,105,0.992421,0.986622,1.0,1.0,0,0.98085,0.89029,0.21375,0.01172,0.04948,2.34596,53.0943,0.78332,2.63622,2.62696,0,13.3675,16.0,1,29.409,0.4642,0.6893,1,32.0,0.08,0.1241,0,608
task_env_weather_126577,clothing,13,106,1000.0,0.969683,0.892879,0.860683,0,0.96401,0.95462,0.21254,0.01018,0.03715,2.77258,65.2248,1.49727,2.52652,2.62696,1,16.5262,16.0,1,30.986,0.3986,0.6882,1,28.241,0.0,0.1128,0,748
task_env_weather_126577,clothing,13,107,0.872705,0.994468,0.734755,0.863784,0,0.98865,0.96701,0.21254,0.00838,0.03784,2.76263,54.0544,0.77603,2.69083,2.62696,0,11.947,16.0,2,30.257,0.3945,0.6206,2,31.506,0.0463,0.1844,0,637
task_env_weather_126577,clothing,13,108,0.96335,0.991108,1.0,0.950923,0,0.98531,0.91504,0.21917,0.01246,0.03433,2.50947,48.0828,0.55936,2.67072,2.62696,0,12.7154,16.0,2,28.182,0.4589,0.6575,1,31.722,0.0,0.0992,0,773
task_env_weather_126577,clothing,13,109,1000.0,0.9589,1.0,0.801308,0,0.95329,0.91827,0.21804,0.01427,0.05747,2.97803,69.0045,0.08565,3.79595,2.62696,1,16.14,16.0,1,31.788,0.5516,0.6937,1,32.0,0.2832,0.1348,0,681
task_env_weather_126577,clothing,14,110,0.992778,0.996892,0.795478,0.989248,0,0.99106,0.88725,0.21117,0.00907,0.04337,2.41225,45.1901,0.70631,2.5927,2.62696,0,11.9843,16.0,2,29.645,0.3974,0.6697,1,30.257,0.043,0.1038,0,740
task_env_weather_126577,clothing,14,111,0.889316,0.95898,0.800096,0.876051,0,0.95337,0.93361,0.21711,0.00912,0.05869,2.72394,63.3279,1.19599,2.57695,2.62696,0,15.0193,16.0,1,30.358,0.4896,0.6999,1,32.0,0.0758,0.1131,0,684
task_env_weather_126577,clothing,14,112,0.919936,0.98973,1.0,0.906679,0,0.98394,0.95847,0.21629,0.01407,0.053,2.63193,50.3767,0.53953,2.67188,2.62696,0,13.7106,16.0,2,30.55,0.3929,0.6822,1,31.977,0.0453,0.1088,0,717
task_env_weather_126577,clothing,14,113,0.926144,0.980536,0.909322,0.91226,0,0.9748,0.97013,0.2124,0.01037,0.04145,2.61583,53.2074,0.46475,2.69921,2.62696,0,13.6124,16.0,2,31.484,0.3927,0.6601,1,31.604,0.0034,0.137,0,695
task_env_weather_126577,clothing,14,114,0.90915,0.960167,0.674578,0.895229,0,0.95455,0.96141,0.2113,0.00769,0.03974,2.66559,73.4535,0.31016,3.08621,2.62696,0,15.736,16.0,2,28.437,0.4722,0.6843,1,30.961,0.0296,0.1864,0,758
task_env_weather_126577,clothing,14,115,0.942236,0.989398,0.024898,0.928331,0,0.98361,0.88527,0.20739,0.00028,0.001,2.57054,54.1437,0.74574,2.61295,2.62696,0,13.5678,16.0,2,31.338,0.4804,0.7415,1,32.0,0.0183,0.146,0,756
task_env_weather_126577,clothing,14,116,1000.0,0.939315,1.0,0.824885,0,0.93382,0.92269,0.22411,0.01892,0.10276,2.89291,77.7529,0.80068,2.64188,2.62696,1,21.8142,16.0,1,29.756,0.4606,0.6993,1,31.366,0.0,0.0713,0,680
task_env_weather_126577,clothing,14,117,1000.0,0.978806,0.860618,0.821099,0,0.97308,0.95155,0.2147,0.00981,0.05489,2.90625,64.0806,0.43112,2.72976,2.62696,1,16.0403,16.0,2,31.236,0.4251,0.7235,1,31.941,0.0,0.1661,0,711
task_env_weather_126577,clothing,14,118,0.94317,0.985334,0.974953,0.929396,0,0.97957,0.94854,0.2222,0.01112,0.03302,2.5676,54.3239,0.56206,2.66768,2.62696,0,13.2332,16.0,2,30.994,0.3609,0.6976,1,32.0,0.0,0.119,0,686
task_env_weather_126577,clothing,15,119,0.906379,0.9898,0.621188,0.89408,0,0.98401,0.94915,0.21098,0.00708,0.03716,2.66902,53.4015,0.54269,2.69551,2.62696,0,13.2593,16.0,2,28.975,0.457,0.6622,1,31.767,0.0093,0.1121,0,693
task_env_weather_126577,clothing,15,120,0.909925,0.96241,1.0,0.896015,0,0.95678,0.94462,0.21884,0.01784,0.06884,2.66325,62.3647,0.27195,2.95626,2.62696,0,14.7736,16.0,2,30.43,0.4155,0.7206,1,31.704,0.0,0.1111,0,719
task_env_weather_126577,clothing,15,121,1000.0,0.920274,1.0,0.732563,0,0.91489,0.95612,0.21417,0.01263,0.04517,3.25749,90.5642,0.07516,4.16689,2.62696,1,17.6367,16.0,1,30.211,0.4916,0.6671,1,32.0,0.0,0.1307,0,683
task_env_weather_126577,clothing,15,122,0.862805,0.987457,0.351967,0.854141,0,0.98168,0.96614,0.21164,0.00401,0.0167,2.79382,56.7714,0.6246,2.6834,2.62696,0,13.8654,16.0,2,28.915,0.4662,0.7489,1,32.0,0.0634,0.1433,0,705
task_env_weather_126577,clothing,15,123,0.982843,0.991299,1.0,0.976548,0,0.9855,0.93712,0.21831,0.01694,0.05986,2.44362,53.5896,0.4546,2.69913,2.62696,0,14.5212,16.0,2,30.212,0.4537,0.6656,1,32.0,0.0258,0.0691,0,683
task_env_weather_126577,clothing,15,124,0.907949,0.989136,0.151852,0.895476,0,0.98335,0.96028,0.20968,0.00173,0.00652,2.66486,50.6337,0.99941,2.55251,2.62696,0,12.0212,16.0,2,31.378,0.5234,0.6798,1,31.343,0.0,0.1415,0,724
task_env_weather_126577,clothing,15,125,1000.0,0.959966,0.927576,0.865361,0,0.95435,0.87102,0.21851,0.01058,0.03766,2.7576,74.2786,0.90196,2.63049,2.62696,1,19.2106,16.0,1,29.578,0.3979,0.6547,1,31.899,0.0,0.1778,0,686
task_env_weather_126577,clothing,15,126,0.951427,0.98802,1.0,0.937977,0,0.98224,0.92364,0.21664,0.01551,0.06128,2.54411,46.4438,0.49477,2.74522,2.62696,0,12.8486,16.0,1,29.103,0.3315,0.6834,1,31.487,0.0663,0.1015,0,735
task_env_weather_126577,clothing,15,127,1000.0,0.969703,1.0,0.854241,0,0.96403,0.91706,0.22292,0.01447,0.06334,2.79349,70.3292,0.43651,2.8756,2.62696,1,16.2876,16.0,2,29.34,0.4064,0.7441,1,32.0,0.0548,0.1648,0,671
task_env_weather_126577,clothing,16,128,0.928355,0.98286,1.0,0.914473,0,0.97711,0.93205,0.22286,0.01417,0.04669,2.6095,62.9162,0.28756,2.96452,2.62696,0,15.3025,16.0,2,31.321,0.4389,0.6526,1,31.587,0.0,0.1261,0,722
task_env_weather_126577,clothing,16,129,0.82626,0.975949,0.811915,0.819685,0,0.97024,0.94944,0.21969,0.00926,0.04176,2.91126,60.8272,0.38813,2.79383,2.62696,0,15.0248,16.0,2,29.588,0.4163,0.7082,1,32.0,0.0092,0.1702,0,720
task_env_weather_126577,clothing,16,130,0.949701,0.998924,0.928836,0.935779,0,0.99308,0.89973,0.21487,0.01059,0.04974,2.55008,50.0227,1.02568,2.55182,2.62696,0,13.4543,16.0,1,30.827,0.4085,0.6583,1,32.0,0.0042,0.1401,0,709
task_env_weather_126577,clothing,16,131,0.917385,0.992496,0.679101,0.904469,0,0.98669,0.91394,0.21159,0.00774,0.03352,2.63836,47.4246,0.72558,2.62786,2.62696,0,11.2495,16.0,2,30.036,0.4678,0.652,1,30.055,0.0019,0.1253,0,712
task_env_weather_126577,clothing,16,132,0.860432,0.98795,0.557762,0.85202,0,0.98217,0.9659,0.20645,0.00636,0.03132,2.80077,52.9902,0.45193,2.75751,2.62696,0,13.5297,16.0,2,29.043,0.3974,0.6815,1,31.694,0.0269,0.1438,0,734
task_env_weather_126577,clothing,16,133,0.938067,0.9881,0.674485,0.924144,0,0.98232,0.90061,0.20776,0.00769,0.03556,2.58219,52.5481,0.5723,2.66922,2.62696,0,13.9136,16.0,2,29.855,0.3309,0.6995,1,32.0,0.0,0.1242,0,703
task_env_weather_126577,clothing,16,134,0.928225,0.992043,0.0,0.914651,0,0.98624,0.91271,0.21182,-0.00273,-0.00957,2.60899,61.7512,0.47846,2.73522,2.62696,0,13.7073,16.0,2,30.056,0.431,0.7187,1,32.0,0.0,0.1094,0,743
task_env_weather_126577,clothing,16,135,0.89913,0.976613,1.0,0.886381,0,0.9709,0.94705,0.21369,0.01226,0.04467,2.6922,55.2145,0.51527,2.71492,2.62696,0,13.3807,16.0,2,28.646,0.4287,0.6914,1,31.96,0.0,0.172,0,729
task_env_weather_126577,clothing,16,136,0.945531,0.988372,0.119296,0.931731,0,0.98259,0.93312,0.21158,0.00136,0.00689,2.56116,62.9741,0.47511,2.72745,2.62696,0,15.1652,16.0,2,29.968,0.4239,0.697,1,32.0,0.0148,0.1298,0,736
task_env_weather_126577,clothing,17,137,0.979317,0.989589,1.0,0.97208,0,0.9838,0.9194,0.21409,0.0155,0.05851,2.45485,50.7097,0.4696,2.70902,2.62696,0,12.5922,16.0,2,29.958,0.4319,0.6719,1,31.795,0.0004,0.15,0,715
task_env_weather_126577,clothing,17,138,0.941141,0.974943,0.688209,0.927938,0,0.96924,0.94119,0.21507,0.00785,0.04699,2.57163,59.5366,0.51108,2.69557,2.62696,0,13.5647,16.0,2,29.841,0.4555,0.7056,1,31.004,0.0,0.1183,0,698
task_env_weather_126577,clothing,17,139,1000.0,0.989066,0.551227,0.877392,0,0.98328,0.95668,0.21371,0.00629,0.03394,2.71978,66.1845,0.30577,2.87554,2.62696,1,16.4578,16.0,2,31.299,0.3994,0.6948,1,31.137,0.0,0.1299,0,749
task_env_weather_126577,clothing,17,140,0.84282,0.969934,1.0,0.834373,0,0.96426,0.97476,0.22215,0.01433,0.05662,2.86001,56.697,0.40404,2.77707,2.62696,0,14.1541,16.0,2,30.817,0.3889,0.6827,1,31.933,0.0197,0.1385,0,720
task_env_weather_126577,clothing,17,141,1000.0,0.956013,0.500306,0.873415,0,0.95042,0.92833,0.21036,0.00571,0.04217,2.73217,80.3829,0.8097,2.62204,2.62696,1,22.4225,16.0,1,31.189,0.4044,0.6961,1,31.899,0.0,0.1276,0,749
task_env_weather_126577,clothing,17,142,0.942651,0.989499,0.435158,0.92875,0,0.98371,0.97394,0.21101,0.00496,0.02775,2.56938,57.5435,0.56064,2.70813,2.62696,0,14.5435,16.0,2,30.818,0.4252,0.7131,1,32.0,0.0,0.1484,0,723
task_env_weather_126577,clothing,17,143,0.992962,0.991792,1.0,0.994189,0,0.98599,0.96804,0.21472,0.01339,0.05085,2.40026,53.7486,0.4473,2.70964,2.62696,0,14.737,16.0,2,29.926,0.4059,0.6912,1,31.855,0.0197,0.0884,0,683
task_env_weather_126577,clothing,17,144,0.882809,0.956727,1.0,0.869813,0,0.95113,0.95112,0.22242,0.01152,0.0422,2.74348,61.715,0.41943,2.97178,2.62696,0,13.4425,16.0,2,30.556,0.416,0.6741,1,31.515,0.0559,0.1575,0,702
task_env_weather_126577,clothing,17,145,0.824342,0.971875,1.0,0.817599,0,0.96619,0.92863,0.22738,0.02018,0.07056,2.91869,57.6335,0.3776,2.80952,2.62696,0,14.6474,16.0,2,30.675,0.4262,0.7054,1,32.0,0.0023,0.1442,0,718
task_env_weather_126577,clothing,18,146,0.805793,0.974571,0.952513,0.800591,0,0.96887,0.92517,0.22221,0.01086,0.04704,2.98069,62.7917,0.37603,2.83399,2.62696,0,15.3285,16.0,2,30.185,0.4513,0.7147,1,32.0,0.0,0.1493,0,720
task_env_weather_126577,clothing,18,147,0.897233,0.985606,0.548511,0.885337,0,0.97984,0.97106,0.21305,0.00625,0.03423,2.69538,63.5233,0.40672,2.80343,2.62696,0,15.6935,16.0,2,30.807,0.408,0.6833,1,32.0,0.0,0.1514,0,721
task_env_weather_126577,clothing,18,148,1000.0,0.989911,0.406802,0.803023,0,0.98412,0.96702,0.21182,0.00464,0.02451,2.97167,63.8691,0.48981,2.77763,2.62696,1,16.4033,16.0,2,30.931,0.4147,0.7071,1,32.0,0.0211,0.1457,0,732
task_env_weather_126577,clothing,18,149,0.843428,0.971704,1.0,0.835082,0,0.96602,0.92758,0.2263,0.01833,0.06516,2.85758,58.8654,0.37702,2.8346,2.62696,0,14.8525,16.0,2,31.162,0.4433,0.7057,1,32.0,0.0036,0.1627,0,718
task_env_weather_126577,clothing,18,150,0.95389,0.992687,1.0,0.940286,0,0.98688,0.9072,0.21963,0.01313,0.04794,2.53786,48.5476,0.73507,2.6264,2.62696,0,12.4733,16.0,2,30.233,0.4274,0.705,1,32.0,0.0,0.1442,0,699
task_env_weather_126577,clothing,18,151,0.909585,0.979912,0.587234,0.89636,0,0.97418,0.90851,0.20958,0.0067,0.03094,2.66223,60.4244,0.59118,2.66646,2.62696,0,15.5243,16.0,2,30.319,0.454,0.7332,1,31.611,0.0,0.1372,0,703
task_env_weather_126577,clothing,18,152,0.872127,0.988865,1.0,0.862755,0,0.98308,0.9591,0.21591,0.01182,0.04957,2.76592,55.0109,0.53085,2.6975,2.62696,0,14.9152,16.0,2,30.729,0.4181,0.7227,1,31.617,0.0,0.1472,0,717
task_env_weather_126577,clothing,18,153,0.851615,0.985606,0.611223,0.843762,0,0.97984,0.97353,0.20502,0.00697,0.03315,2.82818,63.3452,0.29532,2.92541,2.62696,0,15.2669,16.0,2,31.161,0.4477,0.7034,1,31.994,0.0119,0.1626,0,700
task_env_weather_126577,clothing,18,154,0.962915,0.9898,0.192623,0.950632,0,0.98401,0.95886,0.21191,0.0022,0.01126,2.51024,61.1232,0.47907,2.6952,2.62696,0,14.8226,16.0,2,30.683,0.3909,0.6965,1,32.0,0.0196,0.1378,0,736
task_env_weather_126577,clothing,19,155,0.883204,0.970417,1.0,0.871212,0,0.96474,0.93609,0.22337,0.01554,0.05056,2.73907,57.6435,0.33359,2.79933,2.62696,0,13.9806,16.0,2,30.474,0.4605,0.7117,1,32.0,0.0,0.1376,0,733
task_env_weather_126577,clothing,19,156,0.909199,0.9898,0.230547,0.896681,0,0.98401,0.95176,0.20997,0.00263,0.00995,2.66128,50.7338,0.91538,2.54721,2.62696,0,12.4777,16.0,2,29.935,0.4382,0.7137,1,32.0,0.0,0.1472,0,724
task_env_weather_126577,clothing,19,157,0.990162,0.998602,0.402761,0.983876,0,0.99276,0.95807,0.21751,0.00459,0.02051,2.42542,54.5073,0.61797,2.63319,2.62696,0,13.2074,16.0,2,30.485,0.4448,0.7324,1,32.0,0.0,0.1555,0,709
task_env_weather_126577,clothing,19,158,0.93865,0.988704,0.669477,0.924727,0,0.98292,0.89804,0.21485,0.00763,0.03925,2.58056,65.4613,0.39051,2.72949,2.62696,0,15.7159,16.0,2,29.965,0.473,0.7099,1,31.964,0.0,0.1508,0,725
task_env_weather_126577,clothing,19,159,0.94444,0.976472,0.852195,0.931428,0,0.97076,0.97426,0.20873,0.00972,0.04353,2.562,61.7464,0.68979,2.5687,2.62696,0,15.7098,16.0,2,30.55,0.4269,0.7137,1,32.0,0.0033,0.1495,0,707
task_env_weather_126577,clothing,19,160,0.836054,0.971212,1.0,0.8283,0,0.96553,0.93587,0.22676,0.01853,0.0666,2.88098,59.5639,0.36509,2.84764,2.62696,0,15.0435,16.0,2,29.929,0.4519,0.7163,1,31.563,0.0,0.1474,0,718
task_env_weather_126577,clothing,19,161,0.907125,0.995504,0.431549,0.89523,0,0.98968,0.97767,0.21086,0.00492,0.03054,2.66559,54.8926,0.77455,2.573,2.62696,0,13.5001,16.0,2,30.544,0.4603,0.7153,1,32.0,0.0237,0.1526,0,713
task_env_weather_126577,clothing,19,162,0.9181,0.989096,0.165407,0.904916,0,0.98331,0.95795,0.20962,0.00189,0.00728,2.63706,51.7924,0.93869,2.54477,2.62696,0,12.6936,16.0,2,30.196,0.4573,0.7239,1,31.761,0.0021,0.1537,0,724
task_env_weather_126577,clothing,19,163,0.979156,0.988392,1.0,0.972442,0,0.98261,0.93024,0.21419,0.01523,0.06038,2.45394,53.7318,0.43715,2.69387,2.62696,0,13.3895,16.0,2,29.769,0.4435,0.7141,1,31.635,0.0,0.1353,0,715
task_env_weather_126577,clothing,20,164,0.91743,0.963979,1.0,0.903534,0,0.95834,0.94488,0.21537,0.0129,0.04549,2.64109,59.8675,0.29349,2.93525,2.62696,0,14.2944,16.0,2,30.03,0.4467,0.7175,1,32.0,0.0,0.1417,0,727
task_env_weather_126577,clothing,20,165,0.914165,0.989287,0.423203,0.90125,0,0.9835,0.97068,0.21099,0.00483,0.02666,2.64778,57.9564,0.56619,2.70496,2.62696,0,14.5553,16.0,2,29.951,0.4339,0.7087,1,31.85,0.0,0.1551,0,723
task_env_weather_126577,clothing,20,166,0.898664,0.954775,1.0,0.884816,0,0.94919,0.95089,0.21813,0.01723,0.06507,2.69696,69.77,0.27387,2.95337,2.62696,0,15.1751,16.0,2,30.164,0.4603,0.712,1,32.0,0.0,0.1614,0,719
task_env_weather_126577,clothing,20,167,0.846902,0.971966,1.0,0.838274,0,0.96628,0.92555,0.22703,0.01998,0.06944,2.8467,57.7543,0.37728,2.81061,2.62696,0,14.735,16.0,2,30.499,0.4158,0.712,1,31.878,0.0,0.1503,0,718
task_env_weather_126577,clothing,20,168,1000.0,0.978182,1.0,0.832284,0,0.97246,0.92145,0.22212,0.01258,0.04695,2.86719,70.4937,0.24418,3.06513,2.62696,1,17.0606,16.0,2,30.334,0.4592,0.7142,1,32.0,0.0024,0.1517,0,722
task_env_weather_126577,clothing,20,169,0.950478,0.967892,1.0,0.940425,0,0.96223,0.96796,0.21986,0.01381,0.04966,2.53749,55.3764,0.39265,2.77504,2.62696,0,13.8144,16.0,2,30.337,0.4364,0.7201,1,31.996,0.0068,0.1586,0,716
task_env_weather_126577,clothing,20,170,1000.0,0.976935,0.894894,0.848543,0,0.97122,0.9231,0.21498,0.0102,0.05945,2.81225,64.2234,0.42316,2.7513,2.62696,1,16.0471,16.0,2,30.082,0.4491,0.7183,1,32.0,0.0,0.148,0,711
task_env_weather_126577,clothing,20,171,0.870365,0.987567,0.734293,0.861035,0,0.98179,0.94251,0.2123,0.00837,0.0425,2.77145,50.6602,0.52071,2.7579,2.62696,0,12.6293,16.0,2,30.198,0.437,0.7154,1,32.0,0.0,0.158,0,706
task_env_weather_126577,clothing,20,172,0.917893,0.951084,1.0,0.904753,0,0.94552,0.93751,0.22265,0.02232,0.0761,2.63753,70.1913,0.26321,2.9785,2.62696,0,15.2978,16.0,2,29.99,0.4581,0.722,1,32.0,0.0113,0.1419,0,719
task_env_weather_126577,clothing,21,173,0.982562,0.988422,1.0,0.977822,0,0.98264,0.93319,0.21391,0.01499,0.05943,2.44044,53.3837,0.44184,2.70132,2.62696,0,13.3022,16.0,2,30.222,0.4397,0.7095,1,32.0,0.0028,0.1406,0,715
task_env_weather_126577,clothing,21,174,0.954879,0.967098,1.0,0.946746,0,0.96144,0.95155,0.21945,0.0137,0.04964,2.52054,53.4206,0.40373,2.75685,2.62696,0,13.434,16.0,2,30.029,0.4385,0.7001,1,32.0,0.0,0.153,0,716
task_env_weather_126577,clothing,21,175,0.901394,0.965015,1.0,0.887811,0,0.95937,0.94323,0.21555,0.01304,0.04554,2.68786,59.3978,0.29861,2.91226,2.62696,0,14.1757,16.0,2,29.92,0.4476,0.7108,1,32.0,0.0025,0.147,0,727
task_env_weather_126577,clothing,21,176,1000.0,0.96754,0.840641,0.780359,0,0.96188,0.91261,0.21596,0.00959,0.03975,3.05797,73.3984,0.23467,3.10116,2.62696,1,16.4421,16.0,2,30.311,0.445,0.7191,1,32.0,0.0002,0.1421,0,708
task_env_weather_126577,clothing,21,177,0.943865,0.95721,1.0,0.935261,0,0.95161,0.96659,0.21956,0.01848,0.07001,2.5515,68.4949,0.27463,2.94816,2.62696,0,15.0511,16.0,2,29.979,0.4477,0.7135,1,32.0,0.0029,0.1505,0,719
task_env_weather_126577,clothing,21,178,0.846743,0.970357,1.0,0.837987,0,0.96468,0.94676,0.22672,0.01796,0.06542,2.84767,60.4808,0.36049,2.85071,2.62696,0,15.1843,16.0,2,29.852,0.4692,0.7174,1,32.0,0.002,0.1483,0,718
task_env_weather_126577,clothing,21,179,0.896982,0.995343,0.365387,0.88595,0,0.98952,0.97798,0.21013,0.00417,0.02563,2.69351,55.0218,0.76817,2.57415,2.62696,0,13.5452,16.0,2,29.935,0.4487,0.7197,1,31.933,0.0,0.1554,0,713
task_env_weather_126577,clothing,21,180,0.842836,0.971242,1.0,0.834502,0,0.96556,0.93373,0.22719,0.01936,0.06885,2.85957,58.6121,0.3726,2.83768,2.62696,0,14.821,16.0,2,30.65,0.4438,0.7076,1,32.0,0.0029,0.1478,0,718
task_env_weather_126577,clothing,21,181,0.903372,0.96589,0.958022,0.88974,0,0.96024,0.93882,0.21862,0.01092,0.04709,2.68204,60.8192,0.38815,2.79179,2.62696,0,14.6316,16.0,2,30.515,0.4648,0.7066,1,31.849,0.0,0.1516,0,726
task_env_weather_126577,clothing,22,182,0.90588,0.989297,0.202907,0.893581,0,0.98351,0.94411,0.20984,0.00231,0.00878,2.67051,51.1159,0.93482,2.53255,2.62696,0,12.4949,16.0,2,30.289,0.455,0.7125,1,32.0,0.0018,0.1506,0,724
task_env_weather_126577,clothing,22,183,0.987098,0.987889,1.0,0.986332,0,0.98211,0.96348,0.21455,0.01525,0.0608,2.41938,54.1032,0.44191,2.69524,2.62696,0,13.3924,16.0,2,30.447,0.4544,0.7097,1,32.0,0.0049,0.1481,0,715
task_env_weather_126577,clothing,22,184,1000.0,0.982447,0.65823,0.860804,0,0.9767,0.90537,0.21432,0.00751,0.04376,2.77219,67.1868,0.37309,2.87986,2.62696,1,16.8486,16.0,2,30.218,0.4426,0.7191,1,31.914,0.0,0.1363,0,721
task_env_weather_126577,clothing,22,185,0.910738,0.995584,0.461329,0.898553,0,0.98976,0.92498,0.21123,0.00526,0.03273,2.65573,54.557,0.76838,2.59078,2.62696,0,13.4245,16.0,2,30.232,0.4521,0.7142,1,32.0,0.0009,0.1491,0,713
task_env_weather_126577,clothing,22,186,0.885295,0.951687,1.0,0.871848,0,0.94612,0.96033,0.21936,0.01869,0.06879,2.73708,69.5154,0.2686,2.964,2.62696,0,15.1414,16.0,2,30.144,0.4604,0.7134,1,31.777,0.0,0.1445,0,719
task_env_weather_126577,clothing,22,187,0.836004,0.970779,1.0,0.828218,0,0.9651,0.92727,0.22653,0.01816,0.06581,2.88126,60.0226,0.36276,2.85174,2.62696,0,15.1468,16.0,2,30.168,0.4524,0.7203,1,31.938,0.0106,0.1511,0,718
task_env_weather_126577,clothing,22,188,0.845957,0.971242,1.0,0.837349,0,0.96556,0.92774,0.22615,0.01784,0.06449,2.84985,59.7115,0.36786,2.84039,2.62696,0,15.0562,16.0,2,29.717,0.4512,0.7147,1,32.0,0.0112,0.1569,0,718
task_env_weather_126577,clothing,22,189,0.904415,0.964351,1.0,0.890681,0,0.95871,0.94793,0.2156,0.01284,0.04583,2.6792,60.2842,0.29356,2.95129,2.62696,0,14.3036,16.0,2,30.146,0.4608,0.7119,1,32.0,0.01,0.1501,0,727
task_env_weather_126577,clothing,22,190,0.852272,0.977529,0.859047,0.843661,0,0.97181,0.92603,0.21446,0.0098,0.05728,2.82852,63.8642,0.42509,2.73097,2.62696,0,15.9357,16.0,2,30.03,0.4505,0.7132,1,32.0,0.0,0.1458,0,711
task_env_weather_126577,clothing,23,191,0.835353,0.970759,1.0,0.82762,0,0.96508,0.92971,0.22693,0.01854,0.06692,2.88335,59.6514,0.36548,2.82624,2.62696,0,15.015,16.0,2,30.08,0.4594,0.7125,1,31.924,0.0029,0.1466,0,718
task_env_weather_126577,clothing,23,192,1000.0,0.978011,1.0,0.838543,0,0.97229,0.92497,0.22183,0.01235,0.04628,2.84579,70.1041,0.24618,3.07178,2.62696,1,17.0051,16.0,2,30.18,0.451,0.7154,1,32.0,0.0053,0.1528,0,722
task_env_weather_126577,clothing,23,193,0.916783,0.989197,0.350309,0.903688,0,0.98341,0.95006,0.21042,0.00399,0.02227,2.64064,58.9677,0.5629,2.71382,2.62696,0,14.7507,16.0,2,30.137,0.451,0.7138,1,31.949,0.0009,0.1492,0,723
task_env_weather_126577,clothing,23,194,0.868697,0.988744,0.982074,0.859623,0,0.98296,0.93675,0.2159,0.0112,0.04773,2.776,56.2745,0.53758,2.67949,2.62696,0,15.1707,16.0,2,30.206,0.4553,0.7217,1,32.0,0.0,0.1516,0,717
task_env_weather_126577,clothing,23,195,0.981169,0.988181,1.0,0.975706,0,0.9824,0.9305,0.21392,0.0148,0.0587,2.44573,53.8862,0.44071,2.70181,2.62696,0,13.3904,16.0,2,30.205,0.4468,0.7118,1,32.0,0.0,0.1447,0,715
task_env_weather_126577,clothing,23,196,0.998769,0.997596,0.611825,1.0,0,0.99176,0.9217,0.21366,0.00698,0.02909,2.26732,43.8117,1.22407,2.5309,2.62696,0,11.3543,16.0,2,30.197,0.4521,0.717,1,32.0,0.0,0.1487,0,714
task_env_weather_126577,clothing,23,197,0.924428,0.991239,0.644242,0.911003,0,0.98544,0.96567,0.21187,0.00735,0.0307,2.61944,50.5867,0.69586,2.6612,2.62696,0,12.3753,16.0,2,30.152,0.444,0.7166,1,31.837,0.0034,0.1509,0,712
task_env_weather_126577,clothing,23,198,0.904494,0.988865,0.173671,0.892271,0,0.98308,0.93412,0.20973,0.00198,0.00762,2.67443,51.4841,0.93369,2.54331,2.62696,0,12.6236,16.0,2,30.329,0.4511,0.7192,1,31.938,0.0005,0.1565,0,724
task_env_weather_126577,clothing,23,199,0.835734,0.970789,1.0,0.827971,0,0.96511,0.9292,0.22703,0.01886,0.06776,2.88212,59.3311,0.37015,2.81471,2.62696,0,14.9649,16.0,2,30.27,0.4504,0.7112,1,31.951,0.0,0.1542,0,718
task_env_weather_126577,clothing,24,200,0.907532,0.954303,1.0,0.893633,0,0.94872,0.93338,0.219,0.01815,0.06782,2.67035,69.4038,0.27092,2.97534,2.62696,0,15.1759,16.0,2,30.07,0.4515,0.7175,1,31.993,0.0011,0.1518,0,719
task_env_weather_126577,clothing,24,201,0.871572,0.98966,0.975099,0.862322,0,0.98387,0.93096,0.21558,0.01112,0.04779,2.76731,55.4088,0.54039,2.66956,2.62696,0,14.935,16.0,2,30.107,0.4488,0.713,1,31.901,0.0029,0.1494,0,717
task_env_weather_126577,clothing,24,202,0.921166,0.955127,1.0,0.907947,0,0.94954,0.94884,0.21885,0.01786,0.06813,2.62825,69.0108,0.27308,2.97502,2.62696,0,15.1113,16.0,2,30.184,0.45,0.7151,1,32.0,0.0,0.152,0,719
task_env_weather_126577,clothing,24,203,0.918058,0.956807,1.0,0.904457,0,0.95121,0.95025,0.21907,0.01805,0.06761,2.6384,68.5331,0.27306,2.96177,2.62696,0,15.0659,16.0,2,30.209,0.4481,0.7146,1,31.962,0.0025,0.1477,0,719
task_env_weather_126577,clothing,24,204,0.82017,0.974209,0.920231,0.813926,0,0.96851,0.94581,0.22173,0.01049,0.04605,2.93186,62.9026,0.37369,2.82561,2.62696,0,15.3762,16.0,2,30.368,0.4502,0.7184,1,32.0,0.0034,0.1459,0,720
task_env_weather_126577,clothing,24,205,0.868499,0.988925,0.940282,0.859459,0,0.98314,0.93996,0.21532,0.01072,0.04632,2.77653,55.9323,0.53786,2.67892,2.62696,0,15.092,16.0,2,30.169,0.4505,0.7196,1,31.883,0.0,0.1513,0,717
task_env_weather_126577,clothing,24,206,0.928057,0.954946,1.0,0.915773,0,0.94936,0.93555,0.21875,0.01778,0.06645,2.60579,68.6813,0.27194,2.97984,2.62696,0,15.1093,16.0,2,30.048,0.4469,0.717,1,31.922,0.0,0.1481,0,719
task_env_weather_126577,clothing,24,207,1000.0,0.979319,1.0,0.843987,0,0.97359,0.91352,0.2218,0.01241,0.04656,2.82743,69.3467,0.24881,3.04468,2.62696,1,16.8487,16.0,2,30.344,0.4498,0.7102,1,32.0,0.0,0.148,0,722
task_env_weather_126577,clothing,24,208,0.903887,0.96416,1.0,0.890165,0,0.95852,0.94239,0.21608,0.01352,0.04765,2.68076,59.8638,0.29475,2.94021,2.62696,0,14.2693,16.0,2,30.219,0.4507,0.7144,1,32.0,0.0048,0.1456,0,727
task_env_weather_126577,clothing,25,209,1000.0,0.978384,1.0,0.844114,0,0.97266,0.91961,0.22176,0.01238,0.0466,2.82701,70.034,0.24456,3.0605,2.62696,1,16.9989,16.0,2,30.167,0.4503,0.7168,1,31.957,0.0002,0.147,0,722
task_env_weather_126577,clothing,25,210,1000.0,0.982296,0.611322,0.849548,0,0.97655,0.92154,0.21413,0.00697,0.04132,2.80892,67.7868,0.37444,2.87103,2.62696,1,16.9984,16.0,2,30.33,0.4544,0.7159,1,32.0,0.004,0.1474,0,721
task_env_weather_126577,clothing,25,211,0.811998,0.97441,0.862716,0.806362,0,0.96871,0.94493,0.22121,0.00984,0.04339,2.95936,62.7178,0.37659,2.82836,2.62696,0,15.3239,16.0,2,30.141,0.4499,0.7145,1,32.0,0.0,0.1512,0,720
task_env_weather_126577,clothing,25,212,0.961603,0.966263,1.0,0.957678,0,0.96061,0.95339,0.22025,0.01411,0.05176,2.49177,56.0417,0.39125,2.76884,2.62696,0,13.791,16.0,2,30.092,0.4506,0.7166,1,32.0,0.0,0.1501,0,716
task_env_weather_126577,clothing,25,213,0.842293,0.971393,1.0,0.834019,0,0.96571,0.92652,0.22618,0.018,0.06518,2.86123,59.3105,0.36896,2.83533,2.62696,0,14.961,16.0,2,30.145,0.4517,0.7114,1,31.934,0.0,0.1507,0,718
task_env_weather_126577,clothing,25,214,0.865408,0.989096,0.966083,0.856658,0,0.98331,0.92431,0.21559,0.01102,0.0466,2.78561,55.6832,0.54116,2.6874,2.62696,0,15.0004,16.0,2,30.128,0.4559,0.7137,1,32.0,0.0,0.15,0,717
task_env_weather_126577,clothing,25,215,0.968671,0.966414,1.0,0.971152,0,0.96076,0.941,0.22016,0.01406,0.05133,2.4572,55.9522,0.39157,2.77527,2.62696,0,13.7665,16.0,2,30.156,0.452,0.7153,1,31.993,0.0029,0.1479,0,716
task_env_weather_126577,clothing,25,216,1000.0,0.978695,1.0,0.84425,0,0.97297,0.92468,0.22198,0.01253,0.04683,2.82655,70.0301,0.24608,3.07135,2.62696,1,16.9797,16.0,2,30.06,0.452,0.7143,1,31.924,0.0,0.1504,0,722
task_env_weather_126577,clothing,25,217,0.813323,0.974249,0.979961,0.807582,0,0.96855,0.93101,0.22251,0.01117,0.04911,2.95489,62.8498,0.37582,2.81415,2.62696,0,15.3291,16.0,2,30.067,0.4541,0.7141,1,31.967,0.0043,0.1471,0,720
task_env_weather_126577,clothing,26,218,0.813142,0.974028,0.858524,0.807398,0,0.96833,0.92617,0.2211,0.00979,0.04202,2.95556,62.5283,0.37826,2.83071,2.62696,0,15.2673,16.0,2,30.234,0.4501,0.7116,1,32.0,0.0013,0.1514,0,720
task_env_weather_126577,clothing,26,219,0.809987,0.973404,0.953695,0.804421,0,0.96771,0.9443,0.22226,0.01088,0.04663,2.9665,62.8965,0.37559,2.81718,2.62696,0,15.3501,16.0,2,30.141,0.4526,0.7153,1,31.984,0.0032,0.149,0,720
task_env_weather_126577,clothing,26,220,0.8067,0.973334,0.994755,0.801355,0,0.96764,0.93838,0.22272,0.01134,0.04881,2.97785,62.9079,0.37513,2.82474,2.62696,0,15.3532,16.0,2,30.229,0.4531,0.7155,1,31.983,0.0,0.1479,0,720
task_env_weather_126577,clothing,26,221,0.906455,0.95385,1.0,0.892547,0,0.94827,0.91462,0.21884,0.01795,0.0673,2.6736,69.1903,0.27151,2.97468,2.62696,0,15.1356,16.0,2,30.157,0.4514,0.716,1,31.987,0.0,0.1501,0,719
task_env_weather_126577,clothing,26,222,1000.0,0.982709,0.606871,0.867731,0,0.97696,0.93671,0.21406,0.00692,0.04122,2.75006,67.4017,0.37718,2.86166,2.62696,1,16.8872,16.0,2,30.193,0.4491,0.7136,1,31.992,0.0,0.1485,0,721
task_env_weather_126577,clothing,26,223,0.877,0.989197,1.0,0.867217,0,0.98341,0.93065,0.2161,0.01155,0.04952,2.75169,55.7615,0.5395,2.67491,2.62696,0,15.0221,16.0,2,30.301,0.4529,0.7159,1,32.0,0.0017,0.1494,0,717
task_env_weather_126577,clothing,26,224,0.806919,0.974169,0.975294,0.801615,0,0.96847,0.91886,0.22235,0.01112,0.04763,2.97689,62.6124,0.37615,2.81692,2.62696,0,15.2982,16.0,2,30.13,0.4507,0.7139,1,32.0,0.0,0.1469,0,720
task_env_weather_126577,clothing,26,225,0.813597,0.973998,0.906059,0.807819,0,0.9683,0.92602,0.22152,0.01033,0.04458,2.95402,62.5058,0.37728,2.82172,2.62696,0,15.2573,16.0,2,30.227,0.4516,0.7116,1,32.0,0.0007,0.1466,0,720
task_env_weather_126577,clothing,26,226,0.843837,0.970759,1.0,0.835373,0,0.96508,0.92795,0.22683,0.01867,0.06667,2.85659,59.4029,0.3664,2.83708,2.62696,0,15.0086,16.0,2,30.214,0.4498,0.7151,1,31.92,0.0005,0.1479,0,718
task_env_weather_126577,clothing,27,227,0.798439,0.973606,0.955212,0.793649,0,0.96791,0.91385,0.22228,0.01089,0.04743,3.00676,62.8407,0.37608,2.81701,2.62696,0,15.3245,16.0,2,30.178,0.4542,0.7136,1,31.984,0.0,0.148,0,720
task_env_weather_126577,clothing,27,228,0.840813,0.971312,1.0,0.83266,0,0.96563,0.92847,0.22683,0.01866,0.06709,2.8659,59.4455,0.36632,2.85167,2.62696,0,15.0297,16.0,2,30.135,0.4487,0.7162,1,31.998,0.0016,0.1496,0,718
task_env_weather_126577,clothing,27,229,0.937456,0.953699,1.0,0.927783,0,0.94812,0.94822,0.21883,0.01787,0.06707,2.57206,68.9438,0.2724,2.97609,2.62696,0,15.0981,16.0,2,30.187,0.4511,0.7145,1,31.973,0.0,0.1493,0,719
task_env_weather_126577,clothing,27,230,1000.0,0.978202,1.0,0.841804,0,0.97248,0.91608,0.22191,0.01248,0.04662,2.83476,69.8108,0.24704,3.06146,2.62696,1,16.944,16.0,2,30.134,0.4493,0.7141,1,31.94,0.0,0.1502,0,722
task_env_weather_126577,clothing,27,231,0.93655,0.95384,1.0,0.926535,0,0.94826,0.94127,0.21909,0.01818,0.06836,2.57553,69.0866,0.27182,2.98589,2.62696,0,15.1108,16.0,2,30.183,0.4529,0.7144,1,32.0,0.0,0.1492,0,719
task_env_weather_126577,clothing,27,232,0.804316,0.974642,0.862373,0.799216,0,0.96894,0.94621,0.22117,0.00983,0.04409,2.98582,62.8101,0.37582,2.81845,2.62696,0,15.3336,16.0,2,30.192,0.4519,0.7149,1,31.984,0.0031,0.1485,0,720
task_env_weather_126577,clothing,27,233,0.809645,0.97444,0.918588,0.804174,0,0.96874,0.94681,0.22185,0.01048,0.04578,2.96741,62.8207,0.37578,2.83373,2.62696,0,15.3451,16.0,2,30.193,0.4509,0.7155,1,32.0,0.0013,0.15,0,720
task_env_weather_126577,clothing,27,234,0.81277,0.974702,0.853442,0.8071,0,0.969,0.9439,0.22101,0.00973,0.04193,2.95665,62.6844,0.37593,2.83111,2.62696,0,15.3201,16.0,2,30.162,0.4499,0.715,1,31.965,0.0,0.1486,0,720
task_env_weather_126577,clothing,27,235,0.933722,0.95564,1.0,0.922439,0,0.95005,0.94915,0.21909,0.01809,0.06809,2.58696,68.6829,0.27275,2.96388,2.62696,0,15.0836,16.0,2,30.203,0.449,0.7149,1,31.975,0.0004,0.1486,0,719
task_env_weather_126577,clothing,28,236,1000.0,0.982115,0.611095,0.85196,0,0.97637,0.91738,0.21413,0.00697,0.04143,2.80097,67.5956,0.3762,2.8713,2.62696,1,16.9378,16.0,2,30.155,0.455,0.7129,1,31.935,0.0002,0.1475,0,721
task_env_weather_126577,clothing,28,237,1000.0,0.982397,0.636975,0.850965,0,0.97665,0.922,0.21441,0.00726,0.04272,2.80425,67.6264,0.37576,2.86885,2.62696,1,16.9494,16.0,2,30.172,0.454,0.714,1,31.988,0.0,0.1475,0,721
task_env_weather_126577,clothing,28,238,0.891892,0.953749,1.0,0.878232,0,0.94817,0.93115,0.21936,0.01846,0.06772,2.71718,69.0168,0.27185,2.99565,2.62696,0,15.0923,16.0,2,30.229,0.4547,0.7129,1,32.0,0.0015,0.1481,0,719
task_env_weather_126577,clothing,28,239,1000.0,0.983151,0.613777,0.852257,0,0.9774,0.90444,0.21423,0.007,0.04251,2.8,67.6502,0.37633,2.86385,2.62696,1,16.9549,16.0,2,30.168,0.455,0.7132,1,31.981,0.0,0.1492,0,721
task_env_weather_126577,clothing,28,240,0.807944,0.973163,1.0,0.802502,0,0.96747,0.91715,0.22284,0.01142,0.04891,2.97359,62.9112,0.3756,2.81643,2.62696,0,15.3428,16.0,2,30.198,0.4549,0.7143,1,31.966,0.0,0.1478,0,720
task_env_weather_195273,background,1,1,0.991122,0.992439,0.834946,0.989871,0,0.90039,0.83717,0.21096,0.02552,0.08932,4.82527,32.4492,0.86475,4.70595,4.84527,0,8.4675,16.0,1,24.0,0.0,0.5,1,24.0,0.0,0.5,1,0
task_env_weather_195273,background,2,2,0.994185,0.989474,0.885381,1.0,0,0.8977,0.80012,0.21591,0.02706,0.08658,4.68935,42.2159,0.84434,4.78096,4.84527,0,11.3149,16.0,8,20.714,0.0,0.689,1,8.336,0.2118,0.7786,1,0
task_env_weather_195273,background,2,3,0.996262,0.993012,0.883326,1.0,0,0.90091,0.85436,0.21644,0.027,0.09257,4.77021,41.6376,0.85509,4.66561,4.84527,0,11.7849,16.0,1,26.039,0.0,0.866,1,25.374,0.0,0.6241,1,0
task_env_weather_195273,background,2,4,0.996792,0.993949,1.0,1.0,0,0.90176,0.0,0.22909,0.03529,0.1332,4.67067,47.4796,0.872,4.62806,4.84527,0,13.637,16.0,2,32.0,0.4934,0.7576,1,32.0,0.0,0.237,1,0
task_env_weather_195273,background,2,5,0.997878,0.995922,0.873471,1.0,0,0.90355,0.83211,0.21516,0.0267,0.09661,4.64569,32.4605,0.87235,4.66704,4.84527,0,9.2548,16.0,2,9.3,0.1008,0.6805,1,26.901,0.0,0.3335,1,0
task_env_weather_195273,background,2,6,0.996835,0.994026,0.795689,1.0,0,0.90183,0.87953,0.20747,0.02432,0.0906,4.61259,26.5479,0.86917,4.77961,4.84527,0,5.9602,16.0,1,27.227,0.0,0.1959,1,21.014,0.0994,0.4272,1,0
task_env_weather_195273,background,2,7,0.994839,0.990565,0.853548,1.0,0,0.89869,0.82294,0.22166,0.02609,0.10752,4.44424,33.8404,0.86891,4.67367,4.84527,0,9.0292,16.0,1,15.417,0.5771,1.0,1,13.567,0.0,0.2802,1,13
task_env_weather_195273,background,2,8,1000.0,0.969336,0.58328,1.0,0,0.87943,0.84766,0.22006,0.01783,0.07285,4.41993,83.8001,0.75832,4.71169,4.84527,1,25.1083,16.0,1,22.505,0.9938,1.0,1,20.237,0.0,0.9095,1,409
task_env_weather_195273,background,2,9,0.995468,0.991634,0.911562,1.0,0,0.89966,0.0,0.21736,0.02786,0.09216,4.76439,41.9041,0.85151,4.72336,4.84527,0,11.6345,16.0,2,4.576,0.0,0.795,2,24.64,0.1176,0.6835,1,6
task_env_weather_195273,background,2,10,0.995711,0.992053,0.903063,1.0,0,0.90004,0.86235,0.21453,0.0276,0.10652,4.58924,27.8014,0.87524,4.76694,4.84527,0,7.8866,16.0,1,32.0,0.0,0.6503,1,31.966,0.0,0.286,1,0
task_env_weather_195273,background,3,11,0.993803,0.988845,0.847993,1.0,0,0.89713,0.82137,0.21053,0.02592,0.08709,4.73557,35.4508,0.86029,4.76169,4.84527,0,8.9265,16.0,1,31.12,0.0968,0.4673,1,18.994,0.1078,0.6416,1,0
task_env_weather_195273,background,3,12,0.995346,0.991425,0.799397,1.0,0,0.89947,0.84107,0.20796,0.02443,0.08732,4.53116,28.9779,0.86543,4.7566,4.84527,0,6.6245,16.0,4,32.0,0.0,0.2123,1,31.355,0.0,0.4922,1,0
task_env_weather_195273,background,3,13,0.995881,0.992362,0.804783,0.999979,0,0.90032,0.85953,0.2098,0.0246,0.08603,4.7765,32.0595,0.86475,4.74687,4.84527,0,8.279,16.0,1,15.134,0.0,0.4701,1,21.896,0.0,0.5011,1,0
task_env_weather_195273,background,3,14,0.996304,1.0,0.908605,0.993086,0,0.90748,0.83388,0.21368,0.02777,0.10112,4.80965,44.8026,0.87858,4.66934,4.84527,0,11.8408,16.0,1,32.0,0.7736,0.6915,8,30.033,0.0,0.8267,1,23
task_env_weather_195273,background,3,15,0.994457,0.989926,0.918889,1.0,0,0.89811,0.80916,0.21591,0.02809,0.08864,4.71557,44.7088,0.83466,4.73116,4.84527,0,11.7204,16.0,1,20.029,0.0,0.6566,1,27.89,0.1314,0.9101,1,0
task_env_weather_195273,background,3,16,0.991622,0.990532,0.748507,0.992762,0,0.89866,0.83255,0.20642,0.02288,0.07784,4.81122,32.7251,0.85738,4.7484,4.84527,0,7.4728,16.0,4,32.0,0.0,0.2022,2,29.525,0.0,0.6142,1,0
task_env_weather_195273,background,3,17,0.985364,0.989661,0.763885,0.981699,0,0.89787,0.83503,0.20591,0.02335,0.07756,4.86544,34.536,0.85186,4.72544,4.84527,0,7.6357,16.0,8,32.0,0.1291,0.1399,1,17.291,0.0,0.6933,1,0
task_env_weather_195273,background,3,18,0.993884,0.988978,0.712046,1.0,0,0.89725,0.8521,0.20639,0.02176,0.07669,4.67105,29.8569,0.86562,4.75684,4.84527,0,6.9971,16.0,1,32.0,0.0456,0.2699,2,14.583,0.2877,0.489,1,40
task_env_weather_195273,background,3,19,0.993411,0.988206,0.848823,1.0,0,0.89655,0.83277,0.20861,0.02594,0.08401,4.7368,40.0315,0.83752,4.73663,4.84527,0,8.9061,16.0,2,27.421,0.0,0.1808,1,24.506,0.0,0.8856,1,0
task_env_weather_195273,background,4,20,0.994793,0.990488,0.671709,1.0,0,0.89862,0.82358,0.2068,0.02053,0.07011,4.71161,35.5773,0.85153,4.71604,4.84527,0,8.2601,16.0,4,32.0,0.2317,0.2484,1,23.631,0.1576,0.6781,1,379
task_env_weather_195273,background,4,21,0.995858,0.992306,0.868053,1.0,0,0.90027,0.84637,0.2103,0.02653,0.10823,4.50348,21.2496,0.87661,4.75095,4.84527,0,4.8225,16.0,2,28.285,0.0774,0.2059,1,13.181,0.0,0.2709,1,0
task_env_weather_195273,background,4,22,0.996092,0.992714,0.753044,1.0,0,0.90064,0.82798,0.20569,0.02302,0.07709,4.6582,36.0877,0.84638,4.76338,4.84527,0,7.6438,16.0,4,30.909,0.0,0.05,1,14.64,0.0,0.7627,1,0
task_env_weather_195273,background,4,23,0.992358,0.991017,0.793224,0.993774,0,0.8991,0.83591,0.20668,0.02424,0.07828,4.80632,37.306,0.84444,4.76192,4.84527,0,8.1371,16.0,8,32.0,0.3694,0.1247,1,20.868,0.0,0.7965,1,0
task_env_weather_195273,background,4,24,0.993329,0.988074,0.661736,1.0,0,0.89643,0.82216,0.20632,0.02023,0.06848,4.6403,35.6914,0.853,4.71143,4.84527,0,8.5092,16.0,8,32.0,0.1959,0.3241,1,22.307,0.2757,0.6667,1,340
task_env_weather_195273,background,4,25,0.992828,0.987269,0.856279,1.0,0,0.8957,0.81865,0.21095,0.02617,0.08342,4.74017,41.1476,0.83858,4.70069,4.84527,0,9.9009,16.0,16,32.0,0.07,0.3756,2,11.004,0.0,0.8737,1,0
task_env_weather_195273,background,4,26,0.992886,0.994026,0.690578,0.991795,0,0.90183,0.8409,0.20472,0.02111,0.07246,4.81591,33.263,0.85149,4.72055,4.84527,0,6.9675,16.0,8,32.0,0.0,0.05,1,19.698,0.276,0.6743,1,0
task_env_weather_195273,background,4,27,0.983726,0.989584,0.769891,0.978987,0,0.8978,0.8348,0.20785,0.02353,0.07881,4.87892,34.9147,0.85302,4.74458,4.84527,0,8.079,16.0,8,32.0,0.0,0.2357,2,6.14,0.027,0.6791,1,49
task_env_weather_195273,background,4,28,0.99635,0.993166,0.721524,1.0,0,0.90105,0.84386,0.2057,0.02205,0.0782,4.7502,33.2074,0.85512,4.70135,4.84527,0,6.9484,16.0,8,32.0,0.0,0.05,8,15.927,0.7706,0.6417,1,0
task_env_weather_195273,background,5,29,0.995468,0.991634,0.877886,1.0,0,0.89966,0.8297,0.20791,0.02683,0.09235,4.65061,33.5219,0.85952,4.72808,4.84527,0,7.6928,16.0,8,30.948,0.0,0.1998,1,5.641,0.3798,0.5932,1,202
task_env_weather_195273,background,5,30,0.994051,0.989253,0.782408,1.0,0,0.8975,0.86916,0.20846,0.02391,0.08589,4.6234,28.6665,0.86692,4.74926,4.84527,0,6.7533,16.0,8,32.0,0.0,0.2713,2,9.664,0.1056,0.4665,1,0
task_env_weather_195273,background,5,31,0.996835,0.994026,0.788281,1.0,0,0.90183,0.83648,0.20642,0.02409,0.0796,4.75976,38.0612,0.84083,4.72257,4.84527,0,8.0478,16.0,8,28.513,0.0,0.05,2,10.487,0.0,0.8372,1,0
task_env_weather_195273,background,5,32,0.992028,0.986002,0.827917,1.0,0,0.89455,0.82382,0.20987,0.0253,0.08313,4.63785,38.9079,0.84362,4.73648,4.84527,0,9.1261,16.0,4,29.461,0.0,0.2974,4,7.361,0.0,0.8051,1,65
task_env_weather_195273,background,5,33,0.995074,0.990962,0.820143,1.0,0,0.89905,0.83611,0.20733,0.02507,0.08233,4.74427,38.4125,0.84066,4.70607,4.84527,0,8.3269,16.0,16,32.0,0.1695,0.108,1,10.637,0.003,0.8415,1,283
task_env_weather_195273,background,5,34,0.9919,0.985803,0.822558,1.0,0,0.89437,0.82312,0.20951,0.02514,0.08042,4.75036,40.0595,0.84147,4.69534,4.84527,0,9.5751,16.0,4,29.202,0.0,0.352,2,3.465,0.0,0.8337,1,0
task_env_weather_195273,background,5,35,0.993199,0.987864,0.82266,1.0,0,0.89624,0.83216,0.20943,0.02514,0.08134,4.73379,40.1165,0.84002,4.76911,4.84527,0,9.4101,16.0,16,31.8,0.0,0.3055,2,3.656,0.0,0.8532,1,186
task_env_weather_195273,background,5,36,0.994747,0.990411,0.749654,1.0,0,0.89855,0.84056,0.20529,0.02291,0.07795,4.76709,32.2623,0.85676,4.69564,4.84527,0,7.0168,16.0,4,31.749,0.0459,0.105,4,5.41,0.0,0.6208,1,0
task_env_weather_195273,background,5,37,0.989802,0.989165,0.766903,0.990456,0,0.89742,0.82594,0.20821,0.02344,0.0781,4.82242,34.2785,0.85516,4.7515,4.84527,0,8.0828,16.0,8,32.0,0.0,0.2733,4,9.13,0.0,0.647,1,272
task_env_weather_195273,background,6,38,0.994576,0.990124,0.827762,1.0,0,0.89829,0.82823,0.20707,0.0253,0.08519,4.6672,35.5864,0.84988,4.68721,4.84527,0,7.6189,16.0,8,32.0,0.0,0.0637,1,7.335,0.1196,0.7192,1,56
task_env_weather_195273,background,6,39,0.988098,0.987909,0.803578,0.988289,0,0.89628,0.8347,0.20576,0.02456,0.0807,4.833,34.4434,0.8537,4.74998,4.84527,0,7.6333,16.0,8,30.07,0.1789,0.1328,1,3.803,0.1872,0.6854,1,148
task_env_weather_195273,background,6,40,0.991669,0.986839,0.791855,0.997668,0,0.89531,0.82922,0.20882,0.0242,0.07931,4.78756,38.2003,0.84437,4.72905,4.84527,0,8.8289,16.0,4,29.64,0.0,0.2572,2,4.854,0.0939,0.7919,1,14
task_env_weather_195273,background,6,41,0.996443,0.993331,0.722695,1.0,0,0.9012,0.85066,0.20477,0.02209,0.07738,4.70291,29.9087,0.86103,4.73519,4.84527,0,6.2565,16.0,4,32.0,0.0682,0.05,2,17.676,0.0849,0.5541,1,86
task_env_weather_195273,background,6,42,0.993063,0.987644,0.691643,1.0,0,0.89604,0.83351,0.20716,0.02114,0.06983,4.7608,38.0719,0.84656,4.71497,4.84527,0,8.9446,16.0,8,29.747,0.4565,0.2564,2,4.363,0.2382,0.7565,1,132
task_env_weather_195273,background,6,43,0.991254,0.986035,0.822708,0.997867,0,0.89458,0.82159,0.20999,0.02515,0.08071,4.78661,38.6538,0.84639,4.73107,4.84527,0,9.401,16.0,8,31.472,0.0,0.3802,2,4.462,0.0,0.7679,1,37
task_env_weather_195273,background,6,44,0.994477,0.989959,0.790354,1.0,0,0.89814,0.84032,0.20646,0.02416,0.07997,4.76779,38.1952,0.84068,4.69974,4.84527,0,8.1303,16.0,8,32.0,0.0,0.0655,2,7.958,0.0,0.8399,1,111
task_env_weather_195273,background,6,45,0.993672,0.988768,0.874219,0.999784,0,0.89706,0.8389,0.20741,0.02672,0.08921,4.77743,34.6316,0.85296,4.72844,4.84527,0,7.7858,16.0,4,32.0,0.2314,0.1749,1,7.55,0.3701,0.68,1,110
task_env_weather_195273,background,6,46,0.993526,0.988393,0.756503,1.0,0,0.89672,0.82091,0.2077,0.02312,0.07758,4.61551,36.7483,0.85045,4.72801,4.84527,0,8.7142,16.0,4,32.0,0.0,0.3007,1,9.054,0.1564,0.7066,1,77
task_env_weather_195273,background,7,47,0.995067,0.990951,0.723881,1.0,0,0.89904,0.84494,0.20461,0.02212,0.07636,4.76558,31.6343,0.85779,4.70562,4.84527,0,6.7724,16.0,4,32.0,0.101,0.0806,2,5.887,0.0,0.6041,1,56
task_env_weather_195273,background,7,48,0.991985,0.985936,0.754175,1.0,0,0.89449,0.82666,0.2069,0.02305,0.07658,4.71539,36.8545,0.8462,4.7304,4.84527,0,8.3155,16.0,8,31.305,0.0,0.2014,4,7.35,0.1203,0.7597,1,0
task_env_weather_195273,background,7,49,0.987812,0.98997,0.711881,0.985825,0,0.89815,0.8244,0.20623,0.02176,0.07381,4.84508,32.7907,0.85845,4.76007,4.84527,0,7.6989,16.0,8,30.304,0.0,0.2595,1,5.09,0.0112,0.6009,1,33
task_env_weather_195273,background,7,50,0.992874,0.989981,0.759357,0.996147,0,0.89816,0.82431,0.20787,0.02321,0.07654,4.79487,34.2192,0.85371,4.76241,4.84527,0,7.9285,16.0,8,32.0,0.0192,0.2375,2,4.819,0.2342,0.6716,1,53
task_env_weather_195273,background,7,51,0.995346,0.991425,0.772978,1.0,0,0.89947,0.83778,0.20596,0.02363,0.08253,4.72863,30.4364,0.86123,4.73929,4.84527,0,6.6999,16.0,8,27.281,0.0,0.1382,2,4.107,0.0265,0.5551,1,35
task_env_weather_195273,background,7,52,0.994563,0.990102,0.791623,1.0,0,0.89827,0.83076,0.20899,0.0242,0.08057,4.72851,35.9194,0.8519,4.76004,4.84527,0,8.4319,16.0,4,25.893,0.056,0.2783,2,6.723,0.222,0.7014,1,80
task_env_weather_195273,background,7,53,0.995845,0.992284,0.763401,1.0,0,0.90025,0.85219,0.20551,0.02333,0.08049,4.66755,30.1655,0.86156,4.70107,4.84527,0,6.5555,16.0,8,32.0,0.0,0.1165,2,4.901,0.0,0.5501,1,6
task_env_weather_195273,background,7,54,0.994338,0.989727,0.770062,1.0,0,0.89793,0.82856,0.20613,0.02354,0.07919,4.72106,33.7459,0.85491,4.74046,4.84527,0,7.5673,16.0,4,32.0,0.1883,0.1719,2,7.734,0.0,0.6564,1,126
task_env_weather_195273,background,7,55,0.991928,0.98749,0.749697,0.997331,0,0.8959,0.82609,0.20803,0.02291,0.07549,4.78918,34.5455,0.8539,4.75168,4.84527,0,8.2863,16.0,8,28.203,0.0,0.3211,1,3.347,0.3008,0.6608,1,106
task_env_weather_195273,background,8,56,0.988368,0.988382,0.776858,0.988355,0,0.89671,0.83212,0.20678,0.02374,0.07803,4.83268,35.5299,0.8501,4.75925,4.84527,0,7.9897,16.0,4,31.502,0.0,0.1771,2,3.611,0.0,0.7163,1,129
task_env_weather_195273,background,8,57,0.992993,0.990796,0.776406,0.995401,0,0.8989,0.82467,0.20818,0.02373,0.07777,4.79847,36.406,0.85182,4.73624,4.84527,0,8.812,16.0,8,31.11,0.0,0.3501,2,7.194,0.0,0.6941,1,45
task_env_weather_195273,background,8,58,0.994464,0.989937,0.807778,1.0,0,0.89812,0.84067,0.20885,0.02469,0.08629,4.67579,31.4417,0.86232,4.75698,4.84527,0,7.5225,16.0,4,32.0,0.0133,0.2966,1,3.843,0.0241,0.5424,1,34
task_env_weather_195273,background,8,59,0.995177,0.991138,0.815,1.0,0,0.89921,0.83911,0.2076,0.02491,0.08369,4.76613,33.8289,0.85469,4.76919,4.84527,0,7.6452,16.0,8,28.524,0.2073,0.177,2,5.977,0.0,0.6533,1,103
task_env_weather_195273,background,8,60,0.993675,0.988636,0.752683,1.0,0,0.89694,0.83631,0.20607,0.02301,0.07577,4.75566,36.577,0.84657,4.77069,4.84527,0,8.1333,16.0,8,32.0,0.0,0.1638,2,8.477,0.1341,0.7538,1,58
task_env_weather_195273,background,8,61,0.995041,0.990907,0.758517,1.0,0,0.899,0.8433,0.20757,0.02318,0.08055,4.60076,31.3025,0.86143,4.75414,4.84527,0,7.3081,16.0,8,32.0,0.0,0.2506,1,5.996,0.0432,0.5555,1,30
task_env_weather_195273,background,8,62,0.99472,0.990366,0.76411,1.0,0,0.89851,0.82501,0.20814,0.02335,0.07902,4.7352,34.3409,0.85534,4.74956,4.84527,0,8.1445,16.0,8,28.975,0.0,0.287,2,5.021,0.0,0.6445,1,0
task_env_weather_195273,background,8,63,0.993789,0.988823,0.768568,1.0,0,0.89711,0.8347,0.20739,0.02349,0.07647,4.69686,37.1589,0.84646,4.74472,4.84527,0,8.4733,16.0,8,31.663,0.0,0.2148,2,7.708,0.0,0.7663,1,12
task_env_weather_195273,background,8,64,0.991979,0.989959,0.759527,0.994177,0,0.89814,0.83375,0.20671,0.02321,0.07783,4.80437,34.4191,0.85356,4.74638,4.84527,0,7.8748,16.0,8,30.074,0.0061,0.2042,2,7.697,0.0336,0.6706,1,89
task_env_weather_195273,background,9,65,0.993998,0.989165,0.772049,1.0,0,0.89742,0.82994,0.20824,0.0236,0.07877,4.77026,35.6981,0.85105,4.76387,4.84527,0,8.2931,16.0,8,32.0,0.0,0.2486,2,7.882,0.0215,0.7037,1,0
task_env_weather_195273,background,9,66,0.988222,0.986586,0.736689,0.989972,0,0.89508,0.82742,0.20671,0.02252,0.07666,4.82478,34.6526,0.85389,4.72986,4.84527,0,8.1085,16.0,8,32.0,0.1167,0.2633,2,5.088,0.0264,0.6652,1,48
task_env_weather_195273,background,9,67,0.989628,0.993287,0.767921,0.986437,0,0.90116,0.82573,0.20705,0.02347,0.07903,4.84207,33.7974,0.85526,4.75344,4.84527,0,7.7647,16.0,8,32.0,0.0,0.21,1,7.596,0.0517,0.6513,1,90
task_env_weather_195273,background,9,68,0.993282,0.987997,0.81325,1.0,0,0.89636,0.82457,0.20933,0.02486,0.08237,4.71634,35.111,0.85428,4.74994,4.84527,0,8.3418,16.0,8,30.509,0.0,0.2897,2,5.584,0.2265,0.6739,1,34
task_env_weather_195273,background,9,69,0.992384,0.990642,0.736208,0.994256,0,0.89876,0.82981,0.20657,0.0225,0.07455,4.80399,34.2057,0.85418,4.75409,4.84527,0,7.8731,16.0,4,32.0,0.0,0.22,2,7.127,0.0,0.6603,1,104
task_env_weather_195273,background,9,70,0.990194,0.989793,0.756102,0.990601,0,0.89799,0.82632,0.20752,0.02311,0.07706,4.82172,36.0191,0.85207,4.7663,4.84527,0,8.6123,16.0,8,32.0,0.0,0.3161,2,4.117,0.0347,0.6913,1,102
task_env_weather_195273,background,9,71,0.991047,0.987335,0.774587,0.99541,0,0.89576,0.82909,0.20785,0.02367,0.07842,4.79842,35.6292,0.85118,4.76637,4.84527,0,8.2102,16.0,8,31.325,0.0,0.23,1,5.712,0.0189,0.7052,1,54
task_env_weather_195273,background,9,72,0.993646,0.99267,0.745209,0.994662,0,0.9006,0.82537,0.20688,0.02278,0.07716,4.80203,33.2853,0.85539,4.73957,4.84527,0,7.6028,16.0,8,32.0,0.1006,0.2055,1,7.495,0.0522,0.6314,1,101
task_env_weather_195273,background,9,73,0.994793,0.990488,0.757736,1.0,0,0.89862,0.82656,0.20686,0.02316,0.07779,4.63942,32.6013,0.85895,4.77626,4.84527,0,7.6351,16.0,8,32.0,0.1099,0.2522,2,7.646,0.0283,0.5965,1,5
task_env_weather_195273,background,10,74,0.988032,0.989683,0.734521,0.986484,0,0.89789,0.83154,0.20724,0.02245,0.07451,4.84184,34.7583,0.85385,4.76642,4.84527,0,8.1635,16.0,8,32.0,0.0,0.2668,2,5.847,0.0237,0.6648,1,52
task_env_weather_195273,background,10,75,0.989226,0.987875,0.702556,0.990654,0,0.89625,0.82797,0.20652,0.02147,0.07154,4.82146,35.0519,0.85274,4.76048,4.84527,0,8.1694,16.0,8,32.0,0.0,0.2611,2,5.384,0.148,0.6757,1,69
task_env_weather_195273,background,10,76,0.992418,0.989441,0.796609,0.995799,0,0.89767,0.83345,0.20768,0.02435,0.07996,4.79655,35.8088,0.85032,4.75196,4.84527,0,8.1898,16.0,8,31.7,0.0708,0.2057,2,7.452,0.0923,0.72,1,92
task_env_weather_195273,background,10,77,0.993692,0.992207,0.757486,0.995271,0,0.90018,0.82426,0.20784,0.02315,0.07745,4.79909,33.4918,0.85699,4.75755,4.84527,0,7.9068,16.0,8,32.0,0.0,0.2725,2,8.612,0.0,0.6206,1,106
task_env_weather_195273,background,10,78,0.988274,0.989143,0.752392,0.987435,0,0.8974,0.83114,0.20734,0.023,0.07576,4.83717,35.681,0.85091,4.75868,4.84527,0,8.2258,16.0,8,31.811,0.0,0.2329,2,5.3,0.0,0.7063,1,0
task_env_weather_195273,background,10,79,0.993499,0.988349,0.743366,1.0,0,0.89668,0.82445,0.20755,0.02272,0.07588,4.76696,34.4589,0.85391,4.74499,4.84527,0,8.0156,16.0,8,30.717,0.0,0.2473,2,5.306,0.095,0.6612,1,0
task_env_weather_195273,background,10,80,0.991411,0.989948,0.76013,0.992964,0,0.89813,0.83245,0.20809,0.02323,0.07746,4.81024,35.1144,0.8529,4.76774,4.84527,0,8.2048,16.0,8,31.145,0.0236,0.2616,2,5.245,0.0745,0.6789,1,14
task_env_weather_195273,background,10,81,0.993288,0.988008,0.760011,1.0,0,0.89637,0.84049,0.20762,0.02323,0.07691,4.73376,36.5217,0.84885,4.7453,4.84527,0,8.4145,16.0,8,29.355,0.0,0.2374,2,4.651,0.0,0.7345,1,0
task_env_weather_195273,background,10,82,0.992148,0.988978,0.753953,0.995779,0,0.89725,0.82665,0.20753,0.02304,0.07649,4.79665,35.8537,0.85222,4.74681,4.84527,0,8.5471,16.0,8,31.688,0.0342,0.3091,2,5.888,0.0,0.6878,1,113
task_env_weather_195273,background,11,83,0.994741,0.9904,0.753408,1.0,0,0.89854,0.83408,0.20697,0.02303,0.07726,4.7176,34.3179,0.85459,4.75651,4.84527,0,7.9196,16.0,8,32.0,0.0676,0.2334,2,6.45,0.0507,0.659,1,61
task_env_weather_195273,background,11,84,0.993431,0.988239,0.782255,1.0,0,0.89658,0.82575,0.2084,0.02391,0.07917,4.74064,36.0882,0.85031,4.76276,4.84527,0,8.3878,16.0,8,31.579,0.0039,0.2502,2,6.123,0.08,0.7175,1,103
task_env_weather_195273,background,11,85,0.987949,0.989011,0.736169,0.986931,0,0.89728,0.82738,0.20626,0.0225,0.07499,4.83965,34.4201,0.85339,4.73932,4.84527,0,7.8679,16.0,4,32.0,0.0,0.2061,2,4.958,0.0176,0.672,1,25
task_env_weather_195273,background,11,86,0.992896,0.989705,0.72159,0.996555,0,0.89791,0.82602,0.20608,0.02205,0.07335,4.79291,34.3756,0.85351,4.75006,4.84527,0,7.8749,16.0,8,32.0,0.0,0.2131,2,6.103,0.0302,0.6667,1,47
task_env_weather_195273,background,11,87,0.990342,0.989926,0.754318,0.990766,0,0.89811,0.82564,0.20723,0.02306,0.07669,4.82092,34.764,0.85292,4.76283,4.84527,0,8.0073,16.0,8,30.045,0.0,0.2241,2,6.252,0.0,0.6782,1,62
task_env_weather_195273,background,11,88,0.987859,0.991248,0.773827,0.984875,0,0.89931,0.8251,0.20827,0.02365,0.07893,4.84975,34.7495,0.85405,4.76956,4.84527,0,8.1757,16.0,8,32.0,0.0,0.2679,2,7.318,0.0193,0.665,1,56
task_env_weather_195273,background,11,89,0.991795,0.989606,0.782696,0.994195,0,0.89782,0.82704,0.2078,0.02392,0.07958,4.80429,34.2526,0.85482,4.75269,4.84527,0,7.9078,16.0,8,32.0,0.0218,0.2264,2,6.699,0.0984,0.6621,1,21
task_env_weather_195273,background,11,90,0.994138,0.989397,0.778266,1.0,0,0.89763,0.82758,0.20846,0.02379,0.07894,4.71841,34.83,0.85392,4.76694,4.84527,0,8.1884,16.0,8,32.0,0.0395,0.2697,2,6.973,0.0267,0.6671,1,21
task_env_weather_195273,background,11,91,0.99385,0.988923,0.772377,1.0,0,0.8972,0.82443,0.20864,0.02361,0.07789,4.71789,36.3536,0.85041,4.76428,4.84527,0,8.586,16.0,8,31.547,0.0,0.2964,2,6.693,0.0488,0.71,1,67
task_env_weather_195273,background,12,92,0.994431,0.989882,0.758677,1.0,0,0.89807,0.82625,0.20785,0.02319,0.07751,4.77047,35.0292,0.85283,4.75348,4.84527,0,8.1312,16.0,8,31.836,0.0381,0.2452,2,6.382,0.029,0.6792,1,64
task_env_weather_195273,background,12,93,0.995067,0.990951,0.733817,1.0,0,0.89904,0.82602,0.20683,0.02243,0.07514,4.7576,34.9857,0.85302,4.76034,4.84527,0,8.1047,16.0,8,31.679,0.0355,0.2407,2,6.417,0.0122,0.6794,1,56
task_env_weather_195273,background,12,94,0.993158,0.987798,0.745354,1.0,0,0.89618,0.82305,0.2073,0.02278,0.07525,4.76197,35.0256,0.85308,4.75877,4.84527,0,8.1836,16.0,8,32.0,0.0098,0.2596,2,5.802,0.1026,0.6714,1,59
task_env_weather_195273,background,12,95,0.99298,0.988669,0.745991,0.998195,0,0.89697,0.82582,0.20731,0.0228,0.07671,4.78503,34.7512,0.85356,4.76129,4.84527,0,8.08,16.0,8,30.881,0.0153,0.2462,2,6.167,0.0214,0.6706,1,73
task_env_weather_195273,background,12,96,0.989984,0.990124,0.734621,0.989845,0,0.89829,0.83131,0.20696,0.02245,0.07532,4.8254,34.7085,0.85327,4.73853,4.84527,0,8.036,16.0,8,31.964,0.0246,0.2366,2,6.466,0.0267,0.6714,1,52
task_env_weather_195273,background,12,97,0.985228,0.987159,0.748075,0.983436,0,0.8956,0.82687,0.20721,0.02286,0.07597,4.85685,35.3288,0.85181,4.74903,4.84527,0,8.1582,16.0,8,31.389,0.0,0.2342,2,6.975,0.0427,0.6958,1,73
task_env_weather_195273,background,12,98,0.988839,0.98749,0.769705,0.990264,0,0.8959,0.82693,0.20837,0.02353,0.07802,4.82336,35.9781,0.8511,4.76362,4.84527,0,8.4533,16.0,8,31.048,0.0,0.277,2,6.457,0.0047,0.7039,1,26
task_env_weather_195273,background,12,99,0.992496,0.990058,0.727054,0.995198,0,0.89823,0.82521,0.20694,0.02222,0.07393,4.79945,35.1461,0.85281,4.75661,4.84527,0,8.2194,16.0,8,31.577,0.0,0.2606,2,4.97,0.0,0.6801,1,41
task_env_weather_195273,background,12,100,0.98471,0.988823,0.746395,0.98118,0,0.89711,0.83718,0.20698,0.02281,0.07775,4.86801,33.7626,0.85553,4.76648,4.84527,0,7.7868,16.0,8,31.639,0.0,0.2268,2,5.702,0.0,0.6412,1,40
task_env_weather_195273,background,13,101,0.991957,0.985891,0.739611,1.0,0,0.89445,0.82494,0.20705,0.02261,0.07598,4.70243,34.6524,0.85361,4.743,4.84527,0,8.0326,16.0,8,31.878,0.0042,0.2396,2,6.203,0.0,0.6686,1,74
task_env_weather_195273,background,13,102,0.989023,0.986674,0.777277,0.991617,0,0.89516,0.83106,0.20801,0.02376,0.07911,4.81678,35.4118,0.85163,4.75124,4.84527,0,8.1909,16.0,8,32.0,0.0,0.2366,2,6.279,0.0545,0.697,1,44
task_env_weather_195273,background,13,103,0.984644,0.989132,0.753219,0.980842,0,0.89739,0.83125,0.2072,0.02302,0.07729,4.86969,34.9098,0.85267,4.74017,4.84527,0,8.0422,16.0,8,31.88,0.0154,0.2278,2,5.35,0.0208,0.6816,1,44
task_env_weather_195273,background,13,104,0.989967,0.991061,0.775259,0.988918,0,0.89914,0.82677,0.20802,0.0237,0.0795,4.82992,35.2541,0.85194,4.75737,4.84527,0,8.1224,16.0,8,31.94,0.0287,0.2294,2,5.878,0.0053,0.6921,1,63
task_env_weather_195273,background,13,105,0.992556,0.993684,0.790702,0.991477,0,0.90152,0.83109,0.2084,0.02417,0.08091,4.81746,34.8127,0.85337,4.74068,4.84527,0,8.0605,16.0,8,31.856,0.0134,0.2361,2,6.914,0.047,0.6771,1,21
task_env_weather_195273,background,13,106,0.984392,0.989022,0.750942,0.980488,0,0.89729,0.83276,0.2073,0.02295,0.07696,4.87145,34.8042,0.85324,4.74481,4.84527,0,8.0489,16.0,8,32.0,0.0,0.2358,2,5.2,0.0041,0.6743,1,56
task_env_weather_195273,background,13,107,0.991989,0.989198,0.747485,0.995131,0,0.89745,0.83133,0.20698,0.02285,0.07575,4.79977,35.0495,0.85192,4.75664,4.84527,0,8.0551,16.0,8,32.0,0.0,0.2189,2,6.017,0.0386,0.6922,1,28
task_env_weather_195273,background,13,108,0.988244,0.990455,0.747239,0.986212,0,0.89859,0.83058,0.20711,0.02284,0.07705,4.84317,34.6241,0.85334,4.75327,4.84527,0,7.9823,16.0,8,31.549,0.012,0.2281,2,6.071,0.0097,0.6709,1,62
task_env_weather_195273,background,13,109,0.992315,0.990069,0.784831,0.994784,0,0.89824,0.83204,0.20822,0.02399,0.0797,4.80144,34.8539,0.8531,4.76612,4.84527,0,8.0876,16.0,8,32.0,0.0352,0.2372,2,6.262,0.0978,0.6798,1,39
task_env_weather_195273,background,14,110,0.989041,0.988052,0.758947,0.990071,0,0.89641,0.82724,0.20773,0.0232,0.07701,4.8243,34.6756,0.85322,4.75496,4.84527,0,7.9883,16.0,8,31.915,0.0,0.2312,2,5.704,0.0377,0.6721,1,54
task_env_weather_195273,background,14,111,0.992011,0.988537,0.745957,0.996047,0,0.89685,0.82502,0.20732,0.0228,0.07643,4.79536,34.8673,0.85305,4.73569,4.84527,0,8.0628,16.0,8,32.0,0.0197,0.2387,2,6.469,0.0459,0.6744,1,40
task_env_weather_195273,background,14,112,0.985485,0.99213,0.752696,0.980245,0,0.90011,0.83266,0.20728,0.02301,0.07683,4.87266,34.7386,0.85333,4.75086,4.84527,0,8.0338,16.0,8,32.0,0.0,0.2343,2,6.134,0.0383,0.6733,1,48
task_env_weather_195273,background,14,113,0.986817,0.989088,0.724166,0.984736,0,0.89735,0.83268,0.20643,0.02213,0.07461,4.85044,34.9871,0.85257,4.7474,4.84527,0,8.0591,16.0,8,32.0,0.0,0.2288,2,6.041,0.0278,0.6804,1,43
task_env_weather_195273,background,14,114,0.989996,0.989793,0.756326,0.990201,0,0.89799,0.83358,0.20745,0.02312,0.07712,4.82367,35.3618,0.85176,4.75169,4.84527,0,8.1653,16.0,8,31.613,0.0154,0.2348,2,5.88,0.0344,0.6927,1,59
task_env_weather_195273,background,14,115,0.993195,0.992042,0.758646,0.994403,0,0.90003,0.82633,0.20785,0.02319,0.07729,4.80328,35.1902,0.85254,4.75626,4.84527,0,8.1775,16.0,8,32.0,0.0174,0.2491,2,6.251,0.0316,0.6826,1,58
task_env_weather_195273,background,14,116,0.987352,0.987798,0.738646,0.986913,0,0.89618,0.82208,0.20706,0.02258,0.07531,4.83973,34.493,0.85393,4.75592,4.84527,0,7.994,16.0,8,31.943,0.0125,0.2386,2,5.982,0.0,0.6639,1,39
task_env_weather_195273,background,14,117,0.993512,0.988371,0.746217,1.0,0,0.8967,0.82923,0.20741,0.02281,0.0762,4.70567,35.2511,0.8521,4.75591,4.84527,0,8.1768,16.0,8,32.0,0.0036,0.2446,2,6.125,0.0231,0.6876,1,47
task_env_weather_195273,background,14,118,0.994232,0.989551,0.74946,1.0,0,0.89777,0.83388,0.20733,0.02291,0.07607,4.71776,34.8556,0.8531,4.74869,4.84527,0,8.0692,16.0,8,32.0,0.0,0.2381,2,6.232,0.0,0.6759,1,41
task_env_weather_195273,background,15,119,0.986608,0.991535,0.740067,0.982495,0,0.89957,0.83212,0.2069,0.02262,0.07544,4.8615,34.7295,0.85323,4.75981,4.84527,0,8.0073,16.0,8,31.747,0.0116,0.2293,2,6.082,0.0293,0.6741,1,42
task_env_weather_195273,background,15,120,0.995287,0.991325,0.7535,1.0,0,0.89938,0.83032,0.20748,0.02303,0.07724,4.61182,34.8263,0.85337,4.75434,4.84527,0,8.0903,16.0,8,32.0,0.0012,0.2439,2,6.066,0.0227,0.6739,1,49
task_env_weather_195273,background,15,121,0.989051,0.989529,0.755989,0.988582,0,0.89775,0.83226,0.20744,0.02311,0.07721,4.83156,34.8913,0.8528,4.74845,4.84527,0,8.0399,16.0,8,32.0,0.0202,0.2305,2,6.208,0.0188,0.6788,1,40
task_env_weather_195273,background,15,122,0.993384,0.988162,0.762621,1.0,0,0.89651,0.82251,0.20785,0.02331,0.07768,4.74399,35.1104,0.8528,4.75451,4.84527,0,8.1791,16.0,8,31.732,0.0139,0.251,2,6.244,0.0428,0.6819,1,45
task_env_weather_195273,background,15,123,0.989144,0.989959,0.745533,0.988355,0,0.89814,0.82423,0.20712,0.02279,0.07659,4.83267,34.4914,0.85388,4.7528,4.84527,0,7.949,16.0,8,32.0,0.0108,0.2301,2,6.167,0.0334,0.6634,1,40
task_env_weather_195273,background,15,124,0.98475,0.987545,0.744973,0.982237,0,0.89595,0.82573,0.20706,0.02277,0.07626,4.86278,34.9753,0.85274,4.73636,4.84527,0,8.0762,16.0,8,32.0,0.0282,0.2337,2,5.976,0.0204,0.6815,1,50
task_env_weather_195273,background,15,125,0.985933,0.98771,0.754795,0.984274,0,0.8961,0.8261,0.20729,0.02307,0.07717,4.85271,35.1886,0.85197,4.76233,4.84527,0,8.1041,16.0,8,31.898,0.0,0.2274,2,6.115,0.0241,0.6906,1,41
task_env_weather_195273,background,15,126,0.985748,0.987776,0.76215,0.983873,0,0.89616,0.82819,0.20771,0.02329,0.07737,4.85469,34.5702,0.8535,4.75046,4.84527,0,7.9961,16.0,8,31.779,0.0,0.2346,2,6.012,0.0436,0.6715,1,53
task_env_weather_195273,background,15,127,0.993282,0.989419,0.755008,0.997855,0,0.89765,0.82611,0.20777,0.02308,0.07669,4.78666,35.2168,0.85225,4.75495,4.84527,0,8.1856,16.0,8,31.839,0.0,0.2498,2,6.408,0.0407,0.6873,1,37
task_env_weather_195273,background,16,128,0.993282,0.988978,0.761466,0.998487,0,0.89725,0.82741,0.20745,0.02327,0.07789,4.78364,34.7984,0.853,4.7676,4.84527,0,8.0222,16.0,8,32.0,0.007,0.2269,2,6.037,0.0173,0.6776,1,50
task_env_weather_195273,background,16,129,0.992649,0.986983,0.771585,1.0,0,0.89544,0.8244,0.20798,0.02358,0.07787,4.65768,35.1978,0.85236,4.75261,4.84527,0,8.1649,16.0,8,31.901,0.0014,0.2408,2,6.462,0.0293,0.6887,1,49
task_env_weather_195273,background,16,130,0.985856,0.990036,0.749775,0.982277,0,0.89821,0.82658,0.2072,0.02292,0.07717,4.86258,34.9391,0.8527,4.74851,4.84527,0,8.0476,16.0,8,32.0,0.0,0.2283,2,6.222,0.028,0.6811,1,46
task_env_weather_195273,background,16,131,0.98624,0.98782,0.75416,0.984754,0,0.8962,0.83346,0.20737,0.02305,0.07738,4.85034,34.8432,0.8528,4.75586,4.84527,0,8.0179,16.0,8,32.0,0.0143,0.2267,2,5.654,0.0275,0.6774,1,47
task_env_weather_195273,background,16,132,0.987025,0.991039,0.753533,0.983568,0,0.89912,0.8275,0.20744,0.02303,0.07623,4.85619,34.9128,0.85273,4.74478,4.84527,0,8.0648,16.0,8,31.764,0.0,0.2341,2,6.064,0.0337,0.6821,1,53
task_env_weather_195273,background,16,133,0.994993,0.991414,0.737131,0.999172,0,0.89946,0.82735,0.20693,0.02253,0.07499,4.78036,34.9098,0.85306,4.75293,4.84527,0,8.0805,16.0,8,31.967,0.0,0.2386,2,6.442,0.0157,0.6772,1,45
task_env_weather_195273,background,16,134,0.993581,0.988482,0.758651,1.0,0,0.8968,0.83088,0.20766,0.02319,0.0774,4.697,34.8089,0.85331,4.75036,4.84527,0,8.088,16.0,8,32.0,0.0051,0.2434,2,6.212,0.0267,0.6735,1,55
task_env_weather_195273,background,16,135,0.990675,0.990807,0.767047,0.990544,0,0.89891,0.82284,0.2079,0.02344,0.07831,4.82199,35.2316,0.85207,4.74457,4.84527,0,8.1469,16.0,8,31.665,0.0045,0.2366,2,6.13,0.0257,0.6891,1,52
task_env_weather_195273,background,16,136,0.993049,0.987622,0.750241,1.0,0,0.89602,0.82935,0.2074,0.02293,0.07625,4.73049,34.8602,0.85298,4.75126,4.84527,0,8.0675,16.0,8,31.996,0.0033,0.238,2,6.164,0.0307,0.6786,1,53
task_env_weather_195273,background,17,137,0.984136,0.988658,0.755407,0.980309,0,0.89696,0.83162,0.20733,0.02309,0.07671,4.87234,35.0271,0.85257,4.75284,4.84527,0,8.0813,16.0,8,31.993,0.0053,0.2317,2,6.089,0.0271,0.6836,1,48
task_env_weather_195273,background,17,138,0.995054,0.990929,0.764061,1.0,0,0.89902,0.8306,0.20774,0.02335,0.07723,4.73341,34.8149,0.85311,4.74976,4.84527,0,8.0745,16.0,8,31.964,0.0112,0.2401,2,5.891,0.024,0.6757,1,44
task_env_weather_195273,background,17,139,0.993199,0.987864,0.770121,1.0,0,0.89624,0.82528,0.20774,0.02354,0.07888,4.76611,34.9346,0.85313,4.74965,4.84527,0,8.0957,16.0,8,32.0,0.0,0.2374,2,5.924,0.0258,0.6786,1,56
task_env_weather_195273,background,17,140,0.992176,0.989705,0.759085,0.994919,0,0.89791,0.83122,0.20748,0.0232,0.07684,4.80079,34.936,0.85294,4.75224,4.84527,0,8.082,16.0,8,32.0,0.0,0.2344,2,6.124,0.0319,0.6807,1,49
task_env_weather_195273,background,17,141,0.994145,0.989408,0.756561,1.0,0,0.89764,0.82833,0.20733,0.02312,0.07707,4.74154,34.9084,0.85317,4.74876,4.84527,0,8.0938,16.0,8,32.0,0.0,0.2378,2,6.115,0.0254,0.678,1,56
task_env_weather_195273,background,17,142,0.995359,0.991447,0.75597,1.0,0,0.89949,0.82436,0.20754,0.02311,0.07676,4.73074,35.106,0.85262,4.7549,4.84527,0,8.1412,16.0,8,32.0,0.0036,0.242,2,6.203,0.0202,0.6832,1,50
task_env_weather_195273,background,17,143,0.988201,0.990146,0.738234,0.986396,0,0.89831,0.83325,0.20701,0.02256,0.07616,4.84227,34.6725,0.85356,4.74901,4.84527,0,8.0194,16.0,8,31.985,0.0,0.2366,2,6.104,0.0319,0.6682,1,40
task_env_weather_195273,background,17,144,0.991348,0.99148,0.748269,0.991217,0,0.89952,0.83304,0.20712,0.02287,0.07576,4.81872,35.0459,0.85255,4.75411,4.84527,0,8.0981,16.0,8,32.0,0.0013,0.2323,2,6.019,0.041,0.6855,1,45
task_env_weather_195273,background,17,145,0.995673,0.991987,0.766311,1.0,0,0.89998,0.83566,0.2078,0.02342,0.07753,4.65784,35.0296,0.85281,4.75837,4.84527,0,8.1206,16.0,8,32.0,0.0039,0.2401,2,6.144,0.0276,0.6822,1,49
task_env_weather_195273,background,18,146,0.991704,0.986861,0.751542,0.997721,0,0.89533,0.82686,0.20731,0.02297,0.07684,4.78731,34.9714,0.85292,4.75502,4.84527,0,8.0978,16.0,8,31.877,0.0063,0.238,2,6.239,0.025,0.6804,1,49
task_env_weather_195273,background,18,147,0.988509,0.993221,0.75965,0.984548,0,0.9011,0.83244,0.20746,0.02322,0.07704,4.85136,34.9404,0.85284,4.75557,4.84527,0,8.0593,16.0,8,32.0,0.0,0.2302,2,6.205,0.0192,0.681,1,49
task_env_weather_195273,background,18,148,0.986118,0.989595,0.758184,0.983067,0,0.89781,0.83016,0.20761,0.02317,0.07765,4.85867,34.9549,0.85276,4.73901,4.84527,0,8.0872,16.0,8,32.0,0.0,0.2361,2,6.145,0.0317,0.6795,1,52
task_env_weather_195273,background,18,149,0.982893,0.989264,0.764106,0.977825,0,0.89751,0.83391,0.20766,0.02335,0.07838,4.88472,35.046,0.85269,4.73927,4.84527,0,8.1069,16.0,8,32.0,0.0043,0.2358,2,6.182,0.0273,0.6838,1,49
task_env_weather_195273,background,18,150,0.984916,0.987401,0.764394,0.982656,0,0.89582,0.82745,0.20769,0.02336,0.0779,4.8607,34.9161,0.85288,4.75086,4.84527,0,8.0758,16.0,8,31.89,0.0003,0.2356,2,6.27,0.0195,0.6791,1,44
task_env_weather_195273,background,18,151,0.99335,0.988107,0.753416,1.0,0,0.89646,0.8325,0.20749,0.02303,0.07698,4.71778,34.9217,0.85304,4.74756,4.84527,0,8.1043,16.0,8,31.911,0.007,0.2427,2,6.043,0.0163,0.6774,1,45
task_env_weather_195273,background,18,152,0.993506,0.98836,0.737388,1.0,0,0.89669,0.83078,0.20694,0.02254,0.07516,4.65381,34.9659,0.85294,4.76258,4.84527,0,8.1068,16.0,8,32.0,0.0,0.2401,2,6.044,0.0215,0.6799,1,49
task_env_weather_195273,background,18,153,0.982411,0.98846,0.760382,0.977548,0,0.89678,0.83091,0.20753,0.02324,0.07733,4.8861,35.0386,0.85255,4.73958,4.84527,0,8.1,16.0,8,32.0,0.0054,0.2352,2,6.139,0.0294,0.6837,1,44
task_env_weather_195273,background,18,154,0.981182,0.988449,0.748604,0.975565,0,0.89677,0.83392,0.20727,0.02288,0.07645,4.89603,34.784,0.85304,4.75271,4.84527,0,8.0351,16.0,8,32.0,0.0,0.2335,2,6.162,0.0313,0.6776,1,53
task_env_weather_195273,background,19,155,0.989409,0.990146,0.725029,0.988694,0,0.89831,0.83264,0.20656,0.02216,0.07432,4.83102,34.6255,0.85334,4.76041,4.84527,0,7.9923,16.0,8,32.0,0.0046,0.232,2,6.164,0.0304,0.6717,1,60
task_env_weather_195273,background,19,156,0.986257,0.989749,0.768387,0.983194,0,0.89795,0.83154,0.20779,0.02349,0.07827,4.85804,34.8426,0.85307,4.75062,4.84527,0,8.049,16.0,8,31.875,0.0,0.233,2,6.435,0.0193,0.6765,1,55
task_env_weather_195273,background,19,157,0.985938,0.989826,0.745744,0.982574,0,0.89802,0.82869,0.20723,0.02279,0.07648,4.86111,35.0011,0.85279,4.75142,4.84527,0,8.1229,16.0,8,32.0,0.0,0.2423,2,6.323,0.0258,0.6807,1,48
task_env_weather_195273,background,19,158,0.986907,0.989121,0.763546,0.984874,0,0.89738,0.83068,0.20751,0.02334,0.07787,4.84976,34.8668,0.85309,4.75662,4.84527,0,8.0529,16.0,8,31.89,0.0109,0.2311,2,6.144,0.0172,0.6783,1,56
task_env_weather_195273,background,19,159,0.98985,0.991116,0.759387,0.988645,0,0.89919,0.83358,0.20765,0.02321,0.07748,4.83126,34.9129,0.85273,4.75625,4.84527,0,8.0512,16.0,8,32.0,0.0,0.233,2,6.396,0.033,0.6777,1,47
task_env_weather_195273,background,19,160,0.98669,0.990256,0.738307,0.98357,0,0.89841,0.82893,0.20697,0.02257,0.07466,4.85618,34.851,0.85297,4.74458,4.84527,0,8.0585,16.0,8,31.872,0.0003,0.2343,2,5.944,0.0266,0.6766,1,52
task_env_weather_195273,background,19,161,0.989931,0.989264,0.730822,0.990616,0,0.89751,0.83262,0.20656,0.02234,0.07431,4.82164,34.9391,0.85294,4.74315,4.84527,0,8.0788,16.0,8,32.0,0.0045,0.2338,2,6.257,0.0432,0.6792,1,50
task_env_weather_195273,background,19,162,0.995494,0.991678,0.74266,1.0,0,0.8997,0.82986,0.20708,0.0227,0.07597,4.75353,34.9568,0.85286,4.75345,4.84527,0,8.0992,16.0,8,32.0,0.003,0.2381,2,6.043,0.0323,0.6798,1,55
task_env_weather_195273,background,19,163,0.98364,0.988989,0.75256,0.979239,0,0.89726,0.82862,0.20735,0.023,0.07666,4.87766,34.6346,0.85348,4.74817,4.84527,0,8.0001,16.0,8,31.792,0.0,0.2332,2,5.98,0.0298,0.6706,1,51
task_env_weather_195273,background,20,164,0.987521,0.990234,0.767063,0.985074,0,0.89839,0.83203,0.20771,0.02344,0.07791,4.84877,34.7704,0.85341,4.75546,4.84527,0,8.0453,16.0,8,31.923,0.0,0.2349,2,6.298,0.0272,0.6738,1,57
task_env_weather_195273,background,20,165,0.988,0.989793,0.747205,0.986328,0,0.89799,0.83287,0.20709,0.02284,0.07629,4.8426,34.9516,0.8528,4.75232,4.84527,0,8.0614,16.0,8,31.883,0.0,0.2305,2,6.088,0.0271,0.6805,1,55
task_env_weather_195273,background,20,166,0.985615,0.988371,0.750831,0.983134,0,0.8967,0.8274,0.20732,0.02295,0.07598,4.85834,34.9281,0.85261,4.74758,4.84527,0,8.067,16.0,8,31.99,0.0045,0.2321,2,6.185,0.031,0.6836,1,53
task_env_weather_195273,background,20,167,0.982686,0.990609,0.744721,0.976689,0,0.89873,0.82923,0.20713,0.02276,0.07623,4.8904,34.8672,0.85287,4.74667,4.84527,0,8.0558,16.0,8,32.0,0.0,0.2321,2,6.102,0.0285,0.6781,1,52
task_env_weather_195273,background,20,168,0.986921,0.990333,0.733403,0.98392,0,0.89848,0.83309,0.20696,0.02242,0.07417,4.85446,34.8778,0.85278,4.74731,4.84527,0,8.042,16.0,8,32.0,0.004,0.2333,2,6.223,0.0325,0.6788,1,54
task_env_weather_195273,background,20,169,0.990526,0.991656,0.747295,0.989445,0,0.89968,0.82871,0.20726,0.02284,0.07688,4.82735,34.9748,0.85265,4.73829,4.84527,0,8.0872,16.0,8,32.0,0.0,0.2362,2,6.161,0.0347,0.6822,1,51
task_env_weather_195273,background,20,170,0.984381,0.986575,0.765396,0.982365,0,0.89507,0.82692,0.20771,0.02339,0.07825,4.86214,34.8458,0.85316,4.74754,4.84527,0,8.0626,16.0,8,31.949,0.0,0.2353,2,6.192,0.0245,0.6769,1,49
task_env_weather_195273,background,20,171,0.987559,0.990168,0.72722,0.985197,0,0.89833,0.82655,0.20661,0.02223,0.07428,4.84816,34.9939,0.85266,4.74554,4.84527,0,8.0827,16.0,8,32.0,0.0,0.2339,2,6.397,0.022,0.6819,1,46
task_env_weather_195273,background,20,172,0.992457,0.990885,0.744123,0.994135,0,0.89898,0.8327,0.2072,0.02274,0.07592,4.80458,34.6807,0.85332,4.74992,4.84527,0,8.0302,16.0,8,31.903,0.0034,0.2372,2,6.332,0.037,0.6739,1,53
task_env_weather_195273,background,21,173,0.989305,0.989793,0.741304,0.988827,0,0.89799,0.83383,0.20698,0.02266,0.0763,4.83037,34.7038,0.85329,4.75529,4.84527,0,8.0033,16.0,8,32.0,0.0,0.2309,2,6.189,0.0327,0.6732,1,51
task_env_weather_195273,background,21,174,0.986113,0.988096,0.758807,0.984276,0,0.89645,0.82496,0.20742,0.02319,0.07787,4.8527,34.8225,0.85284,4.75645,4.84527,0,8.0178,16.0,8,31.922,0.0,0.2262,2,6.189,0.0271,0.6794,1,51
task_env_weather_195273,background,21,175,0.984838,0.98706,0.777411,0.982798,0,0.89551,0.83361,0.20795,0.02376,0.07953,4.86,34.8142,0.85326,4.76288,4.84527,0,8.0449,16.0,8,31.868,0.0,0.2316,2,6.313,0.0326,0.6764,1,57
task_env_weather_195273,background,21,176,0.988497,0.990223,0.744058,0.986882,0,0.89838,0.83162,0.20722,0.02274,0.07657,4.83989,34.8132,0.85301,4.74043,4.84527,0,8.0429,16.0,8,32.0,0.0,0.2357,2,6.383,0.0314,0.674,1,47
task_env_weather_195273,background,21,177,0.990486,0.989771,0.755762,0.991223,0,0.89797,0.82945,0.20748,0.0231,0.07691,4.81869,34.7848,0.853,4.75328,4.84527,0,8.0348,16.0,8,31.897,0.0,0.2329,2,6.256,0.0328,0.6782,1,53
task_env_weather_195273,background,21,178,0.985765,0.989694,0.752953,0.982372,0,0.8979,0.83117,0.20746,0.02301,0.07713,4.86211,34.8698,0.8529,4.74794,4.84527,0,8.0644,16.0,8,31.834,0.009,0.2349,2,6.188,0.0323,0.6771,1,52
task_env_weather_195273,background,21,179,0.990862,0.990157,0.767855,0.991587,0,0.89832,0.83194,0.20779,0.02347,0.07886,4.81692,34.9766,0.8528,4.739,4.84527,0,8.0947,16.0,8,31.875,0.0,0.236,2,6.129,0.0233,0.6806,1,50
task_env_weather_195273,background,21,180,0.988127,0.989738,0.733833,0.986613,0,0.89794,0.83483,0.20676,0.02243,0.07474,4.84121,34.8562,0.85294,4.74982,4.84527,0,8.0369,16.0,8,32.0,0.0,0.2299,2,6.251,0.0328,0.6768,1,52
task_env_weather_195273,background,21,181,0.988478,0.98717,0.764741,0.989859,0,0.89561,0.83412,0.20741,0.02337,0.07741,4.82533,34.8881,0.85316,4.76041,4.84527,0,8.0535,16.0,8,32.0,0.0068,0.2294,2,6.087,0.0293,0.6787,1,56
task_env_weather_195273,background,22,182,0.984589,0.98943,0.76559,0.980537,0,0.89766,0.8309,0.20768,0.0234,0.07806,4.87121,34.8738,0.85297,4.75104,4.84527,0,8.0588,16.0,8,32.0,0.0019,0.2324,2,6.228,0.0322,0.6782,1,55
task_env_weather_195273,background,22,183,0.99204,0.990234,0.751848,0.993987,0,0.89839,0.834,0.2073,0.02298,0.0762,4.80529,34.8007,0.85303,4.75504,4.84527,0,8.0268,16.0,8,32.0,0.0016,0.231,2,6.222,0.0338,0.677,1,51
task_env_weather_195273,background,22,184,0.986209,0.990003,0.742349,0.982916,0,0.89818,0.83122,0.20723,0.02269,0.07626,4.85942,34.6729,0.85334,4.73325,4.84527,0,8.0129,16.0,8,32.0,0.0,0.2357,2,6.119,0.0263,0.6711,1,54
task_env_weather_195273,background,22,185,0.989107,0.989661,0.769253,0.988565,0,0.89787,0.83166,0.20776,0.02351,0.07816,4.83165,34.8888,0.85304,4.75076,4.84527,0,8.0629,16.0,8,32.0,0.0004,0.2333,2,6.188,0.0318,0.6774,1,50
task_env_weather_195273,background,22,186,0.989487,0.991314,0.776015,0.987784,0,0.89937,0.83063,0.20809,0.02372,0.07887,4.83547,34.7144,0.85321,4.75663,4.84527,0,8.0204,16.0,8,31.98,0.0046,0.2328,2,6.051,0.0284,0.6752,1,53
task_env_weather_195273,background,22,187,0.987695,0.989341,0.753817,0.986151,0,0.89758,0.83345,0.20749,0.02304,0.07771,4.84347,34.9313,0.85282,4.74915,4.84527,0,8.0827,16.0,8,31.992,0.0006,0.2363,2,6.132,0.0366,0.6785,1,52
task_env_weather_195273,background,22,188,0.984343,0.990565,0.749013,0.97937,0,0.89869,0.82681,0.2073,0.02289,0.07646,4.87701,35.0048,0.85261,4.74868,4.84527,0,8.0853,16.0,8,31.766,0.0,0.2335,2,6.258,0.0369,0.6814,1,52
task_env_weather_195273,background,22,189,0.988012,0.989308,0.774432,0.986779,0,0.89755,0.83263,0.20785,0.02367,0.07911,4.84039,34.8662,0.85318,4.75461,4.84527,0,8.0575,16.0,8,31.98,0.0048,0.2321,2,6.231,0.0363,0.678,1,57
task_env_weather_195273,background,22,190,0.986725,0.988735,0.768152,0.984864,0,0.89703,0.83164,0.20774,0.02348,0.07824,4.84981,34.7988,0.85325,4.75586,4.84527,0,8.042,16.0,8,31.923,0.0,0.2327,2,6.272,0.0266,0.6758,1,49
task_env_weather_195273,background,23,191,0.989613,0.987721,0.750878,0.99166,0,0.89611,0.83171,0.20734,0.02295,0.07669,4.81657,34.8332,0.85298,4.75263,4.84527,0,8.0463,16.0,8,31.948,0.0041,0.2324,2,6.125,0.0328,0.6762,1,52
task_env_weather_195273,background,23,192,0.989085,0.988416,0.752639,0.989772,0,0.89674,0.83178,0.20756,0.023,0.07663,4.82575,34.8999,0.85272,4.747,4.84527,0,8.0499,16.0,8,31.998,0.0,0.2339,2,6.187,0.034,0.6793,1,54
task_env_weather_195273,background,23,193,0.989492,0.991215,0.740423,0.987881,0,0.89928,0.82599,0.20692,0.02263,0.07618,4.83499,34.8619,0.85302,4.75221,4.84527,0,8.058,16.0,8,31.976,0.0,0.2331,2,6.137,0.0318,0.6775,1,55
task_env_weather_195273,background,23,194,0.993835,0.989683,0.732836,0.99882,0,0.89789,0.82812,0.20686,0.0224,0.07492,4.78204,34.9574,0.85281,4.74519,4.84527,0,8.0866,16.0,8,32.0,0.002,0.237,2,6.167,0.0303,0.6787,1,52
task_env_weather_195273,background,23,195,0.990552,0.990995,0.748022,0.990116,0,0.89908,0.83257,0.2072,0.02286,0.07621,4.82408,34.7628,0.85314,4.75449,4.84527,0,8.0234,16.0,8,32.0,0.0,0.2321,2,6.222,0.0294,0.6753,1,51
task_env_weather_195273,background,23,196,0.986585,0.987864,0.759425,0.985368,0,0.89624,0.83289,0.20749,0.02321,0.07709,4.84732,34.8981,0.85305,4.74434,4.84527,0,8.0693,16.0,8,32.0,0.0004,0.2347,2,6.175,0.0312,0.6773,1,50
task_env_weather_195273,background,23,197,0.984822,0.989639,0.758437,0.980786,0,0.89785,0.82814,0.20746,0.02318,0.07712,4.86997,34.8714,0.85311,4.75472,4.84527,0,8.0679,16.0,8,31.984,0.0,0.2345,2,6.081,0.033,0.6784,1,49
task_env_weather_195273,background,23,198,0.988157,0.989848,0.766213,0.986574,0,0.89804,0.83036,0.20776,0.02342,0.07805,4.8414,35.001,0.85276,4.74494,4.84527,0,8.0949,16.0,8,32.0,0.0,0.2357,2,6.131,0.0316,0.6812,1,55
task_env_weather_195273,background,23,199,0.98929,0.99073,0.755068,0.987929,0,0.89884,0.82754,0.20744,0.02308,0.07638,4.83476,34.9374,0.85272,4.74739,4.84527,0,8.0665,16.0,8,32.0,0.0,0.2318,2,6.138,0.0312,0.68,1,52
task_env_weather_195273,background,24,200,0.993842,0.991017,0.764203,0.997029,0,0.8991,0.82908,0.20777,0.02336,0.07785,4.79063,34.8183,0.85296,4.74806,4.84527,0,8.0503,16.0,8,31.943,0.0001,0.2349,2,6.159,0.0319,0.6788,1,53
task_env_weather_195273,background,24,201,0.98809,0.990664,0.738511,0.985756,0,0.89878,0.83163,0.20695,0.02257,0.0751,4.84542,34.8978,0.85289,4.74865,4.84527,0,8.0567,16.0,8,31.961,0.0,0.2326,2,6.113,0.0328,0.6776,1,52
task_env_weather_195273,background,24,202,0.986761,0.989077,0.742623,0.984642,0,0.89734,0.8314,0.20709,0.0227,0.075,4.8509,34.8307,0.85295,4.74288,4.84527,0,8.045,16.0,8,31.999,0.0,0.2337,2,6.189,0.0309,0.6789,1,53
task_env_weather_195273,background,24,203,0.981737,0.986531,0.761406,0.977717,0,0.89503,0.83199,0.20766,0.02327,0.07759,4.88526,34.7562,0.8531,4.75029,4.84527,0,8.0292,16.0,8,32.0,0.0,0.2334,2,6.143,0.0325,0.6768,1,53
task_env_weather_195273,background,24,204,0.989127,0.988801,0.761694,0.989457,0,0.89709,0.83268,0.2077,0.02328,0.07807,4.82729,34.7356,0.85317,4.74177,4.84527,0,8.0339,16.0,8,32.0,0.0,0.2353,2,6.178,0.033,0.6759,1,53
task_env_weather_195273,background,24,205,0.988746,0.98911,0.767298,0.988388,0,0.89737,0.82739,0.20788,0.02345,0.07836,4.83251,34.9424,0.85283,4.73474,4.84527,0,8.0796,16.0,8,31.992,0.0,0.2359,2,6.104,0.0285,0.6786,1,52
task_env_weather_195273,background,24,206,0.986048,0.98846,0.749144,0.983849,0,0.89678,0.83278,0.2073,0.0229,0.07691,4.85481,34.7908,0.85308,4.75119,4.84527,0,8.0405,16.0,8,31.932,0.0,0.2347,2,6.124,0.0268,0.677,1,53
task_env_weather_195273,background,24,207,0.989501,0.989749,0.745412,0.989256,0,0.89795,0.83298,0.20728,0.02278,0.07658,4.82827,34.8069,0.8529,4.75385,4.84527,0,8.0225,16.0,8,32.0,0.0,0.2313,2,6.166,0.0309,0.6769,1,54
task_env_weather_195273,background,24,208,0.99261,0.9904,0.763142,0.995035,0,0.89854,0.827,0.20754,0.02332,0.07879,4.80023,34.8165,0.85332,4.75533,4.84527,0,8.0506,16.0,8,32.0,0.0,0.2334,2,6.167,0.0337,0.6757,1,57
task_env_weather_195273,background,25,209,0.992089,0.991855,0.73674,0.992325,0,0.89986,0.83262,0.20707,0.02252,0.0754,4.81334,34.8311,0.85294,4.74794,4.84527,0,8.037,16.0,8,31.991,0.0,0.2345,2,6.141,0.0314,0.6764,1,54
task_env_weather_195273,background,25,210,0.98633,0.989264,0.748522,0.983704,0,0.89751,0.83276,0.20744,0.02288,0.07578,4.85552,34.8231,0.85292,4.74859,4.84527,0,8.0341,16.0,8,32.0,0.0016,0.2341,2,6.173,0.0333,0.6766,1,54
task_env_weather_195273,background,25,211,0.986921,0.987953,0.748466,0.985929,0,0.89632,0.83279,0.20726,0.02288,0.07597,4.84456,34.8127,0.85297,4.74663,4.84527,0,8.0408,16.0,8,31.978,0.0,0.2334,2,6.211,0.0312,0.6785,1,53
task_env_weather_195273,background,25,212,0.987788,0.988647,0.759531,0.986957,0,0.89695,0.83315,0.2076,0.02321,0.07763,4.83952,34.863,0.85296,4.7493,4.84527,0,8.0528,16.0,8,31.954,0.0,0.2345,2,6.193,0.0303,0.678,1,51
task_env_weather_195273,background,25,213,0.989834,0.987986,0.747407,0.99183,0,0.89635,0.8317,0.20721,0.02284,0.07642,4.81574,34.8973,0.85285,4.74892,4.84527,0,8.0559,16.0,8,31.98,0.0002,0.2319,2,6.129,0.0309,0.6783,1,52
task_env_weather_195273,background,25,214,0.985408,0.991006,0.767743,0.98084,0,0.89909,0.82435,0.20785,0.02347,0.0778,4.8697,34.8878,0.85287,4.74649,4.84527,0,8.0595,16.0,8,31.972,0.0023,0.233,2,6.198,0.0297,0.6779,1,52
task_env_weather_195273,background,25,215,0.990222,0.990366,0.759161,0.990079,0,0.89851,0.82932,0.20757,0.0232,0.07701,4.82426,34.8195,0.85303,4.7484,4.84527,0,8.0417,16.0,8,31.986,0.0004,0.2338,2,6.159,0.0328,0.6769,1,51
task_env_weather_195273,background,25,216,0.983383,0.988206,0.756028,0.979343,0,0.89655,0.8327,0.20764,0.02311,0.07668,4.87714,34.8635,0.85282,4.74661,4.84527,0,8.0413,16.0,8,31.938,0.0004,0.2333,2,6.124,0.0304,0.6781,1,54
task_env_weather_195273,background,25,217,0.981362,0.987446,0.751214,0.976476,0,0.89586,0.83215,0.20735,0.02296,0.07605,4.89146,34.7356,0.85313,4.75756,4.84527,0,8.0262,16.0,8,31.941,0.0014,0.2332,2,6.146,0.0335,0.6765,1,53
task_env_weather_195273,background,26,218,0.986444,0.991722,0.746268,0.98209,0,0.89974,0.83258,0.20717,0.02281,0.07574,4.8635,34.7989,0.85297,4.75089,4.84527,0,8.0327,16.0,8,32.0,0.0,0.2319,2,6.183,0.032,0.6786,1,53
task_env_weather_195273,background,26,219,0.99205,0.9903,0.767388,0.993932,0,0.89845,0.82715,0.20785,0.02345,0.07736,4.80556,34.7804,0.85306,4.75035,4.84527,0,8.0354,16.0,8,31.978,0.0007,0.2338,2,6.155,0.0329,0.6774,1,53
task_env_weather_195273,background,26,220,0.991922,0.989286,0.764235,0.994869,0,0.89753,0.83451,0.20775,0.02336,0.07737,4.80103,34.7796,0.85309,4.75335,4.84527,0,8.0342,16.0,8,32.0,0.0009,0.2339,2,6.154,0.0302,0.6769,1,53
task_env_weather_195273,background,26,221,0.983537,0.987875,0.756518,0.979842,0,0.89625,0.82894,0.20752,0.02312,0.07723,4.87466,34.8005,0.85301,4.74547,4.84527,0,8.0418,16.0,8,31.986,0.0001,0.2341,2,6.156,0.0303,0.678,1,53
task_env_weather_195273,background,26,222,0.988958,0.991612,0.747943,0.98656,0,0.89964,0.82417,0.20739,0.02286,0.07685,4.84147,34.829,0.85289,4.74921,4.84527,0,8.0333,16.0,8,32.0,0.0,0.233,2,6.158,0.0309,0.6771,1,54
task_env_weather_195273,background,26,223,0.988322,0.987401,0.740206,0.989279,0,0.89582,0.8325,0.20703,0.02262,0.07495,4.82816,34.893,0.85289,4.7456,4.84527,0,8.0645,16.0,8,32.0,0.0008,0.2341,2,6.166,0.0322,0.6776,1,52
task_env_weather_195273,background,26,224,0.987923,0.990796,0.761078,0.985347,0,0.8989,0.82766,0.20764,0.02326,0.07811,4.84743,34.7401,0.85313,4.75434,4.84527,0,8.0264,16.0,8,31.973,0.0,0.2331,2,6.19,0.0304,0.6764,1,53
task_env_weather_195273,background,26,225,0.989425,0.990091,0.739607,0.988777,0,0.89826,0.83318,0.20697,0.02261,0.07582,4.83061,34.734,0.85314,4.7513,4.84527,0,8.0183,16.0,8,32.0,0.0001,0.232,2,6.187,0.0317,0.6762,1,53
task_env_weather_195273,background,26,226,0.984942,0.990609,0.746012,0.980329,0,0.89873,0.8312,0.2072,0.0228,0.07585,4.87224,34.8664,0.85295,4.74793,4.84527,0,8.0576,16.0,8,32.0,0.0,0.2337,2,6.122,0.0316,0.6769,1,52
task_env_weather_195273,background,27,227,0.988858,0.987611,0.74967,0.990171,0,0.89601,0.83157,0.20729,0.02291,0.07626,4.82381,34.7494,0.85309,4.75637,4.84527,0,8.0292,16.0,8,31.997,0.0015,0.233,2,6.154,0.0307,0.6769,1,53
task_env_weather_195273,background,27,228,0.989693,0.990411,0.755206,0.988995,0,0.89855,0.82389,0.20749,0.02308,0.07707,4.82955,34.9065,0.85289,4.74633,4.84527,0,8.0657,16.0,8,31.975,0.0,0.2342,2,6.161,0.0321,0.6777,1,52
task_env_weather_195273,background,27,229,0.987211,0.988504,0.764958,0.985982,0,0.89682,0.82671,0.20777,0.02338,0.0778,4.84431,34.7789,0.85304,4.75077,4.84527,0,8.035,16.0,8,32.0,0.0,0.2334,2,6.149,0.0309,0.6776,1,53
task_env_weather_195273,background,27,230,0.988618,0.989187,0.753732,0.988061,0,0.89744,0.82703,0.20757,0.02304,0.07671,4.83411,34.8554,0.85282,4.7456,4.84527,0,8.04,16.0,8,31.975,0.0,0.2332,2,6.132,0.0311,0.678,1,54
task_env_weather_195273,background,27,231,0.98516,0.987942,0.753889,0.982657,0,0.89631,0.83348,0.20742,0.02304,0.07679,4.8607,34.7777,0.85304,4.74467,4.84527,0,8.0354,16.0,8,31.999,0.0008,0.2333,2,6.177,0.0294,0.6775,1,53
task_env_weather_195273,background,27,232,0.984834,0.984514,0.765192,0.985159,0,0.8932,0.83313,0.20778,0.02339,0.07772,4.84835,34.7689,0.85307,4.7481,4.84527,0,8.0326,16.0,8,32.0,0.0003,0.2336,2,6.155,0.0329,0.6772,1,53
task_env_weather_195273,background,27,233,0.988126,0.989242,0.766177,0.987058,0,0.89749,0.82729,0.20781,0.02342,0.0778,4.83903,34.7858,0.85302,4.75138,4.84527,0,8.0392,16.0,8,32.0,0.0,0.2339,2,6.168,0.032,0.6779,1,53
task_env_weather_195273,background,27,234,0.986979,0.990124,0.754566,0.984186,0,0.89829,0.8316,0.20745,0.02306,0.07677,4.85314,34.7816,0.85307,4.75556,4.84527,0,8.0339,16.0,8,31.989,0.0,0.2336,2,6.145,0.0311,0.6772,1,53
task_env_weather_195273,background,27,235,0.981052,0.988878,0.756058,0.975109,0,0.89716,0.83738,0.2075,0.02311,0.07761,4.89832,34.7763,0.85307,4.7536,4.84527,0,8.0334,16.0,8,32.0,0.0,0.2336,2,6.15,0.0315,0.6772,1,53
task_env_weather_195273,background,28,236,0.989635,0.990157,0.772586,0.989124,0,0.89832,0.83201,0.208,0.02361,0.07825,4.82892,34.7524,0.85309,4.75343,4.84527,0,8.0302,16.0,8,31.988,0.0004,0.2333,2,6.125,0.0316,0.677,1,53
task_env_weather_195273,background,28,237,0.985241,0.990499,0.753166,0.980902,0,0.89863,0.83037,0.20741,0.02302,0.07655,4.8694,34.7659,0.85309,4.75589,4.84527,0,8.0331,16.0,8,31.997,0.0,0.2338,2,6.152,0.0311,0.677,1,53
task_env_weather_195273,background,28,238,0.979648,0.990333,0.747327,0.972212,0,0.89848,0.82722,0.20723,0.02284,0.0759,4.91292,34.7676,0.85307,4.74862,4.84527,0,8.0313,16.0,8,32.0,0.0003,0.2332,2,6.167,0.0323,0.6773,1,53
task_env_weather_195273,background,28,239,0.986025,0.98911,0.767452,0.983279,0,0.89737,0.83284,0.20784,0.02346,0.07857,4.85762,34.7992,0.85303,4.74944,4.84527,0,8.0361,16.0,8,31.995,0.0004,0.2334,2,6.148,0.0313,0.6778,1,53
task_env_weather_195273,background,28,240,0.991544,0.989804,0.768971,0.993414,0,0.898,0.83082,0.2079,0.0235,0.07836,4.80806,34.7782,0.85308,4.75528,4.84527,0,8.0349,16.0,8,32.0,0.0004,0.2339,2,6.141,0.0313,0.6771,1,53
