image,class,generation,evaluation,score,id_norm,dir_norm,use_norm,subject_lost,subject_id_def,subject_box_iou_edit_def,align_def,align_gain_def,clip_s_def,niqe_def,latent_l2,hf_rgb_total,niqe_input,niqe_original,rejected,support_deltaE00,delta_e_cap,knob_frame_grid,knob_frame_sigma,knob_frame_scale,knob_frame_amplitude,knob_clothes_grid,knob_clothes_sigma,knob_clothes_scale,knob_clothes_amplitude,knob_lock_luminance,knob_field_seed
task_attr_mod_color_123744,background,1,1,0.972982,0.995798,0.627989,0.961493,0,0.89337,0.9412,0.18271,0.01293,0.03923,2.44961,30.8909,0.92397,2.33302,2.26012,0,8.6241,16.0,1,24.0,0.0,0.5,1,24.0,0.0,0.5,1,0
task_attr_mod_color_123744,background,2,2,0.972344,1.0,0.633291,0.959934,0,0.90504,0.92405,0.18852,0.01304,0.04463,2.45359,41.7265,0.92708,2.35093,2.26012,0,12.2816,16.0,8,20.714,0.0,0.689,1,8.336,0.2118,0.7786,1,0
task_attr_mod_color_123744,background,2,3,0.967095,1.0,0.65844,0.953986,0,0.90446,0.93975,0.18886,0.01356,0.04572,2.46889,46.7264,0.91177,2.33808,2.26012,0,15.0392,16.0,1,26.039,0.0,0.866,1,25.374,0.0,0.6241,1,0
task_attr_mod_color_123744,background,2,4,0.875406,1.0,0.143663,0.866737,0,0.91415,0.94011,0.187,0.00296,0.01014,2.71742,51.644,0.90606,2.3478,2.26012,0,15.0158,16.0,2,32.0,0.4934,0.7576,1,32.0,0.0,0.237,1,0
task_attr_mod_color_123744,background,2,5,0.962687,1.0,0.839195,0.949183,0,0.90128,0.92988,0.18779,0.01728,0.05363,2.48138,35.7876,0.90575,2.35981,2.26012,0,11.6192,16.0,2,9.3,0.1008,0.6805,1,26.901,0.0,0.3335,1,0
task_attr_mod_color_123744,background,2,6,0.996703,0.993791,0.855502,1.0,0,0.89157,0.90031,0.18284,0.01762,0.04689,2.34691,21.4544,0.94215,2.34388,2.26012,0,4.2879,16.0,1,27.227,0.0,0.1959,1,21.014,0.0994,0.4272,1,0
task_attr_mod_color_123744,background,2,7,1000.0,1.0,0.45249,0.956498,0,0.89942,0.94475,0.18471,0.00932,0.03457,2.46241,57.5592,0.90878,2.34139,2.26012,1,16.9777,16.0,1,15.417,0.5771,1.0,1,13.567,0.0,0.2802,1,13
task_attr_mod_color_123744,background,2,8,1000.0,0.992721,0.111787,0.976409,0,0.89061,0.93496,0.19738,0.0023,0.00814,2.41219,95.7183,1.01562,2.3031,2.26012,1,26.3122,16.0,1,22.505,0.9938,1.0,1,20.237,0.0,0.9095,1,409
task_attr_mod_color_123744,background,2,9,0.942328,1.0,0.63483,0.928521,0,0.90465,0.92673,0.18813,0.01307,0.04456,2.5366,44.2766,0.91619,2.34627,2.26012,0,13.8872,16.0,2,4.576,0.0,0.795,2,24.64,0.1176,0.6835,1,6
task_attr_mod_color_123744,background,2,10,0.985628,1.0,0.478141,0.976623,0,0.89772,0.91961,0.18069,0.00985,0.0312,2.41166,33.2376,0.90631,2.34969,2.26012,0,10.7747,16.0,1,32.0,0.0,0.6503,1,31.966,0.0,0.286,1,0
task_attr_mod_color_123744,background,3,11,1000.0,1.0,0.0,0.893901,0,0.90707,0.94832,0.17322,-0.00792,-0.02658,2.63484,52.6154,0.94664,2.32735,2.26012,1,16.2861,16.0,1,32.0,0.6871,0.6922,1,21.989,0.2157,0.5202,1,0
task_attr_mod_color_123744,background,3,12,0.98356,0.990871,0.984961,0.977917,0,0.88895,0.9075,0.18362,0.02029,0.05034,2.40847,16.6979,0.9354,2.33255,2.26012,0,3.3126,16.0,16,32.0,0.0473,0.1823,1,32.0,0.0,0.2213,1,0
task_attr_mod_color_123744,background,3,13,0.97228,1.0,0.307394,0.95986,0,0.90301,0.93373,0.17722,0.00633,0.01957,2.45378,35.1255,0.89794,2.35326,2.26012,0,11.8013,16.0,1,14.267,0.053,0.6979,1,27.792,0.0,0.2392,1,0
task_attr_mod_color_123744,background,3,14,1000.0,0.914528,0.166875,0.942636,0,0.82046,0.89688,0.18667,0.00344,0.01348,2.49862,119.1226,1.50782,2.28531,2.26012,1,29.8283,16.0,1,32.0,1.5,1.0,32,32.0,0.0,0.8903,1,47
task_attr_mod_color_123744,background,3,15,1000.0,0.990838,0.168057,0.950145,0,0.88892,0.95859,0.20232,0.00346,0.01474,2.47887,74.529,0.60628,2.50353,2.26012,1,26.2992,16.0,1,24.058,0.0,1.0,1,32.0,0.2629,1.0,0,0
task_attr_mod_color_123744,background,3,16,0.995904,0.992387,0.965398,1.0,0,0.89031,0.90508,0.18492,0.01988,0.05268,2.32536,21.58,0.94436,2.34156,2.26012,0,4.0489,16.0,16,32.0,0.0,0.1621,8,32.0,0.0,0.4654,1,0
task_attr_mod_color_123744,background,3,17,0.995737,0.992097,1.0,1.0,0,0.89005,0.91928,0.18974,0.02482,0.06376,2.32257,23.9824,0.95565,2.33236,2.26012,0,3.5044,16.0,32,32.0,0.7516,0.05,1,18.582,0.0,0.6235,1,0
task_attr_mod_color_123744,background,3,18,0.984695,0.999944,0.855244,0.975367,0,0.89709,0.90138,0.17974,0.01761,0.04685,2.41477,20.7093,0.9401,2.33135,2.26012,0,4.8275,16.0,1,32.0,0.5846,0.2975,8,13.167,0.5755,0.215,1,80
task_attr_mod_color_123744,background,3,19,0.998919,0.997882,0.717973,1.0,0,0.89524,0.92093,0.1825,0.01479,0.04076,2.33134,32.6338,0.95463,2.34416,2.26012,0,5.3441,16.0,8,32.0,0.0,0.1193,1,32.0,0.0,1.0,1,0
task_attr_mod_color_123744,background,4,20,1000.0,0.999811,0.0,0.917151,0,0.89697,0.91497,0.17725,-0.00854,-0.04311,2.56805,76.9743,0.89439,2.33242,2.26012,1,22.7136,16.0,1,32.0,0.6986,0.9747,1,32.0,0.3153,0.2066,1,759
task_attr_mod_color_123744,background,4,21,1000.0,1.0,0.0,0.918137,0,0.90463,0.94815,0.17338,-0.01301,-0.04868,2.56529,52.6535,0.8722,2.376,2.26012,1,18.3915,16.0,1,24.57,0.39,0.8896,1,23.781,0.0,0.05,1,0
task_attr_mod_color_123744,background,4,22,0.992423,0.995987,0.860815,0.989305,0,0.89354,0.91649,0.18272,0.01773,0.04738,2.38075,20.8331,0.93677,2.33909,2.26012,0,4.4835,16.0,1,29.818,0.0,0.2287,1,26.698,0.0,0.3758,1,0
task_attr_mod_color_123744,background,4,23,1000.0,0.994215,0.144853,0.871228,0,0.89195,0.93666,0.18841,0.00298,0.01076,2.70341,68.6238,0.94173,2.3562,2.26012,1,17.8283,16.0,2,32.0,0.974,0.7272,1,32.0,0.0,0.4435,1,0
task_attr_mod_color_123744,background,4,24,1000.0,1.0,0.120511,0.922353,0,0.90911,0.8969,0.19358,0.00248,0.00953,2.55356,79.5796,0.92156,2.33257,2.26012,1,19.7222,16.0,2,32.0,0.627,1.0,2,32.0,0.5514,0.1839,1,680
task_attr_mod_color_123744,background,4,25,1000.0,1.0,0.288298,0.888731,0,0.90589,0.93786,0.19409,0.00594,0.03538,2.65017,79.7017,0.46718,2.6545,2.26012,1,26.8305,16.0,16,32.0,0.3752,1.0,8,19.426,0.0,0.5979,0,0
task_attr_mod_color_123744,background,4,26,0.991693,1.0,0.571297,0.985479,0,0.89781,0.9087,0.17965,0.01177,0.0342,2.38999,27.2836,0.91144,2.33283,2.26012,0,8.4046,16.0,4,32.0,0.0,0.5245,2,32.0,0.552,0.1991,1,0
task_attr_mod_color_123744,background,4,27,1000.0,1.0,0.624489,0.844606,0,0.91227,0.96261,0.18654,0.01286,0.04357,2.78862,54.692,0.88744,2.35828,2.26012,1,17.4518,16.0,2,32.0,0.1451,0.9494,4,9.698,0.054,0.2087,1,97
task_attr_mod_color_123744,background,4,28,0.98882,0.994393,0.659751,0.984268,0,0.89211,0.91397,0.17769,0.01359,0.03458,2.39293,19.2843,0.92315,2.34515,2.26012,0,4.8175,16.0,2,32.0,0.0,0.3077,32,29.272,1.5,0.1339,1,0
task_attr_mod_color_123744,background,5,29,0.974353,1.0,0.434299,0.962289,0,0.90394,0.91925,0.17716,0.00894,0.02642,2.44759,34.4897,0.89219,2.35017,2.26012,0,11.7305,16.0,2,29.896,0.1403,0.6857,1,31.002,0.7055,0.065,1,307
task_attr_mod_color_123744,background,5,30,0.928178,1.0,0.293668,0.915045,0,0.90274,0.92524,0.17103,0.00605,0.02051,2.57396,44.2871,0.89584,2.3415,2.26012,0,14.8346,16.0,4,32.0,0.3126,0.8288,2,32.0,0.1571,0.05,1,0
task_attr_mod_color_123744,background,5,31,1.0,1.0,0.119221,1.0,0,0.90223,0.90904,0.18354,0.00246,0.00949,2.35129,33.2916,0.81537,2.36895,2.26012,0,8.3982,16.0,4,25.026,0.2307,0.2754,2,32.0,0.0,0.5531,0,0
task_attr_mod_color_123744,background,5,32,1000.0,0.997146,0.391783,0.917172,0,0.89458,0.92837,0.18627,0.00807,0.02229,2.56799,78.4536,0.98427,2.31761,2.26012,1,19.0312,16.0,1,26.923,0.4546,0.881,4,32.0,0.0,0.4889,1,32
task_attr_mod_color_123744,background,5,33,0.884599,0.96607,0.136998,0.872148,0,0.8667,0.90581,0.1918,0.00282,0.01135,2.70056,55.4427,0.62852,2.4246,2.26012,0,15.2535,16.0,8,32.0,0.8324,0.5022,1,32.0,0.0,0.5617,0,469
task_attr_mod_color_123744,background,5,34,1000.0,1.0,0.456613,0.932744,0,0.90131,0.95458,0.18816,0.0094,0.03277,2.52512,52.1737,0.90296,2.3549,2.26012,1,17.0978,16.0,1,26.404,0.0,0.9902,2,26.65,0.0,0.5461,1,0
task_attr_mod_color_123744,background,5,35,0.961101,1.0,0.691203,0.947491,0,0.90269,0.94117,0.18925,0.01424,0.04665,2.48581,47.6954,0.90768,2.35446,2.26012,0,15.491,16.0,16,31.6,0.0618,0.8972,1,27.031,0.0,0.5851,1,274
task_attr_mod_color_123744,background,5,36,0.982926,1.0,0.0,0.97298,0,0.90401,0.91869,0.17084,-0.0091,-0.02846,2.42069,33.5164,0.90027,2.33662,2.26012,0,10.7175,16.0,1,31.498,0.5852,0.4962,4,30.54,0.0,0.1202,1,0
task_attr_mod_color_123744,background,5,37,0.974921,1.0,0.500924,0.962964,0,0.90084,0.94358,0.1805,0.01032,0.03588,2.44587,41.822,0.89296,2.35289,2.26012,0,14.5484,16.0,4,32.0,0.0,0.8329,4,32.0,0.0,0.1726,1,446
task_attr_mod_color_123744,background,6,38,0.988808,1.0,0.758103,0.981133,0,0.89819,0.90905,0.18306,0.01561,0.04242,2.40058,24.8371,0.9259,2.33514,2.26012,0,6.8385,16.0,2,32.0,0.3705,0.4136,1,32.0,0.1853,0.3171,1,14
task_attr_mod_color_123744,background,6,39,0.979763,1.0,0.530687,0.968899,0,0.89998,0.90404,0.18708,0.01093,0.03233,2.43089,36.4038,0.94025,2.37125,2.26012,0,11.2177,16.0,2,28.14,0.8513,0.5518,1,27.326,0.3205,0.2494,1,198
task_attr_mod_color_123744,background,6,40,0.91334,1.0,0.0,0.901302,0,0.91116,0.91718,0.1752,-0.00534,-0.01962,2.6132,47.7031,0.8938,2.34822,2.26012,0,15.7002,16.0,1,27.279,0.3253,0.8006,2,29.428,0.1338,0.4625,1,0
task_attr_mod_color_123744,background,6,41,0.991379,1.0,0.416965,0.984994,0,0.90369,0.93792,0.1859,0.00859,0.02424,2.39117,26.4423,0.91772,2.3401,2.26012,0,6.4462,16.0,1,32.0,0.6298,0.3708,2,32.0,0.1158,0.05,1,75
task_attr_mod_color_123744,background,6,42,0.967393,1.0,0.365341,0.954316,0,0.8998,0.93268,0.19402,0.00752,0.02108,2.46804,50.8608,0.90477,2.39543,2.26012,0,15.4274,16.0,2,27.493,1.4065,0.799,1,28.445,0.4225,0.3916,1,166
task_attr_mod_color_123744,background,6,43,1000.0,1.0,0.489244,0.954621,0,0.90369,0.94605,0.18728,0.01008,0.03555,2.46725,51.8866,0.89574,2.35163,2.26012,1,17.3127,16.0,2,30.944,0.0,1.0,4,28.643,0.0,0.4145,1,0
task_attr_mod_color_123744,background,6,44,0.990078,0.993936,0.142564,0.986737,0,0.8917,0.92495,0.17856,0.00294,0.00902,2.38695,32.465,0.92013,2.34814,2.26012,0,7.2871,16.0,2,32.0,0.469,0.4172,2,32.0,0.0,0.5585,1,124
task_attr_mod_color_123744,background,6,45,1000.0,0.999632,0.400133,0.899158,0,0.89681,0.89894,0.18692,0.00824,0.03305,2.61944,79.4482,0.85463,2.37367,2.26012,1,21.1266,16.0,1,32.0,0.9563,0.636,1,32.0,0.6862,0.2387,1,123
task_attr_mod_color_123744,background,6,46,1000.0,1.0,0.797092,0.940541,0,0.9098,0.93166,0.1917,0.01642,0.05433,2.50418,59.6814,0.9577,2.33444,2.26012,1,17.1592,16.0,1,32.0,0.3768,0.8876,1,32.0,0.2589,0.2918,1,57
task_attr_mod_color_123744,background,7,47,0.966012,0.974419,0.842488,0.959744,0,0.87419,0.92059,0.18411,0.01735,0.05737,2.45408,32.0987,0.94965,2.34877,2.26012,0,7.9416,16.0,1,32.0,0.6954,0.4474,1,31.494,0.0,0.0869,1,14
task_attr_mod_color_123744,background,7,48,0.924104,0.999576,0.640097,0.911213,0,0.89676,0.93447,0.18889,0.01318,0.04433,2.58478,38.918,0.90871,2.34229,2.26012,0,12.2298,16.0,2,30.61,0.2124,0.689,4,32.0,0.1865,0.3981,1,0
task_attr_mod_color_123744,background,7,49,0.875181,1.0,0.408873,0.866532,0,0.91943,0.94431,0.18741,0.00842,0.02943,2.71806,48.8176,0.89743,2.34077,2.26012,0,15.4821,16.0,2,28.609,0.3404,0.8053,1,29.899,0.0,0.0804,1,0
task_attr_mod_color_123744,background,7,50,0.950999,1.0,0.052008,0.937078,0,0.90032,0.9398,0.1788,0.00107,0.00391,2.51344,45.1537,0.89524,2.3586,2.26012,0,12.8838,16.0,2,32.0,0.5319,0.7611,2,29.358,0.4144,0.2219,1,9
task_attr_mod_color_123744,background,7,51,0.995563,1.0,0.488221,0.991798,0,0.89858,0.91594,0.17758,0.01006,0.02891,2.37476,28.7372,0.90335,2.34625,2.26012,0,9.2628,16.0,4,22.561,0.0,0.5626,1,27.934,0.0,0.05,1,0
task_attr_mod_color_123744,background,7,52,0.962054,1.0,0.0,0.948505,0,0.91199,0.90976,0.1837,-0.0023,-0.00829,2.48316,47.9952,1.01166,2.3584,2.26012,0,15.583,16.0,1,19.786,0.6054,0.8428,4,32.0,0.39,0.2815,1,63
task_attr_mod_color_123744,background,7,53,0.973542,1.0,0.0,0.961333,0,0.90448,0.93847,0.1704,-0.00496,-0.01521,2.45002,31.6148,0.89609,2.35156,2.26012,0,10.3416,16.0,1,32.0,0.421,0.5193,1,29.522,0.0,0.05,1,0
task_attr_mod_color_123744,background,7,54,0.95825,1.0,0.042927,0.944493,0,0.89844,0.94429,0.16976,0.00088,0.00264,2.4937,37.1524,0.89891,2.34557,2.26012,0,10.7488,16.0,1,32.0,0.87,0.63,2,32.0,0.0,0.1916,1,155
task_attr_mod_color_123744,background,7,55,1000.0,0.997503,0.269163,0.917153,0,0.8949,0.93164,0.17956,0.00554,0.01933,2.56804,47.0908,0.90867,2.36417,2.26012,1,16.4388,16.0,2,24.406,0.347,0.9283,1,26.414,0.5476,0.2003,1,114
task_attr_mod_color_123744,background,8,56,0.971109,1.0,0.455243,0.958509,0,0.90212,0.92999,0.17896,0.00938,0.02811,2.45724,34.7361,0.89672,2.35578,2.26012,0,11.5059,16.0,2,27.613,0.0965,0.6881,1,24.84,0.0,0.1548,1,161
task_attr_mod_color_123744,background,8,57,1000.0,1.0,0.359245,0.88896,0,0.91598,0.94722,0.18796,0.0074,0.02433,2.64948,61.7571,0.89505,2.34128,2.26012,1,19.248,16.0,2,26.829,0.2502,1.0,1,32.0,0.0,0.1103,1,0
task_attr_mod_color_123744,background,8,58,1000.0,1.0,0.213854,0.887617,0,0.9033,0.9419,0.18665,0.0044,0.01461,2.65349,61.1075,0.89969,2.35558,2.26012,1,18.5567,16.0,2,31.41,0.367,0.9271,1,25.305,0.0,0.05,1,0
task_attr_mod_color_123744,background,8,59,0.9318,1.0,0.328449,0.918451,0,0.89978,0.92358,0.17569,0.00676,0.02097,2.56441,47.1565,0.8998,2.35085,2.26012,0,12.4661,16.0,2,21.656,0.755,0.6878,2,29.573,0.0,0.05,1,108
task_attr_mod_color_123744,background,8,60,0.973177,1.0,0.624494,0.960905,0,0.89964,0.93176,0.18186,0.01286,0.04151,2.45111,33.877,0.90875,2.35458,2.26012,0,11.1215,16.0,4,32.0,0.1965,0.6614,1,32.0,0.2142,0.2297,1,18
task_attr_mod_color_123744,background,8,61,0.883451,1.0,0.636667,0.874062,0,0.90569,0.94729,0.1875,0.01311,0.04778,2.69465,46.5546,0.89242,2.36561,2.26012,0,15.7086,16.0,2,31.444,0.2001,0.835,1,29.61,0.0324,0.05,1,0
task_attr_mod_color_123744,background,8,62,1000.0,1.0,0.387161,0.859358,0,0.92019,0.95007,0.18688,0.00797,0.029,2.74075,53.1681,0.89187,2.34108,2.26012,1,17.4318,16.0,2,22.559,0.2162,0.9079,1,27.659,0.0,0.05,1,0
task_attr_mod_color_123744,background,8,63,0.934478,1.0,0.391618,0.920986,0,0.89787,0.95132,0.17419,0.00807,0.02684,2.55735,39.2426,0.90324,2.33803,2.26012,0,12.8754,16.0,4,27.935,0.2026,0.7635,1,32.0,0.0,0.2548,1,0
task_attr_mod_color_123744,background,8,64,0.967748,1.0,0.210972,0.954711,0,0.89915,0.9466,0.17575,0.00435,0.01309,2.46702,36.2938,0.91309,2.34649,2.26012,0,12.7764,16.0,2,24.756,0.3526,0.7422,1,32.0,0.0133,0.0633,1,81
task_attr_mod_color_123744,background,9,65,0.876802,1.0,0.221616,0.868009,0,0.92177,0.94183,0.18621,0.00456,0.01579,2.71344,50.2458,0.89767,2.34988,2.26012,0,15.8234,16.0,2,31.654,0.3235,0.8311,1,32.0,0.0,0.1295,1,0
task_attr_mod_color_123744,background,9,66,0.936247,1.0,0.0,0.92267,0,0.90597,0.92351,0.1737,-0.00315,-0.01216,2.55269,50.3395,0.90403,2.35009,2.26012,0,15.8028,16.0,4,28.907,0.5737,0.8605,2,27.795,0.0,0.0524,1,0
task_attr_mod_color_123744,background,9,67,0.965963,1.0,0.420753,0.952737,0,0.90092,0.89686,0.17815,0.00867,0.02482,2.47213,36.4012,0.9198,2.36645,2.26012,0,13.3657,16.0,2,28.94,0.3189,0.7539,1,32.0,0.0495,0.05,1,83
task_attr_mod_color_123744,background,9,68,1000.0,1.0,0.249922,0.884585,0,0.91926,0.93008,0.18653,0.00515,0.01721,2.66259,57.9893,0.89721,2.36179,2.26012,1,17.9363,16.0,2,25.627,0.3272,0.9132,2,28.786,0.3989,0.0699,1,0
task_attr_mod_color_123744,background,9,69,0.999577,1.0,0.013734,0.999162,0,0.89869,0.95811,0.16952,0.00028,0.00088,2.35726,37.617,0.89717,2.35508,2.26012,0,13.5374,16.0,2,28.861,0.1963,0.7739,1,31.872,0.0,0.05,1,112
task_attr_mod_color_123744,background,9,70,1000.0,0.998696,0.59362,0.915073,0,0.89597,0.93961,0.18143,0.01223,0.0442,2.57388,48.516,0.90244,2.3569,2.26012,1,17.2857,16.0,2,31.971,0.1832,0.9661,1,25.853,0.0153,0.1047,1,106
task_attr_mod_color_123744,background,9,71,0.980499,1.0,0.397037,0.969832,0,0.90247,0.93935,0.17844,0.00818,0.02707,2.42855,39.2812,0.89358,2.34385,2.26012,0,13.789,16.0,4,27.259,0.0459,0.7939,1,29.043,0.0,0.1325,1,10
task_attr_mod_color_123744,background,9,72,0.963556,1.0,0.0,0.950117,0,0.89915,0.96943,0.16828,-0.00696,-0.0201,2.47894,39.4198,0.88903,2.36847,2.26012,0,14.0263,16.0,2,31.197,0.5416,0.7449,1,32.0,0.0503,0.05,1,105
task_attr_mod_color_123744,background,9,73,0.928983,1.0,0.0,0.9158,0,0.9101,0.946,0.17402,-0.00328,-0.01221,2.57184,48.6759,0.90376,2.35295,2.26012,0,15.3159,16.0,4,28.911,0.5601,0.8382,2,32.0,0.0027,0.05,1,0
task_attr_mod_color_123744,background,10,74,1000.0,0.999409,0.771598,0.934649,0,0.89661,0.95443,0.19029,0.01589,0.05282,2.51997,46.2898,0.90126,2.35414,2.26012,1,16.3281,16.0,4,31.442,0.312,0.8674,2,29.313,0.0,0.0518,1,6
task_attr_mod_color_123744,background,10,75,0.923588,1.0,0.56328,0.910763,0,0.90115,0.92263,0.18208,0.0116,0.04116,2.58606,45.2462,0.88923,2.37261,2.26012,0,15.8866,16.0,4,32.0,0.29,0.8559,1,28.387,0.2421,0.0736,1,41
task_attr_mod_color_123744,background,10,76,0.991475,1.0,0.206705,0.985142,0,0.90368,0.95874,0.17333,0.00426,0.01757,2.39081,48.6655,0.89897,2.35252,2.26012,0,13.9406,16.0,2,28.01,0.482,0.7451,1,32.0,0.1305,0.1621,1,86
task_attr_mod_color_123744,background,10,77,0.946957,1.0,0.274544,0.933053,0,0.90124,0.96447,0.17846,0.00565,0.02109,2.52428,44.4767,0.88088,2.35129,2.26012,0,15.8603,16.0,2,30.768,0.2886,0.8789,1,32.0,0.0,0.05,1,115
task_attr_mod_color_123744,background,10,78,0.906524,1.0,0.504289,0.895063,0,0.90695,0.96766,0.18666,0.01039,0.03809,2.63142,44.8025,0.89608,2.33703,2.26012,0,14.7572,16.0,2,28.231,0.2454,0.7997,1,28.219,0.0,0.1347,1,0
task_attr_mod_color_123744,background,10,79,1000.0,1.0,0.390099,0.855077,0,0.92172,0.94342,0.18743,0.00803,0.02787,2.75447,50.5847,0.89635,2.35093,2.26012,1,16.0901,16.0,2,26.042,0.3274,0.8284,1,28.231,0.136,0.05,1,0
task_attr_mod_color_123744,background,10,80,1000.0,1.0,0.294806,0.874964,0,0.91532,0.944,0.18676,0.00607,0.02028,2.69187,55.4598,0.89958,2.34201,2.26012,1,16.928,16.0,2,26.899,0.3876,0.8571,1,28.109,0.095,0.08,1,0
task_attr_mod_color_123744,background,10,81,0.929785,1.0,0.673633,0.916553,0,0.90113,0.94614,0.18757,0.01387,0.05006,2.56972,43.6052,0.89599,2.33976,2.26012,0,14.5623,16.0,2,23.32,0.179,0.8085,1,26.92,0.0,0.191,1,0
task_attr_mod_color_123744,background,10,82,1000.0,0.987761,0.0,0.927886,0,0.88616,0.87272,0.17875,-0.00084,-0.00288,2.53834,46.8301,0.89206,2.34487,2.26012,1,16.5816,16.0,2,27.984,0.4087,0.952,1,29.394,0.0,0.0977,1,128
task_attr_mod_color_123744,background,11,83,0.96574,1.0,0.592435,0.952492,0,0.91173,0.95082,0.18028,0.0122,0.03614,2.47276,43.4915,0.91043,2.33101,2.26012,0,14.2848,16.0,2,28.646,0.4756,0.8006,1,30.518,0.0475,0.05,1,25
task_attr_mod_color_123744,background,11,84,0.933163,1.0,0.178767,0.919739,0,0.8998,0.94085,0.17318,0.00368,0.01245,2.56082,47.536,0.89408,2.33141,2.26012,0,14.9462,16.0,2,27.768,0.3483,0.8341,1,29.864,0.106,0.1571,1,108
task_attr_mod_color_123744,background,11,85,0.889459,1.0,0.577385,0.879526,0,0.91011,0.95236,0.18706,0.01189,0.04262,2.6779,43.444,0.89737,2.33652,2.26012,0,14.049,16.0,2,28.65,0.3195,0.746,1,27.534,0.0,0.0662,1,0
task_attr_mod_color_123744,background,11,86,0.915683,0.998428,0.880666,0.903331,0,0.89573,0.93887,0.18879,0.01814,0.06051,2.60733,40.6508,0.89428,2.34352,2.26012,0,13.9008,16.0,2,29.715,0.1826,0.7601,2,29.824,0.0065,0.0556,1,0
task_attr_mod_color_123744,background,11,87,0.961591,0.997414,0.395095,0.948203,0,0.89482,0.90616,0.17843,0.00814,0.02557,2.48395,38.6239,0.90044,2.34299,2.26012,0,13.5314,16.0,2,24.698,0.2346,0.782,1,30.123,0.0,0.0786,1,28
task_attr_mod_color_123744,background,11,88,0.952643,1.0,0.578516,0.938736,0,0.89777,0.93846,0.18398,0.01191,0.0376,2.509,44.3365,0.89287,2.3346,2.26012,0,15.7098,16.0,2,32.0,0.3405,0.8696,1,32.0,0.0,0.052,1,14
task_attr_mod_color_123744,background,11,89,0.90365,1.0,0.335273,0.89244,0,0.90473,0.94234,0.17282,0.00691,0.02332,2.63915,42.4491,0.89921,2.34715,2.26012,0,13.9788,16.0,4,30.363,0.384,0.7866,1,31.016,0.1428,0.05,1,0
task_attr_mod_color_123744,background,11,90,0.938493,1.0,0.065843,0.924819,0,0.90858,0.93545,0.17337,0.00136,0.00486,2.54675,48.6666,0.8982,2.35423,2.26012,0,15.8585,16.0,4,28.891,0.4194,0.8731,1,31.564,0.0,0.0562,1,0
task_attr_mod_color_123744,background,11,91,1000.0,0.999443,0.056299,0.937799,0,0.89664,0.93198,0.17255,0.00116,0.0044,2.51151,48.8693,0.88066,2.35095,2.26012,1,16.788,16.0,2,27.702,0.3282,0.9267,1,31.005,0.0437,0.1422,1,36
task_attr_mod_color_123744,background,12,92,0.864295,1.0,0.468076,0.856587,0,0.90926,0.94292,0.1874,0.00964,0.03262,2.74962,47.478,0.89543,2.34861,2.26012,0,15.5202,16.0,2,28.281,0.4167,0.8242,1,30.383,0.0039,0.0805,1,32
task_attr_mod_color_123744,background,12,93,0.988699,1.0,0.344253,0.980974,0,0.91664,0.94653,0.17898,0.00709,0.02607,2.40097,46.1835,0.89299,2.36951,2.26012,0,15.5436,16.0,4,27.967,0.4115,0.8152,1,30.451,0.0,0.081,1,15
task_attr_mod_color_123744,background,12,94,0.866091,1.0,0.470107,0.858231,0,0.90773,0.93769,0.1868,0.00968,0.03427,2.74435,49.6498,0.8778,2.3437,2.26012,0,15.4954,16.0,2,29.955,0.3599,0.853,1,29.223,0.1513,0.065,1,20
task_attr_mod_color_123744,background,12,95,0.99427,0.992432,0.599193,0.996254,0,0.89035,0.9375,0.17654,0.01234,0.04312,2.36414,48.5094,0.89796,2.35227,2.26012,0,15.6369,16.0,2,26.371,0.371,0.8263,1,29.951,0.0,0.0633,1,48
task_attr_mod_color_123744,background,12,96,0.929073,1.0,0.309315,0.915885,0,0.89801,0.90391,0.17675,0.00637,0.02128,2.5716,40.0044,0.92032,2.34254,2.26012,0,14.0757,16.0,2,28.537,0.3897,0.807,1,30.551,0.0,0.0649,1,7
task_attr_mod_color_123744,background,12,97,0.994163,0.998852,0.654053,0.990218,0,0.89611,0.95303,0.17973,0.01347,0.04553,2.37855,43.8341,0.89812,2.3647,2.26012,0,14.5692,16.0,2,27.388,0.2558,0.8022,1,31.568,0.0313,0.1138,1,48
task_attr_mod_color_123744,background,12,98,1000.0,1.0,0.231709,0.854525,0,0.91901,0.94161,0.18626,0.00477,0.01663,2.75625,52.0794,0.89482,2.36331,2.26012,1,16.7539,16.0,2,26.706,0.2532,0.8878,1,30.533,0.0,0.13,1,0
task_attr_mod_color_123744,background,12,99,1000.0,1.0,0.437763,0.866619,0,0.91046,0.94989,0.18614,0.00902,0.03218,2.71779,48.9003,0.8935,2.35259,2.26012,1,16.1281,16.0,2,27.763,0.2301,0.855,1,27.558,0.0,0.0824,1,0
task_attr_mod_color_123744,background,12,100,0.891617,1.0,0.467709,0.881488,0,0.9199,0.94359,0.18672,0.00963,0.03393,2.67194,46.6312,0.89625,2.33099,2.26012,0,15.0664,16.0,2,27.888,0.3146,0.7875,1,29.023,0.0,0.05,1,0
task_attr_mod_color_123744,background,13,101,0.936307,1.0,0.554441,0.922727,0,0.9066,0.93018,0.18221,0.01142,0.03433,2.55253,41.3494,0.93649,2.35897,2.26012,0,15.2132,16.0,2,28.037,0.4251,0.832,1,30.508,0.0,0.0595,1,83
task_attr_mod_color_123744,background,13,102,0.98937,1.0,1.0,0.98196,0,0.90532,0.9514,0.18916,0.02445,0.06854,2.39856,40.7628,0.89768,2.35147,2.26012,0,14.5695,16.0,2,29.555,0.3598,0.826,1,30.66,0.059,0.1162,1,23
task_attr_mod_color_123744,background,13,103,0.985381,1.0,1.0,0.976283,0,0.9077,0.94949,0.18818,0.02515,0.06794,2.4125,40.4985,0.89822,2.36242,2.26012,0,14.4016,16.0,2,28.042,0.4474,0.8083,1,28.803,0.0,0.0854,1,23
task_attr_mod_color_123744,background,13,104,0.951902,1.0,0.537219,0.937987,0,0.9224,0.94098,0.18071,0.01106,0.0375,2.511,51.1609,0.91533,2.33915,2.26012,0,15.2373,16.0,4,28.162,0.4741,0.8114,1,29.859,0.0,0.1063,1,60
task_attr_mod_color_123744,background,13,105,1000.0,1.0,0.315113,0.885484,0,0.91188,0.9291,0.18785,0.00649,0.02223,2.65988,55.2273,0.9016,2.35312,2.26012,1,16.5016,16.0,2,27.993,0.4434,0.8249,1,31.93,0.044,0.0765,1,0
task_attr_mod_color_123744,background,13,106,0.934449,1.0,0.440187,0.920958,0,0.89837,0.96247,0.17586,0.00907,0.03276,2.55743,45.2075,0.91064,2.349,2.26012,0,14.3357,16.0,2,28.781,0.4106,0.8243,1,28.503,0.0,0.0708,1,47
task_attr_mod_color_123744,background,13,107,0.860158,1.0,0.32948,0.852795,0,0.91819,0.93941,0.18741,0.00679,0.02336,2.76184,50.3296,0.90032,2.34609,2.26012,0,15.4076,16.0,2,28.417,0.4085,0.7905,1,30.136,0.0271,0.1066,1,0
task_attr_mod_color_123744,background,13,108,0.897568,1.0,0.550281,0.8869,0,0.90546,0.97189,0.18501,0.01133,0.03702,2.65564,43.4561,0.8912,2.34298,2.26012,0,14.4303,16.0,2,27.379,0.4407,0.8089,1,30.244,0.0,0.0641,1,59
task_attr_mod_color_123744,background,13,109,0.909555,1.0,0.7395,0.897834,0,0.91377,0.94135,0.18415,0.01523,0.05314,2.6233,49.2754,0.89014,2.33791,2.26012,0,15.1839,16.0,2,29.183,0.4871,0.8271,1,30.626,0.1455,0.0819,1,13
task_attr_mod_color_123744,background,14,110,0.984635,0.993646,0.406316,0.97804,0,0.89144,0.94303,0.17905,0.00837,0.02461,2.40817,44.7256,0.88363,2.3546,2.26012,0,14.3519,16.0,4,28.247,0.4018,0.7814,1,29.264,0.0486,0.0925,1,11
task_attr_mod_color_123744,background,14,111,0.911033,1.0,0.282252,0.899187,0,0.9139,0.93603,0.18693,0.00581,0.02011,2.61935,52.7866,0.90173,2.34847,2.26012,0,15.795,16.0,2,28.603,0.448,0.7965,1,30.793,0.065,0.0971,1,0
task_attr_mod_color_123744,background,14,112,0.931201,1.0,0.251821,0.917886,0,0.90438,0.93783,0.17232,0.00519,0.01762,2.56599,42.5599,0.90135,2.33688,2.26012,0,13.8544,16.0,4,28.7,0.3996,0.7876,1,30.124,0.0497,0.095,1,0
task_attr_mod_color_123744,background,14,113,0.875282,1.0,0.357038,0.866624,0,0.91876,0.94194,0.18665,0.00735,0.02513,2.71777,48.7038,0.90006,2.34156,2.26012,0,15.0268,16.0,2,29.166,0.3995,0.7766,1,29.938,0.0288,0.1091,1,0
task_attr_mod_color_123744,background,14,114,0.885854,1.0,0.343653,0.876248,0,0.89948,0.94228,0.18734,0.00708,0.02499,2.68792,46.4961,0.87819,2.34152,2.26012,0,13.902,16.0,2,27.643,0.4392,0.7887,2,29.616,0.0419,0.1338,1,20
task_attr_mod_color_123744,background,14,115,1000.0,1.0,0.323977,0.920052,0,0.9256,0.94209,0.18493,0.00667,0.02335,2.55995,48.7209,0.88732,2.34037,2.26012,1,16.3999,16.0,2,29.093,0.4434,0.8173,1,30.356,0.0362,0.1136,1,19
task_attr_mod_color_123744,background,14,116,0.906422,1.0,0.317654,0.89497,0,0.91533,0.93906,0.18714,0.00654,0.02255,2.63169,52.0617,0.90072,2.34667,2.26012,0,15.7721,16.0,2,28.302,0.4335,0.7962,1,29.819,0.0,0.0762,1,0
task_attr_mod_color_123744,background,14,117,0.887126,1.0,0.255267,0.877404,0,0.91715,0.9399,0.18715,0.00526,0.01802,2.68438,52.3836,0.90102,2.34673,2.26012,0,15.8145,16.0,2,29.043,0.4157,0.8083,1,30.106,0.0193,0.1236,1,0
task_attr_mod_color_123744,background,14,118,0.92486,1.0,0.253912,0.911946,0,0.90451,0.92851,0.17213,0.00523,0.01773,2.5827,42.8389,0.90079,2.33913,2.26012,0,13.9821,16.0,4,28.921,0.3836,0.7953,1,30.318,0.0,0.1001,1,0
task_attr_mod_color_123744,background,15,119,0.889506,1.0,0.353789,0.879568,0,0.91675,0.94225,0.18772,0.00729,0.0252,2.67778,50.2714,0.90093,2.34153,2.26012,0,15.2617,16.0,2,27.912,0.4317,0.7776,1,30.019,0.0317,0.0966,1,0
task_attr_mod_color_123744,background,15,120,0.928015,1.0,0.232028,0.914893,0,0.89763,0.96497,0.17333,0.00478,0.01628,2.57439,43.9007,0.90117,2.34697,2.26012,0,14.2706,16.0,4,28.64,0.4109,0.8068,1,29.988,0.0184,0.0961,1,0
task_attr_mod_color_123744,background,15,121,0.894891,1.0,0.328349,0.884465,0,0.91384,0.9408,0.18786,0.00676,0.02351,2.66295,51.1999,0.90176,2.34255,2.26012,0,15.3921,16.0,2,28.53,0.449,0.7801,1,30.272,0.0106,0.1059,1,0
task_attr_mod_color_123744,background,15,122,0.929937,1.0,0.102319,0.916696,0,0.90063,0.92876,0.17333,0.00211,0.00725,2.56932,45.1756,0.90241,2.3499,2.26012,0,14.5501,16.0,4,27.882,0.4363,0.821,1,30.343,0.0588,0.1122,1,0
task_attr_mod_color_123744,background,15,123,0.871059,1.0,0.365298,0.862771,0,0.9168,0.94302,0.18741,0.00752,0.02614,2.72991,50.3897,0.90046,2.34358,2.26012,0,15.358,16.0,2,28.53,0.43,0.7793,1,30.189,0.04,0.0751,1,0
task_attr_mod_color_123744,background,15,124,0.964112,1.0,0.433656,0.950719,0,0.90627,0.93703,0.18542,0.00893,0.02415,2.47737,40.2379,0.90357,2.33935,2.26012,0,14.3611,16.0,4,29.113,0.4649,0.7864,1,29.807,0.0139,0.1113,1,3
task_attr_mod_color_123744,background,15,125,0.874095,1.0,0.366896,0.865541,0,0.9173,0.93794,0.18713,0.00756,0.02588,2.72117,48.6234,0.90058,2.3439,2.26012,0,14.9312,16.0,2,28.214,0.4021,0.7738,1,30.085,0.0212,0.1295,1,0
task_attr_mod_color_123744,background,15,126,0.878906,1.0,0.779067,0.869925,0,0.89859,0.92996,0.18513,0.01605,0.06375,2.70746,51.6663,0.89983,2.34275,2.26012,0,15.1787,16.0,2,27.976,0.3689,0.7882,1,29.879,0.0602,0.0913,1,8
task_attr_mod_color_123744,background,15,127,1000.0,1.0,0.226058,0.874953,0,0.91532,0.94036,0.18661,0.00466,0.0157,2.6919,52.8002,0.90072,2.35717,2.26012,1,16.0,16.0,2,28.094,0.4064,0.8186,1,30.671,0.0545,0.123,1,0
task_attr_mod_color_123744,background,16,128,0.931734,0.993435,0.142336,0.918067,0,0.89125,0.95278,0.1763,0.00293,0.01017,2.56548,42.7523,0.89293,2.36769,2.26012,0,13.2157,16.0,2,29.085,0.4226,0.7728,1,29.929,0.0078,0.1036,1,2
task_attr_mod_color_123744,background,16,129,0.943557,0.992877,0.789672,0.929635,0,0.89075,0.93142,0.18559,0.01626,0.05216,2.53356,41.1841,0.90249,2.34742,2.26012,0,14.5689,16.0,2,28.218,0.4113,0.8006,1,30.779,0.0317,0.1257,1,1
task_attr_mod_color_123744,background,16,130,0.881797,1.0,0.389644,0.872557,0,0.91839,0.94391,0.1875,0.00802,0.02767,2.69929,49.0394,0.90036,2.34524,2.26012,0,15.0445,16.0,2,28.838,0.4074,0.7757,1,30.3,0.0292,0.1106,1,0
task_attr_mod_color_123744,background,16,131,0.884997,1.0,0.312868,0.875468,0,0.9154,0.94036,0.18671,0.00644,0.02215,2.69032,50.0202,0.90123,2.3398,2.26012,0,15.1546,16.0,2,28.442,0.4371,0.7725,1,29.163,0.028,0.1032,1,0
task_attr_mod_color_123744,background,16,132,0.987716,1.0,0.483431,0.979555,0,0.89824,0.93991,0.18184,0.00996,0.03254,2.40444,41.0531,0.90219,2.35369,2.26012,0,13.3578,16.0,4,27.946,0.4019,0.7873,1,29.983,0.0405,0.1125,1,8
task_attr_mod_color_123744,background,16,133,0.883501,1.0,0.308574,0.874107,0,0.91928,0.93487,0.18606,0.00636,0.02174,2.69451,49.122,0.89884,2.33194,2.26012,0,15.3402,16.0,2,28.352,0.3686,0.7963,1,30.739,0.0044,0.1027,1,0
task_attr_mod_color_123744,background,16,134,0.884329,1.0,0.334266,0.874861,0,0.91708,0.94445,0.18277,0.00688,0.02307,2.69218,43.6023,0.88943,2.34245,2.26012,0,14.5521,16.0,2,28.452,0.4187,0.8059,1,30.279,0.0264,0.0953,1,12
task_attr_mod_color_123744,background,16,135,0.921556,1.0,0.523377,0.908877,0,0.90433,0.94672,0.18136,0.01078,0.0368,2.59142,39.0117,0.90352,2.33764,2.26012,0,13.2522,16.0,2,27.747,0.4175,0.7922,1,30.116,0.0246,0.1266,1,6
task_attr_mod_color_123744,background,16,136,0.976539,0.998573,0.31823,0.965229,0,0.89586,0.95439,0.18068,0.00655,0.023,2.44013,45.298,0.89101,2.34848,2.26012,0,13.825,16.0,2,28.408,0.4151,0.795,1,30.183,0.0345,0.1055,1,9
task_attr_mod_color_123744,background,17,137,0.879153,1.0,0.325284,0.87015,0,0.91676,0.94291,0.18722,0.0067,0.02313,2.70676,50.0912,0.90086,2.34622,2.26012,0,15.2568,16.0,2,28.403,0.4191,0.7825,1,30.033,0.0273,0.1156,1,0
task_attr_mod_color_123744,background,17,138,0.902881,1.0,0.295981,0.891739,0,0.91699,0.94372,0.18711,0.0061,0.021,2.64123,52.2458,0.90109,2.34685,2.26012,0,15.7576,16.0,2,28.345,0.4309,0.7993,1,29.638,0.0212,0.0997,1,0
task_attr_mod_color_123744,background,17,139,0.853976,1.0,0.595759,0.847114,0,0.90457,0.95594,0.18867,0.01227,0.04132,2.78037,45.334,0.88296,2.34581,2.26012,0,14.7999,16.0,2,29.074,0.4029,0.7939,1,29.704,0.0248,0.1055,1,16
task_attr_mod_color_123744,background,17,140,0.954319,0.996433,0.751951,0.940547,0,0.89394,0.9374,0.18481,0.01549,0.04945,2.50417,40.3235,0.9017,2.34773,2.26012,0,14.3211,16.0,2,28.833,0.3976,0.7879,1,30.102,0.0369,0.1098,1,1
task_attr_mod_color_123744,background,17,141,0.962967,1.0,0.31869,0.949483,0,0.90776,0.96442,0.17576,0.00656,0.02137,2.4806,41.2067,0.90983,2.36579,2.26012,0,13.3764,16.0,2,29.019,0.4054,0.7946,1,30.085,0.0239,0.1044,1,15
task_attr_mod_color_123744,background,17,142,0.99108,1.0,0.109323,0.984534,0,0.90782,0.96901,0.17919,0.00225,0.00701,2.39229,39.9944,0.90067,2.3516,2.26012,0,13.1118,16.0,2,28.834,0.4158,0.8031,1,30.26,0.0135,0.1148,1,3
task_attr_mod_color_123744,background,17,143,0.937258,1.0,0.250952,0.923635,0,0.9025,0.93758,0.17258,0.00517,0.01758,2.55002,42.9603,0.90102,2.34507,2.26012,0,13.9941,16.0,4,28.387,0.4061,0.7921,1,30.063,0.0369,0.0848,1,0
task_attr_mod_color_123744,background,17,144,0.883789,1.0,0.347901,0.874369,0,0.9197,0.94555,0.18753,0.00717,0.02454,2.6937,49.8967,0.90067,2.35474,2.26012,0,15.228,16.0,2,28.702,0.4112,0.7836,1,29.893,0.055,0.1194,1,0
task_attr_mod_color_123744,background,17,145,0.875915,1.0,0.276598,0.867201,0,0.91964,0.93997,0.18701,0.0057,0.01968,2.71596,51.4862,0.90076,2.34922,2.26012,0,15.6367,16.0,2,28.762,0.4162,0.7992,1,30.142,0.0282,0.1127,1,0
task_attr_mod_color_123744,background,18,146,0.940337,1.0,0.225274,0.926593,0,0.90287,0.95459,0.17416,0.00464,0.01606,2.54188,41.7521,0.89185,2.35568,2.26012,0,13.4182,16.0,2,28.829,0.4154,0.7986,1,29.901,0.0207,0.108,1,17
task_attr_mod_color_123744,background,18,147,0.932092,1.0,0.206998,0.918726,0,0.90519,0.94875,0.17361,0.00426,0.01436,2.56364,40.5767,0.89243,2.35256,2.26012,0,13.1105,16.0,2,29.14,0.3938,0.7829,1,29.834,0.0092,0.1091,1,17
task_attr_mod_color_123744,background,18,148,0.936082,1.0,0.599255,0.922512,0,0.90866,0.91486,0.17861,0.01234,0.04278,2.55312,47.2781,0.91232,2.35904,2.26012,0,15.6062,16.0,2,29.202,0.3971,0.7948,1,29.714,0.0341,0.1063,1,22
task_attr_mod_color_123744,background,18,149,0.870277,1.0,0.586322,0.862057,0,0.90288,0.93664,0.18874,0.01208,0.04,2.73217,45.6888,0.88286,2.34796,2.26012,0,14.8103,16.0,2,29.317,0.4115,0.7941,1,29.787,0.0254,0.1148,1,16
task_attr_mod_color_123744,background,18,150,0.906531,1.0,0.547751,0.895069,0,0.90152,0.94038,0.18173,0.01128,0.03873,2.6314,39.0319,0.90211,2.33037,2.26012,0,13.3585,16.0,2,28.853,0.4035,0.7937,1,29.964,0.0098,0.1055,1,6
task_attr_mod_color_123744,background,18,151,1000.0,0.987416,0.820703,0.871063,0,0.88585,0.94423,0.18703,0.0169,0.06776,2.70392,56.3498,0.90152,2.3387,2.26012,1,16.0029,16.0,2,28.896,0.4168,0.8078,1,29.509,0.0035,0.102,1,8
task_attr_mod_color_123744,background,18,152,0.971373,1.0,0.30529,0.958812,0,0.90737,0.95588,0.17563,0.00629,0.02038,2.45646,41.5634,0.90948,2.36434,2.26012,0,13.5457,16.0,2,29.101,0.3988,0.8026,1,29.512,0.0138,0.107,1,15
task_attr_mod_color_123744,background,18,153,0.93575,1.0,0.364829,0.922196,0,0.90127,0.90497,0.17797,0.00751,0.02545,2.554,39.3107,0.9291,2.33293,2.26012,0,13.6869,16.0,2,29.317,0.4137,0.7929,1,29.701,0.0296,0.1147,1,7
task_attr_mod_color_123744,background,18,154,0.952933,1.0,0.526059,0.939029,0,0.8987,0.92786,0.17916,0.01083,0.03498,2.50822,45.653,0.8924,2.32003,2.26012,0,15.2416,16.0,2,29.078,0.3852,0.7895,1,29.749,0.0334,0.1023,1,24
task_attr_mod_color_123744,background,19,155,0.92516,1.0,0.603539,0.912226,0,0.91013,0.9184,0.17859,0.01243,0.04339,2.58191,47.4028,0.91246,2.36837,2.26012,0,15.6227,16.0,2,29.219,0.4075,0.7924,1,29.705,0.0239,0.0997,1,22
task_attr_mod_color_123744,background,19,156,0.9425,0.999554,0.428178,0.928676,0,0.89674,0.94306,0.17748,0.00882,0.03178,2.53618,41.5339,0.89925,2.34132,2.26012,0,14.6009,16.0,2,28.949,0.3963,0.7934,1,29.976,0.0127,0.1045,1,18
task_attr_mod_color_123744,background,19,157,0.963061,0.995976,0.74402,0.94995,0,0.89353,0.92351,0.18328,0.01532,0.05638,2.47938,45.6386,0.89002,2.34332,2.26012,0,15.5744,16.0,2,29.224,0.3996,0.8028,1,29.865,0.0192,0.1086,1,10
task_attr_mod_color_123744,background,19,158,0.931174,0.998417,0.394415,0.917772,0,0.89572,0.94486,0.17686,0.00812,0.02921,2.56631,41.5503,0.89974,2.3483,2.26012,0,14.5879,16.0,2,28.964,0.4138,0.7915,1,29.686,0.0106,0.1063,1,18
task_attr_mod_color_123744,background,19,159,0.982799,1.0,0.32933,0.972812,0,0.89714,0.94916,0.18014,0.00678,0.0236,2.42111,44.6569,0.891,2.34196,2.26012,0,13.7866,16.0,2,29.256,0.3907,0.7934,1,29.938,0.0264,0.1056,1,9
task_attr_mod_color_123744,background,19,160,0.9715,1.0,0.30449,0.958958,0,0.90725,0.96062,0.17547,0.00627,0.02027,2.45609,41.216,0.90972,2.36579,2.26012,0,13.3819,16.0,2,28.946,0.4032,0.7948,1,29.486,0.02,0.1046,1,15
task_attr_mod_color_123744,background,19,161,0.897669,1.0,0.404534,0.886992,0,0.9153,0.94672,0.18404,0.00833,0.02764,2.65536,42.6173,0.89004,2.33975,2.26012,0,14.2436,16.0,2,29.254,0.4074,0.7942,1,29.798,0.0366,0.1072,1,12
task_attr_mod_color_123744,background,19,162,0.939893,0.998796,0.401646,0.926124,0,0.89606,0.94827,0.177,0.00827,0.03009,2.54317,41.9304,0.89939,2.34716,2.26012,0,14.7122,16.0,2,29.08,0.4059,0.7985,1,29.585,0.0258,0.1077,1,18
task_attr_mod_color_123744,background,19,163,0.893599,1.0,0.543648,0.88329,0,0.91065,0.90723,0.182,0.0112,0.03867,2.66649,44.8029,0.89064,2.34008,2.26012,0,14.2405,16.0,2,28.866,0.399,0.7936,1,29.522,0.0232,0.0986,1,13
task_attr_mod_color_123744,background,20,164,0.933061,1.0,0.410025,0.919643,0,0.92001,0.94366,0.18492,0.00844,0.0302,2.56109,46.1011,0.88778,2.36199,2.26012,0,15.7265,16.0,2,28.997,0.4006,0.7953,1,29.84,0.0206,0.1017,1,19
task_attr_mod_color_123744,background,20,165,0.920181,1.0,0.231063,0.907604,0,0.90656,0.95397,0.17401,0.00476,0.01617,2.59506,41.0656,0.89211,2.36158,2.26012,0,13.2777,16.0,2,28.957,0.3942,0.7909,1,29.629,0.0206,0.1084,1,17
task_attr_mod_color_123744,background,20,166,0.967426,1.0,0.331839,0.954353,0,0.9094,0.96267,0.17608,0.00683,0.02239,2.46794,41.0632,0.91048,2.37215,2.26012,0,13.3094,16.0,2,29.064,0.4074,0.7926,1,29.727,0.0244,0.1116,1,15
task_attr_mod_color_123744,background,20,167,0.961357,1.0,0.599755,0.947763,0,0.89768,0.93996,0.18309,0.01235,0.03866,2.4851,39.9907,0.89959,2.34334,2.26012,0,13.8791,16.0,2,29.231,0.3852,0.7926,1,29.643,0.0219,0.106,1,14
task_attr_mod_color_123744,background,20,168,0.921755,1.0,0.247996,0.909062,0,0.90673,0.95762,0.17451,0.00511,0.01766,2.5909,41.3516,0.892,2.35713,2.26012,0,13.3305,16.0,2,29.149,0.4068,0.7937,1,29.764,0.026,0.1067,1,17
task_attr_mod_color_123744,background,20,169,0.957415,0.999967,0.590657,0.943626,0,0.89711,0.93814,0.18315,0.01216,0.03813,2.496,40.3157,0.89988,2.3562,2.26012,0,13.9699,16.0,2,29.15,0.3955,0.7966,1,29.702,0.0282,0.1102,1,14
task_attr_mod_color_123744,background,20,170,0.968485,0.999955,0.60115,0.95554,0,0.8971,0.95361,0.18177,0.01238,0.04301,2.46487,43.5185,0.89187,2.34059,2.26012,0,15.4337,16.0,2,29.023,0.4018,0.7957,1,29.734,0.0179,0.1049,1,11
task_attr_mod_color_123744,background,20,171,0.958256,1.0,0.352407,0.944499,0,0.89797,0.95071,0.18087,0.00726,0.02541,2.49369,44.7896,0.89105,2.34699,2.26012,0,13.7937,16.0,2,29.081,0.3958,0.7943,1,29.939,0.0155,0.1099,1,9
task_attr_mod_color_123744,background,20,172,0.965223,1.0,0.291815,0.951927,0,0.90734,0.96176,0.17521,0.00601,0.01938,2.47423,41.3479,0.90962,2.36559,2.26012,0,13.4486,16.0,2,28.977,0.4063,0.7976,1,29.874,0.0304,0.1018,1,15
task_attr_mod_color_123744,background,21,173,0.900247,1.0,0.544121,0.889339,0,0.91096,0.9106,0.18205,0.01121,0.03888,2.64836,44.6191,0.89076,2.34203,2.26012,0,14.1804,16.0,2,29.092,0.3971,0.7914,1,29.731,0.0261,0.1012,1,13
task_attr_mod_color_123744,background,21,174,0.964047,1.0,0.599885,0.950648,0,0.89798,0.94678,0.18326,0.01235,0.03815,2.47756,39.6997,0.90011,2.36104,2.26012,0,13.7582,16.0,2,28.996,0.3965,0.7867,1,29.731,0.0206,0.1074,1,14
task_attr_mod_color_123744,background,21,175,0.924343,1.0,0.450888,0.911465,0,0.91783,0.94254,0.18575,0.00929,0.03315,2.58407,45.8861,0.88792,2.35739,2.26012,0,15.6475,16.0,2,28.942,0.401,0.792,1,29.855,0.026,0.1044,1,19
task_attr_mod_color_123744,background,21,176,0.967641,0.992543,0.774744,0.955718,0,0.89045,0.91891,0.18386,0.01596,0.05802,2.46442,45.3089,0.89014,2.33891,2.26012,0,15.4492,16.0,2,29.137,0.3997,0.7961,1,29.925,0.0249,0.1019,1,10
task_attr_mod_color_123744,background,21,177,0.970024,1.0,0.285875,0.957271,0,0.90795,0.96049,0.17509,0.00589,0.01895,2.46042,41.0595,0.90976,2.36452,2.26012,0,13.3484,16.0,2,28.971,0.4011,0.7933,1,29.798,0.0262,0.1061,1,15
task_attr_mod_color_123744,background,21,178,0.966569,1.0,0.311705,0.953404,0,0.90861,0.96455,0.17562,0.00642,0.02081,2.4704,41.2833,0.91018,2.373,2.26012,0,13.3844,16.0,2,28.907,0.4119,0.7953,1,29.73,0.0258,0.105,1,15
task_attr_mod_color_123744,background,21,179,0.877535,1.0,0.37264,0.868677,0,0.91332,0.94222,0.18335,0.00767,0.02525,2.71135,42.6758,0.88998,2.34384,2.26012,0,14.2829,16.0,2,28.949,0.4016,0.7964,1,29.671,0.0167,0.1086,1,12
task_attr_mod_color_123744,background,21,180,0.968526,1.0,0.340986,0.95558,0,0.90484,0.96394,0.17618,0.00702,0.02257,2.46477,40.8628,0.90964,2.3722,2.26012,0,13.291,16.0,2,29.306,0.3991,0.7904,1,29.793,0.0262,0.1048,1,15
task_attr_mod_color_123744,background,21,181,0.919819,1.0,0.41194,0.90727,0,0.92416,0.94598,0.18499,0.00848,0.03014,2.59601,45.9469,0.88803,2.345,2.26012,0,15.638,16.0,2,29.239,0.4097,0.7899,1,29.628,0.0227,0.1067,1,19
task_attr_mod_color_123744,background,22,182,0.934512,0.999186,0.373429,0.920978,0,0.89641,0.94693,0.1764,0.00769,0.02784,2.55738,41.4888,0.89954,2.34664,2.26012,0,14.5981,16.0,2,29.126,0.4047,0.7929,1,29.77,0.0257,0.1062,1,18
task_attr_mod_color_123744,background,22,183,0.919471,1.0,0.534106,0.906948,0,0.90996,0.92685,0.18181,0.011,0.03819,2.59694,44.7247,0.89086,2.33829,2.26012,0,14.1853,16.0,2,29.205,0.4044,0.7914,1,29.764,0.0272,0.1049,1,13
task_attr_mod_color_123744,background,22,184,0.863178,1.0,0.591388,0.855564,0,0.90423,0.9495,0.18856,0.01218,0.04094,2.7529,45.4916,0.88292,2.34614,2.26012,0,14.8529,16.0,2,29.09,0.3985,0.7961,1,29.661,0.0197,0.0991,1,16
task_attr_mod_color_123744,background,22,185,0.890763,1.0,0.38468,0.880711,0,0.91299,0.94684,0.18351,0.00792,0.02641,2.6743,42.5645,0.89003,2.33781,2.26012,0,14.2346,16.0,2,29.098,0.4033,0.7937,1,29.729,0.0252,0.1054,1,12
task_attr_mod_color_123744,background,22,186,0.970608,1.0,0.323972,0.957935,0,0.91038,0.96275,0.17584,0.00667,0.02166,2.45871,41.1058,0.90987,2.37066,2.26012,0,13.3508,16.0,2,29.053,0.4074,0.7933,1,29.593,0.0218,0.1031,1,15
task_attr_mod_color_123744,background,22,187,0.948214,0.997146,0.58565,0.934293,0,0.89458,0.95102,0.18319,0.01206,0.03746,2.52093,40.3583,0.89981,2.35613,2.26012,0,13.9903,16.0,2,29.066,0.4035,0.7967,1,29.673,0.0301,0.1064,1,14
task_attr_mod_color_123744,background,22,188,0.964131,1.0,0.315737,0.950739,0,0.90368,0.96224,0.17574,0.0065,0.02123,2.47732,41.1401,0.91006,2.36727,2.26012,0,13.3495,16.0,2,28.84,0.4028,0.7939,1,29.799,0.0304,0.1093,1,15
task_attr_mod_color_123744,background,22,189,0.912366,1.0,0.425708,0.900409,0,0.91121,0.94635,0.18529,0.00877,0.03116,2.6158,46.1467,0.88792,2.35699,2.26012,0,15.6892,16.0,2,29.054,0.4076,0.7925,1,29.773,0.0298,0.1059,1,19
task_attr_mod_color_123744,background,22,190,0.938228,1.0,0.57886,0.924564,0,0.89722,0.95566,0.1813,0.01192,0.04154,2.54746,43.2933,0.89194,2.3369,2.26012,0,15.382,16.0,2,28.997,0.4025,0.7932,1,29.814,0.02,0.1038,1,11
task_attr_mod_color_123744,background,23,191,0.970969,1.0,0.318253,0.958348,0,0.90608,0.95818,0.17572,0.00655,0.02115,2.45765,41.084,0.90993,2.36822,2.26012,0,13.3389,16.0,2,29.022,0.407,0.7928,1,29.666,0.0262,0.1042,1,15
task_attr_mod_color_123744,background,23,192,0.933699,1.0,0.285553,0.920247,0,0.90726,0.96155,0.17521,0.00588,0.02,2.55941,41.3476,0.89198,2.35436,2.26012,0,13.3438,16.0,2,29.072,0.4027,0.7943,1,29.729,0.0274,0.1073,1,17
task_attr_mod_color_123744,background,23,193,0.938939,1.0,0.245983,0.925247,0,0.90632,0.96074,0.17437,0.00507,0.01747,2.54558,41.3015,0.89197,2.35332,2.26012,0,13.3334,16.0,2,29.05,0.4028,0.7935,1,29.678,0.0252,0.1055,1,17
task_attr_mod_color_123744,background,23,194,0.951477,0.99631,0.58039,0.937616,0,0.89383,0.94181,0.18312,0.01195,0.03708,2.51199,40.415,0.89983,2.35877,2.26012,0,14.007,16.0,2,29.085,0.4049,0.7975,1,29.709,0.0237,0.1067,1,14
task_attr_mod_color_123744,background,23,195,0.918018,1.0,0.540374,0.905606,0,0.90941,0.91278,0.18193,0.01113,0.03864,2.60079,44.7032,0.89077,2.34475,2.26012,0,14.2065,16.0,2,29.084,0.4007,0.7925,1,29.764,0.0228,0.1033,1,13
task_attr_mod_color_123744,background,23,196,0.916731,1.0,0.552234,0.90442,0,0.91123,0.90377,0.18207,0.01137,0.03941,2.60419,44.8835,0.89072,2.3442,2.26012,0,14.2621,16.0,2,29.08,0.4033,0.7951,1,29.716,0.0246,0.1053,1,13
task_attr_mod_color_123744,background,23,197,0.882633,1.0,0.402142,0.873318,0,0.91364,0.94434,0.18383,0.00828,0.02737,2.69694,42.5842,0.89001,2.34232,2.26012,0,14.2538,16.0,2,29.057,0.3993,0.7949,1,29.622,0.0265,0.1063,1,12
task_attr_mod_color_123744,background,23,198,0.940743,1.0,0.246503,0.926985,0,0.90793,0.95566,0.17441,0.00508,0.01742,2.5408,41.4875,0.89194,2.35455,2.26012,0,13.3756,16.0,2,29.146,0.4028,0.7962,1,29.673,0.025,0.1091,1,17
task_attr_mod_color_123744,background,23,199,0.96251,1.0,0.308025,0.948993,0,0.91012,0.95935,0.17555,0.00634,0.02031,2.48188,41.033,0.90999,2.36392,2.26012,0,13.317,16.0,2,29.117,0.4024,0.7922,1,29.68,0.0246,0.108,1,15
task_attr_mod_color_123744,background,24,200,0.971616,1.0,0.291334,0.959092,0,0.90565,0.96135,0.17523,0.006,0.01953,2.45574,41.2657,0.90985,2.36388,2.26012,0,13.3879,16.0,2,29.017,0.403,0.7953,1,29.701,0.0253,0.1068,1,15
task_attr_mod_color_123744,background,24,201,0.953666,0.999498,0.569881,0.939783,0,0.89669,0.94296,0.18277,0.01174,0.03648,2.5062,40.1082,0.89986,2.35119,2.26012,0,13.9095,16.0,2,29.035,0.4017,0.7931,1,29.654,0.0262,0.1056,1,14
task_attr_mod_color_123744,background,24,202,0.974672,1.0,0.315365,0.962668,0,0.90884,0.96012,0.17571,0.0065,0.02116,2.44662,41.1711,0.90985,2.36831,2.26012,0,13.3621,16.0,2,29.073,0.4023,0.7941,1,29.731,0.0244,0.1069,1,15
task_attr_mod_color_123744,background,24,203,0.975213,1.0,0.326283,0.963313,0,0.90885,0.96302,0.17591,0.00672,0.02157,2.44499,41.1613,0.90966,2.3694,2.26012,0,13.364,16.0,2,29.086,0.4013,0.7939,1,29.685,0.026,0.1047,1,15
task_attr_mod_color_123744,background,24,204,0.865888,1.0,0.612628,0.858045,0,0.90608,0.93712,0.1891,0.01262,0.0421,2.74495,45.5003,0.88291,2.35032,2.26012,0,14.8451,16.0,2,29.166,0.4024,0.7958,1,29.72,0.0265,0.1039,1,16
task_attr_mod_color_123744,background,24,205,0.958375,0.99854,0.614054,0.944693,0,0.89583,0.93677,0.18375,0.01265,0.03935,2.49318,40.342,0.89981,2.35359,2.26012,0,13.9806,16.0,2,29.066,0.4025,0.7964,1,29.646,0.022,0.1065,1,14
task_attr_mod_color_123744,background,24,206,0.962493,1.0,0.287476,0.948975,0,0.90726,0.96198,0.17513,0.00592,0.0192,2.48193,41.1318,0.90961,2.36493,2.26012,0,13.3901,16.0,2,29.006,0.4007,0.7951,1,29.665,0.0202,0.1049,1,15
task_attr_mod_color_123744,background,24,207,0.914937,1.0,0.253214,0.902769,0,0.9065,0.95617,0.17452,0.00522,0.01779,2.60896,41.2597,0.89203,2.35433,2.26012,0,13.2991,16.0,2,29.154,0.4021,0.7917,1,29.707,0.0243,0.1049,1,17
task_attr_mod_color_123744,background,24,208,0.927995,1.0,0.440442,0.914874,0,0.91784,0.95558,0.18556,0.00907,0.03239,2.57444,46.0784,0.88785,2.36021,2.26012,0,15.6974,16.0,2,29.091,0.4026,0.7938,1,29.709,0.0272,0.1037,1,19
task_attr_mod_color_123744,background,25,209,0.933839,1.0,0.229274,0.92038,0,0.90471,0.95378,0.17398,0.00472,0.01646,2.55904,41.425,0.89189,2.35485,2.26012,0,13.3677,16.0,2,29.065,0.4024,0.795,1,29.683,0.0249,0.1044,1,17
task_attr_mod_color_123744,background,25,210,0.864679,1.0,0.594475,0.856939,0,0.90376,0.95792,0.1887,0.01224,0.04078,2.74849,45.4357,0.88292,2.3465,2.26012,0,14.8215,16.0,2,29.147,0.4045,0.7945,1,29.715,0.0268,0.1046,1,16
task_attr_mod_color_123744,background,25,211,0.864476,1.0,0.58762,0.856753,0,0.90618,0.95398,0.18849,0.0121,0.04073,2.74908,45.3433,0.88298,2.34747,2.26012,0,14.7933,16.0,2,29.052,0.4022,0.7938,1,29.753,0.0246,0.1065,1,16
task_attr_mod_color_123744,background,25,212,0.96707,0.998261,0.581136,0.954159,0,0.89558,0.93809,0.18305,0.01197,0.0373,2.46844,40.2232,0.89983,2.35483,2.26012,0,13.9493,16.0,2,29.028,0.4026,0.7949,1,29.734,0.0237,0.1059,1,14
task_attr_mod_color_123744,background,25,213,0.966246,1.0,0.304889,0.953048,0,0.90449,0.96186,0.17547,0.00628,0.02019,2.47132,41.119,0.90989,2.36745,2.26012,0,13.3241,16.0,2,29.054,0.4031,0.7923,1,29.671,0.0243,0.1062,1,15
task_attr_mod_color_123744,background,25,214,0.975009,1.0,0.586566,0.963069,0,0.89782,0.93897,0.18319,0.01208,0.03751,2.4456,40.1581,0.89994,2.35627,2.26012,0,13.9202,16.0,2,29.045,0.4052,0.7934,1,29.739,0.0231,0.1059,1,14
task_attr_mod_color_123744,background,25,215,0.915623,1.0,0.526932,0.9034,0,0.91011,0.9273,0.18158,0.01085,0.0375,2.60713,44.8527,0.89074,2.34608,2.26012,0,14.2441,16.0,2,29.06,0.4033,0.7942,1,29.701,0.0262,0.1049,1,13
task_attr_mod_color_123744,background,25,216,0.930283,1.0,0.247538,0.917021,0,0.9071,0.95545,0.17442,0.0051,0.01717,2.56841,41.3229,0.89197,2.35305,2.26012,0,13.3362,16.0,2,29.012,0.4033,0.7938,1,29.666,0.0238,0.1061,1,17
task_attr_mod_color_123744,background,25,217,0.870854,1.0,0.61251,0.862584,0,0.90375,0.94347,0.18901,0.01261,0.04204,2.7305,45.3531,0.88296,2.3449,2.26012,0,14.8006,16.0,2,29.015,0.4043,0.7936,1,29.688,0.0269,0.1044,1,16
task_attr_mod_color_123744,background,26,218,0.96623,1.0,0.326898,0.95303,0,0.90799,0.96956,0.17592,0.00673,0.02191,2.47137,41.0834,0.90988,2.36909,2.26012,0,13.3251,16.0,2,29.099,0.4023,0.7924,1,29.724,0.0254,0.1066,1,15
task_attr_mod_color_123744,background,26,219,0.862037,1.0,0.619928,0.854519,0,0.90398,0.93855,0.18919,0.01277,0.0424,2.75627,45.3661,0.88295,2.34755,2.26012,0,14.8098,16.0,2,29.052,0.4035,0.7942,1,29.696,0.0263,0.1054,1,16
task_attr_mod_color_123744,background,26,220,0.861456,1.0,0.602455,0.853986,0,0.90466,0.94804,0.18884,0.01241,0.04175,2.75799,45.4129,0.88293,2.34938,2.26012,0,14.8143,16.0,2,29.096,0.4038,0.7943,1,29.696,0.0236,0.1048,1,16
task_attr_mod_color_123744,background,26,221,0.970098,1.0,0.304647,0.957355,0,0.90849,0.95912,0.17548,0.00627,0.02018,2.4602,41.1725,0.90981,2.3648,2.26012,0,13.3738,16.0,2,29.06,0.403,0.7946,1,29.698,0.0237,0.1059,1,15
task_attr_mod_color_123744,background,26,222,0.867617,1.0,0.622232,0.859627,0,0.90308,0.95306,0.18915,0.01282,0.04295,2.73989,45.2687,0.883,2.34763,2.26012,0,14.7853,16.0,2,29.078,0.4018,0.7934,1,29.7,0.0243,0.1051,1,16
task_attr_mod_color_123744,background,26,223,0.954106,0.99631,0.576034,0.94033,0,0.89383,0.94162,0.18296,0.01186,0.03703,2.50474,40.2459,0.89985,2.35299,2.26012,0,13.9439,16.0,2,29.132,0.4037,0.7945,1,29.708,0.0256,0.1056,1,14
task_attr_mod_color_123744,background,26,224,0.866242,1.0,0.59381,0.858369,0,0.90442,0.95829,0.18858,0.01223,0.04113,2.74391,45.3204,0.88298,2.34522,2.26012,0,14.7932,16.0,2,29.046,0.4026,0.7936,1,29.732,0.0239,0.1044,1,16
task_attr_mod_color_123744,background,26,225,0.88632,1.0,0.615775,0.876671,0,0.90359,0.93847,0.18897,0.01268,0.04241,2.68662,45.2781,0.88301,2.347,2.26012,0,14.7684,16.0,2,29.095,0.403,0.7924,1,29.728,0.0251,0.1042,1,16
task_attr_mod_color_123744,background,26,226,0.978414,1.0,0.309315,0.96721,0,0.90793,0.9638,0.17556,0.00637,0.02047,2.43513,41.1438,0.9097,2.36443,2.26012,0,13.3692,16.0,2,29.088,0.4022,0.7942,1,29.664,0.025,0.1048,1,15
task_attr_mod_color_123744,background,27,227,0.860768,1.0,0.613281,0.853355,0,0.90501,0.93719,0.18901,0.01263,0.0422,2.76003,45.3481,0.88296,2.34508,2.26012,0,14.7938,16.0,2,29.071,0.4043,0.7934,1,29.696,0.0241,0.1049,1,16
task_attr_mod_color_123744,background,27,228,0.969794,1.0,0.296803,0.957009,0,0.90579,0.96024,0.17532,0.00611,0.01973,2.46109,41.1685,0.90972,2.36568,2.26012,0,13.378,16.0,2,29.049,0.4016,0.7947,1,29.703,0.0256,0.1057,1,15
task_attr_mod_color_123744,background,27,229,0.965921,1.0,0.304549,0.952691,0,0.90892,0.95729,0.17547,0.00627,0.02041,2.47225,41.139,0.90979,2.36574,2.26012,0,13.3592,16.0,2,29.075,0.4028,0.7938,1,29.691,0.0244,0.1056,1,15
task_attr_mod_color_123744,background,27,230,0.921858,1.0,0.241361,0.909157,0,0.90514,0.95822,0.17427,0.00497,0.01709,2.59063,41.3176,0.89198,2.35365,2.26012,0,13.3354,16.0,2,29.048,0.4019,0.7936,1,29.674,0.0245,0.106,1,17
task_attr_mod_color_123744,background,27,231,0.9713,1.0,0.303932,0.958728,0,0.90871,0.96343,0.17546,0.00626,0.02018,2.45668,41.1844,0.90983,2.36816,2.26012,0,13.3574,16.0,2,29.073,0.4037,0.7938,1,29.719,0.0228,0.1055,1,15
task_attr_mod_color_123744,background,27,232,0.868495,1.0,0.605492,0.860429,0,0.90179,0.93926,0.18887,0.01247,0.04154,2.73734,45.3393,0.88296,2.3441,2.26012,0,14.8044,16.0,2,29.078,0.4032,0.794,1,29.696,0.0263,0.1052,1,16
task_attr_mod_color_123744,background,27,233,0.961261,1.0,0.298695,0.947661,0,0.90604,0.96322,0.17536,0.00615,0.01968,2.48537,41.1769,0.9098,2.3664,2.26012,0,13.3693,16.0,2,29.078,0.4027,0.7943,1,29.71,0.0254,0.1059,1,15
task_attr_mod_color_123744,background,27,234,0.873496,1.0,0.606364,0.864995,0,0.90444,0.93929,0.18888,0.01249,0.04203,2.72289,45.345,0.88297,2.34578,2.26012,0,14.8019,16.0,2,29.063,0.4022,0.7941,1,29.687,0.0245,0.1052,1,16
task_attr_mod_color_123744,background,27,235,0.968284,1.0,0.296902,0.955309,0,0.91071,0.95927,0.17531,0.00611,0.01965,2.46547,41.1627,0.90971,2.36916,2.26012,0,13.3654,16.0,2,29.083,0.4017,0.794,1,29.692,0.025,0.1052,1,15
task_attr_mod_color_123744,background,28,236,0.854466,1.0,0.620188,0.847565,0,0.90219,0.94399,0.18915,0.01277,0.0431,2.77888,45.3185,0.88297,2.34529,2.26012,0,14.7941,16.0,2,29.062,0.4033,0.7936,1,29.679,0.0249,0.1053,1,16
task_attr_mod_color_123744,background,28,237,0.870316,1.0,0.589005,0.862093,0,0.90246,0.94123,0.18853,0.01213,0.04076,2.73206,45.3784,0.88296,2.34413,2.26012,0,14.8045,16.0,2,29.071,0.4028,0.7941,1,29.706,0.0244,0.1053,1,16
task_attr_mod_color_123744,background,28,238,0.961969,1.0,0.299501,0.948415,0,0.90944,0.96146,0.17536,0.00617,0.01987,2.48339,41.1294,0.90982,2.36685,2.26012,0,13.3534,16.0,2,29.099,0.4031,0.7936,1,29.721,0.0255,0.1056,1,15
task_attr_mod_color_123744,background,28,239,0.871384,1.0,0.585878,0.863068,0,0.90688,0.94796,0.18846,0.01207,0.04042,2.72897,45.3469,0.88297,2.34478,2.26012,0,14.7948,16.0,2,29.069,0.4033,0.7937,1,29.703,0.0246,0.1061,1,16
task_attr_mod_color_123744,background,28,240,0.97582,1.0,0.30678,0.964041,0,0.90565,0.96086,0.17552,0.00632,0.02026,2.44314,41.1633,0.9098,2.36344,2.26012,0,13.3685,16.0,2,29.084,0.4033,0.7943,1,29.695,0.0246,0.1054,1,15
task_env_weather_126577,hat,1,1,0.610047,0.602296,1.0,0.745235,0,0.50479,0.81859,0.25217,0.03021,0.03757,3.71664,40.4291,0.95435,2.58382,2.62696,0,8.4175,16.0,1,24.0,0.0,0.5,1,24.0,0.0,0.5,1,0
task_env_weather_126577,hat,2,2,0.361246,0.360502,1.0,0.660322,0,0.30214,0.77051,0.26382,0.04419,0.05119,4.19458,52.796,0.95249,2.56896,2.62696,0,11.5267,16.0,8,20.714,0.0,0.689,1,8.336,0.2118,0.7786,1,0
task_env_weather_126577,hat,2,3,0.241103,0.240983,1.0,0.647423,0,0.20197,0.63652,0.26364,0.04588,0.05029,4.27815,51.9283,0.94943,2.58082,2.62696,0,12.7294,16.0,1,26.039,0.0,0.866,1,25.374,0.0,0.6241,1,0
task_env_weather_126577,hat,2,4,0.115078,0.115056,1.0,0.615926,0,0.09643,0.53788,0.26146,0.039,0.04377,4.49693,52.7339,0.95549,2.58486,2.62696,0,12.9623,16.0,2,32.0,0.4934,0.7576,1,32.0,0.0,0.237,1,0
task_env_weather_126577,hat,2,5,0.412463,0.411975,1.0,0.736975,0,0.34528,0.71119,0.25613,0.03506,0.04003,3.7583,40.1666,0.95198,2.5785,2.62696,0,9.6853,16.0,2,9.3,0.1008,0.6805,1,26.901,0.0,0.3335,1,0
task_env_weather_126577,hat,2,6,0.587184,0.583921,0.86428,0.790544,0,0.48939,0.76199,0.24275,0.01727,0.02382,3.50363,33.0967,0.96017,2.55621,2.62696,0,5.0221,16.0,1,27.227,0.0,0.1959,1,21.014,0.0994,0.4272,1,0
task_env_weather_126577,hat,2,7,0.515907,0.514217,1.0,0.763569,0,0.43097,0.80266,0.255,0.03146,0.03707,3.6274,41.321,0.95035,2.57926,2.62696,0,11.0621,16.0,1,15.417,0.5771,1.0,1,13.567,0.0,0.2802,1,13
task_env_weather_126577,hat,2,8,1000.0,0.017456,1.0,0.746532,0,0.01463,0.58355,0.26894,0.05254,0.06921,3.71019,91.78,0.92803,2.57083,2.62696,1,20.7941,16.0,1,22.505,0.9938,1.0,1,20.237,0.0,0.9095,1,409
task_env_weather_126577,hat,2,9,0.236607,0.236508,1.0,0.654099,0,0.19822,0.64115,0.26308,0.04419,0.04856,4.23449,52.0346,0.95044,2.57627,2.62696,0,12.2483,16.0,2,4.576,0.0,0.795,2,24.64,0.1176,0.6835,1,6
task_env_weather_126577,hat,2,10,0.618462,0.60776,1.0,0.720516,0,0.50937,0.79021,0.24608,0.02397,0.03076,3.84415,35.4509,0.95226,2.56811,2.62696,0,8.6181,16.0,1,32.0,0.0,0.6503,1,31.966,0.0,0.286,1,0
task_env_weather_126577,hat,3,11,1.0,1.0,1.0,1.0,0,0.84679,0.86258,0.23957,0.02468,0.07691,2.40899,53.2602,0.95221,2.56351,2.62696,0,12.6933,16.0,1,32.0,0.6871,0.6922,1,21.989,0.2157,0.5202,1,0
task_env_weather_126577,hat,3,12,0.810417,0.804906,0.618856,0.974626,0,0.6746,0.84454,0.23983,0.01237,0.01825,2.84188,21.4814,0.96203,2.57007,2.62696,0,3.4224,16.0,16,32.0,0.0473,0.1823,1,32.0,0.0,0.2213,1,0
task_env_weather_126577,hat,3,13,0.635036,0.625932,1.0,0.75475,0,0.5246,0.72504,0.25073,0.02988,0.03849,3.66979,35.312,0.95059,2.57004,2.62696,0,8.835,16.0,1,14.267,0.053,0.6979,1,27.792,0.0,0.2392,1,0
task_env_weather_126577,hat,3,14,1000.0,0.0,1.0,0.629665,0,-0.00165,0.28738,0.26833,0.04054,0.0517,4.39881,126.9767,0.98156,2.62694,2.62696,1,26.9763,16.0,1,32.0,1.5,1.0,32,32.0,0.0,0.8903,1,47
task_env_weather_126577,hat,3,15,1000.0,0.138609,1.0,0.545375,0,0.11617,0.55019,0.26993,0.04742,0.05544,5.07866,76.8509,0.74021,2.57714,2.62696,1,20.7725,16.0,1,24.058,0.0,1.0,1,32.0,0.2629,1.0,0,0
task_env_weather_126577,hat,3,16,0.624328,0.612151,0.836906,0.709278,0,0.51305,0.78673,0.2421,0.01672,0.02219,3.90506,34.3848,0.96061,2.57444,2.62696,0,4.9496,16.0,16,32.0,0.0,0.1621,8,32.0,0.0,0.4654,1,0
task_env_weather_126577,hat,3,17,0.639423,0.626362,0.679691,0.712363,0,0.52496,0.81241,0.23867,0.01358,0.01712,3.88815,40.1014,0.96204,2.56869,2.62696,0,4.7929,16.0,32,32.0,0.7516,0.05,1,18.582,0.0,0.6235,1,0
task_env_weather_126577,hat,3,18,0.716925,0.715658,0.770906,0.983029,0,0.5998,0.86198,0.24322,0.01541,0.02066,2.81759,22.3414,0.96185,2.56695,2.62696,0,4.2566,16.0,1,32.0,0.5846,0.2975,8,13.167,0.5755,0.215,1,80
task_env_weather_126577,hat,3,19,1.0,1.0,0.957585,1.0,0,0.88843,0.90854,0.24215,0.01914,0.07868,2.66434,52.8717,0.96201,2.57719,2.62696,0,6.8461,16.0,8,32.0,0.0,0.1193,1,32.0,0.0,1.0,1,0
task_env_weather_126577,hat,4,20,0.83976,0.829104,1.0,0.942323,0,0.69488,0.75694,0.25193,0.03389,0.05932,2.9393,55.8562,0.95112,2.55917,2.62696,0,14.2564,16.0,1,32.0,0.6986,0.9747,1,32.0,0.3153,0.2066,1,759
task_env_weather_126577,hat,4,21,0.643881,0.643484,1.0,0.980699,0,0.53931,0.82896,0.2424,0.02785,0.03433,2.82429,40.5907,0.942,2.58477,2.62696,0,11.0493,16.0,1,24.57,0.39,0.8896,1,23.781,0.0,0.05,1,0
task_env_weather_126577,hat,4,22,0.566583,0.565439,0.658229,0.83908,0,0.4739,0.7878,0.23894,0.01315,0.01774,3.30097,31.0118,0.9598,2.56287,2.62696,0,5.0084,16.0,1,29.818,0.0,0.2287,1,26.698,0.0,0.3758,1,0
task_env_weather_126577,hat,4,23,1000.0,0.029769,1.0,0.624414,0,0.02495,0.61543,0.26701,0.04477,0.0514,4.4358,72.0922,0.96414,2.59836,2.62696,1,17.3942,16.0,2,32.0,0.974,0.7272,1,32.0,0.0,0.4435,1,0
task_env_weather_126577,hat,4,24,0.104067,0.104067,1.0,1.0,0,0.08722,0.57319,0.26095,0.03584,0.04295,2.73046,58.6784,0.94776,2.57132,2.62696,0,15.2317,16.0,2,32.0,0.627,1.0,2,32.0,0.5514,0.1839,1,680
task_env_weather_126577,hat,4,25,1000.0,0.168665,1.0,0.555658,0,0.14136,0.7486,0.26708,0.04682,0.06093,4.98467,75.8103,0.49545,2.61471,2.62696,1,20.2439,16.0,16,32.0,0.3752,1.0,8,19.426,0.0,0.5979,0,0
task_env_weather_126577,hat,4,26,0.660454,0.654532,0.857404,0.818852,0,0.54857,0.78999,0.24145,0.01713,0.02331,3.38251,27.356,0.95524,2.57543,2.62696,0,6.6661,16.0,4,32.0,0.0,0.5245,2,32.0,0.552,0.1991,1,0
task_env_weather_126577,hat,4,27,0.280063,0.279772,1.0,0.635063,0,0.23448,0.61238,0.25169,0.03144,0.03596,4.36141,46.5862,0.94713,2.58098,2.62696,0,12.4931,16.0,2,32.0,0.1451,0.9494,4,9.698,0.054,0.2087,1,97
task_env_weather_126577,hat,4,28,0.731297,0.727912,0.774157,0.932049,0,0.61007,0.83508,0.24161,0.01547,0.02115,2.9717,18.4471,0.96005,2.56855,2.62696,0,4.0418,16.0,2,32.0,0.0,0.3077,32,29.272,1.5,0.1339,1,0
task_env_weather_126577,hat,5,29,0.423972,0.42387,1.0,0.839589,0,0.35525,0.67013,0.25031,0.03548,0.04206,3.29896,37.6018,0.94939,2.58659,2.62696,0,10.708,16.0,4,29.896,0.2739,0.9281,1,31.002,1.2569,0.05,1,987
task_env_weather_126577,hat,5,30,0.314666,0.31441,1.0,0.677232,0,0.26351,0.62588,0.24943,0.02858,0.03223,4.08985,44.7714,0.94702,2.57364,2.62696,0,12.8016,16.0,8,32.0,0.4462,1.0,4,32.0,0.7085,0.05,1,328
task_env_weather_126577,hat,5,31,0.513732,0.513453,1.0,0.871174,0,0.43033,0.74563,0.25293,0.0271,0.03438,3.17936,57.5678,0.90728,2.60333,2.62696,0,11.6585,16.0,4,25.026,0.3643,0.5178,4,32.0,0.0,0.5,0,553
task_env_weather_126577,hat,5,32,1000.0,0.0,1.0,0.635458,0,-0.01091,0.68418,0.26339,0.04211,0.04837,4.3587,66.2043,0.94243,2.57345,2.62696,1,17.091,16.0,2,26.923,0.5882,1.0,8,32.0,0.3173,0.4358,1,712
task_env_weather_126577,hat,5,33,1000.0,0.047476,1.0,0.94739,0,0.03979,0.41817,0.2582,0.04465,0.05902,2.92359,86.4794,0.84792,2.62,2.62696,1,19.3705,16.0,8,32.0,0.9659,0.7446,1,32.0,0.5035,0.5086,0,997
task_env_weather_126577,hat,5,34,0.191485,0.191455,1.0,0.675623,0,0.16046,0.63002,0.26076,0.04208,0.04583,4.09959,52.7882,0.94815,2.58104,2.62696,0,13.7359,16.0,2,26.404,0.0747,1.0,2,26.65,0.1467,0.493,1,578
task_env_weather_126577,hat,5,35,0.23458,0.234468,1.0,0.644622,0,0.19651,0.59812,0.26442,0.04532,0.0496,4.29674,52.6867,0.94754,2.58215,2.62696,0,13.8101,16.0,32,31.6,0.1954,1.0,2,27.031,0.3826,0.532,1,953
task_env_weather_126577,hat,5,36,0.734967,0.731825,1.0,0.940968,0,0.61335,0.88403,0.24516,0.02028,0.02724,2.94354,31.7236,0.96353,2.60098,2.62696,0,7.9579,16.0,1,31.498,0.7188,0.7386,8,30.54,0.1862,0.0671,1,62
task_env_weather_126577,hat,5,37,0.352608,0.352495,1.0,0.762372,0,0.29543,0.61924,0.2585,0.03959,0.04491,3.6331,40.8314,0.94755,2.58426,2.62696,0,11.4433,16.0,4,32.0,0.1079,1.0,4,32.0,0.0,0.1195,1,997
task_env_weather_126577,hat,6,38,0.556607,0.556502,0.849019,0.970512,0,0.46641,0.86319,0.24171,0.01697,0.02207,2.85393,38.3899,0.95571,2.58773,2.62696,0,9.2025,16.0,2,32.0,0.5041,0.656,1,32.0,0.7367,0.264,1,694
task_env_weather_126577,hat,6,39,0.590423,0.589457,1.0,0.873466,0,0.49403,0.81467,0.24499,0.02201,0.03128,3.17101,45.9937,0.95094,2.58842,2.62696,0,11.3765,16.0,4,28.14,0.9848,0.7942,1,27.326,0.8719,0.1963,1,878
task_env_weather_126577,hat,6,40,0.175002,0.174977,1.0,0.669896,0,0.14665,0.64252,0.2625,0.04195,0.04728,4.13463,53.77,0.9474,2.59348,2.62696,0,13.5546,16.0,2,27.279,0.4588,1.0,4,29.428,0.6852,0.4094,1,609
task_env_weather_126577,hat,6,41,0.285877,0.285655,1.0,0.656643,0,0.23941,0.76292,0.25794,0.04067,0.05202,4.21808,42.7264,0.9519,2.56566,2.62696,0,11.1481,16.0,1,32.0,0.7634,0.6131,4,32.0,0.6672,0.05,1,755
task_env_weather_126577,hat,6,42,0.998325,0.996755,0.896355,1.0,0,0.83539,0.87759,0.24274,0.01791,0.05342,2.60561,59.4425,1.00686,2.56883,2.62696,0,12.5827,16.0,2,27.493,1.5,1.0,2,28.445,0.9739,0.3385,1,846
task_env_weather_126577,hat,6,43,0.299917,0.29965,1.0,0.65999,0,0.25114,0.63747,0.25857,0.03977,0.04347,4.19669,48.2518,0.9472,2.57497,2.62696,0,12.8383,16.0,4,30.944,0.0,1.0,4,28.643,0.1598,0.3614,1,656
task_env_weather_126577,hat,6,44,0.238483,0.238453,1.0,0.723425,0,0.19985,0.7543,0.25653,0.03554,0.04162,3.8287,52.3529,0.95038,2.5672,2.62696,0,11.8185,16.0,2,32.0,0.6026,0.6595,2,32.0,0.3459,0.5054,1,803
task_env_weather_126577,hat,6,45,1000.0,0.118875,1.0,0.790996,0,0.09963,0.4616,0.26438,0.0407,0.05109,3.50163,103.3617,1.12056,2.48217,2.62696,1,24.8982,16.0,1,32.0,1.0898,0.8784,1,32.0,1.2376,0.1856,1,803
task_env_weather_126577,hat,6,46,1000.0,0.203088,1.0,0.619426,0,0.17021,0.49851,0.26634,0.04549,0.05166,4.47152,64.4919,0.94665,2.5823,2.62696,1,16.7787,16.0,2,32.0,0.5104,1.0,1,32.0,0.8103,0.2387,1,736
task_env_weather_126577,hat,7,47,0.986634,0.978022,1.0,1.0,0,0.81969,0.90105,0.24318,0.02603,0.09522,2.53727,36.0862,0.95171,2.57514,2.62696,0,8.1846,16.0,2,32.0,0.829,0.6897,2,31.494,0.3686,0.05,1,693
task_env_weather_126577,hat,7,48,0.277997,0.277935,1.0,0.721787,0,0.23294,0.60725,0.26315,0.03727,0.04405,3.83738,47.5457,0.95295,2.57249,2.62696,0,12.3696,16.0,4,30.61,0.346,0.9314,8,32.0,0.7379,0.345,1,383
task_env_weather_126577,hat,7,49,0.244864,0.244849,1.0,0.766532,0,0.20521,0.67452,0.2553,0.03108,0.03687,3.61339,46.1103,0.95476,2.58302,2.62696,0,12.8805,16.0,4,28.609,0.474,1.0,1,29.899,0.5197,0.05,1,649
task_env_weather_126577,hat,7,50,0.125357,0.125353,1.0,0.723798,0,0.10506,0.53111,0.25736,0.03303,0.03808,3.82672,52.4146,0.95813,2.58261,2.62696,0,14.1866,16.0,4,32.0,0.6654,1.0,2,29.358,0.9658,0.1688,1,689
task_env_weather_126577,hat,7,51,0.464594,0.464307,1.0,0.820503,0,0.38914,0.71502,0.25095,0.03206,0.03972,3.3757,32.0406,0.95062,2.58341,2.62696,0,9.0329,16.0,4,22.561,0.0,0.8049,2,27.934,0.5504,0.05,1,651
task_env_weather_126577,hat,7,52,0.871832,0.861104,0.971223,0.973595,0,0.7217,0.90111,0.24375,0.01941,0.04919,2.84489,52.0312,1.00161,2.48367,2.62696,0,10.4174,16.0,1,19.786,0.739,1.0,4,32.0,0.9414,0.2284,1,742
task_env_weather_126577,hat,7,53,0.586018,0.585687,1.0,0.933541,0,0.49087,0.77784,0.25737,0.03771,0.04688,2.96695,36.1753,0.94997,2.57123,2.62696,0,9.6223,16.0,2,32.0,0.5545,0.7616,2,29.522,0.3711,0.05,1,595
task_env_weather_126577,hat,7,54,1.0,1.0,1.0,1.0,0,0.88909,0.92819,0.24567,0.02242,0.05713,2.40365,47.401,0.97376,2.58573,2.62696,0,11.2155,16.0,1,32.0,1.0035,0.8724,2,32.0,0.2737,0.1385,1,835
task_env_weather_126577,hat,7,55,0.29838,0.298362,1.0,0.811259,0,0.25006,0.64863,0.2566,0.02711,0.03168,3.41417,52.5759,0.95584,2.58279,2.62696,0,13.9535,16.0,4,24.406,0.4805,1.0,1,26.414,1.0989,0.1472,1,793
task_env_weather_126577,hat,8,56,1.0,1.0,1.0,1.0,0,0.84313,0.85738,0.24684,0.02495,0.08763,2.70281,45.7059,0.9478,2.57951,2.62696,0,11.5966,16.0,2,31.004,0.383,0.8828,2,26.941,0.398,0.2582,1,840
task_env_weather_126577,hat,8,57,0.206341,0.206226,1.0,0.615107,0,0.17284,0.66538,0.26144,0.04092,0.04917,4.50291,54.9689,0.94234,2.57685,2.62696,0,14.3618,16.0,2,30.221,0.5367,1.0,2,32.0,0.4016,0.2137,1,673
task_env_weather_126577,hat,8,58,0.251939,0.251924,1.0,0.776404,0,0.21114,0.73576,0.25801,0.03415,0.03966,3.56744,43.7995,0.95653,2.5857,2.62696,0,12.2313,16.0,2,32.0,0.6536,1.0,1,27.406,0.5456,0.05,1,650
task_env_weather_126577,hat,8,59,0.633438,0.633199,0.827602,1.0,0,0.53069,0.79575,0.24391,0.01654,0.01979,2.74014,50.5293,0.96728,2.59042,2.62696,0,12.2519,16.0,2,25.047,1.0416,0.8826,4,31.674,0.4818,0.1321,1,788
task_env_weather_126577,hat,8,60,0.128292,0.128289,1.0,0.74064,0,0.10752,0.58952,0.26327,0.03648,0.04199,3.7397,55.2452,0.94774,2.57842,2.62696,0,13.1377,16.0,4,32.0,0.4831,0.8561,1,32.0,0.7656,0.3331,1,698
task_env_weather_126577,hat,8,61,0.386277,0.386274,1.0,0.989681,0,0.32374,0.89293,0.25284,0.0291,0.03815,2.79865,46.2343,0.95327,2.58022,2.62696,0,12.6271,16.0,2,32.0,0.4867,1.0,1,31.711,0.5838,0.05,1,642
task_env_weather_126577,hat,8,62,0.397011,0.396547,1.0,0.724458,0,0.33235,0.71106,0.25766,0.03693,0.04278,3.82323,44.4541,0.95567,2.57664,2.62696,0,11.9975,16.0,2,25.95,0.5028,1.0,2,29.761,0.4512,0.1146,1,532
task_env_weather_126577,hat,8,63,0.536059,0.536016,0.76758,1.0,0,0.44924,0.81727,0.24273,0.01534,0.01859,2.69768,47.5112,0.95953,2.5776,2.62696,0,12.7292,16.0,4,31.326,0.4892,0.9582,2,32.0,0.0269,0.3582,1,605
task_env_weather_126577,hat,8,64,0.036847,0.036845,1.0,0.67416,0,0.03088,0.71108,0.26758,0.04386,0.0498,4.10848,59.2305,0.97531,2.59947,2.62696,0,15.8985,16.0,2,28.147,0.6391,0.9369,2,32.0,0.5647,0.1668,1,761
task_env_weather_126577,hat,9,65,0.63269,0.632113,1.0,0.94716,0,0.52978,0.80763,0.24266,0.02521,0.03268,2.92429,56.308,0.95172,2.55854,2.62696,0,14.0542,16.0,2,31.192,0.6223,0.9627,2,32.0,0.5537,0.2159,1,646
task_env_weather_126577,hat,9,66,1000.0,0.195464,1.0,0.669732,0,0.16382,0.54732,0.26669,0.03927,0.04645,4.13564,66.1623,0.99955,2.56284,2.62696,1,16.5145,16.0,4,28.445,0.8725,0.9921,4,29.896,0.5635,0.1388,1,759
task_env_weather_126577,hat,9,67,0.430847,0.430719,1.0,0.833479,0,0.36099,0.73451,0.25307,0.03781,0.04781,3.32315,36.7617,0.94798,2.58379,2.62696,0,10.2805,16.0,2,28.478,0.6177,0.8855,1,32.0,0.6142,0.1111,1,844
task_env_weather_126577,hat,9,68,0.631237,0.626517,0.915073,0.807528,0,0.52509,0.79742,0.24522,0.01829,0.02278,3.42994,42.7992,0.96203,2.57544,2.62696,0,12.1785,16.0,2,25.165,0.626,1.0,4,30.887,0.9636,0.1562,1,731
task_env_weather_126577,hat,9,69,0.591493,0.591235,0.813074,0.953584,0,0.49552,0.76078,0.23855,0.01625,0.02095,2.90459,35.5698,0.94927,2.57578,2.62696,0,9.9924,16.0,2,28.4,0.495,0.9055,2,32.0,0.3795,0.1292,1,872
task_env_weather_126577,hat,9,70,0.694674,0.693441,1.0,0.962485,0,0.58118,0.85177,0.24532,0.02356,0.03102,2.87773,42.7745,0.95499,2.56451,2.62696,0,10.8361,16.0,2,31.509,0.4819,1.0,2,27.954,0.58,0.191,1,867
task_env_weather_126577,hat,9,71,0.267953,0.267924,1.0,0.753558,0,0.22455,0.57616,0.25913,0.03419,0.04026,3.67559,44.8746,0.94696,2.58439,2.62696,0,11.6736,16.0,4,26.797,0.3446,0.9255,1,31.144,0.5485,0.2188,1,771
task_env_weather_126577,hat,9,72,0.486408,0.486332,1.0,0.918839,0,0.4076,0.78929,0.2495,0.0283,0.03441,3.01443,48.2252,0.94448,2.55934,2.62696,0,12.7483,16.0,2,30.735,0.8403,0.8765,1,32.0,0.615,0.0713,1,866
task_env_weather_126577,hat,9,73,1000.0,0.0,1.0,0.854059,0,-0.03531,0.59906,0.26038,0.04036,0.04731,3.24307,63.612,0.95621,2.57964,2.62696,1,16.5268,16.0,2,28.449,0.8589,0.9698,4,32.0,0.5674,0.05,1,674
task_env_weather_126577,hat,10,74,0.110351,0.110344,1.0,0.677806,0,0.09248,0.64402,0.26244,0.03571,0.04286,4.08638,57.0554,0.96461,2.57076,2.62696,0,14.8448,16.0,4,30.981,0.6108,0.999,4,31.414,0.5582,0.1381,1,767
task_env_weather_126577,hat,10,75,0.143896,0.143895,1.0,0.822115,0,0.1206,0.60726,0.25833,0.0385,0.04616,3.36908,55.3664,0.93891,2.58406,2.62696,0,14.8877,16.0,2,32.0,0.5888,0.9875,2,30.488,0.8068,0.1599,1,802
task_env_weather_126577,hat,10,76,0.633142,0.632781,0.439354,0.975566,0,0.53034,0.83753,0.23657,0.00878,0.01119,2.83915,47.2344,0.96498,2.55914,2.62696,0,11.1772,16.0,2,27.548,0.7808,0.8768,2,32.0,0.6952,0.2484,1,847
task_env_weather_126577,hat,10,77,0.230646,0.230626,1.0,0.738828,0,0.19329,0.6093,0.25975,0.0359,0.04103,3.74888,43.8843,0.95262,2.57987,2.62696,0,11.5277,16.0,2,30.306,0.5873,1.0,2,32.0,0.491,0.05,1,876
task_env_weather_126577,hat,10,78,0.288194,0.288148,1.0,0.748753,0,0.2415,0.57205,0.2598,0.04124,0.04754,3.69918,48.9314,0.94919,2.5736,2.62696,0,12.8141,16.0,2,27.769,0.5442,0.9313,2,30.32,0.4593,0.221,1,656
task_env_weather_126577,hat,10,79,0.224464,0.224445,1.0,0.735459,0,0.18811,0.62654,0.26603,0.0377,0.04438,3.76605,42.4553,0.96028,2.57993,2.62696,0,11.8166,16.0,2,25.581,0.6261,0.9601,2,30.332,0.7007,0.1308,1,553
task_env_weather_126577,hat,10,80,1000.0,0.322094,1.0,0.808497,0,0.26995,0.6321,0.25791,0.03798,0.04506,3.42583,69.0185,0.96088,2.59063,2.62696,1,17.9326,16.0,2,26.438,0.6863,0.9887,2,30.21,0.6597,0.1663,1,692
task_env_weather_126577,hat,10,81,0.405473,0.4054,1.0,0.839648,0,0.33977,0.75749,0.25322,0.03173,0.03666,3.29873,44.4103,0.95062,2.58343,2.62696,0,12.1346,16.0,2,22.858,0.4778,0.9402,1,29.021,0.3239,0.2774,1,567
task_env_weather_126577,hat,10,82,2e-06,0.0,1.0,0.643729,0,-0.03136,0.69878,0.26794,0.04492,0.0541,4.3027,54.1052,0.95811,2.57729,2.62696,0,13.6739,16.0,2,27.523,0.7075,1.0,2,31.495,0.3878,0.184,1,889
task_env_weather_126577,hat,11,83,1.0,1.0,0.88054,1.0,0,0.88338,0.91765,0.24755,0.0176,0.05767,2.67353,41.7081,0.97162,2.58,2.62696,0,10.5351,16.0,2,27.559,0.8426,0.9953,2,32.0,0.4353,0.1438,1,914
task_env_weather_126577,hat,11,84,0.214066,0.214065,1.0,0.863919,0,0.17941,0.64922,0.24552,0.02665,0.03178,3.20606,53.4193,0.95448,2.56498,2.62696,0,14.0324,16.0,2,26.681,0.7154,1.0,1,31.46,0.4938,0.2607,1,997
task_env_weather_126577,hat,11,85,0.606288,0.605947,1.0,0.952032,0,0.50785,0.76402,0.25674,0.03085,0.04066,2.90933,44.7277,0.97096,2.58344,2.62696,0,10.668,16.0,2,27.564,0.6865,0.9407,2,29.131,0.3691,0.1698,1,842
task_env_weather_126577,hat,11,86,0.248719,0.248714,1.0,0.831685,0,0.20845,0.75029,0.25791,0.03716,0.04372,3.33032,44.2646,0.95102,2.59026,2.62696,0,11.7766,16.0,2,28.628,0.5496,0.9548,2,31.42,0.3943,0.1592,1,885
task_env_weather_126577,hat,11,87,0.782599,0.779933,1.0,1.0,0,0.65367,0.8411,0.24953,0.0307,0.07258,2.68321,49.1957,0.962,2.57531,2.62696,0,12.6499,16.0,2,23.612,0.6017,0.9767,2,31.72,0.3287,0.1822,1,917
task_env_weather_126577,hat,11,88,0.483626,0.48323,1.0,0.820485,0,0.405,0.68016,0.25239,0.03156,0.03891,3.37578,55.1309,0.96897,2.59639,2.62696,0,14.6715,16.0,2,31.304,0.7076,1.0,2,32.0,0.3723,0.1557,1,904
task_env_weather_126577,hat,11,89,0.546822,0.546742,1.0,0.975885,0,0.45823,0.73382,0.25268,0.0211,0.02578,2.83822,41.2749,0.96167,2.57657,2.62696,0,11.4714,16.0,4,29.277,0.7511,0.9813,2,32.0,0.5306,0.1499,1,834
task_env_weather_126577,hat,11,90,0.483868,0.483851,0.80981,1.0,0,0.40552,0.85124,0.23923,0.01618,0.01987,2.68051,50.6349,0.95716,2.58005,2.62696,0,13.3038,16.0,4,27.805,0.7864,1.0,1,32.0,0.3872,0.1599,1,835
task_env_weather_126577,hat,11,91,0.153015,0.153011,1.0,0.742472,0,0.12824,0.66185,0.25804,0.03906,0.04681,3.73048,56.3685,0.95494,2.56886,2.62696,0,15.0801,16.0,2,26.616,0.6953,1.0,2,32.0,0.4315,0.2458,1,926
task_env_weather_126577,hat,12,92,1.0,1.0,1.0,1.0,0,0.86076,0.9056,0.24271,0.02852,0.09848,2.63735,53.6907,0.95773,2.55215,2.62696,0,12.6646,16.0,2,27.195,0.7837,1.0,2,31.979,0.3917,0.1841,1,921
task_env_weather_126577,hat,12,93,0.459859,0.459761,1.0,0.877619,0,0.38533,0.6799,0.25111,0.02991,0.03642,3.15601,57.6236,0.97206,2.59164,2.62696,0,15.2639,16.0,2,26.88,0.7786,1.0,2,32.0,0.3583,0.1846,1,904
task_env_weather_126577,hat,12,94,1000.0,0.140328,1.0,0.750729,0,0.11761,0.77291,0.26456,0.04403,0.05154,3.68944,63.0913,0.9632,2.59079,2.62696,1,16.2643,16.0,2,28.869,0.727,1.0,2,30.819,0.5391,0.1686,1,909
task_env_weather_126577,hat,12,95,1000.0,0.598537,1.0,0.898716,0,0.50164,0.76248,0.25165,0.03132,0.0474,3.08192,68.2043,0.95607,2.59972,2.62696,1,17.3169,16.0,2,25.285,0.7381,1.0,2,31.548,0.3767,0.167,1,937
task_env_weather_126577,hat,12,96,0.401013,0.401009,0.99832,1.0,0,0.33609,0.82601,0.24576,0.01995,0.0228,2.71866,60.9494,0.97561,2.52265,2.62696,0,14.9539,16.0,2,27.451,0.7567,1.0,1,32.0,0.3873,0.1685,1,897
task_env_weather_126577,hat,12,97,1000.0,0.558542,1.0,0.941409,0,0.46812,0.75421,0.25369,0.03276,0.04807,2.94216,67.1858,0.95402,2.59641,2.62696,1,16.9613,16.0,2,26.301,0.6228,0.9969,2,32.0,0.4191,0.2174,1,937
task_env_weather_126577,hat,12,98,0.399898,0.399673,1.0,0.769979,0,0.33497,0.74593,0.2511,0.03531,0.04243,3.59721,43.4138,0.94652,2.58488,2.62696,0,12.035,16.0,2,25.62,0.6202,1.0,2,32.0,0.3431,0.2336,1,844
task_env_weather_126577,hat,12,99,0.52582,0.525778,1.0,0.991171,0,0.44066,0.76511,0.2472,0.02149,0.02617,2.79445,47.8076,0.94711,2.57426,2.62696,0,13.0387,16.0,2,26.676,0.5971,1.0,1,29.154,0.3254,0.186,1,874
task_env_weather_126577,hat,12,100,0.696521,0.695637,0.547008,0.98505,0,0.58302,0.92852,0.23365,0.01093,0.0147,2.81181,37.9265,0.94983,2.573,2.62696,0,10.7584,16.0,2,26.801,0.6817,0.9822,2,30.619,0.2398,0.1081,1,872
task_env_weather_126577,hat,13,101,1000.0,0.092267,1.0,0.66935,0,0.07733,0.6804,0.26418,0.04454,0.04987,4.138,66.7145,0.9526,2.5777,2.62696,1,17.2482,16.0,2,27.278,0.7159,1.0,2,31.62,0.305,0.163,1,941
task_env_weather_126577,hat,13,102,0.398575,0.398313,1.0,0.759758,0,0.33383,0.62817,0.25599,0.03353,0.03823,3.6456,54.5477,0.95724,2.57715,2.62696,0,14.5464,16.0,2,28.797,0.6506,1.0,2,31.773,0.4429,0.2197,1,880
task_env_weather_126577,hat,13,103,0.425819,0.425803,1.0,0.943806,0,0.35687,0.76937,0.24925,0.03382,0.04315,2.93469,59.4432,0.95144,2.57601,2.62696,0,15.7716,16.0,2,27.283,0.7382,0.9841,2,29.916,0.3755,0.1889,1,881
task_env_weather_126577,hat,13,104,1000.0,0.112897,1.0,0.760842,0,0.09462,0.5515,0.26569,0.04557,0.05531,3.64041,61.618,0.95601,2.5842,2.62696,1,16.7198,16.0,2,27.403,0.7649,0.9872,2,30.971,0.3444,0.2099,1,918
task_env_weather_126577,hat,13,105,0.758628,0.754758,0.787651,0.949746,0,0.63257,0.8759,0.24004,0.01574,0.02557,2.91633,41.3772,0.953,2.56889,2.62696,0,11.408,16.0,2,27.235,0.7342,1.0,2,32.0,0.4278,0.18,1,834
task_env_weather_126577,hat,13,106,0.480123,0.479842,1.0,0.83727,0,0.40216,0.6965,0.25233,0.0314,0.039,3.3081,55.6051,0.96878,2.60216,2.62696,0,14.7643,16.0,2,28.023,0.7014,1.0,2,29.616,0.3419,0.1744,1,904
task_env_weather_126577,hat,13,107,1000.0,0.090728,1.0,0.665711,0,0.07604,0.61043,0.26789,0.04993,0.0548,4.16062,73.4095,0.95933,2.61114,2.62696,1,18.8961,16.0,2,27.659,0.6993,0.9663,2,31.248,0.4109,0.2102,1,849
task_env_weather_126577,hat,13,108,0.984096,0.974538,1.0,1.0,0,0.81677,0.90237,0.24888,0.03133,0.10365,2.65842,53.1154,0.97214,2.56279,2.62696,0,12.9906,16.0,2,26.621,0.7315,0.9847,2,31.356,0.3532,0.1676,1,917
task_env_weather_126577,hat,13,109,0.530269,0.529477,1.0,0.825548,0,0.44376,0.74412,0.25332,0.03377,0.04212,3.35507,44.7049,0.95206,2.58019,2.62696,0,11.19,16.0,2,28.424,0.7779,1.0,2,31.739,0.5294,0.1854,1,871
task_env_weather_126577,hat,14,110,1000.0,0.139039,1.0,1.0,0,0.11653,0.72529,0.25352,0.03606,0.04327,2.74516,67.5959,0.94923,2.59464,2.62696,1,17.5485,16.0,2,27.352,0.7008,0.9909,1,30.624,0.4093,0.1699,1,900
task_env_weather_126577,hat,14,111,0.721994,0.720049,0.403991,0.960501,0,0.60348,0.7674,0.23338,0.00807,0.01101,2.88368,39.9542,0.95057,2.57023,2.62696,0,11.1043,16.0,2,27.709,0.7469,1.0,2,32.0,0.4257,0.1745,1,872
task_env_weather_126577,hat,14,112,2e-06,0.0,1.0,0.633461,0,-0.01678,0.70525,0.26741,0.04453,0.05333,4.37245,53.6584,0.95773,2.57773,2.62696,0,13.5549,16.0,2,27.805,0.6985,0.9971,2,31.484,0.4105,0.1724,1,889
task_env_weather_126577,hat,14,113,0.981032,1.0,1.0,0.970515,0,0.8405,0.92082,0.2469,0.022,0.06518,2.85392,39.224,0.9572,2.55585,2.62696,0,9.8068,16.0,2,28.272,0.6985,0.9861,2,31.297,0.3895,0.1864,1,878
task_env_weather_126577,hat,14,114,1000.0,0.110869,1.0,0.755408,0,0.09292,0.78074,0.26237,0.04223,0.04849,3.66659,64.675,0.9633,2.60922,2.62696,1,16.6622,16.0,2,26.748,0.7382,0.9982,2,30.976,0.4026,0.2112,1,909
task_env_weather_126577,hat,14,115,0.63182,0.631588,0.778014,1.0,0,0.52934,0.79165,0.24229,0.01555,0.01931,2.74971,39.1845,0.96333,2.56203,2.62696,0,11.1659,16.0,2,28.199,0.7423,1.0,2,31.716,0.397,0.191,1,908
task_env_weather_126577,hat,14,116,0.303539,0.303421,1.0,0.710538,0,0.2543,0.62907,0.25637,0.03543,0.03934,3.89814,44.7757,0.95113,2.5839,2.62696,0,12.7785,16.0,2,27.408,0.7324,1.0,2,31.178,0.2986,0.1536,1,870
task_env_weather_126577,hat,14,117,0.160277,0.160277,1.0,0.892579,0,0.13433,0.62122,0.25678,0.03461,0.04029,3.10311,48.6666,0.95357,2.588,2.62696,0,12.8341,16.0,2,28.148,0.7147,1.0,2,31.466,0.38,0.201,1,885
task_env_weather_126577,hat,14,118,1000.0,0.230053,1.0,0.688599,0,0.19281,0.62142,0.25849,0.03845,0.0466,4.02233,63.0322,0.95193,2.6047,2.62696,1,16.6389,16.0,2,28.027,0.6825,1.0,2,31.678,0.3009,0.1775,1,873
task_env_weather_126577,hat,15,119,1000.0,0.158607,1.0,0.676171,0,0.13293,0.48415,0.26183,0.04122,0.04524,4.09626,61.1827,0.95577,2.58022,2.62696,1,16.0855,16.0,2,27.017,0.7306,0.9871,2,31.379,0.3924,0.174,1,877
task_env_weather_126577,hat,15,120,0.494344,0.494291,1.0,0.947191,0,0.41427,0.75979,0.2514,0.0229,0.0293,2.9242,44.8754,0.95875,2.58669,2.62696,0,11.9928,16.0,2,27.745,0.7099,1.0,2,31.347,0.3791,0.1735,1,890
task_env_weather_126577,hat,15,121,0.730115,0.727912,0.367802,0.960392,0,0.61007,0.93906,0.2328,0.00735,0.01002,2.884,39.7801,0.95065,2.56423,2.62696,0,11.0246,16.0,2,27.635,0.7479,0.9896,2,31.632,0.3714,0.1833,1,872
task_env_weather_126577,hat,15,122,0.33323,0.333226,1.0,0.932525,0,0.27928,0.71887,0.24876,0.02594,0.03316,2.97019,45.0465,0.95703,2.56802,2.62696,0,12.6386,16.0,2,26.987,0.7352,1.0,2,31.703,0.4195,0.1896,1,883
task_env_weather_126577,hat,15,123,0.739873,0.737218,0.426412,0.957555,0,0.61787,0.93451,0.23313,0.00852,0.01157,2.89255,39.2476,0.9503,2.5659,2.62696,0,10.9299,16.0,2,27.636,0.729,0.9888,2,31.548,0.4007,0.1525,1,872
task_env_weather_126577,hat,15,124,0.50435,0.504325,0.886685,1.0,0,0.42268,0.80941,0.2497,0.01772,0.0243,2.47546,49.8086,0.98871,2.57423,2.62696,0,12.3387,16.0,2,28.219,0.7638,0.9959,2,31.167,0.3746,0.1887,1,892
task_env_weather_126577,hat,15,125,1000.0,0.213349,1.0,0.682359,0,0.17881,0.6689,0.25904,0.03852,0.04653,4.05911,64.1992,0.95188,2.59783,2.62696,1,16.6746,16.0,2,27.319,0.7011,0.9833,2,31.445,0.3819,0.2069,1,873
task_env_weather_126577,hat,15,126,0.282947,0.282946,1.0,0.976073,0,0.23714,0.6757,0.25405,0.02679,0.03289,2.83767,40.2657,0.95895,2.58701,2.62696,0,10.6452,16.0,2,27.082,0.6679,0.9977,2,31.239,0.4209,0.1687,1,898
task_env_weather_126577,hat,15,127,0.295947,0.29594,1.0,0.857864,0,0.24803,0.78665,0.25337,0.03295,0.03744,3.22869,56.9302,0.94219,2.57546,2.62696,0,14.8639,16.0,2,27.2,0.7053,1.0,2,32.0,0.4152,0.2004,1,866
task_env_weather_126577,hat,16,128,0.388729,0.38872,1.0,0.941694,0,0.32579,0.68348,0.24473,0.02134,0.02742,2.94127,53.0901,0.94843,2.56883,2.62696,0,13.5609,16.0,2,28.19,0.7216,0.9823,2,31.289,0.3685,0.181,1,891
task_env_weather_126577,hat,16,129,0.510516,0.510458,1.0,0.958161,0,0.42782,0.78359,0.25232,0.02406,0.0312,2.89072,45.7015,0.96016,2.58733,2.62696,0,12.1185,16.0,2,27.324,0.7103,1.0,2,32.0,0.3924,0.2031,1,890
task_env_weather_126577,hat,16,130,1.0,1.0,1.0,1.0,0,0.84451,0.86708,0.24167,0.02189,0.05842,2.68972,47.7719,0.95801,2.55444,2.62696,0,11.1815,16.0,2,27.944,0.7064,0.9851,2,31.659,0.3899,0.188,1,884
task_env_weather_126577,hat,16,131,0.739673,0.736825,0.68083,0.95252,0,0.61754,0.83375,0.24692,0.01361,0.02029,2.90784,37.4395,0.95714,2.56056,2.62696,0,9.7339,16.0,2,27.548,0.736,0.982,2,30.523,0.3888,0.1806,1,886
task_env_weather_126577,hat,16,132,0.41649,0.416485,1.0,1.0,0,0.34906,0.8279,0.24667,0.02071,0.02349,2.74029,59.3688,0.96898,2.54132,2.62696,0,14.8008,16.0,2,27.052,0.7008,0.9968,2,31.342,0.4012,0.1899,1,897
task_env_weather_126577,hat,16,133,0.643612,0.643328,1.0,1.0,0,0.53918,0.83669,0.24955,0.02623,0.03812,2.7076,45.9755,0.95784,2.55235,2.62696,0,11.4975,16.0,2,27.457,0.6676,1.0,2,32.0,0.3651,0.1801,1,882
task_env_weather_126577,hat,16,134,0.998274,0.996659,1.0,1.0,0,0.83531,0.89127,0.24353,0.0282,0.11153,2.54094,49.9873,0.96086,2.53357,2.62696,0,13.0936,16.0,2,27.558,0.7176,1.0,2,31.639,0.3871,0.1727,1,902
task_env_weather_126577,hat,16,135,0.617194,0.617007,0.796038,0.99804,0,0.51712,0.78448,0.24066,0.01591,0.02038,2.77521,42.6348,0.95056,2.56821,2.62696,0,11.8391,16.0,2,26.853,0.7165,1.0,2,31.475,0.3853,0.204,1,895
task_env_weather_126577,hat,16,136,0.28766,0.287659,1.0,0.961939,0,0.24109,0.65482,0.25428,0.026,0.03197,2.87937,41.2994,0.9617,2.57824,2.62696,0,10.7517,16.0,2,27.514,0.714,1.0,2,31.542,0.3952,0.1829,1,898
task_env_weather_126577,hat,17,137,0.567639,0.567551,0.474133,0.991428,0,0.47567,0.7841,0.23835,0.00947,0.01188,2.79372,44.7745,0.96324,2.57059,2.62696,0,11.8676,16.0,2,27.509,0.7181,0.992,2,31.393,0.388,0.193,1,888
task_env_weather_126577,hat,17,138,0.360152,0.36012,1.0,0.841553,0,0.30182,0.686,0.25603,0.0279,0.03246,3.29126,49.2453,0.96191,2.59056,2.62696,0,12.9009,16.0,2,27.45,0.7298,1.0,2,30.997,0.3819,0.1771,1,879
task_env_weather_126577,hat,17,139,1000.0,0.102588,1.0,0.7819,0,0.08598,0.62413,0.25749,0.03611,0.04382,3.54236,60.8505,0.95053,2.58371,2.62696,1,16.3839,16.0,2,28.179,0.7018,1.0,2,31.064,0.3855,0.1829,1,905
task_env_weather_126577,hat,17,140,0.508483,0.50843,1.0,0.961525,0,0.42612,0.78043,0.25057,0.02221,0.02829,2.88061,44.9218,0.95854,2.58689,2.62696,0,11.9928,16.0,2,27.938,0.6966,0.9974,2,31.462,0.3976,0.1872,1,890
task_env_weather_126577,hat,17,141,1000.0,0.11069,1.0,0.796189,0,0.09277,0.62205,0.25755,0.0362,0.04394,3.47879,60.8781,0.95058,2.58679,2.62696,1,16.3938,16.0,2,28.124,0.7043,1.0,2,31.444,0.3846,0.1818,1,905
task_env_weather_126577,hat,17,142,0.475716,0.475701,0.938345,1.0,0,0.39869,0.76191,0.25047,0.01875,0.02418,2.5292,48.3155,0.98439,2.57213,2.62696,0,12.2415,16.0,2,27.939,0.7147,1.0,2,31.62,0.3742,0.1922,1,892
task_env_weather_126577,hat,17,143,0.55359,0.55309,1.0,0.876669,0,0.46355,0.71486,0.25297,0.03344,0.04147,3.15943,43.4771,0.95038,2.57064,2.62696,0,11.0127,16.0,2,27.493,0.7051,1.0,2,31.423,0.3976,0.1622,1,871
task_env_weather_126577,hat,17,144,0.393637,0.393624,1.0,0.924045,0,0.3299,0.76285,0.2501,0.03473,0.04436,2.99744,59.4121,0.95103,2.58588,2.62696,0,15.7845,16.0,2,27.808,0.7101,0.9931,2,31.253,0.4158,0.1967,1,881
task_env_weather_126577,hat,17,145,2e-06,0.0,1.0,0.636561,0,-0.02301,0.70943,0.2683,0.04519,0.05465,4.35115,54.359,0.95836,2.58378,2.62696,0,13.7304,16.0,2,27.868,0.7152,1.0,2,31.502,0.3889,0.1901,1,889
task_env_weather_126577,hat,18,146,0.509127,0.509074,1.0,0.962122,0,0.42666,0.77662,0.2514,0.023,0.02939,2.87882,45.3607,0.95988,2.58286,2.62696,0,12.0691,16.0,2,27.277,0.72,1.0,2,31.692,0.3837,0.1866,1,890
task_env_weather_126577,hat,18,147,0.373139,0.373137,0.978477,1.0,0,0.31273,0.69056,0.24307,0.01955,0.02509,2.75161,53.1896,0.94813,2.57098,2.62696,0,13.6454,16.0,2,27.589,0.6984,0.9889,2,31.625,0.3722,0.1877,1,891
task_env_weather_126577,hat,18,148,0.614197,0.613989,1.0,0.988893,0,0.51459,0.72528,0.24594,0.02003,0.02661,2.80088,51.3204,0.94492,2.58506,2.62696,0,13.4234,16.0,2,27.651,0.7017,1.0,2,31.506,0.3972,0.1848,1,896
task_env_weather_126577,hat,18,149,2e-06,0.0,1.0,0.634976,0,-0.03029,0.69868,0.26833,0.0452,0.05465,4.36202,54.4337,0.95839,2.58618,2.62696,0,13.7494,16.0,2,27.766,0.7161,1.0,2,31.578,0.3884,0.1933,1,889
task_env_weather_126577,hat,18,150,0.392006,0.391739,1.0,0.752157,0,0.32832,0.67748,0.25382,0.03195,0.0364,3.68244,54.6186,0.95845,2.579,2.62696,0,14.6165,16.0,2,27.302,0.7081,0.9998,2,31.755,0.3728,0.184,1,880
task_env_weather_126577,hat,18,151,0.651925,0.651597,1.0,1.0,0,0.54611,0.82639,0.2469,0.02399,0.03695,2.52175,47.1622,0.96062,2.55781,2.62696,0,11.543,16.0,2,27.345,0.7214,1.0,2,31.301,0.3665,0.1805,1,882
task_env_weather_126577,hat,18,152,2e-06,0.0,1.0,0.645398,0,-0.02309,0.71481,0.2671,0.0441,0.05276,4.29157,54.0116,0.95797,2.58093,2.62696,0,13.666,16.0,2,27.549,0.7034,1.0,2,31.304,0.3768,0.1856,1,889
task_env_weather_126577,hat,18,153,0.406436,0.4062,1.0,0.773737,0,0.34044,0.6688,0.25331,0.03109,0.03521,3.57974,55.0947,0.95863,2.58444,2.62696,0,14.7255,16.0,2,27.766,0.7183,0.999,2,31.492,0.3926,0.1932,1,880
task_env_weather_126577,hat,18,154,0.285059,0.285058,1.0,0.969408,0,0.23891,0.64755,0.25357,0.02583,0.03177,2.85718,40.7854,0.96019,2.59409,2.62696,0,10.6794,16.0,2,27.527,0.6898,0.9955,2,31.54,0.3965,0.1809,1,898
task_env_weather_126577,hat,19,155,0.64569,0.645047,0.798184,0.953663,0,0.54062,0.88563,0.24018,0.01595,0.02072,2.90435,41.9031,0.95004,2.56434,2.62696,0,11.7153,16.0,2,27.694,0.7081,0.9985,2,31.305,0.3759,0.1797,1,895
task_env_weather_126577,hat,19,156,0.379834,0.379831,1.0,1.0,0,0.31834,0.67516,0.24356,0.02015,0.02594,2.66782,53.5641,0.94808,2.57316,2.62696,0,13.7717,16.0,2,27.425,0.6969,0.9995,2,31.576,0.3647,0.1845,1,891
task_env_weather_126577,hat,19,157,1.0,1.0,1.0,1.0,0,0.8482,0.85765,0.24246,0.02251,0.06025,2.65963,48.2224,0.95861,2.54773,2.62696,0,11.3015,16.0,2,27.7,0.7002,1.0,2,31.464,0.3713,0.1887,1,884
task_env_weather_126577,hat,19,158,0.372233,0.37223,1.0,0.981951,0,0.31197,0.67293,0.24449,0.02114,0.02714,2.82068,53.9127,0.94827,2.57156,2.62696,0,13.7985,16.0,2,27.439,0.7143,0.9976,2,31.286,0.3626,0.1863,1,891
task_env_weather_126577,hat,19,159,0.326036,0.326031,1.0,0.90566,0,0.27325,0.7142,0.25003,0.02683,0.03428,3.05829,44.4963,0.95632,2.57837,2.62696,0,12.5446,16.0,2,27.732,0.6913,0.9995,2,31.538,0.3784,0.1857,1,883
task_env_weather_126577,hat,19,160,0.579138,0.578993,0.580676,0.974666,0,0.48526,0.83835,0.24026,0.0116,0.01473,2.84177,44.5213,0.96246,2.56954,2.62696,0,11.8833,16.0,2,27.422,0.7037,1.0,2,31.085,0.3721,0.1846,1,888
task_env_weather_126577,hat,19,161,0.188127,0.188126,1.0,0.876561,0,0.15767,0.61226,0.25668,0.03471,0.04067,3.15982,48.1747,0.95321,2.58638,2.62696,0,12.7409,16.0,2,27.729,0.708,1.0,2,31.398,0.3887,0.1872,1,885
task_env_weather_126577,hat,19,162,0.421049,0.421043,1.0,0.993442,0,0.35288,0.70344,0.24505,0.02167,0.02894,2.78806,53.926,0.94817,2.57293,2.62696,0,13.8228,16.0,2,27.555,0.7065,1.0,2,31.184,0.3778,0.1878,1,891
task_env_weather_126577,hat,19,163,0.168008,0.167997,1.0,0.708285,0,0.1408,0.70183,0.25664,0.04241,0.05023,3.91054,56.5467,0.95882,2.57755,2.62696,0,15.2237,16.0,2,27.341,0.6996,0.9997,2,31.121,0.3752,0.1786,1,887
task_env_weather_126577,hat,20,164,1000.0,0.361993,1.0,0.826265,0,0.30339,0.50265,0.25985,0.03672,0.04521,3.35216,66.0546,0.95931,2.59145,2.62696,1,17.1748,16.0,2,27.472,0.7011,1.0,2,31.439,0.3726,0.1818,1,893
task_env_weather_126577,hat,20,165,0.360563,0.360561,1.0,1.0,0,0.30219,0.675,0.24507,0.02161,0.02782,2.74333,53.5254,0.94805,2.5741,2.62696,0,13.7573,16.0,2,27.433,0.6947,0.997,2,31.229,0.3726,0.1885,1,891
task_env_weather_126577,hat,20,166,2e-06,0.0,1.0,0.633961,0,-0.02282,0.71179,0.26847,0.04543,0.05478,4.369,54.2135,0.95807,2.57821,2.62696,0,13.6958,16.0,2,27.539,0.708,0.9986,2,31.327,0.3764,0.1916,1,889
task_env_weather_126577,hat,20,167,0.575669,0.575426,0.524936,0.941288,0,0.48227,0.82665,0.23904,0.01049,0.01316,2.94254,44.196,0.96147,2.56741,2.62696,0,11.8557,16.0,2,27.706,0.6857,0.9986,2,31.243,0.3739,0.1861,1,888
task_env_weather_126577,hat,20,168,0.507783,0.50769,1.0,0.928581,0,0.4255,0.76993,0.25164,0.02322,0.02979,2.9828,45.1715,0.95917,2.58768,2.62696,0,12.0403,16.0,2,27.624,0.7074,0.9998,2,31.364,0.378,0.1868,1,890
task_env_weather_126577,hat,20,169,0.173379,0.173366,1.0,0.705283,0,0.1453,0.60727,0.25624,0.04209,0.04965,3.92718,56.931,0.95875,2.58,2.62696,0,15.2748,16.0,2,27.626,0.696,1.0,2,31.302,0.3802,0.1902,1,887
task_env_weather_126577,hat,20,170,1.0,1.0,1.0,1.0,0,0.84994,0.85613,0.24274,0.02287,0.06113,2.66936,48.0794,0.95828,2.54174,2.62696,0,11.2816,16.0,2,27.498,0.7024,1.0,2,31.333,0.37,0.1849,1,884
task_env_weather_126577,hat,20,171,0.639394,0.639129,1.0,1.0,0,0.53566,0.82411,0.24981,0.02649,0.03925,2.68851,46.9823,0.96005,2.55793,2.62696,0,11.5616,16.0,2,27.556,0.6963,1.0,2,31.539,0.3675,0.1899,1,882
task_env_weather_126577,hat,20,172,0.569819,0.56971,0.516754,0.981369,0,0.47748,0.78417,0.23896,0.01033,0.01292,2.82236,44.4625,0.96248,2.57075,2.62696,0,11.8693,16.0,2,27.452,0.7069,1.0,2,31.473,0.3824,0.1819,1,888
task_env_weather_126577,hat,21,173,0.754876,0.751536,0.616547,0.956571,0,0.62987,0.82682,0.24472,0.01232,0.01868,2.89552,37.6267,0.95608,2.567,2.62696,0,9.9333,16.0,2,27.568,0.6977,0.9974,2,31.33,0.3782,0.1812,1,886
task_env_weather_126577,hat,21,174,0.162411,0.162401,1.0,0.708263,0,0.13611,0.70455,0.25661,0.04239,0.05011,3.91066,56.5212,0.95868,2.58236,2.62696,0,15.1598,16.0,2,27.472,0.6971,0.9927,2,31.33,0.3726,0.1874,1,887
task_env_weather_126577,hat,21,175,0.449413,0.449404,0.920478,1.0,0,0.37665,0.73811,0.25007,0.01839,0.02333,2.63801,47.3066,0.98197,2.58206,2.62696,0,12.1402,16.0,2,27.417,0.7016,0.9981,2,31.454,0.3781,0.1844,1,892
task_env_weather_126577,hat,21,176,0.328635,0.328632,1.0,0.942981,0,0.27543,0.72623,0.24949,0.02635,0.03364,2.93725,44.5378,0.95647,2.57487,2.62696,0,12.5458,16.0,2,27.613,0.7003,1.0,2,31.524,0.3769,0.182,1,883
task_env_weather_126577,hat,21,177,0.557024,0.556669,0.55081,0.900406,0,0.46655,0.78495,0.23967,0.01101,0.0138,3.07614,44.5214,0.96238,2.56792,2.62696,0,11.8837,16.0,2,27.447,0.7017,0.9994,2,31.397,0.3782,0.1862,1,888
task_env_weather_126577,hat,21,178,0.570668,0.570522,0.531474,0.965708,0,0.47816,0.80307,0.23931,0.01062,0.01333,2.86813,44.6986,0.96297,2.56116,2.62696,0,11.8962,16.0,2,27.383,0.7124,1.0,2,31.329,0.3778,0.1851,1,888
task_env_weather_126577,hat,21,179,0.758133,0.754376,0.622663,0.9514,0,0.63225,0.81596,0.24498,0.01244,0.01893,2.91126,38.0133,0.9566,2.56478,2.62696,0,9.9805,16.0,2,27.424,0.7022,1.0,2,31.27,0.3688,0.1886,1,886
task_env_weather_126577,hat,21,180,0.560973,0.560738,0.557218,0.928392,0,0.46996,0.79027,0.23979,0.01114,0.01398,2.98341,44.3152,0.96205,2.56413,2.62696,0,11.8417,16.0,2,27.782,0.6997,0.9964,2,31.392,0.3782,0.1848,1,888
task_env_weather_126577,hat,21,181,0.470894,0.470881,0.911986,1.0,0,0.39465,0.74639,0.24996,0.01822,0.02326,2.64031,47.7089,0.98286,2.57851,2.62696,0,12.1553,16.0,2,27.715,0.7102,0.9959,2,31.228,0.3747,0.1867,1,892
task_env_weather_126577,hat,22,182,0.367925,0.367923,1.0,1.0,0,0.30836,0.67624,0.24471,0.02132,0.02742,2.71457,53.7662,0.94817,2.57514,2.62696,0,13.7943,16.0,2,27.601,0.7053,0.9989,2,31.369,0.3777,0.1862,1,891
task_env_weather_126577,hat,22,183,0.173329,0.173319,1.0,0.717826,0,0.14526,0.69103,0.25592,0.04177,0.04956,3.85856,56.7738,0.95895,2.57876,2.62696,0,15.2502,16.0,2,27.681,0.705,0.9975,2,31.363,0.3793,0.185,1,887
task_env_weather_126577,hat,22,184,0.500999,0.500901,1.0,0.918943,0,0.41981,0.76022,0.25154,0.02312,0.02947,3.01409,44.8456,0.95844,2.58655,2.62696,0,11.9941,16.0,2,27.566,0.6991,1.0,2,31.26,0.3718,0.1791,1,890
task_env_weather_126577,hat,22,185,0.775075,0.770018,0.53851,0.946058,0,0.64536,0.85297,0.24333,0.01076,0.01633,2.9277,37.8877,0.95654,2.57248,2.62696,0,9.9612,16.0,2,27.573,0.7039,0.9998,2,31.329,0.3772,0.1854,1,886
task_env_weather_126577,hat,22,186,0.568525,0.568374,0.536716,0.961662,0,0.47636,0.79218,0.23939,0.01073,0.0135,2.88019,44.508,0.96259,2.56592,2.62696,0,11.8724,16.0,2,27.529,0.708,0.9993,2,31.192,0.3739,0.1832,1,888
task_env_weather_126577,hat,22,187,0.573151,0.572968,0.569124,0.955248,0,0.48021,0.79945,0.24005,0.01137,0.01432,2.89953,44.5995,0.96256,2.56875,2.62696,0,11.8942,16.0,2,27.541,0.704,1.0,2,31.273,0.3821,0.1865,1,888
task_env_weather_126577,hat,22,188,0.572346,0.572156,0.524149,0.952205,0,0.47953,0.77743,0.23918,0.01047,0.0132,2.9088,44.7051,0.96268,2.56532,2.62696,0,11.9113,16.0,2,27.316,0.7034,1.0,2,31.399,0.3824,0.1894,1,888
task_env_weather_126577,hat,22,189,0.459485,0.459474,0.925028,1.0,0,0.38509,0.75943,0.2502,0.01849,0.02373,2.54884,47.7883,0.98289,2.58437,2.62696,0,12.1745,16.0,2,27.53,0.7082,0.9986,2,31.373,0.3818,0.186,1,892
task_env_weather_126577,hat,22,190,0.166327,0.166327,1.0,0.881995,0,0.1394,0.64699,0.25665,0.03477,0.04085,3.14035,47.9845,0.95308,2.58379,2.62696,0,12.698,16.0,2,27.472,0.7031,0.9992,2,31.414,0.3721,0.1838,1,885
task_env_weather_126577,hat,23,191,0.562013,0.561752,0.535256,0.923457,0,0.47081,0.79489,0.23937,0.0107,0.01346,2.99935,44.5427,0.96258,2.56986,2.62696,0,11.8736,16.0,2,27.497,0.7075,0.9989,2,31.266,0.3782,0.1842,1,888
task_env_weather_126577,hat,23,192,0.502162,0.502106,1.0,0.951471,0,0.42082,0.77475,0.25073,0.02232,0.02846,2.91104,45.1409,0.959,2.58833,2.62696,0,12.0371,16.0,2,27.547,0.7033,1.0,2,31.329,0.3794,0.1873,1,890
task_env_weather_126577,hat,23,193,0.370789,0.370787,1.0,1.0,0,0.31076,0.67984,0.24386,0.02047,0.02634,2.68367,53.7443,0.94815,2.57711,2.62696,0,13.7941,16.0,2,27.525,0.7033,0.9996,2,31.278,0.3772,0.1855,1,891
task_env_weather_126577,hat,23,194,0.165418,0.165408,1.0,0.711507,0,0.13863,0.65728,0.25614,0.04201,0.04942,3.89283,56.9637,0.959,2.57493,2.62696,0,15.2983,16.0,2,27.56,0.7055,1.0,2,31.308,0.3757,0.1867,1,887
task_env_weather_126577,hat,23,195,0.761405,0.758075,0.550063,0.963321,0,0.63535,0.8142,0.24349,0.01099,0.01654,2.87523,37.7641,0.95633,2.56681,2.62696,0,9.9463,16.0,2,27.56,0.7012,0.9986,2,31.364,0.3749,0.1833,1,886
task_env_weather_126577,hat,23,196,0.752569,0.749389,0.711721,0.957734,0,0.62807,0.82198,0.24679,0.01422,0.0212,2.89201,37.8988,0.95655,2.5741,2.62696,0,9.9625,16.0,2,27.556,0.7039,1.0,2,31.316,0.3767,0.1853,1,886
task_env_weather_126577,hat,23,197,0.191646,0.191645,1.0,0.857138,0,0.16062,0.61191,0.25668,0.03479,0.04075,3.23142,48.0345,0.95306,2.58802,2.62696,0,12.7161,16.0,2,27.533,0.6998,1.0,2,31.222,0.3785,0.1864,1,885
task_env_weather_126577,hat,23,198,0.378353,0.378351,1.0,1.0,0,0.3171,0.67575,0.24536,0.02196,0.02835,2.7187,53.8928,0.94812,2.57435,2.62696,0,13.8245,16.0,2,27.622,0.7034,1.0,2,31.273,0.377,0.1892,1,891
task_env_weather_126577,hat,23,199,0.560241,0.560022,0.510459,0.931928,0,0.46936,0.7761,0.23891,0.0102,0.01286,2.97209,44.5684,0.96249,2.56624,2.62696,0,11.8847,16.0,2,27.592,0.703,0.9983,2,31.279,0.3767,0.188,1,888
task_env_weather_126577,hat,24,200,2e-06,0.0,1.0,0.631837,0,-0.03193,0.69944,0.26873,0.04573,0.05539,4.38368,54.081,0.95798,2.57894,2.62696,0,13.6724,16.0,2,27.492,0.7035,1.0,2,31.3,0.3774,0.1868,1,889
task_env_weather_126577,hat,24,201,0.563274,0.563076,0.541067,0.940797,0,0.47192,0.83317,0.23948,0.01081,0.01359,2.94407,44.4851,0.96237,2.56653,2.62696,0,11.8782,16.0,2,27.51,0.7022,0.9991,2,31.254,0.3782,0.1856,1,888
task_env_weather_126577,hat,24,202,2e-06,0.0,1.0,0.640131,0,-0.02641,0.70526,0.26791,0.04491,0.05416,4.32688,54.0898,0.95795,2.57955,2.62696,0,13.6703,16.0,2,27.549,0.7028,1.0,2,31.33,0.3764,0.1869,1,889
task_env_weather_126577,hat,24,203,2e-06,0.0,1.0,0.644425,0,-0.02887,0.70313,0.26892,0.04594,0.05559,4.29805,54.0183,0.95792,2.57618,2.62696,0,13.6558,16.0,2,27.562,0.7019,0.9999,2,31.284,0.378,0.1848,1,889
task_env_weather_126577,hat,24,204,2e-06,0.0,1.0,0.63935,0,-0.02954,0.70337,0.2677,0.04471,0.05362,4.33217,53.963,0.95796,2.57803,2.62696,0,13.6562,16.0,2,27.641,0.7029,1.0,2,31.319,0.3785,0.1839,1,889
task_env_weather_126577,hat,24,205,0.567333,0.567193,0.516676,0.964674,0,0.47537,0.81267,0.239,0.01032,0.01296,2.8712,44.5742,0.96252,2.56827,2.62696,0,11.8939,16.0,2,27.542,0.7031,1.0,2,31.245,0.374,0.1866,1,888
task_env_weather_126577,hat,24,206,0.571443,0.571202,0.544489,0.937577,0,0.47873,0.80373,0.23953,0.01088,0.01371,2.95418,44.4963,0.96234,2.5632,2.62696,0,11.8822,16.0,2,27.481,0.7013,1.0,2,31.265,0.3722,0.185,1,888
task_env_weather_126577,hat,24,207,0.511804,0.511699,1.0,0.925631,0,0.42886,0.79876,0.25099,0.02258,0.02905,2.99231,44.9728,0.95872,2.58403,2.62696,0,11.9994,16.0,2,27.629,0.7027,0.9978,2,31.307,0.3764,0.1849,1,890
task_env_weather_126577,hat,24,208,0.449258,0.449249,0.895231,1.0,0,0.37652,0.74382,0.24956,0.01789,0.02271,2.62149,47.4505,0.98231,2.57325,2.62696,0,12.1617,16.0,2,27.566,0.7032,0.9999,2,31.308,0.3792,0.1837,1,892
task_env_weather_126577,hat,25,209,0.500001,0.499946,1.0,0.950443,0,0.41901,0.77749,0.25085,0.02243,0.02867,2.91419,45.0591,0.95886,2.58814,2.62696,0,12.0243,16.0,2,27.54,0.703,1.0,2,31.282,0.3769,0.1844,1,890
task_env_weather_126577,hat,25,210,2e-06,0.0,1.0,0.643438,0,-0.03687,0.70953,0.26718,0.04417,0.05306,4.30465,53.9988,0.95803,2.57543,2.62696,0,13.6673,16.0,2,27.622,0.705,1.0,2,31.314,0.3788,0.1846,1,889
task_env_weather_126577,hat,25,211,2e-06,0.0,1.0,0.635014,0,-0.03029,0.70279,0.26877,0.04578,0.05525,4.36175,54.081,0.95795,2.57852,2.62696,0,13.6672,16.0,2,27.527,0.7028,0.9999,2,31.352,0.3766,0.1865,1,889
task_env_weather_126577,hat,25,212,0.168029,0.168021,1.0,0.725184,0,0.14082,0.65596,0.25639,0.04226,0.05003,3.81941,56.9021,0.95893,2.57736,2.62696,0,15.2839,16.0,2,27.503,0.7031,1.0,2,31.334,0.3757,0.186,1,887
task_env_weather_126577,hat,25,213,0.561724,0.561621,0.462487,0.97687,0,0.4707,0.78616,0.23793,0.00924,0.01151,2.83536,44.5121,0.96244,2.56954,2.62696,0,11.8758,16.0,2,27.53,0.7037,0.9984,2,31.27,0.3763,0.1863,1,888
task_env_weather_126577,hat,25,214,0.572698,0.572502,0.561149,0.950682,0,0.47982,0.80499,0.2399,0.01121,0.01414,2.91346,44.5801,0.96261,2.56924,2.62696,0,11.888,16.0,2,27.521,0.7058,0.9995,2,31.339,0.3751,0.1859,1,888
task_env_weather_126577,hat,25,215,0.164366,0.164358,1.0,0.723704,0,0.13775,0.68237,0.25651,0.04237,0.05021,3.82722,56.8673,0.95895,2.57416,2.62696,0,15.2811,16.0,2,27.535,0.7038,1.0,2,31.3,0.3782,0.1849,1,887
task_env_weather_126577,hat,25,216,0.505126,0.505053,1.0,0.939533,0,0.42329,0.76134,0.25137,0.02295,0.02928,2.94803,45.1044,0.95896,2.59002,2.62696,0,12.0311,16.0,2,27.487,0.7038,0.9998,2,31.265,0.3759,0.1861,1,890
task_env_weather_126577,hat,25,217,2e-06,0.0,1.0,0.634679,0,-0.03148,0.70308,0.26782,0.04482,0.05408,4.36406,54.019,0.95801,2.57785,2.62696,0,13.6629,16.0,2,27.491,0.7048,0.9997,2,31.287,0.3789,0.1845,1,889
task_env_weather_126577,hat,26,218,2e-06,0.0,1.0,0.640643,0,-0.02909,0.69552,0.26774,0.04476,0.05379,4.32343,53.9957,0.9579,2.57657,2.62696,0,13.651,16.0,2,27.574,0.7029,0.9984,2,31.324,0.3774,0.1866,1,889
task_env_weather_126577,hat,26,219,2e-06,0.0,1.0,0.636872,0,-0.02838,0.70708,0.26812,0.04512,0.05451,4.34903,54.082,0.958,2.57815,2.62696,0,13.6679,16.0,2,27.528,0.7041,1.0,2,31.296,0.3784,0.1854,1,889
task_env_weather_126577,hat,26,220,2e-06,0.0,1.0,0.64009,0,-0.03315,0.70496,0.26792,0.04492,0.05402,4.32716,54.0194,0.95801,2.57987,2.62696,0,13.6661,16.0,2,27.572,0.7044,1.0,2,31.295,0.3756,0.1849,1,889
task_env_weather_126577,hat,26,221,2e-06,0.0,1.0,0.640378,0,-0.02558,0.69756,0.26786,0.04486,0.05409,4.32522,54.035,0.95798,2.58205,2.62696,0,13.6682,16.0,2,27.536,0.7035,1.0,2,31.297,0.3757,0.186,1,889
task_env_weather_126577,hat,26,222,2e-06,0.0,1.0,0.634115,0,-0.03108,0.68016,0.26795,0.04497,0.05425,4.36793,54.0121,0.95792,2.57905,2.62696,0,13.6542,16.0,2,27.553,0.7024,0.9995,2,31.3,0.3763,0.1852,1,889
task_env_weather_126577,hat,26,223,0.165607,0.165599,1.0,0.724869,0,0.13879,0.69149,0.25552,0.04139,0.04935,3.82107,56.908,0.95896,2.57565,2.62696,0,15.287,16.0,2,27.608,0.7043,1.0,2,31.307,0.3776,0.1856,1,887
task_env_weather_126577,hat,26,224,2e-06,0.0,1.0,0.633048,0,-0.02878,0.70125,0.2678,0.04481,0.0539,4.3753,54.0059,0.95795,2.57526,2.62696,0,13.6552,16.0,2,27.522,0.7032,0.9996,2,31.332,0.3759,0.1844,1,889
task_env_weather_126577,hat,26,225,2e-06,0.0,1.0,0.641549,0,-0.02709,0.696,0.26803,0.04505,0.05416,4.31732,53.9913,0.95793,2.57825,2.62696,0,13.6427,16.0,2,27.571,0.7036,0.9985,2,31.328,0.3771,0.1842,1,889
task_env_weather_126577,hat,26,226,0.58209,0.581881,0.597284,0.956407,0,0.48768,0.83897,0.24059,0.01194,0.01518,2.89602,44.5178,0.96241,2.56793,2.62696,0,11.8829,16.0,2,27.564,0.7027,1.0,2,31.264,0.377,0.1849,1,888
task_env_weather_126577,hat,27,227,2e-06,0.0,1.0,0.646231,0,-0.02478,0.70906,0.26726,0.04426,0.05328,4.28604,54.019,0.95801,2.57909,2.62696,0,13.6622,16.0,2,27.546,0.7049,0.9995,2,31.296,0.3762,0.1849,1,889
task_env_weather_126577,hat,27,228,0.562711,0.56254,0.519242,0.948622,0,0.47147,0.79734,0.23903,0.01038,0.01294,2.91979,44.5302,0.96242,2.56866,2.62696,0,11.8874,16.0,2,27.524,0.7022,1.0,2,31.303,0.3776,0.1857,1,888
task_env_weather_126577,hat,27,229,2e-06,0.0,1.0,0.638592,0,-0.03175,0.70734,0.2687,0.0457,0.05524,4.33731,54.0619,0.95797,2.58149,2.62696,0,13.6647,16.0,2,27.551,0.7034,0.9999,2,31.29,0.3764,0.1856,1,889
task_env_weather_126577,hat,27,230,0.494904,0.494852,1.0,0.948076,0,0.41474,0.75426,0.25118,0.02277,0.02891,2.92147,45.074,0.95888,2.58828,2.62696,0,12.0266,16.0,2,27.524,0.7025,0.9997,2,31.274,0.3765,0.186,1,890
task_env_weather_126577,hat,27,231,2e-06,0.0,1.0,0.638569,0,-0.0255,0.65748,0.26813,0.04513,0.0543,4.33747,54.0205,0.958,2.57939,2.62696,0,13.6668,16.0,2,27.549,0.7042,0.9998,2,31.319,0.3749,0.1855,1,889
task_env_weather_126577,hat,27,232,2e-06,0.0,1.0,0.6403,0,-0.0263,0.70602,0.26738,0.04439,0.05328,4.32575,54.0182,0.95798,2.57885,2.62696,0,13.6654,16.0,2,27.553,0.7037,1.0,2,31.296,0.3784,0.1852,1,889
task_env_weather_126577,hat,27,233,2e-06,0.0,1.0,0.640961,0,-0.02408,0.70153,0.26765,0.04466,0.0538,4.32128,54.084,0.95797,2.5805,2.62696,0,13.6671,16.0,2,27.554,0.7033,1.0,2,31.309,0.3775,0.1859,1,889
task_env_weather_126577,hat,27,234,2e-06,0.0,1.0,0.646898,0,-0.02661,0.6978,0.26737,0.04438,0.05338,4.28163,54.0268,0.95795,2.57981,2.62696,0,13.6619,16.0,2,27.538,0.7028,1.0,2,31.286,0.3765,0.1852,1,889
task_env_weather_126577,hat,27,235,2e-06,0.0,1.0,0.645462,0,-0.02683,0.71065,0.26825,0.04526,0.05449,4.29115,54.0241,0.95794,2.57735,2.62696,0,13.6603,16.0,2,27.559,0.7023,1.0,2,31.291,0.377,0.1852,1,889
task_env_weather_126577,hat,28,236,0.503711,0.503621,1.0,0.926501,0,0.42209,0.76518,0.25117,0.02275,0.02893,2.9895,45.0459,0.95886,2.58848,2.62696,0,12.0191,16.0,2,27.514,0.7036,0.9993,2,31.237,0.3767,0.1847,1,890
task_env_weather_126577,hat,28,237,2e-06,0.0,1.0,0.634417,0,-0.02683,0.69308,0.2678,0.04481,0.05392,4.36586,53.9852,0.95795,2.57754,2.62696,0,13.6588,16.0,2,27.532,0.7026,1.0,2,31.291,0.3757,0.1847,1,889
task_env_weather_126577,hat,28,238,0.577934,0.57774,0.571877,0.956554,0,0.48421,0.83636,0.24009,0.01143,0.01451,2.89557,44.491,0.96242,2.56919,2.62696,0,11.8787,16.0,2,27.589,0.7033,0.9993,2,31.32,0.3781,0.1853,1,888
task_env_weather_126577,hat,28,239,0.499088,0.499028,1.0,0.944714,0,0.41824,0.76082,0.25166,0.02325,0.02974,2.93187,45.0954,0.95894,2.58841,2.62696,0,12.0285,16.0,2,27.528,0.7036,0.9996,2,31.283,0.3761,0.1864,1,890
task_env_weather_126577,hat,28,240,2e-06,0.0,1.0,0.636597,0,-0.02458,0.70499,0.2679,0.04491,0.05397,4.35091,54.0262,0.95798,2.57998,2.62696,0,13.6638,16.0,2,27.558,0.7036,1.0,2,31.268,0.3761,0.185,1,889
task_obj_remove_509477,clothing,1,1,1.0,1.0,0.722454,1.0,0,0.92207,0.9664,0.21089,0.02311,0.087,2.24657,50.3458,0.87822,2.20321,2.18601,0,11.4769,16.0,1,24.0,0.0,0.5,1,24.0,0.0,0.5,1,0
task_obj_remove_509477,clothing,2,2,1000.0,1.0,0.395287,0.999463,0,0.92899,0.94158,0.20896,0.01264,0.05078,2.2619,65.5072,0.86824,2.21081,2.18601,1,16.3708,16.0,8,20.714,0.0,0.689,1,8.336,0.2118,0.7786,1,0
task_obj_remove_509477,clothing,2,3,1000.0,1.0,0.270834,1.0,0,0.92726,0.92248,0.20508,0.00866,0.03451,2.25596,66.84,0.87442,2.21599,2.18601,1,18.3127,16.0,1,26.039,0.0,0.866,1,25.374,0.0,0.6241,1,0
task_obj_remove_509477,clothing,2,4,1000.0,0.967395,0.697096,0.993487,0,0.88564,0.88392,0.20769,0.0223,0.07881,2.27551,76.5695,0.89326,2.23433,2.18601,1,20.7364,16.0,2,32.0,0.4934,0.7576,1,32.0,0.0,0.237,1,0
task_obj_remove_509477,clothing,2,5,1.0,1.0,0.559704,1.0,0,0.91951,0.89832,0.20562,0.0179,0.06709,2.21565,52.3762,0.8765,2.2059,2.18601,0,14.068,16.0,2,9.3,0.1008,0.6805,1,26.901,0.0,0.3335,1,0
task_obj_remove_509477,clothing,2,6,0.968686,1.0,1.0,0.95576,0,0.92172,0.95908,0.2202,0.03368,0.10739,2.36533,40.0434,0.88723,2.20965,2.18601,0,6.8563,16.0,1,27.227,0.0,0.1959,1,21.014,0.0994,0.4272,1,0
task_obj_remove_509477,clothing,2,7,1.0,1.0,0.682809,1.0,0,0.91821,0.91613,0.20319,0.02184,0.05722,2.17946,59.7839,0.96617,2.18989,2.18601,0,15.8848,16.0,1,15.417,0.5771,1.0,1,13.567,0.0,0.2802,1,13
task_obj_remove_509477,clothing,2,8,1000.0,0.941321,0.498049,0.901696,0,0.86177,0.92359,0.21934,0.01593,0.04715,2.50715,127.9197,1.11452,2.23711,2.18601,1,32.6996,16.0,1,22.505,0.9938,1.0,1,20.237,0.0,0.9095,1,409
task_obj_remove_509477,clothing,2,9,1000.0,1.0,0.331968,0.967452,0,0.92371,0.919,0.20707,0.01062,0.04365,2.33674,65.8622,0.87136,2.21571,2.18601,1,17.458,16.0,2,4.576,0.0,0.795,2,24.64,0.1176,0.6835,1,6
task_obj_remove_509477,clothing,2,10,1.0,1.0,0.728661,1.0,0,0.92415,0.95183,0.20955,0.0233,0.08487,2.18971,45.5209,0.87746,2.22408,2.18601,0,11.8371,16.0,1,32.0,0.0,0.6503,1,31.966,0.0,0.286,1,0
task_obj_remove_509477,clothing,3,11,0.982462,1.0,0.908438,0.97237,0,0.92548,0.96399,0.21887,0.02905,0.09643,2.32492,45.9072,0.88393,2.20613,2.18601,0,7.9334,16.0,1,32.0,0.0968,0.1632,1,16.009,0.2073,0.5688,1,0
task_obj_remove_509477,clothing,3,12,0.975838,1.0,1.0,0.964063,0,0.92104,0.93982,0.22385,0.03581,0.11053,2.34496,37.1401,0.89371,2.20716,2.18601,0,5.2707,16.0,4,32.0,0.0,0.05,1,28.369,0.0,0.4194,1,0
task_obj_remove_509477,clothing,3,13,0.975385,1.0,1.0,0.963519,0,0.9227,0.9239,0.22064,0.03434,0.11044,2.34628,39.6347,0.88825,2.19899,2.18601,0,6.5629,16.0,1,18.36,0.0,0.1661,1,18.91,0.0,0.4283,1,0
task_obj_remove_509477,clothing,3,14,0.928708,1.0,0.66379,0.915542,0,0.93204,0.91639,0.21952,0.02123,0.07689,2.46923,59.2041,0.88697,2.21019,2.18601,0,12.0351,16.0,1,32.0,0.7736,0.3874,8,27.047,0.0,0.7539,1,23
task_obj_remove_509477,clothing,3,15,0.982265,1.0,0.674344,0.972112,0,0.92044,0.93337,0.216,0.02157,0.07912,2.32554,60.6458,0.87074,2.20986,2.18601,0,12.4756,16.0,1,23.256,0.0,0.3526,1,24.904,0.2309,0.8372,1,0
task_obj_remove_509477,clothing,3,16,0.972355,1.0,1.0,0.959946,0,0.9231,0.92973,0.22336,0.03473,0.11004,2.35501,43.2648,0.89202,2.20909,2.18601,0,6.5897,16.0,4,32.0,0.0,0.05,2,26.54,0.0828,0.5414,1,0
task_obj_remove_509477,clothing,3,17,0.98721,1.0,0.980697,0.978834,0,0.92613,0.94076,0.22142,0.03137,0.10034,2.30957,47.1709,0.88831,2.22227,2.18601,0,7.4296,16.0,8,32.0,0.1291,0.05,1,14.305,0.0,0.6204,1,0
task_obj_remove_509477,clothing,3,18,0.965697,1.0,1.0,0.952445,0,0.92148,0.93632,0.22404,0.03695,0.11406,2.37356,36.9955,0.89472,2.20781,2.18601,0,5.2168,16.0,1,32.0,0.0456,0.05,2,11.598,0.3872,0.4162,1,40
task_obj_remove_509477,clothing,3,19,0.977753,1.0,0.824496,0.966393,0,0.922,0.92989,0.21957,0.02637,0.08951,2.3393,56.3868,0.88277,2.21255,2.18601,0,9.4186,16.0,2,30.648,0.0,0.05,1,21.52,0.0,0.8128,1,0
task_obj_remove_509477,clothing,4,20,1.0,1.0,0.739463,1.0,0,0.91744,0.96433,0.21152,0.02365,0.06677,2.22065,67.5198,0.89126,2.22741,2.18601,0,14.8879,16.0,1,32.0,0.8762,0.496,4,32.0,0.1576,0.7387,1,403
task_obj_remove_509477,clothing,4,21,0.985828,1.0,0.960131,0.976899,0,0.92864,0.8922,0.22321,0.03071,0.08324,2.31415,43.2632,0.86473,2.20709,2.18601,0,10.2531,16.0,1,28.285,0.7219,0.4534,4,22.938,0.0,0.3315,1,0
task_obj_remove_509477,clothing,4,22,0.981201,1.0,0.732672,0.970732,0,0.92187,0.96351,0.21798,0.02343,0.07968,2.32885,57.2205,0.8763,2.2096,2.18601,0,10.2493,16.0,1,30.909,0.409,0.1229,2,24.396,0.0,0.8233,1,0
task_obj_remove_509477,clothing,4,23,0.957342,1.0,0.546997,0.943549,0,0.92572,0.90114,0.21861,0.01749,0.05158,2.39594,62.624,0.84974,2.22238,2.18601,0,14.116,16.0,1,32.0,1.0139,0.3722,4,30.625,0.0,0.8571,1,0
task_obj_remove_509477,clothing,4,24,1000.0,0.991349,1.0,0.932433,0,0.90757,0.93739,0.22135,0.04239,0.11133,2.4245,73.6021,0.94994,2.21984,2.18601,1,16.4153,16.0,1,32.0,0.8404,0.5716,8,32.0,0.2757,0.7273,1,363
task_obj_remove_509477,clothing,4,25,1000.0,1.0,0.593561,0.958837,0,0.91924,0.89104,0.21474,0.01898,0.06572,2.35774,80.4907,0.9069,2.21018,2.18601,1,18.9315,16.0,4,32.0,0.7145,0.6232,16,20.761,0.0,0.9343,1,0
task_obj_remove_509477,clothing,4,26,1.0,1.0,0.675243,1.0,0,0.91991,0.93797,0.21101,0.0216,0.08715,2.25362,61.7949,0.87428,2.21572,2.18601,0,12.653,16.0,2,32.0,0.4931,0.2708,8,29.454,0.276,0.7349,1,0
task_obj_remove_509477,clothing,4,27,0.99621,1.0,0.697854,0.99292,0,0.91549,0.95775,0.20793,0.02232,0.07362,2.27681,57.1184,0.88418,2.21955,2.18601,0,12.8449,16.0,1,32.0,0.5995,0.4833,8,15.896,0.027,0.7398,1,72
task_obj_remove_509477,clothing,4,28,0.959061,1.0,0.762107,0.945341,0,0.92457,0.9188,0.21783,0.02437,0.08394,2.3914,53.3785,0.8811,2.20811,2.18601,0,9.5548,16.0,1,32.0,0.5083,0.1624,32,25.683,0.7706,0.7023,1,0
task_obj_remove_509477,clothing,5,29,1.0,1.0,1.0,1.0,0,0.92225,0.95836,0.22083,0.03555,0.12682,2.19002,49.3515,0.89956,2.21493,2.18601,0,10.3734,16.0,1,30.948,0.5971,0.3514,4,26.548,0.3528,0.6679,1,177
task_obj_remove_509477,clothing,5,30,0.973305,0.9968,0.583085,0.961669,0,0.91256,0.90459,0.20808,0.01865,0.08277,2.3508,65.285,0.87842,2.21029,2.18601,0,15.7461,16.0,2,32.0,0.6832,0.423,8,30.571,0.0786,0.5412,1,0
task_obj_remove_509477,clothing,5,31,0.948404,1.0,0.697874,0.934486,0,0.92511,0.94186,0.21961,0.02232,0.07607,2.41918,61.1558,0.87007,2.19779,2.18601,0,11.3748,16.0,1,28.513,0.6423,0.1463,8,31.394,0.0,0.9119,1,0
task_obj_remove_509477,clothing,5,32,1000.0,1.0,0.401067,0.909853,0,0.92589,0.90888,0.21227,0.01283,0.04993,2.48467,75.048,0.86127,2.20894,2.18601,1,17.6188,16.0,1,29.461,0.7542,0.4491,16,28.268,0.0,0.8798,1,40
task_obj_remove_509477,clothing,5,33,1.0,1.0,0.793909,1.0,0,0.91844,0.90919,0.21874,0.02539,0.08684,2.23905,61.3123,0.89294,2.21276,2.18601,0,11.2706,16.0,2,32.0,0.9431,0.2597,4,31.544,0.0,0.9162,1,258
task_obj_remove_509477,clothing,5,34,0.963957,1.0,0.422345,0.950551,0,0.92865,0.92135,0.21793,0.01351,0.0434,2.37829,64.3097,0.84839,2.21486,2.18601,0,15.0663,16.0,1,29.202,0.4975,0.5037,8,24.372,0.0,0.9084,1,0
task_obj_remove_509477,clothing,5,35,1.0,1.0,0.653911,1.0,0,0.92504,0.92468,0.21817,0.02091,0.07866,2.25046,69.01,0.87657,2.20228,2.18601,0,14.1977,16.0,4,31.8,0.5578,0.4572,8,24.563,0.0,0.9279,1,160
task_obj_remove_509477,clothing,5,36,0.978468,1.0,0.725846,0.967277,0,0.92631,0.92743,0.22055,0.02321,0.07148,2.33717,53.2477,0.86611,2.21354,2.18601,0,10.9422,16.0,1,31.749,0.8195,0.2567,16,26.318,0.0,0.6955,1,0
task_obj_remove_509477,clothing,5,37,0.973117,1.0,0.489799,0.960834,0,0.93095,0.93708,0.21171,0.01567,0.06777,2.35284,67.234,0.87777,2.21567,2.18601,0,14.8332,16.0,2,32.0,0.5141,0.425,8,30.038,0.0,0.7217,1,246
task_obj_remove_509477,clothing,6,38,0.969784,1.0,0.729146,0.956998,0,0.92524,0.93433,0.21975,0.02332,0.0772,2.36227,56.6856,0.86866,2.22116,2.18601,0,10.971,16.0,1,32.0,0.7122,0.2154,4,28.242,0.0926,0.7939,1,31
task_obj_remove_509477,clothing,6,39,1000.0,0.990901,0.622219,0.909793,0,0.90716,0.93744,0.23151,0.0199,0.05549,2.48484,74.938,0.90584,2.23939,2.18601,1,20.1957,16.0,1,30.07,0.9526,0.2845,4,24.71,0.1603,0.7601,1,123
task_obj_remove_509477,clothing,6,40,0.962887,1.0,0.535387,0.949397,0,0.92728,0.90639,0.21967,0.01712,0.05406,2.38118,62.8441,0.85134,2.22647,2.18601,0,14.0928,16.0,1,29.64,0.6896,0.4089,8,25.761,0.0669,0.8666,1,0
task_obj_remove_509477,clothing,6,41,0.956666,1.0,0.717284,0.942849,0,0.92403,0.95733,0.21291,0.02294,0.09215,2.39772,62.9933,0.89366,2.21139,2.18601,0,12.7721,16.0,1,32.0,0.8418,0.194,8,32.0,0.0579,0.6288,1,61
task_obj_remove_509477,clothing,6,42,1000.0,1.0,0.715493,0.929693,0,0.91948,0.9381,0.22407,0.02288,0.06494,2.43165,79.5756,0.99342,2.22176,2.18601,1,17.3543,16.0,1,29.747,1.2302,0.4081,8,25.27,0.2112,0.8312,1,107
task_obj_remove_509477,clothing,6,43,0.976878,1.0,0.480005,0.965322,0,0.92225,0.92298,0.2062,0.01535,0.05416,2.3419,61.1201,0.86762,2.21276,2.18601,0,14.7866,16.0,1,31.472,0.3839,0.5319,8,25.369,0.0,0.8426,1,12
task_obj_remove_509477,clothing,6,44,1.0,1.0,0.698411,1.0,0,0.92099,0.9004,0.21641,0.02234,0.08034,2.25512,64.4393,0.87256,2.21333,2.18601,0,12.2309,16.0,1,32.0,0.7614,0.2172,8,28.866,0.0,0.9146,1,85
task_obj_remove_509477,clothing,6,45,0.991957,1.0,0.739251,0.985892,0,0.9192,0.94359,0.21414,0.02364,0.0815,2.29304,61.4003,0.87394,2.22704,2.18601,0,12.7011,16.0,1,32.0,1.0051,0.3266,4,28.458,0.3431,0.7547,1,85
task_obj_remove_509477,clothing,6,46,0.929603,1.0,0.588201,0.916382,0,0.92431,0.95014,0.21762,0.01881,0.07655,2.46697,73.023,0.94425,2.2074,2.18601,0,15.0575,16.0,1,32.0,0.7153,0.4524,4,29.962,0.1294,0.7813,1,52
task_obj_remove_509477,clothing,7,47,1.0,1.0,0.854262,1.0,0,0.91896,0.93841,0.2163,0.02732,0.08795,2.23787,53.021,0.88432,2.22426,2.18601,0,10.1121,16.0,1,32.0,0.8746,0.2323,4,26.795,0.0,0.6788,1,30
task_obj_remove_509477,clothing,7,48,0.961214,1.0,0.577471,0.947611,0,0.92733,0.90571,0.22036,0.01847,0.05838,2.38567,59.9813,0.85836,2.23024,2.18601,0,13.0786,16.0,1,31.305,0.6331,0.3531,16,28.257,0.0933,0.8344,1,0
task_obj_remove_509477,clothing,7,49,1000.0,0.999934,0.564127,0.97922,0,0.91543,0.9317,0.21292,0.01804,0.05791,2.30866,74.2323,0.87084,2.2226,2.18601,1,17.5052,16.0,1,30.304,0.6971,0.4112,4,25.997,0.0,0.6756,1,8
task_obj_remove_509477,clothing,7,50,0.977235,1.0,0.798353,0.965758,0,0.92332,0.92585,0.21773,0.02553,0.09051,2.34084,51.7267,0.88975,2.20016,2.18601,0,10.6359,16.0,1,32.0,0.7929,0.3891,8,25.726,0.2072,0.7464,1,28
task_obj_remove_509477,clothing,7,51,0.981845,1.0,0.69385,0.971565,0,0.92328,0.92083,0.21206,0.02219,0.08598,2.32685,54.0871,0.87717,2.22093,2.18601,0,10.7536,16.0,1,27.281,0.4288,0.2899,4,25.015,0.0,0.6298,1,9
task_obj_remove_509477,clothing,7,52,0.974639,0.99633,0.596607,0.96341,0,0.91213,0.95508,0.22232,0.01908,0.05333,2.34655,65.5669,0.89586,2.21591,2.18601,0,15.7001,16.0,1,25.893,0.8296,0.43,8,27.63,0.195,0.7761,1,55
task_obj_remove_509477,clothing,7,53,0.983365,1.0,0.801186,0.973561,0,0.92861,0.901,0.22139,0.02562,0.0784,2.32208,50.1008,0.86824,2.22137,2.18601,0,10.3189,16.0,1,32.0,0.7374,0.2682,4,25.809,0.0,0.6249,1,0
task_obj_remove_509477,clothing,7,54,1000.0,1.0,0.585198,0.931524,0,0.92246,0.95813,0.23271,0.01872,0.05228,2.42687,81.3362,0.8685,2.20662,2.18601,1,19.7529,16.0,1,32.0,0.9619,0.3236,8,28.641,0.0,0.7312,1,101
task_obj_remove_509477,clothing,7,55,1.0,1.0,0.792877,1.0,0,0.91899,0.95657,0.20999,0.02536,0.08262,2.21321,51.9836,0.88307,2.23162,2.18601,0,11.7746,16.0,1,28.203,0.7004,0.4727,4,24.254,0.2738,0.7355,1,80
task_obj_remove_509477,clothing,8,56,0.946225,0.996188,0.95591,0.932302,0,0.912,0.93411,0.22049,0.03057,0.09793,2.42484,49.9442,0.90061,2.24508,2.18601,0,9.3054,16.0,1,31.502,0.6517,0.3288,8,24.518,0.0,0.791,1,104
task_obj_remove_509477,clothing,8,57,1000.0,1.0,0.656611,0.946765,0,0.91674,0.91296,0.20995,0.021,0.0721,2.3878,74.0145,0.89551,2.22269,2.18601,1,18.9633,16.0,1,31.11,0.7285,0.5018,8,28.101,0.0,0.7688,1,20
task_obj_remove_509477,clothing,8,58,0.986737,1.0,0.4483,0.978166,0,0.92444,0.95298,0.20578,0.01434,0.05694,2.31115,63.4322,0.87187,2.20616,2.18601,0,14.3413,16.0,1,32.0,0.7869,0.4483,4,24.751,0.0,0.6171,1,9
task_obj_remove_509477,clothing,8,59,0.910302,0.988509,0.662481,0.897606,0,0.90497,0.98854,0.21699,0.02119,0.06819,2.51857,65.4289,0.91846,2.21184,2.18601,0,14.7789,16.0,1,28.524,0.9809,0.3287,8,26.884,0.0,0.728,1,78
task_obj_remove_509477,clothing,8,60,0.998862,1.0,0.692428,0.997774,0,0.92022,0.9615,0.21108,0.02215,0.06918,2.26573,66.3616,0.87043,2.22459,2.18601,0,13.6342,16.0,1,32.0,0.7017,0.3155,4,29.384,0.1071,0.8285,1,32
task_obj_remove_509477,clothing,8,61,0.927771,1.0,0.455182,0.914664,0,0.92568,0.91198,0.20769,0.01456,0.0556,2.4716,67.8513,0.87788,2.20178,2.18601,0,15.7428,16.0,1,32.0,0.7035,0.4023,4,26.903,0.0162,0.6302,1,4
task_obj_remove_509477,clothing,8,62,0.984856,1.0,0.611408,0.975566,0,0.92756,0.90456,0.21878,0.01955,0.06046,2.31731,57.284,0.85453,2.21466,2.18601,0,13.2754,16.0,1,28.975,0.7115,0.4387,4,25.928,0.0,0.7192,1,0
task_obj_remove_509477,clothing,8,63,0.964015,1.0,0.558287,0.950613,0,0.92732,0.89918,0.2198,0.01786,0.05589,2.37813,60.5377,0.85511,2.22539,2.18601,0,13.3772,16.0,1,31.663,0.7047,0.3665,8,28.615,0.0,0.841,1,0
task_obj_remove_509477,clothing,8,64,1000.0,1.0,0.54544,0.932863,0,0.91734,0.9124,0.21381,0.01744,0.06595,2.42339,75.1207,0.87314,2.21264,2.18601,1,16.9756,16.0,1,30.074,0.7797,0.3559,8,28.604,0.0067,0.7453,1,64
task_obj_remove_509477,clothing,9,65,1000.0,1.0,0.614425,0.969098,0,0.92156,0.89973,0.20667,0.01965,0.07861,2.33277,67.7827,0.89246,2.22038,2.18601,1,16.5055,16.0,1,30.046,0.9725,0.3416,8,28.626,0.0,0.7525,1,20
task_obj_remove_509477,clothing,9,66,0.969898,0.995948,0.605225,0.957761,0,0.91178,0.93151,0.21659,0.01936,0.06145,2.36039,53.2226,0.91607,2.20269,2.18601,0,11.1446,16.0,1,28.673,1.0976,0.3563,8,25.833,0.0,0.714,1,77
task_obj_remove_509477,clothing,9,67,1000.0,0.973522,0.658202,0.96049,0,0.89125,0.98026,0.222,0.02105,0.06035,2.35368,67.8735,0.93724,2.2327,2.18601,1,16.0641,16.0,1,28.689,0.9702,0.303,8,28.34,0.0247,0.7002,1,119
task_obj_remove_509477,clothing,9,68,0.935064,0.999192,0.816816,0.921504,0,0.91475,0.94474,0.2156,0.02612,0.10039,2.45326,57.1316,0.9317,2.22036,2.18601,0,10.4368,16.0,1,27.033,0.9743,0.3826,8,26.328,0.1995,0.7227,1,63
task_obj_remove_509477,clothing,9,69,1.0,1.0,1.0,1.0,0,0.91608,0.93559,0.21466,0.03255,0.11217,2.13377,55.0751,0.91917,2.2076,2.18601,0,12.251,16.0,1,28.65,0.9088,0.313,8,27.871,0.0,0.7092,1,133
task_obj_remove_509477,clothing,9,70,1000.0,0.994844,0.819919,0.971868,0,0.91077,0.94056,0.22576,0.02622,0.07289,2.32613,63.7204,0.90554,2.19646,2.18601,1,16.1143,16.0,1,30.205,0.9023,0.4091,8,24.862,0.0077,0.7401,1,131
task_obj_remove_509477,clothing,9,71,0.948487,1.0,0.679643,0.934569,0,0.92482,0.93625,0.21871,0.02174,0.07731,2.41896,57.2941,0.88622,2.21101,2.18601,0,11.4035,16.0,1,27.849,0.8337,0.323,8,26.456,0.0,0.754,1,82
task_obj_remove_509477,clothing,9,72,0.982258,1.0,0.724634,0.972103,0,0.92063,0.95305,0.20727,0.02318,0.07703,2.32556,53.4338,0.87234,2.22971,2.18601,0,11.4959,16.0,1,29.817,1.0815,0.2985,8,28.239,0.0252,0.6803,1,130
task_obj_remove_509477,clothing,9,73,0.976225,0.992572,0.826931,0.966517,0,0.90869,0.90585,0.21749,0.02645,0.07182,2.339,52.7201,0.88505,2.22409,2.18601,0,10.6563,16.0,1,28.674,1.0908,0.3451,8,28.39,0.0014,0.6453,1,34
task_obj_remove_509477,clothing,10,74,1000.0,1.0,0.622665,0.910276,0,0.92188,0.91857,0.2108,0.01991,0.079,2.48352,76.2802,0.92779,2.18822,2.18601,1,17.2401,16.0,1,29.94,0.9667,0.3597,8,26.591,0.0,0.7137,1,81
task_obj_remove_509477,clothing,10,75,1000.0,0.995336,0.671228,0.92413,0,0.91122,0.86236,0.22536,0.02147,0.05969,2.44629,89.7607,0.88666,2.21764,2.18601,1,21.4475,16.0,1,30.467,0.9557,0.354,8,26.128,0.121,0.7246,1,98
task_obj_remove_509477,clothing,10,76,0.993152,0.987788,1.0,1.0,0,0.90431,0.94894,0.23035,0.04325,0.12495,2.25881,52.3728,0.91408,2.24858,2.18601,0,9.6234,16.0,1,28.224,1.0517,0.2986,8,28.196,0.0653,0.7688,1,121
task_obj_remove_509477,clothing,10,77,0.983313,1.0,0.831012,0.973492,0,0.92357,0.95385,0.2148,0.02658,0.10435,2.32225,65.9622,0.9374,2.20366,2.18601,0,13.9345,16.0,1,29.603,0.955,0.3655,8,29.356,0.0,0.6695,1,135
task_obj_remove_509477,clothing,10,78,1000.0,1.0,0.610481,0.904555,0,0.92954,0.90979,0.22138,0.01953,0.07905,2.49923,80.1372,0.91698,2.19442,2.18601,1,17.2458,16.0,1,28.335,0.9334,0.3259,8,26.044,0.0,0.7551,1,25
task_obj_remove_509477,clothing,10,79,0.977467,1.0,0.700139,0.966042,0,0.92497,0.90291,0.22036,0.02239,0.06687,2.34015,57.016,0.85738,2.22621,2.18601,0,12.5104,16.0,1,27.24,0.9744,0.3403,8,26.05,0.068,0.71,1,0
task_obj_remove_509477,clothing,10,80,0.958585,1.0,1.0,0.944843,0,0.92367,0.91639,0.23123,0.03879,0.10078,2.39266,50.4327,0.89303,2.23048,2.18601,0,9.6936,16.0,1,27.669,1.0045,0.3546,8,25.99,0.0475,0.7278,1,43
task_obj_remove_509477,clothing,10,81,0.964213,1.0,0.612633,0.950828,0,0.92555,0.89318,0.21948,0.01959,0.05914,2.3776,58.5867,0.85663,2.23953,2.18601,0,12.7976,16.0,1,25.879,0.9002,0.3303,8,25.395,0.0,0.7833,1,0
task_obj_remove_509477,clothing,10,82,1.0,1.0,0.868528,1.0,0,0.92137,0.94112,0.21155,0.02778,0.10435,2.16099,52.4993,0.89718,2.22359,2.18601,0,11.3194,16.0,1,28.211,1.0151,0.4021,8,26.632,0.0,0.7366,1,142
task_obj_remove_509477,clothing,11,83,0.95246,1.0,0.640764,0.93855,0,0.91995,0.96907,0.21115,0.02049,0.08292,2.4087,59.5154,0.88353,2.20541,2.18601,0,12.9819,16.0,1,28.542,1.0485,0.3263,8,27.194,0.0238,0.7079,1,90
task_obj_remove_509477,clothing,11,84,0.934465,0.983998,0.627835,0.920542,0,0.90084,0.9511,0.22046,0.02008,0.05482,2.45582,63.2892,0.893,2.24204,2.18601,0,15.4379,16.0,1,28.103,0.9849,0.3431,8,26.867,0.053,0.7663,1,132
task_obj_remove_509477,clothing,11,85,0.959943,1.0,0.618261,0.946267,0,0.92062,0.93194,0.2083,0.01977,0.07509,2.38906,59.1964,0.87435,2.21384,2.18601,0,12.3839,16.0,1,28.544,0.9704,0.2991,8,25.702,0.0,0.7209,1,54
task_obj_remove_509477,clothing,11,86,1.0,1.0,0.776514,1.0,0,0.9243,0.95101,0.20595,0.02484,0.08639,2.22824,63.5435,0.90166,2.21326,2.18601,0,13.7457,16.0,1,29.076,0.902,0.3061,8,26.847,0.0032,0.7156,1,76
task_obj_remove_509477,clothing,11,87,0.94069,1.0,0.594978,0.926934,0,0.93,0.90568,0.21839,0.01903,0.06591,2.43889,62.104,0.86207,2.2156,2.18601,0,13.017,16.0,1,26.568,0.928,0.3171,8,26.997,0.0,0.7271,1,91
task_obj_remove_509477,clothing,11,88,0.980435,1.0,0.620908,0.969751,0,0.92092,0.95928,0.21068,0.01986,0.0747,2.3312,61.3249,0.87701,2.22593,2.18601,0,12.9524,16.0,1,30.414,0.981,0.3609,8,28.063,0.0,0.7138,1,85
task_obj_remove_509477,clothing,11,89,0.997645,1.0,0.656366,0.995493,0,0.92509,0.9452,0.21427,0.02099,0.09099,2.27092,64.4715,0.88879,2.20592,2.18601,0,12.9801,16.0,1,29.401,1.0027,0.3193,8,27.443,0.0714,0.7109,1,50
task_obj_remove_509477,clothing,11,90,0.995831,1.0,0.657205,0.99226,0,0.92576,0.9492,0.21514,0.02102,0.0905,2.27832,67.3005,0.89185,2.20431,2.18601,0,13.8274,16.0,1,28.665,1.0204,0.3626,8,27.717,0.0,0.7159,1,50
task_obj_remove_509477,clothing,11,91,0.954787,1.0,0.786064,0.940917,0,0.92345,0.92954,0.22261,0.02514,0.0721,2.40264,51.1467,0.90593,2.20511,2.18601,0,9.8874,16.0,1,28.07,0.9748,0.3894,8,27.437,0.0219,0.7589,1,96
task_obj_remove_509477,clothing,12,92,1.0,1.0,0.812771,1.0,0,0.91563,0.95038,0.22425,0.02599,0.07729,2.2478,58.4458,0.94744,2.20806,2.18601,0,13.0871,16.0,1,28.36,1.019,0.3382,8,27.126,0.002,0.728,1,93
task_obj_remove_509477,clothing,12,93,0.982976,1.0,0.725915,0.973046,0,0.91666,0.93001,0.21417,0.02322,0.08424,2.32331,61.0799,0.8768,2.22708,2.18601,0,12.6844,16.0,1,28.202,1.0165,0.3337,8,27.161,0.0,0.7283,1,85
task_obj_remove_509477,clothing,12,94,0.980217,1.0,1.0,0.969474,0,0.91692,0.91503,0.2256,0.0348,0.11578,2.33187,55.1853,0.93987,2.22243,2.18601,0,9.7939,16.0,1,29.197,0.9907,0.3526,8,26.546,0.0757,0.7203,1,87
task_obj_remove_509477,clothing,12,95,1000.0,0.99965,0.552972,0.852706,0,0.91517,0.9584,0.21626,0.01769,0.068,2.65119,75.5516,0.86998,2.22946,2.18601,1,17.7799,16.0,1,27.405,0.9962,0.3392,8,26.911,0.0,0.7195,1,102
task_obj_remove_509477,clothing,12,96,1000.0,1.0,0.676787,0.918862,0,0.92154,0.90108,0.21188,0.02165,0.08579,2.46031,74.6105,0.92225,2.19785,2.18601,1,16.6168,16.0,1,28.488,1.0056,0.3296,8,27.21,0.0,0.7203,1,81
task_obj_remove_509477,clothing,12,97,1000.0,1.0,0.528462,0.861382,0,0.92024,0.92004,0.2153,0.0169,0.06478,2.62449,74.1888,0.86937,2.21072,2.18601,1,17.203,16.0,1,27.913,0.9386,0.3272,8,27.719,0.0157,0.7447,1,102
task_obj_remove_509477,clothing,12,98,0.985351,0.994407,0.563372,0.978732,0,0.91037,0.93168,0.21956,0.01802,0.05318,2.30981,63.078,0.8938,2.23808,2.18601,0,14.9154,16.0,1,27.572,0.9373,0.3699,8,27.202,0.0,0.7528,1,55
task_obj_remove_509477,clothing,12,99,0.977417,1.0,0.497053,0.965981,0,0.91926,0.91662,0.2044,0.0159,0.05942,2.3403,58.986,0.86933,2.23176,2.18601,0,13.5942,16.0,1,28.1,0.9257,0.3536,8,25.714,0.0,0.729,1,70
task_obj_remove_509477,clothing,12,100,1000.0,0.989503,0.571923,0.888442,0,0.90588,0.93021,0.22335,0.01829,0.05403,2.54455,68.1745,0.90937,2.22769,2.18601,1,17.1809,16.0,1,28.163,0.968,0.3198,8,26.446,0.0,0.69,1,69
task_obj_remove_509477,clothing,13,101,0.997897,0.995958,1.0,1.0,0,0.91179,0.91722,0.22973,0.04021,0.11751,2.20296,49.0061,0.9171,2.22492,2.18601,0,8.6897,16.0,1,28.401,0.9852,0.3326,8,26.947,0.0,0.7175,1,103
task_obj_remove_509477,clothing,13,102,0.963385,1.0,0.653574,0.949933,0,0.92585,0.90365,0.21964,0.0209,0.06448,2.37984,55.7974,0.86114,2.20928,2.18601,0,11.8736,16.0,1,29.161,0.9525,0.3296,8,27.023,0.0276,0.7458,1,73
task_obj_remove_509477,clothing,13,103,0.964186,1.0,0.657733,0.950799,0,0.93002,0.90481,0.2195,0.02104,0.06382,2.37767,55.3004,0.86158,2.22122,2.18601,0,11.6932,16.0,1,28.404,0.9963,0.3208,8,26.095,0.0,0.7304,1,73
task_obj_remove_509477,clothing,13,104,0.948999,0.993774,0.67161,0.93514,0,0.90979,0.96269,0.21925,0.02148,0.06788,2.41748,55.3014,0.9233,2.19551,2.18601,0,11.7251,16.0,1,28.464,1.0097,0.3223,8,26.622,0.0,0.7409,1,92
task_obj_remove_509477,clothing,13,105,0.999342,1.0,0.646029,0.9987,0,0.92446,0.94633,0.21445,0.02066,0.08935,2.26363,65.5026,0.8887,2.20361,2.18601,0,13.2391,16.0,1,28.38,0.9943,0.329,8,27.658,0.02,0.726,1,50
task_obj_remove_509477,clothing,13,106,0.989246,1.0,0.745251,0.981776,0,0.91765,0.93083,0.21456,0.02384,0.08658,2.30265,60.4757,0.87691,2.21642,2.18601,0,12.5056,16.0,1,28.774,0.9779,0.3288,8,25.945,0.0,0.7232,1,85
task_obj_remove_509477,clothing,13,107,1000.0,1.0,0.439807,0.934436,0,0.92418,0.89225,0.20345,0.01407,0.05941,2.41931,71.4001,0.88278,2.22552,2.18601,1,17.2171,16.0,1,28.592,0.9769,0.3119,8,26.761,0.0116,0.7411,1,57
task_obj_remove_509477,clothing,13,108,0.942967,1.0,0.605357,0.929142,0,0.92737,0.92208,0.21888,0.01936,0.06719,2.43309,62.4165,0.86097,2.21517,2.18601,0,13.1733,16.0,1,28.073,0.993,0.3211,8,26.815,0.0,0.7198,1,91
task_obj_remove_509477,clothing,13,109,0.962237,1.0,0.69315,0.948701,0,0.92143,0.89192,0.21723,0.02217,0.09473,2.38293,66.7795,0.90701,2.20545,2.18601,0,13.7946,16.0,1,28.974,1.0161,0.3301,8,27.006,0.0708,0.7287,1,68
task_obj_remove_509477,clothing,14,110,1000.0,1.0,0.581395,0.921208,0,0.92217,0.94354,0.22294,0.01859,0.0649,2.45404,68.4023,0.91471,2.22291,2.18601,1,16.4602,16.0,1,28.438,0.9776,0.3241,8,26.449,0.0107,0.7209,1,83
task_obj_remove_509477,clothing,14,111,1000.0,0.988968,0.510932,0.886099,0,0.90539,0.94831,0.22465,0.01634,0.04737,2.55128,70.8032,0.91134,2.24547,2.18601,1,18.1249,16.0,1,28.617,1.0006,0.3317,8,27.213,0.019,0.7232,1,69
task_obj_remove_509477,clothing,14,112,0.987735,0.997138,0.609677,0.980935,0,0.91287,0.96589,0.21548,0.0195,0.0637,2.30462,52.3109,0.90949,2.21509,2.18601,0,10.7261,16.0,1,28.665,0.9765,0.3273,8,26.879,0.0113,0.7222,1,77
task_obj_remove_509477,clothing,14,113,0.998226,0.999814,0.822822,0.996732,0,0.91532,0.95134,0.21023,0.02632,0.08815,2.2681,54.5751,0.88287,2.2268,2.18601,0,11.0714,16.0,1,28.898,0.9764,0.3217,8,26.785,0.0008,0.7292,1,72
task_obj_remove_509477,clothing,14,114,1000.0,1.0,0.761856,0.978617,0,0.92265,0.96675,0.22888,0.02437,0.06499,2.31008,73.2978,0.86471,2.20762,2.18601,1,17.6324,16.0,1,28.136,0.9963,0.3278,8,26.625,0.0074,0.7416,1,88
task_obj_remove_509477,clothing,14,115,0.980276,1.0,1.0,0.969548,0,0.91755,0.96363,0.22554,0.03475,0.11608,2.33169,55.8007,0.93971,2.22191,2.18601,0,9.9201,16.0,1,28.862,0.9983,0.3421,8,26.995,0.0046,0.7315,1,87
task_obj_remove_509477,clothing,14,116,0.97411,1.0,0.740042,0.962002,0,0.9223,0.94672,0.21796,0.02367,0.09933,2.34998,65.739,0.90541,2.2149,2.18601,0,13.596,16.0,1,28.466,0.9934,0.3315,8,26.726,0.0,0.7128,1,68
task_obj_remove_509477,clothing,14,117,1.0,1.0,0.369652,1.0,0,0.9236,0.92522,0.20455,0.01182,0.03218,2.17,68.4463,0.90801,2.21193,2.18601,0,15.2304,16.0,1,28.836,0.9845,0.3376,8,26.87,0.0,0.7365,1,76
task_obj_remove_509477,clothing,14,118,0.974157,1.0,0.523283,0.962057,0,0.92232,0.91275,0.20489,0.01674,0.06294,2.34985,58.3986,0.86988,2.24055,2.18601,0,13.2903,16.0,1,28.776,0.9685,0.3311,8,26.976,0.0,0.7247,1,70
task_obj_remove_509477,clothing,15,119,0.983524,0.990115,1.0,0.978319,0,0.90644,0.90631,0.2244,0.03262,0.09347,2.31079,51.9131,0.90326,2.19859,2.18601,0,10.1682,16.0,1,28.271,0.9925,0.3223,8,26.826,0.0023,0.723,1,71
task_obj_remove_509477,clothing,15,120,0.906075,0.98805,0.699268,0.893663,0,0.90455,0.97662,0.21845,0.02236,0.07052,2.52968,65.836,0.92016,2.21878,2.18601,0,14.95,16.0,1,28.635,0.9821,0.3368,8,26.81,0.0,0.7227,1,78
task_obj_remove_509477,clothing,15,121,1000.0,0.989503,0.53185,0.887709,0,0.90588,0.95353,0.22451,0.01701,0.05006,2.54665,70.3055,0.91001,2.23854,2.18601,1,17.8971,16.0,1,28.58,1.0011,0.3235,8,26.953,0.0,0.7276,1,69
task_obj_remove_509477,clothing,15,122,0.994682,1.0,0.754918,0.990302,0,0.92401,0.93108,0.21677,0.02414,0.07922,2.28282,56.0425,0.8705,2.21783,2.18601,0,11.6097,16.0,1,28.256,0.9948,0.3439,8,26.988,0.0158,0.7308,1,74
task_obj_remove_509477,clothing,15,123,1000.0,0.99254,0.529961,0.877458,0,0.90866,0.92897,0.22377,0.01695,0.04979,2.5764,69.6412,0.9101,2.23222,2.18601,1,17.678,16.0,1,28.58,0.9917,0.3231,8,26.911,0.0064,0.7122,1,69
task_obj_remove_509477,clothing,15,124,1000.0,0.99231,0.3943,0.983893,0,0.90845,0.92992,0.22229,0.01261,0.03831,2.2977,68.7681,0.92859,2.19854,2.18601,1,18.5647,16.0,1,28.872,1.0091,0.3267,8,26.72,0.0,0.7303,1,79
task_obj_remove_509477,clothing,15,125,0.97111,1.0,0.528835,0.95851,0,0.92217,0.91277,0.20537,0.01691,0.06356,2.35854,58.6587,0.8695,2.24029,2.18601,0,13.2255,16.0,1,28.422,0.9777,0.3204,8,26.859,0.0,0.7394,1,70
task_obj_remove_509477,clothing,15,126,0.942206,1.0,0.687776,0.928402,0,0.92533,0.90061,0.2184,0.022,0.07874,2.43503,56.6948,0.88974,2.21431,2.18601,0,11.2026,16.0,1,28.303,0.9611,0.3276,8,26.756,0.0166,0.7203,1,82
task_obj_remove_509477,clothing,15,127,0.951261,0.98651,0.691283,0.937922,0,0.90314,0.95863,0.21528,0.02211,0.06896,2.41031,63.622,0.9018,2.2073,2.18601,0,14.0498,16.0,1,28.362,0.9798,0.3427,8,27.152,0.0137,0.7362,1,66
task_obj_remove_509477,clothing,16,128,1000.0,0.990442,0.398762,0.964205,0,0.90674,0.93049,0.22196,0.01275,0.03896,2.34461,68.1756,0.92807,2.19536,2.18601,1,18.353,16.0,1,28.969,0.9892,0.328,8,26.707,0.0,0.7212,1,79
task_obj_remove_509477,clothing,16,129,0.903665,0.990628,0.688407,0.891652,0,0.90691,0.96102,0.21867,0.02202,0.06979,2.53539,66.5139,0.92094,2.21516,2.18601,0,15.1584,16.0,1,28.535,0.9835,0.3419,8,27.132,0.0023,0.7323,1,78
task_obj_remove_509477,clothing,16,130,1.0,1.0,0.463215,1.0,0,0.92571,0.90857,0.20504,0.01482,0.0424,2.14236,67.146,0.90729,2.21622,2.18601,0,14.8683,16.0,1,28.845,0.9816,0.3294,8,26.892,0.001,0.7247,1,76
task_obj_remove_509477,clothing,16,131,1.0,1.0,0.451999,1.0,0,0.9211,0.92069,0.2052,0.01446,0.04103,2.14684,67.152,0.90786,2.21072,2.18601,0,14.879,16.0,1,28.647,0.9964,0.3279,8,26.324,0.0005,0.721,1,76
task_obj_remove_509477,clothing,16,132,0.928188,1.0,0.67966,0.915055,0,0.9246,0.93476,0.21827,0.02174,0.0782,2.47055,57.1626,0.8904,2.2227,2.18601,0,11.3386,16.0,1,28.399,0.9788,0.3352,8,26.734,0.0067,0.7256,1,82
task_obj_remove_509477,clothing,16,133,0.994711,1.0,0.764608,0.99035,0,0.92188,0.90891,0.2168,0.02445,0.08054,2.28271,55.4948,0.8713,2.21301,2.18601,0,11.4652,16.0,1,28.602,0.9622,0.3397,8,27.112,0.0,0.7207,1,74
task_obj_remove_509477,clothing,16,134,0.95655,1.0,0.684558,0.942729,0,0.91662,0.90982,0.21458,0.02189,0.08054,2.39802,75.0471,0.98307,2.19587,2.18601,0,14.7487,16.0,1,28.652,0.9872,0.3445,8,26.882,0.0,0.7171,1,84
task_obj_remove_509477,clothing,16,135,1000.0,1.0,0.645256,0.914608,0,0.92257,0.90196,0.21125,0.02064,0.08201,2.47176,75.367,0.92279,2.19923,2.18601,1,16.8344,16.0,1,28.3,0.9866,0.3377,8,26.8,0.0,0.7327,1,81
task_obj_remove_509477,clothing,16,136,0.937967,1.0,0.686848,0.924314,0,0.9273,0.93056,0.21846,0.02197,0.07848,2.4458,57.1361,0.89082,2.22025,2.18601,0,11.3502,16.0,1,28.63,0.9854,0.3391,8,26.834,0.0037,0.7221,1,82
task_obj_remove_509477,clothing,17,137,0.927173,0.992092,0.700147,0.913651,0,0.90825,0.96536,0.21899,0.02239,0.07045,2.47434,66.4659,0.92041,2.21329,2.18601,0,15.1256,16.0,1,28.529,0.9888,0.3379,8,27.081,0.0024,0.7367,1,78
task_obj_remove_509477,clothing,17,138,0.973036,1.0,0.643235,0.96074,0,0.92884,0.93863,0.21919,0.02057,0.06335,2.35307,55.6146,0.85989,2.22434,2.18601,0,11.9708,16.0,1,28.499,0.9947,0.3463,8,26.883,0.0,0.7288,1,73
task_obj_remove_509477,clothing,17,139,1000.0,1.0,0.667623,0.904565,0,0.92458,0.9077,0.21535,0.02135,0.08117,2.4992,79.604,0.93585,2.2139,2.18601,1,17.8225,16.0,1,28.864,0.9807,0.3436,8,26.916,0.0011,0.7317,1,86
task_obj_remove_509477,clothing,17,140,1000.0,0.988378,0.397496,0.968691,0,0.90485,0.92948,0.2229,0.01271,0.03877,2.33375,69.1142,0.92928,2.19545,2.18601,1,18.7337,16.0,1,28.743,0.9781,0.3406,8,27.115,0.0072,0.7338,1,79
task_obj_remove_509477,clothing,17,141,1000.0,1.0,0.673352,0.895104,0,0.92485,0.91024,0.21553,0.02154,0.08184,2.52561,79.6517,0.93604,2.21525,2.18601,1,17.8373,16.0,1,28.836,0.9819,0.3439,8,27.107,0.0007,0.7311,1,86
task_obj_remove_509477,clothing,17,142,0.997454,1.0,0.912316,0.995144,0,0.91962,0.96441,0.21496,0.02918,0.08571,2.27172,52.2391,0.8767,2.22798,2.18601,0,10.9642,16.0,1,28.744,0.9871,0.3482,8,27.194,0.0,0.7363,1,80
task_obj_remove_509477,clothing,17,143,1000.0,0.987843,0.507499,0.887909,0,0.90436,0.92933,0.22518,0.01623,0.0464,2.54608,71.278,0.91205,2.24467,2.18601,1,18.3188,16.0,1,28.52,0.9823,0.3427,8,27.096,0.0072,0.7213,1,69
task_obj_remove_509477,clothing,17,144,0.997058,1.0,0.745755,0.994427,0,0.92239,0.90948,0.21664,0.02385,0.07921,2.27336,56.242,0.87048,2.21593,2.18601,0,11.617,16.0,1,28.678,0.9848,0.3384,8,27.011,0.0163,0.7386,1,74
task_obj_remove_509477,clothing,17,145,0.919672,0.994145,0.683456,0.906713,0,0.91013,0.94426,0.21895,0.02186,0.06999,2.49328,66.9599,0.92195,2.21614,2.18601,0,15.315,16.0,1,28.708,0.9874,0.3463,8,27.135,0.0029,0.7353,1,78
task_obj_remove_509477,clothing,18,146,1000.0,0.990694,0.375038,1.0,0,0.90697,0.93278,0.22266,0.01199,0.03644,2.26022,69.6245,0.93041,2.20654,2.18601,1,18.9498,16.0,1,28.413,0.9898,0.3442,8,27.231,0.0003,0.7335,1,79
task_obj_remove_509477,clothing,18,147,1000.0,0.996024,0.404726,0.987253,0,0.91185,0.93747,0.22288,0.01294,0.03932,2.28988,68.8882,0.92853,2.18618,2.18601,1,18.6179,16.0,1,28.568,0.979,0.3364,8,27.197,0.0,0.7341,1,79
task_obj_remove_509477,clothing,18,148,0.937913,1.0,0.678359,0.924262,0,0.92491,0.90449,0.21838,0.0217,0.07754,2.44594,57.5238,0.89059,2.22153,2.18601,0,11.4702,16.0,1,28.599,0.9807,0.3423,8,27.137,0.007,0.7326,1,82
task_obj_remove_509477,clothing,18,149,0.91558,0.992299,0.684663,0.902777,0,0.90844,0.94008,0.21875,0.0219,0.06981,2.50415,66.7248,0.92111,2.20867,2.18601,0,15.2223,16.0,1,28.657,0.9878,0.342,8,27.173,0.0026,0.7369,1,78
task_obj_remove_509477,clothing,18,150,1.0,1.0,0.747674,1.0,0,0.92187,0.92231,0.21659,0.02391,0.07784,2.25119,56.0793,0.8707,2.21232,2.18601,0,11.598,16.0,1,28.425,0.9838,0.3418,8,27.262,0.0,0.7322,1,74
task_obj_remove_509477,clothing,18,151,0.956421,0.990453,0.80996,0.943196,0,0.90675,0.96183,0.21811,0.0259,0.07525,2.39684,69.2697,0.91656,2.19783,2.18601,0,15.5841,16.0,1,28.446,0.9905,0.3488,8,27.035,0.0,0.7305,1,75
task_obj_remove_509477,clothing,18,152,0.90823,0.988465,0.676748,0.895685,0,0.90493,0.94949,0.21856,0.02164,0.06938,2.52397,66.7798,0.92161,2.21109,2.18601,0,15.2593,16.0,1,28.549,0.9815,0.3462,8,27.036,0.0,0.733,1,78
task_obj_remove_509477,clothing,18,153,0.995692,1.0,0.733838,0.99202,0,0.92447,0.91741,0.21626,0.02347,0.07743,2.27887,56.2785,0.87049,2.2174,2.18601,0,11.6362,16.0,1,28.657,0.9889,0.3414,8,27.13,0.0047,0.7369,1,74
task_obj_remove_509477,clothing,18,154,1000.0,1.0,0.560242,0.902497,0,0.92319,0.94808,0.2245,0.01792,0.0608,2.50492,69.7585,0.91697,2.21746,2.18601,1,16.9457,16.0,1,28.537,0.9747,0.3397,8,27.154,0.0066,0.7307,1,83
task_obj_remove_509477,clothing,19,155,1000.0,1.0,0.646205,0.915686,0,0.92009,0.88894,0.21133,0.02067,0.08155,2.46885,75.5866,0.92378,2.1918,2.18601,1,16.9093,16.0,1,28.608,0.9858,0.3411,8,27.132,0.0018,0.7293,1,81
task_obj_remove_509477,clothing,19,156,1000.0,0.98899,0.386653,0.989049,0,0.90541,0.94641,0.22266,0.01237,0.03747,2.28572,69.2096,0.92953,2.19677,2.18601,1,18.7715,16.0,1,28.473,0.9803,0.3417,8,27.268,0.0,0.7317,1,79
task_obj_remove_509477,clothing,19,157,1.0,1.0,0.343227,1.0,0,0.92266,0.92955,0.20493,0.01098,0.02903,2.23206,69.201,0.90931,2.21464,2.18601,0,15.4658,16.0,1,28.611,0.9819,0.3463,8,27.212,0.0,0.7338,1,76
task_obj_remove_509477,clothing,19,158,0.982962,1.0,0.935944,0.973027,0,0.91581,0.95881,0.21579,0.02993,0.08789,2.32335,52.0501,0.87686,2.23146,2.18601,0,10.8738,16.0,1,28.48,0.989,0.3407,8,27.123,0.0,0.7326,1,80
task_obj_remove_509477,clothing,19,159,0.974712,0.989973,0.828606,0.96538,0,0.90631,0.95245,0.21795,0.0265,0.07821,2.34176,68.5731,0.91453,2.20587,2.18601,0,15.3196,16.0,1,28.627,0.9774,0.3417,8,27.249,0.0031,0.7323,1,75
task_obj_remove_509477,clothing,19,160,0.908435,0.991043,0.689255,0.896072,0,0.90729,0.96295,0.21872,0.02204,0.07062,2.52289,66.5139,0.92105,2.21153,2.18601,0,15.1663,16.0,1,28.472,0.9837,0.3423,8,27.023,0.0,0.7318,1,78
task_obj_remove_509477,clothing,19,161,1.0,1.0,0.344297,1.0,0,0.92245,0.92887,0.20455,0.01101,0.02952,2.18741,68.806,0.90896,2.21006,2.18601,0,15.3527,16.0,1,28.625,0.9858,0.342,8,27.179,0.0082,0.7331,1,76
task_obj_remove_509477,clothing,19,162,1000.0,0.990169,0.377983,0.987163,0,0.90649,0.9322,0.22266,0.01209,0.03672,2.29008,69.5066,0.9302,2.20501,2.18601,1,18.9039,16.0,1,28.538,0.985,0.3442,8,27.072,0.0028,0.7334,1,79
task_obj_remove_509477,clothing,19,163,0.985744,0.994156,0.597502,0.979472,0,0.91014,0.90422,0.21564,0.01911,0.06242,2.30807,52.7141,0.91077,2.22654,2.18601,0,10.9111,16.0,1,28.431,0.9816,0.3417,8,27.041,0.0015,0.7288,1,77
task_obj_remove_509477,clothing,20,164,0.995249,0.999006,0.922997,0.991985,0,0.91458,0.96045,0.21534,0.02952,0.08674,2.27895,52.0091,0.87701,2.23002,2.18601,0,10.8612,16.0,1,28.497,0.9824,0.3426,8,27.2,0.0002,0.7304,1,80
task_obj_remove_509477,clothing,20,165,1000.0,0.989263,0.395189,0.97878,0,0.90566,0.94905,0.22287,0.01264,0.03858,2.3097,69.1707,0.92921,2.19359,2.18601,1,18.7388,16.0,1,28.477,0.9792,0.3404,8,27.095,0.0002,0.7337,1,79
task_obj_remove_509477,clothing,20,166,0.902926,0.990322,0.700939,0.890949,0,0.90663,0.94557,0.21914,0.02242,0.07115,2.53739,66.6025,0.92088,2.21576,2.18601,0,15.1786,16.0,1,28.53,0.9858,0.3412,8,27.143,0.0021,0.7353,1,78
task_obj_remove_509477,clothing,20,167,0.906351,0.991283,0.683554,0.894173,0,0.90751,0.95903,0.21831,0.02186,0.06925,2.52824,66.3212,0.92023,2.2158,2.18601,0,15.0868,16.0,1,28.614,0.9747,0.3412,8,27.101,0.0009,0.7325,1,78
task_obj_remove_509477,clothing,20,168,1000.0,0.989765,0.3772,0.99115,0,0.90612,0.97281,0.22247,0.01206,0.03677,2.28087,69.3491,0.92984,2.20206,2.18601,1,18.8319,16.0,1,28.573,0.9855,0.3418,8,27.162,0.0029,0.7329,1,79
task_obj_remove_509477,clothing,20,169,0.964738,0.995456,0.56627,0.951886,0,0.91133,0.96214,0.21475,0.01811,0.05938,2.37495,52.9618,0.91069,2.22214,2.18601,0,10.9715,16.0,1,28.573,0.9798,0.3432,8,27.131,0.004,0.7346,1,77
task_obj_remove_509477,clothing,20,170,1.0,1.0,0.357127,1.0,0,0.92517,0.92783,0.20491,0.01142,0.03052,2.18453,68.7659,0.90893,2.20662,2.18601,0,15.3468,16.0,1,28.51,0.983,0.3428,8,27.147,0.0,0.7319,1,76
task_obj_remove_509477,clothing,20,171,0.960516,0.987559,0.822948,0.948207,0,0.9041,0.95793,0.21788,0.02632,0.07781,2.38417,68.7277,0.91468,2.20162,2.18601,0,15.3614,16.0,1,28.539,0.98,0.3421,8,27.249,0.0,0.7344,1,75
task_obj_remove_509477,clothing,20,172,0.913746,0.9955,0.673494,0.901317,0,0.91137,0.94506,0.21832,0.02154,0.069,2.5082,66.5903,0.92144,2.21049,2.18601,0,15.201,16.0,1,28.487,0.9852,0.3437,8,27.217,0.0051,0.7304,1,78
task_obj_remove_509477,clothing,21,173,0.97781,0.995511,0.580526,0.967668,0,0.91138,0.89938,0.21513,0.01857,0.06062,2.33622,52.8376,0.91055,2.22923,2.18601,0,10.937,16.0,1,28.54,0.9829,0.3399,8,27.157,0.0028,0.7331,1,77
task_obj_remove_509477,clothing,21,174,0.979103,0.99586,0.583299,0.96926,0,0.9117,0.90046,0.21522,0.01866,0.06093,2.33238,52.8959,0.91028,2.22546,2.18601,0,10.9433,16.0,1,28.491,0.9826,0.3376,8,27.157,0.0,0.7362,1,77
task_obj_remove_509477,clothing,21,175,0.978172,1.0,0.925001,0.96691,0,0.92129,0.93166,0.21549,0.02958,0.08677,2.33805,52.0966,0.87681,2.23445,2.18601,0,10.8842,16.0,1,28.464,0.9849,0.3402,8,27.219,0.0027,0.7347,1,80
task_obj_remove_509477,clothing,21,176,0.968642,0.986499,0.833031,0.958451,0,0.90313,0.9471,0.21829,0.02664,0.07841,2.35869,68.776,0.91496,2.20737,2.18601,0,15.3884,16.0,1,28.562,0.9842,0.3423,8,27.254,0.0021,0.7335,1,75
task_obj_remove_509477,clothing,21,177,0.911487,0.98852,0.689223,0.898706,0,0.90498,0.98585,0.21874,0.02204,0.07041,2.51549,66.5716,0.92076,2.2163,2.18601,0,15.1678,16.0,1,28.479,0.9849,0.3409,8,27.19,0.0028,0.7356,1,78
task_obj_remove_509477,clothing,21,178,0.91073,0.992572,0.696572,0.898308,0,0.90869,0.95175,0.21913,0.02228,0.07047,2.51661,66.7284,0.92131,2.20878,2.18601,0,15.2226,16.0,1,28.447,0.9903,0.3419,8,27.156,0.0026,0.735,1,78
task_obj_remove_509477,clothing,21,179,0.987493,0.993479,0.588265,0.982671,0,0.90952,0.9543,0.21552,0.01881,0.0613,2.30055,53.0256,0.91076,2.22421,2.18601,0,10.9933,16.0,1,28.468,0.9851,0.3425,8,27.127,0.0,0.7368,1,77
task_obj_remove_509477,clothing,21,180,0.90142,0.989361,0.695296,0.889488,0,0.90575,0.94265,0.2188,0.02224,0.07012,2.54156,66.4299,0.92043,2.21352,2.18601,0,15.1194,16.0,1,28.647,0.9839,0.3394,8,27.188,0.0028,0.7349,1,78
task_obj_remove_509477,clothing,21,181,0.987169,1.0,0.930941,0.978776,0,0.91913,0.95868,0.21569,0.02977,0.08777,2.30971,52.1894,0.87672,2.23397,2.18601,0,10.8911,16.0,1,28.613,0.9892,0.3392,8,27.106,0.0011,0.7359,1,80
task_obj_remove_509477,clothing,22,182,1000.0,0.992813,0.380706,0.98571,0,0.90891,0.9303,0.22241,0.01218,0.0371,2.29346,69.2292,0.92926,2.1968,2.18601,1,18.7568,16.0,1,28.673,0.9848,0.3389,8,27.221,0.0033,0.7353,1,79
task_obj_remove_509477,clothing,22,183,0.972739,0.996778,0.576703,0.960989,0,0.91254,0.90277,0.21499,0.01844,0.05997,2.35246,52.9241,0.91042,2.22562,2.18601,0,10.9394,16.0,1,28.712,0.9847,0.3382,8,27.218,0.0041,0.7346,1,77
task_obj_remove_509477,clothing,22,184,0.904814,0.991753,0.701093,0.892799,0,0.90794,0.94204,0.21894,0.02242,0.07122,2.53214,66.3872,0.92059,2.20871,2.18601,0,15.1088,16.0,1,28.655,0.9817,0.3405,8,27.166,0.0003,0.7317,1,78
task_obj_remove_509477,clothing,22,185,1.0,1.0,0.361739,1.0,0,0.92399,0.93124,0.2046,0.01157,0.0313,2.19631,68.5378,0.90835,2.21523,2.18601,0,15.2693,16.0,1,28.658,0.9841,0.3393,8,27.2,0.0031,0.7349,1,76
task_obj_remove_509477,clothing,22,186,0.985572,0.998001,0.583381,0.977349,0,0.91366,0.90508,0.21523,0.01866,0.06088,2.31308,52.9046,0.91058,2.2242,2.18601,0,10.9412,16.0,1,28.636,0.9862,0.3391,8,27.132,0.0014,0.7337,1,77
task_obj_remove_509477,clothing,22,187,0.976614,0.997411,0.576203,0.965605,0,0.91312,0.95227,0.21504,0.01843,0.05959,2.34121,52.9677,0.91061,2.2233,2.18601,0,10.9674,16.0,1,28.642,0.9842,0.3408,8,27.172,0.0055,0.7354,1,77
task_obj_remove_509477,clothing,22,188,0.969597,0.993031,0.576137,0.957973,0,0.90911,0.90447,0.21503,0.01843,0.06011,2.35987,52.9847,0.91044,2.22503,2.18601,0,10.9679,16.0,1,28.53,0.9839,0.3394,8,27.235,0.0056,0.7368,1,77
task_obj_remove_509477,clothing,22,189,1000.0,0.992933,0.389545,0.984067,0,0.90902,0.94412,0.22269,0.01246,0.03807,2.29729,69.241,0.92934,2.20146,2.18601,1,18.7639,16.0,1,28.637,0.9863,0.3387,8,27.222,0.0053,0.7351,1,79
task_obj_remove_509477,clothing,22,190,0.960506,0.992354,0.79047,0.947516,0,0.90849,0.9515,0.21668,0.02528,0.07509,2.38591,68.5502,0.91437,2.20218,2.18601,0,15.3004,16.0,1,28.608,0.9837,0.3391,8,27.243,0.0005,0.734,1,75
task_obj_remove_509477,clothing,23,191,0.97136,0.998263,0.582447,0.959074,0,0.9139,0.96559,0.21519,0.01863,0.06067,2.35716,52.8906,0.91053,2.22629,2.18601,0,10.9442,16.0,1,28.62,0.986,0.3389,8,27.169,0.0036,0.7342,1,77
task_obj_remove_509477,clothing,23,192,0.910381,0.991775,0.696854,0.897924,0,0.90796,0.9423,0.21889,0.02229,0.07063,2.51768,66.4588,0.92043,2.21491,2.18601,0,15.13,16.0,1,28.645,0.9838,0.3396,8,27.2,0.0041,0.7358,1,78
task_obj_remove_509477,clothing,23,193,1000.0,0.995347,0.396653,0.985236,0,0.91123,0.94115,0.22292,0.01269,0.03883,2.29456,69.2317,0.92927,2.19273,2.18601,1,18.7548,16.0,1,28.635,0.9839,0.3392,8,27.175,0.003,0.7349,1,79
task_obj_remove_509477,clothing,23,194,0.976822,0.994626,0.585519,0.966648,0,0.91057,0.90778,0.21537,0.01873,0.0611,2.33869,52.9977,0.91067,2.22245,2.18601,0,10.9717,16.0,1,28.652,0.9849,0.3412,8,27.19,0.0023,0.7355,1,77
task_obj_remove_509477,clothing,23,195,1.0,1.0,0.380223,1.0,0,0.9238,0.93439,0.20498,0.01216,0.03317,2.15795,68.4234,0.90825,2.21292,2.18601,0,15.2332,16.0,1,28.652,0.9828,0.3387,8,27.218,0.0019,0.7338,1,76
task_obj_remove_509477,clothing,23,196,1.0,1.0,0.359242,1.0,0,0.92368,0.9355,0.20464,0.01149,0.031,2.20571,68.6094,0.90845,2.21344,2.18601,0,15.2902,16.0,1,28.65,0.9841,0.34,8,27.194,0.0028,0.7348,1,76
task_obj_remove_509477,clothing,23,197,1.0,1.0,0.369341,1.0,0,0.92328,0.93328,0.20487,0.01181,0.032,2.19058,68.5858,0.90833,2.21443,2.18601,0,15.279,16.0,1,28.638,0.9821,0.3399,8,27.147,0.0037,0.7353,1,76
task_obj_remove_509477,clothing,23,198,1000.0,0.991404,0.391568,0.993085,0,0.90762,0.94294,0.22289,0.01252,0.03832,2.27643,69.3497,0.92943,2.19894,2.18601,1,18.8086,16.0,1,28.683,0.9839,0.3406,8,27.172,0.0029,0.7367,1,79
task_obj_remove_509477,clothing,23,199,0.972636,0.997946,0.581259,0.960635,0,0.91361,0.90622,0.21517,0.01859,0.06074,2.35333,52.9702,0.91039,2.22619,2.18601,0,10.9538,16.0,1,28.668,0.9837,0.3386,8,27.175,0.0028,0.7361,1,77
task_obj_remove_509477,clothing,24,200,0.912069,0.987493,0.699427,0.899175,0,0.90404,0.96266,0.219,0.02237,0.07117,2.51418,66.4983,0.92055,2.21274,2.18601,0,15.1421,16.0,1,28.618,0.984,0.3401,8,27.186,0.0031,0.7355,1,78
task_obj_remove_509477,clothing,24,201,0.983969,0.99609,0.582797,0.975878,0,0.91191,0.9638,0.21521,0.01864,0.0605,2.31657,52.8953,0.91044,2.22551,2.18601,0,10.9464,16.0,1,28.627,0.9833,0.339,8,27.163,0.0036,0.735,1,77
task_obj_remove_509477,clothing,24,202,0.906911,0.98899,0.703792,0.894507,0,0.90541,0.98594,0.21909,0.02251,0.07118,2.5273,66.4598,0.92041,2.21349,2.18601,0,15.1252,16.0,1,28.646,0.9836,0.3395,8,27.201,0.0026,0.7356,1,78
task_obj_remove_509477,clothing,24,203,0.928349,0.990355,0.68829,0.914695,0,0.90666,0.96495,0.21856,0.02201,0.06967,2.47152,66.411,0.92038,2.21609,2.18601,0,15.1106,16.0,1,28.653,0.9831,0.3394,8,27.178,0.0034,0.7345,1,78
task_obj_remove_509477,clothing,24,204,0.927396,0.989863,0.685282,0.913761,0,0.90621,0.94399,0.21852,0.02192,0.07019,2.47405,66.4715,0.92061,2.21094,2.18601,0,15.1345,16.0,1,28.692,0.9837,0.3404,8,27.196,0.0037,0.7341,1,78
task_obj_remove_509477,clothing,24,205,0.972638,0.997018,0.577059,0.960818,0,0.91276,0.90036,0.21508,0.01846,0.06031,2.35288,52.968,0.91059,2.22776,2.18601,0,10.9641,16.0,1,28.643,0.9837,0.3407,8,27.158,0.0014,0.7354,1,77
task_obj_remove_509477,clothing,24,206,0.971138,0.996636,0.579664,0.959102,0,0.91241,0.89941,0.21514,0.01854,0.06018,2.35709,52.9036,0.91053,2.2284,2.18601,0,10.9499,16.0,1,28.612,0.9828,0.34,8,27.168,0.0005,0.7346,1,77
task_obj_remove_509477,clothing,24,207,0.919582,0.992583,0.703954,0.906525,0,0.9087,0.9395,0.219,0.02251,0.07108,2.4938,66.3286,0.92021,2.21567,2.18601,0,15.0867,16.0,1,28.686,0.9835,0.3383,8,27.189,0.0026,0.7346,1,78
task_obj_remove_509477,clothing,24,208,1000.0,0.991447,0.399035,0.979093,0,0.90766,0.93038,0.22298,0.01276,0.03864,2.30896,69.1933,0.92933,2.19945,2.18601,1,18.7517,16.0,1,28.655,0.9838,0.3394,8,27.19,0.004,0.734,1,79
task_obj_remove_509477,clothing,25,209,0.920569,0.990737,0.70131,0.907334,0,0.90701,0.9823,0.21901,0.02243,0.07066,2.49157,66.4294,0.92053,2.21261,2.18601,0,15.1265,16.0,1,28.642,0.9837,0.34,8,27.177,0.0029,0.7343,1,78
task_obj_remove_509477,clothing,25,210,0.933914,0.987515,0.716667,0.920018,0,0.90406,0.94324,0.21951,0.02292,0.0723,2.45722,66.4495,0.92055,2.21241,2.18601,0,15.1284,16.0,1,28.683,0.9847,0.3397,8,27.193,0.0038,0.7344,1,78
task_obj_remove_509477,clothing,25,211,0.919963,0.993992,0.707156,0.906974,0,0.90999,0.94308,0.21919,0.02262,0.07181,2.49256,66.4484,0.92039,2.21513,2.18601,0,15.1199,16.0,1,28.636,0.9836,0.3394,8,27.212,0.0027,0.7354,1,78
task_obj_remove_509477,clothing,25,212,0.979234,0.997389,0.58735,0.968954,0,0.9131,0.90066,0.21538,0.01879,0.06115,2.33312,52.9232,0.91053,2.22839,2.18601,0,10.9558,16.0,1,28.623,0.9838,0.3399,8,27.203,0.0023,0.7351,1,77
task_obj_remove_509477,clothing,25,213,0.97203,0.996581,0.567805,0.960176,0,0.91236,0.90098,0.21473,0.01816,0.05944,2.35445,52.9578,0.91043,2.229,2.18601,0,10.947,16.0,1,28.637,0.984,0.3386,8,27.171,0.0026,0.7353,1,77
task_obj_remove_509477,clothing,25,214,0.979058,0.994648,0.592533,0.969609,0,0.91059,0.9042,0.21554,0.01895,0.06191,2.33155,52.9263,0.91052,2.22704,2.18601,0,10.9519,16.0,1,28.632,0.9851,0.3392,8,27.205,0.002,0.7351,1,77
task_obj_remove_509477,clothing,25,215,0.984064,0.994386,0.584969,0.976802,0,0.91035,0.90582,0.21529,0.01871,0.06079,2.31438,52.8924,0.91052,2.22622,2.18601,0,10.9493,16.0,1,28.639,0.9841,0.3396,8,27.186,0.0035,0.7346,1,77
task_obj_remove_509477,clothing,25,216,0.913139,0.991087,0.695718,0.900424,0,0.90733,0.97563,0.21882,0.02225,0.07033,2.51069,66.4336,0.92042,2.21455,2.18601,0,15.1206,16.0,1,28.615,0.9841,0.3393,8,27.169,0.0024,0.7352,1,78
task_obj_remove_509477,clothing,25,217,0.929566,0.989798,0.692342,0.915843,0,0.90615,0.94387,0.2187,0.02214,0.06939,2.46842,66.3999,0.92046,2.21497,2.18601,0,15.1162,16.0,1,28.617,0.9846,0.3393,8,27.179,0.0039,0.7344,1,78
task_obj_remove_509477,clothing,26,218,0.914567,0.988804,0.690977,0.901592,0,0.90524,0.95971,0.21862,0.0221,0.0695,2.50744,66.3821,0.92025,2.21064,2.18601,0,15.1021,16.0,1,28.659,0.9836,0.3387,8,27.198,0.0032,0.7354,1,78
task_obj_remove_509477,clothing,26,219,0.917922,0.99207,0.709849,0.904941,0,0.90823,0.94646,0.21929,0.0227,0.07138,2.49816,66.4219,0.92048,2.21684,2.18601,0,15.125,16.0,1,28.636,0.9842,0.3396,8,27.184,0.0036,0.7348,1,78
task_obj_remove_509477,clothing,26,220,0.931007,0.988891,0.701068,0.917206,0,0.90532,0.96188,0.219,0.02242,0.07017,2.46475,66.4215,0.92051,2.21033,2.18601,0,15.125,16.0,1,28.658,0.9844,0.3396,8,27.184,0.0022,0.7346,1,78
task_obj_remove_509477,clothing,26,221,0.900041,0.98959,0.701695,0.888244,0,0.90596,0.97697,0.21903,0.02244,0.07133,2.54512,66.4343,0.92049,2.21448,2.18601,0,15.1292,16.0,1,28.64,0.984,0.3398,8,27.184,0.0023,0.7351,1,78
task_obj_remove_509477,clothing,26,222,0.91759,0.988159,0.68295,0.90438,0,0.90465,0.94387,0.21838,0.02184,0.06869,2.49971,66.4132,0.92035,2.21335,2.18601,0,15.108,16.0,1,28.649,0.9834,0.3392,8,27.186,0.0026,0.7347,1,78
task_obj_remove_509477,clothing,26,223,0.964637,0.995314,0.578101,0.951791,0,0.9112,0.90017,0.21508,0.01849,0.06031,2.37519,52.983,0.91054,2.22615,2.18601,0,10.9542,16.0,1,28.676,0.9843,0.3397,8,27.19,0.0033,0.735,1,77
task_obj_remove_509477,clothing,26,224,0.922897,0.991382,0.707389,0.909564,0,0.9076,0.96659,0.21916,0.02262,0.0718,2.48546,66.38,0.9204,2.21603,2.18601,0,15.1095,16.0,1,28.633,0.9838,0.3393,8,27.202,0.0024,0.7343,1,78
task_obj_remove_509477,clothing,26,225,0.930296,0.993566,0.706152,0.916697,0,0.9096,0.93931,0.21909,0.02258,0.07144,2.46612,66.3256,0.92031,2.2107,2.18601,0,15.0958,16.0,1,28.657,0.984,0.3387,8,27.2,0.003,0.7342,1,78
task_obj_remove_509477,clothing,26,226,0.971787,0.99515,0.588218,0.960179,0,0.91105,0.90317,0.21539,0.01881,0.06156,2.35444,52.8856,0.91051,2.22585,2.18601,0,10.9478,16.0,1,28.654,0.9836,0.3395,8,27.168,0.0029,0.7346,1,77
task_obj_remove_509477,clothing,27,227,0.931546,0.992245,0.698708,0.91784,0,0.90839,0.94215,0.21893,0.02235,0.07059,2.46305,66.4572,0.9205,2.21247,2.18601,0,15.1248,16.0,1,28.638,0.9847,0.3395,8,27.18,0.002,0.7348,1,78
task_obj_remove_509477,clothing,27,228,0.983788,0.995674,0.584653,0.975801,0,0.91153,0.90412,0.2153,0.0187,0.06101,2.31675,52.9278,0.91053,2.22758,2.18601,0,10.9574,16.0,1,28.627,0.9833,0.3401,8,27.184,0.0027,0.7352,1,77
task_obj_remove_509477,clothing,27,229,0.980335,0.999345,0.585812,0.969805,0,0.91489,0.96543,0.21533,0.01874,0.06085,2.33107,52.967,0.91052,2.22622,2.18601,0,10.9544,16.0,1,28.64,0.9839,0.3397,8,27.178,0.0021,0.7351,1,77
task_obj_remove_509477,clothing,27,230,0.915704,0.987755,0.701258,0.902586,0,0.90428,0.9587,0.21901,0.02243,0.0705,2.50468,66.4608,0.92043,2.21606,2.18601,0,15.1243,16.0,1,28.627,0.9835,0.3396,8,27.169,0.0022,0.7354,1,78
task_obj_remove_509477,clothing,27,231,0.987568,0.995096,0.593198,0.981798,0,0.911,0.96516,0.21557,0.01897,0.06162,2.3026,52.9595,0.91054,2.22746,2.18601,0,10.9544,16.0,1,28.639,0.9844,0.3397,8,27.192,0.0013,0.7351,1,77
task_obj_remove_509477,clothing,27,232,0.903869,0.989689,0.701372,0.891763,0,0.90605,0.96146,0.21903,0.02243,0.07156,2.53508,66.4613,0.92051,2.21308,2.18601,0,15.1301,16.0,1,28.642,0.9841,0.3398,8,27.181,0.0031,0.7349,1,78
task_obj_remove_509477,clothing,27,233,0.914801,0.989416,0.704145,0.901852,0,0.9058,0.9517,0.21913,0.02252,0.07128,2.50672,66.475,0.92052,2.21538,2.18601,0,15.1351,16.0,1,28.642,0.9839,0.34,8,27.187,0.0026,0.7353,1,78
task_obj_remove_509477,clothing,27,234,0.909728,0.991196,0.704053,0.897277,0,0.90743,0.98962,0.2191,0.02252,0.07149,2.5195,66.4474,0.92049,2.21329,2.18601,0,15.1275,16.0,1,28.634,0.9836,0.3398,8,27.176,0.0022,0.7349,1,78
task_obj_remove_509477,clothing,27,235,0.98545,0.996887,0.590278,0.977663,0,0.91264,0.96754,0.21547,0.01888,0.06152,2.31234,52.9219,0.91051,2.22837,2.18601,0,10.9527,16.0,1,28.644,0.9834,0.3398,8,27.178,0.0024,0.735,1,77
task_obj_remove_509477,clothing,28,236,0.920199,0.990366,0.704433,0.906964,0,0.90667,0.95153,0.21911,0.02253,0.0714,2.49259,66.4622,0.92048,2.21479,2.18601,0,15.1254,16.0,1,28.634,0.9842,0.3396,8,27.172,0.0023,0.735,1,78
task_obj_remove_509477,clothing,28,237,0.925774,0.990584,0.6857,0.912247,0,0.90687,0.9641,0.21852,0.02193,0.06957,2.47815,66.4528,0.92051,2.21576,2.18601,0,15.1302,16.0,1,28.638,0.9839,0.3398,8,27.185,0.0021,0.735,1,78
task_obj_remove_509477,clothing,28,238,0.97742,0.995478,0.583763,0.967169,0,0.91135,0.9062,0.21526,0.01867,0.06098,2.33743,52.9581,0.91051,2.22734,2.18601,0,10.9539,16.0,1,28.652,0.9841,0.3396,8,27.193,0.0027,0.7351,1,77
task_obj_remove_509477,clothing,28,239,0.93138,0.990475,0.687269,0.917617,0,0.90677,0.96702,0.21858,0.02198,0.06943,2.46365,66.4602,0.92048,2.21346,2.18601,0,15.13,16.0,1,28.637,0.9842,0.3396,8,27.184,0.0022,0.7354,1,78
task_obj_remove_509477,clothing,28,240,0.976812,0.995849,0.589847,0.966275,0,0.91169,0.96563,0.21547,0.01887,0.06147,2.33959,52.9353,0.91055,2.22551,2.18601,0,10.956,16.0,1,28.645,0.9842,0.3399,8,27.18,0.0022,0.7351,1,77
