run,site,purify,strength,n,net_lpips,dclip,dclip_sd,dclip_fail,dsiglip,dsiglip_sd,dsiglip_fail,undo_frac_clip,undo_frac_siglip
e10_eot_all,P,blur,0.0,6,0.08804453536868095,0.006225094199180603,0.011178410575819222,False,0.0014464108583827813,0.005010083411826683,False,-0.614177688475315,-0.05233883123295127
e10_eot_all,P,blur,0.5,6,0.0381368932624658,0.003052622079849243,0.012429301034152813,False,0.004814742133021355,0.011938139685759906,False,-0.30117654653921533,-0.17422295640959246
e10_eot_all,P,blur,1.0,6,0.0066446661949157715,0.0026585335532824197,0.016505175736604538,False,0.009634442006548246,0.02627326630739841,False,-0.2622951461046141,-0.34862531021662024
e10_eot_all,P,blur,1.5,6,0.004576568802197774,0.005940747757752736,0.022809226304046727,False,0.008619198109954596,0.021813583389282645,False,-0.5861236165955133,-0.3118883909269583
e10_eot_all,P,blur,2.0,6,0.004902079701423645,-0.00012673437595367432,0.023230932447353407,False,0.0010050369116167228,0.026287334052513562,False,0.012503814975817524,-0.036367576332224545
e10_eot_all,P,blur,3.0,6,0.0037351598342259726,-0.009730967382589975,0.026873586850626997,False,-0.0052206930704414845,0.02477034337129885,False,0.960072709334178,0.18891241859065394
e10_eot_all,P,jpeg,30.0,6,0.004856608808040619,0.000888042151927948,0.011696715036950458,False,0.002559706879158815,0.010992489435521125,False,-0.08761565025177347,-0.09262379743464492
e10_eot_all,P,jpeg,45.0,6,0.020711722473303478,0.005217323700586955,0.013097781703690154,False,0.005997350439429283,0.016987442033863813,False,-0.5147494492333555,-0.21701600943809132
e10_eot_all,P,jpeg,60.0,6,0.017503506193558376,0.0039049784342447915,0.011714224239169457,False,0.005945395678281784,0.019862247549590373,False,-0.3852713792838847,-0.21513601008680905
e10_eot_all,P,jpeg,75.0,6,0.019406312455733616,0.005086824297904968,0.011117997885306584,False,0.013741271725545326,0.02230795069510639,False,-0.5018741707360146,-0.49723223356714513
e10_eot_all,P,jpeg,85.0,6,0.021263080338637035,0.008893887201944986,0.010871743835615528,False,0.013006997449944416,0.012800404279579871,False,-0.8774850481732095,-0.47066228826658024
e10_eot_all,P,jpeg,95.0,6,0.05446052365005016,0.006130407253901164,0.007850611792898895,False,0.00043680906916658085,0.008044132880631728,False,-0.6048357239491927,-0.015806073370946683
e10_eot_all,P,noise,0.0,6,0.08804453536868095,0.006225094199180603,0.011178410575819222,False,0.0014464108583827813,0.005010083411826683,False,-0.614177688475315,-0.05233883123295127
e10_eot_all,P,noise,0.01,6,0.0518334349617362,0.006511121988296509,0.014803816225608113,False,0.0010478634697695572,0.005023609708969812,False,-0.6423976447905198,-0.03791726879094652
e10_eot_all,P,noise,0.02,6,0.030495939155419666,0.006570850809415181,0.011454127096388163,False,0.00759590199838082,0.011900040312538105,False,-0.6482905852210197,-0.2748600997090135
e10_eot_all,P,noise,0.04,6,0.014663112660249075,0.018127719561258953,0.014538358496143083,False,0.0211182520724833,0.030301942369511305,False,-1.7885096259151023,-0.7641705845546942
e10_eot_all,P,noise,0.08,6,0.0044394781192143755,0.04134725530942281,0.023972016729610912,False,0.01802017353475094,0.024032724835254593,False,-4.0793859302695585,-0.6520656395502707
e10_eot_all,P,quantize,8.0,6,0.010347805917263031,0.03548151503006617,0.019631761212001126,False,0.0231294307547311,0.024340162126760996,False,-3.5006626707169533,-0.8369457168896175
e10_eot_all,P,quantize,16.0,6,0.006912499666213989,0.017916219929854076,0.023506547199020823,False,0.011039828726400932,0.024719086347399517,False,-1.7676427361021374,-0.39947967011104424
e10_eot_all,P,quantize,32.0,6,0.048847623790303864,0.007809961835543315,0.013831639964549097,False,0.0023307811158398786,0.004251625318935245,False,-0.7705432486251858,-0.08434004678261996
e10_eot_all,P,quantize,64.0,6,0.07345033468057711,0.006266084810098012,0.013126721967139892,False,-3.297363097469012e-05,0.0038928968628833063,False,-0.6182218873029823,0.0011931611939442457
e10_eot_all,P,quantize,256.0,6,0.08810392393762999,0.006356152395407359,0.011438483850980443,False,0.0011881060587863128,0.0044061672709867,False,-0.6271080984319849,-0.04299199092517265
e15_P_tau0.02,P,blur,0.0,6,0.054848878954847656,0.0030120685696601868,0.0065730237362437455,False,-0.002514217204103867,0.011837792182419373,False,-0.2971754727641786,0.09097773925432627
e15_P_tau0.02,P,blur,0.5,6,0.018160189191500347,0.0034969374537467957,0.014590164425856925,False,0.0010800633269051711,0.017107858261890468,False,-0.3450134075670154,-0.0390824307354789
e15_P_tau0.02,P,blur,1.0,6,0.002769028147061666,0.004164251188437144,0.016683896207662054,False,0.007444193586707115,0.02450476701777196,False,-0.410851641326417,-0.26937048318049334
e15_P_tau0.02,P,blur,1.5,6,0.0016519427299499512,0.00585279365380605,0.02121086030472024,False,0.0067327250726521015,0.022613378267641086,False,-0.5774459248971284,-0.24362577152483086
e15_P_tau0.02,P,blur,2.0,6,0.00130842129389445,-0.00036579370498657227,0.022254192756461712,False,0.0026326912144819894,0.02615667694665753,False,0.036089788362888724,-0.09526475853293187
e15_P_tau0.02,P,blur,3.0,6,0.0009945780038833618,-0.010372998813788096,0.026214406588038003,False,-0.003990208885322015,0.02412830019260446,False,1.0234165508448274,0.14438696185300826
e15_P_tau0.02,P,jpeg,30.0,6,0.00149166335662206,0.0044097453355789185,0.01147538398755183,False,0.0019169856483737628,0.014963771786873121,False,-0.43507248409625016,-0.06936672781785198
e15_P_tau0.02,P,jpeg,45.0,6,0.012500224014123281,0.0011048739155133565,0.010612994643755575,False,0.0023469552397727966,0.01826772593152802,False,-0.10900861670109105,-0.0849253125374777
e15_P_tau0.02,P,jpeg,60.0,6,0.0073504311343034106,0.0047383954127629595,0.012505886860827696,False,0.0011654185752073924,0.01213319452781503,False,-0.4674976231003631,-0.04217103720565679
e15_P_tau0.02,P,jpeg,75.0,6,0.006573731700579326,0.0024052858352661133,0.011247347965337103,False,0.004225388790170352,0.016479589813155178,False,-0.23730932370800253,-0.15289702058072085
e15_P_tau0.02,P,jpeg,85.0,6,0.013686267038186392,0.004085992773373921,0.01240501412916734,False,0.005474522244185209,0.015300818885272516,False,-0.40313054170456736,-0.19809730697114236
e15_P_tau0.02,P,jpeg,95.0,6,0.026754247024655342,0.004255622625350952,0.007316671234490017,False,-0.0008624152590831121,0.013621517998480284,False,-0.41986649252718716,0.031206767037369396
e15_P_tau0.02,P,noise,0.0,6,0.054848878954847656,0.0030120685696601868,0.0065730237362437455,False,-0.002514217204103867,0.011837792182419373,False,-0.2971754727641786,0.09097773925432627
e15_P_tau0.02,P,noise,0.01,6,0.03392485994845629,0.0037627965211868286,0.015108907885263846,False,0.003027840362240871,0.005897111647738959,False,-0.37124348574350546,-0.1095633545622237
e15_P_tau0.02,P,noise,0.02,6,0.019171543419361115,0.0042665327588717146,0.013916029150579563,False,0.005374922106663386,0.007384210066804454,False,-0.42094290364199743,-0.194493244710187
e15_P_tau0.02,P,noise,0.04,6,0.006674436231454213,0.015395003060499826,0.017859397126478625,False,0.016739274996022385,0.02902308135157629,False,-1.5188954722986778,-0.6057159235919674
e15_P_tau0.02,P,noise,0.08,6,0.0014142592748006184,0.04077345629533132,0.02297360740104867,False,0.015933626797050238,0.0261083398414228,False,-4.022774007486042,-0.5765632904554321
e15_P_tau0.02,P,quantize,8.0,6,-0.004283495247364044,0.03316809485356013,0.02402927735642225,False,0.0287846801802516,0.019478138511509105,False,-3.272416958922639,-1.0415826936843746
e15_P_tau0.02,P,quantize,16.0,6,-0.0025665325423081717,0.01665978878736496,0.023466344633068046,False,0.016858767562856276,0.03196063725951694,False,-1.6436812424874805,-0.6100397996558569
e15_P_tau0.02,P,quantize,32.0,6,0.022683560227354366,0.005992417534192403,0.011777521406104604,False,0.0002162156937023004,0.007553026355712755,False,-0.5912214388681349,-0.007823832790672655
e15_P_tau0.02,P,quantize,64.0,6,0.04451591242104769,0.004276541372140248,0.012206829228643998,False,-0.00021076621487736702,0.01203477428630327,False,-0.42193036933575684,0.00762664168769336
e15_P_tau0.02,P,quantize,256.0,6,0.05529952048356465,0.002856488029162089,0.006398252750129193,False,-0.0018777136380473773,0.012509642068610093,False,-0.28182564934344395,0.06794565778872513
e15_P_tau0.05,P,blur,0.0,6,0.08554595522582531,0.004560627043247223,0.010836067577140599,False,0.003224337473511696,0.0100372055682641,False,-0.44995871320120495,-0.11667366425394234
e15_P_tau0.05,P,blur,0.5,6,0.03526292617122332,0.003032440940539042,0.015846295709578156,False,0.0033738231286406517,0.017117965641789884,False,-0.29918544325695995,-0.12208284963871566
e15_P_tau0.05,P,blur,1.0,6,0.0037965824206670127,0.005578259627024333,0.017800002564293708,False,0.0086830483439068,0.021957950252434803,False,-0.5503599614431441,-0.3141988316980856
e15_P_tau0.05,P,blur,1.5,6,0.004562045137087504,0.00714640070994695,0.02338412783688444,False,0.0083372644148767,0.020374513848476633,False,-0.7050752532437667,-0.301686531614271
e15_P_tau0.05,P,blur,2.0,6,0.0048914700746536255,0.00032627830902735394,0.02386232493660561,False,0.0019137652901311715,0.02420950823292908,False,-0.032191136587849875,-0.06925019814331879
e15_P_tau0.05,P,blur,3.0,6,0.002738143006960551,-0.009730992217858633,0.027135024506307632,False,-0.0032684841814140477,0.025468833317494975,False,0.9600751596212593,0.11827112674601394
e15_P_tau0.05,P,jpeg,30.0,6,0.006277106702327728,0.003176674246788025,0.013762071689079947,False,0.004413805125902097,0.017247957179839655,False,-0.3134157305102537,-0.1597149248713599
e15_P_tau0.05,P,jpeg,45.0,6,0.01764291524887085,0.0009937360882759094,0.013449481269621437,False,0.002786421993126472,0.017700373092224754,False,-0.09804358201232298,-0.10082755504552167
e15_P_tau0.05,P,jpeg,60.0,6,0.02184065307180087,0.006275440255800883,0.011710072728067232,False,0.008215071943898996,0.01652029930834832,False,-0.6191449104465039,-0.297264958670889
e15_P_tau0.05,P,jpeg,75.0,6,0.019490639368693035,0.0058130597074826556,0.014281673311236993,False,0.0073324839274088545,0.020175441679151612,False,-0.5735257105957743,-0.2653282340704173
e15_P_tau0.05,P,jpeg,85.0,6,0.022748826692501705,0.006540169318517049,0.01012859250083178,False,0.008788729396959146,0.013336997829318593,False,-0.6452635005607953,-0.31802293379754837
e15_P_tau0.05,P,jpeg,95.0,6,0.04528949223458767,0.004479269186655681,0.009976152953545658,False,0.001968467142432928,0.012737909385973639,False,-0.4419318177516105,-0.07122960185088816
e15_P_tau0.05,P,noise,0.0,6,0.08554595522582531,0.004560627043247223,0.010836067577140599,False,0.003224337473511696,0.0100372055682641,False,-0.44995871320120495,-0.11667366425394234
e15_P_tau0.05,P,noise,0.01,6,0.05166260804980993,0.004296640555063884,0.01505098347219215,False,0.006515456984440486,0.014007968556961025,False,-0.42391338667064404,-0.23576385750827808
e15_P_tau0.05,P,noise,0.02,6,0.03313262636462847,0.005590108533700307,0.010580685371868279,False,0.003789377554009358,0.01074977397242244,False,-0.551528993409627,-0.13711981704768328
e15_P_tau0.05,P,noise,0.04,6,0.01295484850804011,0.017383364339669544,0.015561912436066585,False,0.018825263095398743,0.03363843879019138,False,-1.715070356600834,-0.6811980581835696
e15_P_tau0.05,P,noise,0.08,6,-0.00042564670244852704,0.04057389497756958,0.027339766596027257,False,0.014735620158414045,0.0298145488823764,False,-4.0030849706730525,-0.5332130439385872
e15_P_tau0.05,P,quantize,8.0,6,-0.00020321210225423178,0.03589719533920288,0.023232580260921534,False,0.021616855170577765,0.015105364773336512,False,-3.5416743507400277,-0.7822126942721025
e15_P_tau0.05,P,quantize,16.0,6,0.006681680679321289,0.016389121611913044,0.025553429385009468,False,0.011039213743060827,0.02616324649768955,False,-1.6169767887320527,-0.3994574167457143
e15_P_tau0.05,P,quantize,32.0,6,0.046370403841137886,0.005676741401354472,0.013435759504089057,False,0.0032331758799652257,0.0100173446010392,False,-0.5600763298352874,-0.11699348476763562
e15_P_tau0.05,P,quantize,64.0,6,0.07176858962823947,0.004631807406743367,0.011758209113066742,False,0.003557611101617416,0.009425042730334931,False,-0.45698148100488717,-0.12873327516928187
e15_P_tau0.05,P,quantize,256.0,6,0.08559482854202521,0.004503081242243449,0.011024357280486915,False,0.0031759412959218025,0.00982989046234113,False,-0.4442811530051503,-0.11492243336645475
e15_P_tau0.10,P,blur,0.0,6,0.11177839090426762,0.00766490896542867,0.011306278537750892,False,0.002960741054266691,0.012074022893831996,False,-0.7562321018982094,-0.10713534502706643
e15_P_tau0.10,P,blur,0.5,6,0.06509535883863767,0.005539357662200928,0.014223010863257508,False,0.006776518964519103,0.020834828431764877,False,-0.5465218317590131,-0.24521046725784265
e15_P_tau0.10,P,blur,1.0,6,0.008933812379837036,0.006341618796189626,0.01946896626020099,False,0.009283557223776976,0.027200344017707573,False,-0.6256741904320146,-0.3359284341379866
e15_P_tau0.10,P,blur,1.5,6,0.006082251667976379,0.00673317164182663,0.023747993045109262,False,0.008886733558028936,0.020830534180968342,False,-0.6643054165556161,-0.32156924514928553
e15_P_tau0.10,P,blur,2.0,6,0.005158454179763794,-0.00198943167924881,0.02236614396424543,False,0.0002737846225500107,0.023632486820162862,False,0.19628049167535966,-0.009906982563615453
e15_P_tau0.10,P,blur,3.0,6,0.003407895565032959,-0.01032146563132604,0.026591308607790656,False,-0.0048973037240405875,0.02539165358509591,False,1.018332205151153,0.17721047351348854
e15_P_tau0.10,P,jpeg,30.0,6,0.01003360003232956,0.006209137539068858,0.017216185789827865,False,0.0073003761159876985,0.0229177233770832,False,-0.6126033790255868,-0.2641664028289744
e15_P_tau0.10,P,jpeg,45.0,6,0.028149808446566265,0.005043600996335347,0.010659546612319302,False,0.006743027362972498,0.017920775119989844,False,-0.4976096910997393,-0.24399856313605742
e15_P_tau0.10,P,jpeg,60.0,6,0.035243199517329536,0.012035630643367767,0.0164224220798645,False,0.016666912318517763,0.02989183801527261,False,-1.1874544499036301,-0.6030974573771095
e15_P_tau0.10,P,jpeg,75.0,6,0.03061484048763911,0.005521856248378754,0.010615097019596762,False,0.010483887977898121,0.017389745454077503,False,-0.5447951144528288,-0.37936277950366687
e15_P_tau0.10,P,jpeg,85.0,6,0.04332198699315389,0.009470256666342417,0.007430961014436658,False,0.010335161350667477,0.015832034875065935,False,-0.9343505756696391,-0.37398105978180707
e15_P_tau0.10,P,jpeg,95.0,6,0.07397155649960041,0.007267355918884277,0.01148236037620355,False,0.005591177226354678,0.015146536699965239,False,-0.7170088864157684,-0.20231850414265515
e15_P_tau0.10,P,noise,0.0,6,0.11177839090426762,0.00766490896542867,0.011306278537750892,False,0.002960741054266691,0.012074022893831996,False,-0.7562321018982094,-0.10713534502706643
e15_P_tau0.10,P,noise,0.01,6,0.06614589349677165,0.005207705001036326,0.009732230429028852,False,0.004218483809381723,0.01399072098187086,False,-0.5138004530467724,-0.15264716168200732
e15_P_tau0.10,P,noise,0.02,6,0.039716376612583794,0.006526817878087361,0.009153273443030817,False,0.009522491289923588,0.017038859399618102,False,-0.6439462262258944,-0.3445743383714716
e15_P_tau0.10,P,noise,0.04,6,0.016030756135781605,0.016424258550008137,0.01470606142569882,False,0.01313268362234036,0.02666231905556104,False,-1.6204434548946602,-0.4752102818931644
e15_P_tau0.10,P,noise,0.08,6,0.002130816380182902,0.038503763576348625,0.024642506905893136,False,0.013154613940666119,0.027434878960761522,False,-3.798842516155753,-0.4760038373501665
e15_P_tau0.10,P,quantize,8.0,6,0.0031902864575386047,0.03976251184940338,0.023047455061432097,False,0.02333098603412509,0.02343313419789221,False,-3.9230326215550937,-0.84423905798366
e15_P_tau0.10,P,quantize,16.0,6,0.011222307880719503,0.02068843940893809,0.026084858876655532,False,0.01584043897067507,0.03702064582113423,False,-2.04115431635006,-0.5731912596874463
e15_P_tau0.10,P,quantize,32.0,6,0.06523741098741691,0.005270056426525116,0.0102915103681879,False,0.005212530804177125,0.012808744280513356,False,-0.5199521437930563,-0.18861706442208362
e15_P_tau0.10,P,quantize,64.0,6,0.09492945577949286,0.007139382263024648,0.00983142609364,False,0.0019042276156445344,0.012333515111437128,False,-0.7043828021145945,-0.06890507439620515
e15_P_tau0.10,P,quantize,256.0,6,0.11212979256207876,0.00759889433781306,0.011284522934532824,False,0.003369951465477546,0.012357701785701695,False,-0.7497189938074352,-0.12194275229105665
e15_S_tau0.02,S,blur,0.0,6,0.048824974646170936,0.0008910720547040304,0.007989785495189054,False,-0.0003041856301327546,0.004169716315424745,False,-0.08791458527569072,0.011007052572052724
e15_S_tau0.02,S,blur,0.5,6,0.039477707197268806,0.0020746116836865744,0.009030818510823935,False,0.00497021246701479,0.010018768675263568,False,-0.20468448630676453,-0.1798486992788841
e15_S_tau0.02,S,blur,1.0,6,0.010956784089406332,0.011297846833864847,0.02275246631703979,False,0.011247944552451372,0.02218926621077749,False,-1.1146635265510711,-0.4070104066465395
e15_S_tau0.02,S,blur,1.5,6,0.004743759830792745,0.008253502349058786,0.022454361559504844,False,0.008475624490529299,0.02224855025387868,False,-0.8143036606960494,-0.30669313441111157
e15_S_tau0.02,S,blur,2.0,6,0.0017375747362772624,0.0003807768225669861,0.02312591078558906,False,0.001957743273427089,0.028168123007943493,False,-0.03756804655903035,-0.07084155528250963
e15_S_tau0.02,S,blur,3.0,6,0.0006106048822402954,-0.009528294205665588,0.026807990235602274,False,-0.0030992721828321614,0.024406775412935528,False,0.9400766515499033,0.11214813742728748
e15_S_tau0.02,S,jpeg,30.0,6,0.008668390413125357,0.011024912198384603,0.02168189150781335,False,0.013242298737168312,0.020028197253486122,False,-1.087735361585122,-0.47917673925367904
e15_S_tau0.02,S,jpeg,45.0,6,0.014357994000116983,0.004935882985591888,0.01391573141297811,False,0.005106812808662653,0.017651036992160057,False,-0.48698206094206475,-0.1847916255480251
e15_S_tau0.02,S,jpeg,60.0,6,0.004907470196485519,0.0013923769195874531,0.008882842637176994,False,0.005536460783332586,0.013412730593630918,False,-0.13737412006892447,-0.20033857246528744
e15_S_tau0.02,S,jpeg,75.0,6,0.010656438767910004,0.006229862570762634,0.010837482325136273,False,0.0131868834917744,0.015712473381860458,False,-0.6146481435949224,-0.47717152119299094
e15_S_tau0.02,S,jpeg,85.0,6,0.02532614270846049,0.0017635176579157512,0.006428869571040736,False,0.013996521942317486,0.018988707104331825,False,-0.17399145524041473,-0.5064685428359718
e15_S_tau0.02,S,jpeg,95.0,6,0.03375652804970741,0.002796793977419535,0.007711499083992658,False,0.002505624977250894,0.00952208690240592,False,-0.27593613931485783,-0.09066682682680495
e15_S_tau0.02,S,noise,0.0,6,0.048824974646170936,0.0008910720547040304,0.007989785495189054,False,-0.0003041856301327546,0.004169716315424745,False,-0.08791458527569072,0.011007052572052724
e15_S_tau0.02,S,noise,0.01,6,0.022683733453353245,0.004522979259490967,0.01573583354461868,False,0.0015733338271578152,0.005978352373822439,False,-0.446244323014679,-0.056931578724994526
e15_S_tau0.02,S,noise,0.02,6,0.019139550626277924,0.007836376627286276,0.014455023385799634,False,0.007982848677784204,0.0087779902309966,False,-0.7731493739648446,-0.2888618868444396
e15_S_tau0.02,S,noise,0.04,6,0.015579121808211008,0.018716832002003986,0.01563108833029867,False,0.015252122034629187,0.028043970443590034,False,-1.8466323957129411,-0.5519028265643567
e15_S_tau0.02,S,noise,0.08,6,0.0078033556540807085,0.04160234580437342,0.02281718581621772,False,0.02162436597670118,0.02516336141012744,False,-4.104553563967601,-0.782484475150847
e15_S_tau0.02,S,quantize,8.0,6,0.00630920132001241,0.033150079349676766,0.026614897787459114,False,0.027049484973152477,0.030527517218119003,False,-3.2706395206738716,-0.9787941100850164
e15_S_tau0.02,S,quantize,16.0,6,0.035502598931392036,0.026118526856104534,0.01967179452680567,False,0.01313941196228067,0.032600070206688134,False,-2.5768953750088177,-0.47545374898729803
e15_S_tau0.02,S,quantize,32.0,6,0.024531024197737377,0.008310948808987936,0.015415831867649325,False,0.010313559168328842,0.015616752059697852,False,-0.819971419743779,-0.3731993780285676
e15_S_tau0.02,S,quantize,64.0,6,0.032226765217880406,0.0025661463538805642,0.011335316157917656,False,0.0019572762151559195,0.006300473417615103,False,-0.2531800781622192,-0.07082465463226283
e15_S_tau0.02,S,quantize,256.0,6,0.047744029503018974,0.0013522729277610779,0.009964496199152911,False,0.0006264739980300268,0.003353756569526152,False,-0.13341739649005907,-0.02266915839624352
e15_S_tau0.05,S,blur,0.0,6,0.1050296388566494,0.006575308740139008,0.01232070222632147,False,0.004955315651992957,0.01291466809893978,False,-0.6487304117521111,-0.17930965334818091
e15_S_tau0.05,S,blur,0.5,6,0.08571068570017815,0.006424456834793091,0.013773326635765457,False,0.012008358569194874,0.017988757446814403,False,-0.6338471229916538,-0.434526226690927
e15_S_tau0.05,S,blur,1.0,6,0.017222310105959576,0.002665032943089803,0.015367108746746535,False,0.013264114813258251,0.023729851048731532,False,-0.26293638623378746,-0.47996616081949417
e15_S_tau0.05,S,blur,1.5,6,0.00976310670375824,0.006684653460979462,0.022408969156754655,False,0.007490231500317653,0.023975495301918243,False,-0.6595185357136101,-0.27103637954514953
e15_S_tau0.05,S,blur,2.0,6,0.003673324982325236,-0.001135110855102539,0.02277348130629524,False,-0.0002179193931321303,0.026538090551252662,False,0.11199184122256035,0.0078854816896786
e15_S_tau0.05,S,blur,3.0,6,0.0009048630793889364,-0.009201422333717346,0.02695755283974503,False,-0.003984704768906037,0.024410024888640344,False,0.9078269531008106,0.14418779367163517
e15_S_tau0.05,S,jpeg,30.0,6,0.015374595920244852,0.016061196724573772,0.02288295410065583,False,0.019373178482055664,0.013580244899825032,False,-1.5846231981107135,-0.7010245485517611
e15_S_tau0.05,S,jpeg,45.0,6,0.0280255526304245,0.008202162881692251,0.010536642007994035,False,0.00918117289741834,0.010273474431343958,False,-0.809238427241609,-0.3322236251294484
e15_S_tau0.05,S,jpeg,60.0,6,0.024207911143700283,0.004671129087607066,0.008024204668574276,False,0.007020289854456981,0.011779569772510164,False,-0.460861020540692,-0.25403139347947673
e15_S_tau0.05,S,jpeg,75.0,6,0.028933828075726826,0.004065334796905518,0.011408346993584728,False,0.008604231135298809,0.01375479733255395,False,-0.4010923929103512,-0.3113468062478631
e15_S_tau0.05,S,jpeg,85.0,6,0.04542585462331772,0.006157914797465007,0.011971794615575458,False,0.009771567148466906,0.011915808323611547,False,-0.6075496619204284,-0.35358722654840147
e15_S_tau0.05,S,jpeg,95.0,6,0.07152026829620202,0.00639726718266805,0.012377945595303587,False,0.008975694421678782,0.012393270887247683,False,-0.6311645486950587,-0.3247883219433527
e15_S_tau0.05,S,noise,0.0,6,0.1050296388566494,0.006575308740139008,0.01232070222632147,False,0.004955315651992957,0.01291466809893978,False,-0.6487304117521111,-0.17930965334818091
e15_S_tau0.05,S,noise,0.01,6,0.051403068316479526,0.004634981354077657,0.011013884935937458,False,0.002571133120606343,0.011381167023367843,False,-0.4572946276938759,-0.09303725957044344
e15_S_tau0.05,S,noise,0.02,6,0.042751812686522804,0.008613474667072296,0.012970525592150523,False,0.008902525839706263,0.015875588724334536,False,-0.8498191017670841,-0.3221406938221868
e15_S_tau0.05,S,noise,0.04,6,0.03084403524796168,0.02152040849129359,0.017134270785706545,False,0.014424414839595556,0.025774231800782713,False,-2.123237708429699,-0.521951981726534
e15_S_tau0.05,S,noise,0.08,6,0.018347740173339844,0.046912431716918945,0.02600597034203333,False,0.026169690769165754,0.030373732952373354,False,-4.628455080478279,-0.9469584804675265
e15_S_tau0.05,S,quantize,8.0,6,0.020044950147469837,0.03211424251397451,0.022694956553003576,False,0.021843720382700365,0.0328587424532101,False,-3.1684422120013482,-0.7904218832318621
e15_S_tau0.05,S,quantize,16.0,6,0.07189018776019414,0.026103320221106213,0.024532559566619896,False,0.012224929252018532,0.03724418247897969,False,-2.5753950642289447,-0.44236290487445923
e15_S_tau0.05,S,quantize,32.0,6,0.05968073941767216,0.006926260888576508,0.015173170730732675,False,0.008312421385198832,0.02055117705406471,False,-0.6833559085552215,-0.30078757878210066
e15_S_tau0.05,S,quantize,64.0,6,0.07017253991216421,0.007804974913597107,0.013296156073135057,False,0.0022590840235352516,0.010316265071154,False,-0.7700512309792629,-0.08174566497728639
e15_S_tau0.05,S,quantize,256.0,6,0.09922738372380667,0.006599053740501404,0.013689253595471504,False,0.002490220901866754,0.010419781726639479,False,-0.6510731312305315,-0.09010942552055949
e15_S_tau0.10,S,blur,0.0,6,0.1008137861887614,0.005723834037780762,0.013791399746973361,False,0.000480099581182003,0.011706256058002065,False,-0.5647225641988275,-0.01737255414591582
e15_S_tau0.10,S,blur,0.5,6,0.0793772575755914,0.004172814389069875,0.013895485125973401,False,0.0017969969970484574,0.014174508230151081,False,-0.4116965003120454,-0.0650249007808189
e15_S_tau0.10,S,blur,1.0,6,0.018391321102778118,0.004697516560554504,0.01585741565276568,False,0.008543834711114565,0.024599599459955563,False,-0.4634644505645615,-0.3091613426680423
e15_S_tau0.10,S,blur,1.5,6,0.009752089778582254,0.006966312726338704,0.022847908072919473,False,0.006263959687203169,0.02473632637904749,False,-0.6873074865312162,-0.22666334881162406
e15_S_tau0.10,S,blur,2.0,6,0.0034224887688954673,-0.00047447532415390015,0.02225629864604467,False,-0.0009941230528056622,0.02679579277530248,False,0.04681248965931731,0.03597265492306765
e15_S_tau0.10,S,blur,3.0,6,0.0015021016200383504,-0.009607317547003428,0.026498378416847896,False,-0.004465021658688784,0.023663825208914288,False,0.9478732200138565,0.16156821119752623
e15_S_tau0.10,S,jpeg,30.0,6,0.018643279870351154,0.016903844972451527,0.022833820381430302,False,0.012546588201075792,0.014057672894146628,False,-1.667760213635307,-0.4540022349802217
e15_S_tau0.10,S,jpeg,45.0,6,0.025780268013477325,0.006570470829804738,0.010753507122540074,False,0.004591439850628376,0.01548875691261873,False,-0.648253095828676,-0.16614269318122699
e15_S_tau0.10,S,jpeg,60.0,6,0.021907055129607517,0.0030145098765691123,0.011239461847800203,False,0.007912911164263884,0.013749306718325464,False,-0.2974163359842693,-0.2863311759501056
e15_S_tau0.10,S,jpeg,75.0,6,0.02429693688948949,0.005642386774222056,0.01143645107557782,False,0.01094887467722098,0.013962750850752312,False,-0.5566868477157404,-0.396188469272504
e15_S_tau0.10,S,jpeg,85.0,6,0.04632539550463358,0.00539390246073405,0.010004863609199449,False,0.007050706228862206,0.013005286160813142,False,-0.53217099038132,-0.2551320195412123
e15_S_tau0.10,S,jpeg,95.0,6,0.0660004336386919,0.004482681552569072,0.012469980592498013,False,0.003713591955602169,0.011066815300821452,False,-0.4422684871965796,-0.1343774913648154
e15_S_tau0.10,S,noise,0.0,6,0.1008137861887614,0.005723834037780762,0.013791399746973361,False,0.000480099581182003,0.011706256058002065,False,-0.5647225641988275,-0.01737255414591582
e15_S_tau0.10,S,noise,0.01,6,0.04865750018507242,0.003367853661378225,0.01246068548392048,False,0.004193844584127267,0.007856929797734603,False,-0.3322777954333079,-0.15175558357691377
e15_S_tau0.10,S,noise,0.02,6,0.03706112255652746,0.006491621335347493,0.012014303424004242,False,0.005415699755152066,0.008528245871100704,False,-0.6404736793742917,-0.19596879672914233
e15_S_tau0.10,S,noise,0.04,6,0.027493320405483246,0.023534615834554035,0.016456360098530798,False,0.013742945933093628,0.025098125992832145,False,-2.3219626064973524,-0.4972928152931545
e15_S_tau0.10,S,noise,0.08,6,0.01748034358024597,0.047007555762926735,0.02488543818266094,False,0.027235355383406084,0.025319227025337888,False,-4.637840170057032,-0.9855198892625455
e15_S_tau0.10,S,quantize,8.0,6,0.012347526848316193,0.03142682711283366,0.025928604224607854,False,0.02288813190534711,0.025188725074198778,False,-3.1006207158783505,-0.8282142422319018
e15_S_tau0.10,S,quantize,16.0,6,0.07309137533108394,0.02410464733839035,0.020599704880365027,False,0.01088935462757945,0.03628572341029982,False,-2.378202820730637,-0.3940347175807835
e15_S_tau0.10,S,quantize,32.0,6,0.058201573168238006,0.005410035451253255,0.012766271987098345,False,0.002788771719982227,0.014515586120218377,False,-0.5337626968693253,-0.10091258064985403
e15_S_tau0.10,S,quantize,64.0,6,0.06898210104554892,0.005165209372838338,0.013757720556572126,False,0.00196824719508489,0.010826779145798687,False,-0.5096077668219787,-0.07122164298701321
e15_S_tau0.10,S,quantize,256.0,6,0.09662125010386241,0.0057962263623873396,0.014223403640330978,False,0.0004526665434241295,0.011989686535357742,False,-0.5718649060120766,-0.01637988105784049
e16_S_disp3.0,S,blur,0.0,6,0.10619142030676205,0.006047330796718597,0.014558920662625782,False,0.002206678812702497,0.014019450602057032,False,-0.596639268633573,-0.07984936596265543
e16_S_disp3.0,S,blur,0.5,6,0.08514330660303433,0.0040274014075597124,0.014638820980307136,False,0.005797221014897029,0.019089224348988423,False,-0.3973498244223904,-0.20977426335008642
e16_S_disp3.0,S,blur,1.0,6,0.018213351567586262,0.006531355281670888,0.01524827508326153,False,0.010043114889413118,0.027472642827161636,False,-0.6443938936756458,-0.36341326684857167
e16_S_disp3.0,S,blur,1.5,6,0.00996968150138855,0.00690123438835144,0.022103801659817384,False,0.007937597886969646,0.022896876478272404,False,-0.6808867542634066,-0.28722447276539376
e16_S_disp3.0,S,blur,2.0,6,0.004320810238520305,0.0004546542962392171,0.022531696395420252,False,-0.0002273779051999251,0.027043311107188054,False,-0.0448569155397406,0.008227740919801258
e16_S_disp3.0,S,blur,3.0,6,0.0016719748576482136,-0.008983135223388672,0.026389528481566525,False,-0.003482712587962548,0.02428803409504506,False,0.8862903998285295,0.12602304892681296
e16_S_disp3.0,S,jpeg,30.0,6,0.017169969777266186,0.013611505428949991,0.022896468396015873,False,0.017901663047571976,0.01338139486800048,False,-1.3429327611013662,-0.6477773003471693
e16_S_disp3.0,S,jpeg,45.0,6,0.023253629604975384,0.007008771101633708,0.01163279986484099,False,0.007119498836497466,0.012730765212144092,False,-0.6914964973253879,-0.2576213016564767
e16_S_disp3.0,S,jpeg,60.0,6,0.02205818270643552,0.00283687561750412,0.00815160505499443,False,0.0035956590436398983,0.015457604040612924,False,-0.2798906576353501,-0.13011005190234814
e16_S_disp3.0,S,jpeg,75.0,6,0.029007770121097565,0.007658091684182485,0.00964196039139867,False,0.00777558966850241,0.012083946329419538,False,-0.7555594980943956,-0.28136215449284674
e16_S_disp3.0,S,jpeg,85.0,6,0.05281017472346624,0.004477789004643758,0.008133889283861674,False,0.00642525777220726,0.015694610954115073,False,-0.4417857806415656,-0.23249997068175193
e16_S_disp3.0,S,jpeg,95.0,6,0.07322276197373867,0.005420458813508351,0.014089909429581212,False,0.004275642801076174,0.013771125735578671,False,-0.5347910823573423,-0.15471547775029681
e16_S_disp3.0,S,noise,0.0,6,0.10619142030676205,0.006047330796718597,0.014558920662625782,False,0.002206678812702497,0.014019450602057032,False,-0.596639268633573,-0.07984936596265543
e16_S_disp3.0,S,noise,0.01,6,0.052558591278890766,0.004325099289417267,0.012649475006311426,False,0.005379677750170231,0.01191026871439484,False,-0.42672117063709303,-0.1946653291642453
e16_S_disp3.0,S,noise,0.02,6,0.04253344113628069,0.0060830091436704,0.013074081996480427,False,0.004464645404368639,0.008985656196893557,False,-0.6001593510545526,-0.1615545963167691
e16_S_disp3.0,S,noise,0.04,6,0.030513450503349304,0.025137911240259807,0.015058070461503818,False,0.013105508250494799,0.024966752175968946,False,-2.4801462796615397,-0.4742269325270597
e16_S_disp3.0,S,noise,0.08,6,0.019154682755470276,0.04624298711617788,0.023012142265166617,False,0.028033522112915914,0.025058703178408633,False,-4.562406612087303,-1.0144018030766329
e16_S_disp3.0,S,quantize,8.0,6,0.01571267346541087,0.030003619690736134,0.021128402971267383,False,0.023096154909580946,0.03242456652795144,False,-2.960204809426714,-0.8357416199808076
e16_S_disp3.0,S,quantize,16.0,6,0.07354239374399185,0.030010151366392773,0.023925227419936378,False,0.013491292639325062,0.03867964928958483,False,-2.9608492349290936,-0.4881866618130182
e16_S_disp3.0,S,quantize,32.0,6,0.06303447981675465,0.006352538863817851,0.012723016473205583,False,0.007277924722681443,0.021281872893675845,False,-0.6267515816616573,-0.26335399211013166
e16_S_disp3.0,S,quantize,64.0,6,0.07843021086106698,0.008502145608266195,0.01571888841570512,False,0.005586936604231596,0.016372972554150704,False,-0.8388351998677901,-0.20216505589913816
e16_S_disp3.0,S,quantize,256.0,6,0.1030271649270766,0.005968267718950908,0.014689645202641911,False,0.00199674970159928,0.014739977477448285,False,-0.5888387797102896,-0.07225301513796671
e16_S_disp6.0,S,blur,0.0,4,0.1048737857490778,-0.002335391938686371,0.0030866014752342053,False,-0.007609552005305886,0.013133019070352386,False,0.23041348077513105,0.27535402949710874
e16_S_disp6.0,S,blur,0.5,4,0.08733459562063217,-0.0037158839404582977,0.0010731524641052442,True,-0.001686491072177887,0.012573631909541685,False,0.3666150159613047,0.06102620917910572
e16_S_disp6.0,S,blur,1.0,4,0.020784154534339905,0.0005774758756160736,0.017183186708290416,False,-0.0010909743141382933,0.02798236474823457,False,-0.05697468778590105,0.03947724823568612
e16_S_disp6.0,S,blur,1.5,4,0.012125037610530853,-0.0006272830069065094,0.02437136962566172,False,-0.0008087235037237406,0.020388833253074386,False,0.06188873852742604,0.02926391400493498
e16_S_disp6.0,S,blur,2.0,4,0.0049071237444877625,-0.006099782884120941,0.02412282602404466,False,-0.013545833760872483,0.017986258520736546,False,0.6018142749492552,0.4901602494277559
e16_S_disp6.0,S,blur,3.0,4,0.0011784732341766357,-0.008434046059846878,0.026653142247597263,False,-0.0060898789670318365,0.022496579297896623,False,0.8321163901765417,0.22036418327290216
e16_S_disp6.0,S,jpeg,30.0,4,0.024395640939474106,0.013296596705913544,0.03127336797229514,False,0.010007626609876752,0.01953985219854146,False,-1.3118633659393304,-0.36212911230656386
e16_S_disp6.0,S,jpeg,45.0,4,0.02943629026412964,0.005898408591747284,0.01667407440873659,False,0.011569952825084329,0.014152391185900939,False,-0.5819463671793319,-0.41866237713561216
e16_S_disp6.0,S,jpeg,60.0,4,0.024871384724974632,-0.002024032175540924,0.00753802764179551,False,0.01716223801486194,0.01419680176963804,False,0.19969423163701144,-0.6210209732827411
e16_S_disp6.0,S,jpeg,75.0,4,0.03483293950557709,0.000905945897102356,0.006333792045313154,False,0.008799088886007667,0.016532843458230778,False,-0.08938206220867467,-0.31839779516271843
e16_S_disp6.0,S,jpeg,85.0,4,0.06015090271830559,-0.0015368424355983734,0.0008530953768714354,True,0.004331830656155944,0.013626241942009178,False,0.15162731750642824,-0.15674865293514692
e16_S_disp6.0,S,jpeg,95.0,4,0.0694837924093008,-0.0011140219867229462,0.002547135552689408,False,-0.0035792544949799776,0.012664800603778045,False,0.10991117994748384,0.12951644815636668
e16_S_disp6.0,S,noise,0.0,4,0.1048737857490778,-0.002335391938686371,0.0030866014752342053,False,-0.007609552005305886,0.013133019070352386,False,0.23041348077513105,0.27535402949710874
e16_S_disp6.0,S,noise,0.01,4,0.0655931462533772,-0.0035924576222896576,0.0030505958400141786,True,-0.0019985355902463198,0.011645291466191303,False,0.35443757922471486,0.0723176380796133
e16_S_disp6.0,S,noise,0.02,4,0.05014721304178238,-0.002257436513900757,0.00400142840215296,False,-0.0029100647661834955,0.006834616473985051,False,0.22272227465567315,0.10530160762518855
e16_S_disp6.0,S,noise,0.04,4,0.03668249025940895,0.021308675408363342,0.017387339037117637,False,0.008919362677261233,0.019362846551106747,False,-2.10234778591817,-0.32274994007761904
e16_S_disp6.0,S,noise,0.08,4,0.027671679854393005,0.031943339854478836,0.01509124101243527,False,0.025318628875538707,0.023772512792145335,False,-3.151580683965812,-0.9161625385253139
e16_S_disp6.0,S,quantize,8.0,4,0.018834497779607773,0.027620110660791397,0.02331728445643487,False,0.01165004470385611,0.010431285825601298,False,-2.72504401994594,-0.4215605269260896
e16_S_disp6.0,S,quantize,16.0,4,0.08633890561759472,0.011375755071640015,0.014342091959882912,False,-0.0025950330309569836,0.008549728613357387,False,-1.1223500771250747,0.0939020853335212
e16_S_disp6.0,S,quantize,32.0,4,0.0693821543827653,-0.005462367087602615,0.005797007312444385,False,-0.006965238600969315,0.011766891919657133,False,0.5389258192926634,0.2520393465802472
e16_S_disp6.0,S,quantize,64.0,4,0.08328861137852073,-0.0009220913052558899,0.0014220682548530218,False,-0.004581430461257696,0.010556848266233354,False,0.09097499384022062,0.16578050028286706
e16_S_disp6.0,S,quantize,256.0,4,0.10243364981461019,-0.0021690241992473602,0.0030830278101903223,False,-0.0065179080702364445,0.012770469667785356,False,0.21399937516063855,0.23585255081769887
e2,P,blur,0.0,36,0.06701894916800989,0.0031252308852142757,0.006926986077787582,False,0.001387556963082817,0.01288794809833772,False,-0.3083402466881897,-0.05020918454532151
e2,P,blur,0.5,36,0.030352167164285977,0.0008005818559063806,0.008691134409748178,False,0.0016705428198393849,0.016660172713763678,False,-0.07898667842818827,-0.060449116658838925
e2,P,blur,1.0,36,0.01543364342716005,0.0033892380694548288,0.015236116819713715,False,0.009024114632565115,0.02652007644114695,False,-0.3343876151246517,-0.3265404224832209
e2,P,blur,1.5,36,0.016022437148623996,0.0041876112421353655,0.020510118488662056,False,0.008437411807891395,0.024868699818500716,False,-0.4131563813550774,-0.3053103964871307
e2,P,blur,2.0,36,0.012274069918526543,-0.004414747572607464,0.022571580822396044,False,0.0035751115841170153,0.02726755829262688,False,0.43556601275253976,-0.12936653562548855
e2,P,blur,3.0,36,0.007284851537810432,-0.012976210978296068,0.02703389934680573,False,-0.0026218101589216124,0.02632398586446282,False,1.2802536007996344,0.09487102411970456
e2,P,jpeg,30.0,36,0.023816563189029694,0.004296572258075078,0.01815833790130135,False,0.005662913873998655,0.019671902611817286,False,-0.4239066483811704,-0.20491431727036755
e2,P,jpeg,45.0,36,0.03044798390732871,0.003989525967174106,0.013770316777516943,False,0.00398888162130283,0.016938327774233406,False,-0.39361297327095274,-0.14433893438757608
e2,P,jpeg,60.0,36,0.028273840331368975,0.006874425543679131,0.013463965637674543,False,0.006070773350074887,0.017677836934797454,False,-0.6782417510353912,-0.2196728405221783
e2,P,jpeg,75.0,36,0.023362257207433384,0.003907919757896,0.011231574748819795,False,0.007008374953228567,0.016713382856636937,False,-0.3855615749505454,-0.2536002490360172
e2,P,jpeg,85.0,36,0.030181130808260705,0.00398015065325631,0.008835596093596118,False,0.0042795121100627715,0.01937236821407575,False,-0.39268798989776615,-0.15485548991133943
e2,P,jpeg,95.0,36,0.03947746738170584,0.0050344810717635686,0.008325229896034838,False,0.005524393895434009,0.014220217204547246,False,-0.496709904845372,-0.19990192833642856
e2,P,noise,0.0,36,0.06701894916800989,0.0031252308852142757,0.006926986077787582,False,0.001387556963082817,0.01288794809833772,False,-0.3083402466881897,-0.05020918454532151
e2,P,noise,0.01,36,0.04319673838714758,0.004813886764976714,0.013353310228314368,False,0.0039729308854374625,0.01259544972866739,False,-0.4749457199032392,-0.14376175200010957
e2,P,noise,0.02,36,0.030464396501580875,0.006037630140781403,0.013407065390068529,False,0.0069763848765028846,0.012211691430283167,False,-0.5956821864996215,-0.2524426780615109
e2,P,noise,0.04,36,0.02385290049844318,0.019234773185518052,0.01660922022829966,False,0.01900033241448303,0.026494683201260624,False,-1.8977332961456943,-0.687532996484479
e2,P,noise,0.08,36,0.014452476468351152,0.04412028152081701,0.023157147648454165,False,0.02018034194285671,0.02517472077088869,False,-4.352977104009504,-0.7302320119135238
e2,P,quantize,8.0,36,0.01289878206120597,0.032410412198967405,0.020823741890702897,False,0.02597110951319337,0.02824257749700769,False,-3.197662783884315,-0.9397727553451453
e2,P,quantize,16.0,36,0.013195955298013158,0.02124173566699028,0.022002445176381048,False,0.017513752785614796,0.03137998060046238,False,-2.095743404633618,-0.6337406456743697
e2,P,quantize,32.0,36,0.04210255269168152,0.007715639968713124,0.009599236409044224,False,0.006166387633937929,0.010667214357306437,False,-0.7612373033191583,-0.22313267341652102
e2,P,quantize,64.0,36,0.05933738282571236,0.004320169488588969,0.011764923200047612,False,0.0028894110065367487,0.013955127465374492,False,-0.4262347886514572,-0.1045542448449577
e2,P,quantize,256.0,36,0.06805471935341888,0.003138862136337492,0.007152126979866842,False,0.0014211924280971289,0.012861749060572828,False,-0.3096851275908732,-0.0514262944118737
e21_P_tau0.02,P,blur,0.0,6,0.056529972702264786,0.0018711710969607036,0.008796781576086416,False,0.0016213815348843734,0.011637917302213464,False,-0.18461271465167794,-0.058670200121021816
e21_P_tau0.02,P,blur,0.5,6,0.013612359762191772,-0.00016183406114578247,0.009461362335653027,False,0.0019043153151869774,0.014397639697719384,False,0.015966805707803202,-0.06890824783169516
e21_P_tau0.02,P,blur,1.0,6,0.0028015623490015664,0.0010922153790791829,0.01643989400216945,False,0.00846130276719729,0.026743966350861813,False,-0.10775970537575806,-0.3061748983538428
e21_P_tau0.02,P,blur,1.5,6,0.001962865392367045,0.006357498466968536,0.02156237855418086,False,0.008304146584123373,0.0232133309174345,False,-0.6272409039917907,-0.3004881525060432
e21_P_tau0.02,P,blur,2.0,6,0.0019810497760772705,0.0001735637585322062,0.023183711640590524,False,0.004069819580763578,0.02727368423072206,False,-0.017124076296295972,-0.14726769987354044
e21_P_tau0.02,P,blur,3.0,6,0.0009292811155319214,-0.0106281911333402,0.02632381284499649,False,-0.004221075059225162,0.024114746372201002,False,1.048594230719904,0.15274092687151217
e21_P_tau0.02,P,jpeg,30.0,6,0.006486718853314717,0.004424460232257843,0.014452680891221316,False,0.0042310307423273725,0.019022289745093405,False,-0.43652427919191383,-0.15310117639167822
e21_P_tau0.02,P,jpeg,45.0,6,0.015418335795402527,0.002132691442966461,0.010910015532185091,False,0.004396099131554365,0.016527598144355404,False,-0.21041472767506686,-0.15907422790437664
e21_P_tau0.02,P,jpeg,60.0,6,0.0022283668319384256,0.006193580726782481,0.017042573275702265,False,0.01397075674807032,0.024822049962164514,False,-0.6110685191978674,-0.5055362211892064
e21_P_tau0.02,P,jpeg,75.0,6,0.008518404016892115,0.005737627545992534,0.013882520656469128,False,0.010992243109891811,0.01854671375228752,False,-0.5660834536437754,-0.3977577696308643
e21_P_tau0.02,P,jpeg,85.0,6,0.01154273251692454,0.0016963233550389607,0.007765493309059631,False,0.005946424634506305,0.013469851427410893,False,-0.1673619585132793,-0.21517324319099185
e21_P_tau0.02,P,jpeg,95.0,6,0.02263809305926164,0.0031659131248792014,0.00994295027996288,False,0.004872413041690986,0.007970981538826645,False,-0.31235402111793115,-0.17630979635442365
e21_P_tau0.02,P,noise,0.0,6,0.056529972702264786,0.0018711710969607036,0.008796781576086416,False,0.0016213815348843734,0.011637917302213464,False,-0.18461271465167794,-0.058670200121021816
e21_P_tau0.02,P,noise,0.01,6,0.032679648138582706,0.003581543763478597,0.016122956537892117,False,0.005305473227053881,0.011117532349740132,False,-0.35336080056684244,-0.19198021518739733
e21_P_tau0.02,P,noise,0.02,6,0.018290944397449493,0.004745269815127055,0.014110733505607924,False,0.007227448436121146,0.011969962301257677,False,-0.4681758625644639,-0.261527491826181
e21_P_tau0.02,P,noise,0.04,6,0.006869400540987651,0.014579142133394877,0.013800535670100691,False,0.014253138254086176,0.027592769358959764,False,-1.4384013364199626,-0.5157542846813427
e21_P_tau0.02,P,noise,0.08,6,0.0027979065974553428,0.041418157517910004,0.022630810016538144,False,0.014281170132259527,0.025331512286872734,False,-4.08638125485793,-0.5167686269979498
e21_P_tau0.02,P,quantize,8.0,6,0.008376672863960266,0.034466713666915894,0.02511928003616218,False,0.023122932761907578,0.023841358354682506,False,-3.4005407552022815,-0.8367105849782576
e21_P_tau0.02,P,quantize,16.0,6,0.005844051639238994,0.01706921060880025,0.02520378727358005,False,0.012625997109959522,0.02481070669764844,False,-1.6840754501660693,-0.4568756712907769
e21_P_tau0.02,P,quantize,32.0,6,0.026443444192409515,0.006636095543702443,0.012087367051267136,False,0.005111167207360268,0.006360284036614319,False,-0.6547277344122739,-0.18494919083262912
e21_P_tau0.02,P,quantize,64.0,6,0.04685693078984817,0.0025988047321637473,0.011840536259584441,False,0.0032722867714862027,0.013627897269951344,False,-0.2564022056741142,-0.11840872466218082
e21_P_tau0.02,P,quantize,256.0,6,0.05730846026634307,0.0024533172448476157,0.010045652081073202,False,0.0015514095624287922,0.010613832852025929,False,-0.2420481789232154,-0.05613824231929174
e21_P_tau0.05,P,blur,0.0,6,0.07843204587697983,0.005206478138764699,0.011511751132038641,False,0.003108056727796793,0.014556051651973408,False,-0.5136794088649567,-0.11246600894608691
e21_P_tau0.05,P,blur,0.5,6,0.03098764643073082,0.0030187591910362244,0.01601031757017371,False,0.0008936027685801188,0.01930070142448557,False,-0.29783558010387784,-0.032335296864617086
e21_P_tau0.05,P,blur,1.0,6,0.005401770273844401,0.0024131834506988525,0.017927001359068547,False,0.008841102787603935,0.029822445171594616,False,-0.23808851499985242,-0.319918081388683
e21_P_tau0.05,P,blur,1.5,6,0.005230456590652466,0.006979410847028096,0.023485372467614524,False,0.009323592142512402,0.023753646914892356,False,-0.688599767937888,-0.3373771102475266
e21_P_tau0.05,P,blur,2.0,6,0.0045604705810546875,-0.0003647257884343465,0.023378006148479433,False,0.0021910665867229304,0.027551939823334017,False,0.0359844260183933,-0.0792844326617337
e21_P_tau0.05,P,blur,3.0,6,0.0029707451661427817,-0.010565494497617086,0.026537515912167978,False,-0.005529536710431178,0.024922030790320376,False,1.0424084809831902,0.2000880227124761
e21_P_tau0.05,P,jpeg,30.0,6,0.004126064479351044,-0.0005368640025456747,0.012482021998403387,False,0.0033314724763234458,0.01975669860386735,False,0.05296785583622329,-0.12055037798213947
e21_P_tau0.05,P,jpeg,45.0,6,0.01972842961549759,0.000991066296895345,0.011266203149112858,False,0.006542208294073741,0.018805007173657455,False,-0.09778017615108442,-0.23673186205003105
e21_P_tau0.05,P,jpeg,60.0,6,0.024069658170143764,0.0019286895791689556,0.008897511384474064,False,0.002403408754616976,0.017892319874288024,False,-0.19028757953194317,-0.08696810070434755
e21_P_tau0.05,P,jpeg,75.0,6,0.020970354477564495,0.004709059993426005,0.013501632830559994,False,0.00996914024775227,0.022697958610071605,False,-0.46460334399994463,-0.36073647120439756
e21_P_tau0.05,P,jpeg,85.0,6,0.024386748671531677,0.00608854740858078,0.010301526742262476,False,0.005524733569473028,0.014018479220448708,False,-0.6007057650736801,-0.1999142195482232
e21_P_tau0.05,P,jpeg,95.0,6,0.0412249236057202,0.006234991053740184,0.014936167209411764,False,0.0031723055678109327,0.014847405611336345,False,-0.6151541278772086,-0.11479087340276885
e21_P_tau0.05,P,noise,0.0,6,0.07843204587697983,0.005206478138764699,0.011511751132038641,False,0.003108056727796793,0.014556051651973408,False,-0.5136794088649567,-0.11246600894608691
e21_P_tau0.05,P,noise,0.01,6,0.04791648965328932,0.003253333270549774,0.016363300293397706,False,0.0034596812911331654,0.011952227221584453,False,-0.32097903164406827,-0.12518965421683625
e21_P_tau0.05,P,noise,0.02,6,0.028212103992700577,0.0033510997891426086,0.014921589203940796,False,0.0045660076042016344,0.013168073512256033,False,-0.33062483176827034,-0.16522241935592374
e21_P_tau0.05,P,noise,0.04,6,0.011140120526154837,0.015556231141090393,0.01698674565412189,False,0.01628302053237955,0.03434999567885169,False,-1.5348024910016977,-0.5892062125140356
e21_P_tau0.05,P,noise,0.08,6,0.006503249208132426,0.0430605411529541,0.02354542554947371,False,0.017333491550137598,0.02774871407879765,False,-4.248421434859358,-0.627217836247985
e21_P_tau0.05,P,quantize,8.0,6,0.015730949739615124,0.03884618481000265,0.020727493495777995,False,0.026555420675625403,0.031242650184489067,False,-3.8326263393464406,-0.9609162382917912
e21_P_tau0.05,P,quantize,16.0,6,0.011701300740242004,0.016390693684418995,0.028287281666856897,False,0.007580523534367482,0.02726761070914352,False,-1.6171318919042983,-0.2743036251582651
e21_P_tau0.05,P,quantize,32.0,6,0.04895994377632936,0.006146637101968129,0.0147017731462339,False,0.0012699320601920288,0.010664749117834608,False,-0.606436986556815,-0.045952890487852525
e21_P_tau0.05,P,quantize,64.0,6,0.06519576193143924,0.0051913683613141375,0.012053803998443744,False,0.0032251010028024516,0.01323365352843625,False,-0.5121886542047004,-0.11670129280115536
e21_P_tau0.05,P,quantize,256.0,6,0.07885556356703373,0.005291809638341268,0.011812578257291447,False,0.0031949103189011416,0.01488762632261483,False,-0.5220983502475574,-0.11560883342119414
e21_P_tau0.10,P,blur,0.0,6,0.114004152516524,0.0022413084904352822,0.008861172202285257,False,-2.3040610055128734e-05,0.01654033840244465,False,-0.22113105822508408,0.0008337317119756344
e21_P_tau0.10,P,blur,0.5,6,0.06155015900731087,-0.00030670563379923504,0.011398913499137278,False,0.0003724804458518823,0.019160643798031788,False,0.03026006533908605,-0.013478321930473826
e21_P_tau0.10,P,blur,1.0,6,0.005827794472376506,0.0036996876200040183,0.018883529976970213,False,0.007689954247325659,0.026204037008977145,False,-0.3650170612412421,-0.2782634098792008
e21_P_tau0.10,P,blur,1.5,6,0.006401394804318746,0.007434564332167308,0.023799032211167366,False,0.012980134692043066,0.02409730632653729,False,-0.7335059342479625,-0.46969025093424
e21_P_tau0.10,P,blur,2.0,6,0.0072011202573776245,-0.0016953448454538982,0.02262355224231078,False,0.002738427991668383,0.025653698048230037,False,0.16726541720227656,-0.09909087702768826
e21_P_tau0.10,P,blur,3.0,6,0.004953260223070781,-0.011497877538204193,0.025842222622897152,False,-0.007312043725202481,0.024211928516621843,False,1.134398873789897,0.26458859893324543
e21_P_tau0.10,P,jpeg,30.0,6,0.017666267851988476,0.007510821024576823,0.01781495825357252,False,0.008155554377784332,0.021594721945779785,False,-0.7410295407310603,-0.2951112968463681
e21_P_tau0.10,P,jpeg,45.0,6,0.02797117829322815,0.002704086403052012,0.015094192516585808,False,0.006864430382847786,0.017866266461084492,False,-0.2667894626691143,-0.2483915695433294
e21_P_tau0.10,P,jpeg,60.0,6,0.032577428966760635,0.010226925214131674,0.017986371523046295,False,0.009282305060575405,0.02009053285144582,False,-1.0090046973188103,-0.3358831242192292
e21_P_tau0.10,P,jpeg,75.0,6,0.03660847991704941,0.004963696002960205,0.012882914287281931,False,0.01336441266660889,0.022391531274249723,False,-0.48972613744440024,-0.4835954701468701
e21_P_tau0.10,P,jpeg,85.0,6,0.03617484246691068,0.007785141468048096,0.015201677398546788,False,0.008227432612329721,0.01950452441094206,False,-0.7680944317161456,-0.29771223334058106
e21_P_tau0.10,P,jpeg,95.0,6,0.06813487720986207,0.004866853356361389,0.012043098788488006,False,0.001459505098561446,0.009689832797482829,False,-0.4801714879996221,-0.052812650426759825
e21_P_tau0.10,P,noise,0.0,6,0.114004152516524,0.0022413084904352822,0.008861172202285257,False,-2.3040610055128734e-05,0.01654033840244465,False,-0.22113105822508408,0.0008337317119756344
e21_P_tau0.10,P,noise,0.01,6,0.06499775281796853,0.0028368656833966575,0.01142123429486755,False,0.002816183026880026,0.017518692190849932,False,-0.2798896775205176,-0.10190446739993184
e21_P_tau0.10,P,noise,0.02,6,0.03408914431929588,0.003629453480243683,0.011794625546771442,False,-9.328483914335568e-05,0.010598382025825208,False,-0.3580876493753569,0.003375541205474694
e21_P_tau0.10,P,noise,0.04,6,0.013326744238535563,0.016388488312562306,0.016332891350327377,False,0.013494208299865326,0.032852520472741516,False,-1.6169143064114797,-0.48829216590548613
e21_P_tau0.10,P,noise,0.08,6,0.006964161992073059,0.041035001476605736,0.021852804362928455,False,0.016866608522832394,0.02919940005833093,False,-4.048578470796512,-0.6103235272554638
e21_P_tau0.10,P,quantize,8.0,6,0.010209028919537863,0.0372274120648702,0.025551373048286204,False,0.025525454431772232,0.03537727517583835,False,-3.672915647273194,-0.9236465862422062
e21_P_tau0.10,P,quantize,16.0,6,0.0065710147221883135,0.012930378317832947,0.02020024249505913,False,0.010551589696357647,0.024160139692748793,False,-1.2757316776673517,-0.38181258745145547
e21_P_tau0.10,P,quantize,32.0,6,0.06386777696510156,0.004221598307291667,0.010007180128430675,False,0.001656047534197569,0.01059503311152182,False,-0.4165095992258213,-0.05992460019487329
e21_P_tau0.10,P,quantize,64.0,6,0.09820511223127444,0.0012189870079358418,0.008313908502897533,False,-0.00017450237646698952,0.01836543749498973,False,-0.12026719578219752,0.006314423304223875
e21_P_tau0.10,P,quantize,256.0,6,0.11378489309643837,0.002060974637667338,0.008644397620523743,False,-0.0002307468093931675,0.01639758729323564,False,-0.20333903367042874,0.008349645776217536
e21_Sbic_tau0.02,S,blur,0.0,6,0.06477612691620986,0.0017732828855514526,0.007500390110383863,False,0.005523494289567073,0.013636781214050472,False,-0.17495490812077752,-0.19986937581556435
e21_Sbic_tau0.02,S,blur,0.5,6,0.0301570159693559,-0.001155590017636617,0.0030404584553622165,False,0.004435025931646426,0.014995423115361652,False,0.11401234794979122,-0.1604828063927428
e21_Sbic_tau0.02,S,blur,1.0,6,0.0020768046379089355,0.007336477438608806,0.014160691116656073,False,0.011374251917004585,0.028869064269607704,False,-0.7238285254204119,-0.41158087830645285
e21_Sbic_tau0.02,S,blur,1.5,6,0.0022530555725097656,0.006572221716245015,0.02113529595841041,False,0.01040845907603701,0.02203633203270865,False,-0.6484258410679068,-0.37663336099735834
e21_Sbic_tau0.02,S,blur,2.0,6,0.00017491976420084635,0.0008329550425211588,0.022589242005900546,False,0.0031510664460559687,0.026227847021994048,False,-0.08218066847676643,-0.11402232911078804
e21_Sbic_tau0.02,S,blur,3.0,6,-0.0009994457165400188,-0.010530710220336914,0.026649176085228505,False,-0.0028190937203665576,0.023851097296810356,False,1.0389766088971368,0.1020097917580003
e21_Sbic_tau0.02,S,jpeg,30.0,6,0.008085720241069794,0.011417207618554434,0.023360935468052978,False,0.009881571090469757,0.015194749256428067,False,-1.126439851292454,-0.35756775374237176
e21_Sbic_tau0.02,S,jpeg,45.0,6,0.013203119238217672,0.011052288115024567,0.013963364879522185,False,0.011569903076936802,0.021002305598222797,False,-1.0904363130348267,-0.41866057698326786
e21_Sbic_tau0.02,S,jpeg,60.0,6,0.0068383850157260895,0.00574849545955658,0.010986777651180366,False,0.010710966928551594,0.015979003225435395,False,-0.5671556992705474,-0.38757970265930214
e21_Sbic_tau0.02,S,jpeg,75.0,6,0.009943900008996328,0.0021587138374646506,0.004262037792613176,False,0.010511333278069893,0.011009812199961387,False,-0.21298213847884145,-0.3803558963110408
e21_Sbic_tau0.02,S,jpeg,85.0,6,0.02283414453268051,0.002230075498421987,0.004090228276046263,False,0.011706034342447916,0.00976893801517809,False,-0.22002279337821712,-0.4235865295850622
e21_Sbic_tau0.02,S,jpeg,95.0,6,0.03621335017184416,0.0015027100841204326,0.005015810960398174,False,0.007009470369666815,0.007348844772206241,False,-0.1482597654562588,-0.2536398870239091
e21_Sbic_tau0.02,S,noise,0.0,6,0.06477612691620986,0.0017732828855514526,0.007500390110383863,False,0.005523494289567073,0.013636781214050472,False,-0.17495490812077752,-0.19986937581556435
e21_Sbic_tau0.02,S,noise,0.01,6,0.02738521962116162,0.0061810339490572614,0.014310257419219822,False,0.005655689941098292,0.010636294333155336,False,-0.6098306341644002,-0.20465291698930702
e21_Sbic_tau0.02,S,noise,0.02,6,0.01094221199552218,0.009736165404319763,0.013319497938980336,False,0.008684320685764154,0.005632295055548191,False,-0.9605855544202918,-0.3142448717878407
e21_Sbic_tau0.02,S,noise,0.04,6,0.01029739280541738,0.020791036387284596,0.015137019869552999,False,0.014418104197829962,0.024093212469253073,False,-2.0512766973115726,-0.5217236291720527
e21_Sbic_tau0.02,S,noise,0.08,6,0.00592254102230072,0.03749843935171763,0.021334844148025306,False,0.01535638157899181,0.02673107850178095,False,-3.6996556301913,-0.5556754909253813
e21_Sbic_tau0.02,S,quantize,8.0,6,-0.003970156113306682,0.031075380742549896,0.01991470552170361,False,0.03043410104388992,0.030259683357264894,False,-3.065946458362323,-1.1012675057236028
e21_Sbic_tau0.02,S,quantize,16.0,6,0.021226223558187485,0.02434456596771876,0.02079932649250563,False,0.019842406269162893,0.034951833634247385,False,-2.4018735740507213,-0.7180037034142153
e21_Sbic_tau0.02,S,quantize,32.0,6,0.025028038149078686,0.010190298159917196,0.012577929458146099,False,0.01101308191816012,0.009590083513857959,False,-1.0053910139313254,-0.39851182845359073
e21_Sbic_tau0.02,S,quantize,64.0,6,0.04202864691615105,0.0003045002619425456,0.0069887826681492545,False,0.0039652311243116856,0.014150334663928137,False,-0.03004247984626759,-0.14348313372525326
e21_Sbic_tau0.02,S,quantize,256.0,6,0.0642248851467682,0.002029798924922943,0.007730557533182527,False,0.005555238885184129,0.01387198944396496,False,-0.20026318829728673,-0.2010180639790486
e21_Sbic_tau0.05,S,blur,0.0,6,0.08946586896975835,0.002714840074380239,0.0032295068715143295,False,0.003973102352271478,0.013236602271589933,False,-0.26785043697531247,-0.14376795658135672
e21_Sbic_tau0.05,S,blur,0.5,6,0.05759936695297559,0.00025452425082524616,0.0036999930846474682,False,0.0027640371893843016,0.014364312345208892,False,-0.02511176715258983,-0.10001755389097135
e21_Sbic_tau0.05,S,blur,1.0,6,0.011039644479751587,0.004009182254473369,0.014249142530468712,False,0.010133452247828245,0.029498495106436526,False,-0.3955522938195569,-0.3666821525380821
e21_Sbic_tau0.05,S,blur,1.5,6,0.006205201148986816,0.008627208570639292,0.020816703002787585,False,0.01091479773943623,0.02390259691007542,False,-0.8511741105230368,-0.3949553845750855
e21_Sbic_tau0.05,S,blur,2.0,6,0.0036895722150802612,0.0008793473243713379,0.021798476981036024,False,0.002770367388923963,0.027452293531235957,False,-0.0867578047446142,-0.10024661414965032
e21_Sbic_tau0.05,S,blur,3.0,6,-0.00031052033106486004,-0.01142171025276184,0.026212318768114702,False,-0.0025442660165329776,0.02568332640727454,False,1.1268840883402917,0.09206506497050367
e21_Sbic_tau0.05,S,jpeg,30.0,6,0.013537108898162842,0.011557365457216898,0.019709293564800293,False,0.016458158226062853,0.013748585283540412,False,-1.1402680464357082,-0.595543624971287
e21_Sbic_tau0.05,S,jpeg,45.0,6,0.032144362727801,0.012327047685782114,0.014281979270942902,False,0.013528806933512291,0.016995169021214642,False,-1.2162061185154747,-0.48954412833154526
e21_Sbic_tau0.05,S,jpeg,60.0,6,0.02250664308667183,0.007075781623522441,0.008752312711248737,False,0.009437738762547573,0.010596720614367155,False,-0.6981078619281217,-0.3415075415473251
e21_Sbic_tau0.05,S,jpeg,75.0,6,0.030528632303078968,0.0038058112064997354,0.011007979870918708,False,0.016937976237386465,0.01999364440138613,False,-0.3754873829682979,-0.612905990423435
e21_Sbic_tau0.05,S,jpeg,85.0,6,0.04318647086620331,0.0028381148974100747,0.007516403157169249,False,0.01122735890870293,0.013375045142897642,False,-0.2800129269607064,-0.40626550866148425
e21_Sbic_tau0.05,S,jpeg,95.0,6,0.06064970480899016,0.0003423417607943217,0.0036912195786898898,False,0.002147712123890718,0.007828094443501165,False,-0.03377598227202757,-0.07771563780637185
e21_Sbic_tau0.05,S,noise,0.0,6,0.08946586896975835,0.002714840074380239,0.0032295068715143295,False,0.003973102352271478,0.013236602271589933,False,-0.26785043697531247,-0.14376795658135672
e21_Sbic_tau0.05,S,noise,0.01,6,0.047498397839566074,0.00453882912794749,0.004969549501888288,False,0.003457319922745228,0.007169886275517612,False,-0.44780809622995765,-0.12510420736000522
e21_Sbic_tau0.05,S,noise,0.02,6,0.031593840569257736,0.009991322954495748,0.01075191680964927,False,0.010233275902767977,0.011952086619828868,False,-0.9857598038934545,-0.37029430284701204
e21_Sbic_tau0.05,S,noise,0.04,6,0.019252538681030273,0.018360582490762074,0.01979105613209251,False,0.015354520486046871,0.031165655631196724,False,-1.8114842526753916,-0.5556081466925933
e21_Sbic_tau0.05,S,noise,0.08,6,0.01449147860209147,0.04510082552830378,0.027377629243388886,False,0.018946148610363405,0.02860766049455288,False,-4.449719134362365,-0.6855723385131006
e21_Sbic_tau0.05,S,quantize,8.0,6,0.00819428265094757,0.03198974082867304,0.022274216817991375,False,0.03280422044917941,0.03147965794630202,False,-3.156158677834138,-1.187031020866242
e21_Sbic_tau0.05,S,quantize,16.0,6,0.03964174290498098,0.02407418688138326,0.022495849431938386,False,0.01711277337744832,0.033479192579306156,False,-2.3751975436254362,-0.6192310798409252
e21_Sbic_tau0.05,S,quantize,32.0,6,0.05652589971820513,0.010511127611001333,0.015503233945559946,False,0.011669756999860207,0.01401394604685741,False,-1.0370445575335405,-0.4222738225486943
e21_Sbic_tau0.05,S,quantize,64.0,6,0.06967783377816279,0.0029732162753740945,0.0028716688741867594,False,0.003718573289612929,0.01175212156393602,False,-0.2933422436542102,-0.134557742500648
e21_Sbic_tau0.05,S,quantize,256.0,6,0.08883698035374415,0.0020134722193082175,0.003104836990774376,False,0.002587877679616213,0.01321556314828173,False,-0.1986523695700474,-0.09364316669773622
e21_Sbic_tau0.10,S,blur,0.0,6,0.08353173919022083,0.0022492557764053345,0.006239721981595102,False,0.00035676127299666405,0.011726723958567963,False,-0.22191515009109655,-0.012909518723264268
e21_Sbic_tau0.10,S,blur,0.5,6,0.058054895450671516,0.0017118379473686218,0.0069645795599039195,False,-0.0026009554664293924,0.011507512649057125,False,-0.16889265285296054,0.09411639052134663
e21_Sbic_tau0.10,S,blur,1.0,6,0.008474777142206827,0.0036176194747289023,0.014215766024848905,False,0.012232604747017225,0.026177854571319607,False,-0.35692008758112276,-0.442640645071885
e21_Sbic_tau0.10,S,blur,1.5,6,0.005156601468722026,0.008180327713489532,0.019825406167387365,False,0.012061887886375189,0.02328308879574573,False,-0.8070841348397397,-0.4364632018468299
e21_Sbic_tau0.10,S,blur,2.0,6,0.0024701058864593506,0.0009793092807133992,0.021589401346212296,False,0.0032549810906251273,0.026446877058494214,False,-0.09662021024680223,-0.11778251316445197
e21_Sbic_tau0.10,S,blur,3.0,6,0.00041969120502471924,-0.011094540357589722,0.0265568688833053,False,-0.0023694446620841822,0.02534817265939865,False,1.0946049864462235,0.08573909934781612
e21_Sbic_tau0.10,S,jpeg,30.0,6,0.017211248477300007,0.00956524908542633,0.011087976228202458,False,0.018048809530834358,0.016251210728509973,False,-0.9437226787268612,-0.6531018420632091
e21_Sbic_tau0.10,S,jpeg,45.0,6,0.02055862049261729,0.012785603602727255,0.013181491579887744,False,0.010167899231115976,0.0146383798667617,False,-1.2614479741556859,-0.3679286274482585
e21_Sbic_tau0.10,S,jpeg,60.0,6,0.022704441100358963,0.005617688099543254,0.00882679471361822,False,0.012492464389652014,0.02014839744858304,False,-0.5542500372133985,-0.45204374786338647
e21_Sbic_tau0.10,S,jpeg,75.0,6,0.023369019230206806,0.0069237326582272845,0.011081629434184987,False,0.02249925024807453,0.01771382558414643,False,-0.6831064693303462,-0.8141424373144961
e21_Sbic_tau0.10,S,jpeg,85.0,6,0.039681018640597664,0.00044187655051549274,0.002579268383792659,False,0.008360527455806732,0.009704157341864802,False,-0.04359624283641743,-0.30252831205732134
e21_Sbic_tau0.10,S,jpeg,95.0,6,0.05674991818765799,0.002566613256931305,0.003442464655640184,False,0.005853230909754832,0.008971288912182577,False,-0.25322614355934747,-0.21180099898840676
e21_Sbic_tau0.10,S,noise,0.0,6,0.08353173919022083,0.0022492557764053345,0.006239721981595102,False,0.00035676127299666405,0.011726723958567963,False,-0.22191515009109655,-0.012909518723264268
e21_Sbic_tau0.10,S,noise,0.01,6,0.044038159462312855,0.0045354366302490234,0.0099777407661296,False,-0.00137272368495663,0.011568227558178367,False,-0.44747338701465356,0.04967243771714437
e21_Sbic_tau0.10,S,noise,0.02,6,0.02735195929805438,0.009041202565034231,0.011228124838687877,False,0.006838260839382808,0.01275026710768035,False,-0.8920194160532913,-0.24744461639311016
e21_Sbic_tau0.10,S,noise,0.04,6,0.02061426391204198,0.019213701287905376,0.020668353398697006,False,0.008934997332592806,0.02913512279726024,False,-1.8956543092334568,-0.3233156849916882
e21_Sbic_tau0.10,S,noise,0.08,6,0.010210846861203512,0.047266935308774315,0.03005669500529946,False,0.020238828690101702,0.027060967828553814,False,-4.663430968334014,-0.732348373233462
e21_Sbic_tau0.10,S,quantize,8.0,6,0.008968872328599295,0.03418187300364176,0.022825384949635444,False,0.02697711515550812,0.0267952160714628,False,-3.3724379226095618,-0.9761753855019595
e21_Sbic_tau0.10,S,quantize,16.0,6,0.030338493486245472,0.022712354858716328,0.022117590809924852,False,0.015229339556147655,0.03168311367693765,False,-2.240837031637789,-0.5510784354244517
e21_Sbic_tau0.10,S,quantize,32.0,6,0.04981208654741446,0.009208107988039652,0.015850914618639644,False,0.007882372320940098,0.01926061039748126,False,-0.9084865703830936,-0.28522611831208405
e21_Sbic_tau0.10,S,quantize,64.0,6,0.06511300957451265,0.002684834102789561,0.006762766410608815,False,0.0008805948309600353,0.01246516926451172,False,-0.2648900001236991,-0.03186460055599871
e21_Sbic_tau0.10,S,quantize,256.0,6,0.08274591651156675,0.002330747743447622,0.006233624974911691,False,0.0002632314960161845,0.012302738152807512,False,-0.22995527709093003,-0.009525114365217474
e21_Sbil_tau0.02,S,blur,0.0,6,0.03432028368115425,0.0029840221007665,0.007145182446227175,False,0.001050093366454045,0.006897259954983786,False,-0.294408363563279,-0.037997958302892536
e21_Sbil_tau0.02,S,blur,0.5,6,0.02943334107597669,0.0012267380952835083,0.010732163668776253,False,0.0017691153722504775,0.01707917741900416,False,-0.12103193038026781,-0.06401599542979468
e21_Sbil_tau0.02,S,blur,1.0,6,0.0036037365595499673,0.005202094713846843,0.016325359256184377,False,0.004843048906574647,0.02662012345312855,False,-0.5132469331951092,-0.17524724590186827
e21_Sbil_tau0.02,S,blur,1.5,6,0.002099856734275818,0.005975045263767242,0.02053223514142805,False,0.007910626164327065,0.02184704870642171,False,-0.5895074630547733,-0.28624849250966583
e21_Sbil_tau0.02,S,blur,2.0,6,0.0009157707293828329,-0.0003288835287094116,0.022942291122239188,False,0.0030688660529752574,0.028033339126296835,False,0.03244817170267708,-0.1110478820677508
e21_Sbil_tau0.02,S,blur,3.0,6,0.00034494201342264813,-0.010526597499847412,0.026103883609821157,False,-0.0033471865269045034,0.023583531959915503,False,1.0385708413564754,0.1211189958382496
e21_Sbil_tau0.02,S,jpeg,30.0,6,0.004826920727888743,0.005308625598748525,0.01285931373481825,False,0.005527977055559556,0.018372935314317416,False,-0.5237574396302981,-0.20003158611105376
e21_Sbil_tau0.02,S,jpeg,45.0,6,0.012234168748060862,0.004587290187676747,0.015589568891260553,False,0.0059790390854080515,0.01794631939464756,False,-0.4525893414116767,-0.216353407341177
e21_Sbil_tau0.02,S,jpeg,60.0,6,0.0004882228871186574,0.0070245688160260516,0.01405118077588624,False,0.008475196703026691,0.01573094358291618,False,-0.6930551249377956,-0.30667765478596026
e21_Sbil_tau0.02,S,jpeg,75.0,6,0.0011043772101402283,0.006577643255392711,0.01307405546348414,False,0.00858993905906876,0.014852227287463927,False,-0.6489607387377523,-0.310829642980291
e21_Sbil_tau0.02,S,jpeg,85.0,6,0.009704388678073883,0.0022629847129185996,0.007146377513201887,False,0.006415835581719875,0.015068428297282138,False,-0.2232696687896331,-0.23215902575942512
e21_Sbil_tau0.02,S,jpeg,95.0,6,0.016334922052919865,0.003415492673714956,0.005956843711700184,False,0.0015960664798816044,0.013037665697168934,False,-0.3369779361126364,-0.05775416690420524
e21_Sbil_tau0.02,S,noise,0.0,6,0.03432028368115425,0.0029840221007665,0.007145182446227175,False,0.001050093366454045,0.006897259954983786,False,-0.294408363563279,-0.037997958302892536
e21_Sbil_tau0.02,S,noise,0.01,6,0.002756713889539242,0.003914353748162587,0.015393168100173648,False,0.0027068910809854665,0.0101560168307654,False,-0.38619636265707125,-0.09794970400878038
e21_Sbil_tau0.02,S,noise,0.02,6,0.0013340239723523457,0.005767832199732463,0.014806988908181388,False,0.004499882459640503,0.007220469511720842,False,-0.569063492792039,-0.16282966022985554
e21_Sbil_tau0.02,S,noise,0.04,6,0.0016513988375663757,0.014528659482796987,0.015010967937360795,False,0.011740727505336205,0.024052360789499152,False,-1.4334206378698267,-0.42484191258141063
e21_Sbil_tau0.02,S,noise,0.08,6,0.0025566120942433677,0.04032491147518158,0.022663885472298195,False,0.016916240720699232,0.02335237506411194,False,-3.9785198625682985,-0.6121194839249107
e21_Sbil_tau0.02,S,quantize,8.0,6,-0.005750442544619243,0.029491474231084187,0.024039367946288435,False,0.022511519646892946,0.026582223703096732,False,-2.909675724322498,-0.8145864093645987
e21_Sbil_tau0.02,S,quantize,16.0,6,0.009602654725313187,0.022558818260828655,0.023796039281895193,False,0.017147668171674013,0.036035071597481136,False,-2.2256888668438446,-0.6204937589305507
e21_Sbil_tau0.02,S,quantize,32.0,6,0.009573994514842829,0.005637265741825104,0.010436610598730887,False,0.0024889186024665833,0.00846283102363035,False,-0.5561815985195786,-0.09006230140770782
e21_Sbil_tau0.02,S,quantize,64.0,6,0.013700331561267376,0.003338197867075602,0.007331440592880293,False,0.00473824143409729,0.007537699441551312,False,-0.32935190762954075,-0.17145475458990603
e21_Sbil_tau0.02,S,quantize,256.0,6,0.03068940092221033,0.0030201623837153115,0.006808450027424795,False,0.001999267221738895,0.006813474536303347,False,-0.29797402132397066,-0.07234411239497998
e21_Sbil_tau0.05,S,blur,0.0,6,0.034354789492984615,0.0005356719096501669,0.0023044026727570646,False,-0.0015072459354996681,0.004303898411249858,False,-0.05285024205632142,0.054540167606922055
e21_Sbil_tau0.05,S,blur,0.5,6,0.03038680925965309,-0.0010450581709543865,0.006720457403543067,False,0.0011628448652724426,0.016978062492440226,False,0.10310710026580662,-0.04207790670324994
e21_Sbil_tau0.05,S,blur,1.0,6,0.004434138536453247,0.0031762893001238504,0.014040386361892036,False,0.004086620174348354,0.026908610977337166,False,-0.31337775106049365,-0.14787563462952683
e21_Sbil_tau0.05,S,blur,1.5,6,0.002072806159655253,0.0054340412219365435,0.02035220205181081,False,0.008063619490712881,0.021203446822698105,False,-0.5361311443620992,-0.29178460408063966
e21_Sbil_tau0.05,S,blur,2.0,6,0.0009738405545552572,-0.0008903468648592631,0.022893932796667838,False,0.0028430167585611343,0.02778247554286089,False,0.08784303689291707,-0.10287545440937543
e21_Sbil_tau0.05,S,blur,3.0,6,0.00039841731389363605,-0.010706332822640737,0.02628551390502162,False,-0.0033673279297848544,0.023885770332875703,False,1.0563038139924716,0.12184781882795548
e21_Sbil_tau0.05,S,jpeg,30.0,6,0.0002297485868136088,0.0017622758944829304,0.009771282768668984,False,0.007671332452446222,0.01779677113861618,False,-0.17386894088635027,-0.27758957438232185
e21_Sbil_tau0.05,S,jpeg,45.0,6,0.01096260299285253,0.005114468435446422,0.014671343053324641,False,0.005454183556139469,0.0191154654312962,False,-0.5046015852861974,-0.19736134515575895
e21_Sbil_tau0.05,S,jpeg,60.0,6,0.001906440903743108,0.0012799203395843506,0.009606967405885732,False,0.0075118270081778364,0.01608556525596739,False,-0.12627897513613998,-0.2718178197802898
e21_Sbil_tau0.05,S,jpeg,75.0,6,0.0024524877468744912,0.006061817208925883,0.013067715041044052,False,0.007475521881133318,0.016497922019019576,False,-0.5980685210880888,-0.270504107354625
e21_Sbil_tau0.05,S,jpeg,85.0,6,0.013183914124965668,-0.0001263245940208435,0.005466471888642658,False,0.0042206488239268465,0.011001793214698288,False,0.012463385238976258,-0.15272550341336075
e21_Sbil_tau0.05,S,jpeg,95.0,6,0.018672875128686428,0.0023416802287101746,0.005335142807670681,False,-0.0021206700863937535,0.009975391579624522,False,-0.2310338934641134,0.07673711318555197
e21_Sbil_tau0.05,S,noise,0.0,6,0.034354789492984615,0.0005356719096501669,0.0023044026727570646,False,-0.0015072459354996681,0.004303898411249858,False,-0.05285024205632142,0.054540167606922055
e21_Sbil_tau0.05,S,noise,0.01,6,0.002902503746251265,0.0039019137620925903,0.014723200610584514,False,0.0023548039607703686,0.009795332737383932,False,-0.38496901385805365,-0.08520932097208371
e21_Sbil_tau0.05,S,noise,0.02,6,0.0021591894328594208,0.00596984475851059,0.013692468370111751,False,0.004921626610060533,0.006800998133295877,False,-0.5889943729399515,-0.17809060478401811
e21_Sbil_tau0.05,S,noise,0.04,6,0.0021776407957077026,0.014565721154212952,0.013874244934478183,False,0.012709359793613354,0.025428647371803996,False,-1.437077201281234,-0.4598921761832817
e21_Sbil_tau0.05,S,noise,0.08,6,0.002581631143887838,0.039609466989835106,0.02236628497395129,False,0.017960534896701574,0.024282806927710152,False,-3.907932972445359,-0.6499075966997637
e21_Sbil_tau0.05,S,quantize,8.0,6,-0.0036568020780881247,0.030702486634254456,0.023214632428902822,False,0.023430784853796165,0.028006487079670916,False,-3.0291561329228935,-0.8478503096205927
e21_Sbil_tau0.05,S,quantize,16.0,6,0.013479672372341156,0.022175478438536327,0.022645067212364516,False,0.011721940711140633,0.035375288426257354,False,-2.1878679506580254,-0.42416210653245046
e21_Sbil_tau0.05,S,quantize,32.0,6,0.011206892939905325,0.007298206289609273,0.010734201781660778,False,0.005305953168620666,0.009413034271011112,False,-0.7200526330281455,-0.19199758202374265
e21_Sbil_tau0.05,S,quantize,64.0,6,0.014326874477167925,0.0034748862187067666,0.008678826377533656,False,0.004884740492949883,0.007302148537071618,False,-0.34283779766753886,-0.17675586905031954
e21_Sbil_tau0.05,S,quantize,256.0,6,0.032633176995765484,0.0013281479477882385,0.0026221544138402093,False,9.599234908819199e-05,0.005734957615509688,False,-0.131037187619295,-0.0034735133032663037
e21_Sbil_tau0.10,S,blur,0.0,6,0.03820841200649738,0.0014282489816347759,0.0028784032233051277,False,-0.0037856902927160263,0.006932420705793637,False,-0.14091331472913826,0.13698639233960327
e21_Sbil_tau0.10,S,blur,0.5,6,0.031030117223660152,-9.410579999287923e-05,0.00808076104392449,False,0.0003189731699724992,0.01532390990312881,False,0.009284627808420098,-0.011542144345968399
e21_Sbil_tau0.10,S,blur,1.0,6,0.0037798831860224404,0.004747594396273295,0.014991981263306454,False,0.004899533310284217,0.02645005581961548,False,-0.4684052094352726,-0.17729115179203458
e21_Sbil_tau0.10,S,blur,1.5,6,0.002019718289375305,0.005917323132356008,0.02033889336150444,False,0.008182469910631577,0.020987037687978678,False,-0.5838125058204415,-0.2960852438567024
e21_Sbil_tau0.10,S,blur,2.0,6,0.0008203983306884766,-0.00036169588565826416,0.022598427963841802,False,0.0029833082420130572,0.027855933717247514,False,0.03568549099447605,-0.10795194580409599
e21_Sbil_tau0.10,S,blur,3.0,6,0.0002045134703318278,-0.010415109495321909,0.02607691738968331,False,-0.003125361632555723,0.023613665754918706,False,1.027571257619861,0.11309219236031585
e21_Sbil_tau0.10,S,jpeg,30.0,6,0.0069303164879481,0.0036160225669542947,0.012418737207314352,False,0.006065274588763714,0.017918893104756518,False,-0.35676253412179587,-0.21947386611695463
e21_Sbil_tau0.10,S,jpeg,45.0,6,0.012390313049157461,0.003423646092414856,0.01293366967051445,False,0.004494950330505769,0.015314669896406558,False,-0.33778236536142353,-0.16265118958791733
e21_Sbil_tau0.10,S,jpeg,60.0,6,0.002474850664536158,0.005456668635209401,0.011680916617403005,False,0.007244757687052091,0.017737249926883004,False,-0.5383636009218615,-0.26215383250800944
e21_Sbil_tau0.10,S,jpeg,75.0,6,0.005166007826725642,0.0056381672620773315,0.011942129440774248,False,0.004227944960196813,0.016935263543527646,False,-0.5562705439406294,-0.15298951639602967
e21_Sbil_tau0.10,S,jpeg,85.0,6,0.014952675749858221,0.003656295438607534,0.01030159832380339,False,0.0029686209745705128,0.01145633355181986,False,-0.36073591965281404,-0.10742048241836889
e21_Sbil_tau0.10,S,jpeg,95.0,6,0.02272876538336277,0.0006201068560282389,0.00560664678781866,False,-0.0010890707684059937,0.01052975961482327,False,-0.06118072807528759,0.039408367835452936
e21_Sbil_tau0.10,S,noise,0.0,6,0.03820841200649738,0.0014282489816347759,0.0028784032233051277,False,-0.0037856902927160263,0.006932420705793637,False,-0.14091331472913826,0.13698639233960327
e21_Sbil_tau0.10,S,noise,0.01,6,0.0006715571507811546,0.004466498891512553,0.01409826452732656,False,0.002284502610564232,0.008472962246487224,False,-0.4406718801344117,-0.08266544453299117
e21_Sbil_tau0.10,S,noise,0.02,6,0.001748175670703252,0.006598557035128276,0.014467840733597413,False,0.005274930503219366,0.006597041274789771,False,-0.6510241254889056,-0.1908750171318762
e21_Sbil_tau0.10,S,noise,0.04,6,0.0013664464155832927,0.014584816992282867,0.014980636280353668,False,0.01187012018635869,0.024546026623747424,False,-1.4389612270180372,-0.42952402738687256
e21_Sbil_tau0.10,S,noise,0.08,6,0.002849807341893514,0.03987200061480204,0.021179481808458148,False,0.018072145991027355,0.023040666727968343,False,-3.9338349571816638,-0.653946279205351
e21_Sbil_tau0.10,S,quantize,8.0,6,-0.0038595994313557944,0.02764117221037547,0.021231278314237864,False,0.025425555960585672,0.02988867926987284,False,-2.727121985905227,-0.9200317286838847
e21_Sbil_tau0.10,S,quantize,16.0,6,0.013895995914936066,0.02160413811604182,0.02290042522807097,False,0.010418439749628305,0.03459027466299515,False,-2.1314986062955565,-0.37699451480622154
e21_Sbil_tau0.10,S,quantize,32.0,6,0.014763390645384789,0.008919410407543182,0.012201584628257479,False,0.00514212545628349,0.00918812962653925,False,-0.8800032082066501,-0.18606942479400293
e21_Sbil_tau0.10,S,quantize,64.0,6,0.014236758152643839,0.00292240579922994,0.004397862620007696,False,-0.000120578333735466,0.006678824418550128,False,-0.2883292013146011,0.0043631648802659176
e21_Sbil_tau0.10,S,quantize,256.0,6,0.033028698362113355,0.0021100143591562905,0.0035602533141027063,False,-0.000705999011794726,0.007235126302848399,False,-0.2081773705411419,0.02554679599838548
e22_Sbic_d6_tau0.02,S,blur,0.0,6,0.05821000753591458,0.0013786926865577698,0.005940392076905566,False,0.003465993174662193,0.012520405655229149,False,-0.13602401188713426,-0.12541805170491732
e22_Sbic_d6_tau0.02,S,blur,0.5,6,0.03064527114232381,0.000364127258459727,0.005819429553779827,False,0.002956296938161055,0.012557197775826767,False,-0.03592537409973424,-0.10697453328987261
e22_Sbic_d6_tau0.02,S,blur,1.0,6,0.0023210744063059487,0.0042008136709531145,0.013466503252846092,False,0.007519902661442757,0.031042408402052347,False,-0.41445895396749055,-0.27211003983026993
e22_Sbic_d6_tau0.02,S,blur,1.5,6,0.0020524958769480386,0.006350256502628326,0.020746566565160413,False,0.010775194658587376,0.020237119381341356,False,-0.6265264002788868,-0.3899038032447865
e22_Sbic_d6_tau0.02,S,blur,2.0,6,0.000847935676574707,0.0008733992775281271,0.022390195379801043,False,0.0034376871772110462,0.025975970420582882,False,-0.0861709609886455,-0.12439379029614142
e22_Sbic_d6_tau0.02,S,blur,3.0,6,-0.0005539606014887492,-0.010932390888532003,0.02640371766142058,False,-0.0029817793207863965,0.024363062060500092,False,1.0786070620924881,0.10789662130927012
e22_Sbic_d6_tau0.02,S,jpeg,30.0,6,0.007786169648170471,0.014506973326206207,0.017863237214403867,False,0.010557263934363922,0.01838213958313065,False,-1.4312810471904451,-0.3820179115360092
e22_Sbic_d6_tau0.02,S,jpeg,45.0,6,0.01261889934539795,0.004790765543778737,0.009712074067604022,False,0.007658944620440404,0.015089640221041357,False,-0.4726645434686771,-0.2771413167901328
e22_Sbic_d6_tau0.02,S,jpeg,60.0,6,0.012706390271584192,0.008589101334412893,0.008025065688443894,False,0.01667790689195196,0.02087110369611474,False,-0.8474143900255071,-0.6034952994702574
e22_Sbic_d6_tau0.02,S,jpeg,75.0,6,0.010783163209756216,0.005706648031870524,0.00827532571879795,False,0.014366636363168558,0.009858392710082414,False,-0.5630269655385756,-0.519861249408615
e22_Sbic_d6_tau0.02,S,jpeg,85.0,6,0.025946480532487232,0.0052670737107594805,0.006215074916293491,False,0.01685417660822471,0.010703618360142778,False,-0.5196578643145935,-0.6098736745204798
e22_Sbic_d6_tau0.02,S,jpeg,95.0,6,0.03384867372612158,0.0036825239658355713,0.004732898577377199,False,0.007929304459442696,0.007430863026431294,False,-0.3633236678393633,-0.2869243724853384
e22_Sbic_d6_tau0.02,S,noise,0.0,6,0.05821000753591458,0.0013786926865577698,0.005940392076905566,False,0.003465993174662193,0.012520405655229149,False,-0.13602401188713426,-0.12541805170491732
e22_Sbic_d6_tau0.02,S,noise,0.01,6,0.026355207276841004,0.0028672839204470315,0.01274790716225456,False,0.0019201945203046005,0.008884781068675834,False,-0.2828907891376803,-0.0694828418565865
e22_Sbic_d6_tau0.02,S,noise,0.02,6,0.011669434607028961,0.00790455937385559,0.012496775795101698,False,0.0025684374074141183,0.005185944587225793,False,-0.7798763921178153,-0.09293971434185049
e22_Sbic_d6_tau0.02,S,noise,0.04,6,0.008549287915229797,0.020440732439359028,0.016776925137168636,False,0.011658447328954935,0.02659620308969516,False,-2.0167151530012837,-0.4218645785545825
e22_Sbic_d6_tau0.02,S,noise,0.08,6,0.006159444650014241,0.039173523585001625,0.02103945448238826,False,0.016990522698809702,0.026552590314120543,False,-3.864922103192661,-0.6148074006350498
e22_Sbic_d6_tau0.02,S,quantize,8.0,6,-0.001115269958972931,0.030817240476608276,0.020486274297752252,False,0.026751582665989797,0.03071733194199873,False,-3.0404779294106974,-0.968014421528248
e22_Sbic_d6_tau0.02,S,quantize,16.0,6,0.01379487415154775,0.021273883680502575,0.024243256353488625,False,0.015764599821219843,0.02989352483131852,False,-2.0989151787459925,-0.5704469962430846
e22_Sbic_d6_tau0.02,S,quantize,32.0,6,0.02605323741833369,0.008485294878482819,0.013281152292767644,False,0.011037657813479504,0.01579650564699156,False,-0.8371726800831355,-0.3994011149450915
e22_Sbic_d6_tau0.02,S,quantize,64.0,6,0.03869324022283157,0.0008089741071065267,0.0074922425402616545,False,0.0026568110721806684,0.011682328467473588,False,-0.07981467127107383,-0.09613754315988457
e22_Sbic_d6_tau0.02,S,quantize,256.0,6,0.05911169852162532,0.0012946948409080505,0.006415200505148607,False,0.0031373558255533376,0.012239237021433265,False,-0.12773665092079878,-0.11352620600134969
e22_Sbic_d6_tau0.05,S,blur,0.0,6,0.08761796168982983,0.0006523629029591879,0.00362966021654011,False,0.0016383505426347256,0.011960877018779648,False,-0.0643631609364657,-0.05928422899648901
e22_Sbic_d6_tau0.05,S,blur,0.5,6,0.055479137847820915,-0.00028496235609054565,0.006373778048144788,False,-0.0027664845498899617,0.012882158352290422,False,0.02811483899941757,0.10010611239959258
e22_Sbic_d6_tau0.05,S,blur,1.0,6,0.009077489376068115,0.0032413204511006675,0.01647175350479687,False,0.013376117683947086,0.031091569048690343,False,-0.3197938277828488,-0.48401901987583684
e22_Sbic_d6_tau0.05,S,blur,1.5,6,0.004800751805305481,0.008328072726726532,0.020768755948580124,False,0.012184582805881897,0.02296406767970428,False,-0.8216608926863277,-0.44090295604805474
e22_Sbic_d6_tau0.05,S,blur,2.0,6,0.003027215600013733,0.0005491996804873148,0.021369168208088884,False,0.0030591775042315326,0.025783516237304346,False,-0.05418491342949951,-0.11069729888825434
e22_Sbic_d6_tau0.05,S,blur,3.0,6,0.00033456583817799884,-0.011081946392854055,0.026017586248704126,False,-0.001702017926921447,0.02609907468216503,False,1.093362445867302,0.061588053295037186
e22_Sbic_d6_tau0.05,S,jpeg,30.0,6,0.015265400211016336,0.009249672293663025,0.014395546632404202,False,0.013949762874593338,0.012984304991502141,False,-0.9125873708423388,-0.5047765512831976
e22_Sbic_d6_tau0.05,S,jpeg,45.0,6,0.02220597118139267,0.006780239442984263,0.010509722620875938,False,0.006587816557536523,0.01529031199628655,False,-0.6689492006320751,-0.2383822113891362
e22_Sbic_d6_tau0.05,S,jpeg,60.0,6,0.02079606180389722,0.007265262305736542,0.013146663405706575,False,0.006348174996674061,0.01643825422664735,False,-0.7168023272148157,-0.22971070623713177
e22_Sbic_d6_tau0.05,S,jpeg,75.0,6,0.017220976452032726,-0.0007636174559593201,0.003709835472915354,False,0.009378007923563322,0.01602571766387571,False,0.0753397119745158,-0.3393461623770285
e22_Sbic_d6_tau0.05,S,jpeg,85.0,6,0.042569064845641456,0.0008094509442647299,0.007349816476014075,False,0.005059340347846349,0.013481414142923304,False,-0.07986171678303458,-0.1830738196421323
e22_Sbic_d6_tau0.05,S,jpeg,95.0,6,0.05722829389075438,0.002061667541662852,0.002023970762912626,False,0.003496364845583836,0.009993991602513378,False,-0.20340739667999672,-0.12651706015705794
e22_Sbic_d6_tau0.05,S,noise,0.0,6,0.08761796168982983,0.0006523629029591879,0.00362966021654011,False,0.0016383505426347256,0.011960877018779648,False,-0.0643631609364657,-0.05928422899648901
e22_Sbic_d6_tau0.05,S,noise,0.01,6,0.04275435550759236,0.0025450016061464944,0.006732443379975986,False,-0.0015618312172591686,0.008180015315561331,False,-0.25109390374120977,0.0565153531728047
e22_Sbic_d6_tau0.05,S,noise,0.02,6,0.025848108033339184,0.007725529372692108,0.011998342954964148,False,0.005254247381041448,0.01925078156210265,False,-0.7622130076349276,-0.19012659185923206
e22_Sbic_d6_tau0.05,S,noise,0.04,6,0.0196176345149676,0.017055432001749676,0.020372630918951664,False,0.01468405919149518,0.027052662829470272,False,-1.6827160308933704,-0.53134729415516
e22_Sbic_d6_tau0.05,S,noise,0.08,6,0.013278608520825705,0.04334303239981333,0.027604603455525033,False,0.02084426845734318,0.027328598445070188,False,-4.2762924702941865,-0.7542564013817014
e22_Sbic_d6_tau0.05,S,quantize,8.0,6,0.009984354178110758,0.0324166938662529,0.021910090227502624,False,0.02466769392291705,0.033368860516410186,False,-3.198282543163409,-0.8926082528039067
e22_Sbic_d6_tau0.05,S,quantize,16.0,6,0.04018977036078771,0.023800301055113476,0.02394023429869236,False,0.013908011994014183,0.03801144436071428,False,-2.348175532664274,-0.5032657825553531
e22_Sbic_d6_tau0.05,S,quantize,32.0,6,0.05108316925664743,0.006850006679693858,0.0120863519710598,False,0.003554464317858219,0.01517760855116574,False,-0.675832547100832,-0.12861940781054032
e22_Sbic_d6_tau0.05,S,quantize,64.0,6,0.06623935730506976,0.0030538439750671387,0.007267107273639437,False,0.0015489541304608185,0.010949818174427865,False,-0.30129710066361476,-0.056049391742271415
e22_Sbic_d6_tau0.05,S,quantize,256.0,6,0.08540150522286825,0.0004189064105351766,0.00417254071532571,False,0.001917234156280756,0.01151017445722985,False,-0.04132997231493327,-0.06937572015452369
e22_Sbic_d6_tau0.10,S,blur,0.0,6,0.08610262162983418,0.004099833468596141,0.0060187714366825885,False,0.003603684871147076,0.010447619050212522,False,-0.4044960866949697,-0.130400468991634
e22_Sbic_d6_tau0.10,S,blur,0.5,6,0.05509724095463753,0.002246593435605367,0.008294252735024911,False,0.003921805415302515,0.009657322800038278,False,-0.2216524793159824,-0.14191176080459952
e22_Sbic_d6_tau0.10,S,blur,1.0,6,0.007829795281092325,0.0024457921584447226,0.014573769386766036,False,0.009483578149229288,0.02607523946950245,False,-0.24130574193758483,-0.3431662541527039
e22_Sbic_d6_tau0.10,S,blur,1.5,6,0.00391186277071635,0.0072989314794540405,0.01873222581343698,False,0.012437548333158096,0.02413939753901855,False,-0.7201241814109192,-0.45005659310984153
e22_Sbic_d6_tau0.10,S,blur,2.0,6,0.001938973863919576,0.0009742875893910726,0.02037553869137086,False,0.00242798263207078,0.026010998854248513,False,-0.09612476219896561,-0.08785731417874854
e22_Sbic_d6_tau0.10,S,blur,3.0,6,-0.0005776236454645792,-0.010948923726876577,0.026226892701543204,False,-0.00255649924899141,0.02537407557003258,False,1.080238218202502,0.09250772832951026
e22_Sbic_d6_tau0.10,S,jpeg,30.0,6,0.01991082727909088,0.012062105039755503,0.01743010550264905,False,0.011479059855143229,0.014379086885169132,False,-1.1900664559322842,-0.415373386468515
e22_Sbic_d6_tau0.10,S,jpeg,45.0,6,0.02077842503786087,0.0022416661183039346,0.008805731604428404,False,0.005853360053151846,0.01651114648326619,False,-0.22116634235905464,-0.21180567208279208
e22_Sbic_d6_tau0.10,S,jpeg,60.0,6,0.016624315331379574,0.009726924200852713,0.008514284102789503,False,0.005837099316219489,0.020747598742722154,False,-0.9596738025973442,-0.2112172722093442
e22_Sbic_d6_tau0.10,S,jpeg,75.0,6,0.021052834888299305,0.003001044193903605,0.003362689082019271,False,0.010174598234395186,0.014596536826441993,False,-0.29608779032879445,-0.3681710329860955
e22_Sbic_d6_tau0.10,S,jpeg,85.0,6,0.03922565778096517,0.0007159337401390076,0.0024027975132425135,False,0.009111708340545496,0.014223121804916227,False,-0.07063516077844102,-0.32971002831996055
e22_Sbic_d6_tau0.10,S,jpeg,95.0,6,0.057355657840768494,0.002241631348927816,0.0011979680503537442,False,0.0029885703697800636,0.008195871369530823,False,-0.22116291195714086,-0.10814235755019662
e22_Sbic_d6_tau0.10,S,noise,0.0,6,0.08610262162983418,0.004099833468596141,0.0060187714366825885,False,0.003603684871147076,0.010447619050212522,False,-0.4044960866949697,-0.130400468991634
e22_Sbic_d6_tau0.10,S,noise,0.01,6,0.04274669320633014,0.006465129554271698,0.008854647125431499,False,0.004375588148832321,0.009501448191661785,False,-0.6378599581446808,-0.15833203155201286
e22_Sbic_d6_tau0.10,S,noise,0.02,6,0.026318851858377457,0.010353448490301767,0.011683089056039746,False,0.011865395742158094,0.01922620245918982,False,-1.0214876848544368,-0.42935307188951066
e22_Sbic_d6_tau0.10,S,noise,0.04,6,0.020331198970476787,0.018593768278757732,0.02051395816406039,False,0.015372263888518015,0.026118112240127438,False,-1.8344907331677383,-0.5562501972842723
e22_Sbic_d6_tau0.10,S,noise,0.08,6,0.013606707255045572,0.0465536837776502,0.02266587793853767,False,0.021223929865906637,0.024318782391526614,False,-4.593060438560352,-0.7679945687034574
e22_Sbic_d6_tau0.10,S,quantize,8.0,6,0.011453119417031607,0.031028345227241516,0.022375613337662668,False,0.03034637946014603,0.03341864124935956,False,-3.0613058596590697,-1.0980932726621944
e22_Sbic_d6_tau0.10,S,quantize,16.0,6,0.035055600106716156,0.023622093101342518,0.02094649630736084,False,0.014623697226246199,0.033464836256675796,False,-2.3305932526837765,-0.5291630774827354
e22_Sbic_d6_tau0.10,S,quantize,32.0,6,0.051749905571341515,0.010723950962225596,0.015994185183305844,False,0.012507307343184948,0.024850228923151158,False,-1.058042047647938,-0.45258084479919586
e22_Sbic_d6_tau0.10,S,quantize,64.0,6,0.06682607438415289,0.004566865662733714,0.0052305833053742975,False,0.003627356762687365,0.01092874014303955,False,-0.45057422531602476,-0.13125704382243772
e22_Sbic_d6_tau0.10,S,quantize,256.0,6,0.08575373638764155,0.004299071927865346,0.006413115723021036,False,0.004361335964252551,0.010248182317641508,False,-0.4241532697759022,-0.1578163117763362
e23_P_s100_tau0.05,P,blur,0.0,6,0.11862832928697269,0.009021776417891184,0.0070529600838426,False,0.008529334173848232,0.0055925054284488305,False,-0.8901028014983069,-0.30863663617239395
e23_P_s100_tau0.05,P,blur,0.5,6,0.05066001042723656,0.004638207455476125,0.007258970642016056,False,0.004878224339336157,0.007333565967290408,False,-0.45761291998573533,-0.17652007998506172
e23_P_s100_tau0.05,P,blur,1.0,6,0.007458612322807312,0.003634728491306305,0.018336735239214603,False,0.011675499845296144,0.02531128963630315,False,-0.3586080903514227,-0.42248162921464016
e23_P_s100_tau0.05,P,blur,1.5,6,0.006216123700141907,0.007202657560507457,0.02375779618958291,False,0.009838832697520653,0.022247873054944297,False,-0.7106256435403026,-0.35602125156923975
e23_P_s100_tau0.05,P,blur,2.0,6,0.005184561014175415,0.000464541216691335,0.023815106743589894,False,0.0029425742104649544,0.026147789993738842,False,-0.045832374826801726,-0.10647797207783566
e23_P_s100_tau0.05,P,blur,3.0,6,0.0045700569947560625,-0.0089252640803655,0.02529189587667924,False,-0.00401902524754405,0.02511154048498826,False,0.88058074087171,0.145429690971326
e23_P_s100_tau0.05,P,jpeg,30.0,6,0.010844004650910696,0.0028839210669199624,0.015487252652064713,False,0.00489642471075058,0.017908901755660726,False,-0.2845322364534357,-0.17717866614148867
e23_P_s100_tau0.05,P,jpeg,45.0,6,0.028703587750593822,0.002421565353870392,0.009233597846764145,False,0.011673996845881144,0.017117425109179796,False,-0.23891548688978745,-0.42242724270871135
e23_P_s100_tau0.05,P,jpeg,60.0,6,0.02734328682223956,0.008083532253901163,0.01767554121821966,False,0.019560237880796194,0.026593773597214827,False,-0.797534140940416,-0.7077933516511548
e23_P_s100_tau0.05,P,jpeg,75.0,6,0.03818413118521372,0.005636125802993774,0.019573423959290938,False,0.020328834497680266,0.032046956733426175,False,-0.5560691303425475,-0.7356052616518102
e23_P_s100_tau0.05,P,jpeg,85.0,6,0.041162182887395225,0.01032878210147222,0.008929378847073881,False,0.012658191534380117,0.0078486753299313,False,-1.0190540597253006,-0.45804063665080985
e23_P_s100_tau0.05,P,jpeg,95.0,6,0.07163941177229087,0.009279929101467133,0.007429692420667794,False,0.010228088280806938,0.007045881708299953,False,-0.9155725555934731,-0.37010658711690286
e23_P_s100_tau0.05,P,noise,0.0,6,0.11862832928697269,0.009021776417891184,0.0070529600838426,False,0.008529334173848232,0.0055925054284488305,False,-0.8901028014983069,-0.30863663617239395
e23_P_s100_tau0.05,P,noise,0.01,6,0.07331526807198922,0.00957591583331426,0.012218020029738104,False,0.009639083407819271,0.0065478522579910225,False,-0.9447750770282749,-0.3487932607794916
e23_P_s100_tau0.05,P,noise,0.02,6,0.04423563679059347,0.008676675458749136,0.00808676300151677,False,0.010910647145162026,0.014135283962652031,False,-0.8560545923315482,-0.3948051940175582
e23_P_s100_tau0.05,P,noise,0.04,6,0.018910974264144897,0.01847485452890396,0.011486271898094454,False,0.016550966693709295,0.026866212886945882,False,-1.8227585135938185,-0.5989019285245161
e23_P_s100_tau0.05,P,noise,0.08,6,0.004878371953964233,0.04370013872782389,0.02563967746644153,False,0.01429969584569335,0.025748962933527447,False,-4.311525148236041,-0.5174389857575397
e23_P_s100_tau0.05,P,quantize,8.0,6,0.011011987924575806,0.03624551743268967,0.016033238358676864,False,0.026633760736634333,0.022576255195280753,False,-3.5760403621412293,-0.9637509980062681
e23_P_s100_tau0.05,P,quantize,16.0,6,0.022258520126342773,0.022525007526079815,0.024242241956580125,False,0.00801758018011848,0.024572231694693678,False,-2.222353046011378,-0.2901186571656836
e23_P_s100_tau0.05,P,quantize,32.0,6,0.06723213257888953,0.010469260315100351,0.009128814737351859,False,0.010826959119488796,0.005581987082601632,False,-1.0329138635719035,-0.39177691652189045
e23_P_s100_tau0.05,P,quantize,64.0,6,0.10194846522063017,0.008331013222535452,0.007722334099281576,False,0.00820269047593077,0.005566012954359032,False,-0.8219510066767524,-0.29681693136339926
e23_P_s100_tau0.05,P,quantize,256.0,6,0.11814717202479773,0.009050093591213226,0.00716929436780966,False,0.008470689101765553,0.005520383355959069,False,-0.8928966188283927,-0.3065145458184737
e23_Sbic_s100_tau0.05,S,blur,0.0,6,0.10131066106259823,0.00563118855158488,0.011472363252048801,False,0.001916386652737856,0.012513430715850704,False,-0.5555820132707872,-0.06934505297262021
e23_Sbic_s100_tau0.05,S,blur,0.5,6,0.0722573883831501,0.004058266679445903,0.008673940544186985,False,0.007361640688031912,0.01564220030234448,False,-0.4003950412070164,-0.2663832806117963
e23_Sbic_s100_tau0.05,S,blur,1.0,6,0.012216677268346151,0.004267111420631409,0.015195212789198621,False,0.01029663160443306,0.02890029049518765,False,-0.4209999953309914,-0.37258684881199566
e23_Sbic_s100_tau0.05,S,blur,1.5,6,0.006215676665306091,0.007131936649481456,0.018765634256240157,False,0.007686806687464316,0.021933086641243722,False,-0.7036482060476241,-0.2781495144369593
e23_Sbic_s100_tau0.05,S,blur,2.0,6,0.0029994845390319824,0.0005339384078979492,0.021082766948175936,False,0.0007023016611735026,0.025726385359927564,False,-0.05267921201804745,-0.025413006204806615
e23_Sbic_s100_tau0.05,S,blur,3.0,6,0.0002561211585998535,-0.011915264030297598,0.027865842973287484,False,-0.004359672001252572,0.023539166452667994,False,1.1755788885354552,0.15775610075252575
e23_Sbic_s100_tau0.05,S,jpeg,30.0,6,0.022903655966122944,0.0118980606396993,0.017788829319159913,False,0.007863616415609917,0.015285077100986004,False,-1.1738815746742464,-0.28454742998642035
e23_Sbic_s100_tau0.05,S,jpeg,45.0,6,0.028445348143577576,0.006351667145888011,0.012293356362493619,False,0.007952108047902584,0.013736566039645463,False,-0.6266655765851041,-0.287749527496441
e23_Sbic_s100_tau0.05,S,jpeg,60.0,6,0.035082622120777764,0.004753371079762776,0.008639215609858154,False,0.008334794081747532,0.019866134100413248,False,-0.46897514621038033,-0.3015971418340524
e23_Sbic_s100_tau0.05,S,jpeg,75.0,6,0.032634553809960685,-0.0005687077840169271,0.004311407082913565,False,0.007946427756299576,0.016207716325267334,False,0.05610961393185199,-0.28754398436058803
e23_Sbic_s100_tau0.05,S,jpeg,85.0,6,0.047905844946702324,0.0027979413668314614,0.0026945266819491972,False,0.005862304475158453,0.011928020631754776,False,-0.2760493425780134,-0.2121293288025733
e23_Sbic_s100_tau0.05,S,jpeg,95.0,6,0.0671206855525573,0.007880975802739462,0.008801321756353562,False,0.003218973365922769,0.015130384639051772,False,-0.7775495995054234,-0.11647956233595332
e23_Sbic_s100_tau0.05,S,noise,0.0,6,0.10131066106259823,0.00563118855158488,0.011472363252048801,False,0.001916386652737856,0.012513430715850704,False,-0.5555820132707872,-0.06934505297262021
e23_Sbic_s100_tau0.05,S,noise,0.01,6,0.055696130730211735,0.005275438229242961,0.010885932180620483,False,0.00302296985561649,0.010312204124922585,False,-0.5204831210035717,-0.10938711375017846
e23_Sbic_s100_tau0.05,S,noise,0.02,6,0.04101540520787239,0.0094773198167483,0.011941139314094757,False,0.005450143789251645,0.01869099865001328,False,-0.9350474373155576,-0.1972151649220191
e23_Sbic_s100_tau0.05,S,noise,0.04,6,0.02391785631577174,0.017441612978776295,0.01621301666401224,False,0.010294839118917784,0.030567422454953183,False,-1.720817259921289,-0.37252198716059987
e23_Sbic_s100_tau0.05,S,noise,0.08,6,0.015020161867141724,0.0431856835881869,0.027575917934035347,False,0.02484348618114988,0.02094170490507293,False,-4.260768186433264,-0.8989693508849835
e23_Sbic_s100_tau0.05,S,quantize,8.0,6,0.020085372030735016,0.03006115307410558,0.022083537930781882,False,0.027636890144397814,0.030612695927565662,False,-2.965881144479228,-1.0000495507124099
e23_Sbic_s100_tau0.05,S,quantize,16.0,6,0.04644825061162313,0.023119280735651653,0.022989115974573992,False,0.01624680481230219,0.032422338024949156,False,-2.2809849854647086,-0.5878957353075606
e23_Sbic_s100_tau0.05,S,quantize,32.0,6,0.061458891878525414,0.005497929950555165,0.01152656486595302,False,0.00583925951893131,0.013788455059733189,False,-0.5424345078787149,-0.21129543982299814
e23_Sbic_s100_tau0.05,S,quantize,64.0,6,0.07975080143660307,0.006162722905476888,0.012280630541893281,False,0.0026906615433593592,0.012709261436375793,False,-0.6080240374993658,-0.09736243309202895
e23_Sbic_s100_tau0.05,S,quantize,256.0,6,0.10011131501789026,0.005409042040506999,0.011641113343113305,False,0.0013284916058182716,0.012806882053094257,False,-0.5336646853860738,-0.04807188604008249
e23_Sbic_s100_tau0.10,S,blur,0.0,3,0.1281241923570633,0.0032346596320470176,0.00695287432323,False,0.0011704952145616214,0.008690014720227415,False,-0.31913666078764713,-0.04235473699527855
e23_Sbic_s100_tau0.10,S,blur,0.5,3,0.09048223495483398,-0.0009145836035410563,0.0033338005033354367,False,0.0003644786775112152,0.021338408786407914,False,0.09023427205554696,-0.013188775429685242
e23_Sbic_s100_tau0.10,S,blur,1.0,3,0.020839810371398926,-0.00218293567498525,0.00672764535637517,False,-0.005194648479421933,0.020735005717346423,False,0.21537190346922255,0.18796998688392047
e23_Sbic_s100_tau0.10,S,blur,1.5,3,0.008587092161178589,-0.003863265117009481,0.01630002787037579,False,-0.0015717803811033566,0.011948108120999758,False,0.3811558771021518,0.056875366791571465
e23_Sbic_s100_tau0.10,S,blur,2.0,3,0.004166622956593831,-0.010842849810918173,0.021741492471315235,False,-0.014639386907219887,0.01675246531459837,False,1.069772797049609,0.5297308135169483
e23_Sbic_s100_tau0.10,S,blur,3.0,3,0.0008229712645212809,-0.01753513018290202,0.026420328509173096,False,-0.012012219366927942,0.019359878842071084,False,1.7300438159258829,0.43466593086958727
e23_Sbic_s100_tau0.10,S,jpeg,30.0,3,0.04576582213242849,0.008820032080014547,0.01152640234633548,False,0.006606318987905979,0.010244812315595892,False,-0.8701983844508725,-0.23905172764372873
e23_Sbic_s100_tau0.10,S,jpeg,45.0,3,0.04242327809333801,0.004115829865137736,0.00730749725374106,False,-0.00466193538159132,0.010794881734114048,False,-0.40607431660402793,0.1686935961119974
e23_Sbic_s100_tau0.10,S,jpeg,60.0,3,0.048568956553936005,0.0017929573853810628,0.0032712129638776013,False,8.69855284690857e-06,0.01654992446786044,False,-0.17689602554657463,-0.00031475986700921964
e23_Sbic_s100_tau0.10,S,jpeg,75.0,3,0.05960218111673991,0.0010037521521250408,0.003961422372570074,False,0.010533977299928665,0.005076797600183652,False,-0.09903178279220683,-0.3811752773545616
e23_Sbic_s100_tau0.10,S,jpeg,85.0,3,0.08298559486865997,0.0044691065947214765,0.005470636162076008,False,0.0037545794621109962,0.011051256466303127,False,-0.44092916027794704,-0.13586063716214683
e23_Sbic_s100_tau0.10,S,jpeg,95.0,3,0.09974297384421031,0.0038791298866271973,0.006665954629481897,False,-0.0007919687777757645,0.010477276922429841,False,-0.38272112048967916,0.028657638983793372
e23_Sbic_s100_tau0.10,S,noise,0.0,3,0.1281241923570633,0.0032346596320470176,0.00695287432323,False,0.0011704952145616214,0.008690014720227415,False,-0.31913666078764713,-0.04235473699527855
e23_Sbic_s100_tau0.10,S,noise,0.01,3,0.09851506414512794,0.006243427594502767,0.004987982895685816,False,0.01058221391091744,0.006675768772112549,False,-0.6159864903987224,-0.3829207342744673
e23_Sbic_s100_tau0.10,S,noise,0.02,3,0.07397769143184026,0.008035749197006226,0.004416676447331805,False,0.008042567409574986,0.005875647080237496,False,-0.7928197885960161,-0.2910228279121375
e23_Sbic_s100_tau0.10,S,noise,0.04,3,0.053038413325945534,0.0188368558883667,0.012396855606313144,False,0.010426275121668974,0.01681430818552445,False,-1.8584741431193945,-0.377278040204629
e23_Sbic_s100_tau0.10,S,noise,0.08,3,0.02641165256500244,0.042397111654281616,0.019725561563343347,False,0.023484653793275356,0.016420607365045362,False,-4.18296642599947,-0.8497995741160569
e23_Sbic_s100_tau0.10,S,quantize,8.0,3,0.03462713956832886,0.024745901425679524,0.024509460475635913,False,0.01879288038859765,0.014757727310280565,False,-2.4414699682556424,-0.6800262797664581
e23_Sbic_s100_tau0.10,S,quantize,16.0,3,0.09257524212201436,0.009561106562614441,0.008297147807992218,False,0.006959427148103714,0.006571884123347531,False,-0.9433139708417022,-0.2518290573329091
e23_Sbic_s100_tau0.10,S,quantize,32.0,3,0.10073257361849149,0.00242769718170166,0.009721286801013135,False,0.0024997595076759658,0.008379856131550205,False,-0.23952046277015768,-0.09045458296787304
e23_Sbic_s100_tau0.10,S,quantize,64.0,3,0.11168603288630645,0.0007713188727696737,0.004374464368350796,False,-0.0019167851035793622,0.004246276836442152,False,-0.07609954599842352,0.06935947104147483
e23_Sbic_s100_tau0.10,S,quantize,256.0,3,0.12698031464441398,0.0033509830633799234,0.006743603352704743,False,0.0014079175889492035,0.008558918141300824,False,-0.3306133154189883,-0.05094594018763573
e2_la,LA,blur,0.0,6,0.009311232172573606,0.0016326680779457092,0.0010232694932438115,False,0.00144139863550663,0.0045492565893160575,False,-0.1610816276952276,-0.052157462373822176
e2_la,LA,blur,0.5,6,0.0001564261813958486,0.00017134100198745728,0.006337497742438199,False,0.0007532988674938679,0.01566603520494142,False,-0.016904775602520614,-0.027258356133897942
e2_la,LA,blur,1.0,6,-0.0005979090929031372,0.0032772719860076904,0.013436917470521354,False,0.004545647030075391,0.026491490188047032,False,-0.3233408633617227,-0.16448566558584285
e2_la,LA,blur,1.5,6,0.000122298796971639,0.006675782303015391,0.021174265763717667,False,0.008991956245154142,0.02163189126557561,False,-0.6586432931681737,-0.32537676113370045
e2_la,LA,blur,2.0,6,0.0001648565133412679,-0.000293309489885966,0.022652848042947465,False,0.0026693507097661495,0.027551872682527713,False,0.02893838048743879,-0.09659129388465629
e2_la,LA,blur,3.0,6,-0.000308533509572347,-0.01078993578751882,0.02601120921512968,False,-0.0032372448282937207,0.023648251401332202,False,1.0645522153942146,0.11714072094097215
e2_la,LA,jpeg,30.0,6,0.0026586304108301797,0.009386849900086721,0.01614816600826609,False,0.004653586695591609,0.01992868877250926,False,-0.9261215315358383,-0.16839149628674835
e2_la,LA,jpeg,45.0,6,0.0023074944814046225,0.0008348499735196432,0.009500949508502905,False,0.0037463118011752763,0.01857125681987967,False,-0.08236762538106879,-0.13556146925428852
e2_la,LA,jpeg,60.0,6,-0.0017101801931858063,0.008680249253908793,0.01579162570309144,False,0.008647878809521595,0.01724348644627881,False,-0.8564071886425456,-0.3129262110494915
e2_la,LA,jpeg,75.0,6,0.0021924947698911033,0.0061239078640937805,0.012904584695999775,False,0.011155498214066029,0.017426807465355697,False,-0.6041944838200193,-0.4036652068543693
e2_la,LA,jpeg,85.0,6,3.41398020585378e-05,0.0056190093358357745,0.00623045076381798,False,0.01114495393509666,0.012463111394283088,False,-0.554380392486123,-0.40328365880787026
e2_la,LA,jpeg,95.0,6,0.004211185500025749,0.003945278624693553,0.004065388826677673,False,0.005638946313410997,0.014827644132025315,False,-0.38924746013069234,-0.20404704356221418
e2_la,LA,noise,0.0,6,0.009311232172573606,0.0016326680779457092,0.0010232694932438115,False,0.00144139863550663,0.0045492565893160575,False,-0.1610816276952276,-0.052157462373822176
e2_la,LA,noise,0.01,6,0.0015655777727564175,0.005311613281567891,0.01328923915583117,False,0.00203118147328496,0.006537512722560837,False,-0.5240522091661771,-0.07349893961154488
e2_la,LA,noise,0.02,6,-0.0006313417106866837,0.006476864218711853,0.014529750563139253,False,0.005120004216829936,0.007353778676131371,False,-0.6390177187905898,-0.1852689607960226
e2_la,LA,noise,0.04,6,0.000998660922050476,0.015514090657234192,0.014946259597124697,False,0.012833901836226383,0.026301928050945344,False,-1.5306448438821667,-0.4643987691142962
e2_la,LA,noise,0.08,6,8.783737818400066e-05,0.040227885047594704,0.021494509067809586,False,0.01572074042633176,0.023739409885959392,False,-3.9689470809991185,-0.5688599302626802
e2_la,LA,quantize,8.0,6,-0.002469631532828013,0.031521941224733986,0.021231677496992875,False,0.029156501560161512,0.02593546003602763,False,-3.110004825342271,-1.0550371671067236
e2_la,LA,quantize,16.0,6,-0.0003041674693425496,0.021386290589968365,0.024191318501828072,False,0.015394001423070828,0.032544686573753104,False,-2.1100054231046146,-0.5570367767998964
e2_la,LA,quantize,32.0,6,0.003092210739850998,0.010341261823972067,0.015021225465583193,False,0.007086666766554117,0.012753964390408424,False,-1.0202853289836484,-0.2564332628929163
e2_la,LA,quantize,64.0,6,0.004065733092526595,0.001997731626033783,0.0035100762041246833,False,0.003985765545318524,0.006665220255676506,False,-0.19709937761792645,-0.14422617819931435
e2_la,LA,quantize,256.0,6,0.008648282490063526,0.0018295620878537495,0.0011817458937964072,False,0.0006120799419780573,0.004209477134918165,False,-0.1805075036756864,-0.02214830495678303
e2_phi0,L,blur,0.0,6,0.0682966373860836,0.0011405472954114277,0.0053970795574746775,False,0.0016122008673846722,0.01553737956411802,False,-0.1125282090646545,-0.0583379947838675
e2_phi0,L,blur,0.5,6,0.028595708310604095,-0.0006946424643198649,0.006684621513089688,False,-0.00020937947556376457,0.016074744446578533,False,0.068534529663652,0.007576462090051312
e2_phi0,L,blur,1.0,6,0.027488191922505695,0.002873428165912628,0.015206086411222123,False,0.009745439669738213,0.02735305020964596,False,-0.2834969901615912,-0.35264179552387737
e2_phi0,L,blur,1.5,6,0.028845762213071186,0.0016042441129684448,0.018967387036415307,False,0.00883472478017211,0.029088823143933303,False,-0.1582772741306924,-0.31968729118640943
e2_phi0,L,blur,2.0,6,0.021510536472002666,-0.00760571410258611,0.02352092250706894,False,0.006286662848045428,0.028316008412390445,False,0.7503918426399572,-0.2274848698178381
e2_phi0,L,blur,3.0,6,0.01280456284681956,-0.015093634525934855,0.027866316012352423,False,-0.00117480739330252,0.028368876071031814,False,1.4891619736533608,0.04251077453748738
e2_phi0,L,jpeg,30.0,6,0.037283984323342644,0.0031821678082148233,0.018284013417864113,False,0.004509496968239546,0.01701762516398651,False,-0.31395773401263477,-0.16317756424346042
e2_phi0,L,jpeg,45.0,6,0.04952522615591685,0.003079960743586222,0.016127610973970547,False,0.0010417359881103039,0.012200791827139809,False,-0.3038738225582982,-0.037695543942444454
e2_phi0,L,jpeg,60.0,6,0.045584555715322495,0.0047847554087638855,0.014450252310881552,False,0.0030845717216531434,0.015167601616526725,False,-0.4720715739950052,-0.11161619662206189
e2_phi0,L,jpeg,75.0,6,0.03257817526658376,0.0029419089357058206,0.011532416755985757,False,0.0045690104986230535,0.012458593670808116,False,-0.2902534117595373,-0.16533108003378175
e2_phi0,L,jpeg,85.0,6,0.03800671796003977,0.003751024603843689,0.009062839694741467,False,0.0015086964704096317,0.01909818873634216,False,-0.3700820496669745,-0.054592655668256836
e2_phi0,L,jpeg,95.0,6,0.04080654370288054,0.0028885453939437866,0.005980040967529534,False,0.005141389401008685,0.014527078877987369,False,-0.28498847990797177,-0.18604279040268676
e2_phi0,L,noise,0.0,6,0.0682966373860836,0.0011405472954114277,0.0053970795574746775,False,0.0016122008673846722,0.01553737956411802,False,-0.1125282090646545,-0.0583379947838675
e2_phi0,L,noise,0.01,6,0.05049414404978355,0.004533407588799794,0.014328067025692602,False,0.004784945709009965,0.014790832793679728,False,-0.4472731985601122,-0.1731447634475863
e2_phi0,L,noise,0.02,6,0.04110167548060417,0.005307515462239583,0.014725214297522894,False,0.006003097475816806,0.012845101754172158,False,-0.5236479117977645,-0.21722396775493671
e2_phi0,L,noise,0.04,6,0.040461073319117226,0.023481895526250202,0.01754277017460193,False,0.024515260631839435,0.02673521636450759,False,-2.3167611370811922,-0.887092406286469
e2_phi0,L,noise,0.08,6,0.027360280354817707,0.04972108453512192,0.022044069511189323,False,0.025323015327254932,0.023397277314735294,False,-4.905561231874453,-0.9163212636584643
e2_phi0,L,quantize,8.0,6,0.025136175254980724,0.029207445681095123,0.021360956982950586,False,0.026800556884457667,0.03690985584683463,False,-2.881653016117337,-0.9697865690064698
e2_phi0,L,quantize,16.0,6,0.023278781523307163,0.022478861113389332,0.020562878745488733,False,0.01650944274539749,0.024987283197346416,False,-2.2178001675856347,-0.5973993714120457
e2_phi0,L,quantize,32.0,6,0.052420478935043015,0.008962708214918772,0.009495093613476465,False,0.005983316494772832,0.008096979966086272,False,-0.8842750387041692,-0.21650818674258981
e2_phi0,L,quantize,64.0,6,0.0625933101400733,0.0027790566285451255,0.01009142681500896,False,0.0032032796492179236,0.015249315021026166,False,-0.2741861442814013,-0.11591168026754085
e2_phi0,L,quantize,256.0,6,0.06956838442976407,0.0010912790894508362,0.005598801229347319,False,0.0015722094103693962,0.015682658917752484,False,-0.10766732955279347,-0.0568908913503226
e5_la10,LA,blur,0.0,5,0.013736626505851746,2.4276971817016602e-05,0.002625291206073034,False,-0.0018865322694182397,0.005521708862713077,False,-0.002395204627701577,0.06826476273484068
e5_la10,LA,blur,0.5,5,0.003850942850112915,0.0017549902200698852,0.007208608837904463,False,0.002671974338591099,0.015492981823181628,False,-0.17315012466818333,-0.09668623071777746
e5_la10,LA,blur,1.0,5,-0.0008593291044235229,0.002604404091835022,0.014657338912357501,False,0.00028423871845006943,0.019906649644067707,False,-0.2569546473994616,-0.010285267307424713
e5_la10,LA,blur,1.5,5,0.0018889486789703369,0.003285634517669678,0.020632663120414372,False,0.0018660644069314002,0.01745548876354581,False,-0.3241659240277343,-0.067524126701732
e5_la10,LA,blur,2.0,5,0.001464313268661499,-0.0037466078996658326,0.022244403273762144,False,-0.0053336678072810175,0.020080514033318432,False,0.3696462906124381,0.19300044492892593
e5_la10,LA,blur,3.0,5,6.093382835388183e-05,-0.014417394995689392,0.02668234173392637,False,-0.00854832660406828,0.02154873282307693,False,1.422443106716944,0.3093238832254907
e5_la10,LA,jpeg,30.0,5,0.001672542095184326,0.008723357319831848,0.012545205719426864,False,0.011383077315986156,0.017452192410575735,False,-0.8606602989467638,-0.4119002281406876
e5_la10,LA,jpeg,45.0,5,8.392930030822753e-05,0.005267420411109924,0.012619957091317253,False,0.008001126162707806,0.015389958592202208,False,-0.5196920703222483,-0.2895232633774178
e5_la10,LA,jpeg,60.0,5,-0.0038417145609855653,0.005263328552246094,0.0100091579144376,False,0.009996528550982476,0.013717469670159249,False,-0.5192883610227352,-0.36172752555953797
e5_la10,LA,jpeg,75.0,5,-0.0025202184915542603,0.005666366219520569,0.012259938001353575,False,0.008958418853580952,0.015859999475226722,False,-0.5590526979042081,-0.32416320008542043
e5_la10,LA,jpeg,85.0,5,0.002829419821500778,0.007150515913963318,0.010542713760859055,False,0.007056849449872971,0.012946263096377204,False,-0.7054812658131364,-0.25535431392309255
e5_la10,LA,jpeg,95.0,5,0.004036297276616097,0.003014606237411499,0.003566105038037259,False,-0.0026016676798462867,0.007496078494491864,False,-0.2974258430981447,0.09414216218754551
e5_la10,LA,noise,0.0,5,0.013736626505851746,2.4276971817016602e-05,0.002625291206073034,False,-0.0018865322694182397,0.005521708862713077,False,-0.002395204627701577,0.06826476273484068
e5_la10,LA,noise,0.01,5,0.005464878305792809,0.007647889852523804,0.01191242987103397,False,0.0036833301186561585,0.007523004814528239,False,-0.7545529691671438,-0.13328245728958227
e5_la10,LA,noise,0.02,5,0.0003172188997268677,0.0077332168817520145,0.015098649496782008,False,0.006756001710891723,0.007521836274613524,False,-0.7629714694980698,-0.2444680439907996
e5_la10,LA,noise,0.04,5,-0.0012954115867614747,0.010943827033042908,0.010056305971221181,False,0.005020592734217644,0.014847249437281091,False,-1.07973537028768,-0.18167172507222573
e5_la10,LA,noise,0.08,5,0.0004861712455749512,0.031519606709480286,0.010146079570763725,False,0.009364624507725239,0.019273308491446792,False,-3.1097744983566304,-0.3388618792711529
e5_la10,LA,quantize,8.0,5,-0.005657762289047241,0.02557627558708191,0.02138376758555492,False,0.0161643011495471,0.008287709622394258,False,-2.5233960028989215,-0.5849103143560979
e5_la10,LA,quantize,16.0,5,-0.001708788424730301,0.01073448359966278,0.004051696539818964,False,0.005104456469416619,0.008494563002924001,False,-1.0590812143991126,-0.1847063606722735
e5_la10,LA,quantize,32.0,5,0.005790650472044944,0.0053029865026474,0.007322701193712316,False,0.006808043830096722,0.008948608955712499,False,-0.5232010774456207,-0.24635120442083194
e5_la10,LA,quantize,64.0,5,0.007835095189511776,-0.0006261557340621948,0.0008243018320433037,False,0.003908976726233959,0.008215806350307955,False,0.061777519996806335,-0.14144755066112072
e5_la10,LA,quantize,256.0,5,0.014304699367434281,7.145702838897705e-05,0.0026980500127499513,False,-0.0017540959641337394,0.006582489189872874,False,-0.0070500640017678255,0.0634725134294454
e6_stepsLA,LA,blur,0.0,1,0.05733295530080795,0.0008610934019088745,0.0,False,-0.007956475019454956,0.0,False,-0.08495684373986682,0.2879075477337436
e6_stepsLA,LA,blur,0.5,1,0.016609057784080505,-0.00044195353984832764,0.0,False,-0.026063531637191772,0.0,False,0.04360383872636943,0.9431170789321183
e6_stepsLA,LA,blur,1.0,1,0.004841804504394531,0.00015738606452941895,0.0,False,-0.0281459279358387,0.0,False,-0.01552795929154435,1.0184692430861297
e6_stepsLA,LA,blur,1.5,1,0.0016879141330718994,0.005595147609710693,0.0,False,-0.0183601975440979,0.0,False,-0.5520261566584206,0.6643695151311414
e6_stepsLA,LA,blur,2.0,1,-0.00012433528900146484,-0.0047899335622787476,0.0,False,-0.024653073400259018,0.0,False,0.47258245885145395,0.8920792045991719
e6_stepsLA,LA,blur,3.0,1,0.002430856227874756,-0.0077037513256073,0.0,False,-0.026234503835439682,0.0,False,0.7600643508933453,0.9493037616286442
e6_stepsLA,LA,jpeg,30.0,1,0.015481725335121155,0.0023420602083206177,0.0,False,-0.016276229172945023,0.0,False,-0.23107138285645712,0.5889604650397091
e6_stepsLA,LA,jpeg,45.0,1,0.00906902551651001,0.00802430510520935,0.0,False,-0.016867194324731827,0.0,False,-0.7916906963089582,0.6103447246811972
e6_stepsLA,LA,jpeg,60.0,1,-0.011687621474266052,0.011617690324783325,0.0,False,-0.0043298713862895966,0.0,False,-1.1462197937561591,0.1566777561396201
e6_stepsLA,LA,jpeg,75.0,1,-0.0028992146253585815,0.005492448806762695,0.0,False,-0.013034190982580185,0.0,False,-0.5418937295198746,0.4716462947865829
e6_stepsLA,LA,jpeg,85.0,1,0.003965385258197784,0.005607888102531433,0.0,False,-0.0026016905903816223,0.0,False,-0.5532831539311218,0.0941429912124629
e6_stepsLA,LA,jpeg,95.0,1,0.023887038230895996,-0.0013295561075210571,0.0,False,-0.008501794189214706,0.0,False,0.13117611889680408,0.3076400931780308
e6_stepsLA,LA,noise,0.0,1,0.05733295530080795,0.0008610934019088745,0.0,False,-0.007956475019454956,0.0,False,-0.08495684373986682,0.2879075477337436
e6_stepsLA,LA,noise,0.01,1,0.036249492317438126,0.004518181085586548,0.0,False,-0.01843983493745327,0.0,False,-0.44577092755057396,0.6672512192240706
e6_stepsLA,LA,noise,0.02,1,0.028792262077331543,0.005238726735115051,0.0,False,-0.013829875737428665,0.0,False,-0.5168611066400104,0.500438397567953
e6_stepsLA,LA,noise,0.04,1,0.013175725936889648,0.009673088788986206,0.0,False,0.0029656365513801575,0.0,False,-0.9543623152912342,-0.10731249012780882
e6_stepsLA,LA,noise,0.08,1,0.00823211669921875,0.037360042333602905,0.0,False,0.03146864101290703,0.0,False,-3.6860011604021095,-1.1387026594548668
e6_stepsLA,LA,quantize,8.0,1,-0.008971720933914185,0.005632340908050537,0.0,False,0.017723094671964645,0.0,False,-0.5556957065913589,-0.6413157475869086
e6_stepsLA,LA,quantize,16.0,1,0.010481864213943481,0.004725158214569092,0.0,False,-0.0007287450134754181,0.0,False,-0.4661916200860361,0.02636986721379467
e6_stepsLA,LA,quantize,32.0,1,0.033264338970184326,-0.0033116936683654785,0.0,False,0.00012538954615592957,0.0,False,0.3267369612563892,-0.0045372601129179116
e6_stepsLA,LA,quantize,64.0,1,0.04856834001839161,-0.001570373773574829,0.0,False,-0.0028034038841724396,0.0,False,0.15493557260923052,0.1014420501070874
e6_stepsLA,LA,quantize,256.0,1,0.05787639318981267,0.001109883189201355,0.0,False,-0.009743627160787582,0.0,False,-0.10950283960538704,0.35257620931818384
e6_stepsP,P,blur,0.0,1,0.15911318361759186,0.0011358857154846191,0.0,False,0.007451009005308151,0.0,False,-0.11206829017949656,-0.26961710124331706
e6_stepsP,P,blur,0.5,1,0.0743103176355362,0.0027034878730773926,0.0,False,0.0019202567636966705,0.0,False,-0.2667304107504552,-0.0694850941532794
e6_stepsP,P,blur,1.0,1,0.012636780738830566,-0.001180410385131836,0.0,False,-0.02536466158926487,0.0,False,0.1164611648588314,0.9178282467305208
e6_stepsP,P,blur,1.5,1,0.007084965705871582,0.005295231938362122,0.0,False,-0.004253994673490524,0.0,False,-0.522435999807359,0.15393213345386259
e6_stepsP,P,blur,2.0,1,0.007242083549499512,-0.00258500874042511,0.0,False,-0.0216266717761755,0.0,False,0.25504107120045816,0.7825679112290843
e6_stepsP,P,blur,3.0,1,0.0075838565826416016,-0.008362531661987305,0.0,False,-0.027997799217700958,0.0,False,0.8250606660116161,1.0131091588926018
e6_stepsP,P,jpeg,30.0,1,0.02327995002269745,-0.0033874809741973877,0.0,False,-0.007600750774145126,0.0,False,0.33421425731365056,0.2750355541830612
e6_stepsP,P,jpeg,45.0,1,0.0359652042388916,0.00951385498046875,0.0,False,-0.005367010831832886,0.0,False,-0.9386520546408419,0.1942069727454881
e6_stepsP,P,jpeg,60.0,1,0.029273509979248047,0.009045064449310303,0.0,False,0.005234371870756149,0.0,False,-0.8924004356944316,-0.1894073902765959
e6_stepsP,P,jpeg,75.0,1,0.05465906858444214,0.005378216505050659,0.0,False,0.0035362951457500458,0.0,False,-0.5306233890607779,-0.1279619506108098
e6_stepsP,P,jpeg,85.0,1,0.07871387153863907,0.007878094911575317,0.0,False,0.0014641694724559784,0.0,False,-0.7772653662039938,-0.05298143226122854
e6_stepsP,P,jpeg,95.0,1,0.12498526275157928,0.005306676030158997,0.0,False,0.0027449391782283783,0.0,False,-0.5235650920944169,-0.09932648635854663
e6_stepsP,P,noise,0.0,1,0.15911318361759186,0.0011358857154846191,0.0,False,0.007451009005308151,0.0,False,-0.11206829017949656,-0.26961710124331706
e6_stepsP,P,noise,0.01,1,0.1285959668457508,0.0024794936180114746,0.0,False,0.008291751146316528,0.0,False,-0.24463078150689394,-0.30003961969555504
e6_stepsP,P,noise,0.02,1,0.0891733467578888,0.00132693350315094,0.0,False,0.009300746023654938,0.0,False,-0.13091736858101996,-0.33655041626062876
e6_stepsP,P,noise,0.04,1,0.04636538028717041,0.005895689129829407,0.0,False,0.029528450220823288,0.0,False,-0.5816780607439308,-1.068496246223058
e6_stepsP,P,noise,0.08,1,0.009976953268051147,0.05177512764930725,0.0,False,0.049151498824357986,0.0,False,-5.108216390420494,-1.7785624236055584
e6_stepsP,P,quantize,8.0,1,0.05933648347854614,0.020292669534683228,0.0,False,0.03918404504656792,0.0,False,-2.002107031480055,-1.4178869778464689
e6_stepsP,P,quantize,16.0,1,0.1038050502538681,0.008233800530433655,0.0,False,0.03198130801320076,0.0,False,-0.8123598479544629,-1.1572536758908731
e6_stepsP,P,quantize,32.0,1,0.13170839101076126,0.0019546449184417725,0.0,False,0.011468484997749329,0.0,False,-0.19284837456059822,-0.41499073193211955
e6_stepsP,P,quantize,64.0,1,0.14722559042274952,0.0013099312782287598,0.0,False,0.008163738995790482,0.0,False,-0.12923990204516955,-0.2954074598197359
e6_stepsP,P,quantize,256.0,1,0.15932556985893345,0.00130365788936615,0.0,False,0.007910624146461487,0.0,False,-0.12862095952843594,-0.2862484194925661
e8_rank_tau0.02,PF,blur,0.0,12,0.13957354022810856,0.009926165143648783,0.012295797052360518,False,0.010565450880676508,0.021068080201693148,False,-0.9793312307069848,-0.3823141587598767
e8_rank_tau0.02,PF,blur,0.5,12,0.0588138767828544,0.007374772181113561,0.015556764827079655,False,0.0116457415279001,0.020093413894204,False,-0.7276067455854053,-0.4214048151524797
e8_rank_tau0.02,PF,blur,1.0,12,-0.0003792494535446167,0.00977456197142601,0.02268348031738841,False,0.012069504087169966,0.03240862905967391,False,-0.9643738207623186,-0.4367387964648624
e8_rank_tau0.02,PF,blur,1.5,12,-0.0012950897216796875,0.010221151014169058,0.024385219282640497,False,0.009000242377320925,0.021295794633479897,False,-1.0084350055724107,-0.32567659742885663
e8_rank_tau0.02,PF,blur,2.0,12,-0.0004910081624984741,0.001276685545841853,0.023031682994420252,False,0.0032607607233027616,0.025762430729833922,False,-0.1259598252438021,-0.11799165098829366
e8_rank_tau0.02,PF,blur,3.0,12,0.0011792729298273723,-0.009509223202864328,0.026472652043446145,False,-0.0057699881338824826,0.024370474843773707,False,0.9381950761001814,0.20878883299663825
e8_rank_tau0.02,PF,jpeg,30.0,12,0.010745875537395477,0.009476141383250555,0.02071762802362951,False,0.010140739381313324,0.0252149209047721,False,-0.9349311711935506,-0.36694583975215206
e8_rank_tau0.02,PF,jpeg,45.0,12,0.018425909181435902,0.008521227786938349,0.019473538922981048,False,0.01079017079124848,0.0220284200883602,False,-0.8407178779466984,-0.3904457193091807
e8_rank_tau0.02,PF,jpeg,60.0,12,0.020686713357766468,0.00893089547753334,0.0161872235896474,False,0.010137596478064856,0.018238759358918468,False,-0.8811363434673922,-0.3668321128109101
e8_rank_tau0.02,PF,jpeg,75.0,12,0.028845998148123424,0.011829438308874765,0.01963775615110918,False,0.01541647152043879,0.017399429139366127,False,-1.1671111864399368,-0.557849864331087
e8_rank_tau0.02,PF,jpeg,85.0,12,0.05606057494878769,0.011205331732829412,0.0156638545198051,False,0.01229205735338231,0.02208638537132606,False,-1.1055358396302077,-0.4447919563074632
e8_rank_tau0.02,PF,jpeg,95.0,12,0.10344088325897853,0.010870666553576788,0.012433991170866155,False,0.012961998271445433,0.02251184324680951,False,-1.0725172410950066,-0.46903397885820575
e8_rank_tau0.02,PF,noise,0.0,12,0.13957354022810856,0.009926165143648783,0.012295797052360518,False,0.010565450880676508,0.021068080201693148,False,-0.9793312307069848,-0.3823141587598767
e8_rank_tau0.02,PF,noise,0.01,12,0.0975581081584096,0.00948407252629598,0.014792426987151492,False,0.010727256148432692,0.016424425907020125,False,-0.9357136703729603,-0.3881691331971968
e8_rank_tau0.02,PF,noise,0.02,12,0.060442205518484116,0.01030071328083674,0.016570305652907118,False,0.013165256629387537,0.02163534414037394,False,-1.0162847452660277,-0.4763889463844543
e8_rank_tau0.02,PF,noise,0.04,12,0.02450161799788475,0.018773560722668965,0.01641708286829142,False,0.0186351890830944,0.03033817717114805,False,-1.8522293414640212,-0.6743201703454694
e8_rank_tau0.02,PF,noise,0.08,12,0.0036010295152664185,0.04288691530625025,0.021391145897624562,False,0.016810515507434804,0.027457193280269306,False,-4.231291232845359,-0.6082937838743029
e8_rank_tau0.02,PF,quantize,8.0,12,-0.0075736939907073975,0.03303860252102216,0.01866028916092338,False,0.023556416543821495,0.018345389859900658,False,-3.2596410395664446,-0.852396331785483
e8_rank_tau0.02,PF,quantize,16.0,12,0.02536722520987193,0.020624833802382152,0.021316464918576354,False,0.01769211981445551,0.03297979998428645,False,-2.0348788861061706,-0.6401949126386367
e8_rank_tau0.02,PF,quantize,32.0,12,0.0965383800988396,0.011144748578468958,0.013529825684239485,False,0.011225613532587886,0.020184482300937043,False,-1.0995586093241114,-0.406202351678533
e8_rank_tau0.02,PF,quantize,64.0,12,0.12404924010237058,0.009550093362728754,0.013298989279497974,False,0.010938628887136778,0.019902107826880476,False,-0.9422273910355046,-0.3958177221400711
e8_rank_tau0.02,PF,quantize,256.0,12,0.13986902620986233,0.009729730586210886,0.012385316344028613,False,0.01019939019655188,0.021073941082033042,False,-0.9599506850375298,-0.36906813792397164
e8_rank_tau0.05,PF,blur,0.0,12,0.15514940644303957,0.009356353431940079,0.014466142868567188,False,0.00977422995492816,0.019622121282117815,False,-0.9231127015143695,-0.35368358103659814
e8_rank_tau0.05,PF,blur,0.5,12,0.06820225715637207,0.006351117044687271,0.015931092906587636,False,0.008775840125357112,0.024804674090819774,False,-0.6266113027262535,-0.3175565314560665
e8_rank_tau0.05,PF,blur,1.0,12,0.0005670078098773956,0.009092758099238077,0.0223018404805439,False,0.013022716001917919,0.03133767717155504,False,-0.8971059670053388,-0.4712310690069899
e8_rank_tau0.05,PF,blur,1.5,12,4.542370637257894e-05,0.008913407723108927,0.024592281441598092,False,0.006399874032164614,0.020873061294850486,False,-0.8794109738191026,-0.23158145207519318
e8_rank_tau0.05,PF,blur,2.0,12,0.0017008259892463684,0.0004956188301245371,0.02302835965505679,False,0.002063447997594873,0.026411803259317888,False,-0.048898541565972654,-0.07466651392871966
e8_rank_tau0.05,PF,blur,3.0,12,0.0026718651254971824,-0.009755149483680725,0.026258221374899488,False,-0.005936934224640329,0.02343710520640743,False,0.962458553865229,0.21482982972902281
e8_rank_tau0.05,PF,jpeg,30.0,12,0.01571667691071828,0.008794254312912623,0.015001665015025839,False,0.010108355665579438,0.021082235803363922,False,-0.8676551089748484,-0.36577402482649063
e8_rank_tau0.05,PF,jpeg,45.0,12,0.03012642761071523,0.011246318618456522,0.021328191455126842,False,0.01054745384802421,0.025137585274478867,False,-1.109579670914813,-0.3816629304804266
e8_rank_tau0.05,PF,jpeg,60.0,12,0.023853649695714314,0.009633852789799372,0.017882420336629287,False,0.01173212674135963,0.02013004702371212,False,-0.9504912292458597,-0.4245306912353903
e8_rank_tau0.05,PF,jpeg,75.0,12,0.029336922491590183,0.009377717971801758,0.015248413117901594,False,0.010106126234556237,0.016719677759899635,False,-0.9252205609760483,-0.36569335216464455
e8_rank_tau0.05,PF,jpeg,85.0,12,0.06228007376194,0.011454132695992788,0.015246069842334222,False,0.00996967366275688,0.018327912068661613,False,-1.1300829381249144,-0.3607557729938868
e8_rank_tau0.05,PF,jpeg,95.0,12,0.11555909054974715,0.009527936577796936,0.015156671134980221,False,0.009527340298518538,0.018455344387527717,False,-0.9400413674159327,-0.3447498012705693
e8_rank_tau0.05,PF,noise,0.0,12,0.15514940644303957,0.009356353431940079,0.014466142868567188,False,0.00977422995492816,0.019622121282117815,False,-0.9231127015143695,-0.35368358103659814
e8_rank_tau0.05,PF,noise,0.01,12,0.10937656120707591,0.008785152186950048,0.015119421860120344,False,0.010249048316230377,0.017752665905965716,False,-0.8667570787595562,-0.3708650325823155
e8_rank_tau0.05,PF,noise,0.02,12,0.06808258220553398,0.009987123310565948,0.013392779140744902,False,0.013072704818720618,0.018272355042755577,False,-0.9853454603480085,-0.47303993004464606
e8_rank_tau0.05,PF,noise,0.04,12,0.027831365664800007,0.023133171101411183,0.016899391117195173,False,0.019274432367334764,0.03007785818295804,False,-2.2823554310292735,-0.6974513893741086
e8_rank_tau0.05,PF,noise,0.08,12,0.004430793225765228,0.044603604823350906,0.02364573743748206,False,0.016857347063099343,0.027700658276569593,False,-4.400662549279649,-0.6099883984259686
e8_rank_tau0.05,PF,quantize,8.0,12,-0.00407598540186882,0.03308429072300593,0.021323559114877978,False,0.023035267523179453,0.023365873722906428,False,-3.264148710195537,-0.8335383907789429
e8_rank_tau0.05,PF,quantize,16.0,12,0.029014676188429196,0.021030272046724956,0.021208658159720454,False,0.017319008087118466,0.026492057268987637,False,-2.074880067736921,-0.6266937475893347
e8_rank_tau0.05,PF,quantize,32.0,12,0.10941811713079612,0.010442990809679031,0.014187137638947779,False,0.011119250984241566,0.018286468157614134,False,-1.0303220724116702,-0.4023535894577979
e8_rank_tau0.05,PF,quantize,64.0,12,0.14191086248805126,0.0105497178932031,0.015233413474867277,False,0.01143319858238101,0.019631346622419377,False,-1.0408519361148012,-0.4137138819084387
e8_rank_tau0.05,PF,quantize,256.0,12,0.15544771122778586,0.009274686376253763,0.014530115782712048,False,0.009911070577800274,0.019988299924410487,False,-0.915055299990613,-0.35863520195731174
e8_rank_tau0.10,PF,blur,0.0,12,0.18340808215240637,0.010814490417639414,0.012364264629403944,False,0.012282960892965397,0.02212831037691374,False,-1.066974814231485,-0.44446279803004934
e8_rank_tau0.10,PF,blur,0.5,12,0.09393937513232231,0.007630092402299245,0.013023040551069308,False,0.011834502375374237,0.023214801752973836,False,-0.7527970444389505,-0.4282351857087295
e8_rank_tau0.10,PF,blur,1.0,12,0.00801573321223259,0.009952871749798456,0.020283389403700895,False,0.01373289618641138,0.026422393563023398,False,-0.9819661469198488,-0.49692916205279913
e8_rank_tau0.10,PF,blur,1.5,12,0.0035206948717435202,0.009472319235404333,0.02417484291441814,False,0.008824800451596579,0.02363700498874037,False,-0.9345540720117402,-0.3193281762396398
e8_rank_tau0.10,PF,blur,2.0,12,0.005306248863538106,0.0004388180871804555,0.021577988611734673,False,0.0032375273294746876,0.02214562218957557,False,-0.043294489982356694,-0.11715094333493999
e8_rank_tau0.10,PF,blur,3.0,12,0.004179229338963826,-0.009150990595420202,0.026218114511594094,False,-0.00608781313834091,0.02351079234194512,False,0.9028512776391913,0.22028943061283746
e8_rank_tau0.10,PF,jpeg,30.0,12,0.025984472284714382,0.011973549922307333,0.018118924404245753,False,0.015207026153802872,0.028301181140793105,False,-1.1813294672865322,-0.5502710179518931
e8_rank_tau0.10,PF,jpeg,45.0,12,0.042876359075307846,0.014407429844141006,0.022433887517371416,False,0.018318915584435064,0.03200779315707296,False,-1.4214599290255767,-0.6628757144539434
e8_rank_tau0.10,PF,jpeg,60.0,12,0.04000337546070417,0.014353970686594645,0.016666803622089967,False,0.016272153084476788,0.02203989595718011,False,-1.4161855635687481,-0.5888129704981733
e8_rank_tau0.10,PF,jpeg,75.0,12,0.053869944686690964,0.011938385665416718,0.014690361387687057,False,0.015026762150228024,0.0223572921729518,False,-1.1778601058081353,-0.5437481083610255
e8_rank_tau0.10,PF,jpeg,85.0,12,0.08112092812856038,0.012877419590950012,0.013886372245589846,False,0.014045683511843285,0.023380933273140246,False,-1.2705066854952112,-0.5082474696710721
e8_rank_tau0.10,PF,jpeg,95.0,12,0.140741099913915,0.01174310470620791,0.013563593677322228,False,0.014498843345791101,0.02221952891337835,False,-1.158593375973606,-0.5246452006014565
e8_rank_tau0.10,PF,noise,0.0,12,0.18340808215240637,0.010814490417639414,0.012364264629403944,False,0.012282960892965397,0.02212831037691374,False,-1.066974814231485,-0.44446279803004934
e8_rank_tau0.10,PF,noise,0.01,12,0.130863429668049,0.010243690262238184,0.012529938416018878,False,0.013727175382276377,0.019693354388308125,False,-1.0106587636130344,-0.4967221529582508
e8_rank_tau0.10,PF,noise,0.02,12,0.08119231338302295,0.011983296523491541,0.012737809458639707,False,0.01585930430640777,0.01788790795807683,False,-1.182291082451584,-0.5738739077865975
e8_rank_tau0.10,PF,noise,0.04,12,0.0361527589460214,0.021749517569939297,0.01486292537081938,False,0.016835934172074,0.02448936717574501,False,-2.1458419742976518,-0.6092135662383578
e8_rank_tau0.10,PF,noise,0.08,12,0.009450127681096395,0.0422246108452479,0.02523381230435635,False,0.011574256233870983,0.02316544741546969,False,-4.165947221990253,-0.418818097334272
e8_rank_tau0.10,PF,quantize,8.0,12,0.004274502396583557,0.03735245764255524,0.017299155772356592,False,0.028712961822748184,0.02625384637791681,False,-3.6852528427274835,-1.0389875423911434
e8_rank_tau0.10,PF,quantize,16.0,12,0.04166234781344732,0.018898726751406986,0.02044311252066952,False,0.01923252479173243,0.02835245835728115,False,-1.8645784208106555,-0.6959349505876319
e8_rank_tau0.10,PF,quantize,32.0,12,0.13033066814144453,0.01065464069445928,0.011886283050993016,False,0.013084229081869125,0.02120445221490759,False,-1.0512037864614767,-0.47345693912648346
e8_rank_tau0.10,PF,quantize,64.0,12,0.16613852450003228,0.010909834255774816,0.011959584042036517,False,0.013254583037147919,0.022396803624699542,False,-1.0763815888509074,-0.47962125050697985
e8_rank_tau0.10,PF,quantize,256.0,12,0.18362648101245496,0.010593991726636887,0.012166310561554141,False,0.012295618032415708,0.02205300863720178,False,-1.045220062894615,-0.44492080059670763
