batch,image_id,group,condition,purify_dir,purify_kind,purify_strength,seed,tau,png,s_target,s_source,margin,success,clip_target,clip_source,clip_margin
ip20_merged,horse_00,,control,adverse_cleaner_0,,,0,,control/horse_00/purify/adverse_cleaner_0/edit_seed0.png,0.07231612503528595,0.10458198189735413,-0.032265856862068176,0,0.24417196214199066,0.29226067662239075,-0.048088714480400085
ip20_merged,horse_00,,control,adverse_cleaner_0,,,1,,control/horse_00/purify/adverse_cleaner_0/edit_seed1.png,0.07266602665185928,0.10629314184188843,-0.033627115190029144,0,0.255149781703949,0.3028945326805115,-0.0477447509765625
ip20_merged,horse_00,,control,adverse_cleaner_0,,,2,,control/horse_00/purify/adverse_cleaner_0/edit_seed2.png,0.07659349590539932,0.11016802489757538,-0.033574528992176056,0,0.2432965785264969,0.2912346422672272,-0.047938063740730286
ip20_merged,horse_00,,control,adverse_cleaner_0,,,3,,control/horse_00/purify/adverse_cleaner_0/edit_seed3.png,0.0712754875421524,0.10437707602977753,-0.03310158848762512,0,0.24577444791793823,0.29400283098220825,-0.04822838306427002
ip20_merged,horse_00,,control,adverse_cleaner_0,,,4,,control/horse_00/purify/adverse_cleaner_0/edit_seed4.png,0.07387442886829376,0.10474266111850739,-0.030868232250213623,0,0.24818077683448792,0.2954234480857849,-0.047242671251297
ip20_merged,horse_00,,control,blur_0.5,,,0,,control/horse_00/purify/blur_0.5/edit_seed0.png,0.07335968315601349,0.10410156846046448,-0.03074188530445099,0,0.24020978808403015,0.28937119245529175,-0.0491614043712616
ip20_merged,horse_00,,control,blur_0.5,,,1,,control/horse_00/purify/blur_0.5/edit_seed1.png,0.07046888768672943,0.10506801307201385,-0.034599125385284424,0,0.24634286761283875,0.2940141260623932,-0.04767125844955444
ip20_merged,horse_00,,control,blur_0.5,,,2,,control/horse_00/purify/blur_0.5/edit_seed2.png,0.07332311570644379,0.10551133006811142,-0.03218821436166763,0,0.24087226390838623,0.29077333211898804,-0.04990106821060181
ip20_merged,horse_00,,control,blur_0.5,,,3,,control/horse_00/purify/blur_0.5/edit_seed3.png,0.07041245698928833,0.10484819114208221,-0.034435734152793884,0,0.23735234141349792,0.2913346290588379,-0.053982287645339966
ip20_merged,horse_00,,control,blur_0.5,,,4,,control/horse_00/purify/blur_0.5/edit_seed4.png,0.07189180701971054,0.101988285779953,-0.030096478760242462,0,0.23060064017772675,0.28666484355926514,-0.05606420338153839
ip20_merged,horse_00,,control,blur_1,,,0,,control/horse_00/purify/blur_1/edit_seed0.png,0.06825528293848038,0.10195426642894745,-0.03369898349046707,0,0.24389296770095825,0.29449233412742615,-0.050599366426467896
ip20_merged,horse_00,,control,blur_1,,,1,,control/horse_00/purify/blur_1/edit_seed1.png,0.06334762275218964,0.1021103635430336,-0.038762740790843964,0,0.23218803107738495,0.2834967374801636,-0.051308706402778625
ip20_merged,horse_00,,control,blur_1,,,2,,control/horse_00/purify/blur_1/edit_seed2.png,0.06897200644016266,0.10375477373600006,-0.0347827672958374,0,0.24166254699230194,0.28894364833831787,-0.04728110134601593
ip20_merged,horse_00,,control,blur_1,,,3,,control/horse_00/purify/blur_1/edit_seed3.png,0.06978487968444824,0.10478892922401428,-0.03500404953956604,0,0.23972977697849274,0.29271745681762695,-0.052987679839134216
ip20_merged,horse_00,,control,blur_1,,,4,,control/horse_00/purify/blur_1/edit_seed4.png,0.0732923299074173,0.10082933306694031,-0.02753700315952301,0,0.2265063226222992,0.2833325266838074,-0.05682620406150818
ip20_merged,horse_00,,control,blur_2,,,0,,control/horse_00/purify/blur_2/edit_seed0.png,0.074715256690979,0.10474084317684174,-0.030025586485862732,0,0.24169892072677612,0.29340291023254395,-0.05170398950576782
ip20_merged,horse_00,,control,blur_2,,,1,,control/horse_00/purify/blur_2/edit_seed1.png,0.07563614845275879,0.10726900398731232,-0.03163285553455353,0,0.2478102296590805,0.299077570438385,-0.051267340779304504
ip20_merged,horse_00,,control,blur_2,,,2,,control/horse_00/purify/blur_2/edit_seed2.png,0.0672655925154686,0.10767397284507751,-0.04040838032960892,0,0.2386155128479004,0.2873755693435669,-0.048760056495666504
ip20_merged,horse_00,,control,blur_2,,,3,,control/horse_00/purify/blur_2/edit_seed3.png,0.06616148352622986,0.10187400877475739,-0.03571252524852753,0,0.2570604085922241,0.3011898994445801,-0.04412949085235596
ip20_merged,horse_00,,control,blur_2,,,4,,control/horse_00/purify/blur_2/edit_seed4.png,0.06772303581237793,0.09959929436445236,-0.03187625855207443,0,0.24633648991584778,0.295093297958374,-0.048756808042526245
ip20_merged,horse_00,,control,blur_3,,,0,,control/horse_00/purify/blur_3/edit_seed0.png,0.06996043026447296,0.10317881405353546,-0.0332183837890625,0,0.2568931579589844,0.3025664687156677,-0.04567331075668335
ip20_merged,horse_00,,control,blur_3,,,1,,control/horse_00/purify/blur_3/edit_seed1.png,0.067894846200943,0.1064995676279068,-0.038604721426963806,0,0.243484765291214,0.29395684599876404,-0.05047208070755005
ip20_merged,horse_00,,control,blur_3,,,2,,control/horse_00/purify/blur_3/edit_seed2.png,0.0655151754617691,0.10683952271938324,-0.041324347257614136,0,0.22811177372932434,0.28202083706855774,-0.0539090633392334
ip20_merged,horse_00,,control,blur_3,,,3,,control/horse_00/purify/blur_3/edit_seed3.png,0.06532566994428635,0.1068234071135521,-0.04149773716926575,0,0.23846566677093506,0.2908504605293274,-0.052384793758392334
ip20_merged,horse_00,,control,blur_3,,,4,,control/horse_00/purify/blur_3/edit_seed4.png,0.06591926515102386,0.10318298637866974,-0.037263721227645874,0,0.23052510619163513,0.2795308530330658,-0.049005746841430664
ip20_merged,horse_00,,control,crop_resize_0.1,,,0,,control/horse_00/purify/crop_resize_0.1/edit_seed0.png,0.06653504818677902,0.10538120567798615,-0.03884615749120712,0,0.2541002333164215,0.2791758179664612,-0.025075584650039673
ip20_merged,horse_00,,control,crop_resize_0.1,,,1,,control/horse_00/purify/crop_resize_0.1/edit_seed1.png,0.0599544383585453,0.09629875421524048,-0.036344315856695175,0,0.2661624550819397,0.2968795895576477,-0.030717134475708008
ip20_merged,horse_00,,control,crop_resize_0.1,,,2,,control/horse_00/purify/crop_resize_0.1/edit_seed2.png,0.06386330723762512,0.10383418202400208,-0.03997087478637695,0,0.258076548576355,0.28952524065971375,-0.031448692083358765
ip20_merged,horse_00,,control,crop_resize_0.1,,,3,,control/horse_00/purify/crop_resize_0.1/edit_seed3.png,0.05752253532409668,0.09476563334465027,-0.03724309802055359,0,0.2801271975040436,0.30756568908691406,-0.027438491582870483
ip20_merged,horse_00,,control,crop_resize_0.1,,,4,,control/horse_00/purify/crop_resize_0.1/edit_seed4.png,0.0636613517999649,0.10112129896879196,-0.03745994716882706,0,0.27660343050956726,0.30159202218055725,-0.02498859167098999
ip20_merged,horse_00,,control,diffpure_150,,,0,,control/horse_00/purify/diffpure_150/edit_seed0.png,0.0641922876238823,0.10236747562885284,-0.03817518800497055,0,0.24539734423160553,0.289497971534729,-0.044100627303123474
ip20_merged,horse_00,,control,diffpure_150,,,1,,control/horse_00/purify/diffpure_150/edit_seed1.png,0.08160710334777832,0.10781332850456238,-0.026206225156784058,0,0.2579387128353119,0.2872313857078552,-0.029292672872543335
ip20_merged,horse_00,,control,diffpure_150,,,2,,control/horse_00/purify/diffpure_150/edit_seed2.png,0.0676073282957077,0.10605892539024353,-0.03845159709453583,0,0.23742139339447021,0.27988606691360474,-0.04246467351913452
ip20_merged,horse_00,,control,diffpure_150,,,3,,control/horse_00/purify/diffpure_150/edit_seed3.png,0.07555270195007324,0.10379654169082642,-0.028243839740753174,0,0.24194568395614624,0.28308263421058655,-0.04113695025444031
ip20_merged,horse_00,,control,diffpure_150,,,4,,control/horse_00/purify/diffpure_150/edit_seed4.png,0.07713551819324493,0.10441228747367859,-0.027276769280433655,0,0.2291455864906311,0.27612537145614624,-0.04697978496551514
ip20_merged,horse_00,,control,identity_0,,,0,,control/horse_00/purify/identity_0/edit_seed0.png,0.07309161126613617,0.10398151725530624,-0.030889905989170074,0,0.24122275412082672,0.2902073264122009,-0.04898457229137421
ip20_merged,horse_00,,control,identity_0,,,1,,control/horse_00/purify/identity_0/edit_seed1.png,0.06795255839824677,0.10500223934650421,-0.037049680948257446,0,0.2537863850593567,0.3015512526035309,-0.047764867544174194
ip20_merged,horse_00,,control,identity_0,,,2,,control/horse_00/purify/identity_0/edit_seed2.png,0.07158568501472473,0.10612277686595917,-0.034537091851234436,0,0.24162746965885162,0.29223453998565674,-0.050607070326805115
ip20_merged,horse_00,,control,identity_0,,,3,,control/horse_00/purify/identity_0/edit_seed3.png,0.07110171020030975,0.10466256737709045,-0.0335608571767807,0,0.2365816831588745,0.29052114486694336,-0.05393946170806885
ip20_merged,horse_00,,control,identity_0,,,4,,control/horse_00/purify/identity_0/edit_seed4.png,0.07191631197929382,0.10184182226657867,-0.02992551028728485,0,0.23320363461971283,0.28857821226119995,-0.05537457764148712
ip20_merged,horse_00,,control,jpeg_30,,,0,,control/horse_00/purify/jpeg_30/edit_seed0.png,0.06678704172372818,0.10377098619937897,-0.03698394447565079,0,0.2534344792366028,0.3004791736602783,-0.04704469442367554
ip20_merged,horse_00,,control,jpeg_30,,,1,,control/horse_00/purify/jpeg_30/edit_seed1.png,0.06211065500974655,0.10211678594350815,-0.0400061309337616,0,0.2564086616039276,0.2978762984275818,-0.041467636823654175
ip20_merged,horse_00,,control,jpeg_30,,,2,,control/horse_00/purify/jpeg_30/edit_seed2.png,0.0662895143032074,0.10549940168857574,-0.03920988738536835,0,0.24182134866714478,0.29250672459602356,-0.050685375928878784
ip20_merged,horse_00,,control,jpeg_30,,,3,,control/horse_00/purify/jpeg_30/edit_seed3.png,0.06903177499771118,0.10311373323202133,-0.03408195823431015,0,0.24321718513965607,0.29733744263648987,-0.0541202574968338
ip20_merged,horse_00,,control,jpeg_30,,,4,,control/horse_00/purify/jpeg_30/edit_seed4.png,0.06793539226055145,0.10285168886184692,-0.03491629660129547,0,0.25534749031066895,0.29348328709602356,-0.038135796785354614
ip20_merged,horse_00,,control,jpeg_75,,,0,,control/horse_00/purify/jpeg_75/edit_seed0.png,0.07045865058898926,0.1016964465379715,-0.03123779594898224,0,0.24560238420963287,0.29527992010116577,-0.0496775358915329
ip20_merged,horse_00,,control,jpeg_75,,,1,,control/horse_00/purify/jpeg_75/edit_seed1.png,0.0675850510597229,0.10357111692428589,-0.03598606586456299,0,0.2530430555343628,0.30091536045074463,-0.047872304916381836
ip20_merged,horse_00,,control,jpeg_75,,,2,,control/horse_00/purify/jpeg_75/edit_seed2.png,0.07047029584646225,0.10591178387403488,-0.03544148802757263,0,0.24166099727153778,0.2920082211494446,-0.0503472238779068
ip20_merged,horse_00,,control,jpeg_75,,,3,,control/horse_00/purify/jpeg_75/edit_seed3.png,0.06771325320005417,0.1032106876373291,-0.03549743443727493,0,0.23817405104637146,0.29161930084228516,-0.053445249795913696
ip20_merged,horse_00,,control,jpeg_75,,,4,,control/horse_00/purify/jpeg_75/edit_seed4.png,0.06821957230567932,0.10082004219293594,-0.03260046988725662,0,0.23737990856170654,0.29068121314048767,-0.05330130457878113
ip20_merged,horse_00,,control,noise_0.01,,,0,,control/horse_00/purify/noise_0.01/edit_seed0.png,0.07196807861328125,0.10490991175174713,-0.03294183313846588,0,0.2540995478630066,0.30011168122291565,-0.04601213335990906
ip20_merged,horse_00,,control,noise_0.01,,,1,,control/horse_00/purify/noise_0.01/edit_seed1.png,0.0698562040925026,0.10661560297012329,-0.0367593988776207,0,0.26113998889923096,0.3065016269683838,-0.04536163806915283
ip20_merged,horse_00,,control,noise_0.01,,,2,,control/horse_00/purify/noise_0.01/edit_seed2.png,0.06921045482158661,0.10697575658559799,-0.03776530176401138,0,0.255790650844574,0.2975199520587921,-0.04172930121421814
ip20_merged,horse_00,,control,noise_0.01,,,3,,control/horse_00/purify/noise_0.01/edit_seed3.png,0.0686737522482872,0.10471499711275101,-0.036041244864463806,0,0.2435830980539322,0.29247409105300903,-0.04889099299907684
ip20_merged,horse_00,,control,noise_0.01,,,4,,control/horse_00/purify/noise_0.01/edit_seed4.png,0.07158143818378448,0.10369254648685455,-0.03211110830307007,0,0.2482272982597351,0.29149577021598816,-0.04326847195625305
ip20_merged,horse_00,,control,noise_0.02,,,0,,control/horse_00/purify/noise_0.02/edit_seed0.png,0.07216132432222366,0.10669402778148651,-0.03453270345926285,0,0.2550128996372223,0.30178260803222656,-0.04676970839500427
ip20_merged,horse_00,,control,noise_0.02,,,1,,control/horse_00/purify/noise_0.02/edit_seed1.png,0.06831061840057373,0.10626453906297684,-0.03795392066240311,0,0.2658642828464508,0.3061979413032532,-0.04033365845680237
ip20_merged,horse_00,,control,noise_0.02,,,2,,control/horse_00/purify/noise_0.02/edit_seed2.png,0.06725725531578064,0.10602009296417236,-0.038762837648391724,0,0.2544498145580292,0.2969423234462738,-0.04249250888824463
ip20_merged,horse_00,,control,noise_0.02,,,3,,control/horse_00/purify/noise_0.02/edit_seed3.png,0.06915553659200668,0.10622487962245941,-0.03706934303045273,0,0.2692505419254303,0.30784475803375244,-0.038594216108322144
ip20_merged,horse_00,,control,noise_0.02,,,4,,control/horse_00/purify/noise_0.02/edit_seed4.png,0.06794911623001099,0.10477590560913086,-0.03682678937911987,0,0.25507932901382446,0.29574257135391235,-0.04066324234008789
ip20_merged,horse_00,,control,noise_0.04,,,0,,control/horse_00/purify/noise_0.04/edit_seed0.png,0.06128983572125435,0.10450640320777893,-0.04321656748652458,0,0.2611994743347168,0.3044660687446594,-0.04326659440994263
ip20_merged,horse_00,,control,noise_0.04,,,1,,control/horse_00/purify/noise_0.04/edit_seed1.png,0.0641586184501648,0.10509222000837326,-0.040933601558208466,0,0.26461732387542725,0.3053625822067261,-0.04074525833129883
ip20_merged,horse_00,,control,noise_0.04,,,2,,control/horse_00/purify/noise_0.04/edit_seed2.png,0.0662664845585823,0.10355190932750702,-0.03728542476892471,0,0.26394444704055786,0.30356454849243164,-0.03962010145187378
ip20_merged,horse_00,,control,noise_0.04,,,3,,control/horse_00/purify/noise_0.04/edit_seed3.png,0.06437788903713226,0.10541553795337677,-0.04103764891624451,0,0.2642313539981842,0.3028639853000641,-0.03863263130187988
ip20_merged,horse_00,,control,noise_0.04,,,4,,control/horse_00/purify/noise_0.04/edit_seed4.png,0.06503795087337494,0.10501673817634583,-0.039978787302970886,0,0.26376843452453613,0.30237770080566406,-0.03860926628112793
ip20_merged,horse_00,,control,noise_0.08,,,0,,control/horse_00/purify/noise_0.08/edit_seed0.png,0.06557277590036392,0.10555329918861389,-0.03998052328824997,0,0.2658068537712097,0.30079299211502075,-0.034986138343811035
ip20_merged,horse_00,,control,noise_0.08,,,1,,control/horse_00/purify/noise_0.08/edit_seed1.png,0.06543226540088654,0.10191059112548828,-0.036478325724601746,0,0.2602648138999939,0.29662811756134033,-0.036363303661346436
ip20_merged,horse_00,,control,noise_0.08,,,2,,control/horse_00/purify/noise_0.08/edit_seed2.png,0.06323045492172241,0.10501804947853088,-0.04178759455680847,0,0.25972607731819153,0.2979606091976166,-0.03823453187942505
ip20_merged,horse_00,,control,noise_0.08,,,3,,control/horse_00/purify/noise_0.08/edit_seed3.png,0.06089380010962486,0.10554918646812439,-0.04465538635849953,0,0.2544512450695038,0.2947520315647125,-0.04030078649520874
ip20_merged,horse_00,,control,noise_0.08,,,4,,control/horse_00/purify/noise_0.08/edit_seed4.png,0.06628412753343582,0.1050601378083229,-0.038776010274887085,0,0.2685829997062683,0.3018816411495209,-0.033298641443252563
ip20_merged,horse_00,,control,quantize_16,,,0,,control/horse_00/purify/quantize_16/edit_seed0.png,0.06912242621183395,0.10372008383274078,-0.03459765762090683,0,0.2508098781108856,0.30006885528564453,-0.04925897717475891
ip20_merged,horse_00,,control,quantize_16,,,1,,control/horse_00/purify/quantize_16/edit_seed1.png,0.06543638557195663,0.10346052795648575,-0.038024142384529114,0,0.2594872713088989,0.304277241230011,-0.04478996992111206
ip20_merged,horse_00,,control,quantize_16,,,2,,control/horse_00/purify/quantize_16/edit_seed2.png,0.06652624905109406,0.10232264548540115,-0.0357963964343071,0,0.24467863142490387,0.2945184111595154,-0.04983977973461151
ip20_merged,horse_00,,control,quantize_16,,,3,,control/horse_00/purify/quantize_16/edit_seed3.png,0.06481413543224335,0.10158133506774902,-0.036767199635505676,0,0.24382883310317993,0.2964295744895935,-0.052600741386413574
ip20_merged,horse_00,,control,quantize_16,,,4,,control/horse_00/purify/quantize_16/edit_seed4.png,0.06630256772041321,0.10248152911663055,-0.036178961396217346,0,0.2536594569683075,0.30092447996139526,-0.04726502299308777
ip20_merged,horse_00,,control,quantize_32,,,0,,control/horse_00/purify/quantize_32/edit_seed0.png,0.0675017461180687,0.1030358150601387,-0.03553406894207001,0,0.24093171954154968,0.2905852794647217,-0.049653559923172
ip20_merged,horse_00,,control,quantize_32,,,1,,control/horse_00/purify/quantize_32/edit_seed1.png,0.07014168053865433,0.10649655014276505,-0.03635486960411072,0,0.2564276456832886,0.3023049235343933,-0.045877277851104736
ip20_merged,horse_00,,control,quantize_32,,,2,,control/horse_00/purify/quantize_32/edit_seed2.png,0.06799286603927612,0.10555683821439743,-0.03756397217512131,0,0.24321797490119934,0.2942838966846466,-0.051065921783447266
ip20_merged,horse_00,,control,quantize_32,,,3,,control/horse_00/purify/quantize_32/edit_seed3.png,0.06935540586709976,0.1027182936668396,-0.03336288779973984,0,0.23876944184303284,0.29180946946144104,-0.0530400276184082
ip20_merged,horse_00,,control,quantize_32,,,4,,control/horse_00/purify/quantize_32/edit_seed4.png,0.0688275396823883,0.10347102582454681,-0.03464348614215851,0,0.23712635040283203,0.2917126417160034,-0.05458629131317139
ip20_merged,horse_00,,control,quantize_64,,,0,,control/horse_00/purify/quantize_64/edit_seed0.png,0.0722629651427269,0.10446381568908691,-0.032200850546360016,0,0.24085736274719238,0.2905292510986328,-0.04967188835144043
ip20_merged,horse_00,,control,quantize_64,,,1,,control/horse_00/purify/quantize_64/edit_seed1.png,0.06834946572780609,0.10556401312351227,-0.03721454739570618,0,0.25534191727638245,0.30302608013153076,-0.047684162855148315
ip20_merged,horse_00,,control,quantize_64,,,2,,control/horse_00/purify/quantize_64/edit_seed2.png,0.07123212516307831,0.10541705787181854,-0.034184932708740234,0,0.24134543538093567,0.29230350255966187,-0.050958067178726196
ip20_merged,horse_00,,control,quantize_64,,,3,,control/horse_00/purify/quantize_64/edit_seed3.png,0.06988072395324707,0.10432080179452896,-0.03444007784128189,0,0.23633454740047455,0.28987836837768555,-0.053543820977211
ip20_merged,horse_00,,control,quantize_64,,,4,,control/horse_00/purify/quantize_64/edit_seed4.png,0.07086958736181259,0.10178331285715103,-0.03091372549533844,0,0.2346648871898651,0.28870323300361633,-0.05403834581375122
ip20_merged,horse_00,,control,quantize_8,,,0,,control/horse_00/purify/quantize_8/edit_seed0.png,0.06876462697982788,0.10613756626844406,-0.03737293928861618,0,0.26958176493644714,0.3045705556869507,-0.03498879075050354
ip20_merged,horse_00,,control,quantize_8,,,1,,control/horse_00/purify/quantize_8/edit_seed1.png,0.07601584494113922,0.10850667953491211,-0.03249083459377289,0,0.26807379722595215,0.30697983503341675,-0.0389060378074646
ip20_merged,horse_00,,control,quantize_8,,,2,,control/horse_00/purify/quantize_8/edit_seed2.png,0.07055218517780304,0.10668261349201202,-0.036130428314208984,0,0.2606520354747772,0.30554959177970886,-0.04489755630493164
ip20_merged,horse_00,,control,quantize_8,,,3,,control/horse_00/purify/quantize_8/edit_seed3.png,0.07183335721492767,0.10602685809135437,-0.0341935008764267,0,0.25160929560661316,0.29886192083358765,-0.04725262522697449
ip20_merged,horse_00,,control,quantize_8,,,4,,control/horse_00/purify/quantize_8/edit_seed4.png,0.07222539931535721,0.10688700526952744,-0.03466160595417023,0,0.271980345249176,0.3112826645374298,-0.039302319288253784
ip20_merged,horse_00,horse,apa,adverse_cleaner_0,adverse_cleaner,0.0,0,0.04,apa/horse_00/purify/adverse_cleaner_0/edit_tau0.04_seed0.png,0.07208766043186188,0.1077791377902031,-0.03569147735834122,0,0.25942686200141907,0.30311477184295654,-0.043687909841537476
ip20_merged,horse_00,horse,apa,adverse_cleaner_0,adverse_cleaner,0.0,1,0.04,apa/horse_00/purify/adverse_cleaner_0/edit_tau0.04_seed1.png,0.06702235341072083,0.10600970685482025,-0.038987353444099426,0,0.26879480481147766,0.30031058192253113,-0.03151577711105347
ip20_merged,horse_00,horse,apa,adverse_cleaner_0,adverse_cleaner,0.0,2,0.04,apa/horse_00/purify/adverse_cleaner_0/edit_tau0.04_seed2.png,0.07496611028909683,0.11234092712402344,-0.037374816834926605,0,0.25434598326683044,0.2997366189956665,-0.04539063572883606
ip20_merged,horse_00,horse,apa,adverse_cleaner_0,adverse_cleaner,0.0,3,0.04,apa/horse_00/purify/adverse_cleaner_0/edit_tau0.04_seed3.png,0.07173344492912292,0.10719213634729385,-0.03545869141817093,0,0.25663769245147705,0.30185389518737793,-0.04521620273590088
ip20_merged,horse_00,horse,apa,adverse_cleaner_0,adverse_cleaner,0.0,4,0.04,apa/horse_00/purify/adverse_cleaner_0/edit_tau0.04_seed4.png,0.07281284034252167,0.10554757714271545,-0.03273473680019379,0,0.266754150390625,0.3033802807331085,-0.03662613034248352
ip20_merged,horse_00,horse,apa,blur_0.5,blur,0.5,0,0.04,apa/horse_00/purify/blur_0.5/edit_tau0.04_seed0.png,0.0679180771112442,0.10919666290283203,-0.04127858579158783,0,0.26523932814598083,0.30352532863616943,-0.0382860004901886
ip20_merged,horse_00,horse,apa,blur_0.5,blur,0.5,1,0.04,apa/horse_00/purify/blur_0.5/edit_tau0.04_seed1.png,0.06664525717496872,0.10861726105213165,-0.04197200387716293,0,0.26665735244750977,0.3025139570236206,-0.03585660457611084
ip20_merged,horse_00,horse,apa,blur_0.5,blur,0.5,2,0.04,apa/horse_00/purify/blur_0.5/edit_tau0.04_seed2.png,0.06633598357439041,0.1085653156042099,-0.04222933202981949,0,0.24199405312538147,0.2921191155910492,-0.050125062465667725
ip20_merged,horse_00,horse,apa,blur_0.5,blur,0.5,3,0.04,apa/horse_00/purify/blur_0.5/edit_tau0.04_seed3.png,0.06637552380561829,0.1094738245010376,-0.04309830069541931,0,0.25138482451438904,0.2967141270637512,-0.04532930254936218
ip20_merged,horse_00,horse,apa,blur_0.5,blur,0.5,4,0.04,apa/horse_00/purify/blur_0.5/edit_tau0.04_seed4.png,0.071316197514534,0.10625810921192169,-0.034941911697387695,0,0.2621445655822754,0.29479944705963135,-0.03265488147735596
ip20_merged,horse_00,horse,apa,blur_1,blur,1.0,0,0.04,apa/horse_00/purify/blur_1/edit_tau0.04_seed0.png,0.06735584139823914,0.10834702849388123,-0.04099118709564209,0,0.24601010978221893,0.2986607849597931,-0.05265067517757416
ip20_merged,horse_00,horse,apa,blur_1,blur,1.0,1,0.04,apa/horse_00/purify/blur_1/edit_tau0.04_seed1.png,0.06570539623498917,0.1093858927488327,-0.043680496513843536,0,0.26059168577194214,0.29715847969055176,-0.03656679391860962
ip20_merged,horse_00,horse,apa,blur_1,blur,1.0,2,0.04,apa/horse_00/purify/blur_1/edit_tau0.04_seed2.png,0.06812360882759094,0.10940276086330414,-0.041279152035713196,0,0.24389119446277618,0.29329776763916016,-0.04940657317638397
ip20_merged,horse_00,horse,apa,blur_1,blur,1.0,3,0.04,apa/horse_00/purify/blur_1/edit_tau0.04_seed3.png,0.06464573740959167,0.10737362504005432,-0.042727887630462646,0,0.24009627103805542,0.29540371894836426,-0.05530744791030884
ip20_merged,horse_00,horse,apa,blur_1,blur,1.0,4,0.04,apa/horse_00/purify/blur_1/edit_tau0.04_seed4.png,0.06610533595085144,0.1021815836429596,-0.036076247692108154,0,0.23376327753067017,0.28558051586151123,-0.051817238330841064
ip20_merged,horse_00,horse,apa,blur_2,blur,2.0,0,0.04,apa/horse_00/purify/blur_2/edit_tau0.04_seed0.png,0.06843067705631256,0.10969884693622589,-0.04126816987991333,0,0.24624867737293243,0.296527624130249,-0.05027894675731659
ip20_merged,horse_00,horse,apa,blur_2,blur,2.0,1,0.04,apa/horse_00/purify/blur_2/edit_tau0.04_seed1.png,0.06727869808673859,0.10930558294057846,-0.042026884853839874,0,0.2344280630350113,0.2915566861629486,-0.05712862312793732
ip20_merged,horse_00,horse,apa,blur_2,blur,2.0,2,0.04,apa/horse_00/purify/blur_2/edit_tau0.04_seed2.png,0.07242333143949509,0.11012518405914307,-0.03770185261964798,0,0.23336048424243927,0.2857500910758972,-0.05238960683345795
ip20_merged,horse_00,horse,apa,blur_2,blur,2.0,3,0.04,apa/horse_00/purify/blur_2/edit_tau0.04_seed3.png,0.06582125276327133,0.10528936237096786,-0.03946810960769653,0,0.24068181216716766,0.2936329245567322,-0.052951112389564514
ip20_merged,horse_00,horse,apa,blur_2,blur,2.0,4,0.04,apa/horse_00/purify/blur_2/edit_tau0.04_seed4.png,0.07193388044834137,0.10633833706378937,-0.034404456615448,0,0.2356681525707245,0.2916349172592163,-0.05596676468849182
ip20_merged,horse_00,horse,apa,blur_3,blur,3.0,0,0.04,apa/horse_00/purify/blur_3/edit_tau0.04_seed0.png,0.0685572475194931,0.10594810545444489,-0.03739085793495178,0,0.2544573247432709,0.3007805049419403,-0.046323180198669434
ip20_merged,horse_00,horse,apa,blur_3,blur,3.0,1,0.04,apa/horse_00/purify/blur_3/edit_tau0.04_seed1.png,0.06765051931142807,0.10716240108013153,-0.03951188176870346,0,0.2732422351837158,0.2959715723991394,-0.022729337215423584
ip20_merged,horse_00,horse,apa,blur_3,blur,3.0,2,0.04,apa/horse_00/purify/blur_3/edit_tau0.04_seed2.png,0.06829027831554413,0.1095632016658783,-0.04127292335033417,0,0.23378577828407288,0.28217214345932007,-0.04838636517524719
ip20_merged,horse_00,horse,apa,blur_3,blur,3.0,3,0.04,apa/horse_00/purify/blur_3/edit_tau0.04_seed3.png,0.062394291162490845,0.10890074074268341,-0.046506449580192566,0,0.24384775757789612,0.28941771388053894,-0.04556995630264282
ip20_merged,horse_00,horse,apa,blur_3,blur,3.0,4,0.04,apa/horse_00/purify/blur_3/edit_tau0.04_seed4.png,0.05660632252693176,0.09528365731239319,-0.038677334785461426,0,0.2692002058029175,0.3017919361591339,-0.03259173035621643
ip20_merged,horse_00,horse,apa,crop_resize_0.1,crop_resize,0.1,0,0.04,apa/horse_00/purify/crop_resize_0.1/edit_tau0.04_seed0.png,0.06347808986902237,0.09917949140071869,-0.03570140153169632,0,0.2478407770395279,0.27085742354393005,-0.02301664650440216
ip20_merged,horse_00,horse,apa,crop_resize_0.1,crop_resize,0.1,1,0.04,apa/horse_00/purify/crop_resize_0.1/edit_tau0.04_seed1.png,0.058554381132125854,0.10254616290330887,-0.043991781771183014,0,0.25474226474761963,0.28649798035621643,-0.0317557156085968
ip20_merged,horse_00,horse,apa,crop_resize_0.1,crop_resize,0.1,2,0.04,apa/horse_00/purify/crop_resize_0.1/edit_tau0.04_seed2.png,0.06311774253845215,0.10494855791330338,-0.04183081537485123,0,0.2600945234298706,0.2883407473564148,-0.02824622392654419
ip20_merged,horse_00,horse,apa,crop_resize_0.1,crop_resize,0.1,3,0.04,apa/horse_00/purify/crop_resize_0.1/edit_tau0.04_seed3.png,0.08168628811836243,0.10681922733783722,-0.025132939219474792,0,0.2900294065475464,0.29602593183517456,-0.005996525287628174
ip20_merged,horse_00,horse,apa,crop_resize_0.1,crop_resize,0.1,4,0.04,apa/horse_00/purify/crop_resize_0.1/edit_tau0.04_seed4.png,0.06803233921527863,0.10135629773139954,-0.03332395851612091,0,0.27043765783309937,0.2989778220653534,-0.02854016423225403
ip20_merged,horse_00,horse,apa,diffpure_150,diffpure,150,0,0.04,apa/horse_00/purify/diffpure_150/edit_tau0.04_seed0.png,0.08265747874975204,0.10225091874599457,-0.019593439996242523,0,0.2495385855436325,0.29030323028564453,-0.040764644742012024
ip20_merged,horse_00,horse,apa,diffpure_150,diffpure,150,1,0.04,apa/horse_00/purify/diffpure_150/edit_tau0.04_seed1.png,0.0635676383972168,0.10641467571258545,-0.04284703731536865,0,0.26715901494026184,0.30084699392318726,-0.033687978982925415
ip20_merged,horse_00,horse,apa,diffpure_150,diffpure,150,2,0.04,apa/horse_00/purify/diffpure_150/edit_tau0.04_seed2.png,0.050196483731269836,0.0703510195016861,-0.02015453577041626,0,0.24684640765190125,0.27409058809280396,-0.02724418044090271
ip20_merged,horse_00,horse,apa,diffpure_150,diffpure,150,3,0.04,apa/horse_00/purify/diffpure_150/edit_tau0.04_seed3.png,0.06946225464344025,0.09964156150817871,-0.030179306864738464,0,0.24504847824573517,0.2806702256202698,-0.03562174737453461
ip20_merged,horse_00,horse,apa,diffpure_150,diffpure,150,4,0.04,apa/horse_00/purify/diffpure_150/edit_tau0.04_seed4.png,0.06512172520160675,0.0994856134057045,-0.03436388820409775,0,0.25296035408973694,0.293282151222229,-0.040321797132492065
ip20_merged,horse_00,horse,apa,identity_0,identity,0.0,0,0.04,apa/horse_00/purify/identity_0/edit_tau0.04_seed0.png,0.06895365566015244,0.10910861194133759,-0.04015495628118515,0,0.26806342601776123,0.3029717803001404,-0.03490835428237915
ip20_merged,horse_00,horse,apa,identity_0,identity,0.0,1,0.04,apa/horse_00/purify/identity_0/edit_tau0.04_seed1.png,0.06804220378398895,0.10835328698158264,-0.04031108319759369,0,0.2686167359352112,0.3023616671562195,-0.0337449312210083
ip20_merged,horse_00,horse,apa,identity_0,identity,0.0,2,0.04,apa/horse_00/purify/identity_0/edit_tau0.04_seed2.png,0.06652370095252991,0.10812748968601227,-0.04160378873348236,0,0.24285748600959778,0.29242926836013794,-0.04957178235054016
ip20_merged,horse_00,horse,apa,identity_0,identity,0.0,3,0.04,apa/horse_00/purify/identity_0/edit_tau0.04_seed3.png,0.06724628806114197,0.10940414667129517,-0.0421578586101532,0,0.25492149591445923,0.2980518341064453,-0.043130338191986084
ip20_merged,horse_00,horse,apa,identity_0,identity,0.0,4,0.04,apa/horse_00/purify/identity_0/edit_tau0.04_seed4.png,0.07266940921545029,0.10798478126525879,-0.0353153720498085,0,0.267006516456604,0.29770660400390625,-0.030700087547302246
ip20_merged,horse_00,horse,apa,jpeg_30,jpeg,30,0,0.04,apa/horse_00/purify/jpeg_30/edit_tau0.04_seed0.png,0.0713312029838562,0.10849979519844055,-0.03716859221458435,0,0.2729133069515228,0.305734246969223,-0.032820940017700195
ip20_merged,horse_00,horse,apa,jpeg_30,jpeg,30,1,0.04,apa/horse_00/purify/jpeg_30/edit_tau0.04_seed1.png,0.06879787147045135,0.1066315770149231,-0.03783370554447174,0,0.27262574434280396,0.3039211928844452,-0.031295448541641235
ip20_merged,horse_00,horse,apa,jpeg_30,jpeg,30,2,0.04,apa/horse_00/purify/jpeg_30/edit_tau0.04_seed2.png,0.06569018214941025,0.10607324540615082,-0.04038306325674057,0,0.2721831798553467,0.304251492023468,-0.03206831216812134
ip20_merged,horse_00,horse,apa,jpeg_30,jpeg,30,3,0.04,apa/horse_00/purify/jpeg_30/edit_tau0.04_seed3.png,0.06966143846511841,0.10698370635509491,-0.0373222678899765,0,0.26570725440979004,0.3030107617378235,-0.03730350732803345
ip20_merged,horse_00,horse,apa,jpeg_30,jpeg,30,4,0.04,apa/horse_00/purify/jpeg_30/edit_tau0.04_seed4.png,0.06903576850891113,0.10529406368732452,-0.03625829517841339,0,0.2734764814376831,0.29783040285110474,-0.02435392141342163
ip20_merged,horse_00,horse,apa,jpeg_75,jpeg,75,0,0.04,apa/horse_00/purify/jpeg_75/edit_tau0.04_seed0.png,0.07313518226146698,0.10856323689222336,-0.03542805463075638,0,0.26321667432785034,0.30052441358566284,-0.0373077392578125
ip20_merged,horse_00,horse,apa,jpeg_75,jpeg,75,1,0.04,apa/horse_00/purify/jpeg_75/edit_tau0.04_seed1.png,0.06758994609117508,0.10696137696504593,-0.03937143087387085,0,0.26305651664733887,0.30194607377052307,-0.038889557123184204
ip20_merged,horse_00,horse,apa,jpeg_75,jpeg,75,2,0.04,apa/horse_00/purify/jpeg_75/edit_tau0.04_seed2.png,0.06836387515068054,0.10777565836906433,-0.03941178321838379,0,0.24412840604782104,0.2945917844772339,-0.05046337842941284
ip20_merged,horse_00,horse,apa,jpeg_75,jpeg,75,3,0.04,apa/horse_00/purify/jpeg_75/edit_tau0.04_seed3.png,0.0689951479434967,0.10775232315063477,-0.03875717520713806,0,0.24406298995018005,0.29279041290283203,-0.04872742295265198
ip20_merged,horse_00,horse,apa,jpeg_75,jpeg,75,4,0.04,apa/horse_00/purify/jpeg_75/edit_tau0.04_seed4.png,0.06961681693792343,0.10517200082540512,-0.03555518388748169,0,0.26034778356552124,0.29598820209503174,-0.0356404185295105
ip20_merged,horse_00,horse,apa,noise_0.01,noise,0.01,0,0.04,apa/horse_00/purify/noise_0.01/edit_tau0.04_seed0.png,0.06761033833026886,0.10947336256504059,-0.04186302423477173,0,0.269928902387619,0.3045259118080139,-0.0345970094203949
ip20_merged,horse_00,horse,apa,noise_0.01,noise,0.01,1,0.04,apa/horse_00/purify/noise_0.01/edit_tau0.04_seed1.png,0.06786346435546875,0.10920853912830353,-0.04134507477283478,0,0.27644437551498413,0.3020022213459015,-0.02555784583091736
ip20_merged,horse_00,horse,apa,noise_0.01,noise,0.01,2,0.04,apa/horse_00/purify/noise_0.01/edit_tau0.04_seed2.png,0.06640332192182541,0.10690495371818542,-0.040501631796360016,0,0.27376437187194824,0.3017118573188782,-0.02794748544692993
ip20_merged,horse_00,horse,apa,noise_0.01,noise,0.01,3,0.04,apa/horse_00/purify/noise_0.01/edit_tau0.04_seed3.png,0.07272973656654358,0.10877256095409393,-0.036042824387550354,0,0.28643837571144104,0.30458104610443115,-0.018142670392990112
ip20_merged,horse_00,horse,apa,noise_0.01,noise,0.01,4,0.04,apa/horse_00/purify/noise_0.01/edit_tau0.04_seed4.png,0.06907721608877182,0.10669149458408356,-0.03761427849531174,0,0.27915921807289124,0.3020719289779663,-0.022912710905075073
ip20_merged,horse_00,horse,apa,noise_0.02,noise,0.02,0,0.04,apa/horse_00/purify/noise_0.02/edit_tau0.04_seed0.png,0.06748974323272705,0.10747760534286499,-0.03998786211013794,0,0.26965898275375366,0.30305173993110657,-0.033392757177352905
ip20_merged,horse_00,horse,apa,noise_0.02,noise,0.02,1,0.04,apa/horse_00/purify/noise_0.02/edit_tau0.04_seed1.png,0.06929175555706024,0.10864565521478653,-0.03935389965772629,0,0.27751457691192627,0.3025331199169159,-0.025018543004989624
ip20_merged,horse_00,horse,apa,noise_0.02,noise,0.02,2,0.04,apa/horse_00/purify/noise_0.02/edit_tau0.04_seed2.png,0.06715093553066254,0.10607500374317169,-0.038924068212509155,0,0.2773883640766144,0.30378443002700806,-0.026396065950393677
ip20_merged,horse_00,horse,apa,noise_0.02,noise,0.02,3,0.04,apa/horse_00/purify/noise_0.02/edit_tau0.04_seed3.png,0.06826896220445633,0.108204685151577,-0.039935722947120667,0,0.2835736572742462,0.30447250604629517,-0.02089884877204895
ip20_merged,horse_00,horse,apa,noise_0.02,noise,0.02,4,0.04,apa/horse_00/purify/noise_0.02/edit_tau0.04_seed4.png,0.06587176024913788,0.10558333992958069,-0.03971157968044281,0,0.27969568967819214,0.302587628364563,-0.02289193868637085
ip20_merged,horse_00,horse,apa,noise_0.04,noise,0.04,0,0.04,apa/horse_00/purify/noise_0.04/edit_tau0.04_seed0.png,0.06376758962869644,0.10604602843523026,-0.042278438806533813,0,0.27034792304039,0.2983779013156891,-0.028029978275299072
ip20_merged,horse_00,horse,apa,noise_0.04,noise,0.04,1,0.04,apa/horse_00/purify/noise_0.04/edit_tau0.04_seed1.png,0.06416226923465729,0.10843923687934875,-0.04427696764469147,0,0.28619053959846497,0.3030988872051239,-0.016908347606658936
ip20_merged,horse_00,horse,apa,noise_0.04,noise,0.04,2,0.04,apa/horse_00/purify/noise_0.04/edit_tau0.04_seed2.png,0.063758984208107,0.10464324802160263,-0.040884263813495636,0,0.27228638529777527,0.3035709261894226,-0.03128454089164734
ip20_merged,horse_00,horse,apa,noise_0.04,noise,0.04,3,0.04,apa/horse_00/purify/noise_0.04/edit_tau0.04_seed3.png,0.05982846021652222,0.10411840677261353,-0.04428994655609131,0,0.2778560519218445,0.3008175492286682,-0.02296149730682373
ip20_merged,horse_00,horse,apa,noise_0.04,noise,0.04,4,0.04,apa/horse_00/purify/noise_0.04/edit_tau0.04_seed4.png,0.06488343328237534,0.10590292513370514,-0.0410194918513298,0,0.27799099683761597,0.3023431897163391,-0.024352192878723145
ip20_merged,horse_00,horse,apa,noise_0.08,noise,0.08,0,0.04,apa/horse_00/purify/noise_0.08/edit_tau0.04_seed0.png,0.05817954242229462,0.10600555688142776,-0.04782601445913315,0,0.2821483612060547,0.30518871545791626,-0.023040354251861572
ip20_merged,horse_00,horse,apa,noise_0.08,noise,0.08,1,0.04,apa/horse_00/purify/noise_0.08/edit_tau0.04_seed1.png,0.06173078715801239,0.10720664262771606,-0.045475855469703674,0,0.2790316343307495,0.3027235269546509,-0.023691892623901367
ip20_merged,horse_00,horse,apa,noise_0.08,noise,0.08,2,0.04,apa/horse_00/purify/noise_0.08/edit_tau0.04_seed2.png,0.06279981136322021,0.10389341413974762,-0.041093602776527405,0,0.2743756175041199,0.3073385953903198,-0.03296297788619995
ip20_merged,horse_00,horse,apa,noise_0.08,noise,0.08,3,0.04,apa/horse_00/purify/noise_0.08/edit_tau0.04_seed3.png,0.060310643166303635,0.10331349074840546,-0.04300284758210182,0,0.29097622632980347,0.30669182538986206,-0.015715599060058594
ip20_merged,horse_00,horse,apa,noise_0.08,noise,0.08,4,0.04,apa/horse_00/purify/noise_0.08/edit_tau0.04_seed4.png,0.057622767984867096,0.10529996454715729,-0.04767719656229019,0,0.27512127161026,0.3076300621032715,-0.032508790493011475
ip20_merged,horse_00,horse,apa,quantize_16,quantize,16,0,0.04,apa/horse_00/purify/quantize_16/edit_tau0.04_seed0.png,0.06787841767072678,0.10888675600290298,-0.04100833833217621,0,0.27713000774383545,0.30849355459213257,-0.03136354684829712
ip20_merged,horse_00,horse,apa,quantize_16,quantize,16,1,0.04,apa/horse_00/purify/quantize_16/edit_tau0.04_seed1.png,0.0679812952876091,0.10822826623916626,-0.04024697095155716,0,0.27856433391571045,0.3079853057861328,-0.029420971870422363
ip20_merged,horse_00,horse,apa,quantize_16,quantize,16,2,0.04,apa/horse_00/purify/quantize_16/edit_tau0.04_seed2.png,0.0664619505405426,0.10570044070482254,-0.03923849016427994,0,0.27566206455230713,0.3048868477344513,-0.029224783182144165
ip20_merged,horse_00,horse,apa,quantize_16,quantize,16,3,0.04,apa/horse_00/purify/quantize_16/edit_tau0.04_seed3.png,0.06668683886528015,0.1034797951579094,-0.03679295629262924,0,0.25640588998794556,0.30545222759246826,-0.049046337604522705
ip20_merged,horse_00,horse,apa,quantize_16,quantize,16,4,0.04,apa/horse_00/purify/quantize_16/edit_tau0.04_seed4.png,0.065949946641922,0.10557370632886887,-0.03962375968694687,0,0.2717400789260864,0.3014022707939148,-0.02966219186782837
ip20_merged,horse_00,horse,apa,quantize_32,quantize,32,0,0.04,apa/horse_00/purify/quantize_32/edit_tau0.04_seed0.png,0.07065171748399734,0.10948261618614197,-0.03883089870214462,0,0.26536858081817627,0.3014853000640869,-0.036116719245910645
ip20_merged,horse_00,horse,apa,quantize_32,quantize,32,1,0.04,apa/horse_00/purify/quantize_32/edit_tau0.04_seed1.png,0.0672241598367691,0.10830506682395935,-0.04108090698719025,0,0.2702600657939911,0.30279606580734253,-0.03253600001335144
ip20_merged,horse_00,horse,apa,quantize_32,quantize,32,2,0.04,apa/horse_00/purify/quantize_32/edit_tau0.04_seed2.png,0.06892474740743637,0.10777752101421356,-0.03885277360677719,0,0.2686302661895752,0.3009773790836334,-0.03234711289405823
ip20_merged,horse_00,horse,apa,quantize_32,quantize,32,3,0.04,apa/horse_00/purify/quantize_32/edit_tau0.04_seed3.png,0.07434190809726715,0.1092730313539505,-0.03493112325668335,0,0.28292685747146606,0.3028123378753662,-0.019885480403900146
ip20_merged,horse_00,horse,apa,quantize_32,quantize,32,4,0.04,apa/horse_00/purify/quantize_32/edit_tau0.04_seed4.png,0.07214340567588806,0.10774943232536316,-0.0356060266494751,0,0.27488741278648376,0.2980685830116272,-0.023181170225143433
ip20_merged,horse_00,horse,apa,quantize_64,quantize,64,0,0.04,apa/horse_00/purify/quantize_64/edit_tau0.04_seed0.png,0.07057991623878479,0.11042098701000214,-0.039841070771217346,0,0.26493901014328003,0.3033811151981354,-0.03844210505485535
ip20_merged,horse_00,horse,apa,quantize_64,quantize,64,1,0.04,apa/horse_00/purify/quantize_64/edit_tau0.04_seed1.png,0.06803706288337708,0.10845529288053513,-0.04041822999715805,0,0.2690330147743225,0.30211514234542847,-0.03308212757110596
ip20_merged,horse_00,horse,apa,quantize_64,quantize,64,2,0.04,apa/horse_00/purify/quantize_64/edit_tau0.04_seed2.png,0.06697197258472443,0.10846009850502014,-0.041488125920295715,0,0.2655089199542999,0.2971046566963196,-0.03159573674201965
ip20_merged,horse_00,horse,apa,quantize_64,quantize,64,3,0.04,apa/horse_00/purify/quantize_64/edit_tau0.04_seed3.png,0.0705999881029129,0.11022335290908813,-0.03962336480617523,0,0.2754818797111511,0.2964649200439453,-0.02098304033279419
ip20_merged,horse_00,horse,apa,quantize_64,quantize,64,4,0.04,apa/horse_00/purify/quantize_64/edit_tau0.04_seed4.png,0.07147768139839172,0.10753948241472244,-0.03606180101633072,0,0.26911234855651855,0.2981998324394226,-0.029087483882904053
ip20_merged,horse_00,horse,apa,quantize_8,quantize,8,0,0.04,apa/horse_00/purify/quantize_8/edit_tau0.04_seed0.png,0.06841815263032913,0.1044023334980011,-0.03598418086767197,0,0.2714540660381317,0.3068818151950836,-0.035427749156951904
ip20_merged,horse_00,horse,apa,quantize_8,quantize,8,1,0.04,apa/horse_00/purify/quantize_8/edit_tau0.04_seed1.png,0.06988584995269775,0.10358681529760361,-0.03370096534490585,0,0.2866797149181366,0.314255952835083,-0.02757623791694641
ip20_merged,horse_00,horse,apa,quantize_8,quantize,8,2,0.04,apa/horse_00/purify/quantize_8/edit_tau0.04_seed2.png,0.06625347584486008,0.10381494462490082,-0.03756146878004074,0,0.2709515392780304,0.30905526876449585,-0.038103729486465454
ip20_merged,horse_00,horse,apa,quantize_8,quantize,8,3,0.04,apa/horse_00/purify/quantize_8/edit_tau0.04_seed3.png,0.06955480575561523,0.10566380620002747,-0.03610900044441223,0,0.2910582423210144,0.30671772360801697,-0.015659481287002563
ip20_merged,horse_00,horse,apa,quantize_8,quantize,8,4,0.04,apa/horse_00/purify/quantize_8/edit_tau0.04_seed4.png,0.06661033630371094,0.10197053849697113,-0.03536020219326019,0,0.2822541892528534,0.31612035632133484,-0.033866167068481445
ip20_merged,horse_00,horse,Ra,adverse_cleaner_0,adverse_cleaner,0.0,0,0.04,Ra/horse_00/purify/adverse_cleaner_0/edit_tau0.04_seed0.png,0.07675543427467346,0.10631290078163147,-0.029557466506958008,0,0.2459937036037445,0.2989487051963806,-0.05295500159263611
ip20_merged,horse_00,horse,Ra,adverse_cleaner_0,adverse_cleaner,0.0,1,0.04,Ra/horse_00/purify/adverse_cleaner_0/edit_tau0.04_seed1.png,0.07284851372241974,0.10653029382228851,-0.033681780099868774,0,0.2424909770488739,0.29407209157943726,-0.051581114530563354
ip20_merged,horse_00,horse,Ra,adverse_cleaner_0,adverse_cleaner,0.0,2,0.04,Ra/horse_00/purify/adverse_cleaner_0/edit_tau0.04_seed2.png,0.07784977555274963,0.10781051963567734,-0.029960744082927704,0,0.24065594375133514,0.28925788402557373,-0.048601940274238586
ip20_merged,horse_00,horse,Ra,adverse_cleaner_0,adverse_cleaner,0.0,3,0.04,Ra/horse_00/purify/adverse_cleaner_0/edit_tau0.04_seed3.png,0.0727567970752716,0.10591652244329453,-0.03315972536802292,0,0.24266566336154938,0.29302820563316345,-0.050362542271614075
ip20_merged,horse_00,horse,Ra,adverse_cleaner_0,adverse_cleaner,0.0,4,0.04,Ra/horse_00/purify/adverse_cleaner_0/edit_tau0.04_seed4.png,0.07538764923810959,0.10517670959234238,-0.029789060354232788,0,0.24931177496910095,0.2963223457336426,-0.047010570764541626
ip20_merged,horse_00,horse,Ra,blur_0.5,blur,0.5,0,0.04,Ra/horse_00/purify/blur_0.5/edit_tau0.04_seed0.png,0.0717272013425827,0.10218852758407593,-0.030461326241493225,0,0.23571184277534485,0.2845843732357025,-0.048872530460357666
ip20_merged,horse_00,horse,Ra,blur_0.5,blur,0.5,1,0.04,Ra/horse_00/purify/blur_0.5/edit_tau0.04_seed1.png,0.07222393900156021,0.10487054288387299,-0.032646603882312775,0,0.2554249167442322,0.2998988628387451,-0.04447394609451294
ip20_merged,horse_00,horse,Ra,blur_0.5,blur,0.5,2,0.04,Ra/horse_00/purify/blur_0.5/edit_tau0.04_seed2.png,0.0765341967344284,0.10680372267961502,-0.030269525945186615,0,0.23654024302959442,0.2850639820098877,-0.048523738980293274
ip20_merged,horse_00,horse,Ra,blur_0.5,blur,0.5,3,0.04,Ra/horse_00/purify/blur_0.5/edit_tau0.04_seed3.png,0.07017339766025543,0.1040029376745224,-0.03382954001426697,0,0.23869425058364868,0.2891347408294678,-0.05044049024581909
ip20_merged,horse_00,horse,Ra,blur_0.5,blur,0.5,4,0.04,Ra/horse_00/purify/blur_0.5/edit_tau0.04_seed4.png,0.0744256004691124,0.10158982127904892,-0.027164220809936523,0,0.2285194993019104,0.28425443172454834,-0.05573493242263794
ip20_merged,horse_00,horse,Ra,blur_1,blur,1.0,0,0.04,Ra/horse_00/purify/blur_1/edit_tau0.04_seed0.png,0.0691276416182518,0.10405994951725006,-0.03493230789899826,0,0.23928320407867432,0.28865230083465576,-0.049369096755981445
ip20_merged,horse_00,horse,Ra,blur_1,blur,1.0,1,0.04,Ra/horse_00/purify/blur_1/edit_tau0.04_seed1.png,0.06758295744657516,0.10303471982479095,-0.03545176237821579,0,0.23003679513931274,0.2826066017150879,-0.052569806575775146
ip20_merged,horse_00,horse,Ra,blur_1,blur,1.0,2,0.04,Ra/horse_00/purify/blur_1/edit_tau0.04_seed2.png,0.07008621841669083,0.10498932003974915,-0.03490310162305832,0,0.2353450357913971,0.2829943299293518,-0.04764929413795471
ip20_merged,horse_00,horse,Ra,blur_1,blur,1.0,3,0.04,Ra/horse_00/purify/blur_1/edit_tau0.04_seed3.png,0.06710409373044968,0.10434815287590027,-0.03724405914545059,0,0.2403680682182312,0.2909221649169922,-0.050554096698760986
ip20_merged,horse_00,horse,Ra,blur_1,blur,1.0,4,0.04,Ra/horse_00/purify/blur_1/edit_tau0.04_seed4.png,0.06842056661844254,0.1019434779882431,-0.03352291136980057,0,0.21877530217170715,0.2715751528739929,-0.05279985070228577
ip20_merged,horse_00,horse,Ra,blur_2,blur,2.0,0,0.04,Ra/horse_00/purify/blur_2/edit_tau0.04_seed0.png,0.07700308412313461,0.10731711983680725,-0.030314035713672638,0,0.24047121405601501,0.2920733690261841,-0.05160215497016907
ip20_merged,horse_00,horse,Ra,blur_2,blur,2.0,1,0.04,Ra/horse_00/purify/blur_2/edit_tau0.04_seed1.png,0.0802476555109024,0.11094078421592712,-0.03069312870502472,0,0.24819114804267883,0.3000480532646179,-0.05185690522193909
ip20_merged,horse_00,horse,Ra,blur_2,blur,2.0,2,0.04,Ra/horse_00/purify/blur_2/edit_tau0.04_seed2.png,0.07478152215480804,0.10618413239717484,-0.03140261024236679,0,0.23265837132930756,0.28384673595428467,-0.05118836462497711
ip20_merged,horse_00,horse,Ra,blur_2,blur,2.0,3,0.04,Ra/horse_00/purify/blur_2/edit_tau0.04_seed3.png,0.06987973302602768,0.10480800271034241,-0.03492826968431473,0,0.23538042604923248,0.28981319069862366,-0.054432764649391174
ip20_merged,horse_00,horse,Ra,blur_2,blur,2.0,4,0.04,Ra/horse_00/purify/blur_2/edit_tau0.04_seed4.png,0.07643961906433105,0.10658274590969086,-0.030143126845359802,0,0.22465291619300842,0.2801200747489929,-0.0554671585559845
ip20_merged,horse_00,horse,Ra,blur_3,blur,3.0,0,0.04,Ra/horse_00/purify/blur_3/edit_tau0.04_seed0.png,0.07644662261009216,0.10269897431135178,-0.026252351701259613,0,0.25565260648727417,0.303446501493454,-0.04779389500617981
ip20_merged,horse_00,horse,Ra,blur_3,blur,3.0,1,0.04,Ra/horse_00/purify/blur_3/edit_tau0.04_seed1.png,0.07681071758270264,0.10987849533557892,-0.03306777775287628,0,0.24131140112876892,0.2899273931980133,-0.048615992069244385
ip20_merged,horse_00,horse,Ra,blur_3,blur,3.0,2,0.04,Ra/horse_00/purify/blur_3/edit_tau0.04_seed2.png,0.06957440078258514,0.10786232352256775,-0.038287922739982605,0,0.2269095480442047,0.28043845295906067,-0.05352890491485596
ip20_merged,horse_00,horse,Ra,blur_3,blur,3.0,3,0.04,Ra/horse_00/purify/blur_3/edit_tau0.04_seed3.png,0.06584241986274719,0.10598433017730713,-0.040141910314559937,0,0.23854748904705048,0.29074805974960327,-0.052200570702552795
ip20_merged,horse_00,horse,Ra,blur_3,blur,3.0,4,0.04,Ra/horse_00/purify/blur_3/edit_tau0.04_seed4.png,0.07116890698671341,0.10558424890041351,-0.034415341913700104,0,0.23832987248897552,0.28343603014945984,-0.045106157660484314
ip20_merged,horse_00,horse,Ra,crop_resize_0.1,crop_resize,0.1,0,0.04,Ra/horse_00/purify/crop_resize_0.1/edit_tau0.04_seed0.png,0.06036895141005516,0.10157261788845062,-0.04120366647839546,0,0.2556688189506531,0.28005433082580566,-0.024385511875152588
ip20_merged,horse_00,horse,Ra,crop_resize_0.1,crop_resize,0.1,1,0.04,Ra/horse_00/purify/crop_resize_0.1/edit_tau0.04_seed1.png,0.05360032990574837,0.09444461762905121,-0.04084428772330284,0,0.25851014256477356,0.2843349874019623,-0.02582484483718872
ip20_merged,horse_00,horse,Ra,crop_resize_0.1,crop_resize,0.1,2,0.04,Ra/horse_00/purify/crop_resize_0.1/edit_tau0.04_seed2.png,0.06113516166806221,0.10514669865369797,-0.04401153698563576,0,0.2629547715187073,0.29048973321914673,-0.027534961700439453
ip20_merged,horse_00,horse,Ra,crop_resize_0.1,crop_resize,0.1,3,0.04,Ra/horse_00/purify/crop_resize_0.1/edit_tau0.04_seed3.png,0.06447397172451019,0.10275059938430786,-0.03827662765979767,0,0.2809542119503021,0.30391353368759155,-0.02295932173728943
ip20_merged,horse_00,horse,Ra,crop_resize_0.1,crop_resize,0.1,4,0.04,Ra/horse_00/purify/crop_resize_0.1/edit_tau0.04_seed4.png,0.06443647295236588,0.10299662500619888,-0.03856015205383301,0,0.25746992230415344,0.29008129239082336,-0.03261137008666992
ip20_merged,horse_00,horse,Ra,diffpure_150,diffpure,150,0,0.04,Ra/horse_00/purify/diffpure_150/edit_tau0.04_seed0.png,0.064532071352005,0.102529376745224,-0.037997305393218994,0,0.2423863410949707,0.28162938356399536,-0.03924304246902466
ip20_merged,horse_00,horse,Ra,diffpure_150,diffpure,150,1,0.04,Ra/horse_00/purify/diffpure_150/edit_tau0.04_seed1.png,0.0805988609790802,0.10172931849956512,-0.021130457520484924,0,0.23749034106731415,0.2824540436267853,-0.04496370255947113
ip20_merged,horse_00,horse,Ra,diffpure_150,diffpure,150,2,0.04,Ra/horse_00/purify/diffpure_150/edit_tau0.04_seed2.png,0.08076411485671997,0.1046522930264473,-0.023888178169727325,0,0.24368737637996674,0.2770271599292755,-0.03333978354930878
ip20_merged,horse_00,horse,Ra,diffpure_150,diffpure,150,3,0.04,Ra/horse_00/purify/diffpure_150/edit_tau0.04_seed3.png,0.10121143609285355,0.1048508808016777,-0.0036394447088241577,0,0.2462090253829956,0.2903997302055359,-0.04419070482254028
ip20_merged,horse_00,horse,Ra,diffpure_150,diffpure,150,4,0.04,Ra/horse_00/purify/diffpure_150/edit_tau0.04_seed4.png,0.07992016524076462,0.10413528233766556,-0.02421511709690094,0,0.22586092352867126,0.2773469090461731,-0.05148598551750183
ip20_merged,horse_00,horse,Ra,identity_0,identity,0.0,0,0.04,Ra/horse_00/purify/identity_0/edit_tau0.04_seed0.png,0.07386679202318192,0.1041615828871727,-0.030294790863990784,0,0.2332727313041687,0.2827269732952118,-0.04945424199104309
ip20_merged,horse_00,horse,Ra,identity_0,identity,0.0,1,0.04,Ra/horse_00/purify/identity_0/edit_tau0.04_seed1.png,0.0715598315000534,0.10454035550355911,-0.03298052400350571,0,0.25466302037239075,0.29969093203544617,-0.04502791166305542
ip20_merged,horse_00,horse,Ra,identity_0,identity,0.0,2,0.04,Ra/horse_00/purify/identity_0/edit_tau0.04_seed2.png,0.07754223793745041,0.10731581598520279,-0.02977357804775238,0,0.2378711700439453,0.28571224212646484,-0.04784107208251953
ip20_merged,horse_00,horse,Ra,identity_0,identity,0.0,3,0.04,Ra/horse_00/purify/identity_0/edit_tau0.04_seed3.png,0.07038436830043793,0.10340382158756256,-0.033019453287124634,0,0.23925015330314636,0.289531409740448,-0.050281256437301636
ip20_merged,horse_00,horse,Ra,identity_0,identity,0.0,4,0.04,Ra/horse_00/purify/identity_0/edit_tau0.04_seed4.png,0.07481315732002258,0.10193559527397156,-0.027122437953948975,0,0.2340388298034668,0.2872556149959564,-0.053216785192489624
ip20_merged,horse_00,horse,Ra,jpeg_30,jpeg,30,0,0.04,Ra/horse_00/purify/jpeg_30/edit_tau0.04_seed0.png,0.07519079744815826,0.10555882751941681,-0.030368030071258545,0,0.2451411485671997,0.29130277037620544,-0.04616162180900574
ip20_merged,horse_00,horse,Ra,jpeg_30,jpeg,30,1,0.04,Ra/horse_00/purify/jpeg_30/edit_tau0.04_seed1.png,0.0707668736577034,0.10413029789924622,-0.033363424241542816,0,0.2568821907043457,0.30005958676338196,-0.043177396059036255
ip20_merged,horse_00,horse,Ra,jpeg_30,jpeg,30,2,0.04,Ra/horse_00/purify/jpeg_30/edit_tau0.04_seed2.png,0.07944218814373016,0.10803079605102539,-0.028588607907295227,0,0.23917323350906372,0.2886629104614258,-0.04948967695236206
ip20_merged,horse_00,horse,Ra,jpeg_30,jpeg,30,3,0.04,Ra/horse_00/purify/jpeg_30/edit_tau0.04_seed3.png,0.07286922633647919,0.1036863774061203,-0.030817151069641113,0,0.23918567597866058,0.29149094223976135,-0.05230526626110077
ip20_merged,horse_00,horse,Ra,jpeg_30,jpeg,30,4,0.04,Ra/horse_00/purify/jpeg_30/edit_tau0.04_seed4.png,0.07971277087926865,0.10313419252634048,-0.02342142164707184,0,0.23968549072742462,0.28862202167510986,-0.04893653094768524
ip20_merged,horse_00,horse,Ra,jpeg_75,jpeg,75,0,0.04,Ra/horse_00/purify/jpeg_75/edit_tau0.04_seed0.png,0.07338687032461166,0.1035725325345993,-0.03018566220998764,0,0.23992830514907837,0.2922895550727844,-0.052361249923706055
ip20_merged,horse_00,horse,Ra,jpeg_75,jpeg,75,1,0.04,Ra/horse_00/purify/jpeg_75/edit_tau0.04_seed1.png,0.07224373519420624,0.10401139408349991,-0.03176765888929367,0,0.2515846788883209,0.29948925971984863,-0.04790458083152771
ip20_merged,horse_00,horse,Ra,jpeg_75,jpeg,75,2,0.04,Ra/horse_00/purify/jpeg_75/edit_tau0.04_seed2.png,0.07511132955551147,0.10670236498117447,-0.031591035425662994,0,0.23950691521167755,0.28888487815856934,-0.049377962946891785
ip20_merged,horse_00,horse,Ra,jpeg_75,jpeg,75,3,0.04,Ra/horse_00/purify/jpeg_75/edit_tau0.04_seed3.png,0.07038551568984985,0.10314367711544037,-0.032758161425590515,0,0.23829162120819092,0.2888275384902954,-0.05053591728210449
ip20_merged,horse_00,horse,Ra,jpeg_75,jpeg,75,4,0.04,Ra/horse_00/purify/jpeg_75/edit_tau0.04_seed4.png,0.07467234879732132,0.10209528356790543,-0.027422934770584106,0,0.23887360095977783,0.2900429368019104,-0.05116933584213257
ip20_merged,horse_00,horse,Ra,noise_0.01,noise,0.01,0,0.04,Ra/horse_00/purify/noise_0.01/edit_tau0.04_seed0.png,0.07206253707408905,0.1050693467259407,-0.033006809651851654,0,0.23727160692214966,0.28537100553512573,-0.048099398612976074
ip20_merged,horse_00,horse,Ra,noise_0.01,noise,0.01,1,0.04,Ra/horse_00/purify/noise_0.01/edit_tau0.04_seed1.png,0.07113812118768692,0.1057797223329544,-0.03464160114526749,0,0.25553929805755615,0.3009122312068939,-0.04537293314933777
ip20_merged,horse_00,horse,Ra,noise_0.01,noise,0.01,2,0.04,Ra/horse_00/purify/noise_0.01/edit_tau0.04_seed2.png,0.07103582471609116,0.10612273216247559,-0.03508690744638443,0,0.24292123317718506,0.2910161316394806,-0.04809489846229553
ip20_merged,horse_00,horse,Ra,noise_0.01,noise,0.01,3,0.04,Ra/horse_00/purify/noise_0.01/edit_tau0.04_seed3.png,0.0690741240978241,0.10366364568471909,-0.03458952158689499,0,0.23934540152549744,0.2894984483718872,-0.05015304684638977
ip20_merged,horse_00,horse,Ra,noise_0.01,noise,0.01,4,0.04,Ra/horse_00/purify/noise_0.01/edit_tau0.04_seed4.png,0.07439109683036804,0.10132171958684921,-0.02693062275648117,0,0.23450890183448792,0.28740447759628296,-0.052895575761795044
ip20_merged,horse_00,horse,Ra,noise_0.02,noise,0.02,0,0.04,Ra/horse_00/purify/noise_0.02/edit_tau0.04_seed0.png,0.07066966593265533,0.10547047853469849,-0.03480081260204315,0,0.24989640712738037,0.29415351152420044,-0.04425710439682007
ip20_merged,horse_00,horse,Ra,noise_0.02,noise,0.02,1,0.04,Ra/horse_00/purify/noise_0.02/edit_tau0.04_seed1.png,0.0704512894153595,0.10497339069843292,-0.034522101283073425,0,0.25937119126319885,0.2990635335445404,-0.03969234228134155
ip20_merged,horse_00,horse,Ra,noise_0.02,noise,0.02,2,0.04,Ra/horse_00/purify/noise_0.02/edit_tau0.04_seed2.png,0.06792345643043518,0.10450907796621323,-0.036585621535778046,0,0.25666365027427673,0.29457932710647583,-0.0379156768321991
ip20_merged,horse_00,horse,Ra,noise_0.02,noise,0.02,3,0.04,Ra/horse_00/purify/noise_0.02/edit_tau0.04_seed3.png,0.06935717165470123,0.10600419342517853,-0.036647021770477295,0,0.23837615549564362,0.28895270824432373,-0.050576552748680115
ip20_merged,horse_00,horse,Ra,noise_0.02,noise,0.02,4,0.04,Ra/horse_00/purify/noise_0.02/edit_tau0.04_seed4.png,0.07363580167293549,0.10586297512054443,-0.03222717344760895,0,0.25008028745651245,0.2909347414970398,-0.040854454040527344
ip20_merged,horse_00,horse,Ra,noise_0.04,noise,0.04,0,0.04,Ra/horse_00/purify/noise_0.04/edit_tau0.04_seed0.png,0.06765327602624893,0.10515707731246948,-0.03750380128622055,0,0.2542463541030884,0.29946577548980713,-0.04521942138671875
ip20_merged,horse_00,horse,Ra,noise_0.04,noise,0.04,1,0.04,Ra/horse_00/purify/noise_0.04/edit_tau0.04_seed1.png,0.06359319388866425,0.10161731392145157,-0.03802412003278732,0,0.26603829860687256,0.3004123866558075,-0.034374088048934937
ip20_merged,horse_00,horse,Ra,noise_0.04,noise,0.04,2,0.04,Ra/horse_00/purify/noise_0.04/edit_tau0.04_seed2.png,0.06343792378902435,0.10211744159460068,-0.038679517805576324,0,0.2549141049385071,0.29262447357177734,-0.037710368633270264
ip20_merged,horse_00,horse,Ra,noise_0.04,noise,0.04,3,0.04,Ra/horse_00/purify/noise_0.04/edit_tau0.04_seed3.png,0.06655038148164749,0.1054692193865776,-0.038918837904930115,0,0.2645910680294037,0.30327314138412476,-0.03868207335472107
ip20_merged,horse_00,horse,Ra,noise_0.04,noise,0.04,4,0.04,Ra/horse_00/purify/noise_0.04/edit_tau0.04_seed4.png,0.06939278542995453,0.10388752073049545,-0.034494735300540924,0,0.25874942541122437,0.29688912630081177,-0.0381397008895874
ip20_merged,horse_00,horse,Ra,noise_0.08,noise,0.08,0,0.04,Ra/horse_00/purify/noise_0.08/edit_tau0.04_seed0.png,0.059184398502111435,0.10667134821414948,-0.04748694971203804,0,0.2571284770965576,0.2996062636375427,-0.04247778654098511
ip20_merged,horse_00,horse,Ra,noise_0.08,noise,0.08,1,0.04,Ra/horse_00/purify/noise_0.08/edit_tau0.04_seed1.png,0.0668269619345665,0.10552078485488892,-0.03869382292032242,0,0.2635110914707184,0.2969213128089905,-0.033410221338272095
ip20_merged,horse_00,horse,Ra,noise_0.08,noise,0.08,2,0.04,Ra/horse_00/purify/noise_0.08/edit_tau0.04_seed2.png,0.0628337413072586,0.10486076772212982,-0.042027026414871216,0,0.2586103081703186,0.29576730728149414,-0.03715699911117554
ip20_merged,horse_00,horse,Ra,noise_0.08,noise,0.08,3,0.04,Ra/horse_00/purify/noise_0.08/edit_tau0.04_seed3.png,0.06851016730070114,0.10696806013584137,-0.03845789283514023,0,0.2581169605255127,0.2983269691467285,-0.04021000862121582
ip20_merged,horse_00,horse,Ra,noise_0.08,noise,0.08,4,0.04,Ra/horse_00/purify/noise_0.08/edit_tau0.04_seed4.png,0.06537976861000061,0.10487460345029831,-0.0394948348402977,0,0.260100394487381,0.29912829399108887,-0.039027899503707886
ip20_merged,horse_00,horse,Ra,quantize_16,quantize,16,0,0.04,Ra/horse_00/purify/quantize_16/edit_tau0.04_seed0.png,0.07172436267137527,0.10344798862934113,-0.03172362595796585,0,0.24421095848083496,0.29075902700424194,-0.04654806852340698
ip20_merged,horse_00,horse,Ra,quantize_16,quantize,16,1,0.04,Ra/horse_00/purify/quantize_16/edit_tau0.04_seed1.png,0.06701768934726715,0.10373763740062714,-0.036719948053359985,0,0.2618299722671509,0.3011999726295471,-0.03937000036239624
ip20_merged,horse_00,horse,Ra,quantize_16,quantize,16,2,0.04,Ra/horse_00/purify/quantize_16/edit_tau0.04_seed2.png,0.0696326494216919,0.10539422929286957,-0.03576157987117767,0,0.2407330423593521,0.2891651690006256,-0.0484321266412735
ip20_merged,horse_00,horse,Ra,quantize_16,quantize,16,3,0.04,Ra/horse_00/purify/quantize_16/edit_tau0.04_seed3.png,0.06816168874502182,0.10388599336147308,-0.03572430461645126,0,0.24008120596408844,0.2910691201686859,-0.05098791420459747
ip20_merged,horse_00,horse,Ra,quantize_16,quantize,16,4,0.04,Ra/horse_00/purify/quantize_16/edit_tau0.04_seed4.png,0.06945253163576126,0.10260014235973358,-0.03314761072397232,0,0.2430669069290161,0.2928122282028198,-0.04974532127380371
ip20_merged,horse_00,horse,Ra,quantize_32,quantize,32,0,0.04,Ra/horse_00/purify/quantize_32/edit_tau0.04_seed0.png,0.07233887165784836,0.10584396868944168,-0.03350509703159332,0,0.2399408221244812,0.28928717970848083,-0.049346357583999634
ip20_merged,horse_00,horse,Ra,quantize_32,quantize,32,1,0.04,Ra/horse_00/purify/quantize_32/edit_tau0.04_seed1.png,0.07084326446056366,0.10554741322994232,-0.03470414876937866,0,0.25579506158828735,0.29957881569862366,-0.043783754110336304
ip20_merged,horse_00,horse,Ra,quantize_32,quantize,32,2,0.04,Ra/horse_00/purify/quantize_32/edit_tau0.04_seed2.png,0.07109189033508301,0.10648213326931,-0.03539024293422699,0,0.24309398233890533,0.29059481620788574,-0.04750083386898041
ip20_merged,horse_00,horse,Ra,quantize_32,quantize,32,3,0.04,Ra/horse_00/purify/quantize_32/edit_tau0.04_seed3.png,0.07075466215610504,0.10458634048700333,-0.033831678330898285,0,0.24007882177829742,0.2912426292896271,-0.05116380751132965
ip20_merged,horse_00,horse,Ra,quantize_32,quantize,32,4,0.04,Ra/horse_00/purify/quantize_32/edit_tau0.04_seed4.png,0.07307278364896774,0.10174581408500671,-0.02867303043603897,0,0.23960216343402863,0.2893396019935608,-0.049737438559532166
ip20_merged,horse_00,horse,Ra,quantize_64,quantize,64,0,0.04,Ra/horse_00/purify/quantize_64/edit_tau0.04_seed0.png,0.069462850689888,0.10282842814922333,-0.03336557745933533,0,0.23564517498016357,0.2865745723247528,-0.05092939734458923
ip20_merged,horse_00,horse,Ra,quantize_64,quantize,64,1,0.04,Ra/horse_00/purify/quantize_64/edit_tau0.04_seed1.png,0.07145322859287262,0.10509973764419556,-0.03364650905132294,0,0.25637945532798767,0.3008914291858673,-0.04451197385787964
ip20_merged,horse_00,horse,Ra,quantize_64,quantize,64,2,0.04,Ra/horse_00/purify/quantize_64/edit_tau0.04_seed2.png,0.07669591903686523,0.10731609165668488,-0.03062017261981964,0,0.23983635008335114,0.2888968586921692,-0.049060508608818054
ip20_merged,horse_00,horse,Ra,quantize_64,quantize,64,3,0.04,Ra/horse_00/purify/quantize_64/edit_tau0.04_seed3.png,0.06931006908416748,0.1028839498758316,-0.033573880791664124,0,0.24024294316768646,0.2900182008743286,-0.04977525770664215
ip20_merged,horse_00,horse,Ra,quantize_64,quantize,64,4,0.04,Ra/horse_00/purify/quantize_64/edit_tau0.04_seed4.png,0.07427911460399628,0.1016167402267456,-0.02733762562274933,0,0.2363026738166809,0.2883140742778778,-0.0520114004611969
ip20_merged,horse_00,horse,Ra,quantize_8,quantize,8,0,0.04,Ra/horse_00/purify/quantize_8/edit_tau0.04_seed0.png,0.06855838000774384,0.10580787062644958,-0.03724949061870575,0,0.2627970576286316,0.30439022183418274,-0.04159316420555115
ip20_merged,horse_00,horse,Ra,quantize_8,quantize,8,1,0.04,Ra/horse_00/purify/quantize_8/edit_tau0.04_seed1.png,0.0705307126045227,0.10691799223423004,-0.036387279629707336,0,0.280093789100647,0.3093656897544861,-0.02927190065383911
ip20_merged,horse_00,horse,Ra,quantize_8,quantize,8,2,0.04,Ra/horse_00/purify/quantize_8/edit_tau0.04_seed2.png,0.07063817977905273,0.10591331869363785,-0.035275138914585114,0,0.2756969928741455,0.3071596622467041,-0.031462669372558594
ip20_merged,horse_00,horse,Ra,quantize_8,quantize,8,3,0.04,Ra/horse_00/purify/quantize_8/edit_tau0.04_seed3.png,0.07133308053016663,0.1077028214931488,-0.03636974096298218,0,0.2555296719074249,0.3040018379688263,-0.04847216606140137
ip20_merged,horse_00,horse,Ra,quantize_8,quantize,8,4,0.04,Ra/horse_00/purify/quantize_8/edit_tau0.04_seed4.png,0.07044310867786407,0.10589921474456787,-0.035456106066703796,0,0.25404638051986694,0.3008763790130615,-0.04682999849319458
ip20_merged,horse_00,horse,photoguard_c,adverse_cleaner_0,adverse_cleaner,0.0,0,0.04,photoguard_c/horse_00/purify/adverse_cleaner_0/edit_tau0.04_seed0.png,0.06806564331054688,0.10526121407747269,-0.03719557076692581,0,0.2519909143447876,0.30253612995147705,-0.05054521560668945
ip20_merged,horse_00,horse,photoguard_c,adverse_cleaner_0,adverse_cleaner,0.0,1,0.04,photoguard_c/horse_00/purify/adverse_cleaner_0/edit_tau0.04_seed1.png,0.06938719004392624,0.1069452315568924,-0.037558041512966156,0,0.25341057777404785,0.30142897367477417,-0.04801839590072632
ip20_merged,horse_00,horse,photoguard_c,adverse_cleaner_0,adverse_cleaner,0.0,2,0.04,photoguard_c/horse_00/purify/adverse_cleaner_0/edit_tau0.04_seed2.png,0.07300066202878952,0.10833585262298584,-0.03533519059419632,0,0.24941475689411163,0.2969598174095154,-0.04754506051540375
ip20_merged,horse_00,horse,photoguard_c,adverse_cleaner_0,adverse_cleaner,0.0,3,0.04,photoguard_c/horse_00/purify/adverse_cleaner_0/edit_tau0.04_seed3.png,0.06443334370851517,0.10419420897960663,-0.03976086527109146,0,0.25087040662765503,0.30116695165634155,-0.05029654502868652
ip20_merged,horse_00,horse,photoguard_c,adverse_cleaner_0,adverse_cleaner,0.0,4,0.04,photoguard_c/horse_00/purify/adverse_cleaner_0/edit_tau0.04_seed4.png,0.06902097165584564,0.10183689743280411,-0.032815925776958466,0,0.24868416786193848,0.29695743322372437,-0.04827326536178589
ip20_merged,horse_00,horse,photoguard_c,blur_0.5,blur,0.5,0,0.04,photoguard_c/horse_00/purify/blur_0.5/edit_tau0.04_seed0.png,0.0651572123169899,0.10634401440620422,-0.041186802089214325,0,0.2383074313402176,0.28585466742515564,-0.04754723608493805
ip20_merged,horse_00,horse,photoguard_c,blur_0.5,blur,0.5,1,0.04,photoguard_c/horse_00/purify/blur_0.5/edit_tau0.04_seed1.png,0.06887389719486237,0.10593115538358688,-0.03705725818872452,0,0.24303144216537476,0.29312533140182495,-0.050093889236450195
ip20_merged,horse_00,horse,photoguard_c,blur_0.5,blur,0.5,2,0.04,photoguard_c/horse_00/purify/blur_0.5/edit_tau0.04_seed2.png,0.06740020215511322,0.10581423342227936,-0.03841403126716614,0,0.23833921551704407,0.2841474413871765,-0.045808225870132446
ip20_merged,horse_00,horse,photoguard_c,blur_0.5,blur,0.5,3,0.04,photoguard_c/horse_00/purify/blur_0.5/edit_tau0.04_seed3.png,0.06660199165344238,0.10690559446811676,-0.04030360281467438,0,0.2377147376537323,0.2902252674102783,-0.05251052975654602
ip20_merged,horse_00,horse,photoguard_c,blur_0.5,blur,0.5,4,0.04,photoguard_c/horse_00/purify/blur_0.5/edit_tau0.04_seed4.png,0.06932529807090759,0.1057734340429306,-0.03644813597202301,0,0.24210885167121887,0.28944507241249084,-0.04733622074127197
ip20_merged,horse_00,horse,photoguard_c,blur_1,blur,1.0,0,0.04,photoguard_c/horse_00/purify/blur_1/edit_tau0.04_seed0.png,0.07508128881454468,0.10523901134729385,-0.030157722532749176,0,0.23930740356445312,0.28846320509910583,-0.04915580153465271
ip20_merged,horse_00,horse,photoguard_c,blur_1,blur,1.0,1,0.04,photoguard_c/horse_00/purify/blur_1/edit_tau0.04_seed1.png,0.06958023458719254,0.10262514650821686,-0.03304491192102432,0,0.24380400776863098,0.2954152822494507,-0.0516112744808197
ip20_merged,horse_00,horse,photoguard_c,blur_1,blur,1.0,2,0.04,photoguard_c/horse_00/purify/blur_1/edit_tau0.04_seed2.png,0.06910036504268646,0.10536186397075653,-0.03626149892807007,0,0.2401782125234604,0.28639522194862366,-0.04621700942516327
ip20_merged,horse_00,horse,photoguard_c,blur_1,blur,1.0,3,0.04,photoguard_c/horse_00/purify/blur_1/edit_tau0.04_seed3.png,0.06673233211040497,0.10335201025009155,-0.036619678139686584,0,0.24745428562164307,0.29623106122016907,-0.048776775598526
ip20_merged,horse_00,horse,photoguard_c,blur_1,blur,1.0,4,0.04,photoguard_c/horse_00/purify/blur_1/edit_tau0.04_seed4.png,0.06586673110723495,0.09850963950157166,-0.0326429083943367,0,0.23560431599617004,0.28303712606430054,-0.04743281006813049
ip20_merged,horse_00,horse,photoguard_c,blur_2,blur,2.0,0,0.04,photoguard_c/horse_00/purify/blur_2/edit_tau0.04_seed0.png,0.06804604828357697,0.10780949145555496,-0.039763443171978,0,0.2450903058052063,0.29440513253211975,-0.04931482672691345
ip20_merged,horse_00,horse,photoguard_c,blur_2,blur,2.0,1,0.04,photoguard_c/horse_00/purify/blur_2/edit_tau0.04_seed1.png,0.07482434809207916,0.10832487791776657,-0.03350052982568741,0,0.2497708797454834,0.30040863156318665,-0.05063775181770325
ip20_merged,horse_00,horse,photoguard_c,blur_2,blur,2.0,2,0.04,photoguard_c/horse_00/purify/blur_2/edit_tau0.04_seed2.png,0.07096586376428604,0.10927639901638031,-0.03831053525209427,0,0.2336169183254242,0.2847193479537964,-0.05110242962837219
ip20_merged,horse_00,horse,photoguard_c,blur_2,blur,2.0,3,0.04,photoguard_c/horse_00/purify/blur_2/edit_tau0.04_seed3.png,0.06422209739685059,0.11064652353525162,-0.04642442613840103,0,0.236297607421875,0.2904740273952484,-0.05417641997337341
ip20_merged,horse_00,horse,photoguard_c,blur_2,blur,2.0,4,0.04,photoguard_c/horse_00/purify/blur_2/edit_tau0.04_seed4.png,0.07250051200389862,0.10411515086889267,-0.03161463886499405,0,0.24983495473861694,0.29470616579055786,-0.04487121105194092
ip20_merged,horse_00,horse,photoguard_c,blur_3,blur,3.0,0,0.04,photoguard_c/horse_00/purify/blur_3/edit_tau0.04_seed0.png,0.06813649833202362,0.10486459732055664,-0.03672809898853302,0,0.25763389468193054,0.3035406470298767,-0.04590675234794617
ip20_merged,horse_00,horse,photoguard_c,blur_3,blur,3.0,1,0.04,photoguard_c/horse_00/purify/blur_3/edit_tau0.04_seed1.png,0.0712273120880127,0.10752721130847931,-0.036299899220466614,0,0.24733027815818787,0.29971835017204285,-0.05238807201385498
ip20_merged,horse_00,horse,photoguard_c,blur_3,blur,3.0,2,0.04,photoguard_c/horse_00/purify/blur_3/edit_tau0.04_seed2.png,0.06832194328308105,0.10796910524368286,-0.03964716196060181,0,0.23646020889282227,0.2896506190299988,-0.053190410137176514
ip20_merged,horse_00,horse,photoguard_c,blur_3,blur,3.0,3,0.04,photoguard_c/horse_00/purify/blur_3/edit_tau0.04_seed3.png,0.06791769713163376,0.10821767896413803,-0.04029998183250427,0,0.23540472984313965,0.29003778100013733,-0.05463305115699768
ip20_merged,horse_00,horse,photoguard_c,blur_3,blur,3.0,4,0.04,photoguard_c/horse_00/purify/blur_3/edit_tau0.04_seed4.png,0.06623007357120514,0.10603152215480804,-0.039801448583602905,0,0.22546802461147308,0.2767592668533325,-0.051291242241859436
ip20_merged,horse_00,horse,photoguard_c,crop_resize_0.1,crop_resize,0.1,0,0.04,photoguard_c/horse_00/purify/crop_resize_0.1/edit_tau0.04_seed0.png,0.06439466774463654,0.10614894330501556,-0.04175427556037903,0,0.27353206276893616,0.2964257597923279,-0.022893697023391724
ip20_merged,horse_00,horse,photoguard_c,crop_resize_0.1,crop_resize,0.1,1,0.04,photoguard_c/horse_00/purify/crop_resize_0.1/edit_tau0.04_seed1.png,0.06356143206357956,0.10133852064609528,-0.03777708858251572,0,0.27057263255119324,0.3009253442287445,-0.03035271167755127
ip20_merged,horse_00,horse,photoguard_c,crop_resize_0.1,crop_resize,0.1,2,0.04,photoguard_c/horse_00/purify/crop_resize_0.1/edit_tau0.04_seed2.png,0.06020800769329071,0.10494758188724518,-0.04473957419395447,0,0.2651929557323456,0.2911865711212158,-0.02599361538887024
ip20_merged,horse_00,horse,photoguard_c,crop_resize_0.1,crop_resize,0.1,3,0.04,photoguard_c/horse_00/purify/crop_resize_0.1/edit_tau0.04_seed3.png,0.05132411792874336,0.10303232818841934,-0.05170821025967598,0,0.2783992290496826,0.30838510394096375,-0.029985874891281128
ip20_merged,horse_00,horse,photoguard_c,crop_resize_0.1,crop_resize,0.1,4,0.04,photoguard_c/horse_00/purify/crop_resize_0.1/edit_tau0.04_seed4.png,0.05937156081199646,0.10289890319108963,-0.04352734237909317,0,0.27306801080703735,0.29877641797065735,-0.025708407163619995
ip20_merged,horse_00,horse,photoguard_c,diffpure_150,diffpure,150,0,0.04,photoguard_c/horse_00/purify/diffpure_150/edit_tau0.04_seed0.png,0.07349361479282379,0.10595933347940445,-0.03246571868658066,0,0.254595011472702,0.29168468713760376,-0.03708967566490173
ip20_merged,horse_00,horse,photoguard_c,diffpure_150,diffpure,150,1,0.04,photoguard_c/horse_00/purify/diffpure_150/edit_tau0.04_seed1.png,0.07906052470207214,0.10248357802629471,-0.023423053324222565,0,0.2502566874027252,0.29258090257644653,-0.042324215173721313
ip20_merged,horse_00,horse,photoguard_c,diffpure_150,diffpure,150,2,0.04,photoguard_c/horse_00/purify/diffpure_150/edit_tau0.04_seed2.png,0.07092549651861191,0.09997069090604782,-0.029045194387435913,0,0.2549631595611572,0.2905519902706146,-0.0355888307094574
ip20_merged,horse_00,horse,photoguard_c,diffpure_150,diffpure,150,3,0.04,photoguard_c/horse_00/purify/diffpure_150/edit_tau0.04_seed3.png,0.07163605839014053,0.10276240110397339,-0.031126342713832855,0,0.25217127799987793,0.29503846168518066,-0.042867183685302734
ip20_merged,horse_00,horse,photoguard_c,diffpure_150,diffpure,150,4,0.04,photoguard_c/horse_00/purify/diffpure_150/edit_tau0.04_seed4.png,0.09679782390594482,0.1049545407295227,-0.00815671682357788,0,0.22681236267089844,0.2727169692516327,-0.04590460658073425
ip20_merged,horse_00,horse,photoguard_c,identity_0,identity,0.0,0,0.04,photoguard_c/horse_00/purify/identity_0/edit_tau0.04_seed0.png,0.06252042949199677,0.10602159798145294,-0.04350116848945618,0,0.23464705049991608,0.28311824798583984,-0.04847119748592377
ip20_merged,horse_00,horse,photoguard_c,identity_0,identity,0.0,1,0.04,photoguard_c/horse_00/purify/identity_0/edit_tau0.04_seed1.png,0.06700781732797623,0.10496382415294647,-0.037956006824970245,0,0.24856704473495483,0.29178154468536377,-0.043214499950408936
ip20_merged,horse_00,horse,photoguard_c,identity_0,identity,0.0,2,0.04,photoguard_c/horse_00/purify/identity_0/edit_tau0.04_seed2.png,0.0657021701335907,0.10608691722154617,-0.040384747087955475,0,0.2341596782207489,0.2844606339931488,-0.0503009557723999
ip20_merged,horse_00,horse,photoguard_c,identity_0,identity,0.0,3,0.04,photoguard_c/horse_00/purify/identity_0/edit_tau0.04_seed3.png,0.06706760823726654,0.1057402491569519,-0.038672640919685364,0,0.2395785003900528,0.2916896939277649,-0.0521111935377121
ip20_merged,horse_00,horse,photoguard_c,identity_0,identity,0.0,4,0.04,photoguard_c/horse_00/purify/identity_0/edit_tau0.04_seed4.png,0.06531751155853271,0.10298179090023041,-0.03766427934169769,0,0.2421775758266449,0.28969067335128784,-0.047513097524642944
ip20_merged,horse_00,horse,photoguard_c,jpeg_30,jpeg,30,0,0.04,photoguard_c/horse_00/purify/jpeg_30/edit_tau0.04_seed0.png,0.06408128887414932,0.1039421558380127,-0.03986086696386337,0,0.24603107571601868,0.29494228959083557,-0.048911213874816895
ip20_merged,horse_00,horse,photoguard_c,jpeg_30,jpeg,30,1,0.04,photoguard_c/horse_00/purify/jpeg_30/edit_tau0.04_seed1.png,0.06265094876289368,0.10388505458831787,-0.041234105825424194,0,0.26381951570510864,0.30489450693130493,-0.04107499122619629
ip20_merged,horse_00,horse,photoguard_c,jpeg_30,jpeg,30,2,0.04,photoguard_c/horse_00/purify/jpeg_30/edit_tau0.04_seed2.png,0.06262077391147614,0.1051795482635498,-0.04255877435207367,0,0.24413838982582092,0.2954040765762329,-0.05126568675041199
ip20_merged,horse_00,horse,photoguard_c,jpeg_30,jpeg,30,3,0.04,photoguard_c/horse_00/purify/jpeg_30/edit_tau0.04_seed3.png,0.06577550619840622,0.10403585433959961,-0.03826034814119339,0,0.24401745200157166,0.2972991168498993,-0.05328166484832764
ip20_merged,horse_00,horse,photoguard_c,jpeg_30,jpeg,30,4,0.04,photoguard_c/horse_00/purify/jpeg_30/edit_tau0.04_seed4.png,0.07766041159629822,0.1021350622177124,-0.024474650621414185,0,0.25167325139045715,0.28745174407958984,-0.03577849268913269
ip20_merged,horse_00,horse,photoguard_c,jpeg_75,jpeg,75,0,0.04,photoguard_c/horse_00/purify/jpeg_75/edit_tau0.04_seed0.png,0.0671919658780098,0.10450057685375214,-0.03730861097574234,0,0.23918256163597107,0.2902400493621826,-0.05105748772621155
ip20_merged,horse_00,horse,photoguard_c,jpeg_75,jpeg,75,1,0.04,photoguard_c/horse_00/purify/jpeg_75/edit_tau0.04_seed1.png,0.06790007650852203,0.10424730181694031,-0.036347225308418274,0,0.2498277872800827,0.29957282543182373,-0.04974503815174103
ip20_merged,horse_00,horse,photoguard_c,jpeg_75,jpeg,75,2,0.04,photoguard_c/horse_00/purify/jpeg_75/edit_tau0.04_seed2.png,0.07075993716716766,0.10641660541296005,-0.03565666824579239,0,0.24460548162460327,0.29488569498062134,-0.050280213356018066
ip20_merged,horse_00,horse,photoguard_c,jpeg_75,jpeg,75,3,0.04,photoguard_c/horse_00/purify/jpeg_75/edit_tau0.04_seed3.png,0.06474065035581589,0.10386286675930023,-0.039122216403484344,0,0.23777443170547485,0.29083511233329773,-0.053060680627822876
ip20_merged,horse_00,horse,photoguard_c,jpeg_75,jpeg,75,4,0.04,photoguard_c/horse_00/purify/jpeg_75/edit_tau0.04_seed4.png,0.06929638236761093,0.10341054946184158,-0.03411416709423065,0,0.2345212697982788,0.2873685359954834,-0.05284726619720459
ip20_merged,horse_00,horse,photoguard_c,noise_0.01,noise,0.01,0,0.04,photoguard_c/horse_00/purify/noise_0.01/edit_tau0.04_seed0.png,0.06150997430086136,0.10608475655317307,-0.04457478225231171,0,0.23205238580703735,0.281696617603302,-0.04964423179626465
ip20_merged,horse_00,horse,photoguard_c,noise_0.01,noise,0.01,1,0.04,photoguard_c/horse_00/purify/noise_0.01/edit_tau0.04_seed1.png,0.06718342006206512,0.1064438670873642,-0.03926044702529907,0,0.25178003311157227,0.2986183166503906,-0.04683828353881836
ip20_merged,horse_00,horse,photoguard_c,noise_0.01,noise,0.01,2,0.04,photoguard_c/horse_00/purify/noise_0.01/edit_tau0.04_seed2.png,0.06269316375255585,0.10536150634288788,-0.04266834259033203,0,0.23752449452877045,0.2812589406967163,-0.04373444616794586
ip20_merged,horse_00,horse,photoguard_c,noise_0.01,noise,0.01,3,0.04,photoguard_c/horse_00/purify/noise_0.01/edit_tau0.04_seed3.png,0.06906695663928986,0.10685312747955322,-0.03778617084026337,0,0.23975294828414917,0.29114171862602234,-0.05138877034187317
ip20_merged,horse_00,horse,photoguard_c,noise_0.01,noise,0.01,4,0.04,photoguard_c/horse_00/purify/noise_0.01/edit_tau0.04_seed4.png,0.06649844348430634,0.105923131108284,-0.03942468762397766,0,0.23926213383674622,0.2889209985733032,-0.04965886473655701
ip20_merged,horse_00,horse,photoguard_c,noise_0.02,noise,0.02,0,0.04,photoguard_c/horse_00/purify/noise_0.02/edit_tau0.04_seed0.png,0.06814857572317123,0.10641176998615265,-0.038263194262981415,0,0.23362645506858826,0.28347885608673096,-0.0498524010181427
ip20_merged,horse_00,horse,photoguard_c,noise_0.02,noise,0.02,1,0.04,photoguard_c/horse_00/purify/noise_0.02/edit_tau0.04_seed1.png,0.0703851655125618,0.10800452530384064,-0.03761935979127884,0,0.26282191276550293,0.29973310232162476,-0.036911189556121826
ip20_merged,horse_00,horse,photoguard_c,noise_0.02,noise,0.02,2,0.04,photoguard_c/horse_00/purify/noise_0.02/edit_tau0.04_seed2.png,0.06804628670215607,0.1078694686293602,-0.03982318192720413,0,0.2402532398700714,0.28188130259513855,-0.04162806272506714
ip20_merged,horse_00,horse,photoguard_c,noise_0.02,noise,0.02,3,0.04,photoguard_c/horse_00/purify/noise_0.02/edit_tau0.04_seed3.png,0.06599095463752747,0.10561493039131165,-0.03962397575378418,0,0.2437657117843628,0.29253891110420227,-0.04877319931983948
ip20_merged,horse_00,horse,photoguard_c,noise_0.02,noise,0.02,4,0.04,photoguard_c/horse_00/purify/noise_0.02/edit_tau0.04_seed4.png,0.06521664559841156,0.10325661301612854,-0.03803996741771698,0,0.23388679325580597,0.2856886386871338,-0.05180184543132782
ip20_merged,horse_00,horse,photoguard_c,noise_0.04,noise,0.04,0,0.04,photoguard_c/horse_00/purify/noise_0.04/edit_tau0.04_seed0.png,0.0636797845363617,0.10499253123998642,-0.041312746703624725,0,0.23504702746868134,0.28311699628829956,-0.048069968819618225
ip20_merged,horse_00,horse,photoguard_c,noise_0.04,noise,0.04,1,0.04,photoguard_c/horse_00/purify/noise_0.04/edit_tau0.04_seed1.png,0.06638920307159424,0.10696898400783539,-0.04057978093624115,0,0.2575876712799072,0.2995038628578186,-0.04191619157791138
ip20_merged,horse_00,horse,photoguard_c,noise_0.04,noise,0.04,2,0.04,photoguard_c/horse_00/purify/noise_0.04/edit_tau0.04_seed2.png,0.06832168996334076,0.10671697556972504,-0.03839528560638428,0,0.2396756410598755,0.2857728898525238,-0.046097248792648315
ip20_merged,horse_00,horse,photoguard_c,noise_0.04,noise,0.04,3,0.04,photoguard_c/horse_00/purify/noise_0.04/edit_tau0.04_seed3.png,0.059923648834228516,0.10314144194126129,-0.043217793107032776,0,0.2510843873023987,0.29646173119544983,-0.04537734389305115
ip20_merged,horse_00,horse,photoguard_c,noise_0.04,noise,0.04,4,0.04,photoguard_c/horse_00/purify/noise_0.04/edit_tau0.04_seed4.png,0.06287844479084015,0.1024056226015091,-0.039527177810668945,0,0.2272987961769104,0.2816883325576782,-0.05438953638076782
ip20_merged,horse_00,horse,photoguard_c,noise_0.08,noise,0.08,0,0.04,photoguard_c/horse_00/purify/noise_0.08/edit_tau0.04_seed0.png,0.0663725733757019,0.10783766955137253,-0.041465096175670624,0,0.26512593030929565,0.2964481711387634,-0.03132224082946777
ip20_merged,horse_00,horse,photoguard_c,noise_0.08,noise,0.08,1,0.04,photoguard_c/horse_00/purify/noise_0.08/edit_tau0.04_seed1.png,0.06906000524759293,0.10535722970962524,-0.03629722446203232,0,0.2687096893787384,0.3016555905342102,-0.0329459011554718
ip20_merged,horse_00,horse,photoguard_c,noise_0.08,noise,0.08,2,0.04,photoguard_c/horse_00/purify/noise_0.08/edit_tau0.04_seed2.png,0.07111126184463501,0.10609447956085205,-0.03498321771621704,0,0.2571319341659546,0.2940722703933716,-0.03694033622741699
ip20_merged,horse_00,horse,photoguard_c,noise_0.08,noise,0.08,3,0.04,photoguard_c/horse_00/purify/noise_0.08/edit_tau0.04_seed3.png,0.062032394111156464,0.10600128024816513,-0.04396888613700867,0,0.2566511631011963,0.2915458083152771,-0.03489464521408081
ip20_merged,horse_00,horse,photoguard_c,noise_0.08,noise,0.08,4,0.04,photoguard_c/horse_00/purify/noise_0.08/edit_tau0.04_seed4.png,0.06482701003551483,0.10610773414373398,-0.04128072410821915,0,0.27038460969924927,0.3023797869682312,-0.031995177268981934
ip20_merged,horse_00,horse,photoguard_c,quantize_16,quantize,16,0,0.04,photoguard_c/horse_00/purify/quantize_16/edit_tau0.04_seed0.png,0.06098266690969467,0.10550092160701752,-0.044518254697322845,0,0.23489084839820862,0.2861940264701843,-0.05130317807197571
ip20_merged,horse_00,horse,photoguard_c,quantize_16,quantize,16,1,0.04,photoguard_c/horse_00/purify/quantize_16/edit_tau0.04_seed1.png,0.0658511370420456,0.10698846727609634,-0.04113733023405075,0,0.2705773115158081,0.3070499300956726,-0.0364726185798645
ip20_merged,horse_00,horse,photoguard_c,quantize_16,quantize,16,2,0.04,photoguard_c/horse_00/purify/quantize_16/edit_tau0.04_seed2.png,0.06400619447231293,0.10604651272296906,-0.04204031825065613,0,0.24060507118701935,0.28360167145729065,-0.0429966002702713
ip20_merged,horse_00,horse,photoguard_c,quantize_16,quantize,16,3,0.04,photoguard_c/horse_00/purify/quantize_16/edit_tau0.04_seed3.png,0.06614923477172852,0.10679242014884949,-0.04064318537712097,0,0.23881681263446808,0.2926299273967743,-0.05381311476230621
ip20_merged,horse_00,horse,photoguard_c,quantize_16,quantize,16,4,0.04,photoguard_c/horse_00/purify/quantize_16/edit_tau0.04_seed4.png,0.06276879459619522,0.10374437272548676,-0.040975578129291534,0,0.24227973818778992,0.2925683259963989,-0.05028858780860901
ip20_merged,horse_00,horse,photoguard_c,quantize_32,quantize,32,0,0.04,photoguard_c/horse_00/purify/quantize_32/edit_tau0.04_seed0.png,0.06430508196353912,0.10689333081245422,-0.0425882488489151,0,0.2338372766971588,0.28178441524505615,-0.04794713854789734
ip20_merged,horse_00,horse,photoguard_c,quantize_32,quantize,32,1,0.04,photoguard_c/horse_00/purify/quantize_32/edit_tau0.04_seed1.png,0.06709648668766022,0.10569022595882416,-0.03859373927116394,0,0.24715684354305267,0.29455700516700745,-0.04740016162395477
ip20_merged,horse_00,horse,photoguard_c,quantize_32,quantize,32,2,0.04,photoguard_c/horse_00/purify/quantize_32/edit_tau0.04_seed2.png,0.06356534361839294,0.10553637146949768,-0.041971027851104736,0,0.2380710244178772,0.2835403084754944,-0.04546928405761719
ip20_merged,horse_00,horse,photoguard_c,quantize_32,quantize,32,3,0.04,photoguard_c/horse_00/purify/quantize_32/edit_tau0.04_seed3.png,0.06665810942649841,0.10637011379003525,-0.039712004363536835,0,0.23946194350719452,0.29119837284088135,-0.05173642933368683
ip20_merged,horse_00,horse,photoguard_c,quantize_32,quantize,32,4,0.04,photoguard_c/horse_00/purify/quantize_32/edit_tau0.04_seed4.png,0.06359443068504333,0.10499335080385208,-0.041398920118808746,0,0.2374628484249115,0.2851787209510803,-0.04771587252616882
ip20_merged,horse_00,horse,photoguard_c,quantize_64,quantize,64,0,0.04,photoguard_c/horse_00/purify/quantize_64/edit_tau0.04_seed0.png,0.06392311304807663,0.10582947731018066,-0.041906364262104034,0,0.23655077815055847,0.28418585658073425,-0.04763507843017578
ip20_merged,horse_00,horse,photoguard_c,quantize_64,quantize,64,1,0.04,photoguard_c/horse_00/purify/quantize_64/edit_tau0.04_seed1.png,0.06739727407693863,0.10591509193181992,-0.03851781785488129,0,0.2537156343460083,0.29618507623672485,-0.04246944189071655
ip20_merged,horse_00,horse,photoguard_c,quantize_64,quantize,64,2,0.04,photoguard_c/horse_00/purify/quantize_64/edit_tau0.04_seed2.png,0.069218710064888,0.10703900456428528,-0.03782029449939728,0,0.23785606026649475,0.28713458776474,-0.04927852749824524
ip20_merged,horse_00,horse,photoguard_c,quantize_64,quantize,64,3,0.04,photoguard_c/horse_00/purify/quantize_64/edit_tau0.04_seed3.png,0.06686969846487045,0.10631690919399261,-0.03944721072912216,0,0.24026380479335785,0.29151326417922974,-0.05124945938587189
ip20_merged,horse_00,horse,photoguard_c,quantize_64,quantize,64,4,0.04,photoguard_c/horse_00/purify/quantize_64/edit_tau0.04_seed4.png,0.06474851816892624,0.10336210578680038,-0.038613587617874146,0,0.2429945170879364,0.28924843668937683,-0.04625391960144043
ip20_merged,horse_00,horse,photoguard_c,quantize_8,quantize,8,0,0.04,photoguard_c/horse_00/purify/quantize_8/edit_tau0.04_seed0.png,0.07082253694534302,0.10879144072532654,-0.03796890377998352,0,0.2659909427165985,0.30077260732650757,-0.03478166460990906
ip20_merged,horse_00,horse,photoguard_c,quantize_8,quantize,8,1,0.04,photoguard_c/horse_00/purify/quantize_8/edit_tau0.04_seed1.png,0.07100510597229004,0.10732271522283554,-0.0363176092505455,0,0.2725253999233246,0.3098953366279602,-0.03736993670463562
ip20_merged,horse_00,horse,photoguard_c,quantize_8,quantize,8,2,0.04,photoguard_c/horse_00/purify/quantize_8/edit_tau0.04_seed2.png,0.07208669930696487,0.10942915081977844,-0.03734245151281357,0,0.24856281280517578,0.2939719557762146,-0.04540914297103882
ip20_merged,horse_00,horse,photoguard_c,quantize_8,quantize,8,3,0.04,photoguard_c/horse_00/purify/quantize_8/edit_tau0.04_seed3.png,0.06763093173503876,0.10721401870250702,-0.03958308696746826,0,0.24788734316825867,0.2951604723930359,-0.04727312922477722
ip20_merged,horse_00,horse,photoguard_c,quantize_8,quantize,8,4,0.04,photoguard_c/horse_00/purify/quantize_8/edit_tau0.04_seed4.png,0.0674075186252594,0.10859975218772888,-0.04119223356246948,0,0.2507154047489166,0.29611414670944214,-0.04539874196052551
ip20_merged,horse_00,horse,mist,adverse_cleaner_0,adverse_cleaner,0.0,0,0.04,mist/horse_00/purify/adverse_cleaner_0/edit_tau0.04_seed0.png,0.07096665352582932,0.10470812022686005,-0.03374146670103073,0,0.251289039850235,0.30160123109817505,-0.050312191247940063
ip20_merged,horse_00,horse,mist,adverse_cleaner_0,adverse_cleaner,0.0,1,0.04,mist/horse_00/purify/adverse_cleaner_0/edit_tau0.04_seed1.png,0.06923049688339233,0.1079489141702652,-0.038718417286872864,0,0.2605251669883728,0.3041668236255646,-0.04364165663719177
ip20_merged,horse_00,horse,mist,adverse_cleaner_0,adverse_cleaner,0.0,2,0.04,mist/horse_00/purify/adverse_cleaner_0/edit_tau0.04_seed2.png,0.07404760271310806,0.10997866094112396,-0.0359310582280159,0,0.2463758885860443,0.29556289315223694,-0.04918700456619263
ip20_merged,horse_00,horse,mist,adverse_cleaner_0,adverse_cleaner,0.0,3,0.04,mist/horse_00/purify/adverse_cleaner_0/edit_tau0.04_seed3.png,0.073626309633255,0.106922447681427,-0.033296138048172,0,0.24428635835647583,0.29521018266677856,-0.050923824310302734
ip20_merged,horse_00,horse,mist,adverse_cleaner_0,adverse_cleaner,0.0,4,0.04,mist/horse_00/purify/adverse_cleaner_0/edit_tau0.04_seed4.png,0.07516120374202728,0.10564963519573212,-0.030488431453704834,0,0.25989648699760437,0.30119752883911133,-0.04130104184150696
ip20_merged,horse_00,horse,mist,blur_0.5,blur,0.5,0,0.04,mist/horse_00/purify/blur_0.5/edit_tau0.04_seed0.png,0.06981505453586578,0.10550040006637573,-0.03568534553050995,0,0.25885576009750366,0.30325937271118164,-0.04440361261367798
ip20_merged,horse_00,horse,mist,blur_0.5,blur,0.5,1,0.04,mist/horse_00/purify/blur_0.5/edit_tau0.04_seed1.png,0.07000857591629028,0.10534380376338959,-0.035335227847099304,0,0.2626769542694092,0.30492261052131653,-0.04224565625190735
ip20_merged,horse_00,horse,mist,blur_0.5,blur,0.5,2,0.04,mist/horse_00/purify/blur_0.5/edit_tau0.04_seed2.png,0.06882632523775101,0.1056574136018753,-0.0368310883641243,0,0.2498883306980133,0.2989969253540039,-0.0491085946559906
ip20_merged,horse_00,horse,mist,blur_0.5,blur,0.5,3,0.04,mist/horse_00/purify/blur_0.5/edit_tau0.04_seed3.png,0.06760239601135254,0.10392241179943085,-0.03632001578807831,0,0.24290093779563904,0.29299846291542053,-0.050097525119781494
ip20_merged,horse_00,horse,mist,blur_0.5,blur,0.5,4,0.04,mist/horse_00/purify/blur_0.5/edit_tau0.04_seed4.png,0.07145445793867111,0.10341319441795349,-0.03195873647928238,0,0.26048344373703003,0.2981129288673401,-0.03762948513031006
ip20_merged,horse_00,horse,mist,blur_1,blur,1.0,0,0.04,mist/horse_00/purify/blur_1/edit_tau0.04_seed0.png,0.07105433940887451,0.10467097163200378,-0.03361663222312927,0,0.24339339137077332,0.2935450077056885,-0.05015161633491516
ip20_merged,horse_00,horse,mist,blur_1,blur,1.0,1,0.04,mist/horse_00/purify/blur_1/edit_tau0.04_seed1.png,0.07199767976999283,0.10593290627002716,-0.03393522650003433,0,0.25500982999801636,0.29964765906333923,-0.044637829065322876
ip20_merged,horse_00,horse,mist,blur_1,blur,1.0,2,0.04,mist/horse_00/purify/blur_1/edit_tau0.04_seed2.png,0.07074464112520218,0.10538798570632935,-0.03464334458112717,0,0.24267630279064178,0.2908269166946411,-0.04815061390399933
ip20_merged,horse_00,horse,mist,blur_1,blur,1.0,3,0.04,mist/horse_00/purify/blur_1/edit_tau0.04_seed3.png,0.06729505211114883,0.10268743336200714,-0.03539238125085831,0,0.24525991082191467,0.29486605525016785,-0.049606144428253174
ip20_merged,horse_00,horse,mist,blur_1,blur,1.0,4,0.04,mist/horse_00/purify/blur_1/edit_tau0.04_seed4.png,0.0687614157795906,0.10194524377584457,-0.03318382799625397,0,0.22882884740829468,0.2830063998699188,-0.054177552461624146
ip20_merged,horse_00,horse,mist,blur_2,blur,2.0,0,0.04,mist/horse_00/purify/blur_2/edit_tau0.04_seed0.png,0.07575023174285889,0.10623089224100113,-0.030480660498142242,0,0.24144521355628967,0.29274141788482666,-0.05129620432853699
ip20_merged,horse_00,horse,mist,blur_2,blur,2.0,1,0.04,mist/horse_00/purify/blur_2/edit_tau0.04_seed1.png,0.0755506381392479,0.10766193270683289,-0.03211129456758499,0,0.24776986241340637,0.2990018427371979,-0.051231980323791504
ip20_merged,horse_00,horse,mist,blur_2,blur,2.0,2,0.04,mist/horse_00/purify/blur_2/edit_tau0.04_seed2.png,0.06890871375799179,0.10725276172161102,-0.03834404796361923,0,0.23244646191596985,0.28334325551986694,-0.050896793603897095
ip20_merged,horse_00,horse,mist,blur_2,blur,2.0,3,0.04,mist/horse_00/purify/blur_2/edit_tau0.04_seed3.png,0.06620923429727554,0.10300253331661224,-0.0367932990193367,0,0.25728896260261536,0.3014165461063385,-0.044127583503723145
ip20_merged,horse_00,horse,mist,blur_2,blur,2.0,4,0.04,mist/horse_00/purify/blur_2/edit_tau0.04_seed4.png,0.0646146684885025,0.10040592402219772,-0.03579125553369522,0,0.24514317512512207,0.2920846939086914,-0.046941518783569336
ip20_merged,horse_00,horse,mist,blur_3,blur,3.0,0,0.04,mist/horse_00/purify/blur_3/edit_tau0.04_seed0.png,0.062208034098148346,0.10564915835857391,-0.04344112426042557,0,0.23021955788135529,0.28196197748184204,-0.051742419600486755
ip20_merged,horse_00,horse,mist,blur_3,blur,3.0,1,0.04,mist/horse_00/purify/blur_3/edit_tau0.04_seed1.png,0.06440061330795288,0.1016002893447876,-0.03719967603683472,0,0.2489762306213379,0.2977116107940674,-0.04873538017272949
ip20_merged,horse_00,horse,mist,blur_3,blur,3.0,2,0.04,mist/horse_00/purify/blur_3/edit_tau0.04_seed2.png,0.06689073890447617,0.10544385015964508,-0.038553111255168915,0,0.23505833745002747,0.2892743945121765,-0.05421605706214905
ip20_merged,horse_00,horse,mist,blur_3,blur,3.0,3,0.04,mist/horse_00/purify/blur_3/edit_tau0.04_seed3.png,0.06703983247280121,0.10622449964284897,-0.03918466717004776,0,0.23486168682575226,0.28890764713287354,-0.05404596030712128
ip20_merged,horse_00,horse,mist,blur_3,blur,3.0,4,0.04,mist/horse_00/purify/blur_3/edit_tau0.04_seed4.png,0.06588820368051529,0.10637447237968445,-0.04048626869916916,0,0.22607162594795227,0.2764819264411926,-0.050410300493240356
ip20_merged,horse_00,horse,mist,crop_resize_0.1,crop_resize,0.1,0,0.04,mist/horse_00/purify/crop_resize_0.1/edit_tau0.04_seed0.png,0.06548906862735748,0.10719706863164902,-0.041708000004291534,0,0.26350173354148865,0.29132208228111267,-0.027820348739624023
ip20_merged,horse_00,horse,mist,crop_resize_0.1,crop_resize,0.1,1,0.04,mist/horse_00/purify/crop_resize_0.1/edit_tau0.04_seed1.png,0.05736361816525459,0.10198768973350525,-0.044624071568250656,0,0.27243441343307495,0.29722028970718384,-0.024785876274108887
ip20_merged,horse_00,horse,mist,crop_resize_0.1,crop_resize,0.1,2,0.04,mist/horse_00/purify/crop_resize_0.1/edit_tau0.04_seed2.png,0.0635569840669632,0.10721571743488312,-0.04365873336791992,0,0.2671469449996948,0.2964702248573303,-0.029323279857635498
ip20_merged,horse_00,horse,mist,crop_resize_0.1,crop_resize,0.1,3,0.04,mist/horse_00/purify/crop_resize_0.1/edit_tau0.04_seed3.png,0.05979481339454651,0.10388851165771484,-0.044093698263168335,0,0.27637314796447754,0.30357545614242554,-0.027202308177947998
ip20_merged,horse_00,horse,mist,crop_resize_0.1,crop_resize,0.1,4,0.04,mist/horse_00/purify/crop_resize_0.1/edit_tau0.04_seed4.png,0.06382805854082108,0.10363989323377609,-0.03981183469295502,0,0.27870139479637146,0.299940288066864,-0.021238893270492554
ip20_merged,horse_00,horse,mist,diffpure_150,diffpure,150,0,0.04,mist/horse_00/purify/diffpure_150/edit_tau0.04_seed0.png,0.08955486118793488,0.09839393198490143,-0.008839070796966553,0,0.24169319868087769,0.28173738718032837,-0.040044188499450684
ip20_merged,horse_00,horse,mist,diffpure_150,diffpure,150,1,0.04,mist/horse_00/purify/diffpure_150/edit_tau0.04_seed1.png,0.07785947620868683,0.10425707697868347,-0.026397600769996643,0,0.2524091303348541,0.29727694392204285,-0.04486781358718872
ip20_merged,horse_00,horse,mist,diffpure_150,diffpure,150,2,0.04,mist/horse_00/purify/diffpure_150/edit_tau0.04_seed2.png,0.07014355063438416,0.10544644296169281,-0.035302892327308655,0,0.24319565296173096,0.2867733836174011,-0.043577730655670166
ip20_merged,horse_00,horse,mist,diffpure_150,diffpure,150,3,0.04,mist/horse_00/purify/diffpure_150/edit_tau0.04_seed3.png,0.0690654069185257,0.10728272795677185,-0.038217321038246155,0,0.2582227885723114,0.3026576042175293,-0.044434815645217896
ip20_merged,horse_00,horse,mist,diffpure_150,diffpure,150,4,0.04,mist/horse_00/purify/diffpure_150/edit_tau0.04_seed4.png,0.07920907437801361,0.10244141519069672,-0.023232340812683105,0,0.23688754439353943,0.2863312363624573,-0.04944369196891785
ip20_merged,horse_00,horse,mist,identity_0,identity,0.0,0,0.04,mist/horse_00/purify/identity_0/edit_tau0.04_seed0.png,0.07128435373306274,0.10560260713100433,-0.03431825339794159,0,0.25845324993133545,0.3020329475402832,-0.043579697608947754
ip20_merged,horse_00,horse,mist,identity_0,identity,0.0,1,0.04,mist/horse_00/purify/identity_0/edit_tau0.04_seed1.png,0.0703546330332756,0.10540943592786789,-0.035054802894592285,0,0.2645166516304016,0.3058350682258606,-0.041318416595458984
ip20_merged,horse_00,horse,mist,identity_0,identity,0.0,2,0.04,mist/horse_00/purify/identity_0/edit_tau0.04_seed2.png,0.0677931159734726,0.10437425971031189,-0.036581143736839294,0,0.26093536615371704,0.3001132011413574,-0.03917783498764038
ip20_merged,horse_00,horse,mist,identity_0,identity,0.0,3,0.04,mist/horse_00/purify/identity_0/edit_tau0.04_seed3.png,0.06875530630350113,0.10509824007749557,-0.036342933773994446,0,0.24483589828014374,0.29309266805648804,-0.0482567697763443
ip20_merged,horse_00,horse,mist,identity_0,identity,0.0,4,0.04,mist/horse_00/purify/identity_0/edit_tau0.04_seed4.png,0.07212504744529724,0.10608326643705368,-0.03395821899175644,0,0.26220643520355225,0.2998110353946686,-0.03760460019111633
ip20_merged,horse_00,horse,mist,jpeg_30,jpeg,30,0,0.04,mist/horse_00/purify/jpeg_30/edit_tau0.04_seed0.png,0.06759065389633179,0.10266777873039246,-0.03507712483406067,0,0.2538987398147583,0.29791325330734253,-0.04401451349258423
ip20_merged,horse_00,horse,mist,jpeg_30,jpeg,30,1,0.04,mist/horse_00/purify/jpeg_30/edit_tau0.04_seed1.png,0.06603502482175827,0.10383220762014389,-0.03779718279838562,0,0.26172488927841187,0.29920780658721924,-0.03748291730880737
ip20_merged,horse_00,horse,mist,jpeg_30,jpeg,30,2,0.04,mist/horse_00/purify/jpeg_30/edit_tau0.04_seed2.png,0.0731387808918953,0.10679377615451813,-0.03365499526262283,0,0.24635803699493408,0.2925722002983093,-0.046214163303375244
ip20_merged,horse_00,horse,mist,jpeg_30,jpeg,30,3,0.04,mist/horse_00/purify/jpeg_30/edit_tau0.04_seed3.png,0.06472091376781464,0.10479272902011871,-0.04007181525230408,0,0.24615341424942017,0.29769155383110046,-0.0515381395816803
ip20_merged,horse_00,horse,mist,jpeg_30,jpeg,30,4,0.04,mist/horse_00/purify/jpeg_30/edit_tau0.04_seed4.png,0.0679590255022049,0.10311392694711685,-0.03515490144491196,0,0.2608757019042969,0.2940397262573242,-0.033164024353027344
ip20_merged,horse_00,horse,mist,jpeg_75,jpeg,75,0,0.04,mist/horse_00/purify/jpeg_75/edit_tau0.04_seed0.png,0.06761319935321808,0.1047656238079071,-0.037152424454689026,0,0.24256092309951782,0.2923121452331543,-0.049751222133636475
ip20_merged,horse_00,horse,mist,jpeg_75,jpeg,75,1,0.04,mist/horse_00/purify/jpeg_75/edit_tau0.04_seed1.png,0.0646253153681755,0.10545320808887482,-0.04082789272069931,0,0.25706154108047485,0.302791029214859,-0.045729488134384155
ip20_merged,horse_00,horse,mist,jpeg_75,jpeg,75,2,0.04,mist/horse_00/purify/jpeg_75/edit_tau0.04_seed2.png,0.06749861687421799,0.1066681295633316,-0.03916951268911362,0,0.24539266526699066,0.29500868916511536,-0.049616023898124695
ip20_merged,horse_00,horse,mist,jpeg_75,jpeg,75,3,0.04,mist/horse_00/purify/jpeg_75/edit_tau0.04_seed3.png,0.06818173825740814,0.10375270247459412,-0.035570964217185974,0,0.23991252481937408,0.2923828363418579,-0.052470311522483826
ip20_merged,horse_00,horse,mist,jpeg_75,jpeg,75,4,0.04,mist/horse_00/purify/jpeg_75/edit_tau0.04_seed4.png,0.06863649189472198,0.10307648777961731,-0.034439995884895325,0,0.25272709131240845,0.2953752279281616,-0.042648136615753174
ip20_merged,horse_00,horse,mist,noise_0.01,noise,0.01,0,0.04,mist/horse_00/purify/noise_0.01/edit_tau0.04_seed0.png,0.07182151079177856,0.10734110325574875,-0.035519592463970184,0,0.25654253363609314,0.3005486726760864,-0.044006139039993286
ip20_merged,horse_00,horse,mist,noise_0.01,noise,0.01,1,0.04,mist/horse_00/purify/noise_0.01/edit_tau0.04_seed1.png,0.06914514303207397,0.10710544884204865,-0.03796030580997467,0,0.26609092950820923,0.3057134747505188,-0.03962254524230957
ip20_merged,horse_00,horse,mist,noise_0.01,noise,0.01,2,0.04,mist/horse_00/purify/noise_0.01/edit_tau0.04_seed2.png,0.06649230420589447,0.10614435374736786,-0.03965204954147339,0,0.25877174735069275,0.29760128259658813,-0.038829535245895386
ip20_merged,horse_00,horse,mist,noise_0.01,noise,0.01,3,0.04,mist/horse_00/purify/noise_0.01/edit_tau0.04_seed3.png,0.0714733749628067,0.10707835853099823,-0.03560498356819153,0,0.2627882957458496,0.30370476841926575,-0.04091647267341614
ip20_merged,horse_00,horse,mist,noise_0.01,noise,0.01,4,0.04,mist/horse_00/purify/noise_0.01/edit_tau0.04_seed4.png,0.07006216049194336,0.10561524331569672,-0.03555308282375336,0,0.26455608010292053,0.30105629563331604,-0.03650021553039551
ip20_merged,horse_00,horse,mist,noise_0.02,noise,0.02,0,0.04,mist/horse_00/purify/noise_0.02/edit_tau0.04_seed0.png,0.07035114616155624,0.10835616290569305,-0.03800501674413681,0,0.2573556900024414,0.3028213679790497,-0.045465677976608276
ip20_merged,horse_00,horse,mist,noise_0.02,noise,0.02,1,0.04,mist/horse_00/purify/noise_0.02/edit_tau0.04_seed1.png,0.06718479096889496,0.10659140348434448,-0.039406612515449524,0,0.2693254053592682,0.3062293529510498,-0.036903947591781616
ip20_merged,horse_00,horse,mist,noise_0.02,noise,0.02,2,0.04,mist/horse_00/purify/noise_0.02/edit_tau0.04_seed2.png,0.0638238936662674,0.10456579923629761,-0.04074190557003021,0,0.25492507219314575,0.29577696323394775,-0.040851891040802
ip20_merged,horse_00,horse,mist,noise_0.02,noise,0.02,3,0.04,mist/horse_00/purify/noise_0.02/edit_tau0.04_seed3.png,0.06995163857936859,0.10855607688426971,-0.03860443830490112,0,0.2646980881690979,0.3041934072971344,-0.0394953191280365
ip20_merged,horse_00,horse,mist,noise_0.02,noise,0.02,4,0.04,mist/horse_00/purify/noise_0.02/edit_tau0.04_seed4.png,0.06741853803396225,0.10537324100732803,-0.037954702973365784,0,0.25898978114128113,0.2977728545665741,-0.03878307342529297
ip20_merged,horse_00,horse,mist,noise_0.04,noise,0.04,0,0.04,mist/horse_00/purify/noise_0.04/edit_tau0.04_seed0.png,0.060058459639549255,0.10457473248243332,-0.044516272842884064,0,0.2661305367946625,0.3051026463508606,-0.03897210955619812
ip20_merged,horse_00,horse,mist,noise_0.04,noise,0.04,1,0.04,mist/horse_00/purify/noise_0.04/edit_tau0.04_seed1.png,0.05976752191781998,0.10372250527143478,-0.04395498335361481,0,0.2643299698829651,0.30431824922561646,-0.03998827934265137
ip20_merged,horse_00,horse,mist,noise_0.04,noise,0.04,2,0.04,mist/horse_00/purify/noise_0.04/edit_tau0.04_seed2.png,0.06465256959199905,0.10476382076740265,-0.040111251175403595,0,0.26388019323349,0.3015085756778717,-0.037628382444381714
ip20_merged,horse_00,horse,mist,noise_0.04,noise,0.04,3,0.04,mist/horse_00/purify/noise_0.04/edit_tau0.04_seed3.png,0.06495901197195053,0.10739097744226456,-0.042431965470314026,0,0.2528146803379059,0.2964588403701782,-0.04364416003227234
ip20_merged,horse_00,horse,mist,noise_0.04,noise,0.04,4,0.04,mist/horse_00/purify/noise_0.04/edit_tau0.04_seed4.png,0.06579405069351196,0.10516493022441864,-0.03937087953090668,0,0.26625022292137146,0.3026958703994751,-0.03644564747810364
ip20_merged,horse_00,horse,mist,noise_0.08,noise,0.08,0,0.04,mist/horse_00/purify/noise_0.08/edit_tau0.04_seed0.png,0.06392600387334824,0.10699525475502014,-0.043069250881671906,0,0.2666861116886139,0.30120792984962463,-0.03452181816101074
ip20_merged,horse_00,horse,mist,noise_0.08,noise,0.08,1,0.04,mist/horse_00/purify/noise_0.08/edit_tau0.04_seed1.png,0.07103858888149261,0.10582265257835388,-0.03478406369686127,0,0.2641391158103943,0.2987211346626282,-0.03458201885223389
ip20_merged,horse_00,horse,mist,noise_0.08,noise,0.08,2,0.04,mist/horse_00/purify/noise_0.08/edit_tau0.04_seed2.png,0.06755638122558594,0.10757936537265778,-0.04002298414707184,0,0.25685030221939087,0.29630541801452637,-0.0394551157951355
ip20_merged,horse_00,horse,mist,noise_0.08,noise,0.08,3,0.04,mist/horse_00/purify/noise_0.08/edit_tau0.04_seed3.png,0.06246064230799675,0.10683839023113251,-0.04437774792313576,0,0.25446343421936035,0.2946353256702423,-0.04017189145088196
ip20_merged,horse_00,horse,mist,noise_0.08,noise,0.08,4,0.04,mist/horse_00/purify/noise_0.08/edit_tau0.04_seed4.png,0.06521070003509521,0.1058054268360138,-0.04059472680091858,0,0.26795142889022827,0.30307304859161377,-0.0351216197013855
ip20_merged,horse_00,horse,mist,quantize_16,quantize,16,0,0.04,mist/horse_00/purify/quantize_16/edit_tau0.04_seed0.png,0.06449548155069351,0.10630200058221817,-0.04180651903152466,0,0.25151926279067993,0.2978633940219879,-0.04634413123130798
ip20_merged,horse_00,horse,mist,quantize_16,quantize,16,1,0.04,mist/horse_00/purify/quantize_16/edit_tau0.04_seed1.png,0.06306804716587067,0.10437923669815063,-0.04131118953227997,0,0.2603782117366791,0.3051607012748718,-0.04478248953819275
ip20_merged,horse_00,horse,mist,quantize_16,quantize,16,2,0.04,mist/horse_00/purify/quantize_16/edit_tau0.04_seed2.png,0.06270813196897507,0.10276690870523453,-0.04005877673625946,0,0.2477429211139679,0.2961386442184448,-0.04839572310447693
ip20_merged,horse_00,horse,mist,quantize_16,quantize,16,3,0.04,mist/horse_00/purify/quantize_16/edit_tau0.04_seed3.png,0.06436847895383835,0.1041233167052269,-0.03975483775138855,0,0.24062864482402802,0.29207944869995117,-0.05145080387592316
ip20_merged,horse_00,horse,mist,quantize_16,quantize,16,4,0.04,mist/horse_00/purify/quantize_16/edit_tau0.04_seed4.png,0.07222297787666321,0.10682876408100128,-0.034605786204338074,0,0.24902498722076416,0.2986701428890228,-0.04964515566825867
ip20_merged,horse_00,horse,mist,quantize_32,quantize,32,0,0.04,mist/horse_00/purify/quantize_32/edit_tau0.04_seed0.png,0.07222667336463928,0.10681849718093872,-0.03459182381629944,0,0.2524492144584656,0.2996419072151184,-0.04719269275665283
ip20_merged,horse_00,horse,mist,quantize_32,quantize,32,1,0.04,mist/horse_00/purify/quantize_32/edit_tau0.04_seed1.png,0.07140464335680008,0.10740731656551361,-0.03600267320871353,0,0.264203816652298,0.30513012409210205,-0.04092630743980408
ip20_merged,horse_00,horse,mist,quantize_32,quantize,32,2,0.04,mist/horse_00/purify/quantize_32/edit_tau0.04_seed2.png,0.0688665509223938,0.1052020937204361,-0.0363355427980423,0,0.25752726197242737,0.2990541160106659,-0.041526854038238525
ip20_merged,horse_00,horse,mist,quantize_32,quantize,32,3,0.04,mist/horse_00/purify/quantize_32/edit_tau0.04_seed3.png,0.0680607333779335,0.10497444868087769,-0.03691371530294418,0,0.24200233817100525,0.2901619076728821,-0.04815956950187683
ip20_merged,horse_00,horse,mist,quantize_32,quantize,32,4,0.04,mist/horse_00/purify/quantize_32/edit_tau0.04_seed4.png,0.07238167524337769,0.10691168904304504,-0.03453001379966736,0,0.2610265910625458,0.29275381565093994,-0.031727224588394165
ip20_merged,horse_00,horse,mist,quantize_64,quantize,64,0,0.04,mist/horse_00/purify/quantize_64/edit_tau0.04_seed0.png,0.07113632559776306,0.10707148909568787,-0.035935163497924805,0,0.25805115699768066,0.3032996356487274,-0.04524847865104675
ip20_merged,horse_00,horse,mist,quantize_64,quantize,64,1,0.04,mist/horse_00/purify/quantize_64/edit_tau0.04_seed1.png,0.07001431286334991,0.1074589416384697,-0.03744462877511978,0,0.2645798623561859,0.3064740300178528,-0.04189416766166687
ip20_merged,horse_00,horse,mist,quantize_64,quantize,64,2,0.04,mist/horse_00/purify/quantize_64/edit_tau0.04_seed2.png,0.0675579309463501,0.10498790442943573,-0.03742997348308563,0,0.2596924602985382,0.3010638356208801,-0.04137137532234192
ip20_merged,horse_00,horse,mist,quantize_64,quantize,64,3,0.04,mist/horse_00/purify/quantize_64/edit_tau0.04_seed3.png,0.06872662901878357,0.10671629011631012,-0.03798966109752655,0,0.2514955401420593,0.2966764569282532,-0.04518091678619385
ip20_merged,horse_00,horse,mist,quantize_64,quantize,64,4,0.04,mist/horse_00/purify/quantize_64/edit_tau0.04_seed4.png,0.0701124519109726,0.1077178567647934,-0.0376054048538208,0,0.26188603043556213,0.29816359281539917,-0.036277562379837036
ip20_merged,horse_00,horse,mist,quantize_8,quantize,8,0,0.04,mist/horse_00/purify/quantize_8/edit_tau0.04_seed0.png,0.07026362419128418,0.10489484667778015,-0.03463122248649597,0,0.2568582594394684,0.30029404163360596,-0.04343578219413757
ip20_merged,horse_00,horse,mist,quantize_8,quantize,8,1,0.04,mist/horse_00/purify/quantize_8/edit_tau0.04_seed1.png,0.0752439945936203,0.10947693139314651,-0.034232936799526215,0,0.27217453718185425,0.3108523488044739,-0.03867781162261963
ip20_merged,horse_00,horse,mist,quantize_8,quantize,8,2,0.04,mist/horse_00/purify/quantize_8/edit_tau0.04_seed2.png,0.07459785044193268,0.10746301710605621,-0.032865166664123535,0,0.259827196598053,0.3055115044116974,-0.04568430781364441
ip20_merged,horse_00,horse,mist,quantize_8,quantize,8,3,0.04,mist/horse_00/purify/quantize_8/edit_tau0.04_seed3.png,0.07144802808761597,0.1068183034658432,-0.035370275378227234,0,0.2553064823150635,0.3016476035118103,-0.046341121196746826
ip20_merged,horse_00,horse,mist,quantize_8,quantize,8,4,0.04,mist/horse_00/purify/quantize_8/edit_tau0.04_seed4.png,0.07209847867488861,0.10681496560573578,-0.03471648693084717,0,0.25839585065841675,0.3021146059036255,-0.04371875524520874
ip20_merged,horse_00,horse,dia_r,adverse_cleaner_0,adverse_cleaner,0.0,0,0.04,dia_r/horse_00/purify/adverse_cleaner_0/edit_tau0.04_seed0.png,0.0632169246673584,0.10350112617015839,-0.04028420150279999,0,0.25798898935317993,0.3029891848564148,-0.04500019550323486
ip20_merged,horse_00,horse,dia_r,adverse_cleaner_0,adverse_cleaner,0.0,1,0.04,dia_r/horse_00/purify/adverse_cleaner_0/edit_tau0.04_seed1.png,0.06636308133602142,0.10692929476499557,-0.04056621342897415,0,0.2610459625720978,0.3020670711994171,-0.041021108627319336
ip20_merged,horse_00,horse,dia_r,adverse_cleaner_0,adverse_cleaner,0.0,2,0.04,dia_r/horse_00/purify/adverse_cleaner_0/edit_tau0.04_seed2.png,0.06713280081748962,0.1094759851694107,-0.04234318435192108,0,0.2464006245136261,0.2944733500480652,-0.04807272553443909
ip20_merged,horse_00,horse,dia_r,adverse_cleaner_0,adverse_cleaner,0.0,3,0.04,dia_r/horse_00/purify/adverse_cleaner_0/edit_tau0.04_seed3.png,0.06759639829397202,0.10644455999135971,-0.038848161697387695,0,0.24444560706615448,0.29476022720336914,-0.05031462013721466
ip20_merged,horse_00,horse,dia_r,adverse_cleaner_0,adverse_cleaner,0.0,4,0.04,dia_r/horse_00/purify/adverse_cleaner_0/edit_tau0.04_seed4.png,0.06627508997917175,0.10438302159309387,-0.03810793161392212,0,0.26047128438949585,0.2987993061542511,-0.03832802176475525
ip20_merged,horse_00,horse,dia_r,blur_0.5,blur,0.5,0,0.04,dia_r/horse_00/purify/blur_0.5/edit_tau0.04_seed0.png,0.06592746078968048,0.10564175248146057,-0.03971429169178009,0,0.2657421827316284,0.30672913789749146,-0.04098695516586304
ip20_merged,horse_00,horse,dia_r,blur_0.5,blur,0.5,1,0.04,dia_r/horse_00/purify/blur_0.5/edit_tau0.04_seed1.png,0.06517235934734344,0.1046280562877655,-0.03945569694042206,0,0.261709988117218,0.30470001697540283,-0.042990028858184814
ip20_merged,horse_00,horse,dia_r,blur_0.5,blur,0.5,2,0.04,dia_r/horse_00/purify/blur_0.5/edit_tau0.04_seed2.png,0.0639161765575409,0.10594634711742401,-0.04203017055988312,0,0.25930315256118774,0.30098074674606323,-0.04167759418487549
ip20_merged,horse_00,horse,dia_r,blur_0.5,blur,0.5,3,0.04,dia_r/horse_00/purify/blur_0.5/edit_tau0.04_seed3.png,0.06988422572612762,0.10642684996128082,-0.0365426242351532,0,0.26439136266708374,0.30164584517478943,-0.03725448250770569
ip20_merged,horse_00,horse,dia_r,blur_0.5,blur,0.5,4,0.04,dia_r/horse_00/purify/blur_0.5/edit_tau0.04_seed4.png,0.06159336119890213,0.10203440487384796,-0.04044104367494583,0,0.26984238624572754,0.305545449256897,-0.035703063011169434
ip20_merged,horse_00,horse,dia_r,blur_1,blur,1.0,0,0.04,dia_r/horse_00/purify/blur_1/edit_tau0.04_seed0.png,0.0687418282032013,0.10274527966976166,-0.034003451466560364,0,0.23831802606582642,0.2860919237136841,-0.047773897647857666
ip20_merged,horse_00,horse,dia_r,blur_1,blur,1.0,1,0.04,dia_r/horse_00/purify/blur_1/edit_tau0.04_seed1.png,0.061889879405498505,0.10113593935966492,-0.03924605995416641,0,0.23018793761730194,0.28061720728874207,-0.050429269671440125
ip20_merged,horse_00,horse,dia_r,blur_1,blur,1.0,2,0.04,dia_r/horse_00/purify/blur_1/edit_tau0.04_seed2.png,0.06756266951560974,0.10419461131095886,-0.03663194179534912,0,0.23464509844779968,0.2812803387641907,-0.04663524031639099
ip20_merged,horse_00,horse,dia_r,blur_1,blur,1.0,3,0.04,dia_r/horse_00/purify/blur_1/edit_tau0.04_seed3.png,0.06174059584736824,0.10417988896369934,-0.0424392931163311,0,0.24133382737636566,0.2904355227947235,-0.04910169541835785
ip20_merged,horse_00,horse,dia_r,blur_1,blur,1.0,4,0.04,dia_r/horse_00/purify/blur_1/edit_tau0.04_seed4.png,0.0617656409740448,0.100644052028656,-0.038878411054611206,0,0.22652599215507507,0.27884483337402344,-0.052318841218948364
ip20_merged,horse_00,horse,dia_r,blur_2,blur,2.0,0,0.04,dia_r/horse_00/purify/blur_2/edit_tau0.04_seed0.png,0.06931518018245697,0.10478821396827698,-0.03547303378582001,0,0.24277065694332123,0.2950705885887146,-0.05229993164539337
ip20_merged,horse_00,horse,dia_r,blur_2,blur,2.0,1,0.04,dia_r/horse_00/purify/blur_2/edit_tau0.04_seed1.png,0.07166898250579834,0.10621936619281769,-0.03455038368701935,0,0.24562567472457886,0.298752099275589,-0.05312642455101013
ip20_merged,horse_00,horse,dia_r,blur_2,blur,2.0,2,0.04,dia_r/horse_00/purify/blur_2/edit_tau0.04_seed2.png,0.06822773814201355,0.10641302168369293,-0.03818528354167938,0,0.23374778032302856,0.28465425968170166,-0.050906479358673096
ip20_merged,horse_00,horse,dia_r,blur_2,blur,2.0,3,0.04,dia_r/horse_00/purify/blur_2/edit_tau0.04_seed3.png,0.07056938856840134,0.10934460163116455,-0.038775213062763214,0,0.23370647430419922,0.2894454896450043,-0.055739015340805054
ip20_merged,horse_00,horse,dia_r,blur_2,blur,2.0,4,0.04,dia_r/horse_00/purify/blur_2/edit_tau0.04_seed4.png,0.06342608481645584,0.10002680867910385,-0.03660072386264801,0,0.2459941804409027,0.2931898236274719,-0.047195643186569214
ip20_merged,horse_00,horse,dia_r,blur_3,blur,3.0,0,0.04,dia_r/horse_00/purify/blur_3/edit_tau0.04_seed0.png,0.06622546166181564,0.10145723819732666,-0.03523177653551102,0,0.25400596857070923,0.3023177981376648,-0.048311829566955566
ip20_merged,horse_00,horse,dia_r,blur_3,blur,3.0,1,0.04,dia_r/horse_00/purify/blur_3/edit_tau0.04_seed1.png,0.06363974511623383,0.10537952184677124,-0.041739776730537415,0,0.24234482645988464,0.2927004098892212,-0.05035558342933655
ip20_merged,horse_00,horse,dia_r,blur_3,blur,3.0,2,0.04,dia_r/horse_00/purify/blur_3/edit_tau0.04_seed2.png,0.0648103877902031,0.10547973215579987,-0.04066934436559677,0,0.22552736103534698,0.2798912525177002,-0.05436389148235321
ip20_merged,horse_00,horse,dia_r,blur_3,blur,3.0,3,0.04,dia_r/horse_00/purify/blur_3/edit_tau0.04_seed3.png,0.06548594683408737,0.1050456166267395,-0.03955966979265213,0,0.23465745151042938,0.2896853983402252,-0.05502794682979584
ip20_merged,horse_00,horse,dia_r,blur_3,blur,3.0,4,0.04,dia_r/horse_00/purify/blur_3/edit_tau0.04_seed4.png,0.06747546792030334,0.10299534350633621,-0.03551987558603287,0,0.23231709003448486,0.28055769205093384,-0.048240602016448975
ip20_merged,horse_00,horse,dia_r,crop_resize_0.1,crop_resize,0.1,0,0.04,dia_r/horse_00/purify/crop_resize_0.1/edit_tau0.04_seed0.png,0.06154279410839081,0.10055467486381531,-0.0390118807554245,0,0.2492702603340149,0.2751288414001465,-0.025858581066131592
ip20_merged,horse_00,horse,dia_r,crop_resize_0.1,crop_resize,0.1,1,0.04,dia_r/horse_00/purify/crop_resize_0.1/edit_tau0.04_seed1.png,0.05984389781951904,0.10494157671928406,-0.045097678899765015,0,0.26309990882873535,0.2936333119869232,-0.030533403158187866
ip20_merged,horse_00,horse,dia_r,crop_resize_0.1,crop_resize,0.1,2,0.04,dia_r/horse_00/purify/crop_resize_0.1/edit_tau0.04_seed2.png,0.06316545605659485,0.10709992051124573,-0.04393446445465088,0,0.2588689923286438,0.2921784520149231,-0.0333094596862793
ip20_merged,horse_00,horse,dia_r,crop_resize_0.1,crop_resize,0.1,3,0.04,dia_r/horse_00/purify/crop_resize_0.1/edit_tau0.04_seed3.png,0.07375577837228775,0.09983538091182709,-0.026079602539539337,0,0.28817886114120483,0.30396008491516113,-0.0157812237739563
ip20_merged,horse_00,horse,dia_r,crop_resize_0.1,crop_resize,0.1,4,0.04,dia_r/horse_00/purify/crop_resize_0.1/edit_tau0.04_seed4.png,0.0629635602235794,0.10293635725975037,-0.03997279703617096,0,0.26847949624061584,0.2966662049293518,-0.028186708688735962
ip20_merged,horse_00,horse,dia_r,diffpure_150,diffpure,150,0,0.04,dia_r/horse_00/purify/diffpure_150/edit_tau0.04_seed0.png,0.07247583568096161,0.10474397242069244,-0.032268136739730835,0,0.23978522419929504,0.2827911674976349,-0.043005943298339844
ip20_merged,horse_00,horse,dia_r,diffpure_150,diffpure,150,1,0.04,dia_r/horse_00/purify/diffpure_150/edit_tau0.04_seed1.png,0.07302798330783844,0.1034444198012352,-0.03041643649339676,0,0.22931741178035736,0.27492037415504456,-0.045602962374687195
ip20_merged,horse_00,horse,dia_r,diffpure_150,diffpure,150,2,0.04,dia_r/horse_00/purify/diffpure_150/edit_tau0.04_seed2.png,0.08591033518314362,0.10397785902023315,-0.01806752383708954,0,0.24448052048683167,0.28616440296173096,-0.04168388247489929
ip20_merged,horse_00,horse,dia_r,diffpure_150,diffpure,150,3,0.04,dia_r/horse_00/purify/diffpure_150/edit_tau0.04_seed3.png,0.07227206975221634,0.10572806000709534,-0.033455990254879,0,0.25422510504722595,0.30182406306266785,-0.047598958015441895
ip20_merged,horse_00,horse,dia_r,diffpure_150,diffpure,150,4,0.04,dia_r/horse_00/purify/diffpure_150/edit_tau0.04_seed4.png,0.0733208954334259,0.10225984454154968,-0.02893894910812378,0,0.23330697417259216,0.2807604670524597,-0.047453492879867554
ip20_merged,horse_00,horse,dia_r,identity_0,identity,0.0,0,0.04,dia_r/horse_00/purify/identity_0/edit_tau0.04_seed0.png,0.06538410484790802,0.10461120307445526,-0.03922709822654724,0,0.26600736379623413,0.3056313395500183,-0.03962397575378418
ip20_merged,horse_00,horse,dia_r,identity_0,identity,0.0,1,0.04,dia_r/horse_00/purify/identity_0/edit_tau0.04_seed1.png,0.06419593095779419,0.10491932928562164,-0.040723398327827454,0,0.26437902450561523,0.30616071820259094,-0.04178169369697571
ip20_merged,horse_00,horse,dia_r,identity_0,identity,0.0,2,0.04,dia_r/horse_00/purify/identity_0/edit_tau0.04_seed2.png,0.06314893066883087,0.10541622340679169,-0.042267292737960815,0,0.262270987033844,0.3016538918018341,-0.03938290476799011
ip20_merged,horse_00,horse,dia_r,identity_0,identity,0.0,3,0.04,dia_r/horse_00/purify/identity_0/edit_tau0.04_seed3.png,0.0647595077753067,0.10665148496627808,-0.041891977190971375,0,0.2590866684913635,0.3006274700164795,-0.04154080152511597
ip20_merged,horse_00,horse,dia_r,identity_0,identity,0.0,4,0.04,dia_r/horse_00/purify/identity_0/edit_tau0.04_seed4.png,0.06393474340438843,0.10517336428165436,-0.04123862087726593,0,0.2686857581138611,0.3032015860080719,-0.034515827894210815
ip20_merged,horse_00,horse,dia_r,jpeg_30,jpeg,30,0,0.04,dia_r/horse_00/purify/jpeg_30/edit_tau0.04_seed0.png,0.07185861468315125,0.10635340958833694,-0.0344947949051857,0,0.2562195360660553,0.3040739893913269,-0.047854453325271606
ip20_merged,horse_00,horse,dia_r,jpeg_30,jpeg,30,1,0.04,dia_r/horse_00/purify/jpeg_30/edit_tau0.04_seed1.png,0.06743405759334564,0.10191453993320465,-0.03448048233985901,0,0.2591578960418701,0.3044368326663971,-0.04527893662452698
ip20_merged,horse_00,horse,dia_r,jpeg_30,jpeg,30,2,0.04,dia_r/horse_00/purify/jpeg_30/edit_tau0.04_seed2.png,0.07064900547266006,0.10643662512302399,-0.03578761965036392,0,0.24159207940101624,0.29573601484298706,-0.054143935441970825
ip20_merged,horse_00,horse,dia_r,jpeg_30,jpeg,30,3,0.04,dia_r/horse_00/purify/jpeg_30/edit_tau0.04_seed3.png,0.06914100050926208,0.10597556084394455,-0.036834560334682465,0,0.24809594452381134,0.3026418387889862,-0.054545894265174866
ip20_merged,horse_00,horse,dia_r,jpeg_30,jpeg,30,4,0.04,dia_r/horse_00/purify/jpeg_30/edit_tau0.04_seed4.png,0.07284465432167053,0.10525735467672348,-0.03241270035505295,0,0.260460764169693,0.30158546566963196,-0.041124701499938965
ip20_merged,horse_00,horse,dia_r,jpeg_75,jpeg,75,0,0.04,dia_r/horse_00/purify/jpeg_75/edit_tau0.04_seed0.png,0.06860679388046265,0.10843564569950104,-0.03982885181903839,0,0.2575795352458954,0.3027684688568115,-0.04518893361091614
ip20_merged,horse_00,horse,dia_r,jpeg_75,jpeg,75,1,0.04,dia_r/horse_00/purify/jpeg_75/edit_tau0.04_seed1.png,0.0643274188041687,0.10590097308158875,-0.041573554277420044,0,0.2594839632511139,0.30184513330459595,-0.042361170053482056
ip20_merged,horse_00,horse,dia_r,jpeg_75,jpeg,75,2,0.04,dia_r/horse_00/purify/jpeg_75/edit_tau0.04_seed2.png,0.0650264248251915,0.10741151869297028,-0.04238509386777878,0,0.26053664088249207,0.30153796076774597,-0.041001319885253906
ip20_merged,horse_00,horse,dia_r,jpeg_75,jpeg,75,3,0.04,dia_r/horse_00/purify/jpeg_75/edit_tau0.04_seed3.png,0.06756873428821564,0.1068154126405716,-0.03924667835235596,0,0.2534155249595642,0.29679110646247864,-0.04337558150291443
ip20_merged,horse_00,horse,dia_r,jpeg_75,jpeg,75,4,0.04,dia_r/horse_00/purify/jpeg_75/edit_tau0.04_seed4.png,0.06456496566534042,0.10607746243476868,-0.04151249676942825,0,0.2583550810813904,0.3005722761154175,-0.0422171950340271
ip20_merged,horse_00,horse,dia_r,noise_0.01,noise,0.01,0,0.04,dia_r/horse_00/purify/noise_0.01/edit_tau0.04_seed0.png,0.0659680888056755,0.10645528137683868,-0.04048719257116318,0,0.26481276750564575,0.3063013255596161,-0.04148855805397034
ip20_merged,horse_00,horse,dia_r,noise_0.01,noise,0.01,1,0.04,dia_r/horse_00/purify/noise_0.01/edit_tau0.04_seed1.png,0.0664597749710083,0.10601521283388138,-0.03955543786287308,0,0.2640080451965332,0.3052314817905426,-0.0412234365940094
ip20_merged,horse_00,horse,dia_r,noise_0.01,noise,0.01,2,0.04,dia_r/horse_00/purify/noise_0.01/edit_tau0.04_seed2.png,0.06144259124994278,0.10576186329126358,-0.0443192720413208,0,0.26202040910720825,0.30302679538726807,-0.041006386280059814
ip20_merged,horse_00,horse,dia_r,noise_0.01,noise,0.01,3,0.04,dia_r/horse_00/purify/noise_0.01/edit_tau0.04_seed3.png,0.0653875544667244,0.10706156492233276,-0.04167401045560837,0,0.2607792913913727,0.3013341426849365,-0.04055485129356384
ip20_merged,horse_00,horse,dia_r,noise_0.01,noise,0.01,4,0.04,dia_r/horse_00/purify/noise_0.01/edit_tau0.04_seed4.png,0.06614983081817627,0.10490265488624573,-0.03875282406806946,0,0.269016832113266,0.30408623814582825,-0.035069406032562256
ip20_merged,horse_00,horse,dia_r,noise_0.02,noise,0.02,0,0.04,dia_r/horse_00/purify/noise_0.02/edit_tau0.04_seed0.png,0.06446538865566254,0.10723145306110382,-0.042766064405441284,0,0.26574671268463135,0.30624526739120483,-0.040498554706573486
ip20_merged,horse_00,horse,dia_r,noise_0.02,noise,0.02,1,0.04,dia_r/horse_00/purify/noise_0.02/edit_tau0.04_seed1.png,0.06323622912168503,0.10476335883140564,-0.04152712970972061,0,0.26300355792045593,0.30381184816360474,-0.040808290243148804
ip20_merged,horse_00,horse,dia_r,noise_0.02,noise,0.02,2,0.04,dia_r/horse_00/purify/noise_0.02/edit_tau0.04_seed2.png,0.06461033970117569,0.10613103955984116,-0.041520699858665466,0,0.2644038200378418,0.3031824827194214,-0.03877866268157959
ip20_merged,horse_00,horse,dia_r,noise_0.02,noise,0.02,3,0.04,dia_r/horse_00/purify/noise_0.02/edit_tau0.04_seed3.png,0.06330123543739319,0.10566644370555878,-0.04236520826816559,0,0.2586033344268799,0.3024921417236328,-0.04388880729675293
ip20_merged,horse_00,horse,dia_r,noise_0.02,noise,0.02,4,0.04,dia_r/horse_00/purify/noise_0.02/edit_tau0.04_seed4.png,0.06354153156280518,0.10545852035284042,-0.04191698879003525,0,0.26555460691452026,0.30472680926322937,-0.039172202348709106
ip20_merged,horse_00,horse,dia_r,noise_0.04,noise,0.04,0,0.04,dia_r/horse_00/purify/noise_0.04/edit_tau0.04_seed0.png,0.06480000168085098,0.10618865489959717,-0.041388653218746185,0,0.26332294940948486,0.3031350076198578,-0.039812058210372925
ip20_merged,horse_00,horse,dia_r,noise_0.04,noise,0.04,1,0.04,dia_r/horse_00/purify/noise_0.04/edit_tau0.04_seed1.png,0.06203506141901016,0.10459065437316895,-0.04255559295415878,0,0.2645323872566223,0.3040395677089691,-0.0395071804523468
ip20_merged,horse_00,horse,dia_r,noise_0.04,noise,0.04,2,0.04,dia_r/horse_00/purify/noise_0.04/edit_tau0.04_seed2.png,0.06365323066711426,0.10366089642047882,-0.04000766575336456,0,0.2514716684818268,0.29381492733955383,-0.04234325885772705
ip20_merged,horse_00,horse,dia_r,noise_0.04,noise,0.04,3,0.04,dia_r/horse_00/purify/noise_0.04/edit_tau0.04_seed3.png,0.06282997876405716,0.10505984723567963,-0.04222986847162247,0,0.2560924291610718,0.29922187328338623,-0.04312944412231445
ip20_merged,horse_00,horse,dia_r,noise_0.04,noise,0.04,4,0.04,dia_r/horse_00/purify/noise_0.04/edit_tau0.04_seed4.png,0.06420724093914032,0.10602003335952759,-0.04181279242038727,0,0.26375633478164673,0.3023218512535095,-0.03856551647186279
ip20_merged,horse_00,horse,dia_r,noise_0.08,noise,0.08,0,0.04,dia_r/horse_00/purify/noise_0.08/edit_tau0.04_seed0.png,0.0674029141664505,0.10566176474094391,-0.03825885057449341,0,0.2619906961917877,0.30048519372940063,-0.038494497537612915
ip20_merged,horse_00,horse,dia_r,noise_0.08,noise,0.08,1,0.04,dia_r/horse_00/purify/noise_0.08/edit_tau0.04_seed1.png,0.06857861578464508,0.10500580072402954,-0.03642718493938446,0,0.25953996181488037,0.2955869734287262,-0.036047011613845825
ip20_merged,horse_00,horse,dia_r,noise_0.08,noise,0.08,2,0.04,dia_r/horse_00/purify/noise_0.08/edit_tau0.04_seed2.png,0.0616007074713707,0.10431873798370361,-0.042718030512332916,0,0.2617412507534027,0.3009641766548157,-0.039222925901412964
ip20_merged,horse_00,horse,dia_r,noise_0.08,noise,0.08,3,0.04,dia_r/horse_00/purify/noise_0.08/edit_tau0.04_seed3.png,0.06283299624919891,0.10478361696004868,-0.04195062071084976,0,0.25224679708480835,0.2939824163913727,-0.04173561930656433
ip20_merged,horse_00,horse,dia_r,noise_0.08,noise,0.08,4,0.04,dia_r/horse_00/purify/noise_0.08/edit_tau0.04_seed4.png,0.06852996349334717,0.10520310699939728,-0.03667314350605011,0,0.2693849205970764,0.30366337299346924,-0.03427845239639282
ip20_merged,horse_00,horse,dia_r,quantize_16,quantize,16,0,0.04,dia_r/horse_00/purify/quantize_16/edit_tau0.04_seed0.png,0.06601524353027344,0.10568064451217651,-0.039665400981903076,0,0.2699947655200958,0.30745580792427063,-0.037461042404174805
ip20_merged,horse_00,horse,dia_r,quantize_16,quantize,16,1,0.04,dia_r/horse_00/purify/quantize_16/edit_tau0.04_seed1.png,0.06357511132955551,0.10364818572998047,-0.04007307440042496,0,0.26872432231903076,0.3067271113395691,-0.03800278902053833
ip20_merged,horse_00,horse,dia_r,quantize_16,quantize,16,2,0.04,dia_r/horse_00/purify/quantize_16/edit_tau0.04_seed2.png,0.059526942670345306,0.10189688205718994,-0.042369939386844635,0,0.2636159062385559,0.3016684353351593,-0.038052529096603394
ip20_merged,horse_00,horse,dia_r,quantize_16,quantize,16,3,0.04,dia_r/horse_00/purify/quantize_16/edit_tau0.04_seed3.png,0.06752964854240417,0.10283751785755157,-0.0353078693151474,0,0.27013638615608215,0.3029775619506836,-0.03284117579460144
ip20_merged,horse_00,horse,dia_r,quantize_16,quantize,16,4,0.04,dia_r/horse_00/purify/quantize_16/edit_tau0.04_seed4.png,0.06192631646990776,0.1035279631614685,-0.041601646691560745,0,0.2772965431213379,0.3035678267478943,-0.026271283626556396
ip20_merged,horse_00,horse,dia_r,quantize_32,quantize,32,0,0.04,dia_r/horse_00/purify/quantize_32/edit_tau0.04_seed0.png,0.06381317973136902,0.10638520121574402,-0.042572021484375,0,0.26691362261772156,0.3064827620983124,-0.03956913948059082
ip20_merged,horse_00,horse,dia_r,quantize_32,quantize,32,1,0.04,dia_r/horse_00/purify/quantize_32/edit_tau0.04_seed1.png,0.06546516716480255,0.10565352439880371,-0.04018835723400116,0,0.26673752069473267,0.3073776960372925,-0.040640175342559814
ip20_merged,horse_00,horse,dia_r,quantize_32,quantize,32,2,0.04,dia_r/horse_00/purify/quantize_32/edit_tau0.04_seed2.png,0.0628652572631836,0.10636642575263977,-0.04350116848945618,0,0.2655221223831177,0.3032599091529846,-0.03773778676986694
ip20_merged,horse_00,horse,dia_r,quantize_32,quantize,32,3,0.04,dia_r/horse_00/purify/quantize_32/edit_tau0.04_seed3.png,0.06555613875389099,0.10763204097747803,-0.042075902223587036,0,0.2616341710090637,0.30250754952430725,-0.04087337851524353
ip20_merged,horse_00,horse,dia_r,quantize_32,quantize,32,4,0.04,dia_r/horse_00/purify/quantize_32/edit_tau0.04_seed4.png,0.06418516486883163,0.10619097948074341,-0.042005814611911774,0,0.27178698778152466,0.30512475967407227,-0.03333777189254761
ip20_merged,horse_00,horse,dia_r,quantize_64,quantize,64,0,0.04,dia_r/horse_00/purify/quantize_64/edit_tau0.04_seed0.png,0.06504519283771515,0.10475611686706543,-0.03971092402935028,0,0.26649314165115356,0.30565255880355835,-0.039159417152404785
ip20_merged,horse_00,horse,dia_r,quantize_64,quantize,64,1,0.04,dia_r/horse_00/purify/quantize_64/edit_tau0.04_seed1.png,0.06444275379180908,0.10509918630123138,-0.0406564325094223,0,0.2639291286468506,0.3056723475456238,-0.04174321889877319
ip20_merged,horse_00,horse,dia_r,quantize_64,quantize,64,2,0.04,dia_r/horse_00/purify/quantize_64/edit_tau0.04_seed2.png,0.06126905977725983,0.10576295107603073,-0.044493891298770905,0,0.26488593220710754,0.3024222254753113,-0.037536293268203735
ip20_merged,horse_00,horse,dia_r,quantize_64,quantize,64,3,0.04,dia_r/horse_00/purify/quantize_64/edit_tau0.04_seed3.png,0.06399847567081451,0.10642607510089874,-0.04242759943008423,0,0.2599465847015381,0.3006666302680969,-0.04072004556655884
ip20_merged,horse_00,horse,dia_r,quantize_64,quantize,64,4,0.04,dia_r/horse_00/purify/quantize_64/edit_tau0.04_seed4.png,0.06372332572937012,0.10414590686559677,-0.040422581136226654,0,0.27226805686950684,0.3056633174419403,-0.03339526057243347
ip20_merged,horse_00,horse,dia_r,quantize_8,quantize,8,0,0.04,dia_r/horse_00/purify/quantize_8/edit_tau0.04_seed0.png,0.0655207484960556,0.10508175194263458,-0.03956100344657898,0,0.2731037735939026,0.3079184591770172,-0.034814685583114624
ip20_merged,horse_00,horse,dia_r,quantize_8,quantize,8,1,0.04,dia_r/horse_00/purify/quantize_8/edit_tau0.04_seed1.png,0.07575453072786331,0.10711207240819931,-0.031357541680336,0,0.26969853043556213,0.3054068684577942,-0.035708338022232056
ip20_merged,horse_00,horse,dia_r,quantize_8,quantize,8,2,0.04,dia_r/horse_00/purify/quantize_8/edit_tau0.04_seed2.png,0.073358453810215,0.10652799904346466,-0.033169545233249664,0,0.2729496955871582,0.309012770652771,-0.03606307506561279
ip20_merged,horse_00,horse,dia_r,quantize_8,quantize,8,3,0.04,dia_r/horse_00/purify/quantize_8/edit_tau0.04_seed3.png,0.0724753737449646,0.10636989772319794,-0.03389452397823334,0,0.2518298625946045,0.3007826507091522,-0.04895278811454773
ip20_merged,horse_00,horse,dia_r,quantize_8,quantize,8,4,0.04,dia_r/horse_00/purify/quantize_8/edit_tau0.04_seed4.png,0.0780181884765625,0.10439948737621307,-0.026381298899650574,0,0.2505578100681305,0.29680049419403076,-0.04624268412590027
ip20_merged,man_00,,control,adverse_cleaner_0,,,0,,control/man_00/purify/adverse_cleaner_0/edit_seed0.png,0.008099062368273735,0.07811594009399414,-0.0700168777257204,0,0.20174193382263184,0.23505771160125732,-0.03331577777862549
ip20_merged,man_00,,control,adverse_cleaner_0,,,1,,control/man_00/purify/adverse_cleaner_0/edit_seed1.png,0.013082427904009819,0.08168917894363403,-0.06860675103962421,0,0.20437556505203247,0.23236170411109924,-0.027986139059066772
ip20_merged,man_00,,control,adverse_cleaner_0,,,2,,control/man_00/purify/adverse_cleaner_0/edit_seed2.png,0.007875720039010048,0.08214173465967178,-0.07426601462066174,0,0.22219914197921753,0.2389465868473053,-0.01674744486808777
ip20_merged,man_00,,control,adverse_cleaner_0,,,3,,control/man_00/purify/adverse_cleaner_0/edit_seed3.png,0.007334496360272169,0.07972653955221176,-0.07239204319193959,0,0.22167885303497314,0.23527443408966064,-0.0135955810546875
ip20_merged,man_00,,control,adverse_cleaner_0,,,4,,control/man_00/purify/adverse_cleaner_0/edit_seed4.png,0.009421814233064651,0.08093900978565216,-0.07151719555258751,0,0.2218279391527176,0.23547685146331787,-0.01364891231060028
ip20_merged,man_00,,control,blur_0.5,,,0,,control/man_00/purify/blur_0.5/edit_seed0.png,0.02114807814359665,0.07625427097082138,-0.05510619282722473,0,0.2046365737915039,0.2355332374572754,-0.030896663665771484
ip20_merged,man_00,,control,blur_0.5,,,1,,control/man_00/purify/blur_0.5/edit_seed1.png,0.016423609107732773,0.07885003834962845,-0.062426429241895676,0,0.20660196244716644,0.2305908203125,-0.023988857865333557
ip20_merged,man_00,,control,blur_0.5,,,2,,control/man_00/purify/blur_0.5/edit_seed2.png,0.008578728884458542,0.07836678624153137,-0.06978805735707283,0,0.2244976907968521,0.23852011561393738,-0.014022424817085266
ip20_merged,man_00,,control,blur_0.5,,,3,,control/man_00/purify/blur_0.5/edit_seed3.png,0.00696495920419693,0.07840296626091003,-0.0714380070567131,0,0.22399768233299255,0.23610016703605652,-0.012102484703063965
ip20_merged,man_00,,control,blur_0.5,,,4,,control/man_00/purify/blur_0.5/edit_seed4.png,0.010069264099001884,0.07944322377443314,-0.06937395967543125,0,0.2235284000635147,0.2366577386856079,-0.0131293386220932
ip20_merged,man_00,,control,blur_1,,,0,,control/man_00/purify/blur_1/edit_seed0.png,0.02684611827135086,0.07590364664793015,-0.049057528376579285,0,0.2071497142314911,0.23331676423549652,-0.026167050004005432
ip20_merged,man_00,,control,blur_1,,,1,,control/man_00/purify/blur_1/edit_seed1.png,0.014698419719934464,0.07594811916351318,-0.06124969944357872,0,0.211817666888237,0.23198944330215454,-0.02017177641391754
ip20_merged,man_00,,control,blur_1,,,2,,control/man_00/purify/blur_1/edit_seed2.png,0.010749672539532185,0.07700403034687042,-0.06625435780733824,0,0.2269067019224167,0.2404603362083435,-0.013553634285926819
ip20_merged,man_00,,control,blur_1,,,3,,control/man_00/purify/blur_1/edit_seed3.png,0.009069669991731644,0.07740002125501633,-0.06833035126328468,0,0.22625090181827545,0.2377879023551941,-0.01153700053691864
ip20_merged,man_00,,control,blur_1,,,4,,control/man_00/purify/blur_1/edit_seed4.png,0.012274147942662239,0.07908321917057037,-0.06680907122790813,0,0.22523659467697144,0.23852969706058502,-0.013293102383613586
ip20_merged,man_00,,control,blur_2,,,0,,control/man_00/purify/blur_2/edit_seed0.png,0.020670132711529732,0.07612895965576172,-0.05545882694423199,0,0.2017419934272766,0.2263636291027069,-0.024621635675430298
ip20_merged,man_00,,control,blur_2,,,1,,control/man_00/purify/blur_2/edit_seed1.png,0.02468147873878479,0.07728210091590881,-0.05260062217712402,0,0.20353242754936218,0.22875109314918518,-0.025218665599822998
ip20_merged,man_00,,control,blur_2,,,2,,control/man_00/purify/blur_2/edit_seed2.png,0.016414452344179153,0.07580259442329407,-0.059388142079114914,0,0.2281307876110077,0.24178853631019592,-0.013657748699188232
ip20_merged,man_00,,control,blur_2,,,3,,control/man_00/purify/blur_2/edit_seed3.png,0.014604674652218819,0.07500188052654266,-0.060397205874323845,0,0.22684961557388306,0.23863878846168518,-0.011789172887802124
ip20_merged,man_00,,control,blur_2,,,4,,control/man_00/purify/blur_2/edit_seed4.png,0.01694338023662567,0.07702424377202988,-0.060080863535404205,0,0.22670245170593262,0.23949532210826874,-0.01279287040233612
ip20_merged,man_00,,control,blur_3,,,0,,control/man_00/purify/blur_3/edit_seed0.png,0.022742323577404022,0.07888451218605042,-0.05614218860864639,0,0.20410645008087158,0.2208997905254364,-0.01679334044456482
ip20_merged,man_00,,control,blur_3,,,1,,control/man_00/purify/blur_3/edit_seed1.png,0.017235901206731796,0.07770384103059769,-0.06046793982386589,0,0.20381930470466614,0.22574101388454437,-0.021921709179878235
ip20_merged,man_00,,control,blur_3,,,2,,control/man_00/purify/blur_3/edit_seed2.png,0.014552980661392212,0.07912376523017883,-0.06457078456878662,0,0.22455628216266632,0.24146640300750732,-0.016910120844841003
ip20_merged,man_00,,control,blur_3,,,3,,control/man_00/purify/blur_3/edit_seed3.png,0.01270799245685339,0.0743187963962555,-0.0616108039394021,0,0.221007838845253,0.23705941438674927,-0.016051575541496277
ip20_merged,man_00,,control,blur_3,,,4,,control/man_00/purify/blur_3/edit_seed4.png,0.00453488202765584,0.0737484022974968,-0.06921352026984096,0,0.21798007190227509,0.23630723357200623,-0.01832716166973114
ip20_merged,man_00,,control,crop_resize_0.1,,,0,,control/man_00/purify/crop_resize_0.1/edit_seed0.png,0.018357716500759125,0.07322590053081512,-0.054868184030056,0,0.22335316240787506,0.24412913620471954,-0.020775973796844482
ip20_merged,man_00,,control,crop_resize_0.1,,,1,,control/man_00/purify/crop_resize_0.1/edit_seed1.png,-0.0038784341886639595,0.07067731022834778,-0.07455574441701174,0,0.2133873850107193,0.23802265524864197,-0.02463527023792267
ip20_merged,man_00,,control,crop_resize_0.1,,,2,,control/man_00/purify/crop_resize_0.1/edit_seed2.png,0.00434351060539484,0.07660981267690659,-0.07226630207151175,0,0.2180231809616089,0.24414917826652527,-0.026125997304916382
ip20_merged,man_00,,control,crop_resize_0.1,,,3,,control/man_00/purify/crop_resize_0.1/edit_seed3.png,-0.00024329125881195068,0.07739733159542084,-0.07764062285423279,0,0.21012873947620392,0.2373417615890503,-0.027213022112846375
ip20_merged,man_00,,control,crop_resize_0.1,,,4,,control/man_00/purify/crop_resize_0.1/edit_seed4.png,-0.0014105867594480515,0.07463766634464264,-0.07604825310409069,0,0.21734735369682312,0.2430792897939682,-0.02573193609714508
ip20_merged,man_00,,control,diffpure_150,,,0,,control/man_00/purify/diffpure_150/edit_seed0.png,0.037606194615364075,0.0743398517370224,-0.036733657121658325,0,0.20743784308433533,0.23483991622924805,-0.02740207314491272
ip20_merged,man_00,,control,diffpure_150,,,1,,control/man_00/purify/diffpure_150/edit_seed1.png,0.014657869935035706,0.07849638909101486,-0.06383851915597916,0,0.23579244315624237,0.24650079011917114,-0.010708346962928772
ip20_merged,man_00,,control,diffpure_150,,,2,,control/man_00/purify/diffpure_150/edit_seed2.png,0.010602550581097603,0.07934871315956116,-0.06874616257846355,0,0.23248928785324097,0.24423912167549133,-0.011749833822250366
ip20_merged,man_00,,control,diffpure_150,,,3,,control/man_00/purify/diffpure_150/edit_seed3.png,0.007596255280077457,0.07536625862121582,-0.06777000334113836,0,0.22272101044654846,0.24356955289840698,-0.02084854245185852
ip20_merged,man_00,,control,diffpure_150,,,4,,control/man_00/purify/diffpure_150/edit_seed4.png,0.004557393491268158,0.07680165767669678,-0.07224426418542862,0,0.227121502161026,0.2435794323682785,-0.016457930207252502
ip20_merged,man_00,,control,identity_0,,,0,,control/man_00/purify/identity_0/edit_seed0.png,0.022143442183732986,0.0740785002708435,-0.05193505808711052,0,0.1984122097492218,0.22946903109550476,-0.03105682134628296
ip20_merged,man_00,,control,identity_0,,,1,,control/man_00/purify/identity_0/edit_seed1.png,0.018460964784026146,0.08063122630119324,-0.06217026151716709,0,0.20510536432266235,0.2304915487766266,-0.025386184453964233
ip20_merged,man_00,,control,identity_0,,,2,,control/man_00/purify/identity_0/edit_seed2.png,0.007942498661577702,0.07874245941638947,-0.07079996075481176,0,0.2246381938457489,0.23822630941867828,-0.013588115572929382
ip20_merged,man_00,,control,identity_0,,,3,,control/man_00/purify/identity_0/edit_seed3.png,0.006215919274836779,0.07915595173835754,-0.07294003246352077,0,0.2227872908115387,0.23584140837192535,-0.013054117560386658
ip20_merged,man_00,,control,identity_0,,,4,,control/man_00/purify/identity_0/edit_seed4.png,0.009150637313723564,0.08023989200592041,-0.07108925469219685,0,0.22242508828639984,0.2358117401599884,-0.013386651873588562
ip20_merged,man_00,,control,jpeg_30,,,0,,control/man_00/purify/jpeg_30/edit_seed0.png,0.028261415660381317,0.06826876848936081,-0.04000735282897949,0,0.202270045876503,0.22880606353282928,-0.026536017656326294
ip20_merged,man_00,,control,jpeg_30,,,1,,control/man_00/purify/jpeg_30/edit_seed1.png,0.033723242580890656,0.07493828237056732,-0.041215039789676666,0,0.20664791762828827,0.23481374979019165,-0.02816583216190338
ip20_merged,man_00,,control,jpeg_30,,,2,,control/man_00/purify/jpeg_30/edit_seed2.png,0.017129138112068176,0.0743231475353241,-0.05719400942325592,0,0.233673095703125,0.23916170001029968,-0.005488604307174683
ip20_merged,man_00,,control,jpeg_30,,,3,,control/man_00/purify/jpeg_30/edit_seed3.png,0.012641360983252525,0.07366248965263367,-0.06102112866938114,0,0.22935572266578674,0.23775389790534973,-0.008398175239562988
ip20_merged,man_00,,control,jpeg_30,,,4,,control/man_00/purify/jpeg_30/edit_seed4.png,0.015692582353949547,0.07541994750499725,-0.05972736515104771,0,0.23269742727279663,0.23797833919525146,-0.005280911922454834
ip20_merged,man_00,,control,jpeg_75,,,0,,control/man_00/purify/jpeg_75/edit_seed0.png,0.03011586144566536,0.07416664063930511,-0.044050779193639755,0,0.2018190324306488,0.2310689091682434,-0.029249876737594604
ip20_merged,man_00,,control,jpeg_75,,,1,,control/man_00/purify/jpeg_75/edit_seed1.png,0.02286042645573616,0.07971236854791641,-0.05685194209218025,0,0.2043064832687378,0.23198164999485016,-0.027675166726112366
ip20_merged,man_00,,control,jpeg_75,,,2,,control/man_00/purify/jpeg_75/edit_seed2.png,0.009573100134730339,0.07811060547828674,-0.0685375053435564,0,0.2257533073425293,0.23892918229103088,-0.013175874948501587
ip20_merged,man_00,,control,jpeg_75,,,3,,control/man_00/purify/jpeg_75/edit_seed3.png,0.0072927833534777164,0.07795646786689758,-0.07066368451341987,0,0.22344902157783508,0.23522406816482544,-0.011775046586990356
ip20_merged,man_00,,control,jpeg_75,,,4,,control/man_00/purify/jpeg_75/edit_seed4.png,0.011120613664388657,0.07945162057876587,-0.06833100691437721,0,0.2239575982093811,0.23527520895004272,-0.011317610740661621
ip20_merged,man_00,,control,noise_0.01,,,0,,control/man_00/purify/noise_0.01/edit_seed0.png,0.020965974777936935,0.07501351833343506,-0.05404754355549812,0,0.20161959528923035,0.2324957549571991,-0.03087615966796875
ip20_merged,man_00,,control,noise_0.01,,,1,,control/man_00/purify/noise_0.01/edit_seed1.png,0.01841300167143345,0.07688602060079575,-0.0584730189293623,0,0.2090638428926468,0.23217399418354034,-0.023110151290893555
ip20_merged,man_00,,control,noise_0.01,,,2,,control/man_00/purify/noise_0.01/edit_seed2.png,0.01477578654885292,0.07940568774938583,-0.06462990120053291,0,0.2205236256122589,0.24068544805049896,-0.02016182243824005
ip20_merged,man_00,,control,noise_0.01,,,3,,control/man_00/purify/noise_0.01/edit_seed3.png,0.0059481351636350155,0.08058644086122513,-0.07463830569759011,0,0.22133556008338928,0.23580402135849,-0.014468461275100708
ip20_merged,man_00,,control,noise_0.01,,,4,,control/man_00/purify/noise_0.01/edit_seed4.png,0.009221100248396397,0.07946909219026566,-0.07024799194186926,0,0.2250262349843979,0.236918106675148,-0.011891871690750122
ip20_merged,man_00,,control,noise_0.02,,,0,,control/man_00/purify/noise_0.02/edit_seed0.png,0.02301940694451332,0.07564828544855118,-0.05262887850403786,0,0.20182830095291138,0.23121538758277893,-0.029387086629867554
ip20_merged,man_00,,control,noise_0.02,,,1,,control/man_00/purify/noise_0.02/edit_seed1.png,0.010385777801275253,0.0764005035161972,-0.06601472571492195,0,0.2174387276172638,0.234479621052742,-0.01704089343547821
ip20_merged,man_00,,control,noise_0.02,,,2,,control/man_00/purify/noise_0.02/edit_seed2.png,0.011661091819405556,0.07787640392780304,-0.06621531210839748,0,0.2220994085073471,0.24106115102767944,-0.018961742520332336
ip20_merged,man_00,,control,noise_0.02,,,3,,control/man_00/purify/noise_0.02/edit_seed3.png,0.0023833103477954865,0.07806514203548431,-0.07568183168768883,0,0.22181600332260132,0.2345561683177948,-0.012740164995193481
ip20_merged,man_00,,control,noise_0.02,,,4,,control/man_00/purify/noise_0.02/edit_seed4.png,0.0066986000165343285,0.07775241881608963,-0.0710538187995553,0,0.22642776370048523,0.23589956760406494,-0.009471803903579712
ip20_merged,man_00,,control,noise_0.04,,,0,,control/man_00/purify/noise_0.04/edit_seed0.png,0.012145334854722023,0.07596923410892487,-0.06382389925420284,0,0.21515601873397827,0.2311491221189499,-0.01599310338497162
ip20_merged,man_00,,control,noise_0.04,,,1,,control/man_00/purify/noise_0.04/edit_seed1.png,0.011742794886231422,0.07230906188488007,-0.060566266998648643,0,0.21754544973373413,0.23369431495666504,-0.016148865222930908
ip20_merged,man_00,,control,noise_0.04,,,2,,control/man_00/purify/noise_0.04/edit_seed2.png,0.008486276492476463,0.07416609674692154,-0.06567982025444508,0,0.22658315300941467,0.23458252847194672,-0.007999375462532043
ip20_merged,man_00,,control,noise_0.04,,,3,,control/man_00/purify/noise_0.04/edit_seed3.png,0.0032538478262722492,0.07504145056009293,-0.07178760273382068,0,0.219212606549263,0.23068873584270477,-0.011476129293441772
ip20_merged,man_00,,control,noise_0.04,,,4,,control/man_00/purify/noise_0.04/edit_seed4.png,0.009732052683830261,0.0747385323047638,-0.06500647962093353,0,0.22614185512065887,0.2329263538122177,-0.006784498691558838
ip20_merged,man_00,,control,noise_0.08,,,0,,control/man_00/purify/noise_0.08/edit_seed0.png,0.012116000056266785,0.06828554719686508,-0.0561695471405983,0,0.21747347712516785,0.23161697387695312,-0.014143496751785278
ip20_merged,man_00,,control,noise_0.08,,,1,,control/man_00/purify/noise_0.08/edit_seed1.png,0.012096484191715717,0.0652977004647255,-0.05320121627300978,0,0.2129340022802353,0.2310745120048523,-0.018140509724617004
ip20_merged,man_00,,control,noise_0.08,,,2,,control/man_00/purify/noise_0.08/edit_seed2.png,0.009434115141630173,0.06505079567432404,-0.05561668053269386,0,0.22454863786697388,0.23337163031101227,-0.008822992444038391
ip20_merged,man_00,,control,noise_0.08,,,3,,control/man_00/purify/noise_0.08/edit_seed3.png,0.007191814482212067,0.07192613184452057,-0.0647343173623085,0,0.2198684811592102,0.2297278344631195,-0.009859353303909302
ip20_merged,man_00,,control,noise_0.08,,,4,,control/man_00/purify/noise_0.08/edit_seed4.png,0.008149269968271255,0.06668994575738907,-0.05854067578911781,0,0.21915706992149353,0.23030875623226166,-0.011151686310768127
ip20_merged,man_00,,control,quantize_16,,,0,,control/man_00/purify/quantize_16/edit_seed0.png,0.027261748909950256,0.06766469776630402,-0.04040294885635376,0,0.20974072813987732,0.22917407751083374,-0.01943334937095642
ip20_merged,man_00,,control,quantize_16,,,1,,control/man_00/purify/quantize_16/edit_seed1.png,0.021639768034219742,0.07422788441181183,-0.05258811637759209,0,0.21187514066696167,0.23116090893745422,-0.019285768270492554
ip20_merged,man_00,,control,quantize_16,,,2,,control/man_00/purify/quantize_16/edit_seed2.png,0.01381116732954979,0.07284999638795853,-0.05903882905840874,0,0.23464526236057281,0.23753009736537933,-0.0028848350048065186
ip20_merged,man_00,,control,quantize_16,,,3,,control/man_00/purify/quantize_16/edit_seed3.png,0.01157048437744379,0.07313535362482071,-0.06156486924737692,0,0.23073580861091614,0.23480229079723358,-0.004066482186317444
ip20_merged,man_00,,control,quantize_16,,,4,,control/man_00/purify/quantize_16/edit_seed4.png,0.011846444569528103,0.07428081333637238,-0.06243436876684427,0,0.23613935708999634,0.23703274130821228,-0.0008933842182159424
ip20_merged,man_00,,control,quantize_32,,,0,,control/man_00/purify/quantize_32/edit_seed0.png,0.017912093549966812,0.07407701015472412,-0.05616491660475731,0,0.20009049773216248,0.22836080193519592,-0.028270304203033447
ip20_merged,man_00,,control,quantize_32,,,1,,control/man_00/purify/quantize_32/edit_seed1.png,0.024078529328107834,0.07835698872804642,-0.05427845939993858,0,0.20564153790473938,0.23122341930866241,-0.025581881403923035
ip20_merged,man_00,,control,quantize_32,,,2,,control/man_00/purify/quantize_32/edit_seed2.png,0.009100288152694702,0.07582823932170868,-0.06672795116901398,0,0.22862106561660767,0.23840275406837463,-0.009781688451766968
ip20_merged,man_00,,control,quantize_32,,,3,,control/man_00/purify/quantize_32/edit_seed3.png,0.006914234720170498,0.07713758945465088,-0.07022335473448038,0,0.2254333198070526,0.23487402498722076,-0.009440705180168152
ip20_merged,man_00,,control,quantize_32,,,4,,control/man_00/purify/quantize_32/edit_seed4.png,0.009071470238268375,0.07898993790149689,-0.06991846766322851,0,0.22921885550022125,0.23589277267456055,-0.006673917174339294
ip20_merged,man_00,,control,quantize_64,,,0,,control/man_00/purify/quantize_64/edit_seed0.png,0.022663360461592674,0.07514341175556183,-0.052480051293969154,0,0.20075079798698425,0.22911128401756287,-0.028360486030578613
ip20_merged,man_00,,control,quantize_64,,,1,,control/man_00/purify/quantize_64/edit_seed1.png,0.021220548078417778,0.07922188192605972,-0.058001333847641945,0,0.20379450917243958,0.2312944382429123,-0.027499929070472717
ip20_merged,man_00,,control,quantize_64,,,2,,control/man_00/purify/quantize_64/edit_seed2.png,0.005669033620506525,0.07794627547264099,-0.07227724185213447,0,0.22685590386390686,0.2393537163734436,-0.012497812509536743
ip20_merged,man_00,,control,quantize_64,,,3,,control/man_00/purify/quantize_64/edit_seed3.png,0.0034338277764618397,0.07744021713733673,-0.07400638936087489,0,0.22406165301799774,0.23629575967788696,-0.012234106659889221
ip20_merged,man_00,,control,quantize_64,,,4,,control/man_00/purify/quantize_64/edit_seed4.png,0.007310562767088413,0.07945427298545837,-0.07214371021836996,0,0.2269134521484375,0.23690858483314514,-0.009995132684707642
ip20_merged,man_00,,control,quantize_8,,,0,,control/man_00/purify/quantize_8/edit_seed0.png,0.007261764258146286,0.07201939821243286,-0.06475763395428658,0,0.21755200624465942,0.22706656157970428,-0.00951455533504486
ip20_merged,man_00,,control,quantize_8,,,1,,control/man_00/purify/quantize_8/edit_seed1.png,0.01224201638251543,0.07252240926027298,-0.06028039287775755,0,0.21197929978370667,0.22468334436416626,-0.012704044580459595
ip20_merged,man_00,,control,quantize_8,,,2,,control/man_00/purify/quantize_8/edit_seed2.png,0.010670418851077557,0.07122321426868439,-0.06055279541760683,0,0.23619765043258667,0.23739874362945557,-0.0012010931968688965
ip20_merged,man_00,,control,quantize_8,,,3,,control/man_00/purify/quantize_8/edit_seed3.png,0.011597306467592716,0.07237745076417923,-0.060780144296586514,0,0.22707656025886536,0.2328771948814392,-0.0058006346225738525
ip20_merged,man_00,,control,quantize_8,,,4,,control/man_00/purify/quantize_8/edit_seed4.png,0.012468937784433365,0.07128649950027466,-0.05881756171584129,0,0.2271510362625122,0.23500315845012665,-0.007852122187614441
ip20_merged,man_00,man,apa,adverse_cleaner_0,adverse_cleaner,0.0,0,0.04,apa/man_00/purify/adverse_cleaner_0/edit_tau0.04_seed0.png,0.02093714475631714,0.07762978225946426,-0.056692637503147125,0,0.211285799741745,0.24019400775432587,-0.02890820801258087
ip20_merged,man_00,man,apa,adverse_cleaner_0,adverse_cleaner,0.0,1,0.04,apa/man_00/purify/adverse_cleaner_0/edit_tau0.04_seed1.png,0.027059750631451607,0.07655719667673111,-0.0494974460452795,0,0.2146589159965515,0.23856255412101746,-0.023903638124465942
ip20_merged,man_00,man,apa,adverse_cleaner_0,adverse_cleaner,0.0,2,0.04,apa/man_00/purify/adverse_cleaner_0/edit_tau0.04_seed2.png,0.018377993255853653,0.08166278898715973,-0.06328479573130608,0,0.22154605388641357,0.24350768327713013,-0.021961629390716553
ip20_merged,man_00,man,apa,adverse_cleaner_0,adverse_cleaner,0.0,3,0.04,apa/man_00/purify/adverse_cleaner_0/edit_tau0.04_seed3.png,0.018497284501791,0.07718199491500854,-0.058684710413217545,0,0.220536470413208,0.24199587106704712,-0.02145940065383911
ip20_merged,man_00,man,apa,adverse_cleaner_0,adverse_cleaner,0.0,4,0.04,apa/man_00/purify/adverse_cleaner_0/edit_tau0.04_seed4.png,0.02079472690820694,0.0763033777475357,-0.055508650839328766,0,0.2212970107793808,0.24064981937408447,-0.019352808594703674
ip20_merged,man_00,man,apa,blur_0.5,blur,0.5,0,0.04,apa/man_00/purify/blur_0.5/edit_tau0.04_seed0.png,0.02433387190103531,0.07523798942565918,-0.05090411752462387,0,0.2124604880809784,0.2390926331281662,-0.026632145047187805
ip20_merged,man_00,man,apa,blur_0.5,blur,0.5,1,0.04,apa/man_00/purify/blur_0.5/edit_tau0.04_seed1.png,0.023932820186018944,0.07432746887207031,-0.05039464868605137,0,0.2179661989212036,0.23973414301872253,-0.02176794409751892
ip20_merged,man_00,man,apa,blur_0.5,blur,0.5,2,0.04,apa/man_00/purify/blur_0.5/edit_tau0.04_seed2.png,0.020912915468215942,0.07623697072267532,-0.05532405525445938,0,0.22138898074626923,0.2420390546321869,-0.020650073885917664
ip20_merged,man_00,man,apa,blur_0.5,blur,0.5,3,0.04,apa/man_00/purify/blur_0.5/edit_tau0.04_seed3.png,0.016134656965732574,0.07433583587408066,-0.058201178908348083,0,0.21858973801136017,0.24025379121303558,-0.021664053201675415
ip20_merged,man_00,man,apa,blur_0.5,blur,0.5,4,0.04,apa/man_00/purify/blur_0.5/edit_tau0.04_seed4.png,0.019621586427092552,0.07565220445394516,-0.05603061802685261,0,0.21918806433677673,0.23982968926429749,-0.020641624927520752
ip20_merged,man_00,man,apa,blur_1,blur,1.0,0,0.04,apa/man_00/purify/blur_1/edit_tau0.04_seed0.png,0.02153760753571987,0.07333765923976898,-0.05180005170404911,0,0.2130567729473114,0.23960939049720764,-0.02655261754989624
ip20_merged,man_00,man,apa,blur_1,blur,1.0,1,0.04,apa/man_00/purify/blur_1/edit_tau0.04_seed1.png,0.02649553492665291,0.07272462546825409,-0.04622909054160118,0,0.21877709031105042,0.24223700165748596,-0.023459911346435547
ip20_merged,man_00,man,apa,blur_1,blur,1.0,2,0.04,apa/man_00/purify/blur_1/edit_tau0.04_seed2.png,0.02119162306189537,0.07625342160463333,-0.05506179854273796,0,0.2227664291858673,0.24197961390018463,-0.019213184714317322
ip20_merged,man_00,man,apa,blur_1,blur,1.0,3,0.04,apa/man_00/purify/blur_1/edit_tau0.04_seed3.png,0.016171900555491447,0.07238578051328659,-0.05621387995779514,0,0.21946942806243896,0.2403797060251236,-0.02091027796268463
ip20_merged,man_00,man,apa,blur_1,blur,1.0,4,0.04,apa/man_00/purify/blur_1/edit_tau0.04_seed4.png,0.02263185940682888,0.07248386740684509,-0.04985200800001621,0,0.22061502933502197,0.23986193537712097,-0.019246906042099
ip20_merged,man_00,man,apa,blur_2,blur,2.0,0,0.04,apa/man_00/purify/blur_2/edit_tau0.04_seed0.png,0.022506991401314735,0.07435892522335052,-0.05185193382203579,0,0.209985613822937,0.23503795266151428,-0.02505233883857727
ip20_merged,man_00,man,apa,blur_2,blur,2.0,1,0.04,apa/man_00/purify/blur_2/edit_tau0.04_seed1.png,0.034858763217926025,0.07300558686256409,-0.03814682364463806,0,0.2221997231245041,0.2444685697555542,-0.02226884663105011
ip20_merged,man_00,man,apa,blur_2,blur,2.0,2,0.04,apa/man_00/purify/blur_2/edit_tau0.04_seed2.png,0.03058578073978424,0.07154396176338196,-0.04095818102359772,0,0.22910191118717194,0.24613675475120544,-0.01703484356403351
ip20_merged,man_00,man,apa,blur_2,blur,2.0,3,0.04,apa/man_00/purify/blur_2/edit_tau0.04_seed3.png,0.020633738487958908,0.0713285505771637,-0.05069481208920479,0,0.22510604560375214,0.24346859753131866,-0.01836255192756653
ip20_merged,man_00,man,apa,blur_2,blur,2.0,4,0.04,apa/man_00/purify/blur_2/edit_tau0.04_seed4.png,0.031476620584726334,0.06946693360805511,-0.03799031302332878,0,0.22596120834350586,0.24339865148067474,-0.017437443137168884
ip20_merged,man_00,man,apa,blur_3,blur,3.0,0,0.04,apa/man_00/purify/blur_3/edit_tau0.04_seed0.png,0.025882763788104057,0.07805465161800385,-0.05217188782989979,0,0.1943393349647522,0.21346057951450348,-0.019121244549751282
ip20_merged,man_00,man,apa,blur_3,blur,3.0,1,0.04,apa/man_00/purify/blur_3/edit_tau0.04_seed1.png,0.029030296951532364,0.0775461494922638,-0.04851585254073143,0,0.2086324393749237,0.23094868659973145,-0.02231624722480774
ip20_merged,man_00,man,apa,blur_3,blur,3.0,2,0.04,apa/man_00/purify/blur_3/edit_tau0.04_seed2.png,0.018843716010451317,0.07584118098020554,-0.05699746496975422,0,0.23205114901065826,0.2481391876935959,-0.016088038682937622
ip20_merged,man_00,man,apa,blur_3,blur,3.0,3,0.04,apa/man_00/purify/blur_3/edit_tau0.04_seed3.png,0.013878747820854187,0.07234818488359451,-0.058469437062740326,0,0.2234390377998352,0.24267736077308655,-0.019238322973251343
ip20_merged,man_00,man,apa,blur_3,blur,3.0,4,0.04,apa/man_00/purify/blur_3/edit_tau0.04_seed4.png,0.022495239973068237,0.07191132009029388,-0.04941608011722565,0,0.22886446118354797,0.24427568912506104,-0.015411227941513062
ip20_merged,man_00,man,apa,crop_resize_0.1,crop_resize,0.1,0,0.04,apa/man_00/purify/crop_resize_0.1/edit_tau0.04_seed0.png,0.004718360025435686,0.0767596960067749,-0.07204133598133922,0,0.217068612575531,0.24568766355514526,-0.028619050979614258
ip20_merged,man_00,man,apa,crop_resize_0.1,crop_resize,0.1,1,0.04,apa/man_00/purify/crop_resize_0.1/edit_tau0.04_seed1.png,0.003494430799037218,0.07520865648984909,-0.07171422569081187,0,0.21582511067390442,0.23786810040473938,-0.02204298973083496
ip20_merged,man_00,man,apa,crop_resize_0.1,crop_resize,0.1,2,0.04,apa/man_00/purify/crop_resize_0.1/edit_tau0.04_seed2.png,0.011945189908146858,0.07871632277965546,-0.0667711328715086,0,0.21880240738391876,0.24458324909210205,-0.02578084170818329
ip20_merged,man_00,man,apa,crop_resize_0.1,crop_resize,0.1,3,0.04,apa/man_00/purify/crop_resize_0.1/edit_tau0.04_seed3.png,0.005606038495898247,0.0791371762752533,-0.07353113777935505,0,0.21255485713481903,0.24123996496200562,-0.028685107827186584
ip20_merged,man_00,man,apa,crop_resize_0.1,crop_resize,0.1,4,0.04,apa/man_00/purify/crop_resize_0.1/edit_tau0.04_seed4.png,0.005121794529259205,0.08001527190208435,-0.07489347737282515,0,0.21962587535381317,0.24439966678619385,-0.024773791432380676
ip20_merged,man_00,man,apa,diffpure_150,diffpure,150,0,0.04,apa/man_00/purify/diffpure_150/edit_tau0.04_seed0.png,0.01392701268196106,0.07904507964849472,-0.06511806696653366,0,0.22160564363002777,0.24530330300331116,-0.023697659373283386
ip20_merged,man_00,man,apa,diffpure_150,diffpure,150,1,0.04,apa/man_00/purify/diffpure_150/edit_tau0.04_seed1.png,0.026141874492168427,0.07401691377162933,-0.04787503927946091,0,0.22652962803840637,0.2464546263217926,-0.01992499828338623
ip20_merged,man_00,man,apa,diffpure_150,diffpure,150,2,0.04,apa/man_00/purify/diffpure_150/edit_tau0.04_seed2.png,0.027947258204221725,0.07927250117063522,-0.0513252429664135,0,0.2191343754529953,0.2403978854417801,-0.02126350998878479
ip20_merged,man_00,man,apa,diffpure_150,diffpure,150,3,0.04,apa/man_00/purify/diffpure_150/edit_tau0.04_seed3.png,0.020625611767172813,0.07623957097530365,-0.055613959208130836,0,0.21727752685546875,0.24596166610717773,-0.028684139251708984
ip20_merged,man_00,man,apa,diffpure_150,diffpure,150,4,0.04,apa/man_00/purify/diffpure_150/edit_tau0.04_seed4.png,0.02039099857211113,0.08116169273853302,-0.06077069416642189,0,0.21714186668395996,0.24123463034629822,-0.024092763662338257
ip20_merged,man_00,man,apa,identity_0,identity,0.0,0,0.04,apa/man_00/purify/identity_0/edit_tau0.04_seed0.png,0.022039752453565598,0.07637511193752289,-0.05433535948395729,0,0.21343261003494263,0.2395142763853073,-0.026081666350364685
ip20_merged,man_00,man,apa,identity_0,identity,0.0,1,0.04,apa/man_00/purify/identity_0/edit_tau0.04_seed1.png,0.02505544200539589,0.0736941546201706,-0.048638712614774704,0,0.21796585619449615,0.23852576315402985,-0.02055990695953369
ip20_merged,man_00,man,apa,identity_0,identity,0.0,2,0.04,apa/man_00/purify/identity_0/edit_tau0.04_seed2.png,0.0192410908639431,0.07742653042078018,-0.05818543955683708,0,0.22126926481723785,0.2416457086801529,-0.02037644386291504
ip20_merged,man_00,man,apa,identity_0,identity,0.0,3,0.04,apa/man_00/purify/identity_0/edit_tau0.04_seed3.png,0.015013663098216057,0.07549859583377838,-0.060484932735562325,0,0.2187054455280304,0.24007168412208557,-0.021366238594055176
ip20_merged,man_00,man,apa,identity_0,identity,0.0,4,0.04,apa/man_00/purify/identity_0/edit_tau0.04_seed4.png,0.01938442327082157,0.07611338794231415,-0.05672896467149258,0,0.21990758180618286,0.23971842229366302,-0.019810840487480164
ip20_merged,man_00,man,apa,jpeg_30,jpeg,30,0,0.04,apa/man_00/purify/jpeg_30/edit_tau0.04_seed0.png,0.036895718425512314,0.0702596977353096,-0.03336397930979729,0,0.21069645881652832,0.24039509892463684,-0.02969864010810852
ip20_merged,man_00,man,apa,jpeg_30,jpeg,30,1,0.04,apa/man_00/purify/jpeg_30/edit_tau0.04_seed1.png,0.032622262835502625,0.0727902501821518,-0.04016798734664917,0,0.2250986397266388,0.24294513463974,-0.017846494913101196
ip20_merged,man_00,man,apa,jpeg_30,jpeg,30,2,0.04,apa/man_00/purify/jpeg_30/edit_tau0.04_seed2.png,0.02393290586769581,0.0752723217010498,-0.051339415833353996,0,0.22978003323078156,0.24345529079437256,-0.013675257563591003
ip20_merged,man_00,man,apa,jpeg_30,jpeg,30,3,0.04,apa/man_00/purify/jpeg_30/edit_tau0.04_seed3.png,0.02423079125583172,0.07451663166284561,-0.05028584040701389,0,0.22460518777370453,0.24182793498039246,-0.017222747206687927
ip20_merged,man_00,man,apa,jpeg_30,jpeg,30,4,0.04,apa/man_00/purify/jpeg_30/edit_tau0.04_seed4.png,0.028987735509872437,0.07495005428791046,-0.045962318778038025,0,0.2258497029542923,0.24201318621635437,-0.016163483262062073
ip20_merged,man_00,man,apa,jpeg_75,jpeg,75,0,0.04,apa/man_00/purify/jpeg_75/edit_tau0.04_seed0.png,0.025004178285598755,0.075344979763031,-0.05034080147743225,0,0.21369338035583496,0.23880985379219055,-0.02511647343635559
ip20_merged,man_00,man,apa,jpeg_75,jpeg,75,1,0.04,apa/man_00/purify/jpeg_75/edit_tau0.04_seed1.png,0.026715194806456566,0.07291804254055023,-0.046202847734093666,0,0.21722349524497986,0.23841817677021027,-0.021194681525230408
ip20_merged,man_00,man,apa,jpeg_75,jpeg,75,2,0.04,apa/man_00/purify/jpeg_75/edit_tau0.04_seed2.png,0.02041805535554886,0.0779525637626648,-0.057534508407115936,0,0.2228941172361374,0.24133644998073578,-0.01844233274459839
ip20_merged,man_00,man,apa,jpeg_75,jpeg,75,3,0.04,apa/man_00/purify/jpeg_75/edit_tau0.04_seed3.png,0.014747083187103271,0.07551117241382599,-0.06076408922672272,0,0.21624629199504852,0.23911407589912415,-0.022867783904075623
ip20_merged,man_00,man,apa,jpeg_75,jpeg,75,4,0.04,apa/man_00/purify/jpeg_75/edit_tau0.04_seed4.png,0.01740618422627449,0.07617297768592834,-0.058766793459653854,0,0.21999140083789825,0.23824405670166016,-0.018252655863761902
ip20_merged,man_00,man,apa,noise_0.01,noise,0.01,0,0.04,apa/man_00/purify/noise_0.01/edit_tau0.04_seed0.png,0.02279987558722496,0.07338365912437439,-0.05058378353714943,0,0.21467941999435425,0.24154046177864075,-0.0268610417842865
ip20_merged,man_00,man,apa,noise_0.01,noise,0.01,1,0.04,apa/man_00/purify/noise_0.01/edit_tau0.04_seed1.png,0.02587062492966652,0.07212504744529724,-0.04625442251563072,0,0.21743923425674438,0.23734882473945618,-0.019909590482711792
ip20_merged,man_00,man,apa,noise_0.01,noise,0.01,2,0.04,apa/man_00/purify/noise_0.01/edit_tau0.04_seed2.png,0.019265523180365562,0.07905416190624237,-0.05978863872587681,0,0.2235318273305893,0.24212266504764557,-0.018590837717056274
ip20_merged,man_00,man,apa,noise_0.01,noise,0.01,3,0.04,apa/man_00/purify/noise_0.01/edit_tau0.04_seed3.png,0.012907810509204865,0.07843814045190811,-0.06553032994270325,0,0.22149193286895752,0.23995958268642426,-0.018467649817466736
ip20_merged,man_00,man,apa,noise_0.01,noise,0.01,4,0.04,apa/man_00/purify/noise_0.01/edit_tau0.04_seed4.png,0.016722546890378,0.077058807015419,-0.06033626012504101,0,0.22061803936958313,0.23949028551578522,-0.018872246146202087
ip20_merged,man_00,man,apa,noise_0.02,noise,0.02,0,0.04,apa/man_00/purify/noise_0.02/edit_tau0.04_seed0.png,0.027964429929852486,0.07178929448127747,-0.04382486455142498,0,0.21489468216896057,0.2398655265569687,-0.024970844388008118
ip20_merged,man_00,man,apa,noise_0.02,noise,0.02,1,0.04,apa/man_00/purify/noise_0.02/edit_tau0.04_seed1.png,0.02524474449455738,0.07189586013555527,-0.04665111564099789,0,0.21642963588237762,0.23576340079307556,-0.019333764910697937
ip20_merged,man_00,man,apa,noise_0.02,noise,0.02,2,0.04,apa/man_00/purify/noise_0.02/edit_tau0.04_seed2.png,0.01603962853550911,0.0765460804104805,-0.06050645187497139,0,0.22389733791351318,0.24155506491661072,-0.017657727003097534
ip20_merged,man_00,man,apa,noise_0.02,noise,0.02,3,0.04,apa/man_00/purify/noise_0.02/edit_tau0.04_seed3.png,0.013721976429224014,0.07934993505477905,-0.06562795862555504,0,0.21968749165534973,0.23749865591526031,-0.017811164259910583
ip20_merged,man_00,man,apa,noise_0.02,noise,0.02,4,0.04,apa/man_00/purify/noise_0.02/edit_tau0.04_seed4.png,0.01695670560002327,0.07593463361263275,-0.05897792801260948,0,0.22032177448272705,0.2373948097229004,-0.01707303524017334
ip20_merged,man_00,man,apa,noise_0.04,noise,0.04,0,0.04,apa/man_00/purify/noise_0.04/edit_tau0.04_seed0.png,0.020596131682395935,0.07029037177562714,-0.0496942400932312,0,0.21386224031448364,0.234324112534523,-0.020461872220039368
ip20_merged,man_00,man,apa,noise_0.04,noise,0.04,1,0.04,apa/man_00/purify/noise_0.04/edit_tau0.04_seed1.png,0.024489039555191994,0.07018865644931793,-0.04569961689412594,0,0.21819104254245758,0.2359916865825653,-0.017800644040107727
ip20_merged,man_00,man,apa,noise_0.04,noise,0.04,2,0.04,apa/man_00/purify/noise_0.04/edit_tau0.04_seed2.png,0.0159568190574646,0.07184131443500519,-0.05588449537754059,0,0.2213689386844635,0.23736219108104706,-0.015993252396583557
ip20_merged,man_00,man,apa,noise_0.04,noise,0.04,3,0.04,apa/man_00/purify/noise_0.04/edit_tau0.04_seed3.png,0.016523728147149086,0.07504868507385254,-0.05852495692670345,0,0.22453221678733826,0.23606455326080322,-0.011532336473464966
ip20_merged,man_00,man,apa,noise_0.04,noise,0.04,4,0.04,apa/man_00/purify/noise_0.04/edit_tau0.04_seed4.png,0.019765159115195274,0.07211489230394363,-0.05234973318874836,0,0.22093042731285095,0.23276415467262268,-0.011833727359771729
ip20_merged,man_00,man,apa,noise_0.08,noise,0.08,0,0.04,apa/man_00/purify/noise_0.08/edit_tau0.04_seed0.png,0.02244158461689949,0.06259743869304657,-0.04015585407614708,0,0.21381047368049622,0.23145364224910736,-0.017643168568611145
ip20_merged,man_00,man,apa,noise_0.08,noise,0.08,1,0.04,apa/man_00/purify/noise_0.08/edit_tau0.04_seed1.png,0.03479260578751564,0.061143890023231506,-0.026351284235715866,0,0.21629178524017334,0.23220014572143555,-0.015908360481262207
ip20_merged,man_00,man,apa,noise_0.08,noise,0.08,2,0.04,apa/man_00/purify/noise_0.08/edit_tau0.04_seed2.png,0.02635188214480877,0.0655880719423294,-0.03923618979752064,0,0.2243705540895462,0.23613400757312775,-0.011763453483581543
ip20_merged,man_00,man,apa,noise_0.08,noise,0.08,3,0.04,apa/man_00/purify/noise_0.08/edit_tau0.04_seed3.png,0.02133634313941002,0.06910206377506256,-0.04776572063565254,0,0.21752479672431946,0.23294252157211304,-0.015417724847793579
ip20_merged,man_00,man,apa,noise_0.08,noise,0.08,4,0.04,apa/man_00/purify/noise_0.08/edit_tau0.04_seed4.png,0.02739737555384636,0.0636885017156601,-0.036291126161813736,0,0.21676763892173767,0.22892820835113525,-0.012160569429397583
ip20_merged,man_00,man,apa,quantize_16,quantize,16,0,0.04,apa/man_00/purify/quantize_16/edit_tau0.04_seed0.png,0.032990045845508575,0.06764452159404755,-0.03465447574853897,0,0.21540535986423492,0.22861292958259583,-0.013207569718360901
ip20_merged,man_00,man,apa,quantize_16,quantize,16,1,0.04,apa/man_00/purify/quantize_16/edit_tau0.04_seed1.png,0.021015534177422523,0.06375493109226227,-0.042739396914839745,0,0.21405409276485443,0.23232129216194153,-0.018267199397087097
ip20_merged,man_00,man,apa,quantize_16,quantize,16,2,0.04,apa/man_00/purify/quantize_16/edit_tau0.04_seed2.png,0.018111784011125565,0.06835636496543884,-0.05024458095431328,0,0.23371224105358124,0.2385738044977188,-0.004861563444137573
ip20_merged,man_00,man,apa,quantize_16,quantize,16,3,0.04,apa/man_00/purify/quantize_16/edit_tau0.04_seed3.png,0.020269371569156647,0.07110930234193802,-0.05083993077278137,0,0.22732022404670715,0.23772916197776794,-0.010408937931060791
ip20_merged,man_00,man,apa,quantize_16,quantize,16,4,0.04,apa/man_00/purify/quantize_16/edit_tau0.04_seed4.png,0.023587089031934738,0.070694699883461,-0.04710761085152626,0,0.2293802797794342,0.23926538228988647,-0.00988510251045227
ip20_merged,man_00,man,apa,quantize_32,quantize,32,0,0.04,apa/man_00/purify/quantize_32/edit_tau0.04_seed0.png,0.02454930543899536,0.07581102848052979,-0.051261723041534424,0,0.21459642052650452,0.23567460477352142,-0.021078184247016907
ip20_merged,man_00,man,apa,quantize_32,quantize,32,1,0.04,apa/man_00/purify/quantize_32/edit_tau0.04_seed1.png,0.02800457738339901,0.07188378274440765,-0.043879205361008644,0,0.21940939128398895,0.23704323172569275,-0.017633840441703796
ip20_merged,man_00,man,apa,quantize_32,quantize,32,2,0.04,apa/man_00/purify/quantize_32/edit_tau0.04_seed2.png,0.01834133453667164,0.07723475992679596,-0.05889342539012432,0,0.22611767053604126,0.2410648763179779,-0.014947205781936646
ip20_merged,man_00,man,apa,quantize_32,quantize,32,3,0.04,apa/man_00/purify/quantize_32/edit_tau0.04_seed3.png,0.017439961433410645,0.07686217874288559,-0.059422217309474945,0,0.22168882191181183,0.24006053805351257,-0.018371716141700745
ip20_merged,man_00,man,apa,quantize_32,quantize,32,4,0.04,apa/man_00/purify/quantize_32/edit_tau0.04_seed4.png,0.01892404817044735,0.07627826929092407,-0.05735422112047672,0,0.22494585812091827,0.23935344815254211,-0.01440759003162384
ip20_merged,man_00,man,apa,quantize_64,quantize,64,0,0.04,apa/man_00/purify/quantize_64/edit_tau0.04_seed0.png,0.023135384544730186,0.07408248633146286,-0.050947101786732674,0,0.21363955736160278,0.2396482229232788,-0.026008665561676025
ip20_merged,man_00,man,apa,quantize_64,quantize,64,1,0.04,apa/man_00/purify/quantize_64/edit_tau0.04_seed1.png,0.027046754956245422,0.07375179976224899,-0.04670504480600357,0,0.21723374724388123,0.23733669519424438,-0.02010294795036316
ip20_merged,man_00,man,apa,quantize_64,quantize,64,2,0.04,apa/man_00/purify/quantize_64/edit_tau0.04_seed2.png,0.02011716738343239,0.0776672512292862,-0.057550083845853806,0,0.22296267747879028,0.24246138334274292,-0.019498705863952637
ip20_merged,man_00,man,apa,quantize_64,quantize,64,3,0.04,apa/man_00/purify/quantize_64/edit_tau0.04_seed3.png,0.013699936680495739,0.0760224312543869,-0.06232249457389116,0,0.21996919810771942,0.24058133363723755,-0.020612135529518127
ip20_merged,man_00,man,apa,quantize_64,quantize,64,4,0.04,apa/man_00/purify/quantize_64/edit_tau0.04_seed4.png,0.019171880558133125,0.0752708911895752,-0.05609901063144207,0,0.22250497341156006,0.24015575647354126,-0.0176507830619812
ip20_merged,man_00,man,apa,quantize_8,quantize,8,0,0.04,apa/man_00/purify/quantize_8/edit_tau0.04_seed0.png,0.013067594729363918,0.06853047013282776,-0.05546287540346384,0,0.22130846977233887,0.23300021886825562,-0.011691749095916748
ip20_merged,man_00,man,apa,quantize_8,quantize,8,1,0.04,apa/man_00/purify/quantize_8/edit_tau0.04_seed1.png,0.01481719221919775,0.06289513409137726,-0.04807794187217951,0,0.21790850162506104,0.22571928799152374,-0.0078107863664627075
ip20_merged,man_00,man,apa,quantize_8,quantize,8,2,0.04,apa/man_00/purify/quantize_8/edit_tau0.04_seed2.png,0.01638808473944664,0.07014872878789902,-0.05376064404845238,0,0.22337356209754944,0.23077432811260223,-0.007400766015052795
ip20_merged,man_00,man,apa,quantize_8,quantize,8,3,0.04,apa/man_00/purify/quantize_8/edit_tau0.04_seed3.png,0.013441463001072407,0.07053224742412567,-0.057090784423053265,0,0.22180284559726715,0.23360267281532288,-0.011799827218055725
ip20_merged,man_00,man,apa,quantize_8,quantize,8,4,0.04,apa/man_00/purify/quantize_8/edit_tau0.04_seed4.png,0.013947879895567894,0.0705508440732956,-0.0566029641777277,0,0.22369560599327087,0.235744908452034,-0.012049302458763123
ip20_merged,man_00,man,Ra,adverse_cleaner_0,adverse_cleaner,0.0,0,0.04,Ra/man_00/purify/adverse_cleaner_0/edit_tau0.04_seed0.png,0.012138677760958672,0.07852132618427277,-0.0663826484233141,0,0.20633132755756378,0.23551951348781586,-0.029188185930252075
ip20_merged,man_00,man,Ra,adverse_cleaner_0,adverse_cleaner,0.0,1,0.04,Ra/man_00/purify/adverse_cleaner_0/edit_tau0.04_seed1.png,0.01563207432627678,0.08067313581705093,-0.06504106149077415,0,0.20319582521915436,0.23237107694149017,-0.029175251722335815
ip20_merged,man_00,man,Ra,adverse_cleaner_0,adverse_cleaner,0.0,2,0.04,Ra/man_00/purify/adverse_cleaner_0/edit_tau0.04_seed2.png,0.009057416580617428,0.07986791431903839,-0.07081049773842096,0,0.2222362905740738,0.24005508422851562,-0.017818793654441833
ip20_merged,man_00,man,Ra,adverse_cleaner_0,adverse_cleaner,0.0,3,0.04,Ra/man_00/purify/adverse_cleaner_0/edit_tau0.04_seed3.png,0.008184931240975857,0.07843612134456635,-0.07025119010359049,0,0.2233191430568695,0.2360408902168274,-0.012721747159957886
ip20_merged,man_00,man,Ra,adverse_cleaner_0,adverse_cleaner,0.0,4,0.04,Ra/man_00/purify/adverse_cleaner_0/edit_tau0.04_seed4.png,0.01052628643810749,0.07861489057540894,-0.06808860413730145,0,0.2213028371334076,0.2363230139017105,-0.015020176768302917
ip20_merged,man_00,man,Ra,blur_0.5,blur,0.5,0,0.04,Ra/man_00/purify/blur_0.5/edit_tau0.04_seed0.png,0.028114207088947296,0.07567311823368073,-0.04755891114473343,0,0.20363277196884155,0.23334261775016785,-0.029709845781326294
ip20_merged,man_00,man,Ra,blur_0.5,blur,0.5,1,0.04,Ra/man_00/purify/blur_0.5/edit_tau0.04_seed1.png,0.020469261333346367,0.07739554345607758,-0.05692628212273121,0,0.2118089497089386,0.2340395301580429,-0.02223058044910431
ip20_merged,man_00,man,Ra,blur_0.5,blur,0.5,2,0.04,Ra/man_00/purify/blur_0.5/edit_tau0.04_seed2.png,0.015013848431408405,0.08027368783950806,-0.06525983940809965,0,0.22486764192581177,0.2382318079471588,-0.013364166021347046
ip20_merged,man_00,man,Ra,blur_0.5,blur,0.5,3,0.04,Ra/man_00/purify/blur_0.5/edit_tau0.04_seed3.png,0.011191904544830322,0.07939883321523666,-0.06820692867040634,0,0.22341692447662354,0.23490680754184723,-0.011489883065223694
ip20_merged,man_00,man,Ra,blur_0.5,blur,0.5,4,0.04,Ra/man_00/purify/blur_0.5/edit_tau0.04_seed4.png,0.016549013555049896,0.0797840878367424,-0.0632350742816925,0,0.22282564640045166,0.23674136400222778,-0.013915717601776123
ip20_merged,man_00,man,Ra,blur_1,blur,1.0,0,0.04,Ra/man_00/purify/blur_1/edit_tau0.04_seed0.png,0.0262440238147974,0.07494376599788666,-0.048699742183089256,0,0.20439380407333374,0.23270532488822937,-0.02831152081489563
ip20_merged,man_00,man,Ra,blur_1,blur,1.0,1,0.04,Ra/man_00/purify/blur_1/edit_tau0.04_seed1.png,0.02229085937142372,0.07625120133161545,-0.05396034196019173,0,0.2105647623538971,0.23143847286701202,-0.02087371051311493
ip20_merged,man_00,man,Ra,blur_1,blur,1.0,2,0.04,Ra/man_00/purify/blur_1/edit_tau0.04_seed2.png,0.015052171424031258,0.07990680634975433,-0.06485463492572308,0,0.22591844201087952,0.24091637134552002,-0.014997929334640503
ip20_merged,man_00,man,Ra,blur_1,blur,1.0,3,0.04,Ra/man_00/purify/blur_1/edit_tau0.04_seed3.png,0.014138630591332912,0.07874821126461029,-0.06460958067327738,0,0.22606943547725677,0.23682843148708344,-0.01075899600982666
ip20_merged,man_00,man,Ra,blur_1,blur,1.0,4,0.04,Ra/man_00/purify/blur_1/edit_tau0.04_seed4.png,0.016307387501001358,0.07917492836713791,-0.06286754086613655,0,0.22494173049926758,0.23810754716396332,-0.01316581666469574
ip20_merged,man_00,man,Ra,blur_2,blur,2.0,0,0.04,Ra/man_00/purify/blur_2/edit_tau0.04_seed0.png,0.02833021804690361,0.07961905002593994,-0.05128883197903633,0,0.21207252144813538,0.23449471592903137,-0.022422194480895996
ip20_merged,man_00,man,Ra,blur_2,blur,2.0,1,0.04,Ra/man_00/purify/blur_2/edit_tau0.04_seed1.png,0.034276507794857025,0.07946538180112839,-0.04518887400627136,0,0.2028704583644867,0.22903144359588623,-0.026160985231399536
ip20_merged,man_00,man,Ra,blur_2,blur,2.0,2,0.04,Ra/man_00/purify/blur_2/edit_tau0.04_seed2.png,0.023543160408735275,0.07673624902963638,-0.05319308862090111,0,0.2307053506374359,0.24417448043823242,-0.013469129800796509
ip20_merged,man_00,man,Ra,blur_2,blur,2.0,3,0.04,Ra/man_00/purify/blur_2/edit_tau0.04_seed3.png,0.01988092251121998,0.07656678557395935,-0.05668586306273937,0,0.23077049851417542,0.24010610580444336,-0.009335607290267944
ip20_merged,man_00,man,Ra,blur_2,blur,2.0,4,0.04,Ra/man_00/purify/blur_2/edit_tau0.04_seed4.png,0.024185895919799805,0.07749610394239426,-0.05331020802259445,0,0.2288794368505478,0.23964186012744904,-0.010762423276901245
ip20_merged,man_00,man,Ra,blur_3,blur,3.0,0,0.04,Ra/man_00/purify/blur_3/edit_tau0.04_seed0.png,0.03350459039211273,0.08044084906578064,-0.04693625867366791,0,0.1999821960926056,0.2172565460205078,-0.01727434992790222
ip20_merged,man_00,man,Ra,blur_3,blur,3.0,1,0.04,Ra/man_00/purify/blur_3/edit_tau0.04_seed1.png,0.023320268839597702,0.07697299122810364,-0.053652722388505936,0,0.2058669477701187,0.22741906344890594,-0.02155211567878723
ip20_merged,man_00,man,Ra,blur_3,blur,3.0,2,0.04,Ra/man_00/purify/blur_3/edit_tau0.04_seed2.png,0.0176248662173748,0.07663744688034058,-0.059012580662965775,0,0.2278856337070465,0.2444414347410202,-0.016555801033973694
ip20_merged,man_00,man,Ra,blur_3,blur,3.0,3,0.04,Ra/man_00/purify/blur_3/edit_tau0.04_seed3.png,0.015420283190906048,0.07255760580301285,-0.0571373226121068,0,0.22401463985443115,0.23937711119651794,-0.015362471342086792
ip20_merged,man_00,man,Ra,blur_3,blur,3.0,4,0.04,Ra/man_00/purify/blur_3/edit_tau0.04_seed4.png,0.016629677265882492,0.07646271586418152,-0.059833038598299026,0,0.22611868381500244,0.24010533094406128,-0.013986647129058838
ip20_merged,man_00,man,Ra,crop_resize_0.1,crop_resize,0.1,0,0.04,Ra/man_00/purify/crop_resize_0.1/edit_tau0.04_seed0.png,0.01379501260817051,0.07057321071624756,-0.05677819810807705,0,0.2189255952835083,0.24556341767311096,-0.02663782238960266
ip20_merged,man_00,man,Ra,crop_resize_0.1,crop_resize,0.1,1,0.04,Ra/man_00/purify/crop_resize_0.1/edit_tau0.04_seed1.png,0.009171986021101475,0.06716974079608917,-0.0579977547749877,0,0.2188398241996765,0.24037793278694153,-0.021538108587265015
ip20_merged,man_00,man,Ra,crop_resize_0.1,crop_resize,0.1,2,0.04,Ra/man_00/purify/crop_resize_0.1/edit_tau0.04_seed2.png,0.019413400441408157,0.07642009854316711,-0.05700669810175896,0,0.2216864675283432,0.24516019225120544,-0.023473724722862244
ip20_merged,man_00,man,Ra,crop_resize_0.1,crop_resize,0.1,3,0.04,Ra/man_00/purify/crop_resize_0.1/edit_tau0.04_seed3.png,0.01255708932876587,0.07582282274961472,-0.06326573342084885,0,0.21632012724876404,0.24121680855751038,-0.024896681308746338
ip20_merged,man_00,man,Ra,crop_resize_0.1,crop_resize,0.1,4,0.04,Ra/man_00/purify/crop_resize_0.1/edit_tau0.04_seed4.png,0.01165038999170065,0.07561074942350388,-0.06396035943180323,0,0.22150593996047974,0.24319332838058472,-0.02168738842010498
ip20_merged,man_00,man,Ra,diffpure_150,diffpure,150,0,0.04,Ra/man_00/purify/diffpure_150/edit_tau0.04_seed0.png,0.0313810333609581,0.07419206202030182,-0.04281102865934372,0,0.21456378698349,0.23323380947113037,-0.01867002248764038
ip20_merged,man_00,man,Ra,diffpure_150,diffpure,150,1,0.04,Ra/man_00/purify/diffpure_150/edit_tau0.04_seed1.png,0.028140980750322342,0.07555721700191498,-0.047416236251592636,0,0.2153988480567932,0.24173060059547424,-0.02633175253868103
ip20_merged,man_00,man,Ra,diffpure_150,diffpure,150,2,0.04,Ra/man_00/purify/diffpure_150/edit_tau0.04_seed2.png,0.029793772846460342,0.07386979460716248,-0.04407602176070213,0,0.2266530841588974,0.24117566645145416,-0.014522582292556763
ip20_merged,man_00,man,Ra,diffpure_150,diffpure,150,3,0.04,Ra/man_00/purify/diffpure_150/edit_tau0.04_seed3.png,0.018962396308779716,0.07773047685623169,-0.05876808054745197,0,0.22435975074768066,0.24065881967544556,-0.016299068927764893
ip20_merged,man_00,man,Ra,diffpure_150,diffpure,150,4,0.04,Ra/man_00/purify/diffpure_150/edit_tau0.04_seed4.png,0.015471605584025383,0.07408387213945389,-0.058612266555428505,0,0.23102958500385284,0.24736765027046204,-0.016338065266609192
ip20_merged,man_00,man,Ra,identity_0,identity,0.0,0,0.04,Ra/man_00/purify/identity_0/edit_tau0.04_seed0.png,0.025024117901921272,0.07597368210554123,-0.05094956420361996,0,0.2049618363380432,0.2352551519870758,-0.030293315649032593
ip20_merged,man_00,man,Ra,identity_0,identity,0.0,1,0.04,Ra/man_00/purify/identity_0/edit_tau0.04_seed1.png,0.020962640643119812,0.0772436261177063,-0.05628098547458649,0,0.21120557188987732,0.2349730134010315,-0.023767441511154175
ip20_merged,man_00,man,Ra,identity_0,identity,0.0,2,0.04,Ra/man_00/purify/identity_0/edit_tau0.04_seed2.png,0.014264371246099472,0.08045121282339096,-0.06618684157729149,0,0.2234327793121338,0.2372858226299286,-0.0138530433177948
ip20_merged,man_00,man,Ra,identity_0,identity,0.0,3,0.04,Ra/man_00/purify/identity_0/edit_tau0.04_seed3.png,0.009032326750457287,0.07942703366279602,-0.07039470691233873,0,0.2236156016588211,0.2347750961780548,-0.011159494519233704
ip20_merged,man_00,man,Ra,identity_0,identity,0.0,4,0.04,Ra/man_00/purify/identity_0/edit_tau0.04_seed4.png,0.015960101038217545,0.07964949309825897,-0.06368939206004143,0,0.22225792706012726,0.23587721586227417,-0.013619288802146912
ip20_merged,man_00,man,Ra,jpeg_30,jpeg,30,0,0.04,Ra/man_00/purify/jpeg_30/edit_tau0.04_seed0.png,0.03172316774725914,0.06936952471733093,-0.03764635697007179,0,0.2057105451822281,0.23383517563343048,-0.028124630451202393
ip20_merged,man_00,man,Ra,jpeg_30,jpeg,30,1,0.04,Ra/man_00/purify/jpeg_30/edit_tau0.04_seed1.png,0.034713514149188995,0.07780002802610397,-0.04308651387691498,0,0.21114712953567505,0.23864993453025818,-0.02750280499458313
ip20_merged,man_00,man,Ra,jpeg_30,jpeg,30,2,0.04,Ra/man_00/purify/jpeg_30/edit_tau0.04_seed2.png,0.020034704357385635,0.07826095819473267,-0.05822625383734703,0,0.23382332921028137,0.24110671877861023,-0.007283389568328857
ip20_merged,man_00,man,Ra,jpeg_30,jpeg,30,3,0.04,Ra/man_00/purify/jpeg_30/edit_tau0.04_seed3.png,0.016128575429320335,0.07588279247283936,-0.05975421704351902,0,0.23336808383464813,0.23955605924129486,-0.0061879754066467285
ip20_merged,man_00,man,Ra,jpeg_30,jpeg,30,4,0.04,Ra/man_00/purify/jpeg_30/edit_tau0.04_seed4.png,0.01797099970281124,0.07722252607345581,-0.05925152637064457,0,0.2334940880537033,0.23963946104049683,-0.006145372986793518
ip20_merged,man_00,man,Ra,jpeg_75,jpeg,75,0,0.04,Ra/man_00/purify/jpeg_75/edit_tau0.04_seed0.png,0.02715028077363968,0.07411062717437744,-0.04696034640073776,0,0.2072829306125641,0.23715472221374512,-0.02987179160118103
ip20_merged,man_00,man,Ra,jpeg_75,jpeg,75,1,0.04,Ra/man_00/purify/jpeg_75/edit_tau0.04_seed1.png,0.022144652903079987,0.0754070058465004,-0.05326235294342041,0,0.21431931853294373,0.23630642890930176,-0.021987110376358032
ip20_merged,man_00,man,Ra,jpeg_75,jpeg,75,2,0.04,Ra/man_00/purify/jpeg_75/edit_tau0.04_seed2.png,0.014962518587708473,0.078597292304039,-0.06363477371633053,0,0.22791321575641632,0.23902079463005066,-0.011107578873634338
ip20_merged,man_00,man,Ra,jpeg_75,jpeg,75,3,0.04,Ra/man_00/purify/jpeg_75/edit_tau0.04_seed3.png,0.012669241055846214,0.07796722650527954,-0.06529798544943333,0,0.2263689488172531,0.2360590100288391,-0.009690061211585999
ip20_merged,man_00,man,Ra,jpeg_75,jpeg,75,4,0.04,Ra/man_00/purify/jpeg_75/edit_tau0.04_seed4.png,0.017149358987808228,0.0783403068780899,-0.06119094789028168,0,0.22347697615623474,0.2362295389175415,-0.012752562761306763
ip20_merged,man_00,man,Ra,noise_0.01,noise,0.01,0,0.04,Ra/man_00/purify/noise_0.01/edit_tau0.04_seed0.png,0.023133374750614166,0.07455170154571533,-0.051418326795101166,0,0.20438407361507416,0.23570483922958374,-0.03132076561450958
ip20_merged,man_00,man,Ra,noise_0.01,noise,0.01,1,0.04,Ra/man_00/purify/noise_0.01/edit_tau0.04_seed1.png,0.026732750236988068,0.0762791857123375,-0.049546435475349426,0,0.20971238613128662,0.2349175065755844,-0.02520512044429779
ip20_merged,man_00,man,Ra,noise_0.01,noise,0.01,2,0.04,Ra/man_00/purify/noise_0.01/edit_tau0.04_seed2.png,0.016053378582000732,0.07917724549770355,-0.06312386691570282,0,0.21727463603019714,0.24067285656929016,-0.023398220539093018
ip20_merged,man_00,man,Ra,noise_0.01,noise,0.01,3,0.04,Ra/man_00/purify/noise_0.01/edit_tau0.04_seed3.png,0.009181419387459755,0.08140595257282257,-0.07222453318536282,0,0.22259843349456787,0.23545970022678375,-0.012861266732215881
ip20_merged,man_00,man,Ra,noise_0.01,noise,0.01,4,0.04,Ra/man_00/purify/noise_0.01/edit_tau0.04_seed4.png,0.011228981427848339,0.07886678725481033,-0.067637805826962,0,0.2265845090150833,0.23619958758354187,-0.009615078568458557
ip20_merged,man_00,man,Ra,noise_0.02,noise,0.02,0,0.04,Ra/man_00/purify/noise_0.02/edit_tau0.04_seed0.png,0.023446546867489815,0.0748191773891449,-0.05137263052165508,0,0.2105344831943512,0.2364836484193802,-0.02594916522502899
ip20_merged,man_00,man,Ra,noise_0.02,noise,0.02,1,0.04,Ra/man_00/purify/noise_0.02/edit_tau0.04_seed1.png,0.01988058350980282,0.07591041922569275,-0.05602983571588993,0,0.2150765359401703,0.23523351550102234,-0.02015697956085205
ip20_merged,man_00,man,Ra,noise_0.02,noise,0.02,2,0.04,Ra/man_00/purify/noise_0.02/edit_tau0.04_seed2.png,0.015611700713634491,0.07841925323009491,-0.06280755251646042,0,0.22362253069877625,0.24222934246063232,-0.01860681176185608
ip20_merged,man_00,man,Ra,noise_0.02,noise,0.02,3,0.04,Ra/man_00/purify/noise_0.02/edit_tau0.04_seed3.png,0.006636045873165131,0.08066131174564362,-0.07402526587247849,0,0.22340230643749237,0.23352177441120148,-0.010119467973709106
ip20_merged,man_00,man,Ra,noise_0.02,noise,0.02,4,0.04,Ra/man_00/purify/noise_0.02/edit_tau0.04_seed4.png,0.009775749407708645,0.07862046360969543,-0.06884471420198679,0,0.22741584479808807,0.2357715517282486,-0.008355706930160522
ip20_merged,man_00,man,Ra,noise_0.04,noise,0.04,0,0.04,Ra/man_00/purify/noise_0.04/edit_tau0.04_seed0.png,0.018423179164528847,0.07281695306301117,-0.05439377389848232,0,0.21585136651992798,0.23282739520072937,-0.01697602868080139
ip20_merged,man_00,man,Ra,noise_0.04,noise,0.04,1,0.04,Ra/man_00/purify/noise_0.04/edit_tau0.04_seed1.png,0.012508248910307884,0.07286480069160461,-0.06035655178129673,0,0.2180868685245514,0.2337665855884552,-0.01567971706390381
ip20_merged,man_00,man,Ra,noise_0.04,noise,0.04,2,0.04,Ra/man_00/purify/noise_0.04/edit_tau0.04_seed2.png,0.008632428012788296,0.07362866401672363,-0.06499623600393534,0,0.2200431376695633,0.2385408580303192,-0.01849772036075592
ip20_merged,man_00,man,Ra,noise_0.04,noise,0.04,3,0.04,Ra/man_00/purify/noise_0.04/edit_tau0.04_seed3.png,0.006419336423277855,0.07688244432210922,-0.07046310789883137,0,0.2235475480556488,0.2321147918701172,-0.008567243814468384
ip20_merged,man_00,man,Ra,noise_0.04,noise,0.04,4,0.04,Ra/man_00/purify/noise_0.04/edit_tau0.04_seed4.png,0.008719570934772491,0.0757492333650589,-0.06702966243028641,0,0.2254016101360321,0.2332323044538498,-0.007830694317817688
ip20_merged,man_00,man,Ra,noise_0.08,noise,0.08,0,0.04,Ra/man_00/purify/noise_0.08/edit_tau0.04_seed0.png,0.01599382609128952,0.0667228102684021,-0.05072898417711258,0,0.21451959013938904,0.2321961522102356,-0.017676562070846558
ip20_merged,man_00,man,Ra,noise_0.08,noise,0.08,1,0.04,Ra/man_00/purify/noise_0.08/edit_tau0.04_seed1.png,0.01398283801972866,0.06530962884426117,-0.05132679082453251,0,0.21804502606391907,0.2328447699546814,-0.014799743890762329
ip20_merged,man_00,man,Ra,noise_0.08,noise,0.08,2,0.04,Ra/man_00/purify/noise_0.08/edit_tau0.04_seed2.png,0.007857464253902435,0.06901642680168152,-0.06115896254777908,0,0.2275318205356598,0.23422996699810028,-0.006698146462440491
ip20_merged,man_00,man,Ra,noise_0.08,noise,0.08,3,0.04,Ra/man_00/purify/noise_0.08/edit_tau0.04_seed3.png,0.0077714938670396805,0.06867257505655289,-0.060901081189513206,0,0.2206367701292038,0.23031237721443176,-0.009675607085227966
ip20_merged,man_00,man,Ra,noise_0.08,noise,0.08,4,0.04,Ra/man_00/purify/noise_0.08/edit_tau0.04_seed4.png,0.010669763199985027,0.0687239021062851,-0.05805413890630007,0,0.2235548496246338,0.23246070742607117,-0.008905857801437378
ip20_merged,man_00,man,Ra,quantize_16,quantize,16,0,0.04,Ra/man_00/purify/quantize_16/edit_tau0.04_seed0.png,0.016208447515964508,0.06772024184465408,-0.051511794328689575,0,0.22178828716278076,0.2332126498222351,-0.011424362659454346
ip20_merged,man_00,man,Ra,quantize_16,quantize,16,1,0.04,Ra/man_00/purify/quantize_16/edit_tau0.04_seed1.png,0.02934974618256092,0.06449727714061737,-0.03514753095805645,0,0.21563339233398438,0.23202523589134216,-0.016391843557357788
ip20_merged,man_00,man,Ra,quantize_16,quantize,16,2,0.04,Ra/man_00/purify/quantize_16/edit_tau0.04_seed2.png,0.01227528229355812,0.06934896111488342,-0.0570736788213253,0,0.23296724259853363,0.23782318830490112,-0.004855945706367493
ip20_merged,man_00,man,Ra,quantize_16,quantize,16,3,0.04,Ra/man_00/purify/quantize_16/edit_tau0.04_seed3.png,0.009998081251978874,0.07078743726015091,-0.060789356008172035,0,0.23272767663002014,0.2356349676847458,-0.002907291054725647
ip20_merged,man_00,man,Ra,quantize_16,quantize,16,4,0.04,Ra/man_00/purify/quantize_16/edit_tau0.04_seed4.png,0.01611759141087532,0.07335282117128372,-0.0572352297604084,0,0.23635990917682648,0.23925285041332245,-0.0028929412364959717
ip20_merged,man_00,man,Ra,quantize_32,quantize,32,0,0.04,Ra/man_00/purify/quantize_32/edit_tau0.04_seed0.png,0.029718223959207535,0.0767911747097969,-0.04707295075058937,0,0.20899653434753418,0.23427850008010864,-0.025281965732574463
ip20_merged,man_00,man,Ra,quantize_32,quantize,32,1,0.04,Ra/man_00/purify/quantize_32/edit_tau0.04_seed1.png,0.022228507325053215,0.07530800998210907,-0.053079502657055855,0,0.2107102870941162,0.23394648730754852,-0.023236200213432312
ip20_merged,man_00,man,Ra,quantize_32,quantize,32,2,0.04,Ra/man_00/purify/quantize_32/edit_tau0.04_seed2.png,0.013781758956611156,0.07983031123876572,-0.06604855228215456,0,0.2311938852071762,0.2390826791524887,-0.0078887939453125
ip20_merged,man_00,man,Ra,quantize_32,quantize,32,3,0.04,Ra/man_00/purify/quantize_32/edit_tau0.04_seed3.png,0.008631334640085697,0.07859930396080017,-0.06996796932071447,0,0.22936901450157166,0.23733414709568024,-0.007965132594108582
ip20_merged,man_00,man,Ra,quantize_32,quantize,32,4,0.04,Ra/man_00/purify/quantize_32/edit_tau0.04_seed4.png,0.010835750959813595,0.0781392753124237,-0.06730352435261011,0,0.23139120638370514,0.23824021220207214,-0.006849005818367004
ip20_merged,man_00,man,Ra,quantize_64,quantize,64,0,0.04,Ra/man_00/purify/quantize_64/edit_tau0.04_seed0.png,0.02527814731001854,0.07545969635248184,-0.0501815490424633,0,0.20427709817886353,0.23569777607917786,-0.03142067790031433
ip20_merged,man_00,man,Ra,quantize_64,quantize,64,1,0.04,Ra/man_00/purify/quantize_64/edit_tau0.04_seed1.png,0.021874425932765007,0.0773504227399826,-0.0554759968072176,0,0.21280252933502197,0.23611989617347717,-0.0233173668384552
ip20_merged,man_00,man,Ra,quantize_64,quantize,64,2,0.04,Ra/man_00/purify/quantize_64/edit_tau0.04_seed2.png,0.017192931845784187,0.0805656909942627,-0.06337275914847851,0,0.22641202807426453,0.23777781426906586,-0.01136578619480133
ip20_merged,man_00,man,Ra,quantize_64,quantize,64,3,0.04,Ra/man_00/purify/quantize_64/edit_tau0.04_seed3.png,0.01020929217338562,0.08016788959503174,-0.06995859742164612,0,0.22563862800598145,0.23613762855529785,-0.010499000549316406
ip20_merged,man_00,man,Ra,quantize_64,quantize,64,4,0.04,Ra/man_00/purify/quantize_64/edit_tau0.04_seed4.png,0.014244969002902508,0.07974834740161896,-0.06550337839871645,0,0.22592200338840485,0.23713929951190948,-0.011217296123504639
ip20_merged,man_00,man,Ra,quantize_8,quantize,8,0,0.04,Ra/man_00/purify/quantize_8/edit_tau0.04_seed0.png,0.007185833528637886,0.06981713324785233,-0.06263129971921444,0,0.21794980764389038,0.22291885316371918,-0.004969045519828796
ip20_merged,man_00,man,Ra,quantize_8,quantize,8,1,0.04,Ra/man_00/purify/quantize_8/edit_tau0.04_seed1.png,0.010804516263306141,0.07185545563697815,-0.06105093937367201,0,0.21660985052585602,0.22540181875228882,-0.0087919682264328
ip20_merged,man_00,man,Ra,quantize_8,quantize,8,2,0.04,Ra/man_00/purify/quantize_8/edit_tau0.04_seed2.png,0.008453378453850746,0.07117890566587448,-0.06272552721202374,0,0.22544756531715393,0.2273142784833908,-0.0018667131662368774
ip20_merged,man_00,man,Ra,quantize_8,quantize,8,3,0.04,Ra/man_00/purify/quantize_8/edit_tau0.04_seed3.png,0.010427871719002724,0.07101306319236755,-0.06058519147336483,0,0.21894776821136475,0.2243485003709793,-0.005400732159614563
ip20_merged,man_00,man,Ra,quantize_8,quantize,8,4,0.04,Ra/man_00/purify/quantize_8/edit_tau0.04_seed4.png,0.009416824206709862,0.07012267410755157,-0.06070584990084171,0,0.22216647863388062,0.22912614047527313,-0.006959661841392517
ip20_merged,man_00,man,photoguard_c,adverse_cleaner_0,adverse_cleaner,0.0,0,0.04,photoguard_c/man_00/purify/adverse_cleaner_0/edit_tau0.04_seed0.png,0.017232635989785194,0.06622275710105896,-0.048990121111273766,0,0.19515760242938995,0.23245030641555786,-0.03729270398616791
ip20_merged,man_00,man,photoguard_c,adverse_cleaner_0,adverse_cleaner,0.0,1,0.04,photoguard_c/man_00/purify/adverse_cleaner_0/edit_tau0.04_seed1.png,0.029060667380690575,0.06790301203727722,-0.03884234465658665,0,0.19247698783874512,0.2284168303012848,-0.03593984246253967
ip20_merged,man_00,man,photoguard_c,adverse_cleaner_0,adverse_cleaner,0.0,2,0.04,photoguard_c/man_00/purify/adverse_cleaner_0/edit_tau0.04_seed2.png,0.01944793201982975,0.07252928614616394,-0.05308135412633419,0,0.19790586829185486,0.23077574372291565,-0.03286987543106079
ip20_merged,man_00,man,photoguard_c,adverse_cleaner_0,adverse_cleaner,0.0,3,0.04,photoguard_c/man_00/purify/adverse_cleaner_0/edit_tau0.04_seed3.png,0.013049726374447346,0.07019620388746262,-0.05714647751301527,0,0.21660931408405304,0.23543518781661987,-0.018825873732566833
ip20_merged,man_00,man,photoguard_c,adverse_cleaner_0,adverse_cleaner,0.0,4,0.04,photoguard_c/man_00/purify/adverse_cleaner_0/edit_tau0.04_seed4.png,0.013769211247563362,0.06988818943500519,-0.056118978187441826,0,0.20988169312477112,0.23305603861808777,-0.02317434549331665
ip20_merged,man_00,man,photoguard_c,blur_0.5,blur,0.5,0,0.04,photoguard_c/man_00/purify/blur_0.5/edit_tau0.04_seed0.png,0.03921329230070114,0.07407397776842117,-0.03486068546772003,0,0.19789114594459534,0.23300571739673615,-0.03511457145214081
ip20_merged,man_00,man,photoguard_c,blur_0.5,blur,0.5,1,0.04,photoguard_c/man_00/purify/blur_0.5/edit_tau0.04_seed1.png,0.0285517368465662,0.06981666386127472,-0.04126492701470852,0,0.20692051947116852,0.23125001788139343,-0.024329498410224915
ip20_merged,man_00,man,photoguard_c,blur_0.5,blur,0.5,2,0.04,photoguard_c/man_00/purify/blur_0.5/edit_tau0.04_seed2.png,0.035635337233543396,0.07311324775218964,-0.03747791051864624,0,0.19729015231132507,0.22914621233940125,-0.03185606002807617
ip20_merged,man_00,man,photoguard_c,blur_0.5,blur,0.5,3,0.04,photoguard_c/man_00/purify/blur_0.5/edit_tau0.04_seed3.png,0.02470766380429268,0.07000038027763367,-0.04529271647334099,0,0.21044515073299408,0.23379120230674744,-0.023346051573753357
ip20_merged,man_00,man,photoguard_c,blur_0.5,blur,0.5,4,0.04,photoguard_c/man_00/purify/blur_0.5/edit_tau0.04_seed4.png,0.04400353878736496,0.07329540699720383,-0.029291868209838867,0,0.1990540623664856,0.2296377420425415,-0.030583679676055908
ip20_merged,man_00,man,photoguard_c,blur_1,blur,1.0,0,0.04,photoguard_c/man_00/purify/blur_1/edit_tau0.04_seed0.png,0.020792219787836075,0.07559499889612198,-0.054802779108285904,0,0.215535968542099,0.23480471968650818,-0.01926875114440918
ip20_merged,man_00,man,photoguard_c,blur_1,blur,1.0,1,0.04,photoguard_c/man_00/purify/blur_1/edit_tau0.04_seed1.png,0.026258783414959908,0.07241185009479523,-0.04615306667983532,0,0.20126667618751526,0.22833330929279327,-0.027066633105278015
ip20_merged,man_00,man,photoguard_c,blur_1,blur,1.0,2,0.04,photoguard_c/man_00/purify/blur_1/edit_tau0.04_seed2.png,0.022631477564573288,0.0704672634601593,-0.047835785895586014,0,0.21922147274017334,0.23953469097614288,-0.020313218235969543
ip20_merged,man_00,man,photoguard_c,blur_1,blur,1.0,3,0.04,photoguard_c/man_00/purify/blur_1/edit_tau0.04_seed3.png,0.015930598601698875,0.07625819742679596,-0.060327598825097084,0,0.22695478796958923,0.23462331295013428,-0.007668524980545044
ip20_merged,man_00,man,photoguard_c,blur_1,blur,1.0,4,0.04,photoguard_c/man_00/purify/blur_1/edit_tau0.04_seed4.png,0.019997678697109222,0.07577774673700333,-0.055780068039894104,0,0.2293485850095749,0.2338627278804779,-0.004514142870903015
ip20_merged,man_00,man,photoguard_c,blur_2,blur,2.0,0,0.04,photoguard_c/man_00/purify/blur_2/edit_tau0.04_seed0.png,0.012941394001245499,0.07483670115470886,-0.061895307153463364,0,0.20039722323417664,0.22184978425502777,-0.021452561020851135
ip20_merged,man_00,man,photoguard_c,blur_2,blur,2.0,1,0.04,photoguard_c/man_00/purify/blur_2/edit_tau0.04_seed1.png,0.014582798816263676,0.07183880358934402,-0.05725600477308035,0,0.20675599575042725,0.23382334411144257,-0.02706734836101532
ip20_merged,man_00,man,photoguard_c,blur_2,blur,2.0,2,0.04,photoguard_c/man_00/purify/blur_2/edit_tau0.04_seed2.png,0.013692368753254414,0.06841596215963364,-0.05472359340637922,0,0.22090288996696472,0.24001705646514893,-0.019114166498184204
ip20_merged,man_00,man,photoguard_c,blur_2,blur,2.0,3,0.04,photoguard_c/man_00/purify/blur_2/edit_tau0.04_seed3.png,0.008221037685871124,0.07158516347408295,-0.06336412578821182,0,0.21563281118869781,0.23426735401153564,-0.01863454282283783
ip20_merged,man_00,man,photoguard_c,blur_2,blur,2.0,4,0.04,photoguard_c/man_00/purify/blur_2/edit_tau0.04_seed4.png,0.012024536728858948,0.07232886552810669,-0.06030432879924774,0,0.21680006384849548,0.23849500715732574,-0.02169494330883026
ip20_merged,man_00,man,photoguard_c,blur_3,blur,3.0,0,0.04,photoguard_c/man_00/purify/blur_3/edit_tau0.04_seed0.png,0.01726001873612404,0.07982286810874939,-0.06256284937262535,0,0.19174924492835999,0.21262677013874054,-0.020877525210380554
ip20_merged,man_00,man,photoguard_c,blur_3,blur,3.0,1,0.04,photoguard_c/man_00/purify/blur_3/edit_tau0.04_seed1.png,0.01747865229845047,0.07892483472824097,-0.0614461824297905,0,0.20865550637245178,0.23062781989574432,-0.02197231352329254
ip20_merged,man_00,man,photoguard_c,blur_3,blur,3.0,2,0.04,photoguard_c/man_00/purify/blur_3/edit_tau0.04_seed2.png,0.015188583172857761,0.07290995121002197,-0.05772136803716421,0,0.22292852401733398,0.24357375502586365,-0.020645231008529663
ip20_merged,man_00,man,photoguard_c,blur_3,blur,3.0,3,0.04,photoguard_c/man_00/purify/blur_3/edit_tau0.04_seed3.png,0.005929985083639622,0.06953153014183044,-0.06360154505819082,0,0.21726424992084503,0.23510326445102692,-0.017839014530181885
ip20_merged,man_00,man,photoguard_c,blur_3,blur,3.0,4,0.04,photoguard_c/man_00/purify/blur_3/edit_tau0.04_seed4.png,-0.002901459112763405,0.0671716183423996,-0.070073077455163,0,0.21376647055149078,0.23336756229400635,-0.019601091742515564
ip20_merged,man_00,man,photoguard_c,crop_resize_0.1,crop_resize,0.1,0,0.04,photoguard_c/man_00/purify/crop_resize_0.1/edit_tau0.04_seed0.png,0.044365063309669495,0.04936303198337555,-0.004997968673706055,0,0.23676079511642456,0.24641594290733337,-0.009655147790908813
ip20_merged,man_00,man,photoguard_c,crop_resize_0.1,crop_resize,0.1,1,0.04,photoguard_c/man_00/purify/crop_resize_0.1/edit_tau0.04_seed1.png,0.015327027067542076,0.05941784754395485,-0.04409082047641277,0,0.217375248670578,0.24341389536857605,-0.026038646697998047
ip20_merged,man_00,man,photoguard_c,crop_resize_0.1,crop_resize,0.1,2,0.04,photoguard_c/man_00/purify/crop_resize_0.1/edit_tau0.04_seed2.png,0.03973517194390297,0.049347229301929474,-0.009612057358026505,0,0.22799649834632874,0.24373602867126465,-0.015739530324935913
ip20_merged,man_00,man,photoguard_c,crop_resize_0.1,crop_resize,0.1,3,0.04,photoguard_c/man_00/purify/crop_resize_0.1/edit_tau0.04_seed3.png,0.038389623165130615,0.05933138728141785,-0.02094176411628723,0,0.23010149598121643,0.23994731903076172,-0.009845823049545288
ip20_merged,man_00,man,photoguard_c,crop_resize_0.1,crop_resize,0.1,4,0.04,photoguard_c/man_00/purify/crop_resize_0.1/edit_tau0.04_seed4.png,0.024232273921370506,0.06040731072425842,-0.03617503680288792,0,0.22789224982261658,0.24377912282943726,-0.01588687300682068
ip20_merged,man_00,man,photoguard_c,diffpure_150,diffpure,150,0,0.04,photoguard_c/man_00/purify/diffpure_150/edit_tau0.04_seed0.png,0.04210252687335014,0.06597717106342316,-0.023874644190073013,0,0.2077031284570694,0.23781228065490723,-0.03010915219783783
ip20_merged,man_00,man,photoguard_c,diffpure_150,diffpure,150,1,0.04,photoguard_c/man_00/purify/diffpure_150/edit_tau0.04_seed1.png,0.025286970660090446,0.07598046213388443,-0.05069349147379398,0,0.20529207587242126,0.2365145981311798,-0.031222522258758545
ip20_merged,man_00,man,photoguard_c,diffpure_150,diffpure,150,2,0.04,photoguard_c/man_00/purify/diffpure_150/edit_tau0.04_seed2.png,0.015300940722227097,0.07260662317276001,-0.05730568245053291,0,0.23189467191696167,0.24130034446716309,-0.009405672550201416
ip20_merged,man_00,man,photoguard_c,diffpure_150,diffpure,150,3,0.04,photoguard_c/man_00/purify/diffpure_150/edit_tau0.04_seed3.png,0.016540564596652985,0.0783151239156723,-0.06177455931901932,0,0.23380228877067566,0.2455970048904419,-0.011794716119766235
ip20_merged,man_00,man,photoguard_c,diffpure_150,diffpure,150,4,0.04,photoguard_c/man_00/purify/diffpure_150/edit_tau0.04_seed4.png,0.015168152749538422,0.07191932201385498,-0.05675116926431656,0,0.2262551635503769,0.24073614180088043,-0.01448097825050354
ip20_merged,man_00,man,photoguard_c,identity_0,identity,0.0,0,0.04,photoguard_c/man_00/purify/identity_0/edit_tau0.04_seed0.png,0.04220012202858925,0.06722137331962585,-0.025021251291036606,0,0.20184582471847534,0.23554760217666626,-0.03370177745819092
ip20_merged,man_00,man,photoguard_c,identity_0,identity,0.0,1,0.04,photoguard_c/man_00/purify/identity_0/edit_tau0.04_seed1.png,0.03277074545621872,0.061140887439250946,-0.028370141983032227,0,0.20598524808883667,0.2330128401517868,-0.027027592062950134
ip20_merged,man_00,man,photoguard_c,identity_0,identity,0.0,2,0.04,photoguard_c/man_00/purify/identity_0/edit_tau0.04_seed2.png,0.02636929228901863,0.06446132808923721,-0.03809203580021858,0,0.20386570692062378,0.23480528593063354,-0.030939579010009766
ip20_merged,man_00,man,photoguard_c,identity_0,identity,0.0,3,0.04,photoguard_c/man_00/purify/identity_0/edit_tau0.04_seed3.png,0.022426210343837738,0.059232763946056366,-0.03680655360221863,0,0.21666967868804932,0.23827776312828064,-0.021608084440231323
ip20_merged,man_00,man,photoguard_c,identity_0,identity,0.0,4,0.04,photoguard_c/man_00/purify/identity_0/edit_tau0.04_seed4.png,0.04708411172032356,0.06770753860473633,-0.020623426884412766,0,0.20168384909629822,0.23264433443546295,-0.030960485339164734
ip20_merged,man_00,man,photoguard_c,jpeg_30,jpeg,30,0,0.04,photoguard_c/man_00/purify/jpeg_30/edit_tau0.04_seed0.png,0.03770503029227257,0.06643485277891159,-0.028729822486639023,0,0.20543497800827026,0.237967386841774,-0.03253240883350372
ip20_merged,man_00,man,photoguard_c,jpeg_30,jpeg,30,1,0.04,photoguard_c/man_00/purify/jpeg_30/edit_tau0.04_seed1.png,0.03196102753281593,0.07374899089336395,-0.04178796336054802,0,0.20538219809532166,0.23680993914604187,-0.031427741050720215
ip20_merged,man_00,man,photoguard_c,jpeg_30,jpeg,30,2,0.04,photoguard_c/man_00/purify/jpeg_30/edit_tau0.04_seed2.png,0.02065492421388626,0.07227769494056702,-0.051622770726680756,0,0.23567092418670654,0.23935095965862274,-0.0036800354719161987
ip20_merged,man_00,man,photoguard_c,jpeg_30,jpeg,30,3,0.04,photoguard_c/man_00/purify/jpeg_30/edit_tau0.04_seed3.png,0.01878749206662178,0.07565529644489288,-0.0568678043782711,0,0.23057420551776886,0.2350878119468689,-0.004513606429100037
ip20_merged,man_00,man,photoguard_c,jpeg_30,jpeg,30,4,0.04,photoguard_c/man_00/purify/jpeg_30/edit_tau0.04_seed4.png,0.021758973598480225,0.07531160116195679,-0.05355262756347656,0,0.23604553937911987,0.23486237227916718,0.0011831670999526978
ip20_merged,man_00,man,photoguard_c,jpeg_75,jpeg,75,0,0.04,photoguard_c/man_00/purify/jpeg_75/edit_tau0.04_seed0.png,0.019062425941228867,0.06798787415027618,-0.04892544820904732,0,0.21448281407356262,0.23797032237052917,-0.023487508296966553
ip20_merged,man_00,man,photoguard_c,jpeg_75,jpeg,75,1,0.04,photoguard_c/man_00/purify/jpeg_75/edit_tau0.04_seed1.png,0.023843422532081604,0.06955832242965698,-0.04571489989757538,0,0.20521262288093567,0.23308441042900085,-0.027871787548065186
ip20_merged,man_00,man,photoguard_c,jpeg_75,jpeg,75,2,0.04,photoguard_c/man_00/purify/jpeg_75/edit_tau0.04_seed2.png,0.010536625981330872,0.065754733979702,-0.055218107998371124,0,0.2266348898410797,0.23854099214076996,-0.011906102299690247
ip20_merged,man_00,man,photoguard_c,jpeg_75,jpeg,75,3,0.04,photoguard_c/man_00/purify/jpeg_75/edit_tau0.04_seed3.png,0.012661190703511238,0.07248999178409576,-0.059828801080584526,0,0.22218991816043854,0.23282423615455627,-0.010634317994117737
ip20_merged,man_00,man,photoguard_c,jpeg_75,jpeg,75,4,0.04,photoguard_c/man_00/purify/jpeg_75/edit_tau0.04_seed4.png,0.013490738347172737,0.06979194283485413,-0.05630120448768139,0,0.2263118177652359,0.23398813605308533,-0.007676318287849426
ip20_merged,man_00,man,photoguard_c,noise_0.01,noise,0.01,0,0.04,photoguard_c/man_00/purify/noise_0.01/edit_tau0.04_seed0.png,0.02732887864112854,0.06627246737480164,-0.038943588733673096,0,0.1977781355381012,0.23327042162418365,-0.03549228608608246
ip20_merged,man_00,man,photoguard_c,noise_0.01,noise,0.01,1,0.04,photoguard_c/man_00/purify/noise_0.01/edit_tau0.04_seed1.png,0.020554006099700928,0.06448833644390106,-0.043934330344200134,0,0.20770040154457092,0.22891005873680115,-0.021209657192230225
ip20_merged,man_00,man,photoguard_c,noise_0.01,noise,0.01,2,0.04,photoguard_c/man_00/purify/noise_0.01/edit_tau0.04_seed2.png,0.024462755769491196,0.06313861161470413,-0.038675855845212936,0,0.2018750011920929,0.23462438583374023,-0.03274938464164734
ip20_merged,man_00,man,photoguard_c,noise_0.01,noise,0.01,3,0.04,photoguard_c/man_00/purify/noise_0.01/edit_tau0.04_seed3.png,0.008529738523066044,0.059037208557128906,-0.05050747003406286,0,0.21386751532554626,0.2345169186592102,-0.02064940333366394
ip20_merged,man_00,man,photoguard_c,noise_0.01,noise,0.01,4,0.04,photoguard_c/man_00/purify/noise_0.01/edit_tau0.04_seed4.png,0.026128116995096207,0.06335699558258057,-0.03722887858748436,0,0.21471905708312988,0.23420554399490356,-0.01948648691177368
ip20_merged,man_00,man,photoguard_c,noise_0.02,noise,0.02,0,0.04,photoguard_c/man_00/purify/noise_0.02/edit_tau0.04_seed0.png,0.01493304967880249,0.06584826111793518,-0.05091521143913269,0,0.2058883011341095,0.23405830562114716,-0.02817000448703766
ip20_merged,man_00,man,photoguard_c,noise_0.02,noise,0.02,1,0.04,photoguard_c/man_00/purify/noise_0.02/edit_tau0.04_seed1.png,0.037667591124773026,0.06557437032461166,-0.02790677919983864,0,0.19722163677215576,0.22752411663532257,-0.03030247986316681
ip20_merged,man_00,man,photoguard_c,noise_0.02,noise,0.02,2,0.04,photoguard_c/man_00/purify/noise_0.02/edit_tau0.04_seed2.png,0.0004680170677602291,0.06354814767837524,-0.06308013061061502,0,0.2092204988002777,0.2311507761478424,-0.021930277347564697
ip20_merged,man_00,man,photoguard_c,noise_0.02,noise,0.02,3,0.04,photoguard_c/man_00/purify/noise_0.02/edit_tau0.04_seed3.png,0.0004059392958879471,0.06260484457015991,-0.062198905274271965,0,0.2154705971479416,0.2292674034833908,-0.013796806335449219
ip20_merged,man_00,man,photoguard_c,noise_0.02,noise,0.02,4,0.04,photoguard_c/man_00/purify/noise_0.02/edit_tau0.04_seed4.png,0.026762399822473526,0.06388942152261734,-0.037127021700143814,0,0.220636785030365,0.229535311460495,-0.008898526430130005
ip20_merged,man_00,man,photoguard_c,noise_0.04,noise,0.04,0,0.04,photoguard_c/man_00/purify/noise_0.04/edit_tau0.04_seed0.png,0.013829370960593224,0.05841430276632309,-0.044584931805729866,0,0.20374877750873566,0.23058204352855682,-0.026833266019821167
ip20_merged,man_00,man,photoguard_c,noise_0.04,noise,0.04,1,0.04,photoguard_c/man_00/purify/noise_0.04/edit_tau0.04_seed1.png,0.013400649651885033,0.06017135828733444,-0.04677070863544941,0,0.2011549174785614,0.22825603187084198,-0.02710111439228058
ip20_merged,man_00,man,photoguard_c,noise_0.04,noise,0.04,2,0.04,photoguard_c/man_00/purify/noise_0.04/edit_tau0.04_seed2.png,0.0162070132791996,0.06530134379863739,-0.04909433051943779,0,0.2191891223192215,0.23548543453216553,-0.01629631221294403
ip20_merged,man_00,man,photoguard_c,noise_0.04,noise,0.04,3,0.04,photoguard_c/man_00/purify/noise_0.04/edit_tau0.04_seed3.png,0.007179223001003265,0.07170085608959198,-0.06452163308858871,0,0.22288711369037628,0.22945138812065125,-0.006564274430274963
ip20_merged,man_00,man,photoguard_c,noise_0.04,noise,0.04,4,0.04,photoguard_c/man_00/purify/noise_0.04/edit_tau0.04_seed4.png,0.00676691485568881,0.0650242418050766,-0.05825732694938779,0,0.2177165448665619,0.2293005883693695,-0.011584043502807617
ip20_merged,man_00,man,photoguard_c,noise_0.08,noise,0.08,0,0.04,photoguard_c/man_00/purify/noise_0.08/edit_tau0.04_seed0.png,0.01237805001437664,0.06314580142498016,-0.05076775141060352,0,0.21724611520767212,0.23257961869239807,-0.015333503484725952
ip20_merged,man_00,man,photoguard_c,noise_0.08,noise,0.08,1,0.04,photoguard_c/man_00/purify/noise_0.08/edit_tau0.04_seed1.png,0.017938945442438126,0.06000169739127159,-0.042062751948833466,0,0.20492859184741974,0.22581225633621216,-0.02088366448879242
ip20_merged,man_00,man,photoguard_c,noise_0.08,noise,0.08,2,0.04,photoguard_c/man_00/purify/noise_0.08/edit_tau0.04_seed2.png,0.01595393568277359,0.06318189203739166,-0.04722795635461807,0,0.22572940587997437,0.23527184128761292,-0.00954243540763855
ip20_merged,man_00,man,photoguard_c,noise_0.08,noise,0.08,3,0.04,photoguard_c/man_00/purify/noise_0.08/edit_tau0.04_seed3.png,0.0062662214040756226,0.06976035237312317,-0.06349413096904755,0,0.22362062335014343,0.22817936539649963,-0.004558742046356201
ip20_merged,man_00,man,photoguard_c,noise_0.08,noise,0.08,4,0.04,photoguard_c/man_00/purify/noise_0.08/edit_tau0.04_seed4.png,0.01671917364001274,0.06590103358030319,-0.04918185994029045,0,0.22121694684028625,0.22988924384117126,-0.00867229700088501
ip20_merged,man_00,man,photoguard_c,quantize_16,quantize,16,0,0.04,photoguard_c/man_00/purify/quantize_16/edit_tau0.04_seed0.png,0.015593557618558407,0.06629592180252075,-0.050702364183962345,0,0.21274852752685547,0.23560217022895813,-0.02285364270210266
ip20_merged,man_00,man,photoguard_c,quantize_16,quantize,16,1,0.04,photoguard_c/man_00/purify/quantize_16/edit_tau0.04_seed1.png,0.03512012958526611,0.06865860521793365,-0.03353847563266754,0,0.206665500998497,0.22888688743114471,-0.022221386432647705
ip20_merged,man_00,man,photoguard_c,quantize_16,quantize,16,2,0.04,photoguard_c/man_00/purify/quantize_16/edit_tau0.04_seed2.png,0.009942134842276573,0.06335455179214478,-0.0534124169498682,0,0.22114291787147522,0.23528939485549927,-0.014146476984024048
ip20_merged,man_00,man,photoguard_c,quantize_16,quantize,16,3,0.04,photoguard_c/man_00/purify/quantize_16/edit_tau0.04_seed3.png,0.011246809735894203,0.07136088609695435,-0.06011407636106014,0,0.22287434339523315,0.23308347165584564,-0.010209128260612488
ip20_merged,man_00,man,photoguard_c,quantize_16,quantize,16,4,0.04,photoguard_c/man_00/purify/quantize_16/edit_tau0.04_seed4.png,0.04183795303106308,0.06522712111473083,-0.023389168083667755,0,0.22597341239452362,0.23265600204467773,-0.006682589650154114
ip20_merged,man_00,man,photoguard_c,quantize_32,quantize,32,0,0.04,photoguard_c/man_00/purify/quantize_32/edit_tau0.04_seed0.png,0.032151103019714355,0.06636235862970352,-0.034211255609989166,0,0.19805526733398438,0.2338934987783432,-0.035838231444358826
ip20_merged,man_00,man,photoguard_c,quantize_32,quantize,32,1,0.04,photoguard_c/man_00/purify/quantize_32/edit_tau0.04_seed1.png,0.022768883034586906,0.06814900040626526,-0.04538011737167835,0,0.20578566193580627,0.22865501046180725,-0.022869348526000977
ip20_merged,man_00,man,photoguard_c,quantize_32,quantize,32,2,0.04,photoguard_c/man_00/purify/quantize_32/edit_tau0.04_seed2.png,0.020516837015748024,0.058855004608631134,-0.03833816759288311,0,0.20198242366313934,0.2352258265018463,-0.03324340283870697
ip20_merged,man_00,man,photoguard_c,quantize_32,quantize,32,3,0.04,photoguard_c/man_00/purify/quantize_32/edit_tau0.04_seed3.png,0.011948753148317337,0.059954360127449036,-0.0480056069791317,0,0.21785683929920197,0.23657585680484772,-0.018719017505645752
ip20_merged,man_00,man,photoguard_c,quantize_32,quantize,32,4,0.04,photoguard_c/man_00/purify/quantize_32/edit_tau0.04_seed4.png,0.026997268199920654,0.06555619090795517,-0.038558922708034515,0,0.21107764542102814,0.2334321141242981,-0.02235446870326996
ip20_merged,man_00,man,photoguard_c,quantize_64,quantize,64,0,0.04,photoguard_c/man_00/purify/quantize_64/edit_tau0.04_seed0.png,0.0415729284286499,0.06802044063806534,-0.026447512209415436,0,0.19973649084568024,0.23476219177246094,-0.0350257009267807
ip20_merged,man_00,man,photoguard_c,quantize_64,quantize,64,1,0.04,photoguard_c/man_00/purify/quantize_64/edit_tau0.04_seed1.png,0.028487350791692734,0.06056103855371475,-0.03207368776202202,0,0.20413655042648315,0.23207685351371765,-0.027940303087234497
ip20_merged,man_00,man,photoguard_c,quantize_64,quantize,64,2,0.04,photoguard_c/man_00/purify/quantize_64/edit_tau0.04_seed2.png,0.026599029079079628,0.06492660194635391,-0.038327572867274284,0,0.20241723954677582,0.23434987664222717,-0.031932637095451355
ip20_merged,man_00,man,photoguard_c,quantize_64,quantize,64,3,0.04,photoguard_c/man_00/purify/quantize_64/edit_tau0.04_seed3.png,0.020721854642033577,0.06118805333971977,-0.040466198697686195,0,0.21873044967651367,0.23859789967536926,-0.01986744999885559
ip20_merged,man_00,man,photoguard_c,quantize_64,quantize,64,4,0.04,photoguard_c/man_00/purify/quantize_64/edit_tau0.04_seed4.png,0.0393555574119091,0.06734681129455566,-0.02799125388264656,0,0.20205682516098022,0.2332744002342224,-0.031217575073242188
ip20_merged,man_00,man,photoguard_c,quantize_8,quantize,8,0,0.04,photoguard_c/man_00/purify/quantize_8/edit_tau0.04_seed0.png,0.017892196774482727,0.07113711535930634,-0.05324491858482361,0,0.2312297224998474,0.2332526445388794,-0.0020229220390319824
ip20_merged,man_00,man,photoguard_c,quantize_8,quantize,8,1,0.04,photoguard_c/man_00/purify/quantize_8/edit_tau0.04_seed1.png,0.028354324400424957,0.07249051332473755,-0.04413618892431259,0,0.2163820117712021,0.23044957220554352,-0.01406756043434143
ip20_merged,man_00,man,photoguard_c,quantize_8,quantize,8,2,0.04,photoguard_c/man_00/purify/quantize_8/edit_tau0.04_seed2.png,0.0148024195805192,0.06617537140846252,-0.051372951827943325,0,0.23567624390125275,0.23388530313968658,0.0017909407615661621
ip20_merged,man_00,man,photoguard_c,quantize_8,quantize,8,3,0.04,photoguard_c/man_00/purify/quantize_8/edit_tau0.04_seed3.png,0.01593237929046154,0.06903354823589325,-0.05310116894543171,0,0.2277488112449646,0.23179718852043152,-0.004048377275466919
ip20_merged,man_00,man,photoguard_c,quantize_8,quantize,8,4,0.04,photoguard_c/man_00/purify/quantize_8/edit_tau0.04_seed4.png,0.020491020753979683,0.06783366203308105,-0.04734264127910137,0,0.2292153686285019,0.23225228488445282,-0.0030369162559509277
ip20_merged,man_00,man,mist,adverse_cleaner_0,adverse_cleaner,0.0,0,0.04,mist/man_00/purify/adverse_cleaner_0/edit_tau0.04_seed0.png,0.010087354108691216,0.0802905261516571,-0.07020317204296589,0,0.2053542137145996,0.2336491048336029,-0.028294891119003296
ip20_merged,man_00,man,mist,adverse_cleaner_0,adverse_cleaner,0.0,1,0.04,mist/man_00/purify/adverse_cleaner_0/edit_tau0.04_seed1.png,0.01590324193239212,0.08174653351306915,-0.06584329158067703,0,0.20392310619354248,0.23119252920150757,-0.027269423007965088
ip20_merged,man_00,man,mist,adverse_cleaner_0,adverse_cleaner,0.0,2,0.04,mist/man_00/purify/adverse_cleaner_0/edit_tau0.04_seed2.png,0.008883405476808548,0.0813431367278099,-0.07245973125100136,0,0.22203171253204346,0.23890268802642822,-0.016870975494384766
ip20_merged,man_00,man,mist,adverse_cleaner_0,adverse_cleaner,0.0,3,0.04,mist/man_00/purify/adverse_cleaner_0/edit_tau0.04_seed3.png,0.007618017494678497,0.07898037135601044,-0.07136235386133194,0,0.22417572140693665,0.23555749654769897,-0.011381775140762329
ip20_merged,man_00,man,mist,adverse_cleaner_0,adverse_cleaner,0.0,4,0.04,mist/man_00/purify/adverse_cleaner_0/edit_tau0.04_seed4.png,0.010722036473453045,0.08024220168590546,-0.06952016521245241,0,0.2244899570941925,0.23560714721679688,-0.01111719012260437
ip20_merged,man_00,man,mist,blur_0.5,blur,0.5,0,0.04,mist/man_00/purify/blur_0.5/edit_tau0.04_seed0.png,0.025485984981060028,0.0759766548871994,-0.050490669906139374,0,0.20508229732513428,0.23486191034317017,-0.02977961301803589
ip20_merged,man_00,man,mist,blur_0.5,blur,0.5,1,0.04,mist/man_00/purify/blur_0.5/edit_tau0.04_seed1.png,0.0164750088006258,0.07646197080612183,-0.059986962005496025,0,0.20596742630004883,0.2301911562681198,-0.024223729968070984
ip20_merged,man_00,man,mist,blur_0.5,blur,0.5,2,0.04,mist/man_00/purify/blur_0.5/edit_tau0.04_seed2.png,0.012452514842152596,0.07926645874977112,-0.06681394390761852,0,0.23053699731826782,0.24052926898002625,-0.009992271661758423
ip20_merged,man_00,man,mist,blur_0.5,blur,0.5,3,0.04,mist/man_00/purify/blur_0.5/edit_tau0.04_seed3.png,0.005724309012293816,0.07692748308181763,-0.07120317406952381,0,0.22945059835910797,0.23770983517169952,-0.008259236812591553
ip20_merged,man_00,man,mist,blur_0.5,blur,0.5,4,0.04,mist/man_00/purify/blur_0.5/edit_tau0.04_seed4.png,0.00775662949308753,0.07827386260032654,-0.07051723310723901,0,0.23062586784362793,0.23895248770713806,-0.008326619863510132
ip20_merged,man_00,man,mist,blur_1,blur,1.0,0,0.04,mist/man_00/purify/blur_1/edit_tau0.04_seed0.png,0.03193235024809837,0.07783184945583344,-0.04589949920773506,0,0.20652815699577332,0.23227635025978088,-0.02574819326400757
ip20_merged,man_00,man,mist,blur_1,blur,1.0,1,0.04,mist/man_00/purify/blur_1/edit_tau0.04_seed1.png,0.016825523227453232,0.07614544034004211,-0.05931991711258888,0,0.21352118253707886,0.2316724807024002,-0.01815129816532135
ip20_merged,man_00,man,mist,blur_1,blur,1.0,2,0.04,mist/man_00/purify/blur_1/edit_tau0.04_seed2.png,0.01187184825539589,0.07703889906406403,-0.06516705080866814,0,0.2293863147497177,0.24040648341178894,-0.011020168662071228
ip20_merged,man_00,man,mist,blur_1,blur,1.0,3,0.04,mist/man_00/purify/blur_1/edit_tau0.04_seed3.png,0.008027333766222,0.07586999237537384,-0.06784265860915184,0,0.22787106037139893,0.23732972145080566,-0.009458661079406738
ip20_merged,man_00,man,mist,blur_1,blur,1.0,4,0.04,mist/man_00/purify/blur_1/edit_tau0.04_seed4.png,0.011761002242565155,0.07835867255926132,-0.06659767031669617,0,0.228749617934227,0.23833326995372772,-0.009583652019500732
ip20_merged,man_00,man,mist,blur_2,blur,2.0,0,0.04,mist/man_00/purify/blur_2/edit_tau0.04_seed0.png,0.020749282091856003,0.0795818343758583,-0.058832552284002304,0,0.20281508564949036,0.22477680444717407,-0.021961718797683716
ip20_merged,man_00,man,mist,blur_2,blur,2.0,1,0.04,mist/man_00/purify/blur_2/edit_tau0.04_seed1.png,0.025927111506462097,0.07754342257976532,-0.05161631107330322,0,0.20249581336975098,0.2270975410938263,-0.024601727724075317
ip20_merged,man_00,man,mist,blur_2,blur,2.0,2,0.04,mist/man_00/purify/blur_2/edit_tau0.04_seed2.png,0.01761620305478573,0.07593952119350433,-0.058323318138718605,0,0.2298690676689148,0.24105030298233032,-0.011181235313415527
ip20_merged,man_00,man,mist,blur_2,blur,2.0,3,0.04,mist/man_00/purify/blur_2/edit_tau0.04_seed3.png,0.0154953021556139,0.07472559809684753,-0.059230295941233635,0,0.226201593875885,0.23732846975326538,-0.011126875877380371
ip20_merged,man_00,man,mist,blur_2,blur,2.0,4,0.04,mist/man_00/purify/blur_2/edit_tau0.04_seed4.png,0.016598690301179886,0.07668052613735199,-0.060081835836172104,0,0.22794991731643677,0.2385231852531433,-0.010573267936706543
ip20_merged,man_00,man,mist,blur_3,blur,3.0,0,0.04,mist/man_00/purify/blur_3/edit_tau0.04_seed0.png,0.024715479463338852,0.07921800762414932,-0.05450252816081047,0,0.19553807377815247,0.21500498056411743,-0.019466906785964966
ip20_merged,man_00,man,mist,blur_3,blur,3.0,1,0.04,mist/man_00/purify/blur_3/edit_tau0.04_seed1.png,0.016837816685438156,0.0787212997674942,-0.061883483082056046,0,0.20131470263004303,0.22418728470802307,-0.02287258207798004
ip20_merged,man_00,man,mist,blur_3,blur,3.0,2,0.04,mist/man_00/purify/blur_3/edit_tau0.04_seed2.png,0.016613293439149857,0.07966397702693939,-0.06305068358778954,0,0.22632427513599396,0.24254350364208221,-0.016219228506088257
ip20_merged,man_00,man,mist,blur_3,blur,3.0,3,0.04,mist/man_00/purify/blur_3/edit_tau0.04_seed3.png,0.014104990288615227,0.07394568622112274,-0.059840695932507515,0,0.2215568870306015,0.237095445394516,-0.01553855836391449
ip20_merged,man_00,man,mist,blur_3,blur,3.0,4,0.04,mist/man_00/purify/blur_3/edit_tau0.04_seed4.png,0.0036587375216186047,0.07305924594402313,-0.06940050842240453,0,0.21842575073242188,0.2358148992061615,-0.017389148473739624
ip20_merged,man_00,man,mist,crop_resize_0.1,crop_resize,0.1,0,0.04,mist/man_00/purify/crop_resize_0.1/edit_tau0.04_seed0.png,0.017135532572865486,0.07428070902824402,-0.05714517645537853,0,0.21698316931724548,0.24153326451778412,-0.024550095200538635
ip20_merged,man_00,man,mist,crop_resize_0.1,crop_resize,0.1,1,0.04,mist/man_00/purify/crop_resize_0.1/edit_tau0.04_seed1.png,-0.0020516356453299522,0.06944003701210022,-0.07149167265743017,0,0.2150009572505951,0.23941873013973236,-0.024417772889137268
ip20_merged,man_00,man,mist,crop_resize_0.1,crop_resize,0.1,2,0.04,mist/man_00/purify/crop_resize_0.1/edit_tau0.04_seed2.png,0.005512883886694908,0.07537771016359329,-0.06986482627689838,0,0.22374381124973297,0.24857866764068604,-0.024834856390953064
ip20_merged,man_00,man,mist,crop_resize_0.1,crop_resize,0.1,3,0.04,mist/man_00/purify/crop_resize_0.1/edit_tau0.04_seed3.png,0.0032854415476322174,0.07715956121683121,-0.07387411966919899,0,0.21454057097434998,0.24205420911312103,-0.027513638138771057
ip20_merged,man_00,man,mist,crop_resize_0.1,crop_resize,0.1,4,0.04,mist/man_00/purify/crop_resize_0.1/edit_tau0.04_seed4.png,0.0018687527626752853,0.07604332268238068,-0.07417456991970539,0,0.22280262410640717,0.24708697199821472,-0.024284347891807556
ip20_merged,man_00,man,mist,diffpure_150,diffpure,150,0,0.04,mist/man_00/purify/diffpure_150/edit_tau0.04_seed0.png,0.0317985862493515,0.07766618579626083,-0.04586759954690933,0,0.2205246388912201,0.23926550149917603,-0.018740862607955933
ip20_merged,man_00,man,mist,diffpure_150,diffpure,150,1,0.04,mist/man_00/purify/diffpure_150/edit_tau0.04_seed1.png,0.021315978839993477,0.07824399322271347,-0.056928014382719994,0,0.21691486239433289,0.23738741874694824,-0.020472556352615356
ip20_merged,man_00,man,mist,diffpure_150,diffpure,150,2,0.04,mist/man_00/purify/diffpure_150/edit_tau0.04_seed2.png,0.0088496720418334,0.07203563302755356,-0.06318596098572016,0,0.23069778084754944,0.24608540534973145,-0.015387624502182007
ip20_merged,man_00,man,mist,diffpure_150,diffpure,150,3,0.04,mist/man_00/purify/diffpure_150/edit_tau0.04_seed3.png,0.013565566390752792,0.07499182224273682,-0.061426255851984024,0,0.2281220406293869,0.23950466513633728,-0.011382624506950378
ip20_merged,man_00,man,mist,diffpure_150,diffpure,150,4,0.04,mist/man_00/purify/diffpure_150/edit_tau0.04_seed4.png,0.020594509318470955,0.07598571479320526,-0.055391205474734306,0,0.22902363538742065,0.23803427815437317,-0.009010642766952515
ip20_merged,man_00,man,mist,identity_0,identity,0.0,0,0.04,mist/man_00/purify/identity_0/edit_tau0.04_seed0.png,0.021912379190325737,0.07471941411495209,-0.05280703492462635,0,0.20351728796958923,0.22946256399154663,-0.025945276021957397
ip20_merged,man_00,man,mist,identity_0,identity,0.0,1,0.04,mist/man_00/purify/identity_0/edit_tau0.04_seed1.png,0.01946672424674034,0.07531788945198059,-0.05585116520524025,0,0.20681175589561462,0.23129287362098694,-0.024481117725372314
ip20_merged,man_00,man,mist,identity_0,identity,0.0,2,0.04,mist/man_00/purify/identity_0/edit_tau0.04_seed2.png,0.009592869319021702,0.07727425545454025,-0.06768138613551855,0,0.23106911778450012,0.23991481959819794,-0.008845701813697815
ip20_merged,man_00,man,mist,identity_0,identity,0.0,3,0.04,mist/man_00/purify/identity_0/edit_tau0.04_seed3.png,0.00439779506996274,0.07562532275915146,-0.07122752768918872,0,0.2287115752696991,0.2372535616159439,-0.008541986346244812
ip20_merged,man_00,man,mist,identity_0,identity,0.0,4,0.04,mist/man_00/purify/identity_0/edit_tau0.04_seed4.png,0.005948987789452076,0.07864439487457275,-0.07269540708512068,0,0.23303191363811493,0.24020534753799438,-0.007173433899879456
ip20_merged,man_00,man,mist,jpeg_30,jpeg,30,0,0.04,mist/man_00/purify/jpeg_30/edit_tau0.04_seed0.png,0.033582959324121475,0.06662318110466003,-0.03304022178053856,0,0.2034200131893158,0.22976934909820557,-0.02634933590888977
ip20_merged,man_00,man,mist,jpeg_30,jpeg,30,1,0.04,mist/man_00/purify/jpeg_30/edit_tau0.04_seed1.png,0.02340514585375786,0.07348287105560303,-0.05007772520184517,0,0.2079116404056549,0.2337791919708252,-0.025867551565170288
ip20_merged,man_00,man,mist,jpeg_30,jpeg,30,2,0.04,mist/man_00/purify/jpeg_30/edit_tau0.04_seed2.png,0.013625050894916058,0.0723479762673378,-0.05872292537242174,0,0.23318234086036682,0.23957690596580505,-0.006394565105438232
ip20_merged,man_00,man,mist,jpeg_30,jpeg,30,3,0.04,mist/man_00/purify/jpeg_30/edit_tau0.04_seed3.png,0.01312590204179287,0.07323583960533142,-0.06010993756353855,0,0.2316446155309677,0.2376638650894165,-0.0060192495584487915
ip20_merged,man_00,man,mist,jpeg_30,jpeg,30,4,0.04,mist/man_00/purify/jpeg_30/edit_tau0.04_seed4.png,0.013596704229712486,0.07430839538574219,-0.0607116911560297,0,0.2333178073167801,0.23781591653823853,-0.004498109221458435
ip20_merged,man_00,man,mist,jpeg_75,jpeg,75,0,0.04,mist/man_00/purify/jpeg_75/edit_tau0.04_seed0.png,0.022268150001764297,0.07410751283168793,-0.05183936282992363,0,0.20176245272159576,0.2334059625864029,-0.03164350986480713
ip20_merged,man_00,man,mist,jpeg_75,jpeg,75,1,0.04,mist/man_00/purify/jpeg_75/edit_tau0.04_seed1.png,0.024878956377506256,0.07934477925300598,-0.054465822875499725,0,0.20302772521972656,0.23097966611385345,-0.027951940894126892
ip20_merged,man_00,man,mist,jpeg_75,jpeg,75,2,0.04,mist/man_00/purify/jpeg_75/edit_tau0.04_seed2.png,0.01085265539586544,0.07825803756713867,-0.06740538217127323,0,0.224395290017128,0.23872852325439453,-0.01433323323726654
ip20_merged,man_00,man,mist,jpeg_75,jpeg,75,3,0.04,mist/man_00/purify/jpeg_75/edit_tau0.04_seed3.png,0.006263475865125656,0.07743880152702332,-0.07117532566189766,0,0.22332681715488434,0.23620522022247314,-0.012878403067588806
ip20_merged,man_00,man,mist,jpeg_75,jpeg,75,4,0.04,mist/man_00/purify/jpeg_75/edit_tau0.04_seed4.png,0.009725630283355713,0.07866767793893814,-0.06894204765558243,0,0.22311493754386902,0.23580710589885712,-0.012692168354988098
ip20_merged,man_00,man,mist,noise_0.01,noise,0.01,0,0.04,mist/man_00/purify/noise_0.01/edit_tau0.04_seed0.png,0.022270942106842995,0.07771953195333481,-0.055448589846491814,0,0.2034408301115036,0.23279590904712677,-0.02935507893562317
ip20_merged,man_00,man,mist,noise_0.01,noise,0.01,1,0.04,mist/man_00/purify/noise_0.01/edit_tau0.04_seed1.png,0.014476241543889046,0.07440394163131714,-0.05992770008742809,0,0.21158601343631744,0.23297816514968872,-0.021392151713371277
ip20_merged,man_00,man,mist,noise_0.01,noise,0.01,2,0.04,mist/man_00/purify/noise_0.01/edit_tau0.04_seed2.png,0.016204914078116417,0.07605075091123581,-0.05984583683311939,0,0.22484278678894043,0.24091395735740662,-0.016071170568466187
ip20_merged,man_00,man,mist,noise_0.01,noise,0.01,3,0.04,mist/man_00/purify/noise_0.01/edit_tau0.04_seed3.png,0.0066146873869001865,0.0782114639878273,-0.07159677660092711,0,0.22496972978115082,0.23423704504966736,-0.00926731526851654
ip20_merged,man_00,man,mist,noise_0.01,noise,0.01,4,0.04,mist/man_00/purify/noise_0.01/edit_tau0.04_seed4.png,0.0088820680975914,0.07715420424938202,-0.06827213615179062,0,0.22928662598133087,0.2367655634880066,-0.00747893750667572
ip20_merged,man_00,man,mist,noise_0.02,noise,0.02,0,0.04,mist/man_00/purify/noise_0.02/edit_tau0.04_seed0.png,0.019640997052192688,0.07511931657791138,-0.05547831952571869,0,0.20571257174015045,0.23460079729557037,-0.028888225555419922
ip20_merged,man_00,man,mist,noise_0.02,noise,0.02,1,0.04,mist/man_00/purify/noise_0.02/edit_tau0.04_seed1.png,0.01070103794336319,0.07470548897981644,-0.06400445103645325,0,0.2181740701198578,0.23458921909332275,-0.016415148973464966
ip20_merged,man_00,man,mist,noise_0.02,noise,0.02,2,0.04,mist/man_00/purify/noise_0.02/edit_tau0.04_seed2.png,0.01360117644071579,0.0771966204047203,-0.06359544396400452,0,0.22547858953475952,0.2417510598897934,-0.016272470355033875
ip20_merged,man_00,man,mist,noise_0.02,noise,0.02,3,0.04,mist/man_00/purify/noise_0.02/edit_tau0.04_seed3.png,0.005234649404883385,0.07778852432966232,-0.07255387492477894,0,0.2271503210067749,0.23457956314086914,-0.007429242134094238
ip20_merged,man_00,man,mist,noise_0.02,noise,0.02,4,0.04,mist/man_00/purify/noise_0.02/edit_tau0.04_seed4.png,0.008066534996032715,0.07711675763130188,-0.06905022263526917,0,0.22953759133815765,0.2354273647069931,-0.005889773368835449
ip20_merged,man_00,man,mist,noise_0.04,noise,0.04,0,0.04,mist/man_00/purify/noise_0.04/edit_tau0.04_seed0.png,0.016691749915480614,0.0730014219880104,-0.05630967207252979,0,0.21761047840118408,0.23118214309215546,-0.013571664690971375
ip20_merged,man_00,man,mist,noise_0.04,noise,0.04,1,0.04,mist/man_00/purify/noise_0.04/edit_tau0.04_seed1.png,0.00968160293996334,0.07126446068286896,-0.06158285774290562,0,0.21827948093414307,0.233536958694458,-0.015257477760314941
ip20_merged,man_00,man,mist,noise_0.04,noise,0.04,2,0.04,mist/man_00/purify/noise_0.04/edit_tau0.04_seed2.png,0.009273646399378777,0.07182510197162628,-0.0625514555722475,0,0.22912171483039856,0.2341184765100479,-0.004996761679649353
ip20_merged,man_00,man,mist,noise_0.04,noise,0.04,3,0.04,mist/man_00/purify/noise_0.04/edit_tau0.04_seed3.png,0.0024725296534597874,0.07466007769107819,-0.0721875480376184,0,0.2225404977798462,0.23219676315784454,-0.009656265377998352
ip20_merged,man_00,man,mist,noise_0.04,noise,0.04,4,0.04,mist/man_00/purify/noise_0.04/edit_tau0.04_seed4.png,0.008533250540494919,0.07380855083465576,-0.06527530029416084,0,0.22700950503349304,0.23158372938632965,-0.004574224352836609
ip20_merged,man_00,man,mist,noise_0.08,noise,0.08,0,0.04,mist/man_00/purify/noise_0.08/edit_tau0.04_seed0.png,0.014376859180629253,0.06735264509916306,-0.0529757859185338,0,0.21648088097572327,0.2308107614517212,-0.014329880475997925
ip20_merged,man_00,man,mist,noise_0.08,noise,0.08,1,0.04,mist/man_00/purify/noise_0.08/edit_tau0.04_seed1.png,0.011354813352227211,0.06586459279060364,-0.05450977943837643,0,0.21344074606895447,0.23142775893211365,-0.01798701286315918
ip20_merged,man_00,man,mist,noise_0.08,noise,0.08,2,0.04,mist/man_00/purify/noise_0.08/edit_tau0.04_seed2.png,0.00835348479449749,0.06419666111469269,-0.0558431763201952,0,0.22725516557693481,0.23341742157936096,-0.0061622560024261475
ip20_merged,man_00,man,mist,noise_0.08,noise,0.08,3,0.04,mist/man_00/purify/noise_0.08/edit_tau0.04_seed3.png,0.0050234668888151646,0.07054629921913147,-0.0655228323303163,0,0.21970437467098236,0.22961533069610596,-0.009910956025123596
ip20_merged,man_00,man,mist,noise_0.08,noise,0.08,4,0.04,mist/man_00/purify/noise_0.08/edit_tau0.04_seed4.png,0.009524340741336346,0.06420047581195831,-0.05467613507062197,0,0.22039465606212616,0.23052744567394257,-0.010132789611816406
ip20_merged,man_00,man,mist,quantize_16,quantize,16,0,0.04,mist/man_00/purify/quantize_16/edit_tau0.04_seed0.png,0.008391025476157665,0.07030467689037323,-0.061913651414215565,0,0.22419032454490662,0.23175936937332153,-0.007569044828414917
ip20_merged,man_00,man,mist,quantize_16,quantize,16,1,0.04,mist/man_00/purify/quantize_16/edit_tau0.04_seed1.png,0.010879755951464176,0.06603896617889404,-0.05515921022742987,0,0.2294202744960785,0.23619554936885834,-0.006775274872779846
ip20_merged,man_00,man,mist,quantize_16,quantize,16,2,0.04,mist/man_00/purify/quantize_16/edit_tau0.04_seed2.png,0.011598175391554832,0.07051953673362732,-0.05892136134207249,0,0.2372509390115738,0.2379370927810669,-0.000686153769493103
ip20_merged,man_00,man,mist,quantize_16,quantize,16,3,0.04,mist/man_00/purify/quantize_16/edit_tau0.04_seed3.png,0.011051790788769722,0.07124112546443939,-0.06018933467566967,0,0.23262298107147217,0.2363753765821457,-0.003752395510673523
ip20_merged,man_00,man,mist,quantize_16,quantize,16,4,0.04,mist/man_00/purify/quantize_16/edit_tau0.04_seed4.png,0.010895099490880966,0.07224996387958527,-0.0613548643887043,0,0.2368832230567932,0.23885616660118103,-0.0019729435443878174
ip20_merged,man_00,man,mist,quantize_32,quantize,32,0,0.04,mist/man_00/purify/quantize_32/edit_tau0.04_seed0.png,0.02471972070634365,0.07377230376005173,-0.049052583053708076,0,0.21175266802310944,0.23590758442878723,-0.024154916405677795
ip20_merged,man_00,man,mist,quantize_32,quantize,32,1,0.04,mist/man_00/purify/quantize_32/edit_tau0.04_seed1.png,0.018941326066851616,0.07651658356189728,-0.05757525749504566,0,0.21550704538822174,0.2367657572031021,-0.02125871181488037
ip20_merged,man_00,man,mist,quantize_32,quantize,32,2,0.04,mist/man_00/purify/quantize_32/edit_tau0.04_seed2.png,0.011756494641304016,0.07409776002168655,-0.06234126538038254,0,0.22544190287590027,0.2431173026561737,-0.017675399780273438
ip20_merged,man_00,man,mist,quantize_32,quantize,32,3,0.04,mist/man_00/purify/quantize_32/edit_tau0.04_seed3.png,0.005018739961087704,0.07584941387176514,-0.07083067391067743,0,0.22715575993061066,0.2384530007839203,-0.011297240853309631
ip20_merged,man_00,man,mist,quantize_32,quantize,32,4,0.04,mist/man_00/purify/quantize_32/edit_tau0.04_seed4.png,0.006708716508001089,0.0771307647228241,-0.07042204821482301,0,0.2313852459192276,0.2400006651878357,-0.008615419268608093
ip20_merged,man_00,man,mist,quantize_64,quantize,64,0,0.04,mist/man_00/purify/quantize_64/edit_tau0.04_seed0.png,0.02129756659269333,0.07535574585199356,-0.05405817925930023,0,0.20157557725906372,0.22877013683319092,-0.027194559574127197
ip20_merged,man_00,man,mist,quantize_64,quantize,64,1,0.04,mist/man_00/purify/quantize_64/edit_tau0.04_seed1.png,0.021120861172676086,0.07494379580020905,-0.05382293462753296,0,0.20610325038433075,0.230508953332901,-0.02440570294857025
ip20_merged,man_00,man,mist,quantize_64,quantize,64,2,0.04,mist/man_00/purify/quantize_64/edit_tau0.04_seed2.png,0.011327357962727547,0.07798443734645844,-0.06665707938373089,0,0.2298729419708252,0.23981082439422607,-0.009937882423400879
ip20_merged,man_00,man,mist,quantize_64,quantize,64,3,0.04,mist/man_00/purify/quantize_64/edit_tau0.04_seed3.png,0.006008605007082224,0.07707393169403076,-0.07106532668694854,0,0.22605618834495544,0.23610849678516388,-0.010052308440208435
ip20_merged,man_00,man,mist,quantize_64,quantize,64,4,0.04,mist/man_00/purify/quantize_64/edit_tau0.04_seed4.png,0.007845145650207996,0.07791075110435486,-0.07006560545414686,0,0.22931717336177826,0.23775795102119446,-0.008440777659416199
ip20_merged,man_00,man,mist,quantize_8,quantize,8,0,0.04,mist/man_00/purify/quantize_8/edit_tau0.04_seed0.png,0.006049852818250656,0.07065615057945251,-0.06460629776120186,0,0.2197881042957306,0.22819270193576813,-0.008404597640037537
ip20_merged,man_00,man,mist,quantize_8,quantize,8,1,0.04,mist/man_00/purify/quantize_8/edit_tau0.04_seed1.png,0.021396996453404427,0.07448533922433853,-0.053088342770934105,0,0.21072636544704437,0.22638046741485596,-0.015654101967811584
ip20_merged,man_00,man,mist,quantize_8,quantize,8,2,0.04,mist/man_00/purify/quantize_8/edit_tau0.04_seed2.png,0.01171169150620699,0.07365444302558899,-0.061942751519382,0,0.23068371415138245,0.236314594745636,-0.00563088059425354
ip20_merged,man_00,man,mist,quantize_8,quantize,8,3,0.04,mist/man_00/purify/quantize_8/edit_tau0.04_seed3.png,0.012316410429775715,0.07300508767366409,-0.06068867724388838,0,0.22810299694538116,0.23366710543632507,-0.005564108490943909
ip20_merged,man_00,man,mist,quantize_8,quantize,8,4,0.04,mist/man_00/purify/quantize_8/edit_tau0.04_seed4.png,0.01305184792727232,0.0730460062623024,-0.05999415833503008,0,0.2291375994682312,0.2361406683921814,-0.007003068923950195
ip20_merged,man_00,man,dia_r,adverse_cleaner_0,adverse_cleaner,0.0,0,0.04,dia_r/man_00/purify/adverse_cleaner_0/edit_tau0.04_seed0.png,0.014998051337897778,0.07943688333034515,-0.06443883199244738,0,0.20666423439979553,0.236564040184021,-0.029899805784225464
ip20_merged,man_00,man,dia_r,adverse_cleaner_0,adverse_cleaner,0.0,1,0.04,dia_r/man_00/purify/adverse_cleaner_0/edit_tau0.04_seed1.png,0.02183566242456436,0.08026677370071411,-0.05843111127614975,0,0.20116671919822693,0.23288145661354065,-0.03171473741531372
ip20_merged,man_00,man,dia_r,adverse_cleaner_0,adverse_cleaner,0.0,2,0.04,dia_r/man_00/purify/adverse_cleaner_0/edit_tau0.04_seed2.png,0.012246714904904366,0.08092448115348816,-0.0686777662485838,0,0.22054052352905273,0.24011261761188507,-0.019572094082832336
ip20_merged,man_00,man,dia_r,adverse_cleaner_0,adverse_cleaner,0.0,3,0.04,dia_r/man_00/purify/adverse_cleaner_0/edit_tau0.04_seed3.png,0.009119989350438118,0.07793326675891876,-0.06881327740848064,0,0.22248144447803497,0.23776447772979736,-0.01528303325176239
ip20_merged,man_00,man,dia_r,adverse_cleaner_0,adverse_cleaner,0.0,4,0.04,dia_r/man_00/purify/adverse_cleaner_0/edit_tau0.04_seed4.png,0.012184633873403072,0.08024735003709793,-0.06806271616369486,0,0.22219640016555786,0.23807865381240845,-0.015882253646850586
ip20_merged,man_00,man,dia_r,blur_0.5,blur,0.5,0,0.04,dia_r/man_00/purify/blur_0.5/edit_tau0.04_seed0.png,0.02420690655708313,0.07466287910938263,-0.0504559725522995,0,0.20166079699993134,0.2311665117740631,-0.029505714774131775
ip20_merged,man_00,man,dia_r,blur_0.5,blur,0.5,1,0.04,dia_r/man_00/purify/blur_0.5/edit_tau0.04_seed1.png,0.019718267023563385,0.07602540403604507,-0.05630713701248169,0,0.21198202669620514,0.23687082529067993,-0.024888798594474792
ip20_merged,man_00,man,dia_r,blur_0.5,blur,0.5,2,0.04,dia_r/man_00/purify/blur_0.5/edit_tau0.04_seed2.png,0.006617440842092037,0.07525113970041275,-0.06863369885832071,0,0.22965921461582184,0.24192586541175842,-0.012266650795936584
ip20_merged,man_00,man,dia_r,blur_0.5,blur,0.5,3,0.04,dia_r/man_00/purify/blur_0.5/edit_tau0.04_seed3.png,0.0035898140631616116,0.07520344108343124,-0.07161362702026963,0,0.2273062914609909,0.23814734816551208,-0.01084105670452118
ip20_merged,man_00,man,dia_r,blur_0.5,blur,0.5,4,0.04,dia_r/man_00/purify/blur_0.5/edit_tau0.04_seed4.png,0.006874410435557365,0.0781063511967659,-0.07123194076120853,0,0.22932374477386475,0.2415754348039627,-0.012251690030097961
ip20_merged,man_00,man,dia_r,blur_1,blur,1.0,0,0.04,dia_r/man_00/purify/blur_1/edit_tau0.04_seed0.png,0.028307564556598663,0.07775069773197174,-0.04944313317537308,0,0.20660316944122314,0.23636659979820251,-0.02976343035697937
ip20_merged,man_00,man,dia_r,blur_1,blur,1.0,1,0.04,dia_r/man_00/purify/blur_1/edit_tau0.04_seed1.png,0.016402509063482285,0.07729687541723251,-0.06089436635375023,0,0.21610425412654877,0.23501090705394745,-0.01890665292739868
ip20_merged,man_00,man,dia_r,blur_1,blur,1.0,2,0.04,dia_r/man_00/purify/blur_1/edit_tau0.04_seed2.png,0.01053977757692337,0.07822020351886749,-0.06768042594194412,0,0.22679919004440308,0.24176722764968872,-0.014968037605285645
ip20_merged,man_00,man,dia_r,blur_1,blur,1.0,3,0.04,dia_r/man_00/purify/blur_1/edit_tau0.04_seed3.png,0.008363861590623856,0.0763297751545906,-0.06796591356396675,0,0.22737382352352142,0.2391553819179535,-0.011781558394432068
ip20_merged,man_00,man,dia_r,blur_1,blur,1.0,4,0.04,dia_r/man_00/purify/blur_1/edit_tau0.04_seed4.png,0.012735450640320778,0.07995685935020447,-0.06722140870988369,0,0.22950167953968048,0.2407839000225067,-0.011282220482826233
ip20_merged,man_00,man,dia_r,blur_2,blur,2.0,0,0.04,dia_r/man_00/purify/blur_2/edit_tau0.04_seed0.png,0.025147318840026855,0.07907971739768982,-0.053932398557662964,0,0.20352670550346375,0.22961312532424927,-0.026086419820785522
ip20_merged,man_00,man,dia_r,blur_2,blur,2.0,1,0.04,dia_r/man_00/purify/blur_2/edit_tau0.04_seed1.png,0.02444768138229847,0.07741936296224594,-0.05297168157994747,0,0.20456859469413757,0.22976191341876984,-0.025193318724632263
ip20_merged,man_00,man,dia_r,blur_2,blur,2.0,2,0.04,dia_r/man_00/purify/blur_2/edit_tau0.04_seed2.png,0.014315638691186905,0.07484400272369385,-0.06052836403250694,0,0.22847171127796173,0.24216777086257935,-0.013696059584617615
ip20_merged,man_00,man,dia_r,blur_2,blur,2.0,3,0.04,dia_r/man_00/purify/blur_2/edit_tau0.04_seed3.png,0.014203198254108429,0.07458320260047913,-0.0603800043463707,0,0.22849299013614655,0.23942169547080994,-0.010928705334663391
ip20_merged,man_00,man,dia_r,blur_2,blur,2.0,4,0.04,dia_r/man_00/purify/blur_2/edit_tau0.04_seed4.png,0.01746145635843277,0.07705715298652649,-0.05959569662809372,0,0.22765769064426422,0.2399442493915558,-0.012286558747291565
ip20_merged,man_00,man,dia_r,blur_3,blur,3.0,0,0.04,dia_r/man_00/purify/blur_3/edit_tau0.04_seed0.png,0.023555226624011993,0.07761961221694946,-0.05406438559293747,0,0.20554952323436737,0.2224658727645874,-0.016916349530220032
ip20_merged,man_00,man,dia_r,blur_3,blur,3.0,1,0.04,dia_r/man_00/purify/blur_3/edit_tau0.04_seed1.png,0.019108593463897705,0.07733979821205139,-0.058231204748153687,0,0.21048565208911896,0.23004212975502014,-0.019556477665901184
ip20_merged,man_00,man,dia_r,blur_3,blur,3.0,2,0.04,dia_r/man_00/purify/blur_3/edit_tau0.04_seed2.png,0.016460638493299484,0.07839308679103851,-0.06193244829773903,0,0.226155087351799,0.24314630031585693,-0.016991212964057922
ip20_merged,man_00,man,dia_r,blur_3,blur,3.0,3,0.04,dia_r/man_00/purify/blur_3/edit_tau0.04_seed3.png,0.012593720108270645,0.07417893409729004,-0.061585213989019394,0,0.22113639116287231,0.23798222839832306,-0.016845837235450745
ip20_merged,man_00,man,dia_r,blur_3,blur,3.0,4,0.04,dia_r/man_00/purify/blur_3/edit_tau0.04_seed4.png,0.0044034565798938274,0.0736788809299469,-0.06927542435005307,0,0.219313845038414,0.23771610856056213,-0.018402263522148132
ip20_merged,man_00,man,dia_r,crop_resize_0.1,crop_resize,0.1,0,0.04,dia_r/man_00/purify/crop_resize_0.1/edit_tau0.04_seed0.png,0.0076236301101744175,0.07224094867706299,-0.06461731856688857,0,0.2208746075630188,0.24484649300575256,-0.023971885442733765
ip20_merged,man_00,man,dia_r,crop_resize_0.1,crop_resize,0.1,1,0.04,dia_r/man_00/purify/crop_resize_0.1/edit_tau0.04_seed1.png,-0.006602481007575989,0.06978370249271393,-0.07638618350028992,0,0.21238183975219727,0.2418500930070877,-0.029468253254890442
ip20_merged,man_00,man,dia_r,crop_resize_0.1,crop_resize,0.1,2,0.04,dia_r/man_00/purify/crop_resize_0.1/edit_tau0.04_seed2.png,0.003994768485426903,0.07579481601715088,-0.07180004753172398,0,0.22337567806243896,0.24981024861335754,-0.02643457055091858
ip20_merged,man_00,man,dia_r,crop_resize_0.1,crop_resize,0.1,3,0.04,dia_r/man_00/purify/crop_resize_0.1/edit_tau0.04_seed3.png,0.0005872854962944984,0.07665493339300156,-0.07606764789670706,0,0.2162185162305832,0.24311724305152893,-0.02689872682094574
ip20_merged,man_00,man,dia_r,crop_resize_0.1,crop_resize,0.1,4,0.04,dia_r/man_00/purify/crop_resize_0.1/edit_tau0.04_seed4.png,-0.0005250154063105583,0.0756274163722992,-0.07615243177860975,0,0.22342243790626526,0.24754159152507782,-0.02411915361881256
ip20_merged,man_00,man,dia_r,diffpure_150,diffpure,150,0,0.04,dia_r/man_00/purify/diffpure_150/edit_tau0.04_seed0.png,0.013248704373836517,0.07881642878055573,-0.06556772440671921,0,0.22063106298446655,0.24468059837818146,-0.024049535393714905
ip20_merged,man_00,man,dia_r,diffpure_150,diffpure,150,1,0.04,dia_r/man_00/purify/diffpure_150/edit_tau0.04_seed1.png,0.03142019733786583,0.07397913932800293,-0.0425589419901371,0,0.20877715945243835,0.2391805648803711,-0.03040340542793274
ip20_merged,man_00,man,dia_r,diffpure_150,diffpure,150,2,0.04,dia_r/man_00/purify/diffpure_150/edit_tau0.04_seed2.png,0.012314653024077415,0.07351609319448471,-0.061201440170407295,0,0.22377896308898926,0.2350206822156906,-0.011241719126701355
ip20_merged,man_00,man,dia_r,diffpure_150,diffpure,150,3,0.04,dia_r/man_00/purify/diffpure_150/edit_tau0.04_seed3.png,0.005697755143046379,0.07482876628637314,-0.06913101114332676,0,0.21972796320915222,0.2403097003698349,-0.020581737160682678
ip20_merged,man_00,man,dia_r,diffpure_150,diffpure,150,4,0.04,dia_r/man_00/purify/diffpure_150/edit_tau0.04_seed4.png,0.014215672388672829,0.06785425543785095,-0.053638583049178123,0,0.23262953758239746,0.24676308035850525,-0.014133542776107788
ip20_merged,man_00,man,dia_r,identity_0,identity,0.0,0,0.04,dia_r/man_00/purify/identity_0/edit_tau0.04_seed0.png,0.024274110794067383,0.07655741274356842,-0.05228330194950104,0,0.20985564589500427,0.2351021021604538,-0.025246456265449524
ip20_merged,man_00,man,dia_r,identity_0,identity,0.0,1,0.04,dia_r/man_00/purify/identity_0/edit_tau0.04_seed1.png,0.025276735424995422,0.07632242143154144,-0.05104568600654602,0,0.20882505178451538,0.23633822798728943,-0.027513176202774048
ip20_merged,man_00,man,dia_r,identity_0,identity,0.0,2,0.04,dia_r/man_00/purify/identity_0/edit_tau0.04_seed2.png,0.008912955410778522,0.07552683353424072,-0.0666138781234622,0,0.2335946261882782,0.24284127354621887,-0.009246647357940674
ip20_merged,man_00,man,dia_r,identity_0,identity,0.0,3,0.04,dia_r/man_00/purify/identity_0/edit_tau0.04_seed3.png,0.004333974327892065,0.075340136885643,-0.07100616255775094,0,0.22843191027641296,0.23771819472312927,-0.009286284446716309
ip20_merged,man_00,man,dia_r,identity_0,identity,0.0,4,0.04,dia_r/man_00/purify/identity_0/edit_tau0.04_seed4.png,0.007810324430465698,0.07780632376670837,-0.06999599933624268,0,0.23148569464683533,0.24111156165599823,-0.009625867009162903
ip20_merged,man_00,man,dia_r,jpeg_30,jpeg,30,0,0.04,dia_r/man_00/purify/jpeg_30/edit_tau0.04_seed0.png,0.03524963557720184,0.06744202226400375,-0.03219238668680191,0,0.2049432098865509,0.23034638166427612,-0.02540317177772522
ip20_merged,man_00,man,dia_r,jpeg_30,jpeg,30,1,0.04,dia_r/man_00/purify/jpeg_30/edit_tau0.04_seed1.png,0.028158031404018402,0.07530712336301804,-0.047149091958999634,0,0.2073061466217041,0.23510541021823883,-0.02779926359653473
ip20_merged,man_00,man,dia_r,jpeg_30,jpeg,30,2,0.04,dia_r/man_00/purify/jpeg_30/edit_tau0.04_seed2.png,0.012348990887403488,0.07345733791589737,-0.06110834702849388,0,0.23437048494815826,0.24130573868751526,-0.006935253739356995
ip20_merged,man_00,man,dia_r,jpeg_30,jpeg,30,3,0.04,dia_r/man_00/purify/jpeg_30/edit_tau0.04_seed3.png,0.012423735111951828,0.07365743815898895,-0.061233703047037125,0,0.23148418962955475,0.23866893351078033,-0.007184743881225586
ip20_merged,man_00,man,dia_r,jpeg_30,jpeg,30,4,0.04,dia_r/man_00/purify/jpeg_30/edit_tau0.04_seed4.png,0.01842433214187622,0.07659334689378738,-0.05816901475191116,0,0.23267018795013428,0.23914599418640137,-0.00647580623626709
ip20_merged,man_00,man,dia_r,jpeg_75,jpeg,75,0,0.04,dia_r/man_00/purify/jpeg_75/edit_tau0.04_seed0.png,0.031717486679553986,0.07543359696865082,-0.04371611028909683,0,0.20041632652282715,0.23401066660881042,-0.033594340085983276
ip20_merged,man_00,man,dia_r,jpeg_75,jpeg,75,1,0.04,dia_r/man_00/purify/jpeg_75/edit_tau0.04_seed1.png,0.022225312888622284,0.07715211808681488,-0.054926805198192596,0,0.20412716269493103,0.23351626098155975,-0.029389098286628723
ip20_merged,man_00,man,dia_r,jpeg_75,jpeg,75,2,0.04,dia_r/man_00/purify/jpeg_75/edit_tau0.04_seed2.png,0.008293580263853073,0.07683701068162918,-0.06854343041777611,0,0.22580347955226898,0.24132183194160461,-0.015518352389335632
ip20_merged,man_00,man,dia_r,jpeg_75,jpeg,75,3,0.04,dia_r/man_00/purify/jpeg_75/edit_tau0.04_seed3.png,0.005091216415166855,0.0777573436498642,-0.07266612723469734,0,0.22441747784614563,0.23794680833816528,-0.013529330492019653
ip20_merged,man_00,man,dia_r,jpeg_75,jpeg,75,4,0.04,dia_r/man_00/purify/jpeg_75/edit_tau0.04_seed4.png,0.009907882660627365,0.08003514260053635,-0.07012725993990898,0,0.2262527346611023,0.23891960084438324,-0.012666866183280945
ip20_merged,man_00,man,dia_r,noise_0.01,noise,0.01,0,0.04,dia_r/man_00/purify/noise_0.01/edit_tau0.04_seed0.png,0.018690330907702446,0.0763237327337265,-0.057633401826024055,0,0.20682092010974884,0.2349177896976471,-0.028096869587898254
ip20_merged,man_00,man,dia_r,noise_0.01,noise,0.01,1,0.04,dia_r/man_00/purify/noise_0.01/edit_tau0.04_seed1.png,0.015891076996922493,0.07583391666412354,-0.05994283966720104,0,0.21678006649017334,0.2366337776184082,-0.019853711128234863
ip20_merged,man_00,man,dia_r,noise_0.01,noise,0.01,2,0.04,dia_r/man_00/purify/noise_0.01/edit_tau0.04_seed2.png,0.013122232630848885,0.07561840862035751,-0.06249617598950863,0,0.22628363966941833,0.24344485998153687,-0.01716122031211853
ip20_merged,man_00,man,dia_r,noise_0.01,noise,0.01,3,0.04,dia_r/man_00/purify/noise_0.01/edit_tau0.04_seed3.png,0.003268074244260788,0.0778314471244812,-0.07456337288022041,0,0.22550451755523682,0.23780077695846558,-0.01229625940322876
ip20_merged,man_00,man,dia_r,noise_0.01,noise,0.01,4,0.04,dia_r/man_00/purify/noise_0.01/edit_tau0.04_seed4.png,0.008244173601269722,0.07720321416854858,-0.06895904056727886,0,0.22837859392166138,0.23972997069358826,-0.01135137677192688
ip20_merged,man_00,man,dia_r,noise_0.02,noise,0.02,0,0.04,dia_r/man_00/purify/noise_0.02/edit_tau0.04_seed0.png,0.011656377464532852,0.07759112119674683,-0.06593474373221397,0,0.2190968096256256,0.23573347926139832,-0.016636669635772705
ip20_merged,man_00,man,dia_r,noise_0.02,noise,0.02,1,0.04,dia_r/man_00/purify/noise_0.02/edit_tau0.04_seed1.png,0.0125440564006567,0.07680214196443558,-0.06425808556377888,0,0.21954193711280823,0.23612463474273682,-0.01658269762992859
ip20_merged,man_00,man,dia_r,noise_0.02,noise,0.02,2,0.04,dia_r/man_00/purify/noise_0.02/edit_tau0.04_seed2.png,0.01139100082218647,0.07745902985334396,-0.0660680290311575,0,0.2233879268169403,0.24141594767570496,-0.01802802085876465
ip20_merged,man_00,man,dia_r,noise_0.02,noise,0.02,3,0.04,dia_r/man_00/purify/noise_0.02/edit_tau0.04_seed3.png,0.0029678582213819027,0.07796794176101685,-0.07500008353963494,0,0.2213391661643982,0.2357572764158249,-0.014418110251426697
ip20_merged,man_00,man,dia_r,noise_0.02,noise,0.02,4,0.04,dia_r/man_00/purify/noise_0.02/edit_tau0.04_seed4.png,0.008989643305540085,0.07696323096752167,-0.06797358766198158,0,0.22738520801067352,0.23703327775001526,-0.009648069739341736
ip20_merged,man_00,man,dia_r,noise_0.04,noise,0.04,0,0.04,dia_r/man_00/purify/noise_0.04/edit_tau0.04_seed0.png,0.00966019369661808,0.07684145867824554,-0.06718126498162746,0,0.21613956987857819,0.23226046562194824,-0.016120895743370056
ip20_merged,man_00,man,dia_r,noise_0.04,noise,0.04,1,0.04,dia_r/man_00/purify/noise_0.04/edit_tau0.04_seed1.png,0.01110781542956829,0.07037452608346939,-0.0592667106539011,0,0.21274805068969727,0.2340165227651596,-0.02126847207546234
ip20_merged,man_00,man,dia_r,noise_0.04,noise,0.04,2,0.04,dia_r/man_00/purify/noise_0.04/edit_tau0.04_seed2.png,0.006329040974378586,0.07230924069881439,-0.0659801997244358,0,0.2289821356534958,0.2346125692129135,-0.005630433559417725
ip20_merged,man_00,man,dia_r,noise_0.04,noise,0.04,3,0.04,dia_r/man_00/purify/noise_0.04/edit_tau0.04_seed3.png,0.00234846118837595,0.07623590528964996,-0.07388744410127401,0,0.22016683220863342,0.2316613346338272,-0.011494502425193787
ip20_merged,man_00,man,dia_r,noise_0.04,noise,0.04,4,0.04,dia_r/man_00/purify/noise_0.04/edit_tau0.04_seed4.png,0.004861664958298206,0.07376809418201447,-0.06890642922371626,0,0.22608372569084167,0.23418863117694855,-0.008104905486106873
ip20_merged,man_00,man,dia_r,noise_0.08,noise,0.08,0,0.04,dia_r/man_00/purify/noise_0.08/edit_tau0.04_seed0.png,0.011829600669443607,0.06823480129241943,-0.056405200622975826,0,0.21524032950401306,0.23227187991142273,-0.017031550407409668
ip20_merged,man_00,man,dia_r,noise_0.08,noise,0.08,1,0.04,dia_r/man_00/purify/noise_0.08/edit_tau0.04_seed1.png,0.009919049218297005,0.06627118587493896,-0.05635213665664196,0,0.2149168848991394,0.23162735998630524,-0.016710475087165833
ip20_merged,man_00,man,dia_r,noise_0.08,noise,0.08,2,0.04,dia_r/man_00/purify/noise_0.08/edit_tau0.04_seed2.png,0.005701201967895031,0.06559157371520996,-0.05989037174731493,0,0.22652921080589294,0.23456230759620667,-0.00803309679031372
ip20_merged,man_00,man,dia_r,noise_0.08,noise,0.08,3,0.04,dia_r/man_00/purify/noise_0.08/edit_tau0.04_seed3.png,0.007252255454659462,0.07246004045009613,-0.06520778499543667,0,0.22306203842163086,0.23378679156303406,-0.010724753141403198
ip20_merged,man_00,man,dia_r,noise_0.08,noise,0.08,4,0.04,dia_r/man_00/purify/noise_0.08/edit_tau0.04_seed4.png,0.008467374369502068,0.06569302082061768,-0.05722564645111561,0,0.22042329609394073,0.23152680695056915,-0.011103510856628418
ip20_merged,man_00,man,dia_r,quantize_16,quantize,16,0,0.04,dia_r/man_00/purify/quantize_16/edit_tau0.04_seed0.png,0.009355377405881882,0.07384712994098663,-0.06449175253510475,0,0.22503338754177094,0.2393011897802353,-0.014267802238464355
ip20_merged,man_00,man,dia_r,quantize_16,quantize,16,1,0.04,dia_r/man_00/purify/quantize_16/edit_tau0.04_seed1.png,0.012511450797319412,0.07140301167964935,-0.05889156088232994,0,0.21832074224948883,0.23909401893615723,-0.020773276686668396
ip20_merged,man_00,man,dia_r,quantize_16,quantize,16,2,0.04,dia_r/man_00/purify/quantize_16/edit_tau0.04_seed2.png,0.008251155726611614,0.07537481188774109,-0.06712365616112947,0,0.23702684044837952,0.24165114760398865,-0.004624307155609131
ip20_merged,man_00,man,dia_r,quantize_16,quantize,16,3,0.04,dia_r/man_00/purify/quantize_16/edit_tau0.04_seed3.png,0.006546773016452789,0.0752042829990387,-0.06865750998258591,0,0.22951120138168335,0.23914216458797455,-0.009630963206291199
ip20_merged,man_00,man,dia_r,quantize_16,quantize,16,4,0.04,dia_r/man_00/purify/quantize_16/edit_tau0.04_seed4.png,0.010029012337327003,0.07844895869493484,-0.06841994635760784,0,0.2344132661819458,0.24178218841552734,-0.007368922233581543
ip20_merged,man_00,man,dia_r,quantize_32,quantize,32,0,0.04,dia_r/man_00/purify/quantize_32/edit_tau0.04_seed0.png,0.02493267133831978,0.07787885516881943,-0.05294618383049965,0,0.2056857794523239,0.23389597237110138,-0.028210192918777466
ip20_merged,man_00,man,dia_r,quantize_32,quantize,32,1,0.04,dia_r/man_00/purify/quantize_32/edit_tau0.04_seed1.png,0.019283074885606766,0.07467703521251678,-0.05539396032691002,0,0.2137330174446106,0.2373267114162445,-0.02359369397163391
ip20_merged,man_00,man,dia_r,quantize_32,quantize,32,2,0.04,dia_r/man_00/purify/quantize_32/edit_tau0.04_seed2.png,0.0057199811562895775,0.07723826915025711,-0.07151828799396753,0,0.22894439101219177,0.2429770976305008,-0.014032706618309021
ip20_merged,man_00,man,dia_r,quantize_32,quantize,32,3,0.04,dia_r/man_00/purify/quantize_32/edit_tau0.04_seed3.png,0.0032106772996485233,0.07610342651605606,-0.07289274921640754,0,0.2261509746313095,0.23818999528884888,-0.012039020657539368
ip20_merged,man_00,man,dia_r,quantize_32,quantize,32,4,0.04,dia_r/man_00/purify/quantize_32/edit_tau0.04_seed4.png,0.00836476031690836,0.0783286839723587,-0.06996392365545034,0,0.22921054065227509,0.24075640738010406,-0.01154586672782898
ip20_merged,man_00,man,dia_r,quantize_64,quantize,64,0,0.04,dia_r/man_00/purify/quantize_64/edit_tau0.04_seed0.png,0.024491988122463226,0.0764550194144249,-0.05196303129196167,0,0.20768442749977112,0.2344641387462616,-0.02677971124649048
ip20_merged,man_00,man,dia_r,quantize_64,quantize,64,1,0.04,dia_r/man_00/purify/quantize_64/edit_tau0.04_seed1.png,0.023687640205025673,0.07495307177305222,-0.05126543156802654,0,0.21111443638801575,0.23694367706775665,-0.025829240679740906
ip20_merged,man_00,man,dia_r,quantize_64,quantize,64,2,0.04,dia_r/man_00/purify/quantize_64/edit_tau0.04_seed2.png,0.01065899059176445,0.07702126353979111,-0.06636227294802666,0,0.23261523246765137,0.24212607741355896,-0.009510844945907593
ip20_merged,man_00,man,dia_r,quantize_64,quantize,64,3,0.04,dia_r/man_00/purify/quantize_64/edit_tau0.04_seed3.png,0.0034079384058713913,0.07578059285879135,-0.07237265445291996,0,0.22686044871807098,0.23762661218643188,-0.010766163468360901
ip20_merged,man_00,man,dia_r,quantize_64,quantize,64,4,0.04,dia_r/man_00/purify/quantize_64/edit_tau0.04_seed4.png,0.008464624173939228,0.07838067412376404,-0.06991604994982481,0,0.2306244969367981,0.24127215147018433,-0.01064765453338623
ip20_merged,man_00,man,dia_r,quantize_8,quantize,8,0,0.04,dia_r/man_00/purify/quantize_8/edit_tau0.04_seed0.png,0.006893389858305454,0.07115346193313599,-0.06426007207483053,0,0.22010856866836548,0.22823572158813477,-0.008127152919769287
ip20_merged,man_00,man,dia_r,quantize_8,quantize,8,1,0.04,dia_r/man_00/purify/quantize_8/edit_tau0.04_seed1.png,0.025227511301636696,0.07354351133108139,-0.048316000029444695,0,0.20828628540039062,0.22579380869865417,-0.01750752329826355
ip20_merged,man_00,man,dia_r,quantize_8,quantize,8,2,0.04,dia_r/man_00/purify/quantize_8/edit_tau0.04_seed2.png,0.01223667897284031,0.07341670989990234,-0.061180030927062035,0,0.23827716708183289,0.23798510432243347,0.00029206275939941406
ip20_merged,man_00,man,dia_r,quantize_8,quantize,8,3,0.04,dia_r/man_00/purify/quantize_8/edit_tau0.04_seed3.png,0.013202004134654999,0.07411510497331619,-0.060913100838661194,0,0.23234891891479492,0.23471729457378387,-0.0023683756589889526
ip20_merged,man_00,man,dia_r,quantize_8,quantize,8,4,0.04,dia_r/man_00/purify/quantize_8/edit_tau0.04_seed4.png,0.012898324057459831,0.07340066134929657,-0.06050233729183674,0,0.23600547015666962,0.23817351460456848,-0.0021680444478988647
ip20_merged,bird_03,,control,adverse_cleaner_0,,,0,,control/bird_03/purify/adverse_cleaner_0/edit_seed0.png,0.01887514442205429,0.08537039160728455,-0.06649524718523026,0,0.2552962899208069,0.301696240901947,-0.04639995098114014
ip20_merged,bird_03,,control,adverse_cleaner_0,,,1,,control/bird_03/purify/adverse_cleaner_0/edit_seed1.png,0.0345594547688961,0.0846964418888092,-0.0501369871199131,0,0.25393468141555786,0.2953866720199585,-0.041451990604400635
ip20_merged,bird_03,,control,adverse_cleaner_0,,,2,,control/bird_03/purify/adverse_cleaner_0/edit_seed2.png,0.017729150131344795,0.08421460539102554,-0.06648545525968075,0,0.2538512349128723,0.29874974489212036,-0.04489850997924805
ip20_merged,bird_03,,control,adverse_cleaner_0,,,3,,control/bird_03/purify/adverse_cleaner_0/edit_seed3.png,0.019760414958000183,0.0848381370306015,-0.06507772207260132,0,0.2588375508785248,0.2967950701713562,-0.03795751929283142
ip20_merged,bird_03,,control,adverse_cleaner_0,,,4,,control/bird_03/purify/adverse_cleaner_0/edit_seed4.png,0.024103522300720215,0.0878617912530899,-0.06375826895236969,0,0.25606387853622437,0.3061957359313965,-0.05013185739517212
ip20_merged,bird_03,,control,blur_0.5,,,0,,control/bird_03/purify/blur_0.5/edit_seed0.png,0.02273283340036869,0.08269553631544113,-0.05996270291507244,0,0.24362042546272278,0.28995782136917114,-0.046337395906448364
ip20_merged,bird_03,,control,blur_0.5,,,1,,control/bird_03/purify/blur_0.5/edit_seed1.png,0.02535448968410492,0.08248477429151535,-0.05713028460741043,0,0.24644388258457184,0.28530070185661316,-0.03885681927204132
ip20_merged,bird_03,,control,blur_0.5,,,2,,control/bird_03/purify/blur_0.5/edit_seed2.png,0.02870827168226242,0.08493776619434357,-0.056229494512081146,0,0.24209697544574738,0.3040751814842224,-0.06197820603847504
ip20_merged,bird_03,,control,blur_0.5,,,3,,control/bird_03/purify/blur_0.5/edit_seed3.png,0.016770513728260994,0.08133621513843536,-0.06456570141017437,0,0.2521415948867798,0.2971590757369995,-0.04501748085021973
ip20_merged,bird_03,,control,blur_0.5,,,4,,control/bird_03/purify/blur_0.5/edit_seed4.png,0.02410401776432991,0.08423054963350296,-0.06012653186917305,0,0.2358420491218567,0.2952382564544678,-0.059396207332611084
ip20_merged,bird_03,,control,blur_1,,,0,,control/bird_03/purify/blur_1/edit_seed0.png,0.0184052512049675,0.08134813606739044,-0.06294288486242294,0,0.24184682965278625,0.2949734330177307,-0.05312660336494446
ip20_merged,bird_03,,control,blur_1,,,1,,control/bird_03/purify/blur_1/edit_seed1.png,0.03257612884044647,0.0834755077958107,-0.05089937895536423,0,0.25227218866348267,0.2867453396320343,-0.034473150968551636
ip20_merged,bird_03,,control,blur_1,,,2,,control/bird_03/purify/blur_1/edit_seed2.png,0.03553520143032074,0.0895988717675209,-0.054063670337200165,0,0.2363440841436386,0.29952919483184814,-0.06318511068820953
ip20_merged,bird_03,,control,blur_1,,,3,,control/bird_03/purify/blur_1/edit_seed3.png,0.027329284697771072,0.08910107612609863,-0.06177179142832756,0,0.23946312069892883,0.2895326614379883,-0.05006954073905945
ip20_merged,bird_03,,control,blur_1,,,4,,control/bird_03/purify/blur_1/edit_seed4.png,0.025553783401846886,0.08828870952129364,-0.06273492611944675,0,0.23451747000217438,0.2905852198600769,-0.05606774985790253
ip20_merged,bird_03,,control,blur_2,,,0,,control/bird_03/purify/blur_2/edit_seed0.png,0.02615029737353325,0.09336718171834946,-0.06721688434481621,0,0.23646648228168488,0.29388704895973206,-0.05742056667804718
ip20_merged,bird_03,,control,blur_2,,,1,,control/bird_03/purify/blur_2/edit_seed1.png,0.04490189999341965,0.09335128962993622,-0.04844938963651657,0,0.24702668190002441,0.2813867926597595,-0.03436011075973511
ip20_merged,bird_03,,control,blur_2,,,2,,control/bird_03/purify/blur_2/edit_seed2.png,0.03366856649518013,0.08999963104724884,-0.05633106455206871,0,0.24348604679107666,0.3043608069419861,-0.060874760150909424
ip20_merged,bird_03,,control,blur_2,,,3,,control/bird_03/purify/blur_2/edit_seed3.png,0.04764414206147194,0.09522733092308044,-0.047583188861608505,0,0.2551565170288086,0.29382359981536865,-0.03866708278656006
ip20_merged,bird_03,,control,blur_2,,,4,,control/bird_03/purify/blur_2/edit_seed4.png,0.025110755115747452,0.08982367813587189,-0.06471292302012444,0,0.23938076198101044,0.2993890643119812,-0.060008302330970764
ip20_merged,bird_03,,control,blur_3,,,0,,control/bird_03/purify/blur_3/edit_seed0.png,0.02749491110444069,0.0956186056137085,-0.06812369450926781,0,0.22819483280181885,0.28677135705947876,-0.05857652425765991
ip20_merged,bird_03,,control,blur_3,,,1,,control/bird_03/purify/blur_3/edit_seed1.png,0.08111806213855743,0.0975138247013092,-0.01639576256275177,0,0.24865540862083435,0.2769574224948883,-0.028302013874053955
ip20_merged,bird_03,,control,blur_3,,,2,,control/bird_03/purify/blur_3/edit_seed2.png,0.03551998734474182,0.09114499390125275,-0.055625006556510925,0,0.24345237016677856,0.30131879448890686,-0.057866424322128296
ip20_merged,bird_03,,control,blur_3,,,3,,control/bird_03/purify/blur_3/edit_seed3.png,0.041836969554424286,0.09912799298763275,-0.057291023433208466,0,0.26306867599487305,0.2982138991355896,-0.03514522314071655
ip20_merged,bird_03,,control,blur_3,,,4,,control/bird_03/purify/blur_3/edit_seed4.png,0.028759071603417397,0.09605304896831512,-0.06729397736489773,0,0.23998142778873444,0.29661116003990173,-0.0566297322511673
ip20_merged,bird_03,,control,crop_resize_0.1,,,0,,control/bird_03/purify/crop_resize_0.1/edit_seed0.png,0.024417689070105553,0.07653585076332092,-0.05211816169321537,0,0.23813357949256897,0.2878396809101105,-0.049706101417541504
ip20_merged,bird_03,,control,crop_resize_0.1,,,1,,control/bird_03/purify/crop_resize_0.1/edit_seed1.png,0.07033500075340271,0.08746472001075745,-0.017129719257354736,0,0.2839238941669464,0.28905054926872253,-0.005126655101776123
ip20_merged,bird_03,,control,crop_resize_0.1,,,2,,control/bird_03/purify/crop_resize_0.1/edit_seed2.png,0.03381174057722092,0.08334203064441681,-0.04953029006719589,0,0.23263953626155853,0.28245383501052856,-0.04981429874897003
ip20_merged,bird_03,,control,crop_resize_0.1,,,3,,control/bird_03/purify/crop_resize_0.1/edit_seed3.png,0.05593772977590561,0.08493469655513763,-0.028996966779232025,0,0.27298256754875183,0.2862187325954437,-0.013236165046691895
ip20_merged,bird_03,,control,crop_resize_0.1,,,4,,control/bird_03/purify/crop_resize_0.1/edit_seed4.png,0.033920541405677795,0.0844508558511734,-0.050530314445495605,0,0.232197105884552,0.2861751616001129,-0.05397805571556091
ip20_merged,bird_03,,control,diffpure_150,,,0,,control/bird_03/purify/diffpure_150/edit_seed0.png,0.024747824296355247,0.08644615113735199,-0.06169832684099674,0,0.23996105790138245,0.2973438501358032,-0.057382792234420776
ip20_merged,bird_03,,control,diffpure_150,,,1,,control/bird_03/purify/diffpure_150/edit_seed1.png,0.041114337742328644,0.08807101100683212,-0.04695667326450348,0,0.26729631423950195,0.2862914204597473,-0.01899510622024536
ip20_merged,bird_03,,control,diffpure_150,,,2,,control/bird_03/purify/diffpure_150/edit_seed2.png,0.02610447071492672,0.0948285385966301,-0.06872406788170338,0,0.24329882860183716,0.30096325278282166,-0.0576644241809845
ip20_merged,bird_03,,control,diffpure_150,,,3,,control/bird_03/purify/diffpure_150/edit_seed3.png,0.041808515787124634,0.09005167335271835,-0.04824315756559372,0,0.24652808904647827,0.2961847186088562,-0.04965662956237793
ip20_merged,bird_03,,control,diffpure_150,,,4,,control/bird_03/purify/diffpure_150/edit_seed4.png,0.021584924310445786,0.08846977353096008,-0.0668848492205143,0,0.23069849610328674,0.2820587158203125,-0.05136021971702576
ip20_merged,bird_03,,control,identity_0,,,0,,control/bird_03/purify/identity_0/edit_seed0.png,0.02343662455677986,0.08217409998178482,-0.05873747542500496,0,0.2511749863624573,0.28991493582725525,-0.038739949464797974
ip20_merged,bird_03,,control,identity_0,,,1,,control/bird_03/purify/identity_0/edit_seed1.png,0.042753130197525024,0.07758990675210953,-0.0348367765545845,0,0.25700315833091736,0.28893163800239563,-0.03192847967147827
ip20_merged,bird_03,,control,identity_0,,,2,,control/bird_03/purify/identity_0/edit_seed2.png,0.03117883950471878,0.08393942564725876,-0.05276058614253998,0,0.24706533551216125,0.30352842807769775,-0.0564630925655365
ip20_merged,bird_03,,control,identity_0,,,3,,control/bird_03/purify/identity_0/edit_seed3.png,0.016751058399677277,0.07967968285083771,-0.06292862445116043,0,0.25474977493286133,0.294981449842453,-0.040231674909591675
ip20_merged,bird_03,,control,identity_0,,,4,,control/bird_03/purify/identity_0/edit_seed4.png,0.03170131519436836,0.08368992805480957,-0.05198861286044121,0,0.25736236572265625,0.29450613260269165,-0.0371437668800354
ip20_merged,bird_03,,control,jpeg_30,,,0,,control/bird_03/purify/jpeg_30/edit_seed0.png,0.024289723485708237,0.08166371285915375,-0.05737398937344551,0,0.24407859146595,0.3031562566757202,-0.0590776652097702
ip20_merged,bird_03,,control,jpeg_30,,,1,,control/bird_03/purify/jpeg_30/edit_seed1.png,0.04020676016807556,0.07935052365064621,-0.03914376348257065,0,0.2598204016685486,0.2987269461154938,-0.03890654444694519
ip20_merged,bird_03,,control,jpeg_30,,,2,,control/bird_03/purify/jpeg_30/edit_seed2.png,0.03185632824897766,0.08705626428127289,-0.05519993603229523,0,0.24443617463111877,0.30589327216148376,-0.06145709753036499
ip20_merged,bird_03,,control,jpeg_30,,,3,,control/bird_03/purify/jpeg_30/edit_seed3.png,0.03816768899559975,0.08213094621896744,-0.04396325722336769,0,0.2626652121543884,0.2997765839099884,-0.037111371755599976
ip20_merged,bird_03,,control,jpeg_30,,,4,,control/bird_03/purify/jpeg_30/edit_seed4.png,0.03220833092927933,0.08605495095252991,-0.05384662002325058,0,0.2562045753002167,0.3014909029006958,-0.045286327600479126
ip20_merged,bird_03,,control,jpeg_75,,,0,,control/bird_03/purify/jpeg_75/edit_seed0.png,0.023173954337835312,0.07894106209278107,-0.055767107754945755,0,0.243499293923378,0.2976897358894348,-0.054190441966056824
ip20_merged,bird_03,,control,jpeg_75,,,1,,control/bird_03/purify/jpeg_75/edit_seed1.png,0.04462478309869766,0.08279135823249817,-0.03816657513380051,0,0.26067742705345154,0.2970196604728699,-0.036342233419418335
ip20_merged,bird_03,,control,jpeg_75,,,2,,control/bird_03/purify/jpeg_75/edit_seed2.png,0.033022440969944,0.08331546187400818,-0.05029302090406418,0,0.240562304854393,0.30598050355911255,-0.06541819870471954
ip20_merged,bird_03,,control,jpeg_75,,,3,,control/bird_03/purify/jpeg_75/edit_seed3.png,0.014001039788126945,0.07716670632362366,-0.06316566653549671,0,0.25768136978149414,0.2999802231788635,-0.042298853397369385
ip20_merged,bird_03,,control,jpeg_75,,,4,,control/bird_03/purify/jpeg_75/edit_seed4.png,0.02659168466925621,0.08326008170843124,-0.056668397039175034,0,0.2390238344669342,0.29787522554397583,-0.058851391077041626
ip20_merged,bird_03,,control,noise_0.01,,,0,,control/bird_03/purify/noise_0.01/edit_seed0.png,0.020496215671300888,0.08274589478969574,-0.06224967911839485,0,0.24938972294330597,0.28994035720825195,-0.040550634264945984
ip20_merged,bird_03,,control,noise_0.01,,,1,,control/bird_03/purify/noise_0.01/edit_seed1.png,0.03924309462308884,0.08173060417175293,-0.04248750954866409,0,0.24624298512935638,0.29232993721961975,-0.04608695209026337
ip20_merged,bird_03,,control,noise_0.01,,,2,,control/bird_03/purify/noise_0.01/edit_seed2.png,0.03084774874150753,0.08133360743522644,-0.05048585869371891,0,0.25304868817329407,0.2976522445678711,-0.044603556394577026
ip20_merged,bird_03,,control,noise_0.01,,,3,,control/bird_03/purify/noise_0.01/edit_seed3.png,0.01865091547369957,0.07820598036050797,-0.059555064886808395,0,0.25513508915901184,0.2943037450313568,-0.03916865587234497
ip20_merged,bird_03,,control,noise_0.01,,,4,,control/bird_03/purify/noise_0.01/edit_seed4.png,0.027379848062992096,0.08254024386405945,-0.05516039580106735,0,0.2490154355764389,0.2940709590911865,-0.04505552351474762
ip20_merged,bird_03,,control,noise_0.02,,,0,,control/bird_03/purify/noise_0.02/edit_seed0.png,0.027628403156995773,0.08231938630342484,-0.05469098314642906,0,0.24728427827358246,0.29654306173324585,-0.04925878345966339
ip20_merged,bird_03,,control,noise_0.02,,,1,,control/bird_03/purify/noise_0.02/edit_seed1.png,0.03112226165831089,0.08172999322414398,-0.05060773156583309,0,0.23887760937213898,0.2892903983592987,-0.05041278898715973
ip20_merged,bird_03,,control,noise_0.02,,,2,,control/bird_03/purify/noise_0.02/edit_seed2.png,0.030964061617851257,0.07862506061792374,-0.04766099900007248,0,0.24930548667907715,0.29228904843330383,-0.042983561754226685
ip20_merged,bird_03,,control,noise_0.02,,,3,,control/bird_03/purify/noise_0.02/edit_seed3.png,0.01923106424510479,0.07944247126579285,-0.06021140702068806,0,0.2530888617038727,0.28714990615844727,-0.034061044454574585
ip20_merged,bird_03,,control,noise_0.02,,,4,,control/bird_03/purify/noise_0.02/edit_seed4.png,0.025389298796653748,0.08006124198436737,-0.05467194318771362,0,0.24039870500564575,0.28894710540771484,-0.04854840040206909
ip20_merged,bird_03,,control,noise_0.04,,,0,,control/bird_03/purify/noise_0.04/edit_seed0.png,0.022544801235198975,0.08205829560756683,-0.05951349437236786,0,0.243978351354599,0.2972941994667053,-0.05331584811210632
ip20_merged,bird_03,,control,noise_0.04,,,1,,control/bird_03/purify/noise_0.04/edit_seed1.png,0.022415688261389732,0.08568362891674042,-0.06326794065535069,0,0.2375456541776657,0.28600093722343445,-0.04845528304576874
ip20_merged,bird_03,,control,noise_0.04,,,2,,control/bird_03/purify/noise_0.04/edit_seed2.png,0.027903512120246887,0.07927441596984863,-0.051370903849601746,0,0.23287439346313477,0.28474509716033936,-0.05187070369720459
ip20_merged,bird_03,,control,noise_0.04,,,3,,control/bird_03/purify/noise_0.04/edit_seed3.png,0.02245272696018219,0.07823097705841064,-0.055778250098228455,0,0.2384922057390213,0.27499115467071533,-0.03649894893169403
ip20_merged,bird_03,,control,noise_0.04,,,4,,control/bird_03/purify/noise_0.04/edit_seed4.png,0.021238990128040314,0.07789096236228943,-0.056651972234249115,0,0.2376369684934616,0.28471457958221436,-0.04707761108875275
ip20_merged,bird_03,,control,noise_0.08,,,0,,control/bird_03/purify/noise_0.08/edit_seed0.png,0.023434149101376534,0.08861479163169861,-0.06518064253032207,0,0.24128398299217224,0.2925672233104706,-0.05128324031829834
ip20_merged,bird_03,,control,noise_0.08,,,1,,control/bird_03/purify/noise_0.08/edit_seed1.png,0.02429124154150486,0.09068750590085983,-0.06639626435935497,0,0.24144330620765686,0.28602927923202515,-0.044585973024368286
ip20_merged,bird_03,,control,noise_0.08,,,2,,control/bird_03/purify/noise_0.08/edit_seed2.png,0.0292026549577713,0.08655374497175217,-0.057351090013980865,0,0.23283378779888153,0.28297191858291626,-0.05013813078403473
ip20_merged,bird_03,,control,noise_0.08,,,3,,control/bird_03/purify/noise_0.08/edit_seed3.png,0.016491131857037544,0.08635875582695007,-0.06986762396991253,0,0.2417239248752594,0.2818453907966614,-0.04012146592140198
ip20_merged,bird_03,,control,noise_0.08,,,4,,control/bird_03/purify/noise_0.08/edit_seed4.png,0.027939531952142715,0.09021899104118347,-0.062279459089040756,0,0.24353532493114471,0.2864431142807007,-0.04290778934955597
ip20_merged,bird_03,,control,quantize_16,,,0,,control/bird_03/purify/quantize_16/edit_seed0.png,0.0172728318721056,0.08387961238622665,-0.06660678051412106,0,0.23609255254268646,0.2963293790817261,-0.06023682653903961
ip20_merged,bird_03,,control,quantize_16,,,1,,control/bird_03/purify/quantize_16/edit_seed1.png,0.02641870453953743,0.07960932701826096,-0.053190622478723526,0,0.24281427264213562,0.2827802300453186,-0.03996595740318298
ip20_merged,bird_03,,control,quantize_16,,,2,,control/bird_03/purify/quantize_16/edit_seed2.png,0.029193483293056488,0.08667047321796417,-0.057476989924907684,0,0.2277500331401825,0.29121705889701843,-0.06346702575683594
ip20_merged,bird_03,,control,quantize_16,,,3,,control/bird_03/purify/quantize_16/edit_seed3.png,0.03875333070755005,0.08417131006717682,-0.04541797935962677,0,0.2625299394130707,0.28338393568992615,-0.02085399627685547
ip20_merged,bird_03,,control,quantize_16,,,4,,control/bird_03/purify/quantize_16/edit_seed4.png,0.02776143327355385,0.08761350810527802,-0.05985207483172417,0,0.24726639688014984,0.295194149017334,-0.04792775213718414
ip20_merged,bird_03,,control,quantize_32,,,0,,control/bird_03/purify/quantize_32/edit_seed0.png,0.019807858392596245,0.0810658186674118,-0.06125796027481556,0,0.24373453855514526,0.2909456789493561,-0.047211140394210815
ip20_merged,bird_03,,control,quantize_32,,,1,,control/bird_03/purify/quantize_32/edit_seed1.png,0.029576394706964493,0.08530708402395248,-0.05573068931698799,0,0.24972867965698242,0.29426997900009155,-0.04454129934310913
ip20_merged,bird_03,,control,quantize_32,,,2,,control/bird_03/purify/quantize_32/edit_seed2.png,0.03181770443916321,0.08377263695001602,-0.051954932510852814,0,0.23876988887786865,0.2940942645072937,-0.05532437562942505
ip20_merged,bird_03,,control,quantize_32,,,3,,control/bird_03/purify/quantize_32/edit_seed3.png,0.01999443769454956,0.08139555156230927,-0.061401113867759705,0,0.25562185049057007,0.29685404896736145,-0.04123219847679138
ip20_merged,bird_03,,control,quantize_32,,,4,,control/bird_03/purify/quantize_32/edit_seed4.png,0.027826227247714996,0.08480609953403473,-0.05697987228631973,0,0.25171899795532227,0.2916283905506134,-0.03990939259529114
ip20_merged,bird_03,,control,quantize_64,,,0,,control/bird_03/purify/quantize_64/edit_seed0.png,0.02105659246444702,0.08246846497058868,-0.06141187250614166,0,0.24911241233348846,0.2916150391101837,-0.04250262677669525
ip20_merged,bird_03,,control,quantize_64,,,1,,control/bird_03/purify/quantize_64/edit_seed1.png,0.048062242567539215,0.07702668011188507,-0.028964437544345856,0,0.25762876868247986,0.29054564237594604,-0.032916873693466187
ip20_merged,bird_03,,control,quantize_64,,,2,,control/bird_03/purify/quantize_64/edit_seed2.png,0.030825089663267136,0.08135867118835449,-0.05053358152508736,0,0.24451491236686707,0.2993372678756714,-0.05482235550880432
ip20_merged,bird_03,,control,quantize_64,,,3,,control/bird_03/purify/quantize_64/edit_seed3.png,0.01439148373901844,0.08044537156820297,-0.06605388782918453,0,0.25673070549964905,0.2953464984893799,-0.038615792989730835
ip20_merged,bird_03,,control,quantize_64,,,4,,control/bird_03/purify/quantize_64/edit_seed4.png,0.028260305523872375,0.08259746432304382,-0.05433715879917145,0,0.2546919882297516,0.29724791646003723,-0.042555928230285645
ip20_merged,bird_03,,control,quantize_8,,,0,,control/bird_03/purify/quantize_8/edit_seed0.png,0.03423686325550079,0.09895910322666168,-0.06472223997116089,0,0.23636779189109802,0.2880288362503052,-0.05166104435920715
ip20_merged,bird_03,,control,quantize_8,,,1,,control/bird_03/purify/quantize_8/edit_seed1.png,0.04180698096752167,0.0974697545170784,-0.05566277354955673,0,0.24385006725788116,0.2818663418292999,-0.03801627457141876
ip20_merged,bird_03,,control,quantize_8,,,2,,control/bird_03/purify/quantize_8/edit_seed2.png,0.04327806830406189,0.09837964177131653,-0.05510157346725464,0,0.2291373312473297,0.2925306260585785,-0.06339329481124878
ip20_merged,bird_03,,control,quantize_8,,,3,,control/bird_03/purify/quantize_8/edit_seed3.png,0.035627830773591995,0.0953398272395134,-0.0597119964659214,0,0.24848651885986328,0.2870601713657379,-0.038573652505874634
ip20_merged,bird_03,,control,quantize_8,,,4,,control/bird_03/purify/quantize_8/edit_seed4.png,0.034330978989601135,0.09590591490268707,-0.06157493591308594,0,0.23137487471103668,0.28352463245391846,-0.052149757742881775
ip20_merged,bird_03,bird,apa,adverse_cleaner_0,adverse_cleaner,0.0,0,0.04,apa/bird_03/purify/adverse_cleaner_0/edit_tau0.04_seed0.png,0.03154128044843674,0.08626575767993927,-0.05472447723150253,0,0.24655655026435852,0.3008885681629181,-0.05433201789855957
ip20_merged,bird_03,bird,apa,adverse_cleaner_0,adverse_cleaner,0.0,1,0.04,apa/bird_03/purify/adverse_cleaner_0/edit_tau0.04_seed1.png,0.042776335030794144,0.09126467257738113,-0.04848833754658699,0,0.2599356174468994,0.3065841794013977,-0.04664856195449829
ip20_merged,bird_03,bird,apa,adverse_cleaner_0,adverse_cleaner,0.0,2,0.04,apa/bird_03/purify/adverse_cleaner_0/edit_tau0.04_seed2.png,0.03510325029492378,0.08977711200714111,-0.05467386171221733,0,0.24825716018676758,0.3084150552749634,-0.0601578950881958
ip20_merged,bird_03,bird,apa,adverse_cleaner_0,adverse_cleaner,0.0,3,0.04,apa/bird_03/purify/adverse_cleaner_0/edit_tau0.04_seed3.png,0.02389160357415676,0.08798624575138092,-0.06409464217722416,0,0.25905752182006836,0.3047035336494446,-0.04564601182937622
ip20_merged,bird_03,bird,apa,adverse_cleaner_0,adverse_cleaner,0.0,4,0.04,apa/bird_03/purify/adverse_cleaner_0/edit_tau0.04_seed4.png,0.0258638896048069,0.08737614750862122,-0.061512257903814316,0,0.24239034950733185,0.30237889289855957,-0.05998854339122772
ip20_merged,bird_03,bird,apa,blur_0.5,blur,0.5,0,0.04,apa/bird_03/purify/blur_0.5/edit_tau0.04_seed0.png,0.02551921084523201,0.08638462424278259,-0.06086541339755058,0,0.24267074465751648,0.3013531565666199,-0.058682411909103394
ip20_merged,bird_03,bird,apa,blur_0.5,blur,0.5,1,0.04,apa/bird_03/purify/blur_0.5/edit_tau0.04_seed1.png,0.04386693984270096,0.08780555427074432,-0.043938614428043365,0,0.24691838026046753,0.30005037784576416,-0.05313199758529663
ip20_merged,bird_03,bird,apa,blur_0.5,blur,0.5,2,0.04,apa/bird_03/purify/blur_0.5/edit_tau0.04_seed2.png,0.04066038131713867,0.08824096620082855,-0.04758058488368988,0,0.24231794476509094,0.3011440336704254,-0.05882608890533447
ip20_merged,bird_03,bird,apa,blur_0.5,blur,0.5,3,0.04,apa/bird_03/purify/blur_0.5/edit_tau0.04_seed3.png,0.02091217041015625,0.08407415449619293,-0.06316198408603668,0,0.25717052817344666,0.29310357570648193,-0.03593304753303528
ip20_merged,bird_03,bird,apa,blur_0.5,blur,0.5,4,0.04,apa/bird_03/purify/blur_0.5/edit_tau0.04_seed4.png,0.03385210037231445,0.08683135360479355,-0.052979253232479095,0,0.2309955656528473,0.2885133624076843,-0.057517796754837036
ip20_merged,bird_03,bird,apa,blur_1,blur,1.0,0,0.04,apa/bird_03/purify/blur_1/edit_tau0.04_seed0.png,0.026860788464546204,0.09054134786128998,-0.06368055939674377,0,0.24154189229011536,0.29934507608413696,-0.057803183794021606
ip20_merged,bird_03,bird,apa,blur_1,blur,1.0,1,0.04,apa/bird_03/purify/blur_1/edit_tau0.04_seed1.png,0.034324344247579575,0.09194877743721008,-0.05762443318963051,0,0.2672843933105469,0.2966757118701935,-0.029391318559646606
ip20_merged,bird_03,bird,apa,blur_1,blur,1.0,2,0.04,apa/bird_03/purify/blur_1/edit_tau0.04_seed2.png,0.04518597573041916,0.09414898604154587,-0.04896301031112671,0,0.24192160367965698,0.2995333671569824,-0.05761176347732544
ip20_merged,bird_03,bird,apa,blur_1,blur,1.0,3,0.04,apa/bird_03/purify/blur_1/edit_tau0.04_seed3.png,0.02306751161813736,0.09128975123167038,-0.06822223961353302,0,0.2530736029148102,0.29578453302383423,-0.04271093010902405
ip20_merged,bird_03,bird,apa,blur_1,blur,1.0,4,0.04,apa/bird_03/purify/blur_1/edit_tau0.04_seed4.png,0.031481966376304626,0.09068679809570312,-0.0592048317193985,0,0.2309606373310089,0.2883603572845459,-0.05739971995353699
ip20_merged,bird_03,bird,apa,blur_2,blur,2.0,0,0.04,apa/bird_03/purify/blur_2/edit_tau0.04_seed0.png,0.038655757904052734,0.09975512325763702,-0.06109936535358429,0,0.23536768555641174,0.2939337193965912,-0.05856603384017944
ip20_merged,bird_03,bird,apa,blur_2,blur,2.0,1,0.04,apa/bird_03/purify/blur_2/edit_tau0.04_seed1.png,0.03754782676696777,0.09544665366411209,-0.05789882689714432,0,0.24413403868675232,0.2900327444076538,-0.04589870572090149
ip20_merged,bird_03,bird,apa,blur_2,blur,2.0,2,0.04,apa/bird_03/purify/blur_2/edit_tau0.04_seed2.png,0.04939841479063034,0.10416127741336823,-0.054762862622737885,0,0.242857426404953,0.30439943075180054,-0.061542004346847534
ip20_merged,bird_03,bird,apa,blur_2,blur,2.0,3,0.04,apa/bird_03/purify/blur_2/edit_tau0.04_seed3.png,0.03815290704369545,0.1057087853550911,-0.06755587831139565,0,0.24525997042655945,0.29272058606147766,-0.04746061563491821
ip20_merged,bird_03,bird,apa,blur_2,blur,2.0,4,0.04,apa/bird_03/purify/blur_2/edit_tau0.04_seed4.png,0.036269307136535645,0.09900465607643127,-0.06273534893989563,0,0.23664310574531555,0.29836779832839966,-0.061724692583084106
ip20_merged,bird_03,bird,apa,blur_3,blur,3.0,0,0.04,apa/bird_03/purify/blur_3/edit_tau0.04_seed0.png,0.03253662586212158,0.09680496156215668,-0.0642683357000351,0,0.22952714562416077,0.2877677083015442,-0.05824056267738342
ip20_merged,bird_03,bird,apa,blur_3,blur,3.0,1,0.04,apa/bird_03/purify/blur_3/edit_tau0.04_seed1.png,0.051914140582084656,0.09840245544910431,-0.04648831486701965,0,0.2333221435546875,0.276604026556015,-0.043281883001327515
ip20_merged,bird_03,bird,apa,blur_3,blur,3.0,2,0.04,apa/bird_03/purify/blur_3/edit_tau0.04_seed2.png,0.040456920862197876,0.10461674630641937,-0.0641598254442215,0,0.24464452266693115,0.3013778328895569,-0.05673331022262573
ip20_merged,bird_03,bird,apa,blur_3,blur,3.0,3,0.04,apa/bird_03/purify/blur_3/edit_tau0.04_seed3.png,0.04151499271392822,0.10276402533054352,-0.061249032616615295,0,0.23970317840576172,0.29348990321159363,-0.05378672480583191
ip20_merged,bird_03,bird,apa,blur_3,blur,3.0,4,0.04,apa/bird_03/purify/blur_3/edit_tau0.04_seed4.png,0.036490947008132935,0.10259348899126053,-0.0661025419831276,0,0.2384324073791504,0.29917603731155396,-0.060743629932403564
ip20_merged,bird_03,bird,apa,crop_resize_0.1,crop_resize,0.1,0,0.04,apa/bird_03/purify/crop_resize_0.1/edit_tau0.04_seed0.png,0.024948276579380035,0.08326388895511627,-0.05831561237573624,0,0.2318977415561676,0.2934320867061615,-0.061534345149993896
ip20_merged,bird_03,bird,apa,crop_resize_0.1,crop_resize,0.1,1,0.04,apa/bird_03/purify/crop_resize_0.1/edit_tau0.04_seed1.png,0.053232163190841675,0.0848027914762497,-0.03157062828540802,0,0.24450483918190002,0.29282712936401367,-0.04832229018211365
ip20_merged,bird_03,bird,apa,crop_resize_0.1,crop_resize,0.1,2,0.04,apa/bird_03/purify/crop_resize_0.1/edit_tau0.04_seed2.png,0.034918516874313354,0.08790016174316406,-0.05298164486885071,0,0.2370680421590805,0.29602691531181335,-0.05895887315273285
ip20_merged,bird_03,bird,apa,crop_resize_0.1,crop_resize,0.1,3,0.04,apa/bird_03/purify/crop_resize_0.1/edit_tau0.04_seed3.png,0.05073798447847366,0.09182634949684143,-0.04108836501836777,0,0.2432301938533783,0.2953716516494751,-0.0521414577960968
ip20_merged,bird_03,bird,apa,crop_resize_0.1,crop_resize,0.1,4,0.04,apa/bird_03/purify/crop_resize_0.1/edit_tau0.04_seed4.png,0.04335574060678482,0.08947490900754929,-0.046119168400764465,0,0.23078887164592743,0.29094284772872925,-0.06015397608280182
ip20_merged,bird_03,bird,apa,diffpure_150,diffpure,150,0,0.04,apa/bird_03/purify/diffpure_150/edit_tau0.04_seed0.png,0.03184228390455246,0.08634290099143982,-0.05450061708688736,0,0.2386532872915268,0.2903577983379364,-0.05170451104640961
ip20_merged,bird_03,bird,apa,diffpure_150,diffpure,150,1,0.04,apa/bird_03/purify/diffpure_150/edit_tau0.04_seed1.png,0.038568828254938126,0.0877365991473198,-0.04916777089238167,0,0.24584557116031647,0.29508495330810547,-0.049239382147789
ip20_merged,bird_03,bird,apa,diffpure_150,diffpure,150,2,0.04,apa/bird_03/purify/diffpure_150/edit_tau0.04_seed2.png,0.03443324565887451,0.09184958040714264,-0.05741633474826813,0,0.24184954166412354,0.30037057399749756,-0.05852103233337402
ip20_merged,bird_03,bird,apa,diffpure_150,diffpure,150,3,0.04,apa/bird_03/purify/diffpure_150/edit_tau0.04_seed3.png,0.03973962739109993,0.08569389581680298,-0.04595426842570305,0,0.2612561881542206,0.2898601293563843,-0.028603941202163696
ip20_merged,bird_03,bird,apa,diffpure_150,diffpure,150,4,0.04,apa/bird_03/purify/diffpure_150/edit_tau0.04_seed4.png,0.03293805196881294,0.08753030002117157,-0.05459224805235863,0,0.23465736210346222,0.28494781255722046,-0.05029045045375824
ip20_merged,bird_03,bird,apa,identity_0,identity,0.0,0,0.04,apa/bird_03/purify/identity_0/edit_tau0.04_seed0.png,0.02295570634305477,0.08496411144733429,-0.06200840510427952,0,0.2448681890964508,0.30149582028388977,-0.056627631187438965
ip20_merged,bird_03,bird,apa,identity_0,identity,0.0,1,0.04,apa/bird_03/purify/identity_0/edit_tau0.04_seed1.png,0.04291040450334549,0.08688198029994965,-0.043971575796604156,0,0.24451154470443726,0.2999380826950073,-0.05542653799057007
ip20_merged,bird_03,bird,apa,identity_0,identity,0.0,2,0.04,apa/bird_03/purify/identity_0/edit_tau0.04_seed2.png,0.038815177977085114,0.08574257791042328,-0.046927399933338165,0,0.2424539029598236,0.30102667212486267,-0.05857276916503906
ip20_merged,bird_03,bird,apa,identity_0,identity,0.0,3,0.04,apa/bird_03/purify/identity_0/edit_tau0.04_seed3.png,0.01952558197081089,0.08237992227077484,-0.06285434029996395,0,0.25882765650749207,0.29262444376945496,-0.03379678726196289
ip20_merged,bird_03,bird,apa,identity_0,identity,0.0,4,0.04,apa/bird_03/purify/identity_0/edit_tau0.04_seed4.png,0.036612026393413544,0.08779542148113251,-0.051183395087718964,0,0.2342114895582199,0.2908690869808197,-0.05665759742259979
ip20_merged,bird_03,bird,apa,jpeg_30,jpeg,30,0,0.04,apa/bird_03/purify/jpeg_30/edit_tau0.04_seed0.png,0.02623007446527481,0.09180654585361481,-0.06557647138834,0,0.2459591031074524,0.30008572340011597,-0.054126620292663574
ip20_merged,bird_03,bird,apa,jpeg_30,jpeg,30,1,0.04,apa/bird_03/purify/jpeg_30/edit_tau0.04_seed1.png,0.033725105226039886,0.09341102838516235,-0.05968592315912247,0,0.258991539478302,0.30018919706344604,-0.04119765758514404
ip20_merged,bird_03,bird,apa,jpeg_30,jpeg,30,2,0.04,apa/bird_03/purify/jpeg_30/edit_tau0.04_seed2.png,0.042601313441991806,0.09334361553192139,-0.05074230208992958,0,0.24162094295024872,0.30035626888275146,-0.05873532593250275
ip20_merged,bird_03,bird,apa,jpeg_30,jpeg,30,3,0.04,apa/bird_03/purify/jpeg_30/edit_tau0.04_seed3.png,0.028859887272119522,0.09242831915616989,-0.06356843188405037,0,0.258394718170166,0.2889021337032318,-0.030507415533065796
ip20_merged,bird_03,bird,apa,jpeg_30,jpeg,30,4,0.04,apa/bird_03/purify/jpeg_30/edit_tau0.04_seed4.png,0.03937618061900139,0.09160266816616058,-0.052226487547159195,0,0.2360239177942276,0.29316699504852295,-0.05714307725429535
ip20_merged,bird_03,bird,apa,jpeg_75,jpeg,75,0,0.04,apa/bird_03/purify/jpeg_75/edit_tau0.04_seed0.png,0.02046538144350052,0.08650928735733032,-0.0660439059138298,0,0.2437044233083725,0.30137625336647034,-0.05767183005809784
ip20_merged,bird_03,bird,apa,jpeg_75,jpeg,75,1,0.04,apa/bird_03/purify/jpeg_75/edit_tau0.04_seed1.png,0.03875657171010971,0.08610321581363678,-0.04734664410352707,0,0.242893785238266,0.30061250925064087,-0.05771872401237488
ip20_merged,bird_03,bird,apa,jpeg_75,jpeg,75,2,0.04,apa/bird_03/purify/jpeg_75/edit_tau0.04_seed2.png,0.03582537919282913,0.08693793416023254,-0.05111255496740341,0,0.23908022046089172,0.3022056221961975,-0.06312540173530579
ip20_merged,bird_03,bird,apa,jpeg_75,jpeg,75,3,0.04,apa/bird_03/purify/jpeg_75/edit_tau0.04_seed3.png,0.02246173843741417,0.09203897416591644,-0.06957723572850227,0,0.2491154819726944,0.2914105951786041,-0.04229511320590973
ip20_merged,bird_03,bird,apa,jpeg_75,jpeg,75,4,0.04,apa/bird_03/purify/jpeg_75/edit_tau0.04_seed4.png,0.031195444986224174,0.0872606486082077,-0.05606520362198353,0,0.23067890107631683,0.29077979922294617,-0.060100898146629333
ip20_merged,bird_03,bird,apa,noise_0.01,noise,0.01,0,0.04,apa/bird_03/purify/noise_0.01/edit_tau0.04_seed0.png,0.023282311856746674,0.08663442730903625,-0.06335211545228958,0,0.2460446059703827,0.302137553691864,-0.05609294772148132
ip20_merged,bird_03,bird,apa,noise_0.01,noise,0.01,1,0.04,apa/bird_03/purify/noise_0.01/edit_tau0.04_seed1.png,0.04243073612451553,0.08643513917922974,-0.0440044030547142,0,0.24341464042663574,0.29422977566719055,-0.05081513524055481
ip20_merged,bird_03,bird,apa,noise_0.01,noise,0.01,2,0.04,apa/bird_03/purify/noise_0.01/edit_tau0.04_seed2.png,0.04005446285009384,0.08760698139667511,-0.04755251854658127,0,0.23924754559993744,0.2969810366630554,-0.05773349106311798
ip20_merged,bird_03,bird,apa,noise_0.01,noise,0.01,3,0.04,apa/bird_03/purify/noise_0.01/edit_tau0.04_seed3.png,0.027344290167093277,0.08898121118545532,-0.061636921018362045,0,0.2456209808588028,0.2879871129989624,-0.04236613214015961
ip20_merged,bird_03,bird,apa,noise_0.01,noise,0.01,4,0.04,apa/bird_03/purify/noise_0.01/edit_tau0.04_seed4.png,0.03220776468515396,0.08800355345010757,-0.05579578876495361,0,0.23630276322364807,0.29102063179016113,-0.05471786856651306
ip20_merged,bird_03,bird,apa,noise_0.02,noise,0.02,0,0.04,apa/bird_03/purify/noise_0.02/edit_tau0.04_seed0.png,0.02090277336537838,0.08536826074123383,-0.06446548737585545,0,0.2460108995437622,0.3001726269721985,-0.05416172742843628
ip20_merged,bird_03,bird,apa,noise_0.02,noise,0.02,1,0.04,apa/bird_03/purify/noise_0.02/edit_tau0.04_seed1.png,0.04488420486450195,0.08666442334651947,-0.04178021848201752,0,0.24103796482086182,0.2915918827056885,-0.05055391788482666
ip20_merged,bird_03,bird,apa,noise_0.02,noise,0.02,2,0.04,apa/bird_03/purify/noise_0.02/edit_tau0.04_seed2.png,0.038111161440610886,0.08790850639343262,-0.04979734495282173,0,0.23606428503990173,0.29559439420700073,-0.059530109167099
ip20_merged,bird_03,bird,apa,noise_0.02,noise,0.02,3,0.04,apa/bird_03/purify/noise_0.02/edit_tau0.04_seed3.png,0.024358123540878296,0.08902552723884583,-0.06466740369796753,0,0.23555102944374084,0.28033018112182617,-0.04477915167808533
ip20_merged,bird_03,bird,apa,noise_0.02,noise,0.02,4,0.04,apa/bird_03/purify/noise_0.02/edit_tau0.04_seed4.png,0.029522325843572617,0.08528049290180206,-0.055758167058229446,0,0.23721863329410553,0.2903676927089691,-0.053149059414863586
ip20_merged,bird_03,bird,apa,noise_0.04,noise,0.04,0,0.04,apa/bird_03/purify/noise_0.04/edit_tau0.04_seed0.png,0.02482699416577816,0.09100696444511414,-0.06617997027933598,0,0.2451757788658142,0.29758673906326294,-0.05241096019744873
ip20_merged,bird_03,bird,apa,noise_0.04,noise,0.04,1,0.04,apa/bird_03/purify/noise_0.04/edit_tau0.04_seed1.png,0.04644966125488281,0.08985324203968048,-0.04340358078479767,0,0.24183869361877441,0.2916147708892822,-0.04977607727050781
ip20_merged,bird_03,bird,apa,noise_0.04,noise,0.04,2,0.04,apa/bird_03/purify/noise_0.04/edit_tau0.04_seed2.png,0.03022768720984459,0.08914779126644135,-0.058920104056596756,0,0.2353830635547638,0.2912171483039856,-0.0558340847492218
ip20_merged,bird_03,bird,apa,noise_0.04,noise,0.04,3,0.04,apa/bird_03/purify/noise_0.04/edit_tau0.04_seed3.png,0.026011165231466293,0.09145887196063995,-0.06544770672917366,0,0.23854081332683563,0.28006625175476074,-0.04152543842792511
ip20_merged,bird_03,bird,apa,noise_0.04,noise,0.04,4,0.04,apa/bird_03/purify/noise_0.04/edit_tau0.04_seed4.png,0.027589283883571625,0.08857747912406921,-0.06098819524049759,0,0.24415411055088043,0.29265671968460083,-0.0485026091337204
ip20_merged,bird_03,bird,apa,noise_0.08,noise,0.08,0,0.04,apa/bird_03/purify/noise_0.08/edit_tau0.04_seed0.png,0.03308194503188133,0.10022544860839844,-0.0671435035765171,0,0.23951587080955505,0.2945347726345062,-0.05501890182495117
ip20_merged,bird_03,bird,apa,noise_0.08,noise,0.08,1,0.04,apa/bird_03/purify/noise_0.08/edit_tau0.04_seed1.png,0.033792585134506226,0.09625115990638733,-0.062458574771881104,0,0.23967787623405457,0.286013662815094,-0.04633578658103943
ip20_merged,bird_03,bird,apa,noise_0.08,noise,0.08,2,0.04,apa/bird_03/purify/noise_0.08/edit_tau0.04_seed2.png,0.03558715432882309,0.09648843109607697,-0.060901276767253876,0,0.23723706603050232,0.29251688718795776,-0.055279821157455444
ip20_merged,bird_03,bird,apa,noise_0.08,noise,0.08,3,0.04,apa/bird_03/purify/noise_0.08/edit_tau0.04_seed3.png,0.049540966749191284,0.09628744423389435,-0.046746477484703064,0,0.254136323928833,0.2810593545436859,-0.026923030614852905
ip20_merged,bird_03,bird,apa,noise_0.08,noise,0.08,4,0.04,apa/bird_03/purify/noise_0.08/edit_tau0.04_seed4.png,0.031829848885536194,0.09590471535921097,-0.06407486647367477,0,0.2480829954147339,0.29471951723098755,-0.04663652181625366
ip20_merged,bird_03,bird,apa,quantize_16,quantize,16,0,0.04,apa/bird_03/purify/quantize_16/edit_tau0.04_seed0.png,0.030148817226290703,0.09406810998916626,-0.06391929276287556,0,0.23591555655002594,0.29444706439971924,-0.0585315078496933
ip20_merged,bird_03,bird,apa,quantize_16,quantize,16,1,0.04,apa/bird_03/purify/quantize_16/edit_tau0.04_seed1.png,0.059479642659425735,0.09347545355558395,-0.03399581089615822,0,0.24357591569423676,0.29570260643959045,-0.0521266907453537
ip20_merged,bird_03,bird,apa,quantize_16,quantize,16,2,0.04,apa/bird_03/purify/quantize_16/edit_tau0.04_seed2.png,0.04175584390759468,0.09828507155179977,-0.05652922764420509,0,0.24115553498268127,0.3020453453063965,-0.06088981032371521
ip20_merged,bird_03,bird,apa,quantize_16,quantize,16,3,0.04,apa/bird_03/purify/quantize_16/edit_tau0.04_seed3.png,0.039153266698122025,0.09739965200424194,-0.05824638530611992,0,0.24329784512519836,0.2946733236312866,-0.05137547850608826
ip20_merged,bird_03,bird,apa,quantize_16,quantize,16,4,0.04,apa/bird_03/purify/quantize_16/edit_tau0.04_seed4.png,0.04235568270087242,0.09749209880828857,-0.05513641610741615,0,0.23503628373146057,0.2927156686782837,-0.05767938494682312
ip20_merged,bird_03,bird,apa,quantize_32,quantize,32,0,0.04,apa/bird_03/purify/quantize_32/edit_tau0.04_seed0.png,0.022274229675531387,0.0867498442530632,-0.06447561457753181,0,0.2458130568265915,0.3004499673843384,-0.05463691055774689
ip20_merged,bird_03,bird,apa,quantize_32,quantize,32,1,0.04,apa/bird_03/purify/quantize_32/edit_tau0.04_seed1.png,0.043015822768211365,0.08962246775627136,-0.04660664498806,0,0.2446596622467041,0.2957495450973511,-0.05108988285064697
ip20_merged,bird_03,bird,apa,quantize_32,quantize,32,2,0.04,apa/bird_03/purify/quantize_32/edit_tau0.04_seed2.png,0.04100736975669861,0.08939223736524582,-0.04838486760854721,0,0.24300602078437805,0.3006489872932434,-0.057642966508865356
ip20_merged,bird_03,bird,apa,quantize_32,quantize,32,3,0.04,apa/bird_03/purify/quantize_32/edit_tau0.04_seed3.png,0.025302289053797722,0.08506268262863159,-0.05976039357483387,0,0.2525956630706787,0.29016515612602234,-0.03756949305534363
ip20_merged,bird_03,bird,apa,quantize_32,quantize,32,4,0.04,apa/bird_03/purify/quantize_32/edit_tau0.04_seed4.png,0.031103629618883133,0.08786916732788086,-0.056765537708997726,0,0.2396920621395111,0.29059699177742004,-0.050904929637908936
ip20_merged,bird_03,bird,apa,quantize_64,quantize,64,0,0.04,apa/bird_03/purify/quantize_64/edit_tau0.04_seed0.png,0.022639181464910507,0.08561450242996216,-0.06297532096505165,0,0.24434709548950195,0.30095723271369934,-0.05661013722419739
ip20_merged,bird_03,bird,apa,quantize_64,quantize,64,1,0.04,apa/bird_03/purify/quantize_64/edit_tau0.04_seed1.png,0.04407636821269989,0.08659647405147552,-0.042520105838775635,0,0.24444684386253357,0.29719826579093933,-0.05275142192840576
ip20_merged,bird_03,bird,apa,quantize_64,quantize,64,2,0.04,apa/bird_03/purify/quantize_64/edit_tau0.04_seed2.png,0.03849773854017258,0.08728406578302383,-0.04878632724285126,0,0.24222606420516968,0.3004322648048401,-0.05820620059967041
ip20_merged,bird_03,bird,apa,quantize_64,quantize,64,3,0.04,apa/bird_03/purify/quantize_64/edit_tau0.04_seed3.png,0.01979481428861618,0.08344186842441559,-0.06364705413579941,0,0.25326716899871826,0.2911643385887146,-0.03789716958999634
ip20_merged,bird_03,bird,apa,quantize_64,quantize,64,4,0.04,apa/bird_03/purify/quantize_64/edit_tau0.04_seed4.png,0.035500556230545044,0.0884070098400116,-0.05290645360946655,0,0.23583641648292542,0.2913529872894287,-0.055516570806503296
ip20_merged,bird_03,bird,apa,quantize_8,quantize,8,0,0.04,apa/bird_03/purify/quantize_8/edit_tau0.04_seed0.png,0.0405430868268013,0.10551293194293976,-0.06496984511613846,0,0.24083998799324036,0.3014770448207855,-0.060637056827545166
ip20_merged,bird_03,bird,apa,quantize_8,quantize,8,1,0.04,apa/bird_03/purify/quantize_8/edit_tau0.04_seed1.png,0.06429880857467651,0.1016649454832077,-0.03736613690853119,0,0.2460467368364334,0.297895610332489,-0.0518488734960556
ip20_merged,bird_03,bird,apa,quantize_8,quantize,8,2,0.04,apa/bird_03/purify/quantize_8/edit_tau0.04_seed2.png,0.03828715533018112,0.09992959350347519,-0.06164243817329407,0,0.23675036430358887,0.29423871636390686,-0.05748835206031799
ip20_merged,bird_03,bird,apa,quantize_8,quantize,8,3,0.04,apa/bird_03/purify/quantize_8/edit_tau0.04_seed3.png,0.04431299492716789,0.10222174227237701,-0.05790874734520912,0,0.2495483011007309,0.29457905888557434,-0.045030757784843445
ip20_merged,bird_03,bird,apa,quantize_8,quantize,8,4,0.04,apa/bird_03/purify/quantize_8/edit_tau0.04_seed4.png,0.038120582699775696,0.10161937028169632,-0.06349878758192062,0,0.226992666721344,0.2947028577327728,-0.06771019101142883
ip20_merged,bird_03,bird,Ra,adverse_cleaner_0,adverse_cleaner,0.0,0,0.04,Ra/bird_03/purify/adverse_cleaner_0/edit_tau0.04_seed0.png,0.019389541819691658,0.087370365858078,-0.06798082403838634,0,0.2470443844795227,0.2972921133041382,-0.05024772882461548
ip20_merged,bird_03,bird,Ra,adverse_cleaner_0,adverse_cleaner,0.0,1,0.04,Ra/bird_03/purify/adverse_cleaner_0/edit_tau0.04_seed1.png,0.01973559521138668,0.08437695354223251,-0.06464135833084583,0,0.2557428777217865,0.2912527918815613,-0.03550991415977478
ip20_merged,bird_03,bird,Ra,adverse_cleaner_0,adverse_cleaner,0.0,2,0.04,Ra/bird_03/purify/adverse_cleaner_0/edit_tau0.04_seed2.png,0.019485503435134888,0.08769513666629791,-0.06820963323116302,0,0.24577470123767853,0.29349789023399353,-0.047723188996315
ip20_merged,bird_03,bird,Ra,adverse_cleaner_0,adverse_cleaner,0.0,3,0.04,Ra/bird_03/purify/adverse_cleaner_0/edit_tau0.04_seed3.png,0.028240825980901718,0.08563104271888733,-0.05739021673798561,0,0.2553269863128662,0.2977173924446106,-0.042390406131744385
ip20_merged,bird_03,bird,Ra,adverse_cleaner_0,adverse_cleaner,0.0,4,0.04,Ra/bird_03/purify/adverse_cleaner_0/edit_tau0.04_seed4.png,0.025016896426677704,0.08531184494495392,-0.060294948518276215,0,0.24293848872184753,0.30288174748420715,-0.05994325876235962
ip20_merged,bird_03,bird,Ra,blur_0.5,blur,0.5,0,0.04,Ra/bird_03/purify/blur_0.5/edit_tau0.04_seed0.png,0.02267191931605339,0.08003595471382141,-0.05736403539776802,0,0.23851320147514343,0.2914825677871704,-0.05296936631202698
ip20_merged,bird_03,bird,Ra,blur_0.5,blur,0.5,1,0.04,Ra/bird_03/purify/blur_0.5/edit_tau0.04_seed1.png,0.03809380531311035,0.08631749451160431,-0.04822368919849396,0,0.2544451653957367,0.2938607335090637,-0.039415568113327026
ip20_merged,bird_03,bird,Ra,blur_0.5,blur,0.5,2,0.04,Ra/bird_03/purify/blur_0.5/edit_tau0.04_seed2.png,0.02899220772087574,0.08212783187627792,-0.053135624155402184,0,0.23645749688148499,0.29594630002975464,-0.05948880314826965
ip20_merged,bird_03,bird,Ra,blur_0.5,blur,0.5,3,0.04,Ra/bird_03/purify/blur_0.5/edit_tau0.04_seed3.png,0.020020944997668266,0.08006290346384048,-0.06004195846617222,0,0.25284212827682495,0.2867968678474426,-0.033954739570617676
ip20_merged,bird_03,bird,Ra,blur_0.5,blur,0.5,4,0.04,Ra/bird_03/purify/blur_0.5/edit_tau0.04_seed4.png,0.026312891393899918,0.0826539546251297,-0.05634106323122978,0,0.2315765917301178,0.285824716091156,-0.05424812436103821
ip20_merged,bird_03,bird,Ra,blur_1,blur,1.0,0,0.04,Ra/bird_03/purify/blur_1/edit_tau0.04_seed0.png,0.019489340484142303,0.08289369195699692,-0.06340435147285461,0,0.23561987280845642,0.2907141149044037,-0.055094242095947266
ip20_merged,bird_03,bird,Ra,blur_1,blur,1.0,1,0.04,Ra/bird_03/purify/blur_1/edit_tau0.04_seed1.png,0.0248517245054245,0.08337293565273285,-0.05852121114730835,0,0.2540619671344757,0.281673401594162,-0.02761143445968628
ip20_merged,bird_03,bird,Ra,blur_1,blur,1.0,2,0.04,Ra/bird_03/purify/blur_1/edit_tau0.04_seed2.png,0.03217717632651329,0.08738869428634644,-0.055211517959833145,0,0.2402712106704712,0.2946755588054657,-0.05440434813499451
ip20_merged,bird_03,bird,Ra,blur_1,blur,1.0,3,0.04,Ra/bird_03/purify/blur_1/edit_tau0.04_seed3.png,0.03102056123316288,0.08903463184833527,-0.058014070615172386,0,0.24015368521213531,0.28271129727363586,-0.04255761206150055
ip20_merged,bird_03,bird,Ra,blur_1,blur,1.0,4,0.04,Ra/bird_03/purify/blur_1/edit_tau0.04_seed4.png,0.02547605335712433,0.0863884836435318,-0.06091243028640747,0,0.22892343997955322,0.2813446819782257,-0.052421241998672485
ip20_merged,bird_03,bird,Ra,blur_2,blur,2.0,0,0.04,Ra/bird_03/purify/blur_2/edit_tau0.04_seed0.png,0.02659304067492485,0.09364542365074158,-0.06705238297581673,0,0.2293044477701187,0.28839311003685,-0.05908866226673126
ip20_merged,bird_03,bird,Ra,blur_2,blur,2.0,1,0.04,Ra/bird_03/purify/blur_2/edit_tau0.04_seed1.png,0.03234148770570755,0.09352517127990723,-0.061183683574199677,0,0.24822723865509033,0.28043168783187866,-0.03220444917678833
ip20_merged,bird_03,bird,Ra,blur_2,blur,2.0,2,0.04,Ra/bird_03/purify/blur_2/edit_tau0.04_seed2.png,0.03489643335342407,0.09270133823156357,-0.057804904878139496,0,0.24090321362018585,0.30004969239234924,-0.05914647877216339
ip20_merged,bird_03,bird,Ra,blur_2,blur,2.0,3,0.04,Ra/bird_03/purify/blur_2/edit_tau0.04_seed3.png,0.03522367775440216,0.09860356152057648,-0.06337988376617432,0,0.22966744005680084,0.2851982116699219,-0.05553077161312103
ip20_merged,bird_03,bird,Ra,blur_2,blur,2.0,4,0.04,Ra/bird_03/purify/blur_2/edit_tau0.04_seed4.png,0.024799777194857597,0.09195378422737122,-0.06715400703251362,0,0.23564685881137848,0.29158732295036316,-0.05594046413898468
ip20_merged,bird_03,bird,Ra,blur_3,blur,3.0,0,0.04,Ra/bird_03/purify/blur_3/edit_tau0.04_seed0.png,0.028609624132514,0.09439419209957123,-0.06578456796705723,0,0.22376206517219543,0.28408151865005493,-0.0603194534778595
ip20_merged,bird_03,bird,Ra,blur_3,blur,3.0,1,0.04,Ra/bird_03/purify/blur_3/edit_tau0.04_seed1.png,0.054260533303022385,0.09633584320545197,-0.04207530990242958,0,0.23905712366104126,0.27483007311820984,-0.03577294945716858
ip20_merged,bird_03,bird,Ra,blur_3,blur,3.0,2,0.04,Ra/bird_03/purify/blur_3/edit_tau0.04_seed2.png,0.032527390867471695,0.08938030898571014,-0.05685291811823845,0,0.24367690086364746,0.30022668838500977,-0.056549787521362305
ip20_merged,bird_03,bird,Ra,blur_3,blur,3.0,3,0.04,Ra/bird_03/purify/blur_3/edit_tau0.04_seed3.png,0.04183713719248772,0.09715771675109863,-0.055320579558610916,0,0.23112475872039795,0.28989750146865845,-0.0587727427482605
ip20_merged,bird_03,bird,Ra,blur_3,blur,3.0,4,0.04,Ra/bird_03/purify/blur_3/edit_tau0.04_seed4.png,0.030458390712738037,0.09493517875671387,-0.06447678804397583,0,0.239696204662323,0.29554933309555054,-0.05585312843322754
ip20_merged,bird_03,bird,Ra,crop_resize_0.1,crop_resize,0.1,0,0.04,Ra/bird_03/purify/crop_resize_0.1/edit_tau0.04_seed0.png,0.02614225633442402,0.07891649007797241,-0.05277423374354839,0,0.24322909116744995,0.28893911838531494,-0.04571002721786499
ip20_merged,bird_03,bird,Ra,crop_resize_0.1,crop_resize,0.1,1,0.04,Ra/bird_03/purify/crop_resize_0.1/edit_tau0.04_seed1.png,0.07400678098201752,0.09057251363992691,-0.016565732657909393,0,0.27372777462005615,0.2859785258769989,-0.012250751256942749
ip20_merged,bird_03,bird,Ra,crop_resize_0.1,crop_resize,0.1,2,0.04,Ra/bird_03/purify/crop_resize_0.1/edit_tau0.04_seed2.png,0.0394221656024456,0.08696891367435455,-0.04754674807190895,0,0.23459255695343018,0.2847897410392761,-0.05019718408584595
ip20_merged,bird_03,bird,Ra,crop_resize_0.1,crop_resize,0.1,3,0.04,Ra/bird_03/purify/crop_resize_0.1/edit_tau0.04_seed3.png,0.04806341975927353,0.08811288326978683,-0.040049463510513306,0,0.2618526220321655,0.28907930850982666,-0.027226686477661133
ip20_merged,bird_03,bird,Ra,crop_resize_0.1,crop_resize,0.1,4,0.04,Ra/bird_03/purify/crop_resize_0.1/edit_tau0.04_seed4.png,0.035462748259305954,0.08327247202396393,-0.047809723764657974,0,0.2302214801311493,0.28633517026901245,-0.05611369013786316
ip20_merged,bird_03,bird,Ra,diffpure_150,diffpure,150,0,0.04,Ra/bird_03/purify/diffpure_150/edit_tau0.04_seed0.png,0.022513749077916145,0.08337023854255676,-0.06085648946464062,0,0.2380884289741516,0.29981252551078796,-0.06172409653663635
ip20_merged,bird_03,bird,Ra,diffpure_150,diffpure,150,1,0.04,Ra/bird_03/purify/diffpure_150/edit_tau0.04_seed1.png,0.03652454912662506,0.07818484306335449,-0.04166029393672943,0,0.25655025243759155,0.28400519490242004,-0.02745494246482849
ip20_merged,bird_03,bird,Ra,diffpure_150,diffpure,150,2,0.04,Ra/bird_03/purify/diffpure_150/edit_tau0.04_seed2.png,0.03476140648126602,0.0867493748664856,-0.051987968385219574,0,0.239843487739563,0.28951790928840637,-0.049674421548843384
ip20_merged,bird_03,bird,Ra,diffpure_150,diffpure,150,3,0.04,Ra/bird_03/purify/diffpure_150/edit_tau0.04_seed3.png,0.03897795081138611,0.08397747576236725,-0.04499952495098114,0,0.2514631152153015,0.2938857078552246,-0.042422592639923096
ip20_merged,bird_03,bird,Ra,diffpure_150,diffpure,150,4,0.04,Ra/bird_03/purify/diffpure_150/edit_tau0.04_seed4.png,0.01821020431816578,0.08456066250801086,-0.06635045818984509,0,0.235660120844841,0.2889135777950287,-0.05325345695018768
ip20_merged,bird_03,bird,Ra,identity_0,identity,0.0,0,0.04,Ra/bird_03/purify/identity_0/edit_tau0.04_seed0.png,0.025691837072372437,0.08054222911596298,-0.054850392043590546,0,0.2391635775566101,0.2841918170452118,-0.045028239488601685
ip20_merged,bird_03,bird,Ra,identity_0,identity,0.0,1,0.04,Ra/bird_03/purify/identity_0/edit_tau0.04_seed1.png,0.04338826984167099,0.08457258343696594,-0.04118431359529495,0,0.25674009323120117,0.2906997501850128,-0.033959656953811646
ip20_merged,bird_03,bird,Ra,identity_0,identity,0.0,2,0.04,Ra/bird_03/purify/identity_0/edit_tau0.04_seed2.png,0.03553631156682968,0.08087233453989029,-0.04533602297306061,0,0.24097156524658203,0.29083681106567383,-0.0498652458190918
ip20_merged,bird_03,bird,Ra,identity_0,identity,0.0,3,0.04,Ra/bird_03/purify/identity_0/edit_tau0.04_seed3.png,0.01766744628548622,0.07821262627840042,-0.0605451799929142,0,0.25140997767448425,0.2847694158554077,-0.03335943818092346
ip20_merged,bird_03,bird,Ra,identity_0,identity,0.0,4,0.04,Ra/bird_03/purify/identity_0/edit_tau0.04_seed4.png,0.0257515050470829,0.08274459093809128,-0.05699308589100838,0,0.23375259339809418,0.28824731707572937,-0.05449472367763519
ip20_merged,bird_03,bird,Ra,jpeg_30,jpeg,30,0,0.04,Ra/bird_03/purify/jpeg_30/edit_tau0.04_seed0.png,0.026667753234505653,0.08288891613483429,-0.056221162900328636,0,0.24876579642295837,0.30411088466644287,-0.0553450882434845
ip20_merged,bird_03,bird,Ra,jpeg_30,jpeg,30,1,0.04,Ra/bird_03/purify/jpeg_30/edit_tau0.04_seed1.png,0.05040907487273216,0.08278189599514008,-0.03237282112240791,0,0.2639503479003906,0.28874650597572327,-0.02479615807533264
ip20_merged,bird_03,bird,Ra,jpeg_30,jpeg,30,2,0.04,Ra/bird_03/purify/jpeg_30/edit_tau0.04_seed2.png,0.03211406245827675,0.08745620399713516,-0.055342141538858414,0,0.2535337805747986,0.29670250415802,-0.043168723583221436
ip20_merged,bird_03,bird,Ra,jpeg_30,jpeg,30,3,0.04,Ra/bird_03/purify/jpeg_30/edit_tau0.04_seed3.png,0.03732500225305557,0.08326161652803421,-0.04593661427497864,0,0.2701210677623749,0.29242080450057983,-0.022299736738204956
ip20_merged,bird_03,bird,Ra,jpeg_30,jpeg,30,4,0.04,Ra/bird_03/purify/jpeg_30/edit_tau0.04_seed4.png,0.04447118565440178,0.08962200582027435,-0.045150820165872574,0,0.2604212760925293,0.2928794026374817,-0.03245812654495239
ip20_merged,bird_03,bird,Ra,jpeg_75,jpeg,75,0,0.04,Ra/bird_03/purify/jpeg_75/edit_tau0.04_seed0.png,0.019647911190986633,0.07964339852333069,-0.059995487332344055,0,0.24011407792568207,0.2889688014984131,-0.04885472357273102
ip20_merged,bird_03,bird,Ra,jpeg_75,jpeg,75,1,0.04,Ra/bird_03/purify/jpeg_75/edit_tau0.04_seed1.png,0.047486573457717896,0.08426524698734283,-0.03677867352962494,0,0.267950177192688,0.29410141706466675,-0.02615123987197876
ip20_merged,bird_03,bird,Ra,jpeg_75,jpeg,75,2,0.04,Ra/bird_03/purify/jpeg_75/edit_tau0.04_seed2.png,0.027764178812503815,0.08181402087211609,-0.054049842059612274,0,0.2385709285736084,0.29890260100364685,-0.06033167243003845
ip20_merged,bird_03,bird,Ra,jpeg_75,jpeg,75,3,0.04,Ra/bird_03/purify/jpeg_75/edit_tau0.04_seed3.png,0.01869334653019905,0.07886506617069244,-0.06017171964049339,0,0.25372934341430664,0.28800320625305176,-0.03427386283874512
ip20_merged,bird_03,bird,Ra,jpeg_75,jpeg,75,4,0.04,Ra/bird_03/purify/jpeg_75/edit_tau0.04_seed4.png,0.02607155591249466,0.08207615464925766,-0.056004598736763,0,0.23294126987457275,0.2887685298919678,-0.05582726001739502
ip20_merged,bird_03,bird,Ra,noise_0.01,noise,0.01,0,0.04,Ra/bird_03/purify/noise_0.01/edit_tau0.04_seed0.png,0.022822346538305283,0.08215472847223282,-0.059332381933927536,0,0.23905423283576965,0.2828667461872101,-0.04381251335144043
ip20_merged,bird_03,bird,Ra,noise_0.01,noise,0.01,1,0.04,Ra/bird_03/purify/noise_0.01/edit_tau0.04_seed1.png,0.030507393181324005,0.0814509242773056,-0.0509435310959816,0,0.23877131938934326,0.28187742829322815,-0.04310610890388489
ip20_merged,bird_03,bird,Ra,noise_0.01,noise,0.01,2,0.04,Ra/bird_03/purify/noise_0.01/edit_tau0.04_seed2.png,0.0403415784239769,0.08113478124141693,-0.04079320281744003,0,0.24162475764751434,0.2849632501602173,-0.04333849251270294
ip20_merged,bird_03,bird,Ra,noise_0.01,noise,0.01,3,0.04,Ra/bird_03/purify/noise_0.01/edit_tau0.04_seed3.png,0.018929872661828995,0.07899630069732666,-0.060066428035497665,0,0.25811535120010376,0.28555428981781006,-0.0274389386177063
ip20_merged,bird_03,bird,Ra,noise_0.01,noise,0.01,4,0.04,Ra/bird_03/purify/noise_0.01/edit_tau0.04_seed4.png,0.028210606426000595,0.08318287134170532,-0.05497226491570473,0,0.23214316368103027,0.28296369314193726,-0.05082052946090698
ip20_merged,bird_03,bird,Ra,noise_0.02,noise,0.02,0,0.04,Ra/bird_03/purify/noise_0.02/edit_tau0.04_seed0.png,0.021652646362781525,0.08142051100730896,-0.059767864644527435,0,0.23883160948753357,0.28257882595062256,-0.04374721646308899
ip20_merged,bird_03,bird,Ra,noise_0.02,noise,0.02,1,0.04,Ra/bird_03/purify/noise_0.02/edit_tau0.04_seed1.png,0.029972080141305923,0.08168104290962219,-0.05170896276831627,0,0.23009833693504333,0.2776145935058594,-0.04751625657081604
ip20_merged,bird_03,bird,Ra,noise_0.02,noise,0.02,2,0.04,Ra/bird_03/purify/noise_0.02/edit_tau0.04_seed2.png,0.037474676966667175,0.08015801012516022,-0.04268333315849304,0,0.23913660645484924,0.2831803262233734,-0.04404371976852417
ip20_merged,bird_03,bird,Ra,noise_0.02,noise,0.02,3,0.04,Ra/bird_03/purify/noise_0.02/edit_tau0.04_seed3.png,0.015793390572071075,0.07751939445734024,-0.061726003885269165,0,0.2578636407852173,0.282206654548645,-0.024343013763427734
ip20_merged,bird_03,bird,Ra,noise_0.02,noise,0.02,4,0.04,Ra/bird_03/purify/noise_0.02/edit_tau0.04_seed4.png,0.028171412646770477,0.08143961429595947,-0.053268201649188995,0,0.23354515433311462,0.27988559007644653,-0.04634043574333191
ip20_merged,bird_03,bird,Ra,noise_0.04,noise,0.04,0,0.04,Ra/bird_03/purify/noise_0.04/edit_tau0.04_seed0.png,0.017645787447690964,0.0816202238202095,-0.06397443637251854,0,0.2345367670059204,0.2823982536792755,-0.0478614866733551
ip20_merged,bird_03,bird,Ra,noise_0.04,noise,0.04,1,0.04,Ra/bird_03/purify/noise_0.04/edit_tau0.04_seed1.png,0.02900124527513981,0.08740159869194031,-0.0584003534168005,0,0.22905324399471283,0.2756231427192688,-0.04656989872455597
ip20_merged,bird_03,bird,Ra,noise_0.04,noise,0.04,2,0.04,Ra/bird_03/purify/noise_0.04/edit_tau0.04_seed2.png,0.0376305878162384,0.08230710029602051,-0.044676512479782104,0,0.2293369472026825,0.2798576354980469,-0.05052068829536438
ip20_merged,bird_03,bird,Ra,noise_0.04,noise,0.04,3,0.04,Ra/bird_03/purify/noise_0.04/edit_tau0.04_seed3.png,0.0366482250392437,0.0782923549413681,-0.041644129902124405,0,0.2582727372646332,0.2792430520057678,-0.020970314741134644
ip20_merged,bird_03,bird,Ra,noise_0.04,noise,0.04,4,0.04,Ra/bird_03/purify/noise_0.04/edit_tau0.04_seed4.png,0.026232438161969185,0.07958518713712692,-0.05335274897515774,0,0.23434509336948395,0.27685683965682983,-0.042511746287345886
ip20_merged,bird_03,bird,Ra,noise_0.08,noise,0.08,0,0.04,Ra/bird_03/purify/noise_0.08/edit_tau0.04_seed0.png,0.017561454325914383,0.08805070072412491,-0.07048924639821053,0,0.23440204560756683,0.28563645482063293,-0.0512344092130661
ip20_merged,bird_03,bird,Ra,noise_0.08,noise,0.08,1,0.04,Ra/bird_03/purify/noise_0.08/edit_tau0.04_seed1.png,0.028781188651919365,0.09419266879558563,-0.06541148014366627,0,0.23508206009864807,0.28090208768844604,-0.045820027589797974
ip20_merged,bird_03,bird,Ra,noise_0.08,noise,0.08,2,0.04,Ra/bird_03/purify/noise_0.08/edit_tau0.04_seed2.png,0.025760818272829056,0.08710238337516785,-0.06134156510233879,0,0.23229356110095978,0.2808353304862976,-0.04854176938533783
ip20_merged,bird_03,bird,Ra,noise_0.08,noise,0.08,3,0.04,Ra/bird_03/purify/noise_0.08/edit_tau0.04_seed3.png,0.020973943173885345,0.0897403359413147,-0.06876639276742935,0,0.2357248216867447,0.275857150554657,-0.04013232886791229
ip20_merged,bird_03,bird,Ra,noise_0.08,noise,0.08,4,0.04,Ra/bird_03/purify/noise_0.08/edit_tau0.04_seed4.png,0.023972366005182266,0.08818961679935455,-0.06421725079417229,0,0.23065605759620667,0.27968671917915344,-0.04903066158294678
ip20_merged,bird_03,bird,Ra,quantize_16,quantize,16,0,0.04,Ra/bird_03/purify/quantize_16/edit_tau0.04_seed0.png,0.018540656194090843,0.08414232730865479,-0.06560167111456394,0,0.2383156716823578,0.29052719473838806,-0.05221152305603027
ip20_merged,bird_03,bird,Ra,quantize_16,quantize,16,1,0.04,Ra/bird_03/purify/quantize_16/edit_tau0.04_seed1.png,0.0433320626616478,0.08937207609415054,-0.04604001343250275,0,0.2507982850074768,0.2878396213054657,-0.03704133629798889
ip20_merged,bird_03,bird,Ra,quantize_16,quantize,16,2,0.04,Ra/bird_03/purify/quantize_16/edit_tau0.04_seed2.png,0.027311313897371292,0.08752056956291199,-0.060209255665540695,0,0.23682036995887756,0.28804218769073486,-0.0512218177318573
ip20_merged,bird_03,bird,Ra,quantize_16,quantize,16,3,0.04,Ra/bird_03/purify/quantize_16/edit_tau0.04_seed3.png,0.03444824367761612,0.08777570724487305,-0.05332746356725693,0,0.2580545246601105,0.28725388646125793,-0.02919936180114746
ip20_merged,bird_03,bird,Ra,quantize_16,quantize,16,4,0.04,Ra/bird_03/purify/quantize_16/edit_tau0.04_seed4.png,0.03699532896280289,0.08897186815738678,-0.05197653919458389,0,0.25194650888442993,0.2913556694984436,-0.03940916061401367
ip20_merged,bird_03,bird,Ra,quantize_32,quantize,32,0,0.04,Ra/bird_03/purify/quantize_32/edit_tau0.04_seed0.png,0.023056937381625175,0.08494222909212112,-0.06188529171049595,0,0.24201849102973938,0.29291200637817383,-0.05089351534843445
ip20_merged,bird_03,bird,Ra,quantize_32,quantize,32,1,0.04,Ra/bird_03/purify/quantize_32/edit_tau0.04_seed1.png,0.0530247837305069,0.08756089955568314,-0.03453611582517624,0,0.26353269815444946,0.2822690010070801,-0.018736302852630615
ip20_merged,bird_03,bird,Ra,quantize_32,quantize,32,2,0.04,Ra/bird_03/purify/quantize_32/edit_tau0.04_seed2.png,0.03736741840839386,0.08354267477989197,-0.04617525637149811,0,0.2339935451745987,0.28411564230918884,-0.05012209713459015
ip20_merged,bird_03,bird,Ra,quantize_32,quantize,32,3,0.04,Ra/bird_03/purify/quantize_32/edit_tau0.04_seed3.png,0.024638690054416656,0.07940050959587097,-0.054761819541454315,0,0.2565729320049286,0.28445184230804443,-0.027878910303115845
ip20_merged,bird_03,bird,Ra,quantize_32,quantize,32,4,0.04,Ra/bird_03/purify/quantize_32/edit_tau0.04_seed4.png,0.03017585538327694,0.08421239256858826,-0.05403653718531132,0,0.2368653416633606,0.2827705442905426,-0.04590520262718201
ip20_merged,bird_03,bird,Ra,quantize_64,quantize,64,0,0.04,Ra/bird_03/purify/quantize_64/edit_tau0.04_seed0.png,0.026052385568618774,0.08239734172821045,-0.056344956159591675,0,0.23905561864376068,0.28285977244377136,-0.04380415380001068
ip20_merged,bird_03,bird,Ra,quantize_64,quantize,64,1,0.04,Ra/bird_03/purify/quantize_64/edit_tau0.04_seed1.png,0.045829176902770996,0.08474978804588318,-0.03892061114311218,0,0.2614527940750122,0.28827500343322754,-0.026822209358215332
ip20_merged,bird_03,bird,Ra,quantize_64,quantize,64,2,0.04,Ra/bird_03/purify/quantize_64/edit_tau0.04_seed2.png,0.042396314442157745,0.08173569291830063,-0.03933937847614288,0,0.24242062866687775,0.28744596242904663,-0.045025333762168884
ip20_merged,bird_03,bird,Ra,quantize_64,quantize,64,3,0.04,Ra/bird_03/purify/quantize_64/edit_tau0.04_seed3.png,0.018576186150312424,0.0781259685754776,-0.059549782425165176,0,0.25220203399658203,0.2838045656681061,-0.03160253167152405
ip20_merged,bird_03,bird,Ra,quantize_64,quantize,64,4,0.04,Ra/bird_03/purify/quantize_64/edit_tau0.04_seed4.png,0.02823796309530735,0.08336765319108963,-0.05512969009578228,0,0.23286037147045135,0.28646039962768555,-0.05360002815723419
ip20_merged,bird_03,bird,Ra,quantize_8,quantize,8,0,0.04,Ra/bird_03/purify/quantize_8/edit_tau0.04_seed0.png,0.025648042559623718,0.09767204523086548,-0.07202400267124176,0,0.2320088893175125,0.2921001613140106,-0.06009127199649811
ip20_merged,bird_03,bird,Ra,quantize_8,quantize,8,1,0.04,Ra/bird_03/purify/quantize_8/edit_tau0.04_seed1.png,0.0650034174323082,0.09898631274700165,-0.03398289531469345,0,0.2454122006893158,0.2887495756149292,-0.0433373749256134
ip20_merged,bird_03,bird,Ra,quantize_8,quantize,8,2,0.04,Ra/bird_03/purify/quantize_8/edit_tau0.04_seed2.png,0.03720547631382942,0.0977284163236618,-0.06052294000983238,0,0.22630800306797028,0.29311397671699524,-0.06680597364902496
ip20_merged,bird_03,bird,Ra,quantize_8,quantize,8,3,0.04,Ra/bird_03/purify/quantize_8/edit_tau0.04_seed3.png,0.07486400753259659,0.10080712288618088,-0.02594311535358429,0,0.262441486120224,0.299649715423584,-0.037208229303359985
ip20_merged,bird_03,bird,Ra,quantize_8,quantize,8,4,0.04,Ra/bird_03/purify/quantize_8/edit_tau0.04_seed4.png,0.04547678679227829,0.09646241366863251,-0.05098562687635422,0,0.24149934947490692,0.2961012125015259,-0.05460186302661896
ip20_merged,bird_03,bird,photoguard_c,adverse_cleaner_0,adverse_cleaner,0.0,0,0.04,photoguard_c/bird_03/purify/adverse_cleaner_0/edit_tau0.04_seed0.png,0.027609245851635933,0.08436031639575958,-0.05675107054412365,0,0.2463536560535431,0.2982291579246521,-0.05187550187110901
ip20_merged,bird_03,bird,photoguard_c,adverse_cleaner_0,adverse_cleaner,0.0,1,0.04,photoguard_c/bird_03/purify/adverse_cleaner_0/edit_tau0.04_seed1.png,0.03428659960627556,0.08221499621868134,-0.04792839661240578,0,0.2578844130039215,0.29460597038269043,-0.03672155737876892
ip20_merged,bird_03,bird,photoguard_c,adverse_cleaner_0,adverse_cleaner,0.0,2,0.04,photoguard_c/bird_03/purify/adverse_cleaner_0/edit_tau0.04_seed2.png,0.034325145184993744,0.07962052524089813,-0.04529538005590439,0,0.2585497498512268,0.304789662361145,-0.04623991250991821
ip20_merged,bird_03,bird,photoguard_c,adverse_cleaner_0,adverse_cleaner,0.0,3,0.04,photoguard_c/bird_03/purify/adverse_cleaner_0/edit_tau0.04_seed3.png,0.03647299110889435,0.08383746445178986,-0.04736447334289551,0,0.25610172748565674,0.2946368455886841,-0.038535118103027344
ip20_merged,bird_03,bird,photoguard_c,adverse_cleaner_0,adverse_cleaner,0.0,4,0.04,photoguard_c/bird_03/purify/adverse_cleaner_0/edit_tau0.04_seed4.png,0.020619194954633713,0.08283990621566772,-0.06222071126103401,0,0.2525683343410492,0.2901836633682251,-0.0376153290271759
ip20_merged,bird_03,bird,photoguard_c,blur_0.5,blur,0.5,0,0.04,photoguard_c/bird_03/purify/blur_0.5/edit_tau0.04_seed0.png,0.019314181059598923,0.08453188836574554,-0.06521770730614662,0,0.2520616054534912,0.2918265461921692,-0.03976494073867798
ip20_merged,bird_03,bird,photoguard_c,blur_0.5,blur,0.5,1,0.04,photoguard_c/bird_03/purify/blur_0.5/edit_tau0.04_seed1.png,0.04338931664824486,0.08116265386343002,-0.037773337215185165,0,0.2738628387451172,0.283358633518219,-0.009495794773101807
ip20_merged,bird_03,bird,photoguard_c,blur_0.5,blur,0.5,2,0.04,photoguard_c/bird_03/purify/blur_0.5/edit_tau0.04_seed2.png,0.024203002452850342,0.07862860709428787,-0.05442560464143753,0,0.2625102996826172,0.2945905327796936,-0.032080233097076416
ip20_merged,bird_03,bird,photoguard_c,blur_0.5,blur,0.5,3,0.04,photoguard_c/bird_03/purify/blur_0.5/edit_tau0.04_seed3.png,0.048135362565517426,0.08475274592638016,-0.03661738336086273,0,0.2738308906555176,0.2836521863937378,-0.009821295738220215
ip20_merged,bird_03,bird,photoguard_c,blur_0.5,blur,0.5,4,0.04,photoguard_c/bird_03/purify/blur_0.5/edit_tau0.04_seed4.png,0.03777656704187393,0.08304023742675781,-0.04526367038488388,0,0.2490728348493576,0.28952181339263916,-0.040448978543281555
ip20_merged,bird_03,bird,photoguard_c,blur_1,blur,1.0,0,0.04,photoguard_c/bird_03/purify/blur_1/edit_tau0.04_seed0.png,0.028653467074036598,0.08303900063037872,-0.054385533556342125,0,0.24421992897987366,0.2897293269634247,-0.045509397983551025
ip20_merged,bird_03,bird,photoguard_c,blur_1,blur,1.0,1,0.04,photoguard_c/bird_03/purify/blur_1/edit_tau0.04_seed1.png,0.04439125955104828,0.08505380153656006,-0.04066254198551178,0,0.24008500576019287,0.28574562072753906,-0.04566061496734619
ip20_merged,bird_03,bird,photoguard_c,blur_1,blur,1.0,2,0.04,photoguard_c/bird_03/purify/blur_1/edit_tau0.04_seed2.png,0.030758030712604523,0.0847078412771225,-0.053949810564517975,0,0.24430882930755615,0.29425501823425293,-0.04994618892669678
ip20_merged,bird_03,bird,photoguard_c,blur_1,blur,1.0,3,0.04,photoguard_c/bird_03/purify/blur_1/edit_tau0.04_seed3.png,0.03696364164352417,0.08945675194263458,-0.05249311029911041,0,0.25846344232559204,0.29252463579177856,-0.03406119346618652
ip20_merged,bird_03,bird,photoguard_c,blur_1,blur,1.0,4,0.04,photoguard_c/bird_03/purify/blur_1/edit_tau0.04_seed4.png,0.046549394726753235,0.08495277911424637,-0.038403384387493134,0,0.25637900829315186,0.2835739254951477,-0.02719491720199585
ip20_merged,bird_03,bird,photoguard_c,blur_2,blur,2.0,0,0.04,photoguard_c/bird_03/purify/blur_2/edit_tau0.04_seed0.png,0.027910389006137848,0.0863620936870575,-0.05845170468091965,0,0.23513641953468323,0.29046115279197693,-0.0553247332572937
ip20_merged,bird_03,bird,photoguard_c,blur_2,blur,2.0,1,0.04,photoguard_c/bird_03/purify/blur_2/edit_tau0.04_seed1.png,0.07193668186664581,0.0944104790687561,-0.02247379720211029,0,0.24938899278640747,0.2803250253200531,-0.03093603253364563
ip20_merged,bird_03,bird,photoguard_c,blur_2,blur,2.0,2,0.04,photoguard_c/bird_03/purify/blur_2/edit_tau0.04_seed2.png,0.03934621065855026,0.09501400589942932,-0.05566779524087906,0,0.24334140121936798,0.30325353145599365,-0.05991213023662567
ip20_merged,bird_03,bird,photoguard_c,blur_2,blur,2.0,3,0.04,photoguard_c/bird_03/purify/blur_2/edit_tau0.04_seed3.png,0.04513634741306305,0.09083476662635803,-0.04569841921329498,0,0.25867095589637756,0.2869459390640259,-0.028274983167648315
ip20_merged,bird_03,bird,photoguard_c,blur_2,blur,2.0,4,0.04,photoguard_c/bird_03/purify/blur_2/edit_tau0.04_seed4.png,0.027145328000187874,0.09189388155937195,-0.06474855355918407,0,0.2334781140089035,0.29680055379867554,-0.06332243978977203
ip20_merged,bird_03,bird,photoguard_c,blur_3,blur,3.0,0,0.04,photoguard_c/bird_03/purify/blur_3/edit_tau0.04_seed0.png,0.026162652298808098,0.09470660984516144,-0.06854395754635334,0,0.22004106640815735,0.2803988456726074,-0.06035777926445007
ip20_merged,bird_03,bird,photoguard_c,blur_3,blur,3.0,1,0.04,photoguard_c/bird_03/purify/blur_3/edit_tau0.04_seed1.png,0.07061180472373962,0.09875205159187317,-0.028140246868133545,0,0.24413785338401794,0.2732858955860138,-0.02914804220199585
ip20_merged,bird_03,bird,photoguard_c,blur_3,blur,3.0,2,0.04,photoguard_c/bird_03/purify/blur_3/edit_tau0.04_seed2.png,0.031063677743077278,0.09137538075447083,-0.06031170301139355,0,0.24063099920749664,0.30168333649635315,-0.061052337288856506
ip20_merged,bird_03,bird,photoguard_c,blur_3,blur,3.0,3,0.04,photoguard_c/bird_03/purify/blur_3/edit_tau0.04_seed3.png,0.05438616871833801,0.09659472852945328,-0.042208559811115265,0,0.2557651996612549,0.28486454486846924,-0.029099345207214355
ip20_merged,bird_03,bird,photoguard_c,blur_3,blur,3.0,4,0.04,photoguard_c/bird_03/purify/blur_3/edit_tau0.04_seed4.png,0.026579752564430237,0.0970616489648819,-0.07048189640045166,0,0.23806150257587433,0.2959478199481964,-0.05788631737232208
ip20_merged,bird_03,bird,photoguard_c,crop_resize_0.1,crop_resize,0.1,0,0.04,photoguard_c/bird_03/purify/crop_resize_0.1/edit_tau0.04_seed0.png,0.028939837589859962,0.08334033936262131,-0.054400501772761345,0,0.22763198614120483,0.28182733058929443,-0.0541953444480896
ip20_merged,bird_03,bird,photoguard_c,crop_resize_0.1,crop_resize,0.1,1,0.04,photoguard_c/bird_03/purify/crop_resize_0.1/edit_tau0.04_seed1.png,0.07056325674057007,0.08731205761432648,-0.01674880087375641,0,0.26209527254104614,0.2784819006919861,-0.01638662815093994
ip20_merged,bird_03,bird,photoguard_c,crop_resize_0.1,crop_resize,0.1,2,0.04,photoguard_c/bird_03/purify/crop_resize_0.1/edit_tau0.04_seed2.png,0.03108615055680275,0.08445609360933304,-0.05336994305253029,0,0.22537308931350708,0.28379955887794495,-0.058426469564437866
ip20_merged,bird_03,bird,photoguard_c,crop_resize_0.1,crop_resize,0.1,3,0.04,photoguard_c/bird_03/purify/crop_resize_0.1/edit_tau0.04_seed3.png,0.07364098727703094,0.09015007317066193,-0.01650908589363098,0,0.2618640065193176,0.2807842493057251,-0.01892024278640747
ip20_merged,bird_03,bird,photoguard_c,crop_resize_0.1,crop_resize,0.1,4,0.04,photoguard_c/bird_03/purify/crop_resize_0.1/edit_tau0.04_seed4.png,0.06423453986644745,0.08617125451564789,-0.02193671464920044,0,0.25484851002693176,0.2832898497581482,-0.02844133973121643
ip20_merged,bird_03,bird,photoguard_c,diffpure_150,diffpure,150,0,0.04,photoguard_c/bird_03/purify/diffpure_150/edit_tau0.04_seed0.png,0.03967563062906265,0.09215793013572693,-0.052482299506664276,0,0.23350940644741058,0.28939467668533325,-0.05588527023792267
ip20_merged,bird_03,bird,photoguard_c,diffpure_150,diffpure,150,1,0.04,photoguard_c/bird_03/purify/diffpure_150/edit_tau0.04_seed1.png,0.0353100523352623,0.08126141875982285,-0.04595136642456055,0,0.26590317487716675,0.28666630387306213,-0.020763128995895386
ip20_merged,bird_03,bird,photoguard_c,diffpure_150,diffpure,150,2,0.04,photoguard_c/bird_03/purify/diffpure_150/edit_tau0.04_seed2.png,0.033352818340063095,0.0907478854060173,-0.05739506706595421,0,0.24229319393634796,0.2985168695449829,-0.05622367560863495
ip20_merged,bird_03,bird,photoguard_c,diffpure_150,diffpure,150,3,0.04,photoguard_c/bird_03/purify/diffpure_150/edit_tau0.04_seed3.png,0.028140012174844742,0.08979195356369019,-0.061651941388845444,0,0.2423478066921234,0.284224271774292,-0.04187646508216858
ip20_merged,bird_03,bird,photoguard_c,diffpure_150,diffpure,150,4,0.04,photoguard_c/bird_03/purify/diffpure_150/edit_tau0.04_seed4.png,0.026178773492574692,0.08441242575645447,-0.058233652263879776,0,0.22950607538223267,0.28328660130500793,-0.05378052592277527
ip20_merged,bird_03,bird,photoguard_c,identity_0,identity,0.0,0,0.04,photoguard_c/bird_03/purify/identity_0/edit_tau0.04_seed0.png,0.011386958882212639,0.08170433342456818,-0.07031737454235554,0,0.25737154483795166,0.29232022166252136,-0.0349486768245697
ip20_merged,bird_03,bird,photoguard_c,identity_0,identity,0.0,1,0.04,photoguard_c/bird_03/purify/identity_0/edit_tau0.04_seed1.png,0.005943228490650654,0.0766570121049881,-0.07071378361433744,0,0.2616920471191406,0.28943777084350586,-0.027745723724365234
ip20_merged,bird_03,bird,photoguard_c,identity_0,identity,0.0,2,0.04,photoguard_c/bird_03/purify/identity_0/edit_tau0.04_seed2.png,0.008596726693212986,0.07234152406454086,-0.06374479737132788,0,0.2698686122894287,0.2978939414024353,-0.028025329113006592
ip20_merged,bird_03,bird,photoguard_c,identity_0,identity,0.0,3,0.04,photoguard_c/bird_03/purify/identity_0/edit_tau0.04_seed3.png,0.04490364342927933,0.08580853044986725,-0.04090488702058792,0,0.2809711992740631,0.2916187047958374,-0.010647505521774292
ip20_merged,bird_03,bird,photoguard_c,identity_0,identity,0.0,4,0.04,photoguard_c/bird_03/purify/identity_0/edit_tau0.04_seed4.png,0.02276824787259102,0.07958466559648514,-0.05681641772389412,0,0.25833484530448914,0.29854702949523926,-0.04021218419075012
ip20_merged,bird_03,bird,photoguard_c,jpeg_30,jpeg,30,0,0.04,photoguard_c/bird_03/purify/jpeg_30/edit_tau0.04_seed0.png,0.02550680935382843,0.08013693243265152,-0.05463012307882309,0,0.24197793006896973,0.3012409806251526,-0.05926305055618286
ip20_merged,bird_03,bird,photoguard_c,jpeg_30,jpeg,30,1,0.04,photoguard_c/bird_03/purify/jpeg_30/edit_tau0.04_seed1.png,0.059189483523368835,0.07881619781255722,-0.019626714289188385,0,0.26181310415267944,0.28484320640563965,-0.023030102252960205
ip20_merged,bird_03,bird,photoguard_c,jpeg_30,jpeg,30,2,0.04,photoguard_c/bird_03/purify/jpeg_30/edit_tau0.04_seed2.png,0.037875279784202576,0.09128531068563461,-0.05341003090143204,0,0.2456560879945755,0.30246371030807495,-0.05680762231349945
ip20_merged,bird_03,bird,photoguard_c,jpeg_30,jpeg,30,3,0.04,photoguard_c/bird_03/purify/jpeg_30/edit_tau0.04_seed3.png,0.04068651422858238,0.08382856845855713,-0.04314205422997475,0,0.26718878746032715,0.28551173210144043,-0.01832294464111328
ip20_merged,bird_03,bird,photoguard_c,jpeg_30,jpeg,30,4,0.04,photoguard_c/bird_03/purify/jpeg_30/edit_tau0.04_seed4.png,0.042790934443473816,0.0904805064201355,-0.04768957197666168,0,0.26279133558273315,0.2868499159812927,-0.02405858039855957
ip20_merged,bird_03,bird,photoguard_c,jpeg_75,jpeg,75,0,0.04,photoguard_c/bird_03/purify/jpeg_75/edit_tau0.04_seed0.png,0.02168170176446438,0.08247557282447815,-0.06079387106001377,0,0.24881121516227722,0.2959687411785126,-0.04715752601623535
ip20_merged,bird_03,bird,photoguard_c,jpeg_75,jpeg,75,1,0.04,photoguard_c/bird_03/purify/jpeg_75/edit_tau0.04_seed1.png,0.0501091368496418,0.08013956248760223,-0.030030425637960434,0,0.26454585790634155,0.27761295437812805,-0.013067096471786499
ip20_merged,bird_03,bird,photoguard_c,jpeg_75,jpeg,75,2,0.04,photoguard_c/bird_03/purify/jpeg_75/edit_tau0.04_seed2.png,0.031455449759960175,0.08138911426067352,-0.04993366450071335,0,0.24138134717941284,0.3028760850429535,-0.06149473786354065
ip20_merged,bird_03,bird,photoguard_c,jpeg_75,jpeg,75,3,0.04,photoguard_c/bird_03/purify/jpeg_75/edit_tau0.04_seed3.png,0.04953865334391594,0.07984413206577301,-0.03030547872185707,0,0.2656093239784241,0.287212610244751,-0.021603286266326904
ip20_merged,bird_03,bird,photoguard_c,jpeg_75,jpeg,75,4,0.04,photoguard_c/bird_03/purify/jpeg_75/edit_tau0.04_seed4.png,0.034993622452020645,0.07606066763401031,-0.04106704518198967,0,0.2494722306728363,0.27779829502105713,-0.028326064348220825
ip20_merged,bird_03,bird,photoguard_c,noise_0.01,noise,0.01,0,0.04,photoguard_c/bird_03/purify/noise_0.01/edit_tau0.04_seed0.png,0.018580827862024307,0.08179466426372528,-0.06321383640170097,0,0.25306445360183716,0.2883871793746948,-0.035322725772857666
ip20_merged,bird_03,bird,photoguard_c,noise_0.01,noise,0.01,1,0.04,photoguard_c/bird_03/purify/noise_0.01/edit_tau0.04_seed1.png,0.023025432601571083,0.07911605387926102,-0.056090621277689934,0,0.25702932476997375,0.2865300178527832,-0.029500693082809448
ip20_merged,bird_03,bird,photoguard_c,noise_0.01,noise,0.01,2,0.04,photoguard_c/bird_03/purify/noise_0.01/edit_tau0.04_seed2.png,0.01272653043270111,0.07554244995117188,-0.06281591951847076,0,0.27353745698928833,0.2926218807697296,-0.019084423780441284
ip20_merged,bird_03,bird,photoguard_c,noise_0.01,noise,0.01,3,0.04,photoguard_c/bird_03/purify/noise_0.01/edit_tau0.04_seed3.png,0.04291743040084839,0.08479422330856323,-0.041876792907714844,0,0.28050607442855835,0.2848562002182007,-0.004350125789642334
ip20_merged,bird_03,bird,photoguard_c,noise_0.01,noise,0.01,4,0.04,photoguard_c/bird_03/purify/noise_0.01/edit_tau0.04_seed4.png,0.026191426441073418,0.07864904403686523,-0.05245761759579182,0,0.24898827075958252,0.2862652540206909,-0.0372769832611084
ip20_merged,bird_03,bird,photoguard_c,noise_0.02,noise,0.02,0,0.04,photoguard_c/bird_03/purify/noise_0.02/edit_tau0.04_seed0.png,0.028582144528627396,0.07874667644500732,-0.05016453191637993,0,0.2522321343421936,0.2917805314064026,-0.039548397064208984
ip20_merged,bird_03,bird,photoguard_c,noise_0.02,noise,0.02,1,0.04,photoguard_c/bird_03/purify/noise_0.02/edit_tau0.04_seed1.png,0.03860486298799515,0.07720619440078735,-0.038601331412792206,0,0.2653560936450958,0.27838605642318726,-0.01302996277809143
ip20_merged,bird_03,bird,photoguard_c,noise_0.02,noise,0.02,2,0.04,photoguard_c/bird_03/purify/noise_0.02/edit_tau0.04_seed2.png,0.03638613596558571,0.0817030593752861,-0.045316923409700394,0,0.2653135359287262,0.28379714488983154,-0.018483608961105347
ip20_merged,bird_03,bird,photoguard_c,noise_0.02,noise,0.02,3,0.04,photoguard_c/bird_03/purify/noise_0.02/edit_tau0.04_seed3.png,0.03578934073448181,0.08138708770275116,-0.04559774696826935,0,0.27422744035720825,0.2860060930252075,-0.011778652667999268
ip20_merged,bird_03,bird,photoguard_c,noise_0.02,noise,0.02,4,0.04,photoguard_c/bird_03/purify/noise_0.02/edit_tau0.04_seed4.png,0.02472376637160778,0.07933539897203445,-0.054611632600426674,0,0.2463638335466385,0.28272920846939087,-0.03636537492275238
ip20_merged,bird_03,bird,photoguard_c,noise_0.04,noise,0.04,0,0.04,photoguard_c/bird_03/purify/noise_0.04/edit_tau0.04_seed0.png,0.016834937036037445,0.07884480804204941,-0.06200987100601196,0,0.24145621061325073,0.28262269496917725,-0.041166484355926514
ip20_merged,bird_03,bird,photoguard_c,noise_0.04,noise,0.04,1,0.04,photoguard_c/bird_03/purify/noise_0.04/edit_tau0.04_seed1.png,0.04256928712129593,0.0803644061088562,-0.03779511898756027,0,0.2500207722187042,0.28633949160575867,-0.03631871938705444
ip20_merged,bird_03,bird,photoguard_c,noise_0.04,noise,0.04,2,0.04,photoguard_c/bird_03/purify/noise_0.04/edit_tau0.04_seed2.png,0.029625434428453445,0.07977259159088135,-0.0501471571624279,0,0.23238548636436462,0.27840614318847656,-0.04602065682411194
ip20_merged,bird_03,bird,photoguard_c,noise_0.04,noise,0.04,3,0.04,photoguard_c/bird_03/purify/noise_0.04/edit_tau0.04_seed3.png,0.021839706227183342,0.07927700877189636,-0.05743730254471302,0,0.2540307641029358,0.27791541814804077,-0.02388465404510498
ip20_merged,bird_03,bird,photoguard_c,noise_0.04,noise,0.04,4,0.04,photoguard_c/bird_03/purify/noise_0.04/edit_tau0.04_seed4.png,0.024241657927632332,0.07978701591491699,-0.05554535798728466,0,0.23971424996852875,0.2829938530921936,-0.043279603123664856
ip20_merged,bird_03,bird,photoguard_c,noise_0.08,noise,0.08,0,0.04,photoguard_c/bird_03/purify/noise_0.08/edit_tau0.04_seed0.png,0.022557003423571587,0.08904626965522766,-0.06648926623165607,0,0.23879331350326538,0.2912334203720093,-0.052440106868743896
ip20_merged,bird_03,bird,photoguard_c,noise_0.08,noise,0.08,1,0.04,photoguard_c/bird_03/purify/noise_0.08/edit_tau0.04_seed1.png,0.0261168722063303,0.08900650590658188,-0.06288963370025158,0,0.23842275142669678,0.28660154342651367,-0.048178791999816895
ip20_merged,bird_03,bird,photoguard_c,noise_0.08,noise,0.08,2,0.04,photoguard_c/bird_03/purify/noise_0.08/edit_tau0.04_seed2.png,0.029297957196831703,0.08511152863502502,-0.05581357143819332,0,0.2339128851890564,0.2894558310508728,-0.055542945861816406
ip20_merged,bird_03,bird,photoguard_c,noise_0.08,noise,0.08,3,0.04,photoguard_c/bird_03/purify/noise_0.08/edit_tau0.04_seed3.png,0.019195714965462685,0.0900501012802124,-0.07085438631474972,0,0.24058538675308228,0.2823638916015625,-0.041778504848480225
ip20_merged,bird_03,bird,photoguard_c,noise_0.08,noise,0.08,4,0.04,photoguard_c/bird_03/purify/noise_0.08/edit_tau0.04_seed4.png,0.020247362554073334,0.08559906482696533,-0.065351702272892,0,0.23745357990264893,0.28757935762405396,-0.05012577772140503
ip20_merged,bird_03,bird,photoguard_c,quantize_16,quantize,16,0,0.04,photoguard_c/bird_03/purify/quantize_16/edit_tau0.04_seed0.png,0.03621502220630646,0.08446207642555237,-0.04824705421924591,0,0.2563415765762329,0.29530221223831177,-0.03896063566207886
ip20_merged,bird_03,bird,photoguard_c,quantize_16,quantize,16,1,0.04,photoguard_c/bird_03/purify/quantize_16/edit_tau0.04_seed1.png,0.04800526052713394,0.08127771317958832,-0.033272452652454376,0,0.2762768268585205,0.2815627157688141,-0.005285888910293579
ip20_merged,bird_03,bird,photoguard_c,quantize_16,quantize,16,2,0.04,photoguard_c/bird_03/purify/quantize_16/edit_tau0.04_seed2.png,0.017547035589814186,0.07725982367992401,-0.059712788090109825,0,0.2382533997297287,0.29002347588539124,-0.05177007615566254
ip20_merged,bird_03,bird,photoguard_c,quantize_16,quantize,16,3,0.04,photoguard_c/bird_03/purify/quantize_16/edit_tau0.04_seed3.png,0.032612092792987823,0.08237786591053009,-0.04976577311754227,0,0.26526206731796265,0.2770150303840637,-0.011752963066101074
ip20_merged,bird_03,bird,photoguard_c,quantize_16,quantize,16,4,0.04,photoguard_c/bird_03/purify/quantize_16/edit_tau0.04_seed4.png,0.03161798045039177,0.08750218152999878,-0.05588420107960701,0,0.24551968276500702,0.2846275866031647,-0.039107903838157654
ip20_merged,bird_03,bird,photoguard_c,quantize_32,quantize,32,0,0.04,photoguard_c/bird_03/purify/quantize_32/edit_tau0.04_seed0.png,0.014671940356492996,0.07877334207296371,-0.06410140171647072,0,0.25613197684288025,0.2892579734325409,-0.033125996589660645
ip20_merged,bird_03,bird,photoguard_c,quantize_32,quantize,32,1,0.04,photoguard_c/bird_03/purify/quantize_32/edit_tau0.04_seed1.png,0.02977081574499607,0.08084430545568466,-0.05107348971068859,0,0.2613357603549957,0.2867155373096466,-0.02537977695465088
ip20_merged,bird_03,bird,photoguard_c,quantize_32,quantize,32,2,0.04,photoguard_c/bird_03/purify/quantize_32/edit_tau0.04_seed2.png,0.008539573289453983,0.07361803948879242,-0.06507846619933844,0,0.26684626936912537,0.2967655062675476,-0.02991923689842224
ip20_merged,bird_03,bird,photoguard_c,quantize_32,quantize,32,3,0.04,photoguard_c/bird_03/purify/quantize_32/edit_tau0.04_seed3.png,0.04228075593709946,0.08418253064155579,-0.04190177470445633,0,0.28362566232681274,0.28701096773147583,-0.003385305404663086
ip20_merged,bird_03,bird,photoguard_c,quantize_32,quantize,32,4,0.04,photoguard_c/bird_03/purify/quantize_32/edit_tau0.04_seed4.png,0.027977753430604935,0.0806933268904686,-0.05271557345986366,0,0.24967364966869354,0.2884669005870819,-0.03879325091838837
ip20_merged,bird_03,bird,photoguard_c,quantize_64,quantize,64,0,0.04,photoguard_c/bird_03/purify/quantize_64/edit_tau0.04_seed0.png,0.015419978648424149,0.08127356320619583,-0.06585358455777168,0,0.255779504776001,0.2925010025501251,-0.036721497774124146
ip20_merged,bird_03,bird,photoguard_c,quantize_64,quantize,64,1,0.04,photoguard_c/bird_03/purify/quantize_64/edit_tau0.04_seed1.png,0.015020649880170822,0.07828469574451447,-0.06326404586434364,0,0.26188743114471436,0.2860320210456848,-0.02414458990097046
ip20_merged,bird_03,bird,photoguard_c,quantize_64,quantize,64,2,0.04,photoguard_c/bird_03/purify/quantize_64/edit_tau0.04_seed2.png,0.010444226674735546,0.07307463884353638,-0.06263041216880083,0,0.272238552570343,0.2952558398246765,-0.023017287254333496
ip20_merged,bird_03,bird,photoguard_c,quantize_64,quantize,64,3,0.04,photoguard_c/bird_03/purify/quantize_64/edit_tau0.04_seed3.png,0.042099617421627045,0.085699662566185,-0.04360004514455795,0,0.2835690975189209,0.28848719596862793,-0.004918098449707031
ip20_merged,bird_03,bird,photoguard_c,quantize_64,quantize,64,4,0.04,photoguard_c/bird_03/purify/quantize_64/edit_tau0.04_seed4.png,0.026234999299049377,0.08016587048768997,-0.053930871188640594,0,0.2610064446926117,0.2965658903121948,-0.03555944561958313
ip20_merged,bird_03,bird,photoguard_c,quantize_8,quantize,8,0,0.04,photoguard_c/bird_03/purify/quantize_8/edit_tau0.04_seed0.png,0.04565205052495003,0.09343545883893967,-0.04778340831398964,0,0.2578405737876892,0.29470348358154297,-0.03686290979385376
ip20_merged,bird_03,bird,photoguard_c,quantize_8,quantize,8,1,0.04,photoguard_c/bird_03/purify/quantize_8/edit_tau0.04_seed1.png,0.06472167372703552,0.0941065102815628,-0.029384836554527283,0,0.2712526023387909,0.27002039551734924,0.0012322068214416504
ip20_merged,bird_03,bird,photoguard_c,quantize_8,quantize,8,2,0.04,photoguard_c/bird_03/purify/quantize_8/edit_tau0.04_seed2.png,0.04472987353801727,0.09672053158283234,-0.051990658044815063,0,0.2442469298839569,0.29797643423080444,-0.053729504346847534
ip20_merged,bird_03,bird,photoguard_c,quantize_8,quantize,8,3,0.04,photoguard_c/bird_03/purify/quantize_8/edit_tau0.04_seed3.png,0.034275565296411514,0.09119120985269547,-0.05691564455628395,0,0.2578332722187042,0.283295214176178,-0.025461941957473755
ip20_merged,bird_03,bird,photoguard_c,quantize_8,quantize,8,4,0.04,photoguard_c/bird_03/purify/quantize_8/edit_tau0.04_seed4.png,0.0594225749373436,0.09798465669155121,-0.03856208175420761,0,0.2546876072883606,0.28209131956100464,-0.027403712272644043
ip20_merged,bird_03,bird,mist,adverse_cleaner_0,adverse_cleaner,0.0,0,0.04,mist/bird_03/purify/adverse_cleaner_0/edit_tau0.04_seed0.png,0.02072378806769848,0.08596088737249374,-0.06523709930479527,0,0.2536199390888214,0.302545964717865,-0.04892602562904358
ip20_merged,bird_03,bird,mist,adverse_cleaner_0,adverse_cleaner,0.0,1,0.04,mist/bird_03/purify/adverse_cleaner_0/edit_tau0.04_seed1.png,0.02797016128897667,0.08840139210224152,-0.06043123081326485,0,0.2562386393547058,0.30083271861076355,-0.04459407925605774
ip20_merged,bird_03,bird,mist,adverse_cleaner_0,adverse_cleaner,0.0,2,0.04,mist/bird_03/purify/adverse_cleaner_0/edit_tau0.04_seed2.png,0.0284741073846817,0.08761920034885406,-0.05914509296417236,0,0.2557651698589325,0.307418555021286,-0.051653385162353516
ip20_merged,bird_03,bird,mist,adverse_cleaner_0,adverse_cleaner,0.0,3,0.04,mist/bird_03/purify/adverse_cleaner_0/edit_tau0.04_seed3.png,0.02202763594686985,0.08923245966434479,-0.06720482371747494,0,0.26354822516441345,0.3014076054096222,-0.03785938024520874
ip20_merged,bird_03,bird,mist,adverse_cleaner_0,adverse_cleaner,0.0,4,0.04,mist/bird_03/purify/adverse_cleaner_0/edit_tau0.04_seed4.png,0.04128675162792206,0.08678669482469559,-0.04549994319677353,0,0.2611822187900543,0.2956022024154663,-0.03441998362541199
ip20_merged,bird_03,bird,mist,blur_0.5,blur,0.5,0,0.04,mist/bird_03/purify/blur_0.5/edit_tau0.04_seed0.png,0.017478013411164284,0.08686646819114685,-0.06938845477998257,0,0.2414417862892151,0.30121010541915894,-0.05976831912994385
ip20_merged,bird_03,bird,mist,blur_0.5,blur,0.5,1,0.04,mist/bird_03/purify/blur_0.5/edit_tau0.04_seed1.png,0.03632276505231857,0.08765938878059387,-0.0513366237282753,0,0.26370635628700256,0.2985251843929291,-0.034818828105926514
ip20_merged,bird_03,bird,mist,blur_0.5,blur,0.5,2,0.04,mist/bird_03/purify/blur_0.5/edit_tau0.04_seed2.png,0.03856436163187027,0.08827628195285797,-0.0497119203209877,0,0.23791657388210297,0.2997400164604187,-0.061823442578315735
ip20_merged,bird_03,bird,mist,blur_0.5,blur,0.5,3,0.04,mist/bird_03/purify/blur_0.5/edit_tau0.04_seed3.png,0.020440582185983658,0.0867452621459961,-0.06630467996001244,0,0.2514583468437195,0.2925426959991455,-0.041084349155426025
ip20_merged,bird_03,bird,mist,blur_0.5,blur,0.5,4,0.04,mist/bird_03/purify/blur_0.5/edit_tau0.04_seed4.png,0.021667664870619774,0.08682747185230255,-0.06515980698168278,0,0.24101032316684723,0.2985888719558716,-0.05757854878902435
ip20_merged,bird_03,bird,mist,blur_1,blur,1.0,0,0.04,mist/bird_03/purify/blur_1/edit_tau0.04_seed0.png,0.025590423494577408,0.08192743360996246,-0.056337010115385056,0,0.23865538835525513,0.294614315032959,-0.05595892667770386
ip20_merged,bird_03,bird,mist,blur_1,blur,1.0,1,0.04,mist/bird_03/purify/blur_1/edit_tau0.04_seed1.png,0.02981376275420189,0.08309345692396164,-0.05327969416975975,0,0.2543184161186218,0.2853103578090668,-0.030991941690444946
ip20_merged,bird_03,bird,mist,blur_1,blur,1.0,2,0.04,mist/bird_03/purify/blur_1/edit_tau0.04_seed2.png,0.035128153860569,0.08840247243642807,-0.05327431857585907,0,0.2377971112728119,0.30165624618530273,-0.06385913491249084
ip20_merged,bird_03,bird,mist,blur_1,blur,1.0,3,0.04,mist/bird_03/purify/blur_1/edit_tau0.04_seed3.png,0.023386936634778976,0.08642132580280304,-0.06303438916802406,0,0.2369004786014557,0.28857529163360596,-0.05167481303215027
ip20_merged,bird_03,bird,mist,blur_1,blur,1.0,4,0.04,mist/bird_03/purify/blur_1/edit_tau0.04_seed4.png,0.026748012751340866,0.08772163093090057,-0.06097361817955971,0,0.23445400595664978,0.29109591245651245,-0.05664190649986267
ip20_merged,bird_03,bird,mist,blur_2,blur,2.0,0,0.04,mist/bird_03/purify/blur_2/edit_tau0.04_seed0.png,0.02869412861764431,0.09199836850166321,-0.0633042398840189,0,0.23535753786563873,0.29269301891326904,-0.05733548104763031
ip20_merged,bird_03,bird,mist,blur_2,blur,2.0,1,0.04,mist/bird_03/purify/blur_2/edit_tau0.04_seed1.png,0.04696755111217499,0.09160357713699341,-0.04463602602481842,0,0.24680563807487488,0.2777758240699768,-0.03097018599510193
ip20_merged,bird_03,bird,mist,blur_2,blur,2.0,2,0.04,mist/bird_03/purify/blur_2/edit_tau0.04_seed2.png,0.03071652539074421,0.08556497097015381,-0.0548484455794096,0,0.24369029700756073,0.3044850826263428,-0.06079478561878204
ip20_merged,bird_03,bird,mist,blur_2,blur,2.0,3,0.04,mist/bird_03/purify/blur_2/edit_tau0.04_seed3.png,0.044195760041475296,0.09148779511451721,-0.047292035073041916,0,0.2530553936958313,0.2943651080131531,-0.04130971431732178
ip20_merged,bird_03,bird,mist,blur_2,blur,2.0,4,0.04,mist/bird_03/purify/blur_2/edit_tau0.04_seed4.png,0.024203456938266754,0.08990652114152908,-0.06570306420326233,0,0.23886314034461975,0.2991410493850708,-0.06027790904045105
ip20_merged,bird_03,bird,mist,blur_3,blur,3.0,0,0.04,mist/bird_03/purify/blur_3/edit_tau0.04_seed0.png,0.029496680945158005,0.09590829908847809,-0.06641161814332008,0,0.22769790887832642,0.28631091117858887,-0.05861300230026245
ip20_merged,bird_03,bird,mist,blur_3,blur,3.0,1,0.04,mist/bird_03/purify/blur_3/edit_tau0.04_seed1.png,0.08199702203273773,0.09717927873134613,-0.015182256698608398,0,0.2505919337272644,0.2761757969856262,-0.025583863258361816
ip20_merged,bird_03,bird,mist,blur_3,blur,3.0,2,0.04,mist/bird_03/purify/blur_3/edit_tau0.04_seed2.png,0.03546927869319916,0.09334629774093628,-0.05787701904773712,0,0.24329091608524323,0.3015228509902954,-0.058231934905052185
ip20_merged,bird_03,bird,mist,blur_3,blur,3.0,3,0.04,mist/bird_03/purify/blur_3/edit_tau0.04_seed3.png,0.040242474526166916,0.09938053786754608,-0.059138063341379166,0,0.26158666610717773,0.29935988783836365,-0.03777322173118591
ip20_merged,bird_03,bird,mist,blur_3,blur,3.0,4,0.04,mist/bird_03/purify/blur_3/edit_tau0.04_seed4.png,0.029127025976777077,0.09636680781841278,-0.0672397818416357,0,0.2384408861398697,0.2965991795063019,-0.05815829336643219
ip20_merged,bird_03,bird,mist,crop_resize_0.1,crop_resize,0.1,0,0.04,mist/bird_03/purify/crop_resize_0.1/edit_tau0.04_seed0.png,0.023176174610853195,0.08768156170845032,-0.06450538709759712,0,0.2303970754146576,0.2899635434150696,-0.05956646800041199
ip20_merged,bird_03,bird,mist,crop_resize_0.1,crop_resize,0.1,1,0.04,mist/bird_03/purify/crop_resize_0.1/edit_tau0.04_seed1.png,0.05387810617685318,0.08613288402557373,-0.03225477784872055,0,0.25810664892196655,0.2955626845359802,-0.03745603561401367
ip20_merged,bird_03,bird,mist,crop_resize_0.1,crop_resize,0.1,2,0.04,mist/bird_03/purify/crop_resize_0.1/edit_tau0.04_seed2.png,0.030449040234088898,0.08700020611286163,-0.056551165878772736,0,0.2349373698234558,0.28620225191116333,-0.05126488208770752
ip20_merged,bird_03,bird,mist,crop_resize_0.1,crop_resize,0.1,3,0.04,mist/bird_03/purify/crop_resize_0.1/edit_tau0.04_seed3.png,0.052570924162864685,0.08694202452898026,-0.03437110036611557,0,0.26367342472076416,0.2791878283023834,-0.015514403581619263
ip20_merged,bird_03,bird,mist,crop_resize_0.1,crop_resize,0.1,4,0.04,mist/bird_03/purify/crop_resize_0.1/edit_tau0.04_seed4.png,0.03614706173539162,0.08809708058834076,-0.05195001885294914,0,0.2353520393371582,0.292656809091568,-0.05730476975440979
ip20_merged,bird_03,bird,mist,diffpure_150,diffpure,150,0,0.04,mist/bird_03/purify/diffpure_150/edit_tau0.04_seed0.png,0.040840622037649155,0.08957662433385849,-0.048736002296209335,0,0.23347803950309753,0.28608405590057373,-0.052606016397476196
ip20_merged,bird_03,bird,mist,diffpure_150,diffpure,150,1,0.04,mist/bird_03/purify/diffpure_150/edit_tau0.04_seed1.png,0.04701758921146393,0.08669166266918182,-0.039674073457717896,0,0.2594035863876343,0.28248608112335205,-0.023082494735717773
ip20_merged,bird_03,bird,mist,diffpure_150,diffpure,150,2,0.04,mist/bird_03/purify/diffpure_150/edit_tau0.04_seed2.png,0.041541196405887604,0.08959876745939255,-0.048057571053504944,0,0.24664324522018433,0.29932141304016113,-0.05267816781997681
ip20_merged,bird_03,bird,mist,diffpure_150,diffpure,150,3,0.04,mist/bird_03/purify/diffpure_150/edit_tau0.04_seed3.png,0.05162615701556206,0.08437179774045944,-0.032745640724897385,0,0.2502225637435913,0.29024603962898254,-0.040023475885391235
ip20_merged,bird_03,bird,mist,diffpure_150,diffpure,150,4,0.04,mist/bird_03/purify/diffpure_150/edit_tau0.04_seed4.png,0.026100177317857742,0.08504453301429749,-0.05894435569643974,0,0.22564712166786194,0.283649742603302,-0.058002620935440063
ip20_merged,bird_03,bird,mist,identity_0,identity,0.0,0,0.04,mist/bird_03/purify/identity_0/edit_tau0.04_seed0.png,0.022553756833076477,0.08969946205615997,-0.0671457052230835,0,0.24155715107917786,0.30173254013061523,-0.06017538905143738
ip20_merged,bird_03,bird,mist,identity_0,identity,0.0,1,0.04,mist/bird_03/purify/identity_0/edit_tau0.04_seed1.png,0.0473070964217186,0.08728882670402527,-0.03998173028230667,0,0.24962089955806732,0.29721370339393616,-0.047592803835868835
ip20_merged,bird_03,bird,mist,identity_0,identity,0.0,2,0.04,mist/bird_03/purify/identity_0/edit_tau0.04_seed2.png,0.03344308212399483,0.08934004604816437,-0.05589696392416954,0,0.2420092225074768,0.3021252155303955,-0.0601159930229187
ip20_merged,bird_03,bird,mist,identity_0,identity,0.0,3,0.04,mist/bird_03/purify/identity_0/edit_tau0.04_seed3.png,0.044247232377529144,0.08985264599323273,-0.04560541361570358,0,0.25247931480407715,0.2907313108444214,-0.03825199604034424
ip20_merged,bird_03,bird,mist,identity_0,identity,0.0,4,0.04,mist/bird_03/purify/identity_0/edit_tau0.04_seed4.png,0.03358108550310135,0.09052801132202148,-0.056946925818920135,0,0.25049155950546265,0.29793310165405273,-0.04744154214859009
ip20_merged,bird_03,bird,mist,jpeg_30,jpeg,30,0,0.04,mist/bird_03/purify/jpeg_30/edit_tau0.04_seed0.png,0.03650518134236336,0.0832754373550415,-0.046770256012678146,0,0.24428367614746094,0.30445805191993713,-0.060174375772476196
ip20_merged,bird_03,bird,mist,jpeg_30,jpeg,30,1,0.04,mist/bird_03/purify/jpeg_30/edit_tau0.04_seed1.png,0.030389169231057167,0.0835852399468422,-0.05319607071578503,0,0.266782283782959,0.2951970100402832,-0.02841472625732422
ip20_merged,bird_03,bird,mist,jpeg_30,jpeg,30,2,0.04,mist/bird_03/purify/jpeg_30/edit_tau0.04_seed2.png,0.035614028573036194,0.08957788348197937,-0.053963854908943176,0,0.2358648031949997,0.30401208996772766,-0.06814728677272797
ip20_merged,bird_03,bird,mist,jpeg_30,jpeg,30,3,0.04,mist/bird_03/purify/jpeg_30/edit_tau0.04_seed3.png,0.03391064703464508,0.08192128688097,-0.04801063984632492,0,0.25794440507888794,0.2961786389350891,-0.03823423385620117
ip20_merged,bird_03,bird,mist,jpeg_30,jpeg,30,4,0.04,mist/bird_03/purify/jpeg_30/edit_tau0.04_seed4.png,0.037165142595767975,0.08796431869268417,-0.0507991760969162,0,0.2575377821922302,0.297418475151062,-0.03988069295883179
ip20_merged,bird_03,bird,mist,jpeg_75,jpeg,75,0,0.04,mist/bird_03/purify/jpeg_75/edit_tau0.04_seed0.png,0.021124593913555145,0.08130497485399246,-0.06018038094043732,0,0.24630993604660034,0.2972124218940735,-0.050902485847473145
ip20_merged,bird_03,bird,mist,jpeg_75,jpeg,75,1,0.04,mist/bird_03/purify/jpeg_75/edit_tau0.04_seed1.png,0.03178722783923149,0.08213943243026733,-0.05035220459103584,0,0.25902119278907776,0.29036813974380493,-0.03134694695472717
ip20_merged,bird_03,bird,mist,jpeg_75,jpeg,75,2,0.04,mist/bird_03/purify/jpeg_75/edit_tau0.04_seed2.png,0.030915074050426483,0.08163848519325256,-0.05072341114282608,0,0.2366204857826233,0.2990199327468872,-0.062399446964263916
ip20_merged,bird_03,bird,mist,jpeg_75,jpeg,75,3,0.04,mist/bird_03/purify/jpeg_75/edit_tau0.04_seed3.png,0.012641901150345802,0.07925812900066376,-0.06661622785031796,0,0.2560473382472992,0.29670003056526184,-0.040652692317962646
ip20_merged,bird_03,bird,mist,jpeg_75,jpeg,75,4,0.04,mist/bird_03/purify/jpeg_75/edit_tau0.04_seed4.png,0.030418479815125465,0.08379810303449631,-0.05337962321937084,0,0.25619757175445557,0.3010367453098297,-0.044839173555374146
ip20_merged,bird_03,bird,mist,noise_0.01,noise,0.01,0,0.04,mist/bird_03/purify/noise_0.01/edit_tau0.04_seed0.png,0.027684181928634644,0.08620955049991608,-0.05852536857128143,0,0.24335996806621552,0.3006362318992615,-0.05727626383304596
ip20_merged,bird_03,bird,mist,noise_0.01,noise,0.01,1,0.04,mist/bird_03/purify/noise_0.01/edit_tau0.04_seed1.png,0.03803199529647827,0.08391474187374115,-0.04588274657726288,0,0.2540622353553772,0.29135072231292725,-0.03728848695755005
ip20_merged,bird_03,bird,mist,noise_0.01,noise,0.01,2,0.04,mist/bird_03/purify/noise_0.01/edit_tau0.04_seed2.png,0.036219529807567596,0.08458700776100159,-0.04836747795343399,0,0.23439037799835205,0.2894876301288605,-0.05509725213050842
ip20_merged,bird_03,bird,mist,noise_0.01,noise,0.01,3,0.04,mist/bird_03/purify/noise_0.01/edit_tau0.04_seed3.png,0.03081771917641163,0.08715014904737473,-0.0563324298709631,0,0.2531116008758545,0.28756412863731384,-0.03445252776145935
ip20_merged,bird_03,bird,mist,noise_0.01,noise,0.01,4,0.04,mist/bird_03/purify/noise_0.01/edit_tau0.04_seed4.png,0.026947930455207825,0.08512712270021439,-0.05817919224500656,0,0.2444813847541809,0.29232966899871826,-0.047848284244537354
ip20_merged,bird_03,bird,mist,noise_0.02,noise,0.02,0,0.04,mist/bird_03/purify/noise_0.02/edit_tau0.04_seed0.png,0.023292165249586105,0.08272408694028854,-0.05943192169070244,0,0.24485863745212555,0.3006693124771118,-0.05581067502498627
ip20_merged,bird_03,bird,mist,noise_0.02,noise,0.02,1,0.04,mist/bird_03/purify/noise_0.02/edit_tau0.04_seed1.png,0.03349669277667999,0.08218095451593399,-0.048684261739254,0,0.24147415161132812,0.2894723415374756,-0.04799818992614746
ip20_merged,bird_03,bird,mist,noise_0.02,noise,0.02,2,0.04,mist/bird_03/purify/noise_0.02/edit_tau0.04_seed2.png,0.03495734930038452,0.08000057935714722,-0.045043230056762695,0,0.24065592885017395,0.29103970527648926,-0.05038377642631531
ip20_merged,bird_03,bird,mist,noise_0.02,noise,0.02,3,0.04,mist/bird_03/purify/noise_0.02/edit_tau0.04_seed3.png,0.026977963745594025,0.08165746182203293,-0.054679498076438904,0,0.24099767208099365,0.28175732493400574,-0.040759652853012085
ip20_merged,bird_03,bird,mist,noise_0.02,noise,0.02,4,0.04,mist/bird_03/purify/noise_0.02/edit_tau0.04_seed4.png,0.024464204907417297,0.0797443687915802,-0.0552801638841629,0,0.24640963971614838,0.29267311096191406,-0.046263471245765686
ip20_merged,bird_03,bird,mist,noise_0.04,noise,0.04,0,0.04,mist/bird_03/purify/noise_0.04/edit_tau0.04_seed0.png,0.022681592032313347,0.08304964751005173,-0.06036805547773838,0,0.2417500764131546,0.29648295044898987,-0.054732874035835266
ip20_merged,bird_03,bird,mist,noise_0.04,noise,0.04,1,0.04,mist/bird_03/purify/noise_0.04/edit_tau0.04_seed1.png,0.027068322524428368,0.08699768781661987,-0.059929365292191505,0,0.23795479536056519,0.2848004698753357,-0.04684567451477051
ip20_merged,bird_03,bird,mist,noise_0.04,noise,0.04,2,0.04,mist/bird_03/purify/noise_0.04/edit_tau0.04_seed2.png,0.030515192076563835,0.08248580992221832,-0.05197061784565449,0,0.2299405038356781,0.28371769189834595,-0.05377718806266785
ip20_merged,bird_03,bird,mist,noise_0.04,noise,0.04,3,0.04,mist/bird_03/purify/noise_0.04/edit_tau0.04_seed3.png,0.011363610625267029,0.07964225858449936,-0.06827864795923233,0,0.2389788031578064,0.2807174324989319,-0.04173862934112549
ip20_merged,bird_03,bird,mist,noise_0.04,noise,0.04,4,0.04,mist/bird_03/purify/noise_0.04/edit_tau0.04_seed4.png,0.020160328596830368,0.07775524258613586,-0.057594913989305496,0,0.2419554442167282,0.28506535291671753,-0.04310990869998932
ip20_merged,bird_03,bird,mist,noise_0.08,noise,0.08,0,0.04,mist/bird_03/purify/noise_0.08/edit_tau0.04_seed0.png,0.02326260879635811,0.09101278334856033,-0.06775017455220222,0,0.2398449331521988,0.29459601640701294,-0.05475108325481415
ip20_merged,bird_03,bird,mist,noise_0.08,noise,0.08,1,0.04,mist/bird_03/purify/noise_0.08/edit_tau0.04_seed1.png,0.027611101046204567,0.09215036034584045,-0.06453925929963589,0,0.2388947308063507,0.28419944643974304,-0.045304715633392334
ip20_merged,bird_03,bird,mist,noise_0.08,noise,0.08,2,0.04,mist/bird_03/purify/noise_0.08/edit_tau0.04_seed2.png,0.02188047766685486,0.08531931787729263,-0.06343884021043777,0,0.2327335774898529,0.2829812169075012,-0.050247639417648315
ip20_merged,bird_03,bird,mist,noise_0.08,noise,0.08,3,0.04,mist/bird_03/purify/noise_0.08/edit_tau0.04_seed3.png,0.0162185188382864,0.08679254353046417,-0.07057402469217777,0,0.2427901327610016,0.28254449367523193,-0.03975436091423035
ip20_merged,bird_03,bird,mist,noise_0.08,noise,0.08,4,0.04,mist/bird_03/purify/noise_0.08/edit_tau0.04_seed4.png,0.023695649579167366,0.08987478911876678,-0.06617913953959942,0,0.24034838378429413,0.2849135994911194,-0.044565215706825256
ip20_merged,bird_03,bird,mist,quantize_16,quantize,16,0,0.04,mist/bird_03/purify/quantize_16/edit_tau0.04_seed0.png,0.017954017966985703,0.0868632048368454,-0.0689091868698597,0,0.2397730052471161,0.2993425130844116,-0.05956950783729553
ip20_merged,bird_03,bird,mist,quantize_16,quantize,16,1,0.04,mist/bird_03/purify/quantize_16/edit_tau0.04_seed1.png,0.04519355669617653,0.08743476867675781,-0.042241211980581284,0,0.2539049983024597,0.2991526424884796,-0.0452476441860199
ip20_merged,bird_03,bird,mist,quantize_16,quantize,16,2,0.04,mist/bird_03/purify/quantize_16/edit_tau0.04_seed2.png,0.030262496322393417,0.08948858082294464,-0.059226084500551224,0,0.23407170176506042,0.29443636536598206,-0.06036466360092163
ip20_merged,bird_03,bird,mist,quantize_16,quantize,16,3,0.04,mist/bird_03/purify/quantize_16/edit_tau0.04_seed3.png,0.029651623219251633,0.09041960537433624,-0.06076798215508461,0,0.24493050575256348,0.29086875915527344,-0.04593825340270996
ip20_merged,bird_03,bird,mist,quantize_16,quantize,16,4,0.04,mist/bird_03/purify/quantize_16/edit_tau0.04_seed4.png,0.02411104552447796,0.08875424414873123,-0.06464319862425327,0,0.24196672439575195,0.2997715473175049,-0.05780482292175293
ip20_merged,bird_03,bird,mist,quantize_32,quantize,32,0,0.04,mist/bird_03/purify/quantize_32/edit_tau0.04_seed0.png,0.019997652620077133,0.08772039413452148,-0.06772274151444435,0,0.24456366896629333,0.30229154229164124,-0.0577278733253479
ip20_merged,bird_03,bird,mist,quantize_32,quantize,32,1,0.04,mist/bird_03/purify/quantize_32/edit_tau0.04_seed1.png,0.0447985902428627,0.08548024296760559,-0.04068165272474289,0,0.2472158670425415,0.294547438621521,-0.04733157157897949
ip20_merged,bird_03,bird,mist,quantize_32,quantize,32,2,0.04,mist/bird_03/purify/quantize_32/edit_tau0.04_seed2.png,0.037110745906829834,0.08718053996562958,-0.050069794058799744,0,0.2389647215604782,0.2951779365539551,-0.05621321499347687
ip20_merged,bird_03,bird,mist,quantize_32,quantize,32,3,0.04,mist/bird_03/purify/quantize_32/edit_tau0.04_seed3.png,0.035423897206783295,0.08951429277658463,-0.05409039556980133,0,0.2530306577682495,0.28657951951026917,-0.03354886174201965
ip20_merged,bird_03,bird,mist,quantize_32,quantize,32,4,0.04,mist/bird_03/purify/quantize_32/edit_tau0.04_seed4.png,0.03269517421722412,0.08851772546768188,-0.055822551250457764,0,0.24531614780426025,0.2920953631401062,-0.04677921533584595
ip20_merged,bird_03,bird,mist,quantize_64,quantize,64,0,0.04,mist/bird_03/purify/quantize_64/edit_tau0.04_seed0.png,0.01961708813905716,0.08674117922782898,-0.06712409108877182,0,0.24199502170085907,0.301457941532135,-0.05946291983127594
ip20_merged,bird_03,bird,mist,quantize_64,quantize,64,1,0.04,mist/bird_03/purify/quantize_64/edit_tau0.04_seed1.png,0.04787874221801758,0.08795927464962006,-0.04008053243160248,0,0.24841460585594177,0.2936098277568817,-0.04519522190093994
ip20_merged,bird_03,bird,mist,quantize_64,quantize,64,2,0.04,mist/bird_03/purify/quantize_64/edit_tau0.04_seed2.png,0.035685114562511444,0.08809514343738556,-0.052410028874874115,0,0.23876450955867767,0.2985919117927551,-0.059827402234077454
ip20_merged,bird_03,bird,mist,quantize_64,quantize,64,3,0.04,mist/bird_03/purify/quantize_64/edit_tau0.04_seed3.png,0.03970712050795555,0.08987809717655182,-0.05017097666859627,0,0.25766730308532715,0.2892630100250244,-0.031595706939697266
ip20_merged,bird_03,bird,mist,quantize_64,quantize,64,4,0.04,mist/bird_03/purify/quantize_64/edit_tau0.04_seed4.png,0.032738521695137024,0.08929406106472015,-0.05655553936958313,0,0.2481362670660019,0.2951315939426422,-0.04699532687664032
ip20_merged,bird_03,bird,mist,quantize_8,quantize,8,0,0.04,mist/bird_03/purify/quantize_8/edit_tau0.04_seed0.png,0.027598761022090912,0.10321491956710815,-0.07561615854501724,0,0.23390978574752808,0.29470178484916687,-0.060791999101638794
ip20_merged,bird_03,bird,mist,quantize_8,quantize,8,1,0.04,mist/bird_03/purify/quantize_8/edit_tau0.04_seed1.png,0.06163841858506203,0.0955531895160675,-0.03391477093100548,0,0.23588190972805023,0.2875365614891052,-0.05165465176105499
ip20_merged,bird_03,bird,mist,quantize_8,quantize,8,2,0.04,mist/bird_03/purify/quantize_8/edit_tau0.04_seed2.png,0.034620922058820724,0.09881813824176788,-0.06419721618294716,0,0.23080851137638092,0.29205167293548584,-0.06124316155910492
ip20_merged,bird_03,bird,mist,quantize_8,quantize,8,3,0.04,mist/bird_03/purify/quantize_8/edit_tau0.04_seed3.png,0.04921592026948929,0.09856633841991425,-0.04935041815042496,0,0.26416122913360596,0.29599204659461975,-0.031830817461013794
ip20_merged,bird_03,bird,mist,quantize_8,quantize,8,4,0.04,mist/bird_03/purify/quantize_8/edit_tau0.04_seed4.png,0.038436755537986755,0.09861958026885986,-0.06018282473087311,0,0.2329537570476532,0.29101425409317017,-0.05806049704551697
ip20_merged,bird_03,bird,dia_r,adverse_cleaner_0,adverse_cleaner,0.0,0,0.04,dia_r/bird_03/purify/adverse_cleaner_0/edit_tau0.04_seed0.png,0.03551497310400009,0.08407382667064667,-0.048558853566646576,0,0.24853883683681488,0.2996137738227844,-0.05107493698596954
ip20_merged,bird_03,bird,dia_r,adverse_cleaner_0,adverse_cleaner,0.0,1,0.04,dia_r/bird_03/purify/adverse_cleaner_0/edit_tau0.04_seed1.png,0.03354261443018913,0.08560861647129059,-0.052066002041101456,0,0.25934815406799316,0.2974680960178375,-0.03811994194984436
ip20_merged,bird_03,bird,dia_r,adverse_cleaner_0,adverse_cleaner,0.0,2,0.04,dia_r/bird_03/purify/adverse_cleaner_0/edit_tau0.04_seed2.png,0.03662526607513428,0.08752179145812988,-0.050896525382995605,0,0.24702583253383636,0.30284005403518677,-0.0558142215013504
ip20_merged,bird_03,bird,dia_r,adverse_cleaner_0,adverse_cleaner,0.0,3,0.04,dia_r/bird_03/purify/adverse_cleaner_0/edit_tau0.04_seed3.png,0.02559252455830574,0.08572471141815186,-0.060132186859846115,0,0.2685224413871765,0.2921895682811737,-0.023667126893997192
ip20_merged,bird_03,bird,dia_r,adverse_cleaner_0,adverse_cleaner,0.0,4,0.04,dia_r/bird_03/purify/adverse_cleaner_0/edit_tau0.04_seed4.png,0.04974808543920517,0.08022499084472656,-0.030476905405521393,0,0.27259957790374756,0.28755566477775574,-0.014956086874008179
ip20_merged,bird_03,bird,dia_r,blur_0.5,blur,0.5,0,0.04,dia_r/bird_03/purify/blur_0.5/edit_tau0.04_seed0.png,0.029063180088996887,0.0882972925901413,-0.05923411250114441,0,0.23913276195526123,0.28830093145370483,-0.049168169498443604
ip20_merged,bird_03,bird,dia_r,blur_0.5,blur,0.5,1,0.04,dia_r/bird_03/purify/blur_0.5/edit_tau0.04_seed1.png,0.042028382420539856,0.08820609748363495,-0.04617771506309509,0,0.2492721974849701,0.289510041475296,-0.04023784399032593
ip20_merged,bird_03,bird,dia_r,blur_0.5,blur,0.5,2,0.04,dia_r/bird_03/purify/blur_0.5/edit_tau0.04_seed2.png,0.033337272703647614,0.08886997401714325,-0.055532701313495636,0,0.24085763096809387,0.28996002674102783,-0.04910239577293396
ip20_merged,bird_03,bird,dia_r,blur_0.5,blur,0.5,3,0.04,dia_r/bird_03/purify/blur_0.5/edit_tau0.04_seed3.png,0.032524771988391876,0.08596459031105042,-0.05343981832265854,0,0.25685808062553406,0.287112295627594,-0.030254215002059937
ip20_merged,bird_03,bird,dia_r,blur_0.5,blur,0.5,4,0.04,dia_r/bird_03/purify/blur_0.5/edit_tau0.04_seed4.png,0.03300096467137337,0.0873211920261383,-0.05432022735476494,0,0.24479565024375916,0.2850630581378937,-0.04026740789413452
ip20_merged,bird_03,bird,dia_r,blur_1,blur,1.0,0,0.04,dia_r/bird_03/purify/blur_1/edit_tau0.04_seed0.png,0.027627844363451004,0.08422107994556427,-0.056593235582113266,0,0.23972025513648987,0.29436975717544556,-0.05464950203895569
ip20_merged,bird_03,bird,dia_r,blur_1,blur,1.0,1,0.04,dia_r/bird_03/purify/blur_1/edit_tau0.04_seed1.png,0.032402053475379944,0.08791447430849075,-0.05551242083311081,0,0.2525022327899933,0.2818886339664459,-0.029386401176452637
ip20_merged,bird_03,bird,dia_r,blur_1,blur,1.0,2,0.04,dia_r/bird_03/purify/blur_1/edit_tau0.04_seed2.png,0.034559182822704315,0.09070789813995361,-0.0561487153172493,0,0.23695777356624603,0.2960454821586609,-0.059087708592414856
ip20_merged,bird_03,bird,dia_r,blur_1,blur,1.0,3,0.04,dia_r/bird_03/purify/blur_1/edit_tau0.04_seed3.png,0.025505496188998222,0.0840262919664383,-0.05852079577744007,0,0.2437720149755478,0.2904428541660309,-0.04667083919048309
ip20_merged,bird_03,bird,dia_r,blur_1,blur,1.0,4,0.04,dia_r/bird_03/purify/blur_1/edit_tau0.04_seed4.png,0.026043575257062912,0.08695322275161743,-0.06090964749455452,0,0.2294035106897354,0.2820052206516266,-0.052601709961891174
ip20_merged,bird_03,bird,dia_r,blur_2,blur,2.0,0,0.04,dia_r/bird_03/purify/blur_2/edit_tau0.04_seed0.png,0.028265532106161118,0.09240302443504333,-0.06413749232888222,0,0.23362377285957336,0.2922781705856323,-0.05865439772605896
ip20_merged,bird_03,bird,dia_r,blur_2,blur,2.0,1,0.04,dia_r/bird_03/purify/blur_2/edit_tau0.04_seed1.png,0.04145605489611626,0.0938626080751419,-0.05240655317902565,0,0.24412059783935547,0.2779220640659332,-0.03380146622657776
ip20_merged,bird_03,bird,dia_r,blur_2,blur,2.0,2,0.04,dia_r/bird_03/purify/blur_2/edit_tau0.04_seed2.png,0.03750428929924965,0.09305323660373688,-0.05554894730448723,0,0.24280618131160736,0.3037629723548889,-0.060956791043281555
ip20_merged,bird_03,bird,dia_r,blur_2,blur,2.0,3,0.04,dia_r/bird_03/purify/blur_2/edit_tau0.04_seed3.png,0.04137886315584183,0.09136945009231567,-0.049990586936473846,0,0.25442755222320557,0.294649600982666,-0.04022204875946045
ip20_merged,bird_03,bird,dia_r,blur_2,blur,2.0,4,0.04,dia_r/bird_03/purify/blur_2/edit_tau0.04_seed4.png,0.02517247386276722,0.09073759615421295,-0.06556512229144573,0,0.2378050982952118,0.2983485460281372,-0.060543447732925415
ip20_merged,bird_03,bird,dia_r,blur_3,blur,3.0,0,0.04,dia_r/bird_03/purify/blur_3/edit_tau0.04_seed0.png,0.02780703827738762,0.09494990110397339,-0.06714286282658577,0,0.22732052206993103,0.28647905588150024,-0.059158533811569214
ip20_merged,bird_03,bird,dia_r,blur_3,blur,3.0,1,0.04,dia_r/bird_03/purify/blur_3/edit_tau0.04_seed1.png,0.07459013164043427,0.0971924290060997,-0.022602297365665436,0,0.24705924093723297,0.2735852599143982,-0.026526018977165222
ip20_merged,bird_03,bird,dia_r,blur_3,blur,3.0,2,0.04,dia_r/bird_03/purify/blur_3/edit_tau0.04_seed2.png,0.039705321192741394,0.09438049793243408,-0.05467517673969269,0,0.2429654598236084,0.3007392883300781,-0.05777382850646973
ip20_merged,bird_03,bird,dia_r,blur_3,blur,3.0,3,0.04,dia_r/bird_03/purify/blur_3/edit_tau0.04_seed3.png,0.052620649337768555,0.10011523962020874,-0.047494590282440186,0,0.25990498065948486,0.29582667350769043,-0.035921692848205566
ip20_merged,bird_03,bird,dia_r,blur_3,blur,3.0,4,0.04,dia_r/bird_03/purify/blur_3/edit_tau0.04_seed4.png,0.029365163296461105,0.09590540826320648,-0.06654024496674538,0,0.2398729920387268,0.29672911763191223,-0.056856125593185425
ip20_merged,bird_03,bird,dia_r,crop_resize_0.1,crop_resize,0.1,0,0.04,dia_r/bird_03/purify/crop_resize_0.1/edit_tau0.04_seed0.png,0.03342540189623833,0.08257902413606644,-0.04915362223982811,0,0.23625874519348145,0.28215938806533813,-0.04590064287185669
ip20_merged,bird_03,bird,dia_r,crop_resize_0.1,crop_resize,0.1,1,0.04,dia_r/bird_03/purify/crop_resize_0.1/edit_tau0.04_seed1.png,0.06665341556072235,0.08427031338214874,-0.01761689782142639,0,0.25243324041366577,0.2804977595806122,-0.02806451916694641
ip20_merged,bird_03,bird,dia_r,crop_resize_0.1,crop_resize,0.1,2,0.04,dia_r/bird_03/purify/crop_resize_0.1/edit_tau0.04_seed2.png,0.02969122678041458,0.08336345106363297,-0.053672224283218384,0,0.23328876495361328,0.2837153673171997,-0.050426602363586426
ip20_merged,bird_03,bird,dia_r,crop_resize_0.1,crop_resize,0.1,3,0.04,dia_r/bird_03/purify/crop_resize_0.1/edit_tau0.04_seed3.png,0.05035404860973358,0.08777458965778351,-0.03742054104804993,0,0.2501153349876404,0.28170791268348694,-0.03159257769584656
ip20_merged,bird_03,bird,dia_r,crop_resize_0.1,crop_resize,0.1,4,0.04,dia_r/bird_03/purify/crop_resize_0.1/edit_tau0.04_seed4.png,0.03075852245092392,0.08612533658742905,-0.05536681413650513,0,0.22769111394882202,0.27767348289489746,-0.04998236894607544
ip20_merged,bird_03,bird,dia_r,diffpure_150,diffpure,150,0,0.04,dia_r/bird_03/purify/diffpure_150/edit_tau0.04_seed0.png,0.02745755761861801,0.08801591396331787,-0.06055835634469986,0,0.2402099072933197,0.2925158441066742,-0.05230593681335449
ip20_merged,bird_03,bird,dia_r,diffpure_150,diffpure,150,1,0.04,dia_r/bird_03/purify/diffpure_150/edit_tau0.04_seed1.png,0.024725979194045067,0.07993972301483154,-0.055213743820786476,0,0.2604480981826782,0.28504878282546997,-0.024600684642791748
ip20_merged,bird_03,bird,dia_r,diffpure_150,diffpure,150,2,0.04,dia_r/bird_03/purify/diffpure_150/edit_tau0.04_seed2.png,0.030976802110671997,0.0855996161699295,-0.05462281405925751,0,0.2370743453502655,0.2976224422454834,-0.060548096895217896
ip20_merged,bird_03,bird,dia_r,diffpure_150,diffpure,150,3,0.04,dia_r/bird_03/purify/diffpure_150/edit_tau0.04_seed3.png,0.03172360360622406,0.09059660136699677,-0.058872997760772705,0,0.23504000902175903,0.28157591819763184,-0.0465359091758728
ip20_merged,bird_03,bird,dia_r,diffpure_150,diffpure,150,4,0.04,dia_r/bird_03/purify/diffpure_150/edit_tau0.04_seed4.png,0.02075796015560627,0.08618684113025665,-0.06542888097465038,0,0.23916637897491455,0.2846718430519104,-0.04550546407699585
ip20_merged,bird_03,bird,dia_r,identity_0,identity,0.0,0,0.04,dia_r/bird_03/purify/identity_0/edit_tau0.04_seed0.png,0.02641472965478897,0.08608851581811905,-0.05967378616333008,0,0.23602841794490814,0.2856330871582031,-0.04960466921329498
ip20_merged,bird_03,bird,dia_r,identity_0,identity,0.0,1,0.04,dia_r/bird_03/purify/identity_0/edit_tau0.04_seed1.png,0.051084864884614944,0.08398757874965668,-0.03290271386504173,0,0.24826078116893768,0.2893105745315552,-0.04104979336261749
ip20_merged,bird_03,bird,dia_r,identity_0,identity,0.0,2,0.04,dia_r/bird_03/purify/identity_0/edit_tau0.04_seed2.png,0.02615794911980629,0.08719025552272797,-0.06103230640292168,0,0.23430392146110535,0.2877040207386017,-0.05340009927749634
ip20_merged,bird_03,bird,dia_r,identity_0,identity,0.0,3,0.04,dia_r/bird_03/purify/identity_0/edit_tau0.04_seed3.png,0.03261316940188408,0.08458033949136734,-0.05196717008948326,0,0.24023419618606567,0.2854980528354645,-0.045263856649398804
ip20_merged,bird_03,bird,dia_r,identity_0,identity,0.0,4,0.04,dia_r/bird_03/purify/identity_0/edit_tau0.04_seed4.png,0.03391990065574646,0.0842771828174591,-0.050357282161712646,0,0.2386201024055481,0.2834445834159851,-0.04482448101043701
ip20_merged,bird_03,bird,dia_r,jpeg_30,jpeg,30,0,0.04,dia_r/bird_03/purify/jpeg_30/edit_tau0.04_seed0.png,0.030596883967518806,0.08416959643363953,-0.05357271246612072,0,0.24236077070236206,0.30139222741127014,-0.05903145670890808
ip20_merged,bird_03,bird,dia_r,jpeg_30,jpeg,30,1,0.04,dia_r/bird_03/purify/jpeg_30/edit_tau0.04_seed1.png,0.05508294701576233,0.08833861351013184,-0.03325566649436951,0,0.25118300318717957,0.3001519739627838,-0.04896897077560425
ip20_merged,bird_03,bird,dia_r,jpeg_30,jpeg,30,2,0.04,dia_r/bird_03/purify/jpeg_30/edit_tau0.04_seed2.png,0.04066130146384239,0.08969441801309586,-0.049033116549253464,0,0.2428678274154663,0.30415940284729004,-0.06129157543182373
ip20_merged,bird_03,bird,dia_r,jpeg_30,jpeg,30,3,0.04,dia_r/bird_03/purify/jpeg_30/edit_tau0.04_seed3.png,0.04138200730085373,0.08190979063510895,-0.04052778333425522,0,0.28267768025398254,0.30262085795402527,-0.019943177700042725
ip20_merged,bird_03,bird,dia_r,jpeg_30,jpeg,30,4,0.04,dia_r/bird_03/purify/jpeg_30/edit_tau0.04_seed4.png,0.041842736303806305,0.08807578682899475,-0.046233050525188446,0,0.2532457709312439,0.29768848419189453,-0.044442713260650635
ip20_merged,bird_03,bird,dia_r,jpeg_75,jpeg,75,0,0.04,dia_r/bird_03/purify/jpeg_75/edit_tau0.04_seed0.png,0.03078298084437847,0.08005767315626144,-0.04927469231188297,0,0.24551227688789368,0.2972894012928009,-0.05177712440490723
ip20_merged,bird_03,bird,dia_r,jpeg_75,jpeg,75,1,0.04,dia_r/bird_03/purify/jpeg_75/edit_tau0.04_seed1.png,0.05529263988137245,0.08238870650529861,-0.027096066623926163,0,0.2549760043621063,0.29449665546417236,-0.03952065110206604
ip20_merged,bird_03,bird,dia_r,jpeg_75,jpeg,75,2,0.04,dia_r/bird_03/purify/jpeg_75/edit_tau0.04_seed2.png,0.03852321207523346,0.08205890655517578,-0.04353569447994232,0,0.24242375791072845,0.29992321133613586,-0.05749945342540741
ip20_merged,bird_03,bird,dia_r,jpeg_75,jpeg,75,3,0.04,dia_r/bird_03/purify/jpeg_75/edit_tau0.04_seed3.png,0.030041247606277466,0.08115769922733307,-0.0511164516210556,0,0.26784807443618774,0.2853354513645172,-0.017487376928329468
ip20_merged,bird_03,bird,dia_r,jpeg_75,jpeg,75,4,0.04,dia_r/bird_03/purify/jpeg_75/edit_tau0.04_seed4.png,0.031109796836972237,0.08013054728507996,-0.04902075044810772,0,0.248457133769989,0.2903634309768677,-0.04190629720687866
ip20_merged,bird_03,bird,dia_r,noise_0.01,noise,0.01,0,0.04,dia_r/bird_03/purify/noise_0.01/edit_tau0.04_seed0.png,0.03028458170592785,0.08381186425685883,-0.05352728255093098,0,0.24021390080451965,0.28894105553627014,-0.04872715473175049
ip20_merged,bird_03,bird,dia_r,noise_0.01,noise,0.01,1,0.04,dia_r/bird_03/purify/noise_0.01/edit_tau0.04_seed1.png,0.05270017683506012,0.08505317568778992,-0.0323529988527298,0,0.24969159066677094,0.28990304470062256,-0.040211454033851624
ip20_merged,bird_03,bird,dia_r,noise_0.01,noise,0.01,2,0.04,dia_r/bird_03/purify/noise_0.01/edit_tau0.04_seed2.png,0.0342051237821579,0.08627577871084213,-0.052070654928684235,0,0.2343531847000122,0.28954973816871643,-0.055196553468704224
ip20_merged,bird_03,bird,dia_r,noise_0.01,noise,0.01,3,0.04,dia_r/bird_03/purify/noise_0.01/edit_tau0.04_seed3.png,0.03807497024536133,0.08425921201705933,-0.046184241771698,0,0.2568496763706207,0.28297290205955505,-0.026123225688934326
ip20_merged,bird_03,bird,dia_r,noise_0.01,noise,0.01,4,0.04,dia_r/bird_03/purify/noise_0.01/edit_tau0.04_seed4.png,0.032770849764347076,0.08087033778429031,-0.04809948801994324,0,0.23926730453968048,0.2833704650402069,-0.04410316050052643
ip20_merged,bird_03,bird,dia_r,noise_0.02,noise,0.02,0,0.04,dia_r/bird_03/purify/noise_0.02/edit_tau0.04_seed0.png,0.028846105560660362,0.0826118141412735,-0.053765708580613136,0,0.24218448996543884,0.293215811252594,-0.05103132128715515
ip20_merged,bird_03,bird,dia_r,noise_0.02,noise,0.02,1,0.04,dia_r/bird_03/purify/noise_0.02/edit_tau0.04_seed1.png,0.047054894268512726,0.08104339987039566,-0.033988505601882935,0,0.24737852811813354,0.282536119222641,-0.035157591104507446
ip20_merged,bird_03,bird,dia_r,noise_0.02,noise,0.02,2,0.04,dia_r/bird_03/purify/noise_0.02/edit_tau0.04_seed2.png,0.035395506769418716,0.08328427374362946,-0.04788876697421074,0,0.23701396584510803,0.2856469750404358,-0.04863300919532776
ip20_merged,bird_03,bird,dia_r,noise_0.02,noise,0.02,3,0.04,dia_r/bird_03/purify/noise_0.02/edit_tau0.04_seed3.png,0.03331600874662399,0.0777812972664833,-0.044465288519859314,0,0.2647067904472351,0.27741384506225586,-0.012707054615020752
ip20_merged,bird_03,bird,dia_r,noise_0.02,noise,0.02,4,0.04,dia_r/bird_03/purify/noise_0.02/edit_tau0.04_seed4.png,0.03071540780365467,0.08068250119686127,-0.049967093393206596,0,0.23856458067893982,0.28320324420928955,-0.04463866353034973
ip20_merged,bird_03,bird,dia_r,noise_0.04,noise,0.04,0,0.04,dia_r/bird_03/purify/noise_0.04/edit_tau0.04_seed0.png,0.02399124950170517,0.08073766529560089,-0.05674641579389572,0,0.24145576357841492,0.29518207907676697,-0.05372631549835205
ip20_merged,bird_03,bird,dia_r,noise_0.04,noise,0.04,1,0.04,dia_r/bird_03/purify/noise_0.04/edit_tau0.04_seed1.png,0.02667502500116825,0.08330224454402924,-0.056627219542860985,0,0.2353394627571106,0.2809630334377289,-0.045623570680618286
ip20_merged,bird_03,bird,dia_r,noise_0.04,noise,0.04,2,0.04,dia_r/bird_03/purify/noise_0.04/edit_tau0.04_seed2.png,0.03212365508079529,0.08249452710151672,-0.050370872020721436,0,0.2304987907409668,0.28102171421051025,-0.05052292346954346
ip20_merged,bird_03,bird,dia_r,noise_0.04,noise,0.04,3,0.04,dia_r/bird_03/purify/noise_0.04/edit_tau0.04_seed3.png,0.019289391115307808,0.08129511773586273,-0.062005726620554924,0,0.2337697446346283,0.2753918170928955,-0.04162207245826721
ip20_merged,bird_03,bird,dia_r,noise_0.04,noise,0.04,4,0.04,dia_r/bird_03/purify/noise_0.04/edit_tau0.04_seed4.png,0.02129153348505497,0.07657156139612198,-0.05528002791106701,0,0.2390679270029068,0.2825367748737335,-0.04346884787082672
ip20_merged,bird_03,bird,dia_r,noise_0.08,noise,0.08,0,0.04,dia_r/bird_03/purify/noise_0.08/edit_tau0.04_seed0.png,0.025315629318356514,0.08832090348005295,-0.06300527416169643,0,0.2397882044315338,0.2911659777164459,-0.05137777328491211
ip20_merged,bird_03,bird,dia_r,noise_0.08,noise,0.08,1,0.04,dia_r/bird_03/purify/noise_0.08/edit_tau0.04_seed1.png,0.02257668413221836,0.08943172544240952,-0.06685504131019115,0,0.24202117323875427,0.28761857748031616,-0.04559740424156189
ip20_merged,bird_03,bird,dia_r,noise_0.08,noise,0.08,2,0.04,dia_r/bird_03/purify/noise_0.08/edit_tau0.04_seed2.png,0.02475130558013916,0.08283714950084686,-0.0580858439207077,0,0.23330652713775635,0.2846633791923523,-0.05135685205459595
ip20_merged,bird_03,bird,dia_r,noise_0.08,noise,0.08,3,0.04,dia_r/bird_03/purify/noise_0.08/edit_tau0.04_seed3.png,0.01625867374241352,0.08675152063369751,-0.07049284689128399,0,0.23722335696220398,0.28070640563964844,-0.04348304867744446
ip20_merged,bird_03,bird,dia_r,noise_0.08,noise,0.08,4,0.04,dia_r/bird_03/purify/noise_0.08/edit_tau0.04_seed4.png,0.021159155294299126,0.08712983131408691,-0.06597067601978779,0,0.23557040095329285,0.2821323573589325,-0.04656195640563965
ip20_merged,bird_03,bird,dia_r,quantize_16,quantize,16,0,0.04,dia_r/bird_03/purify/quantize_16/edit_tau0.04_seed0.png,0.02688061073422432,0.08682715892791748,-0.05994654819369316,0,0.24017876386642456,0.2942049503326416,-0.05402618646621704
ip20_merged,bird_03,bird,dia_r,quantize_16,quantize,16,1,0.04,dia_r/bird_03/purify/quantize_16/edit_tau0.04_seed1.png,0.03331311419606209,0.08322973549365997,-0.049916621297597885,0,0.2541203796863556,0.28248873353004456,-0.028368353843688965
ip20_merged,bird_03,bird,dia_r,quantize_16,quantize,16,2,0.04,dia_r/bird_03/purify/quantize_16/edit_tau0.04_seed2.png,0.03182578831911087,0.09046036005020142,-0.058634571731090546,0,0.23730096220970154,0.2914670705795288,-0.05416610836982727
ip20_merged,bird_03,bird,dia_r,quantize_16,quantize,16,3,0.04,dia_r/bird_03/purify/quantize_16/edit_tau0.04_seed3.png,0.04475877434015274,0.08953478932380676,-0.04477601498365402,0,0.26229017972946167,0.2819216251373291,-0.01963144540786743
ip20_merged,bird_03,bird,dia_r,quantize_16,quantize,16,4,0.04,dia_r/bird_03/purify/quantize_16/edit_tau0.04_seed4.png,0.032594386488199234,0.08720147609710693,-0.0546070896089077,0,0.24056115746498108,0.2893260419368744,-0.04876488447189331
ip20_merged,bird_03,bird,dia_r,quantize_32,quantize,32,0,0.04,dia_r/bird_03/purify/quantize_32/edit_tau0.04_seed0.png,0.028206415474414825,0.084559366106987,-0.056352950632572174,0,0.2394644170999527,0.28761059045791626,-0.04814617335796356
ip20_merged,bird_03,bird,dia_r,quantize_32,quantize,32,1,0.04,dia_r/bird_03/purify/quantize_32/edit_tau0.04_seed1.png,0.04391927272081375,0.0849362313747406,-0.04101695865392685,0,0.2338210940361023,0.2807537317276001,-0.0469326376914978
ip20_merged,bird_03,bird,dia_r,quantize_32,quantize,32,2,0.04,dia_r/bird_03/purify/quantize_32/edit_tau0.04_seed2.png,0.028727341443300247,0.08681881427764893,-0.05809147283434868,0,0.23814460635185242,0.29050856828689575,-0.052363961935043335
ip20_merged,bird_03,bird,dia_r,quantize_32,quantize,32,3,0.04,dia_r/bird_03/purify/quantize_32/edit_tau0.04_seed3.png,0.028139181435108185,0.08556511998176575,-0.05742593854665756,0,0.23489099740982056,0.27912431955337524,-0.04423332214355469
ip20_merged,bird_03,bird,dia_r,quantize_32,quantize,32,4,0.04,dia_r/bird_03/purify/quantize_32/edit_tau0.04_seed4.png,0.0328269898891449,0.08293434232473373,-0.05010735243558884,0,0.2385309934616089,0.2844010293483734,-0.045870035886764526
ip20_merged,bird_03,bird,dia_r,quantize_64,quantize,64,0,0.04,dia_r/bird_03/purify/quantize_64/edit_tau0.04_seed0.png,0.028625862672924995,0.08560719341039658,-0.05698133073747158,0,0.23907220363616943,0.28776443004608154,-0.04869222640991211
ip20_merged,bird_03,bird,dia_r,quantize_64,quantize,64,1,0.04,dia_r/bird_03/purify/quantize_64/edit_tau0.04_seed1.png,0.048044078052043915,0.08412663638591766,-0.03608255833387375,0,0.24620948731899261,0.28832557797431946,-0.04211609065532684
ip20_merged,bird_03,bird,dia_r,quantize_64,quantize,64,2,0.04,dia_r/bird_03/purify/quantize_64/edit_tau0.04_seed2.png,0.030511727556586266,0.08749540150165558,-0.05698367394506931,0,0.2375340461730957,0.29038336873054504,-0.05284932255744934
ip20_merged,bird_03,bird,dia_r,quantize_64,quantize,64,3,0.04,dia_r/bird_03/purify/quantize_64/edit_tau0.04_seed3.png,0.028275728225708008,0.0858541801571846,-0.05757845193147659,0,0.23636102676391602,0.28127408027648926,-0.04491305351257324
ip20_merged,bird_03,bird,dia_r,quantize_64,quantize,64,4,0.04,dia_r/bird_03/purify/quantize_64/edit_tau0.04_seed4.png,0.034664105623960495,0.08342356234788895,-0.04875945672392845,0,0.23919114470481873,0.28284987807273865,-0.04365873336791992
ip20_merged,bird_03,bird,dia_r,quantize_8,quantize,8,0,0.04,dia_r/bird_03/purify/quantize_8/edit_tau0.04_seed0.png,0.02903284877538681,0.0969293862581253,-0.0678965374827385,0,0.21989521384239197,0.2733314633369446,-0.05343624949455261
ip20_merged,bird_03,bird,dia_r,quantize_8,quantize,8,1,0.04,dia_r/bird_03/purify/quantize_8/edit_tau0.04_seed1.png,0.06129596382379532,0.09614289551973343,-0.03484693169593811,0,0.2466895431280136,0.28201955556869507,-0.03533001244068146
ip20_merged,bird_03,bird,dia_r,quantize_8,quantize,8,2,0.04,dia_r/bird_03/purify/quantize_8/edit_tau0.04_seed2.png,0.027351321652531624,0.0944901555776596,-0.06713883392512798,0,0.21637877821922302,0.2809741497039795,-0.06459537148475647
ip20_merged,bird_03,bird,dia_r,quantize_8,quantize,8,3,0.04,dia_r/bird_03/purify/quantize_8/edit_tau0.04_seed3.png,0.03444367274641991,0.10298196226358414,-0.06853828951716423,0,0.2438281774520874,0.29173120856285095,-0.04790303111076355
ip20_merged,bird_03,bird,dia_r,quantize_8,quantize,8,4,0.04,dia_r/bird_03/purify/quantize_8/edit_tau0.04_seed4.png,0.04684211686253548,0.09742093086242676,-0.05057881399989128,0,0.24115294218063354,0.2890113592147827,-0.04785841703414917
