condition,scenario,arm,image,prompt_index,prompt,undefended_arm,disp_lpips,disp_ssim,disp_psnr,disp_vif_p,disp_dists,disp_rms,disp_linf,disp_lpips_full,disp_lpips_subject,disp_lpips_background,clip_pair,siglip_pair,blocked,siglip_blocked_threshold,defended_png,undefended_png
dct_shield_y,ip2p,ultraedit_dct_shield_y,man_00,0,Add sunglasses to the person,ultraedit_undefended,0.56955,0.7639,24.117,0.12478,0.23685,0.062252,0.807843,0.56955,0.53854,0.60464,0.91587,0.93054,False,0.837,main_table/images/ultraedit_full/edit_defended/dct_shield_y/ultraedit_dct_shield_y/man_00__p0.png,main_table/images/ultraedit_full/edit_preflight/ultraedit_undefended/man_00__p0.png
dct_shield_y,ip2p,ultraedit_dct_shield_y,man_00,1,Add a police suit to the person,ultraedit_undefended,0.56851,0.7766,24.298,0.13175,0.21375,0.06097,0.988235,0.56851,0.53458,0.6069,0.92376,0.92919,False,0.837,main_table/images/ultraedit_full/edit_defended/dct_shield_y/ultraedit_dct_shield_y/man_00__p1.png,main_table/images/ultraedit_full/edit_preflight/ultraedit_undefended/man_00__p1.png
dct_shield_y,ip2p,ultraedit_dct_shield_y,man_00,2,Add a helmet to the person,ultraedit_undefended,0.58307,0.72883,21.947,0.10615,0.24301,0.079922,0.913725,0.58307,0.56809,0.60002,0.7714,0.87585,False,0.837,main_table/images/ultraedit_full/edit_defended/dct_shield_y/ultraedit_dct_shield_y/man_00__p2.png,main_table/images/ultraedit_full/edit_preflight/ultraedit_undefended/man_00__p2.png
dct_shield_y,ip2p,ultraedit_dct_shield_y,man_00,3,Add a bowtie to the person,ultraedit_undefended,0.57939,0.77181,22.73,0.13425,0.22731,0.073032,0.937255,0.57939,0.55324,0.60899,0.93259,0.91871,False,0.837,main_table/images/ultraedit_full/edit_defended/dct_shield_y/ultraedit_dct_shield_y/man_00__p3.png,main_table/images/ultraedit_full/edit_preflight/ultraedit_undefended/man_00__p3.png
dct_shield_y,ip2p,ultraedit_dct_shield_y,man_01,0,Add sunglasses to the person,ultraedit_undefended,0.62797,0.76035,22.324,0.12841,0.22825,0.076522,0.796078,0.62797,0.57692,0.71081,0.8609,0.8755,False,0.837,main_table/images/ultraedit_full/edit_defended/dct_shield_y/ultraedit_dct_shield_y/man_01__p0.png,main_table/images/ultraedit_full/edit_preflight/ultraedit_undefended/man_01__p0.png
dct_shield_y,ip2p,ultraedit_dct_shield_y,man_01,1,Add a police suit to the person,ultraedit_undefended,0.62262,0.72183,22.342,0.11905,0.21451,0.076367,0.729412,0.62262,0.56583,0.71476,0.9102,0.9153,False,0.837,main_table/images/ultraedit_full/edit_defended/dct_shield_y/ultraedit_dct_shield_y/man_01__p1.png,main_table/images/ultraedit_full/edit_preflight/ultraedit_undefended/man_01__p1.png
dct_shield_y,ip2p,ultraedit_dct_shield_y,man_01,2,Add a helmet to the person,ultraedit_undefended,0.628,0.76545,22.345,0.13042,0.22116,0.07634,0.87451,0.628,0.57663,0.71135,0.86284,0.84275,False,0.837,main_table/images/ultraedit_full/edit_defended/dct_shield_y/ultraedit_dct_shield_y/man_01__p2.png,main_table/images/ultraedit_full/edit_preflight/ultraedit_undefended/man_01__p2.png
dct_shield_y,ip2p,ultraedit_dct_shield_y,man_01,3,Add a bowtie to the person,ultraedit_undefended,0.64983,0.72197,22.088,0.12002,0.21339,0.078629,0.890196,0.64983,0.61067,0.71336,0.90718,0.8694,False,0.837,main_table/images/ultraedit_full/edit_defended/dct_shield_y/ultraedit_dct_shield_y/man_01__p3.png,main_table/images/ultraedit_full/edit_preflight/ultraedit_undefended/man_01__p3.png
dct_shield_y,ip2p,ultraedit_dct_shield_y,man_02,0,Add sunglasses to the person,ultraedit_undefended,0.63549,0.797,24.165,0.18124,0.18995,0.06191,0.701961,0.63549,0.53201,0.77345,0.85423,0.87684,False,0.837,main_table/images/ultraedit_full/edit_defended/dct_shield_y/ultraedit_dct_shield_y/man_02__p0.png,main_table/images/ultraedit_full/edit_preflight/ultraedit_undefended/man_02__p0.png
dct_shield_y,ip2p,ultraedit_dct_shield_y,man_02,1,Add a police suit to the person,ultraedit_undefended,0.64461,0.78773,23.01,0.17548,0.20738,0.070716,0.776471,0.64461,0.55236,0.76761,0.8808,0.80022,True,0.837,main_table/images/ultraedit_full/edit_defended/dct_shield_y/ultraedit_dct_shield_y/man_02__p1.png,main_table/images/ultraedit_full/edit_preflight/ultraedit_undefended/man_02__p1.png
dct_shield_y,ip2p,ultraedit_dct_shield_y,man_02,2,Add a helmet to the person,ultraedit_undefended,0.6415,0.79079,23.641,0.17552,0.19474,0.065761,0.839216,0.6415,0.54083,0.77572,0.85118,0.83797,False,0.837,main_table/images/ultraedit_full/edit_defended/dct_shield_y/ultraedit_dct_shield_y/man_02__p2.png,main_table/images/ultraedit_full/edit_preflight/ultraedit_undefended/man_02__p2.png
dct_shield_y,ip2p,ultraedit_dct_shield_y,man_02,3,Add a bowtie to the person,ultraedit_undefended,0.64497,0.77667,21.553,0.16556,0.20457,0.083627,0.968627,0.64497,0.54999,0.77163,0.88126,0.8522,False,0.837,main_table/images/ultraedit_full/edit_defended/dct_shield_y/ultraedit_dct_shield_y/man_02__p3.png,main_table/images/ultraedit_full/edit_preflight/ultraedit_undefended/man_02__p3.png
dct_shield_y,ip2p,ultraedit_dct_shield_y,man_03,0,Add sunglasses to the person,ultraedit_undefended,0.54935,0.81219,24.479,0.18116,0.17145,0.059707,0.933333,0.54935,0.43377,0.63548,0.86951,0.91567,False,0.837,main_table/images/ultraedit_full/edit_defended/dct_shield_y/ultraedit_dct_shield_y/man_03__p0.png,main_table/images/ultraedit_full/edit_preflight/ultraedit_undefended/man_03__p0.png
dct_shield_y,ip2p,ultraedit_dct_shield_y,man_03,1,Add a police suit to the person,ultraedit_undefended,0.56355,0.78775,23.383,0.16648,0.17537,0.067738,0.905882,0.56355,0.47139,0.63224,0.88825,0.93189,False,0.837,main_table/images/ultraedit_full/edit_defended/dct_shield_y/ultraedit_dct_shield_y/man_03__p1.png,main_table/images/ultraedit_full/edit_preflight/ultraedit_undefended/man_03__p1.png
dct_shield_y,ip2p,ultraedit_dct_shield_y,man_03,2,Add a helmet to the person,ultraedit_undefended,0.55004,0.80805,23.708,0.17809,0.16673,0.065256,0.960784,0.55004,0.44415,0.62896,0.86959,0.9128,False,0.837,main_table/images/ultraedit_full/edit_defended/dct_shield_y/ultraedit_dct_shield_y/man_03__p2.png,main_table/images/ultraedit_full/edit_preflight/ultraedit_undefended/man_03__p2.png
dct_shield_y,ip2p,ultraedit_dct_shield_y,man_03,3,Add a bowtie to the person,ultraedit_undefended,0.56033,0.79674,22.631,0.16907,0.16749,0.073865,0.945098,0.56033,0.46244,0.63327,0.88221,0.92691,False,0.837,main_table/images/ultraedit_full/edit_defended/dct_shield_y/ultraedit_dct_shield_y/man_03__p3.png,main_table/images/ultraedit_full/edit_preflight/ultraedit_undefended/man_03__p3.png
dct_shield_y,ip2p,ultraedit_dct_shield_y,woman_00,0,Add sunglasses to the person,ultraedit_undefended,0.56098,0.76673,21.962,0.1658,0.17773,0.079785,0.984314,0.56098,0.43573,0.67948,0.85739,0.87795,False,0.837,main_table/images/ultraedit_full/edit_defended/dct_shield_y/ultraedit_dct_shield_y/woman_00__p0.png,main_table/images/ultraedit_full/edit_preflight/ultraedit_undefended/woman_00__p0.png
dct_shield_y,ip2p,ultraedit_dct_shield_y,woman_00,1,Add a police suit to the person,ultraedit_undefended,0.59164,0.72749,20.245,0.14628,0.23478,0.097222,0.929412,0.59164,0.45355,0.7223,0.82192,0.7851,True,0.837,main_table/images/ultraedit_full/edit_defended/dct_shield_y/ultraedit_dct_shield_y/woman_00__p1.png,main_table/images/ultraedit_full/edit_preflight/ultraedit_undefended/woman_00__p1.png
dct_shield_y,ip2p,ultraedit_dct_shield_y,woman_00,2,Add a helmet to the person,ultraedit_undefended,0.59686,0.72136,19.371,0.14939,0.20185,0.107505,0.972549,0.59686,0.43939,0.74586,0.77103,0.73178,True,0.837,main_table/images/ultraedit_full/edit_defended/dct_shield_y/ultraedit_dct_shield_y/woman_00__p2.png,main_table/images/ultraedit_full/edit_preflight/ultraedit_undefended/woman_00__p2.png
dct_shield_y,ip2p,ultraedit_dct_shield_y,woman_00,3,Add a bowtie to the person,ultraedit_undefended,0.56833,0.76374,22.036,0.17017,0.17684,0.079107,0.87451,0.56833,0.44942,0.68083,0.88939,0.8732,False,0.837,main_table/images/ultraedit_full/edit_defended/dct_shield_y/ultraedit_dct_shield_y/woman_00__p3.png,main_table/images/ultraedit_full/edit_preflight/ultraedit_undefended/woman_00__p3.png
dct_shield_y,ip2p,ultraedit_dct_shield_y,woman_01,0,Add sunglasses to the person,ultraedit_undefended,0.63349,0.76588,22.823,0.13891,0.21917,0.072248,0.937255,0.63349,0.58979,0.69607,0.87024,0.88207,False,0.837,main_table/images/ultraedit_full/edit_defended/dct_shield_y/ultraedit_dct_shield_y/woman_01__p0.png,main_table/images/ultraedit_full/edit_preflight/ultraedit_undefended/woman_01__p0.png
dct_shield_y,ip2p,ultraedit_dct_shield_y,woman_01,1,Add a police suit to the person,ultraedit_undefended,0.63721,0.76514,23.32,0.14523,0.217,0.068237,0.784314,0.63721,0.60534,0.68286,0.93671,0.90918,False,0.837,main_table/images/ultraedit_full/edit_defended/dct_shield_y/ultraedit_dct_shield_y/woman_01__p1.png,main_table/images/ultraedit_full/edit_preflight/ultraedit_undefended/woman_01__p1.png
dct_shield_y,ip2p,ultraedit_dct_shield_y,woman_01,2,Add a helmet to the person,ultraedit_undefended,0.6463,0.76957,23.42,0.14575,0.21919,0.06745,0.776471,0.6463,0.60576,0.70437,0.92632,0.90027,False,0.837,main_table/images/ultraedit_full/edit_defended/dct_shield_y/ultraedit_dct_shield_y/woman_01__p2.png,main_table/images/ultraedit_full/edit_preflight/ultraedit_undefended/woman_01__p2.png
dct_shield_y,ip2p,ultraedit_dct_shield_y,woman_01,3,Add a bowtie to the person,ultraedit_undefended,0.64283,0.75031,21.191,0.14268,0.2226,0.087189,0.901961,0.64283,0.60359,0.69902,0.8815,0.86488,False,0.837,main_table/images/ultraedit_full/edit_defended/dct_shield_y/ultraedit_dct_shield_y/woman_01__p3.png,main_table/images/ultraedit_full/edit_preflight/ultraedit_undefended/woman_01__p3.png
dct_shield_y,ip2p,ultraedit_dct_shield_y,woman_02,0,Add sunglasses to the person,ultraedit_undefended,0.61499,0.67892,21.499,0.13667,0.22881,0.084153,0.937255,0.61499,0.52299,0.73715,0.87201,0.92506,False,0.837,main_table/images/ultraedit_full/edit_defended/dct_shield_y/ultraedit_dct_shield_y/woman_02__p0.png,main_table/images/ultraedit_full/edit_preflight/ultraedit_undefended/woman_02__p0.png
dct_shield_y,ip2p,ultraedit_dct_shield_y,woman_02,1,Add a police suit to the person,ultraedit_undefended,0.61636,0.64566,20.938,0.12494,0.23769,0.089762,0.980392,0.61636,0.52465,0.73814,0.86462,0.80027,True,0.837,main_table/images/ultraedit_full/edit_defended/dct_shield_y/ultraedit_dct_shield_y/woman_02__p1.png,main_table/images/ultraedit_full/edit_preflight/ultraedit_undefended/woman_02__p1.png
dct_shield_y,ip2p,ultraedit_dct_shield_y,woman_02,2,Add a helmet to the person,ultraedit_undefended,0.61625,0.68577,21.844,0.14382,0.21798,0.080868,0.964706,0.61625,0.51736,0.74755,0.82762,0.87285,False,0.837,main_table/images/ultraedit_full/edit_defended/dct_shield_y/ultraedit_dct_shield_y/woman_02__p2.png,main_table/images/ultraedit_full/edit_preflight/ultraedit_undefended/woman_02__p2.png
dct_shield_y,ip2p,ultraedit_dct_shield_y,woman_02,3,Add a bowtie to the person,ultraedit_undefended,0.6235,0.65649,20.607,0.12395,0.25097,0.093249,0.980392,0.6235,0.53438,0.74184,0.81681,0.78078,True,0.837,main_table/images/ultraedit_full/edit_defended/dct_shield_y/ultraedit_dct_shield_y/woman_02__p3.png,main_table/images/ultraedit_full/edit_preflight/ultraedit_undefended/woman_02__p3.png
dct_shield_y,ip2p,ultraedit_dct_shield_y,woman_03,0,Add sunglasses to the person,ultraedit_undefended,0.5465,0.71205,22.277,0.13063,0.23849,0.076936,0.92549,0.5465,0.50499,0.58388,0.89204,0.85377,False,0.837,main_table/images/ultraedit_full/edit_defended/dct_shield_y/ultraedit_dct_shield_y/woman_03__p0.png,main_table/images/ultraedit_full/edit_preflight/ultraedit_undefended/woman_03__p0.png
dct_shield_y,ip2p,ultraedit_dct_shield_y,woman_03,1,Add a police suit to the person,ultraedit_undefended,0.57927,0.69076,21.168,0.11551,0.26091,0.087415,0.870588,0.57927,0.54898,0.60654,0.91423,0.85234,False,0.837,main_table/images/ultraedit_full/edit_defended/dct_shield_y/ultraedit_dct_shield_y/woman_03__p1.png,main_table/images/ultraedit_full/edit_preflight/ultraedit_undefended/woman_03__p1.png
dct_shield_y,ip2p,ultraedit_dct_shield_y,woman_03,2,Add a helmet to the person,ultraedit_undefended,0.5578,0.72194,21.522,0.13163,0.24318,0.083926,0.984314,0.5578,0.50653,0.60395,0.87045,0.89326,False,0.837,main_table/images/ultraedit_full/edit_defended/dct_shield_y/ultraedit_dct_shield_y/woman_03__p2.png,main_table/images/ultraedit_full/edit_preflight/ultraedit_undefended/woman_03__p2.png
dct_shield_y,ip2p,ultraedit_dct_shield_y,woman_03,3,Add a bowtie to the person,ultraedit_undefended,0.53854,0.72171,21.276,0.12148,0.22743,0.086342,0.988235,0.53854,0.46573,0.60408,0.90752,0.83065,True,0.837,main_table/images/ultraedit_full/edit_defended/dct_shield_y/ultraedit_dct_shield_y/woman_03__p3.png,main_table/images/ultraedit_full/edit_preflight/ultraedit_undefended/woman_03__p3.png
mist,ip2p,ultraedit_mist,man_00,0,Add sunglasses to the person,ultraedit_undefended,0.59717,0.76992,25.468,0.16102,0.24038,0.053287,0.815686,0.59717,0.57723,0.61972,0.89056,0.90257,False,0.837,main_table/images/ultraedit_full/edit_defended/mist/ultraedit_mist/man_00__p0.png,main_table/images/ultraedit_full/edit_preflight/ultraedit_undefended/man_00__p0.png
mist,ip2p,ultraedit_mist,man_00,1,Add a police suit to the person,ultraedit_undefended,0.60704,0.781,25.853,0.16423,0.23155,0.050974,0.898039,0.60704,0.59521,0.62043,0.86996,0.89881,False,0.837,main_table/images/ultraedit_full/edit_defended/mist/ultraedit_mist/man_00__p1.png,main_table/images/ultraedit_full/edit_preflight/ultraedit_undefended/man_00__p1.png
mist,ip2p,ultraedit_mist,man_00,2,Add a helmet to the person,ultraedit_undefended,0.6037,0.73343,22.693,0.13414,0.25812,0.073345,0.8,0.6037,0.5907,0.61842,0.73181,0.72202,True,0.837,main_table/images/ultraedit_full/edit_defended/mist/ultraedit_mist/man_00__p2.png,main_table/images/ultraedit_full/edit_preflight/ultraedit_undefended/man_00__p2.png
mist,ip2p,ultraedit_mist,man_00,3,Add a bowtie to the person,ultraedit_undefended,0.61619,0.7566,23.106,0.15232,0.25402,0.069937,0.835294,0.61619,0.6109,0.62218,0.73873,0.82381,True,0.837,main_table/images/ultraedit_full/edit_defended/mist/ultraedit_mist/man_00__p3.png,main_table/images/ultraedit_full/edit_preflight/ultraedit_undefended/man_00__p3.png
mist,ip2p,ultraedit_mist,man_01,0,Add sunglasses to the person,ultraedit_undefended,0.64083,0.70859,23.925,0.14911,0.26497,0.063643,0.721569,0.64083,0.61056,0.68994,0.85733,0.81393,True,0.837,main_table/images/ultraedit_full/edit_defended/mist/ultraedit_mist/man_01__p0.png,main_table/images/ultraedit_full/edit_preflight/ultraedit_undefended/man_01__p0.png
mist,ip2p,ultraedit_mist,man_01,1,Add a police suit to the person,ultraedit_undefended,0.62097,0.68682,23.733,0.14568,0.25758,0.065063,0.670588,0.62097,0.58158,0.68487,0.85563,0.82813,True,0.837,main_table/images/ultraedit_full/edit_defended/mist/ultraedit_mist/man_01__p1.png,main_table/images/ultraedit_full/edit_preflight/ultraedit_undefended/man_01__p1.png
mist,ip2p,ultraedit_mist,man_01,2,Add a helmet to the person,ultraedit_undefended,0.63603,0.71928,23.813,0.15083,0.27713,0.064472,0.854902,0.63603,0.60618,0.68446,0.82397,0.72301,True,0.837,main_table/images/ultraedit_full/edit_defended/mist/ultraedit_mist/man_01__p2.png,main_table/images/ultraedit_full/edit_preflight/ultraedit_undefended/man_01__p2.png
mist,ip2p,ultraedit_mist,man_01,3,Add a bowtie to the person,ultraedit_undefended,0.66487,0.68456,23.43,0.15179,0.26581,0.067378,0.682353,0.66487,0.64888,0.69081,0.8471,0.80925,True,0.837,main_table/images/ultraedit_full/edit_defended/mist/ultraedit_mist/man_01__p3.png,main_table/images/ultraedit_full/edit_preflight/ultraedit_undefended/man_01__p3.png
mist,ip2p,ultraedit_mist,man_02,0,Add sunglasses to the person,ultraedit_undefended,0.62038,0.75881,25.924,0.21801,0.20592,0.050557,0.686275,0.62038,0.53054,0.74016,0.82951,0.8675,False,0.837,main_table/images/ultraedit_full/edit_defended/mist/ultraedit_mist/man_02__p0.png,main_table/images/ultraedit_full/edit_preflight/ultraedit_undefended/man_02__p0.png
mist,ip2p,ultraedit_mist,man_02,1,Add a police suit to the person,ultraedit_undefended,0.60793,0.75832,24.383,0.21291,0.22557,0.060371,0.764706,0.60793,0.51948,0.72585,0.84589,0.77346,True,0.837,main_table/images/ultraedit_full/edit_defended/mist/ultraedit_mist/man_02__p1.png,main_table/images/ultraedit_full/edit_preflight/ultraedit_undefended/man_02__p1.png
mist,ip2p,ultraedit_mist,man_02,2,Add a helmet to the person,ultraedit_undefended,0.62607,0.74106,23.708,0.20396,0.22664,0.06525,0.921569,0.62607,0.54342,0.73628,0.79558,0.77761,True,0.837,main_table/images/ultraedit_full/edit_defended/mist/ultraedit_mist/man_02__p2.png,main_table/images/ultraedit_full/edit_preflight/ultraedit_undefended/man_02__p2.png
mist,ip2p,ultraedit_mist,man_02,3,Add a bowtie to the person,ultraedit_undefended,0.62258,0.74269,23.017,0.20159,0.21932,0.070652,0.94902,0.62258,0.53547,0.73874,0.84669,0.80708,True,0.837,main_table/images/ultraedit_full/edit_defended/mist/ultraedit_mist/man_02__p3.png,main_table/images/ultraedit_full/edit_preflight/ultraedit_undefended/man_02__p3.png
mist,ip2p,ultraedit_mist,man_03,0,Add sunglasses to the person,ultraedit_undefended,0.58022,0.77939,25.52,0.21136,0.20058,0.052966,0.662745,0.58022,0.49114,0.64661,0.78574,0.88985,False,0.837,main_table/images/ultraedit_full/edit_defended/mist/ultraedit_mist/man_03__p0.png,main_table/images/ultraedit_full/edit_preflight/ultraedit_undefended/man_03__p0.png
mist,ip2p,ultraedit_mist,man_03,1,Add a police suit to the person,ultraedit_undefended,0.59772,0.762,24.221,0.19654,0.20767,0.061511,0.815686,0.59772,0.53387,0.6453,0.81385,0.882,False,0.837,main_table/images/ultraedit_full/edit_defended/mist/ultraedit_mist/man_03__p1.png,main_table/images/ultraedit_full/edit_preflight/ultraedit_undefended/man_03__p1.png
mist,ip2p,ultraedit_mist,man_03,2,Add a helmet to the person,ultraedit_undefended,0.57846,0.77969,24.585,0.20826,0.20628,0.058988,0.858824,0.57846,0.49333,0.64191,0.80937,0.86933,False,0.837,main_table/images/ultraedit_full/edit_defended/mist/ultraedit_mist/man_03__p2.png,main_table/images/ultraedit_full/edit_preflight/ultraedit_undefended/man_03__p2.png
mist,ip2p,ultraedit_mist,man_03,3,Add a bowtie to the person,ultraedit_undefended,0.5937,0.76791,23.598,0.19694,0.20612,0.066081,0.933333,0.5937,0.52347,0.64605,0.82565,0.89117,False,0.837,main_table/images/ultraedit_full/edit_defended/mist/ultraedit_mist/man_03__p3.png,main_table/images/ultraedit_full/edit_preflight/ultraedit_undefended/man_03__p3.png
mist,ip2p,ultraedit_mist,woman_00,0,Add sunglasses to the person,ultraedit_undefended,0.56319,0.70624,23.075,0.19051,0.1922,0.07019,0.988235,0.56319,0.46222,0.65872,0.84899,0.80329,True,0.837,main_table/images/ultraedit_full/edit_defended/mist/ultraedit_mist/woman_00__p0.png,main_table/images/ultraedit_full/edit_preflight/ultraedit_undefended/woman_00__p0.png
mist,ip2p,ultraedit_mist,woman_00,1,Add a police suit to the person,ultraedit_undefended,0.55548,0.6949,21.081,0.18131,0.22411,0.088302,0.933333,0.55548,0.42503,0.67889,0.80796,0.72521,True,0.837,main_table/images/ultraedit_full/edit_defended/mist/ultraedit_mist/woman_00__p1.png,main_table/images/ultraedit_full/edit_preflight/ultraedit_undefended/woman_00__p1.png
mist,ip2p,ultraedit_mist,woman_00,2,Add a helmet to the person,ultraedit_undefended,0.58682,0.67675,19.99,0.1737,0.22903,0.10012,0.968627,0.58682,0.45595,0.71065,0.73106,0.7009,True,0.837,main_table/images/ultraedit_full/edit_defended/mist/ultraedit_mist/woman_00__p2.png,main_table/images/ultraedit_full/edit_preflight/ultraedit_undefended/woman_00__p2.png
mist,ip2p,ultraedit_mist,woman_00,3,Add a bowtie to the person,ultraedit_undefended,0.55135,0.7222,23.241,0.2082,0.18955,0.068861,0.823529,0.55135,0.44088,0.65586,0.86019,0.84537,False,0.837,main_table/images/ultraedit_full/edit_defended/mist/ultraedit_mist/woman_00__p3.png,main_table/images/ultraedit_full/edit_preflight/ultraedit_undefended/woman_00__p3.png
mist,ip2p,ultraedit_mist,woman_01,0,Add sunglasses to the person,ultraedit_undefended,0.64561,0.73965,24.504,0.16148,0.22919,0.05954,0.658824,0.64561,0.59246,0.72173,0.69991,0.79605,True,0.837,main_table/images/ultraedit_full/edit_defended/mist/ultraedit_mist/woman_01__p0.png,main_table/images/ultraedit_full/edit_preflight/ultraedit_undefended/woman_01__p0.png
mist,ip2p,ultraedit_mist,woman_01,1,Add a police suit to the person,ultraedit_undefended,0.63941,0.75123,24.764,0.1683,0.22831,0.057786,0.619608,0.63941,0.59729,0.69975,0.77287,0.79426,True,0.837,main_table/images/ultraedit_full/edit_defended/mist/ultraedit_mist/woman_01__p1.png,main_table/images/ultraedit_full/edit_preflight/ultraedit_undefended/woman_01__p1.png
mist,ip2p,ultraedit_mist,woman_01,2,Add a helmet to the person,ultraedit_undefended,0.65394,0.74611,25.247,0.16836,0.2268,0.054657,0.631373,0.65394,0.6092,0.71801,0.73503,0.79851,True,0.837,main_table/images/ultraedit_full/edit_defended/mist/ultraedit_mist/woman_01__p2.png,main_table/images/ultraedit_full/edit_preflight/ultraedit_undefended/woman_01__p2.png
mist,ip2p,ultraedit_mist,woman_01,3,Add a bowtie to the person,ultraedit_undefended,0.66168,0.7173,21.7,0.16634,0.25555,0.08222,0.815686,0.66168,0.61878,0.72311,0.64493,0.72236,True,0.837,main_table/images/ultraedit_full/edit_defended/mist/ultraedit_mist/woman_01__p3.png,main_table/images/ultraedit_full/edit_preflight/ultraedit_undefended/woman_01__p3.png
mist,ip2p,ultraedit_mist,woman_02,0,Add sunglasses to the person,ultraedit_undefended,0.6244,0.60661,22.173,0.16476,0.23948,0.077869,0.811765,0.6244,0.55163,0.72102,0.88823,0.88494,False,0.837,main_table/images/ultraedit_full/edit_defended/mist/ultraedit_mist/woman_02__p0.png,main_table/images/ultraedit_full/edit_preflight/ultraedit_undefended/woman_02__p0.png
mist,ip2p,ultraedit_mist,woman_02,1,Add a police suit to the person,ultraedit_undefended,0.62682,0.57208,21.619,0.15185,0.26136,0.082996,0.956863,0.62682,0.55166,0.72662,0.85234,0.77979,True,0.837,main_table/images/ultraedit_full/edit_defended/mist/ultraedit_mist/woman_02__p1.png,main_table/images/ultraedit_full/edit_preflight/ultraedit_undefended/woman_02__p1.png
mist,ip2p,ultraedit_mist,woman_02,2,Add a helmet to the person,ultraedit_undefended,0.62934,0.61517,22.591,0.17266,0.24038,0.074206,0.898039,0.62934,0.55554,0.72734,0.89491,0.8566,False,0.837,main_table/images/ultraedit_full/edit_defended/mist/ultraedit_mist/woman_02__p2.png,main_table/images/ultraedit_full/edit_preflight/ultraedit_undefended/woman_02__p2.png
mist,ip2p,ultraedit_mist,woman_02,3,Add a bowtie to the person,ultraedit_undefended,0.63743,0.58652,21.266,0.15357,0.27098,0.086439,0.909804,0.63743,0.56457,0.73417,0.82073,0.7457,True,0.837,main_table/images/ultraedit_full/edit_defended/mist/ultraedit_mist/woman_02__p3.png,main_table/images/ultraedit_full/edit_preflight/ultraedit_undefended/woman_02__p3.png
mist,ip2p,ultraedit_mist,woman_03,0,Add sunglasses to the person,ultraedit_undefended,0.61519,0.66925,23.047,0.14977,0.24174,0.070411,0.85098,0.61519,0.57792,0.64875,0.85471,0.79806,True,0.837,main_table/images/ultraedit_full/edit_defended/mist/ultraedit_mist/woman_03__p0.png,main_table/images/ultraedit_full/edit_preflight/ultraedit_undefended/woman_03__p0.png
mist,ip2p,ultraedit_mist,woman_03,1,Add a police suit to the person,ultraedit_undefended,0.60797,0.6411,21.633,0.13109,0.26276,0.082859,0.878431,0.60797,0.5694,0.64269,0.83139,0.80667,True,0.837,main_table/images/ultraedit_full/edit_defended/mist/ultraedit_mist/woman_03__p1.png,main_table/images/ultraedit_full/edit_preflight/ultraedit_undefended/woman_03__p1.png
mist,ip2p,ultraedit_mist,woman_03,2,Add a helmet to the person,ultraedit_undefended,0.61606,0.67146,21.379,0.1461,0.25737,0.085315,0.964706,0.61606,0.58743,0.64183,0.7317,0.83123,True,0.837,main_table/images/ultraedit_full/edit_defended/mist/ultraedit_mist/woman_03__p2.png,main_table/images/ultraedit_full/edit_preflight/ultraedit_undefended/woman_03__p2.png
mist,ip2p,ultraedit_mist,woman_03,3,Add a bowtie to the person,ultraedit_undefended,0.60349,0.68319,22.306,0.14035,0.23174,0.076687,0.94902,0.60349,0.56933,0.63423,0.85971,0.81906,True,0.837,main_table/images/ultraedit_full/edit_defended/mist/ultraedit_mist/woman_03__p3.png,main_table/images/ultraedit_full/edit_preflight/ultraedit_undefended/woman_03__p3.png
dct_shield,ip2p,ultraedit_dct_shield,man_00,0,Add sunglasses to the person,ultraedit_undefended,0.48699,0.80318,26.113,0.23252,0.15535,0.049473,0.760784,0.48699,0.4434,0.53632,0.93485,0.92857,False,0.837,main_table/images/ultraedit_full/edit_defended/dct_shield/ultraedit_dct_shield/man_00__p0.png,main_table/images/ultraedit_full/edit_preflight/ultraedit_undefended/man_00__p0.png
dct_shield,ip2p,ultraedit_dct_shield,man_00,1,Add a police suit to the person,ultraedit_undefended,0.49762,0.81186,26.466,0.25102,0.14684,0.047501,0.996078,0.49762,0.46161,0.53835,0.95535,0.92122,False,0.837,main_table/images/ultraedit_full/edit_defended/dct_shield/ultraedit_dct_shield/man_00__p1.png,main_table/images/ultraedit_full/edit_preflight/ultraedit_undefended/man_00__p1.png
dct_shield,ip2p,ultraedit_dct_shield,man_00,2,Add a helmet to the person,ultraedit_undefended,0.49012,0.77895,23.544,0.20031,0.17902,0.066498,0.854902,0.49012,0.45616,0.52856,0.7976,0.83472,True,0.837,main_table/images/ultraedit_full/edit_defended/dct_shield/ultraedit_dct_shield/man_00__p2.png,main_table/images/ultraedit_full/edit_preflight/ultraedit_undefended/man_00__p2.png
dct_shield,ip2p,ultraedit_dct_shield,man_00,3,Add a bowtie to the person,ultraedit_undefended,0.50834,0.80187,24.013,0.25413,0.1647,0.063001,0.878431,0.50834,0.48117,0.53908,0.95371,0.91304,False,0.837,main_table/images/ultraedit_full/edit_defended/dct_shield/ultraedit_dct_shield/man_00__p3.png,main_table/images/ultraedit_full/edit_preflight/ultraedit_undefended/man_00__p3.png
dct_shield,ip2p,ultraedit_dct_shield,man_01,0,Add sunglasses to the person,ultraedit_undefended,0.51699,0.76624,24.299,0.24158,0.15872,0.060961,0.74902,0.51699,0.45896,0.61116,0.86576,0.84177,False,0.837,main_table/images/ultraedit_full/edit_defended/dct_shield/ultraedit_dct_shield/man_01__p0.png,main_table/images/ultraedit_full/edit_preflight/ultraedit_undefended/man_01__p0.png
dct_shield,ip2p,ultraedit_dct_shield,man_01,1,Add a police suit to the person,ultraedit_undefended,0.51471,0.77374,24.784,0.22211,0.15956,0.057648,0.647059,0.51471,0.45957,0.60418,0.91636,0.88504,False,0.837,main_table/images/ultraedit_full/edit_defended/dct_shield/ultraedit_dct_shield/man_01__p1.png,main_table/images/ultraedit_full/edit_preflight/ultraedit_undefended/man_01__p1.png
dct_shield,ip2p,ultraedit_dct_shield,man_01,2,Add a helmet to the person,ultraedit_undefended,0.502,0.79594,24.646,0.25399,0.15607,0.058576,0.882353,0.502,0.44121,0.60063,0.88367,0.83592,True,0.837,main_table/images/ultraedit_full/edit_defended/dct_shield/ultraedit_dct_shield/man_01__p2.png,main_table/images/ultraedit_full/edit_preflight/ultraedit_undefended/man_01__p2.png
dct_shield,ip2p,ultraedit_dct_shield,man_01,3,Add a bowtie to the person,ultraedit_undefended,0.55814,0.73066,23.86,0.23459,0.15729,0.064119,0.65098,0.55814,0.52184,0.61704,0.89341,0.79346,True,0.837,main_table/images/ultraedit_full/edit_defended/dct_shield/ultraedit_dct_shield/man_01__p3.png,main_table/images/ultraedit_full/edit_preflight/ultraedit_undefended/man_01__p3.png
dct_shield,ip2p,ultraedit_dct_shield,man_02,0,Add sunglasses to the person,ultraedit_undefended,0.51285,0.79449,27.148,0.33938,0.1352,0.043916,0.658823,0.51285,0.38311,0.68584,0.92734,0.91739,False,0.837,main_table/images/ultraedit_full/edit_defended/dct_shield/ultraedit_dct_shield/man_02__p0.png,main_table/images/ultraedit_full/edit_preflight/ultraedit_undefended/man_02__p0.png
dct_shield,ip2p,ultraedit_dct_shield,man_02,1,Add a police suit to the person,ultraedit_undefended,0.50739,0.81247,25.401,0.32187,0.15853,0.053698,0.772549,0.50739,0.38698,0.66794,0.92192,0.8319,True,0.837,main_table/images/ultraedit_full/edit_defended/dct_shield/ultraedit_dct_shield/man_02__p1.png,main_table/images/ultraedit_full/edit_preflight/ultraedit_undefended/man_02__p1.png
dct_shield,ip2p,ultraedit_dct_shield,man_02,2,Add a helmet to the person,ultraedit_undefended,0.51464,0.79125,25.821,0.32574,0.15006,0.05116,0.929412,0.51464,0.39074,0.67984,0.91618,0.89156,False,0.837,main_table/images/ultraedit_full/edit_defended/dct_shield/ultraedit_dct_shield/man_02__p2.png,main_table/images/ultraedit_full/edit_preflight/ultraedit_undefended/man_02__p2.png
dct_shield,ip2p,ultraedit_dct_shield,man_02,3,Add a bowtie to the person,ultraedit_undefended,0.51653,0.78198,23.289,0.30739,0.1531,0.068478,0.929412,0.51653,0.39304,0.68117,0.9251,0.91637,False,0.837,main_table/images/ultraedit_full/edit_defended/dct_shield/ultraedit_dct_shield/man_02__p3.png,main_table/images/ultraedit_full/edit_preflight/ultraedit_undefended/man_02__p3.png
dct_shield,ip2p,ultraedit_dct_shield,man_03,0,Add sunglasses to the person,ultraedit_undefended,0.46847,0.81067,26.357,0.31086,0.12027,0.048101,0.788235,0.46847,0.34132,0.56323,0.89452,0.92339,False,0.837,main_table/images/ultraedit_full/edit_defended/dct_shield/ultraedit_dct_shield/man_03__p0.png,main_table/images/ultraedit_full/edit_preflight/ultraedit_undefended/man_03__p0.png
dct_shield,ip2p,ultraedit_dct_shield,man_03,1,Add a police suit to the person,ultraedit_undefended,0.48607,0.78434,24.539,0.27423,0.13013,0.059296,0.784314,0.48607,0.3827,0.5631,0.89947,0.92124,False,0.837,main_table/images/ultraedit_full/edit_defended/dct_shield/ultraedit_dct_shield/man_03__p1.png,main_table/images/ultraedit_full/edit_preflight/ultraedit_undefended/man_03__p1.png
dct_shield,ip2p,ultraedit_dct_shield,man_03,2,Add a helmet to the person,ultraedit_undefended,0.46803,0.80917,25.207,0.30372,0.13302,0.054912,1.0,0.46803,0.34866,0.55699,0.89458,0.90151,False,0.837,main_table/images/ultraedit_full/edit_defended/dct_shield/ultraedit_dct_shield/man_03__p2.png,main_table/images/ultraedit_full/edit_preflight/ultraedit_undefended/man_03__p2.png
dct_shield,ip2p,ultraedit_dct_shield,man_03,3,Add a bowtie to the person,ultraedit_undefended,0.4915,0.78529,23.336,0.27953,0.13986,0.068107,0.976471,0.4915,0.39433,0.56392,0.90657,0.90973,False,0.837,main_table/images/ultraedit_full/edit_defended/dct_shield/ultraedit_dct_shield/man_03__p3.png,main_table/images/ultraedit_full/edit_preflight/ultraedit_undefended/man_03__p3.png
dct_shield,ip2p,ultraedit_dct_shield,woman_00,0,Add sunglasses to the person,ultraedit_undefended,0.43783,0.7951,24.671,0.27417,0.13531,0.058408,0.929412,0.43783,0.30381,0.56463,0.91171,0.91284,False,0.837,main_table/images/ultraedit_full/edit_defended/dct_shield/ultraedit_dct_shield/woman_00__p0.png,main_table/images/ultraedit_full/edit_preflight/ultraedit_undefended/woman_00__p0.png
dct_shield,ip2p,ultraedit_dct_shield,woman_00,1,Add a police suit to the person,ultraedit_undefended,0.48888,0.73344,21.029,0.22002,0.21721,0.088829,0.917647,0.48888,0.35233,0.61808,0.84299,0.78559,True,0.837,main_table/images/ultraedit_full/edit_defended/dct_shield/ultraedit_dct_shield/woman_00__p1.png,main_table/images/ultraedit_full/edit_preflight/ultraedit_undefended/woman_00__p1.png
dct_shield,ip2p,ultraedit_dct_shield,woman_00,2,Add a helmet to the person,ultraedit_undefended,0.4834,0.74684,20.457,0.25046,0.1919,0.094875,0.984314,0.4834,0.31298,0.64463,0.78689,0.71827,True,0.837,main_table/images/ultraedit_full/edit_defended/dct_shield/ultraedit_dct_shield/woman_00__p2.png,main_table/images/ultraedit_full/edit_preflight/ultraedit_undefended/woman_00__p2.png
dct_shield,ip2p,ultraedit_dct_shield,woman_00,3,Add a bowtie to the person,ultraedit_undefended,0.44558,0.78232,24.331,0.28286,0.13855,0.060738,0.764706,0.44558,0.31733,0.56693,0.90729,0.90149,False,0.837,main_table/images/ultraedit_full/edit_defended/dct_shield/ultraedit_dct_shield/woman_00__p3.png,main_table/images/ultraedit_full/edit_preflight/ultraedit_undefended/woman_00__p3.png
dct_shield,ip2p,ultraedit_dct_shield,woman_01,0,Add sunglasses to the person,ultraedit_undefended,0.52764,0.79459,25.354,0.26205,0.16082,0.053987,0.85098,0.52764,0.46488,0.61752,0.8527,0.9013,False,0.837,main_table/images/ultraedit_full/edit_defended/dct_shield/ultraedit_dct_shield/woman_01__p0.png,main_table/images/ultraedit_full/edit_preflight/ultraedit_undefended/woman_01__p0.png
dct_shield,ip2p,ultraedit_dct_shield,woman_01,1,Add a police suit to the person,ultraedit_undefended,0.53144,0.80209,26.161,0.26734,0.15479,0.049196,0.654902,0.53144,0.47655,0.61005,0.94618,0.92425,False,0.837,main_table/images/ultraedit_full/edit_defended/dct_shield/ultraedit_dct_shield/woman_01__p1.png,main_table/images/ultraedit_full/edit_preflight/ultraedit_undefended/woman_01__p1.png
dct_shield,ip2p,ultraedit_dct_shield,woman_01,2,Add a helmet to the person,ultraedit_undefended,0.54446,0.79941,25.88,0.2643,0.18558,0.050818,0.643137,0.54446,0.48512,0.62944,0.89428,0.81967,True,0.837,main_table/images/ultraedit_full/edit_defended/dct_shield/ultraedit_dct_shield/woman_01__p2.png,main_table/images/ultraedit_full/edit_preflight/ultraedit_undefended/woman_01__p2.png
dct_shield,ip2p,ultraedit_dct_shield,woman_01,3,Add a bowtie to the person,ultraedit_undefended,0.53131,0.78739,23.393,0.26854,0.16341,0.067663,0.819608,0.53131,0.47117,0.61742,0.90477,0.87847,False,0.837,main_table/images/ultraedit_full/edit_defended/dct_shield/ultraedit_dct_shield/woman_01__p3.png,main_table/images/ultraedit_full/edit_preflight/ultraedit_undefended/woman_01__p3.png
dct_shield,ip2p,ultraedit_dct_shield,woman_02,0,Add sunglasses to the person,ultraedit_undefended,0.50883,0.66519,22.879,0.24345,0.18295,0.07179,0.913725,0.50883,0.41035,0.63959,0.93032,0.93565,False,0.837,main_table/images/ultraedit_full/edit_defended/dct_shield/ultraedit_dct_shield/woman_02__p0.png,main_table/images/ultraedit_full/edit_preflight/ultraedit_undefended/woman_02__p0.png
dct_shield,ip2p,ultraedit_dct_shield,woman_02,1,Add a police suit to the person,ultraedit_undefended,0.52459,0.63131,21.698,0.2163,0.20654,0.082242,0.976471,0.52459,0.43786,0.63976,0.88236,0.78781,True,0.837,main_table/images/ultraedit_full/edit_defended/dct_shield/ultraedit_dct_shield/woman_02__p1.png,main_table/images/ultraedit_full/edit_preflight/ultraedit_undefended/woman_02__p1.png
dct_shield,ip2p,ultraedit_dct_shield,woman_02,2,Add a helmet to the person,ultraedit_undefended,0.51542,0.6734,22.896,0.25557,0.18082,0.071645,0.964706,0.51542,0.41783,0.64502,0.93299,0.92272,False,0.837,main_table/images/ultraedit_full/edit_defended/dct_shield/ultraedit_dct_shield/woman_02__p2.png,main_table/images/ultraedit_full/edit_preflight/ultraedit_undefended/woman_02__p2.png
dct_shield,ip2p,ultraedit_dct_shield,woman_02,3,Add a bowtie to the person,ultraedit_undefended,0.53782,0.62854,21.251,0.21197,0.21738,0.086586,0.972549,0.53782,0.45032,0.654,0.85721,0.77771,True,0.837,main_table/images/ultraedit_full/edit_defended/dct_shield/ultraedit_dct_shield/woman_02__p3.png,main_table/images/ultraedit_full/edit_preflight/ultraedit_undefended/woman_02__p3.png
dct_shield,ip2p,ultraedit_dct_shield,woman_03,0,Add sunglasses to the person,ultraedit_undefended,0.487,0.74074,24.141,0.21698,0.17455,0.062081,0.796078,0.487,0.42652,0.54144,0.87571,0.86612,False,0.837,main_table/images/ultraedit_full/edit_defended/dct_shield/ultraedit_dct_shield/woman_03__p0.png,main_table/images/ultraedit_full/edit_preflight/ultraedit_undefended/woman_03__p0.png
dct_shield,ip2p,ultraedit_dct_shield,woman_03,1,Add a police suit to the person,ultraedit_undefended,0.50144,0.71653,22.388,0.18105,0.21783,0.075959,0.85098,0.50144,0.44353,0.55358,0.8967,0.84444,False,0.837,main_table/images/ultraedit_full/edit_defended/dct_shield/ultraedit_dct_shield/woman_03__p1.png,main_table/images/ultraedit_full/edit_preflight/ultraedit_undefended/woman_03__p1.png
dct_shield,ip2p,ultraedit_dct_shield,woman_03,2,Add a helmet to the person,ultraedit_undefended,0.49576,0.74729,22.586,0.21809,0.17647,0.074253,0.929412,0.49576,0.43269,0.55253,0.82984,0.88273,False,0.837,main_table/images/ultraedit_full/edit_defended/dct_shield/ultraedit_dct_shield/woman_03__p2.png,main_table/images/ultraedit_full/edit_preflight/ultraedit_undefended/woman_03__p2.png
dct_shield,ip2p,ultraedit_dct_shield,woman_03,3,Add a bowtie to the person,ultraedit_undefended,0.47487,0.75568,23.331,0.20134,0.1723,0.06815,1.0,0.47487,0.39133,0.55007,0.89495,0.8386,False,0.837,main_table/images/ultraedit_full/edit_defended/dct_shield/ultraedit_dct_shield/woman_03__p3.png,main_table/images/ultraedit_full/edit_preflight/ultraedit_undefended/woman_03__p3.png
photoguard_linf,ip2p,ultraedit_photoguard_linf,man_00,0,Add sunglasses to the person,ultraedit_undefended,0.59661,0.77292,25.562,0.17214,0.2042,0.052712,0.615686,0.59661,0.5856,0.60907,0.86837,0.90778,False,0.837,main_table/images/ultraedit_full/edit_defended/photoguard_linf/ultraedit_photoguard_linf/man_00__p0.png,main_table/images/ultraedit_full/edit_preflight/ultraedit_undefended/man_00__p0.png
photoguard_linf,ip2p,ultraedit_photoguard_linf,man_00,1,Add a police suit to the person,ultraedit_undefended,0.59002,0.76137,24.907,0.15661,0.18405,0.056841,0.937255,0.59002,0.57318,0.60907,0.7372,0.88481,False,0.837,main_table/images/ultraedit_full/edit_defended/photoguard_linf/ultraedit_photoguard_linf/man_00__p1.png,main_table/images/ultraedit_full/edit_preflight/ultraedit_undefended/man_00__p1.png
photoguard_linf,ip2p,ultraedit_photoguard_linf,man_00,2,Add a helmet to the person,ultraedit_undefended,0.57918,0.74469,23.092,0.14855,0.20584,0.07005,0.839216,0.57918,0.56036,0.60047,0.66692,0.84472,False,0.837,main_table/images/ultraedit_full/edit_defended/photoguard_linf/ultraedit_photoguard_linf/man_00__p2.png,main_table/images/ultraedit_full/edit_preflight/ultraedit_undefended/man_00__p2.png
photoguard_linf,ip2p,ultraedit_photoguard_linf,man_00,3,Add a bowtie to the person,ultraedit_undefended,0.6085,0.75775,23.009,0.16149,0.2138,0.070723,0.87451,0.6085,0.60421,0.61334,0.67419,0.76406,True,0.837,main_table/images/ultraedit_full/edit_defended/photoguard_linf/ultraedit_photoguard_linf/man_00__p3.png,main_table/images/ultraedit_full/edit_preflight/ultraedit_undefended/man_00__p3.png
photoguard_linf,ip2p,ultraedit_photoguard_linf,man_01,0,Add sunglasses to the person,ultraedit_undefended,0.63202,0.72252,24.251,0.17159,0.24206,0.0613,0.615686,0.63202,0.59715,0.68859,0.85096,0.8431,False,0.837,main_table/images/ultraedit_full/edit_defended/photoguard_linf/ultraedit_photoguard_linf/man_01__p0.png,main_table/images/ultraedit_full/edit_preflight/ultraedit_undefended/man_01__p0.png
photoguard_linf,ip2p,ultraedit_photoguard_linf,man_01,1,Add a police suit to the person,ultraedit_undefended,0.61123,0.69708,23.623,0.15353,0.21016,0.065894,0.741176,0.61123,0.574,0.67163,0.85771,0.85839,False,0.837,main_table/images/ultraedit_full/edit_defended/photoguard_linf/ultraedit_photoguard_linf/man_01__p1.png,main_table/images/ultraedit_full/edit_preflight/ultraedit_undefended/man_01__p1.png
photoguard_linf,ip2p,ultraedit_photoguard_linf,man_01,2,Add a helmet to the person,ultraedit_undefended,0.61845,0.72401,23.102,0.155,0.21866,0.069965,0.894118,0.61845,0.58219,0.67728,0.82629,0.82833,True,0.837,main_table/images/ultraedit_full/edit_defended/photoguard_linf/ultraedit_photoguard_linf/man_01__p2.png,main_table/images/ultraedit_full/edit_preflight/ultraedit_undefended/man_01__p2.png
photoguard_linf,ip2p,ultraedit_photoguard_linf,man_01,3,Add a bowtie to the person,ultraedit_undefended,0.65991,0.67774,22.816,0.16576,0.23007,0.07231,0.72549,0.65991,0.64054,0.69133,0.89206,0.79147,True,0.837,main_table/images/ultraedit_full/edit_defended/photoguard_linf/ultraedit_photoguard_linf/man_01__p3.png,main_table/images/ultraedit_full/edit_preflight/ultraedit_undefended/man_01__p3.png
photoguard_linf,ip2p,ultraedit_photoguard_linf,man_02,0,Add sunglasses to the person,ultraedit_undefended,0.6111,0.77483,26.126,0.24708,0.19586,0.049395,0.615686,0.6111,0.51621,0.73762,0.82888,0.86332,False,0.837,main_table/images/ultraedit_full/edit_defended/photoguard_linf/ultraedit_photoguard_linf/man_02__p0.png,main_table/images/ultraedit_full/edit_preflight/ultraedit_undefended/man_02__p0.png
photoguard_linf,ip2p,ultraedit_photoguard_linf,man_02,1,Add a police suit to the person,ultraedit_undefended,0.56485,0.76991,24.289,0.22161,0.18537,0.061029,0.796078,0.56485,0.46106,0.70323,0.87438,0.80501,True,0.837,main_table/images/ultraedit_full/edit_defended/photoguard_linf/ultraedit_photoguard_linf/man_02__p1.png,main_table/images/ultraedit_full/edit_preflight/ultraedit_undefended/man_02__p1.png
photoguard_linf,ip2p,ultraedit_photoguard_linf,man_02,2,Add a helmet to the person,ultraedit_undefended,0.6155,0.76211,24.355,0.23521,0.2075,0.06057,0.905882,0.6155,0.52695,0.73357,0.78905,0.78603,True,0.837,main_table/images/ultraedit_full/edit_defended/photoguard_linf/ultraedit_photoguard_linf/man_02__p2.png,main_table/images/ultraedit_full/edit_preflight/ultraedit_undefended/man_02__p2.png
photoguard_linf,ip2p,ultraedit_photoguard_linf,man_02,3,Add a bowtie to the person,ultraedit_undefended,0.59174,0.76654,24.602,0.22654,0.19266,0.058874,0.901961,0.59174,0.48658,0.73196,0.85433,0.83219,True,0.837,main_table/images/ultraedit_full/edit_defended/photoguard_linf/ultraedit_photoguard_linf/man_02__p3.png,main_table/images/ultraedit_full/edit_preflight/ultraedit_undefended/man_02__p3.png
photoguard_linf,ip2p,ultraedit_photoguard_linf,man_03,0,Add sunglasses to the person,ultraedit_undefended,0.58761,0.78848,26.037,0.23707,0.16643,0.049908,0.698039,0.58761,0.50131,0.65192,0.7976,0.8816,False,0.837,main_table/images/ultraedit_full/edit_defended/photoguard_linf/ultraedit_photoguard_linf/man_03__p0.png,main_table/images/ultraedit_full/edit_preflight/ultraedit_undefended/man_03__p0.png
photoguard_linf,ip2p,ultraedit_photoguard_linf,man_03,1,Add a police suit to the person,ultraedit_undefended,0.59499,0.76918,23.959,0.2134,0.18098,0.063396,0.815686,0.59499,0.51629,0.65365,0.82021,0.88164,False,0.837,main_table/images/ultraedit_full/edit_defended/photoguard_linf/ultraedit_photoguard_linf/man_03__p1.png,main_table/images/ultraedit_full/edit_preflight/ultraedit_undefended/man_03__p1.png
photoguard_linf,ip2p,ultraedit_photoguard_linf,man_03,2,Add a helmet to the person,ultraedit_undefended,0.58785,0.78515,24.943,0.23072,0.17878,0.056606,0.937255,0.58785,0.50608,0.64879,0.83002,0.87705,False,0.837,main_table/images/ultraedit_full/edit_defended/photoguard_linf/ultraedit_photoguard_linf/man_03__p2.png,main_table/images/ultraedit_full/edit_preflight/ultraedit_undefended/man_03__p2.png
photoguard_linf,ip2p,ultraedit_photoguard_linf,man_03,3,Add a bowtie to the person,ultraedit_undefended,0.60086,0.77569,23.969,0.21653,0.17719,0.063321,0.933333,0.60086,0.53097,0.65294,0.84764,0.88847,False,0.837,main_table/images/ultraedit_full/edit_defended/photoguard_linf/ultraedit_photoguard_linf/man_03__p3.png,main_table/images/ultraedit_full/edit_preflight/ultraedit_undefended/man_03__p3.png
photoguard_linf,ip2p,ultraedit_photoguard_linf,woman_00,0,Add sunglasses to the person,ultraedit_undefended,0.55413,0.7346,23.559,0.21612,0.1696,0.066378,0.92549,0.55413,0.43296,0.66877,0.8533,0.92325,False,0.837,main_table/images/ultraedit_full/edit_defended/photoguard_linf/ultraedit_photoguard_linf/woman_00__p0.png,main_table/images/ultraedit_full/edit_preflight/ultraedit_undefended/woman_00__p0.png
photoguard_linf,ip2p,ultraedit_photoguard_linf,woman_00,1,Add a police suit to the person,ultraedit_undefended,0.56845,0.71384,21.491,0.20167,0.23843,0.084224,0.764706,0.56845,0.4454,0.68488,0.81913,0.7885,True,0.837,main_table/images/ultraedit_full/edit_defended/photoguard_linf/ultraedit_photoguard_linf/woman_00__p1.png,main_table/images/ultraedit_full/edit_preflight/ultraedit_undefended/woman_00__p1.png
photoguard_linf,ip2p,ultraedit_photoguard_linf,woman_00,2,Add a helmet to the person,ultraedit_undefended,0.59397,0.69081,20.059,0.19089,0.21202,0.09932,0.933333,0.59397,0.45506,0.72541,0.74097,0.74204,True,0.837,main_table/images/ultraedit_full/edit_defended/photoguard_linf/ultraedit_photoguard_linf/woman_00__p2.png,main_table/images/ultraedit_full/edit_preflight/ultraedit_undefended/woman_00__p2.png
photoguard_linf,ip2p,ultraedit_photoguard_linf,woman_00,3,Add a bowtie to the person,ultraedit_undefended,0.55421,0.74275,23.271,0.23352,0.16761,0.068618,0.792157,0.55421,0.43546,0.66656,0.89136,0.90914,False,0.837,main_table/images/ultraedit_full/edit_defended/photoguard_linf/ultraedit_photoguard_linf/woman_00__p3.png,main_table/images/ultraedit_full/edit_preflight/ultraedit_undefended/woman_00__p3.png
photoguard_linf,ip2p,ultraedit_photoguard_linf,woman_01,0,Add sunglasses to the person,ultraedit_undefended,0.63927,0.75415,24.813,0.1826,0.21547,0.057458,0.721569,0.63927,0.57811,0.72686,0.70268,0.80118,True,0.837,main_table/images/ultraedit_full/edit_defended/photoguard_linf/ultraedit_photoguard_linf/woman_01__p0.png,main_table/images/ultraedit_full/edit_preflight/ultraedit_undefended/woman_01__p0.png
photoguard_linf,ip2p,ultraedit_photoguard_linf,woman_01,1,Add a police suit to the person,ultraedit_undefended,0.60577,0.78096,25.278,0.19606,0.20792,0.05446,0.662745,0.60577,0.56006,0.67122,0.771,0.82767,True,0.837,main_table/images/ultraedit_full/edit_defended/photoguard_linf/ultraedit_photoguard_linf/woman_01__p1.png,main_table/images/ultraedit_full/edit_preflight/ultraedit_undefended/woman_01__p1.png
photoguard_linf,ip2p,ultraedit_photoguard_linf,woman_01,2,Add a helmet to the person,ultraedit_undefended,0.64372,0.76352,25.697,0.19293,0.20889,0.051897,0.603922,0.64372,0.5891,0.72195,0.75634,0.80299,True,0.837,main_table/images/ultraedit_full/edit_defended/photoguard_linf/ultraedit_photoguard_linf/woman_01__p2.png,main_table/images/ultraedit_full/edit_preflight/ultraedit_undefended/woman_01__p2.png
photoguard_linf,ip2p,ultraedit_photoguard_linf,woman_01,3,Add a bowtie to the person,ultraedit_undefended,0.63967,0.74006,22.864,0.1909,0.20467,0.07191,0.796078,0.63967,0.58411,0.71925,0.68133,0.76122,True,0.837,main_table/images/ultraedit_full/edit_defended/photoguard_linf/ultraedit_photoguard_linf/woman_01__p3.png,main_table/images/ultraedit_full/edit_preflight/ultraedit_undefended/woman_01__p3.png
photoguard_linf,ip2p,ultraedit_photoguard_linf,woman_02,0,Add sunglasses to the person,ultraedit_undefended,0.62829,0.59956,22.027,0.18802,0.22195,0.079185,0.839216,0.62829,0.53798,0.7482,0.77678,0.88066,False,0.837,main_table/images/ultraedit_full/edit_defended/photoguard_linf/ultraedit_photoguard_linf/woman_02__p0.png,main_table/images/ultraedit_full/edit_preflight/ultraedit_undefended/woman_02__p0.png
photoguard_linf,ip2p,ultraedit_photoguard_linf,woman_02,1,Add a police suit to the person,ultraedit_undefended,0.58908,0.61722,22.069,0.1793,0.23042,0.078801,0.960784,0.58908,0.50146,0.70542,0.84438,0.82953,True,0.837,main_table/images/ultraedit_full/edit_defended/photoguard_linf/ultraedit_photoguard_linf/woman_02__p1.png,main_table/images/ultraedit_full/edit_preflight/ultraedit_undefended/woman_02__p1.png
photoguard_linf,ip2p,ultraedit_photoguard_linf,woman_02,2,Add a helmet to the person,ultraedit_undefended,0.62842,0.60806,22.415,0.19376,0.21635,0.075725,0.909804,0.62842,0.53802,0.74845,0.8456,0.87684,False,0.837,main_table/images/ultraedit_full/edit_defended/photoguard_linf/ultraedit_photoguard_linf/woman_02__p2.png,main_table/images/ultraedit_full/edit_preflight/ultraedit_undefended/woman_02__p2.png
photoguard_linf,ip2p,ultraedit_photoguard_linf,woman_02,3,Add a bowtie to the person,ultraedit_undefended,0.62724,0.59667,21.137,0.17298,0.22806,0.087735,0.92549,0.62724,0.5357,0.7488,0.773,0.81113,True,0.837,main_table/images/ultraedit_full/edit_defended/photoguard_linf/ultraedit_photoguard_linf/woman_02__p3.png,main_table/images/ultraedit_full/edit_preflight/ultraedit_undefended/woman_02__p3.png
photoguard_linf,ip2p,ultraedit_photoguard_linf,woman_03,0,Add sunglasses to the person,ultraedit_undefended,0.62782,0.67202,23.066,0.16131,0.21788,0.070262,0.796078,0.62782,0.58232,0.66879,0.84597,0.77775,True,0.837,main_table/images/ultraedit_full/edit_defended/photoguard_linf/ultraedit_photoguard_linf/woman_03__p0.png,main_table/images/ultraedit_full/edit_preflight/ultraedit_undefended/woman_03__p0.png
photoguard_linf,ip2p,ultraedit_photoguard_linf,woman_03,1,Add a police suit to the person,ultraedit_undefended,0.61066,0.6634,21.617,0.14254,0.24882,0.083013,0.827451,0.61066,0.5583,0.65779,0.82688,0.78339,True,0.837,main_table/images/ultraedit_full/edit_defended/photoguard_linf/ultraedit_photoguard_linf/woman_03__p1.png,main_table/images/ultraedit_full/edit_preflight/ultraedit_undefended/woman_03__p1.png
photoguard_linf,ip2p,ultraedit_photoguard_linf,woman_03,2,Add a helmet to the person,ultraedit_undefended,0.62718,0.67288,21.965,0.15928,0.23416,0.079751,0.917647,0.62718,0.58655,0.66376,0.72959,0.7509,True,0.837,main_table/images/ultraedit_full/edit_defended/photoguard_linf/ultraedit_photoguard_linf/woman_03__p2.png,main_table/images/ultraedit_full/edit_preflight/ultraedit_undefended/woman_03__p2.png
photoguard_linf,ip2p,ultraedit_photoguard_linf,woman_03,3,Add a bowtie to the person,ultraedit_undefended,0.61728,0.67125,21.139,0.14722,0.23331,0.087711,0.960784,0.61728,0.5741,0.65615,0.83438,0.7813,True,0.837,main_table/images/ultraedit_full/edit_defended/photoguard_linf/ultraedit_photoguard_linf/woman_03__p3.png,main_table/images/ultraedit_full/edit_preflight/ultraedit_undefended/woman_03__p3.png
danp,ip2p,ultraedit_danp,man_00,0,Add sunglasses to the person,ultraedit_undefended,0.47776,0.85751,28.194,0.26467,0.18099,0.038933,0.686275,0.47776,0.44446,0.51543,0.94249,0.90348,False,0.837,main_table/images/ultraedit_full/edit_defended/danp/ultraedit_danp/man_00__p0.png,main_table/images/ultraedit_full/edit_preflight/ultraedit_undefended/man_00__p0.png
danp,ip2p,ultraedit_danp,man_00,1,Add a police suit to the person,ultraedit_undefended,0.48821,0.8651,28.786,0.28448,0.16901,0.036365,0.980392,0.48821,0.46142,0.51853,0.9497,0.91739,False,0.837,main_table/images/ultraedit_full/edit_defended/danp/ultraedit_danp/man_00__p1.png,main_table/images/ultraedit_full/edit_preflight/ultraedit_undefended/man_00__p1.png
danp,ip2p,ultraedit_danp,man_00,2,Add a helmet to the person,ultraedit_undefended,0.47923,0.83342,25.598,0.24285,0.18084,0.05249,0.682353,0.47923,0.45179,0.51028,0.84812,0.83251,True,0.837,main_table/images/ultraedit_full/edit_defended/danp/ultraedit_danp/man_00__p2.png,main_table/images/ultraedit_full/edit_preflight/ultraedit_undefended/man_00__p2.png
danp,ip2p,ultraedit_danp,man_00,3,Add a bowtie to the person,ultraedit_undefended,0.4852,0.87039,28.435,0.2947,0.17464,0.037866,0.815686,0.4852,0.45718,0.51691,0.94825,0.91522,False,0.837,main_table/images/ultraedit_full/edit_defended/danp/ultraedit_danp/man_00__p3.png,main_table/images/ultraedit_full/edit_preflight/ultraedit_undefended/man_00__p3.png
danp,ip2p,ultraedit_danp,man_01,0,Add sunglasses to the person,ultraedit_undefended,0.53577,0.82073,26.82,0.26631,0.19202,0.045601,0.572549,0.53577,0.4922,0.60645,0.82013,0.86829,False,0.837,main_table/images/ultraedit_full/edit_defended/danp/ultraedit_danp/man_01__p0.png,main_table/images/ultraedit_full/edit_preflight/ultraedit_undefended/man_01__p0.png
danp,ip2p,ultraedit_danp,man_01,1,Add a police suit to the person,ultraedit_undefended,0.51877,0.78816,26.145,0.25346,0.18929,0.049291,0.505882,0.51877,0.46673,0.60321,0.88512,0.88764,False,0.837,main_table/images/ultraedit_full/edit_defended/danp/ultraedit_danp/man_01__p1.png,main_table/images/ultraedit_full/edit_preflight/ultraedit_undefended/man_01__p1.png
danp,ip2p,ultraedit_danp,man_01,2,Add a helmet to the person,ultraedit_undefended,0.54796,0.83052,26.281,0.27869,0.19752,0.048522,0.780392,0.54796,0.51571,0.60029,0.84129,0.82769,True,0.837,main_table/images/ultraedit_full/edit_defended/danp/ultraedit_danp/man_01__p2.png,main_table/images/ultraedit_full/edit_preflight/ultraedit_undefended/man_01__p2.png
danp,ip2p,ultraedit_danp,man_01,3,Add a bowtie to the person,ultraedit_undefended,0.56791,0.77884,24.926,0.25751,0.17743,0.056717,0.568627,0.56791,0.54533,0.60456,0.87433,0.80868,True,0.837,main_table/images/ultraedit_full/edit_defended/danp/ultraedit_danp/man_01__p3.png,main_table/images/ultraedit_full/edit_preflight/ultraedit_undefended/man_01__p3.png
danp,ip2p,ultraedit_danp,man_02,0,Add sunglasses to the person,ultraedit_undefended,0.4865,0.87789,30.658,0.37774,0.15619,0.029315,0.396078,0.4865,0.38112,0.62701,0.89251,0.91751,False,0.837,main_table/images/ultraedit_full/edit_defended/danp/ultraedit_danp/man_02__p0.png,main_table/images/ultraedit_full/edit_preflight/ultraedit_undefended/man_02__p0.png
danp,ip2p,ultraedit_danp,man_02,1,Add a police suit to the person,ultraedit_undefended,0.45521,0.87266,26.785,0.35065,0.16055,0.04579,0.803922,0.45521,0.33659,0.61337,0.91473,0.85725,False,0.837,main_table/images/ultraedit_full/edit_defended/danp/ultraedit_danp/man_02__p1.png,main_table/images/ultraedit_full/edit_preflight/ultraedit_undefended/man_02__p1.png
danp,ip2p,ultraedit_danp,man_02,2,Add a helmet to the person,ultraedit_undefended,0.50111,0.85666,27.035,0.35677,0.17007,0.044488,0.858824,0.50111,0.40101,0.63457,0.87206,0.83195,True,0.837,main_table/images/ultraedit_full/edit_defended/danp/ultraedit_danp/man_02__p2.png,main_table/images/ultraedit_full/edit_preflight/ultraedit_undefended/man_02__p2.png
danp,ip2p,ultraedit_danp,man_02,3,Add a bowtie to the person,ultraedit_undefended,0.49758,0.85311,25.338,0.34134,0.17099,0.054089,0.890196,0.49758,0.39679,0.63197,0.90715,0.90284,False,0.837,main_table/images/ultraedit_full/edit_defended/danp/ultraedit_danp/man_02__p3.png,main_table/images/ultraedit_full/edit_preflight/ultraedit_undefended/man_02__p3.png
danp,ip2p,ultraedit_danp,man_03,0,Add sunglasses to the person,ultraedit_undefended,0.47466,0.86886,28.533,0.339,0.15454,0.037442,0.792157,0.47466,0.35826,0.56141,0.85312,0.9296,False,0.837,main_table/images/ultraedit_full/edit_defended/danp/ultraedit_danp/man_03__p0.png,main_table/images/ultraedit_full/edit_preflight/ultraedit_undefended/man_03__p0.png
danp,ip2p,ultraedit_danp,man_03,1,Add a police suit to the person,ultraedit_undefended,0.4612,0.85318,26.385,0.31152,0.15475,0.047945,0.658824,0.4612,0.33232,0.55725,0.88483,0.92271,False,0.837,main_table/images/ultraedit_full/edit_defended/danp/ultraedit_danp/man_03__p1.png,main_table/images/ultraedit_full/edit_preflight/ultraedit_undefended/man_03__p1.png
danp,ip2p,ultraedit_danp,man_03,2,Add a helmet to the person,ultraedit_undefended,0.46846,0.87019,27.752,0.33571,0.16061,0.040962,0.87451,0.46846,0.35303,0.55448,0.8645,0.92722,False,0.837,main_table/images/ultraedit_full/edit_defended/danp/ultraedit_danp/man_03__p2.png,main_table/images/ultraedit_full/edit_preflight/ultraedit_undefended/man_03__p2.png
danp,ip2p,ultraedit_danp,man_03,3,Add a bowtie to the person,ultraedit_undefended,0.48464,0.85387,25.175,0.31468,0.16175,0.055113,0.917647,0.48464,0.38665,0.55768,0.8943,0.9241,False,0.837,main_table/images/ultraedit_full/edit_defended/danp/ultraedit_danp/man_03__p3.png,main_table/images/ultraedit_full/edit_preflight/ultraedit_undefended/man_03__p3.png
danp,ip2p,ultraedit_danp,woman_00,0,Add sunglasses to the person,ultraedit_undefended,0.43276,0.84195,26.35,0.31106,0.12205,0.04814,0.792157,0.43276,0.27711,0.58003,0.89778,0.94128,False,0.837,main_table/images/ultraedit_full/edit_defended/danp/ultraedit_danp/woman_00__p0.png,main_table/images/ultraedit_full/edit_preflight/ultraedit_undefended/woman_00__p0.png
danp,ip2p,ultraedit_danp,woman_00,1,Add a police suit to the person,ultraedit_undefended,0.45777,0.79815,21.986,0.25626,0.20989,0.079565,0.870588,0.45777,0.32108,0.58711,0.83951,0.79765,True,0.837,main_table/images/ultraedit_full/edit_defended/danp/ultraedit_danp/woman_00__p1.png,main_table/images/ultraedit_full/edit_preflight/ultraedit_undefended/woman_00__p1.png
danp,ip2p,ultraedit_danp,woman_00,2,Add a helmet to the person,ultraedit_undefended,0.47454,0.80585,21.379,0.2823,0.17281,0.085323,0.980392,0.47454,0.30042,0.63929,0.73502,0.74841,True,0.837,main_table/images/ultraedit_full/edit_defended/danp/ultraedit_danp/woman_00__p2.png,main_table/images/ultraedit_full/edit_preflight/ultraedit_undefended/woman_00__p2.png
danp,ip2p,ultraedit_danp,woman_00,3,Add a bowtie to the person,ultraedit_undefended,0.43742,0.84284,26.282,0.31954,0.12964,0.048518,0.654902,0.43742,0.28694,0.5798,0.90415,0.93171,False,0.837,main_table/images/ultraedit_full/edit_defended/danp/ultraedit_danp/woman_00__p3.png,main_table/images/ultraedit_full/edit_preflight/ultraedit_undefended/woman_00__p3.png
danp,ip2p,ultraedit_danp,woman_01,0,Add sunglasses to the person,ultraedit_undefended,0.51883,0.83337,27.18,0.28076,0.19739,0.043753,0.717647,0.51883,0.45651,0.60808,0.74834,0.86179,False,0.837,main_table/images/ultraedit_full/edit_defended/danp/ultraedit_danp/woman_01__p0.png,main_table/images/ultraedit_full/edit_preflight/ultraedit_undefended/woman_01__p0.png
danp,ip2p,ultraedit_danp,woman_01,1,Add a police suit to the person,ultraedit_undefended,0.51612,0.842,28.026,0.29039,0.20373,0.039691,0.705882,0.51612,0.46083,0.59531,0.94773,0.88109,False,0.837,main_table/images/ultraedit_full/edit_defended/danp/ultraedit_danp/woman_01__p1.png,main_table/images/ultraedit_full/edit_preflight/ultraedit_undefended/woman_01__p1.png
danp,ip2p,ultraedit_danp,woman_01,2,Add a helmet to the person,ultraedit_undefended,0.54156,0.8243,26.835,0.27381,0.20587,0.045526,0.654902,0.54156,0.49217,0.61229,0.87297,0.77041,True,0.837,main_table/images/ultraedit_full/edit_defended/danp/ultraedit_danp/woman_01__p2.png,main_table/images/ultraedit_full/edit_preflight/ultraedit_undefended/woman_01__p2.png
danp,ip2p,ultraedit_danp,woman_01,3,Add a bowtie to the person,ultraedit_undefended,0.52271,0.82231,24.429,0.29321,0.20108,0.060055,0.803922,0.52271,0.46278,0.60856,0.91182,0.86403,False,0.837,main_table/images/ultraedit_full/edit_defended/danp/ultraedit_danp/woman_01__p3.png,main_table/images/ultraedit_full/edit_preflight/ultraedit_undefended/woman_01__p3.png
danp,ip2p,ultraedit_danp,woman_02,0,Add sunglasses to the person,ultraedit_undefended,0.55804,0.67882,23.25,0.25573,0.19878,0.068786,0.741176,0.55804,0.4736,0.67016,0.88935,0.91836,False,0.837,main_table/images/ultraedit_full/edit_defended/danp/ultraedit_danp/woman_02__p0.png,main_table/images/ultraedit_full/edit_preflight/ultraedit_undefended/woman_02__p0.png
danp,ip2p,ultraedit_danp,woman_02,1,Add a police suit to the person,ultraedit_undefended,0.53633,0.70894,23.481,0.25692,0.21066,0.066979,0.937255,0.53633,0.44238,0.66108,0.90038,0.86263,False,0.837,main_table/images/ultraedit_full/edit_defended/danp/ultraedit_danp/woman_02__p1.png,main_table/images/ultraedit_full/edit_preflight/ultraedit_undefended/woman_02__p1.png
danp,ip2p,ultraedit_danp,woman_02,2,Add a helmet to the person,ultraedit_undefended,0.56134,0.68792,23.704,0.27384,0.19128,0.065283,0.898039,0.56134,0.47567,0.67509,0.9073,0.90207,False,0.837,main_table/images/ultraedit_full/edit_defended/danp/ultraedit_danp/woman_02__p2.png,main_table/images/ultraedit_full/edit_preflight/ultraedit_undefended/woman_02__p2.png
danp,ip2p,ultraedit_danp,woman_02,3,Add a bowtie to the person,ultraedit_undefended,0.57585,0.65618,21.966,0.23476,0.21402,0.079749,0.92549,0.57585,0.49611,0.68173,0.85312,0.83963,False,0.837,main_table/images/ultraedit_full/edit_defended/danp/ultraedit_danp/woman_02__p3.png,main_table/images/ultraedit_full/edit_preflight/ultraedit_undefended/woman_02__p3.png
danp,ip2p,ultraedit_danp,woman_03,0,Add sunglasses to the person,ultraedit_undefended,0.51117,0.76948,25.245,0.24251,0.18326,0.054672,0.741176,0.51117,0.44667,0.56923,0.8902,0.86452,False,0.837,main_table/images/ultraedit_full/edit_defended/danp/ultraedit_danp/woman_03__p0.png,main_table/images/ultraedit_full/edit_preflight/ultraedit_undefended/woman_03__p0.png
danp,ip2p,ultraedit_danp,woman_03,1,Add a police suit to the person,ultraedit_undefended,0.38577,0.73575,21.079,0.19169,0.17958,0.088314,0.894118,0.38577,0.41472,0.35972,0.85881,0.80951,True,0.837,main_table/images/ultraedit_full/edit_defended/danp/ultraedit_danp/woman_03__p1.png,main_table/images/ultraedit_full/edit_preflight/ultraedit_undefended/woman_03__p1.png
danp,ip2p,ultraedit_danp,woman_03,2,Add a helmet to the person,ultraedit_undefended,0.5099,0.78725,24.157,0.25152,0.19386,0.061965,0.882353,0.5099,0.45515,0.55919,0.85159,0.88052,False,0.837,main_table/images/ultraedit_full/edit_defended/danp/ultraedit_danp/woman_03__p2.png,main_table/images/ultraedit_full/edit_preflight/ultraedit_undefended/woman_03__p2.png
danp,ip2p,ultraedit_danp,woman_03,3,Add a bowtie to the person,ultraedit_undefended,0.42367,0.82764,25.198,0.24492,0.17942,0.054967,0.843137,0.42367,0.34858,0.49126,0.94102,0.91368,False,0.837,main_table/images/ultraedit_full/edit_defended/danp/ultraedit_danp/woman_03__p3.png,main_table/images/ultraedit_full/edit_preflight/ultraedit_undefended/woman_03__p3.png
sifm,ip2p,ultraedit_sifm,man_00,0,Add sunglasses to the person,ultraedit_undefended,0.47485,0.87326,28.591,0.27847,0.16506,0.037192,0.686275,0.47485,0.43211,0.52322,0.90656,0.91845,False,0.837,main_table/images/ultraedit_full/edit_defended/sifm/ultraedit_sifm/man_00__p0.png,main_table/images/ultraedit_full/edit_preflight/ultraedit_undefended/man_00__p0.png
sifm,ip2p,ultraedit_sifm,man_00,1,Add a police suit to the person,ultraedit_undefended,0.491,0.87629,28.716,0.29108,0.14913,0.03666,0.945098,0.491,0.45902,0.52719,0.9208,0.91966,False,0.837,main_table/images/ultraedit_full/edit_defended/sifm/ultraedit_sifm/man_00__p1.png,main_table/images/ultraedit_full/edit_preflight/ultraedit_undefended/man_00__p1.png
sifm,ip2p,ultraedit_sifm,man_00,2,Add a helmet to the person,ultraedit_undefended,0.47527,0.85298,25.704,0.25512,0.17395,0.051854,0.682353,0.47527,0.4363,0.51936,0.84031,0.82423,True,0.837,main_table/images/ultraedit_full/edit_defended/sifm/ultraedit_sifm/man_00__p2.png,main_table/images/ultraedit_full/edit_preflight/ultraedit_undefended/man_00__p2.png
sifm,ip2p,ultraedit_sifm,man_00,3,Add a bowtie to the person,ultraedit_undefended,0.49326,0.87629,26.685,0.29376,0.16754,0.046318,0.823529,0.49326,0.46366,0.52675,0.91243,0.91311,False,0.837,main_table/images/ultraedit_full/edit_defended/sifm/ultraedit_sifm/man_00__p3.png,main_table/images/ultraedit_full/edit_preflight/ultraedit_undefended/man_00__p3.png
sifm,ip2p,ultraedit_sifm,man_01,0,Add sunglasses to the person,ultraedit_undefended,0.51402,0.83646,26.781,0.2821,0.19942,0.045809,0.47451,0.51402,0.46868,0.58758,0.84244,0.87125,False,0.837,main_table/images/ultraedit_full/edit_defended/sifm/ultraedit_sifm/man_01__p0.png,main_table/images/ultraedit_full/edit_preflight/ultraedit_undefended/man_01__p0.png
sifm,ip2p,ultraedit_sifm,man_01,1,Add a police suit to the person,ultraedit_undefended,0.50039,0.80508,26.303,0.27248,0.18651,0.048398,0.556863,0.50039,0.4478,0.58573,0.86541,0.86631,False,0.837,main_table/images/ultraedit_full/edit_defended/sifm/ultraedit_sifm/man_01__p1.png,main_table/images/ultraedit_full/edit_preflight/ultraedit_undefended/man_01__p1.png
sifm,ip2p,ultraedit_sifm,man_01,2,Add a helmet to the person,ultraedit_undefended,0.52654,0.84501,25.955,0.29615,0.2121,0.05038,0.733333,0.52654,0.4907,0.58469,0.82241,0.81906,True,0.837,main_table/images/ultraedit_full/edit_defended/sifm/ultraedit_sifm/man_01__p2.png,main_table/images/ultraedit_full/edit_preflight/ultraedit_undefended/man_01__p2.png
sifm,ip2p,ultraedit_sifm,man_01,3,Add a bowtie to the person,ultraedit_undefended,0.5538,0.79256,25.122,0.27285,0.1945,0.055447,0.643137,0.5538,0.5313,0.59029,0.84215,0.79871,True,0.837,main_table/images/ultraedit_full/edit_defended/sifm/ultraedit_sifm/man_01__p3.png,main_table/images/ultraedit_full/edit_preflight/ultraedit_undefended/man_01__p3.png
sifm,ip2p,ultraedit_sifm,man_02,0,Add sunglasses to the person,ultraedit_undefended,0.48652,0.88724,30.124,0.3921,0.13548,0.031173,0.384314,0.48652,0.36337,0.65071,0.88342,0.88065,False,0.837,main_table/images/ultraedit_full/edit_defended/sifm/ultraedit_sifm/man_02__p0.png,main_table/images/ultraedit_full/edit_preflight/ultraedit_undefended/man_02__p0.png
sifm,ip2p,ultraedit_sifm,man_02,1,Add a police suit to the person,ultraedit_undefended,0.4518,0.88206,26.562,0.35902,0.14662,0.04698,0.792157,0.4518,0.31413,0.63535,0.91573,0.83094,True,0.837,main_table/images/ultraedit_full/edit_defended/sifm/ultraedit_sifm/man_02__p1.png,main_table/images/ultraedit_full/edit_preflight/ultraedit_undefended/man_02__p1.png
sifm,ip2p,ultraedit_sifm,man_02,2,Add a helmet to the person,ultraedit_undefended,0.49468,0.86839,26.639,0.36675,0.15712,0.046566,0.85098,0.49468,0.37733,0.65115,0.81773,0.82371,True,0.837,main_table/images/ultraedit_full/edit_defended/sifm/ultraedit_sifm/man_02__p2.png,main_table/images/ultraedit_full/edit_preflight/ultraedit_undefended/man_02__p2.png
sifm,ip2p,ultraedit_sifm,man_02,3,Add a bowtie to the person,ultraedit_undefended,0.49506,0.86403,24.381,0.3543,0.15437,0.060385,0.894118,0.49506,0.37662,0.65298,0.88207,0.80748,True,0.837,main_table/images/ultraedit_full/edit_defended/sifm/ultraedit_sifm/man_02__p3.png,main_table/images/ultraedit_full/edit_preflight/ultraedit_undefended/man_02__p3.png
sifm,ip2p,ultraedit_sifm,man_03,0,Add sunglasses to the person,ultraedit_undefended,0.46149,0.88823,29.26,0.36404,0.1503,0.034435,0.666667,0.46149,0.33534,0.55551,0.80536,0.91558,False,0.837,main_table/images/ultraedit_full/edit_defended/sifm/ultraedit_sifm/man_03__p0.png,main_table/images/ultraedit_full/edit_preflight/ultraedit_undefended/man_03__p0.png
sifm,ip2p,ultraedit_sifm,man_03,1,Add a police suit to the person,ultraedit_undefended,0.45414,0.86506,26.146,0.31796,0.15333,0.049283,0.737255,0.45414,0.32006,0.55407,0.84376,0.91672,False,0.837,main_table/images/ultraedit_full/edit_defended/sifm/ultraedit_sifm/man_03__p1.png,main_table/images/ultraedit_full/edit_preflight/ultraedit_undefended/man_03__p1.png
sifm,ip2p,ultraedit_sifm,man_03,2,Add a helmet to the person,ultraedit_undefended,0.46285,0.88369,27.044,0.35426,0.16774,0.044442,0.858824,0.46285,0.34537,0.5504,0.79321,0.90261,False,0.837,main_table/images/ultraedit_full/edit_defended/sifm/ultraedit_sifm/man_03__p2.png,main_table/images/ultraedit_full/edit_preflight/ultraedit_undefended/man_03__p2.png
sifm,ip2p,ultraedit_sifm,man_03,3,Add a bowtie to the person,ultraedit_undefended,0.48274,0.86555,24.762,0.32203,0.16667,0.057797,0.972549,0.48274,0.38937,0.55232,0.82678,0.90081,False,0.837,main_table/images/ultraedit_full/edit_defended/sifm/ultraedit_sifm/man_03__p3.png,main_table/images/ultraedit_full/edit_preflight/ultraedit_undefended/man_03__p3.png
sifm,ip2p,ultraedit_sifm,woman_00,0,Add sunglasses to the person,ultraedit_undefended,0.42739,0.84915,25.81,0.32132,0.12048,0.051225,0.886275,0.42739,0.28209,0.56488,0.86897,0.9262,False,0.837,main_table/images/ultraedit_full/edit_defended/sifm/ultraedit_sifm/woman_00__p0.png,main_table/images/ultraedit_full/edit_preflight/ultraedit_undefended/woman_00__p0.png
sifm,ip2p,ultraedit_sifm,woman_00,1,Add a police suit to the person,ultraedit_undefended,0.49521,0.77096,21.303,0.24452,0.21398,0.086074,0.882353,0.49521,0.36279,0.6205,0.8379,0.79191,True,0.837,main_table/images/ultraedit_full/edit_defended/sifm/ultraedit_sifm/woman_00__p1.png,main_table/images/ultraedit_full/edit_preflight/ultraedit_undefended/woman_00__p1.png
sifm,ip2p,ultraedit_sifm,woman_00,2,Add a helmet to the person,ultraedit_undefended,0.47778,0.81215,21.395,0.29777,0.17045,0.085158,0.941176,0.47778,0.30317,0.64298,0.76587,0.75737,True,0.837,main_table/images/ultraedit_full/edit_defended/sifm/ultraedit_sifm/woman_00__p2.png,main_table/images/ultraedit_full/edit_preflight/ultraedit_undefended/woman_00__p2.png
sifm,ip2p,ultraedit_sifm,woman_00,3,Add a bowtie to the person,ultraedit_undefended,0.42948,0.84817,25.775,0.33333,0.11794,0.051431,0.768627,0.42948,0.28713,0.56417,0.90879,0.92868,False,0.837,main_table/images/ultraedit_full/edit_defended/sifm/ultraedit_sifm/woman_00__p3.png,main_table/images/ultraedit_full/edit_preflight/ultraedit_undefended/woman_00__p3.png
sifm,ip2p,ultraedit_sifm,woman_01,0,Add sunglasses to the person,ultraedit_undefended,0.50507,0.85399,26.983,0.3014,0.19481,0.044754,0.658824,0.50507,0.43308,0.60818,0.75521,0.87529,False,0.837,main_table/images/ultraedit_full/edit_defended/sifm/ultraedit_sifm/woman_01__p0.png,main_table/images/ultraedit_full/edit_preflight/ultraedit_undefended/woman_01__p0.png
sifm,ip2p,ultraedit_sifm,woman_01,1,Add a police suit to the person,ultraedit_undefended,0.50722,0.85412,27.839,0.30945,0.19501,0.040554,0.682353,0.50722,0.44863,0.59113,0.8255,0.88744,False,0.837,main_table/images/ultraedit_full/edit_defended/sifm/ultraedit_sifm/woman_01__p1.png,main_table/images/ultraedit_full/edit_preflight/ultraedit_undefended/woman_01__p1.png
sifm,ip2p,ultraedit_sifm,woman_01,2,Add a helmet to the person,ultraedit_undefended,0.51856,0.85403,27.659,0.30458,0.20296,0.041406,0.654902,0.51856,0.46207,0.59946,0.79639,0.72038,True,0.837,main_table/images/ultraedit_full/edit_defended/sifm/ultraedit_sifm/woman_01__p2.png,main_table/images/ultraedit_full/edit_preflight/ultraedit_undefended/woman_01__p2.png
sifm,ip2p,ultraedit_sifm,woman_01,3,Add a bowtie to the person,ultraedit_undefended,0.517,0.83755,24.339,0.31398,0.18804,0.060681,0.788235,0.517,0.45133,0.61105,0.82216,0.84837,False,0.837,main_table/images/ultraedit_full/edit_defended/sifm/ultraedit_sifm/woman_01__p3.png,main_table/images/ultraedit_full/edit_preflight/ultraedit_undefended/woman_01__p3.png
sifm,ip2p,ultraedit_sifm,woman_02,0,Add sunglasses to the person,ultraedit_undefended,0.55074,0.68481,23.083,0.26513,0.19094,0.070123,0.792157,0.55074,0.46649,0.66261,0.85823,0.91345,False,0.837,main_table/images/ultraedit_full/edit_defended/sifm/ultraedit_sifm/woman_02__p0.png,main_table/images/ultraedit_full/edit_preflight/ultraedit_undefended/woman_02__p0.png
sifm,ip2p,ultraedit_sifm,woman_02,1,Add a police suit to the person,ultraedit_undefended,0.53895,0.69657,22.273,0.25355,0.23003,0.076976,0.952941,0.53895,0.47128,0.62879,0.85048,0.81136,True,0.837,main_table/images/ultraedit_full/edit_defended/sifm/ultraedit_sifm/woman_02__p1.png,main_table/images/ultraedit_full/edit_preflight/ultraedit_undefended/woman_02__p1.png
sifm,ip2p,ultraedit_sifm,woman_02,2,Add a helmet to the person,ultraedit_undefended,0.54865,0.6991,23.82,0.28641,0.18425,0.064416,0.933333,0.54865,0.46236,0.66322,0.88363,0.90891,False,0.837,main_table/images/ultraedit_full/edit_defended/sifm/ultraedit_sifm/woman_02__p2.png,main_table/images/ultraedit_full/edit_preflight/ultraedit_undefended/woman_02__p2.png
sifm,ip2p,ultraedit_sifm,woman_02,3,Add a bowtie to the person,ultraedit_undefended,0.56262,0.67085,21.799,0.24039,0.21568,0.081291,0.921569,0.56262,0.47995,0.67239,0.8086,0.80645,True,0.837,main_table/images/ultraedit_full/edit_defended/sifm/ultraedit_sifm/woman_02__p3.png,main_table/images/ultraedit_full/edit_preflight/ultraedit_undefended/woman_02__p3.png
sifm,ip2p,ultraedit_sifm,woman_03,0,Add sunglasses to the person,ultraedit_undefended,0.4969,0.78161,25.058,0.2443,0.17222,0.055858,0.733333,0.4969,0.4401,0.54802,0.86502,0.87068,False,0.837,main_table/images/ultraedit_full/edit_defended/sifm/ultraedit_sifm/woman_03__p0.png,main_table/images/ultraedit_full/edit_preflight/ultraedit_undefended/woman_03__p0.png
sifm,ip2p,ultraedit_sifm,woman_03,1,Add a police suit to the person,ultraedit_undefended,0.4568,0.80373,24.033,0.24025,0.19584,0.062859,0.823529,0.4568,0.39975,0.50815,0.87335,0.83641,True,0.837,main_table/images/ultraedit_full/edit_defended/sifm/ultraedit_sifm/woman_03__p1.png,main_table/images/ultraedit_full/edit_preflight/ultraedit_undefended/woman_03__p1.png
sifm,ip2p,ultraedit_sifm,woman_03,2,Add a helmet to the person,ultraedit_undefended,0.49441,0.78883,23.312,0.25033,0.18295,0.0683,0.894118,0.49441,0.43683,0.54624,0.7341,0.81855,True,0.837,main_table/images/ultraedit_full/edit_defended/sifm/ultraedit_sifm/woman_03__p2.png,main_table/images/ultraedit_full/edit_preflight/ultraedit_undefended/woman_03__p2.png
sifm,ip2p,ultraedit_sifm,woman_03,3,Add a bowtie to the person,ultraedit_undefended,0.49209,0.78456,23.072,0.22043,0.16579,0.070209,0.862745,0.49209,0.43864,0.5402,0.86096,0.85345,False,0.837,main_table/images/ultraedit_full/edit_defended/sifm/ultraedit_sifm/woman_03__p3.png,main_table/images/ultraedit_full/edit_preflight/ultraedit_undefended/woman_03__p3.png
dayn,ip2p,ultraedit_dayn,man_00,0,Add sunglasses to the person,ultraedit_undefended,0.42148,0.893,29.263,0.29109,0.17277,0.034421,0.658823,0.42148,0.38033,0.46803,0.94945,0.93484,False,0.837,main_table/images/ultraedit_full/edit_defended/dayn/ultraedit_dayn/man_00__p0.png,main_table/images/ultraedit_full/edit_preflight/ultraedit_undefended/man_00__p0.png
dayn,ip2p,ultraedit_dayn,man_00,1,Add a police suit to the person,ultraedit_undefended,0.42716,0.8947,29.344,0.30675,0.16053,0.034101,0.956863,0.42716,0.39082,0.46827,0.9563,0.93892,False,0.837,main_table/images/ultraedit_full/edit_defended/dayn/ultraedit_dayn/man_00__p1.png,main_table/images/ultraedit_full/edit_preflight/ultraedit_undefended/man_00__p1.png
dayn,ip2p,ultraedit_dayn,man_00,2,Add a helmet to the person,ultraedit_undefended,0.43089,0.8639,26.036,0.26468,0.16701,0.049914,0.772549,0.43089,0.40417,0.46113,0.86314,0.84642,False,0.837,main_table/images/ultraedit_full/edit_defended/dayn/ultraedit_dayn/man_00__p2.png,main_table/images/ultraedit_full/edit_preflight/ultraedit_undefended/man_00__p2.png
dayn,ip2p,ultraedit_dayn,man_00,3,Add a bowtie to the person,ultraedit_undefended,0.42817,0.89781,29.04,0.3165,0.16482,0.03532,0.835294,0.42817,0.38951,0.4719,0.95049,0.92116,False,0.837,main_table/images/ultraedit_full/edit_defended/dayn/ultraedit_dayn/man_00__p3.png,main_table/images/ultraedit_full/edit_preflight/ultraedit_undefended/man_00__p3.png
dayn,ip2p,ultraedit_dayn,man_01,0,Add sunglasses to the person,ultraedit_undefended,0.48484,0.85084,26.661,0.29514,0.18206,0.046448,0.45098,0.48484,0.43207,0.57046,0.86421,0.86635,False,0.837,main_table/images/ultraedit_full/edit_defended/dayn/ultraedit_dayn/man_01__p0.png,main_table/images/ultraedit_full/edit_preflight/ultraedit_undefended/man_01__p0.png
dayn,ip2p,ultraedit_dayn,man_01,1,Add a police suit to the person,ultraedit_undefended,0.485,0.81828,26.219,0.27078,0.16828,0.048869,0.470588,0.485,0.43047,0.57349,0.89728,0.88503,False,0.837,main_table/images/ultraedit_full/edit_defended/dayn/ultraedit_dayn/man_01__p1.png,main_table/images/ultraedit_full/edit_preflight/ultraedit_undefended/man_01__p1.png
dayn,ip2p,ultraedit_dayn,man_01,2,Add a helmet to the person,ultraedit_undefended,0.4947,0.86185,25.994,0.30665,0.18426,0.050154,0.772549,0.4947,0.45083,0.56586,0.85557,0.86209,False,0.837,main_table/images/ultraedit_full/edit_defended/dayn/ultraedit_dayn/man_01__p2.png,main_table/images/ultraedit_full/edit_preflight/ultraedit_undefended/man_01__p2.png
dayn,ip2p,ultraedit_dayn,man_01,3,Add a bowtie to the person,ultraedit_undefended,0.51599,0.81283,25.883,0.27531,0.17978,0.050795,0.643137,0.51599,0.48286,0.56975,0.89344,0.8455,False,0.837,main_table/images/ultraedit_full/edit_defended/dayn/ultraedit_dayn/man_01__p3.png,main_table/images/ultraedit_full/edit_preflight/ultraedit_undefended/man_01__p3.png
dayn,ip2p,ultraedit_dayn,man_02,0,Add sunglasses to the person,ultraedit_undefended,0.47013,0.89825,29.206,0.37852,0.15624,0.03465,0.647059,0.47013,0.37754,0.59359,0.89453,0.87984,False,0.837,main_table/images/ultraedit_full/edit_defended/dayn/ultraedit_dayn/man_02__p0.png,main_table/images/ultraedit_full/edit_preflight/ultraedit_undefended/man_02__p0.png
dayn,ip2p,ultraedit_dayn,man_02,1,Add a police suit to the person,ultraedit_undefended,0.43764,0.89486,26.877,0.37371,0.13865,0.045305,0.784314,0.43764,0.33526,0.57415,0.92512,0.83303,True,0.837,main_table/images/ultraedit_full/edit_defended/dayn/ultraedit_dayn/man_02__p1.png,main_table/images/ultraedit_full/edit_preflight/ultraedit_undefended/man_02__p1.png
dayn,ip2p,ultraedit_dayn,man_02,2,Add a helmet to the person,ultraedit_undefended,0.47664,0.88111,26.102,0.36253,0.17807,0.049534,0.878431,0.47664,0.38457,0.5994,0.87494,0.8421,False,0.837,main_table/images/ultraedit_full/edit_defended/dayn/ultraedit_dayn/man_02__p2.png,main_table/images/ultraedit_full/edit_preflight/ultraedit_undefended/man_02__p2.png
dayn,ip2p,ultraedit_dayn,man_02,3,Add a bowtie to the person,ultraedit_undefended,0.47446,0.88074,25.241,0.35515,0.17346,0.054696,0.933333,0.47446,0.38478,0.59403,0.91999,0.88231,False,0.837,main_table/images/ultraedit_full/edit_defended/dayn/ultraedit_dayn/man_02__p3.png,main_table/images/ultraedit_full/edit_preflight/ultraedit_undefended/man_02__p3.png
dayn,ip2p,ultraedit_dayn,man_03,0,Add sunglasses to the person,ultraedit_undefended,0.43762,0.90194,29.683,0.36309,0.13674,0.032799,0.627451,0.43762,0.32752,0.51968,0.85597,0.92751,False,0.837,main_table/images/ultraedit_full/edit_defended/dayn/ultraedit_dayn/man_03__p0.png,main_table/images/ultraedit_full/edit_preflight/ultraedit_undefended/man_03__p0.png
dayn,ip2p,ultraedit_dayn,man_03,1,Add a police suit to the person,ultraedit_undefended,0.41148,0.89588,27.289,0.34403,0.13692,0.043209,0.6,0.41148,0.27615,0.51233,0.91022,0.93483,False,0.837,main_table/images/ultraedit_full/edit_defended/dayn/ultraedit_dayn/man_03__p1.png,main_table/images/ultraedit_full/edit_preflight/ultraedit_undefended/man_03__p1.png
dayn,ip2p,ultraedit_dayn,man_03,2,Add a helmet to the person,ultraedit_undefended,0.43643,0.89934,28.317,0.35217,0.14519,0.038382,0.843137,0.43643,0.33458,0.51233,0.85652,0.92831,False,0.837,main_table/images/ultraedit_full/edit_defended/dayn/ultraedit_dayn/man_03__p2.png,main_table/images/ultraedit_full/edit_preflight/ultraedit_undefended/man_03__p2.png
dayn,ip2p,ultraedit_dayn,man_03,3,Add a bowtie to the person,ultraedit_undefended,0.4493,0.88283,25.209,0.32833,0.14829,0.054897,0.92549,0.4493,0.35988,0.51595,0.89167,0.92507,False,0.837,main_table/images/ultraedit_full/edit_defended/dayn/ultraedit_dayn/man_03__p3.png,main_table/images/ultraedit_full/edit_preflight/ultraedit_undefended/man_03__p3.png
dayn,ip2p,ultraedit_dayn,woman_00,0,Add sunglasses to the person,ultraedit_undefended,0.39105,0.87121,26.494,0.34973,0.12234,0.04735,0.772549,0.39105,0.27179,0.50388,0.8875,0.91147,False,0.837,main_table/images/ultraedit_full/edit_defended/dayn/ultraedit_dayn/woman_00__p0.png,main_table/images/ultraedit_full/edit_preflight/ultraedit_undefended/woman_00__p0.png
dayn,ip2p,ultraedit_dayn,woman_00,1,Add a police suit to the person,ultraedit_undefended,0.41827,0.81859,22.014,0.28817,0.20625,0.079303,0.862745,0.41827,0.28605,0.54338,0.81819,0.78935,True,0.837,main_table/images/ultraedit_full/edit_defended/dayn/ultraedit_dayn/woman_00__p1.png,main_table/images/ultraedit_full/edit_preflight/ultraedit_undefended/woman_00__p1.png
dayn,ip2p,ultraedit_dayn,woman_00,2,Add a helmet to the person,ultraedit_undefended,0.43273,0.83016,21.417,0.31538,0.17049,0.084944,0.913725,0.43273,0.27391,0.583,0.7575,0.74398,True,0.837,main_table/images/ultraedit_full/edit_defended/dayn/ultraedit_dayn/woman_00__p2.png,main_table/images/ultraedit_full/edit_preflight/ultraedit_undefended/woman_00__p2.png
dayn,ip2p,ultraedit_dayn,woman_00,3,Add a bowtie to the person,ultraedit_undefended,0.39059,0.86779,25.98,0.36168,0.12244,0.050236,0.654902,0.39059,0.2746,0.50033,0.90709,0.93022,False,0.837,main_table/images/ultraedit_full/edit_defended/dayn/ultraedit_dayn/woman_00__p3.png,main_table/images/ultraedit_full/edit_preflight/ultraedit_undefended/woman_00__p3.png
dayn,ip2p,ultraedit_dayn,woman_01,0,Add sunglasses to the person,ultraedit_undefended,0.4766,0.87281,27.2,0.31501,0.18544,0.043654,0.760784,0.4766,0.40955,0.57262,0.7504,0.86758,False,0.837,main_table/images/ultraedit_full/edit_defended/dayn/ultraedit_dayn/woman_01__p0.png,main_table/images/ultraedit_full/edit_preflight/ultraedit_undefended/woman_01__p0.png
dayn,ip2p,ultraedit_dayn,woman_01,1,Add a police suit to the person,ultraedit_undefended,0.46548,0.8817,28.834,0.33618,0.18333,0.036164,0.556863,0.46548,0.40855,0.54702,0.81189,0.90535,False,0.837,main_table/images/ultraedit_full/edit_defended/dayn/ultraedit_dayn/woman_01__p1.png,main_table/images/ultraedit_full/edit_preflight/ultraedit_undefended/woman_01__p1.png
dayn,ip2p,ultraedit_dayn,woman_01,2,Add a helmet to the person,ultraedit_undefended,0.48727,0.86601,27.76,0.31253,0.19263,0.040927,0.619608,0.48727,0.42779,0.57244,0.7686,0.79305,True,0.837,main_table/images/ultraedit_full/edit_defended/dayn/ultraedit_dayn/woman_01__p2.png,main_table/images/ultraedit_full/edit_preflight/ultraedit_undefended/woman_01__p2.png
dayn,ip2p,ultraedit_dayn,woman_01,3,Add a bowtie to the person,ultraedit_undefended,0.48156,0.86164,25.234,0.3313,0.17151,0.05474,0.772549,0.48156,0.41636,0.57494,0.87199,0.85638,False,0.837,main_table/images/ultraedit_full/edit_defended/dayn/ultraedit_dayn/woman_01__p3.png,main_table/images/ultraedit_full/edit_preflight/ultraedit_undefended/woman_01__p3.png
dayn,ip2p,ultraedit_dayn,woman_02,0,Add sunglasses to the person,ultraedit_undefended,0.51707,0.7074,23.57,0.2813,0.19456,0.066301,0.690196,0.51707,0.43676,0.62372,0.89027,0.90819,False,0.837,main_table/images/ultraedit_full/edit_defended/dayn/ultraedit_dayn/woman_02__p0.png,main_table/images/ultraedit_full/edit_preflight/ultraedit_undefended/woman_02__p0.png
dayn,ip2p,ultraedit_dayn,woman_02,1,Add a police suit to the person,ultraedit_undefended,0.51202,0.72647,22.486,0.26632,0.21879,0.075108,0.94902,0.51202,0.45312,0.59022,0.8494,0.79825,True,0.837,main_table/images/ultraedit_full/edit_defended/dayn/ultraedit_dayn/woman_02__p1.png,main_table/images/ultraedit_full/edit_preflight/ultraedit_undefended/woman_02__p1.png
dayn,ip2p,ultraedit_dayn,woman_02,2,Add a helmet to the person,ultraedit_undefended,0.51508,0.71491,23.419,0.29399,0.18569,0.067459,0.929412,0.51508,0.43508,0.62132,0.90503,0.89762,False,0.837,main_table/images/ultraedit_full/edit_defended/dayn/ultraedit_dayn/woman_02__p2.png,main_table/images/ultraedit_full/edit_preflight/ultraedit_undefended/woman_02__p2.png
dayn,ip2p,ultraedit_dayn,woman_02,3,Add a bowtie to the person,ultraedit_undefended,0.52666,0.69109,22.084,0.2573,0.19934,0.078672,0.921569,0.52666,0.45296,0.62451,0.85873,0.81079,True,0.837,main_table/images/ultraedit_full/edit_defended/dayn/ultraedit_dayn/woman_02__p3.png,main_table/images/ultraedit_full/edit_preflight/ultraedit_undefended/woman_02__p3.png
dayn,ip2p,ultraedit_dayn,woman_03,0,Add sunglasses to the person,ultraedit_undefended,0.47283,0.80443,25.118,0.2657,0.18477,0.055476,0.705882,0.47283,0.41931,0.521,0.8778,0.83671,True,0.837,main_table/images/ultraedit_full/edit_defended/dayn/ultraedit_dayn/woman_03__p0.png,main_table/images/ultraedit_full/edit_preflight/ultraedit_undefended/woman_03__p0.png
dayn,ip2p,ultraedit_dayn,woman_03,1,Add a police suit to the person,ultraedit_undefended,0.43924,0.81841,24.39,0.26553,0.19095,0.060324,0.819608,0.43924,0.37735,0.49494,0.89618,0.84458,False,0.837,main_table/images/ultraedit_full/edit_defended/dayn/ultraedit_dayn/woman_03__p1.png,main_table/images/ultraedit_full/edit_preflight/ultraedit_undefended/woman_03__p1.png
dayn,ip2p,ultraedit_dayn,woman_03,2,Add a helmet to the person,ultraedit_undefended,0.4734,0.81213,23.592,0.26987,0.20151,0.066132,0.901961,0.4734,0.41621,0.52488,0.74621,0.83575,True,0.837,main_table/images/ultraedit_full/edit_defended/dayn/ultraedit_dayn/woman_03__p2.png,main_table/images/ultraedit_full/edit_preflight/ultraedit_undefended/woman_03__p2.png
dayn,ip2p,ultraedit_dayn,woman_03,3,Add a bowtie to the person,ultraedit_undefended,0.47335,0.81195,23.874,0.24623,0.1822,0.064016,0.858824,0.47335,0.4167,0.52435,0.8854,0.79818,True,0.837,main_table/images/ultraedit_full/edit_defended/dayn/ultraedit_dayn/woman_03__p3.png,main_table/images/ultraedit_full/edit_preflight/ultraedit_undefended/woman_03__p3.png
dia_pt,ip2p,ultraedit_dia_pt,man_00,0,Add sunglasses to the person,ultraedit_undefended,0.42249,0.92561,29.23,0.34969,0.12951,0.034552,0.709804,0.42249,0.38113,0.46928,0.97592,0.93662,False,0.837,main_table/images/ultraedit_full/edit_defended/dia_pt/ultraedit_dia_pt/man_00__p0.png,main_table/images/ultraedit_full/edit_preflight/ultraedit_undefended/man_00__p0.png
dia_pt,ip2p,ultraedit_dia_pt,man_00,1,Add a police suit to the person,ultraedit_undefended,0.43126,0.93765,30.341,0.3855,0.11657,0.030405,0.972549,0.43126,0.3938,0.47363,0.97605,0.94512,False,0.837,main_table/images/ultraedit_full/edit_defended/dia_pt/ultraedit_dia_pt/man_00__p1.png,main_table/images/ultraedit_full/edit_preflight/ultraedit_undefended/man_00__p1.png
dia_pt,ip2p,ultraedit_dia_pt,man_00,2,Add a helmet to the person,ultraedit_undefended,0.43744,0.88599,25.491,0.30264,0.1568,0.053143,0.721569,0.43744,0.40931,0.46927,0.85109,0.87521,False,0.837,main_table/images/ultraedit_full/edit_defended/dia_pt/ultraedit_dia_pt/man_00__p2.png,main_table/images/ultraedit_full/edit_preflight/ultraedit_undefended/man_00__p2.png
dia_pt,ip2p,ultraedit_dia_pt,man_00,3,Add a bowtie to the person,ultraedit_undefended,0.43032,0.94157,28.986,0.39924,0.11447,0.035537,0.815686,0.43032,0.39199,0.47368,0.97331,0.94007,False,0.837,main_table/images/ultraedit_full/edit_defended/dia_pt/ultraedit_dia_pt/man_00__p3.png,main_table/images/ultraedit_full/edit_preflight/ultraedit_undefended/man_00__p3.png
dia_pt,ip2p,ultraedit_dia_pt,man_01,0,Add sunglasses to the person,ultraedit_undefended,0.44063,0.90918,27.684,0.38667,0.1324,0.041284,0.6,0.44063,0.37483,0.5474,0.9174,0.87502,False,0.837,main_table/images/ultraedit_full/edit_defended/dia_pt/ultraedit_dia_pt/man_01__p0.png,main_table/images/ultraedit_full/edit_preflight/ultraedit_undefended/man_01__p0.png
dia_pt,ip2p,ultraedit_dia_pt,man_01,1,Add a police suit to the person,ultraedit_undefended,0.43573,0.86115,27.109,0.34407,0.13176,0.044112,0.52549,0.43573,0.36182,0.55565,0.94428,0.91709,False,0.837,main_table/images/ultraedit_full/edit_defended/dia_pt/ultraedit_dia_pt/man_01__p1.png,main_table/images/ultraedit_full/edit_preflight/ultraedit_undefended/man_01__p1.png
dia_pt,ip2p,ultraedit_dia_pt,man_01,2,Add a helmet to the person,ultraedit_undefended,0.45321,0.91607,26.946,0.40337,0.14345,0.044948,0.811765,0.45321,0.40097,0.53796,0.93542,0.85834,False,0.837,main_table/images/ultraedit_full/edit_defended/dia_pt/ultraedit_dia_pt/man_01__p2.png,main_table/images/ultraedit_full/edit_preflight/ultraedit_undefended/man_01__p2.png
dia_pt,ip2p,ultraedit_dia_pt,man_01,3,Add a bowtie to the person,ultraedit_undefended,0.49461,0.85001,25.616,0.35561,0.1462,0.052382,0.678431,0.49461,0.46164,0.54812,0.93758,0.84954,False,0.837,main_table/images/ultraedit_full/edit_defended/dia_pt/ultraedit_dia_pt/man_01__p3.png,main_table/images/ultraedit_full/edit_preflight/ultraedit_undefended/man_01__p3.png
dia_pt,ip2p,ultraedit_dia_pt,man_02,0,Add sunglasses to the person,ultraedit_undefended,0.37674,0.95307,33.08,0.52352,0.10188,0.022182,0.513726,0.37674,0.26429,0.52667,0.93927,0.94033,False,0.837,main_table/images/ultraedit_full/edit_defended/dia_pt/ultraedit_dia_pt/man_02__p0.png,main_table/images/ultraedit_full/edit_preflight/ultraedit_undefended/man_02__p0.png
dia_pt,ip2p,ultraedit_dia_pt,man_02,1,Add a police suit to the person,ultraedit_undefended,0.36873,0.93892,28.739,0.48338,0.11714,0.036563,0.713725,0.36873,0.25362,0.52221,0.94542,0.89533,False,0.837,main_table/images/ultraedit_full/edit_defended/dia_pt/ultraedit_dia_pt/man_02__p1.png,main_table/images/ultraedit_full/edit_preflight/ultraedit_undefended/man_02__p1.png
dia_pt,ip2p,ultraedit_dia_pt,man_02,2,Add a helmet to the person,ultraedit_undefended,0.39396,0.9397,28.708,0.49968,0.12545,0.036695,0.913725,0.39396,0.28727,0.53622,0.90821,0.86679,False,0.837,main_table/images/ultraedit_full/edit_defended/dia_pt/ultraedit_dia_pt/man_02__p2.png,main_table/images/ultraedit_full/edit_preflight/ultraedit_undefended/man_02__p2.png
dia_pt,ip2p,ultraedit_dia_pt,man_02,3,Add a bowtie to the person,ultraedit_undefended,0.40013,0.92723,26.22,0.47064,0.12274,0.048864,0.913725,0.40013,0.29535,0.53983,0.9554,0.93043,False,0.837,main_table/images/ultraedit_full/edit_defended/dia_pt/ultraedit_dia_pt/man_02__p3.png,main_table/images/ultraedit_full/edit_preflight/ultraedit_undefended/man_02__p3.png
dia_pt,ip2p,ultraedit_dia_pt,man_03,0,Add sunglasses to the person,ultraedit_undefended,0.39413,0.94386,30.116,0.45587,0.09827,0.031203,0.631373,0.39413,0.2562,0.49692,0.90642,0.94782,False,0.837,main_table/images/ultraedit_full/edit_defended/dia_pt/ultraedit_dia_pt/man_03__p0.png,main_table/images/ultraedit_full/edit_preflight/ultraedit_undefended/man_03__p0.png
dia_pt,ip2p,ultraedit_dia_pt,man_03,1,Add a police suit to the person,ultraedit_undefended,0.38778,0.92091,27.436,0.40796,0.1169,0.042484,0.733333,0.38778,0.24094,0.4972,0.92469,0.95394,False,0.837,main_table/images/ultraedit_full/edit_defended/dia_pt/ultraedit_dia_pt/man_03__p1.png,main_table/images/ultraedit_full/edit_preflight/ultraedit_undefended/man_03__p1.png
dia_pt,ip2p,ultraedit_dia_pt,man_03,2,Add a helmet to the person,ultraedit_undefended,0.39568,0.94317,28.511,0.45255,0.11024,0.037535,0.909804,0.39568,0.26431,0.49358,0.89792,0.95774,False,0.837,main_table/images/ultraedit_full/edit_defended/dia_pt/ultraedit_dia_pt/man_03__p2.png,main_table/images/ultraedit_full/edit_preflight/ultraedit_undefended/man_03__p2.png
dia_pt,ip2p,ultraedit_dia_pt,man_03,3,Add a bowtie to the person,ultraedit_undefended,0.41401,0.92571,25.545,0.41373,0.12107,0.052815,0.937255,0.41401,0.30874,0.49246,0.92241,0.94843,False,0.837,main_table/images/ultraedit_full/edit_defended/dia_pt/ultraedit_dia_pt/man_03__p3.png,main_table/images/ultraedit_full/edit_preflight/ultraedit_undefended/man_03__p3.png
dia_pt,ip2p,ultraedit_dia_pt,woman_00,0,Add sunglasses to the person,ultraedit_undefended,0.36143,0.90591,26.032,0.39808,0.10796,0.049934,0.890196,0.36143,0.23907,0.4772,0.90225,0.94053,False,0.837,main_table/images/ultraedit_full/edit_defended/dia_pt/ultraedit_dia_pt/woman_00__p0.png,main_table/images/ultraedit_full/edit_preflight/ultraedit_undefended/woman_00__p0.png
dia_pt,ip2p,ultraedit_dia_pt,woman_00,1,Add a police suit to the person,ultraedit_undefended,0.4281,0.82664,21.632,0.29216,0.19983,0.082866,0.901961,0.4281,0.3066,0.54306,0.849,0.82061,True,0.837,main_table/images/ultraedit_full/edit_defended/dia_pt/ultraedit_dia_pt/woman_00__p1.png,main_table/images/ultraedit_full/edit_preflight/ultraedit_undefended/woman_00__p1.png
dia_pt,ip2p,ultraedit_dia_pt,woman_00,2,Add a helmet to the person,ultraedit_undefended,0.40787,0.8708,21.424,0.37292,0.15989,0.084879,0.960784,0.40787,0.23568,0.57079,0.79095,0.78249,True,0.837,main_table/images/ultraedit_full/edit_defended/dia_pt/ultraedit_dia_pt/woman_00__p2.png,main_table/images/ultraedit_full/edit_preflight/ultraedit_undefended/woman_00__p2.png
dia_pt,ip2p,ultraedit_dia_pt,woman_00,3,Add a bowtie to the person,ultraedit_undefended,0.36322,0.90845,26.339,0.41672,0.11044,0.0482,0.686275,0.36322,0.24346,0.47653,0.93711,0.95687,False,0.837,main_table/images/ultraedit_full/edit_defended/dia_pt/ultraedit_dia_pt/woman_00__p3.png,main_table/images/ultraedit_full/edit_preflight/ultraedit_undefended/woman_00__p3.png
dia_pt,ip2p,ultraedit_dia_pt,woman_01,0,Add sunglasses to the person,ultraedit_undefended,0.43638,0.93056,28.475,0.42479,0.15212,0.037693,0.854902,0.43638,0.35979,0.54607,0.90147,0.93366,False,0.837,main_table/images/ultraedit_full/edit_defended/dia_pt/ultraedit_dia_pt/woman_01__p0.png,main_table/images/ultraedit_full/edit_preflight/ultraedit_undefended/woman_01__p0.png
dia_pt,ip2p,ultraedit_dia_pt,woman_01,1,Add a police suit to the person,ultraedit_undefended,0.4435,0.92424,29.336,0.41617,0.14623,0.034135,0.705882,0.4435,0.38725,0.52405,0.96493,0.94072,False,0.837,main_table/images/ultraedit_full/edit_defended/dia_pt/ultraedit_dia_pt/woman_01__p1.png,main_table/images/ultraedit_full/edit_preflight/ultraedit_undefended/woman_01__p1.png
dia_pt,ip2p,ultraedit_dia_pt,woman_01,2,Add a helmet to the person,ultraedit_undefended,0.45481,0.9269,29.412,0.41349,0.15539,0.033838,0.584314,0.45481,0.39032,0.54718,0.95229,0.86062,False,0.837,main_table/images/ultraedit_full/edit_defended/dia_pt/ultraedit_dia_pt/woman_01__p2.png,main_table/images/ultraedit_full/edit_preflight/ultraedit_undefended/woman_01__p2.png
dia_pt,ip2p,ultraedit_dia_pt,woman_01,3,Add a bowtie to the person,ultraedit_undefended,0.44582,0.91071,25.49,0.43007,0.1412,0.053149,0.737255,0.44582,0.37862,0.54205,0.94922,0.90365,False,0.837,main_table/images/ultraedit_full/edit_defended/dia_pt/ultraedit_dia_pt/woman_01__p3.png,main_table/images/ultraedit_full/edit_preflight/ultraedit_undefended/woman_01__p3.png
dia_pt,ip2p,ultraedit_dia_pt,woman_02,0,Add sunglasses to the person,ultraedit_undefended,0.47302,0.75395,24.125,0.35564,0.16738,0.062197,0.839216,0.47302,0.36911,0.611,0.92924,0.93788,False,0.837,main_table/images/ultraedit_full/edit_defended/dia_pt/ultraedit_dia_pt/woman_02__p0.png,main_table/images/ultraedit_full/edit_preflight/ultraedit_undefended/woman_02__p0.png
dia_pt,ip2p,ultraedit_dia_pt,woman_02,1,Add a police suit to the person,ultraedit_undefended,0.47444,0.74992,22.924,0.3442,0.20126,0.071415,0.952941,0.47444,0.40461,0.56716,0.9001,0.82661,True,0.837,main_table/images/ultraedit_full/edit_defended/dia_pt/ultraedit_dia_pt/woman_02__p1.png,main_table/images/ultraedit_full/edit_preflight/ultraedit_undefended/woman_02__p1.png
dia_pt,ip2p,ultraedit_dia_pt,woman_02,2,Add a helmet to the person,ultraedit_undefended,0.46928,0.7736,24.201,0.38198,0.17062,0.061649,0.921569,0.46928,0.36735,0.60462,0.94727,0.92621,False,0.837,main_table/images/ultraedit_full/edit_defended/dia_pt/ultraedit_dia_pt/woman_02__p2.png,main_table/images/ultraedit_full/edit_preflight/ultraedit_undefended/woman_02__p2.png
dia_pt,ip2p,ultraedit_dia_pt,woman_02,3,Add a bowtie to the person,ultraedit_undefended,0.49751,0.73684,21.98,0.31212,0.19092,0.079613,0.933333,0.49751,0.40161,0.62485,0.85396,0.81681,True,0.837,main_table/images/ultraedit_full/edit_defended/dia_pt/ultraedit_dia_pt/woman_02__p3.png,main_table/images/ultraedit_full/edit_preflight/ultraedit_undefended/woman_02__p3.png
dia_pt,ip2p,ultraedit_dia_pt,woman_03,0,Add sunglasses to the person,ultraedit_undefended,0.42603,0.84288,25.394,0.30534,0.14035,0.053738,0.713726,0.42603,0.37084,0.47572,0.8573,0.87938,False,0.837,main_table/images/ultraedit_full/edit_defended/dia_pt/ultraedit_dia_pt/woman_03__p0.png,main_table/images/ultraedit_full/edit_preflight/ultraedit_undefended/woman_03__p0.png
dia_pt,ip2p,ultraedit_dia_pt,woman_03,1,Add a police suit to the person,ultraedit_undefended,0.40781,0.84251,24.291,0.27962,0.15997,0.061015,0.835294,0.40781,0.32934,0.47843,0.90448,0.90539,False,0.837,main_table/images/ultraedit_full/edit_defended/dia_pt/ultraedit_dia_pt/woman_03__p1.png,main_table/images/ultraedit_full/edit_preflight/ultraedit_undefended/woman_03__p1.png
dia_pt,ip2p,ultraedit_dia_pt,woman_03,2,Add a helmet to the person,ultraedit_undefended,0.41972,0.86144,25.062,0.31768,0.14429,0.055836,0.811765,0.41972,0.35832,0.475,0.8393,0.90367,False,0.837,main_table/images/ultraedit_full/edit_defended/dia_pt/ultraedit_dia_pt/woman_03__p2.png,main_table/images/ultraedit_full/edit_preflight/ultraedit_undefended/woman_03__p2.png
dia_pt,ip2p,ultraedit_dia_pt,woman_03,3,Add a bowtie to the person,ultraedit_undefended,0.43642,0.8427,24.091,0.27198,0.13709,0.062437,0.858824,0.43642,0.38038,0.48686,0.88817,0.88198,False,0.837,main_table/images/ultraedit_full/edit_defended/dia_pt/ultraedit_dia_pt/woman_03__p3.png,main_table/images/ultraedit_full/edit_preflight/ultraedit_undefended/woman_03__p3.png
dia_r,ip2p,ultraedit_dia_r,man_00,0,Add sunglasses to the person,ultraedit_undefended,0.35274,0.94566,29.89,0.42229,0.10997,0.032025,0.819608,0.35274,0.27522,0.44045,0.98258,0.96226,False,0.837,main_table/images/ultraedit_full/edit_defended/dia_r/ultraedit_dia_r/man_00__p0.png,main_table/images/ultraedit_full/edit_preflight/ultraedit_undefended/man_00__p0.png
dia_r,ip2p,ultraedit_dia_r,man_00,1,Add a police suit to the person,ultraedit_undefended,0.35022,0.95978,31.567,0.47275,0.09516,0.026404,0.960784,0.35022,0.26771,0.44357,0.98229,0.95798,False,0.837,main_table/images/ultraedit_full/edit_defended/dia_r/ultraedit_dia_r/man_00__p1.png,main_table/images/ultraedit_full/edit_preflight/ultraedit_undefended/man_00__p1.png
dia_r,ip2p,ultraedit_dia_r,man_00,2,Add a helmet to the person,ultraedit_undefended,0.37916,0.9086,26.112,0.36042,0.1452,0.049476,0.705882,0.37916,0.32148,0.44443,0.86947,0.83933,False,0.837,main_table/images/ultraedit_full/edit_defended/dia_r/ultraedit_dia_r/man_00__p2.png,main_table/images/ultraedit_full/edit_preflight/ultraedit_undefended/man_00__p2.png
dia_r,ip2p,ultraedit_dia_r,man_00,3,Add a bowtie to the person,ultraedit_undefended,0.34793,0.96151,30.832,0.48508,0.08599,0.028734,0.835294,0.34793,0.26428,0.44257,0.979,0.95617,False,0.837,main_table/images/ultraedit_full/edit_defended/dia_r/ultraedit_dia_r/man_00__p3.png,main_table/images/ultraedit_full/edit_preflight/ultraedit_undefended/man_00__p3.png
dia_r,ip2p,ultraedit_dia_r,man_01,0,Add sunglasses to the person,ultraedit_undefended,0.37134,0.92337,27.237,0.42822,0.10771,0.043465,0.584314,0.37134,0.30168,0.48436,0.95261,0.95876,False,0.837,main_table/images/ultraedit_full/edit_defended/dia_r/ultraedit_dia_r/man_01__p0.png,main_table/images/ultraedit_full/edit_preflight/ultraedit_undefended/man_01__p0.png
dia_r,ip2p,ultraedit_dia_r,man_01,1,Add a police suit to the person,ultraedit_undefended,0.35538,0.8923,28.45,0.4091,0.10854,0.0378,0.627451,0.35538,0.2927,0.45709,0.96918,0.9695,False,0.837,main_table/images/ultraedit_full/edit_defended/dia_r/ultraedit_dia_r/man_01__p1.png,main_table/images/ultraedit_full/edit_preflight/ultraedit_undefended/man_01__p1.png
dia_r,ip2p,ultraedit_dia_r,man_01,2,Add a helmet to the person,ultraedit_undefended,0.37511,0.93918,27.193,0.4778,0.10725,0.043687,0.784314,0.37511,0.31993,0.46464,0.94201,0.92691,False,0.837,main_table/images/ultraedit_full/edit_defended/dia_r/ultraedit_dia_r/man_01__p2.png,main_table/images/ultraedit_full/edit_preflight/ultraedit_undefended/man_01__p2.png
dia_r,ip2p,ultraedit_dia_r,man_01,3,Add a bowtie to the person,ultraedit_undefended,0.42615,0.87157,25.876,0.41011,0.12234,0.050842,0.67451,0.42615,0.38875,0.48683,0.94868,0.88293,False,0.837,main_table/images/ultraedit_full/edit_defended/dia_r/ultraedit_dia_r/man_01__p3.png,main_table/images/ultraedit_full/edit_preflight/ultraedit_undefended/man_01__p3.png
dia_r,ip2p,ultraedit_dia_r,man_02,0,Add sunglasses to the person,ultraedit_undefended,0.28597,0.97266,33.933,0.63822,0.07176,0.020106,0.435294,0.28597,0.1468,0.47154,0.95979,0.97537,False,0.837,main_table/images/ultraedit_full/edit_defended/dia_r/ultraedit_dia_r/man_02__p0.png,main_table/images/ultraedit_full/edit_preflight/ultraedit_undefended/man_02__p0.png
dia_r,ip2p,ultraedit_dia_r,man_02,1,Add a police suit to the person,ultraedit_undefended,0.26944,0.96354,30.391,0.61044,0.07413,0.030229,0.713725,0.26944,0.12315,0.46448,0.97704,0.96668,False,0.837,main_table/images/ultraedit_full/edit_defended/dia_r/ultraedit_dia_r/man_02__p1.png,main_table/images/ultraedit_full/edit_preflight/ultraedit_undefended/man_02__p1.png
dia_r,ip2p,ultraedit_dia_r,man_02,2,Add a helmet to the person,ultraedit_undefended,0.2931,0.96107,28.812,0.61036,0.10261,0.036258,0.929412,0.2931,0.15357,0.47915,0.95933,0.89653,False,0.837,main_table/images/ultraedit_full/edit_defended/dia_r/ultraedit_dia_r/man_02__p2.png,main_table/images/ultraedit_full/edit_preflight/ultraedit_undefended/man_02__p2.png
dia_r,ip2p,ultraedit_dia_r,man_02,3,Add a bowtie to the person,ultraedit_undefended,0.30565,0.94537,25.539,0.56882,0.09185,0.052853,0.898039,0.30565,0.17272,0.4829,0.97593,0.9523,False,0.837,main_table/images/ultraedit_full/edit_defended/dia_r/ultraedit_dia_r/man_02__p3.png,main_table/images/ultraedit_full/edit_preflight/ultraedit_undefended/man_02__p3.png
dia_r,ip2p,ultraedit_dia_r,man_03,0,Add sunglasses to the person,ultraedit_undefended,0.34039,0.95986,30.067,0.5251,0.07324,0.031381,0.690196,0.34039,0.16407,0.4718,0.96335,0.95391,False,0.837,main_table/images/ultraedit_full/edit_defended/dia_r/ultraedit_dia_r/man_03__p0.png,main_table/images/ultraedit_full/edit_preflight/ultraedit_undefended/man_03__p0.png
dia_r,ip2p,ultraedit_dia_r,man_03,1,Add a police suit to the person,ultraedit_undefended,0.33347,0.94034,27.806,0.46596,0.08569,0.040712,0.772549,0.33347,0.15076,0.46964,0.97409,0.962,False,0.837,main_table/images/ultraedit_full/edit_defended/dia_r/ultraedit_dia_r/man_03__p1.png,main_table/images/ultraedit_full/edit_preflight/ultraedit_undefended/man_03__p1.png
dia_r,ip2p,ultraedit_dia_r,man_03,2,Add a helmet to the person,ultraedit_undefended,0.33164,0.96196,29.253,0.52954,0.08983,0.034462,0.890196,0.33164,0.14818,0.46838,0.96788,0.9544,False,0.837,main_table/images/ultraedit_full/edit_defended/dia_r/ultraedit_dia_r/man_03__p2.png,main_table/images/ultraedit_full/edit_preflight/ultraedit_undefended/man_03__p2.png
dia_r,ip2p,ultraedit_dia_r,man_03,3,Add a bowtie to the person,ultraedit_undefended,0.35888,0.93932,25.132,0.47341,0.10153,0.055389,0.968627,0.35888,0.21238,0.46806,0.97019,0.95134,False,0.837,main_table/images/ultraedit_full/edit_defended/dia_r/ultraedit_dia_r/man_03__p3.png,main_table/images/ultraedit_full/edit_preflight/ultraedit_undefended/man_03__p3.png
dia_r,ip2p,ultraedit_dia_r,woman_00,0,Add sunglasses to the person,ultraedit_undefended,0.30348,0.92667,25.851,0.4572,0.0883,0.050987,0.870588,0.30348,0.16552,0.43401,0.92877,0.94046,False,0.837,main_table/images/ultraedit_full/edit_defended/dia_r/ultraedit_dia_r/woman_00__p0.png,main_table/images/ultraedit_full/edit_preflight/ultraedit_undefended/woman_00__p0.png
dia_r,ip2p,ultraedit_dia_r,woman_00,1,Add a police suit to the person,ultraedit_undefended,0.40296,0.82126,21.177,0.30578,0.20205,0.087325,0.933333,0.40296,0.2764,0.5227,0.87931,0.81525,True,0.837,main_table/images/ultraedit_full/edit_defended/dia_r/ultraedit_dia_r/woman_00__p1.png,main_table/images/ultraedit_full/edit_preflight/ultraedit_undefended/woman_00__p1.png
dia_r,ip2p,ultraedit_dia_r,woman_00,2,Add a helmet to the person,ultraedit_undefended,0.34434,0.89298,21.714,0.44182,0.13873,0.082096,0.894118,0.34434,0.13799,0.53958,0.87316,0.78633,True,0.837,main_table/images/ultraedit_full/edit_defended/dia_r/ultraedit_dia_r/woman_00__p2.png,main_table/images/ultraedit_full/edit_preflight/ultraedit_undefended/woman_00__p2.png
dia_r,ip2p,ultraedit_dia_r,woman_00,3,Add a bowtie to the person,ultraedit_undefended,0.30499,0.92961,26.809,0.48768,0.09335,0.045662,0.772549,0.30499,0.17025,0.43247,0.93537,0.93925,False,0.837,main_table/images/ultraedit_full/edit_defended/dia_r/ultraedit_dia_r/woman_00__p3.png,main_table/images/ultraedit_full/edit_preflight/ultraedit_undefended/woman_00__p3.png
dia_r,ip2p,ultraedit_dia_r,woman_01,0,Add sunglasses to the person,ultraedit_undefended,0.38746,0.94491,28.016,0.4982,0.11334,0.039739,0.737255,0.38746,0.28786,0.53011,0.96166,0.94747,False,0.837,main_table/images/ultraedit_full/edit_defended/dia_r/ultraedit_dia_r/woman_01__p0.png,main_table/images/ultraedit_full/edit_preflight/ultraedit_undefended/woman_01__p0.png
dia_r,ip2p,ultraedit_dia_r,woman_01,1,Add a police suit to the person,ultraedit_undefended,0.39644,0.93784,29.105,0.50139,0.10775,0.035056,0.701961,0.39644,0.3095,0.52095,0.98284,0.98386,False,0.837,main_table/images/ultraedit_full/edit_defended/dia_r/ultraedit_dia_r/woman_01__p1.png,main_table/images/ultraedit_full/edit_preflight/ultraedit_undefended/woman_01__p1.png
dia_r,ip2p,ultraedit_dia_r,woman_01,2,Add a helmet to the person,ultraedit_undefended,0.40947,0.94214,28.732,0.49793,0.14973,0.036591,0.619608,0.40947,0.31165,0.54956,0.95432,0.888,False,0.837,main_table/images/ultraedit_full/edit_defended/dia_r/ultraedit_dia_r/woman_01__p2.png,main_table/images/ultraedit_full/edit_preflight/ultraedit_undefended/woman_01__p2.png
dia_r,ip2p,ultraedit_dia_r,woman_01,3,Add a bowtie to the person,ultraedit_undefended,0.38755,0.93023,25.635,0.51658,0.09873,0.052269,0.796078,0.38755,0.28861,0.52924,0.97455,0.95562,False,0.837,main_table/images/ultraedit_full/edit_defended/dia_r/ultraedit_dia_r/woman_01__p3.png,main_table/images/ultraedit_full/edit_preflight/ultraedit_undefended/woman_01__p3.png
dia_r,ip2p,ultraedit_dia_r,woman_02,0,Add sunglasses to the person,ultraedit_undefended,0.43842,0.76108,23.613,0.39476,0.15253,0.065971,0.756863,0.43842,0.34419,0.56354,0.95191,0.93655,False,0.837,main_table/images/ultraedit_full/edit_defended/dia_r/ultraedit_dia_r/woman_02__p0.png,main_table/images/ultraedit_full/edit_preflight/ultraedit_undefended/woman_02__p0.png
dia_r,ip2p,ultraedit_dia_r,woman_02,1,Add a police suit to the person,ultraedit_undefended,0.41722,0.78576,23.146,0.39739,0.18298,0.069617,0.941176,0.41722,0.34661,0.51098,0.90828,0.80995,True,0.837,main_table/images/ultraedit_full/edit_defended/dia_r/ultraedit_dia_r/woman_02__p1.png,main_table/images/ultraedit_full/edit_preflight/ultraedit_undefended/woman_02__p1.png
dia_r,ip2p,ultraedit_dia_r,woman_02,2,Add a helmet to the person,ultraedit_undefended,0.43511,0.76874,23.92,0.42233,0.15345,0.063681,0.976471,0.43511,0.34053,0.56069,0.95051,0.92521,False,0.837,main_table/images/ultraedit_full/edit_defended/dia_r/ultraedit_dia_r/woman_02__p2.png,main_table/images/ultraedit_full/edit_preflight/ultraedit_undefended/woman_02__p2.png
dia_r,ip2p,ultraedit_dia_r,woman_02,3,Add a bowtie to the person,ultraedit_undefended,0.46902,0.7383,22.11,0.34885,0.18262,0.078435,0.937255,0.46902,0.38392,0.58202,0.88336,0.81347,True,0.837,main_table/images/ultraedit_full/edit_defended/dia_r/ultraedit_dia_r/woman_02__p3.png,main_table/images/ultraedit_full/edit_preflight/ultraedit_undefended/woman_02__p3.png
dia_r,ip2p,ultraedit_dia_r,woman_03,0,Add sunglasses to the person,ultraedit_undefended,0.34448,0.85938,25.296,0.33592,0.13144,0.054351,0.74902,0.34448,0.2546,0.42539,0.89868,0.92996,False,0.837,main_table/images/ultraedit_full/edit_defended/dia_r/ultraedit_dia_r/woman_03__p0.png,main_table/images/ultraedit_full/edit_preflight/ultraedit_undefended/woman_03__p0.png
dia_r,ip2p,ultraedit_dia_r,woman_03,1,Add a police suit to the person,ultraedit_undefended,0.36766,0.85255,24.41,0.30885,0.15815,0.060183,0.85098,0.36766,0.2766,0.44963,0.96153,0.95466,False,0.837,main_table/images/ultraedit_full/edit_defended/dia_r/ultraedit_dia_r/woman_03__p1.png,main_table/images/ultraedit_full/edit_preflight/ultraedit_undefended/woman_03__p1.png
dia_r,ip2p,ultraedit_dia_r,woman_03,2,Add a helmet to the person,ultraedit_undefended,0.34661,0.87514,24.118,0.35375,0.1515,0.062242,0.870588,0.34661,0.21995,0.46063,0.88313,0.95496,False,0.837,main_table/images/ultraedit_full/edit_defended/dia_r/ultraedit_dia_r/woman_03__p2.png,main_table/images/ultraedit_full/edit_preflight/ultraedit_undefended/woman_03__p2.png
dia_r,ip2p,ultraedit_dia_r,woman_03,3,Add a bowtie to the person,ultraedit_undefended,0.37396,0.85545,23.048,0.29397,0.14032,0.070408,0.87451,0.37396,0.27477,0.46324,0.92202,0.85003,False,0.837,main_table/images/ultraedit_full/edit_defended/dia_r/ultraedit_dia_r/woman_03__p3.png,main_table/images/ultraedit_full/edit_preflight/ultraedit_undefended/woman_03__p3.png
photoguard_c,ip2p,ultraedit_photoguard_c,man_00,0,Add sunglasses to the person,ultraedit_undefended,0.41156,0.93583,29.833,0.38383,0.11158,0.032235,0.698039,0.41156,0.32609,0.50827,0.97088,0.96103,False,0.837,main_table/images/ultraedit_full/edit_defended/photoguard_c/ultraedit_photoguard_c/man_00__p0.png,main_table/images/ultraedit_full/edit_preflight/ultraedit_undefended/man_00__p0.png
photoguard_c,ip2p,ultraedit_photoguard_c,man_00,1,Add a police suit to the person,ultraedit_undefended,0.42761,0.94891,30.617,0.4241,0.08447,0.029454,0.960784,0.42761,0.35445,0.51038,0.97741,0.96214,False,0.837,main_table/images/ultraedit_full/edit_defended/photoguard_c/ultraedit_photoguard_c/man_00__p1.png,main_table/images/ultraedit_full/edit_preflight/ultraedit_undefended/man_00__p1.png
photoguard_c,ip2p,ultraedit_photoguard_c,man_00,2,Add a helmet to the person,ultraedit_undefended,0.42929,0.89872,25.596,0.33824,0.153,0.052503,0.686275,0.42929,0.36211,0.5053,0.85287,0.83414,True,0.837,main_table/images/ultraedit_full/edit_defended/photoguard_c/ultraedit_photoguard_c/man_00__p2.png,main_table/images/ultraedit_full/edit_preflight/ultraedit_undefended/man_00__p2.png
photoguard_c,ip2p,ultraedit_photoguard_c,man_00,3,Add a bowtie to the person,ultraedit_undefended,0.43382,0.93994,25.765,0.42317,0.12054,0.051496,0.843137,0.43382,0.36556,0.51104,0.93459,0.91528,False,0.837,main_table/images/ultraedit_full/edit_defended/photoguard_c/ultraedit_photoguard_c/man_00__p3.png,main_table/images/ultraedit_full/edit_preflight/ultraedit_undefended/man_00__p3.png
photoguard_c,ip2p,ultraedit_photoguard_c,man_01,0,Add sunglasses to the person,ultraedit_undefended,0.44979,0.91153,27.053,0.41104,0.11671,0.044396,0.556863,0.44979,0.38448,0.55576,0.92793,0.91356,False,0.837,main_table/images/ultraedit_full/edit_defended/photoguard_c/ultraedit_photoguard_c/man_01__p0.png,main_table/images/ultraedit_full/edit_preflight/ultraedit_undefended/man_01__p0.png
photoguard_c,ip2p,ultraedit_photoguard_c,man_01,1,Add a police suit to the person,ultraedit_undefended,0.40595,0.87442,27.444,0.39646,0.11742,0.04244,0.607843,0.40595,0.32739,0.53343,0.94811,0.93592,False,0.837,main_table/images/ultraedit_full/edit_defended/photoguard_c/ultraedit_photoguard_c/man_01__p1.png,main_table/images/ultraedit_full/edit_preflight/ultraedit_undefended/man_01__p1.png
photoguard_c,ip2p,ultraedit_photoguard_c,man_01,2,Add a helmet to the person,ultraedit_undefended,0.45663,0.92367,26.631,0.45846,0.11996,0.046607,0.815686,0.45663,0.40181,0.54559,0.91253,0.87703,False,0.837,main_table/images/ultraedit_full/edit_defended/photoguard_c/ultraedit_photoguard_c/man_01__p2.png,main_table/images/ultraedit_full/edit_preflight/ultraedit_undefended/man_01__p2.png
photoguard_c,ip2p,ultraedit_photoguard_c,man_01,3,Add a bowtie to the person,ultraedit_undefended,0.4811,0.86094,25.552,0.40162,0.12462,0.052772,0.643137,0.4811,0.43533,0.55537,0.94155,0.8565,False,0.837,main_table/images/ultraedit_full/edit_defended/photoguard_c/ultraedit_photoguard_c/man_01__p3.png,main_table/images/ultraedit_full/edit_preflight/ultraedit_undefended/man_01__p3.png
photoguard_c,ip2p,ultraedit_photoguard_c,man_02,0,Add sunglasses to the person,ultraedit_undefended,0.39051,0.96366,30.954,0.57852,0.07447,0.028335,0.666667,0.39051,0.28928,0.52548,0.942,0.93767,False,0.837,main_table/images/ultraedit_full/edit_defended/photoguard_c/ultraedit_photoguard_c/man_02__p0.png,main_table/images/ultraedit_full/edit_preflight/ultraedit_undefended/man_02__p0.png
photoguard_c,ip2p,ultraedit_photoguard_c,man_02,1,Add a police suit to the person,ultraedit_undefended,0.36661,0.95443,28.838,0.5415,0.08047,0.036149,0.74902,0.36661,0.25416,0.51655,0.96604,0.89873,False,0.837,main_table/images/ultraedit_full/edit_defended/photoguard_c/ultraedit_photoguard_c/man_02__p1.png,main_table/images/ultraedit_full/edit_preflight/ultraedit_undefended/man_02__p1.png
photoguard_c,ip2p,ultraedit_photoguard_c,man_02,2,Add a helmet to the person,ultraedit_undefended,0.40432,0.95732,29.685,0.56279,0.08668,0.032792,0.882353,0.40432,0.30967,0.53053,0.96411,0.91294,False,0.837,main_table/images/ultraedit_full/edit_defended/photoguard_c/ultraedit_photoguard_c/man_02__p2.png,main_table/images/ultraedit_full/edit_preflight/ultraedit_undefended/man_02__p2.png
photoguard_c,ip2p,ultraedit_photoguard_c,man_02,3,Add a bowtie to the person,ultraedit_undefended,0.40315,0.94281,26.088,0.52606,0.09166,0.049616,0.92549,0.40315,0.30632,0.53225,0.97395,0.93979,False,0.837,main_table/images/ultraedit_full/edit_defended/photoguard_c/ultraedit_photoguard_c/man_02__p3.png,main_table/images/ultraedit_full/edit_preflight/ultraedit_undefended/man_02__p3.png
photoguard_c,ip2p,ultraedit_photoguard_c,man_03,0,Add sunglasses to the person,ultraedit_undefended,0.40436,0.95303,30.526,0.49803,0.07641,0.029763,0.643137,0.40436,0.23591,0.5299,0.97094,0.96494,False,0.837,main_table/images/ultraedit_full/edit_defended/photoguard_c/ultraedit_photoguard_c/man_03__p0.png,main_table/images/ultraedit_full/edit_preflight/ultraedit_undefended/man_03__p0.png
photoguard_c,ip2p,ultraedit_photoguard_c,man_03,1,Add a police suit to the person,ultraedit_undefended,0.39341,0.92708,27.394,0.43691,0.0952,0.042688,0.690196,0.39341,0.21095,0.5294,0.9467,0.96312,False,0.837,main_table/images/ultraedit_full/edit_defended/photoguard_c/ultraedit_photoguard_c/man_03__p1.png,main_table/images/ultraedit_full/edit_preflight/ultraedit_undefended/man_03__p1.png
photoguard_c,ip2p,ultraedit_photoguard_c,man_03,2,Add a helmet to the person,ultraedit_undefended,0.39765,0.95196,28.814,0.49589,0.09775,0.03625,0.898039,0.39765,0.22625,0.52539,0.94596,0.95917,False,0.837,main_table/images/ultraedit_full/edit_defended/photoguard_c/ultraedit_photoguard_c/man_03__p2.png,main_table/images/ultraedit_full/edit_preflight/ultraedit_undefended/man_03__p2.png
photoguard_c,ip2p,ultraedit_photoguard_c,man_03,3,Add a bowtie to the person,ultraedit_undefended,0.42545,0.931,25.113,0.44443,0.10656,0.055506,0.972549,0.42545,0.29177,0.52508,0.96638,0.9595,False,0.837,main_table/images/ultraedit_full/edit_defended/photoguard_c/ultraedit_photoguard_c/man_03__p3.png,main_table/images/ultraedit_full/edit_preflight/ultraedit_undefended/man_03__p3.png
photoguard_c,ip2p,ultraedit_photoguard_c,woman_00,0,Add sunglasses to the person,ultraedit_undefended,0.36436,0.92077,26.167,0.43721,0.10718,0.049162,0.941176,0.36436,0.20401,0.51609,0.92355,0.95278,False,0.837,main_table/images/ultraedit_full/edit_defended/photoguard_c/ultraedit_photoguard_c/woman_00__p0.png,main_table/images/ultraedit_full/edit_preflight/ultraedit_undefended/woman_00__p0.png
photoguard_c,ip2p,ultraedit_photoguard_c,woman_00,1,Add a police suit to the person,ultraedit_undefended,0.46677,0.81113,21.009,0.292,0.2145,0.089034,0.886275,0.46677,0.34848,0.57869,0.86091,0.82056,True,0.837,main_table/images/ultraedit_full/edit_defended/photoguard_c/ultraedit_photoguard_c/woman_00__p1.png,main_table/images/ultraedit_full/edit_preflight/ultraedit_undefended/woman_00__p1.png
photoguard_c,ip2p,ultraedit_photoguard_c,woman_00,2,Add a helmet to the person,ultraedit_undefended,0.41357,0.88308,21.442,0.41542,0.15607,0.084701,0.898039,0.41357,0.22225,0.59459,0.8188,0.78851,True,0.837,main_table/images/ultraedit_full/edit_defended/photoguard_c/ultraedit_photoguard_c/woman_00__p2.png,main_table/images/ultraedit_full/edit_preflight/ultraedit_undefended/woman_00__p2.png
photoguard_c,ip2p,ultraedit_photoguard_c,woman_00,3,Add a bowtie to the person,ultraedit_undefended,0.38075,0.91588,26.244,0.45487,0.11194,0.048731,0.776471,0.38075,0.23747,0.51632,0.9414,0.95683,False,0.837,main_table/images/ultraedit_full/edit_defended/photoguard_c/ultraedit_photoguard_c/woman_00__p3.png,main_table/images/ultraedit_full/edit_preflight/ultraedit_undefended/woman_00__p3.png
photoguard_c,ip2p,ultraedit_photoguard_c,woman_01,0,Add sunglasses to the person,ultraedit_undefended,0.43872,0.93919,28.187,0.47636,0.12297,0.038961,0.686275,0.43872,0.34526,0.57256,0.94138,0.94012,False,0.837,main_table/images/ultraedit_full/edit_defended/photoguard_c/ultraedit_photoguard_c/woman_01__p0.png,main_table/images/ultraedit_full/edit_preflight/ultraedit_undefended/woman_01__p0.png
photoguard_c,ip2p,ultraedit_photoguard_c,woman_01,1,Add a police suit to the person,ultraedit_undefended,0.46297,0.92763,28.78,0.47489,0.11668,0.036393,0.682353,0.46297,0.38861,0.56945,0.97423,0.97963,False,0.837,main_table/images/ultraedit_full/edit_defended/photoguard_c/ultraedit_photoguard_c/woman_01__p1.png,main_table/images/ultraedit_full/edit_preflight/ultraedit_undefended/woman_01__p1.png
photoguard_c,ip2p,ultraedit_photoguard_c,woman_01,2,Add a helmet to the person,ultraedit_undefended,0.4492,0.9394,28.701,0.48146,0.13432,0.036726,0.803922,0.4492,0.37873,0.55013,0.94799,0.91133,False,0.837,main_table/images/ultraedit_full/edit_defended/photoguard_c/ultraedit_photoguard_c/woman_01__p2.png,main_table/images/ultraedit_full/edit_preflight/ultraedit_undefended/woman_01__p2.png
photoguard_c,ip2p,ultraedit_photoguard_c,woman_01,3,Add a bowtie to the person,ultraedit_undefended,0.4572,0.91759,25.396,0.48904,0.12083,0.053728,0.705882,0.4572,0.37347,0.57712,0.97508,0.93498,False,0.837,main_table/images/ultraedit_full/edit_defended/photoguard_c/ultraedit_photoguard_c/woman_01__p3.png,main_table/images/ultraedit_full/edit_preflight/ultraedit_undefended/woman_01__p3.png
photoguard_c,ip2p,ultraedit_photoguard_c,woman_02,0,Add sunglasses to the person,ultraedit_undefended,0.46144,0.74169,23.693,0.38828,0.16223,0.065369,0.733333,0.46144,0.36926,0.58383,0.9325,0.93965,False,0.837,main_table/images/ultraedit_full/edit_defended/photoguard_c/ultraedit_photoguard_c/woman_02__p0.png,main_table/images/ultraedit_full/edit_preflight/ultraedit_undefended/woman_02__p0.png
photoguard_c,ip2p,ultraedit_photoguard_c,woman_02,1,Add a police suit to the person,ultraedit_undefended,0.42808,0.73758,22.525,0.36621,0.19702,0.074776,0.952941,0.42808,0.37098,0.50391,0.9156,0.79918,True,0.837,main_table/images/ultraedit_full/edit_defended/photoguard_c/ultraedit_photoguard_c/woman_02__p1.png,main_table/images/ultraedit_full/edit_preflight/ultraedit_undefended/woman_02__p1.png
photoguard_c,ip2p,ultraedit_photoguard_c,woman_02,2,Add a helmet to the person,ultraedit_undefended,0.45339,0.74928,23.127,0.40952,0.17553,0.06977,0.976471,0.45339,0.37505,0.55741,0.93211,0.89179,False,0.837,main_table/images/ultraedit_full/edit_defended/photoguard_c/ultraedit_photoguard_c/woman_02__p2.png,main_table/images/ultraedit_full/edit_preflight/ultraedit_undefended/woman_02__p2.png
photoguard_c,ip2p,ultraedit_photoguard_c,woman_02,3,Add a bowtie to the person,ultraedit_undefended,0.48922,0.71097,21.979,0.33608,0.18923,0.079625,0.92549,0.48922,0.41125,0.59277,0.8803,0.8256,True,0.837,main_table/images/ultraedit_full/edit_defended/photoguard_c/ultraedit_photoguard_c/woman_02__p3.png,main_table/images/ultraedit_full/edit_preflight/ultraedit_undefended/woman_02__p3.png
photoguard_c,ip2p,ultraedit_photoguard_c,woman_03,0,Add sunglasses to the person,ultraedit_undefended,0.45598,0.85307,25.013,0.3339,0.14741,0.056152,0.780392,0.45598,0.37279,0.53087,0.89972,0.91842,False,0.837,main_table/images/ultraedit_full/edit_defended/photoguard_c/ultraedit_photoguard_c/woman_03__p0.png,main_table/images/ultraedit_full/edit_preflight/ultraedit_undefended/woman_03__p0.png
photoguard_c,ip2p,ultraedit_photoguard_c,woman_03,1,Add a police suit to the person,ultraedit_undefended,0.44326,0.84145,23.798,0.30119,0.18557,0.064577,0.839216,0.44326,0.34807,0.52895,0.94863,0.94296,False,0.837,main_table/images/ultraedit_full/edit_defended/photoguard_c/ultraedit_photoguard_c/woman_03__p1.png,main_table/images/ultraedit_full/edit_preflight/ultraedit_undefended/woman_03__p1.png
photoguard_c,ip2p,ultraedit_photoguard_c,woman_03,2,Add a helmet to the person,ultraedit_undefended,0.44124,0.87984,24.771,0.36183,0.14291,0.057736,0.878431,0.44124,0.3524,0.52121,0.88034,0.92408,False,0.837,main_table/images/ultraedit_full/edit_defended/photoguard_c/ultraedit_photoguard_c/woman_03__p2.png,main_table/images/ultraedit_full/edit_preflight/ultraedit_undefended/woman_03__p2.png
photoguard_c,ip2p,ultraedit_photoguard_c,woman_03,3,Add a bowtie to the person,ultraedit_undefended,0.44228,0.86293,23.283,0.30491,0.13019,0.068522,0.854902,0.44228,0.34007,0.53428,0.94112,0.92401,False,0.837,main_table/images/ultraedit_full/edit_defended/photoguard_c/ultraedit_photoguard_c/woman_03__p3.png,main_table/images/ultraedit_full/edit_preflight/ultraedit_undefended/woman_03__p3.png
colour_curve_ours,ip2p,ultraedit_colour_curve_ours,man_00,0,Add sunglasses to the person,ultraedit_undefended,0.28118,0.69927,14.97,0.53134,0.25534,0.178447,0.87451,0.28118,0.38775,0.16059,0.96715,0.93648,False,0.837,main_table/images/ultraedit_full/edit_defended/colour_curve_ours/ultraedit_colour_curve_ours/man_00__p0.png,main_table/images/ultraedit_full/edit_preflight/ultraedit_undefended/man_00__p0.png
colour_curve_ours,ip2p,ultraedit_colour_curve_ours,man_00,1,Add a police suit to the person,ultraedit_undefended,0.2757,0.71919,15.194,0.56948,0.23577,0.173903,0.768627,0.2757,0.37524,0.16306,0.967,0.93618,False,0.837,main_table/images/ultraedit_full/edit_defended/colour_curve_ours/ultraedit_colour_curve_ours/man_00__p1.png,main_table/images/ultraedit_full/edit_preflight/ultraedit_undefended/man_00__p1.png
colour_curve_ours,ip2p,ultraedit_colour_curve_ours,man_00,2,Add a helmet to the person,ultraedit_undefended,0.29578,0.66629,14.572,0.43474,0.24258,0.186809,0.976471,0.29578,0.42332,0.15148,0.80656,0.88383,False,0.837,main_table/images/ultraedit_full/edit_defended/colour_curve_ours/ultraedit_colour_curve_ours/man_00__p2.png,main_table/images/ultraedit_full/edit_preflight/ultraedit_undefended/man_00__p2.png
colour_curve_ours,ip2p,ultraedit_colour_curve_ours,man_00,3,Add a bowtie to the person,ultraedit_undefended,0.29853,0.68684,14.459,0.48538,0.23417,0.189249,1.0,0.29853,0.41869,0.16258,0.95212,0.93519,False,0.837,main_table/images/ultraedit_full/edit_defended/colour_curve_ours/ultraedit_colour_curve_ours/man_00__p3.png,main_table/images/ultraedit_full/edit_preflight/ultraedit_undefended/man_00__p3.png
colour_curve_ours,ip2p,ultraedit_colour_curve_ours,man_01,0,Add sunglasses to the person,ultraedit_undefended,0.41253,0.59158,12.975,0.52656,0.28666,0.224528,0.882353,0.41253,0.46724,0.32376,0.82641,0.88616,False,0.837,main_table/images/ultraedit_full/edit_defended/colour_curve_ours/ultraedit_colour_curve_ours/man_01__p0.png,main_table/images/ultraedit_full/edit_preflight/ultraedit_undefended/man_01__p0.png
colour_curve_ours,ip2p,ultraedit_colour_curve_ours,man_01,1,Add a police suit to the person,ultraedit_undefended,0.45574,0.53742,12.72,0.43726,0.28758,0.231216,0.866667,0.45574,0.5248,0.34369,0.83908,0.86169,False,0.837,main_table/images/ultraedit_full/edit_defended/colour_curve_ours/ultraedit_colour_curve_ours/man_01__p1.png,main_table/images/ultraedit_full/edit_preflight/ultraedit_undefended/man_01__p1.png
colour_curve_ours,ip2p,ultraedit_colour_curve_ours,man_01,2,Add a helmet to the person,ultraedit_undefended,0.42742,0.56258,12.883,0.44137,0.27194,0.226916,0.972549,0.42742,0.49535,0.31721,0.83624,0.86204,False,0.837,main_table/images/ultraedit_full/edit_defended/colour_curve_ours/ultraedit_colour_curve_ours/man_01__p2.png,main_table/images/ultraedit_full/edit_preflight/ultraedit_undefended/man_01__p2.png
colour_curve_ours,ip2p,ultraedit_colour_curve_ours,man_01,3,Add a bowtie to the person,ultraedit_undefended,0.4444,0.59756,12.916,0.49714,0.27464,0.226042,0.870588,0.4444,0.5185,0.32419,0.91041,0.81871,True,0.837,main_table/images/ultraedit_full/edit_defended/colour_curve_ours/ultraedit_colour_curve_ours/man_01__p3.png,main_table/images/ultraedit_full/edit_preflight/ultraedit_undefended/man_01__p3.png
colour_curve_ours,ip2p,ultraedit_colour_curve_ours,man_02,0,Add sunglasses to the person,ultraedit_undefended,0.34319,0.76945,13.511,0.63061,0.20108,0.21109,0.768627,0.34319,0.2995,0.40145,0.90437,0.90701,False,0.837,main_table/images/ultraedit_full/edit_defended/colour_curve_ours/ultraedit_colour_curve_ours/man_02__p0.png,main_table/images/ultraedit_full/edit_preflight/ultraedit_undefended/man_02__p0.png
colour_curve_ours,ip2p,ultraedit_colour_curve_ours,man_02,1,Add a police suit to the person,ultraedit_undefended,0.36518,0.73007,13.056,0.50978,0.20538,0.22243,0.988235,0.36518,0.34451,0.39275,0.87302,0.87242,False,0.837,main_table/images/ultraedit_full/edit_defended/colour_curve_ours/ultraedit_colour_curve_ours/man_02__p1.png,main_table/images/ultraedit_full/edit_preflight/ultraedit_undefended/man_02__p1.png
colour_curve_ours,ip2p,ultraedit_colour_curve_ours,man_02,2,Add a helmet to the person,ultraedit_undefended,0.35398,0.75752,13.486,0.58903,0.21542,0.211702,0.980392,0.35398,0.32089,0.3981,0.81088,0.84085,False,0.837,main_table/images/ultraedit_full/edit_defended/colour_curve_ours/ultraedit_colour_curve_ours/man_02__p2.png,main_table/images/ultraedit_full/edit_preflight/ultraedit_undefended/man_02__p2.png
colour_curve_ours,ip2p,ultraedit_colour_curve_ours,man_02,3,Add a bowtie to the person,ultraedit_undefended,0.34257,0.75585,13.432,0.57583,0.19814,0.213016,0.839216,0.34257,0.31379,0.38093,0.91636,0.87496,False,0.837,main_table/images/ultraedit_full/edit_defended/colour_curve_ours/ultraedit_colour_curve_ours/man_02__p3.png,main_table/images/ultraedit_full/edit_preflight/ultraedit_undefended/man_02__p3.png
colour_curve_ours,ip2p,ultraedit_colour_curve_ours,man_03,0,Add sunglasses to the person,ultraedit_undefended,0.29545,0.76568,14.309,0.51895,0.21806,0.192546,0.870588,0.29545,0.32427,0.27396,0.82314,0.89184,False,0.837,main_table/images/ultraedit_full/edit_defended/colour_curve_ours/ultraedit_colour_curve_ours/man_03__p0.png,main_table/images/ultraedit_full/edit_preflight/ultraedit_undefended/man_03__p0.png
colour_curve_ours,ip2p,ultraedit_colour_curve_ours,man_03,1,Add a police suit to the person,ultraedit_undefended,0.29768,0.75411,14.21,0.49095,0.21896,0.194756,0.913725,0.29768,0.33102,0.27283,0.88834,0.87601,False,0.837,main_table/images/ultraedit_full/edit_defended/colour_curve_ours/ultraedit_colour_curve_ours/man_03__p1.png,main_table/images/ultraedit_full/edit_preflight/ultraedit_undefended/man_03__p1.png
colour_curve_ours,ip2p,ultraedit_colour_curve_ours,man_03,2,Add a helmet to the person,ultraedit_undefended,0.28509,0.77006,14.569,0.51752,0.22146,0.186883,0.972549,0.28509,0.31602,0.26204,0.86669,0.8864,False,0.837,main_table/images/ultraedit_full/edit_defended/colour_curve_ours/ultraedit_colour_curve_ours/man_03__p2.png,main_table/images/ultraedit_full/edit_preflight/ultraedit_undefended/man_03__p2.png
colour_curve_ours,ip2p,ultraedit_colour_curve_ours,man_03,3,Add a bowtie to the person,ultraedit_undefended,0.30069,0.75495,14.198,0.48012,0.2149,0.195036,0.972549,0.30069,0.34797,0.26546,0.8851,0.8918,False,0.837,main_table/images/ultraedit_full/edit_defended/colour_curve_ours/ultraedit_colour_curve_ours/man_03__p3.png,main_table/images/ultraedit_full/edit_preflight/ultraedit_undefended/man_03__p3.png
colour_curve_ours,ip2p,ultraedit_colour_curve_ours,woman_00,0,Add sunglasses to the person,ultraedit_undefended,0.31945,0.78248,18.767,0.43757,0.14687,0.115252,0.792157,0.31945,0.37327,0.26853,0.91523,0.89226,False,0.837,main_table/images/ultraedit_full/edit_defended/colour_curve_ours/ultraedit_colour_curve_ours/woman_00__p0.png,main_table/images/ultraedit_full/edit_preflight/ultraedit_undefended/woman_00__p0.png
colour_curve_ours,ip2p,ultraedit_colour_curve_ours,woman_00,1,Add a police suit to the person,ultraedit_undefended,0.35906,0.73785,17.16,0.33208,0.20274,0.138668,0.964706,0.35906,0.39652,0.32361,0.81481,0.79406,True,0.837,main_table/images/ultraedit_full/edit_defended/colour_curve_ours/ultraedit_colour_curve_ours/woman_00__p1.png,main_table/images/ultraedit_full/edit_preflight/ultraedit_undefended/woman_00__p1.png
colour_curve_ours,ip2p,ultraedit_colour_curve_ours,woman_00,2,Add a helmet to the person,ultraedit_undefended,0.33987,0.7596,18.039,0.40198,0.17318,0.125327,0.886275,0.33987,0.35345,0.32702,0.79242,0.85301,False,0.837,main_table/images/ultraedit_full/edit_defended/colour_curve_ours/ultraedit_colour_curve_ours/woman_00__p2.png,main_table/images/ultraedit_full/edit_preflight/ultraedit_undefended/woman_00__p2.png
colour_curve_ours,ip2p,ultraedit_colour_curve_ours,woman_00,3,Add a bowtie to the person,ultraedit_undefended,0.30858,0.78624,18.63,0.44807,0.14984,0.117079,0.921569,0.30858,0.36776,0.25259,0.9152,0.92537,False,0.837,main_table/images/ultraedit_full/edit_defended/colour_curve_ours/ultraedit_colour_curve_ours/woman_00__p3.png,main_table/images/ultraedit_full/edit_preflight/ultraedit_undefended/woman_00__p3.png
colour_curve_ours,ip2p,ultraedit_colour_curve_ours,woman_01,0,Add sunglasses to the person,ultraedit_undefended,0.42995,0.83649,16.416,0.7197,0.22364,0.151085,0.819608,0.42995,0.57861,0.21704,0.92074,0.88306,False,0.837,main_table/images/ultraedit_full/edit_defended/colour_curve_ours/ultraedit_colour_curve_ours/woman_01__p0.png,main_table/images/ultraedit_full/edit_preflight/ultraedit_undefended/woman_01__p0.png
colour_curve_ours,ip2p,ultraedit_colour_curve_ours,woman_01,1,Add a police suit to the person,ultraedit_undefended,0.45422,0.82752,16.522,0.6888,0.21733,0.149249,0.941176,0.45422,0.61,0.23114,0.95256,0.89866,False,0.837,main_table/images/ultraedit_full/edit_defended/colour_curve_ours/ultraedit_colour_curve_ours/woman_01__p1.png,main_table/images/ultraedit_full/edit_preflight/ultraedit_undefended/woman_01__p1.png
colour_curve_ours,ip2p,ultraedit_colour_curve_ours,woman_01,2,Add a helmet to the person,ultraedit_undefended,0.4615,0.8271,16.183,0.67488,0.2178,0.155185,0.866667,0.4615,0.59869,0.26502,0.93888,0.86264,False,0.837,main_table/images/ultraedit_full/edit_defended/colour_curve_ours/ultraedit_colour_curve_ours/woman_01__p2.png,main_table/images/ultraedit_full/edit_preflight/ultraedit_undefended/woman_01__p2.png
colour_curve_ours,ip2p,ultraedit_colour_curve_ours,woman_01,3,Add a bowtie to the person,ultraedit_undefended,0.42747,0.81687,15.903,0.67119,0.22272,0.160262,0.929412,0.42747,0.57927,0.21007,0.92145,0.86751,False,0.837,main_table/images/ultraedit_full/edit_defended/colour_curve_ours/ultraedit_colour_curve_ours/woman_01__p3.png,main_table/images/ultraedit_full/edit_preflight/ultraedit_undefended/woman_01__p3.png
colour_curve_ours,ip2p,ultraedit_colour_curve_ours,woman_02,0,Add sunglasses to the person,ultraedit_undefended,0.5315,0.5996,19.482,0.54962,0.21512,0.106145,0.780392,0.5315,0.50435,0.56754,0.95718,0.91854,False,0.837,main_table/images/ultraedit_full/edit_defended/colour_curve_ours/ultraedit_colour_curve_ours/woman_02__p0.png,main_table/images/ultraedit_full/edit_preflight/ultraedit_undefended/woman_02__p0.png
colour_curve_ours,ip2p,ultraedit_colour_curve_ours,woman_02,1,Add a police suit to the person,ultraedit_undefended,0.54826,0.54008,18.416,0.47638,0.21649,0.12,0.988235,0.54826,0.53353,0.56782,0.88454,0.79264,True,0.837,main_table/images/ultraedit_full/edit_defended/colour_curve_ours/ultraedit_colour_curve_ours/woman_02__p1.png,main_table/images/ultraedit_full/edit_preflight/ultraedit_undefended/woman_02__p1.png
colour_curve_ours,ip2p,ultraedit_colour_curve_ours,woman_02,2,Add a helmet to the person,ultraedit_undefended,0.51787,0.62705,19.787,0.59956,0.19389,0.102477,0.933333,0.51787,0.48551,0.56084,0.94572,0.91231,False,0.837,main_table/images/ultraedit_full/edit_defended/colour_curve_ours/ultraedit_colour_curve_ours/woman_02__p2.png,main_table/images/ultraedit_full/edit_preflight/ultraedit_undefended/woman_02__p2.png
colour_curve_ours,ip2p,ultraedit_colour_curve_ours,woman_02,3,Add a bowtie to the person,ultraedit_undefended,0.55635,0.55672,18.562,0.49963,0.21631,0.118002,0.968627,0.55635,0.53459,0.58525,0.89821,0.88745,False,0.837,main_table/images/ultraedit_full/edit_defended/colour_curve_ours/ultraedit_colour_curve_ours/woman_02__p3.png,main_table/images/ultraedit_full/edit_preflight/ultraedit_undefended/woman_02__p3.png
colour_curve_ours,ip2p,ultraedit_colour_curve_ours,woman_03,0,Add sunglasses to the person,ultraedit_undefended,0.51356,0.83354,17.583,0.49446,0.20893,0.132089,0.580392,0.51356,0.35011,0.66068,0.9034,0.89092,False,0.837,main_table/images/ultraedit_full/edit_defended/colour_curve_ours/ultraedit_colour_curve_ours/woman_03__p0.png,main_table/images/ultraedit_full/edit_preflight/ultraedit_undefended/woman_03__p0.png
colour_curve_ours,ip2p,ultraedit_colour_curve_ours,woman_03,1,Add a police suit to the person,ultraedit_undefended,0.57814,0.77778,16.791,0.41628,0.25424,0.144698,0.898039,0.57814,0.47462,0.67132,0.85033,0.75402,True,0.837,main_table/images/ultraedit_full/edit_defended/colour_curve_ours/ultraedit_colour_curve_ours/woman_03__p1.png,main_table/images/ultraedit_full/edit_preflight/ultraedit_undefended/woman_03__p1.png
colour_curve_ours,ip2p,ultraedit_colour_curve_ours,woman_03,2,Add a helmet to the person,ultraedit_undefended,0.52859,0.80492,17.038,0.45151,0.22898,0.140632,0.929412,0.52859,0.38418,0.65859,0.82775,0.84413,False,0.837,main_table/images/ultraedit_full/edit_defended/colour_curve_ours/ultraedit_colour_curve_ours/woman_03__p2.png,main_table/images/ultraedit_full/edit_preflight/ultraedit_undefended/woman_03__p2.png
colour_curve_ours,ip2p,ultraedit_colour_curve_ours,woman_03,3,Add a bowtie to the person,ultraedit_undefended,0.51381,0.814,17.332,0.42893,0.21106,0.135954,0.835294,0.51381,0.35754,0.65447,0.86308,0.85899,False,0.837,main_table/images/ultraedit_full/edit_defended/colour_curve_ours/ultraedit_colour_curve_ours/woman_03__p3.png,main_table/images/ultraedit_full/edit_preflight/ultraedit_undefended/woman_03__p3.png
diffvax,ip2p,ultraedit_diffvax,man_00,0,Add sunglasses to the person,ultraedit_undefended,0.0324,0.98131,33.228,0.841,0.04558,0.021806,0.784314,0.0324,0.02451,0.04133,0.99913,0.99539,False,0.837,main_table/images/ultraedit_full/edit_defended/diffvax/ultraedit_diffvax/man_00__p0.png,main_table/images/ultraedit_full/edit_preflight/ultraedit_undefended/man_00__p0.png
diffvax,ip2p,ultraedit_diffvax,man_00,1,Add a police suit to the person,ultraedit_undefended,0.03321,0.98311,32.184,0.85136,0.02869,0.024593,0.803922,0.03321,0.02819,0.03888,0.99956,0.99849,False,0.837,main_table/images/ultraedit_full/edit_defended/diffvax/ultraedit_diffvax/man_00__p1.png,main_table/images/ultraedit_full/edit_preflight/ultraedit_undefended/man_00__p1.png
diffvax,ip2p,ultraedit_diffvax,man_00,2,Add a helmet to the person,ultraedit_undefended,0.0382,0.97639,29.174,0.75255,0.03908,0.034778,0.87451,0.0382,0.0402,0.03593,0.99252,0.96467,False,0.837,main_table/images/ultraedit_full/edit_defended/diffvax/ultraedit_diffvax/man_00__p2.png,main_table/images/ultraedit_full/edit_preflight/ultraedit_undefended/man_00__p2.png
diffvax,ip2p,ultraedit_diffvax,man_00,3,Add a bowtie to the person,ultraedit_undefended,0.03191,0.98441,33.936,0.8553,0.02728,0.0201,0.898039,0.03191,0.02632,0.03823,0.99953,0.99779,False,0.837,main_table/images/ultraedit_full/edit_defended/diffvax/ultraedit_diffvax/man_00__p3.png,main_table/images/ultraedit_full/edit_preflight/ultraedit_undefended/man_00__p3.png
diffvax,ip2p,ultraedit_diffvax,man_01,0,Add sunglasses to the person,ultraedit_undefended,0.05337,0.97898,34.418,0.82742,0.05079,0.019015,0.713725,0.05337,0.03212,0.08784,0.99202,0.95546,False,0.837,main_table/images/ultraedit_full/edit_defended/diffvax/ultraedit_diffvax/man_01__p0.png,main_table/images/ultraedit_full/edit_preflight/ultraedit_undefended/man_01__p0.png
diffvax,ip2p,ultraedit_diffvax,man_01,1,Add a police suit to the person,ultraedit_undefended,0.07031,0.96118,30.718,0.74708,0.06133,0.029112,0.8,0.07031,0.06677,0.07604,0.9947,0.96853,False,0.837,main_table/images/ultraedit_full/edit_defended/diffvax/ultraedit_diffvax/man_01__p1.png,main_table/images/ultraedit_full/edit_preflight/ultraedit_undefended/man_01__p1.png
diffvax,ip2p,ultraedit_diffvax,man_01,2,Add a helmet to the person,ultraedit_undefended,0.0621,0.96248,27.529,0.74697,0.0768,0.04203,0.74902,0.0621,0.05453,0.07439,0.98666,0.95056,False,0.837,main_table/images/ultraedit_full/edit_defended/diffvax/ultraedit_diffvax/man_01__p2.png,main_table/images/ultraedit_full/edit_preflight/ultraedit_undefended/man_01__p2.png
diffvax,ip2p,ultraedit_diffvax,man_01,3,Add a bowtie to the person,ultraedit_undefended,0.05759,0.97532,33.412,0.76955,0.06181,0.021349,0.807843,0.05759,0.04043,0.08544,0.99178,0.97988,False,0.837,main_table/images/ultraedit_full/edit_defended/diffvax/ultraedit_diffvax/man_01__p3.png,main_table/images/ultraedit_full/edit_preflight/ultraedit_undefended/man_01__p3.png
diffvax,ip2p,ultraedit_diffvax,man_02,0,Add sunglasses to the person,ultraedit_undefended,0.04896,0.97944,34.83,0.85365,0.04025,0.018134,0.631373,0.04896,0.03559,0.06678,0.99005,0.89792,False,0.837,main_table/images/ultraedit_full/edit_defended/diffvax/ultraedit_diffvax/man_02__p0.png,main_table/images/ultraedit_full/edit_preflight/ultraedit_undefended/man_02__p0.png
diffvax,ip2p,ultraedit_diffvax,man_02,1,Add a police suit to the person,ultraedit_undefended,0.07113,0.96243,29.74,0.798,0.0646,0.032584,0.611765,0.07113,0.05406,0.0939,0.9758,0.89856,False,0.837,main_table/images/ultraedit_full/edit_defended/diffvax/ultraedit_diffvax/man_02__p1.png,main_table/images/ultraedit_full/edit_preflight/ultraedit_undefended/man_02__p1.png
diffvax,ip2p,ultraedit_diffvax,man_02,2,Add a helmet to the person,ultraedit_undefended,0.06179,0.95592,26.063,0.78306,0.07202,0.049758,0.847059,0.06179,0.04529,0.08378,0.93054,0.8645,False,0.837,main_table/images/ultraedit_full/edit_defended/diffvax/ultraedit_diffvax/man_02__p2.png,main_table/images/ultraedit_full/edit_preflight/ultraedit_undefended/man_02__p2.png
diffvax,ip2p,ultraedit_diffvax,man_02,3,Add a bowtie to the person,ultraedit_undefended,0.04559,0.97988,34.428,0.82932,0.03526,0.018993,0.627451,0.04559,0.03293,0.06246,0.99266,0.93419,False,0.837,main_table/images/ultraedit_full/edit_defended/diffvax/ultraedit_diffvax/man_02__p3.png,main_table/images/ultraedit_full/edit_preflight/ultraedit_undefended/man_02__p3.png
diffvax,ip2p,ultraedit_diffvax,man_03,0,Add sunglasses to the person,ultraedit_undefended,0.04773,0.98204,33.918,0.84745,0.04089,0.02014,0.929412,0.04773,0.03032,0.06071,0.98141,0.97148,False,0.837,main_table/images/ultraedit_full/edit_defended/diffvax/ultraedit_diffvax/man_03__p0.png,main_table/images/ultraedit_full/edit_preflight/ultraedit_undefended/man_03__p0.png
diffvax,ip2p,ultraedit_diffvax,man_03,1,Add a police suit to the person,ultraedit_undefended,0.04503,0.97311,28.296,0.74254,0.05097,0.038475,0.984314,0.04503,0.04254,0.04688,0.97267,0.93057,False,0.837,main_table/images/ultraedit_full/edit_defended/diffvax/ultraedit_diffvax/man_03__p1.png,main_table/images/ultraedit_full/edit_preflight/ultraedit_undefended/man_03__p1.png
diffvax,ip2p,ultraedit_diffvax,man_03,2,Add a helmet to the person,ultraedit_undefended,0.04744,0.97257,28.302,0.80297,0.05046,0.038448,0.972549,0.04744,0.03825,0.05428,0.96423,0.92917,False,0.837,main_table/images/ultraedit_full/edit_defended/diffvax/ultraedit_diffvax/man_03__p2.png,main_table/images/ultraedit_full/edit_preflight/ultraedit_undefended/man_03__p2.png
diffvax,ip2p,ultraedit_diffvax,man_03,3,Add a bowtie to the person,ultraedit_undefended,0.04987,0.98193,33.829,0.82148,0.04358,0.020348,0.917647,0.04987,0.03293,0.0625,0.97601,0.96075,False,0.837,main_table/images/ultraedit_full/edit_defended/diffvax/ultraedit_diffvax/man_03__p3.png,main_table/images/ultraedit_full/edit_preflight/ultraedit_undefended/man_03__p3.png
diffvax,ip2p,ultraedit_diffvax,woman_00,0,Add sunglasses to the person,ultraedit_undefended,0.04262,0.97548,32.097,0.80557,0.03692,0.02484,0.701961,0.04262,0.03512,0.04973,0.99847,0.99457,False,0.837,main_table/images/ultraedit_full/edit_defended/diffvax/ultraedit_diffvax/woman_00__p0.png,main_table/images/ultraedit_full/edit_preflight/ultraedit_undefended/woman_00__p0.png
diffvax,ip2p,ultraedit_diffvax,woman_00,1,Add a police suit to the person,ultraedit_undefended,0.07535,0.94651,25.757,0.64209,0.07743,0.051538,0.878431,0.07535,0.06286,0.08717,0.96902,0.92923,False,0.837,main_table/images/ultraedit_full/edit_defended/diffvax/ultraedit_diffvax/woman_00__p1.png,main_table/images/ultraedit_full/edit_preflight/ultraedit_undefended/woman_00__p1.png
diffvax,ip2p,ultraedit_diffvax,woman_00,2,Add a helmet to the person,ultraedit_undefended,0.05523,0.96368,27.744,0.78201,0.04412,0.041001,0.85098,0.05523,0.03764,0.07187,0.9906,0.97991,False,0.837,main_table/images/ultraedit_full/edit_defended/diffvax/ultraedit_diffvax/woman_00__p2.png,main_table/images/ultraedit_full/edit_preflight/ultraedit_undefended/woman_00__p2.png
diffvax,ip2p,ultraedit_diffvax,woman_00,3,Add a bowtie to the person,ultraedit_undefended,0.04737,0.97409,32.289,0.80272,0.03868,0.024298,0.709804,0.04737,0.04643,0.04825,0.99734,0.99125,False,0.837,main_table/images/ultraedit_full/edit_defended/diffvax/ultraedit_diffvax/woman_00__p3.png,main_table/images/ultraedit_full/edit_preflight/ultraedit_undefended/woman_00__p3.png
diffvax,ip2p,ultraedit_diffvax,woman_01,0,Add sunglasses to the person,ultraedit_undefended,0.0555,0.97044,34.161,0.84878,0.0488,0.019586,0.8,0.0555,0.03507,0.08478,0.98692,0.953,False,0.837,main_table/images/ultraedit_full/edit_defended/diffvax/ultraedit_diffvax/woman_01__p0.png,main_table/images/ultraedit_full/edit_preflight/ultraedit_undefended/woman_01__p0.png
diffvax,ip2p,ultraedit_diffvax,woman_01,1,Add a police suit to the person,ultraedit_undefended,0.06739,0.96401,32.97,0.80342,0.05038,0.022463,0.831373,0.06739,0.05891,0.07953,0.97886,0.95738,False,0.837,main_table/images/ultraedit_full/edit_defended/diffvax/ultraedit_diffvax/woman_01__p1.png,main_table/images/ultraedit_full/edit_preflight/ultraedit_undefended/woman_01__p1.png
diffvax,ip2p,ultraedit_diffvax,woman_01,2,Add a helmet to the person,ultraedit_undefended,0.07897,0.95144,26.513,0.7461,0.05086,0.047244,0.909804,0.07897,0.05187,0.1178,0.91521,0.93919,False,0.837,main_table/images/ultraedit_full/edit_defended/diffvax/ultraedit_diffvax/woman_01__p2.png,main_table/images/ultraedit_full/edit_preflight/ultraedit_undefended/woman_01__p2.png
diffvax,ip2p,ultraedit_diffvax,woman_01,3,Add a bowtie to the person,ultraedit_undefended,0.05555,0.97221,34.178,0.84837,0.03003,0.019547,0.878431,0.05555,0.03736,0.0816,0.99572,0.98192,False,0.837,main_table/images/ultraedit_full/edit_defended/diffvax/ultraedit_diffvax/woman_01__p3.png,main_table/images/ultraedit_full/edit_preflight/ultraedit_undefended/woman_01__p3.png
diffvax,ip2p,ultraedit_diffvax,woman_02,0,Add sunglasses to the person,ultraedit_undefended,0.07324,0.95749,27.392,0.73289,0.08328,0.042698,0.945098,0.07324,0.06486,0.08436,0.96589,0.94042,False,0.837,main_table/images/ultraedit_full/edit_defended/diffvax/ultraedit_diffvax/woman_02__p0.png,main_table/images/ultraedit_full/edit_preflight/ultraedit_undefended/woman_02__p0.png
diffvax,ip2p,ultraedit_diffvax,woman_02,1,Add a police suit to the person,ultraedit_undefended,0.08588,0.9499,26.877,0.71832,0.09319,0.045307,0.933333,0.08588,0.08039,0.09316,0.98045,0.97226,False,0.837,main_table/images/ultraedit_full/edit_defended/diffvax/ultraedit_diffvax/woman_02__p1.png,main_table/images/ultraedit_full/edit_preflight/ultraedit_undefended/woman_02__p1.png
diffvax,ip2p,ultraedit_diffvax,woman_02,2,Add a helmet to the person,ultraedit_undefended,0.09177,0.93694,24.256,0.69757,0.08722,0.061265,0.866667,0.09177,0.08267,0.10386,0.98145,0.94892,False,0.837,main_table/images/ultraedit_full/edit_defended/diffvax/ultraedit_diffvax/woman_02__p2.png,main_table/images/ultraedit_full/edit_preflight/ultraedit_undefended/woman_02__p2.png
diffvax,ip2p,ultraedit_diffvax,woman_02,3,Add a bowtie to the person,ultraedit_undefended,0.08714,0.9503,26.514,0.67786,0.07707,0.047236,0.917647,0.08714,0.06505,0.11648,0.96265,0.97371,False,0.837,main_table/images/ultraedit_full/edit_defended/diffvax/ultraedit_diffvax/woman_02__p3.png,main_table/images/ultraedit_full/edit_preflight/ultraedit_undefended/woman_02__p3.png
diffvax,ip2p,ultraedit_diffvax,woman_03,0,Add sunglasses to the person,ultraedit_undefended,0.06796,0.96032,28.967,0.74666,0.044,0.035617,0.772549,0.06796,0.05266,0.08174,0.97955,0.97138,False,0.837,main_table/images/ultraedit_full/edit_defended/diffvax/ultraedit_diffvax/woman_03__p0.png,main_table/images/ultraedit_full/edit_preflight/ultraedit_undefended/woman_03__p0.png
diffvax,ip2p,ultraedit_diffvax,woman_03,1,Add a police suit to the person,ultraedit_undefended,0.06636,0.95173,24.859,0.68238,0.05066,0.057152,0.803922,0.06636,0.06366,0.06878,0.953,0.89474,False,0.837,main_table/images/ultraedit_full/edit_defended/diffvax/ultraedit_diffvax/woman_03__p1.png,main_table/images/ultraedit_full/edit_preflight/ultraedit_undefended/woman_03__p1.png
diffvax,ip2p,ultraedit_diffvax,woman_03,2,Add a helmet to the person,ultraedit_undefended,0.07162,0.95499,25.524,0.6738,0.05219,0.052942,0.882353,0.07162,0.05572,0.08593,0.99361,0.98514,False,0.837,main_table/images/ultraedit_full/edit_defended/diffvax/ultraedit_diffvax/woman_03__p2.png,main_table/images/ultraedit_full/edit_preflight/ultraedit_undefended/woman_03__p2.png
diffvax,ip2p,ultraedit_diffvax,woman_03,3,Add a bowtie to the person,ultraedit_undefended,0.06248,0.96549,28.518,0.72731,0.03576,0.037506,0.831373,0.06248,0.04982,0.07388,0.99219,0.95007,False,0.837,main_table/images/ultraedit_full/edit_defended/diffvax/ultraedit_diffvax/woman_03__p3.png,main_table/images/ultraedit_full/edit_preflight/ultraedit_undefended/woman_03__p3.png
