loss,L_def,L_fid,defense_mode,edit_shift,attn_masked_l1,attn_ref_l1,attn_suppressed,attn_suppressed_rel,fid_acut,fid_pen_acut,fid_chroma,fid_pen_chroma,fid_linf_total,fid_psnr_total,fid_lpips,fid_lpips_rel,fid_ssim,fid_linf,fid_psnr,fid_pen_linf,fid_pen_lpips,fid_pen_psnr,step,stage,stage_step,lr,grad_norm
406.40179443359375,406.40179443359375,0.0,suppress_attn_ca,nan,406.40179443359375,410.95904541015625,4.5572509765625,0.01108930689678372,0.0,0.0,9.999999974752427e-07,0.0,0.5418576002120972,31.776735305786133,0.11440764367580414,0.0,0.9411872625350952,0.0,120.0,0.0,0.0,0.0,0,stage2,0,0.02,0.9999999403953552
396.57611083984375,396.57611083984375,0.0,suppress_attn_ca,nan,396.57611083984375,410.95904541015625,14.3829345703125,0.034998462087524225,0.013897576369345188,0.0,0.12373694777488708,0.0,0.5657467842102051,31.701337814331055,0.11613215506076813,0.005539224948734045,0.9403153657913208,0.13441088795661926,47.71898651123047,0.07441088557243347,0.0,0.0,1,stage2,1,0.02,0.9999998807907104
374.78533935546875,374.78533935546875,0.0,suppress_attn_ca,nan,374.78533935546875,410.95904541015625,36.1737060546875,0.08802265446812214,0.04345568269491196,0.0,0.3578903079032898,0.0,0.5816917419433594,31.216020584106445,0.1305752396583557,0.03530004620552063,0.9342095851898193,0.21456685662269592,38.71272277832031,0.15456685423851013,0.0,0.0,2,stage2,2,0.02,0.9999998807907104
351.54248046875,351.54248046875,0.0,suppress_attn_ca,nan,351.54248046875,410.95904541015625,59.41656494140625,0.14458025831285878,0.09108053147792816,0.0,0.7971309423446655,0.0,0.5815907716751099,29.808561325073242,0.19208788871765137,0.12256212532520294,0.9139298796653748,0.43682190775871277,32.99956130981445,0.376821905374527,0.0,1.0004386901855469,3,stage2,3,0.02,0.9999998807907104
334.4208984375,333.11627197265625,1.3046294450759888,suppress_attn_ca,nan,333.11627197265625,410.95904541015625,77.8427734375,0.18941735023695436,0.16005966067314148,5.9664249420166016e-05,1.3778791427612305,0.0,0.5934277772903442,27.8203182220459,0.2620406448841095,0.21298663318157196,0.8785001635551453,0.530321478843689,29.222923278808594,0.4703214764595032,0.012986630201339722,4.777076721191406,4,stage2,4,0.02,1.0
326.4031677246094,321.6618347167969,4.7413330078125,suppress_attn_ca,nan,321.6618347167969,410.95904541015625,89.29721069335938,0.21728980464278772,0.1622050702571869,0.002205073833465576,1.8890182971954346,0.0,0.5929509401321411,26.365127563476562,0.28453564643859863,0.2452082633972168,0.846436619758606,0.5691249370574951,27.200557708740234,0.5091249346733093,0.04520826041698456,6.799442291259766,5,stage2,5,0.02,1.0
318.0549621582031,312.3279724121094,5.726994514465332,suppress_attn_ca,nan,312.3279724121094,410.95904541015625,98.63107299804688,0.24000219510829474,0.15770885348320007,0.0,2.3470640182495117,0.0,0.6198322772979736,25.403812408447266,0.2919791340827942,0.257269948720932,0.8240846395492554,0.6308279037475586,26.016599655151367,0.5708279013633728,0.05726994574069977,7.983400344848633,6,stage2,6,0.02,0.9999999403953552
310.4682312011719,300.76898193359375,9.699254989624023,suppress_attn_ca,nan,300.76898193359375,410.95904541015625,110.1900634765625,0.26812906226844985,0.19308246672153473,0.033082470297813416,2.728455066680908,0.0,0.6724611520767212,24.679697036743164,0.2973666489124298,0.26391008496284485,0.8064000010490417,0.6824577450752258,25.16507911682129,0.62245774269104,0.06391008198261261,8.834920883178711,7,stage2,7,0.02,1.0
299.4401550292969,291.6654968261719,7.774658679962158,suppress_attn_ca,nan,291.6654968261719,410.95904541015625,119.29354858398438,0.290280868413357,0.1655818521976471,0.005581855773925781,3.0634841918945312,0.0,0.698586106300354,24.19194793701172,0.3041321039199829,0.2721647322177887,0.7943428754806519,0.7007912397384644,24.614917755126953,0.6407912373542786,0.07216472923755646,9.385082244873047,8,stage2,8,0.02,0.9999999403953552
307.30419921875,284.7719421386719,22.532270431518555,suppress_attn_ca,nan,284.7719421386719,410.95904541015625,126.18710327148438,0.30705517905207264,0.13603511452674866,0.0,3.345956563949585,0.14595651626586914,0.7485227584838867,23.845745086669922,0.3107093274593353,0.2793661952018738,0.7853856086730957,0.7281760573387146,24.22520637512207,0.6681760549545288,0.07936619222164154,9.77479362487793,9,stage2,9,0.02,1.0
292.64752197265625,281.78668212890625,10.860852241516113,suppress_attn_ca,nan,281.78668212890625,410.95904541015625,129.17236328125,0.3143193092448664,0.17738959193229675,0.01738959550857544,2.764187812805176,0.0,0.7738991975784302,23.7705135345459,0.32030099630355835,0.29121893644332886,0.7781921625137329,0.7622498273849487,24.134504318237305,0.7022498250007629,0.09121893346309662,9.865495681762695,10,stage2,10,0.02,0.9999998807907104
285.73388671875,276.805908203125,8.927987098693848,suppress_attn_ca,nan,276.805908203125,410.95904541015625,134.15313720703125,0.3264391882970727,0.14609624445438385,0.0,2.554351806640625,0.0,0.7224320769309998,23.76205062866211,0.3185920715332031,0.28927987813949585,0.7754015922546387,0.7102316617965698,24.120655059814453,0.650231659412384,0.08927987515926361,9.879344940185547,11,stage2,11,0.02,0.9999998211860657
277.2209167480469,268.989501953125,8.231406211853027,suppress_attn_ca,nan,268.989501953125,410.95904541015625,141.96954345703125,0.345459103632429,0.15968187153339386,0.0,2.5701279640197754,0.0,0.7310676574707031,23.72170639038086,0.3129483759403229,0.2823140621185303,0.773735523223877,0.7263410687446594,24.07134246826172,0.6663410663604736,0.08231405913829803,9.928657531738281,12,stage2,12,0.02,1.0
270.39404296875,260.77154541015625,9.62249755859375,suppress_attn_ca,nan,260.77154541015625,410.95904541015625,150.1875,0.36545612434471636,0.17993783950805664,0.019937843084335327,2.7001564502716064,0.0,0.7456250190734863,23.636131286621094,0.30789294838905334,0.27628713846206665,0.7716132998466492,0.7929198741912842,23.97402572631836,0.7329198718070984,0.07628713548183441,10.02597427368164,13,stage2,13,0.02,0.9999999403953552
263.13311767578125,255.306396484375,7.826714038848877,suppress_attn_ca,nan,255.306396484375,410.95904541015625,155.65264892578125,0.3787546488250007,0.13789048790931702,0.0,2.866398572921753,0.0,0.7710404992103577,23.519752502441406,0.3093445897102356,0.27826714515686035,0.7688496112823486,0.7938125133514404,23.837417602539062,0.7338125109672546,0.07826714217662811,10.162582397460938,14,stage2,14,0.02,0.9999998211860657
257.5689697265625,249.89183044433594,7.677142143249512,suppress_attn_ca,nan,249.89183044433594,410.95904541015625,161.0672149658203,0.39193008832563286,0.14791937172412872,0.0,3.034984827041626,0.0,0.7940856218338013,23.34904670715332,0.3080802857875824,0.2767714262008667,0.7650758624076843,0.7999289035797119,23.642671585083008,0.7399289011955261,0.07677142322063446,10.357328414916992,15,stage2,15,0.02,1.0
254.74388122558594,244.50314331054688,10.240734100341797,suppress_attn_ca,nan,244.50314331054688,410.95904541015625,166.45590209960938,0.4050425558427085,0.18782643973827362,0.027826443314552307,3.185786485671997,0.0,0.8046826124191284,23.15273094177246,0.30634793639183044,0.2745808959007263,0.7611591219902039,0.7937841415405273,23.425443649291992,0.7337841391563416,0.07458089292049408,10.574556350708008,16,stage2,16,0.02,0.9999999403953552
262.3191223144531,240.83116149902344,21.487974166870117,suppress_attn_ca,nan,240.83116149902344,410.95904541015625,170.1278839111328,0.4139777085118963,0.1665772795677185,0.006577283143997192,3.330017566680908,0.13001751899719238,0.79438316822052,23.038597106933594,0.30963531136512756,0.2782849371433258,0.7586702108383179,0.7544809579849243,23.304460525512695,0.6944809556007385,0.07828493416309357,10.695539474487305,17,stage2,17,0.02,1.0000001192092896
249.10745239257812,239.9822998046875,9.12515640258789,suppress_attn_ca,nan,239.9822998046875,410.95904541015625,170.97674560546875,0.41604327125790846,0.16572558879852295,0.005725592374801636,2.811760425567627,0.0,0.7840449810028076,23.039295196533203,0.31593838334083557,0.28552597761154175,0.7563356161117554,0.7441427707672119,23.310443878173828,0.6841427683830261,0.08552597463130951,10.689556121826172,18,stage2,18,0.02,0.9999999403953552
246.59597778320312,237.97824096679688,8.617733001708984,suppress_attn_ca,nan,237.97824096679688,410.95904541015625,172.98080444335938,0.42091981275340096,0.12975263595581055,0.0,2.563793182373047,0.0,0.772863507270813,23.03548812866211,0.3164093494415283,0.2861773371696472,0.7554437518119812,0.7536545991897583,23.313316345214844,0.6936545968055725,0.08617733418941498,10.686683654785156,19,stage2,19,0.02,0.9999998807907104
241.34860229492188,233.4045867919922,7.944019317626953,suppress_attn_ca,nan,233.4045867919922,410.95904541015625,177.55445861816406,0.43204903408551687,0.1485644280910492,0.0,2.548072338104248,0.0,0.74602210521698,22.96623992919922,0.31120386719703674,0.2794401943683624,0.7542993426322937,0.8067657947540283,23.24645233154297,0.7467657923698425,0.07944019138813019,10.753547668457031,20,stage2,20,0.02,0.9999998211860657
239.19300842285156,228.01388549804688,11.179129600524902,suppress_attn_ca,nan,228.01388549804688,410.95904541015625,182.94515991210938,0.44516640272395414,0.1955694854259491,0.03556948900222778,2.621699571609497,0.0,0.7524228692054749,22.839759826660156,0.3096184730529785,0.2762218117713928,0.7520727515220642,0.8506954908370972,23.11589241027832,0.7906954884529114,0.07622180879116058,10.88410758972168,21,stage2,21,0.02,0.9999999403953552
234.0029754638672,225.32113647460938,8.681833267211914,suppress_attn_ca,nan,225.32113647460938,410.95904541015625,185.63790893554688,0.45171875642808057,0.1695995181798935,0.00959952175617218,2.723513126373291,0.0,0.7767435312271118,22.752931594848633,0.31102293729782104,0.2772188186645508,0.7505955696105957,0.8440748453140259,23.028247833251953,0.7840748429298401,0.07721881568431854,10.971752166748047,22,stage2,22,0.02,0.9999999403953552
231.47866821289062,223.5299530029297,7.948719024658203,suppress_attn_ca,nan,223.5299530029297,410.95904541015625,187.42909240722656,0.45607730137722996,0.12760309875011444,0.0,2.8384640216827393,0.0,0.8050529360771179,22.674264907836914,0.3133421540260315,0.2794871926307678,0.7490091323852539,0.7661498785018921,22.952577590942383,0.7061498761177063,0.07948718965053558,11.047422409057617,23,stage2,23,0.02,0.9999998211860657
227.59678649902344,219.77767944335938,7.8191022872924805,suppress_attn_ca,nan,219.77767944335938,410.95904541015625,191.18136596679688,0.4652078305661553,0.16173717379570007,0.0017371773719787598,2.9554171562194824,0.0,0.8206128478050232,22.59330940246582,0.31089067459106445,0.2764538526535034,0.7476123571395874,0.7405930757522583,22.87236976623535,0.6805930733680725,0.07645384967327118,11.127630233764648,24,stage2,24,0.02,1.0
224.70297241210938,216.9981689453125,7.704810619354248,suppress_attn_ca,nan,216.9981689453125,410.95904541015625,193.96087646484375,0.47197130378590835,0.14974743127822876,0.0,3.059635639190674,0.0,0.8105790615081787,22.554807662963867,0.31151947379112244,0.27704811096191406,0.7472766637802124,0.7496225237846375,22.834672927856445,0.6896225214004517,0.07704810798168182,11.165327072143555,25,stage2,25,0.02,0.9999998807907104
220.4638671875,212.9963836669922,7.467483043670654,suppress_attn_ca,nan,212.9963836669922,410.95904541015625,197.96266174316406,0.4817089779483698,0.15289202332496643,0.0,3.1433348655700684,0.0,0.7984810471534729,22.510948181152344,0.30999094247817993,0.27467483282089233,0.747391402721405,0.76392662525177,22.78989601135254,0.7039266228675842,0.0746748298406601,11.210103988647461,26,stage2,26,0.02,0.9999998807907104
218.6378173828125,209.224365234375,9.413457870483398,suppress_attn_ca,nan,209.224365234375,410.95904541015625,201.73468017578125,0.4908875529785228,0.16840720176696777,0.00840720534324646,3.2138009071350098,0.013800859451293945,0.7992975115776062,22.452865600585938,0.3084421753883362,0.27192652225494385,0.7471417188644409,0.7803224325180054,22.728404998779297,0.7203224301338196,0.07192651927471161,11.271595001220703,27,stage2,27,0.02,1.0
218.36294555664062,208.5911102294922,9.771827697753906,suppress_attn_ca,nan,208.5911102294922,410.95904541015625,202.36793518066406,0.4924284729605877,0.18345430493354797,0.02345430850982666,2.657012462615967,0.0,0.7875482439994812,22.488861083984375,0.3101460635662079,0.27426397800445557,0.7461628913879395,0.7463366985321045,22.764896392822266,0.6863366961479187,0.07426397502422333,11.235103607177734,28,stage2,28,0.02,1.0
215.5802459716797,208.0155029296875,7.564736843109131,suppress_attn_ca,nan,208.0155029296875,410.95904541015625,202.94354248046875,0.4938291169085271,0.14660604298114777,0.0,2.3736603260040283,0.0,0.7769072651863098,22.51683235168457,0.31075912714004517,0.27564737200737,0.7457729578018188,0.7379672527313232,22.793760299682617,0.6779672503471375,0.07564736902713776,11.206239700317383,29,stage2,29,0.02,0.9999999403953552
213.591552734375,206.43359375,7.157956123352051,suppress_attn_ca,nan,206.43359375,410.95904541015625,204.52545166015625,0.49767842792225275,0.15255624055862427,0.0,2.3225011825561523,0.0,0.7665084004402161,22.507957458496094,0.30752670764923096,0.2715795636177063,0.7455646991729736,0.7317359447479248,22.783035278320312,0.671735942363739,0.07157956063747406,11.216964721679688,30,stage2,30,0.02,0.9999999403953552
211.63909912109375,203.5930633544922,8.046038627624512,suppress_attn_ca,nan,203.5930633544922,410.95904541015625,207.36598205566406,0.5045903828414414,0.17303705215454102,0.013037055730819702,2.3845481872558594,0.0,0.7591809034347534,22.462360382080078,0.3045320212841034,0.2674233317375183,0.7455322742462158,0.7341122627258301,22.733722686767578,0.6741122603416443,0.06742332875728607,11.266277313232422,31,stage2,31,0.02,1.0
208.45765686035156,201.63717651367188,6.820486545562744,suppress_attn_ca,nan,201.63717651367188,410.95904541015625,209.32186889648438,0.5093497058510329,0.13311421871185303,0.0,2.48810076713562,0.0,0.7577123641967773,22.443382263183594,0.3054531216621399,0.26820486783981323,0.7457345724105835,0.7342567443847656,22.715206146240234,0.6742567420005798,0.068204864859581,11.284793853759766,32,stage2,32,0.02,0.9999998211860657
205.56356811523438,198.8552703857422,6.708292484283447,suppress_attn_ca,nan,198.8552703857422,410.95904541015625,212.10377502441406,0.5161190084348298,0.14264151453971863,0.0,2.600576639175415,0.0,0.7620355486869812,22.405990600585938,0.30487507581710815,0.26708292961120605,0.745597243309021,0.742035984992981,22.676525115966797,0.6820359826087952,0.06708292663097382,11.323474884033203,33,stage2,33,0.02,0.9999999403953552
205.27896118164062,196.0645751953125,9.214378356933594,suppress_attn_ca,nan,196.0645751953125,410.95904541015625,214.89447021484375,0.5229096977300234,0.1869978904724121,0.026997894048690796,2.7029621601104736,0.0,0.7608054280281067,22.352401733398438,0.3034948408603668,0.2651458978652954,0.7455133199691772,0.7558796405792236,22.617889404296875,0.6958796381950378,0.06514589488506317,11.382110595703125,34,stage2,34,0.02,1.0
201.5564422607422,194.90621948242188,6.650219917297363,suppress_attn_ca,nan,194.90621948242188,410.95904541015625,216.05282592773438,0.5257283623289118,0.145634725689888,0.0,2.798314094543457,0.0,0.7578977942466736,22.30257797241211,0.3041444420814514,0.2665022015571594,0.745354413986206,0.7436420917510986,22.564788818359375,0.6836420893669128,0.06650219857692719,11.435211181640625,35,stage2,35,0.02,0.9999999403953552
199.56204223632812,192.90267944335938,6.659368991851807,suppress_attn_ca,nan,192.90267944335938,410.95904541015625,218.05636596679688,0.5306036414143567,0.15183478593826294,0.0,2.888117790222168,0.0,0.7565972208976746,22.234792709350586,0.30424073338508606,0.26659369468688965,0.7447503805160522,0.7506144046783447,22.4903564453125,0.6906144022941589,0.06659369170665741,11.5096435546875,36,stage2,36,0.02,0.9999998807907104
199.37026977539062,191.0413818359375,8.328895568847656,suppress_attn_ca,nan,191.0413818359375,410.95904541015625,219.91766357421875,0.535132797368484,0.1790691316127777,0.019069135189056396,2.963665246963501,0.0,0.757853090763092,22.16020393371582,0.303128719329834,0.26421982049942017,0.7441871166229248,0.758715033531189,22.40842628479004,0.6987150311470032,0.06421981751918793,11.591573715209961,37,stage2,37,0.02,1.0
196.82415771484375,190.360107421875,6.464050769805908,suppress_attn_ca,nan,190.360107421875,410.95904541015625,220.59893798828125,0.536790564539377,0.13868269324302673,0.0,3.041410446166992,0.0,0.7523239254951477,22.130144119262695,0.3041451573371887,0.2646405100822449,0.7445101737976074,0.7588071823120117,22.372066497802734,0.6988071799278259,0.06464050710201263,11.627933502197266,38,stage2,38,0.02,0.9999998807907104
195.14205932617188,188.75656127929688,6.385497570037842,suppress_attn_ca,nan,188.75656127929688,410.95904541015625,222.20248413085938,0.5406925254780338,0.15015916526317596,0.0,3.0968942642211914,0.0,0.7464747428894043,22.08306884765625,0.30388158559799194,0.26385498046875,0.7441050410270691,0.7565460205078125,22.31928062438965,0.6965460181236267,0.06385497748851776,11.680719375610352,39,stage2,39,0.02,0.9999999403953552
194.60545349121094,186.5452117919922,8.060235977172852,suppress_attn_ca,nan,186.5452117919922,410.95904541015625,224.41383361816406,0.5460734740470029,0.1779431700706482,0.01794317364692688,3.1478726863861084,0.0,0.7674517631530762,22.016813278198242,0.30361688137054443,0.2626591920852661,0.7431559562683105,0.7546868324279785,22.247018814086914,0.6946868300437927,0.06265918910503387,11.752981185913086,40,stage2,40,0.02,1.0
191.7955322265625,185.37570190429688,6.419824123382568,suppress_attn_ca,nan,185.37570190429688,410.95904541015625,225.58334350585938,0.5489192804619173,0.14417949318885803,0.0,3.184819221496582,0.0,0.761490523815155,21.95744514465332,0.30555495619773865,0.2641982436180115,0.7419654726982117,0.7684532403945923,22.185157775878906,0.7084532380104065,0.06419824063777924,11.814842224121094,41,stage2,41,0.02,0.9999999403953552
192.8936767578125,184.05003356933594,8.843647003173828,suppress_attn_ca,nan,184.05003356933594,410.95904541015625,226.9090118408203,0.5521450723011938,0.15996572375297546,0.0,3.2250025272369385,0.025002479553222656,0.795671284198761,21.878061294555664,0.3053818345069885,0.2634339928627014,0.7408830523490906,0.7852199077606201,22.10007095336914,0.7252199053764343,0.06343398988246918,11.89992904663086,42,stage2,42,0.02,0.9999999403953552
194.0086669921875,184.1393280029297,9.869333267211914,suppress_attn_ca,nan,184.1393280029297,410.95904541015625,226.81971740722656,0.5519277892541578,0.19197073578834534,0.03197073936462402,2.6764426231384277,0.0,0.8035556674003601,21.85788917541504,0.30804869532585144,0.26672258973121643,0.7390716075897217,0.7980496883392334,22.081165313720703,0.7380496859550476,0.06672258675098419,11.918834686279297,43,stage2,43,0.02,0.9999999403953552
191.35658264160156,184.033447265625,7.323133945465088,suppress_attn_ca,nan,184.033447265625,410.95904541015625,226.92559814453125,0.5521854322930134,0.16364262998104095,0.003642633557319641,2.433056116104126,0.0,0.8012366890907288,21.845836639404297,0.31005406379699707,0.2695887088775635,0.738398551940918,0.7928104400634766,22.073486328125,0.7328104376792908,0.06958870589733124,11.926513671875,44,stage2,44,0.02,1.0
191.07644653320312,184.0927734375,6.983677864074707,suppress_attn_ca,nan,184.0927734375,410.95904541015625,226.86627197265625,0.5520410719910865,0.11794929951429367,0.0,2.3964428901672363,0.0,0.7699041962623596,21.852428436279297,0.30923858284950256,0.26983678340911865,0.7388242483139038,0.7701759338378906,22.087139129638672,0.7101759314537048,0.06983678042888641,11.912860870361328,45,stage2,45,0.02,0.9999998807907104
189.8262176513672,183.11949157714844,6.706725120544434,suppress_attn_ca,nan,183.11949157714844,410.95904541015625,227.8395538330078,0.5544093903703065,0.1404842734336853,0.0,2.4556307792663574,0.0,0.7903023958206177,21.826969146728516,0.3059691786766052,0.2670672535896301,0.7392337322235107,0.7597863674163818,22.065343856811523,0.699786365032196,0.06706725060939789,11.934656143188477,46,stage2,46,0.02,0.9999998211860657
189.00318908691406,181.1474609375,7.855733871459961,suppress_attn_ca,nan,181.1474609375,410.95904541015625,229.81158447265625,0.5592079966102063,0.17351634800434113,0.013516351580619812,2.552830219268799,0.0,0.8031042814254761,21.783769607543945,0.30436617136001587,0.2650409936904907,0.7390075922012329,0.7436660528182983,22.02166748046875,0.6836660504341125,0.06504099071025848,11.97833251953125,47,stage2,47,0.02,0.9999999403953552
186.78591918945312,180.1750946044922,6.610818386077881,suppress_attn_ca,nan,180.1750946044922,410.95904541015625,230.78395080566406,0.5615740872069891,0.1526387482881546,0.0,2.6645946502685547,0.0,0.7743430137634277,21.758726119995117,0.30528756976127625,0.2661081850528717,0.738890528678894,0.7427133321762085,21.99510955810547,0.6827133297920227,0.06610818207263947,12.004890441894531,48,stage2,48,0.02,0.9999998211860657
186.809814453125,179.32583618164062,7.48397970199585,suppress_attn_ca,nan,179.32583618164062,410.95904541015625,231.63320922851562,0.5636406153253907,0.1684304028749466,0.00843040645122528,2.78041672706604,0.0,0.7675077319145203,21.702129364013672,0.30560535192489624,0.26640939712524414,0.7372997999191284,0.7487750053405762,21.93478012084961,0.6887750029563904,0.0664093941450119,12.06521987915039,49,stage2,49,0.02,1.0
185.94757080078125,179.12551879882812,6.822048187255859,suppress_attn_ca,nan,179.12551879882812,410.95904541015625,231.83352661132812,0.5641280541226377,0.12611787021160126,0.0,2.8579258918762207,0.0,0.7808102965354919,21.621814727783203,0.3074803650379181,0.2682204842567444,0.735357940196991,0.7544424533843994,21.85196876525879,0.6944424510002136,0.06822048127651215,12.148031234741211,50,stage2,50,0.02,0.9999998807907104
184.87632751464844,178.2191162109375,6.657217502593994,suppress_attn_ca,nan,178.2191162109375,410.95904541015625,232.73992919921875,0.5663336329948243,0.1290423423051834,0.0,2.915926456451416,0.0,0.7934979796409607,21.545886993408203,0.3061884641647339,0.26657217741012573,0.7335257530212402,0.7686117887496948,21.774309158325195,0.708611786365509,0.0665721744298935,12.225690841674805,51,stage2,51,0.02,0.9999997615814209
183.38462829589844,176.96527099609375,6.4193501472473145,suppress_attn_ca,nan,176.96527099609375,410.95904541015625,233.9937744140625,0.5693846553019069,0.14785632491111755,0.0,2.9709668159484863,0.0,0.7908305525779724,21.466968536376953,0.30490416288375854,0.26419350504875183,0.7323963046073914,0.7723134756088257,21.692707061767578,0.7123134732246399,0.06419350206851959,12.307292938232422,52,stage2,52,0.02,0.9999998211860657
182.4281005859375,175.4405975341797,6.987510681152344,suppress_attn_ca,nan,175.4405975341797,410.95904541015625,235.51844787597656,0.5730946927836038,0.1674397885799408,0.007439792156219482,3.002720832824707,0.0,0.7851129770278931,21.398000717163086,0.3041520416736603,0.26243531703948975,0.7313248515129089,0.7671325206756592,21.622596740722656,0.7071325182914734,0.06243531405925751,12.377403259277344,53,stage2,53,0.02,1.0
181.9391632080078,175.6368865966797,6.302277565002441,suppress_attn_ca,nan,175.6368865966797,410.95904541015625,235.32215881347656,0.5726170562290802,0.13126972317695618,0.0,3.0557899475097656,0.0,0.7795053124427795,21.367359161376953,0.30527442693710327,0.263022780418396,0.7319485545158386,0.7704600095748901,21.592906951904297,0.7104600071907043,0.06302277743816376,12.407093048095703,54,stage2,54,0.02,0.9999998807907104
181.08651733398438,174.76242065429688,6.324092864990234,suppress_attn_ca,nan,174.76242065429688,410.95904541015625,236.19662475585938,0.5747449226239179,0.1489942967891693,0.0,3.1186866760253906,0.0,0.7798489928245544,21.31745147705078,0.305874228477478,0.2632409334182739,0.7317121028900146,0.7839032411575317,21.543180465698242,0.723903238773346,0.06324093043804169,12.456819534301758,55,stage2,55,0.02,0.9999999403953552
181.3125,172.95590209960938,8.356602668762207,suppress_attn_ca,nan,172.95590209960938,410.95904541015625,238.00314331054688,0.5791407829288894,0.1816626787185669,0.02166268229484558,3.171173572540283,0.0,0.7940003275871277,21.26542091369629,0.3052636384963989,0.2619033455848694,0.7314085364341736,0.7936704158782959,21.489288330078125,0.7336704134941101,0.061903342604637146,12.510711669921875,56,stage2,56,0.02,1.0
179.8167724609375,172.48855590820312,7.328222751617432,suppress_attn_ca,nan,172.48855590820312,410.95904541015625,238.47048950195312,0.5802779916036365,0.1546543836593628,0.0,3.2104086875915527,0.010408639907836914,0.7876667976379395,21.217796325683594,0.30627816915512085,0.2628735899925232,0.73125159740448,0.7897275686264038,21.44214630126953,0.729727566242218,0.06287358701229095,12.557853698730469,57,stage2,57,0.02,1.0
181.887939453125,174.05087280273438,7.837061882019043,suppress_attn_ca,nan,174.05087280273438,410.95904541015625,236.90817260742188,0.5764763551340657,0.17107447981834412,0.011074483394622803,2.6239662170410156,0.0,0.7920039296150208,21.22646713256836,0.30920523405075073,0.2672961354255676,0.7308250665664673,0.7955676317214966,21.450063705444336,0.7355676293373108,0.06729613244533539,12.549936294555664,58,stage2,58,0.02,0.9999999403953552
181.0383758544922,174.296142578125,6.7422285079956055,suppress_attn_ca,nan,174.296142578125,410.95904541015625,236.66290283203125,0.575879532219155,0.13677819073200226,0.0,2.4391345977783203,0.0,0.7913191914558411,21.22601318359375,0.30783969163894653,0.26742228865623474,0.7311266660690308,0.8030903339385986,21.44879150390625,0.7430903315544128,0.0674222856760025,12.55120849609375,59,stage2,59,0.02,1.0
178.52099609375,172.18710327148438,6.333898067474365,suppress_attn_ca,nan,172.18710327148438,410.95904541015625,238.77194213867188,0.5810115261007733,0.132520854473114,0.0,2.496546506881714,0.0,0.7899107933044434,21.20561408996582,0.303521990776062,0.26333898305892944,0.7313177585601807,0.8162024617195129,21.42560577392578,0.7562024593353271,0.0633389800786972,12.574394226074219,60,stage2,60,0.02,0.9999999403953552
177.04396057128906,170.85972595214844,6.184230804443359,suppress_attn_ca,nan,170.85972595214844,410.95904541015625,240.0993194580078,0.5842414764672658,0.14895203709602356,0.0,2.6449804306030273,0.0,0.7928751111030579,21.1766357421875,0.3019788861274719,0.2618423104286194,0.7307207584381104,0.831098735332489,21.394508361816406,0.7710987329483032,0.061842307448387146,12.605491638183594,61,stage2,61,0.02,0.9999998807907104
177.205810546875,169.99050903320312,7.215294361114502,suppress_attn_ca,nan,169.99050903320312,410.95904541015625,240.96853637695312,0.5863565702427971,0.1702597290277481,0.010259732604026794,2.8204345703125,0.0,0.8148593306541443,21.13884162902832,0.3024015724658966,0.26189321279525757,0.7296370267868042,0.8301852941513062,21.353347778320312,0.7701852917671204,0.06189320981502533,12.646652221679688,62,stage2,62,0.02,1.0
176.88571166992188,170.51785278320312,6.367866516113281,suppress_attn_ca,nan,170.51785278320312,410.95904541015625,240.44119262695312,0.5850733675590024,0.1452719122171402,0.0,2.9886274337768555,0.0,0.8570563197135925,21.091623306274414,0.3041180372238159,0.2636786699295044,0.7288262248039246,0.8298733234405518,21.300203323364258,0.769873321056366,0.06367866694927216,12.699796676635742,63,stage2,63,0.02,0.9999998807907104
176.25833129882812,169.3694305419922,6.888897895812988,suppress_attn_ca,nan,169.3694305419922,410.95904541015625,241.58961486816406,0.587867860718448,0.1665908396244049,0.006590843200683594,3.133420467376709,0.0,0.8562209010124207,21.04109764099121,0.3035624623298645,0.2622981369495392,0.7281917929649353,0.8332068920135498,21.243759155273438,0.773206889629364,0.062298133969306946,12.756240844726562,64,stage2,64,0.02,1.0
181.96084594726562,169.23992919921875,12.720916748046875,suppress_attn_ca,nan,169.23992919921875,410.95904541015625,241.7191162109375,0.5881829805441819,0.13446402549743652,0.0,3.263566493988037,0.06356644630432129,0.8658373355865479,21.03058624267578,0.3050083816051483,0.26364272832870483,0.7288932800292969,0.8446599245071411,21.230009078979492,0.7846599221229553,0.0636427253484726,12.769990921020508,65,stage2,65,0.02,1.0
177.85533142089844,171.0211639404297,6.834162712097168,suppress_attn_ca,nan,171.0211639404297,410.95904541015625,239.93788146972656,0.5838486441641828,0.13983820378780365,0.0,2.6477413177490234,0.0,0.8703188896179199,21.030414581298828,0.3094467520713806,0.26834163069725037,0.7283061742782593,0.8491414785385132,21.231367111206055,0.7891414761543274,0.06834162771701813,12.768632888793945,66,stage2,66,0.02,0.9999998211860657
176.5061492919922,170.05242919921875,6.453721046447754,suppress_attn_ca,nan,170.05242919921875,410.95904541015625,240.9066162109375,0.5862058978906316,0.15933933854103088,0.0,2.2456352710723877,0.0,0.8560649156570435,21.009716033935547,0.30620813369750977,0.2645372152328491,0.727554440498352,0.8348875045776367,21.210525512695312,0.7748875021934509,0.06453721225261688,12.789474487304688,67,stage2,67,0.02,0.9999999403953552
176.4171905517578,168.32736206054688,8.08983325958252,suppress_attn_ca,nan,168.32736206054688,410.95904541015625,242.63168334960938,0.590403559818112,0.17905911803245544,0.01905912160873413,2.1219019889831543,0.0,0.8293717503547668,20.975072860717773,0.3033559322357178,0.26183921098709106,0.7267286777496338,0.8322004675865173,21.174617767333984,0.7722004652023315,0.061839208006858826,12.825382232666016,68,stage2,68,0.02,1.0
174.62156677246094,168.35171508789062,6.26984977722168,suppress_attn_ca,nan,168.35171508789062,410.95904541015625,242.60733032226562,0.590344300805284,0.15099631249904633,0.0,2.1422677040100098,0.0,0.8277794122695923,20.91487693786621,0.3039969205856323,0.2626985013484955,0.7255016565322876,0.8331965208053589,21.114307403564453,0.7731965184211731,0.06269849836826324,12.885692596435547,69,stage2,69,0.02,0.9999998211860657
176.01510620117188,167.75372314453125,8.261388778686523,suppress_attn_ca,nan,167.75372314453125,410.95904541015625,243.205322265625,0.5917994140338115,0.18054823577404022,0.02054823935031891,2.2417421340942383,0.0,0.8239688873291016,20.846424102783203,0.304939866065979,0.2620656490325928,0.7242422103881836,0.8424046039581299,21.045116424560547,0.7824046015739441,0.062065646052360535,12.954883575439453,70,stage2,70,0.02,1.0000001192092896
173.9033203125,167.5548553466797,6.348465442657471,suppress_attn_ca,nan,167.5548553466797,410.95904541015625,243.40419006347656,0.5922833255088663,0.14620646834373474,0.0,2.3898251056671143,0.0,0.8184754848480225,20.817651748657227,0.306730180978775,0.2634846568107605,0.7241270542144775,0.837100088596344,21.018190383911133,0.7771000862121582,0.06348465383052826,12.981809616088867,71,stage2,71,0.02,1.0
172.7396240234375,166.61782836914062,6.12178897857666,suppress_attn_ca,nan,166.61782836914062,410.95904541015625,244.34121704101562,0.5945634237035754,0.15099963545799255,0.0,2.534524917602539,0.0,0.8371989130973816,20.792333602905273,0.3047111928462982,0.2612178921699524,0.723641037940979,0.8331441879272461,20.99481773376465,0.7731441855430603,0.061217889189720154,13.005182266235352,72,stage2,72,0.02,0.9999999403953552
171.55718994140625,165.30902099609375,6.248162269592285,suppress_attn_ca,nan,165.30902099609375,410.95904541015625,245.6500244140625,0.5977481872163012,0.16253289580345154,0.0025328993797302246,2.6764817237854004,0.0,0.8426496982574463,20.7618408203125,0.30419719219207764,0.25994873046875,0.7231130003929138,0.8191899061203003,20.965129852294922,0.7591899037361145,0.05994872748851776,13.034870147705078,73,stage2,73,0.02,0.9999999403953552
171.27377319335938,165.13368225097656,6.140096664428711,suppress_attn_ca,nan,165.13368225097656,410.95904541015625,245.8253631591797,0.5981748446827214,0.14349865913391113,0.0,2.8056435585021973,0.0,0.8339354991912842,20.729244232177734,0.3055630624294281,0.26140096783638,0.7232040166854858,0.8224731683731079,20.931976318359375,0.7624731659889221,0.061400964856147766,13.068023681640625,74,stage2,74,0.02,0.9999998807907104
169.98068237304688,163.80361938476562,6.177058696746826,suppress_attn_ca,nan,163.80361938476562,410.95904541015625,247.15542602539062,0.6014113298776962,0.16328902542591095,0.0032890290021896362,2.911329746246338,0.0,0.8262016177177429,20.701942443847656,0.30320072174072266,0.25848156213760376,0.7233039140701294,0.8289813995361328,20.902271270751953,0.768981397151947,0.05848155915737152,13.097728729248047,75,stage2,75,0.02,1.0
169.3426055908203,163.4514617919922,5.891142845153809,suppress_attn_ca,nan,163.4514617919922,410.95904541015625,247.50758361816406,0.6022682463921435,0.14232715964317322,0.0,3.0028083324432373,0.0,0.8404874801635742,20.664840698242188,0.3029952347278595,0.2589114308357239,0.7237323522567749,0.8154463171958923,20.863115310668945,0.7554463148117065,0.05891142785549164,13.136884689331055,76,stage2,76,0.02,0.9999999403953552
168.57977294921875,162.5828857421875,5.996893405914307,suppress_attn_ca,nan,162.5828857421875,410.95904541015625,248.37615966796875,0.6043817807199688,0.16220524907112122,0.0022052526473999023,3.075150489807129,0.0,0.8576638698577881,20.63187026977539,0.30184853076934814,0.25776368379592896,0.723360538482666,0.8146079778671265,20.829370498657227,0.7546079754829407,0.057763680815696716,13.170629501342773,77,stage2,77,0.02,1.0
168.61941528320312,162.68350219726562,5.935917854309082,suppress_attn_ca,nan,162.68350219726562,410.95904541015625,248.27554321289062,0.6041369474301267,0.13165299594402313,0.0,3.1343886852264404,0.0,0.8517044186592102,20.619049072265625,0.30322933197021484,0.2593591809272766,0.7231532335281372,0.8184187412261963,20.818798065185547,0.7584187388420105,0.05935917794704437,13.181201934814453,78,stage2,78,0.02,0.9999999403953552
169.33465576171875,163.521484375,5.813168048858643,suppress_attn_ca,nan,163.521484375,410.95904541015625,247.43756103515625,0.6020978581654093,0.14323610067367554,0.0,3.1741623878479004,0.0,0.8260216116905212,20.591167449951172,0.3027995824813843,0.2581316828727722,0.7223691940307617,0.8149076700210571,20.791234970092773,0.7549076676368713,0.05813167989253998,13.208765029907227,79,stage2,79,0.02,0.9999999403953552
171.05404663085938,163.4241943359375,7.629854679107666,suppress_attn_ca,nan,163.4241943359375,410.95904541015625,247.53485107421875,0.602334597179063,0.16108757257461548,0.001087576150894165,3.214543104171753,0.01454305648803711,0.8362971544265747,20.554792404174805,0.3053247332572937,0.26066792011260986,0.7210206389427185,0.818741500377655,20.755325317382812,0.7587414979934692,0.060667917132377625,13.244674682617188,80,stage2,80,0.02,1.0
174.49496459960938,166.06016540527344,8.434802055358887,suppress_attn_ca,nan,166.06016540527344,410.95904541015625,244.8988800048828,0.5959204031157468,0.1787574738264084,0.018757477402687073,2.6033072471618652,0.0,0.8440051078796387,20.55678939819336,0.30888253450393677,0.2655905485153198,0.7197893857955933,0.8199171423912048,20.75707244873047,0.759917140007019,0.06559054553508759,13.242927551269531,81,stage2,81,0.02,0.9999998807907104
172.5033416748047,165.8951873779297,6.608156681060791,suppress_attn_ca,nan,165.8951873779297,410.95904541015625,245.06385803222656,0.59632184951092,0.1592130959033966,0.0,2.2998480796813965,0.0,0.8220396041870117,20.56623077392578,0.30818092823028564,0.2660815715789795,0.7199388742446899,0.8192681670188904,20.76559066772461,0.7592681646347046,0.06608156859874725,13.23440933227539,82,stage2,82,0.02,0.9999999403953552
170.97572326660156,163.6544189453125,7.321305274963379,suppress_attn_ca,nan,163.6544189453125,410.95904541015625,247.30462646484375,0.6017743841555361,0.1710803210735321,0.011080324649810791,2.2993533611297607,0.0,0.8330307006835938,20.568031311035156,0.30433258414268494,0.2621327340602875,0.7200783491134644,0.8190902471542358,20.76456069946289,0.75909024477005,0.06213273108005524,13.23543930053711,83,stage2,83,0.02,1.0
169.1605987548828,162.96571350097656,6.19488525390625,suppress_attn_ca,nan,162.96571350097656,410.95904541015625,247.9933319091797,0.6034502334938773,0.1369592696428299,0.0,2.438136577606201,0.0,0.8210813403129578,20.55160903930664,0.3043437600135803,0.2619488537311554,0.7198182940483093,0.8239673376083374,20.74460220336914,0.7639673352241516,0.06194885075092316,13.25539779663086,84,stage2,84,0.02,0.9999998807907104
167.52838134765625,161.3358917236328,6.192489147186279,suppress_attn_ca,nan,161.3358917236328,410.95904541015625,249.62315368652344,0.6074161317884801,0.14934667944908142,0.0,2.6085619926452637,0.0,0.8254960775375366,20.52285385131836,0.304351270198822,0.2619248926639557,0.7189338207244873,0.8276616334915161,20.712364196777344,0.7676616311073303,0.06192488968372345,13.287635803222656,85,stage2,85,0.02,0.9999999403953552
167.83053588867188,159.94383239746094,7.886697292327881,suppress_attn_ca,nan,159.94383239746094,410.95904541015625,251.0152130126953,0.6108034749841568,0.1783929467201233,0.018392950296401978,2.7486116886138916,0.0,0.83528071641922,20.490903854370117,0.3032209873199463,0.2604740262031555,0.7176569700241089,0.8274312615394592,20.677433013916016,0.7674312591552734,0.06047402322292328,13.322566986083984,86,stage2,86,0.02,1.0
165.9706268310547,159.74330139160156,6.22731876373291,suppress_attn_ca,nan,159.74330139160156,410.95904541015625,251.2157440185547,0.6112914335973058,0.14474119246006012,0.0,2.8749842643737793,0.0,0.836663544178009,20.483867645263672,0.3044508993625641,0.2622731924057007,0.7177534103393555,0.8267682194709778,20.66980743408203,0.766768217086792,0.062273189425468445,13.330192565917969,87,stage2,87,0.02,0.9999999403953552
164.63247680664062,158.62132263183594,6.0111565589904785,suppress_attn_ca,nan,158.62132263183594,410.95904541015625,252.3377227783203,0.6140215809740251,0.1457201987504959,0.0,2.976925849914551,0.0,0.8370192646980286,20.46173858642578,0.30197274684906006,0.26011157035827637,0.7178770303726196,0.8244462609291077,20.64580726623535,0.7644462585449219,0.06011156737804413,13.354192733764648,88,stage2,88,0.02,0.9999999403953552
164.89779663085938,157.71884155273438,7.178951740264893,suppress_attn_ca,nan,157.71884155273438,410.95904541015625,253.24020385742188,0.6162176175114393,0.17179447412490845,0.011794477701187134,3.052987575531006,0.0,0.841456413269043,20.432985305786133,0.30269184708595276,0.2599950432777405,0.717322051525116,0.8208242654800415,20.615427017211914,0.7608242630958557,0.05999504029750824,13.384572982788086,89,stage2,89,0.02,1.0
164.16590881347656,158.03579711914062,6.130112648010254,suppress_attn_ca,nan,158.03579711914062,410.95904541015625,252.92324829101562,0.6154463592317002,0.13951507210731506,0.0,3.123786211013794,0.0,0.8419027924537659,20.411205291748047,0.30419355630874634,0.2613011300563812,0.717441737651825,0.813831090927124,20.593931198120117,0.7538310885429382,0.06130112707614899,13.406068801879883,90,stage2,90,0.02,0.9999997615814209
162.34799194335938,156.3826904296875,5.965305805206299,suppress_attn_ca,nan,156.3826904296875,410.95904541015625,254.57635498046875,0.6194689174596211,0.1373569667339325,0.0,3.182176113128662,0.0,0.8554971218109131,20.393447875976562,0.3025875985622406,0.2596530616283417,0.7173181772232056,0.8193693161010742,20.575883865356445,0.7593693137168884,0.059653058648109436,13.424116134643555,91,stage2,91,0.02,0.9999998211860657
163.5039520263672,155.2946014404297,8.209346771240234,suppress_attn_ca,nan,155.2946014404297,410.95904541015625,255.66444396972656,0.6221165997564588,0.15180182456970215,0.0,3.221940040588379,0.021939992904663086,0.8607197403907776,20.380207061767578,0.3033607602119446,0.26015347242355347,0.7163385152816772,0.8274192810058594,20.56148910522461,0.7674192786216736,0.06015346944332123,13.43851089477539,92,stage2,92,0.02,0.9999999403953552
165.3598175048828,157.59698486328125,7.762838840484619,suppress_attn_ca,nan,157.59698486328125,410.95904541015625,253.362060546875,0.616514135353823,0.17039906978607178,0.010399073362350464,2.551154136657715,0.0,0.867766797542572,20.374954223632812,0.3095934987068176,0.2672293186187744,0.7140680551528931,0.8349869251251221,20.55742645263672,0.7749869227409363,0.06722931563854218,13.442573547363281,93,stage2,93,0.02,1.0
165.381591796875,158.22409057617188,7.157503128051758,suppress_attn_ca,nan,158.22409057617188,410.95904541015625,252.73495483398438,0.6149881786437944,0.16290274262428284,0.0029027462005615234,2.1939032077789307,0.0,0.866927981376648,20.344350814819336,0.3106832802295685,0.26867228746414185,0.7125901579856873,0.8455151319503784,20.5277042388916,0.7855151295661926,0.0686722844839096,13.472295761108398,94,stage2,94,0.02,1.0
164.74798583984375,157.9889373779297,6.759043216705322,suppress_attn_ca,nan,157.9889373779297,410.95904541015625,252.97010803222656,0.6155603845627747,0.1225643903017044,0.0,2.186265468597412,0.0,0.8579084277153015,20.320690155029297,0.30957549810409546,0.2675904333591461,0.712556004524231,0.8518049716949463,20.504657745361328,0.7918049693107605,0.06759043037891388,13.495342254638672,95,stage2,95,0.02,0.9999999403953552
162.5614776611328,156.00267028808594,6.558810234069824,suppress_attn_ca,nan,156.00267028808594,410.95904541015625,254.9563751220703,0.620393632819572,0.13361236453056335,0.0,2.343400478363037,0.0,0.8572784066200256,20.282337188720703,0.30770596861839294,0.26558810472488403,0.7124432325363159,0.8550543785095215,20.466833114624023,0.7950543761253357,0.0655881017446518,13.533166885375977,96,stage2,96,0.02,0.9999998807907104
160.5834197998047,154.20413208007812,6.379289627075195,suppress_attn_ca,nan,154.20413208007812,410.95904541015625,256.7549133300781,0.6247700742876332,0.16025882959365845,0.0002588331699371338,2.539952278137207,0.0,0.8545694947242737,20.250648498535156,0.3066369891166687,0.2635340690612793,0.7119895815849304,0.8541833162307739,20.437358856201172,0.7941833138465881,0.06353406608104706,13.562641143798828,97,stage2,97,0.02,1.0
160.6326904296875,154.22415161132812,6.408537864685059,suppress_attn_ca,nan,154.22415161132812,410.95904541015625,256.7348937988281,0.6247213601116742,0.13757510483264923,0.0,2.7258732318878174,0.0,0.8612046837806702,20.23597526550293,0.3078261911869049,0.2640853822231293,0.7122628092765808,0.8544290065765381,20.425479888916016,0.7944290041923523,0.06408537924289703,13.574520111083984,98,stage2,98,0.02,0.9999998807907104
160.0939483642578,153.77651977539062,6.317423343658447,suppress_attn_ca,nan,153.77651977539062,410.95904541015625,257.1825256347656,0.6258105972046083,0.15128204226493835,0.0,2.902843952178955,0.0,0.8665314316749573,20.21274185180664,0.3070676028728485,0.26317423582077026,0.711856484413147,0.8566349148750305,20.403602600097656,0.7966349124908447,0.06317423284053802,13.596397399902344,99,stage2,99,0.02,0.9999999403953552
160.33021545410156,152.5142822265625,7.815927505493164,suppress_attn_ca,nan,152.5142822265625,410.95904541015625,258.44476318359375,0.628882040850698,0.17588908970355988,0.015889093279838562,3.047422409057617,0.0,0.8738364577293396,20.18590545654297,0.3060980439186096,0.2622701823711395,0.7107853889465332,0.8583283424377441,20.375537872314453,0.7983283400535583,0.06227017939090729,13.624462127685547,100,stage2,100,0.02,0.9999999403953552
158.31382751464844,152.01718139648438,6.296642303466797,suppress_attn_ca,nan,152.01718139648438,410.95904541015625,258.9418640136719,0.6300916524546524,0.14766651391983032,0.0,3.1654393672943115,0.0,0.8753877282142639,20.160886764526367,0.30674445629119873,0.26296642422676086,0.7100856304168701,0.8640633821487427,20.350032806396484,0.8040633797645569,0.06296642124652863,13.649967193603516,101,stage2,101,0.02,0.9999999403953552
163.11114501953125,151.39028930664062,11.720858573913574,suppress_attn_ca,nan,151.39028930664062,410.95904541015625,259.5687561035156,0.6316170893487791,0.15688669681549072,0.0,3.255311965942383,0.05531191825866699,0.8688241839408875,20.135692596435547,0.3054448366165161,0.26189666986465454,0.7091893553733826,0.8596428632736206,20.323760986328125,0.7996428608894348,0.0618966668844223,13.676239013671875,102,stage2,102,0.02,1.0
162.130615234375,153.58023071289062,8.550376892089844,suppress_attn_ca,nan,153.58023071289062,410.95904541015625,257.3788146972656,0.6262882337591319,0.18123245239257812,0.02123245596885681,2.5949764251708984,0.0,0.8693362474441528,20.156639099121094,0.3071516454219818,0.2642713189125061,0.7079986929893494,0.8806804418563843,20.343935012817383,0.8206804394721985,0.06427131593227386,13.656064987182617,103,stage2,103,0.02,0.9999998807907104
159.81478881835938,153.26925659179688,6.545536041259766,suppress_attn_ca,nan,153.26925659179688,410.95904541015625,257.6897888183594,0.627044937193615,0.15217916667461395,0.0,2.1944613456726074,0.0,0.8710166215896606,20.162513732910156,0.3080846071243286,0.26545536518096924,0.707733154296875,0.877652108669281,20.3499698638916,0.8176521062850952,0.065455362200737,13.650030136108398,104,stage2,104,0.02,0.9999999403953552
157.20358276367188,150.83346557617188,6.370113849639893,suppress_attn_ca,nan,150.83346557617188,410.95904541015625,260.1255798339844,0.6329720266270498,0.14577940106391907,0.0,2.064537525177002,0.0,0.8716174960136414,20.148313522338867,0.3067583441734314,0.2637011408805847,0.7074052691459656,0.8721655607223511,20.3345947265625,0.8121655583381653,0.06370113790035248,13.6654052734375,105,stage2,105,0.02,0.9999999403953552
155.6345672607422,149.4691162109375,6.165449142456055,suppress_attn_ca,nan,149.4691162109375,410.95904541015625,261.48992919921875,0.6362919422742955,0.1585276871919632,0.0,2.1142849922180176,0.0,0.8706001043319702,20.126554489135742,0.30493050813674927,0.26165449619293213,0.707070529460907,0.8706001043319702,20.311410903930664,0.8106001019477844,0.06165449321269989,13.688589096069336,106,stage2,106,0.02,0.9999998807907104
156.328857421875,147.89730834960938,8.431549072265625,suppress_attn_ca,nan,147.89730834960938,410.95904541015625,263.0617370605469,0.6401166734217981,0.18347129225730896,0.023471295833587646,2.246936082839966,0.0,0.8688215613365173,20.093624114990234,0.30440476536750793,0.2608442008495331,0.7063962817192078,0.8688215613365173,20.27635383605957,0.8088215589523315,0.06084419786930084,13.72364616394043,107,stage2,107,0.02,1.0
154.40037536621094,148.17355346679688,6.226818084716797,suppress_attn_ca,nan,148.17355346679688,410.95904541015625,262.7854919433594,0.6394444772010973,0.14650176465511322,0.0,2.416188955307007,0.0,0.8614598512649536,20.07472801208496,0.30600476264953613,0.26226818561553955,0.7064511179924011,0.8614598512649536,20.2561092376709,0.8014598488807678,0.06226818263530731,13.743890762329102,108,stage2,108,0.02,0.9999998807907104
153.37489318847656,147.231689453125,6.14320182800293,suppress_attn_ca,nan,147.231689453125,410.95904541015625,263.72735595703125,0.641736345513016,0.15142478048801422,0.0,2.5833988189697266,0.0,0.8597514033317566,20.052644729614258,0.3055880069732666,0.261432021856308,0.706179141998291,0.8597514033317566,20.232345581054688,0.7997514009475708,0.061432018876075745,13.767654418945312,109,stage2,109,0.02,0.9999999403953552
153.3684844970703,146.5225067138672,6.845973014831543,suppress_attn_ca,nan,146.5225067138672,410.95904541015625,264.43653869628906,0.6434620229185346,0.16619107127189636,0.006191074848175049,2.7322518825531006,0.0,0.865638256072998,20.023481369018555,0.3064332604408264,0.26226866245269775,0.7055262327194214,0.865638256072998,20.201889038085938,0.8056382536888123,0.062268659472465515,13.798110961914062,110,stage2,110,0.02,1.0
153.38314819335938,146.97039794921875,6.412743091583252,suppress_attn_ca,nan,146.97039794921875,410.95904541015625,263.9886474609375,0.6423721546205767,0.13132071495056152,0.0,2.8546366691589355,0.0,0.8725341558456421,19.986675262451172,0.3076735734939575,0.2641274333000183,0.7054237723350525,0.8725341558456421,20.16461181640625,0.8125341534614563,0.06412743031978607,13.83538818359375,111,stage2,111,0.02,0.9999998211860657
151.75616455078125,145.59390258789062,6.16226053237915,suppress_attn_ca,nan,145.59390258789062,410.95904541015625,265.3651428222656,0.6457216255148219,0.1540544629096985,0.0,2.941899299621582,0.0,0.8782601356506348,19.949989318847656,0.3056333661079407,0.2616226077079773,0.7053961157798767,0.8782601356506348,20.12662124633789,0.818260133266449,0.061622604727745056,13.87337875366211,112,stage2,112,0.02,1.0
152.56993103027344,144.08010864257812,8.489818572998047,suppress_attn_ca,nan,144.08010864257812,410.95904541015625,266.8789367675781,0.6494051895152242,0.18468397855758667,0.024683982133865356,2.996948719024658,0.0,0.883269190788269,19.913454055786133,0.30519163608551025,0.2602142095565796,0.7047984004020691,0.883269190788269,20.087909698486328,0.8232691884040833,0.06021420657634735,13.912090301513672,113,stage2,113,0.02,1.0
150.57131958007812,144.4381561279297,6.1331706047058105,suppress_attn_ca,nan,144.4381561279297,410.95904541015625,266.52088928222656,0.6485339409337646,0.1482209712266922,0.0,3.0490946769714355,0.0,0.8840510845184326,19.890493392944336,0.3065980076789856,0.261331707239151,0.7049841284751892,0.8840510845184326,20.063671112060547,0.8240510821342468,0.06133170425891876,13.936328887939453,114,stage2,114,0.02,0.9999999403953552
149.23634338378906,143.26083374023438,5.9755072593688965,suppress_attn_ca,nan,143.26083374023438,410.95904541015625,267.6982116699219,0.6513987577588093,0.14934934675693512,0.0,3.1025638580322266,0.0,0.8856031894683838,19.86919403076172,0.30487188696861267,0.25975507497787476,0.7046875953674316,0.8856031894683838,20.04060935974121,0.825603187084198,0.05975507199764252,13.959390640258789,115,stage2,115,0.02,0.9999999403953552
148.4092559814453,142.1389617919922,6.270297050476074,suppress_attn_ca,nan,142.1389617919922,410.95904541015625,268.82008361816406,0.6541286452275776,0.16272592544555664,0.002725929021835327,3.1544361114501953,0.0,0.8924673199653625,19.8375301361084,0.3050277829170227,0.2599770426750183,0.7035166621208191,0.8906991481781006,20.00635528564453,0.8306991457939148,0.05997703969478607,13.993644714355469,116,stage2,116,0.02,1.0
149.6185760498047,142.4956817626953,7.122896671295166,suppress_attn_ca,nan,142.4956817626953,410.95904541015625,268.46336364746094,0.6532606269306519,0.1340983510017395,0.0,3.2090189456939697,0.009018898010253906,0.8975476622581482,19.828310012817383,0.3067772388458252,0.26221007108688354,0.7035342454910278,0.893447756767273,19.996152877807617,0.8334477543830872,0.062210068106651306,14.003847122192383,117,stage2,117,0.02,0.9999998807907104
151.53976440429688,144.69236755371094,6.8473920822143555,suppress_attn_ca,nan,144.69236755371094,410.95904541015625,266.2666778564453,0.6479153600103844,0.15719550848007202,0.0,2.589190721511841,0.0,0.9018519520759583,19.821250915527344,0.31197595596313477,0.26847392320632935,0.7020601034164429,0.8960908651351929,19.990083694458008,0.8360908627510071,0.0684739202260971,14.009916305541992,118,stage2,118,0.02,1.0
152.64309692382812,143.1510467529297,9.492044448852539,suppress_attn_ca,nan,143.1510467529297,410.95904541015625,267.80799865722656,0.6516659060027301,0.18735280632972717,0.02735280990600586,2.3305864334106445,0.0,0.9069319367408752,19.79958724975586,0.31083643436431885,0.26756763458251953,0.7005513906478882,0.9003248810768127,19.96881103515625,0.840324878692627,0.06756763160228729,14.03118896484375,119,stage2,119,0.02,1.0
149.53067016601562,142.41702270507812,7.1136474609375,suppress_attn_ca,nan,142.41702270507812,410.95904541015625,268.5420227050781,0.6534520305717099,0.16245518624782562,0.002455189824104309,2.3077683448791504,0.0,0.9077271819114685,19.76250457763672,0.3112986087799072,0.26868128776550293,0.6996557116508484,0.9004331231117249,19.93320655822754,0.8404331207275391,0.06868128478527069,14.066793441772461,120,stage2,120,0.02,1.0
149.26763916015625,142.25177001953125,7.015876293182373,suppress_attn_ca,nan,142.25177001953125,410.95904541015625,268.707275390625,0.6538541453016142,0.14808113873004913,0.0,2.4314141273498535,0.0,0.9087043404579163,19.720651626586914,0.3123980164527893,0.2701587677001953,0.6995643377304077,0.902277946472168,19.893362045288086,0.8422779440879822,0.07015876471996307,14.106637954711914,121,stage2,121,0.02,0.9999999403953552
149.8572998046875,141.32754516601562,8.52974796295166,suppress_attn_ca,nan,141.32754516601562,410.95904541015625,269.6315002441406,0.6561030916719106,0.17663627862930298,0.016636282205581665,2.603682518005371,0.0,0.9099324345588684,19.675132751464844,0.3116857409477234,0.2686612010002136,0.699117124080658,0.9209759831428528,19.84880828857422,0.860975980758667,0.06866119801998138,14.151191711425781,122,stage2,122,0.02,1.0
148.0420684814453,141.13902282714844,6.903041839599609,suppress_attn_ca,nan,141.13902282714844,410.95904541015625,269.8200225830078,0.6565618292054257,0.159582257270813,0.0,2.7861385345458984,0.0,0.921128511428833,19.65283966064453,0.3126794993877411,0.2690304219722748,0.6992940306663513,0.9356602430343628,19.827884674072266,0.875660240650177,0.06903041899204254,14.172115325927734,123,stage2,123,0.02,0.9999998807907104
148.72225952148438,139.39822387695312,9.324028015136719,suppress_attn_ca,nan,139.39822387695312,410.95904541015625,271.5608215332031,0.6607977718611177,0.18451637029647827,0.024516373872756958,2.9416394233703613,0.0,0.9284349679946899,19.628393173217773,0.31291380524635315,0.26872390508651733,0.6987847685813904,0.9386483430862427,19.803394317626953,0.8786483407020569,0.0687239021062851,14.196605682373047,124,stage2,124,0.02,0.9999999403953552
146.1010284423828,139.18370056152344,6.917325973510742,suppress_attn_ca,nan,139.18370056152344,410.95904541015625,271.7753448486328,0.6613197784158477,0.15926367044448853,0.0,3.065748453140259,0.0,0.9193408489227295,19.610271453857422,0.3138520121574402,0.269173264503479,0.6987608671188354,0.9292216897010803,19.785324096679688,0.8692216873168945,0.06917326152324677,14.214675903320312,125,stage2,125,0.02,1.0
145.4899444580078,138.08102416992188,7.408919811248779,suppress_attn_ca,nan,138.08102416992188,410.95904541015625,272.8780212402344,0.6640029567128506,0.1657160073518753,0.005716010928153992,3.1657309532165527,0.0,0.9045495986938477,19.58321189880371,0.3133603036403656,0.26837319135665894,0.6979629993438721,0.9156076908111572,19.757667541503906,0.8556076884269714,0.0683731883764267,14.242332458496094,126,stage2,126,0.02,0.9999999403953552
148.21896362304688,138.12396240234375,10.094999313354492,suppress_attn_ca,nan,138.12396240234375,410.95904541015625,272.8350830078125,0.6638984737165485,0.1299024522304535,0.0,3.2325944900512695,0.03259444236755371,0.8990743160247803,19.54351234436035,0.3132260739803314,0.2683555483818054,0.6973888278007507,0.9100399017333984,19.71666717529297,0.8500398993492126,0.06835554540157318,14.283332824707031,127,stage2,127,0.02,0.9999999403953552
148.0762176513672,140.9763641357422,7.099853515625,suppress_attn_ca,nan,140.9763641357422,410.95904541015625,269.98268127441406,0.6569576318850916,0.13702009618282318,0.0,2.557286262512207,0.0,0.8950015306472778,19.547931671142578,0.3149607181549072,0.2709985375404358,0.6968866586685181,0.9052550792694092,19.72007179260254,0.8452550768852234,0.07099853456020355,14.279928207397461,128,stage2,128,0.02,1.0
150.6219482421875,141.28343200683594,9.33851146697998,suppress_attn_ca,nan,141.28343200683594,410.95904541015625,269.6756134033203,0.6562104336556737,0.17959997057914734,0.019599974155426025,2.176642656326294,0.0,0.8919228315353394,19.536928176879883,0.3165300786495209,0.27378514409065247,0.6955270171165466,0.9480302333831787,19.70775604248047,0.8880302309989929,0.07378514111042023,14.292243957519531,129,stage2,129,0.02,0.9999999403953552
147.67422485351562,140.440673828125,7.2335524559021,suppress_attn_ca,nan,140.440673828125,410.95904541015625,270.51837158203125,0.6582611445187715,0.15157532691955566,0.0,2.072856903076172,0.0,0.8923958539962769,19.54368782043457,0.31506818532943726,0.2723355293273926,0.6953831911087036,0.9759423732757568,19.714298248291016,0.915942370891571,0.07233552634716034,14.285701751708984,130,stage2,130,0.02,0.9999999403953552
145.4324493408203,138.4718017578125,6.9606499671936035,suppress_attn_ca,nan,138.4718017578125,410.95904541015625,272.48724365234375,0.6630520649092632,0.141302227973938,0.0,2.137873411178589,0.0,0.8906073570251465,19.54218292236328,0.31316086649894714,0.26960650086402893,0.6948608160018921,0.9759423732757568,19.712600708007812,0.915942370891571,0.06960649788379669,14.287399291992188,131,stage2,131,0.02,1.0
144.23440551757812,137.28201293945312,6.952385425567627,suppress_attn_ca,nan,137.28201293945312,410.95904541015625,273.6770324707031,0.6659472167051602,0.1576543152332306,0.0,2.2776880264282227,0.0,0.9007010459899902,19.52955436706543,0.31323671340942383,0.26952385902404785,0.6936032772064209,0.9759423732757568,19.699426651000977,0.915942370891571,0.06952385604381561,14.300573348999023,132,stage2,132,0.02,0.9999998807907104
145.08047485351562,135.65892028808594,9.421546936035156,suppress_attn_ca,nan,135.65892028808594,410.95904541015625,275.3001251220703,0.6698967407988501,0.1848766803741455,0.024876683950424194,2.44462251663208,0.0,0.8966097235679626,19.50760269165039,0.31283026933670044,0.26933878660202026,0.692095935344696,0.9759423732757568,19.676639556884766,0.915942370891571,0.06933878362178802,14.323360443115234,133,stage2,133,0.02,0.9999999403953552
142.5404815673828,135.48233032226562,7.05814790725708,suppress_attn_ca,nan,135.48233032226562,410.95904541015625,275.4767150878906,0.6703264429012677,0.1591876745223999,0.0,2.608074903488159,0.0,0.8736612796783447,19.494197845458984,0.31391867995262146,0.2705814838409424,0.6917717456817627,0.9759423732757568,19.664684295654297,0.915942370891571,0.07058148086071014,14.335315704345703,134,stage2,134,0.02,0.9999998807907104
142.81097412109375,135.303466796875,7.507510185241699,suppress_attn_ca,nan,135.303466796875,410.95904541015625,275.65557861328125,0.6707616773300711,0.1634126603603363,0.0034126639366149902,2.75555682182312,0.0,0.8497436046600342,19.479263305664062,0.3148513436317444,0.2716624438762665,0.6912384033203125,0.9759423732757568,19.650432586669922,0.915942370891571,0.07166244089603424,14.349567413330078,135,stage2,135,0.02,1.0
142.47630310058594,135.2713623046875,7.204936504364014,suppress_attn_ca,nan,135.2713623046875,410.95904541015625,275.68768310546875,0.6708397982342003,0.13142402470111847,0.0,2.8568007946014404,0.0,0.8499231338500977,19.46503448486328,0.31480681896209717,0.2720493674278259,0.6916966438293457,0.9712249040603638,19.637399673461914,0.911224901676178,0.07204936444759369,14.362600326538086,136,stage2,136,0.02,0.9999999403953552
141.47987365722656,134.36080932617188,7.119063854217529,suppress_attn_ca,nan,134.36080932617188,410.95904541015625,276.5982360839844,0.6730554763867685,0.14353224635124207,0.0,2.9338133335113525,0.0,0.8674384355545044,19.447837829589844,0.31415247917175293,0.2711906433105469,0.691653847694397,0.9557401537895203,19.620365142822266,0.8957401514053345,0.07119064033031464,14.379634857177734,137,stage2,137,0.02,0.9999998211860657
141.234619140625,132.816162109375,8.418449401855469,suppress_attn_ca,nan,132.816162109375,410.95904541015625,278.14288330078125,0.6768141166553026,0.17352192103862762,0.013521924614906311,2.9996824264526367,0.0,0.879662275314331,19.427181243896484,0.313589870929718,0.2706625759601593,0.6911661624908447,0.9348199367523193,19.59872817993164,0.8748199343681335,0.07066257297992706,14.40127182006836,138,stage2,138,0.02,0.9999999403953552
139.93626403808594,132.8895721435547,7.046686172485352,suppress_attn_ca,nan,132.8895721435547,410.95904541015625,278.06947326660156,0.6766354856335509,0.14239037036895752,0.0,3.059901714324951,0.0,0.8856836557388306,19.413745880126953,0.3137091398239136,0.2704668641090393,0.6914941668510437,0.9149790406227112,19.583576202392578,0.8549790382385254,0.07046686112880707,14.416423797607422,139,stage2,139,0.02,1.0
139.14712524414062,132.19961547851562,6.947509765625,suppress_attn_ca,nan,132.19961547851562,410.95904541015625,278.7594299316406,0.6783143796078895,0.15976211428642273,0.0,3.109828472137451,0.0,0.890961229801178,19.39270782470703,0.313231885433197,0.2694751024246216,0.6910618543624878,0.8954030871391296,19.560623168945312,0.8354030847549438,0.06947509944438934,14.439376831054688,140,stage2,140,0.02,0.9999999403953552
140.7327117919922,131.36524963378906,9.367463111877441,suppress_attn_ca,nan,131.36524963378906,410.95904541015625,279.5937957763672,0.6803446691319802,0.18428732454776764,0.024287328124046326,3.159799098968506,0.0,0.8932897448539734,19.366748809814453,0.3137270212173462,0.26938730478286743,0.690210223197937,0.8772902488708496,19.532987594604492,0.8172902464866638,0.06938730180263519,14.467012405395508,141,stage2,141,0.02,1.0
138.02076721191406,130.78057861328125,7.240182399749756,suppress_attn_ca,nan,130.78057861328125,410.95904541015625,280.178466796875,0.6817673681260473,0.16310273110866547,0.003102734684944153,3.19907808303833,0.0,0.8825448751449585,19.349088668823242,0.3140484690666199,0.26929908990859985,0.6904062032699585,0.882455587387085,19.51513671875,0.8224555850028992,0.06929908692836761,14.48486328125,142,stage2,142,0.02,1.0
140.99928283691406,131.43603515625,9.563241958618164,suppress_attn_ca,nan,131.43603515625,410.95904541015625,279.52301025390625,0.6801724244198818,0.12266574800014496,0.0,3.226353645324707,0.02635359764099121,0.8883132934570312,19.323179244995117,0.3142670691013336,0.2692788243293762,0.6912452578544617,0.886874258518219,19.489837646484375,0.8268742561340332,0.06927882134914398,14.510162353515625,143,stage2,143,0.02,0.9999999403953552
141.93588256835938,134.7290496826172,7.206831932067871,suppress_attn_ca,nan,134.7290496826172,410.95904541015625,276.22999572753906,0.6721594251608421,0.1532244086265564,0.0,2.572239398956299,0.0,0.8899126648902893,19.29621696472168,0.3169358968734741,0.2720683217048645,0.6905569434165955,0.8979346752166748,19.464616775512695,0.837934672832489,0.07206831872463226,14.535383224487305,144,stage2,144,0.02,0.9999999403953552
144.1932830810547,133.59544372558594,10.597835540771484,suppress_attn_ca,nan,133.59544372558594,410.95904541015625,277.3636016845703,0.6749178653745133,0.1906653642654419,0.03066536784172058,2.2840805053710938,0.0,0.8840227127075195,19.257816314697266,0.319724440574646,0.27531298995018005,0.6893311738967896,0.9057613611221313,19.42710304260254,0.8457613587379456,0.07531298696994781,14.572896957397461,145,stage2,145,0.02,1.0
140.76678466796875,133.24542236328125,7.521359443664551,suppress_attn_ca,nan,133.24542236328125,410.95904541015625,277.713623046875,0.6757695837299404,0.15833869576454163,0.0,2.282102584838867,0.0,0.8591932654380798,19.230852127075195,0.31911230087280273,0.2752135992050171,0.689076840877533,0.9089181423187256,19.40100860595703,0.8489181399345398,0.07521359622478485,14.598991394042969,146,stage2,146,0.02,0.9999999403953552
139.05926513671875,131.6869659423828,7.3722944259643555,suppress_attn_ca,nan,131.6869659423828,410.95904541015625,279.27207946777344,0.679561826383568,0.1497172713279724,0.0,2.414945125579834,0.0,0.8553097248077393,19.206035614013672,0.3174794018268585,0.27372294664382935,0.6885971426963806,0.9114701151847839,19.376394271850586,0.8514701128005981,0.0737229436635971,14.623605728149414,147,stage2,147,0.02,0.9999998807907104
137.95172119140625,130.17202758789062,7.779686450958252,suppress_attn_ca,nan,130.17202758789062,410.95904541015625,280.7870178222656,0.6832481751120166,0.164276123046875,0.0042761266231536865,2.6082873344421387,0.0,0.8536365032196045,19.177278518676758,0.3175107538700104,0.27352073788642883,0.6875991821289062,0.9131209850311279,19.347885131835938,0.8531209826469421,0.0735207349061966,14.652114868164062,148,stage2,148,0.02,0.9999999403953552
137.12057495117188,129.70802307128906,7.412551403045654,suppress_attn_ca,nan,129.70802307128906,410.95904541015625,281.2510223388672,0.6843772523808682,0.14001771807670593,0.0,2.790219306945801,0.0,0.8477069139480591,19.164268493652344,0.31828364729881287,0.27412551641464233,0.6874975562095642,0.8922549486160278,19.336273193359375,0.832254946231842,0.0741255134344101,14.663726806640625,149,stage2,149,0.02,0.9999998807907104
136.33596801757812,128.69052124023438,7.645447731018066,suppress_attn_ca,nan,128.69052124023438,410.95904541015625,282.2685241699219,0.6868531726518022,0.16209304332733154,0.0020930469036102295,2.953918218612671,0.0,0.8640278577804565,19.139314651489258,0.3191434144973755,0.27436143159866333,0.686669111251831,0.8790887594223022,19.311702728271484,0.8190887570381165,0.07436142861843109,14.688297271728516,150,stage2,150,0.02,0.9999999403953552
136.7288818359375,129.3192138671875,7.409672260284424,suppress_attn_ca,nan,129.3192138671875,410.95904541015625,281.63983154296875,0.6853233544522158,0.13823914527893066,0.0,3.0772454738616943,0.0,0.9050412774085999,19.095170974731445,0.319486141204834,0.2740967273712158,0.6859915256500244,0.9523080587387085,19.267683029174805,0.8923080563545227,0.07409672439098358,14.732316970825195,151,stage2,151,0.02,0.9999998807907104
136.26390075683594,128.20242309570312,8.06147289276123,suppress_attn_ca,nan,128.20242309570312,410.95904541015625,282.7566223144531,0.688040877728458,0.16720706224441528,0.00720706582069397,3.190809726715088,0.0,0.9309717416763306,19.050743103027344,0.31937354803085327,0.2734076678752899,0.6847626566886902,0.9759423732757568,19.222980499267578,0.915942370891571,0.07340766489505768,14.777019500732422,152,stage2,152,0.02,1.0
143.3751220703125,127.68125915527344,15.693865776062012,suppress_attn_ca,nan,127.68125915527344,410.95904541015625,283.2777862548828,0.6893090428808019,0.13734647631645203,0.0,3.2834115028381348,0.08341145515441895,0.9333333373069763,19.01678466796875,0.31974637508392334,0.27352720499038696,0.6843556761741638,0.9759423732757568,19.1878719329834,0.915942370891571,0.07352720201015472,14.812128067016602,153,stage2,153,0.02,0.9999998807907104
137.33074951171875,129.8829803466797,7.447765827178955,suppress_attn_ca,nan,129.8829803466797,410.95904541015625,281.07606506347656,0.6839515231571301,0.1444549262523651,0.0,2.5834147930145264,0.0,0.9363118410110474,19.029584884643555,0.32015958428382874,0.27447766065597534,0.6844965815544128,0.9755693674087524,19.199726104736328,0.9155693650245667,0.0744776576757431,14.800273895263672,154,stage2,154,0.02,1.0
136.1084442138672,128.30221557617188,7.806221961975098,suppress_attn_ca,nan,128.30221557617188,410.95904541015625,282.6568298339844,0.6877980494428093,0.1637229025363922,0.0037229061126708984,2.1378140449523926,0.0,0.941749095916748,19.035728454589844,0.31903064250946045,0.27433931827545166,0.6842710375785828,0.9644497632980347,19.20401954650879,0.9044497609138489,0.07433931529521942,14.795980453491211,155,stage2,155,0.02,1.0
135.55165100097656,128.17343139648438,7.37821626663208,suppress_attn_ca,nan,128.17343139648438,410.95904541015625,282.7856140136719,0.6881114241723009,0.14130373299121857,0.0,1.9555556774139404,0.0,0.9395463466644287,19.057085037231445,0.3175549805164337,0.2737821638584137,0.6850718855857849,0.9542434215545654,19.22388458251953,0.8942434191703796,0.07378216087818146,14.776115417480469,156,stage2,156,0.02,0.9999999403953552
134.7820281982422,127.10369110107422,7.678339958190918,suppress_attn_ca,nan,127.10369110107422,410.95904541015625,283.85535430908203,0.6907144579961275,0.16409656405448914,0.004096567630767822,1.9942752122879028,0.0,0.9363092184066772,19.070518493652344,0.3161437213420868,0.27268683910369873,0.6849889755249023,0.9542434215545654,19.235971450805664,0.8942434191703796,0.07268683612346649,14.764028549194336,157,stage2,157,0.02,0.9999999403953552
133.50515747070312,126.22285461425781,7.282309055328369,suppress_attn_ca,nan,126.22285461425781,410.95904541015625,284.73619079589844,0.6928578260437569,0.14261969923973083,0.0,2.139141321182251,0.0,0.9333333373069763,19.07461929321289,0.3159583508968353,0.2728230953216553,0.6851845979690552,0.9632766246795654,19.239633560180664,0.9032766222953796,0.07282309234142303,14.760366439819336,158,stage2,158,0.02,0.9999999403953552
132.3864288330078,125.22238159179688,7.164053440093994,suppress_attn_ca,nan,125.22238159179688,410.95904541015625,285.7366638183594,0.69529230956136,0.1572408676147461,0.0,2.3095178604125977,0.0,0.9333333373069763,19.07461929321289,0.3148781657218933,0.2716405391693115,0.6851325035095215,0.9759423732757568,19.239948272705078,0.915942370891571,0.07164053618907928,14.760051727294922,159,stage2,159,0.02,0.9999998807907104
134.5876007080078,124.6045150756836,9.983089447021484,suppress_attn_ca,nan,124.6045150756836,410.95904541015625,286.35453033447266,0.6967957842336272,0.18909431993961334,0.02909432351589203,2.4747114181518555,0.0,0.931343674659729,19.068862915039062,0.3149741291999817,0.27073657512664795,0.6847411394119263,0.9920061826705933,19.234542846679688,0.9320061802864075,0.07073657214641571,14.765457153320312,160,stage2,160,0.02,1.0
130.99586486816406,123.92760467529297,7.068253993988037,suppress_attn_ca,nan,123.92760467529297,410.95904541015625,287.0314407348633,0.6984429323082366,0.1525627225637436,0.0,2.6160500049591064,0.0,0.9325922131538391,19.06028175354004,0.3159560561180115,0.27068254351615906,0.6849347352981567,0.9729518294334412,19.226770401000977,0.9129518270492554,0.07068254053592682,14.773229598999023,161,stage2,161,0.02,0.9999999403953552
131.13270568847656,124.08211517333984,7.050584316253662,suppress_attn_ca,nan,124.08211517333984,410.95904541015625,286.8769302368164,0.6980669568922613,0.15450169146060944,0.0,2.733428478240967,0.0,0.9310528039932251,19.052976608276367,0.3160206973552704,0.2705058455467224,0.6849109530448914,0.9534804821014404,19.220129013061523,0.8934804797172546,0.07050584256649017,14.779870986938477,162,stage2,162,0.02,0.9999998807907104
131.9324493408203,122.97370910644531,8.958744049072266,suppress_attn_ca,nan,122.97370910644531,410.95904541015625,287.98533630371094,0.70076407739435,0.17874282598495483,0.01874282956123352,2.837998390197754,0.0,0.9244211912155151,19.04093360900879,0.31625649333000183,0.27084460854530334,0.6845741271972656,0.9453312754631042,19.20763397216797,0.8853312730789185,0.0708446055650711,14.792366027832031,163,stage2,163,0.02,0.9999999403953552
130.39646911621094,123.25950622558594,7.136957168579102,suppress_attn_ca,nan,123.25950622558594,410.95904541015625,287.6995391845703,0.7000686379768883,0.13703888654708862,0.0,2.924863338470459,0.0,0.918658971786499,19.05727767944336,0.31645476818084717,0.2713695764541626,0.685626745223999,0.9395690560340881,19.2232666015625,0.8795690536499023,0.07136957347393036,14.7767333984375,164,stage2,164,0.02,0.9999999403953552
129.93942260742188,122.75361633300781,7.185803413391113,suppress_attn_ca,nan,122.75361633300781,410.95904541015625,288.20542907714844,0.7012996362922393,0.15543094277381897,0.0,3.004608392715454,0.0,0.9149234294891357,19.066774368286133,0.3163570761680603,0.2718580365180969,0.6857909560203552,0.9358335137367249,19.231082916259766,0.8758335113525391,0.07185803353786469,14.768917083740234,165,stage2,165,0.02,0.9999998807907104
130.90496826171875,121.36861419677734,9.536355972290039,suppress_attn_ca,nan,121.36861419677734,410.95904541015625,289.5904312133789,0.7046698069982963,0.1835757941007614,0.0235757976770401,3.0754854679107666,0.0,0.9205124378204346,19.062768936157227,0.316272109746933,0.27178776264190674,0.6853675842285156,0.9385829567909241,19.225414276123047,0.8785829544067383,0.0717877596616745,14.774585723876953,166,stage2,166,0.02,1.0
127.97604370117188,120.84986877441406,7.126177787780762,suppress_attn_ca,nan,120.84986877441406,410.95904541015625,290.1091766357422,0.7059320870920355,0.15601423382759094,0.0,3.129373788833618,0.0,0.9209510087966919,19.04360008239746,0.3162327706813812,0.2712617814540863,0.6853417158126831,0.9350754618644714,19.206092834472656,0.8750754594802856,0.07126177847385406,14.793907165527344,167,stage2,167,0.02,0.9999999403953552
127.8029556274414,120.40206146240234,7.400895595550537,suppress_attn_ca,nan,120.40206146240234,410.95904541015625,290.5569839477539,0.7070217511766033,0.16356205940246582,0.003562062978744507,3.1722822189331055,0.0,0.9184860587120056,19.025733947753906,0.3159984350204468,0.27044689655303955,0.6845892667770386,0.9259542226791382,19.187944412231445,0.8659542202949524,0.07044689357280731,14.812055587768555,168,stage2,168,0.02,1.0000001192092896
128.98057556152344,120.82555389404297,8.155028343200684,suppress_attn_ca,nan,120.82555389404297,410.95904541015625,290.1334915161133,0.7059912532805953,0.1293041706085205,0.0,3.211505651473999,0.011505603790283203,0.9303849935531616,18.9968318939209,0.3159891366958618,0.2700446844100952,0.6843029260635376,0.9287161231040955,19.158777236938477,0.8687161207199097,0.07004468142986298,14.841222763061523,169,stage2,169,0.02,1.0
130.63327026367188,123.41056823730469,7.222701549530029,suppress_attn_ca,nan,123.41056823730469,410.95904541015625,287.54847717285156,0.6997010538747597,0.14265024662017822,0.0,2.5222086906433105,0.0,0.9384363889694214,18.97083282470703,0.3183707594871521,0.272227019071579,0.6829795837402344,0.936767578125,19.13360023498535,0.8767675757408142,0.07222701609134674,14.866399765014648,170,stage2,170,0.02,1.0
129.3535614013672,121.39579772949219,7.957766532897949,suppress_attn_ca,nan,121.39579772949219,410.95904541015625,289.56324768066406,0.7046036604247669,0.16596433520317078,0.005964338779449463,2.144315719604492,0.0,0.9388182163238525,18.943431854248047,0.3197111487388611,0.2736133337020874,0.6814000010490417,0.9371492862701416,19.106491088867188,0.8771492838859558,0.07361333072185516,14.893508911132812,171,stage2,171,0.02,1.0
128.8832244873047,121.5155258178711,7.367692947387695,suppress_attn_ca,nan,121.5155258178711,410.95904541015625,289.44351959228516,0.7043123221765494,0.13710735738277435,0.0,2.082885503768921,0.0,0.9192506670951843,18.944488525390625,0.31974202394485474,0.27367693185806274,0.6810948252677917,0.9175817966461182,19.1087646484375,0.8575817942619324,0.0736769288778305,14.8912353515625,172,stage2,172,0.02,0.9999999403953552
127.1744384765625,119.92949676513672,7.244943141937256,suppress_attn_ca,nan,119.92949676513672,410.95904541015625,291.02954864501953,0.7081716582112422,0.15127941966056824,0.0,2.206601858139038,0.0,0.9219041466712952,18.94071388244629,0.31806597113609314,0.27244943380355835,0.6804578304290771,0.9022672176361084,19.105680465698242,0.8422672152519226,0.07244943082332611,14.894319534301758,173,stage2,173,0.02,1.0
128.6442413330078,119.3220443725586,9.322197914123535,suppress_attn_ca,nan,119.3220443725586,410.95904541015625,291.63700103759766,0.7096497918582869,0.18144285678863525,0.02144286036491394,2.3963873386383057,0.0,0.9435352087020874,18.936721801757812,0.31729942560195923,0.2717791199684143,0.6797422766685486,0.8969817161560059,19.102237701416016,0.8369817137718201,0.07177911698818207,14.897762298583984,174,stage2,174,0.02,1.0
127.8800048828125,120.11079406738281,7.769213676452637,suppress_attn_ca,nan,120.11079406738281,410.95904541015625,290.84825134277344,0.7077305015941269,0.16557034850120544,0.005570352077484131,2.5715532302856445,0.0,0.9384638071060181,18.92150115966797,0.31763750314712524,0.272121787071228,0.6794775724411011,0.9000393152236938,19.087215423583984,0.8400393128395081,0.07212178409099579,14.912784576416016,175,stage2,175,0.02,0.9999999403953552
128.06324768066406,120.70941162109375,7.353837966918945,suppress_attn_ca,nan,120.70941162109375,410.95904541015625,290.2496337890625,0.7062738660476006,0.1295732855796814,0.0,2.7135720252990723,0.0,0.920670747756958,18.89866828918457,0.31918996572494507,0.27353838086128235,0.679572582244873,0.9157909750938416,19.064422607421875,0.8557909727096558,0.07353837788105011,14.935577392578125,176,stage2,176,0.02,1.0
128.64682006835938,121.15715026855469,7.489673614501953,suppress_attn_ca,nan,121.15715026855469,410.95904541015625,289.80189514160156,0.7051843690467156,0.13894706964492798,0.0,2.8514137268066406,0.0,0.9154778718948364,18.866111755371094,0.32004261016845703,0.2748967409133911,0.6787077784538269,0.9210644960403442,19.031452178955078,0.8610644936561584,0.07489673793315887,14.968547821044922,177,stage2,177,0.02,1.0
129.4669647216797,120.45962524414062,9.007345199584961,suppress_attn_ca,nan,120.45962524414062,410.95904541015625,290.4994201660156,0.7068816793558679,0.17539745569229126,0.015397459268569946,2.967921257019043,0.0,0.9175609946250916,18.834505081176758,0.3195805549621582,0.27467599511146545,0.6776863932609558,0.9329434633255005,18.99934959411621,0.8729434609413147,0.07467599213123322,15.000650405883789,178,stage2,178,0.02,0.9999999403953552
128.12481689453125,120.60897064208984,7.515846252441406,suppress_attn_ca,nan,120.60897064208984,410.95904541015625,290.3500747680664,0.7065182723458089,0.14101175963878632,0.0,3.09186053276062,0.0,0.9183028340339661,18.82408332824707,0.3198814392089844,0.27515846490859985,0.6773330569267273,0.9392604827880859,18.989295959472656,0.8792604804039001,0.07515846192836761,15.010704040527344,179,stage2,179,0.02,1.0
127.65802001953125,119.01841735839844,8.639602661132812,suppress_attn_ca,nan,119.01841735839844,410.95904541015625,291.9406280517578,0.710388617338712,0.15109053254127502,0.0,3.211477756500244,0.01147770881652832,0.9246182441711426,18.812265396118164,0.3199060559272766,0.2749183177947998,0.6764766573905945,0.9454363584518433,18.977426528930664,0.8854363560676575,0.07491831481456757,15.022573471069336,180,stage2,180,0.02,0.9999999403953552
131.42449951171875,122.04655456542969,9.377952575683594,suppress_attn_ca,nan,122.04655456542969,410.95904541015625,288.91249084472656,0.7030201526684452,0.17799988389015198,0.017999887466430664,2.5533995628356934,0.0,0.9328626990318298,18.831562042236328,0.32036182284355164,0.2757796347141266,0.6759690046310425,0.9544405341148376,18.99629020690918,0.8944405317306519,0.07577963173389435,15.00370979309082,181,stage2,181,0.02,1.0
128.41522216796875,120.79570007324219,7.619516372680664,suppress_attn_ca,nan,120.79570007324219,410.95904541015625,290.16334533691406,0.7060638975528998,0.15958288311958313,0.0,2.133187770843506,0.0,0.9366077780723572,18.85419464111328,0.32041865587234497,0.2761951684951782,0.6765326261520386,0.958185613155365,19.018705368041992,0.8981856107711792,0.07619516551494598,14.981294631958008,182,stage2,182,0.02,0.9999998807907104
128.05471801757812,120.02902221679688,8.025691986083984,suppress_attn_ca,nan,120.02902221679688,410.95904541015625,290.9300231933594,0.707929479695471,0.16712605953216553,0.007126063108444214,1.9743008613586426,0.0,0.9363425374031067,18.86832618713379,0.31747710704803467,0.273130863904953,0.677135169506073,0.9579203724861145,19.031774520874023,0.8979203701019287,0.07313086092472076,14.968225479125977,183,stage2,183,0.02,0.9999999403953552
127.4498291015625,120.16564178466797,7.284183979034424,suppress_attn_ca,nan,120.16564178466797,410.95904541015625,290.7934036254883,0.7075970388612883,0.14093458652496338,0.0,1.9970535039901733,0.0,0.9416433572769165,18.85546875,0.31712445616722107,0.27284184098243713,0.6772034168243408,0.9632211923599243,19.017871856689453,0.9032211899757385,0.0728418380022049,14.982128143310547,184,stage2,184,0.02,1.0
125.88333892822266,118.57869720458984,7.304640293121338,suppress_attn_ca,nan,118.57869720458984,410.95904541015625,292.3803482055664,0.7114586026784183,0.14787617325782776,0.0,2.130990505218506,0.0,0.945948600769043,18.83700942993164,0.3172207772731781,0.2730464041233063,0.6767743825912476,0.9675264358520508,18.997995376586914,0.907526433467865,0.07304640114307404,15.002004623413086,185,stage2,185,0.02,0.9999999403953552
127.61946868896484,118.99786376953125,8.621607780456543,suppress_attn_ca,nan,118.99786376953125,410.95904541015625,291.961181640625,0.7104386310544257,0.17285260558128357,0.012852609157562256,2.297663688659668,0.0,0.9438290596008301,18.81488609313965,0.31725645065307617,0.27336347103118896,0.6758491396903992,0.9654068946838379,18.974563598632812,0.9054068922996521,0.07336346805095673,15.025436401367188,186,stage2,186,0.02,1.0
126.32547760009766,118.8918685913086,7.433609962463379,suppress_attn_ca,nan,118.8918685913086,410.95904541015625,292.06717681884766,0.7106965525660861,0.16075512766838074,0.0007551312446594238,2.4585957527160645,0.0,0.9401500225067139,18.80777359008789,0.3171430230140686,0.27358096837997437,0.6759260892868042,0.9617278575897217,18.96630096435547,0.9017278552055359,0.07358096539974213,15.033699035644531,187,stage2,187,0.02,1.0
126.32388305664062,119.0418930053711,7.281993389129639,suppress_attn_ca,nan,119.0418930053711,410.95904541015625,291.91715240478516,0.7103314932840528,0.12384648621082306,0.0,2.6106905937194824,0.0,0.9359229207038879,18.8023624420166,0.316285103559494,0.2728199362754822,0.6767011880874634,0.9575007557868958,18.960163116455078,0.89750075340271,0.07281993329524994,15.039836883544922,188,stage2,188,0.02,0.9999999403953552
125.39620208740234,118.19600677490234,7.200191974639893,suppress_attn_ca,nan,118.19600677490234,410.95904541015625,292.7630386352539,0.7123898157371442,0.13789141178131104,0.0,2.7530412673950195,0.0,0.9340555667877197,18.78856658935547,0.3158114552497864,0.2720019221305847,0.6766576766967773,0.9556334018707275,18.945451736450195,0.8956333994865417,0.07200191915035248,15.054548263549805,189,stage2,189,0.02,0.9999999403953552
125.90277862548828,117.5248031616211,8.377976417541504,suppress_attn_ca,nan,117.5248031616211,410.95904541015625,293.43424224853516,0.7140230773012287,0.17134875059127808,0.011348754167556763,2.8791706562042236,0.0,0.9318400621414185,18.772714614868164,0.31622305512428284,0.27243101596832275,0.6758732199668884,0.9534178972244263,18.92827033996582,0.8934178948402405,0.07243101298809052,15.07172966003418,190,stage2,190,0.02,0.9999999403953552
124.88692474365234,117.65093231201172,7.235990524291992,suppress_attn_ca,nan,117.65093231201172,410.95904541015625,293.30811309814453,0.7137161631408049,0.15267932415008545,0.0,2.9909090995788574,0.0,0.9362769722938538,18.77341079711914,0.3160991072654724,0.2723599076271057,0.6764317750930786,0.9578548073768616,18.929948806762695,0.8978548049926758,0.07235990464687347,15.070051193237305,191,stage2,191,0.02,0.9999999403953552
125.35514831542969,117.77067565917969,7.584475040435791,suppress_attn_ca,nan,117.77067565917969,410.95904541015625,293.18836975097656,0.7134247877628802,0.16430538892745972,0.004305392503738403,3.083131790161133,0.0,0.938774824142456,18.77229881286621,0.31606513261795044,0.2715393602848053,0.6766574382781982,0.9603526592254639,18.9295597076416,0.9003526568412781,0.07153935730457306,15.070440292358398,192,stage2,192,0.02,0.9999999403953552
124.23580932617188,117.04854583740234,7.187260627746582,suppress_attn_ca,nan,117.04854583740234,410.95904541015625,293.9104995727539,0.7151819697250308,0.14697755873203278,0.0,3.1732864379882812,0.0,0.9469125270843506,18.76605796813965,0.31684786081314087,0.2718726098537445,0.6767379641532898,0.9684903621673584,18.923843383789062,0.9084903597831726,0.07187260687351227,15.076156616210938,193,stage2,193,0.02,1.0
128.11463928222656,115.94570922851562,12.168926239013672,suppress_attn_ca,nan,115.94570922851562,410.95904541015625,295.0133361816406,0.7178655378839601,0.16171197593212128,0.0017119795083999634,3.248119831085205,0.04811978340148926,0.9529411792755127,18.758926391601562,0.31718358397483826,0.27185750007629395,0.6762563586235046,0.9745190143585205,18.917211532592773,0.9145190119743347,0.0718574970960617,15.082788467407227,194,stage2,194,0.02,1.0
127.13885498046875,119.53373718261719,7.6051201820373535,suppress_attn_ca,nan,119.53373718261719,410.95904541015625,291.42530822753906,0.7091346728642584,0.16209788620471954,0.00209788978099823,2.5759623050689697,0.0,0.9529411792755127,18.750940322875977,0.3197319507598877,0.27395331859588623,0.6749390363693237,0.9745190143585205,18.910581588745117,0.9145190119743347,0.07395331561565399,15.089418411254883,195,stage2,195,0.02,1.0
125.91191101074219,118.3060302734375,7.605878829956055,suppress_attn_ca,nan,118.3060302734375,410.95904541015625,292.65301513671875,0.7121220919827606,0.13524645566940308,0.0,2.1598639488220215,0.0,0.9529411792755127,18.718833923339844,0.32185423374176025,0.27605879306793213,0.6737304925918579,0.9745190143585205,18.878215789794922,0.9145190119743347,0.07605879008769989,15.121784210205078,196,stage2,196,0.02,0.9999999403953552
124.94926452636719,117.4979248046875,7.4513421058654785,suppress_attn_ca,nan,117.4979248046875,410.95904541015625,293.46112060546875,0.7140884812806125,0.15471361577510834,0.0,1.9946101903915405,0.0,0.9529411792755127,18.682777404785156,0.3205011487007141,0.2745134234428406,0.6722559928894043,0.9745190143585205,18.841350555419922,0.9145190119743347,0.07451342046260834,15.158649444580078,197,stage2,197,0.02,0.9999999403953552
127.75814056396484,117.26863861083984,10.48949909210205,suppress_attn_ca,nan,117.26863861083984,410.95904541015625,293.6904067993164,0.7146464108271414,0.19051633775234222,0.03051634132862091,2.0300228595733643,0.0,0.9529411792755127,18.648441314697266,0.32042449712753296,0.2743786573410034,0.67039555311203,0.9745190143585205,18.8062686920166,0.9145190119743347,0.07437865436077118,15.193731307983398,198,stage2,198,0.02,1.0
123.46930694580078,115.96025085449219,7.50905704498291,suppress_attn_ca,nan,115.96025085449219,410.95904541015625,294.99879455566406,0.7178301532729169,0.15153351426124573,0.0,2.1737780570983887,0.0,0.9529411792755127,18.648962020874023,0.3207322061061859,0.2750905752182007,0.6700296401977539,0.9745190143585205,18.807504653930664,0.9145190119743347,0.07509057223796844,15.192495346069336,199,stage2,199,0.02,1.0
123.21642303466797,115.7255859375,7.490836143493652,suppress_attn_ca,nan,115.7255859375,410.95904541015625,295.23345947265625,0.718401171041264,0.15632346272468567,0.0,2.3515381813049316,0.0,0.9529411792755127,18.64957618713379,0.32033348083496094,0.2749083638191223,0.6696982383728027,0.9745190143585205,18.80862808227539,0.9145190119743347,0.07490836083889008,15.19137191772461,200,stage2,200,0.02,1.0
124.61860656738281,114.98875427246094,9.629853248596191,suppress_attn_ca,nan,114.98875427246094,410.95904541015625,295.9702911376953,0.7201941274763843,0.18098688125610352,0.020986884832382202,2.530219793319702,0.0,0.9529411792755127,18.648645401000977,0.3207498788833618,0.2753116488456726,0.6690737009048462,0.9745190143585205,18.80744743347168,0.9145190119743347,0.07531164586544037,15.19255256652832,201,stage2,201,0.02,0.9999999403953552
122.5767822265625,115.0416488647461,7.535134315490723,suppress_attn_ca,nan,115.0416488647461,410.95904541015625,295.91739654541016,0.7200654173460784,0.1604093313217163,0.0004093348979949951,2.6774988174438477,0.0,0.9529411792755127,18.652034759521484,0.3206612467765808,0.274942010641098,0.6689885854721069,0.9745190143585205,18.812034606933594,0.9145190119743347,0.07494200766086578,15.187965393066406,202,stage2,202,0.02,0.9999999403953552
122.9341049194336,115.45948791503906,7.4746174812316895,suppress_attn_ca,nan,115.45948791503906,410.95904541015625,295.4995574951172,0.7190486760066198,0.12081265449523926,0.0,2.7957100868225098,0.0,0.9529411792755127,18.636070251464844,0.3208387494087219,0.2747461795806885,0.6689857244491577,0.9745190143585205,18.796953201293945,0.9145190119743347,0.07474617660045624,15.203046798706055,203,stage2,203,0.02,0.9999998807907104
121.93413543701172,114.6371078491211,7.297025680541992,suppress_attn_ca,nan,114.6371078491211,410.95904541015625,296.32193756103516,0.7210498001456376,0.14029952883720398,0.0,2.886878728866577,0.0,0.9529411792755127,18.614566802978516,0.3198045492172241,0.2729702591896057,0.6684231162071228,0.9745190143585205,18.776029586791992,0.9145190119743347,0.07297025620937347,15.223970413208008,204,stage2,204,0.02,0.9999998807907104
122.31971740722656,113.6717529296875,8.64796257019043,suppress_attn_ca,nan,113.6717529296875,410.95904541015625,297.28729248046875,0.7233988296419226,0.17474046349525452,0.014740467071533203,2.9722213745117188,0.0,0.9636454582214355,18.587543487548828,0.319078654050827,0.2717391550540924,0.6674413084983826,0.9745190143585205,18.748872756958008,0.9145190119743347,0.07173915207386017,15.251127243041992,205,stage2,205,0.02,1.0
120.63960266113281,113.4177474975586,7.221855163574219,suppress_attn_ca,nan,113.4177474975586,410.95904541015625,297.54129791259766,0.7240169093142544,0.1365886926651001,0.0,3.059741735458374,0.0,0.9823689460754395,18.580720901489258,0.3197084665298462,0.2722185552120209,0.6674755811691284,0.9745190143585205,18.741867065429688,0.9145190119743347,0.07221855223178864,15.258132934570312,206,stage2,206,0.02,0.9999999403953552
121.26428985595703,114.04202270507812,7.222269535064697,suppress_attn_ca,nan,114.04202270507812,410.95904541015625,296.9170227050781,0.7224978401649272,0.1497437059879303,0.0,3.1268696784973145,0.0,0.990111231803894,18.57454490661621,0.3198174834251404,0.27222269773483276,0.6672128438949585,0.9745190143585205,18.735240936279297,0.9145190119743347,0.07222269475460052,15.264759063720703,207,stage2,207,0.02,1.0
122.1230697631836,112.78959655761719,9.333475112915039,suppress_attn_ca,nan,112.78959655761719,410.95904541015625,298.16944885253906,0.7255454094092322,0.18070709705352783,0.02070710062980652,3.1775479316711426,0.0,0.9827777147293091,18.56687355041504,0.32001182436943054,0.27262765169143677,0.6665651202201843,0.9745190143585205,18.72677230834961,0.9145190119743347,0.07262764871120453,15.27322769165039,208,stage2,208,0.02,0.9999999403953552
119.61113739013672,112.36492919921875,7.246209621429443,suppress_attn_ca,nan,112.36492919921875,410.95904541015625,298.5941162109375,0.7265787662927012,0.15887588262557983,0.0,3.1914119720458984,0.0,0.9925932884216309,18.55571937561035,0.31964051723480225,0.2724620997905731,0.6667793989181519,0.9745190143585205,18.71499252319336,0.9145190119743347,0.07246209681034088,15.28500747680664,209,stage2,209,0.02,0.9999998807907104
119.57157897949219,111.86001586914062,7.711562633514404,suppress_attn_ca,nan,111.86001586914062,410.95904541015625,299.0990295410156,0.7278073883067858,0.1658177226781845,0.005817726254463196,3.1905972957611084,0.0,0.9988402128219604,18.547428131103516,0.31882405281066895,0.2712979018688202,0.6669392585754395,0.9745190143585205,18.706064224243164,0.9145190119743347,0.07129789888858795,15.293935775756836,210,stage2,210,0.02,0.9999999403953552
118.84093475341797,111.74560546875,7.095332622528076,suppress_attn_ca,nan,111.74560546875,410.95904541015625,299.21343994140625,0.7280857868520142,0.1350918710231781,0.0,3.1937098503112793,0.0,1.0,18.53070831298828,0.3187251389026642,0.27095332741737366,0.6674510836601257,0.9745190143585205,18.689422607421875,0.9145190119743347,0.07095332443714142,15.310577392578125,211,stage2,211,0.02,0.9999999403953552
118.81362915039062,111.7801513671875,7.033480644226074,suppress_attn_ca,nan,111.7801513671875,410.95904541015625,299.17889404296875,0.7280017251947193,0.15848815441131592,0.0,3.1944241523742676,0.0,0.9937055706977844,18.51067543029785,0.3181086778640747,0.27033481001853943,0.6671373844146729,0.9745190143585205,18.669696807861328,0.9145190119743347,0.07033480703830719,15.330303192138672,212,stage2,212,0.02,0.9999999403953552
122.59120178222656,111.59519958496094,10.996005058288574,suppress_attn_ca,nan,111.59519958496094,410.95904541015625,299.3638458251953,0.7284517743767296,0.19956563413143158,0.039565637707710266,3.191546678543091,0.0,0.9678753614425659,18.485963821411133,0.31795746088027954,0.2703944146633148,0.6662609577178955,0.9745190143585205,18.644596099853516,0.9145190119743347,0.07039441168308258,15.355403900146484,213,stage2,213,0.02,0.9999999403953552
119.16633605957031,111.3353500366211,7.830985069274902,suppress_attn_ca,nan,111.3353500366211,410.95904541015625,299.62369537353516,0.7290840747269518,0.15801960229873657,0.0,3.208143711090088,0.00814366340637207,0.9483677744865417,18.497520446777344,0.31763511896133423,0.27016618847846985,0.6668292880058289,0.9671902656555176,18.656967163085938,0.9071902632713318,0.07016618549823761,15.343032836914062,214,stage2,214,0.02,1.0000001192092896
120.42384338378906,113.31047058105469,7.113374710083008,suppress_attn_ca,nan,113.31047058105469,410.95904541015625,297.64857482910156,0.7242779497213266,0.1568509042263031,0.0,2.5009355545043945,0.0,0.9354081153869629,18.53666877746582,0.3173069953918457,0.27113375067710876,0.6677948236465454,0.9569859504699707,18.695781707763672,0.8969859480857849,0.07113374769687653,15.304218292236328,215,stage2,215,0.02,1.0
120.16907501220703,111.5413818359375,8.627692222595215,suppress_attn_ca,nan,111.5413818359375,410.95904541015625,299.41766357421875,0.7285827308543263,0.17468614876270294,0.014686152338981628,2.1620826721191406,0.0,0.9294530153274536,18.561294555664062,0.3166015148162842,0.2715907692909241,0.6679394245147705,0.9510308504104614,18.71942901611328,0.8910308480262756,0.07159076631069183,15.280570983886719,216,stage2,216,0.02,1.0
119.49193572998047,112.34715270996094,7.1447834968566895,suppress_attn_ca,nan,112.34715270996094,410.95904541015625,298.6118927001953,0.726622022401689,0.13899895548820496,0.0,2.128666639328003,0.0,0.9391806125640869,18.560401916503906,0.3157615661621094,0.2714478373527527,0.6682925224304199,0.9594669938087463,18.71659278869629,0.8994669914245605,0.07144783437252045,15.283407211303711,217,stage2,217,0.02,1.0
118.87393188476562,111.67112731933594,7.202805519104004,suppress_attn_ca,nan,111.67112731933594,410.95904541015625,299.2879180908203,0.7282670169532758,0.15554219484329224,0.0,2.3003008365631104,0.0,0.9454097747802734,18.554018020629883,0.31571507453918457,0.2720280587673187,0.6679457426071167,0.9669876098632812,18.708415985107422,0.9069876074790955,0.07202805578708649,15.291584014892578,218,stage2,218,0.02,0.9999998807907104
120.25170135498047,110.58416748046875,9.667531967163086,suppress_attn_ca,nan,110.58416748046875,410.95904541015625,300.3748779296875,0.7309119516517745,0.184858500957489,0.0248585045337677,2.504910469055176,0.0,0.9645147323608398,18.54241180419922,0.31560438871383667,0.27181681990623474,0.6671301126480103,0.9721760749816895,18.695138931274414,0.9121760725975037,0.0718168169260025,15.304861068725586,219,stage2,219,0.02,1.0
118.37838745117188,111.10699462890625,7.271389484405518,suppress_attn_ca,nan,111.10699462890625,410.95904541015625,299.85205078125,0.7296397393613364,0.15913066267967224,0.0,2.693781852722168,0.0,0.991496205329895,18.53483009338379,0.31672412157058716,0.27271389961242676,0.6675631403923035,0.9745190143585205,18.688318252563477,0.9145190119743347,0.07271389663219452,15.311681747436523,220,stage2,220,0.02,0.9999999403953552
120.14761352539062,111.9645004272461,8.18311595916748,suppress_attn_ca,nan,111.9645004272461,410.95904541015625,298.99454498291016,0.7275531426361468,0.16913865506649017,0.00913865864276886,2.850023031234741,0.0,1.0,18.52520179748535,0.31695789098739624,0.2726925015449524,0.6674413681030273,0.9745190143585205,18.67914581298828,0.9145190119743347,0.07269249856472015,15.320854187011719,221,stage2,221,0.02,1.0
119.06934356689453,111.74877166748047,7.32057523727417,suppress_attn_ca,nan,111.74877166748047,410.95904541015625,299.2102737426758,0.7280780824377524,0.1552916020154953,0.0,2.991105556488037,0.0,1.0,18.521595001220703,0.3175453543663025,0.2732057571411133,0.6677521467208862,0.968262791633606,18.676429748535156,0.9082627892494202,0.07320575416088104,15.323570251464844,222,stage2,222,0.02,1.0
118.14936065673828,110.35502624511719,7.794331073760986,suppress_attn_ca,nan,110.35502624511719,410.95904541015625,300.60401916503906,0.7314695284660842,0.16538050770759583,0.005380511283874512,3.1225438117980957,0.0,1.0,18.514453887939453,0.3173251450061798,0.27256280183792114,0.6677356958389282,0.9593796730041504,18.669282913208008,0.8993796706199646,0.0725627988576889,15.330717086791992,223,stage2,223,0.02,1.0
119.63363647460938,110.27435302734375,9.35928726196289,suppress_attn_ca,nan,110.27435302734375,410.95904541015625,300.6846923828125,0.7316658332285038,0.13573339581489563,0.0,3.2215099334716797,0.021509885787963867,1.0,18.49931526184082,0.31698474287986755,0.27208298444747925,0.6682397127151489,0.9637218713760376,18.653337478637695,0.9037218689918518,0.07208298146724701,15.346662521362305,224,stage2,224,0.02,1.0
120.0059814453125,112.66239929199219,7.343585968017578,suppress_attn_ca,nan,112.66239929199219,410.95904541015625,298.29664611816406,0.725854922649166,0.15566688776016235,0.0,2.538444995880127,0.0,1.0,18.469970703125,0.3192266523838043,0.2734358608722687,0.6673519611358643,0.9711713194847107,18.62387466430664,0.9111713171005249,0.07343585789203644,15.37612533569336,225,stage2,225,0.02,1.0
121.42729949951172,111.41411590576172,10.013185501098633,suppress_attn_ca,nan,111.41411590576172,410.95904541015625,299.54492950439453,0.7288924111779429,0.18651896715164185,0.026518970727920532,2.092055320739746,0.0,1.0,18.439176559448242,0.3201723098754883,0.2736128866672516,0.6659272909164429,0.9745190143585205,18.59290313720703,0.9145190119743347,0.07361288368701935,15.407096862792969,226,stage2,226,0.02,1.0
118.83521270751953,111.46049499511719,7.374720096588135,suppress_attn_ca,nan,111.46049499511719,410.95904541015625,299.49855041503906,0.7287795554326479,0.15064065158367157,0.0,1.9125243425369263,0.0,1.0,18.42697525024414,0.32057297229766846,0.27374720573425293,0.6656232476234436,0.9704878330230713,18.580965042114258,0.9104878306388855,0.07374720275402069,15.419034957885742,227,stage2,227,0.02,0.9999998211860657
117.47758483886719,110.23088073730469,7.246704578399658,suppress_attn_ca,nan,110.23088073730469,410.95904541015625,300.72816467285156,0.7317716157645608,0.14781036972999573,0.0,1.9891902208328247,0.0,1.0,18.415563583374023,0.3192203640937805,0.2724670469760895,0.665303647518158,0.9643020629882812,18.569231033325195,0.9043020606040955,0.07246704399585724,15.430768966674805,228,stage2,228,0.02,0.9999998807907104
118.59748077392578,110.53292083740234,8.064558029174805,suppress_attn_ca,nan,110.53292083740234,410.95904541015625,300.4261245727539,0.7310366517736936,0.16901057958602905,0.00901058316230774,2.1664974689483643,0.0,1.0,18.405237197875977,0.318439781665802,0.2716349959373474,0.6647061705589294,0.9615618586540222,18.558073043823242,0.9015618562698364,0.07163499295711517,15.441926956176758,229,stage2,229,0.02,1.0
117.5204086303711,110.33805847167969,7.182352066040039,suppress_attn_ca,nan,110.33805847167969,410.95904541015625,300.62098693847656,0.7315108167005859,0.13928328454494476,0.0,2.334747314453125,0.0,1.0,18.397933959960938,0.3186783194541931,0.271823525428772,0.6646767854690552,0.9683582186698914,18.550037384033203,0.9083582162857056,0.07182352244853973,15.449962615966797,230,stage2,230,0.02,0.9999999403953552
116.65100860595703,109.58345794677734,7.067547798156738,suppress_attn_ca,nan,109.58345794677734,410.95904541015625,301.3755874633789,0.7333470106798405,0.1489543914794922,0.0,2.493480682373047,0.0,1.0,18.386966705322266,0.3181416988372803,0.2706754803657532,0.6641041040420532,0.9745190143585205,18.538440704345703,0.9145190119743347,0.07067547738552094,15.461559295654297,231,stage2,231,0.02,1.0
117.86041259765625,109.40278625488281,8.457624435424805,suppress_attn_ca,nan,109.40278625488281,410.95904541015625,301.55625915527344,0.7337866449789571,0.1742934137582779,0.01429341733455658,2.6470375061035156,0.0,1.0,18.370817184448242,0.3182641565799713,0.2702828347682953,0.6630557179450989,0.9745190143585205,18.521404266357422,0.9145190119743347,0.07028283178806305,15.478595733642578,232,stage2,232,0.02,0.9999999403953552
117.04014587402344,110.01472473144531,7.025424957275391,suppress_attn_ca,nan,110.01472473144531,410.95904541015625,300.94432067871094,0.7322975951979704,0.13697528839111328,0.0,2.7885189056396484,0.0,1.0,18.353788375854492,0.3185292184352875,0.2702542543411255,0.6628923416137695,0.9745190143585205,18.505027770996094,0.9145190119743347,0.07025425136089325,15.494972229003906,233,stage2,233,0.02,1.0
115.765380859375,108.70699310302734,7.058386325836182,suppress_attn_ca,nan,108.70699310302734,410.95904541015625,302.2520523071289,0.7354797410663325,0.1430577039718628,0.0,2.918367862701416,0.0,1.0,18.335586547851562,0.3186837434768677,0.2705838680267334,0.6622942686080933,0.9669704437255859,18.487438201904297,0.9069704413414001,0.07058386504650116,15.512561798095703,234,stage2,234,0.02,0.9999998807907104
116.20822143554688,108.61734008789062,7.590878009796143,suppress_attn_ca,nan,108.61734008789062,410.95904541015625,302.3417053222656,0.7356978966614898,0.16485707461833954,0.004857078194618225,3.0331926345825195,0.0,1.0,18.313337326049805,0.31949055194854736,0.27105170488357544,0.661298930644989,0.9582275152206421,18.465377807617188,0.8982275128364563,0.0710517019033432,15.534622192382812,235,stage2,235,0.02,1.0
115.25773620605469,108.04512023925781,7.212613582611084,suppress_attn_ca,nan,108.04512023925781,410.95904541015625,302.91392517089844,0.7370902978144117,0.13983523845672607,0.0,3.1238019466400146,0.0,1.0,18.304746627807617,0.3205372095108032,0.27212613821029663,0.661185622215271,0.9548087120056152,18.457090377807617,0.8948087096214294,0.07212613523006439,15.542909622192383,236,stage2,236,0.02,1.0
115.18036651611328,108.00390625,7.176460266113281,suppress_attn_ca,nan,108.00390625,410.95904541015625,302.95513916015625,0.7371905851537905,0.1570103019475937,0.0,3.1853771209716797,0.0,1.0,18.29698371887207,0.32032954692840576,0.2717646062374115,0.6609556078910828,0.9560695886611938,18.44907569885254,0.8960695862770081,0.07176460325717926,15.550924301147461,237,stage2,237,0.02,1.0
121.52948760986328,107.99504089355469,13.534449577331543,suppress_attn_ca,nan,107.99504089355469,410.95904541015625,302.96400451660156,0.7372121575137235,0.18502691388130188,0.025026917457580566,3.2381606101989746,0.03816056251525879,1.0,18.288196563720703,0.3202309012413025,0.2721570134162903,0.660125195980072,0.9555831551551819,18.440034866333008,0.8955831527709961,0.07215701043605804,15.559965133666992,238,stage2,238,0.02,0.9999999403953552
122.15983581542969,111.49649047851562,10.663341522216797,suppress_attn_ca,nan,111.49649047851562,410.95904541015625,299.4625549316406,0.7286919664531609,0.19270220398902893,0.03270220756530762,2.4992151260375977,0.0,1.0,18.328678131103516,0.3203964829444885,0.27393120527267456,0.6603975296020508,0.9614812135696411,18.47936248779297,0.9014812111854553,0.07393120229244232,15.520637512207031,239,stage2,239,0.02,1.0
119.10641479492188,110.36456298828125,8.74184799194336,suppress_attn_ca,nan,110.36456298828125,410.95904541015625,300.594482421875,0.7314463223990306,0.17028585076332092,0.01028585433959961,2.0940775871276855,0.0,1.0,18.357622146606445,0.3214866518974304,0.27713263034820557,0.660643994808197,0.9670373201370239,18.50689697265625,0.9070373177528381,0.07713262736797333,15.49310302734375,240,stage2,240,0.02,1.0
117.80176544189453,110.14567565917969,7.656089782714844,suppress_attn_ca,nan,110.14567565917969,410.95904541015625,300.81336975097656,0.7319789480500443,0.12527139484882355,0.0,2.0575366020202637,0.0,1.0,18.380186080932617,0.32048308849334717,0.27656090259552,0.6617058515548706,0.9671571254730225,18.528095245361328,0.9071571230888367,0.07656089961528778,15.471904754638672,241,stage2,241,0.02,1.0
117.00802612304688,109.4400634765625,7.567964553833008,suppress_attn_ca,nan,109.4400634765625,410.95904541015625,301.51898193359375,0.7336959371040581,0.15246498584747314,0.0,2.229133129119873,0.0,1.0,18.388595581054688,0.31953731179237366,0.27567964792251587,0.6620673537254333,0.9663776159286499,18.534950256347656,0.9063776135444641,0.07567964494228363,15.465049743652344,242,stage2,242,0.02,1.0
119.07286834716797,108.03255462646484,11.040316581726074,suppress_attn_ca,nan,108.03255462646484,410.95904541015625,302.9264907836914,0.7371208741283616,0.1953791081905365,0.035379111766815186,2.453803539276123,0.0,1.0,18.386653900146484,0.31901121139526367,0.27502405643463135,0.661884069442749,0.9616955518722534,18.531204223632812,0.9016955494880676,0.07502405345439911,15.468795776367188,243,stage2,243,0.02,0.9999998807907104
116.8902816772461,108.27633666992188,8.613945960998535,suppress_attn_ca,nan,108.27633666992188,410.95904541015625,302.6827087402344,0.7365276713599112,0.17026075720787048,0.01026076078414917,2.6725029945373535,0.0,1.0,18.399728775024414,0.3195863664150238,0.2758786976337433,0.6626734137535095,0.9595775604248047,18.544307708740234,0.8995775580406189,0.07587869465351105,15.455692291259766,244,stage2,244,0.02,1.0
115.2266845703125,107.65453338623047,7.57214879989624,suppress_attn_ca,nan,107.65453338623047,410.95904541015625,303.3045120239258,0.7380407254966581,0.1415586769580841,0.0,2.862734794616699,0.0,1.0,18.40562629699707,0.3195570707321167,0.2757214903831482,0.6633021831512451,0.959986686706543,18.550994873046875,0.8999866843223572,0.07572148740291595,15.449005126953125,245,stage2,245,0.02,0.9999998807907104
114.45051574707031,106.6766357421875,7.773879051208496,suppress_attn_ca,nan,106.6766357421875,410.95904541015625,304.28240966796875,0.740420275612332,0.16266776621341705,0.0026677697896957397,3.0138449668884277,0.0,1.0,18.399280548095703,0.31915080547332764,0.27507102489471436,0.6630555391311646,0.9651970863342285,18.544761657714844,0.9051970839500427,0.07507102191448212,15.455238342285156,246,stage2,246,0.02,1.0
115.27368927001953,107.6920166015625,7.581673622131348,suppress_attn_ca,nan,107.6920166015625,410.95904541015625,303.26702880859375,0.7379495163707107,0.1506984829902649,0.0,3.123103618621826,0.0,1.0,18.365633010864258,0.3196711838245392,0.27581673860549927,0.6625363826751709,0.9641520380973816,18.510517120361328,0.9041520357131958,0.07581673562526703,15.489482879638672,247,stage2,247,0.02,0.9999999403953552
117.85244750976562,107.20622253417969,10.646224975585938,suppress_attn_ca,nan,107.20622253417969,410.95904541015625,303.75282287597656,0.7391316148615663,0.18037402629852295,0.020374029874801636,3.2101733684539795,0.010173320770263672,1.0,18.33310890197754,0.3194338381290436,0.27591490745544434,0.6615047454833984,0.9572039842605591,18.476837158203125,0.8972039818763733,0.0759149044752121,15.523162841796875,248,stage2,248,0.02,1.0
122.41682434082031,109.93441009521484,12.482413291931152,suppress_attn_ca,nan,109.93441009521484,410.95904541015625,301.0246353149414,0.7324930274122688,0.20733638107776642,0.047336384654045105,2.5154213905334473,0.0,1.0,18.293224334716797,0.3213769495487213,0.27748775482177734,0.6599210500717163,0.9496076107025146,18.436548233032227,0.8896076083183289,0.0774877518415451,15.563451766967773,249,stage2,249,0.02,1.0
