=== 直譯器 ===
Python 3.12.11
PY=/home/zeus/miniconda3/envs/cloudspace/bin/python3
HF_HOME=/teamspace/studios/this_studio/hf_cache
=== 記錄現有的 torch 版本 ===
torch 2.8.0+cu128   torchvision 0.23.0+cu128
=== 套件（torch／torchvision 以 constraint 釘住）===
ERROR: pip's dependency resolver does not currently take into account all the packages that are installed. This behaviour is the source of the following dependency conflicts.
matplotlib 3.8.2 requires numpy<2,>=1.21, but you have numpy 2.5.1 which is incompatible.
pandas 2.1.4 requires numpy<2,>=1.26.0; python_version >= "3.12", but you have numpy 2.5.1 which is incompatible.
scikit-learn 1.3.2 requires numpy<2.0,>=1.17.3, but you have numpy 2.5.1 which is incompatible.
=== 核對 pyiqa 在 --no-deps 下匯入無誤 ===
Downloading: "https://huggingface.co/chaofengc/IQA-PyTorch-Weights/resolve/main/niqe_modelparameters.mat" to /teamspace/studios/this_studio/.cache/torch/hub/pyiqa/niqe_modelparameters.mat

  0%|          | 0.00/8.15k [00:00<?, ?B/s]100%|██████████| 8.15k/8.15k [00:00<00:00, 49.9MB/s]
pyiqa 0.1.16 NIQE = 42.63230751217059
=== 核對 torch 未被換掉 ===
torch 2.8.0+cu128 未變動，CUDA 可用
=== GPU ===
NVIDIA H100 80GB HBM3  79 GiB  sm_90
E27 實測峰值 10.1 GiB；本機 79.2 GiB (足夠)
TF32 關閉   matmul=False cudnn=False
=== 測試（基準 253 passed / 1 skipped）===
...........................................F....sEEEEE.................. [ 28%]
........................................................................ [ 56%]
.EEEEEEEEEEEEEEEEEEEEEEEEEEEEEEEEEEEEEEEEEEEEEE......EEEEEEEEEEEEEEEEEEE [ 85%]
EEEEEEEEEEEE..........................                                   [100%]
==================================== ERRORS ====================================
___________________ ERROR at setup of test_lam_0_使損失退化為純_mse ___________________

self = <module 'diffusers.pipelines.stable_diffusion' from '/home/zeus/miniconda3/envs/cloudspace/lib/python3.12/site-packages/diffusers/pipelines/stable_diffusion/__init__.py'>
module_name = 'pipeline_stable_diffusion'

    def _get_module(self, module_name: str):
        try:
>           return importlib.import_module("." + module_name, self.__name__)
                   ^^^^^^^^^^^^^^^^^^^^^^^^^^^^^^^^^^^^^^^^^^^^^^^^^^^^^^^^^

/home/zeus/miniconda3/envs/cloudspace/lib/python3.12/site-packages/diffusers/utils/import_utils.py:1052: 
_ _ _ _ _ _ _ _ _ _ _ _ _ _ _ _ _ _ _ _ _ _ _ _ _ _ _ _ _ _ _ _ _ _ _ _ _ _ _ _ 
/home/zeus/miniconda3/envs/cloudspace/lib/python3.12/importlib/__init__.py:90: in import_module
    return _bootstrap._gcd_import(name[level:], package, level)
           ^^^^^^^^^^^^^^^^^^^^^^^^^^^^^^^^^^^^^^^^^^^^^^^^^^^^
/home/zeus/miniconda3/envs/cloudspace/lib/python3.12/site-packages/diffusers/pipelines/stable_diffusion/pipeline_stable_diffusion.py:19: in <module>
    from transformers import CLIPImageProcessor, CLIPTextModel, CLIPTokenizer, CLIPVisionModelWithProjection
/home/zeus/miniconda3/envs/cloudspace/lib/python3.12/site-packages/transformers/utils/import_utils.py:2342: in __getattr__
    module = self._get_module(self._class_to_module[name])
             ^^^^^^^^^^^^^^^^^^^^^^^^^^^^^^^^^^^^^^^^^^^^^
/home/zeus/miniconda3/envs/cloudspace/lib/python3.12/site-packages/transformers/utils/import_utils.py:2576: in _get_module
    raise e
/home/zeus/miniconda3/envs/cloudspace/lib/python3.12/site-packages/transformers/utils/import_utils.py:2574: in _get_module
    return importlib.import_module("." + module_name, self.__name__)
           ^^^^^^^^^^^^^^^^^^^^^^^^^^^^^^^^^^^^^^^^^^^^^^^^^^^^^^^^^
/home/zeus/miniconda3/envs/cloudspace/lib/python3.12/importlib/__init__.py:90: in import_module
    return _bootstrap._gcd_import(name[level:], package, level)
           ^^^^^^^^^^^^^^^^^^^^^^^^^^^^^^^^^^^^^^^^^^^^^^^^^^^^
/home/zeus/miniconda3/envs/cloudspace/lib/python3.12/site-packages/transformers/models/clip/image_processing_clip.py:22: in <module>
    @auto_docstring
     ^^^^^^^^^^^^^^
/home/zeus/miniconda3/envs/cloudspace/lib/python3.12/site-packages/transformers/utils/auto_docstring.py:4536: in auto_docstring
    return auto_docstring_decorator(obj)
           ^^^^^^^^^^^^^^^^^^^^^^^^^^^^^
/home/zeus/miniconda3/envs/cloudspace/lib/python3.12/site-packages/transformers/utils/auto_docstring.py:4533: in auto_docstring_decorator
    return auto_class_docstring(obj, custom_args=custom_args, custom_intro=custom_intro, checkpoint=checkpoint)
           ^^^^^^^^^^^^^^^^^^^^^^^^^^^^^^^^^^^^^^^^^^^^^^^^^^^^^^^^^^^^^^^^^^^^^^^^^^^^^^^^^^^^^^^^^^^^^^^^^^^^
/home/zeus/miniconda3/envs/cloudspace/lib/python3.12/site-packages/transformers/utils/auto_docstring.py:4279: in auto_class_docstring
    getattr(auto_module, PLACEHOLDER_TO_AUTO_MODULE["model_class"][0]),
    ^^^^^^^^^^^^^^^^^^^^^^^^^^^^^^^^^^^^^^^^^^^^^^^^^^^^^^^^^^^^^^^^^^
/home/zeus/miniconda3/envs/cloudspace/lib/python3.12/site-packages/transformers/utils/import_utils.py:2436: in __getattr__
    value = self._get_module(name)
            ^^^^^^^^^^^^^^^^^^^^^^
/home/zeus/miniconda3/envs/cloudspace/lib/python3.12/site-packages/transformers/utils/import_utils.py:2576: in _get_module
    raise e
/home/zeus/miniconda3/envs/cloudspace/lib/python3.12/site-packages/transformers/utils/import_utils.py:2574: in _get_module
    return importlib.import_module("." + module_name, self.__name__)
           ^^^^^^^^^^^^^^^^^^^^^^^^^^^^^^^^^^^^^^^^^^^^^^^^^^^^^^^^^
/home/zeus/miniconda3/envs/cloudspace/lib/python3.12/importlib/__init__.py:90: in import_module
    return _bootstrap._gcd_import(name[level:], package, level)
           ^^^^^^^^^^^^^^^^^^^^^^^^^^^^^^^^^^^^^^^^^^^^^^^^^^^^
/home/zeus/miniconda3/envs/cloudspace/lib/python3.12/site-packages/transformers/models/auto/modeling_auto.py:21: in <module>
    from .auto_factory import (
/home/zeus/miniconda3/envs/cloudspace/lib/python3.12/site-packages/transformers/models/auto/auto_factory.py:42: in <module>
    from ...generation import GenerationMixin
/home/zeus/miniconda3/envs/cloudspace/lib/python3.12/site-packages/transformers/utils/import_utils.py:2342: in __getattr__
    module = self._get_module(self._class_to_module[name])
             ^^^^^^^^^^^^^^^^^^^^^^^^^^^^^^^^^^^^^^^^^^^^^
/home/zeus/miniconda3/envs/cloudspace/lib/python3.12/site-packages/transformers/utils/import_utils.py:2576: in _get_module
    raise e
/home/zeus/miniconda3/envs/cloudspace/lib/python3.12/site-packages/transformers/utils/import_utils.py:2574: in _get_module
    return importlib.import_module("." + module_name, self.__name__)
           ^^^^^^^^^^^^^^^^^^^^^^^^^^^^^^^^^^^^^^^^^^^^^^^^^^^^^^^^^
/home/zeus/miniconda3/envs/cloudspace/lib/python3.12/importlib/__init__.py:90: in import_module
    return _bootstrap._gcd_import(name[level:], package, level)
           ^^^^^^^^^^^^^^^^^^^^^^^^^^^^^^^^^^^^^^^^^^^^^^^^^^^^
/home/zeus/miniconda3/envs/cloudspace/lib/python3.12/site-packages/transformers/generation/utils.py:53: in <module>
    from .candidate_generator import (
/home/zeus/miniconda3/envs/cloudspace/lib/python3.12/site-packages/transformers/generation/candidate_generator.py:31: in <module>
    from sklearn.metrics import roc_curve
/home/zeus/miniconda3/envs/cloudspace/lib/python3.12/site-packages/sklearn/__init__.py:83: in <module>
    from .base import clone
/home/zeus/miniconda3/envs/cloudspace/lib/python3.12/site-packages/sklearn/base.py:19: in <module>
    from .utils import _IS_32BIT
/home/zeus/miniconda3/envs/cloudspace/lib/python3.12/site-packages/sklearn/utils/__init__.py:27: in <module>
    from .murmurhash import murmurhash3_32
_ _ _ _ _ _ _ _ _ _ _ _ _ _ _ _ _ _ _ _ _ _ _ _ _ _ _ _ _ _ _ _ _ _ _ _ _ _ _ _ 

>   ???
E   ValueError: numpy.dtype size changed, may indicate binary incompatibility. Expected 96 from C header, got 88 from PyObject

sklearn/utils/murmurhash.pyx:1: ValueError

The above exception was the direct cause of the following exception:

    @pytest.fixture(scope="module")
    def sd():
>       return SDWrapper(TINY)
               ^^^^^^^^^^^^^^^

tests/test_e17_latent_opt.py:23: 
_ _ _ _ _ _ _ _ _ _ _ _ _ _ _ _ _ _ _ _ _ _ _ _ _ _ _ _ _ _ _ _ _ _ _ _ _ _ _ _ 
src/models/sd.py:30: in __init__
    from diffusers import StableDiffusionPipeline
<frozen importlib._bootstrap>:1412: in _handle_fromlist
    ???
/home/zeus/miniconda3/envs/cloudspace/lib/python3.12/site-packages/diffusers/utils/import_utils.py:1043: in __getattr__
    value = getattr(module, name)
            ^^^^^^^^^^^^^^^^^^^^^
/home/zeus/miniconda3/envs/cloudspace/lib/python3.12/site-packages/diffusers/utils/import_utils.py:1043: in __getattr__
    value = getattr(module, name)
            ^^^^^^^^^^^^^^^^^^^^^
/home/zeus/miniconda3/envs/cloudspace/lib/python3.12/site-packages/diffusers/utils/import_utils.py:1042: in __getattr__
    module = self._get_module(self._class_to_module[name])
             ^^^^^^^^^^^^^^^^^^^^^^^^^^^^^^^^^^^^^^^^^^^^^
_ _ _ _ _ _ _ _ _ _ _ _ _ _ _ _ _ _ _ _ _ _ _ _ _ _ _ _ _ _ _ _ _ _ _ _ _ _ _ _ 

self = <module 'diffusers.pipelines.stable_diffusion' from '/home/zeus/miniconda3/envs/cloudspace/lib/python3.12/site-packages/diffusers/pipelines/stable_diffusion/__init__.py'>
module_name = 'pipeline_stable_diffusion'

    def _get_module(self, module_name: str):
        try:
            return importlib.import_module("." + module_name, self.__name__)
        except Exception as e:
>           raise RuntimeError(
                f"Failed to import {self.__name__}.{module_name} because of the following error (look up to see its"
                f" traceback):\n{e}"
            ) from e
E           RuntimeError: Failed to import diffusers.pipelines.stable_diffusion.pipeline_stable_diffusion because of the following error (look up to see its traceback):
E           numpy.dtype size changed, may indicate binary incompatibility. Expected 96 from C header, got 88 from PyObject

/home/zeus/miniconda3/envs/cloudspace/lib/python3.12/site-packages/diffusers/utils/import_utils.py:1054: RuntimeError
_____________________ ERROR at setup of test_lam_以線性比例進入損失 _____________________

self = <module 'diffusers.pipelines.stable_diffusion' from '/home/zeus/miniconda3/envs/cloudspace/lib/python3.12/site-packages/diffusers/pipelines/stable_diffusion/__init__.py'>
module_name = 'pipeline_stable_diffusion'

    def _get_module(self, module_name: str):
        try:
>           return importlib.import_module("." + module_name, self.__name__)
                   ^^^^^^^^^^^^^^^^^^^^^^^^^^^^^^^^^^^^^^^^^^^^^^^^^^^^^^^^^

/home/zeus/miniconda3/envs/cloudspace/lib/python3.12/site-packages/diffusers/utils/import_utils.py:1052: 
_ _ _ _ _ _ _ _ _ _ _ _ _ _ _ _ _ _ _ _ _ _ _ _ _ _ _ _ _ _ _ _ _ _ _ _ _ _ _ _ 
/home/zeus/miniconda3/envs/cloudspace/lib/python3.12/importlib/__init__.py:90: in import_module
    return _bootstrap._gcd_import(name[level:], package, level)
           ^^^^^^^^^^^^^^^^^^^^^^^^^^^^^^^^^^^^^^^^^^^^^^^^^^^^
/home/zeus/miniconda3/envs/cloudspace/lib/python3.12/site-packages/diffusers/pipelines/stable_diffusion/pipeline_stable_diffusion.py:19: in <module>
    from transformers import CLIPImageProcessor, CLIPTextModel, CLIPTokenizer, CLIPVisionModelWithProjection
/home/zeus/miniconda3/envs/cloudspace/lib/python3.12/site-packages/transformers/utils/import_utils.py:2342: in __getattr__
    module = self._get_module(self._class_to_module[name])
             ^^^^^^^^^^^^^^^^^^^^^^^^^^^^^^^^^^^^^^^^^^^^^
/home/zeus/miniconda3/envs/cloudspace/lib/python3.12/site-packages/transformers/utils/import_utils.py:2576: in _get_module
    raise e
/home/zeus/miniconda3/envs/cloudspace/lib/python3.12/site-packages/transformers/utils/import_utils.py:2574: in _get_module
    return importlib.import_module("." + module_name, self.__name__)
           ^^^^^^^^^^^^^^^^^^^^^^^^^^^^^^^^^^^^^^^^^^^^^^^^^^^^^^^^^
/home/zeus/miniconda3/envs/cloudspace/lib/python3.12/importlib/__init__.py:90: in import_module
    return _bootstrap._gcd_import(name[level:], package, level)
           ^^^^^^^^^^^^^^^^^^^^^^^^^^^^^^^^^^^^^^^^^^^^^^^^^^^^
/home/zeus/miniconda3/envs/cloudspace/lib/python3.12/site-packages/transformers/models/clip/image_processing_clip.py:22: in <module>
    @auto_docstring
     ^^^^^^^^^^^^^^
/home/zeus/miniconda3/envs/cloudspace/lib/python3.12/site-packages/transformers/utils/auto_docstring.py:4536: in auto_docstring
    return auto_docstring_decorator(obj)
           ^^^^^^^^^^^^^^^^^^^^^^^^^^^^^
/home/zeus/miniconda3/envs/cloudspace/lib/python3.12/site-packages/transformers/utils/auto_docstring.py:4533: in auto_docstring_decorator
    return auto_class_docstring(obj, custom_args=custom_args, custom_intro=custom_intro, checkpoint=checkpoint)
           ^^^^^^^^^^^^^^^^^^^^^^^^^^^^^^^^^^^^^^^^^^^^^^^^^^^^^^^^^^^^^^^^^^^^^^^^^^^^^^^^^^^^^^^^^^^^^^^^^^^^
/home/zeus/miniconda3/envs/cloudspace/lib/python3.12/site-packages/transformers/utils/auto_docstring.py:4279: in auto_class_docstring
    getattr(auto_module, PLACEHOLDER_TO_AUTO_MODULE["model_class"][0]),
    ^^^^^^^^^^^^^^^^^^^^^^^^^^^^^^^^^^^^^^^^^^^^^^^^^^^^^^^^^^^^^^^^^^
/home/zeus/miniconda3/envs/cloudspace/lib/python3.12/site-packages/transformers/utils/import_utils.py:2436: in __getattr__
    value = self._get_module(name)
            ^^^^^^^^^^^^^^^^^^^^^^
/home/zeus/miniconda3/envs/cloudspace/lib/python3.12/site-packages/transformers/utils/import_utils.py:2576: in _get_module
    raise e
/home/zeus/miniconda3/envs/cloudspace/lib/python3.12/site-packages/transformers/utils/import_utils.py:2574: in _get_module
    return importlib.import_module("." + module_name, self.__name__)
           ^^^^^^^^^^^^^^^^^^^^^^^^^^^^^^^^^^^^^^^^^^^^^^^^^^^^^^^^^
/home/zeus/miniconda3/envs/cloudspace/lib/python3.12/importlib/__init__.py:90: in import_module
    return _bootstrap._gcd_import(name[level:], package, level)
           ^^^^^^^^^^^^^^^^^^^^^^^^^^^^^^^^^^^^^^^^^^^^^^^^^^^^
/home/zeus/miniconda3/envs/cloudspace/lib/python3.12/site-packages/transformers/models/auto/modeling_auto.py:21: in <module>
    from .auto_factory import (
/home/zeus/miniconda3/envs/cloudspace/lib/python3.12/site-packages/transformers/models/auto/auto_factory.py:42: in <module>
    from ...generation import GenerationMixin
/home/zeus/miniconda3/envs/cloudspace/lib/python3.12/site-packages/transformers/utils/import_utils.py:2342: in __getattr__
    module = self._get_module(self._class_to_module[name])
             ^^^^^^^^^^^^^^^^^^^^^^^^^^^^^^^^^^^^^^^^^^^^^
/home/zeus/miniconda3/envs/cloudspace/lib/python3.12/site-packages/transformers/utils/import_utils.py:2576: in _get_module
    raise e
/home/zeus/miniconda3/envs/cloudspace/lib/python3.12/site-packages/transformers/utils/import_utils.py:2574: in _get_module
    return importlib.import_module("." + module_name, self.__name__)
           ^^^^^^^^^^^^^^^^^^^^^^^^^^^^^^^^^^^^^^^^^^^^^^^^^^^^^^^^^
/home/zeus/miniconda3/envs/cloudspace/lib/python3.12/importlib/__init__.py:90: in import_module
    return _bootstrap._gcd_import(name[level:], package, level)
           ^^^^^^^^^^^^^^^^^^^^^^^^^^^^^^^^^^^^^^^^^^^^^^^^^^^^
/home/zeus/miniconda3/envs/cloudspace/lib/python3.12/site-packages/transformers/generation/utils.py:53: in <module>
    from .candidate_generator import (
/home/zeus/miniconda3/envs/cloudspace/lib/python3.12/site-packages/transformers/generation/candidate_generator.py:31: in <module>
    from sklearn.metrics import roc_curve
/home/zeus/miniconda3/envs/cloudspace/lib/python3.12/site-packages/sklearn/__init__.py:83: in <module>
    from .base import clone
/home/zeus/miniconda3/envs/cloudspace/lib/python3.12/site-packages/sklearn/base.py:19: in <module>
    from .utils import _IS_32BIT
/home/zeus/miniconda3/envs/cloudspace/lib/python3.12/site-packages/sklearn/utils/__init__.py:27: in <module>
    from .murmurhash import murmurhash3_32
_ _ _ _ _ _ _ _ _ _ _ _ _ _ _ _ _ _ _ _ _ _ _ _ _ _ _ _ _ _ _ _ _ _ _ _ _ _ _ _ 

>   ???
E   ValueError: numpy.dtype size changed, may indicate binary incompatibility. Expected 96 from C header, got 88 from PyObject

sklearn/utils/murmurhash.pyx:1: ValueError

The above exception was the direct cause of the following exception:

    @pytest.fixture(scope="module")
    def sd():
>       return SDWrapper(TINY)
               ^^^^^^^^^^^^^^^

tests/test_e17_latent_opt.py:23: 
_ _ _ _ _ _ _ _ _ _ _ _ _ _ _ _ _ _ _ _ _ _ _ _ _ _ _ _ _ _ _ _ _ _ _ _ _ _ _ _ 
src/models/sd.py:30: in __init__
    from diffusers import StableDiffusionPipeline
<frozen importlib._bootstrap>:1412: in _handle_fromlist
    ???
/home/zeus/miniconda3/envs/cloudspace/lib/python3.12/site-packages/diffusers/utils/import_utils.py:1043: in __getattr__
    value = getattr(module, name)
            ^^^^^^^^^^^^^^^^^^^^^
/home/zeus/miniconda3/envs/cloudspace/lib/python3.12/site-packages/diffusers/utils/import_utils.py:1043: in __getattr__
    value = getattr(module, name)
            ^^^^^^^^^^^^^^^^^^^^^
/home/zeus/miniconda3/envs/cloudspace/lib/python3.12/site-packages/diffusers/utils/import_utils.py:1042: in __getattr__
    module = self._get_module(self._class_to_module[name])
             ^^^^^^^^^^^^^^^^^^^^^^^^^^^^^^^^^^^^^^^^^^^^^
_ _ _ _ _ _ _ _ _ _ _ _ _ _ _ _ _ _ _ _ _ _ _ _ _ _ _ _ _ _ _ _ _ _ _ _ _ _ _ _ 

self = <module 'diffusers.pipelines.stable_diffusion' from '/home/zeus/miniconda3/envs/cloudspace/lib/python3.12/site-packages/diffusers/pipelines/stable_diffusion/__init__.py'>
module_name = 'pipeline_stable_diffusion'

    def _get_module(self, module_name: str):
        try:
            return importlib.import_module("." + module_name, self.__name__)
        except Exception as e:
>           raise RuntimeError(
                f"Failed to import {self.__name__}.{module_name} because of the following error (look up to see its"
                f" traceback):\n{e}"
            ) from e
E           RuntimeError: Failed to import diffusers.pipelines.stable_diffusion.pipeline_stable_diffusion because of the following error (look up to see its traceback):
E           numpy.dtype size changed, may indicate binary incompatibility. Expected 96 from C header, got 88 from PyObject

/home/zeus/miniconda3/envs/cloudspace/lib/python3.12/site-packages/diffusers/utils/import_utils.py:1054: RuntimeError
________________ ERROR at setup of test_decode_參數確實取代預設_decoder ________________

self = <module 'diffusers.pipelines.stable_diffusion' from '/home/zeus/miniconda3/envs/cloudspace/lib/python3.12/site-packages/diffusers/pipelines/stable_diffusion/__init__.py'>
module_name = 'pipeline_stable_diffusion'

    def _get_module(self, module_name: str):
        try:
>           return importlib.import_module("." + module_name, self.__name__)
                   ^^^^^^^^^^^^^^^^^^^^^^^^^^^^^^^^^^^^^^^^^^^^^^^^^^^^^^^^^

/home/zeus/miniconda3/envs/cloudspace/lib/python3.12/site-packages/diffusers/utils/import_utils.py:1052: 
_ _ _ _ _ _ _ _ _ _ _ _ _ _ _ _ _ _ _ _ _ _ _ _ _ _ _ _ _ _ _ _ _ _ _ _ _ _ _ _ 
/home/zeus/miniconda3/envs/cloudspace/lib/python3.12/importlib/__init__.py:90: in import_module
    return _bootstrap._gcd_import(name[level:], package, level)
           ^^^^^^^^^^^^^^^^^^^^^^^^^^^^^^^^^^^^^^^^^^^^^^^^^^^^
/home/zeus/miniconda3/envs/cloudspace/lib/python3.12/site-packages/diffusers/pipelines/stable_diffusion/pipeline_stable_diffusion.py:19: in <module>
    from transformers import CLIPImageProcessor, CLIPTextModel, CLIPTokenizer, CLIPVisionModelWithProjection
/home/zeus/miniconda3/envs/cloudspace/lib/python3.12/site-packages/transformers/utils/import_utils.py:2342: in __getattr__
    module = self._get_module(self._class_to_module[name])
             ^^^^^^^^^^^^^^^^^^^^^^^^^^^^^^^^^^^^^^^^^^^^^
/home/zeus/miniconda3/envs/cloudspace/lib/python3.12/site-packages/transformers/utils/import_utils.py:2576: in _get_module
    raise e
/home/zeus/miniconda3/envs/cloudspace/lib/python3.12/site-packages/transformers/utils/import_utils.py:2574: in _get_module
    return importlib.import_module("." + module_name, self.__name__)
           ^^^^^^^^^^^^^^^^^^^^^^^^^^^^^^^^^^^^^^^^^^^^^^^^^^^^^^^^^
/home/zeus/miniconda3/envs/cloudspace/lib/python3.12/importlib/__init__.py:90: in import_module
    return _bootstrap._gcd_import(name[level:], package, level)
           ^^^^^^^^^^^^^^^^^^^^^^^^^^^^^^^^^^^^^^^^^^^^^^^^^^^^
/home/zeus/miniconda3/envs/cloudspace/lib/python3.12/site-packages/transformers/models/clip/image_processing_clip.py:22: in <module>
    @auto_docstring
     ^^^^^^^^^^^^^^
/home/zeus/miniconda3/envs/cloudspace/lib/python3.12/site-packages/transformers/utils/auto_docstring.py:4536: in auto_docstring
    return auto_docstring_decorator(obj)
           ^^^^^^^^^^^^^^^^^^^^^^^^^^^^^
/home/zeus/miniconda3/envs/cloudspace/lib/python3.12/site-packages/transformers/utils/auto_docstring.py:4533: in auto_docstring_decorator
    return auto_class_docstring(obj, custom_args=custom_args, custom_intro=custom_intro, checkpoint=checkpoint)
           ^^^^^^^^^^^^^^^^^^^^^^^^^^^^^^^^^^^^^^^^^^^^^^^^^^^^^^^^^^^^^^^^^^^^^^^^^^^^^^^^^^^^^^^^^^^^^^^^^^^^
/home/zeus/miniconda3/envs/cloudspace/lib/python3.12/site-packages/transformers/utils/auto_docstring.py:4279: in auto_class_docstring
    getattr(auto_module, PLACEHOLDER_TO_AUTO_MODULE["model_class"][0]),
    ^^^^^^^^^^^^^^^^^^^^^^^^^^^^^^^^^^^^^^^^^^^^^^^^^^^^^^^^^^^^^^^^^^
/home/zeus/miniconda3/envs/cloudspace/lib/python3.12/site-packages/transformers/utils/import_utils.py:2436: in __getattr__
    value = self._get_module(name)
            ^^^^^^^^^^^^^^^^^^^^^^
/home/zeus/miniconda3/envs/cloudspace/lib/python3.12/site-packages/transformers/utils/import_utils.py:2576: in _get_module
    raise e
/home/zeus/miniconda3/envs/cloudspace/lib/python3.12/site-packages/transformers/utils/import_utils.py:2574: in _get_module
    return importlib.import_module("." + module_name, self.__name__)
           ^^^^^^^^^^^^^^^^^^^^^^^^^^^^^^^^^^^^^^^^^^^^^^^^^^^^^^^^^
/home/zeus/miniconda3/envs/cloudspace/lib/python3.12/importlib/__init__.py:90: in import_module
    return _bootstrap._gcd_import(name[level:], package, level)
           ^^^^^^^^^^^^^^^^^^^^^^^^^^^^^^^^^^^^^^^^^^^^^^^^^^^^
/home/zeus/miniconda3/envs/cloudspace/lib/python3.12/site-packages/transformers/models/auto/modeling_auto.py:21: in <module>
    from .auto_factory import (
/home/zeus/miniconda3/envs/cloudspace/lib/python3.12/site-packages/transformers/models/auto/auto_factory.py:42: in <module>
    from ...generation import GenerationMixin
/home/zeus/miniconda3/envs/cloudspace/lib/python3.12/site-packages/transformers/utils/import_utils.py:2342: in __getattr__
    module = self._get_module(self._class_to_module[name])
             ^^^^^^^^^^^^^^^^^^^^^^^^^^^^^^^^^^^^^^^^^^^^^
/home/zeus/miniconda3/envs/cloudspace/lib/python3.12/site-packages/transformers/utils/import_utils.py:2576: in _get_module
    raise e
/home/zeus/miniconda3/envs/cloudspace/lib/python3.12/site-packages/transformers/utils/import_utils.py:2574: in _get_module
    return importlib.import_module("." + module_name, self.__name__)
           ^^^^^^^^^^^^^^^^^^^^^^^^^^^^^^^^^^^^^^^^^^^^^^^^^^^^^^^^^
/home/zeus/miniconda3/envs/cloudspace/lib/python3.12/importlib/__init__.py:90: in import_module
    return _bootstrap._gcd_import(name[level:], package, level)
           ^^^^^^^^^^^^^^^^^^^^^^^^^^^^^^^^^^^^^^^^^^^^^^^^^^^^
/home/zeus/miniconda3/envs/cloudspace/lib/python3.12/site-packages/transformers/generation/utils.py:53: in <module>
    from .candidate_generator import (
/home/zeus/miniconda3/envs/cloudspace/lib/python3.12/site-packages/transformers/generation/candidate_generator.py:31: in <module>
    from sklearn.metrics import roc_curve
/home/zeus/miniconda3/envs/cloudspace/lib/python3.12/site-packages/sklearn/__init__.py:83: in <module>
    from .base import clone
/home/zeus/miniconda3/envs/cloudspace/lib/python3.12/site-packages/sklearn/base.py:19: in <module>
    from .utils import _IS_32BIT
/home/zeus/miniconda3/envs/cloudspace/lib/python3.12/site-packages/sklearn/utils/__init__.py:27: in <module>
    from .murmurhash import murmurhash3_32
_ _ _ _ _ _ _ _ _ _ _ _ _ _ _ _ _ _ _ _ _ _ _ _ _ _ _ _ _ _ _ _ _ _ _ _ _ _ _ _ 

>   ???
E   ValueError: numpy.dtype size changed, may indicate binary incompatibility. Expected 96 from C header, got 88 from PyObject

sklearn/utils/murmurhash.pyx:1: ValueError

The above exception was the direct cause of the following exception:

    @pytest.fixture(scope="module")
    def sd():
>       return SDWrapper(TINY)
               ^^^^^^^^^^^^^^^

tests/test_e17_latent_opt.py:23: 
_ _ _ _ _ _ _ _ _ _ _ _ _ _ _ _ _ _ _ _ _ _ _ _ _ _ _ _ _ _ _ _ _ _ _ _ _ _ _ _ 
src/models/sd.py:30: in __init__
    from diffusers import StableDiffusionPipeline
<frozen importlib._bootstrap>:1412: in _handle_fromlist
    ???
/home/zeus/miniconda3/envs/cloudspace/lib/python3.12/site-packages/diffusers/utils/import_utils.py:1043: in __getattr__
    value = getattr(module, name)
            ^^^^^^^^^^^^^^^^^^^^^
/home/zeus/miniconda3/envs/cloudspace/lib/python3.12/site-packages/diffusers/utils/import_utils.py:1043: in __getattr__
    value = getattr(module, name)
            ^^^^^^^^^^^^^^^^^^^^^
/home/zeus/miniconda3/envs/cloudspace/lib/python3.12/site-packages/diffusers/utils/import_utils.py:1042: in __getattr__
    module = self._get_module(self._class_to_module[name])
             ^^^^^^^^^^^^^^^^^^^^^^^^^^^^^^^^^^^^^^^^^^^^^
_ _ _ _ _ _ _ _ _ _ _ _ _ _ _ _ _ _ _ _ _ _ _ _ _ _ _ _ _ _ _ _ _ _ _ _ _ _ _ _ 

self = <module 'diffusers.pipelines.stable_diffusion' from '/home/zeus/miniconda3/envs/cloudspace/lib/python3.12/site-packages/diffusers/pipelines/stable_diffusion/__init__.py'>
module_name = 'pipeline_stable_diffusion'

    def _get_module(self, module_name: str):
        try:
            return importlib.import_module("." + module_name, self.__name__)
        except Exception as e:
>           raise RuntimeError(
                f"Failed to import {self.__name__}.{module_name} because of the following error (look up to see its"
                f" traceback):\n{e}"
            ) from e
E           RuntimeError: Failed to import diffusers.pipelines.stable_diffusion.pipeline_stable_diffusion because of the following error (look up to see its traceback):
E           numpy.dtype size changed, may indicate binary incompatibility. Expected 96 from C header, got 88 from PyObject

/home/zeus/miniconda3/envs/cloudspace/lib/python3.12/site-packages/diffusers/utils/import_utils.py:1054: RuntimeError
______________ ERROR at setup of test_decode_為_None_時走原廠_decoder _______________

self = <module 'diffusers.pipelines.stable_diffusion' from '/home/zeus/miniconda3/envs/cloudspace/lib/python3.12/site-packages/diffusers/pipelines/stable_diffusion/__init__.py'>
module_name = 'pipeline_stable_diffusion'

    def _get_module(self, module_name: str):
        try:
>           return importlib.import_module("." + module_name, self.__name__)
                   ^^^^^^^^^^^^^^^^^^^^^^^^^^^^^^^^^^^^^^^^^^^^^^^^^^^^^^^^^

/home/zeus/miniconda3/envs/cloudspace/lib/python3.12/site-packages/diffusers/utils/import_utils.py:1052: 
_ _ _ _ _ _ _ _ _ _ _ _ _ _ _ _ _ _ _ _ _ _ _ _ _ _ _ _ _ _ _ _ _ _ _ _ _ _ _ _ 
/home/zeus/miniconda3/envs/cloudspace/lib/python3.12/importlib/__init__.py:90: in import_module
    return _bootstrap._gcd_import(name[level:], package, level)
           ^^^^^^^^^^^^^^^^^^^^^^^^^^^^^^^^^^^^^^^^^^^^^^^^^^^^
/home/zeus/miniconda3/envs/cloudspace/lib/python3.12/site-packages/diffusers/pipelines/stable_diffusion/pipeline_stable_diffusion.py:19: in <module>
    from transformers import CLIPImageProcessor, CLIPTextModel, CLIPTokenizer, CLIPVisionModelWithProjection
/home/zeus/miniconda3/envs/cloudspace/lib/python3.12/site-packages/transformers/utils/import_utils.py:2342: in __getattr__
    module = self._get_module(self._class_to_module[name])
             ^^^^^^^^^^^^^^^^^^^^^^^^^^^^^^^^^^^^^^^^^^^^^
/home/zeus/miniconda3/envs/cloudspace/lib/python3.12/site-packages/transformers/utils/import_utils.py:2576: in _get_module
    raise e
/home/zeus/miniconda3/envs/cloudspace/lib/python3.12/site-packages/transformers/utils/import_utils.py:2574: in _get_module
    return importlib.import_module("." + module_name, self.__name__)
           ^^^^^^^^^^^^^^^^^^^^^^^^^^^^^^^^^^^^^^^^^^^^^^^^^^^^^^^^^
/home/zeus/miniconda3/envs/cloudspace/lib/python3.12/importlib/__init__.py:90: in import_module
    return _bootstrap._gcd_import(name[level:], package, level)
           ^^^^^^^^^^^^^^^^^^^^^^^^^^^^^^^^^^^^^^^^^^^^^^^^^^^^
/home/zeus/miniconda3/envs/cloudspace/lib/python3.12/site-packages/transformers/models/clip/image_processing_clip.py:22: in <module>
    @auto_docstring
     ^^^^^^^^^^^^^^
/home/zeus/miniconda3/envs/cloudspace/lib/python3.12/site-packages/transformers/utils/auto_docstring.py:4536: in auto_docstring
    return auto_docstring_decorator(obj)
           ^^^^^^^^^^^^^^^^^^^^^^^^^^^^^
/home/zeus/miniconda3/envs/cloudspace/lib/python3.12/site-packages/transformers/utils/auto_docstring.py:4533: in auto_docstring_decorator
    return auto_class_docstring(obj, custom_args=custom_args, custom_intro=custom_intro, checkpoint=checkpoint)
           ^^^^^^^^^^^^^^^^^^^^^^^^^^^^^^^^^^^^^^^^^^^^^^^^^^^^^^^^^^^^^^^^^^^^^^^^^^^^^^^^^^^^^^^^^^^^^^^^^^^^
/home/zeus/miniconda3/envs/cloudspace/lib/python3.12/site-packages/transformers/utils/auto_docstring.py:4279: in auto_class_docstring
    getattr(auto_module, PLACEHOLDER_TO_AUTO_MODULE["model_class"][0]),
    ^^^^^^^^^^^^^^^^^^^^^^^^^^^^^^^^^^^^^^^^^^^^^^^^^^^^^^^^^^^^^^^^^^
/home/zeus/miniconda3/envs/cloudspace/lib/python3.12/site-packages/transformers/utils/import_utils.py:2436: in __getattr__
    value = self._get_module(name)
            ^^^^^^^^^^^^^^^^^^^^^^
/home/zeus/miniconda3/envs/cloudspace/lib/python3.12/site-packages/transformers/utils/import_utils.py:2576: in _get_module
    raise e
/home/zeus/miniconda3/envs/cloudspace/lib/python3.12/site-packages/transformers/utils/import_utils.py:2574: in _get_module
    return importlib.import_module("." + module_name, self.__name__)
           ^^^^^^^^^^^^^^^^^^^^^^^^^^^^^^^^^^^^^^^^^^^^^^^^^^^^^^^^^
/home/zeus/miniconda3/envs/cloudspace/lib/python3.12/importlib/__init__.py:90: in import_module
    return _bootstrap._gcd_import(name[level:], package, level)
           ^^^^^^^^^^^^^^^^^^^^^^^^^^^^^^^^^^^^^^^^^^^^^^^^^^^^
/home/zeus/miniconda3/envs/cloudspace/lib/python3.12/site-packages/transformers/models/auto/modeling_auto.py:21: in <module>
    from .auto_factory import (
/home/zeus/miniconda3/envs/cloudspace/lib/python3.12/site-packages/transformers/models/auto/auto_factory.py:42: in <module>
    from ...generation import GenerationMixin
/home/zeus/miniconda3/envs/cloudspace/lib/python3.12/site-packages/transformers/utils/import_utils.py:2342: in __getattr__
    module = self._get_module(self._class_to_module[name])
             ^^^^^^^^^^^^^^^^^^^^^^^^^^^^^^^^^^^^^^^^^^^^^
/home/zeus/miniconda3/envs/cloudspace/lib/python3.12/site-packages/transformers/utils/import_utils.py:2576: in _get_module
    raise e
/home/zeus/miniconda3/envs/cloudspace/lib/python3.12/site-packages/transformers/utils/import_utils.py:2574: in _get_module
    return importlib.import_module("." + module_name, self.__name__)
           ^^^^^^^^^^^^^^^^^^^^^^^^^^^^^^^^^^^^^^^^^^^^^^^^^^^^^^^^^
/home/zeus/miniconda3/envs/cloudspace/lib/python3.12/importlib/__init__.py:90: in import_module
    return _bootstrap._gcd_import(name[level:], package, level)
           ^^^^^^^^^^^^^^^^^^^^^^^^^^^^^^^^^^^^^^^^^^^^^^^^^^^^
/home/zeus/miniconda3/envs/cloudspace/lib/python3.12/site-packages/transformers/generation/utils.py:53: in <module>
    from .candidate_generator import (
/home/zeus/miniconda3/envs/cloudspace/lib/python3.12/site-packages/transformers/generation/candidate_generator.py:31: in <module>
    from sklearn.metrics import roc_curve
/home/zeus/miniconda3/envs/cloudspace/lib/python3.12/site-packages/sklearn/__init__.py:83: in <module>
    from .base import clone
/home/zeus/miniconda3/envs/cloudspace/lib/python3.12/site-packages/sklearn/base.py:19: in <module>
    from .utils import _IS_32BIT
/home/zeus/miniconda3/envs/cloudspace/lib/python3.12/site-packages/sklearn/utils/__init__.py:27: in <module>
    from .murmurhash import murmurhash3_32
_ _ _ _ _ _ _ _ _ _ _ _ _ _ _ _ _ _ _ _ _ _ _ _ _ _ _ _ _ _ _ _ _ _ _ _ _ _ _ _ 

>   ???
E   ValueError: numpy.dtype size changed, may indicate binary incompatibility. Expected 96 from C header, got 88 from PyObject

sklearn/utils/murmurhash.pyx:1: ValueError

The above exception was the direct cause of the following exception:

    @pytest.fixture(scope="module")
    def sd():
>       return SDWrapper(TINY)
               ^^^^^^^^^^^^^^^

tests/test_e17_latent_opt.py:23: 
_ _ _ _ _ _ _ _ _ _ _ _ _ _ _ _ _ _ _ _ _ _ _ _ _ _ _ _ _ _ _ _ _ _ _ _ _ _ _ _ 
src/models/sd.py:30: in __init__
    from diffusers import StableDiffusionPipeline
<frozen importlib._bootstrap>:1412: in _handle_fromlist
    ???
/home/zeus/miniconda3/envs/cloudspace/lib/python3.12/site-packages/diffusers/utils/import_utils.py:1043: in __getattr__
    value = getattr(module, name)
            ^^^^^^^^^^^^^^^^^^^^^
/home/zeus/miniconda3/envs/cloudspace/lib/python3.12/site-packages/diffusers/utils/import_utils.py:1043: in __getattr__
    value = getattr(module, name)
            ^^^^^^^^^^^^^^^^^^^^^
/home/zeus/miniconda3/envs/cloudspace/lib/python3.12/site-packages/diffusers/utils/import_utils.py:1042: in __getattr__
    module = self._get_module(self._class_to_module[name])
             ^^^^^^^^^^^^^^^^^^^^^^^^^^^^^^^^^^^^^^^^^^^^^
_ _ _ _ _ _ _ _ _ _ _ _ _ _ _ _ _ _ _ _ _ _ _ _ _ _ _ _ _ _ _ _ _ _ _ _ _ _ _ _ 

self = <module 'diffusers.pipelines.stable_diffusion' from '/home/zeus/miniconda3/envs/cloudspace/lib/python3.12/site-packages/diffusers/pipelines/stable_diffusion/__init__.py'>
module_name = 'pipeline_stable_diffusion'

    def _get_module(self, module_name: str):
        try:
            return importlib.import_module("." + module_name, self.__name__)
        except Exception as e:
>           raise RuntimeError(
                f"Failed to import {self.__name__}.{module_name} because of the following error (look up to see its"
                f" traceback):\n{e}"
            ) from e
E           RuntimeError: Failed to import diffusers.pipelines.stable_diffusion.pipeline_stable_diffusion because of the following error (look up to see its traceback):
E           numpy.dtype size changed, may indicate binary incompatibility. Expected 96 from C header, got 88 from PyObject

/home/zeus/miniconda3/envs/cloudspace/lib/python3.12/site-packages/diffusers/utils/import_utils.py:1054: RuntimeError
_______________ ERROR at setup of test_asym_decoder_回傳可微且形狀正確的函式 _______________

self = <module 'diffusers.pipelines.stable_diffusion' from '/home/zeus/miniconda3/envs/cloudspace/lib/python3.12/site-packages/diffusers/pipelines/stable_diffusion/__init__.py'>
module_name = 'pipeline_stable_diffusion'

    def _get_module(self, module_name: str):
        try:
>           return importlib.import_module("." + module_name, self.__name__)
                   ^^^^^^^^^^^^^^^^^^^^^^^^^^^^^^^^^^^^^^^^^^^^^^^^^^^^^^^^^

/home/zeus/miniconda3/envs/cloudspace/lib/python3.12/site-packages/diffusers/utils/import_utils.py:1052: 
_ _ _ _ _ _ _ _ _ _ _ _ _ _ _ _ _ _ _ _ _ _ _ _ _ _ _ _ _ _ _ _ _ _ _ _ _ _ _ _ 
/home/zeus/miniconda3/envs/cloudspace/lib/python3.12/importlib/__init__.py:90: in import_module
    return _bootstrap._gcd_import(name[level:], package, level)
           ^^^^^^^^^^^^^^^^^^^^^^^^^^^^^^^^^^^^^^^^^^^^^^^^^^^^
/home/zeus/miniconda3/envs/cloudspace/lib/python3.12/site-packages/diffusers/pipelines/stable_diffusion/pipeline_stable_diffusion.py:19: in <module>
    from transformers import CLIPImageProcessor, CLIPTextModel, CLIPTokenizer, CLIPVisionModelWithProjection
/home/zeus/miniconda3/envs/cloudspace/lib/python3.12/site-packages/transformers/utils/import_utils.py:2342: in __getattr__
    module = self._get_module(self._class_to_module[name])
             ^^^^^^^^^^^^^^^^^^^^^^^^^^^^^^^^^^^^^^^^^^^^^
/home/zeus/miniconda3/envs/cloudspace/lib/python3.12/site-packages/transformers/utils/import_utils.py:2576: in _get_module
    raise e
/home/zeus/miniconda3/envs/cloudspace/lib/python3.12/site-packages/transformers/utils/import_utils.py:2574: in _get_module
    return importlib.import_module("." + module_name, self.__name__)
           ^^^^^^^^^^^^^^^^^^^^^^^^^^^^^^^^^^^^^^^^^^^^^^^^^^^^^^^^^
/home/zeus/miniconda3/envs/cloudspace/lib/python3.12/importlib/__init__.py:90: in import_module
    return _bootstrap._gcd_import(name[level:], package, level)
           ^^^^^^^^^^^^^^^^^^^^^^^^^^^^^^^^^^^^^^^^^^^^^^^^^^^^
/home/zeus/miniconda3/envs/cloudspace/lib/python3.12/site-packages/transformers/models/clip/image_processing_clip.py:22: in <module>
    @auto_docstring
     ^^^^^^^^^^^^^^
/home/zeus/miniconda3/envs/cloudspace/lib/python3.12/site-packages/transformers/utils/auto_docstring.py:4536: in auto_docstring
    return auto_docstring_decorator(obj)
           ^^^^^^^^^^^^^^^^^^^^^^^^^^^^^
/home/zeus/miniconda3/envs/cloudspace/lib/python3.12/site-packages/transformers/utils/auto_docstring.py:4533: in auto_docstring_decorator
    return auto_class_docstring(obj, custom_args=custom_args, custom_intro=custom_intro, checkpoint=checkpoint)
           ^^^^^^^^^^^^^^^^^^^^^^^^^^^^^^^^^^^^^^^^^^^^^^^^^^^^^^^^^^^^^^^^^^^^^^^^^^^^^^^^^^^^^^^^^^^^^^^^^^^^
/home/zeus/miniconda3/envs/cloudspace/lib/python3.12/site-packages/transformers/utils/auto_docstring.py:4279: in auto_class_docstring
    getattr(auto_module, PLACEHOLDER_TO_AUTO_MODULE["model_class"][0]),
    ^^^^^^^^^^^^^^^^^^^^^^^^^^^^^^^^^^^^^^^^^^^^^^^^^^^^^^^^^^^^^^^^^^
/home/zeus/miniconda3/envs/cloudspace/lib/python3.12/site-packages/transformers/utils/import_utils.py:2436: in __getattr__
    value = self._get_module(name)
            ^^^^^^^^^^^^^^^^^^^^^^
/home/zeus/miniconda3/envs/cloudspace/lib/python3.12/site-packages/transformers/utils/import_utils.py:2576: in _get_module
    raise e
/home/zeus/miniconda3/envs/cloudspace/lib/python3.12/site-packages/transformers/utils/import_utils.py:2574: in _get_module
    return importlib.import_module("." + module_name, self.__name__)
           ^^^^^^^^^^^^^^^^^^^^^^^^^^^^^^^^^^^^^^^^^^^^^^^^^^^^^^^^^
/home/zeus/miniconda3/envs/cloudspace/lib/python3.12/importlib/__init__.py:90: in import_module
    return _bootstrap._gcd_import(name[level:], package, level)
           ^^^^^^^^^^^^^^^^^^^^^^^^^^^^^^^^^^^^^^^^^^^^^^^^^^^^
/home/zeus/miniconda3/envs/cloudspace/lib/python3.12/site-packages/transformers/models/auto/modeling_auto.py:21: in <module>
    from .auto_factory import (
/home/zeus/miniconda3/envs/cloudspace/lib/python3.12/site-packages/transformers/models/auto/auto_factory.py:42: in <module>
    from ...generation import GenerationMixin
/home/zeus/miniconda3/envs/cloudspace/lib/python3.12/site-packages/transformers/utils/import_utils.py:2342: in __getattr__
    module = self._get_module(self._class_to_module[name])
             ^^^^^^^^^^^^^^^^^^^^^^^^^^^^^^^^^^^^^^^^^^^^^
/home/zeus/miniconda3/envs/cloudspace/lib/python3.12/site-packages/transformers/utils/import_utils.py:2576: in _get_module
    raise e
/home/zeus/miniconda3/envs/cloudspace/lib/python3.12/site-packages/transformers/utils/import_utils.py:2574: in _get_module
    return importlib.import_module("." + module_name, self.__name__)
           ^^^^^^^^^^^^^^^^^^^^^^^^^^^^^^^^^^^^^^^^^^^^^^^^^^^^^^^^^
/home/zeus/miniconda3/envs/cloudspace/lib/python3.12/importlib/__init__.py:90: in import_module
    return _bootstrap._gcd_import(name[level:], package, level)
           ^^^^^^^^^^^^^^^^^^^^^^^^^^^^^^^^^^^^^^^^^^^^^^^^^^^^
/home/zeus/miniconda3/envs/cloudspace/lib/python3.12/site-packages/transformers/generation/utils.py:53: in <module>
    from .candidate_generator import (
/home/zeus/miniconda3/envs/cloudspace/lib/python3.12/site-packages/transformers/generation/candidate_generator.py:31: in <module>
    from sklearn.metrics import roc_curve
/home/zeus/miniconda3/envs/cloudspace/lib/python3.12/site-packages/sklearn/__init__.py:83: in <module>
    from .base import clone
/home/zeus/miniconda3/envs/cloudspace/lib/python3.12/site-packages/sklearn/base.py:19: in <module>
    from .utils import _IS_32BIT
/home/zeus/miniconda3/envs/cloudspace/lib/python3.12/site-packages/sklearn/utils/__init__.py:27: in <module>
    from .murmurhash import murmurhash3_32
_ _ _ _ _ _ _ _ _ _ _ _ _ _ _ _ _ _ _ _ _ _ _ _ _ _ _ _ _ _ _ _ _ _ _ _ _ _ _ _ 

>   ???
E   ValueError: numpy.dtype size changed, may indicate binary incompatibility. Expected 96 from C header, got 88 from PyObject

sklearn/utils/murmurhash.pyx:1: ValueError

The above exception was the direct cause of the following exception:

    @pytest.fixture(scope="module")
    def sd():
>       return SDWrapper(TINY)
               ^^^^^^^^^^^^^^^

tests/test_e17_latent_opt.py:23: 
_ _ _ _ _ _ _ _ _ _ _ _ _ _ _ _ _ _ _ _ _ _ _ _ _ _ _ _ _ _ _ _ _ _ _ _ _ _ _ _ 
src/models/sd.py:30: in __init__
    from diffusers import StableDiffusionPipeline
<frozen importlib._bootstrap>:1412: in _handle_fromlist
    ???
/home/zeus/miniconda3/envs/cloudspace/lib/python3.12/site-packages/diffusers/utils/import_utils.py:1043: in __getattr__
    value = getattr(module, name)
            ^^^^^^^^^^^^^^^^^^^^^
/home/zeus/miniconda3/envs/cloudspace/lib/python3.12/site-packages/diffusers/utils/import_utils.py:1043: in __getattr__
    value = getattr(module, name)
            ^^^^^^^^^^^^^^^^^^^^^
/home/zeus/miniconda3/envs/cloudspace/lib/python3.12/site-packages/diffusers/utils/import_utils.py:1042: in __getattr__
    module = self._get_module(self._class_to_module[name])
             ^^^^^^^^^^^^^^^^^^^^^^^^^^^^^^^^^^^^^^^^^^^^^
_ _ _ _ _ _ _ _ _ _ _ _ _ _ _ _ _ _ _ _ _ _ _ _ _ _ _ _ _ _ _ _ _ _ _ _ _ _ _ _ 

self = <module 'diffusers.pipelines.stable_diffusion' from '/home/zeus/miniconda3/envs/cloudspace/lib/python3.12/site-packages/diffusers/pipelines/stable_diffusion/__init__.py'>
module_name = 'pipeline_stable_diffusion'

    def _get_module(self, module_name: str):
        try:
            return importlib.import_module("." + module_name, self.__name__)
        except Exception as e:
>           raise RuntimeError(
                f"Failed to import {self.__name__}.{module_name} because of the following error (look up to see its"
                f" traceback):\n{e}"
            ) from e
E           RuntimeError: Failed to import diffusers.pipelines.stable_diffusion.pipeline_stable_diffusion because of the following error (look up to see its traceback):
E           numpy.dtype size changed, may indicate binary incompatibility. Expected 96 from C header, got 88 from PyObject

/home/zeus/miniconda3/envs/cloudspace/lib/python3.12/site-packages/diffusers/utils/import_utils.py:1054: RuntimeError
__________________ ERROR at setup of test_T1_P_殘差為零時防禦圖與原圖恆等 ___________________

self = <module 'diffusers.pipelines.stable_diffusion' from '/home/zeus/miniconda3/envs/cloudspace/lib/python3.12/site-packages/diffusers/pipelines/stable_diffusion/__init__.py'>
module_name = 'pipeline_stable_diffusion'

    def _get_module(self, module_name: str):
        try:
>           return importlib.import_module("." + module_name, self.__name__)
                   ^^^^^^^^^^^^^^^^^^^^^^^^^^^^^^^^^^^^^^^^^^^^^^^^^^^^^^^^^

/home/zeus/miniconda3/envs/cloudspace/lib/python3.12/site-packages/diffusers/utils/import_utils.py:1052: 
_ _ _ _ _ _ _ _ _ _ _ _ _ _ _ _ _ _ _ _ _ _ _ _ _ _ _ _ _ _ _ _ _ _ _ _ _ _ _ _ 
/home/zeus/miniconda3/envs/cloudspace/lib/python3.12/importlib/__init__.py:90: in import_module
    return _bootstrap._gcd_import(name[level:], package, level)
           ^^^^^^^^^^^^^^^^^^^^^^^^^^^^^^^^^^^^^^^^^^^^^^^^^^^^
/home/zeus/miniconda3/envs/cloudspace/lib/python3.12/site-packages/diffusers/pipelines/stable_diffusion/pipeline_stable_diffusion.py:19: in <module>
    from transformers import CLIPImageProcessor, CLIPTextModel, CLIPTokenizer, CLIPVisionModelWithProjection
/home/zeus/miniconda3/envs/cloudspace/lib/python3.12/site-packages/transformers/utils/import_utils.py:2342: in __getattr__
    module = self._get_module(self._class_to_module[name])
             ^^^^^^^^^^^^^^^^^^^^^^^^^^^^^^^^^^^^^^^^^^^^^
/home/zeus/miniconda3/envs/cloudspace/lib/python3.12/site-packages/transformers/utils/import_utils.py:2576: in _get_module
    raise e
/home/zeus/miniconda3/envs/cloudspace/lib/python3.12/site-packages/transformers/utils/import_utils.py:2574: in _get_module
    return importlib.import_module("." + module_name, self.__name__)
           ^^^^^^^^^^^^^^^^^^^^^^^^^^^^^^^^^^^^^^^^^^^^^^^^^^^^^^^^^
/home/zeus/miniconda3/envs/cloudspace/lib/python3.12/importlib/__init__.py:90: in import_module
    return _bootstrap._gcd_import(name[level:], package, level)
           ^^^^^^^^^^^^^^^^^^^^^^^^^^^^^^^^^^^^^^^^^^^^^^^^^^^^
/home/zeus/miniconda3/envs/cloudspace/lib/python3.12/site-packages/transformers/models/clip/image_processing_clip.py:22: in <module>
    @auto_docstring
     ^^^^^^^^^^^^^^
/home/zeus/miniconda3/envs/cloudspace/lib/python3.12/site-packages/transformers/utils/auto_docstring.py:4536: in auto_docstring
    return auto_docstring_decorator(obj)
           ^^^^^^^^^^^^^^^^^^^^^^^^^^^^^
/home/zeus/miniconda3/envs/cloudspace/lib/python3.12/site-packages/transformers/utils/auto_docstring.py:4533: in auto_docstring_decorator
    return auto_class_docstring(obj, custom_args=custom_args, custom_intro=custom_intro, checkpoint=checkpoint)
           ^^^^^^^^^^^^^^^^^^^^^^^^^^^^^^^^^^^^^^^^^^^^^^^^^^^^^^^^^^^^^^^^^^^^^^^^^^^^^^^^^^^^^^^^^^^^^^^^^^^^
/home/zeus/miniconda3/envs/cloudspace/lib/python3.12/site-packages/transformers/utils/auto_docstring.py:4279: in auto_class_docstring
    getattr(auto_module, PLACEHOLDER_TO_AUTO_MODULE["model_class"][0]),
    ^^^^^^^^^^^^^^^^^^^^^^^^^^^^^^^^^^^^^^^^^^^^^^^^^^^^^^^^^^^^^^^^^^
/home/zeus/miniconda3/envs/cloudspace/lib/python3.12/site-packages/transformers/utils/import_utils.py:2436: in __getattr__
    value = self._get_module(name)
            ^^^^^^^^^^^^^^^^^^^^^^
/home/zeus/miniconda3/envs/cloudspace/lib/python3.12/site-packages/transformers/utils/import_utils.py:2576: in _get_module
    raise e
/home/zeus/miniconda3/envs/cloudspace/lib/python3.12/site-packages/transformers/utils/import_utils.py:2574: in _get_module
    return importlib.import_module("." + module_name, self.__name__)
           ^^^^^^^^^^^^^^^^^^^^^^^^^^^^^^^^^^^^^^^^^^^^^^^^^^^^^^^^^
/home/zeus/miniconda3/envs/cloudspace/lib/python3.12/importlib/__init__.py:90: in import_module
    return _bootstrap._gcd_import(name[level:], package, level)
           ^^^^^^^^^^^^^^^^^^^^^^^^^^^^^^^^^^^^^^^^^^^^^^^^^^^^
/home/zeus/miniconda3/envs/cloudspace/lib/python3.12/site-packages/transformers/models/auto/modeling_auto.py:21: in <module>
    from .auto_factory import (
/home/zeus/miniconda3/envs/cloudspace/lib/python3.12/site-packages/transformers/models/auto/auto_factory.py:42: in <module>
    from ...generation import GenerationMixin
/home/zeus/miniconda3/envs/cloudspace/lib/python3.12/site-packages/transformers/utils/import_utils.py:2342: in __getattr__
    module = self._get_module(self._class_to_module[name])
             ^^^^^^^^^^^^^^^^^^^^^^^^^^^^^^^^^^^^^^^^^^^^^
/home/zeus/miniconda3/envs/cloudspace/lib/python3.12/site-packages/transformers/utils/import_utils.py:2576: in _get_module
    raise e
/home/zeus/miniconda3/envs/cloudspace/lib/python3.12/site-packages/transformers/utils/import_utils.py:2574: in _get_module
    return importlib.import_module("." + module_name, self.__name__)
           ^^^^^^^^^^^^^^^^^^^^^^^^^^^^^^^^^^^^^^^^^^^^^^^^^^^^^^^^^
/home/zeus/miniconda3/envs/cloudspace/lib/python3.12/importlib/__init__.py:90: in import_module
    return _bootstrap._gcd_import(name[level:], package, level)
           ^^^^^^^^^^^^^^^^^^^^^^^^^^^^^^^^^^^^^^^^^^^^^^^^^^^^
/home/zeus/miniconda3/envs/cloudspace/lib/python3.12/site-packages/transformers/generation/utils.py:53: in <module>
    from .candidate_generator import (
/home/zeus/miniconda3/envs/cloudspace/lib/python3.12/site-packages/transformers/generation/candidate_generator.py:31: in <module>
    from sklearn.metrics import roc_curve
/home/zeus/miniconda3/envs/cloudspace/lib/python3.12/site-packages/sklearn/__init__.py:83: in <module>
    from .base import clone
/home/zeus/miniconda3/envs/cloudspace/lib/python3.12/site-packages/sklearn/base.py:19: in <module>
    from .utils import _IS_32BIT
/home/zeus/miniconda3/envs/cloudspace/lib/python3.12/site-packages/sklearn/utils/__init__.py:27: in <module>
    from .murmurhash import murmurhash3_32
_ _ _ _ _ _ _ _ _ _ _ _ _ _ _ _ _ _ _ _ _ _ _ _ _ _ _ _ _ _ _ _ _ _ _ _ _ _ _ _ 

>   ???
E   ValueError: numpy.dtype size changed, may indicate binary incompatibility. Expected 96 from C header, got 88 from PyObject

sklearn/utils/murmurhash.pyx:1: ValueError

The above exception was the direct cause of the following exception:

    @pytest.fixture(scope="module")
    def sd():
>       return SDWrapper(TINY)
               ^^^^^^^^^^^^^^^

tests/test_pipeline.py:43: 
_ _ _ _ _ _ _ _ _ _ _ _ _ _ _ _ _ _ _ _ _ _ _ _ _ _ _ _ _ _ _ _ _ _ _ _ _ _ _ _ 
src/models/sd.py:30: in __init__
    from diffusers import StableDiffusionPipeline
<frozen importlib._bootstrap>:1412: in _handle_fromlist
    ???
/home/zeus/miniconda3/envs/cloudspace/lib/python3.12/site-packages/diffusers/utils/import_utils.py:1043: in __getattr__
    value = getattr(module, name)
            ^^^^^^^^^^^^^^^^^^^^^
/home/zeus/miniconda3/envs/cloudspace/lib/python3.12/site-packages/diffusers/utils/import_utils.py:1043: in __getattr__
    value = getattr(module, name)
            ^^^^^^^^^^^^^^^^^^^^^
/home/zeus/miniconda3/envs/cloudspace/lib/python3.12/site-packages/diffusers/utils/import_utils.py:1042: in __getattr__
    module = self._get_module(self._class_to_module[name])
             ^^^^^^^^^^^^^^^^^^^^^^^^^^^^^^^^^^^^^^^^^^^^^
_ _ _ _ _ _ _ _ _ _ _ _ _ _ _ _ _ _ _ _ _ _ _ _ _ _ _ _ _ _ _ _ _ _ _ _ _ _ _ _ 

self = <module 'diffusers.pipelines.stable_diffusion' from '/home/zeus/miniconda3/envs/cloudspace/lib/python3.12/site-packages/diffusers/pipelines/stable_diffusion/__init__.py'>
module_name = 'pipeline_stable_diffusion'

    def _get_module(self, module_name: str):
        try:
            return importlib.import_module("." + module_name, self.__name__)
        except Exception as e:
>           raise RuntimeError(
                f"Failed to import {self.__name__}.{module_name} because of the following error (look up to see its"
                f" traceback):\n{e}"
            ) from e
E           RuntimeError: Failed to import diffusers.pipelines.stable_diffusion.pipeline_stable_diffusion because of the following error (look up to see its traceback):
E           numpy.dtype size changed, may indicate binary incompatibility. Expected 96 from C header, got 88 from PyObject

/home/zeus/miniconda3/envs/cloudspace/lib/python3.12/site-packages/diffusers/utils/import_utils.py:1054: RuntimeError
__________________ ERROR at setup of test_T1_P_編輯結果在殘差為零時完全相同 __________________

self = <module 'diffusers.pipelines.stable_diffusion' from '/home/zeus/miniconda3/envs/cloudspace/lib/python3.12/site-packages/diffusers/pipelines/stable_diffusion/__init__.py'>
module_name = 'pipeline_stable_diffusion'

    def _get_module(self, module_name: str):
        try:
>           return importlib.import_module("." + module_name, self.__name__)
                   ^^^^^^^^^^^^^^^^^^^^^^^^^^^^^^^^^^^^^^^^^^^^^^^^^^^^^^^^^

/home/zeus/miniconda3/envs/cloudspace/lib/python3.12/site-packages/diffusers/utils/import_utils.py:1052: 
_ _ _ _ _ _ _ _ _ _ _ _ _ _ _ _ _ _ _ _ _ _ _ _ _ _ _ _ _ _ _ _ _ _ _ _ _ _ _ _ 
/home/zeus/miniconda3/envs/cloudspace/lib/python3.12/importlib/__init__.py:90: in import_module
    return _bootstrap._gcd_import(name[level:], package, level)
           ^^^^^^^^^^^^^^^^^^^^^^^^^^^^^^^^^^^^^^^^^^^^^^^^^^^^
/home/zeus/miniconda3/envs/cloudspace/lib/python3.12/site-packages/diffusers/pipelines/stable_diffusion/pipeline_stable_diffusion.py:19: in <module>
    from transformers import CLIPImageProcessor, CLIPTextModel, CLIPTokenizer, CLIPVisionModelWithProjection
/home/zeus/miniconda3/envs/cloudspace/lib/python3.12/site-packages/transformers/utils/import_utils.py:2342: in __getattr__
    module = self._get_module(self._class_to_module[name])
             ^^^^^^^^^^^^^^^^^^^^^^^^^^^^^^^^^^^^^^^^^^^^^
/home/zeus/miniconda3/envs/cloudspace/lib/python3.12/site-packages/transformers/utils/import_utils.py:2576: in _get_module
    raise e
/home/zeus/miniconda3/envs/cloudspace/lib/python3.12/site-packages/transformers/utils/import_utils.py:2574: in _get_module
    return importlib.import_module("." + module_name, self.__name__)
           ^^^^^^^^^^^^^^^^^^^^^^^^^^^^^^^^^^^^^^^^^^^^^^^^^^^^^^^^^
/home/zeus/miniconda3/envs/cloudspace/lib/python3.12/importlib/__init__.py:90: in import_module
    return _bootstrap._gcd_import(name[level:], package, level)
           ^^^^^^^^^^^^^^^^^^^^^^^^^^^^^^^^^^^^^^^^^^^^^^^^^^^^
/home/zeus/miniconda3/envs/cloudspace/lib/python3.12/site-packages/transformers/models/clip/image_processing_clip.py:22: in <module>
    @auto_docstring
     ^^^^^^^^^^^^^^
/home/zeus/miniconda3/envs/cloudspace/lib/python3.12/site-packages/transformers/utils/auto_docstring.py:4536: in auto_docstring
    return auto_docstring_decorator(obj)
           ^^^^^^^^^^^^^^^^^^^^^^^^^^^^^
/home/zeus/miniconda3/envs/cloudspace/lib/python3.12/site-packages/transformers/utils/auto_docstring.py:4533: in auto_docstring_decorator
    return auto_class_docstring(obj, custom_args=custom_args, custom_intro=custom_intro, checkpoint=checkpoint)
           ^^^^^^^^^^^^^^^^^^^^^^^^^^^^^^^^^^^^^^^^^^^^^^^^^^^^^^^^^^^^^^^^^^^^^^^^^^^^^^^^^^^^^^^^^^^^^^^^^^^^
/home/zeus/miniconda3/envs/cloudspace/lib/python3.12/site-packages/transformers/utils/auto_docstring.py:4279: in auto_class_docstring
    getattr(auto_module, PLACEHOLDER_TO_AUTO_MODULE["model_class"][0]),
    ^^^^^^^^^^^^^^^^^^^^^^^^^^^^^^^^^^^^^^^^^^^^^^^^^^^^^^^^^^^^^^^^^^
/home/zeus/miniconda3/envs/cloudspace/lib/python3.12/site-packages/transformers/utils/import_utils.py:2436: in __getattr__
    value = self._get_module(name)
            ^^^^^^^^^^^^^^^^^^^^^^
/home/zeus/miniconda3/envs/cloudspace/lib/python3.12/site-packages/transformers/utils/import_utils.py:2576: in _get_module
    raise e
/home/zeus/miniconda3/envs/cloudspace/lib/python3.12/site-packages/transformers/utils/import_utils.py:2574: in _get_module
    return importlib.import_module("." + module_name, self.__name__)
           ^^^^^^^^^^^^^^^^^^^^^^^^^^^^^^^^^^^^^^^^^^^^^^^^^^^^^^^^^
/home/zeus/miniconda3/envs/cloudspace/lib/python3.12/importlib/__init__.py:90: in import_module
    return _bootstrap._gcd_import(name[level:], package, level)
           ^^^^^^^^^^^^^^^^^^^^^^^^^^^^^^^^^^^^^^^^^^^^^^^^^^^^
/home/zeus/miniconda3/envs/cloudspace/lib/python3.12/site-packages/transformers/models/auto/modeling_auto.py:21: in <module>
    from .auto_factory import (
/home/zeus/miniconda3/envs/cloudspace/lib/python3.12/site-packages/transformers/models/auto/auto_factory.py:42: in <module>
    from ...generation import GenerationMixin
/home/zeus/miniconda3/envs/cloudspace/lib/python3.12/site-packages/transformers/utils/import_utils.py:2342: in __getattr__
    module = self._get_module(self._class_to_module[name])
             ^^^^^^^^^^^^^^^^^^^^^^^^^^^^^^^^^^^^^^^^^^^^^
/home/zeus/miniconda3/envs/cloudspace/lib/python3.12/site-packages/transformers/utils/import_utils.py:2576: in _get_module
    raise e
/home/zeus/miniconda3/envs/cloudspace/lib/python3.12/site-packages/transformers/utils/import_utils.py:2574: in _get_module
    return importlib.import_module("." + module_name, self.__name__)
           ^^^^^^^^^^^^^^^^^^^^^^^^^^^^^^^^^^^^^^^^^^^^^^^^^^^^^^^^^
/home/zeus/miniconda3/envs/cloudspace/lib/python3.12/importlib/__init__.py:90: in import_module
    return _bootstrap._gcd_import(name[level:], package, level)
           ^^^^^^^^^^^^^^^^^^^^^^^^^^^^^^^^^^^^^^^^^^^^^^^^^^^^
/home/zeus/miniconda3/envs/cloudspace/lib/python3.12/site-packages/transformers/generation/utils.py:53: in <module>
    from .candidate_generator import (
/home/zeus/miniconda3/envs/cloudspace/lib/python3.12/site-packages/transformers/generation/candidate_generator.py:31: in <module>
    from sklearn.metrics import roc_curve
/home/zeus/miniconda3/envs/cloudspace/lib/python3.12/site-packages/sklearn/__init__.py:83: in <module>
    from .base import clone
/home/zeus/miniconda3/envs/cloudspace/lib/python3.12/site-packages/sklearn/base.py:19: in <module>
    from .utils import _IS_32BIT
/home/zeus/miniconda3/envs/cloudspace/lib/python3.12/site-packages/sklearn/utils/__init__.py:27: in <module>
    from .murmurhash import murmurhash3_32
_ _ _ _ _ _ _ _ _ _ _ _ _ _ _ _ _ _ _ _ _ _ _ _ _ _ _ _ _ _ _ _ _ _ _ _ _ _ _ _ 

>   ???
E   ValueError: numpy.dtype size changed, may indicate binary incompatibility. Expected 96 from C header, got 88 from PyObject

sklearn/utils/murmurhash.pyx:1: ValueError

The above exception was the direct cause of the following exception:

    @pytest.fixture(scope="module")
    def sd():
>       return SDWrapper(TINY)
               ^^^^^^^^^^^^^^^

tests/test_pipeline.py:43: 
_ _ _ _ _ _ _ _ _ _ _ _ _ _ _ _ _ _ _ _ _ _ _ _ _ _ _ _ _ _ _ _ _ _ _ _ _ _ _ _ 
src/models/sd.py:30: in __init__
    from diffusers import StableDiffusionPipeline
<frozen importlib._bootstrap>:1412: in _handle_fromlist
    ???
/home/zeus/miniconda3/envs/cloudspace/lib/python3.12/site-packages/diffusers/utils/import_utils.py:1043: in __getattr__
    value = getattr(module, name)
            ^^^^^^^^^^^^^^^^^^^^^
/home/zeus/miniconda3/envs/cloudspace/lib/python3.12/site-packages/diffusers/utils/import_utils.py:1043: in __getattr__
    value = getattr(module, name)
            ^^^^^^^^^^^^^^^^^^^^^
/home/zeus/miniconda3/envs/cloudspace/lib/python3.12/site-packages/diffusers/utils/import_utils.py:1042: in __getattr__
    module = self._get_module(self._class_to_module[name])
             ^^^^^^^^^^^^^^^^^^^^^^^^^^^^^^^^^^^^^^^^^^^^^
_ _ _ _ _ _ _ _ _ _ _ _ _ _ _ _ _ _ _ _ _ _ _ _ _ _ _ _ _ _ _ _ _ _ _ _ _ _ _ _ 

self = <module 'diffusers.pipelines.stable_diffusion' from '/home/zeus/miniconda3/envs/cloudspace/lib/python3.12/site-packages/diffusers/pipelines/stable_diffusion/__init__.py'>
module_name = 'pipeline_stable_diffusion'

    def _get_module(self, module_name: str):
        try:
            return importlib.import_module("." + module_name, self.__name__)
        except Exception as e:
>           raise RuntimeError(
                f"Failed to import {self.__name__}.{module_name} because of the following error (look up to see its"
                f" traceback):\n{e}"
            ) from e
E           RuntimeError: Failed to import diffusers.pipelines.stable_diffusion.pipeline_stable_diffusion because of the following error (look up to see its traceback):
E           numpy.dtype size changed, may indicate binary incompatibility. Expected 96 from C header, got 88 from PyObject

/home/zeus/miniconda3/envs/cloudspace/lib/python3.12/site-packages/diffusers/utils/import_utils.py:1054: RuntimeError
___________________ ERROR at setup of test_T1_L_停用模塊不改變去噪結果 ____________________

self = <module 'diffusers.pipelines.stable_diffusion' from '/home/zeus/miniconda3/envs/cloudspace/lib/python3.12/site-packages/diffusers/pipelines/stable_diffusion/__init__.py'>
module_name = 'pipeline_stable_diffusion'

    def _get_module(self, module_name: str):
        try:
>           return importlib.import_module("." + module_name, self.__name__)
                   ^^^^^^^^^^^^^^^^^^^^^^^^^^^^^^^^^^^^^^^^^^^^^^^^^^^^^^^^^

/home/zeus/miniconda3/envs/cloudspace/lib/python3.12/site-packages/diffusers/utils/import_utils.py:1052: 
_ _ _ _ _ _ _ _ _ _ _ _ _ _ _ _ _ _ _ _ _ _ _ _ _ _ _ _ _ _ _ _ _ _ _ _ _ _ _ _ 
/home/zeus/miniconda3/envs/cloudspace/lib/python3.12/importlib/__init__.py:90: in import_module
    return _bootstrap._gcd_import(name[level:], package, level)
           ^^^^^^^^^^^^^^^^^^^^^^^^^^^^^^^^^^^^^^^^^^^^^^^^^^^^
/home/zeus/miniconda3/envs/cloudspace/lib/python3.12/site-packages/diffusers/pipelines/stable_diffusion/pipeline_stable_diffusion.py:19: in <module>
    from transformers import CLIPImageProcessor, CLIPTextModel, CLIPTokenizer, CLIPVisionModelWithProjection
/home/zeus/miniconda3/envs/cloudspace/lib/python3.12/site-packages/transformers/utils/import_utils.py:2342: in __getattr__
    module = self._get_module(self._class_to_module[name])
             ^^^^^^^^^^^^^^^^^^^^^^^^^^^^^^^^^^^^^^^^^^^^^
/home/zeus/miniconda3/envs/cloudspace/lib/python3.12/site-packages/transformers/utils/import_utils.py:2576: in _get_module
    raise e
/home/zeus/miniconda3/envs/cloudspace/lib/python3.12/site-packages/transformers/utils/import_utils.py:2574: in _get_module
    return importlib.import_module("." + module_name, self.__name__)
           ^^^^^^^^^^^^^^^^^^^^^^^^^^^^^^^^^^^^^^^^^^^^^^^^^^^^^^^^^
/home/zeus/miniconda3/envs/cloudspace/lib/python3.12/importlib/__init__.py:90: in import_module
    return _bootstrap._gcd_import(name[level:], package, level)
           ^^^^^^^^^^^^^^^^^^^^^^^^^^^^^^^^^^^^^^^^^^^^^^^^^^^^
/home/zeus/miniconda3/envs/cloudspace/lib/python3.12/site-packages/transformers/models/clip/image_processing_clip.py:22: in <module>
    @auto_docstring
     ^^^^^^^^^^^^^^
/home/zeus/miniconda3/envs/cloudspace/lib/python3.12/site-packages/transformers/utils/auto_docstring.py:4536: in auto_docstring
    return auto_docstring_decorator(obj)
           ^^^^^^^^^^^^^^^^^^^^^^^^^^^^^
/home/zeus/miniconda3/envs/cloudspace/lib/python3.12/site-packages/transformers/utils/auto_docstring.py:4533: in auto_docstring_decorator
    return auto_class_docstring(obj, custom_args=custom_args, custom_intro=custom_intro, checkpoint=checkpoint)
           ^^^^^^^^^^^^^^^^^^^^^^^^^^^^^^^^^^^^^^^^^^^^^^^^^^^^^^^^^^^^^^^^^^^^^^^^^^^^^^^^^^^^^^^^^^^^^^^^^^^^
/home/zeus/miniconda3/envs/cloudspace/lib/python3.12/site-packages/transformers/utils/auto_docstring.py:4279: in auto_class_docstring
    getattr(auto_module, PLACEHOLDER_TO_AUTO_MODULE["model_class"][0]),
    ^^^^^^^^^^^^^^^^^^^^^^^^^^^^^^^^^^^^^^^^^^^^^^^^^^^^^^^^^^^^^^^^^^
/home/zeus/miniconda3/envs/cloudspace/lib/python3.12/site-packages/transformers/utils/import_utils.py:2436: in __getattr__
    value = self._get_module(name)
            ^^^^^^^^^^^^^^^^^^^^^^
/home/zeus/miniconda3/envs/cloudspace/lib/python3.12/site-packages/transformers/utils/import_utils.py:2576: in _get_module
    raise e
/home/zeus/miniconda3/envs/cloudspace/lib/python3.12/site-packages/transformers/utils/import_utils.py:2574: in _get_module
    return importlib.import_module("." + module_name, self.__name__)
           ^^^^^^^^^^^^^^^^^^^^^^^^^^^^^^^^^^^^^^^^^^^^^^^^^^^^^^^^^
/home/zeus/miniconda3/envs/cloudspace/lib/python3.12/importlib/__init__.py:90: in import_module
    return _bootstrap._gcd_import(name[level:], package, level)
           ^^^^^^^^^^^^^^^^^^^^^^^^^^^^^^^^^^^^^^^^^^^^^^^^^^^^
/home/zeus/miniconda3/envs/cloudspace/lib/python3.12/site-packages/transformers/models/auto/modeling_auto.py:21: in <module>
    from .auto_factory import (
/home/zeus/miniconda3/envs/cloudspace/lib/python3.12/site-packages/transformers/models/auto/auto_factory.py:42: in <module>
    from ...generation import GenerationMixin
/home/zeus/miniconda3/envs/cloudspace/lib/python3.12/site-packages/transformers/utils/import_utils.py:2342: in __getattr__
    module = self._get_module(self._class_to_module[name])
             ^^^^^^^^^^^^^^^^^^^^^^^^^^^^^^^^^^^^^^^^^^^^^
/home/zeus/miniconda3/envs/cloudspace/lib/python3.12/site-packages/transformers/utils/import_utils.py:2576: in _get_module
    raise e
/home/zeus/miniconda3/envs/cloudspace/lib/python3.12/site-packages/transformers/utils/import_utils.py:2574: in _get_module
    return importlib.import_module("." + module_name, self.__name__)
           ^^^^^^^^^^^^^^^^^^^^^^^^^^^^^^^^^^^^^^^^^^^^^^^^^^^^^^^^^
/home/zeus/miniconda3/envs/cloudspace/lib/python3.12/importlib/__init__.py:90: in import_module
    return _bootstrap._gcd_import(name[level:], package, level)
           ^^^^^^^^^^^^^^^^^^^^^^^^^^^^^^^^^^^^^^^^^^^^^^^^^^^^
/home/zeus/miniconda3/envs/cloudspace/lib/python3.12/site-packages/transformers/generation/utils.py:53: in <module>
    from .candidate_generator import (
/home/zeus/miniconda3/envs/cloudspace/lib/python3.12/site-packages/transformers/generation/candidate_generator.py:31: in <module>
    from sklearn.metrics import roc_curve
/home/zeus/miniconda3/envs/cloudspace/lib/python3.12/site-packages/sklearn/__init__.py:83: in <module>
    from .base import clone
/home/zeus/miniconda3/envs/cloudspace/lib/python3.12/site-packages/sklearn/base.py:19: in <module>
    from .utils import _IS_32BIT
/home/zeus/miniconda3/envs/cloudspace/lib/python3.12/site-packages/sklearn/utils/__init__.py:27: in <module>
    from .murmurhash import murmurhash3_32
_ _ _ _ _ _ _ _ _ _ _ _ _ _ _ _ _ _ _ _ _ _ _ _ _ _ _ _ _ _ _ _ _ _ _ _ _ _ _ _ 

>   ???
E   ValueError: numpy.dtype size changed, may indicate binary incompatibility. Expected 96 from C header, got 88 from PyObject

sklearn/utils/murmurhash.pyx:1: ValueError

The above exception was the direct cause of the following exception:

    @pytest.fixture(scope="module")
    def sd():
>       return SDWrapper(TINY)
               ^^^^^^^^^^^^^^^

tests/test_pipeline.py:43: 
_ _ _ _ _ _ _ _ _ _ _ _ _ _ _ _ _ _ _ _ _ _ _ _ _ _ _ _ _ _ _ _ _ _ _ _ _ _ _ _ 
src/models/sd.py:30: in __init__
    from diffusers import StableDiffusionPipeline
<frozen importlib._bootstrap>:1412: in _handle_fromlist
    ???
/home/zeus/miniconda3/envs/cloudspace/lib/python3.12/site-packages/diffusers/utils/import_utils.py:1043: in __getattr__
    value = getattr(module, name)
            ^^^^^^^^^^^^^^^^^^^^^
/home/zeus/miniconda3/envs/cloudspace/lib/python3.12/site-packages/diffusers/utils/import_utils.py:1043: in __getattr__
    value = getattr(module, name)
            ^^^^^^^^^^^^^^^^^^^^^
/home/zeus/miniconda3/envs/cloudspace/lib/python3.12/site-packages/diffusers/utils/import_utils.py:1042: in __getattr__
    module = self._get_module(self._class_to_module[name])
             ^^^^^^^^^^^^^^^^^^^^^^^^^^^^^^^^^^^^^^^^^^^^^
_ _ _ _ _ _ _ _ _ _ _ _ _ _ _ _ _ _ _ _ _ _ _ _ _ _ _ _ _ _ _ _ _ _ _ _ _ _ _ _ 

self = <module 'diffusers.pipelines.stable_diffusion' from '/home/zeus/miniconda3/envs/cloudspace/lib/python3.12/site-packages/diffusers/pipelines/stable_diffusion/__init__.py'>
module_name = 'pipeline_stable_diffusion'

    def _get_module(self, module_name: str):
        try:
            return importlib.import_module("." + module_name, self.__name__)
        except Exception as e:
>           raise RuntimeError(
                f"Failed to import {self.__name__}.{module_name} because of the following error (look up to see its"
                f" traceback):\n{e}"
            ) from e
E           RuntimeError: Failed to import diffusers.pipelines.stable_diffusion.pipeline_stable_diffusion because of the following error (look up to see its traceback):
E           numpy.dtype size changed, may indicate binary incompatibility. Expected 96 from C header, got 88 from PyObject

/home/zeus/miniconda3/envs/cloudspace/lib/python3.12/site-packages/diffusers/utils/import_utils.py:1054: RuntimeError
_________________ ERROR at setup of test_T1_L_初始參數下殘差為零且不改變結果 __________________

self = <module 'diffusers.pipelines.stable_diffusion' from '/home/zeus/miniconda3/envs/cloudspace/lib/python3.12/site-packages/diffusers/pipelines/stable_diffusion/__init__.py'>
module_name = 'pipeline_stable_diffusion'

    def _get_module(self, module_name: str):
        try:
>           return importlib.import_module("." + module_name, self.__name__)
                   ^^^^^^^^^^^^^^^^^^^^^^^^^^^^^^^^^^^^^^^^^^^^^^^^^^^^^^^^^

/home/zeus/miniconda3/envs/cloudspace/lib/python3.12/site-packages/diffusers/utils/import_utils.py:1052: 
_ _ _ _ _ _ _ _ _ _ _ _ _ _ _ _ _ _ _ _ _ _ _ _ _ _ _ _ _ _ _ _ _ _ _ _ _ _ _ _ 
/home/zeus/miniconda3/envs/cloudspace/lib/python3.12/importlib/__init__.py:90: in import_module
    return _bootstrap._gcd_import(name[level:], package, level)
           ^^^^^^^^^^^^^^^^^^^^^^^^^^^^^^^^^^^^^^^^^^^^^^^^^^^^
/home/zeus/miniconda3/envs/cloudspace/lib/python3.12/site-packages/diffusers/pipelines/stable_diffusion/pipeline_stable_diffusion.py:19: in <module>
    from transformers import CLIPImageProcessor, CLIPTextModel, CLIPTokenizer, CLIPVisionModelWithProjection
/home/zeus/miniconda3/envs/cloudspace/lib/python3.12/site-packages/transformers/utils/import_utils.py:2342: in __getattr__
    module = self._get_module(self._class_to_module[name])
             ^^^^^^^^^^^^^^^^^^^^^^^^^^^^^^^^^^^^^^^^^^^^^
/home/zeus/miniconda3/envs/cloudspace/lib/python3.12/site-packages/transformers/utils/import_utils.py:2576: in _get_module
    raise e
/home/zeus/miniconda3/envs/cloudspace/lib/python3.12/site-packages/transformers/utils/import_utils.py:2574: in _get_module
    return importlib.import_module("." + module_name, self.__name__)
           ^^^^^^^^^^^^^^^^^^^^^^^^^^^^^^^^^^^^^^^^^^^^^^^^^^^^^^^^^
/home/zeus/miniconda3/envs/cloudspace/lib/python3.12/importlib/__init__.py:90: in import_module
    return _bootstrap._gcd_import(name[level:], package, level)
           ^^^^^^^^^^^^^^^^^^^^^^^^^^^^^^^^^^^^^^^^^^^^^^^^^^^^
/home/zeus/miniconda3/envs/cloudspace/lib/python3.12/site-packages/transformers/models/clip/image_processing_clip.py:22: in <module>
    @auto_docstring
     ^^^^^^^^^^^^^^
/home/zeus/miniconda3/envs/cloudspace/lib/python3.12/site-packages/transformers/utils/auto_docstring.py:4536: in auto_docstring
    return auto_docstring_decorator(obj)
           ^^^^^^^^^^^^^^^^^^^^^^^^^^^^^
/home/zeus/miniconda3/envs/cloudspace/lib/python3.12/site-packages/transformers/utils/auto_docstring.py:4533: in auto_docstring_decorator
    return auto_class_docstring(obj, custom_args=custom_args, custom_intro=custom_intro, checkpoint=checkpoint)
           ^^^^^^^^^^^^^^^^^^^^^^^^^^^^^^^^^^^^^^^^^^^^^^^^^^^^^^^^^^^^^^^^^^^^^^^^^^^^^^^^^^^^^^^^^^^^^^^^^^^^
/home/zeus/miniconda3/envs/cloudspace/lib/python3.12/site-packages/transformers/utils/auto_docstring.py:4279: in auto_class_docstring
    getattr(auto_module, PLACEHOLDER_TO_AUTO_MODULE["model_class"][0]),
    ^^^^^^^^^^^^^^^^^^^^^^^^^^^^^^^^^^^^^^^^^^^^^^^^^^^^^^^^^^^^^^^^^^
/home/zeus/miniconda3/envs/cloudspace/lib/python3.12/site-packages/transformers/utils/import_utils.py:2436: in __getattr__
    value = self._get_module(name)
            ^^^^^^^^^^^^^^^^^^^^^^
/home/zeus/miniconda3/envs/cloudspace/lib/python3.12/site-packages/transformers/utils/import_utils.py:2576: in _get_module
    raise e
/home/zeus/miniconda3/envs/cloudspace/lib/python3.12/site-packages/transformers/utils/import_utils.py:2574: in _get_module
    return importlib.import_module("." + module_name, self.__name__)
           ^^^^^^^^^^^^^^^^^^^^^^^^^^^^^^^^^^^^^^^^^^^^^^^^^^^^^^^^^
/home/zeus/miniconda3/envs/cloudspace/lib/python3.12/importlib/__init__.py:90: in import_module
    return _bootstrap._gcd_import(name[level:], package, level)
           ^^^^^^^^^^^^^^^^^^^^^^^^^^^^^^^^^^^^^^^^^^^^^^^^^^^^
/home/zeus/miniconda3/envs/cloudspace/lib/python3.12/site-packages/transformers/models/auto/modeling_auto.py:21: in <module>
    from .auto_factory import (
/home/zeus/miniconda3/envs/cloudspace/lib/python3.12/site-packages/transformers/models/auto/auto_factory.py:42: in <module>
    from ...generation import GenerationMixin
/home/zeus/miniconda3/envs/cloudspace/lib/python3.12/site-packages/transformers/utils/import_utils.py:2342: in __getattr__
    module = self._get_module(self._class_to_module[name])
             ^^^^^^^^^^^^^^^^^^^^^^^^^^^^^^^^^^^^^^^^^^^^^
/home/zeus/miniconda3/envs/cloudspace/lib/python3.12/site-packages/transformers/utils/import_utils.py:2576: in _get_module
    raise e
/home/zeus/miniconda3/envs/cloudspace/lib/python3.12/site-packages/transformers/utils/import_utils.py:2574: in _get_module
    return importlib.import_module("." + module_name, self.__name__)
           ^^^^^^^^^^^^^^^^^^^^^^^^^^^^^^^^^^^^^^^^^^^^^^^^^^^^^^^^^
/home/zeus/miniconda3/envs/cloudspace/lib/python3.12/importlib/__init__.py:90: in import_module
    return _bootstrap._gcd_import(name[level:], package, level)
           ^^^^^^^^^^^^^^^^^^^^^^^^^^^^^^^^^^^^^^^^^^^^^^^^^^^^
/home/zeus/miniconda3/envs/cloudspace/lib/python3.12/site-packages/transformers/generation/utils.py:53: in <module>
    from .candidate_generator import (
/home/zeus/miniconda3/envs/cloudspace/lib/python3.12/site-packages/transformers/generation/candidate_generator.py:31: in <module>
    from sklearn.metrics import roc_curve
/home/zeus/miniconda3/envs/cloudspace/lib/python3.12/site-packages/sklearn/__init__.py:83: in <module>
    from .base import clone
/home/zeus/miniconda3/envs/cloudspace/lib/python3.12/site-packages/sklearn/base.py:19: in <module>
    from .utils import _IS_32BIT
/home/zeus/miniconda3/envs/cloudspace/lib/python3.12/site-packages/sklearn/utils/__init__.py:27: in <module>
    from .murmurhash import murmurhash3_32
_ _ _ _ _ _ _ _ _ _ _ _ _ _ _ _ _ _ _ _ _ _ _ _ _ _ _ _ _ _ _ _ _ _ _ _ _ _ _ _ 

>   ???
E   ValueError: numpy.dtype size changed, may indicate binary incompatibility. Expected 96 from C header, got 88 from PyObject

sklearn/utils/murmurhash.pyx:1: ValueError

The above exception was the direct cause of the following exception:

    @pytest.fixture(scope="module")
    def sd():
>       return SDWrapper(TINY)
               ^^^^^^^^^^^^^^^

tests/test_pipeline.py:43: 
_ _ _ _ _ _ _ _ _ _ _ _ _ _ _ _ _ _ _ _ _ _ _ _ _ _ _ _ _ _ _ _ _ _ _ _ _ _ _ _ 
src/models/sd.py:30: in __init__
    from diffusers import StableDiffusionPipeline
<frozen importlib._bootstrap>:1412: in _handle_fromlist
    ???
/home/zeus/miniconda3/envs/cloudspace/lib/python3.12/site-packages/diffusers/utils/import_utils.py:1043: in __getattr__
    value = getattr(module, name)
            ^^^^^^^^^^^^^^^^^^^^^
/home/zeus/miniconda3/envs/cloudspace/lib/python3.12/site-packages/diffusers/utils/import_utils.py:1043: in __getattr__
    value = getattr(module, name)
            ^^^^^^^^^^^^^^^^^^^^^
/home/zeus/miniconda3/envs/cloudspace/lib/python3.12/site-packages/diffusers/utils/import_utils.py:1042: in __getattr__
    module = self._get_module(self._class_to_module[name])
             ^^^^^^^^^^^^^^^^^^^^^^^^^^^^^^^^^^^^^^^^^^^^^
_ _ _ _ _ _ _ _ _ _ _ _ _ _ _ _ _ _ _ _ _ _ _ _ _ _ _ _ _ _ _ _ _ _ _ _ _ _ _ _ 

self = <module 'diffusers.pipelines.stable_diffusion' from '/home/zeus/miniconda3/envs/cloudspace/lib/python3.12/site-packages/diffusers/pipelines/stable_diffusion/__init__.py'>
module_name = 'pipeline_stable_diffusion'

    def _get_module(self, module_name: str):
        try:
            return importlib.import_module("." + module_name, self.__name__)
        except Exception as e:
>           raise RuntimeError(
                f"Failed to import {self.__name__}.{module_name} because of the following error (look up to see its"
                f" traceback):\n{e}"
            ) from e
E           RuntimeError: Failed to import diffusers.pipelines.stable_diffusion.pipeline_stable_diffusion because of the following error (look up to see its traceback):
E           numpy.dtype size changed, may indicate binary incompatibility. Expected 96 from C header, got 88 from PyObject

/home/zeus/miniconda3/envs/cloudspace/lib/python3.12/site-packages/diffusers/utils/import_utils.py:1054: RuntimeError
___________________ ERROR at setup of test_T1_L_參數非零時結果必須改變 ____________________

self = <module 'diffusers.pipelines.stable_diffusion' from '/home/zeus/miniconda3/envs/cloudspace/lib/python3.12/site-packages/diffusers/pipelines/stable_diffusion/__init__.py'>
module_name = 'pipeline_stable_diffusion'

    def _get_module(self, module_name: str):
        try:
>           return importlib.import_module("." + module_name, self.__name__)
                   ^^^^^^^^^^^^^^^^^^^^^^^^^^^^^^^^^^^^^^^^^^^^^^^^^^^^^^^^^

/home/zeus/miniconda3/envs/cloudspace/lib/python3.12/site-packages/diffusers/utils/import_utils.py:1052: 
_ _ _ _ _ _ _ _ _ _ _ _ _ _ _ _ _ _ _ _ _ _ _ _ _ _ _ _ _ _ _ _ _ _ _ _ _ _ _ _ 
/home/zeus/miniconda3/envs/cloudspace/lib/python3.12/importlib/__init__.py:90: in import_module
    return _bootstrap._gcd_import(name[level:], package, level)
           ^^^^^^^^^^^^^^^^^^^^^^^^^^^^^^^^^^^^^^^^^^^^^^^^^^^^
/home/zeus/miniconda3/envs/cloudspace/lib/python3.12/site-packages/diffusers/pipelines/stable_diffusion/pipeline_stable_diffusion.py:19: in <module>
    from transformers import CLIPImageProcessor, CLIPTextModel, CLIPTokenizer, CLIPVisionModelWithProjection
/home/zeus/miniconda3/envs/cloudspace/lib/python3.12/site-packages/transformers/utils/import_utils.py:2342: in __getattr__
    module = self._get_module(self._class_to_module[name])
             ^^^^^^^^^^^^^^^^^^^^^^^^^^^^^^^^^^^^^^^^^^^^^
/home/zeus/miniconda3/envs/cloudspace/lib/python3.12/site-packages/transformers/utils/import_utils.py:2576: in _get_module
    raise e
/home/zeus/miniconda3/envs/cloudspace/lib/python3.12/site-packages/transformers/utils/import_utils.py:2574: in _get_module
    return importlib.import_module("." + module_name, self.__name__)
           ^^^^^^^^^^^^^^^^^^^^^^^^^^^^^^^^^^^^^^^^^^^^^^^^^^^^^^^^^
/home/zeus/miniconda3/envs/cloudspace/lib/python3.12/importlib/__init__.py:90: in import_module
    return _bootstrap._gcd_import(name[level:], package, level)
           ^^^^^^^^^^^^^^^^^^^^^^^^^^^^^^^^^^^^^^^^^^^^^^^^^^^^
/home/zeus/miniconda3/envs/cloudspace/lib/python3.12/site-packages/transformers/models/clip/image_processing_clip.py:22: in <module>
    @auto_docstring
     ^^^^^^^^^^^^^^
/home/zeus/miniconda3/envs/cloudspace/lib/python3.12/site-packages/transformers/utils/auto_docstring.py:4536: in auto_docstring
    return auto_docstring_decorator(obj)
           ^^^^^^^^^^^^^^^^^^^^^^^^^^^^^
/home/zeus/miniconda3/envs/cloudspace/lib/python3.12/site-packages/transformers/utils/auto_docstring.py:4533: in auto_docstring_decorator
    return auto_class_docstring(obj, custom_args=custom_args, custom_intro=custom_intro, checkpoint=checkpoint)
           ^^^^^^^^^^^^^^^^^^^^^^^^^^^^^^^^^^^^^^^^^^^^^^^^^^^^^^^^^^^^^^^^^^^^^^^^^^^^^^^^^^^^^^^^^^^^^^^^^^^^
/home/zeus/miniconda3/envs/cloudspace/lib/python3.12/site-packages/transformers/utils/auto_docstring.py:4279: in auto_class_docstring
    getattr(auto_module, PLACEHOLDER_TO_AUTO_MODULE["model_class"][0]),
    ^^^^^^^^^^^^^^^^^^^^^^^^^^^^^^^^^^^^^^^^^^^^^^^^^^^^^^^^^^^^^^^^^^
/home/zeus/miniconda3/envs/cloudspace/lib/python3.12/site-packages/transformers/utils/import_utils.py:2436: in __getattr__
    value = self._get_module(name)
            ^^^^^^^^^^^^^^^^^^^^^^
/home/zeus/miniconda3/envs/cloudspace/lib/python3.12/site-packages/transformers/utils/import_utils.py:2576: in _get_module
    raise e
/home/zeus/miniconda3/envs/cloudspace/lib/python3.12/site-packages/transformers/utils/import_utils.py:2574: in _get_module
    return importlib.import_module("." + module_name, self.__name__)
           ^^^^^^^^^^^^^^^^^^^^^^^^^^^^^^^^^^^^^^^^^^^^^^^^^^^^^^^^^
/home/zeus/miniconda3/envs/cloudspace/lib/python3.12/importlib/__init__.py:90: in import_module
    return _bootstrap._gcd_import(name[level:], package, level)
           ^^^^^^^^^^^^^^^^^^^^^^^^^^^^^^^^^^^^^^^^^^^^^^^^^^^^
/home/zeus/miniconda3/envs/cloudspace/lib/python3.12/site-packages/transformers/models/auto/modeling_auto.py:21: in <module>
    from .auto_factory import (
/home/zeus/miniconda3/envs/cloudspace/lib/python3.12/site-packages/transformers/models/auto/auto_factory.py:42: in <module>
    from ...generation import GenerationMixin
/home/zeus/miniconda3/envs/cloudspace/lib/python3.12/site-packages/transformers/utils/import_utils.py:2342: in __getattr__
    module = self._get_module(self._class_to_module[name])
             ^^^^^^^^^^^^^^^^^^^^^^^^^^^^^^^^^^^^^^^^^^^^^
/home/zeus/miniconda3/envs/cloudspace/lib/python3.12/site-packages/transformers/utils/import_utils.py:2576: in _get_module
    raise e
/home/zeus/miniconda3/envs/cloudspace/lib/python3.12/site-packages/transformers/utils/import_utils.py:2574: in _get_module
    return importlib.import_module("." + module_name, self.__name__)
           ^^^^^^^^^^^^^^^^^^^^^^^^^^^^^^^^^^^^^^^^^^^^^^^^^^^^^^^^^
/home/zeus/miniconda3/envs/cloudspace/lib/python3.12/importlib/__init__.py:90: in import_module
    return _bootstrap._gcd_import(name[level:], package, level)
           ^^^^^^^^^^^^^^^^^^^^^^^^^^^^^^^^^^^^^^^^^^^^^^^^^^^^
/home/zeus/miniconda3/envs/cloudspace/lib/python3.12/site-packages/transformers/generation/utils.py:53: in <module>
    from .candidate_generator import (
/home/zeus/miniconda3/envs/cloudspace/lib/python3.12/site-packages/transformers/generation/candidate_generator.py:31: in <module>
    from sklearn.metrics import roc_curve
/home/zeus/miniconda3/envs/cloudspace/lib/python3.12/site-packages/sklearn/__init__.py:83: in <module>
    from .base import clone
/home/zeus/miniconda3/envs/cloudspace/lib/python3.12/site-packages/sklearn/base.py:19: in <module>
    from .utils import _IS_32BIT
/home/zeus/miniconda3/envs/cloudspace/lib/python3.12/site-packages/sklearn/utils/__init__.py:27: in <module>
    from .murmurhash import murmurhash3_32
_ _ _ _ _ _ _ _ _ _ _ _ _ _ _ _ _ _ _ _ _ _ _ _ _ _ _ _ _ _ _ _ _ _ _ _ _ _ _ _ 

>   ???
E   ValueError: numpy.dtype size changed, may indicate binary incompatibility. Expected 96 from C header, got 88 from PyObject

sklearn/utils/murmurhash.pyx:1: ValueError

The above exception was the direct cause of the following exception:

    @pytest.fixture(scope="module")
    def sd():
>       return SDWrapper(TINY)
               ^^^^^^^^^^^^^^^

tests/test_pipeline.py:43: 
_ _ _ _ _ _ _ _ _ _ _ _ _ _ _ _ _ _ _ _ _ _ _ _ _ _ _ _ _ _ _ _ _ _ _ _ _ _ _ _ 
src/models/sd.py:30: in __init__
    from diffusers import StableDiffusionPipeline
<frozen importlib._bootstrap>:1412: in _handle_fromlist
    ???
/home/zeus/miniconda3/envs/cloudspace/lib/python3.12/site-packages/diffusers/utils/import_utils.py:1043: in __getattr__
    value = getattr(module, name)
            ^^^^^^^^^^^^^^^^^^^^^
/home/zeus/miniconda3/envs/cloudspace/lib/python3.12/site-packages/diffusers/utils/import_utils.py:1043: in __getattr__
    value = getattr(module, name)
            ^^^^^^^^^^^^^^^^^^^^^
/home/zeus/miniconda3/envs/cloudspace/lib/python3.12/site-packages/diffusers/utils/import_utils.py:1042: in __getattr__
    module = self._get_module(self._class_to_module[name])
             ^^^^^^^^^^^^^^^^^^^^^^^^^^^^^^^^^^^^^^^^^^^^^
_ _ _ _ _ _ _ _ _ _ _ _ _ _ _ _ _ _ _ _ _ _ _ _ _ _ _ _ _ _ _ _ _ _ _ _ _ _ _ _ 

self = <module 'diffusers.pipelines.stable_diffusion' from '/home/zeus/miniconda3/envs/cloudspace/lib/python3.12/site-packages/diffusers/pipelines/stable_diffusion/__init__.py'>
module_name = 'pipeline_stable_diffusion'

    def _get_module(self, module_name: str):
        try:
            return importlib.import_module("." + module_name, self.__name__)
        except Exception as e:
>           raise RuntimeError(
                f"Failed to import {self.__name__}.{module_name} because of the following error (look up to see its"
                f" traceback):\n{e}"
            ) from e
E           RuntimeError: Failed to import diffusers.pipelines.stable_diffusion.pipeline_stable_diffusion because of the following error (look up to see its traceback):
E           numpy.dtype size changed, may indicate binary incompatibility. Expected 96 from C header, got 88 from PyObject

/home/zeus/miniconda3/envs/cloudspace/lib/python3.12/site-packages/diffusers/utils/import_utils.py:1054: RuntimeError
_______________ ERROR at setup of test_T2_注入的latent殘差秩精確等於設定值[1] _______________

self = <module 'diffusers.pipelines.stable_diffusion' from '/home/zeus/miniconda3/envs/cloudspace/lib/python3.12/site-packages/diffusers/pipelines/stable_diffusion/__init__.py'>
module_name = 'pipeline_stable_diffusion'

    def _get_module(self, module_name: str):
        try:
>           return importlib.import_module("." + module_name, self.__name__)
                   ^^^^^^^^^^^^^^^^^^^^^^^^^^^^^^^^^^^^^^^^^^^^^^^^^^^^^^^^^

/home/zeus/miniconda3/envs/cloudspace/lib/python3.12/site-packages/diffusers/utils/import_utils.py:1052: 
_ _ _ _ _ _ _ _ _ _ _ _ _ _ _ _ _ _ _ _ _ _ _ _ _ _ _ _ _ _ _ _ _ _ _ _ _ _ _ _ 
/home/zeus/miniconda3/envs/cloudspace/lib/python3.12/importlib/__init__.py:90: in import_module
    return _bootstrap._gcd_import(name[level:], package, level)
           ^^^^^^^^^^^^^^^^^^^^^^^^^^^^^^^^^^^^^^^^^^^^^^^^^^^^
/home/zeus/miniconda3/envs/cloudspace/lib/python3.12/site-packages/diffusers/pipelines/stable_diffusion/pipeline_stable_diffusion.py:19: in <module>
    from transformers import CLIPImageProcessor, CLIPTextModel, CLIPTokenizer, CLIPVisionModelWithProjection
/home/zeus/miniconda3/envs/cloudspace/lib/python3.12/site-packages/transformers/utils/import_utils.py:2342: in __getattr__
    module = self._get_module(self._class_to_module[name])
             ^^^^^^^^^^^^^^^^^^^^^^^^^^^^^^^^^^^^^^^^^^^^^
/home/zeus/miniconda3/envs/cloudspace/lib/python3.12/site-packages/transformers/utils/import_utils.py:2576: in _get_module
    raise e
/home/zeus/miniconda3/envs/cloudspace/lib/python3.12/site-packages/transformers/utils/import_utils.py:2574: in _get_module
    return importlib.import_module("." + module_name, self.__name__)
           ^^^^^^^^^^^^^^^^^^^^^^^^^^^^^^^^^^^^^^^^^^^^^^^^^^^^^^^^^
/home/zeus/miniconda3/envs/cloudspace/lib/python3.12/importlib/__init__.py:90: in import_module
    return _bootstrap._gcd_import(name[level:], package, level)
           ^^^^^^^^^^^^^^^^^^^^^^^^^^^^^^^^^^^^^^^^^^^^^^^^^^^^
/home/zeus/miniconda3/envs/cloudspace/lib/python3.12/site-packages/transformers/models/clip/image_processing_clip.py:22: in <module>
    @auto_docstring
     ^^^^^^^^^^^^^^
/home/zeus/miniconda3/envs/cloudspace/lib/python3.12/site-packages/transformers/utils/auto_docstring.py:4536: in auto_docstring
    return auto_docstring_decorator(obj)
           ^^^^^^^^^^^^^^^^^^^^^^^^^^^^^
/home/zeus/miniconda3/envs/cloudspace/lib/python3.12/site-packages/transformers/utils/auto_docstring.py:4533: in auto_docstring_decorator
    return auto_class_docstring(obj, custom_args=custom_args, custom_intro=custom_intro, checkpoint=checkpoint)
           ^^^^^^^^^^^^^^^^^^^^^^^^^^^^^^^^^^^^^^^^^^^^^^^^^^^^^^^^^^^^^^^^^^^^^^^^^^^^^^^^^^^^^^^^^^^^^^^^^^^^
/home/zeus/miniconda3/envs/cloudspace/lib/python3.12/site-packages/transformers/utils/auto_docstring.py:4279: in auto_class_docstring
    getattr(auto_module, PLACEHOLDER_TO_AUTO_MODULE["model_class"][0]),
    ^^^^^^^^^^^^^^^^^^^^^^^^^^^^^^^^^^^^^^^^^^^^^^^^^^^^^^^^^^^^^^^^^^
/home/zeus/miniconda3/envs/cloudspace/lib/python3.12/site-packages/transformers/utils/import_utils.py:2436: in __getattr__
    value = self._get_module(name)
            ^^^^^^^^^^^^^^^^^^^^^^
/home/zeus/miniconda3/envs/cloudspace/lib/python3.12/site-packages/transformers/utils/import_utils.py:2576: in _get_module
    raise e
/home/zeus/miniconda3/envs/cloudspace/lib/python3.12/site-packages/transformers/utils/import_utils.py:2574: in _get_module
    return importlib.import_module("." + module_name, self.__name__)
           ^^^^^^^^^^^^^^^^^^^^^^^^^^^^^^^^^^^^^^^^^^^^^^^^^^^^^^^^^
/home/zeus/miniconda3/envs/cloudspace/lib/python3.12/importlib/__init__.py:90: in import_module
    return _bootstrap._gcd_import(name[level:], package, level)
           ^^^^^^^^^^^^^^^^^^^^^^^^^^^^^^^^^^^^^^^^^^^^^^^^^^^^
/home/zeus/miniconda3/envs/cloudspace/lib/python3.12/site-packages/transformers/models/auto/modeling_auto.py:21: in <module>
    from .auto_factory import (
/home/zeus/miniconda3/envs/cloudspace/lib/python3.12/site-packages/transformers/models/auto/auto_factory.py:42: in <module>
    from ...generation import GenerationMixin
/home/zeus/miniconda3/envs/cloudspace/lib/python3.12/site-packages/transformers/utils/import_utils.py:2342: in __getattr__
    module = self._get_module(self._class_to_module[name])
             ^^^^^^^^^^^^^^^^^^^^^^^^^^^^^^^^^^^^^^^^^^^^^
/home/zeus/miniconda3/envs/cloudspace/lib/python3.12/site-packages/transformers/utils/import_utils.py:2576: in _get_module
    raise e
/home/zeus/miniconda3/envs/cloudspace/lib/python3.12/site-packages/transformers/utils/import_utils.py:2574: in _get_module
    return importlib.import_module("." + module_name, self.__name__)
           ^^^^^^^^^^^^^^^^^^^^^^^^^^^^^^^^^^^^^^^^^^^^^^^^^^^^^^^^^
/home/zeus/miniconda3/envs/cloudspace/lib/python3.12/importlib/__init__.py:90: in import_module
    return _bootstrap._gcd_import(name[level:], package, level)
           ^^^^^^^^^^^^^^^^^^^^^^^^^^^^^^^^^^^^^^^^^^^^^^^^^^^^
/home/zeus/miniconda3/envs/cloudspace/lib/python3.12/site-packages/transformers/generation/utils.py:53: in <module>
    from .candidate_generator import (
/home/zeus/miniconda3/envs/cloudspace/lib/python3.12/site-packages/transformers/generation/candidate_generator.py:31: in <module>
    from sklearn.metrics import roc_curve
/home/zeus/miniconda3/envs/cloudspace/lib/python3.12/site-packages/sklearn/__init__.py:83: in <module>
    from .base import clone
/home/zeus/miniconda3/envs/cloudspace/lib/python3.12/site-packages/sklearn/base.py:19: in <module>
    from .utils import _IS_32BIT
/home/zeus/miniconda3/envs/cloudspace/lib/python3.12/site-packages/sklearn/utils/__init__.py:27: in <module>
    from .murmurhash import murmurhash3_32
_ _ _ _ _ _ _ _ _ _ _ _ _ _ _ _ _ _ _ _ _ _ _ _ _ _ _ _ _ _ _ _ _ _ _ _ _ _ _ _ 

>   ???
E   ValueError: numpy.dtype size changed, may indicate binary incompatibility. Expected 96 from C header, got 88 from PyObject

sklearn/utils/murmurhash.pyx:1: ValueError

The above exception was the direct cause of the following exception:

    @pytest.fixture(scope="module")
    def sd():
>       return SDWrapper(TINY)
               ^^^^^^^^^^^^^^^

tests/test_pipeline.py:43: 
_ _ _ _ _ _ _ _ _ _ _ _ _ _ _ _ _ _ _ _ _ _ _ _ _ _ _ _ _ _ _ _ _ _ _ _ _ _ _ _ 
src/models/sd.py:30: in __init__
    from diffusers import StableDiffusionPipeline
<frozen importlib._bootstrap>:1412: in _handle_fromlist
    ???
/home/zeus/miniconda3/envs/cloudspace/lib/python3.12/site-packages/diffusers/utils/import_utils.py:1043: in __getattr__
    value = getattr(module, name)
            ^^^^^^^^^^^^^^^^^^^^^
/home/zeus/miniconda3/envs/cloudspace/lib/python3.12/site-packages/diffusers/utils/import_utils.py:1043: in __getattr__
    value = getattr(module, name)
            ^^^^^^^^^^^^^^^^^^^^^
/home/zeus/miniconda3/envs/cloudspace/lib/python3.12/site-packages/diffusers/utils/import_utils.py:1042: in __getattr__
    module = self._get_module(self._class_to_module[name])
             ^^^^^^^^^^^^^^^^^^^^^^^^^^^^^^^^^^^^^^^^^^^^^
_ _ _ _ _ _ _ _ _ _ _ _ _ _ _ _ _ _ _ _ _ _ _ _ _ _ _ _ _ _ _ _ _ _ _ _ _ _ _ _ 

self = <module 'diffusers.pipelines.stable_diffusion' from '/home/zeus/miniconda3/envs/cloudspace/lib/python3.12/site-packages/diffusers/pipelines/stable_diffusion/__init__.py'>
module_name = 'pipeline_stable_diffusion'

    def _get_module(self, module_name: str):
        try:
            return importlib.import_module("." + module_name, self.__name__)
        except Exception as e:
>           raise RuntimeError(
                f"Failed to import {self.__name__}.{module_name} because of the following error (look up to see its"
                f" traceback):\n{e}"
            ) from e
E           RuntimeError: Failed to import diffusers.pipelines.stable_diffusion.pipeline_stable_diffusion because of the following error (look up to see its traceback):
E           numpy.dtype size changed, may indicate binary incompatibility. Expected 96 from C header, got 88 from PyObject

/home/zeus/miniconda3/envs/cloudspace/lib/python3.12/site-packages/diffusers/utils/import_utils.py:1054: RuntimeError
_______________ ERROR at setup of test_T2_注入的latent殘差秩精確等於設定值[2] _______________

self = <module 'diffusers.pipelines.stable_diffusion' from '/home/zeus/miniconda3/envs/cloudspace/lib/python3.12/site-packages/diffusers/pipelines/stable_diffusion/__init__.py'>
module_name = 'pipeline_stable_diffusion'

    def _get_module(self, module_name: str):
        try:
>           return importlib.import_module("." + module_name, self.__name__)
                   ^^^^^^^^^^^^^^^^^^^^^^^^^^^^^^^^^^^^^^^^^^^^^^^^^^^^^^^^^

/home/zeus/miniconda3/envs/cloudspace/lib/python3.12/site-packages/diffusers/utils/import_utils.py:1052: 
_ _ _ _ _ _ _ _ _ _ _ _ _ _ _ _ _ _ _ _ _ _ _ _ _ _ _ _ _ _ _ _ _ _ _ _ _ _ _ _ 
/home/zeus/miniconda3/envs/cloudspace/lib/python3.12/importlib/__init__.py:90: in import_module
    return _bootstrap._gcd_import(name[level:], package, level)
           ^^^^^^^^^^^^^^^^^^^^^^^^^^^^^^^^^^^^^^^^^^^^^^^^^^^^
/home/zeus/miniconda3/envs/cloudspace/lib/python3.12/site-packages/diffusers/pipelines/stable_diffusion/pipeline_stable_diffusion.py:19: in <module>
    from transformers import CLIPImageProcessor, CLIPTextModel, CLIPTokenizer, CLIPVisionModelWithProjection
/home/zeus/miniconda3/envs/cloudspace/lib/python3.12/site-packages/transformers/utils/import_utils.py:2342: in __getattr__
    module = self._get_module(self._class_to_module[name])
             ^^^^^^^^^^^^^^^^^^^^^^^^^^^^^^^^^^^^^^^^^^^^^
/home/zeus/miniconda3/envs/cloudspace/lib/python3.12/site-packages/transformers/utils/import_utils.py:2576: in _get_module
    raise e
/home/zeus/miniconda3/envs/cloudspace/lib/python3.12/site-packages/transformers/utils/import_utils.py:2574: in _get_module
    return importlib.import_module("." + module_name, self.__name__)
           ^^^^^^^^^^^^^^^^^^^^^^^^^^^^^^^^^^^^^^^^^^^^^^^^^^^^^^^^^
/home/zeus/miniconda3/envs/cloudspace/lib/python3.12/importlib/__init__.py:90: in import_module
    return _bootstrap._gcd_import(name[level:], package, level)
           ^^^^^^^^^^^^^^^^^^^^^^^^^^^^^^^^^^^^^^^^^^^^^^^^^^^^
/home/zeus/miniconda3/envs/cloudspace/lib/python3.12/site-packages/transformers/models/clip/image_processing_clip.py:22: in <module>
    @auto_docstring
     ^^^^^^^^^^^^^^
/home/zeus/miniconda3/envs/cloudspace/lib/python3.12/site-packages/transformers/utils/auto_docstring.py:4536: in auto_docstring
    return auto_docstring_decorator(obj)
           ^^^^^^^^^^^^^^^^^^^^^^^^^^^^^
/home/zeus/miniconda3/envs/cloudspace/lib/python3.12/site-packages/transformers/utils/auto_docstring.py:4533: in auto_docstring_decorator
    return auto_class_docstring(obj, custom_args=custom_args, custom_intro=custom_intro, checkpoint=checkpoint)
           ^^^^^^^^^^^^^^^^^^^^^^^^^^^^^^^^^^^^^^^^^^^^^^^^^^^^^^^^^^^^^^^^^^^^^^^^^^^^^^^^^^^^^^^^^^^^^^^^^^^^
/home/zeus/miniconda3/envs/cloudspace/lib/python3.12/site-packages/transformers/utils/auto_docstring.py:4279: in auto_class_docstring
    getattr(auto_module, PLACEHOLDER_TO_AUTO_MODULE["model_class"][0]),
    ^^^^^^^^^^^^^^^^^^^^^^^^^^^^^^^^^^^^^^^^^^^^^^^^^^^^^^^^^^^^^^^^^^
/home/zeus/miniconda3/envs/cloudspace/lib/python3.12/site-packages/transformers/utils/import_utils.py:2436: in __getattr__
    value = self._get_module(name)
            ^^^^^^^^^^^^^^^^^^^^^^
/home/zeus/miniconda3/envs/cloudspace/lib/python3.12/site-packages/transformers/utils/import_utils.py:2576: in _get_module
    raise e
/home/zeus/miniconda3/envs/cloudspace/lib/python3.12/site-packages/transformers/utils/import_utils.py:2574: in _get_module
    return importlib.import_module("." + module_name, self.__name__)
           ^^^^^^^^^^^^^^^^^^^^^^^^^^^^^^^^^^^^^^^^^^^^^^^^^^^^^^^^^
/home/zeus/miniconda3/envs/cloudspace/lib/python3.12/importlib/__init__.py:90: in import_module
    return _bootstrap._gcd_import(name[level:], package, level)
           ^^^^^^^^^^^^^^^^^^^^^^^^^^^^^^^^^^^^^^^^^^^^^^^^^^^^
/home/zeus/miniconda3/envs/cloudspace/lib/python3.12/site-packages/transformers/models/auto/modeling_auto.py:21: in <module>
    from .auto_factory import (
/home/zeus/miniconda3/envs/cloudspace/lib/python3.12/site-packages/transformers/models/auto/auto_factory.py:42: in <module>
    from ...generation import GenerationMixin
/home/zeus/miniconda3/envs/cloudspace/lib/python3.12/site-packages/transformers/utils/import_utils.py:2342: in __getattr__
    module = self._get_module(self._class_to_module[name])
             ^^^^^^^^^^^^^^^^^^^^^^^^^^^^^^^^^^^^^^^^^^^^^
/home/zeus/miniconda3/envs/cloudspace/lib/python3.12/site-packages/transformers/utils/import_utils.py:2576: in _get_module
    raise e
/home/zeus/miniconda3/envs/cloudspace/lib/python3.12/site-packages/transformers/utils/import_utils.py:2574: in _get_module
    return importlib.import_module("." + module_name, self.__name__)
           ^^^^^^^^^^^^^^^^^^^^^^^^^^^^^^^^^^^^^^^^^^^^^^^^^^^^^^^^^
/home/zeus/miniconda3/envs/cloudspace/lib/python3.12/importlib/__init__.py:90: in import_module
    return _bootstrap._gcd_import(name[level:], package, level)
           ^^^^^^^^^^^^^^^^^^^^^^^^^^^^^^^^^^^^^^^^^^^^^^^^^^^^
/home/zeus/miniconda3/envs/cloudspace/lib/python3.12/site-packages/transformers/generation/utils.py:53: in <module>
    from .candidate_generator import (
/home/zeus/miniconda3/envs/cloudspace/lib/python3.12/site-packages/transformers/generation/candidate_generator.py:31: in <module>
    from sklearn.metrics import roc_curve
/home/zeus/miniconda3/envs/cloudspace/lib/python3.12/site-packages/sklearn/__init__.py:83: in <module>
    from .base import clone
/home/zeus/miniconda3/envs/cloudspace/lib/python3.12/site-packages/sklearn/base.py:19: in <module>
    from .utils import _IS_32BIT
/home/zeus/miniconda3/envs/cloudspace/lib/python3.12/site-packages/sklearn/utils/__init__.py:27: in <module>
    from .murmurhash import murmurhash3_32
_ _ _ _ _ _ _ _ _ _ _ _ _ _ _ _ _ _ _ _ _ _ _ _ _ _ _ _ _ _ _ _ _ _ _ _ _ _ _ _ 

>   ???
E   ValueError: numpy.dtype size changed, may indicate binary incompatibility. Expected 96 from C header, got 88 from PyObject

sklearn/utils/murmurhash.pyx:1: ValueError

The above exception was the direct cause of the following exception:

    @pytest.fixture(scope="module")
    def sd():
>       return SDWrapper(TINY)
               ^^^^^^^^^^^^^^^

tests/test_pipeline.py:43: 
_ _ _ _ _ _ _ _ _ _ _ _ _ _ _ _ _ _ _ _ _ _ _ _ _ _ _ _ _ _ _ _ _ _ _ _ _ _ _ _ 
src/models/sd.py:30: in __init__
    from diffusers import StableDiffusionPipeline
<frozen importlib._bootstrap>:1412: in _handle_fromlist
    ???
/home/zeus/miniconda3/envs/cloudspace/lib/python3.12/site-packages/diffusers/utils/import_utils.py:1043: in __getattr__
    value = getattr(module, name)
            ^^^^^^^^^^^^^^^^^^^^^
/home/zeus/miniconda3/envs/cloudspace/lib/python3.12/site-packages/diffusers/utils/import_utils.py:1043: in __getattr__
    value = getattr(module, name)
            ^^^^^^^^^^^^^^^^^^^^^
/home/zeus/miniconda3/envs/cloudspace/lib/python3.12/site-packages/diffusers/utils/import_utils.py:1042: in __getattr__
    module = self._get_module(self._class_to_module[name])
             ^^^^^^^^^^^^^^^^^^^^^^^^^^^^^^^^^^^^^^^^^^^^^
_ _ _ _ _ _ _ _ _ _ _ _ _ _ _ _ _ _ _ _ _ _ _ _ _ _ _ _ _ _ _ _ _ _ _ _ _ _ _ _ 

self = <module 'diffusers.pipelines.stable_diffusion' from '/home/zeus/miniconda3/envs/cloudspace/lib/python3.12/site-packages/diffusers/pipelines/stable_diffusion/__init__.py'>
module_name = 'pipeline_stable_diffusion'

    def _get_module(self, module_name: str):
        try:
            return importlib.import_module("." + module_name, self.__name__)
        except Exception as e:
>           raise RuntimeError(
                f"Failed to import {self.__name__}.{module_name} because of the following error (look up to see its"
                f" traceback):\n{e}"
            ) from e
E           RuntimeError: Failed to import diffusers.pipelines.stable_diffusion.pipeline_stable_diffusion because of the following error (look up to see its traceback):
E           numpy.dtype size changed, may indicate binary incompatibility. Expected 96 from C header, got 88 from PyObject

/home/zeus/miniconda3/envs/cloudspace/lib/python3.12/site-packages/diffusers/utils/import_utils.py:1054: RuntimeError
_______________ ERROR at setup of test_T2_注入的latent殘差秩精確等於設定值[4] _______________

self = <module 'diffusers.pipelines.stable_diffusion' from '/home/zeus/miniconda3/envs/cloudspace/lib/python3.12/site-packages/diffusers/pipelines/stable_diffusion/__init__.py'>
module_name = 'pipeline_stable_diffusion'

    def _get_module(self, module_name: str):
        try:
>           return importlib.import_module("." + module_name, self.__name__)
                   ^^^^^^^^^^^^^^^^^^^^^^^^^^^^^^^^^^^^^^^^^^^^^^^^^^^^^^^^^

/home/zeus/miniconda3/envs/cloudspace/lib/python3.12/site-packages/diffusers/utils/import_utils.py:1052: 
_ _ _ _ _ _ _ _ _ _ _ _ _ _ _ _ _ _ _ _ _ _ _ _ _ _ _ _ _ _ _ _ _ _ _ _ _ _ _ _ 
/home/zeus/miniconda3/envs/cloudspace/lib/python3.12/importlib/__init__.py:90: in import_module
    return _bootstrap._gcd_import(name[level:], package, level)
           ^^^^^^^^^^^^^^^^^^^^^^^^^^^^^^^^^^^^^^^^^^^^^^^^^^^^
/home/zeus/miniconda3/envs/cloudspace/lib/python3.12/site-packages/diffusers/pipelines/stable_diffusion/pipeline_stable_diffusion.py:19: in <module>
    from transformers import CLIPImageProcessor, CLIPTextModel, CLIPTokenizer, CLIPVisionModelWithProjection
/home/zeus/miniconda3/envs/cloudspace/lib/python3.12/site-packages/transformers/utils/import_utils.py:2342: in __getattr__
    module = self._get_module(self._class_to_module[name])
             ^^^^^^^^^^^^^^^^^^^^^^^^^^^^^^^^^^^^^^^^^^^^^
/home/zeus/miniconda3/envs/cloudspace/lib/python3.12/site-packages/transformers/utils/import_utils.py:2576: in _get_module
    raise e
/home/zeus/miniconda3/envs/cloudspace/lib/python3.12/site-packages/transformers/utils/import_utils.py:2574: in _get_module
    return importlib.import_module("." + module_name, self.__name__)
           ^^^^^^^^^^^^^^^^^^^^^^^^^^^^^^^^^^^^^^^^^^^^^^^^^^^^^^^^^
/home/zeus/miniconda3/envs/cloudspace/lib/python3.12/importlib/__init__.py:90: in import_module
    return _bootstrap._gcd_import(name[level:], package, level)
           ^^^^^^^^^^^^^^^^^^^^^^^^^^^^^^^^^^^^^^^^^^^^^^^^^^^^
/home/zeus/miniconda3/envs/cloudspace/lib/python3.12/site-packages/transformers/models/clip/image_processing_clip.py:22: in <module>
    @auto_docstring
     ^^^^^^^^^^^^^^
/home/zeus/miniconda3/envs/cloudspace/lib/python3.12/site-packages/transformers/utils/auto_docstring.py:4536: in auto_docstring
    return auto_docstring_decorator(obj)
           ^^^^^^^^^^^^^^^^^^^^^^^^^^^^^
/home/zeus/miniconda3/envs/cloudspace/lib/python3.12/site-packages/transformers/utils/auto_docstring.py:4533: in auto_docstring_decorator
    return auto_class_docstring(obj, custom_args=custom_args, custom_intro=custom_intro, checkpoint=checkpoint)
           ^^^^^^^^^^^^^^^^^^^^^^^^^^^^^^^^^^^^^^^^^^^^^^^^^^^^^^^^^^^^^^^^^^^^^^^^^^^^^^^^^^^^^^^^^^^^^^^^^^^^
/home/zeus/miniconda3/envs/cloudspace/lib/python3.12/site-packages/transformers/utils/auto_docstring.py:4279: in auto_class_docstring
    getattr(auto_module, PLACEHOLDER_TO_AUTO_MODULE["model_class"][0]),
    ^^^^^^^^^^^^^^^^^^^^^^^^^^^^^^^^^^^^^^^^^^^^^^^^^^^^^^^^^^^^^^^^^^
/home/zeus/miniconda3/envs/cloudspace/lib/python3.12/site-packages/transformers/utils/import_utils.py:2436: in __getattr__
    value = self._get_module(name)
            ^^^^^^^^^^^^^^^^^^^^^^
/home/zeus/miniconda3/envs/cloudspace/lib/python3.12/site-packages/transformers/utils/import_utils.py:2576: in _get_module
    raise e
/home/zeus/miniconda3/envs/cloudspace/lib/python3.12/site-packages/transformers/utils/import_utils.py:2574: in _get_module
    return importlib.import_module("." + module_name, self.__name__)
           ^^^^^^^^^^^^^^^^^^^^^^^^^^^^^^^^^^^^^^^^^^^^^^^^^^^^^^^^^
/home/zeus/miniconda3/envs/cloudspace/lib/python3.12/importlib/__init__.py:90: in import_module
    return _bootstrap._gcd_import(name[level:], package, level)
           ^^^^^^^^^^^^^^^^^^^^^^^^^^^^^^^^^^^^^^^^^^^^^^^^^^^^
/home/zeus/miniconda3/envs/cloudspace/lib/python3.12/site-packages/transformers/models/auto/modeling_auto.py:21: in <module>
    from .auto_factory import (
/home/zeus/miniconda3/envs/cloudspace/lib/python3.12/site-packages/transformers/models/auto/auto_factory.py:42: in <module>
    from ...generation import GenerationMixin
/home/zeus/miniconda3/envs/cloudspace/lib/python3.12/site-packages/transformers/utils/import_utils.py:2342: in __getattr__
    module = self._get_module(self._class_to_module[name])
             ^^^^^^^^^^^^^^^^^^^^^^^^^^^^^^^^^^^^^^^^^^^^^
/home/zeus/miniconda3/envs/cloudspace/lib/python3.12/site-packages/transformers/utils/import_utils.py:2576: in _get_module
    raise e
/home/zeus/miniconda3/envs/cloudspace/lib/python3.12/site-packages/transformers/utils/import_utils.py:2574: in _get_module
    return importlib.import_module("." + module_name, self.__name__)
           ^^^^^^^^^^^^^^^^^^^^^^^^^^^^^^^^^^^^^^^^^^^^^^^^^^^^^^^^^
/home/zeus/miniconda3/envs/cloudspace/lib/python3.12/importlib/__init__.py:90: in import_module
    return _bootstrap._gcd_import(name[level:], package, level)
           ^^^^^^^^^^^^^^^^^^^^^^^^^^^^^^^^^^^^^^^^^^^^^^^^^^^^
/home/zeus/miniconda3/envs/cloudspace/lib/python3.12/site-packages/transformers/generation/utils.py:53: in <module>
    from .candidate_generator import (
/home/zeus/miniconda3/envs/cloudspace/lib/python3.12/site-packages/transformers/generation/candidate_generator.py:31: in <module>
    from sklearn.metrics import roc_curve
/home/zeus/miniconda3/envs/cloudspace/lib/python3.12/site-packages/sklearn/__init__.py:83: in <module>
    from .base import clone
/home/zeus/miniconda3/envs/cloudspace/lib/python3.12/site-packages/sklearn/base.py:19: in <module>
    from .utils import _IS_32BIT
/home/zeus/miniconda3/envs/cloudspace/lib/python3.12/site-packages/sklearn/utils/__init__.py:27: in <module>
    from .murmurhash import murmurhash3_32
_ _ _ _ _ _ _ _ _ _ _ _ _ _ _ _ _ _ _ _ _ _ _ _ _ _ _ _ _ _ _ _ _ _ _ _ _ _ _ _ 

>   ???
E   ValueError: numpy.dtype size changed, may indicate binary incompatibility. Expected 96 from C header, got 88 from PyObject

sklearn/utils/murmurhash.pyx:1: ValueError

The above exception was the direct cause of the following exception:

    @pytest.fixture(scope="module")
    def sd():
>       return SDWrapper(TINY)
               ^^^^^^^^^^^^^^^

tests/test_pipeline.py:43: 
_ _ _ _ _ _ _ _ _ _ _ _ _ _ _ _ _ _ _ _ _ _ _ _ _ _ _ _ _ _ _ _ _ _ _ _ _ _ _ _ 
src/models/sd.py:30: in __init__
    from diffusers import StableDiffusionPipeline
<frozen importlib._bootstrap>:1412: in _handle_fromlist
    ???
/home/zeus/miniconda3/envs/cloudspace/lib/python3.12/site-packages/diffusers/utils/import_utils.py:1043: in __getattr__
    value = getattr(module, name)
            ^^^^^^^^^^^^^^^^^^^^^
/home/zeus/miniconda3/envs/cloudspace/lib/python3.12/site-packages/diffusers/utils/import_utils.py:1043: in __getattr__
    value = getattr(module, name)
            ^^^^^^^^^^^^^^^^^^^^^
/home/zeus/miniconda3/envs/cloudspace/lib/python3.12/site-packages/diffusers/utils/import_utils.py:1042: in __getattr__
    module = self._get_module(self._class_to_module[name])
             ^^^^^^^^^^^^^^^^^^^^^^^^^^^^^^^^^^^^^^^^^^^^^
_ _ _ _ _ _ _ _ _ _ _ _ _ _ _ _ _ _ _ _ _ _ _ _ _ _ _ _ _ _ _ _ _ _ _ _ _ _ _ _ 

self = <module 'diffusers.pipelines.stable_diffusion' from '/home/zeus/miniconda3/envs/cloudspace/lib/python3.12/site-packages/diffusers/pipelines/stable_diffusion/__init__.py'>
module_name = 'pipeline_stable_diffusion'

    def _get_module(self, module_name: str):
        try:
            return importlib.import_module("." + module_name, self.__name__)
        except Exception as e:
>           raise RuntimeError(
                f"Failed to import {self.__name__}.{module_name} because of the following error (look up to see its"
                f" traceback):\n{e}"
            ) from e
E           RuntimeError: Failed to import diffusers.pipelines.stable_diffusion.pipeline_stable_diffusion because of the following error (look up to see its traceback):
E           numpy.dtype size changed, may indicate binary incompatibility. Expected 96 from C header, got 88 from PyObject

/home/zeus/miniconda3/envs/cloudspace/lib/python3.12/site-packages/diffusers/utils/import_utils.py:1054: RuntimeError
_________________ ERROR at setup of test_T2_像素殘差的秩是湧現的須實測不可假設 __________________

self = <module 'diffusers.pipelines.stable_diffusion' from '/home/zeus/miniconda3/envs/cloudspace/lib/python3.12/site-packages/diffusers/pipelines/stable_diffusion/__init__.py'>
module_name = 'pipeline_stable_diffusion'

    def _get_module(self, module_name: str):
        try:
>           return importlib.import_module("." + module_name, self.__name__)
                   ^^^^^^^^^^^^^^^^^^^^^^^^^^^^^^^^^^^^^^^^^^^^^^^^^^^^^^^^^

/home/zeus/miniconda3/envs/cloudspace/lib/python3.12/site-packages/diffusers/utils/import_utils.py:1052: 
_ _ _ _ _ _ _ _ _ _ _ _ _ _ _ _ _ _ _ _ _ _ _ _ _ _ _ _ _ _ _ _ _ _ _ _ _ _ _ _ 
/home/zeus/miniconda3/envs/cloudspace/lib/python3.12/importlib/__init__.py:90: in import_module
    return _bootstrap._gcd_import(name[level:], package, level)
           ^^^^^^^^^^^^^^^^^^^^^^^^^^^^^^^^^^^^^^^^^^^^^^^^^^^^
/home/zeus/miniconda3/envs/cloudspace/lib/python3.12/site-packages/diffusers/pipelines/stable_diffusion/pipeline_stable_diffusion.py:19: in <module>
    from transformers import CLIPImageProcessor, CLIPTextModel, CLIPTokenizer, CLIPVisionModelWithProjection
/home/zeus/miniconda3/envs/cloudspace/lib/python3.12/site-packages/transformers/utils/import_utils.py:2342: in __getattr__
    module = self._get_module(self._class_to_module[name])
             ^^^^^^^^^^^^^^^^^^^^^^^^^^^^^^^^^^^^^^^^^^^^^
/home/zeus/miniconda3/envs/cloudspace/lib/python3.12/site-packages/transformers/utils/import_utils.py:2576: in _get_module
    raise e
/home/zeus/miniconda3/envs/cloudspace/lib/python3.12/site-packages/transformers/utils/import_utils.py:2574: in _get_module
    return importlib.import_module("." + module_name, self.__name__)
           ^^^^^^^^^^^^^^^^^^^^^^^^^^^^^^^^^^^^^^^^^^^^^^^^^^^^^^^^^
/home/zeus/miniconda3/envs/cloudspace/lib/python3.12/importlib/__init__.py:90: in import_module
    return _bootstrap._gcd_import(name[level:], package, level)
           ^^^^^^^^^^^^^^^^^^^^^^^^^^^^^^^^^^^^^^^^^^^^^^^^^^^^
/home/zeus/miniconda3/envs/cloudspace/lib/python3.12/site-packages/transformers/models/clip/image_processing_clip.py:22: in <module>
    @auto_docstring
     ^^^^^^^^^^^^^^
/home/zeus/miniconda3/envs/cloudspace/lib/python3.12/site-packages/transformers/utils/auto_docstring.py:4536: in auto_docstring
    return auto_docstring_decorator(obj)
           ^^^^^^^^^^^^^^^^^^^^^^^^^^^^^
/home/zeus/miniconda3/envs/cloudspace/lib/python3.12/site-packages/transformers/utils/auto_docstring.py:4533: in auto_docstring_decorator
    return auto_class_docstring(obj, custom_args=custom_args, custom_intro=custom_intro, checkpoint=checkpoint)
           ^^^^^^^^^^^^^^^^^^^^^^^^^^^^^^^^^^^^^^^^^^^^^^^^^^^^^^^^^^^^^^^^^^^^^^^^^^^^^^^^^^^^^^^^^^^^^^^^^^^^
/home/zeus/miniconda3/envs/cloudspace/lib/python3.12/site-packages/transformers/utils/auto_docstring.py:4279: in auto_class_docstring
    getattr(auto_module, PLACEHOLDER_TO_AUTO_MODULE["model_class"][0]),
    ^^^^^^^^^^^^^^^^^^^^^^^^^^^^^^^^^^^^^^^^^^^^^^^^^^^^^^^^^^^^^^^^^^
/home/zeus/miniconda3/envs/cloudspace/lib/python3.12/site-packages/transformers/utils/import_utils.py:2436: in __getattr__
    value = self._get_module(name)
            ^^^^^^^^^^^^^^^^^^^^^^
/home/zeus/miniconda3/envs/cloudspace/lib/python3.12/site-packages/transformers/utils/import_utils.py:2576: in _get_module
    raise e
/home/zeus/miniconda3/envs/cloudspace/lib/python3.12/site-packages/transformers/utils/import_utils.py:2574: in _get_module
    return importlib.import_module("." + module_name, self.__name__)
           ^^^^^^^^^^^^^^^^^^^^^^^^^^^^^^^^^^^^^^^^^^^^^^^^^^^^^^^^^
/home/zeus/miniconda3/envs/cloudspace/lib/python3.12/importlib/__init__.py:90: in import_module
    return _bootstrap._gcd_import(name[level:], package, level)
           ^^^^^^^^^^^^^^^^^^^^^^^^^^^^^^^^^^^^^^^^^^^^^^^^^^^^
/home/zeus/miniconda3/envs/cloudspace/lib/python3.12/site-packages/transformers/models/auto/modeling_auto.py:21: in <module>
    from .auto_factory import (
/home/zeus/miniconda3/envs/cloudspace/lib/python3.12/site-packages/transformers/models/auto/auto_factory.py:42: in <module>
    from ...generation import GenerationMixin
/home/zeus/miniconda3/envs/cloudspace/lib/python3.12/site-packages/transformers/utils/import_utils.py:2342: in __getattr__
    module = self._get_module(self._class_to_module[name])
             ^^^^^^^^^^^^^^^^^^^^^^^^^^^^^^^^^^^^^^^^^^^^^
/home/zeus/miniconda3/envs/cloudspace/lib/python3.12/site-packages/transformers/utils/import_utils.py:2576: in _get_module
    raise e
/home/zeus/miniconda3/envs/cloudspace/lib/python3.12/site-packages/transformers/utils/import_utils.py:2574: in _get_module
    return importlib.import_module("." + module_name, self.__name__)
           ^^^^^^^^^^^^^^^^^^^^^^^^^^^^^^^^^^^^^^^^^^^^^^^^^^^^^^^^^
/home/zeus/miniconda3/envs/cloudspace/lib/python3.12/importlib/__init__.py:90: in import_module
    return _bootstrap._gcd_import(name[level:], package, level)
           ^^^^^^^^^^^^^^^^^^^^^^^^^^^^^^^^^^^^^^^^^^^^^^^^^^^^
/home/zeus/miniconda3/envs/cloudspace/lib/python3.12/site-packages/transformers/generation/utils.py:53: in <module>
    from .candidate_generator import (
/home/zeus/miniconda3/envs/cloudspace/lib/python3.12/site-packages/transformers/generation/candidate_generator.py:31: in <module>
    from sklearn.metrics import roc_curve
/home/zeus/miniconda3/envs/cloudspace/lib/python3.12/site-packages/sklearn/__init__.py:83: in <module>
    from .base import clone
/home/zeus/miniconda3/envs/cloudspace/lib/python3.12/site-packages/sklearn/base.py:19: in <module>
    from .utils import _IS_32BIT
/home/zeus/miniconda3/envs/cloudspace/lib/python3.12/site-packages/sklearn/utils/__init__.py:27: in <module>
    from .murmurhash import murmurhash3_32
_ _ _ _ _ _ _ _ _ _ _ _ _ _ _ _ _ _ _ _ _ _ _ _ _ _ _ _ _ _ _ _ _ _ _ _ _ _ _ _ 

>   ???
E   ValueError: numpy.dtype size changed, may indicate binary incompatibility. Expected 96 from C header, got 88 from PyObject

sklearn/utils/murmurhash.pyx:1: ValueError

The above exception was the direct cause of the following exception:

    @pytest.fixture(scope="module")
    def sd():
>       return SDWrapper(TINY)
               ^^^^^^^^^^^^^^^

tests/test_pipeline.py:43: 
_ _ _ _ _ _ _ _ _ _ _ _ _ _ _ _ _ _ _ _ _ _ _ _ _ _ _ _ _ _ _ _ _ _ _ _ _ _ _ _ 
src/models/sd.py:30: in __init__
    from diffusers import StableDiffusionPipeline
<frozen importlib._bootstrap>:1412: in _handle_fromlist
    ???
/home/zeus/miniconda3/envs/cloudspace/lib/python3.12/site-packages/diffusers/utils/import_utils.py:1043: in __getattr__
    value = getattr(module, name)
            ^^^^^^^^^^^^^^^^^^^^^
/home/zeus/miniconda3/envs/cloudspace/lib/python3.12/site-packages/diffusers/utils/import_utils.py:1043: in __getattr__
    value = getattr(module, name)
            ^^^^^^^^^^^^^^^^^^^^^
/home/zeus/miniconda3/envs/cloudspace/lib/python3.12/site-packages/diffusers/utils/import_utils.py:1042: in __getattr__
    module = self._get_module(self._class_to_module[name])
             ^^^^^^^^^^^^^^^^^^^^^^^^^^^^^^^^^^^^^^^^^^^^^
_ _ _ _ _ _ _ _ _ _ _ _ _ _ _ _ _ _ _ _ _ _ _ _ _ _ _ _ _ _ _ _ _ _ _ _ _ _ _ _ 

self = <module 'diffusers.pipelines.stable_diffusion' from '/home/zeus/miniconda3/envs/cloudspace/lib/python3.12/site-packages/diffusers/pipelines/stable_diffusion/__init__.py'>
module_name = 'pipeline_stable_diffusion'

    def _get_module(self, module_name: str):
        try:
            return importlib.import_module("." + module_name, self.__name__)
        except Exception as e:
>           raise RuntimeError(
                f"Failed to import {self.__name__}.{module_name} because of the following error (look up to see its"
                f" traceback):\n{e}"
            ) from e
E           RuntimeError: Failed to import diffusers.pipelines.stable_diffusion.pipeline_stable_diffusion because of the following error (look up to see its traceback):
E           numpy.dtype size changed, may indicate binary incompatibility. Expected 96 from C header, got 88 from PyObject

/home/zeus/miniconda3/envs/cloudspace/lib/python3.12/site-packages/diffusers/utils/import_utils.py:1054: RuntimeError
_____________________ ERROR at setup of test_T3_兩分支噪聲逐元素相同 _____________________

self = <module 'diffusers.pipelines.stable_diffusion' from '/home/zeus/miniconda3/envs/cloudspace/lib/python3.12/site-packages/diffusers/pipelines/stable_diffusion/__init__.py'>
module_name = 'pipeline_stable_diffusion'

    def _get_module(self, module_name: str):
        try:
>           return importlib.import_module("." + module_name, self.__name__)
                   ^^^^^^^^^^^^^^^^^^^^^^^^^^^^^^^^^^^^^^^^^^^^^^^^^^^^^^^^^

/home/zeus/miniconda3/envs/cloudspace/lib/python3.12/site-packages/diffusers/utils/import_utils.py:1052: 
_ _ _ _ _ _ _ _ _ _ _ _ _ _ _ _ _ _ _ _ _ _ _ _ _ _ _ _ _ _ _ _ _ _ _ _ _ _ _ _ 
/home/zeus/miniconda3/envs/cloudspace/lib/python3.12/importlib/__init__.py:90: in import_module
    return _bootstrap._gcd_import(name[level:], package, level)
           ^^^^^^^^^^^^^^^^^^^^^^^^^^^^^^^^^^^^^^^^^^^^^^^^^^^^
/home/zeus/miniconda3/envs/cloudspace/lib/python3.12/site-packages/diffusers/pipelines/stable_diffusion/pipeline_stable_diffusion.py:19: in <module>
    from transformers import CLIPImageProcessor, CLIPTextModel, CLIPTokenizer, CLIPVisionModelWithProjection
/home/zeus/miniconda3/envs/cloudspace/lib/python3.12/site-packages/transformers/utils/import_utils.py:2342: in __getattr__
    module = self._get_module(self._class_to_module[name])
             ^^^^^^^^^^^^^^^^^^^^^^^^^^^^^^^^^^^^^^^^^^^^^
/home/zeus/miniconda3/envs/cloudspace/lib/python3.12/site-packages/transformers/utils/import_utils.py:2576: in _get_module
    raise e
/home/zeus/miniconda3/envs/cloudspace/lib/python3.12/site-packages/transformers/utils/import_utils.py:2574: in _get_module
    return importlib.import_module("." + module_name, self.__name__)
           ^^^^^^^^^^^^^^^^^^^^^^^^^^^^^^^^^^^^^^^^^^^^^^^^^^^^^^^^^
/home/zeus/miniconda3/envs/cloudspace/lib/python3.12/importlib/__init__.py:90: in import_module
    return _bootstrap._gcd_import(name[level:], package, level)
           ^^^^^^^^^^^^^^^^^^^^^^^^^^^^^^^^^^^^^^^^^^^^^^^^^^^^
/home/zeus/miniconda3/envs/cloudspace/lib/python3.12/site-packages/transformers/models/clip/image_processing_clip.py:22: in <module>
    @auto_docstring
     ^^^^^^^^^^^^^^
/home/zeus/miniconda3/envs/cloudspace/lib/python3.12/site-packages/transformers/utils/auto_docstring.py:4536: in auto_docstring
    return auto_docstring_decorator(obj)
           ^^^^^^^^^^^^^^^^^^^^^^^^^^^^^
/home/zeus/miniconda3/envs/cloudspace/lib/python3.12/site-packages/transformers/utils/auto_docstring.py:4533: in auto_docstring_decorator
    return auto_class_docstring(obj, custom_args=custom_args, custom_intro=custom_intro, checkpoint=checkpoint)
           ^^^^^^^^^^^^^^^^^^^^^^^^^^^^^^^^^^^^^^^^^^^^^^^^^^^^^^^^^^^^^^^^^^^^^^^^^^^^^^^^^^^^^^^^^^^^^^^^^^^^
/home/zeus/miniconda3/envs/cloudspace/lib/python3.12/site-packages/transformers/utils/auto_docstring.py:4279: in auto_class_docstring
    getattr(auto_module, PLACEHOLDER_TO_AUTO_MODULE["model_class"][0]),
    ^^^^^^^^^^^^^^^^^^^^^^^^^^^^^^^^^^^^^^^^^^^^^^^^^^^^^^^^^^^^^^^^^^
/home/zeus/miniconda3/envs/cloudspace/lib/python3.12/site-packages/transformers/utils/import_utils.py:2436: in __getattr__
    value = self._get_module(name)
            ^^^^^^^^^^^^^^^^^^^^^^
/home/zeus/miniconda3/envs/cloudspace/lib/python3.12/site-packages/transformers/utils/import_utils.py:2576: in _get_module
    raise e
/home/zeus/miniconda3/envs/cloudspace/lib/python3.12/site-packages/transformers/utils/import_utils.py:2574: in _get_module
    return importlib.import_module("." + module_name, self.__name__)
           ^^^^^^^^^^^^^^^^^^^^^^^^^^^^^^^^^^^^^^^^^^^^^^^^^^^^^^^^^
/home/zeus/miniconda3/envs/cloudspace/lib/python3.12/importlib/__init__.py:90: in import_module
    return _bootstrap._gcd_import(name[level:], package, level)
           ^^^^^^^^^^^^^^^^^^^^^^^^^^^^^^^^^^^^^^^^^^^^^^^^^^^^
/home/zeus/miniconda3/envs/cloudspace/lib/python3.12/site-packages/transformers/models/auto/modeling_auto.py:21: in <module>
    from .auto_factory import (
/home/zeus/miniconda3/envs/cloudspace/lib/python3.12/site-packages/transformers/models/auto/auto_factory.py:42: in <module>
    from ...generation import GenerationMixin
/home/zeus/miniconda3/envs/cloudspace/lib/python3.12/site-packages/transformers/utils/import_utils.py:2342: in __getattr__
    module = self._get_module(self._class_to_module[name])
             ^^^^^^^^^^^^^^^^^^^^^^^^^^^^^^^^^^^^^^^^^^^^^
/home/zeus/miniconda3/envs/cloudspace/lib/python3.12/site-packages/transformers/utils/import_utils.py:2576: in _get_module
    raise e
/home/zeus/miniconda3/envs/cloudspace/lib/python3.12/site-packages/transformers/utils/import_utils.py:2574: in _get_module
    return importlib.import_module("." + module_name, self.__name__)
           ^^^^^^^^^^^^^^^^^^^^^^^^^^^^^^^^^^^^^^^^^^^^^^^^^^^^^^^^^
/home/zeus/miniconda3/envs/cloudspace/lib/python3.12/importlib/__init__.py:90: in import_module
    return _bootstrap._gcd_import(name[level:], package, level)
           ^^^^^^^^^^^^^^^^^^^^^^^^^^^^^^^^^^^^^^^^^^^^^^^^^^^^
/home/zeus/miniconda3/envs/cloudspace/lib/python3.12/site-packages/transformers/generation/utils.py:53: in <module>
    from .candidate_generator import (
/home/zeus/miniconda3/envs/cloudspace/lib/python3.12/site-packages/transformers/generation/candidate_generator.py:31: in <module>
    from sklearn.metrics import roc_curve
/home/zeus/miniconda3/envs/cloudspace/lib/python3.12/site-packages/sklearn/__init__.py:83: in <module>
    from .base import clone
/home/zeus/miniconda3/envs/cloudspace/lib/python3.12/site-packages/sklearn/base.py:19: in <module>
    from .utils import _IS_32BIT
/home/zeus/miniconda3/envs/cloudspace/lib/python3.12/site-packages/sklearn/utils/__init__.py:27: in <module>
    from .murmurhash import murmurhash3_32
_ _ _ _ _ _ _ _ _ _ _ _ _ _ _ _ _ _ _ _ _ _ _ _ _ _ _ _ _ _ _ _ _ _ _ _ _ _ _ _ 

>   ???
E   ValueError: numpy.dtype size changed, may indicate binary incompatibility. Expected 96 from C header, got 88 from PyObject

sklearn/utils/murmurhash.pyx:1: ValueError

The above exception was the direct cause of the following exception:

    @pytest.fixture(scope="module")
    def sd():
>       return SDWrapper(TINY)
               ^^^^^^^^^^^^^^^

tests/test_pipeline.py:43: 
_ _ _ _ _ _ _ _ _ _ _ _ _ _ _ _ _ _ _ _ _ _ _ _ _ _ _ _ _ _ _ _ _ _ _ _ _ _ _ _ 
src/models/sd.py:30: in __init__
    from diffusers import StableDiffusionPipeline
<frozen importlib._bootstrap>:1412: in _handle_fromlist
    ???
/home/zeus/miniconda3/envs/cloudspace/lib/python3.12/site-packages/diffusers/utils/import_utils.py:1043: in __getattr__
    value = getattr(module, name)
            ^^^^^^^^^^^^^^^^^^^^^
/home/zeus/miniconda3/envs/cloudspace/lib/python3.12/site-packages/diffusers/utils/import_utils.py:1043: in __getattr__
    value = getattr(module, name)
            ^^^^^^^^^^^^^^^^^^^^^
/home/zeus/miniconda3/envs/cloudspace/lib/python3.12/site-packages/diffusers/utils/import_utils.py:1042: in __getattr__
    module = self._get_module(self._class_to_module[name])
             ^^^^^^^^^^^^^^^^^^^^^^^^^^^^^^^^^^^^^^^^^^^^^
_ _ _ _ _ _ _ _ _ _ _ _ _ _ _ _ _ _ _ _ _ _ _ _ _ _ _ _ _ _ _ _ _ _ _ _ _ _ _ _ 

self = <module 'diffusers.pipelines.stable_diffusion' from '/home/zeus/miniconda3/envs/cloudspace/lib/python3.12/site-packages/diffusers/pipelines/stable_diffusion/__init__.py'>
module_name = 'pipeline_stable_diffusion'

    def _get_module(self, module_name: str):
        try:
            return importlib.import_module("." + module_name, self.__name__)
        except Exception as e:
>           raise RuntimeError(
                f"Failed to import {self.__name__}.{module_name} because of the following error (look up to see its"
                f" traceback):\n{e}"
            ) from e
E           RuntimeError: Failed to import diffusers.pipelines.stable_diffusion.pipeline_stable_diffusion because of the following error (look up to see its traceback):
E           numpy.dtype size changed, may indicate binary incompatibility. Expected 96 from C header, got 88 from PyObject

/home/zeus/miniconda3/envs/cloudspace/lib/python3.12/site-packages/diffusers/utils/import_utils.py:1054: RuntimeError
___________________ ERROR at setup of test_T3_相同噪聲下編輯管線為決定性 ____________________

self = <module 'diffusers.pipelines.stable_diffusion' from '/home/zeus/miniconda3/envs/cloudspace/lib/python3.12/site-packages/diffusers/pipelines/stable_diffusion/__init__.py'>
module_name = 'pipeline_stable_diffusion'

    def _get_module(self, module_name: str):
        try:
>           return importlib.import_module("." + module_name, self.__name__)
                   ^^^^^^^^^^^^^^^^^^^^^^^^^^^^^^^^^^^^^^^^^^^^^^^^^^^^^^^^^

/home/zeus/miniconda3/envs/cloudspace/lib/python3.12/site-packages/diffusers/utils/import_utils.py:1052: 
_ _ _ _ _ _ _ _ _ _ _ _ _ _ _ _ _ _ _ _ _ _ _ _ _ _ _ _ _ _ _ _ _ _ _ _ _ _ _ _ 
/home/zeus/miniconda3/envs/cloudspace/lib/python3.12/importlib/__init__.py:90: in import_module
    return _bootstrap._gcd_import(name[level:], package, level)
           ^^^^^^^^^^^^^^^^^^^^^^^^^^^^^^^^^^^^^^^^^^^^^^^^^^^^
/home/zeus/miniconda3/envs/cloudspace/lib/python3.12/site-packages/diffusers/pipelines/stable_diffusion/pipeline_stable_diffusion.py:19: in <module>
    from transformers import CLIPImageProcessor, CLIPTextModel, CLIPTokenizer, CLIPVisionModelWithProjection
/home/zeus/miniconda3/envs/cloudspace/lib/python3.12/site-packages/transformers/utils/import_utils.py:2342: in __getattr__
    module = self._get_module(self._class_to_module[name])
             ^^^^^^^^^^^^^^^^^^^^^^^^^^^^^^^^^^^^^^^^^^^^^
/home/zeus/miniconda3/envs/cloudspace/lib/python3.12/site-packages/transformers/utils/import_utils.py:2576: in _get_module
    raise e
/home/zeus/miniconda3/envs/cloudspace/lib/python3.12/site-packages/transformers/utils/import_utils.py:2574: in _get_module
    return importlib.import_module("." + module_name, self.__name__)
           ^^^^^^^^^^^^^^^^^^^^^^^^^^^^^^^^^^^^^^^^^^^^^^^^^^^^^^^^^
/home/zeus/miniconda3/envs/cloudspace/lib/python3.12/importlib/__init__.py:90: in import_module
    return _bootstrap._gcd_import(name[level:], package, level)
           ^^^^^^^^^^^^^^^^^^^^^^^^^^^^^^^^^^^^^^^^^^^^^^^^^^^^
/home/zeus/miniconda3/envs/cloudspace/lib/python3.12/site-packages/transformers/models/clip/image_processing_clip.py:22: in <module>
    @auto_docstring
     ^^^^^^^^^^^^^^
/home/zeus/miniconda3/envs/cloudspace/lib/python3.12/site-packages/transformers/utils/auto_docstring.py:4536: in auto_docstring
    return auto_docstring_decorator(obj)
           ^^^^^^^^^^^^^^^^^^^^^^^^^^^^^
/home/zeus/miniconda3/envs/cloudspace/lib/python3.12/site-packages/transformers/utils/auto_docstring.py:4533: in auto_docstring_decorator
    return auto_class_docstring(obj, custom_args=custom_args, custom_intro=custom_intro, checkpoint=checkpoint)
           ^^^^^^^^^^^^^^^^^^^^^^^^^^^^^^^^^^^^^^^^^^^^^^^^^^^^^^^^^^^^^^^^^^^^^^^^^^^^^^^^^^^^^^^^^^^^^^^^^^^^
/home/zeus/miniconda3/envs/cloudspace/lib/python3.12/site-packages/transformers/utils/auto_docstring.py:4279: in auto_class_docstring
    getattr(auto_module, PLACEHOLDER_TO_AUTO_MODULE["model_class"][0]),
    ^^^^^^^^^^^^^^^^^^^^^^^^^^^^^^^^^^^^^^^^^^^^^^^^^^^^^^^^^^^^^^^^^^
/home/zeus/miniconda3/envs/cloudspace/lib/python3.12/site-packages/transformers/utils/import_utils.py:2436: in __getattr__
    value = self._get_module(name)
            ^^^^^^^^^^^^^^^^^^^^^^
/home/zeus/miniconda3/envs/cloudspace/lib/python3.12/site-packages/transformers/utils/import_utils.py:2576: in _get_module
    raise e
/home/zeus/miniconda3/envs/cloudspace/lib/python3.12/site-packages/transformers/utils/import_utils.py:2574: in _get_module
    return importlib.import_module("." + module_name, self.__name__)
           ^^^^^^^^^^^^^^^^^^^^^^^^^^^^^^^^^^^^^^^^^^^^^^^^^^^^^^^^^
/home/zeus/miniconda3/envs/cloudspace/lib/python3.12/importlib/__init__.py:90: in import_module
    return _bootstrap._gcd_import(name[level:], package, level)
           ^^^^^^^^^^^^^^^^^^^^^^^^^^^^^^^^^^^^^^^^^^^^^^^^^^^^
/home/zeus/miniconda3/envs/cloudspace/lib/python3.12/site-packages/transformers/models/auto/modeling_auto.py:21: in <module>
    from .auto_factory import (
/home/zeus/miniconda3/envs/cloudspace/lib/python3.12/site-packages/transformers/models/auto/auto_factory.py:42: in <module>
    from ...generation import GenerationMixin
/home/zeus/miniconda3/envs/cloudspace/lib/python3.12/site-packages/transformers/utils/import_utils.py:2342: in __getattr__
    module = self._get_module(self._class_to_module[name])
             ^^^^^^^^^^^^^^^^^^^^^^^^^^^^^^^^^^^^^^^^^^^^^
/home/zeus/miniconda3/envs/cloudspace/lib/python3.12/site-packages/transformers/utils/import_utils.py:2576: in _get_module
    raise e
/home/zeus/miniconda3/envs/cloudspace/lib/python3.12/site-packages/transformers/utils/import_utils.py:2574: in _get_module
    return importlib.import_module("." + module_name, self.__name__)
           ^^^^^^^^^^^^^^^^^^^^^^^^^^^^^^^^^^^^^^^^^^^^^^^^^^^^^^^^^
/home/zeus/miniconda3/envs/cloudspace/lib/python3.12/importlib/__init__.py:90: in import_module
    return _bootstrap._gcd_import(name[level:], package, level)
           ^^^^^^^^^^^^^^^^^^^^^^^^^^^^^^^^^^^^^^^^^^^^^^^^^^^^
/home/zeus/miniconda3/envs/cloudspace/lib/python3.12/site-packages/transformers/generation/utils.py:53: in <module>
    from .candidate_generator import (
/home/zeus/miniconda3/envs/cloudspace/lib/python3.12/site-packages/transformers/generation/candidate_generator.py:31: in <module>
    from sklearn.metrics import roc_curve
/home/zeus/miniconda3/envs/cloudspace/lib/python3.12/site-packages/sklearn/__init__.py:83: in <module>
    from .base import clone
/home/zeus/miniconda3/envs/cloudspace/lib/python3.12/site-packages/sklearn/base.py:19: in <module>
    from .utils import _IS_32BIT
/home/zeus/miniconda3/envs/cloudspace/lib/python3.12/site-packages/sklearn/utils/__init__.py:27: in <module>
    from .murmurhash import murmurhash3_32
_ _ _ _ _ _ _ _ _ _ _ _ _ _ _ _ _ _ _ _ _ _ _ _ _ _ _ _ _ _ _ _ _ _ _ _ _ _ _ _ 

>   ???
E   ValueError: numpy.dtype size changed, may indicate binary incompatibility. Expected 96 from C header, got 88 from PyObject

sklearn/utils/murmurhash.pyx:1: ValueError

The above exception was the direct cause of the following exception:

    @pytest.fixture(scope="module")
    def sd():
>       return SDWrapper(TINY)
               ^^^^^^^^^^^^^^^

tests/test_pipeline.py:43: 
_ _ _ _ _ _ _ _ _ _ _ _ _ _ _ _ _ _ _ _ _ _ _ _ _ _ _ _ _ _ _ _ _ _ _ _ _ _ _ _ 
src/models/sd.py:30: in __init__
    from diffusers import StableDiffusionPipeline
<frozen importlib._bootstrap>:1412: in _handle_fromlist
    ???
/home/zeus/miniconda3/envs/cloudspace/lib/python3.12/site-packages/diffusers/utils/import_utils.py:1043: in __getattr__
    value = getattr(module, name)
            ^^^^^^^^^^^^^^^^^^^^^
/home/zeus/miniconda3/envs/cloudspace/lib/python3.12/site-packages/diffusers/utils/import_utils.py:1043: in __getattr__
    value = getattr(module, name)
            ^^^^^^^^^^^^^^^^^^^^^
/home/zeus/miniconda3/envs/cloudspace/lib/python3.12/site-packages/diffusers/utils/import_utils.py:1042: in __getattr__
    module = self._get_module(self._class_to_module[name])
             ^^^^^^^^^^^^^^^^^^^^^^^^^^^^^^^^^^^^^^^^^^^^^
_ _ _ _ _ _ _ _ _ _ _ _ _ _ _ _ _ _ _ _ _ _ _ _ _ _ _ _ _ _ _ _ _ _ _ _ _ _ _ _ 

self = <module 'diffusers.pipelines.stable_diffusion' from '/home/zeus/miniconda3/envs/cloudspace/lib/python3.12/site-packages/diffusers/pipelines/stable_diffusion/__init__.py'>
module_name = 'pipeline_stable_diffusion'

    def _get_module(self, module_name: str):
        try:
            return importlib.import_module("." + module_name, self.__name__)
        except Exception as e:
>           raise RuntimeError(
                f"Failed to import {self.__name__}.{module_name} because of the following error (look up to see its"
                f" traceback):\n{e}"
            ) from e
E           RuntimeError: Failed to import diffusers.pipelines.stable_diffusion.pipeline_stable_diffusion because of the following error (look up to see its traceback):
E           numpy.dtype size changed, may indicate binary incompatibility. Expected 96 from C header, got 88 from PyObject

/home/zeus/miniconda3/envs/cloudspace/lib/python3.12/site-packages/diffusers/utils/import_utils.py:1054: RuntimeError
____________________ ERROR at setup of test_T3_不同噪聲下編輯結果不同 _____________________

self = <module 'diffusers.pipelines.stable_diffusion' from '/home/zeus/miniconda3/envs/cloudspace/lib/python3.12/site-packages/diffusers/pipelines/stable_diffusion/__init__.py'>
module_name = 'pipeline_stable_diffusion'

    def _get_module(self, module_name: str):
        try:
>           return importlib.import_module("." + module_name, self.__name__)
                   ^^^^^^^^^^^^^^^^^^^^^^^^^^^^^^^^^^^^^^^^^^^^^^^^^^^^^^^^^

/home/zeus/miniconda3/envs/cloudspace/lib/python3.12/site-packages/diffusers/utils/import_utils.py:1052: 
_ _ _ _ _ _ _ _ _ _ _ _ _ _ _ _ _ _ _ _ _ _ _ _ _ _ _ _ _ _ _ _ _ _ _ _ _ _ _ _ 
/home/zeus/miniconda3/envs/cloudspace/lib/python3.12/importlib/__init__.py:90: in import_module
    return _bootstrap._gcd_import(name[level:], package, level)
           ^^^^^^^^^^^^^^^^^^^^^^^^^^^^^^^^^^^^^^^^^^^^^^^^^^^^
/home/zeus/miniconda3/envs/cloudspace/lib/python3.12/site-packages/diffusers/pipelines/stable_diffusion/pipeline_stable_diffusion.py:19: in <module>
    from transformers import CLIPImageProcessor, CLIPTextModel, CLIPTokenizer, CLIPVisionModelWithProjection
/home/zeus/miniconda3/envs/cloudspace/lib/python3.12/site-packages/transformers/utils/import_utils.py:2342: in __getattr__
    module = self._get_module(self._class_to_module[name])
             ^^^^^^^^^^^^^^^^^^^^^^^^^^^^^^^^^^^^^^^^^^^^^
/home/zeus/miniconda3/envs/cloudspace/lib/python3.12/site-packages/transformers/utils/import_utils.py:2576: in _get_module
    raise e
/home/zeus/miniconda3/envs/cloudspace/lib/python3.12/site-packages/transformers/utils/import_utils.py:2574: in _get_module
    return importlib.import_module("." + module_name, self.__name__)
           ^^^^^^^^^^^^^^^^^^^^^^^^^^^^^^^^^^^^^^^^^^^^^^^^^^^^^^^^^
/home/zeus/miniconda3/envs/cloudspace/lib/python3.12/importlib/__init__.py:90: in import_module
    return _bootstrap._gcd_import(name[level:], package, level)
           ^^^^^^^^^^^^^^^^^^^^^^^^^^^^^^^^^^^^^^^^^^^^^^^^^^^^
/home/zeus/miniconda3/envs/cloudspace/lib/python3.12/site-packages/transformers/models/clip/image_processing_clip.py:22: in <module>
    @auto_docstring
     ^^^^^^^^^^^^^^
/home/zeus/miniconda3/envs/cloudspace/lib/python3.12/site-packages/transformers/utils/auto_docstring.py:4536: in auto_docstring
    return auto_docstring_decorator(obj)
           ^^^^^^^^^^^^^^^^^^^^^^^^^^^^^
/home/zeus/miniconda3/envs/cloudspace/lib/python3.12/site-packages/transformers/utils/auto_docstring.py:4533: in auto_docstring_decorator
    return auto_class_docstring(obj, custom_args=custom_args, custom_intro=custom_intro, checkpoint=checkpoint)
           ^^^^^^^^^^^^^^^^^^^^^^^^^^^^^^^^^^^^^^^^^^^^^^^^^^^^^^^^^^^^^^^^^^^^^^^^^^^^^^^^^^^^^^^^^^^^^^^^^^^^
/home/zeus/miniconda3/envs/cloudspace/lib/python3.12/site-packages/transformers/utils/auto_docstring.py:4279: in auto_class_docstring
    getattr(auto_module, PLACEHOLDER_TO_AUTO_MODULE["model_class"][0]),
    ^^^^^^^^^^^^^^^^^^^^^^^^^^^^^^^^^^^^^^^^^^^^^^^^^^^^^^^^^^^^^^^^^^
/home/zeus/miniconda3/envs/cloudspace/lib/python3.12/site-packages/transformers/utils/import_utils.py:2436: in __getattr__
    value = self._get_module(name)
            ^^^^^^^^^^^^^^^^^^^^^^
/home/zeus/miniconda3/envs/cloudspace/lib/python3.12/site-packages/transformers/utils/import_utils.py:2576: in _get_module
    raise e
/home/zeus/miniconda3/envs/cloudspace/lib/python3.12/site-packages/transformers/utils/import_utils.py:2574: in _get_module
    return importlib.import_module("." + module_name, self.__name__)
           ^^^^^^^^^^^^^^^^^^^^^^^^^^^^^^^^^^^^^^^^^^^^^^^^^^^^^^^^^
/home/zeus/miniconda3/envs/cloudspace/lib/python3.12/importlib/__init__.py:90: in import_module
    return _bootstrap._gcd_import(name[level:], package, level)
           ^^^^^^^^^^^^^^^^^^^^^^^^^^^^^^^^^^^^^^^^^^^^^^^^^^^^
/home/zeus/miniconda3/envs/cloudspace/lib/python3.12/site-packages/transformers/models/auto/modeling_auto.py:21: in <module>
    from .auto_factory import (
/home/zeus/miniconda3/envs/cloudspace/lib/python3.12/site-packages/transformers/models/auto/auto_factory.py:42: in <module>
    from ...generation import GenerationMixin
/home/zeus/miniconda3/envs/cloudspace/lib/python3.12/site-packages/transformers/utils/import_utils.py:2342: in __getattr__
    module = self._get_module(self._class_to_module[name])
             ^^^^^^^^^^^^^^^^^^^^^^^^^^^^^^^^^^^^^^^^^^^^^
/home/zeus/miniconda3/envs/cloudspace/lib/python3.12/site-packages/transformers/utils/import_utils.py:2576: in _get_module
    raise e
/home/zeus/miniconda3/envs/cloudspace/lib/python3.12/site-packages/transformers/utils/import_utils.py:2574: in _get_module
    return importlib.import_module("." + module_name, self.__name__)
           ^^^^^^^^^^^^^^^^^^^^^^^^^^^^^^^^^^^^^^^^^^^^^^^^^^^^^^^^^
/home/zeus/miniconda3/envs/cloudspace/lib/python3.12/importlib/__init__.py:90: in import_module
    return _bootstrap._gcd_import(name[level:], package, level)
           ^^^^^^^^^^^^^^^^^^^^^^^^^^^^^^^^^^^^^^^^^^^^^^^^^^^^
/home/zeus/miniconda3/envs/cloudspace/lib/python3.12/site-packages/transformers/generation/utils.py:53: in <module>
    from .candidate_generator import (
/home/zeus/miniconda3/envs/cloudspace/lib/python3.12/site-packages/transformers/generation/candidate_generator.py:31: in <module>
    from sklearn.metrics import roc_curve
/home/zeus/miniconda3/envs/cloudspace/lib/python3.12/site-packages/sklearn/__init__.py:83: in <module>
    from .base import clone
/home/zeus/miniconda3/envs/cloudspace/lib/python3.12/site-packages/sklearn/base.py:19: in <module>
    from .utils import _IS_32BIT
/home/zeus/miniconda3/envs/cloudspace/lib/python3.12/site-packages/sklearn/utils/__init__.py:27: in <module>
    from .murmurhash import murmurhash3_32
_ _ _ _ _ _ _ _ _ _ _ _ _ _ _ _ _ _ _ _ _ _ _ _ _ _ _ _ _ _ _ _ _ _ _ _ _ _ _ _ 

>   ???
E   ValueError: numpy.dtype size changed, may indicate binary incompatibility. Expected 96 from C header, got 88 from PyObject

sklearn/utils/murmurhash.pyx:1: ValueError

The above exception was the direct cause of the following exception:

    @pytest.fixture(scope="module")
    def sd():
>       return SDWrapper(TINY)
               ^^^^^^^^^^^^^^^

tests/test_pipeline.py:43: 
_ _ _ _ _ _ _ _ _ _ _ _ _ _ _ _ _ _ _ _ _ _ _ _ _ _ _ _ _ _ _ _ _ _ _ _ _ _ _ _ 
src/models/sd.py:30: in __init__
    from diffusers import StableDiffusionPipeline
<frozen importlib._bootstrap>:1412: in _handle_fromlist
    ???
/home/zeus/miniconda3/envs/cloudspace/lib/python3.12/site-packages/diffusers/utils/import_utils.py:1043: in __getattr__
    value = getattr(module, name)
            ^^^^^^^^^^^^^^^^^^^^^
/home/zeus/miniconda3/envs/cloudspace/lib/python3.12/site-packages/diffusers/utils/import_utils.py:1043: in __getattr__
    value = getattr(module, name)
            ^^^^^^^^^^^^^^^^^^^^^
/home/zeus/miniconda3/envs/cloudspace/lib/python3.12/site-packages/diffusers/utils/import_utils.py:1042: in __getattr__
    module = self._get_module(self._class_to_module[name])
             ^^^^^^^^^^^^^^^^^^^^^^^^^^^^^^^^^^^^^^^^^^^^^
_ _ _ _ _ _ _ _ _ _ _ _ _ _ _ _ _ _ _ _ _ _ _ _ _ _ _ _ _ _ _ _ _ _ _ _ _ _ _ _ 

self = <module 'diffusers.pipelines.stable_diffusion' from '/home/zeus/miniconda3/envs/cloudspace/lib/python3.12/site-packages/diffusers/pipelines/stable_diffusion/__init__.py'>
module_name = 'pipeline_stable_diffusion'

    def _get_module(self, module_name: str):
        try:
            return importlib.import_module("." + module_name, self.__name__)
        except Exception as e:
>           raise RuntimeError(
                f"Failed to import {self.__name__}.{module_name} because of the following error (look up to see its"
                f" traceback):\n{e}"
            ) from e
E           RuntimeError: Failed to import diffusers.pipelines.stable_diffusion.pipeline_stable_diffusion because of the following error (look up to see its traceback):
E           numpy.dtype size changed, may indicate binary incompatibility. Expected 96 from C header, got 88 from PyObject

/home/zeus/miniconda3/envs/cloudspace/lib/python3.12/site-packages/diffusers/utils/import_utils.py:1054: RuntimeError
____________________ ERROR at setup of test_梯度抵達phi且SD保持凍結 _____________________

self = <module 'diffusers.pipelines.stable_diffusion' from '/home/zeus/miniconda3/envs/cloudspace/lib/python3.12/site-packages/diffusers/pipelines/stable_diffusion/__init__.py'>
module_name = 'pipeline_stable_diffusion'

    def _get_module(self, module_name: str):
        try:
>           return importlib.import_module("." + module_name, self.__name__)
                   ^^^^^^^^^^^^^^^^^^^^^^^^^^^^^^^^^^^^^^^^^^^^^^^^^^^^^^^^^

/home/zeus/miniconda3/envs/cloudspace/lib/python3.12/site-packages/diffusers/utils/import_utils.py:1052: 
_ _ _ _ _ _ _ _ _ _ _ _ _ _ _ _ _ _ _ _ _ _ _ _ _ _ _ _ _ _ _ _ _ _ _ _ _ _ _ _ 
/home/zeus/miniconda3/envs/cloudspace/lib/python3.12/importlib/__init__.py:90: in import_module
    return _bootstrap._gcd_import(name[level:], package, level)
           ^^^^^^^^^^^^^^^^^^^^^^^^^^^^^^^^^^^^^^^^^^^^^^^^^^^^
/home/zeus/miniconda3/envs/cloudspace/lib/python3.12/site-packages/diffusers/pipelines/stable_diffusion/pipeline_stable_diffusion.py:19: in <module>
    from transformers import CLIPImageProcessor, CLIPTextModel, CLIPTokenizer, CLIPVisionModelWithProjection
/home/zeus/miniconda3/envs/cloudspace/lib/python3.12/site-packages/transformers/utils/import_utils.py:2342: in __getattr__
    module = self._get_module(self._class_to_module[name])
             ^^^^^^^^^^^^^^^^^^^^^^^^^^^^^^^^^^^^^^^^^^^^^
/home/zeus/miniconda3/envs/cloudspace/lib/python3.12/site-packages/transformers/utils/import_utils.py:2576: in _get_module
    raise e
/home/zeus/miniconda3/envs/cloudspace/lib/python3.12/site-packages/transformers/utils/import_utils.py:2574: in _get_module
    return importlib.import_module("." + module_name, self.__name__)
           ^^^^^^^^^^^^^^^^^^^^^^^^^^^^^^^^^^^^^^^^^^^^^^^^^^^^^^^^^
/home/zeus/miniconda3/envs/cloudspace/lib/python3.12/importlib/__init__.py:90: in import_module
    return _bootstrap._gcd_import(name[level:], package, level)
           ^^^^^^^^^^^^^^^^^^^^^^^^^^^^^^^^^^^^^^^^^^^^^^^^^^^^
/home/zeus/miniconda3/envs/cloudspace/lib/python3.12/site-packages/transformers/models/clip/image_processing_clip.py:22: in <module>
    @auto_docstring
     ^^^^^^^^^^^^^^
/home/zeus/miniconda3/envs/cloudspace/lib/python3.12/site-packages/transformers/utils/auto_docstring.py:4536: in auto_docstring
    return auto_docstring_decorator(obj)
           ^^^^^^^^^^^^^^^^^^^^^^^^^^^^^
/home/zeus/miniconda3/envs/cloudspace/lib/python3.12/site-packages/transformers/utils/auto_docstring.py:4533: in auto_docstring_decorator
    return auto_class_docstring(obj, custom_args=custom_args, custom_intro=custom_intro, checkpoint=checkpoint)
           ^^^^^^^^^^^^^^^^^^^^^^^^^^^^^^^^^^^^^^^^^^^^^^^^^^^^^^^^^^^^^^^^^^^^^^^^^^^^^^^^^^^^^^^^^^^^^^^^^^^^
/home/zeus/miniconda3/envs/cloudspace/lib/python3.12/site-packages/transformers/utils/auto_docstring.py:4279: in auto_class_docstring
    getattr(auto_module, PLACEHOLDER_TO_AUTO_MODULE["model_class"][0]),
    ^^^^^^^^^^^^^^^^^^^^^^^^^^^^^^^^^^^^^^^^^^^^^^^^^^^^^^^^^^^^^^^^^^
/home/zeus/miniconda3/envs/cloudspace/lib/python3.12/site-packages/transformers/utils/import_utils.py:2436: in __getattr__
    value = self._get_module(name)
            ^^^^^^^^^^^^^^^^^^^^^^
/home/zeus/miniconda3/envs/cloudspace/lib/python3.12/site-packages/transformers/utils/import_utils.py:2576: in _get_module
    raise e
/home/zeus/miniconda3/envs/cloudspace/lib/python3.12/site-packages/transformers/utils/import_utils.py:2574: in _get_module
    return importlib.import_module("." + module_name, self.__name__)
           ^^^^^^^^^^^^^^^^^^^^^^^^^^^^^^^^^^^^^^^^^^^^^^^^^^^^^^^^^
/home/zeus/miniconda3/envs/cloudspace/lib/python3.12/importlib/__init__.py:90: in import_module
    return _bootstrap._gcd_import(name[level:], package, level)
           ^^^^^^^^^^^^^^^^^^^^^^^^^^^^^^^^^^^^^^^^^^^^^^^^^^^^
/home/zeus/miniconda3/envs/cloudspace/lib/python3.12/site-packages/transformers/models/auto/modeling_auto.py:21: in <module>
    from .auto_factory import (
/home/zeus/miniconda3/envs/cloudspace/lib/python3.12/site-packages/transformers/models/auto/auto_factory.py:42: in <module>
    from ...generation import GenerationMixin
/home/zeus/miniconda3/envs/cloudspace/lib/python3.12/site-packages/transformers/utils/import_utils.py:2342: in __getattr__
    module = self._get_module(self._class_to_module[name])
             ^^^^^^^^^^^^^^^^^^^^^^^^^^^^^^^^^^^^^^^^^^^^^
/home/zeus/miniconda3/envs/cloudspace/lib/python3.12/site-packages/transformers/utils/import_utils.py:2576: in _get_module
    raise e
/home/zeus/miniconda3/envs/cloudspace/lib/python3.12/site-packages/transformers/utils/import_utils.py:2574: in _get_module
    return importlib.import_module("." + module_name, self.__name__)
           ^^^^^^^^^^^^^^^^^^^^^^^^^^^^^^^^^^^^^^^^^^^^^^^^^^^^^^^^^
/home/zeus/miniconda3/envs/cloudspace/lib/python3.12/importlib/__init__.py:90: in import_module
    return _bootstrap._gcd_import(name[level:], package, level)
           ^^^^^^^^^^^^^^^^^^^^^^^^^^^^^^^^^^^^^^^^^^^^^^^^^^^^
/home/zeus/miniconda3/envs/cloudspace/lib/python3.12/site-packages/transformers/generation/utils.py:53: in <module>
    from .candidate_generator import (
/home/zeus/miniconda3/envs/cloudspace/lib/python3.12/site-packages/transformers/generation/candidate_generator.py:31: in <module>
    from sklearn.metrics import roc_curve
/home/zeus/miniconda3/envs/cloudspace/lib/python3.12/site-packages/sklearn/__init__.py:83: in <module>
    from .base import clone
/home/zeus/miniconda3/envs/cloudspace/lib/python3.12/site-packages/sklearn/base.py:19: in <module>
    from .utils import _IS_32BIT
/home/zeus/miniconda3/envs/cloudspace/lib/python3.12/site-packages/sklearn/utils/__init__.py:27: in <module>
    from .murmurhash import murmurhash3_32
_ _ _ _ _ _ _ _ _ _ _ _ _ _ _ _ _ _ _ _ _ _ _ _ _ _ _ _ _ _ _ _ _ _ _ _ _ _ _ _ 

>   ???
E   ValueError: numpy.dtype size changed, may indicate binary incompatibility. Expected 96 from C header, got 88 from PyObject

sklearn/utils/murmurhash.pyx:1: ValueError

The above exception was the direct cause of the following exception:

    @pytest.fixture(scope="module")
    def sd():
>       return SDWrapper(TINY)
               ^^^^^^^^^^^^^^^

tests/test_pipeline.py:43: 
_ _ _ _ _ _ _ _ _ _ _ _ _ _ _ _ _ _ _ _ _ _ _ _ _ _ _ _ _ _ _ _ _ _ _ _ _ _ _ _ 
src/models/sd.py:30: in __init__
    from diffusers import StableDiffusionPipeline
<frozen importlib._bootstrap>:1412: in _handle_fromlist
    ???
/home/zeus/miniconda3/envs/cloudspace/lib/python3.12/site-packages/diffusers/utils/import_utils.py:1043: in __getattr__
    value = getattr(module, name)
            ^^^^^^^^^^^^^^^^^^^^^
/home/zeus/miniconda3/envs/cloudspace/lib/python3.12/site-packages/diffusers/utils/import_utils.py:1043: in __getattr__
    value = getattr(module, name)
            ^^^^^^^^^^^^^^^^^^^^^
/home/zeus/miniconda3/envs/cloudspace/lib/python3.12/site-packages/diffusers/utils/import_utils.py:1042: in __getattr__
    module = self._get_module(self._class_to_module[name])
             ^^^^^^^^^^^^^^^^^^^^^^^^^^^^^^^^^^^^^^^^^^^^^
_ _ _ _ _ _ _ _ _ _ _ _ _ _ _ _ _ _ _ _ _ _ _ _ _ _ _ _ _ _ _ _ _ _ _ _ _ _ _ _ 

self = <module 'diffusers.pipelines.stable_diffusion' from '/home/zeus/miniconda3/envs/cloudspace/lib/python3.12/site-packages/diffusers/pipelines/stable_diffusion/__init__.py'>
module_name = 'pipeline_stable_diffusion'

    def _get_module(self, module_name: str):
        try:
            return importlib.import_module("." + module_name, self.__name__)
        except Exception as e:
>           raise RuntimeError(
                f"Failed to import {self.__name__}.{module_name} because of the following error (look up to see its"
                f" traceback):\n{e}"
            ) from e
E           RuntimeError: Failed to import diffusers.pipelines.stable_diffusion.pipeline_stable_diffusion because of the following error (look up to see its traceback):
E           numpy.dtype size changed, may indicate binary incompatibility. Expected 96 from C header, got 88 from PyObject

/home/zeus/miniconda3/envs/cloudspace/lib/python3.12/site-packages/diffusers/utils/import_utils.py:1054: RuntimeError
___________________ ERROR at setup of test_inversion快取不依賴phi ___________________

self = <module 'diffusers.pipelines.stable_diffusion' from '/home/zeus/miniconda3/envs/cloudspace/lib/python3.12/site-packages/diffusers/pipelines/stable_diffusion/__init__.py'>
module_name = 'pipeline_stable_diffusion'

    def _get_module(self, module_name: str):
        try:
>           return importlib.import_module("." + module_name, self.__name__)
                   ^^^^^^^^^^^^^^^^^^^^^^^^^^^^^^^^^^^^^^^^^^^^^^^^^^^^^^^^^

/home/zeus/miniconda3/envs/cloudspace/lib/python3.12/site-packages/diffusers/utils/import_utils.py:1052: 
_ _ _ _ _ _ _ _ _ _ _ _ _ _ _ _ _ _ _ _ _ _ _ _ _ _ _ _ _ _ _ _ _ _ _ _ _ _ _ _ 
/home/zeus/miniconda3/envs/cloudspace/lib/python3.12/importlib/__init__.py:90: in import_module
    return _bootstrap._gcd_import(name[level:], package, level)
           ^^^^^^^^^^^^^^^^^^^^^^^^^^^^^^^^^^^^^^^^^^^^^^^^^^^^
/home/zeus/miniconda3/envs/cloudspace/lib/python3.12/site-packages/diffusers/pipelines/stable_diffusion/pipeline_stable_diffusion.py:19: in <module>
    from transformers import CLIPImageProcessor, CLIPTextModel, CLIPTokenizer, CLIPVisionModelWithProjection
/home/zeus/miniconda3/envs/cloudspace/lib/python3.12/site-packages/transformers/utils/import_utils.py:2342: in __getattr__
    module = self._get_module(self._class_to_module[name])
             ^^^^^^^^^^^^^^^^^^^^^^^^^^^^^^^^^^^^^^^^^^^^^
/home/zeus/miniconda3/envs/cloudspace/lib/python3.12/site-packages/transformers/utils/import_utils.py:2576: in _get_module
    raise e
/home/zeus/miniconda3/envs/cloudspace/lib/python3.12/site-packages/transformers/utils/import_utils.py:2574: in _get_module
    return importlib.import_module("." + module_name, self.__name__)
           ^^^^^^^^^^^^^^^^^^^^^^^^^^^^^^^^^^^^^^^^^^^^^^^^^^^^^^^^^
/home/zeus/miniconda3/envs/cloudspace/lib/python3.12/importlib/__init__.py:90: in import_module
    return _bootstrap._gcd_import(name[level:], package, level)
           ^^^^^^^^^^^^^^^^^^^^^^^^^^^^^^^^^^^^^^^^^^^^^^^^^^^^
/home/zeus/miniconda3/envs/cloudspace/lib/python3.12/site-packages/transformers/models/clip/image_processing_clip.py:22: in <module>
    @auto_docstring
     ^^^^^^^^^^^^^^
/home/zeus/miniconda3/envs/cloudspace/lib/python3.12/site-packages/transformers/utils/auto_docstring.py:4536: in auto_docstring
    return auto_docstring_decorator(obj)
           ^^^^^^^^^^^^^^^^^^^^^^^^^^^^^
/home/zeus/miniconda3/envs/cloudspace/lib/python3.12/site-packages/transformers/utils/auto_docstring.py:4533: in auto_docstring_decorator
    return auto_class_docstring(obj, custom_args=custom_args, custom_intro=custom_intro, checkpoint=checkpoint)
           ^^^^^^^^^^^^^^^^^^^^^^^^^^^^^^^^^^^^^^^^^^^^^^^^^^^^^^^^^^^^^^^^^^^^^^^^^^^^^^^^^^^^^^^^^^^^^^^^^^^^
/home/zeus/miniconda3/envs/cloudspace/lib/python3.12/site-packages/transformers/utils/auto_docstring.py:4279: in auto_class_docstring
    getattr(auto_module, PLACEHOLDER_TO_AUTO_MODULE["model_class"][0]),
    ^^^^^^^^^^^^^^^^^^^^^^^^^^^^^^^^^^^^^^^^^^^^^^^^^^^^^^^^^^^^^^^^^^
/home/zeus/miniconda3/envs/cloudspace/lib/python3.12/site-packages/transformers/utils/import_utils.py:2436: in __getattr__
    value = self._get_module(name)
            ^^^^^^^^^^^^^^^^^^^^^^
/home/zeus/miniconda3/envs/cloudspace/lib/python3.12/site-packages/transformers/utils/import_utils.py:2576: in _get_module
    raise e
/home/zeus/miniconda3/envs/cloudspace/lib/python3.12/site-packages/transformers/utils/import_utils.py:2574: in _get_module
    return importlib.import_module("." + module_name, self.__name__)
           ^^^^^^^^^^^^^^^^^^^^^^^^^^^^^^^^^^^^^^^^^^^^^^^^^^^^^^^^^
/home/zeus/miniconda3/envs/cloudspace/lib/python3.12/importlib/__init__.py:90: in import_module
    return _bootstrap._gcd_import(name[level:], package, level)
           ^^^^^^^^^^^^^^^^^^^^^^^^^^^^^^^^^^^^^^^^^^^^^^^^^^^^
/home/zeus/miniconda3/envs/cloudspace/lib/python3.12/site-packages/transformers/models/auto/modeling_auto.py:21: in <module>
    from .auto_factory import (
/home/zeus/miniconda3/envs/cloudspace/lib/python3.12/site-packages/transformers/models/auto/auto_factory.py:42: in <module>
    from ...generation import GenerationMixin
/home/zeus/miniconda3/envs/cloudspace/lib/python3.12/site-packages/transformers/utils/import_utils.py:2342: in __getattr__
    module = self._get_module(self._class_to_module[name])
             ^^^^^^^^^^^^^^^^^^^^^^^^^^^^^^^^^^^^^^^^^^^^^
/home/zeus/miniconda3/envs/cloudspace/lib/python3.12/site-packages/transformers/utils/import_utils.py:2576: in _get_module
    raise e
/home/zeus/miniconda3/envs/cloudspace/lib/python3.12/site-packages/transformers/utils/import_utils.py:2574: in _get_module
    return importlib.import_module("." + module_name, self.__name__)
           ^^^^^^^^^^^^^^^^^^^^^^^^^^^^^^^^^^^^^^^^^^^^^^^^^^^^^^^^^
/home/zeus/miniconda3/envs/cloudspace/lib/python3.12/importlib/__init__.py:90: in import_module
    return _bootstrap._gcd_import(name[level:], package, level)
           ^^^^^^^^^^^^^^^^^^^^^^^^^^^^^^^^^^^^^^^^^^^^^^^^^^^^
/home/zeus/miniconda3/envs/cloudspace/lib/python3.12/site-packages/transformers/generation/utils.py:53: in <module>
    from .candidate_generator import (
/home/zeus/miniconda3/envs/cloudspace/lib/python3.12/site-packages/transformers/generation/candidate_generator.py:31: in <module>
    from sklearn.metrics import roc_curve
/home/zeus/miniconda3/envs/cloudspace/lib/python3.12/site-packages/sklearn/__init__.py:83: in <module>
    from .base import clone
/home/zeus/miniconda3/envs/cloudspace/lib/python3.12/site-packages/sklearn/base.py:19: in <module>
    from .utils import _IS_32BIT
/home/zeus/miniconda3/envs/cloudspace/lib/python3.12/site-packages/sklearn/utils/__init__.py:27: in <module>
    from .murmurhash import murmurhash3_32
_ _ _ _ _ _ _ _ _ _ _ _ _ _ _ _ _ _ _ _ _ _ _ _ _ _ _ _ _ _ _ _ _ _ _ _ _ _ _ _ 

>   ???
E   ValueError: numpy.dtype size changed, may indicate binary incompatibility. Expected 96 from C header, got 88 from PyObject

sklearn/utils/murmurhash.pyx:1: ValueError

The above exception was the direct cause of the following exception:

    @pytest.fixture(scope="module")
    def sd():
>       return SDWrapper(TINY)
               ^^^^^^^^^^^^^^^

tests/test_pipeline.py:43: 
_ _ _ _ _ _ _ _ _ _ _ _ _ _ _ _ _ _ _ _ _ _ _ _ _ _ _ _ _ _ _ _ _ _ _ _ _ _ _ _ 
src/models/sd.py:30: in __init__
    from diffusers import StableDiffusionPipeline
<frozen importlib._bootstrap>:1412: in _handle_fromlist
    ???
/home/zeus/miniconda3/envs/cloudspace/lib/python3.12/site-packages/diffusers/utils/import_utils.py:1043: in __getattr__
    value = getattr(module, name)
            ^^^^^^^^^^^^^^^^^^^^^
/home/zeus/miniconda3/envs/cloudspace/lib/python3.12/site-packages/diffusers/utils/import_utils.py:1043: in __getattr__
    value = getattr(module, name)
            ^^^^^^^^^^^^^^^^^^^^^
/home/zeus/miniconda3/envs/cloudspace/lib/python3.12/site-packages/diffusers/utils/import_utils.py:1042: in __getattr__
    module = self._get_module(self._class_to_module[name])
             ^^^^^^^^^^^^^^^^^^^^^^^^^^^^^^^^^^^^^^^^^^^^^
_ _ _ _ _ _ _ _ _ _ _ _ _ _ _ _ _ _ _ _ _ _ _ _ _ _ _ _ _ _ _ _ _ _ _ _ _ _ _ _ 

self = <module 'diffusers.pipelines.stable_diffusion' from '/home/zeus/miniconda3/envs/cloudspace/lib/python3.12/site-packages/diffusers/pipelines/stable_diffusion/__init__.py'>
module_name = 'pipeline_stable_diffusion'

    def _get_module(self, module_name: str):
        try:
            return importlib.import_module("." + module_name, self.__name__)
        except Exception as e:
>           raise RuntimeError(
                f"Failed to import {self.__name__}.{module_name} because of the following error (look up to see its"
                f" traceback):\n{e}"
            ) from e
E           RuntimeError: Failed to import diffusers.pipelines.stable_diffusion.pipeline_stable_diffusion because of the following error (look up to see its traceback):
E           numpy.dtype size changed, may indicate binary incompatibility. Expected 96 from C header, got 88 from PyObject

/home/zeus/miniconda3/envs/cloudspace/lib/python3.12/site-packages/diffusers/utils/import_utils.py:1054: RuntimeError
________________________ ERROR at setup of test_中間圖可留存 _________________________

self = <module 'diffusers.pipelines.stable_diffusion' from '/home/zeus/miniconda3/envs/cloudspace/lib/python3.12/site-packages/diffusers/pipelines/stable_diffusion/__init__.py'>
module_name = 'pipeline_stable_diffusion'

    def _get_module(self, module_name: str):
        try:
>           return importlib.import_module("." + module_name, self.__name__)
                   ^^^^^^^^^^^^^^^^^^^^^^^^^^^^^^^^^^^^^^^^^^^^^^^^^^^^^^^^^

/home/zeus/miniconda3/envs/cloudspace/lib/python3.12/site-packages/diffusers/utils/import_utils.py:1052: 
_ _ _ _ _ _ _ _ _ _ _ _ _ _ _ _ _ _ _ _ _ _ _ _ _ _ _ _ _ _ _ _ _ _ _ _ _ _ _ _ 
/home/zeus/miniconda3/envs/cloudspace/lib/python3.12/importlib/__init__.py:90: in import_module
    return _bootstrap._gcd_import(name[level:], package, level)
           ^^^^^^^^^^^^^^^^^^^^^^^^^^^^^^^^^^^^^^^^^^^^^^^^^^^^
/home/zeus/miniconda3/envs/cloudspace/lib/python3.12/site-packages/diffusers/pipelines/stable_diffusion/pipeline_stable_diffusion.py:19: in <module>
    from transformers import CLIPImageProcessor, CLIPTextModel, CLIPTokenizer, CLIPVisionModelWithProjection
/home/zeus/miniconda3/envs/cloudspace/lib/python3.12/site-packages/transformers/utils/import_utils.py:2342: in __getattr__
    module = self._get_module(self._class_to_module[name])
             ^^^^^^^^^^^^^^^^^^^^^^^^^^^^^^^^^^^^^^^^^^^^^
/home/zeus/miniconda3/envs/cloudspace/lib/python3.12/site-packages/transformers/utils/import_utils.py:2576: in _get_module
    raise e
/home/zeus/miniconda3/envs/cloudspace/lib/python3.12/site-packages/transformers/utils/import_utils.py:2574: in _get_module
    return importlib.import_module("." + module_name, self.__name__)
           ^^^^^^^^^^^^^^^^^^^^^^^^^^^^^^^^^^^^^^^^^^^^^^^^^^^^^^^^^
/home/zeus/miniconda3/envs/cloudspace/lib/python3.12/importlib/__init__.py:90: in import_module
    return _bootstrap._gcd_import(name[level:], package, level)
           ^^^^^^^^^^^^^^^^^^^^^^^^^^^^^^^^^^^^^^^^^^^^^^^^^^^^
/home/zeus/miniconda3/envs/cloudspace/lib/python3.12/site-packages/transformers/models/clip/image_processing_clip.py:22: in <module>
    @auto_docstring
     ^^^^^^^^^^^^^^
/home/zeus/miniconda3/envs/cloudspace/lib/python3.12/site-packages/transformers/utils/auto_docstring.py:4536: in auto_docstring
    return auto_docstring_decorator(obj)
           ^^^^^^^^^^^^^^^^^^^^^^^^^^^^^
/home/zeus/miniconda3/envs/cloudspace/lib/python3.12/site-packages/transformers/utils/auto_docstring.py:4533: in auto_docstring_decorator
    return auto_class_docstring(obj, custom_args=custom_args, custom_intro=custom_intro, checkpoint=checkpoint)
           ^^^^^^^^^^^^^^^^^^^^^^^^^^^^^^^^^^^^^^^^^^^^^^^^^^^^^^^^^^^^^^^^^^^^^^^^^^^^^^^^^^^^^^^^^^^^^^^^^^^^
/home/zeus/miniconda3/envs/cloudspace/lib/python3.12/site-packages/transformers/utils/auto_docstring.py:4279: in auto_class_docstring
    getattr(auto_module, PLACEHOLDER_TO_AUTO_MODULE["model_class"][0]),
    ^^^^^^^^^^^^^^^^^^^^^^^^^^^^^^^^^^^^^^^^^^^^^^^^^^^^^^^^^^^^^^^^^^
/home/zeus/miniconda3/envs/cloudspace/lib/python3.12/site-packages/transformers/utils/import_utils.py:2436: in __getattr__
    value = self._get_module(name)
            ^^^^^^^^^^^^^^^^^^^^^^
/home/zeus/miniconda3/envs/cloudspace/lib/python3.12/site-packages/transformers/utils/import_utils.py:2576: in _get_module
    raise e
/home/zeus/miniconda3/envs/cloudspace/lib/python3.12/site-packages/transformers/utils/import_utils.py:2574: in _get_module
    return importlib.import_module("." + module_name, self.__name__)
           ^^^^^^^^^^^^^^^^^^^^^^^^^^^^^^^^^^^^^^^^^^^^^^^^^^^^^^^^^
/home/zeus/miniconda3/envs/cloudspace/lib/python3.12/importlib/__init__.py:90: in import_module
    return _bootstrap._gcd_import(name[level:], package, level)
           ^^^^^^^^^^^^^^^^^^^^^^^^^^^^^^^^^^^^^^^^^^^^^^^^^^^^
/home/zeus/miniconda3/envs/cloudspace/lib/python3.12/site-packages/transformers/models/auto/modeling_auto.py:21: in <module>
    from .auto_factory import (
/home/zeus/miniconda3/envs/cloudspace/lib/python3.12/site-packages/transformers/models/auto/auto_factory.py:42: in <module>
    from ...generation import GenerationMixin
/home/zeus/miniconda3/envs/cloudspace/lib/python3.12/site-packages/transformers/utils/import_utils.py:2342: in __getattr__
    module = self._get_module(self._class_to_module[name])
             ^^^^^^^^^^^^^^^^^^^^^^^^^^^^^^^^^^^^^^^^^^^^^
/home/zeus/miniconda3/envs/cloudspace/lib/python3.12/site-packages/transformers/utils/import_utils.py:2576: in _get_module
    raise e
/home/zeus/miniconda3/envs/cloudspace/lib/python3.12/site-packages/transformers/utils/import_utils.py:2574: in _get_module
    return importlib.import_module("." + module_name, self.__name__)
           ^^^^^^^^^^^^^^^^^^^^^^^^^^^^^^^^^^^^^^^^^^^^^^^^^^^^^^^^^
/home/zeus/miniconda3/envs/cloudspace/lib/python3.12/importlib/__init__.py:90: in import_module
    return _bootstrap._gcd_import(name[level:], package, level)
           ^^^^^^^^^^^^^^^^^^^^^^^^^^^^^^^^^^^^^^^^^^^^^^^^^^^^
/home/zeus/miniconda3/envs/cloudspace/lib/python3.12/site-packages/transformers/generation/utils.py:53: in <module>
    from .candidate_generator import (
/home/zeus/miniconda3/envs/cloudspace/lib/python3.12/site-packages/transformers/generation/candidate_generator.py:31: in <module>
    from sklearn.metrics import roc_curve
/home/zeus/miniconda3/envs/cloudspace/lib/python3.12/site-packages/sklearn/__init__.py:83: in <module>
    from .base import clone
/home/zeus/miniconda3/envs/cloudspace/lib/python3.12/site-packages/sklearn/base.py:19: in <module>
    from .utils import _IS_32BIT
/home/zeus/miniconda3/envs/cloudspace/lib/python3.12/site-packages/sklearn/utils/__init__.py:27: in <module>
    from .murmurhash import murmurhash3_32
_ _ _ _ _ _ _ _ _ _ _ _ _ _ _ _ _ _ _ _ _ _ _ _ _ _ _ _ _ _ _ _ _ _ _ _ _ _ _ _ 

>   ???
E   ValueError: numpy.dtype size changed, may indicate binary incompatibility. Expected 96 from C header, got 88 from PyObject

sklearn/utils/murmurhash.pyx:1: ValueError

The above exception was the direct cause of the following exception:

    @pytest.fixture(scope="module")
    def sd():
>       return SDWrapper(TINY)
               ^^^^^^^^^^^^^^^

tests/test_pipeline.py:43: 
_ _ _ _ _ _ _ _ _ _ _ _ _ _ _ _ _ _ _ _ _ _ _ _ _ _ _ _ _ _ _ _ _ _ _ _ _ _ _ _ 
src/models/sd.py:30: in __init__
    from diffusers import StableDiffusionPipeline
<frozen importlib._bootstrap>:1412: in _handle_fromlist
    ???
/home/zeus/miniconda3/envs/cloudspace/lib/python3.12/site-packages/diffusers/utils/import_utils.py:1043: in __getattr__
    value = getattr(module, name)
            ^^^^^^^^^^^^^^^^^^^^^
/home/zeus/miniconda3/envs/cloudspace/lib/python3.12/site-packages/diffusers/utils/import_utils.py:1043: in __getattr__
    value = getattr(module, name)
            ^^^^^^^^^^^^^^^^^^^^^
/home/zeus/miniconda3/envs/cloudspace/lib/python3.12/site-packages/diffusers/utils/import_utils.py:1042: in __getattr__
    module = self._get_module(self._class_to_module[name])
             ^^^^^^^^^^^^^^^^^^^^^^^^^^^^^^^^^^^^^^^^^^^^^
_ _ _ _ _ _ _ _ _ _ _ _ _ _ _ _ _ _ _ _ _ _ _ _ _ _ _ _ _ _ _ _ _ _ _ _ _ _ _ _ 

self = <module 'diffusers.pipelines.stable_diffusion' from '/home/zeus/miniconda3/envs/cloudspace/lib/python3.12/site-packages/diffusers/pipelines/stable_diffusion/__init__.py'>
module_name = 'pipeline_stable_diffusion'

    def _get_module(self, module_name: str):
        try:
            return importlib.import_module("." + module_name, self.__name__)
        except Exception as e:
>           raise RuntimeError(
                f"Failed to import {self.__name__}.{module_name} because of the following error (look up to see its"
                f" traceback):\n{e}"
            ) from e
E           RuntimeError: Failed to import diffusers.pipelines.stable_diffusion.pipeline_stable_diffusion because of the following error (look up to see its traceback):
E           numpy.dtype size changed, may indicate binary incompatibility. Expected 96 from C header, got 88 from PyObject

/home/zeus/miniconda3/envs/cloudspace/lib/python3.12/site-packages/diffusers/utils/import_utils.py:1054: RuntimeError
______________________ ERROR at setup of test_秩排程沿去噪步序的方向 ______________________

self = <module 'diffusers.pipelines.stable_diffusion' from '/home/zeus/miniconda3/envs/cloudspace/lib/python3.12/site-packages/diffusers/pipelines/stable_diffusion/__init__.py'>
module_name = 'pipeline_stable_diffusion'

    def _get_module(self, module_name: str):
        try:
>           return importlib.import_module("." + module_name, self.__name__)
                   ^^^^^^^^^^^^^^^^^^^^^^^^^^^^^^^^^^^^^^^^^^^^^^^^^^^^^^^^^

/home/zeus/miniconda3/envs/cloudspace/lib/python3.12/site-packages/diffusers/utils/import_utils.py:1052: 
_ _ _ _ _ _ _ _ _ _ _ _ _ _ _ _ _ _ _ _ _ _ _ _ _ _ _ _ _ _ _ _ _ _ _ _ _ _ _ _ 
/home/zeus/miniconda3/envs/cloudspace/lib/python3.12/importlib/__init__.py:90: in import_module
    return _bootstrap._gcd_import(name[level:], package, level)
           ^^^^^^^^^^^^^^^^^^^^^^^^^^^^^^^^^^^^^^^^^^^^^^^^^^^^
/home/zeus/miniconda3/envs/cloudspace/lib/python3.12/site-packages/diffusers/pipelines/stable_diffusion/pipeline_stable_diffusion.py:19: in <module>
    from transformers import CLIPImageProcessor, CLIPTextModel, CLIPTokenizer, CLIPVisionModelWithProjection
/home/zeus/miniconda3/envs/cloudspace/lib/python3.12/site-packages/transformers/utils/import_utils.py:2342: in __getattr__
    module = self._get_module(self._class_to_module[name])
             ^^^^^^^^^^^^^^^^^^^^^^^^^^^^^^^^^^^^^^^^^^^^^
/home/zeus/miniconda3/envs/cloudspace/lib/python3.12/site-packages/transformers/utils/import_utils.py:2576: in _get_module
    raise e
/home/zeus/miniconda3/envs/cloudspace/lib/python3.12/site-packages/transformers/utils/import_utils.py:2574: in _get_module
    return importlib.import_module("." + module_name, self.__name__)
           ^^^^^^^^^^^^^^^^^^^^^^^^^^^^^^^^^^^^^^^^^^^^^^^^^^^^^^^^^
/home/zeus/miniconda3/envs/cloudspace/lib/python3.12/importlib/__init__.py:90: in import_module
    return _bootstrap._gcd_import(name[level:], package, level)
           ^^^^^^^^^^^^^^^^^^^^^^^^^^^^^^^^^^^^^^^^^^^^^^^^^^^^
/home/zeus/miniconda3/envs/cloudspace/lib/python3.12/site-packages/transformers/models/clip/image_processing_clip.py:22: in <module>
    @auto_docstring
     ^^^^^^^^^^^^^^
/home/zeus/miniconda3/envs/cloudspace/lib/python3.12/site-packages/transformers/utils/auto_docstring.py:4536: in auto_docstring
    return auto_docstring_decorator(obj)
           ^^^^^^^^^^^^^^^^^^^^^^^^^^^^^
/home/zeus/miniconda3/envs/cloudspace/lib/python3.12/site-packages/transformers/utils/auto_docstring.py:4533: in auto_docstring_decorator
    return auto_class_docstring(obj, custom_args=custom_args, custom_intro=custom_intro, checkpoint=checkpoint)
           ^^^^^^^^^^^^^^^^^^^^^^^^^^^^^^^^^^^^^^^^^^^^^^^^^^^^^^^^^^^^^^^^^^^^^^^^^^^^^^^^^^^^^^^^^^^^^^^^^^^^
/home/zeus/miniconda3/envs/cloudspace/lib/python3.12/site-packages/transformers/utils/auto_docstring.py:4279: in auto_class_docstring
    getattr(auto_module, PLACEHOLDER_TO_AUTO_MODULE["model_class"][0]),
    ^^^^^^^^^^^^^^^^^^^^^^^^^^^^^^^^^^^^^^^^^^^^^^^^^^^^^^^^^^^^^^^^^^
/home/zeus/miniconda3/envs/cloudspace/lib/python3.12/site-packages/transformers/utils/import_utils.py:2436: in __getattr__
    value = self._get_module(name)
            ^^^^^^^^^^^^^^^^^^^^^^
/home/zeus/miniconda3/envs/cloudspace/lib/python3.12/site-packages/transformers/utils/import_utils.py:2576: in _get_module
    raise e
/home/zeus/miniconda3/envs/cloudspace/lib/python3.12/site-packages/transformers/utils/import_utils.py:2574: in _get_module
    return importlib.import_module("." + module_name, self.__name__)
           ^^^^^^^^^^^^^^^^^^^^^^^^^^^^^^^^^^^^^^^^^^^^^^^^^^^^^^^^^
/home/zeus/miniconda3/envs/cloudspace/lib/python3.12/importlib/__init__.py:90: in import_module
    return _bootstrap._gcd_import(name[level:], package, level)
           ^^^^^^^^^^^^^^^^^^^^^^^^^^^^^^^^^^^^^^^^^^^^^^^^^^^^
/home/zeus/miniconda3/envs/cloudspace/lib/python3.12/site-packages/transformers/models/auto/modeling_auto.py:21: in <module>
    from .auto_factory import (
/home/zeus/miniconda3/envs/cloudspace/lib/python3.12/site-packages/transformers/models/auto/auto_factory.py:42: in <module>
    from ...generation import GenerationMixin
/home/zeus/miniconda3/envs/cloudspace/lib/python3.12/site-packages/transformers/utils/import_utils.py:2342: in __getattr__
    module = self._get_module(self._class_to_module[name])
             ^^^^^^^^^^^^^^^^^^^^^^^^^^^^^^^^^^^^^^^^^^^^^
/home/zeus/miniconda3/envs/cloudspace/lib/python3.12/site-packages/transformers/utils/import_utils.py:2576: in _get_module
    raise e
/home/zeus/miniconda3/envs/cloudspace/lib/python3.12/site-packages/transformers/utils/import_utils.py:2574: in _get_module
    return importlib.import_module("." + module_name, self.__name__)
           ^^^^^^^^^^^^^^^^^^^^^^^^^^^^^^^^^^^^^^^^^^^^^^^^^^^^^^^^^
/home/zeus/miniconda3/envs/cloudspace/lib/python3.12/importlib/__init__.py:90: in import_module
    return _bootstrap._gcd_import(name[level:], package, level)
           ^^^^^^^^^^^^^^^^^^^^^^^^^^^^^^^^^^^^^^^^^^^^^^^^^^^^
/home/zeus/miniconda3/envs/cloudspace/lib/python3.12/site-packages/transformers/generation/utils.py:53: in <module>
    from .candidate_generator import (
/home/zeus/miniconda3/envs/cloudspace/lib/python3.12/site-packages/transformers/generation/candidate_generator.py:31: in <module>
    from sklearn.metrics import roc_curve
/home/zeus/miniconda3/envs/cloudspace/lib/python3.12/site-packages/sklearn/__init__.py:83: in <module>
    from .base import clone
/home/zeus/miniconda3/envs/cloudspace/lib/python3.12/site-packages/sklearn/base.py:19: in <module>
    from .utils import _IS_32BIT
/home/zeus/miniconda3/envs/cloudspace/lib/python3.12/site-packages/sklearn/utils/__init__.py:27: in <module>
    from .murmurhash import murmurhash3_32
_ _ _ _ _ _ _ _ _ _ _ _ _ _ _ _ _ _ _ _ _ _ _ _ _ _ _ _ _ _ _ _ _ _ _ _ _ _ _ _ 

>   ???
E   ValueError: numpy.dtype size changed, may indicate binary incompatibility. Expected 96 from C header, got 88 from PyObject

sklearn/utils/murmurhash.pyx:1: ValueError

The above exception was the direct cause of the following exception:

    @pytest.fixture(scope="module")
    def sd():
>       return SDWrapper(TINY)
               ^^^^^^^^^^^^^^^

tests/test_pipeline.py:43: 
_ _ _ _ _ _ _ _ _ _ _ _ _ _ _ _ _ _ _ _ _ _ _ _ _ _ _ _ _ _ _ _ _ _ _ _ _ _ _ _ 
src/models/sd.py:30: in __init__
    from diffusers import StableDiffusionPipeline
<frozen importlib._bootstrap>:1412: in _handle_fromlist
    ???
/home/zeus/miniconda3/envs/cloudspace/lib/python3.12/site-packages/diffusers/utils/import_utils.py:1043: in __getattr__
    value = getattr(module, name)
            ^^^^^^^^^^^^^^^^^^^^^
/home/zeus/miniconda3/envs/cloudspace/lib/python3.12/site-packages/diffusers/utils/import_utils.py:1043: in __getattr__
    value = getattr(module, name)
            ^^^^^^^^^^^^^^^^^^^^^
/home/zeus/miniconda3/envs/cloudspace/lib/python3.12/site-packages/diffusers/utils/import_utils.py:1042: in __getattr__
    module = self._get_module(self._class_to_module[name])
             ^^^^^^^^^^^^^^^^^^^^^^^^^^^^^^^^^^^^^^^^^^^^^
_ _ _ _ _ _ _ _ _ _ _ _ _ _ _ _ _ _ _ _ _ _ _ _ _ _ _ _ _ _ _ _ _ _ _ _ _ _ _ _ 

self = <module 'diffusers.pipelines.stable_diffusion' from '/home/zeus/miniconda3/envs/cloudspace/lib/python3.12/site-packages/diffusers/pipelines/stable_diffusion/__init__.py'>
module_name = 'pipeline_stable_diffusion'

    def _get_module(self, module_name: str):
        try:
            return importlib.import_module("." + module_name, self.__name__)
        except Exception as e:
>           raise RuntimeError(
                f"Failed to import {self.__name__}.{module_name} because of the following error (look up to see its"
                f" traceback):\n{e}"
            ) from e
E           RuntimeError: Failed to import diffusers.pipelines.stable_diffusion.pipeline_stable_diffusion because of the following error (look up to see its traceback):
E           numpy.dtype size changed, may indicate binary incompatibility. Expected 96 from C header, got 88 from PyObject

/home/zeus/miniconda3/envs/cloudspace/lib/python3.12/site-packages/diffusers/utils/import_utils.py:1054: RuntimeError
___________________ ERROR at setup of test_checkpoint不改變數值結果 ___________________

self = <module 'diffusers.pipelines.stable_diffusion' from '/home/zeus/miniconda3/envs/cloudspace/lib/python3.12/site-packages/diffusers/pipelines/stable_diffusion/__init__.py'>
module_name = 'pipeline_stable_diffusion'

    def _get_module(self, module_name: str):
        try:
>           return importlib.import_module("." + module_name, self.__name__)
                   ^^^^^^^^^^^^^^^^^^^^^^^^^^^^^^^^^^^^^^^^^^^^^^^^^^^^^^^^^

/home/zeus/miniconda3/envs/cloudspace/lib/python3.12/site-packages/diffusers/utils/import_utils.py:1052: 
_ _ _ _ _ _ _ _ _ _ _ _ _ _ _ _ _ _ _ _ _ _ _ _ _ _ _ _ _ _ _ _ _ _ _ _ _ _ _ _ 
/home/zeus/miniconda3/envs/cloudspace/lib/python3.12/importlib/__init__.py:90: in import_module
    return _bootstrap._gcd_import(name[level:], package, level)
           ^^^^^^^^^^^^^^^^^^^^^^^^^^^^^^^^^^^^^^^^^^^^^^^^^^^^
/home/zeus/miniconda3/envs/cloudspace/lib/python3.12/site-packages/diffusers/pipelines/stable_diffusion/pipeline_stable_diffusion.py:19: in <module>
    from transformers import CLIPImageProcessor, CLIPTextModel, CLIPTokenizer, CLIPVisionModelWithProjection
/home/zeus/miniconda3/envs/cloudspace/lib/python3.12/site-packages/transformers/utils/import_utils.py:2342: in __getattr__
    module = self._get_module(self._class_to_module[name])
             ^^^^^^^^^^^^^^^^^^^^^^^^^^^^^^^^^^^^^^^^^^^^^
/home/zeus/miniconda3/envs/cloudspace/lib/python3.12/site-packages/transformers/utils/import_utils.py:2576: in _get_module
    raise e
/home/zeus/miniconda3/envs/cloudspace/lib/python3.12/site-packages/transformers/utils/import_utils.py:2574: in _get_module
    return importlib.import_module("." + module_name, self.__name__)
           ^^^^^^^^^^^^^^^^^^^^^^^^^^^^^^^^^^^^^^^^^^^^^^^^^^^^^^^^^
/home/zeus/miniconda3/envs/cloudspace/lib/python3.12/importlib/__init__.py:90: in import_module
    return _bootstrap._gcd_import(name[level:], package, level)
           ^^^^^^^^^^^^^^^^^^^^^^^^^^^^^^^^^^^^^^^^^^^^^^^^^^^^
/home/zeus/miniconda3/envs/cloudspace/lib/python3.12/site-packages/transformers/models/clip/image_processing_clip.py:22: in <module>
    @auto_docstring
     ^^^^^^^^^^^^^^
/home/zeus/miniconda3/envs/cloudspace/lib/python3.12/site-packages/transformers/utils/auto_docstring.py:4536: in auto_docstring
    return auto_docstring_decorator(obj)
           ^^^^^^^^^^^^^^^^^^^^^^^^^^^^^
/home/zeus/miniconda3/envs/cloudspace/lib/python3.12/site-packages/transformers/utils/auto_docstring.py:4533: in auto_docstring_decorator
    return auto_class_docstring(obj, custom_args=custom_args, custom_intro=custom_intro, checkpoint=checkpoint)
           ^^^^^^^^^^^^^^^^^^^^^^^^^^^^^^^^^^^^^^^^^^^^^^^^^^^^^^^^^^^^^^^^^^^^^^^^^^^^^^^^^^^^^^^^^^^^^^^^^^^^
/home/zeus/miniconda3/envs/cloudspace/lib/python3.12/site-packages/transformers/utils/auto_docstring.py:4279: in auto_class_docstring
    getattr(auto_module, PLACEHOLDER_TO_AUTO_MODULE["model_class"][0]),
    ^^^^^^^^^^^^^^^^^^^^^^^^^^^^^^^^^^^^^^^^^^^^^^^^^^^^^^^^^^^^^^^^^^
/home/zeus/miniconda3/envs/cloudspace/lib/python3.12/site-packages/transformers/utils/import_utils.py:2436: in __getattr__
    value = self._get_module(name)
            ^^^^^^^^^^^^^^^^^^^^^^
/home/zeus/miniconda3/envs/cloudspace/lib/python3.12/site-packages/transformers/utils/import_utils.py:2576: in _get_module
    raise e
/home/zeus/miniconda3/envs/cloudspace/lib/python3.12/site-packages/transformers/utils/import_utils.py:2574: in _get_module
    return importlib.import_module("." + module_name, self.__name__)
           ^^^^^^^^^^^^^^^^^^^^^^^^^^^^^^^^^^^^^^^^^^^^^^^^^^^^^^^^^
/home/zeus/miniconda3/envs/cloudspace/lib/python3.12/importlib/__init__.py:90: in import_module
    return _bootstrap._gcd_import(name[level:], package, level)
           ^^^^^^^^^^^^^^^^^^^^^^^^^^^^^^^^^^^^^^^^^^^^^^^^^^^^
/home/zeus/miniconda3/envs/cloudspace/lib/python3.12/site-packages/transformers/models/auto/modeling_auto.py:21: in <module>
    from .auto_factory import (
/home/zeus/miniconda3/envs/cloudspace/lib/python3.12/site-packages/transformers/models/auto/auto_factory.py:42: in <module>
    from ...generation import GenerationMixin
/home/zeus/miniconda3/envs/cloudspace/lib/python3.12/site-packages/transformers/utils/import_utils.py:2342: in __getattr__
    module = self._get_module(self._class_to_module[name])
             ^^^^^^^^^^^^^^^^^^^^^^^^^^^^^^^^^^^^^^^^^^^^^
/home/zeus/miniconda3/envs/cloudspace/lib/python3.12/site-packages/transformers/utils/import_utils.py:2576: in _get_module
    raise e
/home/zeus/miniconda3/envs/cloudspace/lib/python3.12/site-packages/transformers/utils/import_utils.py:2574: in _get_module
    return importlib.import_module("." + module_name, self.__name__)
           ^^^^^^^^^^^^^^^^^^^^^^^^^^^^^^^^^^^^^^^^^^^^^^^^^^^^^^^^^
/home/zeus/miniconda3/envs/cloudspace/lib/python3.12/importlib/__init__.py:90: in import_module
    return _bootstrap._gcd_import(name[level:], package, level)
           ^^^^^^^^^^^^^^^^^^^^^^^^^^^^^^^^^^^^^^^^^^^^^^^^^^^^
/home/zeus/miniconda3/envs/cloudspace/lib/python3.12/site-packages/transformers/generation/utils.py:53: in <module>
    from .candidate_generator import (
/home/zeus/miniconda3/envs/cloudspace/lib/python3.12/site-packages/transformers/generation/candidate_generator.py:31: in <module>
    from sklearn.metrics import roc_curve
/home/zeus/miniconda3/envs/cloudspace/lib/python3.12/site-packages/sklearn/__init__.py:83: in <module>
    from .base import clone
/home/zeus/miniconda3/envs/cloudspace/lib/python3.12/site-packages/sklearn/base.py:19: in <module>
    from .utils import _IS_32BIT
/home/zeus/miniconda3/envs/cloudspace/lib/python3.12/site-packages/sklearn/utils/__init__.py:27: in <module>
    from .murmurhash import murmurhash3_32
_ _ _ _ _ _ _ _ _ _ _ _ _ _ _ _ _ _ _ _ _ _ _ _ _ _ _ _ _ _ _ _ _ _ _ _ _ _ _ _ 

>   ???
E   ValueError: numpy.dtype size changed, may indicate binary incompatibility. Expected 96 from C header, got 88 from PyObject

sklearn/utils/murmurhash.pyx:1: ValueError

The above exception was the direct cause of the following exception:

    @pytest.fixture(scope="module")
    def sd():
>       return SDWrapper(TINY)
               ^^^^^^^^^^^^^^^

tests/test_pipeline.py:43: 
_ _ _ _ _ _ _ _ _ _ _ _ _ _ _ _ _ _ _ _ _ _ _ _ _ _ _ _ _ _ _ _ _ _ _ _ _ _ _ _ 
src/models/sd.py:30: in __init__
    from diffusers import StableDiffusionPipeline
<frozen importlib._bootstrap>:1412: in _handle_fromlist
    ???
/home/zeus/miniconda3/envs/cloudspace/lib/python3.12/site-packages/diffusers/utils/import_utils.py:1043: in __getattr__
    value = getattr(module, name)
            ^^^^^^^^^^^^^^^^^^^^^
/home/zeus/miniconda3/envs/cloudspace/lib/python3.12/site-packages/diffusers/utils/import_utils.py:1043: in __getattr__
    value = getattr(module, name)
            ^^^^^^^^^^^^^^^^^^^^^
/home/zeus/miniconda3/envs/cloudspace/lib/python3.12/site-packages/diffusers/utils/import_utils.py:1042: in __getattr__
    module = self._get_module(self._class_to_module[name])
             ^^^^^^^^^^^^^^^^^^^^^^^^^^^^^^^^^^^^^^^^^^^^^
_ _ _ _ _ _ _ _ _ _ _ _ _ _ _ _ _ _ _ _ _ _ _ _ _ _ _ _ _ _ _ _ _ _ _ _ _ _ _ _ 

self = <module 'diffusers.pipelines.stable_diffusion' from '/home/zeus/miniconda3/envs/cloudspace/lib/python3.12/site-packages/diffusers/pipelines/stable_diffusion/__init__.py'>
module_name = 'pipeline_stable_diffusion'

    def _get_module(self, module_name: str):
        try:
            return importlib.import_module("." + module_name, self.__name__)
        except Exception as e:
>           raise RuntimeError(
                f"Failed to import {self.__name__}.{module_name} because of the following error (look up to see its"
                f" traceback):\n{e}"
            ) from e
E           RuntimeError: Failed to import diffusers.pipelines.stable_diffusion.pipeline_stable_diffusion because of the following error (look up to see its traceback):
E           numpy.dtype size changed, may indicate binary incompatibility. Expected 96 from C header, got 88 from PyObject

/home/zeus/miniconda3/envs/cloudspace/lib/python3.12/site-packages/diffusers/utils/import_utils.py:1054: RuntimeError
___________________ ERROR at setup of test_相同seed的模塊初始化完全相同 ____________________

self = <module 'diffusers.pipelines.stable_diffusion' from '/home/zeus/miniconda3/envs/cloudspace/lib/python3.12/site-packages/diffusers/pipelines/stable_diffusion/__init__.py'>
module_name = 'pipeline_stable_diffusion'

    def _get_module(self, module_name: str):
        try:
>           return importlib.import_module("." + module_name, self.__name__)
                   ^^^^^^^^^^^^^^^^^^^^^^^^^^^^^^^^^^^^^^^^^^^^^^^^^^^^^^^^^

/home/zeus/miniconda3/envs/cloudspace/lib/python3.12/site-packages/diffusers/utils/import_utils.py:1052: 
_ _ _ _ _ _ _ _ _ _ _ _ _ _ _ _ _ _ _ _ _ _ _ _ _ _ _ _ _ _ _ _ _ _ _ _ _ _ _ _ 
/home/zeus/miniconda3/envs/cloudspace/lib/python3.12/importlib/__init__.py:90: in import_module
    return _bootstrap._gcd_import(name[level:], package, level)
           ^^^^^^^^^^^^^^^^^^^^^^^^^^^^^^^^^^^^^^^^^^^^^^^^^^^^
/home/zeus/miniconda3/envs/cloudspace/lib/python3.12/site-packages/diffusers/pipelines/stable_diffusion/pipeline_stable_diffusion.py:19: in <module>
    from transformers import CLIPImageProcessor, CLIPTextModel, CLIPTokenizer, CLIPVisionModelWithProjection
/home/zeus/miniconda3/envs/cloudspace/lib/python3.12/site-packages/transformers/utils/import_utils.py:2342: in __getattr__
    module = self._get_module(self._class_to_module[name])
             ^^^^^^^^^^^^^^^^^^^^^^^^^^^^^^^^^^^^^^^^^^^^^
/home/zeus/miniconda3/envs/cloudspace/lib/python3.12/site-packages/transformers/utils/import_utils.py:2576: in _get_module
    raise e
/home/zeus/miniconda3/envs/cloudspace/lib/python3.12/site-packages/transformers/utils/import_utils.py:2574: in _get_module
    return importlib.import_module("." + module_name, self.__name__)
           ^^^^^^^^^^^^^^^^^^^^^^^^^^^^^^^^^^^^^^^^^^^^^^^^^^^^^^^^^
/home/zeus/miniconda3/envs/cloudspace/lib/python3.12/importlib/__init__.py:90: in import_module
    return _bootstrap._gcd_import(name[level:], package, level)
           ^^^^^^^^^^^^^^^^^^^^^^^^^^^^^^^^^^^^^^^^^^^^^^^^^^^^
/home/zeus/miniconda3/envs/cloudspace/lib/python3.12/site-packages/transformers/models/clip/image_processing_clip.py:22: in <module>
    @auto_docstring
     ^^^^^^^^^^^^^^
/home/zeus/miniconda3/envs/cloudspace/lib/python3.12/site-packages/transformers/utils/auto_docstring.py:4536: in auto_docstring
    return auto_docstring_decorator(obj)
           ^^^^^^^^^^^^^^^^^^^^^^^^^^^^^
/home/zeus/miniconda3/envs/cloudspace/lib/python3.12/site-packages/transformers/utils/auto_docstring.py:4533: in auto_docstring_decorator
    return auto_class_docstring(obj, custom_args=custom_args, custom_intro=custom_intro, checkpoint=checkpoint)
           ^^^^^^^^^^^^^^^^^^^^^^^^^^^^^^^^^^^^^^^^^^^^^^^^^^^^^^^^^^^^^^^^^^^^^^^^^^^^^^^^^^^^^^^^^^^^^^^^^^^^
/home/zeus/miniconda3/envs/cloudspace/lib/python3.12/site-packages/transformers/utils/auto_docstring.py:4279: in auto_class_docstring
    getattr(auto_module, PLACEHOLDER_TO_AUTO_MODULE["model_class"][0]),
    ^^^^^^^^^^^^^^^^^^^^^^^^^^^^^^^^^^^^^^^^^^^^^^^^^^^^^^^^^^^^^^^^^^
/home/zeus/miniconda3/envs/cloudspace/lib/python3.12/site-packages/transformers/utils/import_utils.py:2436: in __getattr__
    value = self._get_module(name)
            ^^^^^^^^^^^^^^^^^^^^^^
/home/zeus/miniconda3/envs/cloudspace/lib/python3.12/site-packages/transformers/utils/import_utils.py:2576: in _get_module
    raise e
/home/zeus/miniconda3/envs/cloudspace/lib/python3.12/site-packages/transformers/utils/import_utils.py:2574: in _get_module
    return importlib.import_module("." + module_name, self.__name__)
           ^^^^^^^^^^^^^^^^^^^^^^^^^^^^^^^^^^^^^^^^^^^^^^^^^^^^^^^^^
/home/zeus/miniconda3/envs/cloudspace/lib/python3.12/importlib/__init__.py:90: in import_module
    return _bootstrap._gcd_import(name[level:], package, level)
           ^^^^^^^^^^^^^^^^^^^^^^^^^^^^^^^^^^^^^^^^^^^^^^^^^^^^
/home/zeus/miniconda3/envs/cloudspace/lib/python3.12/site-packages/transformers/models/auto/modeling_auto.py:21: in <module>
    from .auto_factory import (
/home/zeus/miniconda3/envs/cloudspace/lib/python3.12/site-packages/transformers/models/auto/auto_factory.py:42: in <module>
    from ...generation import GenerationMixin
/home/zeus/miniconda3/envs/cloudspace/lib/python3.12/site-packages/transformers/utils/import_utils.py:2342: in __getattr__
    module = self._get_module(self._class_to_module[name])
             ^^^^^^^^^^^^^^^^^^^^^^^^^^^^^^^^^^^^^^^^^^^^^
/home/zeus/miniconda3/envs/cloudspace/lib/python3.12/site-packages/transformers/utils/import_utils.py:2576: in _get_module
    raise e
/home/zeus/miniconda3/envs/cloudspace/lib/python3.12/site-packages/transformers/utils/import_utils.py:2574: in _get_module
    return importlib.import_module("." + module_name, self.__name__)
           ^^^^^^^^^^^^^^^^^^^^^^^^^^^^^^^^^^^^^^^^^^^^^^^^^^^^^^^^^
/home/zeus/miniconda3/envs/cloudspace/lib/python3.12/importlib/__init__.py:90: in import_module
    return _bootstrap._gcd_import(name[level:], package, level)
           ^^^^^^^^^^^^^^^^^^^^^^^^^^^^^^^^^^^^^^^^^^^^^^^^^^^^
/home/zeus/miniconda3/envs/cloudspace/lib/python3.12/site-packages/transformers/generation/utils.py:53: in <module>
    from .candidate_generator import (
/home/zeus/miniconda3/envs/cloudspace/lib/python3.12/site-packages/transformers/generation/candidate_generator.py:31: in <module>
    from sklearn.metrics import roc_curve
/home/zeus/miniconda3/envs/cloudspace/lib/python3.12/site-packages/sklearn/__init__.py:83: in <module>
    from .base import clone
/home/zeus/miniconda3/envs/cloudspace/lib/python3.12/site-packages/sklearn/base.py:19: in <module>
    from .utils import _IS_32BIT
/home/zeus/miniconda3/envs/cloudspace/lib/python3.12/site-packages/sklearn/utils/__init__.py:27: in <module>
    from .murmurhash import murmurhash3_32
_ _ _ _ _ _ _ _ _ _ _ _ _ _ _ _ _ _ _ _ _ _ _ _ _ _ _ _ _ _ _ _ _ _ _ _ _ _ _ _ 

>   ???
E   ValueError: numpy.dtype size changed, may indicate binary incompatibility. Expected 96 from C header, got 88 from PyObject

sklearn/utils/murmurhash.pyx:1: ValueError

The above exception was the direct cause of the following exception:

    @pytest.fixture(scope="module")
    def sd():
>       return SDWrapper(TINY)
               ^^^^^^^^^^^^^^^

tests/test_pipeline.py:43: 
_ _ _ _ _ _ _ _ _ _ _ _ _ _ _ _ _ _ _ _ _ _ _ _ _ _ _ _ _ _ _ _ _ _ _ _ _ _ _ _ 
src/models/sd.py:30: in __init__
    from diffusers import StableDiffusionPipeline
<frozen importlib._bootstrap>:1412: in _handle_fromlist
    ???
/home/zeus/miniconda3/envs/cloudspace/lib/python3.12/site-packages/diffusers/utils/import_utils.py:1043: in __getattr__
    value = getattr(module, name)
            ^^^^^^^^^^^^^^^^^^^^^
/home/zeus/miniconda3/envs/cloudspace/lib/python3.12/site-packages/diffusers/utils/import_utils.py:1043: in __getattr__
    value = getattr(module, name)
            ^^^^^^^^^^^^^^^^^^^^^
/home/zeus/miniconda3/envs/cloudspace/lib/python3.12/site-packages/diffusers/utils/import_utils.py:1042: in __getattr__
    module = self._get_module(self._class_to_module[name])
             ^^^^^^^^^^^^^^^^^^^^^^^^^^^^^^^^^^^^^^^^^^^^^
_ _ _ _ _ _ _ _ _ _ _ _ _ _ _ _ _ _ _ _ _ _ _ _ _ _ _ _ _ _ _ _ _ _ _ _ _ _ _ _ 

self = <module 'diffusers.pipelines.stable_diffusion' from '/home/zeus/miniconda3/envs/cloudspace/lib/python3.12/site-packages/diffusers/pipelines/stable_diffusion/__init__.py'>
module_name = 'pipeline_stable_diffusion'

    def _get_module(self, module_name: str):
        try:
            return importlib.import_module("." + module_name, self.__name__)
        except Exception as e:
>           raise RuntimeError(
                f"Failed to import {self.__name__}.{module_name} because of the following error (look up to see its"
                f" traceback):\n{e}"
            ) from e
E           RuntimeError: Failed to import diffusers.pipelines.stable_diffusion.pipeline_stable_diffusion because of the following error (look up to see its traceback):
E           numpy.dtype size changed, may indicate binary incompatibility. Expected 96 from C header, got 88 from PyObject

/home/zeus/miniconda3/envs/cloudspace/lib/python3.12/site-packages/diffusers/utils/import_utils.py:1054: RuntimeError
______________________ ERROR at setup of test_const排程每步相同 ______________________

self = <module 'diffusers.pipelines.stable_diffusion' from '/home/zeus/miniconda3/envs/cloudspace/lib/python3.12/site-packages/diffusers/pipelines/stable_diffusion/__init__.py'>
module_name = 'pipeline_stable_diffusion'

    def _get_module(self, module_name: str):
        try:
>           return importlib.import_module("." + module_name, self.__name__)
                   ^^^^^^^^^^^^^^^^^^^^^^^^^^^^^^^^^^^^^^^^^^^^^^^^^^^^^^^^^

/home/zeus/miniconda3/envs/cloudspace/lib/python3.12/site-packages/diffusers/utils/import_utils.py:1052: 
_ _ _ _ _ _ _ _ _ _ _ _ _ _ _ _ _ _ _ _ _ _ _ _ _ _ _ _ _ _ _ _ _ _ _ _ _ _ _ _ 
/home/zeus/miniconda3/envs/cloudspace/lib/python3.12/importlib/__init__.py:90: in import_module
    return _bootstrap._gcd_import(name[level:], package, level)
           ^^^^^^^^^^^^^^^^^^^^^^^^^^^^^^^^^^^^^^^^^^^^^^^^^^^^
/home/zeus/miniconda3/envs/cloudspace/lib/python3.12/site-packages/diffusers/pipelines/stable_diffusion/pipeline_stable_diffusion.py:19: in <module>
    from transformers import CLIPImageProcessor, CLIPTextModel, CLIPTokenizer, CLIPVisionModelWithProjection
/home/zeus/miniconda3/envs/cloudspace/lib/python3.12/site-packages/transformers/utils/import_utils.py:2342: in __getattr__
    module = self._get_module(self._class_to_module[name])
             ^^^^^^^^^^^^^^^^^^^^^^^^^^^^^^^^^^^^^^^^^^^^^
/home/zeus/miniconda3/envs/cloudspace/lib/python3.12/site-packages/transformers/utils/import_utils.py:2576: in _get_module
    raise e
/home/zeus/miniconda3/envs/cloudspace/lib/python3.12/site-packages/transformers/utils/import_utils.py:2574: in _get_module
    return importlib.import_module("." + module_name, self.__name__)
           ^^^^^^^^^^^^^^^^^^^^^^^^^^^^^^^^^^^^^^^^^^^^^^^^^^^^^^^^^
/home/zeus/miniconda3/envs/cloudspace/lib/python3.12/importlib/__init__.py:90: in import_module
    return _bootstrap._gcd_import(name[level:], package, level)
           ^^^^^^^^^^^^^^^^^^^^^^^^^^^^^^^^^^^^^^^^^^^^^^^^^^^^
/home/zeus/miniconda3/envs/cloudspace/lib/python3.12/site-packages/transformers/models/clip/image_processing_clip.py:22: in <module>
    @auto_docstring
     ^^^^^^^^^^^^^^
/home/zeus/miniconda3/envs/cloudspace/lib/python3.12/site-packages/transformers/utils/auto_docstring.py:4536: in auto_docstring
    return auto_docstring_decorator(obj)
           ^^^^^^^^^^^^^^^^^^^^^^^^^^^^^
/home/zeus/miniconda3/envs/cloudspace/lib/python3.12/site-packages/transformers/utils/auto_docstring.py:4533: in auto_docstring_decorator
    return auto_class_docstring(obj, custom_args=custom_args, custom_intro=custom_intro, checkpoint=checkpoint)
           ^^^^^^^^^^^^^^^^^^^^^^^^^^^^^^^^^^^^^^^^^^^^^^^^^^^^^^^^^^^^^^^^^^^^^^^^^^^^^^^^^^^^^^^^^^^^^^^^^^^^
/home/zeus/miniconda3/envs/cloudspace/lib/python3.12/site-packages/transformers/utils/auto_docstring.py:4279: in auto_class_docstring
    getattr(auto_module, PLACEHOLDER_TO_AUTO_MODULE["model_class"][0]),
    ^^^^^^^^^^^^^^^^^^^^^^^^^^^^^^^^^^^^^^^^^^^^^^^^^^^^^^^^^^^^^^^^^^
/home/zeus/miniconda3/envs/cloudspace/lib/python3.12/site-packages/transformers/utils/import_utils.py:2436: in __getattr__
    value = self._get_module(name)
            ^^^^^^^^^^^^^^^^^^^^^^
/home/zeus/miniconda3/envs/cloudspace/lib/python3.12/site-packages/transformers/utils/import_utils.py:2576: in _get_module
    raise e
/home/zeus/miniconda3/envs/cloudspace/lib/python3.12/site-packages/transformers/utils/import_utils.py:2574: in _get_module
    return importlib.import_module("." + module_name, self.__name__)
           ^^^^^^^^^^^^^^^^^^^^^^^^^^^^^^^^^^^^^^^^^^^^^^^^^^^^^^^^^
/home/zeus/miniconda3/envs/cloudspace/lib/python3.12/importlib/__init__.py:90: in import_module
    return _bootstrap._gcd_import(name[level:], package, level)
           ^^^^^^^^^^^^^^^^^^^^^^^^^^^^^^^^^^^^^^^^^^^^^^^^^^^^
/home/zeus/miniconda3/envs/cloudspace/lib/python3.12/site-packages/transformers/models/auto/modeling_auto.py:21: in <module>
    from .auto_factory import (
/home/zeus/miniconda3/envs/cloudspace/lib/python3.12/site-packages/transformers/models/auto/auto_factory.py:42: in <module>
    from ...generation import GenerationMixin
/home/zeus/miniconda3/envs/cloudspace/lib/python3.12/site-packages/transformers/utils/import_utils.py:2342: in __getattr__
    module = self._get_module(self._class_to_module[name])
             ^^^^^^^^^^^^^^^^^^^^^^^^^^^^^^^^^^^^^^^^^^^^^
/home/zeus/miniconda3/envs/cloudspace/lib/python3.12/site-packages/transformers/utils/import_utils.py:2576: in _get_module
    raise e
/home/zeus/miniconda3/envs/cloudspace/lib/python3.12/site-packages/transformers/utils/import_utils.py:2574: in _get_module
    return importlib.import_module("." + module_name, self.__name__)
           ^^^^^^^^^^^^^^^^^^^^^^^^^^^^^^^^^^^^^^^^^^^^^^^^^^^^^^^^^
/home/zeus/miniconda3/envs/cloudspace/lib/python3.12/importlib/__init__.py:90: in import_module
    return _bootstrap._gcd_import(name[level:], package, level)
           ^^^^^^^^^^^^^^^^^^^^^^^^^^^^^^^^^^^^^^^^^^^^^^^^^^^^
/home/zeus/miniconda3/envs/cloudspace/lib/python3.12/site-packages/transformers/generation/utils.py:53: in <module>
    from .candidate_generator import (
/home/zeus/miniconda3/envs/cloudspace/lib/python3.12/site-packages/transformers/generation/candidate_generator.py:31: in <module>
    from sklearn.metrics import roc_curve
/home/zeus/miniconda3/envs/cloudspace/lib/python3.12/site-packages/sklearn/__init__.py:83: in <module>
    from .base import clone
/home/zeus/miniconda3/envs/cloudspace/lib/python3.12/site-packages/sklearn/base.py:19: in <module>
    from .utils import _IS_32BIT
/home/zeus/miniconda3/envs/cloudspace/lib/python3.12/site-packages/sklearn/utils/__init__.py:27: in <module>
    from .murmurhash import murmurhash3_32
_ _ _ _ _ _ _ _ _ _ _ _ _ _ _ _ _ _ _ _ _ _ _ _ _ _ _ _ _ _ _ _ _ _ _ _ _ _ _ _ 

>   ???
E   ValueError: numpy.dtype size changed, may indicate binary incompatibility. Expected 96 from C header, got 88 from PyObject

sklearn/utils/murmurhash.pyx:1: ValueError

The above exception was the direct cause of the following exception:

    @pytest.fixture(scope="module")
    def sd():
>       return SDWrapper(TINY)
               ^^^^^^^^^^^^^^^

tests/test_pipeline.py:43: 
_ _ _ _ _ _ _ _ _ _ _ _ _ _ _ _ _ _ _ _ _ _ _ _ _ _ _ _ _ _ _ _ _ _ _ _ _ _ _ _ 
src/models/sd.py:30: in __init__
    from diffusers import StableDiffusionPipeline
<frozen importlib._bootstrap>:1412: in _handle_fromlist
    ???
/home/zeus/miniconda3/envs/cloudspace/lib/python3.12/site-packages/diffusers/utils/import_utils.py:1043: in __getattr__
    value = getattr(module, name)
            ^^^^^^^^^^^^^^^^^^^^^
/home/zeus/miniconda3/envs/cloudspace/lib/python3.12/site-packages/diffusers/utils/import_utils.py:1043: in __getattr__
    value = getattr(module, name)
            ^^^^^^^^^^^^^^^^^^^^^
/home/zeus/miniconda3/envs/cloudspace/lib/python3.12/site-packages/diffusers/utils/import_utils.py:1042: in __getattr__
    module = self._get_module(self._class_to_module[name])
             ^^^^^^^^^^^^^^^^^^^^^^^^^^^^^^^^^^^^^^^^^^^^^
_ _ _ _ _ _ _ _ _ _ _ _ _ _ _ _ _ _ _ _ _ _ _ _ _ _ _ _ _ _ _ _ _ _ _ _ _ _ _ _ 

self = <module 'diffusers.pipelines.stable_diffusion' from '/home/zeus/miniconda3/envs/cloudspace/lib/python3.12/site-packages/diffusers/pipelines/stable_diffusion/__init__.py'>
module_name = 'pipeline_stable_diffusion'

    def _get_module(self, module_name: str):
        try:
            return importlib.import_module("." + module_name, self.__name__)
        except Exception as e:
>           raise RuntimeError(
                f"Failed to import {self.__name__}.{module_name} because of the following error (look up to see its"
                f" traceback):\n{e}"
            ) from e
E           RuntimeError: Failed to import diffusers.pipelines.stable_diffusion.pipeline_stable_diffusion because of the following error (look up to see its traceback):
E           numpy.dtype size changed, may indicate binary incompatibility. Expected 96 from C header, got 88 from PyObject

/home/zeus/miniconda3/envs/cloudspace/lib/python3.12/site-packages/diffusers/utils/import_utils.py:1054: RuntimeError
____________________ ERROR at setup of test_階段一會改變phi且記錄每一步 ____________________

self = <module 'diffusers.pipelines.stable_diffusion' from '/home/zeus/miniconda3/envs/cloudspace/lib/python3.12/site-packages/diffusers/pipelines/stable_diffusion/__init__.py'>
module_name = 'pipeline_stable_diffusion'

    def _get_module(self, module_name: str):
        try:
>           return importlib.import_module("." + module_name, self.__name__)
                   ^^^^^^^^^^^^^^^^^^^^^^^^^^^^^^^^^^^^^^^^^^^^^^^^^^^^^^^^^

/home/zeus/miniconda3/envs/cloudspace/lib/python3.12/site-packages/diffusers/utils/import_utils.py:1052: 
_ _ _ _ _ _ _ _ _ _ _ _ _ _ _ _ _ _ _ _ _ _ _ _ _ _ _ _ _ _ _ _ _ _ _ _ _ _ _ _ 
/home/zeus/miniconda3/envs/cloudspace/lib/python3.12/importlib/__init__.py:90: in import_module
    return _bootstrap._gcd_import(name[level:], package, level)
           ^^^^^^^^^^^^^^^^^^^^^^^^^^^^^^^^^^^^^^^^^^^^^^^^^^^^
/home/zeus/miniconda3/envs/cloudspace/lib/python3.12/site-packages/diffusers/pipelines/stable_diffusion/pipeline_stable_diffusion.py:19: in <module>
    from transformers import CLIPImageProcessor, CLIPTextModel, CLIPTokenizer, CLIPVisionModelWithProjection
/home/zeus/miniconda3/envs/cloudspace/lib/python3.12/site-packages/transformers/utils/import_utils.py:2342: in __getattr__
    module = self._get_module(self._class_to_module[name])
             ^^^^^^^^^^^^^^^^^^^^^^^^^^^^^^^^^^^^^^^^^^^^^
/home/zeus/miniconda3/envs/cloudspace/lib/python3.12/site-packages/transformers/utils/import_utils.py:2576: in _get_module
    raise e
/home/zeus/miniconda3/envs/cloudspace/lib/python3.12/site-packages/transformers/utils/import_utils.py:2574: in _get_module
    return importlib.import_module("." + module_name, self.__name__)
           ^^^^^^^^^^^^^^^^^^^^^^^^^^^^^^^^^^^^^^^^^^^^^^^^^^^^^^^^^
/home/zeus/miniconda3/envs/cloudspace/lib/python3.12/importlib/__init__.py:90: in import_module
    return _bootstrap._gcd_import(name[level:], package, level)
           ^^^^^^^^^^^^^^^^^^^^^^^^^^^^^^^^^^^^^^^^^^^^^^^^^^^^
/home/zeus/miniconda3/envs/cloudspace/lib/python3.12/site-packages/transformers/models/clip/image_processing_clip.py:22: in <module>
    @auto_docstring
     ^^^^^^^^^^^^^^
/home/zeus/miniconda3/envs/cloudspace/lib/python3.12/site-packages/transformers/utils/auto_docstring.py:4536: in auto_docstring
    return auto_docstring_decorator(obj)
           ^^^^^^^^^^^^^^^^^^^^^^^^^^^^^
/home/zeus/miniconda3/envs/cloudspace/lib/python3.12/site-packages/transformers/utils/auto_docstring.py:4533: in auto_docstring_decorator
    return auto_class_docstring(obj, custom_args=custom_args, custom_intro=custom_intro, checkpoint=checkpoint)
           ^^^^^^^^^^^^^^^^^^^^^^^^^^^^^^^^^^^^^^^^^^^^^^^^^^^^^^^^^^^^^^^^^^^^^^^^^^^^^^^^^^^^^^^^^^^^^^^^^^^^
/home/zeus/miniconda3/envs/cloudspace/lib/python3.12/site-packages/transformers/utils/auto_docstring.py:4279: in auto_class_docstring
    getattr(auto_module, PLACEHOLDER_TO_AUTO_MODULE["model_class"][0]),
    ^^^^^^^^^^^^^^^^^^^^^^^^^^^^^^^^^^^^^^^^^^^^^^^^^^^^^^^^^^^^^^^^^^
/home/zeus/miniconda3/envs/cloudspace/lib/python3.12/site-packages/transformers/utils/import_utils.py:2436: in __getattr__
    value = self._get_module(name)
            ^^^^^^^^^^^^^^^^^^^^^^
/home/zeus/miniconda3/envs/cloudspace/lib/python3.12/site-packages/transformers/utils/import_utils.py:2576: in _get_module
    raise e
/home/zeus/miniconda3/envs/cloudspace/lib/python3.12/site-packages/transformers/utils/import_utils.py:2574: in _get_module
    return importlib.import_module("." + module_name, self.__name__)
           ^^^^^^^^^^^^^^^^^^^^^^^^^^^^^^^^^^^^^^^^^^^^^^^^^^^^^^^^^
/home/zeus/miniconda3/envs/cloudspace/lib/python3.12/importlib/__init__.py:90: in import_module
    return _bootstrap._gcd_import(name[level:], package, level)
           ^^^^^^^^^^^^^^^^^^^^^^^^^^^^^^^^^^^^^^^^^^^^^^^^^^^^
/home/zeus/miniconda3/envs/cloudspace/lib/python3.12/site-packages/transformers/models/auto/modeling_auto.py:21: in <module>
    from .auto_factory import (
/home/zeus/miniconda3/envs/cloudspace/lib/python3.12/site-packages/transformers/models/auto/auto_factory.py:42: in <module>
    from ...generation import GenerationMixin
/home/zeus/miniconda3/envs/cloudspace/lib/python3.12/site-packages/transformers/utils/import_utils.py:2342: in __getattr__
    module = self._get_module(self._class_to_module[name])
             ^^^^^^^^^^^^^^^^^^^^^^^^^^^^^^^^^^^^^^^^^^^^^
/home/zeus/miniconda3/envs/cloudspace/lib/python3.12/site-packages/transformers/utils/import_utils.py:2576: in _get_module
    raise e
/home/zeus/miniconda3/envs/cloudspace/lib/python3.12/site-packages/transformers/utils/import_utils.py:2574: in _get_module
    return importlib.import_module("." + module_name, self.__name__)
           ^^^^^^^^^^^^^^^^^^^^^^^^^^^^^^^^^^^^^^^^^^^^^^^^^^^^^^^^^
/home/zeus/miniconda3/envs/cloudspace/lib/python3.12/importlib/__init__.py:90: in import_module
    return _bootstrap._gcd_import(name[level:], package, level)
           ^^^^^^^^^^^^^^^^^^^^^^^^^^^^^^^^^^^^^^^^^^^^^^^^^^^^
/home/zeus/miniconda3/envs/cloudspace/lib/python3.12/site-packages/transformers/generation/utils.py:53: in <module>
    from .candidate_generator import (
/home/zeus/miniconda3/envs/cloudspace/lib/python3.12/site-packages/transformers/generation/candidate_generator.py:31: in <module>
    from sklearn.metrics import roc_curve
/home/zeus/miniconda3/envs/cloudspace/lib/python3.12/site-packages/sklearn/__init__.py:83: in <module>
    from .base import clone
/home/zeus/miniconda3/envs/cloudspace/lib/python3.12/site-packages/sklearn/base.py:19: in <module>
    from .utils import _IS_32BIT
/home/zeus/miniconda3/envs/cloudspace/lib/python3.12/site-packages/sklearn/utils/__init__.py:27: in <module>
    from .murmurhash import murmurhash3_32
_ _ _ _ _ _ _ _ _ _ _ _ _ _ _ _ _ _ _ _ _ _ _ _ _ _ _ _ _ _ _ _ _ _ _ _ _ _ _ _ 

>   ???
E   ValueError: numpy.dtype size changed, may indicate binary incompatibility. Expected 96 from C header, got 88 from PyObject

sklearn/utils/murmurhash.pyx:1: ValueError

The above exception was the direct cause of the following exception:

    @pytest.fixture(scope="module")
    def sd():
>       return SDWrapper(TINY)
               ^^^^^^^^^^^^^^^

tests/test_pipeline.py:43: 
_ _ _ _ _ _ _ _ _ _ _ _ _ _ _ _ _ _ _ _ _ _ _ _ _ _ _ _ _ _ _ _ _ _ _ _ _ _ _ _ 
src/models/sd.py:30: in __init__
    from diffusers import StableDiffusionPipeline
<frozen importlib._bootstrap>:1412: in _handle_fromlist
    ???
/home/zeus/miniconda3/envs/cloudspace/lib/python3.12/site-packages/diffusers/utils/import_utils.py:1043: in __getattr__
    value = getattr(module, name)
            ^^^^^^^^^^^^^^^^^^^^^
/home/zeus/miniconda3/envs/cloudspace/lib/python3.12/site-packages/diffusers/utils/import_utils.py:1043: in __getattr__
    value = getattr(module, name)
            ^^^^^^^^^^^^^^^^^^^^^
/home/zeus/miniconda3/envs/cloudspace/lib/python3.12/site-packages/diffusers/utils/import_utils.py:1042: in __getattr__
    module = self._get_module(self._class_to_module[name])
             ^^^^^^^^^^^^^^^^^^^^^^^^^^^^^^^^^^^^^^^^^^^^^
_ _ _ _ _ _ _ _ _ _ _ _ _ _ _ _ _ _ _ _ _ _ _ _ _ _ _ _ _ _ _ _ _ _ _ _ _ _ _ _ 

self = <module 'diffusers.pipelines.stable_diffusion' from '/home/zeus/miniconda3/envs/cloudspace/lib/python3.12/site-packages/diffusers/pipelines/stable_diffusion/__init__.py'>
module_name = 'pipeline_stable_diffusion'

    def _get_module(self, module_name: str):
        try:
            return importlib.import_module("." + module_name, self.__name__)
        except Exception as e:
>           raise RuntimeError(
                f"Failed to import {self.__name__}.{module_name} because of the following error (look up to see its"
                f" traceback):\n{e}"
            ) from e
E           RuntimeError: Failed to import diffusers.pipelines.stable_diffusion.pipeline_stable_diffusion because of the following error (look up to see its traceback):
E           numpy.dtype size changed, may indicate binary incompatibility. Expected 96 from C header, got 88 from PyObject

/home/zeus/miniconda3/envs/cloudspace/lib/python3.12/site-packages/diffusers/utils/import_utils.py:1054: RuntimeError
____________________ ERROR at setup of test_階段一後保真基準改為對齊結果 _____________________

self = <module 'diffusers.pipelines.stable_diffusion' from '/home/zeus/miniconda3/envs/cloudspace/lib/python3.12/site-packages/diffusers/pipelines/stable_diffusion/__init__.py'>
module_name = 'pipeline_stable_diffusion'

    def _get_module(self, module_name: str):
        try:
>           return importlib.import_module("." + module_name, self.__name__)
                   ^^^^^^^^^^^^^^^^^^^^^^^^^^^^^^^^^^^^^^^^^^^^^^^^^^^^^^^^^

/home/zeus/miniconda3/envs/cloudspace/lib/python3.12/site-packages/diffusers/utils/import_utils.py:1052: 
_ _ _ _ _ _ _ _ _ _ _ _ _ _ _ _ _ _ _ _ _ _ _ _ _ _ _ _ _ _ _ _ _ _ _ _ _ _ _ _ 
/home/zeus/miniconda3/envs/cloudspace/lib/python3.12/importlib/__init__.py:90: in import_module
    return _bootstrap._gcd_import(name[level:], package, level)
           ^^^^^^^^^^^^^^^^^^^^^^^^^^^^^^^^^^^^^^^^^^^^^^^^^^^^
/home/zeus/miniconda3/envs/cloudspace/lib/python3.12/site-packages/diffusers/pipelines/stable_diffusion/pipeline_stable_diffusion.py:19: in <module>
    from transformers import CLIPImageProcessor, CLIPTextModel, CLIPTokenizer, CLIPVisionModelWithProjection
/home/zeus/miniconda3/envs/cloudspace/lib/python3.12/site-packages/transformers/utils/import_utils.py:2342: in __getattr__
    module = self._get_module(self._class_to_module[name])
             ^^^^^^^^^^^^^^^^^^^^^^^^^^^^^^^^^^^^^^^^^^^^^
/home/zeus/miniconda3/envs/cloudspace/lib/python3.12/site-packages/transformers/utils/import_utils.py:2576: in _get_module
    raise e
/home/zeus/miniconda3/envs/cloudspace/lib/python3.12/site-packages/transformers/utils/import_utils.py:2574: in _get_module
    return importlib.import_module("." + module_name, self.__name__)
           ^^^^^^^^^^^^^^^^^^^^^^^^^^^^^^^^^^^^^^^^^^^^^^^^^^^^^^^^^
/home/zeus/miniconda3/envs/cloudspace/lib/python3.12/importlib/__init__.py:90: in import_module
    return _bootstrap._gcd_import(name[level:], package, level)
           ^^^^^^^^^^^^^^^^^^^^^^^^^^^^^^^^^^^^^^^^^^^^^^^^^^^^
/home/zeus/miniconda3/envs/cloudspace/lib/python3.12/site-packages/transformers/models/clip/image_processing_clip.py:22: in <module>
    @auto_docstring
     ^^^^^^^^^^^^^^
/home/zeus/miniconda3/envs/cloudspace/lib/python3.12/site-packages/transformers/utils/auto_docstring.py:4536: in auto_docstring
    return auto_docstring_decorator(obj)
           ^^^^^^^^^^^^^^^^^^^^^^^^^^^^^
/home/zeus/miniconda3/envs/cloudspace/lib/python3.12/site-packages/transformers/utils/auto_docstring.py:4533: in auto_docstring_decorator
    return auto_class_docstring(obj, custom_args=custom_args, custom_intro=custom_intro, checkpoint=checkpoint)
           ^^^^^^^^^^^^^^^^^^^^^^^^^^^^^^^^^^^^^^^^^^^^^^^^^^^^^^^^^^^^^^^^^^^^^^^^^^^^^^^^^^^^^^^^^^^^^^^^^^^^
/home/zeus/miniconda3/envs/cloudspace/lib/python3.12/site-packages/transformers/utils/auto_docstring.py:4279: in auto_class_docstring
    getattr(auto_module, PLACEHOLDER_TO_AUTO_MODULE["model_class"][0]),
    ^^^^^^^^^^^^^^^^^^^^^^^^^^^^^^^^^^^^^^^^^^^^^^^^^^^^^^^^^^^^^^^^^^
/home/zeus/miniconda3/envs/cloudspace/lib/python3.12/site-packages/transformers/utils/import_utils.py:2436: in __getattr__
    value = self._get_module(name)
            ^^^^^^^^^^^^^^^^^^^^^^
/home/zeus/miniconda3/envs/cloudspace/lib/python3.12/site-packages/transformers/utils/import_utils.py:2576: in _get_module
    raise e
/home/zeus/miniconda3/envs/cloudspace/lib/python3.12/site-packages/transformers/utils/import_utils.py:2574: in _get_module
    return importlib.import_module("." + module_name, self.__name__)
           ^^^^^^^^^^^^^^^^^^^^^^^^^^^^^^^^^^^^^^^^^^^^^^^^^^^^^^^^^
/home/zeus/miniconda3/envs/cloudspace/lib/python3.12/importlib/__init__.py:90: in import_module
    return _bootstrap._gcd_import(name[level:], package, level)
           ^^^^^^^^^^^^^^^^^^^^^^^^^^^^^^^^^^^^^^^^^^^^^^^^^^^^
/home/zeus/miniconda3/envs/cloudspace/lib/python3.12/site-packages/transformers/models/auto/modeling_auto.py:21: in <module>
    from .auto_factory import (
/home/zeus/miniconda3/envs/cloudspace/lib/python3.12/site-packages/transformers/models/auto/auto_factory.py:42: in <module>
    from ...generation import GenerationMixin
/home/zeus/miniconda3/envs/cloudspace/lib/python3.12/site-packages/transformers/utils/import_utils.py:2342: in __getattr__
    module = self._get_module(self._class_to_module[name])
             ^^^^^^^^^^^^^^^^^^^^^^^^^^^^^^^^^^^^^^^^^^^^^
/home/zeus/miniconda3/envs/cloudspace/lib/python3.12/site-packages/transformers/utils/import_utils.py:2576: in _get_module
    raise e
/home/zeus/miniconda3/envs/cloudspace/lib/python3.12/site-packages/transformers/utils/import_utils.py:2574: in _get_module
    return importlib.import_module("." + module_name, self.__name__)
           ^^^^^^^^^^^^^^^^^^^^^^^^^^^^^^^^^^^^^^^^^^^^^^^^^^^^^^^^^
/home/zeus/miniconda3/envs/cloudspace/lib/python3.12/importlib/__init__.py:90: in import_module
    return _bootstrap._gcd_import(name[level:], package, level)
           ^^^^^^^^^^^^^^^^^^^^^^^^^^^^^^^^^^^^^^^^^^^^^^^^^^^^
/home/zeus/miniconda3/envs/cloudspace/lib/python3.12/site-packages/transformers/generation/utils.py:53: in <module>
    from .candidate_generator import (
/home/zeus/miniconda3/envs/cloudspace/lib/python3.12/site-packages/transformers/generation/candidate_generator.py:31: in <module>
    from sklearn.metrics import roc_curve
/home/zeus/miniconda3/envs/cloudspace/lib/python3.12/site-packages/sklearn/__init__.py:83: in <module>
    from .base import clone
/home/zeus/miniconda3/envs/cloudspace/lib/python3.12/site-packages/sklearn/base.py:19: in <module>
    from .utils import _IS_32BIT
/home/zeus/miniconda3/envs/cloudspace/lib/python3.12/site-packages/sklearn/utils/__init__.py:27: in <module>
    from .murmurhash import murmurhash3_32
_ _ _ _ _ _ _ _ _ _ _ _ _ _ _ _ _ _ _ _ _ _ _ _ _ _ _ _ _ _ _ _ _ _ _ _ _ _ _ _ 

>   ???
E   ValueError: numpy.dtype size changed, may indicate binary incompatibility. Expected 96 from C header, got 88 from PyObject

sklearn/utils/murmurhash.pyx:1: ValueError

The above exception was the direct cause of the following exception:

    @pytest.fixture(scope="module")
    def sd():
>       return SDWrapper(TINY)
               ^^^^^^^^^^^^^^^

tests/test_pipeline.py:43: 
_ _ _ _ _ _ _ _ _ _ _ _ _ _ _ _ _ _ _ _ _ _ _ _ _ _ _ _ _ _ _ _ _ _ _ _ _ _ _ _ 
src/models/sd.py:30: in __init__
    from diffusers import StableDiffusionPipeline
<frozen importlib._bootstrap>:1412: in _handle_fromlist
    ???
/home/zeus/miniconda3/envs/cloudspace/lib/python3.12/site-packages/diffusers/utils/import_utils.py:1043: in __getattr__
    value = getattr(module, name)
            ^^^^^^^^^^^^^^^^^^^^^
/home/zeus/miniconda3/envs/cloudspace/lib/python3.12/site-packages/diffusers/utils/import_utils.py:1043: in __getattr__
    value = getattr(module, name)
            ^^^^^^^^^^^^^^^^^^^^^
/home/zeus/miniconda3/envs/cloudspace/lib/python3.12/site-packages/diffusers/utils/import_utils.py:1042: in __getattr__
    module = self._get_module(self._class_to_module[name])
             ^^^^^^^^^^^^^^^^^^^^^^^^^^^^^^^^^^^^^^^^^^^^^
_ _ _ _ _ _ _ _ _ _ _ _ _ _ _ _ _ _ _ _ _ _ _ _ _ _ _ _ _ _ _ _ _ _ _ _ _ _ _ _ 

self = <module 'diffusers.pipelines.stable_diffusion' from '/home/zeus/miniconda3/envs/cloudspace/lib/python3.12/site-packages/diffusers/pipelines/stable_diffusion/__init__.py'>
module_name = 'pipeline_stable_diffusion'

    def _get_module(self, module_name: str):
        try:
            return importlib.import_module("." + module_name, self.__name__)
        except Exception as e:
>           raise RuntimeError(
                f"Failed to import {self.__name__}.{module_name} because of the following error (look up to see its"
                f" traceback):\n{e}"
            ) from e
E           RuntimeError: Failed to import diffusers.pipelines.stable_diffusion.pipeline_stable_diffusion because of the following error (look up to see its traceback):
E           numpy.dtype size changed, may indicate binary incompatibility. Expected 96 from C header, got 88 from PyObject

/home/zeus/miniconda3/envs/cloudspace/lib/python3.12/site-packages/diffusers/utils/import_utils.py:1054: RuntimeError
______________________ ERROR at setup of test_無重建誤差時略過階段一 ______________________

self = <module 'diffusers.pipelines.stable_diffusion' from '/home/zeus/miniconda3/envs/cloudspace/lib/python3.12/site-packages/diffusers/pipelines/stable_diffusion/__init__.py'>
module_name = 'pipeline_stable_diffusion'

    def _get_module(self, module_name: str):
        try:
>           return importlib.import_module("." + module_name, self.__name__)
                   ^^^^^^^^^^^^^^^^^^^^^^^^^^^^^^^^^^^^^^^^^^^^^^^^^^^^^^^^^

/home/zeus/miniconda3/envs/cloudspace/lib/python3.12/site-packages/diffusers/utils/import_utils.py:1052: 
_ _ _ _ _ _ _ _ _ _ _ _ _ _ _ _ _ _ _ _ _ _ _ _ _ _ _ _ _ _ _ _ _ _ _ _ _ _ _ _ 
/home/zeus/miniconda3/envs/cloudspace/lib/python3.12/importlib/__init__.py:90: in import_module
    return _bootstrap._gcd_import(name[level:], package, level)
           ^^^^^^^^^^^^^^^^^^^^^^^^^^^^^^^^^^^^^^^^^^^^^^^^^^^^
/home/zeus/miniconda3/envs/cloudspace/lib/python3.12/site-packages/diffusers/pipelines/stable_diffusion/pipeline_stable_diffusion.py:19: in <module>
    from transformers import CLIPImageProcessor, CLIPTextModel, CLIPTokenizer, CLIPVisionModelWithProjection
/home/zeus/miniconda3/envs/cloudspace/lib/python3.12/site-packages/transformers/utils/import_utils.py:2342: in __getattr__
    module = self._get_module(self._class_to_module[name])
             ^^^^^^^^^^^^^^^^^^^^^^^^^^^^^^^^^^^^^^^^^^^^^
/home/zeus/miniconda3/envs/cloudspace/lib/python3.12/site-packages/transformers/utils/import_utils.py:2576: in _get_module
    raise e
/home/zeus/miniconda3/envs/cloudspace/lib/python3.12/site-packages/transformers/utils/import_utils.py:2574: in _get_module
    return importlib.import_module("." + module_name, self.__name__)
           ^^^^^^^^^^^^^^^^^^^^^^^^^^^^^^^^^^^^^^^^^^^^^^^^^^^^^^^^^
/home/zeus/miniconda3/envs/cloudspace/lib/python3.12/importlib/__init__.py:90: in import_module
    return _bootstrap._gcd_import(name[level:], package, level)
           ^^^^^^^^^^^^^^^^^^^^^^^^^^^^^^^^^^^^^^^^^^^^^^^^^^^^
/home/zeus/miniconda3/envs/cloudspace/lib/python3.12/site-packages/transformers/models/clip/image_processing_clip.py:22: in <module>
    @auto_docstring
     ^^^^^^^^^^^^^^
/home/zeus/miniconda3/envs/cloudspace/lib/python3.12/site-packages/transformers/utils/auto_docstring.py:4536: in auto_docstring
    return auto_docstring_decorator(obj)
           ^^^^^^^^^^^^^^^^^^^^^^^^^^^^^
/home/zeus/miniconda3/envs/cloudspace/lib/python3.12/site-packages/transformers/utils/auto_docstring.py:4533: in auto_docstring_decorator
    return auto_class_docstring(obj, custom_args=custom_args, custom_intro=custom_intro, checkpoint=checkpoint)
           ^^^^^^^^^^^^^^^^^^^^^^^^^^^^^^^^^^^^^^^^^^^^^^^^^^^^^^^^^^^^^^^^^^^^^^^^^^^^^^^^^^^^^^^^^^^^^^^^^^^^
/home/zeus/miniconda3/envs/cloudspace/lib/python3.12/site-packages/transformers/utils/auto_docstring.py:4279: in auto_class_docstring
    getattr(auto_module, PLACEHOLDER_TO_AUTO_MODULE["model_class"][0]),
    ^^^^^^^^^^^^^^^^^^^^^^^^^^^^^^^^^^^^^^^^^^^^^^^^^^^^^^^^^^^^^^^^^^
/home/zeus/miniconda3/envs/cloudspace/lib/python3.12/site-packages/transformers/utils/import_utils.py:2436: in __getattr__
    value = self._get_module(name)
            ^^^^^^^^^^^^^^^^^^^^^^
/home/zeus/miniconda3/envs/cloudspace/lib/python3.12/site-packages/transformers/utils/import_utils.py:2576: in _get_module
    raise e
/home/zeus/miniconda3/envs/cloudspace/lib/python3.12/site-packages/transformers/utils/import_utils.py:2574: in _get_module
    return importlib.import_module("." + module_name, self.__name__)
           ^^^^^^^^^^^^^^^^^^^^^^^^^^^^^^^^^^^^^^^^^^^^^^^^^^^^^^^^^
/home/zeus/miniconda3/envs/cloudspace/lib/python3.12/importlib/__init__.py:90: in import_module
    return _bootstrap._gcd_import(name[level:], package, level)
           ^^^^^^^^^^^^^^^^^^^^^^^^^^^^^^^^^^^^^^^^^^^^^^^^^^^^
/home/zeus/miniconda3/envs/cloudspace/lib/python3.12/site-packages/transformers/models/auto/modeling_auto.py:21: in <module>
    from .auto_factory import (
/home/zeus/miniconda3/envs/cloudspace/lib/python3.12/site-packages/transformers/models/auto/auto_factory.py:42: in <module>
    from ...generation import GenerationMixin
/home/zeus/miniconda3/envs/cloudspace/lib/python3.12/site-packages/transformers/utils/import_utils.py:2342: in __getattr__
    module = self._get_module(self._class_to_module[name])
             ^^^^^^^^^^^^^^^^^^^^^^^^^^^^^^^^^^^^^^^^^^^^^
/home/zeus/miniconda3/envs/cloudspace/lib/python3.12/site-packages/transformers/utils/import_utils.py:2576: in _get_module
    raise e
/home/zeus/miniconda3/envs/cloudspace/lib/python3.12/site-packages/transformers/utils/import_utils.py:2574: in _get_module
    return importlib.import_module("." + module_name, self.__name__)
           ^^^^^^^^^^^^^^^^^^^^^^^^^^^^^^^^^^^^^^^^^^^^^^^^^^^^^^^^^
/home/zeus/miniconda3/envs/cloudspace/lib/python3.12/importlib/__init__.py:90: in import_module
    return _bootstrap._gcd_import(name[level:], package, level)
           ^^^^^^^^^^^^^^^^^^^^^^^^^^^^^^^^^^^^^^^^^^^^^^^^^^^^
/home/zeus/miniconda3/envs/cloudspace/lib/python3.12/site-packages/transformers/generation/utils.py:53: in <module>
    from .candidate_generator import (
/home/zeus/miniconda3/envs/cloudspace/lib/python3.12/site-packages/transformers/generation/candidate_generator.py:31: in <module>
    from sklearn.metrics import roc_curve
/home/zeus/miniconda3/envs/cloudspace/lib/python3.12/site-packages/sklearn/__init__.py:83: in <module>
    from .base import clone
/home/zeus/miniconda3/envs/cloudspace/lib/python3.12/site-packages/sklearn/base.py:19: in <module>
    from .utils import _IS_32BIT
/home/zeus/miniconda3/envs/cloudspace/lib/python3.12/site-packages/sklearn/utils/__init__.py:27: in <module>
    from .murmurhash import murmurhash3_32
_ _ _ _ _ _ _ _ _ _ _ _ _ _ _ _ _ _ _ _ _ _ _ _ _ _ _ _ _ _ _ _ _ _ _ _ _ _ _ _ 

>   ???
E   ValueError: numpy.dtype size changed, may indicate binary incompatibility. Expected 96 from C header, got 88 from PyObject

sklearn/utils/murmurhash.pyx:1: ValueError

The above exception was the direct cause of the following exception:

    @pytest.fixture(scope="module")
    def sd():
>       return SDWrapper(TINY)
               ^^^^^^^^^^^^^^^

tests/test_pipeline.py:43: 
_ _ _ _ _ _ _ _ _ _ _ _ _ _ _ _ _ _ _ _ _ _ _ _ _ _ _ _ _ _ _ _ _ _ _ _ _ _ _ _ 
src/models/sd.py:30: in __init__
    from diffusers import StableDiffusionPipeline
<frozen importlib._bootstrap>:1412: in _handle_fromlist
    ???
/home/zeus/miniconda3/envs/cloudspace/lib/python3.12/site-packages/diffusers/utils/import_utils.py:1043: in __getattr__
    value = getattr(module, name)
            ^^^^^^^^^^^^^^^^^^^^^
/home/zeus/miniconda3/envs/cloudspace/lib/python3.12/site-packages/diffusers/utils/import_utils.py:1043: in __getattr__
    value = getattr(module, name)
            ^^^^^^^^^^^^^^^^^^^^^
/home/zeus/miniconda3/envs/cloudspace/lib/python3.12/site-packages/diffusers/utils/import_utils.py:1042: in __getattr__
    module = self._get_module(self._class_to_module[name])
             ^^^^^^^^^^^^^^^^^^^^^^^^^^^^^^^^^^^^^^^^^^^^^
_ _ _ _ _ _ _ _ _ _ _ _ _ _ _ _ _ _ _ _ _ _ _ _ _ _ _ _ _ _ _ _ _ _ _ _ _ _ _ _ 

self = <module 'diffusers.pipelines.stable_diffusion' from '/home/zeus/miniconda3/envs/cloudspace/lib/python3.12/site-packages/diffusers/pipelines/stable_diffusion/__init__.py'>
module_name = 'pipeline_stable_diffusion'

    def _get_module(self, module_name: str):
        try:
            return importlib.import_module("." + module_name, self.__name__)
        except Exception as e:
>           raise RuntimeError(
                f"Failed to import {self.__name__}.{module_name} because of the following error (look up to see its"
                f" traceback):\n{e}"
            ) from e
E           RuntimeError: Failed to import diffusers.pipelines.stable_diffusion.pipeline_stable_diffusion because of the following error (look up to see its traceback):
E           numpy.dtype size changed, may indicate binary incompatibility. Expected 96 from C header, got 88 from PyObject

/home/zeus/miniconda3/envs/cloudspace/lib/python3.12/site-packages/diffusers/utils/import_utils.py:1054: RuntimeError
__________________ ERROR at setup of test_像素側模塊不因site名稱而走錯路徑 ___________________

self = <module 'diffusers.pipelines.stable_diffusion' from '/home/zeus/miniconda3/envs/cloudspace/lib/python3.12/site-packages/diffusers/pipelines/stable_diffusion/__init__.py'>
module_name = 'pipeline_stable_diffusion'

    def _get_module(self, module_name: str):
        try:
>           return importlib.import_module("." + module_name, self.__name__)
                   ^^^^^^^^^^^^^^^^^^^^^^^^^^^^^^^^^^^^^^^^^^^^^^^^^^^^^^^^^

/home/zeus/miniconda3/envs/cloudspace/lib/python3.12/site-packages/diffusers/utils/import_utils.py:1052: 
_ _ _ _ _ _ _ _ _ _ _ _ _ _ _ _ _ _ _ _ _ _ _ _ _ _ _ _ _ _ _ _ _ _ _ _ _ _ _ _ 
/home/zeus/miniconda3/envs/cloudspace/lib/python3.12/importlib/__init__.py:90: in import_module
    return _bootstrap._gcd_import(name[level:], package, level)
           ^^^^^^^^^^^^^^^^^^^^^^^^^^^^^^^^^^^^^^^^^^^^^^^^^^^^
/home/zeus/miniconda3/envs/cloudspace/lib/python3.12/site-packages/diffusers/pipelines/stable_diffusion/pipeline_stable_diffusion.py:19: in <module>
    from transformers import CLIPImageProcessor, CLIPTextModel, CLIPTokenizer, CLIPVisionModelWithProjection
/home/zeus/miniconda3/envs/cloudspace/lib/python3.12/site-packages/transformers/utils/import_utils.py:2342: in __getattr__
    module = self._get_module(self._class_to_module[name])
             ^^^^^^^^^^^^^^^^^^^^^^^^^^^^^^^^^^^^^^^^^^^^^
/home/zeus/miniconda3/envs/cloudspace/lib/python3.12/site-packages/transformers/utils/import_utils.py:2576: in _get_module
    raise e
/home/zeus/miniconda3/envs/cloudspace/lib/python3.12/site-packages/transformers/utils/import_utils.py:2574: in _get_module
    return importlib.import_module("." + module_name, self.__name__)
           ^^^^^^^^^^^^^^^^^^^^^^^^^^^^^^^^^^^^^^^^^^^^^^^^^^^^^^^^^
/home/zeus/miniconda3/envs/cloudspace/lib/python3.12/importlib/__init__.py:90: in import_module
    return _bootstrap._gcd_import(name[level:], package, level)
           ^^^^^^^^^^^^^^^^^^^^^^^^^^^^^^^^^^^^^^^^^^^^^^^^^^^^
/home/zeus/miniconda3/envs/cloudspace/lib/python3.12/site-packages/transformers/models/clip/image_processing_clip.py:22: in <module>
    @auto_docstring
     ^^^^^^^^^^^^^^
/home/zeus/miniconda3/envs/cloudspace/lib/python3.12/site-packages/transformers/utils/auto_docstring.py:4536: in auto_docstring
    return auto_docstring_decorator(obj)
           ^^^^^^^^^^^^^^^^^^^^^^^^^^^^^
/home/zeus/miniconda3/envs/cloudspace/lib/python3.12/site-packages/transformers/utils/auto_docstring.py:4533: in auto_docstring_decorator
    return auto_class_docstring(obj, custom_args=custom_args, custom_intro=custom_intro, checkpoint=checkpoint)
           ^^^^^^^^^^^^^^^^^^^^^^^^^^^^^^^^^^^^^^^^^^^^^^^^^^^^^^^^^^^^^^^^^^^^^^^^^^^^^^^^^^^^^^^^^^^^^^^^^^^^
/home/zeus/miniconda3/envs/cloudspace/lib/python3.12/site-packages/transformers/utils/auto_docstring.py:4279: in auto_class_docstring
    getattr(auto_module, PLACEHOLDER_TO_AUTO_MODULE["model_class"][0]),
    ^^^^^^^^^^^^^^^^^^^^^^^^^^^^^^^^^^^^^^^^^^^^^^^^^^^^^^^^^^^^^^^^^^
/home/zeus/miniconda3/envs/cloudspace/lib/python3.12/site-packages/transformers/utils/import_utils.py:2436: in __getattr__
    value = self._get_module(name)
            ^^^^^^^^^^^^^^^^^^^^^^
/home/zeus/miniconda3/envs/cloudspace/lib/python3.12/site-packages/transformers/utils/import_utils.py:2576: in _get_module
    raise e
/home/zeus/miniconda3/envs/cloudspace/lib/python3.12/site-packages/transformers/utils/import_utils.py:2574: in _get_module
    return importlib.import_module("." + module_name, self.__name__)
           ^^^^^^^^^^^^^^^^^^^^^^^^^^^^^^^^^^^^^^^^^^^^^^^^^^^^^^^^^
/home/zeus/miniconda3/envs/cloudspace/lib/python3.12/importlib/__init__.py:90: in import_module
    return _bootstrap._gcd_import(name[level:], package, level)
           ^^^^^^^^^^^^^^^^^^^^^^^^^^^^^^^^^^^^^^^^^^^^^^^^^^^^
/home/zeus/miniconda3/envs/cloudspace/lib/python3.12/site-packages/transformers/models/auto/modeling_auto.py:21: in <module>
    from .auto_factory import (
/home/zeus/miniconda3/envs/cloudspace/lib/python3.12/site-packages/transformers/models/auto/auto_factory.py:42: in <module>
    from ...generation import GenerationMixin
/home/zeus/miniconda3/envs/cloudspace/lib/python3.12/site-packages/transformers/utils/import_utils.py:2342: in __getattr__
    module = self._get_module(self._class_to_module[name])
             ^^^^^^^^^^^^^^^^^^^^^^^^^^^^^^^^^^^^^^^^^^^^^
/home/zeus/miniconda3/envs/cloudspace/lib/python3.12/site-packages/transformers/utils/import_utils.py:2576: in _get_module
    raise e
/home/zeus/miniconda3/envs/cloudspace/lib/python3.12/site-packages/transformers/utils/import_utils.py:2574: in _get_module
    return importlib.import_module("." + module_name, self.__name__)
           ^^^^^^^^^^^^^^^^^^^^^^^^^^^^^^^^^^^^^^^^^^^^^^^^^^^^^^^^^
/home/zeus/miniconda3/envs/cloudspace/lib/python3.12/importlib/__init__.py:90: in import_module
    return _bootstrap._gcd_import(name[level:], package, level)
           ^^^^^^^^^^^^^^^^^^^^^^^^^^^^^^^^^^^^^^^^^^^^^^^^^^^^
/home/zeus/miniconda3/envs/cloudspace/lib/python3.12/site-packages/transformers/generation/utils.py:53: in <module>
    from .candidate_generator import (
/home/zeus/miniconda3/envs/cloudspace/lib/python3.12/site-packages/transformers/generation/candidate_generator.py:31: in <module>
    from sklearn.metrics import roc_curve
/home/zeus/miniconda3/envs/cloudspace/lib/python3.12/site-packages/sklearn/__init__.py:83: in <module>
    from .base import clone
/home/zeus/miniconda3/envs/cloudspace/lib/python3.12/site-packages/sklearn/base.py:19: in <module>
    from .utils import _IS_32BIT
/home/zeus/miniconda3/envs/cloudspace/lib/python3.12/site-packages/sklearn/utils/__init__.py:27: in <module>
    from .murmurhash import murmurhash3_32
_ _ _ _ _ _ _ _ _ _ _ _ _ _ _ _ _ _ _ _ _ _ _ _ _ _ _ _ _ _ _ _ _ _ _ _ _ _ _ _ 

>   ???
E   ValueError: numpy.dtype size changed, may indicate binary incompatibility. Expected 96 from C header, got 88 from PyObject

sklearn/utils/murmurhash.pyx:1: ValueError

The above exception was the direct cause of the following exception:

    @pytest.fixture(scope="module")
    def sd():
>       return SDWrapper(TINY)
               ^^^^^^^^^^^^^^^

tests/test_pipeline.py:43: 
_ _ _ _ _ _ _ _ _ _ _ _ _ _ _ _ _ _ _ _ _ _ _ _ _ _ _ _ _ _ _ _ _ _ _ _ _ _ _ _ 
src/models/sd.py:30: in __init__
    from diffusers import StableDiffusionPipeline
<frozen importlib._bootstrap>:1412: in _handle_fromlist
    ???
/home/zeus/miniconda3/envs/cloudspace/lib/python3.12/site-packages/diffusers/utils/import_utils.py:1043: in __getattr__
    value = getattr(module, name)
            ^^^^^^^^^^^^^^^^^^^^^
/home/zeus/miniconda3/envs/cloudspace/lib/python3.12/site-packages/diffusers/utils/import_utils.py:1043: in __getattr__
    value = getattr(module, name)
            ^^^^^^^^^^^^^^^^^^^^^
/home/zeus/miniconda3/envs/cloudspace/lib/python3.12/site-packages/diffusers/utils/import_utils.py:1042: in __getattr__
    module = self._get_module(self._class_to_module[name])
             ^^^^^^^^^^^^^^^^^^^^^^^^^^^^^^^^^^^^^^^^^^^^^
_ _ _ _ _ _ _ _ _ _ _ _ _ _ _ _ _ _ _ _ _ _ _ _ _ _ _ _ _ _ _ _ _ _ _ _ _ _ _ _ 

self = <module 'diffusers.pipelines.stable_diffusion' from '/home/zeus/miniconda3/envs/cloudspace/lib/python3.12/site-packages/diffusers/pipelines/stable_diffusion/__init__.py'>
module_name = 'pipeline_stable_diffusion'

    def _get_module(self, module_name: str):
        try:
            return importlib.import_module("." + module_name, self.__name__)
        except Exception as e:
>           raise RuntimeError(
                f"Failed to import {self.__name__}.{module_name} because of the following error (look up to see its"
                f" traceback):\n{e}"
            ) from e
E           RuntimeError: Failed to import diffusers.pipelines.stable_diffusion.pipeline_stable_diffusion because of the following error (look up to see its traceback):
E           numpy.dtype size changed, may indicate binary incompatibility. Expected 96 from C header, got 88 from PyObject

/home/zeus/miniconda3/envs/cloudspace/lib/python3.12/site-packages/diffusers/utils/import_utils.py:1054: RuntimeError
_____________________ ERROR at setup of test_兩種能力都不提供時明確報錯 _____________________

self = <module 'diffusers.pipelines.stable_diffusion' from '/home/zeus/miniconda3/envs/cloudspace/lib/python3.12/site-packages/diffusers/pipelines/stable_diffusion/__init__.py'>
module_name = 'pipeline_stable_diffusion'

    def _get_module(self, module_name: str):
        try:
>           return importlib.import_module("." + module_name, self.__name__)
                   ^^^^^^^^^^^^^^^^^^^^^^^^^^^^^^^^^^^^^^^^^^^^^^^^^^^^^^^^^

/home/zeus/miniconda3/envs/cloudspace/lib/python3.12/site-packages/diffusers/utils/import_utils.py:1052: 
_ _ _ _ _ _ _ _ _ _ _ _ _ _ _ _ _ _ _ _ _ _ _ _ _ _ _ _ _ _ _ _ _ _ _ _ _ _ _ _ 
/home/zeus/miniconda3/envs/cloudspace/lib/python3.12/importlib/__init__.py:90: in import_module
    return _bootstrap._gcd_import(name[level:], package, level)
           ^^^^^^^^^^^^^^^^^^^^^^^^^^^^^^^^^^^^^^^^^^^^^^^^^^^^
/home/zeus/miniconda3/envs/cloudspace/lib/python3.12/site-packages/diffusers/pipelines/stable_diffusion/pipeline_stable_diffusion.py:19: in <module>
    from transformers import CLIPImageProcessor, CLIPTextModel, CLIPTokenizer, CLIPVisionModelWithProjection
/home/zeus/miniconda3/envs/cloudspace/lib/python3.12/site-packages/transformers/utils/import_utils.py:2342: in __getattr__
    module = self._get_module(self._class_to_module[name])
             ^^^^^^^^^^^^^^^^^^^^^^^^^^^^^^^^^^^^^^^^^^^^^
/home/zeus/miniconda3/envs/cloudspace/lib/python3.12/site-packages/transformers/utils/import_utils.py:2576: in _get_module
    raise e
/home/zeus/miniconda3/envs/cloudspace/lib/python3.12/site-packages/transformers/utils/import_utils.py:2574: in _get_module
    return importlib.import_module("." + module_name, self.__name__)
           ^^^^^^^^^^^^^^^^^^^^^^^^^^^^^^^^^^^^^^^^^^^^^^^^^^^^^^^^^
/home/zeus/miniconda3/envs/cloudspace/lib/python3.12/importlib/__init__.py:90: in import_module
    return _bootstrap._gcd_import(name[level:], package, level)
           ^^^^^^^^^^^^^^^^^^^^^^^^^^^^^^^^^^^^^^^^^^^^^^^^^^^^
/home/zeus/miniconda3/envs/cloudspace/lib/python3.12/site-packages/transformers/models/clip/image_processing_clip.py:22: in <module>
    @auto_docstring
     ^^^^^^^^^^^^^^
/home/zeus/miniconda3/envs/cloudspace/lib/python3.12/site-packages/transformers/utils/auto_docstring.py:4536: in auto_docstring
    return auto_docstring_decorator(obj)
           ^^^^^^^^^^^^^^^^^^^^^^^^^^^^^
/home/zeus/miniconda3/envs/cloudspace/lib/python3.12/site-packages/transformers/utils/auto_docstring.py:4533: in auto_docstring_decorator
    return auto_class_docstring(obj, custom_args=custom_args, custom_intro=custom_intro, checkpoint=checkpoint)
           ^^^^^^^^^^^^^^^^^^^^^^^^^^^^^^^^^^^^^^^^^^^^^^^^^^^^^^^^^^^^^^^^^^^^^^^^^^^^^^^^^^^^^^^^^^^^^^^^^^^^
/home/zeus/miniconda3/envs/cloudspace/lib/python3.12/site-packages/transformers/utils/auto_docstring.py:4279: in auto_class_docstring
    getattr(auto_module, PLACEHOLDER_TO_AUTO_MODULE["model_class"][0]),
    ^^^^^^^^^^^^^^^^^^^^^^^^^^^^^^^^^^^^^^^^^^^^^^^^^^^^^^^^^^^^^^^^^^
/home/zeus/miniconda3/envs/cloudspace/lib/python3.12/site-packages/transformers/utils/import_utils.py:2436: in __getattr__
    value = self._get_module(name)
            ^^^^^^^^^^^^^^^^^^^^^^
/home/zeus/miniconda3/envs/cloudspace/lib/python3.12/site-packages/transformers/utils/import_utils.py:2576: in _get_module
    raise e
/home/zeus/miniconda3/envs/cloudspace/lib/python3.12/site-packages/transformers/utils/import_utils.py:2574: in _get_module
    return importlib.import_module("." + module_name, self.__name__)
           ^^^^^^^^^^^^^^^^^^^^^^^^^^^^^^^^^^^^^^^^^^^^^^^^^^^^^^^^^
/home/zeus/miniconda3/envs/cloudspace/lib/python3.12/importlib/__init__.py:90: in import_module
    return _bootstrap._gcd_import(name[level:], package, level)
           ^^^^^^^^^^^^^^^^^^^^^^^^^^^^^^^^^^^^^^^^^^^^^^^^^^^^
/home/zeus/miniconda3/envs/cloudspace/lib/python3.12/site-packages/transformers/models/auto/modeling_auto.py:21: in <module>
    from .auto_factory import (
/home/zeus/miniconda3/envs/cloudspace/lib/python3.12/site-packages/transformers/models/auto/auto_factory.py:42: in <module>
    from ...generation import GenerationMixin
/home/zeus/miniconda3/envs/cloudspace/lib/python3.12/site-packages/transformers/utils/import_utils.py:2342: in __getattr__
    module = self._get_module(self._class_to_module[name])
             ^^^^^^^^^^^^^^^^^^^^^^^^^^^^^^^^^^^^^^^^^^^^^
/home/zeus/miniconda3/envs/cloudspace/lib/python3.12/site-packages/transformers/utils/import_utils.py:2576: in _get_module
    raise e
/home/zeus/miniconda3/envs/cloudspace/lib/python3.12/site-packages/transformers/utils/import_utils.py:2574: in _get_module
    return importlib.import_module("." + module_name, self.__name__)
           ^^^^^^^^^^^^^^^^^^^^^^^^^^^^^^^^^^^^^^^^^^^^^^^^^^^^^^^^^
/home/zeus/miniconda3/envs/cloudspace/lib/python3.12/importlib/__init__.py:90: in import_module
    return _bootstrap._gcd_import(name[level:], package, level)
           ^^^^^^^^^^^^^^^^^^^^^^^^^^^^^^^^^^^^^^^^^^^^^^^^^^^^
/home/zeus/miniconda3/envs/cloudspace/lib/python3.12/site-packages/transformers/generation/utils.py:53: in <module>
    from .candidate_generator import (
/home/zeus/miniconda3/envs/cloudspace/lib/python3.12/site-packages/transformers/generation/candidate_generator.py:31: in <module>
    from sklearn.metrics import roc_curve
/home/zeus/miniconda3/envs/cloudspace/lib/python3.12/site-packages/sklearn/__init__.py:83: in <module>
    from .base import clone
/home/zeus/miniconda3/envs/cloudspace/lib/python3.12/site-packages/sklearn/base.py:19: in <module>
    from .utils import _IS_32BIT
/home/zeus/miniconda3/envs/cloudspace/lib/python3.12/site-packages/sklearn/utils/__init__.py:27: in <module>
    from .murmurhash import murmurhash3_32
_ _ _ _ _ _ _ _ _ _ _ _ _ _ _ _ _ _ _ _ _ _ _ _ _ _ _ _ _ _ _ _ _ _ _ _ _ _ _ _ 

>   ???
E   ValueError: numpy.dtype size changed, may indicate binary incompatibility. Expected 96 from C header, got 88 from PyObject

sklearn/utils/murmurhash.pyx:1: ValueError

The above exception was the direct cause of the following exception:

    @pytest.fixture(scope="module")
    def sd():
>       return SDWrapper(TINY)
               ^^^^^^^^^^^^^^^

tests/test_pipeline.py:43: 
_ _ _ _ _ _ _ _ _ _ _ _ _ _ _ _ _ _ _ _ _ _ _ _ _ _ _ _ _ _ _ _ _ _ _ _ _ _ _ _ 
src/models/sd.py:30: in __init__
    from diffusers import StableDiffusionPipeline
<frozen importlib._bootstrap>:1412: in _handle_fromlist
    ???
/home/zeus/miniconda3/envs/cloudspace/lib/python3.12/site-packages/diffusers/utils/import_utils.py:1043: in __getattr__
    value = getattr(module, name)
            ^^^^^^^^^^^^^^^^^^^^^
/home/zeus/miniconda3/envs/cloudspace/lib/python3.12/site-packages/diffusers/utils/import_utils.py:1043: in __getattr__
    value = getattr(module, name)
            ^^^^^^^^^^^^^^^^^^^^^
/home/zeus/miniconda3/envs/cloudspace/lib/python3.12/site-packages/diffusers/utils/import_utils.py:1042: in __getattr__
    module = self._get_module(self._class_to_module[name])
             ^^^^^^^^^^^^^^^^^^^^^^^^^^^^^^^^^^^^^^^^^^^^^
_ _ _ _ _ _ _ _ _ _ _ _ _ _ _ _ _ _ _ _ _ _ _ _ _ _ _ _ _ _ _ _ _ _ _ _ _ _ _ _ 

self = <module 'diffusers.pipelines.stable_diffusion' from '/home/zeus/miniconda3/envs/cloudspace/lib/python3.12/site-packages/diffusers/pipelines/stable_diffusion/__init__.py'>
module_name = 'pipeline_stable_diffusion'

    def _get_module(self, module_name: str):
        try:
            return importlib.import_module("." + module_name, self.__name__)
        except Exception as e:
>           raise RuntimeError(
                f"Failed to import {self.__name__}.{module_name} because of the following error (look up to see its"
                f" traceback):\n{e}"
            ) from e
E           RuntimeError: Failed to import diffusers.pipelines.stable_diffusion.pipeline_stable_diffusion because of the following error (look up to see its traceback):
E           numpy.dtype size changed, may indicate binary incompatibility. Expected 96 from C header, got 88 from PyObject

/home/zeus/miniconda3/envs/cloudspace/lib/python3.12/site-packages/diffusers/utils/import_utils.py:1054: RuntimeError
_________________ ERROR at setup of test_site_E_初始殘差為零且不改變去噪結果 _________________

self = <module 'diffusers.pipelines.stable_diffusion' from '/home/zeus/miniconda3/envs/cloudspace/lib/python3.12/site-packages/diffusers/pipelines/stable_diffusion/__init__.py'>
module_name = 'pipeline_stable_diffusion'

    def _get_module(self, module_name: str):
        try:
>           return importlib.import_module("." + module_name, self.__name__)
                   ^^^^^^^^^^^^^^^^^^^^^^^^^^^^^^^^^^^^^^^^^^^^^^^^^^^^^^^^^

/home/zeus/miniconda3/envs/cloudspace/lib/python3.12/site-packages/diffusers/utils/import_utils.py:1052: 
_ _ _ _ _ _ _ _ _ _ _ _ _ _ _ _ _ _ _ _ _ _ _ _ _ _ _ _ _ _ _ _ _ _ _ _ _ _ _ _ 
/home/zeus/miniconda3/envs/cloudspace/lib/python3.12/importlib/__init__.py:90: in import_module
    return _bootstrap._gcd_import(name[level:], package, level)
           ^^^^^^^^^^^^^^^^^^^^^^^^^^^^^^^^^^^^^^^^^^^^^^^^^^^^
/home/zeus/miniconda3/envs/cloudspace/lib/python3.12/site-packages/diffusers/pipelines/stable_diffusion/pipeline_stable_diffusion.py:19: in <module>
    from transformers import CLIPImageProcessor, CLIPTextModel, CLIPTokenizer, CLIPVisionModelWithProjection
/home/zeus/miniconda3/envs/cloudspace/lib/python3.12/site-packages/transformers/utils/import_utils.py:2342: in __getattr__
    module = self._get_module(self._class_to_module[name])
             ^^^^^^^^^^^^^^^^^^^^^^^^^^^^^^^^^^^^^^^^^^^^^
/home/zeus/miniconda3/envs/cloudspace/lib/python3.12/site-packages/transformers/utils/import_utils.py:2576: in _get_module
    raise e
/home/zeus/miniconda3/envs/cloudspace/lib/python3.12/site-packages/transformers/utils/import_utils.py:2574: in _get_module
    return importlib.import_module("." + module_name, self.__name__)
           ^^^^^^^^^^^^^^^^^^^^^^^^^^^^^^^^^^^^^^^^^^^^^^^^^^^^^^^^^
/home/zeus/miniconda3/envs/cloudspace/lib/python3.12/importlib/__init__.py:90: in import_module
    return _bootstrap._gcd_import(name[level:], package, level)
           ^^^^^^^^^^^^^^^^^^^^^^^^^^^^^^^^^^^^^^^^^^^^^^^^^^^^
/home/zeus/miniconda3/envs/cloudspace/lib/python3.12/site-packages/transformers/models/clip/image_processing_clip.py:22: in <module>
    @auto_docstring
     ^^^^^^^^^^^^^^
/home/zeus/miniconda3/envs/cloudspace/lib/python3.12/site-packages/transformers/utils/auto_docstring.py:4536: in auto_docstring
    return auto_docstring_decorator(obj)
           ^^^^^^^^^^^^^^^^^^^^^^^^^^^^^
/home/zeus/miniconda3/envs/cloudspace/lib/python3.12/site-packages/transformers/utils/auto_docstring.py:4533: in auto_docstring_decorator
    return auto_class_docstring(obj, custom_args=custom_args, custom_intro=custom_intro, checkpoint=checkpoint)
           ^^^^^^^^^^^^^^^^^^^^^^^^^^^^^^^^^^^^^^^^^^^^^^^^^^^^^^^^^^^^^^^^^^^^^^^^^^^^^^^^^^^^^^^^^^^^^^^^^^^^
/home/zeus/miniconda3/envs/cloudspace/lib/python3.12/site-packages/transformers/utils/auto_docstring.py:4279: in auto_class_docstring
    getattr(auto_module, PLACEHOLDER_TO_AUTO_MODULE["model_class"][0]),
    ^^^^^^^^^^^^^^^^^^^^^^^^^^^^^^^^^^^^^^^^^^^^^^^^^^^^^^^^^^^^^^^^^^
/home/zeus/miniconda3/envs/cloudspace/lib/python3.12/site-packages/transformers/utils/import_utils.py:2436: in __getattr__
    value = self._get_module(name)
            ^^^^^^^^^^^^^^^^^^^^^^
/home/zeus/miniconda3/envs/cloudspace/lib/python3.12/site-packages/transformers/utils/import_utils.py:2576: in _get_module
    raise e
/home/zeus/miniconda3/envs/cloudspace/lib/python3.12/site-packages/transformers/utils/import_utils.py:2574: in _get_module
    return importlib.import_module("." + module_name, self.__name__)
           ^^^^^^^^^^^^^^^^^^^^^^^^^^^^^^^^^^^^^^^^^^^^^^^^^^^^^^^^^
/home/zeus/miniconda3/envs/cloudspace/lib/python3.12/importlib/__init__.py:90: in import_module
    return _bootstrap._gcd_import(name[level:], package, level)
           ^^^^^^^^^^^^^^^^^^^^^^^^^^^^^^^^^^^^^^^^^^^^^^^^^^^^
/home/zeus/miniconda3/envs/cloudspace/lib/python3.12/site-packages/transformers/models/auto/modeling_auto.py:21: in <module>
    from .auto_factory import (
/home/zeus/miniconda3/envs/cloudspace/lib/python3.12/site-packages/transformers/models/auto/auto_factory.py:42: in <module>
    from ...generation import GenerationMixin
/home/zeus/miniconda3/envs/cloudspace/lib/python3.12/site-packages/transformers/utils/import_utils.py:2342: in __getattr__
    module = self._get_module(self._class_to_module[name])
             ^^^^^^^^^^^^^^^^^^^^^^^^^^^^^^^^^^^^^^^^^^^^^
/home/zeus/miniconda3/envs/cloudspace/lib/python3.12/site-packages/transformers/utils/import_utils.py:2576: in _get_module
    raise e
/home/zeus/miniconda3/envs/cloudspace/lib/python3.12/site-packages/transformers/utils/import_utils.py:2574: in _get_module
    return importlib.import_module("." + module_name, self.__name__)
           ^^^^^^^^^^^^^^^^^^^^^^^^^^^^^^^^^^^^^^^^^^^^^^^^^^^^^^^^^
/home/zeus/miniconda3/envs/cloudspace/lib/python3.12/importlib/__init__.py:90: in import_module
    return _bootstrap._gcd_import(name[level:], package, level)
           ^^^^^^^^^^^^^^^^^^^^^^^^^^^^^^^^^^^^^^^^^^^^^^^^^^^^
/home/zeus/miniconda3/envs/cloudspace/lib/python3.12/site-packages/transformers/generation/utils.py:53: in <module>
    from .candidate_generator import (
/home/zeus/miniconda3/envs/cloudspace/lib/python3.12/site-packages/transformers/generation/candidate_generator.py:31: in <module>
    from sklearn.metrics import roc_curve
/home/zeus/miniconda3/envs/cloudspace/lib/python3.12/site-packages/sklearn/__init__.py:83: in <module>
    from .base import clone
/home/zeus/miniconda3/envs/cloudspace/lib/python3.12/site-packages/sklearn/base.py:19: in <module>
    from .utils import _IS_32BIT
/home/zeus/miniconda3/envs/cloudspace/lib/python3.12/site-packages/sklearn/utils/__init__.py:27: in <module>
    from .murmurhash import murmurhash3_32
_ _ _ _ _ _ _ _ _ _ _ _ _ _ _ _ _ _ _ _ _ _ _ _ _ _ _ _ _ _ _ _ _ _ _ _ _ _ _ _ 

>   ???
E   ValueError: numpy.dtype size changed, may indicate binary incompatibility. Expected 96 from C header, got 88 from PyObject

sklearn/utils/murmurhash.pyx:1: ValueError

The above exception was the direct cause of the following exception:

    @pytest.fixture(scope="module")
    def sd():
>       return SDWrapper(TINY)
               ^^^^^^^^^^^^^^^

tests/test_pipeline.py:43: 
_ _ _ _ _ _ _ _ _ _ _ _ _ _ _ _ _ _ _ _ _ _ _ _ _ _ _ _ _ _ _ _ _ _ _ _ _ _ _ _ 
src/models/sd.py:30: in __init__
    from diffusers import StableDiffusionPipeline
<frozen importlib._bootstrap>:1412: in _handle_fromlist
    ???
/home/zeus/miniconda3/envs/cloudspace/lib/python3.12/site-packages/diffusers/utils/import_utils.py:1043: in __getattr__
    value = getattr(module, name)
            ^^^^^^^^^^^^^^^^^^^^^
/home/zeus/miniconda3/envs/cloudspace/lib/python3.12/site-packages/diffusers/utils/import_utils.py:1043: in __getattr__
    value = getattr(module, name)
            ^^^^^^^^^^^^^^^^^^^^^
/home/zeus/miniconda3/envs/cloudspace/lib/python3.12/site-packages/diffusers/utils/import_utils.py:1042: in __getattr__
    module = self._get_module(self._class_to_module[name])
             ^^^^^^^^^^^^^^^^^^^^^^^^^^^^^^^^^^^^^^^^^^^^^
_ _ _ _ _ _ _ _ _ _ _ _ _ _ _ _ _ _ _ _ _ _ _ _ _ _ _ _ _ _ _ _ _ _ _ _ _ _ _ _ 

self = <module 'diffusers.pipelines.stable_diffusion' from '/home/zeus/miniconda3/envs/cloudspace/lib/python3.12/site-packages/diffusers/pipelines/stable_diffusion/__init__.py'>
module_name = 'pipeline_stable_diffusion'

    def _get_module(self, module_name: str):
        try:
            return importlib.import_module("." + module_name, self.__name__)
        except Exception as e:
>           raise RuntimeError(
                f"Failed to import {self.__name__}.{module_name} because of the following error (look up to see its"
                f" traceback):\n{e}"
            ) from e
E           RuntimeError: Failed to import diffusers.pipelines.stable_diffusion.pipeline_stable_diffusion because of the following error (look up to see its traceback):
E           numpy.dtype size changed, may indicate binary incompatibility. Expected 96 from C header, got 88 from PyObject

/home/zeus/miniconda3/envs/cloudspace/lib/python3.12/site-packages/diffusers/utils/import_utils.py:1054: RuntimeError
__________________ ERROR at setup of test_site_E_參數非零時結果必須改變 ___________________

self = <module 'diffusers.pipelines.stable_diffusion' from '/home/zeus/miniconda3/envs/cloudspace/lib/python3.12/site-packages/diffusers/pipelines/stable_diffusion/__init__.py'>
module_name = 'pipeline_stable_diffusion'

    def _get_module(self, module_name: str):
        try:
>           return importlib.import_module("." + module_name, self.__name__)
                   ^^^^^^^^^^^^^^^^^^^^^^^^^^^^^^^^^^^^^^^^^^^^^^^^^^^^^^^^^

/home/zeus/miniconda3/envs/cloudspace/lib/python3.12/site-packages/diffusers/utils/import_utils.py:1052: 
_ _ _ _ _ _ _ _ _ _ _ _ _ _ _ _ _ _ _ _ _ _ _ _ _ _ _ _ _ _ _ _ _ _ _ _ _ _ _ _ 
/home/zeus/miniconda3/envs/cloudspace/lib/python3.12/importlib/__init__.py:90: in import_module
    return _bootstrap._gcd_import(name[level:], package, level)
           ^^^^^^^^^^^^^^^^^^^^^^^^^^^^^^^^^^^^^^^^^^^^^^^^^^^^
/home/zeus/miniconda3/envs/cloudspace/lib/python3.12/site-packages/diffusers/pipelines/stable_diffusion/pipeline_stable_diffusion.py:19: in <module>
    from transformers import CLIPImageProcessor, CLIPTextModel, CLIPTokenizer, CLIPVisionModelWithProjection
/home/zeus/miniconda3/envs/cloudspace/lib/python3.12/site-packages/transformers/utils/import_utils.py:2342: in __getattr__
    module = self._get_module(self._class_to_module[name])
             ^^^^^^^^^^^^^^^^^^^^^^^^^^^^^^^^^^^^^^^^^^^^^
/home/zeus/miniconda3/envs/cloudspace/lib/python3.12/site-packages/transformers/utils/import_utils.py:2576: in _get_module
    raise e
/home/zeus/miniconda3/envs/cloudspace/lib/python3.12/site-packages/transformers/utils/import_utils.py:2574: in _get_module
    return importlib.import_module("." + module_name, self.__name__)
           ^^^^^^^^^^^^^^^^^^^^^^^^^^^^^^^^^^^^^^^^^^^^^^^^^^^^^^^^^
/home/zeus/miniconda3/envs/cloudspace/lib/python3.12/importlib/__init__.py:90: in import_module
    return _bootstrap._gcd_import(name[level:], package, level)
           ^^^^^^^^^^^^^^^^^^^^^^^^^^^^^^^^^^^^^^^^^^^^^^^^^^^^
/home/zeus/miniconda3/envs/cloudspace/lib/python3.12/site-packages/transformers/models/clip/image_processing_clip.py:22: in <module>
    @auto_docstring
     ^^^^^^^^^^^^^^
/home/zeus/miniconda3/envs/cloudspace/lib/python3.12/site-packages/transformers/utils/auto_docstring.py:4536: in auto_docstring
    return auto_docstring_decorator(obj)
           ^^^^^^^^^^^^^^^^^^^^^^^^^^^^^
/home/zeus/miniconda3/envs/cloudspace/lib/python3.12/site-packages/transformers/utils/auto_docstring.py:4533: in auto_docstring_decorator
    return auto_class_docstring(obj, custom_args=custom_args, custom_intro=custom_intro, checkpoint=checkpoint)
           ^^^^^^^^^^^^^^^^^^^^^^^^^^^^^^^^^^^^^^^^^^^^^^^^^^^^^^^^^^^^^^^^^^^^^^^^^^^^^^^^^^^^^^^^^^^^^^^^^^^^
/home/zeus/miniconda3/envs/cloudspace/lib/python3.12/site-packages/transformers/utils/auto_docstring.py:4279: in auto_class_docstring
    getattr(auto_module, PLACEHOLDER_TO_AUTO_MODULE["model_class"][0]),
    ^^^^^^^^^^^^^^^^^^^^^^^^^^^^^^^^^^^^^^^^^^^^^^^^^^^^^^^^^^^^^^^^^^
/home/zeus/miniconda3/envs/cloudspace/lib/python3.12/site-packages/transformers/utils/import_utils.py:2436: in __getattr__
    value = self._get_module(name)
            ^^^^^^^^^^^^^^^^^^^^^^
/home/zeus/miniconda3/envs/cloudspace/lib/python3.12/site-packages/transformers/utils/import_utils.py:2576: in _get_module
    raise e
/home/zeus/miniconda3/envs/cloudspace/lib/python3.12/site-packages/transformers/utils/import_utils.py:2574: in _get_module
    return importlib.import_module("." + module_name, self.__name__)
           ^^^^^^^^^^^^^^^^^^^^^^^^^^^^^^^^^^^^^^^^^^^^^^^^^^^^^^^^^
/home/zeus/miniconda3/envs/cloudspace/lib/python3.12/importlib/__init__.py:90: in import_module
    return _bootstrap._gcd_import(name[level:], package, level)
           ^^^^^^^^^^^^^^^^^^^^^^^^^^^^^^^^^^^^^^^^^^^^^^^^^^^^
/home/zeus/miniconda3/envs/cloudspace/lib/python3.12/site-packages/transformers/models/auto/modeling_auto.py:21: in <module>
    from .auto_factory import (
/home/zeus/miniconda3/envs/cloudspace/lib/python3.12/site-packages/transformers/models/auto/auto_factory.py:42: in <module>
    from ...generation import GenerationMixin
/home/zeus/miniconda3/envs/cloudspace/lib/python3.12/site-packages/transformers/utils/import_utils.py:2342: in __getattr__
    module = self._get_module(self._class_to_module[name])
             ^^^^^^^^^^^^^^^^^^^^^^^^^^^^^^^^^^^^^^^^^^^^^
/home/zeus/miniconda3/envs/cloudspace/lib/python3.12/site-packages/transformers/utils/import_utils.py:2576: in _get_module
    raise e
/home/zeus/miniconda3/envs/cloudspace/lib/python3.12/site-packages/transformers/utils/import_utils.py:2574: in _get_module
    return importlib.import_module("." + module_name, self.__name__)
           ^^^^^^^^^^^^^^^^^^^^^^^^^^^^^^^^^^^^^^^^^^^^^^^^^^^^^^^^^
/home/zeus/miniconda3/envs/cloudspace/lib/python3.12/importlib/__init__.py:90: in import_module
    return _bootstrap._gcd_import(name[level:], package, level)
           ^^^^^^^^^^^^^^^^^^^^^^^^^^^^^^^^^^^^^^^^^^^^^^^^^^^^
/home/zeus/miniconda3/envs/cloudspace/lib/python3.12/site-packages/transformers/generation/utils.py:53: in <module>
    from .candidate_generator import (
/home/zeus/miniconda3/envs/cloudspace/lib/python3.12/site-packages/transformers/generation/candidate_generator.py:31: in <module>
    from sklearn.metrics import roc_curve
/home/zeus/miniconda3/envs/cloudspace/lib/python3.12/site-packages/sklearn/__init__.py:83: in <module>
    from .base import clone
/home/zeus/miniconda3/envs/cloudspace/lib/python3.12/site-packages/sklearn/base.py:19: in <module>
    from .utils import _IS_32BIT
/home/zeus/miniconda3/envs/cloudspace/lib/python3.12/site-packages/sklearn/utils/__init__.py:27: in <module>
    from .murmurhash import murmurhash3_32
_ _ _ _ _ _ _ _ _ _ _ _ _ _ _ _ _ _ _ _ _ _ _ _ _ _ _ _ _ _ _ _ _ _ _ _ _ _ _ _ 

>   ???
E   ValueError: numpy.dtype size changed, may indicate binary incompatibility. Expected 96 from C header, got 88 from PyObject

sklearn/utils/murmurhash.pyx:1: ValueError

The above exception was the direct cause of the following exception:

    @pytest.fixture(scope="module")
    def sd():
>       return SDWrapper(TINY)
               ^^^^^^^^^^^^^^^

tests/test_pipeline.py:43: 
_ _ _ _ _ _ _ _ _ _ _ _ _ _ _ _ _ _ _ _ _ _ _ _ _ _ _ _ _ _ _ _ _ _ _ _ _ _ _ _ 
src/models/sd.py:30: in __init__
    from diffusers import StableDiffusionPipeline
<frozen importlib._bootstrap>:1412: in _handle_fromlist
    ???
/home/zeus/miniconda3/envs/cloudspace/lib/python3.12/site-packages/diffusers/utils/import_utils.py:1043: in __getattr__
    value = getattr(module, name)
            ^^^^^^^^^^^^^^^^^^^^^
/home/zeus/miniconda3/envs/cloudspace/lib/python3.12/site-packages/diffusers/utils/import_utils.py:1043: in __getattr__
    value = getattr(module, name)
            ^^^^^^^^^^^^^^^^^^^^^
/home/zeus/miniconda3/envs/cloudspace/lib/python3.12/site-packages/diffusers/utils/import_utils.py:1042: in __getattr__
    module = self._get_module(self._class_to_module[name])
             ^^^^^^^^^^^^^^^^^^^^^^^^^^^^^^^^^^^^^^^^^^^^^
_ _ _ _ _ _ _ _ _ _ _ _ _ _ _ _ _ _ _ _ _ _ _ _ _ _ _ _ _ _ _ _ _ _ _ _ _ _ _ _ 

self = <module 'diffusers.pipelines.stable_diffusion' from '/home/zeus/miniconda3/envs/cloudspace/lib/python3.12/site-packages/diffusers/pipelines/stable_diffusion/__init__.py'>
module_name = 'pipeline_stable_diffusion'

    def _get_module(self, module_name: str):
        try:
            return importlib.import_module("." + module_name, self.__name__)
        except Exception as e:
>           raise RuntimeError(
                f"Failed to import {self.__name__}.{module_name} because of the following error (look up to see its"
                f" traceback):\n{e}"
            ) from e
E           RuntimeError: Failed to import diffusers.pipelines.stable_diffusion.pipeline_stable_diffusion because of the following error (look up to see its traceback):
E           numpy.dtype size changed, may indicate binary incompatibility. Expected 96 from C header, got 88 from PyObject

/home/zeus/miniconda3/envs/cloudspace/lib/python3.12/site-packages/diffusers/utils/import_utils.py:1054: RuntimeError
____________________ ERROR at setup of test_site_E_梯度抵達phi _____________________

self = <module 'diffusers.pipelines.stable_diffusion' from '/home/zeus/miniconda3/envs/cloudspace/lib/python3.12/site-packages/diffusers/pipelines/stable_diffusion/__init__.py'>
module_name = 'pipeline_stable_diffusion'

    def _get_module(self, module_name: str):
        try:
>           return importlib.import_module("." + module_name, self.__name__)
                   ^^^^^^^^^^^^^^^^^^^^^^^^^^^^^^^^^^^^^^^^^^^^^^^^^^^^^^^^^

/home/zeus/miniconda3/envs/cloudspace/lib/python3.12/site-packages/diffusers/utils/import_utils.py:1052: 
_ _ _ _ _ _ _ _ _ _ _ _ _ _ _ _ _ _ _ _ _ _ _ _ _ _ _ _ _ _ _ _ _ _ _ _ _ _ _ _ 
/home/zeus/miniconda3/envs/cloudspace/lib/python3.12/importlib/__init__.py:90: in import_module
    return _bootstrap._gcd_import(name[level:], package, level)
           ^^^^^^^^^^^^^^^^^^^^^^^^^^^^^^^^^^^^^^^^^^^^^^^^^^^^
/home/zeus/miniconda3/envs/cloudspace/lib/python3.12/site-packages/diffusers/pipelines/stable_diffusion/pipeline_stable_diffusion.py:19: in <module>
    from transformers import CLIPImageProcessor, CLIPTextModel, CLIPTokenizer, CLIPVisionModelWithProjection
/home/zeus/miniconda3/envs/cloudspace/lib/python3.12/site-packages/transformers/utils/import_utils.py:2342: in __getattr__
    module = self._get_module(self._class_to_module[name])
             ^^^^^^^^^^^^^^^^^^^^^^^^^^^^^^^^^^^^^^^^^^^^^
/home/zeus/miniconda3/envs/cloudspace/lib/python3.12/site-packages/transformers/utils/import_utils.py:2576: in _get_module
    raise e
/home/zeus/miniconda3/envs/cloudspace/lib/python3.12/site-packages/transformers/utils/import_utils.py:2574: in _get_module
    return importlib.import_module("." + module_name, self.__name__)
           ^^^^^^^^^^^^^^^^^^^^^^^^^^^^^^^^^^^^^^^^^^^^^^^^^^^^^^^^^
/home/zeus/miniconda3/envs/cloudspace/lib/python3.12/importlib/__init__.py:90: in import_module
    return _bootstrap._gcd_import(name[level:], package, level)
           ^^^^^^^^^^^^^^^^^^^^^^^^^^^^^^^^^^^^^^^^^^^^^^^^^^^^
/home/zeus/miniconda3/envs/cloudspace/lib/python3.12/site-packages/transformers/models/clip/image_processing_clip.py:22: in <module>
    @auto_docstring
     ^^^^^^^^^^^^^^
/home/zeus/miniconda3/envs/cloudspace/lib/python3.12/site-packages/transformers/utils/auto_docstring.py:4536: in auto_docstring
    return auto_docstring_decorator(obj)
           ^^^^^^^^^^^^^^^^^^^^^^^^^^^^^
/home/zeus/miniconda3/envs/cloudspace/lib/python3.12/site-packages/transformers/utils/auto_docstring.py:4533: in auto_docstring_decorator
    return auto_class_docstring(obj, custom_args=custom_args, custom_intro=custom_intro, checkpoint=checkpoint)
           ^^^^^^^^^^^^^^^^^^^^^^^^^^^^^^^^^^^^^^^^^^^^^^^^^^^^^^^^^^^^^^^^^^^^^^^^^^^^^^^^^^^^^^^^^^^^^^^^^^^^
/home/zeus/miniconda3/envs/cloudspace/lib/python3.12/site-packages/transformers/utils/auto_docstring.py:4279: in auto_class_docstring
    getattr(auto_module, PLACEHOLDER_TO_AUTO_MODULE["model_class"][0]),
    ^^^^^^^^^^^^^^^^^^^^^^^^^^^^^^^^^^^^^^^^^^^^^^^^^^^^^^^^^^^^^^^^^^
/home/zeus/miniconda3/envs/cloudspace/lib/python3.12/site-packages/transformers/utils/import_utils.py:2436: in __getattr__
    value = self._get_module(name)
            ^^^^^^^^^^^^^^^^^^^^^^
/home/zeus/miniconda3/envs/cloudspace/lib/python3.12/site-packages/transformers/utils/import_utils.py:2576: in _get_module
    raise e
/home/zeus/miniconda3/envs/cloudspace/lib/python3.12/site-packages/transformers/utils/import_utils.py:2574: in _get_module
    return importlib.import_module("." + module_name, self.__name__)
           ^^^^^^^^^^^^^^^^^^^^^^^^^^^^^^^^^^^^^^^^^^^^^^^^^^^^^^^^^
/home/zeus/miniconda3/envs/cloudspace/lib/python3.12/importlib/__init__.py:90: in import_module
    return _bootstrap._gcd_import(name[level:], package, level)
           ^^^^^^^^^^^^^^^^^^^^^^^^^^^^^^^^^^^^^^^^^^^^^^^^^^^^
/home/zeus/miniconda3/envs/cloudspace/lib/python3.12/site-packages/transformers/models/auto/modeling_auto.py:21: in <module>
    from .auto_factory import (
/home/zeus/miniconda3/envs/cloudspace/lib/python3.12/site-packages/transformers/models/auto/auto_factory.py:42: in <module>
    from ...generation import GenerationMixin
/home/zeus/miniconda3/envs/cloudspace/lib/python3.12/site-packages/transformers/utils/import_utils.py:2342: in __getattr__
    module = self._get_module(self._class_to_module[name])
             ^^^^^^^^^^^^^^^^^^^^^^^^^^^^^^^^^^^^^^^^^^^^^
/home/zeus/miniconda3/envs/cloudspace/lib/python3.12/site-packages/transformers/utils/import_utils.py:2576: in _get_module
    raise e
/home/zeus/miniconda3/envs/cloudspace/lib/python3.12/site-packages/transformers/utils/import_utils.py:2574: in _get_module
    return importlib.import_module("." + module_name, self.__name__)
           ^^^^^^^^^^^^^^^^^^^^^^^^^^^^^^^^^^^^^^^^^^^^^^^^^^^^^^^^^
/home/zeus/miniconda3/envs/cloudspace/lib/python3.12/importlib/__init__.py:90: in import_module
    return _bootstrap._gcd_import(name[level:], package, level)
           ^^^^^^^^^^^^^^^^^^^^^^^^^^^^^^^^^^^^^^^^^^^^^^^^^^^^
/home/zeus/miniconda3/envs/cloudspace/lib/python3.12/site-packages/transformers/generation/utils.py:53: in <module>
    from .candidate_generator import (
/home/zeus/miniconda3/envs/cloudspace/lib/python3.12/site-packages/transformers/generation/candidate_generator.py:31: in <module>
    from sklearn.metrics import roc_curve
/home/zeus/miniconda3/envs/cloudspace/lib/python3.12/site-packages/sklearn/__init__.py:83: in <module>
    from .base import clone
/home/zeus/miniconda3/envs/cloudspace/lib/python3.12/site-packages/sklearn/base.py:19: in <module>
    from .utils import _IS_32BIT
/home/zeus/miniconda3/envs/cloudspace/lib/python3.12/site-packages/sklearn/utils/__init__.py:27: in <module>
    from .murmurhash import murmurhash3_32
_ _ _ _ _ _ _ _ _ _ _ _ _ _ _ _ _ _ _ _ _ _ _ _ _ _ _ _ _ _ _ _ _ _ _ _ _ _ _ _ 

>   ???
E   ValueError: numpy.dtype size changed, may indicate binary incompatibility. Expected 96 from C header, got 88 from PyObject

sklearn/utils/murmurhash.pyx:1: ValueError

The above exception was the direct cause of the following exception:

    @pytest.fixture(scope="module")
    def sd():
>       return SDWrapper(TINY)
               ^^^^^^^^^^^^^^^

tests/test_pipeline.py:43: 
_ _ _ _ _ _ _ _ _ _ _ _ _ _ _ _ _ _ _ _ _ _ _ _ _ _ _ _ _ _ _ _ _ _ _ _ _ _ _ _ 
src/models/sd.py:30: in __init__
    from diffusers import StableDiffusionPipeline
<frozen importlib._bootstrap>:1412: in _handle_fromlist
    ???
/home/zeus/miniconda3/envs/cloudspace/lib/python3.12/site-packages/diffusers/utils/import_utils.py:1043: in __getattr__
    value = getattr(module, name)
            ^^^^^^^^^^^^^^^^^^^^^
/home/zeus/miniconda3/envs/cloudspace/lib/python3.12/site-packages/diffusers/utils/import_utils.py:1043: in __getattr__
    value = getattr(module, name)
            ^^^^^^^^^^^^^^^^^^^^^
/home/zeus/miniconda3/envs/cloudspace/lib/python3.12/site-packages/diffusers/utils/import_utils.py:1042: in __getattr__
    module = self._get_module(self._class_to_module[name])
             ^^^^^^^^^^^^^^^^^^^^^^^^^^^^^^^^^^^^^^^^^^^^^
_ _ _ _ _ _ _ _ _ _ _ _ _ _ _ _ _ _ _ _ _ _ _ _ _ _ _ _ _ _ _ _ _ _ _ _ _ _ _ _ 

self = <module 'diffusers.pipelines.stable_diffusion' from '/home/zeus/miniconda3/envs/cloudspace/lib/python3.12/site-packages/diffusers/pipelines/stable_diffusion/__init__.py'>
module_name = 'pipeline_stable_diffusion'

    def _get_module(self, module_name: str):
        try:
            return importlib.import_module("." + module_name, self.__name__)
        except Exception as e:
>           raise RuntimeError(
                f"Failed to import {self.__name__}.{module_name} because of the following error (look up to see its"
                f" traceback):\n{e}"
            ) from e
E           RuntimeError: Failed to import diffusers.pipelines.stable_diffusion.pipeline_stable_diffusion because of the following error (look up to see its traceback):
E           numpy.dtype size changed, may indicate binary incompatibility. Expected 96 from C header, got 88 from PyObject

/home/zeus/miniconda3/envs/cloudspace/lib/python3.12/site-packages/diffusers/utils/import_utils.py:1054: RuntimeError
_______________ ERROR at setup of test_site_E_inversion快取不依賴phi ________________

self = <module 'diffusers.pipelines.stable_diffusion' from '/home/zeus/miniconda3/envs/cloudspace/lib/python3.12/site-packages/diffusers/pipelines/stable_diffusion/__init__.py'>
module_name = 'pipeline_stable_diffusion'

    def _get_module(self, module_name: str):
        try:
>           return importlib.import_module("." + module_name, self.__name__)
                   ^^^^^^^^^^^^^^^^^^^^^^^^^^^^^^^^^^^^^^^^^^^^^^^^^^^^^^^^^

/home/zeus/miniconda3/envs/cloudspace/lib/python3.12/site-packages/diffusers/utils/import_utils.py:1052: 
_ _ _ _ _ _ _ _ _ _ _ _ _ _ _ _ _ _ _ _ _ _ _ _ _ _ _ _ _ _ _ _ _ _ _ _ _ _ _ _ 
/home/zeus/miniconda3/envs/cloudspace/lib/python3.12/importlib/__init__.py:90: in import_module
    return _bootstrap._gcd_import(name[level:], package, level)
           ^^^^^^^^^^^^^^^^^^^^^^^^^^^^^^^^^^^^^^^^^^^^^^^^^^^^
/home/zeus/miniconda3/envs/cloudspace/lib/python3.12/site-packages/diffusers/pipelines/stable_diffusion/pipeline_stable_diffusion.py:19: in <module>
    from transformers import CLIPImageProcessor, CLIPTextModel, CLIPTokenizer, CLIPVisionModelWithProjection
/home/zeus/miniconda3/envs/cloudspace/lib/python3.12/site-packages/transformers/utils/import_utils.py:2342: in __getattr__
    module = self._get_module(self._class_to_module[name])
             ^^^^^^^^^^^^^^^^^^^^^^^^^^^^^^^^^^^^^^^^^^^^^
/home/zeus/miniconda3/envs/cloudspace/lib/python3.12/site-packages/transformers/utils/import_utils.py:2576: in _get_module
    raise e
/home/zeus/miniconda3/envs/cloudspace/lib/python3.12/site-packages/transformers/utils/import_utils.py:2574: in _get_module
    return importlib.import_module("." + module_name, self.__name__)
           ^^^^^^^^^^^^^^^^^^^^^^^^^^^^^^^^^^^^^^^^^^^^^^^^^^^^^^^^^
/home/zeus/miniconda3/envs/cloudspace/lib/python3.12/importlib/__init__.py:90: in import_module
    return _bootstrap._gcd_import(name[level:], package, level)
           ^^^^^^^^^^^^^^^^^^^^^^^^^^^^^^^^^^^^^^^^^^^^^^^^^^^^
/home/zeus/miniconda3/envs/cloudspace/lib/python3.12/site-packages/transformers/models/clip/image_processing_clip.py:22: in <module>
    @auto_docstring
     ^^^^^^^^^^^^^^
/home/zeus/miniconda3/envs/cloudspace/lib/python3.12/site-packages/transformers/utils/auto_docstring.py:4536: in auto_docstring
    return auto_docstring_decorator(obj)
           ^^^^^^^^^^^^^^^^^^^^^^^^^^^^^
/home/zeus/miniconda3/envs/cloudspace/lib/python3.12/site-packages/transformers/utils/auto_docstring.py:4533: in auto_docstring_decorator
    return auto_class_docstring(obj, custom_args=custom_args, custom_intro=custom_intro, checkpoint=checkpoint)
           ^^^^^^^^^^^^^^^^^^^^^^^^^^^^^^^^^^^^^^^^^^^^^^^^^^^^^^^^^^^^^^^^^^^^^^^^^^^^^^^^^^^^^^^^^^^^^^^^^^^^
/home/zeus/miniconda3/envs/cloudspace/lib/python3.12/site-packages/transformers/utils/auto_docstring.py:4279: in auto_class_docstring
    getattr(auto_module, PLACEHOLDER_TO_AUTO_MODULE["model_class"][0]),
    ^^^^^^^^^^^^^^^^^^^^^^^^^^^^^^^^^^^^^^^^^^^^^^^^^^^^^^^^^^^^^^^^^^
/home/zeus/miniconda3/envs/cloudspace/lib/python3.12/site-packages/transformers/utils/import_utils.py:2436: in __getattr__
    value = self._get_module(name)
            ^^^^^^^^^^^^^^^^^^^^^^
/home/zeus/miniconda3/envs/cloudspace/lib/python3.12/site-packages/transformers/utils/import_utils.py:2576: in _get_module
    raise e
/home/zeus/miniconda3/envs/cloudspace/lib/python3.12/site-packages/transformers/utils/import_utils.py:2574: in _get_module
    return importlib.import_module("." + module_name, self.__name__)
           ^^^^^^^^^^^^^^^^^^^^^^^^^^^^^^^^^^^^^^^^^^^^^^^^^^^^^^^^^
/home/zeus/miniconda3/envs/cloudspace/lib/python3.12/importlib/__init__.py:90: in import_module
    return _bootstrap._gcd_import(name[level:], package, level)
           ^^^^^^^^^^^^^^^^^^^^^^^^^^^^^^^^^^^^^^^^^^^^^^^^^^^^
/home/zeus/miniconda3/envs/cloudspace/lib/python3.12/site-packages/transformers/models/auto/modeling_auto.py:21: in <module>
    from .auto_factory import (
/home/zeus/miniconda3/envs/cloudspace/lib/python3.12/site-packages/transformers/models/auto/auto_factory.py:42: in <module>
    from ...generation import GenerationMixin
/home/zeus/miniconda3/envs/cloudspace/lib/python3.12/site-packages/transformers/utils/import_utils.py:2342: in __getattr__
    module = self._get_module(self._class_to_module[name])
             ^^^^^^^^^^^^^^^^^^^^^^^^^^^^^^^^^^^^^^^^^^^^^
/home/zeus/miniconda3/envs/cloudspace/lib/python3.12/site-packages/transformers/utils/import_utils.py:2576: in _get_module
    raise e
/home/zeus/miniconda3/envs/cloudspace/lib/python3.12/site-packages/transformers/utils/import_utils.py:2574: in _get_module
    return importlib.import_module("." + module_name, self.__name__)
           ^^^^^^^^^^^^^^^^^^^^^^^^^^^^^^^^^^^^^^^^^^^^^^^^^^^^^^^^^
/home/zeus/miniconda3/envs/cloudspace/lib/python3.12/importlib/__init__.py:90: in import_module
    return _bootstrap._gcd_import(name[level:], package, level)
           ^^^^^^^^^^^^^^^^^^^^^^^^^^^^^^^^^^^^^^^^^^^^^^^^^^^^
/home/zeus/miniconda3/envs/cloudspace/lib/python3.12/site-packages/transformers/generation/utils.py:53: in <module>
    from .candidate_generator import (
/home/zeus/miniconda3/envs/cloudspace/lib/python3.12/site-packages/transformers/generation/candidate_generator.py:31: in <module>
    from sklearn.metrics import roc_curve
/home/zeus/miniconda3/envs/cloudspace/lib/python3.12/site-packages/sklearn/__init__.py:83: in <module>
    from .base import clone
/home/zeus/miniconda3/envs/cloudspace/lib/python3.12/site-packages/sklearn/base.py:19: in <module>
    from .utils import _IS_32BIT
/home/zeus/miniconda3/envs/cloudspace/lib/python3.12/site-packages/sklearn/utils/__init__.py:27: in <module>
    from .murmurhash import murmurhash3_32
_ _ _ _ _ _ _ _ _ _ _ _ _ _ _ _ _ _ _ _ _ _ _ _ _ _ _ _ _ _ _ _ _ _ _ _ _ _ _ _ 

>   ???
E   ValueError: numpy.dtype size changed, may indicate binary incompatibility. Expected 96 from C header, got 88 from PyObject

sklearn/utils/murmurhash.pyx:1: ValueError

The above exception was the direct cause of the following exception:

    @pytest.fixture(scope="module")
    def sd():
>       return SDWrapper(TINY)
               ^^^^^^^^^^^^^^^

tests/test_pipeline.py:43: 
_ _ _ _ _ _ _ _ _ _ _ _ _ _ _ _ _ _ _ _ _ _ _ _ _ _ _ _ _ _ _ _ _ _ _ _ _ _ _ _ 
src/models/sd.py:30: in __init__
    from diffusers import StableDiffusionPipeline
<frozen importlib._bootstrap>:1412: in _handle_fromlist
    ???
/home/zeus/miniconda3/envs/cloudspace/lib/python3.12/site-packages/diffusers/utils/import_utils.py:1043: in __getattr__
    value = getattr(module, name)
            ^^^^^^^^^^^^^^^^^^^^^
/home/zeus/miniconda3/envs/cloudspace/lib/python3.12/site-packages/diffusers/utils/import_utils.py:1043: in __getattr__
    value = getattr(module, name)
            ^^^^^^^^^^^^^^^^^^^^^
/home/zeus/miniconda3/envs/cloudspace/lib/python3.12/site-packages/diffusers/utils/import_utils.py:1042: in __getattr__
    module = self._get_module(self._class_to_module[name])
             ^^^^^^^^^^^^^^^^^^^^^^^^^^^^^^^^^^^^^^^^^^^^^
_ _ _ _ _ _ _ _ _ _ _ _ _ _ _ _ _ _ _ _ _ _ _ _ _ _ _ _ _ _ _ _ _ _ _ _ _ _ _ _ 

self = <module 'diffusers.pipelines.stable_diffusion' from '/home/zeus/miniconda3/envs/cloudspace/lib/python3.12/site-packages/diffusers/pipelines/stable_diffusion/__init__.py'>
module_name = 'pipeline_stable_diffusion'

    def _get_module(self, module_name: str):
        try:
            return importlib.import_module("." + module_name, self.__name__)
        except Exception as e:
>           raise RuntimeError(
                f"Failed to import {self.__name__}.{module_name} because of the following error (look up to see its"
                f" traceback):\n{e}"
            ) from e
E           RuntimeError: Failed to import diffusers.pipelines.stable_diffusion.pipeline_stable_diffusion because of the following error (look up to see its traceback):
E           numpy.dtype size changed, may indicate binary incompatibility. Expected 96 from C header, got 88 from PyObject

/home/zeus/miniconda3/envs/cloudspace/lib/python3.12/site-packages/diffusers/utils/import_utils.py:1054: RuntimeError
___________________ ERROR at setup of test_site_E_嵌入形狀不符時報錯 ____________________

self = <module 'diffusers.pipelines.stable_diffusion' from '/home/zeus/miniconda3/envs/cloudspace/lib/python3.12/site-packages/diffusers/pipelines/stable_diffusion/__init__.py'>
module_name = 'pipeline_stable_diffusion'

    def _get_module(self, module_name: str):
        try:
>           return importlib.import_module("." + module_name, self.__name__)
                   ^^^^^^^^^^^^^^^^^^^^^^^^^^^^^^^^^^^^^^^^^^^^^^^^^^^^^^^^^

/home/zeus/miniconda3/envs/cloudspace/lib/python3.12/site-packages/diffusers/utils/import_utils.py:1052: 
_ _ _ _ _ _ _ _ _ _ _ _ _ _ _ _ _ _ _ _ _ _ _ _ _ _ _ _ _ _ _ _ _ _ _ _ _ _ _ _ 
/home/zeus/miniconda3/envs/cloudspace/lib/python3.12/importlib/__init__.py:90: in import_module
    return _bootstrap._gcd_import(name[level:], package, level)
           ^^^^^^^^^^^^^^^^^^^^^^^^^^^^^^^^^^^^^^^^^^^^^^^^^^^^
/home/zeus/miniconda3/envs/cloudspace/lib/python3.12/site-packages/diffusers/pipelines/stable_diffusion/pipeline_stable_diffusion.py:19: in <module>
    from transformers import CLIPImageProcessor, CLIPTextModel, CLIPTokenizer, CLIPVisionModelWithProjection
/home/zeus/miniconda3/envs/cloudspace/lib/python3.12/site-packages/transformers/utils/import_utils.py:2342: in __getattr__
    module = self._get_module(self._class_to_module[name])
             ^^^^^^^^^^^^^^^^^^^^^^^^^^^^^^^^^^^^^^^^^^^^^
/home/zeus/miniconda3/envs/cloudspace/lib/python3.12/site-packages/transformers/utils/import_utils.py:2576: in _get_module
    raise e
/home/zeus/miniconda3/envs/cloudspace/lib/python3.12/site-packages/transformers/utils/import_utils.py:2574: in _get_module
    return importlib.import_module("." + module_name, self.__name__)
           ^^^^^^^^^^^^^^^^^^^^^^^^^^^^^^^^^^^^^^^^^^^^^^^^^^^^^^^^^
/home/zeus/miniconda3/envs/cloudspace/lib/python3.12/importlib/__init__.py:90: in import_module
    return _bootstrap._gcd_import(name[level:], package, level)
           ^^^^^^^^^^^^^^^^^^^^^^^^^^^^^^^^^^^^^^^^^^^^^^^^^^^^
/home/zeus/miniconda3/envs/cloudspace/lib/python3.12/site-packages/transformers/models/clip/image_processing_clip.py:22: in <module>
    @auto_docstring
     ^^^^^^^^^^^^^^
/home/zeus/miniconda3/envs/cloudspace/lib/python3.12/site-packages/transformers/utils/auto_docstring.py:4536: in auto_docstring
    return auto_docstring_decorator(obj)
           ^^^^^^^^^^^^^^^^^^^^^^^^^^^^^
/home/zeus/miniconda3/envs/cloudspace/lib/python3.12/site-packages/transformers/utils/auto_docstring.py:4533: in auto_docstring_decorator
    return auto_class_docstring(obj, custom_args=custom_args, custom_intro=custom_intro, checkpoint=checkpoint)
           ^^^^^^^^^^^^^^^^^^^^^^^^^^^^^^^^^^^^^^^^^^^^^^^^^^^^^^^^^^^^^^^^^^^^^^^^^^^^^^^^^^^^^^^^^^^^^^^^^^^^
/home/zeus/miniconda3/envs/cloudspace/lib/python3.12/site-packages/transformers/utils/auto_docstring.py:4279: in auto_class_docstring
    getattr(auto_module, PLACEHOLDER_TO_AUTO_MODULE["model_class"][0]),
    ^^^^^^^^^^^^^^^^^^^^^^^^^^^^^^^^^^^^^^^^^^^^^^^^^^^^^^^^^^^^^^^^^^
/home/zeus/miniconda3/envs/cloudspace/lib/python3.12/site-packages/transformers/utils/import_utils.py:2436: in __getattr__
    value = self._get_module(name)
            ^^^^^^^^^^^^^^^^^^^^^^
/home/zeus/miniconda3/envs/cloudspace/lib/python3.12/site-packages/transformers/utils/import_utils.py:2576: in _get_module
    raise e
/home/zeus/miniconda3/envs/cloudspace/lib/python3.12/site-packages/transformers/utils/import_utils.py:2574: in _get_module
    return importlib.import_module("." + module_name, self.__name__)
           ^^^^^^^^^^^^^^^^^^^^^^^^^^^^^^^^^^^^^^^^^^^^^^^^^^^^^^^^^
/home/zeus/miniconda3/envs/cloudspace/lib/python3.12/importlib/__init__.py:90: in import_module
    return _bootstrap._gcd_import(name[level:], package, level)
           ^^^^^^^^^^^^^^^^^^^^^^^^^^^^^^^^^^^^^^^^^^^^^^^^^^^^
/home/zeus/miniconda3/envs/cloudspace/lib/python3.12/site-packages/transformers/models/auto/modeling_auto.py:21: in <module>
    from .auto_factory import (
/home/zeus/miniconda3/envs/cloudspace/lib/python3.12/site-packages/transformers/models/auto/auto_factory.py:42: in <module>
    from ...generation import GenerationMixin
/home/zeus/miniconda3/envs/cloudspace/lib/python3.12/site-packages/transformers/utils/import_utils.py:2342: in __getattr__
    module = self._get_module(self._class_to_module[name])
             ^^^^^^^^^^^^^^^^^^^^^^^^^^^^^^^^^^^^^^^^^^^^^
/home/zeus/miniconda3/envs/cloudspace/lib/python3.12/site-packages/transformers/utils/import_utils.py:2576: in _get_module
    raise e
/home/zeus/miniconda3/envs/cloudspace/lib/python3.12/site-packages/transformers/utils/import_utils.py:2574: in _get_module
    return importlib.import_module("." + module_name, self.__name__)
           ^^^^^^^^^^^^^^^^^^^^^^^^^^^^^^^^^^^^^^^^^^^^^^^^^^^^^^^^^
/home/zeus/miniconda3/envs/cloudspace/lib/python3.12/importlib/__init__.py:90: in import_module
    return _bootstrap._gcd_import(name[level:], package, level)
           ^^^^^^^^^^^^^^^^^^^^^^^^^^^^^^^^^^^^^^^^^^^^^^^^^^^^
/home/zeus/miniconda3/envs/cloudspace/lib/python3.12/site-packages/transformers/generation/utils.py:53: in <module>
    from .candidate_generator import (
/home/zeus/miniconda3/envs/cloudspace/lib/python3.12/site-packages/transformers/generation/candidate_generator.py:31: in <module>
    from sklearn.metrics import roc_curve
/home/zeus/miniconda3/envs/cloudspace/lib/python3.12/site-packages/sklearn/__init__.py:83: in <module>
    from .base import clone
/home/zeus/miniconda3/envs/cloudspace/lib/python3.12/site-packages/sklearn/base.py:19: in <module>
    from .utils import _IS_32BIT
/home/zeus/miniconda3/envs/cloudspace/lib/python3.12/site-packages/sklearn/utils/__init__.py:27: in <module>
    from .murmurhash import murmurhash3_32
_ _ _ _ _ _ _ _ _ _ _ _ _ _ _ _ _ _ _ _ _ _ _ _ _ _ _ _ _ _ _ _ _ _ _ _ _ _ _ _ 

>   ???
E   ValueError: numpy.dtype size changed, may indicate binary incompatibility. Expected 96 from C header, got 88 from PyObject

sklearn/utils/murmurhash.pyx:1: ValueError

The above exception was the direct cause of the following exception:

    @pytest.fixture(scope="module")
    def sd():
>       return SDWrapper(TINY)
               ^^^^^^^^^^^^^^^

tests/test_pipeline.py:43: 
_ _ _ _ _ _ _ _ _ _ _ _ _ _ _ _ _ _ _ _ _ _ _ _ _ _ _ _ _ _ _ _ _ _ _ _ _ _ _ _ 
src/models/sd.py:30: in __init__
    from diffusers import StableDiffusionPipeline
<frozen importlib._bootstrap>:1412: in _handle_fromlist
    ???
/home/zeus/miniconda3/envs/cloudspace/lib/python3.12/site-packages/diffusers/utils/import_utils.py:1043: in __getattr__
    value = getattr(module, name)
            ^^^^^^^^^^^^^^^^^^^^^
/home/zeus/miniconda3/envs/cloudspace/lib/python3.12/site-packages/diffusers/utils/import_utils.py:1043: in __getattr__
    value = getattr(module, name)
            ^^^^^^^^^^^^^^^^^^^^^
/home/zeus/miniconda3/envs/cloudspace/lib/python3.12/site-packages/diffusers/utils/import_utils.py:1042: in __getattr__
    module = self._get_module(self._class_to_module[name])
             ^^^^^^^^^^^^^^^^^^^^^^^^^^^^^^^^^^^^^^^^^^^^^
_ _ _ _ _ _ _ _ _ _ _ _ _ _ _ _ _ _ _ _ _ _ _ _ _ _ _ _ _ _ _ _ _ _ _ _ _ _ _ _ 

self = <module 'diffusers.pipelines.stable_diffusion' from '/home/zeus/miniconda3/envs/cloudspace/lib/python3.12/site-packages/diffusers/pipelines/stable_diffusion/__init__.py'>
module_name = 'pipeline_stable_diffusion'

    def _get_module(self, module_name: str):
        try:
            return importlib.import_module("." + module_name, self.__name__)
        except Exception as e:
>           raise RuntimeError(
                f"Failed to import {self.__name__}.{module_name} because of the following error (look up to see its"
                f" traceback):\n{e}"
            ) from e
E           RuntimeError: Failed to import diffusers.pipelines.stable_diffusion.pipeline_stable_diffusion because of the following error (look up to see its traceback):
E           numpy.dtype size changed, may indicate binary incompatibility. Expected 96 from C header, got 88 from PyObject

/home/zeus/miniconda3/envs/cloudspace/lib/python3.12/site-packages/diffusers/utils/import_utils.py:1054: RuntimeError
________________ ERROR at setup of test_site_W_初始B為零時完全不改變模型行為 _________________

self = <module 'diffusers.pipelines.stable_diffusion' from '/home/zeus/miniconda3/envs/cloudspace/lib/python3.12/site-packages/diffusers/pipelines/stable_diffusion/__init__.py'>
module_name = 'pipeline_stable_diffusion'

    def _get_module(self, module_name: str):
        try:
>           return importlib.import_module("." + module_name, self.__name__)
                   ^^^^^^^^^^^^^^^^^^^^^^^^^^^^^^^^^^^^^^^^^^^^^^^^^^^^^^^^^

/home/zeus/miniconda3/envs/cloudspace/lib/python3.12/site-packages/diffusers/utils/import_utils.py:1052: 
_ _ _ _ _ _ _ _ _ _ _ _ _ _ _ _ _ _ _ _ _ _ _ _ _ _ _ _ _ _ _ _ _ _ _ _ _ _ _ _ 
/home/zeus/miniconda3/envs/cloudspace/lib/python3.12/importlib/__init__.py:90: in import_module
    return _bootstrap._gcd_import(name[level:], package, level)
           ^^^^^^^^^^^^^^^^^^^^^^^^^^^^^^^^^^^^^^^^^^^^^^^^^^^^
/home/zeus/miniconda3/envs/cloudspace/lib/python3.12/site-packages/diffusers/pipelines/stable_diffusion/pipeline_stable_diffusion.py:19: in <module>
    from transformers import CLIPImageProcessor, CLIPTextModel, CLIPTokenizer, CLIPVisionModelWithProjection
/home/zeus/miniconda3/envs/cloudspace/lib/python3.12/site-packages/transformers/utils/import_utils.py:2342: in __getattr__
    module = self._get_module(self._class_to_module[name])
             ^^^^^^^^^^^^^^^^^^^^^^^^^^^^^^^^^^^^^^^^^^^^^
/home/zeus/miniconda3/envs/cloudspace/lib/python3.12/site-packages/transformers/utils/import_utils.py:2576: in _get_module
    raise e
/home/zeus/miniconda3/envs/cloudspace/lib/python3.12/site-packages/transformers/utils/import_utils.py:2574: in _get_module
    return importlib.import_module("." + module_name, self.__name__)
           ^^^^^^^^^^^^^^^^^^^^^^^^^^^^^^^^^^^^^^^^^^^^^^^^^^^^^^^^^
/home/zeus/miniconda3/envs/cloudspace/lib/python3.12/importlib/__init__.py:90: in import_module
    return _bootstrap._gcd_import(name[level:], package, level)
           ^^^^^^^^^^^^^^^^^^^^^^^^^^^^^^^^^^^^^^^^^^^^^^^^^^^^
/home/zeus/miniconda3/envs/cloudspace/lib/python3.12/site-packages/transformers/models/clip/image_processing_clip.py:22: in <module>
    @auto_docstring
     ^^^^^^^^^^^^^^
/home/zeus/miniconda3/envs/cloudspace/lib/python3.12/site-packages/transformers/utils/auto_docstring.py:4536: in auto_docstring
    return auto_docstring_decorator(obj)
           ^^^^^^^^^^^^^^^^^^^^^^^^^^^^^
/home/zeus/miniconda3/envs/cloudspace/lib/python3.12/site-packages/transformers/utils/auto_docstring.py:4533: in auto_docstring_decorator
    return auto_class_docstring(obj, custom_args=custom_args, custom_intro=custom_intro, checkpoint=checkpoint)
           ^^^^^^^^^^^^^^^^^^^^^^^^^^^^^^^^^^^^^^^^^^^^^^^^^^^^^^^^^^^^^^^^^^^^^^^^^^^^^^^^^^^^^^^^^^^^^^^^^^^^
/home/zeus/miniconda3/envs/cloudspace/lib/python3.12/site-packages/transformers/utils/auto_docstring.py:4279: in auto_class_docstring
    getattr(auto_module, PLACEHOLDER_TO_AUTO_MODULE["model_class"][0]),
    ^^^^^^^^^^^^^^^^^^^^^^^^^^^^^^^^^^^^^^^^^^^^^^^^^^^^^^^^^^^^^^^^^^
/home/zeus/miniconda3/envs/cloudspace/lib/python3.12/site-packages/transformers/utils/import_utils.py:2436: in __getattr__
    value = self._get_module(name)
            ^^^^^^^^^^^^^^^^^^^^^^
/home/zeus/miniconda3/envs/cloudspace/lib/python3.12/site-packages/transformers/utils/import_utils.py:2576: in _get_module
    raise e
/home/zeus/miniconda3/envs/cloudspace/lib/python3.12/site-packages/transformers/utils/import_utils.py:2574: in _get_module
    return importlib.import_module("." + module_name, self.__name__)
           ^^^^^^^^^^^^^^^^^^^^^^^^^^^^^^^^^^^^^^^^^^^^^^^^^^^^^^^^^
/home/zeus/miniconda3/envs/cloudspace/lib/python3.12/importlib/__init__.py:90: in import_module
    return _bootstrap._gcd_import(name[level:], package, level)
           ^^^^^^^^^^^^^^^^^^^^^^^^^^^^^^^^^^^^^^^^^^^^^^^^^^^^
/home/zeus/miniconda3/envs/cloudspace/lib/python3.12/site-packages/transformers/models/auto/modeling_auto.py:21: in <module>
    from .auto_factory import (
/home/zeus/miniconda3/envs/cloudspace/lib/python3.12/site-packages/transformers/models/auto/auto_factory.py:42: in <module>
    from ...generation import GenerationMixin
/home/zeus/miniconda3/envs/cloudspace/lib/python3.12/site-packages/transformers/utils/import_utils.py:2342: in __getattr__
    module = self._get_module(self._class_to_module[name])
             ^^^^^^^^^^^^^^^^^^^^^^^^^^^^^^^^^^^^^^^^^^^^^
/home/zeus/miniconda3/envs/cloudspace/lib/python3.12/site-packages/transformers/utils/import_utils.py:2576: in _get_module
    raise e
/home/zeus/miniconda3/envs/cloudspace/lib/python3.12/site-packages/transformers/utils/import_utils.py:2574: in _get_module
    return importlib.import_module("." + module_name, self.__name__)
           ^^^^^^^^^^^^^^^^^^^^^^^^^^^^^^^^^^^^^^^^^^^^^^^^^^^^^^^^^
/home/zeus/miniconda3/envs/cloudspace/lib/python3.12/importlib/__init__.py:90: in import_module
    return _bootstrap._gcd_import(name[level:], package, level)
           ^^^^^^^^^^^^^^^^^^^^^^^^^^^^^^^^^^^^^^^^^^^^^^^^^^^^
/home/zeus/miniconda3/envs/cloudspace/lib/python3.12/site-packages/transformers/generation/utils.py:53: in <module>
    from .candidate_generator import (
/home/zeus/miniconda3/envs/cloudspace/lib/python3.12/site-packages/transformers/generation/candidate_generator.py:31: in <module>
    from sklearn.metrics import roc_curve
/home/zeus/miniconda3/envs/cloudspace/lib/python3.12/site-packages/sklearn/__init__.py:83: in <module>
    from .base import clone
/home/zeus/miniconda3/envs/cloudspace/lib/python3.12/site-packages/sklearn/base.py:19: in <module>
    from .utils import _IS_32BIT
/home/zeus/miniconda3/envs/cloudspace/lib/python3.12/site-packages/sklearn/utils/__init__.py:27: in <module>
    from .murmurhash import murmurhash3_32
_ _ _ _ _ _ _ _ _ _ _ _ _ _ _ _ _ _ _ _ _ _ _ _ _ _ _ _ _ _ _ _ _ _ _ _ _ _ _ _ 

>   ???
E   ValueError: numpy.dtype size changed, may indicate binary incompatibility. Expected 96 from C header, got 88 from PyObject

sklearn/utils/murmurhash.pyx:1: ValueError

The above exception was the direct cause of the following exception:

    @pytest.fixture(scope="module")
    def sd():
>       return SDWrapper(TINY)
               ^^^^^^^^^^^^^^^

tests/test_pipeline.py:43: 
_ _ _ _ _ _ _ _ _ _ _ _ _ _ _ _ _ _ _ _ _ _ _ _ _ _ _ _ _ _ _ _ _ _ _ _ _ _ _ _ 
src/models/sd.py:30: in __init__
    from diffusers import StableDiffusionPipeline
<frozen importlib._bootstrap>:1412: in _handle_fromlist
    ???
/home/zeus/miniconda3/envs/cloudspace/lib/python3.12/site-packages/diffusers/utils/import_utils.py:1043: in __getattr__
    value = getattr(module, name)
            ^^^^^^^^^^^^^^^^^^^^^
/home/zeus/miniconda3/envs/cloudspace/lib/python3.12/site-packages/diffusers/utils/import_utils.py:1043: in __getattr__
    value = getattr(module, name)
            ^^^^^^^^^^^^^^^^^^^^^
/home/zeus/miniconda3/envs/cloudspace/lib/python3.12/site-packages/diffusers/utils/import_utils.py:1042: in __getattr__
    module = self._get_module(self._class_to_module[name])
             ^^^^^^^^^^^^^^^^^^^^^^^^^^^^^^^^^^^^^^^^^^^^^
_ _ _ _ _ _ _ _ _ _ _ _ _ _ _ _ _ _ _ _ _ _ _ _ _ _ _ _ _ _ _ _ _ _ _ _ _ _ _ _ 

self = <module 'diffusers.pipelines.stable_diffusion' from '/home/zeus/miniconda3/envs/cloudspace/lib/python3.12/site-packages/diffusers/pipelines/stable_diffusion/__init__.py'>
module_name = 'pipeline_stable_diffusion'

    def _get_module(self, module_name: str):
        try:
            return importlib.import_module("." + module_name, self.__name__)
        except Exception as e:
>           raise RuntimeError(
                f"Failed to import {self.__name__}.{module_name} because of the following error (look up to see its"
                f" traceback):\n{e}"
            ) from e
E           RuntimeError: Failed to import diffusers.pipelines.stable_diffusion.pipeline_stable_diffusion because of the following error (look up to see its traceback):
E           numpy.dtype size changed, may indicate binary incompatibility. Expected 96 from C header, got 88 from PyObject

/home/zeus/miniconda3/envs/cloudspace/lib/python3.12/site-packages/diffusers/utils/import_utils.py:1054: RuntimeError
_______________ ERROR at setup of test_site_W_B非零時結果必須改變且梯度抵達phi _______________

self = <module 'diffusers.pipelines.stable_diffusion' from '/home/zeus/miniconda3/envs/cloudspace/lib/python3.12/site-packages/diffusers/pipelines/stable_diffusion/__init__.py'>
module_name = 'pipeline_stable_diffusion'

    def _get_module(self, module_name: str):
        try:
>           return importlib.import_module("." + module_name, self.__name__)
                   ^^^^^^^^^^^^^^^^^^^^^^^^^^^^^^^^^^^^^^^^^^^^^^^^^^^^^^^^^

/home/zeus/miniconda3/envs/cloudspace/lib/python3.12/site-packages/diffusers/utils/import_utils.py:1052: 
_ _ _ _ _ _ _ _ _ _ _ _ _ _ _ _ _ _ _ _ _ _ _ _ _ _ _ _ _ _ _ _ _ _ _ _ _ _ _ _ 
/home/zeus/miniconda3/envs/cloudspace/lib/python3.12/importlib/__init__.py:90: in import_module
    return _bootstrap._gcd_import(name[level:], package, level)
           ^^^^^^^^^^^^^^^^^^^^^^^^^^^^^^^^^^^^^^^^^^^^^^^^^^^^
/home/zeus/miniconda3/envs/cloudspace/lib/python3.12/site-packages/diffusers/pipelines/stable_diffusion/pipeline_stable_diffusion.py:19: in <module>
    from transformers import CLIPImageProcessor, CLIPTextModel, CLIPTokenizer, CLIPVisionModelWithProjection
/home/zeus/miniconda3/envs/cloudspace/lib/python3.12/site-packages/transformers/utils/import_utils.py:2342: in __getattr__
    module = self._get_module(self._class_to_module[name])
             ^^^^^^^^^^^^^^^^^^^^^^^^^^^^^^^^^^^^^^^^^^^^^
/home/zeus/miniconda3/envs/cloudspace/lib/python3.12/site-packages/transformers/utils/import_utils.py:2576: in _get_module
    raise e
/home/zeus/miniconda3/envs/cloudspace/lib/python3.12/site-packages/transformers/utils/import_utils.py:2574: in _get_module
    return importlib.import_module("." + module_name, self.__name__)
           ^^^^^^^^^^^^^^^^^^^^^^^^^^^^^^^^^^^^^^^^^^^^^^^^^^^^^^^^^
/home/zeus/miniconda3/envs/cloudspace/lib/python3.12/importlib/__init__.py:90: in import_module
    return _bootstrap._gcd_import(name[level:], package, level)
           ^^^^^^^^^^^^^^^^^^^^^^^^^^^^^^^^^^^^^^^^^^^^^^^^^^^^
/home/zeus/miniconda3/envs/cloudspace/lib/python3.12/site-packages/transformers/models/clip/image_processing_clip.py:22: in <module>
    @auto_docstring
     ^^^^^^^^^^^^^^
/home/zeus/miniconda3/envs/cloudspace/lib/python3.12/site-packages/transformers/utils/auto_docstring.py:4536: in auto_docstring
    return auto_docstring_decorator(obj)
           ^^^^^^^^^^^^^^^^^^^^^^^^^^^^^
/home/zeus/miniconda3/envs/cloudspace/lib/python3.12/site-packages/transformers/utils/auto_docstring.py:4533: in auto_docstring_decorator
    return auto_class_docstring(obj, custom_args=custom_args, custom_intro=custom_intro, checkpoint=checkpoint)
           ^^^^^^^^^^^^^^^^^^^^^^^^^^^^^^^^^^^^^^^^^^^^^^^^^^^^^^^^^^^^^^^^^^^^^^^^^^^^^^^^^^^^^^^^^^^^^^^^^^^^
/home/zeus/miniconda3/envs/cloudspace/lib/python3.12/site-packages/transformers/utils/auto_docstring.py:4279: in auto_class_docstring
    getattr(auto_module, PLACEHOLDER_TO_AUTO_MODULE["model_class"][0]),
    ^^^^^^^^^^^^^^^^^^^^^^^^^^^^^^^^^^^^^^^^^^^^^^^^^^^^^^^^^^^^^^^^^^
/home/zeus/miniconda3/envs/cloudspace/lib/python3.12/site-packages/transformers/utils/import_utils.py:2436: in __getattr__
    value = self._get_module(name)
            ^^^^^^^^^^^^^^^^^^^^^^
/home/zeus/miniconda3/envs/cloudspace/lib/python3.12/site-packages/transformers/utils/import_utils.py:2576: in _get_module
    raise e
/home/zeus/miniconda3/envs/cloudspace/lib/python3.12/site-packages/transformers/utils/import_utils.py:2574: in _get_module
    return importlib.import_module("." + module_name, self.__name__)
           ^^^^^^^^^^^^^^^^^^^^^^^^^^^^^^^^^^^^^^^^^^^^^^^^^^^^^^^^^
/home/zeus/miniconda3/envs/cloudspace/lib/python3.12/importlib/__init__.py:90: in import_module
    return _bootstrap._gcd_import(name[level:], package, level)
           ^^^^^^^^^^^^^^^^^^^^^^^^^^^^^^^^^^^^^^^^^^^^^^^^^^^^
/home/zeus/miniconda3/envs/cloudspace/lib/python3.12/site-packages/transformers/models/auto/modeling_auto.py:21: in <module>
    from .auto_factory import (
/home/zeus/miniconda3/envs/cloudspace/lib/python3.12/site-packages/transformers/models/auto/auto_factory.py:42: in <module>
    from ...generation import GenerationMixin
/home/zeus/miniconda3/envs/cloudspace/lib/python3.12/site-packages/transformers/utils/import_utils.py:2342: in __getattr__
    module = self._get_module(self._class_to_module[name])
             ^^^^^^^^^^^^^^^^^^^^^^^^^^^^^^^^^^^^^^^^^^^^^
/home/zeus/miniconda3/envs/cloudspace/lib/python3.12/site-packages/transformers/utils/import_utils.py:2576: in _get_module
    raise e
/home/zeus/miniconda3/envs/cloudspace/lib/python3.12/site-packages/transformers/utils/import_utils.py:2574: in _get_module
    return importlib.import_module("." + module_name, self.__name__)
           ^^^^^^^^^^^^^^^^^^^^^^^^^^^^^^^^^^^^^^^^^^^^^^^^^^^^^^^^^
/home/zeus/miniconda3/envs/cloudspace/lib/python3.12/importlib/__init__.py:90: in import_module
    return _bootstrap._gcd_import(name[level:], package, level)
           ^^^^^^^^^^^^^^^^^^^^^^^^^^^^^^^^^^^^^^^^^^^^^^^^^^^^
/home/zeus/miniconda3/envs/cloudspace/lib/python3.12/site-packages/transformers/generation/utils.py:53: in <module>
    from .candidate_generator import (
/home/zeus/miniconda3/envs/cloudspace/lib/python3.12/site-packages/transformers/generation/candidate_generator.py:31: in <module>
    from sklearn.metrics import roc_curve
/home/zeus/miniconda3/envs/cloudspace/lib/python3.12/site-packages/sklearn/__init__.py:83: in <module>
    from .base import clone
/home/zeus/miniconda3/envs/cloudspace/lib/python3.12/site-packages/sklearn/base.py:19: in <module>
    from .utils import _IS_32BIT
/home/zeus/miniconda3/envs/cloudspace/lib/python3.12/site-packages/sklearn/utils/__init__.py:27: in <module>
    from .murmurhash import murmurhash3_32
_ _ _ _ _ _ _ _ _ _ _ _ _ _ _ _ _ _ _ _ _ _ _ _ _ _ _ _ _ _ _ _ _ _ _ _ _ _ _ _ 

>   ???
E   ValueError: numpy.dtype size changed, may indicate binary incompatibility. Expected 96 from C header, got 88 from PyObject

sklearn/utils/murmurhash.pyx:1: ValueError

The above exception was the direct cause of the following exception:

    @pytest.fixture(scope="module")
    def sd():
>       return SDWrapper(TINY)
               ^^^^^^^^^^^^^^^

tests/test_pipeline.py:43: 
_ _ _ _ _ _ _ _ _ _ _ _ _ _ _ _ _ _ _ _ _ _ _ _ _ _ _ _ _ _ _ _ _ _ _ _ _ _ _ _ 
src/models/sd.py:30: in __init__
    from diffusers import StableDiffusionPipeline
<frozen importlib._bootstrap>:1412: in _handle_fromlist
    ???
/home/zeus/miniconda3/envs/cloudspace/lib/python3.12/site-packages/diffusers/utils/import_utils.py:1043: in __getattr__
    value = getattr(module, name)
            ^^^^^^^^^^^^^^^^^^^^^
/home/zeus/miniconda3/envs/cloudspace/lib/python3.12/site-packages/diffusers/utils/import_utils.py:1043: in __getattr__
    value = getattr(module, name)
            ^^^^^^^^^^^^^^^^^^^^^
/home/zeus/miniconda3/envs/cloudspace/lib/python3.12/site-packages/diffusers/utils/import_utils.py:1042: in __getattr__
    module = self._get_module(self._class_to_module[name])
             ^^^^^^^^^^^^^^^^^^^^^^^^^^^^^^^^^^^^^^^^^^^^^
_ _ _ _ _ _ _ _ _ _ _ _ _ _ _ _ _ _ _ _ _ _ _ _ _ _ _ _ _ _ _ _ _ _ _ _ _ _ _ _ 

self = <module 'diffusers.pipelines.stable_diffusion' from '/home/zeus/miniconda3/envs/cloudspace/lib/python3.12/site-packages/diffusers/pipelines/stable_diffusion/__init__.py'>
module_name = 'pipeline_stable_diffusion'

    def _get_module(self, module_name: str):
        try:
            return importlib.import_module("." + module_name, self.__name__)
        except Exception as e:
>           raise RuntimeError(
                f"Failed to import {self.__name__}.{module_name} because of the following error (look up to see its"
                f" traceback):\n{e}"
            ) from e
E           RuntimeError: Failed to import diffusers.pipelines.stable_diffusion.pipeline_stable_diffusion because of the following error (look up to see its traceback):
E           numpy.dtype size changed, may indicate binary incompatibility. Expected 96 from C header, got 88 from PyObject

/home/zeus/miniconda3/envs/cloudspace/lib/python3.12/site-packages/diffusers/utils/import_utils.py:1054: RuntimeError
_________________ ERROR at setup of test_site_W_remove後模型完全還原 __________________

self = <module 'diffusers.pipelines.stable_diffusion' from '/home/zeus/miniconda3/envs/cloudspace/lib/python3.12/site-packages/diffusers/pipelines/stable_diffusion/__init__.py'>
module_name = 'pipeline_stable_diffusion'

    def _get_module(self, module_name: str):
        try:
>           return importlib.import_module("." + module_name, self.__name__)
                   ^^^^^^^^^^^^^^^^^^^^^^^^^^^^^^^^^^^^^^^^^^^^^^^^^^^^^^^^^

/home/zeus/miniconda3/envs/cloudspace/lib/python3.12/site-packages/diffusers/utils/import_utils.py:1052: 
_ _ _ _ _ _ _ _ _ _ _ _ _ _ _ _ _ _ _ _ _ _ _ _ _ _ _ _ _ _ _ _ _ _ _ _ _ _ _ _ 
/home/zeus/miniconda3/envs/cloudspace/lib/python3.12/importlib/__init__.py:90: in import_module
    return _bootstrap._gcd_import(name[level:], package, level)
           ^^^^^^^^^^^^^^^^^^^^^^^^^^^^^^^^^^^^^^^^^^^^^^^^^^^^
/home/zeus/miniconda3/envs/cloudspace/lib/python3.12/site-packages/diffusers/pipelines/stable_diffusion/pipeline_stable_diffusion.py:19: in <module>
    from transformers import CLIPImageProcessor, CLIPTextModel, CLIPTokenizer, CLIPVisionModelWithProjection
/home/zeus/miniconda3/envs/cloudspace/lib/python3.12/site-packages/transformers/utils/import_utils.py:2342: in __getattr__
    module = self._get_module(self._class_to_module[name])
             ^^^^^^^^^^^^^^^^^^^^^^^^^^^^^^^^^^^^^^^^^^^^^
/home/zeus/miniconda3/envs/cloudspace/lib/python3.12/site-packages/transformers/utils/import_utils.py:2576: in _get_module
    raise e
/home/zeus/miniconda3/envs/cloudspace/lib/python3.12/site-packages/transformers/utils/import_utils.py:2574: in _get_module
    return importlib.import_module("." + module_name, self.__name__)
           ^^^^^^^^^^^^^^^^^^^^^^^^^^^^^^^^^^^^^^^^^^^^^^^^^^^^^^^^^
/home/zeus/miniconda3/envs/cloudspace/lib/python3.12/importlib/__init__.py:90: in import_module
    return _bootstrap._gcd_import(name[level:], package, level)
           ^^^^^^^^^^^^^^^^^^^^^^^^^^^^^^^^^^^^^^^^^^^^^^^^^^^^
/home/zeus/miniconda3/envs/cloudspace/lib/python3.12/site-packages/transformers/models/clip/image_processing_clip.py:22: in <module>
    @auto_docstring
     ^^^^^^^^^^^^^^
/home/zeus/miniconda3/envs/cloudspace/lib/python3.12/site-packages/transformers/utils/auto_docstring.py:4536: in auto_docstring
    return auto_docstring_decorator(obj)
           ^^^^^^^^^^^^^^^^^^^^^^^^^^^^^
/home/zeus/miniconda3/envs/cloudspace/lib/python3.12/site-packages/transformers/utils/auto_docstring.py:4533: in auto_docstring_decorator
    return auto_class_docstring(obj, custom_args=custom_args, custom_intro=custom_intro, checkpoint=checkpoint)
           ^^^^^^^^^^^^^^^^^^^^^^^^^^^^^^^^^^^^^^^^^^^^^^^^^^^^^^^^^^^^^^^^^^^^^^^^^^^^^^^^^^^^^^^^^^^^^^^^^^^^
/home/zeus/miniconda3/envs/cloudspace/lib/python3.12/site-packages/transformers/utils/auto_docstring.py:4279: in auto_class_docstring
    getattr(auto_module, PLACEHOLDER_TO_AUTO_MODULE["model_class"][0]),
    ^^^^^^^^^^^^^^^^^^^^^^^^^^^^^^^^^^^^^^^^^^^^^^^^^^^^^^^^^^^^^^^^^^
/home/zeus/miniconda3/envs/cloudspace/lib/python3.12/site-packages/transformers/utils/import_utils.py:2436: in __getattr__
    value = self._get_module(name)
            ^^^^^^^^^^^^^^^^^^^^^^
/home/zeus/miniconda3/envs/cloudspace/lib/python3.12/site-packages/transformers/utils/import_utils.py:2576: in _get_module
    raise e
/home/zeus/miniconda3/envs/cloudspace/lib/python3.12/site-packages/transformers/utils/import_utils.py:2574: in _get_module
    return importlib.import_module("." + module_name, self.__name__)
           ^^^^^^^^^^^^^^^^^^^^^^^^^^^^^^^^^^^^^^^^^^^^^^^^^^^^^^^^^
/home/zeus/miniconda3/envs/cloudspace/lib/python3.12/importlib/__init__.py:90: in import_module
    return _bootstrap._gcd_import(name[level:], package, level)
           ^^^^^^^^^^^^^^^^^^^^^^^^^^^^^^^^^^^^^^^^^^^^^^^^^^^^
/home/zeus/miniconda3/envs/cloudspace/lib/python3.12/site-packages/transformers/models/auto/modeling_auto.py:21: in <module>
    from .auto_factory import (
/home/zeus/miniconda3/envs/cloudspace/lib/python3.12/site-packages/transformers/models/auto/auto_factory.py:42: in <module>
    from ...generation import GenerationMixin
/home/zeus/miniconda3/envs/cloudspace/lib/python3.12/site-packages/transformers/utils/import_utils.py:2342: in __getattr__
    module = self._get_module(self._class_to_module[name])
             ^^^^^^^^^^^^^^^^^^^^^^^^^^^^^^^^^^^^^^^^^^^^^
/home/zeus/miniconda3/envs/cloudspace/lib/python3.12/site-packages/transformers/utils/import_utils.py:2576: in _get_module
    raise e
/home/zeus/miniconda3/envs/cloudspace/lib/python3.12/site-packages/transformers/utils/import_utils.py:2574: in _get_module
    return importlib.import_module("." + module_name, self.__name__)
           ^^^^^^^^^^^^^^^^^^^^^^^^^^^^^^^^^^^^^^^^^^^^^^^^^^^^^^^^^
/home/zeus/miniconda3/envs/cloudspace/lib/python3.12/importlib/__init__.py:90: in import_module
    return _bootstrap._gcd_import(name[level:], package, level)
           ^^^^^^^^^^^^^^^^^^^^^^^^^^^^^^^^^^^^^^^^^^^^^^^^^^^^
/home/zeus/miniconda3/envs/cloudspace/lib/python3.12/site-packages/transformers/generation/utils.py:53: in <module>
    from .candidate_generator import (
/home/zeus/miniconda3/envs/cloudspace/lib/python3.12/site-packages/transformers/generation/candidate_generator.py:31: in <module>
    from sklearn.metrics import roc_curve
/home/zeus/miniconda3/envs/cloudspace/lib/python3.12/site-packages/sklearn/__init__.py:83: in <module>
    from .base import clone
/home/zeus/miniconda3/envs/cloudspace/lib/python3.12/site-packages/sklearn/base.py:19: in <module>
    from .utils import _IS_32BIT
/home/zeus/miniconda3/envs/cloudspace/lib/python3.12/site-packages/sklearn/utils/__init__.py:27: in <module>
    from .murmurhash import murmurhash3_32
_ _ _ _ _ _ _ _ _ _ _ _ _ _ _ _ _ _ _ _ _ _ _ _ _ _ _ _ _ _ _ _ _ _ _ _ _ _ _ _ 

>   ???
E   ValueError: numpy.dtype size changed, may indicate binary incompatibility. Expected 96 from C header, got 88 from PyObject

sklearn/utils/murmurhash.pyx:1: ValueError

The above exception was the direct cause of the following exception:

    @pytest.fixture(scope="module")
    def sd():
>       return SDWrapper(TINY)
               ^^^^^^^^^^^^^^^

tests/test_pipeline.py:43: 
_ _ _ _ _ _ _ _ _ _ _ _ _ _ _ _ _ _ _ _ _ _ _ _ _ _ _ _ _ _ _ _ _ _ _ _ _ _ _ _ 
src/models/sd.py:30: in __init__
    from diffusers import StableDiffusionPipeline
<frozen importlib._bootstrap>:1412: in _handle_fromlist
    ???
/home/zeus/miniconda3/envs/cloudspace/lib/python3.12/site-packages/diffusers/utils/import_utils.py:1043: in __getattr__
    value = getattr(module, name)
            ^^^^^^^^^^^^^^^^^^^^^
/home/zeus/miniconda3/envs/cloudspace/lib/python3.12/site-packages/diffusers/utils/import_utils.py:1043: in __getattr__
    value = getattr(module, name)
            ^^^^^^^^^^^^^^^^^^^^^
/home/zeus/miniconda3/envs/cloudspace/lib/python3.12/site-packages/diffusers/utils/import_utils.py:1042: in __getattr__
    module = self._get_module(self._class_to_module[name])
             ^^^^^^^^^^^^^^^^^^^^^^^^^^^^^^^^^^^^^^^^^^^^^
_ _ _ _ _ _ _ _ _ _ _ _ _ _ _ _ _ _ _ _ _ _ _ _ _ _ _ _ _ _ _ _ _ _ _ _ _ _ _ _ 

self = <module 'diffusers.pipelines.stable_diffusion' from '/home/zeus/miniconda3/envs/cloudspace/lib/python3.12/site-packages/diffusers/pipelines/stable_diffusion/__init__.py'>
module_name = 'pipeline_stable_diffusion'

    def _get_module(self, module_name: str):
        try:
            return importlib.import_module("." + module_name, self.__name__)
        except Exception as e:
>           raise RuntimeError(
                f"Failed to import {self.__name__}.{module_name} because of the following error (look up to see its"
                f" traceback):\n{e}"
            ) from e
E           RuntimeError: Failed to import diffusers.pipelines.stable_diffusion.pipeline_stable_diffusion because of the following error (look up to see its traceback):
E           numpy.dtype size changed, may indicate binary incompatibility. Expected 96 from C header, got 88 from PyObject

/home/zeus/miniconda3/envs/cloudspace/lib/python3.12/site-packages/diffusers/utils/import_utils.py:1054: RuntimeError
______________ ERROR at setup of test_site_W_參數量等於逐層r乘以進出維度之和[2] _______________

self = <module 'diffusers.pipelines.stable_diffusion' from '/home/zeus/miniconda3/envs/cloudspace/lib/python3.12/site-packages/diffusers/pipelines/stable_diffusion/__init__.py'>
module_name = 'pipeline_stable_diffusion'

    def _get_module(self, module_name: str):
        try:
>           return importlib.import_module("." + module_name, self.__name__)
                   ^^^^^^^^^^^^^^^^^^^^^^^^^^^^^^^^^^^^^^^^^^^^^^^^^^^^^^^^^

/home/zeus/miniconda3/envs/cloudspace/lib/python3.12/site-packages/diffusers/utils/import_utils.py:1052: 
_ _ _ _ _ _ _ _ _ _ _ _ _ _ _ _ _ _ _ _ _ _ _ _ _ _ _ _ _ _ _ _ _ _ _ _ _ _ _ _ 
/home/zeus/miniconda3/envs/cloudspace/lib/python3.12/importlib/__init__.py:90: in import_module
    return _bootstrap._gcd_import(name[level:], package, level)
           ^^^^^^^^^^^^^^^^^^^^^^^^^^^^^^^^^^^^^^^^^^^^^^^^^^^^
/home/zeus/miniconda3/envs/cloudspace/lib/python3.12/site-packages/diffusers/pipelines/stable_diffusion/pipeline_stable_diffusion.py:19: in <module>
    from transformers import CLIPImageProcessor, CLIPTextModel, CLIPTokenizer, CLIPVisionModelWithProjection
/home/zeus/miniconda3/envs/cloudspace/lib/python3.12/site-packages/transformers/utils/import_utils.py:2342: in __getattr__
    module = self._get_module(self._class_to_module[name])
             ^^^^^^^^^^^^^^^^^^^^^^^^^^^^^^^^^^^^^^^^^^^^^
/home/zeus/miniconda3/envs/cloudspace/lib/python3.12/site-packages/transformers/utils/import_utils.py:2576: in _get_module
    raise e
/home/zeus/miniconda3/envs/cloudspace/lib/python3.12/site-packages/transformers/utils/import_utils.py:2574: in _get_module
    return importlib.import_module("." + module_name, self.__name__)
           ^^^^^^^^^^^^^^^^^^^^^^^^^^^^^^^^^^^^^^^^^^^^^^^^^^^^^^^^^
/home/zeus/miniconda3/envs/cloudspace/lib/python3.12/importlib/__init__.py:90: in import_module
    return _bootstrap._gcd_import(name[level:], package, level)
           ^^^^^^^^^^^^^^^^^^^^^^^^^^^^^^^^^^^^^^^^^^^^^^^^^^^^
/home/zeus/miniconda3/envs/cloudspace/lib/python3.12/site-packages/transformers/models/clip/image_processing_clip.py:22: in <module>
    @auto_docstring
     ^^^^^^^^^^^^^^
/home/zeus/miniconda3/envs/cloudspace/lib/python3.12/site-packages/transformers/utils/auto_docstring.py:4536: in auto_docstring
    return auto_docstring_decorator(obj)
           ^^^^^^^^^^^^^^^^^^^^^^^^^^^^^
/home/zeus/miniconda3/envs/cloudspace/lib/python3.12/site-packages/transformers/utils/auto_docstring.py:4533: in auto_docstring_decorator
    return auto_class_docstring(obj, custom_args=custom_args, custom_intro=custom_intro, checkpoint=checkpoint)
           ^^^^^^^^^^^^^^^^^^^^^^^^^^^^^^^^^^^^^^^^^^^^^^^^^^^^^^^^^^^^^^^^^^^^^^^^^^^^^^^^^^^^^^^^^^^^^^^^^^^^
/home/zeus/miniconda3/envs/cloudspace/lib/python3.12/site-packages/transformers/utils/auto_docstring.py:4279: in auto_class_docstring
    getattr(auto_module, PLACEHOLDER_TO_AUTO_MODULE["model_class"][0]),
    ^^^^^^^^^^^^^^^^^^^^^^^^^^^^^^^^^^^^^^^^^^^^^^^^^^^^^^^^^^^^^^^^^^
/home/zeus/miniconda3/envs/cloudspace/lib/python3.12/site-packages/transformers/utils/import_utils.py:2436: in __getattr__
    value = self._get_module(name)
            ^^^^^^^^^^^^^^^^^^^^^^
/home/zeus/miniconda3/envs/cloudspace/lib/python3.12/site-packages/transformers/utils/import_utils.py:2576: in _get_module
    raise e
/home/zeus/miniconda3/envs/cloudspace/lib/python3.12/site-packages/transformers/utils/import_utils.py:2574: in _get_module
    return importlib.import_module("." + module_name, self.__name__)
           ^^^^^^^^^^^^^^^^^^^^^^^^^^^^^^^^^^^^^^^^^^^^^^^^^^^^^^^^^
/home/zeus/miniconda3/envs/cloudspace/lib/python3.12/importlib/__init__.py:90: in import_module
    return _bootstrap._gcd_import(name[level:], package, level)
           ^^^^^^^^^^^^^^^^^^^^^^^^^^^^^^^^^^^^^^^^^^^^^^^^^^^^
/home/zeus/miniconda3/envs/cloudspace/lib/python3.12/site-packages/transformers/models/auto/modeling_auto.py:21: in <module>
    from .auto_factory import (
/home/zeus/miniconda3/envs/cloudspace/lib/python3.12/site-packages/transformers/models/auto/auto_factory.py:42: in <module>
    from ...generation import GenerationMixin
/home/zeus/miniconda3/envs/cloudspace/lib/python3.12/site-packages/transformers/utils/import_utils.py:2342: in __getattr__
    module = self._get_module(self._class_to_module[name])
             ^^^^^^^^^^^^^^^^^^^^^^^^^^^^^^^^^^^^^^^^^^^^^
/home/zeus/miniconda3/envs/cloudspace/lib/python3.12/site-packages/transformers/utils/import_utils.py:2576: in _get_module
    raise e
/home/zeus/miniconda3/envs/cloudspace/lib/python3.12/site-packages/transformers/utils/import_utils.py:2574: in _get_module
    return importlib.import_module("." + module_name, self.__name__)
           ^^^^^^^^^^^^^^^^^^^^^^^^^^^^^^^^^^^^^^^^^^^^^^^^^^^^^^^^^
/home/zeus/miniconda3/envs/cloudspace/lib/python3.12/importlib/__init__.py:90: in import_module
    return _bootstrap._gcd_import(name[level:], package, level)
           ^^^^^^^^^^^^^^^^^^^^^^^^^^^^^^^^^^^^^^^^^^^^^^^^^^^^
/home/zeus/miniconda3/envs/cloudspace/lib/python3.12/site-packages/transformers/generation/utils.py:53: in <module>
    from .candidate_generator import (
/home/zeus/miniconda3/envs/cloudspace/lib/python3.12/site-packages/transformers/generation/candidate_generator.py:31: in <module>
    from sklearn.metrics import roc_curve
/home/zeus/miniconda3/envs/cloudspace/lib/python3.12/site-packages/sklearn/__init__.py:83: in <module>
    from .base import clone
/home/zeus/miniconda3/envs/cloudspace/lib/python3.12/site-packages/sklearn/base.py:19: in <module>
    from .utils import _IS_32BIT
/home/zeus/miniconda3/envs/cloudspace/lib/python3.12/site-packages/sklearn/utils/__init__.py:27: in <module>
    from .murmurhash import murmurhash3_32
_ _ _ _ _ _ _ _ _ _ _ _ _ _ _ _ _ _ _ _ _ _ _ _ _ _ _ _ _ _ _ _ _ _ _ _ _ _ _ _ 

>   ???
E   ValueError: numpy.dtype size changed, may indicate binary incompatibility. Expected 96 from C header, got 88 from PyObject

sklearn/utils/murmurhash.pyx:1: ValueError

The above exception was the direct cause of the following exception:

    @pytest.fixture(scope="module")
    def sd():
>       return SDWrapper(TINY)
               ^^^^^^^^^^^^^^^

tests/test_pipeline.py:43: 
_ _ _ _ _ _ _ _ _ _ _ _ _ _ _ _ _ _ _ _ _ _ _ _ _ _ _ _ _ _ _ _ _ _ _ _ _ _ _ _ 
src/models/sd.py:30: in __init__
    from diffusers import StableDiffusionPipeline
<frozen importlib._bootstrap>:1412: in _handle_fromlist
    ???
/home/zeus/miniconda3/envs/cloudspace/lib/python3.12/site-packages/diffusers/utils/import_utils.py:1043: in __getattr__
    value = getattr(module, name)
            ^^^^^^^^^^^^^^^^^^^^^
/home/zeus/miniconda3/envs/cloudspace/lib/python3.12/site-packages/diffusers/utils/import_utils.py:1043: in __getattr__
    value = getattr(module, name)
            ^^^^^^^^^^^^^^^^^^^^^
/home/zeus/miniconda3/envs/cloudspace/lib/python3.12/site-packages/diffusers/utils/import_utils.py:1042: in __getattr__
    module = self._get_module(self._class_to_module[name])
             ^^^^^^^^^^^^^^^^^^^^^^^^^^^^^^^^^^^^^^^^^^^^^
_ _ _ _ _ _ _ _ _ _ _ _ _ _ _ _ _ _ _ _ _ _ _ _ _ _ _ _ _ _ _ _ _ _ _ _ _ _ _ _ 

self = <module 'diffusers.pipelines.stable_diffusion' from '/home/zeus/miniconda3/envs/cloudspace/lib/python3.12/site-packages/diffusers/pipelines/stable_diffusion/__init__.py'>
module_name = 'pipeline_stable_diffusion'

    def _get_module(self, module_name: str):
        try:
            return importlib.import_module("." + module_name, self.__name__)
        except Exception as e:
>           raise RuntimeError(
                f"Failed to import {self.__name__}.{module_name} because of the following error (look up to see its"
                f" traceback):\n{e}"
            ) from e
E           RuntimeError: Failed to import diffusers.pipelines.stable_diffusion.pipeline_stable_diffusion because of the following error (look up to see its traceback):
E           numpy.dtype size changed, may indicate binary incompatibility. Expected 96 from C header, got 88 from PyObject

/home/zeus/miniconda3/envs/cloudspace/lib/python3.12/site-packages/diffusers/utils/import_utils.py:1054: RuntimeError
______________ ERROR at setup of test_site_W_參數量等於逐層r乘以進出維度之和[4] _______________

self = <module 'diffusers.pipelines.stable_diffusion' from '/home/zeus/miniconda3/envs/cloudspace/lib/python3.12/site-packages/diffusers/pipelines/stable_diffusion/__init__.py'>
module_name = 'pipeline_stable_diffusion'

    def _get_module(self, module_name: str):
        try:
>           return importlib.import_module("." + module_name, self.__name__)
                   ^^^^^^^^^^^^^^^^^^^^^^^^^^^^^^^^^^^^^^^^^^^^^^^^^^^^^^^^^

/home/zeus/miniconda3/envs/cloudspace/lib/python3.12/site-packages/diffusers/utils/import_utils.py:1052: 
_ _ _ _ _ _ _ _ _ _ _ _ _ _ _ _ _ _ _ _ _ _ _ _ _ _ _ _ _ _ _ _ _ _ _ _ _ _ _ _ 
/home/zeus/miniconda3/envs/cloudspace/lib/python3.12/importlib/__init__.py:90: in import_module
    return _bootstrap._gcd_import(name[level:], package, level)
           ^^^^^^^^^^^^^^^^^^^^^^^^^^^^^^^^^^^^^^^^^^^^^^^^^^^^
/home/zeus/miniconda3/envs/cloudspace/lib/python3.12/site-packages/diffusers/pipelines/stable_diffusion/pipeline_stable_diffusion.py:19: in <module>
    from transformers import CLIPImageProcessor, CLIPTextModel, CLIPTokenizer, CLIPVisionModelWithProjection
/home/zeus/miniconda3/envs/cloudspace/lib/python3.12/site-packages/transformers/utils/import_utils.py:2342: in __getattr__
    module = self._get_module(self._class_to_module[name])
             ^^^^^^^^^^^^^^^^^^^^^^^^^^^^^^^^^^^^^^^^^^^^^
/home/zeus/miniconda3/envs/cloudspace/lib/python3.12/site-packages/transformers/utils/import_utils.py:2576: in _get_module
    raise e
/home/zeus/miniconda3/envs/cloudspace/lib/python3.12/site-packages/transformers/utils/import_utils.py:2574: in _get_module
    return importlib.import_module("." + module_name, self.__name__)
           ^^^^^^^^^^^^^^^^^^^^^^^^^^^^^^^^^^^^^^^^^^^^^^^^^^^^^^^^^
/home/zeus/miniconda3/envs/cloudspace/lib/python3.12/importlib/__init__.py:90: in import_module
    return _bootstrap._gcd_import(name[level:], package, level)
           ^^^^^^^^^^^^^^^^^^^^^^^^^^^^^^^^^^^^^^^^^^^^^^^^^^^^
/home/zeus/miniconda3/envs/cloudspace/lib/python3.12/site-packages/transformers/models/clip/image_processing_clip.py:22: in <module>
    @auto_docstring
     ^^^^^^^^^^^^^^
/home/zeus/miniconda3/envs/cloudspace/lib/python3.12/site-packages/transformers/utils/auto_docstring.py:4536: in auto_docstring
    return auto_docstring_decorator(obj)
           ^^^^^^^^^^^^^^^^^^^^^^^^^^^^^
/home/zeus/miniconda3/envs/cloudspace/lib/python3.12/site-packages/transformers/utils/auto_docstring.py:4533: in auto_docstring_decorator
    return auto_class_docstring(obj, custom_args=custom_args, custom_intro=custom_intro, checkpoint=checkpoint)
           ^^^^^^^^^^^^^^^^^^^^^^^^^^^^^^^^^^^^^^^^^^^^^^^^^^^^^^^^^^^^^^^^^^^^^^^^^^^^^^^^^^^^^^^^^^^^^^^^^^^^
/home/zeus/miniconda3/envs/cloudspace/lib/python3.12/site-packages/transformers/utils/auto_docstring.py:4279: in auto_class_docstring
    getattr(auto_module, PLACEHOLDER_TO_AUTO_MODULE["model_class"][0]),
    ^^^^^^^^^^^^^^^^^^^^^^^^^^^^^^^^^^^^^^^^^^^^^^^^^^^^^^^^^^^^^^^^^^
/home/zeus/miniconda3/envs/cloudspace/lib/python3.12/site-packages/transformers/utils/import_utils.py:2436: in __getattr__
    value = self._get_module(name)
            ^^^^^^^^^^^^^^^^^^^^^^
/home/zeus/miniconda3/envs/cloudspace/lib/python3.12/site-packages/transformers/utils/import_utils.py:2576: in _get_module
    raise e
/home/zeus/miniconda3/envs/cloudspace/lib/python3.12/site-packages/transformers/utils/import_utils.py:2574: in _get_module
    return importlib.import_module("." + module_name, self.__name__)
           ^^^^^^^^^^^^^^^^^^^^^^^^^^^^^^^^^^^^^^^^^^^^^^^^^^^^^^^^^
/home/zeus/miniconda3/envs/cloudspace/lib/python3.12/importlib/__init__.py:90: in import_module
    return _bootstrap._gcd_import(name[level:], package, level)
           ^^^^^^^^^^^^^^^^^^^^^^^^^^^^^^^^^^^^^^^^^^^^^^^^^^^^
/home/zeus/miniconda3/envs/cloudspace/lib/python3.12/site-packages/transformers/models/auto/modeling_auto.py:21: in <module>
    from .auto_factory import (
/home/zeus/miniconda3/envs/cloudspace/lib/python3.12/site-packages/transformers/models/auto/auto_factory.py:42: in <module>
    from ...generation import GenerationMixin
/home/zeus/miniconda3/envs/cloudspace/lib/python3.12/site-packages/transformers/utils/import_utils.py:2342: in __getattr__
    module = self._get_module(self._class_to_module[name])
             ^^^^^^^^^^^^^^^^^^^^^^^^^^^^^^^^^^^^^^^^^^^^^
/home/zeus/miniconda3/envs/cloudspace/lib/python3.12/site-packages/transformers/utils/import_utils.py:2576: in _get_module
    raise e
/home/zeus/miniconda3/envs/cloudspace/lib/python3.12/site-packages/transformers/utils/import_utils.py:2574: in _get_module
    return importlib.import_module("." + module_name, self.__name__)
           ^^^^^^^^^^^^^^^^^^^^^^^^^^^^^^^^^^^^^^^^^^^^^^^^^^^^^^^^^
/home/zeus/miniconda3/envs/cloudspace/lib/python3.12/importlib/__init__.py:90: in import_module
    return _bootstrap._gcd_import(name[level:], package, level)
           ^^^^^^^^^^^^^^^^^^^^^^^^^^^^^^^^^^^^^^^^^^^^^^^^^^^^
/home/zeus/miniconda3/envs/cloudspace/lib/python3.12/site-packages/transformers/generation/utils.py:53: in <module>
    from .candidate_generator import (
/home/zeus/miniconda3/envs/cloudspace/lib/python3.12/site-packages/transformers/generation/candidate_generator.py:31: in <module>
    from sklearn.metrics import roc_curve
/home/zeus/miniconda3/envs/cloudspace/lib/python3.12/site-packages/sklearn/__init__.py:83: in <module>
    from .base import clone
/home/zeus/miniconda3/envs/cloudspace/lib/python3.12/site-packages/sklearn/base.py:19: in <module>
    from .utils import _IS_32BIT
/home/zeus/miniconda3/envs/cloudspace/lib/python3.12/site-packages/sklearn/utils/__init__.py:27: in <module>
    from .murmurhash import murmurhash3_32
_ _ _ _ _ _ _ _ _ _ _ _ _ _ _ _ _ _ _ _ _ _ _ _ _ _ _ _ _ _ _ _ _ _ _ _ _ _ _ _ 

>   ???
E   ValueError: numpy.dtype size changed, may indicate binary incompatibility. Expected 96 from C header, got 88 from PyObject

sklearn/utils/murmurhash.pyx:1: ValueError

The above exception was the direct cause of the following exception:

    @pytest.fixture(scope="module")
    def sd():
>       return SDWrapper(TINY)
               ^^^^^^^^^^^^^^^

tests/test_pipeline.py:43: 
_ _ _ _ _ _ _ _ _ _ _ _ _ _ _ _ _ _ _ _ _ _ _ _ _ _ _ _ _ _ _ _ _ _ _ _ _ _ _ _ 
src/models/sd.py:30: in __init__
    from diffusers import StableDiffusionPipeline
<frozen importlib._bootstrap>:1412: in _handle_fromlist
    ???
/home/zeus/miniconda3/envs/cloudspace/lib/python3.12/site-packages/diffusers/utils/import_utils.py:1043: in __getattr__
    value = getattr(module, name)
            ^^^^^^^^^^^^^^^^^^^^^
/home/zeus/miniconda3/envs/cloudspace/lib/python3.12/site-packages/diffusers/utils/import_utils.py:1043: in __getattr__
    value = getattr(module, name)
            ^^^^^^^^^^^^^^^^^^^^^
/home/zeus/miniconda3/envs/cloudspace/lib/python3.12/site-packages/diffusers/utils/import_utils.py:1042: in __getattr__
    module = self._get_module(self._class_to_module[name])
             ^^^^^^^^^^^^^^^^^^^^^^^^^^^^^^^^^^^^^^^^^^^^^
_ _ _ _ _ _ _ _ _ _ _ _ _ _ _ _ _ _ _ _ _ _ _ _ _ _ _ _ _ _ _ _ _ _ _ _ _ _ _ _ 

self = <module 'diffusers.pipelines.stable_diffusion' from '/home/zeus/miniconda3/envs/cloudspace/lib/python3.12/site-packages/diffusers/pipelines/stable_diffusion/__init__.py'>
module_name = 'pipeline_stable_diffusion'

    def _get_module(self, module_name: str):
        try:
            return importlib.import_module("." + module_name, self.__name__)
        except Exception as e:
>           raise RuntimeError(
                f"Failed to import {self.__name__}.{module_name} because of the following error (look up to see its"
                f" traceback):\n{e}"
            ) from e
E           RuntimeError: Failed to import diffusers.pipelines.stable_diffusion.pipeline_stable_diffusion because of the following error (look up to see its traceback):
E           numpy.dtype size changed, may indicate binary incompatibility. Expected 96 from C header, got 88 from PyObject

/home/zeus/miniconda3/envs/cloudspace/lib/python3.12/site-packages/diffusers/utils/import_utils.py:1054: RuntimeError
_____________ ERROR at setup of test_site_W_generator不誤判phi進不了計算圖 ______________

self = <module 'diffusers.pipelines.stable_diffusion' from '/home/zeus/miniconda3/envs/cloudspace/lib/python3.12/site-packages/diffusers/pipelines/stable_diffusion/__init__.py'>
module_name = 'pipeline_stable_diffusion'

    def _get_module(self, module_name: str):
        try:
>           return importlib.import_module("." + module_name, self.__name__)
                   ^^^^^^^^^^^^^^^^^^^^^^^^^^^^^^^^^^^^^^^^^^^^^^^^^^^^^^^^^

/home/zeus/miniconda3/envs/cloudspace/lib/python3.12/site-packages/diffusers/utils/import_utils.py:1052: 
_ _ _ _ _ _ _ _ _ _ _ _ _ _ _ _ _ _ _ _ _ _ _ _ _ _ _ _ _ _ _ _ _ _ _ _ _ _ _ _ 
/home/zeus/miniconda3/envs/cloudspace/lib/python3.12/importlib/__init__.py:90: in import_module
    return _bootstrap._gcd_import(name[level:], package, level)
           ^^^^^^^^^^^^^^^^^^^^^^^^^^^^^^^^^^^^^^^^^^^^^^^^^^^^
/home/zeus/miniconda3/envs/cloudspace/lib/python3.12/site-packages/diffusers/pipelines/stable_diffusion/pipeline_stable_diffusion.py:19: in <module>
    from transformers import CLIPImageProcessor, CLIPTextModel, CLIPTokenizer, CLIPVisionModelWithProjection
/home/zeus/miniconda3/envs/cloudspace/lib/python3.12/site-packages/transformers/utils/import_utils.py:2342: in __getattr__
    module = self._get_module(self._class_to_module[name])
             ^^^^^^^^^^^^^^^^^^^^^^^^^^^^^^^^^^^^^^^^^^^^^
/home/zeus/miniconda3/envs/cloudspace/lib/python3.12/site-packages/transformers/utils/import_utils.py:2576: in _get_module
    raise e
/home/zeus/miniconda3/envs/cloudspace/lib/python3.12/site-packages/transformers/utils/import_utils.py:2574: in _get_module
    return importlib.import_module("." + module_name, self.__name__)
           ^^^^^^^^^^^^^^^^^^^^^^^^^^^^^^^^^^^^^^^^^^^^^^^^^^^^^^^^^
/home/zeus/miniconda3/envs/cloudspace/lib/python3.12/importlib/__init__.py:90: in import_module
    return _bootstrap._gcd_import(name[level:], package, level)
           ^^^^^^^^^^^^^^^^^^^^^^^^^^^^^^^^^^^^^^^^^^^^^^^^^^^^
/home/zeus/miniconda3/envs/cloudspace/lib/python3.12/site-packages/transformers/models/clip/image_processing_clip.py:22: in <module>
    @auto_docstring
     ^^^^^^^^^^^^^^
/home/zeus/miniconda3/envs/cloudspace/lib/python3.12/site-packages/transformers/utils/auto_docstring.py:4536: in auto_docstring
    return auto_docstring_decorator(obj)
           ^^^^^^^^^^^^^^^^^^^^^^^^^^^^^
/home/zeus/miniconda3/envs/cloudspace/lib/python3.12/site-packages/transformers/utils/auto_docstring.py:4533: in auto_docstring_decorator
    return auto_class_docstring(obj, custom_args=custom_args, custom_intro=custom_intro, checkpoint=checkpoint)
           ^^^^^^^^^^^^^^^^^^^^^^^^^^^^^^^^^^^^^^^^^^^^^^^^^^^^^^^^^^^^^^^^^^^^^^^^^^^^^^^^^^^^^^^^^^^^^^^^^^^^
/home/zeus/miniconda3/envs/cloudspace/lib/python3.12/site-packages/transformers/utils/auto_docstring.py:4279: in auto_class_docstring
    getattr(auto_module, PLACEHOLDER_TO_AUTO_MODULE["model_class"][0]),
    ^^^^^^^^^^^^^^^^^^^^^^^^^^^^^^^^^^^^^^^^^^^^^^^^^^^^^^^^^^^^^^^^^^
/home/zeus/miniconda3/envs/cloudspace/lib/python3.12/site-packages/transformers/utils/import_utils.py:2436: in __getattr__
    value = self._get_module(name)
            ^^^^^^^^^^^^^^^^^^^^^^
/home/zeus/miniconda3/envs/cloudspace/lib/python3.12/site-packages/transformers/utils/import_utils.py:2576: in _get_module
    raise e
/home/zeus/miniconda3/envs/cloudspace/lib/python3.12/site-packages/transformers/utils/import_utils.py:2574: in _get_module
    return importlib.import_module("." + module_name, self.__name__)
           ^^^^^^^^^^^^^^^^^^^^^^^^^^^^^^^^^^^^^^^^^^^^^^^^^^^^^^^^^
/home/zeus/miniconda3/envs/cloudspace/lib/python3.12/importlib/__init__.py:90: in import_module
    return _bootstrap._gcd_import(name[level:], package, level)
           ^^^^^^^^^^^^^^^^^^^^^^^^^^^^^^^^^^^^^^^^^^^^^^^^^^^^
/home/zeus/miniconda3/envs/cloudspace/lib/python3.12/site-packages/transformers/models/auto/modeling_auto.py:21: in <module>
    from .auto_factory import (
/home/zeus/miniconda3/envs/cloudspace/lib/python3.12/site-packages/transformers/models/auto/auto_factory.py:42: in <module>
    from ...generation import GenerationMixin
/home/zeus/miniconda3/envs/cloudspace/lib/python3.12/site-packages/transformers/utils/import_utils.py:2342: in __getattr__
    module = self._get_module(self._class_to_module[name])
             ^^^^^^^^^^^^^^^^^^^^^^^^^^^^^^^^^^^^^^^^^^^^^
/home/zeus/miniconda3/envs/cloudspace/lib/python3.12/site-packages/transformers/utils/import_utils.py:2576: in _get_module
    raise e
/home/zeus/miniconda3/envs/cloudspace/lib/python3.12/site-packages/transformers/utils/import_utils.py:2574: in _get_module
    return importlib.import_module("." + module_name, self.__name__)
           ^^^^^^^^^^^^^^^^^^^^^^^^^^^^^^^^^^^^^^^^^^^^^^^^^^^^^^^^^
/home/zeus/miniconda3/envs/cloudspace/lib/python3.12/importlib/__init__.py:90: in import_module
    return _bootstrap._gcd_import(name[level:], package, level)
           ^^^^^^^^^^^^^^^^^^^^^^^^^^^^^^^^^^^^^^^^^^^^^^^^^^^^
/home/zeus/miniconda3/envs/cloudspace/lib/python3.12/site-packages/transformers/generation/utils.py:53: in <module>
    from .candidate_generator import (
/home/zeus/miniconda3/envs/cloudspace/lib/python3.12/site-packages/transformers/generation/candidate_generator.py:31: in <module>
    from sklearn.metrics import roc_curve
/home/zeus/miniconda3/envs/cloudspace/lib/python3.12/site-packages/sklearn/__init__.py:83: in <module>
    from .base import clone
/home/zeus/miniconda3/envs/cloudspace/lib/python3.12/site-packages/sklearn/base.py:19: in <module>
    from .utils import _IS_32BIT
/home/zeus/miniconda3/envs/cloudspace/lib/python3.12/site-packages/sklearn/utils/__init__.py:27: in <module>
    from .murmurhash import murmurhash3_32
_ _ _ _ _ _ _ _ _ _ _ _ _ _ _ _ _ _ _ _ _ _ _ _ _ _ _ _ _ _ _ _ _ _ _ _ _ _ _ _ 

>   ???
E   ValueError: numpy.dtype size changed, may indicate binary incompatibility. Expected 96 from C header, got 88 from PyObject

sklearn/utils/murmurhash.pyx:1: ValueError

The above exception was the direct cause of the following exception:

    @pytest.fixture(scope="module")
    def sd():
>       return SDWrapper(TINY)
               ^^^^^^^^^^^^^^^

tests/test_pipeline.py:43: 
_ _ _ _ _ _ _ _ _ _ _ _ _ _ _ _ _ _ _ _ _ _ _ _ _ _ _ _ _ _ _ _ _ _ _ _ _ _ _ _ 
src/models/sd.py:30: in __init__
    from diffusers import StableDiffusionPipeline
<frozen importlib._bootstrap>:1412: in _handle_fromlist
    ???
/home/zeus/miniconda3/envs/cloudspace/lib/python3.12/site-packages/diffusers/utils/import_utils.py:1043: in __getattr__
    value = getattr(module, name)
            ^^^^^^^^^^^^^^^^^^^^^
/home/zeus/miniconda3/envs/cloudspace/lib/python3.12/site-packages/diffusers/utils/import_utils.py:1043: in __getattr__
    value = getattr(module, name)
            ^^^^^^^^^^^^^^^^^^^^^
/home/zeus/miniconda3/envs/cloudspace/lib/python3.12/site-packages/diffusers/utils/import_utils.py:1042: in __getattr__
    module = self._get_module(self._class_to_module[name])
             ^^^^^^^^^^^^^^^^^^^^^^^^^^^^^^^^^^^^^^^^^^^^^
_ _ _ _ _ _ _ _ _ _ _ _ _ _ _ _ _ _ _ _ _ _ _ _ _ _ _ _ _ _ _ _ _ _ _ _ _ _ _ _ 

self = <module 'diffusers.pipelines.stable_diffusion' from '/home/zeus/miniconda3/envs/cloudspace/lib/python3.12/site-packages/diffusers/pipelines/stable_diffusion/__init__.py'>
module_name = 'pipeline_stable_diffusion'

    def _get_module(self, module_name: str):
        try:
            return importlib.import_module("." + module_name, self.__name__)
        except Exception as e:
>           raise RuntimeError(
                f"Failed to import {self.__name__}.{module_name} because of the following error (look up to see its"
                f" traceback):\n{e}"
            ) from e
E           RuntimeError: Failed to import diffusers.pipelines.stable_diffusion.pipeline_stable_diffusion because of the following error (look up to see its traceback):
E           numpy.dtype size changed, may indicate binary incompatibility. Expected 96 from C header, got 88 from PyObject

/home/zeus/miniconda3/envs/cloudspace/lib/python3.12/site-packages/diffusers/utils/import_utils.py:1054: RuntimeError
__________________ ERROR at setup of test_編碼器目標不走去噪鏈且梯度抵達phi ___________________

self = <module 'diffusers.pipelines.stable_diffusion' from '/home/zeus/miniconda3/envs/cloudspace/lib/python3.12/site-packages/diffusers/pipelines/stable_diffusion/__init__.py'>
module_name = 'pipeline_stable_diffusion'

    def _get_module(self, module_name: str):
        try:
>           return importlib.import_module("." + module_name, self.__name__)
                   ^^^^^^^^^^^^^^^^^^^^^^^^^^^^^^^^^^^^^^^^^^^^^^^^^^^^^^^^^

/home/zeus/miniconda3/envs/cloudspace/lib/python3.12/site-packages/diffusers/utils/import_utils.py:1052: 
_ _ _ _ _ _ _ _ _ _ _ _ _ _ _ _ _ _ _ _ _ _ _ _ _ _ _ _ _ _ _ _ _ _ _ _ _ _ _ _ 
/home/zeus/miniconda3/envs/cloudspace/lib/python3.12/importlib/__init__.py:90: in import_module
    return _bootstrap._gcd_import(name[level:], package, level)
           ^^^^^^^^^^^^^^^^^^^^^^^^^^^^^^^^^^^^^^^^^^^^^^^^^^^^
/home/zeus/miniconda3/envs/cloudspace/lib/python3.12/site-packages/diffusers/pipelines/stable_diffusion/pipeline_stable_diffusion.py:19: in <module>
    from transformers import CLIPImageProcessor, CLIPTextModel, CLIPTokenizer, CLIPVisionModelWithProjection
/home/zeus/miniconda3/envs/cloudspace/lib/python3.12/site-packages/transformers/utils/import_utils.py:2342: in __getattr__
    module = self._get_module(self._class_to_module[name])
             ^^^^^^^^^^^^^^^^^^^^^^^^^^^^^^^^^^^^^^^^^^^^^
/home/zeus/miniconda3/envs/cloudspace/lib/python3.12/site-packages/transformers/utils/import_utils.py:2576: in _get_module
    raise e
/home/zeus/miniconda3/envs/cloudspace/lib/python3.12/site-packages/transformers/utils/import_utils.py:2574: in _get_module
    return importlib.import_module("." + module_name, self.__name__)
           ^^^^^^^^^^^^^^^^^^^^^^^^^^^^^^^^^^^^^^^^^^^^^^^^^^^^^^^^^
/home/zeus/miniconda3/envs/cloudspace/lib/python3.12/importlib/__init__.py:90: in import_module
    return _bootstrap._gcd_import(name[level:], package, level)
           ^^^^^^^^^^^^^^^^^^^^^^^^^^^^^^^^^^^^^^^^^^^^^^^^^^^^
/home/zeus/miniconda3/envs/cloudspace/lib/python3.12/site-packages/transformers/models/clip/image_processing_clip.py:22: in <module>
    @auto_docstring
     ^^^^^^^^^^^^^^
/home/zeus/miniconda3/envs/cloudspace/lib/python3.12/site-packages/transformers/utils/auto_docstring.py:4536: in auto_docstring
    return auto_docstring_decorator(obj)
           ^^^^^^^^^^^^^^^^^^^^^^^^^^^^^
/home/zeus/miniconda3/envs/cloudspace/lib/python3.12/site-packages/transformers/utils/auto_docstring.py:4533: in auto_docstring_decorator
    return auto_class_docstring(obj, custom_args=custom_args, custom_intro=custom_intro, checkpoint=checkpoint)
           ^^^^^^^^^^^^^^^^^^^^^^^^^^^^^^^^^^^^^^^^^^^^^^^^^^^^^^^^^^^^^^^^^^^^^^^^^^^^^^^^^^^^^^^^^^^^^^^^^^^^
/home/zeus/miniconda3/envs/cloudspace/lib/python3.12/site-packages/transformers/utils/auto_docstring.py:4279: in auto_class_docstring
    getattr(auto_module, PLACEHOLDER_TO_AUTO_MODULE["model_class"][0]),
    ^^^^^^^^^^^^^^^^^^^^^^^^^^^^^^^^^^^^^^^^^^^^^^^^^^^^^^^^^^^^^^^^^^
/home/zeus/miniconda3/envs/cloudspace/lib/python3.12/site-packages/transformers/utils/import_utils.py:2436: in __getattr__
    value = self._get_module(name)
            ^^^^^^^^^^^^^^^^^^^^^^
/home/zeus/miniconda3/envs/cloudspace/lib/python3.12/site-packages/transformers/utils/import_utils.py:2576: in _get_module
    raise e
/home/zeus/miniconda3/envs/cloudspace/lib/python3.12/site-packages/transformers/utils/import_utils.py:2574: in _get_module
    return importlib.import_module("." + module_name, self.__name__)
           ^^^^^^^^^^^^^^^^^^^^^^^^^^^^^^^^^^^^^^^^^^^^^^^^^^^^^^^^^
/home/zeus/miniconda3/envs/cloudspace/lib/python3.12/importlib/__init__.py:90: in import_module
    return _bootstrap._gcd_import(name[level:], package, level)
           ^^^^^^^^^^^^^^^^^^^^^^^^^^^^^^^^^^^^^^^^^^^^^^^^^^^^
/home/zeus/miniconda3/envs/cloudspace/lib/python3.12/site-packages/transformers/models/auto/modeling_auto.py:21: in <module>
    from .auto_factory import (
/home/zeus/miniconda3/envs/cloudspace/lib/python3.12/site-packages/transformers/models/auto/auto_factory.py:42: in <module>
    from ...generation import GenerationMixin
/home/zeus/miniconda3/envs/cloudspace/lib/python3.12/site-packages/transformers/utils/import_utils.py:2342: in __getattr__
    module = self._get_module(self._class_to_module[name])
             ^^^^^^^^^^^^^^^^^^^^^^^^^^^^^^^^^^^^^^^^^^^^^
/home/zeus/miniconda3/envs/cloudspace/lib/python3.12/site-packages/transformers/utils/import_utils.py:2576: in _get_module
    raise e
/home/zeus/miniconda3/envs/cloudspace/lib/python3.12/site-packages/transformers/utils/import_utils.py:2574: in _get_module
    return importlib.import_module("." + module_name, self.__name__)
           ^^^^^^^^^^^^^^^^^^^^^^^^^^^^^^^^^^^^^^^^^^^^^^^^^^^^^^^^^
/home/zeus/miniconda3/envs/cloudspace/lib/python3.12/importlib/__init__.py:90: in import_module
    return _bootstrap._gcd_import(name[level:], package, level)
           ^^^^^^^^^^^^^^^^^^^^^^^^^^^^^^^^^^^^^^^^^^^^^^^^^^^^
/home/zeus/miniconda3/envs/cloudspace/lib/python3.12/site-packages/transformers/generation/utils.py:53: in <module>
    from .candidate_generator import (
/home/zeus/miniconda3/envs/cloudspace/lib/python3.12/site-packages/transformers/generation/candidate_generator.py:31: in <module>
    from sklearn.metrics import roc_curve
/home/zeus/miniconda3/envs/cloudspace/lib/python3.12/site-packages/sklearn/__init__.py:83: in <module>
    from .base import clone
/home/zeus/miniconda3/envs/cloudspace/lib/python3.12/site-packages/sklearn/base.py:19: in <module>
    from .utils import _IS_32BIT
/home/zeus/miniconda3/envs/cloudspace/lib/python3.12/site-packages/sklearn/utils/__init__.py:27: in <module>
    from .murmurhash import murmurhash3_32
_ _ _ _ _ _ _ _ _ _ _ _ _ _ _ _ _ _ _ _ _ _ _ _ _ _ _ _ _ _ _ _ _ _ _ _ _ _ _ _ 

>   ???
E   ValueError: numpy.dtype size changed, may indicate binary incompatibility. Expected 96 from C header, got 88 from PyObject

sklearn/utils/murmurhash.pyx:1: ValueError

The above exception was the direct cause of the following exception:

    @pytest.fixture(scope="module")
    def sd():
>       return SDWrapper(TINY)
               ^^^^^^^^^^^^^^^

tests/test_pipeline.py:43: 
_ _ _ _ _ _ _ _ _ _ _ _ _ _ _ _ _ _ _ _ _ _ _ _ _ _ _ _ _ _ _ _ _ _ _ _ _ _ _ _ 
src/models/sd.py:30: in __init__
    from diffusers import StableDiffusionPipeline
<frozen importlib._bootstrap>:1412: in _handle_fromlist
    ???
/home/zeus/miniconda3/envs/cloudspace/lib/python3.12/site-packages/diffusers/utils/import_utils.py:1043: in __getattr__
    value = getattr(module, name)
            ^^^^^^^^^^^^^^^^^^^^^
/home/zeus/miniconda3/envs/cloudspace/lib/python3.12/site-packages/diffusers/utils/import_utils.py:1043: in __getattr__
    value = getattr(module, name)
            ^^^^^^^^^^^^^^^^^^^^^
/home/zeus/miniconda3/envs/cloudspace/lib/python3.12/site-packages/diffusers/utils/import_utils.py:1042: in __getattr__
    module = self._get_module(self._class_to_module[name])
             ^^^^^^^^^^^^^^^^^^^^^^^^^^^^^^^^^^^^^^^^^^^^^
_ _ _ _ _ _ _ _ _ _ _ _ _ _ _ _ _ _ _ _ _ _ _ _ _ _ _ _ _ _ _ _ _ _ _ _ _ _ _ _ 

self = <module 'diffusers.pipelines.stable_diffusion' from '/home/zeus/miniconda3/envs/cloudspace/lib/python3.12/site-packages/diffusers/pipelines/stable_diffusion/__init__.py'>
module_name = 'pipeline_stable_diffusion'

    def _get_module(self, module_name: str):
        try:
            return importlib.import_module("." + module_name, self.__name__)
        except Exception as e:
>           raise RuntimeError(
                f"Failed to import {self.__name__}.{module_name} because of the following error (look up to see its"
                f" traceback):\n{e}"
            ) from e
E           RuntimeError: Failed to import diffusers.pipelines.stable_diffusion.pipeline_stable_diffusion because of the following error (look up to see its traceback):
E           numpy.dtype size changed, may indicate binary incompatibility. Expected 96 from C header, got 88 from PyObject

/home/zeus/miniconda3/envs/cloudspace/lib/python3.12/site-packages/diffusers/utils/import_utils.py:1054: RuntimeError
_____________________ ERROR at setup of test_編碼器目標的損失朝目標下降 _____________________

self = <module 'diffusers.pipelines.stable_diffusion' from '/home/zeus/miniconda3/envs/cloudspace/lib/python3.12/site-packages/diffusers/pipelines/stable_diffusion/__init__.py'>
module_name = 'pipeline_stable_diffusion'

    def _get_module(self, module_name: str):
        try:
>           return importlib.import_module("." + module_name, self.__name__)
                   ^^^^^^^^^^^^^^^^^^^^^^^^^^^^^^^^^^^^^^^^^^^^^^^^^^^^^^^^^

/home/zeus/miniconda3/envs/cloudspace/lib/python3.12/site-packages/diffusers/utils/import_utils.py:1052: 
_ _ _ _ _ _ _ _ _ _ _ _ _ _ _ _ _ _ _ _ _ _ _ _ _ _ _ _ _ _ _ _ _ _ _ _ _ _ _ _ 
/home/zeus/miniconda3/envs/cloudspace/lib/python3.12/importlib/__init__.py:90: in import_module
    return _bootstrap._gcd_import(name[level:], package, level)
           ^^^^^^^^^^^^^^^^^^^^^^^^^^^^^^^^^^^^^^^^^^^^^^^^^^^^
/home/zeus/miniconda3/envs/cloudspace/lib/python3.12/site-packages/diffusers/pipelines/stable_diffusion/pipeline_stable_diffusion.py:19: in <module>
    from transformers import CLIPImageProcessor, CLIPTextModel, CLIPTokenizer, CLIPVisionModelWithProjection
/home/zeus/miniconda3/envs/cloudspace/lib/python3.12/site-packages/transformers/utils/import_utils.py:2342: in __getattr__
    module = self._get_module(self._class_to_module[name])
             ^^^^^^^^^^^^^^^^^^^^^^^^^^^^^^^^^^^^^^^^^^^^^
/home/zeus/miniconda3/envs/cloudspace/lib/python3.12/site-packages/transformers/utils/import_utils.py:2576: in _get_module
    raise e
/home/zeus/miniconda3/envs/cloudspace/lib/python3.12/site-packages/transformers/utils/import_utils.py:2574: in _get_module
    return importlib.import_module("." + module_name, self.__name__)
           ^^^^^^^^^^^^^^^^^^^^^^^^^^^^^^^^^^^^^^^^^^^^^^^^^^^^^^^^^
/home/zeus/miniconda3/envs/cloudspace/lib/python3.12/importlib/__init__.py:90: in import_module
    return _bootstrap._gcd_import(name[level:], package, level)
           ^^^^^^^^^^^^^^^^^^^^^^^^^^^^^^^^^^^^^^^^^^^^^^^^^^^^
/home/zeus/miniconda3/envs/cloudspace/lib/python3.12/site-packages/transformers/models/clip/image_processing_clip.py:22: in <module>
    @auto_docstring
     ^^^^^^^^^^^^^^
/home/zeus/miniconda3/envs/cloudspace/lib/python3.12/site-packages/transformers/utils/auto_docstring.py:4536: in auto_docstring
    return auto_docstring_decorator(obj)
           ^^^^^^^^^^^^^^^^^^^^^^^^^^^^^
/home/zeus/miniconda3/envs/cloudspace/lib/python3.12/site-packages/transformers/utils/auto_docstring.py:4533: in auto_docstring_decorator
    return auto_class_docstring(obj, custom_args=custom_args, custom_intro=custom_intro, checkpoint=checkpoint)
           ^^^^^^^^^^^^^^^^^^^^^^^^^^^^^^^^^^^^^^^^^^^^^^^^^^^^^^^^^^^^^^^^^^^^^^^^^^^^^^^^^^^^^^^^^^^^^^^^^^^^
/home/zeus/miniconda3/envs/cloudspace/lib/python3.12/site-packages/transformers/utils/auto_docstring.py:4279: in auto_class_docstring
    getattr(auto_module, PLACEHOLDER_TO_AUTO_MODULE["model_class"][0]),
    ^^^^^^^^^^^^^^^^^^^^^^^^^^^^^^^^^^^^^^^^^^^^^^^^^^^^^^^^^^^^^^^^^^
/home/zeus/miniconda3/envs/cloudspace/lib/python3.12/site-packages/transformers/utils/import_utils.py:2436: in __getattr__
    value = self._get_module(name)
            ^^^^^^^^^^^^^^^^^^^^^^
/home/zeus/miniconda3/envs/cloudspace/lib/python3.12/site-packages/transformers/utils/import_utils.py:2576: in _get_module
    raise e
/home/zeus/miniconda3/envs/cloudspace/lib/python3.12/site-packages/transformers/utils/import_utils.py:2574: in _get_module
    return importlib.import_module("." + module_name, self.__name__)
           ^^^^^^^^^^^^^^^^^^^^^^^^^^^^^^^^^^^^^^^^^^^^^^^^^^^^^^^^^
/home/zeus/miniconda3/envs/cloudspace/lib/python3.12/importlib/__init__.py:90: in import_module
    return _bootstrap._gcd_import(name[level:], package, level)
           ^^^^^^^^^^^^^^^^^^^^^^^^^^^^^^^^^^^^^^^^^^^^^^^^^^^^
/home/zeus/miniconda3/envs/cloudspace/lib/python3.12/site-packages/transformers/models/auto/modeling_auto.py:21: in <module>
    from .auto_factory import (
/home/zeus/miniconda3/envs/cloudspace/lib/python3.12/site-packages/transformers/models/auto/auto_factory.py:42: in <module>
    from ...generation import GenerationMixin
/home/zeus/miniconda3/envs/cloudspace/lib/python3.12/site-packages/transformers/utils/import_utils.py:2342: in __getattr__
    module = self._get_module(self._class_to_module[name])
             ^^^^^^^^^^^^^^^^^^^^^^^^^^^^^^^^^^^^^^^^^^^^^
/home/zeus/miniconda3/envs/cloudspace/lib/python3.12/site-packages/transformers/utils/import_utils.py:2576: in _get_module
    raise e
/home/zeus/miniconda3/envs/cloudspace/lib/python3.12/site-packages/transformers/utils/import_utils.py:2574: in _get_module
    return importlib.import_module("." + module_name, self.__name__)
           ^^^^^^^^^^^^^^^^^^^^^^^^^^^^^^^^^^^^^^^^^^^^^^^^^^^^^^^^^
/home/zeus/miniconda3/envs/cloudspace/lib/python3.12/importlib/__init__.py:90: in import_module
    return _bootstrap._gcd_import(name[level:], package, level)
           ^^^^^^^^^^^^^^^^^^^^^^^^^^^^^^^^^^^^^^^^^^^^^^^^^^^^
/home/zeus/miniconda3/envs/cloudspace/lib/python3.12/site-packages/transformers/generation/utils.py:53: in <module>
    from .candidate_generator import (
/home/zeus/miniconda3/envs/cloudspace/lib/python3.12/site-packages/transformers/generation/candidate_generator.py:31: in <module>
    from sklearn.metrics import roc_curve
/home/zeus/miniconda3/envs/cloudspace/lib/python3.12/site-packages/sklearn/__init__.py:83: in <module>
    from .base import clone
/home/zeus/miniconda3/envs/cloudspace/lib/python3.12/site-packages/sklearn/base.py:19: in <module>
    from .utils import _IS_32BIT
/home/zeus/miniconda3/envs/cloudspace/lib/python3.12/site-packages/sklearn/utils/__init__.py:27: in <module>
    from .murmurhash import murmurhash3_32
_ _ _ _ _ _ _ _ _ _ _ _ _ _ _ _ _ _ _ _ _ _ _ _ _ _ _ _ _ _ _ _ _ _ _ _ _ _ _ _ 

>   ???
E   ValueError: numpy.dtype size changed, may indicate binary incompatibility. Expected 96 from C header, got 88 from PyObject

sklearn/utils/murmurhash.pyx:1: ValueError

The above exception was the direct cause of the following exception:

    @pytest.fixture(scope="module")
    def sd():
>       return SDWrapper(TINY)
               ^^^^^^^^^^^^^^^

tests/test_pipeline.py:43: 
_ _ _ _ _ _ _ _ _ _ _ _ _ _ _ _ _ _ _ _ _ _ _ _ _ _ _ _ _ _ _ _ _ _ _ _ _ _ _ _ 
src/models/sd.py:30: in __init__
    from diffusers import StableDiffusionPipeline
<frozen importlib._bootstrap>:1412: in _handle_fromlist
    ???
/home/zeus/miniconda3/envs/cloudspace/lib/python3.12/site-packages/diffusers/utils/import_utils.py:1043: in __getattr__
    value = getattr(module, name)
            ^^^^^^^^^^^^^^^^^^^^^
/home/zeus/miniconda3/envs/cloudspace/lib/python3.12/site-packages/diffusers/utils/import_utils.py:1043: in __getattr__
    value = getattr(module, name)
            ^^^^^^^^^^^^^^^^^^^^^
/home/zeus/miniconda3/envs/cloudspace/lib/python3.12/site-packages/diffusers/utils/import_utils.py:1042: in __getattr__
    module = self._get_module(self._class_to_module[name])
             ^^^^^^^^^^^^^^^^^^^^^^^^^^^^^^^^^^^^^^^^^^^^^
_ _ _ _ _ _ _ _ _ _ _ _ _ _ _ _ _ _ _ _ _ _ _ _ _ _ _ _ _ _ _ _ _ _ _ _ _ _ _ _ 

self = <module 'diffusers.pipelines.stable_diffusion' from '/home/zeus/miniconda3/envs/cloudspace/lib/python3.12/site-packages/diffusers/pipelines/stable_diffusion/__init__.py'>
module_name = 'pipeline_stable_diffusion'

    def _get_module(self, module_name: str):
        try:
            return importlib.import_module("." + module_name, self.__name__)
        except Exception as e:
>           raise RuntimeError(
                f"Failed to import {self.__name__}.{module_name} because of the following error (look up to see its"
                f" traceback):\n{e}"
            ) from e
E           RuntimeError: Failed to import diffusers.pipelines.stable_diffusion.pipeline_stable_diffusion because of the following error (look up to see its traceback):
E           numpy.dtype size changed, may indicate binary incompatibility. Expected 96 from C header, got 88 from PyObject

/home/zeus/miniconda3/envs/cloudspace/lib/python3.12/site-packages/diffusers/utils/import_utils.py:1054: RuntimeError
____________________ ERROR at setup of test_有目標模式需要y_target ____________________

self = <module 'diffusers.pipelines.stable_diffusion' from '/home/zeus/miniconda3/envs/cloudspace/lib/python3.12/site-packages/diffusers/pipelines/stable_diffusion/__init__.py'>
module_name = 'pipeline_stable_diffusion'

    def _get_module(self, module_name: str):
        try:
>           return importlib.import_module("." + module_name, self.__name__)
                   ^^^^^^^^^^^^^^^^^^^^^^^^^^^^^^^^^^^^^^^^^^^^^^^^^^^^^^^^^

/home/zeus/miniconda3/envs/cloudspace/lib/python3.12/site-packages/diffusers/utils/import_utils.py:1052: 
_ _ _ _ _ _ _ _ _ _ _ _ _ _ _ _ _ _ _ _ _ _ _ _ _ _ _ _ _ _ _ _ _ _ _ _ _ _ _ _ 
/home/zeus/miniconda3/envs/cloudspace/lib/python3.12/importlib/__init__.py:90: in import_module
    return _bootstrap._gcd_import(name[level:], package, level)
           ^^^^^^^^^^^^^^^^^^^^^^^^^^^^^^^^^^^^^^^^^^^^^^^^^^^^
/home/zeus/miniconda3/envs/cloudspace/lib/python3.12/site-packages/diffusers/pipelines/stable_diffusion/pipeline_stable_diffusion.py:19: in <module>
    from transformers import CLIPImageProcessor, CLIPTextModel, CLIPTokenizer, CLIPVisionModelWithProjection
/home/zeus/miniconda3/envs/cloudspace/lib/python3.12/site-packages/transformers/utils/import_utils.py:2342: in __getattr__
    module = self._get_module(self._class_to_module[name])
             ^^^^^^^^^^^^^^^^^^^^^^^^^^^^^^^^^^^^^^^^^^^^^
/home/zeus/miniconda3/envs/cloudspace/lib/python3.12/site-packages/transformers/utils/import_utils.py:2576: in _get_module
    raise e
/home/zeus/miniconda3/envs/cloudspace/lib/python3.12/site-packages/transformers/utils/import_utils.py:2574: in _get_module
    return importlib.import_module("." + module_name, self.__name__)
           ^^^^^^^^^^^^^^^^^^^^^^^^^^^^^^^^^^^^^^^^^^^^^^^^^^^^^^^^^
/home/zeus/miniconda3/envs/cloudspace/lib/python3.12/importlib/__init__.py:90: in import_module
    return _bootstrap._gcd_import(name[level:], package, level)
           ^^^^^^^^^^^^^^^^^^^^^^^^^^^^^^^^^^^^^^^^^^^^^^^^^^^^
/home/zeus/miniconda3/envs/cloudspace/lib/python3.12/site-packages/transformers/models/clip/image_processing_clip.py:22: in <module>
    @auto_docstring
     ^^^^^^^^^^^^^^
/home/zeus/miniconda3/envs/cloudspace/lib/python3.12/site-packages/transformers/utils/auto_docstring.py:4536: in auto_docstring
    return auto_docstring_decorator(obj)
           ^^^^^^^^^^^^^^^^^^^^^^^^^^^^^
/home/zeus/miniconda3/envs/cloudspace/lib/python3.12/site-packages/transformers/utils/auto_docstring.py:4533: in auto_docstring_decorator
    return auto_class_docstring(obj, custom_args=custom_args, custom_intro=custom_intro, checkpoint=checkpoint)
           ^^^^^^^^^^^^^^^^^^^^^^^^^^^^^^^^^^^^^^^^^^^^^^^^^^^^^^^^^^^^^^^^^^^^^^^^^^^^^^^^^^^^^^^^^^^^^^^^^^^^
/home/zeus/miniconda3/envs/cloudspace/lib/python3.12/site-packages/transformers/utils/auto_docstring.py:4279: in auto_class_docstring
    getattr(auto_module, PLACEHOLDER_TO_AUTO_MODULE["model_class"][0]),
    ^^^^^^^^^^^^^^^^^^^^^^^^^^^^^^^^^^^^^^^^^^^^^^^^^^^^^^^^^^^^^^^^^^
/home/zeus/miniconda3/envs/cloudspace/lib/python3.12/site-packages/transformers/utils/import_utils.py:2436: in __getattr__
    value = self._get_module(name)
            ^^^^^^^^^^^^^^^^^^^^^^
/home/zeus/miniconda3/envs/cloudspace/lib/python3.12/site-packages/transformers/utils/import_utils.py:2576: in _get_module
    raise e
/home/zeus/miniconda3/envs/cloudspace/lib/python3.12/site-packages/transformers/utils/import_utils.py:2574: in _get_module
    return importlib.import_module("." + module_name, self.__name__)
           ^^^^^^^^^^^^^^^^^^^^^^^^^^^^^^^^^^^^^^^^^^^^^^^^^^^^^^^^^
/home/zeus/miniconda3/envs/cloudspace/lib/python3.12/importlib/__init__.py:90: in import_module
    return _bootstrap._gcd_import(name[level:], package, level)
           ^^^^^^^^^^^^^^^^^^^^^^^^^^^^^^^^^^^^^^^^^^^^^^^^^^^^
/home/zeus/miniconda3/envs/cloudspace/lib/python3.12/site-packages/transformers/models/auto/modeling_auto.py:21: in <module>
    from .auto_factory import (
/home/zeus/miniconda3/envs/cloudspace/lib/python3.12/site-packages/transformers/models/auto/auto_factory.py:42: in <module>
    from ...generation import GenerationMixin
/home/zeus/miniconda3/envs/cloudspace/lib/python3.12/site-packages/transformers/utils/import_utils.py:2342: in __getattr__
    module = self._get_module(self._class_to_module[name])
             ^^^^^^^^^^^^^^^^^^^^^^^^^^^^^^^^^^^^^^^^^^^^^
/home/zeus/miniconda3/envs/cloudspace/lib/python3.12/site-packages/transformers/utils/import_utils.py:2576: in _get_module
    raise e
/home/zeus/miniconda3/envs/cloudspace/lib/python3.12/site-packages/transformers/utils/import_utils.py:2574: in _get_module
    return importlib.import_module("." + module_name, self.__name__)
           ^^^^^^^^^^^^^^^^^^^^^^^^^^^^^^^^^^^^^^^^^^^^^^^^^^^^^^^^^
/home/zeus/miniconda3/envs/cloudspace/lib/python3.12/importlib/__init__.py:90: in import_module
    return _bootstrap._gcd_import(name[level:], package, level)
           ^^^^^^^^^^^^^^^^^^^^^^^^^^^^^^^^^^^^^^^^^^^^^^^^^^^^
/home/zeus/miniconda3/envs/cloudspace/lib/python3.12/site-packages/transformers/generation/utils.py:53: in <module>
    from .candidate_generator import (
/home/zeus/miniconda3/envs/cloudspace/lib/python3.12/site-packages/transformers/generation/candidate_generator.py:31: in <module>
    from sklearn.metrics import roc_curve
/home/zeus/miniconda3/envs/cloudspace/lib/python3.12/site-packages/sklearn/__init__.py:83: in <module>
    from .base import clone
/home/zeus/miniconda3/envs/cloudspace/lib/python3.12/site-packages/sklearn/base.py:19: in <module>
    from .utils import _IS_32BIT
/home/zeus/miniconda3/envs/cloudspace/lib/python3.12/site-packages/sklearn/utils/__init__.py:27: in <module>
    from .murmurhash import murmurhash3_32
_ _ _ _ _ _ _ _ _ _ _ _ _ _ _ _ _ _ _ _ _ _ _ _ _ _ _ _ _ _ _ _ _ _ _ _ _ _ _ _ 

>   ???
E   ValueError: numpy.dtype size changed, may indicate binary incompatibility. Expected 96 from C header, got 88 from PyObject

sklearn/utils/murmurhash.pyx:1: ValueError

The above exception was the direct cause of the following exception:

    @pytest.fixture(scope="module")
    def sd():
>       return SDWrapper(TINY)
               ^^^^^^^^^^^^^^^

tests/test_pipeline.py:43: 
_ _ _ _ _ _ _ _ _ _ _ _ _ _ _ _ _ _ _ _ _ _ _ _ _ _ _ _ _ _ _ _ _ _ _ _ _ _ _ _ 
src/models/sd.py:30: in __init__
    from diffusers import StableDiffusionPipeline
<frozen importlib._bootstrap>:1412: in _handle_fromlist
    ???
/home/zeus/miniconda3/envs/cloudspace/lib/python3.12/site-packages/diffusers/utils/import_utils.py:1043: in __getattr__
    value = getattr(module, name)
            ^^^^^^^^^^^^^^^^^^^^^
/home/zeus/miniconda3/envs/cloudspace/lib/python3.12/site-packages/diffusers/utils/import_utils.py:1043: in __getattr__
    value = getattr(module, name)
            ^^^^^^^^^^^^^^^^^^^^^
/home/zeus/miniconda3/envs/cloudspace/lib/python3.12/site-packages/diffusers/utils/import_utils.py:1042: in __getattr__
    module = self._get_module(self._class_to_module[name])
             ^^^^^^^^^^^^^^^^^^^^^^^^^^^^^^^^^^^^^^^^^^^^^
_ _ _ _ _ _ _ _ _ _ _ _ _ _ _ _ _ _ _ _ _ _ _ _ _ _ _ _ _ _ _ _ _ _ _ _ _ _ _ _ 

self = <module 'diffusers.pipelines.stable_diffusion' from '/home/zeus/miniconda3/envs/cloudspace/lib/python3.12/site-packages/diffusers/pipelines/stable_diffusion/__init__.py'>
module_name = 'pipeline_stable_diffusion'

    def _get_module(self, module_name: str):
        try:
            return importlib.import_module("." + module_name, self.__name__)
        except Exception as e:
>           raise RuntimeError(
                f"Failed to import {self.__name__}.{module_name} because of the following error (look up to see its"
                f" traceback):\n{e}"
            ) from e
E           RuntimeError: Failed to import diffusers.pipelines.stable_diffusion.pipeline_stable_diffusion because of the following error (look up to see its traceback):
E           numpy.dtype size changed, may indicate binary incompatibility. Expected 96 from C header, got 88 from PyObject

/home/zeus/miniconda3/envs/cloudspace/lib/python3.12/site-packages/diffusers/utils/import_utils.py:1054: RuntimeError
__________________ ERROR at setup of test_CFG_權重為一時與單分支逐位元相同 ___________________

self = <module 'diffusers.pipelines.stable_diffusion' from '/home/zeus/miniconda3/envs/cloudspace/lib/python3.12/site-packages/diffusers/pipelines/stable_diffusion/__init__.py'>
module_name = 'pipeline_stable_diffusion'

    def _get_module(self, module_name: str):
        try:
>           return importlib.import_module("." + module_name, self.__name__)
                   ^^^^^^^^^^^^^^^^^^^^^^^^^^^^^^^^^^^^^^^^^^^^^^^^^^^^^^^^^

/home/zeus/miniconda3/envs/cloudspace/lib/python3.12/site-packages/diffusers/utils/import_utils.py:1052: 
_ _ _ _ _ _ _ _ _ _ _ _ _ _ _ _ _ _ _ _ _ _ _ _ _ _ _ _ _ _ _ _ _ _ _ _ _ _ _ _ 
/home/zeus/miniconda3/envs/cloudspace/lib/python3.12/importlib/__init__.py:90: in import_module
    return _bootstrap._gcd_import(name[level:], package, level)
           ^^^^^^^^^^^^^^^^^^^^^^^^^^^^^^^^^^^^^^^^^^^^^^^^^^^^
/home/zeus/miniconda3/envs/cloudspace/lib/python3.12/site-packages/diffusers/pipelines/stable_diffusion/pipeline_stable_diffusion.py:19: in <module>
    from transformers import CLIPImageProcessor, CLIPTextModel, CLIPTokenizer, CLIPVisionModelWithProjection
/home/zeus/miniconda3/envs/cloudspace/lib/python3.12/site-packages/transformers/utils/import_utils.py:2342: in __getattr__
    module = self._get_module(self._class_to_module[name])
             ^^^^^^^^^^^^^^^^^^^^^^^^^^^^^^^^^^^^^^^^^^^^^
/home/zeus/miniconda3/envs/cloudspace/lib/python3.12/site-packages/transformers/utils/import_utils.py:2576: in _get_module
    raise e
/home/zeus/miniconda3/envs/cloudspace/lib/python3.12/site-packages/transformers/utils/import_utils.py:2574: in _get_module
    return importlib.import_module("." + module_name, self.__name__)
           ^^^^^^^^^^^^^^^^^^^^^^^^^^^^^^^^^^^^^^^^^^^^^^^^^^^^^^^^^
/home/zeus/miniconda3/envs/cloudspace/lib/python3.12/importlib/__init__.py:90: in import_module
    return _bootstrap._gcd_import(name[level:], package, level)
           ^^^^^^^^^^^^^^^^^^^^^^^^^^^^^^^^^^^^^^^^^^^^^^^^^^^^
/home/zeus/miniconda3/envs/cloudspace/lib/python3.12/site-packages/transformers/models/clip/image_processing_clip.py:22: in <module>
    @auto_docstring
     ^^^^^^^^^^^^^^
/home/zeus/miniconda3/envs/cloudspace/lib/python3.12/site-packages/transformers/utils/auto_docstring.py:4536: in auto_docstring
    return auto_docstring_decorator(obj)
           ^^^^^^^^^^^^^^^^^^^^^^^^^^^^^
/home/zeus/miniconda3/envs/cloudspace/lib/python3.12/site-packages/transformers/utils/auto_docstring.py:4533: in auto_docstring_decorator
    return auto_class_docstring(obj, custom_args=custom_args, custom_intro=custom_intro, checkpoint=checkpoint)
           ^^^^^^^^^^^^^^^^^^^^^^^^^^^^^^^^^^^^^^^^^^^^^^^^^^^^^^^^^^^^^^^^^^^^^^^^^^^^^^^^^^^^^^^^^^^^^^^^^^^^
/home/zeus/miniconda3/envs/cloudspace/lib/python3.12/site-packages/transformers/utils/auto_docstring.py:4279: in auto_class_docstring
    getattr(auto_module, PLACEHOLDER_TO_AUTO_MODULE["model_class"][0]),
    ^^^^^^^^^^^^^^^^^^^^^^^^^^^^^^^^^^^^^^^^^^^^^^^^^^^^^^^^^^^^^^^^^^
/home/zeus/miniconda3/envs/cloudspace/lib/python3.12/site-packages/transformers/utils/import_utils.py:2436: in __getattr__
    value = self._get_module(name)
            ^^^^^^^^^^^^^^^^^^^^^^
/home/zeus/miniconda3/envs/cloudspace/lib/python3.12/site-packages/transformers/utils/import_utils.py:2576: in _get_module
    raise e
/home/zeus/miniconda3/envs/cloudspace/lib/python3.12/site-packages/transformers/utils/import_utils.py:2574: in _get_module
    return importlib.import_module("." + module_name, self.__name__)
           ^^^^^^^^^^^^^^^^^^^^^^^^^^^^^^^^^^^^^^^^^^^^^^^^^^^^^^^^^
/home/zeus/miniconda3/envs/cloudspace/lib/python3.12/importlib/__init__.py:90: in import_module
    return _bootstrap._gcd_import(name[level:], package, level)
           ^^^^^^^^^^^^^^^^^^^^^^^^^^^^^^^^^^^^^^^^^^^^^^^^^^^^
/home/zeus/miniconda3/envs/cloudspace/lib/python3.12/site-packages/transformers/models/auto/modeling_auto.py:21: in <module>
    from .auto_factory import (
/home/zeus/miniconda3/envs/cloudspace/lib/python3.12/site-packages/transformers/models/auto/auto_factory.py:42: in <module>
    from ...generation import GenerationMixin
/home/zeus/miniconda3/envs/cloudspace/lib/python3.12/site-packages/transformers/utils/import_utils.py:2342: in __getattr__
    module = self._get_module(self._class_to_module[name])
             ^^^^^^^^^^^^^^^^^^^^^^^^^^^^^^^^^^^^^^^^^^^^^
/home/zeus/miniconda3/envs/cloudspace/lib/python3.12/site-packages/transformers/utils/import_utils.py:2576: in _get_module
    raise e
/home/zeus/miniconda3/envs/cloudspace/lib/python3.12/site-packages/transformers/utils/import_utils.py:2574: in _get_module
    return importlib.import_module("." + module_name, self.__name__)
           ^^^^^^^^^^^^^^^^^^^^^^^^^^^^^^^^^^^^^^^^^^^^^^^^^^^^^^^^^
/home/zeus/miniconda3/envs/cloudspace/lib/python3.12/importlib/__init__.py:90: in import_module
    return _bootstrap._gcd_import(name[level:], package, level)
           ^^^^^^^^^^^^^^^^^^^^^^^^^^^^^^^^^^^^^^^^^^^^^^^^^^^^
/home/zeus/miniconda3/envs/cloudspace/lib/python3.12/site-packages/transformers/generation/utils.py:53: in <module>
    from .candidate_generator import (
/home/zeus/miniconda3/envs/cloudspace/lib/python3.12/site-packages/transformers/generation/candidate_generator.py:31: in <module>
    from sklearn.metrics import roc_curve
/home/zeus/miniconda3/envs/cloudspace/lib/python3.12/site-packages/sklearn/__init__.py:83: in <module>
    from .base import clone
/home/zeus/miniconda3/envs/cloudspace/lib/python3.12/site-packages/sklearn/base.py:19: in <module>
    from .utils import _IS_32BIT
/home/zeus/miniconda3/envs/cloudspace/lib/python3.12/site-packages/sklearn/utils/__init__.py:27: in <module>
    from .murmurhash import murmurhash3_32
_ _ _ _ _ _ _ _ _ _ _ _ _ _ _ _ _ _ _ _ _ _ _ _ _ _ _ _ _ _ _ _ _ _ _ _ _ _ _ _ 

>   ???
E   ValueError: numpy.dtype size changed, may indicate binary incompatibility. Expected 96 from C header, got 88 from PyObject

sklearn/utils/murmurhash.pyx:1: ValueError

The above exception was the direct cause of the following exception:

    @pytest.fixture(scope="module")
    def sd():
>       return SDWrapper(TINY)
               ^^^^^^^^^^^^^^^

tests/test_pipeline.py:43: 
_ _ _ _ _ _ _ _ _ _ _ _ _ _ _ _ _ _ _ _ _ _ _ _ _ _ _ _ _ _ _ _ _ _ _ _ _ _ _ _ 
src/models/sd.py:30: in __init__
    from diffusers import StableDiffusionPipeline
<frozen importlib._bootstrap>:1412: in _handle_fromlist
    ???
/home/zeus/miniconda3/envs/cloudspace/lib/python3.12/site-packages/diffusers/utils/import_utils.py:1043: in __getattr__
    value = getattr(module, name)
            ^^^^^^^^^^^^^^^^^^^^^
/home/zeus/miniconda3/envs/cloudspace/lib/python3.12/site-packages/diffusers/utils/import_utils.py:1043: in __getattr__
    value = getattr(module, name)
            ^^^^^^^^^^^^^^^^^^^^^
/home/zeus/miniconda3/envs/cloudspace/lib/python3.12/site-packages/diffusers/utils/import_utils.py:1042: in __getattr__
    module = self._get_module(self._class_to_module[name])
             ^^^^^^^^^^^^^^^^^^^^^^^^^^^^^^^^^^^^^^^^^^^^^
_ _ _ _ _ _ _ _ _ _ _ _ _ _ _ _ _ _ _ _ _ _ _ _ _ _ _ _ _ _ _ _ _ _ _ _ _ _ _ _ 

self = <module 'diffusers.pipelines.stable_diffusion' from '/home/zeus/miniconda3/envs/cloudspace/lib/python3.12/site-packages/diffusers/pipelines/stable_diffusion/__init__.py'>
module_name = 'pipeline_stable_diffusion'

    def _get_module(self, module_name: str):
        try:
            return importlib.import_module("." + module_name, self.__name__)
        except Exception as e:
>           raise RuntimeError(
                f"Failed to import {self.__name__}.{module_name} because of the following error (look up to see its"
                f" traceback):\n{e}"
            ) from e
E           RuntimeError: Failed to import diffusers.pipelines.stable_diffusion.pipeline_stable_diffusion because of the following error (look up to see its traceback):
E           numpy.dtype size changed, may indicate binary incompatibility. Expected 96 from C header, got 88 from PyObject

/home/zeus/miniconda3/envs/cloudspace/lib/python3.12/site-packages/diffusers/utils/import_utils.py:1054: RuntimeError
____________________ ERROR at setup of test_CFG_缺少無條件嵌入時拒絕 _____________________

self = <module 'diffusers.pipelines.stable_diffusion' from '/home/zeus/miniconda3/envs/cloudspace/lib/python3.12/site-packages/diffusers/pipelines/stable_diffusion/__init__.py'>
module_name = 'pipeline_stable_diffusion'

    def _get_module(self, module_name: str):
        try:
>           return importlib.import_module("." + module_name, self.__name__)
                   ^^^^^^^^^^^^^^^^^^^^^^^^^^^^^^^^^^^^^^^^^^^^^^^^^^^^^^^^^

/home/zeus/miniconda3/envs/cloudspace/lib/python3.12/site-packages/diffusers/utils/import_utils.py:1052: 
_ _ _ _ _ _ _ _ _ _ _ _ _ _ _ _ _ _ _ _ _ _ _ _ _ _ _ _ _ _ _ _ _ _ _ _ _ _ _ _ 
/home/zeus/miniconda3/envs/cloudspace/lib/python3.12/importlib/__init__.py:90: in import_module
    return _bootstrap._gcd_import(name[level:], package, level)
           ^^^^^^^^^^^^^^^^^^^^^^^^^^^^^^^^^^^^^^^^^^^^^^^^^^^^
/home/zeus/miniconda3/envs/cloudspace/lib/python3.12/site-packages/diffusers/pipelines/stable_diffusion/pipeline_stable_diffusion.py:19: in <module>
    from transformers import CLIPImageProcessor, CLIPTextModel, CLIPTokenizer, CLIPVisionModelWithProjection
/home/zeus/miniconda3/envs/cloudspace/lib/python3.12/site-packages/transformers/utils/import_utils.py:2342: in __getattr__
    module = self._get_module(self._class_to_module[name])
             ^^^^^^^^^^^^^^^^^^^^^^^^^^^^^^^^^^^^^^^^^^^^^
/home/zeus/miniconda3/envs/cloudspace/lib/python3.12/site-packages/transformers/utils/import_utils.py:2576: in _get_module
    raise e
/home/zeus/miniconda3/envs/cloudspace/lib/python3.12/site-packages/transformers/utils/import_utils.py:2574: in _get_module
    return importlib.import_module("." + module_name, self.__name__)
           ^^^^^^^^^^^^^^^^^^^^^^^^^^^^^^^^^^^^^^^^^^^^^^^^^^^^^^^^^
/home/zeus/miniconda3/envs/cloudspace/lib/python3.12/importlib/__init__.py:90: in import_module
    return _bootstrap._gcd_import(name[level:], package, level)
           ^^^^^^^^^^^^^^^^^^^^^^^^^^^^^^^^^^^^^^^^^^^^^^^^^^^^
/home/zeus/miniconda3/envs/cloudspace/lib/python3.12/site-packages/transformers/models/clip/image_processing_clip.py:22: in <module>
    @auto_docstring
     ^^^^^^^^^^^^^^
/home/zeus/miniconda3/envs/cloudspace/lib/python3.12/site-packages/transformers/utils/auto_docstring.py:4536: in auto_docstring
    return auto_docstring_decorator(obj)
           ^^^^^^^^^^^^^^^^^^^^^^^^^^^^^
/home/zeus/miniconda3/envs/cloudspace/lib/python3.12/site-packages/transformers/utils/auto_docstring.py:4533: in auto_docstring_decorator
    return auto_class_docstring(obj, custom_args=custom_args, custom_intro=custom_intro, checkpoint=checkpoint)
           ^^^^^^^^^^^^^^^^^^^^^^^^^^^^^^^^^^^^^^^^^^^^^^^^^^^^^^^^^^^^^^^^^^^^^^^^^^^^^^^^^^^^^^^^^^^^^^^^^^^^
/home/zeus/miniconda3/envs/cloudspace/lib/python3.12/site-packages/transformers/utils/auto_docstring.py:4279: in auto_class_docstring
    getattr(auto_module, PLACEHOLDER_TO_AUTO_MODULE["model_class"][0]),
    ^^^^^^^^^^^^^^^^^^^^^^^^^^^^^^^^^^^^^^^^^^^^^^^^^^^^^^^^^^^^^^^^^^
/home/zeus/miniconda3/envs/cloudspace/lib/python3.12/site-packages/transformers/utils/import_utils.py:2436: in __getattr__
    value = self._get_module(name)
            ^^^^^^^^^^^^^^^^^^^^^^
/home/zeus/miniconda3/envs/cloudspace/lib/python3.12/site-packages/transformers/utils/import_utils.py:2576: in _get_module
    raise e
/home/zeus/miniconda3/envs/cloudspace/lib/python3.12/site-packages/transformers/utils/import_utils.py:2574: in _get_module
    return importlib.import_module("." + module_name, self.__name__)
           ^^^^^^^^^^^^^^^^^^^^^^^^^^^^^^^^^^^^^^^^^^^^^^^^^^^^^^^^^
/home/zeus/miniconda3/envs/cloudspace/lib/python3.12/importlib/__init__.py:90: in import_module
    return _bootstrap._gcd_import(name[level:], package, level)
           ^^^^^^^^^^^^^^^^^^^^^^^^^^^^^^^^^^^^^^^^^^^^^^^^^^^^
/home/zeus/miniconda3/envs/cloudspace/lib/python3.12/site-packages/transformers/models/auto/modeling_auto.py:21: in <module>
    from .auto_factory import (
/home/zeus/miniconda3/envs/cloudspace/lib/python3.12/site-packages/transformers/models/auto/auto_factory.py:42: in <module>
    from ...generation import GenerationMixin
/home/zeus/miniconda3/envs/cloudspace/lib/python3.12/site-packages/transformers/utils/import_utils.py:2342: in __getattr__
    module = self._get_module(self._class_to_module[name])
             ^^^^^^^^^^^^^^^^^^^^^^^^^^^^^^^^^^^^^^^^^^^^^
/home/zeus/miniconda3/envs/cloudspace/lib/python3.12/site-packages/transformers/utils/import_utils.py:2576: in _get_module
    raise e
/home/zeus/miniconda3/envs/cloudspace/lib/python3.12/site-packages/transformers/utils/import_utils.py:2574: in _get_module
    return importlib.import_module("." + module_name, self.__name__)
           ^^^^^^^^^^^^^^^^^^^^^^^^^^^^^^^^^^^^^^^^^^^^^^^^^^^^^^^^^
/home/zeus/miniconda3/envs/cloudspace/lib/python3.12/importlib/__init__.py:90: in import_module
    return _bootstrap._gcd_import(name[level:], package, level)
           ^^^^^^^^^^^^^^^^^^^^^^^^^^^^^^^^^^^^^^^^^^^^^^^^^^^^
/home/zeus/miniconda3/envs/cloudspace/lib/python3.12/site-packages/transformers/generation/utils.py:53: in <module>
    from .candidate_generator import (
/home/zeus/miniconda3/envs/cloudspace/lib/python3.12/site-packages/transformers/generation/candidate_generator.py:31: in <module>
    from sklearn.metrics import roc_curve
/home/zeus/miniconda3/envs/cloudspace/lib/python3.12/site-packages/sklearn/__init__.py:83: in <module>
    from .base import clone
/home/zeus/miniconda3/envs/cloudspace/lib/python3.12/site-packages/sklearn/base.py:19: in <module>
    from .utils import _IS_32BIT
/home/zeus/miniconda3/envs/cloudspace/lib/python3.12/site-packages/sklearn/utils/__init__.py:27: in <module>
    from .murmurhash import murmurhash3_32
_ _ _ _ _ _ _ _ _ _ _ _ _ _ _ _ _ _ _ _ _ _ _ _ _ _ _ _ _ _ _ _ _ _ _ _ _ _ _ _ 

>   ???
E   ValueError: numpy.dtype size changed, may indicate binary incompatibility. Expected 96 from C header, got 88 from PyObject

sklearn/utils/murmurhash.pyx:1: ValueError

The above exception was the direct cause of the following exception:

    @pytest.fixture(scope="module")
    def sd():
>       return SDWrapper(TINY)
               ^^^^^^^^^^^^^^^

tests/test_pipeline.py:43: 
_ _ _ _ _ _ _ _ _ _ _ _ _ _ _ _ _ _ _ _ _ _ _ _ _ _ _ _ _ _ _ _ _ _ _ _ _ _ _ _ 
src/models/sd.py:30: in __init__
    from diffusers import StableDiffusionPipeline
<frozen importlib._bootstrap>:1412: in _handle_fromlist
    ???
/home/zeus/miniconda3/envs/cloudspace/lib/python3.12/site-packages/diffusers/utils/import_utils.py:1043: in __getattr__
    value = getattr(module, name)
            ^^^^^^^^^^^^^^^^^^^^^
/home/zeus/miniconda3/envs/cloudspace/lib/python3.12/site-packages/diffusers/utils/import_utils.py:1043: in __getattr__
    value = getattr(module, name)
            ^^^^^^^^^^^^^^^^^^^^^
/home/zeus/miniconda3/envs/cloudspace/lib/python3.12/site-packages/diffusers/utils/import_utils.py:1042: in __getattr__
    module = self._get_module(self._class_to_module[name])
             ^^^^^^^^^^^^^^^^^^^^^^^^^^^^^^^^^^^^^^^^^^^^^
_ _ _ _ _ _ _ _ _ _ _ _ _ _ _ _ _ _ _ _ _ _ _ _ _ _ _ _ _ _ _ _ _ _ _ _ _ _ _ _ 

self = <module 'diffusers.pipelines.stable_diffusion' from '/home/zeus/miniconda3/envs/cloudspace/lib/python3.12/site-packages/diffusers/pipelines/stable_diffusion/__init__.py'>
module_name = 'pipeline_stable_diffusion'

    def _get_module(self, module_name: str):
        try:
            return importlib.import_module("." + module_name, self.__name__)
        except Exception as e:
>           raise RuntimeError(
                f"Failed to import {self.__name__}.{module_name} because of the following error (look up to see its"
                f" traceback):\n{e}"
            ) from e
E           RuntimeError: Failed to import diffusers.pipelines.stable_diffusion.pipeline_stable_diffusion because of the following error (look up to see its traceback):
E           numpy.dtype size changed, may indicate binary incompatibility. Expected 96 from C header, got 88 from PyObject

/home/zeus/miniconda3/envs/cloudspace/lib/python3.12/site-packages/diffusers/utils/import_utils.py:1054: RuntimeError
_____________________ ERROR at setup of test_CFG_算式正確且改變輸出 _____________________

self = <module 'diffusers.pipelines.stable_diffusion' from '/home/zeus/miniconda3/envs/cloudspace/lib/python3.12/site-packages/diffusers/pipelines/stable_diffusion/__init__.py'>
module_name = 'pipeline_stable_diffusion'

    def _get_module(self, module_name: str):
        try:
>           return importlib.import_module("." + module_name, self.__name__)
                   ^^^^^^^^^^^^^^^^^^^^^^^^^^^^^^^^^^^^^^^^^^^^^^^^^^^^^^^^^

/home/zeus/miniconda3/envs/cloudspace/lib/python3.12/site-packages/diffusers/utils/import_utils.py:1052: 
_ _ _ _ _ _ _ _ _ _ _ _ _ _ _ _ _ _ _ _ _ _ _ _ _ _ _ _ _ _ _ _ _ _ _ _ _ _ _ _ 
/home/zeus/miniconda3/envs/cloudspace/lib/python3.12/importlib/__init__.py:90: in import_module
    return _bootstrap._gcd_import(name[level:], package, level)
           ^^^^^^^^^^^^^^^^^^^^^^^^^^^^^^^^^^^^^^^^^^^^^^^^^^^^
/home/zeus/miniconda3/envs/cloudspace/lib/python3.12/site-packages/diffusers/pipelines/stable_diffusion/pipeline_stable_diffusion.py:19: in <module>
    from transformers import CLIPImageProcessor, CLIPTextModel, CLIPTokenizer, CLIPVisionModelWithProjection
/home/zeus/miniconda3/envs/cloudspace/lib/python3.12/site-packages/transformers/utils/import_utils.py:2342: in __getattr__
    module = self._get_module(self._class_to_module[name])
             ^^^^^^^^^^^^^^^^^^^^^^^^^^^^^^^^^^^^^^^^^^^^^
/home/zeus/miniconda3/envs/cloudspace/lib/python3.12/site-packages/transformers/utils/import_utils.py:2576: in _get_module
    raise e
/home/zeus/miniconda3/envs/cloudspace/lib/python3.12/site-packages/transformers/utils/import_utils.py:2574: in _get_module
    return importlib.import_module("." + module_name, self.__name__)
           ^^^^^^^^^^^^^^^^^^^^^^^^^^^^^^^^^^^^^^^^^^^^^^^^^^^^^^^^^
/home/zeus/miniconda3/envs/cloudspace/lib/python3.12/importlib/__init__.py:90: in import_module
    return _bootstrap._gcd_import(name[level:], package, level)
           ^^^^^^^^^^^^^^^^^^^^^^^^^^^^^^^^^^^^^^^^^^^^^^^^^^^^
/home/zeus/miniconda3/envs/cloudspace/lib/python3.12/site-packages/transformers/models/clip/image_processing_clip.py:22: in <module>
    @auto_docstring
     ^^^^^^^^^^^^^^
/home/zeus/miniconda3/envs/cloudspace/lib/python3.12/site-packages/transformers/utils/auto_docstring.py:4536: in auto_docstring
    return auto_docstring_decorator(obj)
           ^^^^^^^^^^^^^^^^^^^^^^^^^^^^^
/home/zeus/miniconda3/envs/cloudspace/lib/python3.12/site-packages/transformers/utils/auto_docstring.py:4533: in auto_docstring_decorator
    return auto_class_docstring(obj, custom_args=custom_args, custom_intro=custom_intro, checkpoint=checkpoint)
           ^^^^^^^^^^^^^^^^^^^^^^^^^^^^^^^^^^^^^^^^^^^^^^^^^^^^^^^^^^^^^^^^^^^^^^^^^^^^^^^^^^^^^^^^^^^^^^^^^^^^
/home/zeus/miniconda3/envs/cloudspace/lib/python3.12/site-packages/transformers/utils/auto_docstring.py:4279: in auto_class_docstring
    getattr(auto_module, PLACEHOLDER_TO_AUTO_MODULE["model_class"][0]),
    ^^^^^^^^^^^^^^^^^^^^^^^^^^^^^^^^^^^^^^^^^^^^^^^^^^^^^^^^^^^^^^^^^^
/home/zeus/miniconda3/envs/cloudspace/lib/python3.12/site-packages/transformers/utils/import_utils.py:2436: in __getattr__
    value = self._get_module(name)
            ^^^^^^^^^^^^^^^^^^^^^^
/home/zeus/miniconda3/envs/cloudspace/lib/python3.12/site-packages/transformers/utils/import_utils.py:2576: in _get_module
    raise e
/home/zeus/miniconda3/envs/cloudspace/lib/python3.12/site-packages/transformers/utils/import_utils.py:2574: in _get_module
    return importlib.import_module("." + module_name, self.__name__)
           ^^^^^^^^^^^^^^^^^^^^^^^^^^^^^^^^^^^^^^^^^^^^^^^^^^^^^^^^^
/home/zeus/miniconda3/envs/cloudspace/lib/python3.12/importlib/__init__.py:90: in import_module
    return _bootstrap._gcd_import(name[level:], package, level)
           ^^^^^^^^^^^^^^^^^^^^^^^^^^^^^^^^^^^^^^^^^^^^^^^^^^^^
/home/zeus/miniconda3/envs/cloudspace/lib/python3.12/site-packages/transformers/models/auto/modeling_auto.py:21: in <module>
    from .auto_factory import (
/home/zeus/miniconda3/envs/cloudspace/lib/python3.12/site-packages/transformers/models/auto/auto_factory.py:42: in <module>
    from ...generation import GenerationMixin
/home/zeus/miniconda3/envs/cloudspace/lib/python3.12/site-packages/transformers/utils/import_utils.py:2342: in __getattr__
    module = self._get_module(self._class_to_module[name])
             ^^^^^^^^^^^^^^^^^^^^^^^^^^^^^^^^^^^^^^^^^^^^^
/home/zeus/miniconda3/envs/cloudspace/lib/python3.12/site-packages/transformers/utils/import_utils.py:2576: in _get_module
    raise e
/home/zeus/miniconda3/envs/cloudspace/lib/python3.12/site-packages/transformers/utils/import_utils.py:2574: in _get_module
    return importlib.import_module("." + module_name, self.__name__)
           ^^^^^^^^^^^^^^^^^^^^^^^^^^^^^^^^^^^^^^^^^^^^^^^^^^^^^^^^^
/home/zeus/miniconda3/envs/cloudspace/lib/python3.12/importlib/__init__.py:90: in import_module
    return _bootstrap._gcd_import(name[level:], package, level)
           ^^^^^^^^^^^^^^^^^^^^^^^^^^^^^^^^^^^^^^^^^^^^^^^^^^^^
/home/zeus/miniconda3/envs/cloudspace/lib/python3.12/site-packages/transformers/generation/utils.py:53: in <module>
    from .candidate_generator import (
/home/zeus/miniconda3/envs/cloudspace/lib/python3.12/site-packages/transformers/generation/candidate_generator.py:31: in <module>
    from sklearn.metrics import roc_curve
/home/zeus/miniconda3/envs/cloudspace/lib/python3.12/site-packages/sklearn/__init__.py:83: in <module>
    from .base import clone
/home/zeus/miniconda3/envs/cloudspace/lib/python3.12/site-packages/sklearn/base.py:19: in <module>
    from .utils import _IS_32BIT
/home/zeus/miniconda3/envs/cloudspace/lib/python3.12/site-packages/sklearn/utils/__init__.py:27: in <module>
    from .murmurhash import murmurhash3_32
_ _ _ _ _ _ _ _ _ _ _ _ _ _ _ _ _ _ _ _ _ _ _ _ _ _ _ _ _ _ _ _ _ _ _ _ _ _ _ _ 

>   ???
E   ValueError: numpy.dtype size changed, may indicate binary incompatibility. Expected 96 from C header, got 88 from PyObject

sklearn/utils/murmurhash.pyx:1: ValueError

The above exception was the direct cause of the following exception:

    @pytest.fixture(scope="module")
    def sd():
>       return SDWrapper(TINY)
               ^^^^^^^^^^^^^^^

tests/test_pipeline.py:43: 
_ _ _ _ _ _ _ _ _ _ _ _ _ _ _ _ _ _ _ _ _ _ _ _ _ _ _ _ _ _ _ _ _ _ _ _ _ _ _ _ 
src/models/sd.py:30: in __init__
    from diffusers import StableDiffusionPipeline
<frozen importlib._bootstrap>:1412: in _handle_fromlist
    ???
/home/zeus/miniconda3/envs/cloudspace/lib/python3.12/site-packages/diffusers/utils/import_utils.py:1043: in __getattr__
    value = getattr(module, name)
            ^^^^^^^^^^^^^^^^^^^^^
/home/zeus/miniconda3/envs/cloudspace/lib/python3.12/site-packages/diffusers/utils/import_utils.py:1043: in __getattr__
    value = getattr(module, name)
            ^^^^^^^^^^^^^^^^^^^^^
/home/zeus/miniconda3/envs/cloudspace/lib/python3.12/site-packages/diffusers/utils/import_utils.py:1042: in __getattr__
    module = self._get_module(self._class_to_module[name])
             ^^^^^^^^^^^^^^^^^^^^^^^^^^^^^^^^^^^^^^^^^^^^^
_ _ _ _ _ _ _ _ _ _ _ _ _ _ _ _ _ _ _ _ _ _ _ _ _ _ _ _ _ _ _ _ _ _ _ _ _ _ _ _ 

self = <module 'diffusers.pipelines.stable_diffusion' from '/home/zeus/miniconda3/envs/cloudspace/lib/python3.12/site-packages/diffusers/pipelines/stable_diffusion/__init__.py'>
module_name = 'pipeline_stable_diffusion'

    def _get_module(self, module_name: str):
        try:
            return importlib.import_module("." + module_name, self.__name__)
        except Exception as e:
>           raise RuntimeError(
                f"Failed to import {self.__name__}.{module_name} because of the following error (look up to see its"
                f" traceback):\n{e}"
            ) from e
E           RuntimeError: Failed to import diffusers.pipelines.stable_diffusion.pipeline_stable_diffusion because of the following error (look up to see its traceback):
E           numpy.dtype size changed, may indicate binary incompatibility. Expected 96 from C header, got 88 from PyObject

/home/zeus/miniconda3/envs/cloudspace/lib/python3.12/site-packages/diffusers/utils/import_utils.py:1054: RuntimeError
____________________ ERROR at setup of test_CFG_經sdedit後仍可微 ____________________

self = <module 'diffusers.pipelines.stable_diffusion' from '/home/zeus/miniconda3/envs/cloudspace/lib/python3.12/site-packages/diffusers/pipelines/stable_diffusion/__init__.py'>
module_name = 'pipeline_stable_diffusion'

    def _get_module(self, module_name: str):
        try:
>           return importlib.import_module("." + module_name, self.__name__)
                   ^^^^^^^^^^^^^^^^^^^^^^^^^^^^^^^^^^^^^^^^^^^^^^^^^^^^^^^^^

/home/zeus/miniconda3/envs/cloudspace/lib/python3.12/site-packages/diffusers/utils/import_utils.py:1052: 
_ _ _ _ _ _ _ _ _ _ _ _ _ _ _ _ _ _ _ _ _ _ _ _ _ _ _ _ _ _ _ _ _ _ _ _ _ _ _ _ 
/home/zeus/miniconda3/envs/cloudspace/lib/python3.12/importlib/__init__.py:90: in import_module
    return _bootstrap._gcd_import(name[level:], package, level)
           ^^^^^^^^^^^^^^^^^^^^^^^^^^^^^^^^^^^^^^^^^^^^^^^^^^^^
/home/zeus/miniconda3/envs/cloudspace/lib/python3.12/site-packages/diffusers/pipelines/stable_diffusion/pipeline_stable_diffusion.py:19: in <module>
    from transformers import CLIPImageProcessor, CLIPTextModel, CLIPTokenizer, CLIPVisionModelWithProjection
/home/zeus/miniconda3/envs/cloudspace/lib/python3.12/site-packages/transformers/utils/import_utils.py:2342: in __getattr__
    module = self._get_module(self._class_to_module[name])
             ^^^^^^^^^^^^^^^^^^^^^^^^^^^^^^^^^^^^^^^^^^^^^
/home/zeus/miniconda3/envs/cloudspace/lib/python3.12/site-packages/transformers/utils/import_utils.py:2576: in _get_module
    raise e
/home/zeus/miniconda3/envs/cloudspace/lib/python3.12/site-packages/transformers/utils/import_utils.py:2574: in _get_module
    return importlib.import_module("." + module_name, self.__name__)
           ^^^^^^^^^^^^^^^^^^^^^^^^^^^^^^^^^^^^^^^^^^^^^^^^^^^^^^^^^
/home/zeus/miniconda3/envs/cloudspace/lib/python3.12/importlib/__init__.py:90: in import_module
    return _bootstrap._gcd_import(name[level:], package, level)
           ^^^^^^^^^^^^^^^^^^^^^^^^^^^^^^^^^^^^^^^^^^^^^^^^^^^^
/home/zeus/miniconda3/envs/cloudspace/lib/python3.12/site-packages/transformers/models/clip/image_processing_clip.py:22: in <module>
    @auto_docstring
     ^^^^^^^^^^^^^^
/home/zeus/miniconda3/envs/cloudspace/lib/python3.12/site-packages/transformers/utils/auto_docstring.py:4536: in auto_docstring
    return auto_docstring_decorator(obj)
           ^^^^^^^^^^^^^^^^^^^^^^^^^^^^^
/home/zeus/miniconda3/envs/cloudspace/lib/python3.12/site-packages/transformers/utils/auto_docstring.py:4533: in auto_docstring_decorator
    return auto_class_docstring(obj, custom_args=custom_args, custom_intro=custom_intro, checkpoint=checkpoint)
           ^^^^^^^^^^^^^^^^^^^^^^^^^^^^^^^^^^^^^^^^^^^^^^^^^^^^^^^^^^^^^^^^^^^^^^^^^^^^^^^^^^^^^^^^^^^^^^^^^^^^
/home/zeus/miniconda3/envs/cloudspace/lib/python3.12/site-packages/transformers/utils/auto_docstring.py:4279: in auto_class_docstring
    getattr(auto_module, PLACEHOLDER_TO_AUTO_MODULE["model_class"][0]),
    ^^^^^^^^^^^^^^^^^^^^^^^^^^^^^^^^^^^^^^^^^^^^^^^^^^^^^^^^^^^^^^^^^^
/home/zeus/miniconda3/envs/cloudspace/lib/python3.12/site-packages/transformers/utils/import_utils.py:2436: in __getattr__
    value = self._get_module(name)
            ^^^^^^^^^^^^^^^^^^^^^^
/home/zeus/miniconda3/envs/cloudspace/lib/python3.12/site-packages/transformers/utils/import_utils.py:2576: in _get_module
    raise e
/home/zeus/miniconda3/envs/cloudspace/lib/python3.12/site-packages/transformers/utils/import_utils.py:2574: in _get_module
    return importlib.import_module("." + module_name, self.__name__)
           ^^^^^^^^^^^^^^^^^^^^^^^^^^^^^^^^^^^^^^^^^^^^^^^^^^^^^^^^^
/home/zeus/miniconda3/envs/cloudspace/lib/python3.12/importlib/__init__.py:90: in import_module
    return _bootstrap._gcd_import(name[level:], package, level)
           ^^^^^^^^^^^^^^^^^^^^^^^^^^^^^^^^^^^^^^^^^^^^^^^^^^^^
/home/zeus/miniconda3/envs/cloudspace/lib/python3.12/site-packages/transformers/models/auto/modeling_auto.py:21: in <module>
    from .auto_factory import (
/home/zeus/miniconda3/envs/cloudspace/lib/python3.12/site-packages/transformers/models/auto/auto_factory.py:42: in <module>
    from ...generation import GenerationMixin
/home/zeus/miniconda3/envs/cloudspace/lib/python3.12/site-packages/transformers/utils/import_utils.py:2342: in __getattr__
    module = self._get_module(self._class_to_module[name])
             ^^^^^^^^^^^^^^^^^^^^^^^^^^^^^^^^^^^^^^^^^^^^^
/home/zeus/miniconda3/envs/cloudspace/lib/python3.12/site-packages/transformers/utils/import_utils.py:2576: in _get_module
    raise e
/home/zeus/miniconda3/envs/cloudspace/lib/python3.12/site-packages/transformers/utils/import_utils.py:2574: in _get_module
    return importlib.import_module("." + module_name, self.__name__)
           ^^^^^^^^^^^^^^^^^^^^^^^^^^^^^^^^^^^^^^^^^^^^^^^^^^^^^^^^^
/home/zeus/miniconda3/envs/cloudspace/lib/python3.12/importlib/__init__.py:90: in import_module
    return _bootstrap._gcd_import(name[level:], package, level)
           ^^^^^^^^^^^^^^^^^^^^^^^^^^^^^^^^^^^^^^^^^^^^^^^^^^^^
/home/zeus/miniconda3/envs/cloudspace/lib/python3.12/site-packages/transformers/generation/utils.py:53: in <module>
    from .candidate_generator import (
/home/zeus/miniconda3/envs/cloudspace/lib/python3.12/site-packages/transformers/generation/candidate_generator.py:31: in <module>
    from sklearn.metrics import roc_curve
/home/zeus/miniconda3/envs/cloudspace/lib/python3.12/site-packages/sklearn/__init__.py:83: in <module>
    from .base import clone
/home/zeus/miniconda3/envs/cloudspace/lib/python3.12/site-packages/sklearn/base.py:19: in <module>
    from .utils import _IS_32BIT
/home/zeus/miniconda3/envs/cloudspace/lib/python3.12/site-packages/sklearn/utils/__init__.py:27: in <module>
    from .murmurhash import murmurhash3_32
_ _ _ _ _ _ _ _ _ _ _ _ _ _ _ _ _ _ _ _ _ _ _ _ _ _ _ _ _ _ _ _ _ _ _ _ _ _ _ _ 

>   ???
E   ValueError: numpy.dtype size changed, may indicate binary incompatibility. Expected 96 from C header, got 88 from PyObject

sklearn/utils/murmurhash.pyx:1: ValueError

The above exception was the direct cause of the following exception:

    @pytest.fixture(scope="module")
    def sd():
>       return SDWrapper(TINY)
               ^^^^^^^^^^^^^^^

tests/test_pipeline.py:43: 
_ _ _ _ _ _ _ _ _ _ _ _ _ _ _ _ _ _ _ _ _ _ _ _ _ _ _ _ _ _ _ _ _ _ _ _ _ _ _ _ 
src/models/sd.py:30: in __init__
    from diffusers import StableDiffusionPipeline
<frozen importlib._bootstrap>:1412: in _handle_fromlist
    ???
/home/zeus/miniconda3/envs/cloudspace/lib/python3.12/site-packages/diffusers/utils/import_utils.py:1043: in __getattr__
    value = getattr(module, name)
            ^^^^^^^^^^^^^^^^^^^^^
/home/zeus/miniconda3/envs/cloudspace/lib/python3.12/site-packages/diffusers/utils/import_utils.py:1043: in __getattr__
    value = getattr(module, name)
            ^^^^^^^^^^^^^^^^^^^^^
/home/zeus/miniconda3/envs/cloudspace/lib/python3.12/site-packages/diffusers/utils/import_utils.py:1042: in __getattr__
    module = self._get_module(self._class_to_module[name])
             ^^^^^^^^^^^^^^^^^^^^^^^^^^^^^^^^^^^^^^^^^^^^^
_ _ _ _ _ _ _ _ _ _ _ _ _ _ _ _ _ _ _ _ _ _ _ _ _ _ _ _ _ _ _ _ _ _ _ _ _ _ _ _ 

self = <module 'diffusers.pipelines.stable_diffusion' from '/home/zeus/miniconda3/envs/cloudspace/lib/python3.12/site-packages/diffusers/pipelines/stable_diffusion/__init__.py'>
module_name = 'pipeline_stable_diffusion'

    def _get_module(self, module_name: str):
        try:
            return importlib.import_module("." + module_name, self.__name__)
        except Exception as e:
>           raise RuntimeError(
                f"Failed to import {self.__name__}.{module_name} because of the following error (look up to see its"
                f" traceback):\n{e}"
            ) from e
E           RuntimeError: Failed to import diffusers.pipelines.stable_diffusion.pipeline_stable_diffusion because of the following error (look up to see its traceback):
E           numpy.dtype size changed, may indicate binary incompatibility. Expected 96 from C header, got 88 from PyObject

/home/zeus/miniconda3/envs/cloudspace/lib/python3.12/site-packages/diffusers/utils/import_utils.py:1054: RuntimeError
______________________ ERROR at setup of test_有目標模式端到端可訓練 ______________________

self = <module 'diffusers.pipelines.stable_diffusion' from '/home/zeus/miniconda3/envs/cloudspace/lib/python3.12/site-packages/diffusers/pipelines/stable_diffusion/__init__.py'>
module_name = 'pipeline_stable_diffusion'

    def _get_module(self, module_name: str):
        try:
>           return importlib.import_module("." + module_name, self.__name__)
                   ^^^^^^^^^^^^^^^^^^^^^^^^^^^^^^^^^^^^^^^^^^^^^^^^^^^^^^^^^

/home/zeus/miniconda3/envs/cloudspace/lib/python3.12/site-packages/diffusers/utils/import_utils.py:1052: 
_ _ _ _ _ _ _ _ _ _ _ _ _ _ _ _ _ _ _ _ _ _ _ _ _ _ _ _ _ _ _ _ _ _ _ _ _ _ _ _ 
/home/zeus/miniconda3/envs/cloudspace/lib/python3.12/importlib/__init__.py:90: in import_module
    return _bootstrap._gcd_import(name[level:], package, level)
           ^^^^^^^^^^^^^^^^^^^^^^^^^^^^^^^^^^^^^^^^^^^^^^^^^^^^
/home/zeus/miniconda3/envs/cloudspace/lib/python3.12/site-packages/diffusers/pipelines/stable_diffusion/pipeline_stable_diffusion.py:19: in <module>
    from transformers import CLIPImageProcessor, CLIPTextModel, CLIPTokenizer, CLIPVisionModelWithProjection
/home/zeus/miniconda3/envs/cloudspace/lib/python3.12/site-packages/transformers/utils/import_utils.py:2342: in __getattr__
    module = self._get_module(self._class_to_module[name])
             ^^^^^^^^^^^^^^^^^^^^^^^^^^^^^^^^^^^^^^^^^^^^^
/home/zeus/miniconda3/envs/cloudspace/lib/python3.12/site-packages/transformers/utils/import_utils.py:2576: in _get_module
    raise e
/home/zeus/miniconda3/envs/cloudspace/lib/python3.12/site-packages/transformers/utils/import_utils.py:2574: in _get_module
    return importlib.import_module("." + module_name, self.__name__)
           ^^^^^^^^^^^^^^^^^^^^^^^^^^^^^^^^^^^^^^^^^^^^^^^^^^^^^^^^^
/home/zeus/miniconda3/envs/cloudspace/lib/python3.12/importlib/__init__.py:90: in import_module
    return _bootstrap._gcd_import(name[level:], package, level)
           ^^^^^^^^^^^^^^^^^^^^^^^^^^^^^^^^^^^^^^^^^^^^^^^^^^^^
/home/zeus/miniconda3/envs/cloudspace/lib/python3.12/site-packages/transformers/models/clip/image_processing_clip.py:22: in <module>
    @auto_docstring
     ^^^^^^^^^^^^^^
/home/zeus/miniconda3/envs/cloudspace/lib/python3.12/site-packages/transformers/utils/auto_docstring.py:4536: in auto_docstring
    return auto_docstring_decorator(obj)
           ^^^^^^^^^^^^^^^^^^^^^^^^^^^^^
/home/zeus/miniconda3/envs/cloudspace/lib/python3.12/site-packages/transformers/utils/auto_docstring.py:4533: in auto_docstring_decorator
    return auto_class_docstring(obj, custom_args=custom_args, custom_intro=custom_intro, checkpoint=checkpoint)
           ^^^^^^^^^^^^^^^^^^^^^^^^^^^^^^^^^^^^^^^^^^^^^^^^^^^^^^^^^^^^^^^^^^^^^^^^^^^^^^^^^^^^^^^^^^^^^^^^^^^^
/home/zeus/miniconda3/envs/cloudspace/lib/python3.12/site-packages/transformers/utils/auto_docstring.py:4279: in auto_class_docstring
    getattr(auto_module, PLACEHOLDER_TO_AUTO_MODULE["model_class"][0]),
    ^^^^^^^^^^^^^^^^^^^^^^^^^^^^^^^^^^^^^^^^^^^^^^^^^^^^^^^^^^^^^^^^^^
/home/zeus/miniconda3/envs/cloudspace/lib/python3.12/site-packages/transformers/utils/import_utils.py:2436: in __getattr__
    value = self._get_module(name)
            ^^^^^^^^^^^^^^^^^^^^^^
/home/zeus/miniconda3/envs/cloudspace/lib/python3.12/site-packages/transformers/utils/import_utils.py:2576: in _get_module
    raise e
/home/zeus/miniconda3/envs/cloudspace/lib/python3.12/site-packages/transformers/utils/import_utils.py:2574: in _get_module
    return importlib.import_module("." + module_name, self.__name__)
           ^^^^^^^^^^^^^^^^^^^^^^^^^^^^^^^^^^^^^^^^^^^^^^^^^^^^^^^^^
/home/zeus/miniconda3/envs/cloudspace/lib/python3.12/importlib/__init__.py:90: in import_module
    return _bootstrap._gcd_import(name[level:], package, level)
           ^^^^^^^^^^^^^^^^^^^^^^^^^^^^^^^^^^^^^^^^^^^^^^^^^^^^
/home/zeus/miniconda3/envs/cloudspace/lib/python3.12/site-packages/transformers/models/auto/modeling_auto.py:21: in <module>
    from .auto_factory import (
/home/zeus/miniconda3/envs/cloudspace/lib/python3.12/site-packages/transformers/models/auto/auto_factory.py:42: in <module>
    from ...generation import GenerationMixin
/home/zeus/miniconda3/envs/cloudspace/lib/python3.12/site-packages/transformers/utils/import_utils.py:2342: in __getattr__
    module = self._get_module(self._class_to_module[name])
             ^^^^^^^^^^^^^^^^^^^^^^^^^^^^^^^^^^^^^^^^^^^^^
/home/zeus/miniconda3/envs/cloudspace/lib/python3.12/site-packages/transformers/utils/import_utils.py:2576: in _get_module
    raise e
/home/zeus/miniconda3/envs/cloudspace/lib/python3.12/site-packages/transformers/utils/import_utils.py:2574: in _get_module
    return importlib.import_module("." + module_name, self.__name__)
           ^^^^^^^^^^^^^^^^^^^^^^^^^^^^^^^^^^^^^^^^^^^^^^^^^^^^^^^^^
/home/zeus/miniconda3/envs/cloudspace/lib/python3.12/importlib/__init__.py:90: in import_module
    return _bootstrap._gcd_import(name[level:], package, level)
           ^^^^^^^^^^^^^^^^^^^^^^^^^^^^^^^^^^^^^^^^^^^^^^^^^^^^
/home/zeus/miniconda3/envs/cloudspace/lib/python3.12/site-packages/transformers/generation/utils.py:53: in <module>
    from .candidate_generator import (
/home/zeus/miniconda3/envs/cloudspace/lib/python3.12/site-packages/transformers/generation/candidate_generator.py:31: in <module>
    from sklearn.metrics import roc_curve
/home/zeus/miniconda3/envs/cloudspace/lib/python3.12/site-packages/sklearn/__init__.py:83: in <module>
    from .base import clone
/home/zeus/miniconda3/envs/cloudspace/lib/python3.12/site-packages/sklearn/base.py:19: in <module>
    from .utils import _IS_32BIT
/home/zeus/miniconda3/envs/cloudspace/lib/python3.12/site-packages/sklearn/utils/__init__.py:27: in <module>
    from .murmurhash import murmurhash3_32
_ _ _ _ _ _ _ _ _ _ _ _ _ _ _ _ _ _ _ _ _ _ _ _ _ _ _ _ _ _ _ _ _ _ _ _ _ _ _ _ 

>   ???
E   ValueError: numpy.dtype size changed, may indicate binary incompatibility. Expected 96 from C header, got 88 from PyObject

sklearn/utils/murmurhash.pyx:1: ValueError

The above exception was the direct cause of the following exception:

    @pytest.fixture(scope="module")
    def sd():
>       return SDWrapper(TINY)
               ^^^^^^^^^^^^^^^

tests/test_pipeline.py:43: 
_ _ _ _ _ _ _ _ _ _ _ _ _ _ _ _ _ _ _ _ _ _ _ _ _ _ _ _ _ _ _ _ _ _ _ _ _ _ _ _ 
src/models/sd.py:30: in __init__
    from diffusers import StableDiffusionPipeline
<frozen importlib._bootstrap>:1412: in _handle_fromlist
    ???
/home/zeus/miniconda3/envs/cloudspace/lib/python3.12/site-packages/diffusers/utils/import_utils.py:1043: in __getattr__
    value = getattr(module, name)
            ^^^^^^^^^^^^^^^^^^^^^
/home/zeus/miniconda3/envs/cloudspace/lib/python3.12/site-packages/diffusers/utils/import_utils.py:1043: in __getattr__
    value = getattr(module, name)
            ^^^^^^^^^^^^^^^^^^^^^
/home/zeus/miniconda3/envs/cloudspace/lib/python3.12/site-packages/diffusers/utils/import_utils.py:1042: in __getattr__
    module = self._get_module(self._class_to_module[name])
             ^^^^^^^^^^^^^^^^^^^^^^^^^^^^^^^^^^^^^^^^^^^^^
_ _ _ _ _ _ _ _ _ _ _ _ _ _ _ _ _ _ _ _ _ _ _ _ _ _ _ _ _ _ _ _ _ _ _ _ _ _ _ _ 

self = <module 'diffusers.pipelines.stable_diffusion' from '/home/zeus/miniconda3/envs/cloudspace/lib/python3.12/site-packages/diffusers/pipelines/stable_diffusion/__init__.py'>
module_name = 'pipeline_stable_diffusion'

    def _get_module(self, module_name: str):
        try:
            return importlib.import_module("." + module_name, self.__name__)
        except Exception as e:
>           raise RuntimeError(
                f"Failed to import {self.__name__}.{module_name} because of the following error (look up to see its"
                f" traceback):\n{e}"
            ) from e
E           RuntimeError: Failed to import diffusers.pipelines.stable_diffusion.pipeline_stable_diffusion because of the following error (look up to see its traceback):
E           numpy.dtype size changed, may indicate binary incompatibility. Expected 96 from C header, got 88 from PyObject

/home/zeus/miniconda3/envs/cloudspace/lib/python3.12/site-packages/diffusers/utils/import_utils.py:1054: RuntimeError
__________________ ERROR at setup of test_階段一還原軌跡最佳的phi而非最後一步 __________________

self = <module 'diffusers.pipelines.stable_diffusion' from '/home/zeus/miniconda3/envs/cloudspace/lib/python3.12/site-packages/diffusers/pipelines/stable_diffusion/__init__.py'>
module_name = 'pipeline_stable_diffusion'

    def _get_module(self, module_name: str):
        try:
>           return importlib.import_module("." + module_name, self.__name__)
                   ^^^^^^^^^^^^^^^^^^^^^^^^^^^^^^^^^^^^^^^^^^^^^^^^^^^^^^^^^

/home/zeus/miniconda3/envs/cloudspace/lib/python3.12/site-packages/diffusers/utils/import_utils.py:1052: 
_ _ _ _ _ _ _ _ _ _ _ _ _ _ _ _ _ _ _ _ _ _ _ _ _ _ _ _ _ _ _ _ _ _ _ _ _ _ _ _ 
/home/zeus/miniconda3/envs/cloudspace/lib/python3.12/importlib/__init__.py:90: in import_module
    return _bootstrap._gcd_import(name[level:], package, level)
           ^^^^^^^^^^^^^^^^^^^^^^^^^^^^^^^^^^^^^^^^^^^^^^^^^^^^
/home/zeus/miniconda3/envs/cloudspace/lib/python3.12/site-packages/diffusers/pipelines/stable_diffusion/pipeline_stable_diffusion.py:19: in <module>
    from transformers import CLIPImageProcessor, CLIPTextModel, CLIPTokenizer, CLIPVisionModelWithProjection
/home/zeus/miniconda3/envs/cloudspace/lib/python3.12/site-packages/transformers/utils/import_utils.py:2342: in __getattr__
    module = self._get_module(self._class_to_module[name])
             ^^^^^^^^^^^^^^^^^^^^^^^^^^^^^^^^^^^^^^^^^^^^^
/home/zeus/miniconda3/envs/cloudspace/lib/python3.12/site-packages/transformers/utils/import_utils.py:2576: in _get_module
    raise e
/home/zeus/miniconda3/envs/cloudspace/lib/python3.12/site-packages/transformers/utils/import_utils.py:2574: in _get_module
    return importlib.import_module("." + module_name, self.__name__)
           ^^^^^^^^^^^^^^^^^^^^^^^^^^^^^^^^^^^^^^^^^^^^^^^^^^^^^^^^^
/home/zeus/miniconda3/envs/cloudspace/lib/python3.12/importlib/__init__.py:90: in import_module
    return _bootstrap._gcd_import(name[level:], package, level)
           ^^^^^^^^^^^^^^^^^^^^^^^^^^^^^^^^^^^^^^^^^^^^^^^^^^^^
/home/zeus/miniconda3/envs/cloudspace/lib/python3.12/site-packages/transformers/models/clip/image_processing_clip.py:22: in <module>
    @auto_docstring
     ^^^^^^^^^^^^^^
/home/zeus/miniconda3/envs/cloudspace/lib/python3.12/site-packages/transformers/utils/auto_docstring.py:4536: in auto_docstring
    return auto_docstring_decorator(obj)
           ^^^^^^^^^^^^^^^^^^^^^^^^^^^^^
/home/zeus/miniconda3/envs/cloudspace/lib/python3.12/site-packages/transformers/utils/auto_docstring.py:4533: in auto_docstring_decorator
    return auto_class_docstring(obj, custom_args=custom_args, custom_intro=custom_intro, checkpoint=checkpoint)
           ^^^^^^^^^^^^^^^^^^^^^^^^^^^^^^^^^^^^^^^^^^^^^^^^^^^^^^^^^^^^^^^^^^^^^^^^^^^^^^^^^^^^^^^^^^^^^^^^^^^^
/home/zeus/miniconda3/envs/cloudspace/lib/python3.12/site-packages/transformers/utils/auto_docstring.py:4279: in auto_class_docstring
    getattr(auto_module, PLACEHOLDER_TO_AUTO_MODULE["model_class"][0]),
    ^^^^^^^^^^^^^^^^^^^^^^^^^^^^^^^^^^^^^^^^^^^^^^^^^^^^^^^^^^^^^^^^^^
/home/zeus/miniconda3/envs/cloudspace/lib/python3.12/site-packages/transformers/utils/import_utils.py:2436: in __getattr__
    value = self._get_module(name)
            ^^^^^^^^^^^^^^^^^^^^^^
/home/zeus/miniconda3/envs/cloudspace/lib/python3.12/site-packages/transformers/utils/import_utils.py:2576: in _get_module
    raise e
/home/zeus/miniconda3/envs/cloudspace/lib/python3.12/site-packages/transformers/utils/import_utils.py:2574: in _get_module
    return importlib.import_module("." + module_name, self.__name__)
           ^^^^^^^^^^^^^^^^^^^^^^^^^^^^^^^^^^^^^^^^^^^^^^^^^^^^^^^^^
/home/zeus/miniconda3/envs/cloudspace/lib/python3.12/importlib/__init__.py:90: in import_module
    return _bootstrap._gcd_import(name[level:], package, level)
           ^^^^^^^^^^^^^^^^^^^^^^^^^^^^^^^^^^^^^^^^^^^^^^^^^^^^
/home/zeus/miniconda3/envs/cloudspace/lib/python3.12/site-packages/transformers/models/auto/modeling_auto.py:21: in <module>
    from .auto_factory import (
/home/zeus/miniconda3/envs/cloudspace/lib/python3.12/site-packages/transformers/models/auto/auto_factory.py:42: in <module>
    from ...generation import GenerationMixin
/home/zeus/miniconda3/envs/cloudspace/lib/python3.12/site-packages/transformers/utils/import_utils.py:2342: in __getattr__
    module = self._get_module(self._class_to_module[name])
             ^^^^^^^^^^^^^^^^^^^^^^^^^^^^^^^^^^^^^^^^^^^^^
/home/zeus/miniconda3/envs/cloudspace/lib/python3.12/site-packages/transformers/utils/import_utils.py:2576: in _get_module
    raise e
/home/zeus/miniconda3/envs/cloudspace/lib/python3.12/site-packages/transformers/utils/import_utils.py:2574: in _get_module
    return importlib.import_module("." + module_name, self.__name__)
           ^^^^^^^^^^^^^^^^^^^^^^^^^^^^^^^^^^^^^^^^^^^^^^^^^^^^^^^^^
/home/zeus/miniconda3/envs/cloudspace/lib/python3.12/importlib/__init__.py:90: in import_module
    return _bootstrap._gcd_import(name[level:], package, level)
           ^^^^^^^^^^^^^^^^^^^^^^^^^^^^^^^^^^^^^^^^^^^^^^^^^^^^
/home/zeus/miniconda3/envs/cloudspace/lib/python3.12/site-packages/transformers/generation/utils.py:53: in <module>
    from .candidate_generator import (
/home/zeus/miniconda3/envs/cloudspace/lib/python3.12/site-packages/transformers/generation/candidate_generator.py:31: in <module>
    from sklearn.metrics import roc_curve
/home/zeus/miniconda3/envs/cloudspace/lib/python3.12/site-packages/sklearn/__init__.py:83: in <module>
    from .base import clone
/home/zeus/miniconda3/envs/cloudspace/lib/python3.12/site-packages/sklearn/base.py:19: in <module>
    from .utils import _IS_32BIT
/home/zeus/miniconda3/envs/cloudspace/lib/python3.12/site-packages/sklearn/utils/__init__.py:27: in <module>
    from .murmurhash import murmurhash3_32
_ _ _ _ _ _ _ _ _ _ _ _ _ _ _ _ _ _ _ _ _ _ _ _ _ _ _ _ _ _ _ _ _ _ _ _ _ _ _ _ 

>   ???
E   ValueError: numpy.dtype size changed, may indicate binary incompatibility. Expected 96 from C header, got 88 from PyObject

sklearn/utils/murmurhash.pyx:1: ValueError

The above exception was the direct cause of the following exception:

    @pytest.fixture(scope="module")
    def sd():
>       return SDWrapper(TINY)
               ^^^^^^^^^^^^^^^

tests/test_pipeline.py:43: 
_ _ _ _ _ _ _ _ _ _ _ _ _ _ _ _ _ _ _ _ _ _ _ _ _ _ _ _ _ _ _ _ _ _ _ _ _ _ _ _ 
src/models/sd.py:30: in __init__
    from diffusers import StableDiffusionPipeline
<frozen importlib._bootstrap>:1412: in _handle_fromlist
    ???
/home/zeus/miniconda3/envs/cloudspace/lib/python3.12/site-packages/diffusers/utils/import_utils.py:1043: in __getattr__
    value = getattr(module, name)
            ^^^^^^^^^^^^^^^^^^^^^
/home/zeus/miniconda3/envs/cloudspace/lib/python3.12/site-packages/diffusers/utils/import_utils.py:1043: in __getattr__
    value = getattr(module, name)
            ^^^^^^^^^^^^^^^^^^^^^
/home/zeus/miniconda3/envs/cloudspace/lib/python3.12/site-packages/diffusers/utils/import_utils.py:1042: in __getattr__
    module = self._get_module(self._class_to_module[name])
             ^^^^^^^^^^^^^^^^^^^^^^^^^^^^^^^^^^^^^^^^^^^^^
_ _ _ _ _ _ _ _ _ _ _ _ _ _ _ _ _ _ _ _ _ _ _ _ _ _ _ _ _ _ _ _ _ _ _ _ _ _ _ _ 

self = <module 'diffusers.pipelines.stable_diffusion' from '/home/zeus/miniconda3/envs/cloudspace/lib/python3.12/site-packages/diffusers/pipelines/stable_diffusion/__init__.py'>
module_name = 'pipeline_stable_diffusion'

    def _get_module(self, module_name: str):
        try:
            return importlib.import_module("." + module_name, self.__name__)
        except Exception as e:
>           raise RuntimeError(
                f"Failed to import {self.__name__}.{module_name} because of the following error (look up to see its"
                f" traceback):\n{e}"
            ) from e
E           RuntimeError: Failed to import diffusers.pipelines.stable_diffusion.pipeline_stable_diffusion because of the following error (look up to see its traceback):
E           numpy.dtype size changed, may indicate binary incompatibility. Expected 96 from C header, got 88 from PyObject

/home/zeus/miniconda3/envs/cloudspace/lib/python3.12/site-packages/diffusers/utils/import_utils.py:1054: RuntimeError
________________ ERROR at setup of test_site_S_零位移時防禦圖與原圖逐位元相等 _________________

self = <module 'diffusers.pipelines.stable_diffusion' from '/home/zeus/miniconda3/envs/cloudspace/lib/python3.12/site-packages/diffusers/pipelines/stable_diffusion/__init__.py'>
module_name = 'pipeline_stable_diffusion'

    def _get_module(self, module_name: str):
        try:
>           return importlib.import_module("." + module_name, self.__name__)
                   ^^^^^^^^^^^^^^^^^^^^^^^^^^^^^^^^^^^^^^^^^^^^^^^^^^^^^^^^^

/home/zeus/miniconda3/envs/cloudspace/lib/python3.12/site-packages/diffusers/utils/import_utils.py:1052: 
_ _ _ _ _ _ _ _ _ _ _ _ _ _ _ _ _ _ _ _ _ _ _ _ _ _ _ _ _ _ _ _ _ _ _ _ _ _ _ _ 
/home/zeus/miniconda3/envs/cloudspace/lib/python3.12/importlib/__init__.py:90: in import_module
    return _bootstrap._gcd_import(name[level:], package, level)
           ^^^^^^^^^^^^^^^^^^^^^^^^^^^^^^^^^^^^^^^^^^^^^^^^^^^^
/home/zeus/miniconda3/envs/cloudspace/lib/python3.12/site-packages/diffusers/pipelines/stable_diffusion/pipeline_stable_diffusion.py:19: in <module>
    from transformers import CLIPImageProcessor, CLIPTextModel, CLIPTokenizer, CLIPVisionModelWithProjection
/home/zeus/miniconda3/envs/cloudspace/lib/python3.12/site-packages/transformers/utils/import_utils.py:2342: in __getattr__
    module = self._get_module(self._class_to_module[name])
             ^^^^^^^^^^^^^^^^^^^^^^^^^^^^^^^^^^^^^^^^^^^^^
/home/zeus/miniconda3/envs/cloudspace/lib/python3.12/site-packages/transformers/utils/import_utils.py:2576: in _get_module
    raise e
/home/zeus/miniconda3/envs/cloudspace/lib/python3.12/site-packages/transformers/utils/import_utils.py:2574: in _get_module
    return importlib.import_module("." + module_name, self.__name__)
           ^^^^^^^^^^^^^^^^^^^^^^^^^^^^^^^^^^^^^^^^^^^^^^^^^^^^^^^^^
/home/zeus/miniconda3/envs/cloudspace/lib/python3.12/importlib/__init__.py:90: in import_module
    return _bootstrap._gcd_import(name[level:], package, level)
           ^^^^^^^^^^^^^^^^^^^^^^^^^^^^^^^^^^^^^^^^^^^^^^^^^^^^
/home/zeus/miniconda3/envs/cloudspace/lib/python3.12/site-packages/transformers/models/clip/image_processing_clip.py:22: in <module>
    @auto_docstring
     ^^^^^^^^^^^^^^
/home/zeus/miniconda3/envs/cloudspace/lib/python3.12/site-packages/transformers/utils/auto_docstring.py:4536: in auto_docstring
    return auto_docstring_decorator(obj)
           ^^^^^^^^^^^^^^^^^^^^^^^^^^^^^
/home/zeus/miniconda3/envs/cloudspace/lib/python3.12/site-packages/transformers/utils/auto_docstring.py:4533: in auto_docstring_decorator
    return auto_class_docstring(obj, custom_args=custom_args, custom_intro=custom_intro, checkpoint=checkpoint)
           ^^^^^^^^^^^^^^^^^^^^^^^^^^^^^^^^^^^^^^^^^^^^^^^^^^^^^^^^^^^^^^^^^^^^^^^^^^^^^^^^^^^^^^^^^^^^^^^^^^^^
/home/zeus/miniconda3/envs/cloudspace/lib/python3.12/site-packages/transformers/utils/auto_docstring.py:4279: in auto_class_docstring
    getattr(auto_module, PLACEHOLDER_TO_AUTO_MODULE["model_class"][0]),
    ^^^^^^^^^^^^^^^^^^^^^^^^^^^^^^^^^^^^^^^^^^^^^^^^^^^^^^^^^^^^^^^^^^
/home/zeus/miniconda3/envs/cloudspace/lib/python3.12/site-packages/transformers/utils/import_utils.py:2436: in __getattr__
    value = self._get_module(name)
            ^^^^^^^^^^^^^^^^^^^^^^
/home/zeus/miniconda3/envs/cloudspace/lib/python3.12/site-packages/transformers/utils/import_utils.py:2576: in _get_module
    raise e
/home/zeus/miniconda3/envs/cloudspace/lib/python3.12/site-packages/transformers/utils/import_utils.py:2574: in _get_module
    return importlib.import_module("." + module_name, self.__name__)
           ^^^^^^^^^^^^^^^^^^^^^^^^^^^^^^^^^^^^^^^^^^^^^^^^^^^^^^^^^
/home/zeus/miniconda3/envs/cloudspace/lib/python3.12/importlib/__init__.py:90: in import_module
    return _bootstrap._gcd_import(name[level:], package, level)
           ^^^^^^^^^^^^^^^^^^^^^^^^^^^^^^^^^^^^^^^^^^^^^^^^^^^^
/home/zeus/miniconda3/envs/cloudspace/lib/python3.12/site-packages/transformers/models/auto/modeling_auto.py:21: in <module>
    from .auto_factory import (
/home/zeus/miniconda3/envs/cloudspace/lib/python3.12/site-packages/transformers/models/auto/auto_factory.py:42: in <module>
    from ...generation import GenerationMixin
/home/zeus/miniconda3/envs/cloudspace/lib/python3.12/site-packages/transformers/utils/import_utils.py:2342: in __getattr__
    module = self._get_module(self._class_to_module[name])
             ^^^^^^^^^^^^^^^^^^^^^^^^^^^^^^^^^^^^^^^^^^^^^
/home/zeus/miniconda3/envs/cloudspace/lib/python3.12/site-packages/transformers/utils/import_utils.py:2576: in _get_module
    raise e
/home/zeus/miniconda3/envs/cloudspace/lib/python3.12/site-packages/transformers/utils/import_utils.py:2574: in _get_module
    return importlib.import_module("." + module_name, self.__name__)
           ^^^^^^^^^^^^^^^^^^^^^^^^^^^^^^^^^^^^^^^^^^^^^^^^^^^^^^^^^
/home/zeus/miniconda3/envs/cloudspace/lib/python3.12/importlib/__init__.py:90: in import_module
    return _bootstrap._gcd_import(name[level:], package, level)
           ^^^^^^^^^^^^^^^^^^^^^^^^^^^^^^^^^^^^^^^^^^^^^^^^^^^^
/home/zeus/miniconda3/envs/cloudspace/lib/python3.12/site-packages/transformers/generation/utils.py:53: in <module>
    from .candidate_generator import (
/home/zeus/miniconda3/envs/cloudspace/lib/python3.12/site-packages/transformers/generation/candidate_generator.py:31: in <module>
    from sklearn.metrics import roc_curve
/home/zeus/miniconda3/envs/cloudspace/lib/python3.12/site-packages/sklearn/__init__.py:83: in <module>
    from .base import clone
/home/zeus/miniconda3/envs/cloudspace/lib/python3.12/site-packages/sklearn/base.py:19: in <module>
    from .utils import _IS_32BIT
/home/zeus/miniconda3/envs/cloudspace/lib/python3.12/site-packages/sklearn/utils/__init__.py:27: in <module>
    from .murmurhash import murmurhash3_32
_ _ _ _ _ _ _ _ _ _ _ _ _ _ _ _ _ _ _ _ _ _ _ _ _ _ _ _ _ _ _ _ _ _ _ _ _ _ _ _ 

>   ???
E   ValueError: numpy.dtype size changed, may indicate binary incompatibility. Expected 96 from C header, got 88 from PyObject

sklearn/utils/murmurhash.pyx:1: ValueError

The above exception was the direct cause of the following exception:

    @pytest.fixture(scope="module")
    def sd():
>       return SDWrapper(TINY)
               ^^^^^^^^^^^^^^^

tests/test_pipeline.py:43: 
_ _ _ _ _ _ _ _ _ _ _ _ _ _ _ _ _ _ _ _ _ _ _ _ _ _ _ _ _ _ _ _ _ _ _ _ _ _ _ _ 
src/models/sd.py:30: in __init__
    from diffusers import StableDiffusionPipeline
<frozen importlib._bootstrap>:1412: in _handle_fromlist
    ???
/home/zeus/miniconda3/envs/cloudspace/lib/python3.12/site-packages/diffusers/utils/import_utils.py:1043: in __getattr__
    value = getattr(module, name)
            ^^^^^^^^^^^^^^^^^^^^^
/home/zeus/miniconda3/envs/cloudspace/lib/python3.12/site-packages/diffusers/utils/import_utils.py:1043: in __getattr__
    value = getattr(module, name)
            ^^^^^^^^^^^^^^^^^^^^^
/home/zeus/miniconda3/envs/cloudspace/lib/python3.12/site-packages/diffusers/utils/import_utils.py:1042: in __getattr__
    module = self._get_module(self._class_to_module[name])
             ^^^^^^^^^^^^^^^^^^^^^^^^^^^^^^^^^^^^^^^^^^^^^
_ _ _ _ _ _ _ _ _ _ _ _ _ _ _ _ _ _ _ _ _ _ _ _ _ _ _ _ _ _ _ _ _ _ _ _ _ _ _ _ 

self = <module 'diffusers.pipelines.stable_diffusion' from '/home/zeus/miniconda3/envs/cloudspace/lib/python3.12/site-packages/diffusers/pipelines/stable_diffusion/__init__.py'>
module_name = 'pipeline_stable_diffusion'

    def _get_module(self, module_name: str):
        try:
            return importlib.import_module("." + module_name, self.__name__)
        except Exception as e:
>           raise RuntimeError(
                f"Failed to import {self.__name__}.{module_name} because of the following error (look up to see its"
                f" traceback):\n{e}"
            ) from e
E           RuntimeError: Failed to import diffusers.pipelines.stable_diffusion.pipeline_stable_diffusion because of the following error (look up to see its traceback):
E           numpy.dtype size changed, may indicate binary incompatibility. Expected 96 from C header, got 88 from PyObject

/home/zeus/miniconda3/envs/cloudspace/lib/python3.12/site-packages/diffusers/utils/import_utils.py:1054: RuntimeError
__________________ ERROR at setup of test_site_S_零位移下梯度仍抵達phi __________________

self = <module 'diffusers.pipelines.stable_diffusion' from '/home/zeus/miniconda3/envs/cloudspace/lib/python3.12/site-packages/diffusers/pipelines/stable_diffusion/__init__.py'>
module_name = 'pipeline_stable_diffusion'

    def _get_module(self, module_name: str):
        try:
>           return importlib.import_module("." + module_name, self.__name__)
                   ^^^^^^^^^^^^^^^^^^^^^^^^^^^^^^^^^^^^^^^^^^^^^^^^^^^^^^^^^

/home/zeus/miniconda3/envs/cloudspace/lib/python3.12/site-packages/diffusers/utils/import_utils.py:1052: 
_ _ _ _ _ _ _ _ _ _ _ _ _ _ _ _ _ _ _ _ _ _ _ _ _ _ _ _ _ _ _ _ _ _ _ _ _ _ _ _ 
/home/zeus/miniconda3/envs/cloudspace/lib/python3.12/importlib/__init__.py:90: in import_module
    return _bootstrap._gcd_import(name[level:], package, level)
           ^^^^^^^^^^^^^^^^^^^^^^^^^^^^^^^^^^^^^^^^^^^^^^^^^^^^
/home/zeus/miniconda3/envs/cloudspace/lib/python3.12/site-packages/diffusers/pipelines/stable_diffusion/pipeline_stable_diffusion.py:19: in <module>
    from transformers import CLIPImageProcessor, CLIPTextModel, CLIPTokenizer, CLIPVisionModelWithProjection
/home/zeus/miniconda3/envs/cloudspace/lib/python3.12/site-packages/transformers/utils/import_utils.py:2342: in __getattr__
    module = self._get_module(self._class_to_module[name])
             ^^^^^^^^^^^^^^^^^^^^^^^^^^^^^^^^^^^^^^^^^^^^^
/home/zeus/miniconda3/envs/cloudspace/lib/python3.12/site-packages/transformers/utils/import_utils.py:2576: in _get_module
    raise e
/home/zeus/miniconda3/envs/cloudspace/lib/python3.12/site-packages/transformers/utils/import_utils.py:2574: in _get_module
    return importlib.import_module("." + module_name, self.__name__)
           ^^^^^^^^^^^^^^^^^^^^^^^^^^^^^^^^^^^^^^^^^^^^^^^^^^^^^^^^^
/home/zeus/miniconda3/envs/cloudspace/lib/python3.12/importlib/__init__.py:90: in import_module
    return _bootstrap._gcd_import(name[level:], package, level)
           ^^^^^^^^^^^^^^^^^^^^^^^^^^^^^^^^^^^^^^^^^^^^^^^^^^^^
/home/zeus/miniconda3/envs/cloudspace/lib/python3.12/site-packages/transformers/models/clip/image_processing_clip.py:22: in <module>
    @auto_docstring
     ^^^^^^^^^^^^^^
/home/zeus/miniconda3/envs/cloudspace/lib/python3.12/site-packages/transformers/utils/auto_docstring.py:4536: in auto_docstring
    return auto_docstring_decorator(obj)
           ^^^^^^^^^^^^^^^^^^^^^^^^^^^^^
/home/zeus/miniconda3/envs/cloudspace/lib/python3.12/site-packages/transformers/utils/auto_docstring.py:4533: in auto_docstring_decorator
    return auto_class_docstring(obj, custom_args=custom_args, custom_intro=custom_intro, checkpoint=checkpoint)
           ^^^^^^^^^^^^^^^^^^^^^^^^^^^^^^^^^^^^^^^^^^^^^^^^^^^^^^^^^^^^^^^^^^^^^^^^^^^^^^^^^^^^^^^^^^^^^^^^^^^^
/home/zeus/miniconda3/envs/cloudspace/lib/python3.12/site-packages/transformers/utils/auto_docstring.py:4279: in auto_class_docstring
    getattr(auto_module, PLACEHOLDER_TO_AUTO_MODULE["model_class"][0]),
    ^^^^^^^^^^^^^^^^^^^^^^^^^^^^^^^^^^^^^^^^^^^^^^^^^^^^^^^^^^^^^^^^^^
/home/zeus/miniconda3/envs/cloudspace/lib/python3.12/site-packages/transformers/utils/import_utils.py:2436: in __getattr__
    value = self._get_module(name)
            ^^^^^^^^^^^^^^^^^^^^^^
/home/zeus/miniconda3/envs/cloudspace/lib/python3.12/site-packages/transformers/utils/import_utils.py:2576: in _get_module
    raise e
/home/zeus/miniconda3/envs/cloudspace/lib/python3.12/site-packages/transformers/utils/import_utils.py:2574: in _get_module
    return importlib.import_module("." + module_name, self.__name__)
           ^^^^^^^^^^^^^^^^^^^^^^^^^^^^^^^^^^^^^^^^^^^^^^^^^^^^^^^^^
/home/zeus/miniconda3/envs/cloudspace/lib/python3.12/importlib/__init__.py:90: in import_module
    return _bootstrap._gcd_import(name[level:], package, level)
           ^^^^^^^^^^^^^^^^^^^^^^^^^^^^^^^^^^^^^^^^^^^^^^^^^^^^
/home/zeus/miniconda3/envs/cloudspace/lib/python3.12/site-packages/transformers/models/auto/modeling_auto.py:21: in <module>
    from .auto_factory import (
/home/zeus/miniconda3/envs/cloudspace/lib/python3.12/site-packages/transformers/models/auto/auto_factory.py:42: in <module>
    from ...generation import GenerationMixin
/home/zeus/miniconda3/envs/cloudspace/lib/python3.12/site-packages/transformers/utils/import_utils.py:2342: in __getattr__
    module = self._get_module(self._class_to_module[name])
             ^^^^^^^^^^^^^^^^^^^^^^^^^^^^^^^^^^^^^^^^^^^^^
/home/zeus/miniconda3/envs/cloudspace/lib/python3.12/site-packages/transformers/utils/import_utils.py:2576: in _get_module
    raise e
/home/zeus/miniconda3/envs/cloudspace/lib/python3.12/site-packages/transformers/utils/import_utils.py:2574: in _get_module
    return importlib.import_module("." + module_name, self.__name__)
           ^^^^^^^^^^^^^^^^^^^^^^^^^^^^^^^^^^^^^^^^^^^^^^^^^^^^^^^^^
/home/zeus/miniconda3/envs/cloudspace/lib/python3.12/importlib/__init__.py:90: in import_module
    return _bootstrap._gcd_import(name[level:], package, level)
           ^^^^^^^^^^^^^^^^^^^^^^^^^^^^^^^^^^^^^^^^^^^^^^^^^^^^
/home/zeus/miniconda3/envs/cloudspace/lib/python3.12/site-packages/transformers/generation/utils.py:53: in <module>
    from .candidate_generator import (
/home/zeus/miniconda3/envs/cloudspace/lib/python3.12/site-packages/transformers/generation/candidate_generator.py:31: in <module>
    from sklearn.metrics import roc_curve
/home/zeus/miniconda3/envs/cloudspace/lib/python3.12/site-packages/sklearn/__init__.py:83: in <module>
    from .base import clone
/home/zeus/miniconda3/envs/cloudspace/lib/python3.12/site-packages/sklearn/base.py:19: in <module>
    from .utils import _IS_32BIT
/home/zeus/miniconda3/envs/cloudspace/lib/python3.12/site-packages/sklearn/utils/__init__.py:27: in <module>
    from .murmurhash import murmurhash3_32
_ _ _ _ _ _ _ _ _ _ _ _ _ _ _ _ _ _ _ _ _ _ _ _ _ _ _ _ _ _ _ _ _ _ _ _ _ _ _ _ 

>   ???
E   ValueError: numpy.dtype size changed, may indicate binary incompatibility. Expected 96 from C header, got 88 from PyObject

sklearn/utils/murmurhash.pyx:1: ValueError

The above exception was the direct cause of the following exception:

    @pytest.fixture(scope="module")
    def sd():
>       return SDWrapper(TINY)
               ^^^^^^^^^^^^^^^

tests/test_pipeline.py:43: 
_ _ _ _ _ _ _ _ _ _ _ _ _ _ _ _ _ _ _ _ _ _ _ _ _ _ _ _ _ _ _ _ _ _ _ _ _ _ _ _ 
src/models/sd.py:30: in __init__
    from diffusers import StableDiffusionPipeline
<frozen importlib._bootstrap>:1412: in _handle_fromlist
    ???
/home/zeus/miniconda3/envs/cloudspace/lib/python3.12/site-packages/diffusers/utils/import_utils.py:1043: in __getattr__
    value = getattr(module, name)
            ^^^^^^^^^^^^^^^^^^^^^
/home/zeus/miniconda3/envs/cloudspace/lib/python3.12/site-packages/diffusers/utils/import_utils.py:1043: in __getattr__
    value = getattr(module, name)
            ^^^^^^^^^^^^^^^^^^^^^
/home/zeus/miniconda3/envs/cloudspace/lib/python3.12/site-packages/diffusers/utils/import_utils.py:1042: in __getattr__
    module = self._get_module(self._class_to_module[name])
             ^^^^^^^^^^^^^^^^^^^^^^^^^^^^^^^^^^^^^^^^^^^^^
_ _ _ _ _ _ _ _ _ _ _ _ _ _ _ _ _ _ _ _ _ _ _ _ _ _ _ _ _ _ _ _ _ _ _ _ _ _ _ _ 

self = <module 'diffusers.pipelines.stable_diffusion' from '/home/zeus/miniconda3/envs/cloudspace/lib/python3.12/site-packages/diffusers/pipelines/stable_diffusion/__init__.py'>
module_name = 'pipeline_stable_diffusion'

    def _get_module(self, module_name: str):
        try:
            return importlib.import_module("." + module_name, self.__name__)
        except Exception as e:
>           raise RuntimeError(
                f"Failed to import {self.__name__}.{module_name} because of the following error (look up to see its"
                f" traceback):\n{e}"
            ) from e
E           RuntimeError: Failed to import diffusers.pipelines.stable_diffusion.pipeline_stable_diffusion because of the following error (look up to see its traceback):
E           numpy.dtype size changed, may indicate binary incompatibility. Expected 96 from C header, got 88 from PyObject

/home/zeus/miniconda3/envs/cloudspace/lib/python3.12/site-packages/diffusers/utils/import_utils.py:1054: RuntimeError
___________________ ERROR at setup of test_site_S_停用模塊不改變結果 ____________________

self = <module 'diffusers.pipelines.stable_diffusion' from '/home/zeus/miniconda3/envs/cloudspace/lib/python3.12/site-packages/diffusers/pipelines/stable_diffusion/__init__.py'>
module_name = 'pipeline_stable_diffusion'

    def _get_module(self, module_name: str):
        try:
>           return importlib.import_module("." + module_name, self.__name__)
                   ^^^^^^^^^^^^^^^^^^^^^^^^^^^^^^^^^^^^^^^^^^^^^^^^^^^^^^^^^

/home/zeus/miniconda3/envs/cloudspace/lib/python3.12/site-packages/diffusers/utils/import_utils.py:1052: 
_ _ _ _ _ _ _ _ _ _ _ _ _ _ _ _ _ _ _ _ _ _ _ _ _ _ _ _ _ _ _ _ _ _ _ _ _ _ _ _ 
/home/zeus/miniconda3/envs/cloudspace/lib/python3.12/importlib/__init__.py:90: in import_module
    return _bootstrap._gcd_import(name[level:], package, level)
           ^^^^^^^^^^^^^^^^^^^^^^^^^^^^^^^^^^^^^^^^^^^^^^^^^^^^
/home/zeus/miniconda3/envs/cloudspace/lib/python3.12/site-packages/diffusers/pipelines/stable_diffusion/pipeline_stable_diffusion.py:19: in <module>
    from transformers import CLIPImageProcessor, CLIPTextModel, CLIPTokenizer, CLIPVisionModelWithProjection
/home/zeus/miniconda3/envs/cloudspace/lib/python3.12/site-packages/transformers/utils/import_utils.py:2342: in __getattr__
    module = self._get_module(self._class_to_module[name])
             ^^^^^^^^^^^^^^^^^^^^^^^^^^^^^^^^^^^^^^^^^^^^^
/home/zeus/miniconda3/envs/cloudspace/lib/python3.12/site-packages/transformers/utils/import_utils.py:2576: in _get_module
    raise e
/home/zeus/miniconda3/envs/cloudspace/lib/python3.12/site-packages/transformers/utils/import_utils.py:2574: in _get_module
    return importlib.import_module("." + module_name, self.__name__)
           ^^^^^^^^^^^^^^^^^^^^^^^^^^^^^^^^^^^^^^^^^^^^^^^^^^^^^^^^^
/home/zeus/miniconda3/envs/cloudspace/lib/python3.12/importlib/__init__.py:90: in import_module
    return _bootstrap._gcd_import(name[level:], package, level)
           ^^^^^^^^^^^^^^^^^^^^^^^^^^^^^^^^^^^^^^^^^^^^^^^^^^^^
/home/zeus/miniconda3/envs/cloudspace/lib/python3.12/site-packages/transformers/models/clip/image_processing_clip.py:22: in <module>
    @auto_docstring
     ^^^^^^^^^^^^^^
/home/zeus/miniconda3/envs/cloudspace/lib/python3.12/site-packages/transformers/utils/auto_docstring.py:4536: in auto_docstring
    return auto_docstring_decorator(obj)
           ^^^^^^^^^^^^^^^^^^^^^^^^^^^^^
/home/zeus/miniconda3/envs/cloudspace/lib/python3.12/site-packages/transformers/utils/auto_docstring.py:4533: in auto_docstring_decorator
    return auto_class_docstring(obj, custom_args=custom_args, custom_intro=custom_intro, checkpoint=checkpoint)
           ^^^^^^^^^^^^^^^^^^^^^^^^^^^^^^^^^^^^^^^^^^^^^^^^^^^^^^^^^^^^^^^^^^^^^^^^^^^^^^^^^^^^^^^^^^^^^^^^^^^^
/home/zeus/miniconda3/envs/cloudspace/lib/python3.12/site-packages/transformers/utils/auto_docstring.py:4279: in auto_class_docstring
    getattr(auto_module, PLACEHOLDER_TO_AUTO_MODULE["model_class"][0]),
    ^^^^^^^^^^^^^^^^^^^^^^^^^^^^^^^^^^^^^^^^^^^^^^^^^^^^^^^^^^^^^^^^^^
/home/zeus/miniconda3/envs/cloudspace/lib/python3.12/site-packages/transformers/utils/import_utils.py:2436: in __getattr__
    value = self._get_module(name)
            ^^^^^^^^^^^^^^^^^^^^^^
/home/zeus/miniconda3/envs/cloudspace/lib/python3.12/site-packages/transformers/utils/import_utils.py:2576: in _get_module
    raise e
/home/zeus/miniconda3/envs/cloudspace/lib/python3.12/site-packages/transformers/utils/import_utils.py:2574: in _get_module
    return importlib.import_module("." + module_name, self.__name__)
           ^^^^^^^^^^^^^^^^^^^^^^^^^^^^^^^^^^^^^^^^^^^^^^^^^^^^^^^^^
/home/zeus/miniconda3/envs/cloudspace/lib/python3.12/importlib/__init__.py:90: in import_module
    return _bootstrap._gcd_import(name[level:], package, level)
           ^^^^^^^^^^^^^^^^^^^^^^^^^^^^^^^^^^^^^^^^^^^^^^^^^^^^
/home/zeus/miniconda3/envs/cloudspace/lib/python3.12/site-packages/transformers/models/auto/modeling_auto.py:21: in <module>
    from .auto_factory import (
/home/zeus/miniconda3/envs/cloudspace/lib/python3.12/site-packages/transformers/models/auto/auto_factory.py:42: in <module>
    from ...generation import GenerationMixin
/home/zeus/miniconda3/envs/cloudspace/lib/python3.12/site-packages/transformers/utils/import_utils.py:2342: in __getattr__
    module = self._get_module(self._class_to_module[name])
             ^^^^^^^^^^^^^^^^^^^^^^^^^^^^^^^^^^^^^^^^^^^^^
/home/zeus/miniconda3/envs/cloudspace/lib/python3.12/site-packages/transformers/utils/import_utils.py:2576: in _get_module
    raise e
/home/zeus/miniconda3/envs/cloudspace/lib/python3.12/site-packages/transformers/utils/import_utils.py:2574: in _get_module
    return importlib.import_module("." + module_name, self.__name__)
           ^^^^^^^^^^^^^^^^^^^^^^^^^^^^^^^^^^^^^^^^^^^^^^^^^^^^^^^^^
/home/zeus/miniconda3/envs/cloudspace/lib/python3.12/importlib/__init__.py:90: in import_module
    return _bootstrap._gcd_import(name[level:], package, level)
           ^^^^^^^^^^^^^^^^^^^^^^^^^^^^^^^^^^^^^^^^^^^^^^^^^^^^
/home/zeus/miniconda3/envs/cloudspace/lib/python3.12/site-packages/transformers/generation/utils.py:53: in <module>
    from .candidate_generator import (
/home/zeus/miniconda3/envs/cloudspace/lib/python3.12/site-packages/transformers/generation/candidate_generator.py:31: in <module>
    from sklearn.metrics import roc_curve
/home/zeus/miniconda3/envs/cloudspace/lib/python3.12/site-packages/sklearn/__init__.py:83: in <module>
    from .base import clone
/home/zeus/miniconda3/envs/cloudspace/lib/python3.12/site-packages/sklearn/base.py:19: in <module>
    from .utils import _IS_32BIT
/home/zeus/miniconda3/envs/cloudspace/lib/python3.12/site-packages/sklearn/utils/__init__.py:27: in <module>
    from .murmurhash import murmurhash3_32
_ _ _ _ _ _ _ _ _ _ _ _ _ _ _ _ _ _ _ _ _ _ _ _ _ _ _ _ _ _ _ _ _ _ _ _ _ _ _ _ 

>   ???
E   ValueError: numpy.dtype size changed, may indicate binary incompatibility. Expected 96 from C header, got 88 from PyObject

sklearn/utils/murmurhash.pyx:1: ValueError

The above exception was the direct cause of the following exception:

    @pytest.fixture(scope="module")
    def sd():
>       return SDWrapper(TINY)
               ^^^^^^^^^^^^^^^

tests/test_pipeline.py:43: 
_ _ _ _ _ _ _ _ _ _ _ _ _ _ _ _ _ _ _ _ _ _ _ _ _ _ _ _ _ _ _ _ _ _ _ _ _ _ _ _ 
src/models/sd.py:30: in __init__
    from diffusers import StableDiffusionPipeline
<frozen importlib._bootstrap>:1412: in _handle_fromlist
    ???
/home/zeus/miniconda3/envs/cloudspace/lib/python3.12/site-packages/diffusers/utils/import_utils.py:1043: in __getattr__
    value = getattr(module, name)
            ^^^^^^^^^^^^^^^^^^^^^
/home/zeus/miniconda3/envs/cloudspace/lib/python3.12/site-packages/diffusers/utils/import_utils.py:1043: in __getattr__
    value = getattr(module, name)
            ^^^^^^^^^^^^^^^^^^^^^
/home/zeus/miniconda3/envs/cloudspace/lib/python3.12/site-packages/diffusers/utils/import_utils.py:1042: in __getattr__
    module = self._get_module(self._class_to_module[name])
             ^^^^^^^^^^^^^^^^^^^^^^^^^^^^^^^^^^^^^^^^^^^^^
_ _ _ _ _ _ _ _ _ _ _ _ _ _ _ _ _ _ _ _ _ _ _ _ _ _ _ _ _ _ _ _ _ _ _ _ _ _ _ _ 

self = <module 'diffusers.pipelines.stable_diffusion' from '/home/zeus/miniconda3/envs/cloudspace/lib/python3.12/site-packages/diffusers/pipelines/stable_diffusion/__init__.py'>
module_name = 'pipeline_stable_diffusion'

    def _get_module(self, module_name: str):
        try:
            return importlib.import_module("." + module_name, self.__name__)
        except Exception as e:
>           raise RuntimeError(
                f"Failed to import {self.__name__}.{module_name} because of the following error (look up to see its"
                f" traceback):\n{e}"
            ) from e
E           RuntimeError: Failed to import diffusers.pipelines.stable_diffusion.pipeline_stable_diffusion because of the following error (look up to see its traceback):
E           numpy.dtype size changed, may indicate binary incompatibility. Expected 96 from C header, got 88 from PyObject

/home/zeus/miniconda3/envs/cloudspace/lib/python3.12/site-packages/diffusers/utils/import_utils.py:1054: RuntimeError
____________ ERROR at setup of test_site_S_恆等網格經grid_sample的數值誤差有界 _____________

self = <module 'diffusers.pipelines.stable_diffusion' from '/home/zeus/miniconda3/envs/cloudspace/lib/python3.12/site-packages/diffusers/pipelines/stable_diffusion/__init__.py'>
module_name = 'pipeline_stable_diffusion'

    def _get_module(self, module_name: str):
        try:
>           return importlib.import_module("." + module_name, self.__name__)
                   ^^^^^^^^^^^^^^^^^^^^^^^^^^^^^^^^^^^^^^^^^^^^^^^^^^^^^^^^^

/home/zeus/miniconda3/envs/cloudspace/lib/python3.12/site-packages/diffusers/utils/import_utils.py:1052: 
_ _ _ _ _ _ _ _ _ _ _ _ _ _ _ _ _ _ _ _ _ _ _ _ _ _ _ _ _ _ _ _ _ _ _ _ _ _ _ _ 
/home/zeus/miniconda3/envs/cloudspace/lib/python3.12/importlib/__init__.py:90: in import_module
    return _bootstrap._gcd_import(name[level:], package, level)
           ^^^^^^^^^^^^^^^^^^^^^^^^^^^^^^^^^^^^^^^^^^^^^^^^^^^^
/home/zeus/miniconda3/envs/cloudspace/lib/python3.12/site-packages/diffusers/pipelines/stable_diffusion/pipeline_stable_diffusion.py:19: in <module>
    from transformers import CLIPImageProcessor, CLIPTextModel, CLIPTokenizer, CLIPVisionModelWithProjection
/home/zeus/miniconda3/envs/cloudspace/lib/python3.12/site-packages/transformers/utils/import_utils.py:2342: in __getattr__
    module = self._get_module(self._class_to_module[name])
             ^^^^^^^^^^^^^^^^^^^^^^^^^^^^^^^^^^^^^^^^^^^^^
/home/zeus/miniconda3/envs/cloudspace/lib/python3.12/site-packages/transformers/utils/import_utils.py:2576: in _get_module
    raise e
/home/zeus/miniconda3/envs/cloudspace/lib/python3.12/site-packages/transformers/utils/import_utils.py:2574: in _get_module
    return importlib.import_module("." + module_name, self.__name__)
           ^^^^^^^^^^^^^^^^^^^^^^^^^^^^^^^^^^^^^^^^^^^^^^^^^^^^^^^^^
/home/zeus/miniconda3/envs/cloudspace/lib/python3.12/importlib/__init__.py:90: in import_module
    return _bootstrap._gcd_import(name[level:], package, level)
           ^^^^^^^^^^^^^^^^^^^^^^^^^^^^^^^^^^^^^^^^^^^^^^^^^^^^
/home/zeus/miniconda3/envs/cloudspace/lib/python3.12/site-packages/transformers/models/clip/image_processing_clip.py:22: in <module>
    @auto_docstring
     ^^^^^^^^^^^^^^
/home/zeus/miniconda3/envs/cloudspace/lib/python3.12/site-packages/transformers/utils/auto_docstring.py:4536: in auto_docstring
    return auto_docstring_decorator(obj)
           ^^^^^^^^^^^^^^^^^^^^^^^^^^^^^
/home/zeus/miniconda3/envs/cloudspace/lib/python3.12/site-packages/transformers/utils/auto_docstring.py:4533: in auto_docstring_decorator
    return auto_class_docstring(obj, custom_args=custom_args, custom_intro=custom_intro, checkpoint=checkpoint)
           ^^^^^^^^^^^^^^^^^^^^^^^^^^^^^^^^^^^^^^^^^^^^^^^^^^^^^^^^^^^^^^^^^^^^^^^^^^^^^^^^^^^^^^^^^^^^^^^^^^^^
/home/zeus/miniconda3/envs/cloudspace/lib/python3.12/site-packages/transformers/utils/auto_docstring.py:4279: in auto_class_docstring
    getattr(auto_module, PLACEHOLDER_TO_AUTO_MODULE["model_class"][0]),
    ^^^^^^^^^^^^^^^^^^^^^^^^^^^^^^^^^^^^^^^^^^^^^^^^^^^^^^^^^^^^^^^^^^
/home/zeus/miniconda3/envs/cloudspace/lib/python3.12/site-packages/transformers/utils/import_utils.py:2436: in __getattr__
    value = self._get_module(name)
            ^^^^^^^^^^^^^^^^^^^^^^
/home/zeus/miniconda3/envs/cloudspace/lib/python3.12/site-packages/transformers/utils/import_utils.py:2576: in _get_module
    raise e
/home/zeus/miniconda3/envs/cloudspace/lib/python3.12/site-packages/transformers/utils/import_utils.py:2574: in _get_module
    return importlib.import_module("." + module_name, self.__name__)
           ^^^^^^^^^^^^^^^^^^^^^^^^^^^^^^^^^^^^^^^^^^^^^^^^^^^^^^^^^
/home/zeus/miniconda3/envs/cloudspace/lib/python3.12/importlib/__init__.py:90: in import_module
    return _bootstrap._gcd_import(name[level:], package, level)
           ^^^^^^^^^^^^^^^^^^^^^^^^^^^^^^^^^^^^^^^^^^^^^^^^^^^^
/home/zeus/miniconda3/envs/cloudspace/lib/python3.12/site-packages/transformers/models/auto/modeling_auto.py:21: in <module>
    from .auto_factory import (
/home/zeus/miniconda3/envs/cloudspace/lib/python3.12/site-packages/transformers/models/auto/auto_factory.py:42: in <module>
    from ...generation import GenerationMixin
/home/zeus/miniconda3/envs/cloudspace/lib/python3.12/site-packages/transformers/utils/import_utils.py:2342: in __getattr__
    module = self._get_module(self._class_to_module[name])
             ^^^^^^^^^^^^^^^^^^^^^^^^^^^^^^^^^^^^^^^^^^^^^
/home/zeus/miniconda3/envs/cloudspace/lib/python3.12/site-packages/transformers/utils/import_utils.py:2576: in _get_module
    raise e
/home/zeus/miniconda3/envs/cloudspace/lib/python3.12/site-packages/transformers/utils/import_utils.py:2574: in _get_module
    return importlib.import_module("." + module_name, self.__name__)
           ^^^^^^^^^^^^^^^^^^^^^^^^^^^^^^^^^^^^^^^^^^^^^^^^^^^^^^^^^
/home/zeus/miniconda3/envs/cloudspace/lib/python3.12/importlib/__init__.py:90: in import_module
    return _bootstrap._gcd_import(name[level:], package, level)
           ^^^^^^^^^^^^^^^^^^^^^^^^^^^^^^^^^^^^^^^^^^^^^^^^^^^^
/home/zeus/miniconda3/envs/cloudspace/lib/python3.12/site-packages/transformers/generation/utils.py:53: in <module>
    from .candidate_generator import (
/home/zeus/miniconda3/envs/cloudspace/lib/python3.12/site-packages/transformers/generation/candidate_generator.py:31: in <module>
    from sklearn.metrics import roc_curve
/home/zeus/miniconda3/envs/cloudspace/lib/python3.12/site-packages/sklearn/__init__.py:83: in <module>
    from .base import clone
/home/zeus/miniconda3/envs/cloudspace/lib/python3.12/site-packages/sklearn/base.py:19: in <module>
    from .utils import _IS_32BIT
/home/zeus/miniconda3/envs/cloudspace/lib/python3.12/site-packages/sklearn/utils/__init__.py:27: in <module>
    from .murmurhash import murmurhash3_32
_ _ _ _ _ _ _ _ _ _ _ _ _ _ _ _ _ _ _ _ _ _ _ _ _ _ _ _ _ _ _ _ _ _ _ _ _ _ _ _ 

>   ???
E   ValueError: numpy.dtype size changed, may indicate binary incompatibility. Expected 96 from C header, got 88 from PyObject

sklearn/utils/murmurhash.pyx:1: ValueError

The above exception was the direct cause of the following exception:

    @pytest.fixture(scope="module")
    def sd():
>       return SDWrapper(TINY)
               ^^^^^^^^^^^^^^^

tests/test_pipeline.py:43: 
_ _ _ _ _ _ _ _ _ _ _ _ _ _ _ _ _ _ _ _ _ _ _ _ _ _ _ _ _ _ _ _ _ _ _ _ _ _ _ _ 
src/models/sd.py:30: in __init__
    from diffusers import StableDiffusionPipeline
<frozen importlib._bootstrap>:1412: in _handle_fromlist
    ???
/home/zeus/miniconda3/envs/cloudspace/lib/python3.12/site-packages/diffusers/utils/import_utils.py:1043: in __getattr__
    value = getattr(module, name)
            ^^^^^^^^^^^^^^^^^^^^^
/home/zeus/miniconda3/envs/cloudspace/lib/python3.12/site-packages/diffusers/utils/import_utils.py:1043: in __getattr__
    value = getattr(module, name)
            ^^^^^^^^^^^^^^^^^^^^^
/home/zeus/miniconda3/envs/cloudspace/lib/python3.12/site-packages/diffusers/utils/import_utils.py:1042: in __getattr__
    module = self._get_module(self._class_to_module[name])
             ^^^^^^^^^^^^^^^^^^^^^^^^^^^^^^^^^^^^^^^^^^^^^
_ _ _ _ _ _ _ _ _ _ _ _ _ _ _ _ _ _ _ _ _ _ _ _ _ _ _ _ _ _ _ _ _ _ _ _ _ _ _ _ 

self = <module 'diffusers.pipelines.stable_diffusion' from '/home/zeus/miniconda3/envs/cloudspace/lib/python3.12/site-packages/diffusers/pipelines/stable_diffusion/__init__.py'>
module_name = 'pipeline_stable_diffusion'

    def _get_module(self, module_name: str):
        try:
            return importlib.import_module("." + module_name, self.__name__)
        except Exception as e:
>           raise RuntimeError(
                f"Failed to import {self.__name__}.{module_name} because of the following error (look up to see its"
                f" traceback):\n{e}"
            ) from e
E           RuntimeError: Failed to import diffusers.pipelines.stable_diffusion.pipeline_stable_diffusion because of the following error (look up to see its traceback):
E           numpy.dtype size changed, may indicate binary incompatibility. Expected 96 from C header, got 88 from PyObject

/home/zeus/miniconda3/envs/cloudspace/lib/python3.12/site-packages/diffusers/utils/import_utils.py:1054: RuntimeError
______________ ERROR at setup of test_site_S_位移非零時結果必須改變且梯度抵達phi _______________

self = <module 'diffusers.pipelines.stable_diffusion' from '/home/zeus/miniconda3/envs/cloudspace/lib/python3.12/site-packages/diffusers/pipelines/stable_diffusion/__init__.py'>
module_name = 'pipeline_stable_diffusion'

    def _get_module(self, module_name: str):
        try:
>           return importlib.import_module("." + module_name, self.__name__)
                   ^^^^^^^^^^^^^^^^^^^^^^^^^^^^^^^^^^^^^^^^^^^^^^^^^^^^^^^^^

/home/zeus/miniconda3/envs/cloudspace/lib/python3.12/site-packages/diffusers/utils/import_utils.py:1052: 
_ _ _ _ _ _ _ _ _ _ _ _ _ _ _ _ _ _ _ _ _ _ _ _ _ _ _ _ _ _ _ _ _ _ _ _ _ _ _ _ 
/home/zeus/miniconda3/envs/cloudspace/lib/python3.12/importlib/__init__.py:90: in import_module
    return _bootstrap._gcd_import(name[level:], package, level)
           ^^^^^^^^^^^^^^^^^^^^^^^^^^^^^^^^^^^^^^^^^^^^^^^^^^^^
/home/zeus/miniconda3/envs/cloudspace/lib/python3.12/site-packages/diffusers/pipelines/stable_diffusion/pipeline_stable_diffusion.py:19: in <module>
    from transformers import CLIPImageProcessor, CLIPTextModel, CLIPTokenizer, CLIPVisionModelWithProjection
/home/zeus/miniconda3/envs/cloudspace/lib/python3.12/site-packages/transformers/utils/import_utils.py:2342: in __getattr__
    module = self._get_module(self._class_to_module[name])
             ^^^^^^^^^^^^^^^^^^^^^^^^^^^^^^^^^^^^^^^^^^^^^
/home/zeus/miniconda3/envs/cloudspace/lib/python3.12/site-packages/transformers/utils/import_utils.py:2576: in _get_module
    raise e
/home/zeus/miniconda3/envs/cloudspace/lib/python3.12/site-packages/transformers/utils/import_utils.py:2574: in _get_module
    return importlib.import_module("." + module_name, self.__name__)
           ^^^^^^^^^^^^^^^^^^^^^^^^^^^^^^^^^^^^^^^^^^^^^^^^^^^^^^^^^
/home/zeus/miniconda3/envs/cloudspace/lib/python3.12/importlib/__init__.py:90: in import_module
    return _bootstrap._gcd_import(name[level:], package, level)
           ^^^^^^^^^^^^^^^^^^^^^^^^^^^^^^^^^^^^^^^^^^^^^^^^^^^^
/home/zeus/miniconda3/envs/cloudspace/lib/python3.12/site-packages/transformers/models/clip/image_processing_clip.py:22: in <module>
    @auto_docstring
     ^^^^^^^^^^^^^^
/home/zeus/miniconda3/envs/cloudspace/lib/python3.12/site-packages/transformers/utils/auto_docstring.py:4536: in auto_docstring
    return auto_docstring_decorator(obj)
           ^^^^^^^^^^^^^^^^^^^^^^^^^^^^^
/home/zeus/miniconda3/envs/cloudspace/lib/python3.12/site-packages/transformers/utils/auto_docstring.py:4533: in auto_docstring_decorator
    return auto_class_docstring(obj, custom_args=custom_args, custom_intro=custom_intro, checkpoint=checkpoint)
           ^^^^^^^^^^^^^^^^^^^^^^^^^^^^^^^^^^^^^^^^^^^^^^^^^^^^^^^^^^^^^^^^^^^^^^^^^^^^^^^^^^^^^^^^^^^^^^^^^^^^
/home/zeus/miniconda3/envs/cloudspace/lib/python3.12/site-packages/transformers/utils/auto_docstring.py:4279: in auto_class_docstring
    getattr(auto_module, PLACEHOLDER_TO_AUTO_MODULE["model_class"][0]),
    ^^^^^^^^^^^^^^^^^^^^^^^^^^^^^^^^^^^^^^^^^^^^^^^^^^^^^^^^^^^^^^^^^^
/home/zeus/miniconda3/envs/cloudspace/lib/python3.12/site-packages/transformers/utils/import_utils.py:2436: in __getattr__
    value = self._get_module(name)
            ^^^^^^^^^^^^^^^^^^^^^^
/home/zeus/miniconda3/envs/cloudspace/lib/python3.12/site-packages/transformers/utils/import_utils.py:2576: in _get_module
    raise e
/home/zeus/miniconda3/envs/cloudspace/lib/python3.12/site-packages/transformers/utils/import_utils.py:2574: in _get_module
    return importlib.import_module("." + module_name, self.__name__)
           ^^^^^^^^^^^^^^^^^^^^^^^^^^^^^^^^^^^^^^^^^^^^^^^^^^^^^^^^^
/home/zeus/miniconda3/envs/cloudspace/lib/python3.12/importlib/__init__.py:90: in import_module
    return _bootstrap._gcd_import(name[level:], package, level)
           ^^^^^^^^^^^^^^^^^^^^^^^^^^^^^^^^^^^^^^^^^^^^^^^^^^^^
/home/zeus/miniconda3/envs/cloudspace/lib/python3.12/site-packages/transformers/models/auto/modeling_auto.py:21: in <module>
    from .auto_factory import (
/home/zeus/miniconda3/envs/cloudspace/lib/python3.12/site-packages/transformers/models/auto/auto_factory.py:42: in <module>
    from ...generation import GenerationMixin
/home/zeus/miniconda3/envs/cloudspace/lib/python3.12/site-packages/transformers/utils/import_utils.py:2342: in __getattr__
    module = self._get_module(self._class_to_module[name])
             ^^^^^^^^^^^^^^^^^^^^^^^^^^^^^^^^^^^^^^^^^^^^^
/home/zeus/miniconda3/envs/cloudspace/lib/python3.12/site-packages/transformers/utils/import_utils.py:2576: in _get_module
    raise e
/home/zeus/miniconda3/envs/cloudspace/lib/python3.12/site-packages/transformers/utils/import_utils.py:2574: in _get_module
    return importlib.import_module("." + module_name, self.__name__)
           ^^^^^^^^^^^^^^^^^^^^^^^^^^^^^^^^^^^^^^^^^^^^^^^^^^^^^^^^^
/home/zeus/miniconda3/envs/cloudspace/lib/python3.12/importlib/__init__.py:90: in import_module
    return _bootstrap._gcd_import(name[level:], package, level)
           ^^^^^^^^^^^^^^^^^^^^^^^^^^^^^^^^^^^^^^^^^^^^^^^^^^^^
/home/zeus/miniconda3/envs/cloudspace/lib/python3.12/site-packages/transformers/generation/utils.py:53: in <module>
    from .candidate_generator import (
/home/zeus/miniconda3/envs/cloudspace/lib/python3.12/site-packages/transformers/generation/candidate_generator.py:31: in <module>
    from sklearn.metrics import roc_curve
/home/zeus/miniconda3/envs/cloudspace/lib/python3.12/site-packages/sklearn/__init__.py:83: in <module>
    from .base import clone
/home/zeus/miniconda3/envs/cloudspace/lib/python3.12/site-packages/sklearn/base.py:19: in <module>
    from .utils import _IS_32BIT
/home/zeus/miniconda3/envs/cloudspace/lib/python3.12/site-packages/sklearn/utils/__init__.py:27: in <module>
    from .murmurhash import murmurhash3_32
_ _ _ _ _ _ _ _ _ _ _ _ _ _ _ _ _ _ _ _ _ _ _ _ _ _ _ _ _ _ _ _ _ _ _ _ _ _ _ _ 

>   ???
E   ValueError: numpy.dtype size changed, may indicate binary incompatibility. Expected 96 from C header, got 88 from PyObject

sklearn/utils/murmurhash.pyx:1: ValueError

The above exception was the direct cause of the following exception:

    @pytest.fixture(scope="module")
    def sd():
>       return SDWrapper(TINY)
               ^^^^^^^^^^^^^^^

tests/test_pipeline.py:43: 
_ _ _ _ _ _ _ _ _ _ _ _ _ _ _ _ _ _ _ _ _ _ _ _ _ _ _ _ _ _ _ _ _ _ _ _ _ _ _ _ 
src/models/sd.py:30: in __init__
    from diffusers import StableDiffusionPipeline
<frozen importlib._bootstrap>:1412: in _handle_fromlist
    ???
/home/zeus/miniconda3/envs/cloudspace/lib/python3.12/site-packages/diffusers/utils/import_utils.py:1043: in __getattr__
    value = getattr(module, name)
            ^^^^^^^^^^^^^^^^^^^^^
/home/zeus/miniconda3/envs/cloudspace/lib/python3.12/site-packages/diffusers/utils/import_utils.py:1043: in __getattr__
    value = getattr(module, name)
            ^^^^^^^^^^^^^^^^^^^^^
/home/zeus/miniconda3/envs/cloudspace/lib/python3.12/site-packages/diffusers/utils/import_utils.py:1042: in __getattr__
    module = self._get_module(self._class_to_module[name])
             ^^^^^^^^^^^^^^^^^^^^^^^^^^^^^^^^^^^^^^^^^^^^^
_ _ _ _ _ _ _ _ _ _ _ _ _ _ _ _ _ _ _ _ _ _ _ _ _ _ _ _ _ _ _ _ _ _ _ _ _ _ _ _ 

self = <module 'diffusers.pipelines.stable_diffusion' from '/home/zeus/miniconda3/envs/cloudspace/lib/python3.12/site-packages/diffusers/pipelines/stable_diffusion/__init__.py'>
module_name = 'pipeline_stable_diffusion'

    def _get_module(self, module_name: str):
        try:
            return importlib.import_module("." + module_name, self.__name__)
        except Exception as e:
>           raise RuntimeError(
                f"Failed to import {self.__name__}.{module_name} because of the following error (look up to see its"
                f" traceback):\n{e}"
            ) from e
E           RuntimeError: Failed to import diffusers.pipelines.stable_diffusion.pipeline_stable_diffusion because of the following error (look up to see its traceback):
E           numpy.dtype size changed, may indicate binary incompatibility. Expected 96 from C header, got 88 from PyObject

/home/zeus/miniconda3/envs/cloudspace/lib/python3.12/site-packages/diffusers/utils/import_utils.py:1054: RuntimeError
___________________ ERROR at setup of test_site_S_位移上界確實不被超過 ___________________

self = <module 'diffusers.pipelines.stable_diffusion' from '/home/zeus/miniconda3/envs/cloudspace/lib/python3.12/site-packages/diffusers/pipelines/stable_diffusion/__init__.py'>
module_name = 'pipeline_stable_diffusion'

    def _get_module(self, module_name: str):
        try:
>           return importlib.import_module("." + module_name, self.__name__)
                   ^^^^^^^^^^^^^^^^^^^^^^^^^^^^^^^^^^^^^^^^^^^^^^^^^^^^^^^^^

/home/zeus/miniconda3/envs/cloudspace/lib/python3.12/site-packages/diffusers/utils/import_utils.py:1052: 
_ _ _ _ _ _ _ _ _ _ _ _ _ _ _ _ _ _ _ _ _ _ _ _ _ _ _ _ _ _ _ _ _ _ _ _ _ _ _ _ 
/home/zeus/miniconda3/envs/cloudspace/lib/python3.12/importlib/__init__.py:90: in import_module
    return _bootstrap._gcd_import(name[level:], package, level)
           ^^^^^^^^^^^^^^^^^^^^^^^^^^^^^^^^^^^^^^^^^^^^^^^^^^^^
/home/zeus/miniconda3/envs/cloudspace/lib/python3.12/site-packages/diffusers/pipelines/stable_diffusion/pipeline_stable_diffusion.py:19: in <module>
    from transformers import CLIPImageProcessor, CLIPTextModel, CLIPTokenizer, CLIPVisionModelWithProjection
/home/zeus/miniconda3/envs/cloudspace/lib/python3.12/site-packages/transformers/utils/import_utils.py:2342: in __getattr__
    module = self._get_module(self._class_to_module[name])
             ^^^^^^^^^^^^^^^^^^^^^^^^^^^^^^^^^^^^^^^^^^^^^
/home/zeus/miniconda3/envs/cloudspace/lib/python3.12/site-packages/transformers/utils/import_utils.py:2576: in _get_module
    raise e
/home/zeus/miniconda3/envs/cloudspace/lib/python3.12/site-packages/transformers/utils/import_utils.py:2574: in _get_module
    return importlib.import_module("." + module_name, self.__name__)
           ^^^^^^^^^^^^^^^^^^^^^^^^^^^^^^^^^^^^^^^^^^^^^^^^^^^^^^^^^
/home/zeus/miniconda3/envs/cloudspace/lib/python3.12/importlib/__init__.py:90: in import_module
    return _bootstrap._gcd_import(name[level:], package, level)
           ^^^^^^^^^^^^^^^^^^^^^^^^^^^^^^^^^^^^^^^^^^^^^^^^^^^^
/home/zeus/miniconda3/envs/cloudspace/lib/python3.12/site-packages/transformers/models/clip/image_processing_clip.py:22: in <module>
    @auto_docstring
     ^^^^^^^^^^^^^^
/home/zeus/miniconda3/envs/cloudspace/lib/python3.12/site-packages/transformers/utils/auto_docstring.py:4536: in auto_docstring
    return auto_docstring_decorator(obj)
           ^^^^^^^^^^^^^^^^^^^^^^^^^^^^^
/home/zeus/miniconda3/envs/cloudspace/lib/python3.12/site-packages/transformers/utils/auto_docstring.py:4533: in auto_docstring_decorator
    return auto_class_docstring(obj, custom_args=custom_args, custom_intro=custom_intro, checkpoint=checkpoint)
           ^^^^^^^^^^^^^^^^^^^^^^^^^^^^^^^^^^^^^^^^^^^^^^^^^^^^^^^^^^^^^^^^^^^^^^^^^^^^^^^^^^^^^^^^^^^^^^^^^^^^
/home/zeus/miniconda3/envs/cloudspace/lib/python3.12/site-packages/transformers/utils/auto_docstring.py:4279: in auto_class_docstring
    getattr(auto_module, PLACEHOLDER_TO_AUTO_MODULE["model_class"][0]),
    ^^^^^^^^^^^^^^^^^^^^^^^^^^^^^^^^^^^^^^^^^^^^^^^^^^^^^^^^^^^^^^^^^^
/home/zeus/miniconda3/envs/cloudspace/lib/python3.12/site-packages/transformers/utils/import_utils.py:2436: in __getattr__
    value = self._get_module(name)
            ^^^^^^^^^^^^^^^^^^^^^^
/home/zeus/miniconda3/envs/cloudspace/lib/python3.12/site-packages/transformers/utils/import_utils.py:2576: in _get_module
    raise e
/home/zeus/miniconda3/envs/cloudspace/lib/python3.12/site-packages/transformers/utils/import_utils.py:2574: in _get_module
    return importlib.import_module("." + module_name, self.__name__)
           ^^^^^^^^^^^^^^^^^^^^^^^^^^^^^^^^^^^^^^^^^^^^^^^^^^^^^^^^^
/home/zeus/miniconda3/envs/cloudspace/lib/python3.12/importlib/__init__.py:90: in import_module
    return _bootstrap._gcd_import(name[level:], package, level)
           ^^^^^^^^^^^^^^^^^^^^^^^^^^^^^^^^^^^^^^^^^^^^^^^^^^^^
/home/zeus/miniconda3/envs/cloudspace/lib/python3.12/site-packages/transformers/models/auto/modeling_auto.py:21: in <module>
    from .auto_factory import (
/home/zeus/miniconda3/envs/cloudspace/lib/python3.12/site-packages/transformers/models/auto/auto_factory.py:42: in <module>
    from ...generation import GenerationMixin
/home/zeus/miniconda3/envs/cloudspace/lib/python3.12/site-packages/transformers/utils/import_utils.py:2342: in __getattr__
    module = self._get_module(self._class_to_module[name])
             ^^^^^^^^^^^^^^^^^^^^^^^^^^^^^^^^^^^^^^^^^^^^^
/home/zeus/miniconda3/envs/cloudspace/lib/python3.12/site-packages/transformers/utils/import_utils.py:2576: in _get_module
    raise e
/home/zeus/miniconda3/envs/cloudspace/lib/python3.12/site-packages/transformers/utils/import_utils.py:2574: in _get_module
    return importlib.import_module("." + module_name, self.__name__)
           ^^^^^^^^^^^^^^^^^^^^^^^^^^^^^^^^^^^^^^^^^^^^^^^^^^^^^^^^^
/home/zeus/miniconda3/envs/cloudspace/lib/python3.12/importlib/__init__.py:90: in import_module
    return _bootstrap._gcd_import(name[level:], package, level)
           ^^^^^^^^^^^^^^^^^^^^^^^^^^^^^^^^^^^^^^^^^^^^^^^^^^^^
/home/zeus/miniconda3/envs/cloudspace/lib/python3.12/site-packages/transformers/generation/utils.py:53: in <module>
    from .candidate_generator import (
/home/zeus/miniconda3/envs/cloudspace/lib/python3.12/site-packages/transformers/generation/candidate_generator.py:31: in <module>
    from sklearn.metrics import roc_curve
/home/zeus/miniconda3/envs/cloudspace/lib/python3.12/site-packages/sklearn/__init__.py:83: in <module>
    from .base import clone
/home/zeus/miniconda3/envs/cloudspace/lib/python3.12/site-packages/sklearn/base.py:19: in <module>
    from .utils import _IS_32BIT
/home/zeus/miniconda3/envs/cloudspace/lib/python3.12/site-packages/sklearn/utils/__init__.py:27: in <module>
    from .murmurhash import murmurhash3_32
_ _ _ _ _ _ _ _ _ _ _ _ _ _ _ _ _ _ _ _ _ _ _ _ _ _ _ _ _ _ _ _ _ _ _ _ _ _ _ _ 

>   ???
E   ValueError: numpy.dtype size changed, may indicate binary incompatibility. Expected 96 from C header, got 88 from PyObject

sklearn/utils/murmurhash.pyx:1: ValueError

The above exception was the direct cause of the following exception:

    @pytest.fixture(scope="module")
    def sd():
>       return SDWrapper(TINY)
               ^^^^^^^^^^^^^^^

tests/test_pipeline.py:43: 
_ _ _ _ _ _ _ _ _ _ _ _ _ _ _ _ _ _ _ _ _ _ _ _ _ _ _ _ _ _ _ _ _ _ _ _ _ _ _ _ 
src/models/sd.py:30: in __init__
    from diffusers import StableDiffusionPipeline
<frozen importlib._bootstrap>:1412: in _handle_fromlist
    ???
/home/zeus/miniconda3/envs/cloudspace/lib/python3.12/site-packages/diffusers/utils/import_utils.py:1043: in __getattr__
    value = getattr(module, name)
            ^^^^^^^^^^^^^^^^^^^^^
/home/zeus/miniconda3/envs/cloudspace/lib/python3.12/site-packages/diffusers/utils/import_utils.py:1043: in __getattr__
    value = getattr(module, name)
            ^^^^^^^^^^^^^^^^^^^^^
/home/zeus/miniconda3/envs/cloudspace/lib/python3.12/site-packages/diffusers/utils/import_utils.py:1042: in __getattr__
    module = self._get_module(self._class_to_module[name])
             ^^^^^^^^^^^^^^^^^^^^^^^^^^^^^^^^^^^^^^^^^^^^^
_ _ _ _ _ _ _ _ _ _ _ _ _ _ _ _ _ _ _ _ _ _ _ _ _ _ _ _ _ _ _ _ _ _ _ _ _ _ _ _ 

self = <module 'diffusers.pipelines.stable_diffusion' from '/home/zeus/miniconda3/envs/cloudspace/lib/python3.12/site-packages/diffusers/pipelines/stable_diffusion/__init__.py'>
module_name = 'pipeline_stable_diffusion'

    def _get_module(self, module_name: str):
        try:
            return importlib.import_module("." + module_name, self.__name__)
        except Exception as e:
>           raise RuntimeError(
                f"Failed to import {self.__name__}.{module_name} because of the following error (look up to see its"
                f" traceback):\n{e}"
            ) from e
E           RuntimeError: Failed to import diffusers.pipelines.stable_diffusion.pipeline_stable_diffusion because of the following error (look up to see its traceback):
E           numpy.dtype size changed, may indicate binary incompatibility. Expected 96 from C header, got 88 from PyObject

/home/zeus/miniconda3/envs/cloudspace/lib/python3.12/site-packages/diffusers/utils/import_utils.py:1054: RuntimeError
__________________ ERROR at setup of test_site_S_粗網格上採樣後仍是平滑場 __________________

self = <module 'diffusers.pipelines.stable_diffusion' from '/home/zeus/miniconda3/envs/cloudspace/lib/python3.12/site-packages/diffusers/pipelines/stable_diffusion/__init__.py'>
module_name = 'pipeline_stable_diffusion'

    def _get_module(self, module_name: str):
        try:
>           return importlib.import_module("." + module_name, self.__name__)
                   ^^^^^^^^^^^^^^^^^^^^^^^^^^^^^^^^^^^^^^^^^^^^^^^^^^^^^^^^^

/home/zeus/miniconda3/envs/cloudspace/lib/python3.12/site-packages/diffusers/utils/import_utils.py:1052: 
_ _ _ _ _ _ _ _ _ _ _ _ _ _ _ _ _ _ _ _ _ _ _ _ _ _ _ _ _ _ _ _ _ _ _ _ _ _ _ _ 
/home/zeus/miniconda3/envs/cloudspace/lib/python3.12/importlib/__init__.py:90: in import_module
    return _bootstrap._gcd_import(name[level:], package, level)
           ^^^^^^^^^^^^^^^^^^^^^^^^^^^^^^^^^^^^^^^^^^^^^^^^^^^^
/home/zeus/miniconda3/envs/cloudspace/lib/python3.12/site-packages/diffusers/pipelines/stable_diffusion/pipeline_stable_diffusion.py:19: in <module>
    from transformers import CLIPImageProcessor, CLIPTextModel, CLIPTokenizer, CLIPVisionModelWithProjection
/home/zeus/miniconda3/envs/cloudspace/lib/python3.12/site-packages/transformers/utils/import_utils.py:2342: in __getattr__
    module = self._get_module(self._class_to_module[name])
             ^^^^^^^^^^^^^^^^^^^^^^^^^^^^^^^^^^^^^^^^^^^^^
/home/zeus/miniconda3/envs/cloudspace/lib/python3.12/site-packages/transformers/utils/import_utils.py:2576: in _get_module
    raise e
/home/zeus/miniconda3/envs/cloudspace/lib/python3.12/site-packages/transformers/utils/import_utils.py:2574: in _get_module
    return importlib.import_module("." + module_name, self.__name__)
           ^^^^^^^^^^^^^^^^^^^^^^^^^^^^^^^^^^^^^^^^^^^^^^^^^^^^^^^^^
/home/zeus/miniconda3/envs/cloudspace/lib/python3.12/importlib/__init__.py:90: in import_module
    return _bootstrap._gcd_import(name[level:], package, level)
           ^^^^^^^^^^^^^^^^^^^^^^^^^^^^^^^^^^^^^^^^^^^^^^^^^^^^
/home/zeus/miniconda3/envs/cloudspace/lib/python3.12/site-packages/transformers/models/clip/image_processing_clip.py:22: in <module>
    @auto_docstring
     ^^^^^^^^^^^^^^
/home/zeus/miniconda3/envs/cloudspace/lib/python3.12/site-packages/transformers/utils/auto_docstring.py:4536: in auto_docstring
    return auto_docstring_decorator(obj)
           ^^^^^^^^^^^^^^^^^^^^^^^^^^^^^
/home/zeus/miniconda3/envs/cloudspace/lib/python3.12/site-packages/transformers/utils/auto_docstring.py:4533: in auto_docstring_decorator
    return auto_class_docstring(obj, custom_args=custom_args, custom_intro=custom_intro, checkpoint=checkpoint)
           ^^^^^^^^^^^^^^^^^^^^^^^^^^^^^^^^^^^^^^^^^^^^^^^^^^^^^^^^^^^^^^^^^^^^^^^^^^^^^^^^^^^^^^^^^^^^^^^^^^^^
/home/zeus/miniconda3/envs/cloudspace/lib/python3.12/site-packages/transformers/utils/auto_docstring.py:4279: in auto_class_docstring
    getattr(auto_module, PLACEHOLDER_TO_AUTO_MODULE["model_class"][0]),
    ^^^^^^^^^^^^^^^^^^^^^^^^^^^^^^^^^^^^^^^^^^^^^^^^^^^^^^^^^^^^^^^^^^
/home/zeus/miniconda3/envs/cloudspace/lib/python3.12/site-packages/transformers/utils/import_utils.py:2436: in __getattr__
    value = self._get_module(name)
            ^^^^^^^^^^^^^^^^^^^^^^
/home/zeus/miniconda3/envs/cloudspace/lib/python3.12/site-packages/transformers/utils/import_utils.py:2576: in _get_module
    raise e
/home/zeus/miniconda3/envs/cloudspace/lib/python3.12/site-packages/transformers/utils/import_utils.py:2574: in _get_module
    return importlib.import_module("." + module_name, self.__name__)
           ^^^^^^^^^^^^^^^^^^^^^^^^^^^^^^^^^^^^^^^^^^^^^^^^^^^^^^^^^
/home/zeus/miniconda3/envs/cloudspace/lib/python3.12/importlib/__init__.py:90: in import_module
    return _bootstrap._gcd_import(name[level:], package, level)
           ^^^^^^^^^^^^^^^^^^^^^^^^^^^^^^^^^^^^^^^^^^^^^^^^^^^^
/home/zeus/miniconda3/envs/cloudspace/lib/python3.12/site-packages/transformers/models/auto/modeling_auto.py:21: in <module>
    from .auto_factory import (
/home/zeus/miniconda3/envs/cloudspace/lib/python3.12/site-packages/transformers/models/auto/auto_factory.py:42: in <module>
    from ...generation import GenerationMixin
/home/zeus/miniconda3/envs/cloudspace/lib/python3.12/site-packages/transformers/utils/import_utils.py:2342: in __getattr__
    module = self._get_module(self._class_to_module[name])
             ^^^^^^^^^^^^^^^^^^^^^^^^^^^^^^^^^^^^^^^^^^^^^
/home/zeus/miniconda3/envs/cloudspace/lib/python3.12/site-packages/transformers/utils/import_utils.py:2576: in _get_module
    raise e
/home/zeus/miniconda3/envs/cloudspace/lib/python3.12/site-packages/transformers/utils/import_utils.py:2574: in _get_module
    return importlib.import_module("." + module_name, self.__name__)
           ^^^^^^^^^^^^^^^^^^^^^^^^^^^^^^^^^^^^^^^^^^^^^^^^^^^^^^^^^
/home/zeus/miniconda3/envs/cloudspace/lib/python3.12/importlib/__init__.py:90: in import_module
    return _bootstrap._gcd_import(name[level:], package, level)
           ^^^^^^^^^^^^^^^^^^^^^^^^^^^^^^^^^^^^^^^^^^^^^^^^^^^^
/home/zeus/miniconda3/envs/cloudspace/lib/python3.12/site-packages/transformers/generation/utils.py:53: in <module>
    from .candidate_generator import (
/home/zeus/miniconda3/envs/cloudspace/lib/python3.12/site-packages/transformers/generation/candidate_generator.py:31: in <module>
    from sklearn.metrics import roc_curve
/home/zeus/miniconda3/envs/cloudspace/lib/python3.12/site-packages/sklearn/__init__.py:83: in <module>
    from .base import clone
/home/zeus/miniconda3/envs/cloudspace/lib/python3.12/site-packages/sklearn/base.py:19: in <module>
    from .utils import _IS_32BIT
/home/zeus/miniconda3/envs/cloudspace/lib/python3.12/site-packages/sklearn/utils/__init__.py:27: in <module>
    from .murmurhash import murmurhash3_32
_ _ _ _ _ _ _ _ _ _ _ _ _ _ _ _ _ _ _ _ _ _ _ _ _ _ _ _ _ _ _ _ _ _ _ _ _ _ _ _ 

>   ???
E   ValueError: numpy.dtype size changed, may indicate binary incompatibility. Expected 96 from C header, got 88 from PyObject

sklearn/utils/murmurhash.pyx:1: ValueError

The above exception was the direct cause of the following exception:

    @pytest.fixture(scope="module")
    def sd():
>       return SDWrapper(TINY)
               ^^^^^^^^^^^^^^^

tests/test_pipeline.py:43: 
_ _ _ _ _ _ _ _ _ _ _ _ _ _ _ _ _ _ _ _ _ _ _ _ _ _ _ _ _ _ _ _ _ _ _ _ _ _ _ _ 
src/models/sd.py:30: in __init__
    from diffusers import StableDiffusionPipeline
<frozen importlib._bootstrap>:1412: in _handle_fromlist
    ???
/home/zeus/miniconda3/envs/cloudspace/lib/python3.12/site-packages/diffusers/utils/import_utils.py:1043: in __getattr__
    value = getattr(module, name)
            ^^^^^^^^^^^^^^^^^^^^^
/home/zeus/miniconda3/envs/cloudspace/lib/python3.12/site-packages/diffusers/utils/import_utils.py:1043: in __getattr__
    value = getattr(module, name)
            ^^^^^^^^^^^^^^^^^^^^^
/home/zeus/miniconda3/envs/cloudspace/lib/python3.12/site-packages/diffusers/utils/import_utils.py:1042: in __getattr__
    module = self._get_module(self._class_to_module[name])
             ^^^^^^^^^^^^^^^^^^^^^^^^^^^^^^^^^^^^^^^^^^^^^
_ _ _ _ _ _ _ _ _ _ _ _ _ _ _ _ _ _ _ _ _ _ _ _ _ _ _ _ _ _ _ _ _ _ _ _ _ _ _ _ 

self = <module 'diffusers.pipelines.stable_diffusion' from '/home/zeus/miniconda3/envs/cloudspace/lib/python3.12/site-packages/diffusers/pipelines/stable_diffusion/__init__.py'>
module_name = 'pipeline_stable_diffusion'

    def _get_module(self, module_name: str):
        try:
            return importlib.import_module("." + module_name, self.__name__)
        except Exception as e:
>           raise RuntimeError(
                f"Failed to import {self.__name__}.{module_name} because of the following error (look up to see its"
                f" traceback):\n{e}"
            ) from e
E           RuntimeError: Failed to import diffusers.pipelines.stable_diffusion.pipeline_stable_diffusion because of the following error (look up to see its traceback):
E           numpy.dtype size changed, may indicate binary incompatibility. Expected 96 from C header, got 88 from PyObject

/home/zeus/miniconda3/envs/cloudspace/lib/python3.12/site-packages/diffusers/utils/import_utils.py:1054: RuntimeError
_____________________ ERROR at setup of test_site_S_是非加性的 ______________________

self = <module 'diffusers.pipelines.stable_diffusion' from '/home/zeus/miniconda3/envs/cloudspace/lib/python3.12/site-packages/diffusers/pipelines/stable_diffusion/__init__.py'>
module_name = 'pipeline_stable_diffusion'

    def _get_module(self, module_name: str):
        try:
>           return importlib.import_module("." + module_name, self.__name__)
                   ^^^^^^^^^^^^^^^^^^^^^^^^^^^^^^^^^^^^^^^^^^^^^^^^^^^^^^^^^

/home/zeus/miniconda3/envs/cloudspace/lib/python3.12/site-packages/diffusers/utils/import_utils.py:1052: 
_ _ _ _ _ _ _ _ _ _ _ _ _ _ _ _ _ _ _ _ _ _ _ _ _ _ _ _ _ _ _ _ _ _ _ _ _ _ _ _ 
/home/zeus/miniconda3/envs/cloudspace/lib/python3.12/importlib/__init__.py:90: in import_module
    return _bootstrap._gcd_import(name[level:], package, level)
           ^^^^^^^^^^^^^^^^^^^^^^^^^^^^^^^^^^^^^^^^^^^^^^^^^^^^
/home/zeus/miniconda3/envs/cloudspace/lib/python3.12/site-packages/diffusers/pipelines/stable_diffusion/pipeline_stable_diffusion.py:19: in <module>
    from transformers import CLIPImageProcessor, CLIPTextModel, CLIPTokenizer, CLIPVisionModelWithProjection
/home/zeus/miniconda3/envs/cloudspace/lib/python3.12/site-packages/transformers/utils/import_utils.py:2342: in __getattr__
    module = self._get_module(self._class_to_module[name])
             ^^^^^^^^^^^^^^^^^^^^^^^^^^^^^^^^^^^^^^^^^^^^^
/home/zeus/miniconda3/envs/cloudspace/lib/python3.12/site-packages/transformers/utils/import_utils.py:2576: in _get_module
    raise e
/home/zeus/miniconda3/envs/cloudspace/lib/python3.12/site-packages/transformers/utils/import_utils.py:2574: in _get_module
    return importlib.import_module("." + module_name, self.__name__)
           ^^^^^^^^^^^^^^^^^^^^^^^^^^^^^^^^^^^^^^^^^^^^^^^^^^^^^^^^^
/home/zeus/miniconda3/envs/cloudspace/lib/python3.12/importlib/__init__.py:90: in import_module
    return _bootstrap._gcd_import(name[level:], package, level)
           ^^^^^^^^^^^^^^^^^^^^^^^^^^^^^^^^^^^^^^^^^^^^^^^^^^^^
/home/zeus/miniconda3/envs/cloudspace/lib/python3.12/site-packages/transformers/models/clip/image_processing_clip.py:22: in <module>
    @auto_docstring
     ^^^^^^^^^^^^^^
/home/zeus/miniconda3/envs/cloudspace/lib/python3.12/site-packages/transformers/utils/auto_docstring.py:4536: in auto_docstring
    return auto_docstring_decorator(obj)
           ^^^^^^^^^^^^^^^^^^^^^^^^^^^^^
/home/zeus/miniconda3/envs/cloudspace/lib/python3.12/site-packages/transformers/utils/auto_docstring.py:4533: in auto_docstring_decorator
    return auto_class_docstring(obj, custom_args=custom_args, custom_intro=custom_intro, checkpoint=checkpoint)
           ^^^^^^^^^^^^^^^^^^^^^^^^^^^^^^^^^^^^^^^^^^^^^^^^^^^^^^^^^^^^^^^^^^^^^^^^^^^^^^^^^^^^^^^^^^^^^^^^^^^^
/home/zeus/miniconda3/envs/cloudspace/lib/python3.12/site-packages/transformers/utils/auto_docstring.py:4279: in auto_class_docstring
    getattr(auto_module, PLACEHOLDER_TO_AUTO_MODULE["model_class"][0]),
    ^^^^^^^^^^^^^^^^^^^^^^^^^^^^^^^^^^^^^^^^^^^^^^^^^^^^^^^^^^^^^^^^^^
/home/zeus/miniconda3/envs/cloudspace/lib/python3.12/site-packages/transformers/utils/import_utils.py:2436: in __getattr__
    value = self._get_module(name)
            ^^^^^^^^^^^^^^^^^^^^^^
/home/zeus/miniconda3/envs/cloudspace/lib/python3.12/site-packages/transformers/utils/import_utils.py:2576: in _get_module
    raise e
/home/zeus/miniconda3/envs/cloudspace/lib/python3.12/site-packages/transformers/utils/import_utils.py:2574: in _get_module
    return importlib.import_module("." + module_name, self.__name__)
           ^^^^^^^^^^^^^^^^^^^^^^^^^^^^^^^^^^^^^^^^^^^^^^^^^^^^^^^^^
/home/zeus/miniconda3/envs/cloudspace/lib/python3.12/importlib/__init__.py:90: in import_module
    return _bootstrap._gcd_import(name[level:], package, level)
           ^^^^^^^^^^^^^^^^^^^^^^^^^^^^^^^^^^^^^^^^^^^^^^^^^^^^
/home/zeus/miniconda3/envs/cloudspace/lib/python3.12/site-packages/transformers/models/auto/modeling_auto.py:21: in <module>
    from .auto_factory import (
/home/zeus/miniconda3/envs/cloudspace/lib/python3.12/site-packages/transformers/models/auto/auto_factory.py:42: in <module>
    from ...generation import GenerationMixin
/home/zeus/miniconda3/envs/cloudspace/lib/python3.12/site-packages/transformers/utils/import_utils.py:2342: in __getattr__
    module = self._get_module(self._class_to_module[name])
             ^^^^^^^^^^^^^^^^^^^^^^^^^^^^^^^^^^^^^^^^^^^^^
/home/zeus/miniconda3/envs/cloudspace/lib/python3.12/site-packages/transformers/utils/import_utils.py:2576: in _get_module
    raise e
/home/zeus/miniconda3/envs/cloudspace/lib/python3.12/site-packages/transformers/utils/import_utils.py:2574: in _get_module
    return importlib.import_module("." + module_name, self.__name__)
           ^^^^^^^^^^^^^^^^^^^^^^^^^^^^^^^^^^^^^^^^^^^^^^^^^^^^^^^^^
/home/zeus/miniconda3/envs/cloudspace/lib/python3.12/importlib/__init__.py:90: in import_module
    return _bootstrap._gcd_import(name[level:], package, level)
           ^^^^^^^^^^^^^^^^^^^^^^^^^^^^^^^^^^^^^^^^^^^^^^^^^^^^
/home/zeus/miniconda3/envs/cloudspace/lib/python3.12/site-packages/transformers/generation/utils.py:53: in <module>
    from .candidate_generator import (
/home/zeus/miniconda3/envs/cloudspace/lib/python3.12/site-packages/transformers/generation/candidate_generator.py:31: in <module>
    from sklearn.metrics import roc_curve
/home/zeus/miniconda3/envs/cloudspace/lib/python3.12/site-packages/sklearn/__init__.py:83: in <module>
    from .base import clone
/home/zeus/miniconda3/envs/cloudspace/lib/python3.12/site-packages/sklearn/base.py:19: in <module>
    from .utils import _IS_32BIT
/home/zeus/miniconda3/envs/cloudspace/lib/python3.12/site-packages/sklearn/utils/__init__.py:27: in <module>
    from .murmurhash import murmurhash3_32
_ _ _ _ _ _ _ _ _ _ _ _ _ _ _ _ _ _ _ _ _ _ _ _ _ _ _ _ _ _ _ _ _ _ _ _ _ _ _ _ 

>   ???
E   ValueError: numpy.dtype size changed, may indicate binary incompatibility. Expected 96 from C header, got 88 from PyObject

sklearn/utils/murmurhash.pyx:1: ValueError

The above exception was the direct cause of the following exception:

    @pytest.fixture(scope="module")
    def sd():
>       return SDWrapper(TINY)
               ^^^^^^^^^^^^^^^

tests/test_pipeline.py:43: 
_ _ _ _ _ _ _ _ _ _ _ _ _ _ _ _ _ _ _ _ _ _ _ _ _ _ _ _ _ _ _ _ _ _ _ _ _ _ _ _ 
src/models/sd.py:30: in __init__
    from diffusers import StableDiffusionPipeline
<frozen importlib._bootstrap>:1412: in _handle_fromlist
    ???
/home/zeus/miniconda3/envs/cloudspace/lib/python3.12/site-packages/diffusers/utils/import_utils.py:1043: in __getattr__
    value = getattr(module, name)
            ^^^^^^^^^^^^^^^^^^^^^
/home/zeus/miniconda3/envs/cloudspace/lib/python3.12/site-packages/diffusers/utils/import_utils.py:1043: in __getattr__
    value = getattr(module, name)
            ^^^^^^^^^^^^^^^^^^^^^
/home/zeus/miniconda3/envs/cloudspace/lib/python3.12/site-packages/diffusers/utils/import_utils.py:1042: in __getattr__
    module = self._get_module(self._class_to_module[name])
             ^^^^^^^^^^^^^^^^^^^^^^^^^^^^^^^^^^^^^^^^^^^^^
_ _ _ _ _ _ _ _ _ _ _ _ _ _ _ _ _ _ _ _ _ _ _ _ _ _ _ _ _ _ _ _ _ _ _ _ _ _ _ _ 

self = <module 'diffusers.pipelines.stable_diffusion' from '/home/zeus/miniconda3/envs/cloudspace/lib/python3.12/site-packages/diffusers/pipelines/stable_diffusion/__init__.py'>
module_name = 'pipeline_stable_diffusion'

    def _get_module(self, module_name: str):
        try:
            return importlib.import_module("." + module_name, self.__name__)
        except Exception as e:
>           raise RuntimeError(
                f"Failed to import {self.__name__}.{module_name} because of the following error (look up to see its"
                f" traceback):\n{e}"
            ) from e
E           RuntimeError: Failed to import diffusers.pipelines.stable_diffusion.pipeline_stable_diffusion because of the following error (look up to see its traceback):
E           numpy.dtype size changed, may indicate binary incompatibility. Expected 96 from C header, got 88 from PyObject

/home/zeus/miniconda3/envs/cloudspace/lib/python3.12/site-packages/diffusers/utils/import_utils.py:1054: RuntimeError
__________________ ERROR at setup of test_site_S_輸出恆在有效像素範圍內 ___________________

self = <module 'diffusers.pipelines.stable_diffusion' from '/home/zeus/miniconda3/envs/cloudspace/lib/python3.12/site-packages/diffusers/pipelines/stable_diffusion/__init__.py'>
module_name = 'pipeline_stable_diffusion'

    def _get_module(self, module_name: str):
        try:
>           return importlib.import_module("." + module_name, self.__name__)
                   ^^^^^^^^^^^^^^^^^^^^^^^^^^^^^^^^^^^^^^^^^^^^^^^^^^^^^^^^^

/home/zeus/miniconda3/envs/cloudspace/lib/python3.12/site-packages/diffusers/utils/import_utils.py:1052: 
_ _ _ _ _ _ _ _ _ _ _ _ _ _ _ _ _ _ _ _ _ _ _ _ _ _ _ _ _ _ _ _ _ _ _ _ _ _ _ _ 
/home/zeus/miniconda3/envs/cloudspace/lib/python3.12/importlib/__init__.py:90: in import_module
    return _bootstrap._gcd_import(name[level:], package, level)
           ^^^^^^^^^^^^^^^^^^^^^^^^^^^^^^^^^^^^^^^^^^^^^^^^^^^^
/home/zeus/miniconda3/envs/cloudspace/lib/python3.12/site-packages/diffusers/pipelines/stable_diffusion/pipeline_stable_diffusion.py:19: in <module>
    from transformers import CLIPImageProcessor, CLIPTextModel, CLIPTokenizer, CLIPVisionModelWithProjection
/home/zeus/miniconda3/envs/cloudspace/lib/python3.12/site-packages/transformers/utils/import_utils.py:2342: in __getattr__
    module = self._get_module(self._class_to_module[name])
             ^^^^^^^^^^^^^^^^^^^^^^^^^^^^^^^^^^^^^^^^^^^^^
/home/zeus/miniconda3/envs/cloudspace/lib/python3.12/site-packages/transformers/utils/import_utils.py:2576: in _get_module
    raise e
/home/zeus/miniconda3/envs/cloudspace/lib/python3.12/site-packages/transformers/utils/import_utils.py:2574: in _get_module
    return importlib.import_module("." + module_name, self.__name__)
           ^^^^^^^^^^^^^^^^^^^^^^^^^^^^^^^^^^^^^^^^^^^^^^^^^^^^^^^^^
/home/zeus/miniconda3/envs/cloudspace/lib/python3.12/importlib/__init__.py:90: in import_module
    return _bootstrap._gcd_import(name[level:], package, level)
           ^^^^^^^^^^^^^^^^^^^^^^^^^^^^^^^^^^^^^^^^^^^^^^^^^^^^
/home/zeus/miniconda3/envs/cloudspace/lib/python3.12/site-packages/transformers/models/clip/image_processing_clip.py:22: in <module>
    @auto_docstring
     ^^^^^^^^^^^^^^
/home/zeus/miniconda3/envs/cloudspace/lib/python3.12/site-packages/transformers/utils/auto_docstring.py:4536: in auto_docstring
    return auto_docstring_decorator(obj)
           ^^^^^^^^^^^^^^^^^^^^^^^^^^^^^
/home/zeus/miniconda3/envs/cloudspace/lib/python3.12/site-packages/transformers/utils/auto_docstring.py:4533: in auto_docstring_decorator
    return auto_class_docstring(obj, custom_args=custom_args, custom_intro=custom_intro, checkpoint=checkpoint)
           ^^^^^^^^^^^^^^^^^^^^^^^^^^^^^^^^^^^^^^^^^^^^^^^^^^^^^^^^^^^^^^^^^^^^^^^^^^^^^^^^^^^^^^^^^^^^^^^^^^^^
/home/zeus/miniconda3/envs/cloudspace/lib/python3.12/site-packages/transformers/utils/auto_docstring.py:4279: in auto_class_docstring
    getattr(auto_module, PLACEHOLDER_TO_AUTO_MODULE["model_class"][0]),
    ^^^^^^^^^^^^^^^^^^^^^^^^^^^^^^^^^^^^^^^^^^^^^^^^^^^^^^^^^^^^^^^^^^
/home/zeus/miniconda3/envs/cloudspace/lib/python3.12/site-packages/transformers/utils/import_utils.py:2436: in __getattr__
    value = self._get_module(name)
            ^^^^^^^^^^^^^^^^^^^^^^
/home/zeus/miniconda3/envs/cloudspace/lib/python3.12/site-packages/transformers/utils/import_utils.py:2576: in _get_module
    raise e
/home/zeus/miniconda3/envs/cloudspace/lib/python3.12/site-packages/transformers/utils/import_utils.py:2574: in _get_module
    return importlib.import_module("." + module_name, self.__name__)
           ^^^^^^^^^^^^^^^^^^^^^^^^^^^^^^^^^^^^^^^^^^^^^^^^^^^^^^^^^
/home/zeus/miniconda3/envs/cloudspace/lib/python3.12/importlib/__init__.py:90: in import_module
    return _bootstrap._gcd_import(name[level:], package, level)
           ^^^^^^^^^^^^^^^^^^^^^^^^^^^^^^^^^^^^^^^^^^^^^^^^^^^^
/home/zeus/miniconda3/envs/cloudspace/lib/python3.12/site-packages/transformers/models/auto/modeling_auto.py:21: in <module>
    from .auto_factory import (
/home/zeus/miniconda3/envs/cloudspace/lib/python3.12/site-packages/transformers/models/auto/auto_factory.py:42: in <module>
    from ...generation import GenerationMixin
/home/zeus/miniconda3/envs/cloudspace/lib/python3.12/site-packages/transformers/utils/import_utils.py:2342: in __getattr__
    module = self._get_module(self._class_to_module[name])
             ^^^^^^^^^^^^^^^^^^^^^^^^^^^^^^^^^^^^^^^^^^^^^
/home/zeus/miniconda3/envs/cloudspace/lib/python3.12/site-packages/transformers/utils/import_utils.py:2576: in _get_module
    raise e
/home/zeus/miniconda3/envs/cloudspace/lib/python3.12/site-packages/transformers/utils/import_utils.py:2574: in _get_module
    return importlib.import_module("." + module_name, self.__name__)
           ^^^^^^^^^^^^^^^^^^^^^^^^^^^^^^^^^^^^^^^^^^^^^^^^^^^^^^^^^
/home/zeus/miniconda3/envs/cloudspace/lib/python3.12/importlib/__init__.py:90: in import_module
    return _bootstrap._gcd_import(name[level:], package, level)
           ^^^^^^^^^^^^^^^^^^^^^^^^^^^^^^^^^^^^^^^^^^^^^^^^^^^^
/home/zeus/miniconda3/envs/cloudspace/lib/python3.12/site-packages/transformers/generation/utils.py:53: in <module>
    from .candidate_generator import (
/home/zeus/miniconda3/envs/cloudspace/lib/python3.12/site-packages/transformers/generation/candidate_generator.py:31: in <module>
    from sklearn.metrics import roc_curve
/home/zeus/miniconda3/envs/cloudspace/lib/python3.12/site-packages/sklearn/__init__.py:83: in <module>
    from .base import clone
/home/zeus/miniconda3/envs/cloudspace/lib/python3.12/site-packages/sklearn/base.py:19: in <module>
    from .utils import _IS_32BIT
/home/zeus/miniconda3/envs/cloudspace/lib/python3.12/site-packages/sklearn/utils/__init__.py:27: in <module>
    from .murmurhash import murmurhash3_32
_ _ _ _ _ _ _ _ _ _ _ _ _ _ _ _ _ _ _ _ _ _ _ _ _ _ _ _ _ _ _ _ _ _ _ _ _ _ _ _ 

>   ???
E   ValueError: numpy.dtype size changed, may indicate binary incompatibility. Expected 96 from C header, got 88 from PyObject

sklearn/utils/murmurhash.pyx:1: ValueError

The above exception was the direct cause of the following exception:

    @pytest.fixture(scope="module")
    def sd():
>       return SDWrapper(TINY)
               ^^^^^^^^^^^^^^^

tests/test_pipeline.py:43: 
_ _ _ _ _ _ _ _ _ _ _ _ _ _ _ _ _ _ _ _ _ _ _ _ _ _ _ _ _ _ _ _ _ _ _ _ _ _ _ _ 
src/models/sd.py:30: in __init__
    from diffusers import StableDiffusionPipeline
<frozen importlib._bootstrap>:1412: in _handle_fromlist
    ???
/home/zeus/miniconda3/envs/cloudspace/lib/python3.12/site-packages/diffusers/utils/import_utils.py:1043: in __getattr__
    value = getattr(module, name)
            ^^^^^^^^^^^^^^^^^^^^^
/home/zeus/miniconda3/envs/cloudspace/lib/python3.12/site-packages/diffusers/utils/import_utils.py:1043: in __getattr__
    value = getattr(module, name)
            ^^^^^^^^^^^^^^^^^^^^^
/home/zeus/miniconda3/envs/cloudspace/lib/python3.12/site-packages/diffusers/utils/import_utils.py:1042: in __getattr__
    module = self._get_module(self._class_to_module[name])
             ^^^^^^^^^^^^^^^^^^^^^^^^^^^^^^^^^^^^^^^^^^^^^
_ _ _ _ _ _ _ _ _ _ _ _ _ _ _ _ _ _ _ _ _ _ _ _ _ _ _ _ _ _ _ _ _ _ _ _ _ _ _ _ 

self = <module 'diffusers.pipelines.stable_diffusion' from '/home/zeus/miniconda3/envs/cloudspace/lib/python3.12/site-packages/diffusers/pipelines/stable_diffusion/__init__.py'>
module_name = 'pipeline_stable_diffusion'

    def _get_module(self, module_name: str):
        try:
            return importlib.import_module("." + module_name, self.__name__)
        except Exception as e:
>           raise RuntimeError(
                f"Failed to import {self.__name__}.{module_name} because of the following error (look up to see its"
                f" traceback):\n{e}"
            ) from e
E           RuntimeError: Failed to import diffusers.pipelines.stable_diffusion.pipeline_stable_diffusion because of the following error (look up to see its traceback):
E           numpy.dtype size changed, may indicate binary incompatibility. Expected 96 from C header, got 88 from PyObject

/home/zeus/miniconda3/envs/cloudspace/lib/python3.12/site-packages/diffusers/utils/import_utils.py:1054: RuntimeError
________________ ERROR at setup of test_site_S_不回報像素殘差以免被誤讀為加性 _________________

self = <module 'diffusers.pipelines.stable_diffusion' from '/home/zeus/miniconda3/envs/cloudspace/lib/python3.12/site-packages/diffusers/pipelines/stable_diffusion/__init__.py'>
module_name = 'pipeline_stable_diffusion'

    def _get_module(self, module_name: str):
        try:
>           return importlib.import_module("." + module_name, self.__name__)
                   ^^^^^^^^^^^^^^^^^^^^^^^^^^^^^^^^^^^^^^^^^^^^^^^^^^^^^^^^^

/home/zeus/miniconda3/envs/cloudspace/lib/python3.12/site-packages/diffusers/utils/import_utils.py:1052: 
_ _ _ _ _ _ _ _ _ _ _ _ _ _ _ _ _ _ _ _ _ _ _ _ _ _ _ _ _ _ _ _ _ _ _ _ _ _ _ _ 
/home/zeus/miniconda3/envs/cloudspace/lib/python3.12/importlib/__init__.py:90: in import_module
    return _bootstrap._gcd_import(name[level:], package, level)
           ^^^^^^^^^^^^^^^^^^^^^^^^^^^^^^^^^^^^^^^^^^^^^^^^^^^^
/home/zeus/miniconda3/envs/cloudspace/lib/python3.12/site-packages/diffusers/pipelines/stable_diffusion/pipeline_stable_diffusion.py:19: in <module>
    from transformers import CLIPImageProcessor, CLIPTextModel, CLIPTokenizer, CLIPVisionModelWithProjection
/home/zeus/miniconda3/envs/cloudspace/lib/python3.12/site-packages/transformers/utils/import_utils.py:2342: in __getattr__
    module = self._get_module(self._class_to_module[name])
             ^^^^^^^^^^^^^^^^^^^^^^^^^^^^^^^^^^^^^^^^^^^^^
/home/zeus/miniconda3/envs/cloudspace/lib/python3.12/site-packages/transformers/utils/import_utils.py:2576: in _get_module
    raise e
/home/zeus/miniconda3/envs/cloudspace/lib/python3.12/site-packages/transformers/utils/import_utils.py:2574: in _get_module
    return importlib.import_module("." + module_name, self.__name__)
           ^^^^^^^^^^^^^^^^^^^^^^^^^^^^^^^^^^^^^^^^^^^^^^^^^^^^^^^^^
/home/zeus/miniconda3/envs/cloudspace/lib/python3.12/importlib/__init__.py:90: in import_module
    return _bootstrap._gcd_import(name[level:], package, level)
           ^^^^^^^^^^^^^^^^^^^^^^^^^^^^^^^^^^^^^^^^^^^^^^^^^^^^
/home/zeus/miniconda3/envs/cloudspace/lib/python3.12/site-packages/transformers/models/clip/image_processing_clip.py:22: in <module>
    @auto_docstring
     ^^^^^^^^^^^^^^
/home/zeus/miniconda3/envs/cloudspace/lib/python3.12/site-packages/transformers/utils/auto_docstring.py:4536: in auto_docstring
    return auto_docstring_decorator(obj)
           ^^^^^^^^^^^^^^^^^^^^^^^^^^^^^
/home/zeus/miniconda3/envs/cloudspace/lib/python3.12/site-packages/transformers/utils/auto_docstring.py:4533: in auto_docstring_decorator
    return auto_class_docstring(obj, custom_args=custom_args, custom_intro=custom_intro, checkpoint=checkpoint)
           ^^^^^^^^^^^^^^^^^^^^^^^^^^^^^^^^^^^^^^^^^^^^^^^^^^^^^^^^^^^^^^^^^^^^^^^^^^^^^^^^^^^^^^^^^^^^^^^^^^^^
/home/zeus/miniconda3/envs/cloudspace/lib/python3.12/site-packages/transformers/utils/auto_docstring.py:4279: in auto_class_docstring
    getattr(auto_module, PLACEHOLDER_TO_AUTO_MODULE["model_class"][0]),
    ^^^^^^^^^^^^^^^^^^^^^^^^^^^^^^^^^^^^^^^^^^^^^^^^^^^^^^^^^^^^^^^^^^
/home/zeus/miniconda3/envs/cloudspace/lib/python3.12/site-packages/transformers/utils/import_utils.py:2436: in __getattr__
    value = self._get_module(name)
            ^^^^^^^^^^^^^^^^^^^^^^
/home/zeus/miniconda3/envs/cloudspace/lib/python3.12/site-packages/transformers/utils/import_utils.py:2576: in _get_module
    raise e
/home/zeus/miniconda3/envs/cloudspace/lib/python3.12/site-packages/transformers/utils/import_utils.py:2574: in _get_module
    return importlib.import_module("." + module_name, self.__name__)
           ^^^^^^^^^^^^^^^^^^^^^^^^^^^^^^^^^^^^^^^^^^^^^^^^^^^^^^^^^
/home/zeus/miniconda3/envs/cloudspace/lib/python3.12/importlib/__init__.py:90: in import_module
    return _bootstrap._gcd_import(name[level:], package, level)
           ^^^^^^^^^^^^^^^^^^^^^^^^^^^^^^^^^^^^^^^^^^^^^^^^^^^^
/home/zeus/miniconda3/envs/cloudspace/lib/python3.12/site-packages/transformers/models/auto/modeling_auto.py:21: in <module>
    from .auto_factory import (
/home/zeus/miniconda3/envs/cloudspace/lib/python3.12/site-packages/transformers/models/auto/auto_factory.py:42: in <module>
    from ...generation import GenerationMixin
/home/zeus/miniconda3/envs/cloudspace/lib/python3.12/site-packages/transformers/utils/import_utils.py:2342: in __getattr__
    module = self._get_module(self._class_to_module[name])
             ^^^^^^^^^^^^^^^^^^^^^^^^^^^^^^^^^^^^^^^^^^^^^
/home/zeus/miniconda3/envs/cloudspace/lib/python3.12/site-packages/transformers/utils/import_utils.py:2576: in _get_module
    raise e
/home/zeus/miniconda3/envs/cloudspace/lib/python3.12/site-packages/transformers/utils/import_utils.py:2574: in _get_module
    return importlib.import_module("." + module_name, self.__name__)
           ^^^^^^^^^^^^^^^^^^^^^^^^^^^^^^^^^^^^^^^^^^^^^^^^^^^^^^^^^
/home/zeus/miniconda3/envs/cloudspace/lib/python3.12/importlib/__init__.py:90: in import_module
    return _bootstrap._gcd_import(name[level:], package, level)
           ^^^^^^^^^^^^^^^^^^^^^^^^^^^^^^^^^^^^^^^^^^^^^^^^^^^^
/home/zeus/miniconda3/envs/cloudspace/lib/python3.12/site-packages/transformers/generation/utils.py:53: in <module>
    from .candidate_generator import (
/home/zeus/miniconda3/envs/cloudspace/lib/python3.12/site-packages/transformers/generation/candidate_generator.py:31: in <module>
    from sklearn.metrics import roc_curve
/home/zeus/miniconda3/envs/cloudspace/lib/python3.12/site-packages/sklearn/__init__.py:83: in <module>
    from .base import clone
/home/zeus/miniconda3/envs/cloudspace/lib/python3.12/site-packages/sklearn/base.py:19: in <module>
    from .utils import _IS_32BIT
/home/zeus/miniconda3/envs/cloudspace/lib/python3.12/site-packages/sklearn/utils/__init__.py:27: in <module>
    from .murmurhash import murmurhash3_32
_ _ _ _ _ _ _ _ _ _ _ _ _ _ _ _ _ _ _ _ _ _ _ _ _ _ _ _ _ _ _ _ _ _ _ _ _ _ _ _ 

>   ???
E   ValueError: numpy.dtype size changed, may indicate binary incompatibility. Expected 96 from C header, got 88 from PyObject

sklearn/utils/murmurhash.pyx:1: ValueError

The above exception was the direct cause of the following exception:

    @pytest.fixture(scope="module")
    def sd():
>       return SDWrapper(TINY)
               ^^^^^^^^^^^^^^^

tests/test_pipeline.py:43: 
_ _ _ _ _ _ _ _ _ _ _ _ _ _ _ _ _ _ _ _ _ _ _ _ _ _ _ _ _ _ _ _ _ _ _ _ _ _ _ _ 
src/models/sd.py:30: in __init__
    from diffusers import StableDiffusionPipeline
<frozen importlib._bootstrap>:1412: in _handle_fromlist
    ???
/home/zeus/miniconda3/envs/cloudspace/lib/python3.12/site-packages/diffusers/utils/import_utils.py:1043: in __getattr__
    value = getattr(module, name)
            ^^^^^^^^^^^^^^^^^^^^^
/home/zeus/miniconda3/envs/cloudspace/lib/python3.12/site-packages/diffusers/utils/import_utils.py:1043: in __getattr__
    value = getattr(module, name)
            ^^^^^^^^^^^^^^^^^^^^^
/home/zeus/miniconda3/envs/cloudspace/lib/python3.12/site-packages/diffusers/utils/import_utils.py:1042: in __getattr__
    module = self._get_module(self._class_to_module[name])
             ^^^^^^^^^^^^^^^^^^^^^^^^^^^^^^^^^^^^^^^^^^^^^
_ _ _ _ _ _ _ _ _ _ _ _ _ _ _ _ _ _ _ _ _ _ _ _ _ _ _ _ _ _ _ _ _ _ _ _ _ _ _ _ 

self = <module 'diffusers.pipelines.stable_diffusion' from '/home/zeus/miniconda3/envs/cloudspace/lib/python3.12/site-packages/diffusers/pipelines/stable_diffusion/__init__.py'>
module_name = 'pipeline_stable_diffusion'

    def _get_module(self, module_name: str):
        try:
            return importlib.import_module("." + module_name, self.__name__)
        except Exception as e:
>           raise RuntimeError(
                f"Failed to import {self.__name__}.{module_name} because of the following error (look up to see its"
                f" traceback):\n{e}"
            ) from e
E           RuntimeError: Failed to import diffusers.pipelines.stable_diffusion.pipeline_stable_diffusion because of the following error (look up to see its traceback):
E           numpy.dtype size changed, may indicate binary incompatibility. Expected 96 from C header, got 88 from PyObject

/home/zeus/miniconda3/envs/cloudspace/lib/python3.12/site-packages/diffusers/utils/import_utils.py:1054: RuntimeError
___________________ ERROR at setup of test_注意力擷取不改變UNet的前向結果 ___________________

self = <module 'diffusers.pipelines.stable_diffusion' from '/home/zeus/miniconda3/envs/cloudspace/lib/python3.12/site-packages/diffusers/pipelines/stable_diffusion/__init__.py'>
module_name = 'pipeline_stable_diffusion'

    def _get_module(self, module_name: str):
        try:
>           return importlib.import_module("." + module_name, self.__name__)
                   ^^^^^^^^^^^^^^^^^^^^^^^^^^^^^^^^^^^^^^^^^^^^^^^^^^^^^^^^^

/home/zeus/miniconda3/envs/cloudspace/lib/python3.12/site-packages/diffusers/utils/import_utils.py:1052: 
_ _ _ _ _ _ _ _ _ _ _ _ _ _ _ _ _ _ _ _ _ _ _ _ _ _ _ _ _ _ _ _ _ _ _ _ _ _ _ _ 
/home/zeus/miniconda3/envs/cloudspace/lib/python3.12/importlib/__init__.py:90: in import_module
    return _bootstrap._gcd_import(name[level:], package, level)
           ^^^^^^^^^^^^^^^^^^^^^^^^^^^^^^^^^^^^^^^^^^^^^^^^^^^^
/home/zeus/miniconda3/envs/cloudspace/lib/python3.12/site-packages/diffusers/pipelines/stable_diffusion/pipeline_stable_diffusion.py:19: in <module>
    from transformers import CLIPImageProcessor, CLIPTextModel, CLIPTokenizer, CLIPVisionModelWithProjection
/home/zeus/miniconda3/envs/cloudspace/lib/python3.12/site-packages/transformers/utils/import_utils.py:2342: in __getattr__
    module = self._get_module(self._class_to_module[name])
             ^^^^^^^^^^^^^^^^^^^^^^^^^^^^^^^^^^^^^^^^^^^^^
/home/zeus/miniconda3/envs/cloudspace/lib/python3.12/site-packages/transformers/utils/import_utils.py:2576: in _get_module
    raise e
/home/zeus/miniconda3/envs/cloudspace/lib/python3.12/site-packages/transformers/utils/import_utils.py:2574: in _get_module
    return importlib.import_module("." + module_name, self.__name__)
           ^^^^^^^^^^^^^^^^^^^^^^^^^^^^^^^^^^^^^^^^^^^^^^^^^^^^^^^^^
/home/zeus/miniconda3/envs/cloudspace/lib/python3.12/importlib/__init__.py:90: in import_module
    return _bootstrap._gcd_import(name[level:], package, level)
           ^^^^^^^^^^^^^^^^^^^^^^^^^^^^^^^^^^^^^^^^^^^^^^^^^^^^
/home/zeus/miniconda3/envs/cloudspace/lib/python3.12/site-packages/transformers/models/clip/image_processing_clip.py:22: in <module>
    @auto_docstring
     ^^^^^^^^^^^^^^
/home/zeus/miniconda3/envs/cloudspace/lib/python3.12/site-packages/transformers/utils/auto_docstring.py:4536: in auto_docstring
    return auto_docstring_decorator(obj)
           ^^^^^^^^^^^^^^^^^^^^^^^^^^^^^
/home/zeus/miniconda3/envs/cloudspace/lib/python3.12/site-packages/transformers/utils/auto_docstring.py:4533: in auto_docstring_decorator
    return auto_class_docstring(obj, custom_args=custom_args, custom_intro=custom_intro, checkpoint=checkpoint)
           ^^^^^^^^^^^^^^^^^^^^^^^^^^^^^^^^^^^^^^^^^^^^^^^^^^^^^^^^^^^^^^^^^^^^^^^^^^^^^^^^^^^^^^^^^^^^^^^^^^^^
/home/zeus/miniconda3/envs/cloudspace/lib/python3.12/site-packages/transformers/utils/auto_docstring.py:4279: in auto_class_docstring
    getattr(auto_module, PLACEHOLDER_TO_AUTO_MODULE["model_class"][0]),
    ^^^^^^^^^^^^^^^^^^^^^^^^^^^^^^^^^^^^^^^^^^^^^^^^^^^^^^^^^^^^^^^^^^
/home/zeus/miniconda3/envs/cloudspace/lib/python3.12/site-packages/transformers/utils/import_utils.py:2436: in __getattr__
    value = self._get_module(name)
            ^^^^^^^^^^^^^^^^^^^^^^
/home/zeus/miniconda3/envs/cloudspace/lib/python3.12/site-packages/transformers/utils/import_utils.py:2576: in _get_module
    raise e
/home/zeus/miniconda3/envs/cloudspace/lib/python3.12/site-packages/transformers/utils/import_utils.py:2574: in _get_module
    return importlib.import_module("." + module_name, self.__name__)
           ^^^^^^^^^^^^^^^^^^^^^^^^^^^^^^^^^^^^^^^^^^^^^^^^^^^^^^^^^
/home/zeus/miniconda3/envs/cloudspace/lib/python3.12/importlib/__init__.py:90: in import_module
    return _bootstrap._gcd_import(name[level:], package, level)
           ^^^^^^^^^^^^^^^^^^^^^^^^^^^^^^^^^^^^^^^^^^^^^^^^^^^^
/home/zeus/miniconda3/envs/cloudspace/lib/python3.12/site-packages/transformers/models/auto/modeling_auto.py:21: in <module>
    from .auto_factory import (
/home/zeus/miniconda3/envs/cloudspace/lib/python3.12/site-packages/transformers/models/auto/auto_factory.py:42: in <module>
    from ...generation import GenerationMixin
/home/zeus/miniconda3/envs/cloudspace/lib/python3.12/site-packages/transformers/utils/import_utils.py:2342: in __getattr__
    module = self._get_module(self._class_to_module[name])
             ^^^^^^^^^^^^^^^^^^^^^^^^^^^^^^^^^^^^^^^^^^^^^
/home/zeus/miniconda3/envs/cloudspace/lib/python3.12/site-packages/transformers/utils/import_utils.py:2576: in _get_module
    raise e
/home/zeus/miniconda3/envs/cloudspace/lib/python3.12/site-packages/transformers/utils/import_utils.py:2574: in _get_module
    return importlib.import_module("." + module_name, self.__name__)
           ^^^^^^^^^^^^^^^^^^^^^^^^^^^^^^^^^^^^^^^^^^^^^^^^^^^^^^^^^
/home/zeus/miniconda3/envs/cloudspace/lib/python3.12/importlib/__init__.py:90: in import_module
    return _bootstrap._gcd_import(name[level:], package, level)
           ^^^^^^^^^^^^^^^^^^^^^^^^^^^^^^^^^^^^^^^^^^^^^^^^^^^^
/home/zeus/miniconda3/envs/cloudspace/lib/python3.12/site-packages/transformers/generation/utils.py:53: in <module>
    from .candidate_generator import (
/home/zeus/miniconda3/envs/cloudspace/lib/python3.12/site-packages/transformers/generation/candidate_generator.py:31: in <module>
    from sklearn.metrics import roc_curve
/home/zeus/miniconda3/envs/cloudspace/lib/python3.12/site-packages/sklearn/__init__.py:83: in <module>
    from .base import clone
/home/zeus/miniconda3/envs/cloudspace/lib/python3.12/site-packages/sklearn/base.py:19: in <module>
    from .utils import _IS_32BIT
/home/zeus/miniconda3/envs/cloudspace/lib/python3.12/site-packages/sklearn/utils/__init__.py:27: in <module>
    from .murmurhash import murmurhash3_32
_ _ _ _ _ _ _ _ _ _ _ _ _ _ _ _ _ _ _ _ _ _ _ _ _ _ _ _ _ _ _ _ _ _ _ _ _ _ _ _ 

>   ???
E   ValueError: numpy.dtype size changed, may indicate binary incompatibility. Expected 96 from C header, got 88 from PyObject

sklearn/utils/murmurhash.pyx:1: ValueError

The above exception was the direct cause of the following exception:

    @pytest.fixture(scope="module")
    def sd():
>       return SDWrapper(TINY)
               ^^^^^^^^^^^^^^^

tests/test_pipeline.py:43: 
_ _ _ _ _ _ _ _ _ _ _ _ _ _ _ _ _ _ _ _ _ _ _ _ _ _ _ _ _ _ _ _ _ _ _ _ _ _ _ _ 
src/models/sd.py:30: in __init__
    from diffusers import StableDiffusionPipeline
<frozen importlib._bootstrap>:1412: in _handle_fromlist
    ???
/home/zeus/miniconda3/envs/cloudspace/lib/python3.12/site-packages/diffusers/utils/import_utils.py:1043: in __getattr__
    value = getattr(module, name)
            ^^^^^^^^^^^^^^^^^^^^^
/home/zeus/miniconda3/envs/cloudspace/lib/python3.12/site-packages/diffusers/utils/import_utils.py:1043: in __getattr__
    value = getattr(module, name)
            ^^^^^^^^^^^^^^^^^^^^^
/home/zeus/miniconda3/envs/cloudspace/lib/python3.12/site-packages/diffusers/utils/import_utils.py:1042: in __getattr__
    module = self._get_module(self._class_to_module[name])
             ^^^^^^^^^^^^^^^^^^^^^^^^^^^^^^^^^^^^^^^^^^^^^
_ _ _ _ _ _ _ _ _ _ _ _ _ _ _ _ _ _ _ _ _ _ _ _ _ _ _ _ _ _ _ _ _ _ _ _ _ _ _ _ 

self = <module 'diffusers.pipelines.stable_diffusion' from '/home/zeus/miniconda3/envs/cloudspace/lib/python3.12/site-packages/diffusers/pipelines/stable_diffusion/__init__.py'>
module_name = 'pipeline_stable_diffusion'

    def _get_module(self, module_name: str):
        try:
            return importlib.import_module("." + module_name, self.__name__)
        except Exception as e:
>           raise RuntimeError(
                f"Failed to import {self.__name__}.{module_name} because of the following error (look up to see its"
                f" traceback):\n{e}"
            ) from e
E           RuntimeError: Failed to import diffusers.pipelines.stable_diffusion.pipeline_stable_diffusion because of the following error (look up to see its traceback):
E           numpy.dtype size changed, may indicate binary incompatibility. Expected 96 from C header, got 88 from PyObject

/home/zeus/miniconda3/envs/cloudspace/lib/python3.12/site-packages/diffusers/utils/import_utils.py:1054: RuntimeError
_____________________ ERROR at setup of test_注意力分佈是合法機率分佈 ______________________

self = <module 'diffusers.pipelines.stable_diffusion' from '/home/zeus/miniconda3/envs/cloudspace/lib/python3.12/site-packages/diffusers/pipelines/stable_diffusion/__init__.py'>
module_name = 'pipeline_stable_diffusion'

    def _get_module(self, module_name: str):
        try:
>           return importlib.import_module("." + module_name, self.__name__)
                   ^^^^^^^^^^^^^^^^^^^^^^^^^^^^^^^^^^^^^^^^^^^^^^^^^^^^^^^^^

/home/zeus/miniconda3/envs/cloudspace/lib/python3.12/site-packages/diffusers/utils/import_utils.py:1052: 
_ _ _ _ _ _ _ _ _ _ _ _ _ _ _ _ _ _ _ _ _ _ _ _ _ _ _ _ _ _ _ _ _ _ _ _ _ _ _ _ 
/home/zeus/miniconda3/envs/cloudspace/lib/python3.12/importlib/__init__.py:90: in import_module
    return _bootstrap._gcd_import(name[level:], package, level)
           ^^^^^^^^^^^^^^^^^^^^^^^^^^^^^^^^^^^^^^^^^^^^^^^^^^^^
/home/zeus/miniconda3/envs/cloudspace/lib/python3.12/site-packages/diffusers/pipelines/stable_diffusion/pipeline_stable_diffusion.py:19: in <module>
    from transformers import CLIPImageProcessor, CLIPTextModel, CLIPTokenizer, CLIPVisionModelWithProjection
/home/zeus/miniconda3/envs/cloudspace/lib/python3.12/site-packages/transformers/utils/import_utils.py:2342: in __getattr__
    module = self._get_module(self._class_to_module[name])
             ^^^^^^^^^^^^^^^^^^^^^^^^^^^^^^^^^^^^^^^^^^^^^
/home/zeus/miniconda3/envs/cloudspace/lib/python3.12/site-packages/transformers/utils/import_utils.py:2576: in _get_module
    raise e
/home/zeus/miniconda3/envs/cloudspace/lib/python3.12/site-packages/transformers/utils/import_utils.py:2574: in _get_module
    return importlib.import_module("." + module_name, self.__name__)
           ^^^^^^^^^^^^^^^^^^^^^^^^^^^^^^^^^^^^^^^^^^^^^^^^^^^^^^^^^
/home/zeus/miniconda3/envs/cloudspace/lib/python3.12/importlib/__init__.py:90: in import_module
    return _bootstrap._gcd_import(name[level:], package, level)
           ^^^^^^^^^^^^^^^^^^^^^^^^^^^^^^^^^^^^^^^^^^^^^^^^^^^^
/home/zeus/miniconda3/envs/cloudspace/lib/python3.12/site-packages/transformers/models/clip/image_processing_clip.py:22: in <module>
    @auto_docstring
     ^^^^^^^^^^^^^^
/home/zeus/miniconda3/envs/cloudspace/lib/python3.12/site-packages/transformers/utils/auto_docstring.py:4536: in auto_docstring
    return auto_docstring_decorator(obj)
           ^^^^^^^^^^^^^^^^^^^^^^^^^^^^^
/home/zeus/miniconda3/envs/cloudspace/lib/python3.12/site-packages/transformers/utils/auto_docstring.py:4533: in auto_docstring_decorator
    return auto_class_docstring(obj, custom_args=custom_args, custom_intro=custom_intro, checkpoint=checkpoint)
           ^^^^^^^^^^^^^^^^^^^^^^^^^^^^^^^^^^^^^^^^^^^^^^^^^^^^^^^^^^^^^^^^^^^^^^^^^^^^^^^^^^^^^^^^^^^^^^^^^^^^
/home/zeus/miniconda3/envs/cloudspace/lib/python3.12/site-packages/transformers/utils/auto_docstring.py:4279: in auto_class_docstring
    getattr(auto_module, PLACEHOLDER_TO_AUTO_MODULE["model_class"][0]),
    ^^^^^^^^^^^^^^^^^^^^^^^^^^^^^^^^^^^^^^^^^^^^^^^^^^^^^^^^^^^^^^^^^^
/home/zeus/miniconda3/envs/cloudspace/lib/python3.12/site-packages/transformers/utils/import_utils.py:2436: in __getattr__
    value = self._get_module(name)
            ^^^^^^^^^^^^^^^^^^^^^^
/home/zeus/miniconda3/envs/cloudspace/lib/python3.12/site-packages/transformers/utils/import_utils.py:2576: in _get_module
    raise e
/home/zeus/miniconda3/envs/cloudspace/lib/python3.12/site-packages/transformers/utils/import_utils.py:2574: in _get_module
    return importlib.import_module("." + module_name, self.__name__)
           ^^^^^^^^^^^^^^^^^^^^^^^^^^^^^^^^^^^^^^^^^^^^^^^^^^^^^^^^^
/home/zeus/miniconda3/envs/cloudspace/lib/python3.12/importlib/__init__.py:90: in import_module
    return _bootstrap._gcd_import(name[level:], package, level)
           ^^^^^^^^^^^^^^^^^^^^^^^^^^^^^^^^^^^^^^^^^^^^^^^^^^^^
/home/zeus/miniconda3/envs/cloudspace/lib/python3.12/site-packages/transformers/models/auto/modeling_auto.py:21: in <module>
    from .auto_factory import (
/home/zeus/miniconda3/envs/cloudspace/lib/python3.12/site-packages/transformers/models/auto/auto_factory.py:42: in <module>
    from ...generation import GenerationMixin
/home/zeus/miniconda3/envs/cloudspace/lib/python3.12/site-packages/transformers/utils/import_utils.py:2342: in __getattr__
    module = self._get_module(self._class_to_module[name])
             ^^^^^^^^^^^^^^^^^^^^^^^^^^^^^^^^^^^^^^^^^^^^^
/home/zeus/miniconda3/envs/cloudspace/lib/python3.12/site-packages/transformers/utils/import_utils.py:2576: in _get_module
    raise e
/home/zeus/miniconda3/envs/cloudspace/lib/python3.12/site-packages/transformers/utils/import_utils.py:2574: in _get_module
    return importlib.import_module("." + module_name, self.__name__)
           ^^^^^^^^^^^^^^^^^^^^^^^^^^^^^^^^^^^^^^^^^^^^^^^^^^^^^^^^^
/home/zeus/miniconda3/envs/cloudspace/lib/python3.12/importlib/__init__.py:90: in import_module
    return _bootstrap._gcd_import(name[level:], package, level)
           ^^^^^^^^^^^^^^^^^^^^^^^^^^^^^^^^^^^^^^^^^^^^^^^^^^^^
/home/zeus/miniconda3/envs/cloudspace/lib/python3.12/site-packages/transformers/generation/utils.py:53: in <module>
    from .candidate_generator import (
/home/zeus/miniconda3/envs/cloudspace/lib/python3.12/site-packages/transformers/generation/candidate_generator.py:31: in <module>
    from sklearn.metrics import roc_curve
/home/zeus/miniconda3/envs/cloudspace/lib/python3.12/site-packages/sklearn/__init__.py:83: in <module>
    from .base import clone
/home/zeus/miniconda3/envs/cloudspace/lib/python3.12/site-packages/sklearn/base.py:19: in <module>
    from .utils import _IS_32BIT
/home/zeus/miniconda3/envs/cloudspace/lib/python3.12/site-packages/sklearn/utils/__init__.py:27: in <module>
    from .murmurhash import murmurhash3_32
_ _ _ _ _ _ _ _ _ _ _ _ _ _ _ _ _ _ _ _ _ _ _ _ _ _ _ _ _ _ _ _ _ _ _ _ _ _ _ _ 

>   ???
E   ValueError: numpy.dtype size changed, may indicate binary incompatibility. Expected 96 from C header, got 88 from PyObject

sklearn/utils/murmurhash.pyx:1: ValueError

The above exception was the direct cause of the following exception:

    @pytest.fixture(scope="module")
    def sd():
>       return SDWrapper(TINY)
               ^^^^^^^^^^^^^^^

tests/test_pipeline.py:43: 
_ _ _ _ _ _ _ _ _ _ _ _ _ _ _ _ _ _ _ _ _ _ _ _ _ _ _ _ _ _ _ _ _ _ _ _ _ _ _ _ 
src/models/sd.py:30: in __init__
    from diffusers import StableDiffusionPipeline
<frozen importlib._bootstrap>:1412: in _handle_fromlist
    ???
/home/zeus/miniconda3/envs/cloudspace/lib/python3.12/site-packages/diffusers/utils/import_utils.py:1043: in __getattr__
    value = getattr(module, name)
            ^^^^^^^^^^^^^^^^^^^^^
/home/zeus/miniconda3/envs/cloudspace/lib/python3.12/site-packages/diffusers/utils/import_utils.py:1043: in __getattr__
    value = getattr(module, name)
            ^^^^^^^^^^^^^^^^^^^^^
/home/zeus/miniconda3/envs/cloudspace/lib/python3.12/site-packages/diffusers/utils/import_utils.py:1042: in __getattr__
    module = self._get_module(self._class_to_module[name])
             ^^^^^^^^^^^^^^^^^^^^^^^^^^^^^^^^^^^^^^^^^^^^^
_ _ _ _ _ _ _ _ _ _ _ _ _ _ _ _ _ _ _ _ _ _ _ _ _ _ _ _ _ _ _ _ _ _ _ _ _ _ _ _ 

self = <module 'diffusers.pipelines.stable_diffusion' from '/home/zeus/miniconda3/envs/cloudspace/lib/python3.12/site-packages/diffusers/pipelines/stable_diffusion/__init__.py'>
module_name = 'pipeline_stable_diffusion'

    def _get_module(self, module_name: str):
        try:
            return importlib.import_module("." + module_name, self.__name__)
        except Exception as e:
>           raise RuntimeError(
                f"Failed to import {self.__name__}.{module_name} because of the following error (look up to see its"
                f" traceback):\n{e}"
            ) from e
E           RuntimeError: Failed to import diffusers.pipelines.stable_diffusion.pipeline_stable_diffusion because of the following error (look up to see its traceback):
E           numpy.dtype size changed, may indicate binary incompatibility. Expected 96 from C header, got 88 from PyObject

/home/zeus/miniconda3/envs/cloudspace/lib/python3.12/site-packages/diffusers/utils/import_utils.py:1054: RuntimeError
______________________ ERROR at setup of test_hook移除後不再累積 ______________________

self = <module 'diffusers.pipelines.stable_diffusion' from '/home/zeus/miniconda3/envs/cloudspace/lib/python3.12/site-packages/diffusers/pipelines/stable_diffusion/__init__.py'>
module_name = 'pipeline_stable_diffusion'

    def _get_module(self, module_name: str):
        try:
>           return importlib.import_module("." + module_name, self.__name__)
                   ^^^^^^^^^^^^^^^^^^^^^^^^^^^^^^^^^^^^^^^^^^^^^^^^^^^^^^^^^

/home/zeus/miniconda3/envs/cloudspace/lib/python3.12/site-packages/diffusers/utils/import_utils.py:1052: 
_ _ _ _ _ _ _ _ _ _ _ _ _ _ _ _ _ _ _ _ _ _ _ _ _ _ _ _ _ _ _ _ _ _ _ _ _ _ _ _ 
/home/zeus/miniconda3/envs/cloudspace/lib/python3.12/importlib/__init__.py:90: in import_module
    return _bootstrap._gcd_import(name[level:], package, level)
           ^^^^^^^^^^^^^^^^^^^^^^^^^^^^^^^^^^^^^^^^^^^^^^^^^^^^
/home/zeus/miniconda3/envs/cloudspace/lib/python3.12/site-packages/diffusers/pipelines/stable_diffusion/pipeline_stable_diffusion.py:19: in <module>
    from transformers import CLIPImageProcessor, CLIPTextModel, CLIPTokenizer, CLIPVisionModelWithProjection
/home/zeus/miniconda3/envs/cloudspace/lib/python3.12/site-packages/transformers/utils/import_utils.py:2342: in __getattr__
    module = self._get_module(self._class_to_module[name])
             ^^^^^^^^^^^^^^^^^^^^^^^^^^^^^^^^^^^^^^^^^^^^^
/home/zeus/miniconda3/envs/cloudspace/lib/python3.12/site-packages/transformers/utils/import_utils.py:2576: in _get_module
    raise e
/home/zeus/miniconda3/envs/cloudspace/lib/python3.12/site-packages/transformers/utils/import_utils.py:2574: in _get_module
    return importlib.import_module("." + module_name, self.__name__)
           ^^^^^^^^^^^^^^^^^^^^^^^^^^^^^^^^^^^^^^^^^^^^^^^^^^^^^^^^^
/home/zeus/miniconda3/envs/cloudspace/lib/python3.12/importlib/__init__.py:90: in import_module
    return _bootstrap._gcd_import(name[level:], package, level)
           ^^^^^^^^^^^^^^^^^^^^^^^^^^^^^^^^^^^^^^^^^^^^^^^^^^^^
/home/zeus/miniconda3/envs/cloudspace/lib/python3.12/site-packages/transformers/models/clip/image_processing_clip.py:22: in <module>
    @auto_docstring
     ^^^^^^^^^^^^^^
/home/zeus/miniconda3/envs/cloudspace/lib/python3.12/site-packages/transformers/utils/auto_docstring.py:4536: in auto_docstring
    return auto_docstring_decorator(obj)
           ^^^^^^^^^^^^^^^^^^^^^^^^^^^^^
/home/zeus/miniconda3/envs/cloudspace/lib/python3.12/site-packages/transformers/utils/auto_docstring.py:4533: in auto_docstring_decorator
    return auto_class_docstring(obj, custom_args=custom_args, custom_intro=custom_intro, checkpoint=checkpoint)
           ^^^^^^^^^^^^^^^^^^^^^^^^^^^^^^^^^^^^^^^^^^^^^^^^^^^^^^^^^^^^^^^^^^^^^^^^^^^^^^^^^^^^^^^^^^^^^^^^^^^^
/home/zeus/miniconda3/envs/cloudspace/lib/python3.12/site-packages/transformers/utils/auto_docstring.py:4279: in auto_class_docstring
    getattr(auto_module, PLACEHOLDER_TO_AUTO_MODULE["model_class"][0]),
    ^^^^^^^^^^^^^^^^^^^^^^^^^^^^^^^^^^^^^^^^^^^^^^^^^^^^^^^^^^^^^^^^^^
/home/zeus/miniconda3/envs/cloudspace/lib/python3.12/site-packages/transformers/utils/import_utils.py:2436: in __getattr__
    value = self._get_module(name)
            ^^^^^^^^^^^^^^^^^^^^^^
/home/zeus/miniconda3/envs/cloudspace/lib/python3.12/site-packages/transformers/utils/import_utils.py:2576: in _get_module
    raise e
/home/zeus/miniconda3/envs/cloudspace/lib/python3.12/site-packages/transformers/utils/import_utils.py:2574: in _get_module
    return importlib.import_module("." + module_name, self.__name__)
           ^^^^^^^^^^^^^^^^^^^^^^^^^^^^^^^^^^^^^^^^^^^^^^^^^^^^^^^^^
/home/zeus/miniconda3/envs/cloudspace/lib/python3.12/importlib/__init__.py:90: in import_module
    return _bootstrap._gcd_import(name[level:], package, level)
           ^^^^^^^^^^^^^^^^^^^^^^^^^^^^^^^^^^^^^^^^^^^^^^^^^^^^
/home/zeus/miniconda3/envs/cloudspace/lib/python3.12/site-packages/transformers/models/auto/modeling_auto.py:21: in <module>
    from .auto_factory import (
/home/zeus/miniconda3/envs/cloudspace/lib/python3.12/site-packages/transformers/models/auto/auto_factory.py:42: in <module>
    from ...generation import GenerationMixin
/home/zeus/miniconda3/envs/cloudspace/lib/python3.12/site-packages/transformers/utils/import_utils.py:2342: in __getattr__
    module = self._get_module(self._class_to_module[name])
             ^^^^^^^^^^^^^^^^^^^^^^^^^^^^^^^^^^^^^^^^^^^^^
/home/zeus/miniconda3/envs/cloudspace/lib/python3.12/site-packages/transformers/utils/import_utils.py:2576: in _get_module
    raise e
/home/zeus/miniconda3/envs/cloudspace/lib/python3.12/site-packages/transformers/utils/import_utils.py:2574: in _get_module
    return importlib.import_module("." + module_name, self.__name__)
           ^^^^^^^^^^^^^^^^^^^^^^^^^^^^^^^^^^^^^^^^^^^^^^^^^^^^^^^^^
/home/zeus/miniconda3/envs/cloudspace/lib/python3.12/importlib/__init__.py:90: in import_module
    return _bootstrap._gcd_import(name[level:], package, level)
           ^^^^^^^^^^^^^^^^^^^^^^^^^^^^^^^^^^^^^^^^^^^^^^^^^^^^
/home/zeus/miniconda3/envs/cloudspace/lib/python3.12/site-packages/transformers/generation/utils.py:53: in <module>
    from .candidate_generator import (
/home/zeus/miniconda3/envs/cloudspace/lib/python3.12/site-packages/transformers/generation/candidate_generator.py:31: in <module>
    from sklearn.metrics import roc_curve
/home/zeus/miniconda3/envs/cloudspace/lib/python3.12/site-packages/sklearn/__init__.py:83: in <module>
    from .base import clone
/home/zeus/miniconda3/envs/cloudspace/lib/python3.12/site-packages/sklearn/base.py:19: in <module>
    from .utils import _IS_32BIT
/home/zeus/miniconda3/envs/cloudspace/lib/python3.12/site-packages/sklearn/utils/__init__.py:27: in <module>
    from .murmurhash import murmurhash3_32
_ _ _ _ _ _ _ _ _ _ _ _ _ _ _ _ _ _ _ _ _ _ _ _ _ _ _ _ _ _ _ _ _ _ _ _ _ _ _ _ 

>   ???
E   ValueError: numpy.dtype size changed, may indicate binary incompatibility. Expected 96 from C header, got 88 from PyObject

sklearn/utils/murmurhash.pyx:1: ValueError

The above exception was the direct cause of the following exception:

    @pytest.fixture(scope="module")
    def sd():
>       return SDWrapper(TINY)
               ^^^^^^^^^^^^^^^

tests/test_pipeline.py:43: 
_ _ _ _ _ _ _ _ _ _ _ _ _ _ _ _ _ _ _ _ _ _ _ _ _ _ _ _ _ _ _ _ _ _ _ _ _ _ _ _ 
src/models/sd.py:30: in __init__
    from diffusers import StableDiffusionPipeline
<frozen importlib._bootstrap>:1412: in _handle_fromlist
    ???
/home/zeus/miniconda3/envs/cloudspace/lib/python3.12/site-packages/diffusers/utils/import_utils.py:1043: in __getattr__
    value = getattr(module, name)
            ^^^^^^^^^^^^^^^^^^^^^
/home/zeus/miniconda3/envs/cloudspace/lib/python3.12/site-packages/diffusers/utils/import_utils.py:1043: in __getattr__
    value = getattr(module, name)
            ^^^^^^^^^^^^^^^^^^^^^
/home/zeus/miniconda3/envs/cloudspace/lib/python3.12/site-packages/diffusers/utils/import_utils.py:1042: in __getattr__
    module = self._get_module(self._class_to_module[name])
             ^^^^^^^^^^^^^^^^^^^^^^^^^^^^^^^^^^^^^^^^^^^^^
_ _ _ _ _ _ _ _ _ _ _ _ _ _ _ _ _ _ _ _ _ _ _ _ _ _ _ _ _ _ _ _ _ _ _ _ _ _ _ _ 

self = <module 'diffusers.pipelines.stable_diffusion' from '/home/zeus/miniconda3/envs/cloudspace/lib/python3.12/site-packages/diffusers/pipelines/stable_diffusion/__init__.py'>
module_name = 'pipeline_stable_diffusion'

    def _get_module(self, module_name: str):
        try:
            return importlib.import_module("." + module_name, self.__name__)
        except Exception as e:
>           raise RuntimeError(
                f"Failed to import {self.__name__}.{module_name} because of the following error (look up to see its"
                f" traceback):\n{e}"
            ) from e
E           RuntimeError: Failed to import diffusers.pipelines.stable_diffusion.pipeline_stable_diffusion because of the following error (look up to see its traceback):
E           numpy.dtype size changed, may indicate binary incompatibility. Expected 96 from C header, got 88 from PyObject

/home/zeus/miniconda3/envs/cloudspace/lib/python3.12/site-packages/diffusers/utils/import_utils.py:1054: RuntimeError
__________________ ERROR at setup of test_內容token區間排除BOS與EOS ___________________

self = <module 'diffusers.pipelines.stable_diffusion' from '/home/zeus/miniconda3/envs/cloudspace/lib/python3.12/site-packages/diffusers/pipelines/stable_diffusion/__init__.py'>
module_name = 'pipeline_stable_diffusion'

    def _get_module(self, module_name: str):
        try:
>           return importlib.import_module("." + module_name, self.__name__)
                   ^^^^^^^^^^^^^^^^^^^^^^^^^^^^^^^^^^^^^^^^^^^^^^^^^^^^^^^^^

/home/zeus/miniconda3/envs/cloudspace/lib/python3.12/site-packages/diffusers/utils/import_utils.py:1052: 
_ _ _ _ _ _ _ _ _ _ _ _ _ _ _ _ _ _ _ _ _ _ _ _ _ _ _ _ _ _ _ _ _ _ _ _ _ _ _ _ 
/home/zeus/miniconda3/envs/cloudspace/lib/python3.12/importlib/__init__.py:90: in import_module
    return _bootstrap._gcd_import(name[level:], package, level)
           ^^^^^^^^^^^^^^^^^^^^^^^^^^^^^^^^^^^^^^^^^^^^^^^^^^^^
/home/zeus/miniconda3/envs/cloudspace/lib/python3.12/site-packages/diffusers/pipelines/stable_diffusion/pipeline_stable_diffusion.py:19: in <module>
    from transformers import CLIPImageProcessor, CLIPTextModel, CLIPTokenizer, CLIPVisionModelWithProjection
/home/zeus/miniconda3/envs/cloudspace/lib/python3.12/site-packages/transformers/utils/import_utils.py:2342: in __getattr__
    module = self._get_module(self._class_to_module[name])
             ^^^^^^^^^^^^^^^^^^^^^^^^^^^^^^^^^^^^^^^^^^^^^
/home/zeus/miniconda3/envs/cloudspace/lib/python3.12/site-packages/transformers/utils/import_utils.py:2576: in _get_module
    raise e
/home/zeus/miniconda3/envs/cloudspace/lib/python3.12/site-packages/transformers/utils/import_utils.py:2574: in _get_module
    return importlib.import_module("." + module_name, self.__name__)
           ^^^^^^^^^^^^^^^^^^^^^^^^^^^^^^^^^^^^^^^^^^^^^^^^^^^^^^^^^
/home/zeus/miniconda3/envs/cloudspace/lib/python3.12/importlib/__init__.py:90: in import_module
    return _bootstrap._gcd_import(name[level:], package, level)
           ^^^^^^^^^^^^^^^^^^^^^^^^^^^^^^^^^^^^^^^^^^^^^^^^^^^^
/home/zeus/miniconda3/envs/cloudspace/lib/python3.12/site-packages/transformers/models/clip/image_processing_clip.py:22: in <module>
    @auto_docstring
     ^^^^^^^^^^^^^^
/home/zeus/miniconda3/envs/cloudspace/lib/python3.12/site-packages/transformers/utils/auto_docstring.py:4536: in auto_docstring
    return auto_docstring_decorator(obj)
           ^^^^^^^^^^^^^^^^^^^^^^^^^^^^^
/home/zeus/miniconda3/envs/cloudspace/lib/python3.12/site-packages/transformers/utils/auto_docstring.py:4533: in auto_docstring_decorator
    return auto_class_docstring(obj, custom_args=custom_args, custom_intro=custom_intro, checkpoint=checkpoint)
           ^^^^^^^^^^^^^^^^^^^^^^^^^^^^^^^^^^^^^^^^^^^^^^^^^^^^^^^^^^^^^^^^^^^^^^^^^^^^^^^^^^^^^^^^^^^^^^^^^^^^
/home/zeus/miniconda3/envs/cloudspace/lib/python3.12/site-packages/transformers/utils/auto_docstring.py:4279: in auto_class_docstring
    getattr(auto_module, PLACEHOLDER_TO_AUTO_MODULE["model_class"][0]),
    ^^^^^^^^^^^^^^^^^^^^^^^^^^^^^^^^^^^^^^^^^^^^^^^^^^^^^^^^^^^^^^^^^^
/home/zeus/miniconda3/envs/cloudspace/lib/python3.12/site-packages/transformers/utils/import_utils.py:2436: in __getattr__
    value = self._get_module(name)
            ^^^^^^^^^^^^^^^^^^^^^^
/home/zeus/miniconda3/envs/cloudspace/lib/python3.12/site-packages/transformers/utils/import_utils.py:2576: in _get_module
    raise e
/home/zeus/miniconda3/envs/cloudspace/lib/python3.12/site-packages/transformers/utils/import_utils.py:2574: in _get_module
    return importlib.import_module("." + module_name, self.__name__)
           ^^^^^^^^^^^^^^^^^^^^^^^^^^^^^^^^^^^^^^^^^^^^^^^^^^^^^^^^^
/home/zeus/miniconda3/envs/cloudspace/lib/python3.12/importlib/__init__.py:90: in import_module
    return _bootstrap._gcd_import(name[level:], package, level)
           ^^^^^^^^^^^^^^^^^^^^^^^^^^^^^^^^^^^^^^^^^^^^^^^^^^^^
/home/zeus/miniconda3/envs/cloudspace/lib/python3.12/site-packages/transformers/models/auto/modeling_auto.py:21: in <module>
    from .auto_factory import (
/home/zeus/miniconda3/envs/cloudspace/lib/python3.12/site-packages/transformers/models/auto/auto_factory.py:42: in <module>
    from ...generation import GenerationMixin
/home/zeus/miniconda3/envs/cloudspace/lib/python3.12/site-packages/transformers/utils/import_utils.py:2342: in __getattr__
    module = self._get_module(self._class_to_module[name])
             ^^^^^^^^^^^^^^^^^^^^^^^^^^^^^^^^^^^^^^^^^^^^^
/home/zeus/miniconda3/envs/cloudspace/lib/python3.12/site-packages/transformers/utils/import_utils.py:2576: in _get_module
    raise e
/home/zeus/miniconda3/envs/cloudspace/lib/python3.12/site-packages/transformers/utils/import_utils.py:2574: in _get_module
    return importlib.import_module("." + module_name, self.__name__)
           ^^^^^^^^^^^^^^^^^^^^^^^^^^^^^^^^^^^^^^^^^^^^^^^^^^^^^^^^^
/home/zeus/miniconda3/envs/cloudspace/lib/python3.12/importlib/__init__.py:90: in import_module
    return _bootstrap._gcd_import(name[level:], package, level)
           ^^^^^^^^^^^^^^^^^^^^^^^^^^^^^^^^^^^^^^^^^^^^^^^^^^^^
/home/zeus/miniconda3/envs/cloudspace/lib/python3.12/site-packages/transformers/generation/utils.py:53: in <module>
    from .candidate_generator import (
/home/zeus/miniconda3/envs/cloudspace/lib/python3.12/site-packages/transformers/generation/candidate_generator.py:31: in <module>
    from sklearn.metrics import roc_curve
/home/zeus/miniconda3/envs/cloudspace/lib/python3.12/site-packages/sklearn/__init__.py:83: in <module>
    from .base import clone
/home/zeus/miniconda3/envs/cloudspace/lib/python3.12/site-packages/sklearn/base.py:19: in <module>
    from .utils import _IS_32BIT
/home/zeus/miniconda3/envs/cloudspace/lib/python3.12/site-packages/sklearn/utils/__init__.py:27: in <module>
    from .murmurhash import murmurhash3_32
_ _ _ _ _ _ _ _ _ _ _ _ _ _ _ _ _ _ _ _ _ _ _ _ _ _ _ _ _ _ _ _ _ _ _ _ _ _ _ _ 

>   ???
E   ValueError: numpy.dtype size changed, may indicate binary incompatibility. Expected 96 from C header, got 88 from PyObject

sklearn/utils/murmurhash.pyx:1: ValueError

The above exception was the direct cause of the following exception:

    @pytest.fixture(scope="module")
    def sd():
>       return SDWrapper(TINY)
               ^^^^^^^^^^^^^^^

tests/test_pipeline.py:43: 
_ _ _ _ _ _ _ _ _ _ _ _ _ _ _ _ _ _ _ _ _ _ _ _ _ _ _ _ _ _ _ _ _ _ _ _ _ _ _ _ 
src/models/sd.py:30: in __init__
    from diffusers import StableDiffusionPipeline
<frozen importlib._bootstrap>:1412: in _handle_fromlist
    ???
/home/zeus/miniconda3/envs/cloudspace/lib/python3.12/site-packages/diffusers/utils/import_utils.py:1043: in __getattr__
    value = getattr(module, name)
            ^^^^^^^^^^^^^^^^^^^^^
/home/zeus/miniconda3/envs/cloudspace/lib/python3.12/site-packages/diffusers/utils/import_utils.py:1043: in __getattr__
    value = getattr(module, name)
            ^^^^^^^^^^^^^^^^^^^^^
/home/zeus/miniconda3/envs/cloudspace/lib/python3.12/site-packages/diffusers/utils/import_utils.py:1042: in __getattr__
    module = self._get_module(self._class_to_module[name])
             ^^^^^^^^^^^^^^^^^^^^^^^^^^^^^^^^^^^^^^^^^^^^^
_ _ _ _ _ _ _ _ _ _ _ _ _ _ _ _ _ _ _ _ _ _ _ _ _ _ _ _ _ _ _ _ _ _ _ _ _ _ _ _ 

self = <module 'diffusers.pipelines.stable_diffusion' from '/home/zeus/miniconda3/envs/cloudspace/lib/python3.12/site-packages/diffusers/pipelines/stable_diffusion/__init__.py'>
module_name = 'pipeline_stable_diffusion'

    def _get_module(self, module_name: str):
        try:
            return importlib.import_module("." + module_name, self.__name__)
        except Exception as e:
>           raise RuntimeError(
                f"Failed to import {self.__name__}.{module_name} because of the following error (look up to see its"
                f" traceback):\n{e}"
            ) from e
E           RuntimeError: Failed to import diffusers.pipelines.stable_diffusion.pipeline_stable_diffusion because of the following error (look up to see its traceback):
E           numpy.dtype size changed, may indicate binary incompatibility. Expected 96 from C header, got 88 from PyObject

/home/zeus/miniconda3/envs/cloudspace/lib/python3.12/site-packages/diffusers/utils/import_utils.py:1054: RuntimeError
___________________ ERROR at setup of test_散度對相同分佈為零對不同分佈為正 ____________________

self = <module 'diffusers.pipelines.stable_diffusion' from '/home/zeus/miniconda3/envs/cloudspace/lib/python3.12/site-packages/diffusers/pipelines/stable_diffusion/__init__.py'>
module_name = 'pipeline_stable_diffusion'

    def _get_module(self, module_name: str):
        try:
>           return importlib.import_module("." + module_name, self.__name__)
                   ^^^^^^^^^^^^^^^^^^^^^^^^^^^^^^^^^^^^^^^^^^^^^^^^^^^^^^^^^

/home/zeus/miniconda3/envs/cloudspace/lib/python3.12/site-packages/diffusers/utils/import_utils.py:1052: 
_ _ _ _ _ _ _ _ _ _ _ _ _ _ _ _ _ _ _ _ _ _ _ _ _ _ _ _ _ _ _ _ _ _ _ _ _ _ _ _ 
/home/zeus/miniconda3/envs/cloudspace/lib/python3.12/importlib/__init__.py:90: in import_module
    return _bootstrap._gcd_import(name[level:], package, level)
           ^^^^^^^^^^^^^^^^^^^^^^^^^^^^^^^^^^^^^^^^^^^^^^^^^^^^
/home/zeus/miniconda3/envs/cloudspace/lib/python3.12/site-packages/diffusers/pipelines/stable_diffusion/pipeline_stable_diffusion.py:19: in <module>
    from transformers import CLIPImageProcessor, CLIPTextModel, CLIPTokenizer, CLIPVisionModelWithProjection
/home/zeus/miniconda3/envs/cloudspace/lib/python3.12/site-packages/transformers/utils/import_utils.py:2342: in __getattr__
    module = self._get_module(self._class_to_module[name])
             ^^^^^^^^^^^^^^^^^^^^^^^^^^^^^^^^^^^^^^^^^^^^^
/home/zeus/miniconda3/envs/cloudspace/lib/python3.12/site-packages/transformers/utils/import_utils.py:2576: in _get_module
    raise e
/home/zeus/miniconda3/envs/cloudspace/lib/python3.12/site-packages/transformers/utils/import_utils.py:2574: in _get_module
    return importlib.import_module("." + module_name, self.__name__)
           ^^^^^^^^^^^^^^^^^^^^^^^^^^^^^^^^^^^^^^^^^^^^^^^^^^^^^^^^^
/home/zeus/miniconda3/envs/cloudspace/lib/python3.12/importlib/__init__.py:90: in import_module
    return _bootstrap._gcd_import(name[level:], package, level)
           ^^^^^^^^^^^^^^^^^^^^^^^^^^^^^^^^^^^^^^^^^^^^^^^^^^^^
/home/zeus/miniconda3/envs/cloudspace/lib/python3.12/site-packages/transformers/models/clip/image_processing_clip.py:22: in <module>
    @auto_docstring
     ^^^^^^^^^^^^^^
/home/zeus/miniconda3/envs/cloudspace/lib/python3.12/site-packages/transformers/utils/auto_docstring.py:4536: in auto_docstring
    return auto_docstring_decorator(obj)
           ^^^^^^^^^^^^^^^^^^^^^^^^^^^^^
/home/zeus/miniconda3/envs/cloudspace/lib/python3.12/site-packages/transformers/utils/auto_docstring.py:4533: in auto_docstring_decorator
    return auto_class_docstring(obj, custom_args=custom_args, custom_intro=custom_intro, checkpoint=checkpoint)
           ^^^^^^^^^^^^^^^^^^^^^^^^^^^^^^^^^^^^^^^^^^^^^^^^^^^^^^^^^^^^^^^^^^^^^^^^^^^^^^^^^^^^^^^^^^^^^^^^^^^^
/home/zeus/miniconda3/envs/cloudspace/lib/python3.12/site-packages/transformers/utils/auto_docstring.py:4279: in auto_class_docstring
    getattr(auto_module, PLACEHOLDER_TO_AUTO_MODULE["model_class"][0]),
    ^^^^^^^^^^^^^^^^^^^^^^^^^^^^^^^^^^^^^^^^^^^^^^^^^^^^^^^^^^^^^^^^^^
/home/zeus/miniconda3/envs/cloudspace/lib/python3.12/site-packages/transformers/utils/import_utils.py:2436: in __getattr__
    value = self._get_module(name)
            ^^^^^^^^^^^^^^^^^^^^^^
/home/zeus/miniconda3/envs/cloudspace/lib/python3.12/site-packages/transformers/utils/import_utils.py:2576: in _get_module
    raise e
/home/zeus/miniconda3/envs/cloudspace/lib/python3.12/site-packages/transformers/utils/import_utils.py:2574: in _get_module
    return importlib.import_module("." + module_name, self.__name__)
           ^^^^^^^^^^^^^^^^^^^^^^^^^^^^^^^^^^^^^^^^^^^^^^^^^^^^^^^^^
/home/zeus/miniconda3/envs/cloudspace/lib/python3.12/importlib/__init__.py:90: in import_module
    return _bootstrap._gcd_import(name[level:], package, level)
           ^^^^^^^^^^^^^^^^^^^^^^^^^^^^^^^^^^^^^^^^^^^^^^^^^^^^
/home/zeus/miniconda3/envs/cloudspace/lib/python3.12/site-packages/transformers/models/auto/modeling_auto.py:21: in <module>
    from .auto_factory import (
/home/zeus/miniconda3/envs/cloudspace/lib/python3.12/site-packages/transformers/models/auto/auto_factory.py:42: in <module>
    from ...generation import GenerationMixin
/home/zeus/miniconda3/envs/cloudspace/lib/python3.12/site-packages/transformers/utils/import_utils.py:2342: in __getattr__
    module = self._get_module(self._class_to_module[name])
             ^^^^^^^^^^^^^^^^^^^^^^^^^^^^^^^^^^^^^^^^^^^^^
/home/zeus/miniconda3/envs/cloudspace/lib/python3.12/site-packages/transformers/utils/import_utils.py:2576: in _get_module
    raise e
/home/zeus/miniconda3/envs/cloudspace/lib/python3.12/site-packages/transformers/utils/import_utils.py:2574: in _get_module
    return importlib.import_module("." + module_name, self.__name__)
           ^^^^^^^^^^^^^^^^^^^^^^^^^^^^^^^^^^^^^^^^^^^^^^^^^^^^^^^^^
/home/zeus/miniconda3/envs/cloudspace/lib/python3.12/importlib/__init__.py:90: in import_module
    return _bootstrap._gcd_import(name[level:], package, level)
           ^^^^^^^^^^^^^^^^^^^^^^^^^^^^^^^^^^^^^^^^^^^^^^^^^^^^
/home/zeus/miniconda3/envs/cloudspace/lib/python3.12/site-packages/transformers/generation/utils.py:53: in <module>
    from .candidate_generator import (
/home/zeus/miniconda3/envs/cloudspace/lib/python3.12/site-packages/transformers/generation/candidate_generator.py:31: in <module>
    from sklearn.metrics import roc_curve
/home/zeus/miniconda3/envs/cloudspace/lib/python3.12/site-packages/sklearn/__init__.py:83: in <module>
    from .base import clone
/home/zeus/miniconda3/envs/cloudspace/lib/python3.12/site-packages/sklearn/base.py:19: in <module>
    from .utils import _IS_32BIT
/home/zeus/miniconda3/envs/cloudspace/lib/python3.12/site-packages/sklearn/utils/__init__.py:27: in <module>
    from .murmurhash import murmurhash3_32
_ _ _ _ _ _ _ _ _ _ _ _ _ _ _ _ _ _ _ _ _ _ _ _ _ _ _ _ _ _ _ _ _ _ _ _ _ _ _ _ 

>   ???
E   ValueError: numpy.dtype size changed, may indicate binary incompatibility. Expected 96 from C header, got 88 from PyObject

sklearn/utils/murmurhash.pyx:1: ValueError

The above exception was the direct cause of the following exception:

    @pytest.fixture(scope="module")
    def sd():
>       return SDWrapper(TINY)
               ^^^^^^^^^^^^^^^

tests/test_pipeline.py:43: 
_ _ _ _ _ _ _ _ _ _ _ _ _ _ _ _ _ _ _ _ _ _ _ _ _ _ _ _ _ _ _ _ _ _ _ _ _ _ _ _ 
src/models/sd.py:30: in __init__
    from diffusers import StableDiffusionPipeline
<frozen importlib._bootstrap>:1412: in _handle_fromlist
    ???
/home/zeus/miniconda3/envs/cloudspace/lib/python3.12/site-packages/diffusers/utils/import_utils.py:1043: in __getattr__
    value = getattr(module, name)
            ^^^^^^^^^^^^^^^^^^^^^
/home/zeus/miniconda3/envs/cloudspace/lib/python3.12/site-packages/diffusers/utils/import_utils.py:1043: in __getattr__
    value = getattr(module, name)
            ^^^^^^^^^^^^^^^^^^^^^
/home/zeus/miniconda3/envs/cloudspace/lib/python3.12/site-packages/diffusers/utils/import_utils.py:1042: in __getattr__
    module = self._get_module(self._class_to_module[name])
             ^^^^^^^^^^^^^^^^^^^^^^^^^^^^^^^^^^^^^^^^^^^^^
_ _ _ _ _ _ _ _ _ _ _ _ _ _ _ _ _ _ _ _ _ _ _ _ _ _ _ _ _ _ _ _ _ _ _ _ _ _ _ _ 

self = <module 'diffusers.pipelines.stable_diffusion' from '/home/zeus/miniconda3/envs/cloudspace/lib/python3.12/site-packages/diffusers/pipelines/stable_diffusion/__init__.py'>
module_name = 'pipeline_stable_diffusion'

    def _get_module(self, module_name: str):
        try:
            return importlib.import_module("." + module_name, self.__name__)
        except Exception as e:
>           raise RuntimeError(
                f"Failed to import {self.__name__}.{module_name} because of the following error (look up to see its"
                f" traceback):\n{e}"
            ) from e
E           RuntimeError: Failed to import diffusers.pipelines.stable_diffusion.pipeline_stable_diffusion because of the following error (look up to see its traceback):
E           numpy.dtype size changed, may indicate binary incompatibility. Expected 96 from C header, got 88 from PyObject

/home/zeus/miniconda3/envs/cloudspace/lib/python3.12/site-packages/diffusers/utils/import_utils.py:1054: RuntimeError
____________________ ERROR at setup of test_層數不同時報錯而非安靜取前幾層 ____________________

self = <module 'diffusers.pipelines.stable_diffusion' from '/home/zeus/miniconda3/envs/cloudspace/lib/python3.12/site-packages/diffusers/pipelines/stable_diffusion/__init__.py'>
module_name = 'pipeline_stable_diffusion'

    def _get_module(self, module_name: str):
        try:
>           return importlib.import_module("." + module_name, self.__name__)
                   ^^^^^^^^^^^^^^^^^^^^^^^^^^^^^^^^^^^^^^^^^^^^^^^^^^^^^^^^^

/home/zeus/miniconda3/envs/cloudspace/lib/python3.12/site-packages/diffusers/utils/import_utils.py:1052: 
_ _ _ _ _ _ _ _ _ _ _ _ _ _ _ _ _ _ _ _ _ _ _ _ _ _ _ _ _ _ _ _ _ _ _ _ _ _ _ _ 
/home/zeus/miniconda3/envs/cloudspace/lib/python3.12/importlib/__init__.py:90: in import_module
    return _bootstrap._gcd_import(name[level:], package, level)
           ^^^^^^^^^^^^^^^^^^^^^^^^^^^^^^^^^^^^^^^^^^^^^^^^^^^^
/home/zeus/miniconda3/envs/cloudspace/lib/python3.12/site-packages/diffusers/pipelines/stable_diffusion/pipeline_stable_diffusion.py:19: in <module>
    from transformers import CLIPImageProcessor, CLIPTextModel, CLIPTokenizer, CLIPVisionModelWithProjection
/home/zeus/miniconda3/envs/cloudspace/lib/python3.12/site-packages/transformers/utils/import_utils.py:2342: in __getattr__
    module = self._get_module(self._class_to_module[name])
             ^^^^^^^^^^^^^^^^^^^^^^^^^^^^^^^^^^^^^^^^^^^^^
/home/zeus/miniconda3/envs/cloudspace/lib/python3.12/site-packages/transformers/utils/import_utils.py:2576: in _get_module
    raise e
/home/zeus/miniconda3/envs/cloudspace/lib/python3.12/site-packages/transformers/utils/import_utils.py:2574: in _get_module
    return importlib.import_module("." + module_name, self.__name__)
           ^^^^^^^^^^^^^^^^^^^^^^^^^^^^^^^^^^^^^^^^^^^^^^^^^^^^^^^^^
/home/zeus/miniconda3/envs/cloudspace/lib/python3.12/importlib/__init__.py:90: in import_module
    return _bootstrap._gcd_import(name[level:], package, level)
           ^^^^^^^^^^^^^^^^^^^^^^^^^^^^^^^^^^^^^^^^^^^^^^^^^^^^
/home/zeus/miniconda3/envs/cloudspace/lib/python3.12/site-packages/transformers/models/clip/image_processing_clip.py:22: in <module>
    @auto_docstring
     ^^^^^^^^^^^^^^
/home/zeus/miniconda3/envs/cloudspace/lib/python3.12/site-packages/transformers/utils/auto_docstring.py:4536: in auto_docstring
    return auto_docstring_decorator(obj)
           ^^^^^^^^^^^^^^^^^^^^^^^^^^^^^
/home/zeus/miniconda3/envs/cloudspace/lib/python3.12/site-packages/transformers/utils/auto_docstring.py:4533: in auto_docstring_decorator
    return auto_class_docstring(obj, custom_args=custom_args, custom_intro=custom_intro, checkpoint=checkpoint)
           ^^^^^^^^^^^^^^^^^^^^^^^^^^^^^^^^^^^^^^^^^^^^^^^^^^^^^^^^^^^^^^^^^^^^^^^^^^^^^^^^^^^^^^^^^^^^^^^^^^^^
/home/zeus/miniconda3/envs/cloudspace/lib/python3.12/site-packages/transformers/utils/auto_docstring.py:4279: in auto_class_docstring
    getattr(auto_module, PLACEHOLDER_TO_AUTO_MODULE["model_class"][0]),
    ^^^^^^^^^^^^^^^^^^^^^^^^^^^^^^^^^^^^^^^^^^^^^^^^^^^^^^^^^^^^^^^^^^
/home/zeus/miniconda3/envs/cloudspace/lib/python3.12/site-packages/transformers/utils/import_utils.py:2436: in __getattr__
    value = self._get_module(name)
            ^^^^^^^^^^^^^^^^^^^^^^
/home/zeus/miniconda3/envs/cloudspace/lib/python3.12/site-packages/transformers/utils/import_utils.py:2576: in _get_module
    raise e
/home/zeus/miniconda3/envs/cloudspace/lib/python3.12/site-packages/transformers/utils/import_utils.py:2574: in _get_module
    return importlib.import_module("." + module_name, self.__name__)
           ^^^^^^^^^^^^^^^^^^^^^^^^^^^^^^^^^^^^^^^^^^^^^^^^^^^^^^^^^
/home/zeus/miniconda3/envs/cloudspace/lib/python3.12/importlib/__init__.py:90: in import_module
    return _bootstrap._gcd_import(name[level:], package, level)
           ^^^^^^^^^^^^^^^^^^^^^^^^^^^^^^^^^^^^^^^^^^^^^^^^^^^^
/home/zeus/miniconda3/envs/cloudspace/lib/python3.12/site-packages/transformers/models/auto/modeling_auto.py:21: in <module>
    from .auto_factory import (
/home/zeus/miniconda3/envs/cloudspace/lib/python3.12/site-packages/transformers/models/auto/auto_factory.py:42: in <module>
    from ...generation import GenerationMixin
/home/zeus/miniconda3/envs/cloudspace/lib/python3.12/site-packages/transformers/utils/import_utils.py:2342: in __getattr__
    module = self._get_module(self._class_to_module[name])
             ^^^^^^^^^^^^^^^^^^^^^^^^^^^^^^^^^^^^^^^^^^^^^
/home/zeus/miniconda3/envs/cloudspace/lib/python3.12/site-packages/transformers/utils/import_utils.py:2576: in _get_module
    raise e
/home/zeus/miniconda3/envs/cloudspace/lib/python3.12/site-packages/transformers/utils/import_utils.py:2574: in _get_module
    return importlib.import_module("." + module_name, self.__name__)
           ^^^^^^^^^^^^^^^^^^^^^^^^^^^^^^^^^^^^^^^^^^^^^^^^^^^^^^^^^
/home/zeus/miniconda3/envs/cloudspace/lib/python3.12/importlib/__init__.py:90: in import_module
    return _bootstrap._gcd_import(name[level:], package, level)
           ^^^^^^^^^^^^^^^^^^^^^^^^^^^^^^^^^^^^^^^^^^^^^^^^^^^^
/home/zeus/miniconda3/envs/cloudspace/lib/python3.12/site-packages/transformers/generation/utils.py:53: in <module>
    from .candidate_generator import (
/home/zeus/miniconda3/envs/cloudspace/lib/python3.12/site-packages/transformers/generation/candidate_generator.py:31: in <module>
    from sklearn.metrics import roc_curve
/home/zeus/miniconda3/envs/cloudspace/lib/python3.12/site-packages/sklearn/__init__.py:83: in <module>
    from .base import clone
/home/zeus/miniconda3/envs/cloudspace/lib/python3.12/site-packages/sklearn/base.py:19: in <module>
    from .utils import _IS_32BIT
/home/zeus/miniconda3/envs/cloudspace/lib/python3.12/site-packages/sklearn/utils/__init__.py:27: in <module>
    from .murmurhash import murmurhash3_32
_ _ _ _ _ _ _ _ _ _ _ _ _ _ _ _ _ _ _ _ _ _ _ _ _ _ _ _ _ _ _ _ _ _ _ _ _ _ _ _ 

>   ???
E   ValueError: numpy.dtype size changed, may indicate binary incompatibility. Expected 96 from C header, got 88 from PyObject

sklearn/utils/murmurhash.pyx:1: ValueError

The above exception was the direct cause of the following exception:

    @pytest.fixture(scope="module")
    def sd():
>       return SDWrapper(TINY)
               ^^^^^^^^^^^^^^^

tests/test_pipeline.py:43: 
_ _ _ _ _ _ _ _ _ _ _ _ _ _ _ _ _ _ _ _ _ _ _ _ _ _ _ _ _ _ _ _ _ _ _ _ _ _ _ _ 
src/models/sd.py:30: in __init__
    from diffusers import StableDiffusionPipeline
<frozen importlib._bootstrap>:1412: in _handle_fromlist
    ???
/home/zeus/miniconda3/envs/cloudspace/lib/python3.12/site-packages/diffusers/utils/import_utils.py:1043: in __getattr__
    value = getattr(module, name)
            ^^^^^^^^^^^^^^^^^^^^^
/home/zeus/miniconda3/envs/cloudspace/lib/python3.12/site-packages/diffusers/utils/import_utils.py:1043: in __getattr__
    value = getattr(module, name)
            ^^^^^^^^^^^^^^^^^^^^^
/home/zeus/miniconda3/envs/cloudspace/lib/python3.12/site-packages/diffusers/utils/import_utils.py:1042: in __getattr__
    module = self._get_module(self._class_to_module[name])
             ^^^^^^^^^^^^^^^^^^^^^^^^^^^^^^^^^^^^^^^^^^^^^
_ _ _ _ _ _ _ _ _ _ _ _ _ _ _ _ _ _ _ _ _ _ _ _ _ _ _ _ _ _ _ _ _ _ _ _ _ _ _ _ 

self = <module 'diffusers.pipelines.stable_diffusion' from '/home/zeus/miniconda3/envs/cloudspace/lib/python3.12/site-packages/diffusers/pipelines/stable_diffusion/__init__.py'>
module_name = 'pipeline_stable_diffusion'

    def _get_module(self, module_name: str):
        try:
            return importlib.import_module("." + module_name, self.__name__)
        except Exception as e:
>           raise RuntimeError(
                f"Failed to import {self.__name__}.{module_name} because of the following error (look up to see its"
                f" traceback):\n{e}"
            ) from e
E           RuntimeError: Failed to import diffusers.pipelines.stable_diffusion.pipeline_stable_diffusion because of the following error (look up to see its traceback):
E           numpy.dtype size changed, may indicate binary incompatibility. Expected 96 from C header, got 88 from PyObject

/home/zeus/miniconda3/envs/cloudspace/lib/python3.12/site-packages/diffusers/utils/import_utils.py:1054: RuntimeError
_______________________ ERROR at setup of test_均勻分佈的熵最大 ________________________

self = <module 'diffusers.pipelines.stable_diffusion' from '/home/zeus/miniconda3/envs/cloudspace/lib/python3.12/site-packages/diffusers/pipelines/stable_diffusion/__init__.py'>
module_name = 'pipeline_stable_diffusion'

    def _get_module(self, module_name: str):
        try:
>           return importlib.import_module("." + module_name, self.__name__)
                   ^^^^^^^^^^^^^^^^^^^^^^^^^^^^^^^^^^^^^^^^^^^^^^^^^^^^^^^^^

/home/zeus/miniconda3/envs/cloudspace/lib/python3.12/site-packages/diffusers/utils/import_utils.py:1052: 
_ _ _ _ _ _ _ _ _ _ _ _ _ _ _ _ _ _ _ _ _ _ _ _ _ _ _ _ _ _ _ _ _ _ _ _ _ _ _ _ 
/home/zeus/miniconda3/envs/cloudspace/lib/python3.12/importlib/__init__.py:90: in import_module
    return _bootstrap._gcd_import(name[level:], package, level)
           ^^^^^^^^^^^^^^^^^^^^^^^^^^^^^^^^^^^^^^^^^^^^^^^^^^^^
/home/zeus/miniconda3/envs/cloudspace/lib/python3.12/site-packages/diffusers/pipelines/stable_diffusion/pipeline_stable_diffusion.py:19: in <module>
    from transformers import CLIPImageProcessor, CLIPTextModel, CLIPTokenizer, CLIPVisionModelWithProjection
/home/zeus/miniconda3/envs/cloudspace/lib/python3.12/site-packages/transformers/utils/import_utils.py:2342: in __getattr__
    module = self._get_module(self._class_to_module[name])
             ^^^^^^^^^^^^^^^^^^^^^^^^^^^^^^^^^^^^^^^^^^^^^
/home/zeus/miniconda3/envs/cloudspace/lib/python3.12/site-packages/transformers/utils/import_utils.py:2576: in _get_module
    raise e
/home/zeus/miniconda3/envs/cloudspace/lib/python3.12/site-packages/transformers/utils/import_utils.py:2574: in _get_module
    return importlib.import_module("." + module_name, self.__name__)
           ^^^^^^^^^^^^^^^^^^^^^^^^^^^^^^^^^^^^^^^^^^^^^^^^^^^^^^^^^
/home/zeus/miniconda3/envs/cloudspace/lib/python3.12/importlib/__init__.py:90: in import_module
    return _bootstrap._gcd_import(name[level:], package, level)
           ^^^^^^^^^^^^^^^^^^^^^^^^^^^^^^^^^^^^^^^^^^^^^^^^^^^^
/home/zeus/miniconda3/envs/cloudspace/lib/python3.12/site-packages/transformers/models/clip/image_processing_clip.py:22: in <module>
    @auto_docstring
     ^^^^^^^^^^^^^^
/home/zeus/miniconda3/envs/cloudspace/lib/python3.12/site-packages/transformers/utils/auto_docstring.py:4536: in auto_docstring
    return auto_docstring_decorator(obj)
           ^^^^^^^^^^^^^^^^^^^^^^^^^^^^^
/home/zeus/miniconda3/envs/cloudspace/lib/python3.12/site-packages/transformers/utils/auto_docstring.py:4533: in auto_docstring_decorator
    return auto_class_docstring(obj, custom_args=custom_args, custom_intro=custom_intro, checkpoint=checkpoint)
           ^^^^^^^^^^^^^^^^^^^^^^^^^^^^^^^^^^^^^^^^^^^^^^^^^^^^^^^^^^^^^^^^^^^^^^^^^^^^^^^^^^^^^^^^^^^^^^^^^^^^
/home/zeus/miniconda3/envs/cloudspace/lib/python3.12/site-packages/transformers/utils/auto_docstring.py:4279: in auto_class_docstring
    getattr(auto_module, PLACEHOLDER_TO_AUTO_MODULE["model_class"][0]),
    ^^^^^^^^^^^^^^^^^^^^^^^^^^^^^^^^^^^^^^^^^^^^^^^^^^^^^^^^^^^^^^^^^^
/home/zeus/miniconda3/envs/cloudspace/lib/python3.12/site-packages/transformers/utils/import_utils.py:2436: in __getattr__
    value = self._get_module(name)
            ^^^^^^^^^^^^^^^^^^^^^^
/home/zeus/miniconda3/envs/cloudspace/lib/python3.12/site-packages/transformers/utils/import_utils.py:2576: in _get_module
    raise e
/home/zeus/miniconda3/envs/cloudspace/lib/python3.12/site-packages/transformers/utils/import_utils.py:2574: in _get_module
    return importlib.import_module("." + module_name, self.__name__)
           ^^^^^^^^^^^^^^^^^^^^^^^^^^^^^^^^^^^^^^^^^^^^^^^^^^^^^^^^^
/home/zeus/miniconda3/envs/cloudspace/lib/python3.12/importlib/__init__.py:90: in import_module
    return _bootstrap._gcd_import(name[level:], package, level)
           ^^^^^^^^^^^^^^^^^^^^^^^^^^^^^^^^^^^^^^^^^^^^^^^^^^^^
/home/zeus/miniconda3/envs/cloudspace/lib/python3.12/site-packages/transformers/models/auto/modeling_auto.py:21: in <module>
    from .auto_factory import (
/home/zeus/miniconda3/envs/cloudspace/lib/python3.12/site-packages/transformers/models/auto/auto_factory.py:42: in <module>
    from ...generation import GenerationMixin
/home/zeus/miniconda3/envs/cloudspace/lib/python3.12/site-packages/transformers/utils/import_utils.py:2342: in __getattr__
    module = self._get_module(self._class_to_module[name])
             ^^^^^^^^^^^^^^^^^^^^^^^^^^^^^^^^^^^^^^^^^^^^^
/home/zeus/miniconda3/envs/cloudspace/lib/python3.12/site-packages/transformers/utils/import_utils.py:2576: in _get_module
    raise e
/home/zeus/miniconda3/envs/cloudspace/lib/python3.12/site-packages/transformers/utils/import_utils.py:2574: in _get_module
    return importlib.import_module("." + module_name, self.__name__)
           ^^^^^^^^^^^^^^^^^^^^^^^^^^^^^^^^^^^^^^^^^^^^^^^^^^^^^^^^^
/home/zeus/miniconda3/envs/cloudspace/lib/python3.12/importlib/__init__.py:90: in import_module
    return _bootstrap._gcd_import(name[level:], package, level)
           ^^^^^^^^^^^^^^^^^^^^^^^^^^^^^^^^^^^^^^^^^^^^^^^^^^^^
/home/zeus/miniconda3/envs/cloudspace/lib/python3.12/site-packages/transformers/generation/utils.py:53: in <module>
    from .candidate_generator import (
/home/zeus/miniconda3/envs/cloudspace/lib/python3.12/site-packages/transformers/generation/candidate_generator.py:31: in <module>
    from sklearn.metrics import roc_curve
/home/zeus/miniconda3/envs/cloudspace/lib/python3.12/site-packages/sklearn/__init__.py:83: in <module>
    from .base import clone
/home/zeus/miniconda3/envs/cloudspace/lib/python3.12/site-packages/sklearn/base.py:19: in <module>
    from .utils import _IS_32BIT
/home/zeus/miniconda3/envs/cloudspace/lib/python3.12/site-packages/sklearn/utils/__init__.py:27: in <module>
    from .murmurhash import murmurhash3_32
_ _ _ _ _ _ _ _ _ _ _ _ _ _ _ _ _ _ _ _ _ _ _ _ _ _ _ _ _ _ _ _ _ _ _ _ _ _ _ _ 

>   ???
E   ValueError: numpy.dtype size changed, may indicate binary incompatibility. Expected 96 from C header, got 88 from PyObject

sklearn/utils/murmurhash.pyx:1: ValueError

The above exception was the direct cause of the following exception:

    @pytest.fixture(scope="module")
    def sd():
>       return SDWrapper(TINY)
               ^^^^^^^^^^^^^^^

tests/test_pipeline.py:43: 
_ _ _ _ _ _ _ _ _ _ _ _ _ _ _ _ _ _ _ _ _ _ _ _ _ _ _ _ _ _ _ _ _ _ _ _ _ _ _ _ 
src/models/sd.py:30: in __init__
    from diffusers import StableDiffusionPipeline
<frozen importlib._bootstrap>:1412: in _handle_fromlist
    ???
/home/zeus/miniconda3/envs/cloudspace/lib/python3.12/site-packages/diffusers/utils/import_utils.py:1043: in __getattr__
    value = getattr(module, name)
            ^^^^^^^^^^^^^^^^^^^^^
/home/zeus/miniconda3/envs/cloudspace/lib/python3.12/site-packages/diffusers/utils/import_utils.py:1043: in __getattr__
    value = getattr(module, name)
            ^^^^^^^^^^^^^^^^^^^^^
/home/zeus/miniconda3/envs/cloudspace/lib/python3.12/site-packages/diffusers/utils/import_utils.py:1042: in __getattr__
    module = self._get_module(self._class_to_module[name])
             ^^^^^^^^^^^^^^^^^^^^^^^^^^^^^^^^^^^^^^^^^^^^^
_ _ _ _ _ _ _ _ _ _ _ _ _ _ _ _ _ _ _ _ _ _ _ _ _ _ _ _ _ _ _ _ _ _ _ _ _ _ _ _ 

self = <module 'diffusers.pipelines.stable_diffusion' from '/home/zeus/miniconda3/envs/cloudspace/lib/python3.12/site-packages/diffusers/pipelines/stable_diffusion/__init__.py'>
module_name = 'pipeline_stable_diffusion'

    def _get_module(self, module_name: str):
        try:
            return importlib.import_module("." + module_name, self.__name__)
        except Exception as e:
>           raise RuntimeError(
                f"Failed to import {self.__name__}.{module_name} because of the following error (look up to see its"
                f" traceback):\n{e}"
            ) from e
E           RuntimeError: Failed to import diffusers.pipelines.stable_diffusion.pipeline_stable_diffusion because of the following error (look up to see its traceback):
E           numpy.dtype size changed, may indicate binary incompatibility. Expected 96 from C header, got 88 from PyObject

/home/zeus/miniconda3/envs/cloudspace/lib/python3.12/site-packages/diffusers/utils/import_utils.py:1054: RuntimeError
_____________________ ERROR at setup of test_內容質量抑制的值域與方向 ______________________

self = <module 'diffusers.pipelines.stable_diffusion' from '/home/zeus/miniconda3/envs/cloudspace/lib/python3.12/site-packages/diffusers/pipelines/stable_diffusion/__init__.py'>
module_name = 'pipeline_stable_diffusion'

    def _get_module(self, module_name: str):
        try:
>           return importlib.import_module("." + module_name, self.__name__)
                   ^^^^^^^^^^^^^^^^^^^^^^^^^^^^^^^^^^^^^^^^^^^^^^^^^^^^^^^^^

/home/zeus/miniconda3/envs/cloudspace/lib/python3.12/site-packages/diffusers/utils/import_utils.py:1052: 
_ _ _ _ _ _ _ _ _ _ _ _ _ _ _ _ _ _ _ _ _ _ _ _ _ _ _ _ _ _ _ _ _ _ _ _ _ _ _ _ 
/home/zeus/miniconda3/envs/cloudspace/lib/python3.12/importlib/__init__.py:90: in import_module
    return _bootstrap._gcd_import(name[level:], package, level)
           ^^^^^^^^^^^^^^^^^^^^^^^^^^^^^^^^^^^^^^^^^^^^^^^^^^^^
/home/zeus/miniconda3/envs/cloudspace/lib/python3.12/site-packages/diffusers/pipelines/stable_diffusion/pipeline_stable_diffusion.py:19: in <module>
    from transformers import CLIPImageProcessor, CLIPTextModel, CLIPTokenizer, CLIPVisionModelWithProjection
/home/zeus/miniconda3/envs/cloudspace/lib/python3.12/site-packages/transformers/utils/import_utils.py:2342: in __getattr__
    module = self._get_module(self._class_to_module[name])
             ^^^^^^^^^^^^^^^^^^^^^^^^^^^^^^^^^^^^^^^^^^^^^
/home/zeus/miniconda3/envs/cloudspace/lib/python3.12/site-packages/transformers/utils/import_utils.py:2576: in _get_module
    raise e
/home/zeus/miniconda3/envs/cloudspace/lib/python3.12/site-packages/transformers/utils/import_utils.py:2574: in _get_module
    return importlib.import_module("." + module_name, self.__name__)
           ^^^^^^^^^^^^^^^^^^^^^^^^^^^^^^^^^^^^^^^^^^^^^^^^^^^^^^^^^
/home/zeus/miniconda3/envs/cloudspace/lib/python3.12/importlib/__init__.py:90: in import_module
    return _bootstrap._gcd_import(name[level:], package, level)
           ^^^^^^^^^^^^^^^^^^^^^^^^^^^^^^^^^^^^^^^^^^^^^^^^^^^^
/home/zeus/miniconda3/envs/cloudspace/lib/python3.12/site-packages/transformers/models/clip/image_processing_clip.py:22: in <module>
    @auto_docstring
     ^^^^^^^^^^^^^^
/home/zeus/miniconda3/envs/cloudspace/lib/python3.12/site-packages/transformers/utils/auto_docstring.py:4536: in auto_docstring
    return auto_docstring_decorator(obj)
           ^^^^^^^^^^^^^^^^^^^^^^^^^^^^^
/home/zeus/miniconda3/envs/cloudspace/lib/python3.12/site-packages/transformers/utils/auto_docstring.py:4533: in auto_docstring_decorator
    return auto_class_docstring(obj, custom_args=custom_args, custom_intro=custom_intro, checkpoint=checkpoint)
           ^^^^^^^^^^^^^^^^^^^^^^^^^^^^^^^^^^^^^^^^^^^^^^^^^^^^^^^^^^^^^^^^^^^^^^^^^^^^^^^^^^^^^^^^^^^^^^^^^^^^
/home/zeus/miniconda3/envs/cloudspace/lib/python3.12/site-packages/transformers/utils/auto_docstring.py:4279: in auto_class_docstring
    getattr(auto_module, PLACEHOLDER_TO_AUTO_MODULE["model_class"][0]),
    ^^^^^^^^^^^^^^^^^^^^^^^^^^^^^^^^^^^^^^^^^^^^^^^^^^^^^^^^^^^^^^^^^^
/home/zeus/miniconda3/envs/cloudspace/lib/python3.12/site-packages/transformers/utils/import_utils.py:2436: in __getattr__
    value = self._get_module(name)
            ^^^^^^^^^^^^^^^^^^^^^^
/home/zeus/miniconda3/envs/cloudspace/lib/python3.12/site-packages/transformers/utils/import_utils.py:2576: in _get_module
    raise e
/home/zeus/miniconda3/envs/cloudspace/lib/python3.12/site-packages/transformers/utils/import_utils.py:2574: in _get_module
    return importlib.import_module("." + module_name, self.__name__)
           ^^^^^^^^^^^^^^^^^^^^^^^^^^^^^^^^^^^^^^^^^^^^^^^^^^^^^^^^^
/home/zeus/miniconda3/envs/cloudspace/lib/python3.12/importlib/__init__.py:90: in import_module
    return _bootstrap._gcd_import(name[level:], package, level)
           ^^^^^^^^^^^^^^^^^^^^^^^^^^^^^^^^^^^^^^^^^^^^^^^^^^^^
/home/zeus/miniconda3/envs/cloudspace/lib/python3.12/site-packages/transformers/models/auto/modeling_auto.py:21: in <module>
    from .auto_factory import (
/home/zeus/miniconda3/envs/cloudspace/lib/python3.12/site-packages/transformers/models/auto/auto_factory.py:42: in <module>
    from ...generation import GenerationMixin
/home/zeus/miniconda3/envs/cloudspace/lib/python3.12/site-packages/transformers/utils/import_utils.py:2342: in __getattr__
    module = self._get_module(self._class_to_module[name])
             ^^^^^^^^^^^^^^^^^^^^^^^^^^^^^^^^^^^^^^^^^^^^^
/home/zeus/miniconda3/envs/cloudspace/lib/python3.12/site-packages/transformers/utils/import_utils.py:2576: in _get_module
    raise e
/home/zeus/miniconda3/envs/cloudspace/lib/python3.12/site-packages/transformers/utils/import_utils.py:2574: in _get_module
    return importlib.import_module("." + module_name, self.__name__)
           ^^^^^^^^^^^^^^^^^^^^^^^^^^^^^^^^^^^^^^^^^^^^^^^^^^^^^^^^^
/home/zeus/miniconda3/envs/cloudspace/lib/python3.12/importlib/__init__.py:90: in import_module
    return _bootstrap._gcd_import(name[level:], package, level)
           ^^^^^^^^^^^^^^^^^^^^^^^^^^^^^^^^^^^^^^^^^^^^^^^^^^^^
/home/zeus/miniconda3/envs/cloudspace/lib/python3.12/site-packages/transformers/generation/utils.py:53: in <module>
    from .candidate_generator import (
/home/zeus/miniconda3/envs/cloudspace/lib/python3.12/site-packages/transformers/generation/candidate_generator.py:31: in <module>
    from sklearn.metrics import roc_curve
/home/zeus/miniconda3/envs/cloudspace/lib/python3.12/site-packages/sklearn/__init__.py:83: in <module>
    from .base import clone
/home/zeus/miniconda3/envs/cloudspace/lib/python3.12/site-packages/sklearn/base.py:19: in <module>
    from .utils import _IS_32BIT
/home/zeus/miniconda3/envs/cloudspace/lib/python3.12/site-packages/sklearn/utils/__init__.py:27: in <module>
    from .murmurhash import murmurhash3_32
_ _ _ _ _ _ _ _ _ _ _ _ _ _ _ _ _ _ _ _ _ _ _ _ _ _ _ _ _ _ _ _ _ _ _ _ _ _ _ _ 

>   ???
E   ValueError: numpy.dtype size changed, may indicate binary incompatibility. Expected 96 from C header, got 88 from PyObject

sklearn/utils/murmurhash.pyx:1: ValueError

The above exception was the direct cause of the following exception:

    @pytest.fixture(scope="module")
    def sd():
>       return SDWrapper(TINY)
               ^^^^^^^^^^^^^^^

tests/test_pipeline.py:43: 
_ _ _ _ _ _ _ _ _ _ _ _ _ _ _ _ _ _ _ _ _ _ _ _ _ _ _ _ _ _ _ _ _ _ _ _ _ _ _ _ 
src/models/sd.py:30: in __init__
    from diffusers import StableDiffusionPipeline
<frozen importlib._bootstrap>:1412: in _handle_fromlist
    ???
/home/zeus/miniconda3/envs/cloudspace/lib/python3.12/site-packages/diffusers/utils/import_utils.py:1043: in __getattr__
    value = getattr(module, name)
            ^^^^^^^^^^^^^^^^^^^^^
/home/zeus/miniconda3/envs/cloudspace/lib/python3.12/site-packages/diffusers/utils/import_utils.py:1043: in __getattr__
    value = getattr(module, name)
            ^^^^^^^^^^^^^^^^^^^^^
/home/zeus/miniconda3/envs/cloudspace/lib/python3.12/site-packages/diffusers/utils/import_utils.py:1042: in __getattr__
    module = self._get_module(self._class_to_module[name])
             ^^^^^^^^^^^^^^^^^^^^^^^^^^^^^^^^^^^^^^^^^^^^^
_ _ _ _ _ _ _ _ _ _ _ _ _ _ _ _ _ _ _ _ _ _ _ _ _ _ _ _ _ _ _ _ _ _ _ _ _ _ _ _ 

self = <module 'diffusers.pipelines.stable_diffusion' from '/home/zeus/miniconda3/envs/cloudspace/lib/python3.12/site-packages/diffusers/pipelines/stable_diffusion/__init__.py'>
module_name = 'pipeline_stable_diffusion'

    def _get_module(self, module_name: str):
        try:
            return importlib.import_module("." + module_name, self.__name__)
        except Exception as e:
>           raise RuntimeError(
                f"Failed to import {self.__name__}.{module_name} because of the following error (look up to see its"
                f" traceback):\n{e}"
            ) from e
E           RuntimeError: Failed to import diffusers.pipelines.stable_diffusion.pipeline_stable_diffusion because of the following error (look up to see its traceback):
E           numpy.dtype size changed, may indicate binary incompatibility. Expected 96 from C header, got 88 from PyObject

/home/zeus/miniconda3/envs/cloudspace/lib/python3.12/site-packages/diffusers/utils/import_utils.py:1054: RuntimeError
____________________ ERROR at setup of test_內容質量抑制缺少span時拒絕 ____________________

self = <module 'diffusers.pipelines.stable_diffusion' from '/home/zeus/miniconda3/envs/cloudspace/lib/python3.12/site-packages/diffusers/pipelines/stable_diffusion/__init__.py'>
module_name = 'pipeline_stable_diffusion'

    def _get_module(self, module_name: str):
        try:
>           return importlib.import_module("." + module_name, self.__name__)
                   ^^^^^^^^^^^^^^^^^^^^^^^^^^^^^^^^^^^^^^^^^^^^^^^^^^^^^^^^^

/home/zeus/miniconda3/envs/cloudspace/lib/python3.12/site-packages/diffusers/utils/import_utils.py:1052: 
_ _ _ _ _ _ _ _ _ _ _ _ _ _ _ _ _ _ _ _ _ _ _ _ _ _ _ _ _ _ _ _ _ _ _ _ _ _ _ _ 
/home/zeus/miniconda3/envs/cloudspace/lib/python3.12/importlib/__init__.py:90: in import_module
    return _bootstrap._gcd_import(name[level:], package, level)
           ^^^^^^^^^^^^^^^^^^^^^^^^^^^^^^^^^^^^^^^^^^^^^^^^^^^^
/home/zeus/miniconda3/envs/cloudspace/lib/python3.12/site-packages/diffusers/pipelines/stable_diffusion/pipeline_stable_diffusion.py:19: in <module>
    from transformers import CLIPImageProcessor, CLIPTextModel, CLIPTokenizer, CLIPVisionModelWithProjection
/home/zeus/miniconda3/envs/cloudspace/lib/python3.12/site-packages/transformers/utils/import_utils.py:2342: in __getattr__
    module = self._get_module(self._class_to_module[name])
             ^^^^^^^^^^^^^^^^^^^^^^^^^^^^^^^^^^^^^^^^^^^^^
/home/zeus/miniconda3/envs/cloudspace/lib/python3.12/site-packages/transformers/utils/import_utils.py:2576: in _get_module
    raise e
/home/zeus/miniconda3/envs/cloudspace/lib/python3.12/site-packages/transformers/utils/import_utils.py:2574: in _get_module
    return importlib.import_module("." + module_name, self.__name__)
           ^^^^^^^^^^^^^^^^^^^^^^^^^^^^^^^^^^^^^^^^^^^^^^^^^^^^^^^^^
/home/zeus/miniconda3/envs/cloudspace/lib/python3.12/importlib/__init__.py:90: in import_module
    return _bootstrap._gcd_import(name[level:], package, level)
           ^^^^^^^^^^^^^^^^^^^^^^^^^^^^^^^^^^^^^^^^^^^^^^^^^^^^
/home/zeus/miniconda3/envs/cloudspace/lib/python3.12/site-packages/transformers/models/clip/image_processing_clip.py:22: in <module>
    @auto_docstring
     ^^^^^^^^^^^^^^
/home/zeus/miniconda3/envs/cloudspace/lib/python3.12/site-packages/transformers/utils/auto_docstring.py:4536: in auto_docstring
    return auto_docstring_decorator(obj)
           ^^^^^^^^^^^^^^^^^^^^^^^^^^^^^
/home/zeus/miniconda3/envs/cloudspace/lib/python3.12/site-packages/transformers/utils/auto_docstring.py:4533: in auto_docstring_decorator
    return auto_class_docstring(obj, custom_args=custom_args, custom_intro=custom_intro, checkpoint=checkpoint)
           ^^^^^^^^^^^^^^^^^^^^^^^^^^^^^^^^^^^^^^^^^^^^^^^^^^^^^^^^^^^^^^^^^^^^^^^^^^^^^^^^^^^^^^^^^^^^^^^^^^^^
/home/zeus/miniconda3/envs/cloudspace/lib/python3.12/site-packages/transformers/utils/auto_docstring.py:4279: in auto_class_docstring
    getattr(auto_module, PLACEHOLDER_TO_AUTO_MODULE["model_class"][0]),
    ^^^^^^^^^^^^^^^^^^^^^^^^^^^^^^^^^^^^^^^^^^^^^^^^^^^^^^^^^^^^^^^^^^
/home/zeus/miniconda3/envs/cloudspace/lib/python3.12/site-packages/transformers/utils/import_utils.py:2436: in __getattr__
    value = self._get_module(name)
            ^^^^^^^^^^^^^^^^^^^^^^
/home/zeus/miniconda3/envs/cloudspace/lib/python3.12/site-packages/transformers/utils/import_utils.py:2576: in _get_module
    raise e
/home/zeus/miniconda3/envs/cloudspace/lib/python3.12/site-packages/transformers/utils/import_utils.py:2574: in _get_module
    return importlib.import_module("." + module_name, self.__name__)
           ^^^^^^^^^^^^^^^^^^^^^^^^^^^^^^^^^^^^^^^^^^^^^^^^^^^^^^^^^
/home/zeus/miniconda3/envs/cloudspace/lib/python3.12/importlib/__init__.py:90: in import_module
    return _bootstrap._gcd_import(name[level:], package, level)
           ^^^^^^^^^^^^^^^^^^^^^^^^^^^^^^^^^^^^^^^^^^^^^^^^^^^^
/home/zeus/miniconda3/envs/cloudspace/lib/python3.12/site-packages/transformers/models/auto/modeling_auto.py:21: in <module>
    from .auto_factory import (
/home/zeus/miniconda3/envs/cloudspace/lib/python3.12/site-packages/transformers/models/auto/auto_factory.py:42: in <module>
    from ...generation import GenerationMixin
/home/zeus/miniconda3/envs/cloudspace/lib/python3.12/site-packages/transformers/utils/import_utils.py:2342: in __getattr__
    module = self._get_module(self._class_to_module[name])
             ^^^^^^^^^^^^^^^^^^^^^^^^^^^^^^^^^^^^^^^^^^^^^
/home/zeus/miniconda3/envs/cloudspace/lib/python3.12/site-packages/transformers/utils/import_utils.py:2576: in _get_module
    raise e
/home/zeus/miniconda3/envs/cloudspace/lib/python3.12/site-packages/transformers/utils/import_utils.py:2574: in _get_module
    return importlib.import_module("." + module_name, self.__name__)
           ^^^^^^^^^^^^^^^^^^^^^^^^^^^^^^^^^^^^^^^^^^^^^^^^^^^^^^^^^
/home/zeus/miniconda3/envs/cloudspace/lib/python3.12/importlib/__init__.py:90: in import_module
    return _bootstrap._gcd_import(name[level:], package, level)
           ^^^^^^^^^^^^^^^^^^^^^^^^^^^^^^^^^^^^^^^^^^^^^^^^^^^^
/home/zeus/miniconda3/envs/cloudspace/lib/python3.12/site-packages/transformers/generation/utils.py:53: in <module>
    from .candidate_generator import (
/home/zeus/miniconda3/envs/cloudspace/lib/python3.12/site-packages/transformers/generation/candidate_generator.py:31: in <module>
    from sklearn.metrics import roc_curve
/home/zeus/miniconda3/envs/cloudspace/lib/python3.12/site-packages/sklearn/__init__.py:83: in <module>
    from .base import clone
/home/zeus/miniconda3/envs/cloudspace/lib/python3.12/site-packages/sklearn/base.py:19: in <module>
    from .utils import _IS_32BIT
/home/zeus/miniconda3/envs/cloudspace/lib/python3.12/site-packages/sklearn/utils/__init__.py:27: in <module>
    from .murmurhash import murmurhash3_32
_ _ _ _ _ _ _ _ _ _ _ _ _ _ _ _ _ _ _ _ _ _ _ _ _ _ _ _ _ _ _ _ _ _ _ _ _ _ _ _ 

>   ???
E   ValueError: numpy.dtype size changed, may indicate binary incompatibility. Expected 96 from C header, got 88 from PyObject

sklearn/utils/murmurhash.pyx:1: ValueError

The above exception was the direct cause of the following exception:

    @pytest.fixture(scope="module")
    def sd():
>       return SDWrapper(TINY)
               ^^^^^^^^^^^^^^^

tests/test_pipeline.py:43: 
_ _ _ _ _ _ _ _ _ _ _ _ _ _ _ _ _ _ _ _ _ _ _ _ _ _ _ _ _ _ _ _ _ _ _ _ _ _ _ _ 
src/models/sd.py:30: in __init__
    from diffusers import StableDiffusionPipeline
<frozen importlib._bootstrap>:1412: in _handle_fromlist
    ???
/home/zeus/miniconda3/envs/cloudspace/lib/python3.12/site-packages/diffusers/utils/import_utils.py:1043: in __getattr__
    value = getattr(module, name)
            ^^^^^^^^^^^^^^^^^^^^^
/home/zeus/miniconda3/envs/cloudspace/lib/python3.12/site-packages/diffusers/utils/import_utils.py:1043: in __getattr__
    value = getattr(module, name)
            ^^^^^^^^^^^^^^^^^^^^^
/home/zeus/miniconda3/envs/cloudspace/lib/python3.12/site-packages/diffusers/utils/import_utils.py:1042: in __getattr__
    module = self._get_module(self._class_to_module[name])
             ^^^^^^^^^^^^^^^^^^^^^^^^^^^^^^^^^^^^^^^^^^^^^
_ _ _ _ _ _ _ _ _ _ _ _ _ _ _ _ _ _ _ _ _ _ _ _ _ _ _ _ _ _ _ _ _ _ _ _ _ _ _ _ 

self = <module 'diffusers.pipelines.stable_diffusion' from '/home/zeus/miniconda3/envs/cloudspace/lib/python3.12/site-packages/diffusers/pipelines/stable_diffusion/__init__.py'>
module_name = 'pipeline_stable_diffusion'

    def _get_module(self, module_name: str):
        try:
            return importlib.import_module("." + module_name, self.__name__)
        except Exception as e:
>           raise RuntimeError(
                f"Failed to import {self.__name__}.{module_name} because of the following error (look up to see its"
                f" traceback):\n{e}"
            ) from e
E           RuntimeError: Failed to import diffusers.pipelines.stable_diffusion.pipeline_stable_diffusion because of the following error (look up to see its traceback):
E           numpy.dtype size changed, may indicate binary incompatibility. Expected 96 from C header, got 88 from PyObject

/home/zeus/miniconda3/envs/cloudspace/lib/python3.12/site-packages/diffusers/utils/import_utils.py:1054: RuntimeError
________________ ERROR at setup of test_suppress模式在phi等於零時梯度非零 _________________

self = <module 'diffusers.pipelines.stable_diffusion' from '/home/zeus/miniconda3/envs/cloudspace/lib/python3.12/site-packages/diffusers/pipelines/stable_diffusion/__init__.py'>
module_name = 'pipeline_stable_diffusion'

    def _get_module(self, module_name: str):
        try:
>           return importlib.import_module("." + module_name, self.__name__)
                   ^^^^^^^^^^^^^^^^^^^^^^^^^^^^^^^^^^^^^^^^^^^^^^^^^^^^^^^^^

/home/zeus/miniconda3/envs/cloudspace/lib/python3.12/site-packages/diffusers/utils/import_utils.py:1052: 
_ _ _ _ _ _ _ _ _ _ _ _ _ _ _ _ _ _ _ _ _ _ _ _ _ _ _ _ _ _ _ _ _ _ _ _ _ _ _ _ 
/home/zeus/miniconda3/envs/cloudspace/lib/python3.12/importlib/__init__.py:90: in import_module
    return _bootstrap._gcd_import(name[level:], package, level)
           ^^^^^^^^^^^^^^^^^^^^^^^^^^^^^^^^^^^^^^^^^^^^^^^^^^^^
/home/zeus/miniconda3/envs/cloudspace/lib/python3.12/site-packages/diffusers/pipelines/stable_diffusion/pipeline_stable_diffusion.py:19: in <module>
    from transformers import CLIPImageProcessor, CLIPTextModel, CLIPTokenizer, CLIPVisionModelWithProjection
/home/zeus/miniconda3/envs/cloudspace/lib/python3.12/site-packages/transformers/utils/import_utils.py:2342: in __getattr__
    module = self._get_module(self._class_to_module[name])
             ^^^^^^^^^^^^^^^^^^^^^^^^^^^^^^^^^^^^^^^^^^^^^
/home/zeus/miniconda3/envs/cloudspace/lib/python3.12/site-packages/transformers/utils/import_utils.py:2576: in _get_module
    raise e
/home/zeus/miniconda3/envs/cloudspace/lib/python3.12/site-packages/transformers/utils/import_utils.py:2574: in _get_module
    return importlib.import_module("." + module_name, self.__name__)
           ^^^^^^^^^^^^^^^^^^^^^^^^^^^^^^^^^^^^^^^^^^^^^^^^^^^^^^^^^
/home/zeus/miniconda3/envs/cloudspace/lib/python3.12/importlib/__init__.py:90: in import_module
    return _bootstrap._gcd_import(name[level:], package, level)
           ^^^^^^^^^^^^^^^^^^^^^^^^^^^^^^^^^^^^^^^^^^^^^^^^^^^^
/home/zeus/miniconda3/envs/cloudspace/lib/python3.12/site-packages/transformers/models/clip/image_processing_clip.py:22: in <module>
    @auto_docstring
     ^^^^^^^^^^^^^^
/home/zeus/miniconda3/envs/cloudspace/lib/python3.12/site-packages/transformers/utils/auto_docstring.py:4536: in auto_docstring
    return auto_docstring_decorator(obj)
           ^^^^^^^^^^^^^^^^^^^^^^^^^^^^^
/home/zeus/miniconda3/envs/cloudspace/lib/python3.12/site-packages/transformers/utils/auto_docstring.py:4533: in auto_docstring_decorator
    return auto_class_docstring(obj, custom_args=custom_args, custom_intro=custom_intro, checkpoint=checkpoint)
           ^^^^^^^^^^^^^^^^^^^^^^^^^^^^^^^^^^^^^^^^^^^^^^^^^^^^^^^^^^^^^^^^^^^^^^^^^^^^^^^^^^^^^^^^^^^^^^^^^^^^
/home/zeus/miniconda3/envs/cloudspace/lib/python3.12/site-packages/transformers/utils/auto_docstring.py:4279: in auto_class_docstring
    getattr(auto_module, PLACEHOLDER_TO_AUTO_MODULE["model_class"][0]),
    ^^^^^^^^^^^^^^^^^^^^^^^^^^^^^^^^^^^^^^^^^^^^^^^^^^^^^^^^^^^^^^^^^^
/home/zeus/miniconda3/envs/cloudspace/lib/python3.12/site-packages/transformers/utils/import_utils.py:2436: in __getattr__
    value = self._get_module(name)
            ^^^^^^^^^^^^^^^^^^^^^^
/home/zeus/miniconda3/envs/cloudspace/lib/python3.12/site-packages/transformers/utils/import_utils.py:2576: in _get_module
    raise e
/home/zeus/miniconda3/envs/cloudspace/lib/python3.12/site-packages/transformers/utils/import_utils.py:2574: in _get_module
    return importlib.import_module("." + module_name, self.__name__)
           ^^^^^^^^^^^^^^^^^^^^^^^^^^^^^^^^^^^^^^^^^^^^^^^^^^^^^^^^^
/home/zeus/miniconda3/envs/cloudspace/lib/python3.12/importlib/__init__.py:90: in import_module
    return _bootstrap._gcd_import(name[level:], package, level)
           ^^^^^^^^^^^^^^^^^^^^^^^^^^^^^^^^^^^^^^^^^^^^^^^^^^^^
/home/zeus/miniconda3/envs/cloudspace/lib/python3.12/site-packages/transformers/models/auto/modeling_auto.py:21: in <module>
    from .auto_factory import (
/home/zeus/miniconda3/envs/cloudspace/lib/python3.12/site-packages/transformers/models/auto/auto_factory.py:42: in <module>
    from ...generation import GenerationMixin
/home/zeus/miniconda3/envs/cloudspace/lib/python3.12/site-packages/transformers/utils/import_utils.py:2342: in __getattr__
    module = self._get_module(self._class_to_module[name])
             ^^^^^^^^^^^^^^^^^^^^^^^^^^^^^^^^^^^^^^^^^^^^^
/home/zeus/miniconda3/envs/cloudspace/lib/python3.12/site-packages/transformers/utils/import_utils.py:2576: in _get_module
    raise e
/home/zeus/miniconda3/envs/cloudspace/lib/python3.12/site-packages/transformers/utils/import_utils.py:2574: in _get_module
    return importlib.import_module("." + module_name, self.__name__)
           ^^^^^^^^^^^^^^^^^^^^^^^^^^^^^^^^^^^^^^^^^^^^^^^^^^^^^^^^^
/home/zeus/miniconda3/envs/cloudspace/lib/python3.12/importlib/__init__.py:90: in import_module
    return _bootstrap._gcd_import(name[level:], package, level)
           ^^^^^^^^^^^^^^^^^^^^^^^^^^^^^^^^^^^^^^^^^^^^^^^^^^^^
/home/zeus/miniconda3/envs/cloudspace/lib/python3.12/site-packages/transformers/generation/utils.py:53: in <module>
    from .candidate_generator import (
/home/zeus/miniconda3/envs/cloudspace/lib/python3.12/site-packages/transformers/generation/candidate_generator.py:31: in <module>
    from sklearn.metrics import roc_curve
/home/zeus/miniconda3/envs/cloudspace/lib/python3.12/site-packages/sklearn/__init__.py:83: in <module>
    from .base import clone
/home/zeus/miniconda3/envs/cloudspace/lib/python3.12/site-packages/sklearn/base.py:19: in <module>
    from .utils import _IS_32BIT
/home/zeus/miniconda3/envs/cloudspace/lib/python3.12/site-packages/sklearn/utils/__init__.py:27: in <module>
    from .murmurhash import murmurhash3_32
_ _ _ _ _ _ _ _ _ _ _ _ _ _ _ _ _ _ _ _ _ _ _ _ _ _ _ _ _ _ _ _ _ _ _ _ _ _ _ _ 

>   ???
E   ValueError: numpy.dtype size changed, may indicate binary incompatibility. Expected 96 from C header, got 88 from PyObject

sklearn/utils/murmurhash.pyx:1: ValueError

The above exception was the direct cause of the following exception:

    @pytest.fixture(scope="module")
    def sd():
>       return SDWrapper(TINY)
               ^^^^^^^^^^^^^^^

tests/test_pipeline.py:43: 
_ _ _ _ _ _ _ _ _ _ _ _ _ _ _ _ _ _ _ _ _ _ _ _ _ _ _ _ _ _ _ _ _ _ _ _ _ _ _ _ 
src/models/sd.py:30: in __init__
    from diffusers import StableDiffusionPipeline
<frozen importlib._bootstrap>:1412: in _handle_fromlist
    ???
/home/zeus/miniconda3/envs/cloudspace/lib/python3.12/site-packages/diffusers/utils/import_utils.py:1043: in __getattr__
    value = getattr(module, name)
            ^^^^^^^^^^^^^^^^^^^^^
/home/zeus/miniconda3/envs/cloudspace/lib/python3.12/site-packages/diffusers/utils/import_utils.py:1043: in __getattr__
    value = getattr(module, name)
            ^^^^^^^^^^^^^^^^^^^^^
/home/zeus/miniconda3/envs/cloudspace/lib/python3.12/site-packages/diffusers/utils/import_utils.py:1042: in __getattr__
    module = self._get_module(self._class_to_module[name])
             ^^^^^^^^^^^^^^^^^^^^^^^^^^^^^^^^^^^^^^^^^^^^^
_ _ _ _ _ _ _ _ _ _ _ _ _ _ _ _ _ _ _ _ _ _ _ _ _ _ _ _ _ _ _ _ _ _ _ _ _ _ _ _ 

self = <module 'diffusers.pipelines.stable_diffusion' from '/home/zeus/miniconda3/envs/cloudspace/lib/python3.12/site-packages/diffusers/pipelines/stable_diffusion/__init__.py'>
module_name = 'pipeline_stable_diffusion'

    def _get_module(self, module_name: str):
        try:
            return importlib.import_module("." + module_name, self.__name__)
        except Exception as e:
>           raise RuntimeError(
                f"Failed to import {self.__name__}.{module_name} because of the following error (look up to see its"
                f" traceback):\n{e}"
            ) from e
E           RuntimeError: Failed to import diffusers.pipelines.stable_diffusion.pipeline_stable_diffusion because of the following error (look up to see its traceback):
E           numpy.dtype size changed, may indicate binary incompatibility. Expected 96 from C header, got 88 from PyObject

/home/zeus/miniconda3/envs/cloudspace/lib/python3.12/site-packages/diffusers/utils/import_utils.py:1054: RuntimeError
________________ ERROR at setup of test_suppress模式在空prompt時提前拒絕 ________________

self = <module 'diffusers.pipelines.stable_diffusion' from '/home/zeus/miniconda3/envs/cloudspace/lib/python3.12/site-packages/diffusers/pipelines/stable_diffusion/__init__.py'>
module_name = 'pipeline_stable_diffusion'

    def _get_module(self, module_name: str):
        try:
>           return importlib.import_module("." + module_name, self.__name__)
                   ^^^^^^^^^^^^^^^^^^^^^^^^^^^^^^^^^^^^^^^^^^^^^^^^^^^^^^^^^

/home/zeus/miniconda3/envs/cloudspace/lib/python3.12/site-packages/diffusers/utils/import_utils.py:1052: 
_ _ _ _ _ _ _ _ _ _ _ _ _ _ _ _ _ _ _ _ _ _ _ _ _ _ _ _ _ _ _ _ _ _ _ _ _ _ _ _ 
/home/zeus/miniconda3/envs/cloudspace/lib/python3.12/importlib/__init__.py:90: in import_module
    return _bootstrap._gcd_import(name[level:], package, level)
           ^^^^^^^^^^^^^^^^^^^^^^^^^^^^^^^^^^^^^^^^^^^^^^^^^^^^
/home/zeus/miniconda3/envs/cloudspace/lib/python3.12/site-packages/diffusers/pipelines/stable_diffusion/pipeline_stable_diffusion.py:19: in <module>
    from transformers import CLIPImageProcessor, CLIPTextModel, CLIPTokenizer, CLIPVisionModelWithProjection
/home/zeus/miniconda3/envs/cloudspace/lib/python3.12/site-packages/transformers/utils/import_utils.py:2342: in __getattr__
    module = self._get_module(self._class_to_module[name])
             ^^^^^^^^^^^^^^^^^^^^^^^^^^^^^^^^^^^^^^^^^^^^^
/home/zeus/miniconda3/envs/cloudspace/lib/python3.12/site-packages/transformers/utils/import_utils.py:2576: in _get_module
    raise e
/home/zeus/miniconda3/envs/cloudspace/lib/python3.12/site-packages/transformers/utils/import_utils.py:2574: in _get_module
    return importlib.import_module("." + module_name, self.__name__)
           ^^^^^^^^^^^^^^^^^^^^^^^^^^^^^^^^^^^^^^^^^^^^^^^^^^^^^^^^^
/home/zeus/miniconda3/envs/cloudspace/lib/python3.12/importlib/__init__.py:90: in import_module
    return _bootstrap._gcd_import(name[level:], package, level)
           ^^^^^^^^^^^^^^^^^^^^^^^^^^^^^^^^^^^^^^^^^^^^^^^^^^^^
/home/zeus/miniconda3/envs/cloudspace/lib/python3.12/site-packages/transformers/models/clip/image_processing_clip.py:22: in <module>
    @auto_docstring
     ^^^^^^^^^^^^^^
/home/zeus/miniconda3/envs/cloudspace/lib/python3.12/site-packages/transformers/utils/auto_docstring.py:4536: in auto_docstring
    return auto_docstring_decorator(obj)
           ^^^^^^^^^^^^^^^^^^^^^^^^^^^^^
/home/zeus/miniconda3/envs/cloudspace/lib/python3.12/site-packages/transformers/utils/auto_docstring.py:4533: in auto_docstring_decorator
    return auto_class_docstring(obj, custom_args=custom_args, custom_intro=custom_intro, checkpoint=checkpoint)
           ^^^^^^^^^^^^^^^^^^^^^^^^^^^^^^^^^^^^^^^^^^^^^^^^^^^^^^^^^^^^^^^^^^^^^^^^^^^^^^^^^^^^^^^^^^^^^^^^^^^^
/home/zeus/miniconda3/envs/cloudspace/lib/python3.12/site-packages/transformers/utils/auto_docstring.py:4279: in auto_class_docstring
    getattr(auto_module, PLACEHOLDER_TO_AUTO_MODULE["model_class"][0]),
    ^^^^^^^^^^^^^^^^^^^^^^^^^^^^^^^^^^^^^^^^^^^^^^^^^^^^^^^^^^^^^^^^^^
/home/zeus/miniconda3/envs/cloudspace/lib/python3.12/site-packages/transformers/utils/import_utils.py:2436: in __getattr__
    value = self._get_module(name)
            ^^^^^^^^^^^^^^^^^^^^^^
/home/zeus/miniconda3/envs/cloudspace/lib/python3.12/site-packages/transformers/utils/import_utils.py:2576: in _get_module
    raise e
/home/zeus/miniconda3/envs/cloudspace/lib/python3.12/site-packages/transformers/utils/import_utils.py:2574: in _get_module
    return importlib.import_module("." + module_name, self.__name__)
           ^^^^^^^^^^^^^^^^^^^^^^^^^^^^^^^^^^^^^^^^^^^^^^^^^^^^^^^^^
/home/zeus/miniconda3/envs/cloudspace/lib/python3.12/importlib/__init__.py:90: in import_module
    return _bootstrap._gcd_import(name[level:], package, level)
           ^^^^^^^^^^^^^^^^^^^^^^^^^^^^^^^^^^^^^^^^^^^^^^^^^^^^
/home/zeus/miniconda3/envs/cloudspace/lib/python3.12/site-packages/transformers/models/auto/modeling_auto.py:21: in <module>
    from .auto_factory import (
/home/zeus/miniconda3/envs/cloudspace/lib/python3.12/site-packages/transformers/models/auto/auto_factory.py:42: in <module>
    from ...generation import GenerationMixin
/home/zeus/miniconda3/envs/cloudspace/lib/python3.12/site-packages/transformers/utils/import_utils.py:2342: in __getattr__
    module = self._get_module(self._class_to_module[name])
             ^^^^^^^^^^^^^^^^^^^^^^^^^^^^^^^^^^^^^^^^^^^^^
/home/zeus/miniconda3/envs/cloudspace/lib/python3.12/site-packages/transformers/utils/import_utils.py:2576: in _get_module
    raise e
/home/zeus/miniconda3/envs/cloudspace/lib/python3.12/site-packages/transformers/utils/import_utils.py:2574: in _get_module
    return importlib.import_module("." + module_name, self.__name__)
           ^^^^^^^^^^^^^^^^^^^^^^^^^^^^^^^^^^^^^^^^^^^^^^^^^^^^^^^^^
/home/zeus/miniconda3/envs/cloudspace/lib/python3.12/importlib/__init__.py:90: in import_module
    return _bootstrap._gcd_import(name[level:], package, level)
           ^^^^^^^^^^^^^^^^^^^^^^^^^^^^^^^^^^^^^^^^^^^^^^^^^^^^
/home/zeus/miniconda3/envs/cloudspace/lib/python3.12/site-packages/transformers/generation/utils.py:53: in <module>
    from .candidate_generator import (
/home/zeus/miniconda3/envs/cloudspace/lib/python3.12/site-packages/transformers/generation/candidate_generator.py:31: in <module>
    from sklearn.metrics import roc_curve
/home/zeus/miniconda3/envs/cloudspace/lib/python3.12/site-packages/sklearn/__init__.py:83: in <module>
    from .base import clone
/home/zeus/miniconda3/envs/cloudspace/lib/python3.12/site-packages/sklearn/base.py:19: in <module>
    from .utils import _IS_32BIT
/home/zeus/miniconda3/envs/cloudspace/lib/python3.12/site-packages/sklearn/utils/__init__.py:27: in <module>
    from .murmurhash import murmurhash3_32
_ _ _ _ _ _ _ _ _ _ _ _ _ _ _ _ _ _ _ _ _ _ _ _ _ _ _ _ _ _ _ _ _ _ _ _ _ _ _ _ 

>   ???
E   ValueError: numpy.dtype size changed, may indicate binary incompatibility. Expected 96 from C header, got 88 from PyObject

sklearn/utils/murmurhash.pyx:1: ValueError

The above exception was the direct cause of the following exception:

    @pytest.fixture(scope="module")
    def sd():
>       return SDWrapper(TINY)
               ^^^^^^^^^^^^^^^

tests/test_pipeline.py:43: 
_ _ _ _ _ _ _ _ _ _ _ _ _ _ _ _ _ _ _ _ _ _ _ _ _ _ _ _ _ _ _ _ _ _ _ _ _ _ _ _ 
src/models/sd.py:30: in __init__
    from diffusers import StableDiffusionPipeline
<frozen importlib._bootstrap>:1412: in _handle_fromlist
    ???
/home/zeus/miniconda3/envs/cloudspace/lib/python3.12/site-packages/diffusers/utils/import_utils.py:1043: in __getattr__
    value = getattr(module, name)
            ^^^^^^^^^^^^^^^^^^^^^
/home/zeus/miniconda3/envs/cloudspace/lib/python3.12/site-packages/diffusers/utils/import_utils.py:1043: in __getattr__
    value = getattr(module, name)
            ^^^^^^^^^^^^^^^^^^^^^
/home/zeus/miniconda3/envs/cloudspace/lib/python3.12/site-packages/diffusers/utils/import_utils.py:1042: in __getattr__
    module = self._get_module(self._class_to_module[name])
             ^^^^^^^^^^^^^^^^^^^^^^^^^^^^^^^^^^^^^^^^^^^^^
_ _ _ _ _ _ _ _ _ _ _ _ _ _ _ _ _ _ _ _ _ _ _ _ _ _ _ _ _ _ _ _ _ _ _ _ _ _ _ _ 

self = <module 'diffusers.pipelines.stable_diffusion' from '/home/zeus/miniconda3/envs/cloudspace/lib/python3.12/site-packages/diffusers/pipelines/stable_diffusion/__init__.py'>
module_name = 'pipeline_stable_diffusion'

    def _get_module(self, module_name: str):
        try:
            return importlib.import_module("." + module_name, self.__name__)
        except Exception as e:
>           raise RuntimeError(
                f"Failed to import {self.__name__}.{module_name} because of the following error (look up to see its"
                f" traceback):\n{e}"
            ) from e
E           RuntimeError: Failed to import diffusers.pipelines.stable_diffusion.pipeline_stable_diffusion because of the following error (look up to see its traceback):
E           numpy.dtype size changed, may indicate binary incompatibility. Expected 96 from C header, got 88 from PyObject

/home/zeus/miniconda3/envs/cloudspace/lib/python3.12/site-packages/diffusers/utils/import_utils.py:1054: RuntimeError
_______________ ERROR at setup of test_cross_attention目標的梯度抵達phi _______________

self = <module 'diffusers.pipelines.stable_diffusion' from '/home/zeus/miniconda3/envs/cloudspace/lib/python3.12/site-packages/diffusers/pipelines/stable_diffusion/__init__.py'>
module_name = 'pipeline_stable_diffusion'

    def _get_module(self, module_name: str):
        try:
>           return importlib.import_module("." + module_name, self.__name__)
                   ^^^^^^^^^^^^^^^^^^^^^^^^^^^^^^^^^^^^^^^^^^^^^^^^^^^^^^^^^

/home/zeus/miniconda3/envs/cloudspace/lib/python3.12/site-packages/diffusers/utils/import_utils.py:1052: 
_ _ _ _ _ _ _ _ _ _ _ _ _ _ _ _ _ _ _ _ _ _ _ _ _ _ _ _ _ _ _ _ _ _ _ _ _ _ _ _ 
/home/zeus/miniconda3/envs/cloudspace/lib/python3.12/importlib/__init__.py:90: in import_module
    return _bootstrap._gcd_import(name[level:], package, level)
           ^^^^^^^^^^^^^^^^^^^^^^^^^^^^^^^^^^^^^^^^^^^^^^^^^^^^
/home/zeus/miniconda3/envs/cloudspace/lib/python3.12/site-packages/diffusers/pipelines/stable_diffusion/pipeline_stable_diffusion.py:19: in <module>
    from transformers import CLIPImageProcessor, CLIPTextModel, CLIPTokenizer, CLIPVisionModelWithProjection
/home/zeus/miniconda3/envs/cloudspace/lib/python3.12/site-packages/transformers/utils/import_utils.py:2342: in __getattr__
    module = self._get_module(self._class_to_module[name])
             ^^^^^^^^^^^^^^^^^^^^^^^^^^^^^^^^^^^^^^^^^^^^^
/home/zeus/miniconda3/envs/cloudspace/lib/python3.12/site-packages/transformers/utils/import_utils.py:2576: in _get_module
    raise e
/home/zeus/miniconda3/envs/cloudspace/lib/python3.12/site-packages/transformers/utils/import_utils.py:2574: in _get_module
    return importlib.import_module("." + module_name, self.__name__)
           ^^^^^^^^^^^^^^^^^^^^^^^^^^^^^^^^^^^^^^^^^^^^^^^^^^^^^^^^^
/home/zeus/miniconda3/envs/cloudspace/lib/python3.12/importlib/__init__.py:90: in import_module
    return _bootstrap._gcd_import(name[level:], package, level)
           ^^^^^^^^^^^^^^^^^^^^^^^^^^^^^^^^^^^^^^^^^^^^^^^^^^^^
/home/zeus/miniconda3/envs/cloudspace/lib/python3.12/site-packages/transformers/models/clip/image_processing_clip.py:22: in <module>
    @auto_docstring
     ^^^^^^^^^^^^^^
/home/zeus/miniconda3/envs/cloudspace/lib/python3.12/site-packages/transformers/utils/auto_docstring.py:4536: in auto_docstring
    return auto_docstring_decorator(obj)
           ^^^^^^^^^^^^^^^^^^^^^^^^^^^^^
/home/zeus/miniconda3/envs/cloudspace/lib/python3.12/site-packages/transformers/utils/auto_docstring.py:4533: in auto_docstring_decorator
    return auto_class_docstring(obj, custom_args=custom_args, custom_intro=custom_intro, checkpoint=checkpoint)
           ^^^^^^^^^^^^^^^^^^^^^^^^^^^^^^^^^^^^^^^^^^^^^^^^^^^^^^^^^^^^^^^^^^^^^^^^^^^^^^^^^^^^^^^^^^^^^^^^^^^^
/home/zeus/miniconda3/envs/cloudspace/lib/python3.12/site-packages/transformers/utils/auto_docstring.py:4279: in auto_class_docstring
    getattr(auto_module, PLACEHOLDER_TO_AUTO_MODULE["model_class"][0]),
    ^^^^^^^^^^^^^^^^^^^^^^^^^^^^^^^^^^^^^^^^^^^^^^^^^^^^^^^^^^^^^^^^^^
/home/zeus/miniconda3/envs/cloudspace/lib/python3.12/site-packages/transformers/utils/import_utils.py:2436: in __getattr__
    value = self._get_module(name)
            ^^^^^^^^^^^^^^^^^^^^^^
/home/zeus/miniconda3/envs/cloudspace/lib/python3.12/site-packages/transformers/utils/import_utils.py:2576: in _get_module
    raise e
/home/zeus/miniconda3/envs/cloudspace/lib/python3.12/site-packages/transformers/utils/import_utils.py:2574: in _get_module
    return importlib.import_module("." + module_name, self.__name__)
           ^^^^^^^^^^^^^^^^^^^^^^^^^^^^^^^^^^^^^^^^^^^^^^^^^^^^^^^^^
/home/zeus/miniconda3/envs/cloudspace/lib/python3.12/importlib/__init__.py:90: in import_module
    return _bootstrap._gcd_import(name[level:], package, level)
           ^^^^^^^^^^^^^^^^^^^^^^^^^^^^^^^^^^^^^^^^^^^^^^^^^^^^
/home/zeus/miniconda3/envs/cloudspace/lib/python3.12/site-packages/transformers/models/auto/modeling_auto.py:21: in <module>
    from .auto_factory import (
/home/zeus/miniconda3/envs/cloudspace/lib/python3.12/site-packages/transformers/models/auto/auto_factory.py:42: in <module>
    from ...generation import GenerationMixin
/home/zeus/miniconda3/envs/cloudspace/lib/python3.12/site-packages/transformers/utils/import_utils.py:2342: in __getattr__
    module = self._get_module(self._class_to_module[name])
             ^^^^^^^^^^^^^^^^^^^^^^^^^^^^^^^^^^^^^^^^^^^^^
/home/zeus/miniconda3/envs/cloudspace/lib/python3.12/site-packages/transformers/utils/import_utils.py:2576: in _get_module
    raise e
/home/zeus/miniconda3/envs/cloudspace/lib/python3.12/site-packages/transformers/utils/import_utils.py:2574: in _get_module
    return importlib.import_module("." + module_name, self.__name__)
           ^^^^^^^^^^^^^^^^^^^^^^^^^^^^^^^^^^^^^^^^^^^^^^^^^^^^^^^^^
/home/zeus/miniconda3/envs/cloudspace/lib/python3.12/importlib/__init__.py:90: in import_module
    return _bootstrap._gcd_import(name[level:], package, level)
           ^^^^^^^^^^^^^^^^^^^^^^^^^^^^^^^^^^^^^^^^^^^^^^^^^^^^
/home/zeus/miniconda3/envs/cloudspace/lib/python3.12/site-packages/transformers/generation/utils.py:53: in <module>
    from .candidate_generator import (
/home/zeus/miniconda3/envs/cloudspace/lib/python3.12/site-packages/transformers/generation/candidate_generator.py:31: in <module>
    from sklearn.metrics import roc_curve
/home/zeus/miniconda3/envs/cloudspace/lib/python3.12/site-packages/sklearn/__init__.py:83: in <module>
    from .base import clone
/home/zeus/miniconda3/envs/cloudspace/lib/python3.12/site-packages/sklearn/base.py:19: in <module>
    from .utils import _IS_32BIT
/home/zeus/miniconda3/envs/cloudspace/lib/python3.12/site-packages/sklearn/utils/__init__.py:27: in <module>
    from .murmurhash import murmurhash3_32
_ _ _ _ _ _ _ _ _ _ _ _ _ _ _ _ _ _ _ _ _ _ _ _ _ _ _ _ _ _ _ _ _ _ _ _ _ _ _ _ 

>   ???
E   ValueError: numpy.dtype size changed, may indicate binary incompatibility. Expected 96 from C header, got 88 from PyObject

sklearn/utils/murmurhash.pyx:1: ValueError

The above exception was the direct cause of the following exception:

    @pytest.fixture(scope="module")
    def sd():
>       return SDWrapper(TINY)
               ^^^^^^^^^^^^^^^

tests/test_pipeline.py:43: 
_ _ _ _ _ _ _ _ _ _ _ _ _ _ _ _ _ _ _ _ _ _ _ _ _ _ _ _ _ _ _ _ _ _ _ _ _ _ _ _ 
src/models/sd.py:30: in __init__
    from diffusers import StableDiffusionPipeline
<frozen importlib._bootstrap>:1412: in _handle_fromlist
    ???
/home/zeus/miniconda3/envs/cloudspace/lib/python3.12/site-packages/diffusers/utils/import_utils.py:1043: in __getattr__
    value = getattr(module, name)
            ^^^^^^^^^^^^^^^^^^^^^
/home/zeus/miniconda3/envs/cloudspace/lib/python3.12/site-packages/diffusers/utils/import_utils.py:1043: in __getattr__
    value = getattr(module, name)
            ^^^^^^^^^^^^^^^^^^^^^
/home/zeus/miniconda3/envs/cloudspace/lib/python3.12/site-packages/diffusers/utils/import_utils.py:1042: in __getattr__
    module = self._get_module(self._class_to_module[name])
             ^^^^^^^^^^^^^^^^^^^^^^^^^^^^^^^^^^^^^^^^^^^^^
_ _ _ _ _ _ _ _ _ _ _ _ _ _ _ _ _ _ _ _ _ _ _ _ _ _ _ _ _ _ _ _ _ _ _ _ _ _ _ _ 

self = <module 'diffusers.pipelines.stable_diffusion' from '/home/zeus/miniconda3/envs/cloudspace/lib/python3.12/site-packages/diffusers/pipelines/stable_diffusion/__init__.py'>
module_name = 'pipeline_stable_diffusion'

    def _get_module(self, module_name: str):
        try:
            return importlib.import_module("." + module_name, self.__name__)
        except Exception as e:
>           raise RuntimeError(
                f"Failed to import {self.__name__}.{module_name} because of the following error (look up to see its"
                f" traceback):\n{e}"
            ) from e
E           RuntimeError: Failed to import diffusers.pipelines.stable_diffusion.pipeline_stable_diffusion because of the following error (look up to see its traceback):
E           numpy.dtype size changed, may indicate binary incompatibility. Expected 96 from C header, got 88 from PyObject

/home/zeus/miniconda3/envs/cloudspace/lib/python3.12/site-packages/diffusers/utils/import_utils.py:1054: RuntimeError
________________ ERROR at setup of test_divergence模式在phi等於零時無梯度 ________________

self = <module 'diffusers.pipelines.stable_diffusion' from '/home/zeus/miniconda3/envs/cloudspace/lib/python3.12/site-packages/diffusers/pipelines/stable_diffusion/__init__.py'>
module_name = 'pipeline_stable_diffusion'

    def _get_module(self, module_name: str):
        try:
>           return importlib.import_module("." + module_name, self.__name__)
                   ^^^^^^^^^^^^^^^^^^^^^^^^^^^^^^^^^^^^^^^^^^^^^^^^^^^^^^^^^

/home/zeus/miniconda3/envs/cloudspace/lib/python3.12/site-packages/diffusers/utils/import_utils.py:1052: 
_ _ _ _ _ _ _ _ _ _ _ _ _ _ _ _ _ _ _ _ _ _ _ _ _ _ _ _ _ _ _ _ _ _ _ _ _ _ _ _ 
/home/zeus/miniconda3/envs/cloudspace/lib/python3.12/importlib/__init__.py:90: in import_module
    return _bootstrap._gcd_import(name[level:], package, level)
           ^^^^^^^^^^^^^^^^^^^^^^^^^^^^^^^^^^^^^^^^^^^^^^^^^^^^
/home/zeus/miniconda3/envs/cloudspace/lib/python3.12/site-packages/diffusers/pipelines/stable_diffusion/pipeline_stable_diffusion.py:19: in <module>
    from transformers import CLIPImageProcessor, CLIPTextModel, CLIPTokenizer, CLIPVisionModelWithProjection
/home/zeus/miniconda3/envs/cloudspace/lib/python3.12/site-packages/transformers/utils/import_utils.py:2342: in __getattr__
    module = self._get_module(self._class_to_module[name])
             ^^^^^^^^^^^^^^^^^^^^^^^^^^^^^^^^^^^^^^^^^^^^^
/home/zeus/miniconda3/envs/cloudspace/lib/python3.12/site-packages/transformers/utils/import_utils.py:2576: in _get_module
    raise e
/home/zeus/miniconda3/envs/cloudspace/lib/python3.12/site-packages/transformers/utils/import_utils.py:2574: in _get_module
    return importlib.import_module("." + module_name, self.__name__)
           ^^^^^^^^^^^^^^^^^^^^^^^^^^^^^^^^^^^^^^^^^^^^^^^^^^^^^^^^^
/home/zeus/miniconda3/envs/cloudspace/lib/python3.12/importlib/__init__.py:90: in import_module
    return _bootstrap._gcd_import(name[level:], package, level)
           ^^^^^^^^^^^^^^^^^^^^^^^^^^^^^^^^^^^^^^^^^^^^^^^^^^^^
/home/zeus/miniconda3/envs/cloudspace/lib/python3.12/site-packages/transformers/models/clip/image_processing_clip.py:22: in <module>
    @auto_docstring
     ^^^^^^^^^^^^^^
/home/zeus/miniconda3/envs/cloudspace/lib/python3.12/site-packages/transformers/utils/auto_docstring.py:4536: in auto_docstring
    return auto_docstring_decorator(obj)
           ^^^^^^^^^^^^^^^^^^^^^^^^^^^^^
/home/zeus/miniconda3/envs/cloudspace/lib/python3.12/site-packages/transformers/utils/auto_docstring.py:4533: in auto_docstring_decorator
    return auto_class_docstring(obj, custom_args=custom_args, custom_intro=custom_intro, checkpoint=checkpoint)
           ^^^^^^^^^^^^^^^^^^^^^^^^^^^^^^^^^^^^^^^^^^^^^^^^^^^^^^^^^^^^^^^^^^^^^^^^^^^^^^^^^^^^^^^^^^^^^^^^^^^^
/home/zeus/miniconda3/envs/cloudspace/lib/python3.12/site-packages/transformers/utils/auto_docstring.py:4279: in auto_class_docstring
    getattr(auto_module, PLACEHOLDER_TO_AUTO_MODULE["model_class"][0]),
    ^^^^^^^^^^^^^^^^^^^^^^^^^^^^^^^^^^^^^^^^^^^^^^^^^^^^^^^^^^^^^^^^^^
/home/zeus/miniconda3/envs/cloudspace/lib/python3.12/site-packages/transformers/utils/import_utils.py:2436: in __getattr__
    value = self._get_module(name)
            ^^^^^^^^^^^^^^^^^^^^^^
/home/zeus/miniconda3/envs/cloudspace/lib/python3.12/site-packages/transformers/utils/import_utils.py:2576: in _get_module
    raise e
/home/zeus/miniconda3/envs/cloudspace/lib/python3.12/site-packages/transformers/utils/import_utils.py:2574: in _get_module
    return importlib.import_module("." + module_name, self.__name__)
           ^^^^^^^^^^^^^^^^^^^^^^^^^^^^^^^^^^^^^^^^^^^^^^^^^^^^^^^^^
/home/zeus/miniconda3/envs/cloudspace/lib/python3.12/importlib/__init__.py:90: in import_module
    return _bootstrap._gcd_import(name[level:], package, level)
           ^^^^^^^^^^^^^^^^^^^^^^^^^^^^^^^^^^^^^^^^^^^^^^^^^^^^
/home/zeus/miniconda3/envs/cloudspace/lib/python3.12/site-packages/transformers/models/auto/modeling_auto.py:21: in <module>
    from .auto_factory import (
/home/zeus/miniconda3/envs/cloudspace/lib/python3.12/site-packages/transformers/models/auto/auto_factory.py:42: in <module>
    from ...generation import GenerationMixin
/home/zeus/miniconda3/envs/cloudspace/lib/python3.12/site-packages/transformers/utils/import_utils.py:2342: in __getattr__
    module = self._get_module(self._class_to_module[name])
             ^^^^^^^^^^^^^^^^^^^^^^^^^^^^^^^^^^^^^^^^^^^^^
/home/zeus/miniconda3/envs/cloudspace/lib/python3.12/site-packages/transformers/utils/import_utils.py:2576: in _get_module
    raise e
/home/zeus/miniconda3/envs/cloudspace/lib/python3.12/site-packages/transformers/utils/import_utils.py:2574: in _get_module
    return importlib.import_module("." + module_name, self.__name__)
           ^^^^^^^^^^^^^^^^^^^^^^^^^^^^^^^^^^^^^^^^^^^^^^^^^^^^^^^^^
/home/zeus/miniconda3/envs/cloudspace/lib/python3.12/importlib/__init__.py:90: in import_module
    return _bootstrap._gcd_import(name[level:], package, level)
           ^^^^^^^^^^^^^^^^^^^^^^^^^^^^^^^^^^^^^^^^^^^^^^^^^^^^
/home/zeus/miniconda3/envs/cloudspace/lib/python3.12/site-packages/transformers/generation/utils.py:53: in <module>
    from .candidate_generator import (
/home/zeus/miniconda3/envs/cloudspace/lib/python3.12/site-packages/transformers/generation/candidate_generator.py:31: in <module>
    from sklearn.metrics import roc_curve
/home/zeus/miniconda3/envs/cloudspace/lib/python3.12/site-packages/sklearn/__init__.py:83: in <module>
    from .base import clone
/home/zeus/miniconda3/envs/cloudspace/lib/python3.12/site-packages/sklearn/base.py:19: in <module>
    from .utils import _IS_32BIT
/home/zeus/miniconda3/envs/cloudspace/lib/python3.12/site-packages/sklearn/utils/__init__.py:27: in <module>
    from .murmurhash import murmurhash3_32
_ _ _ _ _ _ _ _ _ _ _ _ _ _ _ _ _ _ _ _ _ _ _ _ _ _ _ _ _ _ _ _ _ _ _ _ _ _ _ _ 

>   ???
E   ValueError: numpy.dtype size changed, may indicate binary incompatibility. Expected 96 from C header, got 88 from PyObject

sklearn/utils/murmurhash.pyx:1: ValueError

The above exception was the direct cause of the following exception:

    @pytest.fixture(scope="module")
    def sd():
>       return SDWrapper(TINY)
               ^^^^^^^^^^^^^^^

tests/test_pipeline.py:43: 
_ _ _ _ _ _ _ _ _ _ _ _ _ _ _ _ _ _ _ _ _ _ _ _ _ _ _ _ _ _ _ _ _ _ _ _ _ _ _ _ 
src/models/sd.py:30: in __init__
    from diffusers import StableDiffusionPipeline
<frozen importlib._bootstrap>:1412: in _handle_fromlist
    ???
/home/zeus/miniconda3/envs/cloudspace/lib/python3.12/site-packages/diffusers/utils/import_utils.py:1043: in __getattr__
    value = getattr(module, name)
            ^^^^^^^^^^^^^^^^^^^^^
/home/zeus/miniconda3/envs/cloudspace/lib/python3.12/site-packages/diffusers/utils/import_utils.py:1043: in __getattr__
    value = getattr(module, name)
            ^^^^^^^^^^^^^^^^^^^^^
/home/zeus/miniconda3/envs/cloudspace/lib/python3.12/site-packages/diffusers/utils/import_utils.py:1042: in __getattr__
    module = self._get_module(self._class_to_module[name])
             ^^^^^^^^^^^^^^^^^^^^^^^^^^^^^^^^^^^^^^^^^^^^^
_ _ _ _ _ _ _ _ _ _ _ _ _ _ _ _ _ _ _ _ _ _ _ _ _ _ _ _ _ _ _ _ _ _ _ _ _ _ _ _ 

self = <module 'diffusers.pipelines.stable_diffusion' from '/home/zeus/miniconda3/envs/cloudspace/lib/python3.12/site-packages/diffusers/pipelines/stable_diffusion/__init__.py'>
module_name = 'pipeline_stable_diffusion'

    def _get_module(self, module_name: str):
        try:
            return importlib.import_module("." + module_name, self.__name__)
        except Exception as e:
>           raise RuntimeError(
                f"Failed to import {self.__name__}.{module_name} because of the following error (look up to see its"
                f" traceback):\n{e}"
            ) from e
E           RuntimeError: Failed to import diffusers.pipelines.stable_diffusion.pipeline_stable_diffusion because of the following error (look up to see its traceback):
E           numpy.dtype size changed, may indicate binary incompatibility. Expected 96 from C header, got 88 from PyObject

/home/zeus/miniconda3/envs/cloudspace/lib/python3.12/site-packages/diffusers/utils/import_utils.py:1054: RuntimeError
______________ ERROR at setup of test_cross_attention目標下phi確實被改動 _______________

self = <module 'diffusers.pipelines.stable_diffusion' from '/home/zeus/miniconda3/envs/cloudspace/lib/python3.12/site-packages/diffusers/pipelines/stable_diffusion/__init__.py'>
module_name = 'pipeline_stable_diffusion'

    def _get_module(self, module_name: str):
        try:
>           return importlib.import_module("." + module_name, self.__name__)
                   ^^^^^^^^^^^^^^^^^^^^^^^^^^^^^^^^^^^^^^^^^^^^^^^^^^^^^^^^^

/home/zeus/miniconda3/envs/cloudspace/lib/python3.12/site-packages/diffusers/utils/import_utils.py:1052: 
_ _ _ _ _ _ _ _ _ _ _ _ _ _ _ _ _ _ _ _ _ _ _ _ _ _ _ _ _ _ _ _ _ _ _ _ _ _ _ _ 
/home/zeus/miniconda3/envs/cloudspace/lib/python3.12/importlib/__init__.py:90: in import_module
    return _bootstrap._gcd_import(name[level:], package, level)
           ^^^^^^^^^^^^^^^^^^^^^^^^^^^^^^^^^^^^^^^^^^^^^^^^^^^^
/home/zeus/miniconda3/envs/cloudspace/lib/python3.12/site-packages/diffusers/pipelines/stable_diffusion/pipeline_stable_diffusion.py:19: in <module>
    from transformers import CLIPImageProcessor, CLIPTextModel, CLIPTokenizer, CLIPVisionModelWithProjection
/home/zeus/miniconda3/envs/cloudspace/lib/python3.12/site-packages/transformers/utils/import_utils.py:2342: in __getattr__
    module = self._get_module(self._class_to_module[name])
             ^^^^^^^^^^^^^^^^^^^^^^^^^^^^^^^^^^^^^^^^^^^^^
/home/zeus/miniconda3/envs/cloudspace/lib/python3.12/site-packages/transformers/utils/import_utils.py:2576: in _get_module
    raise e
/home/zeus/miniconda3/envs/cloudspace/lib/python3.12/site-packages/transformers/utils/import_utils.py:2574: in _get_module
    return importlib.import_module("." + module_name, self.__name__)
           ^^^^^^^^^^^^^^^^^^^^^^^^^^^^^^^^^^^^^^^^^^^^^^^^^^^^^^^^^
/home/zeus/miniconda3/envs/cloudspace/lib/python3.12/importlib/__init__.py:90: in import_module
    return _bootstrap._gcd_import(name[level:], package, level)
           ^^^^^^^^^^^^^^^^^^^^^^^^^^^^^^^^^^^^^^^^^^^^^^^^^^^^
/home/zeus/miniconda3/envs/cloudspace/lib/python3.12/site-packages/transformers/models/clip/image_processing_clip.py:22: in <module>
    @auto_docstring
     ^^^^^^^^^^^^^^
/home/zeus/miniconda3/envs/cloudspace/lib/python3.12/site-packages/transformers/utils/auto_docstring.py:4536: in auto_docstring
    return auto_docstring_decorator(obj)
           ^^^^^^^^^^^^^^^^^^^^^^^^^^^^^
/home/zeus/miniconda3/envs/cloudspace/lib/python3.12/site-packages/transformers/utils/auto_docstring.py:4533: in auto_docstring_decorator
    return auto_class_docstring(obj, custom_args=custom_args, custom_intro=custom_intro, checkpoint=checkpoint)
           ^^^^^^^^^^^^^^^^^^^^^^^^^^^^^^^^^^^^^^^^^^^^^^^^^^^^^^^^^^^^^^^^^^^^^^^^^^^^^^^^^^^^^^^^^^^^^^^^^^^^
/home/zeus/miniconda3/envs/cloudspace/lib/python3.12/site-packages/transformers/utils/auto_docstring.py:4279: in auto_class_docstring
    getattr(auto_module, PLACEHOLDER_TO_AUTO_MODULE["model_class"][0]),
    ^^^^^^^^^^^^^^^^^^^^^^^^^^^^^^^^^^^^^^^^^^^^^^^^^^^^^^^^^^^^^^^^^^
/home/zeus/miniconda3/envs/cloudspace/lib/python3.12/site-packages/transformers/utils/import_utils.py:2436: in __getattr__
    value = self._get_module(name)
            ^^^^^^^^^^^^^^^^^^^^^^
/home/zeus/miniconda3/envs/cloudspace/lib/python3.12/site-packages/transformers/utils/import_utils.py:2576: in _get_module
    raise e
/home/zeus/miniconda3/envs/cloudspace/lib/python3.12/site-packages/transformers/utils/import_utils.py:2574: in _get_module
    return importlib.import_module("." + module_name, self.__name__)
           ^^^^^^^^^^^^^^^^^^^^^^^^^^^^^^^^^^^^^^^^^^^^^^^^^^^^^^^^^
/home/zeus/miniconda3/envs/cloudspace/lib/python3.12/importlib/__init__.py:90: in import_module
    return _bootstrap._gcd_import(name[level:], package, level)
           ^^^^^^^^^^^^^^^^^^^^^^^^^^^^^^^^^^^^^^^^^^^^^^^^^^^^
/home/zeus/miniconda3/envs/cloudspace/lib/python3.12/site-packages/transformers/models/auto/modeling_auto.py:21: in <module>
    from .auto_factory import (
/home/zeus/miniconda3/envs/cloudspace/lib/python3.12/site-packages/transformers/models/auto/auto_factory.py:42: in <module>
    from ...generation import GenerationMixin
/home/zeus/miniconda3/envs/cloudspace/lib/python3.12/site-packages/transformers/utils/import_utils.py:2342: in __getattr__
    module = self._get_module(self._class_to_module[name])
             ^^^^^^^^^^^^^^^^^^^^^^^^^^^^^^^^^^^^^^^^^^^^^
/home/zeus/miniconda3/envs/cloudspace/lib/python3.12/site-packages/transformers/utils/import_utils.py:2576: in _get_module
    raise e
/home/zeus/miniconda3/envs/cloudspace/lib/python3.12/site-packages/transformers/utils/import_utils.py:2574: in _get_module
    return importlib.import_module("." + module_name, self.__name__)
           ^^^^^^^^^^^^^^^^^^^^^^^^^^^^^^^^^^^^^^^^^^^^^^^^^^^^^^^^^
/home/zeus/miniconda3/envs/cloudspace/lib/python3.12/importlib/__init__.py:90: in import_module
    return _bootstrap._gcd_import(name[level:], package, level)
           ^^^^^^^^^^^^^^^^^^^^^^^^^^^^^^^^^^^^^^^^^^^^^^^^^^^^
/home/zeus/miniconda3/envs/cloudspace/lib/python3.12/site-packages/transformers/generation/utils.py:53: in <module>
    from .candidate_generator import (
/home/zeus/miniconda3/envs/cloudspace/lib/python3.12/site-packages/transformers/generation/candidate_generator.py:31: in <module>
    from sklearn.metrics import roc_curve
/home/zeus/miniconda3/envs/cloudspace/lib/python3.12/site-packages/sklearn/__init__.py:83: in <module>
    from .base import clone
/home/zeus/miniconda3/envs/cloudspace/lib/python3.12/site-packages/sklearn/base.py:19: in <module>
    from .utils import _IS_32BIT
/home/zeus/miniconda3/envs/cloudspace/lib/python3.12/site-packages/sklearn/utils/__init__.py:27: in <module>
    from .murmurhash import murmurhash3_32
_ _ _ _ _ _ _ _ _ _ _ _ _ _ _ _ _ _ _ _ _ _ _ _ _ _ _ _ _ _ _ _ _ _ _ _ _ _ _ _ 

>   ???
E   ValueError: numpy.dtype size changed, may indicate binary incompatibility. Expected 96 from C header, got 88 from PyObject

sklearn/utils/murmurhash.pyx:1: ValueError

The above exception was the direct cause of the following exception:

    @pytest.fixture(scope="module")
    def sd():
>       return SDWrapper(TINY)
               ^^^^^^^^^^^^^^^

tests/test_pipeline.py:43: 
_ _ _ _ _ _ _ _ _ _ _ _ _ _ _ _ _ _ _ _ _ _ _ _ _ _ _ _ _ _ _ _ _ _ _ _ _ _ _ _ 
src/models/sd.py:30: in __init__
    from diffusers import StableDiffusionPipeline
<frozen importlib._bootstrap>:1412: in _handle_fromlist
    ???
/home/zeus/miniconda3/envs/cloudspace/lib/python3.12/site-packages/diffusers/utils/import_utils.py:1043: in __getattr__
    value = getattr(module, name)
            ^^^^^^^^^^^^^^^^^^^^^
/home/zeus/miniconda3/envs/cloudspace/lib/python3.12/site-packages/diffusers/utils/import_utils.py:1043: in __getattr__
    value = getattr(module, name)
            ^^^^^^^^^^^^^^^^^^^^^
/home/zeus/miniconda3/envs/cloudspace/lib/python3.12/site-packages/diffusers/utils/import_utils.py:1042: in __getattr__
    module = self._get_module(self._class_to_module[name])
             ^^^^^^^^^^^^^^^^^^^^^^^^^^^^^^^^^^^^^^^^^^^^^
_ _ _ _ _ _ _ _ _ _ _ _ _ _ _ _ _ _ _ _ _ _ _ _ _ _ _ _ _ _ _ _ _ _ _ _ _ _ _ _ 

self = <module 'diffusers.pipelines.stable_diffusion' from '/home/zeus/miniconda3/envs/cloudspace/lib/python3.12/site-packages/diffusers/pipelines/stable_diffusion/__init__.py'>
module_name = 'pipeline_stable_diffusion'

    def _get_module(self, module_name: str):
        try:
            return importlib.import_module("." + module_name, self.__name__)
        except Exception as e:
>           raise RuntimeError(
                f"Failed to import {self.__name__}.{module_name} because of the following error (look up to see its"
                f" traceback):\n{e}"
            ) from e
E           RuntimeError: Failed to import diffusers.pipelines.stable_diffusion.pipeline_stable_diffusion because of the following error (look up to see its traceback):
E           numpy.dtype size changed, may indicate binary incompatibility. Expected 96 from C header, got 88 from PyObject

/home/zeus/miniconda3/envs/cloudspace/lib/python3.12/site-packages/diffusers/utils/import_utils.py:1054: RuntimeError
___________________ ERROR at setup of test_未知的attn_mode明確報錯 ____________________

self = <module 'diffusers.pipelines.stable_diffusion' from '/home/zeus/miniconda3/envs/cloudspace/lib/python3.12/site-packages/diffusers/pipelines/stable_diffusion/__init__.py'>
module_name = 'pipeline_stable_diffusion'

    def _get_module(self, module_name: str):
        try:
>           return importlib.import_module("." + module_name, self.__name__)
                   ^^^^^^^^^^^^^^^^^^^^^^^^^^^^^^^^^^^^^^^^^^^^^^^^^^^^^^^^^

/home/zeus/miniconda3/envs/cloudspace/lib/python3.12/site-packages/diffusers/utils/import_utils.py:1052: 
_ _ _ _ _ _ _ _ _ _ _ _ _ _ _ _ _ _ _ _ _ _ _ _ _ _ _ _ _ _ _ _ _ _ _ _ _ _ _ _ 
/home/zeus/miniconda3/envs/cloudspace/lib/python3.12/importlib/__init__.py:90: in import_module
    return _bootstrap._gcd_import(name[level:], package, level)
           ^^^^^^^^^^^^^^^^^^^^^^^^^^^^^^^^^^^^^^^^^^^^^^^^^^^^
/home/zeus/miniconda3/envs/cloudspace/lib/python3.12/site-packages/diffusers/pipelines/stable_diffusion/pipeline_stable_diffusion.py:19: in <module>
    from transformers import CLIPImageProcessor, CLIPTextModel, CLIPTokenizer, CLIPVisionModelWithProjection
/home/zeus/miniconda3/envs/cloudspace/lib/python3.12/site-packages/transformers/utils/import_utils.py:2342: in __getattr__
    module = self._get_module(self._class_to_module[name])
             ^^^^^^^^^^^^^^^^^^^^^^^^^^^^^^^^^^^^^^^^^^^^^
/home/zeus/miniconda3/envs/cloudspace/lib/python3.12/site-packages/transformers/utils/import_utils.py:2576: in _get_module
    raise e
/home/zeus/miniconda3/envs/cloudspace/lib/python3.12/site-packages/transformers/utils/import_utils.py:2574: in _get_module
    return importlib.import_module("." + module_name, self.__name__)
           ^^^^^^^^^^^^^^^^^^^^^^^^^^^^^^^^^^^^^^^^^^^^^^^^^^^^^^^^^
/home/zeus/miniconda3/envs/cloudspace/lib/python3.12/importlib/__init__.py:90: in import_module
    return _bootstrap._gcd_import(name[level:], package, level)
           ^^^^^^^^^^^^^^^^^^^^^^^^^^^^^^^^^^^^^^^^^^^^^^^^^^^^
/home/zeus/miniconda3/envs/cloudspace/lib/python3.12/site-packages/transformers/models/clip/image_processing_clip.py:22: in <module>
    @auto_docstring
     ^^^^^^^^^^^^^^
/home/zeus/miniconda3/envs/cloudspace/lib/python3.12/site-packages/transformers/utils/auto_docstring.py:4536: in auto_docstring
    return auto_docstring_decorator(obj)
           ^^^^^^^^^^^^^^^^^^^^^^^^^^^^^
/home/zeus/miniconda3/envs/cloudspace/lib/python3.12/site-packages/transformers/utils/auto_docstring.py:4533: in auto_docstring_decorator
    return auto_class_docstring(obj, custom_args=custom_args, custom_intro=custom_intro, checkpoint=checkpoint)
           ^^^^^^^^^^^^^^^^^^^^^^^^^^^^^^^^^^^^^^^^^^^^^^^^^^^^^^^^^^^^^^^^^^^^^^^^^^^^^^^^^^^^^^^^^^^^^^^^^^^^
/home/zeus/miniconda3/envs/cloudspace/lib/python3.12/site-packages/transformers/utils/auto_docstring.py:4279: in auto_class_docstring
    getattr(auto_module, PLACEHOLDER_TO_AUTO_MODULE["model_class"][0]),
    ^^^^^^^^^^^^^^^^^^^^^^^^^^^^^^^^^^^^^^^^^^^^^^^^^^^^^^^^^^^^^^^^^^
/home/zeus/miniconda3/envs/cloudspace/lib/python3.12/site-packages/transformers/utils/import_utils.py:2436: in __getattr__
    value = self._get_module(name)
            ^^^^^^^^^^^^^^^^^^^^^^
/home/zeus/miniconda3/envs/cloudspace/lib/python3.12/site-packages/transformers/utils/import_utils.py:2576: in _get_module
    raise e
/home/zeus/miniconda3/envs/cloudspace/lib/python3.12/site-packages/transformers/utils/import_utils.py:2574: in _get_module
    return importlib.import_module("." + module_name, self.__name__)
           ^^^^^^^^^^^^^^^^^^^^^^^^^^^^^^^^^^^^^^^^^^^^^^^^^^^^^^^^^
/home/zeus/miniconda3/envs/cloudspace/lib/python3.12/importlib/__init__.py:90: in import_module
    return _bootstrap._gcd_import(name[level:], package, level)
           ^^^^^^^^^^^^^^^^^^^^^^^^^^^^^^^^^^^^^^^^^^^^^^^^^^^^
/home/zeus/miniconda3/envs/cloudspace/lib/python3.12/site-packages/transformers/models/auto/modeling_auto.py:21: in <module>
    from .auto_factory import (
/home/zeus/miniconda3/envs/cloudspace/lib/python3.12/site-packages/transformers/models/auto/auto_factory.py:42: in <module>
    from ...generation import GenerationMixin
/home/zeus/miniconda3/envs/cloudspace/lib/python3.12/site-packages/transformers/utils/import_utils.py:2342: in __getattr__
    module = self._get_module(self._class_to_module[name])
             ^^^^^^^^^^^^^^^^^^^^^^^^^^^^^^^^^^^^^^^^^^^^^
/home/zeus/miniconda3/envs/cloudspace/lib/python3.12/site-packages/transformers/utils/import_utils.py:2576: in _get_module
    raise e
/home/zeus/miniconda3/envs/cloudspace/lib/python3.12/site-packages/transformers/utils/import_utils.py:2574: in _get_module
    return importlib.import_module("." + module_name, self.__name__)
           ^^^^^^^^^^^^^^^^^^^^^^^^^^^^^^^^^^^^^^^^^^^^^^^^^^^^^^^^^
/home/zeus/miniconda3/envs/cloudspace/lib/python3.12/importlib/__init__.py:90: in import_module
    return _bootstrap._gcd_import(name[level:], package, level)
           ^^^^^^^^^^^^^^^^^^^^^^^^^^^^^^^^^^^^^^^^^^^^^^^^^^^^
/home/zeus/miniconda3/envs/cloudspace/lib/python3.12/site-packages/transformers/generation/utils.py:53: in <module>
    from .candidate_generator import (
/home/zeus/miniconda3/envs/cloudspace/lib/python3.12/site-packages/transformers/generation/candidate_generator.py:31: in <module>
    from sklearn.metrics import roc_curve
/home/zeus/miniconda3/envs/cloudspace/lib/python3.12/site-packages/sklearn/__init__.py:83: in <module>
    from .base import clone
/home/zeus/miniconda3/envs/cloudspace/lib/python3.12/site-packages/sklearn/base.py:19: in <module>
    from .utils import _IS_32BIT
/home/zeus/miniconda3/envs/cloudspace/lib/python3.12/site-packages/sklearn/utils/__init__.py:27: in <module>
    from .murmurhash import murmurhash3_32
_ _ _ _ _ _ _ _ _ _ _ _ _ _ _ _ _ _ _ _ _ _ _ _ _ _ _ _ _ _ _ _ _ _ _ _ _ _ _ _ 

>   ???
E   ValueError: numpy.dtype size changed, may indicate binary incompatibility. Expected 96 from C header, got 88 from PyObject

sklearn/utils/murmurhash.pyx:1: ValueError

The above exception was the direct cause of the following exception:

    @pytest.fixture(scope="module")
    def sd():
>       return SDWrapper(TINY)
               ^^^^^^^^^^^^^^^

tests/test_pipeline.py:43: 
_ _ _ _ _ _ _ _ _ _ _ _ _ _ _ _ _ _ _ _ _ _ _ _ _ _ _ _ _ _ _ _ _ _ _ _ _ _ _ _ 
src/models/sd.py:30: in __init__
    from diffusers import StableDiffusionPipeline
<frozen importlib._bootstrap>:1412: in _handle_fromlist
    ???
/home/zeus/miniconda3/envs/cloudspace/lib/python3.12/site-packages/diffusers/utils/import_utils.py:1043: in __getattr__
    value = getattr(module, name)
            ^^^^^^^^^^^^^^^^^^^^^
/home/zeus/miniconda3/envs/cloudspace/lib/python3.12/site-packages/diffusers/utils/import_utils.py:1043: in __getattr__
    value = getattr(module, name)
            ^^^^^^^^^^^^^^^^^^^^^
/home/zeus/miniconda3/envs/cloudspace/lib/python3.12/site-packages/diffusers/utils/import_utils.py:1042: in __getattr__
    module = self._get_module(self._class_to_module[name])
             ^^^^^^^^^^^^^^^^^^^^^^^^^^^^^^^^^^^^^^^^^^^^^
_ _ _ _ _ _ _ _ _ _ _ _ _ _ _ _ _ _ _ _ _ _ _ _ _ _ _ _ _ _ _ _ _ _ _ _ _ _ _ _ 

self = <module 'diffusers.pipelines.stable_diffusion' from '/home/zeus/miniconda3/envs/cloudspace/lib/python3.12/site-packages/diffusers/pipelines/stable_diffusion/__init__.py'>
module_name = 'pipeline_stable_diffusion'

    def _get_module(self, module_name: str):
        try:
            return importlib.import_module("." + module_name, self.__name__)
        except Exception as e:
>           raise RuntimeError(
                f"Failed to import {self.__name__}.{module_name} because of the following error (look up to see its"
                f" traceback):\n{e}"
            ) from e
E           RuntimeError: Failed to import diffusers.pipelines.stable_diffusion.pipeline_stable_diffusion because of the following error (look up to see its traceback):
E           numpy.dtype size changed, may indicate binary incompatibility. Expected 96 from C header, got 88 from PyObject

/home/zeus/miniconda3/envs/cloudspace/lib/python3.12/site-packages/diffusers/utils/import_utils.py:1054: RuntimeError
_______________ ERROR at setup of test_注意力擷取與checkpoint不相容須以錯誤呈現 _______________

self = <module 'diffusers.pipelines.stable_diffusion' from '/home/zeus/miniconda3/envs/cloudspace/lib/python3.12/site-packages/diffusers/pipelines/stable_diffusion/__init__.py'>
module_name = 'pipeline_stable_diffusion'

    def _get_module(self, module_name: str):
        try:
>           return importlib.import_module("." + module_name, self.__name__)
                   ^^^^^^^^^^^^^^^^^^^^^^^^^^^^^^^^^^^^^^^^^^^^^^^^^^^^^^^^^

/home/zeus/miniconda3/envs/cloudspace/lib/python3.12/site-packages/diffusers/utils/import_utils.py:1052: 
_ _ _ _ _ _ _ _ _ _ _ _ _ _ _ _ _ _ _ _ _ _ _ _ _ _ _ _ _ _ _ _ _ _ _ _ _ _ _ _ 
/home/zeus/miniconda3/envs/cloudspace/lib/python3.12/importlib/__init__.py:90: in import_module
    return _bootstrap._gcd_import(name[level:], package, level)
           ^^^^^^^^^^^^^^^^^^^^^^^^^^^^^^^^^^^^^^^^^^^^^^^^^^^^
/home/zeus/miniconda3/envs/cloudspace/lib/python3.12/site-packages/diffusers/pipelines/stable_diffusion/pipeline_stable_diffusion.py:19: in <module>
    from transformers import CLIPImageProcessor, CLIPTextModel, CLIPTokenizer, CLIPVisionModelWithProjection
/home/zeus/miniconda3/envs/cloudspace/lib/python3.12/site-packages/transformers/utils/import_utils.py:2342: in __getattr__
    module = self._get_module(self._class_to_module[name])
             ^^^^^^^^^^^^^^^^^^^^^^^^^^^^^^^^^^^^^^^^^^^^^
/home/zeus/miniconda3/envs/cloudspace/lib/python3.12/site-packages/transformers/utils/import_utils.py:2576: in _get_module
    raise e
/home/zeus/miniconda3/envs/cloudspace/lib/python3.12/site-packages/transformers/utils/import_utils.py:2574: in _get_module
    return importlib.import_module("." + module_name, self.__name__)
           ^^^^^^^^^^^^^^^^^^^^^^^^^^^^^^^^^^^^^^^^^^^^^^^^^^^^^^^^^
/home/zeus/miniconda3/envs/cloudspace/lib/python3.12/importlib/__init__.py:90: in import_module
    return _bootstrap._gcd_import(name[level:], package, level)
           ^^^^^^^^^^^^^^^^^^^^^^^^^^^^^^^^^^^^^^^^^^^^^^^^^^^^
/home/zeus/miniconda3/envs/cloudspace/lib/python3.12/site-packages/transformers/models/clip/image_processing_clip.py:22: in <module>
    @auto_docstring
     ^^^^^^^^^^^^^^
/home/zeus/miniconda3/envs/cloudspace/lib/python3.12/site-packages/transformers/utils/auto_docstring.py:4536: in auto_docstring
    return auto_docstring_decorator(obj)
           ^^^^^^^^^^^^^^^^^^^^^^^^^^^^^
/home/zeus/miniconda3/envs/cloudspace/lib/python3.12/site-packages/transformers/utils/auto_docstring.py:4533: in auto_docstring_decorator
    return auto_class_docstring(obj, custom_args=custom_args, custom_intro=custom_intro, checkpoint=checkpoint)
           ^^^^^^^^^^^^^^^^^^^^^^^^^^^^^^^^^^^^^^^^^^^^^^^^^^^^^^^^^^^^^^^^^^^^^^^^^^^^^^^^^^^^^^^^^^^^^^^^^^^^
/home/zeus/miniconda3/envs/cloudspace/lib/python3.12/site-packages/transformers/utils/auto_docstring.py:4279: in auto_class_docstring
    getattr(auto_module, PLACEHOLDER_TO_AUTO_MODULE["model_class"][0]),
    ^^^^^^^^^^^^^^^^^^^^^^^^^^^^^^^^^^^^^^^^^^^^^^^^^^^^^^^^^^^^^^^^^^
/home/zeus/miniconda3/envs/cloudspace/lib/python3.12/site-packages/transformers/utils/import_utils.py:2436: in __getattr__
    value = self._get_module(name)
            ^^^^^^^^^^^^^^^^^^^^^^
/home/zeus/miniconda3/envs/cloudspace/lib/python3.12/site-packages/transformers/utils/import_utils.py:2576: in _get_module
    raise e
/home/zeus/miniconda3/envs/cloudspace/lib/python3.12/site-packages/transformers/utils/import_utils.py:2574: in _get_module
    return importlib.import_module("." + module_name, self.__name__)
           ^^^^^^^^^^^^^^^^^^^^^^^^^^^^^^^^^^^^^^^^^^^^^^^^^^^^^^^^^
/home/zeus/miniconda3/envs/cloudspace/lib/python3.12/importlib/__init__.py:90: in import_module
    return _bootstrap._gcd_import(name[level:], package, level)
           ^^^^^^^^^^^^^^^^^^^^^^^^^^^^^^^^^^^^^^^^^^^^^^^^^^^^
/home/zeus/miniconda3/envs/cloudspace/lib/python3.12/site-packages/transformers/models/auto/modeling_auto.py:21: in <module>
    from .auto_factory import (
/home/zeus/miniconda3/envs/cloudspace/lib/python3.12/site-packages/transformers/models/auto/auto_factory.py:42: in <module>
    from ...generation import GenerationMixin
/home/zeus/miniconda3/envs/cloudspace/lib/python3.12/site-packages/transformers/utils/import_utils.py:2342: in __getattr__
    module = self._get_module(self._class_to_module[name])
             ^^^^^^^^^^^^^^^^^^^^^^^^^^^^^^^^^^^^^^^^^^^^^
/home/zeus/miniconda3/envs/cloudspace/lib/python3.12/site-packages/transformers/utils/import_utils.py:2576: in _get_module
    raise e
/home/zeus/miniconda3/envs/cloudspace/lib/python3.12/site-packages/transformers/utils/import_utils.py:2574: in _get_module
    return importlib.import_module("." + module_name, self.__name__)
           ^^^^^^^^^^^^^^^^^^^^^^^^^^^^^^^^^^^^^^^^^^^^^^^^^^^^^^^^^
/home/zeus/miniconda3/envs/cloudspace/lib/python3.12/importlib/__init__.py:90: in import_module
    return _bootstrap._gcd_import(name[level:], package, level)
           ^^^^^^^^^^^^^^^^^^^^^^^^^^^^^^^^^^^^^^^^^^^^^^^^^^^^
/home/zeus/miniconda3/envs/cloudspace/lib/python3.12/site-packages/transformers/generation/utils.py:53: in <module>
    from .candidate_generator import (
/home/zeus/miniconda3/envs/cloudspace/lib/python3.12/site-packages/transformers/generation/candidate_generator.py:31: in <module>
    from sklearn.metrics import roc_curve
/home/zeus/miniconda3/envs/cloudspace/lib/python3.12/site-packages/sklearn/__init__.py:83: in <module>
    from .base import clone
/home/zeus/miniconda3/envs/cloudspace/lib/python3.12/site-packages/sklearn/base.py:19: in <module>
    from .utils import _IS_32BIT
/home/zeus/miniconda3/envs/cloudspace/lib/python3.12/site-packages/sklearn/utils/__init__.py:27: in <module>
    from .murmurhash import murmurhash3_32
_ _ _ _ _ _ _ _ _ _ _ _ _ _ _ _ _ _ _ _ _ _ _ _ _ _ _ _ _ _ _ _ _ _ _ _ _ _ _ _ 

>   ???
E   ValueError: numpy.dtype size changed, may indicate binary incompatibility. Expected 96 from C header, got 88 from PyObject

sklearn/utils/murmurhash.pyx:1: ValueError

The above exception was the direct cause of the following exception:

    @pytest.fixture(scope="module")
    def sd():
>       return SDWrapper(TINY)
               ^^^^^^^^^^^^^^^

tests/test_pipeline.py:43: 
_ _ _ _ _ _ _ _ _ _ _ _ _ _ _ _ _ _ _ _ _ _ _ _ _ _ _ _ _ _ _ _ _ _ _ _ _ _ _ _ 
src/models/sd.py:30: in __init__
    from diffusers import StableDiffusionPipeline
<frozen importlib._bootstrap>:1412: in _handle_fromlist
    ???
/home/zeus/miniconda3/envs/cloudspace/lib/python3.12/site-packages/diffusers/utils/import_utils.py:1043: in __getattr__
    value = getattr(module, name)
            ^^^^^^^^^^^^^^^^^^^^^
/home/zeus/miniconda3/envs/cloudspace/lib/python3.12/site-packages/diffusers/utils/import_utils.py:1043: in __getattr__
    value = getattr(module, name)
            ^^^^^^^^^^^^^^^^^^^^^
/home/zeus/miniconda3/envs/cloudspace/lib/python3.12/site-packages/diffusers/utils/import_utils.py:1042: in __getattr__
    module = self._get_module(self._class_to_module[name])
             ^^^^^^^^^^^^^^^^^^^^^^^^^^^^^^^^^^^^^^^^^^^^^
_ _ _ _ _ _ _ _ _ _ _ _ _ _ _ _ _ _ _ _ _ _ _ _ _ _ _ _ _ _ _ _ _ _ _ _ _ _ _ _ 

self = <module 'diffusers.pipelines.stable_diffusion' from '/home/zeus/miniconda3/envs/cloudspace/lib/python3.12/site-packages/diffusers/pipelines/stable_diffusion/__init__.py'>
module_name = 'pipeline_stable_diffusion'

    def _get_module(self, module_name: str):
        try:
            return importlib.import_module("." + module_name, self.__name__)
        except Exception as e:
>           raise RuntimeError(
                f"Failed to import {self.__name__}.{module_name} because of the following error (look up to see its"
                f" traceback):\n{e}"
            ) from e
E           RuntimeError: Failed to import diffusers.pipelines.stable_diffusion.pipeline_stable_diffusion because of the following error (look up to see its traceback):
E           numpy.dtype size changed, may indicate binary incompatibility. Expected 96 from C header, got 88 from PyObject

/home/zeus/miniconda3/envs/cloudspace/lib/python3.12/site-packages/diffusers/utils/import_utils.py:1054: RuntimeError
________________ ERROR at setup of test_BDIA來回誤差遠小於DDIM[4-500] _________________

self = <module 'diffusers.pipelines.stable_diffusion' from '/home/zeus/miniconda3/envs/cloudspace/lib/python3.12/site-packages/diffusers/pipelines/stable_diffusion/__init__.py'>
module_name = 'pipeline_stable_diffusion'

    def _get_module(self, module_name: str):
        try:
>           return importlib.import_module("." + module_name, self.__name__)
                   ^^^^^^^^^^^^^^^^^^^^^^^^^^^^^^^^^^^^^^^^^^^^^^^^^^^^^^^^^

/home/zeus/miniconda3/envs/cloudspace/lib/python3.12/site-packages/diffusers/utils/import_utils.py:1052: 
_ _ _ _ _ _ _ _ _ _ _ _ _ _ _ _ _ _ _ _ _ _ _ _ _ _ _ _ _ _ _ _ _ _ _ _ _ _ _ _ 
/home/zeus/miniconda3/envs/cloudspace/lib/python3.12/importlib/__init__.py:90: in import_module
    return _bootstrap._gcd_import(name[level:], package, level)
           ^^^^^^^^^^^^^^^^^^^^^^^^^^^^^^^^^^^^^^^^^^^^^^^^^^^^
/home/zeus/miniconda3/envs/cloudspace/lib/python3.12/site-packages/diffusers/pipelines/stable_diffusion/pipeline_stable_diffusion.py:19: in <module>
    from transformers import CLIPImageProcessor, CLIPTextModel, CLIPTokenizer, CLIPVisionModelWithProjection
/home/zeus/miniconda3/envs/cloudspace/lib/python3.12/site-packages/transformers/utils/import_utils.py:2342: in __getattr__
    module = self._get_module(self._class_to_module[name])
             ^^^^^^^^^^^^^^^^^^^^^^^^^^^^^^^^^^^^^^^^^^^^^
/home/zeus/miniconda3/envs/cloudspace/lib/python3.12/site-packages/transformers/utils/import_utils.py:2576: in _get_module
    raise e
/home/zeus/miniconda3/envs/cloudspace/lib/python3.12/site-packages/transformers/utils/import_utils.py:2574: in _get_module
    return importlib.import_module("." + module_name, self.__name__)
           ^^^^^^^^^^^^^^^^^^^^^^^^^^^^^^^^^^^^^^^^^^^^^^^^^^^^^^^^^
/home/zeus/miniconda3/envs/cloudspace/lib/python3.12/importlib/__init__.py:90: in import_module
    return _bootstrap._gcd_import(name[level:], package, level)
           ^^^^^^^^^^^^^^^^^^^^^^^^^^^^^^^^^^^^^^^^^^^^^^^^^^^^
/home/zeus/miniconda3/envs/cloudspace/lib/python3.12/site-packages/transformers/models/clip/image_processing_clip.py:22: in <module>
    @auto_docstring
     ^^^^^^^^^^^^^^
/home/zeus/miniconda3/envs/cloudspace/lib/python3.12/site-packages/transformers/utils/auto_docstring.py:4536: in auto_docstring
    return auto_docstring_decorator(obj)
           ^^^^^^^^^^^^^^^^^^^^^^^^^^^^^
/home/zeus/miniconda3/envs/cloudspace/lib/python3.12/site-packages/transformers/utils/auto_docstring.py:4533: in auto_docstring_decorator
    return auto_class_docstring(obj, custom_args=custom_args, custom_intro=custom_intro, checkpoint=checkpoint)
           ^^^^^^^^^^^^^^^^^^^^^^^^^^^^^^^^^^^^^^^^^^^^^^^^^^^^^^^^^^^^^^^^^^^^^^^^^^^^^^^^^^^^^^^^^^^^^^^^^^^^
/home/zeus/miniconda3/envs/cloudspace/lib/python3.12/site-packages/transformers/utils/auto_docstring.py:4279: in auto_class_docstring
    getattr(auto_module, PLACEHOLDER_TO_AUTO_MODULE["model_class"][0]),
    ^^^^^^^^^^^^^^^^^^^^^^^^^^^^^^^^^^^^^^^^^^^^^^^^^^^^^^^^^^^^^^^^^^
/home/zeus/miniconda3/envs/cloudspace/lib/python3.12/site-packages/transformers/utils/import_utils.py:2436: in __getattr__
    value = self._get_module(name)
            ^^^^^^^^^^^^^^^^^^^^^^
/home/zeus/miniconda3/envs/cloudspace/lib/python3.12/site-packages/transformers/utils/import_utils.py:2576: in _get_module
    raise e
/home/zeus/miniconda3/envs/cloudspace/lib/python3.12/site-packages/transformers/utils/import_utils.py:2574: in _get_module
    return importlib.import_module("." + module_name, self.__name__)
           ^^^^^^^^^^^^^^^^^^^^^^^^^^^^^^^^^^^^^^^^^^^^^^^^^^^^^^^^^
/home/zeus/miniconda3/envs/cloudspace/lib/python3.12/importlib/__init__.py:90: in import_module
    return _bootstrap._gcd_import(name[level:], package, level)
           ^^^^^^^^^^^^^^^^^^^^^^^^^^^^^^^^^^^^^^^^^^^^^^^^^^^^
/home/zeus/miniconda3/envs/cloudspace/lib/python3.12/site-packages/transformers/models/auto/modeling_auto.py:21: in <module>
    from .auto_factory import (
/home/zeus/miniconda3/envs/cloudspace/lib/python3.12/site-packages/transformers/models/auto/auto_factory.py:42: in <module>
    from ...generation import GenerationMixin
/home/zeus/miniconda3/envs/cloudspace/lib/python3.12/site-packages/transformers/utils/import_utils.py:2342: in __getattr__
    module = self._get_module(self._class_to_module[name])
             ^^^^^^^^^^^^^^^^^^^^^^^^^^^^^^^^^^^^^^^^^^^^^
/home/zeus/miniconda3/envs/cloudspace/lib/python3.12/site-packages/transformers/utils/import_utils.py:2576: in _get_module
    raise e
/home/zeus/miniconda3/envs/cloudspace/lib/python3.12/site-packages/transformers/utils/import_utils.py:2574: in _get_module
    return importlib.import_module("." + module_name, self.__name__)
           ^^^^^^^^^^^^^^^^^^^^^^^^^^^^^^^^^^^^^^^^^^^^^^^^^^^^^^^^^
/home/zeus/miniconda3/envs/cloudspace/lib/python3.12/importlib/__init__.py:90: in import_module
    return _bootstrap._gcd_import(name[level:], package, level)
           ^^^^^^^^^^^^^^^^^^^^^^^^^^^^^^^^^^^^^^^^^^^^^^^^^^^^
/home/zeus/miniconda3/envs/cloudspace/lib/python3.12/site-packages/transformers/generation/utils.py:53: in <module>
    from .candidate_generator import (
/home/zeus/miniconda3/envs/cloudspace/lib/python3.12/site-packages/transformers/generation/candidate_generator.py:31: in <module>
    from sklearn.metrics import roc_curve
/home/zeus/miniconda3/envs/cloudspace/lib/python3.12/site-packages/sklearn/__init__.py:83: in <module>
    from .base import clone
/home/zeus/miniconda3/envs/cloudspace/lib/python3.12/site-packages/sklearn/base.py:19: in <module>
    from .utils import _IS_32BIT
/home/zeus/miniconda3/envs/cloudspace/lib/python3.12/site-packages/sklearn/utils/__init__.py:27: in <module>
    from .murmurhash import murmurhash3_32
_ _ _ _ _ _ _ _ _ _ _ _ _ _ _ _ _ _ _ _ _ _ _ _ _ _ _ _ _ _ _ _ _ _ _ _ _ _ _ _ 

>   ???
E   ValueError: numpy.dtype size changed, may indicate binary incompatibility. Expected 96 from C header, got 88 from PyObject

sklearn/utils/murmurhash.pyx:1: ValueError

The above exception was the direct cause of the following exception:

    @pytest.fixture(scope="module")
    def sd():
>       return SDWrapper(TINY)
               ^^^^^^^^^^^^^^^

tests/test_pipeline.py:43: 
_ _ _ _ _ _ _ _ _ _ _ _ _ _ _ _ _ _ _ _ _ _ _ _ _ _ _ _ _ _ _ _ _ _ _ _ _ _ _ _ 
src/models/sd.py:30: in __init__
    from diffusers import StableDiffusionPipeline
<frozen importlib._bootstrap>:1412: in _handle_fromlist
    ???
/home/zeus/miniconda3/envs/cloudspace/lib/python3.12/site-packages/diffusers/utils/import_utils.py:1043: in __getattr__
    value = getattr(module, name)
            ^^^^^^^^^^^^^^^^^^^^^
/home/zeus/miniconda3/envs/cloudspace/lib/python3.12/site-packages/diffusers/utils/import_utils.py:1043: in __getattr__
    value = getattr(module, name)
            ^^^^^^^^^^^^^^^^^^^^^
/home/zeus/miniconda3/envs/cloudspace/lib/python3.12/site-packages/diffusers/utils/import_utils.py:1042: in __getattr__
    module = self._get_module(self._class_to_module[name])
             ^^^^^^^^^^^^^^^^^^^^^^^^^^^^^^^^^^^^^^^^^^^^^
_ _ _ _ _ _ _ _ _ _ _ _ _ _ _ _ _ _ _ _ _ _ _ _ _ _ _ _ _ _ _ _ _ _ _ _ _ _ _ _ 

self = <module 'diffusers.pipelines.stable_diffusion' from '/home/zeus/miniconda3/envs/cloudspace/lib/python3.12/site-packages/diffusers/pipelines/stable_diffusion/__init__.py'>
module_name = 'pipeline_stable_diffusion'

    def _get_module(self, module_name: str):
        try:
            return importlib.import_module("." + module_name, self.__name__)
        except Exception as e:
>           raise RuntimeError(
                f"Failed to import {self.__name__}.{module_name} because of the following error (look up to see its"
                f" traceback):\n{e}"
            ) from e
E           RuntimeError: Failed to import diffusers.pipelines.stable_diffusion.pipeline_stable_diffusion because of the following error (look up to see its traceback):
E           numpy.dtype size changed, may indicate binary incompatibility. Expected 96 from C header, got 88 from PyObject

/home/zeus/miniconda3/envs/cloudspace/lib/python3.12/site-packages/diffusers/utils/import_utils.py:1054: RuntimeError
________________ ERROR at setup of test_BDIA來回誤差遠小於DDIM[10-500] ________________

self = <module 'diffusers.pipelines.stable_diffusion' from '/home/zeus/miniconda3/envs/cloudspace/lib/python3.12/site-packages/diffusers/pipelines/stable_diffusion/__init__.py'>
module_name = 'pipeline_stable_diffusion'

    def _get_module(self, module_name: str):
        try:
>           return importlib.import_module("." + module_name, self.__name__)
                   ^^^^^^^^^^^^^^^^^^^^^^^^^^^^^^^^^^^^^^^^^^^^^^^^^^^^^^^^^

/home/zeus/miniconda3/envs/cloudspace/lib/python3.12/site-packages/diffusers/utils/import_utils.py:1052: 
_ _ _ _ _ _ _ _ _ _ _ _ _ _ _ _ _ _ _ _ _ _ _ _ _ _ _ _ _ _ _ _ _ _ _ _ _ _ _ _ 
/home/zeus/miniconda3/envs/cloudspace/lib/python3.12/importlib/__init__.py:90: in import_module
    return _bootstrap._gcd_import(name[level:], package, level)
           ^^^^^^^^^^^^^^^^^^^^^^^^^^^^^^^^^^^^^^^^^^^^^^^^^^^^
/home/zeus/miniconda3/envs/cloudspace/lib/python3.12/site-packages/diffusers/pipelines/stable_diffusion/pipeline_stable_diffusion.py:19: in <module>
    from transformers import CLIPImageProcessor, CLIPTextModel, CLIPTokenizer, CLIPVisionModelWithProjection
/home/zeus/miniconda3/envs/cloudspace/lib/python3.12/site-packages/transformers/utils/import_utils.py:2342: in __getattr__
    module = self._get_module(self._class_to_module[name])
             ^^^^^^^^^^^^^^^^^^^^^^^^^^^^^^^^^^^^^^^^^^^^^
/home/zeus/miniconda3/envs/cloudspace/lib/python3.12/site-packages/transformers/utils/import_utils.py:2576: in _get_module
    raise e
/home/zeus/miniconda3/envs/cloudspace/lib/python3.12/site-packages/transformers/utils/import_utils.py:2574: in _get_module
    return importlib.import_module("." + module_name, self.__name__)
           ^^^^^^^^^^^^^^^^^^^^^^^^^^^^^^^^^^^^^^^^^^^^^^^^^^^^^^^^^
/home/zeus/miniconda3/envs/cloudspace/lib/python3.12/importlib/__init__.py:90: in import_module
    return _bootstrap._gcd_import(name[level:], package, level)
           ^^^^^^^^^^^^^^^^^^^^^^^^^^^^^^^^^^^^^^^^^^^^^^^^^^^^
/home/zeus/miniconda3/envs/cloudspace/lib/python3.12/site-packages/transformers/models/clip/image_processing_clip.py:22: in <module>
    @auto_docstring
     ^^^^^^^^^^^^^^
/home/zeus/miniconda3/envs/cloudspace/lib/python3.12/site-packages/transformers/utils/auto_docstring.py:4536: in auto_docstring
    return auto_docstring_decorator(obj)
           ^^^^^^^^^^^^^^^^^^^^^^^^^^^^^
/home/zeus/miniconda3/envs/cloudspace/lib/python3.12/site-packages/transformers/utils/auto_docstring.py:4533: in auto_docstring_decorator
    return auto_class_docstring(obj, custom_args=custom_args, custom_intro=custom_intro, checkpoint=checkpoint)
           ^^^^^^^^^^^^^^^^^^^^^^^^^^^^^^^^^^^^^^^^^^^^^^^^^^^^^^^^^^^^^^^^^^^^^^^^^^^^^^^^^^^^^^^^^^^^^^^^^^^^
/home/zeus/miniconda3/envs/cloudspace/lib/python3.12/site-packages/transformers/utils/auto_docstring.py:4279: in auto_class_docstring
    getattr(auto_module, PLACEHOLDER_TO_AUTO_MODULE["model_class"][0]),
    ^^^^^^^^^^^^^^^^^^^^^^^^^^^^^^^^^^^^^^^^^^^^^^^^^^^^^^^^^^^^^^^^^^
/home/zeus/miniconda3/envs/cloudspace/lib/python3.12/site-packages/transformers/utils/import_utils.py:2436: in __getattr__
    value = self._get_module(name)
            ^^^^^^^^^^^^^^^^^^^^^^
/home/zeus/miniconda3/envs/cloudspace/lib/python3.12/site-packages/transformers/utils/import_utils.py:2576: in _get_module
    raise e
/home/zeus/miniconda3/envs/cloudspace/lib/python3.12/site-packages/transformers/utils/import_utils.py:2574: in _get_module
    return importlib.import_module("." + module_name, self.__name__)
           ^^^^^^^^^^^^^^^^^^^^^^^^^^^^^^^^^^^^^^^^^^^^^^^^^^^^^^^^^
/home/zeus/miniconda3/envs/cloudspace/lib/python3.12/importlib/__init__.py:90: in import_module
    return _bootstrap._gcd_import(name[level:], package, level)
           ^^^^^^^^^^^^^^^^^^^^^^^^^^^^^^^^^^^^^^^^^^^^^^^^^^^^
/home/zeus/miniconda3/envs/cloudspace/lib/python3.12/site-packages/transformers/models/auto/modeling_auto.py:21: in <module>
    from .auto_factory import (
/home/zeus/miniconda3/envs/cloudspace/lib/python3.12/site-packages/transformers/models/auto/auto_factory.py:42: in <module>
    from ...generation import GenerationMixin
/home/zeus/miniconda3/envs/cloudspace/lib/python3.12/site-packages/transformers/utils/import_utils.py:2342: in __getattr__
    module = self._get_module(self._class_to_module[name])
             ^^^^^^^^^^^^^^^^^^^^^^^^^^^^^^^^^^^^^^^^^^^^^
/home/zeus/miniconda3/envs/cloudspace/lib/python3.12/site-packages/transformers/utils/import_utils.py:2576: in _get_module
    raise e
/home/zeus/miniconda3/envs/cloudspace/lib/python3.12/site-packages/transformers/utils/import_utils.py:2574: in _get_module
    return importlib.import_module("." + module_name, self.__name__)
           ^^^^^^^^^^^^^^^^^^^^^^^^^^^^^^^^^^^^^^^^^^^^^^^^^^^^^^^^^
/home/zeus/miniconda3/envs/cloudspace/lib/python3.12/importlib/__init__.py:90: in import_module
    return _bootstrap._gcd_import(name[level:], package, level)
           ^^^^^^^^^^^^^^^^^^^^^^^^^^^^^^^^^^^^^^^^^^^^^^^^^^^^
/home/zeus/miniconda3/envs/cloudspace/lib/python3.12/site-packages/transformers/generation/utils.py:53: in <module>
    from .candidate_generator import (
/home/zeus/miniconda3/envs/cloudspace/lib/python3.12/site-packages/transformers/generation/candidate_generator.py:31: in <module>
    from sklearn.metrics import roc_curve
/home/zeus/miniconda3/envs/cloudspace/lib/python3.12/site-packages/sklearn/__init__.py:83: in <module>
    from .base import clone
/home/zeus/miniconda3/envs/cloudspace/lib/python3.12/site-packages/sklearn/base.py:19: in <module>
    from .utils import _IS_32BIT
/home/zeus/miniconda3/envs/cloudspace/lib/python3.12/site-packages/sklearn/utils/__init__.py:27: in <module>
    from .murmurhash import murmurhash3_32
_ _ _ _ _ _ _ _ _ _ _ _ _ _ _ _ _ _ _ _ _ _ _ _ _ _ _ _ _ _ _ _ _ _ _ _ _ _ _ _ 

>   ???
E   ValueError: numpy.dtype size changed, may indicate binary incompatibility. Expected 96 from C header, got 88 from PyObject

sklearn/utils/murmurhash.pyx:1: ValueError

The above exception was the direct cause of the following exception:

    @pytest.fixture(scope="module")
    def sd():
>       return SDWrapper(TINY)
               ^^^^^^^^^^^^^^^

tests/test_pipeline.py:43: 
_ _ _ _ _ _ _ _ _ _ _ _ _ _ _ _ _ _ _ _ _ _ _ _ _ _ _ _ _ _ _ _ _ _ _ _ _ _ _ _ 
src/models/sd.py:30: in __init__
    from diffusers import StableDiffusionPipeline
<frozen importlib._bootstrap>:1412: in _handle_fromlist
    ???
/home/zeus/miniconda3/envs/cloudspace/lib/python3.12/site-packages/diffusers/utils/import_utils.py:1043: in __getattr__
    value = getattr(module, name)
            ^^^^^^^^^^^^^^^^^^^^^
/home/zeus/miniconda3/envs/cloudspace/lib/python3.12/site-packages/diffusers/utils/import_utils.py:1043: in __getattr__
    value = getattr(module, name)
            ^^^^^^^^^^^^^^^^^^^^^
/home/zeus/miniconda3/envs/cloudspace/lib/python3.12/site-packages/diffusers/utils/import_utils.py:1042: in __getattr__
    module = self._get_module(self._class_to_module[name])
             ^^^^^^^^^^^^^^^^^^^^^^^^^^^^^^^^^^^^^^^^^^^^^
_ _ _ _ _ _ _ _ _ _ _ _ _ _ _ _ _ _ _ _ _ _ _ _ _ _ _ _ _ _ _ _ _ _ _ _ _ _ _ _ 

self = <module 'diffusers.pipelines.stable_diffusion' from '/home/zeus/miniconda3/envs/cloudspace/lib/python3.12/site-packages/diffusers/pipelines/stable_diffusion/__init__.py'>
module_name = 'pipeline_stable_diffusion'

    def _get_module(self, module_name: str):
        try:
            return importlib.import_module("." + module_name, self.__name__)
        except Exception as e:
>           raise RuntimeError(
                f"Failed to import {self.__name__}.{module_name} because of the following error (look up to see its"
                f" traceback):\n{e}"
            ) from e
E           RuntimeError: Failed to import diffusers.pipelines.stable_diffusion.pipeline_stable_diffusion because of the following error (look up to see its traceback):
E           numpy.dtype size changed, may indicate binary incompatibility. Expected 96 from C header, got 88 from PyObject

/home/zeus/miniconda3/envs/cloudspace/lib/python3.12/site-packages/diffusers/utils/import_utils.py:1054: RuntimeError
________________ ERROR at setup of test_BDIA來回誤差遠小於DDIM[20-999] ________________

self = <module 'diffusers.pipelines.stable_diffusion' from '/home/zeus/miniconda3/envs/cloudspace/lib/python3.12/site-packages/diffusers/pipelines/stable_diffusion/__init__.py'>
module_name = 'pipeline_stable_diffusion'

    def _get_module(self, module_name: str):
        try:
>           return importlib.import_module("." + module_name, self.__name__)
                   ^^^^^^^^^^^^^^^^^^^^^^^^^^^^^^^^^^^^^^^^^^^^^^^^^^^^^^^^^

/home/zeus/miniconda3/envs/cloudspace/lib/python3.12/site-packages/diffusers/utils/import_utils.py:1052: 
_ _ _ _ _ _ _ _ _ _ _ _ _ _ _ _ _ _ _ _ _ _ _ _ _ _ _ _ _ _ _ _ _ _ _ _ _ _ _ _ 
/home/zeus/miniconda3/envs/cloudspace/lib/python3.12/importlib/__init__.py:90: in import_module
    return _bootstrap._gcd_import(name[level:], package, level)
           ^^^^^^^^^^^^^^^^^^^^^^^^^^^^^^^^^^^^^^^^^^^^^^^^^^^^
/home/zeus/miniconda3/envs/cloudspace/lib/python3.12/site-packages/diffusers/pipelines/stable_diffusion/pipeline_stable_diffusion.py:19: in <module>
    from transformers import CLIPImageProcessor, CLIPTextModel, CLIPTokenizer, CLIPVisionModelWithProjection
/home/zeus/miniconda3/envs/cloudspace/lib/python3.12/site-packages/transformers/utils/import_utils.py:2342: in __getattr__
    module = self._get_module(self._class_to_module[name])
             ^^^^^^^^^^^^^^^^^^^^^^^^^^^^^^^^^^^^^^^^^^^^^
/home/zeus/miniconda3/envs/cloudspace/lib/python3.12/site-packages/transformers/utils/import_utils.py:2576: in _get_module
    raise e
/home/zeus/miniconda3/envs/cloudspace/lib/python3.12/site-packages/transformers/utils/import_utils.py:2574: in _get_module
    return importlib.import_module("." + module_name, self.__name__)
           ^^^^^^^^^^^^^^^^^^^^^^^^^^^^^^^^^^^^^^^^^^^^^^^^^^^^^^^^^
/home/zeus/miniconda3/envs/cloudspace/lib/python3.12/importlib/__init__.py:90: in import_module
    return _bootstrap._gcd_import(name[level:], package, level)
           ^^^^^^^^^^^^^^^^^^^^^^^^^^^^^^^^^^^^^^^^^^^^^^^^^^^^
/home/zeus/miniconda3/envs/cloudspace/lib/python3.12/site-packages/transformers/models/clip/image_processing_clip.py:22: in <module>
    @auto_docstring
     ^^^^^^^^^^^^^^
/home/zeus/miniconda3/envs/cloudspace/lib/python3.12/site-packages/transformers/utils/auto_docstring.py:4536: in auto_docstring
    return auto_docstring_decorator(obj)
           ^^^^^^^^^^^^^^^^^^^^^^^^^^^^^
/home/zeus/miniconda3/envs/cloudspace/lib/python3.12/site-packages/transformers/utils/auto_docstring.py:4533: in auto_docstring_decorator
    return auto_class_docstring(obj, custom_args=custom_args, custom_intro=custom_intro, checkpoint=checkpoint)
           ^^^^^^^^^^^^^^^^^^^^^^^^^^^^^^^^^^^^^^^^^^^^^^^^^^^^^^^^^^^^^^^^^^^^^^^^^^^^^^^^^^^^^^^^^^^^^^^^^^^^
/home/zeus/miniconda3/envs/cloudspace/lib/python3.12/site-packages/transformers/utils/auto_docstring.py:4279: in auto_class_docstring
    getattr(auto_module, PLACEHOLDER_TO_AUTO_MODULE["model_class"][0]),
    ^^^^^^^^^^^^^^^^^^^^^^^^^^^^^^^^^^^^^^^^^^^^^^^^^^^^^^^^^^^^^^^^^^
/home/zeus/miniconda3/envs/cloudspace/lib/python3.12/site-packages/transformers/utils/import_utils.py:2436: in __getattr__
    value = self._get_module(name)
            ^^^^^^^^^^^^^^^^^^^^^^
/home/zeus/miniconda3/envs/cloudspace/lib/python3.12/site-packages/transformers/utils/import_utils.py:2576: in _get_module
    raise e
/home/zeus/miniconda3/envs/cloudspace/lib/python3.12/site-packages/transformers/utils/import_utils.py:2574: in _get_module
    return importlib.import_module("." + module_name, self.__name__)
           ^^^^^^^^^^^^^^^^^^^^^^^^^^^^^^^^^^^^^^^^^^^^^^^^^^^^^^^^^
/home/zeus/miniconda3/envs/cloudspace/lib/python3.12/importlib/__init__.py:90: in import_module
    return _bootstrap._gcd_import(name[level:], package, level)
           ^^^^^^^^^^^^^^^^^^^^^^^^^^^^^^^^^^^^^^^^^^^^^^^^^^^^
/home/zeus/miniconda3/envs/cloudspace/lib/python3.12/site-packages/transformers/models/auto/modeling_auto.py:21: in <module>
    from .auto_factory import (
/home/zeus/miniconda3/envs/cloudspace/lib/python3.12/site-packages/transformers/models/auto/auto_factory.py:42: in <module>
    from ...generation import GenerationMixin
/home/zeus/miniconda3/envs/cloudspace/lib/python3.12/site-packages/transformers/utils/import_utils.py:2342: in __getattr__
    module = self._get_module(self._class_to_module[name])
             ^^^^^^^^^^^^^^^^^^^^^^^^^^^^^^^^^^^^^^^^^^^^^
/home/zeus/miniconda3/envs/cloudspace/lib/python3.12/site-packages/transformers/utils/import_utils.py:2576: in _get_module
    raise e
/home/zeus/miniconda3/envs/cloudspace/lib/python3.12/site-packages/transformers/utils/import_utils.py:2574: in _get_module
    return importlib.import_module("." + module_name, self.__name__)
           ^^^^^^^^^^^^^^^^^^^^^^^^^^^^^^^^^^^^^^^^^^^^^^^^^^^^^^^^^
/home/zeus/miniconda3/envs/cloudspace/lib/python3.12/importlib/__init__.py:90: in import_module
    return _bootstrap._gcd_import(name[level:], package, level)
           ^^^^^^^^^^^^^^^^^^^^^^^^^^^^^^^^^^^^^^^^^^^^^^^^^^^^
/home/zeus/miniconda3/envs/cloudspace/lib/python3.12/site-packages/transformers/generation/utils.py:53: in <module>
    from .candidate_generator import (
/home/zeus/miniconda3/envs/cloudspace/lib/python3.12/site-packages/transformers/generation/candidate_generator.py:31: in <module>
    from sklearn.metrics import roc_curve
/home/zeus/miniconda3/envs/cloudspace/lib/python3.12/site-packages/sklearn/__init__.py:83: in <module>
    from .base import clone
/home/zeus/miniconda3/envs/cloudspace/lib/python3.12/site-packages/sklearn/base.py:19: in <module>
    from .utils import _IS_32BIT
/home/zeus/miniconda3/envs/cloudspace/lib/python3.12/site-packages/sklearn/utils/__init__.py:27: in <module>
    from .murmurhash import murmurhash3_32
_ _ _ _ _ _ _ _ _ _ _ _ _ _ _ _ _ _ _ _ _ _ _ _ _ _ _ _ _ _ _ _ _ _ _ _ _ _ _ _ 

>   ???
E   ValueError: numpy.dtype size changed, may indicate binary incompatibility. Expected 96 from C header, got 88 from PyObject

sklearn/utils/murmurhash.pyx:1: ValueError

The above exception was the direct cause of the following exception:

    @pytest.fixture(scope="module")
    def sd():
>       return SDWrapper(TINY)
               ^^^^^^^^^^^^^^^

tests/test_pipeline.py:43: 
_ _ _ _ _ _ _ _ _ _ _ _ _ _ _ _ _ _ _ _ _ _ _ _ _ _ _ _ _ _ _ _ _ _ _ _ _ _ _ _ 
src/models/sd.py:30: in __init__
    from diffusers import StableDiffusionPipeline
<frozen importlib._bootstrap>:1412: in _handle_fromlist
    ???
/home/zeus/miniconda3/envs/cloudspace/lib/python3.12/site-packages/diffusers/utils/import_utils.py:1043: in __getattr__
    value = getattr(module, name)
            ^^^^^^^^^^^^^^^^^^^^^
/home/zeus/miniconda3/envs/cloudspace/lib/python3.12/site-packages/diffusers/utils/import_utils.py:1043: in __getattr__
    value = getattr(module, name)
            ^^^^^^^^^^^^^^^^^^^^^
/home/zeus/miniconda3/envs/cloudspace/lib/python3.12/site-packages/diffusers/utils/import_utils.py:1042: in __getattr__
    module = self._get_module(self._class_to_module[name])
             ^^^^^^^^^^^^^^^^^^^^^^^^^^^^^^^^^^^^^^^^^^^^^
_ _ _ _ _ _ _ _ _ _ _ _ _ _ _ _ _ _ _ _ _ _ _ _ _ _ _ _ _ _ _ _ _ _ _ _ _ _ _ _ 

self = <module 'diffusers.pipelines.stable_diffusion' from '/home/zeus/miniconda3/envs/cloudspace/lib/python3.12/site-packages/diffusers/pipelines/stable_diffusion/__init__.py'>
module_name = 'pipeline_stable_diffusion'

    def _get_module(self, module_name: str):
        try:
            return importlib.import_module("." + module_name, self.__name__)
        except Exception as e:
>           raise RuntimeError(
                f"Failed to import {self.__name__}.{module_name} because of the following error (look up to see its"
                f" traceback):\n{e}"
            ) from e
E           RuntimeError: Failed to import diffusers.pipelines.stable_diffusion.pipeline_stable_diffusion because of the following error (look up to see its traceback):
E           numpy.dtype size changed, may indicate binary incompatibility. Expected 96 from C header, got 88 from PyObject

/home/zeus/miniconda3/envs/cloudspace/lib/python3.12/site-packages/diffusers/utils/import_utils.py:1054: RuntimeError
___________________ ERROR at setup of test_BDIA的gamma為零時明確報錯 ___________________

self = <module 'diffusers.pipelines.stable_diffusion' from '/home/zeus/miniconda3/envs/cloudspace/lib/python3.12/site-packages/diffusers/pipelines/stable_diffusion/__init__.py'>
module_name = 'pipeline_stable_diffusion'

    def _get_module(self, module_name: str):
        try:
>           return importlib.import_module("." + module_name, self.__name__)
                   ^^^^^^^^^^^^^^^^^^^^^^^^^^^^^^^^^^^^^^^^^^^^^^^^^^^^^^^^^

/home/zeus/miniconda3/envs/cloudspace/lib/python3.12/site-packages/diffusers/utils/import_utils.py:1052: 
_ _ _ _ _ _ _ _ _ _ _ _ _ _ _ _ _ _ _ _ _ _ _ _ _ _ _ _ _ _ _ _ _ _ _ _ _ _ _ _ 
/home/zeus/miniconda3/envs/cloudspace/lib/python3.12/importlib/__init__.py:90: in import_module
    return _bootstrap._gcd_import(name[level:], package, level)
           ^^^^^^^^^^^^^^^^^^^^^^^^^^^^^^^^^^^^^^^^^^^^^^^^^^^^
/home/zeus/miniconda3/envs/cloudspace/lib/python3.12/site-packages/diffusers/pipelines/stable_diffusion/pipeline_stable_diffusion.py:19: in <module>
    from transformers import CLIPImageProcessor, CLIPTextModel, CLIPTokenizer, CLIPVisionModelWithProjection
/home/zeus/miniconda3/envs/cloudspace/lib/python3.12/site-packages/transformers/utils/import_utils.py:2342: in __getattr__
    module = self._get_module(self._class_to_module[name])
             ^^^^^^^^^^^^^^^^^^^^^^^^^^^^^^^^^^^^^^^^^^^^^
/home/zeus/miniconda3/envs/cloudspace/lib/python3.12/site-packages/transformers/utils/import_utils.py:2576: in _get_module
    raise e
/home/zeus/miniconda3/envs/cloudspace/lib/python3.12/site-packages/transformers/utils/import_utils.py:2574: in _get_module
    return importlib.import_module("." + module_name, self.__name__)
           ^^^^^^^^^^^^^^^^^^^^^^^^^^^^^^^^^^^^^^^^^^^^^^^^^^^^^^^^^
/home/zeus/miniconda3/envs/cloudspace/lib/python3.12/importlib/__init__.py:90: in import_module
    return _bootstrap._gcd_import(name[level:], package, level)
           ^^^^^^^^^^^^^^^^^^^^^^^^^^^^^^^^^^^^^^^^^^^^^^^^^^^^
/home/zeus/miniconda3/envs/cloudspace/lib/python3.12/site-packages/transformers/models/clip/image_processing_clip.py:22: in <module>
    @auto_docstring
     ^^^^^^^^^^^^^^
/home/zeus/miniconda3/envs/cloudspace/lib/python3.12/site-packages/transformers/utils/auto_docstring.py:4536: in auto_docstring
    return auto_docstring_decorator(obj)
           ^^^^^^^^^^^^^^^^^^^^^^^^^^^^^
/home/zeus/miniconda3/envs/cloudspace/lib/python3.12/site-packages/transformers/utils/auto_docstring.py:4533: in auto_docstring_decorator
    return auto_class_docstring(obj, custom_args=custom_args, custom_intro=custom_intro, checkpoint=checkpoint)
           ^^^^^^^^^^^^^^^^^^^^^^^^^^^^^^^^^^^^^^^^^^^^^^^^^^^^^^^^^^^^^^^^^^^^^^^^^^^^^^^^^^^^^^^^^^^^^^^^^^^^
/home/zeus/miniconda3/envs/cloudspace/lib/python3.12/site-packages/transformers/utils/auto_docstring.py:4279: in auto_class_docstring
    getattr(auto_module, PLACEHOLDER_TO_AUTO_MODULE["model_class"][0]),
    ^^^^^^^^^^^^^^^^^^^^^^^^^^^^^^^^^^^^^^^^^^^^^^^^^^^^^^^^^^^^^^^^^^
/home/zeus/miniconda3/envs/cloudspace/lib/python3.12/site-packages/transformers/utils/import_utils.py:2436: in __getattr__
    value = self._get_module(name)
            ^^^^^^^^^^^^^^^^^^^^^^
/home/zeus/miniconda3/envs/cloudspace/lib/python3.12/site-packages/transformers/utils/import_utils.py:2576: in _get_module
    raise e
/home/zeus/miniconda3/envs/cloudspace/lib/python3.12/site-packages/transformers/utils/import_utils.py:2574: in _get_module
    return importlib.import_module("." + module_name, self.__name__)
           ^^^^^^^^^^^^^^^^^^^^^^^^^^^^^^^^^^^^^^^^^^^^^^^^^^^^^^^^^
/home/zeus/miniconda3/envs/cloudspace/lib/python3.12/importlib/__init__.py:90: in import_module
    return _bootstrap._gcd_import(name[level:], package, level)
           ^^^^^^^^^^^^^^^^^^^^^^^^^^^^^^^^^^^^^^^^^^^^^^^^^^^^
/home/zeus/miniconda3/envs/cloudspace/lib/python3.12/site-packages/transformers/models/auto/modeling_auto.py:21: in <module>
    from .auto_factory import (
/home/zeus/miniconda3/envs/cloudspace/lib/python3.12/site-packages/transformers/models/auto/auto_factory.py:42: in <module>
    from ...generation import GenerationMixin
/home/zeus/miniconda3/envs/cloudspace/lib/python3.12/site-packages/transformers/utils/import_utils.py:2342: in __getattr__
    module = self._get_module(self._class_to_module[name])
             ^^^^^^^^^^^^^^^^^^^^^^^^^^^^^^^^^^^^^^^^^^^^^
/home/zeus/miniconda3/envs/cloudspace/lib/python3.12/site-packages/transformers/utils/import_utils.py:2576: in _get_module
    raise e
/home/zeus/miniconda3/envs/cloudspace/lib/python3.12/site-packages/transformers/utils/import_utils.py:2574: in _get_module
    return importlib.import_module("." + module_name, self.__name__)
           ^^^^^^^^^^^^^^^^^^^^^^^^^^^^^^^^^^^^^^^^^^^^^^^^^^^^^^^^^
/home/zeus/miniconda3/envs/cloudspace/lib/python3.12/importlib/__init__.py:90: in import_module
    return _bootstrap._gcd_import(name[level:], package, level)
           ^^^^^^^^^^^^^^^^^^^^^^^^^^^^^^^^^^^^^^^^^^^^^^^^^^^^
/home/zeus/miniconda3/envs/cloudspace/lib/python3.12/site-packages/transformers/generation/utils.py:53: in <module>
    from .candidate_generator import (
/home/zeus/miniconda3/envs/cloudspace/lib/python3.12/site-packages/transformers/generation/candidate_generator.py:31: in <module>
    from sklearn.metrics import roc_curve
/home/zeus/miniconda3/envs/cloudspace/lib/python3.12/site-packages/sklearn/__init__.py:83: in <module>
    from .base import clone
/home/zeus/miniconda3/envs/cloudspace/lib/python3.12/site-packages/sklearn/base.py:19: in <module>
    from .utils import _IS_32BIT
/home/zeus/miniconda3/envs/cloudspace/lib/python3.12/site-packages/sklearn/utils/__init__.py:27: in <module>
    from .murmurhash import murmurhash3_32
_ _ _ _ _ _ _ _ _ _ _ _ _ _ _ _ _ _ _ _ _ _ _ _ _ _ _ _ _ _ _ _ _ _ _ _ _ _ _ _ 

>   ???
E   ValueError: numpy.dtype size changed, may indicate binary incompatibility. Expected 96 from C header, got 88 from PyObject

sklearn/utils/murmurhash.pyx:1: ValueError

The above exception was the direct cause of the following exception:

    @pytest.fixture(scope="module")
    def sd():
>       return SDWrapper(TINY)
               ^^^^^^^^^^^^^^^

tests/test_pipeline.py:43: 
_ _ _ _ _ _ _ _ _ _ _ _ _ _ _ _ _ _ _ _ _ _ _ _ _ _ _ _ _ _ _ _ _ _ _ _ _ _ _ _ 
src/models/sd.py:30: in __init__
    from diffusers import StableDiffusionPipeline
<frozen importlib._bootstrap>:1412: in _handle_fromlist
    ???
/home/zeus/miniconda3/envs/cloudspace/lib/python3.12/site-packages/diffusers/utils/import_utils.py:1043: in __getattr__
    value = getattr(module, name)
            ^^^^^^^^^^^^^^^^^^^^^
/home/zeus/miniconda3/envs/cloudspace/lib/python3.12/site-packages/diffusers/utils/import_utils.py:1043: in __getattr__
    value = getattr(module, name)
            ^^^^^^^^^^^^^^^^^^^^^
/home/zeus/miniconda3/envs/cloudspace/lib/python3.12/site-packages/diffusers/utils/import_utils.py:1042: in __getattr__
    module = self._get_module(self._class_to_module[name])
             ^^^^^^^^^^^^^^^^^^^^^^^^^^^^^^^^^^^^^^^^^^^^^
_ _ _ _ _ _ _ _ _ _ _ _ _ _ _ _ _ _ _ _ _ _ _ _ _ _ _ _ _ _ _ _ _ _ _ _ _ _ _ _ 

self = <module 'diffusers.pipelines.stable_diffusion' from '/home/zeus/miniconda3/envs/cloudspace/lib/python3.12/site-packages/diffusers/pipelines/stable_diffusion/__init__.py'>
module_name = 'pipeline_stable_diffusion'

    def _get_module(self, module_name: str):
        try:
            return importlib.import_module("." + module_name, self.__name__)
        except Exception as e:
>           raise RuntimeError(
                f"Failed to import {self.__name__}.{module_name} because of the following error (look up to see its"
                f" traceback):\n{e}"
            ) from e
E           RuntimeError: Failed to import diffusers.pipelines.stable_diffusion.pipeline_stable_diffusion because of the following error (look up to see its traceback):
E           numpy.dtype size changed, may indicate binary incompatibility. Expected 96 from C header, got 88 from PyObject

/home/zeus/miniconda3/envs/cloudspace/lib/python3.12/site-packages/diffusers/utils/import_utils.py:1054: RuntimeError
_____________ ERROR at setup of test_generator以exact_inversion切換路徑 _____________

self = <module 'diffusers.pipelines.stable_diffusion' from '/home/zeus/miniconda3/envs/cloudspace/lib/python3.12/site-packages/diffusers/pipelines/stable_diffusion/__init__.py'>
module_name = 'pipeline_stable_diffusion'

    def _get_module(self, module_name: str):
        try:
>           return importlib.import_module("." + module_name, self.__name__)
                   ^^^^^^^^^^^^^^^^^^^^^^^^^^^^^^^^^^^^^^^^^^^^^^^^^^^^^^^^^

/home/zeus/miniconda3/envs/cloudspace/lib/python3.12/site-packages/diffusers/utils/import_utils.py:1052: 
_ _ _ _ _ _ _ _ _ _ _ _ _ _ _ _ _ _ _ _ _ _ _ _ _ _ _ _ _ _ _ _ _ _ _ _ _ _ _ _ 
/home/zeus/miniconda3/envs/cloudspace/lib/python3.12/importlib/__init__.py:90: in import_module
    return _bootstrap._gcd_import(name[level:], package, level)
           ^^^^^^^^^^^^^^^^^^^^^^^^^^^^^^^^^^^^^^^^^^^^^^^^^^^^
/home/zeus/miniconda3/envs/cloudspace/lib/python3.12/site-packages/diffusers/pipelines/stable_diffusion/pipeline_stable_diffusion.py:19: in <module>
    from transformers import CLIPImageProcessor, CLIPTextModel, CLIPTokenizer, CLIPVisionModelWithProjection
/home/zeus/miniconda3/envs/cloudspace/lib/python3.12/site-packages/transformers/utils/import_utils.py:2342: in __getattr__
    module = self._get_module(self._class_to_module[name])
             ^^^^^^^^^^^^^^^^^^^^^^^^^^^^^^^^^^^^^^^^^^^^^
/home/zeus/miniconda3/envs/cloudspace/lib/python3.12/site-packages/transformers/utils/import_utils.py:2576: in _get_module
    raise e
/home/zeus/miniconda3/envs/cloudspace/lib/python3.12/site-packages/transformers/utils/import_utils.py:2574: in _get_module
    return importlib.import_module("." + module_name, self.__name__)
           ^^^^^^^^^^^^^^^^^^^^^^^^^^^^^^^^^^^^^^^^^^^^^^^^^^^^^^^^^
/home/zeus/miniconda3/envs/cloudspace/lib/python3.12/importlib/__init__.py:90: in import_module
    return _bootstrap._gcd_import(name[level:], package, level)
           ^^^^^^^^^^^^^^^^^^^^^^^^^^^^^^^^^^^^^^^^^^^^^^^^^^^^
/home/zeus/miniconda3/envs/cloudspace/lib/python3.12/site-packages/transformers/models/clip/image_processing_clip.py:22: in <module>
    @auto_docstring
     ^^^^^^^^^^^^^^
/home/zeus/miniconda3/envs/cloudspace/lib/python3.12/site-packages/transformers/utils/auto_docstring.py:4536: in auto_docstring
    return auto_docstring_decorator(obj)
           ^^^^^^^^^^^^^^^^^^^^^^^^^^^^^
/home/zeus/miniconda3/envs/cloudspace/lib/python3.12/site-packages/transformers/utils/auto_docstring.py:4533: in auto_docstring_decorator
    return auto_class_docstring(obj, custom_args=custom_args, custom_intro=custom_intro, checkpoint=checkpoint)
           ^^^^^^^^^^^^^^^^^^^^^^^^^^^^^^^^^^^^^^^^^^^^^^^^^^^^^^^^^^^^^^^^^^^^^^^^^^^^^^^^^^^^^^^^^^^^^^^^^^^^
/home/zeus/miniconda3/envs/cloudspace/lib/python3.12/site-packages/transformers/utils/auto_docstring.py:4279: in auto_class_docstring
    getattr(auto_module, PLACEHOLDER_TO_AUTO_MODULE["model_class"][0]),
    ^^^^^^^^^^^^^^^^^^^^^^^^^^^^^^^^^^^^^^^^^^^^^^^^^^^^^^^^^^^^^^^^^^
/home/zeus/miniconda3/envs/cloudspace/lib/python3.12/site-packages/transformers/utils/import_utils.py:2436: in __getattr__
    value = self._get_module(name)
            ^^^^^^^^^^^^^^^^^^^^^^
/home/zeus/miniconda3/envs/cloudspace/lib/python3.12/site-packages/transformers/utils/import_utils.py:2576: in _get_module
    raise e
/home/zeus/miniconda3/envs/cloudspace/lib/python3.12/site-packages/transformers/utils/import_utils.py:2574: in _get_module
    return importlib.import_module("." + module_name, self.__name__)
           ^^^^^^^^^^^^^^^^^^^^^^^^^^^^^^^^^^^^^^^^^^^^^^^^^^^^^^^^^
/home/zeus/miniconda3/envs/cloudspace/lib/python3.12/importlib/__init__.py:90: in import_module
    return _bootstrap._gcd_import(name[level:], package, level)
           ^^^^^^^^^^^^^^^^^^^^^^^^^^^^^^^^^^^^^^^^^^^^^^^^^^^^
/home/zeus/miniconda3/envs/cloudspace/lib/python3.12/site-packages/transformers/models/auto/modeling_auto.py:21: in <module>
    from .auto_factory import (
/home/zeus/miniconda3/envs/cloudspace/lib/python3.12/site-packages/transformers/models/auto/auto_factory.py:42: in <module>
    from ...generation import GenerationMixin
/home/zeus/miniconda3/envs/cloudspace/lib/python3.12/site-packages/transformers/utils/import_utils.py:2342: in __getattr__
    module = self._get_module(self._class_to_module[name])
             ^^^^^^^^^^^^^^^^^^^^^^^^^^^^^^^^^^^^^^^^^^^^^
/home/zeus/miniconda3/envs/cloudspace/lib/python3.12/site-packages/transformers/utils/import_utils.py:2576: in _get_module
    raise e
/home/zeus/miniconda3/envs/cloudspace/lib/python3.12/site-packages/transformers/utils/import_utils.py:2574: in _get_module
    return importlib.import_module("." + module_name, self.__name__)
           ^^^^^^^^^^^^^^^^^^^^^^^^^^^^^^^^^^^^^^^^^^^^^^^^^^^^^^^^^
/home/zeus/miniconda3/envs/cloudspace/lib/python3.12/importlib/__init__.py:90: in import_module
    return _bootstrap._gcd_import(name[level:], package, level)
           ^^^^^^^^^^^^^^^^^^^^^^^^^^^^^^^^^^^^^^^^^^^^^^^^^^^^
/home/zeus/miniconda3/envs/cloudspace/lib/python3.12/site-packages/transformers/generation/utils.py:53: in <module>
    from .candidate_generator import (
/home/zeus/miniconda3/envs/cloudspace/lib/python3.12/site-packages/transformers/generation/candidate_generator.py:31: in <module>
    from sklearn.metrics import roc_curve
/home/zeus/miniconda3/envs/cloudspace/lib/python3.12/site-packages/sklearn/__init__.py:83: in <module>
    from .base import clone
/home/zeus/miniconda3/envs/cloudspace/lib/python3.12/site-packages/sklearn/base.py:19: in <module>
    from .utils import _IS_32BIT
/home/zeus/miniconda3/envs/cloudspace/lib/python3.12/site-packages/sklearn/utils/__init__.py:27: in <module>
    from .murmurhash import murmurhash3_32
_ _ _ _ _ _ _ _ _ _ _ _ _ _ _ _ _ _ _ _ _ _ _ _ _ _ _ _ _ _ _ _ _ _ _ _ _ _ _ _ 

>   ???
E   ValueError: numpy.dtype size changed, may indicate binary incompatibility. Expected 96 from C header, got 88 from PyObject

sklearn/utils/murmurhash.pyx:1: ValueError

The above exception was the direct cause of the following exception:

    @pytest.fixture(scope="module")
    def sd():
>       return SDWrapper(TINY)
               ^^^^^^^^^^^^^^^

tests/test_pipeline.py:43: 
_ _ _ _ _ _ _ _ _ _ _ _ _ _ _ _ _ _ _ _ _ _ _ _ _ _ _ _ _ _ _ _ _ _ _ _ _ _ _ _ 
src/models/sd.py:30: in __init__
    from diffusers import StableDiffusionPipeline
<frozen importlib._bootstrap>:1412: in _handle_fromlist
    ???
/home/zeus/miniconda3/envs/cloudspace/lib/python3.12/site-packages/diffusers/utils/import_utils.py:1043: in __getattr__
    value = getattr(module, name)
            ^^^^^^^^^^^^^^^^^^^^^
/home/zeus/miniconda3/envs/cloudspace/lib/python3.12/site-packages/diffusers/utils/import_utils.py:1043: in __getattr__
    value = getattr(module, name)
            ^^^^^^^^^^^^^^^^^^^^^
/home/zeus/miniconda3/envs/cloudspace/lib/python3.12/site-packages/diffusers/utils/import_utils.py:1042: in __getattr__
    module = self._get_module(self._class_to_module[name])
             ^^^^^^^^^^^^^^^^^^^^^^^^^^^^^^^^^^^^^^^^^^^^^
_ _ _ _ _ _ _ _ _ _ _ _ _ _ _ _ _ _ _ _ _ _ _ _ _ _ _ _ _ _ _ _ _ _ _ _ _ _ _ _ 

self = <module 'diffusers.pipelines.stable_diffusion' from '/home/zeus/miniconda3/envs/cloudspace/lib/python3.12/site-packages/diffusers/pipelines/stable_diffusion/__init__.py'>
module_name = 'pipeline_stable_diffusion'

    def _get_module(self, module_name: str):
        try:
            return importlib.import_module("." + module_name, self.__name__)
        except Exception as e:
>           raise RuntimeError(
                f"Failed to import {self.__name__}.{module_name} because of the following error (look up to see its"
                f" traceback):\n{e}"
            ) from e
E           RuntimeError: Failed to import diffusers.pipelines.stable_diffusion.pipeline_stable_diffusion because of the following error (look up to see its traceback):
E           numpy.dtype size changed, may indicate binary incompatibility. Expected 96 from C header, got 88 from PyObject

/home/zeus/miniconda3/envs/cloudspace/lib/python3.12/site-packages/diffusers/utils/import_utils.py:1054: RuntimeError
__________________ ERROR at setup of test_BDIA下零殘差的重建等於VAE的來回 __________________

self = <module 'diffusers.pipelines.stable_diffusion' from '/home/zeus/miniconda3/envs/cloudspace/lib/python3.12/site-packages/diffusers/pipelines/stable_diffusion/__init__.py'>
module_name = 'pipeline_stable_diffusion'

    def _get_module(self, module_name: str):
        try:
>           return importlib.import_module("." + module_name, self.__name__)
                   ^^^^^^^^^^^^^^^^^^^^^^^^^^^^^^^^^^^^^^^^^^^^^^^^^^^^^^^^^

/home/zeus/miniconda3/envs/cloudspace/lib/python3.12/site-packages/diffusers/utils/import_utils.py:1052: 
_ _ _ _ _ _ _ _ _ _ _ _ _ _ _ _ _ _ _ _ _ _ _ _ _ _ _ _ _ _ _ _ _ _ _ _ _ _ _ _ 
/home/zeus/miniconda3/envs/cloudspace/lib/python3.12/importlib/__init__.py:90: in import_module
    return _bootstrap._gcd_import(name[level:], package, level)
           ^^^^^^^^^^^^^^^^^^^^^^^^^^^^^^^^^^^^^^^^^^^^^^^^^^^^
/home/zeus/miniconda3/envs/cloudspace/lib/python3.12/site-packages/diffusers/pipelines/stable_diffusion/pipeline_stable_diffusion.py:19: in <module>
    from transformers import CLIPImageProcessor, CLIPTextModel, CLIPTokenizer, CLIPVisionModelWithProjection
/home/zeus/miniconda3/envs/cloudspace/lib/python3.12/site-packages/transformers/utils/import_utils.py:2342: in __getattr__
    module = self._get_module(self._class_to_module[name])
             ^^^^^^^^^^^^^^^^^^^^^^^^^^^^^^^^^^^^^^^^^^^^^
/home/zeus/miniconda3/envs/cloudspace/lib/python3.12/site-packages/transformers/utils/import_utils.py:2576: in _get_module
    raise e
/home/zeus/miniconda3/envs/cloudspace/lib/python3.12/site-packages/transformers/utils/import_utils.py:2574: in _get_module
    return importlib.import_module("." + module_name, self.__name__)
           ^^^^^^^^^^^^^^^^^^^^^^^^^^^^^^^^^^^^^^^^^^^^^^^^^^^^^^^^^
/home/zeus/miniconda3/envs/cloudspace/lib/python3.12/importlib/__init__.py:90: in import_module
    return _bootstrap._gcd_import(name[level:], package, level)
           ^^^^^^^^^^^^^^^^^^^^^^^^^^^^^^^^^^^^^^^^^^^^^^^^^^^^
/home/zeus/miniconda3/envs/cloudspace/lib/python3.12/site-packages/transformers/models/clip/image_processing_clip.py:22: in <module>
    @auto_docstring
     ^^^^^^^^^^^^^^
/home/zeus/miniconda3/envs/cloudspace/lib/python3.12/site-packages/transformers/utils/auto_docstring.py:4536: in auto_docstring
    return auto_docstring_decorator(obj)
           ^^^^^^^^^^^^^^^^^^^^^^^^^^^^^
/home/zeus/miniconda3/envs/cloudspace/lib/python3.12/site-packages/transformers/utils/auto_docstring.py:4533: in auto_docstring_decorator
    return auto_class_docstring(obj, custom_args=custom_args, custom_intro=custom_intro, checkpoint=checkpoint)
           ^^^^^^^^^^^^^^^^^^^^^^^^^^^^^^^^^^^^^^^^^^^^^^^^^^^^^^^^^^^^^^^^^^^^^^^^^^^^^^^^^^^^^^^^^^^^^^^^^^^^
/home/zeus/miniconda3/envs/cloudspace/lib/python3.12/site-packages/transformers/utils/auto_docstring.py:4279: in auto_class_docstring
    getattr(auto_module, PLACEHOLDER_TO_AUTO_MODULE["model_class"][0]),
    ^^^^^^^^^^^^^^^^^^^^^^^^^^^^^^^^^^^^^^^^^^^^^^^^^^^^^^^^^^^^^^^^^^
/home/zeus/miniconda3/envs/cloudspace/lib/python3.12/site-packages/transformers/utils/import_utils.py:2436: in __getattr__
    value = self._get_module(name)
            ^^^^^^^^^^^^^^^^^^^^^^
/home/zeus/miniconda3/envs/cloudspace/lib/python3.12/site-packages/transformers/utils/import_utils.py:2576: in _get_module
    raise e
/home/zeus/miniconda3/envs/cloudspace/lib/python3.12/site-packages/transformers/utils/import_utils.py:2574: in _get_module
    return importlib.import_module("." + module_name, self.__name__)
           ^^^^^^^^^^^^^^^^^^^^^^^^^^^^^^^^^^^^^^^^^^^^^^^^^^^^^^^^^
/home/zeus/miniconda3/envs/cloudspace/lib/python3.12/importlib/__init__.py:90: in import_module
    return _bootstrap._gcd_import(name[level:], package, level)
           ^^^^^^^^^^^^^^^^^^^^^^^^^^^^^^^^^^^^^^^^^^^^^^^^^^^^
/home/zeus/miniconda3/envs/cloudspace/lib/python3.12/site-packages/transformers/models/auto/modeling_auto.py:21: in <module>
    from .auto_factory import (
/home/zeus/miniconda3/envs/cloudspace/lib/python3.12/site-packages/transformers/models/auto/auto_factory.py:42: in <module>
    from ...generation import GenerationMixin
/home/zeus/miniconda3/envs/cloudspace/lib/python3.12/site-packages/transformers/utils/import_utils.py:2342: in __getattr__
    module = self._get_module(self._class_to_module[name])
             ^^^^^^^^^^^^^^^^^^^^^^^^^^^^^^^^^^^^^^^^^^^^^
/home/zeus/miniconda3/envs/cloudspace/lib/python3.12/site-packages/transformers/utils/import_utils.py:2576: in _get_module
    raise e
/home/zeus/miniconda3/envs/cloudspace/lib/python3.12/site-packages/transformers/utils/import_utils.py:2574: in _get_module
    return importlib.import_module("." + module_name, self.__name__)
           ^^^^^^^^^^^^^^^^^^^^^^^^^^^^^^^^^^^^^^^^^^^^^^^^^^^^^^^^^
/home/zeus/miniconda3/envs/cloudspace/lib/python3.12/importlib/__init__.py:90: in import_module
    return _bootstrap._gcd_import(name[level:], package, level)
           ^^^^^^^^^^^^^^^^^^^^^^^^^^^^^^^^^^^^^^^^^^^^^^^^^^^^
/home/zeus/miniconda3/envs/cloudspace/lib/python3.12/site-packages/transformers/generation/utils.py:53: in <module>
    from .candidate_generator import (
/home/zeus/miniconda3/envs/cloudspace/lib/python3.12/site-packages/transformers/generation/candidate_generator.py:31: in <module>
    from sklearn.metrics import roc_curve
/home/zeus/miniconda3/envs/cloudspace/lib/python3.12/site-packages/sklearn/__init__.py:83: in <module>
    from .base import clone
/home/zeus/miniconda3/envs/cloudspace/lib/python3.12/site-packages/sklearn/base.py:19: in <module>
    from .utils import _IS_32BIT
/home/zeus/miniconda3/envs/cloudspace/lib/python3.12/site-packages/sklearn/utils/__init__.py:27: in <module>
    from .murmurhash import murmurhash3_32
_ _ _ _ _ _ _ _ _ _ _ _ _ _ _ _ _ _ _ _ _ _ _ _ _ _ _ _ _ _ _ _ _ _ _ _ _ _ _ _ 

>   ???
E   ValueError: numpy.dtype size changed, may indicate binary incompatibility. Expected 96 from C header, got 88 from PyObject

sklearn/utils/murmurhash.pyx:1: ValueError

The above exception was the direct cause of the following exception:

    @pytest.fixture(scope="module")
    def sd():
>       return SDWrapper(TINY)
               ^^^^^^^^^^^^^^^

tests/test_pipeline.py:43: 
_ _ _ _ _ _ _ _ _ _ _ _ _ _ _ _ _ _ _ _ _ _ _ _ _ _ _ _ _ _ _ _ _ _ _ _ _ _ _ _ 
src/models/sd.py:30: in __init__
    from diffusers import StableDiffusionPipeline
<frozen importlib._bootstrap>:1412: in _handle_fromlist
    ???
/home/zeus/miniconda3/envs/cloudspace/lib/python3.12/site-packages/diffusers/utils/import_utils.py:1043: in __getattr__
    value = getattr(module, name)
            ^^^^^^^^^^^^^^^^^^^^^
/home/zeus/miniconda3/envs/cloudspace/lib/python3.12/site-packages/diffusers/utils/import_utils.py:1043: in __getattr__
    value = getattr(module, name)
            ^^^^^^^^^^^^^^^^^^^^^
/home/zeus/miniconda3/envs/cloudspace/lib/python3.12/site-packages/diffusers/utils/import_utils.py:1042: in __getattr__
    module = self._get_module(self._class_to_module[name])
             ^^^^^^^^^^^^^^^^^^^^^^^^^^^^^^^^^^^^^^^^^^^^^
_ _ _ _ _ _ _ _ _ _ _ _ _ _ _ _ _ _ _ _ _ _ _ _ _ _ _ _ _ _ _ _ _ _ _ _ _ _ _ _ 

self = <module 'diffusers.pipelines.stable_diffusion' from '/home/zeus/miniconda3/envs/cloudspace/lib/python3.12/site-packages/diffusers/pipelines/stable_diffusion/__init__.py'>
module_name = 'pipeline_stable_diffusion'

    def _get_module(self, module_name: str):
        try:
            return importlib.import_module("." + module_name, self.__name__)
        except Exception as e:
>           raise RuntimeError(
                f"Failed to import {self.__name__}.{module_name} because of the following error (look up to see its"
                f" traceback):\n{e}"
            ) from e
E           RuntimeError: Failed to import diffusers.pipelines.stable_diffusion.pipeline_stable_diffusion because of the following error (look up to see its traceback):
E           numpy.dtype size changed, may indicate binary incompatibility. Expected 96 from C header, got 88 from PyObject

/home/zeus/miniconda3/envs/cloudspace/lib/python3.12/site-packages/diffusers/utils/import_utils.py:1054: RuntimeError
_______________ ERROR at setup of test_BDIA下site_L的注入仍生效且梯度抵達phi _______________

self = <module 'diffusers.pipelines.stable_diffusion' from '/home/zeus/miniconda3/envs/cloudspace/lib/python3.12/site-packages/diffusers/pipelines/stable_diffusion/__init__.py'>
module_name = 'pipeline_stable_diffusion'

    def _get_module(self, module_name: str):
        try:
>           return importlib.import_module("." + module_name, self.__name__)
                   ^^^^^^^^^^^^^^^^^^^^^^^^^^^^^^^^^^^^^^^^^^^^^^^^^^^^^^^^^

/home/zeus/miniconda3/envs/cloudspace/lib/python3.12/site-packages/diffusers/utils/import_utils.py:1052: 
_ _ _ _ _ _ _ _ _ _ _ _ _ _ _ _ _ _ _ _ _ _ _ _ _ _ _ _ _ _ _ _ _ _ _ _ _ _ _ _ 
/home/zeus/miniconda3/envs/cloudspace/lib/python3.12/importlib/__init__.py:90: in import_module
    return _bootstrap._gcd_import(name[level:], package, level)
           ^^^^^^^^^^^^^^^^^^^^^^^^^^^^^^^^^^^^^^^^^^^^^^^^^^^^
/home/zeus/miniconda3/envs/cloudspace/lib/python3.12/site-packages/diffusers/pipelines/stable_diffusion/pipeline_stable_diffusion.py:19: in <module>
    from transformers import CLIPImageProcessor, CLIPTextModel, CLIPTokenizer, CLIPVisionModelWithProjection
/home/zeus/miniconda3/envs/cloudspace/lib/python3.12/site-packages/transformers/utils/import_utils.py:2342: in __getattr__
    module = self._get_module(self._class_to_module[name])
             ^^^^^^^^^^^^^^^^^^^^^^^^^^^^^^^^^^^^^^^^^^^^^
/home/zeus/miniconda3/envs/cloudspace/lib/python3.12/site-packages/transformers/utils/import_utils.py:2576: in _get_module
    raise e
/home/zeus/miniconda3/envs/cloudspace/lib/python3.12/site-packages/transformers/utils/import_utils.py:2574: in _get_module
    return importlib.import_module("." + module_name, self.__name__)
           ^^^^^^^^^^^^^^^^^^^^^^^^^^^^^^^^^^^^^^^^^^^^^^^^^^^^^^^^^
/home/zeus/miniconda3/envs/cloudspace/lib/python3.12/importlib/__init__.py:90: in import_module
    return _bootstrap._gcd_import(name[level:], package, level)
           ^^^^^^^^^^^^^^^^^^^^^^^^^^^^^^^^^^^^^^^^^^^^^^^^^^^^
/home/zeus/miniconda3/envs/cloudspace/lib/python3.12/site-packages/transformers/models/clip/image_processing_clip.py:22: in <module>
    @auto_docstring
     ^^^^^^^^^^^^^^
/home/zeus/miniconda3/envs/cloudspace/lib/python3.12/site-packages/transformers/utils/auto_docstring.py:4536: in auto_docstring
    return auto_docstring_decorator(obj)
           ^^^^^^^^^^^^^^^^^^^^^^^^^^^^^
/home/zeus/miniconda3/envs/cloudspace/lib/python3.12/site-packages/transformers/utils/auto_docstring.py:4533: in auto_docstring_decorator
    return auto_class_docstring(obj, custom_args=custom_args, custom_intro=custom_intro, checkpoint=checkpoint)
           ^^^^^^^^^^^^^^^^^^^^^^^^^^^^^^^^^^^^^^^^^^^^^^^^^^^^^^^^^^^^^^^^^^^^^^^^^^^^^^^^^^^^^^^^^^^^^^^^^^^^
/home/zeus/miniconda3/envs/cloudspace/lib/python3.12/site-packages/transformers/utils/auto_docstring.py:4279: in auto_class_docstring
    getattr(auto_module, PLACEHOLDER_TO_AUTO_MODULE["model_class"][0]),
    ^^^^^^^^^^^^^^^^^^^^^^^^^^^^^^^^^^^^^^^^^^^^^^^^^^^^^^^^^^^^^^^^^^
/home/zeus/miniconda3/envs/cloudspace/lib/python3.12/site-packages/transformers/utils/import_utils.py:2436: in __getattr__
    value = self._get_module(name)
            ^^^^^^^^^^^^^^^^^^^^^^
/home/zeus/miniconda3/envs/cloudspace/lib/python3.12/site-packages/transformers/utils/import_utils.py:2576: in _get_module
    raise e
/home/zeus/miniconda3/envs/cloudspace/lib/python3.12/site-packages/transformers/utils/import_utils.py:2574: in _get_module
    return importlib.import_module("." + module_name, self.__name__)
           ^^^^^^^^^^^^^^^^^^^^^^^^^^^^^^^^^^^^^^^^^^^^^^^^^^^^^^^^^
/home/zeus/miniconda3/envs/cloudspace/lib/python3.12/importlib/__init__.py:90: in import_module
    return _bootstrap._gcd_import(name[level:], package, level)
           ^^^^^^^^^^^^^^^^^^^^^^^^^^^^^^^^^^^^^^^^^^^^^^^^^^^^
/home/zeus/miniconda3/envs/cloudspace/lib/python3.12/site-packages/transformers/models/auto/modeling_auto.py:21: in <module>
    from .auto_factory import (
/home/zeus/miniconda3/envs/cloudspace/lib/python3.12/site-packages/transformers/models/auto/auto_factory.py:42: in <module>
    from ...generation import GenerationMixin
/home/zeus/miniconda3/envs/cloudspace/lib/python3.12/site-packages/transformers/utils/import_utils.py:2342: in __getattr__
    module = self._get_module(self._class_to_module[name])
             ^^^^^^^^^^^^^^^^^^^^^^^^^^^^^^^^^^^^^^^^^^^^^
/home/zeus/miniconda3/envs/cloudspace/lib/python3.12/site-packages/transformers/utils/import_utils.py:2576: in _get_module
    raise e
/home/zeus/miniconda3/envs/cloudspace/lib/python3.12/site-packages/transformers/utils/import_utils.py:2574: in _get_module
    return importlib.import_module("." + module_name, self.__name__)
           ^^^^^^^^^^^^^^^^^^^^^^^^^^^^^^^^^^^^^^^^^^^^^^^^^^^^^^^^^
/home/zeus/miniconda3/envs/cloudspace/lib/python3.12/importlib/__init__.py:90: in import_module
    return _bootstrap._gcd_import(name[level:], package, level)
           ^^^^^^^^^^^^^^^^^^^^^^^^^^^^^^^^^^^^^^^^^^^^^^^^^^^^
/home/zeus/miniconda3/envs/cloudspace/lib/python3.12/site-packages/transformers/generation/utils.py:53: in <module>
    from .candidate_generator import (
/home/zeus/miniconda3/envs/cloudspace/lib/python3.12/site-packages/transformers/generation/candidate_generator.py:31: in <module>
    from sklearn.metrics import roc_curve
/home/zeus/miniconda3/envs/cloudspace/lib/python3.12/site-packages/sklearn/__init__.py:83: in <module>
    from .base import clone
/home/zeus/miniconda3/envs/cloudspace/lib/python3.12/site-packages/sklearn/base.py:19: in <module>
    from .utils import _IS_32BIT
/home/zeus/miniconda3/envs/cloudspace/lib/python3.12/site-packages/sklearn/utils/__init__.py:27: in <module>
    from .murmurhash import murmurhash3_32
_ _ _ _ _ _ _ _ _ _ _ _ _ _ _ _ _ _ _ _ _ _ _ _ _ _ _ _ _ _ _ _ _ _ _ _ _ _ _ _ 

>   ???
E   ValueError: numpy.dtype size changed, may indicate binary incompatibility. Expected 96 from C header, got 88 from PyObject

sklearn/utils/murmurhash.pyx:1: ValueError

The above exception was the direct cause of the following exception:

    @pytest.fixture(scope="module")
    def sd():
>       return SDWrapper(TINY)
               ^^^^^^^^^^^^^^^

tests/test_pipeline.py:43: 
_ _ _ _ _ _ _ _ _ _ _ _ _ _ _ _ _ _ _ _ _ _ _ _ _ _ _ _ _ _ _ _ _ _ _ _ _ _ _ _ 
src/models/sd.py:30: in __init__
    from diffusers import StableDiffusionPipeline
<frozen importlib._bootstrap>:1412: in _handle_fromlist
    ???
/home/zeus/miniconda3/envs/cloudspace/lib/python3.12/site-packages/diffusers/utils/import_utils.py:1043: in __getattr__
    value = getattr(module, name)
            ^^^^^^^^^^^^^^^^^^^^^
/home/zeus/miniconda3/envs/cloudspace/lib/python3.12/site-packages/diffusers/utils/import_utils.py:1043: in __getattr__
    value = getattr(module, name)
            ^^^^^^^^^^^^^^^^^^^^^
/home/zeus/miniconda3/envs/cloudspace/lib/python3.12/site-packages/diffusers/utils/import_utils.py:1042: in __getattr__
    module = self._get_module(self._class_to_module[name])
             ^^^^^^^^^^^^^^^^^^^^^^^^^^^^^^^^^^^^^^^^^^^^^
_ _ _ _ _ _ _ _ _ _ _ _ _ _ _ _ _ _ _ _ _ _ _ _ _ _ _ _ _ _ _ _ _ _ _ _ _ _ _ _ 

self = <module 'diffusers.pipelines.stable_diffusion' from '/home/zeus/miniconda3/envs/cloudspace/lib/python3.12/site-packages/diffusers/pipelines/stable_diffusion/__init__.py'>
module_name = 'pipeline_stable_diffusion'

    def _get_module(self, module_name: str):
        try:
            return importlib.import_module("." + module_name, self.__name__)
        except Exception as e:
>           raise RuntimeError(
                f"Failed to import {self.__name__}.{module_name} because of the following error (look up to see its"
                f" traceback):\n{e}"
            ) from e
E           RuntimeError: Failed to import diffusers.pipelines.stable_diffusion.pipeline_stable_diffusion because of the following error (look up to see its traceback):
E           numpy.dtype size changed, may indicate binary incompatibility. Expected 96 from C header, got 88 from PyObject

/home/zeus/miniconda3/envs/cloudspace/lib/python3.12/site-packages/diffusers/utils/import_utils.py:1054: RuntimeError
=================================== FAILURES ===================================
__________________________ test_極端值不產生NaN[de2000_map] __________________________

fn = <function de2000_map at 0x7dfaca050360>

    @pytest.mark.parametrize("fn", [de76_map, de2000_map, dchroma_map])
    def test_極端值不產生NaN(fn):
        """飽和與純黑處的分母、`atan2(0,0)` 與 `t^(1/3)` 在 0 的導數都是風險點。
        產生 NaN 會讓損失整個變成 NaN 並靜默毀掉一次訓練。"""
        a = torch.zeros(1, 3, 8, 8)
        b = torch.ones(1, 3, 8, 8)
        for x, y in ((a, b), (a, a), (b, b)):
            v = fn(x, y)
            assert torch.isfinite(v).all(), f"{fn.__name__} 在極端輸入上產生非有限值"
    
        z = torch.zeros(1, 3, 8, 8, requires_grad=True)
        out = fn(z, torch.full((1, 3, 8, 8), 0.5))
        out.mean().backward()
>       assert torch.isfinite(z.grad).all(), f"{fn.__name__} 的梯度在純黑處非有限"
E       AssertionError: de2000_map 的梯度在純黑處非有限
E       assert tensor(False)
E        +  where tensor(False) = <built-in method all of Tensor object at 0x7df89be67cf0>()
E        +    where <built-in method all of Tensor object at 0x7df89be67cf0> = tensor([[[[False, False, False, False, False, False, False, False],\n          [False, False, False, False, False, Fals...alse, False, False, False, False, False, False],\n          [False, False, False, False, False, False, False, False]]]]).all
E        +      where tensor([[[[False, False, False, False, False, False, False, False],\n          [False, False, False, False, False, Fals...alse, False, False, False, False, False, False],\n          [False, False, False, False, False, False, False, False]]]]) = <built-in method isfinite of type object at 0x7dfc510c94a0>(tensor([[[[nan, nan, nan, nan, nan, nan, nan, nan],\n          [nan, nan, nan, nan, nan, nan, nan, nan],\n          [nan..., nan, nan],\n          [nan, nan, nan, nan, nan, nan, nan, nan],\n          [nan, nan, nan, nan, nan, nan, nan, nan]]]]))
E        +        where <built-in method isfinite of type object at 0x7dfc510c94a0> = torch.isfinite
E        +        and   tensor([[[[nan, nan, nan, nan, nan, nan, nan, nan],\n          [nan, nan, nan, nan, nan, nan, nan, nan],\n          [nan..., nan, nan],\n          [nan, nan, nan, nan, nan, nan, nan, nan],\n          [nan, nan, nan, nan, nan, nan, nan, nan]]]]) = tensor([[[[0., 0., 0., 0., 0., 0., 0., 0.],\n          [0., 0., 0., 0., 0., 0., 0., 0.],\n          [0., 0., 0., 0., 0.,...0., 0.],\n          [0., 0., 0., 0., 0., 0., 0., 0.],\n          [0., 0., 0., 0., 0., 0., 0., 0.]]]], requires_grad=True).grad

tests/test_chroma.py:133: AssertionError
=============================== warnings summary ===============================
tests/test_battery.py: 1 warning
tests/test_objective.py: 9 warnings
  /home/zeus/miniconda3/envs/cloudspace/lib/python3.12/site-packages/torchvision/models/_utils.py:208: UserWarning: The parameter 'pretrained' is deprecated since 0.13 and may be removed in the future, please use 'weights' instead.
    warnings.warn(

tests/test_battery.py: 1 warning
tests/test_objective.py: 9 warnings
  /home/zeus/miniconda3/envs/cloudspace/lib/python3.12/site-packages/torchvision/models/_utils.py:223: UserWarning: Arguments other than a weight enum or `None` for 'weights' are deprecated since 0.13 and may be removed in the future. The current behavior is equivalent to passing `weights=VGG16_Weights.IMAGENET1K_V1`. You can also use `weights=VGG16_Weights.DEFAULT` to get the most up-to-date weights.
    warnings.warn(msg)

tests/test_objective.py::test_鈍化項可微且梯度非零
  /teamspace/studios/this_studio/WACV/src/defense/objective.py:463: UserWarning: Converting a tensor with requires_grad=True to a scalar may lead to unexpected behavior.
  Consider using tensor.detach() first. (Triggered internally at /pytorch/torch/csrc/autograd/generated/python_variable_methods.cpp:835.)
    "fid_linf_total": float((xd - xr).abs().max()),

-- Docs: https://docs.pytest.org/en/stable/how-to/capture-warnings.html
=========================== short test summary info ============================
FAILED tests/test_chroma.py::test_極端值不產生NaN[de2000_map] - AssertionErro...
ERROR tests/test_e17_latent_opt.py::test_lam_0_使損失退化為純_mse - RuntimeEr...
ERROR tests/test_e17_latent_opt.py::test_lam_以線性比例進入損失 - RuntimeErro...
ERROR tests/test_e17_latent_opt.py::test_decode_參數確實取代預設_decoder - Ru...
ERROR tests/test_e17_latent_opt.py::test_decode_為_None_時走原廠_decoder - Ru...
ERROR tests/test_e17_latent_opt.py::test_asym_decoder_回傳可微且形狀正確的函式
ERROR tests/test_pipeline.py::test_T1_P_殘差為零時防禦圖與原圖恆等 - RuntimeE...
ERROR tests/test_pipeline.py::test_T1_P_編輯結果在殘差為零時完全相同 - Runtim...
ERROR tests/test_pipeline.py::test_T1_L_停用模塊不改變去噪結果 - RuntimeError...
ERROR tests/test_pipeline.py::test_T1_L_初始參數下殘差為零且不改變結果 - Runt...
ERROR tests/test_pipeline.py::test_T1_L_參數非零時結果必須改變 - RuntimeError...
ERROR tests/test_pipeline.py::test_T2_注入的latent殘差秩精確等於設定值[1] - R...
ERROR tests/test_pipeline.py::test_T2_注入的latent殘差秩精確等於設定值[2] - R...
ERROR tests/test_pipeline.py::test_T2_注入的latent殘差秩精確等於設定值[4] - R...
ERROR tests/test_pipeline.py::test_T2_像素殘差的秩是湧現的須實測不可假設 - Ru...
ERROR tests/test_pipeline.py::test_T3_兩分支噪聲逐元素相同 - RuntimeError: Fa...
ERROR tests/test_pipeline.py::test_T3_相同噪聲下編輯管線為決定性 - RuntimeErr...
ERROR tests/test_pipeline.py::test_T3_不同噪聲下編輯結果不同 - RuntimeError: ...
ERROR tests/test_pipeline.py::test_梯度抵達phi且SD保持凍結 - RuntimeError: Fa...
ERROR tests/test_pipeline.py::test_inversion快取不依賴phi - RuntimeError: Fai...
ERROR tests/test_pipeline.py::test_中間圖可留存 - RuntimeError: Failed to imp...
ERROR tests/test_pipeline.py::test_秩排程沿去噪步序的方向 - RuntimeError: Fai...
ERROR tests/test_pipeline.py::test_checkpoint不改變數值結果 - RuntimeError: F...
ERROR tests/test_pipeline.py::test_相同seed的模塊初始化完全相同 - RuntimeErro...
ERROR tests/test_pipeline.py::test_const排程每步相同 - RuntimeError: Failed t...
ERROR tests/test_pipeline.py::test_階段一會改變phi且記錄每一步 - RuntimeError...
ERROR tests/test_pipeline.py::test_階段一後保真基準改為對齊結果 - RuntimeErro...
ERROR tests/test_pipeline.py::test_無重建誤差時略過階段一 - RuntimeError: Fai...
ERROR tests/test_pipeline.py::test_像素側模塊不因site名稱而走錯路徑 - Runtime...
ERROR tests/test_pipeline.py::test_兩種能力都不提供時明確報錯 - RuntimeError:...
ERROR tests/test_pipeline.py::test_site_E_初始殘差為零且不改變去噪結果 - Runt...
ERROR tests/test_pipeline.py::test_site_E_參數非零時結果必須改變 - RuntimeErr...
ERROR tests/test_pipeline.py::test_site_E_梯度抵達phi - RuntimeError: Failed ...
ERROR tests/test_pipeline.py::test_site_E_inversion快取不依賴phi - RuntimeErr...
ERROR tests/test_pipeline.py::test_site_E_嵌入形狀不符時報錯 - RuntimeError: ...
ERROR tests/test_pipeline.py::test_site_W_初始B為零時完全不改變模型行為 - Run...
ERROR tests/test_pipeline.py::test_site_W_B非零時結果必須改變且梯度抵達phi - ...
ERROR tests/test_pipeline.py::test_site_W_remove後模型完全還原 - RuntimeError...
ERROR tests/test_pipeline.py::test_site_W_參數量等於逐層r乘以進出維度之和[2]
ERROR tests/test_pipeline.py::test_site_W_參數量等於逐層r乘以進出維度之和[4]
ERROR tests/test_pipeline.py::test_site_W_generator不誤判phi進不了計算圖 - Ru...
ERROR tests/test_pipeline.py::test_編碼器目標不走去噪鏈且梯度抵達phi - Runtim...
ERROR tests/test_pipeline.py::test_編碼器目標的損失朝目標下降 - RuntimeError:...
ERROR tests/test_pipeline.py::test_有目標模式需要y_target - RuntimeError: Fai...
ERROR tests/test_pipeline.py::test_CFG_權重為一時與單分支逐位元相同 - Runtime...
ERROR tests/test_pipeline.py::test_CFG_缺少無條件嵌入時拒絕 - RuntimeError: F...
ERROR tests/test_pipeline.py::test_CFG_算式正確且改變輸出 - RuntimeError: Fai...
ERROR tests/test_pipeline.py::test_CFG_經sdedit後仍可微 - RuntimeError: Faile...
ERROR tests/test_pipeline.py::test_有目標模式端到端可訓練 - RuntimeError: Fai...
ERROR tests/test_pipeline.py::test_階段一還原軌跡最佳的phi而非最後一步 - Runt...
ERROR tests/test_pipeline.py::test_site_S_零位移時防禦圖與原圖逐位元相等 - Ru...
ERROR tests/test_pipeline.py::test_site_S_零位移下梯度仍抵達phi - RuntimeErro...
ERROR tests/test_pipeline.py::test_site_S_停用模塊不改變結果 - RuntimeError: ...
ERROR tests/test_pipeline.py::test_site_S_恆等網格經grid_sample的數值誤差有界
ERROR tests/test_pipeline.py::test_site_S_位移非零時結果必須改變且梯度抵達phi
ERROR tests/test_pipeline.py::test_site_S_位移上界確實不被超過 - RuntimeError...
ERROR tests/test_pipeline.py::test_site_S_粗網格上採樣後仍是平滑場 - RuntimeE...
ERROR tests/test_pipeline.py::test_site_S_是非加性的 - RuntimeError: Failed t...
ERROR tests/test_pipeline.py::test_site_S_輸出恆在有效像素範圍內 - RuntimeErr...
ERROR tests/test_pipeline.py::test_site_S_不回報像素殘差以免被誤讀為加性 - Ru...
ERROR tests/test_pipeline.py::test_注意力擷取不改變UNet的前向結果 - RuntimeEr...
ERROR tests/test_pipeline.py::test_注意力分佈是合法機率分佈 - RuntimeError: F...
ERROR tests/test_pipeline.py::test_hook移除後不再累積 - RuntimeError: Failed ...
ERROR tests/test_pipeline.py::test_內容token區間排除BOS與EOS - RuntimeError: ...
ERROR tests/test_pipeline.py::test_散度對相同分佈為零對不同分佈為正 - Runtime...
ERROR tests/test_pipeline.py::test_層數不同時報錯而非安靜取前幾層 - RuntimeEr...
ERROR tests/test_pipeline.py::test_均勻分佈的熵最大 - RuntimeError: Failed to...
ERROR tests/test_pipeline.py::test_內容質量抑制的值域與方向 - RuntimeError: F...
ERROR tests/test_pipeline.py::test_內容質量抑制缺少span時拒絕 - RuntimeError:...
ERROR tests/test_pipeline.py::test_suppress模式在phi等於零時梯度非零 - Runtim...
ERROR tests/test_pipeline.py::test_suppress模式在空prompt時提前拒絕 - Runtime...
ERROR tests/test_pipeline.py::test_cross_attention目標的梯度抵達phi - Runtime...
ERROR tests/test_pipeline.py::test_divergence模式在phi等於零時無梯度 - Runtim...
ERROR tests/test_pipeline.py::test_cross_attention目標下phi確實被改動 - Runti...
ERROR tests/test_pipeline.py::test_未知的attn_mode明確報錯 - RuntimeError: Fa...
ERROR tests/test_pipeline.py::test_注意力擷取與checkpoint不相容須以錯誤呈現
ERROR tests/test_pipeline.py::test_BDIA來回誤差遠小於DDIM[4-500] - RuntimeErr...
ERROR tests/test_pipeline.py::test_BDIA來回誤差遠小於DDIM[10-500] - RuntimeEr...
ERROR tests/test_pipeline.py::test_BDIA來回誤差遠小於DDIM[20-999] - RuntimeEr...
ERROR tests/test_pipeline.py::test_BDIA的gamma為零時明確報錯 - RuntimeError: ...
ERROR tests/test_pipeline.py::test_generator以exact_inversion切換路徑 - Runti...
ERROR tests/test_pipeline.py::test_BDIA下零殘差的重建等於VAE的來回 - RuntimeE...
ERROR tests/test_pipeline.py::test_BDIA下site_L的注入仍生效且梯度抵達phi - Ru...
1 failed, 170 passed, 1 skipped, 21 warnings, 82 errors in 75.35s (0:01:15)
