image,site,rank,prompt,steps,k_inv,n_edit,n_eot,seconds,purify_mode,align_steps,align_seconds,align_lpips,align_psnr,peak_mb,residual_gain,eff_rank_mean,energy_rank_99_mean,energy_rank_90_mean,raw_eff_rank_mean,raw_energy_rank_99_mean,clamped_fraction,final_loss,final_L_def,final_L_fid,final_shift,final_psnr,final_linf,final_psnr_total,final_linf_total,final_ssim,final_lpips,disp_mean_px,disp_max_px,disp_p99_px,flow_tv,grid_size,purify,strength,noise_split,proxy_gap,edit_psnr,edit_linf,edit_ssim,edit_lpips,edit_dists,edit_acutance_ratio,edit_niqe_a,edit_niqe_b,edit_clip_a,edit_siglip_a,edit_clip_b,edit_siglip_b,defimg_psnr,defimg_linf,defimg_ssim,defimg_lpips,defimg_dists,defimg_acutance_ratio,ctrl_lpips,ctrl_psnr,net_lpips
car_00,S,32,a wrecked car after an accident,25,10,10,1,97.7,rotate,0,0.0,,,10146.0,1.8,512.0,354.6666666666667,203.66666666666666,,,,0.4368833601474762,0.4343065619468689,0.002576812170445919,0.0656934380531311,44.807403564453125,0.2782265841960907,44.807403564453125,0.2782265841960907,0.9991442561149597,0.002576812170445919,0.07427959889173508,2.024240255355835,0.6082426905632019,0.1981760561466217,32,identity,0.0,train,0.0,27.35907554626465,0.7997037172317505,0.9519861936569214,0.0656934380531311,0.04377877712249756,0.9041470289230347,4.215788341561983,4.083533652519142,0.2232273519039154,0.05863351374864578,0.23560822010040283,0.08465101569890976,44.806095123291016,0.2782265841960907,0.9991442561149597,0.002576812170445919,0.0009499788284301758,0.9655608534812927,0.0,80.0,0.0656934380531311
car_00,S,32,a wrecked car after an accident,25,10,10,1,97.7,rotate,0,0.0,,,10146.0,1.8,512.0,354.6666666666667,203.66666666666666,,,,0.4368833601474762,0.4343065619468689,0.002576812170445919,0.0656934380531311,44.807403564453125,0.2782265841960907,44.807403564453125,0.2782265841960907,0.9991442561149597,0.002576812170445919,0.07427959889173508,2.024240255355835,0.6082426905632019,0.1981760561466217,32,blur,0.0,heldout,0.0,33.23136520385742,0.7026467323303223,0.9826507568359375,0.026793785393238068,0.019077062606811523,0.9303763508796692,3.607388867230174,3.5312892509085936,0.21795710921287537,0.04843774065375328,0.2212792932987213,0.037941619753837585,44.806095123291016,0.2782265841960907,0.9991442561149597,0.002576812170445919,0.0009499788284301758,0.9655608534812927,0.0,80.0,0.026793785393238068
car_00,S,32,a wrecked car after an accident,25,10,10,1,97.7,rotate,0,0.0,,,10146.0,1.8,512.0,354.6666666666667,203.66666666666666,,,,0.4368833601474762,0.4343065619468689,0.002576812170445919,0.0656934380531311,44.807403564453125,0.2782265841960907,44.807403564453125,0.2782265841960907,0.9991442561149597,0.002576812170445919,0.07427959889173508,2.024240255355835,0.6082426905632019,0.1981760561466217,32,blur,0.5,heldout,0.0,27.293500900268555,0.6704071760177612,0.9422510862350464,0.08566805720329285,0.04995393753051758,0.6944947838783264,3.607388867230174,2.959620660740627,0.21795710921287537,0.04843774065375328,0.218400239944458,0.024433765560388565,30.86209487915039,0.27259355783462524,0.990412712097168,0.03286181017756462,0.01546788215637207,0.6911492347717285,0.07280343770980835,27.877161026000977,0.012864619493484497
car_00,S,32,a wrecked car after an accident,25,10,10,1,97.7,rotate,0,0.0,,,10146.0,1.8,512.0,354.6666666666667,203.66666666666666,,,,0.4368833601474762,0.4343065619468689,0.002576812170445919,0.0656934380531311,44.807403564453125,0.2782265841960907,44.807403564453125,0.2782265841960907,0.9991442561149597,0.002576812170445919,0.07427959889173508,2.024240255355835,0.6082426905632019,0.1981760561466217,32,blur,1.0,heldout,0.0,22.842754364013672,0.7560642957687378,0.810937762260437,0.3120182454586029,0.12318599224090576,0.38478991389274597,3.607388867230174,4.178187568141346,0.21795710921287537,0.04843774065375328,0.21791385114192963,0.005813200958073139,23.17364501953125,0.6067811250686646,0.9155740737915039,0.21400439739227295,0.08621382713317871,0.31073108315467834,0.3081440329551697,22.882883071899414,0.0038742125034332275
car_00,S,32,a wrecked car after an accident,25,10,10,1,97.7,rotate,0,0.0,,,10146.0,1.8,512.0,354.6666666666667,203.66666666666666,,,,0.4368833601474762,0.4343065619468689,0.002576812170445919,0.0656934380531311,44.807403564453125,0.2782265841960907,44.807403564453125,0.2782265841960907,0.9991442561149597,0.002576812170445919,0.07427959889173508,2.024240255355835,0.6082426905632019,0.1981760561466217,32,blur,1.5,heldout,0.0,21.62472915649414,0.7501325607299805,0.7328912615776062,0.43790245056152344,0.1871192455291748,0.2424928843975067,3.607388867230174,6.230107599720593,0.21795710921287537,0.04843774065375328,0.21965821087360382,0.0371544174849987,21.26822280883789,0.7384467124938965,0.8228065371513367,0.33706581592559814,0.16471624374389648,0.1725630909204483,0.4379340708255768,21.619068145751953,-3.1620264053344727e-05
car_00,S,32,a wrecked car after an accident,25,10,10,1,97.7,rotate,0,0.0,,,10146.0,1.8,512.0,354.6666666666667,203.66666666666666,,,,0.4368833601474762,0.4343065619468689,0.002576812170445919,0.0656934380531311,44.807403564453125,0.2782265841960907,44.807403564453125,0.2782265841960907,0.9991442561149597,0.002576812170445919,0.07427959889173508,2.024240255355835,0.6082426905632019,0.1981760561466217,32,blur,2.0,heldout,0.0,20.958755493164062,0.7377731204032898,0.6733822822570801,0.5104354619979858,0.22872424125671387,0.16340506076812744,3.607388867230174,7.553448893621859,0.21795710921287537,0.04843774065375328,0.21334770321846008,0.02154092863202095,20.28022003173828,0.7980151772499084,0.7385251522064209,0.4217236638069153,0.2075672745704651,0.11032413691282272,0.5099867582321167,20.968475341796875,0.0004487037658691406
car_00,S,32,a wrecked car after an accident,25,10,10,1,97.7,rotate,0,0.0,,,10146.0,1.8,512.0,354.6666666666667,203.66666666666666,,,,0.4368833601474762,0.4343065619468689,0.002576812170445919,0.0656934380531311,44.807403564453125,0.2782265841960907,44.807403564453125,0.2782265841960907,0.9991442561149597,0.002576812170445919,0.07427959889173508,2.024240255355835,0.6082426905632019,0.1981760561466217,32,blur,3.0,heldout,0.0,20.020200729370117,0.7756026983261108,0.5784012079238892,0.5856434106826782,0.2828502655029297,0.08708657324314117,3.607388867230174,9.220752391599381,0.21795710921287537,0.04843774065375328,0.20976173877716064,0.02573154866695404,19.133752822875977,0.8402338027954102,0.606803297996521,0.5310059785842896,0.26020723581314087,0.0576263964176178,0.5855351686477661,20.02093505859375,0.00010824203491210938
car_00,S,32,a wrecked car after an accident,25,10,10,1,97.7,rotate,0,0.0,,,10146.0,1.8,512.0,354.6666666666667,203.66666666666666,,,,0.4368833601474762,0.4343065619468689,0.002576812170445919,0.0656934380531311,44.807403564453125,0.2782265841960907,44.807403564453125,0.2782265841960907,0.9991442561149597,0.002576812170445919,0.07427959889173508,2.024240255355835,0.6082426905632019,0.1981760561466217,32,jpeg,95,heldout,0.0,28.7218074798584,0.8160897493362427,0.9591816663742065,0.057260844856500626,0.035008370876312256,0.8969957232475281,3.607388867230174,3.4223847967027305,0.21795710921287537,0.04843774065375328,0.2215484380722046,0.03479711338877678,34.803680419921875,0.3215686082839966,0.9916270971298218,0.02382463403046131,0.00452190637588501,0.9628838300704956,0.04655233025550842,29.74864959716797,0.010708514600992203
car_00,S,32,a wrecked car after an accident,25,10,10,1,97.7,rotate,0,0.0,,,10146.0,1.8,512.0,354.6666666666667,203.66666666666666,,,,0.4368833601474762,0.4343065619468689,0.002576812170445919,0.0656934380531311,44.807403564453125,0.2782265841960907,44.807403564453125,0.2782265841960907,0.9991442561149597,0.002576812170445919,0.07427959889173508,2.024240255355835,0.6082426905632019,0.1981760561466217,32,jpeg,85,heldout,0.0,26.206253051757812,0.7732350826263428,0.9248356819152832,0.0971173346042633,0.05803406238555908,0.9492878317832947,3.607388867230174,3.2897624474784153,0.21795710921287537,0.04843774065375328,0.2258681356906891,0.03754035755991936,31.533586502075195,0.364705890417099,0.9821283221244812,0.06703274697065353,0.008730769157409668,0.9641034603118896,0.08944735676050186,26.51421546936035,0.007669977843761444
car_00,S,32,a wrecked car after an accident,25,10,10,1,97.7,rotate,0,0.0,,,10146.0,1.8,512.0,354.6666666666667,203.66666666666666,,,,0.4368833601474762,0.4343065619468689,0.002576812170445919,0.0656934380531311,44.807403564453125,0.2782265841960907,44.807403564453125,0.2782265841960907,0.9991442561149597,0.002576812170445919,0.07427959889173508,2.024240255355835,0.6082426905632019,0.1981760561466217,32,jpeg,75,heldout,0.0,24.678232192993164,0.8201648592948914,0.8978012800216675,0.12789230048656464,0.0710744857788086,0.9701552391052246,3.607388867230174,3.3002521774490914,0.21795710921287537,0.04843774065375328,0.2263498157262802,0.033454783260822296,29.509336471557617,0.501960813999176,0.9738411903381348,0.10461370646953583,0.014554262161254883,0.9647897481918335,0.1362108737230301,24.49603843688965,-0.008318573236465454
car_00,S,32,a wrecked car after an accident,25,10,10,1,97.7,rotate,0,0.0,,,10146.0,1.8,512.0,354.6666666666667,203.66666666666666,,,,0.4368833601474762,0.4343065619468689,0.002576812170445919,0.0656934380531311,44.807403564453125,0.2782265841960907,44.807403564453125,0.2782265841960907,0.9991442561149597,0.002576812170445919,0.07427959889173508,2.024240255355835,0.6082426905632019,0.1981760561466217,32,jpeg,60,heldout,0.0,23.40083122253418,0.8662569522857666,0.8718182444572449,0.15802252292633057,0.08884692192077637,1.1025803089141846,3.607388867230174,3.112294000410457,0.21795710921287537,0.04843774065375328,0.2258744239807129,0.03216356039047241,27.75554656982422,0.5333333611488342,0.9634010195732117,0.14876198768615723,0.024727940559387207,0.9630756378173828,0.15937384963035583,23.30567169189453,-0.0013513267040252686
car_00,S,32,a wrecked car after an accident,25,10,10,1,97.7,rotate,0,0.0,,,10146.0,1.8,512.0,354.6666666666667,203.66666666666666,,,,0.4368833601474762,0.4343065619468689,0.002576812170445919,0.0656934380531311,44.807403564453125,0.2782265841960907,44.807403564453125,0.2782265841960907,0.9991442561149597,0.002576812170445919,0.07427959889173508,2.024240255355835,0.6082426905632019,0.1981760561466217,32,jpeg,45,heldout,0.0,22.765111923217773,0.8405947685241699,0.8478949069976807,0.20173561573028564,0.09267795085906982,0.9959263801574707,3.607388867230174,2.4242943860091772,0.21795710921287537,0.04843774065375328,0.21834948658943176,0.034486107528209686,26.656726837158203,0.5568627715110779,0.9542667865753174,0.18141978979110718,0.03356450796127319,0.9573598504066467,0.18372881412506104,22.8984432220459,0.01800680160522461
car_00,S,32,a wrecked car after an accident,25,10,10,1,97.7,rotate,0,0.0,,,10146.0,1.8,512.0,354.6666666666667,203.66666666666666,,,,0.4368833601474762,0.4343065619468689,0.002576812170445919,0.0656934380531311,44.807403564453125,0.2782265841960907,44.807403564453125,0.2782265841960907,0.9991442561149597,0.002576812170445919,0.07427959889173508,2.024240255355835,0.6082426905632019,0.1981760561466217,32,jpeg,30,heldout,0.0,22.69322395324707,0.8317346572875977,0.8273259401321411,0.22963732481002808,0.10342597961425781,0.9236671924591064,3.607388867230174,2.008633124008054,0.21795710921287537,0.04843774065375328,0.22517481446266174,0.03760110214352608,25.436141967773438,0.5568627715110779,0.9387664198875427,0.2233061045408249,0.05090785026550293,0.9446833729743958,0.217988058924675,22.87649917602539,0.011649265885353088
car_00,S,32,a wrecked car after an accident,25,10,10,1,97.7,rotate,0,0.0,,,10146.0,1.8,512.0,354.6666666666667,203.66666666666666,,,,0.4368833601474762,0.4343065619468689,0.002576812170445919,0.0656934380531311,44.807403564453125,0.2782265841960907,44.807403564453125,0.2782265841960907,0.9991442561149597,0.002576812170445919,0.07427959889173508,2.024240255355835,0.6082426905632019,0.1981760561466217,32,noise,0.0,heldout,0.0,33.23136520385742,0.7026467323303223,0.9826507568359375,0.026793785393238068,0.019077062606811523,0.9303763508796692,3.607388867230174,3.5312892509085936,0.21795710921287537,0.04843774065375328,0.2212792932987213,0.037941619753837585,44.806095123291016,0.2782265841960907,0.9991442561149597,0.002576812170445919,0.0009499788284301758,0.9655608534812927,0.0,80.0,0.026793785393238068
car_00,S,32,a wrecked car after an accident,25,10,10,1,97.7,rotate,0,0.0,,,10146.0,1.8,512.0,354.6666666666667,203.66666666666666,,,,0.4368833601474762,0.4343065619468689,0.002576812170445919,0.0656934380531311,44.807403564453125,0.2782265841960907,44.807403564453125,0.2782265841960907,0.9991442561149597,0.002576812170445919,0.07427959889173508,2.024240255355835,0.6082426905632019,0.1981760561466217,32,noise,0.01,heldout,0.0,30.602996826171875,0.6405933499336243,0.9734319448471069,0.04574763774871826,0.024626851081848145,1.0394879579544067,3.607388867230174,3.846856812049719,0.21795710921287537,0.04843774065375328,0.2239571511745453,0.0363287627696991,38.79978561401367,0.2758897542953491,0.9942151308059692,0.02830199897289276,0.004967629909515381,0.9669117331504822,0.03954797610640526,31.267223358154297,0.0061996616423130035
car_00,S,32,a wrecked car after an accident,25,10,10,1,97.7,rotate,0,0.0,,,10146.0,1.8,512.0,354.6666666666667,203.66666666666666,,,,0.4368833601474762,0.4343065619468689,0.002576812170445919,0.0656934380531311,44.807403564453125,0.2782265841960907,44.807403564453125,0.2782265841960907,0.9991442561149597,0.002576812170445919,0.07427959889173508,2.024240255355835,0.6082426905632019,0.1981760561466217,32,noise,0.02,heldout,0.0,27.01715087890625,0.7332099080085754,0.9421699047088623,0.10379793494939804,0.0551455020904541,1.1485981941223145,3.607388867230174,4.538747328417012,0.21795710921287537,0.04843774065375328,0.22213949263095856,0.04920843243598938,33.71974563598633,0.2768297493457794,0.9807347059249878,0.0770304948091507,0.023588120937347412,0.9717151522636414,0.09953555464744568,27.004262924194336,0.004262380301952362
car_00,S,32,a wrecked car after an accident,25,10,10,1,97.7,rotate,0,0.0,,,10146.0,1.8,512.0,354.6666666666667,203.66666666666666,,,,0.4368833601474762,0.4343065619468689,0.002576812170445919,0.0656934380531311,44.807403564453125,0.2782265841960907,44.807403564453125,0.2782265841960907,0.9991442561149597,0.002576812170445919,0.07427959889173508,2.024240255355835,0.6082426905632019,0.1981760561466217,32,noise,0.04,heldout,0.0,23.804885864257812,0.8649742603302002,0.8788979053497314,0.1989096999168396,0.09437257051467896,1.2591091394424438,3.607388867230174,6.304771767084697,0.21795710921287537,0.04843774065375328,0.2275620847940445,0.06044194474816322,28.05200958251953,0.2787097692489624,0.9387439489364624,0.1661318689584732,0.07296943664550781,0.9911230206489563,0.19673404097557068,23.58222007751465,0.002175658941268921
car_00,S,32,a wrecked car after an accident,25,10,10,1,97.7,rotate,0,0.0,,,10146.0,1.8,512.0,354.6666666666667,203.66666666666666,,,,0.4368833601474762,0.4343065619468689,0.002576812170445919,0.0656934380531311,44.807403564453125,0.2782265841960907,44.807403564453125,0.2782265841960907,0.9991442561149597,0.002576812170445919,0.07427959889173508,2.024240255355835,0.6082426905632019,0.1981760561466217,32,noise,0.08,heldout,0.0,19.868131637573242,0.9191694259643555,0.7581110000610352,0.33391469717025757,0.15515804290771484,1.6276164054870605,3.607388867230174,8.824725099693834,0.21795710921287537,0.04843774065375328,0.2517207860946655,0.08197648823261261,22.296478271484375,0.3640967011451721,0.8360179662704468,0.30190137028694153,0.1386127471923828,1.0642681121826172,0.3299170434474945,19.68445587158203,0.0039976537227630615
car_00,S,32,a wrecked car after an accident,25,10,10,1,97.7,rotate,0,0.0,,,10146.0,1.8,512.0,354.6666666666667,203.66666666666666,,,,0.4368833601474762,0.4343065619468689,0.002576812170445919,0.0656934380531311,44.807403564453125,0.2782265841960907,44.807403564453125,0.2782265841960907,0.9991442561149597,0.002576812170445919,0.07427959889173508,2.024240255355835,0.6082426905632019,0.1981760561466217,32,quantize,256,heldout,0.0,33.29759216308594,0.7048523426055908,0.9828724265098572,0.02649819850921631,0.01890850067138672,0.9364521503448486,3.607388867230174,3.573546981576032,0.21795710921287537,0.04843774065375328,0.22200670838356018,0.03801753371953964,44.71981430053711,0.27843138575553894,0.9991292357444763,0.00247130636125803,0.0009107589721679688,0.9660517573356628,9.154310122438947e-12,79.99993896484375,0.026498198500062
car_00,S,32,a wrecked car after an accident,25,10,10,1,97.7,rotate,0,0.0,,,10146.0,1.8,512.0,354.6666666666667,203.66666666666666,,,,0.4368833601474762,0.4343065619468689,0.002576812170445919,0.0656934380531311,44.807403564453125,0.2782265841960907,44.807403564453125,0.2782265841960907,0.9991442561149597,0.002576812170445919,0.07427959889173508,2.024240255355835,0.6082426905632019,0.1981760561466217,32,quantize,64,heldout,0.0,32.237667083740234,0.6998998522758484,0.9796316027641296,0.031042784452438354,0.023119091987609863,0.9428415298461914,3.607388867230174,3.597856950501827,0.21795710921287537,0.04843774065375328,0.22229062020778656,0.038573458790779114,42.694175720214844,0.27824464440345764,0.997841477394104,0.007960856892168522,0.0010676980018615723,0.9666198492050171,0.012385888025164604,36.321109771728516,0.01865689642727375
car_00,S,32,a wrecked car after an accident,25,10,10,1,97.7,rotate,0,0.0,,,10146.0,1.8,512.0,354.6666666666667,203.66666666666666,,,,0.4368833601474762,0.4343065619468689,0.002576812170445919,0.0656934380531311,44.807403564453125,0.2782265841960907,44.807403564453125,0.2782265841960907,0.9991442561149597,0.002576812170445919,0.07427959889173508,2.024240255355835,0.6082426905632019,0.1981760561466217,32,quantize,32,heldout,0.0,29.904361724853516,0.7794948220252991,0.9704004526138306,0.047239236533641815,0.02776789665222168,0.9355926513671875,3.607388867230174,3.4593641985309054,0.21795710921287537,0.04843774065375328,0.22350642085075378,0.05623411387205124,39.29647445678711,0.2833649516105652,0.9939464926719666,0.024989498779177666,0.005978643894195557,0.9689666032791138,0.0374007448554039,30.940231323242188,0.009838491678237915
car_00,S,32,a wrecked car after an accident,25,10,10,1,97.7,rotate,0,0.0,,,10146.0,1.8,512.0,354.6666666666667,203.66666666666666,,,,0.4368833601474762,0.4343065619468689,0.002576812170445919,0.0656934380531311,44.807403564453125,0.2782265841960907,44.807403564453125,0.2782265841960907,0.9991442561149597,0.002576812170445919,0.07427959889173508,2.024240255355835,0.6082426905632019,0.1981760561466217,32,quantize,16,heldout,0.0,27.143327713012695,0.8116853833198547,0.9401444792747498,0.09306113421916962,0.050639212131500244,1.0191487073898315,3.607388867230174,3.6994153067797972,0.21795710921287537,0.04843774065375328,0.2243519127368927,0.052934322506189346,33.96637725830078,0.29411765933036804,0.9761480689048767,0.07578480243682861,0.02088451385498047,0.9782993197441101,0.08988402783870697,27.233318328857422,0.0031771063804626465
car_00,S,32,a wrecked car after an accident,25,10,10,1,97.7,rotate,0,0.0,,,10146.0,1.8,512.0,354.6666666666667,203.66666666666666,,,,0.4368833601474762,0.4343065619468689,0.002576812170445919,0.0656934380531311,44.807403564453125,0.2782265841960907,44.807403564453125,0.2782265841960907,0.9991442561149597,0.002576812170445919,0.07427959889173508,2.024240255355835,0.6082426905632019,0.1981760561466217,32,quantize,8,heldout,0.0,22.786396026611328,0.8067895770072937,0.8314615488052368,0.1794547140598297,0.09765535593032837,1.1259849071502686,3.607388867230174,3.9588300847414595,0.21795710921287537,0.04843774065375328,0.22253364324569702,0.06626426428556442,27.546546936035156,0.24649861454963684,0.9131494760513306,0.16675207018852234,0.061028242111206055,1.0175511837005615,0.17508262395858765,22.727487564086914,0.004372090101242065
car_01,S,32,a wrecked car after an accident,25,10,10,1,97.5,rotate,0,0.0,,,11506.6,1.27,512.0,350.6666666666667,202.66666666666666,,,,0.8202848434448242,0.36289578676223755,0.4573890268802643,0.13710422813892365,42.418251037597656,0.39519616961479187,42.418251037597656,0.39519616961479187,0.9981266856193542,0.00868411548435688,0.10579411685466766,1.6426379680633545,0.6422104835510254,0.29291412234306335,32,identity,0.0,train,0.0,27.872163772583008,0.5935184359550476,0.9359013438224792,0.13710422813892365,0.07614707946777344,0.9713775515556335,3.557836939749452,3.441062241451029,0.2536417245864868,0.007090182509273291,0.25851213932037354,0.011297815479338169,42.4174919128418,0.39519616961479187,0.9981266856193542,0.00868411548435688,0.002691209316253662,0.9555128812789917,0.0,80.0,0.13710422813892365
car_01,S,32,a wrecked car after an accident,25,10,10,1,97.5,rotate,0,0.0,,,11506.6,1.27,512.0,350.6666666666667,202.66666666666666,,,,0.8202848434448242,0.36289578676223755,0.4573890268802643,0.13710422813892365,42.418251037597656,0.39519616961479187,42.418251037597656,0.39519616961479187,0.9981266856193542,0.00868411548435688,0.10579411685466766,1.6426379680633545,0.6422104835510254,0.29291412234306335,32,blur,0.0,heldout,0.0,35.18632507324219,0.40036123991012573,0.9886771440505981,0.030896255746483803,0.01787698268890381,0.9511885643005371,3.67183504966514,3.536879357690583,0.30161184072494507,0.058260492980480194,0.2973216772079468,0.05857354402542114,42.4174919128418,0.39519616961479187,0.9981266856193542,0.00868411548435688,0.002691209316253662,0.9555128812789917,0.0,80.0,0.030896255746483803
car_01,S,32,a wrecked car after an accident,25,10,10,1,97.5,rotate,0,0.0,,,11506.6,1.27,512.0,350.6666666666667,202.66666666666666,,,,0.8202848434448242,0.36289578676223755,0.4573890268802643,0.13710422813892365,42.418251037597656,0.39519616961479187,42.418251037597656,0.39519616961479187,0.9981266856193542,0.00868411548435688,0.10579411685466766,1.6426379680633545,0.6422104835510254,0.29291412234306335,32,blur,0.5,heldout,0.0,29.012184143066406,0.6320490837097168,0.9581642150878906,0.0985415056347847,0.04750669002532959,0.7238659262657166,3.67183504966514,2.9320934500646083,0.30161184072494507,0.058260492980480194,0.28778403997421265,0.043430395424366,32.44259262084961,0.30464521050453186,0.9916012287139893,0.045799996703863144,0.023941397666931152,0.7288647294044495,0.07565651834011078,29.914710998535156,0.02288498729467392
car_01,S,32,a wrecked car after an accident,25,10,10,1,97.5,rotate,0,0.0,,,11506.6,1.27,512.0,350.6666666666667,202.66666666666666,,,,0.8202848434448242,0.36289578676223755,0.4573890268802643,0.13710422813892365,42.418251037597656,0.39519616961479187,42.418251037597656,0.39519616961479187,0.9981266856193542,0.00868411548435688,0.10579411685466766,1.6426379680633545,0.6422104835510254,0.29291412234306335,32,blur,1.0,heldout,0.0,24.319793701171875,0.7390265464782715,0.857591986656189,0.30127274990081787,0.12939870357513428,0.38897818326950073,3.67183504966514,5.112090222410822,0.30161184072494507,0.058260492980480194,0.2776182293891907,0.04599027335643768,24.74870491027832,0.6036127805709839,0.9366281032562256,0.21921977400779724,0.10670185089111328,0.3719256818294525,0.2957572340965271,24.391075134277344,0.0055155158042907715
car_01,S,32,a wrecked car after an accident,25,10,10,1,97.5,rotate,0,0.0,,,11506.6,1.27,512.0,350.6666666666667,202.66666666666666,,,,0.8202848434448242,0.36289578676223755,0.4573890268802643,0.13710422813892365,42.418251037597656,0.39519616961479187,42.418251037597656,0.39519616961479187,0.9981266856193542,0.00868411548435688,0.10579411685466766,1.6426379680633545,0.6422104835510254,0.29291412234306335,32,blur,1.5,heldout,0.0,22.416297912597656,0.6546674370765686,0.7701609134674072,0.4157695770263672,0.186478853225708,0.2420656681060791,3.67183504966514,6.742623275286137,0.30161184072494507,0.058260492980480194,0.2668518126010895,0.035333044826984406,22.399883270263672,0.70867919921875,0.8574549555778503,0.3279240131378174,0.16821706295013428,0.21352407336235046,0.4127838611602783,22.445650100708008,0.002985715866088867
car_01,S,32,a wrecked car after an accident,25,10,10,1,97.5,rotate,0,0.0,,,11506.6,1.27,512.0,350.6666666666667,202.66666666666666,,,,0.8202848434448242,0.36289578676223755,0.4573890268802643,0.13710422813892365,42.418251037597656,0.39519616961479187,42.418251037597656,0.39519616961479187,0.9981266856193542,0.00868411548435688,0.10579411685466766,1.6426379680633545,0.6422104835510254,0.29291412234306335,32,blur,2.0,heldout,0.0,21.46181869506836,0.6815455555915833,0.7018817663192749,0.4851696193218231,0.22734785079956055,0.1713956594467163,3.67183504966514,7.836454194147306,0.30161184072494507,0.058260492980480194,0.2572163939476013,0.023219870403409004,21.122465133666992,0.7447404265403748,0.7767111659049988,0.40850257873535156,0.21242773532867432,0.13715673983097076,0.48431462049484253,21.47342872619629,0.0008549988269805908
car_01,S,32,a wrecked car after an accident,25,10,10,1,97.5,rotate,0,0.0,,,11506.6,1.27,512.0,350.6666666666667,202.66666666666666,,,,0.8202848434448242,0.36289578676223755,0.4573890268802643,0.13710422813892365,42.418251037597656,0.39519616961479187,42.418251037597656,0.39519616961479187,0.9981266856193542,0.00868411548435688,0.10579411685466766,1.6426379680633545,0.6422104835510254,0.29291412234306335,32,blur,3.0,heldout,0.0,20.404489517211914,0.6641004085540771,0.6064456701278687,0.5739203095436096,0.28421294689178467,0.10078115016222,3.67183504966514,9.667159894374402,0.30161184072494507,0.058260492980480194,0.24793481826782227,0.023122580721974373,19.693510055541992,0.7661715745925903,0.6407047510147095,0.5245762467384338,0.27652066946029663,0.07168146967887878,0.5726750493049622,20.420673370361328,0.001245260238647461
car_01,S,32,a wrecked car after an accident,25,10,10,1,97.5,rotate,0,0.0,,,11506.6,1.27,512.0,350.6666666666667,202.66666666666666,,,,0.8202848434448242,0.36289578676223755,0.4573890268802643,0.13710422813892365,42.418251037597656,0.39519616961479187,42.418251037597656,0.39519616961479187,0.9981266856193542,0.00868411548435688,0.10579411685466766,1.6426379680633545,0.6422104835510254,0.29291412234306335,32,jpeg,95,heldout,0.0,32.739585876464844,0.5492322444915771,0.981880784034729,0.0406724251806736,0.02493894100189209,0.9574490785598755,3.67183504966514,3.599860954741919,0.30161184072494507,0.058260492980480194,0.29074329137802124,0.04508344829082489,38.717750549316406,0.41568630933761597,0.99604332447052,0.024533919990062714,0.004951298236846924,0.9575265049934387,0.017910920083522797,37.263221740722656,0.022761505097150803
car_01,S,32,a wrecked car after an accident,25,10,10,1,97.5,rotate,0,0.0,,,11506.6,1.27,512.0,350.6666666666667,202.66666666666666,,,,0.8202848434448242,0.36289578676223755,0.4573890268802643,0.13710422813892365,42.418251037597656,0.39519616961479187,42.418251037597656,0.39519616961479187,0.9981266856193542,0.00868411548435688,0.10579411685466766,1.6426379680633545,0.6422104835510254,0.29291412234306335,32,jpeg,85,heldout,0.0,30.532405853271484,0.5355148911476135,0.9674669504165649,0.06913184374570847,0.03050363063812256,0.9185432195663452,3.67183504966514,3.162064680140764,0.30161184072494507,0.058260492980480194,0.29143574833869934,0.04544049873948097,34.64778518676758,0.3647059202194214,0.9926797151565552,0.06923658400774002,0.010304093360900879,0.9576636552810669,0.05375215411186218,31.128551483154297,0.015379689633846283
car_01,S,32,a wrecked car after an accident,25,10,10,1,97.5,rotate,0,0.0,,,11506.6,1.27,512.0,350.6666666666667,202.66666666666666,,,,0.8202848434448242,0.36289578676223755,0.4573890268802643,0.13710422813892365,42.418251037597656,0.39519616961479187,42.418251037597656,0.39519616961479187,0.9981266856193542,0.00868411548435688,0.10579411685466766,1.6426379680633545,0.6422104835510254,0.29291412234306335,32,jpeg,75,heldout,0.0,28.326114654541016,0.5747333765029907,0.947858989238739,0.10719933360815048,0.04760122299194336,0.9356813430786133,3.67183504966514,2.616084990902457,0.30161184072494507,0.058260492980480194,0.2910681962966919,0.04118367284536362,32.567447662353516,0.37254902720451355,0.9891690015792847,0.10354980826377869,0.020317912101745605,0.9568890333175659,0.08182238042354584,29.671588897705078,0.025376953184604645
car_01,S,32,a wrecked car after an accident,25,10,10,1,97.5,rotate,0,0.0,,,11506.6,1.27,512.0,350.6666666666667,202.66666666666666,,,,0.8202848434448242,0.36289578676223755,0.4573890268802643,0.13710422813892365,42.418251037597656,0.39519616961479187,42.418251037597656,0.39519616961479187,0.9981266856193542,0.00868411548435688,0.10579411685466766,1.6426379680633545,0.6422104835510254,0.29291412234306335,32,jpeg,60,heldout,0.0,27.791624069213867,0.6521511077880859,0.9403022527694702,0.12148286402225494,0.06166344881057739,0.917512059211731,3.67183504966514,2.42999732625538,0.30161184072494507,0.058260492980480194,0.2861400842666626,0.04524620249867439,30.783655166625977,0.3647059202194214,0.9840859770774841,0.14188577234745026,0.04264247417449951,0.9540573954582214,0.11001326888799667,28.197290420532227,0.01146959513425827
car_01,S,32,a wrecked car after an accident,25,10,10,1,97.5,rotate,0,0.0,,,11506.6,1.27,512.0,350.6666666666667,202.66666666666666,,,,0.8202848434448242,0.36289578676223755,0.4573890268802643,0.13710422813892365,42.418251037597656,0.39519616961479187,42.418251037597656,0.39519616961479187,0.9981266856193542,0.00868411548435688,0.10579411685466766,1.6426379680633545,0.6422104835510254,0.29291412234306335,32,jpeg,45,heldout,0.0,26.404083251953125,0.6267069578170776,0.9215814471244812,0.1591183841228485,0.0679963231086731,0.9235457181930542,3.67183504966514,2.0977827921046606,0.30161184072494507,0.058260492980480194,0.28732889890670776,0.04747387394309044,29.59006118774414,0.3647059202194214,0.9783176779747009,0.17071375250816345,0.04484981298446655,0.9479358196258545,0.13630928099155426,27.06397819519043,0.02280910313129425
car_01,S,32,a wrecked car after an accident,25,10,10,1,97.5,rotate,0,0.0,,,11506.6,1.27,512.0,350.6666666666667,202.66666666666666,,,,0.8202848434448242,0.36289578676223755,0.4573890268802643,0.13710422813892365,42.418251037597656,0.39519616961479187,42.418251037597656,0.39519616961479187,0.9981266856193542,0.00868411548435688,0.10579411685466766,1.6426379680633545,0.6422104835510254,0.29291412234306335,32,jpeg,30,heldout,0.0,25.379138946533203,0.7018148303031921,0.898000180721283,0.194440096616745,0.08940798044204712,0.8444346189498901,3.67183504966514,2.18102673314544,0.30161184072494507,0.058260492980480194,0.28208696842193604,0.04299857094883919,28.204227447509766,0.3803921937942505,0.9675816297531128,0.21463565528392792,0.06457477807998657,0.9393737316131592,0.17863036692142487,25.9780330657959,0.01580972969532013
car_01,S,32,a wrecked car after an accident,25,10,10,1,97.5,rotate,0,0.0,,,11506.6,1.27,512.0,350.6666666666667,202.66666666666666,,,,0.8202848434448242,0.36289578676223755,0.4573890268802643,0.13710422813892365,42.418251037597656,0.39519616961479187,42.418251037597656,0.39519616961479187,0.9981266856193542,0.00868411548435688,0.10579411685466766,1.6426379680633545,0.6422104835510254,0.29291412234306335,32,noise,0.0,heldout,0.0,35.18632507324219,0.40036123991012573,0.9886771440505981,0.030896255746483803,0.01787698268890381,0.9511885643005371,3.67183504966514,3.536879357690583,0.30161184072494507,0.058260492980480194,0.2973216772079468,0.05857354402542114,42.4174919128418,0.39519616961479187,0.9981266856193542,0.00868411548435688,0.002691209316253662,0.9555128812789917,0.0,80.0,0.030896255746483803
car_01,S,32,a wrecked car after an accident,25,10,10,1,97.5,rotate,0,0.0,,,11506.6,1.27,512.0,350.6666666666667,202.66666666666666,,,,0.8202848434448242,0.36289578676223755,0.4573890268802643,0.13710422813892365,42.418251037597656,0.39519616961479187,42.418251037597656,0.39519616961479187,0.9981266856193542,0.00868411548435688,0.10579411685466766,1.6426379680633545,0.6422104835510254,0.29291412234306335,32,noise,0.01,heldout,0.0,33.61277770996094,0.47290921211242676,0.9859839677810669,0.033464983105659485,0.02036416530609131,0.974026620388031,3.67183504966514,3.8458212052282286,0.30161184072494507,0.058260492980480194,0.2981540560722351,0.05608770251274109,38.035797119140625,0.3997119963169098,0.994276225566864,0.025677546858787537,0.004286587238311768,0.9576194882392883,0.022066613659262657,36.2476692199707,0.011398369446396828
car_01,S,32,a wrecked car after an accident,25,10,10,1,97.5,rotate,0,0.0,,,11506.6,1.27,512.0,350.6666666666667,202.66666666666666,,,,0.8202848434448242,0.36289578676223755,0.4573890268802643,0.13710422813892365,42.418251037597656,0.39519616961479187,42.418251037597656,0.39519616961479187,0.9981266856193542,0.00868411548435688,0.10579411685466766,1.6426379680633545,0.6422104835510254,0.29291412234306335,32,noise,0.02,heldout,0.0,31.086490631103516,0.5468404293060303,0.9727001190185547,0.06651231646537781,0.035710036754608154,1.0104745626449585,3.67183504966514,4.634211629258497,0.30161184072494507,0.058260492980480194,0.2957175374031067,0.05262570083141327,33.41571044921875,0.40422776341438293,0.9832295179367065,0.06958743929862976,0.018401265144348145,0.9637447595596313,0.05940215289592743,31.74992561340332,0.007110163569450378
car_01,S,32,a wrecked car after an accident,25,10,10,1,97.5,rotate,0,0.0,,,11506.6,1.27,512.0,350.6666666666667,202.66666666666666,,,,0.8202848434448242,0.36289578676223755,0.4573890268802643,0.13710422813892365,42.418251037597656,0.39519616961479187,42.418251037597656,0.39519616961479187,0.9981266856193542,0.00868411548435688,0.10579411685466766,1.6426379680633545,0.6422104835510254,0.29291412234306335,32,noise,0.04,heldout,0.0,27.190860748291016,0.5953338742256165,0.9322843551635742,0.15059268474578857,0.06914705038070679,1.1161860227584839,3.67183504966514,6.057057374541239,0.30161184072494507,0.058260492980480194,0.301383912563324,0.03727269172668457,27.88277816772461,0.4132594168186188,0.9451155066490173,0.16727972030639648,0.0680088996887207,0.9871452450752258,0.1498216688632965,26.957483291625977,0.0007710158824920654
car_01,S,32,a wrecked car after an accident,25,10,10,1,97.5,rotate,0,0.0,,,11506.6,1.27,512.0,350.6666666666667,202.66666666666666,,,,0.8202848434448242,0.36289578676223755,0.4573890268802643,0.13710422813892365,42.418251037597656,0.39519616961479187,42.418251037597656,0.39519616961479187,0.9981266856193542,0.00868411548435688,0.10579411685466766,1.6426379680633545,0.6422104835510254,0.29291412234306335,32,noise,0.08,heldout,0.0,23.048080444335938,0.6714807748794556,0.8418077826499939,0.2934502065181732,0.11786425113677979,1.2908474206924438,3.67183504966514,8.352497253425446,0.30161184072494507,0.058260492980480194,0.32061678171157837,0.047219082713127136,22.158281326293945,0.4410029649734497,0.8419932126998901,0.31200504302978516,0.13478463888168335,1.0717947483062744,0.28714126348495483,23.070232391357422,0.006308943033218384
car_01,S,32,a wrecked car after an accident,25,10,10,1,97.5,rotate,0,0.0,,,11506.6,1.27,512.0,350.6666666666667,202.66666666666666,,,,0.8202848434448242,0.36289578676223755,0.4573890268802643,0.13710422813892365,42.418251037597656,0.39519616961479187,42.418251037597656,0.39519616961479187,0.9981266856193542,0.00868411548435688,0.10579411685466766,1.6426379680633545,0.6422104835510254,0.29291412234306335,32,quantize,256,heldout,0.0,35.145050048828125,0.4029567837715149,0.9887921214103699,0.030648980289697647,0.019136428833007812,0.9520698189735413,3.67183504966514,3.485363030686867,0.30161184072494507,0.058260492980480194,0.2974011301994324,0.05840573459863663,42.34320068359375,0.3960784375667572,0.9980928897857666,0.008915336802601814,0.0026708245277404785,0.9557738304138184,6.261644848459813e-12,79.99998474121094,0.030648980283436003
car_01,S,32,a wrecked car after an accident,25,10,10,1,97.5,rotate,0,0.0,,,11506.6,1.27,512.0,350.6666666666667,202.66666666666666,,,,0.8202848434448242,0.36289578676223755,0.4573890268802643,0.13710422813892365,42.418251037597656,0.39519616961479187,42.418251037597656,0.39519616961479187,0.9981266856193542,0.00868411548435688,0.10579411685466766,1.6426379680633545,0.6422104835510254,0.29291412234306335,32,quantize,64,heldout,0.0,34.9285888671875,0.3892205059528351,0.9883854389190674,0.0303022637963295,0.017664670944213867,0.9503467679023743,3.67183504966514,3.6097282284904844,0.30161184072494507,0.058260492980480194,0.29797089099884033,0.05974747985601425,41.06269454956055,0.39943981170654297,0.9973106384277344,0.011784966103732586,0.00265657901763916,0.9563125371932983,0.007112729363143444,42.447242736816406,0.023189534433186054
car_01,S,32,a wrecked car after an accident,25,10,10,1,97.5,rotate,0,0.0,,,11506.6,1.27,512.0,350.6666666666667,202.66666666666666,,,,0.8202848434448242,0.36289578676223755,0.4573890268802643,0.13710422813892365,42.418251037597656,0.39519616961479187,42.418251037597656,0.39519616961479187,0.9981266856193542,0.00868411548435688,0.10579411685466766,1.6426379680633545,0.6422104835510254,0.29291412234306335,32,quantize,32,heldout,0.0,34.44847106933594,0.39336085319519043,0.986411452293396,0.03401030972599983,0.021419286727905273,0.9540287256240845,3.67183504966514,3.756344207807673,0.30161184072494507,0.058260492980480194,0.29751724004745483,0.05242057889699936,38.41811752319336,0.39329540729522705,0.9946500062942505,0.02352764829993248,0.005468845367431641,0.957923173904419,0.01748654991388321,37.40254592895508,0.016523759812116623
car_01,S,32,a wrecked car after an accident,25,10,10,1,97.5,rotate,0,0.0,,,11506.6,1.27,512.0,350.6666666666667,202.66666666666666,,,,0.8202848434448242,0.36289578676223755,0.4573890268802643,0.13710422813892365,42.418251037597656,0.39519616961479187,42.418251037597656,0.39519616961479187,0.9981266856193542,0.00868411548435688,0.10579411685466766,1.6426379680633545,0.6422104835510254,0.29291412234306335,32,quantize,16,heldout,0.0,30.130327224731445,0.6257991790771484,0.9679531455039978,0.06722219288349152,0.033531904220581055,1.0146292448043823,3.67183504966514,4.1679135618526315,0.30161184072494507,0.058260492980480194,0.2972498834133148,0.05567377805709839,33.695106506347656,0.4117647111415863,0.9818880558013916,0.08536335080862045,0.037258267402648926,0.9666678309440613,0.06432236731052399,30.80125617980957,0.0028998255729675293
car_01,S,32,a wrecked car after an accident,25,10,10,1,97.5,rotate,0,0.0,,,11506.6,1.27,512.0,350.6666666666667,202.66666666666666,,,,0.8202848434448242,0.36289578676223755,0.4573890268802643,0.13710422813892365,42.418251037597656,0.39519616961479187,42.418251037597656,0.39519616961479187,0.9981266856193542,0.00868411548435688,0.10579411685466766,1.6426379680633545,0.6422104835510254,0.29291412234306335,32,quantize,8,heldout,0.0,23.552799224853516,0.7416293621063232,0.8612593412399292,0.21103420853614807,0.09882926940917969,0.9817215204238892,3.67183504966514,4.090880949330091,0.30161184072494507,0.058260492980480194,0.31226179003715515,0.07776087522506714,27.402603149414062,0.4593837559223175,0.9201425909996033,0.2703264355659485,0.1125098466873169,1.0191065073013306,0.20628246665000916,23.687742233276367,0.004751741886138916
dog_00,S,32,a cat sitting on the grass,25,10,10,1,97.5,rotate,0,0.0,,,11505.1,6.88,512.0,349.6666666666667,192.33333333333334,,,,0.4862695038318634,0.4787341356277466,0.007535369601100683,0.021265871822834015,49.66775894165039,0.07272526621818542,49.66775894165039,0.07272526621818542,0.9993636012077332,0.007535369601100683,0.08728663623332977,1.0820022821426392,0.3086060583591461,0.24372071027755737,32,identity,0.0,train,0.0,42.34358215332031,0.24232441186904907,0.9954161047935486,0.021265871822834015,0.012484133243560791,0.9721719622612,7.135170548045598,6.880461850427137,0.19253350794315338,0.013012278825044632,0.19157442450523376,0.015590012073516846,49.66373825073242,0.07272526621818542,0.9993636012077332,0.007535369601100683,0.0017448663711547852,0.9684765934944153,0.0,80.0,0.021265871822834015
dog_00,S,32,a cat sitting on the grass,25,10,10,1,97.5,rotate,0,0.0,,,11505.1,6.88,512.0,349.6666666666667,192.33333333333334,,,,0.4862695038318634,0.4787341356277466,0.007535369601100683,0.021265871822834015,49.66775894165039,0.07272526621818542,49.66775894165039,0.07272526621818542,0.9993636012077332,0.007535369601100683,0.08728663623332977,1.0820022821426392,0.3086060583591461,0.24372071027755737,32,blur,0.0,heldout,0.0,41.7186393737793,0.2271708846092224,0.995414137840271,0.01572161167860031,0.010103046894073486,0.9551001787185669,5.79277228708301,5.596448242807068,0.16728204488754272,0.0048639168962836266,0.16702525317668915,0.006779219023883343,49.66373825073242,0.07272526621818542,0.9993636012077332,0.007535369601100683,0.0017448663711547852,0.9684765934944153,0.0,80.0,0.01572161167860031
dog_00,S,32,a cat sitting on the grass,25,10,10,1,97.5,rotate,0,0.0,,,11505.1,6.88,512.0,349.6666666666667,192.33333333333334,,,,0.4862695038318634,0.4787341356277466,0.007535369601100683,0.021265871822834015,49.66775894165039,0.07272526621818542,49.66775894165039,0.07272526621818542,0.9993636012077332,0.007535369601100683,0.08728663623332977,1.0820022821426392,0.3086060583591461,0.24372071027755737,32,blur,0.5,heldout,0.0,37.09192657470703,0.2471199333667755,0.985986590385437,0.09282234311103821,0.03414279222488403,0.8403263092041016,5.79277228708301,5.760539238147321,0.16728204488754272,0.0048639168962836266,0.1660735011100769,0.01205778494477272,40.979583740234375,0.14611788094043732,0.9968699216842651,0.07555361092090607,0.014492630958557129,0.8200012445449829,0.07107137143611908,38.16596984863281,0.02175097167491913
dog_00,S,32,a cat sitting on the grass,25,10,10,1,97.5,rotate,0,0.0,,,11505.1,6.88,512.0,349.6666666666667,192.33333333333334,,,,0.4862695038318634,0.4787341356277466,0.007535369601100683,0.021265871822834015,49.66775894165039,0.07272526621818542,49.66775894165039,0.07272526621818542,0.9993636012077332,0.007535369601100683,0.08728663623332977,1.0820022821426392,0.3086060583591461,0.24372071027755737,32,blur,1.0,heldout,0.0,31.772851943969727,0.3595099449157715,0.9473730325698853,0.28454509377479553,0.08898717164993286,0.5285431742668152,5.79277228708301,7.0343485936137435,0.16728204488754272,0.0048639168962836266,0.1681227684020996,0.014706757850944996,33.695152282714844,0.32503023743629456,0.9762374758720398,0.2624736726284027,0.06430399417877197,0.5499847531318665,0.2809890806674957,31.874839782714844,0.0035560131072998047
dog_00,S,32,a cat sitting on the grass,25,10,10,1,97.5,rotate,0,0.0,,,11505.1,6.88,512.0,349.6666666666667,192.33333333333334,,,,0.4862695038318634,0.4787341356277466,0.007535369601100683,0.021265871822834015,49.66775894165039,0.07272526621818542,49.66775894165039,0.07272526621818542,0.9993636012077332,0.007535369601100683,0.08728663623332977,1.0820022821426392,0.3086060583591461,0.24372071027755737,32,blur,1.5,heldout,0.0,29.429702758789062,0.5107917785644531,0.9121497869491577,0.3495578169822693,0.14713239669799805,0.36335259675979614,5.79277228708301,8.056551581572972,0.16728204488754272,0.0048639168962836266,0.17033478617668152,0.016923125833272934,30.9941463470459,0.3936348557472229,0.9415413737297058,0.32890528440475464,0.11458879709243774,0.3828890025615692,0.34768128395080566,29.497539520263672,0.001876533031463623
dog_00,S,32,a cat sitting on the grass,25,10,10,1,97.5,rotate,0,0.0,,,11505.1,6.88,512.0,349.6666666666667,192.33333333333334,,,,0.4862695038318634,0.4787341356277466,0.007535369601100683,0.021265871822834015,49.66775894165039,0.07272526621818542,49.66775894165039,0.07272526621818542,0.9993636012077332,0.007535369601100683,0.08728663623332977,1.0820022821426392,0.3086060583591461,0.24372071027755737,32,blur,2.0,heldout,0.0,27.96080780029297,0.5397027730941772,0.8730642199516296,0.393161416053772,0.19015419483184814,0.26628655195236206,5.79277228708301,8.530616660511063,0.16728204488754272,0.0048639168962836266,0.17240867018699646,0.014620829373598099,29.165298461914062,0.42545896768569946,0.8971390724182129,0.3791077733039856,0.15690410137176514,0.27548539638519287,0.3917636275291443,28.003637313842773,0.0013977885246276855
dog_00,S,32,a cat sitting on the grass,25,10,10,1,97.5,rotate,0,0.0,,,11505.1,6.88,512.0,349.6666666666667,192.33333333333334,,,,0.4862695038318634,0.4787341356277466,0.007535369601100683,0.021265871822834015,49.66775894165039,0.07272526621818542,49.66775894165039,0.07272526621818542,0.9993636012077332,0.007535369601100683,0.08728663623332977,1.0820022821426392,0.3086060583591461,0.24372071027755737,32,blur,3.0,heldout,0.0,26.103866577148438,0.5279699563980103,0.7954201102256775,0.45757609605789185,0.24267828464508057,0.165727436542511,5.79277228708301,9.47863656607279,0.16728204488754272,0.0048639168962836266,0.1775597184896469,0.019233565777540207,26.76213836669922,0.45357728004455566,0.7988705039024353,0.465550035238266,0.22228670120239258,0.15693612396717072,0.45744118094444275,26.120206832885742,0.00013491511344909668
dog_00,S,32,a cat sitting on the grass,25,10,10,1,97.5,rotate,0,0.0,,,11505.1,6.88,512.0,349.6666666666667,192.33333333333334,,,,0.4862695038318634,0.4787341356277466,0.007535369601100683,0.021265871822834015,49.66775894165039,0.07272526621818542,49.66775894165039,0.07272526621818542,0.9993636012077332,0.007535369601100683,0.08728663623332977,1.0820022821426392,0.3086060583591461,0.24372071027755737,32,jpeg,95,heldout,0.0,38.482521057128906,0.34369587898254395,0.9885536432266235,0.03373938798904419,0.015591919422149658,0.9537553787231445,5.79277228708301,5.581764206050748,0.16728204488754272,0.0048639168962836266,0.1672413945198059,0.008906371891498566,40.675506591796875,0.07843136787414551,0.9945032596588135,0.0516151562333107,0.003656923770904541,0.9738845825195312,0.022267095744609833,40.34309005737305,0.011472292244434357
dog_00,S,32,a cat sitting on the grass,25,10,10,1,97.5,rotate,0,0.0,,,11505.1,6.88,512.0,349.6666666666667,192.33333333333334,,,,0.4862695038318634,0.4787341356277466,0.007535369601100683,0.021265871822834015,49.66775894165039,0.07272526621818542,49.66775894165039,0.07272526621818542,0.9993636012077332,0.007535369601100683,0.08728663623332977,1.0820022821426392,0.3086060583591461,0.24372071027755737,32,jpeg,85,heldout,0.0,34.250633239746094,0.4398564100265503,0.9761545062065125,0.13243654370307922,0.038252830505371094,0.9141902923583984,5.79277228708301,5.121140076983814,0.16728204488754272,0.0048639168962836266,0.16650113463401794,0.014218071475625038,37.59800720214844,0.12156862020492554,0.9896210432052612,0.15478745102882385,0.009854555130004883,0.9666244983673096,0.11214923113584518,34.143341064453125,0.02028731256723404
dog_00,S,32,a cat sitting on the grass,25,10,10,1,97.5,rotate,0,0.0,,,11505.1,6.88,512.0,349.6666666666667,192.33333333333334,,,,0.4862695038318634,0.4787341356277466,0.007535369601100683,0.021265871822834015,49.66775894165039,0.07272526621818542,49.66775894165039,0.07272526621818542,0.9993636012077332,0.007535369601100683,0.08728663623332977,1.0820022821426392,0.3086060583591461,0.24372071027755737,32,jpeg,75,heldout,0.0,33.164546966552734,0.5263413190841675,0.9679514765739441,0.17746348679065704,0.04618746042251587,0.8965370059013367,5.79277228708301,5.0607274359571495,0.16728204488754272,0.0048639168962836266,0.16365046799182892,0.014871649444103241,36.37936019897461,0.1764705777168274,0.9856996536254883,0.19859838485717773,0.015234708786010742,0.961621880531311,0.16968774795532227,32.902183532714844,0.007775738835334778
dog_00,S,32,a cat sitting on the grass,25,10,10,1,97.5,rotate,0,0.0,,,11505.1,6.88,512.0,349.6666666666667,192.33333333333334,,,,0.4862695038318634,0.4787341356277466,0.007535369601100683,0.021265871822834015,49.66775894165039,0.07272526621818542,49.66775894165039,0.07272526621818542,0.9993636012077332,0.007535369601100683,0.08728663623332977,1.0820022821426392,0.3086060583591461,0.24372071027755737,32,jpeg,60,heldout,0.0,31.817745208740234,0.4454716145992279,0.9575600028038025,0.21944284439086914,0.06334197521209717,0.8887776136398315,5.79277228708301,4.737800800407554,0.16728204488754272,0.0048639168962836266,0.16771142184734344,0.02016264759004116,35.23347854614258,0.1921568661928177,0.9794637560844421,0.23775669932365417,0.025274455547332764,0.9515381455421448,0.21466974914073944,31.887102127075195,0.0047730952501297
dog_00,S,32,a cat sitting on the grass,25,10,10,1,97.5,rotate,0,0.0,,,11505.1,6.88,512.0,349.6666666666667,192.33333333333334,,,,0.4862695038318634,0.4787341356277466,0.007535369601100683,0.021265871822834015,49.66775894165039,0.07272526621818542,49.66775894165039,0.07272526621818542,0.9993636012077332,0.007535369601100683,0.08728663623332977,1.0820022821426392,0.3086060583591461,0.24372071027755737,32,jpeg,45,heldout,0.0,31.543407440185547,0.43891641497612,0.95457524061203,0.2386859804391861,0.0770789384841919,0.8493960499763489,5.79277228708301,4.677640187732552,0.16728204488754272,0.0048639168962836266,0.16862714290618896,0.02027716487646103,34.462913513183594,0.21960784494876862,0.9738442301750183,0.2687157392501831,0.034134745597839355,0.9471160173416138,0.2282947450876236,31.51364517211914,0.0103912353515625
dog_00,S,32,a cat sitting on the grass,25,10,10,1,97.5,rotate,0,0.0,,,11505.1,6.88,512.0,349.6666666666667,192.33333333333334,,,,0.4862695038318634,0.4787341356277466,0.007535369601100683,0.021265871822834015,49.66775894165039,0.07272526621818542,49.66775894165039,0.07272526621818542,0.9993636012077332,0.007535369601100683,0.08728663623332977,1.0820022821426392,0.3086060583591461,0.24372071027755737,32,jpeg,30,heldout,0.0,30.735443115234375,0.44420915842056274,0.9494551420211792,0.25973397493362427,0.0807502269744873,0.7568863034248352,5.79277228708301,4.616187706824095,0.16728204488754272,0.0048639168962836266,0.17077158391475677,0.017720550298690796,33.42811965942383,0.22745096683502197,0.9629755020141602,0.3140428960323334,0.04666179418563843,0.9397494196891785,0.2513189911842346,31.002685546875,0.008414983749389648
dog_00,S,32,a cat sitting on the grass,25,10,10,1,97.5,rotate,0,0.0,,,11505.1,6.88,512.0,349.6666666666667,192.33333333333334,,,,0.4862695038318634,0.4787341356277466,0.007535369601100683,0.021265871822834015,49.66775894165039,0.07272526621818542,49.66775894165039,0.07272526621818542,0.9993636012077332,0.007535369601100683,0.08728663623332977,1.0820022821426392,0.3086060583591461,0.24372071027755737,32,noise,0.0,heldout,0.0,41.7186393737793,0.2271708846092224,0.995414137840271,0.01572161167860031,0.010103046894073486,0.9551001787185669,5.79277228708301,5.596448242807068,0.16728204488754272,0.0048639168962836266,0.16702525317668915,0.006779219023883343,49.66373825073242,0.07272526621818542,0.9993636012077332,0.007535369601100683,0.0017448663711547852,0.9684765934944153,0.0,80.0,0.01572161167860031
dog_00,S,32,a cat sitting on the grass,25,10,10,1,97.5,rotate,0,0.0,,,11505.1,6.88,512.0,349.6666666666667,192.33333333333334,,,,0.4862695038318634,0.4787341356277466,0.007535369601100683,0.021265871822834015,49.66775894165039,0.07272526621818542,49.66775894165039,0.07272526621818542,0.9993636012077332,0.007535369601100683,0.08728663623332977,1.0820022821426392,0.3086060583591461,0.24372071027755737,32,noise,0.01,heldout,0.0,38.04682540893555,0.28252261877059937,0.9892882108688354,0.028429217636585236,0.02034604549407959,0.9750319123268127,5.79277228708301,6.0357651660913,0.16728204488754272,0.0048639168962836266,0.16883236169815063,0.011100702919065952,39.570404052734375,0.08527752757072449,0.9924824237823486,0.04171215742826462,0.004126310348510742,0.9809378981590271,0.029660698026418686,38.35822677612305,-0.0012314803898334503
dog_00,S,32,a cat sitting on the grass,25,10,10,1,97.5,rotate,0,0.0,,,11505.1,6.88,512.0,349.6666666666667,192.33333333333334,,,,0.4862695038318634,0.4787341356277466,0.007535369601100683,0.021265871822834015,49.66775894165039,0.07272526621818542,49.66775894165039,0.07272526621818542,0.9993636012077332,0.007535369601100683,0.08728663623332977,1.0820022821426392,0.3086060583591461,0.24372071027755737,32,noise,0.02,heldout,0.0,34.989139556884766,0.3750479221343994,0.9769022464752197,0.07393528521060944,0.03251767158508301,1.003826379776001,5.79277228708301,6.494393418970192,0.16728204488754272,0.0048639168962836266,0.1721097230911255,0.008462220430374146,33.887298583984375,0.10160857439041138,0.9727630615234375,0.1168830543756485,0.018712878227233887,1.0182621479034424,0.07618586719036102,34.92879867553711,-0.002250581979751587
dog_00,S,32,a cat sitting on the grass,25,10,10,1,97.5,rotate,0,0.0,,,11505.1,6.88,512.0,349.6666666666667,192.33333333333334,,,,0.4862695038318634,0.4787341356277466,0.007535369601100683,0.021265871822834015,49.66775894165039,0.07272526621818542,49.66775894165039,0.07272526621818542,0.9993636012077332,0.007535369601100683,0.08728663623332977,1.0820022821426392,0.3086060583591461,0.24372071027755737,32,noise,0.04,heldout,0.0,30.241546630859375,0.5363944172859192,0.9349387884140015,0.1976313591003418,0.07917118072509766,1.1211596727371216,5.79277228708301,7.562505654094111,0.16728204488754272,0.0048639168962836266,0.1838686168193817,0.0036499518901109695,27.96673011779785,0.2039300501346588,0.904979407787323,0.26327505707740784,0.07735896110534668,1.1671940088272095,0.1996069848537445,30.15566635131836,-0.00197562575340271
dog_00,S,32,a cat sitting on the grass,25,10,10,1,97.5,rotate,0,0.0,,,11505.1,6.88,512.0,349.6666666666667,192.33333333333334,,,,0.4862695038318634,0.4787341356277466,0.007535369601100683,0.021265871822834015,49.66775894165039,0.07272526621818542,49.66775894165039,0.07272526621818542,0.9993636012077332,0.007535369601100683,0.08728663623332977,1.0820022821426392,0.3086060583591461,0.24372071027755737,32,noise,0.08,heldout,0.0,24.905105590820312,0.667010486125946,0.8055542707443237,0.3896385729312897,0.16342520713806152,1.4222110509872437,5.79277228708301,8.81146742583225,0.16728204488754272,0.0048639168962836266,0.1959366500377655,0.008083798922598362,22.00619125366211,0.4085730314254761,0.7314441204071045,0.4433724880218506,0.16504931449890137,1.7543293237686157,0.3884047567844391,24.89457893371582,0.001233816146850586
dog_00,S,32,a cat sitting on the grass,25,10,10,1,97.5,rotate,0,0.0,,,11505.1,6.88,512.0,349.6666666666667,192.33333333333334,,,,0.4862695038318634,0.4787341356277466,0.007535369601100683,0.021265871822834015,49.66775894165039,0.07272526621818542,49.66775894165039,0.07272526621818542,0.9993636012077332,0.007535369601100683,0.08728663623332977,1.0820022821426392,0.3086060583591461,0.24372071027755737,32,quantize,256,heldout,0.0,41.77719497680664,0.22636213898658752,0.9953593015670776,0.015310359187424183,0.0115891695022583,0.9634277820587158,5.79277228708301,5.578673897321867,0.16728204488754272,0.0048639168962836266,0.16722451150417328,0.006456027738749981,49.375057220458984,0.07450979948043823,0.9993170499801636,0.007754125632345676,0.0014238357543945312,0.969985842704773,7.717160244169463e-12,79.99999237060547,0.015310359179707023
dog_00,S,32,a cat sitting on the grass,25,10,10,1,97.5,rotate,0,0.0,,,11505.1,6.88,512.0,349.6666666666667,192.33333333333334,,,,0.4862695038318634,0.4787341356277466,0.007535369601100683,0.021265871822834015,49.66775894165039,0.07272526621818542,49.66775894165039,0.07272526621818542,0.9993636012077332,0.007535369601100683,0.08728663623332977,1.0820022821426392,0.3086060583591461,0.24372071027755737,32,quantize,64,heldout,0.0,40.44982147216797,0.21334952116012573,0.9932948350906372,0.021347975358366966,0.016149163246154785,0.955398678779602,5.79277228708301,5.803090866509614,0.16728204488754272,0.0048639168962836266,0.16780997812747955,0.00794780533760786,44.97644805908203,0.07376284897327423,0.9978682398796082,0.01630023866891861,0.0016425848007202148,0.9718303084373474,0.009150409139692783,44.482303619384766,0.012197566218674183
dog_00,S,32,a cat sitting on the grass,25,10,10,1,97.5,rotate,0,0.0,,,11505.1,6.88,512.0,349.6666666666667,192.33333333333334,,,,0.4862695038318634,0.4787341356277466,0.007535369601100683,0.021265871822834015,49.66775894165039,0.07272526621818542,49.66775894165039,0.07272526621818542,0.9993636012077332,0.007535369601100683,0.08728663623332977,1.0820022821426392,0.3086060583591461,0.24372071027755737,32,quantize,32,heldout,0.0,39.416587829589844,0.3242417871952057,0.9917962551116943,0.023326825350522995,0.013082385063171387,0.989510715007782,5.79277228708301,5.932400173007182,0.16728204488754272,0.0048639168962836266,0.16491183638572693,0.0046582408249378204,40.11391067504883,0.08247943222522736,0.993133544921875,0.04395705461502075,0.0037196874618530273,0.9821354150772095,0.02127188816666603,40.40758514404297,0.002054937183856964
dog_00,S,32,a cat sitting on the grass,25,10,10,1,97.5,rotate,0,0.0,,,11505.1,6.88,512.0,349.6666666666667,192.33333333333334,,,,0.4862695038318634,0.4787341356277466,0.007535369601100683,0.021265871822834015,49.66775894165039,0.07272526621818542,49.66775894165039,0.07272526621818542,0.9993636012077332,0.007535369601100683,0.08728663623332977,1.0820022821426392,0.3086060583591461,0.24372071027755737,32,quantize,16,heldout,0.0,28.394054412841797,0.5988937616348267,0.9311130046844482,0.16629238426685333,0.11945688724517822,0.9606494307518005,5.79277228708301,5.379239922899454,0.16728204488754272,0.0048639168962836266,0.1867160201072693,0.003254838287830353,34.19304656982422,0.0941176563501358,0.9671907424926758,0.26083314418792725,0.026421964168548584,1.0428240299224854,0.14020368456840515,29.04465103149414,0.02608869969844818
dog_00,S,32,a cat sitting on the grass,25,10,10,1,97.5,rotate,0,0.0,,,11505.1,6.88,512.0,349.6666666666667,192.33333333333334,,,,0.4862695038318634,0.4787341356277466,0.007535369601100683,0.021265871822834015,49.66775894165039,0.07272526621818542,49.66775894165039,0.07272526621818542,0.9993636012077332,0.007535369601100683,0.08728663623332977,1.0820022821426392,0.3086060583591461,0.24372071027755737,32,quantize,8,heldout,0.0,24.04766082763672,0.6827804446220398,0.8094214200973511,0.4861542582511902,0.23560023307800293,1.2161540985107422,5.79277228708301,5.271856088062755,0.16728204488754272,0.0048639168962836266,0.20854032039642334,0.028693441301584244,27.764415740966797,0.126610666513443,0.8527431488037109,0.5373843908309937,0.1763494610786438,1.3180341720581055,0.4850361943244934,24.119335174560547,0.0011180639266967773
dog_01,S,32,a cat sitting on the grass,25,10,10,1,97.6,rotate,0,0.0,,,11506.6,3.39,512.0,339.6666666666667,180.0,,,,0.44643136858940125,0.43615129590034485,0.010280085727572441,0.06384870409965515,49.31789016723633,0.14744779467582703,49.31789016723633,0.14744779467582703,0.9994098544120789,0.010280085727572441,0.11754707992076874,1.5059629678726196,0.6984332203865051,0.309964120388031,32,identity,0.0,train,0.0,37.525020599365234,0.46209633350372314,0.9886202812194824,0.06384870409965515,0.05725759267807007,1.0252127647399902,4.255299280446537,4.0040316358299535,0.16790692508220673,-0.008464578539133072,0.17002436518669128,-0.006102908402681351,49.314178466796875,0.14744779467582703,0.9994098544120789,0.010280085727572441,0.0015827417373657227,0.9703837037086487,0.0,80.0,0.06384870409965515
dog_01,S,32,a cat sitting on the grass,25,10,10,1,97.6,rotate,0,0.0,,,11506.6,3.39,512.0,339.6666666666667,180.0,,,,0.44643136858940125,0.43615129590034485,0.010280085727572441,0.06384870409965515,49.31789016723633,0.14744779467582703,49.31789016723633,0.14744779467582703,0.9994098544120789,0.010280085727572441,0.11754707992076874,1.5059629678726196,0.6984332203865051,0.309964120388031,32,blur,0.0,heldout,0.0,39.59243392944336,0.28264182806015015,0.9945054054260254,0.02700708992779255,0.0181085467338562,0.9500035643577576,3.4736519451918833,3.3941135853549254,0.17461228370666504,0.0063007790595293045,0.1783944070339203,0.011491410434246063,49.314178466796875,0.14744779467582703,0.9994098544120789,0.010280085727572441,0.0015827417373657227,0.9703837037086487,0.0,80.0,0.02700708992779255
dog_01,S,32,a cat sitting on the grass,25,10,10,1,97.6,rotate,0,0.0,,,11506.6,3.39,512.0,339.6666666666667,180.0,,,,0.44643136858940125,0.43615129590034485,0.010280085727572441,0.06384870409965515,49.31789016723633,0.14744779467582703,49.31789016723633,0.14744779467582703,0.9994098544120789,0.010280085727572441,0.11754707992076874,1.5059629678726196,0.6984332203865051,0.309964120388031,32,blur,0.5,heldout,0.0,33.5997314453125,0.3354652523994446,0.9762117266654968,0.12080112099647522,0.07510411739349365,0.7760015726089478,3.4736519451918833,3.6413736038500204,0.17461228370666504,0.0063007790595293045,0.1735529899597168,0.02834693342447281,40.77104187011719,0.2773863673210144,0.9969137907028198,0.06679008901119232,0.014288246631622314,0.801303505897522,0.08617714047431946,35.376441955566406,0.03462398052215576
dog_01,S,32,a cat sitting on the grass,25,10,10,1,97.6,rotate,0,0.0,,,11506.6,3.39,512.0,339.6666666666667,180.0,,,,0.44643136858940125,0.43615129590034485,0.010280085727572441,0.06384870409965515,49.31789016723633,0.14744779467582703,49.31789016723633,0.14744779467582703,0.9994098544120789,0.010280085727572441,0.11754707992076874,1.5059629678726196,0.6984332203865051,0.309964120388031,32,blur,1.0,heldout,0.0,28.1319580078125,0.4523792266845703,0.9096645712852478,0.32798269391059875,0.16846513748168945,0.4674597978591919,3.4736519451918833,5.983286061644819,0.17461228370666504,0.0063007790595293045,0.19281433522701263,0.03134503588080406,32.96941375732422,0.45392507314682007,0.9746747016906738,0.25508594512939453,0.07013672590255737,0.5036795139312744,0.32476499676704407,28.192569732666016,0.0032176971435546875
dog_01,S,32,a cat sitting on the grass,25,10,10,1,97.6,rotate,0,0.0,,,11506.6,3.39,512.0,339.6666666666667,180.0,,,,0.44643136858940125,0.43615129590034485,0.010280085727572441,0.06384870409965515,49.31789016723633,0.14744779467582703,49.31789016723633,0.14744779467582703,0.9994098544120789,0.010280085727572441,0.11754707992076874,1.5059629678726196,0.6984332203865051,0.309964120388031,32,blur,1.5,heldout,0.0,26.611940383911133,0.5421187281608582,0.8667311668395996,0.4006947875022888,0.20204609632492065,0.32009589672088623,3.4736519451918833,7.300141438643537,0.17461228370666504,0.0063007790595293045,0.20079007744789124,0.03189590573310852,30.16075897216797,0.4757528007030487,0.9380626082420349,0.3439437747001648,0.12739777565002441,0.3394315838813782,0.3994251489639282,26.640111923217773,0.0012696385383605957
dog_01,S,32,a cat sitting on the grass,25,10,10,1,97.6,rotate,0,0.0,,,11506.6,3.39,512.0,339.6666666666667,180.0,,,,0.44643136858940125,0.43615129590034485,0.010280085727572441,0.06384870409965515,49.31789016723633,0.14744779467582703,49.31789016723633,0.14744779467582703,0.9994098544120789,0.010280085727572441,0.11754707992076874,1.5059629678726196,0.6984332203865051,0.309964120388031,32,blur,2.0,heldout,0.0,25.541004180908203,0.5253229737281799,0.823042631149292,0.45469409227371216,0.24645966291427612,0.24072477221488953,3.4736519451918833,9.25183056883054,0.17461228370666504,0.0063007790595293045,0.19744545221328735,0.018955795094370842,28.46687126159668,0.5392777919769287,0.8959963321685791,0.40331023931503296,0.1800639033317566,0.24531179666519165,0.45373034477233887,25.56155014038086,0.000963747501373291
dog_01,S,32,a cat sitting on the grass,25,10,10,1,97.6,rotate,0,0.0,,,11506.6,3.39,512.0,339.6666666666667,180.0,,,,0.44643136858940125,0.43615129590034485,0.010280085727572441,0.06384870409965515,49.31789016723633,0.14744779467582703,49.31789016723633,0.14744779467582703,0.9994098544120789,0.010280085727572441,0.11754707992076874,1.5059629678726196,0.6984332203865051,0.309964120388031,32,blur,3.0,heldout,0.0,24.271564483642578,0.504214882850647,0.7669849395751953,0.5256238579750061,0.29109305143356323,0.15768924355506897,3.4736519451918833,10.007054252135429,0.17461228370666504,0.0063007790595293045,0.18720611929893494,0.02512318268418312,26.399953842163086,0.6459177136421204,0.8153610229492188,0.4851129651069641,0.2426978349685669,0.14986926317214966,0.5250024795532227,24.27191162109375,0.0006213784217834473
dog_01,S,32,a cat sitting on the grass,25,10,10,1,97.6,rotate,0,0.0,,,11506.6,3.39,512.0,339.6666666666667,180.0,,,,0.44643136858940125,0.43615129590034485,0.010280085727572441,0.06384870409965515,49.31789016723633,0.14744779467582703,49.31789016723633,0.14744779467582703,0.9994098544120789,0.010280085727572441,0.11754707992076874,1.5059629678726196,0.6984332203865051,0.309964120388031,32,jpeg,95,heldout,0.0,35.343509674072266,0.3040151000022888,0.9819547533988953,0.08801315724849701,0.04735291004180908,0.9434356093406677,3.4736519451918833,2.986043911136267,0.17461228370666504,0.0063007790595293045,0.17982812225818634,0.023451194167137146,42.558616638183594,0.14901959896087646,0.997085452079773,0.07878682017326355,0.0026482343673706055,0.973717987537384,0.07775901257991791,35.391143798828125,0.010254144668579102
dog_01,S,32,a cat sitting on the grass,25,10,10,1,97.6,rotate,0,0.0,,,11506.6,3.39,512.0,339.6666666666667,180.0,,,,0.44643136858940125,0.43615129590034485,0.010280085727572441,0.06384870409965515,49.31789016723633,0.14744779467582703,49.31789016723633,0.14744779467582703,0.9994098544120789,0.010280085727572441,0.11754707992076874,1.5059629678726196,0.6984332203865051,0.309964120388031,32,jpeg,85,heldout,0.0,30.766212463378906,0.4900628626346588,0.9477730989456177,0.19602812826633453,0.11346781253814697,0.8835393190383911,3.4736519451918833,2.9157806494179055,0.17461228370666504,0.0063007790595293045,0.17931382358074188,0.025714464485645294,38.9162483215332,0.18039214611053467,0.9940947890281677,0.14703059196472168,0.010707855224609375,0.9720202088356018,0.1721436232328415,31.39696502685547,0.023884505033493042
dog_01,S,32,a cat sitting on the grass,25,10,10,1,97.6,rotate,0,0.0,,,11506.6,3.39,512.0,339.6666666666667,180.0,,,,0.44643136858940125,0.43615129590034485,0.010280085727572441,0.06384870409965515,49.31789016723633,0.14744779467582703,49.31789016723633,0.14744779467582703,0.9994098544120789,0.010280085727572441,0.11754707992076874,1.5059629678726196,0.6984332203865051,0.309964120388031,32,jpeg,75,heldout,0.0,29.497638702392578,0.5256088376045227,0.9309859275817871,0.23280540108680725,0.12415111064910889,0.8356732726097107,3.4736519451918833,2.8964827802478337,0.17461228370666504,0.0063007790595293045,0.17796626687049866,0.03561863303184509,37.21849060058594,0.15294116735458374,0.9912220239639282,0.1890718638896942,0.025708556175231934,0.9671164751052856,0.22759811580181122,29.76871681213379,0.005207285284996033
dog_01,S,32,a cat sitting on the grass,25,10,10,1,97.6,rotate,0,0.0,,,11506.6,3.39,512.0,339.6666666666667,180.0,,,,0.44643136858940125,0.43615129590034485,0.010280085727572441,0.06384870409965515,49.31789016723633,0.14744779467582703,49.31789016723633,0.14744779467582703,0.9994098544120789,0.010280085727572441,0.11754707992076874,1.5059629678726196,0.6984332203865051,0.309964120388031,32,jpeg,60,heldout,0.0,28.727142333984375,0.5406428575515747,0.9203248023986816,0.2559412121772766,0.12357532978057861,0.7696874141693115,3.4736519451918833,3.1240882012024853,0.17461228370666504,0.0063007790595293045,0.17740222811698914,0.042184606194496155,35.7518196105957,0.27843135595321655,0.9861754179000854,0.22975340485572815,0.039896368980407715,0.9615100026130676,0.27426081895828247,28.229862213134766,-0.01831960678100586
dog_01,S,32,a cat sitting on the grass,25,10,10,1,97.6,rotate,0,0.0,,,11506.6,3.39,512.0,339.6666666666667,180.0,,,,0.44643136858940125,0.43615129590034485,0.010280085727572441,0.06384870409965515,49.31789016723633,0.14744779467582703,49.31789016723633,0.14744779467582703,0.9994098544120789,0.010280085727572441,0.11754707992076874,1.5059629678726196,0.6984332203865051,0.309964120388031,32,jpeg,45,heldout,0.0,28.381038665771484,0.5654820203781128,0.9079941511154175,0.2947903871536255,0.14936470985412598,0.738530695438385,3.4736519451918833,3.478513001233839,0.17461228370666504,0.0063007790595293045,0.18439197540283203,0.03599561005830765,34.78474044799805,0.3490196168422699,0.9809598922729492,0.2599453032016754,0.03634750843048096,0.9545526504516602,0.286612331867218,28.683748245239258,0.00817805528640747
dog_01,S,32,a cat sitting on the grass,25,10,10,1,97.6,rotate,0,0.0,,,11506.6,3.39,512.0,339.6666666666667,180.0,,,,0.44643136858940125,0.43615129590034485,0.010280085727572441,0.06384870409965515,49.31789016723633,0.14744779467582703,49.31789016723633,0.14744779467582703,0.9994098544120789,0.010280085727572441,0.11754707992076874,1.5059629678726196,0.6984332203865051,0.309964120388031,32,jpeg,30,heldout,0.0,27.54302215576172,0.56525057554245,0.8889312148094177,0.34376460313796997,0.16319406032562256,0.738642156124115,3.4736519451918833,3.2543841685859154,0.17461228370666504,0.0063007790595293045,0.19267545640468597,0.04607268050312996,33.179664611816406,0.30588236451148987,0.9699386358261108,0.33253249526023865,0.09655797481536865,0.9468697309494019,0.33073729276657104,27.502660751342773,0.013027310371398926
dog_01,S,32,a cat sitting on the grass,25,10,10,1,97.6,rotate,0,0.0,,,11506.6,3.39,512.0,339.6666666666667,180.0,,,,0.44643136858940125,0.43615129590034485,0.010280085727572441,0.06384870409965515,49.31789016723633,0.14744779467582703,49.31789016723633,0.14744779467582703,0.9994098544120789,0.010280085727572441,0.11754707992076874,1.5059629678726196,0.6984332203865051,0.309964120388031,32,noise,0.0,heldout,0.0,39.59243392944336,0.28264182806015015,0.9945054054260254,0.02700708992779255,0.0181085467338562,0.9500035643577576,3.4736519451918833,3.3941135853549254,0.17461228370666504,0.0063007790595293045,0.1783944070339203,0.011491410434246063,49.314178466796875,0.14744779467582703,0.9994098544120789,0.010280085727572441,0.0015827417373657227,0.9703837037086487,0.0,80.0,0.02700708992779255
dog_01,S,32,a cat sitting on the grass,25,10,10,1,97.6,rotate,0,0.0,,,11506.6,3.39,512.0,339.6666666666667,180.0,,,,0.44643136858940125,0.43615129590034485,0.010280085727572441,0.06384870409965515,49.31789016723633,0.14744779467582703,49.31789016723633,0.14744779467582703,0.9994098544120789,0.010280085727572441,0.11754707992076874,1.5059629678726196,0.6984332203865051,0.309964120388031,32,noise,0.01,heldout,0.0,34.847999572753906,0.31224188208580017,0.9805535078048706,0.09200603514909744,0.05235719680786133,0.9377878904342651,3.4736519451918833,3.7615648874622605,0.17461228370666504,0.0063007790595293045,0.17023882269859314,0.01692499965429306,39.54313278198242,0.15195725858211517,0.9890233874320984,0.09685556590557098,0.015920400619506836,0.9810819625854492,0.08979145437479019,35.38631057739258,0.002214580774307251
dog_01,S,32,a cat sitting on the grass,25,10,10,1,97.6,rotate,0,0.0,,,11506.6,3.39,512.0,339.6666666666667,180.0,,,,0.44643136858940125,0.43615129590034485,0.010280085727572441,0.06384870409965515,49.31789016723633,0.14744779467582703,49.31789016723633,0.14744779467582703,0.9994098544120789,0.010280085727572441,0.11754707992076874,1.5059629678726196,0.6984332203865051,0.309964120388031,32,noise,0.02,heldout,0.0,30.12441635131836,0.5932155251502991,0.9465552568435669,0.21769872307777405,0.0937262773513794,0.9628459215164185,3.4736519451918833,5.336724549596401,0.17461228370666504,0.0063007790595293045,0.16995631158351898,0.02072140760719776,33.90312576293945,0.16609644889831543,0.9604372382164001,0.2148888111114502,0.048887789249420166,1.0123769044876099,0.21406584978103638,30.150997161865234,0.003632873296737671
dog_01,S,32,a cat sitting on the grass,25,10,10,1,97.6,rotate,0,0.0,,,11506.6,3.39,512.0,339.6666666666667,180.0,,,,0.44643136858940125,0.43615129590034485,0.010280085727572441,0.06384870409965515,49.31789016723633,0.14744779467582703,49.31789016723633,0.14744779467582703,0.9994098544120789,0.010280085727572441,0.11754707992076874,1.5059629678726196,0.6984332203865051,0.309964120388031,32,noise,0.04,heldout,0.0,26.988277435302734,0.6321825385093689,0.8869723081588745,0.35215485095977783,0.14336943626403809,1.0855753421783447,3.4736519451918833,7.392997886262984,0.17461228370666504,0.0063007790595293045,0.17149046063423157,0.02606308087706566,28.05605697631836,0.21829450130462646,0.873216986656189,0.3651163876056671,0.12106972932815552,1.1340633630752563,0.3484686613082886,26.94525146484375,0.003686189651489258
dog_01,S,32,a cat sitting on the grass,25,10,10,1,97.6,rotate,0,0.0,,,11506.6,3.39,512.0,339.6666666666667,180.0,,,,0.44643136858940125,0.43615129590034485,0.010280085727572441,0.06384870409965515,49.31789016723633,0.14744779467582703,49.31789016723633,0.14744779467582703,0.9994098544120789,0.010280085727572441,0.11754707992076874,1.5059629678726196,0.6984332203865051,0.309964120388031,32,noise,0.08,heldout,0.0,23.208301544189453,0.5371363162994385,0.7590200304985046,0.5147879123687744,0.24051731824874878,1.3633207082748413,3.4736519451918833,9.395355918313008,0.17461228370666504,0.0063007790595293045,0.20167866349220276,0.038538023829460144,22.344053268432617,0.40828216075897217,0.697396457195282,0.5145171880722046,0.1998274326324463,1.5783294439315796,0.5095107555389404,23.24357032775879,0.005277156829833984
dog_01,S,32,a cat sitting on the grass,25,10,10,1,97.6,rotate,0,0.0,,,11506.6,3.39,512.0,339.6666666666667,180.0,,,,0.44643136858940125,0.43615129590034485,0.010280085727572441,0.06384870409965515,49.31789016723633,0.14744779467582703,49.31789016723633,0.14744779467582703,0.9994098544120789,0.010280085727572441,0.11754707992076874,1.5059629678726196,0.6984332203865051,0.309964120388031,32,quantize,256,heldout,0.0,39.55792999267578,0.28873008489608765,0.994581401348114,0.02490902692079544,0.019034862518310547,0.9484261274337769,3.4736519451918833,3.4718912661189503,0.17461228370666504,0.0063007790595293045,0.17598147690296173,0.01659591868519783,49.13136291503906,0.14901962876319885,0.9993817210197449,0.009112950414419174,0.0013276338577270508,0.9718959331512451,1.070443386708142e-11,79.99999237060547,0.024909026910091007
dog_01,S,32,a cat sitting on the grass,25,10,10,1,97.6,rotate,0,0.0,,,11506.6,3.39,512.0,339.6666666666667,180.0,,,,0.44643136858940125,0.43615129590034485,0.010280085727572441,0.06384870409965515,49.31789016723633,0.14744779467582703,49.31789016723633,0.14744779467582703,0.9994098544120789,0.010280085727572441,0.11754707992076874,1.5059629678726196,0.6984332203865051,0.309964120388031,32,quantize,64,heldout,0.0,39.425472259521484,0.33032312989234924,0.9936814308166504,0.028825562447309494,0.017629146575927734,0.9691386818885803,3.4736519451918833,3.486287701198606,0.17461228370666504,0.0063007790595293045,0.17738652229309082,0.01586957275867462,44.8650016784668,0.15144726634025574,0.9969572424888611,0.045339860022068024,0.003911912441253662,0.9733873605728149,0.02602682262659073,40.566593170166016,0.0027987398207187653
dog_01,S,32,a cat sitting on the grass,25,10,10,1,97.6,rotate,0,0.0,,,11506.6,3.39,512.0,339.6666666666667,180.0,,,,0.44643136858940125,0.43615129590034485,0.010280085727572441,0.06384870409965515,49.31789016723633,0.14744779467582703,49.31789016723633,0.14744779467582703,0.9994098544120789,0.010280085727572441,0.11754707992076874,1.5059629678726196,0.6984332203865051,0.309964120388031,32,quantize,32,heldout,0.0,34.898643493652344,0.33808282017707825,0.9794701933860779,0.09250126034021378,0.05728769302368164,0.9787273406982422,3.4736519451918833,3.3430314514037702,0.17461228370666504,0.0063007790595293045,0.178681880235672,0.02332671917974949,40.052547454833984,0.15913978219032288,0.9884520769119263,0.12439759075641632,0.030409693717956543,0.9775859117507935,0.08699829876422882,35.4851188659668,0.005502961575984955
dog_01,S,32,a cat sitting on the grass,25,10,10,1,97.6,rotate,0,0.0,,,11506.6,3.39,512.0,339.6666666666667,180.0,,,,0.44643136858940125,0.43615129590034485,0.010280085727572441,0.06384870409965515,49.31789016723633,0.14744779467582703,49.31789016723633,0.14744779467582703,0.9994098544120789,0.010280085727572441,0.11754707992076874,1.5059629678726196,0.6984332203865051,0.309964120388031,32,quantize,16,heldout,0.0,28.394046783447266,0.49895626306533813,0.9086921215057373,0.2895732522010803,0.13945049047470093,1.0433554649353027,3.4736519451918833,3.1555875395117052,0.17461228370666504,0.0063007790595293045,0.19667166471481323,0.0034390781074762344,34.22081756591797,0.15294119715690613,0.9607154726982117,0.2546736001968384,0.08828431367874146,1.0037530660629272,0.27033090591430664,28.671464920043945,0.01924234628677368
dog_01,S,32,a cat sitting on the grass,25,10,10,1,97.6,rotate,0,0.0,,,11506.6,3.39,512.0,339.6666666666667,180.0,,,,0.44643136858940125,0.43615129590034485,0.010280085727572441,0.06384870409965515,49.31789016723633,0.14744779467582703,49.31789016723633,0.14744779467582703,0.9994098544120789,0.010280085727572441,0.11754707992076874,1.5059629678726196,0.6984332203865051,0.309964120388031,32,quantize,8,heldout,0.0,23.15536880493164,0.668158769607544,0.7806968092918396,0.5014458298683167,0.29180908203125,1.6107070446014404,3.4736519451918833,5.738770828115807,0.17461228370666504,0.0063007790595293045,0.2147759348154068,0.005311783403158188,27.617101669311523,0.16358545422554016,0.8629269003868103,0.46333378553390503,0.17813658714294434,1.1866014003753662,0.5160644054412842,22.7733211517334,-0.01461857557296753
person_00,S,32,an elderly person with gray hair,25,10,10,1,97.7,rotate,0,0.0,,,11506.6,4.61,512.0,327.6666666666667,153.33333333333334,,,,0.374377578496933,0.3514965772628784,0.022880997508764267,0.14850343763828278,44.836273193359375,0.10845351219177246,44.836273193359375,0.10845351219177246,0.9973728060722351,0.022880997508764267,0.2677868902683258,2.1213202476501465,1.143251657485962,0.674907922744751,32,identity,0.0,train,0.0,31.27389144897461,0.38864272832870483,0.9482215642929077,0.14850343763828278,0.07937812805175781,1.0276224613189697,5.109981089347377,4.70634031682206,0.21050746738910675,0.06866208463907242,0.2294594943523407,0.08688251674175262,44.83494567871094,0.10845351219177246,0.9973728060722351,0.022880997508764267,0.0070149898529052734,0.973819375038147,0.0,80.0,0.14850343763828278
person_00,S,32,an elderly person with gray hair,25,10,10,1,97.7,rotate,0,0.0,,,11506.6,4.61,512.0,327.6666666666667,153.33333333333334,,,,0.374377578496933,0.3514965772628784,0.022880997508764267,0.14850343763828278,44.836273193359375,0.10845351219177246,44.836273193359375,0.10845351219177246,0.9973728060722351,0.022880997508764267,0.2677868902683258,2.1213202476501465,1.143251657485962,0.674907922744751,32,blur,0.0,heldout,0.0,38.007293701171875,0.29212433099746704,0.99126136302948,0.048014044761657715,0.03842461109161377,0.942538321018219,4.6337018297859895,4.638157651777938,0.24186000227928162,0.08185583353042603,0.24504616856575012,0.06752867996692657,44.83494567871094,0.10845351219177246,0.9973728060722351,0.022880997508764267,0.0070149898529052734,0.973819375038147,0.0,80.0,0.048014044761657715
person_00,S,32,an elderly person with gray hair,25,10,10,1,97.7,rotate,0,0.0,,,11506.6,4.61,512.0,327.6666666666667,153.33333333333334,,,,0.374377578496933,0.3514965772628784,0.022880997508764267,0.14850343763828278,44.836273193359375,0.10845351219177246,44.836273193359375,0.10845351219177246,0.9973728060722351,0.022880997508764267,0.2677868902683258,2.1213202476501465,1.143251657485962,0.674907922744751,32,blur,0.5,heldout,0.0,35.91542053222656,0.26453208923339844,0.9836305379867554,0.10995032638311386,0.05787527561187744,0.8250083923339844,4.6337018297859895,5.99514602444251,0.24186000227928162,0.08185583353042603,0.2558860778808594,0.08978011459112167,42.5048828125,0.14157216250896454,0.9964457750320435,0.06547172367572784,0.015939533710479736,0.8668733835220337,0.06588141620159149,38.53523254394531,0.04406891018152237
person_00,S,32,an elderly person with gray hair,25,10,10,1,97.7,rotate,0,0.0,,,11506.6,4.61,512.0,327.6666666666667,153.33333333333334,,,,0.374377578496933,0.3514965772628784,0.022880997508764267,0.14850343763828278,44.836273193359375,0.10845351219177246,44.836273193359375,0.10845351219177246,0.9973728060722351,0.022880997508764267,0.2677868902683258,2.1213202476501465,1.143251657485962,0.674907922744751,32,blur,1.0,heldout,0.0,30.374107360839844,0.37198135256767273,0.942191481590271,0.2543737292289734,0.155356764793396,0.5521486401557922,4.6337018297859895,6.940161274522698,0.24186000227928162,0.08185583353042603,0.26139575242996216,0.09189983457326889,36.87823486328125,0.27714991569519043,0.9879474639892578,0.17695020139217377,0.06185328960418701,0.6509947776794434,0.253262460231781,30.349136352539062,0.0011112689971923828
person_00,S,32,an elderly person with gray hair,25,10,10,1,97.7,rotate,0,0.0,,,11506.6,4.61,512.0,327.6666666666667,153.33333333333334,,,,0.374377578496933,0.3514965772628784,0.022880997508764267,0.14850343763828278,44.836273193359375,0.10845351219177246,44.836273193359375,0.10845351219177246,0.9973728060722351,0.022880997508764267,0.2677868902683258,2.1213202476501465,1.143251657485962,0.674907922744751,32,blur,1.5,heldout,0.0,28.340831756591797,0.43307220935821533,0.9100381135940552,0.32138875126838684,0.18619900941848755,0.44053915143013,4.6337018297859895,8.465615173699488,0.24186000227928162,0.08185583353042603,0.2589917778968811,0.0881146788597107,33.79509353637695,0.3458458185195923,0.9721201658248901,0.24367861449718475,0.10146653652191162,0.5031372308731079,0.31688588857650757,28.412677764892578,0.0045028626918792725
person_00,S,32,an elderly person with gray hair,25,10,10,1,97.7,rotate,0,0.0,,,11506.6,4.61,512.0,327.6666666666667,153.33333333333334,,,,0.374377578496933,0.3514965772628784,0.022880997508764267,0.14850343763828278,44.836273193359375,0.10845351219177246,44.836273193359375,0.10845351219177246,0.9973728060722351,0.022880997508764267,0.2677868902683258,2.1213202476501465,1.143251657485962,0.674907922744751,32,blur,2.0,heldout,0.0,27.16447639465332,0.4318428039550781,0.8797105550765991,0.365019291639328,0.21150434017181396,0.3592813014984131,4.6337018297859895,10.140780885398296,0.24186000227928162,0.08185583353042603,0.2381264567375183,0.08990873396396637,31.693880081176758,0.3872007131576538,0.9511157870292664,0.29508253931999207,0.13266074657440186,0.40253469347953796,0.3638470768928528,27.211040496826172,0.0011722147464752197
person_00,S,32,an elderly person with gray hair,25,10,10,1,97.7,rotate,0,0.0,,,11506.6,4.61,512.0,327.6666666666667,153.33333333333334,,,,0.374377578496933,0.3514965772628784,0.022880997508764267,0.14850343763828278,44.836273193359375,0.10845351219177246,44.836273193359375,0.10845351219177246,0.9973728060722351,0.022880997508764267,0.2677868902683258,2.1213202476501465,1.143251657485962,0.674907922744751,32,blur,3.0,heldout,0.0,26.06320571899414,0.4949433207511902,0.8422149419784546,0.4106295704841614,0.24246877431869507,0.27703195810317993,4.6337018297859895,11.259191947007377,0.24186000227928162,0.08185583353042603,0.2051914930343628,0.06161288172006607,28.899559020996094,0.44745898246765137,0.9009184837341309,0.3732496201992035,0.18308019638061523,0.2790678143501282,0.4111342132091522,26.075742721557617,-0.0005046427249908447
person_00,S,32,an elderly person with gray hair,25,10,10,1,97.7,rotate,0,0.0,,,11506.6,4.61,512.0,327.6666666666667,153.33333333333334,,,,0.374377578496933,0.3514965772628784,0.022880997508764267,0.14850343763828278,44.836273193359375,0.10845351219177246,44.836273193359375,0.10845351219177246,0.9973728060722351,0.022880997508764267,0.2677868902683258,2.1213202476501465,1.143251657485962,0.674907922744751,32,jpeg,95,heldout,0.0,35.385902404785156,0.3140474557876587,0.9818984866142273,0.08858878910541534,0.06339704990386963,0.926828145980835,4.6337018297859895,4.672126732304206,0.24186000227928162,0.08185583353042603,0.247576043009758,0.08234398812055588,40.976219177246094,0.12941177189350128,0.9921693205833435,0.060547828674316406,0.009656190872192383,0.9768997430801392,0.028101902455091476,41.37044906616211,0.06048688665032387
person_00,S,32,an elderly person with gray hair,25,10,10,1,97.7,rotate,0,0.0,,,11506.6,4.61,512.0,327.6666666666667,153.33333333333334,,,,0.374377578496933,0.3514965772628784,0.022880997508764267,0.14850343763828278,44.836273193359375,0.10845351219177246,44.836273193359375,0.10845351219177246,0.9973728060722351,0.022880997508764267,0.2677868902683258,2.1213202476501465,1.143251657485962,0.674907922744751,32,jpeg,85,heldout,0.0,33.071083068847656,0.36222341656684875,0.9676088690757751,0.13388946652412415,0.0749824047088623,0.916181743144989,4.6337018297859895,4.733414372597898,0.24186000227928162,0.08185583353042603,0.2646978199481964,0.09062813967466354,39.21747970581055,0.16470588743686676,0.9879603385925293,0.1006186455488205,0.013348042964935303,0.9742469787597656,0.1211397796869278,33.24832534790039,0.01274968683719635
person_00,S,32,an elderly person with gray hair,25,10,10,1,97.7,rotate,0,0.0,,,11506.6,4.61,512.0,327.6666666666667,153.33333333333334,,,,0.374377578496933,0.3514965772628784,0.022880997508764267,0.14850343763828278,44.836273193359375,0.10845351219177246,44.836273193359375,0.10845351219177246,0.9973728060722351,0.022880997508764267,0.2677868902683258,2.1213202476501465,1.143251657485962,0.674907922744751,32,jpeg,75,heldout,0.0,31.395910263061523,0.3591653108596802,0.9541308283805847,0.16626858711242676,0.10185742378234863,0.895690381526947,4.6337018297859895,4.914449088468022,0.24186000227928162,0.08185583353042603,0.2695562243461609,0.10061334073543549,38.12144470214844,0.16470588743686676,0.9838956594467163,0.13261830806732178,0.021385490894317627,0.9720990657806396,0.1669938862323761,31.230663299560547,-0.0007252991199493408
person_00,S,32,an elderly person with gray hair,25,10,10,1,97.7,rotate,0,0.0,,,11506.6,4.61,512.0,327.6666666666667,153.33333333333334,,,,0.374377578496933,0.3514965772628784,0.022880997508764267,0.14850343763828278,44.836273193359375,0.10845351219177246,44.836273193359375,0.10845351219177246,0.9973728060722351,0.022880997508764267,0.2677868902683258,2.1213202476501465,1.143251657485962,0.674907922744751,32,jpeg,60,heldout,0.0,31.234350204467773,0.34855547547340393,0.954159140586853,0.1735917031764984,0.10658633708953857,0.9187161922454834,4.6337018297859895,4.790807804514188,0.24186000227928162,0.08185583353042603,0.2603512704372406,0.0952821671962738,36.906707763671875,0.21176472306251526,0.9766144156455994,0.16638582944869995,0.029790639877319336,0.9719744920730591,0.16682422161102295,31.445125579833984,0.006767481565475464
person_00,S,32,an elderly person with gray hair,25,10,10,1,97.7,rotate,0,0.0,,,11506.6,4.61,512.0,327.6666666666667,153.33333333333334,,,,0.374377578496933,0.3514965772628784,0.022880997508764267,0.14850343763828278,44.836273193359375,0.10845351219177246,44.836273193359375,0.10845351219177246,0.9973728060722351,0.022880997508764267,0.2677868902683258,2.1213202476501465,1.143251657485962,0.674907922744751,32,jpeg,45,heldout,0.0,30.081165313720703,0.43263447284698486,0.9355244636535645,0.20904937386512756,0.11132550239562988,0.9116542339324951,4.6337018297859895,4.977939266378439,0.24186000227928162,0.08185583353042603,0.2693374752998352,0.09133365750312805,35.98278045654297,0.19607841968536377,0.9709159731864929,0.20004500448703766,0.044136643409729004,0.9740854501724243,0.21446019411087036,29.73426628112793,-0.005410820245742798
person_00,S,32,an elderly person with gray hair,25,10,10,1,97.7,rotate,0,0.0,,,11506.6,4.61,512.0,327.6666666666667,153.33333333333334,,,,0.374377578496933,0.3514965772628784,0.022880997508764267,0.14850343763828278,44.836273193359375,0.10845351219177246,44.836273193359375,0.10845351219177246,0.9973728060722351,0.022880997508764267,0.2677868902683258,2.1213202476501465,1.143251657485962,0.674907922744751,32,jpeg,30,heldout,0.0,28.223142623901367,0.5502175092697144,0.9039742350578308,0.26874345541000366,0.1396348476409912,0.841920793056488,4.6337018297859895,4.616178852124579,0.24186000227928162,0.08185583353042603,0.2568751871585846,0.08754931390285492,34.6147346496582,0.25882354378700256,0.9584420919418335,0.26175570487976074,0.06085562705993652,0.9782573580741882,0.2714170813560486,28.251646041870117,-0.002673625946044922
person_00,S,32,an elderly person with gray hair,25,10,10,1,97.7,rotate,0,0.0,,,11506.6,4.61,512.0,327.6666666666667,153.33333333333334,,,,0.374377578496933,0.3514965772628784,0.022880997508764267,0.14850343763828278,44.836273193359375,0.10845351219177246,44.836273193359375,0.10845351219177246,0.9973728060722351,0.022880997508764267,0.2677868902683258,2.1213202476501465,1.143251657485962,0.674907922744751,32,noise,0.0,heldout,0.0,38.007293701171875,0.29212433099746704,0.99126136302948,0.048014044761657715,0.03842461109161377,0.942538321018219,4.6337018297859895,4.638157651777938,0.24186000227928162,0.08185583353042603,0.24504616856575012,0.06752867996692657,44.83494567871094,0.10845351219177246,0.9973728060722351,0.022880997508764267,0.0070149898529052734,0.973819375038147,0.0,80.0,0.048014044761657715
person_00,S,32,an elderly person with gray hair,25,10,10,1,97.7,rotate,0,0.0,,,11506.6,4.61,512.0,327.6666666666667,153.33333333333334,,,,0.374377578496933,0.3514965772628784,0.022880997508764267,0.14850343763828278,44.836273193359375,0.10845351219177246,44.836273193359375,0.10845351219177246,0.9973728060722351,0.022880997508764267,0.2677868902683258,2.1213202476501465,1.143251657485962,0.674907922744751,32,noise,0.01,heldout,0.0,34.72325134277344,0.33250176906585693,0.9806556701660156,0.08775989711284637,0.06358093023300171,0.9702150225639343,4.6337018297859895,4.685935512056058,0.24186000227928162,0.08185583353042603,0.27632978558540344,0.09438487142324448,38.785133361816406,0.11529666185379028,0.9886445999145508,0.0716981440782547,0.014309287071228027,0.9919615983963013,0.09238892793655396,35.911659240722656,-0.004629030823707581
person_00,S,32,an elderly person with gray hair,25,10,10,1,97.7,rotate,0,0.0,,,11506.6,4.61,512.0,327.6666666666667,153.33333333333334,,,,0.374377578496933,0.3514965772628784,0.022880997508764267,0.14850343763828278,44.836273193359375,0.10845351219177246,44.836273193359375,0.10845351219177246,0.9973728060722351,0.022880997508764267,0.2677868902683258,2.1213202476501465,1.143251657485962,0.674907922744751,32,noise,0.02,heldout,0.0,31.130138397216797,0.3588806986808777,0.9543253183364868,0.22085997462272644,0.11106288433074951,1.011555790901184,4.6337018297859895,5.9823582133659,0.24186000227928162,0.08185583353042603,0.2793673574924469,0.09248161315917969,33.69977569580078,0.12586858868598938,0.9644143581390381,0.19252775609493256,0.04377603530883789,1.0460811853408813,0.22579678893089294,30.954713821411133,-0.004936814308166504
person_00,S,32,an elderly person with gray hair,25,10,10,1,97.7,rotate,0,0.0,,,11506.6,4.61,512.0,327.6666666666667,153.33333333333334,,,,0.374377578496933,0.3514965772628784,0.022880997508764267,0.14850343763828278,44.836273193359375,0.10845351219177246,44.836273193359375,0.10845351219177246,0.9973728060722351,0.022880997508764267,0.2677868902683258,2.1213202476501465,1.143251657485962,0.674907922744751,32,noise,0.04,heldout,0.0,27.640193939208984,0.5247515439987183,0.9022960662841797,0.3783784806728363,0.15275102853775024,1.108046054840088,4.6337018297859895,9.035643795779958,0.24186000227928162,0.08185583353042603,0.26539772748947144,0.08454930782318115,28.053133010864258,0.199787437915802,0.8866229057312012,0.3456079363822937,0.11044615507125854,1.2553696632385254,0.37736091017723083,27.549983978271484,0.0010175704956054688
person_00,S,32,an elderly person with gray hair,25,10,10,1,97.7,rotate,0,0.0,,,11506.6,4.61,512.0,327.6666666666667,153.33333333333334,,,,0.374377578496933,0.3514965772628784,0.022880997508764267,0.14850343763828278,44.836273193359375,0.10845351219177246,44.836273193359375,0.10845351219177246,0.9973728060722351,0.022880997508764267,0.2677868902683258,2.1213202476501465,1.143251657485962,0.674907922744751,32,noise,0.08,heldout,0.0,23.207077026367188,0.6228601336479187,0.7585233449935913,0.5571538209915161,0.22054558992385864,1.4226897954940796,4.6337018297859895,10.855260844695534,0.24186000227928162,0.08185583353042603,0.28950488567352295,0.07903754711151123,22.357023239135742,0.3630756139755249,0.705305278301239,0.5142197608947754,0.19604259729385376,2.02992582321167,0.5569533705711365,23.281940460205078,0.00020045042037963867
person_00,S,32,an elderly person with gray hair,25,10,10,1,97.7,rotate,0,0.0,,,11506.6,4.61,512.0,327.6666666666667,153.33333333333334,,,,0.374377578496933,0.3514965772628784,0.022880997508764267,0.14850343763828278,44.836273193359375,0.10845351219177246,44.836273193359375,0.10845351219177246,0.9973728060722351,0.022880997508764267,0.2677868902683258,2.1213202476501465,1.143251657485962,0.674907922744751,32,quantize,256,heldout,0.0,37.92038345336914,0.3156920373439789,0.9911043643951416,0.04570179432630539,0.043040573596954346,0.9480760097503662,4.6337018297859895,4.802018396336568,0.24186000227928162,0.08185583353042603,0.2481262981891632,0.07249565422534943,44.71820068359375,0.10980391502380371,0.9973057508468628,0.02141340635716915,0.006902813911437988,0.9746171236038208,1.0118400908809555e-11,79.99999237060547,0.04570179431618699
person_00,S,32,an elderly person with gray hair,25,10,10,1,97.7,rotate,0,0.0,,,11506.6,4.61,512.0,327.6666666666667,153.33333333333334,,,,0.374377578496933,0.3514965772628784,0.022880997508764267,0.14850343763828278,44.836273193359375,0.10845351219177246,44.836273193359375,0.10845351219177246,0.9973728060722351,0.022880997508764267,0.2677868902683258,2.1213202476501465,1.143251657485962,0.674907922744751,32,quantize,64,heldout,0.0,36.70751953125,0.33418935537338257,0.9882113337516785,0.045744266360998154,0.0518951416015625,0.951086699962616,4.6337018297859895,4.653162807382943,0.24186000227928162,0.08185583353042603,0.25284987688064575,0.07412927597761154,42.68657684326172,0.11447244882583618,0.9952476024627686,0.02867775410413742,0.00881427526473999,0.9778149724006653,0.02420680969953537,41.4505729675293,0.021537456661462784
person_00,S,32,an elderly person with gray hair,25,10,10,1,97.7,rotate,0,0.0,,,11506.6,4.61,512.0,327.6666666666667,153.33333333333334,,,,0.374377578496933,0.3514965772628784,0.022880997508764267,0.14850343763828278,44.836273193359375,0.10845351219177246,44.836273193359375,0.10845351219177246,0.9973728060722351,0.022880997508764267,0.2677868902683258,2.1213202476501465,1.143251657485962,0.674907922744751,32,quantize,32,heldout,0.0,30.44898223876953,0.5041095018386841,0.9487561583518982,0.13775497674942017,0.0986986756324768,1.0785174369812012,4.6337018297859895,4.4378320560764415,0.24186000227928162,0.08185583353042603,0.26299870014190674,0.07770927995443344,39.19573211669922,0.10828593373298645,0.9844717979431152,0.11505153775215149,0.013056278228759766,0.9925423264503479,0.1064508929848671,32.08756637573242,0.03130408376455307
person_00,S,32,an elderly person with gray hair,25,10,10,1,97.7,rotate,0,0.0,,,11506.6,4.61,512.0,327.6666666666667,153.33333333333334,,,,0.374377578496933,0.3514965772628784,0.022880997508764267,0.14850343763828278,44.836273193359375,0.10845351219177246,44.836273193359375,0.10845351219177246,0.9973728060722351,0.022880997508764267,0.2677868902683258,2.1213202476501465,1.143251657485962,0.674907922744751,32,quantize,16,heldout,0.0,25.914772033691406,0.6662715077400208,0.8627252578735352,0.36956387758255005,0.16441214084625244,1.2458810806274414,4.6337018297859895,5.7311548978592635,0.24186000227928162,0.08185583353042603,0.2592548131942749,0.061121806502342224,33.904483795166016,0.1294117569923401,0.9322549104690552,0.34415900707244873,0.06101655960083008,1.0530246496200562,0.3353683352470398,26.180267333984375,0.034195542335510254
person_00,S,32,an elderly person with gray hair,25,10,10,1,97.7,rotate,0,0.0,,,11506.6,4.61,512.0,327.6666666666667,153.33333333333334,,,,0.374377578496933,0.3514965772628784,0.022880997508764267,0.14850343763828278,44.836273193359375,0.10845351219177246,44.836273193359375,0.10845351219177246,0.9973728060722351,0.022880997508764267,0.2677868902683258,2.1213202476501465,1.143251657485962,0.674907922744751,32,quantize,8,heldout,0.0,23.69351577758789,0.6005100011825562,0.7575144171714783,0.45807501673698425,0.19300198554992676,1.3293591737747192,4.6337018297859895,6.004494331179419,0.24186000227928162,0.08185583353042603,0.24958130717277527,0.08501216769218445,27.49620819091797,0.16358542442321777,0.7611289024353027,0.5284900665283203,0.24637854099273682,1.312872290611267,0.4745173454284668,23.479049682617188,-0.016442328691482544
person_01,S,32,an elderly person with gray hair,25,10,10,1,97.6,rotate,0,0.0,,,11506.6,2.13,512.0,337.6666666666667,175.33333333333334,,,,0.33554768562316895,0.322083055973053,0.013464638963341713,0.17791695892810822,48.70579147338867,0.2350441813468933,48.70579147338867,0.2350441813468933,0.9986297488212585,0.013464638963341713,0.1881486177444458,1.6453819274902344,1.0804219245910645,0.47504109144210815,32,identity,0.0,train,0.0,30.85494613647461,0.5583877563476562,0.9393367767333984,0.17791695892810822,0.10251152515411377,1.030437707901001,6.875431839943357,5.844599825326085,0.20077797770500183,0.04386167973279953,0.20233729481697083,0.05052124336361885,48.70256805419922,0.2350441813468933,0.9986297488212585,0.013464638963341713,0.004046320915222168,0.9676746129989624,0.0,80.0,0.17791695892810822
person_01,S,32,an elderly person with gray hair,25,10,10,1,97.6,rotate,0,0.0,,,11506.6,2.13,512.0,337.6666666666667,175.33333333333334,,,,0.33554768562316895,0.322083055973053,0.013464638963341713,0.17791695892810822,48.70579147338867,0.2350441813468933,48.70579147338867,0.2350441813468933,0.9986297488212585,0.013464638963341713,0.1881486177444458,1.6453819274902344,1.0804219245910645,0.47504109144210815,32,blur,0.0,heldout,0.0,36.692081451416016,0.3421935439109802,0.9782710075378418,0.08081768453121185,0.05495870113372803,0.9910511374473572,4.725985000673543,3.873464385917765,0.17086359858512878,-0.004528893157839775,0.1736895740032196,-0.00983874499797821,48.70256805419922,0.2350441813468933,0.9986297488212585,0.013464638963341713,0.004046320915222168,0.9676746129989624,0.0,80.0,0.08081768453121185
person_01,S,32,an elderly person with gray hair,25,10,10,1,97.6,rotate,0,0.0,,,11506.6,2.13,512.0,337.6666666666667,175.33333333333334,,,,0.33554768562316895,0.322083055973053,0.013464638963341713,0.17791695892810822,48.70579147338867,0.2350441813468933,48.70579147338867,0.2350441813468933,0.9986297488212585,0.013464638963341713,0.1881486177444458,1.6453819274902344,1.0804219245910645,0.47504109144210815,32,blur,0.5,heldout,0.0,33.18118667602539,0.6045461893081665,0.958586573600769,0.1572926789522171,0.08802390098571777,0.8524469137191772,4.725985000673543,4.35922640432748,0.17086359858512878,-0.004528893157839775,0.1719253957271576,-0.0009452849626541138,40.74009323120117,0.27022942900657654,0.9964553117752075,0.05203144997358322,0.01958709955215454,0.778118908405304,0.10730544477701187,34.591651916503906,0.04998723417520523
person_01,S,32,an elderly person with gray hair,25,10,10,1,97.6,rotate,0,0.0,,,11506.6,2.13,512.0,337.6666666666667,175.33333333333334,,,,0.33554768562316895,0.322083055973053,0.013464638963341713,0.17791695892810822,48.70579147338867,0.2350441813468933,48.70579147338867,0.2350441813468933,0.9986297488212585,0.013464638963341713,0.1881486177444458,1.6453819274902344,1.0804219245910645,0.47504109144210815,32,blur,1.0,heldout,0.0,29.433067321777344,0.4217853248119354,0.9088026881217957,0.31666553020477295,0.16971606016159058,0.48871174454689026,4.725985000673543,6.867438829034291,0.17086359858512878,-0.004528893157839775,0.18480750918388367,0.03483196720480919,33.65784454345703,0.4814545214176178,0.9802529811859131,0.20273540914058685,0.07545316219329834,0.4844931960105896,0.3112609386444092,29.485214233398438,0.0054045915603637695
person_01,S,32,an elderly person with gray hair,25,10,10,1,97.6,rotate,0,0.0,,,11506.6,2.13,512.0,337.6666666666667,175.33333333333334,,,,0.33554768562316895,0.322083055973053,0.013464638963341713,0.17791695892810822,48.70579147338867,0.2350441813468933,48.70579147338867,0.2350441813468933,0.9986297488212585,0.013464638963341713,0.1881486177444458,1.6453819274902344,1.0804219245910645,0.47504109144210815,32,blur,1.5,heldout,0.0,28.575847625732422,0.546955406665802,0.8951221704483032,0.3856810927391052,0.20484918355941772,0.3174457252025604,4.725985000673543,9.202439588707719,0.17086359858512878,-0.004528893157839775,0.1930641531944275,0.03486351668834686,31.45905303955078,0.5536264181137085,0.9593746662139893,0.2859160006046295,0.12790906429290771,0.3411608040332794,0.3841659128665924,28.58211898803711,0.0015151798725128174
person_01,S,32,an elderly person with gray hair,25,10,10,1,97.6,rotate,0,0.0,,,11506.6,2.13,512.0,337.6666666666667,175.33333333333334,,,,0.33554768562316895,0.322083055973053,0.013464638963341713,0.17791695892810822,48.70579147338867,0.2350441813468933,48.70579147338867,0.2350441813468933,0.9986297488212585,0.013464638963341713,0.1881486177444458,1.6453819274902344,1.0804219245910645,0.47504109144210815,32,blur,2.0,heldout,0.0,27.784412384033203,0.6704816818237305,0.8756608366966248,0.4370816946029663,0.2458198070526123,0.24036584794521332,4.725985000673543,10.47471395462402,0.17086359858512878,-0.004528893157839775,0.1934720277786255,0.044843561947345734,30.091033935546875,0.6022201776504517,0.9379087686538696,0.351250559091568,0.17223906517028809,0.259013295173645,0.4369967579841614,27.77767562866211,8.493661880493164e-05
person_01,S,32,an elderly person with gray hair,25,10,10,1,97.6,rotate,0,0.0,,,11506.6,2.13,512.0,337.6666666666667,175.33333333333334,,,,0.33554768562316895,0.322083055973053,0.013464638963341713,0.17791695892810822,48.70579147338867,0.2350441813468933,48.70579147338867,0.2350441813468933,0.9986297488212585,0.013464638963341713,0.1881486177444458,1.6453819274902344,1.0804219245910645,0.47504109144210815,32,blur,3.0,heldout,0.0,26.750118255615234,0.6794018149375916,0.8477491140365601,0.4983658194541931,0.28611910343170166,0.17293798923492432,4.725985000673543,11.406000219256118,0.17086359858512878,-0.004528893157839775,0.1840423345565796,0.021613940596580505,28.237085342407227,0.691638708114624,0.8964096307754517,0.4402923583984375,0.2384818196296692,0.1692781299352646,0.4987438917160034,26.74379539489746,-0.00037807226181030273
person_01,S,32,an elderly person with gray hair,25,10,10,1,97.6,rotate,0,0.0,,,11506.6,2.13,512.0,337.6666666666667,175.33333333333334,,,,0.33554768562316895,0.322083055973053,0.013464638963341713,0.17791695892810822,48.70579147338867,0.2350441813468933,48.70579147338867,0.2350441813468933,0.9986297488212585,0.013464638963341713,0.1881486177444458,1.6453819274902344,1.0804219245910645,0.47504109144210815,32,jpeg,95,heldout,0.0,34.54629135131836,0.41540610790252686,0.9692587852478027,0.1098061352968216,0.06585443019866943,1.0071965456008911,4.725985000673543,3.790688603755291,0.17086359858512878,-0.004528893157839775,0.17097023129463196,-0.005926670506596565,40.63041687011719,0.24705883860588074,0.9881377220153809,0.060365233570337296,0.01118767261505127,0.9682957530021667,0.0891168862581253,35.771297454833984,0.02068924903869629
person_01,S,32,an elderly person with gray hair,25,10,10,1,97.6,rotate,0,0.0,,,11506.6,2.13,512.0,337.6666666666667,175.33333333333334,,,,0.33554768562316895,0.322083055973053,0.013464638963341713,0.17791695892810822,48.70579147338867,0.2350441813468933,48.70579147338867,0.2350441813468933,0.9986297488212585,0.013464638963341713,0.1881486177444458,1.6453819274902344,1.0804219245910645,0.47504109144210815,32,jpeg,85,heldout,0.0,32.08190155029297,0.6488544940948486,0.945638120174408,0.17790475487709045,0.1039588451385498,0.9919843673706055,4.725985000673543,4.051246182964231,0.17086359858512878,-0.004528893157839775,0.16830798983573914,-0.0005399361252784729,37.528297424316406,0.24313727021217346,0.9782761335372925,0.12282480299472809,0.018480956554412842,0.9647496342658997,0.1681598722934723,32.291587829589844,0.009744882583618164
person_01,S,32,an elderly person with gray hair,25,10,10,1,97.6,rotate,0,0.0,,,11506.6,2.13,512.0,337.6666666666667,175.33333333333334,,,,0.33554768562316895,0.322083055973053,0.013464638963341713,0.17791695892810822,48.70579147338867,0.2350441813468933,48.70579147338867,0.2350441813468933,0.9986297488212585,0.013464638963341713,0.1881486177444458,1.6453819274902344,1.0804219245910645,0.47504109144210815,32,jpeg,75,heldout,0.0,31.143104553222656,0.6145200729370117,0.9355448484420776,0.21358714997768402,0.1352982521057129,0.9763746857643127,4.725985000673543,4.742632930375396,0.17086359858512878,-0.004528893157839775,0.17942491173744202,-0.005184539593756199,35.922916412353516,0.27450981736183167,0.9693515300750732,0.16323213279247284,0.03534728288650513,0.9591668248176575,0.21190720796585083,31.102827072143555,0.001679942011833191
person_01,S,32,an elderly person with gray hair,25,10,10,1,97.6,rotate,0,0.0,,,11506.6,2.13,512.0,337.6666666666667,175.33333333333334,,,,0.33554768562316895,0.322083055973053,0.013464638963341713,0.17791695892810822,48.70579147338867,0.2350441813468933,48.70579147338867,0.2350441813468933,0.9986297488212585,0.013464638963341713,0.1881486177444458,1.6453819274902344,1.0804219245910645,0.47504109144210815,32,jpeg,60,heldout,0.0,30.328903198242188,0.6263396739959717,0.9258422255516052,0.2557338774204254,0.12656152248382568,0.9215974807739258,4.725985000673543,4.941736895331619,0.17086359858512878,-0.004528893157839775,0.18944746255874634,0.003619232214987278,34.57598114013672,0.25882354378700256,0.957687258720398,0.21557891368865967,0.04244101047515869,0.946688175201416,0.24422401189804077,30.747041702270508,0.011509865522384644
person_01,S,32,an elderly person with gray hair,25,10,10,1,97.6,rotate,0,0.0,,,11506.6,2.13,512.0,337.6666666666667,175.33333333333334,,,,0.33554768562316895,0.322083055973053,0.013464638963341713,0.17791695892810822,48.70579147338867,0.2350441813468933,48.70579147338867,0.2350441813468933,0.9986297488212585,0.013464638963341713,0.1881486177444458,1.6453819274902344,1.0804219245910645,0.47504109144210815,32,jpeg,45,heldout,0.0,30.273746490478516,0.6710472106933594,0.9213847517967224,0.27053913474082947,0.14053618907928467,0.9100388884544373,4.725985000673543,5.178523187297116,0.17086359858512878,-0.004528893157839775,0.166693776845932,-0.007406841963529587,33.630897521972656,0.27843138575553894,0.9458913803100586,0.25780603289604187,0.06257510185241699,0.9383366703987122,0.25017163157463074,30.846193313598633,0.02036750316619873
person_01,S,32,an elderly person with gray hair,25,10,10,1,97.6,rotate,0,0.0,,,11506.6,2.13,512.0,337.6666666666667,175.33333333333334,,,,0.33554768562316895,0.322083055973053,0.013464638963341713,0.17791695892810822,48.70579147338867,0.2350441813468933,48.70579147338867,0.2350441813468933,0.9986297488212585,0.013464638963341713,0.1881486177444458,1.6453819274902344,1.0804219245910645,0.47504109144210815,32,jpeg,30,heldout,0.0,29.26861000061035,0.63825523853302,0.8960878849029541,0.3816794753074646,0.16582739353179932,0.7989716529846191,4.725985000673543,4.8064696330590975,0.17086359858512878,-0.004528893157839775,0.16829900443553925,-0.0003607003018260002,32.44617462158203,0.3607843518257141,0.9258813261985779,0.34171169996261597,0.08866441249847412,0.9156326651573181,0.38632524013519287,29.21432876586914,-0.0046457648277282715
person_01,S,32,an elderly person with gray hair,25,10,10,1,97.6,rotate,0,0.0,,,11506.6,2.13,512.0,337.6666666666667,175.33333333333334,,,,0.33554768562316895,0.322083055973053,0.013464638963341713,0.17791695892810822,48.70579147338867,0.2350441813468933,48.70579147338867,0.2350441813468933,0.9986297488212585,0.013464638963341713,0.1881486177444458,1.6453819274902344,1.0804219245910645,0.47504109144210815,32,noise,0.0,heldout,0.0,36.692081451416016,0.3421935439109802,0.9782710075378418,0.08081768453121185,0.05495870113372803,0.9910511374473572,4.725985000673543,3.873464385917765,0.17086359858512878,-0.004528893157839775,0.1736895740032196,-0.00983874499797821,48.70256805419922,0.2350441813468933,0.9986297488212585,0.013464638963341713,0.004046320915222168,0.9676746129989624,0.0,80.0,0.08081768453121185
person_01,S,32,an elderly person with gray hair,25,10,10,1,97.6,rotate,0,0.0,,,11506.6,2.13,512.0,337.6666666666667,175.33333333333334,,,,0.33554768562316895,0.322083055973053,0.013464638963341713,0.17791695892810822,48.70579147338867,0.2350441813468933,48.70579147338867,0.2350441813468933,0.9986297488212585,0.013464638963341713,0.1881486177444458,1.6453819274902344,1.0804219245910645,0.47504109144210815,32,noise,0.01,heldout,0.0,35.093162536621094,0.2549782991409302,0.9774582386016846,0.10303610563278198,0.0658872127532959,0.9844237565994263,4.725985000673543,5.552179664562357,0.17086359858512878,-0.004528893157839775,0.1634736955165863,-0.005930153653025627,39.4892463684082,0.24050071835517883,0.9847275614738464,0.07591056078672409,0.010982215404510498,0.9834439754486084,0.1129588633775711,34.650882720947266,-0.009922757744789124
person_01,S,32,an elderly person with gray hair,25,10,10,1,97.6,rotate,0,0.0,,,11506.6,2.13,512.0,337.6666666666667,175.33333333333334,,,,0.33554768562316895,0.322083055973053,0.013464638963341713,0.17791695892810822,48.70579147338867,0.2350441813468933,48.70579147338867,0.2350441813468933,0.9986297488212585,0.013464638963341713,0.1881486177444458,1.6453819274902344,1.0804219245910645,0.47504109144210815,32,noise,0.02,heldout,0.0,31.59716796875,0.4103912115097046,0.9467167854309082,0.21631205081939697,0.09167397022247314,1.0695784091949463,4.725985000673543,6.9587420294685085,0.17086359858512878,-0.004528893157839775,0.17448779940605164,0.003340078517794609,33.9073486328125,0.24595725536346436,0.946388840675354,0.17938587069511414,0.04242396354675293,1.031450867652893,0.21364101767539978,31.637733459472656,0.0026710331439971924
person_01,S,32,an elderly person with gray hair,25,10,10,1,97.6,rotate,0,0.0,,,11506.6,2.13,512.0,337.6666666666667,175.33333333333334,,,,0.33554768562316895,0.322083055973053,0.013464638963341713,0.17791695892810822,48.70579147338867,0.2350441813468933,48.70579147338867,0.2350441813468933,0.9986297488212585,0.013464638963341713,0.1881486177444458,1.6453819274902344,1.0804219245910645,0.47504109144210815,32,noise,0.04,heldout,0.0,28.407958984375,0.6059032082557678,0.882764995098114,0.37644633650779724,0.15745002031326294,1.1635710000991821,4.725985000673543,10.071476889254534,0.17086359858512878,-0.004528893157839775,0.21199297904968262,0.054433614015579224,28.103343963623047,0.2568703591823578,0.8299999237060547,0.33941322565078735,0.11762166023254395,1.2204958200454712,0.3739224672317505,28.390504837036133,0.002523869276046753
person_01,S,32,an elderly person with gray hair,25,10,10,1,97.6,rotate,0,0.0,,,11506.6,2.13,512.0,337.6666666666667,175.33333333333334,,,,0.33554768562316895,0.322083055973053,0.013464638963341713,0.17791695892810822,48.70579147338867,0.2350441813468933,48.70579147338867,0.2350441813468933,0.9986297488212585,0.013464638963341713,0.1881486177444458,1.6453819274902344,1.0804219245910645,0.47504109144210815,32,noise,0.08,heldout,0.0,24.019630432128906,0.7743054628372192,0.734398603439331,0.5334409475326538,0.23358285427093506,1.6528573036193848,4.725985000673543,11.716552346651948,0.17086359858512878,-0.004528893157839775,0.25396111607551575,0.048767805099487305,22.43804931640625,0.356770783662796,0.603439450263977,0.5272352695465088,0.24307990074157715,1.9107105731964111,0.5333601236343384,23.988759994506836,8.082389831542969e-05
person_01,S,32,an elderly person with gray hair,25,10,10,1,97.6,rotate,0,0.0,,,11506.6,2.13,512.0,337.6666666666667,175.33333333333334,,,,0.33554768562316895,0.322083055973053,0.013464638963341713,0.17791695892810822,48.70579147338867,0.2350441813468933,48.70579147338867,0.2350441813468933,0.9986297488212585,0.013464638963341713,0.1881486177444458,1.6453819274902344,1.0804219245910645,0.47504109144210815,32,quantize,256,heldout,0.0,38.168514251708984,0.25374945998191833,0.9848792552947998,0.05510383099317551,0.03814762830734253,0.9939618110656738,4.725985000673543,4.040834371750379,0.17086359858512878,-0.004528893157839775,0.17610684037208557,-0.0010169930756092072,48.52582550048828,0.2352941334247589,0.9985554218292236,0.013045964762568474,0.004035830497741699,0.9696428775787354,9.978398315957371e-12,79.99999237060547,0.05510383098319711
person_01,S,32,an elderly person with gray hair,25,10,10,1,97.6,rotate,0,0.0,,,11506.6,2.13,512.0,337.6666666666667,175.33333333333334,,,,0.33554768562316895,0.322083055973053,0.013464638963341713,0.17791695892810822,48.70579147338867,0.2350441813468933,48.70579147338867,0.2350441813468933,0.9986297488212585,0.013464638963341713,0.1881486177444458,1.6453819274902344,1.0804219245910645,0.47504109144210815,32,quantize,64,heldout,0.0,39.59396743774414,0.2770934998989105,0.9895865321159363,0.03934590518474579,0.029937922954559326,1.0087695121765137,4.725985000673543,4.318825277914655,0.17086359858512878,-0.004528893157839775,0.17341342568397522,-0.0018011927604675293,44.66084289550781,0.22745099663734436,0.9954391717910767,0.028897929936647415,0.006368815898895264,0.9727942943572998,0.03230554983019829,40.81098937988281,0.007040355354547501
person_01,S,32,an elderly person with gray hair,25,10,10,1,97.6,rotate,0,0.0,,,11506.6,2.13,512.0,337.6666666666667,175.33333333333334,,,,0.33554768562316895,0.322083055973053,0.013464638963341713,0.17791695892810822,48.70579147338867,0.2350441813468933,48.70579147338867,0.2350441813468933,0.9986297488212585,0.013464638963341713,0.1881486177444458,1.6453819274902344,1.0804219245910645,0.47504109144210815,32,quantize,32,heldout,0.0,33.87934494018555,0.48547351360321045,0.9595508575439453,0.12719407677650452,0.08596289157867432,1.0513579845428467,4.725985000673543,4.179482703084963,0.17086359858512878,-0.004528893157839775,0.2000872641801834,0.011693689972162247,40.01753234863281,0.2489563524723053,0.9821887016296387,0.12233364582061768,0.02464139461517334,0.9859009385108948,0.10383796691894531,35.97114562988281,0.023356109857559204
person_01,S,32,an elderly person with gray hair,25,10,10,1,97.6,rotate,0,0.0,,,11506.6,2.13,512.0,337.6666666666667,175.33333333333334,,,,0.33554768562316895,0.322083055973053,0.013464638963341713,0.17791695892810822,48.70579147338867,0.2350441813468933,48.70579147338867,0.2350441813468933,0.9986297488212585,0.013464638963341713,0.1881486177444458,1.6453819274902344,1.0804219245910645,0.47504109144210815,32,quantize,16,heldout,0.0,27.225067138671875,0.69399094581604,0.8861978054046631,0.27515798807144165,0.13699162006378174,1.2379417419433594,4.725985000673543,4.741253942758041,0.17086359858512878,-0.004528893157839775,0.23956741392612457,0.08127668499946594,34.18212127685547,0.23137256503105164,0.9308927059173584,0.305334210395813,0.1095011830329895,1.038657784461975,0.27738553285598755,27.545595169067383,-0.0022275447845458984
person_01,S,32,an elderly person with gray hair,25,10,10,1,97.6,rotate,0,0.0,,,11506.6,2.13,512.0,337.6666666666667,175.33333333333334,,,,0.33554768562316895,0.322083055973053,0.013464638963341713,0.17791695892810822,48.70579147338867,0.2350441813468933,48.70579147338867,0.2350441813468933,0.9986297488212585,0.013464638963341713,0.1881486177444458,1.6453819274902344,1.0804219245910645,0.47504109144210815,32,quantize,8,heldout,0.0,24.379497528076172,0.7602653503417969,0.7884899973869324,0.4280468821525574,0.19814693927764893,1.328643798828125,4.725985000673543,4.568590094202664,0.17086359858512878,-0.004528893157839775,0.23234091699123383,0.08470067381858826,27.52840805053711,0.25770309567451477,0.7804399728775024,0.4901089668273926,0.23272943496704102,1.2041071653366089,0.4303854703903198,24.29015350341797,-0.002338588237762451
