variant,image,class,purifier,seed,psnr,ssim,lpips,dists,linf,rms,clip,siglip
advcf_deep_r30_repeat,task_env_weather_121086,add_hat,blur,67001,17.23055,0.78198,0.52588,0.19716,0.56863,0.13755,0.83361,0.82808
advcf_deep_r30_repeat,task_env_weather_121086,add_hat,crop_resize,17001,14.86369,0.6755,0.54288,0.2415,0.87451,0.18064,0.88791,0.87696
advcf_deep_r30_repeat,task_env_weather_121086,add_hat,crop_resize,77001,17.27362,0.76907,0.49034,0.21554,0.76471,0.13687,0.90854,0.94531
advcf_deep_r30_repeat,task_env_weather_121086,add_hat,identity,27001,16.76876,0.74119,0.48983,0.2077,0.75686,0.14506,0.85814,0.87123
advcf_deep_r30_repeat,task_env_weather_121086,add_hat,identity,87001,16.62165,0.75853,0.48682,0.21006,0.78039,0.14754,0.92616,0.84159
advcf_deep_r30_repeat,task_env_weather_121086,add_hat,jpeg,47001,15.33657,0.73838,0.4958,0.22262,0.87451,0.17107,0.91059,0.90778
advcf_deep_r30_repeat,task_env_weather_121086,add_hat,jpeg,97001,16.69622,0.7369,0.49516,0.21349,0.76863,0.14628,0.89632,0.87135
advcf_deep_r30_repeat,task_env_weather_121086,add_scarf,blur,57001,15.19226,0.58814,0.57775,0.22691,0.99216,0.17393,0.75802,0.83104
advcf_deep_r30_repeat,task_env_weather_121086,add_scarf,blur,107001,14.03224,0.56295,0.62474,0.22773,0.95686,0.19879,0.63841,0.72236
advcf_deep_r30_repeat,task_env_weather_121086,add_scarf,crop_resize,67001,12.42085,0.45944,0.66772,0.26902,1.0,0.23931,0.51088,0.63565
advcf_deep_r30_repeat,task_env_weather_121086,add_scarf,identity,17001,14.90452,0.65718,0.51521,0.18798,0.98824,0.17979,0.71872,0.79221
advcf_deep_r30_repeat,task_env_weather_121086,add_scarf,identity,77001,14.40312,0.63541,0.54202,0.21252,1.0,0.19048,0.77161,0.81093
advcf_deep_r30_repeat,task_env_weather_121086,add_scarf,jpeg,27001,13.51471,0.56301,0.62645,0.24781,0.99216,0.21099,0.50428,0.63169
advcf_deep_r30_repeat,task_env_weather_121086,add_scarf,jpeg,87001,13.36334,0.55758,0.62711,0.2346,1.0,0.2147,0.75009,0.74548
advcf_deep_r30_repeat,task_env_weather_121086,garment_colour,blur,47001,13.58007,0.63917,0.55626,0.22121,0.89412,0.20941,0.86475,0.87977
advcf_deep_r30_repeat,task_env_weather_121086,garment_colour,blur,97001,12.73441,0.58415,0.48503,0.23496,0.83922,0.23082,0.87011,0.92726
advcf_deep_r30_repeat,task_env_weather_121086,garment_colour,crop_resize,57001,18.58057,0.78391,0.44146,0.18879,0.92157,0.11775,0.93486,0.95533
advcf_deep_r30_repeat,task_env_weather_121086,garment_colour,crop_resize,107001,12.21291,0.53943,0.44508,0.23696,0.9098,0.24511,0.88272,0.90095
advcf_deep_r30_repeat,task_env_weather_121086,garment_colour,identity,67001,19.01712,0.78532,0.39228,0.16753,0.71765,0.11198,0.92924,0.95124
advcf_deep_r30_repeat,task_env_weather_121086,garment_colour,jpeg,17001,18.66159,0.78195,0.41405,0.18681,0.73725,0.11666,0.93037,0.94679
advcf_deep_r30_repeat,task_env_weather_121086,garment_colour,jpeg,77001,13.44768,0.61075,0.49767,0.23291,0.99216,0.21263,0.82362,0.85313
advcf_deep_r30_repeat,task_obj_remove_410264,add_hat,blur,27001,20.28689,0.88061,0.34088,0.15234,0.71765,0.09675,0.79116,0.84854
advcf_deep_r30_repeat,task_obj_remove_410264,add_hat,blur,87001,22.49043,0.88404,0.35537,0.16116,0.76471,0.07507,0.72568,0.81218
advcf_deep_r30_repeat,task_obj_remove_410264,add_hat,crop_resize,47001,23.35839,0.9172,0.29006,0.13987,0.6549,0.06793,0.89022,0.93733
advcf_deep_r30_repeat,task_obj_remove_410264,add_hat,crop_resize,97001,21.30522,0.85963,0.34591,0.16083,0.83529,0.08605,0.66091,0.74591
advcf_deep_r30_repeat,task_obj_remove_410264,add_hat,identity,57001,20.66347,0.88696,0.32817,0.14434,0.82353,0.09265,0.82164,0.85214
advcf_deep_r30_repeat,task_obj_remove_410264,add_hat,identity,107001,22.04667,0.89856,0.30451,0.14677,0.71373,0.07901,0.84064,0.86957
advcf_deep_r30_repeat,task_obj_remove_410264,add_hat,jpeg,67001,22.13594,0.87666,0.35668,0.16038,0.8549,0.0782,0.79264,0.892
advcf_deep_r30_repeat,task_obj_remove_410264,add_scarf,blur,17001,14.83629,0.7204,0.43616,0.17093,0.96863,0.18121,0.90105,0.90317
advcf_deep_r30_repeat,task_obj_remove_410264,add_scarf,blur,77001,17.15015,0.7931,0.3621,0.1598,0.85098,0.13883,0.90741,0.94616
advcf_deep_r30_repeat,task_obj_remove_410264,add_scarf,crop_resize,27001,15.78383,0.73161,0.35589,0.14632,0.96471,0.16248,0.94438,0.94212
advcf_deep_r30_repeat,task_obj_remove_410264,add_scarf,crop_resize,87001,14.32568,0.67421,0.41369,0.175,0.90588,0.19218,0.90021,0.8471
advcf_deep_r30_repeat,task_obj_remove_410264,add_scarf,identity,47001,15.6767,0.70021,0.42842,0.16757,0.96863,0.1645,0.85839,0.8757
advcf_deep_r30_repeat,task_obj_remove_410264,add_scarf,identity,97001,13.52207,0.60863,0.43868,0.20094,0.96078,0.21081,0.78002,0.83834
advcf_deep_r30_repeat,task_obj_remove_410264,add_scarf,jpeg,57001,17.2897,0.7765,0.36502,0.14867,0.98039,0.13662,0.94772,0.94355
advcf_deep_r30_repeat,task_obj_remove_410264,add_scarf,jpeg,107001,16.0173,0.77933,0.32991,0.14618,0.97647,0.15817,0.92328,0.93674
advcf_deep_r30_repeat,task_obj_remove_410264,garment_colour,blur,67001,19.00028,0.85598,0.32095,0.13869,0.44706,0.1122,0.96874,0.96176
advcf_deep_r30_repeat,task_obj_remove_410264,garment_colour,crop_resize,17001,11.67993,0.74133,0.41167,0.20276,0.85882,0.26062,0.90619,0.93862
advcf_deep_r30_repeat,task_obj_remove_410264,garment_colour,crop_resize,77001,12.29068,0.78517,0.49117,0.20248,0.76471,0.24292,0.88962,0.91352
advcf_deep_r30_repeat,task_obj_remove_410264,garment_colour,identity,27001,22.26056,0.88978,0.30084,0.15081,0.65882,0.07709,0.96925,0.95811
advcf_deep_r30_repeat,task_obj_remove_410264,garment_colour,identity,87001,19.49852,0.86933,0.33598,0.16066,0.85882,0.10594,0.96528,0.95455
advcf_deep_r30_repeat,task_obj_remove_410264,garment_colour,jpeg,47001,21.5602,0.87611,0.35896,0.15936,0.63922,0.08356,0.96362,0.94643
advcf_deep_r30_repeat,task_obj_remove_410264,garment_colour,jpeg,97001,21.0988,0.85623,0.33867,0.14337,0.6,0.08812,0.96811,0.95383
advcf_deep_r30_repeat,task_obj_swap_rand_mask_79926,add_hat,blur,57001,15.29694,0.72139,0.4383,0.23684,0.78039,0.17185,0.71611,0.70686
advcf_deep_r30_repeat,task_obj_swap_rand_mask_79926,add_hat,blur,107001,15.47458,0.7205,0.4127,0.21837,0.87843,0.16837,0.90533,0.87918
advcf_deep_r30_repeat,task_obj_swap_rand_mask_79926,add_hat,crop_resize,67001,19.17654,0.82226,0.37508,0.16252,0.86667,0.10994,0.95134,0.85775
advcf_deep_r30_repeat,task_obj_swap_rand_mask_79926,add_hat,identity,17001,18.91934,0.84996,0.34253,0.13506,0.79608,0.11325,0.94062,0.83261
advcf_deep_r30_repeat,task_obj_swap_rand_mask_79926,add_hat,identity,77001,19.06315,0.8354,0.34491,0.14156,0.84706,0.11139,0.9358,0.85151
advcf_deep_r30_repeat,task_obj_swap_rand_mask_79926,add_hat,jpeg,27001,19.38356,0.83234,0.33802,0.12743,0.92941,0.10735,0.92593,0.89415
advcf_deep_r30_repeat,task_obj_swap_rand_mask_79926,add_hat,jpeg,87001,19.57636,0.82173,0.36271,0.14424,0.87843,0.105,0.93882,0.86154
advcf_deep_r30_repeat,task_obj_swap_rand_mask_79926,add_scarf,blur,47001,17.92718,0.76434,0.31567,0.16546,0.98039,0.12695,0.93078,0.85866
advcf_deep_r30_repeat,task_obj_swap_rand_mask_79926,add_scarf,blur,97001,19.28655,0.80415,0.28254,0.14592,0.97255,0.10856,0.93343,0.88108
advcf_deep_r30_repeat,task_obj_swap_rand_mask_79926,add_scarf,crop_resize,57001,16.28158,0.71671,0.38499,0.18826,1.0,0.15343,0.93835,0.91912
advcf_deep_r30_repeat,task_obj_swap_rand_mask_79926,add_scarf,crop_resize,107001,14.91724,0.65847,0.39664,0.20468,0.98824,0.17953,0.91637,0.84479
advcf_deep_r30_repeat,task_obj_swap_rand_mask_79926,add_scarf,identity,67001,16.56013,0.73228,0.33291,0.16646,1.0,0.14859,0.92355,0.90294
advcf_deep_r30_repeat,task_obj_swap_rand_mask_79926,add_scarf,jpeg,17001,15.25368,0.66811,0.37125,0.19658,1.0,0.17271,0.91813,0.86011
advcf_deep_r30_repeat,task_obj_swap_rand_mask_79926,add_scarf,jpeg,77001,16.44118,0.70959,0.35619,0.18582,0.99608,0.15064,0.84213,0.87044
advcf_deep_r30_repeat,task_obj_swap_rand_mask_79926,garment_colour,blur,27001,20.65148,0.89111,0.25427,0.11708,0.57255,0.09277,0.96235,0.94078
advcf_deep_r30_repeat,task_obj_swap_rand_mask_79926,garment_colour,blur,87001,20.84221,0.88745,0.24591,0.11118,0.67451,0.09076,0.96417,0.94489
advcf_deep_r30_repeat,task_obj_swap_rand_mask_79926,garment_colour,crop_resize,47001,20.40617,0.83242,0.33578,0.13347,0.81176,0.09543,0.95391,0.91754
advcf_deep_r30_repeat,task_obj_swap_rand_mask_79926,garment_colour,crop_resize,97001,20.70733,0.82918,0.34053,0.12121,0.73333,0.09218,0.95203,0.89021
advcf_deep_r30_repeat,task_obj_swap_rand_mask_79926,garment_colour,identity,57001,20.64989,0.85213,0.26249,0.12019,0.90588,0.09279,0.95825,0.94291
advcf_deep_r30_repeat,task_obj_swap_rand_mask_79926,garment_colour,identity,107001,20.82219,0.86229,0.25974,0.12451,0.8902,0.09097,0.95975,0.94024
advcf_deep_r30_repeat,task_obj_swap_rand_mask_79926,garment_colour,jpeg,67001,20.71467,0.81926,0.30334,0.12592,0.93333,0.0921,0.95686,0.91893
advcf_deep_r50,task_env_weather_121086,add_hat,blur,17001,15.72994,0.75564,0.57659,0.22396,0.6902,0.16349,0.94638,0.90351
advcf_deep_r50,task_env_weather_121086,add_hat,blur,77001,15.5545,0.72472,0.56485,0.21532,0.71765,0.16683,0.89418,0.87125
advcf_deep_r50,task_env_weather_121086,add_hat,crop_resize,27001,15.79417,0.69093,0.54862,0.2137,0.70588,0.16229,0.90264,0.90689
advcf_deep_r50,task_env_weather_121086,add_hat,crop_resize,87001,13.92175,0.57133,0.62017,0.27057,0.89412,0.20133,0.61827,0.70897
advcf_deep_r50,task_env_weather_121086,add_hat,identity,47001,15.16342,0.68105,0.5526,0.24556,0.89412,0.17451,0.88433,0.85853
advcf_deep_r50,task_env_weather_121086,add_hat,identity,97001,14.99734,0.6687,0.5551,0.23605,0.83922,0.17788,0.84569,0.86357
advcf_deep_r50,task_env_weather_121086,add_hat,jpeg,57001,14.84441,0.64593,0.54841,0.24089,0.84706,0.18104,0.88998,0.8407
advcf_deep_r50,task_env_weather_121086,add_hat,jpeg,107001,14.88341,0.67906,0.55471,0.23155,0.80784,0.18023,0.91014,0.89507
advcf_deep_r50,task_env_weather_121086,add_scarf,blur,67001,14.35184,0.62634,0.62189,0.22234,0.8902,0.19161,0.71851,0.73608
advcf_deep_r50,task_env_weather_121086,add_scarf,crop_resize,17001,13.28141,0.48068,0.67332,0.2498,1.0,0.21674,0.61739,0.67992
advcf_deep_r50,task_env_weather_121086,add_scarf,crop_resize,77001,12.27667,0.48001,0.69414,0.27828,1.0,0.24331,0.54774,0.67487
advcf_deep_r50,task_env_weather_121086,add_scarf,identity,27001,12.452,0.5053,0.6756,0.2675,1.0,0.23845,0.44445,0.611
advcf_deep_r50,task_env_weather_121086,add_scarf,identity,87001,12.51929,0.4647,0.69465,0.25883,1.0,0.23661,0.64244,0.69426
advcf_deep_r50,task_env_weather_121086,add_scarf,jpeg,47001,13.10054,0.5453,0.62877,0.23427,0.95686,0.2213,0.68428,0.66041
advcf_deep_r50,task_env_weather_121086,add_scarf,jpeg,97001,13.26904,0.52068,0.62121,0.23243,1.0,0.21704,0.57415,0.59318
advcf_deep_r50,task_env_weather_121086,garment_colour,blur,57001,18.04569,0.77544,0.4558,0.18754,0.49804,0.12523,0.94581,0.94454
advcf_deep_r50,task_env_weather_121086,garment_colour,blur,107001,12.95426,0.57614,0.49285,0.23404,0.78824,0.22505,0.87747,0.9094
advcf_deep_r50,task_env_weather_121086,garment_colour,crop_resize,67001,12.21218,0.51995,0.48791,0.24962,0.8902,0.24513,0.88143,0.90101
advcf_deep_r50,task_env_weather_121086,garment_colour,identity,17001,18.01722,0.73067,0.43109,0.19359,0.77255,0.12564,0.91954,0.93005
advcf_deep_r50,task_env_weather_121086,garment_colour,identity,77001,13.16177,0.57132,0.50787,0.23136,0.89804,0.21974,0.83712,0.87512
advcf_deep_r50,task_env_weather_121086,garment_colour,jpeg,27001,12.96952,0.57107,0.51834,0.23889,0.89412,0.22466,0.84798,0.86484
advcf_deep_r50,task_env_weather_121086,garment_colour,jpeg,87001,14.11924,0.61354,0.53395,0.22948,0.95294,0.19681,0.83454,0.85133
advcf_deep_r50,task_obj_remove_410264,add_hat,blur,47001,17.84349,0.85187,0.33206,0.15093,0.85882,0.12818,0.78733,0.82348
advcf_deep_r50,task_obj_remove_410264,add_hat,blur,97001,18.50935,0.84562,0.35831,0.17626,0.87059,0.11872,0.82968,0.87198
advcf_deep_r50,task_obj_remove_410264,add_hat,crop_resize,57001,19.8088,0.87709,0.32696,0.14235,0.89804,0.10223,0.8456,0.90386
advcf_deep_r50,task_obj_remove_410264,add_hat,crop_resize,107001,19.33095,0.82596,0.36859,0.16971,0.85882,0.10801,0.77964,0.78507
advcf_deep_r50,task_obj_remove_410264,add_hat,identity,67001,15.66905,0.67148,0.53247,0.22329,0.98039,0.16464,0.52782,0.66803
advcf_deep_r50,task_obj_remove_410264,add_hat,jpeg,17001,13.99942,0.69572,0.51664,0.23743,0.97255,0.19954,0.64472,0.73658
advcf_deep_r50,task_obj_remove_410264,add_hat,jpeg,77001,17.55088,0.79794,0.34179,0.16428,0.89412,0.13257,0.71229,0.7895
advcf_deep_r50,task_obj_remove_410264,add_scarf,blur,27001,15.36801,0.73807,0.34085,0.15388,0.95686,0.17045,0.93681,0.92718
advcf_deep_r50,task_obj_remove_410264,add_scarf,blur,87001,15.31931,0.73452,0.3345,0.14814,0.96471,0.17141,0.93507,0.92857
advcf_deep_r50,task_obj_remove_410264,add_scarf,crop_resize,47001,15.10153,0.6562,0.47988,0.21076,0.87451,0.17576,0.80931,0.85128
advcf_deep_r50,task_obj_remove_410264,add_scarf,crop_resize,97001,13.42105,0.62814,0.48549,0.21549,0.96863,0.21328,0.89831,0.87997
advcf_deep_r50,task_obj_remove_410264,add_scarf,identity,57001,14.60454,0.64793,0.43578,0.1909,0.98431,0.18611,0.80348,0.87735
advcf_deep_r50,task_obj_remove_410264,add_scarf,identity,107001,14.54695,0.70687,0.33721,0.17531,1.0,0.18735,0.92803,0.9201
advcf_deep_r50,task_obj_remove_410264,add_scarf,jpeg,67001,15.69512,0.71074,0.41782,0.19962,0.95294,0.16415,0.85468,0.89139
advcf_deep_r50,task_obj_remove_410264,garment_colour,blur,17001,20.31696,0.86997,0.27505,0.10067,0.43529,0.09642,0.96252,0.95746
advcf_deep_r50,task_obj_remove_410264,garment_colour,blur,77001,21.55315,0.89853,0.27956,0.12224,0.33333,0.08363,0.97669,0.94814
advcf_deep_r50,task_obj_remove_410264,garment_colour,crop_resize,27001,18.43085,0.83145,0.29087,0.10555,0.52549,0.1198,0.87314,0.96237
advcf_deep_r50,task_obj_remove_410264,garment_colour,crop_resize,87001,19.00346,0.85008,0.41311,0.17234,0.65098,0.11216,0.81334,0.92947
advcf_deep_r50,task_obj_remove_410264,garment_colour,identity,47001,19.32904,0.87086,0.24187,0.10055,0.57255,0.10803,0.98215,0.96973
advcf_deep_r50,task_obj_remove_410264,garment_colour,identity,97001,17.71718,0.81239,0.29645,0.12211,0.58824,0.13006,0.95178,0.95026
advcf_deep_r50,task_obj_remove_410264,garment_colour,jpeg,57001,13.76389,0.77749,0.4428,0.18568,0.63922,0.20502,0.95866,0.93316
advcf_deep_r50,task_obj_remove_410264,garment_colour,jpeg,107001,19.83971,0.84453,0.39901,0.17535,0.73725,0.10186,0.96114,0.91653
advcf_deep_r50,task_obj_swap_rand_mask_79926,add_hat,blur,67001,17.97591,0.76877,0.44986,0.1992,0.78039,0.12624,0.72628,0.71156
advcf_deep_r50,task_obj_swap_rand_mask_79926,add_hat,crop_resize,17001,16.49501,0.75933,0.47683,0.20191,0.8,0.14971,0.84511,0.74222
advcf_deep_r50,task_obj_swap_rand_mask_79926,add_hat,crop_resize,77001,18.11229,0.80151,0.47834,0.18943,0.77255,0.12428,0.87198,0.71219
advcf_deep_r50,task_obj_swap_rand_mask_79926,add_hat,identity,27001,18.41565,0.79471,0.39845,0.16895,0.76471,0.12001,0.86598,0.75374
advcf_deep_r50,task_obj_swap_rand_mask_79926,add_hat,identity,87001,18.69209,0.78736,0.40674,0.17424,0.92157,0.11625,0.92321,0.7948
advcf_deep_r50,task_obj_swap_rand_mask_79926,add_hat,jpeg,47001,18.40907,0.80268,0.37953,0.15273,0.99216,0.1201,0.92275,0.81162
advcf_deep_r50,task_obj_swap_rand_mask_79926,add_hat,jpeg,97001,18.88968,0.80555,0.38208,0.15479,0.93725,0.11364,0.92756,0.81103
advcf_deep_r50,task_obj_swap_rand_mask_79926,add_scarf,blur,57001,16.75513,0.69512,0.39767,0.18052,0.97647,0.14529,0.89938,0.79883
advcf_deep_r50,task_obj_swap_rand_mask_79926,add_scarf,blur,107001,14.41627,0.6261,0.40419,0.18538,1.0,0.19019,0.78197,0.75764
advcf_deep_r50,task_obj_swap_rand_mask_79926,add_scarf,crop_resize,67001,15.95063,0.65957,0.40599,0.16539,0.99216,0.15939,0.88528,0.85513
advcf_deep_r50,task_obj_swap_rand_mask_79926,add_scarf,identity,17001,15.32122,0.65009,0.40605,0.20708,1.0,0.17137,0.87303,0.80693
advcf_deep_r50,task_obj_swap_rand_mask_79926,add_scarf,identity,77001,16.62476,0.70318,0.3818,0.19758,0.98039,0.14749,0.87234,0.81917
advcf_deep_r50,task_obj_swap_rand_mask_79926,add_scarf,jpeg,27001,16.44611,0.6661,0.39864,0.16331,1.0,0.15055,0.90272,0.8181
advcf_deep_r50,task_obj_swap_rand_mask_79926,add_scarf,jpeg,87001,16.65842,0.68158,0.38341,0.17621,0.97647,0.14692,0.90877,0.87153
advcf_deep_r50,task_obj_swap_rand_mask_79926,garment_colour,blur,47001,19.52264,0.83869,0.32999,0.16008,0.69804,0.10565,0.95985,0.91123
advcf_deep_r50,task_obj_swap_rand_mask_79926,garment_colour,blur,97001,19.98388,0.83708,0.35573,0.16199,0.68627,0.10019,0.95834,0.89686
advcf_deep_r50,task_obj_swap_rand_mask_79926,garment_colour,crop_resize,57001,19.63808,0.77354,0.45195,0.16977,0.78431,0.10425,0.94232,0.85078
advcf_deep_r50,task_obj_swap_rand_mask_79926,garment_colour,crop_resize,107001,19.37544,0.79057,0.45296,0.16514,0.82353,0.10746,0.94428,0.83618
advcf_deep_r50,task_obj_swap_rand_mask_79926,garment_colour,identity,67001,20.03738,0.79789,0.38381,0.16578,0.99216,0.09957,0.95001,0.90243
advcf_deep_r50,task_obj_swap_rand_mask_79926,garment_colour,jpeg,17001,19.94849,0.8087,0.37455,0.16199,0.78824,0.10059,0.9591,0.91368
advcf_deep_r50,task_obj_swap_rand_mask_79926,garment_colour,jpeg,77001,19.96892,0.80123,0.36804,0.16069,0.85098,0.10036,0.95628,0.90958
anchor_de16_deep,task_env_weather_121086,add_hat,blur,27001,19.45786,0.76208,0.33951,0.20671,0.62745,0.10644,0.92163,0.9191
anchor_de16_deep,task_env_weather_121086,add_hat,blur,87001,19.97078,0.78009,0.32307,0.19321,0.8,0.10034,0.95237,0.9279
anchor_de16_deep,task_env_weather_121086,add_hat,crop_resize,47001,18.32693,0.68419,0.35844,0.21452,0.86275,0.12124,0.88451,0.87848
anchor_de16_deep,task_env_weather_121086,add_hat,crop_resize,97001,17.69591,0.65526,0.37297,0.21979,0.85882,0.13038,0.8969,0.86634
anchor_de16_deep,task_env_weather_121086,add_hat,identity,57001,18.99485,0.71353,0.33758,0.19,0.8549,0.11227,0.91323,0.85672
anchor_de16_deep,task_env_weather_121086,add_hat,identity,107001,18.32868,0.71053,0.33801,0.2057,0.79216,0.12122,0.91308,0.89209
anchor_de16_deep,task_env_weather_121086,add_hat,jpeg,67001,19.57044,0.74013,0.32975,0.19453,0.75686,0.10507,0.91861,0.94808
anchor_de16_deep,task_env_weather_121086,add_scarf,blur,17001,17.24195,0.68686,0.39005,0.23153,0.96471,0.13737,0.91437,0.91233
anchor_de16_deep,task_env_weather_121086,add_scarf,blur,77001,15.16217,0.5989,0.4455,0.2593,0.92941,0.17454,0.8548,0.82854
anchor_de16_deep,task_env_weather_121086,add_scarf,crop_resize,27001,15.40468,0.49889,0.46483,0.19854,1.0,0.16973,0.86041,0.87516
anchor_de16_deep,task_env_weather_121086,add_scarf,crop_resize,87001,16.6691,0.60959,0.36147,0.17442,0.98039,0.14674,0.85316,0.92769
anchor_de16_deep,task_env_weather_121086,add_scarf,identity,47001,17.2723,0.67754,0.37257,0.21337,0.86667,0.13689,0.92395,0.91932
anchor_de16_deep,task_env_weather_121086,add_scarf,identity,97001,16.23278,0.59686,0.43159,0.23871,0.94118,0.1543,0.89309,0.89279
anchor_de16_deep,task_env_weather_121086,add_scarf,jpeg,57001,15.57445,0.61449,0.43813,0.24209,0.96863,0.16645,0.88934,0.90065
anchor_de16_deep,task_env_weather_121086,add_scarf,jpeg,107001,14.30462,0.5512,0.44935,0.24289,1.0,0.19265,0.80397,0.85365
anchor_de16_deep,task_env_weather_121086,garment_colour,blur,67001,18.9375,0.7665,0.30289,0.19843,0.47059,0.11301,0.93567,0.93049
anchor_de16_deep,task_env_weather_121086,garment_colour,crop_resize,17001,19.06082,0.72928,0.29727,0.2195,0.67843,0.11142,0.91523,0.95696
anchor_de16_deep,task_env_weather_121086,garment_colour,crop_resize,77001,14.42379,0.60721,0.3872,0.25132,0.87843,0.19002,0.91372,0.94881
anchor_de16_deep,task_env_weather_121086,garment_colour,identity,27001,18.80567,0.71605,0.31449,0.20788,0.80392,0.11474,0.92786,0.92301
anchor_de16_deep,task_env_weather_121086,garment_colour,identity,87001,18.80096,0.71111,0.31803,0.21064,0.87451,0.1148,0.92196,0.9331
anchor_de16_deep,task_env_weather_121086,garment_colour,jpeg,47001,17.66929,0.69868,0.34137,0.22955,0.80392,0.13078,0.91268,0.93348
anchor_de16_deep,task_env_weather_121086,garment_colour,jpeg,97001,18.71885,0.72213,0.31985,0.21764,0.70196,0.11589,0.92503,0.93155
anchor_de16_deep,task_obj_remove_410264,add_hat,blur,57001,20.89566,0.86453,0.37304,0.15752,0.86667,0.0902,0.76912,0.82811
anchor_de16_deep,task_obj_remove_410264,add_hat,blur,107001,21.38954,0.88133,0.40309,0.18213,0.74118,0.08522,0.8327,0.81894
anchor_de16_deep,task_obj_remove_410264,add_hat,crop_resize,67001,23.6391,0.88018,0.33439,0.16777,0.87843,0.06577,0.83498,0.79171
anchor_de16_deep,task_obj_remove_410264,add_hat,identity,17001,23.47681,0.89643,0.34957,0.15874,0.86667,0.06701,0.84301,0.82752
anchor_de16_deep,task_obj_remove_410264,add_hat,identity,77001,21.24508,0.88434,0.34126,0.1523,0.89412,0.08665,0.88225,0.81895
anchor_de16_deep,task_obj_remove_410264,add_hat,jpeg,27001,18.30095,0.81838,0.39678,0.17775,0.95294,0.12161,0.77391,0.84365
anchor_de16_deep,task_obj_remove_410264,add_hat,jpeg,87001,19.48817,0.84167,0.38304,0.18325,0.81569,0.10607,0.75093,0.82348
anchor_de16_deep,task_obj_remove_410264,add_scarf,blur,47001,15.3685,0.68457,0.48949,0.19257,0.94902,0.17044,0.83381,0.86912
anchor_de16_deep,task_obj_remove_410264,add_scarf,blur,97001,16.69545,0.7171,0.45474,0.17948,0.87843,0.14629,0.78923,0.8552
anchor_de16_deep,task_obj_remove_410264,add_scarf,crop_resize,57001,16.739,0.72971,0.47683,0.19684,0.94902,0.14556,0.82545,0.86138
anchor_de16_deep,task_obj_remove_410264,add_scarf,crop_resize,107001,16.93642,0.73526,0.40704,0.14565,0.89804,0.14229,0.84719,0.88909
anchor_de16_deep,task_obj_remove_410264,add_scarf,identity,67001,15.41598,0.68047,0.44093,0.1873,0.96471,0.16951,0.78103,0.90549
anchor_de16_deep,task_obj_remove_410264,add_scarf,jpeg,17001,16.61852,0.7442,0.39484,0.16771,0.96078,0.1476,0.91766,0.91103
anchor_de16_deep,task_obj_remove_410264,add_scarf,jpeg,77001,13.97733,0.66989,0.48317,0.21466,0.98431,0.20005,0.7847,0.80185
anchor_de16_deep,task_obj_remove_410264,garment_colour,blur,27001,22.49993,0.86759,0.2827,0.12019,0.56078,0.07499,0.97426,0.94472
anchor_de16_deep,task_obj_remove_410264,garment_colour,blur,87001,22.59788,0.88901,0.28774,0.11989,0.53333,0.07415,0.97173,0.93955
anchor_de16_deep,task_obj_remove_410264,garment_colour,crop_resize,47001,20.90079,0.85566,0.44723,0.19055,0.83922,0.09015,0.82706,0.90218
anchor_de16_deep,task_obj_remove_410264,garment_colour,crop_resize,97001,11.96805,0.70499,0.46266,0.19141,0.85098,0.25211,0.83359,0.93009
anchor_de16_deep,task_obj_remove_410264,garment_colour,identity,57001,15.25237,0.78231,0.4414,0.19242,0.76471,0.17274,0.92592,0.9412
anchor_de16_deep,task_obj_remove_410264,garment_colour,identity,107001,22.51939,0.87353,0.39801,0.18516,0.81961,0.07482,0.93441,0.92218
anchor_de16_deep,task_obj_remove_410264,garment_colour,jpeg,67001,22.23302,0.86949,0.40229,0.16423,0.77255,0.07733,0.93242,0.92408
anchor_de16_deep,task_obj_swap_rand_mask_79926,add_hat,blur,17001,20.80451,0.86415,0.40551,0.13765,0.61176,0.09115,0.91354,0.8272
anchor_de16_deep,task_obj_swap_rand_mask_79926,add_hat,blur,77001,21.64997,0.86205,0.397,0.13123,0.50196,0.0827,0.91931,0.80313
anchor_de16_deep,task_obj_swap_rand_mask_79926,add_hat,crop_resize,27001,20.99418,0.7635,0.44793,0.1596,0.76471,0.08918,0.90454,0.79242
anchor_de16_deep,task_obj_swap_rand_mask_79926,add_hat,crop_resize,87001,21.56584,0.78611,0.40752,0.1445,0.76863,0.0835,0.9123,0.75176
anchor_de16_deep,task_obj_swap_rand_mask_79926,add_hat,identity,47001,19.23825,0.77829,0.42548,0.14314,0.93725,0.10917,0.91586,0.82155
anchor_de16_deep,task_obj_swap_rand_mask_79926,add_hat,identity,97001,19.75801,0.80753,0.41645,0.13387,0.91765,0.10283,0.92176,0.84107
anchor_de16_deep,task_obj_swap_rand_mask_79926,add_hat,jpeg,57001,18.68225,0.77537,0.44632,0.15683,0.78824,0.11638,0.92302,0.85704
anchor_de16_deep,task_obj_swap_rand_mask_79926,add_hat,jpeg,107001,18.36806,0.75297,0.52323,0.16372,0.85882,0.12067,0.73821,0.83539
anchor_de16_deep,task_obj_swap_rand_mask_79926,add_scarf,blur,67001,16.7182,0.72614,0.44742,0.16629,0.97647,0.14591,0.92874,0.84794
anchor_de16_deep,task_obj_swap_rand_mask_79926,add_scarf,crop_resize,17001,16.46379,0.6828,0.43992,0.1727,0.98824,0.15025,0.84282,0.85588
anchor_de16_deep,task_obj_swap_rand_mask_79926,add_scarf,crop_resize,77001,17.51465,0.71975,0.42252,0.13498,0.99216,0.13313,0.93076,0.88245
anchor_de16_deep,task_obj_swap_rand_mask_79926,add_scarf,identity,27001,18.22108,0.73579,0.4394,0.15054,0.97647,0.12273,0.92009,0.86759
anchor_de16_deep,task_obj_swap_rand_mask_79926,add_scarf,identity,87001,19.17939,0.76157,0.42026,0.15226,0.9451,0.10991,0.92929,0.85577
anchor_de16_deep,task_obj_swap_rand_mask_79926,add_scarf,jpeg,47001,18.95707,0.76118,0.43398,0.16795,0.9451,0.11276,0.91905,0.8638
anchor_de16_deep,task_obj_swap_rand_mask_79926,add_scarf,jpeg,97001,16.65072,0.70146,0.45342,0.15646,1.0,0.14705,0.92323,0.91131
anchor_de16_deep,task_obj_swap_rand_mask_79926,garment_colour,blur,57001,22.50975,0.83289,0.22872,0.15428,0.58431,0.07491,0.9618,0.87186
anchor_de16_deep,task_obj_swap_rand_mask_79926,garment_colour,blur,107001,21.97581,0.81274,0.24049,0.15401,0.58824,0.07965,0.9614,0.87153
anchor_de16_deep,task_obj_swap_rand_mask_79926,garment_colour,crop_resize,67001,21.5431,0.78546,0.30131,0.17053,0.79608,0.08372,0.94294,0.8535
anchor_de16_deep,task_obj_swap_rand_mask_79926,garment_colour,identity,17001,21.61341,0.77742,0.26699,0.15859,0.78431,0.08305,0.95447,0.9081
anchor_de16_deep,task_obj_swap_rand_mask_79926,garment_colour,identity,77001,21.75048,0.78932,0.26668,0.15918,0.76471,0.08175,0.95795,0.89868
anchor_de16_deep,task_obj_swap_rand_mask_79926,garment_colour,jpeg,27001,21.67514,0.77983,0.27563,0.14808,0.74902,0.08246,0.95923,0.91713
anchor_de16_deep,task_obj_swap_rand_mask_79926,garment_colour,jpeg,87001,21.70492,0.77122,0.27385,0.14697,0.74118,0.08218,0.96258,0.92427
anchor_de16_free,task_env_weather_121086,add_hat,blur,47001,18.02956,0.74849,0.45012,0.24371,0.81961,0.12546,0.9351,0.91394
anchor_de16_free,task_env_weather_121086,add_hat,blur,97001,19.70182,0.74452,0.45362,0.24801,0.78039,0.10349,0.91595,0.83774
anchor_de16_free,task_env_weather_121086,add_hat,crop_resize,57001,19.037,0.68312,0.46108,0.23766,0.75686,0.11172,0.88942,0.82727
anchor_de16_free,task_env_weather_121086,add_hat,crop_resize,107001,19.71684,0.70609,0.44806,0.22706,0.83529,0.10331,0.92792,0.9045
anchor_de16_free,task_env_weather_121086,add_hat,identity,67001,18.21414,0.68979,0.44776,0.24229,0.83529,0.12283,0.898,0.88809
anchor_de16_free,task_env_weather_121086,add_hat,jpeg,17001,18.2586,0.70625,0.43743,0.24479,0.89412,0.1222,0.92785,0.854
anchor_de16_free,task_env_weather_121086,add_hat,jpeg,77001,16.46838,0.63515,0.48179,0.25021,0.84314,0.15017,0.9007,0.7896
anchor_de16_free,task_env_weather_121086,add_scarf,blur,27001,15.54562,0.58301,0.55415,0.2532,0.96863,0.167,0.82867,0.8269
anchor_de16_free,task_env_weather_121086,add_scarf,blur,87001,15.5837,0.61345,0.50957,0.2303,0.91373,0.16627,0.81528,0.80875
anchor_de16_free,task_env_weather_121086,add_scarf,crop_resize,47001,14.82762,0.52144,0.5424,0.2523,0.95686,0.18139,0.61191,0.68046
anchor_de16_free,task_env_weather_121086,add_scarf,crop_resize,97001,14.75967,0.50472,0.56053,0.24395,0.98039,0.18282,0.76241,0.79406
anchor_de16_free,task_env_weather_121086,add_scarf,identity,57001,16.19701,0.60179,0.52038,0.24099,0.93333,0.15493,0.80306,0.79755
anchor_de16_free,task_env_weather_121086,add_scarf,identity,107001,15.10088,0.55225,0.51982,0.22552,0.96471,0.17577,0.78234,0.77411
anchor_de16_free,task_env_weather_121086,add_scarf,jpeg,67001,18.80427,0.70338,0.43301,0.23263,0.77647,0.11476,0.93729,0.90937
anchor_de16_free,task_env_weather_121086,garment_colour,blur,17001,22.26561,0.80096,0.35413,0.21962,0.68235,0.07704,0.95323,0.94622
anchor_de16_free,task_env_weather_121086,garment_colour,blur,77001,20.69426,0.76023,0.35118,0.19353,0.71765,0.09232,0.94788,0.93891
anchor_de16_free,task_env_weather_121086,garment_colour,crop_resize,27001,19.13589,0.68789,0.35472,0.20375,0.67059,0.11046,0.91933,0.92372
anchor_de16_free,task_env_weather_121086,garment_colour,crop_resize,87001,20.61324,0.73276,0.35968,0.1593,0.70588,0.09318,0.94876,0.95212
anchor_de16_free,task_env_weather_121086,garment_colour,identity,47001,18.91502,0.70021,0.38628,0.22005,0.90196,0.1133,0.93692,0.92212
anchor_de16_free,task_env_weather_121086,garment_colour,identity,97001,20.86462,0.74144,0.36885,0.20832,0.9451,0.09052,0.93332,0.93423
anchor_de16_free,task_env_weather_121086,garment_colour,jpeg,57001,21.1839,0.74694,0.37537,0.21349,0.76471,0.08726,0.94124,0.90814
anchor_de16_free,task_env_weather_121086,garment_colour,jpeg,107001,21.09896,0.74665,0.37003,0.21629,0.84314,0.08812,0.94556,0.9165
anchor_de16_free,task_obj_remove_410264,add_hat,blur,67001,20.54601,0.88931,0.31684,0.15568,0.89804,0.09391,0.94272,0.92511
anchor_de16_free,task_obj_remove_410264,add_hat,crop_resize,17001,14.81805,0.68711,0.56102,0.20698,0.96863,0.18159,0.82446,0.81147
anchor_de16_free,task_obj_remove_410264,add_hat,crop_resize,77001,13.87606,0.6718,0.56425,0.2679,0.81961,0.20239,0.64683,0.67457
anchor_de16_free,task_obj_remove_410264,add_hat,identity,27001,16.58281,0.81553,0.38471,0.15982,0.89412,0.1482,0.74337,0.8215
anchor_de16_free,task_obj_remove_410264,add_hat,identity,87001,13.85861,0.72294,0.50422,0.24126,0.89412,0.2028,0.77268,0.75997
anchor_de16_free,task_obj_remove_410264,add_hat,jpeg,47001,16.31242,0.79728,0.41682,0.19754,0.91765,0.15289,0.72332,0.73856
anchor_de16_free,task_obj_remove_410264,add_hat,jpeg,97001,17.8739,0.8056,0.38745,0.18203,0.93333,0.12773,0.81157,0.79943
anchor_de16_free,task_obj_remove_410264,add_scarf,blur,57001,17.11254,0.80054,0.3942,0.1472,0.96471,0.13944,0.90012,0.95039
anchor_de16_free,task_obj_remove_410264,add_scarf,blur,107001,16.52372,0.79114,0.35422,0.15348,0.96863,0.14922,0.91999,0.95421
anchor_de16_free,task_obj_remove_410264,add_scarf,crop_resize,67001,13.15344,0.62801,0.5927,0.23376,0.99216,0.21995,0.78734,0.83847
anchor_de16_free,task_obj_remove_410264,add_scarf,identity,17001,14.48208,0.69999,0.51065,0.19785,1.0,0.18875,0.84447,0.91412
anchor_de16_free,task_obj_remove_410264,add_scarf,identity,77001,14.13061,0.7253,0.44093,0.20219,1.0,0.19655,0.85308,0.88053
anchor_de16_free,task_obj_remove_410264,add_scarf,jpeg,27001,16.72254,0.74786,0.40524,0.15443,0.89804,0.14584,0.89444,0.95276
anchor_de16_free,task_obj_remove_410264,add_scarf,jpeg,87001,16.11752,0.75053,0.39135,0.16047,0.9451,0.15636,0.88337,0.94842
anchor_de16_free,task_obj_remove_410264,garment_colour,blur,47001,13.72525,0.76391,0.43214,0.19419,0.81569,0.20594,0.88326,0.94064
anchor_de16_free,task_obj_remove_410264,garment_colour,blur,97001,13.91803,0.67373,0.47576,0.20314,0.74118,0.20142,0.78781,0.91241
anchor_de16_free,task_obj_remove_410264,garment_colour,crop_resize,57001,13.31911,0.76721,0.4566,0.16571,0.71373,0.2158,0.86453,0.95331
anchor_de16_free,task_obj_remove_410264,garment_colour,crop_resize,107001,8.1952,0.67158,0.57265,0.1973,0.97647,0.38926,0.92625,0.92698
anchor_de16_free,task_obj_remove_410264,garment_colour,identity,67001,13.34813,0.72825,0.42332,0.17811,0.83529,0.21508,0.89798,0.93516
anchor_de16_free,task_obj_remove_410264,garment_colour,jpeg,17001,13.63888,0.72522,0.37788,0.16456,0.76078,0.208,0.93164,0.94456
anchor_de16_free,task_obj_remove_410264,garment_colour,jpeg,77001,15.26065,0.79598,0.35944,0.1565,0.77255,0.17257,0.95336,0.95014
anchor_de16_free,task_obj_swap_rand_mask_79926,add_hat,blur,27001,18.11733,0.78769,0.27142,0.14632,0.58039,0.1242,0.90742,0.88119
anchor_de16_free,task_obj_swap_rand_mask_79926,add_hat,blur,87001,16.1022,0.72259,0.37843,0.19552,0.87451,0.15664,0.77594,0.73736
anchor_de16_free,task_obj_swap_rand_mask_79926,add_hat,crop_resize,47001,15.67369,0.69244,0.44482,0.21995,0.84314,0.16456,0.71111,0.71682
anchor_de16_free,task_obj_swap_rand_mask_79926,add_hat,crop_resize,97001,14.25126,0.58701,0.50852,0.24988,0.93725,0.19384,0.69389,0.74366
anchor_de16_free,task_obj_swap_rand_mask_79926,add_hat,identity,57001,17.98281,0.7953,0.28842,0.13973,0.85882,0.12614,0.9034,0.87893
anchor_de16_free,task_obj_swap_rand_mask_79926,add_hat,identity,107001,14.87127,0.65039,0.38834,0.1944,0.94902,0.18048,0.89765,0.85343
anchor_de16_free,task_obj_swap_rand_mask_79926,add_hat,jpeg,67001,17.99394,0.77708,0.29259,0.13874,0.86275,0.12598,0.92362,0.89412
anchor_de16_free,task_obj_swap_rand_mask_79926,add_scarf,blur,17001,15.17153,0.59608,0.31833,0.18009,0.98431,0.17435,0.91868,0.92181
anchor_de16_free,task_obj_swap_rand_mask_79926,add_scarf,blur,77001,16.36846,0.69373,0.28109,0.15387,0.89804,0.15191,0.95602,0.92125
anchor_de16_free,task_obj_swap_rand_mask_79926,add_scarf,crop_resize,27001,16.01029,0.67851,0.35201,0.16487,0.92157,0.1583,0.9165,0.89425
anchor_de16_free,task_obj_swap_rand_mask_79926,add_scarf,crop_resize,87001,15.26256,0.65244,0.33572,0.15393,0.98824,0.17253,0.91022,0.94939
anchor_de16_free,task_obj_swap_rand_mask_79926,add_scarf,identity,47001,14.74817,0.64395,0.42631,0.21894,0.97255,0.18306,0.80619,0.85905
anchor_de16_free,task_obj_swap_rand_mask_79926,add_scarf,identity,97001,14.96975,0.64927,0.34941,0.18334,1.0,0.17845,0.90988,0.91907
anchor_de16_free,task_obj_swap_rand_mask_79926,add_scarf,jpeg,57001,14.66729,0.64857,0.45027,0.22612,0.98824,0.18477,0.74564,0.76921
anchor_de16_free,task_obj_swap_rand_mask_79926,add_scarf,jpeg,107001,13.9879,0.57765,0.44324,0.21641,1.0,0.1998,0.67213,0.75689
anchor_de16_free,task_obj_swap_rand_mask_79926,garment_colour,blur,67001,20.03423,0.83454,0.19904,0.12693,0.68235,0.09961,0.96585,0.93021
anchor_de16_free,task_obj_swap_rand_mask_79926,garment_colour,crop_resize,17001,19.79282,0.77335,0.26485,0.15152,0.91373,0.10241,0.95468,0.90823
anchor_de16_free,task_obj_swap_rand_mask_79926,garment_colour,crop_resize,77001,20.05714,0.74541,0.26216,0.15043,0.82353,0.09934,0.95825,0.91342
anchor_de16_free,task_obj_swap_rand_mask_79926,garment_colour,identity,27001,20.41783,0.79691,0.2265,0.13459,0.99216,0.0953,0.95476,0.9204
anchor_de16_free,task_obj_swap_rand_mask_79926,garment_colour,identity,87001,20.47074,0.80289,0.21757,0.13068,0.97647,0.09472,0.958,0.92896
anchor_de16_free,task_obj_swap_rand_mask_79926,garment_colour,jpeg,47001,20.29163,0.79227,0.24267,0.12385,0.81961,0.0967,0.95769,0.91765
anchor_de16_free,task_obj_swap_rand_mask_79926,garment_colour,jpeg,97001,20.15546,0.7208,0.24865,0.1393,0.78824,0.09823,0.95283,0.91654
anchor_de16_out,task_env_weather_121086,add_hat,blur,57001,19.14335,0.76621,0.37745,0.17053,0.80784,0.11037,0.9029,0.89881
anchor_de16_out,task_env_weather_121086,add_hat,blur,107001,20.03814,0.80626,0.36841,0.17411,0.69804,0.09956,0.94782,0.92618
anchor_de16_out,task_env_weather_121086,add_hat,crop_resize,67001,17.05511,0.6345,0.4255,0.21101,0.88627,0.14036,0.77228,0.8105
anchor_de16_out,task_env_weather_121086,add_hat,identity,17001,18.53975,0.70927,0.38159,0.18668,0.80392,0.11831,0.92351,0.88002
anchor_de16_out,task_env_weather_121086,add_hat,identity,77001,17.46593,0.64603,0.40283,0.20144,0.88235,0.13388,0.85044,0.81524
anchor_de16_out,task_env_weather_121086,add_hat,jpeg,27001,18.98506,0.72957,0.37713,0.17527,0.74902,0.11239,0.79389,0.85234
anchor_de16_out,task_env_weather_121086,add_hat,jpeg,87001,19.09634,0.74162,0.37575,0.1724,0.75294,0.11096,0.91121,0.90269
anchor_de16_out,task_env_weather_121086,add_scarf,blur,47001,15.49043,0.65108,0.4843,0.24479,0.96863,0.16807,0.66956,0.69133
anchor_de16_out,task_env_weather_121086,add_scarf,blur,97001,17.73749,0.70337,0.43622,0.21472,0.84314,0.12976,0.83322,0.83947
anchor_de16_out,task_env_weather_121086,add_scarf,crop_resize,57001,15.33041,0.43715,0.5158,0.22308,0.92157,0.17119,0.74569,0.82614
anchor_de16_out,task_env_weather_121086,add_scarf,crop_resize,107001,15.29442,0.59647,0.45253,0.22121,1.0,0.1719,0.81028,0.77726
anchor_de16_out,task_env_weather_121086,add_scarf,identity,67001,15.76637,0.59336,0.49335,0.21653,0.93725,0.16281,0.77073,0.85042
anchor_de16_out,task_env_weather_121086,add_scarf,jpeg,17001,16.85658,0.69117,0.43079,0.19683,0.93725,0.14361,0.85379,0.90535
anchor_de16_out,task_env_weather_121086,add_scarf,jpeg,77001,16.90644,0.67004,0.45219,0.20898,0.89804,0.14278,0.87536,0.89876
anchor_de16_out,task_env_weather_121086,garment_colour,blur,27001,20.55275,0.81477,0.31153,0.17046,0.60784,0.09383,0.95923,0.96264
anchor_de16_out,task_env_weather_121086,garment_colour,blur,87001,20.40813,0.80985,0.31724,0.17161,0.54902,0.09541,0.96066,0.96186
anchor_de16_out,task_env_weather_121086,garment_colour,crop_resize,47001,14.77878,0.66286,0.40885,0.21958,0.86667,0.18242,0.94587,0.90483
anchor_de16_out,task_env_weather_121086,garment_colour,crop_resize,97001,19.64741,0.76156,0.34147,0.18221,0.85098,0.10414,0.93427,0.96314
anchor_de16_out,task_env_weather_121086,garment_colour,identity,57001,19.87657,0.74761,0.33526,0.17445,0.82353,0.10143,0.93947,0.96141
anchor_de16_out,task_env_weather_121086,garment_colour,identity,107001,19.83167,0.74237,0.33254,0.17502,0.78824,0.10196,0.93835,0.95904
anchor_de16_out,task_env_weather_121086,garment_colour,jpeg,67001,19.95845,0.76922,0.33022,0.1799,0.7098,0.10048,0.94655,0.95431
anchor_de16_out,task_obj_remove_410264,add_hat,blur,17001,18.42792,0.83699,0.41065,0.21086,0.8549,0.11984,0.794,0.84764
anchor_de16_out,task_obj_remove_410264,add_hat,blur,77001,18.34149,0.85265,0.35131,0.16777,0.88235,0.12104,0.77081,0.83878
anchor_de16_out,task_obj_remove_410264,add_hat,crop_resize,27001,16.80222,0.73674,0.46619,0.22097,0.89412,0.14451,0.78371,0.73386
anchor_de16_out,task_obj_remove_410264,add_hat,crop_resize,87001,18.06292,0.83559,0.4208,0.18177,0.91765,0.12498,0.71496,0.74225
anchor_de16_out,task_obj_remove_410264,add_hat,identity,47001,16.80579,0.76164,0.46065,0.18708,0.9098,0.14445,0.69804,0.73677
anchor_de16_out,task_obj_remove_410264,add_hat,identity,97001,14.70869,0.66345,0.52983,0.25543,0.93725,0.18389,0.68984,0.65225
anchor_de16_out,task_obj_remove_410264,add_hat,jpeg,57001,16.88511,0.77063,0.46989,0.20476,0.8902,0.14313,0.77144,0.77466
anchor_de16_out,task_obj_remove_410264,add_hat,jpeg,107001,20.04324,0.85844,0.37196,0.18028,0.87843,0.0995,0.88578,0.82699
anchor_de16_out,task_obj_remove_410264,add_scarf,blur,67001,15.58177,0.72616,0.38609,0.16466,0.99216,0.16631,0.91844,0.93278
anchor_de16_out,task_obj_remove_410264,add_scarf,crop_resize,17001,12.15494,0.55184,0.56919,0.20051,0.95686,0.24675,0.80387,0.9086
anchor_de16_out,task_obj_remove_410264,add_scarf,crop_resize,77001,15.05066,0.71964,0.38075,0.15558,0.96471,0.17679,0.93644,0.93528
anchor_de16_out,task_obj_remove_410264,add_scarf,identity,27001,14.86398,0.71209,0.37825,0.16688,0.95686,0.18063,0.96103,0.95061
anchor_de16_out,task_obj_remove_410264,add_scarf,identity,87001,14.12922,0.64849,0.44863,0.18338,0.98039,0.19658,0.81705,0.89643
anchor_de16_out,task_obj_remove_410264,add_scarf,jpeg,47001,17.0567,0.76607,0.35424,0.16442,0.98039,0.14033,0.94094,0.94651
anchor_de16_out,task_obj_remove_410264,add_scarf,jpeg,97001,15.93518,0.69797,0.41659,0.17401,0.9451,0.15968,0.91082,0.86175
anchor_de16_out,task_obj_remove_410264,garment_colour,blur,57001,11.80387,0.74276,0.44161,0.20546,0.88235,0.25693,0.93782,0.93022
anchor_de16_out,task_obj_remove_410264,garment_colour,blur,107001,14.67772,0.74375,0.4075,0.19324,0.66275,0.18455,0.88708,0.87947
anchor_de16_out,task_obj_remove_410264,garment_colour,crop_resize,67001,12.69939,0.73015,0.45781,0.2023,0.77647,0.23176,0.86064,0.89087
anchor_de16_out,task_obj_remove_410264,garment_colour,identity,17001,16.18293,0.779,0.39474,0.18977,0.74902,0.15519,0.95598,0.9202
anchor_de16_out,task_obj_remove_410264,garment_colour,identity,77001,16.20776,0.76874,0.4197,0.20965,0.83137,0.15474,0.92701,0.904
anchor_de16_out,task_obj_remove_410264,garment_colour,jpeg,27001,13.03641,0.69426,0.44798,0.23417,0.84706,0.22294,0.88328,0.84821
anchor_de16_out,task_obj_remove_410264,garment_colour,jpeg,87001,13.95845,0.73924,0.42771,0.21008,0.75686,0.20048,0.89565,0.84953
anchor_de16_out,task_obj_swap_rand_mask_79926,add_hat,blur,47001,17.47653,0.78678,0.30209,0.15021,0.67059,0.13371,0.9555,0.89614
anchor_de16_out,task_obj_swap_rand_mask_79926,add_hat,blur,97001,18.11424,0.78082,0.29732,0.15246,0.56471,0.12425,0.90305,0.83108
anchor_de16_out,task_obj_swap_rand_mask_79926,add_hat,crop_resize,57001,16.27988,0.72782,0.40694,0.21669,0.93333,0.15346,0.79019,0.79419
anchor_de16_out,task_obj_swap_rand_mask_79926,add_hat,crop_resize,107001,18.1756,0.76951,0.33851,0.15716,0.79216,0.12337,0.90011,0.84047
anchor_de16_out,task_obj_swap_rand_mask_79926,add_hat,identity,67001,18.18298,0.79034,0.28583,0.14566,0.94902,0.12327,0.9113,0.85748
anchor_de16_out,task_obj_swap_rand_mask_79926,add_hat,jpeg,17001,17.81576,0.75482,0.30808,0.14221,0.81176,0.12859,0.92457,0.89419
anchor_de16_out,task_obj_swap_rand_mask_79926,add_hat,jpeg,77001,18.09004,0.77101,0.30223,0.13566,0.86667,0.12459,0.91242,0.89236
anchor_de16_out,task_obj_swap_rand_mask_79926,add_scarf,blur,27001,16.21393,0.67311,0.28408,0.15293,1.0,0.15463,0.9303,0.91654
anchor_de16_out,task_obj_swap_rand_mask_79926,add_scarf,blur,87001,15.39093,0.71446,0.35898,0.18058,0.98824,0.17,0.81541,0.83924
anchor_de16_out,task_obj_swap_rand_mask_79926,add_scarf,crop_resize,47001,14.56083,0.64963,0.39139,0.18419,1.0,0.18705,0.87632,0.8771
anchor_de16_out,task_obj_swap_rand_mask_79926,add_scarf,crop_resize,97001,13.64934,0.5855,0.45437,0.21481,1.0,0.20775,0.74585,0.82214
anchor_de16_out,task_obj_swap_rand_mask_79926,add_scarf,identity,57001,14.71725,0.65091,0.44205,0.22506,0.98824,0.18371,0.74774,0.75677
anchor_de16_out,task_obj_swap_rand_mask_79926,add_scarf,identity,107001,14.34687,0.59719,0.43545,0.20994,1.0,0.19172,0.71761,0.8114
anchor_de16_out,task_obj_swap_rand_mask_79926,add_scarf,jpeg,67001,15.3822,0.63214,0.35878,0.17673,0.97647,0.17017,0.93209,0.88527
anchor_de16_out,task_obj_swap_rand_mask_79926,garment_colour,blur,17001,20.66541,0.83077,0.20871,0.1325,0.65882,0.09263,0.95853,0.90154
anchor_de16_out,task_obj_swap_rand_mask_79926,garment_colour,blur,77001,20.73082,0.82549,0.20695,0.12977,0.76471,0.09193,0.96026,0.91417
anchor_de16_out,task_obj_swap_rand_mask_79926,garment_colour,crop_resize,27001,20.45902,0.76103,0.2883,0.16682,0.78824,0.09485,0.94021,0.90419
anchor_de16_out,task_obj_swap_rand_mask_79926,garment_colour,crop_resize,87001,20.60373,0.75822,0.27504,0.15994,0.81569,0.09329,0.94288,0.90351
anchor_de16_out,task_obj_swap_rand_mask_79926,garment_colour,identity,47001,20.72701,0.80377,0.23426,0.13669,0.87451,0.09197,0.93998,0.91161
anchor_de16_out,task_obj_swap_rand_mask_79926,garment_colour,identity,97001,20.67346,0.73478,0.23969,0.14107,0.87059,0.09254,0.93517,0.90963
anchor_de16_out,task_obj_swap_rand_mask_79926,garment_colour,jpeg,57001,20.68528,0.76271,0.24613,0.13686,0.83922,0.09241,0.95579,0.91072
anchor_de16_out,task_obj_swap_rand_mask_79926,garment_colour,jpeg,107001,20.76788,0.76977,0.25222,0.1412,0.84314,0.09154,0.95061,0.90984
anchor_de16_out_tone,task_env_weather_121086,add_hat,blur,67001,16.90633,0.77091,0.32481,0.17322,0.79608,0.14279,0.95092,0.94421
anchor_de16_out_tone,task_env_weather_121086,add_hat,crop_resize,17001,15.12174,0.62984,0.38986,0.22658,0.80784,0.17535,0.88362,0.77293
anchor_de16_out_tone,task_env_weather_121086,add_hat,crop_resize,77001,16.20158,0.66084,0.3551,0.19722,0.85882,0.15485,0.88076,0.91617
anchor_de16_out_tone,task_env_weather_121086,add_hat,identity,27001,16.48099,0.69277,0.36464,0.20022,0.84314,0.14995,0.92885,0.78401
anchor_de16_out_tone,task_env_weather_121086,add_hat,identity,87001,16.72346,0.70742,0.34415,0.17963,0.82353,0.14582,0.94495,0.84504
anchor_de16_out_tone,task_env_weather_121086,add_hat,jpeg,47001,15.42117,0.68745,0.34501,0.20793,0.78431,0.16941,0.89937,0.92503
anchor_de16_out_tone,task_env_weather_121086,add_hat,jpeg,97001,16.38389,0.69406,0.34898,0.19272,0.74118,0.15164,0.91087,0.81402
anchor_de16_out_tone,task_env_weather_121086,add_scarf,blur,57001,14.93114,0.61254,0.40183,0.20676,0.92157,0.17924,0.86511,0.87801
anchor_de16_out_tone,task_env_weather_121086,add_scarf,blur,107001,14.18422,0.4871,0.49821,0.23424,0.90196,0.19534,0.7061,0.74031
anchor_de16_out_tone,task_env_weather_121086,add_scarf,crop_resize,67001,13.98039,0.44849,0.48891,0.21312,0.92549,0.19998,0.75599,0.74144
anchor_de16_out_tone,task_env_weather_121086,add_scarf,identity,17001,15.34364,0.6536,0.37618,0.21225,0.93725,0.17093,0.90754,0.91382
anchor_de16_out_tone,task_env_weather_121086,add_scarf,identity,77001,13.85897,0.56601,0.45277,0.20782,0.89412,0.20279,0.84165,0.87633
anchor_de16_out_tone,task_env_weather_121086,add_scarf,jpeg,27001,15.1906,0.62535,0.40242,0.21565,0.87451,0.17397,0.85555,0.8379
anchor_de16_out_tone,task_env_weather_121086,add_scarf,jpeg,87001,14.52861,0.60858,0.44601,0.23234,0.85882,0.18775,0.81359,0.84576
anchor_de16_out_tone,task_env_weather_121086,garment_colour,blur,47001,16.82446,0.71915,0.28378,0.18488,0.58431,0.14414,0.94498,0.95633
anchor_de16_out_tone,task_env_weather_121086,garment_colour,blur,97001,16.74529,0.71773,0.28299,0.18845,0.6549,0.14546,0.94782,0.95306
anchor_de16_out_tone,task_env_weather_121086,garment_colour,crop_resize,57001,16.90044,0.70159,0.29116,0.20151,0.74118,0.14288,0.93139,0.93976
anchor_de16_out_tone,task_env_weather_121086,garment_colour,crop_resize,107001,16.28393,0.67061,0.29637,0.20928,0.70588,0.15339,0.90943,0.94082
anchor_de16_out_tone,task_env_weather_121086,garment_colour,identity,67001,16.59521,0.6806,0.31333,0.2087,0.83137,0.14799,0.93525,0.95272
anchor_de16_out_tone,task_env_weather_121086,garment_colour,jpeg,17001,16.87357,0.70451,0.30295,0.20629,0.72549,0.14332,0.92133,0.96348
anchor_de16_out_tone,task_env_weather_121086,garment_colour,jpeg,77001,16.4949,0.68565,0.30877,0.21345,0.73725,0.14971,0.93467,0.95215
anchor_de16_out_tone,task_obj_remove_410264,add_hat,blur,27001,18.88721,0.8601,0.20212,0.11377,0.69804,0.11367,0.79706,0.89794
anchor_de16_out_tone,task_obj_remove_410264,add_hat,blur,87001,21.38614,0.91398,0.1653,0.06976,0.74902,0.08525,0.881,0.91972
anchor_de16_out_tone,task_obj_remove_410264,add_hat,crop_resize,47001,19.82476,0.88558,0.22188,0.1256,0.56078,0.10204,0.92893,0.8408
anchor_de16_out_tone,task_obj_remove_410264,add_hat,crop_resize,97001,17.88,0.85047,0.26531,0.15074,0.82353,0.12764,0.81186,0.79384
anchor_de16_out_tone,task_obj_remove_410264,add_hat,identity,57001,18.19742,0.84289,0.25456,0.15297,0.92549,0.12306,0.81995,0.86832
anchor_de16_out_tone,task_obj_remove_410264,add_hat,identity,107001,19.20829,0.85806,0.22141,0.13586,0.81176,0.10954,0.65138,0.81692
anchor_de16_out_tone,task_obj_remove_410264,add_hat,jpeg,67001,19.46349,0.8553,0.23332,0.11501,0.89412,0.10637,0.86209,0.92007
anchor_de16_out_tone,task_obj_remove_410264,add_scarf,blur,17001,16.8953,0.79263,0.25173,0.11019,0.9451,0.14297,0.94431,0.95202
anchor_de16_out_tone,task_obj_remove_410264,add_scarf,blur,77001,17.8036,0.80376,0.27353,0.13546,0.80784,0.12877,0.94806,0.94106
anchor_de16_out_tone,task_obj_remove_410264,add_scarf,crop_resize,27001,16.53878,0.76363,0.27751,0.14232,0.91765,0.14896,0.94878,0.95877
anchor_de16_out_tone,task_obj_remove_410264,add_scarf,crop_resize,87001,17.20639,0.78794,0.25714,0.12614,0.90196,0.13794,0.94475,0.90152
anchor_de16_out_tone,task_obj_remove_410264,add_scarf,identity,47001,16.87197,0.77214,0.30542,0.15212,1.0,0.14335,0.92659,0.94642
anchor_de16_out_tone,task_obj_remove_410264,add_scarf,identity,97001,14.96296,0.69002,0.34114,0.1592,0.96078,0.17859,0.77429,0.87982
anchor_de16_out_tone,task_obj_remove_410264,add_scarf,jpeg,57001,18.19376,0.813,0.25362,0.11482,0.97647,0.12312,0.96973,0.9768
anchor_de16_out_tone,task_obj_remove_410264,add_scarf,jpeg,107001,16.16505,0.76447,0.27397,0.11977,0.99608,0.15551,0.94001,0.97314
anchor_de16_out_tone,task_obj_remove_410264,garment_colour,blur,67001,20.33966,0.89151,0.15846,0.0938,0.4,0.09616,0.96172,0.96421
anchor_de16_out_tone,task_obj_remove_410264,garment_colour,crop_resize,17001,16.11107,0.81773,0.26185,0.15957,0.73333,0.15648,0.85604,0.90255
anchor_de16_out_tone,task_obj_remove_410264,garment_colour,crop_resize,77001,18.92319,0.86297,0.20111,0.13034,0.82745,0.1132,0.90163,0.911
anchor_de16_out_tone,task_obj_remove_410264,garment_colour,identity,27001,17.77752,0.83677,0.22809,0.14558,0.86667,0.12916,0.94094,0.94404
anchor_de16_out_tone,task_obj_remove_410264,garment_colour,identity,87001,17.58545,0.81807,0.22789,0.15053,0.86667,0.13205,0.9018,0.9293
anchor_de16_out_tone,task_obj_remove_410264,garment_colour,jpeg,47001,19.35781,0.844,0.23752,0.10531,0.74118,0.10767,0.94016,0.9675
anchor_de16_out_tone,task_obj_remove_410264,garment_colour,jpeg,97001,19.42679,0.83858,0.23642,0.10741,0.7451,0.10682,0.94598,0.96793
anchor_de16_out_tone,task_obj_swap_rand_mask_79926,add_hat,blur,57001,16.10363,0.74315,0.43131,0.18597,0.70588,0.15661,0.87472,0.7397
anchor_de16_out_tone,task_obj_swap_rand_mask_79926,add_hat,blur,107001,16.11819,0.7267,0.40904,0.17348,0.81569,0.15635,0.91843,0.90193
anchor_de16_out_tone,task_obj_swap_rand_mask_79926,add_hat,crop_resize,67001,14.70811,0.63452,0.5099,0.23931,0.96078,0.18391,0.68873,0.69716
anchor_de16_out_tone,task_obj_swap_rand_mask_79926,add_hat,identity,17001,15.15609,0.76016,0.42244,0.18872,0.8902,0.17466,0.89468,0.76836
anchor_de16_out_tone,task_obj_swap_rand_mask_79926,add_hat,identity,77001,15.91371,0.75644,0.39535,0.18287,0.93725,0.16007,0.88094,0.78948
anchor_de16_out_tone,task_obj_swap_rand_mask_79926,add_hat,jpeg,27001,15.98197,0.75642,0.3879,0.16616,0.84314,0.15882,0.90022,0.8366
anchor_de16_out_tone,task_obj_swap_rand_mask_79926,add_hat,jpeg,87001,13.72728,0.59781,0.55885,0.24738,0.90196,0.20589,0.71056,0.6716
anchor_de16_out_tone,task_obj_swap_rand_mask_79926,add_scarf,blur,47001,16.03651,0.71528,0.37023,0.17247,0.99216,0.15782,0.87982,0.84558
anchor_de16_out_tone,task_obj_swap_rand_mask_79926,add_scarf,blur,97001,14.80241,0.69139,0.38932,0.18951,0.99216,0.18192,0.86767,0.82388
anchor_de16_out_tone,task_obj_swap_rand_mask_79926,add_scarf,crop_resize,57001,14.18505,0.60383,0.47631,0.19525,1.0,0.19532,0.83305,0.81261
anchor_de16_out_tone,task_obj_swap_rand_mask_79926,add_scarf,crop_resize,107001,14.27363,0.61924,0.43563,0.20407,0.99216,0.19334,0.89674,0.81685
anchor_de16_out_tone,task_obj_swap_rand_mask_79926,add_scarf,identity,67001,14.78072,0.64824,0.42436,0.1929,1.0,0.18237,0.84314,0.78705
anchor_de16_out_tone,task_obj_swap_rand_mask_79926,add_scarf,jpeg,17001,15.76529,0.7062,0.37586,0.1721,0.93725,0.16283,0.91057,0.81783
anchor_de16_out_tone,task_obj_swap_rand_mask_79926,add_scarf,jpeg,77001,16.06324,0.69406,0.36535,0.17923,0.99608,0.15734,0.87694,0.85098
anchor_de16_out_tone,task_obj_swap_rand_mask_79926,garment_colour,blur,27001,16.52951,0.66459,0.26967,0.18809,0.68235,0.14912,0.95005,0.87678
anchor_de16_out_tone,task_obj_swap_rand_mask_79926,garment_colour,blur,87001,17.06822,0.6928,0.26613,0.18593,0.64706,0.14015,0.952,0.8767
anchor_de16_out_tone,task_obj_swap_rand_mask_79926,garment_colour,crop_resize,47001,16.16402,0.70503,0.3445,0.18569,0.74902,0.15552,0.93782,0.87679
anchor_de16_out_tone,task_obj_swap_rand_mask_79926,garment_colour,crop_resize,97001,16.09678,0.71979,0.34502,0.1929,0.81961,0.15673,0.93646,0.87253
anchor_de16_out_tone,task_obj_swap_rand_mask_79926,garment_colour,identity,57001,16.81888,0.68144,0.30244,0.18487,0.84314,0.14423,0.93794,0.87905
anchor_de16_out_tone,task_obj_swap_rand_mask_79926,garment_colour,identity,107001,17.29477,0.7349,0.29226,0.18379,0.86667,0.13654,0.93981,0.8729
anchor_de16_out_tone,task_obj_swap_rand_mask_79926,garment_colour,jpeg,67001,16.77804,0.69307,0.33113,0.16725,0.81569,0.14491,0.93861,0.88631
anchor_de16_rand_a,task_env_weather_121086,add_hat,blur,17001,25.72536,0.96756,0.22313,0.09135,0.63529,0.05173,0.976,0.97627
anchor_de16_rand_a,task_env_weather_121086,add_hat,blur,77001,23.34973,0.91822,0.25451,0.12462,0.7451,0.068,0.88656,0.91819
anchor_de16_rand_a,task_env_weather_121086,add_hat,crop_resize,27001,24.5081,0.94369,0.22087,0.10533,0.66667,0.05951,0.97681,0.9569
anchor_de16_rand_a,task_env_weather_121086,add_hat,crop_resize,87001,19.26006,0.87538,0.26574,0.14093,0.74902,0.10889,0.94804,0.93378
anchor_de16_rand_a,task_env_weather_121086,add_hat,identity,47001,18.17783,0.90184,0.21576,0.12108,0.89804,0.12334,0.93456,0.95022
anchor_de16_rand_a,task_env_weather_121086,add_hat,identity,97001,21.04255,0.88094,0.23879,0.12084,0.80784,0.08869,0.89266,0.84567
anchor_de16_rand_a,task_env_weather_121086,add_hat,jpeg,57001,24.20041,0.92178,0.20305,0.08764,0.65882,0.06166,0.95926,0.9757
anchor_de16_rand_a,task_env_weather_121086,add_hat,jpeg,107001,24.01909,0.90745,0.22153,0.09349,0.75294,0.06296,0.9506,0.94792
anchor_de16_rand_a,task_env_weather_121086,add_scarf,blur,67001,22.85378,0.92934,0.25474,0.12943,0.76078,0.072,0.95735,0.94853
anchor_de16_rand_a,task_env_weather_121086,add_scarf,crop_resize,17001,23.62043,0.92437,0.24002,0.1266,0.76078,0.06591,0.95767,0.97413
anchor_de16_rand_a,task_env_weather_121086,add_scarf,crop_resize,77001,20.7459,0.86502,0.28355,0.14319,0.87059,0.09177,0.95569,0.94392
anchor_de16_rand_a,task_env_weather_121086,add_scarf,identity,27001,23.75707,0.933,0.20245,0.10941,0.64706,0.06489,0.95416,0.97757
anchor_de16_rand_a,task_env_weather_121086,add_scarf,identity,87001,18.13967,0.76344,0.3227,0.15324,0.93333,0.12388,0.7673,0.82518
anchor_de16_rand_a,task_env_weather_121086,add_scarf,jpeg,47001,22.57201,0.89516,0.22773,0.10505,0.71373,0.07437,0.96084,0.97556
anchor_de16_rand_a,task_env_weather_121086,add_scarf,jpeg,97001,22.88999,0.90143,0.21428,0.10933,0.92941,0.0717,0.95282,0.97463
anchor_de16_rand_a,task_env_weather_121086,garment_colour,blur,57001,25.97186,0.96389,0.19274,0.09373,0.29412,0.05028,0.98069,0.9885
anchor_de16_rand_a,task_env_weather_121086,garment_colour,blur,107001,25.97541,0.96444,0.1901,0.09903,0.52157,0.05026,0.98073,0.99067
anchor_de16_rand_a,task_env_weather_121086,garment_colour,crop_resize,67001,14.71121,0.69215,0.21938,0.16887,0.77255,0.18384,0.89667,0.88031
anchor_de16_rand_a,task_env_weather_121086,garment_colour,identity,17001,26.44078,0.95405,0.15588,0.08002,0.52157,0.04764,0.96928,0.99236
anchor_de16_rand_a,task_env_weather_121086,garment_colour,identity,77001,25.75665,0.93819,0.16317,0.08953,0.75294,0.05154,0.97282,0.99247
anchor_de16_rand_a,task_env_weather_121086,garment_colour,jpeg,27001,25.51432,0.93335,0.17762,0.08107,0.60392,0.053,0.97384,0.99065
anchor_de16_rand_a,task_env_weather_121086,garment_colour,jpeg,87001,25.31215,0.93025,0.18092,0.0827,0.55294,0.05425,0.97179,0.99043
anchor_de16_rand_a,task_obj_remove_410264,add_hat,blur,47001,20.12224,0.90178,0.32047,0.12173,0.83137,0.0986,0.84262,0.89677
anchor_de16_rand_a,task_obj_remove_410264,add_hat,blur,97001,20.52706,0.88593,0.31966,0.12883,0.80784,0.09411,0.89405,0.92929
anchor_de16_rand_a,task_obj_remove_410264,add_hat,crop_resize,57001,19.19947,0.84875,0.39277,0.1591,0.86275,0.10965,0.89548,0.85611
anchor_de16_rand_a,task_obj_remove_410264,add_hat,crop_resize,107001,17.53139,0.81172,0.41228,0.16924,0.80392,0.13287,0.74967,0.80776
anchor_de16_rand_a,task_obj_remove_410264,add_hat,identity,67001,19.89523,0.86246,0.349,0.16166,0.98824,0.10121,0.67857,0.77265
anchor_de16_rand_a,task_obj_remove_410264,add_hat,jpeg,17001,16.40101,0.7941,0.45347,0.19912,0.83922,0.15134,0.65941,0.77721
anchor_de16_rand_a,task_obj_remove_410264,add_hat,jpeg,77001,20.39363,0.85601,0.37483,0.1447,0.9098,0.09557,0.75298,0.8283
anchor_de16_rand_a,task_obj_remove_410264,add_scarf,blur,27001,17.05951,0.77914,0.33844,0.13361,0.89804,0.14029,0.89598,0.90107
anchor_de16_rand_a,task_obj_remove_410264,add_scarf,blur,87001,16.24319,0.75232,0.35784,0.1307,0.90588,0.15411,0.87156,0.91724
anchor_de16_rand_a,task_obj_remove_410264,add_scarf,crop_resize,47001,12.94726,0.64571,0.49593,0.19458,0.99608,0.22524,0.83533,0.8776
anchor_de16_rand_a,task_obj_remove_410264,add_scarf,crop_resize,97001,16.00434,0.7491,0.40418,0.17176,0.97255,0.15841,0.94489,0.93095
anchor_de16_rand_a,task_obj_remove_410264,add_scarf,identity,57001,13.65576,0.70055,0.44914,0.18665,0.99608,0.20759,0.87189,0.8878
anchor_de16_rand_a,task_obj_remove_410264,add_scarf,identity,107001,15.98056,0.76463,0.37268,0.15349,1.0,0.15884,0.89242,0.89803
anchor_de16_rand_a,task_obj_remove_410264,add_scarf,jpeg,67001,15.10254,0.67959,0.44532,0.18211,0.98431,0.17574,0.84253,0.9038
anchor_de16_rand_a,task_obj_remove_410264,garment_colour,blur,17001,20.2602,0.90396,0.17423,0.09509,0.39608,0.09705,0.98106,0.98605
anchor_de16_rand_a,task_obj_remove_410264,garment_colour,blur,77001,23.37167,0.93201,0.16131,0.07705,0.38431,0.06783,0.97981,0.98463
anchor_de16_rand_a,task_obj_remove_410264,garment_colour,crop_resize,27001,10.89336,0.75316,0.37745,0.15568,0.77647,0.28532,0.85578,0.91953
anchor_de16_rand_a,task_obj_remove_410264,garment_colour,crop_resize,87001,19.88216,0.90003,0.18825,0.10092,0.55294,0.10137,0.947,0.96019
anchor_de16_rand_a,task_obj_remove_410264,garment_colour,identity,47001,20.82724,0.91791,0.18085,0.07709,0.62745,0.09092,0.97439,0.9849
anchor_de16_rand_a,task_obj_remove_410264,garment_colour,identity,97001,21.15996,0.90804,0.15162,0.07414,0.53333,0.0875,0.97568,0.98004
anchor_de16_rand_a,task_obj_remove_410264,garment_colour,jpeg,57001,21.40708,0.90062,0.2241,0.08377,0.60784,0.08504,0.9728,0.98318
anchor_de16_rand_a,task_obj_remove_410264,garment_colour,jpeg,107001,21.75615,0.8992,0.2363,0.08909,0.71765,0.08169,0.97113,0.97904
anchor_de16_rand_a,task_obj_swap_rand_mask_79926,add_hat,blur,67001,21.5193,0.90644,0.36704,0.12438,0.6902,0.08395,0.7863,0.82076
anchor_de16_rand_a,task_obj_swap_rand_mask_79926,add_hat,crop_resize,17001,18.55954,0.79288,0.40568,0.17896,0.9451,0.11804,0.76437,0.77002
anchor_de16_rand_a,task_obj_swap_rand_mask_79926,add_hat,crop_resize,77001,20.19851,0.83286,0.37994,0.14195,0.82353,0.09774,0.82289,0.80509
anchor_de16_rand_a,task_obj_swap_rand_mask_79926,add_hat,identity,27001,22.83535,0.92538,0.30786,0.11318,0.72941,0.07215,0.97268,0.94019
anchor_de16_rand_a,task_obj_swap_rand_mask_79926,add_hat,identity,87001,19.00404,0.81357,0.41253,0.14473,0.91373,0.11215,0.7929,0.77816
anchor_de16_rand_a,task_obj_swap_rand_mask_79926,add_hat,jpeg,47001,19.80433,0.82223,0.415,0.12888,0.78824,0.10228,0.83451,0.81814
anchor_de16_rand_a,task_obj_swap_rand_mask_79926,add_hat,jpeg,97001,20.6722,0.87012,0.3606,0.11388,0.82353,0.09255,0.97176,0.91351
anchor_de16_rand_a,task_obj_swap_rand_mask_79926,add_scarf,blur,57001,19.63785,0.84032,0.33919,0.11461,0.98431,0.10426,0.95859,0.94199
anchor_de16_rand_a,task_obj_swap_rand_mask_79926,add_scarf,blur,107001,18.19819,0.80557,0.35124,0.1176,1.0,0.12305,0.93071,0.92499
anchor_de16_rand_a,task_obj_swap_rand_mask_79926,add_scarf,crop_resize,67001,21.27933,0.87781,0.27274,0.1057,0.86667,0.0863,0.97213,0.9413
anchor_de16_rand_a,task_obj_swap_rand_mask_79926,add_scarf,identity,17001,19.80331,0.8704,0.28679,0.11324,0.94902,0.10229,0.9631,0.92106
anchor_de16_rand_a,task_obj_swap_rand_mask_79926,add_scarf,identity,77001,20.45515,0.88773,0.2824,0.1092,0.98824,0.09489,0.97416,0.94441
anchor_de16_rand_a,task_obj_swap_rand_mask_79926,add_scarf,jpeg,27001,18.62776,0.83178,0.34556,0.11108,1.0,0.11711,0.95838,0.9213
anchor_de16_rand_a,task_obj_swap_rand_mask_79926,add_scarf,jpeg,87001,21.48988,0.883,0.29328,0.09545,0.96078,0.08424,0.97661,0.95136
anchor_de16_rand_a,task_obj_swap_rand_mask_79926,garment_colour,blur,47001,21.83121,0.89783,0.14415,0.14504,0.50588,0.08099,0.97465,0.95107
anchor_de16_rand_a,task_obj_swap_rand_mask_79926,garment_colour,blur,97001,22.39804,0.91629,0.14589,0.14174,0.69412,0.07587,0.97627,0.95295
anchor_de16_rand_a,task_obj_swap_rand_mask_79926,garment_colour,crop_resize,57001,21.77304,0.8659,0.1622,0.1515,0.46667,0.08154,0.96347,0.95173
anchor_de16_rand_a,task_obj_swap_rand_mask_79926,garment_colour,crop_resize,107001,21.98523,0.89906,0.18008,0.15782,0.70588,0.07957,0.95844,0.95327
anchor_de16_rand_a,task_obj_swap_rand_mask_79926,garment_colour,identity,67001,21.78563,0.90593,0.16391,0.13322,0.80392,0.08142,0.97522,0.94526
anchor_de16_rand_a,task_obj_swap_rand_mask_79926,garment_colour,jpeg,17001,21.93875,0.87367,0.17696,0.12625,0.6902,0.07999,0.97581,0.95711
anchor_de16_rand_a,task_obj_swap_rand_mask_79926,garment_colour,jpeg,77001,21.77644,0.88975,0.16906,0.12969,0.63529,0.0815,0.97793,0.95547
anchor_de16_rand_b,task_env_weather_121086,add_hat,blur,27001,17.50651,0.84745,0.27615,0.14303,0.72157,0.13325,0.91451,0.93004
anchor_de16_rand_b,task_env_weather_121086,add_hat,blur,87001,17.25409,0.85094,0.27523,0.14141,0.78431,0.13718,0.94722,0.95322
anchor_de16_rand_b,task_env_weather_121086,add_hat,crop_resize,47001,17.87421,0.79345,0.27915,0.1527,0.8549,0.12773,0.9034,0.84991
anchor_de16_rand_b,task_env_weather_121086,add_hat,crop_resize,97001,16.96507,0.78096,0.29327,0.14613,0.87059,0.14182,0.92376,0.9359
anchor_de16_rand_b,task_env_weather_121086,add_hat,identity,57001,17.09806,0.79859,0.26989,0.14231,0.7451,0.13967,0.9224,0.94816
anchor_de16_rand_b,task_env_weather_121086,add_hat,identity,107001,16.88707,0.79713,0.28033,0.14302,0.7098,0.1431,0.90915,0.90092
anchor_de16_rand_b,task_env_weather_121086,add_hat,jpeg,67001,17.2211,0.81896,0.27104,0.14508,0.70588,0.1377,0.9422,0.96048
anchor_de16_rand_b,task_env_weather_121086,add_scarf,blur,17001,16.38493,0.81965,0.29566,0.16144,0.96863,0.15162,0.95919,0.9483
anchor_de16_rand_b,task_env_weather_121086,add_scarf,blur,77001,16.54393,0.78482,0.30363,0.15808,0.75294,0.14887,0.91978,0.90367
anchor_de16_rand_b,task_env_weather_121086,add_scarf,crop_resize,27001,12.86732,0.47249,0.54936,0.22102,1.0,0.22732,0.89657,0.89229
anchor_de16_rand_b,task_env_weather_121086,add_scarf,crop_resize,87001,13.16735,0.55766,0.48114,0.21803,1.0,0.2196,0.77467,0.87344
anchor_de16_rand_b,task_env_weather_121086,add_scarf,identity,47001,14.91145,0.67381,0.36697,0.1684,0.97255,0.17965,0.81742,0.84541
anchor_de16_rand_b,task_env_weather_121086,add_scarf,identity,97001,15.24355,0.68136,0.33827,0.1469,0.96863,0.17291,0.92968,0.90965
anchor_de16_rand_b,task_env_weather_121086,add_scarf,jpeg,57001,14.70897,0.64231,0.4109,0.20075,0.98039,0.18389,0.72223,0.77718
anchor_de16_rand_b,task_env_weather_121086,add_scarf,jpeg,107001,13.5086,0.54592,0.47747,0.20027,0.99608,0.21114,0.76256,0.76035
anchor_de16_rand_b,task_env_weather_121086,garment_colour,blur,67001,17.69489,0.83603,0.20619,0.12919,0.51765,0.13039,0.96044,0.97311
anchor_de16_rand_b,task_env_weather_121086,garment_colour,crop_resize,17001,17.75556,0.82557,0.20063,0.12937,0.78824,0.12949,0.95384,0.98072
anchor_de16_rand_b,task_env_weather_121086,garment_colour,crop_resize,77001,17.43685,0.82203,0.20297,0.1307,0.85098,0.13433,0.94452,0.9821
anchor_de16_rand_b,task_env_weather_121086,garment_colour,identity,27001,17.73347,0.8161,0.20194,0.12404,0.91373,0.12982,0.9561,0.96764
anchor_de16_rand_b,task_env_weather_121086,garment_colour,identity,87001,17.62535,0.81733,0.20786,0.12599,0.7098,0.13144,0.9407,0.96681
anchor_de16_rand_b,task_env_weather_121086,garment_colour,jpeg,47001,13.78025,0.70781,0.30024,0.16844,0.82353,0.20464,0.95729,0.96745
anchor_de16_rand_b,task_env_weather_121086,garment_colour,jpeg,97001,17.70833,0.81874,0.20926,0.13251,0.69412,0.13019,0.95763,0.97544
anchor_de16_rand_b,task_obj_remove_410264,add_hat,blur,57001,18.39548,0.85054,0.30235,0.15972,0.88627,0.12029,0.77969,0.80617
anchor_de16_rand_b,task_obj_remove_410264,add_hat,blur,107001,18.53071,0.87755,0.27526,0.13637,0.71373,0.11843,0.86845,0.88121
anchor_de16_rand_b,task_obj_remove_410264,add_hat,crop_resize,67001,17.99088,0.85719,0.29291,0.14474,0.6549,0.12602,0.8128,0.85379
anchor_de16_rand_b,task_obj_remove_410264,add_hat,identity,17001,17.42878,0.84722,0.29639,0.15623,0.94902,0.13445,0.89906,0.90052
anchor_de16_rand_b,task_obj_remove_410264,add_hat,identity,77001,16.39492,0.83315,0.30173,0.15756,0.96078,0.15144,0.87282,0.81579
anchor_de16_rand_b,task_obj_remove_410264,add_hat,jpeg,27001,17.099,0.81906,0.32771,0.15849,0.96863,0.13965,0.78141,0.80091
anchor_de16_rand_b,task_obj_remove_410264,add_hat,jpeg,87001,17.24805,0.83519,0.3535,0.17168,0.9098,0.13728,0.71222,0.77181
anchor_de16_rand_b,task_obj_remove_410264,add_scarf,blur,47001,17.37867,0.83588,0.28538,0.14779,0.86667,0.13523,0.90931,0.95121
anchor_de16_rand_b,task_obj_remove_410264,add_scarf,blur,97001,17.19509,0.83735,0.27685,0.13953,0.82745,0.13812,0.9509,0.96623
anchor_de16_rand_b,task_obj_remove_410264,add_scarf,crop_resize,57001,15.20766,0.72338,0.34304,0.15721,0.96471,0.17363,0.94152,0.95047
anchor_de16_rand_b,task_obj_remove_410264,add_scarf,crop_resize,107001,16.97917,0.80546,0.26777,0.11892,0.95294,0.14159,0.92176,0.9269
anchor_de16_rand_b,task_obj_remove_410264,add_scarf,identity,67001,15.94462,0.76176,0.34813,0.16082,0.96471,0.1595,0.90682,0.9241
anchor_de16_rand_b,task_obj_remove_410264,add_scarf,jpeg,17001,16.59275,0.77793,0.34464,0.15878,0.88627,0.14803,0.91832,0.93463
anchor_de16_rand_b,task_obj_remove_410264,add_scarf,jpeg,77001,14.64405,0.71357,0.39933,0.16615,1.0,0.18527,0.87252,0.85917
anchor_de16_rand_b,task_obj_remove_410264,garment_colour,blur,27001,17.57785,0.83749,0.21794,0.12084,0.53725,0.13216,0.97285,0.97209
anchor_de16_rand_b,task_obj_remove_410264,garment_colour,blur,87001,16.18683,0.81736,0.24037,0.13794,0.59608,0.15512,0.96411,0.97059
anchor_de16_rand_b,task_obj_remove_410264,garment_colour,crop_resize,47001,13.13657,0.74338,0.30269,0.17005,0.72157,0.22038,0.85322,0.92416
anchor_de16_rand_b,task_obj_remove_410264,garment_colour,crop_resize,97001,18.52992,0.85354,0.21268,0.11395,0.71373,0.11844,0.95636,0.96782
anchor_de16_rand_b,task_obj_remove_410264,garment_colour,identity,57001,18.77992,0.87378,0.21239,0.10762,0.65098,0.11508,0.97215,0.96493
anchor_de16_rand_b,task_obj_remove_410264,garment_colour,identity,107001,15.54294,0.78014,0.26837,0.15628,0.73333,0.16705,0.94501,0.92613
anchor_de16_rand_b,task_obj_remove_410264,garment_colour,jpeg,67001,18.23466,0.8534,0.25793,0.12202,0.80784,0.12254,0.95531,0.95853
anchor_de16_rand_b,task_obj_swap_rand_mask_79926,add_hat,blur,17001,16.27731,0.85013,0.27677,0.13021,0.58039,0.15351,0.92019,0.87598
anchor_de16_rand_b,task_obj_swap_rand_mask_79926,add_hat,blur,77001,16.68979,0.84176,0.28343,0.13658,0.68627,0.14639,0.93114,0.86484
anchor_de16_rand_b,task_obj_swap_rand_mask_79926,add_hat,crop_resize,27001,16.69968,0.74956,0.40341,0.19708,0.96078,0.14622,0.72472,0.73231
anchor_de16_rand_b,task_obj_swap_rand_mask_79926,add_hat,crop_resize,87001,17.86257,0.83406,0.28406,0.12094,0.76078,0.1279,0.94342,0.86971
anchor_de16_rand_b,task_obj_swap_rand_mask_79926,add_hat,identity,47001,16.17371,0.75936,0.37882,0.16506,0.90588,0.15535,0.79288,0.74
anchor_de16_rand_b,task_obj_swap_rand_mask_79926,add_hat,identity,97001,15.96431,0.80002,0.30893,0.14807,0.87059,0.15914,0.91847,0.87302
anchor_de16_rand_b,task_obj_swap_rand_mask_79926,add_hat,jpeg,57001,15.45415,0.72196,0.41245,0.17748,0.87059,0.16877,0.72255,0.75518
anchor_de16_rand_b,task_obj_swap_rand_mask_79926,add_hat,jpeg,107001,18.03391,0.83798,0.30156,0.11814,0.92157,0.1254,0.94745,0.90802
anchor_de16_rand_b,task_obj_swap_rand_mask_79926,add_scarf,blur,67001,15.10888,0.69554,0.38643,0.17032,1.0,0.17561,0.87735,0.86483
anchor_de16_rand_b,task_obj_swap_rand_mask_79926,add_scarf,crop_resize,17001,14.74851,0.63442,0.40593,0.18658,0.97255,0.18305,0.88786,0.85906
anchor_de16_rand_b,task_obj_swap_rand_mask_79926,add_scarf,crop_resize,77001,14.87251,0.66215,0.39028,0.14758,0.97647,0.18046,0.82124,0.82219
anchor_de16_rand_b,task_obj_swap_rand_mask_79926,add_scarf,identity,27001,16.04331,0.73717,0.35419,0.15253,0.98431,0.1577,0.8352,0.89808
anchor_de16_rand_b,task_obj_swap_rand_mask_79926,add_scarf,identity,87001,16.27928,0.74058,0.324,0.12914,0.99608,0.15347,0.89903,0.9095
anchor_de16_rand_b,task_obj_swap_rand_mask_79926,add_scarf,jpeg,47001,15.54018,0.68827,0.39652,0.17315,0.96471,0.16711,0.81823,0.88492
anchor_de16_rand_b,task_obj_swap_rand_mask_79926,add_scarf,jpeg,97001,14.7802,0.66612,0.38656,0.17184,1.0,0.18239,0.84758,0.82746
anchor_de16_rand_b,task_obj_swap_rand_mask_79926,garment_colour,blur,57001,20.12867,0.88393,0.13548,0.11055,0.7098,0.09853,0.97887,0.9553
anchor_de16_rand_b,task_obj_swap_rand_mask_79926,garment_colour,blur,107001,19.64224,0.87907,0.1404,0.11079,0.64706,0.1042,0.97766,0.95648
anchor_de16_rand_b,task_obj_swap_rand_mask_79926,garment_colour,crop_resize,67001,18.22855,0.80886,0.20188,0.11839,0.82353,0.12262,0.97157,0.949
anchor_de16_rand_b,task_obj_swap_rand_mask_79926,garment_colour,identity,17001,19.58072,0.85182,0.15782,0.11071,0.78431,0.10495,0.96424,0.95514
anchor_de16_rand_b,task_obj_swap_rand_mask_79926,garment_colour,identity,77001,19.753,0.86159,0.15559,0.10989,0.82745,0.10288,0.96608,0.96161
anchor_de16_rand_b,task_obj_swap_rand_mask_79926,garment_colour,jpeg,27001,19.63031,0.79631,0.19541,0.10477,0.72157,0.10435,0.96425,0.94362
anchor_de16_rand_b,task_obj_swap_rand_mask_79926,garment_colour,jpeg,87001,19.87017,0.80898,0.20138,0.10313,0.79216,0.10151,0.97166,0.95226
anchor_de16_rand_c,task_env_weather_121086,add_hat,blur,47001,20.28962,0.89103,0.29226,0.13631,0.66667,0.09672,0.94623,0.96518
anchor_de16_rand_c,task_env_weather_121086,add_hat,blur,97001,22.4712,0.90931,0.27197,0.12028,0.67843,0.07524,0.96549,0.95823
anchor_de16_rand_c,task_env_weather_121086,add_hat,crop_resize,57001,22.3481,0.86405,0.30309,0.13292,0.57647,0.07631,0.95316,0.92583
anchor_de16_rand_c,task_env_weather_121086,add_hat,crop_resize,107001,21.21637,0.855,0.28813,0.13266,0.80392,0.08693,0.94203,0.9615
anchor_de16_rand_c,task_env_weather_121086,add_hat,identity,67001,21.62132,0.87949,0.25601,0.11766,0.75294,0.08297,0.94035,0.97172
anchor_de16_rand_c,task_env_weather_121086,add_hat,jpeg,17001,21.82758,0.86239,0.27066,0.11444,0.69804,0.08103,0.96838,0.96576
anchor_de16_rand_c,task_env_weather_121086,add_hat,jpeg,77001,20.64643,0.80477,0.29005,0.13544,0.73725,0.09283,0.92123,0.94161
anchor_de16_rand_c,task_env_weather_121086,add_scarf,blur,27001,19.40228,0.82137,0.35292,0.15785,0.77647,0.10712,0.86592,0.92762
anchor_de16_rand_c,task_env_weather_121086,add_scarf,blur,87001,17.8047,0.74408,0.36765,0.16525,0.92549,0.12876,0.75323,0.8321
anchor_de16_rand_c,task_env_weather_121086,add_scarf,crop_resize,47001,15.20567,0.61454,0.41586,0.21077,0.98431,0.17367,0.5633,0.72347
anchor_de16_rand_c,task_env_weather_121086,add_scarf,crop_resize,97001,14.64261,0.55195,0.46054,0.2116,0.98039,0.1853,0.57061,0.72914
anchor_de16_rand_c,task_env_weather_121086,add_scarf,identity,57001,18.47068,0.75514,0.34376,0.13748,0.91373,0.11925,0.8263,0.86074
anchor_de16_rand_c,task_env_weather_121086,add_scarf,identity,107001,16.66828,0.67198,0.37218,0.17257,0.91373,0.14675,0.81296,0.78464
anchor_de16_rand_c,task_env_weather_121086,add_scarf,jpeg,67001,20.61046,0.83843,0.27797,0.1161,0.82745,0.09321,0.96474,0.96934
anchor_de16_rand_c,task_env_weather_121086,garment_colour,blur,17001,24.21557,0.92424,0.1872,0.09262,0.49804,0.06155,0.98059,0.98898
anchor_de16_rand_c,task_env_weather_121086,garment_colour,blur,77001,14.92303,0.7252,0.35377,0.18914,0.81569,0.17941,0.83751,0.8968
anchor_de16_rand_c,task_env_weather_121086,garment_colour,crop_resize,27001,19.95739,0.83995,0.17768,0.10849,0.72941,0.10049,0.95311,0.9435
anchor_de16_rand_c,task_env_weather_121086,garment_colour,crop_resize,87001,22.20576,0.86932,0.22118,0.09575,0.67059,0.07757,0.95704,0.9865
anchor_de16_rand_c,task_env_weather_121086,garment_colour,identity,47001,20.10384,0.86119,0.21806,0.10762,0.6549,0.09881,0.97472,0.9595
anchor_de16_rand_c,task_env_weather_121086,garment_colour,identity,97001,23.02673,0.88833,0.18771,0.08943,0.66275,0.07058,0.968,0.98964
anchor_de16_rand_c,task_env_weather_121086,garment_colour,jpeg,57001,22.90354,0.86816,0.21464,0.09073,0.83529,0.07159,0.97461,0.99024
anchor_de16_rand_c,task_env_weather_121086,garment_colour,jpeg,107001,22.77538,0.86449,0.20307,0.08932,0.74902,0.07265,0.98353,0.9906
anchor_de16_rand_c,task_obj_remove_410264,add_hat,blur,67001,19.42873,0.88776,0.32134,0.13701,0.86667,0.1068,0.84473,0.85976
anchor_de16_rand_c,task_obj_remove_410264,add_hat,crop_resize,17001,17.09763,0.8353,0.34863,0.16556,0.82353,0.13967,0.88872,0.83869
anchor_de16_rand_c,task_obj_remove_410264,add_hat,crop_resize,77001,18.91655,0.8524,0.32855,0.14145,0.87843,0.11329,0.84123,0.8164
anchor_de16_rand_c,task_obj_remove_410264,add_hat,identity,27001,16.00977,0.81523,0.35811,0.16281,0.91373,0.15831,0.72122,0.85232
anchor_de16_rand_c,task_obj_remove_410264,add_hat,identity,87001,17.25088,0.82131,0.3526,0.166,0.9098,0.13723,0.76309,0.73114
anchor_de16_rand_c,task_obj_remove_410264,add_hat,jpeg,47001,16.00545,0.80578,0.38292,0.1561,0.9451,0.15839,0.785,0.77848
anchor_de16_rand_c,task_obj_remove_410264,add_hat,jpeg,97001,16.22427,0.79012,0.38378,0.15692,0.89412,0.15445,0.78047,0.76863
anchor_de16_rand_c,task_obj_remove_410264,add_scarf,blur,57001,16.58575,0.78813,0.36922,0.15104,0.99216,0.14815,0.92712,0.94662
anchor_de16_rand_c,task_obj_remove_410264,add_scarf,blur,107001,15.41036,0.76558,0.40339,0.16679,0.96471,0.16962,0.94962,0.95964
anchor_de16_rand_c,task_obj_remove_410264,add_scarf,crop_resize,67001,16.14364,0.69357,0.44185,0.18915,0.92549,0.15589,0.79213,0.87279
anchor_de16_rand_c,task_obj_remove_410264,add_scarf,identity,17001,15.36432,0.75521,0.36985,0.13755,0.98824,0.17052,0.93333,0.92002
anchor_de16_rand_c,task_obj_remove_410264,add_scarf,identity,77001,14.5227,0.71349,0.38131,0.15971,1.0,0.18787,0.8804,0.91167
anchor_de16_rand_c,task_obj_remove_410264,add_scarf,jpeg,27001,16.47897,0.72792,0.37437,0.14368,0.85098,0.14999,0.79811,0.94035
anchor_de16_rand_c,task_obj_remove_410264,add_scarf,jpeg,87001,16.86628,0.76326,0.35954,0.12845,0.8902,0.14345,0.89077,0.95177
anchor_de16_rand_c,task_obj_remove_410264,garment_colour,blur,47001,19.93016,0.88506,0.17873,0.09809,0.67843,0.10081,0.97307,0.97963
anchor_de16_rand_c,task_obj_remove_410264,garment_colour,blur,97001,20.43224,0.87116,0.14815,0.0909,0.45098,0.09515,0.96368,0.97893
anchor_de16_rand_c,task_obj_remove_410264,garment_colour,crop_resize,57001,16.34141,0.82445,0.24165,0.12003,0.65098,0.15238,0.94658,0.96859
anchor_de16_rand_c,task_obj_remove_410264,garment_colour,crop_resize,107001,17.78578,0.81256,0.23116,0.12029,0.79608,0.12904,0.9142,0.94201
anchor_de16_rand_c,task_obj_remove_410264,garment_colour,identity,67001,18.19875,0.85915,0.21347,0.09896,0.74118,0.12304,0.9655,0.96353
anchor_de16_rand_c,task_obj_remove_410264,garment_colour,jpeg,17001,18.79973,0.84668,0.24577,0.09765,0.61569,0.11482,0.97123,0.97752
anchor_de16_rand_c,task_obj_remove_410264,garment_colour,jpeg,77001,18.17206,0.83239,0.2902,0.11019,0.7098,0.12342,0.95597,0.97007
anchor_de16_rand_c,task_obj_swap_rand_mask_79926,add_hat,blur,27001,18.90505,0.83327,0.43759,0.1454,0.64706,0.11344,0.76674,0.76921
anchor_de16_rand_c,task_obj_swap_rand_mask_79926,add_hat,blur,87001,18.26901,0.8174,0.44107,0.17311,0.67059,0.12205,0.75481,0.74386
anchor_de16_rand_c,task_obj_swap_rand_mask_79926,add_hat,crop_resize,47001,18.29456,0.80822,0.43631,0.18762,0.8902,0.12169,0.77749,0.83508
anchor_de16_rand_c,task_obj_swap_rand_mask_79926,add_hat,crop_resize,97001,17.92043,0.76527,0.46109,0.19248,0.93725,0.12705,0.78915,0.79866
anchor_de16_rand_c,task_obj_swap_rand_mask_79926,add_hat,identity,57001,19.40662,0.86571,0.36008,0.11377,0.81569,0.10707,0.95241,0.94039
anchor_de16_rand_c,task_obj_swap_rand_mask_79926,add_hat,identity,107001,20.66074,0.8774,0.43935,0.12191,0.92157,0.09268,0.79562,0.83062
anchor_de16_rand_c,task_obj_swap_rand_mask_79926,add_hat,jpeg,67001,19.50048,0.84476,0.41464,0.13498,0.81569,0.10592,0.76564,0.78588
anchor_de16_rand_c,task_obj_swap_rand_mask_79926,add_scarf,blur,17001,20.35134,0.88788,0.28771,0.11021,0.90588,0.09604,0.96172,0.95316
anchor_de16_rand_c,task_obj_swap_rand_mask_79926,add_scarf,blur,77001,22.86485,0.92954,0.24824,0.07923,0.8,0.0719,0.9686,0.96444
anchor_de16_rand_c,task_obj_swap_rand_mask_79926,add_scarf,crop_resize,27001,19.25245,0.83,0.33872,0.1243,0.90588,0.10899,0.93936,0.9175
anchor_de16_rand_c,task_obj_swap_rand_mask_79926,add_scarf,crop_resize,87001,20.68024,0.86404,0.30816,0.11498,0.98824,0.09247,0.97484,0.93612
anchor_de16_rand_c,task_obj_swap_rand_mask_79926,add_scarf,identity,47001,19.30663,0.8356,0.35392,0.12144,0.90588,0.10831,0.97423,0.93203
anchor_de16_rand_c,task_obj_swap_rand_mask_79926,add_scarf,identity,97001,19.97834,0.86351,0.31587,0.10589,0.94118,0.10025,0.96385,0.96788
anchor_de16_rand_c,task_obj_swap_rand_mask_79926,add_scarf,jpeg,57001,18.88041,0.82734,0.38646,0.11429,0.97647,0.11376,0.95665,0.94584
anchor_de16_rand_c,task_obj_swap_rand_mask_79926,add_scarf,jpeg,107001,18.81077,0.81941,0.37389,0.11379,0.98824,0.11467,0.89254,0.93693
anchor_de16_rand_c,task_obj_swap_rand_mask_79926,garment_colour,blur,67001,22.02293,0.81697,0.12571,0.1206,0.63137,0.07922,0.97614,0.96379
anchor_de16_rand_c,task_obj_swap_rand_mask_79926,garment_colour,crop_resize,17001,21.69982,0.84468,0.15545,0.12483,0.70196,0.08223,0.97008,0.95058
anchor_de16_rand_c,task_obj_swap_rand_mask_79926,garment_colour,crop_resize,77001,22.24275,0.86747,0.12693,0.10998,0.68235,0.07724,0.97369,0.94048
anchor_de16_rand_c,task_obj_swap_rand_mask_79926,garment_colour,identity,27001,21.74032,0.8178,0.13798,0.11477,0.8902,0.08184,0.97103,0.96375
anchor_de16_rand_c,task_obj_swap_rand_mask_79926,garment_colour,identity,87001,22.18424,0.82306,0.12564,0.10606,0.82353,0.07777,0.97499,0.9668
anchor_de16_rand_c,task_obj_swap_rand_mask_79926,garment_colour,jpeg,47001,22.26351,0.80503,0.1494,0.10119,0.75294,0.07706,0.97361,0.96135
anchor_de16_rand_c,task_obj_swap_rand_mask_79926,garment_colour,jpeg,97001,21.41508,0.8667,0.16614,0.10748,0.76078,0.08497,0.9736,0.9585
anchor_de16_tone,task_env_weather_121086,add_hat,blur,57001,16.49836,0.75055,0.3181,0.17838,0.81961,0.14965,0.94713,0.93354
anchor_de16_tone,task_env_weather_121086,add_hat,blur,107001,16.33604,0.75989,0.31375,0.19266,0.66275,0.15247,0.96475,0.93762
anchor_de16_tone,task_env_weather_121086,add_hat,crop_resize,67001,15.83824,0.67031,0.35279,0.19441,0.80784,0.16147,0.92071,0.82111
anchor_de16_tone,task_env_weather_121086,add_hat,identity,17001,16.40234,0.69815,0.32901,0.199,0.8,0.15132,0.93607,0.90145
anchor_de16_tone,task_env_weather_121086,add_hat,identity,77001,15.39583,0.6189,0.38228,0.21662,0.84706,0.16991,0.90298,0.85391
anchor_de16_tone,task_env_weather_121086,add_hat,jpeg,27001,16.07543,0.70128,0.33822,0.20787,0.73333,0.15712,0.92825,0.80211
anchor_de16_tone,task_env_weather_121086,add_hat,jpeg,87001,16.3729,0.7155,0.31863,0.18091,0.71373,0.15183,0.94633,0.91586
anchor_de16_tone,task_env_weather_121086,add_scarf,blur,47001,13.70143,0.60336,0.42258,0.23823,0.96078,0.2065,0.67667,0.7579
anchor_de16_tone,task_env_weather_121086,add_scarf,blur,97001,15.18528,0.68802,0.34886,0.19776,0.90196,0.17407,0.86797,0.90847
anchor_de16_tone,task_env_weather_121086,add_scarf,crop_resize,57001,14.88353,0.42102,0.48898,0.19583,0.91373,0.18023,0.84763,0.87894
anchor_de16_tone,task_env_weather_121086,add_scarf,crop_resize,107001,15.40445,0.58281,0.35551,0.16087,0.90588,0.16974,0.9211,0.92262
anchor_de16_tone,task_env_weather_121086,add_scarf,identity,67001,15.40188,0.65609,0.35007,0.20408,0.91373,0.16979,0.94198,0.94217
anchor_de16_tone,task_env_weather_121086,add_scarf,jpeg,17001,15.17194,0.6652,0.35568,0.2223,0.8902,0.17434,0.8822,0.93499
anchor_de16_tone,task_env_weather_121086,add_scarf,jpeg,77001,14.23774,0.61592,0.39973,0.21771,0.90588,0.19414,0.90234,0.92594
anchor_de16_tone,task_env_weather_121086,garment_colour,blur,27001,16.59977,0.72456,0.2696,0.1873,0.60392,0.14791,0.94403,0.95503
anchor_de16_tone,task_env_weather_121086,garment_colour,blur,87001,16.49652,0.72242,0.27366,0.18967,0.64706,0.14968,0.94267,0.95696
anchor_de16_tone,task_env_weather_121086,garment_colour,crop_resize,47001,15.02322,0.66835,0.31697,0.2257,0.69804,0.17735,0.92991,0.91639
anchor_de16_tone,task_env_weather_121086,garment_colour,crop_resize,97001,16.4299,0.69301,0.27805,0.199,0.6549,0.15084,0.91745,0.95358
anchor_de16_tone,task_env_weather_121086,garment_colour,identity,57001,16.49178,0.68172,0.29735,0.20695,0.88235,0.14977,0.92515,0.94861
anchor_de16_tone,task_env_weather_121086,garment_colour,identity,107001,16.37333,0.67199,0.29688,0.2145,0.86275,0.15182,0.93047,0.94823
anchor_de16_tone,task_env_weather_121086,garment_colour,jpeg,67001,16.23698,0.69251,0.29461,0.21558,0.82745,0.15422,0.91225,0.95848
anchor_de16_tone,task_obj_remove_410264,add_hat,blur,17001,18.9682,0.8614,0.18623,0.11233,0.78039,0.11261,0.84671,0.91952
anchor_de16_tone,task_obj_remove_410264,add_hat,blur,77001,20.03546,0.87708,0.16961,0.11405,0.85098,0.09959,0.8331,0.89395
anchor_de16_tone,task_obj_remove_410264,add_hat,crop_resize,27001,18.66257,0.8411,0.2179,0.12284,0.88235,0.11665,0.85229,0.81452
anchor_de16_tone,task_obj_remove_410264,add_hat,crop_resize,87001,19.28366,0.87033,0.23196,0.14362,0.72941,0.1086,0.83185,0.80912
anchor_de16_tone,task_obj_remove_410264,add_hat,identity,47001,19.58576,0.87059,0.2017,0.11537,0.85098,0.10488,0.78873,0.91815
anchor_de16_tone,task_obj_remove_410264,add_hat,identity,97001,17.79009,0.82452,0.24122,0.13515,0.9098,0.12897,0.79987,0.81555
anchor_de16_tone,task_obj_remove_410264,add_hat,jpeg,57001,18.76204,0.8338,0.2733,0.13046,0.89804,0.11532,0.7822,0.84361
anchor_de16_tone,task_obj_remove_410264,add_hat,jpeg,107001,19.76529,0.86505,0.23213,0.1031,0.81569,0.10274,0.89754,0.9218
anchor_de16_tone,task_obj_remove_410264,add_scarf,blur,67001,18.25705,0.80427,0.23914,0.11695,0.8549,0.12222,0.94318,0.9591
anchor_de16_tone,task_obj_remove_410264,add_scarf,crop_resize,17001,13.47323,0.63257,0.37351,0.17166,0.96078,0.212,0.87071,0.94756
anchor_de16_tone,task_obj_remove_410264,add_scarf,crop_resize,77001,17.60315,0.81423,0.2421,0.12496,0.9451,0.13178,0.92144,0.97286
anchor_de16_tone,task_obj_remove_410264,add_scarf,identity,27001,16.17656,0.75853,0.25487,0.13939,0.90588,0.1553,0.94456,0.95905
anchor_de16_tone,task_obj_remove_410264,add_scarf,identity,87001,14.15887,0.65474,0.3421,0.1536,0.97647,0.19591,0.88016,0.92343
anchor_de16_tone,task_obj_remove_410264,add_scarf,jpeg,47001,18.35301,0.80946,0.29076,0.1455,0.95294,0.12088,0.96092,0.96601
anchor_de16_tone,task_obj_remove_410264,add_scarf,jpeg,97001,15.72403,0.71415,0.31782,0.14154,0.92549,0.16361,0.89642,0.90515
anchor_de16_tone,task_obj_remove_410264,garment_colour,blur,57001,20.56557,0.89746,0.14107,0.09776,0.38039,0.0937,0.96435,0.96939
anchor_de16_tone,task_obj_remove_410264,garment_colour,blur,107001,20.04011,0.89127,0.14913,0.10092,0.41961,0.09954,0.95706,0.97244
anchor_de16_tone,task_obj_remove_410264,garment_colour,crop_resize,67001,12.36872,0.76916,0.32241,0.18312,0.88627,0.24075,0.8612,0.9056
anchor_de16_tone,task_obj_remove_410264,garment_colour,identity,17001,19.6088,0.87242,0.17932,0.10683,0.72549,0.10461,0.95194,0.96558
anchor_de16_tone,task_obj_remove_410264,garment_colour,identity,77001,19.35402,0.86709,0.18839,0.11545,0.73333,0.10772,0.95328,0.95585
anchor_de16_tone,task_obj_remove_410264,garment_colour,jpeg,27001,19.35835,0.84582,0.22787,0.11045,0.68235,0.10767,0.93495,0.96509
anchor_de16_tone,task_obj_remove_410264,garment_colour,jpeg,87001,19.5948,0.84574,0.227,0.10895,0.78431,0.10478,0.94521,0.96027
anchor_de16_tone,task_obj_swap_rand_mask_79926,add_hat,blur,47001,16.26451,0.75107,0.40342,0.17599,0.7451,0.15374,0.83805,0.82678
anchor_de16_tone,task_obj_swap_rand_mask_79926,add_hat,blur,97001,16.4233,0.8008,0.34466,0.17213,0.73333,0.15095,0.90393,0.77617
anchor_de16_tone,task_obj_swap_rand_mask_79926,add_hat,crop_resize,57001,14.94395,0.68235,0.52662,0.22217,0.90588,0.17898,0.78207,0.75166
anchor_de16_tone,task_obj_swap_rand_mask_79926,add_hat,crop_resize,107001,15.03751,0.687,0.48722,0.20855,0.74118,0.17706,0.7706,0.74579
anchor_de16_tone,task_obj_swap_rand_mask_79926,add_hat,identity,67001,15.62229,0.73608,0.41635,0.17647,0.88627,0.16553,0.76761,0.71681
anchor_de16_tone,task_obj_swap_rand_mask_79926,add_hat,jpeg,17001,15.15057,0.747,0.40404,0.1743,0.79608,0.17477,0.87067,0.78613
anchor_de16_tone,task_obj_swap_rand_mask_79926,add_hat,jpeg,77001,15.82619,0.7512,0.37782,0.17702,0.85882,0.16169,0.87575,0.8258
anchor_de16_tone,task_obj_swap_rand_mask_79926,add_scarf,blur,27001,14.79918,0.68013,0.37606,0.18644,1.0,0.18199,0.87933,0.78444
anchor_de16_tone,task_obj_swap_rand_mask_79926,add_scarf,blur,87001,16.47759,0.73788,0.34278,0.15941,0.97647,0.15001,0.88116,0.81571
anchor_de16_tone,task_obj_swap_rand_mask_79926,add_scarf,crop_resize,47001,15.80797,0.68968,0.36818,0.1638,0.97255,0.16203,0.90554,0.82474
anchor_de16_tone,task_obj_swap_rand_mask_79926,add_scarf,crop_resize,97001,14.37276,0.63434,0.40218,0.18787,0.99608,0.19114,0.88333,0.80487
anchor_de16_tone,task_obj_swap_rand_mask_79926,add_scarf,identity,57001,15.85999,0.68561,0.39495,0.17319,0.97255,0.16106,0.85592,0.7928
anchor_de16_tone,task_obj_swap_rand_mask_79926,add_scarf,identity,107001,14.7011,0.65623,0.38991,0.19012,1.0,0.18405,0.84879,0.79928
anchor_de16_tone,task_obj_swap_rand_mask_79926,add_scarf,jpeg,67001,14.84076,0.65776,0.41097,0.19353,1.0,0.18112,0.85482,0.839
anchor_de16_tone,task_obj_swap_rand_mask_79926,garment_colour,blur,17001,16.98268,0.68993,0.26729,0.19226,0.63137,0.14154,0.95125,0.88018
anchor_de16_tone,task_obj_swap_rand_mask_79926,garment_colour,blur,77001,16.99912,0.69593,0.25955,0.17506,0.77647,0.14127,0.94959,0.87522
anchor_de16_tone,task_obj_swap_rand_mask_79926,garment_colour,crop_resize,27001,15.82423,0.69545,0.33839,0.19137,0.81569,0.16173,0.92637,0.86849
anchor_de16_tone,task_obj_swap_rand_mask_79926,garment_colour,crop_resize,87001,15.66729,0.69498,0.34368,0.19306,0.86667,0.16468,0.9326,0.85057
anchor_de16_tone,task_obj_swap_rand_mask_79926,garment_colour,identity,47001,17.44555,0.76149,0.28843,0.17388,0.82353,0.13419,0.94607,0.86176
anchor_de16_tone,task_obj_swap_rand_mask_79926,garment_colour,identity,97001,16.46886,0.72236,0.32109,0.1847,0.87059,0.15016,0.93505,0.86118
anchor_de16_tone,task_obj_swap_rand_mask_79926,garment_colour,jpeg,57001,16.96626,0.68412,0.30319,0.15605,0.81176,0.1418,0.94431,0.90195
anchor_de16_tone,task_obj_swap_rand_mask_79926,garment_colour,jpeg,107001,17.31813,0.70875,0.29735,0.15267,0.76471,0.13617,0.94796,0.89683
anchor_de24_deep,task_env_weather_121086,add_hat,blur,67001,16.81645,0.72998,0.52215,0.22531,0.77647,0.14427,0.84893,0.88598
anchor_de24_deep,task_env_weather_121086,add_hat,crop_resize,17001,14.73983,0.61278,0.55364,0.26748,0.80784,0.18324,0.89147,0.8706
anchor_de24_deep,task_env_weather_121086,add_hat,crop_resize,77001,16.76814,0.70005,0.50596,0.24084,0.86667,0.14508,0.9201,0.93386
anchor_de24_deep,task_env_weather_121086,add_hat,identity,27001,15.99226,0.67619,0.5005,0.24658,0.85098,0.15863,0.88185,0.87569
anchor_de24_deep,task_env_weather_121086,add_hat,identity,87001,15.87011,0.68046,0.51084,0.24389,0.89804,0.16088,0.91599,0.83351
anchor_de24_deep,task_env_weather_121086,add_hat,jpeg,47001,15.59187,0.67421,0.52418,0.26593,0.88235,0.16611,0.87796,0.86511
anchor_de24_deep,task_env_weather_121086,add_hat,jpeg,97001,15.71286,0.66058,0.5232,0.24458,0.83529,0.16382,0.88976,0.83154
anchor_de24_deep,task_env_weather_121086,add_scarf,blur,57001,14.6481,0.54287,0.58082,0.2186,0.96471,0.18518,0.71689,0.80508
anchor_de24_deep,task_env_weather_121086,add_scarf,blur,107001,14.00517,0.52757,0.6108,0.23065,0.93725,0.19941,0.62034,0.73646
anchor_de24_deep,task_env_weather_121086,add_scarf,crop_resize,67001,12.58774,0.40681,0.68794,0.27693,1.0,0.23475,0.53236,0.64703
anchor_de24_deep,task_env_weather_121086,add_scarf,identity,17001,14.94997,0.64027,0.52273,0.23306,0.94118,0.17886,0.87047,0.86574
anchor_de24_deep,task_env_weather_121086,add_scarf,identity,77001,13.61509,0.58193,0.57295,0.25662,0.97647,0.20857,0.71022,0.76527
anchor_de24_deep,task_env_weather_121086,add_scarf,jpeg,27001,12.72863,0.49912,0.62713,0.27695,0.98824,0.23098,0.46907,0.64645
anchor_de24_deep,task_env_weather_121086,add_scarf,jpeg,87001,12.75078,0.51256,0.63036,0.239,1.0,0.23039,0.76786,0.73837
anchor_de24_deep,task_env_weather_121086,garment_colour,blur,47001,12.82487,0.55613,0.51988,0.25898,0.88235,0.22843,0.88411,0.88748
anchor_de24_deep,task_env_weather_121086,garment_colour,blur,97001,12.86936,0.54432,0.50019,0.25536,0.81176,0.22726,0.8811,0.89973
anchor_de24_deep,task_env_weather_121086,garment_colour,crop_resize,57001,17.01354,0.68616,0.47975,0.22532,0.95294,0.14103,0.92074,0.93005
anchor_de24_deep,task_env_weather_121086,garment_colour,crop_resize,107001,12.04655,0.48945,0.47831,0.26837,0.90196,0.24985,0.85706,0.89797
anchor_de24_deep,task_env_weather_121086,garment_colour,identity,67001,17.26607,0.69382,0.44528,0.21857,0.89412,0.13699,0.90287,0.92197
anchor_de24_deep,task_env_weather_121086,garment_colour,jpeg,17001,17.12549,0.68859,0.46355,0.23071,0.76471,0.13923,0.9144,0.89723
anchor_de24_deep,task_env_weather_121086,garment_colour,jpeg,77001,13.48319,0.55727,0.50356,0.25984,1.0,0.21176,0.80495,0.84812
anchor_de24_deep,task_obj_remove_410264,add_hat,blur,27001,19.46708,0.87037,0.36055,0.16947,0.78824,0.10633,0.76482,0.86343
anchor_de24_deep,task_obj_remove_410264,add_hat,blur,87001,21.32206,0.88986,0.35515,0.16387,0.79216,0.08588,0.86467,0.85308
anchor_de24_deep,task_obj_remove_410264,add_hat,crop_resize,47001,19.5279,0.88972,0.29745,0.1609,0.87451,0.10559,0.84789,0.89773
anchor_de24_deep,task_obj_remove_410264,add_hat,crop_resize,97001,20.38099,0.86554,0.31188,0.15711,0.73725,0.09571,0.82403,0.84786
anchor_de24_deep,task_obj_remove_410264,add_hat,identity,57001,16.25528,0.76496,0.41952,0.19242,0.88235,0.1539,0.77575,0.82343
anchor_de24_deep,task_obj_remove_410264,add_hat,identity,107001,16.03702,0.83761,0.30878,0.18326,0.81569,0.15782,0.89168,0.89685
anchor_de24_deep,task_obj_remove_410264,add_hat,jpeg,67001,19.59778,0.82995,0.40399,0.18446,0.90196,0.10474,0.66845,0.77157
anchor_de24_deep,task_obj_remove_410264,add_scarf,blur,17001,14.3894,0.7017,0.44439,0.1788,0.96471,0.19078,0.91533,0.91732
anchor_de24_deep,task_obj_remove_410264,add_scarf,blur,77001,16.32759,0.751,0.38644,0.17244,0.92157,0.15262,0.85023,0.91729
anchor_de24_deep,task_obj_remove_410264,add_scarf,crop_resize,27001,14.50057,0.67907,0.40301,0.165,0.96078,0.18835,0.94587,0.93648
anchor_de24_deep,task_obj_remove_410264,add_scarf,crop_resize,87001,13.68807,0.60911,0.48497,0.20386,0.89804,0.20682,0.81135,0.83141
anchor_de24_deep,task_obj_remove_410264,add_scarf,identity,47001,14.96819,0.67828,0.44463,0.17621,0.97647,0.17848,0.88786,0.90722
anchor_de24_deep,task_obj_remove_410264,add_scarf,identity,97001,13.13864,0.62331,0.43907,0.21045,0.97255,0.22033,0.80614,0.89821
anchor_de24_deep,task_obj_remove_410264,add_scarf,jpeg,57001,13.8981,0.61401,0.4698,0.19853,0.98431,0.20188,0.71337,0.87065
anchor_de24_deep,task_obj_remove_410264,add_scarf,jpeg,107001,15.2481,0.73059,0.36723,0.16747,0.99216,0.17282,0.91329,0.91902
anchor_de24_deep,task_obj_remove_410264,garment_colour,blur,67001,14.6075,0.78123,0.35237,0.16878,0.72941,0.18605,0.9518,0.93112
anchor_de24_deep,task_obj_remove_410264,garment_colour,crop_resize,17001,11.08989,0.73289,0.43635,0.21364,0.84314,0.27894,0.87306,0.92476
anchor_de24_deep,task_obj_remove_410264,garment_colour,crop_resize,77001,10.64695,0.69728,0.59888,0.24404,0.76863,0.29353,0.86498,0.90133
anchor_de24_deep,task_obj_remove_410264,garment_colour,identity,27001,14.52193,0.75809,0.33824,0.16121,0.80392,0.18789,0.9117,0.94455
anchor_de24_deep,task_obj_remove_410264,garment_colour,identity,87001,17.05217,0.81717,0.42178,0.20889,0.87451,0.14041,0.936,0.93557
anchor_de24_deep,task_obj_remove_410264,garment_colour,jpeg,47001,19.99894,0.84328,0.42434,0.19768,0.87451,0.10001,0.94475,0.92545
anchor_de24_deep,task_obj_remove_410264,garment_colour,jpeg,97001,17.16022,0.78874,0.346,0.15088,0.74902,0.13867,0.95174,0.94146
anchor_de24_deep,task_obj_swap_rand_mask_79926,add_hat,blur,57001,16.89604,0.71145,0.40865,0.20442,0.67451,0.14295,0.85577,0.75885
anchor_de24_deep,task_obj_swap_rand_mask_79926,add_hat,blur,107001,17.71893,0.74366,0.3985,0.19366,0.66667,0.13003,0.8296,0.89215
anchor_de24_deep,task_obj_swap_rand_mask_79926,add_hat,crop_resize,67001,17.02503,0.70324,0.48202,0.20767,0.85098,0.14085,0.86306,0.68972
anchor_de24_deep,task_obj_swap_rand_mask_79926,add_hat,identity,17001,17.34316,0.76844,0.38035,0.15047,0.89412,0.13578,0.89001,0.7797
anchor_de24_deep,task_obj_swap_rand_mask_79926,add_hat,identity,77001,18.10209,0.76193,0.37857,0.14441,0.89804,0.12442,0.87043,0.78907
anchor_de24_deep,task_obj_swap_rand_mask_79926,add_hat,jpeg,27001,18.71366,0.77198,0.3609,0.13693,0.88627,0.11596,0.8894,0.83716
anchor_de24_deep,task_obj_swap_rand_mask_79926,add_hat,jpeg,87001,18.57066,0.76793,0.38708,0.14553,0.88627,0.11789,0.91126,0.80957
anchor_de24_deep,task_obj_swap_rand_mask_79926,add_scarf,blur,47001,16.54938,0.67618,0.35553,0.18438,0.95686,0.14878,0.87319,0.76774
anchor_de24_deep,task_obj_swap_rand_mask_79926,add_scarf,blur,97001,15.87636,0.6644,0.36933,0.17979,0.98431,0.16076,0.86407,0.82643
anchor_de24_deep,task_obj_swap_rand_mask_79926,add_scarf,crop_resize,57001,14.58423,0.59673,0.45793,0.23312,1.0,0.18655,0.8695,0.84715
anchor_de24_deep,task_obj_swap_rand_mask_79926,add_scarf,crop_resize,107001,14.83002,0.57979,0.44108,0.20988,0.99216,0.18134,0.79416,0.78742
anchor_de24_deep,task_obj_swap_rand_mask_79926,add_scarf,identity,67001,16.28981,0.66992,0.39262,0.20352,1.0,0.15329,0.88742,0.78509
anchor_de24_deep,task_obj_swap_rand_mask_79926,add_scarf,jpeg,17001,15.45965,0.65432,0.38035,0.18701,0.99608,0.16866,0.87785,0.79415
anchor_de24_deep,task_obj_swap_rand_mask_79926,add_scarf,jpeg,77001,17.08994,0.6925,0.36054,0.17547,0.99216,0.1398,0.86862,0.83432
anchor_de24_deep,task_obj_swap_rand_mask_79926,garment_colour,blur,27001,18.35727,0.82468,0.29815,0.16022,0.62353,0.12082,0.9537,0.86748
anchor_de24_deep,task_obj_swap_rand_mask_79926,garment_colour,blur,87001,18.61389,0.82615,0.28245,0.15493,0.75686,0.1173,0.95363,0.88317
anchor_de24_deep,task_obj_swap_rand_mask_79926,garment_colour,crop_resize,47001,18.70447,0.77339,0.40636,0.16369,0.84314,0.11609,0.90492,0.80605
anchor_de24_deep,task_obj_swap_rand_mask_79926,garment_colour,crop_resize,97001,19.0786,0.75042,0.40421,0.16585,0.90196,0.11119,0.91303,0.78356
anchor_de24_deep,task_obj_swap_rand_mask_79926,garment_colour,identity,57001,18.67812,0.78687,0.32091,0.16531,0.93725,0.11644,0.94183,0.88722
anchor_de24_deep,task_obj_swap_rand_mask_79926,garment_colour,identity,107001,18.66725,0.79697,0.31107,0.16596,0.9098,0.11658,0.94759,0.89256
anchor_de24_deep,task_obj_swap_rand_mask_79926,garment_colour,jpeg,67001,19.00494,0.7539,0.35886,0.16483,0.87843,0.11214,0.94877,0.88965
anchor_de24_free,task_env_weather_121086,add_hat,blur,17001,15.18446,0.65942,0.54696,0.2674,0.70588,0.17409,0.9375,0.91861
anchor_de24_free,task_env_weather_121086,add_hat,blur,77001,14.37565,0.5781,0.57878,0.28045,0.75686,0.19108,0.9199,0.85295
anchor_de24_free,task_env_weather_121086,add_hat,crop_resize,27001,15.31852,0.62866,0.52428,0.2491,0.70196,0.17142,0.92529,0.90358
anchor_de24_free,task_env_weather_121086,add_hat,crop_resize,87001,15.07914,0.58113,0.52637,0.22234,0.76471,0.17621,0.88391,0.89271
anchor_de24_free,task_env_weather_121086,add_hat,identity,47001,14.57167,0.56583,0.53781,0.27074,0.96863,0.18682,0.91495,0.91793
anchor_de24_free,task_env_weather_121086,add_hat,identity,97001,15.12419,0.6208,0.52665,0.26836,0.84314,0.1753,0.93603,0.92744
anchor_de24_free,task_env_weather_121086,add_hat,jpeg,57001,14.6519,0.5685,0.54794,0.274,0.89412,0.1851,0.88825,0.85092
anchor_de24_free,task_env_weather_121086,add_hat,jpeg,107001,14.45049,0.57215,0.54939,0.27436,0.83922,0.18944,0.91543,0.82552
anchor_de24_free,task_env_weather_121086,add_scarf,blur,67001,13.19393,0.53675,0.58808,0.27276,0.92157,0.21893,0.86248,0.83154
anchor_de24_free,task_env_weather_121086,add_scarf,crop_resize,17001,12.90902,0.46482,0.58666,0.25801,1.0,0.22623,0.67591,0.70547
anchor_de24_free,task_env_weather_121086,add_scarf,crop_resize,77001,12.67512,0.48984,0.6121,0.25565,1.0,0.2324,0.78598,0.77888
anchor_de24_free,task_env_weather_121086,add_scarf,identity,27001,13.87595,0.53171,0.58555,0.26599,0.92157,0.2024,0.86154,0.86341
anchor_de24_free,task_env_weather_121086,add_scarf,identity,87001,12.9201,0.49802,0.58082,0.26375,0.99216,0.22594,0.74852,0.75085
anchor_de24_free,task_env_weather_121086,add_scarf,jpeg,47001,13.50962,0.50782,0.58574,0.25,0.96863,0.21111,0.78026,0.72861
anchor_de24_free,task_env_weather_121086,add_scarf,jpeg,97001,13.92262,0.52667,0.59369,0.24587,0.92549,0.20131,0.75105,0.82678
anchor_de24_free,task_env_weather_121086,garment_colour,blur,57001,15.86653,0.66922,0.44961,0.23701,0.59608,0.16094,0.93997,0.93715
anchor_de24_free,task_env_weather_121086,garment_colour,blur,107001,14.9589,0.63975,0.43956,0.24728,0.61961,0.17867,0.89374,0.93889
anchor_de24_free,task_env_weather_121086,garment_colour,crop_resize,67001,12.47372,0.51052,0.47985,0.25353,0.74118,0.23786,0.8324,0.86949
anchor_de24_free,task_env_weather_121086,garment_colour,identity,17001,15.12331,0.61977,0.42238,0.24309,0.68235,0.17532,0.85758,0.93693
anchor_de24_free,task_env_weather_121086,garment_colour,identity,77001,12.27703,0.49777,0.53478,0.25684,0.87843,0.2433,0.84033,0.89562
anchor_de24_free,task_env_weather_121086,garment_colour,jpeg,27001,14.38442,0.601,0.42429,0.22981,0.81176,0.19089,0.7661,0.88944
anchor_de24_free,task_env_weather_121086,garment_colour,jpeg,87001,14.43595,0.59624,0.42435,0.23196,0.79216,0.18976,0.78016,0.91063
anchor_de24_free,task_obj_remove_410264,add_hat,blur,47001,17.93404,0.83273,0.48242,0.22092,0.87843,0.12685,0.78804,0.74501
anchor_de24_free,task_obj_remove_410264,add_hat,blur,97001,17.17237,0.8336,0.51206,0.23742,0.86667,0.13848,0.76704,0.77606
anchor_de24_free,task_obj_remove_410264,add_hat,crop_resize,57001,17.26675,0.84303,0.46081,0.20334,0.93725,0.13698,0.86145,0.88125
anchor_de24_free,task_obj_remove_410264,add_hat,crop_resize,107001,13.64998,0.68905,0.54895,0.23293,0.98824,0.20773,0.73786,0.79888
anchor_de24_free,task_obj_remove_410264,add_hat,identity,67001,19.83661,0.87972,0.38559,0.1884,0.65882,0.1019,0.86904,0.8991
anchor_de24_free,task_obj_remove_410264,add_hat,jpeg,17001,18.31634,0.81761,0.4714,0.21674,0.8902,0.12139,0.73218,0.76085
anchor_de24_free,task_obj_remove_410264,add_hat,jpeg,77001,17.43911,0.81931,0.45117,0.20354,0.98431,0.13429,0.7844,0.81819
anchor_de24_free,task_obj_remove_410264,add_scarf,blur,27001,13.75378,0.69612,0.50139,0.20646,0.97647,0.20526,0.90549,0.86517
anchor_de24_free,task_obj_remove_410264,add_scarf,blur,87001,13.73333,0.68762,0.49487,0.20349,1.0,0.20575,0.88105,0.88669
anchor_de24_free,task_obj_remove_410264,add_scarf,crop_resize,47001,13.44102,0.60125,0.55859,0.19874,0.99608,0.21279,0.89505,0.91447
anchor_de24_free,task_obj_remove_410264,add_scarf,crop_resize,97001,13.06549,0.61223,0.5774,0.20715,0.97647,0.22219,0.88161,0.76936
anchor_de24_free,task_obj_remove_410264,add_scarf,identity,57001,13.17586,0.63397,0.51509,0.20185,0.99216,0.21939,0.86366,0.87618
anchor_de24_free,task_obj_remove_410264,add_scarf,identity,107001,13.23402,0.67211,0.45611,0.19525,1.0,0.21792,0.91387,0.90119
anchor_de24_free,task_obj_remove_410264,add_scarf,jpeg,67001,12.78962,0.64969,0.51114,0.21046,0.98431,0.22936,0.85506,0.92795
anchor_de24_free,task_obj_remove_410264,garment_colour,blur,17001,16.51296,0.78178,0.3686,0.17506,0.69804,0.1494,0.94295,0.94009
anchor_de24_free,task_obj_remove_410264,garment_colour,blur,77001,10.87189,0.70005,0.44634,0.22343,0.77647,0.28603,0.87653,0.8764
anchor_de24_free,task_obj_remove_410264,garment_colour,crop_resize,27001,12.685,0.70016,0.44579,0.20676,0.73725,0.23214,0.80767,0.8862
anchor_de24_free,task_obj_remove_410264,garment_colour,crop_resize,87001,12.93628,0.7477,0.43344,0.18888,0.76471,0.22552,0.84196,0.88576
anchor_de24_free,task_obj_remove_410264,garment_colour,identity,47001,13.35032,0.76989,0.41599,0.20501,0.87059,0.21502,0.88925,0.87251
anchor_de24_free,task_obj_remove_410264,garment_colour,identity,97001,17.41777,0.78757,0.35587,0.16037,0.69804,0.13462,0.95129,0.94161
anchor_de24_free,task_obj_remove_410264,garment_colour,jpeg,57001,14.16436,0.73352,0.43196,0.2103,0.78824,0.19579,0.92362,0.89208
anchor_de24_free,task_obj_remove_410264,garment_colour,jpeg,107001,13.55985,0.71157,0.46344,0.22177,0.84314,0.2099,0.86004,0.85387
anchor_de24_free,task_obj_swap_rand_mask_79926,add_hat,blur,67001,15.01603,0.6979,0.48429,0.23625,0.85098,0.1775,0.67638,0.70885
anchor_de24_free,task_obj_swap_rand_mask_79926,add_hat,crop_resize,17001,14.11445,0.70545,0.50542,0.22292,0.86667,0.19691,0.70569,0.73277
anchor_de24_free,task_obj_swap_rand_mask_79926,add_hat,crop_resize,77001,16.32345,0.76174,0.49805,0.20233,0.85882,0.1527,0.91523,0.82289
anchor_de24_free,task_obj_swap_rand_mask_79926,add_hat,identity,27001,17.01842,0.77512,0.41474,0.17688,0.86275,0.14095,0.90871,0.80157
anchor_de24_free,task_obj_swap_rand_mask_79926,add_hat,identity,87001,17.53009,0.76126,0.42429,0.17224,1.0,0.13289,0.9113,0.80725
anchor_de24_free,task_obj_swap_rand_mask_79926,add_hat,jpeg,47001,15.13252,0.67229,0.49205,0.21019,0.91765,0.17514,0.76396,0.71179
anchor_de24_free,task_obj_swap_rand_mask_79926,add_hat,jpeg,97001,17.04301,0.75674,0.42166,0.17773,0.92157,0.14056,0.87275,0.80925
anchor_de24_free,task_obj_swap_rand_mask_79926,add_scarf,blur,57001,14.67373,0.63459,0.45785,0.21839,1.0,0.18463,0.67586,0.69583
anchor_de24_free,task_obj_swap_rand_mask_79926,add_scarf,blur,107001,12.89647,0.55174,0.49239,0.2268,1.0,0.22656,0.69692,0.73245
anchor_de24_free,task_obj_swap_rand_mask_79926,add_scarf,crop_resize,67001,13.37319,0.60409,0.44715,0.20805,1.0,0.21446,0.82058,0.85743
anchor_de24_free,task_obj_swap_rand_mask_79926,add_scarf,identity,17001,14.09333,0.62537,0.41667,0.21419,0.99608,0.19739,0.88483,0.79625
anchor_de24_free,task_obj_swap_rand_mask_79926,add_scarf,identity,77001,14.27432,0.61542,0.43923,0.22354,0.98824,0.19332,0.85856,0.78047
anchor_de24_free,task_obj_swap_rand_mask_79926,add_scarf,jpeg,27001,15.68734,0.69419,0.36605,0.17642,0.98431,0.1643,0.9459,0.89875
anchor_de24_free,task_obj_swap_rand_mask_79926,add_scarf,jpeg,87001,15.46367,0.68311,0.37945,0.19104,1.0,0.16858,0.9442,0.89488
anchor_de24_free,task_obj_swap_rand_mask_79926,garment_colour,blur,47001,20.79962,0.86129,0.25268,0.12916,0.72941,0.0912,0.96467,0.90871
anchor_de24_free,task_obj_swap_rand_mask_79926,garment_colour,blur,97001,20.36868,0.84461,0.26422,0.13485,0.67843,0.09584,0.95574,0.89931
anchor_de24_free,task_obj_swap_rand_mask_79926,garment_colour,crop_resize,57001,20.0827,0.75461,0.33653,0.15219,0.77647,0.09905,0.95968,0.89043
anchor_de24_free,task_obj_swap_rand_mask_79926,garment_colour,crop_resize,107001,20.28139,0.79819,0.34441,0.14625,0.85882,0.09681,0.96109,0.88357
anchor_de24_free,task_obj_swap_rand_mask_79926,garment_colour,identity,67001,19.90508,0.77053,0.30423,0.14392,0.88627,0.1011,0.95188,0.90714
anchor_de24_free,task_obj_swap_rand_mask_79926,garment_colour,jpeg,17001,20.00749,0.79689,0.29922,0.14901,0.83922,0.09991,0.9486,0.91425
anchor_de24_free,task_obj_swap_rand_mask_79926,garment_colour,jpeg,77001,20.1409,0.77757,0.3,0.14648,0.78039,0.09839,0.95321,0.92163
anchor_de24_out,task_env_weather_121086,add_hat,blur,27001,18.97236,0.79373,0.40664,0.23068,0.75686,0.11256,0.90373,0.8344
anchor_de24_out,task_env_weather_121086,add_hat,blur,87001,17.82226,0.78321,0.42155,0.24776,0.75294,0.1285,0.93092,0.86813
anchor_de24_out,task_env_weather_121086,add_hat,crop_resize,47001,17.03313,0.68401,0.43605,0.23624,0.89412,0.14072,0.89192,0.90428
anchor_de24_out,task_env_weather_121086,add_hat,crop_resize,97001,16.36648,0.64406,0.46668,0.2458,0.8902,0.15194,0.87764,0.83229
anchor_de24_out,task_env_weather_121086,add_hat,identity,57001,16.77684,0.67719,0.46462,0.23927,0.85882,0.14493,0.86175,0.79681
anchor_de24_out,task_env_weather_121086,add_hat,identity,107001,16.60817,0.66966,0.45701,0.25147,0.91373,0.14777,0.85728,0.84148
anchor_de24_out,task_env_weather_121086,add_hat,jpeg,67001,14.9854,0.67583,0.46268,0.262,1.0,0.17813,0.87764,0.83363
anchor_de24_out,task_env_weather_121086,add_scarf,blur,17001,14.00247,0.65513,0.48532,0.26722,0.88235,0.19947,0.83509,0.87686
anchor_de24_out,task_env_weather_121086,add_scarf,blur,77001,14.23207,0.64311,0.4947,0.27575,0.85882,0.19427,0.77986,0.85672
anchor_de24_out,task_env_weather_121086,add_scarf,crop_resize,27001,11.93455,0.39617,0.6074,0.29302,0.99216,0.25309,0.73577,0.72316
anchor_de24_out,task_env_weather_121086,add_scarf,crop_resize,87001,12.03068,0.47272,0.55113,0.2648,0.94902,0.2503,0.78402,0.7634
anchor_de24_out,task_env_weather_121086,add_scarf,identity,47001,13.26736,0.54814,0.53347,0.26794,0.95686,0.21709,0.72408,0.75339
anchor_de24_out,task_env_weather_121086,add_scarf,identity,97001,12.92281,0.5518,0.52755,0.26371,0.99608,0.22587,0.76293,0.86276
anchor_de24_out,task_env_weather_121086,add_scarf,jpeg,57001,13.22076,0.5984,0.51415,0.26434,1.0,0.21825,0.74676,0.8131
anchor_de24_out,task_env_weather_121086,add_scarf,jpeg,107001,12.04651,0.43476,0.58906,0.2825,0.99608,0.24985,0.69997,0.74915
anchor_de24_out,task_env_weather_121086,garment_colour,blur,67001,16.17179,0.75282,0.33899,0.23088,0.52941,0.15539,0.92334,0.92658
anchor_de24_out,task_env_weather_121086,garment_colour,crop_resize,17001,15.57126,0.68865,0.35506,0.24306,0.80392,0.16651,0.90876,0.92754
anchor_de24_out,task_env_weather_121086,garment_colour,crop_resize,77001,13.45007,0.61029,0.36773,0.24593,0.88627,0.21257,0.8875,0.91774
anchor_de24_out,task_env_weather_121086,garment_colour,identity,27001,16.13976,0.69595,0.35661,0.22573,0.83137,0.15596,0.91393,0.92516
anchor_de24_out,task_env_weather_121086,garment_colour,identity,87001,15.75305,0.67746,0.36878,0.23509,0.92549,0.16306,0.90194,0.92192
anchor_de24_out,task_env_weather_121086,garment_colour,jpeg,47001,13.12729,0.6185,0.42853,0.2607,0.9451,0.22062,0.90711,0.89564
anchor_de24_out,task_env_weather_121086,garment_colour,jpeg,97001,15.71955,0.68215,0.35875,0.24189,0.89804,0.16369,0.89452,0.91438
anchor_de24_out,task_obj_remove_410264,add_hat,blur,57001,17.39545,0.82661,0.48643,0.23615,0.87059,0.13497,0.66509,0.71184
anchor_de24_out,task_obj_remove_410264,add_hat,blur,107001,17.81371,0.83755,0.44569,0.21972,0.86275,0.12862,0.79652,0.77711
anchor_de24_out,task_obj_remove_410264,add_hat,crop_resize,67001,18.43513,0.844,0.4241,0.17831,0.68627,0.11974,0.75977,0.79083
anchor_de24_out,task_obj_remove_410264,add_hat,identity,17001,16.69912,0.82795,0.45582,0.22227,0.96471,0.14623,0.73639,0.81046
anchor_de24_out,task_obj_remove_410264,add_hat,identity,77001,15.19666,0.73759,0.49841,0.23152,1.0,0.17385,0.70475,0.749
anchor_de24_out,task_obj_remove_410264,add_hat,jpeg,27001,17.09249,0.79953,0.48102,0.22966,0.93725,0.13976,0.76581,0.77367
anchor_de24_out,task_obj_remove_410264,add_hat,jpeg,87001,18.18726,0.79911,0.47886,0.22811,0.88235,0.12321,0.67073,0.68565
anchor_de24_out,task_obj_remove_410264,add_scarf,blur,47001,15.83817,0.76603,0.45547,0.16726,0.93725,0.16147,0.81827,0.9085
anchor_de24_out,task_obj_remove_410264,add_scarf,blur,97001,14.19877,0.68918,0.49714,0.22028,0.96471,0.19501,0.84366,0.91949
anchor_de24_out,task_obj_remove_410264,add_scarf,crop_resize,57001,12.85291,0.60124,0.55396,0.21759,0.99608,0.2277,0.86439,0.79899
anchor_de24_out,task_obj_remove_410264,add_scarf,crop_resize,107001,12.87301,0.61065,0.56546,0.19849,1.0,0.22717,0.78507,0.73447
anchor_de24_out,task_obj_remove_410264,add_scarf,identity,67001,12.47876,0.63506,0.49966,0.20707,0.98824,0.23772,0.8626,0.84005
anchor_de24_out,task_obj_remove_410264,add_scarf,jpeg,17001,13.09982,0.6553,0.51149,0.20161,0.98039,0.22131,0.8876,0.89216
anchor_de24_out,task_obj_remove_410264,add_scarf,jpeg,77001,13.43482,0.65838,0.52985,0.20855,1.0,0.21294,0.8123,0.8552
anchor_de24_out,task_obj_remove_410264,garment_colour,blur,27001,15.19697,0.74175,0.38711,0.20146,0.83137,0.17384,0.87737,0.88814
anchor_de24_out,task_obj_remove_410264,garment_colour,blur,87001,11.14874,0.70933,0.44136,0.21954,0.74118,0.27705,0.90398,0.88446
anchor_de24_out,task_obj_remove_410264,garment_colour,crop_resize,47001,13.03481,0.73595,0.44055,0.18827,0.85098,0.22298,0.85625,0.88099
anchor_de24_out,task_obj_remove_410264,garment_colour,crop_resize,97001,11.93339,0.63409,0.45725,0.22337,0.8,0.25312,0.8143,0.8767
anchor_de24_out,task_obj_remove_410264,garment_colour,identity,57001,12.52712,0.67587,0.41381,0.22374,0.92941,0.2364,0.86886,0.8518
anchor_de24_out,task_obj_remove_410264,garment_colour,identity,107001,13.01011,0.7136,0.43858,0.22539,0.89804,0.22361,0.87141,0.85685
anchor_de24_out,task_obj_remove_410264,garment_colour,jpeg,67001,13.37596,0.70874,0.46551,0.22354,0.83922,0.21439,0.85814,0.87368
anchor_de24_out,task_obj_swap_rand_mask_79926,add_hat,blur,17001,16.52944,0.76424,0.41086,0.16446,0.7451,0.14912,0.83348,0.75526
anchor_de24_out,task_obj_swap_rand_mask_79926,add_hat,blur,77001,16.1694,0.74868,0.39277,0.1553,0.72157,0.15543,0.90429,0.83303
anchor_de24_out,task_obj_swap_rand_mask_79926,add_hat,crop_resize,27001,15.30793,0.72321,0.50451,0.2392,0.92157,0.17163,0.75691,0.74892
anchor_de24_out,task_obj_swap_rand_mask_79926,add_hat,crop_resize,87001,17.92233,0.78438,0.4315,0.1725,0.83137,0.12702,0.8679,0.76607
anchor_de24_out,task_obj_swap_rand_mask_79926,add_hat,identity,47001,15.56457,0.7089,0.46196,0.19849,0.95294,0.16664,0.78561,0.73003
anchor_de24_out,task_obj_swap_rand_mask_79926,add_hat,identity,97001,15.94969,0.73075,0.449,0.1937,0.94118,0.15941,0.81764,0.72656
anchor_de24_out,task_obj_swap_rand_mask_79926,add_hat,jpeg,57001,13.39754,0.62188,0.50805,0.26291,0.92941,0.21386,0.66459,0.68645
anchor_de24_out,task_obj_swap_rand_mask_79926,add_hat,jpeg,107001,14.26872,0.65918,0.43778,0.20086,0.9451,0.19345,0.90057,0.88642
anchor_de24_out,task_obj_swap_rand_mask_79926,add_scarf,blur,67001,13.16182,0.61261,0.44317,0.20953,1.0,0.21974,0.79205,0.81321
anchor_de24_out,task_obj_swap_rand_mask_79926,add_scarf,crop_resize,17001,13.93835,0.55191,0.49159,0.23187,0.99608,0.20095,0.73572,0.79628
anchor_de24_out,task_obj_swap_rand_mask_79926,add_scarf,crop_resize,77001,12.91071,0.57423,0.46104,0.2098,1.0,0.22619,0.76558,0.83605
anchor_de24_out,task_obj_swap_rand_mask_79926,add_scarf,identity,27001,15.94739,0.69613,0.34139,0.16299,0.96471,0.15945,0.91309,0.8664
anchor_de24_out,task_obj_swap_rand_mask_79926,add_scarf,identity,87001,14.3694,0.65415,0.43146,0.20732,0.97647,0.19122,0.82122,0.82588
anchor_de24_out,task_obj_swap_rand_mask_79926,add_scarf,jpeg,47001,14.34791,0.6456,0.44719,0.23212,0.96863,0.19169,0.80796,0.84722
anchor_de24_out,task_obj_swap_rand_mask_79926,add_scarf,jpeg,97001,14.15554,0.61822,0.42448,0.19632,0.99216,0.19598,0.92192,0.87951
anchor_de24_out,task_obj_swap_rand_mask_79926,garment_colour,blur,57001,20.66669,0.83033,0.22484,0.12846,0.75686,0.09261,0.95277,0.9264
anchor_de24_out,task_obj_swap_rand_mask_79926,garment_colour,blur,107001,20.67951,0.83009,0.22791,0.12803,0.75294,0.09247,0.95045,0.93133
anchor_de24_out,task_obj_swap_rand_mask_79926,garment_colour,crop_resize,67001,20.19831,0.76699,0.29791,0.14634,0.73333,0.09774,0.95237,0.90408
anchor_de24_out,task_obj_swap_rand_mask_79926,garment_colour,identity,17001,20.1881,0.80146,0.25341,0.12897,0.96078,0.09786,0.94508,0.91797
anchor_de24_out,task_obj_swap_rand_mask_79926,garment_colour,identity,77001,20.23283,0.78532,0.25176,0.13383,0.93725,0.09735,0.9426,0.91803
anchor_de24_out,task_obj_swap_rand_mask_79926,garment_colour,jpeg,27001,20.25715,0.76603,0.26107,0.12974,0.82353,0.09708,0.94708,0.9185
anchor_de24_out,task_obj_swap_rand_mask_79926,garment_colour,jpeg,87001,20.47926,0.77812,0.24902,0.12449,0.81176,0.09463,0.95217,0.93129
anchor_de24_out_tone,task_env_weather_121086,add_hat,blur,47001,13.80816,0.69719,0.37373,0.21983,0.74902,0.20398,0.92893,0.89787
anchor_de24_out_tone,task_env_weather_121086,add_hat,blur,97001,13.67312,0.67983,0.38198,0.22912,0.71765,0.20718,0.89945,0.81602
anchor_de24_out_tone,task_env_weather_121086,add_hat,crop_resize,57001,14.34486,0.60372,0.38834,0.22432,0.7451,0.19176,0.90945,0.89085
anchor_de24_out_tone,task_env_weather_121086,add_hat,crop_resize,107001,13.73904,0.6063,0.37036,0.21706,0.8902,0.20561,0.88963,0.90477
anchor_de24_out_tone,task_env_weather_121086,add_hat,identity,67001,13.50718,0.53885,0.43521,0.22197,0.93725,0.21117,0.84966,0.78017
anchor_de24_out_tone,task_env_weather_121086,add_hat,jpeg,17001,12.8364,0.59531,0.38953,0.24381,0.92157,0.22813,0.80248,0.87784
anchor_de24_out_tone,task_env_weather_121086,add_hat,jpeg,77001,13.35704,0.56406,0.41042,0.26469,0.81961,0.21486,0.84911,0.82894
anchor_de24_out_tone,task_env_weather_121086,add_scarf,blur,27001,11.9919,0.45421,0.52352,0.2698,0.93725,0.25142,0.78682,0.82668
anchor_de24_out_tone,task_env_weather_121086,add_scarf,blur,87001,11.70891,0.43028,0.53488,0.27534,0.92549,0.25975,0.8253,0.75632
anchor_de24_out_tone,task_env_weather_121086,add_scarf,crop_resize,47001,11.59165,0.39371,0.54133,0.27734,0.98039,0.26328,0.61414,0.66188
anchor_de24_out_tone,task_env_weather_121086,add_scarf,crop_resize,97001,11.35423,0.42226,0.54328,0.27145,1.0,0.27058,0.71232,0.77186
anchor_de24_out_tone,task_env_weather_121086,add_scarf,identity,57001,11.89482,0.48728,0.49363,0.25475,1.0,0.25425,0.69235,0.79907
anchor_de24_out_tone,task_env_weather_121086,add_scarf,identity,107001,11.68343,0.37161,0.56265,0.25384,0.98431,0.26051,0.73329,0.75537
anchor_de24_out_tone,task_env_weather_121086,add_scarf,jpeg,67001,12.1682,0.49626,0.49685,0.2424,1.0,0.24637,0.73612,0.81002
anchor_de24_out_tone,task_env_weather_121086,garment_colour,blur,17001,13.31943,0.61274,0.30692,0.23074,0.6,0.21579,0.91376,0.92231
anchor_de24_out_tone,task_env_weather_121086,garment_colour,blur,77001,13.26802,0.59009,0.30728,0.2373,0.67843,0.21707,0.92249,0.91073
anchor_de24_out_tone,task_env_weather_121086,garment_colour,crop_resize,27001,12.8041,0.54128,0.30904,0.24364,0.7451,0.22898,0.88151,0.91602
anchor_de24_out_tone,task_env_weather_121086,garment_colour,crop_resize,87001,13.53411,0.59906,0.2961,0.19753,0.84314,0.21052,0.89596,0.9505
anchor_de24_out_tone,task_env_weather_121086,garment_colour,identity,47001,11.66044,0.47955,0.37575,0.24677,0.84314,0.2612,0.91496,0.90335
anchor_de24_out_tone,task_env_weather_121086,garment_colour,identity,97001,13.19213,0.5658,0.31492,0.23284,0.84706,0.21897,0.91359,0.90442
anchor_de24_out_tone,task_env_weather_121086,garment_colour,jpeg,57001,13.18781,0.57533,0.31114,0.24118,0.74118,0.21908,0.85514,0.91669
anchor_de24_out_tone,task_env_weather_121086,garment_colour,jpeg,107001,12.77766,0.52463,0.31785,0.25407,0.81569,0.22968,0.84544,0.90513
anchor_de24_out_tone,task_obj_remove_410264,add_hat,blur,67001,21.20329,0.90427,0.16745,0.09839,0.88235,0.08706,0.87526,0.89647
anchor_de24_out_tone,task_obj_remove_410264,add_hat,crop_resize,17001,18.37693,0.85318,0.22226,0.14302,0.76863,0.12055,0.93199,0.91953
anchor_de24_out_tone,task_obj_remove_410264,add_hat,crop_resize,77001,19.92206,0.88515,0.19542,0.10608,0.82353,0.1009,0.8234,0.82978
anchor_de24_out_tone,task_obj_remove_410264,add_hat,identity,27001,18.5004,0.85064,0.23389,0.12578,0.8549,0.11884,0.80535,0.8613
anchor_de24_out_tone,task_obj_remove_410264,add_hat,identity,87001,18.51704,0.85269,0.23799,0.14299,0.92157,0.11862,0.78583,0.8608
anchor_de24_out_tone,task_obj_remove_410264,add_hat,jpeg,47001,19.59804,0.84978,0.26631,0.11908,0.91373,0.10474,0.78728,0.79727
anchor_de24_out_tone,task_obj_remove_410264,add_hat,jpeg,97001,18.48074,0.83227,0.26873,0.12521,0.83137,0.11911,0.77897,0.85649
anchor_de24_out_tone,task_obj_remove_410264,add_scarf,blur,57001,18.57928,0.8549,0.1927,0.10636,0.98431,0.11777,0.97855,0.98403
anchor_de24_out_tone,task_obj_remove_410264,add_scarf,blur,107001,17.7341,0.82776,0.20774,0.11158,0.96078,0.12981,0.9482,0.97381
anchor_de24_out_tone,task_obj_remove_410264,add_scarf,crop_resize,67001,15.27964,0.70949,0.30597,0.14349,0.91373,0.17219,0.85848,0.9166
anchor_de24_out_tone,task_obj_remove_410264,add_scarf,identity,17001,15.24343,0.71436,0.30607,0.14376,0.96078,0.17291,0.89895,0.91787
anchor_de24_out_tone,task_obj_remove_410264,add_scarf,identity,77001,14.37776,0.69367,0.33309,0.14846,0.97255,0.19103,0.92418,0.89891
anchor_de24_out_tone,task_obj_remove_410264,add_scarf,jpeg,27001,16.0616,0.72913,0.31361,0.15173,0.95294,0.15737,0.94301,0.93658
anchor_de24_out_tone,task_obj_remove_410264,add_scarf,jpeg,87001,16.34519,0.71844,0.3081,0.13577,0.94902,0.15231,0.89027,0.94106
anchor_de24_out_tone,task_obj_remove_410264,garment_colour,blur,47001,19.56142,0.88763,0.15831,0.10505,0.53333,0.10518,0.95674,0.96742
anchor_de24_out_tone,task_obj_remove_410264,garment_colour,blur,97001,20.40806,0.89646,0.14222,0.09438,0.42745,0.09541,0.96456,0.97319
anchor_de24_out_tone,task_obj_remove_410264,garment_colour,crop_resize,57001,18.60075,0.85071,0.20951,0.12579,0.71765,0.11748,0.87479,0.91713
anchor_de24_out_tone,task_obj_remove_410264,garment_colour,crop_resize,107001,13.66455,0.77377,0.30901,0.17468,0.80392,0.20738,0.85655,0.90951
anchor_de24_out_tone,task_obj_remove_410264,garment_colour,identity,67001,19.49399,0.87321,0.18651,0.1136,0.76863,0.106,0.94665,0.96102
anchor_de24_out_tone,task_obj_remove_410264,garment_colour,jpeg,17001,19.84743,0.8497,0.22518,0.10391,0.78039,0.10177,0.92927,0.96833
anchor_de24_out_tone,task_obj_remove_410264,garment_colour,jpeg,77001,19.71895,0.84796,0.22638,0.10524,0.68627,0.10329,0.94225,0.96121
anchor_de24_out_tone,task_obj_swap_rand_mask_79926,add_hat,blur,27001,16.32742,0.79666,0.55322,0.19555,0.7451,0.15263,0.83739,0.69572
anchor_de24_out_tone,task_obj_swap_rand_mask_79926,add_hat,blur,87001,15.93609,0.74867,0.56443,0.20633,0.70196,0.15966,0.79247,0.72996
anchor_de24_out_tone,task_obj_swap_rand_mask_79926,add_hat,crop_resize,47001,16.21574,0.76601,0.54158,0.1879,0.75294,0.1546,0.90161,0.82895
anchor_de24_out_tone,task_obj_swap_rand_mask_79926,add_hat,crop_resize,97001,15.29017,0.6926,0.58464,0.2182,0.95294,0.17199,0.77428,0.76166
anchor_de24_out_tone,task_obj_swap_rand_mask_79926,add_hat,identity,57001,14.77701,0.70509,0.60136,0.19349,0.89804,0.18245,0.83913,0.71183
anchor_de24_out_tone,task_obj_swap_rand_mask_79926,add_hat,identity,107001,15.49219,0.71799,0.62152,0.16632,0.91373,0.16803,0.86068,0.89796
anchor_de24_out_tone,task_obj_swap_rand_mask_79926,add_hat,jpeg,67001,15.95386,0.7592,0.5535,0.16534,0.80392,0.15933,0.84772,0.77525
anchor_de24_out_tone,task_obj_swap_rand_mask_79926,add_scarf,blur,17001,16.0202,0.72772,0.51138,0.17733,0.95686,0.15812,0.88804,0.80353
anchor_de24_out_tone,task_obj_swap_rand_mask_79926,add_scarf,blur,77001,17.97705,0.79351,0.47572,0.15525,0.9098,0.12623,0.88025,0.83337
anchor_de24_out_tone,task_obj_swap_rand_mask_79926,add_scarf,crop_resize,27001,15.15944,0.69967,0.53432,0.17905,0.96078,0.17459,0.90359,0.85376
anchor_de24_out_tone,task_obj_swap_rand_mask_79926,add_scarf,crop_resize,87001,15.7185,0.67866,0.52567,0.15683,1.0,0.16371,0.93402,0.90621
anchor_de24_out_tone,task_obj_swap_rand_mask_79926,add_scarf,identity,47001,16.01893,0.68948,0.58444,0.18206,0.98039,0.15814,0.86046,0.78462
anchor_de24_out_tone,task_obj_swap_rand_mask_79926,add_scarf,identity,97001,15.92816,0.69914,0.55788,0.1645,1.0,0.15981,0.84526,0.83863
anchor_de24_out_tone,task_obj_swap_rand_mask_79926,add_scarf,jpeg,57001,15.80903,0.72083,0.58007,0.17027,0.97647,0.16201,0.92952,0.85942
anchor_de24_out_tone,task_obj_swap_rand_mask_79926,add_scarf,jpeg,107001,14.92905,0.67611,0.57584,0.18049,1.0,0.17929,0.84292,0.83536
anchor_de24_out_tone,task_obj_swap_rand_mask_79926,garment_colour,blur,67001,16.26605,0.60835,0.29035,0.20408,0.69412,0.15371,0.93469,0.79093
anchor_de24_out_tone,task_obj_swap_rand_mask_79926,garment_colour,crop_resize,17001,16.0039,0.63647,0.35511,0.23572,0.84314,0.15842,0.90547,0.82355
anchor_de24_out_tone,task_obj_swap_rand_mask_79926,garment_colour,crop_resize,77001,16.0611,0.6501,0.36349,0.22732,0.94118,0.15738,0.91066,0.83537
anchor_de24_out_tone,task_obj_swap_rand_mask_79926,garment_colour,identity,27001,16.44997,0.6172,0.32032,0.20002,0.85882,0.15049,0.9269,0.78054
anchor_de24_out_tone,task_obj_swap_rand_mask_79926,garment_colour,identity,87001,16.5796,0.63788,0.31876,0.18927,0.85098,0.14826,0.92954,0.78461
anchor_de24_out_tone,task_obj_swap_rand_mask_79926,garment_colour,jpeg,47001,16.28479,0.58527,0.33018,0.19232,0.85882,0.15338,0.93261,0.81171
anchor_de24_out_tone,task_obj_swap_rand_mask_79926,garment_colour,jpeg,97001,15.68664,0.65067,0.34723,0.19932,0.89804,0.16431,0.93027,0.82817
anchor_de24_rand_a,task_env_weather_121086,add_hat,blur,57001,19.5589,0.90216,0.40235,0.16015,0.78039,0.10521,0.95473,0.95074
anchor_de24_rand_a,task_env_weather_121086,add_hat,blur,107001,20.17568,0.91961,0.4124,0.16231,0.53333,0.098,0.96014,0.9236
anchor_de24_rand_a,task_env_weather_121086,add_hat,crop_resize,67001,19.29535,0.83362,0.40676,0.16427,0.85882,0.10845,0.93843,0.90766
anchor_de24_rand_a,task_env_weather_121086,add_hat,identity,17001,18.68357,0.84161,0.38132,0.16574,0.85098,0.11636,0.91624,0.92972
anchor_de24_rand_a,task_env_weather_121086,add_hat,identity,77001,17.62578,0.80555,0.39718,0.17552,0.87059,0.13143,0.89362,0.88859
anchor_de24_rand_a,task_env_weather_121086,add_hat,jpeg,27001,19.66549,0.85009,0.37871,0.16423,0.77255,0.10393,0.82381,0.91512
anchor_de24_rand_a,task_env_weather_121086,add_hat,jpeg,87001,20.00551,0.87703,0.36028,0.15286,0.60784,0.09994,0.93754,0.93085
anchor_de24_rand_a,task_env_weather_121086,add_scarf,blur,47001,15.61617,0.68787,0.48,0.19006,0.91373,0.16565,0.6898,0.70282
anchor_de24_rand_a,task_env_weather_121086,add_scarf,blur,97001,16.34933,0.70036,0.42849,0.18735,0.96078,0.15224,0.63159,0.66563
anchor_de24_rand_a,task_env_weather_121086,add_scarf,crop_resize,57001,13.60411,0.5416,0.56907,0.22454,0.98431,0.20883,0.77687,0.75715
anchor_de24_rand_a,task_env_weather_121086,add_scarf,crop_resize,107001,15.22223,0.6641,0.48347,0.212,0.96471,0.17334,0.85818,0.89368
anchor_de24_rand_a,task_env_weather_121086,add_scarf,identity,67001,19.31793,0.86526,0.356,0.18018,0.89804,0.10817,0.90116,0.94153
anchor_de24_rand_a,task_env_weather_121086,add_scarf,jpeg,17001,18.76121,0.81044,0.37582,0.19451,0.8902,0.11533,0.89216,0.91576
anchor_de24_rand_a,task_env_weather_121086,add_scarf,jpeg,77001,17.22051,0.76262,0.42013,0.16949,0.93333,0.13771,0.88631,0.91228
anchor_de24_rand_a,task_env_weather_121086,garment_colour,blur,27001,13.12368,0.6337,0.4325,0.23022,0.81176,0.22071,0.80268,0.89195
anchor_de24_rand_a,task_env_weather_121086,garment_colour,blur,87001,22.14831,0.92588,0.33001,0.14604,0.41961,0.07809,0.96269,0.96959
anchor_de24_rand_a,task_env_weather_121086,garment_colour,crop_resize,47001,15.68725,0.77927,0.26118,0.16011,0.75294,0.1643,0.91177,0.89792
anchor_de24_rand_a,task_env_weather_121086,garment_colour,crop_resize,97001,13.77546,0.66193,0.23238,0.1822,0.81961,0.20475,0.88665,0.8766
anchor_de24_rand_a,task_env_weather_121086,garment_colour,identity,57001,21.94598,0.90674,0.28725,0.13972,0.79608,0.07993,0.94076,0.96893
anchor_de24_rand_a,task_env_weather_121086,garment_colour,identity,107001,17.00359,0.84317,0.24881,0.18048,0.86275,0.1412,0.78931,0.75477
anchor_de24_rand_a,task_env_weather_121086,garment_colour,jpeg,67001,22.87102,0.89309,0.24746,0.11558,0.55294,0.07185,0.95923,0.975
anchor_de24_rand_a,task_obj_remove_410264,add_hat,blur,17001,14.14153,0.68226,0.55637,0.22856,0.87843,0.1963,0.65991,0.77348
anchor_de24_rand_a,task_obj_remove_410264,add_hat,blur,77001,16.89136,0.81159,0.48046,0.20209,0.90588,0.14303,0.70864,0.83297
anchor_de24_rand_a,task_obj_remove_410264,add_hat,crop_resize,27001,14.71535,0.72943,0.533,0.24558,0.83529,0.18375,0.80537,0.79051
anchor_de24_rand_a,task_obj_remove_410264,add_hat,crop_resize,87001,15.15452,0.71862,0.56282,0.24613,0.9098,0.17469,0.62169,0.65975
anchor_de24_rand_a,task_obj_remove_410264,add_hat,identity,47001,14.38329,0.69745,0.59054,0.23838,0.97255,0.19091,0.64538,0.71303
anchor_de24_rand_a,task_obj_remove_410264,add_hat,identity,97001,13.08579,0.63701,0.58816,0.25664,0.96863,0.22167,0.61293,0.68147
anchor_de24_rand_a,task_obj_remove_410264,add_hat,jpeg,57001,13.48187,0.66181,0.61313,0.23217,0.98431,0.21179,0.68577,0.77615
anchor_de24_rand_a,task_obj_remove_410264,add_hat,jpeg,107001,15.41567,0.75809,0.53028,0.2327,0.96078,0.16952,0.57556,0.69437
anchor_de24_rand_a,task_obj_remove_410264,add_scarf,blur,67001,12.80277,0.60359,0.52929,0.21573,1.0,0.22901,0.7765,0.86351
anchor_de24_rand_a,task_obj_remove_410264,add_scarf,crop_resize,17001,9.0399,0.35106,0.75731,0.27596,1.0,0.35319,0.68183,0.85291
anchor_de24_rand_a,task_obj_remove_410264,add_scarf,crop_resize,77001,11.38255,0.57064,0.62825,0.23641,1.0,0.26969,0.75384,0.77284
anchor_de24_rand_a,task_obj_remove_410264,add_scarf,identity,27001,13.21966,0.65555,0.5064,0.20308,0.98431,0.21828,0.82252,0.85857
anchor_de24_rand_a,task_obj_remove_410264,add_scarf,identity,87001,12.26494,0.59277,0.5592,0.22287,1.0,0.24364,0.72265,0.7579
anchor_de24_rand_a,task_obj_remove_410264,add_scarf,jpeg,47001,12.06228,0.60428,0.53873,0.22805,0.99216,0.24939,0.75472,0.79989
anchor_de24_rand_a,task_obj_remove_410264,add_scarf,jpeg,97001,12.30634,0.59292,0.55288,0.2438,0.98824,0.24248,0.77823,0.75746
anchor_de24_rand_a,task_obj_remove_410264,garment_colour,blur,57001,12.02257,0.68026,0.47979,0.1807,0.75686,0.25054,0.92487,0.93164
anchor_de24_rand_a,task_obj_remove_410264,garment_colour,blur,107001,17.31517,0.7739,0.22028,0.12219,0.55686,0.13622,0.96497,0.97154
anchor_de24_rand_a,task_obj_remove_410264,garment_colour,crop_resize,67001,7.70598,0.61152,0.53759,0.22587,0.90196,0.41181,0.8696,0.93222
anchor_de24_rand_a,task_obj_remove_410264,garment_colour,identity,17001,16.46965,0.79815,0.23536,0.1055,0.57255,0.15015,0.96023,0.98064
anchor_de24_rand_a,task_obj_remove_410264,garment_colour,identity,77001,17.17899,0.81439,0.27881,0.11621,0.71373,0.13837,0.93422,0.94513
anchor_de24_rand_a,task_obj_remove_410264,garment_colour,jpeg,27001,17.6032,0.79597,0.26466,0.10053,0.65098,0.13178,0.95025,0.96876
anchor_de24_rand_a,task_obj_remove_410264,garment_colour,jpeg,87001,16.51754,0.78484,0.30014,0.12162,0.66667,0.14932,0.94798,0.9543
anchor_de24_rand_a,task_obj_swap_rand_mask_79926,add_hat,blur,47001,20.25509,0.88918,0.51316,0.16742,0.59608,0.09711,0.95138,0.9023
anchor_de24_rand_a,task_obj_swap_rand_mask_79926,add_hat,blur,97001,19.34974,0.87418,0.49417,0.17869,0.60392,0.10777,0.93589,0.87278
anchor_de24_rand_a,task_obj_swap_rand_mask_79926,add_hat,crop_resize,57001,17.4663,0.78214,0.54956,0.20356,0.94118,0.13387,0.90937,0.84929
anchor_de24_rand_a,task_obj_swap_rand_mask_79926,add_hat,crop_resize,107001,18.91359,0.84271,0.50655,0.18216,0.81961,0.11332,0.78946,0.79993
anchor_de24_rand_a,task_obj_swap_rand_mask_79926,add_hat,identity,67001,18.9418,0.8573,0.49634,0.1565,0.74902,0.11296,0.79102,0.77343
anchor_de24_rand_a,task_obj_swap_rand_mask_79926,add_hat,jpeg,17001,18.54558,0.8602,0.49993,0.16468,0.8,0.11823,0.93719,0.91103
anchor_de24_rand_a,task_obj_swap_rand_mask_79926,add_hat,jpeg,77001,18.62106,0.85916,0.49284,0.17053,0.75686,0.11721,0.93693,0.8952
anchor_de24_rand_a,task_obj_swap_rand_mask_79926,add_scarf,blur,27001,16.8603,0.79903,0.42321,0.15363,0.98824,0.14354,0.93338,0.88031
anchor_de24_rand_a,task_obj_swap_rand_mask_79926,add_scarf,blur,87001,18.74272,0.83585,0.39432,0.12478,0.96078,0.11558,0.93793,0.90611
anchor_de24_rand_a,task_obj_swap_rand_mask_79926,add_scarf,crop_resize,47001,17.82985,0.81427,0.39849,0.13232,0.97647,0.12838,0.96347,0.89753
anchor_de24_rand_a,task_obj_swap_rand_mask_79926,add_scarf,crop_resize,97001,16.10526,0.73681,0.4338,0.14592,0.99216,0.15658,0.93512,0.84852
anchor_de24_rand_a,task_obj_swap_rand_mask_79926,add_scarf,identity,57001,16.7174,0.7326,0.49118,0.16076,0.96078,0.14593,0.87534,0.85258
anchor_de24_rand_a,task_obj_swap_rand_mask_79926,add_scarf,identity,107001,15.15856,0.67271,0.51557,0.1857,1.0,0.17461,0.84612,0.86033
anchor_de24_rand_a,task_obj_swap_rand_mask_79926,add_scarf,jpeg,67001,16.74108,0.74665,0.47771,0.16641,0.93333,0.14553,0.93185,0.87047
anchor_de24_rand_a,task_obj_swap_rand_mask_79926,garment_colour,blur,17001,17.97566,0.7948,0.21011,0.18709,0.54902,0.12625,0.95283,0.90585
anchor_de24_rand_a,task_obj_swap_rand_mask_79926,garment_colour,blur,77001,18.08195,0.7946,0.19338,0.18435,0.63922,0.12471,0.95084,0.90566
anchor_de24_rand_a,task_obj_swap_rand_mask_79926,garment_colour,crop_resize,27001,17.64971,0.7692,0.2653,0.20742,0.74902,0.13107,0.92918,0.91904
anchor_de24_rand_a,task_obj_swap_rand_mask_79926,garment_colour,crop_resize,87001,17.3383,0.75581,0.27219,0.21642,0.87451,0.13586,0.92547,0.91293
anchor_de24_rand_a,task_obj_swap_rand_mask_79926,garment_colour,identity,47001,18.5795,0.81454,0.20666,0.17382,0.74118,0.11777,0.9593,0.91186
anchor_de24_rand_a,task_obj_swap_rand_mask_79926,garment_colour,identity,97001,17.52261,0.73605,0.23889,0.18153,0.80784,0.13301,0.958,0.91566
anchor_de24_rand_a,task_obj_swap_rand_mask_79926,garment_colour,jpeg,57001,18.18159,0.76476,0.22737,0.17318,0.70196,0.12329,0.95843,0.91393
anchor_de24_rand_a,task_obj_swap_rand_mask_79926,garment_colour,jpeg,107001,18.62101,0.77447,0.22664,0.17087,0.71373,0.11721,0.95921,0.92338
anchor_de24_rand_b,task_env_weather_121086,add_hat,blur,67001,14.7872,0.75035,0.38653,0.17601,0.9451,0.18224,0.89185,0.92265
anchor_de24_rand_b,task_env_weather_121086,add_hat,crop_resize,17001,13.32483,0.62352,0.41973,0.21343,0.93333,0.21565,0.84154,0.83889
anchor_de24_rand_b,task_env_weather_121086,add_hat,crop_resize,77001,15.23263,0.69806,0.36323,0.1834,0.83922,0.17313,0.82645,0.90033
anchor_de24_rand_b,task_env_weather_121086,add_hat,identity,27001,14.68462,0.69157,0.37951,0.19322,0.83922,0.1844,0.8591,0.86897
anchor_de24_rand_b,task_env_weather_121086,add_hat,identity,87001,14.40795,0.70992,0.37234,0.19175,0.81569,0.19037,0.90489,0.92008
anchor_de24_rand_b,task_env_weather_121086,add_hat,jpeg,47001,13.77249,0.70653,0.37458,0.19769,0.93333,0.20482,0.91099,0.94568
anchor_de24_rand_b,task_env_weather_121086,add_hat,jpeg,97001,14.17208,0.6782,0.39304,0.21502,0.81176,0.19561,0.88272,0.91339
anchor_de24_rand_b,task_env_weather_121086,add_scarf,blur,57001,12.33729,0.50472,0.55204,0.254,0.96863,0.24162,0.70129,0.71764
anchor_de24_rand_b,task_env_weather_121086,add_scarf,blur,107001,11.71323,0.44409,0.6279,0.26259,1.0,0.25962,0.61729,0.69443
anchor_de24_rand_b,task_env_weather_121086,add_scarf,crop_resize,67001,12.58442,0.44495,0.58177,0.2462,0.99216,0.23484,0.52863,0.62401
anchor_de24_rand_b,task_env_weather_121086,add_scarf,identity,17001,13.05747,0.61506,0.42822,0.20089,1.0,0.2224,0.77113,0.87456
anchor_de24_rand_b,task_env_weather_121086,add_scarf,identity,77001,12.57548,0.58564,0.49259,0.23893,1.0,0.23509,0.73804,0.72792
anchor_de24_rand_b,task_env_weather_121086,add_scarf,jpeg,27001,12.56703,0.54426,0.50436,0.23099,1.0,0.23531,0.61183,0.69229
anchor_de24_rand_b,task_env_weather_121086,add_scarf,jpeg,87001,11.9722,0.49544,0.56568,0.24158,0.99608,0.25199,0.83557,0.7559
anchor_de24_rand_b,task_env_weather_121086,garment_colour,blur,47001,13.64595,0.62503,0.33175,0.19594,0.66275,0.20783,0.93257,0.94858
anchor_de24_rand_b,task_env_weather_121086,garment_colour,blur,97001,14.78404,0.72381,0.28559,0.16538,0.62353,0.1823,0.94789,0.96388
anchor_de24_rand_b,task_env_weather_121086,garment_colour,crop_resize,57001,14.84128,0.7165,0.28609,0.18006,0.85098,0.18111,0.9297,0.97072
anchor_de24_rand_b,task_env_weather_121086,garment_colour,crop_resize,107001,13.60369,0.62723,0.32351,0.20288,0.89804,0.20884,0.89581,0.95593
anchor_de24_rand_b,task_env_weather_121086,garment_colour,identity,67001,14.65219,0.69478,0.29033,0.18231,0.87451,0.18509,0.93079,0.94902
anchor_de24_rand_b,task_env_weather_121086,garment_colour,jpeg,17001,15.46799,0.73446,0.28649,0.16341,0.79216,0.1685,0.94317,0.96274
anchor_de24_rand_b,task_env_weather_121086,garment_colour,jpeg,77001,14.84794,0.71555,0.2908,0.18024,0.77255,0.18097,0.93118,0.95732
anchor_de24_rand_b,task_obj_remove_410264,add_hat,blur,27001,16.99037,0.842,0.31184,0.15657,0.82353,0.14141,0.77836,0.85872
anchor_de24_rand_b,task_obj_remove_410264,add_hat,blur,87001,19.33878,0.88666,0.27808,0.1307,0.84706,0.10791,0.87762,0.91953
anchor_de24_rand_b,task_obj_remove_410264,add_hat,crop_resize,47001,16.90403,0.82938,0.32991,0.16238,0.73725,0.14282,0.73632,0.82654
anchor_de24_rand_b,task_obj_remove_410264,add_hat,crop_resize,97001,17.07959,0.84365,0.31369,0.16807,0.78039,0.13997,0.78358,0.84442
anchor_de24_rand_b,task_obj_remove_410264,add_hat,identity,57001,18.40429,0.85979,0.29203,0.1589,0.8,0.12017,0.89919,0.89673
anchor_de24_rand_b,task_obj_remove_410264,add_hat,identity,107001,18.01348,0.87923,0.26621,0.14021,0.66667,0.1257,0.8977,0.92393
anchor_de24_rand_b,task_obj_remove_410264,add_hat,jpeg,67001,19.06772,0.88549,0.2612,0.12372,0.77647,0.11133,0.8844,0.95732
anchor_de24_rand_b,task_obj_remove_410264,add_scarf,blur,17001,16.17149,0.79554,0.32494,0.13074,0.95294,0.15539,0.93619,0.93512
anchor_de24_rand_b,task_obj_remove_410264,add_scarf,blur,77001,16.95362,0.82765,0.31598,0.16595,0.83529,0.14201,0.91532,0.9265
anchor_de24_rand_b,task_obj_remove_410264,add_scarf,crop_resize,27001,14.83981,0.74058,0.34948,0.16847,0.96471,0.18114,0.87277,0.83847
anchor_de24_rand_b,task_obj_remove_410264,add_scarf,crop_resize,87001,14.98496,0.73417,0.35095,0.14295,0.96471,0.17814,0.85857,0.89579
anchor_de24_rand_b,task_obj_remove_410264,add_scarf,identity,47001,16.15479,0.77947,0.33726,0.1821,0.99216,0.15569,0.93692,0.93711
anchor_de24_rand_b,task_obj_remove_410264,add_scarf,identity,97001,14.24874,0.66696,0.42211,0.19896,0.94118,0.19389,0.78271,0.83901
anchor_de24_rand_b,task_obj_remove_410264,add_scarf,jpeg,57001,17.70048,0.81202,0.29084,0.1328,0.91765,0.13031,0.96744,0.9693
anchor_de24_rand_b,task_obj_remove_410264,add_scarf,jpeg,107001,16.77018,0.79526,0.32359,0.16233,0.94118,0.14504,0.90865,0.94399
anchor_de24_rand_b,task_obj_remove_410264,garment_colour,blur,67001,17.6801,0.85778,0.22122,0.12466,0.56078,0.13062,0.96847,0.97474
anchor_de24_rand_b,task_obj_remove_410264,garment_colour,crop_resize,17001,19.8775,0.88689,0.21591,0.10998,0.62745,0.10142,0.94762,0.95799
anchor_de24_rand_b,task_obj_remove_410264,garment_colour,crop_resize,77001,17.29693,0.84776,0.23356,0.12507,0.73333,0.13651,0.91429,0.95695
anchor_de24_rand_b,task_obj_remove_410264,garment_colour,identity,27001,16.6607,0.80706,0.26144,0.15096,0.88235,0.14688,0.95315,0.94061
anchor_de24_rand_b,task_obj_remove_410264,garment_colour,identity,87001,15.3161,0.78693,0.26996,0.15698,0.76471,0.17147,0.93155,0.93829
anchor_de24_rand_b,task_obj_remove_410264,garment_colour,jpeg,47001,16.25924,0.79732,0.28204,0.147,0.84706,0.15383,0.93057,0.94504
anchor_de24_rand_b,task_obj_remove_410264,garment_colour,jpeg,97001,19.11598,0.86759,0.24151,0.11235,0.70588,0.11071,0.96332,0.96059
anchor_de24_rand_b,task_obj_swap_rand_mask_79926,add_hat,blur,57001,16.02505,0.76673,0.41618,0.16353,0.74118,0.15803,0.88195,0.8182
anchor_de24_rand_b,task_obj_swap_rand_mask_79926,add_hat,blur,107001,14.60806,0.7238,0.47547,0.20937,0.76471,0.18604,0.77347,0.81944
anchor_de24_rand_b,task_obj_swap_rand_mask_79926,add_hat,crop_resize,67001,15.23376,0.72956,0.39898,0.18291,1.0,0.17311,0.81188,0.71973
anchor_de24_rand_b,task_obj_swap_rand_mask_79926,add_hat,identity,17001,14.54533,0.7634,0.35297,0.16013,0.95294,0.18738,0.90431,0.80416
anchor_de24_rand_b,task_obj_swap_rand_mask_79926,add_hat,identity,77001,15.53503,0.77882,0.3424,0.15575,0.97647,0.1672,0.9051,0.82644
anchor_de24_rand_b,task_obj_swap_rand_mask_79926,add_hat,jpeg,27001,15.59667,0.75902,0.36739,0.15411,0.89804,0.16602,0.90919,0.86057
anchor_de24_rand_b,task_obj_swap_rand_mask_79926,add_hat,jpeg,87001,15.35079,0.70495,0.41472,0.17766,0.90196,0.17079,0.76129,0.70836
anchor_de24_rand_b,task_obj_swap_rand_mask_79926,add_scarf,blur,47001,15.8007,0.70625,0.39525,0.17147,0.97647,0.16217,0.82271,0.89729
anchor_de24_rand_b,task_obj_swap_rand_mask_79926,add_scarf,blur,97001,14.05946,0.66222,0.42549,0.18883,0.99216,0.19816,0.82837,0.83995
anchor_de24_rand_b,task_obj_swap_rand_mask_79926,add_scarf,crop_resize,57001,14.45248,0.64105,0.47924,0.21551,0.97647,0.1894,0.85226,0.89542
anchor_de24_rand_b,task_obj_swap_rand_mask_79926,add_scarf,crop_resize,107001,14.33078,0.65193,0.4044,0.19042,1.0,0.19207,0.93228,0.8389
anchor_de24_rand_b,task_obj_swap_rand_mask_79926,add_scarf,identity,67001,13.33211,0.5844,0.46695,0.21799,1.0,0.21547,0.79665,0.76814
anchor_de24_rand_b,task_obj_swap_rand_mask_79926,add_scarf,jpeg,17001,14.08544,0.62776,0.41303,0.18738,1.0,0.19757,0.86135,0.87332
anchor_de24_rand_b,task_obj_swap_rand_mask_79926,add_scarf,jpeg,77001,15.39557,0.67343,0.39267,0.17503,1.0,0.16991,0.81458,0.83674
anchor_de24_rand_b,task_obj_swap_rand_mask_79926,garment_colour,blur,27001,19.21294,0.86908,0.15151,0.11672,0.55686,0.10948,0.97751,0.9443
anchor_de24_rand_b,task_obj_swap_rand_mask_79926,garment_colour,blur,87001,18.99628,0.86969,0.15921,0.12084,0.65098,0.11225,0.97593,0.95023
anchor_de24_rand_b,task_obj_swap_rand_mask_79926,garment_colour,crop_resize,47001,18.34944,0.8021,0.17419,0.12011,0.7451,0.12093,0.96422,0.93615
anchor_de24_rand_b,task_obj_swap_rand_mask_79926,garment_colour,crop_resize,97001,16.73903,0.78328,0.23558,0.13902,0.83529,0.14556,0.96514,0.93763
anchor_de24_rand_b,task_obj_swap_rand_mask_79926,garment_colour,identity,57001,18.59174,0.83447,0.16337,0.12713,0.87843,0.1176,0.96618,0.94289
anchor_de24_rand_b,task_obj_swap_rand_mask_79926,garment_colour,identity,107001,17.55743,0.80578,0.17682,0.1363,0.85882,0.13247,0.95909,0.9351
anchor_de24_rand_b,task_obj_swap_rand_mask_79926,garment_colour,jpeg,67001,17.71914,0.76635,0.22291,0.12858,0.78431,0.13003,0.9613,0.94177
anchor_de24_rand_c,task_env_weather_121086,add_hat,blur,17001,17.40763,0.7915,0.52555,0.21547,0.67059,0.13478,0.94844,0.90632
anchor_de24_rand_c,task_env_weather_121086,add_hat,blur,77001,16.54817,0.72446,0.53362,0.21143,0.77255,0.1488,0.8248,0.86132
anchor_de24_rand_c,task_env_weather_121086,add_hat,crop_resize,27001,16.88001,0.7095,0.50875,0.20874,0.66667,0.14322,0.90392,0.91828
anchor_de24_rand_c,task_env_weather_121086,add_hat,crop_resize,87001,15.67687,0.63177,0.52097,0.21632,0.81961,0.1645,0.87038,0.88837
anchor_de24_rand_c,task_env_weather_121086,add_hat,identity,47001,16.35497,0.69204,0.49919,0.22338,0.9098,0.15214,0.90317,0.89042
anchor_de24_rand_c,task_env_weather_121086,add_hat,identity,97001,15.91162,0.66456,0.52818,0.23159,0.9098,0.16011,0.83766,0.82858
anchor_de24_rand_c,task_env_weather_121086,add_hat,jpeg,57001,16.76337,0.70414,0.49353,0.21789,0.77255,0.14515,0.92011,0.8967
anchor_de24_rand_c,task_env_weather_121086,add_hat,jpeg,107001,16.58949,0.69984,0.5038,0.21957,0.86275,0.14809,0.92063,0.90796
anchor_de24_rand_c,task_env_weather_121086,add_scarf,blur,67001,15.78183,0.68225,0.5343,0.21832,0.87059,0.16252,0.78603,0.77419
anchor_de24_rand_c,task_env_weather_121086,add_scarf,crop_resize,17001,14.74985,0.54671,0.57088,0.22906,1.0,0.18302,0.63091,0.67755
anchor_de24_rand_c,task_env_weather_121086,add_scarf,crop_resize,77001,12.88138,0.4792,0.63349,0.25908,1.0,0.22695,0.63926,0.73793
anchor_de24_rand_c,task_env_weather_121086,add_scarf,identity,27001,14.71964,0.58343,0.57419,0.22606,1.0,0.18366,0.63703,0.65904
anchor_de24_rand_c,task_env_weather_121086,add_scarf,identity,87001,14.44054,0.57688,0.58511,0.23026,0.98431,0.18966,0.64075,0.65031
anchor_de24_rand_c,task_env_weather_121086,add_scarf,jpeg,47001,14.53663,0.61318,0.52169,0.19645,0.94118,0.18757,0.67801,0.6912
anchor_de24_rand_c,task_env_weather_121086,add_scarf,jpeg,97001,15.34138,0.60169,0.53324,0.20327,0.91765,0.17097,0.73135,0.75878
anchor_de24_rand_c,task_env_weather_121086,garment_colour,blur,57001,18.85088,0.78092,0.35274,0.1715,0.47451,0.11414,0.96002,0.95827
anchor_de24_rand_c,task_env_weather_121086,garment_colour,blur,107001,15.43785,0.70147,0.33611,0.19945,0.83529,0.16909,0.86922,0.83382
anchor_de24_rand_c,task_env_weather_121086,garment_colour,crop_resize,67001,12.81287,0.55578,0.45493,0.24095,0.74902,0.22875,0.83502,0.9117
anchor_de24_rand_c,task_env_weather_121086,garment_colour,identity,17001,18.81059,0.74341,0.30972,0.15289,0.9451,0.11468,0.9405,0.9759
anchor_de24_rand_c,task_env_weather_121086,garment_colour,identity,77001,14.2532,0.61997,0.48499,0.22407,0.88235,0.19379,0.83017,0.87893
anchor_de24_rand_c,task_env_weather_121086,garment_colour,jpeg,27001,14.03393,0.61573,0.48897,0.23963,0.78824,0.19875,0.84361,0.89461
anchor_de24_rand_c,task_env_weather_121086,garment_colour,jpeg,87001,14.01415,0.60629,0.45028,0.23086,0.83529,0.1992,0.83768,0.89347
anchor_de24_rand_c,task_obj_remove_410264,add_hat,blur,47001,16.92195,0.83049,0.34629,0.14712,0.88627,0.14253,0.79056,0.84947
anchor_de24_rand_c,task_obj_remove_410264,add_hat,blur,97001,18.17585,0.85958,0.32397,0.15127,0.78039,0.12337,0.93204,0.92977
anchor_de24_rand_c,task_obj_remove_410264,add_hat,crop_resize,57001,17.75997,0.85209,0.35995,0.18039,0.87451,0.12942,0.83797,0.88404
anchor_de24_rand_c,task_obj_remove_410264,add_hat,crop_resize,107001,16.51796,0.80323,0.38367,0.17982,0.92549,0.14931,0.75485,0.79348
anchor_de24_rand_c,task_obj_remove_410264,add_hat,identity,67001,16.13063,0.8108,0.33556,0.15942,0.90196,0.15612,0.72363,0.79349
anchor_de24_rand_c,task_obj_remove_410264,add_hat,jpeg,17001,14.32642,0.727,0.45969,0.20945,0.90588,0.19217,0.65376,0.75959
anchor_de24_rand_c,task_obj_remove_410264,add_hat,jpeg,77001,16.83304,0.80451,0.37687,0.15884,0.91373,0.144,0.76157,0.80773
anchor_de24_rand_c,task_obj_remove_410264,add_scarf,blur,27001,17.09787,0.7851,0.33586,0.13535,0.94902,0.13967,0.90736,0.92033
anchor_de24_rand_c,task_obj_remove_410264,add_scarf,blur,87001,15.46979,0.72901,0.36191,0.14926,0.89804,0.16847,0.89464,0.92135
anchor_de24_rand_c,task_obj_remove_410264,add_scarf,crop_resize,47001,14.29235,0.66214,0.41407,0.17658,0.94118,0.19292,0.92033,0.93325
anchor_de24_rand_c,task_obj_remove_410264,add_scarf,crop_resize,97001,13.72535,0.65178,0.41662,0.17795,0.99216,0.20594,0.88763,0.89915
anchor_de24_rand_c,task_obj_remove_410264,add_scarf,identity,57001,15.1942,0.72881,0.38684,0.17236,0.91373,0.1739,0.85992,0.90765
anchor_de24_rand_c,task_obj_remove_410264,add_scarf,identity,107001,17.03548,0.80642,0.33376,0.15402,0.96078,0.14068,0.95426,0.95944
anchor_de24_rand_c,task_obj_remove_410264,add_scarf,jpeg,67001,15.61704,0.70604,0.39715,0.15551,0.92549,0.16563,0.81671,0.88465
anchor_de24_rand_c,task_obj_remove_410264,garment_colour,blur,17001,20.03404,0.8689,0.17585,0.09761,0.48235,0.09961,0.97042,0.97817
anchor_de24_rand_c,task_obj_remove_410264,garment_colour,blur,77001,19.06349,0.87523,0.19679,0.09964,0.52549,0.11138,0.96524,0.97508
anchor_de24_rand_c,task_obj_remove_410264,garment_colour,crop_resize,27001,10.43831,0.67782,0.4048,0.19652,0.71373,0.30067,0.8367,0.88925
anchor_de24_rand_c,task_obj_remove_410264,garment_colour,crop_resize,87001,11.79341,0.70893,0.3767,0.17933,0.7451,0.25723,0.86031,0.8949
anchor_de24_rand_c,task_obj_remove_410264,garment_colour,identity,47001,17.07096,0.82607,0.23449,0.1112,0.79608,0.1401,0.96781,0.95549
anchor_de24_rand_c,task_obj_remove_410264,garment_colour,identity,97001,18.73161,0.84349,0.16347,0.08871,0.64314,0.11572,0.97315,0.97942
anchor_de24_rand_c,task_obj_remove_410264,garment_colour,jpeg,57001,18.45766,0.83611,0.28661,0.11936,0.76471,0.11943,0.96178,0.96705
anchor_de24_rand_c,task_obj_remove_410264,garment_colour,jpeg,107001,18.04183,0.82292,0.28331,0.11706,0.89412,0.12529,0.95683,0.96726
anchor_de24_rand_c,task_obj_swap_rand_mask_79926,add_hat,blur,67001,17.74792,0.84607,0.49051,0.14525,0.52157,0.1296,0.91427,0.82142
anchor_de24_rand_c,task_obj_swap_rand_mask_79926,add_hat,crop_resize,17001,15.72195,0.72041,0.55234,0.20182,0.92941,0.16364,0.70908,0.71068
anchor_de24_rand_c,task_obj_swap_rand_mask_79926,add_hat,crop_resize,77001,16.06288,0.72964,0.54403,0.18369,0.82353,0.15735,0.77458,0.73354
anchor_de24_rand_c,task_obj_swap_rand_mask_79926,add_hat,identity,27001,16.99074,0.80001,0.51752,0.16822,0.83922,0.1414,0.90846,0.80621
anchor_de24_rand_c,task_obj_swap_rand_mask_79926,add_hat,identity,87001,16.45019,0.77561,0.49448,0.16485,0.88235,0.15048,0.87553,0.85251
anchor_de24_rand_c,task_obj_swap_rand_mask_79926,add_hat,jpeg,47001,17.66192,0.82047,0.47972,0.13871,0.81961,0.13089,0.93601,0.85476
anchor_de24_rand_c,task_obj_swap_rand_mask_79926,add_hat,jpeg,97001,16.85189,0.78984,0.52902,0.16077,0.81569,0.14368,0.92165,0.84012
anchor_de24_rand_c,task_obj_swap_rand_mask_79926,add_scarf,blur,57001,18.13957,0.81449,0.46048,0.12902,0.90588,0.12389,0.95085,0.90578
anchor_de24_rand_c,task_obj_swap_rand_mask_79926,add_scarf,blur,107001,16.43082,0.74726,0.48789,0.14435,1.0,0.15082,0.84728,0.87123
anchor_de24_rand_c,task_obj_swap_rand_mask_79926,add_scarf,crop_resize,67001,15.64103,0.65073,0.53419,0.15628,0.94118,0.16518,0.76473,0.84205
anchor_de24_rand_c,task_obj_swap_rand_mask_79926,add_scarf,identity,17001,17.45905,0.78602,0.45105,0.13735,0.97255,0.13398,0.93474,0.8858
anchor_de24_rand_c,task_obj_swap_rand_mask_79926,add_scarf,identity,77001,17.60102,0.79664,0.46551,0.1529,0.98824,0.13181,0.93992,0.91834
anchor_de24_rand_c,task_obj_swap_rand_mask_79926,add_scarf,jpeg,27001,16.16732,0.73753,0.50291,0.16423,1.0,0.15547,0.90041,0.88436
anchor_de24_rand_c,task_obj_swap_rand_mask_79926,add_scarf,jpeg,87001,17.95047,0.79228,0.47001,0.13887,0.97647,0.12661,0.93146,0.89034
anchor_de24_rand_c,task_obj_swap_rand_mask_79926,garment_colour,blur,47001,17.07739,0.73563,0.19005,0.17373,0.52157,0.14,0.95113,0.89251
anchor_de24_rand_c,task_obj_swap_rand_mask_79926,garment_colour,blur,97001,17.16005,0.6757,0.20243,0.17029,0.73333,0.13867,0.95282,0.90689
anchor_de24_rand_c,task_obj_swap_rand_mask_79926,garment_colour,crop_resize,57001,17.13207,0.72043,0.21468,0.16194,0.64314,0.13912,0.92648,0.86209
anchor_de24_rand_c,task_obj_swap_rand_mask_79926,garment_colour,crop_resize,107001,17.22499,0.69896,0.23229,0.16702,0.68627,0.13764,0.9184,0.85509
anchor_de24_rand_c,task_obj_swap_rand_mask_79926,garment_colour,identity,67001,16.80317,0.71033,0.2283,0.16226,0.81176,0.14449,0.95437,0.91405
anchor_de24_rand_c,task_obj_swap_rand_mask_79926,garment_colour,jpeg,17001,17.06978,0.66968,0.2286,0.15439,0.79216,0.14012,0.94968,0.92023
anchor_de24_rand_c,task_obj_swap_rand_mask_79926,garment_colour,jpeg,77001,17.13127,0.68286,0.22023,0.15341,0.77255,0.13913,0.95264,0.90831
anchor_de24_tone,task_env_weather_121086,add_hat,blur,27001,13.97051,0.66771,0.40322,0.2294,0.66667,0.2002,0.89661,0.88705
anchor_de24_tone,task_env_weather_121086,add_hat,blur,87001,13.9576,0.68092,0.3814,0.21532,0.72549,0.2005,0.94031,0.92128
anchor_de24_tone,task_env_weather_121086,add_hat,crop_resize,47001,14.03181,0.57384,0.41478,0.20557,0.84706,0.1988,0.86836,0.83865
anchor_de24_tone,task_env_weather_121086,add_hat,crop_resize,97001,13.19473,0.53344,0.42242,0.22812,0.85882,0.21891,0.88846,0.90825
anchor_de24_tone,task_env_weather_121086,add_hat,identity,57001,13.56734,0.56548,0.40279,0.22733,0.87451,0.20972,0.90304,0.89679
anchor_de24_tone,task_env_weather_121086,add_hat,identity,107001,13.20783,0.55715,0.40991,0.2545,0.92157,0.21858,0.86473,0.84733
anchor_de24_tone,task_env_weather_121086,add_hat,jpeg,67001,13.17064,0.52757,0.44682,0.23028,0.91765,0.21952,0.74687,0.70233
anchor_de24_tone,task_env_weather_121086,add_scarf,blur,17001,12.13772,0.54836,0.4713,0.26585,0.96863,0.24724,0.76136,0.83461
anchor_de24_tone,task_env_weather_121086,add_scarf,blur,77001,12.48482,0.54634,0.47236,0.27283,0.83529,0.23755,0.74126,0.75956
anchor_de24_tone,task_env_weather_121086,add_scarf,crop_resize,27001,11.86497,0.45409,0.49039,0.24463,0.96863,0.25512,0.80037,0.81766
anchor_de24_tone,task_env_weather_121086,add_scarf,crop_resize,87001,11.29296,0.45993,0.48145,0.24964,0.99216,0.27249,0.75947,0.76565
anchor_de24_tone,task_env_weather_121086,add_scarf,identity,47001,11.78242,0.48156,0.50974,0.25864,0.95294,0.25756,0.71138,0.75726
anchor_de24_tone,task_env_weather_121086,add_scarf,identity,97001,11.84319,0.46894,0.48682,0.25922,0.99608,0.25576,0.76175,0.84188
anchor_de24_tone,task_env_weather_121086,add_scarf,jpeg,57001,11.78681,0.48064,0.49238,0.26149,0.98431,0.25743,0.6998,0.81464
anchor_de24_tone,task_env_weather_121086,add_scarf,jpeg,107001,11.70978,0.40432,0.53005,0.25201,0.95686,0.25972,0.76367,0.74946
anchor_de24_tone,task_env_weather_121086,garment_colour,blur,67001,13.33649,0.59434,0.31554,0.23806,0.63529,0.21537,0.92944,0.91784
anchor_de24_tone,task_env_weather_121086,garment_colour,crop_resize,17001,12.85011,0.53033,0.31292,0.24575,0.77255,0.22777,0.87999,0.92305
anchor_de24_tone,task_env_weather_121086,garment_colour,crop_resize,77001,12.82515,0.52895,0.31251,0.24608,0.88627,0.22842,0.8753,0.91823
anchor_de24_tone,task_env_weather_121086,garment_colour,identity,27001,13.50681,0.56708,0.31482,0.23062,0.90196,0.21118,0.92584,0.91125
anchor_de24_tone,task_env_weather_121086,garment_colour,identity,87001,13.34693,0.56048,0.31859,0.23761,0.84314,0.21511,0.9139,0.90751
anchor_de24_tone,task_env_weather_121086,garment_colour,jpeg,47001,11.5647,0.47582,0.38399,0.25323,0.87843,0.2641,0.87555,0.91944
anchor_de24_tone,task_env_weather_121086,garment_colour,jpeg,97001,13.45469,0.57119,0.3094,0.23672,0.8549,0.21245,0.88296,0.92244
anchor_de24_tone,task_obj_remove_410264,add_hat,blur,57001,21.13148,0.91148,0.15693,0.09206,0.87059,0.08779,0.84654,0.86759
anchor_de24_tone,task_obj_remove_410264,add_hat,blur,107001,20.03289,0.88303,0.18986,0.11675,0.72157,0.09962,0.71775,0.88916
anchor_de24_tone,task_obj_remove_410264,add_hat,crop_resize,67001,20.49123,0.89187,0.20604,0.12526,0.61176,0.0945,0.80009,0.85781
anchor_de24_tone,task_obj_remove_410264,add_hat,identity,17001,16.02775,0.79551,0.28915,0.19064,0.81176,0.15798,0.74321,0.79696
anchor_de24_tone,task_obj_remove_410264,add_hat,identity,77001,17.87104,0.85257,0.21331,0.13822,0.96863,0.12778,0.77769,0.87668
anchor_de24_tone,task_obj_remove_410264,add_hat,jpeg,27001,18.39495,0.8229,0.28923,0.13531,0.90196,0.1203,0.76294,0.81843
anchor_de24_tone,task_obj_remove_410264,add_hat,jpeg,87001,19.33572,0.83474,0.29041,0.14926,0.92157,0.10795,0.69684,0.79634
anchor_de24_tone,task_obj_remove_410264,add_scarf,blur,47001,18.208,0.818,0.22639,0.11183,0.96078,0.12291,0.91879,0.96341
anchor_de24_tone,task_obj_remove_410264,add_scarf,blur,97001,18.37841,0.83345,0.24484,0.1229,0.89412,0.12053,0.95948,0.97852
anchor_de24_tone,task_obj_remove_410264,add_scarf,crop_resize,57001,15.74102,0.69805,0.31524,0.15207,0.93725,0.16329,0.89028,0.95475
anchor_de24_tone,task_obj_remove_410264,add_scarf,crop_resize,107001,18.75658,0.83414,0.20963,0.10288,0.79216,0.11539,0.9439,0.95379
anchor_de24_tone,task_obj_remove_410264,add_scarf,identity,67001,17.57981,0.79924,0.22656,0.11275,0.92157,0.13213,0.94458,0.97492
anchor_de24_tone,task_obj_remove_410264,add_scarf,jpeg,17001,16.19411,0.73527,0.31904,0.14134,0.91373,0.15499,0.94586,0.95393
anchor_de24_tone,task_obj_remove_410264,add_scarf,jpeg,77001,15.19979,0.70552,0.34578,0.1441,1.0,0.17378,0.89594,0.91777
anchor_de24_tone,task_obj_remove_410264,garment_colour,blur,27001,20.28436,0.89338,0.14719,0.09155,0.42745,0.09678,0.96148,0.96818
anchor_de24_tone,task_obj_remove_410264,garment_colour,blur,87001,20.47705,0.89566,0.14578,0.09966,0.41961,0.09466,0.96222,0.9729
anchor_de24_tone,task_obj_remove_410264,garment_colour,crop_resize,47001,17.7494,0.83395,0.22983,0.15635,0.76863,0.12958,0.83932,0.91157
anchor_de24_tone,task_obj_remove_410264,garment_colour,crop_resize,97001,17.22076,0.82794,0.24051,0.16435,0.79608,0.13771,0.84834,0.90839
anchor_de24_tone,task_obj_remove_410264,garment_colour,identity,57001,19.54,0.87121,0.18339,0.11159,0.71765,0.10544,0.95411,0.96683
anchor_de24_tone,task_obj_remove_410264,garment_colour,identity,107001,18.59502,0.85709,0.20115,0.12646,0.7451,0.11756,0.95349,0.9518
anchor_de24_tone,task_obj_remove_410264,garment_colour,jpeg,67001,20.02646,0.85637,0.21864,0.09937,0.67059,0.0997,0.95417,0.96158
anchor_de24_tone,task_obj_swap_rand_mask_79926,add_hat,blur,17001,16.22369,0.80187,0.52898,0.19226,0.72549,0.15446,0.87943,0.75069
anchor_de24_tone,task_obj_swap_rand_mask_79926,add_hat,blur,77001,16.85359,0.81174,0.50496,0.18253,0.62353,0.14365,0.87552,0.72783
anchor_de24_tone,task_obj_swap_rand_mask_79926,add_hat,crop_resize,27001,15.71782,0.7263,0.58385,0.20143,0.93333,0.16372,0.76568,0.73535
anchor_de24_tone,task_obj_swap_rand_mask_79926,add_hat,crop_resize,87001,16.9951,0.80456,0.51378,0.18007,0.69804,0.14133,0.90372,0.71838
anchor_de24_tone,task_obj_swap_rand_mask_79926,add_hat,identity,47001,15.77595,0.72734,0.56237,0.18533,0.94902,0.16263,0.88724,0.7877
anchor_de24_tone,task_obj_swap_rand_mask_79926,add_hat,identity,97001,16.18071,0.76775,0.54594,0.17709,0.83529,0.15523,0.87712,0.74381
anchor_de24_tone,task_obj_swap_rand_mask_79926,add_hat,jpeg,57001,15.75083,0.76192,0.54362,0.16424,0.86667,0.1631,0.88423,0.78578
anchor_de24_tone,task_obj_swap_rand_mask_79926,add_hat,jpeg,107001,15.10292,0.71539,0.61178,0.16953,0.8902,0.17573,0.81298,0.87111
anchor_de24_tone,task_obj_swap_rand_mask_79926,add_scarf,blur,67001,15.36209,0.7106,0.52869,0.16868,1.0,0.17057,0.85861,0.80485
anchor_de24_tone,task_obj_swap_rand_mask_79926,add_scarf,crop_resize,17001,15.0449,0.64842,0.52924,0.20108,1.0,0.17691,0.88279,0.81423
anchor_de24_tone,task_obj_swap_rand_mask_79926,add_scarf,crop_resize,77001,16.11302,0.68531,0.50507,0.16868,0.97255,0.15644,0.9118,0.84361
anchor_de24_tone,task_obj_swap_rand_mask_79926,add_scarf,identity,27001,16.00745,0.70667,0.54449,0.17284,0.98431,0.15835,0.90714,0.81634
anchor_de24_tone,task_obj_swap_rand_mask_79926,add_scarf,identity,87001,16.9921,0.74235,0.54156,0.15957,0.96471,0.14138,0.90735,0.83318
anchor_de24_tone,task_obj_swap_rand_mask_79926,add_scarf,jpeg,47001,16.55383,0.7254,0.54746,0.17866,0.94118,0.1487,0.90715,0.83375
anchor_de24_tone,task_obj_swap_rand_mask_79926,add_scarf,jpeg,97001,15.84516,0.7092,0.52735,0.16491,1.0,0.16134,0.9012,0.8789
anchor_de24_tone,task_obj_swap_rand_mask_79926,garment_colour,blur,57001,16.47985,0.70188,0.289,0.19714,0.76863,0.14997,0.94244,0.84793
anchor_de24_tone,task_obj_swap_rand_mask_79926,garment_colour,blur,107001,16.49673,0.68878,0.29517,0.1995,0.77647,0.14968,0.94427,0.84896
anchor_de24_tone,task_obj_swap_rand_mask_79926,garment_colour,crop_resize,67001,16.04655,0.66303,0.35569,0.22239,0.93333,0.15764,0.93444,0.8317
anchor_de24_tone,task_obj_swap_rand_mask_79926,garment_colour,identity,17001,16.50603,0.6325,0.32026,0.19277,0.88235,0.14952,0.94007,0.84075
anchor_de24_tone,task_obj_swap_rand_mask_79926,garment_colour,identity,77001,16.36006,0.63205,0.32378,0.19022,0.9451,0.15205,0.94061,0.82949
anchor_de24_tone,task_obj_swap_rand_mask_79926,garment_colour,jpeg,27001,16.10569,0.61822,0.32428,0.19259,0.83922,0.15657,0.93956,0.84683
anchor_de24_tone,task_obj_swap_rand_mask_79926,garment_colour,jpeg,87001,16.17432,0.61352,0.32609,0.18636,0.85882,0.15534,0.94248,0.84839
