eta,K,N,epsilon,alpha,momentum,cov_floor,seed,eval_seed,independent_seed,train_seed,eval_draws,trace_every,convergence_every,epsilon_lab,max_lightness_shift,min_contrast_ratio,score_every,condition,library_sha256,modified_from_paper,loss,library_source,missing_paper_classes,class_weights,sampling_with_replacement,covariance_normalization,lab_units,ade20k_classes,records_in_pool,best_iterate_modified_from_paper,step_indexed_rng_modified_from_paper,restart,draw,candidate,distribution_ids,lightness_shift,contrast_ratio,rejected,fixed_ig_loss,T_distance,box_boundary_fraction,clipping_fraction,deltaE00,support_area,delta_effect_L,luma_response,luma_self_coefficient,source_cov_floor,source_cov_min_eigenvalue,source_cov_regularized,source_cov_regularization_modified_from_paper,target_cov_floor,target_cov_min_eigenvalue,target_cov_regularized,target_cov_regularization_modified_from_paper
50,10,15,0.2,0.013333333333333334,0.6,0.0001,0,17001,27001,37001,8,200,1000,5.0,,,1,ncf_select,3f1af891264523591d3a4ef1df6878cb41b2ed518e7e2cf0e492161b72013888,True,L_IG,NCF official release 150_20_hist.npy (150 ADE20K classes x 20 palettes),,"{""global_scene"": 1.0}",True,population,CIELab_D65_L_0_100_ab_signed,apparel,20,True,True,0,1,0,ade093_apparel_04,6.219713140776761,1.7321211250724349,0,0.004211270250380039,0.0,0.0,0.3007291257381439,5.8918914794921875,0.20809851783457134,0.0,1.0,1.7885828378954691,0.0001,2.5619573773774116,0,True,0.0001,114.76474655893715,0,True
50,10,15,0.2,0.013333333333333334,0.6,0.0001,0,17001,27001,37001,8,200,1000,5.0,,,1,ncf_select,3f1af891264523591d3a4ef1df6878cb41b2ed518e7e2cf0e492161b72013888,True,L_IG,NCF official release 150_20_hist.npy (150 ADE20K classes x 20 palettes),,"{""global_scene"": 1.0}",True,population,CIELab_D65_L_0_100_ab_signed,apparel,20,True,True,0,2,1,ade093_apparel_19,3.08071741177676,0.5940113023000564,0,0.004060554318130016,0.0,0.0,0.05952708050608635,5.820206642150879,0.20809851783457134,0.0,1.0,0.6293010181819644,0.0001,2.5619573773774116,0,True,0.0001,28.21250499823254,0,True
50,10,15,0.2,0.013333333333333334,0.6,0.0001,0,17001,27001,37001,8,200,1000,5.0,,,1,ncf_select,3f1af891264523591d3a4ef1df6878cb41b2ed518e7e2cf0e492161b72013888,True,L_IG,NCF official release 150_20_hist.npy (150 ADE20K classes x 20 palettes),,"{""global_scene"": 1.0}",True,population,CIELab_D65_L_0_100_ab_signed,apparel,20,True,True,0,3,2,ade093_apparel_13,16.484754753776762,0.8096338947218743,0,0.0047223265282809734,0.0,0.0,0.0202484130859375,3.8241829872131348,0.20809851783457134,0.0,1.0,0.7816295969003764,0.0001,2.5619573773774116,0,True,0.0001,5.005578498102056,0,True
50,10,15,0.2,0.013333333333333334,0.6,0.0001,0,17001,27001,37001,8,200,1000,5.0,,,1,ncf_select,3f1af891264523591d3a4ef1df6878cb41b2ed518e7e2cf0e492161b72013888,True,L_IG,NCF official release 150_20_hist.npy (150 ADE20K classes x 20 palettes),,"{""global_scene"": 1.0}",True,population,CIELab_D65_L_0_100_ab_signed,apparel,20,True,True,0,4,3,ade093_apparel_00,4.448400200223233,0.7174915710329959,0,0.004987236112356186,0.0,0.0,0.009675344452261925,2.762421131134033,0.20809851783457134,0.0,1.0,0.7529394046989415,0.0001,2.5619573773774116,0,True,0.0001,13.678486643097541,0,True
50,10,15,0.2,0.013333333333333334,0.6,0.0001,0,17001,27001,37001,8,200,1000,5.0,,,1,ncf_select,3f1af891264523591d3a4ef1df6878cb41b2ed518e7e2cf0e492161b72013888,True,L_IG,NCF official release 150_20_hist.npy (150 ADE20K classes x 20 palettes),,"{""global_scene"": 1.0}",True,population,CIELab_D65_L_0_100_ab_signed,apparel,20,True,True,0,5,4,ade093_apparel_03,13.549542679776764,0.8834133527373681,0,0.005358285736292601,0.0,0.0,0.0318349227309227,3.704119920730591,0.20809851783457134,0.0,1.0,0.8935820388926041,0.0001,2.5619573773774116,0,True,0.0001,7.579103240094226,0,True
50,10,15,0.2,0.013333333333333334,0.6,0.0001,0,17001,27001,37001,8,200,1000,5.0,,,1,ncf_select,3f1af891264523591d3a4ef1df6878cb41b2ed518e7e2cf0e492161b72013888,True,L_IG,NCF official release 150_20_hist.npy (150 ADE20K classes x 20 palettes),,"{""global_scene"": 1.0}",True,population,CIELab_D65_L_0_100_ab_signed,apparel,20,True,True,0,6,5,ade093_apparel_19,3.08071741177676,0.5940113023000564,0,0.004060554318130016,0.0,0.0,0.05952708050608635,5.820206642150879,0.20809851783457134,0.0,1.0,0.6293010181819644,0.0001,2.5619573773774116,0,True,0.0001,28.21250499823254,0,True
50,10,15,0.2,0.013333333333333334,0.6,0.0001,0,17001,27001,37001,8,200,1000,5.0,,,1,ncf_select,3f1af891264523591d3a4ef1df6878cb41b2ed518e7e2cf0e492161b72013888,True,L_IG,NCF official release 150_20_hist.npy (150 ADE20K classes x 20 palettes),,"{""global_scene"": 1.0}",True,population,CIELab_D65_L_0_100_ab_signed,apparel,20,True,True,0,7,6,ade093_apparel_07,34.29067067377676,1.566753076249718,0,0.004495186265558004,0.0,0.0,0.32716116309165955,5.942652702331543,0.20809851783457134,0.0,1.0,1.6506155227261219,0.0001,2.5619573773774116,0,True,0.0001,74.84193240129349,0,True
50,10,15,0.2,0.013333333333333334,0.6,0.0001,0,17001,27001,37001,8,200,1000,5.0,,,1,ncf_select,3f1af891264523591d3a4ef1df6878cb41b2ed518e7e2cf0e492161b72013888,True,L_IG,NCF official release 150_20_hist.npy (150 ADE20K classes x 20 palettes),,"{""global_scene"": 1.0}",True,population,CIELab_D65_L_0_100_ab_signed,apparel,20,True,True,0,8,7,ade093_apparel_03,13.549542679776764,0.8834133527373681,0,0.005358285736292601,0.0,0.0,0.0318349227309227,3.704119920730591,0.20809851783457134,0.0,1.0,0.8935820388926041,0.0001,2.5619573773774116,0,True,0.0001,7.579103240094226,0,True
50,10,15,0.2,0.013333333333333334,0.6,0.0001,0,17001,27001,37001,8,200,1000,5.0,,,1,ncf_select,3f1af891264523591d3a4ef1df6878cb41b2ed518e7e2cf0e492161b72013888,True,L_IG,NCF official release 150_20_hist.npy (150 ADE20K classes x 20 palettes),,"{""global_scene"": 1.0}",True,population,CIELab_D65_L_0_100_ab_signed,apparel,20,True,True,0,9,8,ade093_apparel_17,47.619535516776764,1.0401231017119834,0,0.004275679122656584,0.0,0.0,0.3259696960449219,8.560419082641602,0.20809851783457134,0.0,1.0,1.0949912956088097,0.0001,2.5619573773774116,0,True,0.0001,25.57759225725133,0,True
50,10,15,0.2,0.013333333333333334,0.6,0.0001,0,17001,27001,37001,8,200,1000,5.0,,,1,ncf_select,3f1af891264523591d3a4ef1df6878cb41b2ed518e7e2cf0e492161b72013888,True,L_IG,NCF official release 150_20_hist.npy (150 ADE20K classes x 20 palettes),,"{""global_scene"": 1.0}",True,population,CIELab_D65_L_0_100_ab_signed,apparel,20,True,True,0,10,9,ade093_apparel_03,13.549542679776764,0.8834133527373681,0,0.005358285736292601,0.0,0.0,0.0318349227309227,3.704119920730591,0.20809851783457134,0.0,1.0,0.8935820388926041,0.0001,2.5619573773774116,0,True,0.0001,7.579103240094226,0,True
50,10,15,0.2,0.013333333333333334,0.6,0.0001,0,17001,27001,37001,8,200,1000,5.0,,,1,ncf_select,3f1af891264523591d3a4ef1df6878cb41b2ed518e7e2cf0e492161b72013888,True,L_IG,NCF official release 150_20_hist.npy (150 ADE20K classes x 20 palettes),,"{""global_scene"": 1.0}",True,population,CIELab_D65_L_0_100_ab_signed,apparel,20,True,True,0,11,10,ade093_apparel_01,19.229243914223233,0.9723359643390953,0,0.003873163601383567,0.0,0.0,0.09228134155273438,3.5992369651794434,0.20809851783457134,0.0,1.0,0.9680062551450832,0.0001,2.5619573773774116,0,True,0.0001,12.05742349660714,0,True
50,10,15,0.2,0.013333333333333334,0.6,0.0001,0,17001,27001,37001,8,200,1000,5.0,,,1,ncf_select,3f1af891264523591d3a4ef1df6878cb41b2ed518e7e2cf0e492161b72013888,True,L_IG,NCF official release 150_20_hist.npy (150 ADE20K classes x 20 palettes),,"{""global_scene"": 1.0}",True,population,CIELab_D65_L_0_100_ab_signed,apparel,20,True,True,0,12,11,ade093_apparel_06,32.73356054777676,1.6121630916815244,0,0.004561473149806261,0.0,0.0,0.3171730041503906,6.377588748931885,0.20809851783457134,0.0,1.0,1.6893467459835592,0.0001,2.5619573773774116,0,True,0.0001,65.62825536200938,0,True
50,10,15,0.2,0.013333333333333334,0.6,0.0001,0,17001,27001,37001,8,200,1000,5.0,,,1,ncf_select,3f1af891264523591d3a4ef1df6878cb41b2ed518e7e2cf0e492161b72013888,True,L_IG,NCF official release 150_20_hist.npy (150 ADE20K classes x 20 palettes),,"{""global_scene"": 1.0}",True,population,CIELab_D65_L_0_100_ab_signed,apparel,20,True,True,0,13,12,ade093_apparel_16,48.19531019277676,0.6834396288863396,0,0.003508317284286022,0.0,0.0,0.34098944067955017,9.172623634338379,0.20809851783457134,0.0,1.0,0.6285960195108868,0.0001,2.5619573773774116,0,True,0.0001,3.1442108354330105,0,True
50,10,15,0.2,0.013333333333333334,0.6,0.0001,0,17001,27001,37001,8,200,1000,5.0,,,1,ncf_select,3f1af891264523591d3a4ef1df6878cb41b2ed518e7e2cf0e492161b72013888,True,L_IG,NCF official release 150_20_hist.npy (150 ADE20K classes x 20 palettes),,"{""global_scene"": 1.0}",True,population,CIELab_D65_L_0_100_ab_signed,apparel,20,True,True,0,14,13,ade093_apparel_19,3.08071741177676,0.5940113023000564,0,0.004060554318130016,0.0,0.0,0.05952708050608635,5.820206642150879,0.20809851783457134,0.0,1.0,0.6293010181819644,0.0001,2.5619573773774116,0,True,0.0001,28.21250499823254,0,True
50,10,15,0.2,0.013333333333333334,0.6,0.0001,0,17001,27001,37001,8,200,1000,5.0,,,1,ncf_select,3f1af891264523591d3a4ef1df6878cb41b2ed518e7e2cf0e492161b72013888,True,L_IG,NCF official release 150_20_hist.npy (150 ADE20K classes x 20 palettes),,"{""global_scene"": 1.0}",True,population,CIELab_D65_L_0_100_ab_signed,apparel,20,True,True,0,15,14,ade093_apparel_18,21.83342234577676,0.7049385904760218,0,0.004386403132230043,0.0,0.0,0.21730677783489227,7.417181015014648,0.20809851783457134,0.0,1.0,0.7321290705372797,0.0001,2.5619573773774116,0,True,0.0001,27.727074725308558,0,True
50,10,15,0.2,0.013333333333333334,0.6,0.0001,0,17001,27001,37001,8,200,1000,5.0,,,1,ncf_select,3f1af891264523591d3a4ef1df6878cb41b2ed518e7e2cf0e492161b72013888,True,L_IG,NCF official release 150_20_hist.npy (150 ADE20K classes x 20 palettes),,"{""global_scene"": 1.0}",True,population,CIELab_D65_L_0_100_ab_signed,apparel,20,True,True,0,16,15,ade093_apparel_16,48.19531019277676,0.6834396288863396,0,0.003508317284286022,0.0,0.0,0.34098944067955017,9.172623634338379,0.20809851783457134,0.0,1.0,0.6285960195108868,0.0001,2.5619573773774116,0,True,0.0001,3.1442108354330105,0,True
50,10,15,0.2,0.013333333333333334,0.6,0.0001,0,17001,27001,37001,8,200,1000,5.0,,,1,ncf_select,3f1af891264523591d3a4ef1df6878cb41b2ed518e7e2cf0e492161b72013888,True,L_IG,NCF official release 150_20_hist.npy (150 ADE20K classes x 20 palettes),,"{""global_scene"": 1.0}",True,population,CIELab_D65_L_0_100_ab_signed,apparel,20,True,True,0,17,16,ade093_apparel_16,48.19531019277676,0.6834396288863396,0,0.003508317284286022,0.0,0.0,0.34098944067955017,9.172623634338379,0.20809851783457134,0.0,1.0,0.6285960195108868,0.0001,2.5619573773774116,0,True,0.0001,3.1442108354330105,0,True
50,10,15,0.2,0.013333333333333334,0.6,0.0001,0,17001,27001,37001,8,200,1000,5.0,,,1,ncf_select,3f1af891264523591d3a4ef1df6878cb41b2ed518e7e2cf0e492161b72013888,True,L_IG,NCF official release 150_20_hist.npy (150 ADE20K classes x 20 palettes),,"{""global_scene"": 1.0}",True,population,CIELab_D65_L_0_100_ab_signed,apparel,20,True,True,0,18,17,ade093_apparel_08,23.19436835377676,0.8975228416594827,0,0.005095633678138256,0.0,0.0,0.1070048063993454,6.17667293548584,0.20809851783457134,0.0,1.0,0.9053942154312871,0.0001,2.5619573773774116,0,True,0.0001,9.44909492151317,0,True
50,10,15,0.2,0.013333333333333334,0.6,0.0001,0,17001,27001,37001,8,200,1000,5.0,,,1,ncf_select,3f1af891264523591d3a4ef1df6878cb41b2ed518e7e2cf0e492161b72013888,True,L_IG,NCF official release 150_20_hist.npy (150 ADE20K classes x 20 palettes),,"{""global_scene"": 1.0}",True,population,CIELab_D65_L_0_100_ab_signed,apparel,20,True,True,0,19,18,ade093_apparel_14,24.805494096776762,1.0119734756663263,0,0.004154373425990343,0.0,0.0,0.11578115075826645,5.141998767852783,0.20809851783457134,0.0,1.0,1.023790777566242,0.0001,2.5619573773774116,0,True,0.0001,9.658400125455254,0,True
50,10,15,0.2,0.013333333333333334,0.6,0.0001,0,17001,27001,37001,8,200,1000,5.0,,,1,ncf_select,3f1af891264523591d3a4ef1df6878cb41b2ed518e7e2cf0e492161b72013888,True,L_IG,NCF official release 150_20_hist.npy (150 ADE20K classes x 20 palettes),,"{""global_scene"": 1.0}",True,population,CIELab_D65_L_0_100_ab_signed,apparel,20,True,True,0,20,19,ade093_apparel_13,16.484754753776762,0.8096338947218743,0,0.0047223265282809734,0.0,0.0,0.0202484130859375,3.8241829872131348,0.20809851783457134,0.0,1.0,0.7816295969003764,0.0001,2.5619573773774116,0,True,0.0001,5.005578498102056,0,True
50,10,15,0.2,0.013333333333333334,0.6,0.0001,0,17001,27001,37001,8,200,1000,5.0,,,1,ncf_select,3f1af891264523591d3a4ef1df6878cb41b2ed518e7e2cf0e492161b72013888,True,L_IG,NCF official release 150_20_hist.npy (150 ADE20K classes x 20 palettes),,"{""global_scene"": 1.0}",True,population,CIELab_D65_L_0_100_ab_signed,apparel,20,True,True,0,21,20,ade093_apparel_06,32.73356054777676,1.6121630916815244,0,0.004561473149806261,0.0,0.0,0.3171730041503906,6.377588748931885,0.20809851783457134,0.0,1.0,1.6893467459835592,0.0001,2.5619573773774116,0,True,0.0001,65.62825536200938,0,True
50,10,15,0.2,0.013333333333333334,0.6,0.0001,0,17001,27001,37001,8,200,1000,5.0,,,1,ncf_select,3f1af891264523591d3a4ef1df6878cb41b2ed518e7e2cf0e492161b72013888,True,L_IG,NCF official release 150_20_hist.npy (150 ADE20K classes x 20 palettes),,"{""global_scene"": 1.0}",True,population,CIELab_D65_L_0_100_ab_signed,apparel,20,True,True,0,22,21,ade093_apparel_19,3.08071741177676,0.5940113023000564,0,0.004060554318130016,0.0,0.0,0.05952708050608635,5.820206642150879,0.20809851783457134,0.0,1.0,0.6293010181819644,0.0001,2.5619573773774116,0,True,0.0001,28.21250499823254,0,True
50,10,15,0.2,0.013333333333333334,0.6,0.0001,0,17001,27001,37001,8,200,1000,5.0,,,1,ncf_select,3f1af891264523591d3a4ef1df6878cb41b2ed518e7e2cf0e492161b72013888,True,L_IG,NCF official release 150_20_hist.npy (150 ADE20K classes x 20 palettes),,"{""global_scene"": 1.0}",True,population,CIELab_D65_L_0_100_ab_signed,apparel,20,True,True,0,23,22,ade093_apparel_11,40.13873903077676,1.2314364848217625,0,0.004516494460403919,0.0,0.0,0.3700103759765625,8.585206031799316,0.20809851783457134,0.0,1.0,1.311809474530624,0.0001,2.5619573773774116,0,True,0.0001,22.59875470283781,0,True
50,10,15,0.2,0.013333333333333334,0.6,0.0001,0,17001,27001,37001,8,200,1000,5.0,,,1,ncf_select,3f1af891264523591d3a4ef1df6878cb41b2ed518e7e2cf0e492161b72013888,True,L_IG,NCF official release 150_20_hist.npy (150 ADE20K classes x 20 palettes),,"{""global_scene"": 1.0}",True,population,CIELab_D65_L_0_100_ab_signed,apparel,20,True,True,0,24,23,ade093_apparel_14,24.805494096776762,1.0119734756663263,0,0.004154373425990343,0.0,0.0,0.11578115075826645,5.141998767852783,0.20809851783457134,0.0,1.0,1.023790777566242,0.0001,2.5619573773774116,0,True,0.0001,9.658400125455254,0,True
50,10,15,0.2,0.013333333333333334,0.6,0.0001,0,17001,27001,37001,8,200,1000,5.0,,,1,ncf_select,3f1af891264523591d3a4ef1df6878cb41b2ed518e7e2cf0e492161b72013888,True,L_IG,NCF official release 150_20_hist.npy (150 ADE20K classes x 20 palettes),,"{""global_scene"": 1.0}",True,population,CIELab_D65_L_0_100_ab_signed,apparel,20,True,True,0,25,24,ade093_apparel_04,6.219713140776761,1.7321211250724349,0,0.004211270250380039,0.0,0.0,0.3007291257381439,5.8918914794921875,0.20809851783457134,0.0,1.0,1.7885828378954691,0.0001,2.5619573773774116,0,True,0.0001,114.76474655893715,0,True
50,10,15,0.2,0.013333333333333334,0.6,0.0001,0,17001,27001,37001,8,200,1000,5.0,,,1,ncf_select,3f1af891264523591d3a4ef1df6878cb41b2ed518e7e2cf0e492161b72013888,True,L_IG,NCF official release 150_20_hist.npy (150 ADE20K classes x 20 palettes),,"{""global_scene"": 1.0}",True,population,CIELab_D65_L_0_100_ab_signed,apparel,20,True,True,0,26,25,ade093_apparel_01,19.229243914223233,0.9723359643390953,0,0.003873163601383567,0.0,0.0,0.09228134155273438,3.5992369651794434,0.20809851783457134,0.0,1.0,0.9680062551450832,0.0001,2.5619573773774116,0,True,0.0001,12.05742349660714,0,True
50,10,15,0.2,0.013333333333333334,0.6,0.0001,0,17001,27001,37001,8,200,1000,5.0,,,1,ncf_select,3f1af891264523591d3a4ef1df6878cb41b2ed518e7e2cf0e492161b72013888,True,L_IG,NCF official release 150_20_hist.npy (150 ADE20K classes x 20 palettes),,"{""global_scene"": 1.0}",True,population,CIELab_D65_L_0_100_ab_signed,apparel,20,True,True,0,27,26,ade093_apparel_09,0.01659712422323878,1.070617584211453,0,0.004381686449050903,0.0,0.0,0.2204996794462204,4.822013854980469,0.20809851783457134,0.0,1.0,1.0950921587296996,0.0001,2.5619573773774116,0,True,0.0001,42.96146995103422,0,True
50,10,15,0.2,0.013333333333333334,0.6,0.0001,0,17001,27001,37001,8,200,1000,5.0,,,1,ncf_select,3f1af891264523591d3a4ef1df6878cb41b2ed518e7e2cf0e492161b72013888,True,L_IG,NCF official release 150_20_hist.npy (150 ADE20K classes x 20 palettes),,"{""global_scene"": 1.0}",True,population,CIELab_D65_L_0_100_ab_signed,apparel,20,True,True,0,28,27,ade093_apparel_09,0.01659712422323878,1.070617584211453,0,0.004381686449050903,0.0,0.0,0.2204996794462204,4.822013854980469,0.20809851783457134,0.0,1.0,1.0950921587296996,0.0001,2.5619573773774116,0,True,0.0001,42.96146995103422,0,True
50,10,15,0.2,0.013333333333333334,0.6,0.0001,0,17001,27001,37001,8,200,1000,5.0,,,1,ncf_select,3f1af891264523591d3a4ef1df6878cb41b2ed518e7e2cf0e492161b72013888,True,L_IG,NCF official release 150_20_hist.npy (150 ADE20K classes x 20 palettes),,"{""global_scene"": 1.0}",True,population,CIELab_D65_L_0_100_ab_signed,apparel,20,True,True,0,29,28,ade093_apparel_09,0.01659712422323878,1.070617584211453,0,0.004381686449050903,0.0,0.0,0.2204996794462204,4.822013854980469,0.20809851783457134,0.0,1.0,1.0950921587296996,0.0001,2.5619573773774116,0,True,0.0001,42.96146995103422,0,True
50,10,15,0.2,0.013333333333333334,0.6,0.0001,0,17001,27001,37001,8,200,1000,5.0,,,1,ncf_select,3f1af891264523591d3a4ef1df6878cb41b2ed518e7e2cf0e492161b72013888,True,L_IG,NCF official release 150_20_hist.npy (150 ADE20K classes x 20 palettes),,"{""global_scene"": 1.0}",True,population,CIELab_D65_L_0_100_ab_signed,apparel,20,True,True,0,30,29,ade093_apparel_00,4.448400200223233,0.7174915710329959,0,0.004987236112356186,0.0,0.0,0.009675344452261925,2.762421131134033,0.20809851783457134,0.0,1.0,0.7529394046989415,0.0001,2.5619573773774116,0,True,0.0001,13.678486643097541,0,True
50,10,15,0.2,0.013333333333333334,0.6,0.0001,0,17001,27001,37001,8,200,1000,5.0,,,1,ncf_select,3f1af891264523591d3a4ef1df6878cb41b2ed518e7e2cf0e492161b72013888,True,L_IG,NCF official release 150_20_hist.npy (150 ADE20K classes x 20 palettes),,"{""global_scene"": 1.0}",True,population,CIELab_D65_L_0_100_ab_signed,apparel,20,True,True,0,31,30,ade093_apparel_01,19.229243914223233,0.9723359643390953,0,0.003873163601383567,0.0,0.0,0.09228134155273438,3.5992369651794434,0.20809851783457134,0.0,1.0,0.9680062551450832,0.0001,2.5619573773774116,0,True,0.0001,12.05742349660714,0,True
50,10,15,0.2,0.013333333333333334,0.6,0.0001,0,17001,27001,37001,8,200,1000,5.0,,,1,ncf_select,3f1af891264523591d3a4ef1df6878cb41b2ed518e7e2cf0e492161b72013888,True,L_IG,NCF official release 150_20_hist.npy (150 ADE20K classes x 20 palettes),,"{""global_scene"": 1.0}",True,population,CIELab_D65_L_0_100_ab_signed,apparel,20,True,True,0,32,31,ade093_apparel_12,22.319281731776762,1.164320446521318,0,0.0044153593480587006,0.0,0.0,0.3225148618221283,7.548335075378418,0.20809851783457134,0.0,1.0,1.209959938619046,0.0001,2.5619573773774116,0,True,0.0001,23.523149998259584,0,True
50,10,15,0.2,0.013333333333333334,0.6,0.0001,0,17001,27001,37001,8,200,1000,5.0,,,1,ncf_select,3f1af891264523591d3a4ef1df6878cb41b2ed518e7e2cf0e492161b72013888,True,L_IG,NCF official release 150_20_hist.npy (150 ADE20K classes x 20 palettes),,"{""global_scene"": 1.0}",True,population,CIELab_D65_L_0_100_ab_signed,apparel,20,True,True,0,33,32,ade093_apparel_03,13.549542679776764,0.8834133527373681,0,0.005358285736292601,0.0,0.0,0.0318349227309227,3.704119920730591,0.20809851783457134,0.0,1.0,0.8935820388926041,0.0001,2.5619573773774116,0,True,0.0001,7.579103240094226,0,True
50,10,15,0.2,0.013333333333333334,0.6,0.0001,0,17001,27001,37001,8,200,1000,5.0,,,1,ncf_select,3f1af891264523591d3a4ef1df6878cb41b2ed518e7e2cf0e492161b72013888,True,L_IG,NCF official release 150_20_hist.npy (150 ADE20K classes x 20 palettes),,"{""global_scene"": 1.0}",True,population,CIELab_D65_L_0_100_ab_signed,apparel,20,True,True,0,34,33,ade093_apparel_00,4.448400200223233,0.7174915710329959,0,0.004987236112356186,0.0,0.0,0.009675344452261925,2.762421131134033,0.20809851783457134,0.0,1.0,0.7529394046989415,0.0001,2.5619573773774116,0,True,0.0001,13.678486643097541,0,True
50,10,15,0.2,0.013333333333333334,0.6,0.0001,0,17001,27001,37001,8,200,1000,5.0,,,1,ncf_select,3f1af891264523591d3a4ef1df6878cb41b2ed518e7e2cf0e492161b72013888,True,L_IG,NCF official release 150_20_hist.npy (150 ADE20K classes x 20 palettes),,"{""global_scene"": 1.0}",True,population,CIELab_D65_L_0_100_ab_signed,apparel,20,True,True,0,35,34,ade093_apparel_15,34.016586800776764,1.5361091176124024,0,0.004009880591183901,0.0,0.0,0.3591957092285156,6.969758987426758,0.20809851783457134,0.0,1.0,1.6376748125897926,0.0001,2.5619573773774116,0,True,0.0001,20.418064158211717,0,True
50,10,15,0.2,0.013333333333333334,0.6,0.0001,0,17001,27001,37001,8,200,1000,5.0,,,1,ncf_select,3f1af891264523591d3a4ef1df6878cb41b2ed518e7e2cf0e492161b72013888,True,L_IG,NCF official release 150_20_hist.npy (150 ADE20K classes x 20 palettes),,"{""global_scene"": 1.0}",True,population,CIELab_D65_L_0_100_ab_signed,apparel,20,True,True,0,36,35,ade093_apparel_05,3.775597514223236,0.6748377396676781,0,0.004178531002253294,0.0,0.0,0.1032257080078125,6.400187969207764,0.20809851783457134,0.0,1.0,0.6665319480830022,0.0001,2.5619573773774116,0,True,0.0001,13.540321523783662,0,True
50,10,15,0.2,0.013333333333333334,0.6,0.0001,0,17001,27001,37001,8,200,1000,5.0,,,1,ncf_select,3f1af891264523591d3a4ef1df6878cb41b2ed518e7e2cf0e492161b72013888,True,L_IG,NCF official release 150_20_hist.npy (150 ADE20K classes x 20 palettes),,"{""global_scene"": 1.0}",True,population,CIELab_D65_L_0_100_ab_signed,apparel,20,True,True,0,37,36,ade093_apparel_02,21.569348471776763,1.9968806205849183,0,0.004583556670695543,0.0,0.0,0.33203762769699097,4.497076034545898,0.20809851783457134,0.0,1.0,2.065004000582482,0.0001,2.5619573773774116,0,True,0.0001,69.36432648787414,0,True
50,10,15,0.2,0.013333333333333334,0.6,0.0001,0,17001,27001,37001,8,200,1000,5.0,,,1,ncf_select,3f1af891264523591d3a4ef1df6878cb41b2ed518e7e2cf0e492161b72013888,True,L_IG,NCF official release 150_20_hist.npy (150 ADE20K classes x 20 palettes),,"{""global_scene"": 1.0}",True,population,CIELab_D65_L_0_100_ab_signed,apparel,20,True,True,0,38,37,ade093_apparel_19,3.08071741177676,0.5940113023000564,0,0.004060554318130016,0.0,0.0,0.05952708050608635,5.820206642150879,0.20809851783457134,0.0,1.0,0.6293010181819644,0.0001,2.5619573773774116,0,True,0.0001,28.21250499823254,0,True
50,10,15,0.2,0.013333333333333334,0.6,0.0001,0,17001,27001,37001,8,200,1000,5.0,,,1,ncf_select,3f1af891264523591d3a4ef1df6878cb41b2ed518e7e2cf0e492161b72013888,True,L_IG,NCF official release 150_20_hist.npy (150 ADE20K classes x 20 palettes),,"{""global_scene"": 1.0}",True,population,CIELab_D65_L_0_100_ab_signed,apparel,20,True,True,0,39,38,ade093_apparel_11,40.13873903077676,1.2314364848217625,0,0.004516494460403919,0.0,0.0,0.3700103759765625,8.585206031799316,0.20809851783457134,0.0,1.0,1.311809474530624,0.0001,2.5619573773774116,0,True,0.0001,22.59875470283781,0,True
50,10,15,0.2,0.013333333333333334,0.6,0.0001,0,17001,27001,37001,8,200,1000,5.0,,,1,ncf_select,3f1af891264523591d3a4ef1df6878cb41b2ed518e7e2cf0e492161b72013888,True,L_IG,NCF official release 150_20_hist.npy (150 ADE20K classes x 20 palettes),,"{""global_scene"": 1.0}",True,population,CIELab_D65_L_0_100_ab_signed,apparel,20,True,True,0,40,39,ade093_apparel_08,23.19436835377676,0.8975228416594827,0,0.005095633678138256,0.0,0.0,0.1070048063993454,6.17667293548584,0.20809851783457134,0.0,1.0,0.9053942154312871,0.0001,2.5619573773774116,0,True,0.0001,9.44909492151317,0,True
50,10,15,0.2,0.013333333333333334,0.6,0.0001,0,17001,27001,37001,8,200,1000,5.0,,,1,ncf_select,3f1af891264523591d3a4ef1df6878cb41b2ed518e7e2cf0e492161b72013888,True,L_IG,NCF official release 150_20_hist.npy (150 ADE20K classes x 20 palettes),,"{""global_scene"": 1.0}",True,population,CIELab_D65_L_0_100_ab_signed,apparel,20,True,True,0,41,40,ade093_apparel_18,21.83342234577676,0.7049385904760218,0,0.004386403132230043,0.0,0.0,0.21730677783489227,7.417181015014648,0.20809851783457134,0.0,1.0,0.7321290705372797,0.0001,2.5619573773774116,0,True,0.0001,27.727074725308558,0,True
50,10,15,0.2,0.013333333333333334,0.6,0.0001,0,17001,27001,37001,8,200,1000,5.0,,,1,ncf_select,3f1af891264523591d3a4ef1df6878cb41b2ed518e7e2cf0e492161b72013888,True,L_IG,NCF official release 150_20_hist.npy (150 ADE20K classes x 20 palettes),,"{""global_scene"": 1.0}",True,population,CIELab_D65_L_0_100_ab_signed,apparel,20,True,True,0,42,41,ade093_apparel_03,13.549542679776764,0.8834133527373681,0,0.005358285736292601,0.0,0.0,0.0318349227309227,3.704119920730591,0.20809851783457134,0.0,1.0,0.8935820388926041,0.0001,2.5619573773774116,0,True,0.0001,7.579103240094226,0,True
50,10,15,0.2,0.013333333333333334,0.6,0.0001,0,17001,27001,37001,8,200,1000,5.0,,,1,ncf_select,3f1af891264523591d3a4ef1df6878cb41b2ed518e7e2cf0e492161b72013888,True,L_IG,NCF official release 150_20_hist.npy (150 ADE20K classes x 20 palettes),,"{""global_scene"": 1.0}",True,population,CIELab_D65_L_0_100_ab_signed,apparel,20,True,True,0,43,42,ade093_apparel_16,48.19531019277676,0.6834396288863396,0,0.003508317284286022,0.0,0.0,0.34098944067955017,9.172623634338379,0.20809851783457134,0.0,1.0,0.6285960195108868,0.0001,2.5619573773774116,0,True,0.0001,3.1442108354330105,0,True
50,10,15,0.2,0.013333333333333334,0.6,0.0001,0,17001,27001,37001,8,200,1000,5.0,,,1,ncf_select,3f1af891264523591d3a4ef1df6878cb41b2ed518e7e2cf0e492161b72013888,True,L_IG,NCF official release 150_20_hist.npy (150 ADE20K classes x 20 palettes),,"{""global_scene"": 1.0}",True,population,CIELab_D65_L_0_100_ab_signed,apparel,20,True,True,0,44,43,ade093_apparel_09,0.01659712422323878,1.070617584211453,0,0.004381686449050903,0.0,0.0,0.2204996794462204,4.822013854980469,0.20809851783457134,0.0,1.0,1.0950921587296996,0.0001,2.5619573773774116,0,True,0.0001,42.96146995103422,0,True
50,10,15,0.2,0.013333333333333334,0.6,0.0001,0,17001,27001,37001,8,200,1000,5.0,,,1,ncf_select,3f1af891264523591d3a4ef1df6878cb41b2ed518e7e2cf0e492161b72013888,True,L_IG,NCF official release 150_20_hist.npy (150 ADE20K classes x 20 palettes),,"{""global_scene"": 1.0}",True,population,CIELab_D65_L_0_100_ab_signed,apparel,20,True,True,0,45,44,ade093_apparel_11,40.13873903077676,1.2314364848217625,0,0.004516494460403919,0.0,0.0,0.3700103759765625,8.585206031799316,0.20809851783457134,0.0,1.0,1.311809474530624,0.0001,2.5619573773774116,0,True,0.0001,22.59875470283781,0,True
50,10,15,0.2,0.013333333333333334,0.6,0.0001,0,17001,27001,37001,8,200,1000,5.0,,,1,ncf_select,3f1af891264523591d3a4ef1df6878cb41b2ed518e7e2cf0e492161b72013888,True,L_IG,NCF official release 150_20_hist.npy (150 ADE20K classes x 20 palettes),,"{""global_scene"": 1.0}",True,population,CIELab_D65_L_0_100_ab_signed,apparel,20,True,True,0,46,45,ade093_apparel_17,47.619535516776764,1.0401231017119834,0,0.004275679122656584,0.0,0.0,0.3259696960449219,8.560419082641602,0.20809851783457134,0.0,1.0,1.0949912956088097,0.0001,2.5619573773774116,0,True,0.0001,25.57759225725133,0,True
50,10,15,0.2,0.013333333333333334,0.6,0.0001,0,17001,27001,37001,8,200,1000,5.0,,,1,ncf_select,3f1af891264523591d3a4ef1df6878cb41b2ed518e7e2cf0e492161b72013888,True,L_IG,NCF official release 150_20_hist.npy (150 ADE20K classes x 20 palettes),,"{""global_scene"": 1.0}",True,population,CIELab_D65_L_0_100_ab_signed,apparel,20,True,True,0,47,46,ade093_apparel_03,13.549542679776764,0.8834133527373681,0,0.005358285736292601,0.0,0.0,0.0318349227309227,3.704119920730591,0.20809851783457134,0.0,1.0,0.8935820388926041,0.0001,2.5619573773774116,0,True,0.0001,7.579103240094226,0,True
50,10,15,0.2,0.013333333333333334,0.6,0.0001,0,17001,27001,37001,8,200,1000,5.0,,,1,ncf_select,3f1af891264523591d3a4ef1df6878cb41b2ed518e7e2cf0e492161b72013888,True,L_IG,NCF official release 150_20_hist.npy (150 ADE20K classes x 20 palettes),,"{""global_scene"": 1.0}",True,population,CIELab_D65_L_0_100_ab_signed,apparel,20,True,True,0,48,47,ade093_apparel_15,34.016586800776764,1.5361091176124024,0,0.004009880591183901,0.0,0.0,0.3591957092285156,6.969758987426758,0.20809851783457134,0.0,1.0,1.6376748125897926,0.0001,2.5619573773774116,0,True,0.0001,20.418064158211717,0,True
50,10,15,0.2,0.013333333333333334,0.6,0.0001,0,17001,27001,37001,8,200,1000,5.0,,,1,ncf_select,3f1af891264523591d3a4ef1df6878cb41b2ed518e7e2cf0e492161b72013888,True,L_IG,NCF official release 150_20_hist.npy (150 ADE20K classes x 20 palettes),,"{""global_scene"": 1.0}",True,population,CIELab_D65_L_0_100_ab_signed,apparel,20,True,True,0,49,48,ade093_apparel_02,21.569348471776763,1.9968806205849183,0,0.004583556670695543,0.0,0.0,0.33203762769699097,4.497076034545898,0.20809851783457134,0.0,1.0,2.065004000582482,0.0001,2.5619573773774116,0,True,0.0001,69.36432648787414,0,True
50,10,15,0.2,0.013333333333333334,0.6,0.0001,0,17001,27001,37001,8,200,1000,5.0,,,1,ncf_select,3f1af891264523591d3a4ef1df6878cb41b2ed518e7e2cf0e492161b72013888,True,L_IG,NCF official release 150_20_hist.npy (150 ADE20K classes x 20 palettes),,"{""global_scene"": 1.0}",True,population,CIELab_D65_L_0_100_ab_signed,apparel,20,True,True,0,50,49,ade093_apparel_11,40.13873903077676,1.2314364848217625,0,0.004516494460403919,0.0,0.0,0.3700103759765625,8.585206031799316,0.20809851783457134,0.0,1.0,1.311809474530624,0.0001,2.5619573773774116,0,True,0.0001,22.59875470283781,0,True
50,10,15,0.2,0.013333333333333334,0.6,0.0001,0,17001,27001,37001,8,200,1000,5.0,,,1,ncf_select,3f1af891264523591d3a4ef1df6878cb41b2ed518e7e2cf0e492161b72013888,True,L_IG,NCF official release 150_20_hist.npy (150 ADE20K classes x 20 palettes),,"{""global_scene"": 1.0}",True,population,CIELab_D65_L_0_100_ab_signed,apparel,20,True,True,1,1,0,ade093_apparel_05,3.775597514223236,0.6748377396676781,0,0.004178531002253294,0.0,0.0,0.1032257080078125,6.400187969207764,0.20809851783457134,0.0,1.0,0.6665319480830022,0.0001,2.5619573773774116,0,True,0.0001,13.540321523783662,0,True
50,10,15,0.2,0.013333333333333334,0.6,0.0001,0,17001,27001,37001,8,200,1000,5.0,,,1,ncf_select,3f1af891264523591d3a4ef1df6878cb41b2ed518e7e2cf0e492161b72013888,True,L_IG,NCF official release 150_20_hist.npy (150 ADE20K classes x 20 palettes),,"{""global_scene"": 1.0}",True,population,CIELab_D65_L_0_100_ab_signed,apparel,20,True,True,1,2,1,ade093_apparel_19,3.08071741177676,0.5940113023000564,0,0.004060554318130016,0.0,0.0,0.05952708050608635,5.820206642150879,0.20809851783457134,0.0,1.0,0.6293010181819644,0.0001,2.5619573773774116,0,True,0.0001,28.21250499823254,0,True
50,10,15,0.2,0.013333333333333334,0.6,0.0001,0,17001,27001,37001,8,200,1000,5.0,,,1,ncf_select,3f1af891264523591d3a4ef1df6878cb41b2ed518e7e2cf0e492161b72013888,True,L_IG,NCF official release 150_20_hist.npy (150 ADE20K classes x 20 palettes),,"{""global_scene"": 1.0}",True,population,CIELab_D65_L_0_100_ab_signed,apparel,20,True,True,1,3,2,ade093_apparel_04,6.219713140776761,1.7321211250724349,0,0.004211270250380039,0.0,0.0,0.3007291257381439,5.8918914794921875,0.20809851783457134,0.0,1.0,1.7885828378954691,0.0001,2.5619573773774116,0,True,0.0001,114.76474655893715,0,True
50,10,15,0.2,0.013333333333333334,0.6,0.0001,0,17001,27001,37001,8,200,1000,5.0,,,1,ncf_select,3f1af891264523591d3a4ef1df6878cb41b2ed518e7e2cf0e492161b72013888,True,L_IG,NCF official release 150_20_hist.npy (150 ADE20K classes x 20 palettes),,"{""global_scene"": 1.0}",True,population,CIELab_D65_L_0_100_ab_signed,apparel,20,True,True,1,4,3,ade093_apparel_08,23.19436835377676,0.8975228416594827,0,0.005095633678138256,0.0,0.0,0.1070048063993454,6.17667293548584,0.20809851783457134,0.0,1.0,0.9053942154312871,0.0001,2.5619573773774116,0,True,0.0001,9.44909492151317,0,True
50,10,15,0.2,0.013333333333333334,0.6,0.0001,0,17001,27001,37001,8,200,1000,5.0,,,1,ncf_select,3f1af891264523591d3a4ef1df6878cb41b2ed518e7e2cf0e492161b72013888,True,L_IG,NCF official release 150_20_hist.npy (150 ADE20K classes x 20 palettes),,"{""global_scene"": 1.0}",True,population,CIELab_D65_L_0_100_ab_signed,apparel,20,True,True,1,5,4,ade093_apparel_03,13.549542679776764,0.8834133527373681,0,0.005358285736292601,0.0,0.0,0.0318349227309227,3.704119920730591,0.20809851783457134,0.0,1.0,0.8935820388926041,0.0001,2.5619573773774116,0,True,0.0001,7.579103240094226,0,True
50,10,15,0.2,0.013333333333333334,0.6,0.0001,0,17001,27001,37001,8,200,1000,5.0,,,1,ncf_select,3f1af891264523591d3a4ef1df6878cb41b2ed518e7e2cf0e492161b72013888,True,L_IG,NCF official release 150_20_hist.npy (150 ADE20K classes x 20 palettes),,"{""global_scene"": 1.0}",True,population,CIELab_D65_L_0_100_ab_signed,apparel,20,True,True,1,6,5,ade093_apparel_13,16.484754753776762,0.8096338947218743,0,0.0047223265282809734,0.0,0.0,0.0202484130859375,3.8241829872131348,0.20809851783457134,0.0,1.0,0.7816295969003764,0.0001,2.5619573773774116,0,True,0.0001,5.005578498102056,0,True
50,10,15,0.2,0.013333333333333334,0.6,0.0001,0,17001,27001,37001,8,200,1000,5.0,,,1,ncf_select,3f1af891264523591d3a4ef1df6878cb41b2ed518e7e2cf0e492161b72013888,True,L_IG,NCF official release 150_20_hist.npy (150 ADE20K classes x 20 palettes),,"{""global_scene"": 1.0}",True,population,CIELab_D65_L_0_100_ab_signed,apparel,20,True,True,1,7,6,ade093_apparel_11,40.13873903077676,1.2314364848217625,0,0.004516494460403919,0.0,0.0,0.3700103759765625,8.585206031799316,0.20809851783457134,0.0,1.0,1.311809474530624,0.0001,2.5619573773774116,0,True,0.0001,22.59875470283781,0,True
50,10,15,0.2,0.013333333333333334,0.6,0.0001,0,17001,27001,37001,8,200,1000,5.0,,,1,ncf_select,3f1af891264523591d3a4ef1df6878cb41b2ed518e7e2cf0e492161b72013888,True,L_IG,NCF official release 150_20_hist.npy (150 ADE20K classes x 20 palettes),,"{""global_scene"": 1.0}",True,population,CIELab_D65_L_0_100_ab_signed,apparel,20,True,True,1,8,7,ade093_apparel_01,19.229243914223233,0.9723359643390953,0,0.003873163601383567,0.0,0.0,0.09228134155273438,3.5992369651794434,0.20809851783457134,0.0,1.0,0.9680062551450832,0.0001,2.5619573773774116,0,True,0.0001,12.05742349660714,0,True
50,10,15,0.2,0.013333333333333334,0.6,0.0001,0,17001,27001,37001,8,200,1000,5.0,,,1,ncf_select,3f1af891264523591d3a4ef1df6878cb41b2ed518e7e2cf0e492161b72013888,True,L_IG,NCF official release 150_20_hist.npy (150 ADE20K classes x 20 palettes),,"{""global_scene"": 1.0}",True,population,CIELab_D65_L_0_100_ab_signed,apparel,20,True,True,1,9,8,ade093_apparel_19,3.08071741177676,0.5940113023000564,0,0.004060554318130016,0.0,0.0,0.05952708050608635,5.820206642150879,0.20809851783457134,0.0,1.0,0.6293010181819644,0.0001,2.5619573773774116,0,True,0.0001,28.21250499823254,0,True
50,10,15,0.2,0.013333333333333334,0.6,0.0001,0,17001,27001,37001,8,200,1000,5.0,,,1,ncf_select,3f1af891264523591d3a4ef1df6878cb41b2ed518e7e2cf0e492161b72013888,True,L_IG,NCF official release 150_20_hist.npy (150 ADE20K classes x 20 palettes),,"{""global_scene"": 1.0}",True,population,CIELab_D65_L_0_100_ab_signed,apparel,20,True,True,1,10,9,ade093_apparel_12,22.319281731776762,1.164320446521318,0,0.0044153593480587006,0.0,0.0,0.3225148618221283,7.548335075378418,0.20809851783457134,0.0,1.0,1.209959938619046,0.0001,2.5619573773774116,0,True,0.0001,23.523149998259584,0,True
50,10,15,0.2,0.013333333333333334,0.6,0.0001,0,17001,27001,37001,8,200,1000,5.0,,,1,ncf_select,3f1af891264523591d3a4ef1df6878cb41b2ed518e7e2cf0e492161b72013888,True,L_IG,NCF official release 150_20_hist.npy (150 ADE20K classes x 20 palettes),,"{""global_scene"": 1.0}",True,population,CIELab_D65_L_0_100_ab_signed,apparel,20,True,True,1,11,10,ade093_apparel_08,23.19436835377676,0.8975228416594827,0,0.005095633678138256,0.0,0.0,0.1070048063993454,6.17667293548584,0.20809851783457134,0.0,1.0,0.9053942154312871,0.0001,2.5619573773774116,0,True,0.0001,9.44909492151317,0,True
50,10,15,0.2,0.013333333333333334,0.6,0.0001,0,17001,27001,37001,8,200,1000,5.0,,,1,ncf_select,3f1af891264523591d3a4ef1df6878cb41b2ed518e7e2cf0e492161b72013888,True,L_IG,NCF official release 150_20_hist.npy (150 ADE20K classes x 20 palettes),,"{""global_scene"": 1.0}",True,population,CIELab_D65_L_0_100_ab_signed,apparel,20,True,True,1,12,11,ade093_apparel_09,0.01659712422323878,1.070617584211453,0,0.004381686449050903,0.0,0.0,0.2204996794462204,4.822013854980469,0.20809851783457134,0.0,1.0,1.0950921587296996,0.0001,2.5619573773774116,0,True,0.0001,42.96146995103422,0,True
50,10,15,0.2,0.013333333333333334,0.6,0.0001,0,17001,27001,37001,8,200,1000,5.0,,,1,ncf_select,3f1af891264523591d3a4ef1df6878cb41b2ed518e7e2cf0e492161b72013888,True,L_IG,NCF official release 150_20_hist.npy (150 ADE20K classes x 20 palettes),,"{""global_scene"": 1.0}",True,population,CIELab_D65_L_0_100_ab_signed,apparel,20,True,True,1,13,12,ade093_apparel_16,48.19531019277676,0.6834396288863396,0,0.003508317284286022,0.0,0.0,0.34098944067955017,9.172623634338379,0.20809851783457134,0.0,1.0,0.6285960195108868,0.0001,2.5619573773774116,0,True,0.0001,3.1442108354330105,0,True
50,10,15,0.2,0.013333333333333334,0.6,0.0001,0,17001,27001,37001,8,200,1000,5.0,,,1,ncf_select,3f1af891264523591d3a4ef1df6878cb41b2ed518e7e2cf0e492161b72013888,True,L_IG,NCF official release 150_20_hist.npy (150 ADE20K classes x 20 palettes),,"{""global_scene"": 1.0}",True,population,CIELab_D65_L_0_100_ab_signed,apparel,20,True,True,1,14,13,ade093_apparel_03,13.549542679776764,0.8834133527373681,0,0.005358285736292601,0.0,0.0,0.0318349227309227,3.704119920730591,0.20809851783457134,0.0,1.0,0.8935820388926041,0.0001,2.5619573773774116,0,True,0.0001,7.579103240094226,0,True
50,10,15,0.2,0.013333333333333334,0.6,0.0001,0,17001,27001,37001,8,200,1000,5.0,,,1,ncf_select,3f1af891264523591d3a4ef1df6878cb41b2ed518e7e2cf0e492161b72013888,True,L_IG,NCF official release 150_20_hist.npy (150 ADE20K classes x 20 palettes),,"{""global_scene"": 1.0}",True,population,CIELab_D65_L_0_100_ab_signed,apparel,20,True,True,1,15,14,ade093_apparel_13,16.484754753776762,0.8096338947218743,0,0.0047223265282809734,0.0,0.0,0.0202484130859375,3.8241829872131348,0.20809851783457134,0.0,1.0,0.7816295969003764,0.0001,2.5619573773774116,0,True,0.0001,5.005578498102056,0,True
50,10,15,0.2,0.013333333333333334,0.6,0.0001,0,17001,27001,37001,8,200,1000,5.0,,,1,ncf_select,3f1af891264523591d3a4ef1df6878cb41b2ed518e7e2cf0e492161b72013888,True,L_IG,NCF official release 150_20_hist.npy (150 ADE20K classes x 20 palettes),,"{""global_scene"": 1.0}",True,population,CIELab_D65_L_0_100_ab_signed,apparel,20,True,True,1,16,15,ade093_apparel_00,4.448400200223233,0.7174915710329959,0,0.004987236112356186,0.0,0.0,0.009675344452261925,2.762421131134033,0.20809851783457134,0.0,1.0,0.7529394046989415,0.0001,2.5619573773774116,0,True,0.0001,13.678486643097541,0,True
50,10,15,0.2,0.013333333333333334,0.6,0.0001,0,17001,27001,37001,8,200,1000,5.0,,,1,ncf_select,3f1af891264523591d3a4ef1df6878cb41b2ed518e7e2cf0e492161b72013888,True,L_IG,NCF official release 150_20_hist.npy (150 ADE20K classes x 20 palettes),,"{""global_scene"": 1.0}",True,population,CIELab_D65_L_0_100_ab_signed,apparel,20,True,True,1,17,16,ade093_apparel_02,21.569348471776763,1.9968806205849183,0,0.004583556670695543,0.0,0.0,0.33203762769699097,4.497076034545898,0.20809851783457134,0.0,1.0,2.065004000582482,0.0001,2.5619573773774116,0,True,0.0001,69.36432648787414,0,True
50,10,15,0.2,0.013333333333333334,0.6,0.0001,0,17001,27001,37001,8,200,1000,5.0,,,1,ncf_select,3f1af891264523591d3a4ef1df6878cb41b2ed518e7e2cf0e492161b72013888,True,L_IG,NCF official release 150_20_hist.npy (150 ADE20K classes x 20 palettes),,"{""global_scene"": 1.0}",True,population,CIELab_D65_L_0_100_ab_signed,apparel,20,True,True,1,18,17,ade093_apparel_01,19.229243914223233,0.9723359643390953,0,0.003873163601383567,0.0,0.0,0.09228134155273438,3.5992369651794434,0.20809851783457134,0.0,1.0,0.9680062551450832,0.0001,2.5619573773774116,0,True,0.0001,12.05742349660714,0,True
50,10,15,0.2,0.013333333333333334,0.6,0.0001,0,17001,27001,37001,8,200,1000,5.0,,,1,ncf_select,3f1af891264523591d3a4ef1df6878cb41b2ed518e7e2cf0e492161b72013888,True,L_IG,NCF official release 150_20_hist.npy (150 ADE20K classes x 20 palettes),,"{""global_scene"": 1.0}",True,population,CIELab_D65_L_0_100_ab_signed,apparel,20,True,True,1,19,18,ade093_apparel_02,21.569348471776763,1.9968806205849183,0,0.004583556670695543,0.0,0.0,0.33203762769699097,4.497076034545898,0.20809851783457134,0.0,1.0,2.065004000582482,0.0001,2.5619573773774116,0,True,0.0001,69.36432648787414,0,True
50,10,15,0.2,0.013333333333333334,0.6,0.0001,0,17001,27001,37001,8,200,1000,5.0,,,1,ncf_select,3f1af891264523591d3a4ef1df6878cb41b2ed518e7e2cf0e492161b72013888,True,L_IG,NCF official release 150_20_hist.npy (150 ADE20K classes x 20 palettes),,"{""global_scene"": 1.0}",True,population,CIELab_D65_L_0_100_ab_signed,apparel,20,True,True,1,20,19,ade093_apparel_16,48.19531019277676,0.6834396288863396,0,0.003508317284286022,0.0,0.0,0.34098944067955017,9.172623634338379,0.20809851783457134,0.0,1.0,0.6285960195108868,0.0001,2.5619573773774116,0,True,0.0001,3.1442108354330105,0,True
50,10,15,0.2,0.013333333333333334,0.6,0.0001,0,17001,27001,37001,8,200,1000,5.0,,,1,ncf_select,3f1af891264523591d3a4ef1df6878cb41b2ed518e7e2cf0e492161b72013888,True,L_IG,NCF official release 150_20_hist.npy (150 ADE20K classes x 20 palettes),,"{""global_scene"": 1.0}",True,population,CIELab_D65_L_0_100_ab_signed,apparel,20,True,True,1,21,20,ade093_apparel_10,0.6310570902232371,1.638137277742129,0,0.0047023845836520195,0.0,0.0,0.17089971899986267,1.9284114837646484,0.20809851783457134,0.0,1.0,1.6851142953234455,0.0001,2.5619573773774116,0,True,0.0001,39.50365121660779,0,True
50,10,15,0.2,0.013333333333333334,0.6,0.0001,0,17001,27001,37001,8,200,1000,5.0,,,1,ncf_select,3f1af891264523591d3a4ef1df6878cb41b2ed518e7e2cf0e492161b72013888,True,L_IG,NCF official release 150_20_hist.npy (150 ADE20K classes x 20 palettes),,"{""global_scene"": 1.0}",True,population,CIELab_D65_L_0_100_ab_signed,apparel,20,True,True,1,22,21,ade093_apparel_13,16.484754753776762,0.8096338947218743,0,0.0047223265282809734,0.0,0.0,0.0202484130859375,3.8241829872131348,0.20809851783457134,0.0,1.0,0.7816295969003764,0.0001,2.5619573773774116,0,True,0.0001,5.005578498102056,0,True
50,10,15,0.2,0.013333333333333334,0.6,0.0001,0,17001,27001,37001,8,200,1000,5.0,,,1,ncf_select,3f1af891264523591d3a4ef1df6878cb41b2ed518e7e2cf0e492161b72013888,True,L_IG,NCF official release 150_20_hist.npy (150 ADE20K classes x 20 palettes),,"{""global_scene"": 1.0}",True,population,CIELab_D65_L_0_100_ab_signed,apparel,20,True,True,1,23,22,ade093_apparel_06,32.73356054777676,1.6121630916815244,0,0.004561473149806261,0.0,0.0,0.3171730041503906,6.377588748931885,0.20809851783457134,0.0,1.0,1.6893467459835592,0.0001,2.5619573773774116,0,True,0.0001,65.62825536200938,0,True
50,10,15,0.2,0.013333333333333334,0.6,0.0001,0,17001,27001,37001,8,200,1000,5.0,,,1,ncf_select,3f1af891264523591d3a4ef1df6878cb41b2ed518e7e2cf0e492161b72013888,True,L_IG,NCF official release 150_20_hist.npy (150 ADE20K classes x 20 palettes),,"{""global_scene"": 1.0}",True,population,CIELab_D65_L_0_100_ab_signed,apparel,20,True,True,1,24,23,ade093_apparel_04,6.219713140776761,1.7321211250724349,0,0.004211270250380039,0.0,0.0,0.3007291257381439,5.8918914794921875,0.20809851783457134,0.0,1.0,1.7885828378954691,0.0001,2.5619573773774116,0,True,0.0001,114.76474655893715,0,True
50,10,15,0.2,0.013333333333333334,0.6,0.0001,0,17001,27001,37001,8,200,1000,5.0,,,1,ncf_select,3f1af891264523591d3a4ef1df6878cb41b2ed518e7e2cf0e492161b72013888,True,L_IG,NCF official release 150_20_hist.npy (150 ADE20K classes x 20 palettes),,"{""global_scene"": 1.0}",True,population,CIELab_D65_L_0_100_ab_signed,apparel,20,True,True,1,25,24,ade093_apparel_03,13.549542679776764,0.8834133527373681,0,0.005358285736292601,0.0,0.0,0.0318349227309227,3.704119920730591,0.20809851783457134,0.0,1.0,0.8935820388926041,0.0001,2.5619573773774116,0,True,0.0001,7.579103240094226,0,True
50,10,15,0.2,0.013333333333333334,0.6,0.0001,0,17001,27001,37001,8,200,1000,5.0,,,1,ncf_select,3f1af891264523591d3a4ef1df6878cb41b2ed518e7e2cf0e492161b72013888,True,L_IG,NCF official release 150_20_hist.npy (150 ADE20K classes x 20 palettes),,"{""global_scene"": 1.0}",True,population,CIELab_D65_L_0_100_ab_signed,apparel,20,True,True,1,26,25,ade093_apparel_16,48.19531019277676,0.6834396288863396,0,0.003508317284286022,0.0,0.0,0.34098944067955017,9.172623634338379,0.20809851783457134,0.0,1.0,0.6285960195108868,0.0001,2.5619573773774116,0,True,0.0001,3.1442108354330105,0,True
50,10,15,0.2,0.013333333333333334,0.6,0.0001,0,17001,27001,37001,8,200,1000,5.0,,,1,ncf_select,3f1af891264523591d3a4ef1df6878cb41b2ed518e7e2cf0e492161b72013888,True,L_IG,NCF official release 150_20_hist.npy (150 ADE20K classes x 20 palettes),,"{""global_scene"": 1.0}",True,population,CIELab_D65_L_0_100_ab_signed,apparel,20,True,True,1,27,26,ade093_apparel_14,24.805494096776762,1.0119734756663263,0,0.004154373425990343,0.0,0.0,0.11578115075826645,5.141998767852783,0.20809851783457134,0.0,1.0,1.023790777566242,0.0001,2.5619573773774116,0,True,0.0001,9.658400125455254,0,True
50,10,15,0.2,0.013333333333333334,0.6,0.0001,0,17001,27001,37001,8,200,1000,5.0,,,1,ncf_select,3f1af891264523591d3a4ef1df6878cb41b2ed518e7e2cf0e492161b72013888,True,L_IG,NCF official release 150_20_hist.npy (150 ADE20K classes x 20 palettes),,"{""global_scene"": 1.0}",True,population,CIELab_D65_L_0_100_ab_signed,apparel,20,True,True,1,28,27,ade093_apparel_12,22.319281731776762,1.164320446521318,0,0.0044153593480587006,0.0,0.0,0.3225148618221283,7.548335075378418,0.20809851783457134,0.0,1.0,1.209959938619046,0.0001,2.5619573773774116,0,True,0.0001,23.523149998259584,0,True
50,10,15,0.2,0.013333333333333334,0.6,0.0001,0,17001,27001,37001,8,200,1000,5.0,,,1,ncf_select,3f1af891264523591d3a4ef1df6878cb41b2ed518e7e2cf0e492161b72013888,True,L_IG,NCF official release 150_20_hist.npy (150 ADE20K classes x 20 palettes),,"{""global_scene"": 1.0}",True,population,CIELab_D65_L_0_100_ab_signed,apparel,20,True,True,1,29,28,ade093_apparel_09,0.01659712422323878,1.070617584211453,0,0.004381686449050903,0.0,0.0,0.2204996794462204,4.822013854980469,0.20809851783457134,0.0,1.0,1.0950921587296996,0.0001,2.5619573773774116,0,True,0.0001,42.96146995103422,0,True
50,10,15,0.2,0.013333333333333334,0.6,0.0001,0,17001,27001,37001,8,200,1000,5.0,,,1,ncf_select,3f1af891264523591d3a4ef1df6878cb41b2ed518e7e2cf0e492161b72013888,True,L_IG,NCF official release 150_20_hist.npy (150 ADE20K classes x 20 palettes),,"{""global_scene"": 1.0}",True,population,CIELab_D65_L_0_100_ab_signed,apparel,20,True,True,1,30,29,ade093_apparel_14,24.805494096776762,1.0119734756663263,0,0.004154373425990343,0.0,0.0,0.11578115075826645,5.141998767852783,0.20809851783457134,0.0,1.0,1.023790777566242,0.0001,2.5619573773774116,0,True,0.0001,9.658400125455254,0,True
50,10,15,0.2,0.013333333333333334,0.6,0.0001,0,17001,27001,37001,8,200,1000,5.0,,,1,ncf_select,3f1af891264523591d3a4ef1df6878cb41b2ed518e7e2cf0e492161b72013888,True,L_IG,NCF official release 150_20_hist.npy (150 ADE20K classes x 20 palettes),,"{""global_scene"": 1.0}",True,population,CIELab_D65_L_0_100_ab_signed,apparel,20,True,True,1,31,30,ade093_apparel_18,21.83342234577676,0.7049385904760218,0,0.004386403132230043,0.0,0.0,0.21730677783489227,7.417181015014648,0.20809851783457134,0.0,1.0,0.7321290705372797,0.0001,2.5619573773774116,0,True,0.0001,27.727074725308558,0,True
50,10,15,0.2,0.013333333333333334,0.6,0.0001,0,17001,27001,37001,8,200,1000,5.0,,,1,ncf_select,3f1af891264523591d3a4ef1df6878cb41b2ed518e7e2cf0e492161b72013888,True,L_IG,NCF official release 150_20_hist.npy (150 ADE20K classes x 20 palettes),,"{""global_scene"": 1.0}",True,population,CIELab_D65_L_0_100_ab_signed,apparel,20,True,True,1,32,31,ade093_apparel_16,48.19531019277676,0.6834396288863396,0,0.003508317284286022,0.0,0.0,0.34098944067955017,9.172623634338379,0.20809851783457134,0.0,1.0,0.6285960195108868,0.0001,2.5619573773774116,0,True,0.0001,3.1442108354330105,0,True
50,10,15,0.2,0.013333333333333334,0.6,0.0001,0,17001,27001,37001,8,200,1000,5.0,,,1,ncf_select,3f1af891264523591d3a4ef1df6878cb41b2ed518e7e2cf0e492161b72013888,True,L_IG,NCF official release 150_20_hist.npy (150 ADE20K classes x 20 palettes),,"{""global_scene"": 1.0}",True,population,CIELab_D65_L_0_100_ab_signed,apparel,20,True,True,1,33,32,ade093_apparel_07,34.29067067377676,1.566753076249718,0,0.004495186265558004,0.0,0.0,0.32716116309165955,5.942652702331543,0.20809851783457134,0.0,1.0,1.6506155227261219,0.0001,2.5619573773774116,0,True,0.0001,74.84193240129349,0,True
50,10,15,0.2,0.013333333333333334,0.6,0.0001,0,17001,27001,37001,8,200,1000,5.0,,,1,ncf_select,3f1af891264523591d3a4ef1df6878cb41b2ed518e7e2cf0e492161b72013888,True,L_IG,NCF official release 150_20_hist.npy (150 ADE20K classes x 20 palettes),,"{""global_scene"": 1.0}",True,population,CIELab_D65_L_0_100_ab_signed,apparel,20,True,True,1,34,33,ade093_apparel_03,13.549542679776764,0.8834133527373681,0,0.005358285736292601,0.0,0.0,0.0318349227309227,3.704119920730591,0.20809851783457134,0.0,1.0,0.8935820388926041,0.0001,2.5619573773774116,0,True,0.0001,7.579103240094226,0,True
50,10,15,0.2,0.013333333333333334,0.6,0.0001,0,17001,27001,37001,8,200,1000,5.0,,,1,ncf_select,3f1af891264523591d3a4ef1df6878cb41b2ed518e7e2cf0e492161b72013888,True,L_IG,NCF official release 150_20_hist.npy (150 ADE20K classes x 20 palettes),,"{""global_scene"": 1.0}",True,population,CIELab_D65_L_0_100_ab_signed,apparel,20,True,True,1,35,34,ade093_apparel_17,47.619535516776764,1.0401231017119834,0,0.004275679122656584,0.0,0.0,0.3259696960449219,8.560419082641602,0.20809851783457134,0.0,1.0,1.0949912956088097,0.0001,2.5619573773774116,0,True,0.0001,25.57759225725133,0,True
50,10,15,0.2,0.013333333333333334,0.6,0.0001,0,17001,27001,37001,8,200,1000,5.0,,,1,ncf_select,3f1af891264523591d3a4ef1df6878cb41b2ed518e7e2cf0e492161b72013888,True,L_IG,NCF official release 150_20_hist.npy (150 ADE20K classes x 20 palettes),,"{""global_scene"": 1.0}",True,population,CIELab_D65_L_0_100_ab_signed,apparel,20,True,True,1,36,35,ade093_apparel_13,16.484754753776762,0.8096338947218743,0,0.0047223265282809734,0.0,0.0,0.0202484130859375,3.8241829872131348,0.20809851783457134,0.0,1.0,0.7816295969003764,0.0001,2.5619573773774116,0,True,0.0001,5.005578498102056,0,True
50,10,15,0.2,0.013333333333333334,0.6,0.0001,0,17001,27001,37001,8,200,1000,5.0,,,1,ncf_select,3f1af891264523591d3a4ef1df6878cb41b2ed518e7e2cf0e492161b72013888,True,L_IG,NCF official release 150_20_hist.npy (150 ADE20K classes x 20 palettes),,"{""global_scene"": 1.0}",True,population,CIELab_D65_L_0_100_ab_signed,apparel,20,True,True,1,37,36,ade093_apparel_03,13.549542679776764,0.8834133527373681,0,0.005358285736292601,0.0,0.0,0.0318349227309227,3.704119920730591,0.20809851783457134,0.0,1.0,0.8935820388926041,0.0001,2.5619573773774116,0,True,0.0001,7.579103240094226,0,True
50,10,15,0.2,0.013333333333333334,0.6,0.0001,0,17001,27001,37001,8,200,1000,5.0,,,1,ncf_select,3f1af891264523591d3a4ef1df6878cb41b2ed518e7e2cf0e492161b72013888,True,L_IG,NCF official release 150_20_hist.npy (150 ADE20K classes x 20 palettes),,"{""global_scene"": 1.0}",True,population,CIELab_D65_L_0_100_ab_signed,apparel,20,True,True,1,38,37,ade093_apparel_06,32.73356054777676,1.6121630916815244,0,0.004561473149806261,0.0,0.0,0.3171730041503906,6.377588748931885,0.20809851783457134,0.0,1.0,1.6893467459835592,0.0001,2.5619573773774116,0,True,0.0001,65.62825536200938,0,True
50,10,15,0.2,0.013333333333333334,0.6,0.0001,0,17001,27001,37001,8,200,1000,5.0,,,1,ncf_select,3f1af891264523591d3a4ef1df6878cb41b2ed518e7e2cf0e492161b72013888,True,L_IG,NCF official release 150_20_hist.npy (150 ADE20K classes x 20 palettes),,"{""global_scene"": 1.0}",True,population,CIELab_D65_L_0_100_ab_signed,apparel,20,True,True,1,39,38,ade093_apparel_12,22.319281731776762,1.164320446521318,0,0.0044153593480587006,0.0,0.0,0.3225148618221283,7.548335075378418,0.20809851783457134,0.0,1.0,1.209959938619046,0.0001,2.5619573773774116,0,True,0.0001,23.523149998259584,0,True
50,10,15,0.2,0.013333333333333334,0.6,0.0001,0,17001,27001,37001,8,200,1000,5.0,,,1,ncf_select,3f1af891264523591d3a4ef1df6878cb41b2ed518e7e2cf0e492161b72013888,True,L_IG,NCF official release 150_20_hist.npy (150 ADE20K classes x 20 palettes),,"{""global_scene"": 1.0}",True,population,CIELab_D65_L_0_100_ab_signed,apparel,20,True,True,1,40,39,ade093_apparel_10,0.6310570902232371,1.638137277742129,0,0.0047023845836520195,0.0,0.0,0.17089971899986267,1.9284114837646484,0.20809851783457134,0.0,1.0,1.6851142953234455,0.0001,2.5619573773774116,0,True,0.0001,39.50365121660779,0,True
50,10,15,0.2,0.013333333333333334,0.6,0.0001,0,17001,27001,37001,8,200,1000,5.0,,,1,ncf_select,3f1af891264523591d3a4ef1df6878cb41b2ed518e7e2cf0e492161b72013888,True,L_IG,NCF official release 150_20_hist.npy (150 ADE20K classes x 20 palettes),,"{""global_scene"": 1.0}",True,population,CIELab_D65_L_0_100_ab_signed,apparel,20,True,True,1,41,40,ade093_apparel_05,3.775597514223236,0.6748377396676781,0,0.004178531002253294,0.0,0.0,0.1032257080078125,6.400187969207764,0.20809851783457134,0.0,1.0,0.6665319480830022,0.0001,2.5619573773774116,0,True,0.0001,13.540321523783662,0,True
50,10,15,0.2,0.013333333333333334,0.6,0.0001,0,17001,27001,37001,8,200,1000,5.0,,,1,ncf_select,3f1af891264523591d3a4ef1df6878cb41b2ed518e7e2cf0e492161b72013888,True,L_IG,NCF official release 150_20_hist.npy (150 ADE20K classes x 20 palettes),,"{""global_scene"": 1.0}",True,population,CIELab_D65_L_0_100_ab_signed,apparel,20,True,True,1,42,41,ade093_apparel_09,0.01659712422323878,1.070617584211453,0,0.004381686449050903,0.0,0.0,0.2204996794462204,4.822013854980469,0.20809851783457134,0.0,1.0,1.0950921587296996,0.0001,2.5619573773774116,0,True,0.0001,42.96146995103422,0,True
50,10,15,0.2,0.013333333333333334,0.6,0.0001,0,17001,27001,37001,8,200,1000,5.0,,,1,ncf_select,3f1af891264523591d3a4ef1df6878cb41b2ed518e7e2cf0e492161b72013888,True,L_IG,NCF official release 150_20_hist.npy (150 ADE20K classes x 20 palettes),,"{""global_scene"": 1.0}",True,population,CIELab_D65_L_0_100_ab_signed,apparel,20,True,True,1,43,42,ade093_apparel_05,3.775597514223236,0.6748377396676781,0,0.004178531002253294,0.0,0.0,0.1032257080078125,6.400187969207764,0.20809851783457134,0.0,1.0,0.6665319480830022,0.0001,2.5619573773774116,0,True,0.0001,13.540321523783662,0,True
50,10,15,0.2,0.013333333333333334,0.6,0.0001,0,17001,27001,37001,8,200,1000,5.0,,,1,ncf_select,3f1af891264523591d3a4ef1df6878cb41b2ed518e7e2cf0e492161b72013888,True,L_IG,NCF official release 150_20_hist.npy (150 ADE20K classes x 20 palettes),,"{""global_scene"": 1.0}",True,population,CIELab_D65_L_0_100_ab_signed,apparel,20,True,True,1,44,43,ade093_apparel_03,13.549542679776764,0.8834133527373681,0,0.005358285736292601,0.0,0.0,0.0318349227309227,3.704119920730591,0.20809851783457134,0.0,1.0,0.8935820388926041,0.0001,2.5619573773774116,0,True,0.0001,7.579103240094226,0,True
50,10,15,0.2,0.013333333333333334,0.6,0.0001,0,17001,27001,37001,8,200,1000,5.0,,,1,ncf_select,3f1af891264523591d3a4ef1df6878cb41b2ed518e7e2cf0e492161b72013888,True,L_IG,NCF official release 150_20_hist.npy (150 ADE20K classes x 20 palettes),,"{""global_scene"": 1.0}",True,population,CIELab_D65_L_0_100_ab_signed,apparel,20,True,True,1,45,44,ade093_apparel_03,13.549542679776764,0.8834133527373681,0,0.005358285736292601,0.0,0.0,0.0318349227309227,3.704119920730591,0.20809851783457134,0.0,1.0,0.8935820388926041,0.0001,2.5619573773774116,0,True,0.0001,7.579103240094226,0,True
50,10,15,0.2,0.013333333333333334,0.6,0.0001,0,17001,27001,37001,8,200,1000,5.0,,,1,ncf_select,3f1af891264523591d3a4ef1df6878cb41b2ed518e7e2cf0e492161b72013888,True,L_IG,NCF official release 150_20_hist.npy (150 ADE20K classes x 20 palettes),,"{""global_scene"": 1.0}",True,population,CIELab_D65_L_0_100_ab_signed,apparel,20,True,True,1,46,45,ade093_apparel_05,3.775597514223236,0.6748377396676781,0,0.004178531002253294,0.0,0.0,0.1032257080078125,6.400187969207764,0.20809851783457134,0.0,1.0,0.6665319480830022,0.0001,2.5619573773774116,0,True,0.0001,13.540321523783662,0,True
50,10,15,0.2,0.013333333333333334,0.6,0.0001,0,17001,27001,37001,8,200,1000,5.0,,,1,ncf_select,3f1af891264523591d3a4ef1df6878cb41b2ed518e7e2cf0e492161b72013888,True,L_IG,NCF official release 150_20_hist.npy (150 ADE20K classes x 20 palettes),,"{""global_scene"": 1.0}",True,population,CIELab_D65_L_0_100_ab_signed,apparel,20,True,True,1,47,46,ade093_apparel_18,21.83342234577676,0.7049385904760218,0,0.004386403132230043,0.0,0.0,0.21730677783489227,7.417181015014648,0.20809851783457134,0.0,1.0,0.7321290705372797,0.0001,2.5619573773774116,0,True,0.0001,27.727074725308558,0,True
50,10,15,0.2,0.013333333333333334,0.6,0.0001,0,17001,27001,37001,8,200,1000,5.0,,,1,ncf_select,3f1af891264523591d3a4ef1df6878cb41b2ed518e7e2cf0e492161b72013888,True,L_IG,NCF official release 150_20_hist.npy (150 ADE20K classes x 20 palettes),,"{""global_scene"": 1.0}",True,population,CIELab_D65_L_0_100_ab_signed,apparel,20,True,True,1,48,47,ade093_apparel_09,0.01659712422323878,1.070617584211453,0,0.004381686449050903,0.0,0.0,0.2204996794462204,4.822013854980469,0.20809851783457134,0.0,1.0,1.0950921587296996,0.0001,2.5619573773774116,0,True,0.0001,42.96146995103422,0,True
50,10,15,0.2,0.013333333333333334,0.6,0.0001,0,17001,27001,37001,8,200,1000,5.0,,,1,ncf_select,3f1af891264523591d3a4ef1df6878cb41b2ed518e7e2cf0e492161b72013888,True,L_IG,NCF official release 150_20_hist.npy (150 ADE20K classes x 20 palettes),,"{""global_scene"": 1.0}",True,population,CIELab_D65_L_0_100_ab_signed,apparel,20,True,True,1,49,48,ade093_apparel_01,19.229243914223233,0.9723359643390953,0,0.003873163601383567,0.0,0.0,0.09228134155273438,3.5992369651794434,0.20809851783457134,0.0,1.0,0.9680062551450832,0.0001,2.5619573773774116,0,True,0.0001,12.05742349660714,0,True
50,10,15,0.2,0.013333333333333334,0.6,0.0001,0,17001,27001,37001,8,200,1000,5.0,,,1,ncf_select,3f1af891264523591d3a4ef1df6878cb41b2ed518e7e2cf0e492161b72013888,True,L_IG,NCF official release 150_20_hist.npy (150 ADE20K classes x 20 palettes),,"{""global_scene"": 1.0}",True,population,CIELab_D65_L_0_100_ab_signed,apparel,20,True,True,1,50,49,ade093_apparel_04,6.219713140776761,1.7321211250724349,0,0.004211270250380039,0.0,0.0,0.3007291257381439,5.8918914794921875,0.20809851783457134,0.0,1.0,1.7885828378954691,0.0001,2.5619573773774116,0,True,0.0001,114.76474655893715,0,True
50,10,15,0.2,0.013333333333333334,0.6,0.0001,0,17001,27001,37001,8,200,1000,5.0,,,1,ncf_select,3f1af891264523591d3a4ef1df6878cb41b2ed518e7e2cf0e492161b72013888,True,L_IG,NCF official release 150_20_hist.npy (150 ADE20K classes x 20 palettes),,"{""global_scene"": 1.0}",True,population,CIELab_D65_L_0_100_ab_signed,apparel,20,True,True,2,1,0,ade093_apparel_08,23.19436835377676,0.8975228416594827,0,0.005095633678138256,0.0,0.0,0.1070048063993454,6.17667293548584,0.20809851783457134,0.0,1.0,0.9053942154312871,0.0001,2.5619573773774116,0,True,0.0001,9.44909492151317,0,True
50,10,15,0.2,0.013333333333333334,0.6,0.0001,0,17001,27001,37001,8,200,1000,5.0,,,1,ncf_select,3f1af891264523591d3a4ef1df6878cb41b2ed518e7e2cf0e492161b72013888,True,L_IG,NCF official release 150_20_hist.npy (150 ADE20K classes x 20 palettes),,"{""global_scene"": 1.0}",True,population,CIELab_D65_L_0_100_ab_signed,apparel,20,True,True,2,2,1,ade093_apparel_07,34.29067067377676,1.566753076249718,0,0.004495186265558004,0.0,0.0,0.32716116309165955,5.942652702331543,0.20809851783457134,0.0,1.0,1.6506155227261219,0.0001,2.5619573773774116,0,True,0.0001,74.84193240129349,0,True
50,10,15,0.2,0.013333333333333334,0.6,0.0001,0,17001,27001,37001,8,200,1000,5.0,,,1,ncf_select,3f1af891264523591d3a4ef1df6878cb41b2ed518e7e2cf0e492161b72013888,True,L_IG,NCF official release 150_20_hist.npy (150 ADE20K classes x 20 palettes),,"{""global_scene"": 1.0}",True,population,CIELab_D65_L_0_100_ab_signed,apparel,20,True,True,2,3,2,ade093_apparel_01,19.229243914223233,0.9723359643390953,0,0.003873163601383567,0.0,0.0,0.09228134155273438,3.5992369651794434,0.20809851783457134,0.0,1.0,0.9680062551450832,0.0001,2.5619573773774116,0,True,0.0001,12.05742349660714,0,True
50,10,15,0.2,0.013333333333333334,0.6,0.0001,0,17001,27001,37001,8,200,1000,5.0,,,1,ncf_select,3f1af891264523591d3a4ef1df6878cb41b2ed518e7e2cf0e492161b72013888,True,L_IG,NCF official release 150_20_hist.npy (150 ADE20K classes x 20 palettes),,"{""global_scene"": 1.0}",True,population,CIELab_D65_L_0_100_ab_signed,apparel,20,True,True,2,4,3,ade093_apparel_04,6.219713140776761,1.7321211250724349,0,0.004211270250380039,0.0,0.0,0.3007291257381439,5.8918914794921875,0.20809851783457134,0.0,1.0,1.7885828378954691,0.0001,2.5619573773774116,0,True,0.0001,114.76474655893715,0,True
50,10,15,0.2,0.013333333333333334,0.6,0.0001,0,17001,27001,37001,8,200,1000,5.0,,,1,ncf_select,3f1af891264523591d3a4ef1df6878cb41b2ed518e7e2cf0e492161b72013888,True,L_IG,NCF official release 150_20_hist.npy (150 ADE20K classes x 20 palettes),,"{""global_scene"": 1.0}",True,population,CIELab_D65_L_0_100_ab_signed,apparel,20,True,True,2,5,4,ade093_apparel_18,21.83342234577676,0.7049385904760218,0,0.004386403132230043,0.0,0.0,0.21730677783489227,7.417181015014648,0.20809851783457134,0.0,1.0,0.7321290705372797,0.0001,2.5619573773774116,0,True,0.0001,27.727074725308558,0,True
50,10,15,0.2,0.013333333333333334,0.6,0.0001,0,17001,27001,37001,8,200,1000,5.0,,,1,ncf_select,3f1af891264523591d3a4ef1df6878cb41b2ed518e7e2cf0e492161b72013888,True,L_IG,NCF official release 150_20_hist.npy (150 ADE20K classes x 20 palettes),,"{""global_scene"": 1.0}",True,population,CIELab_D65_L_0_100_ab_signed,apparel,20,True,True,2,6,5,ade093_apparel_19,3.08071741177676,0.5940113023000564,0,0.004060554318130016,0.0,0.0,0.05952708050608635,5.820206642150879,0.20809851783457134,0.0,1.0,0.6293010181819644,0.0001,2.5619573773774116,0,True,0.0001,28.21250499823254,0,True
50,10,15,0.2,0.013333333333333334,0.6,0.0001,0,17001,27001,37001,8,200,1000,5.0,,,1,ncf_select,3f1af891264523591d3a4ef1df6878cb41b2ed518e7e2cf0e492161b72013888,True,L_IG,NCF official release 150_20_hist.npy (150 ADE20K classes x 20 palettes),,"{""global_scene"": 1.0}",True,population,CIELab_D65_L_0_100_ab_signed,apparel,20,True,True,2,7,6,ade093_apparel_02,21.569348471776763,1.9968806205849183,0,0.004583556670695543,0.0,0.0,0.33203762769699097,4.497076034545898,0.20809851783457134,0.0,1.0,2.065004000582482,0.0001,2.5619573773774116,0,True,0.0001,69.36432648787414,0,True
50,10,15,0.2,0.013333333333333334,0.6,0.0001,0,17001,27001,37001,8,200,1000,5.0,,,1,ncf_select,3f1af891264523591d3a4ef1df6878cb41b2ed518e7e2cf0e492161b72013888,True,L_IG,NCF official release 150_20_hist.npy (150 ADE20K classes x 20 palettes),,"{""global_scene"": 1.0}",True,population,CIELab_D65_L_0_100_ab_signed,apparel,20,True,True,2,8,7,ade093_apparel_15,34.016586800776764,1.5361091176124024,0,0.004009880591183901,0.0,0.0,0.3591957092285156,6.969758987426758,0.20809851783457134,0.0,1.0,1.6376748125897926,0.0001,2.5619573773774116,0,True,0.0001,20.418064158211717,0,True
50,10,15,0.2,0.013333333333333334,0.6,0.0001,0,17001,27001,37001,8,200,1000,5.0,,,1,ncf_select,3f1af891264523591d3a4ef1df6878cb41b2ed518e7e2cf0e492161b72013888,True,L_IG,NCF official release 150_20_hist.npy (150 ADE20K classes x 20 palettes),,"{""global_scene"": 1.0}",True,population,CIELab_D65_L_0_100_ab_signed,apparel,20,True,True,2,9,8,ade093_apparel_00,4.448400200223233,0.7174915710329959,0,0.004987236112356186,0.0,0.0,0.009675344452261925,2.762421131134033,0.20809851783457134,0.0,1.0,0.7529394046989415,0.0001,2.5619573773774116,0,True,0.0001,13.678486643097541,0,True
50,10,15,0.2,0.013333333333333334,0.6,0.0001,0,17001,27001,37001,8,200,1000,5.0,,,1,ncf_select,3f1af891264523591d3a4ef1df6878cb41b2ed518e7e2cf0e492161b72013888,True,L_IG,NCF official release 150_20_hist.npy (150 ADE20K classes x 20 palettes),,"{""global_scene"": 1.0}",True,population,CIELab_D65_L_0_100_ab_signed,apparel,20,True,True,2,10,9,ade093_apparel_11,40.13873903077676,1.2314364848217625,0,0.004516494460403919,0.0,0.0,0.3700103759765625,8.585206031799316,0.20809851783457134,0.0,1.0,1.311809474530624,0.0001,2.5619573773774116,0,True,0.0001,22.59875470283781,0,True
50,10,15,0.2,0.013333333333333334,0.6,0.0001,0,17001,27001,37001,8,200,1000,5.0,,,1,ncf_select,3f1af891264523591d3a4ef1df6878cb41b2ed518e7e2cf0e492161b72013888,True,L_IG,NCF official release 150_20_hist.npy (150 ADE20K classes x 20 palettes),,"{""global_scene"": 1.0}",True,population,CIELab_D65_L_0_100_ab_signed,apparel,20,True,True,2,11,10,ade093_apparel_10,0.6310570902232371,1.638137277742129,0,0.0047023845836520195,0.0,0.0,0.17089971899986267,1.9284114837646484,0.20809851783457134,0.0,1.0,1.6851142953234455,0.0001,2.5619573773774116,0,True,0.0001,39.50365121660779,0,True
50,10,15,0.2,0.013333333333333334,0.6,0.0001,0,17001,27001,37001,8,200,1000,5.0,,,1,ncf_select,3f1af891264523591d3a4ef1df6878cb41b2ed518e7e2cf0e492161b72013888,True,L_IG,NCF official release 150_20_hist.npy (150 ADE20K classes x 20 palettes),,"{""global_scene"": 1.0}",True,population,CIELab_D65_L_0_100_ab_signed,apparel,20,True,True,2,12,11,ade093_apparel_01,19.229243914223233,0.9723359643390953,0,0.003873163601383567,0.0,0.0,0.09228134155273438,3.5992369651794434,0.20809851783457134,0.0,1.0,0.9680062551450832,0.0001,2.5619573773774116,0,True,0.0001,12.05742349660714,0,True
50,10,15,0.2,0.013333333333333334,0.6,0.0001,0,17001,27001,37001,8,200,1000,5.0,,,1,ncf_select,3f1af891264523591d3a4ef1df6878cb41b2ed518e7e2cf0e492161b72013888,True,L_IG,NCF official release 150_20_hist.npy (150 ADE20K classes x 20 palettes),,"{""global_scene"": 1.0}",True,population,CIELab_D65_L_0_100_ab_signed,apparel,20,True,True,2,13,12,ade093_apparel_19,3.08071741177676,0.5940113023000564,0,0.004060554318130016,0.0,0.0,0.05952708050608635,5.820206642150879,0.20809851783457134,0.0,1.0,0.6293010181819644,0.0001,2.5619573773774116,0,True,0.0001,28.21250499823254,0,True
50,10,15,0.2,0.013333333333333334,0.6,0.0001,0,17001,27001,37001,8,200,1000,5.0,,,1,ncf_select,3f1af891264523591d3a4ef1df6878cb41b2ed518e7e2cf0e492161b72013888,True,L_IG,NCF official release 150_20_hist.npy (150 ADE20K classes x 20 palettes),,"{""global_scene"": 1.0}",True,population,CIELab_D65_L_0_100_ab_signed,apparel,20,True,True,2,14,13,ade093_apparel_15,34.016586800776764,1.5361091176124024,0,0.004009880591183901,0.0,0.0,0.3591957092285156,6.969758987426758,0.20809851783457134,0.0,1.0,1.6376748125897926,0.0001,2.5619573773774116,0,True,0.0001,20.418064158211717,0,True
50,10,15,0.2,0.013333333333333334,0.6,0.0001,0,17001,27001,37001,8,200,1000,5.0,,,1,ncf_select,3f1af891264523591d3a4ef1df6878cb41b2ed518e7e2cf0e492161b72013888,True,L_IG,NCF official release 150_20_hist.npy (150 ADE20K classes x 20 palettes),,"{""global_scene"": 1.0}",True,population,CIELab_D65_L_0_100_ab_signed,apparel,20,True,True,2,15,14,ade093_apparel_05,3.775597514223236,0.6748377396676781,0,0.004178531002253294,0.0,0.0,0.1032257080078125,6.400187969207764,0.20809851783457134,0.0,1.0,0.6665319480830022,0.0001,2.5619573773774116,0,True,0.0001,13.540321523783662,0,True
50,10,15,0.2,0.013333333333333334,0.6,0.0001,0,17001,27001,37001,8,200,1000,5.0,,,1,ncf_select,3f1af891264523591d3a4ef1df6878cb41b2ed518e7e2cf0e492161b72013888,True,L_IG,NCF official release 150_20_hist.npy (150 ADE20K classes x 20 palettes),,"{""global_scene"": 1.0}",True,population,CIELab_D65_L_0_100_ab_signed,apparel,20,True,True,2,16,15,ade093_apparel_03,13.549542679776764,0.8834133527373681,0,0.005358285736292601,0.0,0.0,0.0318349227309227,3.704119920730591,0.20809851783457134,0.0,1.0,0.8935820388926041,0.0001,2.5619573773774116,0,True,0.0001,7.579103240094226,0,True
50,10,15,0.2,0.013333333333333334,0.6,0.0001,0,17001,27001,37001,8,200,1000,5.0,,,1,ncf_select,3f1af891264523591d3a4ef1df6878cb41b2ed518e7e2cf0e492161b72013888,True,L_IG,NCF official release 150_20_hist.npy (150 ADE20K classes x 20 palettes),,"{""global_scene"": 1.0}",True,population,CIELab_D65_L_0_100_ab_signed,apparel,20,True,True,2,17,16,ade093_apparel_19,3.08071741177676,0.5940113023000564,0,0.004060554318130016,0.0,0.0,0.05952708050608635,5.820206642150879,0.20809851783457134,0.0,1.0,0.6293010181819644,0.0001,2.5619573773774116,0,True,0.0001,28.21250499823254,0,True
50,10,15,0.2,0.013333333333333334,0.6,0.0001,0,17001,27001,37001,8,200,1000,5.0,,,1,ncf_select,3f1af891264523591d3a4ef1df6878cb41b2ed518e7e2cf0e492161b72013888,True,L_IG,NCF official release 150_20_hist.npy (150 ADE20K classes x 20 palettes),,"{""global_scene"": 1.0}",True,population,CIELab_D65_L_0_100_ab_signed,apparel,20,True,True,2,18,17,ade093_apparel_07,34.29067067377676,1.566753076249718,0,0.004495186265558004,0.0,0.0,0.32716116309165955,5.942652702331543,0.20809851783457134,0.0,1.0,1.6506155227261219,0.0001,2.5619573773774116,0,True,0.0001,74.84193240129349,0,True
50,10,15,0.2,0.013333333333333334,0.6,0.0001,0,17001,27001,37001,8,200,1000,5.0,,,1,ncf_select,3f1af891264523591d3a4ef1df6878cb41b2ed518e7e2cf0e492161b72013888,True,L_IG,NCF official release 150_20_hist.npy (150 ADE20K classes x 20 palettes),,"{""global_scene"": 1.0}",True,population,CIELab_D65_L_0_100_ab_signed,apparel,20,True,True,2,19,18,ade093_apparel_06,32.73356054777676,1.6121630916815244,0,0.004561473149806261,0.0,0.0,0.3171730041503906,6.377588748931885,0.20809851783457134,0.0,1.0,1.6893467459835592,0.0001,2.5619573773774116,0,True,0.0001,65.62825536200938,0,True
50,10,15,0.2,0.013333333333333334,0.6,0.0001,0,17001,27001,37001,8,200,1000,5.0,,,1,ncf_select,3f1af891264523591d3a4ef1df6878cb41b2ed518e7e2cf0e492161b72013888,True,L_IG,NCF official release 150_20_hist.npy (150 ADE20K classes x 20 palettes),,"{""global_scene"": 1.0}",True,population,CIELab_D65_L_0_100_ab_signed,apparel,20,True,True,2,20,19,ade093_apparel_00,4.448400200223233,0.7174915710329959,0,0.004987236112356186,0.0,0.0,0.009675344452261925,2.762421131134033,0.20809851783457134,0.0,1.0,0.7529394046989415,0.0001,2.5619573773774116,0,True,0.0001,13.678486643097541,0,True
50,10,15,0.2,0.013333333333333334,0.6,0.0001,0,17001,27001,37001,8,200,1000,5.0,,,1,ncf_select,3f1af891264523591d3a4ef1df6878cb41b2ed518e7e2cf0e492161b72013888,True,L_IG,NCF official release 150_20_hist.npy (150 ADE20K classes x 20 palettes),,"{""global_scene"": 1.0}",True,population,CIELab_D65_L_0_100_ab_signed,apparel,20,True,True,2,21,20,ade093_apparel_00,4.448400200223233,0.7174915710329959,0,0.004987236112356186,0.0,0.0,0.009675344452261925,2.762421131134033,0.20809851783457134,0.0,1.0,0.7529394046989415,0.0001,2.5619573773774116,0,True,0.0001,13.678486643097541,0,True
50,10,15,0.2,0.013333333333333334,0.6,0.0001,0,17001,27001,37001,8,200,1000,5.0,,,1,ncf_select,3f1af891264523591d3a4ef1df6878cb41b2ed518e7e2cf0e492161b72013888,True,L_IG,NCF official release 150_20_hist.npy (150 ADE20K classes x 20 palettes),,"{""global_scene"": 1.0}",True,population,CIELab_D65_L_0_100_ab_signed,apparel,20,True,True,2,22,21,ade093_apparel_12,22.319281731776762,1.164320446521318,0,0.0044153593480587006,0.0,0.0,0.3225148618221283,7.548335075378418,0.20809851783457134,0.0,1.0,1.209959938619046,0.0001,2.5619573773774116,0,True,0.0001,23.523149998259584,0,True
50,10,15,0.2,0.013333333333333334,0.6,0.0001,0,17001,27001,37001,8,200,1000,5.0,,,1,ncf_select,3f1af891264523591d3a4ef1df6878cb41b2ed518e7e2cf0e492161b72013888,True,L_IG,NCF official release 150_20_hist.npy (150 ADE20K classes x 20 palettes),,"{""global_scene"": 1.0}",True,population,CIELab_D65_L_0_100_ab_signed,apparel,20,True,True,2,23,22,ade093_apparel_13,16.484754753776762,0.8096338947218743,0,0.0047223265282809734,0.0,0.0,0.0202484130859375,3.8241829872131348,0.20809851783457134,0.0,1.0,0.7816295969003764,0.0001,2.5619573773774116,0,True,0.0001,5.005578498102056,0,True
50,10,15,0.2,0.013333333333333334,0.6,0.0001,0,17001,27001,37001,8,200,1000,5.0,,,1,ncf_select,3f1af891264523591d3a4ef1df6878cb41b2ed518e7e2cf0e492161b72013888,True,L_IG,NCF official release 150_20_hist.npy (150 ADE20K classes x 20 palettes),,"{""global_scene"": 1.0}",True,population,CIELab_D65_L_0_100_ab_signed,apparel,20,True,True,2,24,23,ade093_apparel_11,40.13873903077676,1.2314364848217625,0,0.004516494460403919,0.0,0.0,0.3700103759765625,8.585206031799316,0.20809851783457134,0.0,1.0,1.311809474530624,0.0001,2.5619573773774116,0,True,0.0001,22.59875470283781,0,True
50,10,15,0.2,0.013333333333333334,0.6,0.0001,0,17001,27001,37001,8,200,1000,5.0,,,1,ncf_select,3f1af891264523591d3a4ef1df6878cb41b2ed518e7e2cf0e492161b72013888,True,L_IG,NCF official release 150_20_hist.npy (150 ADE20K classes x 20 palettes),,"{""global_scene"": 1.0}",True,population,CIELab_D65_L_0_100_ab_signed,apparel,20,True,True,2,25,24,ade093_apparel_11,40.13873903077676,1.2314364848217625,0,0.004516494460403919,0.0,0.0,0.3700103759765625,8.585206031799316,0.20809851783457134,0.0,1.0,1.311809474530624,0.0001,2.5619573773774116,0,True,0.0001,22.59875470283781,0,True
50,10,15,0.2,0.013333333333333334,0.6,0.0001,0,17001,27001,37001,8,200,1000,5.0,,,1,ncf_select,3f1af891264523591d3a4ef1df6878cb41b2ed518e7e2cf0e492161b72013888,True,L_IG,NCF official release 150_20_hist.npy (150 ADE20K classes x 20 palettes),,"{""global_scene"": 1.0}",True,population,CIELab_D65_L_0_100_ab_signed,apparel,20,True,True,2,26,25,ade093_apparel_10,0.6310570902232371,1.638137277742129,0,0.0047023845836520195,0.0,0.0,0.17089971899986267,1.9284114837646484,0.20809851783457134,0.0,1.0,1.6851142953234455,0.0001,2.5619573773774116,0,True,0.0001,39.50365121660779,0,True
50,10,15,0.2,0.013333333333333334,0.6,0.0001,0,17001,27001,37001,8,200,1000,5.0,,,1,ncf_select,3f1af891264523591d3a4ef1df6878cb41b2ed518e7e2cf0e492161b72013888,True,L_IG,NCF official release 150_20_hist.npy (150 ADE20K classes x 20 palettes),,"{""global_scene"": 1.0}",True,population,CIELab_D65_L_0_100_ab_signed,apparel,20,True,True,2,27,26,ade093_apparel_00,4.448400200223233,0.7174915710329959,0,0.004987236112356186,0.0,0.0,0.009675344452261925,2.762421131134033,0.20809851783457134,0.0,1.0,0.7529394046989415,0.0001,2.5619573773774116,0,True,0.0001,13.678486643097541,0,True
50,10,15,0.2,0.013333333333333334,0.6,0.0001,0,17001,27001,37001,8,200,1000,5.0,,,1,ncf_select,3f1af891264523591d3a4ef1df6878cb41b2ed518e7e2cf0e492161b72013888,True,L_IG,NCF official release 150_20_hist.npy (150 ADE20K classes x 20 palettes),,"{""global_scene"": 1.0}",True,population,CIELab_D65_L_0_100_ab_signed,apparel,20,True,True,2,28,27,ade093_apparel_14,24.805494096776762,1.0119734756663263,0,0.004154373425990343,0.0,0.0,0.11578115075826645,5.141998767852783,0.20809851783457134,0.0,1.0,1.023790777566242,0.0001,2.5619573773774116,0,True,0.0001,9.658400125455254,0,True
50,10,15,0.2,0.013333333333333334,0.6,0.0001,0,17001,27001,37001,8,200,1000,5.0,,,1,ncf_select,3f1af891264523591d3a4ef1df6878cb41b2ed518e7e2cf0e492161b72013888,True,L_IG,NCF official release 150_20_hist.npy (150 ADE20K classes x 20 palettes),,"{""global_scene"": 1.0}",True,population,CIELab_D65_L_0_100_ab_signed,apparel,20,True,True,2,29,28,ade093_apparel_19,3.08071741177676,0.5940113023000564,0,0.004060554318130016,0.0,0.0,0.05952708050608635,5.820206642150879,0.20809851783457134,0.0,1.0,0.6293010181819644,0.0001,2.5619573773774116,0,True,0.0001,28.21250499823254,0,True
50,10,15,0.2,0.013333333333333334,0.6,0.0001,0,17001,27001,37001,8,200,1000,5.0,,,1,ncf_select,3f1af891264523591d3a4ef1df6878cb41b2ed518e7e2cf0e492161b72013888,True,L_IG,NCF official release 150_20_hist.npy (150 ADE20K classes x 20 palettes),,"{""global_scene"": 1.0}",True,population,CIELab_D65_L_0_100_ab_signed,apparel,20,True,True,2,30,29,ade093_apparel_03,13.549542679776764,0.8834133527373681,0,0.005358285736292601,0.0,0.0,0.0318349227309227,3.704119920730591,0.20809851783457134,0.0,1.0,0.8935820388926041,0.0001,2.5619573773774116,0,True,0.0001,7.579103240094226,0,True
50,10,15,0.2,0.013333333333333334,0.6,0.0001,0,17001,27001,37001,8,200,1000,5.0,,,1,ncf_select,3f1af891264523591d3a4ef1df6878cb41b2ed518e7e2cf0e492161b72013888,True,L_IG,NCF official release 150_20_hist.npy (150 ADE20K classes x 20 palettes),,"{""global_scene"": 1.0}",True,population,CIELab_D65_L_0_100_ab_signed,apparel,20,True,True,2,31,30,ade093_apparel_15,34.016586800776764,1.5361091176124024,0,0.004009880591183901,0.0,0.0,0.3591957092285156,6.969758987426758,0.20809851783457134,0.0,1.0,1.6376748125897926,0.0001,2.5619573773774116,0,True,0.0001,20.418064158211717,0,True
50,10,15,0.2,0.013333333333333334,0.6,0.0001,0,17001,27001,37001,8,200,1000,5.0,,,1,ncf_select,3f1af891264523591d3a4ef1df6878cb41b2ed518e7e2cf0e492161b72013888,True,L_IG,NCF official release 150_20_hist.npy (150 ADE20K classes x 20 palettes),,"{""global_scene"": 1.0}",True,population,CIELab_D65_L_0_100_ab_signed,apparel,20,True,True,2,32,31,ade093_apparel_06,32.73356054777676,1.6121630916815244,0,0.004561473149806261,0.0,0.0,0.3171730041503906,6.377588748931885,0.20809851783457134,0.0,1.0,1.6893467459835592,0.0001,2.5619573773774116,0,True,0.0001,65.62825536200938,0,True
50,10,15,0.2,0.013333333333333334,0.6,0.0001,0,17001,27001,37001,8,200,1000,5.0,,,1,ncf_select,3f1af891264523591d3a4ef1df6878cb41b2ed518e7e2cf0e492161b72013888,True,L_IG,NCF official release 150_20_hist.npy (150 ADE20K classes x 20 palettes),,"{""global_scene"": 1.0}",True,population,CIELab_D65_L_0_100_ab_signed,apparel,20,True,True,2,33,32,ade093_apparel_06,32.73356054777676,1.6121630916815244,0,0.004561473149806261,0.0,0.0,0.3171730041503906,6.377588748931885,0.20809851783457134,0.0,1.0,1.6893467459835592,0.0001,2.5619573773774116,0,True,0.0001,65.62825536200938,0,True
50,10,15,0.2,0.013333333333333334,0.6,0.0001,0,17001,27001,37001,8,200,1000,5.0,,,1,ncf_select,3f1af891264523591d3a4ef1df6878cb41b2ed518e7e2cf0e492161b72013888,True,L_IG,NCF official release 150_20_hist.npy (150 ADE20K classes x 20 palettes),,"{""global_scene"": 1.0}",True,population,CIELab_D65_L_0_100_ab_signed,apparel,20,True,True,2,34,33,ade093_apparel_01,19.229243914223233,0.9723359643390953,0,0.003873163601383567,0.0,0.0,0.09228134155273438,3.5992369651794434,0.20809851783457134,0.0,1.0,0.9680062551450832,0.0001,2.5619573773774116,0,True,0.0001,12.05742349660714,0,True
50,10,15,0.2,0.013333333333333334,0.6,0.0001,0,17001,27001,37001,8,200,1000,5.0,,,1,ncf_select,3f1af891264523591d3a4ef1df6878cb41b2ed518e7e2cf0e492161b72013888,True,L_IG,NCF official release 150_20_hist.npy (150 ADE20K classes x 20 palettes),,"{""global_scene"": 1.0}",True,population,CIELab_D65_L_0_100_ab_signed,apparel,20,True,True,2,35,34,ade093_apparel_06,32.73356054777676,1.6121630916815244,0,0.004561473149806261,0.0,0.0,0.3171730041503906,6.377588748931885,0.20809851783457134,0.0,1.0,1.6893467459835592,0.0001,2.5619573773774116,0,True,0.0001,65.62825536200938,0,True
50,10,15,0.2,0.013333333333333334,0.6,0.0001,0,17001,27001,37001,8,200,1000,5.0,,,1,ncf_select,3f1af891264523591d3a4ef1df6878cb41b2ed518e7e2cf0e492161b72013888,True,L_IG,NCF official release 150_20_hist.npy (150 ADE20K classes x 20 palettes),,"{""global_scene"": 1.0}",True,population,CIELab_D65_L_0_100_ab_signed,apparel,20,True,True,2,36,35,ade093_apparel_00,4.448400200223233,0.7174915710329959,0,0.004987236112356186,0.0,0.0,0.009675344452261925,2.762421131134033,0.20809851783457134,0.0,1.0,0.7529394046989415,0.0001,2.5619573773774116,0,True,0.0001,13.678486643097541,0,True
50,10,15,0.2,0.013333333333333334,0.6,0.0001,0,17001,27001,37001,8,200,1000,5.0,,,1,ncf_select,3f1af891264523591d3a4ef1df6878cb41b2ed518e7e2cf0e492161b72013888,True,L_IG,NCF official release 150_20_hist.npy (150 ADE20K classes x 20 palettes),,"{""global_scene"": 1.0}",True,population,CIELab_D65_L_0_100_ab_signed,apparel,20,True,True,2,37,36,ade093_apparel_19,3.08071741177676,0.5940113023000564,0,0.004060554318130016,0.0,0.0,0.05952708050608635,5.820206642150879,0.20809851783457134,0.0,1.0,0.6293010181819644,0.0001,2.5619573773774116,0,True,0.0001,28.21250499823254,0,True
50,10,15,0.2,0.013333333333333334,0.6,0.0001,0,17001,27001,37001,8,200,1000,5.0,,,1,ncf_select,3f1af891264523591d3a4ef1df6878cb41b2ed518e7e2cf0e492161b72013888,True,L_IG,NCF official release 150_20_hist.npy (150 ADE20K classes x 20 palettes),,"{""global_scene"": 1.0}",True,population,CIELab_D65_L_0_100_ab_signed,apparel,20,True,True,2,38,37,ade093_apparel_11,40.13873903077676,1.2314364848217625,0,0.004516494460403919,0.0,0.0,0.3700103759765625,8.585206031799316,0.20809851783457134,0.0,1.0,1.311809474530624,0.0001,2.5619573773774116,0,True,0.0001,22.59875470283781,0,True
50,10,15,0.2,0.013333333333333334,0.6,0.0001,0,17001,27001,37001,8,200,1000,5.0,,,1,ncf_select,3f1af891264523591d3a4ef1df6878cb41b2ed518e7e2cf0e492161b72013888,True,L_IG,NCF official release 150_20_hist.npy (150 ADE20K classes x 20 palettes),,"{""global_scene"": 1.0}",True,population,CIELab_D65_L_0_100_ab_signed,apparel,20,True,True,2,39,38,ade093_apparel_13,16.484754753776762,0.8096338947218743,0,0.0047223265282809734,0.0,0.0,0.0202484130859375,3.8241829872131348,0.20809851783457134,0.0,1.0,0.7816295969003764,0.0001,2.5619573773774116,0,True,0.0001,5.005578498102056,0,True
50,10,15,0.2,0.013333333333333334,0.6,0.0001,0,17001,27001,37001,8,200,1000,5.0,,,1,ncf_select,3f1af891264523591d3a4ef1df6878cb41b2ed518e7e2cf0e492161b72013888,True,L_IG,NCF official release 150_20_hist.npy (150 ADE20K classes x 20 palettes),,"{""global_scene"": 1.0}",True,population,CIELab_D65_L_0_100_ab_signed,apparel,20,True,True,2,40,39,ade093_apparel_00,4.448400200223233,0.7174915710329959,0,0.004987236112356186,0.0,0.0,0.009675344452261925,2.762421131134033,0.20809851783457134,0.0,1.0,0.7529394046989415,0.0001,2.5619573773774116,0,True,0.0001,13.678486643097541,0,True
50,10,15,0.2,0.013333333333333334,0.6,0.0001,0,17001,27001,37001,8,200,1000,5.0,,,1,ncf_select,3f1af891264523591d3a4ef1df6878cb41b2ed518e7e2cf0e492161b72013888,True,L_IG,NCF official release 150_20_hist.npy (150 ADE20K classes x 20 palettes),,"{""global_scene"": 1.0}",True,population,CIELab_D65_L_0_100_ab_signed,apparel,20,True,True,2,41,40,ade093_apparel_08,23.19436835377676,0.8975228416594827,0,0.005095633678138256,0.0,0.0,0.1070048063993454,6.17667293548584,0.20809851783457134,0.0,1.0,0.9053942154312871,0.0001,2.5619573773774116,0,True,0.0001,9.44909492151317,0,True
50,10,15,0.2,0.013333333333333334,0.6,0.0001,0,17001,27001,37001,8,200,1000,5.0,,,1,ncf_select,3f1af891264523591d3a4ef1df6878cb41b2ed518e7e2cf0e492161b72013888,True,L_IG,NCF official release 150_20_hist.npy (150 ADE20K classes x 20 palettes),,"{""global_scene"": 1.0}",True,population,CIELab_D65_L_0_100_ab_signed,apparel,20,True,True,2,42,41,ade093_apparel_02,21.569348471776763,1.9968806205849183,0,0.004583556670695543,0.0,0.0,0.33203762769699097,4.497076034545898,0.20809851783457134,0.0,1.0,2.065004000582482,0.0001,2.5619573773774116,0,True,0.0001,69.36432648787414,0,True
50,10,15,0.2,0.013333333333333334,0.6,0.0001,0,17001,27001,37001,8,200,1000,5.0,,,1,ncf_select,3f1af891264523591d3a4ef1df6878cb41b2ed518e7e2cf0e492161b72013888,True,L_IG,NCF official release 150_20_hist.npy (150 ADE20K classes x 20 palettes),,"{""global_scene"": 1.0}",True,population,CIELab_D65_L_0_100_ab_signed,apparel,20,True,True,2,43,42,ade093_apparel_18,21.83342234577676,0.7049385904760218,0,0.004386403132230043,0.0,0.0,0.21730677783489227,7.417181015014648,0.20809851783457134,0.0,1.0,0.7321290705372797,0.0001,2.5619573773774116,0,True,0.0001,27.727074725308558,0,True
50,10,15,0.2,0.013333333333333334,0.6,0.0001,0,17001,27001,37001,8,200,1000,5.0,,,1,ncf_select,3f1af891264523591d3a4ef1df6878cb41b2ed518e7e2cf0e492161b72013888,True,L_IG,NCF official release 150_20_hist.npy (150 ADE20K classes x 20 palettes),,"{""global_scene"": 1.0}",True,population,CIELab_D65_L_0_100_ab_signed,apparel,20,True,True,2,44,43,ade093_apparel_07,34.29067067377676,1.566753076249718,0,0.004495186265558004,0.0,0.0,0.32716116309165955,5.942652702331543,0.20809851783457134,0.0,1.0,1.6506155227261219,0.0001,2.5619573773774116,0,True,0.0001,74.84193240129349,0,True
50,10,15,0.2,0.013333333333333334,0.6,0.0001,0,17001,27001,37001,8,200,1000,5.0,,,1,ncf_select,3f1af891264523591d3a4ef1df6878cb41b2ed518e7e2cf0e492161b72013888,True,L_IG,NCF official release 150_20_hist.npy (150 ADE20K classes x 20 palettes),,"{""global_scene"": 1.0}",True,population,CIELab_D65_L_0_100_ab_signed,apparel,20,True,True,2,45,44,ade093_apparel_11,40.13873903077676,1.2314364848217625,0,0.004516494460403919,0.0,0.0,0.3700103759765625,8.585206031799316,0.20809851783457134,0.0,1.0,1.311809474530624,0.0001,2.5619573773774116,0,True,0.0001,22.59875470283781,0,True
50,10,15,0.2,0.013333333333333334,0.6,0.0001,0,17001,27001,37001,8,200,1000,5.0,,,1,ncf_select,3f1af891264523591d3a4ef1df6878cb41b2ed518e7e2cf0e492161b72013888,True,L_IG,NCF official release 150_20_hist.npy (150 ADE20K classes x 20 palettes),,"{""global_scene"": 1.0}",True,population,CIELab_D65_L_0_100_ab_signed,apparel,20,True,True,2,46,45,ade093_apparel_01,19.229243914223233,0.9723359643390953,0,0.003873163601383567,0.0,0.0,0.09228134155273438,3.5992369651794434,0.20809851783457134,0.0,1.0,0.9680062551450832,0.0001,2.5619573773774116,0,True,0.0001,12.05742349660714,0,True
50,10,15,0.2,0.013333333333333334,0.6,0.0001,0,17001,27001,37001,8,200,1000,5.0,,,1,ncf_select,3f1af891264523591d3a4ef1df6878cb41b2ed518e7e2cf0e492161b72013888,True,L_IG,NCF official release 150_20_hist.npy (150 ADE20K classes x 20 palettes),,"{""global_scene"": 1.0}",True,population,CIELab_D65_L_0_100_ab_signed,apparel,20,True,True,2,47,46,ade093_apparel_11,40.13873903077676,1.2314364848217625,0,0.004516494460403919,0.0,0.0,0.3700103759765625,8.585206031799316,0.20809851783457134,0.0,1.0,1.311809474530624,0.0001,2.5619573773774116,0,True,0.0001,22.59875470283781,0,True
50,10,15,0.2,0.013333333333333334,0.6,0.0001,0,17001,27001,37001,8,200,1000,5.0,,,1,ncf_select,3f1af891264523591d3a4ef1df6878cb41b2ed518e7e2cf0e492161b72013888,True,L_IG,NCF official release 150_20_hist.npy (150 ADE20K classes x 20 palettes),,"{""global_scene"": 1.0}",True,population,CIELab_D65_L_0_100_ab_signed,apparel,20,True,True,2,48,47,ade093_apparel_02,21.569348471776763,1.9968806205849183,0,0.004583556670695543,0.0,0.0,0.33203762769699097,4.497076034545898,0.20809851783457134,0.0,1.0,2.065004000582482,0.0001,2.5619573773774116,0,True,0.0001,69.36432648787414,0,True
50,10,15,0.2,0.013333333333333334,0.6,0.0001,0,17001,27001,37001,8,200,1000,5.0,,,1,ncf_select,3f1af891264523591d3a4ef1df6878cb41b2ed518e7e2cf0e492161b72013888,True,L_IG,NCF official release 150_20_hist.npy (150 ADE20K classes x 20 palettes),,"{""global_scene"": 1.0}",True,population,CIELab_D65_L_0_100_ab_signed,apparel,20,True,True,2,49,48,ade093_apparel_00,4.448400200223233,0.7174915710329959,0,0.004987236112356186,0.0,0.0,0.009675344452261925,2.762421131134033,0.20809851783457134,0.0,1.0,0.7529394046989415,0.0001,2.5619573773774116,0,True,0.0001,13.678486643097541,0,True
50,10,15,0.2,0.013333333333333334,0.6,0.0001,0,17001,27001,37001,8,200,1000,5.0,,,1,ncf_select,3f1af891264523591d3a4ef1df6878cb41b2ed518e7e2cf0e492161b72013888,True,L_IG,NCF official release 150_20_hist.npy (150 ADE20K classes x 20 palettes),,"{""global_scene"": 1.0}",True,population,CIELab_D65_L_0_100_ab_signed,apparel,20,True,True,2,50,49,ade093_apparel_08,23.19436835377676,0.8975228416594827,0,0.005095633678138256,0.0,0.0,0.1070048063993454,6.17667293548584,0.20809851783457134,0.0,1.0,0.9053942154312871,0.0001,2.5619573773774116,0,True,0.0001,9.44909492151317,0,True
50,10,15,0.2,0.013333333333333334,0.6,0.0001,0,17001,27001,37001,8,200,1000,5.0,,,1,ncf_select,3f1af891264523591d3a4ef1df6878cb41b2ed518e7e2cf0e492161b72013888,True,L_IG,NCF official release 150_20_hist.npy (150 ADE20K classes x 20 palettes),,"{""global_scene"": 1.0}",True,population,CIELab_D65_L_0_100_ab_signed,apparel,20,True,True,3,1,0,ade093_apparel_06,32.73356054777676,1.6121630916815244,0,0.004561473149806261,0.0,0.0,0.3171730041503906,6.377588748931885,0.20809851783457134,0.0,1.0,1.6893467459835592,0.0001,2.5619573773774116,0,True,0.0001,65.62825536200938,0,True
50,10,15,0.2,0.013333333333333334,0.6,0.0001,0,17001,27001,37001,8,200,1000,5.0,,,1,ncf_select,3f1af891264523591d3a4ef1df6878cb41b2ed518e7e2cf0e492161b72013888,True,L_IG,NCF official release 150_20_hist.npy (150 ADE20K classes x 20 palettes),,"{""global_scene"": 1.0}",True,population,CIELab_D65_L_0_100_ab_signed,apparel,20,True,True,3,2,1,ade093_apparel_08,23.19436835377676,0.8975228416594827,0,0.005095633678138256,0.0,0.0,0.1070048063993454,6.17667293548584,0.20809851783457134,0.0,1.0,0.9053942154312871,0.0001,2.5619573773774116,0,True,0.0001,9.44909492151317,0,True
50,10,15,0.2,0.013333333333333334,0.6,0.0001,0,17001,27001,37001,8,200,1000,5.0,,,1,ncf_select,3f1af891264523591d3a4ef1df6878cb41b2ed518e7e2cf0e492161b72013888,True,L_IG,NCF official release 150_20_hist.npy (150 ADE20K classes x 20 palettes),,"{""global_scene"": 1.0}",True,population,CIELab_D65_L_0_100_ab_signed,apparel,20,True,True,3,3,2,ade093_apparel_17,47.619535516776764,1.0401231017119834,0,0.004275679122656584,0.0,0.0,0.3259696960449219,8.560419082641602,0.20809851783457134,0.0,1.0,1.0949912956088097,0.0001,2.5619573773774116,0,True,0.0001,25.57759225725133,0,True
50,10,15,0.2,0.013333333333333334,0.6,0.0001,0,17001,27001,37001,8,200,1000,5.0,,,1,ncf_select,3f1af891264523591d3a4ef1df6878cb41b2ed518e7e2cf0e492161b72013888,True,L_IG,NCF official release 150_20_hist.npy (150 ADE20K classes x 20 palettes),,"{""global_scene"": 1.0}",True,population,CIELab_D65_L_0_100_ab_signed,apparel,20,True,True,3,4,3,ade093_apparel_07,34.29067067377676,1.566753076249718,0,0.004495186265558004,0.0,0.0,0.32716116309165955,5.942652702331543,0.20809851783457134,0.0,1.0,1.6506155227261219,0.0001,2.5619573773774116,0,True,0.0001,74.84193240129349,0,True
50,10,15,0.2,0.013333333333333334,0.6,0.0001,0,17001,27001,37001,8,200,1000,5.0,,,1,ncf_select,3f1af891264523591d3a4ef1df6878cb41b2ed518e7e2cf0e492161b72013888,True,L_IG,NCF official release 150_20_hist.npy (150 ADE20K classes x 20 palettes),,"{""global_scene"": 1.0}",True,population,CIELab_D65_L_0_100_ab_signed,apparel,20,True,True,3,5,4,ade093_apparel_00,4.448400200223233,0.7174915710329959,0,0.004987236112356186,0.0,0.0,0.009675344452261925,2.762421131134033,0.20809851783457134,0.0,1.0,0.7529394046989415,0.0001,2.5619573773774116,0,True,0.0001,13.678486643097541,0,True
50,10,15,0.2,0.013333333333333334,0.6,0.0001,0,17001,27001,37001,8,200,1000,5.0,,,1,ncf_select,3f1af891264523591d3a4ef1df6878cb41b2ed518e7e2cf0e492161b72013888,True,L_IG,NCF official release 150_20_hist.npy (150 ADE20K classes x 20 palettes),,"{""global_scene"": 1.0}",True,population,CIELab_D65_L_0_100_ab_signed,apparel,20,True,True,3,6,5,ade093_apparel_00,4.448400200223233,0.7174915710329959,0,0.004987236112356186,0.0,0.0,0.009675344452261925,2.762421131134033,0.20809851783457134,0.0,1.0,0.7529394046989415,0.0001,2.5619573773774116,0,True,0.0001,13.678486643097541,0,True
50,10,15,0.2,0.013333333333333334,0.6,0.0001,0,17001,27001,37001,8,200,1000,5.0,,,1,ncf_select,3f1af891264523591d3a4ef1df6878cb41b2ed518e7e2cf0e492161b72013888,True,L_IG,NCF official release 150_20_hist.npy (150 ADE20K classes x 20 palettes),,"{""global_scene"": 1.0}",True,population,CIELab_D65_L_0_100_ab_signed,apparel,20,True,True,3,7,6,ade093_apparel_00,4.448400200223233,0.7174915710329959,0,0.004987236112356186,0.0,0.0,0.009675344452261925,2.762421131134033,0.20809851783457134,0.0,1.0,0.7529394046989415,0.0001,2.5619573773774116,0,True,0.0001,13.678486643097541,0,True
50,10,15,0.2,0.013333333333333334,0.6,0.0001,0,17001,27001,37001,8,200,1000,5.0,,,1,ncf_select,3f1af891264523591d3a4ef1df6878cb41b2ed518e7e2cf0e492161b72013888,True,L_IG,NCF official release 150_20_hist.npy (150 ADE20K classes x 20 palettes),,"{""global_scene"": 1.0}",True,population,CIELab_D65_L_0_100_ab_signed,apparel,20,True,True,3,8,7,ade093_apparel_05,3.775597514223236,0.6748377396676781,0,0.004178531002253294,0.0,0.0,0.1032257080078125,6.400187969207764,0.20809851783457134,0.0,1.0,0.6665319480830022,0.0001,2.5619573773774116,0,True,0.0001,13.540321523783662,0,True
50,10,15,0.2,0.013333333333333334,0.6,0.0001,0,17001,27001,37001,8,200,1000,5.0,,,1,ncf_select,3f1af891264523591d3a4ef1df6878cb41b2ed518e7e2cf0e492161b72013888,True,L_IG,NCF official release 150_20_hist.npy (150 ADE20K classes x 20 palettes),,"{""global_scene"": 1.0}",True,population,CIELab_D65_L_0_100_ab_signed,apparel,20,True,True,3,9,8,ade093_apparel_01,19.229243914223233,0.9723359643390953,0,0.003873163601383567,0.0,0.0,0.09228134155273438,3.5992369651794434,0.20809851783457134,0.0,1.0,0.9680062551450832,0.0001,2.5619573773774116,0,True,0.0001,12.05742349660714,0,True
50,10,15,0.2,0.013333333333333334,0.6,0.0001,0,17001,27001,37001,8,200,1000,5.0,,,1,ncf_select,3f1af891264523591d3a4ef1df6878cb41b2ed518e7e2cf0e492161b72013888,True,L_IG,NCF official release 150_20_hist.npy (150 ADE20K classes x 20 palettes),,"{""global_scene"": 1.0}",True,population,CIELab_D65_L_0_100_ab_signed,apparel,20,True,True,3,10,9,ade093_apparel_19,3.08071741177676,0.5940113023000564,0,0.004060554318130016,0.0,0.0,0.05952708050608635,5.820206642150879,0.20809851783457134,0.0,1.0,0.6293010181819644,0.0001,2.5619573773774116,0,True,0.0001,28.21250499823254,0,True
50,10,15,0.2,0.013333333333333334,0.6,0.0001,0,17001,27001,37001,8,200,1000,5.0,,,1,ncf_select,3f1af891264523591d3a4ef1df6878cb41b2ed518e7e2cf0e492161b72013888,True,L_IG,NCF official release 150_20_hist.npy (150 ADE20K classes x 20 palettes),,"{""global_scene"": 1.0}",True,population,CIELab_D65_L_0_100_ab_signed,apparel,20,True,True,3,11,10,ade093_apparel_14,24.805494096776762,1.0119734756663263,0,0.004154373425990343,0.0,0.0,0.11578115075826645,5.141998767852783,0.20809851783457134,0.0,1.0,1.023790777566242,0.0001,2.5619573773774116,0,True,0.0001,9.658400125455254,0,True
50,10,15,0.2,0.013333333333333334,0.6,0.0001,0,17001,27001,37001,8,200,1000,5.0,,,1,ncf_select,3f1af891264523591d3a4ef1df6878cb41b2ed518e7e2cf0e492161b72013888,True,L_IG,NCF official release 150_20_hist.npy (150 ADE20K classes x 20 palettes),,"{""global_scene"": 1.0}",True,population,CIELab_D65_L_0_100_ab_signed,apparel,20,True,True,3,12,11,ade093_apparel_11,40.13873903077676,1.2314364848217625,0,0.004516494460403919,0.0,0.0,0.3700103759765625,8.585206031799316,0.20809851783457134,0.0,1.0,1.311809474530624,0.0001,2.5619573773774116,0,True,0.0001,22.59875470283781,0,True
50,10,15,0.2,0.013333333333333334,0.6,0.0001,0,17001,27001,37001,8,200,1000,5.0,,,1,ncf_select,3f1af891264523591d3a4ef1df6878cb41b2ed518e7e2cf0e492161b72013888,True,L_IG,NCF official release 150_20_hist.npy (150 ADE20K classes x 20 palettes),,"{""global_scene"": 1.0}",True,population,CIELab_D65_L_0_100_ab_signed,apparel,20,True,True,3,13,12,ade093_apparel_05,3.775597514223236,0.6748377396676781,0,0.004178531002253294,0.0,0.0,0.1032257080078125,6.400187969207764,0.20809851783457134,0.0,1.0,0.6665319480830022,0.0001,2.5619573773774116,0,True,0.0001,13.540321523783662,0,True
50,10,15,0.2,0.013333333333333334,0.6,0.0001,0,17001,27001,37001,8,200,1000,5.0,,,1,ncf_select,3f1af891264523591d3a4ef1df6878cb41b2ed518e7e2cf0e492161b72013888,True,L_IG,NCF official release 150_20_hist.npy (150 ADE20K classes x 20 palettes),,"{""global_scene"": 1.0}",True,population,CIELab_D65_L_0_100_ab_signed,apparel,20,True,True,3,14,13,ade093_apparel_09,0.01659712422323878,1.070617584211453,0,0.004381686449050903,0.0,0.0,0.2204996794462204,4.822013854980469,0.20809851783457134,0.0,1.0,1.0950921587296996,0.0001,2.5619573773774116,0,True,0.0001,42.96146995103422,0,True
50,10,15,0.2,0.013333333333333334,0.6,0.0001,0,17001,27001,37001,8,200,1000,5.0,,,1,ncf_select,3f1af891264523591d3a4ef1df6878cb41b2ed518e7e2cf0e492161b72013888,True,L_IG,NCF official release 150_20_hist.npy (150 ADE20K classes x 20 palettes),,"{""global_scene"": 1.0}",True,population,CIELab_D65_L_0_100_ab_signed,apparel,20,True,True,3,15,14,ade093_apparel_06,32.73356054777676,1.6121630916815244,0,0.004561473149806261,0.0,0.0,0.3171730041503906,6.377588748931885,0.20809851783457134,0.0,1.0,1.6893467459835592,0.0001,2.5619573773774116,0,True,0.0001,65.62825536200938,0,True
50,10,15,0.2,0.013333333333333334,0.6,0.0001,0,17001,27001,37001,8,200,1000,5.0,,,1,ncf_select,3f1af891264523591d3a4ef1df6878cb41b2ed518e7e2cf0e492161b72013888,True,L_IG,NCF official release 150_20_hist.npy (150 ADE20K classes x 20 palettes),,"{""global_scene"": 1.0}",True,population,CIELab_D65_L_0_100_ab_signed,apparel,20,True,True,3,16,15,ade093_apparel_09,0.01659712422323878,1.070617584211453,0,0.004381686449050903,0.0,0.0,0.2204996794462204,4.822013854980469,0.20809851783457134,0.0,1.0,1.0950921587296996,0.0001,2.5619573773774116,0,True,0.0001,42.96146995103422,0,True
50,10,15,0.2,0.013333333333333334,0.6,0.0001,0,17001,27001,37001,8,200,1000,5.0,,,1,ncf_select,3f1af891264523591d3a4ef1df6878cb41b2ed518e7e2cf0e492161b72013888,True,L_IG,NCF official release 150_20_hist.npy (150 ADE20K classes x 20 palettes),,"{""global_scene"": 1.0}",True,population,CIELab_D65_L_0_100_ab_signed,apparel,20,True,True,3,17,16,ade093_apparel_15,34.016586800776764,1.5361091176124024,0,0.004009880591183901,0.0,0.0,0.3591957092285156,6.969758987426758,0.20809851783457134,0.0,1.0,1.6376748125897926,0.0001,2.5619573773774116,0,True,0.0001,20.418064158211717,0,True
50,10,15,0.2,0.013333333333333334,0.6,0.0001,0,17001,27001,37001,8,200,1000,5.0,,,1,ncf_select,3f1af891264523591d3a4ef1df6878cb41b2ed518e7e2cf0e492161b72013888,True,L_IG,NCF official release 150_20_hist.npy (150 ADE20K classes x 20 palettes),,"{""global_scene"": 1.0}",True,population,CIELab_D65_L_0_100_ab_signed,apparel,20,True,True,3,18,17,ade093_apparel_14,24.805494096776762,1.0119734756663263,0,0.004154373425990343,0.0,0.0,0.11578115075826645,5.141998767852783,0.20809851783457134,0.0,1.0,1.023790777566242,0.0001,2.5619573773774116,0,True,0.0001,9.658400125455254,0,True
50,10,15,0.2,0.013333333333333334,0.6,0.0001,0,17001,27001,37001,8,200,1000,5.0,,,1,ncf_select,3f1af891264523591d3a4ef1df6878cb41b2ed518e7e2cf0e492161b72013888,True,L_IG,NCF official release 150_20_hist.npy (150 ADE20K classes x 20 palettes),,"{""global_scene"": 1.0}",True,population,CIELab_D65_L_0_100_ab_signed,apparel,20,True,True,3,19,18,ade093_apparel_00,4.448400200223233,0.7174915710329959,0,0.004987236112356186,0.0,0.0,0.009675344452261925,2.762421131134033,0.20809851783457134,0.0,1.0,0.7529394046989415,0.0001,2.5619573773774116,0,True,0.0001,13.678486643097541,0,True
50,10,15,0.2,0.013333333333333334,0.6,0.0001,0,17001,27001,37001,8,200,1000,5.0,,,1,ncf_select,3f1af891264523591d3a4ef1df6878cb41b2ed518e7e2cf0e492161b72013888,True,L_IG,NCF official release 150_20_hist.npy (150 ADE20K classes x 20 palettes),,"{""global_scene"": 1.0}",True,population,CIELab_D65_L_0_100_ab_signed,apparel,20,True,True,3,20,19,ade093_apparel_04,6.219713140776761,1.7321211250724349,0,0.004211270250380039,0.0,0.0,0.3007291257381439,5.8918914794921875,0.20809851783457134,0.0,1.0,1.7885828378954691,0.0001,2.5619573773774116,0,True,0.0001,114.76474655893715,0,True
50,10,15,0.2,0.013333333333333334,0.6,0.0001,0,17001,27001,37001,8,200,1000,5.0,,,1,ncf_select,3f1af891264523591d3a4ef1df6878cb41b2ed518e7e2cf0e492161b72013888,True,L_IG,NCF official release 150_20_hist.npy (150 ADE20K classes x 20 palettes),,"{""global_scene"": 1.0}",True,population,CIELab_D65_L_0_100_ab_signed,apparel,20,True,True,3,21,20,ade093_apparel_16,48.19531019277676,0.6834396288863396,0,0.003508317284286022,0.0,0.0,0.34098944067955017,9.172623634338379,0.20809851783457134,0.0,1.0,0.6285960195108868,0.0001,2.5619573773774116,0,True,0.0001,3.1442108354330105,0,True
50,10,15,0.2,0.013333333333333334,0.6,0.0001,0,17001,27001,37001,8,200,1000,5.0,,,1,ncf_select,3f1af891264523591d3a4ef1df6878cb41b2ed518e7e2cf0e492161b72013888,True,L_IG,NCF official release 150_20_hist.npy (150 ADE20K classes x 20 palettes),,"{""global_scene"": 1.0}",True,population,CIELab_D65_L_0_100_ab_signed,apparel,20,True,True,3,22,21,ade093_apparel_09,0.01659712422323878,1.070617584211453,0,0.004381686449050903,0.0,0.0,0.2204996794462204,4.822013854980469,0.20809851783457134,0.0,1.0,1.0950921587296996,0.0001,2.5619573773774116,0,True,0.0001,42.96146995103422,0,True
50,10,15,0.2,0.013333333333333334,0.6,0.0001,0,17001,27001,37001,8,200,1000,5.0,,,1,ncf_select,3f1af891264523591d3a4ef1df6878cb41b2ed518e7e2cf0e492161b72013888,True,L_IG,NCF official release 150_20_hist.npy (150 ADE20K classes x 20 palettes),,"{""global_scene"": 1.0}",True,population,CIELab_D65_L_0_100_ab_signed,apparel,20,True,True,3,23,22,ade093_apparel_11,40.13873903077676,1.2314364848217625,0,0.004516494460403919,0.0,0.0,0.3700103759765625,8.585206031799316,0.20809851783457134,0.0,1.0,1.311809474530624,0.0001,2.5619573773774116,0,True,0.0001,22.59875470283781,0,True
50,10,15,0.2,0.013333333333333334,0.6,0.0001,0,17001,27001,37001,8,200,1000,5.0,,,1,ncf_select,3f1af891264523591d3a4ef1df6878cb41b2ed518e7e2cf0e492161b72013888,True,L_IG,NCF official release 150_20_hist.npy (150 ADE20K classes x 20 palettes),,"{""global_scene"": 1.0}",True,population,CIELab_D65_L_0_100_ab_signed,apparel,20,True,True,3,24,23,ade093_apparel_06,32.73356054777676,1.6121630916815244,0,0.004561473149806261,0.0,0.0,0.3171730041503906,6.377588748931885,0.20809851783457134,0.0,1.0,1.6893467459835592,0.0001,2.5619573773774116,0,True,0.0001,65.62825536200938,0,True
50,10,15,0.2,0.013333333333333334,0.6,0.0001,0,17001,27001,37001,8,200,1000,5.0,,,1,ncf_select,3f1af891264523591d3a4ef1df6878cb41b2ed518e7e2cf0e492161b72013888,True,L_IG,NCF official release 150_20_hist.npy (150 ADE20K classes x 20 palettes),,"{""global_scene"": 1.0}",True,population,CIELab_D65_L_0_100_ab_signed,apparel,20,True,True,3,25,24,ade093_apparel_12,22.319281731776762,1.164320446521318,0,0.0044153593480587006,0.0,0.0,0.3225148618221283,7.548335075378418,0.20809851783457134,0.0,1.0,1.209959938619046,0.0001,2.5619573773774116,0,True,0.0001,23.523149998259584,0,True
50,10,15,0.2,0.013333333333333334,0.6,0.0001,0,17001,27001,37001,8,200,1000,5.0,,,1,ncf_select,3f1af891264523591d3a4ef1df6878cb41b2ed518e7e2cf0e492161b72013888,True,L_IG,NCF official release 150_20_hist.npy (150 ADE20K classes x 20 palettes),,"{""global_scene"": 1.0}",True,population,CIELab_D65_L_0_100_ab_signed,apparel,20,True,True,3,26,25,ade093_apparel_18,21.83342234577676,0.7049385904760218,0,0.004386403132230043,0.0,0.0,0.21730677783489227,7.417181015014648,0.20809851783457134,0.0,1.0,0.7321290705372797,0.0001,2.5619573773774116,0,True,0.0001,27.727074725308558,0,True
50,10,15,0.2,0.013333333333333334,0.6,0.0001,0,17001,27001,37001,8,200,1000,5.0,,,1,ncf_select,3f1af891264523591d3a4ef1df6878cb41b2ed518e7e2cf0e492161b72013888,True,L_IG,NCF official release 150_20_hist.npy (150 ADE20K classes x 20 palettes),,"{""global_scene"": 1.0}",True,population,CIELab_D65_L_0_100_ab_signed,apparel,20,True,True,3,27,26,ade093_apparel_17,47.619535516776764,1.0401231017119834,0,0.004275679122656584,0.0,0.0,0.3259696960449219,8.560419082641602,0.20809851783457134,0.0,1.0,1.0949912956088097,0.0001,2.5619573773774116,0,True,0.0001,25.57759225725133,0,True
50,10,15,0.2,0.013333333333333334,0.6,0.0001,0,17001,27001,37001,8,200,1000,5.0,,,1,ncf_select,3f1af891264523591d3a4ef1df6878cb41b2ed518e7e2cf0e492161b72013888,True,L_IG,NCF official release 150_20_hist.npy (150 ADE20K classes x 20 palettes),,"{""global_scene"": 1.0}",True,population,CIELab_D65_L_0_100_ab_signed,apparel,20,True,True,3,28,27,ade093_apparel_14,24.805494096776762,1.0119734756663263,0,0.004154373425990343,0.0,0.0,0.11578115075826645,5.141998767852783,0.20809851783457134,0.0,1.0,1.023790777566242,0.0001,2.5619573773774116,0,True,0.0001,9.658400125455254,0,True
50,10,15,0.2,0.013333333333333334,0.6,0.0001,0,17001,27001,37001,8,200,1000,5.0,,,1,ncf_select,3f1af891264523591d3a4ef1df6878cb41b2ed518e7e2cf0e492161b72013888,True,L_IG,NCF official release 150_20_hist.npy (150 ADE20K classes x 20 palettes),,"{""global_scene"": 1.0}",True,population,CIELab_D65_L_0_100_ab_signed,apparel,20,True,True,3,29,28,ade093_apparel_14,24.805494096776762,1.0119734756663263,0,0.004154373425990343,0.0,0.0,0.11578115075826645,5.141998767852783,0.20809851783457134,0.0,1.0,1.023790777566242,0.0001,2.5619573773774116,0,True,0.0001,9.658400125455254,0,True
50,10,15,0.2,0.013333333333333334,0.6,0.0001,0,17001,27001,37001,8,200,1000,5.0,,,1,ncf_select,3f1af891264523591d3a4ef1df6878cb41b2ed518e7e2cf0e492161b72013888,True,L_IG,NCF official release 150_20_hist.npy (150 ADE20K classes x 20 palettes),,"{""global_scene"": 1.0}",True,population,CIELab_D65_L_0_100_ab_signed,apparel,20,True,True,3,30,29,ade093_apparel_10,0.6310570902232371,1.638137277742129,0,0.0047023845836520195,0.0,0.0,0.17089971899986267,1.9284114837646484,0.20809851783457134,0.0,1.0,1.6851142953234455,0.0001,2.5619573773774116,0,True,0.0001,39.50365121660779,0,True
50,10,15,0.2,0.013333333333333334,0.6,0.0001,0,17001,27001,37001,8,200,1000,5.0,,,1,ncf_select,3f1af891264523591d3a4ef1df6878cb41b2ed518e7e2cf0e492161b72013888,True,L_IG,NCF official release 150_20_hist.npy (150 ADE20K classes x 20 palettes),,"{""global_scene"": 1.0}",True,population,CIELab_D65_L_0_100_ab_signed,apparel,20,True,True,3,31,30,ade093_apparel_10,0.6310570902232371,1.638137277742129,0,0.0047023845836520195,0.0,0.0,0.17089971899986267,1.9284114837646484,0.20809851783457134,0.0,1.0,1.6851142953234455,0.0001,2.5619573773774116,0,True,0.0001,39.50365121660779,0,True
50,10,15,0.2,0.013333333333333334,0.6,0.0001,0,17001,27001,37001,8,200,1000,5.0,,,1,ncf_select,3f1af891264523591d3a4ef1df6878cb41b2ed518e7e2cf0e492161b72013888,True,L_IG,NCF official release 150_20_hist.npy (150 ADE20K classes x 20 palettes),,"{""global_scene"": 1.0}",True,population,CIELab_D65_L_0_100_ab_signed,apparel,20,True,True,3,32,31,ade093_apparel_11,40.13873903077676,1.2314364848217625,0,0.004516494460403919,0.0,0.0,0.3700103759765625,8.585206031799316,0.20809851783457134,0.0,1.0,1.311809474530624,0.0001,2.5619573773774116,0,True,0.0001,22.59875470283781,0,True
50,10,15,0.2,0.013333333333333334,0.6,0.0001,0,17001,27001,37001,8,200,1000,5.0,,,1,ncf_select,3f1af891264523591d3a4ef1df6878cb41b2ed518e7e2cf0e492161b72013888,True,L_IG,NCF official release 150_20_hist.npy (150 ADE20K classes x 20 palettes),,"{""global_scene"": 1.0}",True,population,CIELab_D65_L_0_100_ab_signed,apparel,20,True,True,3,33,32,ade093_apparel_04,6.219713140776761,1.7321211250724349,0,0.004211270250380039,0.0,0.0,0.3007291257381439,5.8918914794921875,0.20809851783457134,0.0,1.0,1.7885828378954691,0.0001,2.5619573773774116,0,True,0.0001,114.76474655893715,0,True
50,10,15,0.2,0.013333333333333334,0.6,0.0001,0,17001,27001,37001,8,200,1000,5.0,,,1,ncf_select,3f1af891264523591d3a4ef1df6878cb41b2ed518e7e2cf0e492161b72013888,True,L_IG,NCF official release 150_20_hist.npy (150 ADE20K classes x 20 palettes),,"{""global_scene"": 1.0}",True,population,CIELab_D65_L_0_100_ab_signed,apparel,20,True,True,3,34,33,ade093_apparel_13,16.484754753776762,0.8096338947218743,0,0.0047223265282809734,0.0,0.0,0.0202484130859375,3.8241829872131348,0.20809851783457134,0.0,1.0,0.7816295969003764,0.0001,2.5619573773774116,0,True,0.0001,5.005578498102056,0,True
50,10,15,0.2,0.013333333333333334,0.6,0.0001,0,17001,27001,37001,8,200,1000,5.0,,,1,ncf_select,3f1af891264523591d3a4ef1df6878cb41b2ed518e7e2cf0e492161b72013888,True,L_IG,NCF official release 150_20_hist.npy (150 ADE20K classes x 20 palettes),,"{""global_scene"": 1.0}",True,population,CIELab_D65_L_0_100_ab_signed,apparel,20,True,True,3,35,34,ade093_apparel_19,3.08071741177676,0.5940113023000564,0,0.004060554318130016,0.0,0.0,0.05952708050608635,5.820206642150879,0.20809851783457134,0.0,1.0,0.6293010181819644,0.0001,2.5619573773774116,0,True,0.0001,28.21250499823254,0,True
50,10,15,0.2,0.013333333333333334,0.6,0.0001,0,17001,27001,37001,8,200,1000,5.0,,,1,ncf_select,3f1af891264523591d3a4ef1df6878cb41b2ed518e7e2cf0e492161b72013888,True,L_IG,NCF official release 150_20_hist.npy (150 ADE20K classes x 20 palettes),,"{""global_scene"": 1.0}",True,population,CIELab_D65_L_0_100_ab_signed,apparel,20,True,True,3,36,35,ade093_apparel_02,21.569348471776763,1.9968806205849183,0,0.004583556670695543,0.0,0.0,0.33203762769699097,4.497076034545898,0.20809851783457134,0.0,1.0,2.065004000582482,0.0001,2.5619573773774116,0,True,0.0001,69.36432648787414,0,True
50,10,15,0.2,0.013333333333333334,0.6,0.0001,0,17001,27001,37001,8,200,1000,5.0,,,1,ncf_select,3f1af891264523591d3a4ef1df6878cb41b2ed518e7e2cf0e492161b72013888,True,L_IG,NCF official release 150_20_hist.npy (150 ADE20K classes x 20 palettes),,"{""global_scene"": 1.0}",True,population,CIELab_D65_L_0_100_ab_signed,apparel,20,True,True,3,37,36,ade093_apparel_13,16.484754753776762,0.8096338947218743,0,0.0047223265282809734,0.0,0.0,0.0202484130859375,3.8241829872131348,0.20809851783457134,0.0,1.0,0.7816295969003764,0.0001,2.5619573773774116,0,True,0.0001,5.005578498102056,0,True
50,10,15,0.2,0.013333333333333334,0.6,0.0001,0,17001,27001,37001,8,200,1000,5.0,,,1,ncf_select,3f1af891264523591d3a4ef1df6878cb41b2ed518e7e2cf0e492161b72013888,True,L_IG,NCF official release 150_20_hist.npy (150 ADE20K classes x 20 palettes),,"{""global_scene"": 1.0}",True,population,CIELab_D65_L_0_100_ab_signed,apparel,20,True,True,3,38,37,ade093_apparel_00,4.448400200223233,0.7174915710329959,0,0.004987236112356186,0.0,0.0,0.009675344452261925,2.762421131134033,0.20809851783457134,0.0,1.0,0.7529394046989415,0.0001,2.5619573773774116,0,True,0.0001,13.678486643097541,0,True
50,10,15,0.2,0.013333333333333334,0.6,0.0001,0,17001,27001,37001,8,200,1000,5.0,,,1,ncf_select,3f1af891264523591d3a4ef1df6878cb41b2ed518e7e2cf0e492161b72013888,True,L_IG,NCF official release 150_20_hist.npy (150 ADE20K classes x 20 palettes),,"{""global_scene"": 1.0}",True,population,CIELab_D65_L_0_100_ab_signed,apparel,20,True,True,3,39,38,ade093_apparel_02,21.569348471776763,1.9968806205849183,0,0.004583556670695543,0.0,0.0,0.33203762769699097,4.497076034545898,0.20809851783457134,0.0,1.0,2.065004000582482,0.0001,2.5619573773774116,0,True,0.0001,69.36432648787414,0,True
50,10,15,0.2,0.013333333333333334,0.6,0.0001,0,17001,27001,37001,8,200,1000,5.0,,,1,ncf_select,3f1af891264523591d3a4ef1df6878cb41b2ed518e7e2cf0e492161b72013888,True,L_IG,NCF official release 150_20_hist.npy (150 ADE20K classes x 20 palettes),,"{""global_scene"": 1.0}",True,population,CIELab_D65_L_0_100_ab_signed,apparel,20,True,True,3,40,39,ade093_apparel_01,19.229243914223233,0.9723359643390953,0,0.003873163601383567,0.0,0.0,0.09228134155273438,3.5992369651794434,0.20809851783457134,0.0,1.0,0.9680062551450832,0.0001,2.5619573773774116,0,True,0.0001,12.05742349660714,0,True
50,10,15,0.2,0.013333333333333334,0.6,0.0001,0,17001,27001,37001,8,200,1000,5.0,,,1,ncf_select,3f1af891264523591d3a4ef1df6878cb41b2ed518e7e2cf0e492161b72013888,True,L_IG,NCF official release 150_20_hist.npy (150 ADE20K classes x 20 palettes),,"{""global_scene"": 1.0}",True,population,CIELab_D65_L_0_100_ab_signed,apparel,20,True,True,3,41,40,ade093_apparel_13,16.484754753776762,0.8096338947218743,0,0.0047223265282809734,0.0,0.0,0.0202484130859375,3.8241829872131348,0.20809851783457134,0.0,1.0,0.7816295969003764,0.0001,2.5619573773774116,0,True,0.0001,5.005578498102056,0,True
50,10,15,0.2,0.013333333333333334,0.6,0.0001,0,17001,27001,37001,8,200,1000,5.0,,,1,ncf_select,3f1af891264523591d3a4ef1df6878cb41b2ed518e7e2cf0e492161b72013888,True,L_IG,NCF official release 150_20_hist.npy (150 ADE20K classes x 20 palettes),,"{""global_scene"": 1.0}",True,population,CIELab_D65_L_0_100_ab_signed,apparel,20,True,True,3,42,41,ade093_apparel_14,24.805494096776762,1.0119734756663263,0,0.004154373425990343,0.0,0.0,0.11578115075826645,5.141998767852783,0.20809851783457134,0.0,1.0,1.023790777566242,0.0001,2.5619573773774116,0,True,0.0001,9.658400125455254,0,True
50,10,15,0.2,0.013333333333333334,0.6,0.0001,0,17001,27001,37001,8,200,1000,5.0,,,1,ncf_select,3f1af891264523591d3a4ef1df6878cb41b2ed518e7e2cf0e492161b72013888,True,L_IG,NCF official release 150_20_hist.npy (150 ADE20K classes x 20 palettes),,"{""global_scene"": 1.0}",True,population,CIELab_D65_L_0_100_ab_signed,apparel,20,True,True,3,43,42,ade093_apparel_16,48.19531019277676,0.6834396288863396,0,0.003508317284286022,0.0,0.0,0.34098944067955017,9.172623634338379,0.20809851783457134,0.0,1.0,0.6285960195108868,0.0001,2.5619573773774116,0,True,0.0001,3.1442108354330105,0,True
50,10,15,0.2,0.013333333333333334,0.6,0.0001,0,17001,27001,37001,8,200,1000,5.0,,,1,ncf_select,3f1af891264523591d3a4ef1df6878cb41b2ed518e7e2cf0e492161b72013888,True,L_IG,NCF official release 150_20_hist.npy (150 ADE20K classes x 20 palettes),,"{""global_scene"": 1.0}",True,population,CIELab_D65_L_0_100_ab_signed,apparel,20,True,True,3,44,43,ade093_apparel_15,34.016586800776764,1.5361091176124024,0,0.004009880591183901,0.0,0.0,0.3591957092285156,6.969758987426758,0.20809851783457134,0.0,1.0,1.6376748125897926,0.0001,2.5619573773774116,0,True,0.0001,20.418064158211717,0,True
50,10,15,0.2,0.013333333333333334,0.6,0.0001,0,17001,27001,37001,8,200,1000,5.0,,,1,ncf_select,3f1af891264523591d3a4ef1df6878cb41b2ed518e7e2cf0e492161b72013888,True,L_IG,NCF official release 150_20_hist.npy (150 ADE20K classes x 20 palettes),,"{""global_scene"": 1.0}",True,population,CIELab_D65_L_0_100_ab_signed,apparel,20,True,True,3,45,44,ade093_apparel_14,24.805494096776762,1.0119734756663263,0,0.004154373425990343,0.0,0.0,0.11578115075826645,5.141998767852783,0.20809851783457134,0.0,1.0,1.023790777566242,0.0001,2.5619573773774116,0,True,0.0001,9.658400125455254,0,True
50,10,15,0.2,0.013333333333333334,0.6,0.0001,0,17001,27001,37001,8,200,1000,5.0,,,1,ncf_select,3f1af891264523591d3a4ef1df6878cb41b2ed518e7e2cf0e492161b72013888,True,L_IG,NCF official release 150_20_hist.npy (150 ADE20K classes x 20 palettes),,"{""global_scene"": 1.0}",True,population,CIELab_D65_L_0_100_ab_signed,apparel,20,True,True,3,46,45,ade093_apparel_11,40.13873903077676,1.2314364848217625,0,0.004516494460403919,0.0,0.0,0.3700103759765625,8.585206031799316,0.20809851783457134,0.0,1.0,1.311809474530624,0.0001,2.5619573773774116,0,True,0.0001,22.59875470283781,0,True
50,10,15,0.2,0.013333333333333334,0.6,0.0001,0,17001,27001,37001,8,200,1000,5.0,,,1,ncf_select,3f1af891264523591d3a4ef1df6878cb41b2ed518e7e2cf0e492161b72013888,True,L_IG,NCF official release 150_20_hist.npy (150 ADE20K classes x 20 palettes),,"{""global_scene"": 1.0}",True,population,CIELab_D65_L_0_100_ab_signed,apparel,20,True,True,3,47,46,ade093_apparel_16,48.19531019277676,0.6834396288863396,0,0.003508317284286022,0.0,0.0,0.34098944067955017,9.172623634338379,0.20809851783457134,0.0,1.0,0.6285960195108868,0.0001,2.5619573773774116,0,True,0.0001,3.1442108354330105,0,True
50,10,15,0.2,0.013333333333333334,0.6,0.0001,0,17001,27001,37001,8,200,1000,5.0,,,1,ncf_select,3f1af891264523591d3a4ef1df6878cb41b2ed518e7e2cf0e492161b72013888,True,L_IG,NCF official release 150_20_hist.npy (150 ADE20K classes x 20 palettes),,"{""global_scene"": 1.0}",True,population,CIELab_D65_L_0_100_ab_signed,apparel,20,True,True,3,48,47,ade093_apparel_03,13.549542679776764,0.8834133527373681,0,0.005358285736292601,0.0,0.0,0.0318349227309227,3.704119920730591,0.20809851783457134,0.0,1.0,0.8935820388926041,0.0001,2.5619573773774116,0,True,0.0001,7.579103240094226,0,True
50,10,15,0.2,0.013333333333333334,0.6,0.0001,0,17001,27001,37001,8,200,1000,5.0,,,1,ncf_select,3f1af891264523591d3a4ef1df6878cb41b2ed518e7e2cf0e492161b72013888,True,L_IG,NCF official release 150_20_hist.npy (150 ADE20K classes x 20 palettes),,"{""global_scene"": 1.0}",True,population,CIELab_D65_L_0_100_ab_signed,apparel,20,True,True,3,49,48,ade093_apparel_17,47.619535516776764,1.0401231017119834,0,0.004275679122656584,0.0,0.0,0.3259696960449219,8.560419082641602,0.20809851783457134,0.0,1.0,1.0949912956088097,0.0001,2.5619573773774116,0,True,0.0001,25.57759225725133,0,True
50,10,15,0.2,0.013333333333333334,0.6,0.0001,0,17001,27001,37001,8,200,1000,5.0,,,1,ncf_select,3f1af891264523591d3a4ef1df6878cb41b2ed518e7e2cf0e492161b72013888,True,L_IG,NCF official release 150_20_hist.npy (150 ADE20K classes x 20 palettes),,"{""global_scene"": 1.0}",True,population,CIELab_D65_L_0_100_ab_signed,apparel,20,True,True,3,50,49,ade093_apparel_11,40.13873903077676,1.2314364848217625,0,0.004516494460403919,0.0,0.0,0.3700103759765625,8.585206031799316,0.20809851783457134,0.0,1.0,1.311809474530624,0.0001,2.5619573773774116,0,True,0.0001,22.59875470283781,0,True
50,10,15,0.2,0.013333333333333334,0.6,0.0001,0,17001,27001,37001,8,200,1000,5.0,,,1,ncf_select,3f1af891264523591d3a4ef1df6878cb41b2ed518e7e2cf0e492161b72013888,True,L_IG,NCF official release 150_20_hist.npy (150 ADE20K classes x 20 palettes),,"{""global_scene"": 1.0}",True,population,CIELab_D65_L_0_100_ab_signed,apparel,20,True,True,4,1,0,ade093_apparel_10,0.6310570902232371,1.638137277742129,0,0.0047023845836520195,0.0,0.0,0.17089971899986267,1.9284114837646484,0.20809851783457134,0.0,1.0,1.6851142953234455,0.0001,2.5619573773774116,0,True,0.0001,39.50365121660779,0,True
50,10,15,0.2,0.013333333333333334,0.6,0.0001,0,17001,27001,37001,8,200,1000,5.0,,,1,ncf_select,3f1af891264523591d3a4ef1df6878cb41b2ed518e7e2cf0e492161b72013888,True,L_IG,NCF official release 150_20_hist.npy (150 ADE20K classes x 20 palettes),,"{""global_scene"": 1.0}",True,population,CIELab_D65_L_0_100_ab_signed,apparel,20,True,True,4,2,1,ade093_apparel_14,24.805494096776762,1.0119734756663263,0,0.004154373425990343,0.0,0.0,0.11578115075826645,5.141998767852783,0.20809851783457134,0.0,1.0,1.023790777566242,0.0001,2.5619573773774116,0,True,0.0001,9.658400125455254,0,True
50,10,15,0.2,0.013333333333333334,0.6,0.0001,0,17001,27001,37001,8,200,1000,5.0,,,1,ncf_select,3f1af891264523591d3a4ef1df6878cb41b2ed518e7e2cf0e492161b72013888,True,L_IG,NCF official release 150_20_hist.npy (150 ADE20K classes x 20 palettes),,"{""global_scene"": 1.0}",True,population,CIELab_D65_L_0_100_ab_signed,apparel,20,True,True,4,3,2,ade093_apparel_11,40.13873903077676,1.2314364848217625,0,0.004516494460403919,0.0,0.0,0.3700103759765625,8.585206031799316,0.20809851783457134,0.0,1.0,1.311809474530624,0.0001,2.5619573773774116,0,True,0.0001,22.59875470283781,0,True
50,10,15,0.2,0.013333333333333334,0.6,0.0001,0,17001,27001,37001,8,200,1000,5.0,,,1,ncf_select,3f1af891264523591d3a4ef1df6878cb41b2ed518e7e2cf0e492161b72013888,True,L_IG,NCF official release 150_20_hist.npy (150 ADE20K classes x 20 palettes),,"{""global_scene"": 1.0}",True,population,CIELab_D65_L_0_100_ab_signed,apparel,20,True,True,4,4,3,ade093_apparel_13,16.484754753776762,0.8096338947218743,0,0.0047223265282809734,0.0,0.0,0.0202484130859375,3.8241829872131348,0.20809851783457134,0.0,1.0,0.7816295969003764,0.0001,2.5619573773774116,0,True,0.0001,5.005578498102056,0,True
50,10,15,0.2,0.013333333333333334,0.6,0.0001,0,17001,27001,37001,8,200,1000,5.0,,,1,ncf_select,3f1af891264523591d3a4ef1df6878cb41b2ed518e7e2cf0e492161b72013888,True,L_IG,NCF official release 150_20_hist.npy (150 ADE20K classes x 20 palettes),,"{""global_scene"": 1.0}",True,population,CIELab_D65_L_0_100_ab_signed,apparel,20,True,True,4,5,4,ade093_apparel_09,0.01659712422323878,1.070617584211453,0,0.004381686449050903,0.0,0.0,0.2204996794462204,4.822013854980469,0.20809851783457134,0.0,1.0,1.0950921587296996,0.0001,2.5619573773774116,0,True,0.0001,42.96146995103422,0,True
50,10,15,0.2,0.013333333333333334,0.6,0.0001,0,17001,27001,37001,8,200,1000,5.0,,,1,ncf_select,3f1af891264523591d3a4ef1df6878cb41b2ed518e7e2cf0e492161b72013888,True,L_IG,NCF official release 150_20_hist.npy (150 ADE20K classes x 20 palettes),,"{""global_scene"": 1.0}",True,population,CIELab_D65_L_0_100_ab_signed,apparel,20,True,True,4,6,5,ade093_apparel_16,48.19531019277676,0.6834396288863396,0,0.003508317284286022,0.0,0.0,0.34098944067955017,9.172623634338379,0.20809851783457134,0.0,1.0,0.6285960195108868,0.0001,2.5619573773774116,0,True,0.0001,3.1442108354330105,0,True
50,10,15,0.2,0.013333333333333334,0.6,0.0001,0,17001,27001,37001,8,200,1000,5.0,,,1,ncf_select,3f1af891264523591d3a4ef1df6878cb41b2ed518e7e2cf0e492161b72013888,True,L_IG,NCF official release 150_20_hist.npy (150 ADE20K classes x 20 palettes),,"{""global_scene"": 1.0}",True,population,CIELab_D65_L_0_100_ab_signed,apparel,20,True,True,4,7,6,ade093_apparel_19,3.08071741177676,0.5940113023000564,0,0.004060554318130016,0.0,0.0,0.05952708050608635,5.820206642150879,0.20809851783457134,0.0,1.0,0.6293010181819644,0.0001,2.5619573773774116,0,True,0.0001,28.21250499823254,0,True
50,10,15,0.2,0.013333333333333334,0.6,0.0001,0,17001,27001,37001,8,200,1000,5.0,,,1,ncf_select,3f1af891264523591d3a4ef1df6878cb41b2ed518e7e2cf0e492161b72013888,True,L_IG,NCF official release 150_20_hist.npy (150 ADE20K classes x 20 palettes),,"{""global_scene"": 1.0}",True,population,CIELab_D65_L_0_100_ab_signed,apparel,20,True,True,4,8,7,ade093_apparel_16,48.19531019277676,0.6834396288863396,0,0.003508317284286022,0.0,0.0,0.34098944067955017,9.172623634338379,0.20809851783457134,0.0,1.0,0.6285960195108868,0.0001,2.5619573773774116,0,True,0.0001,3.1442108354330105,0,True
50,10,15,0.2,0.013333333333333334,0.6,0.0001,0,17001,27001,37001,8,200,1000,5.0,,,1,ncf_select,3f1af891264523591d3a4ef1df6878cb41b2ed518e7e2cf0e492161b72013888,True,L_IG,NCF official release 150_20_hist.npy (150 ADE20K classes x 20 palettes),,"{""global_scene"": 1.0}",True,population,CIELab_D65_L_0_100_ab_signed,apparel,20,True,True,4,9,8,ade093_apparel_02,21.569348471776763,1.9968806205849183,0,0.004583556670695543,0.0,0.0,0.33203762769699097,4.497076034545898,0.20809851783457134,0.0,1.0,2.065004000582482,0.0001,2.5619573773774116,0,True,0.0001,69.36432648787414,0,True
50,10,15,0.2,0.013333333333333334,0.6,0.0001,0,17001,27001,37001,8,200,1000,5.0,,,1,ncf_select,3f1af891264523591d3a4ef1df6878cb41b2ed518e7e2cf0e492161b72013888,True,L_IG,NCF official release 150_20_hist.npy (150 ADE20K classes x 20 palettes),,"{""global_scene"": 1.0}",True,population,CIELab_D65_L_0_100_ab_signed,apparel,20,True,True,4,10,9,ade093_apparel_01,19.229243914223233,0.9723359643390953,0,0.003873163601383567,0.0,0.0,0.09228134155273438,3.5992369651794434,0.20809851783457134,0.0,1.0,0.9680062551450832,0.0001,2.5619573773774116,0,True,0.0001,12.05742349660714,0,True
50,10,15,0.2,0.013333333333333334,0.6,0.0001,0,17001,27001,37001,8,200,1000,5.0,,,1,ncf_select,3f1af891264523591d3a4ef1df6878cb41b2ed518e7e2cf0e492161b72013888,True,L_IG,NCF official release 150_20_hist.npy (150 ADE20K classes x 20 palettes),,"{""global_scene"": 1.0}",True,population,CIELab_D65_L_0_100_ab_signed,apparel,20,True,True,4,11,10,ade093_apparel_18,21.83342234577676,0.7049385904760218,0,0.004386403132230043,0.0,0.0,0.21730677783489227,7.417181015014648,0.20809851783457134,0.0,1.0,0.7321290705372797,0.0001,2.5619573773774116,0,True,0.0001,27.727074725308558,0,True
50,10,15,0.2,0.013333333333333334,0.6,0.0001,0,17001,27001,37001,8,200,1000,5.0,,,1,ncf_select,3f1af891264523591d3a4ef1df6878cb41b2ed518e7e2cf0e492161b72013888,True,L_IG,NCF official release 150_20_hist.npy (150 ADE20K classes x 20 palettes),,"{""global_scene"": 1.0}",True,population,CIELab_D65_L_0_100_ab_signed,apparel,20,True,True,4,12,11,ade093_apparel_16,48.19531019277676,0.6834396288863396,0,0.003508317284286022,0.0,0.0,0.34098944067955017,9.172623634338379,0.20809851783457134,0.0,1.0,0.6285960195108868,0.0001,2.5619573773774116,0,True,0.0001,3.1442108354330105,0,True
50,10,15,0.2,0.013333333333333334,0.6,0.0001,0,17001,27001,37001,8,200,1000,5.0,,,1,ncf_select,3f1af891264523591d3a4ef1df6878cb41b2ed518e7e2cf0e492161b72013888,True,L_IG,NCF official release 150_20_hist.npy (150 ADE20K classes x 20 palettes),,"{""global_scene"": 1.0}",True,population,CIELab_D65_L_0_100_ab_signed,apparel,20,True,True,4,13,12,ade093_apparel_15,34.016586800776764,1.5361091176124024,0,0.004009880591183901,0.0,0.0,0.3591957092285156,6.969758987426758,0.20809851783457134,0.0,1.0,1.6376748125897926,0.0001,2.5619573773774116,0,True,0.0001,20.418064158211717,0,True
50,10,15,0.2,0.013333333333333334,0.6,0.0001,0,17001,27001,37001,8,200,1000,5.0,,,1,ncf_select,3f1af891264523591d3a4ef1df6878cb41b2ed518e7e2cf0e492161b72013888,True,L_IG,NCF official release 150_20_hist.npy (150 ADE20K classes x 20 palettes),,"{""global_scene"": 1.0}",True,population,CIELab_D65_L_0_100_ab_signed,apparel,20,True,True,4,14,13,ade093_apparel_13,16.484754753776762,0.8096338947218743,0,0.0047223265282809734,0.0,0.0,0.0202484130859375,3.8241829872131348,0.20809851783457134,0.0,1.0,0.7816295969003764,0.0001,2.5619573773774116,0,True,0.0001,5.005578498102056,0,True
50,10,15,0.2,0.013333333333333334,0.6,0.0001,0,17001,27001,37001,8,200,1000,5.0,,,1,ncf_select,3f1af891264523591d3a4ef1df6878cb41b2ed518e7e2cf0e492161b72013888,True,L_IG,NCF official release 150_20_hist.npy (150 ADE20K classes x 20 palettes),,"{""global_scene"": 1.0}",True,population,CIELab_D65_L_0_100_ab_signed,apparel,20,True,True,4,15,14,ade093_apparel_10,0.6310570902232371,1.638137277742129,0,0.0047023845836520195,0.0,0.0,0.17089971899986267,1.9284114837646484,0.20809851783457134,0.0,1.0,1.6851142953234455,0.0001,2.5619573773774116,0,True,0.0001,39.50365121660779,0,True
50,10,15,0.2,0.013333333333333334,0.6,0.0001,0,17001,27001,37001,8,200,1000,5.0,,,1,ncf_select,3f1af891264523591d3a4ef1df6878cb41b2ed518e7e2cf0e492161b72013888,True,L_IG,NCF official release 150_20_hist.npy (150 ADE20K classes x 20 palettes),,"{""global_scene"": 1.0}",True,population,CIELab_D65_L_0_100_ab_signed,apparel,20,True,True,4,16,15,ade093_apparel_07,34.29067067377676,1.566753076249718,0,0.004495186265558004,0.0,0.0,0.32716116309165955,5.942652702331543,0.20809851783457134,0.0,1.0,1.6506155227261219,0.0001,2.5619573773774116,0,True,0.0001,74.84193240129349,0,True
50,10,15,0.2,0.013333333333333334,0.6,0.0001,0,17001,27001,37001,8,200,1000,5.0,,,1,ncf_select,3f1af891264523591d3a4ef1df6878cb41b2ed518e7e2cf0e492161b72013888,True,L_IG,NCF official release 150_20_hist.npy (150 ADE20K classes x 20 palettes),,"{""global_scene"": 1.0}",True,population,CIELab_D65_L_0_100_ab_signed,apparel,20,True,True,4,17,16,ade093_apparel_07,34.29067067377676,1.566753076249718,0,0.004495186265558004,0.0,0.0,0.32716116309165955,5.942652702331543,0.20809851783457134,0.0,1.0,1.6506155227261219,0.0001,2.5619573773774116,0,True,0.0001,74.84193240129349,0,True
50,10,15,0.2,0.013333333333333334,0.6,0.0001,0,17001,27001,37001,8,200,1000,5.0,,,1,ncf_select,3f1af891264523591d3a4ef1df6878cb41b2ed518e7e2cf0e492161b72013888,True,L_IG,NCF official release 150_20_hist.npy (150 ADE20K classes x 20 palettes),,"{""global_scene"": 1.0}",True,population,CIELab_D65_L_0_100_ab_signed,apparel,20,True,True,4,18,17,ade093_apparel_13,16.484754753776762,0.8096338947218743,0,0.0047223265282809734,0.0,0.0,0.0202484130859375,3.8241829872131348,0.20809851783457134,0.0,1.0,0.7816295969003764,0.0001,2.5619573773774116,0,True,0.0001,5.005578498102056,0,True
50,10,15,0.2,0.013333333333333334,0.6,0.0001,0,17001,27001,37001,8,200,1000,5.0,,,1,ncf_select,3f1af891264523591d3a4ef1df6878cb41b2ed518e7e2cf0e492161b72013888,True,L_IG,NCF official release 150_20_hist.npy (150 ADE20K classes x 20 palettes),,"{""global_scene"": 1.0}",True,population,CIELab_D65_L_0_100_ab_signed,apparel,20,True,True,4,19,18,ade093_apparel_00,4.448400200223233,0.7174915710329959,0,0.004987236112356186,0.0,0.0,0.009675344452261925,2.762421131134033,0.20809851783457134,0.0,1.0,0.7529394046989415,0.0001,2.5619573773774116,0,True,0.0001,13.678486643097541,0,True
50,10,15,0.2,0.013333333333333334,0.6,0.0001,0,17001,27001,37001,8,200,1000,5.0,,,1,ncf_select,3f1af891264523591d3a4ef1df6878cb41b2ed518e7e2cf0e492161b72013888,True,L_IG,NCF official release 150_20_hist.npy (150 ADE20K classes x 20 palettes),,"{""global_scene"": 1.0}",True,population,CIELab_D65_L_0_100_ab_signed,apparel,20,True,True,4,20,19,ade093_apparel_12,22.319281731776762,1.164320446521318,0,0.0044153593480587006,0.0,0.0,0.3225148618221283,7.548335075378418,0.20809851783457134,0.0,1.0,1.209959938619046,0.0001,2.5619573773774116,0,True,0.0001,23.523149998259584,0,True
50,10,15,0.2,0.013333333333333334,0.6,0.0001,0,17001,27001,37001,8,200,1000,5.0,,,1,ncf_select,3f1af891264523591d3a4ef1df6878cb41b2ed518e7e2cf0e492161b72013888,True,L_IG,NCF official release 150_20_hist.npy (150 ADE20K classes x 20 palettes),,"{""global_scene"": 1.0}",True,population,CIELab_D65_L_0_100_ab_signed,apparel,20,True,True,4,21,20,ade093_apparel_18,21.83342234577676,0.7049385904760218,0,0.004386403132230043,0.0,0.0,0.21730677783489227,7.417181015014648,0.20809851783457134,0.0,1.0,0.7321290705372797,0.0001,2.5619573773774116,0,True,0.0001,27.727074725308558,0,True
50,10,15,0.2,0.013333333333333334,0.6,0.0001,0,17001,27001,37001,8,200,1000,5.0,,,1,ncf_select,3f1af891264523591d3a4ef1df6878cb41b2ed518e7e2cf0e492161b72013888,True,L_IG,NCF official release 150_20_hist.npy (150 ADE20K classes x 20 palettes),,"{""global_scene"": 1.0}",True,population,CIELab_D65_L_0_100_ab_signed,apparel,20,True,True,4,22,21,ade093_apparel_00,4.448400200223233,0.7174915710329959,0,0.004987236112356186,0.0,0.0,0.009675344452261925,2.762421131134033,0.20809851783457134,0.0,1.0,0.7529394046989415,0.0001,2.5619573773774116,0,True,0.0001,13.678486643097541,0,True
50,10,15,0.2,0.013333333333333334,0.6,0.0001,0,17001,27001,37001,8,200,1000,5.0,,,1,ncf_select,3f1af891264523591d3a4ef1df6878cb41b2ed518e7e2cf0e492161b72013888,True,L_IG,NCF official release 150_20_hist.npy (150 ADE20K classes x 20 palettes),,"{""global_scene"": 1.0}",True,population,CIELab_D65_L_0_100_ab_signed,apparel,20,True,True,4,23,22,ade093_apparel_18,21.83342234577676,0.7049385904760218,0,0.004386403132230043,0.0,0.0,0.21730677783489227,7.417181015014648,0.20809851783457134,0.0,1.0,0.7321290705372797,0.0001,2.5619573773774116,0,True,0.0001,27.727074725308558,0,True
50,10,15,0.2,0.013333333333333334,0.6,0.0001,0,17001,27001,37001,8,200,1000,5.0,,,1,ncf_select,3f1af891264523591d3a4ef1df6878cb41b2ed518e7e2cf0e492161b72013888,True,L_IG,NCF official release 150_20_hist.npy (150 ADE20K classes x 20 palettes),,"{""global_scene"": 1.0}",True,population,CIELab_D65_L_0_100_ab_signed,apparel,20,True,True,4,24,23,ade093_apparel_14,24.805494096776762,1.0119734756663263,0,0.004154373425990343,0.0,0.0,0.11578115075826645,5.141998767852783,0.20809851783457134,0.0,1.0,1.023790777566242,0.0001,2.5619573773774116,0,True,0.0001,9.658400125455254,0,True
50,10,15,0.2,0.013333333333333334,0.6,0.0001,0,17001,27001,37001,8,200,1000,5.0,,,1,ncf_select,3f1af891264523591d3a4ef1df6878cb41b2ed518e7e2cf0e492161b72013888,True,L_IG,NCF official release 150_20_hist.npy (150 ADE20K classes x 20 palettes),,"{""global_scene"": 1.0}",True,population,CIELab_D65_L_0_100_ab_signed,apparel,20,True,True,4,25,24,ade093_apparel_02,21.569348471776763,1.9968806205849183,0,0.004583556670695543,0.0,0.0,0.33203762769699097,4.497076034545898,0.20809851783457134,0.0,1.0,2.065004000582482,0.0001,2.5619573773774116,0,True,0.0001,69.36432648787414,0,True
50,10,15,0.2,0.013333333333333334,0.6,0.0001,0,17001,27001,37001,8,200,1000,5.0,,,1,ncf_select,3f1af891264523591d3a4ef1df6878cb41b2ed518e7e2cf0e492161b72013888,True,L_IG,NCF official release 150_20_hist.npy (150 ADE20K classes x 20 palettes),,"{""global_scene"": 1.0}",True,population,CIELab_D65_L_0_100_ab_signed,apparel,20,True,True,4,26,25,ade093_apparel_04,6.219713140776761,1.7321211250724349,0,0.004211270250380039,0.0,0.0,0.3007291257381439,5.8918914794921875,0.20809851783457134,0.0,1.0,1.7885828378954691,0.0001,2.5619573773774116,0,True,0.0001,114.76474655893715,0,True
50,10,15,0.2,0.013333333333333334,0.6,0.0001,0,17001,27001,37001,8,200,1000,5.0,,,1,ncf_select,3f1af891264523591d3a4ef1df6878cb41b2ed518e7e2cf0e492161b72013888,True,L_IG,NCF official release 150_20_hist.npy (150 ADE20K classes x 20 palettes),,"{""global_scene"": 1.0}",True,population,CIELab_D65_L_0_100_ab_signed,apparel,20,True,True,4,27,26,ade093_apparel_11,40.13873903077676,1.2314364848217625,0,0.004516494460403919,0.0,0.0,0.3700103759765625,8.585206031799316,0.20809851783457134,0.0,1.0,1.311809474530624,0.0001,2.5619573773774116,0,True,0.0001,22.59875470283781,0,True
50,10,15,0.2,0.013333333333333334,0.6,0.0001,0,17001,27001,37001,8,200,1000,5.0,,,1,ncf_select,3f1af891264523591d3a4ef1df6878cb41b2ed518e7e2cf0e492161b72013888,True,L_IG,NCF official release 150_20_hist.npy (150 ADE20K classes x 20 palettes),,"{""global_scene"": 1.0}",True,population,CIELab_D65_L_0_100_ab_signed,apparel,20,True,True,4,28,27,ade093_apparel_12,22.319281731776762,1.164320446521318,0,0.0044153593480587006,0.0,0.0,0.3225148618221283,7.548335075378418,0.20809851783457134,0.0,1.0,1.209959938619046,0.0001,2.5619573773774116,0,True,0.0001,23.523149998259584,0,True
50,10,15,0.2,0.013333333333333334,0.6,0.0001,0,17001,27001,37001,8,200,1000,5.0,,,1,ncf_select,3f1af891264523591d3a4ef1df6878cb41b2ed518e7e2cf0e492161b72013888,True,L_IG,NCF official release 150_20_hist.npy (150 ADE20K classes x 20 palettes),,"{""global_scene"": 1.0}",True,population,CIELab_D65_L_0_100_ab_signed,apparel,20,True,True,4,29,28,ade093_apparel_19,3.08071741177676,0.5940113023000564,0,0.004060554318130016,0.0,0.0,0.05952708050608635,5.820206642150879,0.20809851783457134,0.0,1.0,0.6293010181819644,0.0001,2.5619573773774116,0,True,0.0001,28.21250499823254,0,True
50,10,15,0.2,0.013333333333333334,0.6,0.0001,0,17001,27001,37001,8,200,1000,5.0,,,1,ncf_select,3f1af891264523591d3a4ef1df6878cb41b2ed518e7e2cf0e492161b72013888,True,L_IG,NCF official release 150_20_hist.npy (150 ADE20K classes x 20 palettes),,"{""global_scene"": 1.0}",True,population,CIELab_D65_L_0_100_ab_signed,apparel,20,True,True,4,30,29,ade093_apparel_17,47.619535516776764,1.0401231017119834,0,0.004275679122656584,0.0,0.0,0.3259696960449219,8.560419082641602,0.20809851783457134,0.0,1.0,1.0949912956088097,0.0001,2.5619573773774116,0,True,0.0001,25.57759225725133,0,True
50,10,15,0.2,0.013333333333333334,0.6,0.0001,0,17001,27001,37001,8,200,1000,5.0,,,1,ncf_select,3f1af891264523591d3a4ef1df6878cb41b2ed518e7e2cf0e492161b72013888,True,L_IG,NCF official release 150_20_hist.npy (150 ADE20K classes x 20 palettes),,"{""global_scene"": 1.0}",True,population,CIELab_D65_L_0_100_ab_signed,apparel,20,True,True,4,31,30,ade093_apparel_09,0.01659712422323878,1.070617584211453,0,0.004381686449050903,0.0,0.0,0.2204996794462204,4.822013854980469,0.20809851783457134,0.0,1.0,1.0950921587296996,0.0001,2.5619573773774116,0,True,0.0001,42.96146995103422,0,True
50,10,15,0.2,0.013333333333333334,0.6,0.0001,0,17001,27001,37001,8,200,1000,5.0,,,1,ncf_select,3f1af891264523591d3a4ef1df6878cb41b2ed518e7e2cf0e492161b72013888,True,L_IG,NCF official release 150_20_hist.npy (150 ADE20K classes x 20 palettes),,"{""global_scene"": 1.0}",True,population,CIELab_D65_L_0_100_ab_signed,apparel,20,True,True,4,32,31,ade093_apparel_13,16.484754753776762,0.8096338947218743,0,0.0047223265282809734,0.0,0.0,0.0202484130859375,3.8241829872131348,0.20809851783457134,0.0,1.0,0.7816295969003764,0.0001,2.5619573773774116,0,True,0.0001,5.005578498102056,0,True
50,10,15,0.2,0.013333333333333334,0.6,0.0001,0,17001,27001,37001,8,200,1000,5.0,,,1,ncf_select,3f1af891264523591d3a4ef1df6878cb41b2ed518e7e2cf0e492161b72013888,True,L_IG,NCF official release 150_20_hist.npy (150 ADE20K classes x 20 palettes),,"{""global_scene"": 1.0}",True,population,CIELab_D65_L_0_100_ab_signed,apparel,20,True,True,4,33,32,ade093_apparel_02,21.569348471776763,1.9968806205849183,0,0.004583556670695543,0.0,0.0,0.33203762769699097,4.497076034545898,0.20809851783457134,0.0,1.0,2.065004000582482,0.0001,2.5619573773774116,0,True,0.0001,69.36432648787414,0,True
50,10,15,0.2,0.013333333333333334,0.6,0.0001,0,17001,27001,37001,8,200,1000,5.0,,,1,ncf_select,3f1af891264523591d3a4ef1df6878cb41b2ed518e7e2cf0e492161b72013888,True,L_IG,NCF official release 150_20_hist.npy (150 ADE20K classes x 20 palettes),,"{""global_scene"": 1.0}",True,population,CIELab_D65_L_0_100_ab_signed,apparel,20,True,True,4,34,33,ade093_apparel_17,47.619535516776764,1.0401231017119834,0,0.004275679122656584,0.0,0.0,0.3259696960449219,8.560419082641602,0.20809851783457134,0.0,1.0,1.0949912956088097,0.0001,2.5619573773774116,0,True,0.0001,25.57759225725133,0,True
50,10,15,0.2,0.013333333333333334,0.6,0.0001,0,17001,27001,37001,8,200,1000,5.0,,,1,ncf_select,3f1af891264523591d3a4ef1df6878cb41b2ed518e7e2cf0e492161b72013888,True,L_IG,NCF official release 150_20_hist.npy (150 ADE20K classes x 20 palettes),,"{""global_scene"": 1.0}",True,population,CIELab_D65_L_0_100_ab_signed,apparel,20,True,True,4,35,34,ade093_apparel_14,24.805494096776762,1.0119734756663263,0,0.004154373425990343,0.0,0.0,0.11578115075826645,5.141998767852783,0.20809851783457134,0.0,1.0,1.023790777566242,0.0001,2.5619573773774116,0,True,0.0001,9.658400125455254,0,True
50,10,15,0.2,0.013333333333333334,0.6,0.0001,0,17001,27001,37001,8,200,1000,5.0,,,1,ncf_select,3f1af891264523591d3a4ef1df6878cb41b2ed518e7e2cf0e492161b72013888,True,L_IG,NCF official release 150_20_hist.npy (150 ADE20K classes x 20 palettes),,"{""global_scene"": 1.0}",True,population,CIELab_D65_L_0_100_ab_signed,apparel,20,True,True,4,36,35,ade093_apparel_04,6.219713140776761,1.7321211250724349,0,0.004211270250380039,0.0,0.0,0.3007291257381439,5.8918914794921875,0.20809851783457134,0.0,1.0,1.7885828378954691,0.0001,2.5619573773774116,0,True,0.0001,114.76474655893715,0,True
50,10,15,0.2,0.013333333333333334,0.6,0.0001,0,17001,27001,37001,8,200,1000,5.0,,,1,ncf_select,3f1af891264523591d3a4ef1df6878cb41b2ed518e7e2cf0e492161b72013888,True,L_IG,NCF official release 150_20_hist.npy (150 ADE20K classes x 20 palettes),,"{""global_scene"": 1.0}",True,population,CIELab_D65_L_0_100_ab_signed,apparel,20,True,True,4,37,36,ade093_apparel_06,32.73356054777676,1.6121630916815244,0,0.004561473149806261,0.0,0.0,0.3171730041503906,6.377588748931885,0.20809851783457134,0.0,1.0,1.6893467459835592,0.0001,2.5619573773774116,0,True,0.0001,65.62825536200938,0,True
50,10,15,0.2,0.013333333333333334,0.6,0.0001,0,17001,27001,37001,8,200,1000,5.0,,,1,ncf_select,3f1af891264523591d3a4ef1df6878cb41b2ed518e7e2cf0e492161b72013888,True,L_IG,NCF official release 150_20_hist.npy (150 ADE20K classes x 20 palettes),,"{""global_scene"": 1.0}",True,population,CIELab_D65_L_0_100_ab_signed,apparel,20,True,True,4,38,37,ade093_apparel_02,21.569348471776763,1.9968806205849183,0,0.004583556670695543,0.0,0.0,0.33203762769699097,4.497076034545898,0.20809851783457134,0.0,1.0,2.065004000582482,0.0001,2.5619573773774116,0,True,0.0001,69.36432648787414,0,True
50,10,15,0.2,0.013333333333333334,0.6,0.0001,0,17001,27001,37001,8,200,1000,5.0,,,1,ncf_select,3f1af891264523591d3a4ef1df6878cb41b2ed518e7e2cf0e492161b72013888,True,L_IG,NCF official release 150_20_hist.npy (150 ADE20K classes x 20 palettes),,"{""global_scene"": 1.0}",True,population,CIELab_D65_L_0_100_ab_signed,apparel,20,True,True,4,39,38,ade093_apparel_05,3.775597514223236,0.6748377396676781,0,0.004178531002253294,0.0,0.0,0.1032257080078125,6.400187969207764,0.20809851783457134,0.0,1.0,0.6665319480830022,0.0001,2.5619573773774116,0,True,0.0001,13.540321523783662,0,True
50,10,15,0.2,0.013333333333333334,0.6,0.0001,0,17001,27001,37001,8,200,1000,5.0,,,1,ncf_select,3f1af891264523591d3a4ef1df6878cb41b2ed518e7e2cf0e492161b72013888,True,L_IG,NCF official release 150_20_hist.npy (150 ADE20K classes x 20 palettes),,"{""global_scene"": 1.0}",True,population,CIELab_D65_L_0_100_ab_signed,apparel,20,True,True,4,40,39,ade093_apparel_14,24.805494096776762,1.0119734756663263,0,0.004154373425990343,0.0,0.0,0.11578115075826645,5.141998767852783,0.20809851783457134,0.0,1.0,1.023790777566242,0.0001,2.5619573773774116,0,True,0.0001,9.658400125455254,0,True
50,10,15,0.2,0.013333333333333334,0.6,0.0001,0,17001,27001,37001,8,200,1000,5.0,,,1,ncf_select,3f1af891264523591d3a4ef1df6878cb41b2ed518e7e2cf0e492161b72013888,True,L_IG,NCF official release 150_20_hist.npy (150 ADE20K classes x 20 palettes),,"{""global_scene"": 1.0}",True,population,CIELab_D65_L_0_100_ab_signed,apparel,20,True,True,4,41,40,ade093_apparel_12,22.319281731776762,1.164320446521318,0,0.0044153593480587006,0.0,0.0,0.3225148618221283,7.548335075378418,0.20809851783457134,0.0,1.0,1.209959938619046,0.0001,2.5619573773774116,0,True,0.0001,23.523149998259584,0,True
50,10,15,0.2,0.013333333333333334,0.6,0.0001,0,17001,27001,37001,8,200,1000,5.0,,,1,ncf_select,3f1af891264523591d3a4ef1df6878cb41b2ed518e7e2cf0e492161b72013888,True,L_IG,NCF official release 150_20_hist.npy (150 ADE20K classes x 20 palettes),,"{""global_scene"": 1.0}",True,population,CIELab_D65_L_0_100_ab_signed,apparel,20,True,True,4,42,41,ade093_apparel_01,19.229243914223233,0.9723359643390953,0,0.003873163601383567,0.0,0.0,0.09228134155273438,3.5992369651794434,0.20809851783457134,0.0,1.0,0.9680062551450832,0.0001,2.5619573773774116,0,True,0.0001,12.05742349660714,0,True
50,10,15,0.2,0.013333333333333334,0.6,0.0001,0,17001,27001,37001,8,200,1000,5.0,,,1,ncf_select,3f1af891264523591d3a4ef1df6878cb41b2ed518e7e2cf0e492161b72013888,True,L_IG,NCF official release 150_20_hist.npy (150 ADE20K classes x 20 palettes),,"{""global_scene"": 1.0}",True,population,CIELab_D65_L_0_100_ab_signed,apparel,20,True,True,4,43,42,ade093_apparel_18,21.83342234577676,0.7049385904760218,0,0.004386403132230043,0.0,0.0,0.21730677783489227,7.417181015014648,0.20809851783457134,0.0,1.0,0.7321290705372797,0.0001,2.5619573773774116,0,True,0.0001,27.727074725308558,0,True
50,10,15,0.2,0.013333333333333334,0.6,0.0001,0,17001,27001,37001,8,200,1000,5.0,,,1,ncf_select,3f1af891264523591d3a4ef1df6878cb41b2ed518e7e2cf0e492161b72013888,True,L_IG,NCF official release 150_20_hist.npy (150 ADE20K classes x 20 palettes),,"{""global_scene"": 1.0}",True,population,CIELab_D65_L_0_100_ab_signed,apparel,20,True,True,4,44,43,ade093_apparel_14,24.805494096776762,1.0119734756663263,0,0.004154373425990343,0.0,0.0,0.11578115075826645,5.141998767852783,0.20809851783457134,0.0,1.0,1.023790777566242,0.0001,2.5619573773774116,0,True,0.0001,9.658400125455254,0,True
50,10,15,0.2,0.013333333333333334,0.6,0.0001,0,17001,27001,37001,8,200,1000,5.0,,,1,ncf_select,3f1af891264523591d3a4ef1df6878cb41b2ed518e7e2cf0e492161b72013888,True,L_IG,NCF official release 150_20_hist.npy (150 ADE20K classes x 20 palettes),,"{""global_scene"": 1.0}",True,population,CIELab_D65_L_0_100_ab_signed,apparel,20,True,True,4,45,44,ade093_apparel_07,34.29067067377676,1.566753076249718,0,0.004495186265558004,0.0,0.0,0.32716116309165955,5.942652702331543,0.20809851783457134,0.0,1.0,1.6506155227261219,0.0001,2.5619573773774116,0,True,0.0001,74.84193240129349,0,True
50,10,15,0.2,0.013333333333333334,0.6,0.0001,0,17001,27001,37001,8,200,1000,5.0,,,1,ncf_select,3f1af891264523591d3a4ef1df6878cb41b2ed518e7e2cf0e492161b72013888,True,L_IG,NCF official release 150_20_hist.npy (150 ADE20K classes x 20 palettes),,"{""global_scene"": 1.0}",True,population,CIELab_D65_L_0_100_ab_signed,apparel,20,True,True,4,46,45,ade093_apparel_08,23.19436835377676,0.8975228416594827,0,0.005095633678138256,0.0,0.0,0.1070048063993454,6.17667293548584,0.20809851783457134,0.0,1.0,0.9053942154312871,0.0001,2.5619573773774116,0,True,0.0001,9.44909492151317,0,True
50,10,15,0.2,0.013333333333333334,0.6,0.0001,0,17001,27001,37001,8,200,1000,5.0,,,1,ncf_select,3f1af891264523591d3a4ef1df6878cb41b2ed518e7e2cf0e492161b72013888,True,L_IG,NCF official release 150_20_hist.npy (150 ADE20K classes x 20 palettes),,"{""global_scene"": 1.0}",True,population,CIELab_D65_L_0_100_ab_signed,apparel,20,True,True,4,47,46,ade093_apparel_00,4.448400200223233,0.7174915710329959,0,0.004987236112356186,0.0,0.0,0.009675344452261925,2.762421131134033,0.20809851783457134,0.0,1.0,0.7529394046989415,0.0001,2.5619573773774116,0,True,0.0001,13.678486643097541,0,True
50,10,15,0.2,0.013333333333333334,0.6,0.0001,0,17001,27001,37001,8,200,1000,5.0,,,1,ncf_select,3f1af891264523591d3a4ef1df6878cb41b2ed518e7e2cf0e492161b72013888,True,L_IG,NCF official release 150_20_hist.npy (150 ADE20K classes x 20 palettes),,"{""global_scene"": 1.0}",True,population,CIELab_D65_L_0_100_ab_signed,apparel,20,True,True,4,48,47,ade093_apparel_19,3.08071741177676,0.5940113023000564,0,0.004060554318130016,0.0,0.0,0.05952708050608635,5.820206642150879,0.20809851783457134,0.0,1.0,0.6293010181819644,0.0001,2.5619573773774116,0,True,0.0001,28.21250499823254,0,True
50,10,15,0.2,0.013333333333333334,0.6,0.0001,0,17001,27001,37001,8,200,1000,5.0,,,1,ncf_select,3f1af891264523591d3a4ef1df6878cb41b2ed518e7e2cf0e492161b72013888,True,L_IG,NCF official release 150_20_hist.npy (150 ADE20K classes x 20 palettes),,"{""global_scene"": 1.0}",True,population,CIELab_D65_L_0_100_ab_signed,apparel,20,True,True,4,49,48,ade093_apparel_18,21.83342234577676,0.7049385904760218,0,0.004386403132230043,0.0,0.0,0.21730677783489227,7.417181015014648,0.20809851783457134,0.0,1.0,0.7321290705372797,0.0001,2.5619573773774116,0,True,0.0001,27.727074725308558,0,True
50,10,15,0.2,0.013333333333333334,0.6,0.0001,0,17001,27001,37001,8,200,1000,5.0,,,1,ncf_select,3f1af891264523591d3a4ef1df6878cb41b2ed518e7e2cf0e492161b72013888,True,L_IG,NCF official release 150_20_hist.npy (150 ADE20K classes x 20 palettes),,"{""global_scene"": 1.0}",True,population,CIELab_D65_L_0_100_ab_signed,apparel,20,True,True,4,50,49,ade093_apparel_17,47.619535516776764,1.0401231017119834,0,0.004275679122656584,0.0,0.0,0.3259696960449219,8.560419082641602,0.20809851783457134,0.0,1.0,1.0949912956088097,0.0001,2.5619573773774116,0,True,0.0001,25.57759225725133,0,True
50,10,15,0.2,0.013333333333333334,0.6,0.0001,0,17001,27001,37001,8,200,1000,5.0,,,1,ncf_select,3f1af891264523591d3a4ef1df6878cb41b2ed518e7e2cf0e492161b72013888,True,L_IG,NCF official release 150_20_hist.npy (150 ADE20K classes x 20 palettes),,"{""global_scene"": 1.0}",True,population,CIELab_D65_L_0_100_ab_signed,apparel,20,True,True,5,1,0,ade093_apparel_11,40.13873903077676,1.2314364848217625,0,0.004516494460403919,0.0,0.0,0.3700103759765625,8.585206031799316,0.20809851783457134,0.0,1.0,1.311809474530624,0.0001,2.5619573773774116,0,True,0.0001,22.59875470283781,0,True
50,10,15,0.2,0.013333333333333334,0.6,0.0001,0,17001,27001,37001,8,200,1000,5.0,,,1,ncf_select,3f1af891264523591d3a4ef1df6878cb41b2ed518e7e2cf0e492161b72013888,True,L_IG,NCF official release 150_20_hist.npy (150 ADE20K classes x 20 palettes),,"{""global_scene"": 1.0}",True,population,CIELab_D65_L_0_100_ab_signed,apparel,20,True,True,5,2,1,ade093_apparel_14,24.805494096776762,1.0119734756663263,0,0.004154373425990343,0.0,0.0,0.11578115075826645,5.141998767852783,0.20809851783457134,0.0,1.0,1.023790777566242,0.0001,2.5619573773774116,0,True,0.0001,9.658400125455254,0,True
50,10,15,0.2,0.013333333333333334,0.6,0.0001,0,17001,27001,37001,8,200,1000,5.0,,,1,ncf_select,3f1af891264523591d3a4ef1df6878cb41b2ed518e7e2cf0e492161b72013888,True,L_IG,NCF official release 150_20_hist.npy (150 ADE20K classes x 20 palettes),,"{""global_scene"": 1.0}",True,population,CIELab_D65_L_0_100_ab_signed,apparel,20,True,True,5,3,2,ade093_apparel_07,34.29067067377676,1.566753076249718,0,0.004495186265558004,0.0,0.0,0.32716116309165955,5.942652702331543,0.20809851783457134,0.0,1.0,1.6506155227261219,0.0001,2.5619573773774116,0,True,0.0001,74.84193240129349,0,True
50,10,15,0.2,0.013333333333333334,0.6,0.0001,0,17001,27001,37001,8,200,1000,5.0,,,1,ncf_select,3f1af891264523591d3a4ef1df6878cb41b2ed518e7e2cf0e492161b72013888,True,L_IG,NCF official release 150_20_hist.npy (150 ADE20K classes x 20 palettes),,"{""global_scene"": 1.0}",True,population,CIELab_D65_L_0_100_ab_signed,apparel,20,True,True,5,4,3,ade093_apparel_05,3.775597514223236,0.6748377396676781,0,0.004178531002253294,0.0,0.0,0.1032257080078125,6.400187969207764,0.20809851783457134,0.0,1.0,0.6665319480830022,0.0001,2.5619573773774116,0,True,0.0001,13.540321523783662,0,True
50,10,15,0.2,0.013333333333333334,0.6,0.0001,0,17001,27001,37001,8,200,1000,5.0,,,1,ncf_select,3f1af891264523591d3a4ef1df6878cb41b2ed518e7e2cf0e492161b72013888,True,L_IG,NCF official release 150_20_hist.npy (150 ADE20K classes x 20 palettes),,"{""global_scene"": 1.0}",True,population,CIELab_D65_L_0_100_ab_signed,apparel,20,True,True,5,5,4,ade093_apparel_06,32.73356054777676,1.6121630916815244,0,0.004561473149806261,0.0,0.0,0.3171730041503906,6.377588748931885,0.20809851783457134,0.0,1.0,1.6893467459835592,0.0001,2.5619573773774116,0,True,0.0001,65.62825536200938,0,True
50,10,15,0.2,0.013333333333333334,0.6,0.0001,0,17001,27001,37001,8,200,1000,5.0,,,1,ncf_select,3f1af891264523591d3a4ef1df6878cb41b2ed518e7e2cf0e492161b72013888,True,L_IG,NCF official release 150_20_hist.npy (150 ADE20K classes x 20 palettes),,"{""global_scene"": 1.0}",True,population,CIELab_D65_L_0_100_ab_signed,apparel,20,True,True,5,6,5,ade093_apparel_10,0.6310570902232371,1.638137277742129,0,0.0047023845836520195,0.0,0.0,0.17089971899986267,1.9284114837646484,0.20809851783457134,0.0,1.0,1.6851142953234455,0.0001,2.5619573773774116,0,True,0.0001,39.50365121660779,0,True
50,10,15,0.2,0.013333333333333334,0.6,0.0001,0,17001,27001,37001,8,200,1000,5.0,,,1,ncf_select,3f1af891264523591d3a4ef1df6878cb41b2ed518e7e2cf0e492161b72013888,True,L_IG,NCF official release 150_20_hist.npy (150 ADE20K classes x 20 palettes),,"{""global_scene"": 1.0}",True,population,CIELab_D65_L_0_100_ab_signed,apparel,20,True,True,5,7,6,ade093_apparel_12,22.319281731776762,1.164320446521318,0,0.0044153593480587006,0.0,0.0,0.3225148618221283,7.548335075378418,0.20809851783457134,0.0,1.0,1.209959938619046,0.0001,2.5619573773774116,0,True,0.0001,23.523149998259584,0,True
50,10,15,0.2,0.013333333333333334,0.6,0.0001,0,17001,27001,37001,8,200,1000,5.0,,,1,ncf_select,3f1af891264523591d3a4ef1df6878cb41b2ed518e7e2cf0e492161b72013888,True,L_IG,NCF official release 150_20_hist.npy (150 ADE20K classes x 20 palettes),,"{""global_scene"": 1.0}",True,population,CIELab_D65_L_0_100_ab_signed,apparel,20,True,True,5,8,7,ade093_apparel_13,16.484754753776762,0.8096338947218743,0,0.0047223265282809734,0.0,0.0,0.0202484130859375,3.8241829872131348,0.20809851783457134,0.0,1.0,0.7816295969003764,0.0001,2.5619573773774116,0,True,0.0001,5.005578498102056,0,True
50,10,15,0.2,0.013333333333333334,0.6,0.0001,0,17001,27001,37001,8,200,1000,5.0,,,1,ncf_select,3f1af891264523591d3a4ef1df6878cb41b2ed518e7e2cf0e492161b72013888,True,L_IG,NCF official release 150_20_hist.npy (150 ADE20K classes x 20 palettes),,"{""global_scene"": 1.0}",True,population,CIELab_D65_L_0_100_ab_signed,apparel,20,True,True,5,9,8,ade093_apparel_08,23.19436835377676,0.8975228416594827,0,0.005095633678138256,0.0,0.0,0.1070048063993454,6.17667293548584,0.20809851783457134,0.0,1.0,0.9053942154312871,0.0001,2.5619573773774116,0,True,0.0001,9.44909492151317,0,True
50,10,15,0.2,0.013333333333333334,0.6,0.0001,0,17001,27001,37001,8,200,1000,5.0,,,1,ncf_select,3f1af891264523591d3a4ef1df6878cb41b2ed518e7e2cf0e492161b72013888,True,L_IG,NCF official release 150_20_hist.npy (150 ADE20K classes x 20 palettes),,"{""global_scene"": 1.0}",True,population,CIELab_D65_L_0_100_ab_signed,apparel,20,True,True,5,10,9,ade093_apparel_04,6.219713140776761,1.7321211250724349,0,0.004211270250380039,0.0,0.0,0.3007291257381439,5.8918914794921875,0.20809851783457134,0.0,1.0,1.7885828378954691,0.0001,2.5619573773774116,0,True,0.0001,114.76474655893715,0,True
50,10,15,0.2,0.013333333333333334,0.6,0.0001,0,17001,27001,37001,8,200,1000,5.0,,,1,ncf_select,3f1af891264523591d3a4ef1df6878cb41b2ed518e7e2cf0e492161b72013888,True,L_IG,NCF official release 150_20_hist.npy (150 ADE20K classes x 20 palettes),,"{""global_scene"": 1.0}",True,population,CIELab_D65_L_0_100_ab_signed,apparel,20,True,True,5,11,10,ade093_apparel_19,3.08071741177676,0.5940113023000564,0,0.004060554318130016,0.0,0.0,0.05952708050608635,5.820206642150879,0.20809851783457134,0.0,1.0,0.6293010181819644,0.0001,2.5619573773774116,0,True,0.0001,28.21250499823254,0,True
50,10,15,0.2,0.013333333333333334,0.6,0.0001,0,17001,27001,37001,8,200,1000,5.0,,,1,ncf_select,3f1af891264523591d3a4ef1df6878cb41b2ed518e7e2cf0e492161b72013888,True,L_IG,NCF official release 150_20_hist.npy (150 ADE20K classes x 20 palettes),,"{""global_scene"": 1.0}",True,population,CIELab_D65_L_0_100_ab_signed,apparel,20,True,True,5,12,11,ade093_apparel_10,0.6310570902232371,1.638137277742129,0,0.0047023845836520195,0.0,0.0,0.17089971899986267,1.9284114837646484,0.20809851783457134,0.0,1.0,1.6851142953234455,0.0001,2.5619573773774116,0,True,0.0001,39.50365121660779,0,True
50,10,15,0.2,0.013333333333333334,0.6,0.0001,0,17001,27001,37001,8,200,1000,5.0,,,1,ncf_select,3f1af891264523591d3a4ef1df6878cb41b2ed518e7e2cf0e492161b72013888,True,L_IG,NCF official release 150_20_hist.npy (150 ADE20K classes x 20 palettes),,"{""global_scene"": 1.0}",True,population,CIELab_D65_L_0_100_ab_signed,apparel,20,True,True,5,13,12,ade093_apparel_11,40.13873903077676,1.2314364848217625,0,0.004516494460403919,0.0,0.0,0.3700103759765625,8.585206031799316,0.20809851783457134,0.0,1.0,1.311809474530624,0.0001,2.5619573773774116,0,True,0.0001,22.59875470283781,0,True
50,10,15,0.2,0.013333333333333334,0.6,0.0001,0,17001,27001,37001,8,200,1000,5.0,,,1,ncf_select,3f1af891264523591d3a4ef1df6878cb41b2ed518e7e2cf0e492161b72013888,True,L_IG,NCF official release 150_20_hist.npy (150 ADE20K classes x 20 palettes),,"{""global_scene"": 1.0}",True,population,CIELab_D65_L_0_100_ab_signed,apparel,20,True,True,5,14,13,ade093_apparel_12,22.319281731776762,1.164320446521318,0,0.0044153593480587006,0.0,0.0,0.3225148618221283,7.548335075378418,0.20809851783457134,0.0,1.0,1.209959938619046,0.0001,2.5619573773774116,0,True,0.0001,23.523149998259584,0,True
50,10,15,0.2,0.013333333333333334,0.6,0.0001,0,17001,27001,37001,8,200,1000,5.0,,,1,ncf_select,3f1af891264523591d3a4ef1df6878cb41b2ed518e7e2cf0e492161b72013888,True,L_IG,NCF official release 150_20_hist.npy (150 ADE20K classes x 20 palettes),,"{""global_scene"": 1.0}",True,population,CIELab_D65_L_0_100_ab_signed,apparel,20,True,True,5,15,14,ade093_apparel_18,21.83342234577676,0.7049385904760218,0,0.004386403132230043,0.0,0.0,0.21730677783489227,7.417181015014648,0.20809851783457134,0.0,1.0,0.7321290705372797,0.0001,2.5619573773774116,0,True,0.0001,27.727074725308558,0,True
50,10,15,0.2,0.013333333333333334,0.6,0.0001,0,17001,27001,37001,8,200,1000,5.0,,,1,ncf_select,3f1af891264523591d3a4ef1df6878cb41b2ed518e7e2cf0e492161b72013888,True,L_IG,NCF official release 150_20_hist.npy (150 ADE20K classes x 20 palettes),,"{""global_scene"": 1.0}",True,population,CIELab_D65_L_0_100_ab_signed,apparel,20,True,True,5,16,15,ade093_apparel_08,23.19436835377676,0.8975228416594827,0,0.005095633678138256,0.0,0.0,0.1070048063993454,6.17667293548584,0.20809851783457134,0.0,1.0,0.9053942154312871,0.0001,2.5619573773774116,0,True,0.0001,9.44909492151317,0,True
50,10,15,0.2,0.013333333333333334,0.6,0.0001,0,17001,27001,37001,8,200,1000,5.0,,,1,ncf_select,3f1af891264523591d3a4ef1df6878cb41b2ed518e7e2cf0e492161b72013888,True,L_IG,NCF official release 150_20_hist.npy (150 ADE20K classes x 20 palettes),,"{""global_scene"": 1.0}",True,population,CIELab_D65_L_0_100_ab_signed,apparel,20,True,True,5,17,16,ade093_apparel_03,13.549542679776764,0.8834133527373681,0,0.005358285736292601,0.0,0.0,0.0318349227309227,3.704119920730591,0.20809851783457134,0.0,1.0,0.8935820388926041,0.0001,2.5619573773774116,0,True,0.0001,7.579103240094226,0,True
50,10,15,0.2,0.013333333333333334,0.6,0.0001,0,17001,27001,37001,8,200,1000,5.0,,,1,ncf_select,3f1af891264523591d3a4ef1df6878cb41b2ed518e7e2cf0e492161b72013888,True,L_IG,NCF official release 150_20_hist.npy (150 ADE20K classes x 20 palettes),,"{""global_scene"": 1.0}",True,population,CIELab_D65_L_0_100_ab_signed,apparel,20,True,True,5,18,17,ade093_apparel_00,4.448400200223233,0.7174915710329959,0,0.004987236112356186,0.0,0.0,0.009675344452261925,2.762421131134033,0.20809851783457134,0.0,1.0,0.7529394046989415,0.0001,2.5619573773774116,0,True,0.0001,13.678486643097541,0,True
50,10,15,0.2,0.013333333333333334,0.6,0.0001,0,17001,27001,37001,8,200,1000,5.0,,,1,ncf_select,3f1af891264523591d3a4ef1df6878cb41b2ed518e7e2cf0e492161b72013888,True,L_IG,NCF official release 150_20_hist.npy (150 ADE20K classes x 20 palettes),,"{""global_scene"": 1.0}",True,population,CIELab_D65_L_0_100_ab_signed,apparel,20,True,True,5,19,18,ade093_apparel_07,34.29067067377676,1.566753076249718,0,0.004495186265558004,0.0,0.0,0.32716116309165955,5.942652702331543,0.20809851783457134,0.0,1.0,1.6506155227261219,0.0001,2.5619573773774116,0,True,0.0001,74.84193240129349,0,True
50,10,15,0.2,0.013333333333333334,0.6,0.0001,0,17001,27001,37001,8,200,1000,5.0,,,1,ncf_select,3f1af891264523591d3a4ef1df6878cb41b2ed518e7e2cf0e492161b72013888,True,L_IG,NCF official release 150_20_hist.npy (150 ADE20K classes x 20 palettes),,"{""global_scene"": 1.0}",True,population,CIELab_D65_L_0_100_ab_signed,apparel,20,True,True,5,20,19,ade093_apparel_09,0.01659712422323878,1.070617584211453,0,0.004381686449050903,0.0,0.0,0.2204996794462204,4.822013854980469,0.20809851783457134,0.0,1.0,1.0950921587296996,0.0001,2.5619573773774116,0,True,0.0001,42.96146995103422,0,True
50,10,15,0.2,0.013333333333333334,0.6,0.0001,0,17001,27001,37001,8,200,1000,5.0,,,1,ncf_select,3f1af891264523591d3a4ef1df6878cb41b2ed518e7e2cf0e492161b72013888,True,L_IG,NCF official release 150_20_hist.npy (150 ADE20K classes x 20 palettes),,"{""global_scene"": 1.0}",True,population,CIELab_D65_L_0_100_ab_signed,apparel,20,True,True,5,21,20,ade093_apparel_09,0.01659712422323878,1.070617584211453,0,0.004381686449050903,0.0,0.0,0.2204996794462204,4.822013854980469,0.20809851783457134,0.0,1.0,1.0950921587296996,0.0001,2.5619573773774116,0,True,0.0001,42.96146995103422,0,True
50,10,15,0.2,0.013333333333333334,0.6,0.0001,0,17001,27001,37001,8,200,1000,5.0,,,1,ncf_select,3f1af891264523591d3a4ef1df6878cb41b2ed518e7e2cf0e492161b72013888,True,L_IG,NCF official release 150_20_hist.npy (150 ADE20K classes x 20 palettes),,"{""global_scene"": 1.0}",True,population,CIELab_D65_L_0_100_ab_signed,apparel,20,True,True,5,22,21,ade093_apparel_07,34.29067067377676,1.566753076249718,0,0.004495186265558004,0.0,0.0,0.32716116309165955,5.942652702331543,0.20809851783457134,0.0,1.0,1.6506155227261219,0.0001,2.5619573773774116,0,True,0.0001,74.84193240129349,0,True
50,10,15,0.2,0.013333333333333334,0.6,0.0001,0,17001,27001,37001,8,200,1000,5.0,,,1,ncf_select,3f1af891264523591d3a4ef1df6878cb41b2ed518e7e2cf0e492161b72013888,True,L_IG,NCF official release 150_20_hist.npy (150 ADE20K classes x 20 palettes),,"{""global_scene"": 1.0}",True,population,CIELab_D65_L_0_100_ab_signed,apparel,20,True,True,5,23,22,ade093_apparel_12,22.319281731776762,1.164320446521318,0,0.0044153593480587006,0.0,0.0,0.3225148618221283,7.548335075378418,0.20809851783457134,0.0,1.0,1.209959938619046,0.0001,2.5619573773774116,0,True,0.0001,23.523149998259584,0,True
50,10,15,0.2,0.013333333333333334,0.6,0.0001,0,17001,27001,37001,8,200,1000,5.0,,,1,ncf_select,3f1af891264523591d3a4ef1df6878cb41b2ed518e7e2cf0e492161b72013888,True,L_IG,NCF official release 150_20_hist.npy (150 ADE20K classes x 20 palettes),,"{""global_scene"": 1.0}",True,population,CIELab_D65_L_0_100_ab_signed,apparel,20,True,True,5,24,23,ade093_apparel_19,3.08071741177676,0.5940113023000564,0,0.004060554318130016,0.0,0.0,0.05952708050608635,5.820206642150879,0.20809851783457134,0.0,1.0,0.6293010181819644,0.0001,2.5619573773774116,0,True,0.0001,28.21250499823254,0,True
50,10,15,0.2,0.013333333333333334,0.6,0.0001,0,17001,27001,37001,8,200,1000,5.0,,,1,ncf_select,3f1af891264523591d3a4ef1df6878cb41b2ed518e7e2cf0e492161b72013888,True,L_IG,NCF official release 150_20_hist.npy (150 ADE20K classes x 20 palettes),,"{""global_scene"": 1.0}",True,population,CIELab_D65_L_0_100_ab_signed,apparel,20,True,True,5,25,24,ade093_apparel_04,6.219713140776761,1.7321211250724349,0,0.004211270250380039,0.0,0.0,0.3007291257381439,5.8918914794921875,0.20809851783457134,0.0,1.0,1.7885828378954691,0.0001,2.5619573773774116,0,True,0.0001,114.76474655893715,0,True
50,10,15,0.2,0.013333333333333334,0.6,0.0001,0,17001,27001,37001,8,200,1000,5.0,,,1,ncf_select,3f1af891264523591d3a4ef1df6878cb41b2ed518e7e2cf0e492161b72013888,True,L_IG,NCF official release 150_20_hist.npy (150 ADE20K classes x 20 palettes),,"{""global_scene"": 1.0}",True,population,CIELab_D65_L_0_100_ab_signed,apparel,20,True,True,5,26,25,ade093_apparel_17,47.619535516776764,1.0401231017119834,0,0.004275679122656584,0.0,0.0,0.3259696960449219,8.560419082641602,0.20809851783457134,0.0,1.0,1.0949912956088097,0.0001,2.5619573773774116,0,True,0.0001,25.57759225725133,0,True
50,10,15,0.2,0.013333333333333334,0.6,0.0001,0,17001,27001,37001,8,200,1000,5.0,,,1,ncf_select,3f1af891264523591d3a4ef1df6878cb41b2ed518e7e2cf0e492161b72013888,True,L_IG,NCF official release 150_20_hist.npy (150 ADE20K classes x 20 palettes),,"{""global_scene"": 1.0}",True,population,CIELab_D65_L_0_100_ab_signed,apparel,20,True,True,5,27,26,ade093_apparel_11,40.13873903077676,1.2314364848217625,0,0.004516494460403919,0.0,0.0,0.3700103759765625,8.585206031799316,0.20809851783457134,0.0,1.0,1.311809474530624,0.0001,2.5619573773774116,0,True,0.0001,22.59875470283781,0,True
50,10,15,0.2,0.013333333333333334,0.6,0.0001,0,17001,27001,37001,8,200,1000,5.0,,,1,ncf_select,3f1af891264523591d3a4ef1df6878cb41b2ed518e7e2cf0e492161b72013888,True,L_IG,NCF official release 150_20_hist.npy (150 ADE20K classes x 20 palettes),,"{""global_scene"": 1.0}",True,population,CIELab_D65_L_0_100_ab_signed,apparel,20,True,True,5,28,27,ade093_apparel_09,0.01659712422323878,1.070617584211453,0,0.004381686449050903,0.0,0.0,0.2204996794462204,4.822013854980469,0.20809851783457134,0.0,1.0,1.0950921587296996,0.0001,2.5619573773774116,0,True,0.0001,42.96146995103422,0,True
50,10,15,0.2,0.013333333333333334,0.6,0.0001,0,17001,27001,37001,8,200,1000,5.0,,,1,ncf_select,3f1af891264523591d3a4ef1df6878cb41b2ed518e7e2cf0e492161b72013888,True,L_IG,NCF official release 150_20_hist.npy (150 ADE20K classes x 20 palettes),,"{""global_scene"": 1.0}",True,population,CIELab_D65_L_0_100_ab_signed,apparel,20,True,True,5,29,28,ade093_apparel_03,13.549542679776764,0.8834133527373681,0,0.005358285736292601,0.0,0.0,0.0318349227309227,3.704119920730591,0.20809851783457134,0.0,1.0,0.8935820388926041,0.0001,2.5619573773774116,0,True,0.0001,7.579103240094226,0,True
50,10,15,0.2,0.013333333333333334,0.6,0.0001,0,17001,27001,37001,8,200,1000,5.0,,,1,ncf_select,3f1af891264523591d3a4ef1df6878cb41b2ed518e7e2cf0e492161b72013888,True,L_IG,NCF official release 150_20_hist.npy (150 ADE20K classes x 20 palettes),,"{""global_scene"": 1.0}",True,population,CIELab_D65_L_0_100_ab_signed,apparel,20,True,True,5,30,29,ade093_apparel_06,32.73356054777676,1.6121630916815244,0,0.004561473149806261,0.0,0.0,0.3171730041503906,6.377588748931885,0.20809851783457134,0.0,1.0,1.6893467459835592,0.0001,2.5619573773774116,0,True,0.0001,65.62825536200938,0,True
50,10,15,0.2,0.013333333333333334,0.6,0.0001,0,17001,27001,37001,8,200,1000,5.0,,,1,ncf_select,3f1af891264523591d3a4ef1df6878cb41b2ed518e7e2cf0e492161b72013888,True,L_IG,NCF official release 150_20_hist.npy (150 ADE20K classes x 20 palettes),,"{""global_scene"": 1.0}",True,population,CIELab_D65_L_0_100_ab_signed,apparel,20,True,True,5,31,30,ade093_apparel_04,6.219713140776761,1.7321211250724349,0,0.004211270250380039,0.0,0.0,0.3007291257381439,5.8918914794921875,0.20809851783457134,0.0,1.0,1.7885828378954691,0.0001,2.5619573773774116,0,True,0.0001,114.76474655893715,0,True
50,10,15,0.2,0.013333333333333334,0.6,0.0001,0,17001,27001,37001,8,200,1000,5.0,,,1,ncf_select,3f1af891264523591d3a4ef1df6878cb41b2ed518e7e2cf0e492161b72013888,True,L_IG,NCF official release 150_20_hist.npy (150 ADE20K classes x 20 palettes),,"{""global_scene"": 1.0}",True,population,CIELab_D65_L_0_100_ab_signed,apparel,20,True,True,5,32,31,ade093_apparel_14,24.805494096776762,1.0119734756663263,0,0.004154373425990343,0.0,0.0,0.11578115075826645,5.141998767852783,0.20809851783457134,0.0,1.0,1.023790777566242,0.0001,2.5619573773774116,0,True,0.0001,9.658400125455254,0,True
50,10,15,0.2,0.013333333333333334,0.6,0.0001,0,17001,27001,37001,8,200,1000,5.0,,,1,ncf_select,3f1af891264523591d3a4ef1df6878cb41b2ed518e7e2cf0e492161b72013888,True,L_IG,NCF official release 150_20_hist.npy (150 ADE20K classes x 20 palettes),,"{""global_scene"": 1.0}",True,population,CIELab_D65_L_0_100_ab_signed,apparel,20,True,True,5,33,32,ade093_apparel_05,3.775597514223236,0.6748377396676781,0,0.004178531002253294,0.0,0.0,0.1032257080078125,6.400187969207764,0.20809851783457134,0.0,1.0,0.6665319480830022,0.0001,2.5619573773774116,0,True,0.0001,13.540321523783662,0,True
50,10,15,0.2,0.013333333333333334,0.6,0.0001,0,17001,27001,37001,8,200,1000,5.0,,,1,ncf_select,3f1af891264523591d3a4ef1df6878cb41b2ed518e7e2cf0e492161b72013888,True,L_IG,NCF official release 150_20_hist.npy (150 ADE20K classes x 20 palettes),,"{""global_scene"": 1.0}",True,population,CIELab_D65_L_0_100_ab_signed,apparel,20,True,True,5,34,33,ade093_apparel_14,24.805494096776762,1.0119734756663263,0,0.004154373425990343,0.0,0.0,0.11578115075826645,5.141998767852783,0.20809851783457134,0.0,1.0,1.023790777566242,0.0001,2.5619573773774116,0,True,0.0001,9.658400125455254,0,True
50,10,15,0.2,0.013333333333333334,0.6,0.0001,0,17001,27001,37001,8,200,1000,5.0,,,1,ncf_select,3f1af891264523591d3a4ef1df6878cb41b2ed518e7e2cf0e492161b72013888,True,L_IG,NCF official release 150_20_hist.npy (150 ADE20K classes x 20 palettes),,"{""global_scene"": 1.0}",True,population,CIELab_D65_L_0_100_ab_signed,apparel,20,True,True,5,35,34,ade093_apparel_10,0.6310570902232371,1.638137277742129,0,0.0047023845836520195,0.0,0.0,0.17089971899986267,1.9284114837646484,0.20809851783457134,0.0,1.0,1.6851142953234455,0.0001,2.5619573773774116,0,True,0.0001,39.50365121660779,0,True
50,10,15,0.2,0.013333333333333334,0.6,0.0001,0,17001,27001,37001,8,200,1000,5.0,,,1,ncf_select,3f1af891264523591d3a4ef1df6878cb41b2ed518e7e2cf0e492161b72013888,True,L_IG,NCF official release 150_20_hist.npy (150 ADE20K classes x 20 palettes),,"{""global_scene"": 1.0}",True,population,CIELab_D65_L_0_100_ab_signed,apparel,20,True,True,5,36,35,ade093_apparel_05,3.775597514223236,0.6748377396676781,0,0.004178531002253294,0.0,0.0,0.1032257080078125,6.400187969207764,0.20809851783457134,0.0,1.0,0.6665319480830022,0.0001,2.5619573773774116,0,True,0.0001,13.540321523783662,0,True
50,10,15,0.2,0.013333333333333334,0.6,0.0001,0,17001,27001,37001,8,200,1000,5.0,,,1,ncf_select,3f1af891264523591d3a4ef1df6878cb41b2ed518e7e2cf0e492161b72013888,True,L_IG,NCF official release 150_20_hist.npy (150 ADE20K classes x 20 palettes),,"{""global_scene"": 1.0}",True,population,CIELab_D65_L_0_100_ab_signed,apparel,20,True,True,5,37,36,ade093_apparel_17,47.619535516776764,1.0401231017119834,0,0.004275679122656584,0.0,0.0,0.3259696960449219,8.560419082641602,0.20809851783457134,0.0,1.0,1.0949912956088097,0.0001,2.5619573773774116,0,True,0.0001,25.57759225725133,0,True
50,10,15,0.2,0.013333333333333334,0.6,0.0001,0,17001,27001,37001,8,200,1000,5.0,,,1,ncf_select,3f1af891264523591d3a4ef1df6878cb41b2ed518e7e2cf0e492161b72013888,True,L_IG,NCF official release 150_20_hist.npy (150 ADE20K classes x 20 palettes),,"{""global_scene"": 1.0}",True,population,CIELab_D65_L_0_100_ab_signed,apparel,20,True,True,5,38,37,ade093_apparel_14,24.805494096776762,1.0119734756663263,0,0.004154373425990343,0.0,0.0,0.11578115075826645,5.141998767852783,0.20809851783457134,0.0,1.0,1.023790777566242,0.0001,2.5619573773774116,0,True,0.0001,9.658400125455254,0,True
50,10,15,0.2,0.013333333333333334,0.6,0.0001,0,17001,27001,37001,8,200,1000,5.0,,,1,ncf_select,3f1af891264523591d3a4ef1df6878cb41b2ed518e7e2cf0e492161b72013888,True,L_IG,NCF official release 150_20_hist.npy (150 ADE20K classes x 20 palettes),,"{""global_scene"": 1.0}",True,population,CIELab_D65_L_0_100_ab_signed,apparel,20,True,True,5,39,38,ade093_apparel_05,3.775597514223236,0.6748377396676781,0,0.004178531002253294,0.0,0.0,0.1032257080078125,6.400187969207764,0.20809851783457134,0.0,1.0,0.6665319480830022,0.0001,2.5619573773774116,0,True,0.0001,13.540321523783662,0,True
50,10,15,0.2,0.013333333333333334,0.6,0.0001,0,17001,27001,37001,8,200,1000,5.0,,,1,ncf_select,3f1af891264523591d3a4ef1df6878cb41b2ed518e7e2cf0e492161b72013888,True,L_IG,NCF official release 150_20_hist.npy (150 ADE20K classes x 20 palettes),,"{""global_scene"": 1.0}",True,population,CIELab_D65_L_0_100_ab_signed,apparel,20,True,True,5,40,39,ade093_apparel_09,0.01659712422323878,1.070617584211453,0,0.004381686449050903,0.0,0.0,0.2204996794462204,4.822013854980469,0.20809851783457134,0.0,1.0,1.0950921587296996,0.0001,2.5619573773774116,0,True,0.0001,42.96146995103422,0,True
50,10,15,0.2,0.013333333333333334,0.6,0.0001,0,17001,27001,37001,8,200,1000,5.0,,,1,ncf_select,3f1af891264523591d3a4ef1df6878cb41b2ed518e7e2cf0e492161b72013888,True,L_IG,NCF official release 150_20_hist.npy (150 ADE20K classes x 20 palettes),,"{""global_scene"": 1.0}",True,population,CIELab_D65_L_0_100_ab_signed,apparel,20,True,True,5,41,40,ade093_apparel_06,32.73356054777676,1.6121630916815244,0,0.004561473149806261,0.0,0.0,0.3171730041503906,6.377588748931885,0.20809851783457134,0.0,1.0,1.6893467459835592,0.0001,2.5619573773774116,0,True,0.0001,65.62825536200938,0,True
50,10,15,0.2,0.013333333333333334,0.6,0.0001,0,17001,27001,37001,8,200,1000,5.0,,,1,ncf_select,3f1af891264523591d3a4ef1df6878cb41b2ed518e7e2cf0e492161b72013888,True,L_IG,NCF official release 150_20_hist.npy (150 ADE20K classes x 20 palettes),,"{""global_scene"": 1.0}",True,population,CIELab_D65_L_0_100_ab_signed,apparel,20,True,True,5,42,41,ade093_apparel_13,16.484754753776762,0.8096338947218743,0,0.0047223265282809734,0.0,0.0,0.0202484130859375,3.8241829872131348,0.20809851783457134,0.0,1.0,0.7816295969003764,0.0001,2.5619573773774116,0,True,0.0001,5.005578498102056,0,True
50,10,15,0.2,0.013333333333333334,0.6,0.0001,0,17001,27001,37001,8,200,1000,5.0,,,1,ncf_select,3f1af891264523591d3a4ef1df6878cb41b2ed518e7e2cf0e492161b72013888,True,L_IG,NCF official release 150_20_hist.npy (150 ADE20K classes x 20 palettes),,"{""global_scene"": 1.0}",True,population,CIELab_D65_L_0_100_ab_signed,apparel,20,True,True,5,43,42,ade093_apparel_14,24.805494096776762,1.0119734756663263,0,0.004154373425990343,0.0,0.0,0.11578115075826645,5.141998767852783,0.20809851783457134,0.0,1.0,1.023790777566242,0.0001,2.5619573773774116,0,True,0.0001,9.658400125455254,0,True
50,10,15,0.2,0.013333333333333334,0.6,0.0001,0,17001,27001,37001,8,200,1000,5.0,,,1,ncf_select,3f1af891264523591d3a4ef1df6878cb41b2ed518e7e2cf0e492161b72013888,True,L_IG,NCF official release 150_20_hist.npy (150 ADE20K classes x 20 palettes),,"{""global_scene"": 1.0}",True,population,CIELab_D65_L_0_100_ab_signed,apparel,20,True,True,5,44,43,ade093_apparel_07,34.29067067377676,1.566753076249718,0,0.004495186265558004,0.0,0.0,0.32716116309165955,5.942652702331543,0.20809851783457134,0.0,1.0,1.6506155227261219,0.0001,2.5619573773774116,0,True,0.0001,74.84193240129349,0,True
50,10,15,0.2,0.013333333333333334,0.6,0.0001,0,17001,27001,37001,8,200,1000,5.0,,,1,ncf_select,3f1af891264523591d3a4ef1df6878cb41b2ed518e7e2cf0e492161b72013888,True,L_IG,NCF official release 150_20_hist.npy (150 ADE20K classes x 20 palettes),,"{""global_scene"": 1.0}",True,population,CIELab_D65_L_0_100_ab_signed,apparel,20,True,True,5,45,44,ade093_apparel_00,4.448400200223233,0.7174915710329959,0,0.004987236112356186,0.0,0.0,0.009675344452261925,2.762421131134033,0.20809851783457134,0.0,1.0,0.7529394046989415,0.0001,2.5619573773774116,0,True,0.0001,13.678486643097541,0,True
50,10,15,0.2,0.013333333333333334,0.6,0.0001,0,17001,27001,37001,8,200,1000,5.0,,,1,ncf_select,3f1af891264523591d3a4ef1df6878cb41b2ed518e7e2cf0e492161b72013888,True,L_IG,NCF official release 150_20_hist.npy (150 ADE20K classes x 20 palettes),,"{""global_scene"": 1.0}",True,population,CIELab_D65_L_0_100_ab_signed,apparel,20,True,True,5,46,45,ade093_apparel_02,21.569348471776763,1.9968806205849183,0,0.004583556670695543,0.0,0.0,0.33203762769699097,4.497076034545898,0.20809851783457134,0.0,1.0,2.065004000582482,0.0001,2.5619573773774116,0,True,0.0001,69.36432648787414,0,True
50,10,15,0.2,0.013333333333333334,0.6,0.0001,0,17001,27001,37001,8,200,1000,5.0,,,1,ncf_select,3f1af891264523591d3a4ef1df6878cb41b2ed518e7e2cf0e492161b72013888,True,L_IG,NCF official release 150_20_hist.npy (150 ADE20K classes x 20 palettes),,"{""global_scene"": 1.0}",True,population,CIELab_D65_L_0_100_ab_signed,apparel,20,True,True,5,47,46,ade093_apparel_09,0.01659712422323878,1.070617584211453,0,0.004381686449050903,0.0,0.0,0.2204996794462204,4.822013854980469,0.20809851783457134,0.0,1.0,1.0950921587296996,0.0001,2.5619573773774116,0,True,0.0001,42.96146995103422,0,True
50,10,15,0.2,0.013333333333333334,0.6,0.0001,0,17001,27001,37001,8,200,1000,5.0,,,1,ncf_select,3f1af891264523591d3a4ef1df6878cb41b2ed518e7e2cf0e492161b72013888,True,L_IG,NCF official release 150_20_hist.npy (150 ADE20K classes x 20 palettes),,"{""global_scene"": 1.0}",True,population,CIELab_D65_L_0_100_ab_signed,apparel,20,True,True,5,48,47,ade093_apparel_02,21.569348471776763,1.9968806205849183,0,0.004583556670695543,0.0,0.0,0.33203762769699097,4.497076034545898,0.20809851783457134,0.0,1.0,2.065004000582482,0.0001,2.5619573773774116,0,True,0.0001,69.36432648787414,0,True
50,10,15,0.2,0.013333333333333334,0.6,0.0001,0,17001,27001,37001,8,200,1000,5.0,,,1,ncf_select,3f1af891264523591d3a4ef1df6878cb41b2ed518e7e2cf0e492161b72013888,True,L_IG,NCF official release 150_20_hist.npy (150 ADE20K classes x 20 palettes),,"{""global_scene"": 1.0}",True,population,CIELab_D65_L_0_100_ab_signed,apparel,20,True,True,5,49,48,ade093_apparel_16,48.19531019277676,0.6834396288863396,0,0.003508317284286022,0.0,0.0,0.34098944067955017,9.172623634338379,0.20809851783457134,0.0,1.0,0.6285960195108868,0.0001,2.5619573773774116,0,True,0.0001,3.1442108354330105,0,True
50,10,15,0.2,0.013333333333333334,0.6,0.0001,0,17001,27001,37001,8,200,1000,5.0,,,1,ncf_select,3f1af891264523591d3a4ef1df6878cb41b2ed518e7e2cf0e492161b72013888,True,L_IG,NCF official release 150_20_hist.npy (150 ADE20K classes x 20 palettes),,"{""global_scene"": 1.0}",True,population,CIELab_D65_L_0_100_ab_signed,apparel,20,True,True,5,50,49,ade093_apparel_00,4.448400200223233,0.7174915710329959,0,0.004987236112356186,0.0,0.0,0.009675344452261925,2.762421131134033,0.20809851783457134,0.0,1.0,0.7529394046989415,0.0001,2.5619573773774116,0,True,0.0001,13.678486643097541,0,True
50,10,15,0.2,0.013333333333333334,0.6,0.0001,0,17001,27001,37001,8,200,1000,5.0,,,1,ncf_select,3f1af891264523591d3a4ef1df6878cb41b2ed518e7e2cf0e492161b72013888,True,L_IG,NCF official release 150_20_hist.npy (150 ADE20K classes x 20 palettes),,"{""global_scene"": 1.0}",True,population,CIELab_D65_L_0_100_ab_signed,apparel,20,True,True,6,1,0,ade093_apparel_10,0.6310570902232371,1.638137277742129,0,0.0047023845836520195,0.0,0.0,0.17089971899986267,1.9284114837646484,0.20809851783457134,0.0,1.0,1.6851142953234455,0.0001,2.5619573773774116,0,True,0.0001,39.50365121660779,0,True
50,10,15,0.2,0.013333333333333334,0.6,0.0001,0,17001,27001,37001,8,200,1000,5.0,,,1,ncf_select,3f1af891264523591d3a4ef1df6878cb41b2ed518e7e2cf0e492161b72013888,True,L_IG,NCF official release 150_20_hist.npy (150 ADE20K classes x 20 palettes),,"{""global_scene"": 1.0}",True,population,CIELab_D65_L_0_100_ab_signed,apparel,20,True,True,6,2,1,ade093_apparel_01,19.229243914223233,0.9723359643390953,0,0.003873163601383567,0.0,0.0,0.09228134155273438,3.5992369651794434,0.20809851783457134,0.0,1.0,0.9680062551450832,0.0001,2.5619573773774116,0,True,0.0001,12.05742349660714,0,True
50,10,15,0.2,0.013333333333333334,0.6,0.0001,0,17001,27001,37001,8,200,1000,5.0,,,1,ncf_select,3f1af891264523591d3a4ef1df6878cb41b2ed518e7e2cf0e492161b72013888,True,L_IG,NCF official release 150_20_hist.npy (150 ADE20K classes x 20 palettes),,"{""global_scene"": 1.0}",True,population,CIELab_D65_L_0_100_ab_signed,apparel,20,True,True,6,3,2,ade093_apparel_03,13.549542679776764,0.8834133527373681,0,0.005358285736292601,0.0,0.0,0.0318349227309227,3.704119920730591,0.20809851783457134,0.0,1.0,0.8935820388926041,0.0001,2.5619573773774116,0,True,0.0001,7.579103240094226,0,True
50,10,15,0.2,0.013333333333333334,0.6,0.0001,0,17001,27001,37001,8,200,1000,5.0,,,1,ncf_select,3f1af891264523591d3a4ef1df6878cb41b2ed518e7e2cf0e492161b72013888,True,L_IG,NCF official release 150_20_hist.npy (150 ADE20K classes x 20 palettes),,"{""global_scene"": 1.0}",True,population,CIELab_D65_L_0_100_ab_signed,apparel,20,True,True,6,4,3,ade093_apparel_12,22.319281731776762,1.164320446521318,0,0.0044153593480587006,0.0,0.0,0.3225148618221283,7.548335075378418,0.20809851783457134,0.0,1.0,1.209959938619046,0.0001,2.5619573773774116,0,True,0.0001,23.523149998259584,0,True
50,10,15,0.2,0.013333333333333334,0.6,0.0001,0,17001,27001,37001,8,200,1000,5.0,,,1,ncf_select,3f1af891264523591d3a4ef1df6878cb41b2ed518e7e2cf0e492161b72013888,True,L_IG,NCF official release 150_20_hist.npy (150 ADE20K classes x 20 palettes),,"{""global_scene"": 1.0}",True,population,CIELab_D65_L_0_100_ab_signed,apparel,20,True,True,6,5,4,ade093_apparel_14,24.805494096776762,1.0119734756663263,0,0.004154373425990343,0.0,0.0,0.11578115075826645,5.141998767852783,0.20809851783457134,0.0,1.0,1.023790777566242,0.0001,2.5619573773774116,0,True,0.0001,9.658400125455254,0,True
50,10,15,0.2,0.013333333333333334,0.6,0.0001,0,17001,27001,37001,8,200,1000,5.0,,,1,ncf_select,3f1af891264523591d3a4ef1df6878cb41b2ed518e7e2cf0e492161b72013888,True,L_IG,NCF official release 150_20_hist.npy (150 ADE20K classes x 20 palettes),,"{""global_scene"": 1.0}",True,population,CIELab_D65_L_0_100_ab_signed,apparel,20,True,True,6,6,5,ade093_apparel_17,47.619535516776764,1.0401231017119834,0,0.004275679122656584,0.0,0.0,0.3259696960449219,8.560419082641602,0.20809851783457134,0.0,1.0,1.0949912956088097,0.0001,2.5619573773774116,0,True,0.0001,25.57759225725133,0,True
50,10,15,0.2,0.013333333333333334,0.6,0.0001,0,17001,27001,37001,8,200,1000,5.0,,,1,ncf_select,3f1af891264523591d3a4ef1df6878cb41b2ed518e7e2cf0e492161b72013888,True,L_IG,NCF official release 150_20_hist.npy (150 ADE20K classes x 20 palettes),,"{""global_scene"": 1.0}",True,population,CIELab_D65_L_0_100_ab_signed,apparel,20,True,True,6,7,6,ade093_apparel_07,34.29067067377676,1.566753076249718,0,0.004495186265558004,0.0,0.0,0.32716116309165955,5.942652702331543,0.20809851783457134,0.0,1.0,1.6506155227261219,0.0001,2.5619573773774116,0,True,0.0001,74.84193240129349,0,True
50,10,15,0.2,0.013333333333333334,0.6,0.0001,0,17001,27001,37001,8,200,1000,5.0,,,1,ncf_select,3f1af891264523591d3a4ef1df6878cb41b2ed518e7e2cf0e492161b72013888,True,L_IG,NCF official release 150_20_hist.npy (150 ADE20K classes x 20 palettes),,"{""global_scene"": 1.0}",True,population,CIELab_D65_L_0_100_ab_signed,apparel,20,True,True,6,8,7,ade093_apparel_06,32.73356054777676,1.6121630916815244,0,0.004561473149806261,0.0,0.0,0.3171730041503906,6.377588748931885,0.20809851783457134,0.0,1.0,1.6893467459835592,0.0001,2.5619573773774116,0,True,0.0001,65.62825536200938,0,True
50,10,15,0.2,0.013333333333333334,0.6,0.0001,0,17001,27001,37001,8,200,1000,5.0,,,1,ncf_select,3f1af891264523591d3a4ef1df6878cb41b2ed518e7e2cf0e492161b72013888,True,L_IG,NCF official release 150_20_hist.npy (150 ADE20K classes x 20 palettes),,"{""global_scene"": 1.0}",True,population,CIELab_D65_L_0_100_ab_signed,apparel,20,True,True,6,9,8,ade093_apparel_04,6.219713140776761,1.7321211250724349,0,0.004211270250380039,0.0,0.0,0.3007291257381439,5.8918914794921875,0.20809851783457134,0.0,1.0,1.7885828378954691,0.0001,2.5619573773774116,0,True,0.0001,114.76474655893715,0,True
50,10,15,0.2,0.013333333333333334,0.6,0.0001,0,17001,27001,37001,8,200,1000,5.0,,,1,ncf_select,3f1af891264523591d3a4ef1df6878cb41b2ed518e7e2cf0e492161b72013888,True,L_IG,NCF official release 150_20_hist.npy (150 ADE20K classes x 20 palettes),,"{""global_scene"": 1.0}",True,population,CIELab_D65_L_0_100_ab_signed,apparel,20,True,True,6,10,9,ade093_apparel_18,21.83342234577676,0.7049385904760218,0,0.004386403132230043,0.0,0.0,0.21730677783489227,7.417181015014648,0.20809851783457134,0.0,1.0,0.7321290705372797,0.0001,2.5619573773774116,0,True,0.0001,27.727074725308558,0,True
50,10,15,0.2,0.013333333333333334,0.6,0.0001,0,17001,27001,37001,8,200,1000,5.0,,,1,ncf_select,3f1af891264523591d3a4ef1df6878cb41b2ed518e7e2cf0e492161b72013888,True,L_IG,NCF official release 150_20_hist.npy (150 ADE20K classes x 20 palettes),,"{""global_scene"": 1.0}",True,population,CIELab_D65_L_0_100_ab_signed,apparel,20,True,True,6,11,10,ade093_apparel_17,47.619535516776764,1.0401231017119834,0,0.004275679122656584,0.0,0.0,0.3259696960449219,8.560419082641602,0.20809851783457134,0.0,1.0,1.0949912956088097,0.0001,2.5619573773774116,0,True,0.0001,25.57759225725133,0,True
50,10,15,0.2,0.013333333333333334,0.6,0.0001,0,17001,27001,37001,8,200,1000,5.0,,,1,ncf_select,3f1af891264523591d3a4ef1df6878cb41b2ed518e7e2cf0e492161b72013888,True,L_IG,NCF official release 150_20_hist.npy (150 ADE20K classes x 20 palettes),,"{""global_scene"": 1.0}",True,population,CIELab_D65_L_0_100_ab_signed,apparel,20,True,True,6,12,11,ade093_apparel_09,0.01659712422323878,1.070617584211453,0,0.004381686449050903,0.0,0.0,0.2204996794462204,4.822013854980469,0.20809851783457134,0.0,1.0,1.0950921587296996,0.0001,2.5619573773774116,0,True,0.0001,42.96146995103422,0,True
50,10,15,0.2,0.013333333333333334,0.6,0.0001,0,17001,27001,37001,8,200,1000,5.0,,,1,ncf_select,3f1af891264523591d3a4ef1df6878cb41b2ed518e7e2cf0e492161b72013888,True,L_IG,NCF official release 150_20_hist.npy (150 ADE20K classes x 20 palettes),,"{""global_scene"": 1.0}",True,population,CIELab_D65_L_0_100_ab_signed,apparel,20,True,True,6,13,12,ade093_apparel_15,34.016586800776764,1.5361091176124024,0,0.004009880591183901,0.0,0.0,0.3591957092285156,6.969758987426758,0.20809851783457134,0.0,1.0,1.6376748125897926,0.0001,2.5619573773774116,0,True,0.0001,20.418064158211717,0,True
50,10,15,0.2,0.013333333333333334,0.6,0.0001,0,17001,27001,37001,8,200,1000,5.0,,,1,ncf_select,3f1af891264523591d3a4ef1df6878cb41b2ed518e7e2cf0e492161b72013888,True,L_IG,NCF official release 150_20_hist.npy (150 ADE20K classes x 20 palettes),,"{""global_scene"": 1.0}",True,population,CIELab_D65_L_0_100_ab_signed,apparel,20,True,True,6,14,13,ade093_apparel_05,3.775597514223236,0.6748377396676781,0,0.004178531002253294,0.0,0.0,0.1032257080078125,6.400187969207764,0.20809851783457134,0.0,1.0,0.6665319480830022,0.0001,2.5619573773774116,0,True,0.0001,13.540321523783662,0,True
50,10,15,0.2,0.013333333333333334,0.6,0.0001,0,17001,27001,37001,8,200,1000,5.0,,,1,ncf_select,3f1af891264523591d3a4ef1df6878cb41b2ed518e7e2cf0e492161b72013888,True,L_IG,NCF official release 150_20_hist.npy (150 ADE20K classes x 20 palettes),,"{""global_scene"": 1.0}",True,population,CIELab_D65_L_0_100_ab_signed,apparel,20,True,True,6,15,14,ade093_apparel_17,47.619535516776764,1.0401231017119834,0,0.004275679122656584,0.0,0.0,0.3259696960449219,8.560419082641602,0.20809851783457134,0.0,1.0,1.0949912956088097,0.0001,2.5619573773774116,0,True,0.0001,25.57759225725133,0,True
50,10,15,0.2,0.013333333333333334,0.6,0.0001,0,17001,27001,37001,8,200,1000,5.0,,,1,ncf_select,3f1af891264523591d3a4ef1df6878cb41b2ed518e7e2cf0e492161b72013888,True,L_IG,NCF official release 150_20_hist.npy (150 ADE20K classes x 20 palettes),,"{""global_scene"": 1.0}",True,population,CIELab_D65_L_0_100_ab_signed,apparel,20,True,True,6,16,15,ade093_apparel_02,21.569348471776763,1.9968806205849183,0,0.004583556670695543,0.0,0.0,0.33203762769699097,4.497076034545898,0.20809851783457134,0.0,1.0,2.065004000582482,0.0001,2.5619573773774116,0,True,0.0001,69.36432648787414,0,True
50,10,15,0.2,0.013333333333333334,0.6,0.0001,0,17001,27001,37001,8,200,1000,5.0,,,1,ncf_select,3f1af891264523591d3a4ef1df6878cb41b2ed518e7e2cf0e492161b72013888,True,L_IG,NCF official release 150_20_hist.npy (150 ADE20K classes x 20 palettes),,"{""global_scene"": 1.0}",True,population,CIELab_D65_L_0_100_ab_signed,apparel,20,True,True,6,17,16,ade093_apparel_03,13.549542679776764,0.8834133527373681,0,0.005358285736292601,0.0,0.0,0.0318349227309227,3.704119920730591,0.20809851783457134,0.0,1.0,0.8935820388926041,0.0001,2.5619573773774116,0,True,0.0001,7.579103240094226,0,True
50,10,15,0.2,0.013333333333333334,0.6,0.0001,0,17001,27001,37001,8,200,1000,5.0,,,1,ncf_select,3f1af891264523591d3a4ef1df6878cb41b2ed518e7e2cf0e492161b72013888,True,L_IG,NCF official release 150_20_hist.npy (150 ADE20K classes x 20 palettes),,"{""global_scene"": 1.0}",True,population,CIELab_D65_L_0_100_ab_signed,apparel,20,True,True,6,18,17,ade093_apparel_09,0.01659712422323878,1.070617584211453,0,0.004381686449050903,0.0,0.0,0.2204996794462204,4.822013854980469,0.20809851783457134,0.0,1.0,1.0950921587296996,0.0001,2.5619573773774116,0,True,0.0001,42.96146995103422,0,True
50,10,15,0.2,0.013333333333333334,0.6,0.0001,0,17001,27001,37001,8,200,1000,5.0,,,1,ncf_select,3f1af891264523591d3a4ef1df6878cb41b2ed518e7e2cf0e492161b72013888,True,L_IG,NCF official release 150_20_hist.npy (150 ADE20K classes x 20 palettes),,"{""global_scene"": 1.0}",True,population,CIELab_D65_L_0_100_ab_signed,apparel,20,True,True,6,19,18,ade093_apparel_08,23.19436835377676,0.8975228416594827,0,0.005095633678138256,0.0,0.0,0.1070048063993454,6.17667293548584,0.20809851783457134,0.0,1.0,0.9053942154312871,0.0001,2.5619573773774116,0,True,0.0001,9.44909492151317,0,True
50,10,15,0.2,0.013333333333333334,0.6,0.0001,0,17001,27001,37001,8,200,1000,5.0,,,1,ncf_select,3f1af891264523591d3a4ef1df6878cb41b2ed518e7e2cf0e492161b72013888,True,L_IG,NCF official release 150_20_hist.npy (150 ADE20K classes x 20 palettes),,"{""global_scene"": 1.0}",True,population,CIELab_D65_L_0_100_ab_signed,apparel,20,True,True,6,20,19,ade093_apparel_14,24.805494096776762,1.0119734756663263,0,0.004154373425990343,0.0,0.0,0.11578115075826645,5.141998767852783,0.20809851783457134,0.0,1.0,1.023790777566242,0.0001,2.5619573773774116,0,True,0.0001,9.658400125455254,0,True
50,10,15,0.2,0.013333333333333334,0.6,0.0001,0,17001,27001,37001,8,200,1000,5.0,,,1,ncf_select,3f1af891264523591d3a4ef1df6878cb41b2ed518e7e2cf0e492161b72013888,True,L_IG,NCF official release 150_20_hist.npy (150 ADE20K classes x 20 palettes),,"{""global_scene"": 1.0}",True,population,CIELab_D65_L_0_100_ab_signed,apparel,20,True,True,6,21,20,ade093_apparel_16,48.19531019277676,0.6834396288863396,0,0.003508317284286022,0.0,0.0,0.34098944067955017,9.172623634338379,0.20809851783457134,0.0,1.0,0.6285960195108868,0.0001,2.5619573773774116,0,True,0.0001,3.1442108354330105,0,True
50,10,15,0.2,0.013333333333333334,0.6,0.0001,0,17001,27001,37001,8,200,1000,5.0,,,1,ncf_select,3f1af891264523591d3a4ef1df6878cb41b2ed518e7e2cf0e492161b72013888,True,L_IG,NCF official release 150_20_hist.npy (150 ADE20K classes x 20 palettes),,"{""global_scene"": 1.0}",True,population,CIELab_D65_L_0_100_ab_signed,apparel,20,True,True,6,22,21,ade093_apparel_01,19.229243914223233,0.9723359643390953,0,0.003873163601383567,0.0,0.0,0.09228134155273438,3.5992369651794434,0.20809851783457134,0.0,1.0,0.9680062551450832,0.0001,2.5619573773774116,0,True,0.0001,12.05742349660714,0,True
50,10,15,0.2,0.013333333333333334,0.6,0.0001,0,17001,27001,37001,8,200,1000,5.0,,,1,ncf_select,3f1af891264523591d3a4ef1df6878cb41b2ed518e7e2cf0e492161b72013888,True,L_IG,NCF official release 150_20_hist.npy (150 ADE20K classes x 20 palettes),,"{""global_scene"": 1.0}",True,population,CIELab_D65_L_0_100_ab_signed,apparel,20,True,True,6,23,22,ade093_apparel_16,48.19531019277676,0.6834396288863396,0,0.003508317284286022,0.0,0.0,0.34098944067955017,9.172623634338379,0.20809851783457134,0.0,1.0,0.6285960195108868,0.0001,2.5619573773774116,0,True,0.0001,3.1442108354330105,0,True
50,10,15,0.2,0.013333333333333334,0.6,0.0001,0,17001,27001,37001,8,200,1000,5.0,,,1,ncf_select,3f1af891264523591d3a4ef1df6878cb41b2ed518e7e2cf0e492161b72013888,True,L_IG,NCF official release 150_20_hist.npy (150 ADE20K classes x 20 palettes),,"{""global_scene"": 1.0}",True,population,CIELab_D65_L_0_100_ab_signed,apparel,20,True,True,6,24,23,ade093_apparel_14,24.805494096776762,1.0119734756663263,0,0.004154373425990343,0.0,0.0,0.11578115075826645,5.141998767852783,0.20809851783457134,0.0,1.0,1.023790777566242,0.0001,2.5619573773774116,0,True,0.0001,9.658400125455254,0,True
50,10,15,0.2,0.013333333333333334,0.6,0.0001,0,17001,27001,37001,8,200,1000,5.0,,,1,ncf_select,3f1af891264523591d3a4ef1df6878cb41b2ed518e7e2cf0e492161b72013888,True,L_IG,NCF official release 150_20_hist.npy (150 ADE20K classes x 20 palettes),,"{""global_scene"": 1.0}",True,population,CIELab_D65_L_0_100_ab_signed,apparel,20,True,True,6,25,24,ade093_apparel_12,22.319281731776762,1.164320446521318,0,0.0044153593480587006,0.0,0.0,0.3225148618221283,7.548335075378418,0.20809851783457134,0.0,1.0,1.209959938619046,0.0001,2.5619573773774116,0,True,0.0001,23.523149998259584,0,True
50,10,15,0.2,0.013333333333333334,0.6,0.0001,0,17001,27001,37001,8,200,1000,5.0,,,1,ncf_select,3f1af891264523591d3a4ef1df6878cb41b2ed518e7e2cf0e492161b72013888,True,L_IG,NCF official release 150_20_hist.npy (150 ADE20K classes x 20 palettes),,"{""global_scene"": 1.0}",True,population,CIELab_D65_L_0_100_ab_signed,apparel,20,True,True,6,26,25,ade093_apparel_04,6.219713140776761,1.7321211250724349,0,0.004211270250380039,0.0,0.0,0.3007291257381439,5.8918914794921875,0.20809851783457134,0.0,1.0,1.7885828378954691,0.0001,2.5619573773774116,0,True,0.0001,114.76474655893715,0,True
50,10,15,0.2,0.013333333333333334,0.6,0.0001,0,17001,27001,37001,8,200,1000,5.0,,,1,ncf_select,3f1af891264523591d3a4ef1df6878cb41b2ed518e7e2cf0e492161b72013888,True,L_IG,NCF official release 150_20_hist.npy (150 ADE20K classes x 20 palettes),,"{""global_scene"": 1.0}",True,population,CIELab_D65_L_0_100_ab_signed,apparel,20,True,True,6,27,26,ade093_apparel_19,3.08071741177676,0.5940113023000564,0,0.004060554318130016,0.0,0.0,0.05952708050608635,5.820206642150879,0.20809851783457134,0.0,1.0,0.6293010181819644,0.0001,2.5619573773774116,0,True,0.0001,28.21250499823254,0,True
50,10,15,0.2,0.013333333333333334,0.6,0.0001,0,17001,27001,37001,8,200,1000,5.0,,,1,ncf_select,3f1af891264523591d3a4ef1df6878cb41b2ed518e7e2cf0e492161b72013888,True,L_IG,NCF official release 150_20_hist.npy (150 ADE20K classes x 20 palettes),,"{""global_scene"": 1.0}",True,population,CIELab_D65_L_0_100_ab_signed,apparel,20,True,True,6,28,27,ade093_apparel_19,3.08071741177676,0.5940113023000564,0,0.004060554318130016,0.0,0.0,0.05952708050608635,5.820206642150879,0.20809851783457134,0.0,1.0,0.6293010181819644,0.0001,2.5619573773774116,0,True,0.0001,28.21250499823254,0,True
50,10,15,0.2,0.013333333333333334,0.6,0.0001,0,17001,27001,37001,8,200,1000,5.0,,,1,ncf_select,3f1af891264523591d3a4ef1df6878cb41b2ed518e7e2cf0e492161b72013888,True,L_IG,NCF official release 150_20_hist.npy (150 ADE20K classes x 20 palettes),,"{""global_scene"": 1.0}",True,population,CIELab_D65_L_0_100_ab_signed,apparel,20,True,True,6,29,28,ade093_apparel_10,0.6310570902232371,1.638137277742129,0,0.0047023845836520195,0.0,0.0,0.17089971899986267,1.9284114837646484,0.20809851783457134,0.0,1.0,1.6851142953234455,0.0001,2.5619573773774116,0,True,0.0001,39.50365121660779,0,True
50,10,15,0.2,0.013333333333333334,0.6,0.0001,0,17001,27001,37001,8,200,1000,5.0,,,1,ncf_select,3f1af891264523591d3a4ef1df6878cb41b2ed518e7e2cf0e492161b72013888,True,L_IG,NCF official release 150_20_hist.npy (150 ADE20K classes x 20 palettes),,"{""global_scene"": 1.0}",True,population,CIELab_D65_L_0_100_ab_signed,apparel,20,True,True,6,30,29,ade093_apparel_17,47.619535516776764,1.0401231017119834,0,0.004275679122656584,0.0,0.0,0.3259696960449219,8.560419082641602,0.20809851783457134,0.0,1.0,1.0949912956088097,0.0001,2.5619573773774116,0,True,0.0001,25.57759225725133,0,True
50,10,15,0.2,0.013333333333333334,0.6,0.0001,0,17001,27001,37001,8,200,1000,5.0,,,1,ncf_select,3f1af891264523591d3a4ef1df6878cb41b2ed518e7e2cf0e492161b72013888,True,L_IG,NCF official release 150_20_hist.npy (150 ADE20K classes x 20 palettes),,"{""global_scene"": 1.0}",True,population,CIELab_D65_L_0_100_ab_signed,apparel,20,True,True,6,31,30,ade093_apparel_01,19.229243914223233,0.9723359643390953,0,0.003873163601383567,0.0,0.0,0.09228134155273438,3.5992369651794434,0.20809851783457134,0.0,1.0,0.9680062551450832,0.0001,2.5619573773774116,0,True,0.0001,12.05742349660714,0,True
50,10,15,0.2,0.013333333333333334,0.6,0.0001,0,17001,27001,37001,8,200,1000,5.0,,,1,ncf_select,3f1af891264523591d3a4ef1df6878cb41b2ed518e7e2cf0e492161b72013888,True,L_IG,NCF official release 150_20_hist.npy (150 ADE20K classes x 20 palettes),,"{""global_scene"": 1.0}",True,population,CIELab_D65_L_0_100_ab_signed,apparel,20,True,True,6,32,31,ade093_apparel_02,21.569348471776763,1.9968806205849183,0,0.004583556670695543,0.0,0.0,0.33203762769699097,4.497076034545898,0.20809851783457134,0.0,1.0,2.065004000582482,0.0001,2.5619573773774116,0,True,0.0001,69.36432648787414,0,True
50,10,15,0.2,0.013333333333333334,0.6,0.0001,0,17001,27001,37001,8,200,1000,5.0,,,1,ncf_select,3f1af891264523591d3a4ef1df6878cb41b2ed518e7e2cf0e492161b72013888,True,L_IG,NCF official release 150_20_hist.npy (150 ADE20K classes x 20 palettes),,"{""global_scene"": 1.0}",True,population,CIELab_D65_L_0_100_ab_signed,apparel,20,True,True,6,33,32,ade093_apparel_03,13.549542679776764,0.8834133527373681,0,0.005358285736292601,0.0,0.0,0.0318349227309227,3.704119920730591,0.20809851783457134,0.0,1.0,0.8935820388926041,0.0001,2.5619573773774116,0,True,0.0001,7.579103240094226,0,True
50,10,15,0.2,0.013333333333333334,0.6,0.0001,0,17001,27001,37001,8,200,1000,5.0,,,1,ncf_select,3f1af891264523591d3a4ef1df6878cb41b2ed518e7e2cf0e492161b72013888,True,L_IG,NCF official release 150_20_hist.npy (150 ADE20K classes x 20 palettes),,"{""global_scene"": 1.0}",True,population,CIELab_D65_L_0_100_ab_signed,apparel,20,True,True,6,34,33,ade093_apparel_13,16.484754753776762,0.8096338947218743,0,0.0047223265282809734,0.0,0.0,0.0202484130859375,3.8241829872131348,0.20809851783457134,0.0,1.0,0.7816295969003764,0.0001,2.5619573773774116,0,True,0.0001,5.005578498102056,0,True
50,10,15,0.2,0.013333333333333334,0.6,0.0001,0,17001,27001,37001,8,200,1000,5.0,,,1,ncf_select,3f1af891264523591d3a4ef1df6878cb41b2ed518e7e2cf0e492161b72013888,True,L_IG,NCF official release 150_20_hist.npy (150 ADE20K classes x 20 palettes),,"{""global_scene"": 1.0}",True,population,CIELab_D65_L_0_100_ab_signed,apparel,20,True,True,6,35,34,ade093_apparel_02,21.569348471776763,1.9968806205849183,0,0.004583556670695543,0.0,0.0,0.33203762769699097,4.497076034545898,0.20809851783457134,0.0,1.0,2.065004000582482,0.0001,2.5619573773774116,0,True,0.0001,69.36432648787414,0,True
50,10,15,0.2,0.013333333333333334,0.6,0.0001,0,17001,27001,37001,8,200,1000,5.0,,,1,ncf_select,3f1af891264523591d3a4ef1df6878cb41b2ed518e7e2cf0e492161b72013888,True,L_IG,NCF official release 150_20_hist.npy (150 ADE20K classes x 20 palettes),,"{""global_scene"": 1.0}",True,population,CIELab_D65_L_0_100_ab_signed,apparel,20,True,True,6,36,35,ade093_apparel_10,0.6310570902232371,1.638137277742129,0,0.0047023845836520195,0.0,0.0,0.17089971899986267,1.9284114837646484,0.20809851783457134,0.0,1.0,1.6851142953234455,0.0001,2.5619573773774116,0,True,0.0001,39.50365121660779,0,True
50,10,15,0.2,0.013333333333333334,0.6,0.0001,0,17001,27001,37001,8,200,1000,5.0,,,1,ncf_select,3f1af891264523591d3a4ef1df6878cb41b2ed518e7e2cf0e492161b72013888,True,L_IG,NCF official release 150_20_hist.npy (150 ADE20K classes x 20 palettes),,"{""global_scene"": 1.0}",True,population,CIELab_D65_L_0_100_ab_signed,apparel,20,True,True,6,37,36,ade093_apparel_07,34.29067067377676,1.566753076249718,0,0.004495186265558004,0.0,0.0,0.32716116309165955,5.942652702331543,0.20809851783457134,0.0,1.0,1.6506155227261219,0.0001,2.5619573773774116,0,True,0.0001,74.84193240129349,0,True
50,10,15,0.2,0.013333333333333334,0.6,0.0001,0,17001,27001,37001,8,200,1000,5.0,,,1,ncf_select,3f1af891264523591d3a4ef1df6878cb41b2ed518e7e2cf0e492161b72013888,True,L_IG,NCF official release 150_20_hist.npy (150 ADE20K classes x 20 palettes),,"{""global_scene"": 1.0}",True,population,CIELab_D65_L_0_100_ab_signed,apparel,20,True,True,6,38,37,ade093_apparel_01,19.229243914223233,0.9723359643390953,0,0.003873163601383567,0.0,0.0,0.09228134155273438,3.5992369651794434,0.20809851783457134,0.0,1.0,0.9680062551450832,0.0001,2.5619573773774116,0,True,0.0001,12.05742349660714,0,True
50,10,15,0.2,0.013333333333333334,0.6,0.0001,0,17001,27001,37001,8,200,1000,5.0,,,1,ncf_select,3f1af891264523591d3a4ef1df6878cb41b2ed518e7e2cf0e492161b72013888,True,L_IG,NCF official release 150_20_hist.npy (150 ADE20K classes x 20 palettes),,"{""global_scene"": 1.0}",True,population,CIELab_D65_L_0_100_ab_signed,apparel,20,True,True,6,39,38,ade093_apparel_13,16.484754753776762,0.8096338947218743,0,0.0047223265282809734,0.0,0.0,0.0202484130859375,3.8241829872131348,0.20809851783457134,0.0,1.0,0.7816295969003764,0.0001,2.5619573773774116,0,True,0.0001,5.005578498102056,0,True
50,10,15,0.2,0.013333333333333334,0.6,0.0001,0,17001,27001,37001,8,200,1000,5.0,,,1,ncf_select,3f1af891264523591d3a4ef1df6878cb41b2ed518e7e2cf0e492161b72013888,True,L_IG,NCF official release 150_20_hist.npy (150 ADE20K classes x 20 palettes),,"{""global_scene"": 1.0}",True,population,CIELab_D65_L_0_100_ab_signed,apparel,20,True,True,6,40,39,ade093_apparel_13,16.484754753776762,0.8096338947218743,0,0.0047223265282809734,0.0,0.0,0.0202484130859375,3.8241829872131348,0.20809851783457134,0.0,1.0,0.7816295969003764,0.0001,2.5619573773774116,0,True,0.0001,5.005578498102056,0,True
50,10,15,0.2,0.013333333333333334,0.6,0.0001,0,17001,27001,37001,8,200,1000,5.0,,,1,ncf_select,3f1af891264523591d3a4ef1df6878cb41b2ed518e7e2cf0e492161b72013888,True,L_IG,NCF official release 150_20_hist.npy (150 ADE20K classes x 20 palettes),,"{""global_scene"": 1.0}",True,population,CIELab_D65_L_0_100_ab_signed,apparel,20,True,True,6,41,40,ade093_apparel_12,22.319281731776762,1.164320446521318,0,0.0044153593480587006,0.0,0.0,0.3225148618221283,7.548335075378418,0.20809851783457134,0.0,1.0,1.209959938619046,0.0001,2.5619573773774116,0,True,0.0001,23.523149998259584,0,True
50,10,15,0.2,0.013333333333333334,0.6,0.0001,0,17001,27001,37001,8,200,1000,5.0,,,1,ncf_select,3f1af891264523591d3a4ef1df6878cb41b2ed518e7e2cf0e492161b72013888,True,L_IG,NCF official release 150_20_hist.npy (150 ADE20K classes x 20 palettes),,"{""global_scene"": 1.0}",True,population,CIELab_D65_L_0_100_ab_signed,apparel,20,True,True,6,42,41,ade093_apparel_13,16.484754753776762,0.8096338947218743,0,0.0047223265282809734,0.0,0.0,0.0202484130859375,3.8241829872131348,0.20809851783457134,0.0,1.0,0.7816295969003764,0.0001,2.5619573773774116,0,True,0.0001,5.005578498102056,0,True
50,10,15,0.2,0.013333333333333334,0.6,0.0001,0,17001,27001,37001,8,200,1000,5.0,,,1,ncf_select,3f1af891264523591d3a4ef1df6878cb41b2ed518e7e2cf0e492161b72013888,True,L_IG,NCF official release 150_20_hist.npy (150 ADE20K classes x 20 palettes),,"{""global_scene"": 1.0}",True,population,CIELab_D65_L_0_100_ab_signed,apparel,20,True,True,6,43,42,ade093_apparel_14,24.805494096776762,1.0119734756663263,0,0.004154373425990343,0.0,0.0,0.11578115075826645,5.141998767852783,0.20809851783457134,0.0,1.0,1.023790777566242,0.0001,2.5619573773774116,0,True,0.0001,9.658400125455254,0,True
50,10,15,0.2,0.013333333333333334,0.6,0.0001,0,17001,27001,37001,8,200,1000,5.0,,,1,ncf_select,3f1af891264523591d3a4ef1df6878cb41b2ed518e7e2cf0e492161b72013888,True,L_IG,NCF official release 150_20_hist.npy (150 ADE20K classes x 20 palettes),,"{""global_scene"": 1.0}",True,population,CIELab_D65_L_0_100_ab_signed,apparel,20,True,True,6,44,43,ade093_apparel_12,22.319281731776762,1.164320446521318,0,0.0044153593480587006,0.0,0.0,0.3225148618221283,7.548335075378418,0.20809851783457134,0.0,1.0,1.209959938619046,0.0001,2.5619573773774116,0,True,0.0001,23.523149998259584,0,True
50,10,15,0.2,0.013333333333333334,0.6,0.0001,0,17001,27001,37001,8,200,1000,5.0,,,1,ncf_select,3f1af891264523591d3a4ef1df6878cb41b2ed518e7e2cf0e492161b72013888,True,L_IG,NCF official release 150_20_hist.npy (150 ADE20K classes x 20 palettes),,"{""global_scene"": 1.0}",True,population,CIELab_D65_L_0_100_ab_signed,apparel,20,True,True,6,45,44,ade093_apparel_02,21.569348471776763,1.9968806205849183,0,0.004583556670695543,0.0,0.0,0.33203762769699097,4.497076034545898,0.20809851783457134,0.0,1.0,2.065004000582482,0.0001,2.5619573773774116,0,True,0.0001,69.36432648787414,0,True
50,10,15,0.2,0.013333333333333334,0.6,0.0001,0,17001,27001,37001,8,200,1000,5.0,,,1,ncf_select,3f1af891264523591d3a4ef1df6878cb41b2ed518e7e2cf0e492161b72013888,True,L_IG,NCF official release 150_20_hist.npy (150 ADE20K classes x 20 palettes),,"{""global_scene"": 1.0}",True,population,CIELab_D65_L_0_100_ab_signed,apparel,20,True,True,6,46,45,ade093_apparel_11,40.13873903077676,1.2314364848217625,0,0.004516494460403919,0.0,0.0,0.3700103759765625,8.585206031799316,0.20809851783457134,0.0,1.0,1.311809474530624,0.0001,2.5619573773774116,0,True,0.0001,22.59875470283781,0,True
50,10,15,0.2,0.013333333333333334,0.6,0.0001,0,17001,27001,37001,8,200,1000,5.0,,,1,ncf_select,3f1af891264523591d3a4ef1df6878cb41b2ed518e7e2cf0e492161b72013888,True,L_IG,NCF official release 150_20_hist.npy (150 ADE20K classes x 20 palettes),,"{""global_scene"": 1.0}",True,population,CIELab_D65_L_0_100_ab_signed,apparel,20,True,True,6,47,46,ade093_apparel_14,24.805494096776762,1.0119734756663263,0,0.004154373425990343,0.0,0.0,0.11578115075826645,5.141998767852783,0.20809851783457134,0.0,1.0,1.023790777566242,0.0001,2.5619573773774116,0,True,0.0001,9.658400125455254,0,True
50,10,15,0.2,0.013333333333333334,0.6,0.0001,0,17001,27001,37001,8,200,1000,5.0,,,1,ncf_select,3f1af891264523591d3a4ef1df6878cb41b2ed518e7e2cf0e492161b72013888,True,L_IG,NCF official release 150_20_hist.npy (150 ADE20K classes x 20 palettes),,"{""global_scene"": 1.0}",True,population,CIELab_D65_L_0_100_ab_signed,apparel,20,True,True,6,48,47,ade093_apparel_19,3.08071741177676,0.5940113023000564,0,0.004060554318130016,0.0,0.0,0.05952708050608635,5.820206642150879,0.20809851783457134,0.0,1.0,0.6293010181819644,0.0001,2.5619573773774116,0,True,0.0001,28.21250499823254,0,True
50,10,15,0.2,0.013333333333333334,0.6,0.0001,0,17001,27001,37001,8,200,1000,5.0,,,1,ncf_select,3f1af891264523591d3a4ef1df6878cb41b2ed518e7e2cf0e492161b72013888,True,L_IG,NCF official release 150_20_hist.npy (150 ADE20K classes x 20 palettes),,"{""global_scene"": 1.0}",True,population,CIELab_D65_L_0_100_ab_signed,apparel,20,True,True,6,49,48,ade093_apparel_03,13.549542679776764,0.8834133527373681,0,0.005358285736292601,0.0,0.0,0.0318349227309227,3.704119920730591,0.20809851783457134,0.0,1.0,0.8935820388926041,0.0001,2.5619573773774116,0,True,0.0001,7.579103240094226,0,True
50,10,15,0.2,0.013333333333333334,0.6,0.0001,0,17001,27001,37001,8,200,1000,5.0,,,1,ncf_select,3f1af891264523591d3a4ef1df6878cb41b2ed518e7e2cf0e492161b72013888,True,L_IG,NCF official release 150_20_hist.npy (150 ADE20K classes x 20 palettes),,"{""global_scene"": 1.0}",True,population,CIELab_D65_L_0_100_ab_signed,apparel,20,True,True,6,50,49,ade093_apparel_09,0.01659712422323878,1.070617584211453,0,0.004381686449050903,0.0,0.0,0.2204996794462204,4.822013854980469,0.20809851783457134,0.0,1.0,1.0950921587296996,0.0001,2.5619573773774116,0,True,0.0001,42.96146995103422,0,True
50,10,15,0.2,0.013333333333333334,0.6,0.0001,0,17001,27001,37001,8,200,1000,5.0,,,1,ncf_select,3f1af891264523591d3a4ef1df6878cb41b2ed518e7e2cf0e492161b72013888,True,L_IG,NCF official release 150_20_hist.npy (150 ADE20K classes x 20 palettes),,"{""global_scene"": 1.0}",True,population,CIELab_D65_L_0_100_ab_signed,apparel,20,True,True,7,1,0,ade093_apparel_15,34.016586800776764,1.5361091176124024,0,0.004009880591183901,0.0,0.0,0.3591957092285156,6.969758987426758,0.20809851783457134,0.0,1.0,1.6376748125897926,0.0001,2.5619573773774116,0,True,0.0001,20.418064158211717,0,True
50,10,15,0.2,0.013333333333333334,0.6,0.0001,0,17001,27001,37001,8,200,1000,5.0,,,1,ncf_select,3f1af891264523591d3a4ef1df6878cb41b2ed518e7e2cf0e492161b72013888,True,L_IG,NCF official release 150_20_hist.npy (150 ADE20K classes x 20 palettes),,"{""global_scene"": 1.0}",True,population,CIELab_D65_L_0_100_ab_signed,apparel,20,True,True,7,2,1,ade093_apparel_12,22.319281731776762,1.164320446521318,0,0.0044153593480587006,0.0,0.0,0.3225148618221283,7.548335075378418,0.20809851783457134,0.0,1.0,1.209959938619046,0.0001,2.5619573773774116,0,True,0.0001,23.523149998259584,0,True
50,10,15,0.2,0.013333333333333334,0.6,0.0001,0,17001,27001,37001,8,200,1000,5.0,,,1,ncf_select,3f1af891264523591d3a4ef1df6878cb41b2ed518e7e2cf0e492161b72013888,True,L_IG,NCF official release 150_20_hist.npy (150 ADE20K classes x 20 palettes),,"{""global_scene"": 1.0}",True,population,CIELab_D65_L_0_100_ab_signed,apparel,20,True,True,7,3,2,ade093_apparel_01,19.229243914223233,0.9723359643390953,0,0.003873163601383567,0.0,0.0,0.09228134155273438,3.5992369651794434,0.20809851783457134,0.0,1.0,0.9680062551450832,0.0001,2.5619573773774116,0,True,0.0001,12.05742349660714,0,True
50,10,15,0.2,0.013333333333333334,0.6,0.0001,0,17001,27001,37001,8,200,1000,5.0,,,1,ncf_select,3f1af891264523591d3a4ef1df6878cb41b2ed518e7e2cf0e492161b72013888,True,L_IG,NCF official release 150_20_hist.npy (150 ADE20K classes x 20 palettes),,"{""global_scene"": 1.0}",True,population,CIELab_D65_L_0_100_ab_signed,apparel,20,True,True,7,4,3,ade093_apparel_06,32.73356054777676,1.6121630916815244,0,0.004561473149806261,0.0,0.0,0.3171730041503906,6.377588748931885,0.20809851783457134,0.0,1.0,1.6893467459835592,0.0001,2.5619573773774116,0,True,0.0001,65.62825536200938,0,True
50,10,15,0.2,0.013333333333333334,0.6,0.0001,0,17001,27001,37001,8,200,1000,5.0,,,1,ncf_select,3f1af891264523591d3a4ef1df6878cb41b2ed518e7e2cf0e492161b72013888,True,L_IG,NCF official release 150_20_hist.npy (150 ADE20K classes x 20 palettes),,"{""global_scene"": 1.0}",True,population,CIELab_D65_L_0_100_ab_signed,apparel,20,True,True,7,5,4,ade093_apparel_03,13.549542679776764,0.8834133527373681,0,0.005358285736292601,0.0,0.0,0.0318349227309227,3.704119920730591,0.20809851783457134,0.0,1.0,0.8935820388926041,0.0001,2.5619573773774116,0,True,0.0001,7.579103240094226,0,True
50,10,15,0.2,0.013333333333333334,0.6,0.0001,0,17001,27001,37001,8,200,1000,5.0,,,1,ncf_select,3f1af891264523591d3a4ef1df6878cb41b2ed518e7e2cf0e492161b72013888,True,L_IG,NCF official release 150_20_hist.npy (150 ADE20K classes x 20 palettes),,"{""global_scene"": 1.0}",True,population,CIELab_D65_L_0_100_ab_signed,apparel,20,True,True,7,6,5,ade093_apparel_07,34.29067067377676,1.566753076249718,0,0.004495186265558004,0.0,0.0,0.32716116309165955,5.942652702331543,0.20809851783457134,0.0,1.0,1.6506155227261219,0.0001,2.5619573773774116,0,True,0.0001,74.84193240129349,0,True
50,10,15,0.2,0.013333333333333334,0.6,0.0001,0,17001,27001,37001,8,200,1000,5.0,,,1,ncf_select,3f1af891264523591d3a4ef1df6878cb41b2ed518e7e2cf0e492161b72013888,True,L_IG,NCF official release 150_20_hist.npy (150 ADE20K classes x 20 palettes),,"{""global_scene"": 1.0}",True,population,CIELab_D65_L_0_100_ab_signed,apparel,20,True,True,7,7,6,ade093_apparel_07,34.29067067377676,1.566753076249718,0,0.004495186265558004,0.0,0.0,0.32716116309165955,5.942652702331543,0.20809851783457134,0.0,1.0,1.6506155227261219,0.0001,2.5619573773774116,0,True,0.0001,74.84193240129349,0,True
50,10,15,0.2,0.013333333333333334,0.6,0.0001,0,17001,27001,37001,8,200,1000,5.0,,,1,ncf_select,3f1af891264523591d3a4ef1df6878cb41b2ed518e7e2cf0e492161b72013888,True,L_IG,NCF official release 150_20_hist.npy (150 ADE20K classes x 20 palettes),,"{""global_scene"": 1.0}",True,population,CIELab_D65_L_0_100_ab_signed,apparel,20,True,True,7,8,7,ade093_apparel_19,3.08071741177676,0.5940113023000564,0,0.004060554318130016,0.0,0.0,0.05952708050608635,5.820206642150879,0.20809851783457134,0.0,1.0,0.6293010181819644,0.0001,2.5619573773774116,0,True,0.0001,28.21250499823254,0,True
50,10,15,0.2,0.013333333333333334,0.6,0.0001,0,17001,27001,37001,8,200,1000,5.0,,,1,ncf_select,3f1af891264523591d3a4ef1df6878cb41b2ed518e7e2cf0e492161b72013888,True,L_IG,NCF official release 150_20_hist.npy (150 ADE20K classes x 20 palettes),,"{""global_scene"": 1.0}",True,population,CIELab_D65_L_0_100_ab_signed,apparel,20,True,True,7,9,8,ade093_apparel_08,23.19436835377676,0.8975228416594827,0,0.005095633678138256,0.0,0.0,0.1070048063993454,6.17667293548584,0.20809851783457134,0.0,1.0,0.9053942154312871,0.0001,2.5619573773774116,0,True,0.0001,9.44909492151317,0,True
50,10,15,0.2,0.013333333333333334,0.6,0.0001,0,17001,27001,37001,8,200,1000,5.0,,,1,ncf_select,3f1af891264523591d3a4ef1df6878cb41b2ed518e7e2cf0e492161b72013888,True,L_IG,NCF official release 150_20_hist.npy (150 ADE20K classes x 20 palettes),,"{""global_scene"": 1.0}",True,population,CIELab_D65_L_0_100_ab_signed,apparel,20,True,True,7,10,9,ade093_apparel_01,19.229243914223233,0.9723359643390953,0,0.003873163601383567,0.0,0.0,0.09228134155273438,3.5992369651794434,0.20809851783457134,0.0,1.0,0.9680062551450832,0.0001,2.5619573773774116,0,True,0.0001,12.05742349660714,0,True
50,10,15,0.2,0.013333333333333334,0.6,0.0001,0,17001,27001,37001,8,200,1000,5.0,,,1,ncf_select,3f1af891264523591d3a4ef1df6878cb41b2ed518e7e2cf0e492161b72013888,True,L_IG,NCF official release 150_20_hist.npy (150 ADE20K classes x 20 palettes),,"{""global_scene"": 1.0}",True,population,CIELab_D65_L_0_100_ab_signed,apparel,20,True,True,7,11,10,ade093_apparel_18,21.83342234577676,0.7049385904760218,0,0.004386403132230043,0.0,0.0,0.21730677783489227,7.417181015014648,0.20809851783457134,0.0,1.0,0.7321290705372797,0.0001,2.5619573773774116,0,True,0.0001,27.727074725308558,0,True
50,10,15,0.2,0.013333333333333334,0.6,0.0001,0,17001,27001,37001,8,200,1000,5.0,,,1,ncf_select,3f1af891264523591d3a4ef1df6878cb41b2ed518e7e2cf0e492161b72013888,True,L_IG,NCF official release 150_20_hist.npy (150 ADE20K classes x 20 palettes),,"{""global_scene"": 1.0}",True,population,CIELab_D65_L_0_100_ab_signed,apparel,20,True,True,7,12,11,ade093_apparel_11,40.13873903077676,1.2314364848217625,0,0.004516494460403919,0.0,0.0,0.3700103759765625,8.585206031799316,0.20809851783457134,0.0,1.0,1.311809474530624,0.0001,2.5619573773774116,0,True,0.0001,22.59875470283781,0,True
50,10,15,0.2,0.013333333333333334,0.6,0.0001,0,17001,27001,37001,8,200,1000,5.0,,,1,ncf_select,3f1af891264523591d3a4ef1df6878cb41b2ed518e7e2cf0e492161b72013888,True,L_IG,NCF official release 150_20_hist.npy (150 ADE20K classes x 20 palettes),,"{""global_scene"": 1.0}",True,population,CIELab_D65_L_0_100_ab_signed,apparel,20,True,True,7,13,12,ade093_apparel_08,23.19436835377676,0.8975228416594827,0,0.005095633678138256,0.0,0.0,0.1070048063993454,6.17667293548584,0.20809851783457134,0.0,1.0,0.9053942154312871,0.0001,2.5619573773774116,0,True,0.0001,9.44909492151317,0,True
50,10,15,0.2,0.013333333333333334,0.6,0.0001,0,17001,27001,37001,8,200,1000,5.0,,,1,ncf_select,3f1af891264523591d3a4ef1df6878cb41b2ed518e7e2cf0e492161b72013888,True,L_IG,NCF official release 150_20_hist.npy (150 ADE20K classes x 20 palettes),,"{""global_scene"": 1.0}",True,population,CIELab_D65_L_0_100_ab_signed,apparel,20,True,True,7,14,13,ade093_apparel_17,47.619535516776764,1.0401231017119834,0,0.004275679122656584,0.0,0.0,0.3259696960449219,8.560419082641602,0.20809851783457134,0.0,1.0,1.0949912956088097,0.0001,2.5619573773774116,0,True,0.0001,25.57759225725133,0,True
50,10,15,0.2,0.013333333333333334,0.6,0.0001,0,17001,27001,37001,8,200,1000,5.0,,,1,ncf_select,3f1af891264523591d3a4ef1df6878cb41b2ed518e7e2cf0e492161b72013888,True,L_IG,NCF official release 150_20_hist.npy (150 ADE20K classes x 20 palettes),,"{""global_scene"": 1.0}",True,population,CIELab_D65_L_0_100_ab_signed,apparel,20,True,True,7,15,14,ade093_apparel_02,21.569348471776763,1.9968806205849183,0,0.004583556670695543,0.0,0.0,0.33203762769699097,4.497076034545898,0.20809851783457134,0.0,1.0,2.065004000582482,0.0001,2.5619573773774116,0,True,0.0001,69.36432648787414,0,True
50,10,15,0.2,0.013333333333333334,0.6,0.0001,0,17001,27001,37001,8,200,1000,5.0,,,1,ncf_select,3f1af891264523591d3a4ef1df6878cb41b2ed518e7e2cf0e492161b72013888,True,L_IG,NCF official release 150_20_hist.npy (150 ADE20K classes x 20 palettes),,"{""global_scene"": 1.0}",True,population,CIELab_D65_L_0_100_ab_signed,apparel,20,True,True,7,16,15,ade093_apparel_10,0.6310570902232371,1.638137277742129,0,0.0047023845836520195,0.0,0.0,0.17089971899986267,1.9284114837646484,0.20809851783457134,0.0,1.0,1.6851142953234455,0.0001,2.5619573773774116,0,True,0.0001,39.50365121660779,0,True
50,10,15,0.2,0.013333333333333334,0.6,0.0001,0,17001,27001,37001,8,200,1000,5.0,,,1,ncf_select,3f1af891264523591d3a4ef1df6878cb41b2ed518e7e2cf0e492161b72013888,True,L_IG,NCF official release 150_20_hist.npy (150 ADE20K classes x 20 palettes),,"{""global_scene"": 1.0}",True,population,CIELab_D65_L_0_100_ab_signed,apparel,20,True,True,7,17,16,ade093_apparel_06,32.73356054777676,1.6121630916815244,0,0.004561473149806261,0.0,0.0,0.3171730041503906,6.377588748931885,0.20809851783457134,0.0,1.0,1.6893467459835592,0.0001,2.5619573773774116,0,True,0.0001,65.62825536200938,0,True
50,10,15,0.2,0.013333333333333334,0.6,0.0001,0,17001,27001,37001,8,200,1000,5.0,,,1,ncf_select,3f1af891264523591d3a4ef1df6878cb41b2ed518e7e2cf0e492161b72013888,True,L_IG,NCF official release 150_20_hist.npy (150 ADE20K classes x 20 palettes),,"{""global_scene"": 1.0}",True,population,CIELab_D65_L_0_100_ab_signed,apparel,20,True,True,7,18,17,ade093_apparel_12,22.319281731776762,1.164320446521318,0,0.0044153593480587006,0.0,0.0,0.3225148618221283,7.548335075378418,0.20809851783457134,0.0,1.0,1.209959938619046,0.0001,2.5619573773774116,0,True,0.0001,23.523149998259584,0,True
50,10,15,0.2,0.013333333333333334,0.6,0.0001,0,17001,27001,37001,8,200,1000,5.0,,,1,ncf_select,3f1af891264523591d3a4ef1df6878cb41b2ed518e7e2cf0e492161b72013888,True,L_IG,NCF official release 150_20_hist.npy (150 ADE20K classes x 20 palettes),,"{""global_scene"": 1.0}",True,population,CIELab_D65_L_0_100_ab_signed,apparel,20,True,True,7,19,18,ade093_apparel_03,13.549542679776764,0.8834133527373681,0,0.005358285736292601,0.0,0.0,0.0318349227309227,3.704119920730591,0.20809851783457134,0.0,1.0,0.8935820388926041,0.0001,2.5619573773774116,0,True,0.0001,7.579103240094226,0,True
50,10,15,0.2,0.013333333333333334,0.6,0.0001,0,17001,27001,37001,8,200,1000,5.0,,,1,ncf_select,3f1af891264523591d3a4ef1df6878cb41b2ed518e7e2cf0e492161b72013888,True,L_IG,NCF official release 150_20_hist.npy (150 ADE20K classes x 20 palettes),,"{""global_scene"": 1.0}",True,population,CIELab_D65_L_0_100_ab_signed,apparel,20,True,True,7,20,19,ade093_apparel_18,21.83342234577676,0.7049385904760218,0,0.004386403132230043,0.0,0.0,0.21730677783489227,7.417181015014648,0.20809851783457134,0.0,1.0,0.7321290705372797,0.0001,2.5619573773774116,0,True,0.0001,27.727074725308558,0,True
50,10,15,0.2,0.013333333333333334,0.6,0.0001,0,17001,27001,37001,8,200,1000,5.0,,,1,ncf_select,3f1af891264523591d3a4ef1df6878cb41b2ed518e7e2cf0e492161b72013888,True,L_IG,NCF official release 150_20_hist.npy (150 ADE20K classes x 20 palettes),,"{""global_scene"": 1.0}",True,population,CIELab_D65_L_0_100_ab_signed,apparel,20,True,True,7,21,20,ade093_apparel_16,48.19531019277676,0.6834396288863396,0,0.003508317284286022,0.0,0.0,0.34098944067955017,9.172623634338379,0.20809851783457134,0.0,1.0,0.6285960195108868,0.0001,2.5619573773774116,0,True,0.0001,3.1442108354330105,0,True
50,10,15,0.2,0.013333333333333334,0.6,0.0001,0,17001,27001,37001,8,200,1000,5.0,,,1,ncf_select,3f1af891264523591d3a4ef1df6878cb41b2ed518e7e2cf0e492161b72013888,True,L_IG,NCF official release 150_20_hist.npy (150 ADE20K classes x 20 palettes),,"{""global_scene"": 1.0}",True,population,CIELab_D65_L_0_100_ab_signed,apparel,20,True,True,7,22,21,ade093_apparel_00,4.448400200223233,0.7174915710329959,0,0.004987236112356186,0.0,0.0,0.009675344452261925,2.762421131134033,0.20809851783457134,0.0,1.0,0.7529394046989415,0.0001,2.5619573773774116,0,True,0.0001,13.678486643097541,0,True
50,10,15,0.2,0.013333333333333334,0.6,0.0001,0,17001,27001,37001,8,200,1000,5.0,,,1,ncf_select,3f1af891264523591d3a4ef1df6878cb41b2ed518e7e2cf0e492161b72013888,True,L_IG,NCF official release 150_20_hist.npy (150 ADE20K classes x 20 palettes),,"{""global_scene"": 1.0}",True,population,CIELab_D65_L_0_100_ab_signed,apparel,20,True,True,7,23,22,ade093_apparel_15,34.016586800776764,1.5361091176124024,0,0.004009880591183901,0.0,0.0,0.3591957092285156,6.969758987426758,0.20809851783457134,0.0,1.0,1.6376748125897926,0.0001,2.5619573773774116,0,True,0.0001,20.418064158211717,0,True
50,10,15,0.2,0.013333333333333334,0.6,0.0001,0,17001,27001,37001,8,200,1000,5.0,,,1,ncf_select,3f1af891264523591d3a4ef1df6878cb41b2ed518e7e2cf0e492161b72013888,True,L_IG,NCF official release 150_20_hist.npy (150 ADE20K classes x 20 palettes),,"{""global_scene"": 1.0}",True,population,CIELab_D65_L_0_100_ab_signed,apparel,20,True,True,7,24,23,ade093_apparel_11,40.13873903077676,1.2314364848217625,0,0.004516494460403919,0.0,0.0,0.3700103759765625,8.585206031799316,0.20809851783457134,0.0,1.0,1.311809474530624,0.0001,2.5619573773774116,0,True,0.0001,22.59875470283781,0,True
50,10,15,0.2,0.013333333333333334,0.6,0.0001,0,17001,27001,37001,8,200,1000,5.0,,,1,ncf_select,3f1af891264523591d3a4ef1df6878cb41b2ed518e7e2cf0e492161b72013888,True,L_IG,NCF official release 150_20_hist.npy (150 ADE20K classes x 20 palettes),,"{""global_scene"": 1.0}",True,population,CIELab_D65_L_0_100_ab_signed,apparel,20,True,True,7,25,24,ade093_apparel_08,23.19436835377676,0.8975228416594827,0,0.005095633678138256,0.0,0.0,0.1070048063993454,6.17667293548584,0.20809851783457134,0.0,1.0,0.9053942154312871,0.0001,2.5619573773774116,0,True,0.0001,9.44909492151317,0,True
50,10,15,0.2,0.013333333333333334,0.6,0.0001,0,17001,27001,37001,8,200,1000,5.0,,,1,ncf_select,3f1af891264523591d3a4ef1df6878cb41b2ed518e7e2cf0e492161b72013888,True,L_IG,NCF official release 150_20_hist.npy (150 ADE20K classes x 20 palettes),,"{""global_scene"": 1.0}",True,population,CIELab_D65_L_0_100_ab_signed,apparel,20,True,True,7,26,25,ade093_apparel_08,23.19436835377676,0.8975228416594827,0,0.005095633678138256,0.0,0.0,0.1070048063993454,6.17667293548584,0.20809851783457134,0.0,1.0,0.9053942154312871,0.0001,2.5619573773774116,0,True,0.0001,9.44909492151317,0,True
50,10,15,0.2,0.013333333333333334,0.6,0.0001,0,17001,27001,37001,8,200,1000,5.0,,,1,ncf_select,3f1af891264523591d3a4ef1df6878cb41b2ed518e7e2cf0e492161b72013888,True,L_IG,NCF official release 150_20_hist.npy (150 ADE20K classes x 20 palettes),,"{""global_scene"": 1.0}",True,population,CIELab_D65_L_0_100_ab_signed,apparel,20,True,True,7,27,26,ade093_apparel_03,13.549542679776764,0.8834133527373681,0,0.005358285736292601,0.0,0.0,0.0318349227309227,3.704119920730591,0.20809851783457134,0.0,1.0,0.8935820388926041,0.0001,2.5619573773774116,0,True,0.0001,7.579103240094226,0,True
50,10,15,0.2,0.013333333333333334,0.6,0.0001,0,17001,27001,37001,8,200,1000,5.0,,,1,ncf_select,3f1af891264523591d3a4ef1df6878cb41b2ed518e7e2cf0e492161b72013888,True,L_IG,NCF official release 150_20_hist.npy (150 ADE20K classes x 20 palettes),,"{""global_scene"": 1.0}",True,population,CIELab_D65_L_0_100_ab_signed,apparel,20,True,True,7,28,27,ade093_apparel_07,34.29067067377676,1.566753076249718,0,0.004495186265558004,0.0,0.0,0.32716116309165955,5.942652702331543,0.20809851783457134,0.0,1.0,1.6506155227261219,0.0001,2.5619573773774116,0,True,0.0001,74.84193240129349,0,True
50,10,15,0.2,0.013333333333333334,0.6,0.0001,0,17001,27001,37001,8,200,1000,5.0,,,1,ncf_select,3f1af891264523591d3a4ef1df6878cb41b2ed518e7e2cf0e492161b72013888,True,L_IG,NCF official release 150_20_hist.npy (150 ADE20K classes x 20 palettes),,"{""global_scene"": 1.0}",True,population,CIELab_D65_L_0_100_ab_signed,apparel,20,True,True,7,29,28,ade093_apparel_10,0.6310570902232371,1.638137277742129,0,0.0047023845836520195,0.0,0.0,0.17089971899986267,1.9284114837646484,0.20809851783457134,0.0,1.0,1.6851142953234455,0.0001,2.5619573773774116,0,True,0.0001,39.50365121660779,0,True
50,10,15,0.2,0.013333333333333334,0.6,0.0001,0,17001,27001,37001,8,200,1000,5.0,,,1,ncf_select,3f1af891264523591d3a4ef1df6878cb41b2ed518e7e2cf0e492161b72013888,True,L_IG,NCF official release 150_20_hist.npy (150 ADE20K classes x 20 palettes),,"{""global_scene"": 1.0}",True,population,CIELab_D65_L_0_100_ab_signed,apparel,20,True,True,7,30,29,ade093_apparel_18,21.83342234577676,0.7049385904760218,0,0.004386403132230043,0.0,0.0,0.21730677783489227,7.417181015014648,0.20809851783457134,0.0,1.0,0.7321290705372797,0.0001,2.5619573773774116,0,True,0.0001,27.727074725308558,0,True
50,10,15,0.2,0.013333333333333334,0.6,0.0001,0,17001,27001,37001,8,200,1000,5.0,,,1,ncf_select,3f1af891264523591d3a4ef1df6878cb41b2ed518e7e2cf0e492161b72013888,True,L_IG,NCF official release 150_20_hist.npy (150 ADE20K classes x 20 palettes),,"{""global_scene"": 1.0}",True,population,CIELab_D65_L_0_100_ab_signed,apparel,20,True,True,7,31,30,ade093_apparel_11,40.13873903077676,1.2314364848217625,0,0.004516494460403919,0.0,0.0,0.3700103759765625,8.585206031799316,0.20809851783457134,0.0,1.0,1.311809474530624,0.0001,2.5619573773774116,0,True,0.0001,22.59875470283781,0,True
50,10,15,0.2,0.013333333333333334,0.6,0.0001,0,17001,27001,37001,8,200,1000,5.0,,,1,ncf_select,3f1af891264523591d3a4ef1df6878cb41b2ed518e7e2cf0e492161b72013888,True,L_IG,NCF official release 150_20_hist.npy (150 ADE20K classes x 20 palettes),,"{""global_scene"": 1.0}",True,population,CIELab_D65_L_0_100_ab_signed,apparel,20,True,True,7,32,31,ade093_apparel_00,4.448400200223233,0.7174915710329959,0,0.004987236112356186,0.0,0.0,0.009675344452261925,2.762421131134033,0.20809851783457134,0.0,1.0,0.7529394046989415,0.0001,2.5619573773774116,0,True,0.0001,13.678486643097541,0,True
50,10,15,0.2,0.013333333333333334,0.6,0.0001,0,17001,27001,37001,8,200,1000,5.0,,,1,ncf_select,3f1af891264523591d3a4ef1df6878cb41b2ed518e7e2cf0e492161b72013888,True,L_IG,NCF official release 150_20_hist.npy (150 ADE20K classes x 20 palettes),,"{""global_scene"": 1.0}",True,population,CIELab_D65_L_0_100_ab_signed,apparel,20,True,True,7,33,32,ade093_apparel_16,48.19531019277676,0.6834396288863396,0,0.003508317284286022,0.0,0.0,0.34098944067955017,9.172623634338379,0.20809851783457134,0.0,1.0,0.6285960195108868,0.0001,2.5619573773774116,0,True,0.0001,3.1442108354330105,0,True
50,10,15,0.2,0.013333333333333334,0.6,0.0001,0,17001,27001,37001,8,200,1000,5.0,,,1,ncf_select,3f1af891264523591d3a4ef1df6878cb41b2ed518e7e2cf0e492161b72013888,True,L_IG,NCF official release 150_20_hist.npy (150 ADE20K classes x 20 palettes),,"{""global_scene"": 1.0}",True,population,CIELab_D65_L_0_100_ab_signed,apparel,20,True,True,7,34,33,ade093_apparel_03,13.549542679776764,0.8834133527373681,0,0.005358285736292601,0.0,0.0,0.0318349227309227,3.704119920730591,0.20809851783457134,0.0,1.0,0.8935820388926041,0.0001,2.5619573773774116,0,True,0.0001,7.579103240094226,0,True
50,10,15,0.2,0.013333333333333334,0.6,0.0001,0,17001,27001,37001,8,200,1000,5.0,,,1,ncf_select,3f1af891264523591d3a4ef1df6878cb41b2ed518e7e2cf0e492161b72013888,True,L_IG,NCF official release 150_20_hist.npy (150 ADE20K classes x 20 palettes),,"{""global_scene"": 1.0}",True,population,CIELab_D65_L_0_100_ab_signed,apparel,20,True,True,7,35,34,ade093_apparel_05,3.775597514223236,0.6748377396676781,0,0.004178531002253294,0.0,0.0,0.1032257080078125,6.400187969207764,0.20809851783457134,0.0,1.0,0.6665319480830022,0.0001,2.5619573773774116,0,True,0.0001,13.540321523783662,0,True
50,10,15,0.2,0.013333333333333334,0.6,0.0001,0,17001,27001,37001,8,200,1000,5.0,,,1,ncf_select,3f1af891264523591d3a4ef1df6878cb41b2ed518e7e2cf0e492161b72013888,True,L_IG,NCF official release 150_20_hist.npy (150 ADE20K classes x 20 palettes),,"{""global_scene"": 1.0}",True,population,CIELab_D65_L_0_100_ab_signed,apparel,20,True,True,7,36,35,ade093_apparel_16,48.19531019277676,0.6834396288863396,0,0.003508317284286022,0.0,0.0,0.34098944067955017,9.172623634338379,0.20809851783457134,0.0,1.0,0.6285960195108868,0.0001,2.5619573773774116,0,True,0.0001,3.1442108354330105,0,True
50,10,15,0.2,0.013333333333333334,0.6,0.0001,0,17001,27001,37001,8,200,1000,5.0,,,1,ncf_select,3f1af891264523591d3a4ef1df6878cb41b2ed518e7e2cf0e492161b72013888,True,L_IG,NCF official release 150_20_hist.npy (150 ADE20K classes x 20 palettes),,"{""global_scene"": 1.0}",True,population,CIELab_D65_L_0_100_ab_signed,apparel,20,True,True,7,37,36,ade093_apparel_16,48.19531019277676,0.6834396288863396,0,0.003508317284286022,0.0,0.0,0.34098944067955017,9.172623634338379,0.20809851783457134,0.0,1.0,0.6285960195108868,0.0001,2.5619573773774116,0,True,0.0001,3.1442108354330105,0,True
50,10,15,0.2,0.013333333333333334,0.6,0.0001,0,17001,27001,37001,8,200,1000,5.0,,,1,ncf_select,3f1af891264523591d3a4ef1df6878cb41b2ed518e7e2cf0e492161b72013888,True,L_IG,NCF official release 150_20_hist.npy (150 ADE20K classes x 20 palettes),,"{""global_scene"": 1.0}",True,population,CIELab_D65_L_0_100_ab_signed,apparel,20,True,True,7,38,37,ade093_apparel_07,34.29067067377676,1.566753076249718,0,0.004495186265558004,0.0,0.0,0.32716116309165955,5.942652702331543,0.20809851783457134,0.0,1.0,1.6506155227261219,0.0001,2.5619573773774116,0,True,0.0001,74.84193240129349,0,True
50,10,15,0.2,0.013333333333333334,0.6,0.0001,0,17001,27001,37001,8,200,1000,5.0,,,1,ncf_select,3f1af891264523591d3a4ef1df6878cb41b2ed518e7e2cf0e492161b72013888,True,L_IG,NCF official release 150_20_hist.npy (150 ADE20K classes x 20 palettes),,"{""global_scene"": 1.0}",True,population,CIELab_D65_L_0_100_ab_signed,apparel,20,True,True,7,39,38,ade093_apparel_05,3.775597514223236,0.6748377396676781,0,0.004178531002253294,0.0,0.0,0.1032257080078125,6.400187969207764,0.20809851783457134,0.0,1.0,0.6665319480830022,0.0001,2.5619573773774116,0,True,0.0001,13.540321523783662,0,True
50,10,15,0.2,0.013333333333333334,0.6,0.0001,0,17001,27001,37001,8,200,1000,5.0,,,1,ncf_select,3f1af891264523591d3a4ef1df6878cb41b2ed518e7e2cf0e492161b72013888,True,L_IG,NCF official release 150_20_hist.npy (150 ADE20K classes x 20 palettes),,"{""global_scene"": 1.0}",True,population,CIELab_D65_L_0_100_ab_signed,apparel,20,True,True,7,40,39,ade093_apparel_00,4.448400200223233,0.7174915710329959,0,0.004987236112356186,0.0,0.0,0.009675344452261925,2.762421131134033,0.20809851783457134,0.0,1.0,0.7529394046989415,0.0001,2.5619573773774116,0,True,0.0001,13.678486643097541,0,True
50,10,15,0.2,0.013333333333333334,0.6,0.0001,0,17001,27001,37001,8,200,1000,5.0,,,1,ncf_select,3f1af891264523591d3a4ef1df6878cb41b2ed518e7e2cf0e492161b72013888,True,L_IG,NCF official release 150_20_hist.npy (150 ADE20K classes x 20 palettes),,"{""global_scene"": 1.0}",True,population,CIELab_D65_L_0_100_ab_signed,apparel,20,True,True,7,41,40,ade093_apparel_19,3.08071741177676,0.5940113023000564,0,0.004060554318130016,0.0,0.0,0.05952708050608635,5.820206642150879,0.20809851783457134,0.0,1.0,0.6293010181819644,0.0001,2.5619573773774116,0,True,0.0001,28.21250499823254,0,True
50,10,15,0.2,0.013333333333333334,0.6,0.0001,0,17001,27001,37001,8,200,1000,5.0,,,1,ncf_select,3f1af891264523591d3a4ef1df6878cb41b2ed518e7e2cf0e492161b72013888,True,L_IG,NCF official release 150_20_hist.npy (150 ADE20K classes x 20 palettes),,"{""global_scene"": 1.0}",True,population,CIELab_D65_L_0_100_ab_signed,apparel,20,True,True,7,42,41,ade093_apparel_01,19.229243914223233,0.9723359643390953,0,0.003873163601383567,0.0,0.0,0.09228134155273438,3.5992369651794434,0.20809851783457134,0.0,1.0,0.9680062551450832,0.0001,2.5619573773774116,0,True,0.0001,12.05742349660714,0,True
50,10,15,0.2,0.013333333333333334,0.6,0.0001,0,17001,27001,37001,8,200,1000,5.0,,,1,ncf_select,3f1af891264523591d3a4ef1df6878cb41b2ed518e7e2cf0e492161b72013888,True,L_IG,NCF official release 150_20_hist.npy (150 ADE20K classes x 20 palettes),,"{""global_scene"": 1.0}",True,population,CIELab_D65_L_0_100_ab_signed,apparel,20,True,True,7,43,42,ade093_apparel_04,6.219713140776761,1.7321211250724349,0,0.004211270250380039,0.0,0.0,0.3007291257381439,5.8918914794921875,0.20809851783457134,0.0,1.0,1.7885828378954691,0.0001,2.5619573773774116,0,True,0.0001,114.76474655893715,0,True
50,10,15,0.2,0.013333333333333334,0.6,0.0001,0,17001,27001,37001,8,200,1000,5.0,,,1,ncf_select,3f1af891264523591d3a4ef1df6878cb41b2ed518e7e2cf0e492161b72013888,True,L_IG,NCF official release 150_20_hist.npy (150 ADE20K classes x 20 palettes),,"{""global_scene"": 1.0}",True,population,CIELab_D65_L_0_100_ab_signed,apparel,20,True,True,7,44,43,ade093_apparel_02,21.569348471776763,1.9968806205849183,0,0.004583556670695543,0.0,0.0,0.33203762769699097,4.497076034545898,0.20809851783457134,0.0,1.0,2.065004000582482,0.0001,2.5619573773774116,0,True,0.0001,69.36432648787414,0,True
50,10,15,0.2,0.013333333333333334,0.6,0.0001,0,17001,27001,37001,8,200,1000,5.0,,,1,ncf_select,3f1af891264523591d3a4ef1df6878cb41b2ed518e7e2cf0e492161b72013888,True,L_IG,NCF official release 150_20_hist.npy (150 ADE20K classes x 20 palettes),,"{""global_scene"": 1.0}",True,population,CIELab_D65_L_0_100_ab_signed,apparel,20,True,True,7,45,44,ade093_apparel_12,22.319281731776762,1.164320446521318,0,0.0044153593480587006,0.0,0.0,0.3225148618221283,7.548335075378418,0.20809851783457134,0.0,1.0,1.209959938619046,0.0001,2.5619573773774116,0,True,0.0001,23.523149998259584,0,True
50,10,15,0.2,0.013333333333333334,0.6,0.0001,0,17001,27001,37001,8,200,1000,5.0,,,1,ncf_select,3f1af891264523591d3a4ef1df6878cb41b2ed518e7e2cf0e492161b72013888,True,L_IG,NCF official release 150_20_hist.npy (150 ADE20K classes x 20 palettes),,"{""global_scene"": 1.0}",True,population,CIELab_D65_L_0_100_ab_signed,apparel,20,True,True,7,46,45,ade093_apparel_01,19.229243914223233,0.9723359643390953,0,0.003873163601383567,0.0,0.0,0.09228134155273438,3.5992369651794434,0.20809851783457134,0.0,1.0,0.9680062551450832,0.0001,2.5619573773774116,0,True,0.0001,12.05742349660714,0,True
50,10,15,0.2,0.013333333333333334,0.6,0.0001,0,17001,27001,37001,8,200,1000,5.0,,,1,ncf_select,3f1af891264523591d3a4ef1df6878cb41b2ed518e7e2cf0e492161b72013888,True,L_IG,NCF official release 150_20_hist.npy (150 ADE20K classes x 20 palettes),,"{""global_scene"": 1.0}",True,population,CIELab_D65_L_0_100_ab_signed,apparel,20,True,True,7,47,46,ade093_apparel_14,24.805494096776762,1.0119734756663263,0,0.004154373425990343,0.0,0.0,0.11578115075826645,5.141998767852783,0.20809851783457134,0.0,1.0,1.023790777566242,0.0001,2.5619573773774116,0,True,0.0001,9.658400125455254,0,True
50,10,15,0.2,0.013333333333333334,0.6,0.0001,0,17001,27001,37001,8,200,1000,5.0,,,1,ncf_select,3f1af891264523591d3a4ef1df6878cb41b2ed518e7e2cf0e492161b72013888,True,L_IG,NCF official release 150_20_hist.npy (150 ADE20K classes x 20 palettes),,"{""global_scene"": 1.0}",True,population,CIELab_D65_L_0_100_ab_signed,apparel,20,True,True,7,48,47,ade093_apparel_18,21.83342234577676,0.7049385904760218,0,0.004386403132230043,0.0,0.0,0.21730677783489227,7.417181015014648,0.20809851783457134,0.0,1.0,0.7321290705372797,0.0001,2.5619573773774116,0,True,0.0001,27.727074725308558,0,True
50,10,15,0.2,0.013333333333333334,0.6,0.0001,0,17001,27001,37001,8,200,1000,5.0,,,1,ncf_select,3f1af891264523591d3a4ef1df6878cb41b2ed518e7e2cf0e492161b72013888,True,L_IG,NCF official release 150_20_hist.npy (150 ADE20K classes x 20 palettes),,"{""global_scene"": 1.0}",True,population,CIELab_D65_L_0_100_ab_signed,apparel,20,True,True,7,49,48,ade093_apparel_12,22.319281731776762,1.164320446521318,0,0.0044153593480587006,0.0,0.0,0.3225148618221283,7.548335075378418,0.20809851783457134,0.0,1.0,1.209959938619046,0.0001,2.5619573773774116,0,True,0.0001,23.523149998259584,0,True
50,10,15,0.2,0.013333333333333334,0.6,0.0001,0,17001,27001,37001,8,200,1000,5.0,,,1,ncf_select,3f1af891264523591d3a4ef1df6878cb41b2ed518e7e2cf0e492161b72013888,True,L_IG,NCF official release 150_20_hist.npy (150 ADE20K classes x 20 palettes),,"{""global_scene"": 1.0}",True,population,CIELab_D65_L_0_100_ab_signed,apparel,20,True,True,7,50,49,ade093_apparel_02,21.569348471776763,1.9968806205849183,0,0.004583556670695543,0.0,0.0,0.33203762769699097,4.497076034545898,0.20809851783457134,0.0,1.0,2.065004000582482,0.0001,2.5619573773774116,0,True,0.0001,69.36432648787414,0,True
50,10,15,0.2,0.013333333333333334,0.6,0.0001,0,17001,27001,37001,8,200,1000,5.0,,,1,ncf_select,3f1af891264523591d3a4ef1df6878cb41b2ed518e7e2cf0e492161b72013888,True,L_IG,NCF official release 150_20_hist.npy (150 ADE20K classes x 20 palettes),,"{""global_scene"": 1.0}",True,population,CIELab_D65_L_0_100_ab_signed,apparel,20,True,True,8,1,0,ade093_apparel_03,13.549542679776764,0.8834133527373681,0,0.005358285736292601,0.0,0.0,0.0318349227309227,3.704119920730591,0.20809851783457134,0.0,1.0,0.8935820388926041,0.0001,2.5619573773774116,0,True,0.0001,7.579103240094226,0,True
50,10,15,0.2,0.013333333333333334,0.6,0.0001,0,17001,27001,37001,8,200,1000,5.0,,,1,ncf_select,3f1af891264523591d3a4ef1df6878cb41b2ed518e7e2cf0e492161b72013888,True,L_IG,NCF official release 150_20_hist.npy (150 ADE20K classes x 20 palettes),,"{""global_scene"": 1.0}",True,population,CIELab_D65_L_0_100_ab_signed,apparel,20,True,True,8,2,1,ade093_apparel_08,23.19436835377676,0.8975228416594827,0,0.005095633678138256,0.0,0.0,0.1070048063993454,6.17667293548584,0.20809851783457134,0.0,1.0,0.9053942154312871,0.0001,2.5619573773774116,0,True,0.0001,9.44909492151317,0,True
50,10,15,0.2,0.013333333333333334,0.6,0.0001,0,17001,27001,37001,8,200,1000,5.0,,,1,ncf_select,3f1af891264523591d3a4ef1df6878cb41b2ed518e7e2cf0e492161b72013888,True,L_IG,NCF official release 150_20_hist.npy (150 ADE20K classes x 20 palettes),,"{""global_scene"": 1.0}",True,population,CIELab_D65_L_0_100_ab_signed,apparel,20,True,True,8,3,2,ade093_apparel_01,19.229243914223233,0.9723359643390953,0,0.003873163601383567,0.0,0.0,0.09228134155273438,3.5992369651794434,0.20809851783457134,0.0,1.0,0.9680062551450832,0.0001,2.5619573773774116,0,True,0.0001,12.05742349660714,0,True
50,10,15,0.2,0.013333333333333334,0.6,0.0001,0,17001,27001,37001,8,200,1000,5.0,,,1,ncf_select,3f1af891264523591d3a4ef1df6878cb41b2ed518e7e2cf0e492161b72013888,True,L_IG,NCF official release 150_20_hist.npy (150 ADE20K classes x 20 palettes),,"{""global_scene"": 1.0}",True,population,CIELab_D65_L_0_100_ab_signed,apparel,20,True,True,8,4,3,ade093_apparel_09,0.01659712422323878,1.070617584211453,0,0.004381686449050903,0.0,0.0,0.2204996794462204,4.822013854980469,0.20809851783457134,0.0,1.0,1.0950921587296996,0.0001,2.5619573773774116,0,True,0.0001,42.96146995103422,0,True
50,10,15,0.2,0.013333333333333334,0.6,0.0001,0,17001,27001,37001,8,200,1000,5.0,,,1,ncf_select,3f1af891264523591d3a4ef1df6878cb41b2ed518e7e2cf0e492161b72013888,True,L_IG,NCF official release 150_20_hist.npy (150 ADE20K classes x 20 palettes),,"{""global_scene"": 1.0}",True,population,CIELab_D65_L_0_100_ab_signed,apparel,20,True,True,8,5,4,ade093_apparel_17,47.619535516776764,1.0401231017119834,0,0.004275679122656584,0.0,0.0,0.3259696960449219,8.560419082641602,0.20809851783457134,0.0,1.0,1.0949912956088097,0.0001,2.5619573773774116,0,True,0.0001,25.57759225725133,0,True
50,10,15,0.2,0.013333333333333334,0.6,0.0001,0,17001,27001,37001,8,200,1000,5.0,,,1,ncf_select,3f1af891264523591d3a4ef1df6878cb41b2ed518e7e2cf0e492161b72013888,True,L_IG,NCF official release 150_20_hist.npy (150 ADE20K classes x 20 palettes),,"{""global_scene"": 1.0}",True,population,CIELab_D65_L_0_100_ab_signed,apparel,20,True,True,8,6,5,ade093_apparel_06,32.73356054777676,1.6121630916815244,0,0.004561473149806261,0.0,0.0,0.3171730041503906,6.377588748931885,0.20809851783457134,0.0,1.0,1.6893467459835592,0.0001,2.5619573773774116,0,True,0.0001,65.62825536200938,0,True
50,10,15,0.2,0.013333333333333334,0.6,0.0001,0,17001,27001,37001,8,200,1000,5.0,,,1,ncf_select,3f1af891264523591d3a4ef1df6878cb41b2ed518e7e2cf0e492161b72013888,True,L_IG,NCF official release 150_20_hist.npy (150 ADE20K classes x 20 palettes),,"{""global_scene"": 1.0}",True,population,CIELab_D65_L_0_100_ab_signed,apparel,20,True,True,8,7,6,ade093_apparel_16,48.19531019277676,0.6834396288863396,0,0.003508317284286022,0.0,0.0,0.34098944067955017,9.172623634338379,0.20809851783457134,0.0,1.0,0.6285960195108868,0.0001,2.5619573773774116,0,True,0.0001,3.1442108354330105,0,True
50,10,15,0.2,0.013333333333333334,0.6,0.0001,0,17001,27001,37001,8,200,1000,5.0,,,1,ncf_select,3f1af891264523591d3a4ef1df6878cb41b2ed518e7e2cf0e492161b72013888,True,L_IG,NCF official release 150_20_hist.npy (150 ADE20K classes x 20 palettes),,"{""global_scene"": 1.0}",True,population,CIELab_D65_L_0_100_ab_signed,apparel,20,True,True,8,8,7,ade093_apparel_15,34.016586800776764,1.5361091176124024,0,0.004009880591183901,0.0,0.0,0.3591957092285156,6.969758987426758,0.20809851783457134,0.0,1.0,1.6376748125897926,0.0001,2.5619573773774116,0,True,0.0001,20.418064158211717,0,True
50,10,15,0.2,0.013333333333333334,0.6,0.0001,0,17001,27001,37001,8,200,1000,5.0,,,1,ncf_select,3f1af891264523591d3a4ef1df6878cb41b2ed518e7e2cf0e492161b72013888,True,L_IG,NCF official release 150_20_hist.npy (150 ADE20K classes x 20 palettes),,"{""global_scene"": 1.0}",True,population,CIELab_D65_L_0_100_ab_signed,apparel,20,True,True,8,9,8,ade093_apparel_12,22.319281731776762,1.164320446521318,0,0.0044153593480587006,0.0,0.0,0.3225148618221283,7.548335075378418,0.20809851783457134,0.0,1.0,1.209959938619046,0.0001,2.5619573773774116,0,True,0.0001,23.523149998259584,0,True
50,10,15,0.2,0.013333333333333334,0.6,0.0001,0,17001,27001,37001,8,200,1000,5.0,,,1,ncf_select,3f1af891264523591d3a4ef1df6878cb41b2ed518e7e2cf0e492161b72013888,True,L_IG,NCF official release 150_20_hist.npy (150 ADE20K classes x 20 palettes),,"{""global_scene"": 1.0}",True,population,CIELab_D65_L_0_100_ab_signed,apparel,20,True,True,8,10,9,ade093_apparel_11,40.13873903077676,1.2314364848217625,0,0.004516494460403919,0.0,0.0,0.3700103759765625,8.585206031799316,0.20809851783457134,0.0,1.0,1.311809474530624,0.0001,2.5619573773774116,0,True,0.0001,22.59875470283781,0,True
50,10,15,0.2,0.013333333333333334,0.6,0.0001,0,17001,27001,37001,8,200,1000,5.0,,,1,ncf_select,3f1af891264523591d3a4ef1df6878cb41b2ed518e7e2cf0e492161b72013888,True,L_IG,NCF official release 150_20_hist.npy (150 ADE20K classes x 20 palettes),,"{""global_scene"": 1.0}",True,population,CIELab_D65_L_0_100_ab_signed,apparel,20,True,True,8,11,10,ade093_apparel_08,23.19436835377676,0.8975228416594827,0,0.005095633678138256,0.0,0.0,0.1070048063993454,6.17667293548584,0.20809851783457134,0.0,1.0,0.9053942154312871,0.0001,2.5619573773774116,0,True,0.0001,9.44909492151317,0,True
50,10,15,0.2,0.013333333333333334,0.6,0.0001,0,17001,27001,37001,8,200,1000,5.0,,,1,ncf_select,3f1af891264523591d3a4ef1df6878cb41b2ed518e7e2cf0e492161b72013888,True,L_IG,NCF official release 150_20_hist.npy (150 ADE20K classes x 20 palettes),,"{""global_scene"": 1.0}",True,population,CIELab_D65_L_0_100_ab_signed,apparel,20,True,True,8,12,11,ade093_apparel_09,0.01659712422323878,1.070617584211453,0,0.004381686449050903,0.0,0.0,0.2204996794462204,4.822013854980469,0.20809851783457134,0.0,1.0,1.0950921587296996,0.0001,2.5619573773774116,0,True,0.0001,42.96146995103422,0,True
50,10,15,0.2,0.013333333333333334,0.6,0.0001,0,17001,27001,37001,8,200,1000,5.0,,,1,ncf_select,3f1af891264523591d3a4ef1df6878cb41b2ed518e7e2cf0e492161b72013888,True,L_IG,NCF official release 150_20_hist.npy (150 ADE20K classes x 20 palettes),,"{""global_scene"": 1.0}",True,population,CIELab_D65_L_0_100_ab_signed,apparel,20,True,True,8,13,12,ade093_apparel_13,16.484754753776762,0.8096338947218743,0,0.0047223265282809734,0.0,0.0,0.0202484130859375,3.8241829872131348,0.20809851783457134,0.0,1.0,0.7816295969003764,0.0001,2.5619573773774116,0,True,0.0001,5.005578498102056,0,True
50,10,15,0.2,0.013333333333333334,0.6,0.0001,0,17001,27001,37001,8,200,1000,5.0,,,1,ncf_select,3f1af891264523591d3a4ef1df6878cb41b2ed518e7e2cf0e492161b72013888,True,L_IG,NCF official release 150_20_hist.npy (150 ADE20K classes x 20 palettes),,"{""global_scene"": 1.0}",True,population,CIELab_D65_L_0_100_ab_signed,apparel,20,True,True,8,14,13,ade093_apparel_08,23.19436835377676,0.8975228416594827,0,0.005095633678138256,0.0,0.0,0.1070048063993454,6.17667293548584,0.20809851783457134,0.0,1.0,0.9053942154312871,0.0001,2.5619573773774116,0,True,0.0001,9.44909492151317,0,True
50,10,15,0.2,0.013333333333333334,0.6,0.0001,0,17001,27001,37001,8,200,1000,5.0,,,1,ncf_select,3f1af891264523591d3a4ef1df6878cb41b2ed518e7e2cf0e492161b72013888,True,L_IG,NCF official release 150_20_hist.npy (150 ADE20K classes x 20 palettes),,"{""global_scene"": 1.0}",True,population,CIELab_D65_L_0_100_ab_signed,apparel,20,True,True,8,15,14,ade093_apparel_17,47.619535516776764,1.0401231017119834,0,0.004275679122656584,0.0,0.0,0.3259696960449219,8.560419082641602,0.20809851783457134,0.0,1.0,1.0949912956088097,0.0001,2.5619573773774116,0,True,0.0001,25.57759225725133,0,True
50,10,15,0.2,0.013333333333333334,0.6,0.0001,0,17001,27001,37001,8,200,1000,5.0,,,1,ncf_select,3f1af891264523591d3a4ef1df6878cb41b2ed518e7e2cf0e492161b72013888,True,L_IG,NCF official release 150_20_hist.npy (150 ADE20K classes x 20 palettes),,"{""global_scene"": 1.0}",True,population,CIELab_D65_L_0_100_ab_signed,apparel,20,True,True,8,16,15,ade093_apparel_19,3.08071741177676,0.5940113023000564,0,0.004060554318130016,0.0,0.0,0.05952708050608635,5.820206642150879,0.20809851783457134,0.0,1.0,0.6293010181819644,0.0001,2.5619573773774116,0,True,0.0001,28.21250499823254,0,True
50,10,15,0.2,0.013333333333333334,0.6,0.0001,0,17001,27001,37001,8,200,1000,5.0,,,1,ncf_select,3f1af891264523591d3a4ef1df6878cb41b2ed518e7e2cf0e492161b72013888,True,L_IG,NCF official release 150_20_hist.npy (150 ADE20K classes x 20 palettes),,"{""global_scene"": 1.0}",True,population,CIELab_D65_L_0_100_ab_signed,apparel,20,True,True,8,17,16,ade093_apparel_02,21.569348471776763,1.9968806205849183,0,0.004583556670695543,0.0,0.0,0.33203762769699097,4.497076034545898,0.20809851783457134,0.0,1.0,2.065004000582482,0.0001,2.5619573773774116,0,True,0.0001,69.36432648787414,0,True
50,10,15,0.2,0.013333333333333334,0.6,0.0001,0,17001,27001,37001,8,200,1000,5.0,,,1,ncf_select,3f1af891264523591d3a4ef1df6878cb41b2ed518e7e2cf0e492161b72013888,True,L_IG,NCF official release 150_20_hist.npy (150 ADE20K classes x 20 palettes),,"{""global_scene"": 1.0}",True,population,CIELab_D65_L_0_100_ab_signed,apparel,20,True,True,8,18,17,ade093_apparel_03,13.549542679776764,0.8834133527373681,0,0.005358285736292601,0.0,0.0,0.0318349227309227,3.704119920730591,0.20809851783457134,0.0,1.0,0.8935820388926041,0.0001,2.5619573773774116,0,True,0.0001,7.579103240094226,0,True
50,10,15,0.2,0.013333333333333334,0.6,0.0001,0,17001,27001,37001,8,200,1000,5.0,,,1,ncf_select,3f1af891264523591d3a4ef1df6878cb41b2ed518e7e2cf0e492161b72013888,True,L_IG,NCF official release 150_20_hist.npy (150 ADE20K classes x 20 palettes),,"{""global_scene"": 1.0}",True,population,CIELab_D65_L_0_100_ab_signed,apparel,20,True,True,8,19,18,ade093_apparel_00,4.448400200223233,0.7174915710329959,0,0.004987236112356186,0.0,0.0,0.009675344452261925,2.762421131134033,0.20809851783457134,0.0,1.0,0.7529394046989415,0.0001,2.5619573773774116,0,True,0.0001,13.678486643097541,0,True
50,10,15,0.2,0.013333333333333334,0.6,0.0001,0,17001,27001,37001,8,200,1000,5.0,,,1,ncf_select,3f1af891264523591d3a4ef1df6878cb41b2ed518e7e2cf0e492161b72013888,True,L_IG,NCF official release 150_20_hist.npy (150 ADE20K classes x 20 palettes),,"{""global_scene"": 1.0}",True,population,CIELab_D65_L_0_100_ab_signed,apparel,20,True,True,8,20,19,ade093_apparel_05,3.775597514223236,0.6748377396676781,0,0.004178531002253294,0.0,0.0,0.1032257080078125,6.400187969207764,0.20809851783457134,0.0,1.0,0.6665319480830022,0.0001,2.5619573773774116,0,True,0.0001,13.540321523783662,0,True
50,10,15,0.2,0.013333333333333334,0.6,0.0001,0,17001,27001,37001,8,200,1000,5.0,,,1,ncf_select,3f1af891264523591d3a4ef1df6878cb41b2ed518e7e2cf0e492161b72013888,True,L_IG,NCF official release 150_20_hist.npy (150 ADE20K classes x 20 palettes),,"{""global_scene"": 1.0}",True,population,CIELab_D65_L_0_100_ab_signed,apparel,20,True,True,8,21,20,ade093_apparel_17,47.619535516776764,1.0401231017119834,0,0.004275679122656584,0.0,0.0,0.3259696960449219,8.560419082641602,0.20809851783457134,0.0,1.0,1.0949912956088097,0.0001,2.5619573773774116,0,True,0.0001,25.57759225725133,0,True
50,10,15,0.2,0.013333333333333334,0.6,0.0001,0,17001,27001,37001,8,200,1000,5.0,,,1,ncf_select,3f1af891264523591d3a4ef1df6878cb41b2ed518e7e2cf0e492161b72013888,True,L_IG,NCF official release 150_20_hist.npy (150 ADE20K classes x 20 palettes),,"{""global_scene"": 1.0}",True,population,CIELab_D65_L_0_100_ab_signed,apparel,20,True,True,8,22,21,ade093_apparel_17,47.619535516776764,1.0401231017119834,0,0.004275679122656584,0.0,0.0,0.3259696960449219,8.560419082641602,0.20809851783457134,0.0,1.0,1.0949912956088097,0.0001,2.5619573773774116,0,True,0.0001,25.57759225725133,0,True
50,10,15,0.2,0.013333333333333334,0.6,0.0001,0,17001,27001,37001,8,200,1000,5.0,,,1,ncf_select,3f1af891264523591d3a4ef1df6878cb41b2ed518e7e2cf0e492161b72013888,True,L_IG,NCF official release 150_20_hist.npy (150 ADE20K classes x 20 palettes),,"{""global_scene"": 1.0}",True,population,CIELab_D65_L_0_100_ab_signed,apparel,20,True,True,8,23,22,ade093_apparel_07,34.29067067377676,1.566753076249718,0,0.004495186265558004,0.0,0.0,0.32716116309165955,5.942652702331543,0.20809851783457134,0.0,1.0,1.6506155227261219,0.0001,2.5619573773774116,0,True,0.0001,74.84193240129349,0,True
50,10,15,0.2,0.013333333333333334,0.6,0.0001,0,17001,27001,37001,8,200,1000,5.0,,,1,ncf_select,3f1af891264523591d3a4ef1df6878cb41b2ed518e7e2cf0e492161b72013888,True,L_IG,NCF official release 150_20_hist.npy (150 ADE20K classes x 20 palettes),,"{""global_scene"": 1.0}",True,population,CIELab_D65_L_0_100_ab_signed,apparel,20,True,True,8,24,23,ade093_apparel_13,16.484754753776762,0.8096338947218743,0,0.0047223265282809734,0.0,0.0,0.0202484130859375,3.8241829872131348,0.20809851783457134,0.0,1.0,0.7816295969003764,0.0001,2.5619573773774116,0,True,0.0001,5.005578498102056,0,True
50,10,15,0.2,0.013333333333333334,0.6,0.0001,0,17001,27001,37001,8,200,1000,5.0,,,1,ncf_select,3f1af891264523591d3a4ef1df6878cb41b2ed518e7e2cf0e492161b72013888,True,L_IG,NCF official release 150_20_hist.npy (150 ADE20K classes x 20 palettes),,"{""global_scene"": 1.0}",True,population,CIELab_D65_L_0_100_ab_signed,apparel,20,True,True,8,25,24,ade093_apparel_02,21.569348471776763,1.9968806205849183,0,0.004583556670695543,0.0,0.0,0.33203762769699097,4.497076034545898,0.20809851783457134,0.0,1.0,2.065004000582482,0.0001,2.5619573773774116,0,True,0.0001,69.36432648787414,0,True
50,10,15,0.2,0.013333333333333334,0.6,0.0001,0,17001,27001,37001,8,200,1000,5.0,,,1,ncf_select,3f1af891264523591d3a4ef1df6878cb41b2ed518e7e2cf0e492161b72013888,True,L_IG,NCF official release 150_20_hist.npy (150 ADE20K classes x 20 palettes),,"{""global_scene"": 1.0}",True,population,CIELab_D65_L_0_100_ab_signed,apparel,20,True,True,8,26,25,ade093_apparel_19,3.08071741177676,0.5940113023000564,0,0.004060554318130016,0.0,0.0,0.05952708050608635,5.820206642150879,0.20809851783457134,0.0,1.0,0.6293010181819644,0.0001,2.5619573773774116,0,True,0.0001,28.21250499823254,0,True
50,10,15,0.2,0.013333333333333334,0.6,0.0001,0,17001,27001,37001,8,200,1000,5.0,,,1,ncf_select,3f1af891264523591d3a4ef1df6878cb41b2ed518e7e2cf0e492161b72013888,True,L_IG,NCF official release 150_20_hist.npy (150 ADE20K classes x 20 palettes),,"{""global_scene"": 1.0}",True,population,CIELab_D65_L_0_100_ab_signed,apparel,20,True,True,8,27,26,ade093_apparel_10,0.6310570902232371,1.638137277742129,0,0.0047023845836520195,0.0,0.0,0.17089971899986267,1.9284114837646484,0.20809851783457134,0.0,1.0,1.6851142953234455,0.0001,2.5619573773774116,0,True,0.0001,39.50365121660779,0,True
50,10,15,0.2,0.013333333333333334,0.6,0.0001,0,17001,27001,37001,8,200,1000,5.0,,,1,ncf_select,3f1af891264523591d3a4ef1df6878cb41b2ed518e7e2cf0e492161b72013888,True,L_IG,NCF official release 150_20_hist.npy (150 ADE20K classes x 20 palettes),,"{""global_scene"": 1.0}",True,population,CIELab_D65_L_0_100_ab_signed,apparel,20,True,True,8,28,27,ade093_apparel_14,24.805494096776762,1.0119734756663263,0,0.004154373425990343,0.0,0.0,0.11578115075826645,5.141998767852783,0.20809851783457134,0.0,1.0,1.023790777566242,0.0001,2.5619573773774116,0,True,0.0001,9.658400125455254,0,True
50,10,15,0.2,0.013333333333333334,0.6,0.0001,0,17001,27001,37001,8,200,1000,5.0,,,1,ncf_select,3f1af891264523591d3a4ef1df6878cb41b2ed518e7e2cf0e492161b72013888,True,L_IG,NCF official release 150_20_hist.npy (150 ADE20K classes x 20 palettes),,"{""global_scene"": 1.0}",True,population,CIELab_D65_L_0_100_ab_signed,apparel,20,True,True,8,29,28,ade093_apparel_02,21.569348471776763,1.9968806205849183,0,0.004583556670695543,0.0,0.0,0.33203762769699097,4.497076034545898,0.20809851783457134,0.0,1.0,2.065004000582482,0.0001,2.5619573773774116,0,True,0.0001,69.36432648787414,0,True
50,10,15,0.2,0.013333333333333334,0.6,0.0001,0,17001,27001,37001,8,200,1000,5.0,,,1,ncf_select,3f1af891264523591d3a4ef1df6878cb41b2ed518e7e2cf0e492161b72013888,True,L_IG,NCF official release 150_20_hist.npy (150 ADE20K classes x 20 palettes),,"{""global_scene"": 1.0}",True,population,CIELab_D65_L_0_100_ab_signed,apparel,20,True,True,8,30,29,ade093_apparel_09,0.01659712422323878,1.070617584211453,0,0.004381686449050903,0.0,0.0,0.2204996794462204,4.822013854980469,0.20809851783457134,0.0,1.0,1.0950921587296996,0.0001,2.5619573773774116,0,True,0.0001,42.96146995103422,0,True
50,10,15,0.2,0.013333333333333334,0.6,0.0001,0,17001,27001,37001,8,200,1000,5.0,,,1,ncf_select,3f1af891264523591d3a4ef1df6878cb41b2ed518e7e2cf0e492161b72013888,True,L_IG,NCF official release 150_20_hist.npy (150 ADE20K classes x 20 palettes),,"{""global_scene"": 1.0}",True,population,CIELab_D65_L_0_100_ab_signed,apparel,20,True,True,8,31,30,ade093_apparel_12,22.319281731776762,1.164320446521318,0,0.0044153593480587006,0.0,0.0,0.3225148618221283,7.548335075378418,0.20809851783457134,0.0,1.0,1.209959938619046,0.0001,2.5619573773774116,0,True,0.0001,23.523149998259584,0,True
50,10,15,0.2,0.013333333333333334,0.6,0.0001,0,17001,27001,37001,8,200,1000,5.0,,,1,ncf_select,3f1af891264523591d3a4ef1df6878cb41b2ed518e7e2cf0e492161b72013888,True,L_IG,NCF official release 150_20_hist.npy (150 ADE20K classes x 20 palettes),,"{""global_scene"": 1.0}",True,population,CIELab_D65_L_0_100_ab_signed,apparel,20,True,True,8,32,31,ade093_apparel_17,47.619535516776764,1.0401231017119834,0,0.004275679122656584,0.0,0.0,0.3259696960449219,8.560419082641602,0.20809851783457134,0.0,1.0,1.0949912956088097,0.0001,2.5619573773774116,0,True,0.0001,25.57759225725133,0,True
50,10,15,0.2,0.013333333333333334,0.6,0.0001,0,17001,27001,37001,8,200,1000,5.0,,,1,ncf_select,3f1af891264523591d3a4ef1df6878cb41b2ed518e7e2cf0e492161b72013888,True,L_IG,NCF official release 150_20_hist.npy (150 ADE20K classes x 20 palettes),,"{""global_scene"": 1.0}",True,population,CIELab_D65_L_0_100_ab_signed,apparel,20,True,True,8,33,32,ade093_apparel_15,34.016586800776764,1.5361091176124024,0,0.004009880591183901,0.0,0.0,0.3591957092285156,6.969758987426758,0.20809851783457134,0.0,1.0,1.6376748125897926,0.0001,2.5619573773774116,0,True,0.0001,20.418064158211717,0,True
50,10,15,0.2,0.013333333333333334,0.6,0.0001,0,17001,27001,37001,8,200,1000,5.0,,,1,ncf_select,3f1af891264523591d3a4ef1df6878cb41b2ed518e7e2cf0e492161b72013888,True,L_IG,NCF official release 150_20_hist.npy (150 ADE20K classes x 20 palettes),,"{""global_scene"": 1.0}",True,population,CIELab_D65_L_0_100_ab_signed,apparel,20,True,True,8,34,33,ade093_apparel_00,4.448400200223233,0.7174915710329959,0,0.004987236112356186,0.0,0.0,0.009675344452261925,2.762421131134033,0.20809851783457134,0.0,1.0,0.7529394046989415,0.0001,2.5619573773774116,0,True,0.0001,13.678486643097541,0,True
50,10,15,0.2,0.013333333333333334,0.6,0.0001,0,17001,27001,37001,8,200,1000,5.0,,,1,ncf_select,3f1af891264523591d3a4ef1df6878cb41b2ed518e7e2cf0e492161b72013888,True,L_IG,NCF official release 150_20_hist.npy (150 ADE20K classes x 20 palettes),,"{""global_scene"": 1.0}",True,population,CIELab_D65_L_0_100_ab_signed,apparel,20,True,True,8,35,34,ade093_apparel_05,3.775597514223236,0.6748377396676781,0,0.004178531002253294,0.0,0.0,0.1032257080078125,6.400187969207764,0.20809851783457134,0.0,1.0,0.6665319480830022,0.0001,2.5619573773774116,0,True,0.0001,13.540321523783662,0,True
50,10,15,0.2,0.013333333333333334,0.6,0.0001,0,17001,27001,37001,8,200,1000,5.0,,,1,ncf_select,3f1af891264523591d3a4ef1df6878cb41b2ed518e7e2cf0e492161b72013888,True,L_IG,NCF official release 150_20_hist.npy (150 ADE20K classes x 20 palettes),,"{""global_scene"": 1.0}",True,population,CIELab_D65_L_0_100_ab_signed,apparel,20,True,True,8,36,35,ade093_apparel_13,16.484754753776762,0.8096338947218743,0,0.0047223265282809734,0.0,0.0,0.0202484130859375,3.8241829872131348,0.20809851783457134,0.0,1.0,0.7816295969003764,0.0001,2.5619573773774116,0,True,0.0001,5.005578498102056,0,True
50,10,15,0.2,0.013333333333333334,0.6,0.0001,0,17001,27001,37001,8,200,1000,5.0,,,1,ncf_select,3f1af891264523591d3a4ef1df6878cb41b2ed518e7e2cf0e492161b72013888,True,L_IG,NCF official release 150_20_hist.npy (150 ADE20K classes x 20 palettes),,"{""global_scene"": 1.0}",True,population,CIELab_D65_L_0_100_ab_signed,apparel,20,True,True,8,37,36,ade093_apparel_15,34.016586800776764,1.5361091176124024,0,0.004009880591183901,0.0,0.0,0.3591957092285156,6.969758987426758,0.20809851783457134,0.0,1.0,1.6376748125897926,0.0001,2.5619573773774116,0,True,0.0001,20.418064158211717,0,True
50,10,15,0.2,0.013333333333333334,0.6,0.0001,0,17001,27001,37001,8,200,1000,5.0,,,1,ncf_select,3f1af891264523591d3a4ef1df6878cb41b2ed518e7e2cf0e492161b72013888,True,L_IG,NCF official release 150_20_hist.npy (150 ADE20K classes x 20 palettes),,"{""global_scene"": 1.0}",True,population,CIELab_D65_L_0_100_ab_signed,apparel,20,True,True,8,38,37,ade093_apparel_19,3.08071741177676,0.5940113023000564,0,0.004060554318130016,0.0,0.0,0.05952708050608635,5.820206642150879,0.20809851783457134,0.0,1.0,0.6293010181819644,0.0001,2.5619573773774116,0,True,0.0001,28.21250499823254,0,True
50,10,15,0.2,0.013333333333333334,0.6,0.0001,0,17001,27001,37001,8,200,1000,5.0,,,1,ncf_select,3f1af891264523591d3a4ef1df6878cb41b2ed518e7e2cf0e492161b72013888,True,L_IG,NCF official release 150_20_hist.npy (150 ADE20K classes x 20 palettes),,"{""global_scene"": 1.0}",True,population,CIELab_D65_L_0_100_ab_signed,apparel,20,True,True,8,39,38,ade093_apparel_02,21.569348471776763,1.9968806205849183,0,0.004583556670695543,0.0,0.0,0.33203762769699097,4.497076034545898,0.20809851783457134,0.0,1.0,2.065004000582482,0.0001,2.5619573773774116,0,True,0.0001,69.36432648787414,0,True
50,10,15,0.2,0.013333333333333334,0.6,0.0001,0,17001,27001,37001,8,200,1000,5.0,,,1,ncf_select,3f1af891264523591d3a4ef1df6878cb41b2ed518e7e2cf0e492161b72013888,True,L_IG,NCF official release 150_20_hist.npy (150 ADE20K classes x 20 palettes),,"{""global_scene"": 1.0}",True,population,CIELab_D65_L_0_100_ab_signed,apparel,20,True,True,8,40,39,ade093_apparel_17,47.619535516776764,1.0401231017119834,0,0.004275679122656584,0.0,0.0,0.3259696960449219,8.560419082641602,0.20809851783457134,0.0,1.0,1.0949912956088097,0.0001,2.5619573773774116,0,True,0.0001,25.57759225725133,0,True
50,10,15,0.2,0.013333333333333334,0.6,0.0001,0,17001,27001,37001,8,200,1000,5.0,,,1,ncf_select,3f1af891264523591d3a4ef1df6878cb41b2ed518e7e2cf0e492161b72013888,True,L_IG,NCF official release 150_20_hist.npy (150 ADE20K classes x 20 palettes),,"{""global_scene"": 1.0}",True,population,CIELab_D65_L_0_100_ab_signed,apparel,20,True,True,8,41,40,ade093_apparel_10,0.6310570902232371,1.638137277742129,0,0.0047023845836520195,0.0,0.0,0.17089971899986267,1.9284114837646484,0.20809851783457134,0.0,1.0,1.6851142953234455,0.0001,2.5619573773774116,0,True,0.0001,39.50365121660779,0,True
50,10,15,0.2,0.013333333333333334,0.6,0.0001,0,17001,27001,37001,8,200,1000,5.0,,,1,ncf_select,3f1af891264523591d3a4ef1df6878cb41b2ed518e7e2cf0e492161b72013888,True,L_IG,NCF official release 150_20_hist.npy (150 ADE20K classes x 20 palettes),,"{""global_scene"": 1.0}",True,population,CIELab_D65_L_0_100_ab_signed,apparel,20,True,True,8,42,41,ade093_apparel_18,21.83342234577676,0.7049385904760218,0,0.004386403132230043,0.0,0.0,0.21730677783489227,7.417181015014648,0.20809851783457134,0.0,1.0,0.7321290705372797,0.0001,2.5619573773774116,0,True,0.0001,27.727074725308558,0,True
50,10,15,0.2,0.013333333333333334,0.6,0.0001,0,17001,27001,37001,8,200,1000,5.0,,,1,ncf_select,3f1af891264523591d3a4ef1df6878cb41b2ed518e7e2cf0e492161b72013888,True,L_IG,NCF official release 150_20_hist.npy (150 ADE20K classes x 20 palettes),,"{""global_scene"": 1.0}",True,population,CIELab_D65_L_0_100_ab_signed,apparel,20,True,True,8,43,42,ade093_apparel_18,21.83342234577676,0.7049385904760218,0,0.004386403132230043,0.0,0.0,0.21730677783489227,7.417181015014648,0.20809851783457134,0.0,1.0,0.7321290705372797,0.0001,2.5619573773774116,0,True,0.0001,27.727074725308558,0,True
50,10,15,0.2,0.013333333333333334,0.6,0.0001,0,17001,27001,37001,8,200,1000,5.0,,,1,ncf_select,3f1af891264523591d3a4ef1df6878cb41b2ed518e7e2cf0e492161b72013888,True,L_IG,NCF official release 150_20_hist.npy (150 ADE20K classes x 20 palettes),,"{""global_scene"": 1.0}",True,population,CIELab_D65_L_0_100_ab_signed,apparel,20,True,True,8,44,43,ade093_apparel_13,16.484754753776762,0.8096338947218743,0,0.0047223265282809734,0.0,0.0,0.0202484130859375,3.8241829872131348,0.20809851783457134,0.0,1.0,0.7816295969003764,0.0001,2.5619573773774116,0,True,0.0001,5.005578498102056,0,True
50,10,15,0.2,0.013333333333333334,0.6,0.0001,0,17001,27001,37001,8,200,1000,5.0,,,1,ncf_select,3f1af891264523591d3a4ef1df6878cb41b2ed518e7e2cf0e492161b72013888,True,L_IG,NCF official release 150_20_hist.npy (150 ADE20K classes x 20 palettes),,"{""global_scene"": 1.0}",True,population,CIELab_D65_L_0_100_ab_signed,apparel,20,True,True,8,45,44,ade093_apparel_01,19.229243914223233,0.9723359643390953,0,0.003873163601383567,0.0,0.0,0.09228134155273438,3.5992369651794434,0.20809851783457134,0.0,1.0,0.9680062551450832,0.0001,2.5619573773774116,0,True,0.0001,12.05742349660714,0,True
50,10,15,0.2,0.013333333333333334,0.6,0.0001,0,17001,27001,37001,8,200,1000,5.0,,,1,ncf_select,3f1af891264523591d3a4ef1df6878cb41b2ed518e7e2cf0e492161b72013888,True,L_IG,NCF official release 150_20_hist.npy (150 ADE20K classes x 20 palettes),,"{""global_scene"": 1.0}",True,population,CIELab_D65_L_0_100_ab_signed,apparel,20,True,True,8,46,45,ade093_apparel_13,16.484754753776762,0.8096338947218743,0,0.0047223265282809734,0.0,0.0,0.0202484130859375,3.8241829872131348,0.20809851783457134,0.0,1.0,0.7816295969003764,0.0001,2.5619573773774116,0,True,0.0001,5.005578498102056,0,True
50,10,15,0.2,0.013333333333333334,0.6,0.0001,0,17001,27001,37001,8,200,1000,5.0,,,1,ncf_select,3f1af891264523591d3a4ef1df6878cb41b2ed518e7e2cf0e492161b72013888,True,L_IG,NCF official release 150_20_hist.npy (150 ADE20K classes x 20 palettes),,"{""global_scene"": 1.0}",True,population,CIELab_D65_L_0_100_ab_signed,apparel,20,True,True,8,47,46,ade093_apparel_10,0.6310570902232371,1.638137277742129,0,0.0047023845836520195,0.0,0.0,0.17089971899986267,1.9284114837646484,0.20809851783457134,0.0,1.0,1.6851142953234455,0.0001,2.5619573773774116,0,True,0.0001,39.50365121660779,0,True
50,10,15,0.2,0.013333333333333334,0.6,0.0001,0,17001,27001,37001,8,200,1000,5.0,,,1,ncf_select,3f1af891264523591d3a4ef1df6878cb41b2ed518e7e2cf0e492161b72013888,True,L_IG,NCF official release 150_20_hist.npy (150 ADE20K classes x 20 palettes),,"{""global_scene"": 1.0}",True,population,CIELab_D65_L_0_100_ab_signed,apparel,20,True,True,8,48,47,ade093_apparel_05,3.775597514223236,0.6748377396676781,0,0.004178531002253294,0.0,0.0,0.1032257080078125,6.400187969207764,0.20809851783457134,0.0,1.0,0.6665319480830022,0.0001,2.5619573773774116,0,True,0.0001,13.540321523783662,0,True
50,10,15,0.2,0.013333333333333334,0.6,0.0001,0,17001,27001,37001,8,200,1000,5.0,,,1,ncf_select,3f1af891264523591d3a4ef1df6878cb41b2ed518e7e2cf0e492161b72013888,True,L_IG,NCF official release 150_20_hist.npy (150 ADE20K classes x 20 palettes),,"{""global_scene"": 1.0}",True,population,CIELab_D65_L_0_100_ab_signed,apparel,20,True,True,8,49,48,ade093_apparel_15,34.016586800776764,1.5361091176124024,0,0.004009880591183901,0.0,0.0,0.3591957092285156,6.969758987426758,0.20809851783457134,0.0,1.0,1.6376748125897926,0.0001,2.5619573773774116,0,True,0.0001,20.418064158211717,0,True
50,10,15,0.2,0.013333333333333334,0.6,0.0001,0,17001,27001,37001,8,200,1000,5.0,,,1,ncf_select,3f1af891264523591d3a4ef1df6878cb41b2ed518e7e2cf0e492161b72013888,True,L_IG,NCF official release 150_20_hist.npy (150 ADE20K classes x 20 palettes),,"{""global_scene"": 1.0}",True,population,CIELab_D65_L_0_100_ab_signed,apparel,20,True,True,8,50,49,ade093_apparel_07,34.29067067377676,1.566753076249718,0,0.004495186265558004,0.0,0.0,0.32716116309165955,5.942652702331543,0.20809851783457134,0.0,1.0,1.6506155227261219,0.0001,2.5619573773774116,0,True,0.0001,74.84193240129349,0,True
50,10,15,0.2,0.013333333333333334,0.6,0.0001,0,17001,27001,37001,8,200,1000,5.0,,,1,ncf_select,3f1af891264523591d3a4ef1df6878cb41b2ed518e7e2cf0e492161b72013888,True,L_IG,NCF official release 150_20_hist.npy (150 ADE20K classes x 20 palettes),,"{""global_scene"": 1.0}",True,population,CIELab_D65_L_0_100_ab_signed,apparel,20,True,True,9,1,0,ade093_apparel_10,0.6310570902232371,1.638137277742129,0,0.0047023845836520195,0.0,0.0,0.17089971899986267,1.9284114837646484,0.20809851783457134,0.0,1.0,1.6851142953234455,0.0001,2.5619573773774116,0,True,0.0001,39.50365121660779,0,True
50,10,15,0.2,0.013333333333333334,0.6,0.0001,0,17001,27001,37001,8,200,1000,5.0,,,1,ncf_select,3f1af891264523591d3a4ef1df6878cb41b2ed518e7e2cf0e492161b72013888,True,L_IG,NCF official release 150_20_hist.npy (150 ADE20K classes x 20 palettes),,"{""global_scene"": 1.0}",True,population,CIELab_D65_L_0_100_ab_signed,apparel,20,True,True,9,2,1,ade093_apparel_08,23.19436835377676,0.8975228416594827,0,0.005095633678138256,0.0,0.0,0.1070048063993454,6.17667293548584,0.20809851783457134,0.0,1.0,0.9053942154312871,0.0001,2.5619573773774116,0,True,0.0001,9.44909492151317,0,True
50,10,15,0.2,0.013333333333333334,0.6,0.0001,0,17001,27001,37001,8,200,1000,5.0,,,1,ncf_select,3f1af891264523591d3a4ef1df6878cb41b2ed518e7e2cf0e492161b72013888,True,L_IG,NCF official release 150_20_hist.npy (150 ADE20K classes x 20 palettes),,"{""global_scene"": 1.0}",True,population,CIELab_D65_L_0_100_ab_signed,apparel,20,True,True,9,3,2,ade093_apparel_14,24.805494096776762,1.0119734756663263,0,0.004154373425990343,0.0,0.0,0.11578115075826645,5.141998767852783,0.20809851783457134,0.0,1.0,1.023790777566242,0.0001,2.5619573773774116,0,True,0.0001,9.658400125455254,0,True
50,10,15,0.2,0.013333333333333334,0.6,0.0001,0,17001,27001,37001,8,200,1000,5.0,,,1,ncf_select,3f1af891264523591d3a4ef1df6878cb41b2ed518e7e2cf0e492161b72013888,True,L_IG,NCF official release 150_20_hist.npy (150 ADE20K classes x 20 palettes),,"{""global_scene"": 1.0}",True,population,CIELab_D65_L_0_100_ab_signed,apparel,20,True,True,9,4,3,ade093_apparel_17,47.619535516776764,1.0401231017119834,0,0.004275679122656584,0.0,0.0,0.3259696960449219,8.560419082641602,0.20809851783457134,0.0,1.0,1.0949912956088097,0.0001,2.5619573773774116,0,True,0.0001,25.57759225725133,0,True
50,10,15,0.2,0.013333333333333334,0.6,0.0001,0,17001,27001,37001,8,200,1000,5.0,,,1,ncf_select,3f1af891264523591d3a4ef1df6878cb41b2ed518e7e2cf0e492161b72013888,True,L_IG,NCF official release 150_20_hist.npy (150 ADE20K classes x 20 palettes),,"{""global_scene"": 1.0}",True,population,CIELab_D65_L_0_100_ab_signed,apparel,20,True,True,9,5,4,ade093_apparel_02,21.569348471776763,1.9968806205849183,0,0.004583556670695543,0.0,0.0,0.33203762769699097,4.497076034545898,0.20809851783457134,0.0,1.0,2.065004000582482,0.0001,2.5619573773774116,0,True,0.0001,69.36432648787414,0,True
50,10,15,0.2,0.013333333333333334,0.6,0.0001,0,17001,27001,37001,8,200,1000,5.0,,,1,ncf_select,3f1af891264523591d3a4ef1df6878cb41b2ed518e7e2cf0e492161b72013888,True,L_IG,NCF official release 150_20_hist.npy (150 ADE20K classes x 20 palettes),,"{""global_scene"": 1.0}",True,population,CIELab_D65_L_0_100_ab_signed,apparel,20,True,True,9,6,5,ade093_apparel_08,23.19436835377676,0.8975228416594827,0,0.005095633678138256,0.0,0.0,0.1070048063993454,6.17667293548584,0.20809851783457134,0.0,1.0,0.9053942154312871,0.0001,2.5619573773774116,0,True,0.0001,9.44909492151317,0,True
50,10,15,0.2,0.013333333333333334,0.6,0.0001,0,17001,27001,37001,8,200,1000,5.0,,,1,ncf_select,3f1af891264523591d3a4ef1df6878cb41b2ed518e7e2cf0e492161b72013888,True,L_IG,NCF official release 150_20_hist.npy (150 ADE20K classes x 20 palettes),,"{""global_scene"": 1.0}",True,population,CIELab_D65_L_0_100_ab_signed,apparel,20,True,True,9,7,6,ade093_apparel_07,34.29067067377676,1.566753076249718,0,0.004495186265558004,0.0,0.0,0.32716116309165955,5.942652702331543,0.20809851783457134,0.0,1.0,1.6506155227261219,0.0001,2.5619573773774116,0,True,0.0001,74.84193240129349,0,True
50,10,15,0.2,0.013333333333333334,0.6,0.0001,0,17001,27001,37001,8,200,1000,5.0,,,1,ncf_select,3f1af891264523591d3a4ef1df6878cb41b2ed518e7e2cf0e492161b72013888,True,L_IG,NCF official release 150_20_hist.npy (150 ADE20K classes x 20 palettes),,"{""global_scene"": 1.0}",True,population,CIELab_D65_L_0_100_ab_signed,apparel,20,True,True,9,8,7,ade093_apparel_18,21.83342234577676,0.7049385904760218,0,0.004386403132230043,0.0,0.0,0.21730677783489227,7.417181015014648,0.20809851783457134,0.0,1.0,0.7321290705372797,0.0001,2.5619573773774116,0,True,0.0001,27.727074725308558,0,True
50,10,15,0.2,0.013333333333333334,0.6,0.0001,0,17001,27001,37001,8,200,1000,5.0,,,1,ncf_select,3f1af891264523591d3a4ef1df6878cb41b2ed518e7e2cf0e492161b72013888,True,L_IG,NCF official release 150_20_hist.npy (150 ADE20K classes x 20 palettes),,"{""global_scene"": 1.0}",True,population,CIELab_D65_L_0_100_ab_signed,apparel,20,True,True,9,9,8,ade093_apparel_13,16.484754753776762,0.8096338947218743,0,0.0047223265282809734,0.0,0.0,0.0202484130859375,3.8241829872131348,0.20809851783457134,0.0,1.0,0.7816295969003764,0.0001,2.5619573773774116,0,True,0.0001,5.005578498102056,0,True
50,10,15,0.2,0.013333333333333334,0.6,0.0001,0,17001,27001,37001,8,200,1000,5.0,,,1,ncf_select,3f1af891264523591d3a4ef1df6878cb41b2ed518e7e2cf0e492161b72013888,True,L_IG,NCF official release 150_20_hist.npy (150 ADE20K classes x 20 palettes),,"{""global_scene"": 1.0}",True,population,CIELab_D65_L_0_100_ab_signed,apparel,20,True,True,9,10,9,ade093_apparel_01,19.229243914223233,0.9723359643390953,0,0.003873163601383567,0.0,0.0,0.09228134155273438,3.5992369651794434,0.20809851783457134,0.0,1.0,0.9680062551450832,0.0001,2.5619573773774116,0,True,0.0001,12.05742349660714,0,True
50,10,15,0.2,0.013333333333333334,0.6,0.0001,0,17001,27001,37001,8,200,1000,5.0,,,1,ncf_select,3f1af891264523591d3a4ef1df6878cb41b2ed518e7e2cf0e492161b72013888,True,L_IG,NCF official release 150_20_hist.npy (150 ADE20K classes x 20 palettes),,"{""global_scene"": 1.0}",True,population,CIELab_D65_L_0_100_ab_signed,apparel,20,True,True,9,11,10,ade093_apparel_18,21.83342234577676,0.7049385904760218,0,0.004386403132230043,0.0,0.0,0.21730677783489227,7.417181015014648,0.20809851783457134,0.0,1.0,0.7321290705372797,0.0001,2.5619573773774116,0,True,0.0001,27.727074725308558,0,True
50,10,15,0.2,0.013333333333333334,0.6,0.0001,0,17001,27001,37001,8,200,1000,5.0,,,1,ncf_select,3f1af891264523591d3a4ef1df6878cb41b2ed518e7e2cf0e492161b72013888,True,L_IG,NCF official release 150_20_hist.npy (150 ADE20K classes x 20 palettes),,"{""global_scene"": 1.0}",True,population,CIELab_D65_L_0_100_ab_signed,apparel,20,True,True,9,12,11,ade093_apparel_04,6.219713140776761,1.7321211250724349,0,0.004211270250380039,0.0,0.0,0.3007291257381439,5.8918914794921875,0.20809851783457134,0.0,1.0,1.7885828378954691,0.0001,2.5619573773774116,0,True,0.0001,114.76474655893715,0,True
50,10,15,0.2,0.013333333333333334,0.6,0.0001,0,17001,27001,37001,8,200,1000,5.0,,,1,ncf_select,3f1af891264523591d3a4ef1df6878cb41b2ed518e7e2cf0e492161b72013888,True,L_IG,NCF official release 150_20_hist.npy (150 ADE20K classes x 20 palettes),,"{""global_scene"": 1.0}",True,population,CIELab_D65_L_0_100_ab_signed,apparel,20,True,True,9,13,12,ade093_apparel_11,40.13873903077676,1.2314364848217625,0,0.004516494460403919,0.0,0.0,0.3700103759765625,8.585206031799316,0.20809851783457134,0.0,1.0,1.311809474530624,0.0001,2.5619573773774116,0,True,0.0001,22.59875470283781,0,True
50,10,15,0.2,0.013333333333333334,0.6,0.0001,0,17001,27001,37001,8,200,1000,5.0,,,1,ncf_select,3f1af891264523591d3a4ef1df6878cb41b2ed518e7e2cf0e492161b72013888,True,L_IG,NCF official release 150_20_hist.npy (150 ADE20K classes x 20 palettes),,"{""global_scene"": 1.0}",True,population,CIELab_D65_L_0_100_ab_signed,apparel,20,True,True,9,14,13,ade093_apparel_12,22.319281731776762,1.164320446521318,0,0.0044153593480587006,0.0,0.0,0.3225148618221283,7.548335075378418,0.20809851783457134,0.0,1.0,1.209959938619046,0.0001,2.5619573773774116,0,True,0.0001,23.523149998259584,0,True
50,10,15,0.2,0.013333333333333334,0.6,0.0001,0,17001,27001,37001,8,200,1000,5.0,,,1,ncf_select,3f1af891264523591d3a4ef1df6878cb41b2ed518e7e2cf0e492161b72013888,True,L_IG,NCF official release 150_20_hist.npy (150 ADE20K classes x 20 palettes),,"{""global_scene"": 1.0}",True,population,CIELab_D65_L_0_100_ab_signed,apparel,20,True,True,9,15,14,ade093_apparel_06,32.73356054777676,1.6121630916815244,0,0.004561473149806261,0.0,0.0,0.3171730041503906,6.377588748931885,0.20809851783457134,0.0,1.0,1.6893467459835592,0.0001,2.5619573773774116,0,True,0.0001,65.62825536200938,0,True
50,10,15,0.2,0.013333333333333334,0.6,0.0001,0,17001,27001,37001,8,200,1000,5.0,,,1,ncf_select,3f1af891264523591d3a4ef1df6878cb41b2ed518e7e2cf0e492161b72013888,True,L_IG,NCF official release 150_20_hist.npy (150 ADE20K classes x 20 palettes),,"{""global_scene"": 1.0}",True,population,CIELab_D65_L_0_100_ab_signed,apparel,20,True,True,9,16,15,ade093_apparel_05,3.775597514223236,0.6748377396676781,0,0.004178531002253294,0.0,0.0,0.1032257080078125,6.400187969207764,0.20809851783457134,0.0,1.0,0.6665319480830022,0.0001,2.5619573773774116,0,True,0.0001,13.540321523783662,0,True
50,10,15,0.2,0.013333333333333334,0.6,0.0001,0,17001,27001,37001,8,200,1000,5.0,,,1,ncf_select,3f1af891264523591d3a4ef1df6878cb41b2ed518e7e2cf0e492161b72013888,True,L_IG,NCF official release 150_20_hist.npy (150 ADE20K classes x 20 palettes),,"{""global_scene"": 1.0}",True,population,CIELab_D65_L_0_100_ab_signed,apparel,20,True,True,9,17,16,ade093_apparel_04,6.219713140776761,1.7321211250724349,0,0.004211270250380039,0.0,0.0,0.3007291257381439,5.8918914794921875,0.20809851783457134,0.0,1.0,1.7885828378954691,0.0001,2.5619573773774116,0,True,0.0001,114.76474655893715,0,True
50,10,15,0.2,0.013333333333333334,0.6,0.0001,0,17001,27001,37001,8,200,1000,5.0,,,1,ncf_select,3f1af891264523591d3a4ef1df6878cb41b2ed518e7e2cf0e492161b72013888,True,L_IG,NCF official release 150_20_hist.npy (150 ADE20K classes x 20 palettes),,"{""global_scene"": 1.0}",True,population,CIELab_D65_L_0_100_ab_signed,apparel,20,True,True,9,18,17,ade093_apparel_09,0.01659712422323878,1.070617584211453,0,0.004381686449050903,0.0,0.0,0.2204996794462204,4.822013854980469,0.20809851783457134,0.0,1.0,1.0950921587296996,0.0001,2.5619573773774116,0,True,0.0001,42.96146995103422,0,True
50,10,15,0.2,0.013333333333333334,0.6,0.0001,0,17001,27001,37001,8,200,1000,5.0,,,1,ncf_select,3f1af891264523591d3a4ef1df6878cb41b2ed518e7e2cf0e492161b72013888,True,L_IG,NCF official release 150_20_hist.npy (150 ADE20K classes x 20 palettes),,"{""global_scene"": 1.0}",True,population,CIELab_D65_L_0_100_ab_signed,apparel,20,True,True,9,19,18,ade093_apparel_11,40.13873903077676,1.2314364848217625,0,0.004516494460403919,0.0,0.0,0.3700103759765625,8.585206031799316,0.20809851783457134,0.0,1.0,1.311809474530624,0.0001,2.5619573773774116,0,True,0.0001,22.59875470283781,0,True
50,10,15,0.2,0.013333333333333334,0.6,0.0001,0,17001,27001,37001,8,200,1000,5.0,,,1,ncf_select,3f1af891264523591d3a4ef1df6878cb41b2ed518e7e2cf0e492161b72013888,True,L_IG,NCF official release 150_20_hist.npy (150 ADE20K classes x 20 palettes),,"{""global_scene"": 1.0}",True,population,CIELab_D65_L_0_100_ab_signed,apparel,20,True,True,9,20,19,ade093_apparel_01,19.229243914223233,0.9723359643390953,0,0.003873163601383567,0.0,0.0,0.09228134155273438,3.5992369651794434,0.20809851783457134,0.0,1.0,0.9680062551450832,0.0001,2.5619573773774116,0,True,0.0001,12.05742349660714,0,True
50,10,15,0.2,0.013333333333333334,0.6,0.0001,0,17001,27001,37001,8,200,1000,5.0,,,1,ncf_select,3f1af891264523591d3a4ef1df6878cb41b2ed518e7e2cf0e492161b72013888,True,L_IG,NCF official release 150_20_hist.npy (150 ADE20K classes x 20 palettes),,"{""global_scene"": 1.0}",True,population,CIELab_D65_L_0_100_ab_signed,apparel,20,True,True,9,21,20,ade093_apparel_13,16.484754753776762,0.8096338947218743,0,0.0047223265282809734,0.0,0.0,0.0202484130859375,3.8241829872131348,0.20809851783457134,0.0,1.0,0.7816295969003764,0.0001,2.5619573773774116,0,True,0.0001,5.005578498102056,0,True
50,10,15,0.2,0.013333333333333334,0.6,0.0001,0,17001,27001,37001,8,200,1000,5.0,,,1,ncf_select,3f1af891264523591d3a4ef1df6878cb41b2ed518e7e2cf0e492161b72013888,True,L_IG,NCF official release 150_20_hist.npy (150 ADE20K classes x 20 palettes),,"{""global_scene"": 1.0}",True,population,CIELab_D65_L_0_100_ab_signed,apparel,20,True,True,9,22,21,ade093_apparel_00,4.448400200223233,0.7174915710329959,0,0.004987236112356186,0.0,0.0,0.009675344452261925,2.762421131134033,0.20809851783457134,0.0,1.0,0.7529394046989415,0.0001,2.5619573773774116,0,True,0.0001,13.678486643097541,0,True
50,10,15,0.2,0.013333333333333334,0.6,0.0001,0,17001,27001,37001,8,200,1000,5.0,,,1,ncf_select,3f1af891264523591d3a4ef1df6878cb41b2ed518e7e2cf0e492161b72013888,True,L_IG,NCF official release 150_20_hist.npy (150 ADE20K classes x 20 palettes),,"{""global_scene"": 1.0}",True,population,CIELab_D65_L_0_100_ab_signed,apparel,20,True,True,9,23,22,ade093_apparel_08,23.19436835377676,0.8975228416594827,0,0.005095633678138256,0.0,0.0,0.1070048063993454,6.17667293548584,0.20809851783457134,0.0,1.0,0.9053942154312871,0.0001,2.5619573773774116,0,True,0.0001,9.44909492151317,0,True
50,10,15,0.2,0.013333333333333334,0.6,0.0001,0,17001,27001,37001,8,200,1000,5.0,,,1,ncf_select,3f1af891264523591d3a4ef1df6878cb41b2ed518e7e2cf0e492161b72013888,True,L_IG,NCF official release 150_20_hist.npy (150 ADE20K classes x 20 palettes),,"{""global_scene"": 1.0}",True,population,CIELab_D65_L_0_100_ab_signed,apparel,20,True,True,9,24,23,ade093_apparel_12,22.319281731776762,1.164320446521318,0,0.0044153593480587006,0.0,0.0,0.3225148618221283,7.548335075378418,0.20809851783457134,0.0,1.0,1.209959938619046,0.0001,2.5619573773774116,0,True,0.0001,23.523149998259584,0,True
50,10,15,0.2,0.013333333333333334,0.6,0.0001,0,17001,27001,37001,8,200,1000,5.0,,,1,ncf_select,3f1af891264523591d3a4ef1df6878cb41b2ed518e7e2cf0e492161b72013888,True,L_IG,NCF official release 150_20_hist.npy (150 ADE20K classes x 20 palettes),,"{""global_scene"": 1.0}",True,population,CIELab_D65_L_0_100_ab_signed,apparel,20,True,True,9,25,24,ade093_apparel_06,32.73356054777676,1.6121630916815244,0,0.004561473149806261,0.0,0.0,0.3171730041503906,6.377588748931885,0.20809851783457134,0.0,1.0,1.6893467459835592,0.0001,2.5619573773774116,0,True,0.0001,65.62825536200938,0,True
50,10,15,0.2,0.013333333333333334,0.6,0.0001,0,17001,27001,37001,8,200,1000,5.0,,,1,ncf_select,3f1af891264523591d3a4ef1df6878cb41b2ed518e7e2cf0e492161b72013888,True,L_IG,NCF official release 150_20_hist.npy (150 ADE20K classes x 20 palettes),,"{""global_scene"": 1.0}",True,population,CIELab_D65_L_0_100_ab_signed,apparel,20,True,True,9,26,25,ade093_apparel_03,13.549542679776764,0.8834133527373681,0,0.005358285736292601,0.0,0.0,0.0318349227309227,3.704119920730591,0.20809851783457134,0.0,1.0,0.8935820388926041,0.0001,2.5619573773774116,0,True,0.0001,7.579103240094226,0,True
50,10,15,0.2,0.013333333333333334,0.6,0.0001,0,17001,27001,37001,8,200,1000,5.0,,,1,ncf_select,3f1af891264523591d3a4ef1df6878cb41b2ed518e7e2cf0e492161b72013888,True,L_IG,NCF official release 150_20_hist.npy (150 ADE20K classes x 20 palettes),,"{""global_scene"": 1.0}",True,population,CIELab_D65_L_0_100_ab_signed,apparel,20,True,True,9,27,26,ade093_apparel_00,4.448400200223233,0.7174915710329959,0,0.004987236112356186,0.0,0.0,0.009675344452261925,2.762421131134033,0.20809851783457134,0.0,1.0,0.7529394046989415,0.0001,2.5619573773774116,0,True,0.0001,13.678486643097541,0,True
50,10,15,0.2,0.013333333333333334,0.6,0.0001,0,17001,27001,37001,8,200,1000,5.0,,,1,ncf_select,3f1af891264523591d3a4ef1df6878cb41b2ed518e7e2cf0e492161b72013888,True,L_IG,NCF official release 150_20_hist.npy (150 ADE20K classes x 20 palettes),,"{""global_scene"": 1.0}",True,population,CIELab_D65_L_0_100_ab_signed,apparel,20,True,True,9,28,27,ade093_apparel_02,21.569348471776763,1.9968806205849183,0,0.004583556670695543,0.0,0.0,0.33203762769699097,4.497076034545898,0.20809851783457134,0.0,1.0,2.065004000582482,0.0001,2.5619573773774116,0,True,0.0001,69.36432648787414,0,True
50,10,15,0.2,0.013333333333333334,0.6,0.0001,0,17001,27001,37001,8,200,1000,5.0,,,1,ncf_select,3f1af891264523591d3a4ef1df6878cb41b2ed518e7e2cf0e492161b72013888,True,L_IG,NCF official release 150_20_hist.npy (150 ADE20K classes x 20 palettes),,"{""global_scene"": 1.0}",True,population,CIELab_D65_L_0_100_ab_signed,apparel,20,True,True,9,29,28,ade093_apparel_04,6.219713140776761,1.7321211250724349,0,0.004211270250380039,0.0,0.0,0.3007291257381439,5.8918914794921875,0.20809851783457134,0.0,1.0,1.7885828378954691,0.0001,2.5619573773774116,0,True,0.0001,114.76474655893715,0,True
50,10,15,0.2,0.013333333333333334,0.6,0.0001,0,17001,27001,37001,8,200,1000,5.0,,,1,ncf_select,3f1af891264523591d3a4ef1df6878cb41b2ed518e7e2cf0e492161b72013888,True,L_IG,NCF official release 150_20_hist.npy (150 ADE20K classes x 20 palettes),,"{""global_scene"": 1.0}",True,population,CIELab_D65_L_0_100_ab_signed,apparel,20,True,True,9,30,29,ade093_apparel_05,3.775597514223236,0.6748377396676781,0,0.004178531002253294,0.0,0.0,0.1032257080078125,6.400187969207764,0.20809851783457134,0.0,1.0,0.6665319480830022,0.0001,2.5619573773774116,0,True,0.0001,13.540321523783662,0,True
50,10,15,0.2,0.013333333333333334,0.6,0.0001,0,17001,27001,37001,8,200,1000,5.0,,,1,ncf_select,3f1af891264523591d3a4ef1df6878cb41b2ed518e7e2cf0e492161b72013888,True,L_IG,NCF official release 150_20_hist.npy (150 ADE20K classes x 20 palettes),,"{""global_scene"": 1.0}",True,population,CIELab_D65_L_0_100_ab_signed,apparel,20,True,True,9,31,30,ade093_apparel_02,21.569348471776763,1.9968806205849183,0,0.004583556670695543,0.0,0.0,0.33203762769699097,4.497076034545898,0.20809851783457134,0.0,1.0,2.065004000582482,0.0001,2.5619573773774116,0,True,0.0001,69.36432648787414,0,True
50,10,15,0.2,0.013333333333333334,0.6,0.0001,0,17001,27001,37001,8,200,1000,5.0,,,1,ncf_select,3f1af891264523591d3a4ef1df6878cb41b2ed518e7e2cf0e492161b72013888,True,L_IG,NCF official release 150_20_hist.npy (150 ADE20K classes x 20 palettes),,"{""global_scene"": 1.0}",True,population,CIELab_D65_L_0_100_ab_signed,apparel,20,True,True,9,32,31,ade093_apparel_10,0.6310570902232371,1.638137277742129,0,0.0047023845836520195,0.0,0.0,0.17089971899986267,1.9284114837646484,0.20809851783457134,0.0,1.0,1.6851142953234455,0.0001,2.5619573773774116,0,True,0.0001,39.50365121660779,0,True
50,10,15,0.2,0.013333333333333334,0.6,0.0001,0,17001,27001,37001,8,200,1000,5.0,,,1,ncf_select,3f1af891264523591d3a4ef1df6878cb41b2ed518e7e2cf0e492161b72013888,True,L_IG,NCF official release 150_20_hist.npy (150 ADE20K classes x 20 palettes),,"{""global_scene"": 1.0}",True,population,CIELab_D65_L_0_100_ab_signed,apparel,20,True,True,9,33,32,ade093_apparel_08,23.19436835377676,0.8975228416594827,0,0.005095633678138256,0.0,0.0,0.1070048063993454,6.17667293548584,0.20809851783457134,0.0,1.0,0.9053942154312871,0.0001,2.5619573773774116,0,True,0.0001,9.44909492151317,0,True
50,10,15,0.2,0.013333333333333334,0.6,0.0001,0,17001,27001,37001,8,200,1000,5.0,,,1,ncf_select,3f1af891264523591d3a4ef1df6878cb41b2ed518e7e2cf0e492161b72013888,True,L_IG,NCF official release 150_20_hist.npy (150 ADE20K classes x 20 palettes),,"{""global_scene"": 1.0}",True,population,CIELab_D65_L_0_100_ab_signed,apparel,20,True,True,9,34,33,ade093_apparel_08,23.19436835377676,0.8975228416594827,0,0.005095633678138256,0.0,0.0,0.1070048063993454,6.17667293548584,0.20809851783457134,0.0,1.0,0.9053942154312871,0.0001,2.5619573773774116,0,True,0.0001,9.44909492151317,0,True
50,10,15,0.2,0.013333333333333334,0.6,0.0001,0,17001,27001,37001,8,200,1000,5.0,,,1,ncf_select,3f1af891264523591d3a4ef1df6878cb41b2ed518e7e2cf0e492161b72013888,True,L_IG,NCF official release 150_20_hist.npy (150 ADE20K classes x 20 palettes),,"{""global_scene"": 1.0}",True,population,CIELab_D65_L_0_100_ab_signed,apparel,20,True,True,9,35,34,ade093_apparel_00,4.448400200223233,0.7174915710329959,0,0.004987236112356186,0.0,0.0,0.009675344452261925,2.762421131134033,0.20809851783457134,0.0,1.0,0.7529394046989415,0.0001,2.5619573773774116,0,True,0.0001,13.678486643097541,0,True
50,10,15,0.2,0.013333333333333334,0.6,0.0001,0,17001,27001,37001,8,200,1000,5.0,,,1,ncf_select,3f1af891264523591d3a4ef1df6878cb41b2ed518e7e2cf0e492161b72013888,True,L_IG,NCF official release 150_20_hist.npy (150 ADE20K classes x 20 palettes),,"{""global_scene"": 1.0}",True,population,CIELab_D65_L_0_100_ab_signed,apparel,20,True,True,9,36,35,ade093_apparel_10,0.6310570902232371,1.638137277742129,0,0.0047023845836520195,0.0,0.0,0.17089971899986267,1.9284114837646484,0.20809851783457134,0.0,1.0,1.6851142953234455,0.0001,2.5619573773774116,0,True,0.0001,39.50365121660779,0,True
50,10,15,0.2,0.013333333333333334,0.6,0.0001,0,17001,27001,37001,8,200,1000,5.0,,,1,ncf_select,3f1af891264523591d3a4ef1df6878cb41b2ed518e7e2cf0e492161b72013888,True,L_IG,NCF official release 150_20_hist.npy (150 ADE20K classes x 20 palettes),,"{""global_scene"": 1.0}",True,population,CIELab_D65_L_0_100_ab_signed,apparel,20,True,True,9,37,36,ade093_apparel_06,32.73356054777676,1.6121630916815244,0,0.004561473149806261,0.0,0.0,0.3171730041503906,6.377588748931885,0.20809851783457134,0.0,1.0,1.6893467459835592,0.0001,2.5619573773774116,0,True,0.0001,65.62825536200938,0,True
50,10,15,0.2,0.013333333333333334,0.6,0.0001,0,17001,27001,37001,8,200,1000,5.0,,,1,ncf_select,3f1af891264523591d3a4ef1df6878cb41b2ed518e7e2cf0e492161b72013888,True,L_IG,NCF official release 150_20_hist.npy (150 ADE20K classes x 20 palettes),,"{""global_scene"": 1.0}",True,population,CIELab_D65_L_0_100_ab_signed,apparel,20,True,True,9,38,37,ade093_apparel_08,23.19436835377676,0.8975228416594827,0,0.005095633678138256,0.0,0.0,0.1070048063993454,6.17667293548584,0.20809851783457134,0.0,1.0,0.9053942154312871,0.0001,2.5619573773774116,0,True,0.0001,9.44909492151317,0,True
50,10,15,0.2,0.013333333333333334,0.6,0.0001,0,17001,27001,37001,8,200,1000,5.0,,,1,ncf_select,3f1af891264523591d3a4ef1df6878cb41b2ed518e7e2cf0e492161b72013888,True,L_IG,NCF official release 150_20_hist.npy (150 ADE20K classes x 20 palettes),,"{""global_scene"": 1.0}",True,population,CIELab_D65_L_0_100_ab_signed,apparel,20,True,True,9,39,38,ade093_apparel_05,3.775597514223236,0.6748377396676781,0,0.004178531002253294,0.0,0.0,0.1032257080078125,6.400187969207764,0.20809851783457134,0.0,1.0,0.6665319480830022,0.0001,2.5619573773774116,0,True,0.0001,13.540321523783662,0,True
50,10,15,0.2,0.013333333333333334,0.6,0.0001,0,17001,27001,37001,8,200,1000,5.0,,,1,ncf_select,3f1af891264523591d3a4ef1df6878cb41b2ed518e7e2cf0e492161b72013888,True,L_IG,NCF official release 150_20_hist.npy (150 ADE20K classes x 20 palettes),,"{""global_scene"": 1.0}",True,population,CIELab_D65_L_0_100_ab_signed,apparel,20,True,True,9,40,39,ade093_apparel_12,22.319281731776762,1.164320446521318,0,0.0044153593480587006,0.0,0.0,0.3225148618221283,7.548335075378418,0.20809851783457134,0.0,1.0,1.209959938619046,0.0001,2.5619573773774116,0,True,0.0001,23.523149998259584,0,True
50,10,15,0.2,0.013333333333333334,0.6,0.0001,0,17001,27001,37001,8,200,1000,5.0,,,1,ncf_select,3f1af891264523591d3a4ef1df6878cb41b2ed518e7e2cf0e492161b72013888,True,L_IG,NCF official release 150_20_hist.npy (150 ADE20K classes x 20 palettes),,"{""global_scene"": 1.0}",True,population,CIELab_D65_L_0_100_ab_signed,apparel,20,True,True,9,41,40,ade093_apparel_07,34.29067067377676,1.566753076249718,0,0.004495186265558004,0.0,0.0,0.32716116309165955,5.942652702331543,0.20809851783457134,0.0,1.0,1.6506155227261219,0.0001,2.5619573773774116,0,True,0.0001,74.84193240129349,0,True
50,10,15,0.2,0.013333333333333334,0.6,0.0001,0,17001,27001,37001,8,200,1000,5.0,,,1,ncf_select,3f1af891264523591d3a4ef1df6878cb41b2ed518e7e2cf0e492161b72013888,True,L_IG,NCF official release 150_20_hist.npy (150 ADE20K classes x 20 palettes),,"{""global_scene"": 1.0}",True,population,CIELab_D65_L_0_100_ab_signed,apparel,20,True,True,9,42,41,ade093_apparel_07,34.29067067377676,1.566753076249718,0,0.004495186265558004,0.0,0.0,0.32716116309165955,5.942652702331543,0.20809851783457134,0.0,1.0,1.6506155227261219,0.0001,2.5619573773774116,0,True,0.0001,74.84193240129349,0,True
50,10,15,0.2,0.013333333333333334,0.6,0.0001,0,17001,27001,37001,8,200,1000,5.0,,,1,ncf_select,3f1af891264523591d3a4ef1df6878cb41b2ed518e7e2cf0e492161b72013888,True,L_IG,NCF official release 150_20_hist.npy (150 ADE20K classes x 20 palettes),,"{""global_scene"": 1.0}",True,population,CIELab_D65_L_0_100_ab_signed,apparel,20,True,True,9,43,42,ade093_apparel_17,47.619535516776764,1.0401231017119834,0,0.004275679122656584,0.0,0.0,0.3259696960449219,8.560419082641602,0.20809851783457134,0.0,1.0,1.0949912956088097,0.0001,2.5619573773774116,0,True,0.0001,25.57759225725133,0,True
50,10,15,0.2,0.013333333333333334,0.6,0.0001,0,17001,27001,37001,8,200,1000,5.0,,,1,ncf_select,3f1af891264523591d3a4ef1df6878cb41b2ed518e7e2cf0e492161b72013888,True,L_IG,NCF official release 150_20_hist.npy (150 ADE20K classes x 20 palettes),,"{""global_scene"": 1.0}",True,population,CIELab_D65_L_0_100_ab_signed,apparel,20,True,True,9,44,43,ade093_apparel_15,34.016586800776764,1.5361091176124024,0,0.004009880591183901,0.0,0.0,0.3591957092285156,6.969758987426758,0.20809851783457134,0.0,1.0,1.6376748125897926,0.0001,2.5619573773774116,0,True,0.0001,20.418064158211717,0,True
50,10,15,0.2,0.013333333333333334,0.6,0.0001,0,17001,27001,37001,8,200,1000,5.0,,,1,ncf_select,3f1af891264523591d3a4ef1df6878cb41b2ed518e7e2cf0e492161b72013888,True,L_IG,NCF official release 150_20_hist.npy (150 ADE20K classes x 20 palettes),,"{""global_scene"": 1.0}",True,population,CIELab_D65_L_0_100_ab_signed,apparel,20,True,True,9,45,44,ade093_apparel_14,24.805494096776762,1.0119734756663263,0,0.004154373425990343,0.0,0.0,0.11578115075826645,5.141998767852783,0.20809851783457134,0.0,1.0,1.023790777566242,0.0001,2.5619573773774116,0,True,0.0001,9.658400125455254,0,True
50,10,15,0.2,0.013333333333333334,0.6,0.0001,0,17001,27001,37001,8,200,1000,5.0,,,1,ncf_select,3f1af891264523591d3a4ef1df6878cb41b2ed518e7e2cf0e492161b72013888,True,L_IG,NCF official release 150_20_hist.npy (150 ADE20K classes x 20 palettes),,"{""global_scene"": 1.0}",True,population,CIELab_D65_L_0_100_ab_signed,apparel,20,True,True,9,46,45,ade093_apparel_03,13.549542679776764,0.8834133527373681,0,0.005358285736292601,0.0,0.0,0.0318349227309227,3.704119920730591,0.20809851783457134,0.0,1.0,0.8935820388926041,0.0001,2.5619573773774116,0,True,0.0001,7.579103240094226,0,True
50,10,15,0.2,0.013333333333333334,0.6,0.0001,0,17001,27001,37001,8,200,1000,5.0,,,1,ncf_select,3f1af891264523591d3a4ef1df6878cb41b2ed518e7e2cf0e492161b72013888,True,L_IG,NCF official release 150_20_hist.npy (150 ADE20K classes x 20 palettes),,"{""global_scene"": 1.0}",True,population,CIELab_D65_L_0_100_ab_signed,apparel,20,True,True,9,47,46,ade093_apparel_17,47.619535516776764,1.0401231017119834,0,0.004275679122656584,0.0,0.0,0.3259696960449219,8.560419082641602,0.20809851783457134,0.0,1.0,1.0949912956088097,0.0001,2.5619573773774116,0,True,0.0001,25.57759225725133,0,True
50,10,15,0.2,0.013333333333333334,0.6,0.0001,0,17001,27001,37001,8,200,1000,5.0,,,1,ncf_select,3f1af891264523591d3a4ef1df6878cb41b2ed518e7e2cf0e492161b72013888,True,L_IG,NCF official release 150_20_hist.npy (150 ADE20K classes x 20 palettes),,"{""global_scene"": 1.0}",True,population,CIELab_D65_L_0_100_ab_signed,apparel,20,True,True,9,48,47,ade093_apparel_16,48.19531019277676,0.6834396288863396,0,0.003508317284286022,0.0,0.0,0.34098944067955017,9.172623634338379,0.20809851783457134,0.0,1.0,0.6285960195108868,0.0001,2.5619573773774116,0,True,0.0001,3.1442108354330105,0,True
50,10,15,0.2,0.013333333333333334,0.6,0.0001,0,17001,27001,37001,8,200,1000,5.0,,,1,ncf_select,3f1af891264523591d3a4ef1df6878cb41b2ed518e7e2cf0e492161b72013888,True,L_IG,NCF official release 150_20_hist.npy (150 ADE20K classes x 20 palettes),,"{""global_scene"": 1.0}",True,population,CIELab_D65_L_0_100_ab_signed,apparel,20,True,True,9,49,48,ade093_apparel_12,22.319281731776762,1.164320446521318,0,0.0044153593480587006,0.0,0.0,0.3225148618221283,7.548335075378418,0.20809851783457134,0.0,1.0,1.209959938619046,0.0001,2.5619573773774116,0,True,0.0001,23.523149998259584,0,True
50,10,15,0.2,0.013333333333333334,0.6,0.0001,0,17001,27001,37001,8,200,1000,5.0,,,1,ncf_select,3f1af891264523591d3a4ef1df6878cb41b2ed518e7e2cf0e492161b72013888,True,L_IG,NCF official release 150_20_hist.npy (150 ADE20K classes x 20 palettes),,"{""global_scene"": 1.0}",True,population,CIELab_D65_L_0_100_ab_signed,apparel,20,True,True,9,50,49,ade093_apparel_17,47.619535516776764,1.0401231017119834,0,0.004275679122656584,0.0,0.0,0.3259696960449219,8.560419082641602,0.20809851783457134,0.0,1.0,1.0949912956088097,0.0001,2.5619573773774116,0,True,0.0001,25.57759225725133,0,True
