image,class,generation,evaluation,score,id_norm,dir_norm,use_norm,subject_lost,subject_id_def,subject_box_iou_edit_def,align_def,align_gain_def,clip_s_def,niqe_def,latent_l2,hf_rgb_total,niqe_input,niqe_original,rejected,support_deltaE00,delta_e_cap,knob_face_grid,knob_face_sigma,knob_face_scale,knob_face_amplitude,knob_frame_grid,knob_frame_sigma,knob_frame_scale,knob_frame_amplitude,knob_clothes_grid,knob_clothes_sigma,knob_clothes_scale,knob_clothes_amplitude,knob_face_palette,knob_clothes_palette,knob_lock_luminance,knob_field_seed
task_attr_mod_color_123744,hat,1,1,0.95047,0.996833,0.659189,0.936577,0,0.90032,0.91846,0.20163,0.00955,0.051,2.57573,31.9576,0.89512,2.34443,2.26012,0,9.5032,16.0,1,24.0,0.0,0.05,1,24.0,0.0,0.5,1,24.0,0.0,0.5,0,0,1,0
task_attr_mod_color_123744,hat,2,2,0.961419,0.95972,0.298905,0.963243,0,0.8668,0.89038,0.20827,0.00433,0.0185,2.50442,39.3217,0.94865,2.35074,2.26012,0,12.9905,16.0,8,20.714,0.0,0.239,1,8.336,0.2118,0.7786,1,19.483,0.0,0.5605,0,7,1,43
task_attr_mod_color_123744,hat,2,3,0.965535,1.0,0.786577,0.952268,0,0.92208,0.93707,0.19897,0.01139,0.05676,2.53328,52.5795,0.89538,2.34664,2.26012,0,15.847,16.0,1,28.179,0.0,0.05,2,32.0,0.4934,0.7576,1,32.0,0.0,0.237,0,0,1,0
task_attr_mod_color_123744,hat,2,4,0.979896,0.998328,0.845489,0.969534,0,0.90167,0.9074,0.20359,0.01224,0.07131,2.48817,18.7097,0.91532,2.34809,2.26012,0,3.7331,16.0,1,30.079,0.0,0.1361,1,18.392,0.1435,0.1947,1,27.227,0.0,0.1959,0,0,1,0
task_attr_mod_color_123744,hat,2,5,0.977745,0.991253,0.88511,0.969076,0,0.89528,0.90661,0.20477,0.01282,0.07028,2.48935,26.7552,0.9148,2.33758,2.26012,0,5.1652,16.0,16,23.603,0.0329,0.05,4,32.0,0.092,0.1903,1,16.597,0.6947,0.5123,0,0,1,997
task_attr_mod_color_123744,hat,2,6,0.968599,0.997177,1.0,0.956045,0,0.90063,0.91201,0.2052,0.01547,0.08189,2.52328,23.7503,0.93007,2.33818,2.26012,0,3.4985,16.0,1,20.237,0.0,0.4595,4,32.0,0.2276,0.05,1,32.0,0.4032,0.519,1,4,1,6
task_attr_mod_color_123744,hat,2,7,0.883626,0.994553,0.588982,0.873728,0,0.89826,0.96661,0.19887,0.00853,0.04371,2.761,32.7257,0.90565,2.34287,2.26012,0,7.3006,16.0,1,32.0,0.0,0.2003,1,31.966,0.0,0.286,1,22.218,0.0,0.7818,2,0,1,0
task_attr_mod_color_123744,hat,2,8,0.891349,0.99556,0.805639,0.880842,0,0.89917,0.93314,0.20233,0.01167,0.06646,2.7387,23.0157,0.91408,2.33878,2.26012,0,3.9359,16.0,1,30.361,0.0,0.05,4,32.0,0.0,0.1164,1,32.0,0.0,0.4896,3,0,1,0
task_attr_mod_color_123744,hat,2,9,0.964386,0.996867,1.0,0.951323,0,0.90035,0.93949,0.212,0.01957,0.1121,2.5358,31.2475,0.94412,2.33537,2.26012,0,6.4041,16.0,1,22.659,0.0,0.05,1,24.049,0.1222,0.2273,1,32.0,1.0315,0.7553,13,5,1,457
task_attr_mod_color_123744,hat,2,10,0.963593,1.0,0.694127,0.950157,0,0.91289,0.91417,0.20446,0.01005,0.05643,2.53891,33.6116,0.89094,2.35995,2.26012,0,10.1468,16.0,2,25.002,0.0,0.05,1,31.035,0.0,0.654,2,32.0,0.0,0.4803,8,8,1,0
task_attr_mod_color_123744,hat,3,11,0.980605,0.977701,0.053604,0.983891,0,0.88304,0.9163,0.1967,0.00078,0.00442,2.45186,45.1143,0.93956,2.31948,2.26012,0,12.755,16.0,4,32.0,0.0,0.3145,1,20.042,0.8048,0.5264,1,10.087,0.0,0.5827,0,4,1,0
task_attr_mod_color_123744,hat,3,12,0.922692,0.996346,0.819328,0.909678,0,0.89988,0.94733,0.20225,0.01186,0.06085,2.65189,35.1601,0.89837,2.36122,2.26012,0,7.659,16.0,1,32.0,0.0456,0.05,2,22.549,0.2877,0.275,4,23.495,0.2792,0.8834,0,0,1,16
task_attr_mod_color_123744,hat,3,13,0.911444,0.985385,0.561176,0.898449,0,0.88998,0.93613,0.20226,0.00813,0.04225,2.68503,36.1547,0.90066,2.34912,2.26012,0,9.8676,16.0,1,32.0,0.0,0.0693,1,32.0,0.1368,0.4307,1,30.671,0.2102,0.7616,0,10,1,0
task_attr_mod_color_123744,hat,3,14,0.888537,0.995494,0.828608,0.878278,0,0.89911,0.97406,0.20264,0.012,0.07076,2.7467,20.5598,0.92098,2.33576,2.26012,0,2.7722,16.0,1,32.0,0.0,0.05,1,12.997,0.3325,0.05,1,20.764,0.0,0.4292,0,0,1,97
task_attr_mod_color_123744,hat,3,15,0.964679,1.0,0.71347,0.951334,0,0.90497,0.92587,0.20224,0.01033,0.06087,2.53577,25.2579,0.90085,2.34193,2.26012,0,7.2951,16.0,2,27.764,0.0596,0.365,2,31.283,0.0,0.4276,1,26.856,0.8143,0.256,3,3,1,258
task_attr_mod_color_123744,hat,3,16,0.923305,1.0,0.697823,0.9105,0,0.92351,0.94509,0.19985,0.0101,0.05311,2.64949,44.575,0.90521,2.37165,2.26012,0,11.3962,16.0,2,32.0,0.3676,0.1649,2,32.0,0.705,0.5047,1,32.0,0.5318,0.533,0,5,1,0
task_attr_mod_color_123744,hat,3,17,0.975004,0.996114,0.899486,0.963917,0,0.89967,0.94589,0.20324,0.01302,0.0716,2.50267,26.0617,0.90021,2.34109,2.26012,0,5.7885,16.0,2,32.0,0.0,0.05,1,32.0,0.368,0.2608,1,13.827,0.0,0.8049,0,3,1,0
task_attr_mod_color_123744,hat,3,18,0.958737,0.986138,0.865431,0.946368,0,0.89066,0.93267,0.20171,0.01253,0.068,2.54908,29.1111,0.91786,2.33631,2.26012,0,4.8176,16.0,1,31.366,0.3305,0.2621,1,32.0,0.0,0.05,16,20.4,1.0275,0.7131,8,0,1,0
task_attr_mod_color_123744,hat,3,19,0.955786,0.99143,1.0,0.942413,0,0.89544,0.92517,0.20974,0.01692,0.09394,2.55977,38.59,0.93404,2.35136,2.26012,0,9.6117,16.0,1,29.846,0.0,0.174,4,26.818,0.2704,0.5463,2,29.574,0.0,0.8451,5,4,1,0
task_attr_mod_color_123744,hat,4,20,0.882325,0.990323,0.659036,0.872161,0,0.89444,0.92102,0.20027,0.00954,0.04681,2.76596,33.6995,0.89882,2.35712,2.26012,0,9.6747,16.0,1,24.475,0.1832,0.0623,1,21.137,0.1252,0.4581,1,29.316,0.0,0.7015,0,0,1,86
task_attr_mod_color_123744,hat,4,21,1000.0,1.0,0.473623,0.908646,0,0.92711,0.95754,0.19558,0.00686,0.0351,2.6549,72.7066,0.72418,2.57725,2.26012,1,20.7173,16.0,4,32.0,0.0,0.3682,2,32.0,0.4226,0.6514,2,16.482,0.0,0.9598,1,4,0,313
task_attr_mod_color_123744,hat,4,22,0.975687,0.997099,0.878918,0.964525,0,0.90056,0.93464,0.20716,0.01273,0.06423,2.50109,29.4224,0.95542,2.32142,2.26012,0,7.4606,16.0,1,28.269,0.0,0.3554,1,28.399,0.0,0.4921,1,20.034,0.7029,0.7739,0,2,1,0
task_attr_mod_color_123744,hat,4,23,0.917499,0.992571,0.640091,0.904581,0,0.89647,0.96621,0.20063,0.00927,0.05119,2.66683,28.7652,0.92359,2.3495,2.26012,0,5.1886,16.0,1,32.0,0.0,0.3742,1,31.631,0.0612,0.1117,2,21.245,0.0,0.704,5,0,1,148
task_attr_mod_color_123744,hat,4,24,0.947179,1.0,0.431328,0.933272,0,0.90792,0.92601,0.2008,0.00625,0.0374,2.58485,30.9195,0.89653,2.34049,2.26012,0,8.961,16.0,1,32.0,0.2884,0.3187,1,30.521,0.146,0.5693,1,28.157,0.0,0.4761,0,1,1,75
task_attr_mod_color_123744,hat,4,25,0.929518,0.994231,0.915112,0.915986,0,0.89797,0.94282,0.20349,0.01325,0.07277,2.63362,35.9037,0.90714,2.34921,2.26012,0,6.5735,16.0,1,32.0,0.0832,0.0984,2,25.804,0.0,0.1627,2,22.591,0.0,0.9498,0,0,1,40
task_attr_mod_color_123744,hat,4,26,0.918139,1.0,0.714138,0.905718,0,0.90388,0.92232,0.20186,0.01034,0.0498,2.66348,42.0012,0.8991,2.35554,2.26012,0,9.5503,16.0,2,29.713,0.1189,0.4008,8,29.964,0.0,0.362,1,10.635,0.2606,1.0,3,0,1,67
task_attr_mod_color_123744,hat,4,27,0.987456,0.987987,1.0,0.986936,0,0.89233,0.95815,0.21114,0.01704,0.07962,2.4443,38.5751,0.89383,2.36702,2.26012,0,9.3725,16.0,1,27.994,0.8116,0.2371,1,28.806,0.3755,0.4235,1,26.965,0.177,0.754,0,5,1,0
task_attr_mod_color_123744,hat,4,28,0.935266,0.983093,0.881632,0.921353,0,0.88791,0.92907,0.20453,0.01277,0.06759,2.61828,21.014,0.96197,2.31343,2.26012,0,2.9192,16.0,1,32.0,0.0,0.1802,1,32.0,0.0,0.05,1,25.45,0.0,1.0,7,2,1,162
task_attr_mod_color_123744,hat,5,29,0.952005,0.981986,1.0,0.939251,0,0.88691,0.91428,0.20631,0.01511,0.06403,2.56839,32.3008,0.93183,2.36139,2.26012,0,8.1401,16.0,2,21.744,0.0,0.1181,4,21.176,0.4106,0.5363,1,30.546,0.0,0.7882,0,2,1,125
task_attr_mod_color_123744,hat,5,30,0.905037,0.987788,0.666149,0.892685,0,0.89215,0.95549,0.20067,0.00965,0.04801,2.70237,34.0458,0.90072,2.3513,2.26012,0,9.1545,16.0,1,25.689,0.0019,0.2263,2,11.847,0.0616,0.4447,1,24.824,0.0,0.7131,2,0,1,22
task_attr_mod_color_123744,hat,5,31,0.959532,0.991087,0.660437,0.946577,0,0.89513,0.92192,0.20127,0.00956,0.04909,2.54851,29.8007,0.90576,2.34214,2.26012,0,7.881,16.0,4,26.626,0.3491,0.2055,1,12.686,0.3041,0.3686,1,30.743,0.0,0.6461,0,0,1,59
task_attr_mod_color_123744,hat,5,32,0.985823,0.979229,0.781749,0.994832,0,0.88442,0.9248,0.20698,0.01132,0.06112,2.4249,33.7968,0.8886,2.35051,2.26012,0,10.2948,16.0,2,29.73,0.2174,0.0653,1,18.789,0.4935,0.4447,1,29.575,0.245,0.4524,0,0,1,0
task_attr_mod_color_123744,hat,5,33,0.959442,1.0,0.775685,0.94574,0,0.90404,0.91157,0.20122,0.01123,0.05837,2.55077,34.7901,0.91214,2.36086,2.26012,0,9.4899,16.0,1,17.048,0.1834,0.05,1,10.28,0.2247,0.5338,2,30.353,0.3467,0.7411,0,1,1,305
task_attr_mod_color_123744,hat,5,34,0.962679,0.996003,1.0,0.949525,0,0.89957,0.93149,0.20909,0.01905,0.10113,2.5406,29.1095,0.93219,2.32535,2.26012,0,7.8647,16.0,1,17.338,0.1014,0.05,1,13.412,0.4364,0.3865,1,32.0,0.3347,0.5881,1,2,1,44
task_attr_mod_color_123744,hat,5,35,0.90438,0.996169,0.681117,0.892773,0,0.89972,0.93574,0.20056,0.00986,0.0514,2.7021,32.5951,0.90292,2.37081,2.26012,0,7.71,16.0,1,28.908,0.2718,0.05,1,26.247,0.0,0.3106,4,28.218,0.0859,0.7979,0,0,1,0
task_attr_mod_color_123744,hat,5,36,0.966199,1.0,0.604359,0.952996,0,0.90623,0.9336,0.2002,0.00875,0.05175,2.53135,27.2855,0.90044,2.36272,2.26012,0,6.8509,16.0,1,18.479,0.0015,0.1504,4,27.25,0.0441,0.3954,1,32.0,0.0203,0.7757,0,1,1,78
task_attr_mod_color_123744,hat,5,37,0.917813,0.993036,0.875859,0.904905,0,0.89689,0.96296,0.20403,0.01268,0.07085,2.66588,22.9504,0.91287,2.33615,2.26012,0,4.1903,16.0,1,27.795,0.2148,0.2067,1,15.693,0.1183,0.1339,1,28.208,0.0,0.4569,6,0,1,74
task_attr_mod_color_123744,hat,6,38,0.917049,0.991375,0.634458,0.90408,0,0.89539,0.95072,0.20044,0.00919,0.04675,2.66831,34.7938,0.89804,2.36545,2.26012,0,8.0978,16.0,1,22.926,0.2149,0.1541,2,28.751,0.0,0.3302,1,32.0,0.1904,0.8342,0,0,1,165
task_attr_mod_color_123744,hat,6,39,0.902675,0.994154,0.596762,0.891042,0,0.8979,0.92234,0.20065,0.00864,0.04365,2.70735,35.3049,0.89189,2.35703,2.26012,0,9.2996,16.0,1,25.366,0.0,0.0546,1,13.732,0.0864,0.4259,1,23.939,0.0,0.7927,0,0,1,22
task_attr_mod_color_123744,hat,6,40,0.952464,0.987699,0.434767,0.939126,0,0.89207,0.93294,0.19973,0.0063,0.03342,2.56873,33.8872,0.89499,2.34803,2.26012,0,10.6822,16.0,1,20.274,0.275,0.05,1,19.886,0.1215,0.5408,1,32.0,0.0,0.6387,0,0,1,27
task_attr_mod_color_123744,hat,6,41,0.970511,0.998926,0.550426,0.957982,0,0.90221,0.9188,0.20117,0.00797,0.0468,2.51817,32.3255,0.88867,2.35025,2.26012,0,9.8678,16.0,1,27.243,0.1951,0.05,1,23.455,0.0945,0.5652,1,30.347,0.0,0.8241,0,1,1,0
task_attr_mod_color_123744,hat,6,42,0.903214,0.993246,0.688437,0.891458,0,0.89708,0.91424,0.20116,0.00997,0.05249,2.70609,34.2823,0.89736,2.35845,2.26012,0,8.9796,16.0,2,24.829,0.4598,0.1277,2,18.644,0.1238,0.4249,1,29.257,0.0,0.7132,0,0,1,194
task_attr_mod_color_123744,hat,6,43,0.924438,0.99019,0.582364,0.910958,0,0.89432,0.92645,0.20271,0.00843,0.04309,2.64816,37.4194,0.88647,2.37122,2.26012,0,11.1353,16.0,1,22.254,0.5831,0.1558,1,17.603,0.1096,0.5859,2,27.997,0.4728,0.6891,0,0,1,96
task_attr_mod_color_123744,hat,6,44,0.917799,0.974656,0.631605,0.903969,0,0.88029,0.91205,0.20152,0.00915,0.04475,2.66864,40.6114,0.88358,2.34005,2.26012,0,12.1487,16.0,1,23.222,0.1558,0.1317,1,19.636,0.1163,0.5841,1,32.0,0.0,0.8921,2,0,1,116
task_attr_mod_color_123744,hat,6,45,0.99391,0.999247,0.925555,0.989517,0,0.9025,0.91063,0.20611,0.0134,0.07497,2.43792,24.9846,0.92886,2.33398,2.26012,0,6.5328,16.0,1,28.513,0.4631,0.05,1,20.682,0.0,0.4279,1,31.395,0.0094,0.7125,0,2,1,11
task_attr_mod_color_123744,hat,6,46,0.931088,0.986105,0.786562,0.917216,0,0.89063,0.94307,0.20419,0.01139,0.0556,2.63009,37.0108,0.88875,2.36237,2.26012,0,10.5566,16.0,1,27.686,0.2429,0.05,1,25.139,0.244,0.4687,2,30.63,0.232,0.8075,0,0,1,0
task_attr_mod_color_123744,hat,7,47,0.938302,1.0,0.552978,0.924635,0,0.90467,0.93876,0.20002,0.00801,0.0469,2.60899,28.0438,0.89863,2.35451,2.26012,0,7.4209,16.0,2,27.833,0.1496,0.1358,2,20.443,0.1175,0.4241,2,29.549,0.106,0.8383,0,1,1,30
task_attr_mod_color_123744,hat,7,48,0.986422,1.0,0.960756,0.977725,0,0.90768,0.93039,0.20497,0.01391,0.08,2.46732,24.9039,0.91564,2.33484,2.26012,0,5.9611,16.0,2,24.201,0.0898,0.1083,1,20.427,0.2931,0.3868,1,32.0,0.1547,0.7983,1,2,1,166
task_attr_mod_color_123744,hat,7,49,0.923933,0.997365,0.662896,0.910904,0,0.9008,0.93644,0.20233,0.0096,0.04671,2.64832,37.0605,0.89188,2.35717,2.26012,0,11.1421,16.0,1,27.414,0.2005,0.2362,1,16.466,0.1137,0.5878,1,28.868,0.0,0.6949,0,0,1,154
task_attr_mod_color_123744,hat,7,50,0.898788,0.99886,0.596118,0.887909,0,0.90215,0.91662,0.2002,0.00863,0.04775,2.71691,29.2497,0.89708,2.35599,2.26012,0,7.7525,16.0,1,20.487,0.2411,0.05,1,22.062,0.1589,0.3994,2,27.88,0.0,0.4667,1,0,1,151
task_attr_mod_color_123744,hat,7,51,0.975606,1.0,0.715338,0.963783,0,0.90612,0.92166,0.20071,0.01036,0.06002,2.50302,22.9779,0.90529,2.36274,2.26012,0,5.0158,16.0,1,22.354,0.2959,0.0618,1,18.531,0.049,0.272,1,29.447,0.0,0.5967,0,3,1,0
task_attr_mod_color_123744,hat,7,52,0.897679,0.997608,0.646026,0.886787,0,0.90102,0.92244,0.20015,0.00935,0.04698,2.72034,35.4249,0.89248,2.35128,2.26012,0,9.9421,16.0,1,23.735,0.2642,0.2362,1,20.539,0.0,0.4785,1,32.0,0.0762,0.7032,3,0,1,117
task_attr_mod_color_123744,hat,7,53,0.988459,1.0,0.674647,0.980625,0,0.91084,0.91222,0.20231,0.00977,0.05502,2.46003,31.8167,0.88606,2.35131,2.26012,0,8.8472,16.0,1,22.334,0.188,0.0996,1,19.808,0.1376,0.5037,1,29.261,0.1675,0.8227,0,3,1,88
task_attr_mod_color_123744,hat,7,54,0.888104,0.996601,0.674054,0.877985,0,0.90011,0.93098,0.20079,0.00976,0.05325,2.74761,30.9037,0.90547,2.35043,2.26012,0,7.8831,16.0,1,21.321,0.3108,0.05,1,20.378,0.1927,0.3865,1,31.064,0.0,0.6301,4,0,1,45
task_attr_mod_color_123744,hat,7,55,0.951332,0.999767,1.0,0.937414,0,0.90297,0.8874,0.21028,0.018,0.10434,2.57342,35.2718,0.92301,2.36162,2.26012,0,9.1696,16.0,1,24.284,0.2669,0.05,1,19.897,0.1371,0.4686,1,29.218,0.0,0.743,1,4,1,193
task_attr_mod_color_123744,hat,8,56,0.960018,0.984898,0.320381,0.9481,0,0.88954,0.92231,0.1972,0.00464,0.02369,2.54442,38.8172,0.88555,2.38359,2.26012,0,10.9785,16.0,1,27.268,0.1649,0.05,1,21.688,0.3247,0.5198,1,28.569,0.0,0.7408,2,0,1,21
task_attr_mod_color_123744,hat,8,57,0.951295,0.998837,0.722313,0.937385,0,0.90213,0.92445,0.20148,0.01046,0.06249,2.57351,26.815,0.90185,2.37092,2.26012,0,7.0549,16.0,2,24.81,0.2768,0.1427,1,23.111,0.1244,0.4294,1,27.247,0.0262,0.6696,0,3,1,127
task_attr_mod_color_123744,hat,8,58,0.980853,0.997199,0.494878,0.971146,0,0.90065,0.91941,0.19948,0.00717,0.04437,2.48404,30.4187,0.88787,2.35101,2.26012,0,8.3175,16.0,1,26.94,0.2486,0.1034,1,20.619,0.2457,0.4879,1,30.081,0.0062,0.7017,1,1,1,55
task_attr_mod_color_123744,hat,8,59,0.917257,0.99246,0.705438,0.904348,0,0.89637,0.93127,0.19895,0.01022,0.05097,2.66752,36.2939,0.90013,2.36414,2.26012,0,10.6038,16.0,1,25.006,0.1351,0.0882,1,21.168,0.1863,0.4799,1,31.443,0.0309,0.777,1,0,1,61
task_attr_mod_color_123744,hat,8,60,0.912374,0.997808,0.678897,0.900236,0,0.9012,0.92681,0.20218,0.00983,0.05008,2.6797,36.1364,0.89258,2.35223,2.26012,0,9.4838,16.0,1,25.474,0.0636,0.05,1,22.257,0.2205,0.4605,1,28.407,0.0,0.7738,0,0,1,89
task_attr_mod_color_123744,hat,8,61,0.916722,1.0,0.55671,0.904412,0,0.90579,0.92981,0.19884,0.00806,0.04799,2.66733,27.9659,0.89899,2.35916,2.26012,0,7.158,16.0,1,25.506,0.1825,0.05,1,21.511,0.1386,0.4008,1,29.154,0.023,0.7798,1,1,1,162
task_attr_mod_color_123744,hat,8,62,0.960363,1.0,0.895213,0.94671,0,0.90378,0.9235,0.20728,0.01296,0.07265,2.54815,28.1953,0.92261,2.31785,2.26012,0,8.1743,16.0,1,21.468,0.0454,0.1926,1,22.14,0.0546,0.5364,1,27.007,0.0847,0.6618,0,2,1,0
task_attr_mod_color_123744,hat,8,63,0.890128,0.997531,0.662196,0.87991,0,0.90095,0.92463,0.20029,0.00959,0.04974,2.74161,31.2523,0.89788,2.35468,2.26012,0,8.6965,16.0,1,24.581,0.2876,0.05,1,19.998,0.0845,0.4299,1,27.932,0.0,0.5816,1,0,1,70
task_attr_mod_color_123744,hat,8,64,0.879496,0.998018,0.757799,0.870285,0,0.90139,0.91837,0.20246,0.01097,0.05616,2.77192,36.436,0.8957,2.34743,2.26012,0,10.9608,16.0,1,25.03,0.2074,0.0701,1,19.645,0.1066,0.5612,1,32.0,0.0,0.7053,1,0,1,165
task_attr_mod_color_123744,hat,9,65,0.943172,0.997154,0.826871,0.929282,0,0.90061,0.91586,0.20212,0.01197,0.06152,2.59594,38.3292,0.8964,2.3513,2.26012,0,9.532,16.0,1,24.574,0.1798,0.0589,1,18.801,0.2804,0.487,1,32.0,0.0,0.6925,2,0,1,144
task_attr_mod_color_123744,hat,9,66,0.881601,0.985883,0.699806,0.8711,0,0.89043,0.94892,0.20169,0.01013,0.04948,2.76933,37.2667,0.89275,2.34863,2.26012,0,10.8817,16.0,1,24.202,0.1388,0.1109,1,21.083,0.0324,0.5476,1,32.0,0.0,0.7779,2,0,1,78
task_attr_mod_color_123744,hat,9,67,0.949344,0.998073,0.734139,0.935424,0,0.90144,0.92207,0.20217,0.01063,0.05325,2.5789,36.9132,0.88879,2.35028,2.26012,0,10.9736,16.0,1,25.82,0.1978,0.0703,1,16.675,0.0341,0.5459,1,32.0,0.1033,0.7117,1,0,1,153
task_attr_mod_color_123744,hat,9,68,0.943872,0.99835,0.549653,0.92999,0,0.90169,0.91107,0.20163,0.00796,0.04887,2.59397,29.3071,0.90634,2.36072,2.26012,0,8.7455,16.0,1,26.42,0.0962,0.05,1,18.22,0.1446,0.5371,1,31.781,0.0,0.6793,1,1,1,210
task_attr_mod_color_123744,hat,9,69,0.899804,0.997387,0.675731,0.888703,0,0.90082,0.92068,0.20174,0.00978,0.04832,2.71448,35.4595,0.89262,2.33932,2.26012,0,10.4898,16.0,1,25.182,0.2122,0.0815,2,19.716,0.0592,0.5331,1,31.641,0.0,0.6861,0,0,1,134
task_attr_mod_color_123744,hat,9,70,0.959892,1.0,0.708571,0.946213,0,0.90787,0.91261,0.20174,0.01026,0.06134,2.54949,32.5969,0.89703,2.35183,2.26012,0,10.1333,16.0,1,25.778,0.1477,0.0817,1,20.071,0.0782,0.6023,1,31.324,0.0,0.6712,1,1,1,159
task_attr_mod_color_123744,hat,9,71,0.930088,0.999601,0.814147,0.916814,0,0.90282,0.91637,0.2024,0.01179,0.05809,2.63125,38.1295,0.88992,2.35779,2.26012,0,11.9491,16.0,1,25.005,0.2551,0.05,1,19.605,0.0681,0.608,1,31.011,0.0446,0.6929,1,0,1,141
task_attr_mod_color_123744,hat,9,72,0.975566,0.996867,0.625702,0.964432,0,0.90035,0.94528,0.19969,0.00906,0.05662,2.50133,34.5856,0.89182,2.37332,2.26012,0,10.7445,16.0,1,23.398,0.2721,0.0662,1,18.55,0.1378,0.6184,1,32.0,0.0091,0.7476,2,1,1,180
task_attr_mod_color_123744,hat,9,73,0.943931,0.986182,0.403162,0.930153,0,0.8907,0.91388,0.20089,0.00584,0.02778,2.59351,33.8987,0.89725,2.358,2.26012,0,11.1514,16.0,1,25.523,0.2678,0.1086,1,19.403,0.1591,0.5731,1,31.332,0.0,0.6412,0,0,1,206
task_attr_mod_color_123744,hat,10,74,0.966257,1.0,0.591988,0.95306,0,0.90656,0.93264,0.20048,0.00857,0.05226,2.53118,31.1245,0.89246,2.36036,2.26012,0,9.433,16.0,1,25.976,0.2116,0.0687,1,20.55,0.1585,0.5556,1,32.0,0.0,0.7129,1,1,1,154
task_attr_mod_color_123744,hat,10,75,0.955179,1.0,0.546823,0.941318,0,0.90332,0.93179,0.20016,0.00792,0.04815,2.56275,30.9094,0.89052,2.35539,2.26012,0,9.465,16.0,1,24.224,0.1786,0.05,1,18.73,0.1321,0.5539,1,31.289,0.0,0.6802,1,1,1,201
task_attr_mod_color_123744,hat,10,76,0.913607,0.995892,0.590999,0.901219,0,0.89947,0.92489,0.20048,0.00856,0.04382,2.67678,37.1879,0.89107,2.33818,2.26012,0,11.2747,16.0,1,24.718,0.1891,0.05,1,19.676,0.0311,0.5682,1,31.26,0.0937,0.7139,0,0,1,128
task_attr_mod_color_123744,hat,10,77,0.895585,0.991596,0.400705,0.884345,0,0.89559,0.91994,0.19875,0.0058,0.03223,2.72785,38.5475,0.88183,2.35425,2.26012,0,11.6627,16.0,1,23.901,0.2658,0.1343,1,20.083,0.1733,0.5729,1,31.567,0.0,0.7124,1,0,1,169
task_attr_mod_color_123744,hat,10,78,0.926545,0.994021,0.821024,0.913156,0,0.89778,0.90727,0.20234,0.01189,0.06728,2.64179,36.8433,0.91002,2.35362,2.26012,0,11.2853,16.0,1,22.794,0.1579,0.05,1,21.112,0.2253,0.5526,1,31.308,0.0,0.7152,2,0,1,152
task_attr_mod_color_123744,hat,10,79,0.929019,0.995914,0.620195,0.915598,0,0.89949,0.92991,0.20255,0.00898,0.04538,2.63474,36.5815,0.8898,2.3522,2.26012,0,10.3311,16.0,1,23.848,0.1837,0.0669,1,21.265,0.0928,0.5294,1,31.071,0.0,0.7005,0,0,1,131
task_attr_mod_color_123744,hat,10,80,0.97629,1.0,0.637129,0.964608,0,0.90683,0.91405,0.20045,0.00923,0.05365,2.50088,32.5633,0.89148,2.35296,2.26012,0,10.1512,16.0,1,25.6,0.1846,0.05,1,21.637,0.0676,0.5946,1,32.0,0.0212,0.658,1,1,1,113
task_attr_mod_color_123744,hat,10,81,0.952398,1.0,0.722896,0.938488,0,0.90945,0.93252,0.20139,0.01047,0.05922,2.57048,31.3054,0.89406,2.35594,2.26012,0,9.466,16.0,1,24.449,0.1532,0.0617,1,19.807,0.083,0.5446,1,32.0,0.0972,0.759,1,1,1,167
task_attr_mod_color_123744,hat,10,82,0.909399,0.989504,0.825892,0.896844,0,0.8937,0.9338,0.20337,0.01196,0.06051,2.68984,36.968,0.89459,2.35312,2.26012,0,11.1464,16.0,1,26.212,0.2043,0.05,1,20.107,0.1124,0.5724,1,31.58,0.0184,0.7074,2,0,1,80
task_attr_mod_color_123744,hat,11,83,0.969892,1.0,0.801582,0.957121,0,0.91214,0.94052,0.20136,0.01161,0.06901,2.52044,33.7032,0.89271,2.36083,2.26012,0,9.6715,16.0,1,24.786,0.2379,0.0643,1,18.652,0.0926,0.5544,1,31.678,0.0283,0.7176,1,1,1,161
task_attr_mod_color_123744,hat,11,84,0.956082,1.0,0.657038,0.942246,0,0.90738,0.91668,0.20145,0.00951,0.05681,2.56023,31.4596,0.89324,2.35792,2.26012,0,9.155,16.0,1,25.44,0.2039,0.1078,1,19.364,0.0961,0.5464,1,32.0,0.0214,0.7378,0,1,1,140
task_attr_mod_color_123744,hat,11,85,0.93876,1.0,0.744115,0.925075,0,0.9058,0.93093,0.20144,0.01078,0.0563,2.60775,38.7502,0.8855,2.34106,2.26012,0,11.624,16.0,1,25.869,0.2014,0.05,1,19.769,0.106,0.5599,1,32.0,0.0,0.7168,1,0,1,175
task_attr_mod_color_123744,hat,11,86,0.944409,1.0,0.603314,0.930549,0,0.90861,0.93091,0.20075,0.00874,0.05289,2.59241,31.4242,0.89305,2.3502,2.26012,0,9.5332,16.0,1,25.129,0.223,0.0676,1,20.266,0.1283,0.56,1,31.242,0.0197,0.6968,1,1,1,162
task_attr_mod_color_123744,hat,11,87,0.955114,1.0,0.67395,0.941252,0,0.90477,0.92674,0.20118,0.00976,0.05828,2.56293,30.5822,0.89703,2.35226,2.26012,0,9.0942,16.0,1,24.826,0.2702,0.0949,1,18.246,0.0899,0.5418,1,31.095,0.0,0.7601,1,1,1,127
task_attr_mod_color_123744,hat,11,88,0.895002,0.992316,0.730989,0.883877,0,0.89624,0.92038,0.20116,0.01059,0.0546,2.7293,36.6382,0.89531,2.34189,2.26012,0,11.028,16.0,1,24.923,0.197,0.1116,1,20.813,0.0759,0.5537,1,31.906,0.0277,0.7142,1,0,1,218
task_attr_mod_color_123744,hat,11,89,0.967912,1.0,0.71237,0.954894,0,0.90584,0.90755,0.20196,0.01032,0.06111,2.52632,32.8855,0.89934,2.36342,2.26012,0,10.2534,16.0,1,25.414,0.2107,0.0659,1,19.433,0.1504,0.6025,1,32.0,0.0204,0.7407,1,1,1,189
task_attr_mod_color_123744,hat,11,90,0.955647,0.999469,0.560285,0.941814,0,0.9027,0.93579,0.19992,0.00811,0.04749,2.5614,30.5047,0.89607,2.35833,2.26012,0,9.53,16.0,1,25.262,0.2637,0.0676,1,19.801,0.1006,0.5551,1,29.932,0.0,0.6578,0,1,1,145
task_attr_mod_color_123744,hat,11,91,0.968579,1.0,0.63429,0.95564,0,0.90777,0.92963,0.20139,0.00918,0.05589,2.52435,31.6882,0.89661,2.35787,2.26012,0,9.7476,16.0,1,24.348,0.2859,0.1058,1,18.942,0.1044,0.5899,1,32.0,0.0,0.7059,1,1,1,165
task_attr_mod_color_123744,hat,12,92,0.926542,0.992294,0.663632,0.913062,0,0.89622,0.92414,0.20155,0.00961,0.05147,2.64206,36.2127,0.89737,2.35727,2.26012,0,11.2111,16.0,1,24.341,0.2426,0.0831,1,20.199,0.0952,0.5683,1,32.0,0.0,0.7108,1,0,1,177
task_attr_mod_color_123744,hat,12,93,0.958072,0.992106,0.537345,0.944846,0,0.89605,0.9467,0.19943,0.00778,0.0462,2.55318,32.0524,0.88747,2.35026,2.26012,0,9.995,16.0,1,25.373,0.2039,0.0738,1,20.004,0.0905,0.5635,1,32.0,0.0263,0.7074,1,1,1,187
task_attr_mod_color_123744,hat,12,94,0.943835,0.999601,0.656409,0.929979,0,0.90282,0.90538,0.20227,0.00951,0.05688,2.594,30.8804,0.90128,2.36604,2.26012,0,9.187,16.0,1,25.042,0.1962,0.077,1,20.522,0.1609,0.5619,1,31.38,0.0017,0.7047,0,1,1,165
task_attr_mod_color_123744,hat,12,95,0.924864,0.995361,0.594973,0.911649,0,0.89899,0.92103,0.20259,0.00862,0.04307,2.64616,35.4399,0.89269,2.35848,2.26012,0,10.5609,16.0,1,24.193,0.1985,0.0552,1,20.96,0.1061,0.5449,1,31.668,0.0022,0.686,1,0,1,191
task_attr_mod_color_123744,hat,12,96,0.962476,1.0,0.693239,0.948957,0,0.90988,0.93416,0.20096,0.01004,0.06061,2.54212,32.7171,0.8927,2.36037,2.26012,0,9.8698,16.0,1,24.491,0.1765,0.0744,1,19.621,0.1156,0.5814,1,31.903,0.0007,0.7051,1,1,1,141
task_attr_mod_color_123744,hat,12,97,0.882296,0.99793,0.7886,0.872824,0,0.90131,0.91347,0.20279,0.01142,0.0571,2.76386,36.4615,0.89715,2.34759,2.26012,0,10.8435,16.0,1,25.041,0.1579,0.0576,1,19.77,0.1309,0.5522,1,32.0,0.0026,0.7214,1,0,1,165
task_attr_mod_color_123744,hat,12,98,0.954961,0.998107,0.557077,0.94115,0,0.90147,0.92596,0.20112,0.00807,0.04784,2.56321,30.6902,0.89043,2.35304,2.26012,0,9.5305,16.0,1,24.291,0.2442,0.0932,1,19.178,0.0821,0.5593,1,32.0,0.0,0.7015,1,1,1,183
task_attr_mod_color_123744,hat,12,99,0.945238,0.993656,0.7707,0.93132,0,0.89745,0.93416,0.2029,0.01116,0.05529,2.59026,35.8659,0.89445,2.35049,2.26012,0,10.6026,16.0,1,26.144,0.2383,0.0879,1,20.038,0.076,0.5422,1,31.588,0.0408,0.6964,1,0,1,168
task_attr_mod_color_123744,hat,12,100,0.904845,0.993977,0.776736,0.893013,0,0.89774,0.92645,0.20335,0.01125,0.05717,2.70138,37.0648,0.89401,2.3622,2.26012,0,11.2471,16.0,1,25.343,0.2139,0.0904,1,19.583,0.0845,0.5872,1,32.0,0.0083,0.683,1,0,1,168
task_attr_mod_color_123744,hat,13,101,0.946667,0.993556,0.67806,0.932766,0,0.89736,0.93986,0.2016,0.00982,0.05024,2.58625,37.3262,0.88977,2.35961,2.26012,0,11.3969,16.0,1,24.416,0.194,0.0675,1,19.587,0.1094,0.5761,1,32.0,0.0,0.7132,1,0,1,155
task_attr_mod_color_123744,hat,13,102,0.951781,1.0,0.869002,0.937865,0,0.90683,0.93618,0.20239,0.01258,0.06312,2.57219,38.4651,0.88996,2.33439,2.26012,0,11.3972,16.0,1,25.046,0.2159,0.083,1,19.309,0.1094,0.5674,1,32.0,0.0207,0.688,1,0,1,149
task_attr_mod_color_123744,hat,13,103,0.955825,1.0,0.627178,0.941982,0,0.90653,0.93339,0.20062,0.00908,0.05619,2.56095,31.1668,0.90049,2.3605,2.26012,0,9.6042,16.0,1,24.37,0.2483,0.0639,1,19.356,0.098,0.5665,1,32.0,0.0,0.6912,1,1,1,152
task_attr_mod_color_123744,hat,13,104,0.905412,0.996878,0.728472,0.893778,0,0.90036,0.92249,0.20193,0.01055,0.05466,2.69907,36.8582,0.89554,2.34778,2.26012,0,11.2672,16.0,1,24.654,0.1903,0.0618,1,20.014,0.1015,0.5675,1,31.961,0.0169,0.7002,1,0,1,189
task_attr_mod_color_123744,hat,13,105,0.965945,0.996955,0.516748,0.953057,0,0.90043,0.94738,0.19917,0.00748,0.04586,2.53119,31.1116,0.88954,2.3504,2.26012,0,9.6527,16.0,1,25.006,0.2044,0.0875,1,19.474,0.0953,0.5544,1,32.0,0.0101,0.7014,1,1,1,164
task_attr_mod_color_123744,hat,13,106,0.9641,0.998682,0.65892,0.950822,0,0.90199,0.92717,0.20236,0.00954,0.05703,2.53713,31.1296,0.89753,2.34897,2.26012,0,9.4634,16.0,1,25.255,0.2118,0.0746,1,19.806,0.1062,0.5696,1,32.0,0.0,0.7051,1,1,1,158
task_attr_mod_color_123744,hat,13,107,0.956495,0.993003,0.6107,0.943051,0,0.89686,0.94651,0.20006,0.00884,0.04589,2.55804,36.7101,0.8902,2.34297,2.26012,0,11.2972,16.0,1,24.838,0.2033,0.0769,1,19.756,0.081,0.5587,1,31.468,0.0055,0.7061,1,0,1,193
task_attr_mod_color_123744,hat,13,108,0.960207,0.99566,0.822657,0.94685,0,0.89926,0.92875,0.20405,0.01191,0.05782,2.54778,37.0231,0.89602,2.3573,2.26012,0,11.0491,16.0,1,25.578,0.1756,0.05,1,19.282,0.1193,0.5748,1,32.0,0.0212,0.6915,1,0,1,168
task_attr_mod_color_123744,hat,13,109,0.928836,0.998228,0.719239,0.915555,0,0.90158,0.94341,0.20111,0.01041,0.05493,2.63487,37.7347,0.88572,2.34242,2.26012,0,11.3189,16.0,1,24.596,0.2145,0.074,1,18.92,0.1142,0.5495,1,31.611,0.0,0.669,1,0,1,175
task_attr_mod_color_123744,hat,14,110,0.926506,0.995948,0.568878,0.913228,0,0.89952,0.91887,0.20155,0.00824,0.04377,2.64158,38.1046,0.88449,2.34558,2.26012,0,11.5102,16.0,1,24.801,0.1858,0.0554,1,19.401,0.0968,0.5779,1,31.859,0.0194,0.7182,1,0,1,174
task_attr_mod_color_123744,hat,14,111,0.936898,0.988552,0.54746,0.922981,0,0.89284,0.92689,0.19945,0.00793,0.04091,2.61367,37.0533,0.88607,2.34724,2.26012,0,11.4631,16.0,1,25.856,0.2077,0.0567,1,18.966,0.1546,0.5497,1,31.925,0.0,0.7157,1,0,1,164
task_attr_mod_color_123744,hat,14,112,0.951779,1.0,0.825316,0.937863,0,0.91705,0.93253,0.20137,0.01195,0.07132,2.57219,34.4509,0.89227,2.35332,2.26012,0,9.8286,16.0,1,24.406,0.2411,0.0752,1,19.742,0.1103,0.5594,1,31.901,0.0,0.6914,1,1,1,161
task_attr_mod_color_123744,hat,14,113,0.90163,0.988374,0.538158,0.889599,0,0.89268,0.93362,0.2002,0.00779,0.04034,2.71174,35.6332,0.89333,2.36098,2.26012,0,10.9876,16.0,1,25.415,0.214,0.0589,1,20.516,0.0926,0.5478,1,32.0,0.0054,0.7025,1,0,1,185
task_attr_mod_color_123744,hat,14,114,0.972638,0.999812,0.446274,0.960306,0,0.90301,0.93191,0.19948,0.00646,0.0388,2.51208,32.0986,0.88641,2.3487,2.26012,0,9.8905,16.0,1,24.517,0.1969,0.0617,1,19.793,0.1067,0.5726,1,32.0,0.0093,0.7,1,1,1,169
task_attr_mod_color_123744,hat,14,115,0.92593,0.994398,0.626107,0.912596,0,0.89812,0.91973,0.20117,0.00907,0.04979,2.64341,35.8818,0.89972,2.36089,2.26012,0,11.194,16.0,1,25.398,0.1992,0.0895,1,19.225,0.1264,0.57,1,31.899,0.0,0.6945,1,0,1,177
task_attr_mod_color_123744,hat,14,116,0.914779,1.0,0.838549,0.902624,0,0.90394,0.92797,0.20239,0.01214,0.0607,2.67261,38.3747,0.89015,2.332,2.26012,0,11.404,16.0,1,24.814,0.1823,0.05,1,19.749,0.0903,0.5647,1,31.961,0.0027,0.709,1,0,1,149
task_attr_mod_color_123744,hat,14,117,0.966946,0.99979,0.532574,0.953843,0,0.90299,0.95278,0.19943,0.00771,0.04742,2.5291,31.9278,0.88827,2.34429,2.26012,0,9.6735,16.0,1,24.928,0.2301,0.0668,1,19.089,0.092,0.5493,1,31.925,0.0,0.7041,1,1,1,160
task_attr_mod_color_123744,hat,14,118,0.893349,0.998937,0.694319,0.882966,0,0.90222,0.92166,0.20159,0.01005,0.05029,2.73211,37.4925,0.89085,2.34343,2.26012,0,11.2597,16.0,1,25.186,0.1832,0.0652,1,18.478,0.1064,0.5611,1,32.0,0.0281,0.7244,1,0,1,162
task_attr_mod_color_123744,hat,15,119,0.969989,0.996534,0.631493,0.957764,0,0.90005,0.90103,0.20209,0.00914,0.05429,2.51875,31.2362,0.89793,2.34484,2.26012,0,9.5167,16.0,1,24.853,0.224,0.0778,1,19.696,0.1164,0.574,1,31.71,0.0,0.7024,1,1,1,158
task_attr_mod_color_123744,hat,15,120,0.964196,1.0,0.892595,0.950809,0,0.9117,0.92933,0.20314,0.01293,0.06538,2.53717,38.5704,0.88871,2.33674,2.26012,0,11.3061,16.0,1,24.505,0.199,0.0624,1,19.462,0.1216,0.5555,1,31.775,0.0081,0.7019,1,0,1,167
task_attr_mod_color_123744,hat,15,121,0.924988,0.996977,0.754338,0.911866,0,0.90045,0.92453,0.20202,0.01092,0.05738,2.64552,36.1037,0.89807,2.34026,2.26012,0,10.9012,16.0,1,25.154,0.2205,0.0788,1,19.806,0.125,0.5576,1,31.927,0.0151,0.7015,1,0,1,173
task_attr_mod_color_123744,hat,15,122,0.956384,0.998926,0.750626,0.942595,0,0.90221,0.93359,0.20139,0.01087,0.0568,2.55928,38.5877,0.8854,2.34024,2.26012,0,11.6617,16.0,1,25.084,0.2175,0.0877,1,19.668,0.1012,0.5669,1,31.747,0.0202,0.7068,1,0,1,175
task_attr_mod_color_123744,hat,15,123,0.93128,0.989006,0.612389,0.917474,0,0.89325,0.91672,0.20036,0.00887,0.04595,2.62935,36.8253,0.8899,2.34765,2.26012,0,11.3912,16.0,1,24.649,0.2046,0.0587,1,19.676,0.1087,0.5669,1,32.0,0.0,0.704,1,0,1,163
task_attr_mod_color_123744,hat,15,124,0.94082,1.0,0.763641,0.92706,0,0.90848,0.92911,0.20155,0.01106,0.05765,2.60217,40.0965,0.88231,2.34391,2.26012,0,11.4791,16.0,1,25.192,0.2137,0.058,1,19.784,0.1041,0.5429,1,32.0,0.0,0.7165,1,0,1,184
task_attr_mod_color_123744,hat,15,125,0.955551,1.0,0.743955,0.9417,0,0.90385,0.92429,0.20137,0.01077,0.05636,2.56171,38.3782,0.88552,2.34337,2.26012,0,11.5254,16.0,1,25.347,0.2295,0.0764,1,19.354,0.1086,0.5575,1,32.0,0.0,0.7012,1,0,1,175
task_attr_mod_color_123744,hat,15,126,0.944672,0.991375,0.400844,0.930774,0,0.89539,0.91043,0.199,0.0058,0.0314,2.59178,37.2155,0.88333,2.35245,2.26012,0,11.3105,16.0,1,25.006,0.2111,0.0784,1,19.58,0.1026,0.5535,1,31.808,0.002,0.6955,1,0,1,157
task_attr_mod_color_123744,hat,15,127,0.92863,1.0,0.922889,0.915469,0,0.91449,0.93174,0.20222,0.01336,0.06752,2.63511,40.2366,0.89013,2.34266,2.26012,0,11.7045,16.0,1,25.026,0.2033,0.0714,1,19.823,0.104,0.5703,1,31.941,0.0037,0.7077,1,0,1,161
task_attr_mod_color_123744,hat,16,128,0.9446,0.987013,0.628106,0.930816,0,0.89145,0.92616,0.20056,0.0091,0.04661,2.59167,36.9947,0.88687,2.34938,2.26012,0,11.5829,16.0,1,24.9,0.1967,0.0685,1,20.104,0.104,0.5704,1,32.0,0.0084,0.697,1,0,1,164
task_attr_mod_color_123744,hat,16,129,0.928763,0.996767,0.67011,0.915403,0,0.90026,0.92468,0.20128,0.0097,0.04956,2.6353,36.9955,0.89148,2.34677,2.26012,0,11.1332,16.0,1,25.44,0.1926,0.0614,1,19.815,0.1036,0.5556,1,31.659,0.0,0.7111,1,0,1,162
task_attr_mod_color_123744,hat,16,130,0.927138,0.994708,0.757985,0.913754,0,0.8984,0.92004,0.2024,0.01098,0.05611,2.64006,36.5238,0.89588,2.34504,2.26012,0,10.9652,16.0,1,24.935,0.1958,0.0819,1,19.268,0.1118,0.5617,1,31.893,0.0016,0.7114,1,0,1,165
task_attr_mod_color_123744,hat,16,131,0.905643,0.993102,0.737427,0.893671,0,0.89695,0.92193,0.20187,0.01068,0.05594,2.69939,36.2084,0.89783,2.34386,2.26012,0,10.9495,16.0,1,25.052,0.2193,0.061,1,20.205,0.1219,0.5594,1,32.0,0.0,0.7011,1,0,1,173
task_attr_mod_color_123744,hat,16,132,0.948311,0.999491,0.736936,0.934391,0,0.90272,0.93417,0.20116,0.01067,0.05533,2.58175,38.4812,0.88512,2.34094,2.26012,0,11.5332,16.0,1,25.515,0.2179,0.0741,1,19.718,0.1198,0.5549,1,32.0,0.0023,0.701,1,0,1,175
task_attr_mod_color_123744,hat,16,133,0.934026,1.0,0.902414,0.920557,0,0.91651,0.93696,0.20194,0.01307,0.06604,2.62055,40.1234,0.89017,2.34375,2.26012,0,11.6584,16.0,1,25.249,0.198,0.0703,1,19.338,0.1045,0.5675,1,32.0,0.0,0.7081,1,0,1,161
task_attr_mod_color_123744,hat,16,134,0.943674,0.992936,0.813529,0.929752,0,0.8968,0.92456,0.20363,0.01178,0.05744,2.59463,36.4655,0.89554,2.34651,2.26012,0,10.8061,16.0,1,24.663,0.2106,0.0635,1,19.802,0.0989,0.5563,1,31.811,0.0156,0.7019,1,0,1,168
task_attr_mod_color_123744,hat,16,135,0.934976,0.98812,0.599872,0.921073,0,0.89245,0.92388,0.20019,0.00869,0.04485,2.61908,36.8406,0.88692,2.34327,2.26012,0,11.4388,16.0,1,24.773,0.2177,0.0673,1,19.709,0.1154,0.5605,1,31.851,0.0,0.6923,1,0,1,164
task_attr_mod_color_123744,hat,16,136,0.89382,0.998948,0.768675,0.883396,0,0.90223,0.92287,0.20252,0.01113,0.05687,2.73079,37.416,0.88802,2.33898,2.26012,0,11.0359,16.0,1,24.776,0.2012,0.0739,1,19.934,0.104,0.5496,1,31.936,0.0083,0.7021,1,0,1,166
task_attr_mod_color_123744,hat,17,137,0.923027,0.985905,0.608706,0.90941,0,0.89045,0.92469,0.2003,0.00881,0.04529,2.65267,37.1307,0.88669,2.34822,2.26012,0,11.5892,16.0,1,25.195,0.2035,0.0596,1,19.779,0.1109,0.5682,1,31.994,0.0021,0.701,1,0,1,164
task_attr_mod_color_123744,hat,17,138,0.909887,0.996701,0.690985,0.897862,0,0.9002,0.92404,0.20168,0.01001,0.05032,2.68679,37.0896,0.89121,2.34607,2.26012,0,11.2386,16.0,1,25.001,0.2136,0.0705,1,19.793,0.1127,0.5639,1,31.945,0.0,0.7008,1,0,1,162
task_attr_mod_color_123744,hat,17,139,0.938018,0.998793,0.694441,0.924315,0,0.90209,0.92014,0.20169,0.01006,0.05103,2.60989,36.9484,0.89135,2.34428,2.26012,0,11.1729,16.0,1,25.173,0.2049,0.0688,1,19.737,0.1085,0.5598,1,32.0,0.0,0.7018,1,0,1,162
task_attr_mod_color_123744,hat,17,140,0.929125,0.988574,0.619787,0.915374,0,0.89286,0.92143,0.2004,0.00897,0.04707,2.63539,36.4933,0.88994,2.34235,2.26012,0,11.29,16.0,1,25.159,0.2103,0.0816,1,19.782,0.1299,0.5619,1,32.0,0.0016,0.6959,1,0,1,163
task_attr_mod_color_123744,hat,17,141,0.92307,0.998926,0.71154,0.910206,0,0.90221,0.92697,0.20191,0.0103,0.05202,2.65035,37.9782,0.88747,2.34728,2.26012,0,11.3288,16.0,1,25.215,0.2014,0.0623,1,19.657,0.0985,0.5654,1,31.658,0.004,0.7101,1,0,1,166
task_attr_mod_color_123744,hat,17,142,0.931331,0.988219,0.61981,0.917502,0,0.89254,0.91891,0.20061,0.00898,0.04664,2.62927,36.4913,0.89033,2.34943,2.26012,0,11.206,16.0,1,25.127,0.2026,0.0716,1,19.379,0.1081,0.5566,1,31.864,0.0,0.7045,1,0,1,163
task_attr_mod_color_123744,hat,17,143,0.90363,0.999524,0.707564,0.89238,0,0.90275,0.92568,0.20184,0.01025,0.0523,2.70329,37.9696,0.88748,2.34777,2.26012,0,11.347,16.0,1,24.841,0.212,0.0715,1,19.423,0.0953,0.5677,1,31.99,0.007,0.7066,1,0,1,166
task_attr_mod_color_123744,hat,17,144,0.944835,0.991707,0.634408,0.930934,0,0.89569,0.9271,0.20121,0.00919,0.04798,2.59134,36.5722,0.89106,2.34872,2.26012,0,11.2611,16.0,1,24.998,0.2085,0.0666,1,19.656,0.1087,0.5596,1,31.774,0.0,0.7028,1,0,1,170
task_attr_mod_color_123744,hat,17,145,0.914235,1.0,0.736723,0.902124,0,0.90637,0.92922,0.20227,0.01067,0.05412,2.67409,37.9023,0.88728,2.34257,2.26012,0,11.3033,16.0,1,25.35,0.2041,0.0699,1,19.596,0.104,0.5651,1,31.988,0.0007,0.7032,1,0,1,166
task_attr_mod_color_123744,hat,18,146,0.962829,0.989515,0.606779,0.95058,0,0.89371,0.9402,0.20033,0.00879,0.04526,2.53778,36.8009,0.88756,2.34046,2.26012,0,11.4308,16.0,1,24.978,0.2178,0.0676,1,19.714,0.0933,0.562,1,32.0,0.0059,0.7064,1,0,1,164
task_attr_mod_color_123744,hat,18,147,0.945653,0.988098,0.638892,0.931868,0,0.89243,0.91998,0.20086,0.00925,0.0478,2.58874,36.523,0.89013,2.34899,2.26012,0,11.2479,16.0,1,24.955,0.2029,0.071,1,19.53,0.1048,0.5588,1,32.0,0.004,0.7072,1,0,1,163
task_attr_mod_color_123744,hat,18,148,0.921039,0.987622,0.598633,0.907602,0,0.892,0.93777,0.20019,0.00867,0.04454,2.65795,36.8189,0.88716,2.34548,2.26012,0,11.4105,16.0,1,24.956,0.2084,0.0685,1,19.54,0.1102,0.5582,1,31.782,0.0008,0.7032,1,0,1,164
task_attr_mod_color_123744,hat,18,149,0.89594,1.0,0.716678,0.885419,0,0.90336,0.92973,0.20195,0.01038,0.05294,2.72454,37.8288,0.88735,2.34677,2.26012,0,11.2648,16.0,1,25.084,0.205,0.0706,1,19.568,0.1053,0.563,1,32.0,0.0024,0.7021,1,0,1,166
task_attr_mod_color_123744,hat,18,150,0.944132,0.997354,0.825909,0.93023,0,0.90079,0.92821,0.20372,0.01196,0.05752,2.5933,36.6998,0.89562,2.35616,2.26012,0,10.8891,16.0,1,24.924,0.202,0.0687,1,19.579,0.0982,0.5608,1,32.0,0.0,0.7103,1,0,1,168
task_attr_mod_color_123744,hat,18,151,0.94828,0.996977,0.677655,0.934361,0,0.90045,0.92529,0.20143,0.00981,0.04995,2.58183,36.9354,0.89141,2.34579,2.26012,0,11.1418,16.0,1,24.949,0.2055,0.0693,1,19.586,0.1051,0.558,1,31.877,0.0,0.7023,1,0,1,162
task_attr_mod_color_123744,hat,18,152,0.884611,0.996213,0.726018,0.874774,0,0.89976,0.92786,0.20203,0.01051,0.05294,2.7577,37.6828,0.88771,2.34522,2.26012,0,11.2012,16.0,1,24.953,0.207,0.0684,1,19.609,0.0996,0.5584,1,32.0,0.002,0.7078,1,0,1,166
task_attr_mod_color_123744,hat,18,153,0.942428,1.0,0.90752,0.928618,0,0.91537,0.93639,0.202,0.01314,0.0658,2.5978,39.7359,0.89045,2.34326,2.26012,0,11.4894,16.0,1,25.02,0.2052,0.0663,1,19.798,0.106,0.5586,1,31.936,0.0,0.7012,1,0,1,161
task_attr_mod_color_123744,hat,18,154,0.887419,0.994442,0.71866,0.877166,0,0.89816,0.9191,0.20189,0.01041,0.05351,2.75018,36.5788,0.89583,2.35018,2.26012,0,10.9949,16.0,1,25.006,0.2122,0.0691,1,19.563,0.1115,0.5625,1,31.967,0.0049,0.7117,1,0,1,165
task_attr_mod_color_123744,hat,19,155,0.934093,1.0,0.860579,0.92062,0,0.906,0.93223,0.20281,0.01246,0.06155,2.62037,38.5011,0.88866,2.33669,2.26012,0,11.3389,16.0,1,25.182,0.2077,0.0677,1,19.589,0.1102,0.5586,1,31.991,0.0,0.7065,1,0,1,167
task_attr_mod_color_123744,hat,19,156,0.920223,0.994519,0.635539,0.907252,0,0.89823,0.92031,0.20119,0.0092,0.04791,2.65898,36.5942,0.89107,2.34884,2.26012,0,11.2564,16.0,1,25.126,0.2086,0.0693,1,19.609,0.1056,0.5591,1,31.976,0.0,0.7064,1,0,1,170
task_attr_mod_color_123744,hat,19,157,0.935133,0.998151,0.675714,0.921522,0,0.90151,0.9387,0.20104,0.00978,0.05161,2.6178,38.0164,0.88554,2.34089,2.26012,0,11.5402,16.0,1,24.916,0.2158,0.0681,1,19.685,0.1041,0.5594,1,32.0,0.0,0.704,1,0,1,160
task_attr_mod_color_123744,hat,19,158,0.937166,1.0,0.839839,0.923547,0,0.90541,0.92673,0.20258,0.01216,0.06011,2.61207,38.4105,0.88872,2.33665,2.26012,0,11.3506,16.0,1,25.086,0.2063,0.0712,1,19.639,0.1066,0.5602,1,32.0,0.0027,0.7049,1,0,1,167
task_attr_mod_color_123744,hat,19,159,0.953787,0.995272,0.832356,0.940041,0,0.89891,0.91088,0.20388,0.01205,0.05877,2.56623,36.782,0.89587,2.35958,2.26012,0,10.8759,16.0,1,25.216,0.2133,0.0715,1,19.601,0.1064,0.5605,1,31.89,0.0097,0.7127,1,0,1,168
task_attr_mod_color_123744,hat,19,160,0.89865,0.997719,0.68746,0.887681,0,0.90112,0.91841,0.20158,0.00995,0.05134,2.7176,37.0149,0.89128,2.35028,2.26012,0,11.1826,16.0,1,24.934,0.2063,0.0697,1,19.787,0.1109,0.5601,1,32.0,0.004,0.7034,1,0,1,162
task_attr_mod_color_123744,hat,19,161,0.904119,0.995914,0.745482,0.892513,0,0.89949,0.9303,0.2023,0.01079,0.05463,2.70289,36.4478,0.89553,2.34958,2.26012,0,10.9794,16.0,1,25.087,0.2034,0.0731,1,19.507,0.104,0.5626,1,32.0,0.0,0.7032,1,0,1,165
task_attr_mod_color_123744,hat,19,162,0.870648,0.997896,0.748475,0.862212,0,0.90128,0.91738,0.20232,0.01084,0.05572,2.79788,36.3696,0.89558,2.35138,2.26012,0,10.9417,16.0,1,25.035,0.208,0.0686,1,19.722,0.103,0.5598,1,31.984,0.0,0.704,1,0,1,165
task_attr_mod_color_123744,hat,19,163,0.937681,0.999402,0.71243,0.924015,0,0.90264,0.92684,0.20191,0.01032,0.05287,2.61074,38.0473,0.88696,2.33943,2.26012,0,11.3256,16.0,1,24.932,0.2052,0.072,1,19.723,0.1127,0.5655,1,31.955,0.0,0.7063,1,0,1,166
task_attr_mod_color_123744,hat,20,164,0.895798,1.0,0.742942,0.88529,0,0.90338,0.92441,0.20232,0.01076,0.05419,2.72494,37.8462,0.88754,2.34124,2.26012,0,11.2457,16.0,1,25.081,0.2036,0.0644,1,19.735,0.1024,0.5609,1,31.905,0.003,0.7067,1,0,1,166
task_attr_mod_color_123744,hat,20,165,0.940609,0.999424,0.732582,0.926837,0,0.90266,0.92014,0.20217,0.01061,0.05492,2.60279,37.7882,0.88736,2.34302,2.26012,0,11.2338,16.0,1,25.044,0.2059,0.0681,1,19.751,0.1076,0.5606,1,31.902,0.0003,0.7033,1,0,1,166
task_attr_mod_color_123744,hat,20,166,0.937765,0.986238,0.612362,0.923847,0,0.89075,0.92057,0.20046,0.00887,0.04666,2.61122,36.6039,0.89023,2.35035,2.26012,0,11.2663,16.0,1,25.093,0.2084,0.0699,1,19.634,0.1013,0.5599,1,31.914,0.0,0.7086,1,0,1,163
task_attr_mod_color_123744,hat,20,167,0.92169,0.989515,0.602908,0.90832,0,0.89371,0.93894,0.20021,0.00873,0.04471,2.65585,36.9712,0.88705,2.34452,2.26012,0,11.469,16.0,1,24.997,0.2069,0.0672,1,19.718,0.1087,0.5612,1,32.0,0.0,0.7066,1,0,1,164
task_attr_mod_color_123744,hat,20,168,0.951103,0.987566,0.582843,0.937663,0,0.89195,0.93978,0.19995,0.00844,0.04308,2.57274,36.8131,0.88714,2.3441,2.26012,0,11.4303,16.0,1,25.121,0.208,0.067,1,19.719,0.1085,0.5598,1,31.994,0.0,0.7014,1,0,1,164
task_attr_mod_color_123744,hat,20,169,0.874895,0.997088,0.767709,0.866012,0,0.90055,0.91642,0.2026,0.01112,0.05633,2.7856,36.3912,0.89573,2.35163,2.26012,0,10.9341,16.0,1,25.152,0.2106,0.0702,1,19.678,0.1063,0.5598,1,32.0,0.0,0.7034,1,0,1,165
task_attr_mod_color_123744,hat,20,170,0.952053,0.992991,0.815774,0.938333,0,0.89685,0.9246,0.20363,0.01181,0.05755,2.5709,36.6772,0.89586,2.36582,2.26012,0,10.8715,16.0,1,25.046,0.2057,0.0673,1,19.687,0.1038,0.5606,1,32.0,0.0037,0.7079,1,0,1,168
task_attr_mod_color_123744,hat,20,171,0.939609,0.995007,0.820893,0.925745,0,0.89867,0.92447,0.2037,0.01189,0.0584,2.60586,36.5872,0.89606,2.36218,2.26012,0,10.8225,16.0,1,24.903,0.2105,0.0702,1,19.734,0.1049,0.5589,1,31.973,0.0,0.7018,1,0,1,168
task_attr_mod_color_123744,hat,20,172,0.895887,0.989371,0.533405,0.884427,0,0.89358,0.91847,0.20043,0.00772,0.04155,2.7276,37.2692,0.88609,2.35756,2.26012,0,11.2883,16.0,1,25.202,0.2076,0.0682,1,19.838,0.098,0.5604,1,31.975,0.0,0.7052,1,0,1,169
task_attr_mod_color_123744,hat,21,173,0.8993,0.997664,0.718686,0.888268,0,0.90107,0.92506,0.20197,0.01041,0.05305,2.71581,37.8406,0.88744,2.34556,2.26012,0,11.242,16.0,1,25.058,0.2097,0.0683,1,19.72,0.1041,0.5609,1,31.936,0.0,0.7058,1,0,1,166
task_attr_mod_color_123744,hat,21,174,0.902497,0.999635,0.733778,0.891357,0,0.90285,0.93351,0.20216,0.01063,0.05321,2.7064,37.7554,0.88749,2.34786,2.26012,0,11.2153,16.0,1,24.982,0.2116,0.0701,1,19.682,0.1049,0.5596,1,31.994,0.0019,0.7045,1,0,1,166
task_attr_mod_color_123744,hat,21,175,0.94022,0.994575,0.749195,0.926336,0,0.89828,0.91684,0.20234,0.01085,0.05561,2.6042,36.4277,0.89543,2.35195,2.26012,0,10.963,16.0,1,25.143,0.2079,0.0685,1,19.652,0.1006,0.5607,1,32.0,0.0,0.7051,1,0,1,165
task_attr_mod_color_123744,hat,21,176,0.879747,0.999059,0.725802,0.870607,0,0.90233,0.92941,0.20204,0.01051,0.05281,2.7709,37.7192,0.88767,2.34463,2.26012,0,11.2097,16.0,1,25.116,0.2097,0.069,1,19.807,0.1002,0.5593,1,31.97,0.0045,0.7053,1,0,1,166
task_attr_mod_color_123744,hat,21,177,0.953185,0.988441,0.62022,0.939846,0,0.89274,0.92693,0.20062,0.00898,0.04735,2.56676,36.4462,0.89025,2.34765,2.26012,0,11.216,16.0,1,25.033,0.2064,0.0701,1,19.69,0.1041,0.5575,1,32.0,0.0025,0.7035,1,0,1,163
task_attr_mod_color_123744,hat,21,178,0.939212,0.987633,0.611639,0.925294,0,0.89201,0.91835,0.20046,0.00886,0.04579,2.60713,36.5399,0.89018,2.34553,2.26012,0,11.2683,16.0,1,25.04,0.2041,0.0664,1,19.664,0.1089,0.5601,1,31.912,0.0,0.7033,1,0,1,163
task_attr_mod_color_123744,hat,21,179,0.924503,0.999413,0.734025,0.911574,0,0.90265,0.9259,0.20219,0.01063,0.05411,2.64637,37.7713,0.88738,2.34406,2.26012,0,11.2251,16.0,1,25.014,0.2066,0.0679,1,19.675,0.1077,0.5602,1,32.0,0.0,0.703,1,0,1,166
task_attr_mod_color_123744,hat,21,180,0.951421,0.987345,0.615598,0.938024,0,0.89175,0.93709,0.20044,0.00891,0.04604,2.57175,36.7465,0.88735,2.34615,2.26012,0,11.385,16.0,1,25.05,0.2051,0.0703,1,19.722,0.105,0.5574,1,31.975,0.0,0.7056,1,0,1,164
task_attr_mod_color_123744,hat,21,181,0.944864,0.990412,0.593274,0.930987,0,0.89452,0.92469,0.20012,0.00859,0.04485,2.59119,36.7916,0.88739,2.33968,2.26012,0,11.4026,16.0,1,25.038,0.2068,0.069,1,19.721,0.1015,0.5594,1,31.972,0.0,0.703,1,0,1,164
task_attr_mod_color_123744,hat,22,182,0.945395,0.991342,0.58873,0.93151,0,0.89536,0.92302,0.20006,0.00853,0.0446,2.58974,36.7721,0.88735,2.34242,2.26012,0,11.4067,16.0,1,25.08,0.2088,0.0677,1,19.684,0.1027,0.5593,1,32.0,0.0003,0.7036,1,0,1,164
task_attr_mod_color_123744,hat,22,183,0.933142,0.995394,0.774546,0.919498,0,0.89902,0.91601,0.2027,0.01122,0.05647,2.62357,36.377,0.89556,2.35107,2.26012,0,10.9362,16.0,1,25.031,0.2051,0.0684,1,19.661,0.1025,0.5595,1,31.977,0.001,0.7032,1,0,1,165
task_attr_mod_color_123744,hat,22,184,0.879253,0.998627,0.766289,0.870118,0,0.90194,0.91878,0.20257,0.0111,0.05676,2.77246,36.4636,0.89564,2.3495,2.26012,0,10.9474,16.0,1,25.051,0.2087,0.07,1,19.71,0.1048,0.5599,1,31.989,0.0,0.7071,1,0,1,165
task_attr_mod_color_123744,hat,22,185,0.925673,0.989692,0.598313,0.912108,0,0.89387,0.93988,0.20019,0.00866,0.04429,2.64482,36.7804,0.88735,2.34121,2.26012,0,11.4093,16.0,1,25.005,0.2085,0.0685,1,19.666,0.1027,0.5594,1,31.992,0.0,0.7038,1,0,1,164
task_attr_mod_color_123744,hat,22,186,0.954862,0.987898,0.582697,0.941738,0,0.89225,0.93939,0.19997,0.00844,0.04338,2.56161,36.7561,0.88729,2.34235,2.26012,0,11.4111,16.0,1,25.046,0.2088,0.0684,1,19.733,0.1049,0.5594,1,31.97,0.0022,0.7023,1,0,1,164
task_attr_mod_color_123744,hat,22,187,0.958174,0.988684,0.615057,0.945349,0,0.89296,0.91818,0.2005,0.00891,0.04688,2.55182,36.5574,0.89013,2.34372,2.26012,0,11.2713,16.0,1,25.069,0.206,0.0692,1,19.657,0.1029,0.5609,1,31.991,0.002,0.7033,1,0,1,163
task_attr_mod_color_123744,hat,22,188,0.956306,0.990855,0.631102,0.943031,0,0.89492,0.93577,0.2007,0.00914,0.0464,2.5581,36.714,0.88746,2.34289,2.26012,0,11.3782,16.0,1,25.02,0.208,0.0674,1,19.737,0.1014,0.5579,1,31.929,0.0,0.7033,1,0,1,164
task_attr_mod_color_123744,hat,22,189,0.935678,0.995405,0.738405,0.921937,0,0.89903,0.91557,0.20219,0.01069,0.05463,2.61663,36.3962,0.8956,2.35073,2.26012,0,10.949,16.0,1,25.068,0.2059,0.0684,1,19.729,0.1038,0.5604,1,31.946,0.0,0.7032,1,0,1,165
task_attr_mod_color_123744,hat,22,190,0.939777,0.999557,0.749315,0.926037,0,0.90278,0.91788,0.20235,0.01085,0.05532,2.60504,36.379,0.89543,2.35296,2.26012,0,10.9568,16.0,1,25.017,0.2099,0.0676,1,19.678,0.1006,0.5605,1,31.971,0.0017,0.7036,1,0,1,165
task_attr_mod_color_123744,hat,23,191,0.952901,0.989061,0.615971,0.939485,0,0.8933,0.93901,0.20045,0.00892,0.04627,2.56775,36.7477,0.88741,2.34167,2.26012,0,11.3972,16.0,1,25.03,0.2091,0.0692,1,19.741,0.1015,0.559,1,31.977,0.0007,0.7038,1,0,1,164
task_attr_mod_color_123744,hat,23,192,0.941065,0.984842,0.599977,0.927234,0,0.88949,0.94019,0.2002,0.00869,0.04501,2.60168,36.7478,0.88733,2.33737,2.26012,0,11.4223,16.0,1,25.04,0.2102,0.0683,1,19.695,0.1021,0.5602,1,31.994,0.0,0.7041,1,0,1,164
task_attr_mod_color_123744,hat,23,193,0.955429,0.988197,0.596967,0.942334,0,0.89252,0.93938,0.20015,0.00864,0.0448,2.55999,36.7853,0.8873,2.34361,2.26012,0,11.4255,16.0,1,25.025,0.207,0.0699,1,19.715,0.1028,0.5605,1,31.954,0.0004,0.7033,1,0,1,164
task_attr_mod_color_123744,hat,23,194,0.927507,0.996811,0.741174,0.914221,0,0.9003,0.91838,0.20222,0.01073,0.05473,2.63871,36.4234,0.89548,2.34684,2.26012,0,10.9578,16.0,1,25.047,0.2085,0.0687,1,19.749,0.1016,0.5604,1,31.952,0.0,0.7052,1,0,1,165
task_attr_mod_color_123744,hat,23,195,0.917936,0.989138,0.608285,0.904765,0,0.89337,0.94029,0.20034,0.00881,0.04548,2.66629,36.771,0.88731,2.34112,2.26012,0,11.4059,16.0,1,25.036,0.2075,0.0676,1,19.749,0.1049,0.5586,1,31.964,0.0002,0.7047,1,0,1,164
task_attr_mod_color_123744,hat,23,196,0.886837,0.999701,0.71565,0.877114,0,0.90291,0.92548,0.20191,0.01036,0.05282,2.75034,37.7038,0.88754,2.34564,2.26012,0,11.2071,16.0,1,25.059,0.208,0.0689,1,19.734,0.1036,0.5593,1,32.0,0.0,0.7033,1,0,1,166
task_attr_mod_color_123744,hat,23,197,0.928518,0.996324,0.74213,0.915147,0,0.89986,0.91709,0.20224,0.01075,0.05459,2.63604,36.4099,0.89559,2.34964,2.26012,0,10.9516,16.0,1,25.07,0.206,0.0683,1,19.742,0.1039,0.5606,1,31.994,0.0014,0.7032,1,0,1,165
task_attr_mod_color_123744,hat,23,198,0.881314,0.996601,0.730067,0.871811,0,0.90011,0.91573,0.20206,0.01057,0.05457,2.76707,36.4563,0.89559,2.34885,2.26012,0,10.9535,16.0,1,25.026,0.2103,0.0695,1,19.773,0.104,0.5604,1,31.984,0.0003,0.7054,1,0,1,165
task_attr_mod_color_123744,hat,23,199,0.940089,0.985429,0.608636,0.926216,0,0.89002,0.94084,0.20034,0.00881,0.04562,2.60454,36.8242,0.88734,2.34121,2.26012,0,11.4141,16.0,1,25.042,0.2093,0.0675,1,19.694,0.1028,0.5595,1,31.974,0.0008,0.705,1,0,1,164
task_attr_mod_color_123744,hat,24,200,0.928968,0.992482,0.621575,0.91538,0,0.89639,0.92599,0.20051,0.009,0.04704,2.63537,36.8092,0.88729,2.34066,2.26012,0,11.4168,16.0,1,25.089,0.208,0.0689,1,19.712,0.1039,0.5596,1,31.993,0.0,0.7043,1,0,1,164
task_attr_mod_color_123744,hat,24,201,0.887053,0.997442,0.734406,0.877106,0,0.90087,0.92969,0.20219,0.01063,0.05382,2.75037,37.7685,0.88747,2.34763,2.26012,0,11.2284,16.0,1,25.038,0.2094,0.0689,1,19.736,0.1039,0.5603,1,31.95,0.0,0.7048,1,0,1,166
task_attr_mod_color_123744,hat,24,202,0.936059,0.993346,0.752148,0.922241,0,0.89717,0.92155,0.20237,0.01089,0.05575,2.61576,36.3847,0.89564,2.3476,2.26012,0,10.935,16.0,1,25.068,0.209,0.0677,1,19.717,0.104,0.5594,1,32.0,0.0,0.7041,1,0,1,165
task_attr_mod_color_123744,hat,24,203,0.951315,0.987743,0.604769,0.937878,0,0.89211,0.92683,0.20027,0.00876,0.04573,2.57215,36.7732,0.88734,2.34052,2.26012,0,11.4174,16.0,1,25.029,0.2093,0.069,1,19.692,0.102,0.56,1,31.95,0.0,0.7039,1,0,1,164
task_attr_mod_color_123744,hat,24,204,0.880934,0.996379,0.739639,0.871445,0,0.89991,0.9233,0.2022,0.01071,0.05427,2.76823,36.4007,0.89556,2.3479,2.26012,0,10.9483,16.0,1,25.031,0.2084,0.0688,1,19.727,0.1028,0.5601,1,31.987,0.0,0.7046,1,0,1,165
task_attr_mod_color_123744,hat,24,205,0.934652,0.994663,0.740138,0.920921,0,0.89836,0.92008,0.2022,0.01072,0.05427,2.61951,36.3981,0.89558,2.34968,2.26012,0,10.9373,16.0,1,25.039,0.2093,0.0692,1,19.682,0.103,0.5594,1,31.995,0.0,0.7046,1,0,1,165
task_attr_mod_color_123744,hat,24,206,0.937353,0.996324,0.740793,0.923586,0,0.89986,0.91905,0.20221,0.01073,0.05461,2.61196,36.3884,0.89556,2.35032,2.26012,0,10.9405,16.0,1,25.057,0.2079,0.0688,1,19.735,0.1026,0.5597,1,31.961,0.0008,0.704,1,0,1,165
task_attr_mod_color_123744,hat,24,207,0.903404,0.996224,0.743613,0.891886,0,0.89977,0.91369,0.20225,0.01077,0.0554,2.70479,36.382,0.89556,2.34981,2.26012,0,10.9363,16.0,1,25.025,0.2081,0.0681,1,19.751,0.1024,0.5593,1,31.948,0.0,0.7041,1,0,1,165
task_attr_mod_color_123744,hat,24,208,0.941543,0.987622,0.611075,0.927655,0,0.892,0.92422,0.20037,0.00885,0.04537,2.6005,36.7661,0.88739,2.33827,2.26012,0,11.4061,16.0,1,25.046,0.2097,0.0686,1,19.733,0.1014,0.5595,1,31.98,0.0,0.7035,1,0,1,164
task_attr_mod_color_123744,hat,25,209,0.949656,0.986647,0.588493,0.936175,0,0.89112,0.92509,0.20004,0.00852,0.0441,2.57683,36.7401,0.88732,2.34127,2.26012,0,11.4121,16.0,1,25.036,0.2077,0.0689,1,19.7,0.1032,0.5595,1,31.947,0.0,0.7037,1,0,1,164
task_attr_mod_color_123744,hat,25,210,0.928609,0.988175,0.607746,0.914862,0,0.8925,0.92219,0.20031,0.0088,0.04591,2.63686,36.7877,0.88731,2.34042,2.26012,0,11.423,16.0,1,25.026,0.2078,0.0685,1,19.741,0.1027,0.5601,1,31.991,0.0,0.7043,1,0,1,164
task_attr_mod_color_123744,hat,25,211,0.92739,0.988031,0.60281,0.913682,0,0.89237,0.94066,0.20025,0.00873,0.04498,2.64027,36.7303,0.88733,2.34081,2.26012,0,11.4124,16.0,1,25.047,0.2074,0.0683,1,19.713,0.103,0.5596,1,31.988,0.0002,0.7036,1,0,1,164
task_attr_mod_color_123744,hat,25,212,0.91239,0.996501,0.72904,0.900146,0,0.90002,0.91863,0.20204,0.01056,0.05423,2.67997,36.3804,0.89557,2.3512,2.26012,0,10.9366,16.0,1,25.038,0.2084,0.0678,1,19.704,0.1024,0.5592,1,31.984,0.0,0.7046,1,0,1,165
task_attr_mod_color_123744,hat,25,213,0.924995,0.986758,0.601978,0.911331,0,0.89122,0.92591,0.20023,0.00872,0.04473,2.64708,36.7914,0.88731,2.34052,2.26012,0,11.427,16.0,1,25.019,0.2082,0.0683,1,19.736,0.1025,0.5605,1,31.965,0.0005,0.7039,1,0,1,164
task_attr_mod_color_123744,hat,25,214,0.872977,0.996623,0.758471,0.864224,0,0.90013,0.92877,0.20246,0.01098,0.0556,2.79136,36.4118,0.89557,2.35073,2.26012,0,10.9299,16.0,1,25.048,0.2083,0.0694,1,19.709,0.1025,0.5589,1,31.965,0.001,0.705,1,0,1,165
task_attr_mod_color_123744,hat,25,215,0.947951,0.991264,0.59213,0.934135,0,0.89529,0.9387,0.20008,0.00857,0.04417,2.58246,36.8075,0.88729,2.34121,2.26012,0,11.4283,16.0,1,25.032,0.2089,0.0688,1,19.71,0.1027,0.5607,1,31.976,0.0,0.7031,1,0,1,164
task_attr_mod_color_123744,hat,25,216,0.903207,0.996092,0.721253,0.891695,0,0.89965,0.92013,0.20193,0.01044,0.05394,2.70537,36.3883,0.89559,2.35314,2.26012,0,10.9309,16.0,1,25.046,0.208,0.0689,1,19.692,0.103,0.5593,1,31.974,0.0002,0.7031,1,0,1,165
task_attr_mod_color_123744,hat,25,217,0.874708,0.996822,0.739892,0.865818,0,0.90031,0.91669,0.20219,0.01071,0.05496,2.78623,36.3708,0.89562,2.35057,2.26012,0,10.9333,16.0,1,25.039,0.2076,0.0688,1,19.711,0.1037,0.5593,1,32.0,0.0004,0.7039,1,0,1,165
task_attr_mod_color_123744,hat,26,218,0.92966,0.997265,0.751136,0.916278,0,0.90071,0.91946,0.20236,0.01088,0.05543,2.63279,36.3812,0.89556,2.35143,2.26012,0,10.9391,16.0,1,25.014,0.2086,0.0691,1,19.723,0.1027,0.5596,1,31.975,0.0,0.7041,1,0,1,165
task_attr_mod_color_123744,hat,26,219,0.925645,0.990079,0.581702,0.9121,0,0.89422,0.92655,0.19995,0.00842,0.04328,2.64485,36.7634,0.88734,2.3414,2.26012,0,11.4098,16.0,1,25.016,0.2082,0.0684,1,19.71,0.1029,0.5595,1,31.995,0.0,0.7032,1,0,1,164
task_attr_mod_color_123744,hat,26,220,0.877614,0.998051,0.76056,0.868575,0,0.90142,0.91848,0.2025,0.01101,0.05635,2.77738,36.4052,0.89555,2.35256,2.26012,0,10.9386,16.0,1,25.033,0.2077,0.0681,1,19.719,0.1022,0.5596,1,31.972,0.0006,0.7034,1,0,1,165
task_attr_mod_color_123744,hat,26,221,0.923468,0.994863,0.73802,0.910309,0,0.89854,0.91964,0.20217,0.01069,0.05392,2.65005,36.3983,0.89561,2.34773,2.26012,0,10.9399,16.0,1,25.036,0.2072,0.0687,1,19.723,0.1036,0.5597,1,31.985,0.0,0.7041,1,0,1,165
task_attr_mod_color_123744,hat,26,222,0.912643,0.999358,0.728111,0.90061,0,0.9026,0.92044,0.2021,0.01054,0.05447,2.67859,37.7256,0.88755,2.3453,2.26012,0,11.2187,16.0,1,25.035,0.2075,0.069,1,19.721,0.1022,0.56,1,31.97,0.0,0.7036,1,0,1,166
task_attr_mod_color_123744,hat,26,223,0.913939,0.993988,0.736417,0.90138,0,0.89775,0.92053,0.20215,0.01066,0.05524,2.6763,36.3687,0.89556,2.35171,2.26012,0,10.9418,16.0,1,25.044,0.2074,0.0691,1,19.726,0.1026,0.5597,1,31.981,0.0,0.7043,1,0,1,165
task_attr_mod_color_123744,hat,26,224,0.905645,0.997276,0.752231,0.894025,0,0.90072,0.92349,0.20238,0.01089,0.05547,2.69832,36.3948,0.89557,2.34987,2.26012,0,10.943,16.0,1,25.038,0.2079,0.0691,1,19.725,0.1029,0.5599,1,31.977,0.0,0.7035,1,0,1,165
task_attr_mod_color_123744,hat,26,225,0.898863,0.996468,0.750405,0.887764,0,0.89999,0.91826,0.20234,0.01087,0.05545,2.71735,36.3756,0.89558,2.35051,2.26012,0,10.9337,16.0,1,25.046,0.2079,0.0685,1,19.735,0.1027,0.5591,1,31.978,0.0005,0.7046,1,0,1,165
task_attr_mod_color_123744,hat,26,226,0.939473,0.997752,0.736722,0.925684,0,0.90115,0.92038,0.20215,0.01067,0.05474,2.60603,36.3897,0.89563,2.34926,2.26012,0,10.9383,16.0,1,25.053,0.2075,0.0689,1,19.722,0.104,0.5597,1,31.992,0.0,0.7039,1,0,1,165
task_attr_mod_color_123744,hat,27,227,0.933273,0.99762,0.772992,0.919723,0,0.90103,0.91717,0.20268,0.01119,0.05728,2.62292,36.3956,0.89558,2.35012,2.26012,0,10.9424,16.0,1,25.041,0.2078,0.0687,1,19.706,0.1031,0.5598,1,31.976,0.0,0.7039,1,0,1,165
task_attr_mod_color_123744,hat,27,228,0.962025,0.992205,0.617204,0.949244,0,0.89614,0.92184,0.20046,0.00894,0.04635,2.54135,36.8236,0.88734,2.34143,2.26012,0,11.4091,16.0,1,25.018,0.2082,0.0691,1,19.708,0.1027,0.5594,1,31.986,0.0,0.704,1,0,1,164
task_attr_mod_color_123744,hat,27,229,0.947393,0.9968,0.75582,0.933471,0,0.90029,0.91607,0.20243,0.01094,0.05629,2.58429,36.3916,0.89558,2.34912,2.26012,0,10.9329,16.0,1,25.045,0.2082,0.0689,1,19.724,0.1028,0.5593,1,31.973,0.0,0.7038,1,0,1,165
task_attr_mod_color_123744,hat,27,230,0.931629,0.996833,0.756384,0.918121,0,0.90032,0.91643,0.20244,0.01095,0.05578,2.6275,36.3852,0.89561,2.35026,2.26012,0,10.9425,16.0,1,25.043,0.2074,0.0682,1,19.719,0.1037,0.5599,1,31.98,0.0004,0.7039,1,0,1,165
task_attr_mod_color_123744,hat,27,231,0.957299,0.990522,0.601028,0.944156,0,0.89462,0.93979,0.20022,0.0087,0.04467,2.55505,36.7881,0.88731,2.34186,2.26012,0,11.4178,16.0,1,25.037,0.2083,0.0688,1,19.722,0.1034,0.5598,1,31.97,0.0,0.7037,1,0,1,164
task_attr_mod_color_123744,hat,27,232,0.89657,0.997985,0.763083,0.885811,0,0.90136,0.92861,0.20254,0.01105,0.05625,2.72334,36.3898,0.89557,2.35101,2.26012,0,10.9394,16.0,1,25.032,0.2083,0.0687,1,19.721,0.1028,0.5597,1,31.988,0.0001,0.7037,1,0,1,165
task_attr_mod_color_123744,hat,27,233,0.904416,0.996756,0.767045,0.892857,0,0.90025,0.91809,0.20259,0.01111,0.05632,2.70185,36.3977,0.89558,2.35044,2.26012,0,10.9421,16.0,1,25.028,0.2085,0.0684,1,19.733,0.103,0.5598,1,31.993,0.0,0.7042,1,0,1,165
task_attr_mod_color_123744,hat,27,234,0.8879,0.996081,0.768637,0.877752,0,0.89964,0.91377,0.20261,0.01113,0.0568,2.74834,36.38,0.89557,2.35062,2.26012,0,10.9346,16.0,1,25.028,0.2082,0.0689,1,19.734,0.1026,0.5593,1,31.994,0.0007,0.7042,1,0,1,165
task_attr_mod_color_123744,hat,27,235,0.893852,0.997387,0.762512,0.883284,0,0.90082,0.9193,0.20253,0.01104,0.05646,2.73113,36.4075,0.89555,2.35282,2.26012,0,10.9491,16.0,1,25.027,0.2087,0.0684,1,19.724,0.1027,0.5602,1,31.973,0.0,0.7041,1,0,1,165
task_attr_mod_color_123744,hat,28,236,0.935859,0.993921,0.755692,0.922063,0,0.89769,0.91999,0.20243,0.01094,0.05573,2.61627,36.4093,0.8956,2.34923,2.26012,0,10.9418,16.0,1,25.031,0.2078,0.0687,1,19.731,0.1036,0.5598,1,31.984,0.0,0.7043,1,0,1,165
task_attr_mod_color_123744,hat,28,237,0.86726,0.99649,0.736341,0.858997,0,0.90001,0.92059,0.20215,0.01066,0.05417,2.80835,36.3905,0.89559,2.34994,2.26012,0,10.9394,16.0,1,25.043,0.2078,0.0688,1,19.724,0.1032,0.5596,1,31.983,0.0,0.7042,1,0,1,165
task_attr_mod_color_123744,hat,28,238,0.903197,0.996424,0.752998,0.891714,0,0.89995,0.91229,0.20239,0.0109,0.05625,2.70531,36.393,0.8956,2.35032,2.26012,0,10.9403,16.0,1,25.036,0.2081,0.0683,1,19.725,0.1034,0.5597,1,31.987,0.0002,0.704,1,0,1,165
task_attr_mod_color_123744,hat,28,239,0.892049,0.995128,0.768595,0.88144,0,0.89878,0.92249,0.20262,0.01113,0.05659,2.73684,36.4051,0.89557,2.35171,2.26012,0,10.9444,16.0,1,25.039,0.208,0.0688,1,19.721,0.1029,0.5599,1,31.982,0.0,0.7041,1,0,1,165
task_attr_mod_color_123744,hat,28,240,0.929705,0.995604,0.768762,0.916232,0,0.89921,0.91486,0.20261,0.01113,0.05661,2.63292,36.3895,0.8956,2.34846,2.26012,0,10.9365,16.0,1,25.037,0.2079,0.0687,1,19.721,0.1033,0.5595,1,31.985,0.0,0.704,1,0,1,165
task_env_weather_126577,clothing,1,1,0.977294,0.99993,1.0,0.965845,0,0.99408,0.95133,0.21011,0.01148,0.04268,2.4707,25.1155,0.94572,2.5635,2.62696,0,5.8447,16.0,1,24.0,0.0,0.05,1,24.0,0.0,0.5,1,24.0,0.0,0.5,0,0,1,0
task_env_weather_126577,clothing,2,2,0.998677,0.999839,0.524498,0.997567,0,0.99399,0.87817,0.21476,0.00598,0.01889,2.39214,36.1868,0.9649,2.55727,2.62696,0,6.789,16.0,8,20.714,0.0,0.239,1,8.336,0.2118,0.7786,1,19.483,0.0,0.5605,0,7,1,43
task_env_weather_126577,clothing,2,3,0.95311,0.977307,1.0,0.941327,0,0.97159,0.91824,0.21527,0.01448,0.07449,2.53505,43.368,0.94574,2.57774,2.62696,0,10.9075,16.0,1,28.179,0.0,0.05,2,32.0,0.4934,0.7576,1,32.0,0.0,0.237,0,0,1,0
task_env_weather_126577,clothing,2,4,0.990979,0.999105,0.985326,0.984867,0,0.99326,0.97223,0.21081,0.01124,0.03986,2.42298,12.579,0.95377,2.54894,2.62696,0,1.8539,16.0,1,30.079,0.0,0.1361,1,18.392,0.1435,0.1947,1,27.227,0.0,0.1959,0,0,1,0
task_env_weather_126577,clothing,2,5,0.999798,0.999598,0.894564,1.0,0,0.99375,0.96869,0.21207,0.0102,0.03732,2.30478,20.5464,0.95275,2.56265,2.62696,0,2.8559,16.0,16,23.603,0.0329,0.05,4,32.0,0.092,0.1903,1,16.597,0.6947,0.5123,0,0,1,997
task_env_weather_126577,clothing,2,6,0.995275,0.999769,1.0,0.991469,0,0.99392,0.94207,0.2096,0.01351,0.04752,2.40685,40.365,0.95166,2.55932,2.62696,0,6.2587,16.0,1,20.237,0.0,0.4595,4,32.0,0.2276,0.05,1,32.0,0.4032,0.519,1,4,1,6
task_env_weather_126577,clothing,2,7,0.98474,0.995987,1.0,0.977041,0,0.99016,0.94141,0.20837,0.01435,0.04414,2.44239,29.9206,0.95666,2.55617,2.62696,0,5.0558,16.0,1,32.0,0.0,0.2003,1,31.966,0.0,0.286,1,22.218,0.0,0.7818,2,0,1,0
task_env_weather_126577,clothing,2,8,0.995817,0.998783,0.914228,0.993166,0,0.99294,0.96859,0.21099,0.01043,0.0387,2.40274,19.0691,0.95174,2.55846,2.62696,0,2.6159,16.0,1,30.361,0.0,0.05,4,32.0,0.0,0.1164,1,32.0,0.0,0.4896,3,0,1,0
task_env_weather_126577,clothing,2,9,0.977529,1.0,1.0,0.966118,0,0.9943,0.93107,0.21612,0.01445,0.05304,2.47,45.5516,0.94815,2.56551,2.62696,0,7.1942,16.0,1,22.659,0.0,0.05,1,24.049,0.1222,0.2273,1,32.0,1.0315,0.7553,13,5,1,457
task_env_weather_126577,clothing,2,10,0.97516,0.998743,1.0,0.963505,0,0.9929,0.92744,0.21091,0.01526,0.06594,2.4767,36.4671,0.94295,2.54835,2.62696,0,9.15,16.0,2,25.002,0.0,0.05,1,31.035,0.0,0.654,2,32.0,0.0,0.4803,8,8,1,0
task_env_weather_126577,clothing,3,11,1000.0,0.883881,1.0,0.852901,0,0.87871,0.84623,0.23123,0.02364,0.06298,2.79788,84.9973,1.03426,2.58829,2.62696,1,21.8379,16.0,2,32.0,0.0,0.1642,2,20.076,1.2982,0.998,2,19.869,0.0,0.05,0,4,1,0
task_env_weather_126577,clothing,3,12,0.94935,0.994337,0.663259,0.935485,0,0.98852,0.95517,0.20907,0.00756,0.03175,2.55089,38.1628,0.94056,2.56023,2.62696,0,8.3275,16.0,1,32.0,0.0456,0.05,4,22.583,0.7811,0.7467,4,32.0,0.2792,0.3385,0,0,1,16
task_env_weather_126577,clothing,3,13,0.961752,0.996238,1.0,0.948483,0,0.99041,0.94881,0.20773,0.01224,0.03809,2.51593,45.1156,0.93026,2.55602,2.62696,0,12.0249,16.0,1,32.0,0.0,0.05,1,32.0,0.6302,0.9024,1,32.0,0.2102,0.2167,0,10,1,0
task_env_weather_126577,clothing,3,14,0.984114,0.999608,0.791808,0.974699,0,0.99376,0.96449,0.21053,0.00903,0.04553,2.44826,28.6082,0.94488,2.56166,2.62696,0,6.8347,16.0,1,31.143,0.0,0.05,2,13.031,0.8259,0.4423,1,30.546,0.0,0.05,0,0,1,97
task_env_weather_126577,clothing,3,15,0.918648,0.991691,0.939707,0.905594,0,0.98589,0.94202,0.20542,0.01072,0.04092,2.63508,34.9437,0.9497,2.54669,2.62696,0,8.1584,16.0,2,23.943,0.0596,0.2147,4,31.317,0.4311,0.8992,1,32.0,0.8143,0.05,2,3,1,258
task_env_weather_126577,clothing,3,16,1000.0,0.917799,1.0,0.87313,0,0.91243,0.89189,0.22908,0.02317,0.06151,2.73306,78.0422,1.00519,2.56565,2.62696,1,20.3818,16.0,1,32.0,0.3676,0.05,2,32.0,1.1984,0.9763,1,32.0,0.5318,0.05,0,5,1,0
task_env_weather_126577,clothing,3,17,0.932807,0.958759,1.0,0.920688,0,0.95315,0.84365,0.21907,0.01805,0.06801,2.59188,56.8485,0.95318,2.5724,2.62696,0,13.9883,16.0,2,32.0,0.0,0.05,2,32.0,0.8614,0.7324,1,23.609,0.0,0.2601,0,3,1,0
task_env_weather_126577,clothing,3,18,1.0,1.0,1.0,1.0,0,0.99435,0.93921,0.2078,0.01181,0.04531,2.34809,22.2432,0.94872,2.55812,2.62696,0,5.3044,16.0,1,27.545,0.3305,0.1118,2,32.0,0.1396,0.4577,16,30.181,1.0275,0.1682,6,0,1,0
task_env_weather_126577,clothing,3,19,0.944014,0.984449,1.0,0.930318,0,0.97869,0.9005,0.21967,0.01386,0.04574,2.56505,56.6455,0.94157,2.5526,2.62696,0,14.5042,16.0,1,26.025,0.0,0.05,8,26.852,0.7638,1.0,4,32.0,0.0,0.3002,3,4,1,0
task_env_weather_126577,clothing,4,20,0.999136,0.9983,1.0,1.0,0,0.99246,0.94318,0.21062,0.01513,0.0617,2.36479,38.0924,0.94117,2.5589,2.62696,0,10.4875,16.0,1,8.894,0.426,0.05,2,9.66,0.6815,1.0,1,32.0,0.0,0.05,0,0,1,430
task_env_weather_126577,clothing,4,21,1000.0,0.849037,0.95083,0.898971,0,0.84407,0.96033,0.21154,0.01084,0.04674,2.6545,96.7241,0.81145,2.66128,2.62696,1,19.8398,16.0,16,27.198,0.0,0.5505,16,32.0,1.2763,1.0,4,20.528,0.3845,0.406,1,11,0,883
task_env_weather_126577,clothing,4,22,0.971765,0.99664,1.0,0.959848,0,0.99081,0.96356,0.21499,0.01222,0.04802,2.48614,24.426,0.95159,2.5501,2.62696,0,4.7843,16.0,1,16.482,0.0,0.5248,4,24.184,0.0,1.0,1,27.632,1.5,0.05,0,6,1,51
task_env_weather_126577,clothing,4,23,0.972467,0.990816,1.0,0.962129,0,0.98502,0.93023,0.21049,0.01578,0.05168,2.48024,46.5371,0.93972,2.55489,2.62696,0,11.5729,16.0,1,32.0,0.0,0.5624,1,30.648,0.5535,0.5507,8,30.054,0.3274,0.05,8,0,1,554
task_env_weather_126577,clothing,4,24,0.90246,0.964563,1.0,0.88881,0,0.95892,0.92829,0.21844,0.01927,0.06968,2.68484,52.5165,0.93602,2.55485,2.62696,0,12.7146,16.0,1,27.322,0.6363,0.4514,1,28.427,0.723,1.0,1,32.0,0.5959,0.05,0,5,1,407
task_env_weather_126577,clothing,4,25,0.985318,1.0,1.0,0.976197,0,0.99434,0.9242,0.20966,0.0123,0.04595,2.4445,28.5873,0.94327,2.56045,2.62696,0,7.2016,16.0,1,24.771,0.2259,0.05,16,18.993,0.0,0.6525,4,32.0,0.753,0.386,0,0,1,338
task_env_weather_126577,clothing,4,26,0.9652,0.972801,1.0,0.959388,0,0.96711,0.94253,0.21948,0.01225,0.05041,2.48733,48.8997,0.96036,2.55748,2.62696,0,12.2865,16.0,8,19.37,0.2974,0.6156,32,27.314,0.0,1.0,2,8.833,1.3354,1.0,4,0,1,392
task_env_weather_126577,clothing,4,27,0.983492,0.992214,0.345201,0.977052,0,0.98641,0.97162,0.21722,0.00394,0.01709,2.44236,46.9659,0.97137,2.5583,2.62696,0,10.4354,16.0,2,15.931,1.5,0.2882,2,24.997,1.1822,1.0,1,32.0,1.1683,0.05,0,13,1,72
task_env_weather_126577,clothing,4,28,0.925919,0.998421,0.5656,0.91283,0,0.99258,0.93302,0.21025,0.00645,0.02647,2.61419,42.9909,0.8992,2.52363,2.62696,0,9.0058,16.0,1,32.0,0.0,0.1745,2,32.0,0.3877,0.294,1,32.0,0.449,0.6216,12,7,0,581
task_env_weather_126577,clothing,5,29,0.981693,0.980265,0.701342,0.983208,0,0.97453,0.8465,0.21685,0.008,0.02965,2.42707,56.0683,0.97501,2.56413,2.62696,0,11.8723,16.0,4,21.859,0.1178,0.563,8,28.506,1.2939,1.0,1,32.0,0.4404,0.2233,0,10,1,484
task_env_weather_126577,clothing,5,30,0.95773,0.943952,0.437255,1.0,0,0.93843,0.90561,0.22514,0.00499,0.02119,2.26299,57.7902,1.04419,2.40252,2.62696,0,12.3849,16.0,1,29.749,0.2735,0.7794,2,9.847,0.5959,0.9733,1,23.015,0.0,0.0732,5,4,1,279
task_env_weather_126577,clothing,5,31,1000.0,0.866268,1.0,0.789722,0,0.8612,0.9127,0.22686,0.02452,0.06778,3.02172,76.8615,1.00692,2.57244,2.62696,1,19.5064,16.0,16,31.623,0.9679,0.7378,1,11.524,1.0808,0.821,1,32.0,0.0506,0.05,0,0,1,353
task_env_weather_126577,clothing,5,32,0.984359,0.974893,0.982026,1.0,0,0.96919,0.94386,0.21854,0.0112,0.05835,2.37085,59.6023,1.05292,2.51235,2.62696,0,12.1271,16.0,2,32.0,0.7047,0.4575,2,23.73,1.4597,0.9733,1,32.0,1.0859,0.05,0,0,1,182
task_env_weather_126577,clothing,5,33,0.998916,0.997878,1.0,1.0,0,0.99204,0.9692,0.21425,0.01153,0.04083,2.36709,34.3316,0.95055,2.54757,2.62696,0,6.6746,16.0,1,12.467,0.6367,0.4037,1,6.714,0.9221,1.0,4,32.0,1.2892,0.1292,0,7,1,844
task_env_weather_126577,clothing,5,34,1000.0,0.939496,1.0,0.846701,0,0.934,0.95665,0.21716,0.01897,0.04551,2.81837,71.5225,0.99416,2.58479,2.62696,1,17.0527,16.0,1,13.048,0.4726,0.3206,1,12.977,1.3454,0.8569,1,32.0,1.2653,0.05,3,9,1,323
task_env_weather_126577,clothing,5,35,1.0,1.0,1.0,1.0,0,0.99416,0.93815,0.2111,0.01441,0.04885,2.37571,34.5515,0.94098,2.55717,2.62696,0,8.4575,16.0,1,32.0,0.8134,0.0506,1,32.0,0.0,0.7052,8,29.803,0.7676,0.2427,0,4,1,116
task_env_weather_126577,clothing,5,36,0.969515,0.991178,0.0,0.958293,0,0.98538,0.90557,0.2131,-0.00227,-0.00797,2.49017,34.3032,0.96241,2.55014,2.62696,0,6.2502,16.0,1,15.33,0.2727,0.6277,8,32.0,0.5608,0.8748,1,32.0,0.6364,0.1983,0,7,1,391
task_env_weather_126577,clothing,5,37,0.983719,0.982528,0.737496,0.98497,0,0.97678,0.91861,0.21645,0.00841,0.03035,2.42273,53.1728,1.0887,2.58377,2.62696,0,9.8349,16.0,1,32.0,0.6994,0.7402,1,17.539,0.7093,0.3516,1,29.783,0.4242,0.05,12,0,1,383
task_env_weather_126577,clothing,6,38,0.957943,0.983252,0.386072,0.945942,0,0.9775,0.92951,0.20731,0.0044,0.01554,2.52269,45.2405,0.9627,2.55034,2.62696,0,10.0897,16.0,1,24.224,0.6997,0.6351,4,32.0,0.4673,0.7442,1,32.0,0.9767,0.3154,1,6,1,564
task_env_weather_126577,clothing,6,39,1000.0,0.886053,1.0,0.880261,0,0.88087,0.88224,0.22856,0.02332,0.06245,2.71092,67.1702,0.99357,2.59268,2.62696,1,16.1747,16.0,1,29.104,0.0147,0.4362,1,13.616,0.6455,0.9358,1,21.245,0.3752,0.2324,0,3,1,278
task_env_weather_126577,clothing,6,40,1000.0,0.899432,1.0,0.960797,0,0.89417,0.9164,0.22831,0.01672,0.05267,2.48368,66.8936,0.98591,2.5756,2.62696,1,17.0145,16.0,1,18.918,0.8198,0.4158,1,25.925,0.7156,1.0,1,32.0,0.2447,0.05,0,1,1,290
task_env_weather_126577,clothing,6,41,0.953622,0.990565,0.185781,0.940145,0,0.98477,0.94773,0.21708,0.00212,0.01003,2.53824,44.0914,0.98001,2.56381,2.62696,0,8.8664,16.0,1,32.0,0.66,0.421,2,32.0,0.6617,1.0,1,32.0,0.5343,0.2952,0,8,1,135
task_env_weather_126577,clothing,6,42,0.983322,0.988171,0.248977,0.979264,0,0.98239,0.97271,0.21449,0.00284,0.01173,2.43685,45.3671,1.00257,2.56844,2.62696,0,8.7443,16.0,2,28.029,1.1893,0.5823,4,23.441,0.7202,0.9337,1,31.881,0.4895,0.0733,0,3,1,622
task_env_weather_126577,clothing,6,43,0.982146,0.971956,0.582747,1.0,0,0.96627,0.91228,0.21858,0.00665,0.02639,2.35513,44.3662,1.01399,2.56185,2.62696,0,9.1944,16.0,1,22.879,1.4359,0.6385,1,21.359,0.6918,1.0,4,29.362,1.5,0.05,0,4,1,426
task_env_weather_126577,clothing,6,44,0.910719,0.898899,0.0,1.0,0,0.89364,0.9343,0.23183,-3e-05,-0.00018,2.22297,78.0766,1.06973,2.3193,2.62696,0,15.4466,16.0,1,24.816,0.5815,0.5902,1,25.425,0.7052,1.0,1,32.0,0.2231,0.4311,4,0,1,468
task_env_weather_126577,clothing,6,45,0.988215,0.9897,1.0,0.986813,0,0.98391,0.93515,0.21902,0.02466,0.07461,2.41821,33.6667,0.94046,2.55403,2.62696,0,8.0551,16.0,1,32.0,1.1961,0.3564,1,27.517,0.1981,0.9397,1,32.0,0.6147,0.0719,0,9,1,257
task_env_weather_126577,clothing,6,46,1000.0,0.916592,1.0,0.880112,0,0.91123,0.87125,0.21581,0.01475,0.03483,2.71138,69.7789,1.00053,2.60034,2.62696,1,16.4083,16.0,1,32.0,0.7556,0.2251,1,32.0,0.9606,1.0,4,32.0,1.0598,0.262,0,0,1,202
task_env_weather_126577,clothing,7,47,0.99415,0.990072,0.649835,0.999029,0,0.98428,0.91519,0.21677,0.00741,0.0349,2.38863,38.6029,0.97564,2.59134,2.62696,0,7.8909,16.0,4,32.0,0.5691,0.5986,4,27.038,0.7076,0.9321,2,32.0,0.8079,0.3235,0,8,1,296
task_env_weather_126577,clothing,7,48,0.894772,0.932083,0.567467,0.881268,0,0.92663,0.9176,0.20989,0.00647,0.02224,2.70782,63.504,1.01469,2.55975,2.62696,0,13.8931,16.0,4,26.774,0.4494,0.5434,1,27.007,1.0588,0.8574,2,32.0,0.9053,0.2436,2,9,1,567
task_env_weather_126577,clothing,7,49,0.944085,0.930232,0.948805,1.0,0,0.92479,0.90205,0.22892,0.01082,0.04206,2.35457,70.1613,1.0889,2.46729,2.62696,0,13.1167,16.0,1,32.0,0.6708,0.7992,1,19.084,0.7,1.0,1,31.104,0.3708,0.05,0,3,1,542
task_env_weather_126577,clothing,7,50,1000.0,0.982196,1.0,0.97107,0,0.97645,0.92451,0.22007,0.01787,0.05844,2.45741,66.0339,0.98624,2.52737,2.62696,1,17.0421,16.0,1,19.344,0.752,0.2708,1,30.277,0.7905,0.8826,2,29.128,0.3312,0.05,1,3,1,536
task_env_weather_126577,clothing,7,51,0.992005,0.994568,1.0,0.989681,0,0.98875,0.9392,0.21206,0.02182,0.05957,2.4112,27.6427,0.94392,2.55362,2.62696,0,6.1561,16.0,1,23.08,0.8615,0.4504,1,23.216,0.5707,0.6278,1,32.0,0.1966,0.05,0,10,1,0
task_env_weather_126577,clothing,7,52,0.909488,0.897772,0.78583,1.0,0,0.89252,0.93433,0.2333,0.00896,0.04161,2.36191,70.2624,1.09257,2.42348,2.62696,0,13.5697,16.0,1,25.842,0.7983,0.7992,1,27.231,0.3037,1.0,2,32.0,0.7483,0.0534,5,5,1,468
task_env_weather_126577,clothing,7,53,1000.0,0.869919,1.0,0.840877,0,0.86483,0.89558,0.22536,0.01757,0.0512,2.83789,92.7537,1.0192,2.58519,2.62696,1,22.0469,16.0,2,23.039,0.6459,0.526,1,25.768,0.7479,1.0,1,31.888,0.931,0.2923,0,12,1,411
task_env_weather_126577,clothing,7,54,0.98486,0.994136,1.0,0.978125,0,0.98832,0.92463,0.21531,0.01721,0.06783,2.43968,40.0386,0.95287,2.56378,2.62696,0,9.7917,16.0,1,21.013,0.8914,0.2295,1,26.909,0.8581,0.8569,1,32.0,0.0971,0.05,7,5,1,325
task_env_weather_126577,clothing,7,55,0.972669,0.972268,0.96306,0.973076,0,0.96658,0.9184,0.21348,0.01098,0.03096,2.45234,44.0625,0.96168,2.56845,2.62696,0,9.244,16.0,1,26.94,0.8037,0.0845,1,25.947,0.7468,1.0,1,31.804,0.4772,0.1329,2,12,1,621
task_env_weather_126577,clothing,8,56,1000.0,0.934648,1.0,0.86073,0,0.92918,0.96268,0.21799,0.02412,0.06377,2.77243,91.0772,1.05316,2.52618,2.62696,1,22.5403,16.0,4,32.0,0.4128,0.4761,2,28.108,1.4578,0.9809,2,30.506,0.8823,0.3222,7,7,1,435
task_env_weather_126577,clothing,8,57,0.976782,0.969441,1.0,0.987268,0,0.96377,0.88722,0.21547,0.01222,0.0389,2.41709,52.2464,1.07229,2.52203,2.62696,0,10.9904,16.0,8,27.443,0.6366,0.7042,1,30.954,1.0573,0.8001,2,27.861,0.9577,0.1798,2,15,1,648
task_env_weather_126577,clothing,8,58,1000.0,0.923271,0.0,0.863449,0,0.91787,0.94428,0.20678,-0.003,-0.00633,2.7637,100.0698,1.05108,2.58506,2.62696,1,23.6952,16.0,4,31.704,0.5801,0.6256,1,25.971,1.2998,0.9172,2,32.0,0.9177,0.2439,3,11,1,503
task_env_weather_126577,clothing,8,59,0.957384,0.951728,1.0,0.964717,0,0.94616,0.95003,0.22916,0.01276,0.05489,2.47359,62.6927,1.03008,2.46096,2.62696,0,14.8608,16.0,8,27.834,0.3531,0.5952,1,27.07,1.1811,0.9012,2,32.0,0.967,0.3945,4,8,1,516
task_env_weather_126577,clothing,8,60,0.972343,0.983534,0.598656,0.964669,0,0.97778,0.94381,0.21462,0.00683,0.02736,2.47372,52.233,0.94095,2.56337,2.62696,0,11.5753,16.0,4,28.772,0.21,0.3334,2,29.247,1.2493,0.8624,2,30.181,0.6402,0.3881,0,9,1,572
task_env_weather_126577,clothing,8,61,1000.0,0.91963,0.802026,0.940719,0,0.91425,0.81589,0.22092,0.00915,0.02716,2.53669,86.2435,0.99314,2.5658,2.62696,1,20.8105,16.0,2,28.834,0.4479,0.4944,1,27.755,1.0857,0.7428,1,31.674,0.9513,0.4002,4,11,1,719
task_env_weather_126577,clothing,8,62,1000.0,0.765176,1.0,0.826694,0,0.7607,0.90314,0.24006,0.0279,0.07864,2.88657,115.191,1.20338,2.42952,2.62696,1,26.3048,16.0,4,20.759,0.1736,0.8041,1,29.012,0.9176,1.0,1,27.382,1.0748,0.1642,0,12,1,336
task_env_weather_126577,clothing,8,63,0.960153,0.9573,0.605802,0.963375,0,0.9517,0.87781,0.23187,0.00691,0.03007,2.47704,53.623,1.04149,2.60561,2.62696,0,11.798,16.0,2,26.986,0.6581,0.4981,1,24.728,0.9773,0.8011,2,29.23,0.4374,0.05,5,8,1,535
task_env_weather_126577,clothing,8,64,0.940042,0.926309,0.001937,1.0,0,0.92089,0.94519,0.2257,2e-05,0.00014,2.27081,69.3366,1.16473,2.21031,2.62696,0,13.5992,16.0,4,27.882,0.4977,0.559,1,24.023,1.0215,1.0,2,32.0,0.6656,0.2512,4,10,1,724
task_env_weather_126577,clothing,9,65,0.924566,0.93332,0.885413,0.918109,0,0.92786,0.87555,0.22008,0.0101,0.03246,2.59916,70.6086,1.0018,2.57851,2.62696,0,15.5689,16.0,4,25.862,0.3942,0.5209,2,25.32,1.4066,0.7092,2,32.0,0.7103,0.2179,5,9,1,524
task_env_weather_126577,clothing,9,66,0.820861,0.934245,1.0,0.811186,0,0.92878,0.84253,0.21897,0.01292,0.06677,2.94176,72.8698,0.98606,2.50135,2.62696,0,15.6179,16.0,4,25.118,0.3123,0.625,1,29.884,0.9104,0.8304,2,32.0,0.8165,0.3888,4,9,1,393
task_env_weather_126577,clothing,9,67,0.977933,0.966615,0.173471,1.0,0,0.96096,0.89231,0.21741,0.00198,0.00932,2.22432,70.9385,1.11721,2.43216,2.62696,0,13.878,16.0,2,28.354,0.4302,0.5438,1,21.067,0.9139,0.8269,1,32.0,1.1118,0.2564,2,7,1,542
task_env_weather_126577,clothing,9,68,1000.0,0.976332,0.531381,0.93256,0,0.97062,0.87789,0.22132,0.00606,0.02385,2.55889,66.951,1.07346,2.5729,2.62696,1,16.4462,16.0,4,29.555,0.227,0.4217,1,24.157,1.1349,0.8092,2,31.561,0.7961,0.1916,2,11,1,655
task_env_weather_126577,clothing,9,69,0.982392,0.972278,0.0,1.0,0,0.96659,0.83305,0.20353,-0.00832,-0.02754,2.36176,54.3595,0.98123,2.56002,2.62696,0,11.0251,16.0,8,27.079,0.459,0.5662,4,27.149,0.9641,0.8013,2,31.282,0.8771,0.2051,0,7,1,504
task_env_weather_126577,clothing,9,70,0.99996,0.99992,0.0,1.0,0,0.99407,0.93133,0.21071,-0.00125,-0.00359,2.37054,46.5368,0.9718,2.57734,2.62696,0,10.251,16.0,4,28.27,0.33,0.5667,2,27.858,1.002,0.9397,2,30.648,0.8149,0.1754,3,10,1,554
task_env_weather_126577,clothing,9,71,1000.0,0.971574,0.67709,1.0,0,0.96589,0.91848,0.21088,0.00772,0.0251,2.28615,88.963,1.15297,2.34372,2.62696,1,23.6612,16.0,2,26.725,0.5449,0.4942,1,26.926,0.9818,0.9512,2,30.023,0.9945,0.2188,2,9,1,518
task_env_weather_126577,clothing,9,72,0.978457,0.986974,0.59567,0.972128,0,0.9812,0.96387,0.22603,0.00679,0.02,2.45473,53.1247,0.96474,2.57351,2.62696,0,13.1034,16.0,4,23.511,0.5788,0.5357,2,24.818,1.1212,0.9719,2,32.0,0.9236,0.3282,4,11,1,596
task_env_weather_126577,clothing,9,73,0.99654,0.993502,1.0,1.0,0,0.98769,0.94259,0.21902,0.01718,0.0589,2.31286,40.2874,0.9517,2.56524,2.62696,0,9.0629,16.0,4,27.76,0.5703,0.6205,1,26.523,1.1639,0.8813,2,30.665,0.5296,0.1154,0,8,1,649
task_env_weather_126577,clothing,10,74,1000.0,0.947694,1.0,0.924258,0,0.94215,0.91663,0.2298,0.01445,0.04225,2.58187,72.7968,0.94276,2.53872,2.62696,1,17.4528,16.0,4,27.012,0.3207,0.6222,1,31.693,1.0142,0.8193,2,32.0,0.7377,0.404,4,9,1,371
task_env_weather_126577,clothing,10,75,0.958624,0.946417,0.714538,0.98507,0,0.94088,0.92538,0.23106,0.00815,0.03384,2.42248,71.0994,1.0663,2.56869,2.62696,0,14.7829,16.0,4,23.508,0.2547,0.5618,1,28.054,0.9615,0.8158,2,30.578,0.6975,0.3387,5,9,1,465
task_env_weather_126577,clothing,10,76,0.998848,0.997747,0.857287,1.0,0,0.99191,0.91948,0.21096,0.00978,0.02939,2.35985,55.2778,0.98356,2.5051,2.62696,0,12.3315,16.0,4,24.494,0.2757,0.5806,1,29.944,0.7595,0.8445,4,30.52,1.004,0.4059,3,9,1,319
task_env_weather_126577,clothing,10,77,0.957765,0.960469,1.0,0.955325,0,0.95485,0.92749,0.23047,0.01816,0.0644,2.49791,57.48,0.97406,2.55894,2.62696,0,15.8538,16.0,8,22.862,0.4291,0.7535,1,30.759,1.044,0.854,4,31.134,0.8031,0.403,5,8,1,400
task_env_weather_126577,clothing,10,78,1000.0,0.901916,1.0,0.963624,0,0.89664,0.91594,0.2243,0.01981,0.05494,2.4764,112.1334,0.97957,2.62628,2.62696,1,26.6258,16.0,4,20.647,0.2134,0.5542,1,32.0,1.1479,0.8133,1,30.617,0.7608,0.4086,6,9,1,366
task_env_weather_126577,clothing,10,79,0.905273,0.992325,1.0,0.893268,0,0.98652,0.96578,0.2114,0.01424,0.05655,2.67144,41.931,0.94867,2.55066,2.62696,0,9.608,16.0,4,22.755,0.2648,0.6186,1,32.0,0.8829,0.7669,2,30.141,0.6496,0.3792,3,8,1,325
task_env_weather_126577,clothing,10,80,1000.0,0.978404,1.0,0.942819,0,0.97268,0.91706,0.22591,0.02004,0.07164,2.53104,61.4953,0.93967,2.53136,2.62696,1,16.415,16.0,4,26.258,0.2668,0.5846,1,32.0,0.8325,0.8974,2,32.0,0.8589,0.2941,4,11,1,288
task_env_weather_126577,clothing,10,81,0.944336,0.980405,0.747555,0.930928,0,0.97467,0.94074,0.2306,0.00852,0.04585,2.56337,69.3093,0.97218,2.54586,2.62696,0,15.8147,16.0,8,23.958,0.2039,0.6081,2,30.206,0.8633,0.7973,2,32.0,1.011,0.4961,4,11,1,397
task_env_weather_126577,clothing,10,82,1000.0,0.928773,0.244227,0.895147,0,0.92334,0.85052,0.21065,0.00279,0.00792,2.66583,93.0062,1.02897,2.5989,2.62696,1,21.6901,16.0,4,27.483,0.3061,0.5415,1,30.806,0.9221,0.8529,2,31.16,0.8533,0.393,6,7,1,222
task_env_weather_126577,clothing,11,83,0.95226,0.968848,0.653413,0.942472,0,0.96318,0.93929,0.22073,0.00745,0.03313,2.53197,54.2285,0.98534,2.54191,2.62696,0,12.6058,16.0,4,24.631,0.3733,0.6135,1,27.898,0.8825,0.8169,2,31.356,0.8732,0.4133,4,9,1,384
task_env_weather_126577,clothing,11,84,1000.0,0.90948,1.0,0.893768,0,0.90416,0.91847,0.2086,0.01917,0.06251,2.66995,81.6577,1.1601,2.49344,2.62696,1,19.1162,16.0,4,25.939,0.3054,0.7005,1,29.321,0.8896,0.8009,2,32.0,0.8593,0.4537,2,9,1,342
task_env_weather_126577,clothing,11,85,0.999564,0.999135,0.0,1.0,0,0.99329,0.97288,0.21378,-0.00021,-0.00067,2.3266,55.258,0.96776,2.53596,2.62696,0,11.2443,16.0,4,26.798,0.3003,0.5412,1,30.13,0.9093,0.8279,2,32.0,0.7107,0.4118,3,9,1,413
task_env_weather_126577,clothing,11,86,0.949066,0.966132,0.514344,0.939123,0,0.96048,0.91695,0.21909,0.00587,0.02465,2.541,47.7519,0.98642,2.54451,2.62696,0,11.3536,16.0,4,25.316,0.3435,0.62,1,31.125,0.9539,0.8281,2,30.485,0.856,0.3717,4,10,1,385
task_env_weather_126577,clothing,11,87,0.997142,0.994578,0.550982,1.0,0,0.98876,0.93621,0.20955,0.00628,0.02094,2.33762,55.4511,0.95236,2.5849,2.62696,0,11.639,16.0,8,24.711,0.438,0.6746,1,27.085,0.8772,0.7916,2,30.19,0.7254,0.4984,3,9,1,317
task_env_weather_126577,clothing,11,88,0.993809,0.988855,1.0,1.0,0,0.98307,0.91524,0.21787,0.01426,0.04798,2.35195,59.0406,0.95776,2.52433,2.62696,0,13.7725,16.0,4,24.905,0.2916,0.708,1,32.0,0.8491,0.8155,2,31.813,0.8719,0.4066,4,9,1,498
task_env_weather_126577,clothing,11,89,0.977474,0.966051,0.439492,1.0,0,0.9604,0.87149,0.23393,0.00501,0.0156,2.30135,75.1305,0.98932,2.62762,2.62696,0,15.9881,16.0,4,25.887,0.3189,0.6165,1,29.459,0.9981,0.9131,2,32.0,0.8573,0.4596,4,9,1,441
task_env_weather_126577,clothing,11,90,0.999214,0.998451,1.0,1.0,0,0.99261,0.91841,0.22424,0.01194,0.0481,2.29882,53.3155,0.97256,2.56574,2.62696,0,8.8819,16.0,4,25.583,0.425,0.62,1,30.195,0.8986,0.8184,2,27.863,0.8146,0.2938,3,10,1,352
task_env_weather_126577,clothing,11,91,0.966004,0.956425,0.800442,0.98197,0,0.95083,0.96097,0.23653,0.00913,0.03557,2.43013,61.9769,1.03226,2.52245,2.62696,0,14.4645,16.0,4,23.755,0.4694,0.6964,1,28.478,0.9062,0.8879,2,32.0,0.706,0.3899,4,10,1,392
task_env_weather_126577,clothing,12,92,1000.0,0.9761,0.253618,0.926655,0,0.97039,0.95589,0.21391,0.00289,0.00799,2.57519,71.9929,0.99497,2.5905,2.62696,1,17.8054,16.0,8,23.74,0.3828,0.651,1,30.992,0.8877,0.8446,2,32.0,0.7916,0.3998,3,8,1,415
task_env_weather_126577,clothing,12,93,0.96983,0.959423,0.720716,0.988415,0,0.95381,0.95266,0.23474,0.00822,0.03716,2.41428,57.5998,1.02553,2.53006,2.62696,0,13.5606,16.0,4,25.804,0.3054,0.6325,1,30.602,0.8783,0.835,2,32.0,0.8692,0.393,4,10,1,435
task_env_weather_126577,clothing,12,94,1000.0,0.961947,0.455562,0.864202,0,0.95632,0.85502,0.21034,0.0052,0.02067,2.76129,67.897,0.94827,2.57367,2.62696,1,16.7897,16.0,4,25.144,0.2899,0.6388,1,31.637,1.0191,0.8319,2,30.759,0.82,0.3875,3,10,1,393
task_env_weather_126577,clothing,12,95,0.969073,0.982648,0.662362,0.960377,0,0.9769,0.93903,0.21863,0.00755,0.0282,2.48477,50.6411,0.96519,2.55127,2.62696,0,12.0507,16.0,4,23.446,0.2946,0.5953,1,32.0,0.9095,0.7979,2,31.336,0.821,0.3502,4,9,1,444
task_env_weather_126577,clothing,12,96,1000.0,0.898345,0.884171,0.941896,0,0.89309,0.94787,0.22181,0.01008,0.0329,2.53352,97.5088,1.11828,2.58614,2.62696,1,24.0991,16.0,4,24.042,0.2505,0.6335,1,29.835,0.9286,0.8709,2,31.807,0.8179,0.3883,4,10,1,343
task_env_weather_126577,clothing,12,97,0.821342,0.932887,1.0,0.8115,0,0.92743,0.93212,0.21897,0.01265,0.06677,2.94062,73.4222,0.98941,2.51743,2.62696,0,15.6186,16.0,4,25.141,0.2132,0.6,1,30.134,0.9591,0.8125,2,32.0,0.8217,0.421,4,9,1,393
task_env_weather_126577,clothing,12,98,0.95444,0.940562,0.214817,1.0,0,0.93506,0.8816,0.22624,0.00245,0.00753,2.34698,59.2764,1.04644,2.45627,2.62696,0,12.9759,16.0,4,23.64,0.3859,0.6713,1,28.948,0.8615,0.8268,2,32.0,0.7261,0.3811,5,9,1,428
task_env_weather_126577,clothing,12,99,0.920234,0.942604,1.0,0.908846,0,0.93709,0.91828,0.22645,0.02149,0.07461,2.62565,61.2088,0.96377,2.55556,2.62696,0,12.7792,16.0,4,27.348,0.3741,0.6607,1,30.67,0.8493,0.7924,2,31.176,0.8981,0.3709,5,9,1,399
task_env_weather_126577,clothing,12,100,0.933972,0.957522,1.0,0.922324,0,0.95192,0.88902,0.23067,0.02165,0.08254,2.58728,65.6693,0.95475,2.54838,2.62696,0,15.969,16.0,4,25.746,0.3254,0.6656,1,29.76,0.8663,0.8824,2,32.0,0.8331,0.3442,4,8,1,399
task_env_weather_126577,clothing,13,101,0.961076,0.957874,0.662544,0.96475,0,0.95227,0.85658,0.22386,0.00756,0.02858,2.47351,55.889,1.01924,2.59799,2.62696,0,12.125,16.0,4,23.892,0.2856,0.6199,1,29.767,0.9161,0.8604,2,32.0,0.8149,0.4045,5,9,1,373
task_env_weather_126577,clothing,13,102,1000.0,0.956143,0.987564,1.0,0,0.95055,0.88441,0.23056,0.01126,0.03446,2.30415,80.5278,1.00541,2.3596,2.62696,1,20.3874,16.0,4,25.151,0.3293,0.6508,1,29.212,0.9162,0.8429,2,32.0,0.8579,0.3541,4,9,1,361
task_env_weather_126577,clothing,13,103,0.967923,0.969854,0.42302,0.966131,0,0.96418,0.93298,0.22147,0.00482,0.02006,2.46997,59.3336,0.9704,2.54815,2.62696,0,14.4165,16.0,4,23.8,0.3942,0.6126,1,29.304,0.8932,0.841,2,32.0,0.7854,0.3605,4,9,1,365
task_env_weather_126577,clothing,13,104,1000.0,0.948076,1.0,0.989727,0,0.94253,0.92656,0.23622,0.01175,0.03942,2.41108,74.916,1.00277,2.4536,2.62696,1,17.5891,16.0,4,24.366,0.2782,0.6084,1,30.622,0.9003,0.843,2,31.923,0.8504,0.3786,4,9,1,440
task_env_weather_126577,clothing,13,105,0.935728,0.964875,1.0,0.923091,0,0.95923,0.94656,0.22252,0.01222,0.03474,2.58514,68.219,0.97043,2.55798,2.62696,0,15.7406,16.0,4,25.071,0.3062,0.6599,1,29.542,0.8879,0.8169,2,32.0,0.8366,0.3809,4,9,1,391
task_env_weather_126577,clothing,13,106,0.957644,0.943862,0.372697,1.0,0,0.93834,0.94212,0.22752,0.00425,0.02444,2.21989,59.059,1.05037,2.34487,2.62696,0,12.0799,16.0,8,25.569,0.3211,0.6341,1,30.205,0.9097,0.8473,2,32.0,0.7701,0.3884,4,10,1,378
task_env_weather_126577,clothing,13,107,0.983888,0.974259,0.778533,1.0,0,0.96856,0.92963,0.22546,0.00888,0.03106,2.33271,77.2436,0.92842,2.6065,2.62696,0,15.2234,16.0,4,24.735,0.3042,0.6386,1,30.106,0.8593,0.8256,2,30.936,0.8276,0.3903,3,9,1,448
task_env_weather_126577,clothing,13,108,0.96697,0.996862,0.544536,0.954228,0,0.99103,0.97065,0.21845,0.00621,0.01694,2.50078,57.4927,0.97501,2.5855,2.62696,0,13.0933,16.0,4,26.215,0.2487,0.5774,1,29.156,0.936,0.8577,2,32.0,0.8588,0.3611,3,9,1,398
task_env_weather_126577,clothing,13,109,1000.0,0.947935,1.0,0.837156,0,0.94239,0.93866,0.22444,0.02044,0.04597,2.8505,80.5459,0.9851,2.55891,2.62696,1,19.964,16.0,4,24.251,0.3266,0.6329,1,28.433,0.9257,0.807,2,31.223,0.753,0.3162,3,9,1,412
task_env_weather_126577,clothing,14,110,0.988044,0.984439,0.317681,0.992259,0,0.97868,0.88818,0.22847,0.00362,0.0138,2.40493,60.8246,0.99755,2.57169,2.62696,0,14.2345,16.0,4,24.661,0.2692,0.5956,1,29.396,0.8909,0.8639,2,31.719,0.8553,0.4145,4,9,1,410
task_env_weather_126577,clothing,14,111,1000.0,0.961988,1.0,0.893386,0,0.95636,0.93048,0.2307,0.01692,0.06312,2.67109,72.0586,0.97967,2.56521,2.62696,1,16.504,16.0,4,26.771,0.3129,0.5982,1,28.525,1.0065,0.8075,2,31.849,0.8138,0.4097,4,9,1,389
task_env_weather_126577,clothing,14,112,0.942106,0.965428,0.564136,0.930506,0,0.95978,0.96245,0.21876,0.00643,0.02736,2.56453,52.4146,0.98363,2.52638,2.62696,0,12.2703,16.0,4,23.871,0.3797,0.6352,1,30.077,0.9179,0.8268,2,31.801,0.7668,0.361,4,9,1,385
task_env_weather_126577,clothing,14,113,0.950962,0.951878,0.147607,0.950079,0,0.94631,0.93243,0.22066,0.00168,0.00699,2.5117,58.8595,1.01978,2.44997,2.62696,0,13.1751,16.0,4,25.89,0.3255,0.6026,1,31.626,0.8825,0.8037,2,32.0,0.8273,0.3832,4,9,1,431
task_env_weather_126577,clothing,14,114,1000.0,0.962058,1.0,0.958646,0,0.95643,0.90784,0.22974,0.01275,0.03843,2.48926,69.8848,0.98402,2.50087,2.62696,1,18.0318,16.0,4,24.094,0.2913,0.6082,1,30.179,0.9108,0.8533,2,32.0,0.8352,0.3781,4,9,1,400
task_env_weather_126577,clothing,14,115,1000.0,0.936126,1.0,0.876185,0,0.93065,0.95636,0.22753,0.02378,0.06938,2.72353,77.7156,0.96568,2.55792,2.62696,1,19.8946,16.0,4,25.854,0.2959,0.6639,1,29.042,0.9501,0.8481,2,31.798,0.7822,0.3673,3,9,1,416
task_env_weather_126577,clothing,14,116,1000.0,0.96753,0.959128,1.0,0,0.96187,0.92891,0.22774,0.01094,0.03154,2.33238,79.2773,0.98169,2.37948,2.62696,1,19.4123,16.0,4,24.687,0.2621,0.5605,1,30.09,0.878,0.8374,2,31.923,0.8219,0.3963,4,9,1,361
task_env_weather_126577,clothing,14,117,0.967532,0.970055,0.926062,0.965241,0,0.96438,0.92237,0.21946,0.01056,0.03856,2.47225,59.528,0.97782,2.51343,2.62696,0,15.0656,16.0,4,24.914,0.3578,0.6184,1,28.772,0.8813,0.8067,2,31.85,0.7903,0.3864,4,9,1,383
task_env_weather_126577,clothing,14,118,1000.0,0.956978,0.429759,1.0,0,0.95138,0.89202,0.22826,0.0049,0.01883,2.24582,76.652,1.02222,2.53671,2.62696,1,16.0728,16.0,4,25.432,0.2639,0.6153,1,27.549,0.9101,0.8303,2,32.0,0.8727,0.4269,5,9,1,387
task_env_weather_126577,clothing,15,119,1000.0,0.971202,1.0,0.964034,0,0.96552,0.93004,0.2299,0.01171,0.03686,2.47534,64.3547,0.97951,2.50056,2.62696,1,16.8039,16.0,4,24.766,0.3456,0.6403,1,29.985,0.9302,0.856,2,31.421,0.8136,0.3831,4,9,1,379
task_env_weather_126577,clothing,15,120,1000.0,0.922084,1.0,0.915249,0,0.91669,0.88948,0.23395,0.024,0.08367,2.60728,78.8011,0.97416,2.54415,2.62696,1,18.9614,16.0,4,24.068,0.2955,0.6095,1,29.517,0.9405,0.8192,2,31.551,0.8327,0.3819,4,9,1,396
task_env_weather_126577,clothing,15,121,0.946228,0.971383,1.0,0.934257,0,0.9657,0.93361,0.2267,0.01345,0.05378,2.55424,64.4069,0.94335,2.53561,2.62696,0,15.943,16.0,4,25.367,0.3386,0.6424,1,30.205,0.9473,0.8233,2,31.853,0.8467,0.3812,4,9,1,409
task_env_weather_126577,clothing,15,122,1000.0,0.896434,1.0,0.832542,0,0.89119,0.94785,0.22103,0.01853,0.08015,2.8663,86.6781,0.98249,2.53252,2.62696,1,20.4885,16.0,4,25.226,0.3324,0.6602,1,29.93,0.8998,0.842,2,31.494,0.8568,0.3918,4,9,1,411
task_env_weather_126577,clothing,15,123,0.967329,0.989006,0.212023,0.956103,0,0.98322,0.90239,0.21343,0.00242,0.00911,2.49588,48.8084,0.96864,2.54847,2.62696,0,11.0763,16.0,4,24.358,0.3066,0.6021,1,29.946,0.9148,0.8419,2,32.0,0.8153,0.3862,4,8,1,388
task_env_weather_126577,clothing,15,124,0.929052,0.973998,1.0,0.915188,0,0.9683,0.94,0.22106,0.0167,0.07369,2.60746,58.0778,0.95236,2.51879,2.62696,0,14.237,16.0,4,25.443,0.3249,0.6007,1,30.162,0.9056,0.7939,2,32.0,0.8159,0.4112,4,9,1,430
task_env_weather_126577,clothing,15,125,1000.0,0.866036,1.0,0.854776,0,0.86097,0.93963,0.22593,0.01695,0.04861,2.79174,86.509,1.04572,2.54955,2.62696,1,21.9117,16.0,4,25.753,0.3566,0.6377,1,29.301,0.9145,0.8231,2,32.0,0.8159,0.3805,4,8,1,412
task_env_weather_126577,clothing,15,126,0.922831,0.963245,1.0,0.909136,0,0.95761,0.92713,0.22083,0.01451,0.06532,2.62482,61.9774,1.00673,2.52535,2.62696,0,13.3886,16.0,4,25.072,0.3198,0.6416,1,29.753,0.9025,0.815,2,31.617,0.8206,0.3692,4,9,1,375
task_env_weather_126577,clothing,15,127,0.962242,0.965287,0.635102,0.959528,0,0.95964,0.96085,0.21944,0.00724,0.03017,2.48697,52.8166,0.98471,2.53175,2.62696,0,12.2972,16.0,4,25.112,0.3041,0.6277,1,30.239,0.9054,0.8487,2,31.883,0.824,0.3937,4,9,1,385
task_env_weather_126577,clothing,16,128,1000.0,0.910698,0.4776,0.866165,0,0.90537,0.92044,0.21656,0.00545,0.01903,2.75504,84.9333,0.98061,2.5623,2.62696,1,20.2038,16.0,4,24.86,0.291,0.6218,1,30.8,0.9053,0.8488,2,32.0,0.8333,0.3722,4,9,1,390
task_env_weather_126577,clothing,16,129,0.95779,0.970186,0.439328,0.94958,0,0.96451,0.92328,0.21986,0.00501,0.02155,2.51302,51.9633,0.98118,2.53057,2.62696,0,12.3874,16.0,4,25.939,0.2828,0.6076,1,30.222,0.9046,0.8193,2,31.319,0.795,0.4004,4,9,1,386
task_env_weather_126577,clothing,16,130,1000.0,0.963798,1.0,0.922238,0,0.95816,0.93054,0.22724,0.01645,0.04826,2.58753,70.0923,0.97218,2.56143,2.62696,1,16.1978,16.0,4,24.93,0.2892,0.6486,1,29.129,0.921,0.8314,2,31.786,0.8197,0.4011,4,9,1,391
task_env_weather_126577,clothing,16,131,0.957612,0.97264,1.0,0.948364,0,0.96695,0.95165,0.226,0.01295,0.05092,2.51624,63.579,0.9436,2.53931,2.62696,0,15.5751,16.0,4,25.164,0.3362,0.6068,1,31.003,0.9411,0.8269,2,32.0,0.8123,0.3803,4,9,1,409
task_env_weather_126577,clothing,16,132,0.967482,0.954574,0.658774,0.998648,0,0.94899,0.94888,0.23125,0.00751,0.02857,2.38955,64.2398,1.00605,2.53664,2.62696,0,13.0771,16.0,4,26.089,0.3334,0.633,1,30.028,0.9369,0.8179,2,32.0,0.8211,0.3801,4,9,1,413
task_env_weather_126577,clothing,16,133,0.954125,0.972057,0.53487,0.943912,0,0.96637,0.95378,0.2198,0.0061,0.02876,2.52811,50.4508,0.9891,2.53765,2.62696,0,12.3034,16.0,4,25.557,0.2936,0.6254,1,29.269,0.9062,0.843,2,32.0,0.8025,0.3945,4,8,1,384
task_env_weather_126577,clothing,16,134,0.940204,0.969059,1.0,0.927609,0,0.96339,0.9543,0.22636,0.01303,0.04461,2.57255,62.7583,0.97295,2.56616,2.62696,0,14.6971,16.0,4,24.386,0.3186,0.6119,1,30.198,0.895,0.8207,2,31.622,0.8477,0.382,4,9,1,398
task_env_weather_126577,clothing,16,135,1000.0,0.904562,0.712254,0.881546,0,0.89927,0.91704,0.22306,0.00812,0.03189,2.70697,80.07,0.96722,2.58042,2.62696,1,19.0185,16.0,4,24.606,0.333,0.6194,1,30.01,0.9281,0.829,2,31.703,0.7907,0.3628,4,8,1,390
task_env_weather_126577,clothing,16,136,0.956644,0.958688,0.873616,0.954755,0,0.95308,0.92924,0.22402,0.00996,0.03874,2.4994,53.0065,1.00066,2.51896,2.62696,0,11.8952,16.0,4,24.61,0.2999,0.6325,1,30.462,0.9053,0.8072,2,31.872,0.8331,0.3823,4,9,1,394
task_env_weather_126577,clothing,17,137,1000.0,0.962078,1.0,0.897187,0,0.95645,0.92666,0.22707,0.01385,0.04945,2.65977,70.2552,0.97876,2.55491,2.62696,1,16.3272,16.0,4,25.449,0.3045,0.6041,1,30.152,0.9191,0.8446,2,31.988,0.8206,0.3802,4,9,1,389
task_env_weather_126577,clothing,17,138,1000.0,0.961887,0.523522,1.0,0,0.95626,0.88234,0.23088,0.00597,0.02085,2.2287,75.6908,0.99026,2.47008,2.62696,1,17.1981,16.0,4,25.062,0.3248,0.6259,1,30.18,0.9228,0.836,2,31.889,0.8012,0.3797,4,9,1,387
task_env_weather_126577,clothing,17,139,1000.0,0.961937,0.519696,1.0,0,0.95631,0.88545,0.23066,0.00593,0.02023,2.23958,75.2202,0.99163,2.46192,2.62696,1,17.0902,16.0,4,25.405,0.3073,0.6224,1,30.066,0.9143,0.8278,2,32.0,0.8023,0.3818,4,9,1,387
task_env_weather_126577,clothing,17,140,1000.0,0.959272,0.44811,1.0,0,0.95366,0.88296,0.23083,0.00511,0.01803,2.23161,76.4954,0.99212,2.44367,2.62696,1,17.4909,16.0,4,25.377,0.3181,0.6481,1,30.157,0.9571,0.8319,2,32.0,0.8196,0.37,4,9,1,387
task_env_weather_126577,clothing,17,141,0.956191,0.962491,0.568378,0.951167,0,0.95686,0.93077,0.22088,0.00648,0.02364,2.50883,46.3607,0.99396,2.55557,2.62696,0,10.4601,16.0,4,25.49,0.3003,0.6095,1,29.907,0.8944,0.8388,2,31.317,0.8244,0.3985,4,8,1,394
task_env_weather_126577,clothing,17,142,0.988369,0.988372,0.138404,0.988367,0,0.98259,0.94853,0.21324,0.00158,0.00565,2.4144,55.5033,0.96879,2.56533,2.62696,0,12.9855,16.0,4,25.313,0.3027,0.628,1,29.351,0.9135,0.8212,2,31.727,0.8098,0.3872,4,9,1,388
task_env_weather_126577,clothing,17,143,0.833996,0.933612,1.0,0.823076,0,0.92815,0.82463,0.21863,0.01259,0.06674,2.89927,72.9881,0.98635,2.49791,2.62696,0,15.6547,16.0,4,24.742,0.3215,0.6278,1,29.439,0.8879,0.8435,2,31.98,0.8305,0.3915,4,9,1,393
task_env_weather_126577,clothing,17,144,0.971699,0.974521,1.0,0.969163,0,0.96882,0.9266,0.21767,0.01328,0.04428,2.46224,51.1347,0.97911,2.51953,2.62696,0,11.8874,16.0,4,25.055,0.3145,0.6179,1,29.906,0.9147,0.8273,2,31.548,0.7989,0.3837,4,9,1,402
task_env_weather_126577,clothing,17,145,0.938226,0.964512,0.53064,0.926047,0,0.95887,0.92043,0.2187,0.00605,0.03243,2.57688,63.3915,1.01268,2.52025,2.62696,0,13.1804,16.0,4,25.759,0.3057,0.6245,1,29.785,0.9054,0.8383,2,31.975,0.818,0.3846,4,9,1,395
task_env_weather_126577,clothing,18,146,0.946181,0.963778,1.0,0.936071,0,0.95814,0.94588,0.22518,0.01527,0.0434,2.54929,67.9973,0.97145,2.54976,2.62696,0,15.6708,16.0,4,25.015,0.3331,0.6201,1,30.022,0.8838,0.8322,2,32.0,0.8284,0.391,4,9,1,391
task_env_weather_126577,clothing,18,147,1000.0,0.962611,0.544151,1.0,0,0.95698,0.88142,0.23104,0.00621,0.02079,2.15377,75.4715,0.98866,2.47529,2.62696,1,17.1292,16.0,4,24.968,0.3034,0.6269,1,29.654,0.907,0.8257,2,32.0,0.8245,0.3925,4,9,1,387
task_env_weather_126577,clothing,18,148,0.932923,0.964482,1.0,0.919967,0,0.95884,0.93691,0.22483,0.01474,0.04207,2.59391,68.7691,0.97283,2.55187,2.62696,0,15.901,16.0,4,24.971,0.3142,0.6218,1,29.673,0.9177,0.8245,2,31.563,0.8182,0.3845,4,9,1,391
task_env_weather_126577,clothing,18,149,0.814027,0.93335,1.0,0.804888,0,0.92789,0.82745,0.21935,0.01333,0.06671,2.96478,72.8724,0.98566,2.4992,2.62696,0,15.6408,16.0,4,25.226,0.3075,0.6261,1,29.73,0.9079,0.834,2,32.0,0.8213,0.3824,4,9,1,393
task_env_weather_126577,clothing,18,150,0.934812,0.960861,1.0,0.922675,0,0.95524,0.88173,0.22935,0.02069,0.07703,2.5863,67.5657,0.9538,2.55031,2.62696,0,14.99,16.0,4,24.908,0.3016,0.6223,1,29.752,0.8936,0.8296,2,32.0,0.8134,0.3988,4,9,1,399
task_env_weather_126577,clothing,18,151,1000.0,0.961334,0.443703,1.0,0,0.95571,0.89124,0.22985,0.00506,0.0168,2.17455,74.9741,0.99296,2.45618,2.62696,1,17.0515,16.0,4,24.956,0.3086,0.6233,1,29.765,0.9076,0.8241,2,31.753,0.8136,0.3828,4,9,1,387
task_env_weather_126577,clothing,18,152,0.932523,0.964432,0.52315,0.919526,0,0.95879,0.92905,0.21841,0.00597,0.03161,2.59516,63.0658,1.0108,2.53742,2.62696,0,13.1139,16.0,4,24.964,0.3115,0.6216,1,29.81,0.8966,0.8249,2,32.0,0.8204,0.3938,4,9,1,395
task_env_weather_126577,clothing,18,153,0.935811,0.967359,0.651314,0.922856,0,0.9617,0.95479,0.22105,0.00743,0.03336,2.58579,53.873,0.98573,2.54719,2.62696,0,12.6198,16.0,4,25.098,0.3079,0.6175,1,30.189,0.9094,0.8252,2,31.872,0.8052,0.3806,4,9,1,384
task_env_weather_126577,clothing,18,154,0.980287,0.969562,0.320747,1.0,0,0.96389,0.93625,0.22928,0.00366,0.01418,2.34609,63.2826,1.01158,2.53534,2.62696,0,14.7222,16.0,4,25.071,0.322,0.6229,1,29.719,0.9204,0.8331,2,31.934,0.8264,0.4015,4,9,1,392
task_env_weather_126577,clothing,19,155,1000.0,0.844058,1.0,0.911299,0,0.83912,0.8339,0.2303,0.01738,0.05655,2.61859,97.7419,1.03746,2.53805,2.62696,1,22.9424,16.0,4,25.531,0.3082,0.6214,1,29.617,0.9153,0.8288,2,31.982,0.8168,0.3848,4,9,1,397
task_env_weather_126577,clothing,19,156,0.969232,0.974521,1.0,0.964872,0,0.96882,0.92785,0.21764,0.01323,0.04405,2.47319,51.3736,0.97958,2.51775,2.62696,0,11.9653,16.0,4,25.42,0.31,0.6245,1,29.657,0.906,0.8299,2,31.952,0.8157,0.3846,4,9,1,402
task_env_weather_126577,clothing,19,157,1000.0,0.985395,1.0,0.969445,0,0.97963,0.90633,0.23731,0.01515,0.05554,2.46153,66.9498,1.00069,2.55402,2.62696,1,17.0401,16.0,4,24.998,0.3243,0.6222,1,29.81,0.903,0.8305,2,32.0,0.8112,0.3797,4,9,1,382
task_env_weather_126577,clothing,19,158,1000.0,0.846723,1.0,0.915942,0,0.84177,0.78417,0.23008,0.0172,0.05586,2.60531,97.6417,1.03712,2.54271,2.62696,1,22.9387,16.0,4,25.34,0.3053,0.6284,1,29.718,0.9081,0.832,2,32.0,0.8268,0.3815,4,9,1,397
task_env_weather_126577,clothing,19,159,0.934474,0.959332,1.0,0.92256,0,0.95372,0.87633,0.22938,0.02084,0.07872,2.58662,68.1937,0.95449,2.54843,2.62696,0,15.1875,16.0,4,25.598,0.3194,0.629,1,29.641,0.9076,0.8328,2,31.779,0.8407,0.3972,4,9,1,399
task_env_weather_126577,clothing,19,160,1000.0,0.962259,0.535754,1.0,0,0.95663,0.88963,0.23098,0.00611,0.02096,2.19431,75.3619,0.99227,2.45532,2.62696,1,17.138,16.0,4,25.035,0.3053,0.6253,1,30.013,0.9166,0.832,2,32.0,0.8294,0.3786,4,9,1,387
task_env_weather_126577,clothing,19,161,0.956796,0.957481,0.862025,0.956129,0,0.95188,0.96007,0.22445,0.00983,0.03735,2.49581,53.3466,1.00299,2.50861,2.62696,0,11.8809,16.0,4,25.34,0.2996,0.632,1,29.454,0.9028,0.837,2,32.0,0.8129,0.3782,4,9,1,394
task_env_weather_126577,clothing,19,162,0.826614,0.934628,1.0,0.816451,0,0.92916,0.84088,0.21911,0.01327,0.06892,2.92279,72.448,0.98451,2.50725,2.62696,0,15.5429,16.0,4,25.237,0.3087,0.6231,1,29.883,0.9007,0.8312,2,31.968,0.8143,0.3798,4,9,1,393
task_env_weather_126577,clothing,19,163,0.956592,0.956536,0.798428,0.956648,0,0.95094,0.94837,0.2239,0.0091,0.0346,2.49445,53.5598,1.00422,2.51234,2.62696,0,11.8758,16.0,4,25.031,0.3032,0.63,1,29.886,0.9202,0.8428,2,31.91,0.82,0.3844,4,9,1,394
task_env_weather_126577,clothing,20,164,1000.0,0.846653,1.0,0.923024,0,0.8417,0.81362,0.22976,0.01683,0.05503,2.58532,97.8217,1.03775,2.53124,2.62696,1,22.967,16.0,4,25.318,0.2987,0.6176,1,29.756,0.9068,0.8363,2,31.841,0.8272,0.3878,4,9,1,397
task_env_weather_126577,clothing,20,165,0.931225,0.963376,0.449293,0.9182,0,0.95774,0.92049,0.21787,0.00512,0.02733,2.59891,63.4374,1.013,2.5289,2.62696,0,13.1964,16.0,4,25.244,0.3032,0.6251,1,29.788,0.9171,0.8358,2,31.835,0.8219,0.3809,4,9,1,395
task_env_weather_126577,clothing,20,166,1000.0,0.96247,1.0,0.894332,0,0.95684,0.95727,0.22696,0.01361,0.04953,2.66826,70.3684,0.97736,2.56285,2.62696,1,16.3996,16.0,4,25.343,0.3084,0.6286,1,29.555,0.9046,0.8343,2,31.861,0.8151,0.3914,4,9,1,389
task_env_weather_126577,clothing,20,167,0.979254,0.968878,0.361602,0.997734,0,0.96321,0.96806,0.22973,0.00412,0.01589,2.39173,62.9871,1.01211,2.54501,2.62696,0,14.6546,16.0,4,25.15,0.3054,0.6233,1,29.723,0.9194,0.837,2,32.0,0.8179,0.3875,4,9,1,392
task_env_weather_126577,clothing,20,168,1000.0,0.963768,1.0,0.915636,0,0.95813,0.93206,0.22442,0.01433,0.04128,2.60618,69.2353,0.9734,2.55537,2.62696,1,16.0364,16.0,4,25.399,0.3076,0.6228,1,29.725,0.9191,0.8342,2,32.0,0.8201,0.3772,4,9,1,391
task_env_weather_126577,clothing,20,169,0.957422,0.957833,0.82666,0.957017,0,0.95223,0.95954,0.22402,0.00943,0.03592,2.49349,53.3279,1.0031,2.50678,2.62696,0,11.8613,16.0,4,25.46,0.3127,0.6293,1,29.643,0.9147,0.8341,2,32.0,0.8123,0.381,4,9,1,394
task_env_weather_126577,clothing,20,170,0.932693,0.958829,1.0,0.92054,0,0.95322,0.86337,0.22946,0.02113,0.07832,2.5923,68.1813,0.95465,2.53878,2.62696,0,15.2055,16.0,4,25.248,0.3029,0.6235,1,29.66,0.9095,0.8357,2,32.0,0.8287,0.3901,4,9,1,399
task_env_weather_126577,clothing,20,171,1000.0,0.962088,1.0,0.962838,0,0.95646,0.93745,0.22987,0.01276,0.03904,2.47842,69.9911,0.98414,2.48614,2.62696,1,18.1326,16.0,4,24.962,0.3125,0.6294,1,29.755,0.9118,0.8324,2,31.979,0.8147,0.3779,4,9,1,400
task_env_weather_126577,clothing,20,172,0.971821,0.974883,1.0,0.969093,0,0.96918,0.92955,0.21758,0.01317,0.04407,2.46242,51.4124,0.97966,2.51799,2.62696,0,11.9781,16.0,4,25.561,0.3067,0.6253,1,29.961,0.898,0.8352,2,31.983,0.8165,0.3848,4,9,1,402
task_env_weather_126577,clothing,21,173,1000.0,0.844319,1.0,0.925741,0,0.83938,0.81368,0.22991,0.01685,0.05454,2.57774,98.0867,1.04002,2.53664,2.62696,1,23.0346,16.0,4,25.272,0.3109,0.6255,1,29.726,0.9102,0.8364,2,31.903,0.8152,0.3858,4,9,1,397
task_env_weather_126577,clothing,21,174,1000.0,0.922909,1.0,0.902595,0,0.91751,0.8577,0.23381,0.02362,0.08278,2.64384,78.8832,0.9735,2.55096,2.62696,1,18.9591,16.0,4,25.12,0.3148,0.6291,1,29.651,0.9117,0.8337,2,32.0,0.8251,0.3832,4,9,1,396
task_env_weather_126577,clothing,21,175,0.831835,0.933451,1.0,0.821094,0,0.92799,0.84266,0.21919,0.01317,0.06811,2.90626,72.8721,0.98577,2.499,2.62696,0,15.6363,16.0,4,25.443,0.3073,0.6259,1,29.591,0.9033,0.8358,2,32.0,0.8147,0.3845,4,9,1,393
task_env_weather_126577,clothing,21,176,1000.0,0.924458,1.0,0.89646,0,0.91905,0.82825,0.23333,0.02306,0.08113,2.66193,78.5005,0.97272,2.55357,2.62696,1,18.8415,16.0,4,25.388,0.3109,0.627,1,29.901,0.9024,0.8332,2,31.972,0.8303,0.3848,4,9,1,396
task_env_weather_126577,clothing,21,177,1000.0,0.912679,0.626586,0.874938,0,0.90734,0.89233,0.21771,0.00715,0.02605,2.72741,83.9435,0.97421,2.55873,2.62696,1,19.794,16.0,4,25.222,0.3043,0.629,1,29.667,0.9103,0.8295,2,32.0,0.8263,0.3814,4,9,1,390
task_env_weather_126577,clothing,21,178,1000.0,0.962611,1.0,0.921512,0,0.95698,0.93085,0.22509,0.01496,0.04315,2.58957,69.3158,0.97337,2.56144,2.62696,1,16.0511,16.0,4,25.235,0.2996,0.6217,1,29.615,0.9197,0.8348,2,31.856,0.8189,0.3809,4,9,1,391
task_env_weather_126577,clothing,21,179,1000.0,0.921923,1.0,0.899196,0,0.91653,0.84526,0.23356,0.02353,0.08203,2.65383,79.0769,0.97412,2.54128,2.62696,1,19.0307,16.0,4,25.185,0.3047,0.6247,1,29.636,0.9173,0.8348,2,32.0,0.8198,0.3803,4,9,1,396
task_env_weather_126577,clothing,21,180,0.979572,0.968948,0.361722,0.998921,0,0.96328,0.93508,0.2296,0.00412,0.01598,2.38889,62.6458,1.01138,2.53331,2.62696,0,14.6888,16.0,4,25.257,0.3016,0.6294,1,29.731,0.9121,0.8293,2,31.983,0.8185,0.3856,4,9,1,392
task_env_weather_126577,clothing,21,181,0.939151,0.964744,1.0,0.927097,0,0.9591,0.93336,0.22462,0.01455,0.0418,2.57397,68.8127,0.97255,2.55074,2.62696,0,15.9205,16.0,4,25.232,0.3051,0.6268,1,29.728,0.905,0.8333,2,31.976,0.8169,0.3803,4,9,1,391
task_env_weather_126577,clothing,22,182,0.944743,0.963838,1.0,0.93419,0,0.9582,0.9317,0.22486,0.01481,0.04212,2.55442,68.7992,0.9727,2.55164,2.62696,0,15.9238,16.0,4,25.317,0.309,0.6242,1,29.654,0.9075,0.833,2,32.0,0.8219,0.3814,4,9,1,391
task_env_weather_126577,clothing,22,183,0.955167,0.958356,0.860017,0.952339,0,0.95275,0.93154,0.22421,0.00981,0.03713,2.50574,53.1039,1.00238,2.52691,2.62696,0,11.8179,16.0,4,25.218,0.3017,0.6257,1,29.608,0.907,0.8335,2,31.987,0.8232,0.3806,4,9,1,394
task_env_weather_126577,clothing,22,184,0.939512,0.963396,0.502093,0.927794,0,0.95776,0.92375,0.21838,0.00573,0.03064,2.57203,63.7197,1.01324,2.52732,2.62696,0,13.2392,16.0,4,25.258,0.3089,0.6289,1,29.706,0.9115,0.8342,2,32.0,0.8161,0.3885,4,9,1,395
task_env_weather_126577,clothing,22,185,0.929755,0.964764,1.0,0.916437,0,0.95912,0.93212,0.2246,0.0145,0.04137,2.6039,68.9123,0.97264,2.55041,2.62696,0,15.9406,16.0,4,25.166,0.3084,0.6259,1,29.618,0.9074,0.8334,2,32.0,0.8174,0.3819,4,9,1,391
task_env_weather_126577,clothing,22,186,0.979619,0.968717,0.385517,1.0,0,0.96305,0.93874,0.22973,0.0044,0.0169,2.37117,62.488,1.01176,2.53907,2.62696,0,14.6361,16.0,4,25.247,0.309,0.6257,1,29.752,0.9118,0.8333,2,31.971,0.8257,0.3789,4,9,1,392
task_env_weather_126577,clothing,22,187,1000.0,0.96242,1.0,0.889183,0,0.95679,0.95415,0.2269,0.01368,0.04978,2.68372,70.2461,0.97776,2.55618,2.62696,1,16.3967,16.0,4,25.295,0.3035,0.6273,1,29.6,0.9077,0.8363,2,32.0,0.8254,0.381,4,9,1,389
task_env_weather_126577,clothing,22,188,0.822237,0.933873,1.0,0.812403,0,0.92841,0.82578,0.21883,0.01294,0.0683,2.93735,72.5284,0.9848,2.51137,2.62696,0,15.5611,16.0,4,25.197,0.3075,0.6236,1,29.761,0.9048,0.8303,2,31.889,0.8166,0.3809,4,9,1,393
task_env_weather_126577,clothing,22,189,0.820961,0.931761,1.0,0.811051,0,0.92631,0.82785,0.21887,0.01285,0.06745,2.94225,72.9579,0.98573,2.50784,2.62696,0,15.6611,16.0,4,25.293,0.3032,0.6256,1,29.745,0.9096,0.8353,2,31.924,0.8115,0.3808,4,9,1,393
task_env_weather_126577,clothing,22,190,0.824698,0.932777,1.0,0.814541,0,0.92732,0.8438,0.21944,0.01348,0.06747,2.92964,72.7381,0.98536,2.50678,2.62696,0,15.6172,16.0,4,25.189,0.3112,0.6241,1,29.643,0.9031,0.8354,2,31.974,0.8247,0.3814,4,9,1,393
task_env_weather_126577,clothing,23,191,0.976146,0.96931,0.375548,0.985619,0,0.96364,0.94331,0.2296,0.00428,0.01647,2.42113,62.4494,1.01138,2.53874,2.62696,0,14.6563,16.0,4,25.217,0.3097,0.6273,1,29.768,0.905,0.8325,2,31.986,0.8227,0.3819,4,9,1,392
task_env_weather_126577,clothing,23,192,0.931843,0.964382,1.0,0.918774,0,0.95874,0.93779,0.22479,0.01469,0.04185,2.59728,68.9262,0.97264,2.5527,2.62696,0,15.9464,16.0,4,25.237,0.3118,0.6255,1,29.676,0.9062,0.835,2,32.0,0.8197,0.3826,4,9,1,391
task_env_weather_126577,clothing,23,193,0.939269,0.963406,1.0,0.927499,0,0.95777,0.93804,0.22505,0.01492,0.04306,2.57285,69.0923,0.97271,2.56096,2.62696,0,15.9824,16.0,4,25.206,0.3055,0.6286,1,29.716,0.9077,0.8355,2,31.941,0.8221,0.3808,4,9,1,391
task_env_weather_126577,clothing,23,194,0.93056,0.963607,0.546096,0.917435,0,0.95797,0.93009,0.21887,0.00623,0.03329,2.60107,63.3212,1.01239,2.51988,2.62696,0,13.1903,16.0,4,25.251,0.3085,0.6263,1,29.784,0.9051,0.8354,2,31.935,0.8193,0.3847,4,9,1,395
task_env_weather_126577,clothing,23,195,0.979564,0.968797,0.371378,0.999435,0,0.96313,0.93738,0.22962,0.00424,0.0163,2.38766,62.4995,1.01145,2.54187,2.62696,0,14.631,16.0,4,25.228,0.3065,0.624,1,29.785,0.9117,0.8318,2,31.96,0.8217,0.3837,4,9,1,392
task_env_weather_126577,clothing,23,196,1000.0,0.922356,1.0,0.910921,0,0.91696,0.82394,0.23347,0.0233,0.08076,2.61967,78.6865,0.97325,2.54848,2.62696,1,18.9144,16.0,4,25.275,0.3074,0.6267,1,29.754,0.9092,0.8331,2,32.0,0.8206,0.381,4,9,1,396
task_env_weather_126577,clothing,23,197,0.820103,0.931902,1.0,0.810284,0,0.92645,0.82718,0.21892,0.0129,0.06814,2.94504,72.9684,0.98578,2.50787,2.62696,0,15.6662,16.0,4,25.296,0.3035,0.6254,1,29.77,0.9098,0.8356,2,32.0,0.8241,0.3808,4,9,1,393
task_env_weather_126577,clothing,23,198,0.941309,0.963285,0.525414,0.930012,0,0.95765,0.92413,0.21867,0.00599,0.03202,2.5659,63.5084,1.01287,2.52819,2.62696,0,13.2206,16.0,4,25.208,0.312,0.6278,1,29.832,0.91,0.8353,2,32.0,0.8219,0.385,4,9,1,395
task_env_weather_126577,clothing,23,199,0.943217,0.963939,1.0,0.932227,0,0.9583,0.93675,0.22478,0.0147,0.04186,2.5598,68.8755,0.97264,2.55093,2.62696,0,15.9307,16.0,4,25.241,0.3101,0.6238,1,29.674,0.9075,0.8334,2,31.98,0.8229,0.3843,4,9,1,391
task_env_weather_126577,clothing,24,200,0.923181,0.964925,1.0,0.909424,0,0.95928,0.93707,0.2247,0.01456,0.04186,2.62399,69.0462,0.97273,2.55421,2.62696,0,15.9718,16.0,4,25.333,0.3075,0.6267,1,29.71,0.9099,0.8336,2,32.0,0.8209,0.3829,4,9,1,391
task_env_weather_126577,clothing,24,201,0.934005,0.963768,0.486911,0.921281,0,0.95813,0.92572,0.21823,0.00555,0.02979,2.59022,63.4111,1.01267,2.52767,2.62696,0,13.2045,16.0,4,25.232,0.3102,0.6267,1,29.758,0.9099,0.8351,2,31.933,0.8212,0.3839,4,9,1,395
task_env_weather_126577,clothing,24,202,0.95352,0.958346,0.832319,0.949479,0,0.95274,0.93093,0.22387,0.00949,0.03678,2.51329,53.1039,1.00242,2.52208,2.62696,0,11.8108,16.0,4,25.292,0.3095,0.6243,1,29.72,0.9101,0.8332,2,32.0,0.8209,0.3825,4,9,1,394
task_env_weather_126577,clothing,24,203,0.977844,0.968737,0.372524,0.99249,0,0.96307,0.9426,0.22961,0.00425,0.0164,2.40437,62.5519,1.01161,2.53647,2.62696,0,14.6586,16.0,4,25.213,0.31,0.6269,1,29.67,0.906,0.8346,2,31.932,0.8185,0.3822,4,9,1,392
task_env_weather_126577,clothing,24,204,0.957031,0.958457,0.869337,0.955682,0,0.95285,0.94965,0.22434,0.00991,0.0381,2.49698,53.206,1.00264,2.52559,2.62696,0,11.838,16.0,4,25.217,0.3084,0.6264,1,29.741,0.9077,0.8346,2,32.0,0.8176,0.3835,4,9,1,394
task_env_weather_126577,clothing,24,205,0.922726,0.963808,0.543084,0.908999,0,0.95817,0.92876,0.21886,0.00619,0.0332,2.62521,63.3228,1.01229,2.52587,2.62696,0,13.1992,16.0,4,25.233,0.3101,0.6273,1,29.651,0.908,0.8333,2,32.0,0.8174,0.3835,4,9,1,395
task_env_weather_126577,clothing,24,206,0.958545,0.95733,0.8336,0.959823,0,0.95173,0.95518,0.22392,0.00951,0.03625,2.4862,53.1835,1.00252,2.51749,2.62696,0,11.8342,16.0,4,25.269,0.3072,0.6265,1,29.756,0.9073,0.8338,2,31.954,0.8229,0.3822,4,9,1,394
task_env_weather_126577,clothing,24,207,0.818628,0.933551,1.0,0.809092,0,0.92809,0.82748,0.21956,0.01357,0.06983,2.94938,72.769,0.98546,2.50901,2.62696,0,15.618,16.0,4,25.206,0.3078,0.625,1,29.788,0.9068,0.8331,2,31.929,0.821,0.3824,4,9,1,393
task_env_weather_126577,clothing,24,208,0.979535,0.968948,0.386321,0.998748,0,0.96328,0.96785,0.2297,0.00441,0.01691,2.38931,62.4236,1.01144,2.5363,2.62696,0,14.6435,16.0,4,25.248,0.3108,0.6261,1,29.752,0.9047,0.8336,2,31.991,0.8194,0.3813,4,9,1,392
task_env_weather_126577,clothing,25,209,0.823628,0.933592,1.0,0.813642,0,0.92813,0.93526,0.21911,0.0131,0.06733,2.93288,72.8457,0.98558,2.50568,2.62696,0,15.6399,16.0,4,25.229,0.3068,0.6266,1,29.686,0.9084,0.8336,2,31.926,0.8187,0.3817,4,9,1,393
task_env_weather_126577,clothing,25,210,0.979993,0.96919,0.373983,1.0,0,0.96352,0.93877,0.22966,0.00426,0.01648,2.3515,62.5599,1.01163,2.54435,2.62696,0,14.6476,16.0,4,25.208,0.3071,0.6259,1,29.769,0.9075,0.8348,2,32.0,0.8202,0.3828,4,9,1,392
task_env_weather_126577,clothing,25,211,0.818173,0.934577,1.0,0.808771,0,0.92911,0.84432,0.21925,0.01325,0.06586,2.95054,72.8293,0.9855,2.50189,2.62696,0,15.6325,16.0,4,25.25,0.3062,0.6255,1,29.713,0.908,0.8337,2,32.0,0.8218,0.3814,4,9,1,393
task_env_weather_126577,clothing,25,212,0.957318,0.958849,0.828079,0.955876,0,0.95324,0.95491,0.22378,0.00944,0.0357,2.49647,53.0977,1.00228,2.52411,2.62696,0,11.8157,16.0,4,25.231,0.3083,0.6244,1,29.695,0.9069,0.833,2,32.0,0.8213,0.3835,4,9,1,394
task_env_weather_126577,clothing,25,213,0.821179,0.933058,1.0,0.811367,0,0.9276,0.84487,0.21867,0.01266,0.06467,2.94111,72.9122,0.98572,2.50432,2.62696,0,15.6491,16.0,4,25.194,0.3078,0.6254,1,29.758,0.9071,0.8354,2,31.962,0.8223,0.3821,4,9,1,393
task_env_weather_126577,clothing,25,214,0.932599,0.963869,0.539471,0.919678,0,0.95823,0.92478,0.21879,0.00615,0.03272,2.59473,63.3077,1.01224,2.5257,2.62696,0,13.1984,16.0,4,25.252,0.308,0.6277,1,29.704,0.907,0.8322,2,31.963,0.8234,0.3843,4,9,1,395
task_env_weather_126577,clothing,25,215,0.978994,0.967932,0.394582,1.0,0,0.96227,0.93173,0.22988,0.0045,0.01733,2.38351,62.5396,1.0118,2.53835,2.62696,0,14.65,16.0,4,25.221,0.3092,0.6265,1,29.707,0.9075,0.8358,2,31.985,0.8208,0.3805,4,9,1,392
task_env_weather_126577,clothing,25,216,0.82439,0.933612,1.0,0.814337,0,0.92815,0.84413,0.21927,0.01327,0.06974,2.93038,72.7834,0.98536,2.50038,2.62696,0,15.6285,16.0,4,25.248,0.3074,0.6267,1,29.671,0.9079,0.833,2,31.979,0.8216,0.3806,4,9,1,393
task_env_weather_126577,clothing,25,217,0.951511,0.958256,0.836368,0.94621,0,0.95265,0.94978,0.22396,0.00954,0.03627,2.52197,53.1928,1.00255,2.51962,2.62696,0,11.8315,16.0,4,25.234,0.3067,0.6264,1,29.708,0.9095,0.8332,2,32.0,0.822,0.382,4,9,1,394
task_env_weather_126577,clothing,26,218,0.952589,0.958024,0.824946,0.948129,0,0.95242,0.94948,0.22384,0.00941,0.03616,2.51687,53.2079,1.00258,2.52103,2.62696,0,11.8428,16.0,4,25.184,0.3086,0.6271,1,29.732,0.9074,0.8337,2,31.983,0.8204,0.3825,4,9,1,394
task_env_weather_126577,clothing,26,219,0.979747,0.968878,0.393016,1.0,0,0.96321,0.93602,0.22982,0.00448,0.01728,2.36564,62.4819,1.01156,2.54219,2.62696,0,14.6367,16.0,4,25.187,0.3078,0.6257,1,29.706,0.9078,0.8335,2,32.0,0.8207,0.3807,4,9,1,392
task_env_weather_126577,clothing,26,220,0.959067,0.958256,0.872249,0.959905,0,0.95265,0.94188,0.22433,0.00995,0.03802,2.48599,53.07,1.00234,2.52027,2.62696,0,11.8157,16.0,4,25.223,0.3069,0.6251,1,29.724,0.9065,0.8336,2,31.976,0.8225,0.3811,4,9,1,394
task_env_weather_126577,clothing,26,221,0.950859,0.957682,0.847837,0.94551,0,0.95208,0.93402,0.2241,0.00967,0.037,2.52384,53.1791,1.00259,2.51413,2.62696,0,11.8302,16.0,4,25.229,0.3059,0.6262,1,29.733,0.9092,0.8339,2,32.0,0.8197,0.3824,4,9,1,394
task_env_weather_126577,clothing,26,222,0.940932,0.963537,0.543932,0.92949,0,0.9579,0.93065,0.21888,0.0062,0.03312,2.56734,63.2657,1.0122,2.52578,2.62696,0,13.1873,16.0,4,25.227,0.3065,0.6268,1,29.728,0.9065,0.8346,2,31.973,0.8201,0.3815,4,9,1,395
task_env_weather_126577,clothing,26,223,0.837932,0.933179,1.0,0.826625,0,0.92772,0.93165,0.21904,0.01302,0.06705,2.88682,72.8633,0.98566,2.49848,2.62696,0,15.641,16.0,4,25.245,0.3063,0.627,1,29.738,0.9072,0.8339,2,31.994,0.8214,0.3828,4,9,1,393
task_env_weather_126577,clothing,26,224,0.93616,0.963426,0.485929,0.923813,0,0.95779,0.92428,0.21822,0.00554,0.02971,2.58312,63.3082,1.01227,2.52976,2.62696,0,13.1929,16.0,4,25.233,0.3073,0.6271,1,29.737,0.9078,0.8344,2,31.987,0.8213,0.3814,4,9,1,395
task_env_weather_126577,clothing,26,225,0.959082,0.958668,0.859878,0.959503,0,0.95306,0.93436,0.22418,0.00981,0.03796,2.48703,53.1664,1.00241,2.52943,2.62696,0,11.8317,16.0,4,25.248,0.3072,0.6259,1,29.756,0.9074,0.8327,2,31.989,0.8223,0.3836,4,9,1,394
task_env_weather_126577,clothing,26,226,0.958033,0.957491,0.841749,0.958588,0,0.95189,0.95612,0.22405,0.0096,0.03669,2.48941,53.1842,1.00265,2.51897,2.62696,0,11.8335,16.0,4,25.262,0.3065,0.6266,1,29.731,0.91,0.8339,2,32.0,0.8206,0.3821,4,9,1,394
task_env_weather_126577,clothing,27,227,0.818868,0.932284,1.0,0.809195,0,0.92683,0.93937,0.21958,0.01355,0.06974,2.949,72.8904,0.98568,2.50149,2.62696,0,15.646,16.0,4,25.237,0.3071,0.6263,1,29.697,0.9083,0.8342,2,31.984,0.8201,0.3821,4,9,1,393
task_env_weather_126577,clothing,27,228,0.815305,0.933793,1.0,0.806091,0,0.92833,0.84298,0.21903,0.01302,0.06666,2.96035,72.8325,0.98556,2.50484,2.62696,0,15.634,16.0,4,25.192,0.3079,0.627,1,29.702,0.9075,0.8333,2,32.0,0.8203,0.3822,4,9,1,393
task_env_weather_126577,clothing,27,229,0.947632,0.957763,0.846138,0.940464,0,0.95216,0.95215,0.22407,0.00965,0.03693,2.53738,53.1537,1.00248,2.52506,2.62696,0,11.8348,16.0,4,25.247,0.3079,0.6267,1,29.734,0.9076,0.833,2,31.977,0.8197,0.3818,4,9,1,394
task_env_weather_126577,clothing,27,230,0.828918,0.932264,1.0,0.818333,0,0.92681,0.83024,0.21935,0.01334,0.0693,2.91607,72.9155,0.98573,2.50363,2.62696,0,15.6479,16.0,4,25.243,0.3063,0.6253,1,29.723,0.9094,0.8342,2,31.993,0.8221,0.3821,4,9,1,393
task_env_weather_126577,clothing,27,231,0.828471,0.932415,1.0,0.81794,0,0.92696,0.84394,0.21901,0.01299,0.06633,2.91747,72.8983,0.98567,2.49968,2.62696,0,15.6485,16.0,4,25.231,0.308,0.6265,1,29.731,0.9087,0.8342,2,31.972,0.8211,0.3817,4,9,1,393
task_env_weather_126577,clothing,27,232,0.823245,0.934778,1.0,0.813402,0,0.92931,0.8443,0.21908,0.01307,0.06569,2.93375,72.8369,0.98555,2.50834,2.62696,0,15.6364,16.0,4,25.221,0.308,0.6263,1,29.729,0.9076,0.8338,2,32.0,0.8216,0.3817,4,9,1,393
task_env_weather_126577,clothing,27,233,0.957912,0.957733,0.834025,0.958092,0,0.95213,0.95283,0.22392,0.00951,0.03625,2.49069,53.1494,1.00252,2.51876,2.62696,0,11.8277,16.0,4,25.212,0.3084,0.6258,1,29.752,0.908,0.834,2,32.0,0.8212,0.3826,4,9,1,394
task_env_weather_126577,clothing,27,234,0.953443,0.958306,0.852313,0.949376,0,0.9527,0.95246,0.22412,0.00972,0.03745,2.51356,53.1759,1.00246,2.52501,2.62696,0,11.837,16.0,4,25.213,0.3079,0.6266,1,29.755,0.9072,0.833,2,32.0,0.8228,0.3828,4,9,1,394
task_env_weather_126577,clothing,27,235,0.955767,0.957813,0.810207,0.953876,0,0.95221,0.95089,0.22366,0.00924,0.03528,2.5017,53.1702,1.00255,2.5185,2.62696,0,11.8256,16.0,4,25.211,0.309,0.6256,1,29.735,0.9074,0.8348,2,31.979,0.821,0.3824,4,9,1,394
task_env_weather_126577,clothing,28,236,0.955715,0.957511,0.817727,0.954039,0,0.95191,0.94832,0.22376,0.00932,0.03564,2.50128,53.1969,1.00262,2.51432,2.62696,0,11.8323,16.0,4,25.219,0.3071,0.6262,1,29.748,0.9092,0.8341,2,32.0,0.8209,0.3829,4,9,1,394
task_env_weather_126577,clothing,28,237,0.951471,0.95905,0.818054,0.945672,0,0.95344,0.94941,0.22375,0.00933,0.03564,2.52341,53.1962,1.00257,2.51935,2.62696,0,11.8344,16.0,4,25.243,0.3071,0.6264,1,29.735,0.9084,0.8337,2,31.999,0.8213,0.3826,4,9,1,394
task_env_weather_126577,clothing,28,238,0.963795,0.958427,0.844047,0.970649,0,0.95282,0.95986,0.22403,0.00963,0.03683,2.45847,53.1571,1.00251,2.52113,2.62696,0,11.8225,16.0,4,25.227,0.3078,0.6254,1,29.737,0.9088,0.8339,2,32.0,0.8217,0.3824,4,9,1,394
task_env_weather_126577,clothing,28,239,0.813124,0.932515,1.0,0.803991,0,0.92706,0.82739,0.21902,0.01299,0.06735,2.96809,72.8939,0.98571,2.50178,2.62696,0,15.6449,16.0,4,25.235,0.3075,0.6264,1,29.728,0.9077,0.8343,2,31.997,0.8209,0.3826,4,9,1,393
task_env_weather_126577,clothing,28,240,0.954515,0.958185,0.824374,0.951316,0,0.95258,0.94892,0.22382,0.0094,0.03581,2.50844,53.1562,1.00252,2.52546,2.62696,0,11.8303,16.0,4,25.23,0.3072,0.6262,1,29.728,0.9085,0.8334,2,32.0,0.8213,0.3823,4,9,1,394
task_env_weather_195273,background,1,1,0.987264,0.990047,1.0,0.984761,0,0.89822,0.85127,0.21911,0.03341,0.14076,4.85031,20.5143,0.86575,4.65627,4.84527,0,5.746,16.0,1,24.0,0.0,0.05,1,24.0,0.0,0.5,1,24.0,0.0,0.5,0,0,1,0
task_env_weather_195273,background,2,2,0.962112,0.98782,1.0,0.950037,0,0.8962,0.86543,0.21341,0.03075,0.14437,5.02759,25.0479,0.8751,4.73866,4.84527,0,5.5081,16.0,8,20.714,0.0,0.239,1,8.336,0.2118,0.7786,1,19.483,0.0,0.5605,0,7,1,43
task_env_weather_195273,background,2,3,1.0,1.0,1.0,1.0,0,0.90829,0.0,0.22863,0.03353,0.13531,4.61956,41.1183,0.86317,4.57243,4.84527,0,11.2904,16.0,1,28.179,0.0,0.05,2,32.0,0.4934,0.7576,1,32.0,0.0,0.237,0,0,1,0
task_env_weather_195273,background,2,4,0.97496,0.99623,1.0,0.963833,0,0.90383,0.87184,0.21512,0.03256,0.14331,4.95563,15.0534,0.86923,4.6618,4.84527,0,2.8756,16.0,1,30.079,0.0,0.1361,1,18.392,0.1435,0.1947,1,27.227,0.0,0.1959,0,0,1,0
task_env_weather_195273,background,2,5,0.98207,0.990774,1.0,0.97564,0,0.89888,0.86454,0.21299,0.03065,0.13365,4.89565,16.62,0.86922,4.69696,4.84527,0,3.6395,16.0,16,23.603,0.0329,0.05,4,32.0,0.092,0.1903,1,16.597,0.6947,0.5123,0,0,1,997
task_env_weather_195273,background,2,6,1.0,1.0,0.891254,1.0,0,0.91382,0.86366,0.20717,0.02724,0.09312,4.69914,30.7221,0.8501,4.66372,4.84527,0,6.6675,16.0,1,20.237,0.0,0.4595,4,32.0,0.2276,0.05,1,32.0,0.4032,0.519,1,4,1,6
task_env_weather_195273,background,2,7,0.990122,1.0,1.0,0.98308,0,0.90955,0.86928,0.21852,0.03258,0.12978,4.85861,21.7137,0.86325,4.67432,4.84527,0,5.4353,16.0,1,32.0,0.0,0.2003,1,31.966,0.0,0.286,1,22.218,0.0,0.7818,2,0,1,0
task_env_weather_195273,background,2,8,0.982968,0.99148,1.0,0.976642,0,0.89952,0.87475,0.21531,0.03361,0.1417,4.89063,16.0531,0.86566,4.66077,4.84527,0,3.3285,16.0,1,30.361,0.0,0.05,4,32.0,0.0,0.1164,1,32.0,0.0,0.4896,3,0,1,0
task_env_weather_195273,background,2,9,0.988381,0.980513,0.851018,1.0,0,0.88957,0.83595,0.20995,0.02601,0.08373,4.57394,39.6604,0.83267,4.69744,4.84527,0,8.8916,16.0,1,22.659,0.0,0.05,1,24.049,0.1222,0.2273,1,32.0,1.0315,0.7553,13,5,1,457
task_env_weather_195273,background,2,10,0.992406,0.986597,1.0,1.0,0,0.89509,0.82262,0.2172,0.03227,0.1243,4.61135,31.5536,0.86636,4.65778,4.84527,0,8.9316,16.0,2,25.002,0.0,0.05,1,31.035,0.0,0.654,2,32.0,0.0,0.4803,8,8,1,0
task_env_weather_195273,background,3,11,0.974579,0.962557,0.299565,1.0,0,0.87328,0.0,0.20416,0.00916,0.03649,4.67146,49.468,0.92036,4.53462,4.84527,0,13.0996,16.0,16,26.239,0.0,0.3532,1,0.0,1.0165,1.0,1,7.351,0.0,0.3614,0,11,1,0
task_env_weather_195273,background,3,12,1000.0,0.996308,0.760768,1.0,0,0.9039,0.0,0.2243,0.02325,0.1014,4.74188,80.2722,0.36254,4.35451,4.84527,1,23.1253,16.0,2,32.0,0.0456,0.05,2,0.0,0.4995,0.7677,4,20.759,0.2792,0.6621,0,1,0,59
task_env_weather_195273,background,3,13,1000.0,0.970703,0.458324,1.0,0,0.88067,0.0,0.20593,0.01401,0.05565,4.67508,64.4042,0.82977,4.63594,4.84527,1,17.0897,16.0,4,32.0,0.0,0.108,1,22.574,0.3486,0.9234,1,27.935,0.2102,0.5403,0,17,0,0
task_env_weather_195273,background,3,14,1000.0,0.979168,0.737496,1.0,0,0.88835,0.0,0.21669,0.02254,0.09086,4.77375,58.5066,0.19191,4.91564,4.84527,1,16.8999,16.0,4,23.678,0.0,0.0763,1,0.0,0.5443,0.4633,1,18.028,0.0,0.2079,0,5,0,140
task_env_weather_195273,background,3,15,0.926345,0.913331,1.0,1.0,0,0.82862,0.0,0.22736,0.03474,0.13338,4.57083,34.4366,0.86416,4.63885,4.84527,0,9.2127,16.0,16,16.478,0.0596,0.4037,2,7.653,0.1494,0.9202,1,24.121,0.8143,0.05,2,10,1,301
task_env_weather_195273,background,3,16,1000.0,0.491739,0.502985,1.0,0,0.44613,0.0,0.20626,0.01537,0.06993,3.31247,163.2505,0.40363,3.01962,4.84527,1,43.1472,16.0,8,27.401,0.3676,0.2036,2,22.878,0.9167,0.9973,1,30.073,0.5318,0.3117,0,12,0,0
task_env_weather_195273,background,3,17,0.955965,0.996671,0.467225,0.942256,0,0.90423,0.87927,0.20758,0.01428,0.06773,5.06911,35.7307,0.89419,4.69172,4.84527,0,8.4835,16.0,16,32.0,0.0,0.0836,1,11.545,0.5797,0.7534,1,11.092,0.0,0.5836,0,10,1,0
task_env_weather_195273,background,3,18,0.978379,0.980711,0.965571,0.976247,0,0.88975,0.84293,0.21434,0.02951,0.12533,4.89261,20.8023,0.86996,4.67283,4.84527,0,5.4199,16.0,8,20.08,0.3305,0.3008,1,16.675,0.0,0.4787,16,17.664,1.0275,0.4918,6,7,1,0
task_env_weather_195273,background,3,19,0.95507,0.941207,0.457482,1.0,0,0.85391,0.0,0.21559,0.01398,0.06343,4.6728,56.799,0.8614,4.58952,4.84527,0,15.662,16.0,4,18.559,0.0,0.2127,4,3.188,0.4822,1.0,2,26.838,0.0,0.6238,3,11,1,0
task_env_weather_195273,background,4,20,0.973578,0.963406,1.0,0.991373,0,0.87405,0.85743,0.22594,0.0334,0.13559,4.81796,32.3887,0.86646,4.63425,4.84527,0,9.0723,16.0,8,8.954,0.2428,0.2656,1,0.0,0.2746,1.0,1,31.219,0.3087,0.05,0,8,1,387
task_env_weather_195273,background,4,21,1000.0,0.771386,0.626702,1.0,0,0.69984,0.0,0.21894,0.01915,0.09821,3.41023,100.3196,0.43294,3.53376,4.84527,1,23.9684,16.0,32,18.106,0.0,0.5716,4,8.347,0.5721,1.0,2,18.385,0.5994,0.228,1,14,0,613
task_env_weather_195273,background,4,22,0.973176,0.960904,0.996719,1.0,0,0.87178,0.93504,0.2225,0.03046,0.13252,4.71077,31.1359,0.86556,4.60667,4.84527,0,8.9948,16.0,8,12.747,0.0,0.5587,2,4.087,0.0,1.0,1,21.937,1.5,0.05,0,12,1,197
task_env_weather_195273,background,4,23,0.94329,0.929457,1.0,1.0,0,0.84325,0.86176,0.22066,0.0359,0.151,4.67422,25.049,0.86684,4.60141,4.84527,0,6.4053,16.0,8,24.295,0.0,0.5775,1,7.319,0.2107,0.746,2,23.148,0.5709,0.05,5,2,1,449
task_env_weather_195273,background,4,24,0.975198,0.970317,1.0,0.981275,0,0.88032,0.91221,0.21952,0.03203,0.13432,4.86754,28.5097,0.87057,4.75789,4.84527,0,7.8847,16.0,8,18.168,0.3479,0.522,1,6.208,0.2954,1.0,1,30.06,0.7051,0.05,0,11,1,375
task_env_weather_195273,background,4,25,0.980537,0.98771,1.0,0.974976,0,0.8961,0.87498,0.22045,0.03226,0.14689,4.89899,23.8418,0.86792,4.67474,4.84527,0,6.5174,16.0,8,16.892,0.1427,0.3018,4,1.491,0.0,0.7969,2,24.493,0.7836,0.218,0,7,1,341
task_env_weather_195273,background,4,26,0.996475,0.993387,0.800493,1.0,0,0.90125,0.87308,0.21869,0.02447,0.10646,4.52265,34.6503,0.86253,4.6279,4.84527,0,10.0656,16.0,32,14.192,0.1785,0.6041,16,5.651,0.0,0.9963,1,12.537,1.0749,0.6589,3,6,1,368
task_env_weather_195273,background,4,27,0.97342,0.973128,1.0,0.973716,0,0.88287,0.8296,0.21707,0.03129,0.12796,4.90533,45.4442,0.86074,4.62166,4.84527,0,11.9826,16.0,16,12.472,0.8712,0.4404,2,4.493,0.525,1.0,1,28.867,0.9913,0.05,0,15,1,208
task_env_weather_195273,background,4,28,0.950704,1.0,0.780092,0.936782,0,0.91138,0.0,0.21728,0.02384,0.11,5.09873,56.848,0.27888,4.98904,4.84527,0,14.9369,16.0,8,21.793,0.0,0.3836,2,12.106,0.1278,0.6176,1,27.353,0.6316,0.3358,7,12,0,462
task_env_weather_195273,background,5,29,0.984407,0.974957,0.764456,1.0,0,0.88453,0.82604,0.22458,0.02337,0.12423,4.7065,44.525,0.86562,4.55037,4.84527,0,12.1521,16.0,32,13.746,0.0,0.4595,8,7.692,0.4349,0.9985,1,25.35,0.7366,0.1366,0,12,1,339
task_env_weather_195273,background,5,30,0.930567,0.917289,0.85633,1.0,0,0.83221,0.91046,0.21552,0.02617,0.11827,4.71647,32.0452,0.8565,4.63658,4.84527,0,9.2072,16.0,8,17.692,0.0,0.5677,4,0.0,0.0859,0.9069,1,19.628,0.4389,0.0616,4,9,1,237
task_env_weather_195273,background,5,31,0.992805,1.0,1.0,0.987231,0,0.91136,0.0,0.22659,0.03623,0.15235,4.83818,33.0229,0.86897,4.64776,4.84527,0,10.3649,16.0,32,18.628,0.2254,0.5469,1,0.0,0.3283,0.8308,1,25.547,0.5417,0.05,1,7,1,274
task_env_weather_195273,background,5,32,0.984231,0.99137,0.836199,0.978691,0,0.89942,0.86473,0.21565,0.02556,0.12212,4.88039,28.6554,0.8671,4.66408,4.84527,0,7.9354,16.0,16,21.733,0.0938,0.4067,2,5.304,0.5178,0.9069,1,24.379,1.0593,0.05,0,7,1,188
task_env_weather_195273,background,5,33,0.993356,0.988118,0.640397,1.0,0,0.89647,0.87442,0.21701,0.01957,0.09477,4.63137,42.2552,0.86472,4.66193,4.84527,0,12.1496,16.0,16,9.05,0.0597,0.3798,1,0.0,0.249,0.996,2,25.157,1.161,0.0896,0,11,1,519
task_env_weather_195273,background,5,34,0.979671,0.971133,0.750782,0.992853,0,0.88106,0.82429,0.21782,0.02295,0.09444,4.81078,23.4593,0.86508,4.68251,4.84527,0,5.8301,16.0,16,9.341,0.0,0.3383,2,0.0,0.4607,0.8487,1,27.769,1.149,0.05,3,12,1,258
task_env_weather_195273,background,5,35,0.984809,0.980931,0.867842,0.989402,0,0.88995,0.0,0.21913,0.02652,0.11563,4.82756,50.1674,0.2942,5.0328,4.84527,0,14.8812,16.0,16,20.911,0.1481,0.2033,2,12.763,0.0,0.7728,4,23.022,0.9002,0.1464,0,9,0,155
task_env_weather_195273,background,5,36,0.981809,0.983125,1.0,0.980558,0,0.89194,0.96644,0.22176,0.03324,0.14758,4.8711,27.0546,0.86781,4.66533,4.84527,0,7.7572,16.0,16,10.482,0.0,0.4918,8,13.766,0.0683,0.8576,1,32.0,0.8346,0.1241,0,11,1,292
task_env_weather_195273,background,5,37,0.984311,0.977029,1.0,0.994674,0,0.88641,0.82993,0.22275,0.03816,0.15551,4.80197,22.3724,0.86544,4.58612,4.84527,0,5.2439,16.0,8,19.797,0.0911,0.5481,1,2.209,0.1426,0.5961,1,23.012,0.7285,0.05,8,7,1,289
task_env_weather_195273,background,6,38,0.978528,0.967352,1.0,1.0,0,0.87763,0.86649,0.22948,0.0361,0.14126,4.41365,28.2548,0.86569,4.6994,4.84527,0,7.6282,16.0,16,14.929,0.0912,0.4955,4,15.267,0.0216,0.7923,1,28.274,1.0047,0.1827,2,10,1,379
task_env_weather_195273,background,6,39,0.990409,0.996263,1.0,0.985673,0,0.90386,0.88003,0.22113,0.03443,0.14255,4.84582,30.256,0.86171,4.64418,4.84527,0,9.2936,16.0,8,17.369,0.0,0.396,2,0.248,0.1107,0.8881,1,18.743,0.7039,0.1412,1,9,1,236
task_env_weather_195273,background,6,40,0.992231,0.986321,0.892022,1.0,0,0.89484,0.0,0.22247,0.02726,0.1137,4.71866,37.8967,0.86122,4.7192,4.84527,0,10.9504,16.0,16,12.276,0.1513,0.3859,2,6.402,0.1458,1.0,1,29.34,0.6387,0.05,1,8,1,242
task_env_weather_195273,background,6,41,1.0,1.0,0.990884,1.0,0,0.91108,0.8632,0.2241,0.03029,0.13422,4.75256,35.0371,0.86563,4.65753,4.84527,0,10.0322,16.0,16,19.245,0.0714,0.3885,4,9.971,0.1188,1.0,1,25.152,0.7835,0.1726,2,11,1,165
task_env_weather_195273,background,6,42,1000.0,0.967947,0.749854,0.962973,0,0.87817,0.0,0.21706,0.02292,0.09289,4.96005,59.9563,0.26888,4.53017,4.84527,1,17.0264,16.0,32,16.831,0.3361,0.4691,4,5.16,0.148,0.8871,1,24.061,0.7611,0.0616,1,9,0,408
task_env_weather_195273,background,6,43,0.989302,0.983114,1.0,0.997563,0,0.89193,0.89774,0.2322,0.03797,0.14616,4.78807,33.7972,0.86187,4.65272,4.84527,0,9.5183,16.0,16,14.256,0.4594,0.4972,2,4.119,0.1338,1.0,2,22.802,1.2871,0.05,2,9,1,310
task_env_weather_195273,background,6,44,0.957316,0.943522,0.818415,1.0,0,0.85601,0.90676,0.21958,0.02501,0.11799,4.63387,36.8454,0.85453,4.63711,4.84527,0,10.7361,16.0,8,15.225,0.0321,0.4731,1,6.152,0.1405,1.0,1,28.105,0.6279,0.2406,4,7,1,331
task_env_weather_195273,background,6,45,0.999126,0.998281,1.0,1.0,0,0.90569,0.8717,0.21967,0.03081,0.12976,4.67618,28.3109,0.86456,4.62236,4.84527,0,8.2731,16.0,8,20.515,0.3395,0.3562,1,7.198,0.0,0.8901,1,26.199,0.8237,0.061,1,12,1,225
task_env_weather_195273,background,6,46,0.965882,0.952648,0.883,1.0,0,0.86429,0.8774,0.22484,0.02699,0.11825,4.77296,38.5551,0.8666,4.64619,4.84527,0,11.1671,16.0,8,19.688,0.1192,0.2905,2,11.655,0.2682,0.9309,2,25.434,1.0463,0.156,2,6,1,198
task_env_weather_195273,background,7,47,0.997788,0.995756,0.906579,1.0,0,0.9034,0.8351,0.21751,0.02771,0.11534,4.66523,31.3308,0.86779,4.60175,4.84527,0,8.9707,16.0,32,19.836,0.0259,0.4772,4,6.959,0.1417,0.8863,2,24.353,0.9203,0.1868,1,11,1,245
task_env_weather_195273,background,7,48,0.986602,0.977977,0.93569,1.0,0,0.88727,0.85666,0.21709,0.0286,0.11866,4.72367,29.108,0.86481,4.62925,4.84527,0,8.2096,16.0,32,16.204,0.0,0.4497,2,6.943,0.3173,0.849,1,27.231,0.969,0.1468,3,12,1,380
task_env_weather_195273,background,7,49,1.0,1.0,1.0,1.0,0,0.90863,0.8572,0.22724,0.03592,0.13363,4.55417,32.0319,0.86068,4.61434,4.84527,0,9.113,16.0,16,19.417,0.0768,0.5776,2,2.982,0.138,1.0,1,23.673,0.7018,0.05,1,9,1,368
task_env_weather_195273,background,7,50,0.994517,0.990025,1.0,1.0,0,0.8982,0.91697,0.22341,0.03426,0.14335,4.71908,30.1064,0.86071,4.63915,4.84527,0,8.3024,16.0,8,12.489,0.1174,0.3134,2,8.578,0.1832,0.8615,2,22.685,0.682,0.05,2,9,1,365
task_env_weather_195273,background,7,51,0.985424,0.984833,1.0,0.986029,0,0.89349,0.93751,0.22131,0.03251,0.14205,4.84407,23.4168,0.86744,4.6511,4.84527,0,6.5891,16.0,16,14.357,0.1722,0.4032,2,5.047,0.0733,0.7341,1,24.251,0.6147,0.05,0,13,1,70
task_env_weather_195273,background,7,52,0.950225,0.936302,1.0,1.0,0,0.84946,0.87354,0.22235,0.03287,0.14451,4.63133,30.8747,0.86461,4.61176,4.84527,0,8.7853,16.0,16,15.738,0.1405,0.5776,2,7.055,0.0,0.9407,1,29.001,0.8905,0.0517,5,10,1,331
task_env_weather_195273,background,7,53,0.993512,0.988371,0.912135,1.0,0,0.8967,0.94823,0.22108,0.02788,0.11892,4.66836,32.8446,0.86498,4.64074,4.84527,0,8.6114,16.0,16,14.336,0.0643,0.441,2,6.324,0.1619,0.9659,1,24.065,0.9819,0.1712,0,13,1,303
task_env_weather_195273,background,7,54,0.961556,0.966646,1.0,0.957332,0,0.87699,0.90564,0.22257,0.03591,0.15009,4.98928,25.0062,0.86652,4.67814,4.84527,0,6.9412,16.0,16,13.323,0.1871,0.2927,2,6.894,0.217,0.8487,1,25.868,0.5649,0.05,5,10,1,259
task_env_weather_195273,background,7,55,0.989459,0.996539,0.887611,0.983954,0,0.90411,0.85325,0.2186,0.02713,0.12518,4.85429,30.961,0.8686,4.67864,4.84527,0,9.1069,16.0,16,16.287,0.1433,0.2202,2,6.413,0.1613,0.9308,1,24.023,0.755,0.0915,3,14,1,407
task_env_weather_195273,background,8,56,0.953473,0.93962,0.722664,0.99802,0,0.85247,0.94369,0.21058,0.02209,0.10608,4.78587,35.8907,0.86368,4.67139,4.84527,0,9.6432,16.0,16,19.271,0.0412,0.37,2,8.204,0.349,0.982,1,23.374,0.8028,0.0893,4,9,1,235
task_env_weather_195273,background,8,57,0.987923,0.979851,1.0,1.0,0,0.88897,0.89478,0.22744,0.03391,0.14821,4.66487,33.3704,0.86506,4.63415,4.84527,0,9.3578,16.0,16,16.813,0.1532,0.4841,2,9.627,0.1487,0.8916,1,22.051,0.8405,0.05,2,13,1,341
task_env_weather_195273,background,8,58,0.979664,0.968774,0.888761,1.0,0,0.87892,0.89371,0.23312,0.02716,0.11412,4.58309,44.0115,0.87802,4.66788,4.84527,0,13.3989,16.0,16,18.943,0.1249,0.4448,2,7.135,0.2699,0.9501,1,24.885,0.8205,0.0502,2,11,1,269
task_env_weather_195273,background,8,59,0.982007,0.989981,0.918665,0.975981,0,0.89816,0.83961,0.22231,0.02808,0.11419,4.89395,36.3937,0.8583,4.6231,4.84527,0,10.3009,16.0,16,17.008,0.0114,0.4296,2,7.684,0.2106,0.9421,1,26.248,0.8452,0.1255,3,9,1,275
task_env_weather_195273,background,8,60,0.993621,0.988548,0.969068,1.0,0,0.89686,0.88117,0.2199,0.02962,0.12029,4.69613,34.144,0.86388,4.65615,4.84527,0,8.8892,16.0,16,17.477,0.0,0.2987,2,8.773,0.2447,0.9227,1,23.211,0.6817,0.1223,0,10,1,303
task_env_weather_195273,background,8,61,0.98342,0.973635,1.0,1.0,0,0.88333,0.89434,0.22366,0.03101,0.12534,4.72943,30.3799,0.87049,4.6671,4.84527,0,8.0332,16.0,8,17.508,0.0588,0.3792,2,8.027,0.1629,0.8629,1,23.958,0.8373,0.1283,2,11,1,377
task_env_weather_195273,background,8,62,0.973757,0.963119,0.984093,0.993154,0,0.87379,0.88199,0.22075,0.03008,0.13489,4.80932,31.291,0.86737,4.62052,4.84527,0,9.1423,16.0,16,13.471,0.0,0.534,2,8.656,0.0789,0.9986,1,21.812,0.899,0.05,0,12,1,185
task_env_weather_195273,background,8,63,0.994212,0.989518,1.0,1.0,0,0.89774,0.8366,0.22049,0.03122,0.13657,4.74822,28.4882,0.86367,4.62018,4.84527,0,8.5243,16.0,8,16.584,0.1639,0.381,2,6.513,0.1087,0.8921,1,22.736,0.5804,0.05,3,9,1,285
task_env_weather_195273,background,8,64,0.993174,0.995404,1.0,0.991127,0,0.90308,0.84291,0.22164,0.0309,0.13528,4.81916,30.872,0.86638,4.61935,4.84527,0,9.2941,16.0,16,17.032,0.0837,0.4115,1,6.161,0.1308,1.0,1,26.805,0.6944,0.0538,3,10,1,379
task_env_weather_195273,background,9,65,0.991203,0.991171,1.0,0.991236,0,0.89924,0.86223,0.22286,0.03451,0.14239,4.81863,27.2298,0.86591,4.64926,4.84527,0,7.7219,16.0,16,16.022,0.0319,0.3924,2,6.809,0.3233,0.8461,1,24.38,0.7168,0.05,3,10,1,279
task_env_weather_195273,background,9,66,0.998056,0.996252,0.975965,1.0,0,0.90385,0.832,0.22073,0.02983,0.13,4.66377,28.0738,0.8659,4.63425,4.84527,0,8.2626,16.0,16,15.65,0.0,0.4445,2,9.091,0.0753,0.9067,1,24.158,0.7699,0.1226,3,10,1,214
task_env_weather_195273,background,9,67,0.993288,0.988008,1.0,1.0,0,0.89637,0.86266,0.22915,0.03745,0.15022,4.69347,31.0902,0.86292,4.69357,4.84527,0,9.0782,16.0,8,17.268,0.05,0.4039,2,4.683,0.077,0.905,1,24.877,0.9176,0.0564,2,9,1,288
task_env_weather_195273,background,9,68,1.0,1.0,1.0,1.0,0,0.91211,0.89328,0.23007,0.03368,0.13367,4.71688,37.8295,0.86883,4.57346,4.84527,0,10.7215,16.0,16,17.869,0.0,0.3428,2,6.228,0.1875,0.8961,1,23.901,0.7597,0.05,2,11,1,345
task_env_weather_195273,background,9,69,0.984117,0.983555,1.0,0.984692,0,0.89233,0.89997,0.22169,0.03442,0.15134,4.85065,27.3225,0.86642,4.59858,4.84527,0,7.7916,16.0,16,16.631,0.0644,0.4151,4,7.724,0.1021,0.8922,1,23.762,0.8002,0.05,0,9,1,269
task_env_weather_195273,background,9,70,0.981315,0.970879,1.0,1.0,0,0.88083,0.85046,0.22864,0.03392,0.13318,4.56057,33.0078,0.86457,4.59686,4.84527,0,9.1272,16.0,16,17.226,0.0,0.4153,2,8.079,0.1211,0.9614,1,23.445,0.7691,0.05,2,10,1,294
task_env_weather_195273,background,9,71,0.985653,0.983599,1.0,0.987891,0,0.89237,0.85834,0.22839,0.03755,0.14981,4.83494,29.6233,0.86376,4.65441,4.84527,0,8.3221,16.0,16,16.454,0.1073,0.3791,2,7.612,0.111,0.9671,1,23.132,0.8589,0.05,2,10,1,276
task_env_weather_195273,background,9,72,0.985844,1.0,1.0,0.976922,0,0.91247,0.84643,0.22187,0.03187,0.13025,4.88923,36.7642,0.86806,4.60209,4.84527,0,10.7282,16.0,16,14.846,0.1243,0.3998,4,6.558,0.1807,0.9775,1,25.466,0.8234,0.0923,3,11,1,315
task_env_weather_195273,background,9,73,1.0,1.0,1.0,1.0,0,0.9106,0.84606,0.22362,0.03479,0.14364,4.60014,31.4191,0.86225,4.69323,4.84527,0,8.9672,16.0,16,16.971,0.12,0.4422,2,7.411,0.202,0.9322,1,23.453,0.6265,0.05,1,9,1,342
task_env_weather_195273,background,10,74,0.983345,0.973535,1.0,1.0,0,0.88324,0.91547,0.22567,0.03193,0.11923,4.48884,30.1787,0.86494,4.61797,4.84527,0,8.218,16.0,16,17.425,0.0638,0.4023,2,8.558,0.2013,0.9147,1,24.918,0.7749,0.0576,2,10,1,290
task_env_weather_195273,background,10,75,0.988881,0.98124,0.951078,1.0,0,0.89023,0.83923,0.22144,0.02907,0.12266,4.42363,32.5412,0.859,4.65593,4.84527,0,8.9079,16.0,16,15.673,0.0307,0.3721,2,6.738,0.175,0.913,1,23.409,0.7548,0.05,2,10,1,337
task_env_weather_195273,background,10,76,0.984603,1.0,1.0,0.975222,0,0.91103,0.86281,0.22213,0.03528,0.14031,4.89775,27.6903,0.86103,4.60823,4.84527,0,7.5514,16.0,16,16.166,0.0413,0.3815,2,7.684,0.074,0.9273,1,23.381,0.9081,0.0585,1,10,1,264
task_env_weather_195273,background,10,77,0.992112,0.986134,0.98699,1.0,0,0.89467,0.92877,0.22263,0.03017,0.12703,4.67204,37.4948,0.85808,4.70075,4.84527,0,10.3487,16.0,16,15.35,0.118,0.4679,2,8.091,0.2162,0.932,1,23.688,0.8076,0.0571,2,10,1,304
task_env_weather_195273,background,10,78,0.985138,1.0,0.982482,0.975951,0,0.91171,0.8576,0.22124,0.03003,0.14207,4.89409,29.958,0.86526,4.67521,4.84527,0,8.9564,16.0,16,14.243,0.0101,0.3683,2,9.12,0.2682,0.9117,1,23.429,0.7864,0.0599,3,10,1,287
task_env_weather_195273,background,10,79,0.986012,1.0,1.0,0.977155,0,0.91359,0.87141,0.22071,0.03148,0.13432,4.88806,28.9542,0.86823,4.62585,4.84527,0,8.2158,16.0,16,15.296,0.0358,0.4005,2,9.273,0.1357,0.8885,1,23.191,0.7309,0.05,1,10,1,267
task_env_weather_195273,background,10,80,0.981826,0.97154,1.0,1.0,0,0.88143,0.86296,0.2278,0.03288,0.13174,4.46537,35.0262,0.86711,4.72357,4.84527,0,9.8218,16.0,16,17.048,0.0368,0.3835,2,9.645,0.1105,0.9537,1,25.281,0.8355,0.05,2,11,1,248
task_env_weather_195273,background,10,81,0.990057,0.982982,1.0,1.0,0,0.89181,0.82781,0.22997,0.03804,0.14675,4.66816,33.4945,0.86514,4.60186,4.84527,0,9.4247,16.0,16,15.898,0.0054,0.3952,2,7.815,0.1259,0.9037,1,25.076,0.9115,0.1036,2,11,1,303
task_env_weather_195273,background,10,82,0.992049,0.986035,1.0,1.0,0,0.89458,0.85547,0.22332,0.0331,0.13841,4.75963,29.8341,0.86376,4.60506,4.84527,0,9.008,16.0,16,17.661,0.0565,0.3619,2,8.115,0.1553,0.9315,1,23.701,0.8327,0.0521,3,9,1,215
task_env_weather_195273,background,11,83,0.995087,0.990984,1.0,1.0,0,0.89907,0.85631,0.2246,0.0323,0.129,4.68081,31.7,0.86146,4.6292,4.84527,0,8.7948,16.0,16,16.234,0.0901,0.3979,2,6.66,0.1355,0.9135,1,23.799,0.8426,0.0623,2,10,1,296
task_env_weather_195273,background,11,84,1.0,1.0,1.0,1.0,0,0.91161,0.88697,0.22331,0.03327,0.12729,4.64887,31.7536,0.86116,4.63986,4.84527,0,8.8701,16.0,16,16.889,0.0561,0.4414,2,7.372,0.139,0.9055,1,24.194,0.8357,0.0824,1,10,1,275
task_env_weather_195273,background,11,85,0.996861,0.995095,1.0,0.998761,0,0.9028,0.89342,0.22067,0.03125,0.12788,4.78232,28.8614,0.86151,4.61467,4.84527,0,7.7741,16.0,16,17.318,0.0536,0.3618,2,7.777,0.1489,0.919,1,25.536,0.7614,0.0615,1,10,1,311
task_env_weather_195273,background,11,86,0.977949,0.966635,1.0,1.0,0,0.87698,0.8456,0.22879,0.03376,0.12723,4.59395,36.4234,0.86171,4.63601,4.84527,0,10.2581,16.0,16,16.577,0.0752,0.4012,2,8.274,0.1712,0.9191,1,23.363,0.834,0.05,2,10,1,297
task_env_weather_195273,background,11,87,0.996847,0.994048,1.0,1.0,0,0.90185,0.91712,0.22931,0.03635,0.1571,4.69978,32.6902,0.8672,4.6524,4.84527,0,9.5446,16.0,16,16.275,0.1224,0.4285,2,6.254,0.1328,0.9008,1,23.216,0.7688,0.1048,2,10,1,263
task_env_weather_195273,background,11,88,0.992787,0.987203,1.0,1.0,0,0.89564,0.90289,0.23287,0.0394,0.15488,4.60864,30.8484,0.86612,4.67106,4.84527,0,8.6105,16.0,16,16.371,0.0492,0.4452,2,8.821,0.1188,0.9128,1,24.027,0.842,0.0589,2,10,1,353
task_env_weather_195273,background,11,89,0.971629,0.959107,1.0,1.0,0,0.87015,0.86399,0.22798,0.03403,0.13632,4.56702,34.1789,0.86416,4.61713,4.84527,0,9.5893,16.0,16,16.862,0.0629,0.3994,2,7.441,0.1933,0.9616,1,25.291,0.8347,0.0854,2,10,1,325
task_env_weather_195273,background,11,90,0.994957,0.997123,1.0,0.992964,0,0.90464,0.85058,0.21943,0.03404,0.13619,4.81024,28.2726,0.86145,4.60042,4.84527,0,7.9,16.0,16,16.71,0.1159,0.4012,2,7.809,0.1435,0.9142,1,22.052,0.8133,0.05,1,10,1,280
task_env_weather_195273,background,11,91,0.997967,0.996087,1.0,1.0,0,0.9037,0.82807,0.22753,0.03335,0.14347,4.69268,31.8916,0.86253,4.64984,4.84527,0,8.939,16.0,16,15.797,0.1381,0.4394,2,6.95,0.1473,0.949,1,24.947,0.7591,0.0506,2,10,1,300
task_env_weather_195273,background,12,92,0.994172,0.989452,0.965019,1.0,0,0.89768,0.0,0.22098,0.0295,0.13711,4.69395,34.5098,0.86424,4.58764,4.84527,0,10.2781,16.0,16,15.789,0.0948,0.4167,2,8.207,0.1381,0.9274,1,24.211,0.8018,0.0555,1,9,1,312
task_env_weather_195273,background,12,93,0.987622,0.979421,1.0,1.0,0,0.88858,0.88503,0.22743,0.03317,0.12432,4.3061,34.3592,0.86255,4.67594,4.84527,0,9.5698,16.0,16,16.821,0.0561,0.4074,2,8.012,0.1334,0.9226,1,24.15,0.8406,0.0521,2,10,1,322
task_env_weather_195273,background,12,94,0.943785,0.929865,1.0,0.992539,0,0.84362,0.0,0.22128,0.03363,0.12647,4.8123,34.6439,0.86321,4.57943,4.84527,0,8.9315,16.0,16,16.491,0.0484,0.4106,2,8.53,0.2038,0.921,1,23.5,0.816,0.05,1,10,1,301
task_env_weather_195273,background,12,95,0.997818,0.995812,1.0,1.0,0,0.90345,0.88011,0.22904,0.03816,0.15198,4.63049,29.8383,0.8673,4.68485,4.84527,0,8.4307,16.0,16,15.642,0.0507,0.3888,2,8.968,0.149,0.904,1,23.788,0.8165,0.05,2,10,1,326
task_env_weather_195273,background,12,96,0.988057,0.982144,1.0,0.995832,0,0.89105,0.89039,0.22792,0.03613,0.14609,4.79639,28.411,0.86495,4.67682,4.84527,0,7.8815,16.0,16,15.94,0.0287,0.4079,2,7.629,0.1585,0.9405,1,24.024,0.815,0.05,2,11,1,276
task_env_weather_195273,background,12,97,0.925577,0.912615,1.0,1.0,0,0.82797,0.0,0.22691,0.0352,0.13477,4.64268,34.863,0.86428,4.61964,4.84527,0,9.215,16.0,16,16.489,0.01,0.3912,2,7.778,0.1738,0.9113,1,24.927,0.8169,0.0661,2,10,1,301
task_env_weather_195273,background,12,98,0.974067,0.961951,1.0,1.0,0,0.87273,0.8377,0.22768,0.03529,0.1311,4.47011,32.2244,0.86258,4.61216,4.84527,0,8.8466,16.0,16,15.739,0.0964,0.4268,2,7.186,0.125,0.9184,1,25.14,0.7691,0.05,2,10,1,318
task_env_weather_195273,background,12,99,0.990966,0.984359,1.0,1.0,0,0.89306,0.83854,0.22348,0.03206,0.12874,4.61818,32.3963,0.86157,4.65663,4.84527,0,9.0824,16.0,16,17.593,0.0905,0.4215,2,8.046,0.1189,0.9013,1,23.709,0.8551,0.05,2,10,1,304
task_env_weather_195273,background,12,100,0.992063,0.986057,1.0,1.0,0,0.8946,0.89429,0.22459,0.03228,0.1312,4.68742,34.1897,0.86063,4.6043,4.84527,0,9.5627,16.0,16,16.792,0.0661,0.424,2,7.591,0.1274,0.9463,1,24.136,0.8226,0.05,2,10,1,304
task_env_weather_195273,background,13,101,0.983262,0.973425,1.0,1.0,0,0.88314,0.90577,0.2282,0.03722,0.13289,4.64685,30.2791,0.86346,4.61799,4.84527,0,7.8625,16.0,16,15.876,0.0,0.3886,2,7.72,0.1766,0.9263,1,24.954,0.8161,0.0739,2,10,1,291
task_env_weather_195273,background,13,102,0.991851,0.985726,1.0,1.0,0,0.8943,0.88213,0.22603,0.03316,0.13795,4.65966,31.0129,0.86322,4.64798,4.84527,0,9.0295,16.0,16,16.506,0.0186,0.4041,2,7.443,0.1767,0.9176,1,25.114,0.8376,0.05,2,10,1,285
task_env_weather_195273,background,13,103,0.991681,0.991921,1.0,0.991443,0,0.89992,0.93758,0.23003,0.03617,0.14822,4.81762,30.3334,0.86593,4.69642,4.84527,0,8.8303,16.0,16,15.83,0.051,0.385,2,7.489,0.1652,0.9166,1,25.435,0.8013,0.0519,2,10,1,287
task_env_weather_195273,background,13,104,0.97734,0.965886,1.0,1.0,0,0.8763,0.88202,0.22753,0.03444,0.13886,4.622,32.1691,0.8648,4.65544,4.84527,0,9.0793,16.0,16,16.113,0.0,0.3828,2,8.147,0.1687,0.9176,1,24.888,0.8338,0.061,2,10,1,325
task_env_weather_195273,background,13,105,0.997439,0.995117,1.0,1.0,0,0.90282,0.85383,0.22708,0.03542,0.15182,4.73029,30.4272,0.86285,4.65496,4.84527,0,8.5083,16.0,16,16.466,0.007,0.4086,2,7.607,0.1625,0.9045,1,24.991,0.8269,0.0621,2,10,1,300
task_env_weather_195273,background,13,106,0.99904,0.998115,1.0,1.0,0,0.90554,0.91426,0.22797,0.03393,0.14765,4.70313,33.175,0.8673,4.6715,4.84527,0,9.2904,16.0,16,16.715,0.0145,0.3957,2,7.939,0.1734,0.9198,1,25.266,0.7937,0.0659,2,10,1,293
task_env_weather_195273,background,13,107,0.986468,0.97779,1.0,1.0,0,0.8871,0.86602,0.2293,0.03647,0.13992,4.71814,29.4204,0.865,4.66924,4.84527,0,7.8713,16.0,16,16.298,0.006,0.398,2,7.889,0.1482,0.9089,1,24.395,0.8224,0.0668,2,10,1,328
task_env_weather_195273,background,13,108,0.995597,0.991855,1.0,1.0,0,0.89986,0.89506,0.22454,0.03159,0.13288,4.63802,35.2849,0.85945,4.65,4.84527,0,9.8083,16.0,16,17.038,0.0,0.3674,2,7.415,0.1866,0.925,1,25.562,0.838,0.0522,2,10,1,304
task_env_weather_195273,background,13,109,0.998839,0.997729,1.0,1.0,0,0.90519,0.93868,0.23189,0.0386,0.14416,4.62659,29.5224,0.86464,4.66653,4.84527,0,8.1353,16.0,16,16.056,0.0172,0.3951,2,7.053,0.1814,0.8996,1,24.538,0.7851,0.05,2,10,1,310
task_env_weather_195273,background,14,110,0.938404,0.924497,1.0,0.985689,0,0.83875,0.87768,0.22822,0.034,0.1317,4.84575,36.0364,0.86352,4.65884,4.84527,0,10.1957,16.0,16,16.261,0.0,0.3765,2,7.534,0.164,0.9281,1,24.786,0.8363,0.0789,2,10,1,309
task_env_weather_195273,background,14,111,0.980393,0.994897,1.0,0.971338,0,0.90262,0.84691,0.22364,0.03203,0.13865,4.91734,31.9007,0.86432,4.62152,4.84527,0,8.8201,16.0,16,17.316,0.0104,0.3778,2,7.099,0.2218,0.8999,1,24.852,0.8155,0.0765,2,10,1,299
task_env_weather_195273,background,14,112,0.98175,0.971441,1.0,1.0,0,0.88134,0.86347,0.2283,0.0335,0.12721,4.5877,36.2256,0.86175,4.63341,4.84527,0,10.2064,16.0,16,15.866,0.0437,0.3963,2,7.875,0.1775,0.9095,1,24.828,0.792,0.0522,2,10,1,297
task_env_weather_195273,background,14,113,0.996736,0.99385,1.0,1.0,0,0.90167,0.91122,0.22722,0.03355,0.14228,4.73993,28.2923,0.86431,4.6605,4.84527,0,7.9208,16.0,16,16.875,0.0167,0.38,2,8.649,0.1598,0.898,1,25.259,0.8223,0.0633,2,10,1,320
task_env_weather_195273,background,14,114,0.995391,0.991502,1.0,1.0,0,0.89954,0.87879,0.22371,0.03102,0.12977,4.73341,34.7706,0.85968,4.64828,4.84527,0,9.6949,16.0,16,15.977,0.0,0.3827,2,7.926,0.1739,0.9228,1,25.187,0.8262,0.0607,2,10,1,304
task_env_weather_195273,background,14,115,0.970997,0.95838,0.915391,1.0,0,0.86949,0.90444,0.22715,0.02798,0.13455,4.69756,38.2599,0.86784,4.70145,4.84527,0,11.1515,16.0,16,16.857,0.0018,0.4106,2,7.358,0.1936,0.9202,1,24.826,0.7997,0.0553,2,10,1,312
task_env_weather_195273,background,14,116,0.995139,0.991072,1.0,1.0,0,0.89915,0.87036,0.22584,0.03303,0.13816,4.66277,30.3719,0.86336,4.6284,4.84527,0,8.8754,16.0,16,16.274,0.0,0.3589,2,7.882,0.1576,0.9148,1,24.888,0.8196,0.0698,2,10,1,285
task_env_weather_195273,background,14,117,0.994364,0.989771,1.0,1.0,0,0.89797,0.88138,0.22406,0.03175,0.12698,4.58811,31.706,0.86111,4.67315,4.84527,0,8.7429,16.0,16,16.387,0.0328,0.3879,2,7.222,0.1592,0.8995,1,24.852,0.8038,0.0649,2,10,1,296
task_env_weather_195273,background,14,118,0.991724,0.985528,1.0,1.0,0,0.89412,0.89467,0.22768,0.0337,0.14147,4.45523,31.9964,0.86922,4.64773,4.84527,0,9.011,16.0,16,16.646,0.0,0.3863,2,6.611,0.1736,0.9113,1,25.403,0.845,0.0851,2,10,1,298
task_env_weather_195273,background,15,119,0.98394,0.974329,1.0,1.0,0,0.88396,0.83857,0.22596,0.0325,0.12996,4.67875,32.3046,0.86498,4.64941,4.84527,0,8.8654,16.0,16,16.313,0.0267,0.3988,2,7.829,0.1837,0.9241,1,24.637,0.8154,0.0632,2,10,1,294
task_env_weather_195273,background,15,120,0.98665,0.978044,1.0,1.0,0,0.88733,0.86005,0.22795,0.03497,0.13441,4.5322,34.89,0.86317,4.62687,4.84527,0,9.2822,16.0,16,15.964,0.0017,0.3834,2,7.595,0.1888,0.9057,1,24.702,0.825,0.0626,2,10,1,303
task_env_weather_195273,background,15,121,0.926203,0.913199,1.0,1.0,0,0.8285,0.86534,0.22853,0.03491,0.13447,4.766,36.6426,0.86389,4.64594,4.84527,0,10.291,16.0,16,16.614,0.0232,0.3999,2,7.939,0.1922,0.9077,1,24.854,0.832,0.0623,2,10,1,309
task_env_weather_195273,background,15,122,0.997985,0.99612,1.0,1.0,0,0.90373,0.93476,0.23207,0.03885,0.1471,4.61407,30.1835,0.86418,4.64868,4.84527,0,8.2918,16.0,16,16.543,0.0201,0.4088,2,7.801,0.1685,0.9171,1,24.674,0.837,0.0676,2,10,1,310
task_env_weather_195273,background,15,123,0.989858,0.982684,1.0,1.0,0,0.89154,0.88867,0.22775,0.03369,0.14086,4.58991,32.1208,0.86927,4.65319,4.84527,0,9.048,16.0,16,16.109,0.0072,0.3797,2,7.809,0.176,0.917,1,24.988,0.8163,0.0648,2,10,1,298
task_env_weather_195273,background,15,124,0.997554,0.995327,1.0,1.0,0,0.90301,0.91044,0.22627,0.03255,0.1393,4.64864,28.2778,0.86428,4.65635,4.84527,0,7.8646,16.0,16,16.652,0.0163,0.379,2,7.917,0.1714,0.893,1,25.288,0.8166,0.0773,2,10,1,320
task_env_weather_195273,background,15,125,0.995287,0.991325,1.0,1.0,0,0.89938,0.86707,0.22642,0.03302,0.12327,4.50059,30.9348,0.86226,4.64427,4.84527,0,8.2263,16.0,16,16.807,0.0322,0.3975,2,7.487,0.1758,0.9077,1,25.343,0.8166,0.0619,2,10,1,311
task_env_weather_195273,background,15,126,0.999028,0.998093,1.0,1.0,0,0.90552,0.88664,0.22947,0.03717,0.15812,4.65243,32.2431,0.86948,4.57114,4.84527,0,9.2558,16.0,16,16.466,0.0138,0.3995,2,7.713,0.1698,0.9036,1,24.735,0.8189,0.0563,2,10,1,292
task_env_weather_195273,background,15,127,0.978767,0.967649,1.0,1.0,0,0.8779,0.84638,0.22841,0.03318,0.12615,4.53412,36.4064,0.86149,4.63475,4.84527,0,10.256,16.0,16,16.486,0.006,0.3925,2,7.956,0.1712,0.9205,1,24.868,0.8206,0.0685,2,10,1,297
task_env_weather_195273,background,16,128,0.990481,0.995062,1.0,0.986613,0,0.90277,0.82462,0.22629,0.03424,0.14821,4.84121,30.9057,0.8626,4.65896,4.84527,0,8.6381,16.0,16,16.36,0.0,0.3896,2,8.237,0.1712,0.9205,1,25.006,0.8253,0.0578,2,10,1,300
task_env_weather_195273,background,16,129,0.991525,0.985219,1.0,1.0,0,0.89384,0.88715,0.22746,0.03353,0.14171,4.64434,31.6615,0.86919,4.65658,4.84527,0,8.9399,16.0,16,16.9,0.0,0.3825,2,7.948,0.1709,0.9057,1,24.586,0.8061,0.0719,2,10,1,298
task_env_weather_195273,background,16,130,0.993395,0.995723,1.0,0.991265,0,0.90337,0.82666,0.22632,0.03368,0.14653,4.81849,30.8886,0.86248,4.6549,4.84527,0,8.5813,16.0,16,16.395,0.0,0.403,2,7.401,0.1791,0.9118,1,24.82,0.8185,0.0722,2,10,1,300
task_env_weather_195273,background,16,131,0.930517,0.916594,1.0,0.980156,0,0.83158,0.83683,0.22815,0.03453,0.13376,4.8731,36.4101,0.86391,4.64891,4.84527,0,10.2501,16.0,16,16.512,0.022,0.3821,2,8.338,0.1891,0.9095,1,25.16,0.8147,0.0618,2,10,1,309
task_env_weather_195273,background,16,132,0.996761,0.993894,1.0,1.0,0,0.90171,0.86775,0.22594,0.03293,0.12277,4.48569,30.9564,0.86212,4.65813,4.84527,0,8.2042,16.0,16,16.975,0.0206,0.3952,2,7.851,0.187,0.905,1,25.013,0.8192,0.0617,2,10,1,311
task_env_weather_195273,background,16,133,0.983121,0.973238,1.0,1.0,0,0.88297,0.85693,0.22875,0.03359,0.12774,4.54527,36.276,0.86153,4.63707,4.84527,0,10.2255,16.0,16,16.709,0.0007,0.3914,2,7.471,0.1717,0.9176,1,25.127,0.8099,0.0689,2,10,1,297
task_env_weather_195273,background,16,134,0.988198,0.980248,1.0,1.0,0,0.88933,0.8824,0.22838,0.03525,0.13559,4.53376,34.1409,0.86336,4.62539,4.84527,0,9.1316,16.0,16,16.123,0.0132,0.3846,2,7.935,0.1661,0.9064,1,24.738,0.8325,0.0627,2,10,1,303
task_env_weather_195273,background,16,135,0.997872,0.995911,1.0,1.0,0,0.90354,0.8547,0.22619,0.03341,0.14559,4.72761,30.8396,0.86267,4.65698,4.84527,0,8.5753,16.0,16,16.233,0.0204,0.3884,2,7.842,0.1826,0.9106,1,24.778,0.804,0.0531,2,10,1,300
task_env_weather_195273,background,16,136,0.968545,0.955602,1.0,1.0,0,0.86697,0.86829,0.22616,0.03139,0.12768,4.65198,34.0086,0.8712,4.65209,4.84527,0,9.1544,16.0,16,16.235,0.0039,0.3949,2,8.067,0.1712,0.8997,1,24.863,0.8251,0.0628,2,10,1,302
task_env_weather_195273,background,17,137,0.98609,0.99213,1.0,0.981233,0,0.90011,0.84721,0.2245,0.03243,0.13963,4.86775,31.5267,0.86426,4.62447,4.84527,0,8.8441,16.0,16,16.655,0.0062,0.3807,2,7.912,0.1781,0.9184,1,24.921,0.8189,0.0618,2,10,1,299
task_env_weather_195273,background,17,138,0.990633,0.983852,1.0,1.0,0,0.8926,0.88885,0.22875,0.03463,0.14445,4.60891,32.2024,0.86941,4.65056,4.84527,0,9.0502,16.0,16,16.461,0.0163,0.3916,2,7.926,0.18,0.9141,1,24.872,0.8092,0.0615,2,10,1,298
task_env_weather_195273,background,17,139,0.988699,0.980975,1.0,1.0,0,0.88999,0.8909,0.22814,0.0341,0.14193,4.51761,32.0092,0.86932,4.64738,4.84527,0,8.9992,16.0,16,16.633,0.0076,0.3899,2,7.87,0.1757,0.91,1,24.954,0.8098,0.0626,2,10,1,298
task_env_weather_195273,background,17,140,0.986287,0.977537,1.0,1.0,0,0.88687,0.90074,0.22901,0.03465,0.14555,4.55179,32.5044,0.86985,4.67452,4.84527,0,9.0986,16.0,16,16.619,0.013,0.4027,2,7.915,0.1971,0.912,1,24.945,0.8184,0.0567,2,10,1,298
task_env_weather_195273,background,17,141,0.927265,0.914191,1.0,1.0,0,0.8294,0.0,0.22671,0.03474,0.13385,4.53912,34.6737,0.86418,4.62735,4.84527,0,9.2,16.0,16,16.675,0.004,0.3834,2,7.79,0.1658,0.9155,1,24.585,0.8208,0.0709,2,10,1,301
task_env_weather_195273,background,17,142,0.987552,0.995767,1.0,0.98139,0,0.90341,0.83612,0.22462,0.03203,0.13775,4.86697,31.1528,0.86437,4.63749,4.84527,0,8.7499,16.0,16,16.587,0.0052,0.3927,2,7.512,0.1753,0.9067,1,24.791,0.8135,0.0653,2,10,1,299
task_env_weather_195273,background,17,143,0.92585,0.912869,1.0,1.0,0,0.8282,0.0,0.22749,0.03527,0.13517,4.64167,34.7187,0.86415,4.62881,4.84527,0,9.2232,16.0,16,16.301,0.0146,0.3926,2,7.556,0.1625,0.9178,1,24.917,0.8239,0.0674,2,10,1,301
task_env_weather_195273,background,17,144,0.995583,0.991832,1.0,1.0,0,0.89984,0.83864,0.22377,0.03193,0.13772,4.51877,28.8445,0.86536,4.59845,4.84527,0,8.1751,16.0,16,16.458,0.0112,0.3876,2,7.789,0.1759,0.9097,1,24.701,0.8081,0.0635,2,10,1,305
task_env_weather_195273,background,17,145,0.970553,0.957873,1.0,1.0,0,0.86903,0.85944,0.2268,0.03196,0.13094,4.73543,34.4459,0.87117,4.64709,4.84527,0,9.2921,16.0,16,16.81,0.0068,0.3909,2,7.729,0.1713,0.9152,1,24.915,0.8176,0.064,2,10,1,302
task_env_weather_195273,background,18,146,0.992174,0.99558,1.0,0.989178,0,0.90324,0.82325,0.22659,0.03489,0.151,4.82865,30.4624,0.86272,4.65078,4.84527,0,8.5362,16.0,16,16.438,0.0204,0.3887,2,7.847,0.1605,0.9122,1,25.019,0.8228,0.0672,2,10,1,300
task_env_weather_195273,background,18,147,0.988858,0.981207,1.0,1.0,0,0.8902,0.88331,0.22856,0.03457,0.14459,4.63387,31.9629,0.86924,4.64289,4.84527,0,8.9858,16.0,16,16.414,0.0056,0.3921,2,7.663,0.172,0.909,1,24.95,0.8209,0.0679,2,10,1,298
task_env_weather_195273,background,18,148,0.997621,0.997344,1.0,0.997902,0,0.90484,0.82655,0.22622,0.03391,0.1479,4.78644,30.6578,0.86264,4.65487,4.84527,0,8.5352,16.0,16,16.416,0.011,0.3895,2,7.673,0.1774,0.9083,1,24.709,0.8177,0.0639,2,10,1,300
task_env_weather_195273,background,18,149,0.924513,0.911623,1.0,1.0,0,0.82707,0.0,0.22651,0.03472,0.13259,4.42372,34.8935,0.86427,4.63329,4.84527,0,9.2289,16.0,16,16.543,0.0076,0.3917,2,7.702,0.1725,0.9131,1,25.153,0.8193,0.0629,2,10,1,301
task_env_weather_195273,background,18,150,0.998648,0.997366,1.0,1.0,0,0.90486,0.86476,0.22474,0.03222,0.13163,4.73026,34.0663,0.85997,4.65038,4.84527,0,9.5218,16.0,16,16.384,0.0047,0.3898,2,7.712,0.1654,0.9109,1,25.102,0.8153,0.0711,2,10,1,304
task_env_weather_195273,background,18,151,0.990554,0.983731,1.0,1.0,0,0.89249,0.87991,0.22788,0.03389,0.14154,4.47814,31.9176,0.86925,4.65405,4.84527,0,8.9743,16.0,16,16.408,0.0082,0.3903,2,7.719,0.1723,0.9081,1,24.804,0.8154,0.0631,2,10,1,298
task_env_weather_195273,background,18,152,0.974244,0.96216,1.0,1.0,0,0.87292,0.89863,0.22607,0.03147,0.12911,4.65964,34.125,0.871,4.65275,4.84527,0,9.2005,16.0,16,16.412,0.0097,0.3895,2,7.742,0.1669,0.9086,1,25.078,0.8188,0.0686,2,10,1,302
task_env_weather_195273,background,18,153,0.984276,0.974781,1.0,1.0,0,0.88437,0.84778,0.22866,0.03376,0.1282,4.53539,35.9068,0.86173,4.62024,4.84527,0,10.1342,16.0,16,16.479,0.0079,0.3874,2,7.931,0.1733,0.9087,1,24.863,0.8112,0.062,2,10,1,297
task_env_weather_195273,background,18,154,0.917993,0.905583,1.0,1.0,0,0.82159,0.0,0.22701,0.03531,0.13449,4.48639,35.109,0.86426,4.61523,4.84527,0,9.2469,16.0,16,16.466,0.0149,0.3901,2,7.696,0.1788,0.9127,1,24.894,0.8218,0.0724,2,10,1,301
task_env_weather_195273,background,19,155,0.995718,0.992064,1.0,1.0,0,0.90005,0.87879,0.22413,0.03096,0.12854,4.68911,34.8074,0.85944,4.67197,4.84527,0,9.682,16.0,16,16.771,0.0156,0.3854,2,7.583,0.1861,0.9075,1,24.876,0.8173,0.0749,2,10,1,304
task_env_weather_195273,background,19,156,0.932389,0.918633,1.0,0.991698,0,0.83343,0.8873,0.22786,0.03381,0.13118,4.81638,35.9082,0.86375,4.64408,4.84527,0,10.1296,16.0,16,16.659,0.0175,0.3886,2,7.623,0.1768,0.9086,1,24.846,0.8163,0.0746,2,10,1,309
task_env_weather_195273,background,19,157,0.985587,0.976567,1.0,1.0,0,0.88599,0.86125,0.2248,0.03123,0.11826,4.52506,29.8056,0.86486,4.65941,4.84527,0,8.1636,16.0,16,16.237,0.0318,0.3862,2,7.777,0.1739,0.9091,1,24.981,0.8117,0.0697,2,10,1,290
task_env_weather_195273,background,19,158,0.995474,0.991645,1.0,1.0,0,0.89967,0.87867,0.22395,0.03107,0.12924,4.67826,34.669,0.85959,4.66062,4.84527,0,9.6514,16.0,16,16.579,0.0127,0.3924,2,7.684,0.179,0.9107,1,25.176,0.8273,0.0716,2,10,1,304
task_env_weather_195273,background,19,159,0.970765,0.958115,0.850614,1.0,0,0.86925,0.85606,0.21945,0.026,0.10257,4.70323,33.2927,0.86101,4.60549,4.84527,0,9.3713,16.0,16,16.837,0.0268,0.393,2,7.607,0.1785,0.9114,1,24.673,0.8412,0.0872,2,10,1,306
task_env_weather_195273,background,19,160,0.997457,0.99515,0.926272,1.0,0,0.90285,0.86162,0.22228,0.02831,0.12525,4.59506,34.4016,0.86112,4.64248,4.84527,0,9.4683,16.0,16,16.275,0.0128,0.3894,2,7.979,0.1874,0.9106,1,25.023,0.8299,0.0686,2,10,1,295
task_env_weather_195273,background,19,161,0.924892,0.911976,1.0,1.0,0,0.82739,0.0,0.22663,0.03475,0.13293,4.50866,35.083,0.86422,4.6183,4.84527,0,9.262,16.0,16,16.579,0.0071,0.3961,2,7.42,0.1736,0.9156,1,25.046,0.8134,0.0682,2,10,1,301
task_env_weather_195273,background,19,162,0.997367,0.994985,1.0,1.0,0,0.9027,0.86691,0.22679,0.03498,0.15021,4.73914,30.6045,0.86261,4.63506,4.84527,0,8.5288,16.0,16,16.476,0.0162,0.3872,2,7.849,0.1716,0.9099,1,24.862,0.8148,0.0699,2,10,1,300
task_env_weather_195273,background,19,163,0.904597,0.893304,1.0,1.0,0,0.81045,0.0,0.22641,0.03434,0.13073,4.66809,35.9851,0.86425,4.62116,4.84527,0,9.3984,16.0,16,16.27,0.0106,0.394,2,7.852,0.191,0.9214,1,24.803,0.8205,0.0744,2,10,1,301
task_env_weather_195273,background,20,164,0.996237,0.992968,1.0,1.0,0,0.90087,0.92305,0.22402,0.03078,0.12899,4.67866,35.5853,0.85902,4.67059,4.84527,0,9.8982,16.0,16,16.362,0.0019,0.3855,2,7.878,0.1899,0.9237,1,24.644,0.8264,0.0798,2,10,1,304
task_env_weather_195273,background,20,165,0.981903,0.97164,1.0,1.0,0,0.88152,0.85865,0.22741,0.03442,0.13141,4.51742,36.1525,0.86273,4.61641,4.84527,0,9.5578,16.0,16,16.288,0.0064,0.393,2,7.91,0.2002,0.9232,1,24.639,0.8211,0.0729,2,10,1,303
task_env_weather_195273,background,20,166,0.978997,0.967936,1.0,1.0,0,0.87816,0.85959,0.22842,0.0331,0.12537,4.55291,37.2392,0.86101,4.63769,4.84527,0,10.4592,16.0,16,16.387,0.0115,0.3965,2,7.677,0.1877,0.9217,1,24.664,0.8143,0.0834,2,10,1,297
task_env_weather_195273,background,20,167,0.99276,0.993298,1.0,0.992234,0,0.90117,0.83289,0.22569,0.03162,0.13828,4.81378,31.6738,0.862,4.6452,4.84527,0,8.7249,16.0,16,16.194,0.0085,0.3913,2,7.845,0.2025,0.9244,1,24.839,0.8171,0.0795,2,10,1,300
task_env_weather_195273,background,20,168,0.990017,0.996473,1.0,0.984895,0,0.90405,0.83901,0.22362,0.03161,0.13771,4.84965,32.2551,0.86415,4.6314,4.84527,0,8.9658,16.0,16,16.443,0.0107,0.3907,2,7.847,0.2022,0.9216,1,24.824,0.8193,0.0692,2,10,1,299
task_env_weather_195273,background,20,169,0.966022,0.952802,0.990676,1.0,0,0.86443,0.86614,0.22623,0.03028,0.1258,4.74892,35.5558,0.87222,4.64149,4.84527,0,9.5224,16.0,16,16.504,0.0158,0.3972,2,7.765,0.1977,0.9215,1,24.978,0.8115,0.073,2,10,1,302
task_env_weather_195273,background,20,170,0.974328,0.96226,1.0,1.0,0,0.87301,0.86406,0.2261,0.03362,0.13276,4.65417,32.6025,0.86675,4.69185,4.84527,0,9.096,16.0,16,16.292,0.0061,0.3914,2,7.782,0.1926,0.9231,1,24.925,0.8279,0.0821,2,10,1,307
task_env_weather_195273,background,20,171,0.971859,0.959372,1.0,1.0,0,0.87039,0.87921,0.22634,0.0319,0.12441,4.6862,30.4002,0.86538,4.67624,4.84527,0,8.5068,16.0,16,16.006,0.0157,0.3973,2,7.877,0.1949,0.9198,1,24.782,0.8139,0.0699,2,10,1,308
task_env_weather_195273,background,20,172,0.998908,0.997862,1.0,1.0,0,0.90531,0.85943,0.23148,0.03831,0.14583,4.63072,30.0367,0.86399,4.66218,4.84527,0,8.2981,16.0,16,16.605,0.0099,0.3933,2,8.083,0.1811,0.9226,1,24.786,0.8157,0.0768,2,10,1,310
task_env_weather_195273,background,21,173,0.997081,0.994467,1.0,1.0,0,0.90223,0.84258,0.2227,0.03087,0.13543,4.62267,29.1815,0.86522,4.6275,4.84527,0,8.2474,16.0,16,16.316,0.0141,0.3934,2,7.848,0.1932,0.9238,1,24.707,0.8144,0.0778,2,10,1,305
task_env_weather_195273,background,21,174,0.996933,0.994202,0.997004,1.0,0,0.90199,0.87658,0.22372,0.03047,0.12805,4.65886,35.7663,0.85894,4.67465,4.84527,0,9.9302,16.0,16,16.164,0.0179,0.397,2,7.773,0.1948,0.9211,1,24.824,0.8243,0.0752,2,10,1,304
task_env_weather_195273,background,21,175,0.907458,0.895916,1.0,1.0,0,0.81282,0.0,0.22624,0.0343,0.13111,4.69551,35.9002,0.86418,4.62965,4.84527,0,9.3903,16.0,16,16.487,0.0105,0.3939,2,7.713,0.1863,0.9232,1,24.969,0.8139,0.0765,2,10,1,301
task_env_weather_195273,background,21,176,0.982637,0.972599,1.0,1.0,0,0.88239,0.89811,0.22757,0.03445,0.13251,4.48711,35.438,0.86288,4.61528,4.84527,0,9.415,16.0,16,16.432,0.0141,0.3949,2,8.023,0.1855,0.9206,1,24.775,0.8295,0.0768,2,10,1,303
task_env_weather_195273,background,21,177,0.987397,0.979355,1.0,0.999406,0,0.88852,0.90927,0.22795,0.03364,0.14185,4.77924,32.4584,0.8697,4.65528,4.84527,0,9.1311,16.0,16,16.266,0.0074,0.3969,2,7.789,0.1934,0.9169,1,24.851,0.8255,0.0734,2,10,1,298
task_env_weather_195273,background,21,178,0.983116,0.995889,1.0,0.974748,0,0.90352,0.84815,0.22413,0.03216,0.14,4.90014,32.2792,0.86412,4.62541,4.84527,0,8.9721,16.0,16,16.279,0.0028,0.3896,2,7.737,0.2028,0.9222,1,24.659,0.8181,0.0729,2,10,1,299
task_env_weather_195273,background,21,179,0.981469,0.971077,1.0,1.0,0,0.88101,0.89108,0.22788,0.03491,0.13454,4.51559,36.0866,0.86275,4.61955,4.84527,0,9.5492,16.0,16,16.229,0.0079,0.3926,2,7.758,0.2004,0.9222,1,24.864,0.819,0.0723,2,10,1,303
task_env_weather_195273,background,21,180,0.996243,0.992979,1.0,1.0,0,0.90088,0.85124,0.22567,0.03199,0.13937,4.65313,31.3494,0.8622,4.63917,4.84527,0,8.6461,16.0,16,16.301,0.0048,0.3973,2,7.853,0.1952,0.9167,1,24.786,0.8177,0.0776,2,10,1,300
task_env_weather_195273,background,21,181,0.990695,0.99806,1.0,0.98502,0,0.90549,0.83776,0.22499,0.03294,0.14188,4.84904,31.9584,0.86415,4.64036,4.84527,0,8.9154,16.0,16,16.276,0.0083,0.3947,2,7.85,0.1881,0.9207,1,24.779,0.8161,0.0723,2,10,1,299
task_env_weather_195273,background,22,182,0.994631,0.99547,1.0,0.99382,0,0.90314,0.8548,0.2247,0.03262,0.14074,4.8061,32.0059,0.86414,4.6385,4.84527,0,8.917,16.0,16,16.361,0.0122,0.3921,2,7.776,0.1906,0.9204,1,24.839,0.8211,0.0734,2,10,1,299
task_env_weather_195273,background,22,183,0.906614,0.895145,1.0,1.0,0,0.81212,0.0,0.22582,0.0338,0.12917,4.67548,35.9512,0.86426,4.62796,4.84527,0,9.3894,16.0,16,16.262,0.0048,0.3936,2,7.73,0.1901,0.9209,1,24.79,0.8224,0.0726,2,10,1,301
task_env_weather_195273,background,22,184,0.969056,0.956671,1.0,0.996553,0,0.86794,0.84494,0.22657,0.03076,0.12612,4.79292,35.4368,0.8721,4.6369,4.84527,0,9.5012,16.0,16,16.302,0.012,0.3968,2,7.828,0.1946,0.9216,1,24.813,0.8153,0.0805,2,10,1,302
task_env_weather_195273,background,22,185,0.977597,0.995271,1.0,0.967463,0,0.90296,0.84166,0.22512,0.03303,0.14234,4.93703,32.0242,0.86414,4.63551,4.84527,0,8.9222,16.0,16,16.21,0.0115,0.3938,2,7.74,0.1905,0.9208,1,24.82,0.8166,0.0739,2,10,1,299
task_env_weather_195273,background,22,186,0.995455,0.991612,1.0,1.0,0,0.89964,0.82991,0.2253,0.03157,0.13892,4.75195,31.3983,0.86222,4.64274,4.84527,0,8.6819,16.0,16,16.291,0.0122,0.3936,2,7.874,0.1948,0.9207,1,24.775,0.8249,0.0709,2,10,1,300
task_env_weather_195273,background,22,187,0.977439,0.966007,1.0,1.0,0,0.87641,0.84814,0.22816,0.03285,0.12385,4.52133,37.498,0.86105,4.63087,4.84527,0,10.52,16.0,16,16.339,0.0067,0.3952,2,7.722,0.1908,0.9237,1,24.817,0.8246,0.073,2,10,1,297
task_env_weather_195273,background,22,188,0.908809,0.897151,1.0,1.0,0,0.81394,0.0,0.2263,0.03442,0.1321,4.61667,35.6645,0.86427,4.62362,4.84527,0,9.3431,16.0,16,16.241,0.0106,0.3915,2,7.883,0.1879,0.9177,1,24.692,0.8158,0.0729,2,10,1,301
task_env_weather_195273,background,22,189,0.902869,0.891728,1.0,1.0,0,0.80902,0.0,0.2264,0.03423,0.13067,4.50116,36.1118,0.86426,4.62622,4.84527,0,9.4199,16.0,16,16.337,0.0064,0.3935,2,7.867,0.1927,0.9227,1,24.728,0.8107,0.0728,2,10,1,301
task_env_weather_195273,background,22,190,0.910205,0.898429,1.0,1.0,0,0.8151,0.0,0.22667,0.03477,0.13243,4.61524,35.8317,0.8642,4.62487,4.84527,0,9.3848,16.0,16,16.233,0.0144,0.392,2,7.765,0.1862,0.9228,1,24.778,0.8239,0.0734,2,10,1,301
task_env_weather_195273,background,23,191,0.975869,0.99752,1.0,0.964649,0,0.905,0.85057,0.22382,0.03174,0.13837,4.95144,32.0127,0.86414,4.64091,4.84527,0,8.9249,16.0,16,16.327,0.0085,0.3947,2,7.905,0.1898,0.9212,1,24.714,0.8121,0.0723,2,10,1,299
task_env_weather_195273,background,23,192,0.983745,0.997244,1.0,0.975079,0,0.90475,0.84391,0.22398,0.03192,0.13952,4.89847,32.0709,0.86411,4.6452,4.84527,0,8.9486,16.0,16,16.347,0.0107,0.3929,2,7.813,0.191,0.9237,1,24.747,0.8091,0.073,2,10,1,299
task_env_weather_195273,background,23,193,0.99161,0.995172,1.0,0.988493,0,0.90287,0.84582,0.22467,0.03261,0.14011,4.832,32.1561,0.86412,4.6525,4.84527,0,8.9632,16.0,16,16.317,0.0044,0.396,2,7.853,0.1925,0.9242,1,24.669,0.8115,0.0712,2,10,1,299
task_env_weather_195273,background,23,194,0.968594,0.955657,0.995825,1.0,0,0.86702,0.8599,0.22607,0.03044,0.12582,4.71586,35.3372,0.8719,4.63605,4.84527,0,9.4902,16.0,16,16.361,0.0074,0.3937,2,7.921,0.1899,0.9241,1,24.663,0.8086,0.0751,2,10,1,302
task_env_weather_195273,background,23,195,0.995628,0.99191,1.0,1.0,0,0.89991,0.85392,0.22536,0.03158,0.13867,4.74665,31.3747,0.86218,4.66061,4.84527,0,8.6787,16.0,16,16.338,0.0054,0.3914,2,7.922,0.1965,0.9205,1,24.688,0.8111,0.074,2,10,1,300
task_env_weather_195273,background,23,196,0.980343,0.969634,1.0,1.0,0,0.8797,0.90678,0.22639,0.03335,0.12947,4.52876,35.8173,0.86282,4.61211,4.84527,0,9.498,16.0,16,16.385,0.0063,0.3941,2,7.891,0.194,0.9218,1,24.783,0.81,0.0714,2,10,1,303
task_env_weather_195273,background,23,197,0.899868,0.888994,1.0,1.0,0,0.80654,0.0,0.22591,0.03361,0.12846,4.49619,36.2981,0.86428,4.61342,4.84527,0,9.4455,16.0,16,16.407,0.0023,0.3928,2,7.907,0.1946,0.9243,1,24.748,0.8134,0.0712,2,10,1,301
task_env_weather_195273,background,23,198,0.964702,0.951359,0.986837,1.0,0,0.86312,0.84065,0.22599,0.03016,0.12445,4.60111,35.4692,0.8721,4.63808,4.84527,0,9.5231,16.0,16,16.319,0.0109,0.3952,2,7.969,0.1947,0.924,1,24.728,0.8112,0.0754,2,10,1,302
task_env_weather_195273,background,23,199,0.989452,0.996263,1.0,0.98411,0,0.90386,0.84188,0.22406,0.032,0.13872,4.85352,32.0754,0.86411,4.64834,4.84527,0,8.9367,16.0,16,16.351,0.009,0.3912,2,7.811,0.1923,0.9221,1,24.708,0.8122,0.0747,2,10,1,299
task_env_weather_195273,background,24,200,0.988923,0.992395,1.0,0.985875,0,0.90035,0.84,0.22427,0.03224,0.13968,4.84483,32.2015,0.86411,4.64922,4.84527,0,8.9714,16.0,16,16.514,0.0024,0.3934,2,7.887,0.1966,0.9239,1,24.766,0.813,0.0717,2,10,1,299
task_env_weather_195273,background,24,201,0.968053,0.955051,0.991912,1.0,0,0.86647,0.83981,0.22621,0.03032,0.12487,4.55168,35.5681,0.87218,4.63393,4.84527,0,9.5463,16.0,16,16.413,0.0051,0.3933,2,7.935,0.1966,0.9254,1,24.681,0.8133,0.0727,2,10,1,302
task_env_weather_195273,background,24,202,0.965852,0.952615,0.984224,1.0,0,0.86426,0.84182,0.22595,0.03008,0.12427,4.72719,35.5159,0.87218,4.63898,4.84527,0,9.5254,16.0,16,16.472,0.0044,0.391,2,7.897,0.1968,0.9235,1,24.785,0.813,0.0713,2,10,1,302
task_env_weather_195273,background,24,203,0.986204,0.993695,1.0,0.980456,0,0.90153,0.83793,0.2239,0.03185,0.13887,4.87161,32.1738,0.86411,4.64342,4.84527,0,8.9668,16.0,16,16.394,0.0049,0.3936,2,7.847,0.1927,0.9249,1,24.68,0.8107,0.0709,2,10,1,299
task_env_weather_195273,background,24,204,0.969075,0.956197,1.0,1.0,0,0.86751,0.86153,0.22639,0.03057,0.12442,4.73682,35.4875,0.87209,4.62833,4.84527,0,9.5268,16.0,16,16.398,0.0032,0.3931,2,7.918,0.1944,0.9249,1,24.753,0.8097,0.0723,2,10,1,302
task_env_weather_195273,background,24,205,0.965479,0.952207,0.997738,1.0,0,0.86389,0.84236,0.22632,0.0305,0.12615,4.69191,35.4553,0.8721,4.63733,4.84527,0,9.5182,16.0,16,16.414,0.0049,0.394,2,7.828,0.1947,0.9237,1,24.77,0.8095,0.0723,2,10,1,302
task_env_weather_195273,background,24,206,0.904754,0.893447,1.0,1.0,0,0.81058,0.0,0.22594,0.03368,0.12853,4.47915,36.2625,0.86427,4.61151,4.84527,0,9.4412,16.0,16,16.45,0.0021,0.3932,2,7.933,0.194,0.9241,1,24.702,0.815,0.071,2,10,1,301
task_env_weather_195273,background,24,207,0.997349,0.994952,1.0,1.0,0,0.90267,0.83063,0.22633,0.03262,0.14239,4.72368,31.4359,0.86219,4.6477,4.84527,0,8.7014,16.0,16,16.387,0.0026,0.3917,2,7.965,0.1935,0.9235,1,24.677,0.8131,0.0712,2,10,1,300
task_env_weather_195273,background,24,208,0.997087,0.994478,1.0,1.0,0,0.90224,0.83042,0.22547,0.03183,0.13969,4.69039,31.4312,0.86222,4.63367,4.84527,0,8.7033,16.0,16,16.429,0.0057,0.3927,2,7.929,0.1914,0.9239,1,24.739,0.8115,0.0701,2,10,1,300
task_env_weather_195273,background,25,209,0.996525,0.993475,1.0,1.0,0,0.90133,0.82874,0.22576,0.03197,0.14028,4.74758,31.4817,0.86218,4.6618,4.84527,0,8.7125,16.0,16,16.409,0.0017,0.3933,2,7.863,0.1951,0.9239,1,24.674,0.8108,0.0705,2,10,1,300
task_env_weather_195273,background,25,210,0.974955,0.993861,1.0,0.964455,0,0.90168,0.8542,0.22402,0.03199,0.13912,4.95243,32.217,0.8641,4.64915,4.84527,0,8.9723,16.0,16,16.389,0.002,0.3925,2,7.946,0.1942,0.9251,1,24.763,0.8124,0.0716,2,10,1,299
task_env_weather_195273,background,25,211,0.996742,0.993861,1.0,1.0,0,0.90168,0.82706,0.22549,0.03171,0.13995,4.60499,31.4746,0.86219,4.65582,4.84527,0,8.7108,16.0,16,16.431,0.0011,0.3922,2,7.89,0.1947,0.924,1,24.755,0.8139,0.0702,2,10,1,300
task_env_weather_195273,background,25,212,0.904198,0.89294,1.0,1.0,0,0.81012,0.0,0.22609,0.03389,0.12884,4.57275,36.1948,0.86427,4.61163,4.84527,0,9.4264,16.0,16,16.412,0.0032,0.3911,2,7.872,0.1936,0.9233,1,24.748,0.8135,0.0723,2,10,1,301
task_env_weather_195273,background,25,213,0.996988,0.994301,1.0,1.0,0,0.90208,0.83157,0.22537,0.03161,0.13904,4.75113,31.5198,0.86216,4.66683,4.84527,0,8.7239,16.0,16,16.375,0.0027,0.3921,2,7.935,0.1938,0.9257,1,24.71,0.8144,0.0709,2,10,1,300
task_env_weather_195273,background,25,214,0.970949,0.958325,1.0,1.0,0,0.86944,0.86048,0.22665,0.03086,0.12793,4.73904,35.41,0.87206,4.63453,4.84527,0,9.5012,16.0,16,16.432,0.0029,0.3943,2,7.881,0.1937,0.9225,1,24.711,0.8155,0.073,2,10,1,302
task_env_weather_195273,background,25,215,0.995995,0.992957,1.0,0.999455,0,0.90086,0.82946,0.22545,0.03167,0.13975,4.779,31.5726,0.86217,4.67684,4.84527,0,8.7316,16.0,16,16.401,0.004,0.3932,2,7.885,0.1942,0.9261,1,24.732,0.8129,0.0693,2,10,1,300
task_env_weather_195273,background,25,216,0.89988,0.889005,1.0,1.0,0,0.80655,0.0,0.2256,0.03331,0.12763,4.4806,36.2707,0.8643,4.61344,4.84527,0,9.4378,16.0,16,16.429,0.0023,0.3934,2,7.848,0.1946,0.9233,1,24.727,0.8137,0.0693,2,10,1,301
task_env_weather_195273,background,25,217,0.901805,0.890758,1.0,1.0,0,0.80814,0.0,0.22557,0.03315,0.12647,4.5843,36.2656,0.8643,4.61773,4.84527,0,9.4464,16.0,16,16.415,0.0016,0.3931,2,7.885,0.1962,0.9235,1,24.79,0.8142,0.0708,2,10,1,301
task_env_weather_195273,background,26,218,0.906939,0.895442,1.0,1.0,0,0.81239,0.0,0.22634,0.03407,0.12986,4.50226,36.2326,0.86428,4.61591,4.84527,0,9.4411,16.0,16,16.365,0.0034,0.3938,2,7.909,0.1941,0.924,1,24.731,0.8125,0.0713,2,10,1,301
task_env_weather_195273,background,26,219,0.979804,0.994842,1.0,0.970553,0,0.90257,0.85628,0.22393,0.03188,0.13811,4.92132,32.1927,0.86413,4.6472,4.84527,0,8.9617,16.0,16,16.368,0.0027,0.3924,2,7.883,0.1945,0.9238,1,24.77,0.8128,0.0695,2,10,1,299
task_env_weather_195273,background,26,220,0.904609,0.893315,1.0,1.0,0,0.81046,0.0,0.22587,0.03368,0.12866,4.51032,36.2103,0.86427,4.61614,4.84527,0,9.4335,16.0,16,16.404,0.0017,0.3918,2,7.901,0.1932,0.9239,1,24.724,0.8147,0.0699,2,10,1,301
task_env_weather_195273,background,26,221,0.903098,0.891937,1.0,1.0,0,0.80921,0.0,0.22639,0.03399,0.12987,4.55083,36.2916,0.86429,4.61089,4.84527,0,9.4513,16.0,16,16.409,0.0008,0.3929,2,7.911,0.1959,0.9242,1,24.751,0.8118,0.0712,2,10,1,301
task_env_weather_195273,background,26,222,0.970929,0.958303,1.0,1.0,0,0.86942,0.86075,0.22644,0.03067,0.12512,4.77401,35.455,0.87204,4.63295,4.84527,0,9.5196,16.0,16,16.408,0.0013,0.3935,2,7.905,0.1932,0.9249,1,24.72,0.8122,0.0703,2,10,1,302
task_env_weather_195273,background,26,223,0.996643,0.993684,1.0,1.0,0,0.90152,0.84684,0.22574,0.03199,0.14027,4.7698,31.5167,0.86217,4.652,4.84527,0,8.7126,16.0,16,16.425,0.0012,0.3937,2,7.915,0.1939,0.9243,1,24.742,0.8135,0.0716,2,10,1,300
task_env_weather_195273,background,26,224,0.965641,0.952384,1.0,1.0,0,0.86405,0.87017,0.22694,0.03111,0.12751,4.70051,35.4861,0.87209,4.63399,4.84527,0,9.5268,16.0,16,16.414,0.0022,0.3938,2,7.914,0.1945,0.9247,1,24.735,0.8134,0.0701,2,10,1,302
task_env_weather_195273,background,26,225,0.902482,0.891375,1.0,1.0,0,0.8087,0.0,0.22608,0.03382,0.12897,4.55053,36.2162,0.86428,4.60985,4.84527,0,9.4295,16.0,16,16.429,0.0021,0.3926,2,7.933,0.1941,0.923,1,24.737,0.8145,0.0723,2,10,1,301
task_env_weather_195273,background,26,226,0.902651,0.891529,1.0,1.0,0,0.80884,0.0,0.226,0.03353,0.12791,4.43709,36.3053,0.8643,4.62261,4.84527,0,9.4561,16.0,16,16.442,0.0013,0.3933,2,7.908,0.1967,0.9242,1,24.764,0.8128,0.0708,2,10,1,301
task_env_weather_195273,background,27,227,0.997288,0.994842,1.0,1.0,0,0.90257,0.83213,0.22592,0.03212,0.14059,4.73393,31.5222,0.86217,4.66894,4.84527,0,8.7171,16.0,16,16.418,0.0019,0.393,2,7.875,0.195,0.9245,1,24.732,0.8122,0.0709,2,10,1,300
task_env_weather_195273,background,27,228,0.996587,0.993585,1.0,1.0,0,0.90143,0.82894,0.22605,0.0323,0.14196,4.69097,31.4707,0.86219,4.65267,4.84527,0,8.708,16.0,16,16.373,0.0028,0.3937,2,7.879,0.1942,0.9236,1,24.751,0.8125,0.071,2,10,1,300
task_env_weather_195273,background,27,229,0.903969,0.892731,1.0,1.0,0,0.80993,0.0,0.22575,0.03347,0.12759,4.33445,36.2322,0.86429,4.61328,4.84527,0,9.4354,16.0,16,16.428,0.0027,0.3933,2,7.911,0.1943,0.9233,1,24.725,0.8118,0.0706,2,10,1,301
task_env_weather_195273,background,27,230,0.996362,0.993188,1.0,1.0,0,0.90107,0.83126,0.22615,0.03232,0.14127,4.64102,31.5064,0.86216,4.66048,4.84527,0,8.7182,16.0,16,16.423,0.0012,0.392,2,7.901,0.1961,0.9245,1,24.741,0.8143,0.0709,2,10,1,300
task_env_weather_195273,background,27,231,0.99559,0.991843,1.0,1.0,0,0.89985,0.82767,0.22603,0.03221,0.14058,4.72511,31.5362,0.86217,4.66669,4.84527,0,8.7185,16.0,16,16.411,0.0029,0.3931,2,7.908,0.1955,0.9245,1,24.72,0.8133,0.0704,2,10,1,300
task_env_weather_195273,background,27,232,0.902809,0.891673,1.0,1.0,0,0.80897,0.0,0.22612,0.03385,0.12943,4.47959,36.2939,0.86428,4.61313,4.84527,0,9.4427,16.0,16,16.402,0.0029,0.393,2,7.906,0.1943,0.9241,1,24.756,0.8137,0.0705,2,10,1,301
task_env_weather_195273,background,27,233,0.903304,0.892125,1.0,1.0,0,0.80938,0.0,0.22602,0.03371,0.12847,4.51575,36.2947,0.86428,4.60826,4.84527,0,9.4451,16.0,16,16.393,0.0032,0.3924,2,7.929,0.1947,0.9243,1,24.766,0.8133,0.0714,2,10,1,301
task_env_weather_195273,background,27,234,0.900679,0.889733,1.0,1.0,0,0.80721,0.0,0.2257,0.03345,0.12824,4.5019,36.2447,0.86428,4.61199,4.84527,0,9.4324,16.0,16,16.393,0.0028,0.3932,2,7.932,0.1939,0.9233,1,24.768,0.8149,0.0715,2,10,1,301
task_env_weather_195273,background,27,235,0.969165,0.957079,0.966872,0.994935,0,0.86831,0.85979,0.22535,0.02955,0.12287,4.80071,35.4809,0.87207,4.63188,4.84527,0,9.526,16.0,16,16.391,0.0038,0.3922,2,7.912,0.1941,0.9251,1,24.727,0.8132,0.0712,2,10,1,302
task_env_weather_195273,background,28,236,0.900219,0.889314,1.0,1.0,0,0.80683,0.0,0.22568,0.03327,0.12682,4.55,36.3125,0.86429,4.61404,4.84527,0,9.4529,16.0,16,16.399,0.002,0.3929,2,7.925,0.1959,0.9244,1,24.748,0.813,0.0716,2,10,1,301
task_env_weather_195273,background,28,237,0.90207,0.891,1.0,1.0,0,0.80836,0.0,0.22623,0.03389,0.12881,4.50121,36.2955,0.86428,4.6089,4.84527,0,9.4458,16.0,16,16.423,0.0019,0.3931,2,7.912,0.1951,0.9241,1,24.747,0.8134,0.0714,2,10,1,301
task_env_weather_195273,background,28,238,0.905189,0.893844,1.0,1.0,0,0.81094,0.0,0.22591,0.03355,0.12774,4.5321,36.2784,0.86429,4.61751,4.84527,0,9.448,16.0,16,16.408,0.0026,0.3921,2,7.914,0.1956,0.9242,1,24.755,0.8139,0.0711,2,10,1,301
task_env_weather_195273,background,28,239,0.899033,0.888234,1.0,1.0,0,0.80585,0.0,0.22532,0.03303,0.1266,4.56901,36.3085,0.86427,4.61596,4.84527,0,9.4476,16.0,16,16.416,0.0024,0.3931,2,7.905,0.1944,0.9246,1,24.745,0.813,0.0714,2,10,1,301
task_env_weather_195273,background,28,240,0.902409,0.891309,1.0,1.0,0,0.80864,0.0,0.22614,0.03379,0.12908,4.44529,36.2616,0.86429,4.61519,4.84527,0,9.4435,16.0,16,16.411,0.0021,0.3928,2,7.905,0.1952,0.9238,1,24.749,0.8135,0.071,2,10,1,301
