image,attack,content,prompt,kappa,steps,strength,guidance_scale,attack_seconds,mask_coverage,step_size,mask_tau,peak_mb,pert_psnr,pert_linf,pert_ssim,pert_vif_p,pert_fsim,pert_lpips,pert_dists,pert_acutance_ratio,pert_rms,pert_frac_gt_16_255,eval_seed,edit_psnr,edit_linf,edit_ssim,edit_vif_p,edit_fsim,edit_lpips,edit_dists,edit_acutance_ratio,edit_rms,edit_frac_gt_16_255,edit_niqe_a,edit_niqe_b,edit_clip_a,edit_siglip_a,edit_clip_b,edit_siglip_b
man_00,pg_encoder,man,a woman,0.06,100,0.3,7.5,6.9,,0.006,0.5,7413.8,27.688081741333008,0.06000000238418579,0.7604721784591675,0.20982325077056885,0.9073629379272461,0.6551913022994995,0.15447229146957397,1.2761812210083008,0.041266217827796936,0.0,20270803,19.399272918701172,0.6017026305198669,0.7908194065093994,0.5784528851509094,0.8107880353927612,0.44199317693710327,0.3449082374572754,0.05989905819296837,0.10716086626052856,0.6777763366699219,5.665775750020026,10.846391403891984,0.2467244565486908,0.06834092736244202,0.24848413467407227,0.08907806128263474
man_00,pg_encoder,man,a woman,0.06,100,0.3,7.5,6.9,,0.006,0.5,7413.8,27.688081741333008,0.06000000238418579,0.7604721784591675,0.20982325077056885,0.9073629379272461,0.6551913022994995,0.15447229146957397,1.2761812210083008,0.041266217827796936,0.0,20270804,19.339181900024414,0.5894229412078857,0.790104866027832,0.512088418006897,0.7994666695594788,0.4826662540435791,0.39524781703948975,0.03395131230354309,0.10790478438138962,0.6758893728256226,5.684076615362769,11.557729136679873,0.24088336527347565,0.06994867324829102,0.22988459467887878,0.09009787440299988
man_00,pg_encoder,man,a woman,0.06,100,0.3,7.5,6.9,,0.006,0.5,7413.8,27.688081741333008,0.06000000238418579,0.7604721784591675,0.20982325077056885,0.9073629379272461,0.6551913022994995,0.15447229146957397,1.2761812210083008,0.041266217827796936,0.0,20270805,19.36972999572754,0.6030415296554565,0.7908828258514404,0.491372287273407,0.7959665060043335,0.46969354152679443,0.404215931892395,0.04331124201416969,0.10752598196268082,0.6765353083610535,6.020443401489007,9.926835067586966,0.2232872098684311,0.06870217621326447,0.24291998147964478,0.08771145343780518
man_00,pg_encoder,man,a woman,0.06,100,0.3,7.5,6.9,,0.006,0.5,7413.8,27.688081741333008,0.06000000238418579,0.7604721784591675,0.20982325077056885,0.9073629379272461,0.6551913022994995,0.15447229146957397,1.2761812210083008,0.041266217827796936,0.0,20270806,18.732507705688477,0.5833617448806763,0.7879160642623901,0.4738024175167084,0.8045042157173157,0.4694610834121704,0.3843463063240051,0.03569341450929642,0.11571095138788223,0.7110227346420288,5.613098267240979,12.54311857449632,0.23116925358772278,0.06174241006374359,0.22975480556488037,0.08892307430505753
man_00,pg_encoder,man,a woman,0.06,100,0.3,7.5,6.9,,0.006,0.5,7413.8,27.688081741333008,0.06000000238418579,0.7604721784591675,0.20982325077056885,0.9073629379272461,0.6551913022994995,0.15447229146957397,1.2761812210083008,0.041266217827796936,0.0,20270807,18.86380386352539,0.5605322122573853,0.7904975414276123,0.490942120552063,0.8057751059532166,0.47530409693717957,0.39005082845687866,0.04518735408782959,0.11397501826286316,0.7118301391601562,5.80546053972181,11.669545447877821,0.23243793845176697,0.06758779287338257,0.23159228265285492,0.08045543730258942
man_00,pg_encoder,man,a woman,0.06,100,0.3,7.5,6.9,,0.006,0.5,7413.8,27.688081741333008,0.06000000238418579,0.7604721784591675,0.20982325077056885,0.9073629379272461,0.6551913022994995,0.15447229146957397,1.2761812210083008,0.041266217827796936,0.0,20270808,18.82729721069336,0.6136301755905151,0.7742854952812195,0.5083507895469666,0.7883337140083313,0.4894643723964691,0.43612027168273926,0.030995745211839676,0.11445508897304535,0.7265752553939819,6.290004721723683,12.179820520782329,0.2371000051498413,0.06353681534528732,0.23461587727069855,0.08099180459976196
man_00,pg_encoder,man,a woman,0.06,100,0.3,7.5,6.9,,0.006,0.5,7413.8,27.688081741333008,0.06000000238418579,0.7604721784591675,0.20982325077056885,0.9073629379272461,0.6551913022994995,0.15447229146957397,1.2761812210083008,0.041266217827796936,0.0,20270809,18.92816925048828,0.5266286730766296,0.789385199546814,0.48456525802612305,0.8034014701843262,0.4825836718082428,0.4221069812774658,0.03782593086361885,0.11313352733850479,0.6991462707519531,6.91193081776182,11.827881770058726,0.23150789737701416,0.05303173139691353,0.23452262580394745,0.0958087295293808
man_00,pg_encoder,man,a woman,0.06,100,0.3,7.5,6.9,,0.006,0.5,7413.8,27.688081741333008,0.06000000238418579,0.7604721784591675,0.20982325077056885,0.9073629379272461,0.6551913022994995,0.15447229146957397,1.2761812210083008,0.041266217827796936,0.0,20270810,19.12318992614746,0.5271636247634888,0.7893697023391724,0.5002241730690002,0.8085405826568604,0.44871169328689575,0.38196849822998047,0.053788673132658005,0.11062171310186386,0.7200648188591003,5.939007822885674,10.714859176922959,0.22759045660495758,0.07181165367364883,0.23499362170696259,0.08998449146747589
man_00,pg_encoder,man,a woman,0.06,100,0.3,7.5,6.9,,0.006,0.5,7413.8,27.688081741333008,0.06000000238418579,0.7604721784591675,0.20982325077056885,0.9073629379272461,0.6551913022994995,0.15447229146957397,1.2761812210083008,0.041266217827796936,0.0,20270811,18.903024673461914,0.5945389270782471,0.7881821990013123,0.4764132499694824,0.8069158792495728,0.4642481207847595,0.3604227304458618,0.03504474461078644,0.11346151679754257,0.7139028310775757,5.979798759796324,10.80202536108809,0.18461103737354279,0.0035540242679417133,0.2327442169189453,0.08568000793457031
man_00,pg_encoder,man,a woman,0.06,100,0.3,7.5,6.9,,0.006,0.5,7413.8,27.688081741333008,0.06000000238418579,0.7604721784591675,0.20982325077056885,0.9073629379272461,0.6551913022994995,0.15447229146957397,1.2761812210083008,0.041266217827796936,0.0,20270812,19.244415283203125,0.5419436097145081,0.7821006774902344,0.5449620485305786,0.7986643314361572,0.47388866543769836,0.366128146648407,0.05222196504473686,0.10908850282430649,0.7086385488510132,6.37235318916424,10.036091112709013,0.19392447173595428,0.007189303636550903,0.24732109904289246,0.08903111517429352
man_00,pg_encoder,man,a woman,0.06,100,0.3,7.5,6.9,,0.006,0.5,7413.8,27.688081741333008,0.06000000238418579,0.7604721784591675,0.20982325077056885,0.9073629379272461,0.6551913022994995,0.15447229146957397,1.2761812210083008,0.041266217827796936,0.0,20270813,18.652790069580078,0.6172685623168945,0.7740690112113953,0.4725978374481201,0.7913421988487244,0.4736320674419403,0.41229432821273804,0.029127616435289383,0.11677780747413635,0.6815032958984375,5.584242327413503,10.972379022312479,0.2202952355146408,0.06630943715572357,0.2446511685848236,0.0845499187707901
man_00,pg_encoder,man,a woman,0.06,100,0.3,7.5,6.9,,0.006,0.5,7413.8,27.688081741333008,0.06000000238418579,0.7604721784591675,0.20982325077056885,0.9073629379272461,0.6551913022994995,0.15447229146957397,1.2761812210083008,0.041266217827796936,0.0,20270814,19.0835018157959,0.5404423475265503,0.7839478850364685,0.4511434733867645,0.8069121241569519,0.46415504813194275,0.36979180574417114,0.03728271648287773,0.1111283078789711,0.7032585144042969,5.794516753917611,11.099830916937448,0.221703439950943,0.05764123797416687,0.2324615716934204,0.08613017201423645
man_00,pg_encoder,man,a woman,0.06,100,0.3,7.5,6.9,,0.006,0.5,7413.8,27.688081741333008,0.06000000238418579,0.7604721784591675,0.20982325077056885,0.9073629379272461,0.6551913022994995,0.15447229146957397,1.2761812210083008,0.041266217827796936,0.0,20270815,19.447689056396484,0.641127347946167,0.8193650245666504,0.5220963954925537,0.8326006531715393,0.4298427700996399,0.3007549047470093,0.05919328331947327,0.1065651923418045,0.6576093435287476,6.77657347756314,10.202241794713693,0.22775699198246002,0.05291472747921944,0.22737520933151245,0.08288002014160156
man_00,pg_encoder,man,a woman,0.06,100,0.3,7.5,6.9,,0.006,0.5,7413.8,27.688081741333008,0.06000000238418579,0.7604721784591675,0.20982325077056885,0.9073629379272461,0.6551913022994995,0.15447229146957397,1.2761812210083008,0.041266217827796936,0.0,20270816,19.4249324798584,0.6320177912712097,0.7973819971084595,0.46092864871025085,0.8254969120025635,0.4545483887195587,0.33050620555877686,0.052950646728277206,0.10684475302696228,0.6667823791503906,6.921132067914141,10.821584360817724,0.22876733541488647,0.06983842700719833,0.23364998400211334,0.09012448787689209
man_00,pg_encoder,man,a woman,0.06,100,0.3,7.5,6.9,,0.006,0.5,7413.8,27.688081741333008,0.06000000238418579,0.7604721784591675,0.20982325077056885,0.9073629379272461,0.6551913022994995,0.15447229146957397,1.2761812210083008,0.041266217827796936,0.0,20270817,19.61319351196289,0.5968672037124634,0.7987968325614929,0.4678962230682373,0.8105059266090393,0.4673108458518982,0.3687608242034912,0.04552672430872917,0.10455387830734253,0.6188672780990601,6.438739131280583,11.744252257523478,0.23549121618270874,0.061004988849163055,0.23010630905628204,0.09128377586603165
man_00,pg_encoder,man,a woman,0.06,100,0.3,7.5,6.9,,0.006,0.5,7413.8,27.688081741333008,0.06000000238418579,0.7604721784591675,0.20982325077056885,0.9073629379272461,0.6551913022994995,0.15447229146957397,1.2761812210083008,0.041266217827796936,0.0,20270818,18.55830955505371,0.5637145042419434,0.7876657843589783,0.507564902305603,0.80631023645401,0.4466157555580139,0.3437230587005615,0.0475190095603466,0.11805500835180283,0.7206827998161316,5.287423511078354,10.587361354986689,0.22889098525047302,0.05816282704472542,0.2385552078485489,0.0822746679186821
man_00,pg_encoder,man,a woman,0.06,100,0.3,7.5,6.9,,0.006,0.5,7413.8,27.688081741333008,0.06000000238418579,0.7604721784591675,0.20982325077056885,0.9073629379272461,0.6551913022994995,0.15447229146957397,1.2761812210083008,0.041266217827796936,0.0,20270819,19.31476402282715,0.6343360543251038,0.7813555598258972,0.46679893136024475,0.8020475506782532,0.4693228304386139,0.3864237070083618,0.04232411086559296,0.1082085594534874,0.6985041499137878,6.01565760237304,12.015210051858103,0.1935669481754303,-0.0008139763958752155,0.23348228633403778,0.08595284819602966
man_00,pg_encoder,man,a woman,0.06,100,0.3,7.5,6.9,,0.006,0.5,7413.8,27.688081741333008,0.06000000238418579,0.7604721784591675,0.20982325077056885,0.9073629379272461,0.6551913022994995,0.15447229146957397,1.2761812210083008,0.041266217827796936,0.0,20270820,19.570711135864258,0.5943041443824768,0.8015397787094116,0.5370987057685852,0.8035012483596802,0.4516868591308594,0.4093785285949707,0.04085986316204071,0.10506649315357208,0.6545245051383972,5.978756670944989,11.015376805071512,0.23942549526691437,0.05346638709306717,0.23131588101387024,0.0907495766878128
man_00,pg_encoder,man,a woman,0.06,100,0.3,7.5,6.9,,0.006,0.5,7413.8,27.688081741333008,0.06000000238418579,0.7604721784591675,0.20982325077056885,0.9073629379272461,0.6551913022994995,0.15447229146957397,1.2761812210083008,0.041266217827796936,0.0,20270821,19.098230361938477,0.5942195653915405,0.794025182723999,0.533478319644928,0.8111801743507385,0.46037107706069946,0.3856343626976013,0.0549829825758934,0.11094002425670624,0.6837043762207031,6.45018116046907,11.084532243824365,0.22089438140392303,0.06629040837287903,0.2529284358024597,0.09516161680221558
man_00,pg_encoder,man,a woman,0.06,100,0.3,7.5,6.9,,0.006,0.5,7413.8,27.688081741333008,0.06000000238418579,0.7604721784591675,0.20982325077056885,0.9073629379272461,0.6551913022994995,0.15447229146957397,1.2761812210083008,0.041266217827796936,0.0,20270822,19.41887092590332,0.6408078670501709,0.7955570220947266,0.43084320425987244,0.8130491375923157,0.4650077223777771,0.34904664754867554,0.04734024405479431,0.10691933333873749,0.6881484985351562,6.175737675869653,10.580439415491234,0.23843388259410858,0.07070956379175186,0.22528967261314392,0.08053925633430481
man_00,pg_diffusion,man,a woman,0.06,100,0.3,7.5,206.9,,0.006,0.5,11557.1,27.08786964416504,0.06000000238418579,0.7505888938903809,0.20950499176979065,0.9197115302085876,0.6648316383361816,0.1315906047821045,1.478723406791687,0.044218651950359344,0.0,20270803,20.108596801757812,0.6205673217773438,0.5854519605636597,0.08678437024354935,0.7579064965248108,0.6550124883651733,0.30634605884552,1.1655936241149902,0.09875746816396713,0.5691579580307007,5.665775750020026,4.180947197396012,0.2467244565486908,0.06834092736244202,0.23686277866363525,0.05477401614189148
man_00,pg_diffusion,man,a woman,0.06,100,0.3,7.5,206.9,,0.006,0.5,11557.1,27.08786964416504,0.06000000238418579,0.7505888938903809,0.20950499176979065,0.9197115302085876,0.6648316383361816,0.1315906047821045,1.478723406791687,0.044218651950359344,0.0,20270804,20.06617546081543,0.8019744157791138,0.6121859550476074,0.07364317029714584,0.7598875761032104,0.6719821691513062,0.2990630865097046,1.1173473596572876,0.0992409810423851,0.5717214345932007,5.684076615362769,4.859477768874613,0.24088336527347565,0.06994867324829102,0.22581979632377625,0.05659135803580284
man_00,pg_diffusion,man,a woman,0.06,100,0.3,7.5,206.9,,0.006,0.5,11557.1,27.08786964416504,0.06000000238418579,0.7505888938903809,0.20950499176979065,0.9197115302085876,0.6648316383361816,0.1315906047821045,1.478723406791687,0.044218651950359344,0.0,20270805,19.84003448486328,0.6633056998252869,0.5867302417755127,0.06459762156009674,0.7271535396575928,0.66512531042099,0.31879615783691406,1.126992106437683,0.10185866802930832,0.6291173696517944,6.020443401489007,3.8355634162958028,0.2232872098684311,0.06870217621326447,0.2396194040775299,0.06617680191993713
man_00,pg_diffusion,man,a woman,0.06,100,0.3,7.5,206.9,,0.006,0.5,11557.1,27.08786964416504,0.06000000238418579,0.7505888938903809,0.20950499176979065,0.9197115302085876,0.6648316383361816,0.1315906047821045,1.478723406791687,0.044218651950359344,0.0,20270806,19.257219314575195,0.6418677568435669,0.5515379905700684,0.06702863425016403,0.7429035305976868,0.6853601336479187,0.31544339656829834,1.1255990266799927,0.10892784595489502,0.6162554621696472,5.613098267240979,3.7330022997526533,0.23116925358772278,0.06174241006374359,0.2488686442375183,0.05573858320713043
man_00,pg_diffusion,man,a woman,0.06,100,0.3,7.5,206.9,,0.006,0.5,11557.1,27.08786964416504,0.06000000238418579,0.7505888938903809,0.20950499176979065,0.9197115302085876,0.6648316383361816,0.1315906047821045,1.478723406791687,0.044218651950359344,0.0,20270807,20.161439895629883,0.7872784733772278,0.5487651228904724,0.067320816218853,0.7602946758270264,0.6933078765869141,0.3275095820426941,1.2156448364257812,0.09815846383571625,0.5495427846908569,5.80546053972181,5.799297083814696,0.23243793845176697,0.06758779287338257,0.23171013593673706,0.04328114911913872
man_00,pg_diffusion,man,a woman,0.06,100,0.3,7.5,206.9,,0.006,0.5,11557.1,27.08786964416504,0.06000000238418579,0.7505888938903809,0.20950499176979065,0.9197115302085876,0.6648316383361816,0.1315906047821045,1.478723406791687,0.044218651950359344,0.0,20270808,20.671937942504883,0.7332295179367065,0.48243555426597595,0.06208769232034683,0.713578999042511,0.6932209730148315,0.3292786478996277,1.810929775238037,0.09255563467741013,0.45407742261886597,6.290004721723683,6.770430741053407,0.2371000051498413,0.06353681534528732,0.26028865575790405,0.057445086538791656
man_00,pg_diffusion,man,a woman,0.06,100,0.3,7.5,206.9,,0.006,0.5,11557.1,27.08786964416504,0.06000000238418579,0.7505888938903809,0.20950499176979065,0.9197115302085876,0.6648316383361816,0.1315906047821045,1.478723406791687,0.044218651950359344,0.0,20270809,20.07470703125,0.7855252027511597,0.605647087097168,0.06709865480661392,0.7605287432670593,0.6691036224365234,0.3452921509742737,0.8492292165756226,0.09914355725049973,0.5710080862045288,6.91193081776182,4.317603669883598,0.23150789737701416,0.05303173139691353,0.24494412541389465,0.0466662272810936
man_00,pg_diffusion,man,a woman,0.06,100,0.3,7.5,206.9,,0.006,0.5,11557.1,27.08786964416504,0.06000000238418579,0.7505888938903809,0.20950499176979065,0.9197115302085876,0.6648316383361816,0.1315906047821045,1.478723406791687,0.044218651950359344,0.0,20270810,21.096691131591797,0.6911156177520752,0.5947695970535278,0.06017269939184189,0.7593395709991455,0.6743605136871338,0.3055455684661865,1.5245479345321655,0.0881383940577507,0.4814847409725189,5.939007822885674,6.1840260899747745,0.22759045660495758,0.07181165367364883,0.2395886927843094,0.07275793701410294
man_00,pg_diffusion,man,a woman,0.06,100,0.3,7.5,206.9,,0.006,0.5,11557.1,27.08786964416504,0.06000000238418579,0.7505888938903809,0.20950499176979065,0.9197115302085876,0.6648316383361816,0.1315906047821045,1.478723406791687,0.044218651950359344,0.0,20270811,20.299163818359375,0.7094793319702148,0.5190321803092957,0.06397410482168198,0.7341886758804321,0.6822481155395508,0.3160032629966736,1.4715118408203125,0.09661433100700378,0.48168691992759705,5.979798759796324,4.189726589854673,0.18461103737354279,0.0035540242679417133,0.2432408332824707,0.059674374759197235
man_00,pg_diffusion,man,a woman,0.06,100,0.3,7.5,206.9,,0.006,0.5,11557.1,27.08786964416504,0.06000000238418579,0.7505888938903809,0.20950499176979065,0.9197115302085876,0.6648316383361816,0.1315906047821045,1.478723406791687,0.044218651950359344,0.0,20270812,20.589420318603516,0.6463963985443115,0.48498713970184326,0.05368388816714287,0.700931966304779,0.707390546798706,0.35041356086730957,1.5598429441452026,0.09343912452459335,0.4825375974178314,6.37235318916424,4.93052647986397,0.19392447173595428,0.007189303636550903,0.21293896436691284,0.06551709026098251
man_00,pg_diffusion,man,a woman,0.06,100,0.3,7.5,206.9,,0.006,0.5,11557.1,27.08786964416504,0.06000000238418579,0.7505888938903809,0.20950499176979065,0.9197115302085876,0.6648316383361816,0.1315906047821045,1.478723406791687,0.044218651950359344,0.0,20270813,19.776479721069336,0.7455973029136658,0.5027893781661987,0.05938170850276947,0.7096484899520874,0.6953516006469727,0.3430997133255005,1.5699756145477295,0.10260672122240067,0.536590576171875,5.584242327413503,5.137210483405129,0.2202952355146408,0.06630943715572357,0.24546077847480774,0.07111206650733948
man_00,pg_diffusion,man,a woman,0.06,100,0.3,7.5,206.9,,0.006,0.5,11557.1,27.08786964416504,0.06000000238418579,0.7505888938903809,0.20950499176979065,0.9197115302085876,0.6648316383361816,0.1315906047821045,1.478723406791687,0.044218651950359344,0.0,20270814,19.62769317626953,0.5839340686798096,0.5366480350494385,0.05790746212005615,0.7156135439872742,0.6621923446655273,0.33191853761672974,1.3488309383392334,0.10437948256731033,0.6098518371582031,5.794516753917611,3.3829327183465985,0.221703439950943,0.05764123797416687,0.23402917385101318,0.0735822319984436
man_00,pg_diffusion,man,a woman,0.06,100,0.3,7.5,206.9,,0.006,0.5,11557.1,27.08786964416504,0.06000000238418579,0.7505888938903809,0.20950499176979065,0.9197115302085876,0.6648316383361816,0.1315906047821045,1.478723406791687,0.044218651950359344,0.0,20270815,20.451833724975586,0.8644983768463135,0.5053458213806152,0.06742831319570541,0.7313144207000732,0.6762044429779053,0.2866972088813782,1.8416764736175537,0.09493101388216019,0.46816128492355347,6.77657347756314,5.445006922705083,0.22775699198246002,0.05291472747921944,0.25817808508872986,0.0601203516125679
man_00,pg_diffusion,man,a woman,0.06,100,0.3,7.5,206.9,,0.006,0.5,11557.1,27.08786964416504,0.06000000238418579,0.7505888938903809,0.20950499176979065,0.9197115302085876,0.6648316383361816,0.1315906047821045,1.478723406791687,0.044218651950359344,0.0,20270816,19.8815975189209,0.7723751068115234,0.5563457608222961,0.07493118941783905,0.7384265065193176,0.6680386662483215,0.33207428455352783,1.0807788372039795,0.10137244313955307,0.5709546804428101,6.921132067914141,3.9819678926467335,0.22876733541488647,0.06983842700719833,0.2491004765033722,0.054928429424762726
man_00,pg_diffusion,man,a woman,0.06,100,0.3,7.5,206.9,,0.006,0.5,11557.1,27.08786964416504,0.06000000238418579,0.7505888938903809,0.20950499176979065,0.9197115302085876,0.6648316383361816,0.1315906047821045,1.478723406791687,0.044218651950359344,0.0,20270817,20.00098419189453,0.8555211424827576,0.5882967710494995,0.06999652087688446,0.756332278251648,0.6622974276542664,0.3190646767616272,0.9841295480728149,0.09998862445354462,0.5493965148925781,6.438739131280583,3.8348500169831987,0.23549121618270874,0.061004988849163055,0.2569429874420166,0.053416233509778976
man_00,pg_diffusion,man,a woman,0.06,100,0.3,7.5,206.9,,0.006,0.5,11557.1,27.08786964416504,0.06000000238418579,0.7505888938903809,0.20950499176979065,0.9197115302085876,0.6648316383361816,0.1315906047821045,1.478723406791687,0.044218651950359344,0.0,20270818,20.456449508666992,0.6565020084381104,0.5388654470443726,0.0725608691573143,0.7470329999923706,0.66724693775177,0.30313873291015625,1.0605040788650513,0.09488058090209961,0.5277697443962097,5.287423511078354,4.452515158593409,0.22889098525047302,0.05816282704472542,0.20820754766464233,0.028599143028259277
man_00,pg_diffusion,man,a woman,0.06,100,0.3,7.5,206.9,,0.006,0.5,11557.1,27.08786964416504,0.06000000238418579,0.7505888938903809,0.20950499176979065,0.9197115302085876,0.6648316383361816,0.1315906047821045,1.478723406791687,0.044218651950359344,0.0,20270819,20.381351470947266,0.7574769258499146,0.6164628863334656,0.06334525346755981,0.7749733328819275,0.6660172939300537,0.3006272315979004,1.1457432508468628,0.09570446610450745,0.5372912287712097,6.01565760237304,4.31376400074537,0.1935669481754303,-0.0008139763958752155,0.2697882652282715,0.05482432246208191
man_00,pg_diffusion,man,a woman,0.06,100,0.3,7.5,206.9,,0.006,0.5,11557.1,27.08786964416504,0.06000000238418579,0.7505888938903809,0.20950499176979065,0.9197115302085876,0.6648316383361816,0.1315906047821045,1.478723406791687,0.044218651950359344,0.0,20270820,20.329063415527344,0.7139164209365845,0.6195778846740723,0.0661943331360817,0.759807825088501,0.6674816608428955,0.3108230233192444,1.0732640027999878,0.09628234803676605,0.5319799184799194,5.978756670944989,4.37022784220659,0.23942549526691437,0.05346638709306717,0.25603675842285156,0.05382023751735687
man_00,pg_diffusion,man,a woman,0.06,100,0.3,7.5,206.9,,0.006,0.5,11557.1,27.08786964416504,0.06000000238418579,0.7505888938903809,0.20950499176979065,0.9197115302085876,0.6648316383361816,0.1315906047821045,1.478723406791687,0.044218651950359344,0.0,20270821,20.70106315612793,0.7542906999588013,0.5226905941963196,0.05950712785124779,0.7322349548339844,0.6822260618209839,0.3259674310684204,1.4095656871795654,0.09224580228328705,0.47581610083580017,6.45018116046907,4.6334413193187745,0.22089438140392303,0.06629040837287903,0.24602878093719482,0.059319622814655304
man_00,pg_diffusion,man,a woman,0.06,100,0.3,7.5,206.9,,0.006,0.5,11557.1,27.08786964416504,0.06000000238418579,0.7505888938903809,0.20950499176979065,0.9197115302085876,0.6648316383361816,0.1315906047821045,1.478723406791687,0.044218651950359344,0.0,20270822,19.95413589477539,0.6709948778152466,0.6243891716003418,0.07770545780658722,0.7486206293106079,0.6543320417404175,0.2926996350288391,0.811560332775116,0.10052935779094696,0.6029319763183594,6.175737675869653,4.087487742711576,0.23843388259410858,0.07070956379175186,0.24140363931655884,0.059920474886894226
man_00,semantic,man,a woman,0.06,100,0.3,7.5,121.3,0.25830078125,0.006,0.5,8777.4,27.77997589111328,0.06000000238418579,0.708962619304657,0.1909867227077484,0.8637869954109192,0.5992450714111328,0.21470379829406738,1.482494592666626,0.04083193466067314,0.0,20270803,24.603580474853516,0.6325525045394897,0.6435056924819946,0.08649548143148422,0.7822282314300537,0.5763593912124634,0.2737574577331543,1.761284351348877,0.05886000394821167,0.20299403369426727,5.665775750020026,3.7829759501740554,0.2467244565486908,0.06834092736244202,0.24207372963428497,0.041298408061265945
man_00,semantic,man,a woman,0.06,100,0.3,7.5,121.3,0.25830078125,0.006,0.5,8777.4,27.77997589111328,0.06000000238418579,0.708962619304657,0.1909867227077484,0.8637869954109192,0.5992450714111328,0.21470379829406738,1.482494592666626,0.04083193466067314,0.0,20270804,24.123544692993164,0.6992899179458618,0.6553162336349487,0.07815301418304443,0.7898626327514648,0.5717325210571289,0.28373390436172485,2.121088743209839,0.06220456212759018,0.2051289975643158,5.684076615362769,3.666746557101848,0.24088336527347565,0.06994867324829102,0.25077250599861145,0.054080136120319366
man_00,semantic,man,a woman,0.06,100,0.3,7.5,121.3,0.25830078125,0.006,0.5,8777.4,27.77997589111328,0.06000000238418579,0.708962619304657,0.1909867227077484,0.8637869954109192,0.5992450714111328,0.21470379829406738,1.482494592666626,0.04083193466067314,0.0,20270805,24.26492691040039,0.7069083452224731,0.6211778521537781,0.07790329307317734,0.7705366015434265,0.5785901546478271,0.264160692691803,2.0631775856018066,0.06120023876428604,0.21575292944908142,6.020443401489007,3.3926369833299233,0.2232872098684311,0.06870217621326447,0.2347487360239029,0.05999314785003662
man_00,semantic,man,a woman,0.06,100,0.3,7.5,121.3,0.25830078125,0.006,0.5,8777.4,27.77997589111328,0.06000000238418579,0.708962619304657,0.1909867227077484,0.8637869954109192,0.5992450714111328,0.21470379829406738,1.482494592666626,0.04083193466067314,0.0,20270806,23.081722259521484,0.8639208078384399,0.5859755873680115,0.06557637453079224,0.7565146088600159,0.5830497145652771,0.2919047474861145,2.564175605773926,0.0701315626502037,0.25026577711105347,5.613098267240979,3.9695724207499974,0.23116925358772278,0.06174241006374359,0.23908564448356628,0.05076800659298897
man_00,semantic,man,a woman,0.06,100,0.3,7.5,121.3,0.25830078125,0.006,0.5,8777.4,27.77997589111328,0.06000000238418579,0.708962619304657,0.1909867227077484,0.8637869954109192,0.5992450714111328,0.21470379829406738,1.482494592666626,0.04083193466067314,0.0,20270807,23.823116302490234,0.6804609298706055,0.6259551644325256,0.07241903245449066,0.7720456719398499,0.6007272005081177,0.31343507766723633,2.153090715408325,0.06439374387264252,0.22920355200767517,5.80546053972181,3.6295851975284292,0.23243793845176697,0.06758779287338257,0.23857693374156952,0.03748450055718422
man_00,semantic,man,a woman,0.06,100,0.3,7.5,121.3,0.25830078125,0.006,0.5,8777.4,27.77997589111328,0.06000000238418579,0.708962619304657,0.1909867227077484,0.8637869954109192,0.5992450714111328,0.21470379829406738,1.482494592666626,0.04083193466067314,0.0,20270808,23.69180679321289,0.6904892921447754,0.6048721075057983,0.076997309923172,0.7594054937362671,0.5859169960021973,0.31269538402557373,2.1201581954956055,0.06537463515996933,0.2370249480009079,6.290004721723683,3.3782606579426595,0.2371000051498413,0.06353681534528732,0.24584728479385376,0.05344273895025253
man_00,semantic,man,a woman,0.06,100,0.3,7.5,121.3,0.25830078125,0.006,0.5,8777.4,27.77997589111328,0.06000000238418579,0.708962619304657,0.1909867227077484,0.8637869954109192,0.5992450714111328,0.21470379829406738,1.482494592666626,0.04083193466067314,0.0,20270809,24.19031524658203,0.6567639112472534,0.636357307434082,0.0753861740231514,0.7824020981788635,0.5690913796424866,0.28756147623062134,1.9539142847061157,0.061728205531835556,0.20751826465129852,6.91193081776182,3.992196609803448,0.23150789737701416,0.05303173139691353,0.2373322695493698,0.05085902288556099
man_00,semantic,man,a woman,0.06,100,0.3,7.5,121.3,0.25830078125,0.006,0.5,8777.4,27.77997589111328,0.06000000238418579,0.708962619304657,0.1909867227077484,0.8637869954109192,0.5992450714111328,0.21470379829406738,1.482494592666626,0.04083193466067314,0.0,20270810,24.179401397705078,0.7535979151725769,0.6520580053329468,0.0776689276099205,0.7871769666671753,0.5796271562576294,0.294136106967926,2.0914671421051025,0.06180581822991371,0.21783065795898438,5.939007822885674,3.657343259861496,0.22759045660495758,0.07181165367364883,0.24603880941867828,0.044444259256124496
man_00,semantic,man,a woman,0.06,100,0.3,7.5,121.3,0.25830078125,0.006,0.5,8777.4,27.77997589111328,0.06000000238418579,0.708962619304657,0.1909867227077484,0.8637869954109192,0.5992450714111328,0.21470379829406738,1.482494592666626,0.04083193466067314,0.0,20270811,23.506874084472656,0.6577540636062622,0.6197261214256287,0.0743173211812973,0.7700877785682678,0.5783029794692993,0.2909315824508667,2.012031078338623,0.06678144633769989,0.23443731665611267,5.979798759796324,3.6581731829018045,0.18461103737354279,0.0035540242679417133,0.238194078207016,0.047338202595710754
man_00,semantic,man,a woman,0.06,100,0.3,7.5,121.3,0.25830078125,0.006,0.5,8777.4,27.77997589111328,0.06000000238418579,0.708962619304657,0.1909867227077484,0.8637869954109192,0.5992450714111328,0.21470379829406738,1.482494592666626,0.04083193466067314,0.0,20270812,23.627880096435547,0.7728654146194458,0.6162312626838684,0.07668020576238632,0.7645097374916077,0.5759445428848267,0.2943134307861328,2.3138391971588135,0.06585755199193954,0.22889328002929688,6.37235318916424,3.0511111366348476,0.19392447173595428,0.007189303636550903,0.23943230509757996,0.04952402412891388
man_00,semantic,man,a woman,0.06,100,0.3,7.5,121.3,0.25830078125,0.006,0.5,8777.4,27.77997589111328,0.06000000238418579,0.708962619304657,0.1909867227077484,0.8637869954109192,0.5992450714111328,0.21470379829406738,1.482494592666626,0.04083193466067314,0.0,20270813,23.31409454345703,0.7077332139015198,0.6225780844688416,0.07462150603532791,0.7722045183181763,0.597953200340271,0.3079979419708252,2.096874237060547,0.06828020513057709,0.24351629614830017,5.584242327413503,3.537383355897956,0.2202952355146408,0.06630943715572357,0.2515532374382019,0.04701440408825874
man_00,semantic,man,a woman,0.06,100,0.3,7.5,121.3,0.25830078125,0.006,0.5,8777.4,27.77997589111328,0.06000000238418579,0.708962619304657,0.1909867227077484,0.8637869954109192,0.5992450714111328,0.21470379829406738,1.482494592666626,0.04083193466067314,0.0,20270814,23.77172088623047,0.646328330039978,0.6068632006645203,0.06910659372806549,0.7683749794960022,0.5956369042396545,0.30469584465026855,2.5245628356933594,0.06477592140436172,0.22292327880859375,5.794516753917611,3.8987790799844437,0.221703439950943,0.05764123797416687,0.25661033391952515,0.051225852221250534
man_00,semantic,man,a woman,0.06,100,0.3,7.5,121.3,0.25830078125,0.006,0.5,8777.4,27.77997589111328,0.06000000238418579,0.708962619304657,0.1909867227077484,0.8637869954109192,0.5992450714111328,0.21470379829406738,1.482494592666626,0.04083193466067314,0.0,20270815,23.868330001831055,0.6945432424545288,0.6202688217163086,0.07995859533548355,0.7708756923675537,0.5716090202331543,0.27024728059768677,2.0377845764160156,0.06405942887067795,0.224456787109375,6.77657347756314,3.619661849208536,0.22775699198246002,0.05291472747921944,0.25489169359207153,0.06148280203342438
man_00,semantic,man,a woman,0.06,100,0.3,7.5,121.3,0.25830078125,0.006,0.5,8777.4,27.77997589111328,0.06000000238418579,0.708962619304657,0.1909867227077484,0.8637869954109192,0.5992450714111328,0.21470379829406738,1.482494592666626,0.04083193466067314,0.0,20270816,23.63416290283203,0.7015065550804138,0.6390937566757202,0.08697599917650223,0.779449999332428,0.5594572424888611,0.2901148796081543,1.887581467628479,0.0658099353313446,0.22502899169921875,6.921132067914141,3.86775404252447,0.22876733541488647,0.06983842700719833,0.23750823736190796,0.05795446038246155
man_00,semantic,man,a woman,0.06,100,0.3,7.5,121.3,0.25830078125,0.006,0.5,8777.4,27.77997589111328,0.06000000238418579,0.708962619304657,0.1909867227077484,0.8637869954109192,0.5992450714111328,0.21470379829406738,1.482494592666626,0.04083193466067314,0.0,20270817,23.922611236572266,0.8087907433509827,0.6429541707038879,0.07622350007295609,0.7845939993858337,0.5901687145233154,0.28132957220077515,1.9712649583816528,0.06366035342216492,0.21954473853111267,6.438739131280583,3.644592998157366,0.23549121618270874,0.061004988849163055,0.24632766842842102,0.04552844166755676
man_00,semantic,man,a woman,0.06,100,0.3,7.5,121.3,0.25830078125,0.006,0.5,8777.4,27.77997589111328,0.06000000238418579,0.708962619304657,0.1909867227077484,0.8637869954109192,0.5992450714111328,0.21470379829406738,1.482494592666626,0.04083193466067314,0.0,20270818,24.36458396911621,0.6406956911087036,0.6642094850540161,0.08562978357076645,0.7986745238304138,0.5684727430343628,0.2587645649909973,1.8615469932556152,0.0605020709335804,0.20658493041992188,5.287423511078354,4.016876426279898,0.22889098525047302,0.05816282704472542,0.2229059338569641,0.033367227762937546
man_00,semantic,man,a woman,0.06,100,0.3,7.5,121.3,0.25830078125,0.006,0.5,8777.4,27.77997589111328,0.06000000238418579,0.708962619304657,0.1909867227077484,0.8637869954109192,0.5992450714111328,0.21470379829406738,1.482494592666626,0.04083193466067314,0.0,20270819,24.131872177124023,0.6302552223205566,0.6384320259094238,0.07662523537874222,0.7941464185714722,0.5805766582489014,0.3182440996170044,2.1344566345214844,0.062144935131073,0.2078959196805954,6.01565760237304,4.064708226300619,0.1935669481754303,-0.0008139763958752155,0.25712960958480835,0.04804524779319763
man_00,semantic,man,a woman,0.06,100,0.3,7.5,121.3,0.25830078125,0.006,0.5,8777.4,27.77997589111328,0.06000000238418579,0.708962619304657,0.1909867227077484,0.8637869954109192,0.5992450714111328,0.21470379829406738,1.482494592666626,0.04083193466067314,0.0,20270820,23.760164260864258,0.6612069606781006,0.6053143739700317,0.06386040896177292,0.7557926774024963,0.5841065645217896,0.29778826236724854,2.6392993927001953,0.06486215442419052,0.22013601660728455,5.978756670944989,3.6491798015429326,0.23942549526691437,0.05346638709306717,0.2408749759197235,0.04741400480270386
man_00,semantic,man,a woman,0.06,100,0.3,7.5,121.3,0.25830078125,0.006,0.5,8777.4,27.77997589111328,0.06000000238418579,0.708962619304657,0.1909867227077484,0.8637869954109192,0.5992450714111328,0.21470379829406738,1.482494592666626,0.04083193466067314,0.0,20270821,24.13387107849121,0.7314872741699219,0.6522772312164307,0.07903736084699631,0.7835999131202698,0.5669503211975098,0.27709877490997314,2.2324578762054443,0.06213066354393959,0.21138891577720642,6.45018116046907,3.9528398149983,0.22089438140392303,0.06629040837287903,0.23314332962036133,0.058078303933143616
man_00,semantic,man,a woman,0.06,100,0.3,7.5,121.3,0.25830078125,0.006,0.5,8777.4,27.77997589111328,0.06000000238418579,0.708962619304657,0.1909867227077484,0.8637869954109192,0.5992450714111328,0.21470379829406738,1.482494592666626,0.04083193466067314,0.0,20270822,23.928600311279297,0.6755443811416626,0.6403801441192627,0.0765499472618103,0.7714333534240723,0.5733635425567627,0.267794132232666,1.8414108753204346,0.06361646950244904,0.22181575000286102,6.175737675869653,3.461327008770548,0.23843388259410858,0.07070956379175186,0.24191614985466003,0.048643242567777634
man_01,pg_encoder,man,a woman,0.06,100,0.3,7.5,6.9,,0.006,0.5,8776.5,27.145750045776367,0.06000000238418579,0.8974943161010742,0.44747164845466614,0.9546653628349304,0.49778667092323303,0.12126469612121582,0.8757416605949402,0.0439249649643898,0.0,20270803,17.34687614440918,0.7995240092277527,0.4250098168849945,0.1861729472875595,0.6402021050453186,0.6702307462692261,0.3665159344673157,0.047488871961832047,0.13572384417057037,0.6494547724723816,2.0620638615336557,10.534564129342685,0.19891448318958282,0.013058846816420555,0.2228066325187683,0.06332152336835861
man_01,pg_encoder,man,a woman,0.06,100,0.3,7.5,6.9,,0.006,0.5,8776.5,27.145750045776367,0.06000000238418579,0.8974943161010742,0.44747164845466614,0.9546653628349304,0.49778667092323303,0.12126469612121582,0.8757416605949402,0.0439249649643898,0.0,20270804,17.517759323120117,0.8213123083114624,0.42680472135543823,0.20227284729480743,0.6382421255111694,0.6549568176269531,0.36487019062042236,0.05545226112008095,0.13307973742485046,0.6235097646713257,2.263418397830994,10.277563482924508,0.19151978194713593,-0.002079346217215061,0.2262953221797943,0.0512334406375885
man_01,pg_encoder,man,a woman,0.06,100,0.3,7.5,6.9,,0.006,0.5,8776.5,27.145750045776367,0.06000000238418579,0.8974943161010742,0.44747164845466614,0.9546653628349304,0.49778667092323303,0.12126469612121582,0.8757416605949402,0.0439249649643898,0.0,20270805,17.66951560974121,0.9156664609909058,0.43614888191223145,0.20724119246006012,0.6287722587585449,0.6418644189834595,0.3607882261276245,0.06945610791444778,0.13077479600906372,0.6315231323242188,2.0529872706897505,7.772302779294803,0.18597561120986938,0.0004879254847764969,0.2380632907152176,0.06496569514274597
man_01,pg_encoder,man,a woman,0.06,100,0.3,7.5,6.9,,0.006,0.5,8776.5,27.145750045776367,0.06000000238418579,0.8974943161010742,0.44747164845466614,0.9546653628349304,0.49778667092323303,0.12126469612121582,0.8757416605949402,0.0439249649643898,0.0,20270806,16.920602798461914,0.9009091854095459,0.3898102641105652,0.17976652085781097,0.5979239344596863,0.6647548079490662,0.3943864107131958,0.04663017764687538,0.14255085587501526,0.6628354787826538,2.296975977477048,8.723780889763784,0.18884649872779846,0.011492366902530193,0.2408599853515625,0.05848196521401405
man_01,pg_encoder,man,a woman,0.06,100,0.3,7.5,6.9,,0.006,0.5,8776.5,27.145750045776367,0.06000000238418579,0.8974943161010742,0.44747164845466614,0.9546653628349304,0.49778667092323303,0.12126469612121582,0.8757416605949402,0.0439249649643898,0.0,20270807,17.257902145385742,0.7671555280685425,0.4299333989620209,0.20784230530261993,0.6416558027267456,0.6532446146011353,0.3846501111984253,0.040720533579587936,0.13712124526500702,0.6510887145996094,2.6645307079888236,8.988379587510199,0.18391284346580505,0.016386685892939568,0.25248071551322937,0.060238488018512726
man_01,pg_encoder,man,a woman,0.06,100,0.3,7.5,6.9,,0.006,0.5,8776.5,27.145750045776367,0.06000000238418579,0.8974943161010742,0.44747164845466614,0.9546653628349304,0.49778667092323303,0.12126469612121582,0.8757416605949402,0.0439249649643898,0.0,20270808,17.253690719604492,0.879013180732727,0.39589008688926697,0.18755173683166504,0.6113573312759399,0.6637272238731384,0.3734954595565796,0.045798953622579575,0.13718776404857635,0.6411044001579285,1.8462412514780935,8.633943777065545,0.2039642482995987,0.02658216655254364,0.24574214220046997,0.05289532616734505
man_01,pg_encoder,man,a woman,0.06,100,0.3,7.5,6.9,,0.006,0.5,8776.5,27.145750045776367,0.06000000238418579,0.8974943161010742,0.44747164845466614,0.9546653628349304,0.49778667092323303,0.12126469612121582,0.8757416605949402,0.0439249649643898,0.0,20270809,17.418088912963867,0.9076088666915894,0.4197695255279541,0.18503354489803314,0.633505642414093,0.6676022410392761,0.378198504447937,0.05083664506673813,0.13461562991142273,0.6100120544433594,2.15554611189466,9.619691051082228,0.18991297483444214,0.016795791685581207,0.22821371257305145,0.07020217180252075
man_01,pg_encoder,man,a woman,0.06,100,0.3,7.5,6.9,,0.006,0.5,8776.5,27.145750045776367,0.06000000238418579,0.8974943161010742,0.44747164845466614,0.9546653628349304,0.49778667092323303,0.12126469612121582,0.8757416605949402,0.0439249649643898,0.0,20270810,17.785869598388672,0.85186767578125,0.4269861578941345,0.19443407654762268,0.6190009117126465,0.6470663547515869,0.3630167245864868,0.07845671474933624,0.12903465330600739,0.588659942150116,1.9260390227755562,9.311414351540849,0.2062246948480606,0.01907636970281601,0.23869094252586365,0.0582708865404129
man_01,pg_encoder,man,a woman,0.06,100,0.3,7.5,6.9,,0.006,0.5,8776.5,27.145750045776367,0.06000000238418579,0.8974943161010742,0.44747164845466614,0.9546653628349304,0.49778667092323303,0.12126469612121582,0.8757416605949402,0.0439249649643898,0.0,20270811,17.430803298950195,0.8190317153930664,0.39794260263442993,0.17080852389335632,0.6258488297462463,0.6776285171508789,0.39540600776672363,0.054745275527238846,0.13441871106624603,0.6415939331054688,2.1012185523186093,9.786679256181262,0.19548752903938293,0.0023813406005501747,0.21655651926994324,0.00213009025901556
man_01,pg_encoder,man,a woman,0.06,100,0.3,7.5,6.9,,0.006,0.5,8776.5,27.145750045776367,0.06000000238418579,0.8974943161010742,0.44747164845466614,0.9546653628349304,0.49778667092323303,0.12126469612121582,0.8757416605949402,0.0439249649643898,0.0,20270812,17.05104637145996,0.870093584060669,0.3825565576553345,0.21593992412090302,0.6133840084075928,0.6733822822570801,0.3795921802520752,0.037486761808395386,0.14042600989341736,0.6734733581542969,1.907339953392993,7.221600120160387,0.19816501438617706,0.01411519292742014,0.25338423252105713,0.07741834223270416
man_01,pg_encoder,man,a woman,0.06,100,0.3,7.5,6.9,,0.006,0.5,8776.5,27.145750045776367,0.06000000238418579,0.8974943161010742,0.44747164845466614,0.9546653628349304,0.49778667092323303,0.12126469612121582,0.8757416605949402,0.0439249649643898,0.0,20270813,17.435762405395508,0.8789443969726562,0.41285622119903564,0.1752212941646576,0.6296917796134949,0.6705261468887329,0.3612573742866516,0.06482789665460587,0.1343419998884201,0.6389427185058594,2.529489939906899,10.044229896806886,0.20822474360466003,0.014359194785356522,0.2196980118751526,0.05334460362792015
man_01,pg_encoder,man,a woman,0.06,100,0.3,7.5,6.9,,0.006,0.5,8776.5,27.145750045776367,0.06000000238418579,0.8974943161010742,0.44747164845466614,0.9546653628349304,0.49778667092323303,0.12126469612121582,0.8757416605949402,0.0439249649643898,0.0,20270814,17.189495086669922,0.894840657711029,0.3832172751426697,0.1536855697631836,0.5923513174057007,0.6858385801315308,0.41464734077453613,0.0439770333468914,0.138205423951149,0.6320292353630066,1.827793551838385,10.477684240186807,0.18884864449501038,0.023627452552318573,0.2140175998210907,0.034843478351831436
man_01,pg_encoder,man,a woman,0.06,100,0.3,7.5,6.9,,0.006,0.5,8776.5,27.145750045776367,0.06000000238418579,0.8974943161010742,0.44747164845466614,0.9546653628349304,0.49778667092323303,0.12126469612121582,0.8757416605949402,0.0439249649643898,0.0,20270815,17.505126953125,0.8186297416687012,0.39800405502319336,0.19660183787345886,0.5844361782073975,0.6720467805862427,0.40361034870147705,0.049307696521282196,0.1332734078168869,0.6430613398551941,2.021372325700772,9.583365702638776,0.20509770512580872,-0.0014551649801433086,0.23696768283843994,0.04197399318218231
man_01,pg_encoder,man,a woman,0.06,100,0.3,7.5,6.9,,0.006,0.5,8776.5,27.145750045776367,0.06000000238418579,0.8974943161010742,0.44747164845466614,0.9546653628349304,0.49778667092323303,0.12126469612121582,0.8757416605949402,0.0439249649643898,0.0,20270816,17.275375366210938,0.8125691413879395,0.40217897295951843,0.15895266830921173,0.6205970644950867,0.6738075017929077,0.380653977394104,0.05149136483669281,0.13684570789337158,0.62518310546875,2.449500124292426,11.421323382721086,0.19167515635490417,0.0220940001308918,0.22820161283016205,0.030709486454725266
man_01,pg_encoder,man,a woman,0.06,100,0.3,7.5,6.9,,0.006,0.5,8776.5,27.145750045776367,0.06000000238418579,0.8974943161010742,0.44747164845466614,0.9546653628349304,0.49778667092323303,0.12126469612121582,0.8757416605949402,0.0439249649643898,0.0,20270817,17.914167404174805,0.7488504648208618,0.42553794384002686,0.18744570016860962,0.6378218531608582,0.6864492297172546,0.40035706758499146,0.05398036539554596,0.12714272737503052,0.6246020197868347,1.7838221654543176,9.038702264926256,0.19105283915996552,0.01181834563612938,0.2347608357667923,0.05673973262310028
man_01,pg_encoder,man,a woman,0.06,100,0.3,7.5,6.9,,0.006,0.5,8776.5,27.145750045776367,0.06000000238418579,0.8974943161010742,0.44747164845466614,0.9546653628349304,0.49778667092323303,0.12126469612121582,0.8757416605949402,0.0439249649643898,0.0,20270818,16.990253448486328,0.8323085308074951,0.3837352395057678,0.18732158839702606,0.6054812669754028,0.6652228236198425,0.3969132900238037,0.039041634649038315,0.14141231775283813,0.676025390625,2.0791156611819255,9.98778051659761,0.1977538764476776,0.026406696066260338,0.22284017503261566,0.011343508958816528
man_01,pg_encoder,man,a woman,0.06,100,0.3,7.5,6.9,,0.006,0.5,8776.5,27.145750045776367,0.06000000238418579,0.8974943161010742,0.44747164845466614,0.9546653628349304,0.49778667092323303,0.12126469612121582,0.8757416605949402,0.0439249649643898,0.0,20270819,17.563156127929688,0.7782431244850159,0.4176536202430725,0.19079892337322235,0.6321239471435547,0.6383674144744873,0.3785563111305237,0.04330560937523842,0.13238602876663208,0.6222699880599976,2.1226292058722693,11.71571535194233,0.1864347606897354,-0.0031305886805057526,0.23958447575569153,0.0354175828397274
man_01,pg_encoder,man,a woman,0.06,100,0.3,7.5,6.9,,0.006,0.5,8776.5,27.145750045776367,0.06000000238418579,0.8974943161010742,0.44747164845466614,0.9546653628349304,0.49778667092323303,0.12126469612121582,0.8757416605949402,0.0439249649643898,0.0,20270820,17.569299697875977,0.7701645493507385,0.40940266847610474,0.20071831345558167,0.6134833097457886,0.6670399904251099,0.3702971339225769,0.04224197193980217,0.13229238986968994,0.6303685903549194,2.1486353875656206,8.613341003740045,0.19415780901908875,0.015313897281885147,0.2406061738729477,0.05558189004659653
man_01,pg_encoder,man,a woman,0.06,100,0.3,7.5,6.9,,0.006,0.5,8776.5,27.145750045776367,0.06000000238418579,0.8974943161010742,0.44747164845466614,0.9546653628349304,0.49778667092323303,0.12126469612121582,0.8757416605949402,0.0439249649643898,0.0,20270821,17.89495086669922,0.9326707720756531,0.4559013843536377,0.18629509210586548,0.6493911147117615,0.660853385925293,0.3597133159637451,0.09181440621614456,0.12742429971694946,0.5776685476303101,2.082873167906451,8.721209771316834,0.21226422488689423,-0.00017193332314491272,0.2213214933872223,0.04372707009315491
man_01,pg_encoder,man,a woman,0.06,100,0.3,7.5,6.9,,0.006,0.5,8776.5,27.145750045776367,0.06000000238418579,0.8974943161010742,0.44747164845466614,0.9546653628349304,0.49778667092323303,0.12126469612121582,0.8757416605949402,0.0439249649643898,0.0,20270822,17.01154327392578,0.8542718887329102,0.38580048084259033,0.20270244777202606,0.6003590226173401,0.6714943647384644,0.3870469927787781,0.0357074961066246,0.14106614887714386,0.6761614680290222,2.143966100324579,8.006567773630234,0.1964569389820099,0.017507366836071014,0.2374362349510193,0.055665526539087296
man_01,pg_diffusion,man,a woman,0.06,100,0.3,7.5,207.1,,0.006,0.5,11556.1,27.051864624023438,0.06000000238418579,0.9117990732192993,0.4729619026184082,0.9643170237541199,0.45722639560699463,0.0913398265838623,1.014751672744751,0.04440231993794441,0.0,20270803,17.51350975036621,0.83570396900177,0.48200905323028564,0.0982423648238182,0.7567621469497681,0.573245108127594,0.2849923372268677,0.5876427888870239,0.13314485549926758,0.6213926076889038,2.0620638615336557,5.827044883133088,0.19891448318958282,0.013058846816420555,0.21473412215709686,0.010850418359041214
man_01,pg_diffusion,man,a woman,0.06,100,0.3,7.5,207.1,,0.006,0.5,11556.1,27.051864624023438,0.06000000238418579,0.9117990732192993,0.4729619026184082,0.9643170237541199,0.45722639560699463,0.0913398265838623,1.014751672744751,0.04440231993794441,0.0,20270804,17.728797912597656,0.9230146408081055,0.4825062155723572,0.10441680252552032,0.7596611976623535,0.5764297246932983,0.2740267515182495,0.5739139318466187,0.12988531589508057,0.5985641479492188,2.263418397830994,6.045988123840046,0.19151978194713593,-0.002079346217215061,0.22154971957206726,0.04190703481435776
man_01,pg_diffusion,man,a woman,0.06,100,0.3,7.5,207.1,,0.006,0.5,11556.1,27.051864624023438,0.06000000238418579,0.9117990732192993,0.4729619026184082,0.9643170237541199,0.45722639560699463,0.0913398265838623,1.014751672744751,0.04440231993794441,0.0,20270805,18.236095428466797,0.9262550473213196,0.5230416655540466,0.11429160833358765,0.7721810936927795,0.5424448251724243,0.23771291971206665,0.5559068918228149,0.12251663208007812,0.5727424621582031,2.0529872706897505,5.082994329854599,0.18597561120986938,0.0004879254847764969,0.22634270787239075,0.020877569913864136
man_01,pg_diffusion,man,a woman,0.06,100,0.3,7.5,207.1,,0.006,0.5,11556.1,27.051864624023438,0.06000000238418579,0.9117990732192993,0.4729619026184082,0.9643170237541199,0.45722639560699463,0.0913398265838623,1.014751672744751,0.04440231993794441,0.0,20270806,17.243881225585938,0.9742370843887329,0.4553758502006531,0.09122688323259354,0.7450199723243713,0.5720123052597046,0.2806403636932373,0.6966356635093689,0.13734278082847595,0.6279119253158569,2.296975977477048,4.723565008514982,0.18884649872779846,0.011492366902530193,0.22278213500976562,0.04643367975950241
man_01,pg_diffusion,man,a woman,0.06,100,0.3,7.5,207.1,,0.006,0.5,11556.1,27.051864624023438,0.06000000238418579,0.9117990732192993,0.4729619026184082,0.9643170237541199,0.45722639560699463,0.0913398265838623,1.014751672744751,0.04440231993794441,0.0,20270807,17.515331268310547,0.9111882448196411,0.4908096194267273,0.09933245927095413,0.7595351934432983,0.548923134803772,0.232491135597229,0.640900731086731,0.1331169456243515,0.5863901972770691,2.6645307079888236,4.854462123878531,0.18391284346580505,0.016386685892939568,0.23776185512542725,0.02278071641921997
man_01,pg_diffusion,man,a woman,0.06,100,0.3,7.5,207.1,,0.006,0.5,11556.1,27.051864624023438,0.06000000238418579,0.9117990732192993,0.4729619026184082,0.9643170237541199,0.45722639560699463,0.0913398265838623,1.014751672744751,0.04440231993794441,0.0,20270808,17.822097778320312,0.8476600646972656,0.4977757930755615,0.1051938384771347,0.7650085687637329,0.550604522228241,0.23551613092422485,0.6412428021430969,0.12849760055541992,0.5963961482048035,1.8462412514780935,5.849213363935229,0.2039642482995987,0.02658216655254364,0.20683270692825317,0.024590156972408295
man_01,pg_diffusion,man,a woman,0.06,100,0.3,7.5,207.1,,0.006,0.5,11556.1,27.051864624023438,0.06000000238418579,0.9117990732192993,0.4729619026184082,0.9643170237541199,0.45722639560699463,0.0913398265838623,1.014751672744751,0.04440231993794441,0.0,20270809,17.817699432373047,0.9212417602539062,0.47178179025650024,0.10254369676113129,0.7596827745437622,0.5697033405303955,0.27956050634384155,0.5650872588157654,0.12856268882751465,0.5825767517089844,2.15554611189466,6.439807407547474,0.18991297483444214,0.016795791685581207,0.23662300407886505,0.03238386660814285
man_01,pg_diffusion,man,a woman,0.06,100,0.3,7.5,207.1,,0.006,0.5,11556.1,27.051864624023438,0.06000000238418579,0.9117990732192993,0.4729619026184082,0.9643170237541199,0.45722639560699463,0.0913398265838623,1.014751672744751,0.04440231993794441,0.0,20270810,17.939823150634766,0.9533482789993286,0.5052596926689148,0.10822343826293945,0.7546065449714661,0.5516694784164429,0.25282835960388184,0.5430604219436646,0.12676773965358734,0.5887489318847656,1.9260390227755562,5.286813573079829,0.2062246948480606,0.01907636970281601,0.2160857915878296,0.01399269886314869
man_01,pg_diffusion,man,a woman,0.06,100,0.3,7.5,207.1,,0.006,0.5,11556.1,27.051864624023438,0.06000000238418579,0.9117990732192993,0.4729619026184082,0.9643170237541199,0.45722639560699463,0.0913398265838623,1.014751672744751,0.04440231993794441,0.0,20270811,17.688087463378906,0.9566693902015686,0.47743546962738037,0.0997132733464241,0.7523893117904663,0.5724355578422546,0.23393189907073975,0.6776519417762756,0.13049550354480743,0.5652822256088257,2.1012185523186093,6.301915305648525,0.19548752903938293,0.0023813406005501747,0.22447389364242554,0.01920478232204914
man_01,pg_diffusion,man,a woman,0.06,100,0.3,7.5,207.1,,0.006,0.5,11556.1,27.051864624023438,0.06000000238418579,0.9117990732192993,0.4729619026184082,0.9643170237541199,0.45722639560699463,0.0913398265838623,1.014751672744751,0.04440231993794441,0.0,20270812,17.69477081298828,0.9111597537994385,0.47327226400375366,0.10497892647981644,0.7514896988868713,0.5685036182403564,0.24882060289382935,0.492372065782547,0.13039514422416687,0.6359443664550781,1.907339953392993,5.819103767361941,0.19816501438617706,0.01411519292742014,0.20682993531227112,0.0302102230489254
man_01,pg_diffusion,man,a woman,0.06,100,0.3,7.5,207.1,,0.006,0.5,11556.1,27.051864624023438,0.06000000238418579,0.9117990732192993,0.4729619026184082,0.9643170237541199,0.45722639560699463,0.0913398265838623,1.014751672744751,0.04440231993794441,0.0,20270813,17.423858642578125,0.8400266170501709,0.4567592144012451,0.09643395245075226,0.7436677813529968,0.5711185932159424,0.26521146297454834,0.5245612859725952,0.13452625274658203,0.6180496215820312,2.529489939906899,5.946480660081767,0.20822474360466003,0.014359194785356522,0.21821151673793793,-0.005729936063289642
man_01,pg_diffusion,man,a woman,0.06,100,0.3,7.5,207.1,,0.006,0.5,11556.1,27.051864624023438,0.06000000238418579,0.9117990732192993,0.4729619026184082,0.9643170237541199,0.45722639560699463,0.0913398265838623,1.014751672744751,0.04440231993794441,0.0,20270814,17.85365867614746,0.8745526075363159,0.48142117261886597,0.10025522112846375,0.7639438509941101,0.550296425819397,0.23710477352142334,0.6471566557884216,0.12803153693675995,0.5875625610351562,1.827793551838385,5.036142790793293,0.18884864449501038,0.023627452552318573,0.22043335437774658,0.032363411039114
man_01,pg_diffusion,man,a woman,0.06,100,0.3,7.5,207.1,,0.006,0.5,11556.1,27.051864624023438,0.06000000238418579,0.9117990732192993,0.4729619026184082,0.9643170237541199,0.45722639560699463,0.0913398265838623,1.014751672744751,0.04440231993794441,0.0,20270815,17.58639907836914,0.9049109220504761,0.4605797529220581,0.09027168899774551,0.7450355291366577,0.5566550493240356,0.26882076263427734,0.6040011048316956,0.13203223049640656,0.6040204763412476,2.021372325700772,5.37314754915638,0.20509770512580872,-0.0014551649801433086,0.22339147329330444,0.014919960871338844
man_01,pg_diffusion,man,a woman,0.06,100,0.3,7.5,207.1,,0.006,0.5,11556.1,27.051864624023438,0.06000000238418579,0.9117990732192993,0.4729619026184082,0.9643170237541199,0.45722639560699463,0.0913398265838623,1.014751672744751,0.04440231993794441,0.0,20270816,17.338584899902344,0.9436666965484619,0.4610852003097534,0.09670782834291458,0.740100085735321,0.5936989784240723,0.2923627495765686,0.5997278690338135,0.13585345447063446,0.6101722717285156,2.449500124292426,6.257608858594853,0.19167515635490417,0.0220940001308918,0.21507441997528076,-0.006534038111567497
man_01,pg_diffusion,man,a woman,0.06,100,0.3,7.5,207.1,,0.006,0.5,11556.1,27.051864624023438,0.06000000238418579,0.9117990732192993,0.4729619026184082,0.9643170237541199,0.45722639560699463,0.0913398265838623,1.014751672744751,0.04440231993794441,0.0,20270817,18.165870666503906,0.8441170454025269,0.4736471176147461,0.10701367259025574,0.7657591104507446,0.5693536400794983,0.2760969400405884,0.5007107257843018,0.12351121008396149,0.5984484553337097,1.7838221654543176,3.899002152107142,0.19105283915996552,0.01181834563612938,0.21560993790626526,0.038922540843486786
man_01,pg_diffusion,man,a woman,0.06,100,0.3,7.5,207.1,,0.006,0.5,11556.1,27.051864624023438,0.06000000238418579,0.9117990732192993,0.4729619026184082,0.9643170237541199,0.45722639560699463,0.0913398265838623,1.014751672744751,0.04440231993794441,0.0,20270818,17.876754760742188,0.9313094615936279,0.4979937672615051,0.10263891518115997,0.7628500461578369,0.5488462448120117,0.2682596445083618,0.7147088646888733,0.12769153714179993,0.577606201171875,2.0791156611819255,5.5920935936288085,0.1977538764476776,0.026406696066260338,0.21042832732200623,0.008256148546934128
man_01,pg_diffusion,man,a woman,0.06,100,0.3,7.5,207.1,,0.006,0.5,11556.1,27.051864624023438,0.06000000238418579,0.9117990732192993,0.4729619026184082,0.9643170237541199,0.45722639560699463,0.0913398265838623,1.014751672744751,0.04440231993794441,0.0,20270819,17.892305374145508,0.8407193422317505,0.49434471130371094,0.11111898720264435,0.7612321972846985,0.5321986675262451,0.23801249265670776,0.513243556022644,0.12746314704418182,0.6096090078353882,2.1226292058722693,6.124758010793237,0.1864347606897354,-0.0031305886805057526,0.23321929574012756,-0.0037265364080667496
man_01,pg_diffusion,man,a woman,0.06,100,0.3,7.5,207.1,,0.006,0.5,11556.1,27.051864624023438,0.06000000238418579,0.9117990732192993,0.4729619026184082,0.9643170237541199,0.45722639560699463,0.0913398265838623,1.014751672744751,0.04440231993794441,0.0,20270820,17.592300415039062,0.8776391744613647,0.47215980291366577,0.09822049736976624,0.7445270419120789,0.5637317895889282,0.28348255157470703,0.568049967288971,0.1319425404071808,0.6228561401367188,2.1486353875656206,5.406354720634881,0.19415780901908875,0.015313897281885147,0.22257304191589355,0.00885098334401846
man_01,pg_diffusion,man,a woman,0.06,100,0.3,7.5,207.1,,0.006,0.5,11556.1,27.051864624023438,0.06000000238418579,0.9117990732192993,0.4729619026184082,0.9643170237541199,0.45722639560699463,0.0913398265838623,1.014751672744751,0.04440231993794441,0.0,20270821,18.14180564880371,0.9021494388580322,0.5390516519546509,0.13027235865592957,0.7795167565345764,0.5340847373008728,0.21266138553619385,0.5880298614501953,0.12385386973619461,0.5668436884880066,2.082873167906451,6.054053348487421,0.21226422488689423,-0.00017193332314491272,0.2199159413576126,0.018854394555091858
man_01,pg_diffusion,man,a woman,0.06,100,0.3,7.5,207.1,,0.006,0.5,11556.1,27.051864624023438,0.06000000238418579,0.9117990732192993,0.4729619026184082,0.9643170237541199,0.45722639560699463,0.0913398265838623,1.014751672744751,0.04440231993794441,0.0,20270822,17.264272689819336,0.934527575969696,0.4543153941631317,0.09554604440927505,0.7448347806930542,0.5736517310142517,0.2730811834335327,0.5038467049598694,0.13702073693275452,0.6666437983512878,2.143966100324579,3.961793216663952,0.1964569389820099,0.017507366836071014,0.2137095332145691,0.04779048264026642
man_01,semantic,man,a woman,0.06,100,0.3,7.5,123.0,0.119140625,0.006,0.5,8777.4,27.18614387512207,0.06000000238418579,0.8970503807067871,0.44063952565193176,0.9566081166267395,0.4732275605201721,0.14431893825531006,0.9861056208610535,0.04372115433216095,0.0,20270803,17.592784881591797,1.0,0.5004866123199463,0.08987405151128769,0.7778217792510986,0.5416578054428101,0.26347434520721436,1.0909717082977295,0.1319352239370346,0.47726568579673767,2.0620638615336557,3.5619256295989654,0.19891448318958282,0.013058846816420555,0.22653302550315857,0.02726987563073635
man_01,semantic,man,a woman,0.06,100,0.3,7.5,123.0,0.119140625,0.006,0.5,8777.4,27.18614387512207,0.06000000238418579,0.8970503807067871,0.44063952565193176,0.9566081166267395,0.4732275605201721,0.14431893825531006,0.9861056208610535,0.04372115433216095,0.0,20270804,18.032339096069336,1.0,0.5404981970787048,0.10318252444267273,0.7939587831497192,0.5308593511581421,0.27085214853286743,0.9660694599151611,0.12542466819286346,0.45004019141197205,2.263418397830994,3.8911932100870996,0.19151978194713593,-0.002079346217215061,0.2286132425069809,0.027546776458621025
man_01,semantic,man,a woman,0.06,100,0.3,7.5,123.0,0.119140625,0.006,0.5,8777.4,27.18614387512207,0.06000000238418579,0.8970503807067871,0.44063952565193176,0.9566081166267395,0.4732275605201721,0.14431893825531006,0.9861056208610535,0.04372115433216095,0.0,20270805,18.78544044494629,0.9484223127365112,0.5630912184715271,0.11597795784473419,0.7970261573791504,0.5256137251853943,0.24954122304916382,0.9705519080162048,0.11500796675682068,0.43317288160324097,2.0529872706897505,3.492423823341265,0.18597561120986938,0.0004879254847764969,0.23054282367229462,0.01368367113173008
man_01,semantic,man,a woman,0.06,100,0.3,7.5,123.0,0.119140625,0.006,0.5,8777.4,27.18614387512207,0.06000000238418579,0.8970503807067871,0.44063952565193176,0.9566081166267395,0.4732275605201721,0.14431893825531006,0.9861056208610535,0.04372115433216095,0.0,20270806,17.726848602294922,0.9949754476547241,0.5131034255027771,0.0974251925945282,0.7770954966545105,0.5410695672035217,0.2927687168121338,0.9601531624794006,0.12991444766521454,0.47458523511886597,2.296975977477048,3.968513888697031,0.18884649872779846,0.011492366902530193,0.21748313307762146,0.012814942747354507
man_01,semantic,man,a woman,0.06,100,0.3,7.5,123.0,0.119140625,0.006,0.5,8777.4,27.18614387512207,0.06000000238418579,0.8970503807067871,0.44063952565193176,0.9566081166267395,0.4732275605201721,0.14431893825531006,0.9861056208610535,0.04372115433216095,0.0,20270807,17.825538635253906,1.0,0.526360034942627,0.09651566296815872,0.7883226871490479,0.5317542552947998,0.24912285804748535,1.151615858078003,0.12844671308994293,0.4645640254020691,2.6645307079888236,3.7716426111361043,0.18391284346580505,0.016386685892939568,0.21745909750461578,0.02331746742129326
man_01,semantic,man,a woman,0.06,100,0.3,7.5,123.0,0.119140625,0.006,0.5,8777.4,27.18614387512207,0.06000000238418579,0.8970503807067871,0.44063952565193176,0.9566081166267395,0.4732275605201721,0.14431893825531006,0.9861056208610535,0.04372115433216095,0.0,20270808,18.17598533630371,0.958814263343811,0.517188310623169,0.09876223653554916,0.7834864854812622,0.5281751751899719,0.26397955417633057,0.8743435144424438,0.12336743623018265,0.4713401794433594,1.8462412514780935,3.117325981812461,0.2039642482995987,0.02658216655254364,0.2247530221939087,0.02678241953253746
man_01,semantic,man,a woman,0.06,100,0.3,7.5,123.0,0.119140625,0.006,0.5,8777.4,27.18614387512207,0.06000000238418579,0.8970503807067871,0.44063952565193176,0.9566081166267395,0.4732275605201721,0.14431893825531006,0.9861056208610535,0.04372115433216095,0.0,20270809,18.28413200378418,0.9640707969665527,0.5272012948989868,0.1032448336482048,0.7883685827255249,0.5270905494689941,0.28470420837402344,0.9391238689422607,0.1218409612774849,0.46722412109375,2.15554611189466,4.115104531744685,0.18991297483444214,0.016795791685581207,0.23170986771583557,0.02800123021006584
man_01,semantic,man,a woman,0.06,100,0.3,7.5,123.0,0.119140625,0.006,0.5,8777.4,27.18614387512207,0.06000000238418579,0.8970503807067871,0.44063952565193176,0.9566081166267395,0.4732275605201721,0.14431893825531006,0.9861056208610535,0.04372115433216095,0.0,20270810,18.383649826049805,0.9731510281562805,0.5331671237945557,0.105274997651577,0.7897568345069885,0.531069278717041,0.27967125177383423,0.995747983455658,0.12045293301343918,0.45130032300949097,1.9260390227755562,3.4903541534283478,0.2062246948480606,0.01907636970281601,0.21627867221832275,0.008890949189662933
man_01,semantic,man,a woman,0.06,100,0.3,7.5,123.0,0.119140625,0.006,0.5,8777.4,27.18614387512207,0.06000000238418579,0.8970503807067871,0.44063952565193176,0.9566081166267395,0.4732275605201721,0.14431893825531006,0.9861056208610535,0.04372115433216095,0.0,20270811,17.951993942260742,0.9785593748092651,0.5221370458602905,0.09978274255990982,0.7831495404243469,0.5285433530807495,0.24604642391204834,1.0644859075546265,0.12659022212028503,0.46379217505455017,2.1012185523186093,3.625104995517785,0.19548752903938293,0.0023813406005501747,0.22430267930030823,0.005456831306219101
man_01,semantic,man,a woman,0.06,100,0.3,7.5,123.0,0.119140625,0.006,0.5,8777.4,27.18614387512207,0.06000000238418579,0.8970503807067871,0.44063952565193176,0.9566081166267395,0.4732275605201721,0.14431893825531006,0.9861056208610535,0.04372115433216095,0.0,20270812,17.943023681640625,0.9804912805557251,0.49892133474349976,0.0917283147573471,0.7748216986656189,0.5467502474784851,0.2653224468231201,1.08035147190094,0.12672100961208344,0.48126983642578125,1.907339953392993,2.8816712783904253,0.19816501438617706,0.01411519292742014,0.22907108068466187,0.028551261872053146
man_01,semantic,man,a woman,0.06,100,0.3,7.5,123.0,0.119140625,0.006,0.5,8777.4,27.18614387512207,0.06000000238418579,0.8970503807067871,0.44063952565193176,0.9566081166267395,0.4732275605201721,0.14431893825531006,0.9861056208610535,0.04372115433216095,0.0,20270813,17.790000915527344,1.0,0.4915548264980316,0.09458852559328079,0.7717587351799011,0.5508173108100891,0.2787056565284729,1.0206694602966309,0.12897329032421112,0.47888821363449097,2.529489939906899,3.999380903051005,0.20822474360466003,0.014359194785356522,0.23549455404281616,0.028697334229946136
man_01,semantic,man,a woman,0.06,100,0.3,7.5,123.0,0.119140625,0.006,0.5,8777.4,27.18614387512207,0.06000000238418579,0.8970503807067871,0.44063952565193176,0.9566081166267395,0.4732275605201721,0.14431893825531006,0.9861056208610535,0.04372115433216095,0.0,20270814,17.980039596557617,0.9546947479248047,0.5062658786773682,0.09817011654376984,0.7804211378097534,0.5398447513580322,0.2808492183685303,1.0096232891082764,0.12618213891983032,0.48977917432785034,1.827793551838385,3.6420972966891743,0.18884864449501038,0.023627452552318573,0.20729997754096985,0.034623950719833374
man_01,semantic,man,a woman,0.06,100,0.3,7.5,123.0,0.119140625,0.006,0.5,8777.4,27.18614387512207,0.06000000238418579,0.8970503807067871,0.44063952565193176,0.9566081166267395,0.4732275605201721,0.14431893825531006,0.9861056208610535,0.04372115433216095,0.0,20270815,18.16645050048828,0.9325409531593323,0.4963478446006775,0.09330005198717117,0.7747780084609985,0.539803147315979,0.26679813861846924,0.9862358570098877,0.1235029324889183,0.4776268005371094,2.021372325700772,3.2770880209124846,0.20509770512580872,-0.0014551649801433086,0.23084211349487305,0.029329247772693634
man_01,semantic,man,a woman,0.06,100,0.3,7.5,123.0,0.119140625,0.006,0.5,8777.4,27.18614387512207,0.06000000238418579,0.8970503807067871,0.44063952565193176,0.9566081166267395,0.4732275605201721,0.14431893825531006,0.9861056208610535,0.04372115433216095,0.0,20270816,17.840656280517578,0.9869948625564575,0.5006787180900574,0.09557066857814789,0.7759312987327576,0.5426177978515625,0.28261685371398926,0.8172046542167664,0.12822331488132477,0.46957653760910034,2.449500124292426,4.053307345457451,0.19167515635490417,0.0220940001308918,0.224892258644104,0.0039025843143463135
man_01,semantic,man,a woman,0.06,100,0.3,7.5,123.0,0.119140625,0.006,0.5,8777.4,27.18614387512207,0.06000000238418579,0.8970503807067871,0.44063952565193176,0.9566081166267395,0.4732275605201721,0.14431893825531006,0.9861056208610535,0.04372115433216095,0.0,20270817,18.57037353515625,0.9193649291992188,0.5203955173492432,0.10125625133514404,0.7878973484039307,0.5234673619270325,0.2766073942184448,0.9791973829269409,0.11789114773273468,0.46467718482017517,1.7838221654543176,3.063545890533756,0.19105283915996552,0.01181834563612938,0.2317892462015152,-0.010182222351431847
man_01,semantic,man,a woman,0.06,100,0.3,7.5,123.0,0.119140625,0.006,0.5,8777.4,27.18614387512207,0.06000000238418579,0.8970503807067871,0.44063952565193176,0.9566081166267395,0.4732275605201721,0.14431893825531006,0.9861056208610535,0.04372115433216095,0.0,20270818,17.78266143798828,0.9823007583618164,0.5029960870742798,0.0913928896188736,0.7797366976737976,0.5459074974060059,0.2859382629394531,1.0282504558563232,0.1290823221206665,0.4712270200252533,2.0791156611819255,4.3784601811476715,0.1977538764476776,0.026406696066260338,0.22711792588233948,0.029188215732574463
man_01,semantic,man,a woman,0.06,100,0.3,7.5,123.0,0.119140625,0.006,0.5,8777.4,27.18614387512207,0.06000000238418579,0.8970503807067871,0.44063952565193176,0.9566081166267395,0.4732275605201721,0.14431893825531006,0.9861056208610535,0.04372115433216095,0.0,20270819,18.31264877319336,0.9679522514343262,0.5480009317398071,0.10825202614068985,0.7907374501228333,0.5144786834716797,0.23843151330947876,1.036692500114441,0.12144158780574799,0.4507713317871094,2.1226292058722693,3.73946054839209,0.1864347606897354,-0.0031305886805057526,0.2084798514842987,0.013045556843280792
man_01,semantic,man,a woman,0.06,100,0.3,7.5,123.0,0.119140625,0.006,0.5,8777.4,27.18614387512207,0.06000000238418579,0.8970503807067871,0.44063952565193176,0.9566081166267395,0.4732275605201721,0.14431893825531006,0.9861056208610535,0.04372115433216095,0.0,20270820,17.974149703979492,0.9664425849914551,0.5113458037376404,0.0944080725312233,0.7792587280273438,0.5505882501602173,0.26825833320617676,0.9809090495109558,0.1262677162885666,0.47477468848228455,2.1486353875656206,3.5648098113695585,0.19415780901908875,0.015313897281885147,0.21027010679244995,0.015209842473268509
man_01,semantic,man,a woman,0.06,100,0.3,7.5,123.0,0.119140625,0.006,0.5,8777.4,27.18614387512207,0.06000000238418579,0.8970503807067871,0.44063952565193176,0.9566081166267395,0.4732275605201721,0.14431893825531006,0.9861056208610535,0.04372115433216095,0.0,20270821,17.968233108520508,1.0,0.5431007146835327,0.10372547805309296,0.7910147309303284,0.5298754572868347,0.24069547653198242,1.0864245891571045,0.12635375559329987,0.4506365656852722,2.082873167906451,3.595427931432215,0.21226422488689423,-0.00017193332314491272,0.22647804021835327,0.040755245834589005
man_01,semantic,man,a woman,0.06,100,0.3,7.5,123.0,0.119140625,0.006,0.5,8777.4,27.18614387512207,0.06000000238418579,0.8970503807067871,0.44063952565193176,0.9566081166267395,0.4732275605201721,0.14431893825531006,0.9861056208610535,0.04372115433216095,0.0,20270822,17.888370513916016,0.9941575527191162,0.5202237367630005,0.09623465687036514,0.7875398993492126,0.5170804858207703,0.2442786693572998,1.2420340776443481,0.12752091884613037,0.4738121032714844,2.143966100324579,3.2366308903672683,0.1964569389820099,0.017507366836071014,0.2085334062576294,0.01380128413438797
man_02,pg_encoder,man,a woman,0.06,100,0.3,7.5,6.7,,0.006,0.5,8777.5,26.688976287841797,0.06000000238418579,0.8693270683288574,0.4188413918018341,0.9457207322120667,0.43815773725509644,0.08800256252288818,0.90477454662323,0.04629671201109886,0.0,20270803,15.867161750793457,0.97801673412323,0.4943927526473999,0.1561894416809082,0.7139471769332886,0.5364906787872314,0.26451635360717773,0.07098313421010971,0.160931795835495,0.7200139760971069,3.832634671001619,6.484180301766849,0.17127598822116852,-0.049837224185466766,0.24011418223381042,0.04496535658836365
man_02,pg_encoder,man,a woman,0.06,100,0.3,7.5,6.7,,0.006,0.5,8777.5,26.688976287841797,0.06000000238418579,0.8693270683288574,0.4188413918018341,0.9457207322120667,0.43815773725509644,0.08800256252288818,0.90477454662323,0.04629671201109886,0.0,20270804,15.616134643554688,0.9411779642105103,0.46424663066864014,0.17841209471225739,0.6754276752471924,0.5435961484909058,0.2981146574020386,0.02871023491024971,0.16565069556236267,0.7448362112045288,4.556914731403463,6.7804067665761165,0.15666230022907257,-0.05750467628240585,0.20148184895515442,0.022029932588338852
man_02,pg_encoder,man,a woman,0.06,100,0.3,7.5,6.7,,0.006,0.5,8777.5,26.688976287841797,0.06000000238418579,0.8693270683288574,0.4188413918018341,0.9457207322120667,0.43815773725509644,0.08800256252288818,0.90477454662323,0.04629671201109886,0.0,20270805,15.895809173583984,0.9811688661575317,0.49314114451408386,0.15997397899627686,0.7066895961761475,0.5364646911621094,0.2860816717147827,0.05726100131869316,0.16040189564228058,0.6967239379882812,4.839259279972824,7.345577836601419,0.15882742404937744,-0.05580390617251396,0.19904986023902893,-0.004835930652916431
man_02,pg_encoder,man,a woman,0.06,100,0.3,7.5,6.7,,0.006,0.5,8777.5,26.688976287841797,0.06000000238418579,0.8693270683288574,0.4188413918018341,0.9457207322120667,0.43815773725509644,0.08800256252288818,0.90477454662323,0.04629671201109886,0.0,20270806,16.095428466796875,0.9518406391143799,0.498239129781723,0.15322719514369965,0.7289005517959595,0.5360366106033325,0.27990520000457764,0.06042277067899704,0.15675757825374603,0.6484171748161316,4.571776235671378,7.392290685809016,0.1777147650718689,-0.05578914284706116,0.2464376538991928,0.05242528021335602
man_02,pg_encoder,man,a woman,0.06,100,0.3,7.5,6.7,,0.006,0.5,8777.5,26.688976287841797,0.06000000238418579,0.8693270683288574,0.4188413918018341,0.9457207322120667,0.43815773725509644,0.08800256252288818,0.90477454662323,0.04629671201109886,0.0,20270807,16.446483612060547,0.9690262079238892,0.5162423253059387,0.14350683987140656,0.7158306241035461,0.5786093473434448,0.27698707580566406,0.039397772401571274,0.15054824948310852,0.61602783203125,4.544705748661385,7.30049149762635,0.1582408845424652,-0.060661233961582184,0.24047863483428955,0.08352771401405334
man_02,pg_encoder,man,a woman,0.06,100,0.3,7.5,6.7,,0.006,0.5,8777.5,26.688976287841797,0.06000000238418579,0.8693270683288574,0.4188413918018341,0.9457207322120667,0.43815773725509644,0.08800256252288818,0.90477454662323,0.04629671201109886,0.0,20270808,16.4029483795166,1.0,0.5079008340835571,0.1600133627653122,0.7237405776977539,0.5470511317253113,0.2869085669517517,0.06114145740866661,0.1513047069311142,0.6240171194076538,4.492202202228601,7.489864126244304,0.14561033248901367,-0.0609421581029892,0.2243070751428604,0.05546168237924576
man_02,pg_encoder,man,a woman,0.06,100,0.3,7.5,6.7,,0.006,0.5,8777.5,26.688976287841797,0.06000000238418579,0.8693270683288574,0.4188413918018341,0.9457207322120667,0.43815773725509644,0.08800256252288818,0.90477454662323,0.04629671201109886,0.0,20270809,15.737471580505371,0.99673992395401,0.5177940130233765,0.1680346429347992,0.7291654348373413,0.48685750365257263,0.22565513849258423,0.061889585107564926,0.16335269808769226,0.6615626215934753,4.5483746614387295,7.392516967278611,0.17006850242614746,-0.036383070051670074,0.2469618171453476,0.06408018618822098
man_02,pg_encoder,man,a woman,0.06,100,0.3,7.5,6.7,,0.006,0.5,8777.5,26.688976287841797,0.06000000238418579,0.8693270683288574,0.4188413918018341,0.9457207322120667,0.43815773725509644,0.08800256252288818,0.90477454662323,0.04629671201109886,0.0,20270810,15.48546314239502,0.859114944934845,0.4852168560028076,0.16456441581249237,0.6996716260910034,0.5275388360023499,0.263067364692688,0.0412314273416996,0.16816158592700958,0.7301419973373413,4.144734206064423,6.186173678299223,0.16068190336227417,-0.061927154660224915,0.23682783544063568,0.06754816323518753
man_02,pg_encoder,man,a woman,0.06,100,0.3,7.5,6.7,,0.006,0.5,8777.5,26.688976287841797,0.06000000238418579,0.8693270683288574,0.4188413918018341,0.9457207322120667,0.43815773725509644,0.08800256252288818,0.90477454662323,0.04629671201109886,0.0,20270811,15.824090957641602,0.8446495532989502,0.48702287673950195,0.15957657992839813,0.6941941380500793,0.5539255738258362,0.2688332796096802,0.04213564842939377,0.1617317795753479,0.7181549072265625,4.059736164308789,6.899814311770981,0.14784443378448486,-0.05835568159818649,0.23750105500221252,0.058755192905664444
man_02,pg_encoder,man,a woman,0.06,100,0.3,7.5,6.7,,0.006,0.5,8777.5,26.688976287841797,0.06000000238418579,0.8693270683288574,0.4188413918018341,0.9457207322120667,0.43815773725509644,0.08800256252288818,0.90477454662323,0.04629671201109886,0.0,20270812,15.718632698059082,0.8799061179161072,0.5040794610977173,0.1833759993314743,0.6978517770767212,0.5409511923789978,0.27496999502182007,0.027018370106816292,0.16370739042758942,0.7113456726074219,3.9524541018608113,7.301948365641815,0.16180573403835297,-0.0657067596912384,0.19687706232070923,-0.027203109115362167
man_02,pg_encoder,man,a woman,0.06,100,0.3,7.5,6.7,,0.006,0.5,8777.5,26.688976287841797,0.06000000238418579,0.8693270683288574,0.4188413918018341,0.9457207322120667,0.43815773725509644,0.08800256252288818,0.90477454662323,0.04629671201109886,0.0,20270813,15.715232849121094,1.0,0.48669594526290894,0.1371954381465912,0.7190909385681152,0.5587518215179443,0.24065887928009033,0.06756013631820679,0.16377149522304535,0.631994903087616,4.655075195799994,8.224803046997582,0.1547369360923767,-0.04498113691806793,0.23601984977722168,0.0711711049079895
man_02,pg_encoder,man,a woman,0.06,100,0.3,7.5,6.7,,0.006,0.5,8777.5,26.688976287841797,0.06000000238418579,0.8693270683288574,0.4188413918018341,0.9457207322120667,0.43815773725509644,0.08800256252288818,0.90477454662323,0.04629671201109886,0.0,20270814,15.825681686401367,1.0,0.5293738842010498,0.1477464884519577,0.7464837431907654,0.5471060276031494,0.23961830139160156,0.12259265780448914,0.16170215606689453,0.5610097646713257,4.479738423760763,7.83828133675682,0.15697404742240906,-0.07044897973537445,0.19706591963768005,-0.02874707244336605
man_02,pg_encoder,man,a woman,0.06,100,0.3,7.5,6.7,,0.006,0.5,8777.5,26.688976287841797,0.06000000238418579,0.8693270683288574,0.4188413918018341,0.9457207322120667,0.43815773725509644,0.08800256252288818,0.90477454662323,0.04629671201109886,0.0,20270815,15.935747146606445,1.0,0.4956481158733368,0.1459987759590149,0.7139214277267456,0.5248810052871704,0.2533308267593384,0.0871880054473877,0.1596660614013672,0.6193682551383972,4.8760727144968605,8.159933075178115,0.15938729047775269,-0.0582159087061882,0.20805922150611877,-0.023793019354343414
man_02,pg_encoder,man,a woman,0.06,100,0.3,7.5,6.7,,0.006,0.5,8777.5,26.688976287841797,0.06000000238418579,0.8693270683288574,0.4188413918018341,0.9457207322120667,0.43815773725509644,0.08800256252288818,0.90477454662323,0.04629671201109886,0.0,20270816,16.110095977783203,0.8824548125267029,0.5043388605117798,0.15798749029636383,0.7141324281692505,0.5537142157554626,0.2650578022003174,0.044353924691677094,0.15649306774139404,0.6596196889877319,4.367875472562272,7.267327660420319,0.16981878876686096,-0.052231356501579285,0.22623199224472046,0.05764314532279968
man_02,pg_encoder,man,a woman,0.06,100,0.3,7.5,6.7,,0.006,0.5,8777.5,26.688976287841797,0.06000000238418579,0.8693270683288574,0.4188413918018341,0.9457207322120667,0.43815773725509644,0.08800256252288818,0.90477454662323,0.04629671201109886,0.0,20270817,16.177703857421875,0.9649674296379089,0.515952467918396,0.153884619474411,0.7219025492668152,0.5477858185768127,0.24975109100341797,0.06858877092599869,0.1552797257900238,0.5487582087516785,4.1253339650663685,8.14940662669723,0.1715184897184372,-0.05183611810207367,0.20845329761505127,-0.016899675130844116
man_02,pg_encoder,man,a woman,0.06,100,0.3,7.5,6.7,,0.006,0.5,8777.5,26.688976287841797,0.06000000238418579,0.8693270683288574,0.4188413918018341,0.9457207322120667,0.43815773725509644,0.08800256252288818,0.90477454662323,0.04629671201109886,0.0,20270818,15.691900253295898,0.8196896314620972,0.4898654818534851,0.17029143869876862,0.6899465918540955,0.5191441774368286,0.28286653757095337,0.02811160497367382,0.16421201825141907,0.7555770874023438,4.216217577991078,7.311436984242383,0.1551591008901596,-0.05741237476468086,0.24547293782234192,0.07740791887044907
man_02,pg_encoder,man,a woman,0.06,100,0.3,7.5,6.7,,0.006,0.5,8777.5,26.688976287841797,0.06000000238418579,0.8693270683288574,0.4188413918018341,0.9457207322120667,0.43815773725509644,0.08800256252288818,0.90477454662323,0.04629671201109886,0.0,20270819,16.094579696655273,0.9603052139282227,0.522425651550293,0.15472885966300964,0.7340189218521118,0.514665961265564,0.23956942558288574,0.06050560623407364,0.15677288174629211,0.5864791870117188,4.665343271086341,7.496697387680447,0.17163746058940887,-0.048213303089141846,0.23618188500404358,0.0648556649684906
man_02,pg_encoder,man,a woman,0.06,100,0.3,7.5,6.7,,0.006,0.5,8777.5,26.688976287841797,0.06000000238418579,0.8693270683288574,0.4188413918018341,0.9457207322120667,0.43815773725509644,0.08800256252288818,0.90477454662323,0.04629671201109886,0.0,20270820,16.00084114074707,0.9667701125144958,0.5199620723724365,0.15267792344093323,0.7318127155303955,0.5168746113777161,0.2320491075515747,0.10141412168741226,0.158473938703537,0.5998191833496094,3.764341050317293,6.968398525564987,0.16341744363307953,-0.05529247224330902,0.22892338037490845,0.06027775630354881
man_02,pg_encoder,man,a woman,0.06,100,0.3,7.5,6.7,,0.006,0.5,8777.5,26.688976287841797,0.06000000238418579,0.8693270683288574,0.4188413918018341,0.9457207322120667,0.43815773725509644,0.08800256252288818,0.90477454662323,0.04629671201109886,0.0,20270821,15.995301246643066,0.8475487232208252,0.4792073369026184,0.15904882550239563,0.6900827288627625,0.5250566005706787,0.2511429786682129,0.035932477563619614,0.15857507288455963,0.6875852346420288,4.387994818652241,6.105358149832837,0.1720932126045227,-0.06808588653802872,0.23553229868412018,0.05808662623167038
man_02,pg_encoder,man,a woman,0.06,100,0.3,7.5,6.7,,0.006,0.5,8777.5,26.688976287841797,0.06000000238418579,0.8693270683288574,0.4188413918018341,0.9457207322120667,0.43815773725509644,0.08800256252288818,0.90477454662323,0.04629671201109886,0.0,20270822,15.785614013671875,0.8389909267425537,0.49776121973991394,0.1507166177034378,0.7132828831672668,0.5120499730110168,0.2623542547225952,0.045763567090034485,0.16244983673095703,0.6463851928710938,3.9153947245480802,6.499166410463119,0.16845321655273438,-0.05742906033992767,0.2385609894990921,0.06484250724315643
man_02,pg_diffusion,man,a woman,0.06,100,0.3,7.5,207.2,,0.006,0.5,11557.1,27.47970962524414,0.06000000238418579,0.8823663592338562,0.4513724148273468,0.9567402601242065,0.4105619788169861,0.07805418968200684,0.977395236492157,0.04226815328001976,0.0,20270803,15.765409469604492,1.0,0.4913714826107025,0.08314619958400726,0.786928653717041,0.5356186628341675,0.2228793501853943,0.7410929203033447,0.16282814741134644,0.5259603261947632,3.832634671001619,3.429684239136069,0.17127598822116852,-0.049837224185466766,0.24466675519943237,0.03597518801689148
man_02,pg_diffusion,man,a woman,0.06,100,0.3,7.5,207.2,,0.006,0.5,11557.1,27.47970962524414,0.06000000238418579,0.8823663592338562,0.4513724148273468,0.9567402601242065,0.4105619788169861,0.07805418968200684,0.977395236492157,0.04226815328001976,0.0,20270804,15.94088363647461,1.0,0.5018200278282166,0.08594173192977905,0.7790973782539368,0.5313339233398438,0.2095593810081482,0.7234367728233337,0.15957166254520416,0.5273259878158569,4.556914731403463,3.717670735675569,0.15666230022907257,-0.05750467628240585,0.23633216321468353,0.038332920521497726
man_02,pg_diffusion,man,a woman,0.06,100,0.3,7.5,207.2,,0.006,0.5,11557.1,27.47970962524414,0.06000000238418579,0.8823663592338562,0.4513724148273468,0.9567402601242065,0.4105619788169861,0.07805418968200684,0.977395236492157,0.04226815328001976,0.0,20270805,16.238758087158203,0.8935096859931946,0.5156861543655396,0.09196946769952774,0.7872692942619324,0.5040175318717957,0.185200035572052,0.5106320977210999,0.15419207513332367,0.5779647827148438,4.839259279972824,3.626413158256314,0.15882742404937744,-0.05580390617251396,0.24452729523181915,0.04542860388755798
man_02,pg_diffusion,man,a woman,0.06,100,0.3,7.5,207.2,,0.006,0.5,11557.1,27.47970962524414,0.06000000238418579,0.8823663592338562,0.4513724148273468,0.9567402601242065,0.4105619788169861,0.07805418968200684,0.977395236492157,0.04226815328001976,0.0,20270806,15.266918182373047,1.0,0.4611094892024994,0.07376732677221298,0.7781521081924438,0.5386056900024414,0.21454358100891113,0.9109508991241455,0.1724463701248169,0.5046310424804688,4.571776235671378,4.136083595681833,0.1777147650718689,-0.05578914284706116,0.22603517770767212,0.022107426077127457
man_02,pg_diffusion,man,a woman,0.06,100,0.3,7.5,207.2,,0.006,0.5,11557.1,27.47970962524414,0.06000000238418579,0.8823663592338562,0.4513724148273468,0.9567402601242065,0.4105619788169861,0.07805418968200684,0.977395236492157,0.04226815328001976,0.0,20270807,16.31179428100586,1.0,0.5361467599868774,0.08779674768447876,0.7998819351196289,0.5086501836776733,0.21799081563949585,0.8020551204681396,0.15290097892284393,0.5012652277946472,4.544705748661385,3.7735149318186796,0.1582408845424652,-0.060661233961582184,0.22572091221809387,0.032193489372730255
man_02,pg_diffusion,man,a woman,0.06,100,0.3,7.5,207.2,,0.006,0.5,11557.1,27.47970962524414,0.06000000238418579,0.8823663592338562,0.4513724148273468,0.9567402601242065,0.4105619788169861,0.07805418968200684,0.977395236492157,0.04226815328001976,0.0,20270808,15.588939666748047,1.0,0.5204435586929321,0.08444525301456451,0.785773754119873,0.5038830041885376,0.1929478645324707,0.8678916692733765,0.166170135140419,0.5112101435661316,4.492202202228601,3.5619322579477224,0.14561033248901367,-0.0609421581029892,0.1968243569135666,-0.023862116038799286
man_02,pg_diffusion,man,a woman,0.06,100,0.3,7.5,207.2,,0.006,0.5,11557.1,27.47970962524414,0.06000000238418579,0.8823663592338562,0.4513724148273468,0.9567402601242065,0.4105619788169861,0.07805418968200684,0.977395236492157,0.04226815328001976,0.0,20270809,15.439291954040527,1.0,0.5091115236282349,0.0849149227142334,0.7898327708244324,0.5269131660461426,0.22381913661956787,0.762745201587677,0.16905786097049713,0.52459716796875,4.5483746614387295,4.2555089431006,0.17006850242614746,-0.036383070051670074,0.25531551241874695,0.05639396607875824
man_02,pg_diffusion,man,a woman,0.06,100,0.3,7.5,207.2,,0.006,0.5,11557.1,27.47970962524414,0.06000000238418579,0.8823663592338562,0.4513724148273468,0.9567402601242065,0.4105619788169861,0.07805418968200684,0.977395236492157,0.04226815328001976,0.0,20270810,15.52924919128418,0.9926992058753967,0.49629878997802734,0.08661999553442001,0.7851930856704712,0.5095301270484924,0.18818509578704834,0.6325604319572449,0.1673160195350647,0.5217704772949219,4.144734206064423,4.161020442323761,0.16068190336227417,-0.061927154660224915,0.23313698172569275,0.022366683930158615
man_02,pg_diffusion,man,a woman,0.06,100,0.3,7.5,207.2,,0.006,0.5,11557.1,27.47970962524414,0.06000000238418579,0.8823663592338562,0.4513724148273468,0.9567402601242065,0.4105619788169861,0.07805418968200684,0.977395236492157,0.04226815328001976,0.0,20270811,15.26315689086914,1.0,0.4497416913509369,0.075407974421978,0.7622500061988831,0.5576797723770142,0.22974777221679688,0.9951172471046448,0.17252103984355927,0.5234019160270691,4.059736164308789,3.866565190013367,0.14784443378448486,-0.05835568159818649,0.20233917236328125,-0.045702870935201645
man_02,pg_diffusion,man,a woman,0.06,100,0.3,7.5,207.2,,0.006,0.5,11557.1,27.47970962524414,0.06000000238418579,0.8823663592338562,0.4513724148273468,0.9567402601242065,0.4105619788169861,0.07805418968200684,0.977395236492157,0.04226815328001976,0.0,20270812,15.227288246154785,1.0,0.4741155505180359,0.07333369553089142,0.7670412659645081,0.552602231502533,0.23715734481811523,0.7968103885650635,0.1732349693775177,0.519720733165741,3.9524541018608113,4.044037333266007,0.16180573403835297,-0.0657067596912384,0.22703546285629272,0.04271356761455536
man_02,pg_diffusion,man,a woman,0.06,100,0.3,7.5,207.2,,0.006,0.5,11557.1,27.47970962524414,0.06000000238418579,0.8823663592338562,0.4513724148273468,0.9567402601242065,0.4105619788169861,0.07805418968200684,0.977395236492157,0.04226815328001976,0.0,20270813,15.269935607910156,1.0,0.46451401710510254,0.078611359000206,0.7794555425643921,0.5417624711990356,0.21639525890350342,0.8548524975776672,0.17238648235797882,0.5307426452636719,4.655075195799994,4.178954480686247,0.1547369360923767,-0.04498113691806793,0.1848326325416565,-0.052021365612745285
man_02,pg_diffusion,man,a woman,0.06,100,0.3,7.5,207.2,,0.006,0.5,11557.1,27.47970962524414,0.06000000238418579,0.8823663592338562,0.4513724148273468,0.9567402601242065,0.4105619788169861,0.07805418968200684,0.977395236492157,0.04226815328001976,0.0,20270814,15.24142074584961,1.0,0.5019381046295166,0.08328153938055038,0.7808421850204468,0.5350067615509033,0.21095991134643555,0.7204121947288513,0.17295333743095398,0.5168482661247253,4.479738423760763,4.185620981669086,0.15697404742240906,-0.07044897973537445,0.19904468953609467,-0.0340489000082016
man_02,pg_diffusion,man,a woman,0.06,100,0.3,7.5,207.2,,0.006,0.5,11557.1,27.47970962524414,0.06000000238418579,0.8823663592338562,0.4513724148273468,0.9567402601242065,0.4105619788169861,0.07805418968200684,0.977395236492157,0.04226815328001976,0.0,20270815,15.413656234741211,1.0,0.4857926368713379,0.08104240894317627,0.779755711555481,0.5187227129936218,0.19896161556243896,0.7841035723686218,0.16955754160881042,0.49965032935142517,4.8760727144968605,3.5445915700670256,0.15938729047775269,-0.0582159087061882,0.23059427738189697,0.03176341950893402
man_02,pg_diffusion,man,a woman,0.06,100,0.3,7.5,207.2,,0.006,0.5,11557.1,27.47970962524414,0.06000000238418579,0.8823663592338562,0.4513724148273468,0.9567402601242065,0.4105619788169861,0.07805418968200684,0.977395236492157,0.04226815328001976,0.0,20270816,15.127516746520996,1.0,0.4531570076942444,0.07991136610507965,0.7771309018135071,0.5599703788757324,0.2342737317085266,0.8903840184211731,0.175236314535141,0.5012461543083191,4.367875472562272,3.384600817463448,0.16981878876686096,-0.052231356501579285,0.23022183775901794,0.049889929592609406
man_02,pg_diffusion,man,a woman,0.06,100,0.3,7.5,207.2,,0.006,0.5,11557.1,27.47970962524414,0.06000000238418579,0.8823663592338562,0.4513724148273468,0.9567402601242065,0.4105619788169861,0.07805418968200684,0.977395236492157,0.04226815328001976,0.0,20270817,16.132747650146484,0.9910751581192017,0.4878060817718506,0.07872111350297928,0.7806626558303833,0.5401061177253723,0.22618603706359863,0.797653317451477,0.1560855209827423,0.4991099238395691,4.1253339650663685,4.324053886193095,0.1715184897184372,-0.05183611810207367,0.23750577867031097,0.04326346516609192
man_02,pg_diffusion,man,a woman,0.06,100,0.3,7.5,207.2,,0.006,0.5,11557.1,27.47970962524414,0.06000000238418579,0.8823663592338562,0.4513724148273468,0.9567402601242065,0.4105619788169861,0.07805418968200684,0.977395236492157,0.04226815328001976,0.0,20270818,15.74758529663086,1.0,0.5189392566680908,0.08604312688112259,0.7928475737571716,0.5105178952217102,0.18844187259674072,0.7136949896812439,0.16316261887550354,0.4920501708984375,4.216217577991078,4.319571834975605,0.1551591008901596,-0.05741237476468086,0.24094723165035248,0.04404653608798981
man_02,pg_diffusion,man,a woman,0.06,100,0.3,7.5,207.2,,0.006,0.5,11557.1,27.47970962524414,0.06000000238418579,0.8823663592338562,0.4513724148273468,0.9567402601242065,0.4105619788169861,0.07805418968200684,0.977395236492157,0.04226815328001976,0.0,20270819,15.85206413269043,0.979646623134613,0.47897884249687195,0.0839267373085022,0.7825441360473633,0.5468681454658508,0.2328011393547058,0.5823301076889038,0.1612117737531662,0.5191854238510132,4.665343271086341,3.6486038561303045,0.17163746058940887,-0.048213303089141846,0.23445390164852142,0.04026249423623085
man_02,pg_diffusion,man,a woman,0.06,100,0.3,7.5,207.2,,0.006,0.5,11557.1,27.47970962524414,0.06000000238418579,0.8823663592338562,0.4513724148273468,0.9567402601242065,0.4105619788169861,0.07805418968200684,0.977395236492157,0.04226815328001976,0.0,20270820,15.395121574401855,1.0,0.47206270694732666,0.07913392782211304,0.7757416367530823,0.5381360650062561,0.23249125480651855,0.7389770746231079,0.16991974413394928,0.5475311279296875,3.764341050317293,2.8012633316018003,0.16341744363307953,-0.05529247224330902,0.24181152880191803,0.03277254477143288
man_02,pg_diffusion,man,a woman,0.06,100,0.3,7.5,207.2,,0.006,0.5,11557.1,27.47970962524414,0.06000000238418579,0.8823663592338562,0.4513724148273468,0.9567402601242065,0.4105619788169861,0.07805418968200684,0.977395236492157,0.04226815328001976,0.0,20270821,16.018789291381836,1.0,0.4790278375148773,0.08625545352697372,0.7771829962730408,0.5370249152183533,0.22411257028579712,0.6203864812850952,0.15814681351184845,0.5214513540267944,4.387994818652241,4.138234557830408,0.1720932126045227,-0.06808588653802872,0.23250490427017212,0.035277437418699265
man_02,pg_diffusion,man,a woman,0.06,100,0.3,7.5,207.2,,0.006,0.5,11557.1,27.47970962524414,0.06000000238418579,0.8823663592338562,0.4513724148273468,0.9567402601242065,0.4105619788169861,0.07805418968200684,0.977395236492157,0.04226815328001976,0.0,20270822,15.19666576385498,1.0,0.4773977994918823,0.07753894478082657,0.7775123119354248,0.549323320388794,0.22398102283477783,0.7675526142120361,0.1738467812538147,0.5125160217285156,3.9153947245480802,4.351371424145292,0.16845321655273438,-0.05742906033992767,0.2411825805902481,0.04031120985746384
man_02,semantic,man,a woman,0.06,100,0.3,7.5,123.9,0.381591796875,0.006,0.5,8778.4,26.88095474243164,0.06000000238418579,0.8503634333610535,0.4149630665779114,0.9338604211807251,0.41487905383110046,0.12373650074005127,0.9421811699867249,0.04528467357158661,0.0,20270803,15.43044662475586,1.0,0.5055567026138306,0.08132908493280411,0.7928270101547241,0.4952540695667267,0.25931304693222046,0.6120853424072266,0.16923008859157562,0.47667568922042847,3.832634671001619,3.8312564442872716,0.17127598822116852,-0.049837224185466766,0.2055913507938385,-0.0441335029900074
man_02,semantic,man,a woman,0.06,100,0.3,7.5,123.9,0.381591796875,0.006,0.5,8778.4,26.88095474243164,0.06000000238418579,0.8503634333610535,0.4149630665779114,0.9338604211807251,0.41487905383110046,0.12373650074005127,0.9421811699867249,0.04528467357158661,0.0,20270804,15.32314682006836,1.0,0.4976441264152527,0.07583645731210709,0.781567394733429,0.5211249589920044,0.2846165895462036,0.6168214082717896,0.17133362591266632,0.4769338071346283,4.556914731403463,3.9751433237625236,0.15666230022907257,-0.05750467628240585,0.1936103105545044,-0.026738187298178673
man_02,semantic,man,a woman,0.06,100,0.3,7.5,123.9,0.381591796875,0.006,0.5,8778.4,26.88095474243164,0.06000000238418579,0.8503634333610535,0.4149630665779114,0.9338604211807251,0.41487905383110046,0.12373650074005127,0.9421811699867249,0.04528467357158661,0.0,20270805,15.517729759216309,1.0,0.49546608328819275,0.07296411693096161,0.7898042798042297,0.4961879253387451,0.2745633125305176,0.6064082980155945,0.16753806173801422,0.46542105078697205,4.839259279972824,4.828747986443812,0.15882742404937744,-0.05580390617251396,0.19095787405967712,-0.04822436720132828
man_02,semantic,man,a woman,0.06,100,0.3,7.5,123.9,0.381591796875,0.006,0.5,8778.4,26.88095474243164,0.06000000238418579,0.8503634333610535,0.4149630665779114,0.9338604211807251,0.41487905383110046,0.12373650074005127,0.9421811699867249,0.04528467357158661,0.0,20270806,15.481537818908691,1.0,0.5067120790481567,0.07835273444652557,0.7981971502304077,0.4703587591648102,0.28148066997528076,0.8507552742958069,0.1682375967502594,0.4528770446777344,4.571776235671378,3.7972224899680027,0.1777147650718689,-0.05578914284706116,0.2009160965681076,-0.04189189895987511
man_02,semantic,man,a woman,0.06,100,0.3,7.5,123.9,0.381591796875,0.006,0.5,8778.4,26.88095474243164,0.06000000238418579,0.8503634333610535,0.4149630665779114,0.9338604211807251,0.41487905383110046,0.12373650074005127,0.9421811699867249,0.04528467357158661,0.0,20270807,16.140384674072266,1.0,0.530260443687439,0.07896885275840759,0.7960329651832581,0.5047661066055298,0.2763203978538513,0.6627638936042786,0.15594832599163055,0.44041189551353455,4.544705748661385,4.965395950232343,0.1582408845424652,-0.060661233961582184,0.20211762189865112,-0.04049193859100342
man_02,semantic,man,a woman,0.06,100,0.3,7.5,123.9,0.381591796875,0.006,0.5,8778.4,26.88095474243164,0.06000000238418579,0.8503634333610535,0.4149630665779114,0.9338604211807251,0.41487905383110046,0.12373650074005127,0.9421811699867249,0.04528467357158661,0.0,20270808,15.58747673034668,1.0,0.5125190615653992,0.07777904719114304,0.7793942093849182,0.5040693879127502,0.25238192081451416,0.8268898725509644,0.16619813442230225,0.45645397901535034,4.492202202228601,3.2176169413976736,0.14561033248901367,-0.0609421581029892,0.1836613118648529,-0.049051713198423386
man_02,semantic,man,a woman,0.06,100,0.3,7.5,123.9,0.381591796875,0.006,0.5,8778.4,26.88095474243164,0.06000000238418579,0.8503634333610535,0.4149630665779114,0.9338604211807251,0.41487905383110046,0.12373650074005127,0.9421811699867249,0.04528467357158661,0.0,20270809,15.159889221191406,1.0,0.5237605571746826,0.07960162311792374,0.7888230085372925,0.4872819185256958,0.2687280774116516,0.6981406211853027,0.17458440363407135,0.4646593928337097,4.5483746614387295,4.633993413610666,0.17006850242614746,-0.036383070051670074,0.2438678741455078,0.060942474752664566
man_02,semantic,man,a woman,0.06,100,0.3,7.5,123.9,0.381591796875,0.006,0.5,8778.4,26.88095474243164,0.06000000238418579,0.8503634333610535,0.4149630665779114,0.9338604211807251,0.41487905383110046,0.12373650074005127,0.9421811699867249,0.04528467357158661,0.0,20270810,14.928657531738281,1.0,0.500981330871582,0.07681061327457428,0.785226583480835,0.48830685019493103,0.27872657775878906,0.6789910197257996,0.17929452657699585,0.46891021728515625,4.144734206064423,4.901279155124987,0.16068190336227417,-0.061927154660224915,0.2012176513671875,-0.014653662219643593
man_02,semantic,man,a woman,0.06,100,0.3,7.5,123.9,0.381591796875,0.006,0.5,8778.4,26.88095474243164,0.06000000238418579,0.8503634333610535,0.4149630665779114,0.9338604211807251,0.41487905383110046,0.12373650074005127,0.9421811699867249,0.04528467357158661,0.0,20270811,15.418771743774414,1.0,0.49545156955718994,0.07398867607116699,0.779850423336029,0.512781023979187,0.27537858486175537,0.7732400894165039,0.16945773363113403,0.47562408447265625,4.059736164308789,3.691409251161796,0.14784443378448486,-0.05835568159818649,0.20184168219566345,-0.03772100806236267
man_02,semantic,man,a woman,0.06,100,0.3,7.5,123.9,0.381591796875,0.006,0.5,8778.4,26.88095474243164,0.06000000238418579,0.8503634333610535,0.4149630665779114,0.9338604211807251,0.41487905383110046,0.12373650074005127,0.9421811699867249,0.04528467357158661,0.0,20270812,15.30753231048584,0.9969428777694702,0.5215821862220764,0.07595007121562958,0.7912030816078186,0.48548170924186707,0.2667762041091919,0.6308696269989014,0.17164190113544464,0.46155548095703125,3.9524541018608113,4.124070556220071,0.16180573403835297,-0.0657067596912384,0.19139274954795837,-0.05081886798143387
man_02,semantic,man,a woman,0.06,100,0.3,7.5,123.9,0.381591796875,0.006,0.5,8778.4,26.88095474243164,0.06000000238418579,0.8503634333610535,0.4149630665779114,0.9338604211807251,0.41487905383110046,0.12373650074005127,0.9421811699867249,0.04528467357158661,0.0,20270813,15.04448127746582,1.0,0.48688387870788574,0.0718003436923027,0.7809606194496155,0.5000005960464478,0.25640034675598145,0.737196147441864,0.17691954970359802,0.47052130103111267,4.655075195799994,4.402163618422983,0.1547369360923767,-0.04498113691806793,0.20386147499084473,-0.03217701613903046
man_02,semantic,man,a woman,0.06,100,0.3,7.5,123.9,0.381591796875,0.006,0.5,8778.4,26.88095474243164,0.06000000238418579,0.8503634333610535,0.4149630665779114,0.9338604211807251,0.41487905383110046,0.12373650074005127,0.9421811699867249,0.04528467357158661,0.0,20270814,15.203109741210938,1.0,0.5120159983634949,0.07599785923957825,0.7871147394180298,0.4978592097759247,0.2505040168762207,0.7865279912948608,0.17371784150600433,0.4658241271972656,4.479738423760763,4.447760695225715,0.15697404742240906,-0.07044897973537445,0.19928134977817535,-0.021836930885910988
man_02,semantic,man,a woman,0.06,100,0.3,7.5,123.9,0.381591796875,0.006,0.5,8778.4,26.88095474243164,0.06000000238418579,0.8503634333610535,0.4149630665779114,0.9338604211807251,0.41487905383110046,0.12373650074005127,0.9421811699867249,0.04528467357158661,0.0,20270815,15.414936065673828,1.0,0.49708569049835205,0.07619865983724594,0.777999997138977,0.5001355409622192,0.26714402437210083,0.6286733150482178,0.16953256726264954,0.47662609815597534,4.8760727144968605,4.419855523563417,0.15938729047775269,-0.0582159087061882,0.19900356233119965,-0.03623390197753906
man_02,semantic,man,a woman,0.06,100,0.3,7.5,123.9,0.381591796875,0.006,0.5,8778.4,26.88095474243164,0.06000000238418579,0.8503634333610535,0.4149630665779114,0.9338604211807251,0.41487905383110046,0.12373650074005127,0.9421811699867249,0.04528467357158661,0.0,20270816,15.729171752929688,1.0,0.5298032164573669,0.08747056871652603,0.7837238907814026,0.49479857087135315,0.28804147243499756,0.7765505909919739,0.16350887715816498,0.4678891599178314,4.367875472562272,4.588999059927903,0.16981878876686096,-0.052231356501579285,0.19781631231307983,-0.030130822211503983
man_02,semantic,man,a woman,0.06,100,0.3,7.5,123.9,0.381591796875,0.006,0.5,8778.4,26.88095474243164,0.06000000238418579,0.8503634333610535,0.4149630665779114,0.9338604211807251,0.41487905383110046,0.12373650074005127,0.9421811699867249,0.04528467357158661,0.0,20270817,15.609375,1.0,0.5015895366668701,0.07813677936792374,0.7982403635978699,0.48507604002952576,0.2730693221092224,0.6844167709350586,0.16577963531017303,0.45235317945480347,4.1253339650663685,4.031352163136899,0.1715184897184372,-0.05183611810207367,0.18387532234191895,-0.0458684116601944
man_02,semantic,man,a woman,0.06,100,0.3,7.5,123.9,0.381591796875,0.006,0.5,8778.4,26.88095474243164,0.06000000238418579,0.8503634333610535,0.4149630665779114,0.9338604211807251,0.41487905383110046,0.12373650074005127,0.9421811699867249,0.04528467357158661,0.0,20270818,15.570844650268555,1.0,0.5204041004180908,0.08125912398099899,0.7897449135780334,0.4784524738788605,0.2617381811141968,0.6824721097946167,0.16651667654514313,0.46823757886886597,4.216217577991078,5.039535521056981,0.1551591008901596,-0.05741237476468086,0.18732930719852448,-0.03781295567750931
man_02,semantic,man,a woman,0.06,100,0.3,7.5,123.9,0.381591796875,0.006,0.5,8778.4,26.88095474243164,0.06000000238418579,0.8503634333610535,0.4149630665779114,0.9338604211807251,0.41487905383110046,0.12373650074005127,0.9421811699867249,0.04528467357158661,0.0,20270819,15.299750328063965,1.0,0.4992186427116394,0.0741998478770256,0.7841097116470337,0.5051050186157227,0.259745717048645,0.797070324420929,0.17179574072360992,0.4515317380428314,4.665343271086341,4.668300857963512,0.17163746058940887,-0.048213303089141846,0.21248775720596313,0.04628603160381317
man_02,semantic,man,a woman,0.06,100,0.3,7.5,123.9,0.381591796875,0.006,0.5,8778.4,26.88095474243164,0.06000000238418579,0.8503634333610535,0.4149630665779114,0.9338604211807251,0.41487905383110046,0.12373650074005127,0.9421811699867249,0.04528467357158661,0.0,20270820,15.339561462402344,1.0,0.5203344225883484,0.07472532987594604,0.7845181226730347,0.4813956022262573,0.26813018321990967,0.8438065052032471,0.17101015150547028,0.46240362524986267,3.764341050317293,3.9925791604895338,0.16341744363307953,-0.05529247224330902,0.20247399806976318,-0.006576721090823412
man_02,semantic,man,a woman,0.06,100,0.3,7.5,123.9,0.381591796875,0.006,0.5,8778.4,26.88095474243164,0.06000000238418579,0.8503634333610535,0.4149630665779114,0.9338604211807251,0.41487905383110046,0.12373650074005127,0.9421811699867249,0.04528467357158661,0.0,20270821,15.621337890625,1.0,0.4869323670864105,0.07440715283155441,0.7826998233795166,0.5022062063217163,0.2720246911048889,0.6519400477409363,0.16555145382881165,0.4747123718261719,4.387994818652241,4.751520554414436,0.1720932126045227,-0.06808588653802872,0.1954553723335266,-0.030008886009454727
man_02,semantic,man,a woman,0.06,100,0.3,7.5,123.9,0.381591796875,0.006,0.5,8778.4,26.88095474243164,0.06000000238418579,0.8503634333610535,0.4149630665779114,0.9338604211807251,0.41487905383110046,0.12373650074005127,0.9421811699867249,0.04528467357158661,0.0,20270822,15.241918563842773,1.0,0.5117539763450623,0.07602901756763458,0.7915694117546082,0.48709237575531006,0.28185510635375977,0.6491985321044922,0.17294341325759888,0.4588775634765625,3.9153947245480802,4.049601236459297,0.16845321655273438,-0.05742906033992767,0.19877201318740845,-0.0343359149992466
man_03,pg_encoder,man,a woman,0.06,100,0.3,7.5,6.8,,0.006,0.5,8776.5,26.73224639892578,0.06000000238418579,0.9158808588981628,0.4022357761859894,0.9641615152359009,0.4579266309738159,0.09836459159851074,0.8833165168762207,0.04606664925813675,0.0,20270803,16.085582733154297,0.7412854433059692,0.33867180347442627,0.18852977454662323,0.5427003502845764,0.5899232029914856,0.3482711911201477,0.03947638347744942,0.15693536400794983,0.7537104487419128,3.741791554902129,9.08026779691751,0.21903903782367706,0.03591756895184517,0.2060098946094513,0.0023824796080589294
man_03,pg_encoder,man,a woman,0.06,100,0.3,7.5,6.8,,0.006,0.5,8776.5,26.73224639892578,0.06000000238418579,0.9158808588981628,0.4022357761859894,0.9641615152359009,0.4579266309738159,0.09836459159851074,0.8833165168762207,0.04606664925813675,0.0,20270804,15.687128067016602,0.7073476314544678,0.3496103286743164,0.2383580356836319,0.5458394289016724,0.6038212776184082,0.36589181423187256,0.033444397151470184,0.164302259683609,0.7840309143066406,3.9868488780120996,7.616747863183307,0.19627514481544495,-0.013263450935482979,0.22593891620635986,0.031201008707284927
man_03,pg_encoder,man,a woman,0.06,100,0.3,7.5,6.8,,0.006,0.5,8776.5,26.73224639892578,0.06000000238418579,0.9158808588981628,0.4022357761859894,0.9641615152359009,0.4579266309738159,0.09836459159851074,0.8833165168762207,0.04606664925813675,0.0,20270805,16.737958908081055,0.7980560064315796,0.3620041012763977,0.16132771968841553,0.5841376185417175,0.581832230091095,0.31407642364501953,0.05627750605344772,0.14558008313179016,0.690619170665741,3.398291064276227,10.071549009469484,0.21026650071144104,0.02253558672964573,0.22797095775604248,0.032974522560834885
man_03,pg_encoder,man,a woman,0.06,100,0.3,7.5,6.8,,0.006,0.5,8776.5,26.73224639892578,0.06000000238418579,0.9158808588981628,0.4022357761859894,0.9641615152359009,0.4579266309738159,0.09836459159851074,0.8833165168762207,0.04606664925813675,0.0,20270806,15.567798614501953,0.6852737069129944,0.32326841354370117,0.19346629083156586,0.5482632517814636,0.5859783887863159,0.34460514783859253,0.027529025450348854,0.16657507419586182,0.7825927734375,3.6976934880483117,10.50055717500657,0.19867652654647827,0.024258935824036598,0.215032696723938,0.022321686148643494
man_03,pg_encoder,man,a woman,0.06,100,0.3,7.5,6.8,,0.006,0.5,8776.5,26.73224639892578,0.06000000238418579,0.9158808588981628,0.4022357761859894,0.9641615152359009,0.4579266309738159,0.09836459159851074,0.8833165168762207,0.04606664925813675,0.0,20270807,16.30951690673828,0.8605824708938599,0.34770476818084717,0.16623404622077942,0.56532222032547,0.5797945261001587,0.33108413219451904,0.05095730349421501,0.152941033244133,0.7395210266113281,4.11886022972977,10.694909656487422,0.20776644349098206,0.015330163761973381,0.206559956073761,0.016967900097370148
man_03,pg_encoder,man,a woman,0.06,100,0.3,7.5,6.8,,0.006,0.5,8776.5,26.73224639892578,0.06000000238418579,0.9158808588981628,0.4022357761859894,0.9641615152359009,0.4579266309738159,0.09836459159851074,0.8833165168762207,0.04606664925813675,0.0,20270808,16.652652740478516,0.7621826529502869,0.3574245572090149,0.16836810111999512,0.5834020376205444,0.5708519220352173,0.2960081696510315,0.054227638989686966,0.14701689779758453,0.704864501953125,3.962114003496546,10.144021622074803,0.21257522702217102,0.024460822343826294,0.22967055439949036,0.02890186943113804
man_03,pg_encoder,man,a woman,0.06,100,0.3,7.5,6.8,,0.006,0.5,8776.5,26.73224639892578,0.06000000238418579,0.9158808588981628,0.4022357761859894,0.9641615152359009,0.4579266309738159,0.09836459159851074,0.8833165168762207,0.04606664925813675,0.0,20270809,16.514406204223633,0.7642379403114319,0.3704414367675781,0.19178986549377441,0.580858588218689,0.5727641582489014,0.3050369620323181,0.051554206758737564,0.14937558770179749,0.7501767873764038,3.4925997801208903,10.249785145327222,0.21329665184020996,0.036418866366147995,0.21795757114887238,0.03625137358903885
man_03,pg_encoder,man,a woman,0.06,100,0.3,7.5,6.8,,0.006,0.5,8776.5,26.73224639892578,0.06000000238418579,0.9158808588981628,0.4022357761859894,0.9641615152359009,0.4579266309738159,0.09836459159851074,0.8833165168762207,0.04606664925813675,0.0,20270810,16.67874526977539,0.7378284931182861,0.31929320096969604,0.16226008534431458,0.526305615901947,0.5800480842590332,0.3679521083831787,0.0255095474421978,0.1465759128332138,0.7055829763412476,3.296355636472219,12.640954555562823,0.2054736614227295,-0.003796572797000408,0.2004767656326294,-0.0026910435408353806
man_03,pg_encoder,man,a woman,0.06,100,0.3,7.5,6.8,,0.006,0.5,8776.5,26.73224639892578,0.06000000238418579,0.9158808588981628,0.4022357761859894,0.9641615152359009,0.4579266309738159,0.09836459159851074,0.8833165168762207,0.04606664925813675,0.0,20270811,16.30805778503418,0.7874174118041992,0.344635546207428,0.15620262920856476,0.5689625144004822,0.5716904401779175,0.3175380229949951,0.06194739416241646,0.15296675264835358,0.7198333740234375,3.678253449586414,12.690229107112641,0.19711866974830627,0.032714683562517166,0.20628903806209564,-0.008408252149820328
man_03,pg_encoder,man,a woman,0.06,100,0.3,7.5,6.8,,0.006,0.5,8776.5,26.73224639892578,0.06000000238418579,0.9158808588981628,0.4022357761859894,0.9641615152359009,0.4579266309738159,0.09836459159851074,0.8833165168762207,0.04606664925813675,0.0,20270812,15.687227249145508,0.6844042539596558,0.33967599272727966,0.21448509395122528,0.557526707649231,0.5693731307983398,0.32395410537719727,0.031086934730410576,0.16430038213729858,0.7820447683334351,3.602174109625322,9.100340880365923,0.21165746450424194,0.007911520078778267,0.20934456586837769,0.027964994311332703
man_03,pg_encoder,man,a woman,0.06,100,0.3,7.5,6.8,,0.006,0.5,8776.5,26.73224639892578,0.06000000238418579,0.9158808588981628,0.4022357761859894,0.9641615152359009,0.4579266309738159,0.09836459159851074,0.8833165168762207,0.04606664925813675,0.0,20270813,16.900245666503906,0.7856754064559937,0.3535824716091156,0.1320389211177826,0.5902681350708008,0.5788613557815552,0.31243622303009033,0.058836422860622406,0.14288532733917236,0.6531245112419128,3.6506830746757437,14.939609755150906,0.203041672706604,0.01462929230183363,0.2255488634109497,0.02160223014652729
man_03,pg_encoder,man,a woman,0.06,100,0.3,7.5,6.8,,0.006,0.5,8776.5,26.73224639892578,0.06000000238418579,0.9158808588981628,0.4022357761859894,0.9641615152359009,0.4579266309738159,0.09836459159851074,0.8833165168762207,0.04606664925813675,0.0,20270814,16.64609718322754,0.8023103475570679,0.3249431550502777,0.1287284940481186,0.5401211380958557,0.5736451148986816,0.35347652435302734,0.03634190186858177,0.1471279114484787,0.6996587514877319,3.777369408810737,10.368841569621052,0.21337580680847168,0.01939142495393753,0.21399551630020142,0.013069937005639076
man_03,pg_encoder,man,a woman,0.06,100,0.3,7.5,6.8,,0.006,0.5,8776.5,26.73224639892578,0.06000000238418579,0.9158808588981628,0.4022357761859894,0.9641615152359009,0.4579266309738159,0.09836459159851074,0.8833165168762207,0.04606664925813675,0.0,20270815,17.011219024658203,0.726324737071991,0.3670259416103363,0.1518074870109558,0.5913844704627991,0.5764262080192566,0.30722618103027344,0.05006694048643112,0.1410714089870453,0.6945699453353882,3.763167350467851,8.32973084190405,0.21137796342372894,0.020862113684415817,0.2193819284439087,0.01586650311946869
man_03,pg_encoder,man,a woman,0.06,100,0.3,7.5,6.8,,0.006,0.5,8776.5,26.73224639892578,0.06000000238418579,0.9158808588981628,0.4022357761859894,0.9641615152359009,0.4579266309738159,0.09836459159851074,0.8833165168762207,0.04606664925813675,0.0,20270816,16.825334548950195,0.7626256942749023,0.3716621398925781,0.13075292110443115,0.6094376444816589,0.5852726697921753,0.345575213432312,0.054831210523843765,0.14412295818328857,0.6985486745834351,4.111515688129682,11.375258468677258,0.19152575731277466,0.0014746105298399925,0.20812812447547913,-0.027033235877752304
man_03,pg_encoder,man,a woman,0.06,100,0.3,7.5,6.8,,0.006,0.5,8776.5,26.73224639892578,0.06000000238418579,0.9158808588981628,0.4022357761859894,0.9641615152359009,0.4579266309738159,0.09836459159851074,0.8833165168762207,0.04606664925813675,0.0,20270817,16.548614501953125,0.6776530742645264,0.3203537166118622,0.1406259685754776,0.5448033213615417,0.5686702728271484,0.3628814220428467,0.032034553587436676,0.1487884521484375,0.7039299011230469,3.7736396575792037,10.302750347328061,0.21377363801002502,0.013380898162722588,0.21279028058052063,0.01087762787938118
man_03,pg_encoder,man,a woman,0.06,100,0.3,7.5,6.8,,0.006,0.5,8776.5,26.73224639892578,0.06000000238418579,0.9158808588981628,0.4022357761859894,0.9641615152359009,0.4579266309738159,0.09836459159851074,0.8833165168762207,0.04606664925813675,0.0,20270818,16.885068893432617,0.642646849155426,0.35061144828796387,0.186429962515831,0.540501594543457,0.56606125831604,0.3771575689315796,0.032318226993083954,0.143135204911232,0.7129859924316406,3.2854229498692438,9.70779388393294,0.21280810236930847,0.01614159718155861,0.20389822125434875,-0.03634919971227646
man_03,pg_encoder,man,a woman,0.06,100,0.3,7.5,6.8,,0.006,0.5,8776.5,26.73224639892578,0.06000000238418579,0.9158808588981628,0.4022357761859894,0.9641615152359009,0.4579266309738159,0.09836459159851074,0.8833165168762207,0.04606664925813675,0.0,20270819,15.808053970336914,0.6924048662185669,0.3139549195766449,0.16498582065105438,0.5208503007888794,0.5800648927688599,0.34184038639068604,0.02103574387729168,0.1620306670665741,0.7568067312240601,3.581447649729053,10.852702868106164,0.20607569813728333,0.01861877366900444,0.20781326293945312,0.022894030436873436
man_03,pg_encoder,man,a woman,0.06,100,0.3,7.5,6.8,,0.006,0.5,8776.5,26.73224639892578,0.06000000238418579,0.9158808588981628,0.4022357761859894,0.9641615152359009,0.4579266309738159,0.09836459159851074,0.8833165168762207,0.04606664925813675,0.0,20270820,16.973512649536133,0.7873412370681763,0.3272528052330017,0.13683724403381348,0.5633642673492432,0.5859125852584839,0.3196899890899658,0.060190703719854355,0.1416851282119751,0.6713168025016785,3.270748727379518,8.452321332163944,0.208329439163208,0.01688568666577339,0.21217846870422363,0.01351472269743681
man_03,pg_encoder,man,a woman,0.06,100,0.3,7.5,6.8,,0.006,0.5,8776.5,26.73224639892578,0.06000000238418579,0.9158808588981628,0.4022357761859894,0.9641615152359009,0.4579266309738159,0.09836459159851074,0.8833165168762207,0.04606664925813675,0.0,20270821,15.772512435913086,0.6615238189697266,0.34611833095550537,0.2147631049156189,0.5456790924072266,0.6039581298828125,0.33296728134155273,0.03063957206904888,0.16269506514072418,0.7607167959213257,3.4670847564823006,10.345653933616031,0.21260982751846313,0.018739165738224983,0.20392949879169464,0.018659546971321106
man_03,pg_encoder,man,a woman,0.06,100,0.3,7.5,6.8,,0.006,0.5,8776.5,26.73224639892578,0.06000000238418579,0.9158808588981628,0.4022357761859894,0.9641615152359009,0.4579266309738159,0.09836459159851074,0.8833165168762207,0.04606664925813675,0.0,20270822,16.7757511138916,0.7978782653808594,0.3749690651893616,0.19741776585578918,0.6001143455505371,0.5870964527130127,0.29308998584747314,0.04872974380850792,0.1449480503797531,0.7462209463119507,3.273139079519856,8.358350167381273,0.22313815355300903,0.02159113995730877,0.21224898099899292,0.025132309645414352
man_03,pg_diffusion,man,a woman,0.06,100,0.3,7.5,205.1,,0.006,0.5,11556.1,27.252330780029297,0.06000000238418579,0.9321727752685547,0.4368925094604492,0.9704605937004089,0.41827312111854553,0.08482718467712402,1.0299673080444336,0.04338926076889038,0.0,20270803,16.907573699951172,0.7806074619293213,0.45201489329338074,0.08539674431085587,0.768247663974762,0.5168713927268982,0.22971022129058838,0.5220761299133301,0.1427648514509201,0.7147229909896851,3.741791554902129,7.227625458739948,0.21903903782367706,0.03591756895184517,0.2141839563846588,0.012902716174721718
man_03,pg_diffusion,man,a woman,0.06,100,0.3,7.5,205.1,,0.006,0.5,11556.1,27.252330780029297,0.06000000238418579,0.9321727752685547,0.4368925094604492,0.9704605937004089,0.41827312111854553,0.08482718467712402,1.0299673080444336,0.04338926076889038,0.0,20270804,17.4036865234375,0.8501593470573425,0.4410051107406616,0.07705920934677124,0.7639750242233276,0.5490613579750061,0.2508160471916199,0.5324007272720337,0.1348390281200409,0.6828321218490601,3.9868488780120996,7.936468099152127,0.19627514481544495,-0.013263450935482979,0.20873738825321198,0.03975100442767143
man_03,pg_diffusion,man,a woman,0.06,100,0.3,7.5,205.1,,0.006,0.5,11556.1,27.252330780029297,0.06000000238418579,0.9321727752685547,0.4368925094604492,0.9704605937004089,0.41827312111854553,0.08482718467712402,1.0299673080444336,0.04338926076889038,0.0,20270805,16.893014907836914,0.6922630667686462,0.43401989340782166,0.08647095412015915,0.7408748865127563,0.5170153379440308,0.25769245624542236,0.39494213461875916,0.14300432801246643,0.7309901118278503,3.398291064276227,6.85848317508867,0.21026650071144104,0.02253558672964573,0.22229290008544922,0.029756493866443634
man_03,pg_diffusion,man,a woman,0.06,100,0.3,7.5,205.1,,0.006,0.5,11556.1,27.252330780029297,0.06000000238418579,0.9321727752685547,0.4368925094604492,0.9704605937004089,0.41827312111854553,0.08482718467712402,1.0299673080444336,0.04338926076889038,0.0,20270806,16.441877365112305,0.8591875433921814,0.4208185374736786,0.06633476912975311,0.7661654353141785,0.536125123500824,0.2395714521408081,0.611304759979248,0.15062813460826874,0.7270457148551941,3.6976934880483117,7.287597007449536,0.19867652654647827,0.024258935824036598,0.2274857759475708,0.017039798200130463
man_03,pg_diffusion,man,a woman,0.06,100,0.3,7.5,205.1,,0.006,0.5,11556.1,27.252330780029297,0.06000000238418579,0.9321727752685547,0.4368925094604492,0.9704605937004089,0.41827312111854553,0.08482718467712402,1.0299673080444336,0.04338926076889038,0.0,20270807,17.306310653686523,0.7615755796432495,0.4601261019706726,0.07550498843193054,0.7879965305328369,0.5086420774459839,0.21274030208587646,0.57921302318573,0.13635918498039246,0.6872113943099976,4.11886022972977,7.895703741633687,0.20776644349098206,0.015330163761973381,0.20291177928447723,0.01702539250254631
man_03,pg_diffusion,man,a woman,0.06,100,0.3,7.5,205.1,,0.006,0.5,11556.1,27.252330780029297,0.06000000238418579,0.9321727752685547,0.4368925094604492,0.9704605937004089,0.41827312111854553,0.08482718467712402,1.0299673080444336,0.04338926076889038,0.0,20270808,17.28542137145996,0.8304257988929749,0.43401557207107544,0.06944254785776138,0.7736285924911499,0.5435075759887695,0.2473343014717102,0.6523500084877014,0.1366875022649765,0.6830253601074219,3.962114003496546,9.712063036268397,0.21257522702217102,0.024460822343826294,0.22325679659843445,0.024746447801589966
man_03,pg_diffusion,man,a woman,0.06,100,0.3,7.5,205.1,,0.006,0.5,11556.1,27.252330780029297,0.06000000238418579,0.9321727752685547,0.4368925094604492,0.9704605937004089,0.41827312111854553,0.08482718467712402,1.0299673080444336,0.04338926076889038,0.0,20270809,16.928661346435547,0.780266284942627,0.4503028094768524,0.08528343588113785,0.7559516429901123,0.5363496541976929,0.2504616379737854,0.4188348352909088,0.14241865277290344,0.7451121211051941,3.4925997801208903,6.507177950923545,0.21329665184020996,0.036418866366147995,0.20817475020885468,0.024330366402864456
man_03,pg_diffusion,man,a woman,0.06,100,0.3,7.5,205.1,,0.006,0.5,11556.1,27.252330780029297,0.06000000238418579,0.9321727752685547,0.4368925094604492,0.9704605937004089,0.41827312111854553,0.08482718467712402,1.0299673080444336,0.04338926076889038,0.0,20270810,17.321470260620117,0.7796076536178589,0.4322463870048523,0.07539582997560501,0.7565433979034424,0.5290803909301758,0.25864458084106445,0.5085185766220093,0.13612139225006104,0.6931915283203125,3.296355636472219,7.590233871457911,0.2054736614227295,-0.003796572797000408,0.2185647338628769,0.02160325087606907
man_03,pg_diffusion,man,a woman,0.06,100,0.3,7.5,205.1,,0.006,0.5,11556.1,27.252330780029297,0.06000000238418579,0.9321727752685547,0.4368925094604492,0.9704605937004089,0.41827312111854553,0.08482718467712402,1.0299673080444336,0.04338926076889038,0.0,20270811,17.002145767211914,0.8112367391586304,0.45303070545196533,0.07969855517148972,0.7815638184547424,0.5186824798583984,0.22948431968688965,0.7315458059310913,0.1412188559770584,0.6813596487045288,3.678253449586414,7.112023975324332,0.19711866974830627,0.032714683562517166,0.2003186047077179,0.021171320229768753
man_03,pg_diffusion,man,a woman,0.06,100,0.3,7.5,205.1,,0.006,0.5,11556.1,27.252330780029297,0.06000000238418579,0.9321727752685547,0.4368925094604492,0.9704605937004089,0.41827312111854553,0.08482718467712402,1.0299673080444336,0.04338926076889038,0.0,20270812,17.000919342041016,0.8118734955787659,0.4450482726097107,0.07901362329721451,0.7722750306129456,0.5318994522094727,0.2307160496711731,0.519658625125885,0.14123877882957458,0.719268798828125,3.602174109625322,7.455209345273236,0.21165746450424194,0.007911520078778267,0.218239426612854,0.03569839149713516
man_03,pg_diffusion,man,a woman,0.06,100,0.3,7.5,205.1,,0.006,0.5,11556.1,27.252330780029297,0.06000000238418579,0.9321727752685547,0.4368925094604492,0.9704605937004089,0.41827312111854553,0.08482718467712402,1.0299673080444336,0.04338926076889038,0.0,20270813,17.171207427978516,0.8730679154396057,0.44095391035079956,0.06504104286432266,0.778278112411499,0.5243234634399414,0.22746312618255615,0.9284341931343079,0.13849672675132751,0.6354103088378906,3.6506830746757437,8.938221481240138,0.203041672706604,0.01462929230183363,0.21667629480361938,0.019264157861471176
man_03,pg_diffusion,man,a woman,0.06,100,0.3,7.5,205.1,,0.006,0.5,11556.1,27.252330780029297,0.06000000238418579,0.9321727752685547,0.4368925094604492,0.9704605937004089,0.41827312111854553,0.08482718467712402,1.0299673080444336,0.04338926076889038,0.0,20270814,16.9095401763916,0.8106697797775269,0.4326258599758148,0.07812318950891495,0.7506436109542847,0.5303608179092407,0.30466556549072266,0.38884222507476807,0.14273248612880707,0.73699951171875,3.777369408810737,6.329975291647594,0.21337580680847168,0.01939142495393753,0.20790943503379822,0.011086175218224525
man_03,pg_diffusion,man,a woman,0.06,100,0.3,7.5,205.1,,0.006,0.5,11556.1,27.252330780029297,0.06000000238418579,0.9321727752685547,0.4368925094604492,0.9704605937004089,0.41827312111854553,0.08482718467712402,1.0299673080444336,0.04338926076889038,0.0,20270815,17.490856170654297,0.7974450588226318,0.460926353931427,0.06898181140422821,0.7836132049560547,0.5226476192474365,0.22390681505203247,0.7447406649589539,0.13349254429340363,0.653533935546875,3.763167350467851,8.636293155516661,0.21137796342372894,0.020862113684415817,0.2071511447429657,0.020778756588697433
man_03,pg_diffusion,man,a woman,0.06,100,0.3,7.5,205.1,,0.006,0.5,11556.1,27.252330780029297,0.06000000238418579,0.9321727752685547,0.4368925094604492,0.9704605937004089,0.41827312111854553,0.08482718467712402,1.0299673080444336,0.04338926076889038,0.0,20270816,17.19257164001465,0.8241455554962158,0.4380318522453308,0.07064009457826614,0.7808558344841003,0.5283496379852295,0.2514002323150635,0.6224400401115417,0.13815651834011078,0.6893476247787476,4.111515688129682,7.165649244161531,0.19152575731277466,0.0014746105298399925,0.1984175443649292,0.01880573481321335
man_03,pg_diffusion,man,a woman,0.06,100,0.3,7.5,205.1,,0.006,0.5,11556.1,27.252330780029297,0.06000000238418579,0.9321727752685547,0.4368925094604492,0.9704605937004089,0.41827312111854553,0.08482718467712402,1.0299673080444336,0.04338926076889038,0.0,20270817,17.081735610961914,0.785330057144165,0.43287980556488037,0.071950763463974,0.7647965550422668,0.49940717220306396,0.2736450433731079,0.5057461857795715,0.13993072509765625,0.6982816457748413,3.7736396575792037,6.859643101468763,0.21377363801002502,0.013380898162722588,0.218144029378891,0.026956681162118912
man_03,pg_diffusion,man,a woman,0.06,100,0.3,7.5,205.1,,0.006,0.5,11556.1,27.252330780029297,0.06000000238418579,0.9321727752685547,0.4368925094604492,0.9704605937004089,0.41827312111854553,0.08482718467712402,1.0299673080444336,0.04338926076889038,0.0,20270818,17.962047576904297,0.6260471343994141,0.4849899411201477,0.08694875985383987,0.7914393544197083,0.5198259353637695,0.21549862623214722,0.5449614524841309,0.1264437884092331,0.6672592163085938,3.2854229498692438,6.601877038524475,0.21280810236930847,0.01614159718155861,0.1906386911869049,0.017603356391191483
man_03,pg_diffusion,man,a woman,0.06,100,0.3,7.5,205.1,,0.006,0.5,11556.1,27.252330780029297,0.06000000238418579,0.9321727752685547,0.4368925094604492,0.9704605937004089,0.41827312111854553,0.08482718467712402,1.0299673080444336,0.04338926076889038,0.0,20270819,17.028722763061523,0.7395728230476379,0.4343326687812805,0.07182345539331436,0.7564767003059387,0.5270531177520752,0.23406672477722168,0.59809410572052,0.14078740775585175,0.6753171682357788,3.581447649729053,8.330568188565227,0.20607569813728333,0.01861877366900444,0.20027963817119598,0.013044662773609161
man_03,pg_diffusion,man,a woman,0.06,100,0.3,7.5,205.1,,0.006,0.5,11556.1,27.252330780029297,0.06000000238418579,0.9321727752685547,0.4368925094604492,0.9704605937004089,0.41827312111854553,0.08482718467712402,1.0299673080444336,0.04338926076889038,0.0,20270820,16.929670333862305,0.7924709916114807,0.4540092349052429,0.07587603479623795,0.7641084790229797,0.5355173349380493,0.2372446060180664,0.6388698816299438,0.14240208268165588,0.6993128657341003,3.270748727379518,7.215357012524387,0.208329439163208,0.01688568666577339,0.2185615599155426,0.04060328006744385
man_03,pg_diffusion,man,a woman,0.06,100,0.3,7.5,205.1,,0.006,0.5,11556.1,27.252330780029297,0.06000000238418579,0.9321727752685547,0.4368925094604492,0.9704605937004089,0.41827312111854553,0.08482718467712402,1.0299673080444336,0.04338926076889038,0.0,20270821,16.827003479003906,0.8081872463226318,0.4660421311855316,0.09323003888130188,0.7426321506500244,0.503204345703125,0.2359025478363037,0.43874430656433105,0.1440953016281128,0.7050412893295288,3.4670847564823006,7.11718402952554,0.21260982751846313,0.018739165738224983,0.1965457797050476,0.007233193144202232
man_03,pg_diffusion,man,a woman,0.06,100,0.3,7.5,205.1,,0.006,0.5,11556.1,27.252330780029297,0.06000000238418579,0.9321727752685547,0.4368925094604492,0.9704605937004089,0.41827312111854553,0.08482718467712402,1.0299673080444336,0.04338926076889038,0.0,20270822,17.450496673583984,0.7763845920562744,0.4823642671108246,0.08200614154338837,0.7831214070320129,0.530280351638794,0.22464525699615479,0.6959013342857361,0.1341143250465393,0.6868489980697632,3.273139079519856,6.423621801156221,0.22313815355300903,0.02159113995730877,0.18882232904434204,0.018902771174907684
man_03,semantic,man,a woman,0.06,100,0.3,7.5,122.1,0.063720703125,0.006,0.5,8777.4,26.91948890686035,0.06000000238418579,0.9057701826095581,0.40083813667297363,0.9573172926902771,0.3776586651802063,0.13135051727294922,1.000196933746338,0.04508422315120697,0.0,20270803,19.689777374267578,0.8634408116340637,0.46481889486312866,0.07523039728403091,0.7908287644386292,0.42518824338912964,0.2260991334915161,1.065195918083191,0.10363607108592987,0.47642263770103455,3.741791554902129,4.948670464751427,0.21903903782367706,0.03591756895184517,0.20981767773628235,0.008671700954437256
man_03,semantic,man,a woman,0.06,100,0.3,7.5,122.1,0.063720703125,0.006,0.5,8777.4,26.91948890686035,0.06000000238418579,0.9057701826095581,0.40083813667297363,0.9573172926902771,0.3776586651802063,0.13135051727294922,1.000196933746338,0.04508422315120697,0.0,20270804,19.96507453918457,0.7848770022392273,0.47874242067337036,0.07412127405405045,0.7944402694702148,0.4749150276184082,0.24070608615875244,1.2506294250488281,0.1004028469324112,0.4552294611930847,3.9868488780120996,4.0626611844390474,0.19627514481544495,-0.013263450935482979,0.2256050556898117,0.03143882751464844
man_03,semantic,man,a woman,0.06,100,0.3,7.5,122.1,0.063720703125,0.006,0.5,8777.4,26.91948890686035,0.06000000238418579,0.9057701826095581,0.40083813667297363,0.9573172926902771,0.3776586651802063,0.13135051727294922,1.000196933746338,0.04508422315120697,0.0,20270805,19.6130428314209,0.7828279733657837,0.46501871943473816,0.0764303058385849,0.7920881509780884,0.43438613414764404,0.2201043963432312,1.2157233953475952,0.10455568134784698,0.4715817868709564,3.398291064276227,4.935792168843025,0.21026650071144104,0.02253558672964573,0.21520227193832397,0.010916972532868385
man_03,semantic,man,a woman,0.06,100,0.3,7.5,122.1,0.063720703125,0.006,0.5,8777.4,26.91948890686035,0.06000000238418579,0.9057701826095581,0.40083813667297363,0.9573172926902771,0.3776586651802063,0.13135051727294922,1.000196933746338,0.04508422315120697,0.0,20270806,19.372404098510742,0.9030359983444214,0.45323246717453003,0.0721844881772995,0.7987861633300781,0.4345567226409912,0.21692347526550293,1.166839838027954,0.10749286413192749,0.4825999140739441,3.6976934880483117,5.159935557040033,0.19867652654647827,0.024258935824036598,0.21099647879600525,0.015281432308256626
man_03,semantic,man,a woman,0.06,100,0.3,7.5,122.1,0.063720703125,0.006,0.5,8777.4,26.91948890686035,0.06000000238418579,0.9057701826095581,0.40083813667297363,0.9573172926902771,0.3776586651802063,0.13135051727294922,1.000196933746338,0.04508422315120697,0.0,20270807,19.543628692626953,0.8606168031692505,0.4725031852722168,0.07599971443414688,0.8111175894737244,0.4505525231361389,0.24266564846038818,1.1749995946884155,0.10539459437131882,0.4755897521972656,4.11886022972977,4.690775431619652,0.20776644349098206,0.015330163761973381,0.2077152132987976,0.012130150571465492
man_03,semantic,man,a woman,0.06,100,0.3,7.5,122.1,0.063720703125,0.006,0.5,8777.4,26.91948890686035,0.06000000238418579,0.9057701826095581,0.40083813667297363,0.9573172926902771,0.3776586651802063,0.13135051727294922,1.000196933746338,0.04508422315120697,0.0,20270808,19.54180145263672,0.7979877591133118,0.47732508182525635,0.07840260863304138,0.7980753183364868,0.439647376537323,0.23605793714523315,1.2611637115478516,0.10541675984859467,0.4798774719238281,3.962114003496546,4.152105286759872,0.21257522702217102,0.024460822343826294,0.21051256358623505,0.024213774129748344
man_03,semantic,man,a woman,0.06,100,0.3,7.5,122.1,0.063720703125,0.006,0.5,8777.4,26.91948890686035,0.06000000238418579,0.9057701826095581,0.40083813667297363,0.9573172926902771,0.3776586651802063,0.13135051727294922,1.000196933746338,0.04508422315120697,0.0,20270809,20.016557693481445,0.8741576671600342,0.46519479155540466,0.07505296915769577,0.7970319390296936,0.4579775035381317,0.24791467189788818,1.166653037071228,0.09980951994657516,0.4567222595214844,3.4925997801208903,4.16210674620076,0.21329665184020996,0.036418866366147995,0.21170422434806824,0.015609057620167732
man_03,semantic,man,a woman,0.06,100,0.3,7.5,122.1,0.063720703125,0.006,0.5,8777.4,26.91948890686035,0.06000000238418579,0.9057701826095581,0.40083813667297363,0.9573172926902771,0.3776586651802063,0.13135051727294922,1.000196933746338,0.04508422315120697,0.0,20270810,19.840776443481445,0.7522996664047241,0.46810290217399597,0.07693076878786087,0.7999737858772278,0.4616543650627136,0.2337782382965088,1.244905710220337,0.10184997320175171,0.4805755615234375,3.296355636472219,4.738992234758749,0.2054736614227295,-0.003796572797000408,0.21644295752048492,0.0133347874507308
man_03,semantic,man,a woman,0.06,100,0.3,7.5,122.1,0.063720703125,0.006,0.5,8777.4,26.91948890686035,0.06000000238418579,0.9057701826095581,0.40083813667297363,0.9573172926902771,0.3776586651802063,0.13135051727294922,1.000196933746338,0.04508422315120697,0.0,20270811,19.096216201782227,0.8423681259155273,0.4694584012031555,0.07615292072296143,0.7952810525894165,0.4359714686870575,0.23088908195495605,1.09394371509552,0.1109657734632492,0.49658203125,3.678253449586414,4.5610421885336505,0.19711866974830627,0.032714683562517166,0.2074422985315323,0.008312677964568138
man_03,semantic,man,a woman,0.06,100,0.3,7.5,122.1,0.063720703125,0.006,0.5,8777.4,26.91948890686035,0.06000000238418579,0.9057701826095581,0.40083813667297363,0.9573172926902771,0.3776586651802063,0.13135051727294922,1.000196933746338,0.04508422315120697,0.0,20270812,19.684789657592773,0.8046880960464478,0.45890748500823975,0.07303037494421005,0.7971066832542419,0.458595335483551,0.235279381275177,1.3089015483856201,0.1036955863237381,0.46968716382980347,3.602174109625322,3.9648173579694284,0.21165746450424194,0.007911520078778267,0.22194816172122955,0.015129445120692253
man_03,semantic,man,a woman,0.06,100,0.3,7.5,122.1,0.063720703125,0.006,0.5,8777.4,26.91948890686035,0.06000000238418579,0.9057701826095581,0.40083813667297363,0.9573172926902771,0.3776586651802063,0.13135051727294922,1.000196933746338,0.04508422315120697,0.0,20270813,19.132362365722656,0.9132603406906128,0.4584956765174866,0.07247675955295563,0.7932664752006531,0.4588749408721924,0.2400917410850525,1.4096388816833496,0.11050494760274887,0.48689526319503784,3.6506830746757437,5.009428555663023,0.203041672706604,0.01462929230183363,0.19803176820278168,-0.043182969093322754
man_03,semantic,man,a woman,0.06,100,0.3,7.5,122.1,0.063720703125,0.006,0.5,8777.4,26.91948890686035,0.06000000238418579,0.9057701826095581,0.40083813667297363,0.9573172926902771,0.3776586651802063,0.13135051727294922,1.000196933746338,0.04508422315120697,0.0,20270814,19.580293655395508,0.9021793603897095,0.46069830656051636,0.07417594641447067,0.794557511806488,0.4320356547832489,0.2625858783721924,1.1552122831344604,0.10495065897703171,0.48581570386886597,3.777369408810737,4.850099599445207,0.21337580680847168,0.01939142495393753,0.2126949429512024,-0.0049818288534879684
man_03,semantic,man,a woman,0.06,100,0.3,7.5,122.1,0.063720703125,0.006,0.5,8777.4,26.91948890686035,0.06000000238418579,0.9057701826095581,0.40083813667297363,0.9573172926902771,0.3776586651802063,0.13135051727294922,1.000196933746338,0.04508422315120697,0.0,20270815,19.992979049682617,0.877585768699646,0.46547645330429077,0.07150250673294067,0.803835928440094,0.446419358253479,0.2241203784942627,1.2865327596664429,0.10008082538843155,0.4494260251522064,3.763167350467851,4.934624461788899,0.21137796342372894,0.020862113684415817,0.21293526887893677,-0.012498646043241024
man_03,semantic,man,a woman,0.06,100,0.3,7.5,122.1,0.063720703125,0.006,0.5,8777.4,26.91948890686035,0.06000000238418579,0.9057701826095581,0.40083813667297363,0.9573172926902771,0.3776586651802063,0.13135051727294922,1.000196933746338,0.04508422315120697,0.0,20270816,19.465181350708008,0.8798878192901611,0.4368208348751068,0.06656988710165024,0.7874323725700378,0.4379670023918152,0.22965186834335327,1.4475228786468506,0.10635080188512802,0.4693717956542969,4.111515688129682,4.867020652951198,0.19152575731277466,0.0014746105298399925,0.2153092324733734,-0.014246553182601929
man_03,semantic,man,a woman,0.06,100,0.3,7.5,122.1,0.063720703125,0.006,0.5,8777.4,26.91948890686035,0.06000000238418579,0.9057701826095581,0.40083813667297363,0.9573172926902771,0.3776586651802063,0.13135051727294922,1.000196933746338,0.04508422315120697,0.0,20270817,19.05386734008789,0.7663571238517761,0.4436308741569519,0.06746134161949158,0.7928028702735901,0.4476034641265869,0.23579299449920654,1.2614238262176514,0.11150810122489929,0.5066884756088257,3.7736396575792037,4.589205105221119,0.21377363801002502,0.013380898162722588,0.2126394808292389,0.012167660519480705
man_03,semantic,man,a woman,0.06,100,0.3,7.5,122.1,0.063720703125,0.006,0.5,8777.4,26.91948890686035,0.06000000238418579,0.9057701826095581,0.40083813667297363,0.9573172926902771,0.3776586651802063,0.13135051727294922,1.000196933746338,0.04508422315120697,0.0,20270818,20.340255737304688,0.6823399066925049,0.4780164361000061,0.07693096995353699,0.8086539506912231,0.44601017236709595,0.23853033781051636,1.2937471866607666,0.09615834802389145,0.4521777033805847,3.2854229498692438,5.018383981010724,0.21280810236930847,0.01614159718155861,0.20067614316940308,-0.014735059812664986
man_03,semantic,man,a woman,0.06,100,0.3,7.5,122.1,0.063720703125,0.006,0.5,8777.4,26.91948890686035,0.06000000238418579,0.9057701826095581,0.40083813667297363,0.9573172926902771,0.3776586651802063,0.13135051727294922,1.000196933746338,0.04508422315120697,0.0,20270819,19.28673553466797,0.7931578159332275,0.44704556465148926,0.07051102817058563,0.7881318926811218,0.4280824065208435,0.2378675937652588,1.1803455352783203,0.1085583046078682,0.4980061948299408,3.581447649729053,5.395783355552993,0.20607569813728333,0.01861877366900444,0.22455938160419464,0.0050641074776649475
man_03,semantic,man,a woman,0.06,100,0.3,7.5,122.1,0.063720703125,0.006,0.5,8777.4,26.91948890686035,0.06000000238418579,0.9057701826095581,0.40083813667297363,0.9573172926902771,0.3776586651802063,0.13135051727294922,1.000196933746338,0.04508422315120697,0.0,20270820,19.39775848388672,0.9157540202140808,0.4778863191604614,0.07998637855052948,0.7943074703216553,0.4228677749633789,0.23834019899368286,1.2427717447280884,0.10717955231666565,0.49033230543136597,3.270748727379518,4.801601507372249,0.208329439163208,0.01688568666577339,0.20010219514369965,-0.03147612512111664
man_03,semantic,man,a woman,0.06,100,0.3,7.5,122.1,0.063720703125,0.006,0.5,8777.4,26.91948890686035,0.06000000238418579,0.9057701826095581,0.40083813667297363,0.9573172926902771,0.3776586651802063,0.13135051727294922,1.000196933746338,0.04508422315120697,0.0,20270821,19.225439071655273,0.8239426612854004,0.4740707278251648,0.07824231684207916,0.7892159223556519,0.4580792784690857,0.24410974979400635,1.1260608434677124,0.10932711511850357,0.4870859980583191,3.4670847564823006,4.691859194749016,0.21260982751846313,0.018739165738224983,0.21581396460533142,-0.001338111236691475
man_03,semantic,man,a woman,0.06,100,0.3,7.5,122.1,0.063720703125,0.006,0.5,8777.4,26.91948890686035,0.06000000238418579,0.9057701826095581,0.40083813667297363,0.9573172926902771,0.3776586651802063,0.13135051727294922,1.000196933746338,0.04508422315120697,0.0,20270822,19.94517707824707,0.7869564294815063,0.4930740296840668,0.08063656091690063,0.7978982925415039,0.43869608640670776,0.22535336017608643,1.2410740852355957,0.10063314437866211,0.4518623352050781,3.273139079519856,3.820079036335359,0.22313815355300903,0.02159113995730877,0.2224649041891098,0.02019970864057541
woman_00,pg_encoder,woman,a man,0.06,100,0.3,7.5,6.8,,0.006,0.5,8776.5,27.310705184936523,0.06000000238418579,0.8067436218261719,0.3801099359989166,0.9495474696159363,0.585769772529602,0.12294232845306396,0.9598177075386047,0.04309863969683647,0.0,20270803,18.134241104125977,0.6079593896865845,0.47556072473526,0.3235686123371124,0.722714900970459,0.6264941096305847,0.33681273460388184,0.0499417670071125,0.12396178394556046,0.6903432607650757,3.6817111867747805,9.30875259759111,0.16842761635780334,-0.016863815486431122,0.2400299459695816,0.07263144105672836
woman_00,pg_encoder,woman,a man,0.06,100,0.3,7.5,6.8,,0.006,0.5,8776.5,27.310705184936523,0.06000000238418579,0.8067436218261719,0.3801099359989166,0.9495474696159363,0.585769772529602,0.12294232845306396,0.9598177075386047,0.04309863969683647,0.0,20270804,17.829605102539062,0.605561375617981,0.44421273469924927,0.38311681151390076,0.6969938278198242,0.6417713165283203,0.39433228969573975,0.0482175387442112,0.12838658690452576,0.7266120910644531,3.7096028842166455,9.319728978483779,0.16980713605880737,-0.026647847145795822,0.22828418016433716,0.06137772649526596
woman_00,pg_encoder,woman,a man,0.06,100,0.3,7.5,6.8,,0.006,0.5,8776.5,27.310705184936523,0.06000000238418579,0.8067436218261719,0.3801099359989166,0.9495474696159363,0.585769772529602,0.12294232845306396,0.9598177075386047,0.04309863969683647,0.0,20270805,17.71846580505371,0.6342089176177979,0.4412771463394165,0.3296814560890198,0.7144195437431335,0.6470026969909668,0.37038475275039673,0.03391820937395096,0.13003990054130554,0.7243283987045288,3.4525414130657603,11.541850624907447,0.16915428638458252,-0.023542266339063644,0.22994011640548706,0.06005040556192398
woman_00,pg_encoder,woman,a man,0.06,100,0.3,7.5,6.8,,0.006,0.5,8776.5,27.310705184936523,0.06000000238418579,0.8067436218261719,0.3801099359989166,0.9495474696159363,0.585769772529602,0.12294232845306396,0.9598177075386047,0.04309863969683647,0.0,20270806,17.749034881591797,0.7046709060668945,0.4324592053890228,0.34311115741729736,0.6817759275436401,0.6533712148666382,0.3869246244430542,0.041312217712402344,0.12958303093910217,0.6970736384391785,3.5185423377925766,8.707259623711273,0.1694890260696411,-0.012723543681204319,0.25329461693763733,0.042460158467292786
woman_00,pg_encoder,woman,a man,0.06,100,0.3,7.5,6.8,,0.006,0.5,8776.5,27.310705184936523,0.06000000238418579,0.8067436218261719,0.3801099359989166,0.9495474696159363,0.585769772529602,0.12294232845306396,0.9598177075386047,0.04309863969683647,0.0,20270807,17.680055618286133,0.553502082824707,0.443955659866333,0.3536338210105896,0.708511471748352,0.6703342795372009,0.37587565183639526,0.03919622302055359,0.1306162327528,0.7425384521484375,3.7800983525663585,9.544839861941707,0.16793525218963623,-0.031637195497751236,0.23003840446472168,0.04017431288957596
woman_00,pg_encoder,woman,a man,0.06,100,0.3,7.5,6.8,,0.006,0.5,8776.5,27.310705184936523,0.06000000238418579,0.8067436218261719,0.3801099359989166,0.9495474696159363,0.585769772529602,0.12294232845306396,0.9598177075386047,0.04309863969683647,0.0,20270808,17.969057083129883,0.7007155418395996,0.4598024785518646,0.3670225441455841,0.7122904062271118,0.6351253390312195,0.38596099615097046,0.0452766977250576,0.1263418048620224,0.7260996699333191,3.4446386593417477,8.714141533101895,0.17275622487068176,-0.020530998706817627,0.2508004903793335,0.06423616409301758
woman_00,pg_encoder,woman,a man,0.06,100,0.3,7.5,6.8,,0.006,0.5,8776.5,27.310705184936523,0.06000000238418579,0.8067436218261719,0.3801099359989166,0.9495474696159363,0.585769772529602,0.12294232845306396,0.9598177075386047,0.04309863969683647,0.0,20270809,17.80550193786621,0.682957112789154,0.4487593173980713,0.3203027546405792,0.7096232175827026,0.6387447118759155,0.3945896625518799,0.042669784277677536,0.12874335050582886,0.707953155040741,3.466872870234235,11.081612543521898,0.16538041830062866,-0.013770685531198978,0.22658959031105042,0.054076239466667175
woman_00,pg_encoder,woman,a man,0.06,100,0.3,7.5,6.8,,0.006,0.5,8776.5,27.310705184936523,0.06000000238418579,0.8067436218261719,0.3801099359989166,0.9495474696159363,0.585769772529602,0.12294232845306396,0.9598177075386047,0.04309863969683647,0.0,20270810,17.9832763671875,0.6177319884300232,0.4478195607662201,0.31697505712509155,0.7170811891555786,0.6390049457550049,0.38442444801330566,0.03844642639160156,0.12613512575626373,0.6909701228141785,3.8935351995092358,9.242106056019216,0.16379305720329285,-0.01564674824476242,0.249919593334198,0.03904493898153305
woman_00,pg_encoder,woman,a man,0.06,100,0.3,7.5,6.8,,0.006,0.5,8776.5,27.310705184936523,0.06000000238418579,0.8067436218261719,0.3801099359989166,0.9495474696159363,0.585769772529602,0.12294232845306396,0.9598177075386047,0.04309863969683647,0.0,20270811,17.67121696472168,0.7518199682235718,0.4232110381126404,0.35894566774368286,0.6861090064048767,0.6490203142166138,0.4018048048019409,0.02684270218014717,0.13074922561645508,0.7289466857910156,3.518670579937758,9.183066540479018,0.1671205461025238,-0.008218436501920223,0.23528915643692017,0.03677341341972351
woman_00,pg_encoder,woman,a man,0.06,100,0.3,7.5,6.8,,0.006,0.5,8776.5,27.310705184936523,0.06000000238418579,0.8067436218261719,0.3801099359989166,0.9495474696159363,0.585769772529602,0.12294232845306396,0.9598177075386047,0.04309863969683647,0.0,20270812,18.158843994140625,0.5660946369171143,0.4673970937728882,0.3416282832622528,0.7124483585357666,0.6400824785232544,0.3511662483215332,0.05352756753563881,0.12361116707324982,0.7157770991325378,3.689667763356696,9.702805340342262,0.16590575873851776,-0.01834217645227909,0.2320447713136673,0.04563248157501221
woman_00,pg_encoder,woman,a man,0.06,100,0.3,7.5,6.8,,0.006,0.5,8776.5,27.310705184936523,0.06000000238418579,0.8067436218261719,0.3801099359989166,0.9495474696159363,0.585769772529602,0.12294232845306396,0.9598177075386047,0.04309863969683647,0.0,20270813,18.558490753173828,0.6199577450752258,0.4711713194847107,0.3246459662914276,0.7235109806060791,0.632291853427887,0.35499393939971924,0.05401766300201416,0.11805253475904465,0.6653646230697632,3.584399887058019,11.022481328068146,0.16982626914978027,-0.02541433833539486,0.23361273109912872,0.04930030554533005
woman_00,pg_encoder,woman,a man,0.06,100,0.3,7.5,6.8,,0.006,0.5,8776.5,27.310705184936523,0.06000000238418579,0.8067436218261719,0.3801099359989166,0.9495474696159363,0.585769772529602,0.12294232845306396,0.9598177075386047,0.04309863969683647,0.0,20270814,17.8439884185791,0.626266598701477,0.43782278895378113,0.3367290496826172,0.6988706588745117,0.6580994129180908,0.38370180130004883,0.031218644231557846,0.12817417085170746,0.6920928955078125,4.024733112020924,10.159395020801153,0.16428080201148987,-0.040734805166721344,0.23906868696212769,0.05595337599515915
woman_00,pg_encoder,woman,a man,0.06,100,0.3,7.5,6.8,,0.006,0.5,8776.5,27.310705184936523,0.06000000238418579,0.8067436218261719,0.3801099359989166,0.9495474696159363,0.585769772529602,0.12294232845306396,0.9598177075386047,0.04309863969683647,0.0,20270815,18.004650115966797,0.6418691873550415,0.457692950963974,0.34738966822624207,0.7107072472572327,0.610537588596344,0.3516332507133484,0.04403203725814819,0.12582512199878693,0.6970291137695312,3.678940264786419,8.370717038983898,0.18079662322998047,-0.014156765304505825,0.23125432431697845,0.03146085888147354
woman_00,pg_encoder,woman,a man,0.06,100,0.3,7.5,6.8,,0.006,0.5,8776.5,27.310705184936523,0.06000000238418579,0.8067436218261719,0.3801099359989166,0.9495474696159363,0.585769772529602,0.12294232845306396,0.9598177075386047,0.04309863969683647,0.0,20270816,17.764097213745117,0.6597424745559692,0.45030277967453003,0.3287266790866852,0.7035638689994812,0.622753381729126,0.37233996391296387,0.03941567614674568,0.12935851514339447,0.7225621938705444,3.2710923417938162,11.461351505633013,0.16063950955867767,-0.01992802508175373,0.23875609040260315,0.03911861032247543
woman_00,pg_encoder,woman,a man,0.06,100,0.3,7.5,6.8,,0.006,0.5,8776.5,27.310705184936523,0.06000000238418579,0.8067436218261719,0.3801099359989166,0.9495474696159363,0.585769772529602,0.12294232845306396,0.9598177075386047,0.04309863969683647,0.0,20270817,17.888294219970703,0.6067875623703003,0.4465639293193817,0.32608699798583984,0.6975824236869812,0.6552924513816833,0.4012889266014099,0.03494218364357948,0.12752202153205872,0.6867243647575378,3.587835200379982,10.89582848706847,0.162699893116951,-0.01746952533721924,0.22966353595256805,0.04546388238668442
woman_00,pg_encoder,woman,a man,0.06,100,0.3,7.5,6.8,,0.006,0.5,8776.5,27.310705184936523,0.06000000238418579,0.8067436218261719,0.3801099359989166,0.9495474696159363,0.585769772529602,0.12294232845306396,0.9598177075386047,0.04309863969683647,0.0,20270818,17.277996063232422,0.5810782313346863,0.4295082092285156,0.39378565549850464,0.6979182958602905,0.6437731981277466,0.3835471272468567,0.03035537526011467,0.13680443167686462,0.7619476318359375,3.59303747744445,9.590321638528279,0.17162534594535828,-0.011315502226352692,0.24072310328483582,0.0465310774743557
woman_00,pg_encoder,woman,a man,0.06,100,0.3,7.5,6.8,,0.006,0.5,8776.5,27.310705184936523,0.06000000238418579,0.8067436218261719,0.3801099359989166,0.9495474696159363,0.585769772529602,0.12294232845306396,0.9598177075386047,0.04309863969683647,0.0,20270819,18.315433502197266,0.602143406867981,0.4746508002281189,0.37916797399520874,0.7252640128135681,0.6342559456825256,0.3763747215270996,0.045345086604356766,0.12140266597270966,0.7008031606674194,3.768465595981736,10.420614163483629,0.16808348894119263,-0.012308765202760696,0.2194441258907318,0.033279288560152054
woman_00,pg_encoder,woman,a man,0.06,100,0.3,7.5,6.8,,0.006,0.5,8776.5,27.310705184936523,0.06000000238418579,0.8067436218261719,0.3801099359989166,0.9495474696159363,0.585769772529602,0.12294232845306396,0.9598177075386047,0.04309863969683647,0.0,20270820,18.146825790405273,0.599005937576294,0.43834611773490906,0.32220330834388733,0.7027581930160522,0.6651287078857422,0.37389838695526123,0.04418583959341049,0.12378229945898056,0.6944414973258972,3.6420846645884284,9.54026992230934,0.17784851789474487,-0.019525226205587387,0.2371789813041687,0.03530840575695038
woman_00,pg_encoder,woman,a man,0.06,100,0.3,7.5,6.8,,0.006,0.5,8776.5,27.310705184936523,0.06000000238418579,0.8067436218261719,0.3801099359989166,0.9495474696159363,0.585769772529602,0.12294232845306396,0.9598177075386047,0.04309863969683647,0.0,20270821,17.69367218017578,0.6654773354530334,0.4520131051540375,0.32600411772727966,0.7123486995697021,0.6319409012794495,0.38606250286102295,0.04040834307670593,0.13041161000728607,0.7205327749252319,3.514127167534301,9.557564402784637,0.1651117205619812,-0.01608489453792572,0.23640552163124084,0.055681418627500534
woman_00,pg_encoder,woman,a man,0.06,100,0.3,7.5,6.8,,0.006,0.5,8776.5,27.310705184936523,0.06000000238418579,0.8067436218261719,0.3801099359989166,0.9495474696159363,0.585769772529602,0.12294232845306396,0.9598177075386047,0.04309863969683647,0.0,20270822,17.989994049072266,0.7488986253738403,0.45995670557022095,0.31317728757858276,0.722862958908081,0.6684659719467163,0.36547887325286865,0.05653849616646767,0.12603765726089478,0.7033182978630066,3.677546504511014,8.785312093698277,0.17580482363700867,-0.014588747173547745,0.24306046962738037,0.05835950747132301
woman_00,pg_diffusion,woman,a man,0.06,100,0.3,7.5,207.8,,0.006,0.5,11556.1,27.119409561157227,0.06000000238418579,0.8036139011383057,0.3826099932193756,0.9552136659622192,0.572346568107605,0.12032639980316162,1.1146794557571411,0.044058363884687424,0.0,20270803,18.745468139648438,0.7247419357299805,0.4878481328487396,0.12937681376934052,0.7684693932533264,0.6431574821472168,0.2665748596191406,0.5939441919326782,0.11553843319416046,0.6261177062988281,3.6817111867747805,4.5378668986234425,0.16842761635780334,-0.016863815486431122,0.23334509134292603,0.0612642765045166
woman_00,pg_diffusion,woman,a man,0.06,100,0.3,7.5,207.8,,0.006,0.5,11556.1,27.119409561157227,0.06000000238418579,0.8036139011383057,0.3826099932193756,0.9552136659622192,0.572346568107605,0.12032639980316162,1.1146794557571411,0.044058363884687424,0.0,20270804,19.22602653503418,0.5886117219924927,0.4777131676673889,0.1268494874238968,0.7744747400283813,0.6505528688430786,0.32596254348754883,0.6790568828582764,0.10931971669197083,0.6140912771224976,3.7096028842166455,4.25167089095214,0.16980713605880737,-0.026647847145795822,0.2044389247894287,-0.015548700466752052
woman_00,pg_diffusion,woman,a man,0.06,100,0.3,7.5,207.8,,0.006,0.5,11556.1,27.119409561157227,0.06000000238418579,0.8036139011383057,0.3826099932193756,0.9552136659622192,0.572346568107605,0.12032639980316162,1.1146794557571411,0.044058363884687424,0.0,20270805,19.044296264648438,0.7623972296714783,0.4438718259334564,0.11541635543107986,0.7674283385276794,0.6749782562255859,0.3182995915412903,0.817932665348053,0.11163104325532913,0.5479291677474976,3.4525414130657603,5.690596855223102,0.16915428638458252,-0.023542266339063644,0.22326956689357758,0.025076471269130707
woman_00,pg_diffusion,woman,a man,0.06,100,0.3,7.5,207.8,,0.006,0.5,11556.1,27.119409561157227,0.06000000238418579,0.8036139011383057,0.3826099932193756,0.9552136659622192,0.572346568107605,0.12032639980316162,1.1146794557571411,0.044058363884687424,0.0,20270806,19.037765502929688,0.8171428442001343,0.4372003972530365,0.09265046566724777,0.7393016219139099,0.6746721267700195,0.2794516086578369,0.953705370426178,0.11171502619981766,0.5437952876091003,3.5185423377925766,5.885601623125811,0.1694890260696411,-0.012723543681204319,0.2112841159105301,0.03230571374297142
woman_00,pg_diffusion,woman,a man,0.06,100,0.3,7.5,207.8,,0.006,0.5,11556.1,27.119409561157227,0.06000000238418579,0.8036139011383057,0.3826099932193756,0.9552136659622192,0.572346568107605,0.12032639980316162,1.1146794557571411,0.044058363884687424,0.0,20270807,18.752710342407227,0.7690120935440063,0.44229158759117126,0.09057719260454178,0.751041054725647,0.6864960789680481,0.322110652923584,1.0642483234405518,0.11544213443994522,0.5408248901367188,3.7800983525663585,7.055486005188273,0.16793525218963623,-0.031637195497751236,0.21934498846530914,0.024365657940506935
woman_00,pg_diffusion,woman,a man,0.06,100,0.3,7.5,207.8,,0.006,0.5,11556.1,27.119409561157227,0.06000000238418579,0.8036139011383057,0.3826099932193756,0.9552136659622192,0.572346568107605,0.12032639980316162,1.1146794557571411,0.044058363884687424,0.0,20270808,19.066822052001953,0.748763918876648,0.48370787501335144,0.11753533780574799,0.7779788970947266,0.6638842821121216,0.32324492931365967,0.656988799571991,0.1113419458270073,0.6033605337142944,3.4446386593417477,5.5461946936443205,0.17275622487068176,-0.020530998706817627,0.22177442908287048,0.05341585725545883
woman_00,pg_diffusion,woman,a man,0.06,100,0.3,7.5,207.8,,0.006,0.5,11556.1,27.119409561157227,0.06000000238418579,0.8036139011383057,0.3826099932193756,0.9552136659622192,0.572346568107605,0.12032639980316162,1.1146794557571411,0.044058363884687424,0.0,20270809,19.31891441345215,0.7751829624176025,0.4882428050041199,0.1233673021197319,0.7949957847595215,0.6618565320968628,0.30889856815338135,0.6579467058181763,0.10815685987472534,0.5296567678451538,3.466872870234235,6.2435294740429805,0.16538041830062866,-0.013770685531198978,0.21677716076374054,0.045809101313352585
woman_00,pg_diffusion,woman,a man,0.06,100,0.3,7.5,207.8,,0.006,0.5,11556.1,27.119409561157227,0.06000000238418579,0.8036139011383057,0.3826099932193756,0.9552136659622192,0.572346568107605,0.12032639980316162,1.1146794557571411,0.044058363884687424,0.0,20270810,19.10322380065918,0.7861932516098022,0.4504079818725586,0.09710048139095306,0.7667241096496582,0.699196457862854,0.3495730757713318,0.8407651782035828,0.11087626963853836,0.5302581787109375,3.8935351995092358,6.38774259147192,0.16379305720329285,-0.01564674824476242,0.2298518717288971,0.046693965792655945
woman_00,pg_diffusion,woman,a man,0.06,100,0.3,7.5,207.8,,0.006,0.5,11556.1,27.119409561157227,0.06000000238418579,0.8036139011383057,0.3826099932193756,0.9552136659622192,0.572346568107605,0.12032639980316162,1.1146794557571411,0.044058363884687424,0.0,20270811,18.279396057128906,0.7866760492324829,0.42719024419784546,0.10905081778764725,0.7495143413543701,0.6578530073165894,0.2877441644668579,0.6855354905128479,0.12190741300582886,0.6687812805175781,3.518670579937758,3.0372397332360874,0.1671205461025238,-0.008218436501920223,0.22031542658805847,0.044194892048835754
woman_00,pg_diffusion,woman,a man,0.06,100,0.3,7.5,207.8,,0.006,0.5,11556.1,27.119409561157227,0.06000000238418579,0.8036139011383057,0.3826099932193756,0.9552136659622192,0.572346568107605,0.12032639980316162,1.1146794557571411,0.044058363884687424,0.0,20270812,19.213960647583008,0.7049182653427124,0.47183582186698914,0.11412069201469421,0.77107834815979,0.6804869174957275,0.32784926891326904,0.8160150647163391,0.10947170108556747,0.5870527029037476,3.689667763356696,5.627163882249938,0.16590575873851776,-0.01834217645227909,0.22002850472927094,0.03956514969468117
woman_00,pg_diffusion,woman,a man,0.06,100,0.3,7.5,207.8,,0.006,0.5,11556.1,27.119409561157227,0.06000000238418579,0.8036139011383057,0.3826099932193756,0.9552136659622192,0.572346568107605,0.12032639980316162,1.1146794557571411,0.044058363884687424,0.0,20270813,19.13214874267578,0.6861395835876465,0.44878897070884705,0.11398281157016754,0.7489646077156067,0.6706691980361938,0.3245973587036133,0.7862627506256104,0.11050767451524734,0.584356963634491,3.584399887058019,5.053168743660451,0.16982626914978027,-0.02541433833539486,0.23373498022556305,0.031279973685741425
woman_00,pg_diffusion,woman,a man,0.06,100,0.3,7.5,207.8,,0.006,0.5,11556.1,27.119409561157227,0.06000000238418579,0.8036139011383057,0.3826099932193756,0.9552136659622192,0.572346568107605,0.12032639980316162,1.1146794557571411,0.044058363884687424,0.0,20270814,18.64395523071289,0.6996659636497498,0.4967660903930664,0.14041019976139069,0.7774696350097656,0.6195652484893799,0.25876080989837646,0.5792794823646545,0.11689665168523788,0.6445579528808594,4.024733112020924,3.3210100135158886,0.16428080201148987,-0.040734805166721344,0.21819189190864563,0.0600988045334816
woman_00,pg_diffusion,woman,a man,0.06,100,0.3,7.5,207.8,,0.006,0.5,11556.1,27.119409561157227,0.06000000238418579,0.8036139011383057,0.3826099932193756,0.9552136659622192,0.572346568107605,0.12032639980316162,1.1146794557571411,0.044058363884687424,0.0,20270815,18.65570640563965,0.7709964513778687,0.47351711988449097,0.11852553486824036,0.7851163744926453,0.6728580594062805,0.27068591117858887,0.5981839895248413,0.11673859506845474,0.6384735107421875,3.678940264786419,4.203166408650895,0.18079662322998047,-0.014156765304505825,0.2323901206254959,0.04679763317108154
woman_00,pg_diffusion,woman,a man,0.06,100,0.3,7.5,207.8,,0.006,0.5,11556.1,27.119409561157227,0.06000000238418579,0.8036139011383057,0.3826099932193756,0.9552136659622192,0.572346568107605,0.12032639980316162,1.1146794557571411,0.044058363884687424,0.0,20270816,18.838932037353516,0.8677657246589661,0.43586939573287964,0.09928335249423981,0.7585134506225586,0.6790440082550049,0.3503164052963257,0.6741739511489868,0.11430183798074722,0.5712000727653503,3.2710923417938162,5.351238722810176,0.16063950955867767,-0.01992802508175373,0.23030725121498108,0.04401346296072006
woman_00,pg_diffusion,woman,a man,0.06,100,0.3,7.5,207.8,,0.006,0.5,11556.1,27.119409561157227,0.06000000238418579,0.8036139011383057,0.3826099932193756,0.9552136659622192,0.572346568107605,0.12032639980316162,1.1146794557571411,0.044058363884687424,0.0,20270817,18.831295013427734,0.7264224290847778,0.4628544747829437,0.10350119322538376,0.7708266377449036,0.6770315766334534,0.3059388995170593,0.7974963784217834,0.11440238356590271,0.5896505117416382,3.587835200379982,5.840462377911204,0.162699893116951,-0.01746952533721924,0.2127678394317627,0.02600497379899025
woman_00,pg_diffusion,woman,a man,0.06,100,0.3,7.5,207.8,,0.006,0.5,11556.1,27.119409561157227,0.06000000238418579,0.8036139011383057,0.3826099932193756,0.9552136659622192,0.572346568107605,0.12032639980316162,1.1146794557571411,0.044058363884687424,0.0,20270818,19.22612953186035,0.7053366303443909,0.44990643858909607,0.10375062376260757,0.773712158203125,0.6997228264808655,0.3492720127105713,0.7530199289321899,0.10931840538978577,0.5582796931266785,3.59303747744445,5.48790479996867,0.17162534594535828,-0.011315502226352692,0.21247640252113342,0.03928261622786522
woman_00,pg_diffusion,woman,a man,0.06,100,0.3,7.5,207.8,,0.006,0.5,11556.1,27.119409561157227,0.06000000238418579,0.8036139011383057,0.3826099932193756,0.9552136659622192,0.572346568107605,0.12032639980316162,1.1146794557571411,0.044058363884687424,0.0,20270819,18.303985595703125,0.8555420637130737,0.4478275775909424,0.12893421947956085,0.751767635345459,0.6629864573478699,0.3456934094429016,0.5228037238121033,0.12156277149915695,0.6867586970329285,3.768465595981736,3.8912990699256467,0.16808348894119263,-0.012308765202760696,0.2121725082397461,0.04586045444011688
woman_00,pg_diffusion,woman,a man,0.06,100,0.3,7.5,207.8,,0.006,0.5,11556.1,27.119409561157227,0.06000000238418579,0.8036139011383057,0.3826099932193756,0.9552136659622192,0.572346568107605,0.12032639980316162,1.1146794557571411,0.044058363884687424,0.0,20270820,18.946449279785156,0.8016042709350586,0.4498879313468933,0.09909471124410629,0.7641907334327698,0.6821876764297485,0.27748751640319824,0.9668321013450623,0.11289569735527039,0.5637983083724976,3.6420846645884284,5.270780644868588,0.17784851789474487,-0.019525226205587387,0.22654931247234344,0.024481648579239845
woman_00,pg_diffusion,woman,a man,0.06,100,0.3,7.5,207.8,,0.006,0.5,11556.1,27.119409561157227,0.06000000238418579,0.8036139011383057,0.3826099932193756,0.9552136659622192,0.572346568107605,0.12032639980316162,1.1146794557571411,0.044058363884687424,0.0,20270821,18.603639602661133,0.8171677589416504,0.45767220854759216,0.10192180424928665,0.7580382823944092,0.6800664663314819,0.31250613927841187,0.8263176083564758,0.11744049191474915,0.5626971125602722,3.514127167534301,6.332637580357894,0.1651117205619812,-0.01608489453792572,0.2474614381790161,0.029485568404197693
woman_00,pg_diffusion,woman,a man,0.06,100,0.3,7.5,207.8,,0.006,0.5,11556.1,27.119409561157227,0.06000000238418579,0.8036139011383057,0.3826099932193756,0.9552136659622192,0.572346568107605,0.12032639980316162,1.1146794557571411,0.044058363884687424,0.0,20270822,19.162811279296875,0.7060645818710327,0.4838784635066986,0.11477485299110413,0.780210554599762,0.6726517081260681,0.3299403786659241,0.7814833521842957,0.11011824011802673,0.5932197570800781,3.677546504511014,5.179993751279206,0.17580482363700867,-0.014588747173547745,0.2242409884929657,0.04987487196922302
woman_00,semantic,woman,a man,0.06,100,0.3,7.5,122.0,0.5595703125,0.006,0.5,8777.4,27.47103500366211,0.06000000238418579,0.8075839877128601,0.36260876059532166,0.9337566494941711,0.5488358736038208,0.17568516731262207,1.0764600038528442,0.04231039434671402,0.0,20270803,20.415672302246094,0.7839428782463074,0.5495003461837769,0.12605524063110352,0.8017275333404541,0.5975364446640015,0.26426059007644653,1.103098750114441,0.09532703459262848,0.36604946851730347,3.6817111867747805,2.800204411583899,0.16842761635780334,-0.016863815486431122,0.20284301042556763,0.017193760722875595
woman_00,semantic,woman,a man,0.06,100,0.3,7.5,122.0,0.5595703125,0.006,0.5,8777.4,27.47103500366211,0.06000000238418579,0.8075839877128601,0.36260876059532166,0.9337566494941711,0.5488358736038208,0.17568516731262207,1.0764600038528442,0.04231039434671402,0.0,20270804,20.918899536132812,0.9878065586090088,0.541923999786377,0.12325052917003632,0.795868992805481,0.5943371057510376,0.2909066677093506,1.1384092569351196,0.08996111899614334,0.3651987910270691,3.7096028842166455,2.66579619975328,0.16980713605880737,-0.026647847145795822,0.21184073388576508,-0.006417388096451759
woman_00,semantic,woman,a man,0.06,100,0.3,7.5,122.0,0.5595703125,0.006,0.5,8777.4,27.47103500366211,0.06000000238418579,0.8075839877128601,0.36260876059532166,0.9337566494941711,0.5488358736038208,0.17568516731262207,1.0764600038528442,0.04231039434671402,0.0,20270805,20.73817253112793,0.7947056293487549,0.561861515045166,0.1337059885263443,0.7965115308761597,0.5894396305084229,0.27349066734313965,0.9301595687866211,0.09185253083705902,0.367889404296875,3.4525414130657603,2.882543214010788,0.16915428638458252,-0.023542266339063644,0.23592014610767365,0.03783179447054863
woman_00,semantic,woman,a man,0.06,100,0.3,7.5,122.0,0.5595703125,0.006,0.5,8777.4,27.47103500366211,0.06000000238418579,0.8075839877128601,0.36260876059532166,0.9337566494941711,0.5488358736038208,0.17568516731262207,1.0764600038528442,0.04231039434671402,0.0,20270806,20.365585327148438,0.8449567556381226,0.5300859808921814,0.11434341967105865,0.784058690071106,0.5973992347717285,0.26023226976394653,1.141075611114502,0.09587834030389786,0.37494659423828125,3.5185423377925766,2.5704475353053686,0.1694890260696411,-0.012723543681204319,0.22584496438503265,0.034903109073638916
woman_00,semantic,woman,a man,0.06,100,0.3,7.5,122.0,0.5595703125,0.006,0.5,8777.4,27.47103500366211,0.06000000238418579,0.8075839877128601,0.36260876059532166,0.9337566494941711,0.5488358736038208,0.17568516731262207,1.0764600038528442,0.04231039434671402,0.0,20270807,20.731285095214844,0.7622697353363037,0.5431542992591858,0.12216084450483322,0.7904866337776184,0.6098986268043518,0.2914047837257385,1.03837251663208,0.09192539006471634,0.36644238233566284,3.7800983525663585,2.2569509637296865,0.16793525218963623,-0.031637195497751236,0.19661280512809753,-0.04353232681751251
woman_00,semantic,woman,a man,0.06,100,0.3,7.5,122.0,0.5595703125,0.006,0.5,8777.4,27.47103500366211,0.06000000238418579,0.8075839877128601,0.36260876059532166,0.9337566494941711,0.5488358736038208,0.17568516731262207,1.0764600038528442,0.04231039434671402,0.0,20270808,20.610286712646484,0.7140434980392456,0.5395416617393494,0.1251918524503708,0.798042356967926,0.6051216125488281,0.3017732501029968,0.9571388363838196,0.09321492165327072,0.3709754943847656,3.4446386593417477,2.5679347594811914,0.17275622487068176,-0.020530998706817627,0.2380770444869995,0.027629822492599487
woman_00,semantic,woman,a man,0.06,100,0.3,7.5,122.0,0.5595703125,0.006,0.5,8777.4,27.47103500366211,0.06000000238418579,0.8075839877128601,0.36260876059532166,0.9337566494941711,0.5488358736038208,0.17568516731262207,1.0764600038528442,0.04231039434671402,0.0,20270809,20.41868019104004,0.8060779571533203,0.5566273927688599,0.13505594432353973,0.8050305247306824,0.5720129013061523,0.2757312059402466,0.9181775450706482,0.0952940359711647,0.3604545593261719,3.466872870234235,3.353357693728376,0.16538041830062866,-0.013770685531198978,0.20960861444473267,0.009226670488715172
woman_00,semantic,woman,a man,0.06,100,0.3,7.5,122.0,0.5595703125,0.006,0.5,8777.4,27.47103500366211,0.06000000238418579,0.8075839877128601,0.36260876059532166,0.9337566494941711,0.5488358736038208,0.17568516731262207,1.0764600038528442,0.04231039434671402,0.0,20270810,20.548994064331055,0.7455008029937744,0.5425057411193848,0.12440486252307892,0.807945966720581,0.5988346338272095,0.3104989528656006,0.983257532119751,0.09387501329183578,0.3641611933708191,3.8935351995092358,3.2747982660969983,0.16379305720329285,-0.01564674824476242,0.2043321430683136,-0.026309942826628685
woman_00,semantic,woman,a man,0.06,100,0.3,7.5,122.0,0.5595703125,0.006,0.5,8777.4,27.47103500366211,0.06000000238418579,0.8075839877128601,0.36260876059532166,0.9337566494941711,0.5488358736038208,0.17568516731262207,1.0764600038528442,0.04231039434671402,0.0,20270811,20.395763397216797,0.7615453600883484,0.5245155096054077,0.11288689076900482,0.7843486666679382,0.6147255897521973,0.2849067449569702,1.113073468208313,0.09554580599069595,0.3782285153865814,3.518670579937758,2.1574256085037726,0.1671205461025238,-0.008218436501920223,0.23527012765407562,0.0339774489402771
woman_00,semantic,woman,a man,0.06,100,0.3,7.5,122.0,0.5595703125,0.006,0.5,8777.4,27.47103500366211,0.06000000238418579,0.8075839877128601,0.36260876059532166,0.9337566494941711,0.5488358736038208,0.17568516731262207,1.0764600038528442,0.04231039434671402,0.0,20270812,20.926122665405273,0.7886444330215454,0.552256166934967,0.12505929172039032,0.7947289943695068,0.5989615321159363,0.2760671377182007,1.199652910232544,0.08988633751869202,0.3606147766113281,3.689667763356696,2.63831797312162,0.16590575873851776,-0.01834217645227909,0.22771857678890228,0.03194759786128998
woman_00,semantic,woman,a man,0.06,100,0.3,7.5,122.0,0.5595703125,0.006,0.5,8777.4,27.47103500366211,0.06000000238418579,0.8075839877128601,0.36260876059532166,0.9337566494941711,0.5488358736038208,0.17568516731262207,1.0764600038528442,0.04231039434671402,0.0,20270813,21.071359634399414,1.0,0.5530943274497986,0.13177508115768433,0.7914666533470154,0.597684919834137,0.24234139919281006,0.9968366026878357,0.08839581161737442,0.3550961911678314,3.584399887058019,2.634091329565836,0.16982626914978027,-0.02541433833539486,0.23518116772174835,0.04970715567469597
woman_00,semantic,woman,a man,0.06,100,0.3,7.5,122.0,0.5595703125,0.006,0.5,8777.4,27.47103500366211,0.06000000238418579,0.8075839877128601,0.36260876059532166,0.9337566494941711,0.5488358736038208,0.17568516731262207,1.0764600038528442,0.04231039434671402,0.0,20270814,20.912599563598633,0.9896515607833862,0.5699481964111328,0.13522638380527496,0.8122431635856628,0.5621447563171387,0.26128053665161133,0.9904477596282959,0.09002639353275299,0.3472086787223816,4.024733112020924,2.9607572443139207,0.16428080201148987,-0.040734805166721344,0.18162593245506287,-0.019509878009557724
woman_00,semantic,woman,a man,0.06,100,0.3,7.5,122.0,0.5595703125,0.006,0.5,8777.4,27.47103500366211,0.06000000238418579,0.8075839877128601,0.36260876059532166,0.9337566494941711,0.5488358736038208,0.17568516731262207,1.0764600038528442,0.04231039434671402,0.0,20270815,20.120790481567383,0.8954954147338867,0.517261803150177,0.11551948636770248,0.7867245674133301,0.6000967621803284,0.27214109897613525,0.9946314096450806,0.09861894696950912,0.39085134863853455,3.678940264786419,2.6383027898260694,0.18079662322998047,-0.014156765304505825,0.23972941935062408,0.02731802873313427
woman_00,semantic,woman,a man,0.06,100,0.3,7.5,122.0,0.5595703125,0.006,0.5,8777.4,27.47103500366211,0.06000000238418579,0.8075839877128601,0.36260876059532166,0.9337566494941711,0.5488358736038208,0.17568516731262207,1.0764600038528442,0.04231039434671402,0.0,20270816,20.170162200927734,0.773790180683136,0.5205752849578857,0.11458437889814377,0.7896738052368164,0.6044532060623169,0.30529189109802246,1.0302692651748657,0.09805994480848312,0.3852030634880066,3.2710923417938162,2.9683956291584357,0.16063950955867767,-0.01992802508175373,0.2404857724905014,0.01985214464366436
woman_00,semantic,woman,a man,0.06,100,0.3,7.5,122.0,0.5595703125,0.006,0.5,8777.4,27.47103500366211,0.06000000238418579,0.8075839877128601,0.36260876059532166,0.9337566494941711,0.5488358736038208,0.17568516731262207,1.0764600038528442,0.04231039434671402,0.0,20270817,20.391761779785156,0.8032370805740356,0.559805154800415,0.12072759866714478,0.7899718880653381,0.6056761145591736,0.2797541618347168,1.0220122337341309,0.09558982402086258,0.37614697217941284,3.587835200379982,2.8580140657722346,0.162699893116951,-0.01746952533721924,0.19925621151924133,-0.03519945591688156
woman_00,semantic,woman,a man,0.06,100,0.3,7.5,122.0,0.5595703125,0.006,0.5,8777.4,27.47103500366211,0.06000000238418579,0.8075839877128601,0.36260876059532166,0.9337566494941711,0.5488358736038208,0.17568516731262207,1.0764600038528442,0.04231039434671402,0.0,20270818,20.872295379638672,0.8656355142593384,0.5439121127128601,0.1200089380145073,0.7987840175628662,0.6074564456939697,0.283910870552063,0.925990641117096,0.09044509381055832,0.36083731055259705,3.59303747744445,3.3536560245737776,0.17162534594535828,-0.011315502226352692,0.2239581197500229,-0.005022970959544182
woman_00,semantic,woman,a man,0.06,100,0.3,7.5,122.0,0.5595703125,0.006,0.5,8777.4,27.47103500366211,0.06000000238418579,0.8075839877128601,0.36260876059532166,0.9337566494941711,0.5488358736038208,0.17568516731262207,1.0764600038528442,0.04231039434671402,0.0,20270819,21.06583023071289,0.989189863204956,0.5348278284072876,0.12737105786800385,0.7923513054847717,0.6169983744621277,0.29418790340423584,0.959007203578949,0.08845209330320358,0.3756459653377533,3.768465595981736,2.2438245384259536,0.16808348894119263,-0.012308765202760696,0.19648587703704834,-0.01737861894071102
woman_00,semantic,woman,a man,0.06,100,0.3,7.5,122.0,0.5595703125,0.006,0.5,8777.4,27.47103500366211,0.06000000238418579,0.8075839877128601,0.36260876059532166,0.9337566494941711,0.5488358736038208,0.17568516731262207,1.0764600038528442,0.04231039434671402,0.0,20270820,20.721406936645508,0.682827889919281,0.5327357649803162,0.12456278502941132,0.7905694246292114,0.5984510183334351,0.29181969165802,1.2046911716461182,0.09202998876571655,0.38412731885910034,3.6420846645884284,2.4959070770949916,0.17784851789474487,-0.019525226205587387,0.2021639347076416,-0.028671374544501305
woman_00,semantic,woman,a man,0.06,100,0.3,7.5,122.0,0.5595703125,0.006,0.5,8777.4,27.47103500366211,0.06000000238418579,0.8075839877128601,0.36260876059532166,0.9337566494941711,0.5488358736038208,0.17568516731262207,1.0764600038528442,0.04231039434671402,0.0,20270821,20.025529861450195,0.7007042169570923,0.5416024923324585,0.11747569590806961,0.7846540808677673,0.6110053062438965,0.2706732749938965,1.0590401887893677,0.09970645606517792,0.37921142578125,3.514127167534301,2.6724436751625373,0.1651117205619812,-0.01608489453792572,0.2289750576019287,0.034252554178237915
woman_00,semantic,woman,a man,0.06,100,0.3,7.5,122.0,0.5595703125,0.006,0.5,8777.4,27.47103500366211,0.06000000238418579,0.8075839877128601,0.36260876059532166,0.9337566494941711,0.5488358736038208,0.17568516731262207,1.0764600038528442,0.04231039434671402,0.0,20270822,20.472667694091797,0.7539112567901611,0.5390115976333618,0.12137501686811447,0.7802972793579102,0.5979156494140625,0.2903727889060974,1.189297080039978,0.09470357745885849,0.3891448974609375,3.677546504511014,2.672687591546005,0.17580482363700867,-0.014588747173547745,0.21097150444984436,-0.008913533762097359
woman_01,pg_encoder,woman,a man,0.06,100,0.3,7.5,6.8,,0.006,0.5,8776.5,27.589458465576172,0.06000000238418579,0.7982882261276245,0.2633119523525238,0.9329807162284851,0.6706132888793945,0.15863037109375,1.5496798753738403,0.04173743352293968,0.0,20270803,16.660688400268555,0.6427419185638428,0.7659850120544434,0.533480167388916,0.7762743234634399,0.5645948648452759,0.3720588684082031,0.07620972394943237,0.14688095450401306,0.8477567434310913,6.894002212459646,11.475042814724201,0.2031242847442627,0.05319409444928169,0.23717962205410004,0.06767889857292175
woman_01,pg_encoder,woman,a man,0.06,100,0.3,7.5,6.8,,0.006,0.5,8776.5,27.589458465576172,0.06000000238418579,0.7982882261276245,0.2633119523525238,0.9329807162284851,0.6706132888793945,0.15863037109375,1.5496798753738403,0.04173743352293968,0.0,20270804,16.849651336669922,0.6689550876617432,0.7990657091140747,0.5972855687141418,0.821112871170044,0.5539655685424805,0.3051145076751709,0.11369747668504715,0.14372004568576813,0.834387481212616,7.511960097220497,10.953404543801218,0.20886731147766113,0.04568704962730408,0.24231737852096558,0.07291332632303238
woman_01,pg_encoder,woman,a man,0.06,100,0.3,7.5,6.8,,0.006,0.5,8776.5,27.589458465576172,0.06000000238418579,0.7982882261276245,0.2633119523525238,0.9329807162284851,0.6706132888793945,0.15863037109375,1.5496798753738403,0.04173743352293968,0.0,20270805,16.91789436340332,0.5628562569618225,0.7849515676498413,0.5110857486724854,0.798177182674408,0.582310676574707,0.3602631092071533,0.08480602502822876,0.14259527623653412,0.8268331289291382,7.32576866949826,11.276910623475548,0.2051713615655899,0.014572862535715103,0.23067690432071686,0.07075469940900803
woman_01,pg_encoder,woman,a man,0.06,100,0.3,7.5,6.8,,0.006,0.5,8776.5,27.589458465576172,0.06000000238418579,0.7982882261276245,0.2633119523525238,0.9329807162284851,0.6706132888793945,0.15863037109375,1.5496798753738403,0.04173743352293968,0.0,20270806,16.813318252563477,0.6721052527427673,0.767580509185791,0.5815980434417725,0.7840405702590942,0.5730968713760376,0.3500972390174866,0.07862125337123871,0.1443224847316742,0.8405227661132812,7.103783051316101,10.958651845589323,0.19114413857460022,0.0362057164311409,0.22729897499084473,0.054640933871269226
woman_01,pg_encoder,woman,a man,0.06,100,0.3,7.5,6.8,,0.006,0.5,8776.5,27.589458465576172,0.06000000238418579,0.7982882261276245,0.2633119523525238,0.9329807162284851,0.6706132888793945,0.15863037109375,1.5496798753738403,0.04173743352293968,0.0,20270807,16.695634841918945,0.6596614122390747,0.7874414324760437,0.6181644201278687,0.7983533143997192,0.5527606010437012,0.3411843776702881,0.08606291562318802,0.14629119634628296,0.8459053039550781,6.845826294744925,11.546258816267727,0.19855496287345886,0.03877243027091026,0.2150818258523941,0.05875040963292122
woman_01,pg_encoder,woman,a man,0.06,100,0.3,7.5,6.8,,0.006,0.5,8776.5,27.589458465576172,0.06000000238418579,0.7982882261276245,0.2633119523525238,0.9329807162284851,0.6706132888793945,0.15863037109375,1.5496798753738403,0.04173743352293968,0.0,20270808,17.01868438720703,0.6413087248802185,0.7833278179168701,0.5416395664215088,0.7991979122161865,0.5538259744644165,0.3311278223991394,0.09860333800315857,0.14095021784305573,0.8331871032714844,7.222037915701856,11.468628094969322,0.1806967854499817,0.03064117766916752,0.23025768995285034,0.06833364814519882
woman_01,pg_encoder,woman,a man,0.06,100,0.3,7.5,6.8,,0.006,0.5,8776.5,27.589458465576172,0.06000000238418579,0.7982882261276245,0.2633119523525238,0.9329807162284851,0.6706132888793945,0.15863037109375,1.5496798753738403,0.04173743352293968,0.0,20270809,16.36188316345215,0.6625074744224548,0.786063551902771,0.5530083179473877,0.8039087653160095,0.5293502807617188,0.32153642177581787,0.0821106806397438,0.15202176570892334,0.8473002314567566,6.857486045122897,10.141936061543799,0.2255108505487442,0.04673890024423599,0.22485366463661194,0.06855983287096024
woman_01,pg_encoder,woman,a man,0.06,100,0.3,7.5,6.8,,0.006,0.5,8776.5,27.589458465576172,0.06000000238418579,0.7982882261276245,0.2633119523525238,0.9329807162284851,0.6706132888793945,0.15863037109375,1.5496798753738403,0.04173743352293968,0.0,20270810,16.651016235351562,0.6744949817657471,0.785611093044281,0.510132908821106,0.8037800192832947,0.5537246465682983,0.31289803981781006,0.10238088667392731,0.1470446139574051,0.8468233942985535,7.149506604112838,10.304116010890471,0.20884010195732117,0.03678279370069504,0.22247935831546783,0.06684272736310959
woman_01,pg_encoder,woman,a man,0.06,100,0.3,7.5,6.8,,0.006,0.5,8776.5,27.589458465576172,0.06000000238418579,0.7982882261276245,0.2633119523525238,0.9329807162284851,0.6706132888793945,0.15863037109375,1.5496798753738403,0.04173743352293968,0.0,20270811,16.961162567138672,0.6623638868331909,0.7934068441390991,0.5891357660293579,0.8027971982955933,0.5538564920425415,0.33719903230667114,0.09891580790281296,0.14188672602176666,0.8328425288200378,7.143018282328933,9.801940648712927,0.2081742286682129,0.03431839495897293,0.25131839513778687,0.06613068282604218
woman_01,pg_encoder,woman,a man,0.06,100,0.3,7.5,6.8,,0.006,0.5,8776.5,27.589458465576172,0.06000000238418579,0.7982882261276245,0.2633119523525238,0.9329807162284851,0.6706132888793945,0.15863037109375,1.5496798753738403,0.04173743352293968,0.0,20270812,16.7888240814209,0.6433069705963135,0.769432544708252,0.5480265021324158,0.7801066637039185,0.5559107065200806,0.332607626914978,0.10505902022123337,0.14473003149032593,0.8495585322380066,6.709567749259492,10.119834081860159,0.21741759777069092,0.032371729612350464,0.23943495750427246,0.06216375529766083
woman_01,pg_encoder,woman,a man,0.06,100,0.3,7.5,6.8,,0.006,0.5,8776.5,27.589458465576172,0.06000000238418579,0.7982882261276245,0.2633119523525238,0.9329807162284851,0.6706132888793945,0.15863037109375,1.5496798753738403,0.04173743352293968,0.0,20270813,16.59296226501465,0.6572797298431396,0.7640585899353027,0.4860231280326843,0.7837101221084595,0.5692356824874878,0.34513401985168457,0.09304244816303253,0.14803071320056915,0.8513921499252319,6.57783388257906,10.552855405488785,0.21070913970470428,0.059487029910087585,0.25367340445518494,0.0807875394821167
woman_01,pg_encoder,woman,a man,0.06,100,0.3,7.5,6.8,,0.006,0.5,8776.5,27.589458465576172,0.06000000238418579,0.7982882261276245,0.2633119523525238,0.9329807162284851,0.6706132888793945,0.15863037109375,1.5496798753738403,0.04173743352293968,0.0,20270814,16.627412796020508,0.7108620405197144,0.7794255018234253,0.551308274269104,0.7936552166938782,0.55572110414505,0.349065899848938,0.07197228819131851,0.1474447250366211,0.8411127924919128,6.73088927005437,11.392626942078119,0.22956043481826782,0.05231637880206108,0.243314728140831,0.0662129819393158
woman_01,pg_encoder,woman,a man,0.06,100,0.3,7.5,6.8,,0.006,0.5,8776.5,27.589458465576172,0.06000000238418579,0.7982882261276245,0.2633119523525238,0.9329807162284851,0.6706132888793945,0.15863037109375,1.5496798753738403,0.04173743352293968,0.0,20270815,16.784379959106445,0.6570567488670349,0.7859372496604919,0.5623478889465332,0.8010246753692627,0.5399390459060669,0.33563417196273804,0.10432679951190948,0.14480413496494293,0.8446973562240601,6.956407686054381,10.954375812632993,0.21289396286010742,0.04368110001087189,0.24406136572360992,0.07314138114452362
woman_01,pg_encoder,woman,a man,0.06,100,0.3,7.5,6.8,,0.006,0.5,8776.5,27.589458465576172,0.06000000238418579,0.7982882261276245,0.2633119523525238,0.9329807162284851,0.6706132888793945,0.15863037109375,1.5496798753738403,0.04173743352293968,0.0,20270816,16.61446762084961,0.6044432520866394,0.7775236964225769,0.5543164014816284,0.7966101765632629,0.5461198091506958,0.31981074810028076,0.1085716113448143,0.1476646363735199,0.8493665456771851,6.798704298203237,10.441682416381475,0.21185001730918884,0.047846488654613495,0.2403450310230255,0.06149233132600784
woman_01,pg_encoder,woman,a man,0.06,100,0.3,7.5,6.8,,0.006,0.5,8776.5,27.589458465576172,0.06000000238418579,0.7982882261276245,0.2633119523525238,0.9329807162284851,0.6706132888793945,0.15863037109375,1.5496798753738403,0.04173743352293968,0.0,20270817,17.097654342651367,0.6769797801971436,0.8008350729942322,0.6101096868515015,0.8139358758926392,0.5180583000183105,0.31687670946121216,0.0973358154296875,0.13967452943325043,0.8331121206283569,7.296396807781347,10.44202595611866,0.21472704410552979,0.024833092465996742,0.2337171733379364,0.06763145327568054
woman_01,pg_encoder,woman,a man,0.06,100,0.3,7.5,6.8,,0.006,0.5,8776.5,27.589458465576172,0.06000000238418579,0.7982882261276245,0.2633119523525238,0.9329807162284851,0.6706132888793945,0.15863037109375,1.5496798753738403,0.04173743352293968,0.0,20270818,16.66353988647461,0.6550307869911194,0.7811949253082275,0.5656043291091919,0.7962573170661926,0.5749154686927795,0.35028159618377686,0.0813361406326294,0.14683274924755096,0.8351097106933594,7.790767402269342,10.15025209946635,0.22031326591968536,0.037449292838573456,0.23256537318229675,0.07509405165910721
woman_01,pg_encoder,woman,a man,0.06,100,0.3,7.5,6.8,,0.006,0.5,8776.5,27.589458465576172,0.06000000238418579,0.7982882261276245,0.2633119523525238,0.9329807162284851,0.6706132888793945,0.15863037109375,1.5496798753738403,0.04173743352293968,0.0,20270819,16.55462646484375,0.6934275031089783,0.7876474261283875,0.5853558778762817,0.8012406826019287,0.5538109540939331,0.3208695650100708,0.09282084554433823,0.1486855149269104,0.8503608703613281,6.798664882662544,11.04922505853085,0.20770105719566345,0.038486678153276443,0.24295473098754883,0.06786637008190155
woman_01,pg_encoder,woman,a man,0.06,100,0.3,7.5,6.8,,0.006,0.5,8776.5,27.589458465576172,0.06000000238418579,0.7982882261276245,0.2633119523525238,0.9329807162284851,0.6706132888793945,0.15863037109375,1.5496798753738403,0.04173743352293968,0.0,20270820,16.876211166381836,0.6743327379226685,0.7811379432678223,0.5836799144744873,0.7970947027206421,0.5404556393623352,0.33467864990234375,0.07894718647003174,0.1432812511920929,0.8501409292221069,6.895261919186461,10.827395580795864,0.20141863822937012,0.021155647933483124,0.2275930643081665,0.05567830055952072
woman_01,pg_encoder,woman,a man,0.06,100,0.3,7.5,6.8,,0.006,0.5,8776.5,27.589458465576172,0.06000000238418579,0.7982882261276245,0.2633119523525238,0.9329807162284851,0.6706132888793945,0.15863037109375,1.5496798753738403,0.04173743352293968,0.0,20270821,16.548908233642578,0.6426980495452881,0.7774695754051208,0.4931366741657257,0.7963258028030396,0.5622915625572205,0.35715043544769287,0.0863676369190216,0.14878341555595398,0.8481611013412476,6.76748655016438,10.928032524510137,0.22213119268417358,0.05049823597073555,0.2338951677083969,0.07136799395084381
woman_01,pg_encoder,woman,a man,0.06,100,0.3,7.5,6.8,,0.006,0.5,8776.5,27.589458465576172,0.06000000238418579,0.7982882261276245,0.2633119523525238,0.9329807162284851,0.6706132888793945,0.15863037109375,1.5496798753738403,0.04173743352293968,0.0,20270822,16.82697105407715,0.740777850151062,0.7610906362533569,0.44976162910461426,0.7796403765678406,0.5874063968658447,0.37286728620529175,0.07666601985692978,0.14409580826759338,0.8257192373275757,6.750085643097321,10.554742031336822,0.21406497061252594,0.03883786499500275,0.24297592043876648,0.06860853731632233
woman_01,pg_diffusion,woman,a man,0.06,100,0.3,7.5,207.5,,0.006,0.5,11556.1,26.890661239624023,0.06000000238418579,0.7734383940696716,0.25452932715415955,0.9404128789901733,0.6764559745788574,0.15730154514312744,1.7187920808792114,0.04523409157991409,0.0,20270803,18.872861862182617,0.6155318021774292,0.6436977982521057,0.1488960236310959,0.8298438787460327,0.6869142055511475,0.3241063356399536,1.1323686838150024,0.1138562262058258,0.7596601247787476,6.894002212459646,4.300751773769264,0.2031242847442627,0.05319409444928169,0.20126767456531525,0.025894686579704285
woman_01,pg_diffusion,woman,a man,0.06,100,0.3,7.5,207.5,,0.006,0.5,11556.1,26.890661239624023,0.06000000238418579,0.7734383940696716,0.25452932715415955,0.9404128789901733,0.6764559745788574,0.15730154514312744,1.7187920808792114,0.04523409157991409,0.0,20270804,18.853330612182617,0.7155367136001587,0.6151140332221985,0.1503591537475586,0.8257789611816406,0.6807209253311157,0.2998054623603821,1.1004468202590942,0.11411252617835999,0.7500724792480469,7.511960097220497,4.639889335562234,0.20886731147766113,0.04568704962730408,0.20914900302886963,0.052677616477012634
woman_01,pg_diffusion,woman,a man,0.06,100,0.3,7.5,207.5,,0.006,0.5,11556.1,26.890661239624023,0.06000000238418579,0.7734383940696716,0.25452932715415955,0.9404128789901733,0.6764559745788574,0.15730154514312744,1.7187920808792114,0.04523409157991409,0.0,20270805,17.754995346069336,0.6073468327522278,0.7132309675216675,0.1794014424085617,0.8349546790122986,0.6447429656982422,0.30845069885253906,0.9070858359336853,0.12949414551258087,0.8056361079216003,7.32576866949826,4.355647080410433,0.2051713615655899,0.014572862535715103,0.22490081191062927,0.04552839696407318
woman_01,pg_diffusion,woman,a man,0.06,100,0.3,7.5,207.5,,0.006,0.5,11556.1,26.890661239624023,0.06000000238418579,0.7734383940696716,0.25452932715415955,0.9404128789901733,0.6764559745788574,0.15730154514312744,1.7187920808792114,0.04523409157991409,0.0,20270806,18.59024429321289,0.6554285287857056,0.5933438539505005,0.1423640102148056,0.8138757348060608,0.6819658279418945,0.2698155641555786,1.3075281381607056,0.1176217570900917,0.7395032644271851,7.103783051316101,4.708788797049764,0.19114413857460022,0.0362057164311409,0.2144511342048645,0.030794799327850342
woman_01,pg_diffusion,woman,a man,0.06,100,0.3,7.5,207.5,,0.006,0.5,11556.1,26.890661239624023,0.06000000238418579,0.7734383940696716,0.25452932715415955,0.9404128789901733,0.6764559745788574,0.15730154514312744,1.7187920808792114,0.04523409157991409,0.0,20270807,17.840864181518555,0.70280921459198,0.6891454458236694,0.17998698353767395,0.835975170135498,0.6547505259513855,0.28371334075927734,0.8673626780509949,0.12822027504444122,0.8176091909408569,6.845826294744925,4.091675038314967,0.19855496287345886,0.03877243027091026,0.20818641781806946,0.044205814599990845
woman_01,pg_diffusion,woman,a man,0.06,100,0.3,7.5,207.5,,0.006,0.5,11556.1,26.890661239624023,0.06000000238418579,0.7734383940696716,0.25452932715415955,0.9404128789901733,0.6764559745788574,0.15730154514312744,1.7187920808792114,0.04523409157991409,0.0,20270808,18.735349655151367,0.6266615390777588,0.6482314467430115,0.13011254370212555,0.8040825724601746,0.6788116693496704,0.3223158121109009,1.26918625831604,0.11567311733961105,0.7613118886947632,7.222037915701856,4.198477883714728,0.1806967854499817,0.03064117766916752,0.2102496176958084,0.05265974998474121
woman_01,pg_diffusion,woman,a man,0.06,100,0.3,7.5,207.5,,0.006,0.5,11556.1,26.890661239624023,0.06000000238418579,0.7734383940696716,0.25452932715415955,0.9404128789901733,0.6764559745788574,0.15730154514312744,1.7187920808792114,0.04523409157991409,0.0,20270809,18.215652465820312,0.5531851649284363,0.6859022974967957,0.1613304316997528,0.8296645879745483,0.6759881973266602,0.3091825246810913,0.9090030789375305,0.12280535697937012,0.8011296987533569,6.857486045122897,4.068604029114262,0.2255108505487442,0.04673890024423599,0.20763590931892395,0.045949432998895645
woman_01,pg_diffusion,woman,a man,0.06,100,0.3,7.5,207.5,,0.006,0.5,11556.1,26.890661239624023,0.06000000238418579,0.7734383940696716,0.25452932715415955,0.9404128789901733,0.6764559745788574,0.15730154514312744,1.7187920808792114,0.04523409157991409,0.0,20270810,20.679025650024414,0.7737671136856079,0.592806339263916,0.12134205549955368,0.8248076438903809,0.6951488256454468,0.3261079788208008,1.7894631624221802,0.0924801379442215,0.5339597463607788,7.149506604112838,8.097219477852917,0.20884010195732117,0.03678279370069504,0.2085934430360794,0.035393405705690384
woman_01,pg_diffusion,woman,a man,0.06,100,0.3,7.5,207.5,,0.006,0.5,11556.1,26.890661239624023,0.06000000238418579,0.7734383940696716,0.25452932715415955,0.9404128789901733,0.6764559745788574,0.15730154514312744,1.7187920808792114,0.04523409157991409,0.0,20270811,18.529022216796875,0.7038895487785339,0.6610779166221619,0.14984619617462158,0.8337883353233337,0.6528334021568298,0.2933728098869324,1.0653495788574219,0.11845371872186661,0.7853063344955444,7.143018282328933,4.431984626509129,0.2081742286682129,0.03431839495897293,0.22699692845344543,0.043960072100162506
woman_01,pg_diffusion,woman,a man,0.06,100,0.3,7.5,207.5,,0.006,0.5,11556.1,26.890661239624023,0.06000000238418579,0.7734383940696716,0.25452932715415955,0.9404128789901733,0.6764559745788574,0.15730154514312744,1.7187920808792114,0.04523409157991409,0.0,20270812,19.09549331665039,0.6145526170730591,0.6440612077713013,0.14427141845226288,0.821391224861145,0.6721433401107788,0.29789817333221436,1.5133845806121826,0.1109750047326088,0.7368520498275757,6.709567749259492,4.337954243553206,0.21741759777069092,0.032371729612350464,0.21639284491539001,0.043129757046699524
woman_01,pg_diffusion,woman,a man,0.06,100,0.3,7.5,207.5,,0.006,0.5,11556.1,26.890661239624023,0.06000000238418579,0.7734383940696716,0.25452932715415955,0.9404128789901733,0.6764559745788574,0.15730154514312744,1.7187920808792114,0.04523409157991409,0.0,20270813,18.293123245239258,0.5905497670173645,0.630513608455658,0.16111941635608673,0.8161640763282776,0.651131272315979,0.28769683837890625,1.008876085281372,0.12171489000320435,0.7960281372070312,6.57783388257906,4.282205855556623,0.21070913970470428,0.059487029910087585,0.21407607197761536,0.051639340817928314
woman_01,pg_diffusion,woman,a man,0.06,100,0.3,7.5,207.5,,0.006,0.5,11556.1,26.890661239624023,0.06000000238418579,0.7734383940696716,0.25452932715415955,0.9404128789901733,0.6764559745788574,0.15730154514312744,1.7187920808792114,0.04523409157991409,0.0,20270814,20.082529067993164,0.8906446695327759,0.5909834504127502,0.10327085852622986,0.8021469712257385,0.6906161308288574,0.2985701560974121,1.8439629077911377,0.09905429184436798,0.6119855642318726,6.73088927005437,5.651493874882398,0.22956043481826782,0.05231637880206108,0.21549394726753235,0.044278793036937714
woman_01,pg_diffusion,woman,a man,0.06,100,0.3,7.5,207.5,,0.006,0.5,11556.1,26.890661239624023,0.06000000238418579,0.7734383940696716,0.25452932715415955,0.9404128789901733,0.6764559745788574,0.15730154514312744,1.7187920808792114,0.04523409157991409,0.0,20270815,19.568607330322266,0.6695695519447327,0.6659122705459595,0.14019474387168884,0.8264251351356506,0.66657954454422,0.288088321685791,1.4799751043319702,0.10509195178747177,0.6982994079589844,6.956407686054381,4.5925220916497596,0.21289396286010742,0.04368110001087189,0.2046625316143036,0.03887368366122246
woman_01,pg_diffusion,woman,a man,0.06,100,0.3,7.5,207.5,,0.006,0.5,11556.1,26.890661239624023,0.06000000238418579,0.7734383940696716,0.25452932715415955,0.9404128789901733,0.6764559745788574,0.15730154514312744,1.7187920808792114,0.04523409157991409,0.0,20270816,18.879438400268555,0.5470606088638306,0.6744785308837891,0.1600905805826187,0.8393113613128662,0.6686651706695557,0.31619417667388916,1.2199335098266602,0.11377005279064178,0.7643712759017944,6.798704298203237,4.55474387763026,0.21185001730918884,0.047846488654613495,0.2154286503791809,0.046361103653907776
woman_01,pg_diffusion,woman,a man,0.06,100,0.3,7.5,207.5,,0.006,0.5,11556.1,26.890661239624023,0.06000000238418579,0.7734383940696716,0.25452932715415955,0.9404128789901733,0.6764559745788574,0.15730154514312744,1.7187920808792114,0.04523409157991409,0.0,20270817,19.452346801757812,0.6509014368057251,0.6607126593589783,0.15910673141479492,0.8367072939872742,0.6551744937896729,0.2665179967880249,1.2687146663665771,0.1065080538392067,0.7087478637695312,7.296396807781347,3.8056445656911744,0.21472704410552979,0.024833092465996742,0.22093848884105682,0.038694173097610474
woman_01,pg_diffusion,woman,a man,0.06,100,0.3,7.5,207.5,,0.006,0.5,11556.1,26.890661239624023,0.06000000238418579,0.7734383940696716,0.25452932715415955,0.9404128789901733,0.6764559745788574,0.15730154514312744,1.7187920808792114,0.04523409157991409,0.0,20270818,18.913856506347656,0.6092178225517273,0.6528772115707397,0.14830182492733002,0.8205096125602722,0.6503536105155945,0.29112279415130615,1.3748165369033813,0.11332011967897415,0.75604248046875,7.790767402269342,2.9071221253823687,0.22031326591968536,0.037449292838573456,0.22715088725090027,0.05543144792318344
woman_01,pg_diffusion,woman,a man,0.06,100,0.3,7.5,207.5,,0.006,0.5,11556.1,26.890661239624023,0.06000000238418579,0.7734383940696716,0.25452932715415955,0.9404128789901733,0.6764559745788574,0.15730154514312744,1.7187920808792114,0.04523409157991409,0.0,20270819,17.727842330932617,0.7000035047531128,0.6729087233543396,0.1742039918899536,0.836665689945221,0.6619166731834412,0.297147274017334,0.8239421844482422,0.12989957630634308,0.8161150813102722,6.798664882662544,4.634540259684647,0.20770105719566345,0.038486678153276443,0.21584084630012512,0.04083218052983284
woman_01,pg_diffusion,woman,a man,0.06,100,0.3,7.5,207.5,,0.006,0.5,11556.1,26.890661239624023,0.06000000238418579,0.7734383940696716,0.25452932715415955,0.9404128789901733,0.6764559745788574,0.15730154514312744,1.7187920808792114,0.04523409157991409,0.0,20270820,17.843891143798828,0.6099615097045898,0.6520354151725769,0.14522424340248108,0.8034569025039673,0.6637376546859741,0.3155328035354614,1.1459928750991821,0.12817560136318207,0.8140894770622253,6.895261919186461,3.5835132588903567,0.20141863822937012,0.021155647933483124,0.2137008160352707,0.04177851602435112
woman_01,pg_diffusion,woman,a man,0.06,100,0.3,7.5,207.5,,0.006,0.5,11556.1,26.890661239624023,0.06000000238418579,0.7734383940696716,0.25452932715415955,0.9404128789901733,0.6764559745788574,0.15730154514312744,1.7187920808792114,0.04523409157991409,0.0,20270821,18.74790382385254,0.586976170539856,0.6425156593322754,0.16289682686328888,0.8331236839294434,0.6817212104797363,0.2926880717277527,1.0241416692733765,0.11550604552030563,0.7592633962631226,6.76748655016438,5.094532253947186,0.22213119268417358,0.05049823597073555,0.2120448797941208,0.01757587119936943
woman_01,pg_diffusion,woman,a man,0.06,100,0.3,7.5,207.5,,0.006,0.5,11556.1,26.890661239624023,0.06000000238418579,0.7734383940696716,0.25452932715415955,0.9404128789901733,0.6764559745788574,0.15730154514312744,1.7187920808792114,0.04523409157991409,0.0,20270822,19.226356506347656,0.7022125720977783,0.6085326075553894,0.11681792885065079,0.7995147705078125,0.7111446857452393,0.33565646409988403,1.6382791996002197,0.10931558161973953,0.7136052846908569,6.750085643097321,4.782574659237219,0.21406497061252594,0.03883786499500275,0.21339887380599976,0.03671976923942566
woman_01,semantic,woman,a man,0.06,100,0.3,7.5,122.3,0.798583984375,0.006,0.5,8777.4,27.706558227539062,0.06000000238418579,0.7332305908203125,0.2377447485923767,0.8957000970840454,0.5846359729766846,0.22684252262115479,1.854479432106018,0.04117852821946144,0.0,20270803,24.629323959350586,0.5935062766075134,0.6872973442077637,0.13517270982265472,0.8407614827156067,0.59673011302948,0.33051013946533203,1.9973194599151611,0.05868583172559738,0.21421432495117188,6.894002212459646,5.617432608710987,0.2031242847442627,0.05319409444928169,0.21907977759838104,0.03889041766524315
woman_01,semantic,woman,a man,0.06,100,0.3,7.5,122.3,0.798583984375,0.006,0.5,8777.4,27.706558227539062,0.06000000238418579,0.7332305908203125,0.2377447485923767,0.8957000970840454,0.5846359729766846,0.22684252262115479,1.854479432106018,0.04117852821946144,0.0,20270804,24.59870147705078,0.9442411065101624,0.6968454122543335,0.13309039175510406,0.8304131627082825,0.6044571995735168,0.3087174892425537,2.0437979698181152,0.05889309570193291,0.2095794677734375,7.511960097220497,5.862950681359678,0.20886731147766113,0.04568704962730408,0.2384471744298935,0.04489345848560333
woman_01,semantic,woman,a man,0.06,100,0.3,7.5,122.3,0.798583984375,0.006,0.5,8777.4,27.706558227539062,0.06000000238418579,0.7332305908203125,0.2377447485923767,0.8957000970840454,0.5846359729766846,0.22684252262115479,1.854479432106018,0.04117852821946144,0.0,20270805,24.67269515991211,0.6766618490219116,0.664252519607544,0.12703587114810944,0.8252548575401306,0.5974387526512146,0.32699841260910034,2.3925387859344482,0.058393530547618866,0.21171824634075165,7.32576866949826,6.2814525364206455,0.2051713615655899,0.014572862535715103,0.23085260391235352,0.050372540950775146
woman_01,semantic,woman,a man,0.06,100,0.3,7.5,122.3,0.798583984375,0.006,0.5,8777.4,27.706558227539062,0.06000000238418579,0.7332305908203125,0.2377447485923767,0.8957000970840454,0.5846359729766846,0.22684252262115479,1.854479432106018,0.04117852821946144,0.0,20270806,24.36895751953125,0.6014724969863892,0.6373543739318848,0.11520088464021683,0.8131152987480164,0.5932313203811646,0.3529529571533203,2.6681835651397705,0.060471609234809875,0.2319997251033783,7.103783051316101,5.4683745006973,0.19114413857460022,0.0362057164311409,0.19692209362983704,0.039392296224832535
woman_01,semantic,woman,a man,0.06,100,0.3,7.5,122.3,0.798583984375,0.006,0.5,8777.4,27.706558227539062,0.06000000238418579,0.7332305908203125,0.2377447485923767,0.8957000970840454,0.5846359729766846,0.22684252262115479,1.854479432106018,0.04117852821946144,0.0,20270807,24.496896743774414,0.5479390621185303,0.673346757888794,0.1227627694606781,0.827894389629364,0.6102080345153809,0.3419133424758911,2.4297690391540527,0.05958741903305054,0.21747207641601562,6.845826294744925,6.115723984420236,0.19855496287345886,0.03877243027091026,0.2414378821849823,0.03909718990325928
woman_01,semantic,woman,a man,0.06,100,0.3,7.5,122.3,0.798583984375,0.006,0.5,8777.4,27.706558227539062,0.06000000238418579,0.7332305908203125,0.2377447485923767,0.8957000970840454,0.5846359729766846,0.22684252262115479,1.854479432106018,0.04117852821946144,0.0,20270808,24.23686981201172,0.6252901554107666,0.6724133491516113,0.12501338124275208,0.8161833882331848,0.6017654538154602,0.33513379096984863,1.9270068407058716,0.061398252844810486,0.2287445068359375,7.222037915701856,5.938073528323251,0.1806967854499817,0.03064117766916752,0.22758956253528595,0.04069646820425987
woman_01,semantic,woman,a man,0.06,100,0.3,7.5,122.3,0.798583984375,0.006,0.5,8777.4,27.706558227539062,0.06000000238418579,0.7332305908203125,0.2377447485923767,0.8957000970840454,0.5846359729766846,0.22684252262115479,1.854479432106018,0.04117852821946144,0.0,20270809,24.354970932006836,0.5629910826683044,0.6744710803031921,0.12910237908363342,0.8208214640617371,0.6079925298690796,0.34171879291534424,1.8177170753479004,0.06056906282901764,0.22536596655845642,6.857486045122897,6.163037855719276,0.2255108505487442,0.04673890024423599,0.2299221009016037,0.04106081649661064
woman_01,semantic,woman,a man,0.06,100,0.3,7.5,122.3,0.798583984375,0.006,0.5,8777.4,27.706558227539062,0.06000000238418579,0.7332305908203125,0.2377447485923767,0.8957000970840454,0.5846359729766846,0.22684252262115479,1.854479432106018,0.04117852821946144,0.0,20270810,24.190513610839844,0.567523717880249,0.6646846532821655,0.12712769210338593,0.8196790814399719,0.6032117605209351,0.3362851142883301,2.093421459197998,0.06172679364681244,0.22973506152629852,7.149506604112838,5.929565268714977,0.20884010195732117,0.03678279370069504,0.23451687395572662,0.039355941116809845
woman_01,semantic,woman,a man,0.06,100,0.3,7.5,122.3,0.798583984375,0.006,0.5,8777.4,27.706558227539062,0.06000000238418579,0.7332305908203125,0.2377447485923767,0.8957000970840454,0.5846359729766846,0.22684252262115479,1.854479432106018,0.04117852821946144,0.0,20270811,24.882638931274414,0.7095397710800171,0.667140007019043,0.12762455642223358,0.8182757496833801,0.5812981128692627,0.3260519504547119,2.3767263889312744,0.056999024003744125,0.20830917358398438,7.143018282328933,5.668914787828463,0.2081742286682129,0.03431839495897293,0.24095575511455536,0.04652436077594757
woman_01,semantic,woman,a man,0.06,100,0.3,7.5,122.3,0.798583984375,0.006,0.5,8777.4,27.706558227539062,0.06000000238418579,0.7332305908203125,0.2377447485923767,0.8957000970840454,0.5846359729766846,0.22684252262115479,1.854479432106018,0.04117852821946144,0.0,20270812,24.729907989501953,0.6491999626159668,0.6744722127914429,0.13466838002204895,0.8256396651268005,0.5943933129310608,0.31876689195632935,2.027254581451416,0.05801015719771385,0.21157583594322205,6.709567749259492,5.392255844713842,0.21741759777069092,0.032371729612350464,0.2316349744796753,0.04439755901694298
woman_01,semantic,woman,a man,0.06,100,0.3,7.5,122.3,0.798583984375,0.006,0.5,8777.4,27.706558227539062,0.06000000238418579,0.7332305908203125,0.2377447485923767,0.8957000970840454,0.5846359729766846,0.22684252262115479,1.854479432106018,0.04117852821946144,0.0,20270813,23.915903091430664,0.5989247560501099,0.6680900454521179,0.12612488865852356,0.8253107070922852,0.6093572378158569,0.34311503171920776,1.984645962715149,0.06370951980352402,0.24478404223918915,6.57783388257906,6.303871085949124,0.21070913970470428,0.059487029910087585,0.23617300391197205,0.03910166397690773
woman_01,semantic,woman,a man,0.06,100,0.3,7.5,122.3,0.798583984375,0.006,0.5,8777.4,27.706558227539062,0.06000000238418579,0.7332305908203125,0.2377447485923767,0.8957000970840454,0.5846359729766846,0.22684252262115479,1.854479432106018,0.04117852821946144,0.0,20270814,24.544485092163086,0.6969109773635864,0.6516358852386475,0.12944748997688293,0.8183205723762512,0.5866764783859253,0.30668240785598755,2.1334784030914307,0.059261858463287354,0.21466064453125,6.73088927005437,5.257963753577327,0.22956043481826782,0.05231637880206108,0.23051679134368896,0.055827707052230835
woman_01,semantic,woman,a man,0.06,100,0.3,7.5,122.3,0.798583984375,0.006,0.5,8777.4,27.706558227539062,0.06000000238418579,0.7332305908203125,0.2377447485923767,0.8957000970840454,0.5846359729766846,0.22684252262115479,1.854479432106018,0.04117852821946144,0.0,20270815,24.577190399169922,0.681118369102478,0.676224410533905,0.12990377843379974,0.8337017893791199,0.5955780744552612,0.3421099781990051,2.182962417602539,0.059039123356342316,0.21579615771770477,6.956407686054381,6.109661731951926,0.21289396286010742,0.04368110001087189,0.22510285675525665,0.05375054478645325
woman_01,semantic,woman,a man,0.06,100,0.3,7.5,122.3,0.798583984375,0.006,0.5,8777.4,27.706558227539062,0.06000000238418579,0.7332305908203125,0.2377447485923767,0.8957000970840454,0.5846359729766846,0.22684252262115479,1.854479432106018,0.04117852821946144,0.0,20270816,24.520864486694336,0.5684260725975037,0.6800336241722107,0.14551053941249847,0.8398851752281189,0.5978155136108398,0.34036850929260254,2.2031311988830566,0.059423211961984634,0.22011694312095642,6.798704298203237,6.357142869520258,0.21185001730918884,0.047846488654613495,0.22751720249652863,0.042928971350193024
woman_01,semantic,woman,a man,0.06,100,0.3,7.5,122.3,0.798583984375,0.006,0.5,8777.4,27.706558227539062,0.06000000238418579,0.7332305908203125,0.2377447485923767,0.8957000970840454,0.5846359729766846,0.22684252262115479,1.854479432106018,0.04117852821946144,0.0,20270817,24.418031692504883,0.616764485836029,0.6709063053131104,0.1311773955821991,0.829764723777771,0.6006861925125122,0.32950353622436523,2.0138485431671143,0.060130927711725235,0.22338232398033142,7.296396807781347,5.870872192733452,0.21472704410552979,0.024833092465996742,0.2234470248222351,0.04457394778728485
woman_01,semantic,woman,a man,0.06,100,0.3,7.5,122.3,0.798583984375,0.006,0.5,8777.4,27.706558227539062,0.06000000238418579,0.7332305908203125,0.2377447485923767,0.8957000970840454,0.5846359729766846,0.22684252262115479,1.854479432106018,0.04117852821946144,0.0,20270818,24.813634872436523,0.48360341787338257,0.6791626811027527,0.13381078839302063,0.8306979537010193,0.6048485636711121,0.33369457721710205,2.3613762855529785,0.057453639805316925,0.21592967212200165,7.790767402269342,6.589872233666219,0.22031326591968536,0.037449292838573456,0.2258821427822113,0.0398889034986496
woman_01,semantic,woman,a man,0.06,100,0.3,7.5,122.3,0.798583984375,0.006,0.5,8777.4,27.706558227539062,0.06000000238418579,0.7332305908203125,0.2377447485923767,0.8957000970840454,0.5846359729766846,0.22684252262115479,1.854479432106018,0.04117852821946144,0.0,20270819,24.259124755859375,0.6953988075256348,0.6792654991149902,0.13476677238941193,0.8301243185997009,0.5963547229766846,0.30733996629714966,2.12479567527771,0.061241138726472855,0.2304789274930954,6.798664882662544,5.508117814768097,0.20770105719566345,0.038486678153276443,0.22750359773635864,0.03618450090289116
woman_01,semantic,woman,a man,0.06,100,0.3,7.5,122.3,0.798583984375,0.006,0.5,8777.4,27.706558227539062,0.06000000238418579,0.7332305908203125,0.2377447485923767,0.8957000970840454,0.5846359729766846,0.22684252262115479,1.854479432106018,0.04117852821946144,0.0,20270820,24.034561157226562,0.6337876915931702,0.6495465040206909,0.11739261448383331,0.8108115196228027,0.5999405980110168,0.34211719036102295,2.3907666206359863,0.06284508854150772,0.23142752051353455,6.895261919186461,5.444096135269679,0.20141863822937012,0.021155647933483124,0.2314426600933075,0.034111153334379196
woman_01,semantic,woman,a man,0.06,100,0.3,7.5,122.3,0.798583984375,0.006,0.5,8777.4,27.706558227539062,0.06000000238418579,0.7332305908203125,0.2377447485923767,0.8957000970840454,0.5846359729766846,0.22684252262115479,1.854479432106018,0.04117852821946144,0.0,20270821,24.865154266357422,0.5946266055107117,0.6944815516471863,0.13467660546302795,0.8273279070854187,0.5925425887107849,0.32110488414764404,1.9356387853622437,0.057113878428936005,0.20835749804973602,6.76748655016438,6.16711555267023,0.22213119268417358,0.05049823597073555,0.21003291010856628,0.051290929317474365
woman_01,semantic,woman,a man,0.06,100,0.3,7.5,122.3,0.798583984375,0.006,0.5,8777.4,27.706558227539062,0.06000000238418579,0.7332305908203125,0.2377447485923767,0.8957000970840454,0.5846359729766846,0.22684252262115479,1.854479432106018,0.04117852821946144,0.0,20270822,24.288236618041992,0.6617892980575562,0.6619431376457214,0.12129351496696472,0.8164140582084656,0.6074557304382324,0.34006166458129883,2.0406501293182373,0.061036210507154465,0.22688674926757812,6.750085643097321,5.417639052908646,0.21406497061252594,0.03883786499500275,0.2388279289007187,0.04640328884124756
woman_02,pg_encoder,woman,a man,0.06,100,0.3,7.5,6.8,,0.006,0.5,8776.5,27.646970748901367,0.06000000238418579,0.811173677444458,0.28800877928733826,0.9378470182418823,0.6107269525527954,0.12955641746520996,1.0659829378128052,0.0414620004594326,0.0,20270803,17.24618148803711,0.6023950576782227,0.6987862586975098,0.3336317837238312,0.7659202218055725,0.5859182476997375,0.3503754138946533,0.06931371986865997,0.13730643689632416,0.7951685786247253,2.9022859418904265,10.139704846380967,0.19773739576339722,0.05631771683692932,0.22209201753139496,0.07455487549304962
woman_02,pg_encoder,woman,a man,0.06,100,0.3,7.5,6.8,,0.006,0.5,8776.5,27.646970748901367,0.06000000238418579,0.811173677444458,0.28800877928733826,0.9378470182418823,0.6107269525527954,0.12955641746520996,1.0659829378128052,0.0414620004594326,0.0,20270804,17.766515731811523,0.6628731489181519,0.718591570854187,0.39432618021965027,0.7834094762802124,0.5814964771270752,0.3512389659881592,0.07543127238750458,0.12932249903678894,0.7756513357162476,3.3593824842610376,10.057438603527556,0.20341366529464722,0.05312662199139595,0.2316543459892273,0.07651908695697784
woman_02,pg_encoder,woman,a man,0.06,100,0.3,7.5,6.8,,0.006,0.5,8776.5,27.646970748901367,0.06000000238418579,0.811173677444458,0.28800877928733826,0.9378470182418823,0.6107269525527954,0.12955641746520996,1.0659829378128052,0.0414620004594326,0.0,20270805,16.61467933654785,0.6524528861045837,0.6714596748352051,0.32372570037841797,0.7434500455856323,0.5849953889846802,0.3737967014312744,0.04442449286580086,0.14766106009483337,0.8378270864486694,2.65109777987177,10.663482375709506,0.1955363154411316,0.05489061400294304,0.2343350648880005,0.0669092983007431
woman_02,pg_encoder,woman,a man,0.06,100,0.3,7.5,6.8,,0.006,0.5,8776.5,27.646970748901367,0.06000000238418579,0.811173677444458,0.28800877928733826,0.9378470182418823,0.6107269525527954,0.12955641746520996,1.0659829378128052,0.0414620004594326,0.0,20270806,17.142536163330078,0.5947413444519043,0.702160120010376,0.36504605412483215,0.768455982208252,0.5900123119354248,0.3412672281265259,0.05980731546878815,0.13895465433597565,0.8038825988769531,3.0527883580252957,10.68403373511568,0.2036263346672058,0.059326283633708954,0.22850048542022705,0.06724262982606888
woman_02,pg_encoder,woman,a man,0.06,100,0.3,7.5,6.8,,0.006,0.5,8776.5,27.646970748901367,0.06000000238418579,0.811173677444458,0.28800877928733826,0.9378470182418823,0.6107269525527954,0.12955641746520996,1.0659829378128052,0.0414620004594326,0.0,20270807,17.335079193115234,0.6644678115844727,0.6994940042495728,0.3865104913711548,0.7598419785499573,0.5997208952903748,0.3518245220184326,0.058583132922649384,0.13590829074382782,0.8039461970329285,2.8240890426022958,9.9769126201542,0.20298629999160767,0.04912174493074417,0.21848003566265106,0.05243848264217377
woman_02,pg_encoder,woman,a man,0.06,100,0.3,7.5,6.8,,0.006,0.5,8776.5,27.646970748901367,0.06000000238418579,0.811173677444458,0.28800877928733826,0.9378470182418823,0.6107269525527954,0.12955641746520996,1.0659829378128052,0.0414620004594326,0.0,20270808,17.74810218811035,0.6831779479980469,0.7161072492599487,0.3399600088596344,0.7806299924850464,0.5722354650497437,0.335560142993927,0.08231278508901596,0.12959696352481842,0.7699331045150757,3.052859832331097,10.282165350037982,0.20001569390296936,0.05771664157509804,0.2446160614490509,0.07404588162899017
woman_02,pg_encoder,woman,a man,0.06,100,0.3,7.5,6.8,,0.006,0.5,8776.5,27.646970748901367,0.06000000238418579,0.811173677444458,0.28800877928733826,0.9378470182418823,0.6107269525527954,0.12955641746520996,1.0659829378128052,0.0414620004594326,0.0,20270809,17.008499145507812,0.6641470193862915,0.6832822561264038,0.36761781573295593,0.7527377605438232,0.5630908012390137,0.3430490493774414,0.05558070167899132,0.14111559092998505,0.8206456899642944,2.6979560828242617,9.7700009706586,0.20025327801704407,0.05510493740439415,0.24065330624580383,0.06465363502502441
woman_02,pg_encoder,woman,a man,0.06,100,0.3,7.5,6.8,,0.006,0.5,8776.5,27.646970748901367,0.06000000238418579,0.811173677444458,0.28800877928733826,0.9378470182418823,0.6107269525527954,0.12955641746520996,1.0659829378128052,0.0414620004594326,0.0,20270810,17.67195701599121,0.7684504389762878,0.7115117907524109,0.3172127604484558,0.7625252604484558,0.5757126808166504,0.3378273844718933,0.069041408598423,0.1307380646467209,0.7772483825683594,3.171476553838882,10.282241021655068,0.2030463069677353,0.06429869681596756,0.2308162897825241,0.07678501307964325
woman_02,pg_encoder,woman,a man,0.06,100,0.3,7.5,6.8,,0.006,0.5,8776.5,27.646970748901367,0.06000000238418579,0.811173677444458,0.28800877928733826,0.9378470182418823,0.6107269525527954,0.12955641746520996,1.0659829378128052,0.0414620004594326,0.0,20270811,17.22324562072754,0.7490110397338867,0.7092641592025757,0.3339422345161438,0.7808311581611633,0.5773739814758301,0.3445267677307129,0.05683394521474838,0.13766947388648987,0.8174998164176941,3.2180812573728947,9.809587085549424,0.2000035047531128,0.058786533772945404,0.2533278465270996,0.06871718168258667
woman_02,pg_encoder,woman,a man,0.06,100,0.3,7.5,6.8,,0.006,0.5,8776.5,27.646970748901367,0.06000000238418579,0.811173677444458,0.28800877928733826,0.9378470182418823,0.6107269525527954,0.12955641746520996,1.0659829378128052,0.0414620004594326,0.0,20270812,17.221677780151367,0.754756510257721,0.7022425532341003,0.3553820848464966,0.7763465642929077,0.5766733288764954,0.3424109220504761,0.07763192802667618,0.1376943290233612,0.8124822378158569,2.6857129319946593,9.685564111374498,0.19701828062534332,0.061663005501031876,0.2421291470527649,0.05778317153453827
woman_02,pg_encoder,woman,a man,0.06,100,0.3,7.5,6.8,,0.006,0.5,8776.5,27.646970748901367,0.06000000238418579,0.811173677444458,0.28800877928733826,0.9378470182418823,0.6107269525527954,0.12955641746520996,1.0659829378128052,0.0414620004594326,0.0,20270813,18.19853973388672,0.7757400274276733,0.7251925468444824,0.37983274459838867,0.7893646359443665,0.5590825080871582,0.32369136810302734,0.08098673820495605,0.12304752320051193,0.7517051696777344,3.3525793682200056,9.43030088288407,0.17833463847637177,0.05455148592591286,0.2229980081319809,0.06848569214344025
woman_02,pg_encoder,woman,a man,0.06,100,0.3,7.5,6.8,,0.006,0.5,8776.5,27.646970748901367,0.06000000238418579,0.811173677444458,0.28800877928733826,0.9378470182418823,0.6107269525527954,0.12955641746520996,1.0659829378128052,0.0414620004594326,0.0,20270814,18.2471866607666,0.640591561794281,0.7245423793792725,0.3334365487098694,0.7858210802078247,0.5547055006027222,0.3294038772583008,0.07901428639888763,0.12236029654741287,0.741980254650116,3.2148666627191003,10.795182952040012,0.2010505199432373,0.025423655286431313,0.2373189926147461,0.06280350685119629
woman_02,pg_encoder,woman,a man,0.06,100,0.3,7.5,6.8,,0.006,0.5,8776.5,27.646970748901367,0.06000000238418579,0.811173677444458,0.28800877928733826,0.9378470182418823,0.6107269525527954,0.12955641746520996,1.0659829378128052,0.0414620004594326,0.0,20270815,17.699127197265625,0.7663058042526245,0.7201866507530212,0.32045266032218933,0.7876930236816406,0.5602632164955139,0.325636088848114,0.07264154404401779,0.13032972812652588,0.7681096792221069,2.967825183661685,10.168267618832756,0.197533518075943,0.06169300526380539,0.2339797019958496,0.07162261754274368
woman_02,pg_encoder,woman,a man,0.06,100,0.3,7.5,6.8,,0.006,0.5,8776.5,27.646970748901367,0.06000000238418579,0.811173677444458,0.28800877928733826,0.9378470182418823,0.6107269525527954,0.12955641746520996,1.0659829378128052,0.0414620004594326,0.0,20270816,18.012929916381836,0.6367342472076416,0.7243586778640747,0.3671345114707947,0.7928376793861389,0.5713536739349365,0.32917094230651855,0.08246412873268127,0.12570525705814362,0.7649027705192566,3.365964140576523,9.668664658372165,0.20723384618759155,0.05984868109226227,0.24899634718894958,0.0778893381357193
woman_02,pg_encoder,woman,a man,0.06,100,0.3,7.5,6.8,,0.006,0.5,8776.5,27.646970748901367,0.06000000238418579,0.811173677444458,0.28800877928733826,0.9378470182418823,0.6107269525527954,0.12955641746520996,1.0659829378128052,0.0414620004594326,0.0,20270817,18.655107498168945,0.6819347143173218,0.7357679605484009,0.34752556681632996,0.7855182886123657,0.544613242149353,0.3058651089668274,0.09927636384963989,0.116746686398983,0.7171630859375,3.0164969141652445,11.65306537006339,0.19975124299526215,0.060237858444452286,0.22560334205627441,0.07885204255580902
woman_02,pg_encoder,woman,a man,0.06,100,0.3,7.5,6.8,,0.006,0.5,8776.5,27.646970748901367,0.06000000238418579,0.811173677444458,0.28800877928733826,0.9378470182418823,0.6107269525527954,0.12955641746520996,1.0659829378128052,0.0414620004594326,0.0,20270818,16.504125595092773,0.5960836410522461,0.6993006467819214,0.36084073781967163,0.7670261263847351,0.5938688516616821,0.357818603515625,0.06666036695241928,0.14955249428749084,0.8268839716911316,3.457382138854303,10.996367983706529,0.1981903612613678,0.06279031932353973,0.20161351561546326,0.06629271805286407
woman_02,pg_encoder,woman,a man,0.06,100,0.3,7.5,6.8,,0.006,0.5,8776.5,27.646970748901367,0.06000000238418579,0.811173677444458,0.28800877928733826,0.9378470182418823,0.6107269525527954,0.12955641746520996,1.0659829378128052,0.0414620004594326,0.0,20270819,17.10976791381836,0.6947997212409973,0.6967303156852722,0.34588301181793213,0.7761523127555847,0.5879899859428406,0.35076844692230225,0.058094024658203125,0.1394798755645752,0.819220244884491,3.028057262846064,10.068259707924755,0.20316848158836365,0.06635863333940506,0.24238359928131104,0.07379092276096344
woman_02,pg_encoder,woman,a man,0.06,100,0.3,7.5,6.8,,0.006,0.5,8776.5,27.646970748901367,0.06000000238418579,0.811173677444458,0.28800877928733826,0.9378470182418823,0.6107269525527954,0.12955641746520996,1.0659829378128052,0.0414620004594326,0.0,20270820,17.560239791870117,0.7628434896469116,0.6944016814231873,0.34269869327545166,0.7559243440628052,0.5920235514640808,0.33946144580841064,0.0758587196469307,0.13243047893047333,0.801544189453125,3.1484501719451634,7.9203876093805,0.20127052068710327,0.05603455379605293,0.23186279833316803,0.06858685612678528
woman_02,pg_encoder,woman,a man,0.06,100,0.3,7.5,6.8,,0.006,0.5,8776.5,27.646970748901367,0.06000000238418579,0.811173677444458,0.28800877928733826,0.9378470182418823,0.6107269525527954,0.12955641746520996,1.0659829378128052,0.0414620004594326,0.0,20270821,17.47507095336914,0.6521737575531006,0.7066835165023804,0.3399614989757538,0.7781184911727905,0.5777764320373535,0.3422839641571045,0.07739537209272385,0.13373538851737976,0.7941220998764038,3.19368633822382,9.618697805947887,0.2018134593963623,0.05861837416887283,0.23639428615570068,0.06558655947446823
woman_02,pg_encoder,woman,a man,0.06,100,0.3,7.5,6.8,,0.006,0.5,8776.5,27.646970748901367,0.06000000238418579,0.811173677444458,0.28800877928733826,0.9378470182418823,0.6107269525527954,0.12955641746520996,1.0659829378128052,0.0414620004594326,0.0,20270822,17.56977653503418,0.7093336582183838,0.7047257423400879,0.3408975899219513,0.7660497426986694,0.5695310831069946,0.3374369740486145,0.07226575911045074,0.13228514790534973,0.7926279902458191,2.854342914073929,9.570065462383306,0.20137619972229004,0.05854359641671181,0.24042175710201263,0.06464830040931702
woman_02,pg_diffusion,woman,a man,0.06,100,0.3,7.5,206.7,,0.006,0.5,11556.1,27.354537963867188,0.06000000238418579,0.8142650127410889,0.2875112295150757,0.9464275240898132,0.5912986993789673,0.11906278133392334,1.2530295848846436,0.042881693691015244,0.0,20270803,19.455684661865234,0.6769353151321411,0.6602380275726318,0.12947407364845276,0.8223772644996643,0.6023851633071899,0.28412187099456787,0.6212487816810608,0.10646714270114899,0.7072957754135132,2.9022859418904265,5.45283695036714,0.19773739576339722,0.05631771683692932,0.22556765377521515,0.06758546829223633
woman_02,pg_diffusion,woman,a man,0.06,100,0.3,7.5,206.7,,0.006,0.5,11556.1,27.354537963867188,0.06000000238418579,0.8142650127410889,0.2875112295150757,0.9464275240898132,0.5912986993789673,0.11906278133392334,1.2530295848846436,0.042881693691015244,0.0,20270804,20.8048152923584,0.7365802526473999,0.6449490785598755,0.11217768490314484,0.8139748573303223,0.6106206774711609,0.2525538206100464,0.7883425354957581,0.09115048497915268,0.5157623291015625,3.3593824842610376,5.5642551075303475,0.20341366529464722,0.05312662199139595,0.22749686241149902,0.05791962146759033
woman_02,pg_diffusion,woman,a man,0.06,100,0.3,7.5,206.7,,0.006,0.5,11556.1,27.354537963867188,0.06000000238418579,0.8142650127410889,0.2875112295150757,0.9464275240898132,0.5912986993789673,0.11906278133392334,1.2530295848846436,0.042881693691015244,0.0,20270805,19.533124923706055,0.6640474200248718,0.6417942047119141,0.12771163880825043,0.8156231045722961,0.6000922918319702,0.262892484664917,0.6658641695976257,0.10552212595939636,0.6843643188476562,2.65109777987177,5.522066961080981,0.1955363154411316,0.05489061400294304,0.23439088463783264,0.061422232538461685
woman_02,pg_diffusion,woman,a man,0.06,100,0.3,7.5,206.7,,0.006,0.5,11556.1,27.354537963867188,0.06000000238418579,0.8142650127410889,0.2875112295150757,0.9464275240898132,0.5912986993789673,0.11906278133392334,1.2530295848846436,0.042881693691015244,0.0,20270806,21.31943130493164,0.8318092823028564,0.5839550495147705,0.10407499223947525,0.7909823656082153,0.6035161018371582,0.2160813808441162,1.079000473022461,0.08590692281723022,0.4275767207145691,3.0527883580252957,6.820696325182192,0.2036263346672058,0.059326283633708954,0.22424300014972687,0.06375880539417267
woman_02,pg_diffusion,woman,a man,0.06,100,0.3,7.5,206.7,,0.006,0.5,11556.1,27.354537963867188,0.06000000238418579,0.8142650127410889,0.2875112295150757,0.9464275240898132,0.5912986993789673,0.11906278133392334,1.2530295848846436,0.042881693691015244,0.0,20270807,19.450668334960938,0.6782162189483643,0.6808332204818726,0.13479946553707123,0.8368615508079529,0.5886681079864502,0.2309170961380005,0.6952065229415894,0.106528639793396,0.7154490351676941,2.8240890426022958,4.2538434013442235,0.20298629999160767,0.04912174493074417,0.22484800219535828,0.05494005233049393
woman_02,pg_diffusion,woman,a man,0.06,100,0.3,7.5,206.7,,0.006,0.5,11556.1,27.354537963867188,0.06000000238418579,0.8142650127410889,0.2875112295150757,0.9464275240898132,0.5912986993789673,0.11906278133392334,1.2530295848846436,0.042881693691015244,0.0,20270808,20.534786224365234,0.7449299097061157,0.6254119873046875,0.10730596631765366,0.8111297488212585,0.607039213180542,0.25112271308898926,0.7912022471427917,0.09402870386838913,0.5485484004020691,3.052859832331097,6.429684610072875,0.20001569390296936,0.05771664157509804,0.23528264462947845,0.07435894012451172
woman_02,pg_diffusion,woman,a man,0.06,100,0.3,7.5,206.7,,0.006,0.5,11556.1,27.354537963867188,0.06000000238418579,0.8142650127410889,0.2875112295150757,0.9464275240898132,0.5912986993789673,0.11906278133392334,1.2530295848846436,0.042881693691015244,0.0,20270809,20.2329044342041,0.7854474782943726,0.6218463778495789,0.10317035764455795,0.8061659932136536,0.63210129737854,0.24105197191238403,0.952794075012207,0.09735417366027832,0.5450363159179688,2.6979560828242617,5.300682954602884,0.20025327801704407,0.05510493740439415,0.22971361875534058,0.06203673407435417
woman_02,pg_diffusion,woman,a man,0.06,100,0.3,7.5,206.7,,0.006,0.5,11556.1,27.354537963867188,0.06000000238418579,0.8142650127410889,0.2875112295150757,0.9464275240898132,0.5912986993789673,0.11906278133392334,1.2530295848846436,0.042881693691015244,0.0,20270810,19.911453247070312,0.7578541040420532,0.6388583183288574,0.10943485796451569,0.8065001368522644,0.6057298183441162,0.21636462211608887,0.6958413124084473,0.10102462768554688,0.6274032592773438,3.171476553838882,4.914224249969927,0.2030463069677353,0.06429869681596756,0.22720924019813538,0.06240973621606827
woman_02,pg_diffusion,woman,a man,0.06,100,0.3,7.5,206.7,,0.006,0.5,11556.1,27.354537963867188,0.06000000238418579,0.8142650127410889,0.2875112295150757,0.9464275240898132,0.5912986993789673,0.11906278133392334,1.2530295848846436,0.042881693691015244,0.0,20270811,19.864198684692383,0.6929563283920288,0.6157721877098083,0.11389832943677902,0.8045767545700073,0.5955974459648132,0.22152084112167358,0.7461541295051575,0.10157571732997894,0.6445121765136719,3.2180812573728947,4.34234586957276,0.2000035047531128,0.058786533772945404,0.2291797250509262,0.05154888331890106
woman_02,pg_diffusion,woman,a man,0.06,100,0.3,7.5,206.7,,0.006,0.5,11556.1,27.354537963867188,0.06000000238418579,0.8142650127410889,0.2875112295150757,0.9464275240898132,0.5912986993789673,0.11906278133392334,1.2530295848846436,0.042881693691015244,0.0,20270812,18.987882614135742,0.6670711040496826,0.6001357436180115,0.10372371971607208,0.7906565070152283,0.6146374344825745,0.26061558723449707,0.7161701917648315,0.1123584434390068,0.7290687561035156,2.6857129319946593,3.850515299178999,0.19701828062534332,0.061663005501031876,0.24556851387023926,0.05826960876584053
woman_02,pg_diffusion,woman,a man,0.06,100,0.3,7.5,206.7,,0.006,0.5,11556.1,27.354537963867188,0.06000000238418579,0.8142650127410889,0.2875112295150757,0.9464275240898132,0.5912986993789673,0.11906278133392334,1.2530295848846436,0.042881693691015244,0.0,20270813,20.048845291137695,0.6584405899047852,0.6402263641357422,0.11609555780887604,0.8209131360054016,0.584672749042511,0.21584850549697876,0.7599218487739563,0.09943919628858566,0.6459338068962097,3.3525793682200056,4.942044032516641,0.17833463847637177,0.05455148592591286,0.22282470762729645,0.06093629449605942
woman_02,pg_diffusion,woman,a man,0.06,100,0.3,7.5,206.7,,0.006,0.5,11556.1,27.354537963867188,0.06000000238418579,0.8142650127410889,0.2875112295150757,0.9464275240898132,0.5912986993789673,0.11906278133392334,1.2530295848846436,0.042881693691015244,0.0,20270814,20.13434600830078,0.7427533864974976,0.5979824066162109,0.1072876900434494,0.7969284653663635,0.6038661599159241,0.2311391830444336,1.0225653648376465,0.09846512228250504,0.5977071523666382,3.2148666627191003,4.5760338656596335,0.2010505199432373,0.025423655286431313,0.2198111116886139,0.055151086300611496
woman_02,pg_diffusion,woman,a man,0.06,100,0.3,7.5,206.7,,0.006,0.5,11556.1,27.354537963867188,0.06000000238418579,0.8142650127410889,0.2875112295150757,0.9464275240898132,0.5912986993789673,0.11906278133392334,1.2530295848846436,0.042881693691015244,0.0,20270815,19.386098861694336,0.8140797019004822,0.617938756942749,0.11341508477926254,0.8013724684715271,0.590459406375885,0.2365497350692749,0.6114144325256348,0.10732351243495941,0.6906026601791382,2.967825183661685,3.458163744300125,0.197533518075943,0.06169300526380539,0.22446514666080475,0.061220020055770874
woman_02,pg_diffusion,woman,a man,0.06,100,0.3,7.5,206.7,,0.006,0.5,11556.1,27.354537963867188,0.06000000238418579,0.8142650127410889,0.2875112295150757,0.9464275240898132,0.5912986993789673,0.11906278133392334,1.2530295848846436,0.042881693691015244,0.0,20270816,19.870712280273438,0.790104866027832,0.5958120822906494,0.11338331550359726,0.8081927299499512,0.6223354339599609,0.2607079744338989,0.8792897462844849,0.10149956494569778,0.6463330984115601,3.365964140576523,4.459424243608206,0.20723384618759155,0.05984868109226227,0.22006170451641083,0.06723024696111679
woman_02,pg_diffusion,woman,a man,0.06,100,0.3,7.5,206.7,,0.006,0.5,11556.1,27.354537963867188,0.06000000238418579,0.8142650127410889,0.2875112295150757,0.9464275240898132,0.5912986993789673,0.11906278133392334,1.2530295848846436,0.042881693691015244,0.0,20270817,20.140817642211914,0.744114339351654,0.6328796148300171,0.12850990891456604,0.8148025274276733,0.5930051803588867,0.21999847888946533,0.7114443182945251,0.0983918085694313,0.6143201589584351,3.0164969141652445,4.3811502971279594,0.19975124299526215,0.060237858444452286,0.21321652829647064,0.06856835633516312
woman_02,pg_diffusion,woman,a man,0.06,100,0.3,7.5,206.7,,0.006,0.5,11556.1,27.354537963867188,0.06000000238418579,0.8142650127410889,0.2875112295150757,0.9464275240898132,0.5912986993789673,0.11906278133392334,1.2530295848846436,0.042881693691015244,0.0,20270818,19.540264129638672,0.6790194511413574,0.6351221799850464,0.1268811672925949,0.8199546337127686,0.5953608155250549,0.21921586990356445,0.6981679201126099,0.10543545335531235,0.6808077692985535,3.457382138854303,4.029191934243685,0.1981903612613678,0.06279031932353973,0.21440988779067993,0.06921368092298508
woman_02,pg_diffusion,woman,a man,0.06,100,0.3,7.5,206.7,,0.006,0.5,11556.1,27.354537963867188,0.06000000238418579,0.8142650127410889,0.2875112295150757,0.9464275240898132,0.5912986993789673,0.11906278133392334,1.2530295848846436,0.042881693691015244,0.0,20270819,20.019283294677734,0.7336723804473877,0.6574363708496094,0.1246492937207222,0.8360441327095032,0.6038619875907898,0.25931549072265625,0.5949576497077942,0.0997781902551651,0.6413078308105469,3.028057262846064,5.864102219288626,0.20316848158836365,0.06635863333940506,0.235833078622818,0.06589725613594055
woman_02,pg_diffusion,woman,a man,0.06,100,0.3,7.5,206.7,,0.006,0.5,11556.1,27.354537963867188,0.06000000238418579,0.8142650127410889,0.2875112295150757,0.9464275240898132,0.5912986993789673,0.11906278133392334,1.2530295848846436,0.042881693691015244,0.0,20270820,20.670459747314453,0.7889084815979004,0.6007039546966553,0.09449825435876846,0.7951633930206299,0.6145540475845337,0.22819983959197998,1.20625638961792,0.09257139265537262,0.5001017451286316,3.1484501719451634,6.106159169813467,0.20127052068710327,0.05603455379605293,0.23365473747253418,0.06348291039466858
woman_02,pg_diffusion,woman,a man,0.06,100,0.3,7.5,206.7,,0.006,0.5,11556.1,27.354537963867188,0.06000000238418579,0.8142650127410889,0.2875112295150757,0.9464275240898132,0.5912986993789673,0.11906278133392334,1.2530295848846436,0.042881693691015244,0.0,20270821,20.587818145751953,0.7053004503250122,0.5906626582145691,0.1106797382235527,0.8029711246490479,0.6182827353477478,0.26266324520111084,0.8093856573104858,0.09345635771751404,0.5246086120605469,3.19368633822382,5.563993411661451,0.2018134593963623,0.05861837416887283,0.2166132926940918,0.05734555423259735
woman_02,pg_diffusion,woman,a man,0.06,100,0.3,7.5,206.7,,0.006,0.5,11556.1,27.354537963867188,0.06000000238418579,0.8142650127410889,0.2875112295150757,0.9464275240898132,0.5912986993789673,0.11906278133392334,1.2530295848846436,0.042881693691015244,0.0,20270822,20.77145767211914,0.7533325552940369,0.597775399684906,0.09627130627632141,0.7904722690582275,0.6042916178703308,0.23300105333328247,1.016546607017517,0.09150119870901108,0.5339648127555847,2.854342914073929,4.282119742074206,0.20137619972229004,0.05854359641671181,0.2204318344593048,0.06590500473976135
woman_02,semantic,woman,a man,0.06,100,0.3,7.5,122.3,0.282958984375,0.006,0.5,8777.4,27.963275909423828,0.06000000238418579,0.7912254333496094,0.27835777401924133,0.9197182655334473,0.5766383409500122,0.16195690631866455,1.1766852140426636,0.03997926414012909,0.0,20270803,22.591079711914062,0.7677439451217651,0.6487042903900146,0.10341716557741165,0.8154503703117371,0.5843318700790405,0.279533326625824,1.3125678300857544,0.0742071270942688,0.262115478515625,2.9022859418904265,4.362802309598444,0.19773739576339722,0.05631771683692932,0.2260991334915161,0.05816834047436714
woman_02,semantic,woman,a man,0.06,100,0.3,7.5,122.3,0.282958984375,0.006,0.5,8777.4,27.963275909423828,0.06000000238418579,0.7912254333496094,0.27835777401924133,0.9197182655334473,0.5766383409500122,0.16195690631866455,1.1766852140426636,0.03997926414012909,0.0,20270804,22.7332706451416,0.7865288257598877,0.6483421325683594,0.1034667119383812,0.8109773993492126,0.6006470918655396,0.2672646641731262,1.0847936868667603,0.07300222665071487,0.26801809668540955,3.3593824842610376,5.268925215831219,0.20341366529464722,0.05312662199139595,0.2180856466293335,0.04745064675807953
woman_02,semantic,woman,a man,0.06,100,0.3,7.5,122.3,0.282958984375,0.006,0.5,8777.4,27.963275909423828,0.06000000238418579,0.7912254333496094,0.27835777401924133,0.9197182655334473,0.5766383409500122,0.16195690631866455,1.1766852140426636,0.03997926414012909,0.0,20270805,22.273361206054688,0.8906635046005249,0.6724390983581543,0.1126742884516716,0.8237003684043884,0.5810027718544006,0.2641682028770447,0.950600802898407,0.07697177678346634,0.27120208740234375,2.65109777987177,4.921878187514957,0.1955363154411316,0.05489061400294304,0.22056499123573303,0.05580554157495499
woman_02,semantic,woman,a man,0.06,100,0.3,7.5,122.3,0.282958984375,0.006,0.5,8777.4,27.963275909423828,0.06000000238418579,0.7912254333496094,0.27835777401924133,0.9197182655334473,0.5766383409500122,0.16195690631866455,1.1766852140426636,0.03997926414012909,0.0,20270806,22.86846351623535,0.7915545701980591,0.6537267565727234,0.10232779383659363,0.817493200302124,0.5775461792945862,0.23890310525894165,1.3823060989379883,0.07187476009130478,0.24610647559165955,3.0527883580252957,4.461228641648719,0.2036263346672058,0.059326283633708954,0.2251051366329193,0.05139267072081566
woman_02,semantic,woman,a man,0.06,100,0.3,7.5,122.3,0.282958984375,0.006,0.5,8777.4,27.963275909423828,0.06000000238418579,0.7912254333496094,0.27835777401924133,0.9197182655334473,0.5766383409500122,0.16195690631866455,1.1766852140426636,0.03997926414012909,0.0,20270807,23.35883903503418,0.8775669932365417,0.6925983428955078,0.12199906259775162,0.8416060209274292,0.5784136056900024,0.23537778854370117,1.0968985557556152,0.06792937964200974,0.22826004028320312,2.8240890426022958,4.810918252199316,0.20298629999160767,0.04912174493074417,0.2242354154586792,0.056314680725336075
woman_02,semantic,woman,a man,0.06,100,0.3,7.5,122.3,0.282958984375,0.006,0.5,8777.4,27.963275909423828,0.06000000238418579,0.7912254333496094,0.27835777401924133,0.9197182655334473,0.5766383409500122,0.16195690631866455,1.1766852140426636,0.03997926414012909,0.0,20270808,22.434885025024414,0.8002742528915405,0.6496886014938354,0.10808979719877243,0.8069602847099304,0.5820554494857788,0.25229203701019287,1.2555183172225952,0.07555364072322845,0.2681223750114441,3.052859832331097,4.172316917985525,0.20001569390296936,0.05771664157509804,0.22779180109500885,0.05964753031730652
woman_02,semantic,woman,a man,0.06,100,0.3,7.5,122.3,0.282958984375,0.006,0.5,8777.4,27.963275909423828,0.06000000238418579,0.7912254333496094,0.27835777401924133,0.9197182655334473,0.5766383409500122,0.16195690631866455,1.1766852140426636,0.03997926414012909,0.0,20270809,22.401321411132812,0.7802416682243347,0.6694045066833496,0.10857845842838287,0.8178941607475281,0.5721732378005981,0.24050647020339966,1.042325735092163,0.07584618031978607,0.25737127661705017,2.6979560828242617,4.713690137763111,0.20025327801704407,0.05510493740439415,0.2253861427307129,0.059072986245155334
woman_02,semantic,woman,a man,0.06,100,0.3,7.5,122.3,0.282958984375,0.006,0.5,8777.4,27.963275909423828,0.06000000238418579,0.7912254333496094,0.27835777401924133,0.9197182655334473,0.5766383409500122,0.16195690631866455,1.1766852140426636,0.03997926414012909,0.0,20270810,22.502824783325195,0.7914212942123413,0.6587642431259155,0.11077409237623215,0.8044242858886719,0.565449059009552,0.2385563850402832,0.853915274143219,0.0749649628996849,0.2681427001953125,3.171476553838882,5.212923387182506,0.2030463069677353,0.06429869681596756,0.24227219820022583,0.05570923537015915
woman_02,semantic,woman,a man,0.06,100,0.3,7.5,122.3,0.282958984375,0.006,0.5,8777.4,27.963275909423828,0.06000000238418579,0.7912254333496094,0.27835777401924133,0.9197182655334473,0.5766383409500122,0.16195690631866455,1.1766852140426636,0.03997926414012909,0.0,20270811,22.445751190185547,0.7682122588157654,0.6339037418365479,0.09935558587312698,0.8048970103263855,0.5849608182907104,0.24404597282409668,1.0918635129928589,0.07545918971300125,0.2671559751033783,3.2180812573728947,4.043270616890354,0.2000035047531128,0.058786533772945404,0.23633435368537903,0.048601072281599045
woman_02,semantic,woman,a man,0.06,100,0.3,7.5,122.3,0.282958984375,0.006,0.5,8777.4,27.963275909423828,0.06000000238418579,0.7912254333496094,0.27835777401924133,0.9197182655334473,0.5766383409500122,0.16195690631866455,1.1766852140426636,0.03997926414012909,0.0,20270812,22.61446762084961,0.8034058213233948,0.6476601958274841,0.10358049720525742,0.8148193955421448,0.581437349319458,0.2617896795272827,1.0478641986846924,0.07400759309530258,0.2704455256462097,2.6857129319946593,4.550785589502012,0.19701828062534332,0.061663005501031876,0.21850043535232544,0.055084165185689926
woman_02,semantic,woman,a man,0.06,100,0.3,7.5,122.3,0.282958984375,0.006,0.5,8777.4,27.963275909423828,0.06000000238418579,0.7912254333496094,0.27835777401924133,0.9197182655334473,0.5766383409500122,0.16195690631866455,1.1766852140426636,0.03997926414012909,0.0,20270813,22.96901512145996,0.9055554866790771,0.647230863571167,0.10452903807163239,0.809596061706543,0.5716996192932129,0.2657128572463989,1.153903841972351,0.07104750722646713,0.24685415625572205,3.3525793682200056,4.906334920208754,0.17833463847637177,0.05455148592591286,0.21029970049858093,0.05480271205306053
woman_02,semantic,woman,a man,0.06,100,0.3,7.5,122.3,0.282958984375,0.006,0.5,8777.4,27.963275909423828,0.06000000238418579,0.7912254333496094,0.27835777401924133,0.9197182655334473,0.5766383409500122,0.16195690631866455,1.1766852140426636,0.03997926414012909,0.0,20270814,22.59942626953125,0.7910210490226746,0.6470037698745728,0.09984662383794785,0.805350661277771,0.5903472900390625,0.2656213641166687,1.3029251098632812,0.07413585484027863,0.26100921630859375,3.2148666627191003,4.277418466760048,0.2010505199432373,0.025423655286431313,0.2172052264213562,0.05551384389400482
woman_02,semantic,woman,a man,0.06,100,0.3,7.5,122.3,0.282958984375,0.006,0.5,8777.4,27.963275909423828,0.06000000238418579,0.7912254333496094,0.27835777401924133,0.9197182655334473,0.5766383409500122,0.16195690631866455,1.1766852140426636,0.03997926414012909,0.0,20270815,22.372344970703125,0.9354661107063293,0.6702291369438171,0.10126644372940063,0.8141826391220093,0.5855917930603027,0.2578425407409668,0.9524592757225037,0.07609958946704865,0.24061965942382812,2.967825183661685,5.916602032652705,0.197533518075943,0.06169300526380539,0.23354032635688782,0.06260702759027481
woman_02,semantic,woman,a man,0.06,100,0.3,7.5,122.3,0.282958984375,0.006,0.5,8777.4,27.963275909423828,0.06000000238418579,0.7912254333496094,0.27835777401924133,0.9197182655334473,0.5766383409500122,0.16195690631866455,1.1766852140426636,0.03997926414012909,0.0,20270816,22.8078556060791,0.9617485404014587,0.6541869044303894,0.10979108512401581,0.8196156024932861,0.6023389101028442,0.2944602966308594,1.1764963865280151,0.07237803936004639,0.2638499140739441,3.365964140576523,4.195041734843334,0.20723384618759155,0.05984868109226227,0.23030269145965576,0.054526422172784805
woman_02,semantic,woman,a man,0.06,100,0.3,7.5,122.3,0.282958984375,0.006,0.5,8777.4,27.963275909423828,0.06000000238418579,0.7912254333496094,0.27835777401924133,0.9197182655334473,0.5766383409500122,0.16195690631866455,1.1766852140426636,0.03997926414012909,0.0,20270817,22.814090728759766,0.7804140448570251,0.6563639640808105,0.10917147994041443,0.8123987913131714,0.5814310312271118,0.27441906929016113,1.0500069856643677,0.07232610136270523,0.25206631422042847,3.0164969141652445,4.927859684513316,0.19975124299526215,0.060237858444452286,0.22688916325569153,0.056083884090185165
woman_02,semantic,woman,a man,0.06,100,0.3,7.5,122.3,0.282958984375,0.006,0.5,8777.4,27.963275909423828,0.06000000238418579,0.7912254333496094,0.27835777401924133,0.9197182655334473,0.5766383409500122,0.16195690631866455,1.1766852140426636,0.03997926414012909,0.0,20270818,22.34149932861328,0.8754170536994934,0.6769379377365112,0.11021902412176132,0.8277647495269775,0.5734786987304688,0.22222864627838135,1.0223923921585083,0.07637033611536026,0.25563177466392517,3.457382138854303,5.202185799839032,0.1981903612613678,0.06279031932353973,0.21913795173168182,0.05825967341661453
woman_02,semantic,woman,a man,0.06,100,0.3,7.5,122.3,0.282958984375,0.006,0.5,8777.4,27.963275909423828,0.06000000238418579,0.7912254333496094,0.27835777401924133,0.9197182655334473,0.5766383409500122,0.16195690631866455,1.1766852140426636,0.03997926414012909,0.0,20270819,22.947677612304688,0.9002879858016968,0.6898059248924255,0.11157794296741486,0.8330689668655396,0.5751142501831055,0.26376569271087646,0.965477705001831,0.07122223824262619,0.23728179931640625,3.028057262846064,4.378489736342076,0.20316848158836365,0.06635863333940506,0.23023869097232819,0.05335266515612602
woman_02,semantic,woman,a man,0.06,100,0.3,7.5,122.3,0.282958984375,0.006,0.5,8777.4,27.963275909423828,0.06000000238418579,0.7912254333496094,0.27835777401924133,0.9197182655334473,0.5766383409500122,0.16195690631866455,1.1766852140426636,0.03997926414012909,0.0,20270820,22.363616943359375,0.7362412214279175,0.6312020421028137,0.10053359717130661,0.8029997944831848,0.5869351625442505,0.26921868324279785,1.2017556428909302,0.07617610692977905,0.27811306715011597,3.1484501719451634,3.491584769497855,0.20127052068710327,0.05603455379605293,0.23424245417118073,0.05651196464896202
woman_02,semantic,woman,a man,0.06,100,0.3,7.5,122.3,0.282958984375,0.006,0.5,8777.4,27.963275909423828,0.06000000238418579,0.7912254333496094,0.27835777401924133,0.9197182655334473,0.5766383409500122,0.16195690631866455,1.1766852140426636,0.03997926414012909,0.0,20270821,22.284868240356445,0.8944931030273438,0.6370890140533447,0.10265340656042099,0.8088241815567017,0.5869365334510803,0.2645685076713562,1.1750458478927612,0.07686988264322281,0.26903408765792847,3.19368633822382,4.327378393080423,0.2018134593963623,0.05861837416887283,0.22053569555282593,0.058334577828645706
woman_02,semantic,woman,a man,0.06,100,0.3,7.5,122.3,0.282958984375,0.006,0.5,8777.4,27.963275909423828,0.06000000238418579,0.7912254333496094,0.27835777401924133,0.9197182655334473,0.5766383409500122,0.16195690631866455,1.1766852140426636,0.03997926414012909,0.0,20270822,22.023975372314453,0.9389954805374146,0.6484145522117615,0.09516485780477524,0.8068026304244995,0.5869451761245728,0.2634683847427368,1.4326496124267578,0.07921379804611206,0.269012451171875,2.854342914073929,4.111418109954001,0.20137619972229004,0.05854359641671181,0.23483940958976746,0.054310392588377
woman_03,pg_encoder,woman,a man,0.06,100,0.3,7.5,6.8,,0.006,0.5,8776.5,27.860811233520508,0.06000000238418579,0.7555456161499023,0.1802406907081604,0.8752532005310059,0.5360580086708069,0.14182579517364502,1.196670413017273,0.04045368731021881,0.0,20270803,19.032329559326172,0.6732321381568909,0.834030270576477,0.25490379333496094,0.8707277178764343,0.4403229355812073,0.3211301565170288,0.10522360354661942,0.11178494989871979,0.727881133556366,3.746653633429592,11.19279792296189,0.1769351065158844,0.0029731420800089836,0.23426580429077148,0.061916284263134
woman_03,pg_encoder,woman,a man,0.06,100,0.3,7.5,6.8,,0.006,0.5,8776.5,27.860811233520508,0.06000000238418579,0.7555456161499023,0.1802406907081604,0.8752532005310059,0.5360580086708069,0.14182579517364502,1.196670413017273,0.04045368731021881,0.0,20270804,18.401458740234375,0.6770462989807129,0.7971848249435425,0.30064114928245544,0.8263305425643921,0.45320600271224976,0.36094993352890015,0.05827715992927551,0.12020620703697205,0.7554779052734375,3.8782760278742128,10.583974925569057,0.17356336116790771,0.005266222171485424,0.22383201122283936,0.028574302792549133
woman_03,pg_encoder,woman,a man,0.06,100,0.3,7.5,6.8,,0.006,0.5,8776.5,27.860811233520508,0.06000000238418579,0.7555456161499023,0.1802406907081604,0.8752532005310059,0.5360580086708069,0.14182579517364502,1.196670413017273,0.04045368731021881,0.0,20270805,19.11699676513672,0.6180873513221741,0.8203951716423035,0.26491302251815796,0.8495497107505798,0.4483998715877533,0.30294519662857056,0.11049249023199081,0.11070060729980469,0.7425944209098816,4.026666580246736,11.151075887197164,0.1749209463596344,0.015083767473697662,0.24821248650550842,0.043464165180921555
woman_03,pg_encoder,woman,a man,0.06,100,0.3,7.5,6.8,,0.006,0.5,8776.5,27.860811233520508,0.06000000238418579,0.7555456161499023,0.1802406907081604,0.8752532005310059,0.5360580086708069,0.14182579517364502,1.196670413017273,0.04045368731021881,0.0,20270806,18.82014274597168,0.6469699740409851,0.8038632869720459,0.28683650493621826,0.821587860584259,0.4600728750228882,0.32878541946411133,0.12909723818302155,0.11454937607049942,0.7737439870834351,4.0879427172324885,11.0444737512003,0.23106670379638672,0.08561260253190994,0.23950165510177612,0.03229420632123947
woman_03,pg_encoder,woman,a man,0.06,100,0.3,7.5,6.8,,0.006,0.5,8776.5,27.860811233520508,0.06000000238418579,0.7555456161499023,0.1802406907081604,0.8752532005310059,0.5360580086708069,0.14182579517364502,1.196670413017273,0.04045368731021881,0.0,20270807,18.014162063598633,0.6143980026245117,0.800780713558197,0.3555343747138977,0.8451656699180603,0.4273284077644348,0.33461010456085205,0.08134176582098007,0.12568743526935577,0.7706083059310913,3.8678953453453397,9.940714536769313,0.22966545820236206,0.0814165472984314,0.23194198310375214,0.04070139676332474
woman_03,pg_encoder,woman,a man,0.06,100,0.3,7.5,6.8,,0.006,0.5,8776.5,27.860811233520508,0.06000000238418579,0.7555456161499023,0.1802406907081604,0.8752532005310059,0.5360580086708069,0.14182579517364502,1.196670413017273,0.04045368731021881,0.0,20270808,19.341150283813477,0.658075213432312,0.820523738861084,0.2721515893936157,0.8495147228240967,0.41565200686454773,0.29313385486602783,0.18234208226203918,0.10788032412528992,0.7426719665527344,4.352680727001756,8.920789745639846,0.21835872530937195,0.08024591207504272,0.24655723571777344,0.04779118299484253
woman_03,pg_encoder,woman,a man,0.06,100,0.3,7.5,6.8,,0.006,0.5,8776.5,27.860811233520508,0.06000000238418579,0.7555456161499023,0.1802406907081604,0.8752532005310059,0.5360580086708069,0.14182579517364502,1.196670413017273,0.04045368731021881,0.0,20270809,18.51409149169922,0.6669614911079407,0.8040489554405212,0.29616856575012207,0.8513904809951782,0.4266987442970276,0.32963991165161133,0.07886812835931778,0.11865753680467606,0.7615280151367188,3.987780689158021,9.917963890230281,0.1806667000055313,0.020414436236023903,0.23423677682876587,0.05154893547296524
woman_03,pg_encoder,woman,a man,0.06,100,0.3,7.5,6.8,,0.006,0.5,8776.5,27.860811233520508,0.06000000238418579,0.7555456161499023,0.1802406907081604,0.8752532005310059,0.5360580086708069,0.14182579517364502,1.196670413017273,0.04045368731021881,0.0,20270810,18.68222427368164,0.6942512392997742,0.8068656921386719,0.2433190643787384,0.83762127161026,0.4375564157962799,0.3259453773498535,0.10078316181898117,0.11638275533914566,0.7662951350212097,3.7887981835964206,10.805202159555545,0.17447638511657715,0.0011612707749009132,0.2417270839214325,0.04033499211072922
woman_03,pg_encoder,woman,a man,0.06,100,0.3,7.5,6.8,,0.006,0.5,8776.5,27.860811233520508,0.06000000238418579,0.7555456161499023,0.1802406907081604,0.8752532005310059,0.5360580086708069,0.14182579517364502,1.196670413017273,0.04045368731021881,0.0,20270811,18.087200164794922,0.7529152631759644,0.8054651021957397,0.3010557293891907,0.8433271050453186,0.4506283402442932,0.34379279613494873,0.07631861418485641,0.12463494390249252,0.7963002920150757,4.192155014580481,9.447792801219542,0.1694902628660202,0.008198896422982216,0.23023177683353424,0.06265367567539215
woman_03,pg_encoder,woman,a man,0.06,100,0.3,7.5,6.8,,0.006,0.5,8776.5,27.860811233520508,0.06000000238418579,0.7555456161499023,0.1802406907081604,0.8752532005310059,0.5360580086708069,0.14182579517364502,1.196670413017273,0.04045368731021881,0.0,20270812,18.78145408630371,0.6951116323471069,0.8043175935745239,0.28049346804618835,0.821739673614502,0.4323980510234833,0.27555835247039795,0.14224587380886078,0.11506075412034988,0.7554143667221069,3.7464716255465698,9.425882977905909,0.21647164225578308,0.08295027911663055,0.25474813580513,0.060404907912015915
woman_03,pg_encoder,woman,a man,0.06,100,0.3,7.5,6.8,,0.006,0.5,8776.5,27.860811233520508,0.06000000238418579,0.7555456161499023,0.1802406907081604,0.8752532005310059,0.5360580086708069,0.14182579517364502,1.196670413017273,0.04045368731021881,0.0,20270813,19.883005142211914,0.7759732007980347,0.821438729763031,0.2444942146539688,0.8554011583328247,0.4515978991985321,0.27094757556915283,0.15200579166412354,0.10135602951049805,0.6844444274902344,4.376787884874059,11.952850993684427,0.1989445984363556,0.055230677127838135,0.2321205735206604,0.021342653781175613
woman_03,pg_encoder,woman,a man,0.06,100,0.3,7.5,6.8,,0.006,0.5,8776.5,27.860811233520508,0.06000000238418579,0.7555456161499023,0.1802406907081604,0.8752532005310059,0.5360580086708069,0.14182579517364502,1.196670413017273,0.04045368731021881,0.0,20270814,18.805124282836914,0.6499412059783936,0.8055975437164307,0.21916216611862183,0.8387594223022461,0.4588758051395416,0.3526797890663147,0.09364476054906845,0.11474758386611938,0.7318255305290222,4.1551443507642505,12.107965425624402,0.1741020381450653,0.008963406085968018,0.23928916454315186,0.04991158843040466
woman_03,pg_encoder,woman,a man,0.06,100,0.3,7.5,6.8,,0.006,0.5,8776.5,27.860811233520508,0.06000000238418579,0.7555456161499023,0.1802406907081604,0.8752532005310059,0.5360580086708069,0.14182579517364502,1.196670413017273,0.04045368731021881,0.0,20270815,18.531604766845703,0.6651207208633423,0.8015564680099487,0.2709745168685913,0.826298177242279,0.45465874671936035,0.34908056259155273,0.06285647302865982,0.11841854453086853,0.7465617060661316,4.239991176135593,10.995942747041768,0.22818464040756226,0.08885557949542999,0.2188224047422409,0.06228140741586685
woman_03,pg_encoder,woman,a man,0.06,100,0.3,7.5,6.8,,0.006,0.5,8776.5,27.860811233520508,0.06000000238418579,0.7555456161499023,0.1802406907081604,0.8752532005310059,0.5360580086708069,0.14182579517364502,1.196670413017273,0.04045368731021881,0.0,20270816,19.416725158691406,0.6729686260223389,0.814834475517273,0.2744808793067932,0.858856737613678,0.4534296691417694,0.30405163764953613,0.17170828580856323,0.10694576799869537,0.7105687856674194,3.9850927182217206,10.860202533195102,0.1881207674741745,-0.002542988397181034,0.2399655282497406,0.059815820306539536
woman_03,pg_encoder,woman,a man,0.06,100,0.3,7.5,6.8,,0.006,0.5,8776.5,27.860811233520508,0.06000000238418579,0.7555456161499023,0.1802406907081604,0.8752532005310059,0.5360580086708069,0.14182579517364502,1.196670413017273,0.04045368731021881,0.0,20270817,19.34075927734375,0.6792618036270142,0.79887855052948,0.2066809982061386,0.8270331025123596,0.4513530433177948,0.30341923236846924,0.11972878128290176,0.1078852042555809,0.6936963796615601,4.3253038035216145,10.508741432391332,0.22610338032245636,0.0866546630859375,0.23031720519065857,0.056098733097314835
woman_03,pg_encoder,woman,a man,0.06,100,0.3,7.5,6.8,,0.006,0.5,8776.5,27.860811233520508,0.06000000238418579,0.7555456161499023,0.1802406907081604,0.8752532005310059,0.5360580086708069,0.14182579517364502,1.196670413017273,0.04045368731021881,0.0,20270818,17.884580612182617,0.6065083146095276,0.8078405261039734,0.32259663939476013,0.8243653774261475,0.4491046667098999,0.3668779730796814,0.07029362767934799,0.127576544880867,0.7998682856559753,3.9906278392659305,10.488172916985391,0.17221666872501373,0.010347850620746613,0.22182045876979828,0.05356059968471527
woman_03,pg_encoder,woman,a man,0.06,100,0.3,7.5,6.8,,0.006,0.5,8776.5,27.860811233520508,0.06000000238418579,0.7555456161499023,0.1802406907081604,0.8752532005310059,0.5360580086708069,0.14182579517364502,1.196670413017273,0.04045368731021881,0.0,20270819,19.56171989440918,0.6173563003540039,0.8189027309417725,0.2579135000705719,0.8506581783294678,0.44069379568099976,0.30572354793548584,0.13411249220371246,0.10517531633377075,0.7357622981071472,3.369594090247863,11.369212308498005,0.18253520131111145,0.006858179811388254,0.23961669206619263,0.03140932321548462
woman_03,pg_encoder,woman,a man,0.06,100,0.3,7.5,6.8,,0.006,0.5,8776.5,27.860811233520508,0.06000000238418579,0.7555456161499023,0.1802406907081604,0.8752532005310059,0.5360580086708069,0.14182579517364502,1.196670413017273,0.04045368731021881,0.0,20270820,19.544069290161133,0.6425648927688599,0.805625319480896,0.21058768033981323,0.842453122138977,0.47297441959381104,0.3187767267227173,0.11817272007465363,0.10538924485445023,0.6913503408432007,3.9290377671365695,10.696154724418731,0.16864922642707825,0.0005019195377826691,0.2536638677120209,0.05885135382413864
woman_03,pg_encoder,woman,a man,0.06,100,0.3,7.5,6.8,,0.006,0.5,8776.5,27.860811233520508,0.06000000238418579,0.7555456161499023,0.1802406907081604,0.8752532005310059,0.5360580086708069,0.14182579517364502,1.196670413017273,0.04045368731021881,0.0,20270821,18.980457305908203,0.6822532415390015,0.8172585964202881,0.2507486045360565,0.8475418090820312,0.4407479763031006,0.3249775767326355,0.11995933204889297,0.11245451867580414,0.7408574819564819,4.533943833695231,10.737887668652707,0.22543245553970337,0.0832802802324295,0.2528456747531891,0.05074949935078621
woman_03,pg_encoder,woman,a man,0.06,100,0.3,7.5,6.8,,0.006,0.5,8776.5,27.860811233520508,0.06000000238418579,0.7555456161499023,0.1802406907081604,0.8752532005310059,0.5360580086708069,0.14182579517364502,1.196670413017273,0.04045368731021881,0.0,20270822,18.261075973510742,0.6046499609947205,0.7828540802001953,0.20748046040534973,0.8144002556800842,0.4756235182285309,0.39527273178100586,0.061865728348493576,0.1221647784113884,0.7357839345932007,3.992048713003352,9.78844748367907,0.2289799153804779,0.06411226093769073,0.22081533074378967,0.026560727506875992
woman_03,pg_diffusion,woman,a man,0.06,100,0.3,7.5,207.8,,0.006,0.5,11556.1,27.560443878173828,0.06000000238418579,0.7685436010360718,0.18766218423843384,0.900337278842926,0.5512144565582275,0.12310981750488281,1.4004892110824585,0.041877105832099915,0.0,20270803,20.52737045288086,0.7302849888801575,0.658592700958252,0.044818777590990067,0.795162558555603,0.5435972213745117,0.2863425612449646,1.5385032892227173,0.09410902112722397,0.542724609375,3.746653633429592,5.930091418783898,0.1769351065158844,0.0029731420800089836,0.2323632687330246,0.06153498962521553
woman_03,pg_diffusion,woman,a man,0.06,100,0.3,7.5,207.8,,0.006,0.5,11556.1,27.560443878173828,0.06000000238418579,0.7685436010360718,0.18766218423843384,0.900337278842926,0.5512144565582275,0.12310981750488281,1.4004892110824585,0.041877105832099915,0.0,20270804,20.36032485961914,0.8130927085876465,0.5360256433486938,0.041745271533727646,0.7792885303497314,0.5693942904472351,0.29208898544311523,1.2550172805786133,0.09593641012907028,0.4829190671443939,3.8782760278742128,7.109666292203453,0.17356336116790771,0.005266222171485424,0.21986030042171478,0.062089890241622925
woman_03,pg_diffusion,woman,a man,0.06,100,0.3,7.5,207.8,,0.006,0.5,11556.1,27.560443878173828,0.06000000238418579,0.7685436010360718,0.18766218423843384,0.900337278842926,0.5512144565582275,0.12310981750488281,1.4004892110824585,0.041877105832099915,0.0,20270805,19.742671966552734,0.7661789655685425,0.5609670877456665,0.03281565010547638,0.7522333860397339,0.5725147128105164,0.323549747467041,1.7572237253189087,0.10300686955451965,0.5376867055892944,4.026666580246736,7.163624966320788,0.1749209463596344,0.015083767473697662,0.23155581951141357,0.062231987714767456
woman_03,pg_diffusion,woman,a man,0.06,100,0.3,7.5,207.8,,0.006,0.5,11556.1,27.560443878173828,0.06000000238418579,0.7685436010360718,0.18766218423843384,0.900337278842926,0.5512144565582275,0.12310981750488281,1.4004892110824585,0.041877105832099915,0.0,20270806,19.350740432739258,0.6537923216819763,0.6299730539321899,0.057031385600566864,0.7978752851486206,0.5465446710586548,0.23718422651290894,0.7678002715110779,0.10776132345199585,0.6342849731445312,4.0879427172324885,5.183768508664726,0.23106670379638672,0.08561260253190994,0.24088256061077118,0.04478594288229942
woman_03,pg_diffusion,woman,a man,0.06,100,0.3,7.5,207.8,,0.006,0.5,11556.1,27.560443878173828,0.06000000238418579,0.7685436010360718,0.18766218423843384,0.900337278842926,0.5512144565582275,0.12310981750488281,1.4004892110824585,0.041877105832099915,0.0,20270807,20.228435516357422,0.8630110621452332,0.619181752204895,0.03835107386112213,0.7617067694664001,0.5664359927177429,0.32095813751220703,1.7554843425750732,0.09740427136421204,0.5241432189941406,3.8678953453453397,7.459603487547399,0.22966545820236206,0.0814165472984314,0.20805488526821136,0.015448442660272121
woman_03,pg_diffusion,woman,a man,0.06,100,0.3,7.5,207.8,,0.006,0.5,11556.1,27.560443878173828,0.06000000238418579,0.7685436010360718,0.18766218423843384,0.900337278842926,0.5512144565582275,0.12310981750488281,1.4004892110824585,0.041877105832099915,0.0,20270808,20.73697853088379,0.8412254452705383,0.619605302810669,0.03667955473065376,0.7534068822860718,0.5608177781105042,0.31727880239486694,1.5813102722167969,0.0918651670217514,0.483123779296875,4.352680727001756,8.150986129614106,0.21835872530937195,0.08024591207504272,0.24635696411132812,0.057238899171352386
woman_03,pg_diffusion,woman,a man,0.06,100,0.3,7.5,207.8,,0.006,0.5,11556.1,27.560443878173828,0.06000000238418579,0.7685436010360718,0.18766218423843384,0.900337278842926,0.5512144565582275,0.12310981750488281,1.4004892110824585,0.041877105832099915,0.0,20270809,20.619243621826172,0.8847183585166931,0.6333699226379395,0.035329073667526245,0.7719341516494751,0.5408093929290771,0.26988381147384644,2.246110677719116,0.09311883896589279,0.3978385925292969,3.987780689158021,8.436732397682333,0.1806667000055313,0.020414436236023903,0.23179757595062256,0.057235606014728546
woman_03,pg_diffusion,woman,a man,0.06,100,0.3,7.5,207.8,,0.006,0.5,11556.1,27.560443878173828,0.06000000238418579,0.7685436010360718,0.18766218423843384,0.900337278842926,0.5512144565582275,0.12310981750488281,1.4004892110824585,0.041877105832099915,0.0,20270810,20.245277404785156,0.875905454158783,0.5920900106430054,0.04256833717226982,0.7764235138893127,0.5564727783203125,0.27246832847595215,1.5208550691604614,0.09721557796001434,0.4783477783203125,3.7887981835964206,8.761646070662385,0.17447638511657715,0.0011612707749009132,0.2207154780626297,0.04368896037340164
woman_03,pg_diffusion,woman,a man,0.06,100,0.3,7.5,207.8,,0.006,0.5,11556.1,27.560443878173828,0.06000000238418579,0.7685436010360718,0.18766218423843384,0.900337278842926,0.5512144565582275,0.12310981750488281,1.4004892110824585,0.041877105832099915,0.0,20270811,19.45077896118164,0.8601943254470825,0.5975894927978516,0.05239113047719002,0.8000094294548035,0.5555809736251831,0.29281020164489746,1.0881412029266357,0.10652729123830795,0.5986048579216003,4.192155014580481,4.935157215136893,0.1694902628660202,0.008198896422982216,0.21600809693336487,0.04882551729679108
woman_03,pg_diffusion,woman,a man,0.06,100,0.3,7.5,207.8,,0.006,0.5,11556.1,27.560443878173828,0.06000000238418579,0.7685436010360718,0.18766218423843384,0.900337278842926,0.5512144565582275,0.12310981750488281,1.4004892110824585,0.041877105832099915,0.0,20270812,19.69059944152832,0.8313925266265869,0.6124775409698486,0.048219744116067886,0.7823598980903625,0.5661954879760742,0.27068716287612915,1.0260353088378906,0.10362625867128372,0.6139742732048035,3.7464716255465698,6.511945104715065,0.21647164225578308,0.08295027911663055,0.2287466824054718,0.05551225692033768
woman_03,pg_diffusion,woman,a man,0.06,100,0.3,7.5,207.8,,0.006,0.5,11556.1,27.560443878173828,0.06000000238418579,0.7685436010360718,0.18766218423843384,0.900337278842926,0.5512144565582275,0.12310981750488281,1.4004892110824585,0.041877105832099915,0.0,20270813,19.344627380371094,0.8248796463012695,0.5841327905654907,0.053187575191259384,0.7732455730438232,0.5586428046226501,0.27703386545181274,1.3905194997787476,0.10783716291189194,0.6181539297103882,4.376787884874059,4.421703738554423,0.1989445984363556,0.055230677127838135,0.22343719005584717,0.060906004160642624
woman_03,pg_diffusion,woman,a man,0.06,100,0.3,7.5,207.8,,0.006,0.5,11556.1,27.560443878173828,0.06000000238418579,0.7685436010360718,0.18766218423843384,0.900337278842926,0.5512144565582275,0.12310981750488281,1.4004892110824585,0.041877105832099915,0.0,20270814,20.1978759765625,0.7745727300643921,0.5969852209091187,0.037385351955890656,0.7482637763023376,0.5550066232681274,0.28743231296539307,1.8034281730651855,0.09774758666753769,0.4932047724723816,4.1551443507642505,7.589124781971776,0.1741020381450653,0.008963406085968018,0.2384360432624817,0.05417777597904205
woman_03,pg_diffusion,woman,a man,0.06,100,0.3,7.5,207.8,,0.006,0.5,11556.1,27.560443878173828,0.06000000238418579,0.7685436010360718,0.18766218423843384,0.900337278842926,0.5512144565582275,0.12310981750488281,1.4004892110824585,0.041877105832099915,0.0,20270815,20.596755981445312,0.7774293422698975,0.5931578874588013,0.04443502053618431,0.8004494905471802,0.5673154592514038,0.2759653329849243,1.3292087316513062,0.09336023777723312,0.4588470458984375,4.239991176135593,6.702542654020482,0.22818464040756226,0.08885557949542999,0.2350364327430725,0.0588841438293457
woman_03,pg_diffusion,woman,a man,0.06,100,0.3,7.5,207.8,,0.006,0.5,11556.1,27.560443878173828,0.06000000238418579,0.7685436010360718,0.18766218423843384,0.900337278842926,0.5512144565582275,0.12310981750488281,1.4004892110824585,0.041877105832099915,0.0,20270816,20.184919357299805,0.9038653373718262,0.579425573348999,0.04753581061959267,0.793423056602478,0.5727853178977966,0.27518677711486816,1.5151429176330566,0.09789348393678665,0.4681485593318939,3.9850927182217206,7.112182548446203,0.1881207674741745,-0.002542988397181034,0.22939711809158325,0.05859224498271942
woman_03,pg_diffusion,woman,a man,0.06,100,0.3,7.5,207.8,,0.006,0.5,11556.1,27.560443878173828,0.06000000238418579,0.7685436010360718,0.18766218423843384,0.900337278842926,0.5512144565582275,0.12310981750488281,1.4004892110824585,0.041877105832099915,0.0,20270817,20.200275421142578,0.8434051275253296,0.5207079648971558,0.03810608386993408,0.7458083629608154,0.5625426769256592,0.2616633176803589,1.651532769203186,0.09772054105997086,0.479522705078125,4.3253038035216145,7.544867164487016,0.22610338032245636,0.0866546630859375,0.2409573793411255,0.06204494461417198
woman_03,pg_diffusion,woman,a man,0.06,100,0.3,7.5,207.8,,0.006,0.5,11556.1,27.560443878173828,0.06000000238418579,0.7685436010360718,0.18766218423843384,0.900337278842926,0.5512144565582275,0.12310981750488281,1.4004892110824585,0.041877105832099915,0.0,20270818,20.335329055786133,0.7722300291061401,0.6130502820014954,0.04645150527358055,0.8103363513946533,0.5579684972763062,0.28316473960876465,1.080074429512024,0.09621288627386093,0.5374743342399597,3.9906278392659305,7.587731897374025,0.17221666872501373,0.010347850620746613,0.2419244349002838,0.062277842313051224
woman_03,pg_diffusion,woman,a man,0.06,100,0.3,7.5,207.8,,0.006,0.5,11556.1,27.560443878173828,0.06000000238418579,0.7685436010360718,0.18766218423843384,0.900337278842926,0.5512144565582275,0.12310981750488281,1.4004892110824585,0.041877105832099915,0.0,20270819,19.197107315063477,0.6766566038131714,0.6631314754486084,0.053168218582868576,0.8075631856918335,0.5376691818237305,0.2691975235939026,0.9083552360534668,0.10968431830406189,0.6526426076889038,3.369594090247863,4.829544534856747,0.18253520131111145,0.006858179811388254,0.23493173718452454,0.05520278215408325
woman_03,pg_diffusion,woman,a man,0.06,100,0.3,7.5,207.8,,0.006,0.5,11556.1,27.560443878173828,0.06000000238418579,0.7685436010360718,0.18766218423843384,0.900337278842926,0.5512144565582275,0.12310981750488281,1.4004892110824585,0.041877105832099915,0.0,20270820,20.010696411132812,0.7715214490890503,0.5520133972167969,0.04031511768698692,0.7705313563346863,0.5719345808029175,0.27392101287841797,1.784926176071167,0.09987691044807434,0.5001500844955444,3.9290377671365695,5.8002699575288466,0.16864922642707825,0.0005019195377826691,0.22428256273269653,0.046495407819747925
woman_03,pg_diffusion,woman,a man,0.06,100,0.3,7.5,207.8,,0.006,0.5,11556.1,27.560443878173828,0.06000000238418579,0.7685436010360718,0.18766218423843384,0.900337278842926,0.5512144565582275,0.12310981750488281,1.4004892110824585,0.041877105832099915,0.0,20270821,19.60382843017578,0.6890547275543213,0.6516165137290955,0.04864338040351868,0.7868771553039551,0.5507320165634155,0.26899951696395874,0.8652511239051819,0.10466665029525757,0.6329129934310913,4.533943833695231,6.86195170823636,0.22543245553970337,0.0832802802324295,0.23199599981307983,0.058106258511543274
woman_03,pg_diffusion,woman,a man,0.06,100,0.3,7.5,207.8,,0.006,0.5,11556.1,27.560443878173828,0.06000000238418579,0.7685436010360718,0.18766218423843384,0.900337278842926,0.5512144565582275,0.12310981750488281,1.4004892110824585,0.041877105832099915,0.0,20270822,21.16183090209961,0.740899920463562,0.5647568702697754,0.034045953303575516,0.7552240490913391,0.5712200403213501,0.2988626956939697,2.0611612796783447,0.08747991174459457,0.3728904724121094,3.992048713003352,6.572942324949259,0.2289799153804779,0.06411226093769073,0.2244347631931305,0.026594284921884537
woman_03,semantic,woman,a man,0.06,100,0.3,7.5,121.8,0.27880859375,0.006,0.5,8777.4,27.7570743560791,0.06000000238418579,0.6734861135482788,0.1680673211812973,0.8168290853500366,0.5306222438812256,0.20083081722259521,1.4599626064300537,0.04093972593545914,0.0,20270803,24.097929000854492,0.7780808210372925,0.6206518411636353,0.05317462608218193,0.7740834951400757,0.5236721038818359,0.2807292938232422,2.626469135284424,0.06238827481865883,0.1938273161649704,3.746653633429592,3.9884981523554344,0.1769351065158844,0.0029731420800089836,0.23425829410552979,0.04822121188044548
woman_03,semantic,woman,a man,0.06,100,0.3,7.5,121.8,0.27880859375,0.006,0.5,8777.4,27.7570743560791,0.06000000238418579,0.6734861135482788,0.1680673211812973,0.8168290853500366,0.5306222438812256,0.20083081722259521,1.4599626064300537,0.04093972593545914,0.0,20270804,23.61606216430664,0.8367195725440979,0.6062012910842896,0.06024768203496933,0.7680687308311462,0.5206116437911987,0.2829413414001465,2.060880661010742,0.06594721972942352,0.22162501513957977,3.8782760278742128,3.9916131415821074,0.17356336116790771,0.005266222171485424,0.21812519431114197,0.032833948731422424
woman_03,semantic,woman,a man,0.06,100,0.3,7.5,121.8,0.27880859375,0.006,0.5,8777.4,27.7570743560791,0.06000000238418579,0.6734861135482788,0.1680673211812973,0.8168290853500366,0.5306222438812256,0.20083081722259521,1.4599626064300537,0.04093972593545914,0.0,20270805,24.248607635498047,0.6968315243721008,0.6094392538070679,0.05652713030576706,0.7565500140190125,0.545687198638916,0.30253517627716064,2.1334614753723145,0.06131533905863762,0.19852320849895477,4.026666580246736,4.251428018561499,0.1749209463596344,0.015083767473697662,0.20322802662849426,0.03028750792145729
woman_03,semantic,woman,a man,0.06,100,0.3,7.5,121.8,0.27880859375,0.006,0.5,8777.4,27.7570743560791,0.06000000238418579,0.6734861135482788,0.1680673211812973,0.8168290853500366,0.5306222438812256,0.20083081722259521,1.4599626064300537,0.04093972593545914,0.0,20270806,23.522823333740234,0.7669137716293335,0.581513524055481,0.054646410048007965,0.7689946293830872,0.5274679660797119,0.2759072780609131,2.2242627143859863,0.06665893644094467,0.23589706420898438,4.0879427172324885,4.83063819551689,0.23106670379638672,0.08561260253190994,0.25431936979293823,0.031025826930999756
woman_03,semantic,woman,a man,0.06,100,0.3,7.5,121.8,0.27880859375,0.006,0.5,8777.4,27.7570743560791,0.06000000238418579,0.6734861135482788,0.1680673211812973,0.8168290853500366,0.5306222438812256,0.20083081722259521,1.4599626064300537,0.04093972593545914,0.0,20270807,23.95534896850586,0.76175856590271,0.602118968963623,0.058734748512506485,0.7540541291236877,0.508432149887085,0.2920055389404297,1.9171825647354126,0.0634208396077156,0.20224253833293915,3.8678953453453397,4.078495515066099,0.22966545820236206,0.0814165472984314,0.2403561919927597,0.008221598342061043
woman_03,semantic,woman,a man,0.06,100,0.3,7.5,121.8,0.27880859375,0.006,0.5,8777.4,27.7570743560791,0.06000000238418579,0.6734861135482788,0.1680673211812973,0.8168290853500366,0.5306222438812256,0.20083081722259521,1.4599626064300537,0.04093972593545914,0.0,20270808,23.86287498474121,0.8150697946548462,0.6315276622772217,0.05778057873249054,0.7741479873657227,0.518152117729187,0.2821075916290283,1.910588264465332,0.06409966200590134,0.1955515593290329,4.352680727001756,4.359968815848936,0.21835872530937195,0.08024591207504272,0.2282993197441101,0.04533676430583
woman_03,semantic,woman,a man,0.06,100,0.3,7.5,121.8,0.27880859375,0.006,0.5,8777.4,27.7570743560791,0.06000000238418579,0.6734861135482788,0.1680673211812973,0.8168290853500366,0.5306222438812256,0.20083081722259521,1.4599626064300537,0.04093972593545914,0.0,20270809,23.212017059326172,0.8325375318527222,0.5919954776763916,0.05214177817106247,0.7374264597892761,0.5182859897613525,0.30330586433410645,2.175408124923706,0.06908736377954483,0.23195521533489227,3.987780689158021,3.703970312144087,0.1806667000055313,0.020414436236023903,0.2331164926290512,0.048238612711429596
woman_03,semantic,woman,a man,0.06,100,0.3,7.5,121.8,0.27880859375,0.006,0.5,8777.4,27.7570743560791,0.06000000238418579,0.6734861135482788,0.1680673211812973,0.8168290853500366,0.5306222438812256,0.20083081722259521,1.4599626064300537,0.04093972593545914,0.0,20270810,23.89153480529785,0.8079674243927002,0.6132305860519409,0.06188803166151047,0.7706381678581238,0.5115991830825806,0.2565864324569702,1.9185879230499268,0.06388850510120392,0.207794189453125,3.7887981835964206,4.3577646596664845,0.17447638511657715,0.0011612707749009132,0.20436525344848633,0.04005947709083557
woman_03,semantic,woman,a man,0.06,100,0.3,7.5,121.8,0.27880859375,0.006,0.5,8777.4,27.7570743560791,0.06000000238418579,0.6734861135482788,0.1680673211812973,0.8168290853500366,0.5306222438812256,0.20083081722259521,1.4599626064300537,0.04093972593545914,0.0,20270811,24.216449737548828,0.8039717674255371,0.6106991767883301,0.05692046135663986,0.7612336874008179,0.530402421951294,0.27866804599761963,1.6897941827774048,0.06154276430606842,0.19464111328125,4.192155014580481,3.8832426895964023,0.1694902628660202,0.008198896422982216,0.24026967585086823,0.05036408454179764
woman_03,semantic,woman,a man,0.06,100,0.3,7.5,121.8,0.27880859375,0.006,0.5,8777.4,27.7570743560791,0.06000000238418579,0.6734861135482788,0.1680673211812973,0.8168290853500366,0.5306222438812256,0.20083081722259521,1.4599626064300537,0.04093972593545914,0.0,20270812,24.241369247436523,0.8339776396751404,0.607318639755249,0.059742532670497894,0.7572792768478394,0.5208373665809631,0.2819982171058655,1.8921990394592285,0.061366453766822815,0.19086965918540955,3.7464716255465698,3.353929190995132,0.21647164225578308,0.08295027911663055,0.24536052346229553,0.05105619877576828
woman_03,semantic,woman,a man,0.06,100,0.3,7.5,121.8,0.27880859375,0.006,0.5,8777.4,27.7570743560791,0.06000000238418579,0.6734861135482788,0.1680673211812973,0.8168290853500366,0.5306222438812256,0.20083081722259521,1.4599626064300537,0.04093972593545914,0.0,20270813,23.924148559570312,0.8092189431190491,0.6033750772476196,0.05887448042631149,0.7570371627807617,0.5195165276527405,0.26037120819091797,2.311668634414673,0.06364907324314117,0.201629638671875,4.376787884874059,4.240658536751214,0.1989445984363556,0.055230677127838135,0.24624642729759216,0.04427686333656311
woman_03,semantic,woman,a man,0.06,100,0.3,7.5,121.8,0.27880859375,0.006,0.5,8777.4,27.7570743560791,0.06000000238418579,0.6734861135482788,0.1680673211812973,0.8168290853500366,0.5306222438812256,0.20083081722259521,1.4599626064300537,0.04093972593545914,0.0,20270814,23.9710693359375,0.8349961042404175,0.6414505839347839,0.06282653659582138,0.7700514793395996,0.49014800786972046,0.2626795768737793,2.2154951095581055,0.06330618262290955,0.18272528052330017,4.1551443507642505,4.591224148108079,0.1741020381450653,0.008963406085968018,0.2522655725479126,0.05407080426812172
woman_03,semantic,woman,a man,0.06,100,0.3,7.5,121.8,0.27880859375,0.006,0.5,8777.4,27.7570743560791,0.06000000238418579,0.6734861135482788,0.1680673211812973,0.8168290853500366,0.5306222438812256,0.20083081722259521,1.4599626064300537,0.04093972593545914,0.0,20270815,23.788753509521484,0.7955241203308105,0.5824181437492371,0.055142536759376526,0.7573502659797668,0.5405214428901672,0.2832993268966675,2.139270544052124,0.06464902311563492,0.2509053647518158,4.239991176135593,4.540453246160967,0.22818464040756226,0.08885557949542999,0.24684368073940277,0.04784449189901352
woman_03,semantic,woman,a man,0.06,100,0.3,7.5,121.8,0.27880859375,0.006,0.5,8777.4,27.7570743560791,0.06000000238418579,0.6734861135482788,0.1680673211812973,0.8168290853500366,0.5306222438812256,0.20083081722259521,1.4599626064300537,0.04093972593545914,0.0,20270816,23.493654251098633,0.8485406637191772,0.5920190811157227,0.06154538318514824,0.7439162731170654,0.516112208366394,0.2667495012283325,1.9835587739944458,0.06688316911458969,0.22789764404296875,3.9850927182217206,3.8242707695125575,0.1881207674741745,-0.002542988397181034,0.24491921067237854,0.04937126860022545
woman_03,semantic,woman,a man,0.06,100,0.3,7.5,121.8,0.27880859375,0.006,0.5,8777.4,27.7570743560791,0.06000000238418579,0.6734861135482788,0.1680673211812973,0.8168290853500366,0.5306222438812256,0.20083081722259521,1.4599626064300537,0.04093972593545914,0.0,20270817,23.476417541503906,0.7733368873596191,0.5659741163253784,0.055577121675014496,0.7464137077331543,0.5294809341430664,0.28939735889434814,1.9428566694259644,0.06701602786779404,0.23311233520507812,4.3253038035216145,3.657544783356978,0.22610338032245636,0.0866546630859375,0.2520758807659149,0.045617446303367615
woman_03,semantic,woman,a man,0.06,100,0.3,7.5,121.8,0.27880859375,0.006,0.5,8777.4,27.7570743560791,0.06000000238418579,0.6734861135482788,0.1680673211812973,0.8168290853500366,0.5306222438812256,0.20083081722259521,1.4599626064300537,0.04093972593545914,0.0,20270818,23.782777786254883,0.7736759781837463,0.6237806677818298,0.05740909278392792,0.7715471386909485,0.5172784328460693,0.2928919196128845,2.1662590503692627,0.06469351053237915,0.20770263671875,3.9906278392659305,4.785390044753906,0.17221666872501373,0.010347850620746613,0.2340850532054901,0.0493999682366848
woman_03,semantic,woman,a man,0.06,100,0.3,7.5,121.8,0.27880859375,0.006,0.5,8777.4,27.7570743560791,0.06000000238418579,0.6734861135482788,0.1680673211812973,0.8168290853500366,0.5306222438812256,0.20083081722259521,1.4599626064300537,0.04093972593545914,0.0,20270819,23.599416732788086,0.8347125053405762,0.6033911108970642,0.054107364267110825,0.765058696269989,0.5265747308731079,0.30522894859313965,2.2695484161376953,0.0660737007856369,0.2158457487821579,3.369594090247863,4.270361050204815,0.18253520131111145,0.006858179811388254,0.22145727276802063,0.04859514161944389
woman_03,semantic,woman,a man,0.06,100,0.3,7.5,121.8,0.27880859375,0.006,0.5,8777.4,27.7570743560791,0.06000000238418579,0.6734861135482788,0.1680673211812973,0.8168290853500366,0.5306222438812256,0.20083081722259521,1.4599626064300537,0.04093972593545914,0.0,20270820,23.47381591796875,0.6993587017059326,0.5651082992553711,0.05402340367436409,0.7459211945533752,0.512986958026886,0.29357922077178955,2.2867794036865234,0.06703609973192215,0.23499171435832977,3.9290377671365695,4.181735263339322,0.16864922642707825,0.0005019195377826691,0.21731138229370117,0.013735968619585037
woman_03,semantic,woman,a man,0.06,100,0.3,7.5,121.8,0.27880859375,0.006,0.5,8777.4,27.7570743560791,0.06000000238418579,0.6734861135482788,0.1680673211812973,0.8168290853500366,0.5306222438812256,0.20083081722259521,1.4599626064300537,0.04093972593545914,0.0,20270821,23.644378662109375,0.7628268599510193,0.5962895750999451,0.05560940504074097,0.7512784600257874,0.5444161891937256,0.281955361366272,1.8867695331573486,0.06573256850242615,0.2288818359375,4.533943833695231,3.948337834163467,0.22543245553970337,0.0832802802324295,0.2431560456752777,0.03621390461921692
woman_03,semantic,woman,a man,0.06,100,0.3,7.5,121.8,0.27880859375,0.006,0.5,8777.4,27.7570743560791,0.06000000238418579,0.6734861135482788,0.1680673211812973,0.8168290853500366,0.5306222438812256,0.20083081722259521,1.4599626064300537,0.04093972593545914,0.0,20270822,23.61302375793457,0.7792457342147827,0.5593844056129456,0.05142809823155403,0.7233282327651978,0.5365828275680542,0.28824949264526367,2.3902554512023926,0.0659702867269516,0.22872671484947205,3.992048713003352,3.9672040259947146,0.2289799153804779,0.06411226093769073,0.23736044764518738,0.05459246784448624
dog_00,pg_encoder,dog,a cat,0.06,100,0.3,7.5,6.8,,0.006,0.5,8776.5,27.454776763916016,0.06000000238418579,0.8317598104476929,0.33584848046302795,0.9455560445785522,0.6205776929855347,0.1149824857711792,1.0134752988815308,0.04238966479897499,0.0,20270803,19.094934463500977,0.6900042295455933,0.5740033388137817,0.28653135895729065,0.7403689026832581,0.6698268055915833,0.36535006761550903,0.05277147889137268,0.11098214238882065,0.6545028686523438,4.348889022568358,11.152136992250957,0.22901394963264465,0.04707633703947067,0.22166575491428375,0.04128945618867874
dog_00,pg_encoder,dog,a cat,0.06,100,0.3,7.5,6.8,,0.006,0.5,8776.5,27.454776763916016,0.06000000238418579,0.8317598104476929,0.33584848046302795,0.9455560445785522,0.6205776929855347,0.1149824857711792,1.0134752988815308,0.04238966479897499,0.0,20270804,18.33818817138672,0.6995528936386108,0.5212004780769348,0.30752483010292053,0.6963502168655396,0.6841428279876709,0.41630828380584717,0.038235556334257126,0.1210850402712822,0.6821696162223816,3.7397616390205486,12.392000966839257,0.228642076253891,0.0611267052590847,0.2667034864425659,0.08826407790184021
dog_00,pg_encoder,dog,a cat,0.06,100,0.3,7.5,6.8,,0.006,0.5,8776.5,27.454776763916016,0.06000000238418579,0.8317598104476929,0.33584848046302795,0.9455560445785522,0.6205776929855347,0.1149824857711792,1.0134752988815308,0.04238966479897499,0.0,20270805,18.529991149902344,0.6845985651016235,0.5590205192565918,0.3618606925010681,0.7162234783172607,0.6792628765106201,0.4226110577583313,0.03611178323626518,0.11844049394130707,0.6938769221305847,4.39024084720447,11.38809503818314,0.23392735421657562,0.03428635746240616,0.23420540988445282,0.047332607209682465
dog_00,pg_encoder,dog,a cat,0.06,100,0.3,7.5,6.8,,0.006,0.5,8776.5,27.454776763916016,0.06000000238418579,0.8317598104476929,0.33584848046302795,0.9455560445785522,0.6205776929855347,0.1149824857711792,1.0134752988815308,0.04238966479897499,0.0,20270806,18.84528923034668,0.8396745920181274,0.5591464042663574,0.3122928738594055,0.7261611819267273,0.6711301207542419,0.38122743368148804,0.0474354512989521,0.11421821266412735,0.6777979731559753,3.560798120480055,10.445160771813395,0.2110920548439026,0.01137164793908596,0.23833893239498138,0.08339560776948929
dog_00,pg_encoder,dog,a cat,0.06,100,0.3,7.5,6.8,,0.006,0.5,8776.5,27.454776763916016,0.06000000238418579,0.8317598104476929,0.33584848046302795,0.9455560445785522,0.6205776929855347,0.1149824857711792,1.0134752988815308,0.04238966479897499,0.0,20270807,18.584102630615234,0.7904664278030396,0.561793863773346,0.3495861291885376,0.724025309085846,0.672478199005127,0.3954384922981262,0.042743682861328125,0.11770494282245636,0.6773605346679688,4.084969138021933,12.328419649465598,0.23696842789649963,0.04747844487428665,0.26832693815231323,0.09949660301208496
dog_00,pg_encoder,dog,a cat,0.06,100,0.3,7.5,6.8,,0.006,0.5,8776.5,27.454776763916016,0.06000000238418579,0.8317598104476929,0.33584848046302795,0.9455560445785522,0.6205776929855347,0.1149824857711792,1.0134752988815308,0.04238966479897499,0.0,20270808,18.505094528198242,0.7507284879684448,0.5584560036659241,0.32879066467285156,0.7175044417381287,0.677757978439331,0.41054874658584595,0.03613865375518799,0.11878050118684769,0.6713269948959351,3.8268272382461697,11.824707654062932,0.19926661252975464,0.009553102776408195,0.2827748656272888,0.10126620531082153
dog_00,pg_encoder,dog,a cat,0.06,100,0.3,7.5,6.8,,0.006,0.5,8776.5,27.454776763916016,0.06000000238418579,0.8317598104476929,0.33584848046302795,0.9455560445785522,0.6205776929855347,0.1149824857711792,1.0134752988815308,0.04238966479897499,0.0,20270809,18.93216896057129,0.8333741426467896,0.5489344596862793,0.2922700345516205,0.709388017654419,0.6689558029174805,0.3908616304397583,0.04216129705309868,0.11308146268129349,0.6457595825195312,3.5926728773139045,11.578253778938477,0.21124228835105896,0.009594658389687538,0.25542837381362915,0.09333603084087372
dog_00,pg_encoder,dog,a cat,0.06,100,0.3,7.5,6.8,,0.006,0.5,8776.5,27.454776763916016,0.06000000238418579,0.8317598104476929,0.33584848046302795,0.9455560445785522,0.6205776929855347,0.1149824857711792,1.0134752988815308,0.04238966479897499,0.0,20270810,18.760225296020508,0.6493785381317139,0.5447516441345215,0.3235132694244385,0.7043829560279846,0.672103762626648,0.3809943199157715,0.04147817939519882,0.11534231156110764,0.6632792353630066,4.053178153357901,12.936559834943724,0.2167159914970398,0.028149982914328575,0.236240953207016,0.07952883839607239
dog_00,pg_encoder,dog,a cat,0.06,100,0.3,7.5,6.8,,0.006,0.5,8776.5,27.454776763916016,0.06000000238418579,0.8317598104476929,0.33584848046302795,0.9455560445785522,0.6205776929855347,0.1149824857711792,1.0134752988815308,0.04238966479897499,0.0,20270811,18.671911239624023,0.7277781963348389,0.5311609506607056,0.3108431398868561,0.6931494474411011,0.6700302362442017,0.4055103063583374,0.036122508347034454,0.11652101576328278,0.6757558584213257,3.6390089773235372,11.108530204928439,0.2110579013824463,0.019758043810725212,0.23695920407772064,0.06302027404308319
dog_00,pg_encoder,dog,a cat,0.06,100,0.3,7.5,6.8,,0.006,0.5,8776.5,27.454776763916016,0.06000000238418579,0.8317598104476929,0.33584848046302795,0.9455560445785522,0.6205776929855347,0.1149824857711792,1.0134752988815308,0.04238966479897499,0.0,20270812,18.505565643310547,0.6734808087348938,0.5517676472663879,0.3184455633163452,0.7142318487167358,0.685894250869751,0.4304358959197998,0.038204796612262726,0.11877404898405075,0.6984609365463257,3.736047105160303,10.809413172510908,0.22285446524620056,0.02592107281088829,0.2302979677915573,0.0550704151391983
dog_00,pg_encoder,dog,a cat,0.06,100,0.3,7.5,6.8,,0.006,0.5,8776.5,27.454776763916016,0.06000000238418579,0.8317598104476929,0.33584848046302795,0.9455560445785522,0.6205776929855347,0.1149824857711792,1.0134752988815308,0.04238966479897499,0.0,20270813,18.956605911254883,0.6843756437301636,0.574314296245575,0.31156671047210693,0.7209793925285339,0.663703441619873,0.34421586990356445,0.06177625060081482,0.11276376992464066,0.6505267024040222,3.97493546529521,11.26513097988767,0.2269272804260254,0.019234225153923035,0.27516430616378784,0.08431534469127655
dog_00,pg_encoder,dog,a cat,0.06,100,0.3,7.5,6.8,,0.006,0.5,8776.5,27.454776763916016,0.06000000238418579,0.8317598104476929,0.33584848046302795,0.9455560445785522,0.6205776929855347,0.1149824857711792,1.0134752988815308,0.04238966479897499,0.0,20270814,19.061758041381836,0.6409027576446533,0.5611032247543335,0.2982945144176483,0.7268630266189575,0.6790521740913391,0.41011708974838257,0.04292242228984833,0.11140687018632889,0.6445528864860535,4.0503323542804734,12.164938335115874,0.2025638222694397,0.006674386560916901,0.23589372634887695,0.07389800250530243
dog_00,pg_encoder,dog,a cat,0.06,100,0.3,7.5,6.8,,0.006,0.5,8776.5,27.454776763916016,0.06000000238418579,0.8317598104476929,0.33584848046302795,0.9455560445785522,0.6205776929855347,0.1149824857711792,1.0134752988815308,0.04238966479897499,0.0,20270815,19.280921936035156,0.7458213567733765,0.5556461811065674,0.29358160495758057,0.707306981086731,0.6606239080429077,0.3993798494338989,0.04428916797041893,0.10863099992275238,0.6352106928825378,3.3864690894730223,12.561371189886799,0.20339559018611908,0.02099926397204399,0.2290259301662445,0.04959339275956154
dog_00,pg_encoder,dog,a cat,0.06,100,0.3,7.5,6.8,,0.006,0.5,8776.5,27.454776763916016,0.06000000238418579,0.8317598104476929,0.33584848046302795,0.9455560445785522,0.6205776929855347,0.1149824857711792,1.0134752988815308,0.04238966479897499,0.0,20270816,18.713451385498047,0.7119199633598328,0.5622535347938538,0.302916944026947,0.72837895154953,0.6863159537315369,0.41740697622299194,0.04348442330956459,0.1159651055932045,0.6624552607536316,4.241382667820296,11.133227187723048,0.20610207319259644,0.03476041555404663,0.2689550518989563,0.09830309450626373
dog_00,pg_encoder,dog,a cat,0.06,100,0.3,7.5,6.8,,0.006,0.5,8776.5,27.454776763916016,0.06000000238418579,0.8317598104476929,0.33584848046302795,0.9455560445785522,0.6205776929855347,0.1149824857711792,1.0134752988815308,0.04238966479897499,0.0,20270817,19.700288772583008,0.7047995328903198,0.5879584550857544,0.2788882553577423,0.7437439560890198,0.6619018316268921,0.3637334108352661,0.056380026042461395,0.10351072996854782,0.6137441396713257,4.012112694424406,11.682093381572015,0.2090309113264084,0.007681513205170631,0.22786365449428558,0.0697026252746582
dog_00,pg_encoder,dog,a cat,0.06,100,0.3,7.5,6.8,,0.006,0.5,8776.5,27.454776763916016,0.06000000238418579,0.8317598104476929,0.33584848046302795,0.9455560445785522,0.6205776929855347,0.1149824857711792,1.0134752988815308,0.04238966479897499,0.0,20270818,18.507831573486328,0.7097840905189514,0.5577433109283447,0.32711803913116455,0.7196109890937805,0.6897456645965576,0.42669224739074707,0.0361807644367218,0.11874306946992874,0.6750666499137878,4.2061025515399555,11.921715585279562,0.20023204386234283,0.0008588936179876328,0.247060164809227,0.09466598927974701
dog_00,pg_encoder,dog,a cat,0.06,100,0.3,7.5,6.8,,0.006,0.5,8776.5,27.454776763916016,0.06000000238418579,0.8317598104476929,0.33584848046302795,0.9455560445785522,0.6205776929855347,0.1149824857711792,1.0134752988815308,0.04238966479897499,0.0,20270819,19.276321411132812,0.8221286535263062,0.5732433795928955,0.28553083539009094,0.7233690619468689,0.6724601984024048,0.3944578766822815,0.04422284662723541,0.10868854075670242,0.6165758967399597,4.233087070965742,11.917708130052901,0.2293984293937683,0.024362197145819664,0.2420157641172409,0.06750426441431046
dog_00,pg_encoder,dog,a cat,0.06,100,0.3,7.5,6.8,,0.006,0.5,8776.5,27.454776763916016,0.06000000238418579,0.8317598104476929,0.33584848046302795,0.9455560445785522,0.6205776929855347,0.1149824857711792,1.0134752988815308,0.04238966479897499,0.0,20270820,18.760679244995117,0.6924670934677124,0.5499116778373718,0.2974492311477661,0.7071887254714966,0.6632286310195923,0.36463654041290283,0.05500217527151108,0.11533626168966293,0.6610285639762878,3.119693931749234,10.75362441096839,0.23871135711669922,0.01979919523000717,0.26876500248908997,0.0661671981215477
dog_00,pg_encoder,dog,a cat,0.06,100,0.3,7.5,6.8,,0.006,0.5,8776.5,27.454776763916016,0.06000000238418579,0.8317598104476929,0.33584848046302795,0.9455560445785522,0.6205776929855347,0.1149824857711792,1.0134752988815308,0.04238966479897499,0.0,20270821,18.8809757232666,0.7070392370223999,0.5338728427886963,0.3222741484642029,0.7026421427726746,0.6804420948028564,0.39796215295791626,0.03337183967232704,0.1137499064207077,0.6671409606933594,3.9885386852658065,12.712942084390805,0.21092388033866882,0.032759398221969604,0.23584848642349243,0.06620810180902481
dog_00,pg_encoder,dog,a cat,0.06,100,0.3,7.5,6.8,,0.006,0.5,8776.5,27.454776763916016,0.06000000238418579,0.8317598104476929,0.33584848046302795,0.9455560445785522,0.6205776929855347,0.1149824857711792,1.0134752988815308,0.04238966479897499,0.0,20270822,19.055326461791992,0.7084482312202454,0.5647063255310059,0.3092572093009949,0.7166063189506531,0.6834600567817688,0.3835594654083252,0.0464806854724884,0.11148938536643982,0.6685587763786316,3.7439115387572843,11.979854887240991,0.22512269020080566,0.03207961842417717,0.2346603274345398,0.051688302308321
dog_00,pg_diffusion,dog,a cat,0.06,100,0.3,7.5,207.9,,0.006,0.5,11556.1,27.273101806640625,0.06000000238418579,0.8366820812225342,0.3544901907444,0.9505881071090698,0.605797529220581,0.1554155945777893,1.2805838584899902,0.043285634368658066,0.0,20270803,19.973337173461914,0.7686336040496826,0.5302057862281799,0.10413902252912521,0.7935880422592163,0.6521793603897095,0.2959403991699219,1.186007022857666,0.1003073900938034,0.5583432912826538,4.348889022568358,3.522862113059489,0.22901394963264465,0.04707633703947067,0.27938488125801086,0.08309519290924072
dog_00,pg_diffusion,dog,a cat,0.06,100,0.3,7.5,207.9,,0.006,0.5,11556.1,27.273101806640625,0.06000000238418579,0.8366820812225342,0.3544901907444,0.9505881071090698,0.605797529220581,0.1554155945777893,1.2805838584899902,0.043285634368658066,0.0,20270804,19.410659790039062,0.8546874523162842,0.5195196866989136,0.10137227922677994,0.7824726700782776,0.6693866848945618,0.2802813649177551,1.1201891899108887,0.10702045261859894,0.5477536916732788,3.7397616390205486,5.746469252603761,0.228642076253891,0.0611267052590847,0.2643664479255676,0.09027247130870819
dog_00,pg_diffusion,dog,a cat,0.06,100,0.3,7.5,207.9,,0.006,0.5,11556.1,27.273101806640625,0.06000000238418579,0.8366820812225342,0.3544901907444,0.9505881071090698,0.605797529220581,0.1554155945777893,1.2805838584899902,0.043285634368658066,0.0,20270805,19.556415557861328,0.880726158618927,0.5305415987968445,0.11588718742132187,0.7915480136871338,0.6490367650985718,0.3363189697265625,0.8638171553611755,0.10523954033851624,0.5717887878417969,4.39024084720447,4.302005283109146,0.23392735421657562,0.03428635746240616,0.28721994161605835,0.0865062028169632
dog_00,pg_diffusion,dog,a cat,0.06,100,0.3,7.5,207.9,,0.006,0.5,11556.1,27.273101806640625,0.06000000238418579,0.8366820812225342,0.3544901907444,0.9505881071090698,0.605797529220581,0.1554155945777893,1.2805838584899902,0.043285634368658066,0.0,20270806,19.535573959350586,1.0,0.4828053414821625,0.09138191491365433,0.7705130577087402,0.6899008750915527,0.34159278869628906,1.2286875247955322,0.10549239814281464,0.5403887629508972,3.560798120480055,4.806593919351502,0.2110920548439026,0.01137164793908596,0.2839137017726898,0.08784814178943634
dog_00,pg_diffusion,dog,a cat,0.06,100,0.3,7.5,207.9,,0.006,0.5,11556.1,27.273101806640625,0.06000000238418579,0.8366820812225342,0.3544901907444,0.9505881071090698,0.605797529220581,0.1554155945777893,1.2805838584899902,0.043285634368658066,0.0,20270807,19.87212371826172,0.7328870296478271,0.5342419147491455,0.10890541225671768,0.7924681901931763,0.678762674331665,0.3095656633377075,1.0857152938842773,0.1014830693602562,0.5523859858512878,4.084969138021933,4.693163166920222,0.23696842789649963,0.04747844487428665,0.2810998260974884,0.07836110889911652
dog_00,pg_diffusion,dog,a cat,0.06,100,0.3,7.5,207.9,,0.006,0.5,11556.1,27.273101806640625,0.06000000238418579,0.8366820812225342,0.3544901907444,0.9505881071090698,0.605797529220581,0.1554155945777893,1.2805838584899902,0.043285634368658066,0.0,20270808,19.588380813598633,0.8599094152450562,0.5465933084487915,0.09814662486314774,0.7919158339500427,0.6737469434738159,0.3399242162704468,1.0359050035476685,0.10485298186540604,0.5597343444824219,3.8268272382461697,5.537299392678509,0.19926661252975464,0.009553102776408195,0.27557438611984253,0.0906815379858017
dog_00,pg_diffusion,dog,a cat,0.06,100,0.3,7.5,207.9,,0.006,0.5,11556.1,27.273101806640625,0.06000000238418579,0.8366820812225342,0.3544901907444,0.9505881071090698,0.605797529220581,0.1554155945777893,1.2805838584899902,0.043285634368658066,0.0,20270809,19.946348190307617,1.0,0.5553972125053406,0.11724899709224701,0.8075995445251465,0.6574590802192688,0.3099462389945984,0.8158174753189087,0.10061955451965332,0.5493406057357788,3.5926728773139045,4.8164163276265635,0.21124228835105896,0.009594658389687538,0.27562642097473145,0.0845416858792305
dog_00,pg_diffusion,dog,a cat,0.06,100,0.3,7.5,207.9,,0.006,0.5,11556.1,27.273101806640625,0.06000000238418579,0.8366820812225342,0.3544901907444,0.9505881071090698,0.605797529220581,0.1554155945777893,1.2805838584899902,0.043285634368658066,0.0,20270810,19.774991989135742,0.7712079286575317,0.5371016263961792,0.11166123300790787,0.7943587899208069,0.6477599740028381,0.33793747425079346,0.8569911122322083,0.1026243045926094,0.5577647089958191,4.053178153357901,3.9076018126705248,0.2167159914970398,0.028149982914328575,0.2836166322231293,0.08259795606136322
dog_00,pg_diffusion,dog,a cat,0.06,100,0.3,7.5,207.9,,0.006,0.5,11556.1,27.273101806640625,0.06000000238418579,0.8366820812225342,0.3544901907444,0.9505881071090698,0.605797529220581,0.1554155945777893,1.2805838584899902,0.043285634368658066,0.0,20270811,19.857833862304688,0.8650667071342468,0.5140959620475769,0.09956491738557816,0.8031147122383118,0.6871467232704163,0.3279002904891968,1.1715540885925293,0.10165014863014221,0.5421142578125,3.6390089773235372,6.085090894250194,0.2110579013824463,0.019758043810725212,0.28632399439811707,0.08734903484582901
dog_00,pg_diffusion,dog,a cat,0.06,100,0.3,7.5,207.9,,0.006,0.5,11556.1,27.273101806640625,0.06000000238418579,0.8366820812225342,0.3544901907444,0.9505881071090698,0.605797529220581,0.1554155945777893,1.2805838584899902,0.043285634368658066,0.0,20270812,19.57240867614746,0.767852246761322,0.517581582069397,0.09359636902809143,0.7770792841911316,0.6716060638427734,0.3090076446533203,1.1306990385055542,0.10504597425460815,0.5922584533691406,3.736047105160303,4.22742402598534,0.22285446524620056,0.02592107281088829,0.27172422409057617,0.09361213445663452
dog_00,pg_diffusion,dog,a cat,0.06,100,0.3,7.5,207.9,,0.006,0.5,11556.1,27.273101806640625,0.06000000238418579,0.8366820812225342,0.3544901907444,0.9505881071090698,0.605797529220581,0.1554155945777893,1.2805838584899902,0.043285634368658066,0.0,20270813,19.945396423339844,0.751745343208313,0.5048398375511169,0.09033405035734177,0.7819639444351196,0.6831064224243164,0.3205984830856323,1.4345377683639526,0.10063058882951736,0.5326589345932007,3.97493546529521,6.316242027703329,0.2269272804260254,0.019234225153923035,0.2826066017150879,0.08526304364204407
dog_00,pg_diffusion,dog,a cat,0.06,100,0.3,7.5,207.9,,0.006,0.5,11556.1,27.273101806640625,0.06000000238418579,0.8366820812225342,0.3544901907444,0.9505881071090698,0.605797529220581,0.1554155945777893,1.2805838584899902,0.043285634368658066,0.0,20270814,20.06629180908203,0.726608395576477,0.5233974456787109,0.10398387908935547,0.7958455085754395,0.6583304405212402,0.3141108751296997,1.1507917642593384,0.09923966228961945,0.5378456115722656,4.0503323542804734,3.942275112114587,0.2025638222694397,0.006674386560916901,0.28091979026794434,0.08545282483100891
dog_00,pg_diffusion,dog,a cat,0.06,100,0.3,7.5,207.9,,0.006,0.5,11556.1,27.273101806640625,0.06000000238418579,0.8366820812225342,0.3544901907444,0.9505881071090698,0.605797529220581,0.1554155945777893,1.2805838584899902,0.043285634368658066,0.0,20270815,19.759233474731445,0.7492989301681519,0.521953284740448,0.09699410200119019,0.7903646230697632,0.6642237305641174,0.32298487424850464,1.170581340789795,0.10281065106391907,0.5628547668457031,3.3864690894730223,4.0306862491253845,0.20339559018611908,0.02099926397204399,0.28026819229125977,0.08171500265598297
dog_00,pg_diffusion,dog,a cat,0.06,100,0.3,7.5,207.9,,0.006,0.5,11556.1,27.273101806640625,0.06000000238418579,0.8366820812225342,0.3544901907444,0.9505881071090698,0.605797529220581,0.1554155945777893,1.2805838584899902,0.043285634368658066,0.0,20270816,19.4169864654541,0.7415500283241272,0.5215636491775513,0.10109293460845947,0.7974122166633606,0.6810650825500488,0.328446626663208,1.006779670715332,0.1069425418972969,0.5619773864746094,4.241382667820296,4.498025356663672,0.20610207319259644,0.03476041555404663,0.2806760370731354,0.0904787927865982
dog_00,pg_diffusion,dog,a cat,0.06,100,0.3,7.5,207.9,,0.006,0.5,11556.1,27.273101806640625,0.06000000238418579,0.8366820812225342,0.3544901907444,0.9505881071090698,0.605797529220581,0.1554155945777893,1.2805838584899902,0.043285634368658066,0.0,20270817,19.189184188842773,0.7488689422607422,0.4986238181591034,0.08460099995136261,0.7659704089164734,0.6812759637832642,0.33666276931762695,1.30669105052948,0.10978439450263977,0.5773290395736694,4.012112694424406,4.852569690295166,0.2090309113264084,0.007681513205170631,0.2729845643043518,0.08496256917715073
dog_00,pg_diffusion,dog,a cat,0.06,100,0.3,7.5,207.9,,0.006,0.5,11556.1,27.273101806640625,0.06000000238418579,0.8366820812225342,0.3544901907444,0.9505881071090698,0.605797529220581,0.1554155945777893,1.2805838584899902,0.043285634368658066,0.0,20270818,19.53427505493164,0.9473710060119629,0.5070061683654785,0.09973584115505219,0.7794367074966431,0.6887362003326416,0.3400845527648926,1.4905405044555664,0.10550817102193832,0.5330518484115601,4.2061025515399555,4.383920092142318,0.20023204386234283,0.0008588936179876328,0.2733331322669983,0.09177704900503159
dog_00,pg_diffusion,dog,a cat,0.06,100,0.3,7.5,207.9,,0.006,0.5,11556.1,27.273101806640625,0.06000000238418579,0.8366820812225342,0.3544901907444,0.9505881071090698,0.605797529220581,0.1554155945777893,1.2805838584899902,0.043285634368658066,0.0,20270819,19.804882049560547,0.7872302532196045,0.5183802843093872,0.10890082269906998,0.7923797965049744,0.659375786781311,0.3048413395881653,0.9397158026695251,0.10227175056934357,0.5538520812988281,4.233087070965742,4.704846355032158,0.2293984293937683,0.024362197145819664,0.280521035194397,0.08606526255607605
dog_00,pg_diffusion,dog,a cat,0.06,100,0.3,7.5,207.9,,0.006,0.5,11556.1,27.273101806640625,0.06000000238418579,0.8366820812225342,0.3544901907444,0.9505881071090698,0.605797529220581,0.1554155945777893,1.2805838584899902,0.043285634368658066,0.0,20270820,19.35913848876953,0.970382809638977,0.517545223236084,0.10077980160713196,0.7812312841415405,0.6670467853546143,0.32061702013015747,1.0380208492279053,0.10765714943408966,0.5726064443588257,3.119693931749234,3.7160959733310146,0.23871135711669922,0.01979919523000717,0.27416035532951355,0.08701679110527039
dog_00,pg_diffusion,dog,a cat,0.06,100,0.3,7.5,207.9,,0.006,0.5,11556.1,27.273101806640625,0.06000000238418579,0.8366820812225342,0.3544901907444,0.9505881071090698,0.605797529220581,0.1554155945777893,1.2805838584899902,0.043285634368658066,0.0,20270821,19.73550033569336,0.8572697639465332,0.4921724796295166,0.09161529690027237,0.7809064984321594,0.6684531569480896,0.31500351428985596,1.4698312282562256,0.10309197753667831,0.5423864126205444,3.9885386852658065,4.498367119096725,0.21092388033866882,0.032759398221969604,0.273886501789093,0.08929290622472763
dog_00,pg_diffusion,dog,a cat,0.06,100,0.3,7.5,207.9,,0.006,0.5,11556.1,27.273101806640625,0.06000000238418579,0.8366820812225342,0.3544901907444,0.9505881071090698,0.605797529220581,0.1554155945777893,1.2805838584899902,0.043285634368658066,0.0,20270822,19.50252342224121,0.7597475051879883,0.5149372816085815,0.09335917979478836,0.7745885848999023,0.657494843006134,0.31552833318710327,1.0721944570541382,0.1058945506811142,0.5754318237304688,3.7439115387572843,3.633666391398,0.22512269020080566,0.03207961842417717,0.2801547050476074,0.08545922487974167
dog_00,semantic,dog,a cat,0.06,100,0.3,7.5,122.0,0.2578125,0.006,0.5,8777.4,27.425182342529297,0.06000000238418579,0.801711916923523,0.32376816868782043,0.9203391671180725,0.5620527863502502,0.226393461227417,1.4460692405700684,0.042534347623586655,0.0,20270803,21.06853675842285,0.9436787366867065,0.529828667640686,0.09927698969841003,0.7954836487770081,0.6072201728820801,0.31617408990859985,2.705613851547241,0.08842454105615616,0.3803977966308594,4.348889022568358,3.622341682469508,0.22901394963264465,0.04707633703947067,0.2760484218597412,0.08526173233985901
dog_00,semantic,dog,a cat,0.06,100,0.3,7.5,122.0,0.2578125,0.006,0.5,8777.4,27.425182342529297,0.06000000238418579,0.801711916923523,0.32376816868782043,0.9203391671180725,0.5620527863502502,0.226393461227417,1.4460692405700684,0.042534347623586655,0.0,20270804,20.908784866333008,0.8990801572799683,0.5410287380218506,0.10722345858812332,0.7868233919143677,0.5816777348518372,0.25788384675979614,2.1400504112243652,0.09006593376398087,0.38817089796066284,3.7397616390205486,2.451924784240382,0.228642076253891,0.0611267052590847,0.2685931324958801,0.08128030598163605
dog_00,semantic,dog,a cat,0.06,100,0.3,7.5,122.0,0.2578125,0.006,0.5,8777.4,27.425182342529297,0.06000000238418579,0.801711916923523,0.32376816868782043,0.9203391671180725,0.5620527863502502,0.226393461227417,1.4460692405700684,0.042534347623586655,0.0,20270805,20.661439895629883,0.8359509110450745,0.5112984776496887,0.08738256990909576,0.7810815572738647,0.6239942312240601,0.32211506366729736,2.7234725952148438,0.09266757220029831,0.40080899000167847,4.39024084720447,3.3704990920105766,0.23392735421657562,0.03428635746240616,0.26325857639312744,0.06011718884110451
dog_00,semantic,dog,a cat,0.06,100,0.3,7.5,122.0,0.2578125,0.006,0.5,8777.4,27.425182342529297,0.06000000238418579,0.801711916923523,0.32376816868782043,0.9203391671180725,0.5620527863502502,0.226393461227417,1.4460692405700684,0.042534347623586655,0.0,20270806,20.535274505615234,0.9842772483825684,0.4890012741088867,0.09076228737831116,0.7781065702438354,0.6183618307113647,0.3297187089920044,2.8752682209014893,0.0940234512090683,0.4077351987361908,3.560798120480055,2.8416688153499043,0.2110920548439026,0.01137164793908596,0.2536624073982239,0.0961916595697403
dog_00,semantic,dog,a cat,0.06,100,0.3,7.5,122.0,0.2578125,0.006,0.5,8777.4,27.425182342529297,0.06000000238418579,0.801711916923523,0.32376816868782043,0.9203391671180725,0.5620527863502502,0.226393461227417,1.4460692405700684,0.042534347623586655,0.0,20270807,20.750343322753906,0.9425750970840454,0.5037224888801575,0.09707982838153839,0.7837834358215332,0.6312276124954224,0.32990455627441406,2.6486308574676514,0.09172391146421432,0.39638012647628784,4.084969138021933,3.078875592521284,0.23696842789649963,0.04747844487428665,0.23844006657600403,0.06418842077255249
dog_00,semantic,dog,a cat,0.06,100,0.3,7.5,122.0,0.2578125,0.006,0.5,8777.4,27.425182342529297,0.06000000238418579,0.801711916923523,0.32376816868782043,0.9203391671180725,0.5620527863502502,0.226393461227417,1.4460692405700684,0.042534347623586655,0.0,20270808,20.5238037109375,0.8928781747817993,0.5011160969734192,0.09248705208301544,0.766573429107666,0.6052402257919312,0.3025158643722534,3.362724781036377,0.0941476821899414,0.4073880612850189,3.8268272382461697,2.8815180614250036,0.19926661252975464,0.009553102776408195,0.2501061260700226,0.06969483941793442
dog_00,semantic,dog,a cat,0.06,100,0.3,7.5,122.0,0.2578125,0.006,0.5,8777.4,27.425182342529297,0.06000000238418579,0.801711916923523,0.32376816868782043,0.9203391671180725,0.5620527863502502,0.226393461227417,1.4460692405700684,0.042534347623586655,0.0,20270809,20.940258026123047,0.9022477865219116,0.5276236534118652,0.09867216646671295,0.7902801632881165,0.5949446558952332,0.2953307628631592,2.1681478023529053,0.08974017202854156,0.3940671384334564,3.5926728773139045,3.1006606808731365,0.21124228835105896,0.009594658389687538,0.2495579719543457,0.05622300133109093
dog_00,semantic,dog,a cat,0.06,100,0.3,7.5,122.0,0.2578125,0.006,0.5,8777.4,27.425182342529297,0.06000000238418579,0.801711916923523,0.32376816868782043,0.9203391671180725,0.5620527863502502,0.226393461227417,1.4460692405700684,0.042534347623586655,0.0,20270810,20.573034286499023,0.9085168838500977,0.5198612213134766,0.09618101269006729,0.7755544781684875,0.5906263589859009,0.3061078190803528,2.8966073989868164,0.09361554682254791,0.3921305537223816,4.053178153357901,3.476251742759732,0.2167159914970398,0.028149982914328575,0.26683399081230164,0.08550850301980972
dog_00,semantic,dog,a cat,0.06,100,0.3,7.5,122.0,0.2578125,0.006,0.5,8777.4,27.425182342529297,0.06000000238418579,0.801711916923523,0.32376816868782043,0.9203391671180725,0.5620527863502502,0.226393461227417,1.4460692405700684,0.042534347623586655,0.0,20270811,20.926055908203125,0.837051510810852,0.5051102638244629,0.0944504514336586,0.785893440246582,0.6237338781356812,0.3214944005012512,2.460113048553467,0.08988702297210693,0.39727020263671875,3.6390089773235372,3.113147469187476,0.2110579013824463,0.019758043810725212,0.23204705119132996,0.034080300480127335
dog_00,semantic,dog,a cat,0.06,100,0.3,7.5,122.0,0.2578125,0.006,0.5,8777.4,27.425182342529297,0.06000000238418579,0.801711916923523,0.32376816868782043,0.9203391671180725,0.5620527863502502,0.226393461227417,1.4460692405700684,0.042534347623586655,0.0,20270812,20.526220321655273,0.9592112302780151,0.4932065010070801,0.08849747478961945,0.7751191854476929,0.6043908596038818,0.2790621519088745,2.749345541000366,0.09412147849798203,0.40464019775390625,3.736047105160303,2.9221676261324,0.22285446524620056,0.02592107281088829,0.2535369396209717,0.0894056037068367
dog_00,semantic,dog,a cat,0.06,100,0.3,7.5,122.0,0.2578125,0.006,0.5,8777.4,27.425182342529297,0.06000000238418579,0.801711916923523,0.32376816868782043,0.9203391671180725,0.5620527863502502,0.226393461227417,1.4460692405700684,0.042534347623586655,0.0,20270813,20.931100845336914,0.9266921281814575,0.5112141966819763,0.09271671622991562,0.7790369391441345,0.6021652221679688,0.30552494525909424,2.9559993743896484,0.08983483165502548,0.3883603513240814,3.97493546529521,2.6162916126290745,0.2269272804260254,0.019234225153923035,0.25868144631385803,0.07896775752305984
dog_00,semantic,dog,a cat,0.06,100,0.3,7.5,122.0,0.2578125,0.006,0.5,8777.4,27.425182342529297,0.06000000238418579,0.801711916923523,0.32376816868782043,0.9203391671180725,0.5620527863502502,0.226393461227417,1.4460692405700684,0.042534347623586655,0.0,20270814,21.09921646118164,0.870282769203186,0.5210297107696533,0.09541554003953934,0.7798863053321838,0.597043514251709,0.28732961416244507,2.7125790119171143,0.08811279386281967,0.37953948974609375,4.0503323542804734,2.896954416479478,0.2025638222694397,0.006674386560916901,0.2681649327278137,0.061846982687711716
dog_00,semantic,dog,a cat,0.06,100,0.3,7.5,122.0,0.2578125,0.006,0.5,8777.4,27.425182342529297,0.06000000238418579,0.801711916923523,0.32376816868782043,0.9203391671180725,0.5620527863502502,0.226393461227417,1.4460692405700684,0.042534347623586655,0.0,20270815,20.790035247802734,0.7861158847808838,0.5007699131965637,0.09117016196250916,0.7817084789276123,0.603196382522583,0.317715048789978,2.8321542739868164,0.0913057029247284,0.40869268774986267,3.3864690894730223,3.03717258489241,0.20339559018611908,0.02099926397204399,0.23413914442062378,0.06398139894008636
dog_00,semantic,dog,a cat,0.06,100,0.3,7.5,122.0,0.2578125,0.006,0.5,8777.4,27.425182342529297,0.06000000238418579,0.801711916923523,0.32376816868782043,0.9203391671180725,0.5620527863502502,0.226393461227417,1.4460692405700684,0.042534347623586655,0.0,20270816,20.78719139099121,0.9200419187545776,0.5205336213111877,0.09497354179620743,0.7978036999702454,0.6109082698822021,0.3330363631248474,2.565272331237793,0.09133561700582504,0.3868675231933594,4.241382667820296,3.345723674413625,0.20610207319259644,0.03476041555404663,0.27913814783096313,0.08747506141662598
dog_00,semantic,dog,a cat,0.06,100,0.3,7.5,122.0,0.2578125,0.006,0.5,8777.4,27.425182342529297,0.06000000238418579,0.801711916923523,0.32376816868782043,0.9203391671180725,0.5620527863502502,0.226393461227417,1.4460692405700684,0.042534347623586655,0.0,20270817,20.506832122802734,0.9359000325202942,0.489067405462265,0.08682660758495331,0.7610044479370117,0.6031723618507385,0.29672741889953613,3.0211164951324463,0.09433181583881378,0.41735586524009705,4.012112694424406,3.045273809993989,0.2090309113264084,0.007681513205170631,0.2400166094303131,0.07808774709701538
dog_00,semantic,dog,a cat,0.06,100,0.3,7.5,122.0,0.2578125,0.006,0.5,8777.4,27.425182342529297,0.06000000238418579,0.801711916923523,0.32376816868782043,0.9203391671180725,0.5620527863502502,0.226393461227417,1.4460692405700684,0.042534347623586655,0.0,20270818,20.697004318237305,0.8057088255882263,0.509636402130127,0.09382391721010208,0.789842963218689,0.6382298469543457,0.3674454689025879,2.933285713195801,0.09228891879320145,0.3958676755428314,4.2061025515399555,2.8810372677728893,0.20023204386234283,0.0008588936179876328,0.23835989832878113,0.04630698263645172
dog_00,semantic,dog,a cat,0.06,100,0.3,7.5,122.0,0.2578125,0.006,0.5,8777.4,27.425182342529297,0.06000000238418579,0.801711916923523,0.32376816868782043,0.9203391671180725,0.5620527863502502,0.226393461227417,1.4460692405700684,0.042534347623586655,0.0,20270819,20.595115661621094,0.9683229327201843,0.5219966173171997,0.1010262668132782,0.7881101965904236,0.6179883480072021,0.29883480072021484,2.6415627002716064,0.09337787330150604,0.38722866773605347,4.233087070965742,2.8701832802858034,0.2293984293937683,0.024362197145819664,0.27901631593704224,0.07277801632881165
dog_00,semantic,dog,a cat,0.06,100,0.3,7.5,122.0,0.2578125,0.006,0.5,8777.4,27.425182342529297,0.06000000238418579,0.801711916923523,0.32376816868782043,0.9203391671180725,0.5620527863502502,0.226393461227417,1.4460692405700684,0.042534347623586655,0.0,20270820,20.650503158569336,0.9182276725769043,0.49752113223075867,0.09317857772111893,0.7782920598983765,0.6082655191421509,0.2954972982406616,2.3296074867248535,0.0927843302488327,0.40135955810546875,3.119693931749234,3.2050417191419314,0.23871135711669922,0.01979919523000717,0.25070488452911377,0.0639212429523468
dog_00,semantic,dog,a cat,0.06,100,0.3,7.5,122.0,0.2578125,0.006,0.5,8777.4,27.425182342529297,0.06000000238418579,0.801711916923523,0.32376816868782043,0.9203391671180725,0.5620527863502502,0.226393461227417,1.4460692405700684,0.042534347623586655,0.0,20270821,21.2326602935791,0.956680417060852,0.5234119892120361,0.10084023326635361,0.7857270836830139,0.6046497821807861,0.2941397428512573,2.6113333702087402,0.08676943182945251,0.3839111328125,3.9885386852658065,2.762213302712331,0.21092388033866882,0.032759398221969604,0.266670286655426,0.08733096718788147
dog_00,semantic,dog,a cat,0.06,100,0.3,7.5,122.0,0.2578125,0.006,0.5,8777.4,27.425182342529297,0.06000000238418579,0.801711916923523,0.32376816868782043,0.9203391671180725,0.5620527863502502,0.226393461227417,1.4460692405700684,0.042534347623586655,0.0,20270822,20.481563568115234,0.9547158479690552,0.5112923383712769,0.08650536090135574,0.7685198783874512,0.6028004884719849,0.29211974143981934,3.098345994949341,0.0946066603064537,0.4070930480957031,3.7439115387572843,2.628454957435617,0.22512269020080566,0.03207961842417717,0.2535538673400879,0.08229438215494156
dog_01,pg_encoder,dog,a cat,0.06,100,0.3,7.5,6.9,,0.006,0.5,8776.5,27.651948928833008,0.06000000238418579,0.8233015537261963,0.32087478041648865,0.9400129914283752,0.6221333742141724,0.1128050684928894,1.0995824337005615,0.04143824055790901,0.0,20270803,18.67688751220703,0.5968524217605591,0.6385406851768494,0.39279934763908386,0.7520318031311035,0.6836832761764526,0.39991986751556396,0.06785466521978378,0.11645428091287613,0.5825170278549194,3.755115128300754,10.467728409312583,0.2781941890716553,0.08336074650287628,0.27836138010025024,0.10356034338474274
dog_01,pg_encoder,dog,a cat,0.06,100,0.3,7.5,6.9,,0.006,0.5,8776.5,27.651948928833008,0.06000000238418579,0.8233015537261963,0.32087478041648865,0.9400129914283752,0.6221333742141724,0.1128050684928894,1.0995824337005615,0.04143824055790901,0.0,20270804,18.399635314941406,0.7025110721588135,0.6327855587005615,0.4005963206291199,0.7561907768249512,0.6922916173934937,0.38576018810272217,0.06211907044053078,0.12023146450519562,0.6136411428451538,3.6476191901655723,9.952273516315552,0.26875633001327515,0.08463552594184875,0.27344268560409546,0.09408939629793167
dog_01,pg_encoder,dog,a cat,0.06,100,0.3,7.5,6.9,,0.006,0.5,8776.5,27.651948928833008,0.06000000238418579,0.8233015537261963,0.32087478041648865,0.9400129914283752,0.6221333742141724,0.1128050684928894,1.0995824337005615,0.04143824055790901,0.0,20270805,18.620731353759766,0.5762741565704346,0.6374267339706421,0.37365487217903137,0.7644010186195374,0.7030575275421143,0.3749767541885376,0.08094944059848785,0.11720962077379227,0.5996386408805847,4.257233827035644,11.385187672518567,0.27145540714263916,0.08125822246074677,0.2749916613101959,0.09448423981666565
dog_01,pg_encoder,dog,a cat,0.06,100,0.3,7.5,6.9,,0.006,0.5,8776.5,27.651948928833008,0.06000000238418579,0.8233015537261963,0.32087478041648865,0.9400129914283752,0.6221333742141724,0.1128050684928894,1.0995824337005615,0.04143824055790901,0.0,20270806,18.145801544189453,0.6370239853858948,0.6226100325584412,0.38706833124160767,0.750948429107666,0.7172720432281494,0.42203426361083984,0.057568714022636414,0.12379692494869232,0.6180852651596069,4.334282621764643,10.125683186594534,0.2702009677886963,0.08398659527301788,0.2813657522201538,0.09062692523002625
dog_01,pg_encoder,dog,a cat,0.06,100,0.3,7.5,6.9,,0.006,0.5,8776.5,27.651948928833008,0.06000000238418579,0.8233015537261963,0.32087478041648865,0.9400129914283752,0.6221333742141724,0.1128050684928894,1.0995824337005615,0.04143824055790901,0.0,20270807,18.244264602661133,0.5549546480178833,0.6122860312461853,0.31304752826690674,0.7375757694244385,0.7045143842697144,0.4079796075820923,0.06283687800168991,0.12240146100521088,0.6241912841796875,3.7998356621184475,11.42555290676649,0.2796034812927246,0.0819329097867012,0.27203917503356934,0.09744512289762497
dog_01,pg_encoder,dog,a cat,0.06,100,0.3,7.5,6.9,,0.006,0.5,8776.5,27.651948928833008,0.06000000238418579,0.8233015537261963,0.32087478041648865,0.9400129914283752,0.6221333742141724,0.1128050684928894,1.0995824337005615,0.04143824055790901,0.0,20270808,18.927711486816406,0.6935157179832458,0.6302968263626099,0.3515283763408661,0.750597357749939,0.6758860349655151,0.36168134212493896,0.10372103750705719,0.11313948780298233,0.5750617980957031,3.85656762385343,10.427239387203262,0.2768659293651581,0.08681552857160568,0.2821384072303772,0.09791196882724762
dog_01,pg_encoder,dog,a cat,0.06,100,0.3,7.5,6.9,,0.006,0.5,8776.5,27.651948928833008,0.06000000238418579,0.8233015537261963,0.32087478041648865,0.9400129914283752,0.6221333742141724,0.1128050684928894,1.0995824337005615,0.04143824055790901,0.0,20270809,19.13498306274414,0.6405037045478821,0.6444612145423889,0.32508400082588196,0.7559115290641785,0.6992082595825195,0.36820149421691895,0.09869003295898438,0.11047160625457764,0.5574417114257812,3.8263331855374636,11.030041020216336,0.27571889758110046,0.08551632612943649,0.2726553678512573,0.10165060311555862
dog_01,pg_encoder,dog,a cat,0.06,100,0.3,7.5,6.9,,0.006,0.5,8776.5,27.651948928833008,0.06000000238418579,0.8233015537261963,0.32087478041648865,0.9400129914283752,0.6221333742141724,0.1128050684928894,1.0995824337005615,0.04143824055790901,0.0,20270810,18.614423751831055,0.6094984412193298,0.6191070675849915,0.3059316873550415,0.7398697137832642,0.7131068706512451,0.4050828218460083,0.07938224822282791,0.1172947809100151,0.5979411005973816,4.158818217106954,10.608540166101697,0.27958089113235474,0.07995186001062393,0.2786100506782532,0.09076686948537827
dog_01,pg_encoder,dog,a cat,0.06,100,0.3,7.5,6.9,,0.006,0.5,8776.5,27.651948928833008,0.06000000238418579,0.8233015537261963,0.32087478041648865,0.9400129914283752,0.6221333742141724,0.1128050684928894,1.0995824337005615,0.04143824055790901,0.0,20270811,18.104103088378906,0.6592092514038086,0.5927690267562866,0.32614564895629883,0.7207837700843811,0.6879690289497375,0.3897719383239746,0.0653289183974266,0.12439267337322235,0.6273104548454285,3.7774067647533105,11.266577030806312,0.27364665269851685,0.08669610321521759,0.2819809913635254,0.09640553593635559
dog_01,pg_encoder,dog,a cat,0.06,100,0.3,7.5,6.9,,0.006,0.5,8776.5,27.651948928833008,0.06000000238418579,0.8233015537261963,0.32087478041648865,0.9400129914283752,0.6221333742141724,0.1128050684928894,1.0995824337005615,0.04143824055790901,0.0,20270812,18.038095474243164,0.5820308923721313,0.5833531618118286,0.3599710464477539,0.717450737953186,0.6870118975639343,0.40380024909973145,0.06288433820009232,0.12534157931804657,0.6497485041618347,3.8826066594450204,10.762241477250285,0.28129836916923523,0.08320283144712448,0.27456021308898926,0.09909433126449585
dog_01,pg_encoder,dog,a cat,0.06,100,0.3,7.5,6.9,,0.006,0.5,8776.5,27.651948928833008,0.06000000238418579,0.8233015537261963,0.32087478041648865,0.9400129914283752,0.6221333742141724,0.1128050684928894,1.0995824337005615,0.04143824055790901,0.0,20270813,18.674705505371094,0.6891998052597046,0.6172304153442383,0.31837669014930725,0.7501243948936462,0.6901558041572571,0.3985719680786133,0.08379068970680237,0.11648353934288025,0.6013908386230469,3.750232052473447,12.312644276451953,0.27504247426986694,0.07966266572475433,0.2791743874549866,0.09742861986160278
dog_01,pg_encoder,dog,a cat,0.06,100,0.3,7.5,6.9,,0.006,0.5,8776.5,27.651948928833008,0.06000000238418579,0.8233015537261963,0.32087478041648865,0.9400129914283752,0.6221333742141724,0.1128050684928894,1.0995824337005615,0.04143824055790901,0.0,20270814,18.341989517211914,0.700685977935791,0.6120187640190125,0.3391781151294708,0.7390913963317871,0.7066881060600281,0.4063657522201538,0.05759585648775101,0.12103203684091568,0.61798095703125,4.2839112695800665,10.983278472505754,0.2787624001502991,0.08005663752555847,0.27585190534591675,0.09965304285287857
dog_01,pg_encoder,dog,a cat,0.06,100,0.3,7.5,6.9,,0.006,0.5,8776.5,27.651948928833008,0.06000000238418579,0.8233015537261963,0.32087478041648865,0.9400129914283752,0.6221333742141724,0.1128050684928894,1.0995824337005615,0.04143824055790901,0.0,20270815,18.700414657592773,0.7630243897438049,0.6514990329742432,0.3506225645542145,0.7735192179679871,0.6924439668655396,0.34955084323883057,0.08460719883441925,0.11613926291465759,0.5726903676986694,3.932821010898615,10.887969668750822,0.2794373631477356,0.08606240153312683,0.26751795411109924,0.0965571328997612
dog_01,pg_encoder,dog,a cat,0.06,100,0.3,7.5,6.9,,0.006,0.5,8776.5,27.651948928833008,0.06000000238418579,0.8233015537261963,0.32087478041648865,0.9400129914283752,0.6221333742141724,0.1128050684928894,1.0995824337005615,0.04143824055790901,0.0,20270816,19.24454689025879,0.6697221994400024,0.6445228457450867,0.31337565183639526,0.7649292349815369,0.6910508275032043,0.3874145746231079,0.09738776087760925,0.10908687859773636,0.5576438903808594,3.8807897340317683,11.380875258771065,0.26770713925361633,0.08402643352746964,0.2688370645046234,0.09917810559272766
dog_01,pg_encoder,dog,a cat,0.06,100,0.3,7.5,6.9,,0.006,0.5,8776.5,27.651948928833008,0.06000000238418579,0.8233015537261963,0.32087478041648865,0.9400129914283752,0.6221333742141724,0.1128050684928894,1.0995824337005615,0.04143824055790901,0.0,20270817,18.729183197021484,0.6201390027999878,0.6086616516113281,0.2930836081504822,0.7516524195671082,0.7001625895500183,0.37817537784576416,0.11470751464366913,0.11575525999069214,0.5576133728027344,4.232059246930899,10.946114747065666,0.2788052558898926,0.0818493515253067,0.2769351005554199,0.09707023203372955
dog_01,pg_encoder,dog,a cat,0.06,100,0.3,7.5,6.9,,0.006,0.5,8776.5,27.651948928833008,0.06000000238418579,0.8233015537261963,0.32087478041648865,0.9400129914283752,0.6221333742141724,0.1128050684928894,1.0995824337005615,0.04143824055790901,0.0,20270818,18.25853729248047,0.6783214807510376,0.6101314425468445,0.43225836753845215,0.7379920482635498,0.68681401014328,0.42069804668426514,0.06451267004013062,0.12220049649477005,0.6407852172851562,4.3521775520443065,10.8545224499693,0.274248868227005,0.08360911905765533,0.2703261375427246,0.09254273027181625
dog_01,pg_encoder,dog,a cat,0.06,100,0.3,7.5,6.9,,0.006,0.5,8776.5,27.651948928833008,0.06000000238418579,0.8233015537261963,0.32087478041648865,0.9400129914283752,0.6221333742141724,0.1128050684928894,1.0995824337005615,0.04143824055790901,0.0,20270819,19.440336227416992,0.6305290460586548,0.6563972234725952,0.3144860565662384,0.7652185559272766,0.6883272528648376,0.36801695823669434,0.08843489736318588,0.10665545612573624,0.5225715637207031,4.32039598338595,12.475592615426153,0.27467450499534607,0.08357097208499908,0.27699220180511475,0.0953289046883583
dog_01,pg_encoder,dog,a cat,0.06,100,0.3,7.5,6.9,,0.006,0.5,8776.5,27.651948928833008,0.06000000238418579,0.8233015537261963,0.32087478041648865,0.9400129914283752,0.6221333742141724,0.1128050684928894,1.0995824337005615,0.04143824055790901,0.0,20270820,18.899810791015625,0.6031066179275513,0.6298742294311523,0.3513410687446594,0.7427976131439209,0.7051622867584229,0.38067102432250977,0.08647631108760834,0.11350351572036743,0.5833625793457031,3.596586797299181,10.242099684548796,0.2725047469139099,0.08252933621406555,0.2779025137424469,0.10165250301361084
dog_01,pg_encoder,dog,a cat,0.06,100,0.3,7.5,6.9,,0.006,0.5,8776.5,27.651948928833008,0.06000000238418579,0.8233015537261963,0.32087478041648865,0.9400129914283752,0.6221333742141724,0.1128050684928894,1.0995824337005615,0.04143824055790901,0.0,20270821,18.61573028564453,0.6421937942504883,0.6380206942558289,0.35707712173461914,0.7539989352226257,0.6776955127716064,0.4009751081466675,0.06275500357151031,0.11727713793516159,0.5891799926757812,3.8187923150828604,10.862865296759537,0.2768732011318207,0.08630295097827911,0.2715577781200409,0.08614471554756165
dog_01,pg_encoder,dog,a cat,0.06,100,0.3,7.5,6.9,,0.006,0.5,8776.5,27.651948928833008,0.06000000238418579,0.8233015537261963,0.32087478041648865,0.9400129914283752,0.6221333742141724,0.1128050684928894,1.0995824337005615,0.04143824055790901,0.0,20270822,18.474777221679688,0.6870812773704529,0.6107643842697144,0.354845255613327,0.7391254901885986,0.7206557989120483,0.40479058027267456,0.06197007745504379,0.11919581890106201,0.6069285273551941,3.7454582605982525,10.579140867733189,0.27631500363349915,0.08143257349729538,0.27141237258911133,0.10159771144390106
dog_01,pg_diffusion,dog,a cat,0.06,100,0.3,7.5,208.1,,0.006,0.5,11556.1,27.237089157104492,0.06000000238418579,0.8359935283660889,0.3312390446662903,0.9494780898094177,0.6140601634979248,0.11143964529037476,1.310193657875061,0.04346547648310661,0.0,20270803,19.097667694091797,0.7140827178955078,0.5937761068344116,0.11610989272594452,0.8057490587234497,0.670335054397583,0.29790085554122925,1.032503366470337,0.11094723641872406,0.5469576716423035,3.755115128300754,7.182601088043747,0.2781941890716553,0.08336074650287628,0.2838099002838135,0.0880289152264595
dog_01,pg_diffusion,dog,a cat,0.06,100,0.3,7.5,208.1,,0.006,0.5,11556.1,27.237089157104492,0.06000000238418579,0.8359935283660889,0.3312390446662903,0.9494780898094177,0.6140601634979248,0.11143964529037476,1.310193657875061,0.04346547648310661,0.0,20270804,18.488147735595703,0.8091681599617004,0.5844888687133789,0.1340733915567398,0.7947442531585693,0.6865381598472595,0.3310583829879761,0.7989675402641296,0.11901247501373291,0.5770556330680847,3.6476191901655723,4.853455086537742,0.26875633001327515,0.08463552594184875,0.2713172435760498,0.0944872796535492
dog_01,pg_diffusion,dog,a cat,0.06,100,0.3,7.5,208.1,,0.006,0.5,11556.1,27.237089157104492,0.06000000238418579,0.8359935283660889,0.3312390446662903,0.9494780898094177,0.6140601634979248,0.11143964529037476,1.310193657875061,0.04346547648310661,0.0,20270805,19.175048828125,0.793839693069458,0.5746266841888428,0.11970646679401398,0.8020275831222534,0.6921581625938416,0.3081270456314087,1.1132941246032715,0.10996320843696594,0.5387738943099976,4.257233827035644,5.745673756171599,0.27145540714263916,0.08125822246074677,0.2648666501045227,0.08772141486406326
dog_01,pg_diffusion,dog,a cat,0.06,100,0.3,7.5,208.1,,0.006,0.5,11556.1,27.237089157104492,0.06000000238418579,0.8359935283660889,0.3312390446662903,0.9494780898094177,0.6140601634979248,0.11143964529037476,1.310193657875061,0.04346547648310661,0.0,20270806,18.83202362060547,0.7317299842834473,0.5504728555679321,0.09199429303407669,0.7797137498855591,0.6908200979232788,0.33813226222991943,1.376739501953125,0.11439280211925507,0.5561383962631226,4.334282621764643,5.980457471869024,0.2702009677886963,0.08398659527301788,0.27601194381713867,0.09455342590808868
dog_01,pg_diffusion,dog,a cat,0.06,100,0.3,7.5,208.1,,0.006,0.5,11556.1,27.237089157104492,0.06000000238418579,0.8359935283660889,0.3312390446662903,0.9494780898094177,0.6140601634979248,0.11143964529037476,1.310193657875061,0.04346547648310661,0.0,20270807,19.17645263671875,0.6030786037445068,0.6196791529655457,0.12322808057069778,0.8195732831954956,0.6553429365158081,0.3173004388809204,1.0085663795471191,0.10994543880224228,0.5458577871322632,3.7998356621184475,5.134299028930373,0.2796034812927246,0.0819329097867012,0.2768552899360657,0.09028235822916031
dog_01,pg_diffusion,dog,a cat,0.06,100,0.3,7.5,208.1,,0.006,0.5,11556.1,27.237089157104492,0.06000000238418579,0.8359935283660889,0.3312390446662903,0.9494780898094177,0.6140601634979248,0.11143964529037476,1.310193657875061,0.04346547648310661,0.0,20270808,19.805782318115234,0.6445751786231995,0.6180350184440613,0.13020683825016022,0.8141053318977356,0.6681114435195923,0.30687862634658813,1.0566425323486328,0.10226116329431534,0.5133819580078125,3.85656762385343,6.591745047224583,0.2768659293651581,0.08681552857160568,0.2736353874206543,0.07787445932626724
dog_01,pg_diffusion,dog,a cat,0.06,100,0.3,7.5,208.1,,0.006,0.5,11556.1,27.237089157104492,0.06000000238418579,0.8359935283660889,0.3312390446662903,0.9494780898094177,0.6140601634979248,0.11143964529037476,1.310193657875061,0.04346547648310661,0.0,20270809,19.69500160217285,0.7276725769042969,0.6268742084503174,0.1338532418012619,0.8188449740409851,0.6724584102630615,0.2858031988143921,0.8922027945518494,0.1035737618803978,0.5277125239372253,3.8263331855374636,6.550976687385159,0.27571889758110046,0.08551632612943649,0.2767467498779297,0.08666476607322693
dog_01,pg_diffusion,dog,a cat,0.06,100,0.3,7.5,208.1,,0.006,0.5,11556.1,27.237089157104492,0.06000000238418579,0.8359935283660889,0.3312390446662903,0.9494780898094177,0.6140601634979248,0.11143964529037476,1.310193657875061,0.04346547648310661,0.0,20270810,19.178007125854492,0.7478753328323364,0.6034097075462341,0.1213468685746193,0.8094323873519897,0.6710091829299927,0.3184072971343994,1.184207558631897,0.1099257692694664,0.5428657531738281,4.158818217106954,6.194304399776541,0.27958089113235474,0.07995186001062393,0.26771509647369385,0.08873926103115082
dog_01,pg_diffusion,dog,a cat,0.06,100,0.3,7.5,208.1,,0.006,0.5,11556.1,27.237089157104492,0.06000000238418579,0.8359935283660889,0.3312390446662903,0.9494780898094177,0.6140601634979248,0.11143964529037476,1.310193657875061,0.04346547648310661,0.0,20270811,18.92705726623535,0.8150926828384399,0.5631089210510254,0.11392872780561447,0.8010104298591614,0.7002321481704712,0.3548811674118042,1.0265846252441406,0.113148033618927,0.5385310053825378,3.7774067647533105,4.910835533756718,0.27364665269851685,0.08669610321521759,0.28213977813720703,0.09055112302303314
dog_01,pg_diffusion,dog,a cat,0.06,100,0.3,7.5,208.1,,0.006,0.5,11556.1,27.237089157104492,0.06000000238418579,0.8359935283660889,0.3312390446662903,0.9494780898094177,0.6140601634979248,0.11143964529037476,1.310193657875061,0.04346547648310661,0.0,20270812,19.06356430053711,0.7216274738311768,0.5833107233047485,0.12810920178890228,0.8013916015625,0.6717344522476196,0.3163576126098633,0.9425045251846313,0.11138370633125305,0.5477765798568726,3.8826066594450204,5.463078761929816,0.28129836916923523,0.08320283144712448,0.2843019366264343,0.08903586119413376
dog_01,pg_diffusion,dog,a cat,0.06,100,0.3,7.5,208.1,,0.006,0.5,11556.1,27.237089157104492,0.06000000238418579,0.8359935283660889,0.3312390446662903,0.9494780898094177,0.6140601634979248,0.11143964529037476,1.310193657875061,0.04346547648310661,0.0,20270813,18.952455520629883,0.7603496313095093,0.5465237498283386,0.11265996843576431,0.7934529781341553,0.7048953771591187,0.33977603912353516,1.3194531202316284,0.11281765252351761,0.5591392517089844,3.750232052473447,6.740065619272222,0.27504247426986694,0.07966266572475433,0.2763402462005615,0.08713942021131516
dog_01,pg_diffusion,dog,a cat,0.06,100,0.3,7.5,208.1,,0.006,0.5,11556.1,27.237089157104492,0.06000000238418579,0.8359935283660889,0.3312390446662903,0.9494780898094177,0.6140601634979248,0.11143964529037476,1.310193657875061,0.04346547648310661,0.0,20270814,19.45998764038086,0.8044480681419373,0.585138738155365,0.10988214612007141,0.7989028096199036,0.6664382219314575,0.3142927885055542,1.2011213302612305,0.10641440004110336,0.5378202199935913,4.2839112695800665,6.538991297208536,0.2787624001502991,0.08005663752555847,0.2669735848903656,0.0910370722413063
dog_01,pg_diffusion,dog,a cat,0.06,100,0.3,7.5,208.1,,0.006,0.5,11556.1,27.237089157104492,0.06000000238418579,0.8359935283660889,0.3312390446662903,0.9494780898094177,0.6140601634979248,0.11143964529037476,1.310193657875061,0.04346547648310661,0.0,20270815,19.272674560546875,0.7518824338912964,0.6042921543121338,0.13296930491924286,0.8109603524208069,0.6525884866714478,0.26124775409698486,1.1576353311538696,0.10873417556285858,0.5205701589584351,3.932821010898615,4.959217030982029,0.2794373631477356,0.08606240153312683,0.29186299443244934,0.08841877430677414
dog_01,pg_diffusion,dog,a cat,0.06,100,0.3,7.5,208.1,,0.006,0.5,11556.1,27.237089157104492,0.06000000238418579,0.8359935283660889,0.3312390446662903,0.9494780898094177,0.6140601634979248,0.11143964529037476,1.310193657875061,0.04346547648310661,0.0,20270816,19.27266502380371,0.7983440160751343,0.598173201084137,0.11928045004606247,0.8156213760375977,0.6940118074417114,0.3219413161277771,0.9941008687019348,0.10873430967330933,0.5292167663574219,3.8807897340317683,6.133219884366067,0.26770713925361633,0.08402643352746964,0.2727816700935364,0.08722645044326782
dog_01,pg_diffusion,dog,a cat,0.06,100,0.3,7.5,208.1,,0.006,0.5,11556.1,27.237089157104492,0.06000000238418579,0.8359935283660889,0.3312390446662903,0.9494780898094177,0.6140601634979248,0.11143964529037476,1.310193657875061,0.04346547648310661,0.0,20270817,19.122655868530273,0.8691143989562988,0.586369514465332,0.1290455311536789,0.8078075051307678,0.6930060386657715,0.3268229365348816,1.0721441507339478,0.11062850058078766,0.5321859121322632,4.232059246930899,5.8828903114937265,0.2788052558898926,0.0818493515253067,0.28007739782333374,0.08589637279510498
dog_01,pg_diffusion,dog,a cat,0.06,100,0.3,7.5,208.1,,0.006,0.5,11556.1,27.237089157104492,0.06000000238418579,0.8359935283660889,0.3312390446662903,0.9494780898094177,0.6140601634979248,0.11143964529037476,1.310193657875061,0.04346547648310661,0.0,20270818,19.119565963745117,0.6735837459564209,0.6222137212753296,0.14555804431438446,0.8160099387168884,0.6633735299110413,0.3153887987136841,0.9384725093841553,0.110667884349823,0.5534922480583191,4.3521775520443065,5.243215012114504,0.274248868227005,0.08360911905765533,0.26574063301086426,0.08952407538890839
dog_01,pg_diffusion,dog,a cat,0.06,100,0.3,7.5,208.1,,0.006,0.5,11556.1,27.237089157104492,0.06000000238418579,0.8359935283660889,0.3312390446662903,0.9494780898094177,0.6140601634979248,0.11143964529037476,1.310193657875061,0.04346547648310661,0.0,20270819,19.330575942993164,0.6022770404815674,0.6167566776275635,0.13151082396507263,0.8079541921615601,0.6709339618682861,0.31481051445007324,0.9302581548690796,0.10801177471876144,0.5381520986557007,4.32039598338595,5.392451028220887,0.27467450499534607,0.08357097208499908,0.2796896696090698,0.09362554550170898
dog_01,pg_diffusion,dog,a cat,0.06,100,0.3,7.5,208.1,,0.006,0.5,11556.1,27.237089157104492,0.06000000238418579,0.8359935283660889,0.3312390446662903,0.9494780898094177,0.6140601634979248,0.11143964529037476,1.310193657875061,0.04346547648310661,0.0,20270820,19.409330368041992,0.6837930679321289,0.609902024269104,0.12912584841251373,0.7984281182289124,0.6795477867126465,0.29190731048583984,1.1791584491729736,0.10703685134649277,0.5362765192985535,3.596586797299181,6.178594926272509,0.2725047469139099,0.08252933621406555,0.2730191946029663,0.08224977552890778
dog_01,pg_diffusion,dog,a cat,0.06,100,0.3,7.5,208.1,,0.006,0.5,11556.1,27.237089157104492,0.06000000238418579,0.8359935283660889,0.3312390446662903,0.9494780898094177,0.6140601634979248,0.11143964529037476,1.310193657875061,0.04346547648310661,0.0,20270821,19.315502166748047,0.7571606636047363,0.5565812587738037,0.09349482506513596,0.7852085828781128,0.6956924200057983,0.32190996408462524,1.3701262474060059,0.10819938778877258,0.5337575674057007,3.8187923150828604,6.704228680017474,0.2768732011318207,0.08630295097827911,0.27065086364746094,0.09023553878068924
dog_01,pg_diffusion,dog,a cat,0.06,100,0.3,7.5,208.1,,0.006,0.5,11556.1,27.237089157104492,0.06000000238418579,0.8359935283660889,0.3312390446662903,0.9494780898094177,0.6140601634979248,0.11143964529037476,1.310193657875061,0.04346547648310661,0.0,20270822,19.28528594970703,0.643110990524292,0.6164472699165344,0.13081546127796173,0.8119276762008667,0.6817830801010132,0.29257702827453613,1.0079435110092163,0.1085764467716217,0.55218505859375,3.7454582605982525,5.396139229135686,0.27631500363349915,0.08143257349729538,0.283039927482605,0.08141335844993591
dog_01,semantic,dog,a cat,0.06,100,0.3,7.5,122.2,0.1142578125,0.006,0.5,8777.4,27.78407096862793,0.06000000238418579,0.7963591814041138,0.30838117003440857,0.9195914268493652,0.559467077255249,0.1902858018875122,1.4389322996139526,0.04081268608570099,0.0,20270803,21.27434730529785,0.700875997543335,0.5765529870986938,0.10968776047229767,0.7771463990211487,0.5716976523399353,0.30584239959716797,3.2890784740448,0.08635398000478745,0.32997387647628784,3.755115128300754,2.250663260444802,0.2781941890716553,0.08336074650287628,0.2939976751804352,0.09378891438245773
dog_01,semantic,dog,a cat,0.06,100,0.3,7.5,122.2,0.1142578125,0.006,0.5,8777.4,27.78407096862793,0.06000000238418579,0.7963591814041138,0.30838117003440857,0.9195914268493652,0.559467077255249,0.1902858018875122,1.4389322996139526,0.04081268608570099,0.0,20270804,22.03957748413086,0.7441267967224121,0.5999331474304199,0.12608599662780762,0.8014388680458069,0.5720418691635132,0.294042706489563,2.64194393157959,0.07907164096832275,0.30823010206222534,3.6476191901655723,2.3321519975664904,0.26875633001327515,0.08463552594184875,0.2823292016983032,0.0930711030960083
dog_01,semantic,dog,a cat,0.06,100,0.3,7.5,122.2,0.1142578125,0.006,0.5,8777.4,27.78407096862793,0.06000000238418579,0.7963591814041138,0.30838117003440857,0.9195914268493652,0.559467077255249,0.1902858018875122,1.4389322996139526,0.04081268608570099,0.0,20270805,21.58251190185547,0.7647311091423035,0.5847394466400146,0.11107766628265381,0.7992104291915894,0.593410074710846,0.2850773334503174,2.8664212226867676,0.08334393799304962,0.3326250910758972,4.257233827035644,2.309212123389414,0.27145540714263916,0.08125822246074677,0.272358775138855,0.08932133764028549
dog_01,semantic,dog,a cat,0.06,100,0.3,7.5,122.2,0.1142578125,0.006,0.5,8777.4,27.78407096862793,0.06000000238418579,0.7963591814041138,0.30838117003440857,0.9195914268493652,0.559467077255249,0.1902858018875122,1.4389322996139526,0.04081268608570099,0.0,20270806,21.58468246459961,0.8530101180076599,0.5812642574310303,0.10767262428998947,0.7820149660110474,0.5695532560348511,0.2819373607635498,2.7705421447753906,0.0833231508731842,0.32213592529296875,4.334282621764643,2.623434813973289,0.2702009677886963,0.08398659527301788,0.2738668918609619,0.07736024260520935
dog_01,semantic,dog,a cat,0.06,100,0.3,7.5,122.2,0.1142578125,0.006,0.5,8777.4,27.78407096862793,0.06000000238418579,0.7963591814041138,0.30838117003440857,0.9195914268493652,0.559467077255249,0.1902858018875122,1.4389322996139526,0.04081268608570099,0.0,20270807,22.338542938232422,0.626460075378418,0.6102986335754395,0.12181105464696884,0.8037413358688354,0.5776953101158142,0.3024912476539612,2.3664016723632812,0.07639632374048233,0.29775112867355347,3.7998356621184475,2.8399420408612155,0.2796034812927246,0.0819329097867012,0.27576643228530884,0.08970428258180618
dog_01,semantic,dog,a cat,0.06,100,0.3,7.5,122.2,0.1142578125,0.006,0.5,8777.4,27.78407096862793,0.06000000238418579,0.7963591814041138,0.30838117003440857,0.9195914268493652,0.559467077255249,0.1902858018875122,1.4389322996139526,0.04081268608570099,0.0,20270808,22.339372634887695,0.8764818906784058,0.6191675066947937,0.12723490595817566,0.8028841018676758,0.5642026662826538,0.28108036518096924,2.660364866256714,0.07638902217149734,0.30820339918136597,3.85656762385343,2.7182561084724064,0.2768659293651581,0.08681552857160568,0.2728942036628723,0.08136926591396332
dog_01,semantic,dog,a cat,0.06,100,0.3,7.5,122.2,0.1142578125,0.006,0.5,8777.4,27.78407096862793,0.06000000238418579,0.7963591814041138,0.30838117003440857,0.9195914268493652,0.559467077255249,0.1902858018875122,1.4389322996139526,0.04081268608570099,0.0,20270809,21.544248580932617,0.7769330143928528,0.5921152830123901,0.10782358795404434,0.8013447523117065,0.589844286441803,0.2906385660171509,2.4198317527770996,0.0837118998169899,0.3280525207519531,3.8263331855374636,2.6600956345394007,0.27571889758110046,0.08551632612943649,0.2736521363258362,0.08407562971115112
dog_01,semantic,dog,a cat,0.06,100,0.3,7.5,122.2,0.1142578125,0.006,0.5,8777.4,27.78407096862793,0.06000000238418579,0.7963591814041138,0.30838117003440857,0.9195914268493652,0.559467077255249,0.1902858018875122,1.4389322996139526,0.04081268608570099,0.0,20270810,21.594846725463867,0.7956761121749878,0.6041281223297119,0.12662728130817413,0.8029782176017761,0.5827019214630127,0.2741962671279907,2.7087740898132324,0.08322570472955704,0.3208274841308594,4.158818217106954,2.5127889273225206,0.27958089113235474,0.07995186001062393,0.2824013829231262,0.09119121730327606
dog_01,semantic,dog,a cat,0.06,100,0.3,7.5,122.2,0.1142578125,0.006,0.5,8777.4,27.78407096862793,0.06000000238418579,0.7963591814041138,0.30838117003440857,0.9195914268493652,0.559467077255249,0.1902858018875122,1.4389322996139526,0.04081268608570099,0.0,20270811,21.803037643432617,0.8018026351928711,0.6116371154785156,0.11864403635263443,0.8028913736343384,0.5702304244041443,0.28698861598968506,2.2864511013031006,0.08125457167625427,0.3167101740837097,3.7774067647533105,2.7820158806666075,0.27364665269851685,0.08669610321521759,0.28941869735717773,0.08385131508111954
dog_01,semantic,dog,a cat,0.06,100,0.3,7.5,122.2,0.1142578125,0.006,0.5,8777.4,27.78407096862793,0.06000000238418579,0.7963591814041138,0.30838117003440857,0.9195914268493652,0.559467077255249,0.1902858018875122,1.4389322996139526,0.04081268608570099,0.0,20270812,21.875164031982422,0.6287856698036194,0.6404256820678711,0.1339316964149475,0.8185791969299316,0.5617008805274963,0.2869983911514282,1.9257409572601318,0.0805826336145401,0.30566534399986267,3.8826066594450204,2.6274470918737376,0.28129836916923523,0.08320283144712448,0.28980642557144165,0.08538652956485748
dog_01,semantic,dog,a cat,0.06,100,0.3,7.5,122.2,0.1142578125,0.006,0.5,8777.4,27.78407096862793,0.06000000238418579,0.7963591814041138,0.30838117003440857,0.9195914268493652,0.559467077255249,0.1902858018875122,1.4389322996139526,0.04081268608570099,0.0,20270813,21.724119186401367,0.7353770732879639,0.586182177066803,0.1179710328578949,0.8047261834144592,0.5810473561286926,0.28550732135772705,2.9000017642974854,0.08199620991945267,0.3276456296443939,3.750232052473447,2.9296215465084017,0.27504247426986694,0.07966266572475433,0.24983616173267365,0.08107970654964447
dog_01,semantic,dog,a cat,0.06,100,0.3,7.5,122.2,0.1142578125,0.006,0.5,8777.4,27.78407096862793,0.06000000238418579,0.7963591814041138,0.30838117003440857,0.9195914268493652,0.559467077255249,0.1902858018875122,1.4389322996139526,0.04081268608570099,0.0,20270814,22.165996551513672,0.8600124716758728,0.6262039542198181,0.12319362908601761,0.8071920871734619,0.5760238170623779,0.30617189407348633,2.277045726776123,0.07792912423610687,0.2869364619255066,4.2839112695800665,2.2954703569106067,0.2787624001502991,0.08005663752555847,0.27288520336151123,0.09155096113681793
dog_01,semantic,dog,a cat,0.06,100,0.3,7.5,122.2,0.1142578125,0.006,0.5,8777.4,27.78407096862793,0.06000000238418579,0.7963591814041138,0.30838117003440857,0.9195914268493652,0.559467077255249,0.1902858018875122,1.4389322996139526,0.04081268608570099,0.0,20270815,21.723709106445312,0.918890118598938,0.6013755202293396,0.12286486476659775,0.7954608201980591,0.564966082572937,0.27847355604171753,2.651118278503418,0.08200009167194366,0.3213246762752533,3.932821010898615,2.3067538669858165,0.2794373631477356,0.08606240153312683,0.27572569251060486,0.0877477303147316
dog_01,semantic,dog,a cat,0.06,100,0.3,7.5,122.2,0.1142578125,0.006,0.5,8777.4,27.78407096862793,0.06000000238418579,0.7963591814041138,0.30838117003440857,0.9195914268493652,0.559467077255249,0.1902858018875122,1.4389322996139526,0.04081268608570099,0.0,20270816,21.562755584716797,0.7194706201553345,0.5838086009025574,0.10804545134305954,0.7952368259429932,0.5805239081382751,0.2935854196548462,2.605229377746582,0.08353374898433685,0.3281911313533783,3.8807897340317683,2.6293014956620535,0.26770713925361633,0.08402643352746964,0.27836281061172485,0.08645770698785782
dog_01,semantic,dog,a cat,0.06,100,0.3,7.5,122.2,0.1142578125,0.006,0.5,8777.4,27.78407096862793,0.06000000238418579,0.7963591814041138,0.30838117003440857,0.9195914268493652,0.559467077255249,0.1902858018875122,1.4389322996139526,0.04081268608570099,0.0,20270817,21.87150764465332,0.832451343536377,0.6277350187301636,0.13384650647640228,0.8161923885345459,0.5761050581932068,0.27033066749572754,2.2096619606018066,0.08061657845973969,0.3059895932674408,4.232059246930899,2.7446324355709746,0.2788052558898926,0.0818493515253067,0.26394331455230713,0.08590751141309738
dog_01,semantic,dog,a cat,0.06,100,0.3,7.5,122.2,0.1142578125,0.006,0.5,8777.4,27.78407096862793,0.06000000238418579,0.7963591814041138,0.30838117003440857,0.9195914268493652,0.559467077255249,0.1902858018875122,1.4389322996139526,0.04081268608570099,0.0,20270818,21.873981475830078,0.748774528503418,0.6113113760948181,0.13199657201766968,0.8057647347450256,0.5775324106216431,0.3025584816932678,2.814305067062378,0.08059362322092056,0.32029980421066284,4.3521775520443065,2.6851347215195163,0.274248868227005,0.08360911905765533,0.27345556020736694,0.088191457092762
dog_01,semantic,dog,a cat,0.06,100,0.3,7.5,122.2,0.1142578125,0.006,0.5,8777.4,27.78407096862793,0.06000000238418579,0.7963591814041138,0.30838117003440857,0.9195914268493652,0.559467077255249,0.1902858018875122,1.4389322996139526,0.04081268608570099,0.0,20270819,22.3087100982666,0.8614257574081421,0.6544567942619324,0.13292855024337769,0.823582112789154,0.5798519849777222,0.2925128936767578,2.3897554874420166,0.0766591802239418,0.2776082456111908,4.32039598338595,3.632266315201716,0.27467450499534607,0.08357097208499908,0.2866162359714508,0.08377528935670853
dog_01,semantic,dog,a cat,0.06,100,0.3,7.5,122.2,0.1142578125,0.006,0.5,8777.4,27.78407096862793,0.06000000238418579,0.7963591814041138,0.30838117003440857,0.9195914268493652,0.559467077255249,0.1902858018875122,1.4389322996139526,0.04081268608570099,0.0,20270820,21.41483497619629,0.8352980613708496,0.5788358449935913,0.11380816996097565,0.7871835827827454,0.5809784531593323,0.308474600315094,2.704486608505249,0.08496850728988647,0.33095550537109375,3.596586797299181,2.3190272894301986,0.2725047469139099,0.08252933621406555,0.2784440517425537,0.08748028427362442
dog_01,semantic,dog,a cat,0.06,100,0.3,7.5,122.2,0.1142578125,0.006,0.5,8777.4,27.78407096862793,0.06000000238418579,0.7963591814041138,0.30838117003440857,0.9195914268493652,0.559467077255249,0.1902858018875122,1.4389322996139526,0.04081268608570099,0.0,20270821,21.45911407470703,0.7628345489501953,0.577038049697876,0.1066107302904129,0.7807158827781677,0.5774114727973938,0.2984124422073364,2.694370985031128,0.08453645557165146,0.3268585205078125,3.8187923150828604,2.9885666986391946,0.2768732011318207,0.08630295097827911,0.2819761335849762,0.08801473677158356
dog_01,semantic,dog,a cat,0.06,100,0.3,7.5,122.2,0.1142578125,0.006,0.5,8777.4,27.78407096862793,0.06000000238418579,0.7963591814041138,0.30838117003440857,0.9195914268493652,0.559467077255249,0.1902858018875122,1.4389322996139526,0.04081268608570099,0.0,20270822,21.915376663208008,0.6882222890853882,0.6074097156524658,0.12836597859859467,0.8048405051231384,0.5681675672531128,0.28278839588165283,2.0342063903808594,0.08021044731140137,0.32086181640625,3.7454582605982525,3.005710575548737,0.27631500363349915,0.08143257349729538,0.2924371063709259,0.08558337390422821
dog_02,pg_encoder,dog,a cat,0.06,100,0.3,7.5,6.8,,0.006,0.5,8776.5,26.628433227539062,0.06000000238418579,0.9290289878845215,0.4672146737575531,0.9672697186470032,0.43530452251434326,0.07167279720306396,0.8651133179664612,0.04662054777145386,0.0,20270803,16.969379425048828,0.7055104970932007,0.40817949175834656,0.2150169163942337,0.6039578914642334,0.6818499565124512,0.3606201410293579,0.04954724386334419,0.14175258576869965,0.6820335388183594,2.758773896242339,9.706059301319131,0.1985064148902893,0.015660256147384644,0.26133185625076294,0.08231425285339355
dog_02,pg_encoder,dog,a cat,0.06,100,0.3,7.5,6.8,,0.006,0.5,8776.5,26.628433227539062,0.06000000238418579,0.9290289878845215,0.4672146737575531,0.9672697186470032,0.43530452251434326,0.07167279720306396,0.8651133179664612,0.04662054777145386,0.0,20270804,16.929447174072266,0.6095436811447144,0.4173424243927002,0.2397201806306839,0.6166165471076965,0.7157085537910461,0.37620604038238525,0.048735082149505615,0.14240577816963196,0.6848907470703125,2.7870316093271166,9.011626070272264,0.18944570422172546,0.023099903017282486,0.2811814546585083,0.09199771285057068
dog_02,pg_encoder,dog,a cat,0.06,100,0.3,7.5,6.8,,0.006,0.5,8776.5,26.628433227539062,0.06000000238418579,0.9290289878845215,0.4672146737575531,0.9672697186470032,0.43530452251434326,0.07167279720306396,0.8651133179664612,0.04662054777145386,0.0,20270805,17.758563995361328,0.7036287188529968,0.4303553104400635,0.2007785588502884,0.6261529326438904,0.6761435270309448,0.34340810775756836,0.06899017095565796,0.12944096326828003,0.6155065298080444,2.7949157834752154,10.463614597616303,0.20568504929542542,0.07352174818515778,0.27005529403686523,0.0908852368593216
dog_02,pg_encoder,dog,a cat,0.06,100,0.3,7.5,6.8,,0.006,0.5,8776.5,26.628433227539062,0.06000000238418579,0.9290289878845215,0.4672146737575531,0.9672697186470032,0.43530452251434326,0.07167279720306396,0.8651133179664612,0.04662054777145386,0.0,20270806,17.756860733032227,0.7337533831596375,0.44312235713005066,0.20519788563251495,0.6278773546218872,0.6634618043899536,0.38470959663391113,0.07701798528432846,0.12946633994579315,0.6383921504020691,2.7866725516121034,8.571025808081156,0.19278112053871155,0.02079755812883377,0.27392616868019104,0.09782034158706665
dog_02,pg_encoder,dog,a cat,0.06,100,0.3,7.5,6.8,,0.006,0.5,8776.5,26.628433227539062,0.06000000238418579,0.9290289878845215,0.4672146737575531,0.9672697186470032,0.43530452251434326,0.07167279720306396,0.8651133179664612,0.04662054777145386,0.0,20270807,16.403844833374023,0.723371684551239,0.42913755774497986,0.21825332939624786,0.6154647469520569,0.6988343596458435,0.3598146438598633,0.0601893775165081,0.15128912031650543,0.7083918452262878,2.810779035603274,8.730576432593226,0.1847861111164093,0.016134221106767654,0.2846592962741852,0.08006295561790466
dog_02,pg_encoder,dog,a cat,0.06,100,0.3,7.5,6.8,,0.006,0.5,8776.5,26.628433227539062,0.06000000238418579,0.9290289878845215,0.4672146737575531,0.9672697186470032,0.43530452251434326,0.07167279720306396,0.8651133179664612,0.04662054777145386,0.0,20270808,17.136348724365234,0.689042866230011,0.4279431998729706,0.23023207485675812,0.6255947947502136,0.6891973614692688,0.3730231523513794,0.0560171976685524,0.13905365765094757,0.6674970388412476,2.852377733348978,8.119038079293203,0.19297608733177185,0.02376386523246765,0.28246891498565674,0.08579932898283005
dog_02,pg_encoder,dog,a cat,0.06,100,0.3,7.5,6.8,,0.006,0.5,8776.5,26.628433227539062,0.06000000238418579,0.9290289878845215,0.4672146737575531,0.9672697186470032,0.43530452251434326,0.07167279720306396,0.8651133179664612,0.04662054777145386,0.0,20270809,17.07947540283203,0.6792371273040771,0.4265967309474945,0.21587876975536346,0.6191324591636658,0.6957018971443176,0.39022111892700195,0.05289222300052643,0.1399671733379364,0.6749064326286316,3.0020737052697495,8.702346460888947,0.18283362686634064,0.02621017023921013,0.2755661606788635,0.09185901284217834
dog_02,pg_encoder,dog,a cat,0.06,100,0.3,7.5,6.8,,0.006,0.5,8776.5,26.628433227539062,0.06000000238418579,0.9290289878845215,0.4672146737575531,0.9672697186470032,0.43530452251434326,0.07167279720306396,0.8651133179664612,0.04662054777145386,0.0,20270810,17.466516494750977,0.6058932542800903,0.44080352783203125,0.23438626527786255,0.6295941472053528,0.6488552093505859,0.3490070700645447,0.05763079226016998,0.13386717438697815,0.6594480276107788,3.0101585552199537,7.934205405479806,0.19226360321044922,0.015076810494065285,0.2717210650444031,0.07915275543928146
dog_02,pg_encoder,dog,a cat,0.06,100,0.3,7.5,6.8,,0.006,0.5,8776.5,26.628433227539062,0.06000000238418579,0.9290289878845215,0.4672146737575531,0.9672697186470032,0.43530452251434326,0.07167279720306396,0.8651133179664612,0.04662054777145386,0.0,20270811,16.788898468017578,0.6443665027618408,0.4371521472930908,0.23137719929218292,0.6344615817070007,0.6722558736801147,0.3464239835739136,0.06938860565423965,0.14472880959510803,0.6829503774642944,2.971886395436362,8.487062616400852,0.1921970248222351,0.025580251589417458,0.24051707983016968,0.09079504758119583
dog_02,pg_encoder,dog,a cat,0.06,100,0.3,7.5,6.8,,0.006,0.5,8776.5,26.628433227539062,0.06000000238418579,0.9290289878845215,0.4672146737575531,0.9672697186470032,0.43530452251434326,0.07167279720306396,0.8651133179664612,0.04662054777145386,0.0,20270812,16.4749813079834,0.863038182258606,0.3671255111694336,0.2357606738805771,0.5650119185447693,0.6637537479400635,0.3674684762954712,0.05245194956660271,0.1500551402568817,0.7191912531852722,2.736839876207079,7.592158614208738,0.23404239118099213,0.07257883995771408,0.2751837968826294,0.09303653240203857
dog_02,pg_encoder,dog,a cat,0.06,100,0.3,7.5,6.8,,0.006,0.5,8776.5,26.628433227539062,0.06000000238418579,0.9290289878845215,0.4672146737575531,0.9672697186470032,0.43530452251434326,0.07167279720306396,0.8651133179664612,0.04662054777145386,0.0,20270813,17.505399703979492,0.7361711263656616,0.42373543977737427,0.22907210886478424,0.6139330267906189,0.6648321151733398,0.3341296911239624,0.05629563331604004,0.13326925039291382,0.6594073176383972,2.875900223690589,8.545207944419888,0.18345297873020172,0.02199302799999714,0.2801973819732666,0.09302952885627747
dog_02,pg_encoder,dog,a cat,0.06,100,0.3,7.5,6.8,,0.006,0.5,8776.5,26.628433227539062,0.06000000238418579,0.9290289878845215,0.4672146737575531,0.9672697186470032,0.43530452251434326,0.07167279720306396,0.8651133179664612,0.04662054777145386,0.0,20270814,17.57946014404297,0.68297278881073,0.422443687915802,0.2226056605577469,0.6026559472084045,0.6897710561752319,0.3673182725906372,0.05360228195786476,0.1321377456188202,0.638739287853241,2.9054965664671233,8.312931150209364,0.18573471903800964,0.021233832463622093,0.2796223759651184,0.09116683155298233
dog_02,pg_encoder,dog,a cat,0.06,100,0.3,7.5,6.8,,0.006,0.5,8776.5,26.628433227539062,0.06000000238418579,0.9290289878845215,0.4672146737575531,0.9672697186470032,0.43530452251434326,0.07167279720306396,0.8651133179664612,0.04662054777145386,0.0,20270815,17.367626190185547,0.7676430940628052,0.44146451354026794,0.2437976896762848,0.6294506192207336,0.6603732109069824,0.34636056423187256,0.054086048156023026,0.1353999823331833,0.652044951915741,2.9806987664975275,9.720539575651241,0.19608739018440247,0.021885832771658897,0.23385962843894958,0.08560992032289505
dog_02,pg_encoder,dog,a cat,0.06,100,0.3,7.5,6.8,,0.006,0.5,8776.5,26.628433227539062,0.06000000238418579,0.9290289878845215,0.4672146737575531,0.9672697186470032,0.43530452251434326,0.07167279720306396,0.8651133179664612,0.04662054777145386,0.0,20270816,16.47916030883789,0.9411923885345459,0.4276888072490692,0.21867357194423676,0.630948007106781,0.671349048614502,0.35169196128845215,0.07567160576581955,0.14998295903205872,0.7059288024902344,2.6603947380618806,8.94936403220653,0.19331711530685425,0.016613120213150978,0.2804495692253113,0.08380383998155594
dog_02,pg_encoder,dog,a cat,0.06,100,0.3,7.5,6.8,,0.006,0.5,8776.5,26.628433227539062,0.06000000238418579,0.9290289878845215,0.4672146737575531,0.9672697186470032,0.43530452251434326,0.07167279720306396,0.8651133179664612,0.04662054777145386,0.0,20270817,17.967426300048828,0.8628499507904053,0.4684297442436218,0.2152206152677536,0.6578113436698914,0.7001264095306396,0.3603885769844055,0.0828416645526886,0.126365527510643,0.633276641368866,2.9764664578682503,8.37148120012919,0.20838534832000732,0.05255242437124252,0.2709640562534332,0.08027458190917969
dog_02,pg_encoder,dog,a cat,0.06,100,0.3,7.5,6.8,,0.006,0.5,8776.5,26.628433227539062,0.06000000238418579,0.9290289878845215,0.4672146737575531,0.9672697186470032,0.43530452251434326,0.07167279720306396,0.8651133179664612,0.04662054777145386,0.0,20270818,17.344301223754883,0.8427588939666748,0.4322410821914673,0.22633422911167145,0.621116042137146,0.6803004741668701,0.36921143531799316,0.05205058678984642,0.13576409220695496,0.6611951589584351,2.615157841755836,8.110281102920167,0.18747365474700928,0.018467716872692108,0.2499232143163681,0.0885646790266037
dog_02,pg_encoder,dog,a cat,0.06,100,0.3,7.5,6.8,,0.006,0.5,8776.5,26.628433227539062,0.06000000238418579,0.9290289878845215,0.4672146737575531,0.9672697186470032,0.43530452251434326,0.07167279720306396,0.8651133179664612,0.04662054777145386,0.0,20270819,17.490459442138672,0.7032468914985657,0.41833433508872986,0.22292697429656982,0.6178395748138428,0.6665725708007812,0.36378955841064453,0.05094354227185249,0.1334986686706543,0.6628341674804688,2.968070578297016,10.590776692019285,0.1764339804649353,0.016822392120957375,0.2719171345233917,0.08775553852319717
dog_02,pg_encoder,dog,a cat,0.06,100,0.3,7.5,6.8,,0.006,0.5,8776.5,26.628433227539062,0.06000000238418579,0.9290289878845215,0.4672146737575531,0.9672697186470032,0.43530452251434326,0.07167279720306396,0.8651133179664612,0.04662054777145386,0.0,20270820,17.145771026611328,0.6688435673713684,0.43047961592674255,0.2138475924730301,0.632978081703186,0.6733550429344177,0.35847461223602295,0.0703253522515297,0.13890288770198822,0.6673177480697632,2.931550796299062,10.250479929029273,0.19068774580955505,0.027725081890821457,0.2791069447994232,0.09008079022169113
dog_02,pg_encoder,dog,a cat,0.06,100,0.3,7.5,6.8,,0.006,0.5,8776.5,26.628433227539062,0.06000000238418579,0.9290289878845215,0.4672146737575531,0.9672697186470032,0.43530452251434326,0.07167279720306396,0.8651133179664612,0.04662054777145386,0.0,20270821,16.867218017578125,0.7857673764228821,0.41216522455215454,0.22111991047859192,0.6127676963806152,0.6816762089729309,0.39088571071624756,0.05808331444859505,0.1434296816587448,0.6999740600585938,3.0098545837224226,7.735987729214698,0.20755428075790405,0.02315472438931465,0.2743315100669861,0.08953789621591568
dog_02,pg_encoder,dog,a cat,0.06,100,0.3,7.5,6.8,,0.006,0.5,8776.5,26.628433227539062,0.06000000238418579,0.9290289878845215,0.4672146737575531,0.9672697186470032,0.43530452251434326,0.07167279720306396,0.8651133179664612,0.04662054777145386,0.0,20270822,17.089088439941406,0.6874244213104248,0.42991501092910767,0.22499766945838928,0.6244633793830872,0.6567835211753845,0.34823137521743774,0.07036079466342926,0.13981233537197113,0.6674982905387878,3.084430585359858,9.09277632957299,0.18720011413097382,0.023477422073483467,0.23734427988529205,0.0878891572356224
dog_02,pg_diffusion,dog,a cat,0.06,100,0.3,7.5,207.6,,0.006,0.5,11556.1,26.868465423583984,0.06000000238418579,0.9369239807128906,0.4832623302936554,0.975177526473999,0.4099063277244568,0.06678581237792969,1.0236526727676392,0.045349836349487305,0.0,20270803,18.07672119140625,0.816401481628418,0.5644791126251221,0.12078417837619781,0.8017703294754028,0.5497044324874878,0.3005666732788086,1.2635321617126465,0.1247854009270668,0.5487772822380066,2.758773896242339,6.214360630468236,0.1985064148902893,0.015660256147384644,0.22616475820541382,0.07694577425718307
dog_02,pg_diffusion,dog,a cat,0.06,100,0.3,7.5,207.6,,0.006,0.5,11556.1,26.868465423583984,0.06000000238418579,0.9369239807128906,0.4832623302936554,0.975177526473999,0.4099063277244568,0.06678581237792969,1.0236526727676392,0.045349836349487305,0.0,20270804,18.32616424560547,0.7730655670166016,0.5760737657546997,0.1323995590209961,0.805881142616272,0.5759180188179016,0.29525429010391235,0.8224601745605469,0.12125276774168015,0.5554479360580444,2.7870316093271166,5.726252521245032,0.18944570422172546,0.023099903017282486,0.24335108697414398,0.0744846910238266
dog_02,pg_diffusion,dog,a cat,0.06,100,0.3,7.5,207.6,,0.006,0.5,11556.1,26.868465423583984,0.06000000238418579,0.9369239807128906,0.4832623302936554,0.975177526473999,0.4099063277244568,0.06678581237792969,1.0236526727676392,0.045349836349487305,0.0,20270805,18.834609985351562,0.8650150299072266,0.5865831971168518,0.14467725157737732,0.8024162650108337,0.5246032476425171,0.2658078670501709,0.7146729230880737,0.11435874551534653,0.5471814870834351,2.7949157834752154,4.414086861750793,0.20568504929542542,0.07352174818515778,0.26634639501571655,0.08455818891525269
dog_02,pg_diffusion,dog,a cat,0.06,100,0.3,7.5,207.6,,0.006,0.5,11556.1,26.868465423583984,0.06000000238418579,0.9369239807128906,0.4832623302936554,0.975177526473999,0.4099063277244568,0.06678581237792969,1.0236526727676392,0.045349836349487305,0.0,20270806,18.667282104492188,0.8745915293693542,0.5658621788024902,0.13209028542041779,0.8010496497154236,0.536003589630127,0.30419158935546875,0.9692699313163757,0.11658312380313873,0.5584958791732788,2.7866725516121034,3.693346221686156,0.19278112053871155,0.02079755812883377,0.2763329744338989,0.0815044417977333
dog_02,pg_diffusion,dog,a cat,0.06,100,0.3,7.5,207.6,,0.006,0.5,11556.1,26.868465423583984,0.06000000238418579,0.9369239807128906,0.4832623302936554,0.975177526473999,0.4099063277244568,0.06678581237792969,1.0236526727676392,0.045349836349487305,0.0,20270807,17.523696899414062,0.7924423813819885,0.5568031072616577,0.14458025991916656,0.7822174429893494,0.5202115178108215,0.2581186294555664,0.5302573442459106,0.1329888105392456,0.6470794677734375,2.810779035603274,3.0406093608142566,0.1847861111164093,0.016134221106767654,0.2582756280899048,0.0687069296836853
dog_02,pg_diffusion,dog,a cat,0.06,100,0.3,7.5,207.6,,0.006,0.5,11556.1,26.868465423583984,0.06000000238418579,0.9369239807128906,0.4832623302936554,0.975177526473999,0.4099063277244568,0.06678581237792969,1.0236526727676392,0.045349836349487305,0.0,20270808,18.61519432067871,0.7877976894378662,0.5849498510360718,0.1485995203256607,0.8034719228744507,0.539895236492157,0.2570791244506836,0.711298406124115,0.1172843798995018,0.5687192678451538,2.852377733348978,4.647221350157351,0.19297608733177185,0.02376386523246765,0.249134361743927,0.08667348325252533
dog_02,pg_diffusion,dog,a cat,0.06,100,0.3,7.5,207.6,,0.006,0.5,11556.1,26.868465423583984,0.06000000238418579,0.9369239807128906,0.4832623302936554,0.975177526473999,0.4099063277244568,0.06678581237792969,1.0236526727676392,0.045349836349487305,0.0,20270809,18.636110305786133,0.747921347618103,0.6016114354133606,0.15349753201007843,0.8094156384468079,0.509388267993927,0.24605560302734375,0.6874815821647644,0.11700227856636047,0.5726369619369507,3.0020737052697495,3.1722834937895077,0.18283362686634064,0.02621017023921013,0.24867281317710876,0.08559100329875946
dog_02,pg_diffusion,dog,a cat,0.06,100,0.3,7.5,207.6,,0.006,0.5,11556.1,26.868465423583984,0.06000000238418579,0.9369239807128906,0.4832623302936554,0.975177526473999,0.4099063277244568,0.06678581237792969,1.0236526727676392,0.045349836349487305,0.0,20270810,18.813167572021484,0.7653539180755615,0.5933979153633118,0.14872001111507416,0.7968672513961792,0.536139190196991,0.30821526050567627,0.7010087966918945,0.11464142054319382,0.5626335144042969,3.0101585552199537,3.711035946113857,0.19226360321044922,0.015076810494065285,0.2576817572116852,0.0870300680398941
dog_02,pg_diffusion,dog,a cat,0.06,100,0.3,7.5,207.6,,0.006,0.5,11556.1,26.868465423583984,0.06000000238418579,0.9369239807128906,0.4832623302936554,0.975177526473999,0.4099063277244568,0.06678581237792969,1.0236526727676392,0.045349836349487305,0.0,20270811,18.46883773803711,0.8351280093193054,0.5849089026451111,0.1408109962940216,0.8149248957633972,0.494873583316803,0.2639845609664917,0.9919214844703674,0.11927734315395355,0.5569064021110535,2.971886395436362,4.286705083960244,0.1921970248222351,0.025580251589417458,0.2121782749891281,0.02928946539759636
dog_02,pg_diffusion,dog,a cat,0.06,100,0.3,7.5,207.6,,0.006,0.5,11556.1,26.868465423583984,0.06000000238418579,0.9369239807128906,0.4832623302936554,0.975177526473999,0.4099063277244568,0.06678581237792969,1.0236526727676392,0.045349836349487305,0.0,20270812,18.387245178222656,0.8513997793197632,0.588837742805481,0.15006159245967865,0.7990629076957703,0.5383113026618958,0.28617584705352783,0.676511287689209,0.12040309607982635,0.5824610590934753,2.736839876207079,3.9822619317609145,0.23404239118099213,0.07257883995771408,0.2814481854438782,0.08307001739740372
dog_02,pg_diffusion,dog,a cat,0.06,100,0.3,7.5,207.6,,0.006,0.5,11556.1,26.868465423583984,0.06000000238418579,0.9369239807128906,0.4832623302936554,0.975177526473999,0.4099063277244568,0.06678581237792969,1.0236526727676392,0.045349836349487305,0.0,20270813,18.602563858032227,0.7971278429031372,0.57090824842453,0.13527189195156097,0.8026317358016968,0.5404859185218811,0.2912929654121399,0.9479318261146545,0.11745505034923553,0.5472768545150757,2.875900223690589,4.150214536377606,0.18345297873020172,0.02199302799999714,0.2709120810031891,0.0784347653388977
dog_02,pg_diffusion,dog,a cat,0.06,100,0.3,7.5,207.6,,0.006,0.5,11556.1,26.868465423583984,0.06000000238418579,0.9369239807128906,0.4832623302936554,0.975177526473999,0.4099063277244568,0.06678581237792969,1.0236526727676392,0.045349836349487305,0.0,20270814,18.697282791137695,0.8214797973632812,0.5875468254089355,0.13158078491687775,0.8018426895141602,0.5431585907936096,0.2718579173088074,0.9569037556648254,0.11618116497993469,0.5475120544433594,2.9054965664671233,3.6099906929895105,0.18573471903800964,0.021233832463622093,0.24859431385993958,0.06855858862400055
dog_02,pg_diffusion,dog,a cat,0.06,100,0.3,7.5,207.6,,0.006,0.5,11556.1,26.868465423583984,0.06000000238418579,0.9369239807128906,0.4832623302936554,0.975177526473999,0.4099063277244568,0.06678581237792969,1.0236526727676392,0.045349836349487305,0.0,20270815,19.004329681396484,0.8444998264312744,0.6128986477851868,0.15633466839790344,0.809767484664917,0.5204339623451233,0.27074921131134033,0.6852088570594788,0.11214588582515717,0.5487327575683594,2.9806987664975275,3.679907677913971,0.19608739018440247,0.021885832771658897,0.23860660195350647,0.08379484713077545
dog_02,pg_diffusion,dog,a cat,0.06,100,0.3,7.5,207.6,,0.006,0.5,11556.1,26.868465423583984,0.06000000238418579,0.9369239807128906,0.4832623302936554,0.975177526473999,0.4099063277244568,0.06678581237792969,1.0236526727676392,0.045349836349487305,0.0,20270816,17.636430740356445,0.879275918006897,0.5667036771774292,0.12668408453464508,0.7960957288742065,0.5443967580795288,0.28827571868896484,0.8076795935630798,0.13127388060092926,0.5911216735839844,2.6603947380618806,4.706617772468633,0.19331711530685425,0.016613120213150978,0.27203720808029175,0.08477861434221268
dog_02,pg_diffusion,dog,a cat,0.06,100,0.3,7.5,207.6,,0.006,0.5,11556.1,26.868465423583984,0.06000000238418579,0.9369239807128906,0.4832623302936554,0.975177526473999,0.4099063277244568,0.06678581237792969,1.0236526727676392,0.045349836349487305,0.0,20270817,19.28029441833496,0.7808465957641602,0.6033573150634766,0.14644862711429596,0.8089703321456909,0.536406397819519,0.2909470796585083,0.8954367637634277,0.10863883048295975,0.5245615839958191,2.9764664578682503,4.168218843304891,0.20838534832000732,0.05255242437124252,0.2739303410053253,0.0850704163312912
dog_02,pg_diffusion,dog,a cat,0.06,100,0.3,7.5,207.6,,0.006,0.5,11556.1,26.868465423583984,0.06000000238418579,0.9369239807128906,0.4832623302936554,0.975177526473999,0.4099063277244568,0.06678581237792969,1.0236526727676392,0.045349836349487305,0.0,20270818,18.732606887817383,0.8989863395690918,0.5914062857627869,0.13802258670330048,0.8109552264213562,0.544270932674408,0.2546922564506531,0.8388601541519165,0.11570964008569717,0.5467542409896851,2.615157841755836,4.770367537278683,0.18747365474700928,0.018467716872692108,0.2551731765270233,0.04368722066283226
dog_02,pg_diffusion,dog,a cat,0.06,100,0.3,7.5,207.6,,0.006,0.5,11556.1,26.868465423583984,0.06000000238418579,0.9369239807128906,0.4832623302936554,0.975177526473999,0.4099063277244568,0.06678581237792969,1.0236526727676392,0.045349836349487305,0.0,20270819,18.769453048706055,0.8247606754302979,0.5775388479232788,0.13233879208564758,0.7914867401123047,0.5222414135932922,0.28734856843948364,0.946790337562561,0.11521982401609421,0.5387815237045288,2.968070578297016,4.44770306335771,0.1764339804649353,0.016822392120957375,0.2697550654411316,0.08099240064620972
dog_02,pg_diffusion,dog,a cat,0.06,100,0.3,7.5,207.6,,0.006,0.5,11556.1,26.868465423583984,0.06000000238418579,0.9369239807128906,0.4832623302936554,0.975177526473999,0.4099063277244568,0.06678581237792969,1.0236526727676392,0.045349836349487305,0.0,20270820,17.646665573120117,0.8989783525466919,0.5563665628433228,0.11957423388957977,0.7910921573638916,0.5541242361068726,0.30663543939590454,1.3395845890045166,0.13111931085586548,0.5733184814453125,2.931550796299062,6.040853363432994,0.19068774580955505,0.027725081890821457,0.26964783668518066,0.08409543335437775
dog_02,pg_diffusion,dog,a cat,0.06,100,0.3,7.5,207.6,,0.006,0.5,11556.1,26.868465423583984,0.06000000238418579,0.9369239807128906,0.4832623302936554,0.975177526473999,0.4099063277244568,0.06678581237792969,1.0236526727676392,0.045349836349487305,0.0,20270821,18.098491668701172,0.8225629329681396,0.5749189853668213,0.1445198804140091,0.7901656031608582,0.5358557105064392,0.30196690559387207,0.7178020477294922,0.12447303533554077,0.5899976491928101,3.0098545837224226,4.383440609284305,0.20755428075790405,0.02315472438931465,0.25719109177589417,0.08556725829839706
dog_02,pg_diffusion,dog,a cat,0.06,100,0.3,7.5,207.6,,0.006,0.5,11556.1,26.868465423583984,0.06000000238418579,0.9369239807128906,0.4832623302936554,0.975177526473999,0.4099063277244568,0.06678581237792969,1.0236526727676392,0.045349836349487305,0.0,20270822,18.669675827026367,0.7217686772346497,0.5967978239059448,0.13816702365875244,0.8060706853866577,0.5434958338737488,0.30695241689682007,0.9389132261276245,0.11655103415250778,0.5399106740951538,3.084430585359858,3.7797128837305536,0.18720011413097382,0.023477422073483467,0.26170384883880615,0.07555967569351196
dog_02,semantic,dog,a cat,0.06,100,0.3,7.5,122.0,0.29443359375,0.006,0.5,8777.4,26.695350646972656,0.06000000238418579,0.9245800375938416,0.45966875553131104,0.9668917655944824,0.4401424527168274,0.13899767398834229,1.0163769721984863,0.046262744814157486,0.0,20270803,18.596181869506836,0.9028629064559937,0.5874152183532715,0.12858715653419495,0.80934739112854,0.5263733863830566,0.256469190120697,1.4440537691116333,0.11754138022661209,0.5185725092887878,2.758773896242339,3.5479909204890148,0.1985064148902893,0.015660256147384644,0.2248256802558899,0.0766402930021286
dog_02,semantic,dog,a cat,0.06,100,0.3,7.5,122.0,0.29443359375,0.006,0.5,8777.4,26.695350646972656,0.06000000238418579,0.9245800375938416,0.45966875553131104,0.9668917655944824,0.4401424527168274,0.13899767398834229,1.0163769721984863,0.046262744814157486,0.0,20270804,18.54438591003418,0.9043989181518555,0.5905851125717163,0.12810230255126953,0.8063177466392517,0.5170412063598633,0.24945485591888428,1.5243548154830933,0.11824437975883484,0.5239855647087097,2.7870316093271166,3.6419581558330623,0.18944570422172546,0.023099903017282486,0.22636501491069794,0.08171640336513519
dog_02,semantic,dog,a cat,0.06,100,0.3,7.5,122.0,0.29443359375,0.006,0.5,8777.4,26.695350646972656,0.06000000238418579,0.9245800375938416,0.45966875553131104,0.9668917655944824,0.4401424527168274,0.13899767398834229,1.0163769721984863,0.046262744814157486,0.0,20270805,18.901264190673828,0.9738683104515076,0.5851473212242126,0.12867559492588043,0.8069031238555908,0.5228234529495239,0.265710711479187,1.2540127038955688,0.11348453909158707,0.5052439570426941,2.7949157834752154,3.438953023447844,0.20568504929542542,0.07352174818515778,0.2707042098045349,0.08108540624380112
dog_02,semantic,dog,a cat,0.06,100,0.3,7.5,122.0,0.29443359375,0.006,0.5,8777.4,26.695350646972656,0.06000000238418579,0.9245800375938416,0.45966875553131104,0.9668917655944824,0.4401424527168274,0.13899767398834229,1.0163769721984863,0.046262744814157486,0.0,20270806,19.018041610717773,0.8298326730728149,0.5836997628211975,0.12566246092319489,0.8106539249420166,0.49840882420539856,0.2638583183288574,1.415714144706726,0.1119689866900444,0.5048726797103882,2.7866725516121034,3.9437090303350413,0.19278112053871155,0.02079755812883377,0.24371880292892456,0.06798698753118515
dog_02,semantic,dog,a cat,0.06,100,0.3,7.5,122.0,0.29443359375,0.006,0.5,8777.4,26.695350646972656,0.06000000238418579,0.9245800375938416,0.45966875553131104,0.9668917655944824,0.4401424527168274,0.13899767398834229,1.0163769721984863,0.046262744814157486,0.0,20270807,17.80620765686035,0.9769723415374756,0.5655086636543274,0.11662818491458893,0.8017858862876892,0.5357191562652588,0.2541811466217041,1.3595974445343018,0.12873287498950958,0.5399131774902344,2.810779035603274,4.633377096265972,0.1847861111164093,0.016134221106767654,0.26378196477890015,0.07571171224117279
dog_02,semantic,dog,a cat,0.06,100,0.3,7.5,122.0,0.29443359375,0.006,0.5,8777.4,26.695350646972656,0.06000000238418579,0.9245800375938416,0.45966875553131104,0.9668917655944824,0.4401424527168274,0.13899767398834229,1.0163769721984863,0.046262744814157486,0.0,20270808,18.689001083374023,0.9623403549194336,0.5798256397247314,0.12458816915750504,0.804700493812561,0.5308771133422852,0.2716243863105774,1.4731041193008423,0.11629199236631393,0.5128211975097656,2.852377733348978,3.8452247436269276,0.19297608733177185,0.02376386523246765,0.2799297571182251,0.0764254629611969
dog_02,semantic,dog,a cat,0.06,100,0.3,7.5,122.0,0.29443359375,0.006,0.5,8777.4,26.695350646972656,0.06000000238418579,0.9245800375938416,0.45966875553131104,0.9668917655944824,0.4401424527168274,0.13899767398834229,1.0163769721984863,0.046262744814157486,0.0,20270809,18.502443313598633,0.8361163139343262,0.5709813833236694,0.11903610080480576,0.808388888835907,0.5348635911941528,0.28534072637557983,1.3863319158554077,0.11881674826145172,0.5231666564941406,3.0020737052697495,3.387423209765425,0.18283362686634064,0.02621017023921013,0.26823678612709045,0.07349979132413864
dog_02,semantic,dog,a cat,0.06,100,0.3,7.5,122.0,0.29443359375,0.006,0.5,8777.4,26.695350646972656,0.06000000238418579,0.9245800375938416,0.45966875553131104,0.9668917655944824,0.4401424527168274,0.13899767398834229,1.0163769721984863,0.046262744814157486,0.0,20270810,18.5589542388916,0.9922006130218506,0.602844774723053,0.12872445583343506,0.8128162622451782,0.5305031538009644,0.2965870499610901,1.5339879989624023,0.11804625391960144,0.5146726369857788,3.0101585552199537,3.355338993745503,0.19226360321044922,0.015076810494065285,0.28051966428756714,0.07818859070539474
dog_02,semantic,dog,a cat,0.06,100,0.3,7.5,122.0,0.29443359375,0.006,0.5,8777.4,26.695350646972656,0.06000000238418579,0.9245800375938416,0.45966875553131104,0.9668917655944824,0.4401424527168274,0.13899767398834229,1.0163769721984863,0.046262744814157486,0.0,20270811,18.325117111206055,0.9970823526382446,0.6065102815628052,0.1382654756307602,0.8130354881286621,0.5132741332054138,0.2679935693740845,1.377113938331604,0.1212674006819725,0.5292269587516785,2.971886395436362,3.7998670087487345,0.1921970248222351,0.025580251589417458,0.26066821813583374,0.08177535235881805
dog_02,semantic,dog,a cat,0.06,100,0.3,7.5,122.0,0.29443359375,0.006,0.5,8777.4,26.695350646972656,0.06000000238418579,0.9245800375938416,0.45966875553131104,0.9668917655944824,0.4401424527168274,0.13899767398834229,1.0163769721984863,0.046262744814157486,0.0,20270812,18.2733097076416,0.9349710941314697,0.5862363576889038,0.12890340387821198,0.8092979788780212,0.5305283069610596,0.2717621922492981,1.3157113790512085,0.12199287116527557,0.5355224609375,2.736839876207079,2.923768453114334,0.23404239118099213,0.07257883995771408,0.26576805114746094,0.078523650765419
dog_02,semantic,dog,a cat,0.06,100,0.3,7.5,122.0,0.29443359375,0.006,0.5,8777.4,26.695350646972656,0.06000000238418579,0.9245800375938416,0.45966875553131104,0.9668917655944824,0.4401424527168274,0.13899767398834229,1.0163769721984863,0.046262744814157486,0.0,20270813,18.95062255859375,0.8780771493911743,0.6108278632164001,0.13924096524715424,0.8189249634742737,0.5309906005859375,0.2716534733772278,1.4029549360275269,0.11284146457910538,0.4998359680175781,2.875900223690589,3.6588776549691047,0.18345297873020172,0.02199302799999714,0.2693765163421631,0.083319291472435
dog_02,semantic,dog,a cat,0.06,100,0.3,7.5,122.0,0.29443359375,0.006,0.5,8777.4,26.695350646972656,0.06000000238418579,0.9245800375938416,0.45966875553131104,0.9668917655944824,0.4401424527168274,0.13899767398834229,1.0163769721984863,0.046262744814157486,0.0,20270814,18.922483444213867,0.8702698945999146,0.5814504623413086,0.12301551550626755,0.8065208196640015,0.5138490200042725,0.25866031646728516,1.5842151641845703,0.1132076159119606,0.5140292048454285,2.9054965664671233,3.4492685867232225,0.18573471903800964,0.021233832463622093,0.26417964696884155,0.07737001776695251
dog_02,semantic,dog,a cat,0.06,100,0.3,7.5,122.0,0.29443359375,0.006,0.5,8777.4,26.695350646972656,0.06000000238418579,0.9245800375938416,0.45966875553131104,0.9668917655944824,0.4401424527168274,0.13899767398834229,1.0163769721984863,0.046262744814157486,0.0,20270815,19.096101760864258,0.9146770238876343,0.6355361938476562,0.14792940020561218,0.8244990706443787,0.47283631563186646,0.21807193756103516,1.1780147552490234,0.1109672337770462,0.4771995544433594,2.9806987664975275,3.909327211634732,0.19608739018440247,0.021885832771658897,0.27591806650161743,0.0710037425160408
dog_02,semantic,dog,a cat,0.06,100,0.3,7.5,122.0,0.29443359375,0.006,0.5,8777.4,26.695350646972656,0.06000000238418579,0.9245800375938416,0.45966875553131104,0.9668917655944824,0.4401424527168274,0.13899767398834229,1.0163769721984863,0.046262744814157486,0.0,20270816,18.077781677246094,0.9740855097770691,0.590171217918396,0.12892818450927734,0.8143978714942932,0.5120893120765686,0.27762842178344727,1.3181860446929932,0.12477019429206848,0.5189704895019531,2.6603947380618806,2.9692251448021945,0.19331711530685425,0.016613120213150978,0.24903151392936707,0.08086543530225754
dog_02,semantic,dog,a cat,0.06,100,0.3,7.5,122.0,0.29443359375,0.006,0.5,8777.4,26.695350646972656,0.06000000238418579,0.9245800375938416,0.45966875553131104,0.9668917655944824,0.4401424527168274,0.13899767398834229,1.0163769721984863,0.046262744814157486,0.0,20270817,19.392574310302734,0.8982682824134827,0.6150715351104736,0.13766668736934662,0.8185049295425415,0.5294566750526428,0.27931010723114014,1.4069054126739502,0.10724350810050964,0.48466238379478455,2.9764664578682503,3.312603121683849,0.20838534832000732,0.05255242437124252,0.2699549198150635,0.08869606256484985
dog_02,semantic,dog,a cat,0.06,100,0.3,7.5,122.0,0.29443359375,0.006,0.5,8777.4,26.695350646972656,0.06000000238418579,0.9245800375938416,0.45966875553131104,0.9668917655944824,0.4401424527168274,0.13899767398834229,1.0163769721984863,0.046262744814157486,0.0,20270818,18.90443992614746,0.8467217683792114,0.571378767490387,0.11951032280921936,0.8023762702941895,0.5424739122390747,0.28205645084381104,1.4857248067855835,0.1134430319070816,0.49179205298423767,2.615157841755836,3.226671936085978,0.18747365474700928,0.018467716872692108,0.257094144821167,0.08587916195392609
dog_02,semantic,dog,a cat,0.06,100,0.3,7.5,122.0,0.29443359375,0.006,0.5,8777.4,26.695350646972656,0.06000000238418579,0.9245800375938416,0.45966875553131104,0.9668917655944824,0.4401424527168274,0.13899767398834229,1.0163769721984863,0.046262744814157486,0.0,20270819,18.35500144958496,0.9333850145339966,0.5631384253501892,0.11862114816904068,0.7961239218711853,0.5179617404937744,0.28267693519592285,1.7012454271316528,0.12085089087486267,0.5263799428939819,2.968070578297016,3.2426316288018984,0.1764339804649353,0.016822392120957375,0.2680814862251282,0.07470238208770752
dog_02,semantic,dog,a cat,0.06,100,0.3,7.5,122.0,0.29443359375,0.006,0.5,8777.4,26.695350646972656,0.06000000238418579,0.9245800375938416,0.45966875553131104,0.9668917655944824,0.4401424527168274,0.13899767398834229,1.0163769721984863,0.046262744814157486,0.0,20270820,18.429834365844727,0.9563498497009277,0.6122679710388184,0.13741974532604218,0.8158915638923645,0.4919458031654358,0.25344061851501465,1.451107144355774,0.11981417238712311,0.5128517150878906,2.931550796299062,3.3185961263355,0.19068774580955505,0.027725081890821457,0.2525011897087097,0.07421289384365082
dog_02,semantic,dog,a cat,0.06,100,0.3,7.5,122.0,0.29443359375,0.006,0.5,8777.4,26.695350646972656,0.06000000238418579,0.9245800375938416,0.45966875553131104,0.9668917655944824,0.4401424527168274,0.13899767398834229,1.0163769721984863,0.046262744814157486,0.0,20270821,18.666011810302734,0.9864773154258728,0.6125876307487488,0.13745635747909546,0.8211396336555481,0.5188949108123779,0.29080891609191895,1.2844574451446533,0.11660020053386688,0.5063375234603882,3.0098545837224226,3.2066791967457076,0.20755428075790405,0.02315472438931465,0.273029625415802,0.08180640637874603
dog_02,semantic,dog,a cat,0.06,100,0.3,7.5,122.0,0.29443359375,0.006,0.5,8777.4,26.695350646972656,0.06000000238418579,0.9245800375938416,0.45966875553131104,0.9668917655944824,0.4401424527168274,0.13899767398834229,1.0163769721984863,0.046262744814157486,0.0,20270822,18.048105239868164,1.0,0.5781181454658508,0.12185128778219223,0.8056065440177917,0.523451566696167,0.2675478458404541,1.5243278741836548,0.12519720196723938,0.5371488332748413,3.084430585359858,3.3923927943448953,0.18720011413097382,0.023477422073483467,0.2712337374687195,0.08107171207666397
dog_03,pg_encoder,dog,a cat,0.06,100,0.3,7.5,6.8,,0.006,0.5,8776.5,27.339345932006836,0.06000000238418579,0.8805105686187744,0.41683945059776306,0.9578623175621033,0.5644285082817078,0.08933866024017334,0.9018531441688538,0.04295675829052925,0.0,20270803,17.698680877685547,0.6141247749328613,0.5212192535400391,0.27403542399406433,0.6530709862709045,0.6306279897689819,0.3837898373603821,0.04584134370088577,0.1303364485502243,0.7297999262809753,2.339682955079452,10.467260659663207,0.21136489510536194,0.005668414756655693,0.27100855112075806,0.09360506385564804
dog_03,pg_encoder,dog,a cat,0.06,100,0.3,7.5,6.8,,0.006,0.5,8776.5,27.339345932006836,0.06000000238418579,0.8805105686187744,0.41683945059776306,0.9578623175621033,0.5644285082817078,0.08933866024017334,0.9018531441688538,0.04295675829052925,0.0,20270804,16.987512588500977,0.5826506018638611,0.5007646083831787,0.26984071731567383,0.6467503309249878,0.6315717697143555,0.3965718150138855,0.03109760396182537,0.1414569467306137,0.7808749079704285,2.3297518021269807,9.999300775718025,0.20327581465244293,0.04293043911457062,0.28383898735046387,0.10017672926187515
dog_03,pg_encoder,dog,a cat,0.06,100,0.3,7.5,6.8,,0.006,0.5,8776.5,27.339345932006836,0.06000000238418579,0.8805105686187744,0.41683945059776306,0.9578623175621033,0.5644285082817078,0.08933866024017334,0.9018531441688538,0.04295675829052925,0.0,20270805,17.150976181030273,0.8024871349334717,0.5254341959953308,0.28464412689208984,0.6710171103477478,0.6146149635314941,0.38939452171325684,0.04356252774596214,0.13881970942020416,0.7684504389762878,3.0665383358350717,9.781138776627769,0.20814675092697144,0.007309347856789827,0.2778816521167755,0.09751076251268387
dog_03,pg_encoder,dog,a cat,0.06,100,0.3,7.5,6.8,,0.006,0.5,8776.5,27.339345932006836,0.06000000238418579,0.8805105686187744,0.41683945059776306,0.9578623175621033,0.5644285082817078,0.08933866024017334,0.9018531441688538,0.04295675829052925,0.0,20270806,17.507558822631836,0.5815044641494751,0.5435278415679932,0.26073867082595825,0.6802351474761963,0.6557531356811523,0.40138179063796997,0.06746289879083633,0.1332361251115799,0.7276229858398438,2.5136638106008937,9.398963697382298,0.2111041396856308,0.005442306399345398,0.28052443265914917,0.09287090599536896
dog_03,pg_encoder,dog,a cat,0.06,100,0.3,7.5,6.8,,0.006,0.5,8776.5,27.339345932006836,0.06000000238418579,0.8805105686187744,0.41683945059776306,0.9578623175621033,0.5644285082817078,0.08933866024017334,0.9018531441688538,0.04295675829052925,0.0,20270807,17.262767791748047,0.6050348877906799,0.5213916301727295,0.279337614774704,0.6692829132080078,0.6179491281509399,0.38082778453826904,0.04158566892147064,0.13704444468021393,0.7596308588981628,2.4420003157960997,9.83134174333408,0.20289172232151031,0.010016882792115211,0.27954503893852234,0.09568312764167786
dog_03,pg_encoder,dog,a cat,0.06,100,0.3,7.5,6.8,,0.006,0.5,8776.5,27.339345932006836,0.06000000238418579,0.8805105686187744,0.41683945059776306,0.9578623175621033,0.5644285082817078,0.08933866024017334,0.9018531441688538,0.04295675829052925,0.0,20270808,17.84998321533203,0.567140519618988,0.5179699659347534,0.2406746745109558,0.6772530674934387,0.6373699903488159,0.38082385063171387,0.05735595524311066,0.12808571755886078,0.7037887573242188,2.694773811775832,8.672172177137854,0.21810051798820496,-0.010146256536245346,0.26690447330474854,0.10127590596675873
dog_03,pg_encoder,dog,a cat,0.06,100,0.3,7.5,6.8,,0.006,0.5,8776.5,27.339345932006836,0.06000000238418579,0.8805105686187744,0.41683945059776306,0.9578623175621033,0.5644285082817078,0.08933866024017334,0.9018531441688538,0.04295675829052925,0.0,20270809,17.41767120361328,0.6071805953979492,0.5035836696624756,0.21999162435531616,0.6571034789085388,0.6395843625068665,0.3859127163887024,0.04751184582710266,0.13462211191654205,0.7460429072380066,2.4966780177117722,10.648297709381582,0.20548735558986664,0.018962852656841278,0.2857072353363037,0.08859766274690628
dog_03,pg_encoder,dog,a cat,0.06,100,0.3,7.5,6.8,,0.006,0.5,8776.5,27.339345932006836,0.06000000238418579,0.8805105686187744,0.41683945059776306,0.9578623175621033,0.5644285082817078,0.08933866024017334,0.9018531441688538,0.04295675829052925,0.0,20270810,17.184371948242188,0.7229889631271362,0.5443190336227417,0.22574034333229065,0.6911516785621643,0.626437783241272,0.3801072835922241,0.05135313794016838,0.1382869929075241,0.7469749450683594,2.9288014209015385,9.435665451796527,0.22936883568763733,0.014778083190321922,0.27507057785987854,0.09624543786048889
dog_03,pg_encoder,dog,a cat,0.06,100,0.3,7.5,6.8,,0.006,0.5,8776.5,27.339345932006836,0.06000000238418579,0.8805105686187744,0.41683945059776306,0.9578623175621033,0.5644285082817078,0.08933866024017334,0.9018531441688538,0.04295675829052925,0.0,20270811,17.35396957397461,0.6120831966400146,0.5130154490470886,0.2648610770702362,0.6569780707359314,0.6297914981842041,0.384540319442749,0.04739951342344284,0.13561305403709412,0.7451986074447632,2.2510306487827823,10.304553088183255,0.22516193985939026,-0.007921791635453701,0.28929948806762695,0.09851023554801941
dog_03,pg_encoder,dog,a cat,0.06,100,0.3,7.5,6.8,,0.006,0.5,8776.5,27.339345932006836,0.06000000238418579,0.8805105686187744,0.41683945059776306,0.9578623175621033,0.5644285082817078,0.08933866024017334,0.9018531441688538,0.04295675829052925,0.0,20270812,17.738805770874023,0.700285792350769,0.5447604656219482,0.25459858775138855,0.6808258295059204,0.6023963689804077,0.35580873489379883,0.07851152122020721,0.12973572313785553,0.7021306753158569,2.5152687562996636,8.049088251951689,0.20945164561271667,0.006994975730776787,0.2766551971435547,0.09309059381484985
dog_03,pg_encoder,dog,a cat,0.06,100,0.3,7.5,6.8,,0.006,0.5,8776.5,27.339345932006836,0.06000000238418579,0.8805105686187744,0.41683945059776306,0.9578623175621033,0.5644285082817078,0.08933866024017334,0.9018531441688538,0.04295675829052925,0.0,20270813,16.690357208251953,0.6395388841629028,0.466948926448822,0.21317487955093384,0.6330097317695618,0.6639682054519653,0.40081965923309326,0.03862464800477028,0.14638011157512665,0.7545179128646851,2.754608364042666,10.18228050360034,0.1993274688720703,0.009311888366937637,0.27386438846588135,0.10030043870210648
dog_03,pg_encoder,dog,a cat,0.06,100,0.3,7.5,6.8,,0.006,0.5,8776.5,27.339345932006836,0.06000000238418579,0.8805105686187744,0.41683945059776306,0.9578623175621033,0.5644285082817078,0.08933866024017334,0.9018531441688538,0.04295675829052925,0.0,20270814,17.677438735961914,0.6189818382263184,0.5219653844833374,0.2999298870563507,0.6575702428817749,0.6363402009010315,0.36164212226867676,0.06297789514064789,0.13065555691719055,0.7472369074821472,2.2847361396573334,9.233208440713806,0.19786375761032104,0.00026470283046364784,0.27809852361679077,0.09068995714187622
dog_03,pg_encoder,dog,a cat,0.06,100,0.3,7.5,6.8,,0.006,0.5,8776.5,27.339345932006836,0.06000000238418579,0.8805105686187744,0.41683945059776306,0.9578623175621033,0.5644285082817078,0.08933866024017334,0.9018531441688538,0.04295675829052925,0.0,20270815,17.747915267944336,0.6557793617248535,0.5088900923728943,0.25304168462753296,0.6629031896591187,0.6425460577011108,0.36974191665649414,0.05401191487908363,0.12959973514080048,0.7145602107048035,2.5024897360862894,10.362325143654349,0.2035801112651825,-0.00362478569149971,0.2775055468082428,0.09493491053581238
dog_03,pg_encoder,dog,a cat,0.06,100,0.3,7.5,6.8,,0.006,0.5,8776.5,27.339345932006836,0.06000000238418579,0.8805105686187744,0.41683945059776306,0.9578623175621033,0.5644285082817078,0.08933866024017334,0.9018531441688538,0.04295675829052925,0.0,20270816,17.745590209960938,0.6231946349143982,0.5428069829940796,0.24800868332386017,0.6721920967102051,0.606745719909668,0.3879127502441406,0.07442522048950195,0.12963445484638214,0.7174479365348816,2.442750651643601,10.604231573103778,0.20011255145072937,-0.0022435439750552177,0.2892463207244873,0.10018688440322876
dog_03,pg_encoder,dog,a cat,0.06,100,0.3,7.5,6.8,,0.006,0.5,8776.5,27.339345932006836,0.06000000238418579,0.8805105686187744,0.41683945059776306,0.9578623175621033,0.5644285082817078,0.08933866024017334,0.9018531441688538,0.04295675829052925,0.0,20270817,17.369464874267578,0.5972027778625488,0.49479812383651733,0.24293772876262665,0.6546578407287598,0.6396817564964294,0.38550466299057007,0.05007759854197502,0.13537131249904633,0.7158712148666382,2.4926410592142174,10.485133989863511,0.2224237322807312,0.024063490331172943,0.2781251072883606,0.09499217569828033
dog_03,pg_encoder,dog,a cat,0.06,100,0.3,7.5,6.8,,0.006,0.5,8776.5,27.339345932006836,0.06000000238418579,0.8805105686187744,0.41683945059776306,0.9578623175621033,0.5644285082817078,0.08933866024017334,0.9018531441688538,0.04295675829052925,0.0,20270818,17.074739456176758,0.6513038873672485,0.5284075140953064,0.3130074143409729,0.6750580668449402,0.6118278503417969,0.39195799827575684,0.04757428169250488,0.1400434821844101,0.7761472463607788,2.6740434044991166,9.104072580854394,0.19308261573314667,0.015576058998703957,0.2861141860485077,0.09852013736963272
dog_03,pg_encoder,dog,a cat,0.06,100,0.3,7.5,6.8,,0.006,0.5,8776.5,27.339345932006836,0.06000000238418579,0.8805105686187744,0.41683945059776306,0.9578623175621033,0.5644285082817078,0.08933866024017334,0.9018531441688538,0.04295675829052925,0.0,20270819,17.06633186340332,0.5913461446762085,0.49884843826293945,0.2390451729297638,0.6565311551094055,0.6334779858589172,0.39586758613586426,0.052727505564689636,0.1401791125535965,0.7628695368766785,2.5052725977676076,9.443430719965395,0.20525623857975006,0.017429381608963013,0.26612386107444763,0.09261816740036011
dog_03,pg_encoder,dog,a cat,0.06,100,0.3,7.5,6.8,,0.006,0.5,8776.5,27.339345932006836,0.06000000238418579,0.8805105686187744,0.41683945059776306,0.9578623175621033,0.5644285082817078,0.08933866024017334,0.9018531441688538,0.04295675829052925,0.0,20270820,16.94176483154297,0.5850929617881775,0.48093104362487793,0.20884712040424347,0.6331613063812256,0.6740027666091919,0.4155908226966858,0.04719927906990051,0.1422039419412613,0.7524274587631226,2.4104646573638653,9.075709186414164,0.1993110477924347,0.0015730070881545544,0.27251341938972473,0.09437178820371628
dog_03,pg_encoder,dog,a cat,0.06,100,0.3,7.5,6.8,,0.006,0.5,8776.5,27.339345932006836,0.06000000238418579,0.8805105686187744,0.41683945059776306,0.9578623175621033,0.5644285082817078,0.08933866024017334,0.9018531441688538,0.04295675829052925,0.0,20270821,16.854928970336914,0.7076173424720764,0.5072200298309326,0.24000407755374908,0.6577465534210205,0.6320269107818604,0.36781370639801025,0.04801961034536362,0.14363273978233337,0.776465117931366,2.55642603050478,9.13213241197736,0.21288636326789856,0.014870303682982922,0.2848460078239441,0.09571908414363861
dog_03,pg_encoder,dog,a cat,0.06,100,0.3,7.5,6.8,,0.006,0.5,8776.5,27.339345932006836,0.06000000238418579,0.8805105686187744,0.41683945059776306,0.9578623175621033,0.5644285082817078,0.08933866024017334,0.9018531441688538,0.04295675829052925,0.0,20270822,17.618907928466797,0.68058180809021,0.5164180994033813,0.2602024972438812,0.6603543162345886,0.6348892450332642,0.34768444299697876,0.07846599817276001,0.131538987159729,0.7073020935058594,2.4019841665870305,9.369675127991144,0.2247878611087799,0.019018488004803658,0.28237584233283997,0.092778779566288
dog_03,pg_diffusion,dog,a cat,0.06,100,0.3,7.5,207.5,,0.006,0.5,11556.1,27.244604110717773,0.06000000238418579,0.8845373392105103,0.42483481764793396,0.963603675365448,0.5531435608863831,0.10198616981506348,1.1080167293548584,0.04342789202928543,0.0,20270803,18.46571159362793,0.7293787598609924,0.509540855884552,0.1088670939207077,0.7514769434928894,0.6239458322525024,0.2927352786064148,0.6912678480148315,0.11932028830051422,0.6213290095329285,2.339682955079452,2.7843619194223748,0.21136489510536194,0.005668414756655693,0.27716898918151855,0.08923481404781342
dog_03,pg_diffusion,dog,a cat,0.06,100,0.3,7.5,207.5,,0.006,0.5,11556.1,27.244604110717773,0.06000000238418579,0.8845373392105103,0.42483481764793396,0.963603675365448,0.5531435608863831,0.10198616981506348,1.1080167293548584,0.04342789202928543,0.0,20270804,18.052520751953125,0.7741712331771851,0.4731442928314209,0.09229717403650284,0.7380217909812927,0.6523441672325134,0.30155616998672485,0.8847020864486694,0.12513358891010284,0.5864677429199219,2.3297518021269807,3.5528617740288984,0.20327581465244293,0.04293043911457062,0.28464096784591675,0.08219483494758606
dog_03,pg_diffusion,dog,a cat,0.06,100,0.3,7.5,207.5,,0.006,0.5,11556.1,27.244604110717773,0.06000000238418579,0.8845373392105103,0.42483481764793396,0.963603675365448,0.5531435608863831,0.10198616981506348,1.1080167293548584,0.04342789202928543,0.0,20270805,17.9742431640625,0.7510521411895752,0.46511325240135193,0.09637439250946045,0.7203440070152283,0.64713454246521,0.33700525760650635,0.8061862587928772,0.12626637518405914,0.6216278076171875,3.0665383358350717,2.871614319875015,0.20814675092697144,0.007309347856789827,0.292477011680603,0.09619560837745667
dog_03,pg_diffusion,dog,a cat,0.06,100,0.3,7.5,207.5,,0.006,0.5,11556.1,27.244604110717773,0.06000000238418579,0.8845373392105103,0.42483481764793396,0.963603675365448,0.5531435608863831,0.10198616981506348,1.1080167293548584,0.04342789202928543,0.0,20270806,17.89422607421875,0.9032942056655884,0.45389324426651,0.08610919117927551,0.7177634239196777,0.6545308828353882,0.3611403703689575,0.8447471857070923,0.12743496894836426,0.6227887868881226,2.5136638106008937,4.171854727701043,0.2111041396856308,0.005442306399345398,0.28741544485092163,0.08783400803804398
dog_03,pg_diffusion,dog,a cat,0.06,100,0.3,7.5,207.5,,0.006,0.5,11556.1,27.244604110717773,0.06000000238418579,0.8845373392105103,0.42483481764793396,0.963603675365448,0.5531435608863831,0.10198616981506348,1.1080167293548584,0.04342789202928543,0.0,20270807,17.809711456298828,0.7234505414962769,0.4968082904815674,0.1093093752861023,0.7346187233924866,0.6355135440826416,0.3183504343032837,0.481954962015152,0.1286809891462326,0.6676712036132812,2.4420003157960997,3.4603806836546784,0.20289172232151031,0.010016882792115211,0.2815062403678894,0.08099599182605743
dog_03,pg_diffusion,dog,a cat,0.06,100,0.3,7.5,207.5,,0.006,0.5,11556.1,27.244604110717773,0.06000000238418579,0.8845373392105103,0.42483481764793396,0.963603675365448,0.5531435608863831,0.10198616981506348,1.1080167293548584,0.04342789202928543,0.0,20270808,18.40204429626465,0.878053605556488,0.4843530058860779,0.0877232775092125,0.7294225692749023,0.6643565893173218,0.33843982219696045,0.9892783164978027,0.12019811570644379,0.5774650573730469,2.694773811775832,5.057785875461092,0.21810051798820496,-0.010146256536245346,0.28658536076545715,0.08209799230098724
dog_03,pg_diffusion,dog,a cat,0.06,100,0.3,7.5,207.5,,0.006,0.5,11556.1,27.244604110717773,0.06000000238418579,0.8845373392105103,0.42483481764793396,0.963603675365448,0.5531435608863831,0.10198616981506348,1.1080167293548584,0.04342789202928543,0.0,20270809,17.87722396850586,0.8080443143844604,0.4799234867095947,0.09820771217346191,0.7338944673538208,0.6615962982177734,0.3626512289047241,0.6006781458854675,0.12768463790416718,0.6305593252182007,2.4966780177117722,4.255313955800374,0.20548735558986664,0.018962852656841278,0.2792735993862152,0.092195063829422
dog_03,pg_diffusion,dog,a cat,0.06,100,0.3,7.5,207.5,,0.006,0.5,11556.1,27.244604110717773,0.06000000238418579,0.8845373392105103,0.42483481764793396,0.963603675365448,0.5531435608863831,0.10198616981506348,1.1080167293548584,0.04342789202928543,0.0,20270810,17.899229049682617,0.6675041913986206,0.4976343810558319,0.10336796939373016,0.7357243895530701,0.6317615509033203,0.3133152723312378,0.7291754484176636,0.12736156582832336,0.6244062185287476,2.9288014209015385,3.2727342501191283,0.22936883568763733,0.014778083190321922,0.27203720808029175,0.08508284389972687
dog_03,pg_diffusion,dog,a cat,0.06,100,0.3,7.5,207.5,,0.006,0.5,11556.1,27.244604110717773,0.06000000238418579,0.8845373392105103,0.42483481764793396,0.963603675365448,0.5531435608863831,0.10198616981506348,1.1080167293548584,0.04342789202928543,0.0,20270811,18.136611938476562,0.7324402928352356,0.4584600627422333,0.08961141854524612,0.7240912318229675,0.661970853805542,0.33846211433410645,0.8902423977851868,0.12392797321081161,0.5903244018554688,2.2510306487827823,3.764841457174717,0.22516193985939026,-0.007921791635453701,0.2929328680038452,0.09139057993888855
dog_03,pg_diffusion,dog,a cat,0.06,100,0.3,7.5,207.5,,0.006,0.5,11556.1,27.244604110717773,0.06000000238418579,0.8845373392105103,0.42483481764793396,0.963603675365448,0.5531435608863831,0.10198616981506348,1.1080167293548584,0.04342789202928543,0.0,20270812,17.846757888793945,0.8346229791641235,0.4796470105648041,0.10108016431331635,0.7366487383842468,0.6427552700042725,0.3229466676712036,0.8497161865234375,0.12813331186771393,0.62664794921875,2.5152687562996636,2.8311935290590595,0.20945164561271667,0.006994975730776787,0.27024632692337036,0.07800959050655365
dog_03,pg_diffusion,dog,a cat,0.06,100,0.3,7.5,207.5,,0.006,0.5,11556.1,27.244604110717773,0.06000000238418579,0.8845373392105103,0.42483481764793396,0.963603675365448,0.5531435608863831,0.10198616981506348,1.1080167293548584,0.04342789202928543,0.0,20270813,17.740894317626953,0.8176343441009521,0.4618318974971771,0.09792858362197876,0.728587806224823,0.6615146398544312,0.33743947744369507,0.7691890597343445,0.129704549908638,0.6035563349723816,2.754608364042666,4.65907935260729,0.1993274688720703,0.009311888366937637,0.2821226119995117,0.08890008926391602
dog_03,pg_diffusion,dog,a cat,0.06,100,0.3,7.5,207.5,,0.006,0.5,11556.1,27.244604110717773,0.06000000238418579,0.8845373392105103,0.42483481764793396,0.963603675365448,0.5531435608863831,0.10198616981506348,1.1080167293548584,0.04342789202928543,0.0,20270814,18.194316864013672,0.7010350823402405,0.48957687616348267,0.09914980083703995,0.7402847409248352,0.6358633041381836,0.27729010581970215,0.7866895794868469,0.12310735136270523,0.5937919616699219,2.2847361396573334,2.9969844712725644,0.19786375761032104,0.00026470283046364784,0.2877463698387146,0.09011010825634003
dog_03,pg_diffusion,dog,a cat,0.06,100,0.3,7.5,207.5,,0.006,0.5,11556.1,27.244604110717773,0.06000000238418579,0.8845373392105103,0.42483481764793396,0.963603675365448,0.5531435608863831,0.10198616981506348,1.1080167293548584,0.04342789202928543,0.0,20270815,17.584081649780273,0.7755517959594727,0.45870229601860046,0.09003794193267822,0.7264785766601562,0.6455332040786743,0.34840524196624756,0.8258700966835022,0.13206744194030762,0.6267649531364441,2.5024897360862894,3.0150213655160507,0.2035801112651825,-0.00362478569149971,0.29083067178726196,0.08761092275381088
dog_03,pg_diffusion,dog,a cat,0.06,100,0.3,7.5,207.5,,0.006,0.5,11556.1,27.244604110717773,0.06000000238418579,0.8845373392105103,0.42483481764793396,0.963603675365448,0.5531435608863831,0.10198616981506348,1.1080167293548584,0.04342789202928543,0.0,20270816,17.5811710357666,0.79374760389328,0.452509343624115,0.09803754836320877,0.725642204284668,0.6552355289459229,0.3279241919517517,0.807769775390625,0.13211174309253693,0.5939483642578125,2.442750651643601,3.4042755451663784,0.20011255145072937,-0.0022435439750552177,0.27295684814453125,0.08562655001878738
dog_03,pg_diffusion,dog,a cat,0.06,100,0.3,7.5,207.5,,0.006,0.5,11556.1,27.244604110717773,0.06000000238418579,0.8845373392105103,0.42483481764793396,0.963603675365448,0.5531435608863831,0.10198616981506348,1.1080167293548584,0.04342789202928543,0.0,20270817,18.257848739624023,0.7113853693008423,0.4911113679409027,0.10961945354938507,0.750680148601532,0.645444393157959,0.290630578994751,0.7571464776992798,0.12221021950244904,0.5946820974349976,2.4926410592142174,3.265480565626471,0.2224237322807312,0.024063490331172943,0.2822806239128113,0.08703894913196564
dog_03,pg_diffusion,dog,a cat,0.06,100,0.3,7.5,207.5,,0.006,0.5,11556.1,27.244604110717773,0.06000000238418579,0.8845373392105103,0.42483481764793396,0.963603675365448,0.5531435608863831,0.10198616981506348,1.1080167293548584,0.04342789202928543,0.0,20270818,17.97471809387207,0.7378291487693787,0.49628323316574097,0.11319679766893387,0.7423298358917236,0.6390369534492493,0.30827832221984863,0.5606168508529663,0.1262594759464264,0.6383692622184753,2.6740434044991166,4.173460955181994,0.19308261573314667,0.015576058998703957,0.2823828458786011,0.09150014817714691
dog_03,pg_diffusion,dog,a cat,0.06,100,0.3,7.5,207.5,,0.006,0.5,11556.1,27.244604110717773,0.06000000238418579,0.8845373392105103,0.42483481764793396,0.963603675365448,0.5531435608863831,0.10198616981506348,1.1080167293548584,0.04342789202928543,0.0,20270819,17.885927200317383,0.7872133255004883,0.4824599623680115,0.09344528615474701,0.7369962334632874,0.6366279125213623,0.31685781478881836,0.9415836930274963,0.12755677103996277,0.6159273982048035,2.5052725977676076,3.2391988045239253,0.20525623857975006,0.017429381608963013,0.2888387441635132,0.0864415392279625
dog_03,pg_diffusion,dog,a cat,0.06,100,0.3,7.5,207.5,,0.006,0.5,11556.1,27.244604110717773,0.06000000238418579,0.8845373392105103,0.42483481764793396,0.963603675365448,0.5531435608863831,0.10198616981506348,1.1080167293548584,0.04342789202928543,0.0,20270820,17.7060546875,0.8401556611061096,0.451711505651474,0.08538198471069336,0.7192539572715759,0.6463966369628906,0.3382829427719116,1.1168055534362793,0.13022583723068237,0.6000646352767944,2.4104646573638653,3.154651010328035,0.1993110477924347,0.0015730070881545544,0.2636646628379822,0.0712532252073288
dog_03,pg_diffusion,dog,a cat,0.06,100,0.3,7.5,207.5,,0.006,0.5,11556.1,27.244604110717773,0.06000000238418579,0.8845373392105103,0.42483481764793396,0.963603675365448,0.5531435608863831,0.10198616981506348,1.1080167293548584,0.04342789202928543,0.0,20270821,17.784954071044922,0.7271268963813782,0.48166072368621826,0.10344032943248749,0.7379624247550964,0.6440335512161255,0.31758183240890503,0.6454841494560242,0.12904830276966095,0.6351598501205444,2.55642603050478,4.296846691787636,0.21288636326789856,0.014870303682982922,0.288372278213501,0.09136129915714264
dog_03,pg_diffusion,dog,a cat,0.06,100,0.3,7.5,207.5,,0.006,0.5,11556.1,27.244604110717773,0.06000000238418579,0.8845373392105103,0.42483481764793396,0.963603675365448,0.5531435608863831,0.10198616981506348,1.1080167293548584,0.04342789202928543,0.0,20270822,19.00147819519043,0.9265908002853394,0.5119775533676147,0.10991435497999191,0.7574196457862854,0.6274710893630981,0.2689023017883301,0.9705880284309387,0.11218272894620895,0.5393854975700378,2.4019841665870305,3.107357438891208,0.2247878611087799,0.019018488004803658,0.2876802682876587,0.09050329774618149
dog_03,semantic,dog,a cat,0.06,100,0.3,7.5,121.9,0.221923828125,0.006,0.5,8777.4,27.380882263183594,0.06000000238418579,0.8681523203849792,0.40561336278915405,0.9473574757575989,0.5311684608459473,0.14197194576263428,1.100223183631897,0.04275183007121086,0.0,20270803,19.504806518554688,0.7863984704017639,0.5721692442893982,0.11758410185575485,0.7790421843528748,0.5852166414260864,0.2739741802215576,1.5216164588928223,0.10586673021316528,0.4045957028865814,2.339682955079452,3.1954412013783444,0.21136489510536194,0.005668414756655693,0.27410227060317993,0.07677407562732697
dog_03,semantic,dog,a cat,0.06,100,0.3,7.5,121.9,0.221923828125,0.006,0.5,8777.4,27.380882263183594,0.06000000238418579,0.8681523203849792,0.40561336278915405,0.9473574757575989,0.5311684608459473,0.14197194576263428,1.100223183631897,0.04275183007121086,0.0,20270804,18.969987869262695,0.7761026620864868,0.5531411170959473,0.1144692674279213,0.7662484645843506,0.6155344247817993,0.3356126546859741,1.2858660221099854,0.11259017139673233,0.4563941955566406,2.3297518021269807,3.969276857492904,0.20327581465244293,0.04293043911457062,0.2851501703262329,0.08780764043331146
dog_03,semantic,dog,a cat,0.06,100,0.3,7.5,121.9,0.221923828125,0.006,0.5,8777.4,27.380882263183594,0.06000000238418579,0.8681523203849792,0.40561336278915405,0.9473574757575989,0.5311684608459473,0.14197194576263428,1.100223183631897,0.04275183007121086,0.0,20270805,18.771224975585938,0.8068798184394836,0.5362246036529541,0.11230824142694473,0.7580142021179199,0.6028146743774414,0.3153810501098633,1.6225214004516602,0.11519630998373032,0.4583981931209564,3.0665383358350717,2.384273030563778,0.20814675092697144,0.007309347856789827,0.28227901458740234,0.08533202856779099
dog_03,semantic,dog,a cat,0.06,100,0.3,7.5,121.9,0.221923828125,0.006,0.5,8777.4,27.380882263183594,0.06000000238418579,0.8681523203849792,0.40561336278915405,0.9473574757575989,0.5311684608459473,0.14197194576263428,1.100223183631897,0.04275183007121086,0.0,20270806,19.33993148803711,0.8366103172302246,0.5536185503005981,0.1135578379034996,0.7705854177474976,0.5842503309249878,0.28302544355392456,1.636751413345337,0.10789547115564346,0.4372444152832031,2.5136638106008937,4.335913362314146,0.2111041396856308,0.005442306399345398,0.26189303398132324,0.08608537912368774
dog_03,semantic,dog,a cat,0.06,100,0.3,7.5,121.9,0.221923828125,0.006,0.5,8777.4,27.380882263183594,0.06000000238418579,0.8681523203849792,0.40561336278915405,0.9473574757575989,0.5311684608459473,0.14197194576263428,1.100223183631897,0.04275183007121086,0.0,20270807,19.445266723632812,0.8005027770996094,0.5736610293388367,0.12947046756744385,0.7842372059822083,0.5795453786849976,0.2761596441268921,1.114348292350769,0.10659492015838623,0.4326731562614441,2.4420003157960997,3.123824281262118,0.20289172232151031,0.010016882792115211,0.24620339274406433,0.07180876284837723
dog_03,semantic,dog,a cat,0.06,100,0.3,7.5,121.9,0.221923828125,0.006,0.5,8777.4,27.380882263183594,0.06000000238418579,0.8681523203849792,0.40561336278915405,0.9473574757575989,0.5311684608459473,0.14197194576263428,1.100223183631897,0.04275183007121086,0.0,20270808,19.43000602722168,0.7405116558074951,0.5235857963562012,0.10967236757278442,0.7563141584396362,0.5960631370544434,0.3064742684364319,1.6370985507965088,0.10678236931562424,0.4438425898551941,2.694773811775832,3.4658122579094264,0.21810051798820496,-0.010146256536245346,0.2895256280899048,0.08455533534288406
dog_03,semantic,dog,a cat,0.06,100,0.3,7.5,121.9,0.221923828125,0.006,0.5,8777.4,27.380882263183594,0.06000000238418579,0.8681523203849792,0.40561336278915405,0.9473574757575989,0.5311684608459473,0.14197194576263428,1.100223183631897,0.04275183007121086,0.0,20270809,19.199283599853516,0.787304162979126,0.5764761567115784,0.12806636095046997,0.7851503491401672,0.5878483653068542,0.2828746438026428,1.4307150840759277,0.10965682566165924,0.4359843134880066,2.4966780177117722,3.5290598738209646,0.20548735558986664,0.018962852656841278,0.2731643617153168,0.08071646094322205
dog_03,semantic,dog,a cat,0.06,100,0.3,7.5,121.9,0.221923828125,0.006,0.5,8777.4,27.380882263183594,0.06000000238418579,0.8681523203849792,0.40561336278915405,0.9473574757575989,0.5311684608459473,0.14197194576263428,1.100223183631897,0.04275183007121086,0.0,20270810,18.70799446105957,0.830531656742096,0.5360695123672485,0.11111032962799072,0.7560514807701111,0.5924153327941895,0.3192664384841919,1.6030690670013428,0.11603797227144241,0.45041149854660034,2.9288014209015385,3.629041003169314,0.22936883568763733,0.014778083190321922,0.27839910984039307,0.08909681439399719
dog_03,semantic,dog,a cat,0.06,100,0.3,7.5,121.9,0.221923828125,0.006,0.5,8777.4,27.380882263183594,0.06000000238418579,0.8681523203849792,0.40561336278915405,0.9473574757575989,0.5311684608459473,0.14197194576263428,1.100223183631897,0.04275183007121086,0.0,20270811,19.37594223022461,0.8910508155822754,0.5431987643241882,0.11613530665636063,0.7586179971694946,0.591328501701355,0.2599411606788635,1.3249014616012573,0.10744907706975937,0.4554583430290222,2.2510306487827823,3.32553114651023,0.22516193985939026,-0.007921791635453701,0.26963984966278076,0.07584092020988464
dog_03,semantic,dog,a cat,0.06,100,0.3,7.5,121.9,0.221923828125,0.006,0.5,8777.4,27.380882263183594,0.06000000238418579,0.8681523203849792,0.40561336278915405,0.9473574757575989,0.5311684608459473,0.14197194576263428,1.100223183631897,0.04275183007121086,0.0,20270812,19.18131446838379,0.756165087223053,0.5774699449539185,0.12378494441509247,0.7721370458602905,0.5876370668411255,0.2956663966178894,1.3094215393066406,0.10988391935825348,0.4377403259277344,2.5152687562996636,4.064432609943592,0.20945164561271667,0.006994975730776787,0.2735931873321533,0.07194385677576065
dog_03,semantic,dog,a cat,0.06,100,0.3,7.5,121.9,0.221923828125,0.006,0.5,8777.4,27.380882263183594,0.06000000238418579,0.8681523203849792,0.40561336278915405,0.9473574757575989,0.5311684608459473,0.14197194576263428,1.100223183631897,0.04275183007121086,0.0,20270813,18.95924186706543,0.8598108291625977,0.5493239164352417,0.11253393441438675,0.7750722765922546,0.5919582843780518,0.2950514554977417,1.4709253311157227,0.11272954940795898,0.4465726315975189,2.754608364042666,4.091198654490446,0.1993274688720703,0.009311888366937637,0.2790871560573578,0.08669669926166534
dog_03,semantic,dog,a cat,0.06,100,0.3,7.5,121.9,0.221923828125,0.006,0.5,8777.4,27.380882263183594,0.06000000238418579,0.8681523203849792,0.40561336278915405,0.9473574757575989,0.5311684608459473,0.14197194576263428,1.100223183631897,0.04275183007121086,0.0,20270814,19.228256225585938,0.7746738195419312,0.5640718936920166,0.11861494183540344,0.7701923847198486,0.5896932482719421,0.31187236309051514,1.5585260391235352,0.10929164290428162,0.4401512145996094,2.2847361396573334,2.9280450528794577,0.19786375761032104,0.00026470283046364784,0.25875550508499146,0.07054704427719116
dog_03,semantic,dog,a cat,0.06,100,0.3,7.5,121.9,0.221923828125,0.006,0.5,8777.4,27.380882263183594,0.06000000238418579,0.8681523203849792,0.40561336278915405,0.9473574757575989,0.5311684608459473,0.14197194576263428,1.100223183631897,0.04275183007121086,0.0,20270815,19.19573402404785,0.7956693172454834,0.5651509165763855,0.12244217842817307,0.7801124453544617,0.5838799476623535,0.2737657427787781,1.3585224151611328,0.10970164090394974,0.43466949462890625,2.5024897360862894,2.8689561758018827,0.2035801112651825,-0.00362478569149971,0.27896401286125183,0.08083426207304001
dog_03,semantic,dog,a cat,0.06,100,0.3,7.5,121.9,0.221923828125,0.006,0.5,8777.4,27.380882263183594,0.06000000238418579,0.8681523203849792,0.40561336278915405,0.9473574757575989,0.5311684608459473,0.14197194576263428,1.100223183631897,0.04275183007121086,0.0,20270816,19.5275821685791,0.767306923866272,0.5764550566673279,0.1290745586156845,0.7805221676826477,0.5902712345123291,0.28064829111099243,1.2918285131454468,0.10558949410915375,0.4264564514160156,2.442750651643601,2.4669964907044664,0.20011255145072937,-0.0022435439750552177,0.2665986716747284,0.06810157746076584
dog_03,semantic,dog,a cat,0.06,100,0.3,7.5,121.9,0.221923828125,0.006,0.5,8777.4,27.380882263183594,0.06000000238418579,0.8681523203849792,0.40561336278915405,0.9473574757575989,0.5311684608459473,0.14197194576263428,1.100223183631897,0.04275183007121086,0.0,20270817,19.20905876159668,0.7973212599754333,0.5462180376052856,0.1208137571811676,0.7712395787239075,0.5845118761062622,0.27948594093322754,1.5986993312835693,0.10953348129987717,0.4577229917049408,2.4926410592142174,2.9467708882100374,0.2224237322807312,0.024063490331172943,0.27951353788375854,0.09245266020298004
dog_03,semantic,dog,a cat,0.06,100,0.3,7.5,121.9,0.221923828125,0.006,0.5,8777.4,27.380882263183594,0.06000000238418579,0.8681523203849792,0.40561336278915405,0.9473574757575989,0.5311684608459473,0.14197194576263428,1.100223183631897,0.04275183007121086,0.0,20270818,19.767236709594727,0.8096083402633667,0.5833846926689148,0.12930996716022491,0.7872021794319153,0.5828172564506531,0.29996275901794434,1.170355200767517,0.10271597653627396,0.4203593134880066,2.6740434044991166,4.175180752053948,0.19308261573314667,0.015576058998703957,0.2699649930000305,0.08141352981328964
dog_03,semantic,dog,a cat,0.06,100,0.3,7.5,121.9,0.221923828125,0.006,0.5,8777.4,27.380882263183594,0.06000000238418579,0.8681523203849792,0.40561336278915405,0.9473574757575989,0.5311684608459473,0.14197194576263428,1.100223183631897,0.04275183007121086,0.0,20270819,19.31825828552246,0.8132218718528748,0.5787686705589294,0.12947191298007965,0.7836223840713501,0.5641560554504395,0.27646422386169434,1.2375184297561646,0.10816504061222076,0.4196357727050781,2.5052725977676076,3.238677605790392,0.20525623857975006,0.017429381608963013,0.2821967601776123,0.08187183737754822
dog_03,semantic,dog,a cat,0.06,100,0.3,7.5,121.9,0.221923828125,0.006,0.5,8777.4,27.380882263183594,0.06000000238418579,0.8681523203849792,0.40561336278915405,0.9473574757575989,0.5311684608459473,0.14197194576263428,1.100223183631897,0.04275183007121086,0.0,20270820,19.167953491210938,0.7931877374649048,0.5617940425872803,0.1264299601316452,0.7767840623855591,0.5794914960861206,0.2923799753189087,1.4609968662261963,0.11005306988954544,0.4391734004020691,2.4104646573638653,2.7011404991448487,0.1993110477924347,0.0015730070881545544,0.26948750019073486,0.08239387720823288
dog_03,semantic,dog,a cat,0.06,100,0.3,7.5,121.9,0.221923828125,0.006,0.5,8777.4,27.380882263183594,0.06000000238418579,0.8681523203849792,0.40561336278915405,0.9473574757575989,0.5311684608459473,0.14197194576263428,1.100223183631897,0.04275183007121086,0.0,20270821,19.292646408081055,0.8331959247589111,0.5782950520515442,0.12455730140209198,0.7854335904121399,0.5912432670593262,0.2881205081939697,1.2443984746932983,0.10848443955183029,0.43380483984947205,2.55642603050478,3.0943127780045194,0.21288636326789856,0.014870303682982922,0.2578430771827698,0.07355230301618576
dog_03,semantic,dog,a cat,0.06,100,0.3,7.5,121.9,0.221923828125,0.006,0.5,8777.4,27.380882263183594,0.06000000238418579,0.8681523203849792,0.40561336278915405,0.9473574757575989,0.5311684608459473,0.14197194576263428,1.100223183631897,0.04275183007121086,0.0,20270822,19.618284225463867,0.8164371252059937,0.5765702128410339,0.12722164392471313,0.7765229344367981,0.5698572397232056,0.25831955671310425,1.3167067766189575,0.10449262708425522,0.42322415113449097,2.4019841665870305,2.8594471515485176,0.2247878611087799,0.019018488004803658,0.2855656147003174,0.08971806615591049
cat_00,pg_encoder,cat,a dog,0.06,100,0.3,7.5,6.8,,0.006,0.5,8776.5,26.563732147216797,0.06000000238418579,0.9221512675285339,0.4625377953052521,0.9558073282241821,0.39529186487197876,0.09863358736038208,0.861438512802124,0.04696912690997124,0.0,20270803,17.060108184814453,0.7063401937484741,0.3869412839412689,0.12932682037353516,0.6510660648345947,0.5970470905303955,0.3196892738342285,0.05436630919575691,0.1402795910835266,0.6578585505485535,2.6465709446213137,8.51731168519754,0.24160298705101013,0.07194982469081879,0.25649815797805786,0.09500721842050552
cat_00,pg_encoder,cat,a dog,0.06,100,0.3,7.5,6.8,,0.006,0.5,8776.5,26.563732147216797,0.06000000238418579,0.9221512675285339,0.4625377953052521,0.9558073282241821,0.39529186487197876,0.09863358736038208,0.861438512802124,0.04696912690997124,0.0,20270804,16.19438362121582,0.8951727151870728,0.3497611880302429,0.12502257525920868,0.6188524961471558,0.605477511882782,0.34336358308792114,0.05022119730710983,0.1549818217754364,0.699255645275116,2.8794564597171375,7.781102537914973,0.25302016735076904,0.09208071231842041,0.2629040479660034,0.07863488793373108
cat_00,pg_encoder,cat,a dog,0.06,100,0.3,7.5,6.8,,0.006,0.5,8776.5,26.563732147216797,0.06000000238418579,0.9221512675285339,0.4625377953052521,0.9558073282241821,0.39529186487197876,0.09863358736038208,0.861438512802124,0.04696912690997124,0.0,20270805,15.791990280151367,0.8737104535102844,0.34796249866485596,0.12848475575447083,0.640216588973999,0.6233989596366882,0.3179417848587036,0.03485073894262314,0.16233059763908386,0.7153472900390625,3.309098486247824,9.23601651269925,0.24749773740768433,0.07642132043838501,0.2604931890964508,0.09532613307237625
cat_00,pg_encoder,cat,a dog,0.06,100,0.3,7.5,6.8,,0.006,0.5,8776.5,26.563732147216797,0.06000000238418579,0.9221512675285339,0.4625377953052521,0.9558073282241821,0.39529186487197876,0.09863358736038208,0.861438512802124,0.04696912690997124,0.0,20270806,15.818014144897461,0.8432999849319458,0.3235836327075958,0.1111106127500534,0.6245287656784058,0.619797945022583,0.3578816056251526,0.034279823303222656,0.16184498369693756,0.7023811340332031,3.3070610693365543,8.00464464759484,0.25766244530677795,0.08492164313793182,0.27899956703186035,0.09028106927871704
cat_00,pg_encoder,cat,a dog,0.06,100,0.3,7.5,6.8,,0.006,0.5,8776.5,26.563732147216797,0.06000000238418579,0.9221512675285339,0.4625377953052521,0.9558073282241821,0.39529186487197876,0.09863358736038208,0.861438512802124,0.04696912690997124,0.0,20270807,16.413022994995117,0.8543680906295776,0.35956427454948425,0.11500103026628494,0.6473045945167542,0.6113417148590088,0.3561161756515503,0.04804563522338867,0.1511293351650238,0.6906115412712097,3.4220220482626957,6.806277760724211,0.2551756501197815,0.0796206146478653,0.276472806930542,0.10197985917329788
cat_00,pg_encoder,cat,a dog,0.06,100,0.3,7.5,6.8,,0.006,0.5,8776.5,26.563732147216797,0.06000000238418579,0.9221512675285339,0.4625377953052521,0.9558073282241821,0.39529186487197876,0.09863358736038208,0.861438512802124,0.04696912690997124,0.0,20270808,16.96631622314453,0.764673113822937,0.36250609159469604,0.10290058702230453,0.6534799933433533,0.6255289316177368,0.3197338581085205,0.0641285628080368,0.141802579164505,0.6442083120346069,2.7110942087520753,8.34386943735771,0.25678080320358276,0.06897097826004028,0.2586958110332489,0.09090405702590942
cat_00,pg_encoder,cat,a dog,0.06,100,0.3,7.5,6.8,,0.006,0.5,8776.5,26.563732147216797,0.06000000238418579,0.9221512675285339,0.4625377953052521,0.9558073282241821,0.39529186487197876,0.09863358736038208,0.861438512802124,0.04696912690997124,0.0,20270809,16.689048767089844,0.8083994388580322,0.35316693782806396,0.09112007915973663,0.6599298715591431,0.6248059272766113,0.33404141664505005,0.048500508069992065,0.14640216529369354,0.6326179504394531,3.0096667187176487,8.691222646032765,0.2626572549343109,0.08239895105361938,0.26572585105895996,0.09334978461265564
cat_00,pg_encoder,cat,a dog,0.06,100,0.3,7.5,6.8,,0.006,0.5,8776.5,26.563732147216797,0.06000000238418579,0.9221512675285339,0.4625377953052521,0.9558073282241821,0.39529186487197876,0.09863358736038208,0.861438512802124,0.04696912690997124,0.0,20270810,16.810213088989258,0.7577893137931824,0.34460633993148804,0.12090223282575607,0.6252157688140869,0.6026451587677002,0.34704703092575073,0.04015827178955078,0.1443740725517273,0.6839828491210938,3.1237675233127375,8.227979265017863,0.252202570438385,0.07906906306743622,0.2611144483089447,0.08147446811199188
cat_00,pg_encoder,cat,a dog,0.06,100,0.3,7.5,6.8,,0.006,0.5,8776.5,26.563732147216797,0.06000000238418579,0.9221512675285339,0.4625377953052521,0.9558073282241821,0.39529186487197876,0.09863358736038208,0.861438512802124,0.04696912690997124,0.0,20270811,16.78036117553711,0.803443431854248,0.3521139621734619,0.13009974360466003,0.6432793736457825,0.6196198463439941,0.346494197845459,0.02996586449444294,0.14487113058567047,0.6679179072380066,3.111913861296498,8.610470957627076,0.23790878057479858,0.0755070373415947,0.2785504162311554,0.08975956588983536
cat_00,pg_encoder,cat,a dog,0.06,100,0.3,7.5,6.8,,0.006,0.5,8776.5,26.563732147216797,0.06000000238418579,0.9221512675285339,0.4625377953052521,0.9558073282241821,0.39529186487197876,0.09863358736038208,0.861438512802124,0.04696912690997124,0.0,20270812,16.932798385620117,0.9516568779945374,0.36644285917282104,0.11108437925577164,0.6282917261123657,0.5994784832000732,0.32561659812927246,0.08422163128852844,0.14235083758831024,0.6412595510482788,3.1884333414612906,9.887455255427588,0.26181861758232117,0.077845498919487,0.2665025591850281,0.06012704595923424
cat_00,pg_encoder,cat,a dog,0.06,100,0.3,7.5,6.8,,0.006,0.5,8776.5,26.563732147216797,0.06000000238418579,0.9221512675285339,0.4625377953052521,0.9558073282241821,0.39529186487197876,0.09863358736038208,0.861438512802124,0.04696912690997124,0.0,20270813,17.21375274658203,0.8291797041893005,0.3773059546947479,0.10690993070602417,0.643524706363678,0.6032127141952515,0.34488052129745483,0.06386173516511917,0.1378200203180313,0.6141065359115601,3.350185151098112,9.579125471324819,0.26297539472579956,0.07858078926801682,0.21824130415916443,0.04839666932821274
cat_00,pg_encoder,cat,a dog,0.06,100,0.3,7.5,6.8,,0.006,0.5,8776.5,26.563732147216797,0.06000000238418579,0.9221512675285339,0.4625377953052521,0.9558073282241821,0.39529186487197876,0.09863358736038208,0.861438512802124,0.04696912690997124,0.0,20270814,15.774032592773438,0.8200840950012207,0.32135701179504395,0.10364576429128647,0.6287962198257446,0.6288204193115234,0.33621156215667725,0.03707754611968994,0.16266654431819916,0.7210096120834351,3.130993369354083,7.192534151969856,0.25507330894470215,0.07200373709201813,0.26133984327316284,0.08793754875659943
cat_00,pg_encoder,cat,a dog,0.06,100,0.3,7.5,6.8,,0.006,0.5,8776.5,26.563732147216797,0.06000000238418579,0.9221512675285339,0.4625377953052521,0.9558073282241821,0.39529186487197876,0.09863358736038208,0.861438512802124,0.04696912690997124,0.0,20270815,16.853124618530273,0.7594537734985352,0.38464629650115967,0.123966284096241,0.6514906883239746,0.6041160821914673,0.3449731469154358,0.048699211329221725,0.14366258680820465,0.6482137441635132,2.825912162720721,7.9975747828621335,0.24184228479862213,0.07575397193431854,0.26070839166641235,0.09499157220125198
cat_00,pg_encoder,cat,a dog,0.06,100,0.3,7.5,6.8,,0.006,0.5,8776.5,26.563732147216797,0.06000000238418579,0.9221512675285339,0.4625377953052521,0.9558073282241821,0.39529186487197876,0.09863358736038208,0.861438512802124,0.04696912690997124,0.0,20270816,16.904136657714844,0.9009536504745483,0.3778218626976013,0.11450596153736115,0.6678338646888733,0.6121389865875244,0.349267840385437,0.05267529934644699,0.1428213268518448,0.6602630615234375,3.2647227671100336,10.385283638092101,0.2609562277793884,0.0911249965429306,0.25076931715011597,0.08928734064102173
cat_00,pg_encoder,cat,a dog,0.06,100,0.3,7.5,6.8,,0.006,0.5,8776.5,26.563732147216797,0.06000000238418579,0.9221512675285339,0.4625377953052521,0.9558073282241821,0.39529186487197876,0.09863358736038208,0.861438512802124,0.04696912690997124,0.0,20270817,17.0469970703125,0.8316563367843628,0.3875854015350342,0.09881236404180527,0.6796718239784241,0.6140042543411255,0.33666491508483887,0.06325787305831909,0.1404915153980255,0.6116828918457031,2.9913836478842164,9.439575532821182,0.2547175884246826,0.0854654312133789,0.2829146385192871,0.08152194321155548
cat_00,pg_encoder,cat,a dog,0.06,100,0.3,7.5,6.8,,0.006,0.5,8776.5,26.563732147216797,0.06000000238418579,0.9221512675285339,0.4625377953052521,0.9558073282241821,0.39529186487197876,0.09863358736038208,0.861438512802124,0.04696912690997124,0.0,20270818,16.7305965423584,0.7257921099662781,0.3852906823158264,0.12919284403324127,0.6572260856628418,0.6106816530227661,0.3214951753616333,0.03948380798101425,0.14570355415344238,0.6751632690429688,3.34891586038369,8.064153860742227,0.2555924952030182,0.07402686774730682,0.26277345418930054,0.09524697810411453
cat_00,pg_encoder,cat,a dog,0.06,100,0.3,7.5,6.8,,0.006,0.5,8776.5,26.563732147216797,0.06000000238418579,0.9221512675285339,0.4625377953052521,0.9558073282241821,0.39529186487197876,0.09863358736038208,0.861438512802124,0.04696912690997124,0.0,20270819,16.644424438476562,0.9405108690261841,0.3508431315422058,0.09777854382991791,0.6542896032333374,0.6270074844360352,0.30998849868774414,0.05973324179649353,0.1471562534570694,0.6380488276481628,3.0716240146941365,9.982894966545766,0.24482101202011108,0.06213640049099922,0.25270208716392517,0.08984056860208511
cat_00,pg_encoder,cat,a dog,0.06,100,0.3,7.5,6.8,,0.006,0.5,8776.5,26.563732147216797,0.06000000238418579,0.9221512675285339,0.4625377953052521,0.9558073282241821,0.39529186487197876,0.09863358736038208,0.861438512802124,0.04696912690997124,0.0,20270820,16.325580596923828,0.7228032946586609,0.3550768494606018,0.12713514268398285,0.6506018042564392,0.5955362319946289,0.31506431102752686,0.05203363671898842,0.15265846252441406,0.697973906993866,3.288586705039466,6.57817907907233,0.25336331129074097,0.0759051963686943,0.27795079350471497,0.08787421882152557
cat_00,pg_encoder,cat,a dog,0.06,100,0.3,7.5,6.8,,0.006,0.5,8776.5,26.563732147216797,0.06000000238418579,0.9221512675285339,0.4625377953052521,0.9558073282241821,0.39529186487197876,0.09863358736038208,0.861438512802124,0.04696912690997124,0.0,20270821,16.49642562866211,0.782982587814331,0.345015287399292,0.10286860167980194,0.6406620740890503,0.6309990882873535,0.33440619707107544,0.06310449540615082,0.14968512952327728,0.6780306696891785,3.5748746276213255,9.665110996502287,0.23343022167682648,0.0753081887960434,0.2635394334793091,0.09665024280548096
cat_00,pg_encoder,cat,a dog,0.06,100,0.3,7.5,6.8,,0.006,0.5,8776.5,26.563732147216797,0.06000000238418579,0.9221512675285339,0.4625377953052521,0.9558073282241821,0.39529186487197876,0.09863358736038208,0.861438512802124,0.04696912690997124,0.0,20270822,17.21207618713379,0.8453656435012817,0.3686583936214447,0.12157253175973892,0.6490623354911804,0.5781756043434143,0.3154827356338501,0.05818125233054161,0.13784660398960114,0.6331596374511719,2.6198547173134283,7.608764239249614,0.24391628801822662,0.07327865809202194,0.2706223130226135,0.08725804090499878
cat_00,pg_diffusion,cat,a dog,0.06,100,0.3,7.5,196.4,,0.006,0.5,10194.4,26.95579719543457,0.06000000238418579,0.9347068667411804,0.49609890580177307,0.9629920721054077,0.35044193267822266,0.08523213863372803,0.9783015251159668,0.044896144419908524,0.0,20270803,16.39290428161621,0.8578566312789917,0.44450926780700684,0.07488847523927689,0.777354896068573,0.5189889669418335,0.23398029804229736,0.779869556427002,0.1514797806739807,0.6190478205680847,2.6465709446213137,4.334926657751723,0.24160298705101013,0.07194982469081879,0.24580204486846924,0.07838169485330582
cat_00,pg_diffusion,cat,a dog,0.06,100,0.3,7.5,196.4,,0.006,0.5,10194.4,26.95579719543457,0.06000000238418579,0.9347068667411804,0.49609890580177307,0.9629920721054077,0.35044193267822266,0.08523213863372803,0.9783015251159668,0.044896144419908524,0.0,20270804,15.983500480651855,0.822711706161499,0.42035791277885437,0.07577718794345856,0.7692295908927917,0.5065193772315979,0.24656927585601807,0.4744144380092621,0.15879064798355103,0.6800041198730469,2.8794564597171375,3.4433408536752137,0.25302016735076904,0.09208071231842041,0.2674781382083893,0.08043597638607025
cat_00,pg_diffusion,cat,a dog,0.06,100,0.3,7.5,196.4,,0.006,0.5,10194.4,26.95579719543457,0.06000000238418579,0.9347068667411804,0.49609890580177307,0.9629920721054077,0.35044193267822266,0.08523213863372803,0.9783015251159668,0.044896144419908524,0.0,20270805,15.080223083496094,0.9587688446044922,0.42015931010246277,0.0736815333366394,0.7620452642440796,0.5297039747238159,0.2123640775680542,0.7730429768562317,0.17619305849075317,0.6376762390136719,3.309098486247824,5.151939484725769,0.24749773740768433,0.07642132043838501,0.27651113271713257,0.07424154132604599
cat_00,pg_diffusion,cat,a dog,0.06,100,0.3,7.5,196.4,,0.006,0.5,10194.4,26.95579719543457,0.06000000238418579,0.9347068667411804,0.49609890580177307,0.9629920721054077,0.35044193267822266,0.08523213863372803,0.9783015251159668,0.044896144419908524,0.0,20270806,15.555587768554688,0.9352970123291016,0.4098065495491028,0.07157392799854279,0.7547053098678589,0.514007031917572,0.2468099594116211,0.5919357538223267,0.16680940985679626,0.6749954223632812,3.3070610693365543,3.34912995950237,0.25766244530677795,0.08492164313793182,0.24876821041107178,0.08481388539075851
cat_00,pg_diffusion,cat,a dog,0.06,100,0.3,7.5,196.4,,0.006,0.5,10194.4,26.95579719543457,0.06000000238418579,0.9347068667411804,0.49609890580177307,0.9629920721054077,0.35044193267822266,0.08523213863372803,0.9783015251159668,0.044896144419908524,0.0,20270807,16.168010711669922,0.9568959474563599,0.44279515743255615,0.08513037115335464,0.7711743116378784,0.4982556402683258,0.2527618408203125,0.47547420859336853,0.15545310080051422,0.6845105886459351,3.4220220482626957,2.9954273683386767,0.2551756501197815,0.0796206146478653,0.24304378032684326,0.08468032628297806
cat_00,pg_diffusion,cat,a dog,0.06,100,0.3,7.5,196.4,,0.006,0.5,10194.4,26.95579719543457,0.06000000238418579,0.9347068667411804,0.49609890580177307,0.9629920721054077,0.35044193267822266,0.08523213863372803,0.9783015251159668,0.044896144419908524,0.0,20270808,16.6890926361084,0.7335534691810608,0.4543856978416443,0.09287001937627792,0.7826140522956848,0.5075060725212097,0.20280444622039795,0.4534494876861572,0.14640142023563385,0.6654002070426941,2.7110942087520753,2.320446325254446,0.25678080320358276,0.06897097826004028,0.2611875832080841,0.07510857284069061
cat_00,pg_diffusion,cat,a dog,0.06,100,0.3,7.5,196.4,,0.006,0.5,10194.4,26.95579719543457,0.06000000238418579,0.9347068667411804,0.49609890580177307,0.9629920721054077,0.35044193267822266,0.08523213863372803,0.9783015251159668,0.044896144419908524,0.0,20270809,16.256771087646484,0.8416815996170044,0.4245474934577942,0.07144468277692795,0.7544651627540588,0.5228599905967712,0.3036264181137085,0.4861591160297394,0.15387262403964996,0.6732076406478882,3.0096667187176487,2.7398131908796293,0.2626572549343109,0.08239895105361938,0.2572212517261505,0.08215729892253876
cat_00,pg_diffusion,cat,a dog,0.06,100,0.3,7.5,196.4,,0.006,0.5,10194.4,26.95579719543457,0.06000000238418579,0.9347068667411804,0.49609890580177307,0.9629920721054077,0.35044193267822266,0.08523213863372803,0.9783015251159668,0.044896144419908524,0.0,20270810,16.084272384643555,0.8991379141807556,0.4408697485923767,0.07120700925588608,0.7655869722366333,0.5094413161277771,0.19918817281723022,0.7315710186958313,0.15695904195308685,0.6268793940544128,3.1237675233127375,4.504637957615244,0.252202570438385,0.07906906306743622,0.2530571222305298,0.08239331096410751
cat_00,pg_diffusion,cat,a dog,0.06,100,0.3,7.5,196.4,,0.006,0.5,10194.4,26.95579719543457,0.06000000238418579,0.9347068667411804,0.49609890580177307,0.9629920721054077,0.35044193267822266,0.08523213863372803,0.9783015251159668,0.044896144419908524,0.0,20270811,16.040021896362305,0.9635569453239441,0.40238839387893677,0.06690982729196548,0.767269492149353,0.5608434677124023,0.25096285343170166,0.7727704048156738,0.15776072442531586,0.6340154409408569,3.111913861296498,3.637878661410315,0.23790878057479858,0.0755070373415947,0.2769603133201599,0.08453185111284256
cat_00,pg_diffusion,cat,a dog,0.06,100,0.3,7.5,196.4,,0.006,0.5,10194.4,26.95579719543457,0.06000000238418579,0.9347068667411804,0.49609890580177307,0.9629920721054077,0.35044193267822266,0.08523213863372803,0.9783015251159668,0.044896144419908524,0.0,20270812,16.46689224243164,0.8589797616004944,0.44203445315361023,0.07913034409284592,0.7539713978767395,0.49844634532928467,0.23349535465240479,0.5888431072235107,0.1501949429512024,0.6547190546989441,3.1884333414612906,4.065914653200392,0.26181861758232117,0.077845498919487,0.2581077218055725,0.08027669042348862
cat_00,pg_diffusion,cat,a dog,0.06,100,0.3,7.5,196.4,,0.006,0.5,10194.4,26.95579719543457,0.06000000238418579,0.9347068667411804,0.49609890580177307,0.9629920721054077,0.35044193267822266,0.08523213863372803,0.9783015251159668,0.044896144419908524,0.0,20270813,16.527984619140625,0.884070634841919,0.4212805926799774,0.07439210265874863,0.7583156824111938,0.5308343172073364,0.25766247510910034,0.49490755796432495,0.14914226531982422,0.6599540710449219,3.350185151098112,2.936134679897936,0.26297539472579956,0.07858078926801682,0.2611633241176605,0.08326315134763718
cat_00,pg_diffusion,cat,a dog,0.06,100,0.3,7.5,196.4,,0.006,0.5,10194.4,26.95579719543457,0.06000000238418579,0.9347068667411804,0.49609890580177307,0.9629920721054077,0.35044193267822266,0.08523213863372803,0.9783015251159668,0.044896144419908524,0.0,20270814,15.27175521850586,0.9688596725463867,0.4143187701702118,0.07028570771217346,0.7589622139930725,0.5085735321044922,0.2172597050666809,0.6823028326034546,0.17235036194324493,0.6664886474609375,3.130993369354083,3.6980457588580897,0.25507330894470215,0.07200373709201813,0.24441979825496674,0.07710118591785431
cat_00,pg_diffusion,cat,a dog,0.06,100,0.3,7.5,196.4,,0.006,0.5,10194.4,26.95579719543457,0.06000000238418579,0.9347068667411804,0.49609890580177307,0.9629920721054077,0.35044193267822266,0.08523213863372803,0.9783015251159668,0.044896144419908524,0.0,20270815,16.31462287902832,0.8714777231216431,0.45023536682128906,0.08333344012498856,0.7775765061378479,0.511694073677063,0.24449580907821655,0.5850824117660522,0.1528511792421341,0.6527456045150757,2.825912162720721,4.281396482225141,0.24184228479862213,0.07575397193431854,0.26403528451919556,0.07778910547494888
cat_00,pg_diffusion,cat,a dog,0.06,100,0.3,7.5,196.4,,0.006,0.5,10194.4,26.95579719543457,0.06000000238418579,0.9347068667411804,0.49609890580177307,0.9629920721054077,0.35044193267822266,0.08523213863372803,0.9783015251159668,0.044896144419908524,0.0,20270816,15.780389785766602,0.9515360593795776,0.4158588647842407,0.06873265653848648,0.7500722408294678,0.5264362096786499,0.2355273962020874,0.6980987787246704,0.16254758834838867,0.639776885509491,3.2647227671100336,4.277300357658343,0.2609562277793884,0.0911249965429306,0.24995949864387512,0.0794888287782669
cat_00,pg_diffusion,cat,a dog,0.06,100,0.3,7.5,196.4,,0.006,0.5,10194.4,26.95579719543457,0.06000000238418579,0.9347068667411804,0.49609890580177307,0.9629920721054077,0.35044193267822266,0.08523213863372803,0.9783015251159668,0.044896144419908524,0.0,20270817,16.529376983642578,0.8079904317855835,0.44149133563041687,0.07408207654953003,0.759171724319458,0.5213619470596313,0.2647070288658142,0.5430479645729065,0.1491183489561081,0.6469039916992188,2.9913836478842164,3.741800093815604,0.2547175884246826,0.0854654312133789,0.2706370949745178,0.07398350536823273
cat_00,pg_diffusion,cat,a dog,0.06,100,0.3,7.5,196.4,,0.006,0.5,10194.4,26.95579719543457,0.06000000238418579,0.9347068667411804,0.49609890580177307,0.9629920721054077,0.35044193267822266,0.08523213863372803,0.9783015251159668,0.044896144419908524,0.0,20270818,16.625844955444336,0.8180515766143799,0.44836848974227905,0.08617905527353287,0.7830153107643127,0.5023874044418335,0.23520952463150024,0.5178607702255249,0.1474713683128357,0.6526934504508972,3.34891586038369,3.0804470517035636,0.2555924952030182,0.07402686774730682,0.2601144313812256,0.08454103767871857
cat_00,pg_diffusion,cat,a dog,0.06,100,0.3,7.5,196.4,,0.006,0.5,10194.4,26.95579719543457,0.06000000238418579,0.9347068667411804,0.49609890580177307,0.9629920721054077,0.35044193267822266,0.08523213863372803,0.9783015251159668,0.044896144419908524,0.0,20270819,15.841033935546875,0.9552904963493347,0.385354220867157,0.06412304937839508,0.7452619671821594,0.5274528861045837,0.24915748834609985,0.642736554145813,0.16141662001609802,0.656836211681366,3.0716240146941365,4.209654051140999,0.24482101202011108,0.06213640049099922,0.21676886081695557,0.07980844378471375
cat_00,pg_diffusion,cat,a dog,0.06,100,0.3,7.5,196.4,,0.006,0.5,10194.4,26.95579719543457,0.06000000238418579,0.9347068667411804,0.49609890580177307,0.9629920721054077,0.35044193267822266,0.08523213863372803,0.9783015251159668,0.044896144419908524,0.0,20270820,15.950021743774414,0.9297834634780884,0.4353964030742645,0.0850570872426033,0.7733566164970398,0.4784378707408905,0.2194851040840149,0.5220150351524353,0.15940387547016144,0.6736106872558594,3.288586705039466,2.2882695966988766,0.25336331129074097,0.0759051963686943,0.2638339698314667,0.08332833647727966
cat_00,pg_diffusion,cat,a dog,0.06,100,0.3,7.5,196.4,,0.006,0.5,10194.4,26.95579719543457,0.06000000238418579,0.9347068667411804,0.49609890580177307,0.9629920721054077,0.35044193267822266,0.08523213863372803,0.9783015251159668,0.044896144419908524,0.0,20270821,16.261775970458984,0.8670865297317505,0.42127037048339844,0.08047014474868774,0.7668113112449646,0.5150058269500732,0.23425710201263428,0.49537599086761475,0.15378397703170776,0.6709264516830444,3.5748746276213255,3.891903414880035,0.23343022167682648,0.0753081887960434,0.2679215967655182,0.0834788978099823
cat_00,pg_diffusion,cat,a dog,0.06,100,0.3,7.5,196.4,,0.006,0.5,10194.4,26.95579719543457,0.06000000238418579,0.9347068667411804,0.49609890580177307,0.9629920721054077,0.35044193267822266,0.08523213863372803,0.9783015251159668,0.044896144419908524,0.0,20270822,16.74349021911621,0.8144245147705078,0.4723188579082489,0.09361626207828522,0.7820073962211609,0.4791693389415741,0.173636794090271,0.5798126459121704,0.14548739790916443,0.6379649043083191,2.6198547173134283,2.686935562036107,0.24391628801822662,0.07327865809202194,0.25022512674331665,0.08359632641077042
cat_00,semantic,cat,a dog,0.06,100,0.3,7.5,119.8,0.029296875,0.006,0.5,8776.6,27.059650421142578,0.06000000238418579,0.924643874168396,0.47568565607070923,0.9567254781723022,0.3349347412586212,0.13498473167419434,0.9640789031982422,0.04436253383755684,0.0,20270803,16.45323944091797,0.9071632623672485,0.47909843921661377,0.08280585706233978,0.7888525128364563,0.46301212906837463,0.1895192265510559,1.014532446861267,0.15043120086193085,0.5597953796386719,2.6465709446213137,2.917409739041172,0.24160298705101013,0.07194982469081879,0.2490478754043579,0.06261646747589111
cat_00,semantic,cat,a dog,0.06,100,0.3,7.5,119.8,0.029296875,0.006,0.5,8776.6,27.059650421142578,0.06000000238418579,0.924643874168396,0.47568565607070923,0.9567254781723022,0.3349347412586212,0.13498473167419434,0.9640789031982422,0.04436253383755684,0.0,20270804,15.629343032836914,0.9881763458251953,0.44333767890930176,0.07145010679960251,0.7709119319915771,0.4508039653301239,0.20882368087768555,1.0076733827590942,0.1653989553451538,0.5955518484115601,2.8794564597171375,3.5188739181119875,0.25302016735076904,0.09208071231842041,0.24807098507881165,0.06590264290571213
cat_00,semantic,cat,a dog,0.06,100,0.3,7.5,119.8,0.029296875,0.006,0.5,8776.6,27.059650421142578,0.06000000238418579,0.924643874168396,0.47568565607070923,0.9567254781723022,0.3349347412586212,0.13498473167419434,0.9640789031982422,0.04436253383755684,0.0,20270805,15.760708808898926,0.9655378460884094,0.4876324534416199,0.08630198985338211,0.7828882932662964,0.45142993330955505,0.17793941497802734,0.7588006854057312,0.16291627287864685,0.5779444575309753,3.309098486247824,2.966292201742345,0.24749773740768433,0.07642132043838501,0.2420990765094757,0.046207766979932785
cat_00,semantic,cat,a dog,0.06,100,0.3,7.5,119.8,0.029296875,0.006,0.5,8776.6,27.059650421142578,0.06000000238418579,0.924643874168396,0.47568565607070923,0.9567254781723022,0.3349347412586212,0.13498473167419434,0.9640789031982422,0.04436253383755684,0.0,20270806,15.481910705566406,1.0,0.4333788752555847,0.0740995779633522,0.7708044648170471,0.45601287484169006,0.2375584840774536,0.9536108374595642,0.16823036968708038,0.601141631603241,3.3070610693365543,2.6797048716523,0.25766244530677795,0.08492164313793182,0.2593059837818146,0.06648239493370056
cat_00,semantic,cat,a dog,0.06,100,0.3,7.5,119.8,0.029296875,0.006,0.5,8776.6,27.059650421142578,0.06000000238418579,0.924643874168396,0.47568565607070923,0.9567254781723022,0.3349347412586212,0.13498473167419434,0.9640789031982422,0.04436253383755684,0.0,20270807,15.575823783874512,1.0,0.448696494102478,0.07604700326919556,0.7835622429847717,0.4798758924007416,0.22828799486160278,1.067192792892456,0.16642124950885773,0.5958671569824219,3.4220220482626957,4.05974980833311,0.2551756501197815,0.0796206146478653,0.24746140837669373,0.06749188154935837
cat_00,semantic,cat,a dog,0.06,100,0.3,7.5,119.8,0.029296875,0.006,0.5,8776.6,27.059650421142578,0.06000000238418579,0.924643874168396,0.47568565607070923,0.9567254781723022,0.3349347412586212,0.13498473167419434,0.9640789031982422,0.04436253383755684,0.0,20270808,16.365646362304688,0.9525265693664551,0.4683018922805786,0.0800916776061058,0.7845638394355774,0.4686662256717682,0.2329753041267395,1.0063334703445435,0.15195591747760773,0.5681190490722656,2.7110942087520753,3.0068475245525033,0.25678080320358276,0.06897097826004028,0.22680732607841492,0.057092905044555664
cat_00,semantic,cat,a dog,0.06,100,0.3,7.5,119.8,0.029296875,0.006,0.5,8776.6,27.059650421142578,0.06000000238418579,0.924643874168396,0.47568565607070923,0.9567254781723022,0.3349347412586212,0.13498473167419434,0.9640789031982422,0.04436253383755684,0.0,20270809,16.01130485534668,0.9976226687431335,0.43317151069641113,0.06939531862735748,0.7681816816329956,0.48734378814697266,0.24625802040100098,1.0252708196640015,0.15828315913677216,0.588446319103241,3.0096667187176487,3.14869816493012,0.2626572549343109,0.08239895105361938,0.23265087604522705,0.06765265017747879
cat_00,semantic,cat,a dog,0.06,100,0.3,7.5,119.8,0.029296875,0.006,0.5,8776.6,27.059650421142578,0.06000000238418579,0.924643874168396,0.47568565607070923,0.9567254781723022,0.3349347412586212,0.13498473167419434,0.9640789031982422,0.04436253383755684,0.0,20270810,16.280153274536133,0.8558505773544312,0.45895346999168396,0.07566503435373306,0.768338680267334,0.4672113060951233,0.21932637691497803,0.9041776657104492,0.15345896780490875,0.5876757502555847,3.1237675233127375,2.9705223060080175,0.252202570438385,0.07906906306743622,0.23371805250644684,0.04974013566970825
cat_00,semantic,cat,a dog,0.06,100,0.3,7.5,119.8,0.029296875,0.006,0.5,8776.6,27.059650421142578,0.06000000238418579,0.924643874168396,0.47568565607070923,0.9567254781723022,0.3349347412586212,0.13498473167419434,0.9640789031982422,0.04436253383755684,0.0,20270811,16.504552841186523,0.9791377186775208,0.4663114547729492,0.08032268285751343,0.7806631326675415,0.4692774713039398,0.20967918634414673,0.919272780418396,0.14954514801502228,0.5600128173828125,3.111913861296498,2.7042815547966095,0.23790878057479858,0.0755070373415947,0.22773030400276184,0.09051522612571716
cat_00,semantic,cat,a dog,0.06,100,0.3,7.5,119.8,0.029296875,0.006,0.5,8776.6,27.059650421142578,0.06000000238418579,0.924643874168396,0.47568565607070923,0.9567254781723022,0.3349347412586212,0.13498473167419434,0.9640789031982422,0.04436253383755684,0.0,20270812,16.447660446166992,0.9138370752334595,0.47441738843917847,0.08109709620475769,0.7667509317398071,0.4706462025642395,0.20959818363189697,0.9193708896636963,0.15052787959575653,0.5918807983398438,3.1884333414612906,3.852847186942816,0.26181861758232117,0.077845498919487,0.20108634233474731,0.0619216114282608
cat_00,semantic,cat,a dog,0.06,100,0.3,7.5,119.8,0.029296875,0.006,0.5,8776.6,27.059650421142578,0.06000000238418579,0.924643874168396,0.47568565607070923,0.9567254781723022,0.3349347412586212,0.13498473167419434,0.9640789031982422,0.04436253383755684,0.0,20270813,16.506956100463867,0.945160984992981,0.45476722717285156,0.07769130170345306,0.7746771574020386,0.4706568121910095,0.20919936895370483,1.0005391836166382,0.14950378239154816,0.5758005976676941,3.350185151098112,2.9080923475222766,0.26297539472579956,0.07858078926801682,0.27671122550964355,0.07115150988101959
cat_00,semantic,cat,a dog,0.06,100,0.3,7.5,119.8,0.029296875,0.006,0.5,8776.6,27.059650421142578,0.06000000238418579,0.924643874168396,0.47568565607070923,0.9567254781723022,0.3349347412586212,0.13498473167419434,0.9640789031982422,0.04436253383755684,0.0,20270814,15.712835311889648,0.9245831966400146,0.4578871428966522,0.08396770805120468,0.7904559373855591,0.451449453830719,0.1755136251449585,0.7256573438644409,0.16381670534610748,0.5930417776107788,3.130993369354083,2.71575292367465,0.25507330894470215,0.07200373709201813,0.24241802096366882,0.06587761640548706
cat_00,semantic,cat,a dog,0.06,100,0.3,7.5,119.8,0.029296875,0.006,0.5,8776.6,27.059650421142578,0.06000000238418579,0.924643874168396,0.47568565607070923,0.9567254781723022,0.3349347412586212,0.13498473167419434,0.9640789031982422,0.04436253383755684,0.0,20270815,16.40477752685547,0.9235302209854126,0.49058398604393005,0.08511614054441452,0.7954395413398743,0.4661518931388855,0.19524657726287842,0.9179425239562988,0.15127287805080414,0.5537351369857788,2.825912162720721,3.689109515759501,0.24184228479862213,0.07575397193431854,0.24034859240055084,0.07272279262542725
cat_00,semantic,cat,a dog,0.06,100,0.3,7.5,119.8,0.029296875,0.006,0.5,8776.6,27.059650421142578,0.06000000238418579,0.924643874168396,0.47568565607070923,0.9567254781723022,0.3349347412586212,0.13498473167419434,0.9640789031982422,0.04436253383755684,0.0,20270816,16.29253387451172,0.9873191118240356,0.44776487350463867,0.07429439574480057,0.7705492377281189,0.47153326869010925,0.21802127361297607,1.0170888900756836,0.1532403826713562,0.5755653381347656,3.2647227671100336,3.53215522973811,0.2609562277793884,0.0911249965429306,0.278545618057251,0.07137192785739899
cat_00,semantic,cat,a dog,0.06,100,0.3,7.5,119.8,0.029296875,0.006,0.5,8776.6,27.059650421142578,0.06000000238418579,0.924643874168396,0.47568565607070923,0.9567254781723022,0.3349347412586212,0.13498473167419434,0.9640789031982422,0.04436253383755684,0.0,20270817,16.376646041870117,0.9050201177597046,0.4531424045562744,0.07578049600124359,0.7641471028327942,0.4812415838241577,0.21893346309661865,0.8569579720497131,0.15176361799240112,0.5815607905387878,2.9913836478842164,3.410461785464891,0.2547175884246826,0.0854654312133789,0.26343992352485657,0.07393024861812592
cat_00,semantic,cat,a dog,0.06,100,0.3,7.5,119.8,0.029296875,0.006,0.5,8776.6,27.059650421142578,0.06000000238418579,0.924643874168396,0.47568565607070923,0.9567254781723022,0.3349347412586212,0.13498473167419434,0.9640789031982422,0.04436253383755684,0.0,20270818,16.051876068115234,0.9599100947380066,0.4620072841644287,0.0828520655632019,0.7910574078559875,0.4382864832878113,0.20033353567123413,1.1976121664047241,0.1575455367565155,0.5741819143295288,3.34891586038369,4.335697588076135,0.2555924952030182,0.07402686774730682,0.2424846589565277,0.0732613205909729
cat_00,semantic,cat,a dog,0.06,100,0.3,7.5,119.8,0.029296875,0.006,0.5,8776.6,27.059650421142578,0.06000000238418579,0.924643874168396,0.47568565607070923,0.9567254781723022,0.3349347412586212,0.13498473167419434,0.9640789031982422,0.04436253383755684,0.0,20270819,16.18899154663086,0.9434198141098022,0.44149255752563477,0.07388786226511002,0.7717097401618958,0.4696424603462219,0.24740159511566162,0.9448111653327942,0.15507805347442627,0.5901870727539062,3.0716240146941365,3.032786166692862,0.24482101202011108,0.06213640049099922,0.2251894772052765,0.05520974472165108
cat_00,semantic,cat,a dog,0.06,100,0.3,7.5,119.8,0.029296875,0.006,0.5,8776.6,27.059650421142578,0.06000000238418579,0.924643874168396,0.47568565607070923,0.9567254781723022,0.3349347412586212,0.13498473167419434,0.9640789031982422,0.04436253383755684,0.0,20270820,15.770487785339355,0.86789870262146,0.46509814262390137,0.08173173666000366,0.7878023982048035,0.44309067726135254,0.19743221998214722,0.8770973682403564,0.16273295879364014,0.5815010070800781,3.288586705039466,3.5870603471391806,0.25336331129074097,0.0759051963686943,0.22167769074440002,0.05036257207393646
cat_00,semantic,cat,a dog,0.06,100,0.3,7.5,119.8,0.029296875,0.006,0.5,8776.6,27.059650421142578,0.06000000238418579,0.924643874168396,0.47568565607070923,0.9567254781723022,0.3349347412586212,0.13498473167419434,0.9640789031982422,0.04436253383755684,0.0,20270821,16.37076187133789,0.9049485921859741,0.4699721336364746,0.08277834206819534,0.7814980149269104,0.4655548334121704,0.23233413696289062,0.9252833127975464,0.15186643600463867,0.586432158946991,3.5748746276213255,3.201042677897675,0.23343022167682648,0.0753081887960434,0.22692003846168518,0.03630384802818298
cat_00,semantic,cat,a dog,0.06,100,0.3,7.5,119.8,0.029296875,0.006,0.5,8776.6,27.059650421142578,0.06000000238418579,0.924643874168396,0.47568565607070923,0.9567254781723022,0.3349347412586212,0.13498473167419434,0.9640789031982422,0.04436253383755684,0.0,20270822,15.99185848236084,0.9380522966384888,0.4394899606704712,0.0716664269566536,0.7676868438720703,0.49488505721092224,0.21717286109924316,1.1865366697311401,0.1586379110813141,0.5985997915267944,2.6198547173134283,3.0212234593732603,0.24391628801822662,0.07327865809202194,0.22972038388252258,0.05716864392161369
cat_01,pg_encoder,cat,a dog,0.06,100,0.3,7.5,6.6,,0.006,0.5,8776.8,27.15475082397461,0.06000000238418579,0.8607943058013916,0.37240901589393616,0.9546390175819397,0.6092244386672974,0.12838172912597656,1.1536797285079956,0.04387947916984558,0.0,20270803,16.956018447875977,0.6817171573638916,0.554979145526886,0.29650625586509705,0.7128439545631409,0.6842719316482544,0.36781466007232666,0.10448084771633148,0.14197079837322235,0.7461077570915222,4.785914483218235,10.738162418120801,0.22838124632835388,0.07001379877328873,0.2832534611225128,0.0940091609954834
cat_01,pg_encoder,cat,a dog,0.06,100,0.3,7.5,6.6,,0.006,0.5,8776.8,27.15475082397461,0.06000000238418579,0.8607943058013916,0.37240901589393616,0.9546390175819397,0.6092244386672974,0.12838172912597656,1.1536797285079956,0.04387947916984558,0.0,20270804,17.26287078857422,0.6115134954452515,0.5754088163375854,0.3509560227394104,0.726862907409668,0.6675373315811157,0.36902183294296265,0.10644172877073288,0.1370428502559662,0.7581583857536316,4.159080138079798,10.73305081408194,0.21690647304058075,0.04596385732293129,0.2676047384738922,0.07998673617839813
cat_01,pg_encoder,cat,a dog,0.06,100,0.3,7.5,6.6,,0.006,0.5,8776.8,27.15475082397461,0.06000000238418579,0.8607943058013916,0.37240901589393616,0.9546390175819397,0.6092244386672974,0.12838172912597656,1.1536797285079956,0.04387947916984558,0.0,20270805,17.314865112304688,0.7794983386993408,0.5836838483810425,0.33903273940086365,0.731103241443634,0.6891621351242065,0.3852084279060364,0.09199165552854538,0.13622495532035828,0.7498728632926941,5.1934185966598045,11.31424191385792,0.24599206447601318,0.06852386891841888,0.2779691219329834,0.07571926712989807
cat_01,pg_encoder,cat,a dog,0.06,100,0.3,7.5,6.6,,0.006,0.5,8776.8,27.15475082397461,0.06000000238418579,0.8607943058013916,0.37240901589393616,0.9546390175819397,0.6092244386672974,0.12838172912597656,1.1536797285079956,0.04387947916984558,0.0,20270806,17.13729476928711,0.6802981495857239,0.5510492324829102,0.3275754749774933,0.6999093294143677,0.6640567183494568,0.383280873298645,0.08882459998130798,0.13903853297233582,0.7631976008415222,4.5460915362303,12.82763510456054,0.21701838076114655,0.04617831110954285,0.24995477497577667,0.054074034094810486
cat_01,pg_encoder,cat,a dog,0.06,100,0.3,7.5,6.6,,0.006,0.5,8776.8,27.15475082397461,0.06000000238418579,0.8607943058013916,0.37240901589393616,0.9546390175819397,0.6092244386672974,0.12838172912597656,1.1536797285079956,0.04387947916984558,0.0,20270807,17.18918228149414,0.8200820684432983,0.5864880084991455,0.38541653752326965,0.7339893579483032,0.6453372240066528,0.3788294792175293,0.09891045093536377,0.13821041584014893,0.7575353384017944,4.216302550085437,11.058350690694722,0.22380225360393524,0.03944074735045433,0.24396653473377228,0.06117754802107811
cat_01,pg_encoder,cat,a dog,0.06,100,0.3,7.5,6.6,,0.006,0.5,8776.8,27.15475082397461,0.06000000238418579,0.8607943058013916,0.37240901589393616,0.9546390175819397,0.6092244386672974,0.12838172912597656,1.1536797285079956,0.04387947916984558,0.0,20270808,17.72252655029297,0.7629226446151733,0.573765218257904,0.31294822692871094,0.7287911176681519,0.6569281220436096,0.36382782459259033,0.1200852319598198,0.12997910380363464,0.7140350341796875,4.958551833597782,11.569956670288647,0.22179511189460754,0.04781951755285263,0.23603768646717072,0.07814376056194305
cat_01,pg_encoder,cat,a dog,0.06,100,0.3,7.5,6.6,,0.006,0.5,8776.8,27.15475082397461,0.06000000238418579,0.8607943058013916,0.37240901589393616,0.9546390175819397,0.6092244386672974,0.12838172912597656,1.1536797285079956,0.04387947916984558,0.0,20270809,17.325645446777344,0.6751546859741211,0.568203866481781,0.3672037124633789,0.7183502316474915,0.6758506298065186,0.40162044763565063,0.07064250111579895,0.13605599105358124,0.7457987666130066,4.90522385248319,11.065767198205469,0.21781711280345917,0.04496559500694275,0.2532351613044739,0.09137515723705292
cat_01,pg_encoder,cat,a dog,0.06,100,0.3,7.5,6.6,,0.006,0.5,8776.8,27.15475082397461,0.06000000238418579,0.8607943058013916,0.37240901589393616,0.9546390175819397,0.6092244386672974,0.12838172912597656,1.1536797285079956,0.04387947916984558,0.0,20270810,18.3865909576416,0.6930588483810425,0.5705336332321167,0.2778923809528351,0.7322429418563843,0.6350674033164978,0.3650127649307251,0.13328933715820312,0.12041214853525162,0.6397730708122253,4.705109355444336,13.048498714507005,0.22820362448692322,0.05216771736741066,0.24505817890167236,0.08012467622756958
cat_01,pg_encoder,cat,a dog,0.06,100,0.3,7.5,6.6,,0.006,0.5,8776.8,27.15475082397461,0.06000000238418579,0.8607943058013916,0.37240901589393616,0.9546390175819397,0.6092244386672974,0.12838172912597656,1.1536797285079956,0.04387947916984558,0.0,20270811,17.052780151367188,0.606708288192749,0.5597426295280457,0.33060845732688904,0.7178707122802734,0.6606734991073608,0.3795135021209717,0.08500060439109802,0.14039801061153412,0.7645136713981628,4.424763293451433,12.07709314759956,0.2328576147556305,0.05293697863817215,0.23732876777648926,0.09281469881534576
cat_01,pg_encoder,cat,a dog,0.06,100,0.3,7.5,6.6,,0.006,0.5,8776.8,27.15475082397461,0.06000000238418579,0.8607943058013916,0.37240901589393616,0.9546390175819397,0.6092244386672974,0.12838172912597656,1.1536797285079956,0.04387947916984558,0.0,20270812,17.035539627075195,0.7284907102584839,0.5650765299797058,0.3791519105434418,0.7194158434867859,0.6517789363861084,0.3745102882385254,0.10020476579666138,0.14067694544792175,0.7586771845817566,4.4843009006829835,10.478107190644957,0.2215365767478943,0.04728463292121887,0.2543100118637085,0.06819093227386475
cat_01,pg_encoder,cat,a dog,0.06,100,0.3,7.5,6.6,,0.006,0.5,8776.8,27.15475082397461,0.06000000238418579,0.8607943058013916,0.37240901589393616,0.9546390175819397,0.6092244386672974,0.12838172912597656,1.1536797285079956,0.04387947916984558,0.0,20270813,17.723384857177734,0.7490363121032715,0.557831883430481,0.2542070150375366,0.72233647108078,0.692002534866333,0.3788168430328369,0.1316906213760376,0.12996630370616913,0.6907196044921875,4.484689529134344,11.820450186846545,0.2290906310081482,0.04871577024459839,0.2604284882545471,0.06067008897662163
cat_01,pg_encoder,cat,a dog,0.06,100,0.3,7.5,6.6,,0.006,0.5,8776.8,27.15475082397461,0.06000000238418579,0.8607943058013916,0.37240901589393616,0.9546390175819397,0.6092244386672974,0.12838172912597656,1.1536797285079956,0.04387947916984558,0.0,20270814,17.441265106201172,0.6384141445159912,0.5632096529006958,0.32893845438957214,0.7060681581497192,0.6652847528457642,0.40827202796936035,0.07359540462493896,0.13425689935684204,0.7307332754135132,4.931527316252783,11.573220410034711,0.22352522611618042,0.043323416262865067,0.2308935821056366,0.02879377454519272
cat_01,pg_encoder,cat,a dog,0.06,100,0.3,7.5,6.6,,0.006,0.5,8776.8,27.15475082397461,0.06000000238418579,0.8607943058013916,0.37240901589393616,0.9546390175819397,0.6092244386672974,0.12838172912597656,1.1536797285079956,0.04387947916984558,0.0,20270815,17.855846405029297,0.6515772342681885,0.5880255699157715,0.29923346638679504,0.7373378872871399,0.6597809195518494,0.3624194264411926,0.10973990708589554,0.12799930572509766,0.6855646967887878,4.804285853188511,11.257664623942377,0.21800413727760315,0.044265881180763245,0.24705883860588074,0.08434367179870605
cat_01,pg_encoder,cat,a dog,0.06,100,0.3,7.5,6.6,,0.006,0.5,8776.8,27.15475082397461,0.06000000238418579,0.8607943058013916,0.37240901589393616,0.9546390175819397,0.6092244386672974,0.12838172912597656,1.1536797285079956,0.04387947916984558,0.0,20270816,17.70861053466797,0.7071609497070312,0.5943851470947266,0.3276514708995819,0.73918616771698,0.6564145684242249,0.3614150881767273,0.12766842544078827,0.13018754124641418,0.7231470942497253,4.5163007678247595,11.860859772459795,0.22679993510246277,0.046505264937877655,0.27323129773139954,0.050824008882045746
cat_01,pg_encoder,cat,a dog,0.06,100,0.3,7.5,6.6,,0.006,0.5,8776.8,27.15475082397461,0.06000000238418579,0.8607943058013916,0.37240901589393616,0.9546390175819397,0.6092244386672974,0.12838172912597656,1.1536797285079956,0.04387947916984558,0.0,20270817,18.25417709350586,0.6527451276779175,0.6040362119674683,0.3363299071788788,0.7466834187507629,0.6381890773773193,0.35286760330200195,0.11426088213920593,0.12226187437772751,0.690741240978241,5.089880128154974,12.539434728567038,0.22329404950141907,0.048358459025621414,0.23263193666934967,0.08035305142402649
cat_01,pg_encoder,cat,a dog,0.06,100,0.3,7.5,6.6,,0.006,0.5,8776.8,27.15475082397461,0.06000000238418579,0.8607943058013916,0.37240901589393616,0.9546390175819397,0.6092244386672974,0.12838172912597656,1.1536797285079956,0.04387947916984558,0.0,20270818,17.06153678894043,0.7043958902359009,0.5646076202392578,0.3566649556159973,0.713954746723175,0.6616072654724121,0.3809475898742676,0.07127366960048676,0.14025652408599854,0.7637011408805847,4.61184292064809,11.686475678221711,0.2272360920906067,0.04870656505227089,0.26044178009033203,0.07290374487638474
cat_01,pg_encoder,cat,a dog,0.06,100,0.3,7.5,6.6,,0.006,0.5,8776.8,27.15475082397461,0.06000000238418579,0.8607943058013916,0.37240901589393616,0.9546390175819397,0.6092244386672974,0.12838172912597656,1.1536797285079956,0.04387947916984558,0.0,20270819,17.16659164428711,0.740272045135498,0.5530608892440796,0.33830615878105164,0.719111979007721,0.6777393817901611,0.36909568309783936,0.0963752344250679,0.13857033848762512,0.7375132441520691,4.567614914579896,11.332137770395683,0.22301851212978363,0.04691652953624725,0.2140410840511322,0.01657850667834282
cat_01,pg_encoder,cat,a dog,0.06,100,0.3,7.5,6.6,,0.006,0.5,8776.8,27.15475082397461,0.06000000238418579,0.8607943058013916,0.37240901589393616,0.9546390175819397,0.6092244386672974,0.12838172912597656,1.1536797285079956,0.04387947916984558,0.0,20270820,17.76166343688965,0.7430875897407532,0.5764473080635071,0.3065798878669739,0.7343958020210266,0.6600997447967529,0.3578483462333679,0.10122048854827881,0.1293947547674179,0.7011604309082031,4.440432591713489,11.613663294500375,0.23055821657180786,0.051098816096782684,0.2462707757949829,0.09101320803165436
cat_01,pg_encoder,cat,a dog,0.06,100,0.3,7.5,6.6,,0.006,0.5,8776.8,27.15475082397461,0.06000000238418579,0.8607943058013916,0.37240901589393616,0.9546390175819397,0.6092244386672974,0.12838172912597656,1.1536797285079956,0.04387947916984558,0.0,20270821,17.080167770385742,0.7511399984359741,0.5702437162399292,0.3189958930015564,0.7313783168792725,0.660229504108429,0.3519360423088074,0.12875214219093323,0.13995599746704102,0.7449175715446472,4.774548017308535,11.843770350948253,0.2633105218410492,0.05263107270002365,0.273983359336853,0.05993010103702545
cat_01,pg_encoder,cat,a dog,0.06,100,0.3,7.5,6.6,,0.006,0.5,8776.8,27.15475082397461,0.06000000238418579,0.8607943058013916,0.37240901589393616,0.9546390175819397,0.6092244386672974,0.12838172912597656,1.1536797285079956,0.04387947916984558,0.0,20270822,17.58113670349121,0.5774935483932495,0.5700399875640869,0.31204140186309814,0.7157265543937683,0.709040641784668,0.35744208097457886,0.09850495308637619,0.13211223483085632,0.7229970693588257,4.013452926959551,10.908317338425942,0.22448600828647614,0.04608248546719551,0.25209030508995056,0.04980770871043205
cat_01,pg_diffusion,cat,a dog,0.06,100,0.3,7.5,196.2,,0.006,0.5,11556.4,27.198516845703125,0.06000000238418579,0.8676799535751343,0.3747898042201996,0.9598734974861145,0.6001331806182861,0.13546597957611084,1.2832930088043213,0.04365892335772514,0.0,20270803,19.10862159729004,0.7792273759841919,0.6467114090919495,0.19246238470077515,0.8372897505760193,0.6562322378158569,0.28682953119277954,0.9266806244850159,0.110807403922081,0.6011009216308594,4.785914483218235,6.291811085639357,0.22838124632835388,0.07001379877328873,0.27118629217147827,0.08410720527172089
cat_01,pg_diffusion,cat,a dog,0.06,100,0.3,7.5,196.2,,0.006,0.5,11556.4,27.198516845703125,0.06000000238418579,0.8676799535751343,0.3747898042201996,0.9598734974861145,0.6001331806182861,0.13546597957611084,1.2832930088043213,0.04365892335772514,0.0,20270804,18.8801326751709,0.748781144618988,0.628828763961792,0.17789903283119202,0.8180475831031799,0.6591095924377441,0.29403167963027954,1.0145041942596436,0.11376094818115234,0.6294670104980469,4.159080138079798,4.971697785989142,0.21690647304058075,0.04596385732293129,0.2550341486930847,0.08386455476284027
cat_01,pg_diffusion,cat,a dog,0.06,100,0.3,7.5,196.2,,0.006,0.5,11556.4,27.198516845703125,0.06000000238418579,0.8676799535751343,0.3747898042201996,0.9598734974861145,0.6001331806182861,0.13546597957611084,1.2832930088043213,0.04365892335772514,0.0,20270805,18.95952033996582,0.8486237525939941,0.5875148773193359,0.15860985219478607,0.8094526529312134,0.6675366163253784,0.2814924716949463,0.98626708984375,0.11272591352462769,0.5786323547363281,5.1934185966598045,5.730059313484143,0.24599206447601318,0.06852386891841888,0.2502949833869934,0.08896388113498688
cat_01,pg_diffusion,cat,a dog,0.06,100,0.3,7.5,196.2,,0.006,0.5,11556.4,27.198516845703125,0.06000000238418579,0.8676799535751343,0.3747898042201996,0.9598734974861145,0.6001331806182861,0.13546597957611084,1.2832930088043213,0.04365892335772514,0.0,20270806,18.748397827148438,0.7763413786888123,0.5684439539909363,0.1391516476869583,0.7964414954185486,0.6687912940979004,0.28675568103790283,1.5546764135360718,0.11549945920705795,0.5817858576774597,4.5460915362303,6.21026576570303,0.21701838076114655,0.04617831110954285,0.27031275629997253,0.08771933615207672
cat_01,pg_diffusion,cat,a dog,0.06,100,0.3,7.5,196.2,,0.006,0.5,11556.4,27.198516845703125,0.06000000238418579,0.8676799535751343,0.3747898042201996,0.9598734974861145,0.6001331806182861,0.13546597957611084,1.2832930088043213,0.04365892335772514,0.0,20270807,18.64131736755371,0.7444921731948853,0.6322786808013916,0.17027737200260162,0.8324472308158875,0.6442399024963379,0.265966534614563,1.1263318061828613,0.11693216860294342,0.6249288320541382,4.216302550085437,5.715699792703484,0.22380225360393524,0.03944074735045433,0.26224032044410706,0.08330099284648895
cat_01,pg_diffusion,cat,a dog,0.06,100,0.3,7.5,196.2,,0.006,0.5,11556.4,27.198516845703125,0.06000000238418579,0.8676799535751343,0.3747898042201996,0.9598734974861145,0.6001331806182861,0.13546597957611084,1.2832930088043213,0.04365892335772514,0.0,20270808,18.859806060791016,0.7080719470977783,0.6426836252212524,0.1773441731929779,0.8216719031333923,0.671798825263977,0.3271145820617676,1.0999740362167358,0.1140274852514267,0.6247978210449219,4.958551833597782,5.640061700589222,0.22179511189460754,0.04781951755285263,0.2809489071369171,0.08967893570661545
cat_01,pg_diffusion,cat,a dog,0.06,100,0.3,7.5,196.2,,0.006,0.5,11556.4,27.198516845703125,0.06000000238418579,0.8676799535751343,0.3747898042201996,0.9598734974861145,0.6001331806182861,0.13546597957611084,1.2832930088043213,0.04365892335772514,0.0,20270809,18.92702293395996,0.6937024593353271,0.5962328910827637,0.1443765014410019,0.8070456385612488,0.6941947937011719,0.35564422607421875,0.8334519267082214,0.11314847320318222,0.6142820119857788,4.90522385248319,6.001306647294325,0.21781711280345917,0.04496559500694275,0.2757853865623474,0.07529284060001373
cat_01,pg_diffusion,cat,a dog,0.06,100,0.3,7.5,196.2,,0.006,0.5,11556.4,27.198516845703125,0.06000000238418579,0.8676799535751343,0.3747898042201996,0.9598734974861145,0.6001331806182861,0.13546597957611084,1.2832930088043213,0.04365892335772514,0.0,20270810,19.1205997467041,0.7495315074920654,0.6539596319198608,0.19776226580142975,0.8327776789665222,0.6386886835098267,0.2603222131729126,0.9614944458007812,0.11065468192100525,0.6064898371696472,4.705109355444336,6.309945482135324,0.22820362448692322,0.05216771736741066,0.26582109928131104,0.08538876473903656
cat_01,pg_diffusion,cat,a dog,0.06,100,0.3,7.5,196.2,,0.006,0.5,11556.4,27.198516845703125,0.06000000238418579,0.8676799535751343,0.3747898042201996,0.9598734974861145,0.6001331806182861,0.13546597957611084,1.2832930088043213,0.04365892335772514,0.0,20270811,18.60954475402832,0.7286372780799866,0.5981595516204834,0.1684010773897171,0.8106880187988281,0.6555440425872803,0.2632899284362793,1.1756188869476318,0.1173606589436531,0.6141459345817566,4.424763293451433,4.22656322490297,0.2328576147556305,0.05293697863817215,0.2631780207157135,0.08790718019008636
cat_01,pg_diffusion,cat,a dog,0.06,100,0.3,7.5,196.2,,0.006,0.5,11556.4,27.198516845703125,0.06000000238418579,0.8676799535751343,0.3747898042201996,0.9598734974861145,0.6001331806182861,0.13546597957611084,1.2832930088043213,0.04365892335772514,0.0,20270812,18.828397750854492,0.7436696290969849,0.585045337677002,0.14422276616096497,0.802675724029541,0.6829145550727844,0.2750164270401001,1.4602224826812744,0.11444055289030075,0.5948295593261719,4.4843009006829835,6.06975828695747,0.2215365767478943,0.04728463292121887,0.2750772535800934,0.09025247395038605
cat_01,pg_diffusion,cat,a dog,0.06,100,0.3,7.5,196.2,,0.006,0.5,11556.4,27.198516845703125,0.06000000238418579,0.8676799535751343,0.3747898042201996,0.9598734974861145,0.6001331806182861,0.13546597957611084,1.2832930088043213,0.04365892335772514,0.0,20270813,18.84406280517578,0.8011544942855835,0.6008344888687134,0.17109017074108124,0.819710373878479,0.6624249815940857,0.27712613344192505,1.100376844406128,0.1142343282699585,0.5719375610351562,4.484689529134344,5.999526581189721,0.2290906310081482,0.04871577024459839,0.26650792360305786,0.09235292673110962
cat_01,pg_diffusion,cat,a dog,0.06,100,0.3,7.5,196.2,,0.006,0.5,11556.4,27.198516845703125,0.06000000238418579,0.8676799535751343,0.3747898042201996,0.9598734974861145,0.6001331806182861,0.13546597957611084,1.2832930088043213,0.04365892335772514,0.0,20270814,19.268333435058594,0.6893458962440491,0.6258277893066406,0.15858598053455353,0.8175764083862305,0.6763185262680054,0.3146868944168091,1.1989246606826782,0.10878854244947433,0.5765292048454285,4.931527316252783,5.88422279712964,0.22352522611618042,0.043323416262865067,0.2661229372024536,0.03554249182343483
cat_01,pg_diffusion,cat,a dog,0.06,100,0.3,7.5,196.2,,0.006,0.5,11556.4,27.198516845703125,0.06000000238418579,0.8676799535751343,0.3747898042201996,0.9598734974861145,0.6001331806182861,0.13546597957611084,1.2832930088043213,0.04365892335772514,0.0,20270815,18.952606201171875,0.7396824359893799,0.6090564727783203,0.1580904871225357,0.8149611949920654,0.6630661487579346,0.2961142063140869,1.2597389221191406,0.11281568557024002,0.5767034292221069,4.804285853188511,5.499758372706479,0.21800413727760315,0.044265881180763245,0.27014869451522827,0.08364251255989075
cat_01,pg_diffusion,cat,a dog,0.06,100,0.3,7.5,196.2,,0.006,0.5,11556.4,27.198516845703125,0.06000000238418579,0.8676799535751343,0.3747898042201996,0.9598734974861145,0.6001331806182861,0.13546597957611084,1.2832930088043213,0.04365892335772514,0.0,20270816,18.69382667541504,0.8006446361541748,0.6402342319488525,0.17329664528369904,0.8231810331344604,0.6655542850494385,0.2977181673049927,1.0178859233856201,0.1162273958325386,0.6375198364257812,4.5163007678247595,6.145943326808885,0.22679993510246277,0.046505264937877655,0.2698425054550171,0.09331591427326202
cat_01,pg_diffusion,cat,a dog,0.06,100,0.3,7.5,196.2,,0.006,0.5,11556.4,27.198516845703125,0.06000000238418579,0.8676799535751343,0.3747898042201996,0.9598734974861145,0.6001331806182861,0.13546597957611084,1.2832930088043213,0.04365892335772514,0.0,20270817,19.0481014251709,0.7576990127563477,0.6439242959022522,0.19031471014022827,0.8299145698547363,0.6464320421218872,0.27062225341796875,1.0346671342849731,0.11158215999603271,0.6055539846420288,5.089880128154974,5.811089421750063,0.22329404950141907,0.048358459025621414,0.2659076452255249,0.08339366316795349
cat_01,pg_diffusion,cat,a dog,0.06,100,0.3,7.5,196.2,,0.006,0.5,11556.4,27.198516845703125,0.06000000238418579,0.8676799535751343,0.3747898042201996,0.9598734974861145,0.6001331806182861,0.13546597957611084,1.2832930088043213,0.04365892335772514,0.0,20270818,19.1424503326416,0.7175842523574829,0.6209516525268555,0.1628924459218979,0.8131698966026306,0.658575713634491,0.2920323610305786,1.2108346223831177,0.11037668585777283,0.5991414785385132,4.61184292064809,5.374962029942715,0.2272360920906067,0.04870656505227089,0.26963168382644653,0.07898706197738647
cat_01,pg_diffusion,cat,a dog,0.06,100,0.3,7.5,196.2,,0.006,0.5,11556.4,27.198516845703125,0.06000000238418579,0.8676799535751343,0.3747898042201996,0.9598734974861145,0.6001331806182861,0.13546597957611084,1.2832930088043213,0.04365892335772514,0.0,20270819,18.2484073638916,0.8717411160469055,0.6225911974906921,0.16336846351623535,0.8103309869766235,0.6712322235107422,0.30826783180236816,0.9130239486694336,0.12234310805797577,0.6593132019042969,4.567614914579896,7.520942420873342,0.22301851212978363,0.04691652953624725,0.26778191328048706,0.08757273852825165
cat_01,pg_diffusion,cat,a dog,0.06,100,0.3,7.5,196.2,,0.006,0.5,11556.4,27.198516845703125,0.06000000238418579,0.8676799535751343,0.3747898042201996,0.9598734974861145,0.6001331806182861,0.13546597957611084,1.2832930088043213,0.04365892335772514,0.0,20270820,18.56500244140625,0.84073406457901,0.6141581535339355,0.1590324342250824,0.8042834401130676,0.6788730621337891,0.30921471118927,1.2612688541412354,0.11796407401561737,0.6006660461425781,4.440432591713489,5.818563723991035,0.23055821657180786,0.051098816096782684,0.26934921741485596,0.0890263020992279
cat_01,pg_diffusion,cat,a dog,0.06,100,0.3,7.5,196.2,,0.006,0.5,11556.4,27.198516845703125,0.06000000238418579,0.8676799535751343,0.3747898042201996,0.9598734974861145,0.6001331806182861,0.13546597957611084,1.2832930088043213,0.04365892335772514,0.0,20270821,18.792064666748047,0.7811740040779114,0.6623546481132507,0.20098815858364105,0.835562527179718,0.6454397439956665,0.2907099723815918,0.744745671749115,0.11492026597261429,0.6569226980209351,4.774548017308535,5.579717118910193,0.2633105218410492,0.05263107270002365,0.27057138085365295,0.08288466185331345
cat_01,pg_diffusion,cat,a dog,0.06,100,0.3,7.5,196.2,,0.006,0.5,11556.4,27.198516845703125,0.06000000238418579,0.8676799535751343,0.3747898042201996,0.9598734974861145,0.6001331806182861,0.13546597957611084,1.2832930088043213,0.04365892335772514,0.0,20270822,18.87148094177246,0.8872328996658325,0.6272004842758179,0.15911316871643066,0.8202022910118103,0.6696878671646118,0.29153192043304443,1.191461205482483,0.11387433856725693,0.6050211787223816,4.013452926959551,5.544568085949899,0.22448600828647614,0.04608248546719551,0.277062326669693,0.08901509642601013
cat_01,semantic,cat,a dog,0.06,100,0.3,7.5,120.5,0.079833984375,0.006,0.5,8777.6,27.58641815185547,0.06000000238418579,0.8470683097839355,0.36674949526786804,0.9440771341323853,0.5578404664993286,0.17391353845596313,1.3402667045593262,0.04175206273794174,0.0,20270803,20.7275390625,0.8504962921142578,0.6442399024963379,0.16634336113929749,0.8209907412528992,0.5868772268295288,0.25152456760406494,1.836625337600708,0.09196504950523376,0.37713369727134705,4.785914483218235,4.836762132268884,0.22838124632835388,0.07001379877328873,0.23290401697158813,0.07602664083242416
cat_01,semantic,cat,a dog,0.06,100,0.3,7.5,120.5,0.079833984375,0.006,0.5,8777.6,27.58641815185547,0.06000000238418579,0.8470683097839355,0.36674949526786804,0.9440771341323853,0.5578404664993286,0.17391353845596313,1.3402667045593262,0.04175206273794174,0.0,20270804,21.03874397277832,0.6750903725624084,0.6529250144958496,0.16025428473949432,0.8312458395957947,0.5963202118873596,0.26986896991729736,1.897220253944397,0.08872837573289871,0.3561503291130066,4.159080138079798,4.415576775073572,0.21690647304058075,0.04596385732293129,0.2593090236186981,0.06928139925003052
cat_01,semantic,cat,a dog,0.06,100,0.3,7.5,120.5,0.079833984375,0.006,0.5,8777.6,27.58641815185547,0.06000000238418579,0.8470683097839355,0.36674949526786804,0.9440771341323853,0.5578404664993286,0.17391353845596313,1.3402667045593262,0.04175206273794174,0.0,20270805,21.511280059814453,0.9063916802406311,0.6617214679718018,0.1568179726600647,0.8313477635383606,0.6062313914299011,0.2862548828125,1.9293309450149536,0.08403027057647705,0.34217962622642517,5.1934185966598045,4.431503907795345,0.24599206447601318,0.06852386891841888,0.22830769419670105,0.07646403461694717
cat_01,semantic,cat,a dog,0.06,100,0.3,7.5,120.5,0.079833984375,0.006,0.5,8777.6,27.58641815185547,0.06000000238418579,0.8470683097839355,0.36674949526786804,0.9440771341323853,0.5578404664993286,0.17391353845596313,1.3402667045593262,0.04175206273794174,0.0,20270806,21.253002166748047,0.8628829717636108,0.6500601172447205,0.1611320525407791,0.8283835053443909,0.5973631143569946,0.2571534514427185,2.035430908203125,0.08656646311283112,0.35284551978111267,4.5460915362303,4.257591531099967,0.21701838076114655,0.04617831110954285,0.25475454330444336,0.04741038754582405
cat_01,semantic,cat,a dog,0.06,100,0.3,7.5,120.5,0.079833984375,0.006,0.5,8777.6,27.58641815185547,0.06000000238418579,0.8470683097839355,0.36674949526786804,0.9440771341323853,0.5578404664993286,0.17391353845596313,1.3402667045593262,0.04175206273794174,0.0,20270807,21.15884780883789,0.9199150800704956,0.6679948568344116,0.17392300069332123,0.8397263884544373,0.5959050059318542,0.2664010524749756,1.8913494348526,0.08750994503498077,0.35595831274986267,4.216302550085437,4.517055930769587,0.22380225360393524,0.03944074735045433,0.2286154329776764,0.07185029983520508
cat_01,semantic,cat,a dog,0.06,100,0.3,7.5,120.5,0.079833984375,0.006,0.5,8777.6,27.58641815185547,0.06000000238418579,0.8470683097839355,0.36674949526786804,0.9440771341323853,0.5578404664993286,0.17391353845596313,1.3402667045593262,0.04175206273794174,0.0,20270808,21.55721664428711,0.7644876837730408,0.6779858469963074,0.18275341391563416,0.8487072587013245,0.5906084775924683,0.2881961464881897,1.8889882564544678,0.08358702808618546,0.3339195251464844,4.958551833597782,4.575698030111326,0.22179511189460754,0.04781951755285263,0.20662106573581696,0.017932314425706863
cat_01,semantic,cat,a dog,0.06,100,0.3,7.5,120.5,0.079833984375,0.006,0.5,8777.6,27.58641815185547,0.06000000238418579,0.8470683097839355,0.36674949526786804,0.9440771341323853,0.5578404664993286,0.17391353845596313,1.3402667045593262,0.04175206273794174,0.0,20270809,21.330976486206055,0.8184021711349487,0.6479138135910034,0.1648266762495041,0.8386790752410889,0.6061216592788696,0.2742065191268921,1.7066924571990967,0.08579280227422714,0.3488566279411316,4.90522385248319,4.144532022591911,0.21781711280345917,0.04496559500694275,0.2618316411972046,0.08331432193517685
cat_01,semantic,cat,a dog,0.06,100,0.3,7.5,120.5,0.079833984375,0.006,0.5,8777.6,27.58641815185547,0.06000000238418579,0.8470683097839355,0.36674949526786804,0.9440771341323853,0.5578404664993286,0.17391353845596313,1.3402667045593262,0.04175206273794174,0.0,20270810,21.28536605834961,0.8695782423019409,0.6655467748641968,0.173242449760437,0.8386569619178772,0.599991500377655,0.2692258358001709,1.6993860006332397,0.08624448627233505,0.35736083984375,4.705109355444336,4.789458797952688,0.22820362448692322,0.05216771736741066,0.2590239346027374,0.07727233320474625
cat_01,semantic,cat,a dog,0.06,100,0.3,7.5,120.5,0.079833984375,0.006,0.5,8777.6,27.58641815185547,0.06000000238418579,0.8470683097839355,0.36674949526786804,0.9440771341323853,0.5578404664993286,0.17391353845596313,1.3402667045593262,0.04175206273794174,0.0,20270811,21.3127498626709,0.7594969272613525,0.6563551425933838,0.1745343655347824,0.8297218084335327,0.5738813877105713,0.27973687648773193,1.9594777822494507,0.08597303926944733,0.3535258173942566,4.424763293451433,3.9973441976418633,0.2328576147556305,0.05293697863817215,0.2006065547466278,0.020362067967653275
cat_01,semantic,cat,a dog,0.06,100,0.3,7.5,120.5,0.079833984375,0.006,0.5,8777.6,27.58641815185547,0.06000000238418579,0.8470683097839355,0.36674949526786804,0.9440771341323853,0.5578404664993286,0.17391353845596313,1.3402667045593262,0.04175206273794174,0.0,20270812,20.67919158935547,0.7555756568908691,0.6264218688011169,0.14876596629619598,0.8165639042854309,0.604561984539032,0.2668801546096802,2.2336182594299316,0.09247837215662003,0.38851675391197205,4.4843009006829835,4.105851806472046,0.2215365767478943,0.04728463292121887,0.2578832507133484,0.06725895404815674
cat_01,semantic,cat,a dog,0.06,100,0.3,7.5,120.5,0.079833984375,0.006,0.5,8777.6,27.58641815185547,0.06000000238418579,0.8470683097839355,0.36674949526786804,0.9440771341323853,0.5578404664993286,0.17391353845596313,1.3402667045593262,0.04175206273794174,0.0,20270813,20.72096824645996,0.7952547073364258,0.6376458406448364,0.16126124560832977,0.8311593532562256,0.6045461893081665,0.2699589729309082,1.9146606922149658,0.09203463792800903,0.377471923828125,4.484689529134344,4.570627124827334,0.2290906310081482,0.04871577024459839,0.25112712383270264,0.07214787602424622
cat_01,semantic,cat,a dog,0.06,100,0.3,7.5,120.5,0.079833984375,0.006,0.5,8777.6,27.58641815185547,0.06000000238418579,0.8470683097839355,0.36674949526786804,0.9440771341323853,0.5578404664993286,0.17391353845596313,1.3402667045593262,0.04175206273794174,0.0,20270814,21.07437515258789,0.8066223859786987,0.6623876094818115,0.16669076681137085,0.8243963718414307,0.5935332179069519,0.2636820077896118,1.9273046255111694,0.08836513757705688,0.3542289733886719,4.931527316252783,4.209942049111392,0.22352522611618042,0.043323416262865067,0.2575467824935913,0.083523228764534
cat_01,semantic,cat,a dog,0.06,100,0.3,7.5,120.5,0.079833984375,0.006,0.5,8777.6,27.58641815185547,0.06000000238418579,0.8470683097839355,0.36674949526786804,0.9440771341323853,0.5578404664993286,0.17391353845596313,1.3402667045593262,0.04175206273794174,0.0,20270815,21.519176483154297,0.7310699224472046,0.6780916452407837,0.17728662490844727,0.8389585614204407,0.5741599798202515,0.2514913082122803,1.8325066566467285,0.08395390957593918,0.34034857153892517,4.804285853188511,4.122290140655367,0.21800413727760315,0.044265881180763245,0.2468603551387787,0.03714040294289589
cat_01,semantic,cat,a dog,0.06,100,0.3,7.5,120.5,0.079833984375,0.006,0.5,8777.6,27.58641815185547,0.06000000238418579,0.8470683097839355,0.36674949526786804,0.9440771341323853,0.5578404664993286,0.17391353845596313,1.3402667045593262,0.04175206273794174,0.0,20270816,20.89676856994629,0.8174855709075928,0.6596499681472778,0.17527148127555847,0.8352841138839722,0.5920008420944214,0.26760226488113403,1.763152837753296,0.09019061177968979,0.35244879126548767,4.5163007678247595,4.232662737986162,0.22679993510246277,0.046505264937877655,0.25195199251174927,0.08079873025417328
cat_01,semantic,cat,a dog,0.06,100,0.3,7.5,120.5,0.079833984375,0.006,0.5,8777.6,27.58641815185547,0.06000000238418579,0.8470683097839355,0.36674949526786804,0.9440771341323853,0.5578404664993286,0.17391353845596313,1.3402667045593262,0.04175206273794174,0.0,20270817,21.53541374206543,0.7359692454338074,0.6843284368515015,0.18245753645896912,0.8422722816467285,0.5889669060707092,0.27866846323013306,1.6509522199630737,0.08379711210727692,0.33673223853111267,5.089880128154974,4.808967086352223,0.22329404950141907,0.048358459025621414,0.24238210916519165,0.06076761335134506
cat_01,semantic,cat,a dog,0.06,100,0.3,7.5,120.5,0.079833984375,0.006,0.5,8777.6,27.58641815185547,0.06000000238418579,0.8470683097839355,0.36674949526786804,0.9440771341323853,0.5578404664993286,0.17391353845596313,1.3402667045593262,0.04175206273794174,0.0,20270818,21.244808197021484,0.7168720960617065,0.6702598333358765,0.17481862008571625,0.8345112204551697,0.5874757766723633,0.2715895175933838,1.7584996223449707,0.08664816617965698,0.3609606623649597,4.61184292064809,4.719655399761424,0.2272360920906067,0.04870656505227089,0.24880793690681458,0.08110611140727997
cat_01,semantic,cat,a dog,0.06,100,0.3,7.5,120.5,0.079833984375,0.006,0.5,8777.6,27.58641815185547,0.06000000238418579,0.8470683097839355,0.36674949526786804,0.9440771341323853,0.5578404664993286,0.17391353845596313,1.3402667045593262,0.04175206273794174,0.0,20270819,20.27345848083496,0.8783191442489624,0.6305753588676453,0.162458598613739,0.815477728843689,0.6055915951728821,0.27428317070007324,1.9000396728515625,0.09690069407224655,0.4030558466911316,4.567614914579896,4.907975983738846,0.22301851212978363,0.04691652953624725,0.2226742058992386,0.0653696209192276
cat_01,semantic,cat,a dog,0.06,100,0.3,7.5,120.5,0.079833984375,0.006,0.5,8777.6,27.58641815185547,0.06000000238418579,0.8470683097839355,0.36674949526786804,0.9440771341323853,0.5578404664993286,0.17391353845596313,1.3402667045593262,0.04175206273794174,0.0,20270820,20.78019142150879,0.8211157917976379,0.6431006193161011,0.16108596324920654,0.8240824937820435,0.5955654978752136,0.27006208896636963,1.936485767364502,0.09140925854444504,0.3662834167480469,4.440432591713489,3.810014357656968,0.23055821657180786,0.051098816096782684,0.21977509558200836,0.07220551371574402
cat_01,semantic,cat,a dog,0.06,100,0.3,7.5,120.5,0.079833984375,0.006,0.5,8777.6,27.58641815185547,0.06000000238418579,0.8470683097839355,0.36674949526786804,0.9440771341323853,0.5578404664993286,0.17391353845596313,1.3402667045593262,0.04175206273794174,0.0,20270821,20.63455581665039,0.8777283430099487,0.6382676959037781,0.16104981303215027,0.8263020515441895,0.6121171712875366,0.2738233208656311,1.8985445499420166,0.0929548367857933,0.3674405515193939,4.774548017308535,4.9809202911394745,0.2633105218410492,0.05263107270002365,0.2560625374317169,0.07039199769496918
cat_01,semantic,cat,a dog,0.06,100,0.3,7.5,120.5,0.079833984375,0.006,0.5,8777.6,27.58641815185547,0.06000000238418579,0.8470683097839355,0.36674949526786804,0.9440771341323853,0.5578404664993286,0.17391353845596313,1.3402667045593262,0.04175206273794174,0.0,20270822,20.61703872680664,0.7210876941680908,0.6278673410415649,0.1426597535610199,0.808687686920166,0.609196126461029,0.2716502547264099,2.086815357208252,0.09314248710870743,0.3793424069881439,4.013452926959551,4.0915959822889185,0.22448600828647614,0.04608248546719551,0.2538013458251953,0.07003626972436905
cat_02,pg_encoder,cat,a dog,0.06,100,0.3,7.5,6.7,,0.006,0.5,8777.8,27.32369613647461,0.06000000238418579,0.8953706622123718,0.40241336822509766,0.9587922692298889,0.5464878082275391,0.12871360778808594,0.8603309988975525,0.043034233152866364,0.0,20270803,19.822065353393555,0.5120571255683899,0.3969438672065735,0.3078087866306305,0.5831406712532043,0.7757456302642822,0.4390420913696289,0.01908149942755699,0.10206963121891022,0.5867437124252319,6.00336438416587,11.418707433850981,0.2629629373550415,0.08724826574325562,0.2841262221336365,0.10205112397670746
cat_02,pg_encoder,cat,a dog,0.06,100,0.3,7.5,6.7,,0.006,0.5,8777.8,27.32369613647461,0.06000000238418579,0.8953706622123718,0.40241336822509766,0.9587922692298889,0.5464878082275391,0.12871360778808594,0.8603309988975525,0.043034233152866364,0.0,20270804,20.104768753051758,0.5128021240234375,0.40355217456817627,0.5504448413848877,0.5672385096549988,0.7655661702156067,0.4797593355178833,0.021981775760650635,0.09880101680755615,0.5694694519042969,7.0414845529800445,9.998187079725083,0.2667800188064575,0.09509529173374176,0.2536664605140686,0.07108388841152191
cat_02,pg_encoder,cat,a dog,0.06,100,0.3,7.5,6.7,,0.006,0.5,8777.8,27.32369613647461,0.06000000238418579,0.8953706622123718,0.40241336822509766,0.9587922692298889,0.5464878082275391,0.12871360778808594,0.8603309988975525,0.043034233152866364,0.0,20270805,19.91553497314453,0.6524803638458252,0.4215218424797058,0.257708340883255,0.565768301486969,0.7589455842971802,0.4565153121948242,0.018480246886610985,0.10097714513540268,0.5689417719841003,5.476692148271296,10.156610110791753,0.25636762380599976,0.08469995856285095,0.23605503141880035,0.06783241778612137
cat_02,pg_encoder,cat,a dog,0.06,100,0.3,7.5,6.7,,0.006,0.5,8777.8,27.32369613647461,0.06000000238418579,0.8953706622123718,0.40241336822509766,0.9587922692298889,0.5464878082275391,0.12871360778808594,0.8603309988975525,0.043034233152866364,0.0,20270806,20.116073608398438,0.5936142206192017,0.3998100459575653,0.32317861914634705,0.5647965669631958,0.7751599550247192,0.4417892098426819,0.019079865887761116,0.09867250174283981,0.5527598261833191,5.188260592986708,10.69024553697556,0.26127320528030396,0.08872144669294357,0.2730008661746979,0.09098368883132935
cat_02,pg_encoder,cat,a dog,0.06,100,0.3,7.5,6.7,,0.006,0.5,8777.8,27.32369613647461,0.06000000238418579,0.8953706622123718,0.40241336822509766,0.9587922692298889,0.5464878082275391,0.12871360778808594,0.8603309988975525,0.043034233152866364,0.0,20270807,19.435016632080078,0.5869224071502686,0.3945468068122864,0.2847697138786316,0.548429548740387,0.8029770851135254,0.44723236560821533,0.01646611839532852,0.10672078281641006,0.5934295654296875,5.699446017764724,10.074814850274857,0.2667638957500458,0.08623352646827698,0.24712210893630981,0.04525551572442055
cat_02,pg_encoder,cat,a dog,0.06,100,0.3,7.5,6.7,,0.006,0.5,8777.8,27.32369613647461,0.06000000238418579,0.8953706622123718,0.40241336822509766,0.9587922692298889,0.5464878082275391,0.12871360778808594,0.8603309988975525,0.043034233152866364,0.0,20270808,19.9511775970459,0.4865323007106781,0.4084059000015259,0.3331863284111023,0.5606111884117126,0.764613687992096,0.43476229906082153,0.01674298569560051,0.10056363046169281,0.5868543386459351,5.936655968531614,10.894476532563692,0.2567821145057678,0.0894414409995079,0.2765015959739685,0.09934787452220917
cat_02,pg_encoder,cat,a dog,0.06,100,0.3,7.5,6.7,,0.006,0.5,8777.8,27.32369613647461,0.06000000238418579,0.8953706622123718,0.40241336822509766,0.9587922692298889,0.5464878082275391,0.12871360778808594,0.8603309988975525,0.043034233152866364,0.0,20270809,19.850353240966797,0.5380713939666748,0.38551968336105347,0.3801107108592987,0.5389317870140076,0.7750276327133179,0.46736234426498413,0.014775065705180168,0.10173776000738144,0.5648994445800781,5.411169853488147,10.1728106154989,0.2616235315799713,0.091385617852211,0.27432310581207275,0.09219768643379211
cat_02,pg_encoder,cat,a dog,0.06,100,0.3,7.5,6.7,,0.006,0.5,8777.8,27.32369613647461,0.06000000238418579,0.8953706622123718,0.40241336822509766,0.9587922692298889,0.5464878082275391,0.12871360778808594,0.8603309988975525,0.043034233152866364,0.0,20270810,19.745868682861328,0.5552831888198853,0.39604777097702026,0.220515638589859,0.5648053884506226,0.7766035795211792,0.45051145553588867,0.021136922761797905,0.1029689759016037,0.5955111384391785,6.30832054577251,10.744431496278526,0.2580130398273468,0.08554353564977646,0.27802225947380066,0.08861478418111801
cat_02,pg_encoder,cat,a dog,0.06,100,0.3,7.5,6.7,,0.006,0.5,8777.8,27.32369613647461,0.06000000238418579,0.8953706622123718,0.40241336822509766,0.9587922692298889,0.5464878082275391,0.12871360778808594,0.8603309988975525,0.043034233152866364,0.0,20270811,19.964189529418945,0.5061180591583252,0.38841313123703003,0.3603133261203766,0.5533374547958374,0.7674033641815186,0.42512303590774536,0.016176946461200714,0.10041309893131256,0.565741240978241,5.3369722028903634,10.348442555984981,0.24584640562534332,0.0922003835439682,0.27275174856185913,0.1025780513882637
cat_02,pg_encoder,cat,a dog,0.06,100,0.3,7.5,6.7,,0.006,0.5,8777.8,27.32369613647461,0.06000000238418579,0.8953706622123718,0.40241336822509766,0.9587922692298889,0.5464878082275391,0.12871360778808594,0.8603309988975525,0.043034233152866364,0.0,20270812,19.74729347229004,0.4621776044368744,0.373533695936203,0.4798087477684021,0.5379335284233093,0.7762593626976013,0.4444013833999634,0.01184934563934803,0.10295208543539047,0.6069145202636719,5.011860203382997,10.047445551023777,0.24128961563110352,0.09597957134246826,0.2589144706726074,0.07447868585586548
cat_02,pg_encoder,cat,a dog,0.06,100,0.3,7.5,6.7,,0.006,0.5,8777.8,27.32369613647461,0.06000000238418579,0.8953706622123718,0.40241336822509766,0.9587922692298889,0.5464878082275391,0.12871360778808594,0.8603309988975525,0.043034233152866364,0.0,20270813,19.962844848632812,0.5893373489379883,0.41870105266571045,0.3037331998348236,0.5928495526313782,0.7346362471580505,0.3954598903656006,0.028014417737722397,0.10042862594127655,0.5832087397575378,5.41574794372165,11.810003625394106,0.2505238950252533,0.08665631711483002,0.276422917842865,0.09677329659461975
cat_02,pg_encoder,cat,a dog,0.06,100,0.3,7.5,6.7,,0.006,0.5,8777.8,27.32369613647461,0.06000000238418579,0.8953706622123718,0.40241336822509766,0.9587922692298889,0.5464878082275391,0.12871360778808594,0.8603309988975525,0.043034233152866364,0.0,20270814,20.343273162841797,0.6143532991409302,0.4240623414516449,0.39154163002967834,0.5790619850158691,0.7846956849098206,0.4445621967315674,0.016068320721387863,0.09612493962049484,0.553381621837616,4.504645227388947,9.761884674147012,0.26175081729888916,0.09086787700653076,0.2409513145685196,0.08120384067296982
cat_02,pg_encoder,cat,a dog,0.06,100,0.3,7.5,6.7,,0.006,0.5,8777.8,27.32369613647461,0.06000000238418579,0.8953706622123718,0.40241336822509766,0.9587922692298889,0.5464878082275391,0.12871360778808594,0.8603309988975525,0.043034233152866364,0.0,20270815,19.669967651367188,0.5042195320129395,0.4035540521144867,0.25564149022102356,0.5634818077087402,0.7834740281105042,0.43536365032196045,0.017163462936878204,0.10387270152568817,0.5728327631950378,5.966569622894,9.819578584048024,0.2549559772014618,0.09014817327260971,0.2812669277191162,0.09433383494615555
cat_02,pg_encoder,cat,a dog,0.06,100,0.3,7.5,6.7,,0.006,0.5,8777.8,27.32369613647461,0.06000000238418579,0.8953706622123718,0.40241336822509766,0.9587922692298889,0.5464878082275391,0.12871360778808594,0.8603309988975525,0.043034233152866364,0.0,20270816,20.16031265258789,0.5860148668289185,0.41279467940330505,0.30312272906303406,0.5765392780303955,0.7654426693916321,0.4208153486251831,0.029726669192314148,0.09817120432853699,0.5812911987304688,5.605854796034764,10.83651222667785,0.25466296076774597,0.08661185950040817,0.26004138588905334,0.09717711806297302
cat_02,pg_encoder,cat,a dog,0.06,100,0.3,7.5,6.7,,0.006,0.5,8777.8,27.32369613647461,0.06000000238418579,0.8953706622123718,0.40241336822509766,0.9587922692298889,0.5464878082275391,0.12871360778808594,0.8603309988975525,0.043034233152866364,0.0,20270817,20.61703109741211,0.5883818864822388,0.4319075047969818,0.20578919351100922,0.5898768305778503,0.7588626146316528,0.41319483518600464,0.0254686176776886,0.0931425467133522,0.5238723754882812,5.591837144835481,10.612343061415295,0.2522526681423187,0.09450151771306992,0.26911720633506775,0.10083623975515366
cat_02,pg_encoder,cat,a dog,0.06,100,0.3,7.5,6.7,,0.006,0.5,8777.8,27.32369613647461,0.06000000238418579,0.8953706622123718,0.40241336822509766,0.9587922692298889,0.5464878082275391,0.12871360778808594,0.8603309988975525,0.043034233152866364,0.0,20270818,20.06719398498535,0.5077029466629028,0.42654699087142944,0.31301626563072205,0.5586454272270203,0.8122456073760986,0.4502675533294678,0.02090952731668949,0.0992293432354927,0.5649617910385132,5.93408176491151,10.680969599041914,0.276320219039917,0.09603043645620346,0.26241934299468994,0.07539571821689606
cat_02,pg_encoder,cat,a dog,0.06,100,0.3,7.5,6.7,,0.006,0.5,8777.8,27.32369613647461,0.06000000238418579,0.8953706622123718,0.40241336822509766,0.9587922692298889,0.5464878082275391,0.12871360778808594,0.8603309988975525,0.043034233152866364,0.0,20270819,19.969066619873047,0.5214110016822815,0.383686900138855,0.25565212965011597,0.5456835627555847,0.7958059906959534,0.4554389715194702,0.01859748363494873,0.10035670548677444,0.5735143423080444,4.670706400937885,11.274188717368315,0.23832768201828003,0.0805940181016922,0.27230221033096313,0.08255378901958466
cat_02,pg_encoder,cat,a dog,0.06,100,0.3,7.5,6.7,,0.006,0.5,8777.8,27.32369613647461,0.06000000238418579,0.8953706622123718,0.40241336822509766,0.9587922692298889,0.5464878082275391,0.12871360778808594,0.8603309988975525,0.043034233152866364,0.0,20270820,19.97901153564453,0.5086804628372192,0.3719281852245331,0.2785339057445526,0.5394264459609985,0.7956191301345825,0.42784810066223145,0.01937844045460224,0.10024190694093704,0.564184844493866,4.296246652179903,10.670194324702345,0.2611090838909149,0.08685044944286346,0.26457399129867554,0.08460742235183716
cat_02,pg_encoder,cat,a dog,0.06,100,0.3,7.5,6.7,,0.006,0.5,8777.8,27.32369613647461,0.06000000238418579,0.8953706622123718,0.40241336822509766,0.9587922692298889,0.5464878082275391,0.12871360778808594,0.8603309988975525,0.043034233152866364,0.0,20270821,20.208118438720703,0.5522395372390747,0.41090044379234314,0.29223594069480896,0.580005943775177,0.7395124435424805,0.4544520378112793,0.03091556392610073,0.09763239324092865,0.5531260371208191,6.139254865360155,11.993937815968746,0.27026093006134033,0.08952678740024567,0.27676087617874146,0.09463346004486084
cat_02,pg_encoder,cat,a dog,0.06,100,0.3,7.5,6.7,,0.006,0.5,8777.8,27.32369613647461,0.06000000238418579,0.8953706622123718,0.40241336822509766,0.9587922692298889,0.5464878082275391,0.12871360778808594,0.8603309988975525,0.043034233152866364,0.0,20270822,19.560529708862305,0.4956444501876831,0.3916625678539276,0.28729766607284546,0.5658120512962341,0.7981019020080566,0.3975626230239868,0.01681104488670826,0.1051897332072258,0.6095136404037476,5.142297464361117,8.242166651521059,0.26736652851104736,0.09124719351530075,0.25440317392349243,0.09028269350528717
cat_02,pg_diffusion,cat,a dog,0.06,100,0.3,7.5,195.3,,0.006,0.5,11557.4,27.547590255737305,0.06000000238418579,0.9158363342285156,0.44435372948646545,0.968838632106781,0.5029686689376831,0.11580896377563477,1.01224684715271,0.041939109563827515,0.0,20270803,19.82605743408203,0.8633580207824707,0.5179818868637085,0.08995050191879272,0.7660720944404602,0.6110498905181885,0.30959653854370117,0.7701228260993958,0.10202273726463318,0.5274035334587097,6.00336438416587,4.880797307090417,0.2629629373550415,0.08724826574325562,0.27247172594070435,0.0913512334227562
cat_02,pg_diffusion,cat,a dog,0.06,100,0.3,7.5,195.3,,0.006,0.5,11557.4,27.547590255737305,0.06000000238418579,0.9158363342285156,0.44435372948646545,0.968838632106781,0.5029686689376831,0.11580896377563477,1.01224684715271,0.041939109563827515,0.0,20270804,20.08379364013672,0.619357705116272,0.48901206254959106,0.08237829059362411,0.7664973735809326,0.6328451633453369,0.357080340385437,1.1299219131469727,0.09903988242149353,0.5106672048568726,7.0414845529800445,5.069441417634116,0.2667800188064575,0.09509529173374176,0.27449584007263184,0.09239886701107025
cat_02,pg_diffusion,cat,a dog,0.06,100,0.3,7.5,195.3,,0.006,0.5,11557.4,27.547590255737305,0.06000000238418579,0.9158363342285156,0.44435372948646545,0.968838632106781,0.5029686689376831,0.11580896377563477,1.01224684715271,0.041939109563827515,0.0,20270805,19.604236602783203,0.6647557020187378,0.500652551651001,0.08449120819568634,0.7728421688079834,0.63526850938797,0.340962290763855,0.80848228931427,0.1046617329120636,0.5269788503646851,5.476692148271296,4.38882753904751,0.25636762380599976,0.08469995856285095,0.27713286876678467,0.09551369398832321
cat_02,pg_diffusion,cat,a dog,0.06,100,0.3,7.5,195.3,,0.006,0.5,11557.4,27.547590255737305,0.06000000238418579,0.9158363342285156,0.44435372948646545,0.968838632106781,0.5029686689376831,0.11580896377563477,1.01224684715271,0.041939109563827515,0.0,20270806,19.982221603393555,0.8077701330184937,0.4925866723060608,0.07056526839733124,0.7725174427032471,0.6315246820449829,0.3050198554992676,1.0730311870574951,0.10020484775304794,0.5072187185287476,5.188260592986708,5.341725381710706,0.26127320528030396,0.08872144669294357,0.2656285762786865,0.08833622932434082
cat_02,pg_diffusion,cat,a dog,0.06,100,0.3,7.5,195.3,,0.006,0.5,11557.4,27.547590255737305,0.06000000238418579,0.9158363342285156,0.44435372948646545,0.968838632106781,0.5029686689376831,0.11580896377563477,1.01224684715271,0.041939109563827515,0.0,20270807,19.712894439697266,0.7627030611038208,0.5463184118270874,0.0983555018901825,0.7940261363983154,0.6116062998771667,0.29102623462677,0.8731592893600464,0.103360615670681,0.5119578242301941,5.699446017764724,6.078791704541712,0.2667638957500458,0.08623352646827698,0.2814038097858429,0.09004129469394684
cat_02,pg_diffusion,cat,a dog,0.06,100,0.3,7.5,195.3,,0.006,0.5,11557.4,27.547590255737305,0.06000000238418579,0.9158363342285156,0.44435372948646545,0.968838632106781,0.5029686689376831,0.11580896377563477,1.01224684715271,0.041939109563827515,0.0,20270808,20.360382080078125,0.6400101184844971,0.5754063129425049,0.11580410599708557,0.7997152805328369,0.5814490914344788,0.2792607545852661,0.7830005288124084,0.09593581408262253,0.5025622248649597,5.936655968531614,4.291740109259887,0.2567821145057678,0.0894414409995079,0.28130048513412476,0.08977706730365753
cat_02,pg_diffusion,cat,a dog,0.06,100,0.3,7.5,195.3,,0.006,0.5,11557.4,27.547590255737305,0.06000000238418579,0.9158363342285156,0.44435372948646545,0.968838632106781,0.5029686689376831,0.11580896377563477,1.01224684715271,0.041939109563827515,0.0,20270809,20.117780685424805,0.8527766466140747,0.5584386587142944,0.10123725980520248,0.7939075231552124,0.610700786113739,0.34476542472839355,1.066616177558899,0.09865308552980423,0.49600476026535034,5.411169853488147,4.30381576514376,0.2616235315799713,0.091385617852211,0.27314382791519165,0.09494853019714355
cat_02,pg_diffusion,cat,a dog,0.06,100,0.3,7.5,195.3,,0.006,0.5,11557.4,27.547590255737305,0.06000000238418579,0.9158363342285156,0.44435372948646545,0.968838632106781,0.5029686689376831,0.11580896377563477,1.01224684715271,0.041939109563827515,0.0,20270810,20.335365295410156,0.7172825932502747,0.5516098737716675,0.10338276624679565,0.7888128161430359,0.6073420643806458,0.3051879405975342,0.7844125032424927,0.09621252119541168,0.49459585547447205,6.30832054577251,4.100961337731477,0.2580130398273468,0.08554353564977646,0.26354730129241943,0.08332854509353638
cat_02,pg_diffusion,cat,a dog,0.06,100,0.3,7.5,195.3,,0.006,0.5,11557.4,27.547590255737305,0.06000000238418579,0.9158363342285156,0.44435372948646545,0.968838632106781,0.5029686689376831,0.11580896377563477,1.01224684715271,0.041939109563827515,0.0,20270811,19.468793869018555,0.707006573677063,0.48261722922325134,0.0728660300374031,0.762601375579834,0.6408088803291321,0.3441571593284607,1.247912049293518,0.10630657523870468,0.5232785940170288,5.3369722028903634,5.316193101420567,0.24584640562534332,0.0922003835439682,0.2750222086906433,0.09153258055448532
cat_02,pg_diffusion,cat,a dog,0.06,100,0.3,7.5,195.3,,0.006,0.5,11557.4,27.547590255737305,0.06000000238418579,0.9158363342285156,0.44435372948646545,0.968838632106781,0.5029686689376831,0.11580896377563477,1.01224684715271,0.041939109563827515,0.0,20270812,19.84649658203125,0.6204673051834106,0.5311136245727539,0.0988963395357132,0.78216552734375,0.6019872426986694,0.3222057819366455,1.0453459024429321,0.10178293287754059,0.5203565359115601,5.011860203382997,5.166400954777951,0.24128961563110352,0.09597957134246826,0.25886043906211853,0.08912014961242676
cat_02,pg_diffusion,cat,a dog,0.06,100,0.3,7.5,195.3,,0.006,0.5,11557.4,27.547590255737305,0.06000000238418579,0.9158363342285156,0.44435372948646545,0.968838632106781,0.5029686689376831,0.11580896377563477,1.01224684715271,0.041939109563827515,0.0,20270813,19.713958740234375,0.6694747805595398,0.5362142324447632,0.09767705202102661,0.7888521552085876,0.6163821220397949,0.32363080978393555,0.982813835144043,0.10334794223308563,0.5197423696517944,5.41574794372165,5.428659340320582,0.2505238950252533,0.08665631711483002,0.2698715031147003,0.09717173874378204
cat_02,pg_diffusion,cat,a dog,0.06,100,0.3,7.5,195.3,,0.006,0.5,11557.4,27.547590255737305,0.06000000238418579,0.9158363342285156,0.44435372948646545,0.968838632106781,0.5029686689376831,0.11580896377563477,1.01224684715271,0.041939109563827515,0.0,20270814,20.394773483276367,0.7093440294265747,0.5504318475723267,0.0961514413356781,0.7990798354148865,0.6000922322273254,0.257285475730896,1.1370078325271606,0.09555668383836746,0.48495230078697205,4.504645227388947,3.8825245580348713,0.26175081729888916,0.09086787700653076,0.2748134136199951,0.0924219861626625
cat_02,pg_diffusion,cat,a dog,0.06,100,0.3,7.5,195.3,,0.006,0.5,11557.4,27.547590255737305,0.06000000238418579,0.9158363342285156,0.44435372948646545,0.968838632106781,0.5029686689376831,0.11580896377563477,1.01224684715271,0.041939109563827515,0.0,20270815,19.77029037475586,0.630156934261322,0.5396753549575806,0.08889199048280716,0.7917973399162292,0.6079250574111938,0.3065904378890991,1.0704717636108398,0.10267986357212067,0.5191676020622253,5.966569622894,4.546473881570037,0.2549559772014618,0.09014817327260971,0.26565825939178467,0.09197099506855011
cat_02,pg_diffusion,cat,a dog,0.06,100,0.3,7.5,195.3,,0.006,0.5,11557.4,27.547590255737305,0.06000000238418579,0.9158363342285156,0.44435372948646545,0.968838632106781,0.5029686689376831,0.11580896377563477,1.01224684715271,0.041939109563827515,0.0,20270816,19.67149543762207,0.7877098917961121,0.5292972922325134,0.09513051807880402,0.7777643799781799,0.6229206323623657,0.3515664339065552,1.249605655670166,0.10385443270206451,0.5203692317008972,5.605854796034764,3.919644833142323,0.25466296076774597,0.08661185950040817,0.2717638611793518,0.09229022264480591
cat_02,pg_diffusion,cat,a dog,0.06,100,0.3,7.5,195.3,,0.006,0.5,11557.4,27.547590255737305,0.06000000238418579,0.9158363342285156,0.44435372948646545,0.968838632106781,0.5029686689376831,0.11580896377563477,1.01224684715271,0.041939109563827515,0.0,20270817,19.964086532592773,0.6328215599060059,0.5239299535751343,0.0834103599190712,0.7956629395484924,0.598885178565979,0.30410903692245483,1.0816963911056519,0.10041427612304688,0.5143636465072632,5.591837144835481,4.093192743048243,0.2522526681423187,0.09450151771306992,0.2760012745857239,0.078361876308918
cat_02,pg_diffusion,cat,a dog,0.06,100,0.3,7.5,195.3,,0.006,0.5,11557.4,27.547590255737305,0.06000000238418579,0.9158363342285156,0.44435372948646545,0.968838632106781,0.5029686689376831,0.11580896377563477,1.01224684715271,0.041939109563827515,0.0,20270818,20.693225860595703,0.7760469317436218,0.5696980357170105,0.10057587176561356,0.8052785396575928,0.5870088338851929,0.24992609024047852,0.9269276261329651,0.09232907742261887,0.4792836606502533,5.93408176491151,6.589829796346647,0.276320219039917,0.09603043645620346,0.2819945812225342,0.0910307988524437
cat_02,pg_diffusion,cat,a dog,0.06,100,0.3,7.5,195.3,,0.006,0.5,11557.4,27.547590255737305,0.06000000238418579,0.9158363342285156,0.44435372948646545,0.968838632106781,0.5029686689376831,0.11580896377563477,1.01224684715271,0.041939109563827515,0.0,20270819,19.771520614624023,0.763163685798645,0.5230275988578796,0.0906062051653862,0.7884312868118286,0.611080527305603,0.3052178621292114,1.0913692712783813,0.10266533493995667,0.5115610957145691,4.670706400937885,5.437307324021987,0.23832768201828003,0.0805940181016922,0.2536531686782837,0.08714330941438675
cat_02,pg_diffusion,cat,a dog,0.06,100,0.3,7.5,195.3,,0.006,0.5,11557.4,27.547590255737305,0.06000000238418579,0.9158363342285156,0.44435372948646545,0.968838632106781,0.5029686689376831,0.11580896377563477,1.01224684715271,0.041939109563827515,0.0,20270820,19.32703971862793,0.8015468120574951,0.48909199237823486,0.07765054702758789,0.7691444158554077,0.6111512780189514,0.34779202938079834,1.1475216150283813,0.10805574059486389,0.5404574275016785,4.296246652179903,5.11113508113859,0.2611090838909149,0.08685044944286346,0.27098309993743896,0.08532477170228958
cat_02,pg_diffusion,cat,a dog,0.06,100,0.3,7.5,195.3,,0.006,0.5,11557.4,27.547590255737305,0.06000000238418579,0.9158363342285156,0.44435372948646545,0.968838632106781,0.5029686689376831,0.11580896377563477,1.01224684715271,0.041939109563827515,0.0,20270821,19.746702194213867,0.7049716711044312,0.4867940843105316,0.07863596826791763,0.7511328458786011,0.6312059164047241,0.3436097502708435,0.8447410464286804,0.10295910388231277,0.5052846670150757,6.139254865360155,4.43353604924458,0.27026093006134033,0.08952678740024567,0.2846077084541321,0.0905039831995964
cat_02,pg_diffusion,cat,a dog,0.06,100,0.3,7.5,195.3,,0.006,0.5,11557.4,27.547590255737305,0.06000000238418579,0.9158363342285156,0.44435372948646545,0.968838632106781,0.5029686689376831,0.11580896377563477,1.01224684715271,0.041939109563827515,0.0,20270822,19.561222076416016,0.6079363822937012,0.5283828973770142,0.08650019764900208,0.7782301902770996,0.619877815246582,0.3188995122909546,1.0654150247573853,0.10518134385347366,0.5186475515365601,5.142297464361117,4.815908974231925,0.26736652851104736,0.09124719351530075,0.26451289653778076,0.09176451712846756
cat_02,semantic,cat,a dog,0.06,100,0.3,7.5,119.5,0.102294921875,0.006,0.5,8778.6,27.497852325439453,0.06000000238418579,0.8914157152175903,0.4097053110599518,0.9544165134429932,0.48764702677726746,0.21930330991744995,1.2322611808776855,0.04217997193336487,0.0,20270803,20.441749572753906,0.6725718379020691,0.54803466796875,0.10204453766345978,0.7953531742095947,0.5164204835891724,0.2873106598854065,2.5032060146331787,0.09504127502441406,0.4541918635368347,6.00336438416587,3.2596648242096538,0.2629629373550415,0.08724826574325562,0.2474738210439682,0.08644841611385345
cat_02,semantic,cat,a dog,0.06,100,0.3,7.5,119.5,0.102294921875,0.006,0.5,8778.6,27.497852325439453,0.06000000238418579,0.8914157152175903,0.4097053110599518,0.9544165134429932,0.48764702677726746,0.21930330991744995,1.2322611808776855,0.04217997193336487,0.0,20270804,20.751636505126953,0.7473242282867432,0.5099469423294067,0.0906054899096489,0.7674581408500671,0.5590471625328064,0.3085048198699951,2.6803171634674072,0.09171026945114136,0.45227688550949097,7.0414845529800445,3.465761456880376,0.2667800188064575,0.09509529173374176,0.2671161890029907,0.0843934416770935
cat_02,semantic,cat,a dog,0.06,100,0.3,7.5,119.5,0.102294921875,0.006,0.5,8778.6,27.497852325439453,0.06000000238418579,0.8914157152175903,0.4097053110599518,0.9544165134429932,0.48764702677726746,0.21930330991744995,1.2322611808776855,0.04217997193336487,0.0,20270805,20.864280700683594,0.7092243432998657,0.5515381693840027,0.11090753227472305,0.8038284778594971,0.5093261003494263,0.30833470821380615,2.1567678451538086,0.09052857011556625,0.41973623633384705,5.476692148271296,4.442468089452511,0.25636762380599976,0.08469995856285095,0.26987287402153015,0.09105879068374634
cat_02,semantic,cat,a dog,0.06,100,0.3,7.5,119.5,0.102294921875,0.006,0.5,8778.6,27.497852325439453,0.06000000238418579,0.8914157152175903,0.4097053110599518,0.9544165134429932,0.48764702677726746,0.21930330991744995,1.2322611808776855,0.04217997193336487,0.0,20270806,20.601776123046875,0.7312842011451721,0.5366382598876953,0.09583829343318939,0.8035332560539246,0.538029134273529,0.2869924306869507,2.195704221725464,0.09330630302429199,0.4475059509277344,5.188260592986708,3.1849782613219335,0.26127320528030396,0.08872144669294357,0.2676563262939453,0.08690212666988373
cat_02,semantic,cat,a dog,0.06,100,0.3,7.5,119.5,0.102294921875,0.006,0.5,8778.6,27.497852325439453,0.06000000238418579,0.8914157152175903,0.4097053110599518,0.9544165134429932,0.48764702677726746,0.21930330991744995,1.2322611808776855,0.04217997193336487,0.0,20270807,20.845138549804688,0.6734535694122314,0.5722323060035706,0.11134375631809235,0.8158117532730103,0.49525922536849976,0.25371628999710083,1.7755987644195557,0.09072832018136978,0.43200811743736267,5.699446017764724,4.113713740074869,0.2667638957500458,0.08623352646827698,0.2758999466896057,0.08138244599103928
cat_02,semantic,cat,a dog,0.06,100,0.3,7.5,119.5,0.102294921875,0.006,0.5,8778.6,27.497852325439453,0.06000000238418579,0.8914157152175903,0.4097053110599518,0.9544165134429932,0.48764702677726746,0.21930330991744995,1.2322611808776855,0.04217997193336487,0.0,20270808,20.049259185791016,0.6065374612808228,0.5306214690208435,0.0997944101691246,0.7772616744041443,0.5335487127304077,0.3126978874206543,2.3739264011383057,0.09943442046642303,0.47780102491378784,5.936655968531614,3.691330707065941,0.2567821145057678,0.0894414409995079,0.26593130826950073,0.06541785597801208
cat_02,semantic,cat,a dog,0.06,100,0.3,7.5,119.5,0.102294921875,0.006,0.5,8778.6,27.497852325439453,0.06000000238418579,0.8914157152175903,0.4097053110599518,0.9544165134429932,0.48764702677726746,0.21930330991744995,1.2322611808776855,0.04217997193336487,0.0,20270809,20.52671241760254,0.7600229382514954,0.5480722188949585,0.1065174788236618,0.7936731576919556,0.5194657444953918,0.3048173189163208,2.317577362060547,0.09411615878343582,0.45898184180259705,5.411169853488147,4.057727578133292,0.2616235315799713,0.091385617852211,0.26395779848098755,0.08990003168582916
cat_02,semantic,cat,a dog,0.06,100,0.3,7.5,119.5,0.102294921875,0.006,0.5,8778.6,27.497852325439453,0.06000000238418579,0.8914157152175903,0.4097053110599518,0.9544165134429932,0.48764702677726746,0.21930330991744995,1.2322611808776855,0.04217997193336487,0.0,20270810,20.131805419921875,0.7107638120651245,0.541595458984375,0.10369927436113358,0.789832353591919,0.531825065612793,0.2985086441040039,2.836585283279419,0.09849395602941513,0.46573004126548767,6.30832054577251,3.9241543425439405,0.2580130398273468,0.08554353564977646,0.23552489280700684,0.0816904604434967
cat_02,semantic,cat,a dog,0.06,100,0.3,7.5,119.5,0.102294921875,0.006,0.5,8778.6,27.497852325439453,0.06000000238418579,0.8914157152175903,0.4097053110599518,0.9544165134429932,0.48764702677726746,0.21930330991744995,1.2322611808776855,0.04217997193336487,0.0,20270811,20.637643814086914,0.6093884706497192,0.5417025089263916,0.10261671245098114,0.8039830923080444,0.5589529275894165,0.30873382091522217,2.297657012939453,0.09292180836200714,0.44998297095298767,5.3369722028903634,3.35635526998388,0.24584640562534332,0.0922003835439682,0.27355825901031494,0.07115380465984344
cat_02,semantic,cat,a dog,0.06,100,0.3,7.5,119.5,0.102294921875,0.006,0.5,8778.6,27.497852325439453,0.06000000238418579,0.8914157152175903,0.4097053110599518,0.9544165134429932,0.48764702677726746,0.21930330991744995,1.2322611808776855,0.04217997193336487,0.0,20270812,20.056385040283203,0.7092902660369873,0.5281755924224854,0.10187340527772903,0.7803781032562256,0.5351332426071167,0.2906907796859741,2.70456600189209,0.0993528813123703,0.48574575781822205,5.011860203382997,4.0149333750448895,0.24128961563110352,0.09597957134246826,0.22184613347053528,0.03854820132255554
cat_02,semantic,cat,a dog,0.06,100,0.3,7.5,119.5,0.102294921875,0.006,0.5,8778.6,27.497852325439453,0.06000000238418579,0.8914157152175903,0.4097053110599518,0.9544165134429932,0.48764702677726746,0.21930330991744995,1.2322611808776855,0.04217997193336487,0.0,20270813,20.213329315185547,0.7252306938171387,0.5309526324272156,0.10123774409294128,0.7957902550697327,0.5209130048751831,0.2838529348373413,2.1799497604370117,0.09757382422685623,0.4696604609489441,5.41574794372165,4.820735043123659,0.2505238950252533,0.08665631711483002,0.2678603231906891,0.06631936877965927
cat_02,semantic,cat,a dog,0.06,100,0.3,7.5,119.5,0.102294921875,0.006,0.5,8778.6,27.497852325439453,0.06000000238418579,0.8914157152175903,0.4097053110599518,0.9544165134429932,0.48764702677726746,0.21930330991744995,1.2322611808776855,0.04217997193336487,0.0,20270814,20.63214111328125,0.733130693435669,0.5310654640197754,0.10423748940229416,0.8029361963272095,0.5533141493797302,0.3343456983566284,2.3897523880004883,0.09298069775104523,0.44131216406822205,4.504645227388947,3.2934714264958993,0.26175081729888916,0.09086787700653076,0.24383801221847534,0.07554023712873459
cat_02,semantic,cat,a dog,0.06,100,0.3,7.5,119.5,0.102294921875,0.006,0.5,8778.6,27.497852325439453,0.06000000238418579,0.8914157152175903,0.4097053110599518,0.9544165134429932,0.48764702677726746,0.21930330991744995,1.2322611808776855,0.04217997193336487,0.0,20270815,20.128231048583984,0.7058292627334595,0.518805980682373,0.09313812106847763,0.7830013632774353,0.5375449061393738,0.32224810123443604,2.726728677749634,0.0985344722867012,0.4768460690975189,5.966569622894,3.9013922140776476,0.2549559772014618,0.09014817327260971,0.2536742687225342,0.03636115789413452
cat_02,semantic,cat,a dog,0.06,100,0.3,7.5,119.5,0.102294921875,0.006,0.5,8778.6,27.497852325439453,0.06000000238418579,0.8914157152175903,0.4097053110599518,0.9544165134429932,0.48764702677726746,0.21930330991744995,1.2322611808776855,0.04217997193336487,0.0,20270816,20.33279037475586,0.7105288505554199,0.5288196802139282,0.09808240085840225,0.7846080660820007,0.5436400175094604,0.3191068172454834,2.2107608318328857,0.0962410494685173,0.4689839780330658,5.605854796034764,3.6266336938964523,0.25466296076774597,0.08661185950040817,0.26371270418167114,0.08371324837207794
cat_02,semantic,cat,a dog,0.06,100,0.3,7.5,119.5,0.102294921875,0.006,0.5,8778.6,27.497852325439453,0.06000000238418579,0.8914157152175903,0.4097053110599518,0.9544165134429932,0.48764702677726746,0.21930330991744995,1.2322611808776855,0.04217997193336487,0.0,20270817,20.816564559936523,0.6814136505126953,0.5428537726402283,0.09725167602300644,0.803142786026001,0.5293089747428894,0.31359291076660156,2.1273443698883057,0.09102727472782135,0.4392051696777344,5.591837144835481,4.205059828938335,0.2522526681423187,0.09450151771306992,0.2406315803527832,0.058116696774959564
cat_02,semantic,cat,a dog,0.06,100,0.3,7.5,119.5,0.102294921875,0.006,0.5,8778.6,27.497852325439453,0.06000000238418579,0.8914157152175903,0.4097053110599518,0.9544165134429932,0.48764702677726746,0.21930330991744995,1.2322611808776855,0.04217997193336487,0.0,20270818,20.52646255493164,0.7191252708435059,0.525585412979126,0.09648293256759644,0.7965038418769836,0.5308926701545715,0.3094310760498047,2.6578686237335205,0.0941188782453537,0.4460996091365814,5.93408176491151,4.212332124616753,0.276320219039917,0.09603043645620346,0.28239044547080994,0.09829329699277878
cat_02,semantic,cat,a dog,0.06,100,0.3,7.5,119.5,0.102294921875,0.006,0.5,8778.6,27.497852325439453,0.06000000238418579,0.8914157152175903,0.4097053110599518,0.9544165134429932,0.48764702677726746,0.21930330991744995,1.2322611808776855,0.04217997193336487,0.0,20270819,20.628564834594727,0.7040287852287292,0.5625596642494202,0.10795845836400986,0.8087791800498962,0.512708306312561,0.3006185293197632,2.00776743888855,0.09301898628473282,0.43812307715415955,4.670706400937885,3.6916661734516594,0.23832768201828003,0.0805940181016922,0.2772616744041443,0.08966104686260223
cat_02,semantic,cat,a dog,0.06,100,0.3,7.5,119.5,0.102294921875,0.006,0.5,8778.6,27.497852325439453,0.06000000238418579,0.8914157152175903,0.4097053110599518,0.9544165134429932,0.48764702677726746,0.21930330991744995,1.2322611808776855,0.04217997193336487,0.0,20270820,19.767120361328125,0.7001692056655884,0.4879947304725647,0.08230099081993103,0.7755022048950195,0.5347493290901184,0.3320237994194031,2.368277072906494,0.1027173399925232,0.4974200129508972,4.296246652179903,4.09608443480989,0.2611090838909149,0.08685044944286346,0.2561921775341034,0.08241729438304901
cat_02,semantic,cat,a dog,0.06,100,0.3,7.5,119.5,0.102294921875,0.006,0.5,8778.6,27.497852325439453,0.06000000238418579,0.8914157152175903,0.4097053110599518,0.9544165134429932,0.48764702677726746,0.21930330991744995,1.2322611808776855,0.04217997193336487,0.0,20270821,20.693723678588867,0.7618846893310547,0.5555768013000488,0.10739599168300629,0.8090280294418335,0.5369430184364319,0.31598538160324097,2.439940929412842,0.09232378005981445,0.4297536313533783,6.139254865360155,3.9117241899341098,0.27026093006134033,0.08952678740024567,0.27921730279922485,0.08329425007104874
cat_02,semantic,cat,a dog,0.06,100,0.3,7.5,119.5,0.102294921875,0.006,0.5,8778.6,27.497852325439453,0.06000000238418579,0.8914157152175903,0.4097053110599518,0.9544165134429932,0.48764702677726746,0.21930330991744995,1.2322611808776855,0.04217997193336487,0.0,20270822,19.906034469604492,0.767449140548706,0.5335270166397095,0.09829378128051758,0.7763909101486206,0.5132980346679688,0.299899697303772,2.2749133110046387,0.10108763724565506,0.48295721411705017,5.142297464361117,4.188308754301929,0.26736652851104736,0.09124719351530075,0.23791079223155975,0.051231496036052704
cat_03,pg_encoder,cat,a dog,0.06,100,0.3,7.5,6.6,,0.006,0.5,8776.8,26.637792587280273,0.06000000238418579,0.9173585772514343,0.47148168087005615,0.963480532169342,0.37687599658966064,0.10357213020324707,0.8471588492393494,0.04657033458352089,0.0,20270803,17.53606605529785,0.8286213874816895,0.3762342631816864,0.12945584952831268,0.6063860654830933,0.6851345896720886,0.3818374276161194,0.03800266236066818,0.13279953598976135,0.5817235708236694,5.302669688285789,13.120493126731217,0.26409587264060974,0.07742150127887726,0.24908623099327087,0.06397677958011627
cat_03,pg_encoder,cat,a dog,0.06,100,0.3,7.5,6.6,,0.006,0.5,8776.8,26.637792587280273,0.06000000238418579,0.9173585772514343,0.47148168087005615,0.963480532169342,0.37687599658966064,0.10357213020324707,0.8471588492393494,0.04657033458352089,0.0,20270804,16.852767944335938,0.8600671291351318,0.34833598136901855,0.12882213294506073,0.5665866136550903,0.7087227702140808,0.39317822456359863,0.03222395479679108,0.14366847276687622,0.6115099787712097,4.449746672747981,8.294806128723263,0.25552186369895935,0.08456072211265564,0.2574610114097595,0.08900313824415207
cat_03,pg_encoder,cat,a dog,0.06,100,0.3,7.5,6.6,,0.006,0.5,8776.8,26.637792587280273,0.06000000238418579,0.9173585772514343,0.47148168087005615,0.963480532169342,0.37687599658966064,0.10357213020324707,0.8471588492393494,0.04657033458352089,0.0,20270805,17.083011627197266,0.7936720252037048,0.3690817356109619,0.13062869012355804,0.6008281707763672,0.6936820149421692,0.3577956557273865,0.043962303549051285,0.13991017639636993,0.6121826171875,3.946283860078307,10.048068090456422,0.23419271409511566,0.0854024812579155,0.2641347646713257,0.08161094039678574
cat_03,pg_encoder,cat,a dog,0.06,100,0.3,7.5,6.6,,0.006,0.5,8776.8,26.637792587280273,0.06000000238418579,0.9173585772514343,0.47148168087005615,0.963480532169342,0.37687599658966064,0.10357213020324707,0.8471588492393494,0.04657033458352089,0.0,20270806,16.13656234741211,0.7830087542533875,0.3201579451560974,0.11702095717191696,0.5501236915588379,0.6551607847213745,0.3729449510574341,0.03254993259906769,0.15601694583892822,0.6514358520507812,4.304311454809547,7.3876466135859,0.2682480216026306,0.06720893085002899,0.2679736018180847,0.09633944928646088
cat_03,pg_encoder,cat,a dog,0.06,100,0.3,7.5,6.6,,0.006,0.5,8776.8,26.637792587280273,0.06000000238418579,0.9173585772514343,0.47148168087005615,0.963480532169342,0.37687599658966064,0.10357213020324707,0.8471588492393494,0.04657033458352089,0.0,20270807,16.7352237701416,0.8636147975921631,0.3738044500350952,0.11323962360620499,0.5795000195503235,0.677054762840271,0.35354340076446533,0.05510665476322174,0.14562593400478363,0.5861155390739441,4.416272676758057,9.610010399879815,0.22902032732963562,0.07509943097829819,0.27015817165374756,0.0985572338104248
cat_03,pg_encoder,cat,a dog,0.06,100,0.3,7.5,6.6,,0.006,0.5,8776.8,26.637792587280273,0.06000000238418579,0.9173585772514343,0.47148168087005615,0.963480532169342,0.37687599658966064,0.10357213020324707,0.8471588492393494,0.04657033458352089,0.0,20270808,16.732473373413086,0.8965675830841064,0.37895262241363525,0.110157810151577,0.6220578551292419,0.6833356618881226,0.32768714427948,0.06703218072652817,0.1456720530986786,0.5904375910758972,4.610400583462365,10.87681705138538,0.2589181363582611,0.08817601203918457,0.27013230323791504,0.08972964435815811
cat_03,pg_encoder,cat,a dog,0.06,100,0.3,7.5,6.6,,0.006,0.5,8776.8,26.637792587280273,0.06000000238418579,0.9173585772514343,0.47148168087005615,0.963480532169342,0.37687599658966064,0.10357213020324707,0.8471588492393494,0.04657033458352089,0.0,20270809,17.690141677856445,0.8423289060592651,0.389339417219162,0.12268149852752686,0.6147825121879578,0.6704858541488647,0.35735321044921875,0.06366120278835297,0.13046464323997498,0.5460408926010132,3.961281382092394,10.912428995647343,0.26152774691581726,0.08423587679862976,0.26504987478256226,0.09891709685325623
cat_03,pg_encoder,cat,a dog,0.06,100,0.3,7.5,6.6,,0.006,0.5,8776.8,26.637792587280273,0.06000000238418579,0.9173585772514343,0.47148168087005615,0.963480532169342,0.37687599658966064,0.10357213020324707,0.8471588492393494,0.04657033458352089,0.0,20270810,17.056615829467773,0.7880886793136597,0.3607732951641083,0.12601079046726227,0.5905561447143555,0.6569233536720276,0.35826361179351807,0.04535703733563423,0.14033600687980652,0.6200053095817566,3.6385881577257075,9.198401962946416,0.21294674277305603,0.07780146598815918,0.2829369306564331,0.09438937902450562
cat_03,pg_encoder,cat,a dog,0.06,100,0.3,7.5,6.6,,0.006,0.5,8776.8,26.637792587280273,0.06000000238418579,0.9173585772514343,0.47148168087005615,0.963480532169342,0.37687599658966064,0.10357213020324707,0.8471588492393494,0.04657033458352089,0.0,20270811,16.793197631835938,0.8815723657608032,0.39369988441467285,0.12663534283638,0.6227676868438721,0.6538179516792297,0.3430674076080322,0.06554897874593735,0.1446572095155716,0.6155802607536316,4.913947300746188,10.064385057205698,0.27512556314468384,0.08413459360599518,0.2662198543548584,0.09330998361110687
cat_03,pg_encoder,cat,a dog,0.06,100,0.3,7.5,6.6,,0.006,0.5,8776.8,26.637792587280273,0.06000000238418579,0.9173585772514343,0.47148168087005615,0.963480532169342,0.37687599658966064,0.10357213020324707,0.8471588492393494,0.04657033458352089,0.0,20270812,16.765077590942383,0.8436292409896851,0.38852331042289734,0.1484476625919342,0.5882086753845215,0.6493883728981018,0.3344959616661072,0.04594637081027031,0.14512629806995392,0.6180445551872253,5.313929675921538,8.448870815759511,0.24932855367660522,0.08532597124576569,0.2865240275859833,0.10036451369524002
cat_03,pg_encoder,cat,a dog,0.06,100,0.3,7.5,6.6,,0.006,0.5,8776.8,26.637792587280273,0.06000000238418579,0.9173585772514343,0.47148168087005615,0.963480532169342,0.37687599658966064,0.10357213020324707,0.8471588492393494,0.04657033458352089,0.0,20270813,16.560087203979492,0.8541218042373657,0.3704042434692383,0.10299831628799438,0.6044501066207886,0.6397262215614319,0.37945324182510376,0.06204861029982567,0.1485920548439026,0.6139437556266785,4.451629228957286,11.77148123984757,0.24245575070381165,0.08614864200353622,0.27678248286247253,0.09415027499198914
cat_03,pg_encoder,cat,a dog,0.06,100,0.3,7.5,6.6,,0.006,0.5,8776.8,26.637792587280273,0.06000000238418579,0.9173585772514343,0.47148168087005615,0.963480532169342,0.37687599658966064,0.10357213020324707,0.8471588492393494,0.04657033458352089,0.0,20270814,17.249412536621094,0.8350979089736938,0.3668851852416992,0.10341934859752655,0.6191809177398682,0.6465964317321777,0.3008190989494324,0.075302854180336,0.13725534081459045,0.5591151118278503,3.1870211021962316,12.142278471181429,0.26025062799453735,0.08812730014324188,0.2747988700866699,0.09354320913553238
cat_03,pg_encoder,cat,a dog,0.06,100,0.3,7.5,6.6,,0.006,0.5,8776.8,26.637792587280273,0.06000000238418579,0.9173585772514343,0.47148168087005615,0.963480532169342,0.37687599658966064,0.10357213020324707,0.8471588492393494,0.04657033458352089,0.0,20270815,16.856096267700195,0.8976261019706726,0.37265872955322266,0.13093534111976624,0.58074551820755,0.6471145153045654,0.33899176120758057,0.04222307726740837,0.14361342787742615,0.6004855036735535,4.71744793294376,8.193278045944409,0.2501082718372345,0.07454819232225418,0.25972849130630493,0.07736928015947342
cat_03,pg_encoder,cat,a dog,0.06,100,0.3,7.5,6.6,,0.006,0.5,8776.8,26.637792587280273,0.06000000238418579,0.9173585772514343,0.47148168087005615,0.963480532169342,0.37687599658966064,0.10357213020324707,0.8471588492393494,0.04657033458352089,0.0,20270816,16.781057357788086,0.9720659255981445,0.384481281042099,0.11703462898731232,0.6161476969718933,0.6847091913223267,0.3514304757118225,0.0731407031416893,0.14485953748226166,0.5894495844841003,4.839044846954172,10.945006203055165,0.2573971152305603,0.08638257533311844,0.27812445163726807,0.08809975534677505
cat_03,pg_encoder,cat,a dog,0.06,100,0.3,7.5,6.6,,0.006,0.5,8776.8,26.637792587280273,0.06000000238418579,0.9173585772514343,0.47148168087005615,0.963480532169342,0.37687599658966064,0.10357213020324707,0.8471588492393494,0.04657033458352089,0.0,20270817,16.454452514648438,0.8183140754699707,0.35166269540786743,0.1409192681312561,0.5701318979263306,0.6786085367202759,0.3332778215408325,0.038700640201568604,0.15041019022464752,0.6471468806266785,4.076881694406525,6.114710547263789,0.2589103877544403,0.07472889870405197,0.27623382210731506,0.10144555568695068
cat_03,pg_encoder,cat,a dog,0.06,100,0.3,7.5,6.6,,0.006,0.5,8776.8,26.637792587280273,0.06000000238418579,0.9173585772514343,0.47148168087005615,0.963480532169342,0.37687599658966064,0.10357213020324707,0.8471588492393494,0.04657033458352089,0.0,20270818,16.19989585876465,0.7691233158111572,0.3251713216304779,0.13279125094413757,0.5611414909362793,0.6774320602416992,0.3758414387702942,0.023846620693802834,0.1548835039138794,0.6565946340560913,3.9694243077372415,7.311065846540783,0.2573999762535095,0.08070293813943863,0.24240142107009888,0.08082909882068634
cat_03,pg_encoder,cat,a dog,0.06,100,0.3,7.5,6.6,,0.006,0.5,8776.8,26.637792587280273,0.06000000238418579,0.9173585772514343,0.47148168087005615,0.963480532169342,0.37687599658966064,0.10357213020324707,0.8471588492393494,0.04657033458352089,0.0,20270819,17.38235855102539,0.7153751254081726,0.3218972086906433,0.11351639032363892,0.5548973679542542,0.675129771232605,0.402738094329834,0.031381431967020035,0.13517054915428162,0.5965182185173035,3.8382252553746277,12.256068380398313,0.2654199004173279,0.08250885456800461,0.25590068101882935,0.08227569609880447
cat_03,pg_encoder,cat,a dog,0.06,100,0.3,7.5,6.6,,0.006,0.5,8776.8,26.637792587280273,0.06000000238418579,0.9173585772514343,0.47148168087005615,0.963480532169342,0.37687599658966064,0.10357213020324707,0.8471588492393494,0.04657033458352089,0.0,20270820,16.897632598876953,0.8870592713356018,0.3614794909954071,0.11239352822303772,0.62503981590271,0.6409406065940857,0.34811604022979736,0.06440781056880951,0.1429283171892166,0.6025797724723816,3.4489409394991615,9.609187534131992,0.2578665614128113,0.07304367423057556,0.2734547555446625,0.08751295506954193
cat_03,pg_encoder,cat,a dog,0.06,100,0.3,7.5,6.6,,0.006,0.5,8776.8,26.637792587280273,0.06000000238418579,0.9173585772514343,0.47148168087005615,0.963480532169342,0.37687599658966064,0.10357213020324707,0.8471588492393494,0.04657033458352089,0.0,20270821,16.640167236328125,0.8417831063270569,0.3601890504360199,0.1169612780213356,0.5961567759513855,0.6792020797729492,0.33684730529785156,0.07237168401479721,0.14722837507724762,0.615203857421875,3.9067945284417176,9.243015681092096,0.2645620107650757,0.08436376601457596,0.24902141094207764,0.08799055963754654
cat_03,pg_encoder,cat,a dog,0.06,100,0.3,7.5,6.6,,0.006,0.5,8776.8,26.637792587280273,0.06000000238418579,0.9173585772514343,0.47148168087005615,0.963480532169342,0.37687599658966064,0.10357213020324707,0.8471588492393494,0.04657033458352089,0.0,20270822,17.001066207885742,0.8502912521362305,0.3325827717781067,0.11892687529325485,0.5757569074630737,0.7007192373275757,0.3645782470703125,0.05662732571363449,0.14123639464378357,0.6178919672966003,3.9714969371264224,10.621420667729392,0.2541652023792267,0.0778801292181015,0.2764776945114136,0.0978231430053711
cat_03,pg_diffusion,cat,a dog,0.06,100,0.3,7.5,196.2,,0.006,0.5,11556.4,26.66357421875,0.06000000238418579,0.9376842379570007,0.5181685090065002,0.9719948172569275,0.32390233874320984,0.08510559797286987,0.9806581735610962,0.04643230512738228,0.0,20270803,17.27618408203125,0.8599298596382141,0.5210423469543457,0.10032419860363007,0.7985220551490784,0.41824740171432495,0.16411614418029785,0.5061901807785034,0.13683298230171204,0.6055247187614441,5.302669688285789,4.9937141506227025,0.26409587264060974,0.07742150127887726,0.27627864480018616,0.08918964862823486
cat_03,pg_diffusion,cat,a dog,0.06,100,0.3,7.5,196.2,,0.006,0.5,11556.4,26.66357421875,0.06000000238418579,0.9376842379570007,0.5181685090065002,0.9719948172569275,0.32390233874320984,0.08510559797286987,0.9806581735610962,0.04643230512738228,0.0,20270804,17.16458511352539,0.8931008577346802,0.5170000195503235,0.10095242410898209,0.7959226369857788,0.4448399245738983,0.20533084869384766,0.5137471556663513,0.1386023908853531,0.5930633544921875,4.449746672747981,5.572517621163799,0.25552186369895935,0.08456072211265564,0.26382118463516235,0.09121370315551758
cat_03,pg_diffusion,cat,a dog,0.06,100,0.3,7.5,196.2,,0.006,0.5,11556.4,26.66357421875,0.06000000238418579,0.9376842379570007,0.5181685090065002,0.9719948172569275,0.32390233874320984,0.08510559797286987,0.9806581735610962,0.04643230512738228,0.0,20270805,16.8267765045166,0.9228827953338623,0.4995131492614746,0.08878052979707718,0.7887768149375916,0.46002963185310364,0.2325270175933838,0.5993695259094238,0.14409904181957245,0.6035957336425781,3.946283860078307,4.8621814134428885,0.23419271409511566,0.0854024812579155,0.26879990100860596,0.10107341408729553
cat_03,pg_diffusion,cat,a dog,0.06,100,0.3,7.5,196.2,,0.006,0.5,11556.4,26.66357421875,0.06000000238418579,0.9376842379570007,0.5181685090065002,0.9719948172569275,0.32390233874320984,0.08510559797286987,0.9806581735610962,0.04643230512738228,0.0,20270806,16.220191955566406,0.9255809783935547,0.4899750351905823,0.09306080639362335,0.7781640887260437,0.4452551305294037,0.23665368556976318,0.4898408353328705,0.15452200174331665,0.6449699401855469,4.304311454809547,3.8122962079853124,0.2682480216026306,0.06720893085002899,0.2653660476207733,0.09044937789440155
cat_03,pg_diffusion,cat,a dog,0.06,100,0.3,7.5,196.2,,0.006,0.5,11556.4,26.66357421875,0.06000000238418579,0.9376842379570007,0.5181685090065002,0.9719948172569275,0.32390233874320984,0.08510559797286987,0.9806581735610962,0.04643230512738228,0.0,20270807,16.925453186035156,0.8692232370376587,0.5383421778678894,0.10434630513191223,0.8072662949562073,0.41697245836257935,0.2240133285522461,0.558730959892273,0.14247125387191772,0.5990740656852722,4.416272676758057,4.002560163908315,0.22902032732963562,0.07509943097829819,0.2596350908279419,0.08430899679660797
cat_03,pg_diffusion,cat,a dog,0.06,100,0.3,7.5,196.2,,0.006,0.5,11556.4,26.66357421875,0.06000000238418579,0.9376842379570007,0.5181685090065002,0.9719948172569275,0.32390233874320984,0.08510559797286987,0.9806581735610962,0.04643230512738228,0.0,20270808,16.65331268310547,0.9029918313026428,0.5166541934013367,0.093314990401268,0.7882314920425415,0.4309666156768799,0.1862073540687561,0.5358798503875732,0.14700572192668915,0.6139081716537476,4.610400583462365,4.9710670254765965,0.2589181363582611,0.08817601203918457,0.2641029953956604,0.09761659801006317
cat_03,pg_diffusion,cat,a dog,0.06,100,0.3,7.5,196.2,,0.006,0.5,11556.4,26.66357421875,0.06000000238418579,0.9376842379570007,0.5181685090065002,0.9719948172569275,0.32390233874320984,0.08510559797286987,0.9806581735610962,0.04643230512738228,0.0,20270809,17.34134292602539,0.9884947538375854,0.5280227661132812,0.09921608865261078,0.8019860982894897,0.42374756932258606,0.20263969898223877,0.6284322142601013,0.13581031560897827,0.5797373652458191,3.961281382092394,4.821867575576659,0.26152774691581726,0.08423587679862976,0.27032700181007385,0.08912985026836395
cat_03,pg_diffusion,cat,a dog,0.06,100,0.3,7.5,196.2,,0.006,0.5,11556.4,26.66357421875,0.06000000238418579,0.9376842379570007,0.5181685090065002,0.9719948172569275,0.32390233874320984,0.08510559797286987,0.9806581735610962,0.04643230512738228,0.0,20270810,16.949016571044922,0.9382584095001221,0.5035952925682068,0.09488750994205475,0.7960320711135864,0.422308087348938,0.1769164800643921,0.5157837271690369,0.14208529889583588,0.6289520263671875,3.6385881577257075,4.347104424234139,0.21294674277305603,0.07780146598815918,0.26138418912887573,0.08066846430301666
cat_03,pg_diffusion,cat,a dog,0.06,100,0.3,7.5,196.2,,0.006,0.5,11556.4,26.66357421875,0.06000000238418579,0.9376842379570007,0.5181685090065002,0.9719948172569275,0.32390233874320984,0.08510559797286987,0.9806581735610962,0.04643230512738228,0.0,20270811,16.754323959350586,1.0,0.5171703696250916,0.10325859487056732,0.7920554280281067,0.4086899161338806,0.17472636699676514,0.4626339077949524,0.1453060656785965,0.6319618225097656,4.913947300746188,5.319267359603913,0.27512556314468384,0.08413459360599518,0.2716028094291687,0.08307716250419617
cat_03,pg_diffusion,cat,a dog,0.06,100,0.3,7.5,196.2,,0.006,0.5,11556.4,26.66357421875,0.06000000238418579,0.9376842379570007,0.5181685090065002,0.9719948172569275,0.32390233874320984,0.08510559797286987,0.9806581735610962,0.04643230512738228,0.0,20270812,16.97844696044922,0.9241482615470886,0.5502344369888306,0.10603814572095871,0.8003343343734741,0.41105762124061584,0.16396373510360718,0.4975573420524597,0.14160467684268951,0.6075338125228882,5.313929675921538,5.295863385172812,0.24932855367660522,0.08532597124576569,0.2711927890777588,0.09390046447515488
cat_03,pg_diffusion,cat,a dog,0.06,100,0.3,7.5,196.2,,0.006,0.5,11556.4,26.66357421875,0.06000000238418579,0.9376842379570007,0.5181685090065002,0.9719948172569275,0.32390233874320984,0.08510559797286987,0.9806581735610962,0.04643230512738228,0.0,20270813,16.589290618896484,1.0,0.5346609950065613,0.09859246760606766,0.8027315735816956,0.42151618003845215,0.1775979995727539,0.6021445989608765,0.14809328317642212,0.599035918712616,4.451629228957286,5.516604230838767,0.24245575070381165,0.08614864200353622,0.2634376287460327,0.08696018159389496
cat_03,pg_diffusion,cat,a dog,0.06,100,0.3,7.5,196.2,,0.006,0.5,11556.4,26.66357421875,0.06000000238418579,0.9376842379570007,0.5181685090065002,0.9719948172569275,0.32390233874320984,0.08510559797286987,0.9806581735610962,0.04643230512738228,0.0,20270814,17.057090759277344,0.919481635093689,0.5249668955802917,0.10197591036558151,0.8115794658660889,0.40192437171936035,0.14039218425750732,0.6046793460845947,0.1403283327817917,0.581305205821991,3.1870211021962316,4.269721046757037,0.26025062799453735,0.08812730014324188,0.25940439105033875,0.08368020504713058
cat_03,pg_diffusion,cat,a dog,0.06,100,0.3,7.5,196.2,,0.006,0.5,11556.4,26.66357421875,0.06000000238418579,0.9376842379570007,0.5181685090065002,0.9719948172569275,0.32390233874320984,0.08510559797286987,0.9806581735610962,0.04643230512738228,0.0,20270815,16.85443115234375,0.8696630001068115,0.511709451675415,0.09845861792564392,0.7787944078445435,0.4118117094039917,0.18854957818984985,0.4601562023162842,0.14364098012447357,0.6147689819335938,4.71744793294376,5.109075174969266,0.2501082718372345,0.07454819232225418,0.2676735818386078,0.08124808222055435
cat_03,pg_diffusion,cat,a dog,0.06,100,0.3,7.5,196.2,,0.006,0.5,11556.4,26.66357421875,0.06000000238418579,0.9376842379570007,0.5181685090065002,0.9719948172569275,0.32390233874320984,0.08510559797286987,0.9806581735610962,0.04643230512738228,0.0,20270816,16.283611297607422,0.9832168221473694,0.49563026428222656,0.08619368076324463,0.7859923243522644,0.45199480652809143,0.2127392292022705,0.6145384311676025,0.15339787304401398,0.6081085205078125,4.839044846954172,5.809899556028377,0.2573971152305603,0.08638257533311844,0.26197683811187744,0.09044104814529419
cat_03,pg_diffusion,cat,a dog,0.06,100,0.3,7.5,196.2,,0.006,0.5,11556.4,26.66357421875,0.06000000238418579,0.9376842379570007,0.5181685090065002,0.9719948172569275,0.32390233874320984,0.08510559797286987,0.9806581735610962,0.04643230512738228,0.0,20270817,16.455949783325195,0.9225146770477295,0.5312592387199402,0.0965375155210495,0.8054505586624146,0.40918251872062683,0.20098590850830078,0.6360040903091431,0.15038427710533142,0.6083730459213257,4.076881694406525,4.375490227248501,0.2589103877544403,0.07472889870405197,0.26678869128227234,0.08641029894351959
cat_03,pg_diffusion,cat,a dog,0.06,100,0.3,7.5,196.2,,0.006,0.5,11556.4,26.66357421875,0.06000000238418579,0.9376842379570007,0.5181685090065002,0.9719948172569275,0.32390233874320984,0.08510559797286987,0.9806581735610962,0.04643230512738228,0.0,20270818,16.39353370666504,0.9408258199691772,0.5328260660171509,0.1010194644331932,0.8111573457717896,0.39428335428237915,0.15939033031463623,0.6051054000854492,0.15146882832050323,0.6183446645736694,3.9694243077372415,5.018929892498406,0.2573999762535095,0.08070293813943863,0.26345932483673096,0.0809016153216362
cat_03,pg_diffusion,cat,a dog,0.06,100,0.3,7.5,196.2,,0.006,0.5,11556.4,26.66357421875,0.06000000238418579,0.9376842379570007,0.5181685090065002,0.9719948172569275,0.32390233874320984,0.08510559797286987,0.9806581735610962,0.04643230512738228,0.0,20270819,17.446563720703125,0.8862035274505615,0.5360938310623169,0.10920606553554535,0.8069446682929993,0.40115368366241455,0.15128499269485474,0.5848961472511292,0.13417504727840424,0.5947710871696472,3.8382252553746277,4.506793026014138,0.2654199004173279,0.08250885456800461,0.26971226930618286,0.08033880591392517
cat_03,pg_diffusion,cat,a dog,0.06,100,0.3,7.5,196.2,,0.006,0.5,11556.4,26.66357421875,0.06000000238418579,0.9376842379570007,0.5181685090065002,0.9719948172569275,0.32390233874320984,0.08510559797286987,0.9806581735610962,0.04643230512738228,0.0,20270820,16.768657684326172,0.9097790122032166,0.5248648524284363,0.10247327387332916,0.8040701150894165,0.40811100602149963,0.17279183864593506,0.5978264808654785,0.14506646990776062,0.6140327453613281,3.4489409394991615,5.011945917301586,0.2578665614128113,0.07304367423057556,0.25203001499176025,0.08342263847589493
cat_03,pg_diffusion,cat,a dog,0.06,100,0.3,7.5,196.2,,0.006,0.5,11556.4,26.66357421875,0.06000000238418579,0.9376842379570007,0.5181685090065002,0.9719948172569275,0.32390233874320984,0.08510559797286987,0.9806581735610962,0.04643230512738228,0.0,20270821,16.6639461517334,0.9366613030433655,0.49403154850006104,0.0933758094906807,0.783927321434021,0.4520800709724426,0.20964199304580688,0.5453252196311951,0.1468258649110794,0.6077919006347656,3.9067945284417176,5.4354945815305635,0.2645620107650757,0.08436376601457596,0.2697463035583496,0.09634211659431458
cat_03,pg_diffusion,cat,a dog,0.06,100,0.3,7.5,196.2,,0.006,0.5,11556.4,26.66357421875,0.06000000238418579,0.9376842379570007,0.5181685090065002,0.9719948172569275,0.32390233874320984,0.08510559797286987,0.9806581735610962,0.04643230512738228,0.0,20270822,16.79709243774414,0.8674941658973694,0.5054746270179749,0.09342291206121445,0.7943342924118042,0.42363953590393066,0.18722611665725708,0.6004845499992371,0.14459234476089478,0.6171849966049194,3.9714969371264224,4.1945124046232625,0.2541652023792267,0.0778801292181015,0.26208096742630005,0.09516781568527222
cat_03,semantic,cat,a dog,0.06,100,0.3,7.5,119.3,0.058349609375,0.006,0.5,8777.6,26.87133026123047,0.06000000238418579,0.920028805732727,0.47073185443878174,0.9630934000015259,0.3448278307914734,0.13561809062957764,0.9722280502319336,0.04533487558364868,0.0,20270803,16.765554428100586,1.0,0.4860040843486786,0.08211119472980499,0.8060176968574524,0.447088360786438,0.1640394926071167,1.1882705688476562,0.14511829614639282,0.5382207632064819,5.302669688285789,4.211370216739437,0.26409587264060974,0.07742150127887726,0.25703832507133484,0.06686246395111084
cat_03,semantic,cat,a dog,0.06,100,0.3,7.5,119.3,0.058349609375,0.006,0.5,8777.6,26.87133026123047,0.06000000238418579,0.920028805732727,0.47073185443878174,0.9630934000015259,0.3448278307914734,0.13561809062957764,0.9722280502319336,0.04533487558364868,0.0,20270804,16.442960739135742,0.941906213760376,0.45596957206726074,0.07675543427467346,0.7773549556732178,0.5244649648666382,0.26520001888275146,1.0362133979797363,0.1506093591451645,0.5607439875602722,4.449746672747981,5.161762796290244,0.25552186369895935,0.08456072211265564,0.23433172702789307,0.05606604367494583
cat_03,semantic,cat,a dog,0.06,100,0.3,7.5,119.3,0.058349609375,0.006,0.5,8777.6,26.87133026123047,0.06000000238418579,0.920028805732727,0.47073185443878174,0.9630934000015259,0.3448278307914734,0.13561809062957764,0.9722280502319336,0.04533487558364868,0.0,20270805,16.322647094726562,0.9925811290740967,0.47745656967163086,0.08090013265609741,0.7924324870109558,0.44198888540267944,0.1973254680633545,1.2253222465515137,0.15271005034446716,0.5612742304801941,3.946283860078307,4.260676239263292,0.23419271409511566,0.0854024812579155,0.26562201976776123,0.07799947261810303
cat_03,semantic,cat,a dog,0.06,100,0.3,7.5,119.3,0.058349609375,0.006,0.5,8777.6,26.87133026123047,0.06000000238418579,0.920028805732727,0.47073185443878174,0.9630934000015259,0.3448278307914734,0.13561809062957764,0.9722280502319336,0.04533487558364868,0.0,20270806,16.005643844604492,0.9348858594894409,0.47853225469589233,0.08662170171737671,0.7925679683685303,0.46873876452445984,0.2255992293357849,0.8635797500610352,0.15838634967803955,0.5578104853630066,4.304311454809547,3.8804013382182143,0.2682480216026306,0.06720893085002899,0.22598473727703094,0.08410248160362244
cat_03,semantic,cat,a dog,0.06,100,0.3,7.5,119.3,0.058349609375,0.006,0.5,8777.6,26.87133026123047,0.06000000238418579,0.920028805732727,0.47073185443878174,0.9630934000015259,0.3448278307914734,0.13561809062957764,0.9722280502319336,0.04533487558364868,0.0,20270807,16.236175537109375,0.9917576909065247,0.4826623797416687,0.08154691010713577,0.7960438132286072,0.49825170636177063,0.2310192584991455,1.1141598224639893,0.15423792600631714,0.5515022277832031,4.416272676758057,5.1171851927791705,0.22902032732963562,0.07509943097829819,0.2631914019584656,0.0895879715681076
cat_03,semantic,cat,a dog,0.06,100,0.3,7.5,119.3,0.058349609375,0.006,0.5,8777.6,26.87133026123047,0.06000000238418579,0.920028805732727,0.47073185443878174,0.9630934000015259,0.3448278307914734,0.13561809062957764,0.9722280502319336,0.04533487558364868,0.0,20270808,16.22256088256836,0.9599674940109253,0.4808642566204071,0.08285847306251526,0.7925068736076355,0.49207258224487305,0.2640465497970581,1.0227528810501099,0.15447984635829926,0.5549952387809753,4.610400583462365,3.627306519677282,0.2589181363582611,0.08817601203918457,0.22559714317321777,0.009124472737312317
cat_03,semantic,cat,a dog,0.06,100,0.3,7.5,119.3,0.058349609375,0.006,0.5,8777.6,26.87133026123047,0.06000000238418579,0.920028805732727,0.47073185443878174,0.9630934000015259,0.3448278307914734,0.13561809062957764,0.9722280502319336,0.04533487558364868,0.0,20270809,16.734695434570312,0.9580471515655518,0.4661036431789398,0.07976318150758743,0.7938870787620544,0.5019326210021973,0.2047317624092102,1.0271615982055664,0.14563480019569397,0.5512606501579285,3.961281382092394,4.696185692274855,0.26152774691581726,0.08423587679862976,0.2839038372039795,0.09117463231086731
cat_03,semantic,cat,a dog,0.06,100,0.3,7.5,119.3,0.058349609375,0.006,0.5,8777.6,26.87133026123047,0.06000000238418579,0.920028805732727,0.47073185443878174,0.9630934000015259,0.3448278307914734,0.13561809062957764,0.9722280502319336,0.04533487558364868,0.0,20270810,16.34432601928711,0.9454822540283203,0.46860766410827637,0.08008930832147598,0.7978492975234985,0.48377764225006104,0.1904870867729187,1.0916475057601929,0.15232937037944794,0.565924346446991,3.6385881577257075,4.271483783105337,0.21294674277305603,0.07780146598815918,0.21035826206207275,0.040463678538799286
cat_03,semantic,cat,a dog,0.06,100,0.3,7.5,119.3,0.058349609375,0.006,0.5,8777.6,26.87133026123047,0.06000000238418579,0.920028805732727,0.47073185443878174,0.9630934000015259,0.3448278307914734,0.13561809062957764,0.9722280502319336,0.04533487558364868,0.0,20270811,16.565044403076172,1.0,0.5001987218856812,0.09298726171255112,0.8046401143074036,0.4527968466281891,0.17856675386428833,1.014512062072754,0.1485072672367096,0.5435994863510132,4.913947300746188,3.6716325678486137,0.27512556314468384,0.08413459360599518,0.2654780149459839,0.07436803728342056
cat_03,semantic,cat,a dog,0.06,100,0.3,7.5,119.3,0.058349609375,0.006,0.5,8777.6,26.87133026123047,0.06000000238418579,0.920028805732727,0.47073185443878174,0.9630934000015259,0.3448278307914734,0.13561809062957764,0.9722280502319336,0.04533487558364868,0.0,20270812,16.733154296875,0.9792804718017578,0.4821603298187256,0.0822787657380104,0.7901038527488708,0.5064929723739624,0.2068861722946167,0.9051468372344971,0.1456606239080429,0.5350825190544128,5.313929675921538,4.309850318060722,0.24932855367660522,0.08532597124576569,0.2401459813117981,0.08483198285102844
cat_03,semantic,cat,a dog,0.06,100,0.3,7.5,119.3,0.058349609375,0.006,0.5,8777.6,26.87133026123047,0.06000000238418579,0.920028805732727,0.47073185443878174,0.9630934000015259,0.3448278307914734,0.13561809062957764,0.9722280502319336,0.04533487558364868,0.0,20270813,16.24266815185547,0.9421988725662231,0.4861915111541748,0.085124172270298,0.7953977584838867,0.4708462953567505,0.23312920331954956,1.0187299251556396,0.15412266552448273,0.5579923391342163,4.451629228957286,3.610762648773876,0.24245575070381165,0.08614864200353622,0.2298956662416458,0.06712547689676285
cat_03,semantic,cat,a dog,0.06,100,0.3,7.5,119.3,0.058349609375,0.006,0.5,8777.6,26.87133026123047,0.06000000238418579,0.920028805732727,0.47073185443878174,0.9630934000015259,0.3448278307914734,0.13561809062957764,0.9722280502319336,0.04533487558364868,0.0,20270814,16.267627716064453,0.9353159666061401,0.44512832164764404,0.0747523307800293,0.7881974577903748,0.5014458894729614,0.2244657278060913,1.1023060083389282,0.15368042886257172,0.5678457021713257,3.1870211021962316,3.168362016779777,0.26025062799453735,0.08812730014324188,0.2373913675546646,0.0796642005443573
cat_03,semantic,cat,a dog,0.06,100,0.3,7.5,119.3,0.058349609375,0.006,0.5,8777.6,26.87133026123047,0.06000000238418579,0.920028805732727,0.47073185443878174,0.9630934000015259,0.3448278307914734,0.13561809062957764,0.9722280502319336,0.04533487558364868,0.0,20270815,16.172767639160156,1.0,0.4920874536037445,0.08281981199979782,0.7977211475372314,0.4197537899017334,0.17533361911773682,1.1902936697006226,0.15536800026893616,0.5486590266227722,4.71744793294376,3.980744628906345,0.2501082718372345,0.07454819232225418,0.26402369141578674,0.0793333575129509
cat_03,semantic,cat,a dog,0.06,100,0.3,7.5,119.3,0.058349609375,0.006,0.5,8777.6,26.87133026123047,0.06000000238418579,0.920028805732727,0.47073185443878174,0.9630934000015259,0.3448278307914734,0.13561809062957764,0.9722280502319336,0.04533487558364868,0.0,20270816,15.964330673217773,0.9957258701324463,0.45299768447875977,0.07554010301828384,0.7847161889076233,0.5043031573295593,0.20933079719543457,0.9512205719947815,0.15914149582386017,0.5702247619628906,4.839044846954172,5.008764392097056,0.2573971152305603,0.08638257533311844,0.2609618902206421,0.07713790237903595
cat_03,semantic,cat,a dog,0.06,100,0.3,7.5,119.3,0.058349609375,0.006,0.5,8777.6,26.87133026123047,0.06000000238418579,0.920028805732727,0.47073185443878174,0.9630934000015259,0.3448278307914734,0.13561809062957764,0.9722280502319336,0.04533487558364868,0.0,20270817,16.138965606689453,0.9129887223243713,0.5061224699020386,0.090311698615551,0.8126688599586487,0.4109625518321991,0.19923776388168335,1.0858913660049438,0.15597382187843323,0.5509516596794128,4.076881694406525,3.674913521510672,0.2589103877544403,0.07472889870405197,0.259082555770874,0.08348667621612549
cat_03,semantic,cat,a dog,0.06,100,0.3,7.5,119.3,0.058349609375,0.006,0.5,8777.6,26.87133026123047,0.06000000238418579,0.920028805732727,0.47073185443878174,0.9630934000015259,0.3448278307914734,0.13561809062957764,0.9722280502319336,0.04533487558364868,0.0,20270818,15.929303169250488,0.9489588737487793,0.48604124784469604,0.0846128836274147,0.7994210124015808,0.4593737721443176,0.24848955869674683,1.0530853271484375,0.15978455543518066,0.5710703730583191,3.9694243077372415,4.032848275428686,0.2573999762535095,0.08070293813943863,0.21112456917762756,-0.019796818494796753
cat_03,semantic,cat,a dog,0.06,100,0.3,7.5,119.3,0.058349609375,0.006,0.5,8777.6,26.87133026123047,0.06000000238418579,0.920028805732727,0.47073185443878174,0.9630934000015259,0.3448278307914734,0.13561809062957764,0.9722280502319336,0.04533487558364868,0.0,20270819,16.84492301940918,0.920174241065979,0.4889548718929291,0.08731300383806229,0.8040894865989685,0.44968900084495544,0.2112119197845459,1.163285732269287,0.14379830658435822,0.5483207702636719,3.8382252553746277,3.8928373050619105,0.2654199004173279,0.08250885456800461,0.2465185523033142,0.08329925686120987
cat_03,semantic,cat,a dog,0.06,100,0.3,7.5,119.3,0.058349609375,0.006,0.5,8777.6,26.87133026123047,0.06000000238418579,0.920028805732727,0.47073185443878174,0.9630934000015259,0.3448278307914734,0.13561809062957764,0.9722280502319336,0.04533487558364868,0.0,20270820,16.386371612548828,0.9400362968444824,0.4784705638885498,0.08564385771751404,0.8008853793144226,0.4654681086540222,0.2103167176246643,1.042842149734497,0.15159378945827484,0.5754916071891785,3.4489409394991615,3.323206019146824,0.2578665614128113,0.07304367423057556,0.24580775201320648,0.03712165728211403
cat_03,semantic,cat,a dog,0.06,100,0.3,7.5,119.3,0.058349609375,0.006,0.5,8777.6,26.87133026123047,0.06000000238418579,0.920028805732727,0.47073185443878174,0.9630934000015259,0.3448278307914734,0.13561809062957764,0.9722280502319336,0.04533487558364868,0.0,20270821,16.463104248046875,0.9441273212432861,0.477683424949646,0.08248650282621384,0.7920652031898499,0.49274417757987976,0.24113065004348755,1.0280921459197998,0.15026046335697174,0.5494842529296875,3.9067945284417176,3.7134970615015743,0.2645620107650757,0.08436376601457596,0.23588860034942627,0.07274723052978516
cat_03,semantic,cat,a dog,0.06,100,0.3,7.5,119.3,0.058349609375,0.006,0.5,8777.6,26.87133026123047,0.06000000238418579,0.920028805732727,0.47073185443878174,0.9630934000015259,0.3448278307914734,0.13561809062957764,0.9722280502319336,0.04533487558364868,0.0,20270822,16.4634952545166,0.9832040071487427,0.48677965998649597,0.08699773252010345,0.805083692073822,0.4650009572505951,0.20041227340698242,1.1031553745269775,0.15025368332862854,0.5732828974723816,3.9714969371264224,4.027789039453466,0.2541652023792267,0.0778801292181015,0.2644173204898834,0.08894447982311249
horse_00,pg_encoder,horse,a zebra,0.06,100,0.3,7.5,6.7,,0.006,0.5,8777.8,27.750782012939453,0.06000000238418579,0.775802731513977,0.23810602724552155,0.9293795824050903,0.623296856880188,0.1708398461341858,1.0476737022399902,0.04096939414739609,0.0,20270803,19.986745834350586,0.5150861740112305,0.6847696304321289,0.3858238458633423,0.7447525262832642,0.6339902281761169,0.3968930244445801,0.03633381426334381,0.10015267878770828,0.5959205627441406,4.4590625893626665,10.327809660952433,0.30116647481918335,0.11466535925865173,0.2599383294582367,0.07294272631406784
horse_00,pg_encoder,horse,a zebra,0.06,100,0.3,7.5,6.7,,0.006,0.5,8777.8,27.750782012939453,0.06000000238418579,0.775802731513977,0.23810602724552155,0.9293795824050903,0.623296856880188,0.1708398461341858,1.0476737022399902,0.04096939414739609,0.0,20270804,19.95034408569336,0.5075253248214722,0.6704503297805786,0.43495824933052063,0.7243834733963013,0.6278823018074036,0.3874795436859131,0.0361441969871521,0.10057330131530762,0.6181933283805847,4.3033246345493765,9.08760820769631,0.24926915764808655,0.12293725460767746,0.28328463435173035,0.1317964792251587
horse_00,pg_encoder,horse,a zebra,0.06,100,0.3,7.5,6.7,,0.006,0.5,8777.8,27.750782012939453,0.06000000238418579,0.775802731513977,0.23810602724552155,0.9293795824050903,0.623296856880188,0.1708398461341858,1.0476737022399902,0.04096939414739609,0.0,20270805,20.602102279663086,0.5900918245315552,0.6805259585380554,0.33102840185165405,0.7307337522506714,0.6549059152603149,0.39712631702423096,0.03775021806359291,0.09330278635025024,0.5133985280990601,4.60181642625371,9.38057330060501,0.3025479316711426,0.11869032680988312,0.23416709899902344,0.08399580419063568
horse_00,pg_encoder,horse,a zebra,0.06,100,0.3,7.5,6.7,,0.006,0.5,8777.8,27.750782012939453,0.06000000238418579,0.775802731513977,0.23810602724552155,0.9293795824050903,0.623296856880188,0.1708398461341858,1.0476737022399902,0.04096939414739609,0.0,20270806,20.300189971923828,0.4458808898925781,0.6760589480400085,0.34054699540138245,0.7042415142059326,0.6500799655914307,0.4141784906387329,0.025816205888986588,0.0966029092669487,0.5769590139389038,4.947919353485325,9.74372280185773,0.26895809173583984,0.12028344720602036,0.24862977862358093,0.07469575107097626
horse_00,pg_encoder,horse,a zebra,0.06,100,0.3,7.5,6.7,,0.006,0.5,8777.8,27.750782012939453,0.06000000238418579,0.775802731513977,0.23810602724552155,0.9293795824050903,0.623296856880188,0.1708398461341858,1.0476737022399902,0.04096939414739609,0.0,20270807,20.041139602661133,0.5044708847999573,0.6677738428115845,0.4043440818786621,0.7292768359184265,0.6285139322280884,0.41671496629714966,0.024417545646429062,0.09952744841575623,0.6263465881347656,4.587646491222106,8.81345377799266,0.2982115149497986,0.11654426157474518,0.29756292700767517,0.12924277782440186
horse_00,pg_encoder,horse,a zebra,0.06,100,0.3,7.5,6.7,,0.006,0.5,8777.8,27.750782012939453,0.06000000238418579,0.775802731513977,0.23810602724552155,0.9293795824050903,0.623296856880188,0.1708398461341858,1.0476737022399902,0.04096939414739609,0.0,20270808,20.211591720581055,0.5260009765625,0.6824855208396912,0.38049447536468506,0.7140511274337769,0.6361677646636963,0.4268594980239868,0.014275300316512585,0.09759333729743958,0.602294921875,4.604511482947825,9.672011466458958,0.2717088460922241,0.1251557320356369,0.24005180597305298,0.08442948758602142
horse_00,pg_encoder,horse,a zebra,0.06,100,0.3,7.5,6.7,,0.006,0.5,8777.8,27.750782012939453,0.06000000238418579,0.775802731513977,0.23810602724552155,0.9293795824050903,0.623296856880188,0.1708398461341858,1.0476737022399902,0.04096939414739609,0.0,20270809,20.742578506469727,0.5070496201515198,0.6917961835861206,0.3764484226703644,0.7501775026321411,0.631680965423584,0.3884871006011963,0.03310196101665497,0.09180596470832825,0.5229314565658569,4.999879146698839,8.26766678504621,0.3127436339855194,0.12280383706092834,0.24366667866706848,0.06614507734775543
horse_00,pg_encoder,horse,a zebra,0.06,100,0.3,7.5,6.7,,0.006,0.5,8777.8,27.750782012939453,0.06000000238418579,0.775802731513977,0.23810602724552155,0.9293795824050903,0.623296856880188,0.1708398461341858,1.0476737022399902,0.04096939414739609,0.0,20270810,20.30370330810547,0.4568280875682831,0.6755117774009705,0.37709835171699524,0.7155088186264038,0.6480276584625244,0.401297926902771,0.022072825580835342,0.09656386077404022,0.6048189997673035,4.534024950218865,9.973856319866428,0.24906040728092194,0.11573521792888641,0.23552002012729645,0.04143717885017395
horse_00,pg_encoder,horse,a zebra,0.06,100,0.3,7.5,6.7,,0.006,0.5,8777.8,27.750782012939453,0.06000000238418579,0.775802731513977,0.23810602724552155,0.9293795824050903,0.623296856880188,0.1708398461341858,1.0476737022399902,0.04096939414739609,0.0,20270811,20.046428680419922,0.46613290905952454,0.6732772588729858,0.423465758562088,0.7192598581314087,0.6465394496917725,0.4427987337112427,0.012973770499229431,0.09946683794260025,0.6166763305664062,4.758013872048263,11.06266283435127,0.236630380153656,0.12066023051738739,0.21791256964206696,0.03820587694644928
horse_00,pg_encoder,horse,a zebra,0.06,100,0.3,7.5,6.7,,0.006,0.5,8777.8,27.750782012939453,0.06000000238418579,0.775802731513977,0.23810602724552155,0.9293795824050903,0.623296856880188,0.1708398461341858,1.0476737022399902,0.04096939414739609,0.0,20270812,20.404996871948242,0.47847095131874084,0.6861000061035156,0.36443477869033813,0.7350023984909058,0.6328651905059814,0.3693937063217163,0.03969944640994072,0.09544428437948227,0.5992965698242188,4.9313820125393475,8.988144389054018,0.29901430010795593,0.11655769497156143,0.31552642583847046,0.1256733238697052
horse_00,pg_encoder,horse,a zebra,0.06,100,0.3,7.5,6.7,,0.006,0.5,8777.8,27.750782012939453,0.06000000238418579,0.775802731513977,0.23810602724552155,0.9293795824050903,0.623296856880188,0.1708398461341858,1.0476737022399902,0.04096939414739609,0.0,20270813,20.371980667114258,0.544116735458374,0.6776058673858643,0.3077317476272583,0.7353627681732178,0.6284174919128418,0.39621245861053467,0.034180350601673126,0.09580779075622559,0.5789260864257812,4.677813767831314,9.7402731951252,0.2776639759540558,0.12054025381803513,0.28450363874435425,0.11869442462921143
horse_00,pg_encoder,horse,a zebra,0.06,100,0.3,7.5,6.7,,0.006,0.5,8777.8,27.750782012939453,0.06000000238418579,0.775802731513977,0.23810602724552155,0.9293795824050903,0.623296856880188,0.1708398461341858,1.0476737022399902,0.04096939414739609,0.0,20270814,20.74993133544922,0.4780886173248291,0.6623347997665405,0.33770355582237244,0.7006679177284241,0.6461959481239319,0.3991087079048157,0.017887763679027557,0.09172825515270233,0.5312652587890625,4.05114989780362,9.888069063308647,0.3084641396999359,0.11709439754486084,0.22729021310806274,0.04803915321826935
horse_00,pg_encoder,horse,a zebra,0.06,100,0.3,7.5,6.7,,0.006,0.5,8777.8,27.750782012939453,0.06000000238418579,0.775802731513977,0.23810602724552155,0.9293795824050903,0.623296856880188,0.1708398461341858,1.0476737022399902,0.04096939414739609,0.0,20270815,20.521923065185547,0.44821521639823914,0.6946629881858826,0.2783360779285431,0.7481748461723328,0.6259700655937195,0.34587448835372925,0.041073791682720184,0.09416808187961578,0.5459391474723816,4.783045400449579,8.682674965918341,0.3113906979560852,0.11754485964775085,0.2751048803329468,0.11364000290632248
horse_00,pg_encoder,horse,a zebra,0.06,100,0.3,7.5,6.7,,0.006,0.5,8777.8,27.750782012939453,0.06000000238418579,0.775802731513977,0.23810602724552155,0.9293795824050903,0.623296856880188,0.1708398461341858,1.0476737022399902,0.04096939414739609,0.0,20270816,20.275043487548828,0.497269868850708,0.6807854175567627,0.3061191141605377,0.7348214983940125,0.6224341988563538,0.39424920082092285,0.022798199206590652,0.09688299149274826,0.5613721609115601,4.521757242200512,10.83706537113723,0.3027697503566742,0.12083994597196579,0.22049903869628906,0.05831914395093918
horse_00,pg_encoder,horse,a zebra,0.06,100,0.3,7.5,6.7,,0.006,0.5,8777.8,27.750782012939453,0.06000000238418579,0.775802731513977,0.23810602724552155,0.9293795824050903,0.623296856880188,0.1708398461341858,1.0476737022399902,0.04096939414739609,0.0,20270817,20.76898765563965,0.5973531007766724,0.6851835250854492,0.3822430968284607,0.7447534203529358,0.6282058954238892,0.3838965892791748,0.02676619030535221,0.09152724593877792,0.527679443359375,4.81377004273368,10.119614863001722,0.3132086396217346,0.11780733615159988,0.25612547993659973,0.11389615386724472
horse_00,pg_encoder,horse,a zebra,0.06,100,0.3,7.5,6.7,,0.006,0.5,8777.8,27.750782012939453,0.06000000238418579,0.775802731513977,0.23810602724552155,0.9293795824050903,0.623296856880188,0.1708398461341858,1.0476737022399902,0.04096939414739609,0.0,20270818,20.362747192382812,0.6024844646453857,0.7019799947738647,0.3410571813583374,0.7431650757789612,0.6300244927406311,0.41188907623291016,0.02820967137813568,0.09590968489646912,0.6046041250228882,5.23710334305504,9.799216073148866,0.27477365732192993,0.12273697555065155,0.2682955861091614,0.11582738161087036
horse_00,pg_encoder,horse,a zebra,0.06,100,0.3,7.5,6.7,,0.006,0.5,8777.8,27.750782012939453,0.06000000238418579,0.775802731513977,0.23810602724552155,0.9293795824050903,0.623296856880188,0.1708398461341858,1.0476737022399902,0.04096939414739609,0.0,20270819,20.25470733642578,0.5172691345214844,0.6585735082626343,0.3377187252044678,0.706361711025238,0.6601669788360596,0.4607415199279785,0.011655032634735107,0.09711010754108429,0.5898526906967163,4.3187990690262135,11.258788924229709,0.2948716878890991,0.11780291050672531,0.1945480853319168,0.03216831386089325
horse_00,pg_encoder,horse,a zebra,0.06,100,0.3,7.5,6.7,,0.006,0.5,8777.8,27.750782012939453,0.06000000238418579,0.775802731513977,0.23810602724552155,0.9293795824050903,0.623296856880188,0.1708398461341858,1.0476737022399902,0.04096939414739609,0.0,20270820,20.631980895996094,0.5986533164978027,0.6676332354545593,0.3614259362220764,0.7277503609657288,0.6574505567550659,0.36829042434692383,0.034879542887210846,0.09298240393400192,0.5495771169662476,3.7250441151145117,8.266623110211242,0.28518927097320557,0.12017831206321716,0.26881831884384155,0.0950050875544548
horse_00,pg_encoder,horse,a zebra,0.06,100,0.3,7.5,6.7,,0.006,0.5,8777.8,27.750782012939453,0.06000000238418579,0.775802731513977,0.23810602724552155,0.9293795824050903,0.623296856880188,0.1708398461341858,1.0476737022399902,0.04096939414739609,0.0,20270821,20.288532257080078,0.611125111579895,0.6619570255279541,0.28305625915527344,0.7349415421485901,0.6311239004135132,0.40107983350753784,0.03459056466817856,0.09673266112804413,0.5436897277832031,4.7487935957718985,10.963074732739384,0.2695782482624054,0.11440636217594147,0.2894887328147888,0.12415792047977448
horse_00,pg_encoder,horse,a zebra,0.06,100,0.3,7.5,6.7,,0.006,0.5,8777.8,27.750782012939453,0.06000000238418579,0.775802731513977,0.23810602724552155,0.9293795824050903,0.623296856880188,0.1708398461341858,1.0476737022399902,0.04096939414739609,0.0,20270822,20.783540725708008,0.48667803406715393,0.6716586947441101,0.3456341624259949,0.7224627137184143,0.6966118216514587,0.4634552001953125,0.017122380435466766,0.09137400984764099,0.5182050466537476,4.659588616958207,8.542068689367955,0.2950078547000885,0.11668869853019714,0.22493594884872437,0.012654304504394531
horse_00,pg_diffusion,horse,a zebra,0.06,100,0.3,7.5,195.6,,0.006,0.5,11557.4,27.395404815673828,0.06000000238418579,0.7754158973693848,0.2583064138889313,0.9345124959945679,0.637875497341156,0.16522616147994995,1.3109382390975952,0.04268041253089905,0.0,20270803,20.984352111816406,0.7751993536949158,0.5654053092002869,0.061398930847644806,0.8025078177452087,0.6304641962051392,0.2993192672729492,1.0784269571304321,0.08928575366735458,0.4764760434627533,4.4590625893626665,4.296558589930947,0.30116647481918335,0.11466535925865173,0.26573994755744934,0.1088724136352539
horse_00,pg_diffusion,horse,a zebra,0.06,100,0.3,7.5,195.6,,0.006,0.5,11557.4,27.395404815673828,0.06000000238418579,0.7754158973693848,0.2583064138889313,0.9345124959945679,0.637875497341156,0.16522616147994995,1.3109382390975952,0.04268041253089905,0.0,20270804,20.362417221069336,0.6679770350456238,0.5220179557800293,0.060850005596876144,0.7901432514190674,0.6241782903671265,0.2771466374397278,0.9198747277259827,0.09591332823038101,0.494476318359375,4.3033246345493765,4.367756012973793,0.24926915764808655,0.12293725460767746,0.3193706274032593,0.11319883167743683
horse_00,pg_diffusion,horse,a zebra,0.06,100,0.3,7.5,195.6,,0.006,0.5,11557.4,27.395404815673828,0.06000000238418579,0.7754158973693848,0.2583064138889313,0.9345124959945679,0.637875497341156,0.16522616147994995,1.3109382390975952,0.04268041253089905,0.0,20270805,21.0316162109375,0.5665934085845947,0.5633680820465088,0.057866811752319336,0.797415018081665,0.6321331262588501,0.2732939124107361,1.0521122217178345,0.08880124241113663,0.4812406003475189,4.60181642625371,5.222272474854385,0.3025479316711426,0.11869032680988312,0.3076443672180176,0.12142724543809891
horse_00,pg_diffusion,horse,a zebra,0.06,100,0.3,7.5,195.6,,0.006,0.5,11557.4,27.395404815673828,0.06000000238418579,0.7754158973693848,0.2583064138889313,0.9345124959945679,0.637875497341156,0.16522616147994995,1.3109382390975952,0.04268041253089905,0.0,20270806,20.391447067260742,0.643433690071106,0.5492172241210938,0.051147036254405975,0.784003734588623,0.6375313997268677,0.302948534488678,0.9578600525856018,0.09559328854084015,0.5359586477279663,4.947919353485325,4.082461899346662,0.26895809173583984,0.12028344720602036,0.2859805226325989,0.10829974710941315
horse_00,pg_diffusion,horse,a zebra,0.06,100,0.3,7.5,195.6,,0.006,0.5,11557.4,27.395404815673828,0.06000000238418579,0.7754158973693848,0.2583064138889313,0.9345124959945679,0.637875497341156,0.16522616147994995,1.3109382390975952,0.04268041253089905,0.0,20270807,20.82109260559082,0.7023481726646423,0.5858721137046814,0.07065833359956741,0.8097036480903625,0.6200181245803833,0.29366588592529297,0.9414691925048828,0.09097983688116074,0.48325347900390625,4.587646491222106,5.060493918775736,0.2982115149497986,0.11654426157474518,0.30780285596847534,0.12299948930740356
horse_00,pg_diffusion,horse,a zebra,0.06,100,0.3,7.5,195.6,,0.006,0.5,11557.4,27.395404815673828,0.06000000238418579,0.7754158973693848,0.2583064138889313,0.9345124959945679,0.637875497341156,0.16522616147994995,1.3109382390975952,0.04268041253089905,0.0,20270808,20.471162796020508,0.6992559432983398,0.5123726725578308,0.040814079344272614,0.7558159828186035,0.6516980528831482,0.28660327196121216,1.3860151767730713,0.09471999108791351,0.4518572688102722,4.604511482947825,5.357668348422577,0.2717088460922241,0.1251557320356369,0.3159397840499878,0.10914526134729385
horse_00,pg_diffusion,horse,a zebra,0.06,100,0.3,7.5,195.6,,0.006,0.5,11557.4,27.395404815673828,0.06000000238418579,0.7754158973693848,0.2583064138889313,0.9345124959945679,0.637875497341156,0.16522616147994995,1.3109382390975952,0.04268041253089905,0.0,20270809,20.882890701293945,0.7013876438140869,0.600810706615448,0.06747785955667496,0.8151712417602539,0.6013949513435364,0.2604745030403137,1.0212191343307495,0.09033483266830444,0.48264312744140625,4.999879146698839,4.667934207520258,0.3127436339855194,0.12280383706092834,0.32275182008743286,0.11114983260631561
horse_00,pg_diffusion,horse,a zebra,0.06,100,0.3,7.5,195.6,,0.006,0.5,11557.4,27.395404815673828,0.06000000238418579,0.7754158973693848,0.2583064138889313,0.9345124959945679,0.637875497341156,0.16522616147994995,1.3109382390975952,0.04268041253089905,0.0,20270810,20.913314819335938,0.5738048553466797,0.5451890230178833,0.06178798899054527,0.7880021929740906,0.6296400427818298,0.2691577672958374,0.8619164824485779,0.09001896530389786,0.47586315870285034,4.534024950218865,5.152023334475372,0.24906040728092194,0.11573521792888641,0.3310352563858032,0.11998236179351807
horse_00,pg_diffusion,horse,a zebra,0.06,100,0.3,7.5,195.6,,0.006,0.5,11557.4,27.395404815673828,0.06000000238418579,0.7754158973693848,0.2583064138889313,0.9345124959945679,0.637875497341156,0.16522616147994995,1.3109382390975952,0.04268041253089905,0.0,20270811,20.78561782836914,0.6889742612838745,0.4714665412902832,0.04514926299452782,0.7555473446846008,0.6647638082504272,0.3194085955619812,1.4739320278167725,0.091352179646492,0.4783782958984375,4.758013872048263,4.568796528437198,0.236630380153656,0.12066023051738739,0.33312731981277466,0.109773650765419
horse_00,pg_diffusion,horse,a zebra,0.06,100,0.3,7.5,195.6,,0.006,0.5,11557.4,27.395404815673828,0.06000000238418579,0.7754158973693848,0.2583064138889313,0.9345124959945679,0.637875497341156,0.16522616147994995,1.3109382390975952,0.04268041253089905,0.0,20270812,20.872041702270508,0.5796499252319336,0.5565128922462463,0.06001603230834007,0.7986342906951904,0.6250969767570496,0.2913956046104431,0.9622789025306702,0.09044770896434784,0.48438137769699097,4.9313820125393475,4.565571781744768,0.29901430010795593,0.11655769497156143,0.313665509223938,0.1188800185918808
horse_00,pg_diffusion,horse,a zebra,0.06,100,0.3,7.5,195.6,,0.006,0.5,11557.4,27.395404815673828,0.06000000238418579,0.7754158973693848,0.2583064138889313,0.9345124959945679,0.637875497341156,0.16522616147994995,1.3109382390975952,0.04268041253089905,0.0,20270813,21.03093719482422,0.6045907735824585,0.5026901364326477,0.057592444121837616,0.7620758414268494,0.6515390872955322,0.29277509450912476,0.993878185749054,0.08880817890167236,0.4682960510253906,4.677813767831314,4.204952469940481,0.2776639759540558,0.12054025381803513,0.2964645028114319,0.10807065665721893
horse_00,pg_diffusion,horse,a zebra,0.06,100,0.3,7.5,195.6,,0.006,0.5,11557.4,27.395404815673828,0.06000000238418579,0.7754158973693848,0.2583064138889313,0.9345124959945679,0.637875497341156,0.16522616147994995,1.3109382390975952,0.04268041253089905,0.0,20270814,20.45519256591797,0.6313517093658447,0.5092174410820007,0.056118302047252655,0.7766867280006409,0.625643789768219,0.2785012722015381,1.1420170068740845,0.09489428251981735,0.4960263669490814,4.05114989780362,4.40251039580792,0.3084641396999359,0.11709439754486084,0.3029736280441284,0.11493471264839172
horse_00,pg_diffusion,horse,a zebra,0.06,100,0.3,7.5,195.6,,0.006,0.5,11557.4,27.395404815673828,0.06000000238418579,0.7754158973693848,0.2583064138889313,0.9345124959945679,0.637875497341156,0.16522616147994995,1.3109382390975952,0.04268041253089905,0.0,20270815,21.457416534423828,0.6442523002624512,0.5474299788475037,0.05808202549815178,0.810869038105011,0.6313273310661316,0.2682790160179138,0.9931190609931946,0.08455295860767365,0.41203054785728455,4.783045400449579,5.182501400850831,0.3113906979560852,0.11754485964775085,0.35291898250579834,0.11642934381961823
horse_00,pg_diffusion,horse,a zebra,0.06,100,0.3,7.5,195.6,,0.006,0.5,11557.4,27.395404815673828,0.06000000238418579,0.7754158973693848,0.2583064138889313,0.9345124959945679,0.637875497341156,0.16522616147994995,1.3109382390975952,0.04268041253089905,0.0,20270816,20.41997718811035,0.5983489751815796,0.5362288951873779,0.05457081273198128,0.8054226636886597,0.6524425745010376,0.3047642111778259,0.9982397556304932,0.09527982026338577,0.4911460876464844,4.521757242200512,4.620403535444265,0.3027697503566742,0.12083994597196579,0.3140190541744232,0.10772630572319031
horse_00,pg_diffusion,horse,a zebra,0.06,100,0.3,7.5,195.6,,0.006,0.5,11557.4,27.395404815673828,0.06000000238418579,0.7754158973693848,0.2583064138889313,0.9345124959945679,0.637875497341156,0.16522616147994995,1.3109382390975952,0.04268041253089905,0.0,20270817,21.321142196655273,0.6008567214012146,0.5344340205192566,0.06790778785943985,0.8182926177978516,0.6260541677474976,0.26251208782196045,1.1476353406906128,0.08589000999927521,0.42654547095298767,4.81377004273368,4.975877134867822,0.3132086396217346,0.11780733615159988,0.3108305037021637,0.11250297725200653
horse_00,pg_diffusion,horse,a zebra,0.06,100,0.3,7.5,195.6,,0.006,0.5,11557.4,27.395404815673828,0.06000000238418579,0.7754158973693848,0.2583064138889313,0.9345124959945679,0.637875497341156,0.16522616147994995,1.3109382390975952,0.04268041253089905,0.0,20270818,20.79724884033203,0.7097452878952026,0.5580185651779175,0.05668720602989197,0.8056929707527161,0.6544486880302429,0.3311413526535034,1.314847469329834,0.09122993797063828,0.4731788635253906,5.23710334305504,4.608318325890731,0.27477365732192993,0.12273697555065155,0.3105309009552002,0.10879753530025482
horse_00,pg_diffusion,horse,a zebra,0.06,100,0.3,7.5,195.6,,0.006,0.5,11557.4,27.395404815673828,0.06000000238418579,0.7754158973693848,0.2583064138889313,0.9345124959945679,0.637875497341156,0.16522616147994995,1.3109382390975952,0.04268041253089905,0.0,20270819,20.673297882080078,0.6237837076187134,0.5260735750198364,0.053575675934553146,0.7776566743850708,0.62983238697052,0.2692873477935791,0.7352902889251709,0.09254114329814911,0.5027669668197632,4.3187990690262135,4.488398570731486,0.2948716878890991,0.11780291050672531,0.3033597469329834,0.12244348973035812
horse_00,pg_diffusion,horse,a zebra,0.06,100,0.3,7.5,195.6,,0.006,0.5,11557.4,27.395404815673828,0.06000000238418579,0.7754158973693848,0.2583064138889313,0.9345124959945679,0.637875497341156,0.16522616147994995,1.3109382390975952,0.04268041253089905,0.0,20270820,20.794952392578125,0.5736437439918518,0.5303284525871277,0.05843638628721237,0.8008121252059937,0.6295229196548462,0.2754185199737549,1.052505612373352,0.09125405550003052,0.46385321021080017,3.7250441151145117,4.9892493020437305,0.28518927097320557,0.12017831206321716,0.3237011432647705,0.11144979298114777
horse_00,pg_diffusion,horse,a zebra,0.06,100,0.3,7.5,195.6,,0.006,0.5,11557.4,27.395404815673828,0.06000000238418579,0.7754158973693848,0.2583064138889313,0.9345124959945679,0.637875497341156,0.16522616147994995,1.3109382390975952,0.04268041253089905,0.0,20270821,20.83259391784668,0.6404820680618286,0.5222248435020447,0.06348470598459244,0.7983762621879578,0.6274753212928772,0.2683197855949402,1.207343578338623,0.09085945785045624,0.4568723142147064,4.7487935957718985,5.070070841658022,0.2695782482624054,0.11440636217594147,0.3248152732849121,0.11739088594913483
horse_00,pg_diffusion,horse,a zebra,0.06,100,0.3,7.5,195.6,,0.006,0.5,11557.4,27.395404815673828,0.06000000238418579,0.7754158973693848,0.2583064138889313,0.9345124959945679,0.637875497341156,0.16522616147994995,1.3109382390975952,0.04268041253089905,0.0,20270822,20.98991584777832,0.6229647397994995,0.5403765439987183,0.051823750138282776,0.7975320816040039,0.6494671702384949,0.315698504447937,1.0606032609939575,0.08922857791185379,0.4459266662597656,4.659588616958207,5.065784162365132,0.2950078547000885,0.11668869853019714,0.31403467059135437,0.12084481865167618
horse_00,semantic,horse,a zebra,0.06,100,0.3,7.5,119.6,0.063720703125,0.006,0.5,8778.6,27.756786346435547,0.06000000238418579,0.7463981509208679,0.243727907538414,0.9071040153503418,0.5868813991546631,0.22311627864837646,1.4096567630767822,0.04094110056757927,0.0,20270803,22.931777954101562,0.8096230626106262,0.5598444938659668,0.06987826526165009,0.7821822762489319,0.5675441026687622,0.2637903690338135,2.680061101913452,0.0713527575135231,0.26700085401535034,4.4590625893626665,2.8635223950958832,0.30116647481918335,0.11466535925865173,0.26276588439941406,0.06248215585947037
horse_00,semantic,horse,a zebra,0.06,100,0.3,7.5,119.6,0.063720703125,0.006,0.5,8778.6,27.756786346435547,0.06000000238418579,0.7463981509208679,0.243727907538414,0.9071040153503418,0.5868813991546631,0.22311627864837646,1.4096567630767822,0.04094110056757927,0.0,20270804,22.48615074157715,0.735285222530365,0.5533480644226074,0.07543619722127914,0.7790198922157288,0.5776708126068115,0.2743246555328369,2.027538537979126,0.07510902732610703,0.2844747006893158,4.3033246345493765,2.5279262512152156,0.24926915764808655,0.12293725460767746,0.2533034682273865,0.07253947108983994
horse_00,semantic,horse,a zebra,0.06,100,0.3,7.5,119.6,0.063720703125,0.006,0.5,8778.6,27.756786346435547,0.06000000238418579,0.7463981509208679,0.243727907538414,0.9071040153503418,0.5868813991546631,0.22311627864837646,1.4096567630767822,0.04094110056757927,0.0,20270805,22.492919921875,0.8256652355194092,0.5463782548904419,0.06501685827970505,0.7735399007797241,0.5828296542167664,0.299487829208374,2.47200083732605,0.07505051791667938,0.2712059020996094,4.60181642625371,2.613514990321309,0.3025479316711426,0.11869032680988312,0.2533112168312073,0.05490417405962944
horse_00,semantic,horse,a zebra,0.06,100,0.3,7.5,119.6,0.063720703125,0.006,0.5,8778.6,27.756786346435547,0.06000000238418579,0.7463981509208679,0.243727907538414,0.9071040153503418,0.5868813991546631,0.22311627864837646,1.4096567630767822,0.04094110056757927,0.0,20270806,22.928356170654297,0.7724123001098633,0.530404806137085,0.05960189923644066,0.7667044401168823,0.5992859601974487,0.2920881509780884,2.2933342456817627,0.0713808536529541,0.2769673764705658,4.947919353485325,2.8955888928776576,0.26895809173583984,0.12028344720602036,0.2651720941066742,0.05049716681241989
horse_00,semantic,horse,a zebra,0.06,100,0.3,7.5,119.6,0.063720703125,0.006,0.5,8778.6,27.756786346435547,0.06000000238418579,0.7463981509208679,0.243727907538414,0.9071040153503418,0.5868813991546631,0.22311627864837646,1.4096567630767822,0.04094110056757927,0.0,20270807,22.555458068847656,0.848321259021759,0.556995689868927,0.07046191394329071,0.7823637127876282,0.5866663455963135,0.2896713614463806,1.9264463186264038,0.07451208680868149,0.2913297116756439,4.587646491222106,3.2314972771085655,0.2982115149497986,0.11654426157474518,0.1986313760280609,0.013295755721628666
horse_00,semantic,horse,a zebra,0.06,100,0.3,7.5,119.6,0.063720703125,0.006,0.5,8778.6,27.756786346435547,0.06000000238418579,0.7463981509208679,0.243727907538414,0.9071040153503418,0.5868813991546631,0.22311627864837646,1.4096567630767822,0.04094110056757927,0.0,20270808,22.019880294799805,0.7151986360549927,0.5286327004432678,0.06050103157758713,0.733433723449707,0.6033763885498047,0.29910778999328613,2.7298531532287598,0.07925118505954742,0.3051134943962097,4.604511482947825,2.8794810737979764,0.2717088460922241,0.1251557320356369,0.23470130562782288,0.004817706532776356
horse_00,semantic,horse,a zebra,0.06,100,0.3,7.5,119.6,0.063720703125,0.006,0.5,8778.6,27.756786346435547,0.06000000238418579,0.7463981509208679,0.243727907538414,0.9071040153503418,0.5868813991546631,0.22311627864837646,1.4096567630767822,0.04094110056757927,0.0,20270809,22.441390991210938,0.798865795135498,0.5485042929649353,0.06477665156126022,0.7691271305084229,0.6097701787948608,0.2852276563644409,2.0336625576019287,0.07549706846475601,0.2881419062614441,4.999879146698839,2.5282733208708206,0.3127436339855194,0.12280383706092834,0.2500733435153961,0.0637965202331543
horse_00,semantic,horse,a zebra,0.06,100,0.3,7.5,119.6,0.063720703125,0.006,0.5,8778.6,27.756786346435547,0.06000000238418579,0.7463981509208679,0.243727907538414,0.9071040153503418,0.5868813991546631,0.22311627864837646,1.4096567630767822,0.04094110056757927,0.0,20270810,22.482908248901367,0.7822788953781128,0.5335214734077454,0.06443361192941666,0.7638225555419922,0.6006338000297546,0.28297460079193115,2.373351573944092,0.07513707131147385,0.29791516065597534,4.534024950218865,2.780738089887891,0.24906040728092194,0.11573521792888641,0.2385709285736084,0.06430623680353165
horse_00,semantic,horse,a zebra,0.06,100,0.3,7.5,119.6,0.063720703125,0.006,0.5,8778.6,27.756786346435547,0.06000000238418579,0.7463981509208679,0.243727907538414,0.9071040153503418,0.5868813991546631,0.22311627864837646,1.4096567630767822,0.04094110056757927,0.0,20270811,22.411470413208008,0.7845602035522461,0.5257810354232788,0.05958971753716469,0.7611097097396851,0.614660918712616,0.28991371393203735,2.292999505996704,0.07575757056474686,0.2939542233943939,4.758013872048263,2.93286842566294,0.236630380153656,0.12066023051738739,0.2506505250930786,0.07165684551000595
horse_00,semantic,horse,a zebra,0.06,100,0.3,7.5,119.6,0.063720703125,0.006,0.5,8778.6,27.756786346435547,0.06000000238418579,0.7463981509208679,0.243727907538414,0.9071040153503418,0.5868813991546631,0.22311627864837646,1.4096567630767822,0.04094110056757927,0.0,20270812,22.59058952331543,0.8097052574157715,0.5606882572174072,0.0646175891160965,0.7743503451347351,0.5943063497543335,0.30921387672424316,2.2347753047943115,0.07421131432056427,0.27165350317955017,4.9313820125393475,2.6282853943704083,0.29901430010795593,0.11655769497156143,0.20071744918823242,0.027720656245946884
horse_00,semantic,horse,a zebra,0.06,100,0.3,7.5,119.6,0.063720703125,0.006,0.5,8778.6,27.756786346435547,0.06000000238418579,0.7463981509208679,0.243727907538414,0.9071040153503418,0.5868813991546631,0.22311627864837646,1.4096567630767822,0.04094110056757927,0.0,20270813,22.297475814819336,0.7260863780975342,0.5124757289886475,0.0656035915017128,0.7394409775733948,0.5848528742790222,0.2907888889312744,2.868950128555298,0.07675839215517044,0.3081448972225189,4.677813767831314,2.4078584570780586,0.2776639759540558,0.12054025381803513,0.2428150773048401,0.05048735439777374
horse_00,semantic,horse,a zebra,0.06,100,0.3,7.5,119.6,0.063720703125,0.006,0.5,8778.6,27.756786346435547,0.06000000238418579,0.7463981509208679,0.243727907538414,0.9071040153503418,0.5868813991546631,0.22311627864837646,1.4096567630767822,0.04094110056757927,0.0,20270814,22.439041137695312,0.6994894742965698,0.49468159675598145,0.05816077068448067,0.7693626284599304,0.6089674830436707,0.2995539903640747,2.4010791778564453,0.07551750540733337,0.3161150813102722,4.05114989780362,2.8815902347100013,0.3084641396999359,0.11709439754486084,0.24891957640647888,0.05089738219976425
horse_00,semantic,horse,a zebra,0.06,100,0.3,7.5,119.6,0.063720703125,0.006,0.5,8778.6,27.756786346435547,0.06000000238418579,0.7463981509208679,0.243727907538414,0.9071040153503418,0.5868813991546631,0.22311627864837646,1.4096567630767822,0.04094110056757927,0.0,20270815,22.510009765625,0.8211766481399536,0.5350173115730286,0.05571826174855232,0.7598317861557007,0.6037260890007019,0.29282212257385254,2.1505753993988037,0.07490300387144089,0.2906138300895691,4.783045400449579,3.3456777431993037,0.3113906979560852,0.11754485964775085,0.24030356109142303,0.014809362590312958
horse_00,semantic,horse,a zebra,0.06,100,0.3,7.5,119.6,0.063720703125,0.006,0.5,8778.6,27.756786346435547,0.06000000238418579,0.7463981509208679,0.243727907538414,0.9071040153503418,0.5868813991546631,0.22311627864837646,1.4096567630767822,0.04094110056757927,0.0,20270816,22.106578826904297,0.8469991683959961,0.5437588095664978,0.05533861368894577,0.7799046039581299,0.61443030834198,0.2984987497329712,2.0742833614349365,0.0784640684723854,0.2822520136833191,4.521757242200512,2.9947622070854725,0.3027697503566742,0.12083994597196579,0.2154945582151413,0.026996776461601257
horse_00,semantic,horse,a zebra,0.06,100,0.3,7.5,119.6,0.063720703125,0.006,0.5,8778.6,27.756786346435547,0.06000000238418579,0.7463981509208679,0.243727907538414,0.9071040153503418,0.5868813991546631,0.22311627864837646,1.4096567630767822,0.04094110056757927,0.0,20270817,21.977230072021484,0.8005329370498657,0.5073035955429077,0.06012101098895073,0.7625746130943298,0.6203337907791138,0.3042337894439697,2.766263246536255,0.07964127510786057,0.32519659399986267,4.81377004273368,3.0773355447562447,0.3132086396217346,0.11780733615159988,0.20831595361232758,0.0050946855917572975
horse_00,semantic,horse,a zebra,0.06,100,0.3,7.5,119.6,0.063720703125,0.006,0.5,8778.6,27.756786346435547,0.06000000238418579,0.7463981509208679,0.243727907538414,0.9071040153503418,0.5868813991546631,0.22311627864837646,1.4096567630767822,0.04094110056757927,0.0,20270818,22.41024398803711,0.8187278509140015,0.544356107711792,0.05999176204204559,0.770296037197113,0.5952683687210083,0.30213630199432373,2.565727710723877,0.07576827704906464,0.2903035581111908,5.23710334305504,2.7452591460534768,0.27477365732192993,0.12273697555065155,0.23861590027809143,0.08075214922428131
horse_00,semantic,horse,a zebra,0.06,100,0.3,7.5,119.6,0.063720703125,0.006,0.5,8778.6,27.756786346435547,0.06000000238418579,0.7463981509208679,0.243727907538414,0.9071040153503418,0.5868813991546631,0.22311627864837646,1.4096567630767822,0.04094110056757927,0.0,20270819,22.599117279052734,0.7275898456573486,0.5340969562530518,0.06441117823123932,0.7840429544448853,0.6085042953491211,0.3061588406562805,2.093276023864746,0.07413848489522934,0.29188793897628784,4.3187990690262135,2.913398829604734,0.2948716878890991,0.11780291050672531,0.20006495714187622,0.0006652269512414932
horse_00,semantic,horse,a zebra,0.06,100,0.3,7.5,119.6,0.063720703125,0.006,0.5,8778.6,27.756786346435547,0.06000000238418579,0.7463981509208679,0.243727907538414,0.9071040153503418,0.5868813991546631,0.22311627864837646,1.4096567630767822,0.04094110056757927,0.0,20270820,22.107555389404297,0.7189273834228516,0.5270501971244812,0.0675065740942955,0.7684208750724792,0.5956625938415527,0.26125335693359375,2.3597660064697266,0.07845523953437805,0.30221304297447205,3.7250441151145117,2.6773831176781493,0.28518927097320557,0.12017831206321716,0.27771374583244324,0.0802447572350502
horse_00,semantic,horse,a zebra,0.06,100,0.3,7.5,119.6,0.063720703125,0.006,0.5,8778.6,27.756786346435547,0.06000000238418579,0.7463981509208679,0.243727907538414,0.9071040153503418,0.5868813991546631,0.22311627864837646,1.4096567630767822,0.04094110056757927,0.0,20270821,22.08864974975586,0.761544942855835,0.5029488801956177,0.06674834340810776,0.7516202330589294,0.5990462303161621,0.29260480403900146,2.3902995586395264,0.07862619310617447,0.3223826289176941,4.7487935957718985,2.8468565219720485,0.2695782482624054,0.11440636217594147,0.2884370684623718,0.07994648814201355
horse_00,semantic,horse,a zebra,0.06,100,0.3,7.5,119.6,0.063720703125,0.006,0.5,8778.6,27.756786346435547,0.06000000238418579,0.7463981509208679,0.243727907538414,0.9071040153503418,0.5868813991546631,0.22311627864837646,1.4096567630767822,0.04094110056757927,0.0,20270822,22.73948860168457,0.8575419187545776,0.5698971152305603,0.061026837676763535,0.7844946384429932,0.5937195420265198,0.28504306077957153,2.070580005645752,0.07294998317956924,0.2708473205566406,4.659588616958207,3.3590485418217026,0.2950078547000885,0.11668869853019714,0.24548517167568207,0.06007874011993408
horse_01,pg_encoder,horse,a zebra,0.06,100,0.3,7.5,6.6,,0.006,0.5,8776.8,26.95992660522461,0.06000000238418579,0.8803529143333435,0.4266388416290283,0.954782247543335,0.48837268352508545,0.12129390239715576,0.876163899898529,0.044874805957078934,0.0,20270803,17.517684936523438,0.8349570631980896,0.45425841212272644,0.14027364552021027,0.6306553483009338,0.7327287197113037,0.38289403915405273,0.03575509041547775,0.1330808699131012,0.5539869070053101,3.9784186132738344,10.237749179095188,0.3194717764854431,0.12002669274806976,0.23138517141342163,0.04040054976940155
horse_01,pg_encoder,horse,a zebra,0.06,100,0.3,7.5,6.6,,0.006,0.5,8776.8,26.95992660522461,0.06000000238418579,0.8803529143333435,0.4266388416290283,0.954782247543335,0.48837268352508545,0.12129390239715576,0.876163899898529,0.044874805957078934,0.0,20270804,17.54172706604004,0.8117660880088806,0.48409515619277954,0.10835979133844376,0.6836464405059814,0.7707273364067078,0.37987446784973145,0.05174846202135086,0.13271303474903107,0.5426546931266785,5.609870631769188,9.48908456575777,0.2480493187904358,0.11871334910392761,0.2683701515197754,0.10834582895040512
horse_01,pg_encoder,horse,a zebra,0.06,100,0.3,7.5,6.6,,0.006,0.5,8776.8,26.95992660522461,0.06000000238418579,0.8803529143333435,0.4266388416290283,0.954782247543335,0.48837268352508545,0.12129390239715576,0.876163899898529,0.044874805957078934,0.0,20270805,17.258974075317383,0.7968345880508423,0.4910047650337219,0.15772394835948944,0.6464158892631531,0.695716381072998,0.30364900827407837,0.09018425643444061,0.137104332447052,0.5379880666732788,4.528524841737418,7.321433396522796,0.31848394870758057,0.11574864387512207,0.3251195251941681,0.1279696226119995
horse_01,pg_encoder,horse,a zebra,0.06,100,0.3,7.5,6.6,,0.006,0.5,8776.8,26.95992660522461,0.06000000238418579,0.8803529143333435,0.4266388416290283,0.954782247543335,0.48837268352508545,0.12129390239715576,0.876163899898529,0.044874805957078934,0.0,20270806,17.196325302124023,0.8171738386154175,0.4560135304927826,0.13706563413143158,0.6413976550102234,0.7243664264678955,0.33765310049057007,0.06098240241408348,0.13809680938720703,0.5515708923339844,4.695670166658552,8.52594337261763,0.3019906282424927,0.11825022101402283,0.28305530548095703,0.12578527629375458
horse_01,pg_encoder,horse,a zebra,0.06,100,0.3,7.5,6.6,,0.006,0.5,8776.8,26.95992660522461,0.06000000238418579,0.8803529143333435,0.4266388416290283,0.954782247543335,0.48837268352508545,0.12129390239715576,0.876163899898529,0.044874805957078934,0.0,20270807,17.316564559936523,0.8700222969055176,0.4752616286277771,0.13688358664512634,0.6588359475135803,0.7560607194900513,0.39305734634399414,0.03121180273592472,0.13619829714298248,0.5583724975585938,5.7033926407304305,8.552699739704298,0.27009186148643494,0.09662297368049622,0.24036391079425812,0.08824871480464935
horse_01,pg_encoder,horse,a zebra,0.06,100,0.3,7.5,6.6,,0.006,0.5,8776.8,26.95992660522461,0.06000000238418579,0.8803529143333435,0.4266388416290283,0.954782247543335,0.48837268352508545,0.12129390239715576,0.876163899898529,0.044874805957078934,0.0,20270808,17.40339469909668,0.837248682975769,0.45522356033325195,0.14794179797172546,0.6340388059616089,0.7557962536811829,0.37459129095077515,0.05753016844391823,0.13484352827072144,0.5626538991928101,4.443247367969385,9.460872159272027,0.3242008090019226,0.12450653314590454,0.221151202917099,0.044332846999168396
horse_01,pg_encoder,horse,a zebra,0.06,100,0.3,7.5,6.6,,0.006,0.5,8776.8,26.95992660522461,0.06000000238418579,0.8803529143333435,0.4266388416290283,0.954782247543335,0.48837268352508545,0.12129390239715576,0.876163899898529,0.044874805957078934,0.0,20270809,17.17491912841797,0.8391379117965698,0.4349033832550049,0.12755870819091797,0.6492276191711426,0.7278240919113159,0.3702971935272217,0.04214184731245041,0.13843756914138794,0.5825462341308594,5.111375940047712,10.764721604715323,0.29114049673080444,0.12236791849136353,0.29567503929138184,0.12464383244514465
horse_01,pg_encoder,horse,a zebra,0.06,100,0.3,7.5,6.6,,0.006,0.5,8776.8,26.95992660522461,0.06000000238418579,0.8803529143333435,0.4266388416290283,0.954782247543335,0.48837268352508545,0.12129390239715576,0.876163899898529,0.044874805957078934,0.0,20270810,17.94085693359375,0.838325023651123,0.4878532588481903,0.12161807715892792,0.660220742225647,0.7031235098838806,0.31049609184265137,0.06777046620845795,0.12675265967845917,0.5112127065658569,5.42561442992657,10.034449202715338,0.30726850032806396,0.11622276157140732,0.2848532795906067,0.12423572689294815
horse_01,pg_encoder,horse,a zebra,0.06,100,0.3,7.5,6.6,,0.006,0.5,8776.8,26.95992660522461,0.06000000238418579,0.8803529143333435,0.4266388416290283,0.954782247543335,0.48837268352508545,0.12129390239715576,0.876163899898529,0.044874805957078934,0.0,20270811,17.451030731201172,0.7546635866165161,0.46491074562072754,0.1570945531129837,0.631167471408844,0.7218143343925476,0.3695805072784424,0.044795598834753036,0.13410605490207672,0.5506159663200378,4.49897942095696,8.901986411626595,0.3229009509086609,0.1152782142162323,0.26413676142692566,0.12226428091526031
horse_01,pg_encoder,horse,a zebra,0.06,100,0.3,7.5,6.6,,0.006,0.5,8776.8,26.95992660522461,0.06000000238418579,0.8803529143333435,0.4266388416290283,0.954782247543335,0.48837268352508545,0.12129390239715576,0.876163899898529,0.044874805957078934,0.0,20270812,17.26845932006836,0.9108051061630249,0.5043672323226929,0.15470995008945465,0.6597912907600403,0.6919677257537842,0.32342666387557983,0.10342583805322647,0.13695470988750458,0.5552228689193726,4.534767896004773,8.190612893117285,0.32217830419540405,0.11899830400943756,0.33288678526878357,0.1261591613292694
horse_01,pg_encoder,horse,a zebra,0.06,100,0.3,7.5,6.6,,0.006,0.5,8776.8,26.95992660522461,0.06000000238418579,0.8803529143333435,0.4266388416290283,0.954782247543335,0.48837268352508545,0.12129390239715576,0.876163899898529,0.044874805957078934,0.0,20270813,17.973684310913086,0.8182446956634521,0.5053223967552185,0.155656635761261,0.6660892367362976,0.7048724889755249,0.33797746896743774,0.07058048248291016,0.12627451121807098,0.5070050954818726,5.05674079940135,10.760237252286402,0.2743959426879883,0.11939017474651337,0.28155747056007385,0.11803874373435974
horse_01,pg_encoder,horse,a zebra,0.06,100,0.3,7.5,6.6,,0.006,0.5,8776.8,26.95992660522461,0.06000000238418579,0.8803529143333435,0.4266388416290283,0.954782247543335,0.48837268352508545,0.12129390239715576,0.876163899898529,0.044874805957078934,0.0,20270814,17.185379028320312,0.9080809354782104,0.45070570707321167,0.10344014316797256,0.6640031337738037,0.7266197204589844,0.3475702404975891,0.0688295066356659,0.13827095925807953,0.5473887324333191,4.344498937941049,9.831875883783992,0.31920403242111206,0.12385765463113785,0.25390487909317017,0.07667337357997894
horse_01,pg_encoder,horse,a zebra,0.06,100,0.3,7.5,6.6,,0.006,0.5,8776.8,26.95992660522461,0.06000000238418579,0.8803529143333435,0.4266388416290283,0.954782247543335,0.48837268352508545,0.12129390239715576,0.876163899898529,0.044874805957078934,0.0,20270815,16.985393524169922,0.9197461605072021,0.45700153708457947,0.11879915744066238,0.6415964961051941,0.7180764675140381,0.3482764959335327,0.11622297763824463,0.14149145781993866,0.5613416433334351,4.935672946514226,9.295010993428734,0.30307886004447937,0.12327432632446289,0.2990574538707733,0.11615117639303207
horse_01,pg_encoder,horse,a zebra,0.06,100,0.3,7.5,6.6,,0.006,0.5,8776.8,26.95992660522461,0.06000000238418579,0.8803529143333435,0.4266388416290283,0.954782247543335,0.48837268352508545,0.12129390239715576,0.876163899898529,0.044874805957078934,0.0,20270816,17.816009521484375,0.8197541236877441,0.4969112277030945,0.13744211196899414,0.6646150350570679,0.7223734855651855,0.3468745946884155,0.0629945620894432,0.12858769297599792,0.5216013789176941,4.421662516573335,8.84039098680851,0.2956352233886719,0.1209585964679718,0.31232553720474243,0.1186394989490509
horse_01,pg_encoder,horse,a zebra,0.06,100,0.3,7.5,6.6,,0.006,0.5,8776.8,26.95992660522461,0.06000000238418579,0.8803529143333435,0.4266388416290283,0.954782247543335,0.48837268352508545,0.12129390239715576,0.876163899898529,0.044874805957078934,0.0,20270817,17.026769638061523,0.8891944885253906,0.4565330445766449,0.14257344603538513,0.6316714286804199,0.7394362688064575,0.3407095670700073,0.0780739113688469,0.14081904292106628,0.5586065053939819,4.378174947239652,9.448810528449542,0.3237559497356415,0.11828695237636566,0.24083510041236877,0.12055771052837372
horse_01,pg_encoder,horse,a zebra,0.06,100,0.3,7.5,6.6,,0.006,0.5,8776.8,26.95992660522461,0.06000000238418579,0.8803529143333435,0.4266388416290283,0.954782247543335,0.48837268352508545,0.12129390239715576,0.876163899898529,0.044874805957078934,0.0,20270818,16.602882385253906,0.8072357177734375,0.4469139575958252,0.1317083239555359,0.6290954947471619,0.7484831809997559,0.39254629611968994,0.03374322131276131,0.14786173403263092,0.581122100353241,5.562426676601409,9.02734459309905,0.3320958614349365,0.12088045477867126,0.2600242793560028,0.09598828852176666
horse_01,pg_encoder,horse,a zebra,0.06,100,0.3,7.5,6.6,,0.006,0.5,8776.8,26.95992660522461,0.06000000238418579,0.8803529143333435,0.4266388416290283,0.954782247543335,0.48837268352508545,0.12129390239715576,0.876163899898529,0.044874805957078934,0.0,20270819,17.456811904907227,0.7726137638092041,0.4549447000026703,0.09821347147226334,0.671076238155365,0.7339221239089966,0.3621584177017212,0.056804995983839035,0.13401681184768677,0.5366236567497253,4.947912907031887,11.772120043804856,0.3014844059944153,0.11660966277122498,0.2142302393913269,0.054375141859054565
horse_01,pg_encoder,horse,a zebra,0.06,100,0.3,7.5,6.6,,0.006,0.5,8776.8,26.95992660522461,0.06000000238418579,0.8803529143333435,0.4266388416290283,0.954782247543335,0.48837268352508545,0.12129390239715576,0.876163899898529,0.044874805957078934,0.0,20270820,17.223405838012695,0.827441930770874,0.4625227451324463,0.13108249008655548,0.6415221095085144,0.725442111492157,0.3729392886161804,0.050734274089336395,0.13766692578792572,0.5552228689193726,5.032616051413828,9.232418269419131,0.32240837812423706,0.12383395433425903,0.2564799189567566,0.05466756224632263
horse_01,pg_encoder,horse,a zebra,0.06,100,0.3,7.5,6.6,,0.006,0.5,8776.8,26.95992660522461,0.06000000238418579,0.8803529143333435,0.4266388416290283,0.954782247543335,0.48837268352508545,0.12129390239715576,0.876163899898529,0.044874805957078934,0.0,20270821,17.422977447509766,0.824275553226471,0.4753898084163666,0.11804758757352829,0.6620115041732788,0.7474693059921265,0.36919665336608887,0.052559591829776764,0.1345399171113968,0.5506426692008972,4.624900109333406,8.080921192614976,0.3183037340641022,0.11159847676753998,0.2520257830619812,0.07958541065454483
horse_01,pg_encoder,horse,a zebra,0.06,100,0.3,7.5,6.6,,0.006,0.5,8776.8,26.95992660522461,0.06000000238418579,0.8803529143333435,0.4266388416290283,0.954782247543335,0.48837268352508545,0.12129390239715576,0.876163899898529,0.044874805957078934,0.0,20270822,17.669315338134766,0.6881389021873474,0.44705677032470703,0.14111703634262085,0.6373076438903809,0.7566912174224854,0.37702763080596924,0.04420917108654976,0.13077783584594727,0.5780474543571472,4.994280352888143,9.071500766942657,0.3154008388519287,0.11535054445266724,0.24779903888702393,0.0754762589931488
horse_01,pg_diffusion,horse,a zebra,0.06,100,0.3,7.5,194.9,,0.006,0.5,11556.4,27.489967346191406,0.06000000238418579,0.8911112546920776,0.4739292562007904,0.9637672901153564,0.44337260723114014,0.115386962890625,0.9898033738136292,0.04221826791763306,0.0,20270803,17.112958908081055,0.9491769075393677,0.4340819716453552,0.06586145609617233,0.7477402091026306,0.5649860501289368,0.2283894419670105,0.7426440715789795,0.13942863047122955,0.5390523672103882,3.9784186132738344,3.1692086188145314,0.3194717764854431,0.12002669274806976,0.3368973731994629,0.11236956715583801
horse_01,pg_diffusion,horse,a zebra,0.06,100,0.3,7.5,194.9,,0.006,0.5,11556.4,27.489967346191406,0.06000000238418579,0.8911112546920776,0.4739292562007904,0.9637672901153564,0.44337260723114014,0.115386962890625,0.9898033738136292,0.04221826791763306,0.0,20270804,17.451990127563477,0.9346098303794861,0.44207963347435,0.07293684780597687,0.7521915435791016,0.5885688066482544,0.21621251106262207,0.5787966251373291,0.13409122824668884,0.5469831228256226,5.609870631769188,4.494525344372811,0.2480493187904358,0.11871334910392761,0.3101009130477905,0.1197216734290123
horse_01,pg_diffusion,horse,a zebra,0.06,100,0.3,7.5,194.9,,0.006,0.5,11556.4,27.489967346191406,0.06000000238418579,0.8911112546920776,0.4739292562007904,0.9637672901153564,0.44337260723114014,0.115386962890625,0.9898033738136292,0.04221826791763306,0.0,20270805,17.510820388793945,0.9813085794448853,0.47296643257141113,0.07693453878164291,0.7519418597221375,0.5486997365951538,0.2149791717529297,0.6212751269340515,0.13318608701229095,0.5297470092773438,4.528524841737418,2.601138673230349,0.31848394870758057,0.11574864387512207,0.23583072423934937,0.11622064560651779
horse_01,pg_diffusion,horse,a zebra,0.06,100,0.3,7.5,194.9,,0.006,0.5,11556.4,27.489967346191406,0.06000000238418579,0.8911112546920776,0.4739292562007904,0.9637672901153564,0.44337260723114014,0.115386962890625,0.9898033738136292,0.04221826791763306,0.0,20270806,17.264347076416016,0.9547308683395386,0.4362689256668091,0.07138334214687347,0.7447531819343567,0.5795626640319824,0.2336674928665161,0.6353962421417236,0.1370195597410202,0.5530904531478882,4.695670166658552,4.005084482723065,0.3019906282424927,0.11825022101402283,0.3154177665710449,0.11639341711997986
horse_01,pg_diffusion,horse,a zebra,0.06,100,0.3,7.5,194.9,,0.006,0.5,11556.4,27.489967346191406,0.06000000238418579,0.8911112546920776,0.4739292562007904,0.9637672901153564,0.44337260723114014,0.115386962890625,0.9898033738136292,0.04221826791763306,0.0,20270807,16.948740005493164,0.9691983461380005,0.38836440443992615,0.059953588992357254,0.7422450184822083,0.6133390665054321,0.24020135402679443,0.5881007313728333,0.1420898139476776,0.5714213252067566,5.7033926407304305,5.78142290013943,0.27009186148643494,0.09662297368049622,0.3136918544769287,0.12387043982744217
horse_01,pg_diffusion,horse,a zebra,0.06,100,0.3,7.5,194.9,,0.006,0.5,11556.4,27.489967346191406,0.06000000238418579,0.8911112546920776,0.4739292562007904,0.9637672901153564,0.44337260723114014,0.115386962890625,0.9898033738136292,0.04221826791763306,0.0,20270808,17.24423599243164,0.9229645729064941,0.44820916652679443,0.06820294260978699,0.7353575825691223,0.5710787773132324,0.22845977544784546,0.529396653175354,0.13733717799186707,0.5499255061149597,4.443247367969385,3.507364716425512,0.3242008090019226,0.12450653314590454,0.3210431933403015,0.11726939678192139
horse_01,pg_diffusion,horse,a zebra,0.06,100,0.3,7.5,194.9,,0.006,0.5,11556.4,27.489967346191406,0.06000000238418579,0.8911112546920776,0.4739292562007904,0.9637672901153564,0.44337260723114014,0.115386962890625,0.9898033738136292,0.04221826791763306,0.0,20270809,16.622573852539062,0.9100997447967529,0.4114344120025635,0.06254164129495621,0.7307347655296326,0.5935391783714294,0.23577451705932617,0.5544999241828918,0.14752690494060516,0.6030807495117188,5.111375940047712,4.511312371508184,0.29114049673080444,0.12236791849136353,0.3143245577812195,0.1213100254535675
horse_01,pg_diffusion,horse,a zebra,0.06,100,0.3,7.5,194.9,,0.006,0.5,11556.4,27.489967346191406,0.06000000238418579,0.8911112546920776,0.4739292562007904,0.9637672901153564,0.44337260723114014,0.115386962890625,0.9898033738136292,0.04221826791763306,0.0,20270810,17.01907730102539,0.9599785804748535,0.4180642366409302,0.05833257734775543,0.7344008088111877,0.5971516966819763,0.2032618522644043,0.7819411158561707,0.14094384014606476,0.5356470942497253,5.42561442992657,5.209417997608516,0.30726850032806396,0.11622276157140732,0.3116959035396576,0.12463702261447906
horse_01,pg_diffusion,horse,a zebra,0.06,100,0.3,7.5,194.9,,0.006,0.5,11556.4,27.489967346191406,0.06000000238418579,0.8911112546920776,0.4739292562007904,0.9637672901153564,0.44337260723114014,0.115386962890625,0.9898033738136292,0.04221826791763306,0.0,20270811,17.331087112426758,0.9044817090034485,0.4451625347137451,0.06766112148761749,0.7395138740539551,0.5795820355415344,0.23923414945602417,0.5300657153129578,0.13597078621387482,0.5531667470932007,4.49897942095696,2.7605632860020823,0.3229009509086609,0.1152782142162323,0.30361104011535645,0.11466066539287567
horse_01,pg_diffusion,horse,a zebra,0.06,100,0.3,7.5,194.9,,0.006,0.5,11556.4,27.489967346191406,0.06000000238418579,0.8911112546920776,0.4739292562007904,0.9637672901153564,0.44337260723114014,0.115386962890625,0.9898033738136292,0.04221826791763306,0.0,20270812,16.877588272094727,0.9413532018661499,0.43083032965660095,0.06851747632026672,0.7272555232048035,0.607714831829071,0.2357991337776184,0.6875283122062683,0.14325854182243347,0.5502777099609375,4.534767896004773,3.5229258467858555,0.32217830419540405,0.11899830400943756,0.3367626667022705,0.11755074560642242
horse_01,pg_diffusion,horse,a zebra,0.06,100,0.3,7.5,194.9,,0.006,0.5,11556.4,27.489967346191406,0.06000000238418579,0.8911112546920776,0.4739292562007904,0.9637672901153564,0.44337260723114014,0.115386962890625,0.9898033738136292,0.04221826791763306,0.0,20270813,17.135414123535156,0.9402395486831665,0.42921099066734314,0.05993249639868736,0.7384015321731567,0.5906046628952026,0.23357915878295898,0.7053700685501099,0.1390686333179474,0.5499051809310913,5.05674079940135,2.5282262469347354,0.2743959426879883,0.11939017474651337,0.305963933467865,0.10587325692176819
horse_01,pg_diffusion,horse,a zebra,0.06,100,0.3,7.5,194.9,,0.006,0.5,11556.4,27.489967346191406,0.06000000238418579,0.8911112546920776,0.4739292562007904,0.9637672901153564,0.44337260723114014,0.115386962890625,0.9898033738136292,0.04221826791763306,0.0,20270814,16.740327835083008,0.9455912113189697,0.40871840715408325,0.06303897500038147,0.7305554747581482,0.6064041256904602,0.24823695421218872,0.6168109774589539,0.14554038643836975,0.5772590637207031,4.344498937941049,3.498908568652979,0.31920403242111206,0.12385765463113785,0.29180335998535156,0.10888545215129852
horse_01,pg_diffusion,horse,a zebra,0.06,100,0.3,7.5,194.9,,0.006,0.5,11556.4,27.489967346191406,0.06000000238418579,0.8911112546920776,0.4739292562007904,0.9637672901153564,0.44337260723114014,0.115386962890625,0.9898033738136292,0.04221826791763306,0.0,20270815,17.08833122253418,1.0,0.4398183524608612,0.06788627058267593,0.7418298721313477,0.5864943265914917,0.2244824767112732,0.5957118272781372,0.1398245394229889,0.5686671137809753,4.935672946514226,2.5209683107020466,0.30307886004447937,0.12327432632446289,0.32317787408828735,0.1141640841960907
horse_01,pg_diffusion,horse,a zebra,0.06,100,0.3,7.5,194.9,,0.006,0.5,11556.4,27.489967346191406,0.06000000238418579,0.8911112546920776,0.4739292562007904,0.9637672901153564,0.44337260723114014,0.115386962890625,0.9898033738136292,0.04221826791763306,0.0,20270816,17.389741897583008,0.9508216381072998,0.43830403685569763,0.06790206581354141,0.745621919631958,0.5848888158798218,0.24610090255737305,0.5382395386695862,0.13505566120147705,0.5473620295524597,4.421662516573335,3.141775656172825,0.2956352233886719,0.1209585964679718,0.29845261573791504,0.09827534109354019
horse_01,pg_diffusion,horse,a zebra,0.06,100,0.3,7.5,194.9,,0.006,0.5,11556.4,27.489967346191406,0.06000000238418579,0.8911112546920776,0.4739292562007904,0.9637672901153564,0.44337260723114014,0.115386962890625,0.9898033738136292,0.04221826791763306,0.0,20270817,16.405752182006836,0.9417437314987183,0.42800992727279663,0.057081084698438644,0.7296000719070435,0.5698484182357788,0.19694077968597412,0.7637206315994263,0.15125589072704315,0.5518328547477722,4.378174947239652,6.243548453171434,0.3237559497356415,0.11828695237636566,0.2914472222328186,0.10671689361333847
horse_01,pg_diffusion,horse,a zebra,0.06,100,0.3,7.5,194.9,,0.006,0.5,11556.4,27.489967346191406,0.06000000238418579,0.8911112546920776,0.4739292562007904,0.9637672901153564,0.44337260723114014,0.115386962890625,0.9898033738136292,0.04221826791763306,0.0,20270818,16.878807067871094,0.947006106376648,0.4553694725036621,0.06893020868301392,0.7454923391342163,0.5574170351028442,0.2139960527420044,0.6047084331512451,0.14323844015598297,0.5588849782943726,5.562426676601409,3.212049379250456,0.3320958614349365,0.12088045477867126,0.35082390904426575,0.11824262142181396
horse_01,pg_diffusion,horse,a zebra,0.06,100,0.3,7.5,194.9,,0.006,0.5,11556.4,27.489967346191406,0.06000000238418579,0.8911112546920776,0.4739292562007904,0.9637672901153564,0.44337260723114014,0.115386962890625,0.9898033738136292,0.04221826791763306,0.0,20270819,17.34850311279297,0.9540383815765381,0.4137614667415619,0.06483402103185654,0.7343153953552246,0.5966557264328003,0.23200440406799316,0.595634400844574,0.13569839298725128,0.5626437067985535,4.947912907031887,3.718669091323548,0.3014844059944153,0.11660966277122498,0.2761664390563965,0.10986009240150452
horse_01,pg_diffusion,horse,a zebra,0.06,100,0.3,7.5,194.9,,0.006,0.5,11556.4,27.489967346191406,0.06000000238418579,0.8911112546920776,0.4739292562007904,0.9637672901153564,0.44337260723114014,0.115386962890625,0.9898033738136292,0.04221826791763306,0.0,20270820,16.785953521728516,0.9280773401260376,0.43694397807121277,0.06893947720527649,0.7420815229415894,0.5797873735427856,0.20386934280395508,0.6331651210784912,0.14477787911891937,0.5738868713378906,5.032616051413828,4.905698752142334,0.32240837812423706,0.12383395433425903,0.31863802671432495,0.10678026080131531
horse_01,pg_diffusion,horse,a zebra,0.06,100,0.3,7.5,194.9,,0.006,0.5,11556.4,27.489967346191406,0.06000000238418579,0.8911112546920776,0.4739292562007904,0.9637672901153564,0.44337260723114014,0.115386962890625,0.9898033738136292,0.04221826791763306,0.0,20270821,17.29627799987793,0.9725574254989624,0.4215737283229828,0.06518141180276871,0.723191499710083,0.6006057858467102,0.2219754457473755,0.558549702167511,0.1365167796611786,0.5466130971908569,4.624900109333406,3.0190032338134554,0.3183037340641022,0.11159847676753998,0.3119264543056488,0.12100602686405182
horse_01,pg_diffusion,horse,a zebra,0.06,100,0.3,7.5,194.9,,0.006,0.5,11556.4,27.489967346191406,0.06000000238418579,0.8911112546920776,0.4739292562007904,0.9637672901153564,0.44337260723114014,0.115386962890625,0.9898033738136292,0.04221826791763306,0.0,20270822,16.96538543701172,0.9151849746704102,0.40293383598327637,0.060406722128391266,0.7294021844863892,0.6089454889297485,0.2543295621871948,0.7010091543197632,0.14181777834892273,0.582403838634491,4.994280352888143,4.544961331381731,0.3154008388519287,0.11535054445266724,0.3430629372596741,0.11487500369548798
horse_01,semantic,horse,a zebra,0.06,100,0.3,7.5,119.5,0.036865234375,0.006,0.5,8777.6,27.37390899658203,0.06000000238418579,0.8851903676986694,0.45740100741386414,0.955628514289856,0.43338245153427124,0.1618635654449463,0.9845890402793884,0.042786166071891785,0.0,20270803,16.82386016845703,0.9710628986358643,0.43994438648223877,0.06125960499048233,0.7629860639572144,0.5230906009674072,0.25928056240081787,0.9681435227394104,0.14414745569229126,0.5438792109489441,3.9784186132738344,4.372028054499505,0.3194717764854431,0.12002669274806976,0.22504380345344543,0.04180249571800232
horse_01,semantic,horse,a zebra,0.06,100,0.3,7.5,119.5,0.036865234375,0.006,0.5,8777.6,27.37390899658203,0.06000000238418579,0.8851903676986694,0.45740100741386414,0.955628514289856,0.43338245153427124,0.1618635654449463,0.9845890402793884,0.042786166071891785,0.0,20270804,17.267244338989258,0.9636654853820801,0.4444670081138611,0.06783900409936905,0.7635602951049805,0.5267913937568665,0.2751622200012207,0.934319019317627,0.13697385787963867,0.5414263606071472,5.609870631769188,3.4316446859886875,0.2480493187904358,0.11871334910392761,0.233676016330719,0.020286116749048233
horse_01,semantic,horse,a zebra,0.06,100,0.3,7.5,119.5,0.036865234375,0.006,0.5,8777.6,27.37390899658203,0.06000000238418579,0.8851903676986694,0.45740100741386414,0.955628514289856,0.43338245153427124,0.1618635654449463,0.9845890402793884,0.042786166071891785,0.0,20270805,16.790922164916992,1.0,0.46076297760009766,0.06377995759248734,0.7557611465454102,0.5262572765350342,0.2312072515487671,0.8836569786071777,0.14469508826732635,0.5324834585189819,4.528524841737418,4.864545257718013,0.31848394870758057,0.11574864387512207,0.27274462580680847,0.047105103731155396
horse_01,semantic,horse,a zebra,0.06,100,0.3,7.5,119.5,0.036865234375,0.006,0.5,8777.6,27.37390899658203,0.06000000238418579,0.8851903676986694,0.45740100741386414,0.955628514289856,0.43338245153427124,0.1618635654449463,0.9845890402793884,0.042786166071891785,0.0,20270806,17.296070098876953,0.9075446724891663,0.46796929836273193,0.06940025836229324,0.7713653445243835,0.5285762548446655,0.2693297266960144,0.8317469358444214,0.13652002811431885,0.5226211547851562,4.695670166658552,4.520692570472961,0.3019906282424927,0.11825022101402283,0.22426189482212067,-0.011751733720302582
horse_01,semantic,horse,a zebra,0.06,100,0.3,7.5,119.5,0.036865234375,0.006,0.5,8777.6,27.37390899658203,0.06000000238418579,0.8851903676986694,0.45740100741386414,0.955628514289856,0.43338245153427124,0.1618635654449463,0.9845890402793884,0.042786166071891785,0.0,20270807,16.76206398010254,1.0,0.4506290555000305,0.06401897221803665,0.7679224610328674,0.5045201778411865,0.22934502363204956,1.050229787826538,0.14517664909362793,0.5342369079589844,5.7033926407304305,4.246322408731278,0.27009186148643494,0.09662297368049622,0.25015053153038025,0.049153078347444534
horse_01,semantic,horse,a zebra,0.06,100,0.3,7.5,119.5,0.036865234375,0.006,0.5,8777.6,27.37390899658203,0.06000000238418579,0.8851903676986694,0.45740100741386414,0.955628514289856,0.43338245153427124,0.1618635654449463,0.9845890402793884,0.042786166071891785,0.0,20270808,17.07572364807129,1.0,0.43834710121154785,0.06660866737365723,0.7604361176490784,0.5122115015983582,0.27257686853408813,1.047133207321167,0.14002762734889984,0.5371920466423035,4.443247367969385,3.137340173834917,0.3242008090019226,0.12450653314590454,0.23218628764152527,-0.014889294281601906
horse_01,semantic,horse,a zebra,0.06,100,0.3,7.5,119.5,0.036865234375,0.006,0.5,8777.6,27.37390899658203,0.06000000238418579,0.8851903676986694,0.45740100741386414,0.955628514289856,0.43338245153427124,0.1618635654449463,0.9845890402793884,0.042786166071891785,0.0,20270809,16.479270935058594,1.0,0.4280685782432556,0.06458526849746704,0.7652279138565063,0.5362544059753418,0.2814445495605469,0.8885871767997742,0.1499810367822647,0.5701802968978882,5.111375940047712,4.326755700940905,0.29114049673080444,0.12236791849136353,0.2252826988697052,0.011762743815779686
horse_01,semantic,horse,a zebra,0.06,100,0.3,7.5,119.5,0.036865234375,0.006,0.5,8777.6,27.37390899658203,0.06000000238418579,0.8851903676986694,0.45740100741386414,0.955628514289856,0.43338245153427124,0.1618635654449463,0.9845890402793884,0.042786166071891785,0.0,20270810,17.481319427490234,0.9671093225479126,0.48120105266571045,0.06975196301937103,0.7858047485351562,0.518754243850708,0.23488974571228027,0.9020828008651733,0.13363924622535706,0.5166524648666382,5.42561442992657,5.275510875148708,0.30726850032806396,0.11622276157140732,0.2590091824531555,0.08774565160274506
horse_01,semantic,horse,a zebra,0.06,100,0.3,7.5,119.5,0.036865234375,0.006,0.5,8777.6,27.37390899658203,0.06000000238418579,0.8851903676986694,0.45740100741386414,0.955628514289856,0.43338245153427124,0.1618635654449463,0.9845890402793884,0.042786166071891785,0.0,20270811,16.3012752532959,0.9790908694267273,0.40710291266441345,0.05753089487552643,0.7479696273803711,0.5382587909698486,0.2521005868911743,1.1452206373214722,0.15308623015880585,0.5585162043571472,4.49897942095696,4.21656985713856,0.3229009509086609,0.1152782142162323,0.30365681648254395,0.07707235962152481
horse_01,semantic,horse,a zebra,0.06,100,0.3,7.5,119.5,0.036865234375,0.006,0.5,8777.6,27.37390899658203,0.06000000238418579,0.8851903676986694,0.45740100741386414,0.955628514289856,0.43338245153427124,0.1618635654449463,0.9845890402793884,0.042786166071891785,0.0,20270812,16.473642349243164,1.0,0.46976396441459656,0.06759951263666153,0.7664951086044312,0.5490378141403198,0.2571437954902649,0.9408674836158752,0.15007828176021576,0.5361124873161316,4.534767896004773,4.459616953206188,0.32217830419540405,0.11899830400943756,0.25123101472854614,0.07413311302661896
horse_01,semantic,horse,a zebra,0.06,100,0.3,7.5,119.5,0.036865234375,0.006,0.5,8777.6,27.37390899658203,0.06000000238418579,0.8851903676986694,0.45740100741386414,0.955628514289856,0.43338245153427124,0.1618635654449463,0.9845890402793884,0.042786166071891785,0.0,20270813,17.03790855407715,0.9828124642372131,0.4511604905128479,0.06502975523471832,0.7711651921272278,0.5426751375198364,0.24885809421539307,1.0676958560943604,0.14063860476016998,0.5325025320053101,5.05674079940135,4.928757939181324,0.2743959426879883,0.11939017474651337,0.23020638525485992,0.05632869154214859
horse_01,semantic,horse,a zebra,0.06,100,0.3,7.5,119.5,0.036865234375,0.006,0.5,8777.6,27.37390899658203,0.06000000238418579,0.8851903676986694,0.45740100741386414,0.955628514289856,0.43338245153427124,0.1618635654449463,0.9845890402793884,0.042786166071891785,0.0,20270814,16.60494613647461,1.0,0.43617624044418335,0.06302610039710999,0.7608503103256226,0.5425249338150024,0.2516225576400757,0.9087798595428467,0.14782662689685822,0.551214873790741,4.344498937941049,4.008421054417503,0.31920403242111206,0.12385765463113785,0.25026583671569824,0.09111417829990387
horse_01,semantic,horse,a zebra,0.06,100,0.3,7.5,119.5,0.036865234375,0.006,0.5,8777.6,27.37390899658203,0.06000000238418579,0.8851903676986694,0.45740100741386414,0.955628514289856,0.43338245153427124,0.1618635654449463,0.9845890402793884,0.042786166071891785,0.0,20270815,16.85243797302246,0.9661704301834106,0.46350258588790894,0.0691584050655365,0.7676501274108887,0.5275298953056335,0.2774602174758911,0.8505070805549622,0.14367395639419556,0.5368639826774597,4.935672946514226,4.933039838488271,0.30307886004447937,0.12327432632446289,0.25644612312316895,0.01947212964296341
horse_01,semantic,horse,a zebra,0.06,100,0.3,7.5,119.5,0.036865234375,0.006,0.5,8777.6,27.37390899658203,0.06000000238418579,0.8851903676986694,0.45740100741386414,0.955628514289856,0.43338245153427124,0.1618635654449463,0.9845890402793884,0.042786166071891785,0.0,20270816,17.245037078857422,1.0,0.46332237124443054,0.06904817372560501,0.7772487998008728,0.5101735591888428,0.2692261338233948,0.9556368589401245,0.1373245120048523,0.5153757929801941,4.421662516573335,3.801398943290248,0.2956352233886719,0.1209585964679718,0.20920035243034363,0.0011759847402572632
horse_01,semantic,horse,a zebra,0.06,100,0.3,7.5,119.5,0.036865234375,0.006,0.5,8777.6,27.37390899658203,0.06000000238418579,0.8851903676986694,0.45740100741386414,0.955628514289856,0.43338245153427124,0.1618635654449463,0.9845890402793884,0.042786166071891785,0.0,20270817,16.364437103271484,0.9905672073364258,0.4338873326778412,0.06360921263694763,0.7558126449584961,0.5382410883903503,0.24669820070266724,0.8932668566703796,0.1519770622253418,0.5486692190170288,4.378174947239652,4.554277687835666,0.3237559497356415,0.11828695237636566,0.2849118113517761,0.07072779536247253
horse_01,semantic,horse,a zebra,0.06,100,0.3,7.5,119.5,0.036865234375,0.006,0.5,8777.6,27.37390899658203,0.06000000238418579,0.8851903676986694,0.45740100741386414,0.955628514289856,0.43338245153427124,0.1618635654449463,0.9845890402793884,0.042786166071891785,0.0,20270818,16.385055541992188,0.9682735800743103,0.44552063941955566,0.06056778505444527,0.7533203363418579,0.536094605922699,0.25812339782714844,0.7822068929672241,0.15161676704883575,0.5520426630973816,5.562426676601409,5.5238899786632185,0.3320958614349365,0.12088045477867126,0.245233952999115,0.08652392774820328
horse_01,semantic,horse,a zebra,0.06,100,0.3,7.5,119.5,0.036865234375,0.006,0.5,8777.6,27.37390899658203,0.06000000238418579,0.8851903676986694,0.45740100741386414,0.955628514289856,0.43338245153427124,0.1618635654449463,0.9845890402793884,0.042786166071891785,0.0,20270819,16.896072387695312,0.9850924015045166,0.4246872067451477,0.06036366894841194,0.7508712410926819,0.5310968160629272,0.24528181552886963,0.9238471984863281,0.1429540067911148,0.5488700866699219,4.947912907031887,3.85817512932286,0.3014844059944153,0.11660966277122498,0.23049116134643555,0.09038800001144409
horse_01,semantic,horse,a zebra,0.06,100,0.3,7.5,119.5,0.036865234375,0.006,0.5,8777.6,27.37390899658203,0.06000000238418579,0.8851903676986694,0.45740100741386414,0.955628514289856,0.43338245153427124,0.1618635654449463,0.9845890402793884,0.042786166071891785,0.0,20270820,15.858298301696777,1.0,0.41852861642837524,0.06050017103552818,0.754825234413147,0.5424914956092834,0.2560086250305176,1.2015330791473389,0.16109609603881836,0.5897395014762878,5.032616051413828,4.902438440181912,0.32240837812423706,0.12383395433425903,0.23884472250938416,0.021498389542102814
horse_01,semantic,horse,a zebra,0.06,100,0.3,7.5,119.5,0.036865234375,0.006,0.5,8777.6,27.37390899658203,0.06000000238418579,0.8851903676986694,0.45740100741386414,0.955628514289856,0.43338245153427124,0.1618635654449463,0.9845890402793884,0.042786166071891785,0.0,20270821,16.74651527404785,1.0,0.4108301103115082,0.05764434486627579,0.7386983633041382,0.551947832107544,0.2412843108177185,0.9094029068946838,0.14543674886226654,0.5598297119140625,4.624900109333406,4.549376530487636,0.3183037340641022,0.11159847676753998,0.286845862865448,0.10117806494235992
horse_01,semantic,horse,a zebra,0.06,100,0.3,7.5,119.5,0.036865234375,0.006,0.5,8777.6,27.37390899658203,0.06000000238418579,0.8851903676986694,0.45740100741386414,0.955628514289856,0.43338245153427124,0.1618635654449463,0.9845890402793884,0.042786166071891785,0.0,20270822,17.10847282409668,0.9262012243270874,0.4338882565498352,0.06688964366912842,0.7677086591720581,0.5325953960418701,0.2434852123260498,0.8954091668128967,0.1395006626844406,0.5434557795524597,4.994280352888143,4.030240179523573,0.3154008388519287,0.11535054445266724,0.2689523696899414,0.08486226201057434
horse_02,pg_encoder,horse,a zebra,0.06,100,0.3,7.5,6.7,,0.006,0.5,8777.8,26.847789764404297,0.06000000238418579,0.8897985816001892,0.4308397173881531,0.9581940174102783,0.5042502880096436,0.09200799465179443,0.8686425685882568,0.04545791074633598,0.0,20270803,18.459636688232422,0.671090841293335,0.37157222628593445,0.14684337377548218,0.5815710425376892,0.693291425704956,0.3858318328857422,0.040931396186351776,0.11940375715494156,0.5881322622299194,4.596989516777626,10.783077510732621,0.2959505021572113,0.09863324463367462,0.22869886457920074,0.06191014498472214
horse_02,pg_encoder,horse,a zebra,0.06,100,0.3,7.5,6.7,,0.006,0.5,8777.8,26.847789764404297,0.06000000238418579,0.8897985816001892,0.4308397173881531,0.9581940174102783,0.5042502880096436,0.09200799465179443,0.8686425685882568,0.04545791074633598,0.0,20270804,18.14815902709961,0.7278016209602356,0.3816623389720917,0.22149096429347992,0.5811141729354858,0.6863280534744263,0.4062211513519287,0.03399991616606712,0.1237633153796196,0.6569328308105469,4.856772296405576,8.599851117413214,0.27182191610336304,0.1032048910856247,0.27065959572792053,0.11540572345256805
horse_02,pg_encoder,horse,a zebra,0.06,100,0.3,7.5,6.7,,0.006,0.5,8777.8,26.847789764404297,0.06000000238418579,0.8897985816001892,0.4308397173881531,0.9581940174102783,0.5042502880096436,0.09200799465179443,0.8686425685882568,0.04545791074633598,0.0,20270805,18.805402755737305,0.6796593070030212,0.38111647963523865,0.20210151374340057,0.5598035454750061,0.6782704591751099,0.39965635538101196,0.03388391435146332,0.1147439181804657,0.6121432185173035,5.281651336734666,10.571903273573446,0.2877569794654846,0.10578371584415436,0.23622916638851166,0.06715172529220581
horse_02,pg_encoder,horse,a zebra,0.06,100,0.3,7.5,6.7,,0.006,0.5,8777.8,26.847789764404297,0.06000000238418579,0.8897985816001892,0.4308397173881531,0.9581940174102783,0.5042502880096436,0.09200799465179443,0.8686425685882568,0.04545791074633598,0.0,20270806,18.27437973022461,0.6729720234870911,0.3652440309524536,0.160365492105484,0.5636622905731201,0.6784198880195618,0.41513872146606445,0.027398206293582916,0.12197782099246979,0.6080614924430847,5.106006900691003,12.658383747404477,0.2965375781059265,0.10298842191696167,0.20570151507854462,0.017376966774463654
horse_02,pg_encoder,horse,a zebra,0.06,100,0.3,7.5,6.7,,0.006,0.5,8777.8,26.847789764404297,0.06000000238418579,0.8897985816001892,0.4308397173881531,0.9581940174102783,0.5042502880096436,0.09200799465179443,0.8686425685882568,0.04545791074633598,0.0,20270807,18.588623046875,0.7318153381347656,0.4013853073120117,0.1707032322883606,0.6203810572624207,0.6951521635055542,0.37003129720687866,0.04201453551650047,0.11764369904994965,0.6186676025390625,4.570027575170563,10.68819727520909,0.2819713354110718,0.09297338128089905,0.23403523862361908,0.07958488166332245
horse_02,pg_encoder,horse,a zebra,0.06,100,0.3,7.5,6.7,,0.006,0.5,8777.8,26.847789764404297,0.06000000238418579,0.8897985816001892,0.4308397173881531,0.9581940174102783,0.5042502880096436,0.09200799465179443,0.8686425685882568,0.04545791074633598,0.0,20270808,18.97244644165039,0.720672607421875,0.4176839292049408,0.1504846066236496,0.6377793550491333,0.6790403127670288,0.32972753047943115,0.08199862390756607,0.11255830526351929,0.5574201345443726,5.057423560134757,10.913658004514868,0.28952836990356445,0.09610140323638916,0.24447940289974213,0.08456684648990631
horse_02,pg_encoder,horse,a zebra,0.06,100,0.3,7.5,6.7,,0.006,0.5,8777.8,26.847789764404297,0.06000000238418579,0.8897985816001892,0.4308397173881531,0.9581940174102783,0.5042502880096436,0.09200799465179443,0.8686425685882568,0.04545791074633598,0.0,20270809,18.94283103942871,0.6835207343101501,0.43570491671562195,0.16022945940494537,0.6391750574111938,0.6767441034317017,0.3613201379776001,0.059409961104393005,0.11294272541999817,0.5562375783920288,6.037681499215859,11.10594492280623,0.28361794352531433,0.08364105224609375,0.22644451260566711,0.042261507362127304
horse_02,pg_encoder,horse,a zebra,0.06,100,0.3,7.5,6.7,,0.006,0.5,8777.8,26.847789764404297,0.06000000238418579,0.8897985816001892,0.4308397173881531,0.9581940174102783,0.5042502880096436,0.09200799465179443,0.8686425685882568,0.04545791074633598,0.0,20270810,18.64455795288086,0.7019228339195251,0.4201105535030365,0.16013605892658234,0.6443397402763367,0.689271092414856,0.37090110778808594,0.06100878119468689,0.11688855290412903,0.610296905040741,5.251181441706513,11.4802502690484,0.2921655774116516,0.09958808124065399,0.21653488278388977,0.05435220152139664
horse_02,pg_encoder,horse,a zebra,0.06,100,0.3,7.5,6.7,,0.006,0.5,8777.8,26.847789764404297,0.06000000238418579,0.8897985816001892,0.4308397173881531,0.9581940174102783,0.5042502880096436,0.09200799465179443,0.8686425685882568,0.04545791074633598,0.0,20270811,18.970138549804688,0.6882152557373047,0.4378824830055237,0.16002151370048523,0.6480603814125061,0.696387529373169,0.3780187964439392,0.06735914945602417,0.11258820444345474,0.5785688161849976,4.0616785717415205,10.358925876218771,0.30430227518081665,0.1003476083278656,0.22531484067440033,0.062005020678043365
horse_02,pg_encoder,horse,a zebra,0.06,100,0.3,7.5,6.7,,0.006,0.5,8777.8,26.847789764404297,0.06000000238418579,0.8897985816001892,0.4308397173881531,0.9581940174102783,0.5042502880096436,0.09200799465179443,0.8686425685882568,0.04545791074633598,0.0,20270812,19.37232208251953,0.6011119484901428,0.44276484847068787,0.19122707843780518,0.6495440602302551,0.6936514377593994,0.35121476650238037,0.06118744984269142,0.10749387741088867,0.5768560171127319,5.497237833878916,9.47692203650127,0.2969650626182556,0.10175511986017227,0.23131203651428223,0.06020771339535713
horse_02,pg_encoder,horse,a zebra,0.06,100,0.3,7.5,6.7,,0.006,0.5,8777.8,26.847789764404297,0.06000000238418579,0.8897985816001892,0.4308397173881531,0.9581940174102783,0.5042502880096436,0.09200799465179443,0.8686425685882568,0.04545791074633598,0.0,20270813,18.50844955444336,0.7608323097229004,0.38863012194633484,0.15345706045627594,0.5979559421539307,0.6812677979469299,0.3931930661201477,0.04349103942513466,0.11873464286327362,0.5835012197494507,4.651849532570077,10.931896917109723,0.2737470865249634,0.10239952802658081,0.21641823649406433,0.018475811928510666
horse_02,pg_encoder,horse,a zebra,0.06,100,0.3,7.5,6.7,,0.006,0.5,8777.8,26.847789764404297,0.06000000238418579,0.8897985816001892,0.4308397173881531,0.9581940174102783,0.5042502880096436,0.09200799465179443,0.8686425685882568,0.04545791074633598,0.0,20270814,18.699033737182617,0.7087259888648987,0.42308780550956726,0.1345777064561844,0.6313353180885315,0.6929599046707153,0.3746357560157776,0.05978412553668022,0.11615773290395737,0.5443776845932007,5.158637328605456,11.847403132414218,0.2829316258430481,0.10365896672010422,0.23210307955741882,0.06523661315441132
horse_02,pg_encoder,horse,a zebra,0.06,100,0.3,7.5,6.7,,0.006,0.5,8777.8,26.847789764404297,0.06000000238418579,0.8897985816001892,0.4308397173881531,0.9581940174102783,0.5042502880096436,0.09200799465179443,0.8686425685882568,0.04545791074633598,0.0,20270815,18.346237182617188,0.6395946741104126,0.40580689907073975,0.16666914522647858,0.6252474784851074,0.7128267288208008,0.3624764680862427,0.04212093725800514,0.12097286432981491,0.6325950622558594,4.406202251170447,7.5481605544823775,0.25788751244544983,0.09286414086818695,0.23888835310935974,0.0819353312253952
horse_02,pg_encoder,horse,a zebra,0.06,100,0.3,7.5,6.7,,0.006,0.5,8777.8,26.847789764404297,0.06000000238418579,0.8897985816001892,0.4308397173881531,0.9581940174102783,0.5042502880096436,0.09200799465179443,0.8686425685882568,0.04545791074633598,0.0,20270816,17.925209045410156,0.7823524475097656,0.3860674500465393,0.15648651123046875,0.6080883741378784,0.7072123289108276,0.33235007524490356,0.04549930617213249,0.1269811987876892,0.6558634638786316,4.354396927060042,8.35926579486633,0.284087210893631,0.09225247800350189,0.2618978023529053,0.09178785979747772
horse_02,pg_encoder,horse,a zebra,0.06,100,0.3,7.5,6.7,,0.006,0.5,8777.8,26.847789764404297,0.06000000238418579,0.8897985816001892,0.4308397173881531,0.9581940174102783,0.5042502880096436,0.09200799465179443,0.8686425685882568,0.04545791074633598,0.0,20270817,19.08477020263672,0.7072277069091797,0.4299837052822113,0.15360961854457855,0.6522762775421143,0.6709156036376953,0.343883752822876,0.07410705834627151,0.111112080514431,0.5263227224349976,5.385797139265914,10.5909909146289,0.30273622274398804,0.09921017289161682,0.23078736662864685,0.06496037542819977
horse_02,pg_encoder,horse,a zebra,0.06,100,0.3,7.5,6.7,,0.006,0.5,8777.8,26.847789764404297,0.06000000238418579,0.8897985816001892,0.4308397173881531,0.9581940174102783,0.5042502880096436,0.09200799465179443,0.8686425685882568,0.04545791074633598,0.0,20270818,17.844417572021484,0.629901647567749,0.35379013419151306,0.15478582680225372,0.5643594264984131,0.6696705222129822,0.3936142921447754,0.02543233521282673,0.12816780805587769,0.6440747976303101,4.671542617414305,10.134799195997024,0.2933041453361511,0.09630104899406433,0.2511149048805237,0.07465475052595139
horse_02,pg_encoder,horse,a zebra,0.06,100,0.3,7.5,6.7,,0.006,0.5,8777.8,26.847789764404297,0.06000000238418579,0.8897985816001892,0.4308397173881531,0.9581940174102783,0.5042502880096436,0.09200799465179443,0.8686425685882568,0.04545791074633598,0.0,20270819,18.431602478027344,0.6742905974388123,0.393351674079895,0.16778439283370972,0.6080598831176758,0.6866985559463501,0.37172025442123413,0.047080446034669876,0.11978977173566818,0.6121088862419128,4.6313439352116585,10.44714689158661,0.2935083210468292,0.0956178531050682,0.21703395247459412,0.05300512909889221
horse_02,pg_encoder,horse,a zebra,0.06,100,0.3,7.5,6.7,,0.006,0.5,8777.8,26.847789764404297,0.06000000238418579,0.8897985816001892,0.4308397173881531,0.9581940174102783,0.5042502880096436,0.09200799465179443,0.8686425685882568,0.04545791074633598,0.0,20270820,18.92516326904297,0.8627783060073853,0.4291117191314697,0.16639257967472076,0.646095335483551,0.6836357116699219,0.3274383544921875,0.06388518959283829,0.11317268759012222,0.5671069025993347,4.246554384076652,9.304539293257871,0.28608793020248413,0.09929201751947403,0.23839423060417175,0.06973250210285187
horse_02,pg_encoder,horse,a zebra,0.06,100,0.3,7.5,6.7,,0.006,0.5,8777.8,26.847789764404297,0.06000000238418579,0.8897985816001892,0.4308397173881531,0.9581940174102783,0.5042502880096436,0.09200799465179443,0.8686425685882568,0.04545791074633598,0.0,20270821,18.520151138305664,0.8558111190795898,0.41333910822868347,0.13102929294109344,0.6399902701377869,0.6878822445869446,0.3393154740333557,0.055790022015571594,0.11857478320598602,0.5877571105957031,5.625417481050071,12.08709969160433,0.2713190019130707,0.0937969908118248,0.2703738212585449,0.1169361025094986
horse_02,pg_encoder,horse,a zebra,0.06,100,0.3,7.5,6.7,,0.006,0.5,8777.8,26.847789764404297,0.06000000238418579,0.8897985816001892,0.4308397173881531,0.9581940174102783,0.5042502880096436,0.09200799465179443,0.8686425685882568,0.04545791074633598,0.0,20270822,18.70183753967285,0.7900490760803223,0.4627678096294403,0.15092213451862335,0.6718899607658386,0.7012832164764404,0.3737955093383789,0.07124008983373642,0.11612024158239365,0.5885836482048035,4.889599873625296,10.72877052938699,0.2737586796283722,0.08232112228870392,0.23322518169879913,0.07380213588476181
horse_02,pg_diffusion,horse,a zebra,0.06,100,0.3,7.5,193.5,,0.006,0.5,11557.4,26.875938415527344,0.06000000238418579,0.9023622274398804,0.4621458649635315,0.9655998945236206,0.4546208679676056,0.08223080635070801,1.0071461200714111,0.04531082883477211,0.0,20270803,17.668270111083984,0.87907874584198,0.4448625445365906,0.09435145556926727,0.760099470615387,0.5240596532821655,0.24528050422668457,0.4366689920425415,0.13079354166984558,0.6453971862792969,4.596989516777626,3.699790612957131,0.2959505021572113,0.09863324463367462,0.30130431056022644,0.09656518697738647
horse_02,pg_diffusion,horse,a zebra,0.06,100,0.3,7.5,193.5,,0.006,0.5,11557.4,26.875938415527344,0.06000000238418579,0.9023622274398804,0.4621458649635315,0.9655998945236206,0.4546208679676056,0.08223080635070801,1.0071461200714111,0.04531082883477211,0.0,20270804,18.44327163696289,0.8342255353927612,0.4961864650249481,0.09908966720104218,0.8000912070274353,0.4813375473022461,0.2343134880065918,0.5005493760108948,0.11962897330522537,0.6037801504135132,4.856772296405576,5.513467611622637,0.27182191610336304,0.1032048910856247,0.2894495725631714,0.09982733428478241
horse_02,pg_diffusion,horse,a zebra,0.06,100,0.3,7.5,193.5,,0.006,0.5,11557.4,26.875938415527344,0.06000000238418579,0.9023622274398804,0.4621458649635315,0.9655998945236206,0.4546208679676056,0.08223080635070801,1.0071461200714111,0.04531082883477211,0.0,20270805,18.935598373413086,0.8007588386535645,0.4776415228843689,0.09861437976360321,0.7894265055656433,0.5072349309921265,0.24543195962905884,0.5327548980712891,0.11303680390119553,0.5807698965072632,5.281651336734666,5.4311095841917085,0.2877569794654846,0.10578371584415436,0.2850860357284546,0.1111309602856636
horse_02,pg_diffusion,horse,a zebra,0.06,100,0.3,7.5,193.5,,0.006,0.5,11557.4,26.875938415527344,0.06000000238418579,0.9023622274398804,0.4621458649635315,0.9655998945236206,0.4546208679676056,0.08223080635070801,1.0071461200714111,0.04531082883477211,0.0,20270806,17.758533477783203,0.8079727292060852,0.43837666511535645,0.09031054377555847,0.7533079385757446,0.4972384572029114,0.2532920837402344,0.43462952971458435,0.12944144010543823,0.6460380554199219,5.106006900691003,5.050335623717705,0.2965375781059265,0.10298842191696167,0.2672739326953888,0.10565969347953796
horse_02,pg_diffusion,horse,a zebra,0.06,100,0.3,7.5,193.5,,0.006,0.5,11557.4,26.875938415527344,0.06000000238418579,0.9023622274398804,0.4621458649635315,0.9655998945236206,0.4546208679676056,0.08223080635070801,1.0071461200714111,0.04531082883477211,0.0,20270807,17.938417434692383,0.7903571128845215,0.4427700936794281,0.08241789042949677,0.7642611861228943,0.5295344591140747,0.24301517009735107,0.5874366760253906,0.12678825855255127,0.6124076843261719,4.570027575170563,5.287949245580024,0.2819713354110718,0.09297338128089905,0.2912946045398712,0.10538540780544281
horse_02,pg_diffusion,horse,a zebra,0.06,100,0.3,7.5,193.5,,0.006,0.5,11557.4,26.875938415527344,0.06000000238418579,0.9023622274398804,0.4621458649635315,0.9655998945236206,0.4546208679676056,0.08223080635070801,1.0071461200714111,0.04531082883477211,0.0,20270808,18.51510238647461,0.7423150539398193,0.48449641466140747,0.09801926463842392,0.7857545018196106,0.4846521019935608,0.206434428691864,0.5670639276504517,0.11864371597766876,0.5848859548568726,5.057423560134757,5.186253091145055,0.28952836990356445,0.09610140323638916,0.3175470232963562,0.10623638331890106
horse_02,pg_diffusion,horse,a zebra,0.06,100,0.3,7.5,193.5,,0.006,0.5,11557.4,26.875938415527344,0.06000000238418579,0.9023622274398804,0.4621458649635315,0.9655998945236206,0.4546208679676056,0.08223080635070801,1.0071461200714111,0.04531082883477211,0.0,20270809,18.332355499267578,0.791510820388794,0.4764173626899719,0.10770781338214874,0.7796051502227783,0.4922187924385071,0.244448721408844,0.41233763098716736,0.12116636335849762,0.6077779531478882,6.037681499215859,5.3505557046244565,0.28361794352531433,0.08364105224609375,0.2957456707954407,0.10296829044818878
horse_02,pg_diffusion,horse,a zebra,0.06,100,0.3,7.5,193.5,,0.006,0.5,11557.4,26.875938415527344,0.06000000238418579,0.9023622274398804,0.4621458649635315,0.9655998945236206,0.4546208679676056,0.08223080635070801,1.0071461200714111,0.04531082883477211,0.0,20270810,17.912912368774414,0.9664921760559082,0.45962613821029663,0.08833347260951996,0.7903977036476135,0.5393131971359253,0.2176242470741272,0.7787554860115051,0.12716110050678253,0.5807431936264038,5.251181441706513,7.108249349354684,0.2921655774116516,0.09958808124065399,0.2937815487384796,0.09401323646306992
horse_02,pg_diffusion,horse,a zebra,0.06,100,0.3,7.5,193.5,,0.006,0.5,11557.4,26.875938415527344,0.06000000238418579,0.9023622274398804,0.4621458649635315,0.9655998945236206,0.4546208679676056,0.08223080635070801,1.0071461200714111,0.04531082883477211,0.0,20270811,18.51519012451172,0.6974321603775024,0.4811534881591797,0.09485191106796265,0.7912362813949585,0.5267161726951599,0.2127181887626648,0.6151936650276184,0.11864250898361206,0.5745837092399597,4.0616785717415205,4.777040142024095,0.30430227518081665,0.1003476083278656,0.30775344371795654,0.10582175850868225
horse_02,pg_diffusion,horse,a zebra,0.06,100,0.3,7.5,193.5,,0.006,0.5,11557.4,26.875938415527344,0.06000000238418579,0.9023622274398804,0.4621458649635315,0.9655998945236206,0.4546208679676056,0.08223080635070801,1.0071461200714111,0.04531082883477211,0.0,20270812,19.001968383789062,0.8393570780754089,0.5215073823928833,0.10794495046138763,0.8080127239227295,0.4666985869407654,0.1952938437461853,0.6252169609069824,0.11217638850212097,0.5781720876693726,5.497237833878916,4.264814385750507,0.2969650626182556,0.10175511986017227,0.2898452877998352,0.09993284940719604
horse_02,pg_diffusion,horse,a zebra,0.06,100,0.3,7.5,193.5,,0.006,0.5,11557.4,26.875938415527344,0.06000000238418579,0.9023622274398804,0.4621458649635315,0.9655998945236206,0.4546208679676056,0.08223080635070801,1.0071461200714111,0.04531082883477211,0.0,20270813,18.480432510375977,0.7590688467025757,0.4852270483970642,0.10352185368537903,0.7830336093902588,0.5173290967941284,0.23415637016296387,0.41456320881843567,0.11911822855472565,0.6127281188964844,4.651849532570077,5.169048339639939,0.2737470865249634,0.10239952802658081,0.26663264632225037,0.068047434091568
horse_02,pg_diffusion,horse,a zebra,0.06,100,0.3,7.5,193.5,,0.006,0.5,11557.4,26.875938415527344,0.06000000238418579,0.9023622274398804,0.4621458649635315,0.9655998945236206,0.4546208679676056,0.08223080635070801,1.0071461200714111,0.04531082883477211,0.0,20270814,17.809003829956055,0.8906795978546143,0.4573722779750824,0.08273890614509583,0.7734983563423157,0.5358189344406128,0.2535816431045532,0.5967024564743042,0.12869144976139069,0.5920829772949219,5.158637328605456,6.112708845076698,0.2829316258430481,0.10365896672010422,0.28678327798843384,0.09869939088821411
horse_02,pg_diffusion,horse,a zebra,0.06,100,0.3,7.5,193.5,,0.006,0.5,11557.4,26.875938415527344,0.06000000238418579,0.9023622274398804,0.4621458649635315,0.9655998945236206,0.4546208679676056,0.08223080635070801,1.0071461200714111,0.04531082883477211,0.0,20270815,18.04280662536621,0.8017996549606323,0.4498814046382904,0.08860871195793152,0.7723788022994995,0.49799156188964844,0.24775487184524536,0.514997124671936,0.12527361512184143,0.6286735534667969,4.406202251170447,5.626153887091578,0.25788751244544983,0.09286414086818695,0.26972806453704834,0.09744195640087128
horse_02,pg_diffusion,horse,a zebra,0.06,100,0.3,7.5,193.5,,0.006,0.5,11557.4,26.875938415527344,0.06000000238418579,0.9023622274398804,0.4621458649635315,0.9655998945236206,0.4546208679676056,0.08223080635070801,1.0071461200714111,0.04531082883477211,0.0,20270816,18.265050888061523,0.8808073997497559,0.47948700189590454,0.10674639046192169,0.7859262824058533,0.4804806709289551,0.21516424417495728,0.45410293340682983,0.12210891395807266,0.6090266108512878,4.354396927060042,4.664025246978783,0.284087210893631,0.09225247800350189,0.26622313261032104,0.09551657736301422
horse_02,pg_diffusion,horse,a zebra,0.06,100,0.3,7.5,193.5,,0.006,0.5,11557.4,26.875938415527344,0.06000000238418579,0.9023622274398804,0.4621458649635315,0.9655998945236206,0.4546208679676056,0.08223080635070801,1.0071461200714111,0.04531082883477211,0.0,20270817,18.570384979248047,0.9358946084976196,0.4843108654022217,0.0934286043047905,0.7869345545768738,0.5014603734016418,0.22437751293182373,0.6537261605262756,0.11789099872112274,0.5803375244140625,5.385797139265914,5.661519231935468,0.30273622274398804,0.09921017289161682,0.2619527578353882,0.08380947262048721
horse_02,pg_diffusion,horse,a zebra,0.06,100,0.3,7.5,193.5,,0.006,0.5,11557.4,26.875938415527344,0.06000000238418579,0.9023622274398804,0.4621458649635315,0.9655998945236206,0.4546208679676056,0.08223080635070801,1.0071461200714111,0.04531082883477211,0.0,20270818,18.08229637145996,0.856203556060791,0.4700503349304199,0.09592404216527939,0.7787878513336182,0.4676780104637146,0.23642462491989136,0.49330058693885803,0.12470535188913345,0.6053645014762878,4.671542617414305,5.5149262283712615,0.2933041453361511,0.09630104899406433,0.31500041484832764,0.11283786594867706
horse_02,pg_diffusion,horse,a zebra,0.06,100,0.3,7.5,193.5,,0.006,0.5,11557.4,26.875938415527344,0.06000000238418579,0.9023622274398804,0.4621458649635315,0.9655998945236206,0.4546208679676056,0.08223080635070801,1.0071461200714111,0.04531082883477211,0.0,20270819,18.20604705810547,0.8510792255401611,0.45085999369621277,0.08342771977186203,0.7745528817176819,0.54285728931427,0.27379465103149414,0.5253104567527771,0.12294121086597443,0.5831489562988281,4.6313439352116585,6.552003116659931,0.2935083210468292,0.0956178531050682,0.25843727588653564,0.10457158088684082
horse_02,pg_diffusion,horse,a zebra,0.06,100,0.3,7.5,193.5,,0.006,0.5,11557.4,26.875938415527344,0.06000000238418579,0.9023622274398804,0.4621458649635315,0.9655998945236206,0.4546208679676056,0.08223080635070801,1.0071461200714111,0.04531082883477211,0.0,20270820,17.928955078125,0.8455548286437988,0.4540286064147949,0.0854269415140152,0.7783294320106506,0.5125259160995483,0.25613582134246826,0.6039300560951233,0.126926451921463,0.5921465754508972,4.246554384076652,5.057356884496245,0.28608793020248413,0.09929201751947403,0.2919568717479706,0.10387484729290009
horse_02,pg_diffusion,horse,a zebra,0.06,100,0.3,7.5,193.5,,0.006,0.5,11557.4,26.875938415527344,0.06000000238418579,0.9023622274398804,0.4621458649635315,0.9655998945236206,0.4546208679676056,0.08223080635070801,1.0071461200714111,0.04531082883477211,0.0,20270821,18.353361129760742,0.8135287165641785,0.46154165267944336,0.09192164987325668,0.7624990344047546,0.5035639405250549,0.2423771619796753,0.48992282152175903,0.12087369710206985,0.6217269897460938,5.625417481050071,5.835429703830745,0.2713190019130707,0.0937969908118248,0.2985956072807312,0.09583880007266998
horse_02,pg_diffusion,horse,a zebra,0.06,100,0.3,7.5,193.5,,0.006,0.5,11557.4,26.875938415527344,0.06000000238418579,0.9023622274398804,0.4621458649635315,0.9655998945236206,0.4546208679676056,0.08223080635070801,1.0071461200714111,0.04531082883477211,0.0,20270822,18.322242736816406,0.8784174919128418,0.48295003175735474,0.09182752668857574,0.7842450141906738,0.5511282086372375,0.24636220932006836,0.6327269673347473,0.12130749970674515,0.585455596446991,4.889599873625296,5.658588410988573,0.2737586796283722,0.08232112228870392,0.2509520351886749,0.07085489481687546
horse_02,semantic,horse,a zebra,0.06,100,0.3,7.5,119.6,0.142333984375,0.006,0.5,8778.6,26.831796646118164,0.06000000238418579,0.8834511637687683,0.42689746618270874,0.9538716077804565,0.4420890212059021,0.17724990844726562,1.0580042600631714,0.04554169625043869,0.0,20270803,17.652685165405273,0.8533748984336853,0.4313161373138428,0.07727077603340149,0.7748337388038635,0.5448873043060303,0.27905434370040894,1.1747653484344482,0.1310284584760666,0.5587590932846069,4.596989516777626,4.007686185003727,0.2959505021572113,0.09863324463367462,0.23713871836662292,0.028292128816246986
horse_02,semantic,horse,a zebra,0.06,100,0.3,7.5,119.6,0.142333984375,0.006,0.5,8778.6,26.831796646118164,0.06000000238418579,0.8834511637687683,0.42689746618270874,0.9538716077804565,0.4420890212059021,0.17724990844726562,1.0580042600631714,0.04554169625043869,0.0,20270804,17.787376403808594,0.9224541783332825,0.4358054995536804,0.0755334123969078,0.77977454662323,0.5543068647384644,0.300248384475708,1.1953709125518799,0.1290123015642166,0.5351969599723816,4.856772296405576,4.034569988229512,0.27182191610336304,0.1032048910856247,0.23754912614822388,0.07624053955078125
horse_02,semantic,horse,a zebra,0.06,100,0.3,7.5,119.6,0.142333984375,0.006,0.5,8778.6,26.831796646118164,0.06000000238418579,0.8834511637687683,0.42689746618270874,0.9538716077804565,0.4420890212059021,0.17724990844726562,1.0580042600631714,0.04554169625043869,0.0,20270805,18.521202087402344,0.8888787031173706,0.42037519812583923,0.0730864480137825,0.7793397307395935,0.5426363945007324,0.2875373959541321,1.492212176322937,0.11856042593717575,0.5220769643783569,5.281651336734666,5.024101621746322,0.2877569794654846,0.10578371584415436,0.23683461546897888,0.09376178681850433
horse_02,semantic,horse,a zebra,0.06,100,0.3,7.5,119.6,0.142333984375,0.006,0.5,8778.6,26.831796646118164,0.06000000238418579,0.8834511637687683,0.42689746618270874,0.9538716077804565,0.4420890212059021,0.17724990844726562,1.0580042600631714,0.04554169625043869,0.0,20270806,17.293479919433594,0.9065433740615845,0.39371728897094727,0.06739696860313416,0.7676286697387695,0.5618918538093567,0.3007693886756897,1.3527073860168457,0.13656075298786163,0.5688260793685913,5.106006900691003,5.327399788695844,0.2965375781059265,0.10298842191696167,0.2543473243713379,0.07052046060562134
horse_02,semantic,horse,a zebra,0.06,100,0.3,7.5,119.6,0.142333984375,0.006,0.5,8778.6,26.831796646118164,0.06000000238418579,0.8834511637687683,0.42689746618270874,0.9538716077804565,0.4420890212059021,0.17724990844726562,1.0580042600631714,0.04554169625043869,0.0,20270807,17.527963638305664,0.8969208002090454,0.4256703853607178,0.07044472545385361,0.7757143974304199,0.5600441694259644,0.29530274868011475,1.4177664518356323,0.13292348384857178,0.5460154414176941,4.570027575170563,4.10759424125722,0.2819713354110718,0.09297338128089905,0.21573901176452637,0.09522746503353119
horse_02,semantic,horse,a zebra,0.06,100,0.3,7.5,119.6,0.142333984375,0.006,0.5,8778.6,26.831796646118164,0.06000000238418579,0.8834511637687683,0.42689746618270874,0.9538716077804565,0.4420890212059021,0.17724990844726562,1.0580042600631714,0.04554169625043869,0.0,20270808,17.775623321533203,0.9253384470939636,0.4232810437679291,0.07217139005661011,0.7801531553268433,0.5659205317497253,0.2957525849342346,1.3898916244506836,0.1291869580745697,0.5392863154411316,5.057423560134757,3.750807808056146,0.28952836990356445,0.09610140323638916,0.25793519616127014,0.07453423738479614
horse_02,semantic,horse,a zebra,0.06,100,0.3,7.5,119.6,0.142333984375,0.006,0.5,8778.6,26.831796646118164,0.06000000238418579,0.8834511637687683,0.42689746618270874,0.9538716077804565,0.4420890212059021,0.17724990844726562,1.0580042600631714,0.04554169625043869,0.0,20270809,17.880300521850586,0.9160972833633423,0.4573677182197571,0.08256194740533829,0.786677896976471,0.5429654717445374,0.25026845932006836,1.3079566955566406,0.12763942778110504,0.5087623596191406,6.037681499215859,5.568200019709334,0.28361794352531433,0.08364105224609375,0.22473976016044617,0.04265463724732399
horse_02,semantic,horse,a zebra,0.06,100,0.3,7.5,119.6,0.142333984375,0.006,0.5,8778.6,26.831796646118164,0.06000000238418579,0.8834511637687683,0.42689746618270874,0.9538716077804565,0.4420890212059021,0.17724990844726562,1.0580042600631714,0.04554169625043869,0.0,20270810,17.666379928588867,0.9502851963043213,0.44111236929893494,0.07726065069437027,0.797226071357727,0.5259735584259033,0.2973496913909912,1.4144668579101562,0.13082203269004822,0.5481516718864441,5.251181441706513,3.865484870972194,0.2921655774116516,0.09958808124065399,0.21914315223693848,0.08167329430580139
horse_02,semantic,horse,a zebra,0.06,100,0.3,7.5,119.6,0.142333984375,0.006,0.5,8778.6,26.831796646118164,0.06000000238418579,0.8834511637687683,0.42689746618270874,0.9538716077804565,0.4420890212059021,0.17724990844726562,1.0580042600631714,0.04554169625043869,0.0,20270811,18.229686737060547,0.8182785511016846,0.4140171706676483,0.0729587972164154,0.783557653427124,0.5637591481208801,0.29541194438934326,1.4612667560577393,0.12260708957910538,0.5386454463005066,4.0616785717415205,5.27336184550824,0.30430227518081665,0.1003476083278656,0.2434799075126648,0.03416156768798828
horse_02,semantic,horse,a zebra,0.06,100,0.3,7.5,119.6,0.142333984375,0.006,0.5,8778.6,26.831796646118164,0.06000000238418579,0.8834511637687683,0.42689746618270874,0.9538716077804565,0.4420890212059021,0.17724990844726562,1.0580042600631714,0.04554169625043869,0.0,20270812,18.19037628173828,0.817487895488739,0.43036913871765137,0.07211460173130035,0.7830648422241211,0.5301238298416138,0.264110267162323,1.7146105766296387,0.12316323071718216,0.539825439453125,5.497237833878916,3.5819086549001815,0.2969650626182556,0.10175511986017227,0.2527620792388916,0.08783850073814392
horse_02,semantic,horse,a zebra,0.06,100,0.3,7.5,119.6,0.142333984375,0.006,0.5,8778.6,26.831796646118164,0.06000000238418579,0.8834511637687683,0.42689746618270874,0.9538716077804565,0.4420890212059021,0.17724990844726562,1.0580042600631714,0.04554169625043869,0.0,20270813,17.95146369934082,1.0,0.42907628417015076,0.074331134557724,0.784579336643219,0.5635337233543396,0.28832364082336426,1.1936341524124146,0.12659797072410583,0.5348320007324219,4.651849532570077,4.157928702161056,0.2737470865249634,0.10239952802658081,0.2261032611131668,0.036203816533088684
horse_02,semantic,horse,a zebra,0.06,100,0.3,7.5,119.6,0.142333984375,0.006,0.5,8778.6,26.831796646118164,0.06000000238418579,0.8834511637687683,0.42689746618270874,0.9538716077804565,0.4420890212059021,0.17724990844726562,1.0580042600631714,0.04554169625043869,0.0,20270814,17.810163497924805,0.9345930814743042,0.41064536571502686,0.07018686085939407,0.7673301696777344,0.5718181133270264,0.2736048698425293,1.2593718767166138,0.12867428362369537,0.530066192150116,5.158637328605456,3.9671976904650994,0.2829316258430481,0.10365896672010422,0.22769871354103088,0.06955251842737198
horse_02,semantic,horse,a zebra,0.06,100,0.3,7.5,119.6,0.142333984375,0.006,0.5,8778.6,26.831796646118164,0.06000000238418579,0.8834511637687683,0.42689746618270874,0.9538716077804565,0.4420890212059021,0.17724990844726562,1.0580042600631714,0.04554169625043869,0.0,20270815,17.50440788269043,0.8699175715446472,0.4032869040966034,0.06852846592664719,0.7786612510681152,0.5416802763938904,0.30304986238479614,1.5539640188217163,0.13328446447849274,0.5547269582748413,4.406202251170447,4.231072499696173,0.25788751244544983,0.09286414086818695,0.25250208377838135,0.09187527000904083
horse_02,semantic,horse,a zebra,0.06,100,0.3,7.5,119.6,0.142333984375,0.006,0.5,8778.6,26.831796646118164,0.06000000238418579,0.8834511637687683,0.42689746618270874,0.9538716077804565,0.4420890212059021,0.17724990844726562,1.0580042600631714,0.04554169625043869,0.0,20270816,17.623424530029297,0.9159966707229614,0.4382636547088623,0.07666689157485962,0.7880850434303284,0.5327242016792297,0.28251785039901733,1.2700730562210083,0.13147062063217163,0.5416514277458191,4.354396927060042,4.35815093696255,0.284087210893631,0.09225247800350189,0.23823463916778564,0.05544821172952652
horse_02,semantic,horse,a zebra,0.06,100,0.3,7.5,119.6,0.142333984375,0.006,0.5,8778.6,26.831796646118164,0.06000000238418579,0.8834511637687683,0.42689746618270874,0.9538716077804565,0.4420890212059021,0.17724990844726562,1.0580042600631714,0.04554169625043869,0.0,20270817,18.364316940307617,0.8765498399734497,0.4476025104522705,0.0789516419172287,0.788330614566803,0.5462485551834106,0.289331316947937,1.215191125869751,0.12072133272886276,0.5157127380371094,5.385797139265914,3.3942418376981447,0.30273622274398804,0.09921017289161682,0.21505135297775269,0.0064405519515275955
horse_02,semantic,horse,a zebra,0.06,100,0.3,7.5,119.6,0.142333984375,0.006,0.5,8778.6,26.831796646118164,0.06000000238418579,0.8834511637687683,0.42689746618270874,0.9538716077804565,0.4420890212059021,0.17724990844726562,1.0580042600631714,0.04554169625043869,0.0,20270818,17.778512954711914,0.9118156433105469,0.4331999719142914,0.08145403116941452,0.7708971500396729,0.5574380159378052,0.2652747631072998,1.088565468788147,0.12914401292800903,0.5414378046989441,4.671542617414305,4.744681263559276,0.2933041453361511,0.09630104899406433,0.21900665760040283,0.08132750540971756
horse_02,semantic,horse,a zebra,0.06,100,0.3,7.5,119.6,0.142333984375,0.006,0.5,8778.6,26.831796646118164,0.06000000238418579,0.8834511637687683,0.42689746618270874,0.9538716077804565,0.4420890212059021,0.17724990844726562,1.0580042600631714,0.04554169625043869,0.0,20270819,17.76567840576172,0.8980664014816284,0.4052995443344116,0.06853880733251572,0.7765884399414062,0.5680578351020813,0.30934417247772217,1.32106614112854,0.129334956407547,0.5483919978141785,4.6313439352116585,4.85741977319391,0.2935083210468292,0.0956178531050682,0.25736740231513977,0.08677314966917038
horse_02,semantic,horse,a zebra,0.06,100,0.3,7.5,119.6,0.142333984375,0.006,0.5,8778.6,26.831796646118164,0.06000000238418579,0.8834511637687683,0.42689746618270874,0.9538716077804565,0.4420890212059021,0.17724990844726562,1.0580042600631714,0.04554169625043869,0.0,20270820,17.703767776489258,0.9157644510269165,0.4504227340221405,0.07939287275075912,0.7872384786605835,0.5209890007972717,0.2781965732574463,1.4511972665786743,0.1302601397037506,0.5451011657714844,4.246554384076652,3.033378226116191,0.28608793020248413,0.09929201751947403,0.25340351462364197,0.10143332183361053
horse_02,semantic,horse,a zebra,0.06,100,0.3,7.5,119.6,0.142333984375,0.006,0.5,8778.6,26.831796646118164,0.06000000238418579,0.8834511637687683,0.42689746618270874,0.9538716077804565,0.4420890212059021,0.17724990844726562,1.0580042600631714,0.04554169625043869,0.0,20270821,17.912960052490234,1.0,0.4102157950401306,0.0661076158285141,0.7835869193077087,0.5542094707489014,0.3000063896179199,1.4245481491088867,0.12716041505336761,0.5450643301010132,5.625417481050071,3.8975690404889445,0.2713190019130707,0.0937969908118248,0.2117690145969391,0.014905044808983803
horse_02,semantic,horse,a zebra,0.06,100,0.3,7.5,119.6,0.142333984375,0.006,0.5,8778.6,26.831796646118164,0.06000000238418579,0.8834511637687683,0.42689746618270874,0.9538716077804565,0.4420890212059021,0.17724990844726562,1.0580042600631714,0.04554169625043869,0.0,20270822,17.4705753326416,0.9461231827735901,0.45504796504974365,0.07969506829977036,0.7797520160675049,0.5441311597824097,0.2702200412750244,1.4699044227600098,0.13380464911460876,0.538061797618866,4.889599873625296,3.7803384925396375,0.2737586796283722,0.08232112228870392,0.28050196170806885,0.09452561289072037
horse_03,pg_encoder,horse,a zebra,0.06,100,0.3,7.5,6.6,,0.006,0.5,8776.8,27.330039978027344,0.06000000238418579,0.8176724314689636,0.348427414894104,0.9426388740539551,0.5623952746391296,0.1179044246673584,0.9177376627922058,0.04300280660390854,0.0,20270803,19.398771286010742,0.7915868163108826,0.597451388835907,0.22717618942260742,0.7359560132026672,0.60258948802948,0.3158928155899048,0.07967159897089005,0.10716704279184341,0.6172460317611694,3.3022641319385806,8.299709926194897,0.23191791772842407,0.10618077218532562,0.2702213525772095,0.118892602622509
horse_03,pg_encoder,horse,a zebra,0.06,100,0.3,7.5,6.6,,0.006,0.5,8776.8,27.330039978027344,0.06000000238418579,0.8176724314689636,0.348427414894104,0.9426388740539551,0.5623952746391296,0.1179044246673584,0.9177376627922058,0.04300280660390854,0.0,20270804,18.443180084228516,0.6929635405540466,0.5568358302116394,0.23209713399410248,0.7141831517219543,0.6474066376686096,0.33305609226226807,0.046518724411726,0.11963022500276566,0.7244364619255066,3.1511133069343082,9.955628254405864,0.22928400337696075,0.09709055721759796,0.22834020853042603,0.09198008477687836
horse_03,pg_encoder,horse,a zebra,0.06,100,0.3,7.5,6.6,,0.006,0.5,8776.8,27.330039978027344,0.06000000238418579,0.8176724314689636,0.348427414894104,0.9426388740539551,0.5623952746391296,0.1179044246673584,0.9177376627922058,0.04300280660390854,0.0,20270805,19.340656280517578,0.7698813676834106,0.562771201133728,0.20216383039951324,0.723376452922821,0.6251468658447266,0.33959972858428955,0.06406115740537643,0.10788647085428238,0.6326395869255066,2.799327507025341,10.898004698205641,0.24750959873199463,0.10248914361000061,0.25493037700653076,0.05628441274166107
horse_03,pg_encoder,horse,a zebra,0.06,100,0.3,7.5,6.6,,0.006,0.5,8776.8,27.330039978027344,0.06000000238418579,0.8176724314689636,0.348427414894104,0.9426388740539551,0.5623952746391296,0.1179044246673584,0.9177376627922058,0.04300280660390854,0.0,20270806,18.965551376342773,0.8473678827285767,0.5714422464370728,0.23253875970840454,0.7262446880340576,0.623894214630127,0.33377277851104736,0.054775308817625046,0.11264768242835999,0.6874173879623413,3.089250530547191,10.118725654666674,0.22566372156143188,0.0792250707745552,0.2362920492887497,0.06527139246463776
horse_03,pg_encoder,horse,a zebra,0.06,100,0.3,7.5,6.6,,0.006,0.5,8776.8,27.330039978027344,0.06000000238418579,0.8176724314689636,0.348427414894104,0.9426388740539551,0.5623952746391296,0.1179044246673584,0.9177376627922058,0.04300280660390854,0.0,20270807,19.077411651611328,0.7151967287063599,0.5766315460205078,0.24081100523471832,0.719374418258667,0.6364715099334717,0.35570406913757324,0.04324188828468323,0.11120625585317612,0.6750361323356628,3.322461824938023,11.605990938146732,0.22701916098594666,0.08395794779062271,0.2486361861228943,0.0641411691904068
horse_03,pg_encoder,horse,a zebra,0.06,100,0.3,7.5,6.6,,0.006,0.5,8776.8,27.330039978027344,0.06000000238418579,0.8176724314689636,0.348427414894104,0.9426388740539551,0.5623952746391296,0.1179044246673584,0.9177376627922058,0.04300280660390854,0.0,20270808,19.310632705688477,0.6803069710731506,0.5808589458465576,0.2634306252002716,0.7258580327033997,0.6365487575531006,0.358664333820343,0.0448676198720932,0.10826003551483154,0.6696904897689819,2.5088465541508036,10.456250953550205,0.2456299066543579,0.11242812871932983,0.25323450565338135,0.07591228187084198
horse_03,pg_encoder,horse,a zebra,0.06,100,0.3,7.5,6.6,,0.006,0.5,8776.8,27.330039978027344,0.06000000238418579,0.8176724314689636,0.348427414894104,0.9426388740539551,0.5623952746391296,0.1179044246673584,0.9177376627922058,0.04300280660390854,0.0,20270809,19.539812088012695,0.8690674304962158,0.5697668790817261,0.20506614446640015,0.7253398895263672,0.6340436935424805,0.3186054825782776,0.055235605686903,0.10544092953205109,0.6186536550521851,3.1190899419780043,9.683502884052615,0.24376575648784637,0.09365717321634293,0.26988422870635986,0.11907175183296204
horse_03,pg_encoder,horse,a zebra,0.06,100,0.3,7.5,6.6,,0.006,0.5,8776.8,27.330039978027344,0.06000000238418579,0.8176724314689636,0.348427414894104,0.9426388740539551,0.5623952746391296,0.1179044246673584,0.9177376627922058,0.04300280660390854,0.0,20270810,19.486984252929688,0.7813693284988403,0.6088737845420837,0.25081706047058105,0.7383764386177063,0.6158454418182373,0.3401948809623718,0.058111801743507385,0.1060841754078865,0.6470527648925781,2.936908217456818,10.811605073906495,0.23507726192474365,0.06592531502246857,0.24881698191165924,0.06371068209409714
horse_03,pg_encoder,horse,a zebra,0.06,100,0.3,7.5,6.6,,0.006,0.5,8776.8,27.330039978027344,0.06000000238418579,0.8176724314689636,0.348427414894104,0.9426388740539551,0.5623952746391296,0.1179044246673584,0.9177376627922058,0.04300280660390854,0.0,20270811,20.046491622924805,0.7154195308685303,0.5939691662788391,0.25256654620170593,0.7404189109802246,0.6156213283538818,0.34114891290664673,0.07254677265882492,0.09946612268686295,0.6327349543571472,2.928315521965001,8.951470263531421,0.2232084572315216,0.09353931993246078,0.2687949240207672,0.06269877403974533
horse_03,pg_encoder,horse,a zebra,0.06,100,0.3,7.5,6.6,,0.006,0.5,8776.8,27.330039978027344,0.06000000238418579,0.8176724314689636,0.348427414894104,0.9426388740539551,0.5623952746391296,0.1179044246673584,0.9177376627922058,0.04300280660390854,0.0,20270812,18.651025772094727,0.6978327035903931,0.5343574285507202,0.24188664555549622,0.6899775266647339,0.6188226938247681,0.34565794467926025,0.05154981091618538,0.11680154502391815,0.7136421203613281,2.755249219245961,11.162386369997328,0.2352430522441864,0.11261045932769775,0.25485822558403015,0.07886719703674316
horse_03,pg_encoder,horse,a zebra,0.06,100,0.3,7.5,6.6,,0.006,0.5,8776.8,27.330039978027344,0.06000000238418579,0.8176724314689636,0.348427414894104,0.9426388740539551,0.5623952746391296,0.1179044246673584,0.9177376627922058,0.04300280660390854,0.0,20270813,19.867431640625,0.8997323513031006,0.5935012698173523,0.24522016942501068,0.7357490062713623,0.610576868057251,0.3265812397003174,0.07052820175886154,0.10153790563344955,0.6226844787597656,3.4200768322678,10.852602407234277,0.2244146764278412,0.08549978584051132,0.25038525462150574,0.05158008635044098
horse_03,pg_encoder,horse,a zebra,0.06,100,0.3,7.5,6.6,,0.006,0.5,8776.8,27.330039978027344,0.06000000238418579,0.8176724314689636,0.348427414894104,0.9426388740539551,0.5623952746391296,0.1179044246673584,0.9177376627922058,0.04300280660390854,0.0,20270814,19.67877197265625,0.8196003437042236,0.566317081451416,0.20347584784030914,0.7118723392486572,0.6399205923080444,0.3349534273147583,0.06599029153585434,0.10376746207475662,0.5510114431381226,2.7112694295346604,10.296433001286328,0.28872862458229065,0.1226554661989212,0.23086756467819214,0.06944046914577484
horse_03,pg_encoder,horse,a zebra,0.06,100,0.3,7.5,6.6,,0.006,0.5,8776.8,27.330039978027344,0.06000000238418579,0.8176724314689636,0.348427414894104,0.9426388740539551,0.5623952746391296,0.1179044246673584,0.9177376627922058,0.04300280660390854,0.0,20270815,19.375408172607422,0.7545232772827148,0.5730197429656982,0.2043554186820984,0.7312655448913574,0.6353905200958252,0.3268502950668335,0.055350206792354584,0.10745571553707123,0.657934844493866,2.9439824617571415,9.888597487282889,0.24236856400966644,0.10069343447685242,0.24599093198776245,0.09287432581186295
horse_03,pg_encoder,horse,a zebra,0.06,100,0.3,7.5,6.6,,0.006,0.5,8776.8,27.330039978027344,0.06000000238418579,0.8176724314689636,0.348427414894104,0.9426388740539551,0.5623952746391296,0.1179044246673584,0.9177376627922058,0.04300280660390854,0.0,20270816,19.801368713378906,0.825139045715332,0.6078455448150635,0.2550765872001648,0.7448585033416748,0.6117806434631348,0.3117929697036743,0.0718991756439209,0.10231314599514008,0.6383451223373413,3.2616648062373286,11.1481105436633,0.22787681221961975,0.09690256416797638,0.24887719750404358,0.06297005712985992
horse_03,pg_encoder,horse,a zebra,0.06,100,0.3,7.5,6.6,,0.006,0.5,8776.8,27.330039978027344,0.06000000238418579,0.8176724314689636,0.348427414894104,0.9426388740539551,0.5623952746391296,0.1179044246673584,0.9177376627922058,0.04300280660390854,0.0,20270817,20.306718826293945,0.6978594064712524,0.592359185218811,0.20933011174201965,0.7277899980545044,0.6293567419052124,0.3139312267303467,0.07078906893730164,0.09653034806251526,0.4529520869255066,2.832246481452637,9.822994353116155,0.23365944623947144,0.11018470674753189,0.22763130068778992,0.0500250905752182
horse_03,pg_encoder,horse,a zebra,0.06,100,0.3,7.5,6.6,,0.006,0.5,8776.8,27.330039978027344,0.06000000238418579,0.8176724314689636,0.348427414894104,0.9426388740539551,0.5623952746391296,0.1179044246673584,0.9177376627922058,0.04300280660390854,0.0,20270818,18.23952865600586,0.834933876991272,0.5330723524093628,0.19969908893108368,0.6979854702949524,0.6581951379776001,0.37844300270080566,0.028336534276604652,0.12246823310852051,0.7144012451171875,3.2964507494681197,11.22224901629424,0.22923535108566284,0.08269205689430237,0.24067538976669312,0.07443058490753174
horse_03,pg_encoder,horse,a zebra,0.06,100,0.3,7.5,6.6,,0.006,0.5,8776.8,27.330039978027344,0.06000000238418579,0.8176724314689636,0.348427414894104,0.9426388740539551,0.5623952746391296,0.1179044246673584,0.9177376627922058,0.04300280660390854,0.0,20270819,20.691688537597656,0.789879560470581,0.6193310022354126,0.20519673824310303,0.7519904971122742,0.6200059056282043,0.286446213722229,0.10049548000097275,0.09234541654586792,0.46011480689048767,3.0738345530276865,10.883122613528704,0.23440900444984436,0.0963989645242691,0.24314208328723907,0.07563768327236176
horse_03,pg_encoder,horse,a zebra,0.06,100,0.3,7.5,6.6,,0.006,0.5,8776.8,27.330039978027344,0.06000000238418579,0.8176724314689636,0.348427414894104,0.9426388740539551,0.5623952746391296,0.1179044246673584,0.9177376627922058,0.04300280660390854,0.0,20270820,19.1717472076416,0.7528773546218872,0.5563511252403259,0.21694812178611755,0.7090796232223511,0.6451401710510254,0.32302325963974,0.046956051141023636,0.11000501364469528,0.6859143972396851,2.5580849593411332,8.32860303762476,0.22961077094078064,0.12248092144727707,0.29781901836395264,0.12143602967262268
horse_03,pg_encoder,horse,a zebra,0.06,100,0.3,7.5,6.6,,0.006,0.5,8776.8,27.330039978027344,0.06000000238418579,0.8176724314689636,0.348427414894104,0.9426388740539551,0.5623952746391296,0.1179044246673584,0.9177376627922058,0.04300280660390854,0.0,20270821,19.23994255065918,0.7429130673408508,0.5996476411819458,0.20620575547218323,0.7466496825218201,0.6337704658508301,0.3375837206840515,0.05967647209763527,0.10914469510316849,0.6398582458496094,3.635493066667618,9.549208463035392,0.22555062174797058,0.07701835036277771,0.2918989062309265,0.12703192234039307
horse_03,pg_encoder,horse,a zebra,0.06,100,0.3,7.5,6.6,,0.006,0.5,8776.8,27.330039978027344,0.06000000238418579,0.8176724314689636,0.348427414894104,0.9426388740539551,0.5623952746391296,0.1179044246673584,0.9177376627922058,0.04300280660390854,0.0,20270822,18.614301681518555,0.734919548034668,0.5483280420303345,0.2169729620218277,0.7088046073913574,0.6442307233810425,0.33057451248168945,0.04261692985892296,0.11729640513658524,0.7083880305290222,2.798681365547676,8.697236877852072,0.26911571621894836,0.11001581698656082,0.2347773015499115,0.08203041553497314
horse_03,pg_diffusion,horse,a zebra,0.06,100,0.3,7.5,195.4,,0.006,0.5,11556.4,27.26308822631836,0.06000000238418579,0.8275913000106812,0.36460191011428833,0.9486380219459534,0.5432929992675781,0.1256415843963623,1.1192193031311035,0.04333556443452835,0.0,20270803,19.118892669677734,0.7865931987762451,0.48346924781799316,0.08626444637775421,0.761116087436676,0.6170032024383545,0.28585946559906006,0.7040187120437622,0.11067645996809006,0.5466944575309753,3.3022641319385806,4.482851178863587,0.23191791772842407,0.10618077218532562,0.2628907859325409,0.10603366047143936
horse_03,pg_diffusion,horse,a zebra,0.06,100,0.3,7.5,195.4,,0.006,0.5,11556.4,27.26308822631836,0.06000000238418579,0.8275913000106812,0.36460191011428833,0.9486380219459534,0.5432929992675781,0.1256415843963623,1.1192193031311035,0.04333556443452835,0.0,20270804,19.423046112060547,0.82613205909729,0.5090335607528687,0.09254178404808044,0.7733758687973022,0.5931284427642822,0.2509855628013611,0.7967061996459961,0.1068679541349411,0.5470199584960938,3.1511133069343082,4.0323925745903635,0.22928400337696075,0.09709055721759796,0.2935827374458313,0.10379646718502045
horse_03,pg_diffusion,horse,a zebra,0.06,100,0.3,7.5,195.4,,0.006,0.5,11556.4,27.26308822631836,0.06000000238418579,0.8275913000106812,0.36460191011428833,0.9486380219459534,0.5432929992675781,0.1256415843963623,1.1192193031311035,0.04333556443452835,0.0,20270805,18.973173141479492,0.7967739105224609,0.489147424697876,0.09354084730148315,0.7780913710594177,0.5914121270179749,0.2540363073348999,0.6833701729774475,0.11254890263080597,0.5911916494369507,2.799327507025341,3.0132599689236446,0.24750959873199463,0.10248914361000061,0.2575770318508148,0.09953947365283966
horse_03,pg_diffusion,horse,a zebra,0.06,100,0.3,7.5,195.4,,0.006,0.5,11556.4,27.26308822631836,0.06000000238418579,0.8275913000106812,0.36460191011428833,0.9486380219459534,0.5432929992675781,0.1256415843963623,1.1192193031311035,0.04333556443452835,0.0,20270806,19.138633728027344,0.8611540794372559,0.4931577146053314,0.08939792215824127,0.7728856205940247,0.5728596448898315,0.24343156814575195,0.7792111039161682,0.1104251816868782,0.5740839838981628,3.089250530547191,3.2921915164426654,0.22566372156143188,0.0792250707745552,0.2509880065917969,0.09175651520490646
horse_03,pg_diffusion,horse,a zebra,0.06,100,0.3,7.5,195.4,,0.006,0.5,11556.4,27.26308822631836,0.06000000238418579,0.8275913000106812,0.36460191011428833,0.9486380219459534,0.5432929992675781,0.1256415843963623,1.1192193031311035,0.04333556443452835,0.0,20270807,19.79032325744629,0.8218022584915161,0.522784411907196,0.0991632416844368,0.7932201623916626,0.5851784944534302,0.24897277355194092,0.7411680221557617,0.10244332998991013,0.5079421997070312,3.322461824938023,4.375059741559672,0.22701916098594666,0.08395794779062271,0.255403071641922,0.10402453690767288
horse_03,pg_diffusion,horse,a zebra,0.06,100,0.3,7.5,195.4,,0.006,0.5,11556.4,27.26308822631836,0.06000000238418579,0.8275913000106812,0.36460191011428833,0.9486380219459534,0.5432929992675781,0.1256415843963623,1.1192193031311035,0.04333556443452835,0.0,20270808,19.793323516845703,0.6439956426620483,0.555172860622406,0.11440038681030273,0.7906344532966614,0.5603951215744019,0.22814416885375977,0.6160556077957153,0.10240795463323593,0.5947303771972656,2.5088465541508036,3.228754595804855,0.2456299066543579,0.11242812871932983,0.2833910584449768,0.11637161672115326
horse_03,pg_diffusion,horse,a zebra,0.06,100,0.3,7.5,195.4,,0.006,0.5,11556.4,27.26308822631836,0.06000000238418579,0.8275913000106812,0.36460191011428833,0.9486380219459534,0.5432929992675781,0.1256415843963623,1.1192193031311035,0.04333556443452835,0.0,20270809,19.46405029296875,0.795411229133606,0.505200982093811,0.08586325496435165,0.7752411365509033,0.5904435515403748,0.2553841471672058,0.7726560831069946,0.1063646599650383,0.5473976135253906,3.1190899419780043,3.7246740614149942,0.24376575648784637,0.09365717321634293,0.3247939646244049,0.11001243442296982
horse_03,pg_diffusion,horse,a zebra,0.06,100,0.3,7.5,195.4,,0.006,0.5,11556.4,27.26308822631836,0.06000000238418579,0.8275913000106812,0.36460191011428833,0.9486380219459534,0.5432929992675781,0.1256415843963623,1.1192193031311035,0.04333556443452835,0.0,20270810,19.486209869384766,0.8844788074493408,0.5445162653923035,0.1031089648604393,0.7763684988021851,0.5954284071922302,0.2563505172729492,0.7288891673088074,0.1060936376452446,0.5488306879997253,2.936908217456818,3.962392380213967,0.23507726192474365,0.06592531502246857,0.2848604619503021,0.1061238944530487
horse_03,pg_diffusion,horse,a zebra,0.06,100,0.3,7.5,195.4,,0.006,0.5,11556.4,27.26308822631836,0.06000000238418579,0.8275913000106812,0.36460191011428833,0.9486380219459534,0.5432929992675781,0.1256415843963623,1.1192193031311035,0.04333556443452835,0.0,20270811,19.686874389648438,0.7569103240966797,0.48277685046195984,0.09287548810243607,0.7672646045684814,0.5811010599136353,0.2641184329986572,0.7090195417404175,0.10367070883512497,0.5639356374740601,2.928315521965001,3.629444031277107,0.2232084572315216,0.09353931993246078,0.27937278151512146,0.08982624858617783
horse_03,pg_diffusion,horse,a zebra,0.06,100,0.3,7.5,195.4,,0.006,0.5,11556.4,27.26308822631836,0.06000000238418579,0.8275913000106812,0.36460191011428833,0.9486380219459534,0.5432929992675781,0.1256415843963623,1.1192193031311035,0.04333556443452835,0.0,20270812,19.158180236816406,0.8080860376358032,0.48453158140182495,0.08876954019069672,0.7648531794548035,0.6040064096450806,0.2612876892089844,0.7255284786224365,0.11017698049545288,0.5772578120231628,2.755249219245961,3.670807557418716,0.2352430522441864,0.11261045932769775,0.26998746395111084,0.11151536554098129
horse_03,pg_diffusion,horse,a zebra,0.06,100,0.3,7.5,195.4,,0.006,0.5,11556.4,27.26308822631836,0.06000000238418579,0.8275913000106812,0.36460191011428833,0.9486380219459534,0.5432929992675781,0.1256415843963623,1.1192193031311035,0.04333556443452835,0.0,20270813,19.098623275756836,0.8356504440307617,0.4708949327468872,0.08490483462810516,0.7655338644981384,0.6133912801742554,0.28003156185150146,0.7467260360717773,0.11093499511480331,0.5697492361068726,3.4200768322678,2.8873472798645796,0.2244146764278412,0.08549978584051132,0.25684112310409546,0.05973004549741745
horse_03,pg_diffusion,horse,a zebra,0.06,100,0.3,7.5,195.4,,0.006,0.5,11556.4,27.26308822631836,0.06000000238418579,0.8275913000106812,0.36460191011428833,0.9486380219459534,0.5432929992675781,0.1256415843963623,1.1192193031311035,0.04333556443452835,0.0,20270814,19.273603439331055,0.7965569496154785,0.5234823822975159,0.09009087085723877,0.7774187922477722,0.587608814239502,0.25559091567993164,0.7855295538902283,0.10872257500886917,0.5732879638671875,2.7112694295346604,4.452054116604231,0.28872862458229065,0.1226554661989212,0.31645262241363525,0.10267159342765808
horse_03,pg_diffusion,horse,a zebra,0.06,100,0.3,7.5,195.4,,0.006,0.5,11556.4,27.26308822631836,0.06000000238418579,0.8275913000106812,0.36460191011428833,0.9486380219459534,0.5432929992675781,0.1256415843963623,1.1192193031311035,0.04333556443452835,0.0,20270815,19.751991271972656,0.7945443391799927,0.5081232786178589,0.09303826838731766,0.7862902879714966,0.597479522228241,0.2767113447189331,0.7963683605194092,0.10289639234542847,0.5276235342025757,2.9439824617571415,2.7613954257315716,0.24236856400966644,0.10069343447685242,0.2421126365661621,0.07822707295417786
horse_03,pg_diffusion,horse,a zebra,0.06,100,0.3,7.5,195.4,,0.006,0.5,11556.4,27.26308822631836,0.06000000238418579,0.8275913000106812,0.36460191011428833,0.9486380219459534,0.5432929992675781,0.1256415843963623,1.1192193031311035,0.04333556443452835,0.0,20270816,19.56616973876953,0.7703679800033569,0.5279799699783325,0.10235012322664261,0.7816787958145142,0.5865750312805176,0.28182750940322876,0.6884691119194031,0.10512146353721619,0.5514653921127319,3.2616648062373286,3.6073557463051196,0.22787681221961975,0.09690256416797638,0.29689159989356995,0.11192788928747177
horse_03,pg_diffusion,horse,a zebra,0.06,100,0.3,7.5,195.4,,0.006,0.5,11556.4,27.26308822631836,0.06000000238418579,0.8275913000106812,0.36460191011428833,0.9486380219459534,0.5432929992675781,0.1256415843963623,1.1192193031311035,0.04333556443452835,0.0,20270817,19.234331130981445,0.7901087999343872,0.4853385388851166,0.09550859034061432,0.7668094038963318,0.5979844331741333,0.2452167272567749,0.7308907508850098,0.10921523720026016,0.5657081604003906,2.832246481452637,3.6650170887395705,0.23365944623947144,0.11018470674753189,0.2669740915298462,0.1110679879784584
horse_03,pg_diffusion,horse,a zebra,0.06,100,0.3,7.5,195.4,,0.006,0.5,11556.4,27.26308822631836,0.06000000238418579,0.8275913000106812,0.36460191011428833,0.9486380219459534,0.5432929992675781,0.1256415843963623,1.1192193031311035,0.04333556443452835,0.0,20270818,18.981124877929688,0.8014589548110962,0.4827043414115906,0.07792350649833679,0.7603309750556946,0.5983663201332092,0.25467729568481445,0.8263679146766663,0.1124458983540535,0.5426216125488281,3.2964507494681197,4.824594978530603,0.22923535108566284,0.08269205689430237,0.26703527569770813,0.10124225914478302
horse_03,pg_diffusion,horse,a zebra,0.06,100,0.3,7.5,195.4,,0.006,0.5,11556.4,27.26308822631836,0.06000000238418579,0.8275913000106812,0.36460191011428833,0.9486380219459534,0.5432929992675781,0.1256415843963623,1.1192193031311035,0.04333556443452835,0.0,20270819,19.469852447509766,0.7476458549499512,0.5299531817436218,0.09781331568956375,0.7869241237640381,0.5843275189399719,0.2614535093307495,0.6490769386291504,0.10629362612962723,0.6072349548339844,3.0738345530276865,3.244086310039855,0.23440900444984436,0.0963989645242691,0.29170674085617065,0.11262140423059464
horse_03,pg_diffusion,horse,a zebra,0.06,100,0.3,7.5,195.4,,0.006,0.5,11556.4,27.26308822631836,0.06000000238418579,0.8275913000106812,0.36460191011428833,0.9486380219459534,0.5432929992675781,0.1256415843963623,1.1192193031311035,0.04333556443452835,0.0,20270820,19.315832138061523,0.7877002358436584,0.5172625780105591,0.09605817496776581,0.7692837715148926,0.5408027172088623,0.2289934754371643,0.7809522151947021,0.10819526016712189,0.60357666015625,2.5580849593411332,3.0383886003685503,0.22961077094078064,0.12248092144727707,0.3020271956920624,0.11100272834300995
horse_03,pg_diffusion,horse,a zebra,0.06,100,0.3,7.5,195.4,,0.006,0.5,11556.4,27.26308822631836,0.06000000238418579,0.8275913000106812,0.36460191011428833,0.9486380219459534,0.5432929992675781,0.1256415843963623,1.1192193031311035,0.04333556443452835,0.0,20270821,19.970510482788086,0.8688191175460815,0.5427040457725525,0.09284526854753494,0.7904199361801147,0.5858345627784729,0.2427612543106079,0.7707248330116272,0.10034004598855972,0.5138015747070312,3.635493066667618,4.725548736062742,0.22555062174797058,0.07701835036277771,0.26604020595550537,0.08774112164974213
horse_03,pg_diffusion,horse,a zebra,0.06,100,0.3,7.5,195.4,,0.006,0.5,11556.4,27.26308822631836,0.06000000238418579,0.8275913000106812,0.36460191011428833,0.9486380219459534,0.5432929992675781,0.1256415843963623,1.1192193031311035,0.04333556443452835,0.0,20270822,18.909217834472656,0.7795920372009277,0.4918147027492523,0.08487632125616074,0.7557649612426758,0.586157500743866,0.25188958644866943,0.8456155061721802,0.11338066309690475,0.5370534658432007,2.798681365547676,3.777310183988714,0.26911571621894836,0.11001581698656082,0.32358601689338684,0.11516183614730835
horse_03,semantic,horse,a zebra,0.06,100,0.3,7.5,119.4,0.1533203125,0.006,0.5,8777.6,27.46269416809082,0.06000000238418579,0.8033224940299988,0.3454686105251312,0.9274365901947021,0.51372230052948,0.17899608612060547,1.1256682872772217,0.042351048439741135,0.0,20270803,19.75800895690918,0.920712411403656,0.5210592746734619,0.08879347890615463,0.7849497199058533,0.539706826210022,0.24540024995803833,2.246126174926758,0.10282515734434128,0.38072967529296875,3.3022641319385806,4.289401971591855,0.23191791772842407,0.10618077218532562,0.2527880072593689,0.0725201666355133
horse_03,semantic,horse,a zebra,0.06,100,0.3,7.5,119.4,0.1533203125,0.006,0.5,8777.6,27.46269416809082,0.06000000238418579,0.8033224940299988,0.3454686105251312,0.9274365901947021,0.51372230052948,0.17899608612060547,1.1256682872772217,0.042351048439741135,0.0,20270804,20.58995246887207,0.8758283853530884,0.5374312400817871,0.09067477285861969,0.7994623184204102,0.5573167204856873,0.2684366703033447,1.5840405225753784,0.09343340992927551,0.34605535864830017,3.1511133069343082,3.8097287601983436,0.22928400337696075,0.09709055721759796,0.25151950120925903,0.027479000389575958
horse_03,semantic,horse,a zebra,0.06,100,0.3,7.5,119.4,0.1533203125,0.006,0.5,8777.6,27.46269416809082,0.06000000238418579,0.8033224940299988,0.3454686105251312,0.9274365901947021,0.51372230052948,0.17899608612060547,1.1256682872772217,0.042351048439741135,0.0,20270805,20.30683708190918,0.8096240758895874,0.5062398910522461,0.08726219832897186,0.7904239892959595,0.564583420753479,0.25451648235321045,1.7136366367340088,0.0965290367603302,0.3629112243652344,2.799327507025341,4.993204198876149,0.24750959873199463,0.10248914361000061,0.2324877679347992,0.04104558005928993
horse_03,semantic,horse,a zebra,0.06,100,0.3,7.5,119.4,0.1533203125,0.006,0.5,8777.6,27.46269416809082,0.06000000238418579,0.8033224940299988,0.3454686105251312,0.9274365901947021,0.51372230052948,0.17899608612060547,1.1256682872772217,0.042351048439741135,0.0,20270806,20.013469696044922,0.9541369676589966,0.5222448706626892,0.08590583503246307,0.7984006404876709,0.5532331466674805,0.26159799098968506,1.6562068462371826,0.09984500706195831,0.3567441403865814,3.089250530547191,4.037932119860543,0.22566372156143188,0.0792250707745552,0.2260676920413971,0.04901441931724548
horse_03,semantic,horse,a zebra,0.06,100,0.3,7.5,119.4,0.1533203125,0.006,0.5,8777.6,27.46269416809082,0.06000000238418579,0.8033224940299988,0.3454686105251312,0.9274365901947021,0.51372230052948,0.17899608612060547,1.1256682872772217,0.042351048439741135,0.0,20270807,20.766267776489258,0.8794910907745361,0.5314069986343384,0.09135838598012924,0.7973667979240417,0.5608984231948853,0.2705180048942566,1.654015302658081,0.0915558859705925,0.35426458716392517,3.322461824938023,4.45228764273074,0.22701916098594666,0.08395794779062271,0.2370642125606537,0.012431036680936813
horse_03,semantic,horse,a zebra,0.06,100,0.3,7.5,119.4,0.1533203125,0.006,0.5,8777.6,27.46269416809082,0.06000000238418579,0.8033224940299988,0.3454686105251312,0.9274365901947021,0.51372230052948,0.17899608612060547,1.1256682872772217,0.042351048439741135,0.0,20270808,20.38937759399414,0.830309271812439,0.524418294429779,0.08905260264873505,0.792242705821991,0.5601987242698669,0.2557569742202759,2.227729558944702,0.09561606496572495,0.3597196042537689,2.5088465541508036,4.246097344375176,0.2456299066543579,0.11242812871932983,0.22803042829036713,0.1015474796295166
horse_03,semantic,horse,a zebra,0.06,100,0.3,7.5,119.4,0.1533203125,0.006,0.5,8777.6,27.46269416809082,0.06000000238418579,0.8033224940299988,0.3454686105251312,0.9274365901947021,0.51372230052948,0.17899608612060547,1.1256682872772217,0.042351048439741135,0.0,20270809,20.616390228271484,0.9356038570404053,0.5429694652557373,0.08923276513814926,0.8072363138198853,0.5611115097999573,0.27420586347579956,1.3887320756912231,0.09314943850040436,0.3366025388240814,3.1190899419780043,3.8242990006260333,0.24376575648784637,0.09365717321634293,0.22218766808509827,0.08015762269496918
horse_03,semantic,horse,a zebra,0.06,100,0.3,7.5,119.4,0.1533203125,0.006,0.5,8777.6,27.46269416809082,0.06000000238418579,0.8033224940299988,0.3454686105251312,0.9274365901947021,0.51372230052948,0.17899608612060547,1.1256682872772217,0.042351048439741135,0.0,20270810,20.7073974609375,0.8266066312789917,0.5367743372917175,0.09352675080299377,0.8010491132736206,0.5524280071258545,0.23773455619812012,1.907967209815979,0.09217854589223862,0.352386474609375,2.936908217456818,4.579678553290939,0.23507726192474365,0.06592531502246857,0.2500877380371094,0.0657932460308075
horse_03,semantic,horse,a zebra,0.06,100,0.3,7.5,119.4,0.1533203125,0.006,0.5,8777.6,27.46269416809082,0.06000000238418579,0.8033224940299988,0.3454686105251312,0.9274365901947021,0.51372230052948,0.17899608612060547,1.1256682872772217,0.042351048439741135,0.0,20270811,20.553905487060547,0.8924983739852905,0.514162540435791,0.08983419090509415,0.7864969372749329,0.57123863697052,0.25867605209350586,1.759883165359497,0.0938219502568245,0.3566792905330658,2.928315521965001,4.1690185736487,0.2232084572315216,0.09353931993246078,0.22684931755065918,0.04122085124254227
horse_03,semantic,horse,a zebra,0.06,100,0.3,7.5,119.4,0.1533203125,0.006,0.5,8777.6,27.46269416809082,0.06000000238418579,0.8033224940299988,0.3454686105251312,0.9274365901947021,0.51372230052948,0.17899608612060547,1.1256682872772217,0.042351048439741135,0.0,20270812,19.70514488220215,0.9348106384277344,0.5145257711410522,0.08990681916475296,0.7856218218803406,0.5565581917762756,0.25265103578567505,1.658666968345642,0.10345286875963211,0.3810920715332031,2.755249219245961,3.5558751319261317,0.2352430522441864,0.11261045932769775,0.2385517656803131,0.04572939872741699
horse_03,semantic,horse,a zebra,0.06,100,0.3,7.5,119.4,0.1533203125,0.006,0.5,8777.6,27.46269416809082,0.06000000238418579,0.8033224940299988,0.3454686105251312,0.9274365901947021,0.51372230052948,0.17899608612060547,1.1256682872772217,0.042351048439741135,0.0,20270813,20.181638717651367,0.9637255668640137,0.4943598210811615,0.08122247457504272,0.7877688407897949,0.5782554149627686,0.25568443536758423,1.9117932319641113,0.09793046116828918,0.3776499629020691,3.4200768322678,4.16665331319838,0.2244146764278412,0.08549978584051132,0.22336575388908386,0.05082637816667557
horse_03,semantic,horse,a zebra,0.06,100,0.3,7.5,119.4,0.1533203125,0.006,0.5,8777.6,27.46269416809082,0.06000000238418579,0.8033224940299988,0.3454686105251312,0.9274365901947021,0.51372230052948,0.17899608612060547,1.1256682872772217,0.042351048439741135,0.0,20270814,20.00638771057129,0.8318137526512146,0.5269300937652588,0.09261956810951233,0.7912132143974304,0.5479257106781006,0.2542528510093689,1.6451339721679688,0.09992644190788269,0.3737576901912689,2.7112694295346604,4.295848765523339,0.28872862458229065,0.1226554661989212,0.2439025342464447,0.05882564187049866
horse_03,semantic,horse,a zebra,0.06,100,0.3,7.5,119.4,0.1533203125,0.006,0.5,8777.6,27.46269416809082,0.06000000238418579,0.8033224940299988,0.3454686105251312,0.9274365901947021,0.51372230052948,0.17899608612060547,1.1256682872772217,0.042351048439741135,0.0,20270815,20.24509620666504,0.8217208981513977,0.5448999404907227,0.09386680275201797,0.7960386872291565,0.5427850484848022,0.2373674511909485,2.050170421600342,0.0972176119685173,0.3595937192440033,2.9439824617571415,5.291175991177443,0.24236856400966644,0.10069343447685242,0.25985848903656006,0.05693197622895241
horse_03,semantic,horse,a zebra,0.06,100,0.3,7.5,119.4,0.1533203125,0.006,0.5,8777.6,27.46269416809082,0.06000000238418579,0.8033224940299988,0.3454686105251312,0.9274365901947021,0.51372230052948,0.17899608612060547,1.1256682872772217,0.042351048439741135,0.0,20270816,20.263103485107422,0.8628091812133789,0.5153597593307495,0.09118242561817169,0.7909621596336365,0.5677201747894287,0.28893065452575684,1.8471473455429077,0.09701628237962723,0.3606618344783783,3.2616648062373286,4.75996285430971,0.22787681221961975,0.09690256416797638,0.23425787687301636,0.11015453189611435
horse_03,semantic,horse,a zebra,0.06,100,0.3,7.5,119.4,0.1533203125,0.006,0.5,8777.6,27.46269416809082,0.06000000238418579,0.8033224940299988,0.3454686105251312,0.9274365901947021,0.51372230052948,0.17899608612060547,1.1256682872772217,0.042351048439741135,0.0,20270817,19.77715301513672,0.8980071544647217,0.5084526538848877,0.08645220845937729,0.7784690856933594,0.5798420906066895,0.26274800300598145,1.6887683868408203,0.10259877145290375,0.3828684687614441,2.832246481452637,3.2113052281052004,0.23365944623947144,0.11018470674753189,0.22862696647644043,0.04617723450064659
horse_03,semantic,horse,a zebra,0.06,100,0.3,7.5,119.4,0.1533203125,0.006,0.5,8777.6,27.46269416809082,0.06000000238418579,0.8033224940299988,0.3454686105251312,0.9274365901947021,0.51372230052948,0.17899608612060547,1.1256682872772217,0.042351048439741135,0.0,20270818,20.139257431030273,0.9580255746841431,0.5399350523948669,0.0913228690624237,0.8004416227340698,0.5762878656387329,0.26565611362457275,1.4929540157318115,0.0984094887971878,0.3531850278377533,3.2964507494681197,3.888287592801565,0.22923535108566284,0.08269205689430237,0.20125854015350342,0.02944205328822136
horse_03,semantic,horse,a zebra,0.06,100,0.3,7.5,119.4,0.1533203125,0.006,0.5,8777.6,27.46269416809082,0.06000000238418579,0.8033224940299988,0.3454686105251312,0.9274365901947021,0.51372230052948,0.17899608612060547,1.1256682872772217,0.042351048439741135,0.0,20270819,19.78221321105957,0.8944082260131836,0.4890486001968384,0.08018337190151215,0.7806207537651062,0.5672336220741272,0.2548232078552246,2.168635368347168,0.10253901779651642,0.3830820918083191,3.0738345530276865,4.8772422000650355,0.23440900444984436,0.0963989645242691,0.24797405302524567,0.10005058348178864
horse_03,semantic,horse,a zebra,0.06,100,0.3,7.5,119.4,0.1533203125,0.006,0.5,8777.6,27.46269416809082,0.06000000238418579,0.8033224940299988,0.3454686105251312,0.9274365901947021,0.51372230052948,0.17899608612060547,1.1256682872772217,0.042351048439741135,0.0,20270820,19.869335174560547,0.9601897597312927,0.5100037455558777,0.08152946829795837,0.7809589505195618,0.5649843215942383,0.2537986636161804,1.762280821800232,0.10151567310094833,0.36591848731040955,2.5580849593411332,3.9558562003402593,0.22961077094078064,0.12248092144727707,0.2634136974811554,0.09453555941581726
horse_03,semantic,horse,a zebra,0.06,100,0.3,7.5,119.4,0.1533203125,0.006,0.5,8777.6,27.46269416809082,0.06000000238418579,0.8033224940299988,0.3454686105251312,0.9274365901947021,0.51372230052948,0.17899608612060547,1.1256682872772217,0.042351048439741135,0.0,20270821,20.484254837036133,0.9067822694778442,0.5371741652488708,0.0912066325545311,0.7981579899787903,0.5633721351623535,0.27034991979599,1.8860887289047241,0.09457733482122421,0.342803955078125,3.635493066667618,3.445500636934449,0.22555062174797058,0.07701835036277771,0.22385647892951965,0.04915818199515343
horse_03,semantic,horse,a zebra,0.06,100,0.3,7.5,119.4,0.1533203125,0.006,0.5,8777.6,27.46269416809082,0.06000000238418579,0.8033224940299988,0.3454686105251312,0.9274365901947021,0.51372230052948,0.17899608612060547,1.1256682872772217,0.042351048439741135,0.0,20270822,20.02193832397461,0.8543977737426758,0.5366066098213196,0.09093661606311798,0.7808435559272766,0.5414415597915649,0.27900445461273193,1.3091955184936523,0.0997476801276207,0.3729693293571472,2.798681365547676,3.6845698939230616,0.26911571621894836,0.11001581698656082,0.22159349918365479,0.0695531964302063
bird_00,pg_encoder,bird,a butterfly,0.06,100,0.3,7.5,6.7,,0.006,0.5,8777.8,27.581119537353516,0.06000000238418579,0.8049936294555664,0.27908608317375183,0.9176806211471558,0.6574596762657166,0.1457396149635315,1.0036672353744507,0.041777536273002625,0.0,20270803,19.005983352661133,0.5447606444358826,0.7005430459976196,0.39449343085289,0.7547670602798462,0.6393082141876221,0.44071656465530396,0.024736592546105385,0.11212453246116638,0.5697593688964844,3.967504032561172,10.154206877760245,0.19232702255249023,0.028041979297995567,0.24486035108566284,0.06897161155939102
bird_00,pg_encoder,bird,a butterfly,0.06,100,0.3,7.5,6.7,,0.006,0.5,8777.8,27.581119537353516,0.06000000238418579,0.8049936294555664,0.27908608317375183,0.9176806211471558,0.6574596762657166,0.1457396149635315,1.0036672353744507,0.041777536273002625,0.0,20270804,19.03675651550293,0.6579362750053406,0.7001727819442749,0.3561946749687195,0.7335656881332397,0.6023908257484436,0.46703052520751953,0.026982616633176804,0.1117279976606369,0.5993639826774597,4.180577028895358,9.93245191047347,0.22231505811214447,0.07668862491846085,0.2870860695838928,0.10987768322229385
bird_00,pg_encoder,bird,a butterfly,0.06,100,0.3,7.5,6.7,,0.006,0.5,8777.8,27.581119537353516,0.06000000238418579,0.8049936294555664,0.27908608317375183,0.9176806211471558,0.6574596762657166,0.1457396149635315,1.0036672353744507,0.041777536273002625,0.0,20270805,19.393003463745117,0.6411733627319336,0.7175113558769226,0.347067266702652,0.7652596831321716,0.6470114588737488,0.4101913571357727,0.03425747901201248,0.10723823308944702,0.5630747675895691,4.569333916930931,10.97400698650497,0.21300581097602844,0.05976645648479462,0.2598899304866791,0.11177772283554077
bird_00,pg_encoder,bird,a butterfly,0.06,100,0.3,7.5,6.7,,0.006,0.5,8777.8,27.581119537353516,0.06000000238418579,0.8049936294555664,0.27908608317375183,0.9176806211471558,0.6574596762657166,0.1457396149635315,1.0036672353744507,0.041777536273002625,0.0,20270806,19.1126651763916,0.5997668504714966,0.6848052740097046,0.35948988795280457,0.732049822807312,0.6274968981742859,0.45938313007354736,0.03128300979733467,0.11075582355260849,0.6020597219467163,4.273903205700354,11.044564466010451,0.20607052743434906,0.06412556767463684,0.28144359588623047,0.10178755223751068
bird_00,pg_encoder,bird,a butterfly,0.06,100,0.3,7.5,6.7,,0.006,0.5,8777.8,27.581119537353516,0.06000000238418579,0.8049936294555664,0.27908608317375183,0.9176806211471558,0.6574596762657166,0.1457396149635315,1.0036672353744507,0.041777536273002625,0.0,20270807,19.08791732788086,0.6955403089523315,0.7028999328613281,0.3667856752872467,0.7713293433189392,0.698809027671814,0.4456300139427185,0.02667335793375969,0.11107183247804642,0.5926971435546875,5.046753189559408,11.177253599988234,0.2208462655544281,0.05608220770955086,0.2948955297470093,0.10755287855863571
bird_00,pg_encoder,bird,a butterfly,0.06,100,0.3,7.5,6.7,,0.006,0.5,8777.8,27.581119537353516,0.06000000238418579,0.8049936294555664,0.27908608317375183,0.9176806211471558,0.6574596762657166,0.1457396149635315,1.0036672353744507,0.041777536273002625,0.0,20270808,19.578115463256836,0.5931772589683533,0.7149085402488708,0.3874846398830414,0.758094310760498,0.6324504613876343,0.45119577646255493,0.02223985828459263,0.10497697442770004,0.5500704646110535,4.537366876268154,11.785690975601607,0.21313586831092834,0.047601014375686646,0.24734334647655487,0.0479002371430397
bird_00,pg_encoder,bird,a butterfly,0.06,100,0.3,7.5,6.7,,0.006,0.5,8777.8,27.581119537353516,0.06000000238418579,0.8049936294555664,0.27908608317375183,0.9176806211471558,0.6574596762657166,0.1457396149635315,1.0036672353744507,0.041777536273002625,0.0,20270809,18.55524444580078,0.5624422430992126,0.6731057167053223,0.32153284549713135,0.7294456958770752,0.6457695960998535,0.4383862018585205,0.023801289498806,0.11809666454792023,0.6232210993766785,3.80912245026464,10.241576107510161,0.23146085441112518,0.08113642781972885,0.26439690589904785,0.08146530389785767
bird_00,pg_encoder,bird,a butterfly,0.06,100,0.3,7.5,6.7,,0.006,0.5,8777.8,27.581119537353516,0.06000000238418579,0.8049936294555664,0.27908608317375183,0.9176806211471558,0.6574596762657166,0.1457396149635315,1.0036672353744507,0.041777536273002625,0.0,20270810,19.172893524169922,0.5668675303459167,0.6859168410301208,0.3936120271682739,0.733911395072937,0.6592833399772644,0.459505558013916,0.020609550178050995,0.10999052226543427,0.5988451838493347,4.420352674325479,10.853068526351645,0.2043042629957199,0.04233800619840622,0.27028942108154297,0.0913616195321083
bird_00,pg_encoder,bird,a butterfly,0.06,100,0.3,7.5,6.7,,0.006,0.5,8777.8,27.581119537353516,0.06000000238418579,0.8049936294555664,0.27908608317375183,0.9176806211471558,0.6574596762657166,0.1457396149635315,1.0036672353744507,0.041777536273002625,0.0,20270811,19.000991821289062,0.6918519735336304,0.6797592043876648,0.3423697054386139,0.734778106212616,0.6453863382339478,0.40505677461624146,0.03539971262216568,0.11218897253274918,0.6024984121322632,4.392461663161727,9.206966527946548,0.23945939540863037,0.03970210999250412,0.2889696955680847,0.10899581015110016
bird_00,pg_encoder,bird,a butterfly,0.06,100,0.3,7.5,6.7,,0.006,0.5,8777.8,27.581119537353516,0.06000000238418579,0.8049936294555664,0.27908608317375183,0.9176806211471558,0.6574596762657166,0.1457396149635315,1.0036672353744507,0.041777536273002625,0.0,20270812,19.541027069091797,0.7236515283584595,0.7369484901428223,0.3138931095600128,0.7712565660476685,0.5971212387084961,0.3907482624053955,0.0472775399684906,0.10542617738246918,0.5546671748161316,4.850989550408136,9.975397442733,0.20202592015266418,0.04138550907373428,0.24975520372390747,0.052792988717556
bird_00,pg_encoder,bird,a butterfly,0.06,100,0.3,7.5,6.7,,0.006,0.5,8777.8,27.581119537353516,0.06000000238418579,0.8049936294555664,0.27908608317375183,0.9176806211471558,0.6574596762657166,0.1457396149635315,1.0036672353744507,0.041777536273002625,0.0,20270813,19.44155502319336,0.6254171133041382,0.7147622108459473,0.3879569172859192,0.7857187986373901,0.6517520546913147,0.41749346256256104,0.044982101768255234,0.10664047300815582,0.5717697143554688,4.497774746755744,11.417946381237812,0.1999400556087494,0.04024214670062065,0.24773921072483063,0.055064186453819275
bird_00,pg_encoder,bird,a butterfly,0.06,100,0.3,7.5,6.7,,0.006,0.5,8777.8,27.581119537353516,0.06000000238418579,0.8049936294555664,0.27908608317375183,0.9176806211471558,0.6574596762657166,0.1457396149635315,1.0036672353744507,0.041777536273002625,0.0,20270814,19.233905792236328,0.6072686910629272,0.696143388748169,0.33946484327316284,0.7312384247779846,0.6542754173278809,0.4357755184173584,0.031856145709753036,0.10922059416770935,0.5752131342887878,4.512970758882694,11.027424082449585,0.20781613886356354,0.03519553318619728,0.24430744349956512,0.07494371384382248
bird_00,pg_encoder,bird,a butterfly,0.06,100,0.3,7.5,6.7,,0.006,0.5,8777.8,27.581119537353516,0.06000000238418579,0.8049936294555664,0.27908608317375183,0.9176806211471558,0.6574596762657166,0.1457396149635315,1.0036672353744507,0.041777536273002625,0.0,20270815,19.789335250854492,0.6766440272331238,0.7033995985984802,0.31640610098838806,0.7410799264907837,0.6322685480117798,0.40867263078689575,0.026577144861221313,0.10245497524738312,0.5594520568847656,4.596076362287386,10.663348371167963,0.20910847187042236,0.017497342079877853,0.2631881535053253,0.08389949053525925
bird_00,pg_encoder,bird,a butterfly,0.06,100,0.3,7.5,6.7,,0.006,0.5,8777.8,27.581119537353516,0.06000000238418579,0.8049936294555664,0.27908608317375183,0.9176806211471558,0.6574596762657166,0.1457396149635315,1.0036672353744507,0.041777536273002625,0.0,20270816,19.456113815307617,0.6001572608947754,0.6985570788383484,0.33991140127182007,0.7437648773193359,0.6374034881591797,0.40586262941360474,0.041483018547296524,0.10646189749240875,0.5988413691520691,4.861896685325651,10.403528551373784,0.23002180457115173,0.09025399386882782,0.273331880569458,0.10967487096786499
bird_00,pg_encoder,bird,a butterfly,0.06,100,0.3,7.5,6.7,,0.006,0.5,8777.8,27.581119537353516,0.06000000238418579,0.8049936294555664,0.27908608317375183,0.9176806211471558,0.6574596762657166,0.1457396149635315,1.0036672353744507,0.041777536273002625,0.0,20270817,19.40926170349121,0.6895689964294434,0.6993542909622192,0.35982775688171387,0.7459506988525391,0.6310985684394836,0.43537259101867676,0.033420380204916,0.10703770071268082,0.5983111262321472,4.45429823019929,11.903948680561204,0.22053250670433044,0.06343197077512741,0.257907509803772,0.07132752984762192
bird_00,pg_encoder,bird,a butterfly,0.06,100,0.3,7.5,6.7,,0.006,0.5,8777.8,27.581119537353516,0.06000000238418579,0.8049936294555664,0.27908608317375183,0.9176806211471558,0.6574596762657166,0.1457396149635315,1.0036672353744507,0.041777536273002625,0.0,20270818,19.1724853515625,0.6037743091583252,0.6925227046012878,0.3553488552570343,0.7333521842956543,0.6719174385070801,0.4455517530441284,0.025646772235631943,0.10999566316604614,0.5922927856445312,4.150556553179828,8.493263055265194,0.1924620419740677,0.02921721339225769,0.27534544467926025,0.10477772355079651
bird_00,pg_encoder,bird,a butterfly,0.06,100,0.3,7.5,6.7,,0.006,0.5,8777.8,27.581119537353516,0.06000000238418579,0.8049936294555664,0.27908608317375183,0.9176806211471558,0.6574596762657166,0.1457396149635315,1.0036672353744507,0.041777536273002625,0.0,20270819,19.718421936035156,0.7481407523155212,0.6904260516166687,0.28717318177223206,0.725758969783783,0.6198545098304749,0.40111243724823,0.040025029331445694,0.10329487174749374,0.5648397207260132,4.287803372807779,10.395088095056929,0.23945653438568115,0.04811506345868111,0.2783753275871277,0.1118675023317337
bird_00,pg_encoder,bird,a butterfly,0.06,100,0.3,7.5,6.7,,0.006,0.5,8777.8,27.581119537353516,0.06000000238418579,0.8049936294555664,0.27908608317375183,0.9176806211471558,0.6574596762657166,0.1457396149635315,1.0036672353744507,0.041777536273002625,0.0,20270820,18.94750213623047,0.5681772828102112,0.6817356944084167,0.3559846580028534,0.735279381275177,0.6545549631118774,0.4065190553665161,0.02388685569167137,0.11288201063871384,0.6113599538803101,3.8759009063292584,9.007773790069134,0.2681301236152649,0.10571720451116562,0.2619985342025757,0.10603242367506027
bird_00,pg_encoder,bird,a butterfly,0.06,100,0.3,7.5,6.7,,0.006,0.5,8777.8,27.581119537353516,0.06000000238418579,0.8049936294555664,0.27908608317375183,0.9176806211471558,0.6574596762657166,0.1457396149635315,1.0036672353744507,0.041777536273002625,0.0,20270821,19.135190963745117,0.6956963539123535,0.7030982375144958,0.3436102569103241,0.7344876527786255,0.6037673950195312,0.4107776880264282,0.04044325649738312,0.11046894639730453,0.5870285034179688,3.6411731051851097,11.497326406404703,0.19456075131893158,0.03594600409269333,0.29200220108032227,0.09058523178100586
bird_00,pg_encoder,bird,a butterfly,0.06,100,0.3,7.5,6.7,,0.006,0.5,8777.8,27.581119537353516,0.06000000238418579,0.8049936294555664,0.27908608317375183,0.9176806211471558,0.6574596762657166,0.1457396149635315,1.0036672353744507,0.041777536273002625,0.0,20270822,19.697141647338867,0.6025761365890503,0.7005387544631958,0.3081934452056885,0.7476828098297119,0.6685168743133545,0.4061546325683594,0.0325818732380867,0.10354824364185333,0.5726026296615601,3.5225892823482137,9.955106657683059,0.20282839238643646,0.02360568568110466,0.2675558924674988,0.06716370582580566
bird_00,pg_diffusion,bird,a butterfly,0.06,100,0.3,7.5,192.6,,0.006,0.5,11557.4,27.273778915405273,0.06000000238418579,0.8199161291122437,0.29008641839027405,0.939166784286499,0.6702944040298462,0.14245378971099854,1.1476755142211914,0.04328225180506706,0.0,20270803,19.171993255615234,0.7350322604179382,0.5655686855316162,0.061550676822662354,0.7415972948074341,0.7370704412460327,0.31494641304016113,1.268712043762207,0.11000189930200577,0.5215467214584351,3.967504032561172,5.0589065130660025,0.19232702255249023,0.028041979297995567,0.28380584716796875,0.08568473905324936
bird_00,pg_diffusion,bird,a butterfly,0.06,100,0.3,7.5,192.6,,0.006,0.5,11557.4,27.273778915405273,0.06000000238418579,0.8199161291122437,0.29008641839027405,0.939166784286499,0.6702944040298462,0.14245378971099854,1.1476755142211914,0.04328225180506706,0.0,20270804,19.442930221557617,0.700568437576294,0.5779681205749512,0.06583305448293686,0.7457582354545593,0.7323257923126221,0.33224576711654663,0.6972195506095886,0.10662359744310379,0.5712878108024597,4.180577028895358,4.650459489927169,0.22231505811214447,0.07668862491846085,0.25837382674217224,0.09787772595882416
bird_00,pg_diffusion,bird,a butterfly,0.06,100,0.3,7.5,192.6,,0.006,0.5,11557.4,27.273778915405273,0.06000000238418579,0.8199161291122437,0.29008641839027405,0.939166784286499,0.6702944040298462,0.14245378971099854,1.1476755142211914,0.04328225180506706,0.0,20270805,19.35309410095215,0.7926976680755615,0.5912051796913147,0.06491793692111969,0.7470976114273071,0.7438464760780334,0.3574005365371704,0.847030520439148,0.10773210972547531,0.5522944331169128,4.569333916930931,5.661047646068399,0.21300581097602844,0.05976645648479462,0.28216826915740967,0.08471854031085968
bird_00,pg_diffusion,bird,a butterfly,0.06,100,0.3,7.5,192.6,,0.006,0.5,11557.4,27.273778915405273,0.06000000238418579,0.8199161291122437,0.29008641839027405,0.939166784286499,0.6702944040298462,0.14245378971099854,1.1476755142211914,0.04328225180506706,0.0,20270806,19.363998413085938,0.6989679336547852,0.5768182873725891,0.05446458235383034,0.7239136695861816,0.7296710014343262,0.3594222068786621,0.9028728008270264,0.10759692639112473,0.5515823364257812,4.273903205700354,5.374293321555027,0.20607052743434906,0.06412556767463684,0.2798023223876953,0.09210111200809479
bird_00,pg_diffusion,bird,a butterfly,0.06,100,0.3,7.5,192.6,,0.006,0.5,11557.4,27.273778915405273,0.06000000238418579,0.8199161291122437,0.29008641839027405,0.939166784286499,0.6702944040298462,0.14245378971099854,1.1476755142211914,0.04328225180506706,0.0,20270807,19.512435913085938,0.7117809653282166,0.6146186590194702,0.06886804848909378,0.7512001395225525,0.7455174922943115,0.3025299310684204,0.6463502049446106,0.10577378422021866,0.5498365163803101,5.046753189559408,6.542637273423534,0.2208462655544281,0.05608220770955086,0.29114362597465515,0.07562720775604248
bird_00,pg_diffusion,bird,a butterfly,0.06,100,0.3,7.5,192.6,,0.006,0.5,11557.4,27.273778915405273,0.06000000238418579,0.8199161291122437,0.29008641839027405,0.939166784286499,0.6702944040298462,0.14245378971099854,1.1476755142211914,0.04328225180506706,0.0,20270808,19.445634841918945,0.7304731607437134,0.5949984788894653,0.056979041546583176,0.7297351956367493,0.7724222540855408,0.36557579040527344,0.9033598899841309,0.1065903976559639,0.5378888845443726,4.537366876268154,6.953129250896149,0.21313586831092834,0.047601014375686646,0.29708990454673767,0.08770141005516052
bird_00,pg_diffusion,bird,a butterfly,0.06,100,0.3,7.5,192.6,,0.006,0.5,11557.4,27.273778915405273,0.06000000238418579,0.8199161291122437,0.29008641839027405,0.939166784286499,0.6702944040298462,0.14245378971099854,1.1476755142211914,0.04328225180506706,0.0,20270809,19.088293075561523,0.8117054104804993,0.5825768709182739,0.059307292103767395,0.7366995811462402,0.7473477125167847,0.3516193628311157,0.6461532115936279,0.1110670417547226,0.5760332942008972,3.80912245026464,6.063679067984972,0.23146085441112518,0.08113642781972885,0.27874955534935,0.08876070380210876
bird_00,pg_diffusion,bird,a butterfly,0.06,100,0.3,7.5,192.6,,0.006,0.5,11557.4,27.273778915405273,0.06000000238418579,0.8199161291122437,0.29008641839027405,0.939166784286499,0.6702944040298462,0.14245378971099854,1.1476755142211914,0.04328225180506706,0.0,20270810,19.40309715270996,0.7550200819969177,0.5716798305511475,0.05802718177437782,0.7527269124984741,0.7665067911148071,0.39220577478408813,0.7277296781539917,0.10711368918418884,0.5640462636947632,4.420352674325479,5.98214645097874,0.2043042629957199,0.04233800619840622,0.30245399475097656,0.09666179120540619
bird_00,pg_diffusion,bird,a butterfly,0.06,100,0.3,7.5,192.6,,0.006,0.5,11557.4,27.273778915405273,0.06000000238418579,0.8199161291122437,0.29008641839027405,0.939166784286499,0.6702944040298462,0.14245378971099854,1.1476755142211914,0.04328225180506706,0.0,20270811,19.026748657226562,0.6737523078918457,0.5146006941795349,0.05261070653796196,0.732883632183075,0.7605319619178772,0.3489881753921509,1.132314682006836,0.11185681819915771,0.5657438039779663,4.392461663161727,4.5258325688127465,0.23945939540863037,0.03970210999250412,0.2818294167518616,0.10273098945617676
bird_00,pg_diffusion,bird,a butterfly,0.06,100,0.3,7.5,192.6,,0.006,0.5,11557.4,27.273778915405273,0.06000000238418579,0.8199161291122437,0.29008641839027405,0.939166784286499,0.6702944040298462,0.14245378971099854,1.1476755142211914,0.04328225180506706,0.0,20270812,19.559410095214844,0.7241448163986206,0.5749911069869995,0.06409207731485367,0.7391573786735535,0.7508103847503662,0.34464770555496216,0.9890353083610535,0.1052033081650734,0.5450820922851562,4.850989550408136,5.1712615497471335,0.20202592015266418,0.04138550907373428,0.26571404933929443,0.10126671195030212
bird_00,pg_diffusion,bird,a butterfly,0.06,100,0.3,7.5,192.6,,0.006,0.5,11557.4,27.273778915405273,0.06000000238418579,0.8199161291122437,0.29008641839027405,0.939166784286499,0.6702944040298462,0.14245378971099854,1.1476755142211914,0.04328225180506706,0.0,20270813,19.430950164794922,0.7841291427612305,0.5415995121002197,0.06598398089408875,0.7402979731559753,0.7693874835968018,0.36208897829055786,0.8643143773078918,0.10677075386047363,0.5610059499740601,4.497774746755744,5.6559199477279645,0.1999400556087494,0.04024214670062065,0.26280683279037476,0.08121443539857864
bird_00,pg_diffusion,bird,a butterfly,0.06,100,0.3,7.5,192.6,,0.006,0.5,11557.4,27.273778915405273,0.06000000238418579,0.8199161291122437,0.29008641839027405,0.939166784286499,0.6702944040298462,0.14245378971099854,1.1476755142211914,0.04328225180506706,0.0,20270814,19.524085998535156,0.7861181497573853,0.5395687818527222,0.05416763201355934,0.7262203097343445,0.7515414357185364,0.3713945150375366,0.9142919182777405,0.1056319996714592,0.5574798583984375,4.512970758882694,6.948626887628293,0.20781613886356354,0.03519553318619728,0.2770553231239319,0.07892727106809616
bird_00,pg_diffusion,bird,a butterfly,0.06,100,0.3,7.5,192.6,,0.006,0.5,11557.4,27.273778915405273,0.06000000238418579,0.8199161291122437,0.29008641839027405,0.939166784286499,0.6702944040298462,0.14245378971099854,1.1476755142211914,0.04328225180506706,0.0,20270815,19.531644821166992,0.6792571544647217,0.5587629079818726,0.047209739685058594,0.7179306745529175,0.7514257431030273,0.38174235820770264,0.9498597979545593,0.10554011166095734,0.5373306274414062,4.596076362287386,5.348189078299795,0.20910847187042236,0.017497342079877853,0.30293649435043335,0.08808816969394684
bird_00,pg_diffusion,bird,a butterfly,0.06,100,0.3,7.5,192.6,,0.006,0.5,11557.4,27.273778915405273,0.06000000238418579,0.8199161291122437,0.29008641839027405,0.939166784286499,0.6702944040298462,0.14245378971099854,1.1476755142211914,0.04328225180506706,0.0,20270816,19.229705810546875,0.6556116938591003,0.5390306115150452,0.06303473562002182,0.7359986901283264,0.7708442211151123,0.3616611957550049,0.8938833475112915,0.10927339643239975,0.5868975520133972,4.861896685325651,5.8159514176003295,0.23002180457115173,0.09025399386882782,0.2626320421695709,0.0939023494720459
bird_00,pg_diffusion,bird,a butterfly,0.06,100,0.3,7.5,192.6,,0.006,0.5,11557.4,27.273778915405273,0.06000000238418579,0.8199161291122437,0.29008641839027405,0.939166784286499,0.6702944040298462,0.14245378971099854,1.1476755142211914,0.04328225180506706,0.0,20270817,19.488832473754883,0.8896276950836182,0.5849822759628296,0.053533222526311874,0.7395575642585754,0.7430092096328735,0.3484768271446228,0.8428468704223633,0.10606161504983902,0.5357170104980469,4.45429823019929,6.405443999699785,0.22053250670433044,0.06343197077512741,0.3010019063949585,0.08717553317546844
bird_00,pg_diffusion,bird,a butterfly,0.06,100,0.3,7.5,192.6,,0.006,0.5,11557.4,27.273778915405273,0.06000000238418579,0.8199161291122437,0.29008641839027405,0.939166784286499,0.6702944040298462,0.14245378971099854,1.1476755142211914,0.04328225180506706,0.0,20270818,19.495975494384766,0.690520703792572,0.598844051361084,0.0634826272726059,0.7509889602661133,0.7426913976669312,0.3366907835006714,0.690272331237793,0.10597441345453262,0.5606956481933594,4.150556553179828,5.992809768594914,0.1924620419740677,0.02921721339225769,0.25416138768196106,0.07673785835504532
bird_00,pg_diffusion,bird,a butterfly,0.06,100,0.3,7.5,192.6,,0.006,0.5,11557.4,27.273778915405273,0.06000000238418579,0.8199161291122437,0.29008641839027405,0.939166784286499,0.6702944040298462,0.14245378971099854,1.1476755142211914,0.04328225180506706,0.0,20270819,19.63996124267578,0.8127988576889038,0.5704212784767151,0.05076928064227104,0.746317446231842,0.7642840147018433,0.3765922784805298,0.6786497235298157,0.10423219203948975,0.5457369685173035,4.287803372807779,6.086628964168087,0.23945653438568115,0.04811506345868111,0.2884896397590637,0.08772522956132889
bird_00,pg_diffusion,bird,a butterfly,0.06,100,0.3,7.5,192.6,,0.006,0.5,11557.4,27.273778915405273,0.06000000238418579,0.8199161291122437,0.29008641839027405,0.939166784286499,0.6702944040298462,0.14245378971099854,1.1476755142211914,0.04328225180506706,0.0,20270820,19.464080810546875,0.7790488600730896,0.5594067573547363,0.07217545807361603,0.7564655542373657,0.75542151927948,0.3307332992553711,0.9738701581954956,0.10636428743600845,0.5267359614372253,3.8759009063292584,5.58384892754679,0.2681301236152649,0.10571720451116562,0.27441295981407166,0.09558863937854767
bird_00,pg_diffusion,bird,a butterfly,0.06,100,0.3,7.5,192.6,,0.006,0.5,11557.4,27.273778915405273,0.06000000238418579,0.8199161291122437,0.29008641839027405,0.939166784286499,0.6702944040298462,0.14245378971099854,1.1476755142211914,0.04328225180506706,0.0,20270821,19.472911834716797,0.7155724763870239,0.6382851600646973,0.07453293353319168,0.766607403755188,0.7009787559509277,0.28513383865356445,0.6849950551986694,0.1062561646103859,0.5539131164550781,3.6411731051851097,4.4762629808929955,0.19456075131893158,0.03594600409269333,0.29119008779525757,0.09671765565872192
bird_00,pg_diffusion,bird,a butterfly,0.06,100,0.3,7.5,192.6,,0.006,0.5,11557.4,27.273778915405273,0.06000000238418579,0.8199161291122437,0.29008641839027405,0.939166784286499,0.6702944040298462,0.14245378971099854,1.1476755142211914,0.04328225180506706,0.0,20270822,19.784008026123047,0.6881481409072876,0.5704836845397949,0.06178034842014313,0.7474285364151001,0.7259106040000916,0.32427024841308594,0.9998461008071899,0.10251782089471817,0.5328954458236694,3.5225892823482137,6.465855211765463,0.20282839238643646,0.02360568568110466,0.2873343527317047,0.10233236104249954
bird_00,semantic,bird,a butterfly,0.06,100,0.3,7.5,119.4,0.15185546875,0.006,0.5,8778.6,27.70895767211914,0.06000000238418579,0.7456733584403992,0.2736789286136627,0.8888276219367981,0.6234017014503479,0.21743237972259521,1.277809500694275,0.04116715118288994,0.0,20270803,21.413137435913086,0.77515709400177,0.5710832476615906,0.08089450001716614,0.7570430636405945,0.6434897184371948,0.28494858741760254,1.5019044876098633,0.08498510718345642,0.2943916320800781,3.967504032561172,4.128611242477174,0.19232702255249023,0.028041979297995567,0.2761465907096863,0.09798429161310196
bird_00,semantic,bird,a butterfly,0.06,100,0.3,7.5,119.4,0.15185546875,0.006,0.5,8778.6,27.70895767211914,0.06000000238418579,0.7456733584403992,0.2736789286136627,0.8888276219367981,0.6234017014503479,0.21743237972259521,1.277809500694275,0.04116715118288994,0.0,20270804,21.392297744750977,0.7435858249664307,0.5572808980941772,0.07113801687955856,0.7396064400672913,0.649705171585083,0.30932480096817017,1.5796840190887451,0.08518926054239273,0.30483245849609375,4.180577028895358,3.9979981634824306,0.22231505811214447,0.07668862491846085,0.2823617458343506,0.08518581092357635
bird_00,semantic,bird,a butterfly,0.06,100,0.3,7.5,119.4,0.15185546875,0.006,0.5,8778.6,27.70895767211914,0.06000000238418579,0.7456733584403992,0.2736789286136627,0.8888276219367981,0.6234017014503479,0.21743237972259521,1.277809500694275,0.04116715118288994,0.0,20270805,21.951213836669922,0.814801037311554,0.5825371742248535,0.09199986606836319,0.7748770713806152,0.6484923362731934,0.31207334995269775,1.5205514430999756,0.07988018542528152,0.28291448950767517,4.569333916930931,5.383921542674844,0.21300581097602844,0.05976645648479462,0.23884178698062897,0.032420944422483444
bird_00,semantic,bird,a butterfly,0.06,100,0.3,7.5,119.4,0.15185546875,0.006,0.5,8778.6,27.70895767211914,0.06000000238418579,0.7456733584403992,0.2736789286136627,0.8888276219367981,0.6234017014503479,0.21743237972259521,1.277809500694275,0.04116715118288994,0.0,20270806,21.45509910583496,0.7885143756866455,0.5249003171920776,0.07321901619434357,0.742352306842804,0.6507034301757812,0.34879183769226074,1.7267823219299316,0.08457553386688232,0.32708740234375,4.273903205700354,4.470973704378017,0.20607052743434906,0.06412556767463684,0.2555907070636749,0.06415634602308273
bird_00,semantic,bird,a butterfly,0.06,100,0.3,7.5,119.4,0.15185546875,0.006,0.5,8778.6,27.70895767211914,0.06000000238418579,0.7456733584403992,0.2736789286136627,0.8888276219367981,0.6234017014503479,0.21743237972259521,1.277809500694275,0.04116715118288994,0.0,20270807,21.141704559326172,0.8829399943351746,0.5198473334312439,0.07854216545820236,0.7441540360450745,0.6849433779716492,0.31477487087249756,1.5267292261123657,0.0876828283071518,0.349761962890625,5.046753189559408,4.057032170057485,0.2208462655544281,0.05608220770955086,0.25805744528770447,0.06799672544002533
bird_00,semantic,bird,a butterfly,0.06,100,0.3,7.5,119.4,0.15185546875,0.006,0.5,8778.6,27.70895767211914,0.06000000238418579,0.7456733584403992,0.2736789286136627,0.8888276219367981,0.6234017014503479,0.21743237972259521,1.277809500694275,0.04116715118288994,0.0,20270808,21.752155303955078,0.7540397644042969,0.5714739561080933,0.0771150216460228,0.7552002668380737,0.6500067710876465,0.31864356994628906,1.4493496417999268,0.08173198997974396,0.29205322265625,4.537366876268154,3.748390942702585,0.21313586831092834,0.047601014375686646,0.2412499487400055,0.09859573096036911
bird_00,semantic,bird,a butterfly,0.06,100,0.3,7.5,119.4,0.15185546875,0.006,0.5,8778.6,27.70895767211914,0.06000000238418579,0.7456733584403992,0.2736789286136627,0.8888276219367981,0.6234017014503479,0.21743237972259521,1.277809500694275,0.04116715118288994,0.0,20270809,21.390331268310547,0.7075247764587402,0.6034286022186279,0.09019636362791061,0.7701513767242432,0.6342039704322815,0.30668044090270996,1.1019916534423828,0.08520857244729996,0.2985331416130066,3.80912245026464,3.4848251434464412,0.23146085441112518,0.08113642781972885,0.25680428743362427,0.053992897272109985
bird_00,semantic,bird,a butterfly,0.06,100,0.3,7.5,119.4,0.15185546875,0.006,0.5,8778.6,27.70895767211914,0.06000000238418579,0.7456733584403992,0.2736789286136627,0.8888276219367981,0.6234017014503479,0.21743237972259521,1.277809500694275,0.04116715118288994,0.0,20270810,20.941429138183594,0.7590619921684265,0.5293147563934326,0.06867717951536179,0.7450399398803711,0.6651559472084045,0.3440117835998535,1.5032545328140259,0.08972806483507156,0.3391965329647064,4.420352674325479,3.5897131422879665,0.2043042629957199,0.04233800619840622,0.2531598210334778,0.08174584060907364
bird_00,semantic,bird,a butterfly,0.06,100,0.3,7.5,119.4,0.15185546875,0.006,0.5,8778.6,27.70895767211914,0.06000000238418579,0.7456733584403992,0.2736789286136627,0.8888276219367981,0.6234017014503479,0.21743237972259521,1.277809500694275,0.04116715118288994,0.0,20270811,21.29738998413086,0.7583336234092712,0.5349661707878113,0.076757051050663,0.7522996068000793,0.6437619924545288,0.31313556432724,2.0339059829711914,0.08612518757581711,0.3281847834587097,4.392461663161727,4.510130947494438,0.23945939540863037,0.03970210999250412,0.2640659809112549,0.07950346171855927
bird_00,semantic,bird,a butterfly,0.06,100,0.3,7.5,119.4,0.15185546875,0.006,0.5,8778.6,27.70895767211914,0.06000000238418579,0.7456733584403992,0.2736789286136627,0.8888276219367981,0.6234017014503479,0.21743237972259521,1.277809500694275,0.04116715118288994,0.0,20270812,21.65594482421875,0.8038221597671509,0.5421199798583984,0.07466616481542587,0.7317691445350647,0.636569619178772,0.31018590927124023,1.8810150623321533,0.08264229446649551,0.3154754638671875,4.850989550408136,4.03957304732443,0.20202592015266418,0.04138550907373428,0.2839595675468445,0.04851816967129707
bird_00,semantic,bird,a butterfly,0.06,100,0.3,7.5,119.4,0.15185546875,0.006,0.5,8778.6,27.70895767211914,0.06000000238418579,0.7456733584403992,0.2736789286136627,0.8888276219367981,0.6234017014503479,0.21743237972259521,1.277809500694275,0.04116715118288994,0.0,20270813,21.427881240844727,0.7927311658859253,0.5345917344093323,0.07872702181339264,0.741880476474762,0.6560317277908325,0.30984437465667725,1.7771227359771729,0.08484097570180893,0.31843313574790955,4.497774746755744,3.579008973715407,0.1999400556087494,0.04024214670062065,0.29051274061203003,0.07916496694087982
bird_00,semantic,bird,a butterfly,0.06,100,0.3,7.5,119.4,0.15185546875,0.006,0.5,8778.6,27.70895767211914,0.06000000238418579,0.7456733584403992,0.2736789286136627,0.8888276219367981,0.6234017014503479,0.21743237972259521,1.277809500694275,0.04116715118288994,0.0,20270814,21.92439842224121,0.7848368883132935,0.5569424629211426,0.07715436816215515,0.7409900426864624,0.65040123462677,0.3360937833786011,1.460266351699829,0.08012717217206955,0.3061816096305847,4.512970758882694,4.554643666633594,0.20781613886356354,0.03519553318619728,0.24774503707885742,0.0519007109105587
bird_00,semantic,bird,a butterfly,0.06,100,0.3,7.5,119.4,0.15185546875,0.006,0.5,8778.6,27.70895767211914,0.06000000238418579,0.7456733584403992,0.2736789286136627,0.8888276219367981,0.6234017014503479,0.21743237972259521,1.277809500694275,0.04116715118288994,0.0,20270815,21.67005157470703,0.8460113406181335,0.5628786087036133,0.07107188552618027,0.7460043430328369,0.6442018747329712,0.32111918926239014,1.4285011291503906,0.08250823616981506,0.30710476636886597,4.596076362287386,4.168414884575999,0.20910847187042236,0.017497342079877853,0.25913405418395996,0.057891376316547394
bird_00,semantic,bird,a butterfly,0.06,100,0.3,7.5,119.4,0.15185546875,0.006,0.5,8778.6,27.70895767211914,0.06000000238418579,0.7456733584403992,0.2736789286136627,0.8888276219367981,0.6234017014503479,0.21743237972259521,1.277809500694275,0.04116715118288994,0.0,20270816,21.835506439208984,0.8735582828521729,0.5715373754501343,0.08754171431064606,0.7710021734237671,0.6428298354148865,0.3271557092666626,1.430690884590149,0.08095140755176544,0.2930348813533783,4.861896685325651,4.657266770138352,0.23002180457115173,0.09025399386882782,0.2723287343978882,0.0910632312297821
bird_00,semantic,bird,a butterfly,0.06,100,0.3,7.5,119.4,0.15185546875,0.006,0.5,8778.6,27.70895767211914,0.06000000238418579,0.7456733584403992,0.2736789286136627,0.8888276219367981,0.6234017014503479,0.21743237972259521,1.277809500694275,0.04116715118288994,0.0,20270817,21.691978454589844,0.8291431665420532,0.5709879398345947,0.08461363613605499,0.7631866335868835,0.6604849696159363,0.3317711353302002,1.2485475540161133,0.08230019360780716,0.2872365415096283,4.45429823019929,3.6712957382332587,0.22053250670433044,0.06343197077512741,0.29713743925094604,0.0950179472565651
bird_00,semantic,bird,a butterfly,0.06,100,0.3,7.5,119.4,0.15185546875,0.006,0.5,8778.6,27.70895767211914,0.06000000238418579,0.7456733584403992,0.2736789286136627,0.8888276219367981,0.6234017014503479,0.21743237972259521,1.277809500694275,0.04116715118288994,0.0,20270818,21.756181716918945,0.7221843600273132,0.5733305215835571,0.0761854276061058,0.7695932388305664,0.6601078510284424,0.29178738594055176,1.4828275442123413,0.0816940888762474,0.30257925391197205,4.150556553179828,4.88287082190644,0.1924620419740677,0.02921721339225769,0.2545984387397766,0.08133097738027573
bird_00,semantic,bird,a butterfly,0.06,100,0.3,7.5,119.4,0.15185546875,0.006,0.5,8778.6,27.70895767211914,0.06000000238418579,0.7456733584403992,0.2736789286136627,0.8888276219367981,0.6234017014503479,0.21743237972259521,1.277809500694275,0.04116715118288994,0.0,20270819,22.376949310302734,0.8456279039382935,0.5715007781982422,0.08693454414606094,0.7752823233604431,0.629802942276001,0.2952221632003784,1.7820582389831543,0.0760592669248581,0.2957255244255066,4.287803372807779,3.97995573803334,0.23945653438568115,0.04811506345868111,0.2394578456878662,0.07163596898317337
bird_00,semantic,bird,a butterfly,0.06,100,0.3,7.5,119.4,0.15185546875,0.006,0.5,8778.6,27.70895767211914,0.06000000238418579,0.7456733584403992,0.2736789286136627,0.8888276219367981,0.6234017014503479,0.21743237972259521,1.277809500694275,0.04116715118288994,0.0,20270820,20.737838745117188,0.7672183513641357,0.5272514820098877,0.07533998787403107,0.7381175756454468,0.6556903123855591,0.3123127222061157,1.6117141246795654,0.09185604751110077,0.3379809260368347,3.8759009063292584,4.872401022350413,0.2681301236152649,0.10571720451116562,0.2787938117980957,0.08460448682308197
bird_00,semantic,bird,a butterfly,0.06,100,0.3,7.5,119.4,0.15185546875,0.006,0.5,8778.6,27.70895767211914,0.06000000238418579,0.7456733584403992,0.2736789286136627,0.8888276219367981,0.6234017014503479,0.21743237972259521,1.277809500694275,0.04116715118288994,0.0,20270821,22.12874984741211,0.8780343532562256,0.5945403575897217,0.08225376904010773,0.7685096859931946,0.6362967491149902,0.28523004055023193,1.358910083770752,0.07826404273509979,0.28560513257980347,3.6411731051851097,4.317011824642938,0.19456075131893158,0.03594600409269333,0.28065043687820435,0.08074618875980377
bird_00,semantic,bird,a butterfly,0.06,100,0.3,7.5,119.4,0.15185546875,0.006,0.5,8778.6,27.70895767211914,0.06000000238418579,0.7456733584403992,0.2736789286136627,0.8888276219367981,0.6234017014503479,0.21743237972259521,1.277809500694275,0.04116715118288994,0.0,20270822,21.389347076416016,0.7475453615188599,0.5557981133460999,0.0721091628074646,0.7429260611534119,0.6447682976722717,0.3214232921600342,1.714617133140564,0.08521820604801178,0.31380462646484375,3.5225892823482137,3.6532283452416507,0.20282839238643646,0.02360568568110466,0.23541803658008575,0.0817161574959755
bird_01,pg_encoder,bird,a butterfly,0.06,100,0.3,7.5,6.6,,0.006,0.5,8776.8,27.25196647644043,0.06000000238418579,0.8840126991271973,0.3847397565841675,0.9603869318962097,0.5617234110832214,0.09537959098815918,0.9116382002830505,0.043391093611717224,0.0,20270803,18.716066360473633,0.6123162508010864,0.39033040404319763,0.2772998511791229,0.5080421566963196,0.7065585851669312,0.47786909341812134,0.013334788382053375,0.11593017727136612,0.6090812683105469,2.7718342438837267,10.789833522721306,0.24856922030448914,0.08838345855474472,0.26870036125183105,0.10846502333879471
bird_01,pg_encoder,bird,a butterfly,0.06,100,0.3,7.5,6.6,,0.006,0.5,8776.8,27.25196647644043,0.06000000238418579,0.8840126991271973,0.3847397565841675,0.9603869318962097,0.5617234110832214,0.09537959098815918,0.9116382002830505,0.043391093611717224,0.0,20270804,19.40976333618164,0.5938053131103516,0.4237682819366455,0.314281165599823,0.5502834320068359,0.6980224847793579,0.468650221824646,0.015226093120872974,0.10703152418136597,0.5618540644645691,2.5472790837323154,10.378364686291787,0.2550871670246124,0.09837007522583008,0.300087571144104,0.11091017723083496
bird_01,pg_encoder,bird,a butterfly,0.06,100,0.3,7.5,6.6,,0.006,0.5,8776.8,27.25196647644043,0.06000000238418579,0.8840126991271973,0.3847397565841675,0.9603869318962097,0.5617234110832214,0.09537959098815918,0.9116382002830505,0.043391093611717224,0.0,20270805,19.058834075927734,0.7781772017478943,0.42276501655578613,0.29488909244537354,0.5418190956115723,0.7195559740066528,0.4215034246444702,0.024876011535525322,0.11144436150789261,0.5813306570053101,3.3476142752671465,10.113318083380982,0.25606486201286316,0.09777259826660156,0.3045206069946289,0.11416327953338623
bird_01,pg_encoder,bird,a butterfly,0.06,100,0.3,7.5,6.6,,0.006,0.5,8776.8,27.25196647644043,0.06000000238418579,0.8840126991271973,0.3847397565841675,0.9603869318962097,0.5617234110832214,0.09537959098815918,0.9116382002830505,0.043391093611717224,0.0,20270806,19.163867950439453,0.682570219039917,0.460978239774704,0.34479352831840515,0.5599091649055481,0.7035738229751587,0.46896541118621826,0.027543123811483383,0.11010484397411346,0.5675227046012878,3.9611598569152693,10.859544074760736,0.2663584053516388,0.10659696161746979,0.2689220905303955,0.0795900896191597
bird_01,pg_encoder,bird,a butterfly,0.06,100,0.3,7.5,6.6,,0.006,0.5,8776.8,27.25196647644043,0.06000000238418579,0.8840126991271973,0.3847397565841675,0.9603869318962097,0.5617234110832214,0.09537959098815918,0.9116382002830505,0.043391093611717224,0.0,20270807,19.03030776977539,0.7828340530395508,0.42983078956604004,0.2559143900871277,0.5627769827842712,0.7266829609870911,0.4474674463272095,0.026050478219985962,0.11181096732616425,0.5682233572006226,2.422673682810042,10.115388710606135,0.27157866954803467,0.10794690251350403,0.28859543800354004,0.10885771363973618
bird_01,pg_encoder,bird,a butterfly,0.06,100,0.3,7.5,6.6,,0.006,0.5,8776.8,27.25196647644043,0.06000000238418579,0.8840126991271973,0.3847397565841675,0.9603869318962097,0.5617234110832214,0.09537959098815918,0.9116382002830505,0.043391093611717224,0.0,20270808,19.095050811767578,0.7344961166381836,0.4478774666786194,0.30986663699150085,0.5437089204788208,0.7136920094490051,0.49010324478149414,0.014747381210327148,0.11098065972328186,0.5867424011230469,3.1858702794750404,9.948933221979727,0.2688765525817871,0.09762430191040039,0.2512739300727844,0.06285024434328079
bird_01,pg_encoder,bird,a butterfly,0.06,100,0.3,7.5,6.6,,0.006,0.5,8776.8,27.25196647644043,0.06000000238418579,0.8840126991271973,0.3847397565841675,0.9603869318962097,0.5617234110832214,0.09537959098815918,0.9116382002830505,0.043391093611717224,0.0,20270809,20.00383186340332,0.6286913752555847,0.4792814254760742,0.255845308303833,0.5906067490577698,0.697129487991333,0.4015181064605713,0.03814322501420975,0.09995585680007935,0.5258458852767944,2.6547547804685805,10.008589573162402,0.27873694896698,0.09769690036773682,0.28062236309051514,0.10755175352096558
bird_01,pg_encoder,bird,a butterfly,0.06,100,0.3,7.5,6.6,,0.006,0.5,8776.8,27.25196647644043,0.06000000238418579,0.8840126991271973,0.3847397565841675,0.9603869318962097,0.5617234110832214,0.09537959098815918,0.9116382002830505,0.043391093611717224,0.0,20270810,18.956510543823242,0.6829034090042114,0.38920697569847107,0.26970258355140686,0.5156465768814087,0.7015893459320068,0.46648526191711426,0.019785679876804352,0.11276499181985855,0.6055921316146851,2.98659940889679,9.388936468122813,0.2904697060585022,0.1024148166179657,0.2463500052690506,0.11288072168827057
bird_01,pg_encoder,bird,a butterfly,0.06,100,0.3,7.5,6.6,,0.006,0.5,8776.8,27.25196647644043,0.06000000238418579,0.8840126991271973,0.3847397565841675,0.9603869318962097,0.5617234110832214,0.09537959098815918,0.9116382002830505,0.043391093611717224,0.0,20270811,18.704320907592773,0.7131405472755432,0.44938382506370544,0.289530485868454,0.5618922710418701,0.693722128868103,0.4366687536239624,0.022384196519851685,0.11608704924583435,0.5782661437988281,2.8834246161910384,9.313213157366313,0.2743978798389435,0.10111960768699646,0.296686589717865,0.11085198819637299
bird_01,pg_encoder,bird,a butterfly,0.06,100,0.3,7.5,6.6,,0.006,0.5,8776.8,27.25196647644043,0.06000000238418579,0.8840126991271973,0.3847397565841675,0.9603869318962097,0.5617234110832214,0.09537959098815918,0.9116382002830505,0.043391093611717224,0.0,20270812,19.195819854736328,0.7850611209869385,0.42289623618125916,0.3384683132171631,0.5314913392066956,0.7057609558105469,0.4476414918899536,0.038086630403995514,0.10970056056976318,0.5567029714584351,3.2636296311170847,7.883742112983346,0.2761303186416626,0.09847653657197952,0.28669604659080505,0.11220803111791611
bird_01,pg_encoder,bird,a butterfly,0.06,100,0.3,7.5,6.6,,0.006,0.5,8776.8,27.25196647644043,0.06000000238418579,0.8840126991271973,0.3847397565841675,0.9603869318962097,0.5617234110832214,0.09537959098815918,0.9116382002830505,0.043391093611717224,0.0,20270813,19.23908042907715,0.661014199256897,0.45515626668930054,0.30545327067375183,0.5614944696426392,0.685983419418335,0.44371962547302246,0.02894851565361023,0.1091555505990982,0.5659917593002319,3.1535021779608234,10.546161719755524,0.27325695753097534,0.10305693745613098,0.2646021842956543,0.10034137964248657
bird_01,pg_encoder,bird,a butterfly,0.06,100,0.3,7.5,6.6,,0.006,0.5,8776.8,27.25196647644043,0.06000000238418579,0.8840126991271973,0.3847397565841675,0.9603869318962097,0.5617234110832214,0.09537959098815918,0.9116382002830505,0.043391093611717224,0.0,20270814,19.191120147705078,0.751124382019043,0.5052677989006042,0.31785187125205994,0.583613932132721,0.7015359401702881,0.4227529764175415,0.0259646438062191,0.10975992679595947,0.5364660024642944,2.7972854948678787,10.673296885748154,0.24197795987129211,0.09668776392936707,0.2853018641471863,0.11443984508514404
bird_01,pg_encoder,bird,a butterfly,0.06,100,0.3,7.5,6.6,,0.006,0.5,8776.8,27.25196647644043,0.06000000238418579,0.8840126991271973,0.3847397565841675,0.9603869318962097,0.5617234110832214,0.09537959098815918,0.9116382002830505,0.043391093611717224,0.0,20270815,19.46957015991211,0.6963077783584595,0.447418749332428,0.27974486351013184,0.5484894514083862,0.6890332698822021,0.44590264558792114,0.03211594000458717,0.10629706084728241,0.55596923828125,2.886815148134831,9.914949581163214,0.28186047077178955,0.09938296675682068,0.23881162703037262,0.05377691984176636
bird_01,pg_encoder,bird,a butterfly,0.06,100,0.3,7.5,6.6,,0.006,0.5,8776.8,27.25196647644043,0.06000000238418579,0.8840126991271973,0.3847397565841675,0.9603869318962097,0.5617234110832214,0.09537959098815918,0.9116382002830505,0.043391093611717224,0.0,20270816,19.706480026245117,0.5737723112106323,0.45948562026023865,0.3299749791622162,0.5678761005401611,0.6897348165512085,0.42173463106155396,0.02413034252822399,0.10343697667121887,0.5447604060173035,2.761761515398814,9.959546753571681,0.2707492411136627,0.10029034316539764,0.2850937843322754,0.11290155351161957
bird_01,pg_encoder,bird,a butterfly,0.06,100,0.3,7.5,6.6,,0.006,0.5,8776.8,27.25196647644043,0.06000000238418579,0.8840126991271973,0.3847397565841675,0.9603869318962097,0.5617234110832214,0.09537959098815918,0.9116382002830505,0.043391093611717224,0.0,20270817,19.635278701782227,0.6956384181976318,0.4741367995738983,0.2743039131164551,0.5820979475975037,0.6950118541717529,0.41675078868865967,0.03334054723381996,0.10428838431835175,0.5489349365234375,3.5597175613272647,8.198183545101026,0.2588444650173187,0.10350203514099121,0.24718287587165833,0.1140580028295517
bird_01,pg_encoder,bird,a butterfly,0.06,100,0.3,7.5,6.6,,0.006,0.5,8776.8,27.25196647644043,0.06000000238418579,0.8840126991271973,0.3847397565841675,0.9603869318962097,0.5617234110832214,0.09537959098815918,0.9116382002830505,0.043391093611717224,0.0,20270818,18.682144165039062,0.7087510228157043,0.41973575949668884,0.3581666648387909,0.5350705981254578,0.6978117823600769,0.5021904706954956,0.012005241587758064,0.11638384312391281,0.5898641347885132,2.942887389088156,11.379539663931542,0.2519291639328003,0.10078279674053192,0.24693620204925537,0.05850937217473984
bird_01,pg_encoder,bird,a butterfly,0.06,100,0.3,7.5,6.6,,0.006,0.5,8776.8,27.25196647644043,0.06000000238418579,0.8840126991271973,0.3847397565841675,0.9603869318962097,0.5617234110832214,0.09537959098815918,0.9116382002830505,0.043391093611717224,0.0,20270819,19.952835083007812,0.6897072792053223,0.5051648616790771,0.30166512727737427,0.5964295864105225,0.6843289732933044,0.4261741638183594,0.018587704747915268,0.10054444521665573,0.5266813039779663,3.253393779809141,10.85446646153519,0.28274601697921753,0.10047271847724915,0.24657979607582092,0.05657709762454033
bird_01,pg_encoder,bird,a butterfly,0.06,100,0.3,7.5,6.6,,0.006,0.5,8776.8,27.25196647644043,0.06000000238418579,0.8840126991271973,0.3847397565841675,0.9603869318962097,0.5617234110832214,0.09537959098815918,0.9116382002830505,0.043391093611717224,0.0,20270820,18.968326568603516,0.7513090372085571,0.4100986421108246,0.3364085853099823,0.5374593138694763,0.7106400728225708,0.41796112060546875,0.023960629478096962,0.11261169612407684,0.5783233642578125,2.53395628686808,9.714486954062465,0.25157639384269714,0.09151718020439148,0.2737797498703003,0.1093987375497818
bird_01,pg_encoder,bird,a butterfly,0.06,100,0.3,7.5,6.6,,0.006,0.5,8776.8,27.25196647644043,0.06000000238418579,0.8840126991271973,0.3847397565841675,0.9603869318962097,0.5617234110832214,0.09537959098815918,0.9116382002830505,0.043391093611717224,0.0,20270821,18.7851505279541,0.6192605495452881,0.43494921922683716,0.20469863712787628,0.5492570996284485,0.6938803195953369,0.4543989896774292,0.03371540829539299,0.11501176655292511,0.5956560969352722,2.9594830955550666,9.50563562562866,0.2889041304588318,0.09926438331604004,0.28514909744262695,0.10416021198034286
bird_01,pg_encoder,bird,a butterfly,0.06,100,0.3,7.5,6.6,,0.006,0.5,8776.8,27.25196647644043,0.06000000238418579,0.8840126991271973,0.3847397565841675,0.9603869318962097,0.5617234110832214,0.09537959098815918,0.9116382002830505,0.043391093611717224,0.0,20270822,19.51114845275879,0.6208410263061523,0.43343672156333923,0.25602877140045166,0.541618824005127,0.6983169317245483,0.4034733772277832,0.024084309116005898,0.10578945279121399,0.5535024404525757,2.550746071067801,9.471128388721642,0.2740914821624756,0.10798914730548859,0.29822400212287903,0.10861748456954956
bird_01,pg_diffusion,bird,a butterfly,0.06,100,0.3,7.5,192.5,,0.006,0.5,11556.4,27.502309799194336,0.06000000238418579,0.9006212949752808,0.4182300567626953,0.970447301864624,0.5282002091407776,0.11228382587432861,1.060677409172058,0.042158324271440506,0.0,20270803,19.178895950317383,0.9365814924240112,0.5289492607116699,0.09183069318532944,0.7671886086463928,0.6530212759971619,0.3008233308792114,0.7818463444709778,0.10991451889276505,0.5200513601303101,2.7718342438837267,6.125729553170171,0.24856922030448914,0.08838345855474472,0.23087002336978912,0.08725938946008682
bird_01,pg_diffusion,bird,a butterfly,0.06,100,0.3,7.5,192.5,,0.006,0.5,11556.4,27.502309799194336,0.06000000238418579,0.9006212949752808,0.4182300567626953,0.970447301864624,0.5282002091407776,0.11228382587432861,1.060677409172058,0.042158324271440506,0.0,20270804,19.671289443969727,0.7893195152282715,0.5355126261711121,0.09343235939741135,0.7558245658874512,0.6586413383483887,0.3205665349960327,0.6088821887969971,0.1038568839430809,0.5144640803337097,2.5472790837323154,6.682037120101417,0.2550871670246124,0.09837007522583008,0.28736990690231323,0.08439836651086807
bird_01,pg_diffusion,bird,a butterfly,0.06,100,0.3,7.5,192.5,,0.006,0.5,11556.4,27.502309799194336,0.06000000238418579,0.9006212949752808,0.4182300567626953,0.970447301864624,0.5282002091407776,0.11228382587432861,1.060677409172058,0.042158324271440506,0.0,20270805,19.388229370117188,0.860351026058197,0.5302122831344604,0.1026671901345253,0.7624669671058655,0.6555402278900146,0.30242884159088135,0.5857093334197998,0.10729720443487167,0.5302683711051941,3.3476142752671465,4.8876776682796415,0.25606486201286316,0.09777259826660156,0.2990293800830841,0.08909378945827484
bird_01,pg_diffusion,bird,a butterfly,0.06,100,0.3,7.5,192.5,,0.006,0.5,11556.4,27.502309799194336,0.06000000238418579,0.9006212949752808,0.4182300567626953,0.970447301864624,0.5282002091407776,0.11228382587432861,1.060677409172058,0.042158324271440506,0.0,20270806,19.423545837402344,0.903425931930542,0.5168814659118652,0.07742200046777725,0.7380784749984741,0.6446768641471863,0.33525240421295166,0.7968600392341614,0.10686179250478745,0.5341644287109375,3.9611598569152693,5.324715535613585,0.2663584053516388,0.10659696161746979,0.2768637537956238,0.08025802671909332
bird_01,pg_diffusion,bird,a butterfly,0.06,100,0.3,7.5,192.5,,0.006,0.5,11556.4,27.502309799194336,0.06000000238418579,0.9006212949752808,0.4182300567626953,0.970447301864624,0.5282002091407776,0.11228382587432861,1.060677409172058,0.042158324271440506,0.0,20270807,19.60218048095703,0.8558282852172852,0.5382237434387207,0.09569181501865387,0.7625688910484314,0.6368992924690247,0.3041384220123291,0.5582322478294373,0.10468651354312897,0.5186361074447632,2.422673682810042,4.748704275240224,0.27157866954803467,0.10794690251350403,0.2646096348762512,0.09207579493522644
bird_01,pg_diffusion,bird,a butterfly,0.06,100,0.3,7.5,192.5,,0.006,0.5,11556.4,27.502309799194336,0.06000000238418579,0.9006212949752808,0.4182300567626953,0.970447301864624,0.5282002091407776,0.11228382587432861,1.060677409172058,0.042158324271440506,0.0,20270808,19.369155883789062,0.7852869033813477,0.560257077217102,0.0933605208992958,0.7602857351303101,0.6409364342689514,0.27639687061309814,0.7541006207466125,0.1075330600142479,0.5316925048828125,3.1858702794750404,5.543210062023779,0.2688765525817871,0.09762430191040039,0.2835896611213684,0.08668191730976105
bird_01,pg_diffusion,bird,a butterfly,0.06,100,0.3,7.5,192.5,,0.006,0.5,11556.4,27.502309799194336,0.06000000238418579,0.9006212949752808,0.4182300567626953,0.970447301864624,0.5282002091407776,0.11228382587432861,1.060677409172058,0.042158324271440506,0.0,20270809,19.989418029785156,0.6763383150100708,0.5655931234359741,0.09629807621240616,0.7941499948501587,0.6489914059638977,0.2900882959365845,0.6688393354415894,0.10012185573577881,0.4915008544921875,2.6547547804685805,3.9732216662853537,0.27873694896698,0.09769690036773682,0.2701684236526489,0.09790535271167755
bird_01,pg_diffusion,bird,a butterfly,0.06,100,0.3,7.5,192.5,,0.006,0.5,11556.4,27.502309799194336,0.06000000238418579,0.9006212949752808,0.4182300567626953,0.970447301864624,0.5282002091407776,0.11228382587432861,1.060677409172058,0.042158324271440506,0.0,20270810,19.327289581298828,0.7404576539993286,0.5066757202148438,0.09054675698280334,0.7409095764160156,0.6390448808670044,0.3076574206352234,0.5273243188858032,0.10805264860391617,0.5185114741325378,2.98659940889679,5.231481067505934,0.2904697060585022,0.1024148166179657,0.28719162940979004,0.09690791368484497
bird_01,pg_diffusion,bird,a butterfly,0.06,100,0.3,7.5,192.5,,0.006,0.5,11556.4,27.502309799194336,0.06000000238418579,0.9006212949752808,0.4182300567626953,0.970447301864624,0.5282002091407776,0.11228382587432861,1.060677409172058,0.042158324271440506,0.0,20270811,19.059907913208008,0.9128459095954895,0.5244182348251343,0.0859946459531784,0.7623962163925171,0.6552087068557739,0.31096333265304565,0.8423914909362793,0.11143060028553009,0.5084966421127319,2.8834246161910384,5.256276047673416,0.2743978798389435,0.10111960768699646,0.2784908413887024,0.09507488459348679
bird_01,pg_diffusion,bird,a butterfly,0.06,100,0.3,7.5,192.5,,0.006,0.5,11556.4,27.502309799194336,0.06000000238418579,0.9006212949752808,0.4182300567626953,0.970447301864624,0.5282002091407776,0.11228382587432861,1.060677409172058,0.042158324271440506,0.0,20270812,19.744909286499023,0.9784291982650757,0.5526153445243835,0.0958898663520813,0.767227828502655,0.6211485266685486,0.2893763780593872,0.7845453023910522,0.10298033803701401,0.4956779479980469,3.2636296311170847,4.666123864970222,0.2761303186416626,0.09847653657197952,0.2790568470954895,0.09855979681015015
bird_01,pg_diffusion,bird,a butterfly,0.06,100,0.3,7.5,192.5,,0.006,0.5,11556.4,27.502309799194336,0.06000000238418579,0.9006212949752808,0.4182300567626953,0.970447301864624,0.5282002091407776,0.11228382587432861,1.060677409172058,0.042158324271440506,0.0,20270813,19.71587371826172,0.755097508430481,0.571013867855072,0.10866223275661469,0.7807764410972595,0.6359789967536926,0.28466522693634033,0.7327396273612976,0.10332515835762024,0.5089289546012878,3.1535021779608234,5.422320422275628,0.27325695753097534,0.10305693745613098,0.29077214002609253,0.09110802412033081
bird_01,pg_diffusion,bird,a butterfly,0.06,100,0.3,7.5,192.5,,0.006,0.5,11556.4,27.502309799194336,0.06000000238418579,0.9006212949752808,0.4182300567626953,0.970447301864624,0.5282002091407776,0.11228382587432861,1.060677409172058,0.042158324271440506,0.0,20270814,19.65723991394043,0.8426766395568848,0.5320994257926941,0.07678290456533432,0.7576491832733154,0.6418229937553406,0.29525744915008545,0.6613756418228149,0.10402503609657288,0.4983609616756439,2.7972854948678787,4.758768018429305,0.24197795987129211,0.09668776392936707,0.2685389518737793,0.08916929364204407
bird_01,pg_diffusion,bird,a butterfly,0.06,100,0.3,7.5,192.5,,0.006,0.5,11556.4,27.502309799194336,0.06000000238418579,0.9006212949752808,0.4182300567626953,0.970447301864624,0.5282002091407776,0.11228382587432861,1.060677409172058,0.042158324271440506,0.0,20270815,19.89060401916504,0.8134797811508179,0.5549677610397339,0.09678345173597336,0.7735002636909485,0.6549724340438843,0.3029966354370117,0.6600004434585571,0.10126738995313644,0.49316534399986267,2.886815148134831,5.139261958428882,0.28186047077178955,0.09938296675682068,0.2852761447429657,0.10600682348012924
bird_01,pg_diffusion,bird,a butterfly,0.06,100,0.3,7.5,192.5,,0.006,0.5,11556.4,27.502309799194336,0.06000000238418579,0.9006212949752808,0.4182300567626953,0.970447301864624,0.5282002091407776,0.11228382587432861,1.060677409172058,0.042158324271440506,0.0,20270816,20.37918472290039,0.6826765537261963,0.5618773698806763,0.10939111560583115,0.7805908918380737,0.6353865265846252,0.334062397480011,0.6918780207633972,0.09572833776473999,0.4903564453125,2.761761515398814,4.679633022821934,0.2707492411136627,0.10029034316539764,0.25399237871170044,0.06490517407655716
bird_01,pg_diffusion,bird,a butterfly,0.06,100,0.3,7.5,192.5,,0.006,0.5,11556.4,27.502309799194336,0.06000000238418579,0.9006212949752808,0.4182300567626953,0.970447301864624,0.5282002091407776,0.11228382587432861,1.060677409172058,0.042158324271440506,0.0,20270817,19.75565528869629,0.8578349947929382,0.5529307126998901,0.09782771021127701,0.7663547396659851,0.6231790781021118,0.27723026275634766,0.5486844778060913,0.10285301506519318,0.5093549489974976,3.5597175613272647,5.1700925841167145,0.2588444650173187,0.10350203514099121,0.2741500437259674,0.09994426369667053
bird_01,pg_diffusion,bird,a butterfly,0.06,100,0.3,7.5,192.5,,0.006,0.5,11556.4,27.502309799194336,0.06000000238418579,0.9006212949752808,0.4182300567626953,0.970447301864624,0.5282002091407776,0.11228382587432861,1.060677409172058,0.042158324271440506,0.0,20270818,19.28155517578125,0.8529441356658936,0.5109667181968689,0.08146685361862183,0.7402124404907227,0.6542306542396545,0.3038640022277832,0.6264087557792664,0.10862307995557785,0.5246658325195312,2.942887389088156,5.514500333504198,0.2519291639328003,0.10078279674053192,0.2765950560569763,0.10569291561841965
bird_01,pg_diffusion,bird,a butterfly,0.06,100,0.3,7.5,192.5,,0.006,0.5,11556.4,27.502309799194336,0.06000000238418579,0.9006212949752808,0.4182300567626953,0.970447301864624,0.5282002091407776,0.11228382587432861,1.060677409172058,0.042158324271440506,0.0,20270819,19.958213806152344,0.7619132399559021,0.5624030232429504,0.09776918590068817,0.7697591185569763,0.6377317309379578,0.27642059326171875,0.5940027236938477,0.10048219561576843,0.5024744868278503,3.253393779809141,4.334287880316424,0.28274601697921753,0.10047271847724915,0.2657252848148346,0.0991567075252533
bird_01,pg_diffusion,bird,a butterfly,0.06,100,0.3,7.5,192.5,,0.006,0.5,11556.4,27.502309799194336,0.06000000238418579,0.9006212949752808,0.4182300567626953,0.970447301864624,0.5282002091407776,0.11228382587432861,1.060677409172058,0.042158324271440506,0.0,20270820,18.802000045776367,0.8331766128540039,0.5324910879135132,0.09705422073602676,0.7706689834594727,0.6368981003761292,0.2669530510902405,0.7850659489631653,0.11478889733552933,0.5398178100585938,2.53395628686808,4.253192808328551,0.25157639384269714,0.09151718020439148,0.29079264402389526,0.10272665321826935
bird_01,pg_diffusion,bird,a butterfly,0.06,100,0.3,7.5,192.5,,0.006,0.5,11556.4,27.502309799194336,0.06000000238418579,0.9006212949752808,0.4182300567626953,0.970447301864624,0.5282002091407776,0.11228382587432861,1.060677409172058,0.042158324271440506,0.0,20270821,19.436281204223633,0.7498747110366821,0.5323499441146851,0.09326634556055069,0.7533683776855469,0.6789778470993042,0.3313462734222412,0.5952188968658447,0.10670524835586548,0.5287691950798035,2.9594830955550666,5.1447479848556,0.2889041304588318,0.09926438331604004,0.29478633403778076,0.09887170791625977
bird_01,pg_diffusion,bird,a butterfly,0.06,100,0.3,7.5,192.5,,0.006,0.5,11556.4,27.502309799194336,0.06000000238418579,0.9006212949752808,0.4182300567626953,0.970447301864624,0.5282002091407776,0.11228382587432861,1.060677409172058,0.042158324271440506,0.0,20270822,19.372251510620117,0.7200873494148254,0.5339826941490173,0.08724867552518845,0.7662215232849121,0.6394082307815552,0.28697723150253296,0.7404462695121765,0.10749475657939911,0.5357500910758972,2.550746071067801,3.901430240951273,0.2740914821624756,0.10798914730548859,0.27577686309814453,0.0896163284778595
bird_01,semantic,bird,a butterfly,0.06,100,0.3,7.5,119.3,0.109619140625,0.006,0.5,8777.6,27.52332305908203,0.06000000238418579,0.8693363070487976,0.3959892988204956,0.9587971568107605,0.5168642997741699,0.1650533676147461,1.0823819637298584,0.042056456208229065,0.0,20270803,20.238866806030273,0.8544172048568726,0.5582005381584167,0.12409631907939911,0.8009482026100159,0.5822457075119019,0.2856471538543701,0.9758477807044983,0.0972873792052269,0.3930804133415222,2.7718342438837267,5.5881214941161845,0.24856922030448914,0.08838345855474472,0.23882821202278137,0.0749589055776596
bird_01,semantic,bird,a butterfly,0.06,100,0.3,7.5,119.3,0.109619140625,0.006,0.5,8777.6,27.52332305908203,0.06000000238418579,0.8693363070487976,0.3959892988204956,0.9587971568107605,0.5168642997741699,0.1650533676147461,1.0823819637298584,0.042056456208229065,0.0,20270804,20.83885383605957,0.7998249530792236,0.5775472521781921,0.1301276981830597,0.8061363697052002,0.5712921619415283,0.2963554859161377,0.9875171184539795,0.09079399704933167,0.35885876417160034,2.5472790837323154,5.093251409226132,0.2550871670246124,0.09837007522583008,0.23691505193710327,0.09124602377414703
bird_01,semantic,bird,a butterfly,0.06,100,0.3,7.5,119.3,0.109619140625,0.006,0.5,8777.6,27.52332305908203,0.06000000238418579,0.8693363070487976,0.3959892988204956,0.9587971568107605,0.5168642997741699,0.1650533676147461,1.0823819637298584,0.042056456208229065,0.0,20270805,20.4188232421875,0.9157263040542603,0.5519475340843201,0.11729273945093155,0.7924025654792786,0.5958672761917114,0.3031831979751587,0.93670254945755,0.09529247879981995,0.3752390742301941,3.3476142752671465,4.385648296609601,0.25606486201286316,0.09777259826660156,0.24403099715709686,0.03183327615261078
bird_01,semantic,bird,a butterfly,0.06,100,0.3,7.5,119.3,0.109619140625,0.006,0.5,8777.6,27.52332305908203,0.06000000238418579,0.8693363070487976,0.3959892988204956,0.9587971568107605,0.5168642997741699,0.1650533676147461,1.0823819637298584,0.042056456208229065,0.0,20270806,20.967666625976562,0.9416748285293579,0.5633872151374817,0.11019618809223175,0.7869977355003357,0.5939050912857056,0.3139241337776184,1.0448025465011597,0.08945741504430771,0.3400472104549408,3.9611598569152693,5.020358821263776,0.2663584053516388,0.10659696161746979,0.22267743945121765,0.03597666323184967
bird_01,semantic,bird,a butterfly,0.06,100,0.3,7.5,119.3,0.109619140625,0.006,0.5,8777.6,27.52332305908203,0.06000000238418579,0.8693363070487976,0.3959892988204956,0.9587971568107605,0.5168642997741699,0.1650533676147461,1.0823819637298584,0.042056456208229065,0.0,20270807,20.55396842956543,0.9442352056503296,0.5687019228935242,0.1328253448009491,0.8097374439239502,0.5679636001586914,0.2848445177078247,0.9077686071395874,0.09382127970457077,0.3629951477050781,2.422673682810042,4.845259440230526,0.27157866954803467,0.10794690251350403,0.22338704764842987,0.0381443053483963
bird_01,semantic,bird,a butterfly,0.06,100,0.3,7.5,119.3,0.109619140625,0.006,0.5,8777.6,27.52332305908203,0.06000000238418579,0.8693363070487976,0.3959892988204956,0.9587971568107605,0.5168642997741699,0.1650533676147461,1.0823819637298584,0.042056456208229065,0.0,20270808,20.219629287719727,0.8361027240753174,0.570464551448822,0.1141568124294281,0.7831769585609436,0.577342689037323,0.31073880195617676,1.220261573791504,0.09750308096408844,0.3675727844238281,3.1858702794750404,4.740710474763243,0.2688765525817871,0.09762430191040039,0.24294695258140564,0.023134760558605194
bird_01,semantic,bird,a butterfly,0.06,100,0.3,7.5,119.3,0.109619140625,0.006,0.5,8777.6,27.52332305908203,0.06000000238418579,0.8693363070487976,0.3959892988204956,0.9587971568107605,0.5168642997741699,0.1650533676147461,1.0823819637298584,0.042056456208229065,0.0,20270809,20.45733642578125,0.9088517427444458,0.574862003326416,0.1269432008266449,0.8078729510307312,0.562217116355896,0.25905442237854004,1.4511761665344238,0.09487088024616241,0.36719512939453125,2.6547547804685805,4.887727179007351,0.27873694896698,0.09769690036773682,0.24722222983837128,0.0973314717411995
bird_01,semantic,bird,a butterfly,0.06,100,0.3,7.5,119.3,0.109619140625,0.006,0.5,8777.6,27.52332305908203,0.06000000238418579,0.8693363070487976,0.3959892988204956,0.9587971568107605,0.5168642997741699,0.1650533676147461,1.0823819637298584,0.042056456208229065,0.0,20270810,20.32461929321289,0.8638964891433716,0.5638859272003174,0.11843527853488922,0.8098018169403076,0.5637987852096558,0.2767294645309448,1.178207516670227,0.0963316261768341,0.3795369565486908,2.98659940889679,4.353680329780445,0.2904697060585022,0.1024148166179657,0.23605617880821228,0.09263844788074493
bird_01,semantic,bird,a butterfly,0.06,100,0.3,7.5,119.3,0.109619140625,0.006,0.5,8777.6,27.52332305908203,0.06000000238418579,0.8693363070487976,0.3959892988204956,0.9587971568107605,0.5168642997741699,0.1650533676147461,1.0823819637298584,0.042056456208229065,0.0,20270811,19.856279373168945,0.9326948523521423,0.5431610345840454,0.108197420835495,0.7734185457229614,0.5812607407569885,0.26671063899993896,1.156029224395752,0.10166836529970169,0.3767445981502533,2.8834246161910384,3.788246511425392,0.2743978798389435,0.10111960768699646,0.28021475672721863,0.09056636691093445
bird_01,semantic,bird,a butterfly,0.06,100,0.3,7.5,119.3,0.109619140625,0.006,0.5,8777.6,27.52332305908203,0.06000000238418579,0.8693363070487976,0.3959892988204956,0.9587971568107605,0.5168642997741699,0.1650533676147461,1.0823819637298584,0.042056456208229065,0.0,20270812,20.596965789794922,0.9185132384300232,0.564293622970581,0.1148020401597023,0.7918664813041687,0.5854586362838745,0.27613091468811035,1.1920822858810425,0.09335798770189285,0.3741557002067566,3.2636296311170847,4.458761354507779,0.2761303186416626,0.09847653657197952,0.24484485387802124,0.08467084169387817
bird_01,semantic,bird,a butterfly,0.06,100,0.3,7.5,119.3,0.109619140625,0.006,0.5,8777.6,27.52332305908203,0.06000000238418579,0.8693363070487976,0.3959892988204956,0.9587971568107605,0.5168642997741699,0.1650533676147461,1.0823819637298584,0.042056456208229065,0.0,20270813,20.46396255493164,0.9333851337432861,0.5729658007621765,0.11949538439512253,0.8032795786857605,0.5773509740829468,0.29464876651763916,1.2182704210281372,0.09479854255914688,0.3631680905818939,3.1535021779608234,5.299376593022149,0.27325695753097534,0.10305693745613098,0.2355271875858307,0.07418268173933029
bird_01,semantic,bird,a butterfly,0.06,100,0.3,7.5,119.3,0.109619140625,0.006,0.5,8777.6,27.52332305908203,0.06000000238418579,0.8693363070487976,0.3959892988204956,0.9587971568107605,0.5168642997741699,0.1650533676147461,1.0823819637298584,0.042056456208229065,0.0,20270814,20.28656005859375,0.9931627511978149,0.5524219274520874,0.09559892117977142,0.7751668691635132,0.567803144454956,0.29209399223327637,1.3384184837341309,0.09675464034080505,0.3637682795524597,2.7972854948678787,4.8095528636174185,0.24197795987129211,0.09668776392936707,0.24029213190078735,0.07760186493396759
bird_01,semantic,bird,a butterfly,0.06,100,0.3,7.5,119.3,0.109619140625,0.006,0.5,8777.6,27.52332305908203,0.06000000238418579,0.8693363070487976,0.3959892988204956,0.9587971568107605,0.5168642997741699,0.1650533676147461,1.0823819637298584,0.042056456208229065,0.0,20270815,20.724994659423828,0.8646326065063477,0.558208167552948,0.12283561378717422,0.7978963851928711,0.5782527923583984,0.28679096698760986,0.7880532145500183,0.09199196845293045,0.36109161376953125,2.886815148134831,5.232434383291291,0.28186047077178955,0.09938296675682068,0.2719760239124298,0.08293183147907257
bird_01,semantic,bird,a butterfly,0.06,100,0.3,7.5,119.3,0.109619140625,0.006,0.5,8777.6,27.52332305908203,0.06000000238418579,0.8693363070487976,0.3959892988204956,0.9587971568107605,0.5168642997741699,0.1650533676147461,1.0823819637298584,0.042056456208229065,0.0,20270816,21.416889190673828,0.8160274624824524,0.5715450644493103,0.11368480324745178,0.7930108308792114,0.6060300469398499,0.3041646480560303,1.0974079370498657,0.08494841307401657,0.3505757749080658,2.761761515398814,4.514190847486406,0.2707492411136627,0.10029034316539764,0.24212947487831116,0.047332514077425
bird_01,semantic,bird,a butterfly,0.06,100,0.3,7.5,119.3,0.109619140625,0.006,0.5,8777.6,27.52332305908203,0.06000000238418579,0.8693363070487976,0.3959892988204956,0.9587971568107605,0.5168642997741699,0.1650533676147461,1.0823819637298584,0.042056456208229065,0.0,20270817,20.536298751831055,0.7914189100265503,0.5571324825286865,0.11596036702394485,0.791989803314209,0.5550147294998169,0.2997921109199524,1.1343740224838257,0.09401234239339828,0.37726467847824097,3.5597175613272647,4.479366349174353,0.2588444650173187,0.10350203514099121,0.2645852267742157,0.04822021350264549
bird_01,semantic,bird,a butterfly,0.06,100,0.3,7.5,119.3,0.109619140625,0.006,0.5,8777.6,27.52332305908203,0.06000000238418579,0.8693363070487976,0.3959892988204956,0.9587971568107605,0.5168642997741699,0.1650533676147461,1.0823819637298584,0.042056456208229065,0.0,20270818,20.507770538330078,0.8388720750808716,0.5488451719284058,0.10638798028230667,0.8010815978050232,0.5941859483718872,0.30938827991485596,1.0687295198440552,0.09432163089513779,0.3781725764274597,2.942887389088156,4.913245127466008,0.2519291639328003,0.10078279674053192,0.2530466616153717,0.09203936159610748
bird_01,semantic,bird,a butterfly,0.06,100,0.3,7.5,119.3,0.109619140625,0.006,0.5,8777.6,27.52332305908203,0.06000000238418579,0.8693363070487976,0.3959892988204956,0.9587971568107605,0.5168642997741699,0.1650533676147461,1.0823819637298584,0.042056456208229065,0.0,20270819,20.853517532348633,0.8942583799362183,0.5661618709564209,0.11687197536230087,0.7958200573921204,0.5662294030189514,0.255901038646698,1.0361298322677612,0.0906408429145813,0.3405240476131439,3.253393779809141,5.199457763821297,0.28274601697921753,0.10047271847724915,0.25667721033096313,0.10264822095632553
bird_01,semantic,bird,a butterfly,0.06,100,0.3,7.5,119.3,0.109619140625,0.006,0.5,8777.6,27.52332305908203,0.06000000238418579,0.8693363070487976,0.3959892988204956,0.9587971568107605,0.5168642997741699,0.1650533676147461,1.0823819637298584,0.042056456208229065,0.0,20270820,19.558061599731445,0.9270910024642944,0.5449706315994263,0.10964430123567581,0.7889105081558228,0.5670077800750732,0.2729256749153137,1.263931393623352,0.10521963238716125,0.3852183222770691,2.53395628686808,3.8941821793873594,0.25157639384269714,0.09151718020439148,0.22420969605445862,0.03070005774497986
bird_01,semantic,bird,a butterfly,0.06,100,0.3,7.5,119.3,0.109619140625,0.006,0.5,8777.6,27.52332305908203,0.06000000238418579,0.8693363070487976,0.3959892988204956,0.9587971568107605,0.5168642997741699,0.1650533676147461,1.0823819637298584,0.042056456208229065,0.0,20270821,20.699790954589844,0.9211785793304443,0.5467898845672607,0.11211138963699341,0.7914460897445679,0.6057456731796265,0.2778850793838501,0.9428131580352783,0.09225930273532867,0.37685903906822205,2.9594830955550666,3.777197930093289,0.2889041304588318,0.09926438331604004,0.26850634813308716,0.06657521426677704
bird_01,semantic,bird,a butterfly,0.06,100,0.3,7.5,119.3,0.109619140625,0.006,0.5,8777.6,27.52332305908203,0.06000000238418579,0.8693363070487976,0.3959892988204956,0.9587971568107605,0.5168642997741699,0.1650533676147461,1.0823819637298584,0.042056456208229065,0.0,20270822,20.216428756713867,0.8393505811691284,0.5573758482933044,0.11019187420606613,0.7968846559524536,0.5862049460411072,0.2742077112197876,1.211479663848877,0.09753900021314621,0.37716421484947205,2.550746071067801,4.599712329835495,0.2740914821624756,0.10798914730548859,0.2798752188682556,0.09498195350170135
bird_02,pg_encoder,bird,a butterfly,0.06,100,0.3,7.5,6.7,,0.006,0.5,8777.8,27.777231216430664,0.06000000238418579,0.8246049284934998,0.32248708605766296,0.9426983594894409,0.5921320915222168,0.1280805468559265,1.1126453876495361,0.040844839066267014,0.0,20270803,19.44626235961914,0.6052786111831665,0.6257010698318481,0.46578988432884216,0.7077329754829407,0.7746958136558533,0.45994555950164795,0.054414570331573486,0.10658270120620728,0.5291849970817566,10.315061455585552,10.212976775311754,0.26050782203674316,0.062194716185331345,0.24311116337776184,0.029148615896701813
bird_02,pg_encoder,bird,a butterfly,0.06,100,0.3,7.5,6.7,,0.006,0.5,8777.8,27.777231216430664,0.06000000238418579,0.8246049284934998,0.32248708605766296,0.9426983594894409,0.5921320915222168,0.1280805468559265,1.1126453876495361,0.040844839066267014,0.0,20270804,20.396709442138672,0.6483557224273682,0.6883629560470581,0.5826297402381897,0.7703627943992615,0.7655495405197144,0.44980013370513916,0.08224811404943466,0.09553539752960205,0.4832038879394531,9.63029701725363,10.297583963396164,0.2575169503688812,0.07843571901321411,0.24956931173801422,0.028810227289795876
bird_02,pg_encoder,bird,a butterfly,0.06,100,0.3,7.5,6.7,,0.006,0.5,8777.8,27.777231216430664,0.06000000238418579,0.8246049284934998,0.32248708605766296,0.9426983594894409,0.5921320915222168,0.1280805468559265,1.1126453876495361,0.040844839066267014,0.0,20270805,20.345630645751953,0.7233562469482422,0.6985222697257996,0.4268392026424408,0.7976146340370178,0.748818576335907,0.43565070629119873,0.061524417251348495,0.09609886258840561,0.47247061133384705,9.031061295383365,10.889584866508738,0.2369859367609024,0.060227494686841965,0.22828474640846252,0.033017370849847794
bird_02,pg_encoder,bird,a butterfly,0.06,100,0.3,7.5,6.7,,0.006,0.5,8777.8,27.777231216430664,0.06000000238418579,0.8246049284934998,0.32248708605766296,0.9426983594894409,0.5921320915222168,0.1280805468559265,1.1126453876495361,0.040844839066267014,0.0,20270806,20.566143035888672,0.6855734586715698,0.6738168597221375,0.39317092299461365,0.7685782313346863,0.7779717445373535,0.4098619222640991,0.08438285440206528,0.09368985146284103,0.4628499448299408,10.421658541025058,12.143040473819191,0.2514866292476654,0.0664723664522171,0.26510369777679443,0.056770868599414825
bird_02,pg_encoder,bird,a butterfly,0.06,100,0.3,7.5,6.7,,0.006,0.5,8777.8,27.777231216430664,0.06000000238418579,0.8246049284934998,0.32248708605766296,0.9426983594894409,0.5921320915222168,0.1280805468559265,1.1126453876495361,0.040844839066267014,0.0,20270807,20.06342124938965,0.7582772970199585,0.666828989982605,0.40804043412208557,0.7638996243476868,0.7890406847000122,0.4160642623901367,0.059997737407684326,0.09927244484424591,0.4976539611816406,9.11461669311287,10.52152527518337,0.25422200560569763,0.07589033246040344,0.261249840259552,0.09325261414051056
bird_02,pg_encoder,bird,a butterfly,0.06,100,0.3,7.5,6.7,,0.006,0.5,8777.8,27.777231216430664,0.06000000238418579,0.8246049284934998,0.32248708605766296,0.9426983594894409,0.5921320915222168,0.1280805468559265,1.1126453876495361,0.040844839066267014,0.0,20270808,19.832847595214844,0.708612322807312,0.6546002626419067,0.43004652857780457,0.7455431818962097,0.7848466038703918,0.46862906217575073,0.04195740073919296,0.1019429937005043,0.4985491633415222,10.53419725024839,11.291997422872534,0.28253424167633057,0.07405482232570648,0.24611583352088928,0.05997750908136368
bird_02,pg_encoder,bird,a butterfly,0.06,100,0.3,7.5,6.7,,0.006,0.5,8777.8,27.777231216430664,0.06000000238418579,0.8246049284934998,0.32248708605766296,0.9426983594894409,0.5921320915222168,0.1280805468559265,1.1126453876495361,0.040844839066267014,0.0,20270809,20.94229507446289,0.6508666276931763,0.7060229182243347,0.35595473647117615,0.8107657432556152,0.738461434841156,0.38788819313049316,0.08111558109521866,0.08971913903951645,0.4004351496696472,10.320457924166579,11.585886991683955,0.2607652544975281,0.05148351937532425,0.24501937627792358,0.08219771087169647
bird_02,pg_encoder,bird,a butterfly,0.06,100,0.3,7.5,6.7,,0.006,0.5,8777.8,27.777231216430664,0.06000000238418579,0.8246049284934998,0.32248708605766296,0.9426983594894409,0.5921320915222168,0.1280805468559265,1.1126453876495361,0.040844839066267014,0.0,20270810,20.618093490600586,0.6994817852973938,0.6993491053581238,0.40841424465179443,0.7991887927055359,0.7664732933044434,0.40545976161956787,0.0730159804224968,0.0931311771273613,0.4559834897518158,10.059360498680023,10.67440429665021,0.2533720135688782,0.05160932615399361,0.23639076948165894,0.0393209382891655
bird_02,pg_encoder,bird,a butterfly,0.06,100,0.3,7.5,6.7,,0.006,0.5,8777.8,27.777231216430664,0.06000000238418579,0.8246049284934998,0.32248708605766296,0.9426983594894409,0.5921320915222168,0.1280805468559265,1.1126453876495361,0.040844839066267014,0.0,20270811,20.055320739746094,0.7164785861968994,0.6794537901878357,0.35000622272491455,0.7482545375823975,0.742386519908905,0.4033319354057312,0.07071596384048462,0.09936507791280746,0.48938626050949097,9.393021435984934,11.946121611153911,0.24698004126548767,0.04997861012816429,0.2421056181192398,0.06634112447500229
bird_02,pg_encoder,bird,a butterfly,0.06,100,0.3,7.5,6.7,,0.006,0.5,8777.8,27.777231216430664,0.06000000238418579,0.8246049284934998,0.32248708605766296,0.9426983594894409,0.5921320915222168,0.1280805468559265,1.1126453876495361,0.040844839066267014,0.0,20270812,19.83782958984375,0.7106997966766357,0.6296625137329102,0.44849714636802673,0.7205517292022705,0.7877593636512756,0.4486205577850342,0.057583004236221313,0.10188453644514084,0.5099029541015625,9.240451010011524,10.673469233195668,0.24665707349777222,0.07250768691301346,0.2673487663269043,0.06835557520389557
bird_02,pg_encoder,bird,a butterfly,0.06,100,0.3,7.5,6.7,,0.006,0.5,8777.8,27.777231216430664,0.06000000238418579,0.8246049284934998,0.32248708605766296,0.9426983594894409,0.5921320915222168,0.1280805468559265,1.1126453876495361,0.040844839066267014,0.0,20270813,19.743389129638672,0.6090636253356934,0.6503549814224243,0.43953996896743774,0.7611144185066223,0.7579576969146729,0.40158069133758545,0.06678726524114609,0.10299837589263916,0.48772940039634705,9.868926096588554,11.598432031439492,0.25938117504119873,0.055917657911777496,0.24184712767601013,0.06518831104040146
bird_02,pg_encoder,bird,a butterfly,0.06,100,0.3,7.5,6.7,,0.006,0.5,8777.8,27.777231216430664,0.06000000238418579,0.8246049284934998,0.32248708605766296,0.9426983594894409,0.5921320915222168,0.1280805468559265,1.1126453876495361,0.040844839066267014,0.0,20270814,19.711362838745117,0.6295334100723267,0.6368875503540039,0.343511164188385,0.7258524298667908,0.7484613060951233,0.4541435241699219,0.05435420945286751,0.10337886214256287,0.4914906919002533,8.210418023254633,13.49417576496835,0.2500913143157959,0.04830844700336456,0.23408550024032593,0.043028637766838074
bird_02,pg_encoder,bird,a butterfly,0.06,100,0.3,7.5,6.7,,0.006,0.5,8777.8,27.777231216430664,0.06000000238418579,0.8246049284934998,0.32248708605766296,0.9426983594894409,0.5921320915222168,0.1280805468559265,1.1126453876495361,0.040844839066267014,0.0,20270815,20.081045150756836,0.7414867877960205,0.6634620428085327,0.4224889874458313,0.7622018456459045,0.7710082530975342,0.393924355506897,0.06878403574228287,0.09907122701406479,0.48316067457199097,10.173167162968282,10.214359506050105,0.2656082510948181,0.06494982540607452,0.24361178278923035,0.052971042692661285
bird_02,pg_encoder,bird,a butterfly,0.06,100,0.3,7.5,6.7,,0.006,0.5,8777.8,27.777231216430664,0.06000000238418579,0.8246049284934998,0.32248708605766296,0.9426983594894409,0.5921320915222168,0.1280805468559265,1.1126453876495361,0.040844839066267014,0.0,20270816,20.997859954833984,0.7226027250289917,0.7027527093887329,0.39999035000801086,0.7756747603416443,0.7731508612632751,0.4063286781311035,0.0724557638168335,0.08914697915315628,0.4154599606990814,10.032443530848346,11.575139051328392,0.25307828187942505,0.09421359747648239,0.25370028614997864,0.06783393025398254
bird_02,pg_encoder,bird,a butterfly,0.06,100,0.3,7.5,6.7,,0.006,0.5,8777.8,27.777231216430664,0.06000000238418579,0.8246049284934998,0.32248708605766296,0.9426983594894409,0.5921320915222168,0.1280805468559265,1.1126453876495361,0.040844839066267014,0.0,20270817,21.24722671508789,0.6525166034698486,0.6899330615997314,0.3846225142478943,0.7915247678756714,0.7358426451683044,0.38884198665618896,0.1011006087064743,0.08662403374910355,0.41728848218917847,9.756639030125426,9.945663858148743,0.25670742988586426,0.06727457046508789,0.23583239316940308,0.049512267112731934
bird_02,pg_encoder,bird,a butterfly,0.06,100,0.3,7.5,6.7,,0.006,0.5,8777.8,27.777231216430664,0.06000000238418579,0.8246049284934998,0.32248708605766296,0.9426983594894409,0.5921320915222168,0.1280805468559265,1.1126453876495361,0.040844839066267014,0.0,20270818,19.474409103393555,0.7596169710159302,0.6110255718231201,0.44577303528785706,0.7345565557479858,0.7817198038101196,0.45513802766799927,0.03738339990377426,0.10623787343502045,0.5339368581771851,10.154794785703995,10.946968287327582,0.2429295927286148,0.04596872627735138,0.25151243805885315,0.06519168615341187
bird_02,pg_encoder,bird,a butterfly,0.06,100,0.3,7.5,6.7,,0.006,0.5,8777.8,27.777231216430664,0.06000000238418579,0.8246049284934998,0.32248708605766296,0.9426983594894409,0.5921320915222168,0.1280805468559265,1.1126453876495361,0.040844839066267014,0.0,20270819,20.10369110107422,0.636947751045227,0.682604968547821,0.4476292133331299,0.777320921421051,0.7905318737030029,0.45841681957244873,0.06648781895637512,0.0988132581114769,0.47198614478111267,11.920437203820685,10.388532334450895,0.2328328937292099,0.055681224912405014,0.23872019350528717,0.053352102637290955
bird_02,pg_encoder,bird,a butterfly,0.06,100,0.3,7.5,6.7,,0.006,0.5,8777.8,27.777231216430664,0.06000000238418579,0.8246049284934998,0.32248708605766296,0.9426983594894409,0.5921320915222168,0.1280805468559265,1.1126453876495361,0.040844839066267014,0.0,20270820,20.806997299194336,0.5839557647705078,0.7122532725334167,0.41587918996810913,0.8066955804824829,0.7337824106216431,0.3981285095214844,0.08134789019823074,0.09112759679555893,0.4343299865722656,8.755567905301962,9.863142638888233,0.22317391633987427,0.036427389830350876,0.2436063587665558,0.03527180850505829
bird_02,pg_encoder,bird,a butterfly,0.06,100,0.3,7.5,6.7,,0.006,0.5,8777.8,27.777231216430664,0.06000000238418579,0.8246049284934998,0.32248708605766296,0.9426983594894409,0.5921320915222168,0.1280805468559265,1.1126453876495361,0.040844839066267014,0.0,20270821,20.322189331054688,0.5753303170204163,0.6955544352531433,0.4270652234554291,0.7774531245231628,0.7243314981460571,0.4047013521194458,0.06636707484722137,0.09635856747627258,0.47069549560546875,9.73157701475374,10.752331135589232,0.2515435516834259,0.06356696039438248,0.2390785813331604,0.06101689487695694
bird_02,pg_encoder,bird,a butterfly,0.06,100,0.3,7.5,6.7,,0.006,0.5,8777.8,27.777231216430664,0.06000000238418579,0.8246049284934998,0.32248708605766296,0.9426983594894409,0.5921320915222168,0.1280805468559265,1.1126453876495361,0.040844839066267014,0.0,20270822,20.25625991821289,0.6944512724876404,0.6763179302215576,0.36988770961761475,0.7661951184272766,0.7804518938064575,0.3983907103538513,0.07711324840784073,0.09709274768829346,0.4711863398551941,10.60028663093495,9.813891625894847,0.2497410774230957,0.04313007742166519,0.2701092064380646,0.063039630651474
bird_02,pg_diffusion,bird,a butterfly,0.06,100,0.3,7.5,196.5,,0.006,0.5,11557.4,27.42041778564453,0.06000000238418579,0.8651740550994873,0.3557668924331665,0.956990122795105,0.548449695110321,0.09522724151611328,1.2652562856674194,0.042557671666145325,0.0,20270803,19.988584518432617,0.8303487300872803,0.5483075976371765,0.10550396889448166,0.7934219241142273,0.6454002857208252,0.2813853621482849,1.2782214879989624,0.10013147443532944,0.5308812856674194,10.315061455585552,6.6623461138519895,0.26050782203674316,0.062194716185331345,0.25902485847473145,0.08232828974723816
bird_02,pg_diffusion,bird,a butterfly,0.06,100,0.3,7.5,196.5,,0.006,0.5,11557.4,27.42041778564453,0.06000000238418579,0.8651740550994873,0.3557668924331665,0.956990122795105,0.548449695110321,0.09522724151611328,1.2652562856674194,0.042557671666145325,0.0,20270804,20.567724227905273,0.8945801854133606,0.6202806234359741,0.11353962868452072,0.8021659255027771,0.6591951847076416,0.3107972741127014,0.9748555421829224,0.09367281198501587,0.5291494131088257,9.63029701725363,5.452464555925786,0.2575169503688812,0.07843571901321411,0.24750424921512604,0.08529878407716751
bird_02,pg_diffusion,bird,a butterfly,0.06,100,0.3,7.5,196.5,,0.006,0.5,11557.4,27.42041778564453,0.06000000238418579,0.8651740550994873,0.3557668924331665,0.956990122795105,0.548449695110321,0.09522724151611328,1.2652562856674194,0.042557671666145325,0.0,20270805,20.578577041625977,0.9027305245399475,0.621842622756958,0.13895131647586823,0.8488031625747681,0.6294147968292236,0.25923287868499756,0.9747200608253479,0.09355583786964417,0.47229766845703125,9.031061295383365,7.834702804189459,0.2369859367609024,0.060227494686841965,0.2517918348312378,0.05991455167531967
bird_02,pg_diffusion,bird,a butterfly,0.06,100,0.3,7.5,196.5,,0.006,0.5,11557.4,27.42041778564453,0.06000000238418579,0.8651740550994873,0.3557668924331665,0.956990122795105,0.548449695110321,0.09522724151611328,1.2652562856674194,0.042557671666145325,0.0,20270806,20.680273056030273,0.7905042171478271,0.6004233360290527,0.10326827317476273,0.78816819190979,0.6503192782402039,0.3128840923309326,0.9864760041236877,0.09246686100959778,0.5146357417106628,10.421658541025058,5.791714002287689,0.2514866292476654,0.0664723664522171,0.2759065330028534,0.09670504927635193
bird_02,pg_diffusion,bird,a butterfly,0.06,100,0.3,7.5,196.5,,0.006,0.5,11557.4,27.42041778564453,0.06000000238418579,0.8651740550994873,0.3557668924331665,0.956990122795105,0.548449695110321,0.09522724151611328,1.2652562856674194,0.042557671666145325,0.0,20270807,20.821002960205078,0.7385806441307068,0.6406432390213013,0.11021027714014053,0.8169485330581665,0.6230535507202148,0.3045791983604431,1.0059833526611328,0.09098076820373535,0.4955953061580658,9.11461669311287,7.43210722003535,0.25422200560569763,0.07589033246040344,0.26392972469329834,0.06690064817667007
bird_02,pg_diffusion,bird,a butterfly,0.06,100,0.3,7.5,196.5,,0.006,0.5,11557.4,27.42041778564453,0.06000000238418579,0.8651740550994873,0.3557668924331665,0.956990122795105,0.548449695110321,0.09522724151611328,1.2652562856674194,0.042557671666145325,0.0,20270808,20.590932846069336,0.7503393292427063,0.6127421259880066,0.1083950400352478,0.8145722150802612,0.652065634727478,0.3015681505203247,0.8549007773399353,0.09342286735773087,0.5085525512695312,10.53419725024839,9.459237607196428,0.28253424167633057,0.07405482232570648,0.26731207966804504,0.08745473623275757
bird_02,pg_diffusion,bird,a butterfly,0.06,100,0.3,7.5,196.5,,0.006,0.5,11557.4,27.42041778564453,0.06000000238418579,0.8651740550994873,0.3557668924331665,0.956990122795105,0.548449695110321,0.09522724151611328,1.2652562856674194,0.042557671666145325,0.0,20270809,20.69219207763672,0.7558505535125732,0.6369994878768921,0.13342466950416565,0.8444057106971741,0.6264268755912781,0.2741814851760864,0.7638047337532043,0.09234005957841873,0.477996826171875,10.320457924166579,6.340003066952498,0.2607652544975281,0.05148351937532425,0.2810019254684448,0.0874832272529602
bird_02,pg_diffusion,bird,a butterfly,0.06,100,0.3,7.5,196.5,,0.006,0.5,11557.4,27.42041778564453,0.06000000238418579,0.8651740550994873,0.3557668924331665,0.956990122795105,0.548449695110321,0.09522724151611328,1.2652562856674194,0.042557671666145325,0.0,20270810,20.797962188720703,0.8643662929534912,0.6238442659378052,0.11821349710226059,0.820153534412384,0.6565520167350769,0.296546995639801,1.2485830783843994,0.09122242778539658,0.5066986083984375,10.059360498680023,8.3431745279323,0.2533720135688782,0.05160932615399361,0.25395286083221436,0.0763118714094162
bird_02,pg_diffusion,bird,a butterfly,0.06,100,0.3,7.5,196.5,,0.006,0.5,11557.4,27.42041778564453,0.06000000238418579,0.8651740550994873,0.3557668924331665,0.956990122795105,0.548449695110321,0.09522724151611328,1.2652562856674194,0.042557671666145325,0.0,20270811,19.837627410888672,0.7024563550949097,0.5298480987548828,0.0845293328166008,0.765343189239502,0.6475845575332642,0.30512017011642456,0.9983441233634949,0.10188692063093185,0.541113555431366,9.393021435984934,6.797714783435028,0.24698004126548767,0.04997861012816429,0.25141406059265137,0.07444566488265991
bird_02,pg_diffusion,bird,a butterfly,0.06,100,0.3,7.5,196.5,,0.006,0.5,11557.4,27.42041778564453,0.06000000238418579,0.8651740550994873,0.3557668924331665,0.956990122795105,0.548449695110321,0.09522724151611328,1.2652562856674194,0.042557671666145325,0.0,20270812,20.085609436035156,0.7592920064926147,0.5483604669570923,0.09640253335237503,0.7883711457252502,0.6833546161651611,0.32184791564941406,1.1450332403182983,0.09901918470859528,0.5240300893783569,9.240451010011524,6.209353337504591,0.24665707349777222,0.07250768691301346,0.2602381706237793,0.07101013511419296
bird_02,pg_diffusion,bird,a butterfly,0.06,100,0.3,7.5,196.5,,0.006,0.5,11557.4,27.42041778564453,0.06000000238418579,0.8651740550994873,0.3557668924331665,0.956990122795105,0.548449695110321,0.09522724151611328,1.2652562856674194,0.042557671666145325,0.0,20270813,19.460739135742188,0.8806061744689941,0.512022852897644,0.10191759467124939,0.794204592704773,0.6782277226448059,0.29738354682922363,1.0481343269348145,0.10640519857406616,0.539740264415741,9.868926096588554,7.520801467973799,0.25938117504119873,0.055917657911777496,0.23260538280010223,0.09382796287536621
bird_02,pg_diffusion,bird,a butterfly,0.06,100,0.3,7.5,196.5,,0.006,0.5,11557.4,27.42041778564453,0.06000000238418579,0.8651740550994873,0.3557668924331665,0.956990122795105,0.548449695110321,0.09522724151611328,1.2652562856674194,0.042557671666145325,0.0,20270814,20.00668716430664,0.8796943426132202,0.5350590944290161,0.09434632211923599,0.7855023741722107,0.6630435585975647,0.2934368848800659,1.0973782539367676,0.09992298483848572,0.5215619802474976,8.210418023254633,7.21662257133005,0.2500913143157959,0.04830844700336456,0.2627949118614197,0.09983408451080322
bird_02,pg_diffusion,bird,a butterfly,0.06,100,0.3,7.5,196.5,,0.006,0.5,11557.4,27.42041778564453,0.06000000238418579,0.8651740550994873,0.3557668924331665,0.956990122795105,0.548449695110321,0.09522724151611328,1.2652562856674194,0.042557671666145325,0.0,20270815,20.746047973632812,0.7725298404693604,0.6294898986816406,0.11873792111873627,0.8323848247528076,0.6460361480712891,0.27501940727233887,0.8465996980667114,0.09176930785179138,0.4802360534667969,10.173167162968282,6.215976403758395,0.2656082510948181,0.06494982540607452,0.25282424688339233,0.07801847904920578
bird_02,pg_diffusion,bird,a butterfly,0.06,100,0.3,7.5,196.5,,0.006,0.5,11557.4,27.42041778564453,0.06000000238418579,0.8651740550994873,0.3557668924331665,0.956990122795105,0.548449695110321,0.09522724151611328,1.2652562856674194,0.042557671666145325,0.0,20270816,20.902408599853516,0.7513867616653442,0.6108484268188477,0.10323970019817352,0.8143301606178284,0.651526153087616,0.3075624704360962,0.8790156841278076,0.09013205021619797,0.4972775876522064,10.032443530848346,6.585325942959298,0.25307828187942505,0.09421359747648239,0.2440652847290039,0.09547687321901321
bird_02,pg_diffusion,bird,a butterfly,0.06,100,0.3,7.5,196.5,,0.006,0.5,11557.4,27.42041778564453,0.06000000238418579,0.8651740550994873,0.3557668924331665,0.956990122795105,0.548449695110321,0.09522724151611328,1.2652562856674194,0.042557671666145325,0.0,20270817,20.481386184692383,0.7867554426193237,0.5600296258926392,0.11659887433052063,0.7931325435638428,0.6541719436645508,0.2845466136932373,0.9898417592048645,0.09460856020450592,0.5092405080795288,9.756639030125426,7.472680054312235,0.25670742988586426,0.06727457046508789,0.24168795347213745,0.06393098831176758
bird_02,pg_diffusion,bird,a butterfly,0.06,100,0.3,7.5,196.5,,0.006,0.5,11557.4,27.42041778564453,0.06000000238418579,0.8651740550994873,0.3557668924331665,0.956990122795105,0.548449695110321,0.09522724151611328,1.2652562856674194,0.042557671666145325,0.0,20270818,20.2777099609375,0.7085920572280884,0.6136948466300964,0.12286952137947083,0.833528459072113,0.6331690549850464,0.2811344861984253,0.8657752871513367,0.09685327112674713,0.5027135610580444,10.154794785703995,7.34993067206979,0.2429295927286148,0.04596872627735138,0.2532944679260254,0.06422877311706543
bird_02,pg_diffusion,bird,a butterfly,0.06,100,0.3,7.5,196.5,,0.006,0.5,11557.4,27.42041778564453,0.06000000238418579,0.8651740550994873,0.3557668924331665,0.956990122795105,0.548449695110321,0.09522724151611328,1.2652562856674194,0.042557671666145325,0.0,20270819,20.41781997680664,0.8442942500114441,0.5992813110351562,0.10896909981966019,0.8214519023895264,0.6557427048683167,0.30559271574020386,1.0309089422225952,0.0953034982085228,0.488067626953125,11.920437203820685,8.466669900657422,0.2328328937292099,0.055681224912405014,0.25296691060066223,0.06389714777469635
bird_02,pg_diffusion,bird,a butterfly,0.06,100,0.3,7.5,196.5,,0.006,0.5,11557.4,27.42041778564453,0.06000000238418579,0.8651740550994873,0.3557668924331665,0.956990122795105,0.548449695110321,0.09522724151611328,1.2652562856674194,0.042557671666145325,0.0,20270820,20.260026931762695,0.801232099533081,0.5812150239944458,0.10115594416856766,0.81202232837677,0.6373282074928284,0.27518707513809204,1.5016868114471436,0.09705065935850143,0.49648284912109375,8.755567905301962,5.119772760296322,0.22317391633987427,0.036427389830350876,0.2844387888908386,0.08810928463935852
bird_02,pg_diffusion,bird,a butterfly,0.06,100,0.3,7.5,196.5,,0.006,0.5,11557.4,27.42041778564453,0.06000000238418579,0.8651740550994873,0.3557668924331665,0.956990122795105,0.548449695110321,0.09522724151611328,1.2652562856674194,0.042557671666145325,0.0,20270821,20.184734344482422,0.8944405913352966,0.5439910888671875,0.09114038199186325,0.7769243717193604,0.6504152417182922,0.3033508062362671,1.0238640308380127,0.09789558500051498,0.5216318964958191,9.73157701475374,6.196057557625876,0.2515435516834259,0.06356696039438248,0.25374895334243774,0.08439074456691742
bird_02,pg_diffusion,bird,a butterfly,0.06,100,0.3,7.5,196.5,,0.006,0.5,11557.4,27.42041778564453,0.06000000238418579,0.8651740550994873,0.3557668924331665,0.956990122795105,0.548449695110321,0.09522724151611328,1.2652562856674194,0.042557671666145325,0.0,20270822,20.63454818725586,0.712174654006958,0.6256283521652222,0.13092967867851257,0.8212699890136719,0.602617621421814,0.2344985008239746,1.018979787826538,0.09295491874217987,0.49749502539634705,10.60028663093495,6.113053116662521,0.2497410774230957,0.04313007742166519,0.25548821687698364,0.09331820905208588
bird_02,semantic,bird,a butterfly,0.06,100,0.3,7.5,119.5,0.0654296875,0.006,0.5,8778.6,27.740575790405273,0.06000000238418579,0.8021974563598633,0.31311988830566406,0.9170786738395691,0.5492514967918396,0.2051790952682495,1.364151120185852,0.0410175658762455,0.0,20270803,21.119230270385742,0.8673858642578125,0.5474679470062256,0.09111928939819336,0.7493216395378113,0.603432297706604,0.3081730604171753,2.2091176509857178,0.087909996509552,0.36173757910728455,10.315061455585552,4.330774604579599,0.26050782203674316,0.062194716185331345,0.2290721833705902,0.07392024993896484
bird_02,semantic,bird,a butterfly,0.06,100,0.3,7.5,119.5,0.0654296875,0.006,0.5,8778.6,27.740575790405273,0.06000000238418579,0.8021974563598633,0.31311988830566406,0.9170786738395691,0.5492514967918396,0.2051790952682495,1.364151120185852,0.0410175658762455,0.0,20270804,22.215084075927734,0.8923840522766113,0.5746836066246033,0.10357283055782318,0.7614848017692566,0.6218419671058655,0.29851579666137695,2.540595531463623,0.0774899572134018,0.3269335627555847,9.63029701725363,3.422556874375332,0.2575169503688812,0.07843571901321411,0.23330850899219513,0.04060955345630646
bird_02,semantic,bird,a butterfly,0.06,100,0.3,7.5,119.5,0.0654296875,0.006,0.5,8778.6,27.740575790405273,0.06000000238418579,0.8021974563598633,0.31311988830566406,0.9170786738395691,0.5492514967918396,0.2051790952682495,1.364151120185852,0.0410175658762455,0.0,20270805,21.431501388549805,0.7741230130195618,0.5581106543540955,0.10058857500553131,0.7520245909690857,0.6202638149261475,0.3141900897026062,1.8013412952423096,0.08480563014745712,0.3547109067440033,9.031061295383365,3.97643030058148,0.2369859367609024,0.060227494686841965,0.22370454668998718,0.03855622187256813
bird_02,semantic,bird,a butterfly,0.06,100,0.3,7.5,119.5,0.0654296875,0.006,0.5,8778.6,27.740575790405273,0.06000000238418579,0.8021974563598633,0.31311988830566406,0.9170786738395691,0.5492514967918396,0.2051790952682495,1.364151120185852,0.0410175658762455,0.0,20270806,21.23692512512207,0.8302946090698242,0.526495635509491,0.08674770593643188,0.7224916815757751,0.64078289270401,0.32722461223602295,2.8656604290008545,0.08672682195901871,0.3827095031738281,10.421658541025058,3.5172175446950633,0.2514866292476654,0.0664723664522171,0.2442324161529541,0.026964308694005013
bird_02,semantic,bird,a butterfly,0.06,100,0.3,7.5,119.5,0.0654296875,0.006,0.5,8778.6,27.740575790405273,0.06000000238418579,0.8021974563598633,0.31311988830566406,0.9170786738395691,0.5492514967918396,0.2051790952682495,1.364151120185852,0.0410175658762455,0.0,20270807,21.280927658081055,0.790775716304779,0.5585712790489197,0.09714002162218094,0.7510020732879639,0.6137673854827881,0.29780375957489014,2.387284278869629,0.08628857880830765,0.34871548414230347,9.11461669311287,3.6465308710758833,0.25422200560569763,0.07589033246040344,0.2709110975265503,0.09500478208065033
bird_02,semantic,bird,a butterfly,0.06,100,0.3,7.5,119.5,0.0654296875,0.006,0.5,8778.6,27.740575790405273,0.06000000238418579,0.8021974563598633,0.31311988830566406,0.9170786738395691,0.5492514967918396,0.2051790952682495,1.364151120185852,0.0410175658762455,0.0,20270808,21.463542938232422,0.6969687938690186,0.5662702918052673,0.09391859918832779,0.7513649463653564,0.6298428773880005,0.2900286912918091,2.3333821296691895,0.08449336886405945,0.3487192988395691,10.53419725024839,4.517035310676018,0.28253424167633057,0.07405482232570648,0.2279699742794037,0.02909654937684536
bird_02,semantic,bird,a butterfly,0.06,100,0.3,7.5,119.5,0.0654296875,0.006,0.5,8778.6,27.740575790405273,0.06000000238418579,0.8021974563598633,0.31311988830566406,0.9170786738395691,0.5492514967918396,0.2051790952682495,1.364151120185852,0.0410175658762455,0.0,20270809,20.965667724609375,0.8644830584526062,0.5474294424057007,0.09247836470603943,0.754379153251648,0.6295539140701294,0.3173266649246216,2.0065603256225586,0.0894780233502388,0.37756985425949097,10.320457924166579,4.447062825644381,0.2607652544975281,0.05148351937532425,0.2404264509677887,0.0700255036354065
bird_02,semantic,bird,a butterfly,0.06,100,0.3,7.5,119.5,0.0654296875,0.006,0.5,8778.6,27.740575790405273,0.06000000238418579,0.8021974563598633,0.31311988830566406,0.9170786738395691,0.5492514967918396,0.2051790952682495,1.364151120185852,0.0410175658762455,0.0,20270810,20.92841148376465,0.8537687659263611,0.5170497298240662,0.0897020474076271,0.7193889021873474,0.6314647197723389,0.3111346960067749,3.274962902069092,0.0898626446723938,0.39909490942955017,10.059360498680023,3.7949007538908766,0.2533720135688782,0.05160932615399361,0.24015012383460999,0.08532349020242691
bird_02,semantic,bird,a butterfly,0.06,100,0.3,7.5,119.5,0.0654296875,0.006,0.5,8778.6,27.740575790405273,0.06000000238418579,0.8021974563598633,0.31311988830566406,0.9170786738395691,0.5492514967918396,0.2051790952682495,1.364151120185852,0.0410175658762455,0.0,20270811,20.763795852661133,0.7834044694900513,0.4949035048484802,0.08090721815824509,0.7097717523574829,0.6168259382247925,0.3240414261817932,2.400817394256592,0.09158198535442352,0.40003079175949097,9.393021435984934,4.014111651615199,0.24698004126548767,0.04997861012816429,0.230360209941864,0.037536490708589554
bird_02,semantic,bird,a butterfly,0.06,100,0.3,7.5,119.5,0.0654296875,0.006,0.5,8778.6,27.740575790405273,0.06000000238418579,0.8021974563598633,0.31311988830566406,0.9170786738395691,0.5492514967918396,0.2051790952682495,1.364151120185852,0.0410175658762455,0.0,20270812,20.97614288330078,0.7916903495788574,0.5403331518173218,0.1018463596701622,0.7356322407722473,0.6215418577194214,0.293425977230072,2.3824574947357178,0.08937018364667892,0.38931021094322205,9.240451010011524,4.2334799307063555,0.24665707349777222,0.07250768691301346,0.21561607718467712,0.03969492018222809
bird_02,semantic,bird,a butterfly,0.06,100,0.3,7.5,119.5,0.0654296875,0.006,0.5,8778.6,27.740575790405273,0.06000000238418579,0.8021974563598633,0.31311988830566406,0.9170786738395691,0.5492514967918396,0.2051790952682495,1.364151120185852,0.0410175658762455,0.0,20270813,20.575883865356445,0.8070811629295349,0.5408555865287781,0.09903337061405182,0.7468208074569702,0.6394140124320984,0.30514878034591675,2.172621965408325,0.09358488023281097,0.3912696838378906,9.868926096588554,3.2556884731903843,0.25938117504119873,0.055917657911777496,0.22636455297470093,0.035004016011953354
bird_02,semantic,bird,a butterfly,0.06,100,0.3,7.5,119.5,0.0654296875,0.006,0.5,8778.6,27.740575790405273,0.06000000238418579,0.8021974563598633,0.31311988830566406,0.9170786738395691,0.5492514967918396,0.2051790952682495,1.364151120185852,0.0410175658762455,0.0,20270814,21.157236099243164,0.8515112400054932,0.5300590395927429,0.09251038730144501,0.7408155202865601,0.6164518594741821,0.30672144889831543,2.0529887676239014,0.08752617985010147,0.3690223693847656,8.210418023254633,3.7591058014795165,0.2500913143157959,0.04830844700336456,0.2197418063879013,0.03143932670354843
bird_02,semantic,bird,a butterfly,0.06,100,0.3,7.5,119.5,0.0654296875,0.006,0.5,8778.6,27.740575790405273,0.06000000238418579,0.8021974563598633,0.31311988830566406,0.9170786738395691,0.5492514967918396,0.2051790952682495,1.364151120185852,0.0410175658762455,0.0,20270815,21.203731536865234,0.8681904077529907,0.5814893841743469,0.09993468970060349,0.7842315435409546,0.6121301054954529,0.2757113575935364,2.1114370822906494,0.08705887198448181,0.34483593702316284,10.173167162968282,4.4255381348496305,0.2656082510948181,0.06494982540607452,0.24342511594295502,0.040693141520023346
bird_02,semantic,bird,a butterfly,0.06,100,0.3,7.5,119.5,0.0654296875,0.006,0.5,8778.6,27.740575790405273,0.06000000238418579,0.8021974563598633,0.31311988830566406,0.9170786738395691,0.5492514967918396,0.2051790952682495,1.364151120185852,0.0410175658762455,0.0,20270816,22.10875701904297,0.873309314250946,0.5805470943450928,0.0969058945775032,0.7695268988609314,0.6154056787490845,0.2878408432006836,2.0830318927764893,0.07844437658786774,0.3043454587459564,10.032443530848346,3.555915688120826,0.25307828187942505,0.09421359747648239,0.23541773855686188,0.04520732909440994
bird_02,semantic,bird,a butterfly,0.06,100,0.3,7.5,119.5,0.0654296875,0.006,0.5,8778.6,27.740575790405273,0.06000000238418579,0.8021974563598633,0.31311988830566406,0.9170786738395691,0.5492514967918396,0.2051790952682495,1.364151120185852,0.0410175658762455,0.0,20270817,21.537567138671875,0.712861180305481,0.56732577085495,0.10391417890787125,0.744681715965271,0.6058912873268127,0.2946643829345703,1.9863369464874268,0.08377635478973389,0.36804327368736267,9.756639030125426,4.654171145504451,0.25670742988586426,0.06727457046508789,0.22683796286582947,0.06822291016578674
bird_02,semantic,bird,a butterfly,0.06,100,0.3,7.5,119.5,0.0654296875,0.006,0.5,8778.6,27.740575790405273,0.06000000238418579,0.8021974563598633,0.31311988830566406,0.9170786738395691,0.5492514967918396,0.2051790952682495,1.364151120185852,0.0410175658762455,0.0,20270818,21.105640411376953,0.7921508550643921,0.5661283731460571,0.10334300994873047,0.7725409269332886,0.6209695339202881,0.28677016496658325,2.058957815170288,0.08804763853549957,0.37437695264816284,10.154794785703995,4.655052604465296,0.2429295927286148,0.04596872627735138,0.25202512741088867,0.055460188537836075
bird_02,semantic,bird,a butterfly,0.06,100,0.3,7.5,119.5,0.0654296875,0.006,0.5,8778.6,27.740575790405273,0.06000000238418579,0.8021974563598633,0.31311988830566406,0.9170786738395691,0.5492514967918396,0.2051790952682495,1.364151120185852,0.0410175658762455,0.0,20270819,21.119224548339844,0.8063599467277527,0.5686234831809998,0.09334566444158554,0.7574405074119568,0.623552143573761,0.3113499879837036,2.596064329147339,0.08791004866361618,0.35296630859375,11.920437203820685,3.851357004958546,0.2328328937292099,0.055681224912405014,0.2571452260017395,0.07660969346761703
bird_02,semantic,bird,a butterfly,0.06,100,0.3,7.5,119.5,0.0654296875,0.006,0.5,8778.6,27.740575790405273,0.06000000238418579,0.8021974563598633,0.31311988830566406,0.9170786738395691,0.5492514967918396,0.2051790952682495,1.364151120185852,0.0410175658762455,0.0,20270820,20.746559143066406,0.886431872844696,0.4685553014278412,0.07275568693876266,0.68035489320755,0.6207177042961121,0.3189975619316101,2.7633373737335205,0.09176387637853622,0.41685613989830017,8.755567905301962,3.0736000160867123,0.22317391633987427,0.036427389830350876,0.23428875207901,0.02583765983581543
bird_02,semantic,bird,a butterfly,0.06,100,0.3,7.5,119.5,0.0654296875,0.006,0.5,8778.6,27.740575790405273,0.06000000238418579,0.8021974563598633,0.31311988830566406,0.9170786738395691,0.5492514967918396,0.2051790952682495,1.364151120185852,0.0410175658762455,0.0,20270821,21.201780319213867,0.9197120070457458,0.5345256924629211,0.09040680527687073,0.7417421340942383,0.6274770498275757,0.3150125741958618,2.28218150138855,0.08707846701145172,0.37314605712890625,9.73157701475374,3.5329125885006016,0.2515435516834259,0.06356696039438248,0.23066231608390808,0.07798656821250916
bird_02,semantic,bird,a butterfly,0.06,100,0.3,7.5,119.5,0.0654296875,0.006,0.5,8778.6,27.740575790405273,0.06000000238418579,0.8021974563598633,0.31311988830566406,0.9170786738395691,0.5492514967918396,0.2051790952682495,1.364151120185852,0.0410175658762455,0.0,20270822,21.403417587280273,0.7780129909515381,0.5553648471832275,0.0954400971531868,0.7405871152877808,0.6146665811538696,0.3022940158843994,2.184786558151245,0.08508025854825974,0.37148159742355347,10.60028663093495,4.142931803387945,0.2497410774230957,0.04313007742166519,0.2198389321565628,0.06059990078210831
bird_03,pg_encoder,bird,a butterfly,0.06,100,0.3,7.5,6.6,,0.006,0.5,8776.8,27.786846160888672,0.06000000238418579,0.7917848825454712,0.26900333166122437,0.9423642158508301,0.6224965453147888,0.13600170612335205,1.1073623895645142,0.04079965129494667,0.0,20270803,20.478618621826172,0.6192978024482727,0.6767386794090271,0.40181830525398254,0.6803378462791443,0.6048176884651184,0.42647433280944824,0.02281184308230877,0.09463871270418167,0.4166959226131439,3.011436265741651,10.342842184364741,0.18214206397533417,0.014260360971093178,0.23351377248764038,0.03427114710211754
bird_03,pg_encoder,bird,a butterfly,0.06,100,0.3,7.5,6.6,,0.006,0.5,8776.8,27.786846160888672,0.06000000238418579,0.7917848825454712,0.26900333166122437,0.9423642158508301,0.6224965453147888,0.13600170612335205,1.1073623895645142,0.04079965129494667,0.0,20270804,20.319082260131836,0.7010499835014343,0.6786988973617554,0.3789508640766144,0.6764897108078003,0.5943776965141296,0.44243907928466797,0.017878571525216103,0.09639304131269455,0.47128933668136597,3.7436374742409857,10.9581561001835,0.1953655183315277,0.018190475180745125,0.23479250073432922,0.03244273364543915
bird_03,pg_encoder,bird,a butterfly,0.06,100,0.3,7.5,6.6,,0.006,0.5,8776.8,27.786846160888672,0.06000000238418579,0.7917848825454712,0.26900333166122437,0.9423642158508301,0.6224965453147888,0.13600170612335205,1.1073623895645142,0.04079965129494667,0.0,20270805,20.430370330810547,0.6022539734840393,0.7125656008720398,0.40711668133735657,0.6994718909263611,0.6011967658996582,0.3992900848388672,0.07035750895738602,0.09516588598489761,0.48840460181236267,3.715099684953708,10.355796498762249,0.19982106983661652,0.026908215135335922,0.2509191632270813,0.05948469042778015
bird_03,pg_encoder,bird,a butterfly,0.06,100,0.3,7.5,6.6,,0.006,0.5,8776.8,27.786846160888672,0.06000000238418579,0.7917848825454712,0.26900333166122437,0.9423642158508301,0.6224965453147888,0.13600170612335205,1.1073623895645142,0.04079965129494667,0.0,20270806,19.953641891479492,0.6559562683105469,0.6545003652572632,0.4071764349937439,0.6428275108337402,0.5963326692581177,0.4122641086578369,0.04255613312125206,0.10053509473800659,0.4983367919921875,3.6066308611745352,11.32221807448002,0.19088143110275269,0.01740768924355507,0.24535086750984192,0.05493229627609253
bird_03,pg_encoder,bird,a butterfly,0.06,100,0.3,7.5,6.6,,0.006,0.5,8776.8,27.786846160888672,0.06000000238418579,0.7917848825454712,0.26900333166122437,0.9423642158508301,0.6224965453147888,0.13600170612335205,1.1073623895645142,0.04079965129494667,0.0,20270807,19.975269317626953,0.6181628704071045,0.6856940984725952,0.37786296010017395,0.6763443350791931,0.6147608160972595,0.4615957736968994,0.01800142228603363,0.10028506070375443,0.5223884582519531,3.531735688047009,10.444452559077433,0.2105463147163391,0.024303702637553215,0.2220633625984192,0.02548157423734665
bird_03,pg_encoder,bird,a butterfly,0.06,100,0.3,7.5,6.6,,0.006,0.5,8776.8,27.786846160888672,0.06000000238418579,0.7917848825454712,0.26900333166122437,0.9423642158508301,0.6224965453147888,0.13600170612335205,1.1073623895645142,0.04079965129494667,0.0,20270808,20.676292419433594,0.5791869163513184,0.693808913230896,0.4265681207180023,0.697727620601654,0.6193584203720093,0.43524760007858276,0.01799270696938038,0.09250923991203308,0.4082527160644531,4.313531200373012,11.296013100176927,0.18982580304145813,0.016968797892332077,0.22566711902618408,0.024231228977441788
bird_03,pg_encoder,bird,a butterfly,0.06,100,0.3,7.5,6.6,,0.006,0.5,8776.8,27.786846160888672,0.06000000238418579,0.7917848825454712,0.26900333166122437,0.9423642158508301,0.6224965453147888,0.13600170612335205,1.1073623895645142,0.04079965129494667,0.0,20270809,20.833450317382812,0.6462806463241577,0.6869348287582397,0.43830612301826477,0.6875531673431396,0.5861636996269226,0.42514336109161377,0.02866188995540142,0.09085049480199814,0.3932126462459564,4.094112020855957,11.266835896574463,0.20779472589492798,0.024720776826143265,0.23490777611732483,0.048897430300712585
bird_03,pg_encoder,bird,a butterfly,0.06,100,0.3,7.5,6.6,,0.006,0.5,8776.8,27.786846160888672,0.06000000238418579,0.7917848825454712,0.26900333166122437,0.9423642158508301,0.6224965453147888,0.13600170612335205,1.1073623895645142,0.04079965129494667,0.0,20270810,20.335588455200195,0.5966700315475464,0.683562159538269,0.3938477039337158,0.6885654926300049,0.6049535870552063,0.431560754776001,0.028380801901221275,0.09621002525091171,0.4388110041618347,3.340361136350597,10.36071546866909,0.20188383758068085,0.015281557105481625,0.2545454502105713,0.04423411190509796
bird_03,pg_encoder,bird,a butterfly,0.06,100,0.3,7.5,6.6,,0.006,0.5,8776.8,27.786846160888672,0.06000000238418579,0.7917848825454712,0.26900333166122437,0.9423642158508301,0.6224965453147888,0.13600170612335205,1.1073623895645142,0.04079965129494667,0.0,20270811,20.306970596313477,0.5980296730995178,0.6848360896110535,0.37670961022377014,0.6883891820907593,0.5946562886238098,0.4354170560836792,0.034163981676101685,0.09652753174304962,0.4575767517089844,3.998091035681057,9.570554950245443,0.19654563069343567,0.0232202410697937,0.26291418075561523,0.11638413369655609
bird_03,pg_encoder,bird,a butterfly,0.06,100,0.3,7.5,6.6,,0.006,0.5,8776.8,27.786846160888672,0.06000000238418579,0.7917848825454712,0.26900333166122437,0.9423642158508301,0.6224965453147888,0.13600170612335205,1.1073623895645142,0.04079965129494667,0.0,20270812,20.476015090942383,0.8439964056015015,0.6844004392623901,0.3051774799823761,0.683479905128479,0.6197105646133423,0.3946687579154968,0.09644989669322968,0.09466709941625595,0.3969688415527344,3.4859742406036114,9.904117855906552,0.2136414349079132,0.015547782182693481,0.25689050555229187,0.06333588063716888
bird_03,pg_encoder,bird,a butterfly,0.06,100,0.3,7.5,6.6,,0.006,0.5,8776.8,27.786846160888672,0.06000000238418579,0.7917848825454712,0.26900333166122437,0.9423642158508301,0.6224965453147888,0.13600170612335205,1.1073623895645142,0.04079965129494667,0.0,20270813,20.4208984375,0.6750720739364624,0.6739245653152466,0.38478705286979675,0.6779201626777649,0.5996041297912598,0.44885605573654175,0.02094910852611065,0.09526972472667694,0.4079437255859375,3.6448854984406918,10.71476985717853,0.18659323453903198,0.02686966396868229,0.24378371238708496,0.05862708017230034
bird_03,pg_encoder,bird,a butterfly,0.06,100,0.3,7.5,6.6,,0.006,0.5,8776.8,27.786846160888672,0.06000000238418579,0.7917848825454712,0.26900333166122437,0.9423642158508301,0.6224965453147888,0.13600170612335205,1.1073623895645142,0.04079965129494667,0.0,20270814,20.42800521850586,0.6931553483009338,0.6973925828933716,0.3080321252346039,0.6884790658950806,0.6219228506088257,0.43076181411743164,0.04755321890115738,0.09519180655479431,0.4706827998161316,3.6635375994981842,10.755198359003703,0.18717661499977112,-0.0021928679198026657,0.23897720873355865,0.06778059899806976
bird_03,pg_encoder,bird,a butterfly,0.06,100,0.3,7.5,6.6,,0.006,0.5,8776.8,27.786846160888672,0.06000000238418579,0.7917848825454712,0.26900333166122437,0.9423642158508301,0.6224965453147888,0.13600170612335205,1.1073623895645142,0.04079965129494667,0.0,20270815,21.026899337768555,0.6211831569671631,0.6990833282470703,0.3842143714427948,0.6992987990379333,0.6036890745162964,0.4166858196258545,0.03203151375055313,0.08884945511817932,0.36581677198410034,3.837901622459714,10.042969073612321,0.20950621366500854,0.019932148978114128,0.2661008834838867,0.05488089099526405
bird_03,pg_encoder,bird,a butterfly,0.06,100,0.3,7.5,6.6,,0.006,0.5,8776.8,27.786846160888672,0.06000000238418579,0.7917848825454712,0.26900333166122437,0.9423642158508301,0.6224965453147888,0.13600170612335205,1.1073623895645142,0.04079965129494667,0.0,20270816,21.058122634887695,0.6535180807113647,0.7143315076828003,0.26825079321861267,0.7259560227394104,0.6304129362106323,0.37145060300827026,0.12334025651216507,0.08853062987327576,0.36682766675949097,3.442546098926219,10.60950583147467,0.18222086131572723,0.02013496682047844,0.2439066767692566,0.09475608915090561
bird_03,pg_encoder,bird,a butterfly,0.06,100,0.3,7.5,6.6,,0.006,0.5,8776.8,27.786846160888672,0.06000000238418579,0.7917848825454712,0.26900333166122437,0.9423642158508301,0.6224965453147888,0.13600170612335205,1.1073623895645142,0.04079965129494667,0.0,20270817,20.661190032958984,0.7061880826950073,0.6812021136283875,0.3687441945075989,0.6839166283607483,0.6252202987670898,0.4196851849555969,0.021940672770142555,0.09267022460699081,0.38110607862472534,4.269233191025597,11.120303217274696,0.20524874329566956,0.025775296613574028,0.21562311053276062,0.019243713468313217
bird_03,pg_encoder,bird,a butterfly,0.06,100,0.3,7.5,6.6,,0.006,0.5,8776.8,27.786846160888672,0.06000000238418579,0.7917848825454712,0.26900333166122437,0.9423642158508301,0.6224965453147888,0.13600170612335205,1.1073623895645142,0.04079965129494667,0.0,20270818,20.6728515625,0.6000877022743225,0.7002651691436768,0.4068988859653473,0.6902074217796326,0.5978907942771912,0.40920954942703247,0.028526322916150093,0.09254592657089233,0.46376800537109375,3.362340933581319,11.161343534944452,0.2170676589012146,0.013847339898347855,0.2534278929233551,0.059291381388902664
bird_03,pg_encoder,bird,a butterfly,0.06,100,0.3,7.5,6.6,,0.006,0.5,8776.8,27.786846160888672,0.06000000238418579,0.7917848825454712,0.26900333166122437,0.9423642158508301,0.6224965453147888,0.13600170612335205,1.1073623895645142,0.04079965129494667,0.0,20270819,20.984703063964844,0.5977765321731567,0.7024977207183838,0.40520191192626953,0.7064122557640076,0.6127591133117676,0.4351281523704529,0.02362903766334057,0.08928216248750687,0.36626309156417847,3.1284679892854235,11.159534018435915,0.18546901643276215,0.014265093021094799,0.2339358925819397,0.03824963420629501
bird_03,pg_encoder,bird,a butterfly,0.06,100,0.3,7.5,6.6,,0.006,0.5,8776.8,27.786846160888672,0.06000000238418579,0.7917848825454712,0.26900333166122437,0.9423642158508301,0.6224965453147888,0.13600170612335205,1.1073623895645142,0.04079965129494667,0.0,20270820,20.642505645751953,0.6282944679260254,0.6591147184371948,0.35823729634284973,0.6452062129974365,0.5819284319877625,0.42536962032318115,0.0417097806930542,0.09286979585886002,0.40572866797447205,3.692167825524401,11.13917010356533,0.1825859546661377,0.01595994085073471,0.2537798583507538,0.06393249332904816
bird_03,pg_encoder,bird,a butterfly,0.06,100,0.3,7.5,6.6,,0.006,0.5,8776.8,27.786846160888672,0.06000000238418579,0.7917848825454712,0.26900333166122437,0.9423642158508301,0.6224965453147888,0.13600170612335205,1.1073623895645142,0.04079965129494667,0.0,20270821,21.000160217285156,0.6266149282455444,0.7103788256645203,0.33875545859336853,0.7161930203437805,0.6146805286407471,0.41607236862182617,0.05111926421523094,0.08912337571382523,0.3748156428337097,3.8989464752149128,10.222050109052343,0.198167622089386,0.0029513081535696983,0.2580532431602478,0.10242855548858643
bird_03,pg_encoder,bird,a butterfly,0.06,100,0.3,7.5,6.6,,0.006,0.5,8776.8,27.786846160888672,0.06000000238418579,0.7917848825454712,0.26900333166122437,0.9423642158508301,0.6224965453147888,0.13600170612335205,1.1073623895645142,0.04079965129494667,0.0,20270822,20.509519577026367,0.6518137454986572,0.6720507144927979,0.3547940254211426,0.6637345552444458,0.5974434018135071,0.38096410036087036,0.06323029845952988,0.09430263191461563,0.3699073791503906,3.529111003191678,9.838787436861566,0.18070000410079956,0.009880399331450462,0.24245336651802063,0.08891090750694275
bird_03,pg_diffusion,bird,a butterfly,0.06,100,0.3,7.5,193.0,,0.006,0.5,11556.4,27.66943359375,0.06000000238418579,0.8027094602584839,0.28326454758644104,0.9562873840332031,0.6214185953140259,0.11283373832702637,1.2291252613067627,0.04135490208864212,0.0,20270803,20.959274291992188,0.6654564142227173,0.6241515874862671,0.08522360771894455,0.7567173838615417,0.6565523147583008,0.30757105350494385,0.7298614382743835,0.0895439088344574,0.46331915259361267,3.011436265741651,4.0573901866259465,0.18214206397533417,0.014260360971093178,0.22855550050735474,0.017909951508045197
bird_03,pg_diffusion,bird,a butterfly,0.06,100,0.3,7.5,193.0,,0.006,0.5,11556.4,27.66943359375,0.06000000238418579,0.8027094602584839,0.28326454758644104,0.9562873840332031,0.6214185953140259,0.11283373832702637,1.2291252613067627,0.04135490208864212,0.0,20270804,20.75681495666504,0.8099036812782288,0.601505696773529,0.09369102120399475,0.7813034057617188,0.6560354232788086,0.2744519114494324,0.6888771653175354,0.09165558964014053,0.45203274488449097,3.7436374742409857,3.8732197731741445,0.1953655183315277,0.018190475180745125,0.1969846785068512,0.008743866346776485
bird_03,pg_diffusion,bird,a butterfly,0.06,100,0.3,7.5,193.0,,0.006,0.5,11556.4,27.66943359375,0.06000000238418579,0.8027094602584839,0.28326454758644104,0.9562873840332031,0.6214185953140259,0.11283373832702637,1.2291252613067627,0.04135490208864212,0.0,20270805,20.909114837646484,0.9220060706138611,0.6219198703765869,0.0772620290517807,0.7590111494064331,0.6721634864807129,0.3260759115219116,0.9019739031791687,0.09006249904632568,0.4508552551269531,3.715099684953708,4.3150046898849475,0.19982106983661652,0.026908215135335922,0.2298184186220169,0.053788792341947556
bird_03,pg_diffusion,bird,a butterfly,0.06,100,0.3,7.5,193.0,,0.006,0.5,11556.4,27.66943359375,0.06000000238418579,0.8027094602584839,0.28326454758644104,0.9562873840332031,0.6214185953140259,0.11283373832702637,1.2291252613067627,0.04135490208864212,0.0,20270806,20.406517028808594,0.9147073030471802,0.5840718746185303,0.07362449914216995,0.7421736121177673,0.6472722887992859,0.3300943374633789,1.0240592956542969,0.09542756527662277,0.4647814631462097,3.6066308611745352,3.9383679577953017,0.19088143110275269,0.01740768924355507,0.24172064661979675,0.09828250855207443
bird_03,pg_diffusion,bird,a butterfly,0.06,100,0.3,7.5,193.0,,0.006,0.5,11556.4,27.66943359375,0.06000000238418579,0.8027094602584839,0.28326454758644104,0.9562873840332031,0.6214185953140259,0.11283373832702637,1.2291252613067627,0.04135490208864212,0.0,20270807,20.67742156982422,0.7836911678314209,0.5779261589050293,0.08337941020727158,0.7776744365692139,0.6629210114479065,0.3154457211494446,0.766040563583374,0.09249721467494965,0.4447886347770691,3.531735688047009,5.240811939776319,0.2105463147163391,0.024303702637553215,0.22139455378055573,0.027348481118679047
bird_03,pg_diffusion,bird,a butterfly,0.06,100,0.3,7.5,193.0,,0.006,0.5,11556.4,27.66943359375,0.06000000238418579,0.8027094602584839,0.28326454758644104,0.9562873840332031,0.6214185953140259,0.11283373832702637,1.2291252613067627,0.04135490208864212,0.0,20270808,20.970048904418945,0.8731725215911865,0.6094430685043335,0.06845173984766006,0.7508516311645508,0.681285560131073,0.2975333333015442,0.7944786548614502,0.08943288773298264,0.4186210632324219,4.313531200373012,5.0212522694885235,0.18982580304145813,0.016968797892332077,0.251282274723053,0.05765799060463905
bird_03,pg_diffusion,bird,a butterfly,0.06,100,0.3,7.5,193.0,,0.006,0.5,11556.4,27.66943359375,0.06000000238418579,0.8027094602584839,0.28326454758644104,0.9562873840332031,0.6214185953140259,0.11283373832702637,1.2291252613067627,0.04135490208864212,0.0,20270809,22.007850646972656,0.8102871179580688,0.637374758720398,0.09016916155815125,0.7994301319122314,0.6809694766998291,0.2839055061340332,0.7528709173202515,0.07936100661754608,0.37031683325767517,4.094112020855957,5.58054286323724,0.20779472589492798,0.024720776826143265,0.2166803926229477,0.02580159716308117
bird_03,pg_diffusion,bird,a butterfly,0.06,100,0.3,7.5,193.0,,0.006,0.5,11556.4,27.66943359375,0.06000000238418579,0.8027094602584839,0.28326454758644104,0.9562873840332031,0.6214185953140259,0.11283373832702637,1.2291252613067627,0.04135490208864212,0.0,20270810,21.389461517333984,0.7946577072143555,0.6514672040939331,0.09271054714918137,0.775992751121521,0.6440210938453674,0.295041561126709,0.692575991153717,0.08521709591150284,0.4214744567871094,3.340361136350597,4.864273096555941,0.20188383758068085,0.015281557105481625,0.21191100776195526,0.019951052963733673
bird_03,pg_diffusion,bird,a butterfly,0.06,100,0.3,7.5,193.0,,0.006,0.5,11556.4,27.66943359375,0.06000000238418579,0.8027094602584839,0.28326454758644104,0.9562873840332031,0.6214185953140259,0.11283373832702637,1.2291252613067627,0.04135490208864212,0.0,20270811,21.02025032043457,0.8499841690063477,0.6143447756767273,0.09372073411941528,0.7609614729881287,0.6463109850883484,0.31071341037750244,0.9405586123466492,0.08891750872135162,0.44336065649986267,3.998091035681057,4.365743952969248,0.19654563069343567,0.0232202410697937,0.2252117395401001,0.028450733050704002
bird_03,pg_diffusion,bird,a butterfly,0.06,100,0.3,7.5,193.0,,0.006,0.5,11556.4,27.66943359375,0.06000000238418579,0.8027094602584839,0.28326454758644104,0.9562873840332031,0.6214185953140259,0.11283373832702637,1.2291252613067627,0.04135490208864212,0.0,20270812,20.999649047851562,0.8895468711853027,0.6226001381874084,0.09819281846284866,0.773508608341217,0.6713138818740845,0.3458268642425537,0.6733922362327576,0.08912865817546844,0.4493827819824219,3.4859742406036114,3.758087550074354,0.2136414349079132,0.015547782182693481,0.23994237184524536,0.043701887130737305
bird_03,pg_diffusion,bird,a butterfly,0.06,100,0.3,7.5,193.0,,0.006,0.5,11556.4,27.66943359375,0.06000000238418579,0.8027094602584839,0.28326454758644104,0.9562873840332031,0.6214185953140259,0.11283373832702637,1.2291252613067627,0.04135490208864212,0.0,20270813,20.69959831237793,0.8795466423034668,0.5676273703575134,0.09057201445102692,0.7767570614814758,0.6687833666801453,0.2897031307220459,0.8942006826400757,0.09226134419441223,0.43497341871261597,3.6448854984406918,5.139575009457565,0.18659323453903198,0.02686966396868229,0.24565543234348297,0.08456853032112122
bird_03,pg_diffusion,bird,a butterfly,0.06,100,0.3,7.5,193.0,,0.006,0.5,11556.4,27.66943359375,0.06000000238418579,0.8027094602584839,0.28326454758644104,0.9562873840332031,0.6214185953140259,0.11283373832702637,1.2291252613067627,0.04135490208864212,0.0,20270814,20.89120864868164,0.7422683238983154,0.6101383566856384,0.07894425839185715,0.7382032871246338,0.6655443906784058,0.3332468271255493,0.6952338218688965,0.09024836122989655,0.4631996154785156,3.6635375994981842,4.736527884653763,0.18717661499977112,-0.0021928679198026657,0.22857576608657837,0.05332905426621437
bird_03,pg_diffusion,bird,a butterfly,0.06,100,0.3,7.5,193.0,,0.006,0.5,11556.4,27.66943359375,0.06000000238418579,0.8027094602584839,0.28326454758644104,0.9562873840332031,0.6214185953140259,0.11283373832702637,1.2291252613067627,0.04135490208864212,0.0,20270815,21.198808670043945,0.815467119216919,0.6276749968528748,0.09429654479026794,0.7879585027694702,0.6636431217193604,0.33603256940841675,0.5488827228546143,0.08710826188325882,0.4119212031364441,3.837901622459714,4.616363293852544,0.20950621366500854,0.019932148978114128,0.24924612045288086,0.028356552124023438
bird_03,pg_diffusion,bird,a butterfly,0.06,100,0.3,7.5,193.0,,0.006,0.5,11556.4,27.66943359375,0.06000000238418579,0.8027094602584839,0.28326454758644104,0.9562873840332031,0.6214185953140259,0.11283373832702637,1.2291252613067627,0.04135490208864212,0.0,20270816,20.8852481842041,0.8952696919441223,0.6255965232849121,0.08692305535078049,0.7769342064857483,0.6832355260848999,0.36385267972946167,0.607772171497345,0.09031029790639877,0.44158047437667847,3.442546098926219,4.343943956172999,0.18222086131572723,0.02013496682047844,0.2591695785522461,0.047741156071424484
bird_03,pg_diffusion,bird,a butterfly,0.06,100,0.3,7.5,193.0,,0.006,0.5,11556.4,27.66943359375,0.06000000238418579,0.8027094602584839,0.28326454758644104,0.9562873840332031,0.6214185953140259,0.11283373832702637,1.2291252613067627,0.04135490208864212,0.0,20270817,21.457366943359375,0.7990473508834839,0.589446485042572,0.0802808478474617,0.7639898061752319,0.69521164894104,0.30963134765625,0.8848373889923096,0.08455347269773483,0.40219244360923767,4.269233191025597,4.946672257867427,0.20524874329566956,0.025775296613574028,0.22520989179611206,0.054657209664583206
bird_03,pg_diffusion,bird,a butterfly,0.06,100,0.3,7.5,193.0,,0.006,0.5,11556.4,27.66943359375,0.06000000238418579,0.8027094602584839,0.28326454758644104,0.9562873840332031,0.6214185953140259,0.11283373832702637,1.2291252613067627,0.04135490208864212,0.0,20270818,21.602094650268555,0.7846848964691162,0.6510567665100098,0.08498802781105042,0.7612331509590149,0.6645636558532715,0.2881467342376709,0.6844011545181274,0.0831562802195549,0.40851467847824097,3.362340933581319,4.444274302984323,0.2170676589012146,0.013847339898347855,0.2241325080394745,0.06715735793113708
bird_03,pg_diffusion,bird,a butterfly,0.06,100,0.3,7.5,193.0,,0.006,0.5,11556.4,27.66943359375,0.06000000238418579,0.8027094602584839,0.28326454758644104,0.9562873840332031,0.6214185953140259,0.11283373832702637,1.2291252613067627,0.04135490208864212,0.0,20270819,21.32176399230957,0.683303952217102,0.6355108022689819,0.08343199640512466,0.7840467691421509,0.6744259595870972,0.3018326759338379,0.7155275940895081,0.08588387072086334,0.42600759863853455,3.1284679892854235,5.016030736602255,0.18546901643276215,0.014265093021094799,0.2550152540206909,0.07242906093597412
bird_03,pg_diffusion,bird,a butterfly,0.06,100,0.3,7.5,193.0,,0.006,0.5,11556.4,27.66943359375,0.06000000238418579,0.8027094602584839,0.28326454758644104,0.9562873840332031,0.6214185953140259,0.11283373832702637,1.2291252613067627,0.04135490208864212,0.0,20270820,21.49357795715332,0.7849195003509521,0.5956711769104004,0.07599136233329773,0.7633228302001953,0.6881418824195862,0.3326871991157532,0.8025977611541748,0.08420169353485107,0.3840421140193939,3.692167825524401,4.607236092686967,0.1825859546661377,0.01595994085073471,0.21029910445213318,0.029277566820383072
bird_03,pg_diffusion,bird,a butterfly,0.06,100,0.3,7.5,193.0,,0.006,0.5,11556.4,27.66943359375,0.06000000238418579,0.8027094602584839,0.28326454758644104,0.9562873840332031,0.6214185953140259,0.11283373832702637,1.2291252613067627,0.04135490208864212,0.0,20270821,21.345600128173828,0.6997581720352173,0.5975404977798462,0.06950902193784714,0.7649443745613098,0.6757106184959412,0.3338567018508911,0.8137712478637695,0.08564848452806473,0.41011685132980347,3.8989464752149128,4.912551983782342,0.198167622089386,0.0029513081535696983,0.24866878986358643,0.044263213872909546
bird_03,pg_diffusion,bird,a butterfly,0.06,100,0.3,7.5,193.0,,0.006,0.5,11556.4,27.66943359375,0.06000000238418579,0.8027094602584839,0.28326454758644104,0.9562873840332031,0.6214185953140259,0.11283373832702637,1.2291252613067627,0.04135490208864212,0.0,20270822,21.170639038085938,0.9968640804290771,0.6429284811019897,0.08959225565195084,0.7857879400253296,0.6742496490478516,0.29006147384643555,0.9453670978546143,0.08739122003316879,0.4068095088005066,3.529111003191678,4.554569010690939,0.18070000410079956,0.009880399331450462,0.22041839361190796,0.03261343389749527
bird_03,semantic,bird,a butterfly,0.06,100,0.3,7.5,119.3,0.054931640625,0.006,0.5,8777.6,27.791587829589844,0.06000000238418579,0.7615013122558594,0.2593349814414978,0.9306751489639282,0.6029348373413086,0.21045267581939697,1.394523024559021,0.04077737778425217,0.0,20270803,21.620872497558594,0.8126451969146729,0.5232073664665222,0.06563255935907364,0.7179178595542908,0.6208308935165405,0.28836941719055176,2.957554578781128,0.08297669142484665,0.31760281324386597,3.011436265741651,2.927462626691894,0.18214206397533417,0.014260360971093178,0.21727396547794342,0.052415743470191956
bird_03,semantic,bird,a butterfly,0.06,100,0.3,7.5,119.3,0.054931640625,0.006,0.5,8777.6,27.791587829589844,0.06000000238418579,0.7615013122558594,0.2593349814414978,0.9306751489639282,0.6029348373413086,0.21045267581939697,1.394523024559021,0.04077737778425217,0.0,20270804,22.032268524169922,0.9160264134407043,0.5616411566734314,0.0842558890581131,0.7576673626899719,0.6142581701278687,0.2546769380569458,1.8554635047912598,0.07913821935653687,0.2992808222770691,3.7436374742409857,2.908064449773966,0.1953655183315277,0.018190475180745125,0.27102887630462646,0.09692992269992828
bird_03,semantic,bird,a butterfly,0.06,100,0.3,7.5,119.3,0.054931640625,0.006,0.5,8777.6,27.791587829589844,0.06000000238418579,0.7615013122558594,0.2593349814414978,0.9306751489639282,0.6029348373413086,0.21045267581939697,1.394523024559021,0.04077737778425217,0.0,20270805,22.873558044433594,0.9085050225257874,0.570196270942688,0.0800388976931572,0.7642905712127686,0.6218128204345703,0.2709280848503113,2.238753080368042,0.07183261960744858,0.27722930908203125,3.715099684953708,3.229380375841824,0.19982106983661652,0.026908215135335922,0.2521052360534668,0.06587933748960495
bird_03,semantic,bird,a butterfly,0.06,100,0.3,7.5,119.3,0.054931640625,0.006,0.5,8777.6,27.791587829589844,0.06000000238418579,0.7615013122558594,0.2593349814414978,0.9306751489639282,0.6029348373413086,0.21045267581939697,1.394523024559021,0.04077737778425217,0.0,20270806,22.036346435546875,0.9055178761482239,0.5290717482566833,0.07090733200311661,0.7518311738967896,0.6189919710159302,0.28788459300994873,2.0742764472961426,0.07910104095935822,0.3018175959587097,3.6066308611745352,2.486748316115264,0.19088143110275269,0.01740768924355507,0.21312424540519714,0.020469963550567627
bird_03,semantic,bird,a butterfly,0.06,100,0.3,7.5,119.3,0.054931640625,0.006,0.5,8777.6,27.791587829589844,0.06000000238418579,0.7615013122558594,0.2593349814414978,0.9306751489639282,0.6029348373413086,0.21045267581939697,1.394523024559021,0.04077737778425217,0.0,20270807,21.4291934967041,0.817642331123352,0.49917346239089966,0.06888382881879807,0.7358813285827637,0.6432379484176636,0.315788209438324,2.7390384674072266,0.08482816815376282,0.35302481055259705,3.531735688047009,3.7360577939034916,0.2105463147163391,0.024303702637553215,0.23889398574829102,0.075101338326931
bird_03,semantic,bird,a butterfly,0.06,100,0.3,7.5,119.3,0.054931640625,0.006,0.5,8777.6,27.791587829589844,0.06000000238418579,0.7615013122558594,0.2593349814414978,0.9306751489639282,0.6029348373413086,0.21045267581939697,1.394523024559021,0.04077737778425217,0.0,20270808,22.02743148803711,0.8075072765350342,0.5574440956115723,0.07362161576747894,0.7584561109542847,0.6433738470077515,0.28525662422180176,2.7918641567230225,0.07918230444192886,0.2989158630371094,4.313531200373012,2.3887961034115093,0.18982580304145813,0.016968797892332077,0.2179693728685379,0.0619933195412159
bird_03,semantic,bird,a butterfly,0.06,100,0.3,7.5,119.3,0.054931640625,0.006,0.5,8777.6,27.791587829589844,0.06000000238418579,0.7615013122558594,0.2593349814414978,0.9306751489639282,0.6029348373413086,0.21045267581939697,1.394523024559021,0.04077737778425217,0.0,20270809,22.247039794921875,0.8438025712966919,0.5646489858627319,0.07680129259824753,0.7523816823959351,0.6345512866973877,0.3128430247306824,2.5997073650360107,0.07720539718866348,0.3041636347770691,4.094112020855957,3.2302882042369934,0.20779472589492798,0.024720776826143265,0.24210116267204285,0.08321505784988403
bird_03,semantic,bird,a butterfly,0.06,100,0.3,7.5,119.3,0.054931640625,0.006,0.5,8777.6,27.791587829589844,0.06000000238418579,0.7615013122558594,0.2593349814414978,0.9306751489639282,0.6029348373413086,0.21045267581939697,1.394523024559021,0.04077737778425217,0.0,20270810,22.299184799194336,0.790923535823822,0.570523202419281,0.08366119116544724,0.7663514018058777,0.6082090139389038,0.2685462236404419,2.4609427452087402,0.07674329727888107,0.3097279965877533,3.340361136350597,3.297913857618333,0.20188383758068085,0.015281557105481625,0.20598138868808746,0.00965021550655365
bird_03,semantic,bird,a butterfly,0.06,100,0.3,7.5,119.3,0.054931640625,0.006,0.5,8777.6,27.791587829589844,0.06000000238418579,0.7615013122558594,0.2593349814414978,0.9306751489639282,0.6029348373413086,0.21045267581939697,1.394523024559021,0.04077737778425217,0.0,20270811,22.05483627319336,0.8599406480789185,0.5535194277763367,0.08480171859264374,0.7588377594947815,0.5994217395782471,0.25970542430877686,2.1637580394744873,0.07893285155296326,0.2970008850097656,3.998091035681057,3.2175103804732412,0.19654563069343567,0.0232202410697937,0.2155073583126068,0.05793474614620209
bird_03,semantic,bird,a butterfly,0.06,100,0.3,7.5,119.3,0.054931640625,0.006,0.5,8777.6,27.791587829589844,0.06000000238418579,0.7615013122558594,0.2593349814414978,0.9306751489639282,0.6029348373413086,0.21045267581939697,1.394523024559021,0.04077737778425217,0.0,20270812,22.402969360351562,0.9390963315963745,0.5680421590805054,0.08407536894083023,0.7621771097183228,0.6285722255706787,0.29490649700164795,2.0490212440490723,0.07583177834749222,0.28543347120285034,3.4859742406036114,2.898573382152856,0.2136414349079132,0.015547782182693481,0.2429116815328598,0.06225842237472534
bird_03,semantic,bird,a butterfly,0.06,100,0.3,7.5,119.3,0.054931640625,0.006,0.5,8777.6,27.791587829589844,0.06000000238418579,0.7615013122558594,0.2593349814414978,0.9306751489639282,0.6029348373413086,0.21045267581939697,1.394523024559021,0.04077737778425217,0.0,20270813,22.027311325073242,0.8345023989677429,0.5227288007736206,0.07411713898181915,0.7587721347808838,0.6302137970924377,0.29733163118362427,1.9758641719818115,0.07918340712785721,0.3163897395133972,3.6448854984406918,3.14579376533268,0.18659323453903198,0.02686966396868229,0.2027672827243805,0.01956258900463581
bird_03,semantic,bird,a butterfly,0.06,100,0.3,7.5,119.3,0.054931640625,0.006,0.5,8777.6,27.791587829589844,0.06000000238418579,0.7615013122558594,0.2593349814414978,0.9306751489639282,0.6029348373413086,0.21045267581939697,1.394523024559021,0.04077737778425217,0.0,20270814,22.009891510009766,0.9090219736099243,0.5166053175926208,0.07230984419584274,0.7373310327529907,0.6176145076751709,0.2782711982727051,2.8132166862487793,0.07934234291315079,0.31025823950767517,3.6635375994981842,3.418154566945994,0.18717661499977112,-0.0021928679198026657,0.21435686945915222,0.04675568267703056
bird_03,semantic,bird,a butterfly,0.06,100,0.3,7.5,119.3,0.054931640625,0.006,0.5,8777.6,27.791587829589844,0.06000000238418579,0.7615013122558594,0.2593349814414978,0.9306751489639282,0.6029348373413086,0.21045267581939697,1.394523024559021,0.04077737778425217,0.0,20270815,22.700359344482422,0.8472402095794678,0.5805308818817139,0.08631178736686707,0.7925722002983093,0.6099677681922913,0.2779904007911682,2.161058187484741,0.07327935844659805,0.28314208984375,3.837901622459714,2.9564047982233954,0.20950621366500854,0.019932148978114128,0.21347621083259583,0.032180335372686386
bird_03,semantic,bird,a butterfly,0.06,100,0.3,7.5,119.3,0.054931640625,0.006,0.5,8777.6,27.791587829589844,0.06000000238418579,0.7615013122558594,0.2593349814414978,0.9306751489639282,0.6029348373413086,0.21045267581939697,1.394523024559021,0.04077737778425217,0.0,20270816,22.47606086730957,0.7209309935569763,0.5753648281097412,0.07547487318515778,0.7657198905944824,0.6075282096862793,0.2928464412689209,2.116820812225342,0.07519632577896118,0.2741966247558594,3.442546098926219,3.3786986042916953,0.18222086131572723,0.02013496682047844,0.26798081398010254,0.01630105823278427
bird_03,semantic,bird,a butterfly,0.06,100,0.3,7.5,119.3,0.054931640625,0.006,0.5,8777.6,27.791587829589844,0.06000000238418579,0.7615013122558594,0.2593349814414978,0.9306751489639282,0.6029348373413086,0.21045267581939697,1.394523024559021,0.04077737778425217,0.0,20270817,21.987810134887695,0.7833154201507568,0.5474011898040771,0.07595353573560715,0.7623282074928284,0.6440366506576538,0.2973029613494873,2.3653299808502197,0.07954432815313339,0.3325347900390625,4.269233191025597,2.7515317710220244,0.20524874329566956,0.025775296613574028,0.23819789290428162,0.025587741285562515
bird_03,semantic,bird,a butterfly,0.06,100,0.3,7.5,119.3,0.054931640625,0.006,0.5,8777.6,27.791587829589844,0.06000000238418579,0.7615013122558594,0.2593349814414978,0.9306751489639282,0.6029348373413086,0.21045267581939697,1.394523024559021,0.04077737778425217,0.0,20270818,22.645519256591797,0.8141425251960754,0.5779621601104736,0.07321155071258545,0.7743600606918335,0.62286376953125,0.2958557605743408,2.1992766857147217,0.07374349981546402,0.27179718017578125,3.362340933581319,3.754662095270359,0.2170676589012146,0.013847339898347855,0.21900895237922668,0.040879715234041214
bird_03,semantic,bird,a butterfly,0.06,100,0.3,7.5,119.3,0.054931640625,0.006,0.5,8777.6,27.791587829589844,0.06000000238418579,0.7615013122558594,0.2593349814414978,0.9306751489639282,0.6029348373413086,0.21045267581939697,1.394523024559021,0.04077737778425217,0.0,20270819,22.310178756713867,0.7519775032997131,0.5971518754959106,0.08354143798351288,0.7702252864837646,0.6129884719848633,0.28441745042800903,2.124321460723877,0.07664621621370316,0.2881622314453125,3.1284679892854235,3.0333948434908273,0.18546901643276215,0.014265093021094799,0.24475312232971191,0.058137618005275726
bird_03,semantic,bird,a butterfly,0.06,100,0.3,7.5,119.3,0.054931640625,0.006,0.5,8777.6,27.791587829589844,0.06000000238418579,0.7615013122558594,0.2593349814414978,0.9306751489639282,0.6029348373413086,0.21045267581939697,1.394523024559021,0.04077737778425217,0.0,20270820,21.789533615112305,0.9181308746337891,0.5186387300491333,0.08100719004869461,0.7322720289230347,0.5938246250152588,0.2904646396636963,2.5521352291107178,0.08138099312782288,0.3312937617301941,3.692167825524401,3.484226681186564,0.1825859546661377,0.01595994085073471,0.21343743801116943,0.06035742163658142
bird_03,semantic,bird,a butterfly,0.06,100,0.3,7.5,119.3,0.054931640625,0.006,0.5,8777.6,27.791587829589844,0.06000000238418579,0.7615013122558594,0.2593349814414978,0.9306751489639282,0.6029348373413086,0.21045267581939697,1.394523024559021,0.04077737778425217,0.0,20270821,22.748620986938477,0.8538483381271362,0.5426821112632751,0.07289967685937881,0.7471029162406921,0.6368972063064575,0.2916220426559448,2.40124249458313,0.0728733241558075,0.2850341796875,3.8989464752149128,2.5381249816524156,0.198167622089386,0.0029513081535696983,0.24549050629138947,0.06935275346040726
bird_03,semantic,bird,a butterfly,0.06,100,0.3,7.5,119.3,0.054931640625,0.006,0.5,8777.6,27.791587829589844,0.06000000238418579,0.7615013122558594,0.2593349814414978,0.9306751489639282,0.6029348373413086,0.21045267581939697,1.394523024559021,0.04077737778425217,0.0,20270822,21.981826782226562,0.8960115909576416,0.5485662221908569,0.07230552285909653,0.7459405064582825,0.6276469826698303,0.27492886781692505,1.9519692659378052,0.07959914207458496,0.31842678785324097,3.529111003191678,3.0871098867140936,0.18070000410079956,0.009880399331450462,0.2279418408870697,0.030532341450452805
