eta,K,N,epsilon,alpha,momentum,cov_floor,seed,eval_seed,independent_seed,train_seed,eval_draws,trace_every,convergence_every,score_every,condition,library_sha256,modified_from_paper,loss,library_source,missing_paper_classes,class_weights,sampling_with_replacement,covariance_normalization,lab_units,protected_classes,mask_dilate,mask_feather,best_iterate_modified_from_paper,step_indexed_rng_modified_from_paper,restart,candidate,distribution_ids,fixed_ig_loss,T_distance,box_boundary_fraction,clipping_fraction,deltaE00,source_cov_floor,source_cov_min_eigenvalue,source_cov_regularized,source_cov_regularization_modified_from_paper,target_cov_floor,target_cov_min_eigenvalue,target_cov_regularized,target_cov_regularization_modified_from_paper
50,10,15,0.2,0.013333333333333334,0.6,0.0001,0,17001,27001,37001,8,200,1000,1,ncf_full,3f1af891264523591d3a4ef1df6878cb41b2ed518e7e2cf0e492161b72013888,True,L_IG,NCF official release 150_20_hist.npy (150 ADE20K classes x 20 palettes),,"{""global_scene"": 1.0}",True,population,CIELab_D65_L_0_100_ab_signed,ATR:11|2,0,0,True,True,0,0,ade003_sky_04,0.03785344585776329,0.0,0.0,0.0,29.279369354248047,0.0001,161.07205064873597,0,True,0.0001,7.448583948674008,0,True
50,10,15,0.2,0.013333333333333334,0.6,0.0001,0,17001,27001,37001,8,200,1000,1,ncf_full,3f1af891264523591d3a4ef1df6878cb41b2ed518e7e2cf0e492161b72013888,True,L_IG,NCF official release 150_20_hist.npy (150 ADE20K classes x 20 palettes),,"{""global_scene"": 1.0}",True,population,CIELab_D65_L_0_100_ab_signed,ATR:11|2,0,0,True,True,0,1,ade062_bridge_19,0.0548347644507885,0.0,0.0,0.20815405249595642,17.08590316772461,0.0001,161.07205064873597,0,True,0.0001,15.122827359194718,0,True
50,10,15,0.2,0.013333333333333334,0.6,0.0001,0,17001,27001,37001,8,200,1000,1,ncf_full,3f1af891264523591d3a4ef1df6878cb41b2ed518e7e2cf0e492161b72013888,True,L_IG,NCF official release 150_20_hist.npy (150 ADE20K classes x 20 palettes),,"{""global_scene"": 1.0}",True,population,CIELab_D65_L_0_100_ab_signed,ATR:11|2,0,0,True,True,0,2,ade147_radiator_13,0.03196647763252258,0.0,0.0,0.0048726401291787624,39.44705581665039,0.0001,161.07205064873597,0,True,0.0001,2.8257094067794917,0,True
50,10,15,0.2,0.013333333333333334,0.6,0.0001,0,17001,27001,37001,8,200,1000,1,ncf_full,3f1af891264523591d3a4ef1df6878cb41b2ed518e7e2cf0e492161b72013888,True,L_IG,NCF official release 150_20_hist.npy (150 ADE20K classes x 20 palettes),,"{""global_scene"": 1.0}",True,population,CIELab_D65_L_0_100_ab_signed,ATR:11|2,0,0,True,True,0,3,ade139_ashcan_00,0.062180280685424805,0.0,0.0,0.0,13.118913650512695,0.0001,161.07205064873597,0,True,0.0001,3.6758897790469045,0,True
50,10,15,0.2,0.013333333333333334,0.6,0.0001,0,17001,27001,37001,8,200,1000,1,ncf_full,3f1af891264523591d3a4ef1df6878cb41b2ed518e7e2cf0e492161b72013888,True,L_IG,NCF official release 150_20_hist.npy (150 ADE20K classes x 20 palettes),,"{""global_scene"": 1.0}",True,population,CIELab_D65_L_0_100_ab_signed,ATR:11|2,0,0,True,True,0,4,ade099_bottle_03,0.03886703774333,0.0,0.0,0.082427978515625,29.38418960571289,0.0001,161.07205064873597,0,True,0.0001,7.615211245453479,0,True
50,10,15,0.2,0.013333333333333334,0.6,0.0001,0,17001,27001,37001,8,200,1000,1,ncf_full,3f1af891264523591d3a4ef1df6878cb41b2ed518e7e2cf0e492161b72013888,True,L_IG,NCF official release 150_20_hist.npy (150 ADE20K classes x 20 palettes),,"{""global_scene"": 1.0}",True,population,CIELab_D65_L_0_100_ab_signed,ATR:11|2,0,0,True,True,0,5,ade119_oven_19,0.047514304518699646,0.0,0.0,0.27954864501953125,20.701622009277344,0.0001,161.07205064873597,0,True,0.0001,6.265907269410123,0,True
50,10,15,0.2,0.013333333333333334,0.6,0.0001,0,17001,27001,37001,8,200,1000,1,ncf_full,3f1af891264523591d3a4ef1df6878cb41b2ed518e7e2cf0e492161b72013888,True,L_IG,NCF official release 150_20_hist.npy (150 ADE20K classes x 20 palettes),,"{""global_scene"": 1.0}",True,population,CIELab_D65_L_0_100_ab_signed,ATR:11|2,0,0,True,True,0,6,ade022_water_07,0.06010668724775314,0.0,0.0,0.0581715926527977,22.353294372558594,0.0001,161.07205064873597,0,True,0.0001,8.974639594199749,0,True
50,10,15,0.2,0.013333333333333334,0.6,0.0001,0,17001,27001,37001,8,200,1000,1,ncf_full,3f1af891264523591d3a4ef1df6878cb41b2ed518e7e2cf0e492161b72013888,True,L_IG,NCF official release 150_20_hist.npy (150 ADE20K classes x 20 palettes),,"{""global_scene"": 1.0}",True,population,CIELab_D65_L_0_100_ab_signed,ATR:11|2,0,0,True,True,0,7,ade126_pot_03,0.07000107318162918,0.0,0.0,0.013492584228515625,9.72923755645752,0.0001,161.07205064873597,0,True,0.0001,7.333181735571409,0,True
50,10,15,0.2,0.013333333333333334,0.6,0.0001,0,17001,27001,37001,8,200,1000,1,ncf_full,3f1af891264523591d3a4ef1df6878cb41b2ed518e7e2cf0e492161b72013888,True,L_IG,NCF official release 150_20_hist.npy (150 ADE20K classes x 20 palettes),,"{""global_scene"": 1.0}",True,population,CIELab_D65_L_0_100_ab_signed,ATR:11|2,0,0,True,True,0,8,ade125_microwave_17,0.04332197830080986,0.0,0.0,0.12862524390220642,27.866287231445312,0.0001,161.07205064873597,0,True,0.0001,12.161115364221143,0,True
50,10,15,0.2,0.013333333333333334,0.6,0.0001,0,17001,27001,37001,8,200,1000,1,ncf_full,3f1af891264523591d3a4ef1df6878cb41b2ed518e7e2cf0e492161b72013888,True,L_IG,NCF official release 150_20_hist.npy (150 ADE20K classes x 20 palettes),,"{""global_scene"": 1.0}",True,population,CIELab_D65_L_0_100_ab_signed,ATR:11|2,0,0,True,True,0,9,ade085_tower_03,0.06799362599849701,0.0,0.0,0.0035196940880268812,13.979272842407227,0.0001,161.07205064873597,0,True,0.0001,6.516073113951072,0,True
50,10,15,0.2,0.013333333333333334,0.6,0.0001,0,17001,27001,37001,8,200,1000,1,ncf_full,3f1af891264523591d3a4ef1df6878cb41b2ed518e7e2cf0e492161b72013888,True,L_IG,NCF official release 150_20_hist.npy (150 ADE20K classes x 20 palettes),,"{""global_scene"": 1.0}",True,population,CIELab_D65_L_0_100_ab_signed,ATR:11|2,0,0,True,True,0,10,ade006_ceiling_01,0.05497201904654503,0.0,0.0,0.0,18.662256240844727,0.0001,161.07205064873597,0,True,0.0001,2.172902162418412,0,True
50,10,15,0.2,0.013333333333333334,0.6,0.0001,0,17001,27001,37001,8,200,1000,1,ncf_full,3f1af891264523591d3a4ef1df6878cb41b2ed518e7e2cf0e492161b72013888,True,L_IG,NCF official release 150_20_hist.npy (150 ADE20K classes x 20 palettes),,"{""global_scene"": 1.0}",True,population,CIELab_D65_L_0_100_ab_signed,ATR:11|2,0,0,True,True,0,11,ade044_signboard_06,0.05747731775045395,0.0,0.0,0.21138636767864227,29.115201950073242,0.0001,161.07205064873597,0,True,0.0001,53.67514996457915,0,True
50,10,15,0.2,0.013333333333333334,0.6,0.0001,0,17001,27001,37001,8,200,1000,1,ncf_full,3f1af891264523591d3a4ef1df6878cb41b2ed518e7e2cf0e492161b72013888,True,L_IG,NCF official release 150_20_hist.npy (150 ADE20K classes x 20 palettes),,"{""global_scene"": 1.0}",True,population,CIELab_D65_L_0_100_ab_signed,ATR:11|2,0,0,True,True,0,12,ade038_bathtub_16,0.05291738733649254,0.0,0.0,0.12980906665325165,30.415002822875977,0.0001,161.07205064873597,0,True,0.0001,18.0283917661601,0,True
50,10,15,0.2,0.013333333333333334,0.6,0.0001,0,17001,27001,37001,8,200,1000,1,ncf_full,3f1af891264523591d3a4ef1df6878cb41b2ed518e7e2cf0e492161b72013888,True,L_IG,NCF official release 150_20_hist.npy (150 ADE20K classes x 20 palettes),,"{""global_scene"": 1.0}",True,population,CIELab_D65_L_0_100_ab_signed,ATR:11|2,0,0,True,True,0,13,ade020_chair_19,0.057268477976322174,0.0,0.0,0.02144114300608635,21.306621551513672,0.0001,161.07205064873597,0,True,0.0001,2.8905870411958725,0,True
50,10,15,0.2,0.013333333333333334,0.6,0.0001,0,17001,27001,37001,8,200,1000,1,ncf_full,3f1af891264523591d3a4ef1df6878cb41b2ed518e7e2cf0e492161b72013888,True,L_IG,NCF official release 150_20_hist.npy (150 ADE20K classes x 20 palettes),,"{""global_scene"": 1.0}",True,population,CIELab_D65_L_0_100_ab_signed,ATR:11|2,0,0,True,True,0,14,ade144_monitor_18,0.04576354846358299,0.0,0.0,0.03886159509420395,32.622406005859375,0.0001,161.07205064873597,0,True,0.0001,10.450539196718953,0,True
50,10,15,0.2,0.013333333333333334,0.6,0.0001,0,17001,27001,37001,8,200,1000,1,ncf_full,3f1af891264523591d3a4ef1df6878cb41b2ed518e7e2cf0e492161b72013888,True,L_IG,NCF official release 150_20_hist.npy (150 ADE20K classes x 20 palettes),,"{""global_scene"": 1.0}",True,population,CIELab_D65_L_0_100_ab_signed,ATR:11|2,0,0,True,True,0,15,ade069_hill_16,0.06408192217350006,0.0,0.0,0.0,11.545860290527344,0.0001,161.07205064873597,0,True,0.0001,7.58647267042107,0,True
50,10,15,0.2,0.013333333333333334,0.6,0.0001,0,17001,27001,37001,8,200,1000,1,ncf_full,3f1af891264523591d3a4ef1df6878cb41b2ed518e7e2cf0e492161b72013888,True,L_IG,NCF official release 150_20_hist.npy (150 ADE20K classes x 20 palettes),,"{""global_scene"": 1.0}",True,population,CIELab_D65_L_0_100_ab_signed,ATR:11|2,0,0,True,True,0,16,ade053_path_16,0.056281257420778275,0.0,0.0,0.13083522021770477,17.1451358795166,0.0001,161.07205064873597,0,True,0.0001,5.694099260760891,0,True
50,10,15,0.2,0.013333333333333334,0.6,0.0001,0,17001,27001,37001,8,200,1000,1,ncf_full,3f1af891264523591d3a4ef1df6878cb41b2ed518e7e2cf0e492161b72013888,True,L_IG,NCF official release 150_20_hist.npy (150 ADE20K classes x 20 palettes),,"{""global_scene"": 1.0}",True,population,CIELab_D65_L_0_100_ab_signed,ATR:11|2,0,0,True,True,0,17,ade144_monitor_08,0.0714578926563263,0.0,0.0,0.05670166015625,11.598705291748047,0.0001,161.07205064873597,0,True,0.0001,16.23807027439431,0,True
50,10,15,0.2,0.013333333333333334,0.6,0.0001,0,17001,27001,37001,8,200,1000,1,ncf_full,3f1af891264523591d3a4ef1df6878cb41b2ed518e7e2cf0e492161b72013888,True,L_IG,NCF official release 150_20_hist.npy (150 ADE20K classes x 20 palettes),,"{""global_scene"": 1.0}",True,population,CIELab_D65_L_0_100_ab_signed,ATR:11|2,0,0,True,True,0,18,ade040_cushion_14,0.055749062448740005,0.0,0.0,0.23547236621379852,13.441545486450195,0.0001,161.07205064873597,0,True,0.0001,42.17657772712974,0,True
50,10,15,0.2,0.013333333333333334,0.6,0.0001,0,17001,27001,37001,8,200,1000,1,ncf_full,3f1af891264523591d3a4ef1df6878cb41b2ed518e7e2cf0e492161b72013888,True,L_IG,NCF official release 150_20_hist.npy (150 ADE20K classes x 20 palettes),,"{""global_scene"": 1.0}",True,population,CIELab_D65_L_0_100_ab_signed,ATR:11|2,0,0,True,True,0,19,ade002_building_13,0.06344179809093475,0.0,0.0,0.09116999804973602,18.71864128112793,0.0001,161.07205064873597,0,True,0.0001,64.97841020497934,0,True
50,10,15,0.2,0.013333333333333334,0.6,0.0001,0,17001,27001,37001,8,200,1000,1,ncf_full,3f1af891264523591d3a4ef1df6878cb41b2ed518e7e2cf0e492161b72013888,True,L_IG,NCF official release 150_20_hist.npy (150 ADE20K classes x 20 palettes),,"{""global_scene"": 1.0}",True,population,CIELab_D65_L_0_100_ab_signed,ATR:11|2,0,0,True,True,0,20,ade107_canopy_06,0.04511101171374321,0.0,0.0,0.0256907157599926,31.029502868652344,0.0001,161.07205064873597,0,True,0.0001,6.246981369867571,0,True
50,10,15,0.2,0.013333333333333334,0.6,0.0001,0,17001,27001,37001,8,200,1000,1,ncf_full,3f1af891264523591d3a4ef1df6878cb41b2ed518e7e2cf0e492161b72013888,True,L_IG,NCF official release 150_20_hist.npy (150 ADE20K classes x 20 palettes),,"{""global_scene"": 1.0}",True,population,CIELab_D65_L_0_100_ab_signed,ATR:11|2,0,0,True,True,0,21,ade006_ceiling_19,0.04203958809375763,0.0,0.0,0.27411144971847534,36.48836898803711,0.0001,161.07205064873597,0,True,0.0001,94.61535263114526,0,True
50,10,15,0.2,0.013333333333333334,0.6,0.0001,0,17001,27001,37001,8,200,1000,1,ncf_full,3f1af891264523591d3a4ef1df6878cb41b2ed518e7e2cf0e492161b72013888,True,L_IG,NCF official release 150_20_hist.npy (150 ADE20K classes x 20 palettes),,"{""global_scene"": 1.0}",True,population,CIELab_D65_L_0_100_ab_signed,ATR:11|2,0,0,True,True,0,22,ade070_bench_11,0.07311584800481796,0.0,0.0,0.0293986015021801,11.306753158569336,0.0001,161.07205064873597,0,True,0.0001,13.258232847549992,0,True
50,10,15,0.2,0.013333333333333334,0.6,0.0001,0,17001,27001,37001,8,200,1000,1,ncf_full,3f1af891264523591d3a4ef1df6878cb41b2ed518e7e2cf0e492161b72013888,True,L_IG,NCF official release 150_20_hist.npy (150 ADE20K classes x 20 palettes),,"{""global_scene"": 1.0}",True,population,CIELab_D65_L_0_100_ab_signed,ATR:11|2,0,0,True,True,0,23,ade013_person_14,0.05108539015054703,0.0,0.0,0.06279246509075165,23.231651306152344,0.0001,161.07205064873597,0,True,0.0001,22.06389976374494,0,True
50,10,15,0.2,0.013333333333333334,0.6,0.0001,0,17001,27001,37001,8,200,1000,1,ncf_full,3f1af891264523591d3a4ef1df6878cb41b2ed518e7e2cf0e492161b72013888,True,L_IG,NCF official release 150_20_hist.npy (150 ADE20K classes x 20 palettes),,"{""global_scene"": 1.0}",True,population,CIELab_D65_L_0_100_ab_signed,ATR:11|2,0,0,True,True,0,24,ade042_box_04,0.058369606733322144,0.0,0.0,0.052959442138671875,14.563793182373047,0.0001,161.07205064873597,0,True,0.0001,107.1022075938156,0,True
50,10,15,0.2,0.013333333333333334,0.6,0.0001,0,17001,27001,37001,8,200,1000,1,ncf_full,3f1af891264523591d3a4ef1df6878cb41b2ed518e7e2cf0e492161b72013888,True,L_IG,NCF official release 150_20_hist.npy (150 ADE20K classes x 20 palettes),,"{""global_scene"": 1.0}",True,population,CIELab_D65_L_0_100_ab_signed,ATR:11|2,0,0,True,True,0,25,ade093_apparel_01,0.05201585218310356,0.0,0.0,0.19855117797851562,20.13779067993164,0.0001,161.07205064873597,0,True,0.0001,12.05742349660714,0,True
50,10,15,0.2,0.013333333333333334,0.6,0.0001,0,17001,27001,37001,8,200,1000,1,ncf_full,3f1af891264523591d3a4ef1df6878cb41b2ed518e7e2cf0e492161b72013888,True,L_IG,NCF official release 150_20_hist.npy (150 ADE20K classes x 20 palettes),,"{""global_scene"": 1.0}",True,population,CIELab_D65_L_0_100_ab_signed,ATR:11|2,0,0,True,True,0,26,ade114_waterfall_09,0.05473075062036514,0.0,0.0,0.1666056364774704,18.575721740722656,0.0001,161.07205064873597,0,True,0.0001,3.3836090709859064,0,True
50,10,15,0.2,0.013333333333333334,0.6,0.0001,0,17001,27001,37001,8,200,1000,1,ncf_full,3f1af891264523591d3a4ef1df6878cb41b2ed518e7e2cf0e492161b72013888,True,L_IG,NCF official release 150_20_hist.npy (150 ADE20K classes x 20 palettes),,"{""global_scene"": 1.0}",True,population,CIELab_D65_L_0_100_ab_signed,ATR:11|2,0,0,True,True,0,27,ade149_clock_09,0.06630191951990128,0.0,0.0,0.0030873618088662624,14.658722877502441,0.0001,161.07205064873597,0,True,0.0001,14.87485734390207,0,True
50,10,15,0.2,0.013333333333333334,0.6,0.0001,0,17001,27001,37001,8,200,1000,1,ncf_full,3f1af891264523591d3a4ef1df6878cb41b2ed518e7e2cf0e492161b72013888,True,L_IG,NCF official release 150_20_hist.npy (150 ADE20K classes x 20 palettes),,"{""global_scene"": 1.0}",True,population,CIELab_D65_L_0_100_ab_signed,ATR:11|2,0,0,True,True,0,28,ade028_mirror_09,0.06572943180799484,0.0,0.0,0.0029996237717568874,11.908821105957031,0.0001,161.07205064873597,0,True,0.0001,9.682050033091585,0,True
50,10,15,0.2,0.013333333333333334,0.6,0.0001,0,17001,27001,37001,8,200,1000,1,ncf_full,3f1af891264523591d3a4ef1df6878cb41b2ed518e7e2cf0e492161b72013888,True,L_IG,NCF official release 150_20_hist.npy (150 ADE20K classes x 20 palettes),,"{""global_scene"": 1.0}",True,population,CIELab_D65_L_0_100_ab_signed,ATR:11|2,0,0,True,True,0,29,ade025_shelf_00,0.06280353665351868,0.0,0.0,0.06339772790670395,22.391796112060547,0.0001,161.07205064873597,0,True,0.0001,86.98826864924912,0,True
50,10,15,0.2,0.013333333333333334,0.6,0.0001,0,17001,27001,37001,8,200,1000,1,ncf_full,3f1af891264523591d3a4ef1df6878cb41b2ed518e7e2cf0e492161b72013888,True,L_IG,NCF official release 150_20_hist.npy (150 ADE20K classes x 20 palettes),,"{""global_scene"": 1.0}",True,population,CIELab_D65_L_0_100_ab_signed,ATR:11|2,0,0,True,True,0,30,ade025_shelf_01,0.05854769051074982,0.0,0.0,0.0005734761944040656,25.132339477539062,0.0001,161.07205064873597,0,True,0.0001,5.974564938203414,0,True
50,10,15,0.2,0.013333333333333334,0.6,0.0001,0,17001,27001,37001,8,200,1000,1,ncf_full,3f1af891264523591d3a4ef1df6878cb41b2ed518e7e2cf0e492161b72013888,True,L_IG,NCF official release 150_20_hist.npy (150 ADE20K classes x 20 palettes),,"{""global_scene"": 1.0}",True,population,CIELab_D65_L_0_100_ab_signed,ATR:11|2,0,0,True,True,0,31,ade001_wall_12,0.042132418602705,0.0,0.0,0.19678878784179688,22.802249908447266,0.0001,161.07205064873597,0,True,0.0001,5.724085759209049,0,True
50,10,15,0.2,0.013333333333333334,0.6,0.0001,0,17001,27001,37001,8,200,1000,1,ncf_full,3f1af891264523591d3a4ef1df6878cb41b2ed518e7e2cf0e492161b72013888,True,L_IG,NCF official release 150_20_hist.npy (150 ADE20K classes x 20 palettes),,"{""global_scene"": 1.0}",True,population,CIELab_D65_L_0_100_ab_signed,ATR:11|2,0,0,True,True,0,32,ade119_oven_03,0.06373829394578934,0.0,0.0,0.0070851645432412624,16.603561401367188,0.0001,161.07205064873597,0,True,0.0001,8.09003286624867,0,True
50,10,15,0.2,0.013333333333333334,0.6,0.0001,0,17001,27001,37001,8,200,1000,1,ncf_full,3f1af891264523591d3a4ef1df6878cb41b2ed518e7e2cf0e492161b72013888,True,L_IG,NCF official release 150_20_hist.npy (150 ADE20K classes x 20 palettes),,"{""global_scene"": 1.0}",True,population,CIELab_D65_L_0_100_ab_signed,ATR:11|2,0,0,True,True,0,33,ade019_curtain_00,0.046907614916563034,0.0,0.0,0.0,14.14461898803711,0.0001,161.07205064873597,0,True,0.0001,3.533939964727576,0,True
50,10,15,0.2,0.013333333333333334,0.6,0.0001,0,17001,27001,37001,8,200,1000,1,ncf_full,3f1af891264523591d3a4ef1df6878cb41b2ed518e7e2cf0e492161b72013888,True,L_IG,NCF official release 150_20_hist.npy (150 ADE20K classes x 20 palettes),,"{""global_scene"": 1.0}",True,population,CIELab_D65_L_0_100_ab_signed,ATR:11|2,0,0,True,True,0,34,ade150_flag_15,0.05650494620203972,0.0,0.0,0.0,18.270904541015625,0.0001,161.07205064873597,0,True,0.0001,11.777298431399316,0,True
50,10,15,0.2,0.013333333333333334,0.6,0.0001,0,17001,27001,37001,8,200,1000,1,ncf_full,3f1af891264523591d3a4ef1df6878cb41b2ed518e7e2cf0e492161b72013888,True,L_IG,NCF official release 150_20_hist.npy (150 ADE20K classes x 20 palettes),,"{""global_scene"": 1.0}",True,population,CIELab_D65_L_0_100_ab_signed,ATR:11|2,0,0,True,True,0,35,ade105_fountain_05,0.06287147104740143,0.0,0.0,0.12306594848632812,9.987770080566406,0.0001,161.07205064873597,0,True,0.0001,6.49668371119862,0,True
50,10,15,0.2,0.013333333333333334,0.6,0.0001,0,17001,27001,37001,8,200,1000,1,ncf_full,3f1af891264523591d3a4ef1df6878cb41b2ed518e7e2cf0e492161b72013888,True,L_IG,NCF official release 150_20_hist.npy (150 ADE20K classes x 20 palettes),,"{""global_scene"": 1.0}",True,population,CIELab_D65_L_0_100_ab_signed,ATR:11|2,0,0,True,True,0,36,ade092_dirt_02,0.06064045801758766,0.0,0.0,0.011254629120230675,19.831422805786133,0.0001,161.07205064873597,0,True,0.0001,18.330888630982646,0,True
50,10,15,0.2,0.013333333333333334,0.6,0.0001,0,17001,27001,37001,8,200,1000,1,ncf_full,3f1af891264523591d3a4ef1df6878cb41b2ed518e7e2cf0e492161b72013888,True,L_IG,NCF official release 150_20_hist.npy (150 ADE20K classes x 20 palettes),,"{""global_scene"": 1.0}",True,population,CIELab_D65_L_0_100_ab_signed,ATR:11|2,0,0,True,True,0,37,ade150_flag_19,0.054469697177410126,0.0,0.0,0.0,18.05723762512207,0.0001,161.07205064873597,0,True,0.0001,2.045206625856012,0,True
50,10,15,0.2,0.013333333333333334,0.6,0.0001,0,17001,27001,37001,8,200,1000,1,ncf_full,3f1af891264523591d3a4ef1df6878cb41b2ed518e7e2cf0e492161b72013888,True,L_IG,NCF official release 150_20_hist.npy (150 ADE20K classes x 20 palettes),,"{""global_scene"": 1.0}",True,population,CIELab_D65_L_0_100_ab_signed,ATR:11|2,0,0,True,True,0,38,ade136_vase_11,0.049918562173843384,0.0,0.0,0.018543243408203125,25.968494415283203,0.0001,161.07205064873597,0,True,0.0001,10.307390659241058,0,True
50,10,15,0.2,0.013333333333333334,0.6,0.0001,0,17001,27001,37001,8,200,1000,1,ncf_full,3f1af891264523591d3a4ef1df6878cb41b2ed518e7e2cf0e492161b72013888,True,L_IG,NCF official release 150_20_hist.npy (150 ADE20K classes x 20 palettes),,"{""global_scene"": 1.0}",True,population,CIELab_D65_L_0_100_ab_signed,ATR:11|2,0,0,True,True,0,39,ade065_coffee_08,0.0498705692589283,0.0,0.0,0.0,16.934743881225586,0.0001,161.07205064873597,0,True,0.0001,3.905134058793251,0,True
50,10,15,0.2,0.013333333333333334,0.6,0.0001,0,17001,27001,37001,8,200,1000,1,ncf_full,3f1af891264523591d3a4ef1df6878cb41b2ed518e7e2cf0e492161b72013888,True,L_IG,NCF official release 150_20_hist.npy (150 ADE20K classes x 20 palettes),,"{""global_scene"": 1.0}",True,population,CIELab_D65_L_0_100_ab_signed,ATR:11|2,0,0,True,True,0,40,ade089_booth_18,0.060096509754657745,0.0,0.0,0.09937159717082977,21.472959518432617,0.0001,161.07205064873597,0,True,0.0001,30.98754889950218,0,True
50,10,15,0.2,0.013333333333333334,0.6,0.0001,0,17001,27001,37001,8,200,1000,1,ncf_full,3f1af891264523591d3a4ef1df6878cb41b2ed518e7e2cf0e492161b72013888,True,L_IG,NCF official release 150_20_hist.npy (150 ADE20K classes x 20 palettes),,"{""global_scene"": 1.0}",True,population,CIELab_D65_L_0_100_ab_signed,ATR:11|2,0,0,True,True,0,41,ade103_van_03,0.06572967767715454,0.0,0.0,0.020244598388671875,16.528644561767578,0.0001,161.07205064873597,0,True,0.0001,7.829353597388905,0,True
50,10,15,0.2,0.013333333333333334,0.6,0.0001,0,17001,27001,37001,8,200,1000,1,ncf_full,3f1af891264523591d3a4ef1df6878cb41b2ed518e7e2cf0e492161b72013888,True,L_IG,NCF official release 150_20_hist.npy (150 ADE20K classes x 20 palettes),,"{""global_scene"": 1.0}",True,population,CIELab_D65_L_0_100_ab_signed,ATR:11|2,0,0,True,True,0,42,ade145_bulletin_16,0.05273763835430145,0.0,0.0,0.19353485107421875,26.07720947265625,0.0001,161.07205064873597,0,True,0.0001,68.96055947376736,0,True
50,10,15,0.2,0.013333333333333334,0.6,0.0001,0,17001,27001,37001,8,200,1000,1,ncf_full,3f1af891264523591d3a4ef1df6878cb41b2ed518e7e2cf0e492161b72013888,True,L_IG,NCF official release 150_20_hist.npy (150 ADE20K classes x 20 palettes),,"{""global_scene"": 1.0}",True,population,CIELab_D65_L_0_100_ab_signed,ATR:11|2,0,0,True,True,0,43,ade075_computer_09,0.06348294019699097,0.0,0.0,0.0529429130256176,19.81237030029297,0.0001,161.07205064873597,0,True,0.0001,14.388546776091717,0,True
50,10,15,0.2,0.013333333333333334,0.6,0.0001,0,17001,27001,37001,8,200,1000,1,ncf_full,3f1af891264523591d3a4ef1df6878cb41b2ed518e7e2cf0e492161b72013888,True,L_IG,NCF official release 150_20_hist.npy (150 ADE20K classes x 20 palettes),,"{""global_scene"": 1.0}",True,population,CIELab_D65_L_0_100_ab_signed,ATR:11|2,0,0,True,True,0,44,ade089_booth_11,0.0594702884554863,0.0,0.0,0.10208384692668915,27.22786521911621,0.0001,161.07205064873597,0,True,0.0001,24.806892178173694,0,True
50,10,15,0.2,0.013333333333333334,0.6,0.0001,0,17001,27001,37001,8,200,1000,1,ncf_full,3f1af891264523591d3a4ef1df6878cb41b2ed518e7e2cf0e492161b72013888,True,L_IG,NCF official release 150_20_hist.npy (150 ADE20K classes x 20 palettes),,"{""global_scene"": 1.0}",True,population,CIELab_D65_L_0_100_ab_signed,ATR:11|2,0,0,True,True,0,45,ade088_streetlight_17,0.05194320157170296,0.0,0.0,0.0391998291015625,29.963350296020508,0.0001,161.07205064873597,0,True,0.0001,1.3763740503422468,0,True
50,10,15,0.2,0.013333333333333334,0.6,0.0001,0,17001,27001,37001,8,200,1000,1,ncf_full,3f1af891264523591d3a4ef1df6878cb41b2ed518e7e2cf0e492161b72013888,True,L_IG,NCF official release 150_20_hist.npy (150 ADE20K classes x 20 palettes),,"{""global_scene"": 1.0}",True,population,CIELab_D65_L_0_100_ab_signed,ATR:11|2,0,0,True,True,0,46,ade015_door_03,0.058289963752031326,0.0,0.0,0.06406275928020477,25.727619171142578,0.0001,161.07205064873597,0,True,0.0001,25.35993065948211,0,True
50,10,15,0.2,0.013333333333333334,0.6,0.0001,0,17001,27001,37001,8,200,1000,1,ncf_full,3f1af891264523591d3a4ef1df6878cb41b2ed518e7e2cf0e492161b72013888,True,L_IG,NCF official release 150_20_hist.npy (150 ADE20K classes x 20 palettes),,"{""global_scene"": 1.0}",True,population,CIELab_D65_L_0_100_ab_signed,ATR:11|2,0,0,True,True,0,47,ade120_ball_15,0.038127798587083817,0.0,0.0,0.10946273803710938,16.892074584960938,0.0001,161.07205064873597,0,True,0.0001,67.32583266138317,0,True
50,10,15,0.2,0.013333333333333334,0.6,0.0001,0,17001,27001,37001,8,200,1000,1,ncf_full,3f1af891264523591d3a4ef1df6878cb41b2ed518e7e2cf0e492161b72013888,True,L_IG,NCF official release 150_20_hist.npy (150 ADE20K classes x 20 palettes),,"{""global_scene"": 1.0}",True,population,CIELab_D65_L_0_100_ab_signed,ATR:11|2,0,0,True,True,0,48,ade040_cushion_02,0.04214131087064743,0.0,0.0,0.0045522055588662624,37.854583740234375,0.0001,161.07205064873597,0,True,0.0001,3.9261488559907587,0,True
50,10,15,0.2,0.013333333333333334,0.6,0.0001,0,17001,27001,37001,8,200,1000,1,ncf_full,3f1af891264523591d3a4ef1df6878cb41b2ed518e7e2cf0e492161b72013888,True,L_IG,NCF official release 150_20_hist.npy (150 ADE20K classes x 20 palettes),,"{""global_scene"": 1.0}",True,population,CIELab_D65_L_0_100_ab_signed,ATR:11|2,0,0,True,True,0,49,ade134_hood_11,0.05489753931760788,0.0,0.0,0.01558685302734375,27.79238510131836,0.0001,161.07205064873597,0,True,0.0001,10.425385502772642,0,True
50,10,15,0.2,0.013333333333333334,0.6,0.0001,0,17001,27001,37001,8,200,1000,1,ncf_full,3f1af891264523591d3a4ef1df6878cb41b2ed518e7e2cf0e492161b72013888,True,L_IG,NCF official release 150_20_hist.npy (150 ADE20K classes x 20 palettes),,"{""global_scene"": 1.0}",True,population,CIELab_D65_L_0_100_ab_signed,ATR:11|2,0,0,True,True,1,0,ade143_plate_05,0.06318337470293045,0.0,0.0,0.0034395854454487562,17.715824127197266,0.0001,161.07205064873597,0,True,0.0001,30.748436534465267,0,True
50,10,15,0.2,0.013333333333333334,0.6,0.0001,0,17001,27001,37001,8,200,1000,1,ncf_full,3f1af891264523591d3a4ef1df6878cb41b2ed518e7e2cf0e492161b72013888,True,L_IG,NCF official release 150_20_hist.npy (150 ADE20K classes x 20 palettes),,"{""global_scene"": 1.0}",True,population,CIELab_D65_L_0_100_ab_signed,ATR:11|2,0,0,True,True,1,1,ade057_pool_19,0.05085202679038048,0.0,0.0,0.12744140625,30.77410125732422,0.0001,161.07205064873597,0,True,0.0001,13.527042970666106,0,True
50,10,15,0.2,0.013333333333333334,0.6,0.0001,0,17001,27001,37001,8,200,1000,1,ncf_full,3f1af891264523591d3a4ef1df6878cb41b2ed518e7e2cf0e492161b72013888,True,L_IG,NCF official release 150_20_hist.npy (150 ADE20K classes x 20 palettes),,"{""global_scene"": 1.0}",True,population,CIELab_D65_L_0_100_ab_signed,ATR:11|2,0,0,True,True,1,2,ade107_canopy_04,0.07149195671081543,0.0,0.0,0.08670934289693832,13.980253219604492,0.0001,161.07205064873597,0,True,0.0001,52.75638121900132,0,True
50,10,15,0.2,0.013333333333333334,0.6,0.0001,0,17001,27001,37001,8,200,1000,1,ncf_full,3f1af891264523591d3a4ef1df6878cb41b2ed518e7e2cf0e492161b72013888,True,L_IG,NCF official release 150_20_hist.npy (150 ADE20K classes x 20 palettes),,"{""global_scene"": 1.0}",True,population,CIELab_D65_L_0_100_ab_signed,ATR:11|2,0,0,True,True,1,3,ade019_curtain_08,0.05852343887090683,0.0,0.0,0.05002593994140625,21.234519958496094,0.0001,161.07205064873597,0,True,0.0001,19.977116653870965,0,True
50,10,15,0.2,0.013333333333333334,0.6,0.0001,0,17001,27001,37001,8,200,1000,1,ncf_full,3f1af891264523591d3a4ef1df6878cb41b2ed518e7e2cf0e492161b72013888,True,L_IG,NCF official release 150_20_hist.npy (150 ADE20K classes x 20 palettes),,"{""global_scene"": 1.0}",True,population,CIELab_D65_L_0_100_ab_signed,ATR:11|2,0,0,True,True,1,4,ade114_waterfall_03,0.06652511656284332,0.0,0.0,0.00787862204015255,14.56579875946045,0.0001,161.07205064873597,0,True,0.0001,3.332523022575365,0,True
50,10,15,0.2,0.013333333333333334,0.6,0.0001,0,17001,27001,37001,8,200,1000,1,ncf_full,3f1af891264523591d3a4ef1df6878cb41b2ed518e7e2cf0e492161b72013888,True,L_IG,NCF official release 150_20_hist.npy (150 ADE20K classes x 20 palettes),,"{""global_scene"": 1.0}",True,population,CIELab_D65_L_0_100_ab_signed,ATR:11|2,0,0,True,True,1,5,ade016_table_13,0.03894371911883354,0.0,0.0,0.3644498288631439,32.09266662597656,0.0001,161.07205064873597,0,True,0.0001,2.725760271716573,0,True
50,10,15,0.2,0.013333333333333334,0.6,0.0001,0,17001,27001,37001,8,200,1000,1,ncf_full,3f1af891264523591d3a4ef1df6878cb41b2ed518e7e2cf0e492161b72013888,True,L_IG,NCF official release 150_20_hist.npy (150 ADE20K classes x 20 palettes),,"{""global_scene"": 1.0}",True,population,CIELab_D65_L_0_100_ab_signed,ATR:11|2,0,0,True,True,1,6,ade025_shelf_11,0.04593515023589134,0.0,0.0,0.20695368945598602,35.054290771484375,0.0001,161.07205064873597,0,True,0.0001,5.255950257011836,0,True
50,10,15,0.2,0.013333333333333334,0.6,0.0001,0,17001,27001,37001,8,200,1000,1,ncf_full,3f1af891264523591d3a4ef1df6878cb41b2ed518e7e2cf0e492161b72013888,True,L_IG,NCF official release 150_20_hist.npy (150 ADE20K classes x 20 palettes),,"{""global_scene"": 1.0}",True,population,CIELab_D65_L_0_100_ab_signed,ATR:11|2,0,0,True,True,1,7,ade018_plant_01,0.06208069995045662,0.0,0.0,0.004276275634765625,15.477763175964355,0.0001,161.07205064873597,0,True,0.0001,37.83380427052468,0,True
50,10,15,0.2,0.013333333333333334,0.6,0.0001,0,17001,27001,37001,8,200,1000,1,ncf_full,3f1af891264523591d3a4ef1df6878cb41b2ed518e7e2cf0e492161b72013888,True,L_IG,NCF official release 150_20_hist.npy (150 ADE20K classes x 20 palettes),,"{""global_scene"": 1.0}",True,population,CIELab_D65_L_0_100_ab_signed,ATR:11|2,0,0,True,True,1,8,ade138_tray_19,0.03901227191090584,0.0,0.0,0.3419138789176941,23.70634651184082,0.0001,161.07205064873597,0,True,0.0001,1.422488664476321,0,True
50,10,15,0.2,0.013333333333333334,0.6,0.0001,0,17001,27001,37001,8,200,1000,1,ncf_full,3f1af891264523591d3a4ef1df6878cb41b2ed518e7e2cf0e492161b72013888,True,L_IG,NCF official release 150_20_hist.npy (150 ADE20K classes x 20 palettes),,"{""global_scene"": 1.0}",True,population,CIELab_D65_L_0_100_ab_signed,ATR:11|2,0,0,True,True,1,9,ade022_water_12,0.05986422300338745,0.0,0.0,0.08312352746725082,19.320100784301758,0.0001,161.07205064873597,0,True,0.0001,41.65086800123483,0,True
50,10,15,0.2,0.013333333333333334,0.6,0.0001,0,17001,27001,37001,8,200,1000,1,ncf_full,3f1af891264523591d3a4ef1df6878cb41b2ed518e7e2cf0e492161b72013888,True,L_IG,NCF official release 150_20_hist.npy (150 ADE20K classes x 20 palettes),,"{""global_scene"": 1.0}",True,population,CIELab_D65_L_0_100_ab_signed,ATR:11|2,0,0,True,True,1,10,ade013_person_08,0.06159300357103348,0.0,0.0,0.0059674582444131374,18.056655883789062,0.0001,161.07205064873597,0,True,0.0001,29.171647557805226,0,True
50,10,15,0.2,0.013333333333333334,0.6,0.0001,0,17001,27001,37001,8,200,1000,1,ncf_full,3f1af891264523591d3a4ef1df6878cb41b2ed518e7e2cf0e492161b72013888,True,L_IG,NCF official release 150_20_hist.npy (150 ADE20K classes x 20 palettes),,"{""global_scene"": 1.0}",True,population,CIELab_D65_L_0_100_ab_signed,ATR:11|2,0,0,True,True,1,11,ade013_person_09,0.0699286013841629,0.0,0.0,0.08971405029296875,15.19361400604248,0.0001,161.07205064873597,0,True,0.0001,88.91984049870607,0,True
50,10,15,0.2,0.013333333333333334,0.6,0.0001,0,17001,27001,37001,8,200,1000,1,ncf_full,3f1af891264523591d3a4ef1df6878cb41b2ed518e7e2cf0e492161b72013888,True,L_IG,NCF official release 150_20_hist.npy (150 ADE20K classes x 20 palettes),,"{""global_scene"": 1.0}",True,population,CIELab_D65_L_0_100_ab_signed,ATR:11|2,0,0,True,True,1,12,ade076_swivel_16,0.0528397373855114,0.0,0.0,0.021963756531476974,29.96080780029297,0.0001,161.07205064873597,0,True,0.0001,10.220637099733352,0,True
50,10,15,0.2,0.013333333333333334,0.6,0.0001,0,17001,27001,37001,8,200,1000,1,ncf_full,3f1af891264523591d3a4ef1df6878cb41b2ed518e7e2cf0e492161b72013888,True,L_IG,NCF official release 150_20_hist.npy (150 ADE20K classes x 20 palettes),,"{""global_scene"": 1.0}",True,population,CIELab_D65_L_0_100_ab_signed,ATR:11|2,0,0,True,True,1,13,ade098_ottoman_03,0.06444993615150452,0.0,0.0,0.06464513391256332,18.282352447509766,0.0001,161.07205064873597,0,True,0.0001,25.607054162116423,0,True
50,10,15,0.2,0.013333333333333334,0.6,0.0001,0,17001,27001,37001,8,200,1000,1,ncf_full,3f1af891264523591d3a4ef1df6878cb41b2ed518e7e2cf0e492161b72013888,True,L_IG,NCF official release 150_20_hist.npy (150 ADE20K classes x 20 palettes),,"{""global_scene"": 1.0}",True,population,CIELab_D65_L_0_100_ab_signed,ATR:11|2,0,0,True,True,1,14,ade001_wall_13,0.040032144635915756,0.0,0.0,0.0886179655790329,28.1294002532959,0.0001,161.07205064873597,0,True,0.0001,6.828057799739696,0,True
50,10,15,0.2,0.013333333333333334,0.6,0.0001,0,17001,27001,37001,8,200,1000,1,ncf_full,3f1af891264523591d3a4ef1df6878cb41b2ed518e7e2cf0e492161b72013888,True,L_IG,NCF official release 150_20_hist.npy (150 ADE20K classes x 20 palettes),,"{""global_scene"": 1.0}",True,population,CIELab_D65_L_0_100_ab_signed,ATR:11|2,0,0,True,True,1,15,ade118_cradle_00,0.06286236643791199,0.0,0.0,0.0009854634990915656,12.591819763183594,0.0001,161.07205064873597,0,True,0.0001,5.152720684782831,0,True
50,10,15,0.2,0.013333333333333334,0.6,0.0001,0,17001,27001,37001,8,200,1000,1,ncf_full,3f1af891264523591d3a4ef1df6878cb41b2ed518e7e2cf0e492161b72013888,True,L_IG,NCF official release 150_20_hist.npy (150 ADE20K classes x 20 palettes),,"{""global_scene"": 1.0}",True,population,CIELab_D65_L_0_100_ab_signed,ATR:11|2,0,0,True,True,1,16,ade066_toilet_02,0.0625804141163826,0.0,0.0,0.07757186889648438,11.641254425048828,0.0001,161.07205064873597,0,True,0.0001,3.5038896151031405,0,True
50,10,15,0.2,0.013333333333333334,0.6,0.0001,0,17001,27001,37001,8,200,1000,1,ncf_full,3f1af891264523591d3a4ef1df6878cb41b2ed518e7e2cf0e492161b72013888,True,L_IG,NCF official release 150_20_hist.npy (150 ADE20K classes x 20 palettes),,"{""global_scene"": 1.0}",True,population,CIELab_D65_L_0_100_ab_signed,ATR:11|2,0,0,True,True,1,17,ade137_traffic_01,0.05948977172374725,0.0,0.0,9.028117347043008e-05,15.177751541137695,0.0001,161.07205064873597,0,True,0.0001,44.40603016365764,0,True
50,10,15,0.2,0.013333333333333334,0.6,0.0001,0,17001,27001,37001,8,200,1000,1,ncf_full,3f1af891264523591d3a4ef1df6878cb41b2ed518e7e2cf0e492161b72013888,True,L_IG,NCF official release 150_20_hist.npy (150 ADE20K classes x 20 palettes),,"{""global_scene"": 1.0}",True,population,CIELab_D65_L_0_100_ab_signed,ATR:11|2,0,0,True,True,1,18,ade013_person_02,0.039031051099300385,0.0,0.0,0.31062445044517517,33.983551025390625,0.0001,161.07205064873597,0,True,0.0001,75.19780954917447,0,True
50,10,15,0.2,0.013333333333333334,0.6,0.0001,0,17001,27001,37001,8,200,1000,1,ncf_full,3f1af891264523591d3a4ef1df6878cb41b2ed518e7e2cf0e492161b72013888,True,L_IG,NCF official release 150_20_hist.npy (150 ADE20K classes x 20 palettes),,"{""global_scene"": 1.0}",True,population,CIELab_D65_L_0_100_ab_signed,ATR:11|2,0,0,True,True,1,19,ade136_vase_16,0.05268154293298721,0.0,0.0,0.12156550586223602,32.93458557128906,0.0001,161.07205064873597,0,True,0.0001,114.40449033168312,0,True
50,10,15,0.2,0.013333333333333334,0.6,0.0001,0,17001,27001,37001,8,200,1000,1,ncf_full,3f1af891264523591d3a4ef1df6878cb41b2ed518e7e2cf0e492161b72013888,True,L_IG,NCF official release 150_20_hist.npy (150 ADE20K classes x 20 palettes),,"{""global_scene"": 1.0}",True,population,CIELab_D65_L_0_100_ab_signed,ATR:11|2,0,0,True,True,1,20,ade038_bathtub_10,0.06706748902797699,0.0,0.0,0.11556752771139145,12.634121894836426,0.0001,161.07205064873597,0,True,0.0001,20.47751637550744,0,True
50,10,15,0.2,0.013333333333333334,0.6,0.0001,0,17001,27001,37001,8,200,1000,1,ncf_full,3f1af891264523591d3a4ef1df6878cb41b2ed518e7e2cf0e492161b72013888,True,L_IG,NCF official release 150_20_hist.npy (150 ADE20K classes x 20 palettes),,"{""global_scene"": 1.0}",True,population,CIELab_D65_L_0_100_ab_signed,ATR:11|2,0,0,True,True,1,21,ade125_microwave_13,0.06612075865268707,0.0,0.0,0.0,12.102736473083496,0.0001,161.07205064873597,0,True,0.0001,5.052515758729021,0,True
50,10,15,0.2,0.013333333333333334,0.6,0.0001,0,17001,27001,37001,8,200,1000,1,ncf_full,3f1af891264523591d3a4ef1df6878cb41b2ed518e7e2cf0e492161b72013888,True,L_IG,NCF official release 150_20_hist.npy (150 ADE20K classes x 20 palettes),,"{""global_scene"": 1.0}",True,population,CIELab_D65_L_0_100_ab_signed,ATR:11|2,0,0,True,True,1,22,ade068_book_06,0.04287337884306908,0.0,0.0,0.1050364226102829,33.03392791748047,0.0001,161.07205064873597,0,True,0.0001,6.253039311717639,0,True
50,10,15,0.2,0.013333333333333334,0.6,0.0001,0,17001,27001,37001,8,200,1000,1,ncf_full,3f1af891264523591d3a4ef1df6878cb41b2ed518e7e2cf0e492161b72013888,True,L_IG,NCF official release 150_20_hist.npy (150 ADE20K classes x 20 palettes),,"{""global_scene"": 1.0}",True,population,CIELab_D65_L_0_100_ab_signed,ATR:11|2,0,0,True,True,1,23,ade061_river_04,0.044325489550828934,0.0,0.0,0.0,26.088706970214844,0.0001,161.07205064873597,0,True,0.0001,11.3054130945078,0,True
50,10,15,0.2,0.013333333333333334,0.6,0.0001,0,17001,27001,37001,8,200,1000,1,ncf_full,3f1af891264523591d3a4ef1df6878cb41b2ed518e7e2cf0e492161b72013888,True,L_IG,NCF official release 150_20_hist.npy (150 ADE20K classes x 20 palettes),,"{""global_scene"": 1.0}",True,population,CIELab_D65_L_0_100_ab_signed,ATR:11|2,0,0,True,True,1,24,ade037_lamp_03,0.06288008391857147,0.0,0.0,0.006687164306640625,17.979711532592773,0.0001,161.07205064873597,0,True,0.0001,12.237669794753693,0,True
50,10,15,0.2,0.013333333333333334,0.6,0.0001,0,17001,27001,37001,8,200,1000,1,ncf_full,3f1af891264523591d3a4ef1df6878cb41b2ed518e7e2cf0e492161b72013888,True,L_IG,NCF official release 150_20_hist.npy (150 ADE20K classes x 20 palettes),,"{""global_scene"": 1.0}",True,population,CIELab_D65_L_0_100_ab_signed,ATR:11|2,0,0,True,True,1,25,ade134_hood_16,0.061616018414497375,0.0,0.0,0.0,14.282636642456055,0.0001,161.07205064873597,0,True,0.0001,8.282150626860016,0,True
50,10,15,0.2,0.013333333333333334,0.6,0.0001,0,17001,27001,37001,8,200,1000,1,ncf_full,3f1af891264523591d3a4ef1df6878cb41b2ed518e7e2cf0e492161b72013888,True,L_IG,NCF official release 150_20_hist.npy (150 ADE20K classes x 20 palettes),,"{""global_scene"": 1.0}",True,population,CIELab_D65_L_0_100_ab_signed,ATR:11|2,0,0,True,True,1,26,ade134_hood_14,0.05534382537007332,0.0,0.0,0.12686412036418915,27.942516326904297,0.0001,161.07205064873597,0,True,0.0001,19.001865678899424,0,True
50,10,15,0.2,0.013333333333333334,0.6,0.0001,0,17001,27001,37001,8,200,1000,1,ncf_full,3f1af891264523591d3a4ef1df6878cb41b2ed518e7e2cf0e492161b72013888,True,L_IG,NCF official release 150_20_hist.npy (150 ADE20K classes x 20 palettes),,"{""global_scene"": 1.0}",True,population,CIELab_D65_L_0_100_ab_signed,ATR:11|2,0,0,True,True,1,27,ade083_light_12,0.055355411022901535,0.0,0.0,0.12121455371379852,22.038604736328125,0.0001,161.07205064873597,0,True,0.0001,16.39143083710878,0,True
50,10,15,0.2,0.013333333333333334,0.6,0.0001,0,17001,27001,37001,8,200,1000,1,ncf_full,3f1af891264523591d3a4ef1df6878cb41b2ed518e7e2cf0e492161b72013888,True,L_IG,NCF official release 150_20_hist.npy (150 ADE20K classes x 20 palettes),,"{""global_scene"": 1.0}",True,population,CIELab_D65_L_0_100_ab_signed,ATR:11|2,0,0,True,True,1,28,ade092_dirt_09,0.06538992375135422,0.0,0.0,0.0,11.37393856048584,0.0001,161.07205064873597,0,True,0.0001,2.795128104835152,0,True
50,10,15,0.2,0.013333333333333334,0.6,0.0001,0,17001,27001,37001,8,200,1000,1,ncf_full,3f1af891264523591d3a4ef1df6878cb41b2ed518e7e2cf0e492161b72013888,True,L_IG,NCF official release 150_20_hist.npy (150 ADE20K classes x 20 palettes),,"{""global_scene"": 1.0}",True,population,CIELab_D65_L_0_100_ab_signed,ATR:11|2,0,0,True,True,1,29,ade113_basket_14,0.06494376063346863,0.0,0.0,0.11028163135051727,12.876575469970703,0.0001,161.07205064873597,0,True,0.0001,19.13516529187266,0,True
50,10,15,0.2,0.013333333333333334,0.6,0.0001,0,17001,27001,37001,8,200,1000,1,ncf_full,3f1af891264523591d3a4ef1df6878cb41b2ed518e7e2cf0e492161b72013888,True,L_IG,NCF official release 150_20_hist.npy (150 ADE20K classes x 20 palettes),,"{""global_scene"": 1.0}",True,population,CIELab_D65_L_0_100_ab_signed,ATR:11|2,0,0,True,True,1,30,ade101_poster_18,0.04688569903373718,0.0,0.0,0.29602178931236267,23.297115325927734,0.0001,161.07205064873597,0,True,0.0001,2.8345859439070633,0,True
50,10,15,0.2,0.013333333333333334,0.6,0.0001,0,17001,27001,37001,8,200,1000,1,ncf_full,3f1af891264523591d3a4ef1df6878cb41b2ed518e7e2cf0e492161b72013888,True,L_IG,NCF official release 150_20_hist.npy (150 ADE20K classes x 20 palettes),,"{""global_scene"": 1.0}",True,population,CIELab_D65_L_0_100_ab_signed,ATR:11|2,0,0,True,True,1,31,ade150_flag_16,0.05165059491991997,0.0,0.0,0.13066355884075165,22.831859588623047,0.0001,161.07205064873597,0,True,0.0001,22.68836115747454,0,True
50,10,15,0.2,0.013333333333333334,0.6,0.0001,0,17001,27001,37001,8,200,1000,1,ncf_full,3f1af891264523591d3a4ef1df6878cb41b2ed518e7e2cf0e492161b72013888,True,L_IG,NCF official release 150_20_hist.npy (150 ADE20K classes x 20 palettes),,"{""global_scene"": 1.0}",True,population,CIELab_D65_L_0_100_ab_signed,ATR:11|2,0,0,True,True,1,32,ade125_microwave_07,0.05721712112426758,0.0,0.0,0.037034355103969574,21.251663208007812,0.0001,161.07205064873597,0,True,0.0001,16.427300912866013,0,True
50,10,15,0.2,0.013333333333333334,0.6,0.0001,0,17001,27001,37001,8,200,1000,1,ncf_full,3f1af891264523591d3a4ef1df6878cb41b2ed518e7e2cf0e492161b72013888,True,L_IG,NCF official release 150_20_hist.npy (150 ADE20K classes x 20 palettes),,"{""global_scene"": 1.0}",True,population,CIELab_D65_L_0_100_ab_signed,ATR:11|2,0,0,True,True,1,33,ade136_vase_03,0.03449664264917374,0.0,0.0,0.0,26.755725860595703,0.0001,161.07205064873597,0,True,0.0001,9.774982416130484,0,True
50,10,15,0.2,0.013333333333333334,0.6,0.0001,0,17001,27001,37001,8,200,1000,1,ncf_full,3f1af891264523591d3a4ef1df6878cb41b2ed518e7e2cf0e492161b72013888,True,L_IG,NCF official release 150_20_hist.npy (150 ADE20K classes x 20 palettes),,"{""global_scene"": 1.0}",True,population,CIELab_D65_L_0_100_ab_signed,ATR:11|2,0,0,True,True,1,34,ade077_boat_17,0.05847273766994476,0.0,0.0,0.11190541833639145,22.011804580688477,0.0001,161.07205064873597,0,True,0.0001,280.9102686569376,0,True
50,10,15,0.2,0.013333333333333334,0.6,0.0001,0,17001,27001,37001,8,200,1000,1,ncf_full,3f1af891264523591d3a4ef1df6878cb41b2ed518e7e2cf0e492161b72013888,True,L_IG,NCF official release 150_20_hist.npy (150 ADE20K classes x 20 palettes),,"{""global_scene"": 1.0}",True,population,CIELab_D65_L_0_100_ab_signed,ATR:11|2,0,0,True,True,1,35,ade014_earth_13,0.05508854240179062,0.0,0.0,0.2035624235868454,22.86311149597168,0.0001,161.07205064873597,0,True,0.0001,54.33462851178332,0,True
50,10,15,0.2,0.013333333333333334,0.6,0.0001,0,17001,27001,37001,8,200,1000,1,ncf_full,3f1af891264523591d3a4ef1df6878cb41b2ed518e7e2cf0e492161b72013888,True,L_IG,NCF official release 150_20_hist.npy (150 ADE20K classes x 20 palettes),,"{""global_scene"": 1.0}",True,population,CIELab_D65_L_0_100_ab_signed,ATR:11|2,0,0,True,True,1,36,ade116_bag_03,0.05803736299276352,0.0,0.0,0.01255035400390625,15.963068008422852,0.0001,161.07205064873597,0,True,0.0001,56.96848594797551,0,True
50,10,15,0.2,0.013333333333333334,0.6,0.0001,0,17001,27001,37001,8,200,1000,1,ncf_full,3f1af891264523591d3a4ef1df6878cb41b2ed518e7e2cf0e492161b72013888,True,L_IG,NCF official release 150_20_hist.npy (150 ADE20K classes x 20 palettes),,"{""global_scene"": 1.0}",True,population,CIELab_D65_L_0_100_ab_signed,ATR:11|2,0,0,True,True,1,37,ade109_plaything_06,0.0399293527007103,0.0,0.0,0.14594778418540955,39.62035369873047,0.0001,161.07205064873597,0,True,0.0001,6.2311243170799315,0,True
50,10,15,0.2,0.013333333333333334,0.6,0.0001,0,17001,27001,37001,8,200,1000,1,ncf_full,3f1af891264523591d3a4ef1df6878cb41b2ed518e7e2cf0e492161b72013888,True,L_IG,NCF official release 150_20_hist.npy (150 ADE20K classes x 20 palettes),,"{""global_scene"": 1.0}",True,population,CIELab_D65_L_0_100_ab_signed,ATR:11|2,0,0,True,True,1,38,ade020_chair_12,0.0661085993051529,0.0,0.0,0.0009104411001317203,11.400569915771484,0.0001,161.07205064873597,0,True,0.0001,7.981480927597985,0,True
50,10,15,0.2,0.013333333333333334,0.6,0.0001,0,17001,27001,37001,8,200,1000,1,ncf_full,3f1af891264523591d3a4ef1df6878cb41b2ed518e7e2cf0e492161b72013888,True,L_IG,NCF official release 150_20_hist.npy (150 ADE20K classes x 20 palettes),,"{""global_scene"": 1.0}",True,population,CIELab_D65_L_0_100_ab_signed,ATR:11|2,0,0,True,True,1,39,ade066_toilet_10,0.05758936330676079,0.0,0.0,0.17865626513957977,20.858047485351562,0.0001,161.07205064873597,0,True,0.0001,4.289399065420583,0,True
50,10,15,0.2,0.013333333333333334,0.6,0.0001,0,17001,27001,37001,8,200,1000,1,ncf_full,3f1af891264523591d3a4ef1df6878cb41b2ed518e7e2cf0e492161b72013888,True,L_IG,NCF official release 150_20_hist.npy (150 ADE20K classes x 20 palettes),,"{""global_scene"": 1.0}",True,population,CIELab_D65_L_0_100_ab_signed,ATR:11|2,0,0,True,True,1,40,ade087_awning_05,0.05382244661450386,0.0,0.0,0.07285436242818832,30.812728881835938,0.0001,161.07205064873597,0,True,0.0001,17.94557884945456,0,True
50,10,15,0.2,0.013333333333333334,0.6,0.0001,0,17001,27001,37001,8,200,1000,1,ncf_full,3f1af891264523591d3a4ef1df6878cb41b2ed518e7e2cf0e492161b72013888,True,L_IG,NCF official release 150_20_hist.npy (150 ADE20K classes x 20 palettes),,"{""global_scene"": 1.0}",True,population,CIELab_D65_L_0_100_ab_signed,ATR:11|2,0,0,True,True,1,41,ade047_sand_09,0.06927670538425446,0.0,0.0,0.0555877685546875,12.561052322387695,0.0001,161.07205064873597,0,True,0.0001,27.979496324439506,0,True
50,10,15,0.2,0.013333333333333334,0.6,0.0001,0,17001,27001,37001,8,200,1000,1,ncf_full,3f1af891264523591d3a4ef1df6878cb41b2ed518e7e2cf0e492161b72013888,True,L_IG,NCF official release 150_20_hist.npy (150 ADE20K classes x 20 palettes),,"{""global_scene"": 1.0}",True,population,CIELab_D65_L_0_100_ab_signed,ATR:11|2,0,0,True,True,1,42,ade040_cushion_05,0.04925910755991936,0.0,0.0,0.0,21.18987464904785,0.0001,161.07205064873597,0,True,0.0001,6.944802192072156,0,True
50,10,15,0.2,0.013333333333333334,0.6,0.0001,0,17001,27001,37001,8,200,1000,1,ncf_full,3f1af891264523591d3a4ef1df6878cb41b2ed518e7e2cf0e492161b72013888,True,L_IG,NCF official release 150_20_hist.npy (150 ADE20K classes x 20 palettes),,"{""global_scene"": 1.0}",True,population,CIELab_D65_L_0_100_ab_signed,ATR:11|2,0,0,True,True,1,43,ade062_bridge_03,0.0694245994091034,0.0,0.0,0.01982879638671875,12.505939483642578,0.0001,161.07205064873597,0,True,0.0001,37.59310635750539,0,True
50,10,15,0.2,0.013333333333333334,0.6,0.0001,0,17001,27001,37001,8,200,1000,1,ncf_full,3f1af891264523591d3a4ef1df6878cb41b2ed518e7e2cf0e492161b72013888,True,L_IG,NCF official release 150_20_hist.npy (150 ADE20K classes x 20 palettes),,"{""global_scene"": 1.0}",True,population,CIELab_D65_L_0_100_ab_signed,ATR:11|2,0,0,True,True,1,44,ade082_towel_03,0.05678621679544449,0.0,0.0,0.031340282410383224,26.05834197998047,0.0001,161.07205064873597,0,True,0.0001,24.696330400288137,0,True
50,10,15,0.2,0.013333333333333334,0.6,0.0001,0,17001,27001,37001,8,200,1000,1,ncf_full,3f1af891264523591d3a4ef1df6878cb41b2ed518e7e2cf0e492161b72013888,True,L_IG,NCF official release 150_20_hist.npy (150 ADE20K classes x 20 palettes),,"{""global_scene"": 1.0}",True,population,CIELab_D65_L_0_100_ab_signed,ATR:11|2,0,0,True,True,1,45,ade123_tank_05,0.05548601597547531,0.0,0.0,0.0035552978515625,21.275466918945312,0.0001,161.07205064873597,0,True,0.0001,2.5777625250276217,0,True
50,10,15,0.2,0.013333333333333334,0.6,0.0001,0,17001,27001,37001,8,200,1000,1,ncf_full,3f1af891264523591d3a4ef1df6878cb41b2ed518e7e2cf0e492161b72013888,True,L_IG,NCF official release 150_20_hist.npy (150 ADE20K classes x 20 palettes),,"{""global_scene"": 1.0}",True,population,CIELab_D65_L_0_100_ab_signed,ATR:11|2,0,0,True,True,1,46,ade100_buffet_18,0.05821521580219269,0.0,0.0,0.0057589216157794,20.765256881713867,0.0001,161.07205064873597,0,True,0.0001,13.077712690568697,0,True
50,10,15,0.2,0.013333333333333334,0.6,0.0001,0,17001,27001,37001,8,200,1000,1,ncf_full,3f1af891264523591d3a4ef1df6878cb41b2ed518e7e2cf0e492161b72013888,True,L_IG,NCF official release 150_20_hist.npy (150 ADE20K classes x 20 palettes),,"{""global_scene"": 1.0}",True,population,CIELab_D65_L_0_100_ab_signed,ATR:11|2,0,0,True,True,1,47,ade013_person_09,0.0699286013841629,0.0,0.0,0.08971405029296875,15.19361400604248,0.0001,161.07205064873597,0,True,0.0001,88.91984049870607,0,True
50,10,15,0.2,0.013333333333333334,0.6,0.0001,0,17001,27001,37001,8,200,1000,1,ncf_full,3f1af891264523591d3a4ef1df6878cb41b2ed518e7e2cf0e492161b72013888,True,L_IG,NCF official release 150_20_hist.npy (150 ADE20K classes x 20 palettes),,"{""global_scene"": 1.0}",True,population,CIELab_D65_L_0_100_ab_signed,ATR:11|2,0,0,True,True,1,48,ade087_awning_01,0.04468945413827896,0.0,0.0,0.12045669555664062,36.52677917480469,0.0001,161.07205064873597,0,True,0.0001,37.40319472489515,0,True
50,10,15,0.2,0.013333333333333334,0.6,0.0001,0,17001,27001,37001,8,200,1000,1,ncf_full,3f1af891264523591d3a4ef1df6878cb41b2ed518e7e2cf0e492161b72013888,True,L_IG,NCF official release 150_20_hist.npy (150 ADE20K classes x 20 palettes),,"{""global_scene"": 1.0}",True,population,CIELab_D65_L_0_100_ab_signed,ATR:11|2,0,0,True,True,1,49,ade034_desk_04,0.06183280050754547,0.0,0.0,0.00899505615234375,18.180557250976562,0.0001,161.07205064873597,0,True,0.0001,19.901552800601806,0,True
50,10,15,0.2,0.013333333333333334,0.6,0.0001,0,17001,27001,37001,8,200,1000,1,ncf_full,3f1af891264523591d3a4ef1df6878cb41b2ed518e7e2cf0e492161b72013888,True,L_IG,NCF official release 150_20_hist.npy (150 ADE20K classes x 20 palettes),,"{""global_scene"": 1.0}",True,population,CIELab_D65_L_0_100_ab_signed,ATR:11|2,0,0,True,True,2,0,ade093_apparel_08,0.055494047701358795,0.0,0.0,0.0014127095928415656,20.180419921875,0.0001,161.07205064873597,0,True,0.0001,9.44909492151317,0,True
50,10,15,0.2,0.013333333333333334,0.6,0.0001,0,17001,27001,37001,8,200,1000,1,ncf_full,3f1af891264523591d3a4ef1df6878cb41b2ed518e7e2cf0e492161b72013888,True,L_IG,NCF official release 150_20_hist.npy (150 ADE20K classes x 20 palettes),,"{""global_scene"": 1.0}",True,population,CIELab_D65_L_0_100_ab_signed,ATR:11|2,0,0,True,True,2,1,ade125_microwave_07,0.05721712112426758,0.0,0.0,0.037034355103969574,21.251663208007812,0.0001,161.07205064873597,0,True,0.0001,16.427300912866013,0,True
50,10,15,0.2,0.013333333333333334,0.6,0.0001,0,17001,27001,37001,8,200,1000,1,ncf_full,3f1af891264523591d3a4ef1df6878cb41b2ed518e7e2cf0e492161b72013888,True,L_IG,NCF official release 150_20_hist.npy (150 ADE20K classes x 20 palettes),,"{""global_scene"": 1.0}",True,population,CIELab_D65_L_0_100_ab_signed,ATR:11|2,0,0,True,True,2,2,ade066_toilet_01,0.037468474358320236,0.0,0.0,0.00944391917437315,40.91786193847656,0.0001,161.07205064873597,0,True,0.0001,3.8224738714847137,0,True
50,10,15,0.2,0.013333333333333334,0.6,0.0001,0,17001,27001,37001,8,200,1000,1,ncf_full,3f1af891264523591d3a4ef1df6878cb41b2ed518e7e2cf0e492161b72013888,True,L_IG,NCF official release 150_20_hist.npy (150 ADE20K classes x 20 palettes),,"{""global_scene"": 1.0}",True,population,CIELab_D65_L_0_100_ab_signed,ATR:11|2,0,0,True,True,2,3,ade128_bicycle_04,0.0633355975151062,0.0,0.0,0.0009104411001317203,15.458809852600098,0.0001,161.07205064873597,0,True,0.0001,1.530726460489886,0,True
50,10,15,0.2,0.013333333333333334,0.6,0.0001,0,17001,27001,37001,8,200,1000,1,ncf_full,3f1af891264523591d3a4ef1df6878cb41b2ed518e7e2cf0e492161b72013888,True,L_IG,NCF official release 150_20_hist.npy (150 ADE20K classes x 20 palettes),,"{""global_scene"": 1.0}",True,population,CIELab_D65_L_0_100_ab_signed,ATR:11|2,0,0,True,True,2,4,ade068_book_18,0.03711489588022232,0.0,0.0,0.13496780395507812,30.66349983215332,0.0001,161.07205064873597,0,True,0.0001,18.14785013694967,0,True
50,10,15,0.2,0.013333333333333334,0.6,0.0001,0,17001,27001,37001,8,200,1000,1,ncf_full,3f1af891264523591d3a4ef1df6878cb41b2ed518e7e2cf0e492161b72013888,True,L_IG,NCF official release 150_20_hist.npy (150 ADE20K classes x 20 palettes),,"{""global_scene"": 1.0}",True,population,CIELab_D65_L_0_100_ab_signed,ATR:11|2,0,0,True,True,2,5,ade149_clock_19,0.04549789056181908,0.0,0.0,0.0,15.276406288146973,0.0001,161.07205064873597,0,True,0.0001,1.3040825331716461,0,True
50,10,15,0.2,0.013333333333333334,0.6,0.0001,0,17001,27001,37001,8,200,1000,1,ncf_full,3f1af891264523591d3a4ef1df6878cb41b2ed518e7e2cf0e492161b72013888,True,L_IG,NCF official release 150_20_hist.npy (150 ADE20K classes x 20 palettes),,"{""global_scene"": 1.0}",True,population,CIELab_D65_L_0_100_ab_signed,ATR:11|2,0,0,True,True,2,6,ade123_tank_02,0.06256862729787827,0.0,0.0,0.00866572093218565,16.315568923950195,0.0001,161.07205064873597,0,True,0.0001,39.96113445494314,0,True
50,10,15,0.2,0.013333333333333334,0.6,0.0001,0,17001,27001,37001,8,200,1000,1,ncf_full,3f1af891264523591d3a4ef1df6878cb41b2ed518e7e2cf0e492161b72013888,True,L_IG,NCF official release 150_20_hist.npy (150 ADE20K classes x 20 palettes),,"{""global_scene"": 1.0}",True,population,CIELab_D65_L_0_100_ab_signed,ATR:11|2,0,0,True,True,2,7,ade126_pot_15,0.053651776164770126,0.0,0.0,0.00131988525390625,22.819643020629883,0.0001,161.07205064873597,0,True,0.0001,27.392544101399686,0,True
50,10,15,0.2,0.013333333333333334,0.6,0.0001,0,17001,27001,37001,8,200,1000,1,ncf_full,3f1af891264523591d3a4ef1df6878cb41b2ed518e7e2cf0e492161b72013888,True,L_IG,NCF official release 150_20_hist.npy (150 ADE20K classes x 20 palettes),,"{""global_scene"": 1.0}",True,population,CIELab_D65_L_0_100_ab_signed,ATR:11|2,0,0,True,True,2,8,ade149_clock_00,0.06732853502035141,0.0,0.0,0.0004730224609375,13.115276336669922,0.0001,161.07205064873597,0,True,0.0001,13.681238594214253,0,True
50,10,15,0.2,0.013333333333333334,0.6,0.0001,0,17001,27001,37001,8,200,1000,1,ncf_full,3f1af891264523591d3a4ef1df6878cb41b2ed518e7e2cf0e492161b72013888,True,L_IG,NCF official release 150_20_hist.npy (150 ADE20K classes x 20 palettes),,"{""global_scene"": 1.0}",True,population,CIELab_D65_L_0_100_ab_signed,ATR:11|2,0,0,True,True,2,9,ade126_pot_11,0.052631765604019165,0.0,0.0,0.1682485044002533,31.00758171081543,0.0001,161.07205064873597,0,True,0.0001,26.033497477075233,0,True
50,10,15,0.2,0.013333333333333334,0.6,0.0001,0,17001,27001,37001,8,200,1000,1,ncf_full,3f1af891264523591d3a4ef1df6878cb41b2ed518e7e2cf0e492161b72013888,True,L_IG,NCF official release 150_20_hist.npy (150 ADE20K classes x 20 palettes),,"{""global_scene"": 1.0}",True,population,CIELab_D65_L_0_100_ab_signed,ATR:11|2,0,0,True,True,2,10,ade113_basket_10,0.05669136345386505,0.0,0.0,0.01863861083984375,18.893218994140625,0.0001,161.07205064873597,0,True,0.0001,10.643285023217397,0,True
50,10,15,0.2,0.013333333333333334,0.6,0.0001,0,17001,27001,37001,8,200,1000,1,ncf_full,3f1af891264523591d3a4ef1df6878cb41b2ed518e7e2cf0e492161b72013888,True,L_IG,NCF official release 150_20_hist.npy (150 ADE20K classes x 20 palettes),,"{""global_scene"": 1.0}",True,population,CIELab_D65_L_0_100_ab_signed,ATR:11|2,0,0,True,True,2,11,ade127_animal_01,0.06493284553289413,0.0,0.0,0.02243804931640625,14.926562309265137,0.0001,161.07205064873597,0,True,0.0001,9.91420406978086,0,True
50,10,15,0.2,0.013333333333333334,0.6,0.0001,0,17001,27001,37001,8,200,1000,1,ncf_full,3f1af891264523591d3a4ef1df6878cb41b2ed518e7e2cf0e492161b72013888,True,L_IG,NCF official release 150_20_hist.npy (150 ADE20K classes x 20 palettes),,"{""global_scene"": 1.0}",True,population,CIELab_D65_L_0_100_ab_signed,ATR:11|2,0,0,True,True,2,12,ade060_stairway_19,0.0455641970038414,0.0,0.0,0.08793894946575165,20.678083419799805,0.0001,161.07205064873597,0,True,0.0001,12.473903479971758,0,True
50,10,15,0.2,0.013333333333333334,0.6,0.0001,0,17001,27001,37001,8,200,1000,1,ncf_full,3f1af891264523591d3a4ef1df6878cb41b2ed518e7e2cf0e492161b72013888,True,L_IG,NCF official release 150_20_hist.npy (150 ADE20K classes x 20 palettes),,"{""global_scene"": 1.0}",True,population,CIELab_D65_L_0_100_ab_signed,ATR:11|2,0,0,True,True,2,13,ade120_ball_15,0.038127798587083817,0.0,0.0,0.10946273803710938,16.892074584960938,0.0001,161.07205064873597,0,True,0.0001,67.32583266138317,0,True
50,10,15,0.2,0.013333333333333334,0.6,0.0001,0,17001,27001,37001,8,200,1000,1,ncf_full,3f1af891264523591d3a4ef1df6878cb41b2ed518e7e2cf0e492161b72013888,True,L_IG,NCF official release 150_20_hist.npy (150 ADE20K classes x 20 palettes),,"{""global_scene"": 1.0}",True,population,CIELab_D65_L_0_100_ab_signed,ATR:11|2,0,0,True,True,2,14,ade129_lake_05,0.060577165335416794,0.0,0.0,0.019219717010855675,21.876190185546875,0.0001,161.07205064873597,0,True,0.0001,15.982460488737999,0,True
50,10,15,0.2,0.013333333333333334,0.6,0.0001,0,17001,27001,37001,8,200,1000,1,ncf_full,3f1af891264523591d3a4ef1df6878cb41b2ed518e7e2cf0e492161b72013888,True,L_IG,NCF official release 150_20_hist.npy (150 ADE20K classes x 20 palettes),,"{""global_scene"": 1.0}",True,population,CIELab_D65_L_0_100_ab_signed,ATR:11|2,0,0,True,True,2,15,ade134_hood_03,0.05057670176029205,0.0,0.0,0.2218017578125,26.690704345703125,0.0001,161.07205064873597,0,True,0.0001,7.3129138203432955,0,True
50,10,15,0.2,0.013333333333333334,0.6,0.0001,0,17001,27001,37001,8,200,1000,1,ncf_full,3f1af891264523591d3a4ef1df6878cb41b2ed518e7e2cf0e492161b72013888,True,L_IG,NCF official release 150_20_hist.npy (150 ADE20K classes x 20 palettes),,"{""global_scene"": 1.0}",True,population,CIELab_D65_L_0_100_ab_signed,ATR:11|2,0,0,True,True,2,16,ade052_grandstand_19,0.04784766212105751,0.0,0.0,0.2288665771484375,22.69943618774414,0.0001,161.07205064873597,0,True,0.0001,6.084830506223878,0,True
50,10,15,0.2,0.013333333333333334,0.6,0.0001,0,17001,27001,37001,8,200,1000,1,ncf_full,3f1af891264523591d3a4ef1df6878cb41b2ed518e7e2cf0e492161b72013888,True,L_IG,NCF official release 150_20_hist.npy (150 ADE20K classes x 20 palettes),,"{""global_scene"": 1.0}",True,population,CIELab_D65_L_0_100_ab_signed,ATR:11|2,0,0,True,True,2,17,ade135_sconce_07,0.055889058858156204,0.0,0.0,0.1610056608915329,14.692975997924805,0.0001,161.07205064873597,0,True,0.0001,3.4800474509043458,0,True
50,10,15,0.2,0.013333333333333334,0.6,0.0001,0,17001,27001,37001,8,200,1000,1,ncf_full,3f1af891264523591d3a4ef1df6878cb41b2ed518e7e2cf0e492161b72013888,True,L_IG,NCF official release 150_20_hist.npy (150 ADE20K classes x 20 palettes),,"{""global_scene"": 1.0}",True,population,CIELab_D65_L_0_100_ab_signed,ATR:11|2,0,0,True,True,2,18,ade122_step_06,0.04734116792678833,0.0,0.0,0.12829844653606415,26.577922821044922,0.0001,161.07205064873597,0,True,0.0001,7.229632470998309,0,True
50,10,15,0.2,0.013333333333333334,0.6,0.0001,0,17001,27001,37001,8,200,1000,1,ncf_full,3f1af891264523591d3a4ef1df6878cb41b2ed518e7e2cf0e492161b72013888,True,L_IG,NCF official release 150_20_hist.npy (150 ADE20K classes x 20 palettes),,"{""global_scene"": 1.0}",True,population,CIELab_D65_L_0_100_ab_signed,ATR:11|2,0,0,True,True,2,19,ade094_pole_00,0.06962739676237106,0.0,0.0,0.0,9.311147689819336,0.0001,161.07205064873597,0,True,0.0001,6.011474325835576,0,True
50,10,15,0.2,0.013333333333333334,0.6,0.0001,0,17001,27001,37001,8,200,1000,1,ncf_full,3f1af891264523591d3a4ef1df6878cb41b2ed518e7e2cf0e492161b72013888,True,L_IG,NCF official release 150_20_hist.npy (150 ADE20K classes x 20 palettes),,"{""global_scene"": 1.0}",True,population,CIELab_D65_L_0_100_ab_signed,ATR:11|2,0,0,True,True,2,20,ade126_pot_00,0.05256197974085808,0.0,0.0,0.15795008838176727,25.08058738708496,0.0001,161.07205064873597,0,True,0.0001,41.45888426618034,0,True
50,10,15,0.2,0.013333333333333334,0.6,0.0001,0,17001,27001,37001,8,200,1000,1,ncf_full,3f1af891264523591d3a4ef1df6878cb41b2ed518e7e2cf0e492161b72013888,True,L_IG,NCF official release 150_20_hist.npy (150 ADE20K classes x 20 palettes),,"{""global_scene"": 1.0}",True,population,CIELab_D65_L_0_100_ab_signed,ATR:11|2,0,0,True,True,2,21,ade001_wall_12,0.042132418602705,0.0,0.0,0.19678878784179688,22.802249908447266,0.0001,161.07205064873597,0,True,0.0001,5.724085759209049,0,True
50,10,15,0.2,0.013333333333333334,0.6,0.0001,0,17001,27001,37001,8,200,1000,1,ncf_full,3f1af891264523591d3a4ef1df6878cb41b2ed518e7e2cf0e492161b72013888,True,L_IG,NCF official release 150_20_hist.npy (150 ADE20K classes x 20 palettes),,"{""global_scene"": 1.0}",True,population,CIELab_D65_L_0_100_ab_signed,ATR:11|2,0,0,True,True,2,22,ade049_skyscraper_13,0.06480108201503754,0.0,0.0,0.07214228808879852,18.968820571899414,0.0001,161.07205064873597,0,True,0.0001,26.667112566392273,0,True
50,10,15,0.2,0.013333333333333334,0.6,0.0001,0,17001,27001,37001,8,200,1000,1,ncf_full,3f1af891264523591d3a4ef1df6878cb41b2ed518e7e2cf0e492161b72013888,True,L_IG,NCF official release 150_20_hist.npy (150 ADE20K classes x 20 palettes),,"{""global_scene"": 1.0}",True,population,CIELab_D65_L_0_100_ab_signed,ATR:11|2,0,0,True,True,2,23,ade016_table_11,0.06332740187644958,0.0,0.0,0.14511744678020477,18.0423583984375,0.0001,161.07205064873597,0,True,0.0001,243.1354644097976,0,True
50,10,15,0.2,0.013333333333333334,0.6,0.0001,0,17001,27001,37001,8,200,1000,1,ncf_full,3f1af891264523591d3a4ef1df6878cb41b2ed518e7e2cf0e492161b72013888,True,L_IG,NCF official release 150_20_hist.npy (150 ADE20K classes x 20 palettes),,"{""global_scene"": 1.0}",True,population,CIELab_D65_L_0_100_ab_signed,ATR:11|2,0,0,True,True,2,24,ade023_painting_11,0.07309328019618988,0.0,0.0,0.028914134949445724,11.019413948059082,0.0001,161.07205064873597,0,True,0.0001,53.95609107830159,0,True
50,10,15,0.2,0.013333333333333334,0.6,0.0001,0,17001,27001,37001,8,200,1000,1,ncf_full,3f1af891264523591d3a4ef1df6878cb41b2ed518e7e2cf0e492161b72013888,True,L_IG,NCF official release 150_20_hist.npy (150 ADE20K classes x 20 palettes),,"{""global_scene"": 1.0}",True,population,CIELab_D65_L_0_100_ab_signed,ATR:11|2,0,0,True,True,2,25,ade146_shower_10,0.06319459527730942,0.0,0.0,0.0,12.843744277954102,0.0001,161.07205064873597,0,True,0.0001,3.9893271430221517,0,True
50,10,15,0.2,0.013333333333333334,0.6,0.0001,0,17001,27001,37001,8,200,1000,1,ncf_full,3f1af891264523591d3a4ef1df6878cb41b2ed518e7e2cf0e492161b72013888,True,L_IG,NCF official release 150_20_hist.npy (150 ADE20K classes x 20 palettes),,"{""global_scene"": 1.0}",True,population,CIELab_D65_L_0_100_ab_signed,ATR:11|2,0,0,True,True,2,26,ade012_sidewalk_00,0.06529569625854492,0.0,0.0,0.0129674281924963,15.659181594848633,0.0001,161.07205064873597,0,True,0.0001,5.3885928808114825,0,True
50,10,15,0.2,0.013333333333333334,0.6,0.0001,0,17001,27001,37001,8,200,1000,1,ncf_full,3f1af891264523591d3a4ef1df6878cb41b2ed518e7e2cf0e492161b72013888,True,L_IG,NCF official release 150_20_hist.npy (150 ADE20K classes x 20 palettes),,"{""global_scene"": 1.0}",True,population,CIELab_D65_L_0_100_ab_signed,ATR:11|2,0,0,True,True,2,27,ade042_box_14,0.05029267072677612,0.0,0.0,0.06405512988567352,20.215604782104492,0.0001,161.07205064873597,0,True,0.0001,23.815750336633894,0,True
50,10,15,0.2,0.013333333333333334,0.6,0.0001,0,17001,27001,37001,8,200,1000,1,ncf_full,3f1af891264523591d3a4ef1df6878cb41b2ed518e7e2cf0e492161b72013888,True,L_IG,NCF official release 150_20_hist.npy (150 ADE20K classes x 20 palettes),,"{""global_scene"": 1.0}",True,population,CIELab_D65_L_0_100_ab_signed,ATR:11|2,0,0,True,True,2,28,ade059_screen_19,0.04932142794132233,0.0,0.0,0.1157379150390625,25.61724281311035,0.0001,161.07205064873597,0,True,0.0001,4.2019401050508645,0,True
50,10,15,0.2,0.013333333333333334,0.6,0.0001,0,17001,27001,37001,8,200,1000,1,ncf_full,3f1af891264523591d3a4ef1df6878cb41b2ed518e7e2cf0e492161b72013888,True,L_IG,NCF official release 150_20_hist.npy (150 ADE20K classes x 20 palettes),,"{""global_scene"": 1.0}",True,population,CIELab_D65_L_0_100_ab_signed,ATR:11|2,0,0,True,True,2,29,ade045_chest_03,0.055577926337718964,0.0,0.0,0.009592692367732525,24.60639762878418,0.0001,161.07205064873597,0,True,0.0001,9.946887885849195,0,True
50,10,15,0.2,0.013333333333333334,0.6,0.0001,0,17001,27001,37001,8,200,1000,1,ncf_full,3f1af891264523591d3a4ef1df6878cb41b2ed518e7e2cf0e492161b72013888,True,L_IG,NCF official release 150_20_hist.npy (150 ADE20K classes x 20 palettes),,"{""global_scene"": 1.0}",True,population,CIELab_D65_L_0_100_ab_signed,ATR:11|2,0,0,True,True,2,30,ade089_booth_15,0.06320042163133621,0.0,0.0,0.048366546630859375,16.209457397460938,0.0001,161.07205064873597,0,True,0.0001,15.213811744609957,0,True
50,10,15,0.2,0.013333333333333334,0.6,0.0001,0,17001,27001,37001,8,200,1000,1,ncf_full,3f1af891264523591d3a4ef1df6878cb41b2ed518e7e2cf0e492161b72013888,True,L_IG,NCF official release 150_20_hist.npy (150 ADE20K classes x 20 palettes),,"{""global_scene"": 1.0}",True,population,CIELab_D65_L_0_100_ab_signed,ATR:11|2,0,0,True,True,2,31,ade041_base_06,0.0638057142496109,0.0,0.0,0.020298004150390625,19.2249813079834,0.0001,161.07205064873597,0,True,0.0001,37.04516625834685,0,True
50,10,15,0.2,0.013333333333333334,0.6,0.0001,0,17001,27001,37001,8,200,1000,1,ncf_full,3f1af891264523591d3a4ef1df6878cb41b2ed518e7e2cf0e492161b72013888,True,L_IG,NCF official release 150_20_hist.npy (150 ADE20K classes x 20 palettes),,"{""global_scene"": 1.0}",True,population,CIELab_D65_L_0_100_ab_signed,ATR:11|2,0,0,True,True,2,32,ade098_ottoman_06,0.05600389838218689,0.0,0.0,0.0,16.81832504272461,0.0001,161.07205064873597,0,True,0.0001,14.010577986211521,0,True
50,10,15,0.2,0.013333333333333334,0.6,0.0001,0,17001,27001,37001,8,200,1000,1,ncf_full,3f1af891264523591d3a4ef1df6878cb41b2ed518e7e2cf0e492161b72013888,True,L_IG,NCF official release 150_20_hist.npy (150 ADE20K classes x 20 palettes),,"{""global_scene"": 1.0}",True,population,CIELab_D65_L_0_100_ab_signed,ATR:11|2,0,0,True,True,2,33,ade129_lake_01,0.06479077786207199,0.0,0.0,0.0045598349533975124,16.761816024780273,0.0001,161.07205064873597,0,True,0.0001,7.924460728918852,0,True
50,10,15,0.2,0.013333333333333334,0.6,0.0001,0,17001,27001,37001,8,200,1000,1,ncf_full,3f1af891264523591d3a4ef1df6878cb41b2ed518e7e2cf0e492161b72013888,True,L_IG,NCF official release 150_20_hist.npy (150 ADE20K classes x 20 palettes),,"{""global_scene"": 1.0}",True,population,CIELab_D65_L_0_100_ab_signed,ATR:11|2,0,0,True,True,2,34,ade004_floor_06,0.037959352135658264,0.0,0.0,0.0029233298264443874,32.67607116699219,0.0001,161.07205064873597,0,True,0.0001,4.315203139838901,0,True
50,10,15,0.2,0.013333333333333334,0.6,0.0001,0,17001,27001,37001,8,200,1000,1,ncf_full,3f1af891264523591d3a4ef1df6878cb41b2ed518e7e2cf0e492161b72013888,True,L_IG,NCF official release 150_20_hist.npy (150 ADE20K classes x 20 palettes),,"{""global_scene"": 1.0}",True,population,CIELab_D65_L_0_100_ab_signed,ATR:11|2,0,0,True,True,2,35,ade092_dirt_00,0.051427844911813736,0.0,0.0,0.18661117553710938,25.96219825744629,0.0001,161.07205064873597,0,True,0.0001,20.864703633142444,0,True
50,10,15,0.2,0.013333333333333334,0.6,0.0001,0,17001,27001,37001,8,200,1000,1,ncf_full,3f1af891264523591d3a4ef1df6878cb41b2ed518e7e2cf0e492161b72013888,True,L_IG,NCF official release 150_20_hist.npy (150 ADE20K classes x 20 palettes),,"{""global_scene"": 1.0}",True,population,CIELab_D65_L_0_100_ab_signed,ATR:11|2,0,0,True,True,2,36,ade096_bannister_19,0.04469357803463936,0.0,0.0,0.048254650086164474,35.80748748779297,0.0001,161.07205064873597,0,True,0.0001,5.93668116420571,0,True
50,10,15,0.2,0.013333333333333334,0.6,0.0001,0,17001,27001,37001,8,200,1000,1,ncf_full,3f1af891264523591d3a4ef1df6878cb41b2ed518e7e2cf0e492161b72013888,True,L_IG,NCF official release 150_20_hist.npy (150 ADE20K classes x 20 palettes),,"{""global_scene"": 1.0}",True,population,CIELab_D65_L_0_100_ab_signed,ATR:11|2,0,0,True,True,2,37,ade009_windowpane_11,0.0498257540166378,0.0,0.0,0.2259877622127533,23.32122802734375,0.0001,161.07205064873597,0,True,0.0001,5.302776009618962,0,True
50,10,15,0.2,0.013333333333333334,0.6,0.0001,0,17001,27001,37001,8,200,1000,1,ncf_full,3f1af891264523591d3a4ef1df6878cb41b2ed518e7e2cf0e492161b72013888,True,L_IG,NCF official release 150_20_hist.npy (150 ADE20K classes x 20 palettes),,"{""global_scene"": 1.0}",True,population,CIELab_D65_L_0_100_ab_signed,ATR:11|2,0,0,True,True,2,38,ade135_sconce_13,0.05587933585047722,0.0,0.0,0.05752817913889885,20.687149047851562,0.0001,161.07205064873597,0,True,0.0001,66.27465836216486,0,True
50,10,15,0.2,0.013333333333333334,0.6,0.0001,0,17001,27001,37001,8,200,1000,1,ncf_full,3f1af891264523591d3a4ef1df6878cb41b2ed518e7e2cf0e492161b72013888,True,L_IG,NCF official release 150_20_hist.npy (150 ADE20K classes x 20 palettes),,"{""global_scene"": 1.0}",True,population,CIELab_D65_L_0_100_ab_signed,ATR:11|2,0,0,True,True,2,39,ade125_microwave_00,0.0413830429315567,0.0,0.0,0.2206268310546875,37.658050537109375,0.0001,161.07205064873597,0,True,0.0001,6.500218246621742,0,True
50,10,15,0.2,0.013333333333333334,0.6,0.0001,0,17001,27001,37001,8,200,1000,1,ncf_full,3f1af891264523591d3a4ef1df6878cb41b2ed518e7e2cf0e492161b72013888,True,L_IG,NCF official release 150_20_hist.npy (150 ADE20K classes x 20 palettes),,"{""global_scene"": 1.0}",True,population,CIELab_D65_L_0_100_ab_signed,ATR:11|2,0,0,True,True,2,40,ade072_stove_08,0.05690447613596916,0.0,0.0,0.17935562133789062,13.439666748046875,0.0001,161.07205064873597,0,True,0.0001,3.6197746525975396,0,True
50,10,15,0.2,0.013333333333333334,0.6,0.0001,0,17001,27001,37001,8,200,1000,1,ncf_full,3f1af891264523591d3a4ef1df6878cb41b2ed518e7e2cf0e492161b72013888,True,L_IG,NCF official release 150_20_hist.npy (150 ADE20K classes x 20 palettes),,"{""global_scene"": 1.0}",True,population,CIELab_D65_L_0_100_ab_signed,ATR:11|2,0,0,True,True,2,41,ade008_bed_02,0.0514289066195488,0.0,0.0,0.0029169719200581312,21.27001190185547,0.0001,161.07205064873597,0,True,0.0001,33.984060438118526,0,True
50,10,15,0.2,0.013333333333333334,0.6,0.0001,0,17001,27001,37001,8,200,1000,1,ncf_full,3f1af891264523591d3a4ef1df6878cb41b2ed518e7e2cf0e492161b72013888,True,L_IG,NCF official release 150_20_hist.npy (150 ADE20K classes x 20 palettes),,"{""global_scene"": 1.0}",True,population,CIELab_D65_L_0_100_ab_signed,ATR:11|2,0,0,True,True,2,42,ade120_ball_18,0.05986745283007622,0.0,0.0,0.06804275512695312,17.363853454589844,0.0001,161.07205064873597,0,True,0.0001,3.0360582266313023,0,True
50,10,15,0.2,0.013333333333333334,0.6,0.0001,0,17001,27001,37001,8,200,1000,1,ncf_full,3f1af891264523591d3a4ef1df6878cb41b2ed518e7e2cf0e492161b72013888,True,L_IG,NCF official release 150_20_hist.npy (150 ADE20K classes x 20 palettes),,"{""global_scene"": 1.0}",True,population,CIELab_D65_L_0_100_ab_signed,ATR:11|2,0,0,True,True,2,43,ade009_windowpane_07,0.06190943345427513,0.0,0.0,0.08557002246379852,19.47830581665039,0.0001,161.07205064873597,0,True,0.0001,86.84537464320596,0,True
50,10,15,0.2,0.013333333333333334,0.6,0.0001,0,17001,27001,37001,8,200,1000,1,ncf_full,3f1af891264523591d3a4ef1df6878cb41b2ed518e7e2cf0e492161b72013888,True,L_IG,NCF official release 150_20_hist.npy (150 ADE20K classes x 20 palettes),,"{""global_scene"": 1.0}",True,population,CIELab_D65_L_0_100_ab_signed,ATR:11|2,0,0,True,True,2,44,ade121_food_11,0.065543532371521,0.0,0.0,0.0,11.693665504455566,0.0001,161.07205064873597,0,True,0.0001,42.93069453367633,0,True
50,10,15,0.2,0.013333333333333334,0.6,0.0001,0,17001,27001,37001,8,200,1000,1,ncf_full,3f1af891264523591d3a4ef1df6878cb41b2ed518e7e2cf0e492161b72013888,True,L_IG,NCF official release 150_20_hist.npy (150 ADE20K classes x 20 palettes),,"{""global_scene"": 1.0}",True,population,CIELab_D65_L_0_100_ab_signed,ATR:11|2,0,0,True,True,2,45,ade127_animal_01,0.06493284553289413,0.0,0.0,0.02243804931640625,14.926562309265137,0.0001,161.07205064873597,0,True,0.0001,9.91420406978086,0,True
50,10,15,0.2,0.013333333333333334,0.6,0.0001,0,17001,27001,37001,8,200,1000,1,ncf_full,3f1af891264523591d3a4ef1df6878cb41b2ed518e7e2cf0e492161b72013888,True,L_IG,NCF official release 150_20_hist.npy (150 ADE20K classes x 20 palettes),,"{""global_scene"": 1.0}",True,population,CIELab_D65_L_0_100_ab_signed,ATR:11|2,0,0,True,True,2,46,ade008_bed_11,0.062365733087062836,0.0,0.0,0.0,14.241193771362305,0.0001,161.07205064873597,0,True,0.0001,8.546054274879848,0,True
50,10,15,0.2,0.013333333333333334,0.6,0.0001,0,17001,27001,37001,8,200,1000,1,ncf_full,3f1af891264523591d3a4ef1df6878cb41b2ed518e7e2cf0e492161b72013888,True,L_IG,NCF official release 150_20_hist.npy (150 ADE20K classes x 20 palettes),,"{""global_scene"": 1.0}",True,population,CIELab_D65_L_0_100_ab_signed,ATR:11|2,0,0,True,True,2,47,ade085_tower_02,0.06619476526975632,0.0,0.0,0.0720011442899704,13.878676414489746,0.0001,161.07205064873597,0,True,0.0001,3.0837136334094435,0,True
50,10,15,0.2,0.013333333333333334,0.6,0.0001,0,17001,27001,37001,8,200,1000,1,ncf_full,3f1af891264523591d3a4ef1df6878cb41b2ed518e7e2cf0e492161b72013888,True,L_IG,NCF official release 150_20_hist.npy (150 ADE20K classes x 20 palettes),,"{""global_scene"": 1.0}",True,population,CIELab_D65_L_0_100_ab_signed,ATR:11|2,0,0,True,True,2,48,ade047_sand_00,0.031032539904117584,0.0,0.0,0.0,29.948213577270508,0.0001,161.07205064873597,0,True,0.0001,1.2912938644053402,0,True
50,10,15,0.2,0.013333333333333334,0.6,0.0001,0,17001,27001,37001,8,200,1000,1,ncf_full,3f1af891264523591d3a4ef1df6878cb41b2ed518e7e2cf0e492161b72013888,True,L_IG,NCF official release 150_20_hist.npy (150 ADE20K classes x 20 palettes),,"{""global_scene"": 1.0}",True,population,CIELab_D65_L_0_100_ab_signed,ATR:11|2,0,0,True,True,2,49,ade120_ball_08,0.055867068469524384,0.0,0.0,0.1307017058134079,16.900371551513672,0.0001,161.07205064873597,0,True,0.0001,315.11879993712495,0,True
50,10,15,0.2,0.013333333333333334,0.6,0.0001,0,17001,27001,37001,8,200,1000,1,ncf_full,3f1af891264523591d3a4ef1df6878cb41b2ed518e7e2cf0e492161b72013888,True,L_IG,NCF official release 150_20_hist.npy (150 ADE20K classes x 20 palettes),,"{""global_scene"": 1.0}",True,population,CIELab_D65_L_0_100_ab_signed,ATR:11|2,0,0,True,True,3,0,ade150_flag_06,0.06903728097677231,0.0,0.0,0.06262588500976562,19.8951473236084,0.0001,161.07205064873597,0,True,0.0001,43.62963571216231,0,True
50,10,15,0.2,0.013333333333333334,0.6,0.0001,0,17001,27001,37001,8,200,1000,1,ncf_full,3f1af891264523591d3a4ef1df6878cb41b2ed518e7e2cf0e492161b72013888,True,L_IG,NCF official release 150_20_hist.npy (150 ADE20K classes x 20 palettes),,"{""global_scene"": 1.0}",True,population,CIELab_D65_L_0_100_ab_signed,ATR:11|2,0,0,True,True,3,1,ade103_van_08,0.039864614605903625,0.0,0.0,0.2648277282714844,40.070030212402344,0.0001,161.07205064873597,0,True,0.0001,1.917970765971795,0,True
50,10,15,0.2,0.013333333333333334,0.6,0.0001,0,17001,27001,37001,8,200,1000,1,ncf_full,3f1af891264523591d3a4ef1df6878cb41b2ed518e7e2cf0e492161b72013888,True,L_IG,NCF official release 150_20_hist.npy (150 ADE20K classes x 20 palettes),,"{""global_scene"": 1.0}",True,population,CIELab_D65_L_0_100_ab_signed,ATR:11|2,0,0,True,True,3,2,ade137_traffic_17,0.043568164110183716,0.0,0.0,0.2745297849178314,33.00541687011719,0.0001,161.07205064873597,0,True,0.0001,3.025310736117409,0,True
50,10,15,0.2,0.013333333333333334,0.6,0.0001,0,17001,27001,37001,8,200,1000,1,ncf_full,3f1af891264523591d3a4ef1df6878cb41b2ed518e7e2cf0e492161b72013888,True,L_IG,NCF official release 150_20_hist.npy (150 ADE20K classes x 20 palettes),,"{""global_scene"": 1.0}",True,population,CIELab_D65_L_0_100_ab_signed,ATR:11|2,0,0,True,True,3,3,ade134_hood_07,0.0499381460249424,0.0,0.0,0.14688746631145477,22.02614974975586,0.0001,161.07205064873597,0,True,0.0001,2.1870114118123887,0,True
50,10,15,0.2,0.013333333333333334,0.6,0.0001,0,17001,27001,37001,8,200,1000,1,ncf_full,3f1af891264523591d3a4ef1df6878cb41b2ed518e7e2cf0e492161b72013888,True,L_IG,NCF official release 150_20_hist.npy (150 ADE20K classes x 20 palettes),,"{""global_scene"": 1.0}",True,population,CIELab_D65_L_0_100_ab_signed,ATR:11|2,0,0,True,True,3,4,ade069_hill_00,0.06047515571117401,0.0,0.0,0.020633697509765625,21.12773895263672,0.0001,161.07205064873597,0,True,0.0001,14.21224683200033,0,True
50,10,15,0.2,0.013333333333333334,0.6,0.0001,0,17001,27001,37001,8,200,1000,1,ncf_full,3f1af891264523591d3a4ef1df6878cb41b2ed518e7e2cf0e492161b72013888,True,L_IG,NCF official release 150_20_hist.npy (150 ADE20K classes x 20 palettes),,"{""global_scene"": 1.0}",True,population,CIELab_D65_L_0_100_ab_signed,ATR:11|2,0,0,True,True,3,5,ade115_tent_00,0.06489921361207962,0.0,0.0,0.0656992644071579,21.933637619018555,0.0001,161.07205064873597,0,True,0.0001,70.13149329470947,0,True
50,10,15,0.2,0.013333333333333334,0.6,0.0001,0,17001,27001,37001,8,200,1000,1,ncf_full,3f1af891264523591d3a4ef1df6878cb41b2ed518e7e2cf0e492161b72013888,True,L_IG,NCF official release 150_20_hist.npy (150 ADE20K classes x 20 palettes),,"{""global_scene"": 1.0}",True,population,CIELab_D65_L_0_100_ab_signed,ATR:11|2,0,0,True,True,3,6,ade043_column_00,0.06605303287506104,0.0,0.0,0.10610835254192352,17.683311462402344,0.0001,161.07205064873597,0,True,0.0001,36.75416882748737,0,True
50,10,15,0.2,0.013333333333333334,0.6,0.0001,0,17001,27001,37001,8,200,1000,1,ncf_full,3f1af891264523591d3a4ef1df6878cb41b2ed518e7e2cf0e492161b72013888,True,L_IG,NCF official release 150_20_hist.npy (150 ADE20K classes x 20 palettes),,"{""global_scene"": 1.0}",True,population,CIELab_D65_L_0_100_ab_signed,ATR:11|2,0,0,True,True,3,7,ade127_animal_05,0.05665036663413048,0.0,0.0,0.12357457727193832,21.03217887878418,0.0001,161.07205064873597,0,True,0.0001,15.138856464299815,0,True
50,10,15,0.2,0.013333333333333334,0.6,0.0001,0,17001,27001,37001,8,200,1000,1,ncf_full,3f1af891264523591d3a4ef1df6878cb41b2ed518e7e2cf0e492161b72013888,True,L_IG,NCF official release 150_20_hist.npy (150 ADE20K classes x 20 palettes),,"{""global_scene"": 1.0}",True,population,CIELab_D65_L_0_100_ab_signed,ATR:11|2,0,0,True,True,3,8,ade100_buffet_01,0.05684777349233627,0.0,0.0,0.018230438232421875,21.155864715576172,0.0001,161.07205064873597,0,True,0.0001,17.55136968826445,0,True
50,10,15,0.2,0.013333333333333334,0.6,0.0001,0,17001,27001,37001,8,200,1000,1,ncf_full,3f1af891264523591d3a4ef1df6878cb41b2ed518e7e2cf0e492161b72013888,True,L_IG,NCF official release 150_20_hist.npy (150 ADE20K classes x 20 palettes),,"{""global_scene"": 1.0}",True,population,CIELab_D65_L_0_100_ab_signed,ATR:11|2,0,0,True,True,3,9,ade037_lamp_19,0.0395871177315712,0.0,0.0,0.0,21.943204879760742,0.0001,161.07205064873597,0,True,0.0001,1.9879909952361066,0,True
50,10,15,0.2,0.013333333333333334,0.6,0.0001,0,17001,27001,37001,8,200,1000,1,ncf_full,3f1af891264523591d3a4ef1df6878cb41b2ed518e7e2cf0e492161b72013888,True,L_IG,NCF official release 150_20_hist.npy (150 ADE20K classes x 20 palettes),,"{""global_scene"": 1.0}",True,population,CIELab_D65_L_0_100_ab_signed,ATR:11|2,0,0,True,True,3,10,ade026_house_14,0.05762574076652527,0.0,0.0,0.0,12.164833068847656,0.0001,161.07205064873597,0,True,0.0001,14.502529238519513,0,True
50,10,15,0.2,0.013333333333333334,0.6,0.0001,0,17001,27001,37001,8,200,1000,1,ncf_full,3f1af891264523591d3a4ef1df6878cb41b2ed518e7e2cf0e492161b72013888,True,L_IG,NCF official release 150_20_hist.npy (150 ADE20K classes x 20 palettes),,"{""global_scene"": 1.0}",True,population,CIELab_D65_L_0_100_ab_signed,ATR:11|2,0,0,True,True,3,11,ade105_fountain_11,0.039963167160749435,0.0,0.0,0.2120564877986908,41.0921516418457,0.0001,161.07205064873597,0,True,0.0001,3.333171930059016,0,True
50,10,15,0.2,0.013333333333333334,0.6,0.0001,0,17001,27001,37001,8,200,1000,1,ncf_full,3f1af891264523591d3a4ef1df6878cb41b2ed518e7e2cf0e492161b72013888,True,L_IG,NCF official release 150_20_hist.npy (150 ADE20K classes x 20 palettes),,"{""global_scene"": 1.0}",True,population,CIELab_D65_L_0_100_ab_signed,ATR:11|2,0,0,True,True,3,12,ade142_crt_05,0.04418771713972092,0.0,0.0,0.060921989381313324,29.282978057861328,0.0001,161.07205064873597,0,True,0.0001,2.0569996800447106,0,True
50,10,15,0.2,0.013333333333333334,0.6,0.0001,0,17001,27001,37001,8,200,1000,1,ncf_full,3f1af891264523591d3a4ef1df6878cb41b2ed518e7e2cf0e492161b72013888,True,L_IG,NCF official release 150_20_hist.npy (150 ADE20K classes x 20 palettes),,"{""global_scene"": 1.0}",True,population,CIELab_D65_L_0_100_ab_signed,ATR:11|2,0,0,True,True,3,13,ade035_rock_09,0.04243483766913414,0.0,0.0,0.19087600708007812,42.094696044921875,0.0001,161.07205064873597,0,True,0.0001,3.126461831037377,0,True
50,10,15,0.2,0.013333333333333334,0.6,0.0001,0,17001,27001,37001,8,200,1000,1,ncf_full,3f1af891264523591d3a4ef1df6878cb41b2ed518e7e2cf0e492161b72013888,True,L_IG,NCF official release 150_20_hist.npy (150 ADE20K classes x 20 palettes),,"{""global_scene"": 1.0}",True,population,CIELab_D65_L_0_100_ab_signed,ATR:11|2,0,0,True,True,3,14,ade070_bench_06,0.04642176255583763,0.0,0.0,0.236297607421875,22.765380859375,0.0001,161.07205064873597,0,True,0.0001,5.361484093048212,0,True
50,10,15,0.2,0.013333333333333334,0.6,0.0001,0,17001,27001,37001,8,200,1000,1,ncf_full,3f1af891264523591d3a4ef1df6878cb41b2ed518e7e2cf0e492161b72013888,True,L_IG,NCF official release 150_20_hist.npy (150 ADE20K classes x 20 palettes),,"{""global_scene"": 1.0}",True,population,CIELab_D65_L_0_100_ab_signed,ATR:11|2,0,0,True,True,3,15,ade108_washer_09,0.0661652535200119,0.0,0.0,0.12623214721679688,12.401267051696777,0.0001,161.07205064873597,0,True,0.0001,10.552161910281354,0,True
50,10,15,0.2,0.013333333333333334,0.6,0.0001,0,17001,27001,37001,8,200,1000,1,ncf_full,3f1af891264523591d3a4ef1df6878cb41b2ed518e7e2cf0e492161b72013888,True,L_IG,NCF official release 150_20_hist.npy (150 ADE20K classes x 20 palettes),,"{""global_scene"": 1.0}",True,population,CIELab_D65_L_0_100_ab_signed,ATR:11|2,0,0,True,True,3,16,ade049_skyscraper_15,0.05686832591891289,0.0,0.0,0.007678985595703125,19.979393005371094,0.0001,161.07205064873597,0,True,0.0001,26.915526442325955,0,True
50,10,15,0.2,0.013333333333333334,0.6,0.0001,0,17001,27001,37001,8,200,1000,1,ncf_full,3f1af891264523591d3a4ef1df6878cb41b2ed518e7e2cf0e492161b72013888,True,L_IG,NCF official release 150_20_hist.npy (150 ADE20K classes x 20 palettes),,"{""global_scene"": 1.0}",True,population,CIELab_D65_L_0_100_ab_signed,ATR:11|2,0,0,True,True,3,17,ade081_bus_14,0.05226556956768036,0.0,0.0,0.13340124487876892,31.109962463378906,0.0001,161.07205064873597,0,True,0.0001,38.95861222348825,0,True
50,10,15,0.2,0.013333333333333334,0.6,0.0001,0,17001,27001,37001,8,200,1000,1,ncf_full,3f1af891264523591d3a4ef1df6878cb41b2ed518e7e2cf0e492161b72013888,True,L_IG,NCF official release 150_20_hist.npy (150 ADE20K classes x 20 palettes),,"{""global_scene"": 1.0}",True,population,CIELab_D65_L_0_100_ab_signed,ATR:11|2,0,0,True,True,3,18,ade143_plate_00,0.047265782952308655,0.0,0.0,2.0345052689663135e-05,29.93189811706543,0.0001,161.07205064873597,0,True,0.0001,4.396094745530146,0,True
50,10,15,0.2,0.013333333333333334,0.6,0.0001,0,17001,27001,37001,8,200,1000,1,ncf_full,3f1af891264523591d3a4ef1df6878cb41b2ed518e7e2cf0e492161b72013888,True,L_IG,NCF official release 150_20_hist.npy (150 ADE20K classes x 20 palettes),,"{""global_scene"": 1.0}",True,population,CIELab_D65_L_0_100_ab_signed,ATR:11|2,0,0,True,True,3,19,ade045_chest_04,0.04361928999423981,0.0,0.0,0.0035158793907612562,33.92213439941406,0.0001,161.07205064873597,0,True,0.0001,4.441470268140198,0,True
50,10,15,0.2,0.013333333333333334,0.6,0.0001,0,17001,27001,37001,8,200,1000,1,ncf_full,3f1af891264523591d3a4ef1df6878cb41b2ed518e7e2cf0e492161b72013888,True,L_IG,NCF official release 150_20_hist.npy (150 ADE20K classes x 20 palettes),,"{""global_scene"": 1.0}",True,population,CIELab_D65_L_0_100_ab_signed,ATR:11|2,0,0,True,True,3,20,ade068_book_16,0.05406954512000084,0.0,0.0,0.1151377409696579,25.071685791015625,0.0001,161.07205064873597,0,True,0.0001,8.278865313356308,0,True
50,10,15,0.2,0.013333333333333334,0.6,0.0001,0,17001,27001,37001,8,200,1000,1,ncf_full,3f1af891264523591d3a4ef1df6878cb41b2ed518e7e2cf0e492161b72013888,True,L_IG,NCF official release 150_20_hist.npy (150 ADE20K classes x 20 palettes),,"{""global_scene"": 1.0}",True,population,CIELab_D65_L_0_100_ab_signed,ATR:11|2,0,0,True,True,3,21,ade002_building_09,0.07157868146896362,0.0,0.0,0.0414021834731102,13.504467010498047,0.0001,161.07205064873597,0,True,0.0001,47.030501771979054,0,True
50,10,15,0.2,0.013333333333333334,0.6,0.0001,0,17001,27001,37001,8,200,1000,1,ncf_full,3f1af891264523591d3a4ef1df6878cb41b2ed518e7e2cf0e492161b72013888,True,L_IG,NCF official release 150_20_hist.npy (150 ADE20K classes x 20 palettes),,"{""global_scene"": 1.0}",True,population,CIELab_D65_L_0_100_ab_signed,ATR:11|2,0,0,True,True,3,22,ade138_tray_11,0.04068019241094589,0.0,0.0,0.10290654748678207,42.108211517333984,0.0001,161.07205064873597,0,True,0.0001,7.380043610947179,0,True
50,10,15,0.2,0.013333333333333334,0.6,0.0001,0,17001,27001,37001,8,200,1000,1,ncf_full,3f1af891264523591d3a4ef1df6878cb41b2ed518e7e2cf0e492161b72013888,True,L_IG,NCF official release 150_20_hist.npy (150 ADE20K classes x 20 palettes),,"{""global_scene"": 1.0}",True,population,CIELab_D65_L_0_100_ab_signed,ATR:11|2,0,0,True,True,3,23,ade111_stool_06,0.05974872037768364,0.0,0.0,0.07196681201457977,20.949310302734375,0.0001,161.07205064873597,0,True,0.0001,52.07405862814629,0,True
50,10,15,0.2,0.013333333333333334,0.6,0.0001,0,17001,27001,37001,8,200,1000,1,ncf_full,3f1af891264523591d3a4ef1df6878cb41b2ed518e7e2cf0e492161b72013888,True,L_IG,NCF official release 150_20_hist.npy (150 ADE20K classes x 20 palettes),,"{""global_scene"": 1.0}",True,population,CIELab_D65_L_0_100_ab_signed,ATR:11|2,0,0,True,True,3,24,ade124_trade_12,0.06190338730812073,0.0,0.0,0.07944615930318832,21.027671813964844,0.0001,161.07205064873597,0,True,0.0001,23.413933120478355,0,True
50,10,15,0.2,0.013333333333333334,0.6,0.0001,0,17001,27001,37001,8,200,1000,1,ncf_full,3f1af891264523591d3a4ef1df6878cb41b2ed518e7e2cf0e492161b72013888,True,L_IG,NCF official release 150_20_hist.npy (150 ADE20K classes x 20 palettes),,"{""global_scene"": 1.0}",True,population,CIELab_D65_L_0_100_ab_signed,ATR:11|2,0,0,True,True,3,25,ade011_cabinet_18,0.043087784200906754,0.0,0.0,0.1065623015165329,26.421897888183594,0.0001,161.07205064873597,0,True,0.0001,0.6487272436198744,0,True
50,10,15,0.2,0.013333333333333334,0.6,0.0001,0,17001,27001,37001,8,200,1000,1,ncf_full,3f1af891264523591d3a4ef1df6878cb41b2ed518e7e2cf0e492161b72013888,True,L_IG,NCF official release 150_20_hist.npy (150 ADE20K classes x 20 palettes),,"{""global_scene"": 1.0}",True,population,CIELab_D65_L_0_100_ab_signed,ATR:11|2,0,0,True,True,3,26,ade139_ashcan_17,0.042976826429367065,0.0,0.0,0.08098729699850082,32.2545166015625,0.0001,161.07205064873597,0,True,0.0001,10.445604288226068,0,True
50,10,15,0.2,0.013333333333333334,0.6,0.0001,0,17001,27001,37001,8,200,1000,1,ncf_full,3f1af891264523591d3a4ef1df6878cb41b2ed518e7e2cf0e492161b72013888,True,L_IG,NCF official release 150_20_hist.npy (150 ADE20K classes x 20 palettes),,"{""global_scene"": 1.0}",True,population,CIELab_D65_L_0_100_ab_signed,ATR:11|2,0,0,True,True,3,27,ade036_wardrobe_14,0.03997555375099182,0.0,0.0,0.0005353292217478156,15.48066234588623,0.0001,161.07205064873597,0,True,0.0001,11.343008376299734,0,True
50,10,15,0.2,0.013333333333333334,0.6,0.0001,0,17001,27001,37001,8,200,1000,1,ncf_full,3f1af891264523591d3a4ef1df6878cb41b2ed518e7e2cf0e492161b72013888,True,L_IG,NCF official release 150_20_hist.npy (150 ADE20K classes x 20 palettes),,"{""global_scene"": 1.0}",True,population,CIELab_D65_L_0_100_ab_signed,ATR:11|2,0,0,True,True,3,28,ade035_rock_14,0.062313660979270935,0.0,0.0,0.0,14.105060577392578,0.0001,161.07205064873597,0,True,0.0001,14.20536143760791,0,True
50,10,15,0.2,0.013333333333333334,0.6,0.0001,0,17001,27001,37001,8,200,1000,1,ncf_full,3f1af891264523591d3a4ef1df6878cb41b2ed518e7e2cf0e492161b72013888,True,L_IG,NCF official release 150_20_hist.npy (150 ADE20K classes x 20 palettes),,"{""global_scene"": 1.0}",True,population,CIELab_D65_L_0_100_ab_signed,ATR:11|2,0,0,True,True,3,29,ade009_windowpane_10,0.06575212627649307,0.0,0.0,0.07686488330364227,14.37207317352295,0.0001,161.07205064873597,0,True,0.0001,9.025740754215283,0,True
50,10,15,0.2,0.013333333333333334,0.6,0.0001,0,17001,27001,37001,8,200,1000,1,ncf_full,3f1af891264523591d3a4ef1df6878cb41b2ed518e7e2cf0e492161b72013888,True,L_IG,NCF official release 150_20_hist.npy (150 ADE20K classes x 20 palettes),,"{""global_scene"": 1.0}",True,population,CIELab_D65_L_0_100_ab_signed,ATR:11|2,0,0,True,True,3,30,ade023_painting_10,0.05745026469230652,0.0,0.0,0.048954010009765625,20.292911529541016,0.0001,161.07205064873597,0,True,0.0001,42.9222454228549,0,True
50,10,15,0.2,0.013333333333333334,0.6,0.0001,0,17001,27001,37001,8,200,1000,1,ncf_full,3f1af891264523591d3a4ef1df6878cb41b2ed518e7e2cf0e492161b72013888,True,L_IG,NCF official release 150_20_hist.npy (150 ADE20K classes x 20 palettes),,"{""global_scene"": 1.0}",True,population,CIELab_D65_L_0_100_ab_signed,ATR:11|2,0,0,True,True,3,31,ade044_signboard_11,0.044951181858778,0.0,0.0,0.17385229468345642,30.874357223510742,0.0001,161.07205064873597,0,True,0.0001,45.51673113432719,0,True
50,10,15,0.2,0.013333333333333334,0.6,0.0001,0,17001,27001,37001,8,200,1000,1,ncf_full,3f1af891264523591d3a4ef1df6878cb41b2ed518e7e2cf0e492161b72013888,True,L_IG,NCF official release 150_20_hist.npy (150 ADE20K classes x 20 palettes),,"{""global_scene"": 1.0}",True,population,CIELab_D65_L_0_100_ab_signed,ATR:11|2,0,0,True,True,3,32,ade121_food_04,0.05280535668134689,0.0,0.0,0.13692983984947205,21.797008514404297,0.0001,161.07205064873597,0,True,0.0001,25.050791980106176,0,True
50,10,15,0.2,0.013333333333333334,0.6,0.0001,0,17001,27001,37001,8,200,1000,1,ncf_full,3f1af891264523591d3a4ef1df6878cb41b2ed518e7e2cf0e492161b72013888,True,L_IG,NCF official release 150_20_hist.npy (150 ADE20K classes x 20 palettes),,"{""global_scene"": 1.0}",True,population,CIELab_D65_L_0_100_ab_signed,ATR:11|2,0,0,True,True,3,33,ade112_barrel_13,0.052117303013801575,0.0,0.0,0.044040679931640625,25.54593276977539,0.0001,161.07205064873597,0,True,0.0001,16.821610828739797,0,True
50,10,15,0.2,0.013333333333333334,0.6,0.0001,0,17001,27001,37001,8,200,1000,1,ncf_full,3f1af891264523591d3a4ef1df6878cb41b2ed518e7e2cf0e492161b72013888,True,L_IG,NCF official release 150_20_hist.npy (150 ADE20K classes x 20 palettes),,"{""global_scene"": 1.0}",True,population,CIELab_D65_L_0_100_ab_signed,ATR:11|2,0,0,True,True,3,34,ade101_poster_19,0.026392962783575058,0.0,0.0,0.0076382956467568874,43.10178756713867,0.0001,161.07205064873597,0,True,0.0001,2.322148850453576,0,True
50,10,15,0.2,0.013333333333333334,0.6,0.0001,0,17001,27001,37001,8,200,1000,1,ncf_full,3f1af891264523591d3a4ef1df6878cb41b2ed518e7e2cf0e492161b72013888,True,L_IG,NCF official release 150_20_hist.npy (150 ADE20K classes x 20 palettes),,"{""global_scene"": 1.0}",True,population,CIELab_D65_L_0_100_ab_signed,ATR:11|2,0,0,True,True,3,35,ade025_shelf_02,0.05415894091129303,0.0,0.0,0.10497411340475082,18.721210479736328,0.0001,161.07205064873597,0,True,0.0001,48.4287014894185,0,True
50,10,15,0.2,0.013333333333333334,0.6,0.0001,0,17001,27001,37001,8,200,1000,1,ncf_full,3f1af891264523591d3a4ef1df6878cb41b2ed518e7e2cf0e492161b72013888,True,L_IG,NCF official release 150_20_hist.npy (150 ADE20K classes x 20 palettes),,"{""global_scene"": 1.0}",True,population,CIELab_D65_L_0_100_ab_signed,ATR:11|2,0,0,True,True,3,36,ade039_railing_13,0.06232475861907005,0.0,0.0,0.0031496684532612562,19.372283935546875,0.0001,161.07205064873597,0,True,0.0001,9.874480109311369,0,True
50,10,15,0.2,0.013333333333333334,0.6,0.0001,0,17001,27001,37001,8,200,1000,1,ncf_full,3f1af891264523591d3a4ef1df6878cb41b2ed518e7e2cf0e492161b72013888,True,L_IG,NCF official release 150_20_hist.npy (150 ADE20K classes x 20 palettes),,"{""global_scene"": 1.0}",True,population,CIELab_D65_L_0_100_ab_signed,ATR:11|2,0,0,True,True,3,37,ade141_pier_00,0.06261147558689117,0.0,0.0,0.0048154196701943874,15.661872863769531,0.0001,161.07205064873597,0,True,0.0001,12.736828250014794,0,True
50,10,15,0.2,0.013333333333333334,0.6,0.0001,0,17001,27001,37001,8,200,1000,1,ncf_full,3f1af891264523591d3a4ef1df6878cb41b2ed518e7e2cf0e492161b72013888,True,L_IG,NCF official release 150_20_hist.npy (150 ADE20K classes x 20 palettes),,"{""global_scene"": 1.0}",True,population,CIELab_D65_L_0_100_ab_signed,ATR:11|2,0,0,True,True,3,38,ade004_floor_02,0.04998712241649628,0.0,0.0,0.0,19.485620498657227,0.0001,161.07205064873597,0,True,0.0001,8.356591286389365,0,True
50,10,15,0.2,0.013333333333333334,0.6,0.0001,0,17001,27001,37001,8,200,1000,1,ncf_full,3f1af891264523591d3a4ef1df6878cb41b2ed518e7e2cf0e492161b72013888,True,L_IG,NCF official release 150_20_hist.npy (150 ADE20K classes x 20 palettes),,"{""global_scene"": 1.0}",True,population,CIELab_D65_L_0_100_ab_signed,ATR:11|2,0,0,True,True,3,39,ade023_painting_01,0.06013133376836777,0.0,0.0,0.08146031945943832,20.619773864746094,0.0001,161.07205064873597,0,True,0.0001,49.270348104927166,0,True
50,10,15,0.2,0.013333333333333334,0.6,0.0001,0,17001,27001,37001,8,200,1000,1,ncf_full,3f1af891264523591d3a4ef1df6878cb41b2ed518e7e2cf0e492161b72013888,True,L_IG,NCF official release 150_20_hist.npy (150 ADE20K classes x 20 palettes),,"{""global_scene"": 1.0}",True,population,CIELab_D65_L_0_100_ab_signed,ATR:11|2,0,0,True,True,3,40,ade049_skyscraper_13,0.06480108201503754,0.0,0.0,0.07214228808879852,18.968820571899414,0.0001,161.07205064873597,0,True,0.0001,26.667112566392273,0,True
50,10,15,0.2,0.013333333333333334,0.6,0.0001,0,17001,27001,37001,8,200,1000,1,ncf_full,3f1af891264523591d3a4ef1df6878cb41b2ed518e7e2cf0e492161b72013888,True,L_IG,NCF official release 150_20_hist.npy (150 ADE20K classes x 20 palettes),,"{""global_scene"": 1.0}",True,population,CIELab_D65_L_0_100_ab_signed,ATR:11|2,0,0,True,True,3,41,ade144_monitor_14,0.059490106999874115,0.0,0.0,0.0,23.040477752685547,0.0001,161.07205064873597,0,True,0.0001,5.409515623752169,0,True
50,10,15,0.2,0.013333333333333334,0.6,0.0001,0,17001,27001,37001,8,200,1000,1,ncf_full,3f1af891264523591d3a4ef1df6878cb41b2ed518e7e2cf0e492161b72013888,True,L_IG,NCF official release 150_20_hist.npy (150 ADE20K classes x 20 palettes),,"{""global_scene"": 1.0}",True,population,CIELab_D65_L_0_100_ab_signed,ATR:11|2,0,0,True,True,3,42,ade135_sconce_16,0.03708871826529503,0.0,0.0,0.0,17.732192993164062,0.0001,161.07205064873597,0,True,0.0001,4.327490201723915,0,True
50,10,15,0.2,0.013333333333333334,0.6,0.0001,0,17001,27001,37001,8,200,1000,1,ncf_full,3f1af891264523591d3a4ef1df6878cb41b2ed518e7e2cf0e492161b72013888,True,L_IG,NCF official release 150_20_hist.npy (150 ADE20K classes x 20 palettes),,"{""global_scene"": 1.0}",True,population,CIELab_D65_L_0_100_ab_signed,ATR:11|2,0,0,True,True,3,43,ade130_dishwasher_15,0.048620812594890594,0.0,0.0,0.26607388257980347,17.323596954345703,0.0001,161.07205064873597,0,True,0.0001,5.990211218492531,0,True
50,10,15,0.2,0.013333333333333334,0.6,0.0001,0,17001,27001,37001,8,200,1000,1,ncf_full,3f1af891264523591d3a4ef1df6878cb41b2ed518e7e2cf0e492161b72013888,True,L_IG,NCF official release 150_20_hist.npy (150 ADE20K classes x 20 palettes),,"{""global_scene"": 1.0}",True,population,CIELab_D65_L_0_100_ab_signed,ATR:11|2,0,0,True,True,3,44,ade017_mountain_14,0.056947242468595505,0.0,0.0,0.0,13.59151840209961,0.0001,161.07205064873597,0,True,0.0001,2.3813141221581233,0,True
50,10,15,0.2,0.013333333333333334,0.6,0.0001,0,17001,27001,37001,8,200,1000,1,ncf_full,3f1af891264523591d3a4ef1df6878cb41b2ed518e7e2cf0e492161b72013888,True,L_IG,NCF official release 150_20_hist.npy (150 ADE20K classes x 20 palettes),,"{""global_scene"": 1.0}",True,population,CIELab_D65_L_0_100_ab_signed,ATR:11|2,0,0,True,True,3,45,ade144_monitor_11,0.05794248357415199,0.0,0.0,0.1276601254940033,25.99032211303711,0.0001,161.07205064873597,0,True,0.0001,167.4401446639618,0,True
50,10,15,0.2,0.013333333333333334,0.6,0.0001,0,17001,27001,37001,8,200,1000,1,ncf_full,3f1af891264523591d3a4ef1df6878cb41b2ed518e7e2cf0e492161b72013888,True,L_IG,NCF official release 150_20_hist.npy (150 ADE20K classes x 20 palettes),,"{""global_scene"": 1.0}",True,population,CIELab_D65_L_0_100_ab_signed,ATR:11|2,0,0,True,True,3,46,ade091_airplane_16,0.05288257822394371,0.0,0.0,0.0,18.290193557739258,0.0001,161.07205064873597,0,True,0.0001,12.398906035133946,0,True
50,10,15,0.2,0.013333333333333334,0.6,0.0001,0,17001,27001,37001,8,200,1000,1,ncf_full,3f1af891264523591d3a4ef1df6878cb41b2ed518e7e2cf0e492161b72013888,True,L_IG,NCF official release 150_20_hist.npy (150 ADE20K classes x 20 palettes),,"{""global_scene"": 1.0}",True,population,CIELab_D65_L_0_100_ab_signed,ATR:11|2,0,0,True,True,3,47,ade125_microwave_03,0.07178421318531036,0.0,0.0,0.0036938986741006374,11.701311111450195,0.0001,161.07205064873597,0,True,0.0001,15.32554077958269,0,True
50,10,15,0.2,0.013333333333333334,0.6,0.0001,0,17001,27001,37001,8,200,1000,1,ncf_full,3f1af891264523591d3a4ef1df6878cb41b2ed518e7e2cf0e492161b72013888,True,L_IG,NCF official release 150_20_hist.npy (150 ADE20K classes x 20 palettes),,"{""global_scene"": 1.0}",True,population,CIELab_D65_L_0_100_ab_signed,ATR:11|2,0,0,True,True,3,48,ade135_sconce_17,0.05702958256006241,0.0,0.0,0.18055979907512665,21.564924240112305,0.0001,161.07205064873597,0,True,0.0001,53.67119911781177,0,True
50,10,15,0.2,0.013333333333333334,0.6,0.0001,0,17001,27001,37001,8,200,1000,1,ncf_full,3f1af891264523591d3a4ef1df6878cb41b2ed518e7e2cf0e492161b72013888,True,L_IG,NCF official release 150_20_hist.npy (150 ADE20K classes x 20 palettes),,"{""global_scene"": 1.0}",True,population,CIELab_D65_L_0_100_ab_signed,ATR:11|2,0,0,True,True,3,49,ade123_tank_11,0.05479339882731438,0.0,0.0,0.05528005212545395,30.109909057617188,0.0001,161.07205064873597,0,True,0.0001,86.12234016725981,0,True
50,10,15,0.2,0.013333333333333334,0.6,0.0001,0,17001,27001,37001,8,200,1000,1,ncf_full,3f1af891264523591d3a4ef1df6878cb41b2ed518e7e2cf0e492161b72013888,True,L_IG,NCF official release 150_20_hist.npy (150 ADE20K classes x 20 palettes),,"{""global_scene"": 1.0}",True,population,CIELab_D65_L_0_100_ab_signed,ATR:11|2,0,0,True,True,4,0,ade127_animal_10,0.05721680447459221,0.0,0.0,0.17269770801067352,21.766578674316406,0.0001,161.07205064873597,0,True,0.0001,11.206238478420783,0,True
50,10,15,0.2,0.013333333333333334,0.6,0.0001,0,17001,27001,37001,8,200,1000,1,ncf_full,3f1af891264523591d3a4ef1df6878cb41b2ed518e7e2cf0e492161b72013888,True,L_IG,NCF official release 150_20_hist.npy (150 ADE20K classes x 20 palettes),,"{""global_scene"": 1.0}",True,population,CIELab_D65_L_0_100_ab_signed,ATR:11|2,0,0,True,True,4,1,ade135_sconce_14,0.04602213203907013,0.0,0.0,0.145599365234375,27.32388687133789,0.0001,161.07205064873597,0,True,0.0001,18.948183196282244,0,True
50,10,15,0.2,0.013333333333333334,0.6,0.0001,0,17001,27001,37001,8,200,1000,1,ncf_full,3f1af891264523591d3a4ef1df6878cb41b2ed518e7e2cf0e492161b72013888,True,L_IG,NCF official release 150_20_hist.npy (150 ADE20K classes x 20 palettes),,"{""global_scene"": 1.0}",True,population,CIELab_D65_L_0_100_ab_signed,ATR:11|2,0,0,True,True,4,2,ade032_seat_11,0.05730001628398895,0.0,0.0,0.19174322485923767,26.487529754638672,0.0001,161.07205064873597,0,True,0.0001,98.89583229914189,0,True
50,10,15,0.2,0.013333333333333334,0.6,0.0001,0,17001,27001,37001,8,200,1000,1,ncf_full,3f1af891264523591d3a4ef1df6878cb41b2ed518e7e2cf0e492161b72013888,True,L_IG,NCF official release 150_20_hist.npy (150 ADE20K classes x 20 palettes),,"{""global_scene"": 1.0}",True,population,CIELab_D65_L_0_100_ab_signed,ATR:11|2,0,0,True,True,4,3,ade039_railing_13,0.06232475861907005,0.0,0.0,0.0031496684532612562,19.372283935546875,0.0001,161.07205064873597,0,True,0.0001,9.874480109311369,0,True
50,10,15,0.2,0.013333333333333334,0.6,0.0001,0,17001,27001,37001,8,200,1000,1,ncf_full,3f1af891264523591d3a4ef1df6878cb41b2ed518e7e2cf0e492161b72013888,True,L_IG,NCF official release 150_20_hist.npy (150 ADE20K classes x 20 palettes),,"{""global_scene"": 1.0}",True,population,CIELab_D65_L_0_100_ab_signed,ATR:11|2,0,0,True,True,4,4,ade025_shelf_09,0.06589023768901825,0.0,0.0,0.01947275921702385,15.437800407409668,0.0001,161.07205064873597,0,True,0.0001,10.208026215286095,0,True
50,10,15,0.2,0.013333333333333334,0.6,0.0001,0,17001,27001,37001,8,200,1000,1,ncf_full,3f1af891264523591d3a4ef1df6878cb41b2ed518e7e2cf0e492161b72013888,True,L_IG,NCF official release 150_20_hist.npy (150 ADE20K classes x 20 palettes),,"{""global_scene"": 1.0}",True,population,CIELab_D65_L_0_100_ab_signed,ATR:11|2,0,0,True,True,4,5,ade099_bottle_16,0.048716966062784195,0.0,0.0,0.08588790893554688,33.930110931396484,0.0001,161.07205064873597,0,True,0.0001,21.005960016126497,0,True
50,10,15,0.2,0.013333333333333334,0.6,0.0001,0,17001,27001,37001,8,200,1000,1,ncf_full,3f1af891264523591d3a4ef1df6878cb41b2ed518e7e2cf0e492161b72013888,True,L_IG,NCF official release 150_20_hist.npy (150 ADE20K classes x 20 palettes),,"{""global_scene"": 1.0}",True,population,CIELab_D65_L_0_100_ab_signed,ATR:11|2,0,0,True,True,4,6,ade066_toilet_19,0.03144684061408043,0.0,0.0,0.0018450419884175062,29.49136734008789,0.0001,161.07205064873597,0,True,0.0001,3.1169032568231003,0,True
50,10,15,0.2,0.013333333333333334,0.6,0.0001,0,17001,27001,37001,8,200,1000,1,ncf_full,3f1af891264523591d3a4ef1df6878cb41b2ed518e7e2cf0e492161b72013888,True,L_IG,NCF official release 150_20_hist.npy (150 ADE20K classes x 20 palettes),,"{""global_scene"": 1.0}",True,population,CIELab_D65_L_0_100_ab_signed,ATR:11|2,0,0,True,True,4,7,ade049_skyscraper_16,0.057705529034137726,0.0,0.0,0.138031005859375,19.61505889892578,0.0001,161.07205064873597,0,True,0.0001,4.903914294679402,0,True
50,10,15,0.2,0.013333333333333334,0.6,0.0001,0,17001,27001,37001,8,200,1000,1,ncf_full,3f1af891264523591d3a4ef1df6878cb41b2ed518e7e2cf0e492161b72013888,True,L_IG,NCF official release 150_20_hist.npy (150 ADE20K classes x 20 palettes),,"{""global_scene"": 1.0}",True,population,CIELab_D65_L_0_100_ab_signed,ATR:11|2,0,0,True,True,4,8,ade075_computer_02,0.055050868541002274,0.0,0.0,0.0075429282151162624,21.750221252441406,0.0001,161.07205064873597,0,True,0.0001,10.107190759026778,0,True
50,10,15,0.2,0.013333333333333334,0.6,0.0001,0,17001,27001,37001,8,200,1000,1,ncf_full,3f1af891264523591d3a4ef1df6878cb41b2ed518e7e2cf0e492161b72013888,True,L_IG,NCF official release 150_20_hist.npy (150 ADE20K classes x 20 palettes),,"{""global_scene"": 1.0}",True,population,CIELab_D65_L_0_100_ab_signed,ATR:11|2,0,0,True,True,4,9,ade119_oven_01,0.058406926691532135,0.0,0.0,0.00443267822265625,18.690507888793945,0.0001,161.07205064873597,0,True,0.0001,4.669477516727773,0,True
50,10,15,0.2,0.013333333333333334,0.6,0.0001,0,17001,27001,37001,8,200,1000,1,ncf_full,3f1af891264523591d3a4ef1df6878cb41b2ed518e7e2cf0e492161b72013888,True,L_IG,NCF official release 150_20_hist.npy (150 ADE20K classes x 20 palettes),,"{""global_scene"": 1.0}",True,population,CIELab_D65_L_0_100_ab_signed,ATR:11|2,0,0,True,True,4,10,ade117_minibike_18,0.04638303443789482,0.0,0.0,0.00048828125,28.39737319946289,0.0001,161.07205064873597,0,True,0.0001,0.24962705742365576,0,True
50,10,15,0.2,0.013333333333333334,0.6,0.0001,0,17001,27001,37001,8,200,1000,1,ncf_full,3f1af891264523591d3a4ef1df6878cb41b2ed518e7e2cf0e492161b72013888,True,L_IG,NCF official release 150_20_hist.npy (150 ADE20K classes x 20 palettes),,"{""global_scene"": 1.0}",True,population,CIELab_D65_L_0_100_ab_signed,ATR:11|2,0,0,True,True,4,11,ade150_flag_16,0.05165059491991997,0.0,0.0,0.13066355884075165,22.831859588623047,0.0001,161.07205064873597,0,True,0.0001,22.68836115747454,0,True
50,10,15,0.2,0.013333333333333334,0.6,0.0001,0,17001,27001,37001,8,200,1000,1,ncf_full,3f1af891264523591d3a4ef1df6878cb41b2ed518e7e2cf0e492161b72013888,True,L_IG,NCF official release 150_20_hist.npy (150 ADE20K classes x 20 palettes),,"{""global_scene"": 1.0}",True,population,CIELab_D65_L_0_100_ab_signed,ATR:11|2,0,0,True,True,4,12,ade143_plate_15,0.03916744887828827,0.0,0.0,3.941854083677754e-05,28.410480499267578,0.0001,161.07205064873597,0,True,0.0001,9.039022916037016,0,True
50,10,15,0.2,0.013333333333333334,0.6,0.0001,0,17001,27001,37001,8,200,1000,1,ncf_full,3f1af891264523591d3a4ef1df6878cb41b2ed518e7e2cf0e492161b72013888,True,L_IG,NCF official release 150_20_hist.npy (150 ADE20K classes x 20 palettes),,"{""global_scene"": 1.0}",True,population,CIELab_D65_L_0_100_ab_signed,ATR:11|2,0,0,True,True,4,13,ade031_armchair_13,0.05384906008839607,0.0,0.0,0.007354736328125,24.508249282836914,0.0001,161.07205064873597,0,True,0.0001,7.600621991453732,0,True
50,10,15,0.2,0.013333333333333334,0.6,0.0001,0,17001,27001,37001,8,200,1000,1,ncf_full,3f1af891264523591d3a4ef1df6878cb41b2ed518e7e2cf0e492161b72013888,True,L_IG,NCF official release 150_20_hist.npy (150 ADE20K classes x 20 palettes),,"{""global_scene"": 1.0}",True,population,CIELab_D65_L_0_100_ab_signed,ATR:11|2,0,0,True,True,4,14,ade088_streetlight_10,0.06255065649747849,0.0,0.0,0.08983612060546875,18.292118072509766,0.0001,161.07205064873597,0,True,0.0001,35.40443976724806,0,True
50,10,15,0.2,0.013333333333333334,0.6,0.0001,0,17001,27001,37001,8,200,1000,1,ncf_full,3f1af891264523591d3a4ef1df6878cb41b2ed518e7e2cf0e492161b72013888,True,L_IG,NCF official release 150_20_hist.npy (150 ADE20K classes x 20 palettes),,"{""global_scene"": 1.0}",True,population,CIELab_D65_L_0_100_ab_signed,ATR:11|2,0,0,True,True,4,15,ade055_runway_07,0.05514203757047653,0.0,0.0,0.004007975570857525,22.387109756469727,0.0001,161.07205064873597,0,True,0.0001,7.759400521650606,0,True
50,10,15,0.2,0.013333333333333334,0.6,0.0001,0,17001,27001,37001,8,200,1000,1,ncf_full,3f1af891264523591d3a4ef1df6878cb41b2ed518e7e2cf0e492161b72013888,True,L_IG,NCF official release 150_20_hist.npy (150 ADE20K classes x 20 palettes),,"{""global_scene"": 1.0}",True,population,CIELab_D65_L_0_100_ab_signed,ATR:11|2,0,0,True,True,4,16,ade099_bottle_07,0.05922730267047882,0.0,0.0,0.051832836121320724,16.823078155517578,0.0001,161.07205064873597,0,True,0.0001,29.48997196916105,0,True
50,10,15,0.2,0.013333333333333334,0.6,0.0001,0,17001,27001,37001,8,200,1000,1,ncf_full,3f1af891264523591d3a4ef1df6878cb41b2ed518e7e2cf0e492161b72013888,True,L_IG,NCF official release 150_20_hist.npy (150 ADE20K classes x 20 palettes),,"{""global_scene"": 1.0}",True,population,CIELab_D65_L_0_100_ab_signed,ATR:11|2,0,0,True,True,4,17,ade112_barrel_13,0.052117303013801575,0.0,0.0,0.044040679931640625,25.54593276977539,0.0001,161.07205064873597,0,True,0.0001,16.821610828739797,0,True
50,10,15,0.2,0.013333333333333334,0.6,0.0001,0,17001,27001,37001,8,200,1000,1,ncf_full,3f1af891264523591d3a4ef1df6878cb41b2ed518e7e2cf0e492161b72013888,True,L_IG,NCF official release 150_20_hist.npy (150 ADE20K classes x 20 palettes),,"{""global_scene"": 1.0}",True,population,CIELab_D65_L_0_100_ab_signed,ATR:11|2,0,0,True,True,4,18,ade121_food_00,0.051234565675258636,0.0,0.0,6.357829079206567e-06,24.162824630737305,0.0001,161.07205064873597,0,True,0.0001,5.711897972594936,0,True
50,10,15,0.2,0.013333333333333334,0.6,0.0001,0,17001,27001,37001,8,200,1000,1,ncf_full,3f1af891264523591d3a4ef1df6878cb41b2ed518e7e2cf0e492161b72013888,True,L_IG,NCF official release 150_20_hist.npy (150 ADE20K classes x 20 palettes),,"{""global_scene"": 1.0}",True,population,CIELab_D65_L_0_100_ab_signed,ATR:11|2,0,0,True,True,4,19,ade041_base_12,0.05291355773806572,0.0,0.0,0.08777618408203125,26.870807647705078,0.0001,161.07205064873597,0,True,0.0001,10.221121728132898,0,True
50,10,15,0.2,0.013333333333333334,0.6,0.0001,0,17001,27001,37001,8,200,1000,1,ncf_full,3f1af891264523591d3a4ef1df6878cb41b2ed518e7e2cf0e492161b72013888,True,L_IG,NCF official release 150_20_hist.npy (150 ADE20K classes x 20 palettes),,"{""global_scene"": 1.0}",True,population,CIELab_D65_L_0_100_ab_signed,ATR:11|2,0,0,True,True,4,20,ade009_windowpane_18,0.04967427998781204,0.0,0.0,0.034374237060546875,25.925827026367188,0.0001,161.07205064873597,0,True,0.0001,1.6435461350339378,0,True
50,10,15,0.2,0.013333333333333334,0.6,0.0001,0,17001,27001,37001,8,200,1000,1,ncf_full,3f1af891264523591d3a4ef1df6878cb41b2ed518e7e2cf0e492161b72013888,True,L_IG,NCF official release 150_20_hist.npy (150 ADE20K classes x 20 palettes),,"{""global_scene"": 1.0}",True,population,CIELab_D65_L_0_100_ab_signed,ATR:11|2,0,0,True,True,4,21,ade020_chair_00,0.04314031824469566,0.0,0.0,0.0033429465256631374,29.3433837890625,0.0001,161.07205064873597,0,True,0.0001,8.407616380613698,0,True
50,10,15,0.2,0.013333333333333334,0.6,0.0001,0,17001,27001,37001,8,200,1000,1,ncf_full,3f1af891264523591d3a4ef1df6878cb41b2ed518e7e2cf0e492161b72013888,True,L_IG,NCF official release 150_20_hist.npy (150 ADE20K classes x 20 palettes),,"{""global_scene"": 1.0}",True,population,CIELab_D65_L_0_100_ab_signed,ATR:11|2,0,0,True,True,4,22,ade146_shower_18,0.03268370032310486,0.0,0.0,0.058773040771484375,28.240556716918945,0.0001,161.07205064873597,0,True,0.0001,1.0925898748379659,0,True
50,10,15,0.2,0.013333333333333334,0.6,0.0001,0,17001,27001,37001,8,200,1000,1,ncf_full,3f1af891264523591d3a4ef1df6878cb41b2ed518e7e2cf0e492161b72013888,True,L_IG,NCF official release 150_20_hist.npy (150 ADE20K classes x 20 palettes),,"{""global_scene"": 1.0}",True,population,CIELab_D65_L_0_100_ab_signed,ATR:11|2,0,0,True,True,4,23,ade071_countertop_14,0.04031175747513771,0.0,0.0,0.2469126433134079,26.378055572509766,0.0001,161.07205064873597,0,True,0.0001,1.384573893446116,0,True
50,10,15,0.2,0.013333333333333334,0.6,0.0001,0,17001,27001,37001,8,200,1000,1,ncf_full,3f1af891264523591d3a4ef1df6878cb41b2ed518e7e2cf0e492161b72013888,True,L_IG,NCF official release 150_20_hist.npy (150 ADE20K classes x 20 palettes),,"{""global_scene"": 1.0}",True,population,CIELab_D65_L_0_100_ab_signed,ATR:11|2,0,0,True,True,4,24,ade037_lamp_02,0.04457245022058487,0.0,0.0,0.06778590381145477,22.871442794799805,0.0001,161.07205064873597,0,True,0.0001,14.38807205675073,0,True
50,10,15,0.2,0.013333333333333334,0.6,0.0001,0,17001,27001,37001,8,200,1000,1,ncf_full,3f1af891264523591d3a4ef1df6878cb41b2ed518e7e2cf0e492161b72013888,True,L_IG,NCF official release 150_20_hist.npy (150 ADE20K classes x 20 palettes),,"{""global_scene"": 1.0}",True,population,CIELab_D65_L_0_100_ab_signed,ATR:11|2,0,0,True,True,4,25,ade049_skyscraper_04,0.047233160585165024,0.0,0.0,0.19550833106040955,38.561065673828125,0.0001,161.07205064873597,0,True,0.0001,5.467234852847479,0,True
50,10,15,0.2,0.013333333333333334,0.6,0.0001,0,17001,27001,37001,8,200,1000,1,ncf_full,3f1af891264523591d3a4ef1df6878cb41b2ed518e7e2cf0e492161b72013888,True,L_IG,NCF official release 150_20_hist.npy (150 ADE20K classes x 20 palettes),,"{""global_scene"": 1.0}",True,population,CIELab_D65_L_0_100_ab_signed,ATR:11|2,0,0,True,True,4,26,ade037_lamp_11,0.05401225388050079,0.0,0.0,0.00403594970703125,17.476604461669922,0.0001,161.07205064873597,0,True,0.0001,27.768645761997078,0,True
50,10,15,0.2,0.013333333333333334,0.6,0.0001,0,17001,27001,37001,8,200,1000,1,ncf_full,3f1af891264523591d3a4ef1df6878cb41b2ed518e7e2cf0e492161b72013888,True,L_IG,NCF official release 150_20_hist.npy (150 ADE20K classes x 20 palettes),,"{""global_scene"": 1.0}",True,population,CIELab_D65_L_0_100_ab_signed,ATR:11|2,0,0,True,True,4,27,ade146_shower_12,0.06615981459617615,0.0,0.0,0.0240427665412426,15.09619426727295,0.0001,161.07205064873597,0,True,0.0001,12.926591215168942,0,True
50,10,15,0.2,0.013333333333333334,0.6,0.0001,0,17001,27001,37001,8,200,1000,1,ncf_full,3f1af891264523591d3a4ef1df6878cb41b2ed518e7e2cf0e492161b72013888,True,L_IG,NCF official release 150_20_hist.npy (150 ADE20K classes x 20 palettes),,"{""global_scene"": 1.0}",True,population,CIELab_D65_L_0_100_ab_signed,ATR:11|2,0,0,True,True,4,28,ade104_ship_19,0.042483314871788025,0.0,0.0,0.21329626441001892,34.11349868774414,0.0001,161.07205064873597,0,True,0.0001,23.15008468825835,0,True
50,10,15,0.2,0.013333333333333334,0.6,0.0001,0,17001,27001,37001,8,200,1000,1,ncf_full,3f1af891264523591d3a4ef1df6878cb41b2ed518e7e2cf0e492161b72013888,True,L_IG,NCF official release 150_20_hist.npy (150 ADE20K classes x 20 palettes),,"{""global_scene"": 1.0}",True,population,CIELab_D65_L_0_100_ab_signed,ATR:11|2,0,0,True,True,4,29,ade050_fireplace_17,0.06578012555837631,0.0,0.0,0.1104278564453125,17.221145629882812,0.0001,161.07205064873597,0,True,0.0001,19.219917399543665,0,True
50,10,15,0.2,0.013333333333333334,0.6,0.0001,0,17001,27001,37001,8,200,1000,1,ncf_full,3f1af891264523591d3a4ef1df6878cb41b2ed518e7e2cf0e492161b72013888,True,L_IG,NCF official release 150_20_hist.npy (150 ADE20K classes x 20 palettes),,"{""global_scene"": 1.0}",True,population,CIELab_D65_L_0_100_ab_signed,ATR:11|2,0,0,True,True,4,30,ade088_streetlight_09,0.04409182816743851,0.0,0.0,0.3182665705680847,26.344263076782227,0.0001,161.07205064873597,0,True,0.0001,1.6991768427644391,0,True
50,10,15,0.2,0.013333333333333334,0.6,0.0001,0,17001,27001,37001,8,200,1000,1,ncf_full,3f1af891264523591d3a4ef1df6878cb41b2ed518e7e2cf0e492161b72013888,True,L_IG,NCF official release 150_20_hist.npy (150 ADE20K classes x 20 palettes),,"{""global_scene"": 1.0}",True,population,CIELab_D65_L_0_100_ab_signed,ATR:11|2,0,0,True,True,4,31,ade102_stage_13,0.0530380941927433,0.0,0.0,0.0,22.797622680664062,0.0001,161.07205064873597,0,True,0.0001,3.7027463098968973,0,True
50,10,15,0.2,0.013333333333333334,0.6,0.0001,0,17001,27001,37001,8,200,1000,1,ncf_full,3f1af891264523591d3a4ef1df6878cb41b2ed518e7e2cf0e492161b72013888,True,L_IG,NCF official release 150_20_hist.npy (150 ADE20K classes x 20 palettes),,"{""global_scene"": 1.0}",True,population,CIELab_D65_L_0_100_ab_signed,ATR:11|2,0,0,True,True,4,32,ade150_flag_02,0.048409417271614075,0.0,0.0,0.001312255859375,24.223417282104492,0.0001,161.07205064873597,0,True,0.0001,16.579330990206607,0,True
50,10,15,0.2,0.013333333333333334,0.6,0.0001,0,17001,27001,37001,8,200,1000,1,ncf_full,3f1af891264523591d3a4ef1df6878cb41b2ed518e7e2cf0e492161b72013888,True,L_IG,NCF official release 150_20_hist.npy (150 ADE20K classes x 20 palettes),,"{""global_scene"": 1.0}",True,population,CIELab_D65_L_0_100_ab_signed,ATR:11|2,0,0,True,True,4,33,ade066_toilet_17,0.049243032932281494,0.0,0.0,0.06472905725240707,27.345500946044922,0.0001,161.07205064873597,0,True,0.0001,10.468068215545571,0,True
50,10,15,0.2,0.013333333333333334,0.6,0.0001,0,17001,27001,37001,8,200,1000,1,ncf_full,3f1af891264523591d3a4ef1df6878cb41b2ed518e7e2cf0e492161b72013888,True,L_IG,NCF official release 150_20_hist.npy (150 ADE20K classes x 20 palettes),,"{""global_scene"": 1.0}",True,population,CIELab_D65_L_0_100_ab_signed,ATR:11|2,0,0,True,True,4,34,ade001_wall_14,0.03331472724676132,0.0,0.0,0.0461883544921875,36.416263580322266,0.0001,161.07205064873597,0,True,0.0001,2.980823322298816,0,True
50,10,15,0.2,0.013333333333333334,0.6,0.0001,0,17001,27001,37001,8,200,1000,1,ncf_full,3f1af891264523591d3a4ef1df6878cb41b2ed518e7e2cf0e492161b72013888,True,L_IG,NCF official release 150_20_hist.npy (150 ADE20K classes x 20 palettes),,"{""global_scene"": 1.0}",True,population,CIELab_D65_L_0_100_ab_signed,ATR:11|2,0,0,True,True,4,35,ade110_swimming_04,0.061744045466184616,0.0,0.0,0.10363896936178207,23.535179138183594,0.0001,161.07205064873597,0,True,0.0001,22.220978298810966,0,True
50,10,15,0.2,0.013333333333333334,0.6,0.0001,0,17001,27001,37001,8,200,1000,1,ncf_full,3f1af891264523591d3a4ef1df6878cb41b2ed518e7e2cf0e492161b72013888,True,L_IG,NCF official release 150_20_hist.npy (150 ADE20K classes x 20 palettes),,"{""global_scene"": 1.0}",True,population,CIELab_D65_L_0_100_ab_signed,ATR:11|2,0,0,True,True,4,36,ade150_flag_06,0.06903728097677231,0.0,0.0,0.06262588500976562,19.8951473236084,0.0001,161.07205064873597,0,True,0.0001,43.62963571216231,0,True
50,10,15,0.2,0.013333333333333334,0.6,0.0001,0,17001,27001,37001,8,200,1000,1,ncf_full,3f1af891264523591d3a4ef1df6878cb41b2ed518e7e2cf0e492161b72013888,True,L_IG,NCF official release 150_20_hist.npy (150 ADE20K classes x 20 palettes),,"{""global_scene"": 1.0}",True,population,CIELab_D65_L_0_100_ab_signed,ATR:11|2,0,0,True,True,4,37,ade086_chandelier_02,0.059276945888996124,0.0,0.0,0.00690460205078125,16.770427703857422,0.0001,161.07205064873597,0,True,0.0001,3.333189081313879,0,True
50,10,15,0.2,0.013333333333333334,0.6,0.0001,0,17001,27001,37001,8,200,1000,1,ncf_full,3f1af891264523591d3a4ef1df6878cb41b2ed518e7e2cf0e492161b72013888,True,L_IG,NCF official release 150_20_hist.npy (150 ADE20K classes x 20 palettes),,"{""global_scene"": 1.0}",True,population,CIELab_D65_L_0_100_ab_signed,ATR:11|2,0,0,True,True,4,38,ade111_stool_05,0.056410204619169235,0.0,0.0,0.07626597583293915,28.66681671142578,0.0001,161.07205064873597,0,True,0.0001,12.087854671565882,0,True
50,10,15,0.2,0.013333333333333334,0.6,0.0001,0,17001,27001,37001,8,200,1000,1,ncf_full,3f1af891264523591d3a4ef1df6878cb41b2ed518e7e2cf0e492161b72013888,True,L_IG,NCF official release 150_20_hist.npy (150 ADE20K classes x 20 palettes),,"{""global_scene"": 1.0}",True,population,CIELab_D65_L_0_100_ab_signed,ATR:11|2,0,0,True,True,4,39,ade111_stool_14,0.031552817672491074,0.0,0.0,0.21319453418254852,41.969215393066406,0.0001,161.07205064873597,0,True,0.0001,1.7045640596547682,0,True
50,10,15,0.2,0.013333333333333334,0.6,0.0001,0,17001,27001,37001,8,200,1000,1,ncf_full,3f1af891264523591d3a4ef1df6878cb41b2ed518e7e2cf0e492161b72013888,True,L_IG,NCF official release 150_20_hist.npy (150 ADE20K classes x 20 palettes),,"{""global_scene"": 1.0}",True,population,CIELab_D65_L_0_100_ab_signed,ATR:11|2,0,0,True,True,4,40,ade130_dishwasher_12,0.04100881144404411,0.0,0.0,0.0,24.452363967895508,0.0001,161.07205064873597,0,True,0.0001,2.5340780735789425,0,True
50,10,15,0.2,0.013333333333333334,0.6,0.0001,0,17001,27001,37001,8,200,1000,1,ncf_full,3f1af891264523591d3a4ef1df6878cb41b2ed518e7e2cf0e492161b72013888,True,L_IG,NCF official release 150_20_hist.npy (150 ADE20K classes x 20 palettes),,"{""global_scene"": 1.0}",True,population,CIELab_D65_L_0_100_ab_signed,ATR:11|2,0,0,True,True,4,41,ade133_sculpture_01,0.05670588091015816,0.0,0.0,0.0660552978515625,21.880413055419922,0.0001,161.07205064873597,0,True,0.0001,4.5424562055091915,0,True
50,10,15,0.2,0.013333333333333334,0.6,0.0001,0,17001,27001,37001,8,200,1000,1,ncf_full,3f1af891264523591d3a4ef1df6878cb41b2ed518e7e2cf0e492161b72013888,True,L_IG,NCF official release 150_20_hist.npy (150 ADE20K classes x 20 palettes),,"{""global_scene"": 1.0}",True,population,CIELab_D65_L_0_100_ab_signed,ATR:11|2,0,0,True,True,4,42,ade125_microwave_18,0.043519504368305206,0.0,0.0,0.0,30.49686050415039,0.0001,161.07205064873597,0,True,0.0001,4.66159358055782,0,True
50,10,15,0.2,0.013333333333333334,0.6,0.0001,0,17001,27001,37001,8,200,1000,1,ncf_full,3f1af891264523591d3a4ef1df6878cb41b2ed518e7e2cf0e492161b72013888,True,L_IG,NCF official release 150_20_hist.npy (150 ADE20K classes x 20 palettes),,"{""global_scene"": 1.0}",True,population,CIELab_D65_L_0_100_ab_signed,ATR:11|2,0,0,True,True,4,43,ade118_cradle_14,0.05892229825258255,0.0,0.0,0.16294226050376892,20.957319259643555,0.0001,161.07205064873597,0,True,0.0001,21.062713573708443,0,True
50,10,15,0.2,0.013333333333333334,0.6,0.0001,0,17001,27001,37001,8,200,1000,1,ncf_full,3f1af891264523591d3a4ef1df6878cb41b2ed518e7e2cf0e492161b72013888,True,L_IG,NCF official release 150_20_hist.npy (150 ADE20K classes x 20 palettes),,"{""global_scene"": 1.0}",True,population,CIELab_D65_L_0_100_ab_signed,ATR:11|2,0,0,True,True,4,44,ade075_computer_07,0.04053561016917229,0.0,0.0,0.3053639829158783,37.10670852661133,0.0001,161.07205064873597,0,True,0.0001,4.440570631901983,0,True
50,10,15,0.2,0.013333333333333334,0.6,0.0001,0,17001,27001,37001,8,200,1000,1,ncf_full,3f1af891264523591d3a4ef1df6878cb41b2ed518e7e2cf0e492161b72013888,True,L_IG,NCF official release 150_20_hist.npy (150 ADE20K classes x 20 palettes),,"{""global_scene"": 1.0}",True,population,CIELab_D65_L_0_100_ab_signed,ATR:11|2,0,0,True,True,4,45,ade031_armchair_08,0.05632779002189636,0.0,0.0,0.12768682837486267,31.589799880981445,0.0001,161.07205064873597,0,True,0.0001,17.66878503145257,0,True
50,10,15,0.2,0.013333333333333334,0.6,0.0001,0,17001,27001,37001,8,200,1000,1,ncf_full,3f1af891264523591d3a4ef1df6878cb41b2ed518e7e2cf0e492161b72013888,True,L_IG,NCF official release 150_20_hist.npy (150 ADE20K classes x 20 palettes),,"{""global_scene"": 1.0}",True,population,CIELab_D65_L_0_100_ab_signed,ATR:11|2,0,0,True,True,4,46,ade011_cabinet_00,0.05378429591655731,0.0,0.0,0.01850128173828125,16.274383544921875,0.0001,161.07205064873597,0,True,0.0001,27.212373242408255,0,True
50,10,15,0.2,0.013333333333333334,0.6,0.0001,0,17001,27001,37001,8,200,1000,1,ncf_full,3f1af891264523591d3a4ef1df6878cb41b2ed518e7e2cf0e492161b72013888,True,L_IG,NCF official release 150_20_hist.npy (150 ADE20K classes x 20 palettes),,"{""global_scene"": 1.0}",True,population,CIELab_D65_L_0_100_ab_signed,ATR:11|2,0,0,True,True,4,47,ade061_river_19,0.03980414196848869,0.0,0.0,0.029693603515625,27.13336944580078,0.0001,161.07205064873597,0,True,0.0001,1.9346423295683128,0,True
50,10,15,0.2,0.013333333333333334,0.6,0.0001,0,17001,27001,37001,8,200,1000,1,ncf_full,3f1af891264523591d3a4ef1df6878cb41b2ed518e7e2cf0e492161b72013888,True,L_IG,NCF official release 150_20_hist.npy (150 ADE20K classes x 20 palettes),,"{""global_scene"": 1.0}",True,population,CIELab_D65_L_0_100_ab_signed,ATR:11|2,0,0,True,True,4,48,ade041_base_18,0.04393727704882622,0.0,0.0,0.0946858748793602,28.132404327392578,0.0001,161.07205064873597,0,True,0.0001,47.15494605415473,0,True
50,10,15,0.2,0.013333333333333334,0.6,0.0001,0,17001,27001,37001,8,200,1000,1,ncf_full,3f1af891264523591d3a4ef1df6878cb41b2ed518e7e2cf0e492161b72013888,True,L_IG,NCF official release 150_20_hist.npy (150 ADE20K classes x 20 palettes),,"{""global_scene"": 1.0}",True,population,CIELab_D65_L_0_100_ab_signed,ATR:11|2,0,0,True,True,4,49,ade026_house_17,0.05278817564249039,0.0,0.0,0.03669993206858635,31.355287551879883,0.0001,161.07205064873597,0,True,0.0001,10.721553414485392,0,True
50,10,15,0.2,0.013333333333333334,0.6,0.0001,0,17001,27001,37001,8,200,1000,1,ncf_full,3f1af891264523591d3a4ef1df6878cb41b2ed518e7e2cf0e492161b72013888,True,L_IG,NCF official release 150_20_hist.npy (150 ADE20K classes x 20 palettes),,"{""global_scene"": 1.0}",True,population,CIELab_D65_L_0_100_ab_signed,ATR:11|2,0,0,True,True,5,0,ade121_food_11,0.065543532371521,0.0,0.0,0.0,11.693665504455566,0.0001,161.07205064873597,0,True,0.0001,42.93069453367633,0,True
50,10,15,0.2,0.013333333333333334,0.6,0.0001,0,17001,27001,37001,8,200,1000,1,ncf_full,3f1af891264523591d3a4ef1df6878cb41b2ed518e7e2cf0e492161b72013888,True,L_IG,NCF official release 150_20_hist.npy (150 ADE20K classes x 20 palettes),,"{""global_scene"": 1.0}",True,population,CIELab_D65_L_0_100_ab_signed,ATR:11|2,0,0,True,True,5,1,ade141_pier_14,0.05737270414829254,0.0,0.0,0.10636520385742188,22.99565887451172,0.0001,161.07205064873597,0,True,0.0001,5.347287023129842,0,True
50,10,15,0.2,0.013333333333333334,0.6,0.0001,0,17001,27001,37001,8,200,1000,1,ncf_full,3f1af891264523591d3a4ef1df6878cb41b2ed518e7e2cf0e492161b72013888,True,L_IG,NCF official release 150_20_hist.npy (150 ADE20K classes x 20 palettes),,"{""global_scene"": 1.0}",True,population,CIELab_D65_L_0_100_ab_signed,ATR:11|2,0,0,True,True,5,2,ade139_ashcan_07,0.04374203458428383,0.0,0.0,6.357829079206567e-06,32.40044021606445,0.0001,161.07205064873597,0,True,0.0001,3.215643941940033,0,True
50,10,15,0.2,0.013333333333333334,0.6,0.0001,0,17001,27001,37001,8,200,1000,1,ncf_full,3f1af891264523591d3a4ef1df6878cb41b2ed518e7e2cf0e492161b72013888,True,L_IG,NCF official release 150_20_hist.npy (150 ADE20K classes x 20 palettes),,"{""global_scene"": 1.0}",True,population,CIELab_D65_L_0_100_ab_signed,ATR:11|2,0,0,True,True,5,3,ade045_chest_05,0.033709436655044556,0.0,0.0,0.27542752027511597,43.57095718383789,0.0001,161.07205064873597,0,True,0.0001,3.5434612898686786,0,True
50,10,15,0.2,0.013333333333333334,0.6,0.0001,0,17001,27001,37001,8,200,1000,1,ncf_full,3f1af891264523591d3a4ef1df6878cb41b2ed518e7e2cf0e492161b72013888,True,L_IG,NCF official release 150_20_hist.npy (150 ADE20K classes x 20 palettes),,"{""global_scene"": 1.0}",True,population,CIELab_D65_L_0_100_ab_signed,ATR:11|2,0,0,True,True,5,4,ade101_poster_06,0.05208500474691391,0.0,0.0,0.034018199890851974,19.278865814208984,0.0001,161.07205064873597,0,True,0.0001,46.32630972995431,0,True
50,10,15,0.2,0.013333333333333334,0.6,0.0001,0,17001,27001,37001,8,200,1000,1,ncf_full,3f1af891264523591d3a4ef1df6878cb41b2ed518e7e2cf0e492161b72013888,True,L_IG,NCF official release 150_20_hist.npy (150 ADE20K classes x 20 palettes),,"{""global_scene"": 1.0}",True,population,CIELab_D65_L_0_100_ab_signed,ATR:11|2,0,0,True,True,5,5,ade004_floor_10,0.04488358274102211,0.0,0.0,0.15350215137004852,33.009765625,0.0001,161.07205064873597,0,True,0.0001,5.04431239100459,0,True
50,10,15,0.2,0.013333333333333334,0.6,0.0001,0,17001,27001,37001,8,200,1000,1,ncf_full,3f1af891264523591d3a4ef1df6878cb41b2ed518e7e2cf0e492161b72013888,True,L_IG,NCF official release 150_20_hist.npy (150 ADE20K classes x 20 palettes),,"{""global_scene"": 1.0}",True,population,CIELab_D65_L_0_100_ab_signed,ATR:11|2,0,0,True,True,5,6,ade090_television_12,0.061825476586818695,0.0,0.0,0.14434051513671875,14.551101684570312,0.0001,161.07205064873597,0,True,0.0001,45.01384785070054,0,True
50,10,15,0.2,0.013333333333333334,0.6,0.0001,0,17001,27001,37001,8,200,1000,1,ncf_full,3f1af891264523591d3a4ef1df6878cb41b2ed518e7e2cf0e492161b72013888,True,L_IG,NCF official release 150_20_hist.npy (150 ADE20K classes x 20 palettes),,"{""global_scene"": 1.0}",True,population,CIELab_D65_L_0_100_ab_signed,ATR:11|2,0,0,True,True,5,7,ade012_sidewalk_13,0.05200932174921036,0.0,0.0,0.0,24.574838638305664,0.0001,161.07205064873597,0,True,0.0001,1.073225026422318,0,True
50,10,15,0.2,0.013333333333333334,0.6,0.0001,0,17001,27001,37001,8,200,1000,1,ncf_full,3f1af891264523591d3a4ef1df6878cb41b2ed518e7e2cf0e492161b72013888,True,L_IG,NCF official release 150_20_hist.npy (150 ADE20K classes x 20 palettes),,"{""global_scene"": 1.0}",True,population,CIELab_D65_L_0_100_ab_signed,ATR:11|2,0,0,True,True,5,8,ade105_fountain_08,0.05124932900071144,0.0,0.0,0.0236612968146801,27.778470993041992,0.0001,161.07205064873597,0,True,0.0001,10.046646751811728,0,True
50,10,15,0.2,0.013333333333333334,0.6,0.0001,0,17001,27001,37001,8,200,1000,1,ncf_full,3f1af891264523591d3a4ef1df6878cb41b2ed518e7e2cf0e492161b72013888,True,L_IG,NCF official release 150_20_hist.npy (150 ADE20K classes x 20 palettes),,"{""global_scene"": 1.0}",True,population,CIELab_D65_L_0_100_ab_signed,ATR:11|2,0,0,True,True,5,9,ade121_food_04,0.05280535668134689,0.0,0.0,0.13692983984947205,21.797008514404297,0.0001,161.07205064873597,0,True,0.0001,25.050791980106176,0,True
50,10,15,0.2,0.013333333333333334,0.6,0.0001,0,17001,27001,37001,8,200,1000,1,ncf_full,3f1af891264523591d3a4ef1df6878cb41b2ed518e7e2cf0e492161b72013888,True,L_IG,NCF official release 150_20_hist.npy (150 ADE20K classes x 20 palettes),,"{""global_scene"": 1.0}",True,population,CIELab_D65_L_0_100_ab_signed,ATR:11|2,0,0,True,True,5,10,ade094_pole_19,0.05753612518310547,0.0,0.0,0.0,15.70281982421875,0.0001,161.07205064873597,0,True,0.0001,1.1720974807852573,0,True
50,10,15,0.2,0.013333333333333334,0.6,0.0001,0,17001,27001,37001,8,200,1000,1,ncf_full,3f1af891264523591d3a4ef1df6878cb41b2ed518e7e2cf0e492161b72013888,True,L_IG,NCF official release 150_20_hist.npy (150 ADE20K classes x 20 palettes),,"{""global_scene"": 1.0}",True,population,CIELab_D65_L_0_100_ab_signed,ATR:11|2,0,0,True,True,5,11,ade038_bathtub_10,0.06706748902797699,0.0,0.0,0.11556752771139145,12.634121894836426,0.0001,161.07205064873597,0,True,0.0001,20.47751637550744,0,True
50,10,15,0.2,0.013333333333333334,0.6,0.0001,0,17001,27001,37001,8,200,1000,1,ncf_full,3f1af891264523591d3a4ef1df6878cb41b2ed518e7e2cf0e492161b72013888,True,L_IG,NCF official release 150_20_hist.npy (150 ADE20K classes x 20 palettes),,"{""global_scene"": 1.0}",True,population,CIELab_D65_L_0_100_ab_signed,ATR:11|2,0,0,True,True,5,12,ade061_river_11,0.05632215738296509,0.0,0.0,0.12761053442955017,22.118623733520508,0.0001,161.07205064873597,0,True,0.0001,72.27264322594449,0,True
50,10,15,0.2,0.013333333333333334,0.6,0.0001,0,17001,27001,37001,8,200,1000,1,ncf_full,3f1af891264523591d3a4ef1df6878cb41b2ed518e7e2cf0e492161b72013888,True,L_IG,NCF official release 150_20_hist.npy (150 ADE20K classes x 20 palettes),,"{""global_scene"": 1.0}",True,population,CIELab_D65_L_0_100_ab_signed,ATR:11|2,0,0,True,True,5,13,ade116_bag_12,0.020818062126636505,0.0,0.0,0.2962989807128906,44.37470245361328,0.0001,161.07205064873597,0,True,0.0001,1.853238753147663,0,True
50,10,15,0.2,0.013333333333333334,0.6,0.0001,0,17001,27001,37001,8,200,1000,1,ncf_full,3f1af891264523591d3a4ef1df6878cb41b2ed518e7e2cf0e492161b72013888,True,L_IG,NCF official release 150_20_hist.npy (150 ADE20K classes x 20 palettes),,"{""global_scene"": 1.0}",True,population,CIELab_D65_L_0_100_ab_signed,ATR:11|2,0,0,True,True,5,14,ade016_table_18,0.02813536673784256,0.0,0.0,0.0,34.73872375488281,0.0001,161.07205064873597,0,True,0.0001,2.0616534242607143,0,True
50,10,15,0.2,0.013333333333333334,0.6,0.0001,0,17001,27001,37001,8,200,1000,1,ncf_full,3f1af891264523591d3a4ef1df6878cb41b2ed518e7e2cf0e492161b72013888,True,L_IG,NCF official release 150_20_hist.npy (150 ADE20K classes x 20 palettes),,"{""global_scene"": 1.0}",True,population,CIELab_D65_L_0_100_ab_signed,ATR:11|2,0,0,True,True,5,15,ade015_door_08,0.06372486054897308,0.0,0.0,0.0563252791762352,19.005088806152344,0.0001,161.07205064873597,0,True,0.0001,27.95065365637888,0,True
50,10,15,0.2,0.013333333333333334,0.6,0.0001,0,17001,27001,37001,8,200,1000,1,ncf_full,3f1af891264523591d3a4ef1df6878cb41b2ed518e7e2cf0e492161b72013888,True,L_IG,NCF official release 150_20_hist.npy (150 ADE20K classes x 20 palettes),,"{""global_scene"": 1.0}",True,population,CIELab_D65_L_0_100_ab_signed,ATR:11|2,0,0,True,True,5,16,ade022_water_03,0.04846668243408203,0.0,0.0,0.056575775146484375,30.017192840576172,0.0001,161.07205064873597,0,True,0.0001,7.109584654177408,0,True
50,10,15,0.2,0.013333333333333334,0.6,0.0001,0,17001,27001,37001,8,200,1000,1,ncf_full,3f1af891264523591d3a4ef1df6878cb41b2ed518e7e2cf0e492161b72013888,True,L_IG,NCF official release 150_20_hist.npy (150 ADE20K classes x 20 palettes),,"{""global_scene"": 1.0}",True,population,CIELab_D65_L_0_100_ab_signed,ATR:11|2,0,0,True,True,5,17,ade076_swivel_00,0.05456814169883728,0.0,0.0,0.02416229248046875,14.235878944396973,0.0001,161.07205064873597,0,True,0.0001,58.4489530545191,0,True
50,10,15,0.2,0.013333333333333334,0.6,0.0001,0,17001,27001,37001,8,200,1000,1,ncf_full,3f1af891264523591d3a4ef1df6878cb41b2ed518e7e2cf0e492161b72013888,True,L_IG,NCF official release 150_20_hist.npy (150 ADE20K classes x 20 palettes),,"{""global_scene"": 1.0}",True,population,CIELab_D65_L_0_100_ab_signed,ATR:11|2,0,0,True,True,5,18,ade027_sea_07,0.06488177925348282,0.0,0.0,0.031599681824445724,13.885841369628906,0.0001,161.07205064873597,0,True,0.0001,3.396833915283589,0,True
50,10,15,0.2,0.013333333333333334,0.6,0.0001,0,17001,27001,37001,8,200,1000,1,ncf_full,3f1af891264523591d3a4ef1df6878cb41b2ed518e7e2cf0e492161b72013888,True,L_IG,NCF official release 150_20_hist.npy (150 ADE20K classes x 20 palettes),,"{""global_scene"": 1.0}",True,population,CIELab_D65_L_0_100_ab_signed,ATR:11|2,0,0,True,True,5,19,ade021_car_09,0.05432099476456642,0.0,0.0,0.0,13.147851943969727,0.0001,161.07205064873597,0,True,0.0001,53.45120566041691,0,True
50,10,15,0.2,0.013333333333333334,0.6,0.0001,0,17001,27001,37001,8,200,1000,1,ncf_full,3f1af891264523591d3a4ef1df6878cb41b2ed518e7e2cf0e492161b72013888,True,L_IG,NCF official release 150_20_hist.npy (150 ADE20K classes x 20 palettes),,"{""global_scene"": 1.0}",True,population,CIELab_D65_L_0_100_ab_signed,ATR:11|2,0,0,True,True,5,20,ade106_conveyer_09,0.06060319393873215,0.0,0.0,0.0142428083345294,22.38525390625,0.0001,161.07205064873597,0,True,0.0001,18.48319464788058,0,True
50,10,15,0.2,0.013333333333333334,0.6,0.0001,0,17001,27001,37001,8,200,1000,1,ncf_full,3f1af891264523591d3a4ef1df6878cb41b2ed518e7e2cf0e492161b72013888,True,L_IG,NCF official release 150_20_hist.npy (150 ADE20K classes x 20 palettes),,"{""global_scene"": 1.0}",True,population,CIELab_D65_L_0_100_ab_signed,ATR:11|2,0,0,True,True,5,21,ade083_light_07,0.05564064905047417,0.0,0.0,1.271565793103946e-06,19.560134887695312,0.0001,161.07205064873597,0,True,0.0001,5.9064125506351095,0,True
50,10,15,0.2,0.013333333333333334,0.6,0.0001,0,17001,27001,37001,8,200,1000,1,ncf_full,3f1af891264523591d3a4ef1df6878cb41b2ed518e7e2cf0e492161b72013888,True,L_IG,NCF official release 150_20_hist.npy (150 ADE20K classes x 20 palettes),,"{""global_scene"": 1.0}",True,population,CIELab_D65_L_0_100_ab_signed,ATR:11|2,0,0,True,True,5,22,ade046_counter_12,0.0423295795917511,0.0,0.0,0.20580801367759705,35.037811279296875,0.0001,161.07205064873597,0,True,0.0001,6.292104812393219,0,True
50,10,15,0.2,0.013333333333333334,0.6,0.0001,0,17001,27001,37001,8,200,1000,1,ncf_full,3f1af891264523591d3a4ef1df6878cb41b2ed518e7e2cf0e492161b72013888,True,L_IG,NCF official release 150_20_hist.npy (150 ADE20K classes x 20 palettes),,"{""global_scene"": 1.0}",True,population,CIELab_D65_L_0_100_ab_signed,ATR:11|2,0,0,True,True,5,23,ade143_plate_19,0.03329391032457352,0.0,0.0,0.0,18.723621368408203,0.0001,161.07205064873597,0,True,0.0001,0.6249520362354624,0,True
50,10,15,0.2,0.013333333333333334,0.6,0.0001,0,17001,27001,37001,8,200,1000,1,ncf_full,3f1af891264523591d3a4ef1df6878cb41b2ed518e7e2cf0e492161b72013888,True,L_IG,NCF official release 150_20_hist.npy (150 ADE20K classes x 20 palettes),,"{""global_scene"": 1.0}",True,population,CIELab_D65_L_0_100_ab_signed,ATR:11|2,0,0,True,True,5,24,ade135_sconce_04,0.06538400799036026,0.0,0.0,0.01714070700109005,16.757152557373047,0.0001,161.07205064873597,0,True,0.0001,21.878950993007415,0,True
50,10,15,0.2,0.013333333333333334,0.6,0.0001,0,17001,27001,37001,8,200,1000,1,ncf_full,3f1af891264523591d3a4ef1df6878cb41b2ed518e7e2cf0e492161b72013888,True,L_IG,NCF official release 150_20_hist.npy (150 ADE20K classes x 20 palettes),,"{""global_scene"": 1.0}",True,population,CIELab_D65_L_0_100_ab_signed,ATR:11|2,0,0,True,True,5,25,ade056_case_17,0.053547222167253494,0.0,0.0,0.19496409595012665,33.15203094482422,0.0001,161.07205064873597,0,True,0.0001,76.94343916832055,0,True
50,10,15,0.2,0.013333333333333334,0.6,0.0001,0,17001,27001,37001,8,200,1000,1,ncf_full,3f1af891264523591d3a4ef1df6878cb41b2ed518e7e2cf0e492161b72013888,True,L_IG,NCF official release 150_20_hist.npy (150 ADE20K classes x 20 palettes),,"{""global_scene"": 1.0}",True,population,CIELab_D65_L_0_100_ab_signed,ATR:11|2,0,0,True,True,5,26,ade035_rock_11,0.06985189765691757,0.0,0.0,0.0597737655043602,9.659099578857422,0.0001,161.07205064873597,0,True,0.0001,10.239781860898747,0,True
50,10,15,0.2,0.013333333333333334,0.6,0.0001,0,17001,27001,37001,8,200,1000,1,ncf_full,3f1af891264523591d3a4ef1df6878cb41b2ed518e7e2cf0e492161b72013888,True,L_IG,NCF official release 150_20_hist.npy (150 ADE20K classes x 20 palettes),,"{""global_scene"": 1.0}",True,population,CIELab_D65_L_0_100_ab_signed,ATR:11|2,0,0,True,True,5,27,ade067_flower_09,0.04349091276526451,0.0,0.0,0.027601879090070724,27.71145248413086,0.0001,161.07205064873597,0,True,0.0001,4.731309055608938,0,True
50,10,15,0.2,0.013333333333333334,0.6,0.0001,0,17001,27001,37001,8,200,1000,1,ncf_full,3f1af891264523591d3a4ef1df6878cb41b2ed518e7e2cf0e492161b72013888,True,L_IG,NCF official release 150_20_hist.npy (150 ADE20K classes x 20 palettes),,"{""global_scene"": 1.0}",True,population,CIELab_D65_L_0_100_ab_signed,ATR:11|2,0,0,True,True,5,28,ade140_fan_03,0.05916023999452591,0.0,0.0,0.054103851318359375,24.32297134399414,0.0001,161.07205064873597,0,True,0.0001,23.391337405095374,0,True
50,10,15,0.2,0.013333333333333334,0.6,0.0001,0,17001,27001,37001,8,200,1000,1,ncf_full,3f1af891264523591d3a4ef1df6878cb41b2ed518e7e2cf0e492161b72013888,True,L_IG,NCF official release 150_20_hist.npy (150 ADE20K classes x 20 palettes),,"{""global_scene"": 1.0}",True,population,CIELab_D65_L_0_100_ab_signed,ATR:11|2,0,0,True,True,5,29,ade109_plaything_06,0.0399293527007103,0.0,0.0,0.14594778418540955,39.62035369873047,0.0001,161.07205064873597,0,True,0.0001,6.2311243170799315,0,True
50,10,15,0.2,0.013333333333333334,0.6,0.0001,0,17001,27001,37001,8,200,1000,1,ncf_full,3f1af891264523591d3a4ef1df6878cb41b2ed518e7e2cf0e492161b72013888,True,L_IG,NCF official release 150_20_hist.npy (150 ADE20K classes x 20 palettes),,"{""global_scene"": 1.0}",True,population,CIELab_D65_L_0_100_ab_signed,ATR:11|2,0,0,True,True,5,30,ade071_countertop_04,0.0633876845240593,0.0,0.0,0.0,15.141456604003906,0.0001,161.07205064873597,0,True,0.0001,3.537275412944496,0,True
50,10,15,0.2,0.013333333333333334,0.6,0.0001,0,17001,27001,37001,8,200,1000,1,ncf_full,3f1af891264523591d3a4ef1df6878cb41b2ed518e7e2cf0e492161b72013888,True,L_IG,NCF official release 150_20_hist.npy (150 ADE20K classes x 20 palettes),,"{""global_scene"": 1.0}",True,population,CIELab_D65_L_0_100_ab_signed,ATR:11|2,0,0,True,True,5,31,ade049_skyscraper_14,0.051861248910427094,0.0,0.0,0.02762603759765625,27.363418579101562,0.0001,161.07205064873597,0,True,0.0001,45.61817290368273,0,True
50,10,15,0.2,0.013333333333333334,0.6,0.0001,0,17001,27001,37001,8,200,1000,1,ncf_full,3f1af891264523591d3a4ef1df6878cb41b2ed518e7e2cf0e492161b72013888,True,L_IG,NCF official release 150_20_hist.npy (150 ADE20K classes x 20 palettes),,"{""global_scene"": 1.0}",True,population,CIELab_D65_L_0_100_ab_signed,ATR:11|2,0,0,True,True,5,32,ade145_bulletin_05,0.06355712562799454,0.0,0.0,0.09058253467082977,15.11330795288086,0.0001,161.07205064873597,0,True,0.0001,14.54681907115396,0,True
50,10,15,0.2,0.013333333333333334,0.6,0.0001,0,17001,27001,37001,8,200,1000,1,ncf_full,3f1af891264523591d3a4ef1df6878cb41b2ed518e7e2cf0e492161b72013888,True,L_IG,NCF official release 150_20_hist.npy (150 ADE20K classes x 20 palettes),,"{""global_scene"": 1.0}",True,population,CIELab_D65_L_0_100_ab_signed,ATR:11|2,0,0,True,True,5,33,ade084_truck_14,0.06128791347146034,0.0,0.0,0.014911651611328125,26.3504695892334,0.0001,161.07205064873597,0,True,0.0001,30.345312601382687,0,True
50,10,15,0.2,0.013333333333333334,0.6,0.0001,0,17001,27001,37001,8,200,1000,1,ncf_full,3f1af891264523591d3a4ef1df6878cb41b2ed518e7e2cf0e492161b72013888,True,L_IG,NCF official release 150_20_hist.npy (150 ADE20K classes x 20 palettes),,"{""global_scene"": 1.0}",True,population,CIELab_D65_L_0_100_ab_signed,ATR:11|2,0,0,True,True,5,34,ade082_towel_10,0.045562274754047394,0.0,0.0,0.0555775985121727,32.25659942626953,0.0001,161.07205064873597,0,True,0.0001,12.766375864757379,0,True
50,10,15,0.2,0.013333333333333334,0.6,0.0001,0,17001,27001,37001,8,200,1000,1,ncf_full,3f1af891264523591d3a4ef1df6878cb41b2ed518e7e2cf0e492161b72013888,True,L_IG,NCF official release 150_20_hist.npy (150 ADE20K classes x 20 palettes),,"{""global_scene"": 1.0}",True,population,CIELab_D65_L_0_100_ab_signed,ATR:11|2,0,0,True,True,5,35,ade150_flag_05,0.05230331048369408,0.0,0.0,0.11633046716451645,28.60948944091797,0.0001,161.07205064873597,0,True,0.0001,161.56803169842084,0,True
50,10,15,0.2,0.013333333333333334,0.6,0.0001,0,17001,27001,37001,8,200,1000,1,ncf_full,3f1af891264523591d3a4ef1df6878cb41b2ed518e7e2cf0e492161b72013888,True,L_IG,NCF official release 150_20_hist.npy (150 ADE20K classes x 20 palettes),,"{""global_scene"": 1.0}",True,population,CIELab_D65_L_0_100_ab_signed,ATR:11|2,0,0,True,True,5,36,ade125_microwave_17,0.04332197830080986,0.0,0.0,0.12862524390220642,27.866287231445312,0.0001,161.07205064873597,0,True,0.0001,12.161115364221143,0,True
50,10,15,0.2,0.013333333333333334,0.6,0.0001,0,17001,27001,37001,8,200,1000,1,ncf_full,3f1af891264523591d3a4ef1df6878cb41b2ed518e7e2cf0e492161b72013888,True,L_IG,NCF official release 150_20_hist.npy (150 ADE20K classes x 20 palettes),,"{""global_scene"": 1.0}",True,population,CIELab_D65_L_0_100_ab_signed,ATR:11|2,0,0,True,True,5,37,ade112_barrel_14,0.050034817308187485,0.0,0.0,0.016754150390625,30.926172256469727,0.0001,161.07205064873597,0,True,0.0001,5.914252438507532,0,True
50,10,15,0.2,0.013333333333333334,0.6,0.0001,0,17001,27001,37001,8,200,1000,1,ncf_full,3f1af891264523591d3a4ef1df6878cb41b2ed518e7e2cf0e492161b72013888,True,L_IG,NCF official release 150_20_hist.npy (150 ADE20K classes x 20 palettes),,"{""global_scene"": 1.0}",True,population,CIELab_D65_L_0_100_ab_signed,ATR:11|2,0,0,True,True,5,38,ade022_water_05,0.05983184278011322,0.0,0.0,0.06545130908489227,17.50784683227539,0.0001,161.07205064873597,0,True,0.0001,6.405175360582971,0,True
50,10,15,0.2,0.013333333333333334,0.6,0.0001,0,17001,27001,37001,8,200,1000,1,ncf_full,3f1af891264523591d3a4ef1df6878cb41b2ed518e7e2cf0e492161b72013888,True,L_IG,NCF official release 150_20_hist.npy (150 ADE20K classes x 20 palettes),,"{""global_scene"": 1.0}",True,population,CIELab_D65_L_0_100_ab_signed,ATR:11|2,0,0,True,True,5,39,ade051_refrigerator_09,0.04309794306755066,0.0,0.0,0.062957763671875,25.664772033691406,0.0001,161.07205064873597,0,True,0.0001,9.8187892535561,0,True
50,10,15,0.2,0.013333333333333334,0.6,0.0001,0,17001,27001,37001,8,200,1000,1,ncf_full,3f1af891264523591d3a4ef1df6878cb41b2ed518e7e2cf0e492161b72013888,True,L_IG,NCF official release 150_20_hist.npy (150 ADE20K classes x 20 palettes),,"{""global_scene"": 1.0}",True,population,CIELab_D65_L_0_100_ab_signed,ATR:11|2,0,0,True,True,5,40,ade015_door_06,0.05012994259595871,0.0,0.0,0.08517074584960938,29.28218650817871,0.0001,161.07205064873597,0,True,0.0001,60.95868765838456,0,True
50,10,15,0.2,0.013333333333333334,0.6,0.0001,0,17001,27001,37001,8,200,1000,1,ncf_full,3f1af891264523591d3a4ef1df6878cb41b2ed518e7e2cf0e492161b72013888,True,L_IG,NCF official release 150_20_hist.npy (150 ADE20K classes x 20 palettes),,"{""global_scene"": 1.0}",True,population,CIELab_D65_L_0_100_ab_signed,ATR:11|2,0,0,True,True,5,41,ade072_stove_13,0.06130620837211609,0.0,0.0,0.12618128955364227,17.478023529052734,0.0001,161.07205064873597,0,True,0.0001,39.332845842234825,0,True
50,10,15,0.2,0.013333333333333334,0.6,0.0001,0,17001,27001,37001,8,200,1000,1,ncf_full,3f1af891264523591d3a4ef1df6878cb41b2ed518e7e2cf0e492161b72013888,True,L_IG,NCF official release 150_20_hist.npy (150 ADE20K classes x 20 palettes),,"{""global_scene"": 1.0}",True,population,CIELab_D65_L_0_100_ab_signed,ATR:11|2,0,0,True,True,5,42,ade072_stove_14,0.06179444119334221,0.0,0.0,0.12863032519817352,16.647897720336914,0.0001,161.07205064873597,0,True,0.0001,4.427863909464108,0,True
50,10,15,0.2,0.013333333333333334,0.6,0.0001,0,17001,27001,37001,8,200,1000,1,ncf_full,3f1af891264523591d3a4ef1df6878cb41b2ed518e7e2cf0e492161b72013888,True,L_IG,NCF official release 150_20_hist.npy (150 ADE20K classes x 20 palettes),,"{""global_scene"": 1.0}",True,population,CIELab_D65_L_0_100_ab_signed,ATR:11|2,0,0,True,True,5,43,ade093_apparel_07,0.06176465004682541,0.0,0.0,0.12359746545553207,23.26412010192871,0.0001,161.07205064873597,0,True,0.0001,74.84193240129349,0,True
50,10,15,0.2,0.013333333333333334,0.6,0.0001,0,17001,27001,37001,8,200,1000,1,ncf_full,3f1af891264523591d3a4ef1df6878cb41b2ed518e7e2cf0e492161b72013888,True,L_IG,NCF official release 150_20_hist.npy (150 ADE20K classes x 20 palettes),,"{""global_scene"": 1.0}",True,population,CIELab_D65_L_0_100_ab_signed,ATR:11|2,0,0,True,True,5,44,ade029_rug_00,0.061916008591651917,0.0,0.0,0.07780711352825165,13.58635139465332,0.0001,161.07205064873597,0,True,0.0001,10.835966578348376,0,True
50,10,15,0.2,0.013333333333333334,0.6,0.0001,0,17001,27001,37001,8,200,1000,1,ncf_full,3f1af891264523591d3a4ef1df6878cb41b2ed518e7e2cf0e492161b72013888,True,L_IG,NCF official release 150_20_hist.npy (150 ADE20K classes x 20 palettes),,"{""global_scene"": 1.0}",True,population,CIELab_D65_L_0_100_ab_signed,ATR:11|2,0,0,True,True,5,45,ade110_swimming_02,0.05101469159126282,0.0,0.0,0.11018244922161102,24.880508422851562,0.0001,161.07205064873597,0,True,0.0001,15.908299268346884,0,True
50,10,15,0.2,0.013333333333333334,0.6,0.0001,0,17001,27001,37001,8,200,1000,1,ncf_full,3f1af891264523591d3a4ef1df6878cb41b2ed518e7e2cf0e492161b72013888,True,L_IG,NCF official release 150_20_hist.npy (150 ADE20K classes x 20 palettes),,"{""global_scene"": 1.0}",True,population,CIELab_D65_L_0_100_ab_signed,ATR:11|2,0,0,True,True,5,46,ade002_building_09,0.07157868146896362,0.0,0.0,0.0414021834731102,13.504467010498047,0.0001,161.07205064873597,0,True,0.0001,47.030501771979054,0,True
50,10,15,0.2,0.013333333333333334,0.6,0.0001,0,17001,27001,37001,8,200,1000,1,ncf_full,3f1af891264523591d3a4ef1df6878cb41b2ed518e7e2cf0e492161b72013888,True,L_IG,NCF official release 150_20_hist.npy (150 ADE20K classes x 20 palettes),,"{""global_scene"": 1.0}",True,population,CIELab_D65_L_0_100_ab_signed,ATR:11|2,0,0,True,True,5,47,ade025_shelf_02,0.05415894091129303,0.0,0.0,0.10497411340475082,18.721210479736328,0.0001,161.07205064873597,0,True,0.0001,48.4287014894185,0,True
50,10,15,0.2,0.013333333333333334,0.6,0.0001,0,17001,27001,37001,8,200,1000,1,ncf_full,3f1af891264523591d3a4ef1df6878cb41b2ed518e7e2cf0e492161b72013888,True,L_IG,NCF official release 150_20_hist.npy (150 ADE20K classes x 20 palettes),,"{""global_scene"": 1.0}",True,population,CIELab_D65_L_0_100_ab_signed,ATR:11|2,0,0,True,True,5,48,ade121_food_16,0.06983564049005508,0.0,0.0,0.05558522790670395,13.688703536987305,0.0001,161.07205064873597,0,True,0.0001,102.61724048832531,0,True
50,10,15,0.2,0.013333333333333334,0.6,0.0001,0,17001,27001,37001,8,200,1000,1,ncf_full,3f1af891264523591d3a4ef1df6878cb41b2ed518e7e2cf0e492161b72013888,True,L_IG,NCF official release 150_20_hist.npy (150 ADE20K classes x 20 palettes),,"{""global_scene"": 1.0}",True,population,CIELab_D65_L_0_100_ab_signed,ATR:11|2,0,0,True,True,5,49,ade105_fountain_00,0.06140805780887604,0.0,0.0,0.033537548035383224,22.954362869262695,0.0001,161.07205064873597,0,True,0.0001,5.814652349757056,0,True
50,10,15,0.2,0.013333333333333334,0.6,0.0001,0,17001,27001,37001,8,200,1000,1,ncf_full,3f1af891264523591d3a4ef1df6878cb41b2ed518e7e2cf0e492161b72013888,True,L_IG,NCF official release 150_20_hist.npy (150 ADE20K classes x 20 palettes),,"{""global_scene"": 1.0}",True,population,CIELab_D65_L_0_100_ab_signed,ATR:11|2,0,0,True,True,6,0,ade057_pool_10,0.044196706265211105,0.0,0.0,0.11248652637004852,26.35774803161621,0.0001,161.07205064873597,0,True,0.0001,25.073239460883713,0,True
50,10,15,0.2,0.013333333333333334,0.6,0.0001,0,17001,27001,37001,8,200,1000,1,ncf_full,3f1af891264523591d3a4ef1df6878cb41b2ed518e7e2cf0e492161b72013888,True,L_IG,NCF official release 150_20_hist.npy (150 ADE20K classes x 20 palettes),,"{""global_scene"": 1.0}",True,population,CIELab_D65_L_0_100_ab_signed,ATR:11|2,0,0,True,True,6,1,ade089_booth_01,0.06408614665269852,0.0,0.0,0.08503469079732895,17.78704833984375,0.0001,161.07205064873597,0,True,0.0001,23.63710734879875,0,True
50,10,15,0.2,0.013333333333333334,0.6,0.0001,0,17001,27001,37001,8,200,1000,1,ncf_full,3f1af891264523591d3a4ef1df6878cb41b2ed518e7e2cf0e492161b72013888,True,L_IG,NCF official release 150_20_hist.npy (150 ADE20K classes x 20 palettes),,"{""global_scene"": 1.0}",True,population,CIELab_D65_L_0_100_ab_signed,ATR:11|2,0,0,True,True,6,2,ade121_food_03,0.060798585414886475,0.0,0.0,0.0121828718110919,20.16168212890625,0.0001,161.07205064873597,0,True,0.0001,10.593284120142487,0,True
50,10,15,0.2,0.013333333333333334,0.6,0.0001,0,17001,27001,37001,8,200,1000,1,ncf_full,3f1af891264523591d3a4ef1df6878cb41b2ed518e7e2cf0e492161b72013888,True,L_IG,NCF official release 150_20_hist.npy (150 ADE20K classes x 20 palettes),,"{""global_scene"": 1.0}",True,population,CIELab_D65_L_0_100_ab_signed,ATR:11|2,0,0,True,True,6,3,ade125_microwave_12,0.06828901171684265,0.0,0.0,0.0204010009765625,13.496054649353027,0.0001,161.07205064873597,0,True,0.0001,9.678551243119568,0,True
50,10,15,0.2,0.013333333333333334,0.6,0.0001,0,17001,27001,37001,8,200,1000,1,ncf_full,3f1af891264523591d3a4ef1df6878cb41b2ed518e7e2cf0e492161b72013888,True,L_IG,NCF official release 150_20_hist.npy (150 ADE20K classes x 20 palettes),,"{""global_scene"": 1.0}",True,population,CIELab_D65_L_0_100_ab_signed,ATR:11|2,0,0,True,True,6,4,ade062_bridge_14,0.06771821528673172,0.0,0.0,0.06697845458984375,11.9620361328125,0.0001,161.07205064873597,0,True,0.0001,2.834521521192641,0,True
50,10,15,0.2,0.013333333333333334,0.6,0.0001,0,17001,27001,37001,8,200,1000,1,ncf_full,3f1af891264523591d3a4ef1df6878cb41b2ed518e7e2cf0e492161b72013888,True,L_IG,NCF official release 150_20_hist.npy (150 ADE20K classes x 20 palettes),,"{""global_scene"": 1.0}",True,population,CIELab_D65_L_0_100_ab_signed,ATR:11|2,0,0,True,True,6,5,ade072_stove_17,0.04402591288089752,0.0,0.0,0.29056423902511597,32.877296447753906,0.0001,161.07205064873597,0,True,0.0001,8.093694883133292,0,True
50,10,15,0.2,0.013333333333333334,0.6,0.0001,0,17001,27001,37001,8,200,1000,1,ncf_full,3f1af891264523591d3a4ef1df6878cb41b2ed518e7e2cf0e492161b72013888,True,L_IG,NCF official release 150_20_hist.npy (150 ADE20K classes x 20 palettes),,"{""global_scene"": 1.0}",True,population,CIELab_D65_L_0_100_ab_signed,ATR:11|2,0,0,True,True,6,6,ade033_fence_07,0.06826809048652649,0.0,0.0,0.07215627282857895,12.925627708435059,0.0001,161.07205064873597,0,True,0.0001,39.585025122746586,0,True
50,10,15,0.2,0.013333333333333334,0.6,0.0001,0,17001,27001,37001,8,200,1000,1,ncf_full,3f1af891264523591d3a4ef1df6878cb41b2ed518e7e2cf0e492161b72013888,True,L_IG,NCF official release 150_20_hist.npy (150 ADE20K classes x 20 palettes),,"{""global_scene"": 1.0}",True,population,CIELab_D65_L_0_100_ab_signed,ATR:11|2,0,0,True,True,6,7,ade040_cushion_06,0.04307122528553009,0.0,0.0,0.08805084228515625,21.479894638061523,0.0001,161.07205064873597,0,True,0.0001,16.240423442540923,0,True
50,10,15,0.2,0.013333333333333334,0.6,0.0001,0,17001,27001,37001,8,200,1000,1,ncf_full,3f1af891264523591d3a4ef1df6878cb41b2ed518e7e2cf0e492161b72013888,True,L_IG,NCF official release 150_20_hist.npy (150 ADE20K classes x 20 palettes),,"{""global_scene"": 1.0}",True,population,CIELab_D65_L_0_100_ab_signed,ATR:11|2,0,0,True,True,6,8,ade046_counter_04,0.053235579282045364,0.0,0.0,0.0,17.176191329956055,0.0001,161.07205064873597,0,True,0.0001,3.1302544782881143,0,True
50,10,15,0.2,0.013333333333333334,0.6,0.0001,0,17001,27001,37001,8,200,1000,1,ncf_full,3f1af891264523591d3a4ef1df6878cb41b2ed518e7e2cf0e492161b72013888,True,L_IG,NCF official release 150_20_hist.npy (150 ADE20K classes x 20 palettes),,"{""global_scene"": 1.0}",True,population,CIELab_D65_L_0_100_ab_signed,ATR:11|2,0,0,True,True,6,9,ade028_mirror_18,0.04510130733251572,0.0,0.0,0.0017751058330759406,25.55282211303711,0.0001,161.07205064873597,0,True,0.0001,10.533732728865507,0,True
50,10,15,0.2,0.013333333333333334,0.6,0.0001,0,17001,27001,37001,8,200,1000,1,ncf_full,3f1af891264523591d3a4ef1df6878cb41b2ed518e7e2cf0e492161b72013888,True,L_IG,NCF official release 150_20_hist.npy (150 ADE20K classes x 20 palettes),,"{""global_scene"": 1.0}",True,population,CIELab_D65_L_0_100_ab_signed,ATR:11|2,0,0,True,True,6,10,ade109_plaything_17,0.05288100615143776,0.0,0.0,0.027108510956168175,26.332365036010742,0.0001,161.07205064873597,0,True,0.0001,18.459962313933076,0,True
50,10,15,0.2,0.013333333333333334,0.6,0.0001,0,17001,27001,37001,8,200,1000,1,ncf_full,3f1af891264523591d3a4ef1df6878cb41b2ed518e7e2cf0e492161b72013888,True,L_IG,NCF official release 150_20_hist.npy (150 ADE20K classes x 20 palettes),,"{""global_scene"": 1.0}",True,population,CIELab_D65_L_0_100_ab_signed,ATR:11|2,0,0,True,True,6,11,ade033_fence_09,0.04538710042834282,0.0,0.0,0.0027364096604287624,28.002487182617188,0.0001,161.07205064873597,0,True,0.0001,11.684803705283116,0,True
50,10,15,0.2,0.013333333333333334,0.6,0.0001,0,17001,27001,37001,8,200,1000,1,ncf_full,3f1af891264523591d3a4ef1df6878cb41b2ed518e7e2cf0e492161b72013888,True,L_IG,NCF official release 150_20_hist.npy (150 ADE20K classes x 20 palettes),,"{""global_scene"": 1.0}",True,population,CIELab_D65_L_0_100_ab_signed,ATR:11|2,0,0,True,True,6,12,ade012_sidewalk_15,0.04246814176440239,0.0,0.0,0.09560903161764145,36.472137451171875,0.0001,161.07205064873597,0,True,0.0001,8.767725772712614,0,True
50,10,15,0.2,0.013333333333333334,0.6,0.0001,0,17001,27001,37001,8,200,1000,1,ncf_full,3f1af891264523591d3a4ef1df6878cb41b2ed518e7e2cf0e492161b72013888,True,L_IG,NCF official release 150_20_hist.npy (150 ADE20K classes x 20 palettes),,"{""global_scene"": 1.0}",True,population,CIELab_D65_L_0_100_ab_signed,ATR:11|2,0,0,True,True,6,13,ade115_tent_05,0.06438903510570526,0.0,0.0,0.010707855224609375,17.748638153076172,0.0001,161.07205064873597,0,True,0.0001,21.189918310412157,0,True
50,10,15,0.2,0.013333333333333334,0.6,0.0001,0,17001,27001,37001,8,200,1000,1,ncf_full,3f1af891264523591d3a4ef1df6878cb41b2ed518e7e2cf0e492161b72013888,True,L_IG,NCF official release 150_20_hist.npy (150 ADE20K classes x 20 palettes),,"{""global_scene"": 1.0}",True,population,CIELab_D65_L_0_100_ab_signed,ATR:11|2,0,0,True,True,6,14,ade011_cabinet_17,0.04468100517988205,0.0,0.0,0.06275177001953125,22.088260650634766,0.0001,161.07205064873597,0,True,0.0001,39.20970879373387,0,True
50,10,15,0.2,0.013333333333333334,0.6,0.0001,0,17001,27001,37001,8,200,1000,1,ncf_full,3f1af891264523591d3a4ef1df6878cb41b2ed518e7e2cf0e492161b72013888,True,L_IG,NCF official release 150_20_hist.npy (150 ADE20K classes x 20 palettes),,"{""global_scene"": 1.0}",True,population,CIELab_D65_L_0_100_ab_signed,ATR:11|2,0,0,True,True,6,15,ade025_shelf_02,0.05415894091129303,0.0,0.0,0.10497411340475082,18.721210479736328,0.0001,161.07205064873597,0,True,0.0001,48.4287014894185,0,True
50,10,15,0.2,0.013333333333333334,0.6,0.0001,0,17001,27001,37001,8,200,1000,1,ncf_full,3f1af891264523591d3a4ef1df6878cb41b2ed518e7e2cf0e492161b72013888,True,L_IG,NCF official release 150_20_hist.npy (150 ADE20K classes x 20 palettes),,"{""global_scene"": 1.0}",True,population,CIELab_D65_L_0_100_ab_signed,ATR:11|2,0,0,True,True,6,16,ade088_streetlight_03,0.06987942010164261,0.0,0.0,0.024814605712890625,12.839105606079102,0.0001,161.07205064873597,0,True,0.0001,23.90664978421774,0,True
50,10,15,0.2,0.013333333333333334,0.6,0.0001,0,17001,27001,37001,8,200,1000,1,ncf_full,3f1af891264523591d3a4ef1df6878cb41b2ed518e7e2cf0e492161b72013888,True,L_IG,NCF official release 150_20_hist.npy (150 ADE20K classes x 20 palettes),,"{""global_scene"": 1.0}",True,population,CIELab_D65_L_0_100_ab_signed,ATR:11|2,0,0,True,True,6,17,ade035_rock_09,0.04243483766913414,0.0,0.0,0.19087600708007812,42.094696044921875,0.0001,161.07205064873597,0,True,0.0001,3.126461831037377,0,True
50,10,15,0.2,0.013333333333333334,0.6,0.0001,0,17001,27001,37001,8,200,1000,1,ncf_full,3f1af891264523591d3a4ef1df6878cb41b2ed518e7e2cf0e492161b72013888,True,L_IG,NCF official release 150_20_hist.npy (150 ADE20K classes x 20 palettes),,"{""global_scene"": 1.0}",True,population,CIELab_D65_L_0_100_ab_signed,ATR:11|2,0,0,True,True,6,18,ade080_hovel_08,0.06336639821529388,0.0,0.0,0.06022389978170395,17.354000091552734,0.0001,161.07205064873597,0,True,0.0001,25.67988477758623,0,True
50,10,15,0.2,0.013333333333333334,0.6,0.0001,0,17001,27001,37001,8,200,1000,1,ncf_full,3f1af891264523591d3a4ef1df6878cb41b2ed518e7e2cf0e492161b72013888,True,L_IG,NCF official release 150_20_hist.npy (150 ADE20K classes x 20 palettes),,"{""global_scene"": 1.0}",True,population,CIELab_D65_L_0_100_ab_signed,ATR:11|2,0,0,True,True,6,19,ade095_land_14,0.0637928694486618,0.0,0.0,0.07963435351848602,14.33251953125,0.0001,161.07205064873597,0,True,0.0001,4.486875782756071,0,True
50,10,15,0.2,0.013333333333333334,0.6,0.0001,0,17001,27001,37001,8,200,1000,1,ncf_full,3f1af891264523591d3a4ef1df6878cb41b2ed518e7e2cf0e492161b72013888,True,L_IG,NCF official release 150_20_hist.npy (150 ADE20K classes x 20 palettes),,"{""global_scene"": 1.0}",True,population,CIELab_D65_L_0_100_ab_signed,ATR:11|2,0,0,True,True,6,20,ade104_ship_16,0.05837596207857132,0.0,0.0,0.0069732666015625,27.74901580810547,0.0001,161.07205064873597,0,True,0.0001,4.696006897599831,0,True
50,10,15,0.2,0.013333333333333334,0.6,0.0001,0,17001,27001,37001,8,200,1000,1,ncf_full,3f1af891264523591d3a4ef1df6878cb41b2ed518e7e2cf0e492161b72013888,True,L_IG,NCF official release 150_20_hist.npy (150 ADE20K classes x 20 palettes),,"{""global_scene"": 1.0}",True,population,CIELab_D65_L_0_100_ab_signed,ATR:11|2,0,0,True,True,6,21,ade101_poster_01,0.05713346228003502,0.0,0.0,0.01228841207921505,20.872854232788086,0.0001,161.07205064873597,0,True,0.0001,26.90331677489744,0,True
50,10,15,0.2,0.013333333333333334,0.6,0.0001,0,17001,27001,37001,8,200,1000,1,ncf_full,3f1af891264523591d3a4ef1df6878cb41b2ed518e7e2cf0e492161b72013888,True,L_IG,NCF official release 150_20_hist.npy (150 ADE20K classes x 20 palettes),,"{""global_scene"": 1.0}",True,population,CIELab_D65_L_0_100_ab_signed,ATR:11|2,0,0,True,True,6,22,ade129_lake_16,0.052270252257585526,0.0,0.0,0.2222188413143158,25.828655242919922,0.0001,161.07205064873597,0,True,0.0001,80.42773165795178,0,True
50,10,15,0.2,0.013333333333333334,0.6,0.0001,0,17001,27001,37001,8,200,1000,1,ncf_full,3f1af891264523591d3a4ef1df6878cb41b2ed518e7e2cf0e492161b72013888,True,L_IG,NCF official release 150_20_hist.npy (150 ADE20K classes x 20 palettes),,"{""global_scene"": 1.0}",True,population,CIELab_D65_L_0_100_ab_signed,ATR:11|2,0,0,True,True,6,23,ade118_cradle_14,0.05892229825258255,0.0,0.0,0.16294226050376892,20.957319259643555,0.0001,161.07205064873597,0,True,0.0001,21.062713573708443,0,True
50,10,15,0.2,0.013333333333333334,0.6,0.0001,0,17001,27001,37001,8,200,1000,1,ncf_full,3f1af891264523591d3a4ef1df6878cb41b2ed518e7e2cf0e492161b72013888,True,L_IG,NCF official release 150_20_hist.npy (150 ADE20K classes x 20 palettes),,"{""global_scene"": 1.0}",True,population,CIELab_D65_L_0_100_ab_signed,ATR:11|2,0,0,True,True,6,24,ade123_tank_12,0.056778013706207275,0.0,0.0,0.0978597030043602,23.959674835205078,0.0001,161.07205064873597,0,True,0.0001,6.828428900492459,0,True
50,10,15,0.2,0.013333333333333334,0.6,0.0001,0,17001,27001,37001,8,200,1000,1,ncf_full,3f1af891264523591d3a4ef1df6878cb41b2ed518e7e2cf0e492161b72013888,True,L_IG,NCF official release 150_20_hist.npy (150 ADE20K classes x 20 palettes),,"{""global_scene"": 1.0}",True,population,CIELab_D65_L_0_100_ab_signed,ATR:11|2,0,0,True,True,6,25,ade121_food_04,0.05280535668134689,0.0,0.0,0.13692983984947205,21.797008514404297,0.0001,161.07205064873597,0,True,0.0001,25.050791980106176,0,True
50,10,15,0.2,0.013333333333333334,0.6,0.0001,0,17001,27001,37001,8,200,1000,1,ncf_full,3f1af891264523591d3a4ef1df6878cb41b2ed518e7e2cf0e492161b72013888,True,L_IG,NCF official release 150_20_hist.npy (150 ADE20K classes x 20 palettes),,"{""global_scene"": 1.0}",True,population,CIELab_D65_L_0_100_ab_signed,ATR:11|2,0,0,True,True,6,26,ade039_railing_19,0.027171488851308823,0.0,0.0,0.2771263122558594,45.900814056396484,0.0001,161.07205064873597,0,True,0.0001,4.597645963678171,0,True
50,10,15,0.2,0.013333333333333334,0.6,0.0001,0,17001,27001,37001,8,200,1000,1,ncf_full,3f1af891264523591d3a4ef1df6878cb41b2ed518e7e2cf0e492161b72013888,True,L_IG,NCF official release 150_20_hist.npy (150 ADE20K classes x 20 palettes),,"{""global_scene"": 1.0}",True,population,CIELab_D65_L_0_100_ab_signed,ATR:11|2,0,0,True,True,6,27,ade038_bathtub_19,0.030609197914600372,0.0,0.0,0.0,27.81226348876953,0.0001,161.07205064873597,0,True,0.0001,6.2391333134906946,0,True
50,10,15,0.2,0.013333333333333334,0.6,0.0001,0,17001,27001,37001,8,200,1000,1,ncf_full,3f1af891264523591d3a4ef1df6878cb41b2ed518e7e2cf0e492161b72013888,True,L_IG,NCF official release 150_20_hist.npy (150 ADE20K classes x 20 palettes),,"{""global_scene"": 1.0}",True,population,CIELab_D65_L_0_100_ab_signed,ATR:11|2,0,0,True,True,6,28,ade051_refrigerator_10,0.05441916361451149,0.0,0.0,0.04431406781077385,27.023792266845703,0.0001,161.07205064873597,0,True,0.0001,25.83634247211516,0,True
50,10,15,0.2,0.013333333333333334,0.6,0.0001,0,17001,27001,37001,8,200,1000,1,ncf_full,3f1af891264523591d3a4ef1df6878cb41b2ed518e7e2cf0e492161b72013888,True,L_IG,NCF official release 150_20_hist.npy (150 ADE20K classes x 20 palettes),,"{""global_scene"": 1.0}",True,population,CIELab_D65_L_0_100_ab_signed,ATR:11|2,0,0,True,True,6,29,ade060_stairway_17,0.0418107733130455,0.0,0.0,0.0559031181037426,28.878137588500977,0.0001,161.07205064873597,0,True,0.0001,23.1617207835128,0,True
50,10,15,0.2,0.013333333333333334,0.6,0.0001,0,17001,27001,37001,8,200,1000,1,ncf_full,3f1af891264523591d3a4ef1df6878cb41b2ed518e7e2cf0e492161b72013888,True,L_IG,NCF official release 150_20_hist.npy (150 ADE20K classes x 20 palettes),,"{""global_scene"": 1.0}",True,population,CIELab_D65_L_0_100_ab_signed,ATR:11|2,0,0,True,True,6,30,ade044_signboard_01,0.06457553803920746,0.0,0.0,0.018006643280386925,14.454243659973145,0.0001,161.07205064873597,0,True,0.0001,15.971371069604231,0,True
50,10,15,0.2,0.013333333333333334,0.6,0.0001,0,17001,27001,37001,8,200,1000,1,ncf_full,3f1af891264523591d3a4ef1df6878cb41b2ed518e7e2cf0e492161b72013888,True,L_IG,NCF official release 150_20_hist.npy (150 ADE20K classes x 20 palettes),,"{""global_scene"": 1.0}",True,population,CIELab_D65_L_0_100_ab_signed,ATR:11|2,0,0,True,True,6,31,ade017_mountain_02,0.04563722386956215,0.0,0.0,0.0760904997587204,30.71329689025879,0.0001,161.07205064873597,0,True,0.0001,4.666429879210528,0,True
50,10,15,0.2,0.013333333333333334,0.6,0.0001,0,17001,27001,37001,8,200,1000,1,ncf_full,3f1af891264523591d3a4ef1df6878cb41b2ed518e7e2cf0e492161b72013888,True,L_IG,NCF official release 150_20_hist.npy (150 ADE20K classes x 20 palettes),,"{""global_scene"": 1.0}",True,population,CIELab_D65_L_0_100_ab_signed,ATR:11|2,0,0,True,True,6,32,ade108_washer_03,0.05985921621322632,0.0,0.0,0.0012410482158884406,15.60382080078125,0.0001,161.07205064873597,0,True,0.0001,8.37129686488829,0,True
50,10,15,0.2,0.013333333333333334,0.6,0.0001,0,17001,27001,37001,8,200,1000,1,ncf_full,3f1af891264523591d3a4ef1df6878cb41b2ed518e7e2cf0e492161b72013888,True,L_IG,NCF official release 150_20_hist.npy (150 ADE20K classes x 20 palettes),,"{""global_scene"": 1.0}",True,population,CIELab_D65_L_0_100_ab_signed,ATR:11|2,0,0,True,True,6,33,ade092_dirt_13,0.05681685358285904,0.0,0.0,0.0101381940767169,20.50521469116211,0.0001,161.07205064873597,0,True,0.0001,10.164297627122478,0,True
50,10,15,0.2,0.013333333333333334,0.6,0.0001,0,17001,27001,37001,8,200,1000,1,ncf_full,3f1af891264523591d3a4ef1df6878cb41b2ed518e7e2cf0e492161b72013888,True,L_IG,NCF official release 150_20_hist.npy (150 ADE20K classes x 20 palettes),,"{""global_scene"": 1.0}",True,population,CIELab_D65_L_0_100_ab_signed,ATR:11|2,0,0,True,True,6,34,ade076_swivel_02,0.04817306995391846,0.0,0.0,0.2645835876464844,27.33649444580078,0.0001,161.07205064873597,0,True,0.0001,57.04130007363857,0,True
50,10,15,0.2,0.013333333333333334,0.6,0.0001,0,17001,27001,37001,8,200,1000,1,ncf_full,3f1af891264523591d3a4ef1df6878cb41b2ed518e7e2cf0e492161b72013888,True,L_IG,NCF official release 150_20_hist.npy (150 ADE20K classes x 20 palettes),,"{""global_scene"": 1.0}",True,population,CIELab_D65_L_0_100_ab_signed,ATR:11|2,0,0,True,True,6,35,ade003_sky_10,0.027651624754071236,0.0,0.0,0.0,37.94032287597656,0.0001,161.07205064873597,0,True,0.0001,2.569087672175374,0,True
50,10,15,0.2,0.013333333333333334,0.6,0.0001,0,17001,27001,37001,8,200,1000,1,ncf_full,3f1af891264523591d3a4ef1df6878cb41b2ed518e7e2cf0e492161b72013888,True,L_IG,NCF official release 150_20_hist.npy (150 ADE20K classes x 20 palettes),,"{""global_scene"": 1.0}",True,population,CIELab_D65_L_0_100_ab_signed,ATR:11|2,0,0,True,True,6,36,ade096_bannister_07,0.05748232826590538,0.0,0.0,0.07449977099895477,23.80445098876953,0.0001,161.07205064873597,0,True,0.0001,4.1576054075800934,0,True
50,10,15,0.2,0.013333333333333334,0.6,0.0001,0,17001,27001,37001,8,200,1000,1,ncf_full,3f1af891264523591d3a4ef1df6878cb41b2ed518e7e2cf0e492161b72013888,True,L_IG,NCF official release 150_20_hist.npy (150 ADE20K classes x 20 palettes),,"{""global_scene"": 1.0}",True,population,CIELab_D65_L_0_100_ab_signed,ATR:11|2,0,0,True,True,6,37,ade054_stairs_01,0.055114712566137314,0.0,0.0,0.12249755859375,25.66305923461914,0.0001,161.07205064873597,0,True,0.0001,10.579029732559274,0,True
50,10,15,0.2,0.013333333333333334,0.6,0.0001,0,17001,27001,37001,8,200,1000,1,ncf_full,3f1af891264523591d3a4ef1df6878cb41b2ed518e7e2cf0e492161b72013888,True,L_IG,NCF official release 150_20_hist.npy (150 ADE20K classes x 20 palettes),,"{""global_scene"": 1.0}",True,population,CIELab_D65_L_0_100_ab_signed,ATR:11|2,0,0,True,True,6,38,ade141_pier_13,0.04790619760751724,0.0,0.0,0.1943105161190033,35.63868713378906,0.0001,161.07205064873597,0,True,0.0001,10.316458775528464,0,True
50,10,15,0.2,0.013333333333333334,0.6,0.0001,0,17001,27001,37001,8,200,1000,1,ncf_full,3f1af891264523591d3a4ef1df6878cb41b2ed518e7e2cf0e492161b72013888,True,L_IG,NCF official release 150_20_hist.npy (150 ADE20K classes x 20 palettes),,"{""global_scene"": 1.0}",True,population,CIELab_D65_L_0_100_ab_signed,ATR:11|2,0,0,True,True,6,39,ade090_television_13,0.06043454632163048,0.0,0.0,0.1272481381893158,18.31058120727539,0.0001,161.07205064873597,0,True,0.0001,2.7513312478041283,0,True
50,10,15,0.2,0.013333333333333334,0.6,0.0001,0,17001,27001,37001,8,200,1000,1,ncf_full,3f1af891264523591d3a4ef1df6878cb41b2ed518e7e2cf0e492161b72013888,True,L_IG,NCF official release 150_20_hist.npy (150 ADE20K classes x 20 palettes),,"{""global_scene"": 1.0}",True,population,CIELab_D65_L_0_100_ab_signed,ATR:11|2,0,0,True,True,6,40,ade111_stool_12,0.05472768098115921,0.0,0.0,0.21748225390911102,14.011186599731445,0.0001,161.07205064873597,0,True,0.0001,12.190452537085065,0,True
50,10,15,0.2,0.013333333333333334,0.6,0.0001,0,17001,27001,37001,8,200,1000,1,ncf_full,3f1af891264523591d3a4ef1df6878cb41b2ed518e7e2cf0e492161b72013888,True,L_IG,NCF official release 150_20_hist.npy (150 ADE20K classes x 20 palettes),,"{""global_scene"": 1.0}",True,population,CIELab_D65_L_0_100_ab_signed,ATR:11|2,0,0,True,True,6,41,ade045_chest_13,0.04530227184295654,0.0,0.0,0.0009028117056004703,23.579805374145508,0.0001,161.07205064873597,0,True,0.0001,8.352998242782432,0,True
50,10,15,0.2,0.013333333333333334,0.6,0.0001,0,17001,27001,37001,8,200,1000,1,ncf_full,3f1af891264523591d3a4ef1df6878cb41b2ed518e7e2cf0e492161b72013888,True,L_IG,NCF official release 150_20_hist.npy (150 ADE20K classes x 20 palettes),,"{""global_scene"": 1.0}",True,population,CIELab_D65_L_0_100_ab_signed,ATR:11|2,0,0,True,True,6,42,ade023_painting_14,0.06100422143936157,0.0,0.0,0.21784591674804688,14.134866714477539,0.0001,161.07205064873597,0,True,0.0001,93.07002133914962,0,True
50,10,15,0.2,0.013333333333333334,0.6,0.0001,0,17001,27001,37001,8,200,1000,1,ncf_full,3f1af891264523591d3a4ef1df6878cb41b2ed518e7e2cf0e492161b72013888,True,L_IG,NCF official release 150_20_hist.npy (150 ADE20K classes x 20 palettes),,"{""global_scene"": 1.0}",True,population,CIELab_D65_L_0_100_ab_signed,ATR:11|2,0,0,True,True,6,43,ade106_conveyer_12,0.06003712862730026,0.0,0.0,0.0283355712890625,12.149784088134766,0.0001,161.07205064873597,0,True,0.0001,22.897651882774817,0,True
50,10,15,0.2,0.013333333333333334,0.6,0.0001,0,17001,27001,37001,8,200,1000,1,ncf_full,3f1af891264523591d3a4ef1df6878cb41b2ed518e7e2cf0e492161b72013888,True,L_IG,NCF official release 150_20_hist.npy (150 ADE20K classes x 20 palettes),,"{""global_scene"": 1.0}",True,population,CIELab_D65_L_0_100_ab_signed,ATR:11|2,0,0,True,True,6,44,ade017_mountain_02,0.04563722386956215,0.0,0.0,0.0760904997587204,30.71329689025879,0.0001,161.07205064873597,0,True,0.0001,4.666429879210528,0,True
50,10,15,0.2,0.013333333333333334,0.6,0.0001,0,17001,27001,37001,8,200,1000,1,ncf_full,3f1af891264523591d3a4ef1df6878cb41b2ed518e7e2cf0e492161b72013888,True,L_IG,NCF official release 150_20_hist.npy (150 ADE20K classes x 20 palettes),,"{""global_scene"": 1.0}",True,population,CIELab_D65_L_0_100_ab_signed,ATR:11|2,0,0,True,True,6,45,ade076_swivel_11,0.06051626056432724,0.0,0.0,0.0174840297549963,18.498241424560547,0.0001,161.07205064873597,0,True,0.0001,22.892422337937518,0,True
50,10,15,0.2,0.013333333333333334,0.6,0.0001,0,17001,27001,37001,8,200,1000,1,ncf_full,3f1af891264523591d3a4ef1df6878cb41b2ed518e7e2cf0e492161b72013888,True,L_IG,NCF official release 150_20_hist.npy (150 ADE20K classes x 20 palettes),,"{""global_scene"": 1.0}",True,population,CIELab_D65_L_0_100_ab_signed,ATR:11|2,0,0,True,True,6,46,ade122_step_14,0.03284462168812752,0.0,0.0,0.0,27.910585403442383,0.0001,161.07205064873597,0,True,0.0001,2.119387709176394,0,True
50,10,15,0.2,0.013333333333333334,0.6,0.0001,0,17001,27001,37001,8,200,1000,1,ncf_full,3f1af891264523591d3a4ef1df6878cb41b2ed518e7e2cf0e492161b72013888,True,L_IG,NCF official release 150_20_hist.npy (150 ADE20K classes x 20 palettes),,"{""global_scene"": 1.0}",True,population,CIELab_D65_L_0_100_ab_signed,ATR:11|2,0,0,True,True,6,47,ade044_signboard_19,0.04094848781824112,0.0,0.0,0.0,21.60746192932129,0.0001,161.07205064873597,0,True,0.0001,3.866476824074433,0,True
50,10,15,0.2,0.013333333333333334,0.6,0.0001,0,17001,27001,37001,8,200,1000,1,ncf_full,3f1af891264523591d3a4ef1df6878cb41b2ed518e7e2cf0e492161b72013888,True,L_IG,NCF official release 150_20_hist.npy (150 ADE20K classes x 20 palettes),,"{""global_scene"": 1.0}",True,population,CIELab_D65_L_0_100_ab_signed,ATR:11|2,0,0,True,True,6,48,ade085_tower_03,0.06799362599849701,0.0,0.0,0.0035196940880268812,13.979272842407227,0.0001,161.07205064873597,0,True,0.0001,6.516073113951072,0,True
50,10,15,0.2,0.013333333333333334,0.6,0.0001,0,17001,27001,37001,8,200,1000,1,ncf_full,3f1af891264523591d3a4ef1df6878cb41b2ed518e7e2cf0e492161b72013888,True,L_IG,NCF official release 150_20_hist.npy (150 ADE20K classes x 20 palettes),,"{""global_scene"": 1.0}",True,population,CIELab_D65_L_0_100_ab_signed,ATR:11|2,0,0,True,True,6,49,ade108_washer_09,0.0661652535200119,0.0,0.0,0.12623214721679688,12.401267051696777,0.0001,161.07205064873597,0,True,0.0001,10.552161910281354,0,True
50,10,15,0.2,0.013333333333333334,0.6,0.0001,0,17001,27001,37001,8,200,1000,1,ncf_full,3f1af891264523591d3a4ef1df6878cb41b2ed518e7e2cf0e492161b72013888,True,L_IG,NCF official release 150_20_hist.npy (150 ADE20K classes x 20 palettes),,"{""global_scene"": 1.0}",True,population,CIELab_D65_L_0_100_ab_signed,ATR:11|2,0,0,True,True,7,0,ade031_armchair_15,0.061924099922180176,0.0,0.0,0.08794784545898438,20.164440155029297,0.0001,161.07205064873597,0,True,0.0001,22.491285298404144,0,True
50,10,15,0.2,0.013333333333333334,0.6,0.0001,0,17001,27001,37001,8,200,1000,1,ncf_full,3f1af891264523591d3a4ef1df6878cb41b2ed518e7e2cf0e492161b72013888,True,L_IG,NCF official release 150_20_hist.npy (150 ADE20K classes x 20 palettes),,"{""global_scene"": 1.0}",True,population,CIELab_D65_L_0_100_ab_signed,ATR:11|2,0,0,True,True,7,1,ade045_chest_12,0.05465769022703171,0.0,0.0,0.18935394287109375,26.295167922973633,0.0001,161.07205064873597,0,True,0.0001,13.808293823226366,0,True
50,10,15,0.2,0.013333333333333334,0.6,0.0001,0,17001,27001,37001,8,200,1000,1,ncf_full,3f1af891264523591d3a4ef1df6878cb41b2ed518e7e2cf0e492161b72013888,True,L_IG,NCF official release 150_20_hist.npy (150 ADE20K classes x 20 palettes),,"{""global_scene"": 1.0}",True,population,CIELab_D65_L_0_100_ab_signed,ATR:11|2,0,0,True,True,7,2,ade037_lamp_01,0.0370020717382431,0.0,0.0,0.0,21.865371704101562,0.0001,161.07205064873597,0,True,0.0001,2.6605729467496477,0,True
50,10,15,0.2,0.013333333333333334,0.6,0.0001,0,17001,27001,37001,8,200,1000,1,ncf_full,3f1af891264523591d3a4ef1df6878cb41b2ed518e7e2cf0e492161b72013888,True,L_IG,NCF official release 150_20_hist.npy (150 ADE20K classes x 20 palettes),,"{""global_scene"": 1.0}",True,population,CIELab_D65_L_0_100_ab_signed,ATR:11|2,0,0,True,True,7,3,ade065_coffee_06,0.06297431886196136,0.0,0.0,0.01296234130859375,20.794240951538086,0.0001,161.07205064873597,0,True,0.0001,12.050134048022242,0,True
50,10,15,0.2,0.013333333333333334,0.6,0.0001,0,17001,27001,37001,8,200,1000,1,ncf_full,3f1af891264523591d3a4ef1df6878cb41b2ed518e7e2cf0e492161b72013888,True,L_IG,NCF official release 150_20_hist.npy (150 ADE20K classes x 20 palettes),,"{""global_scene"": 1.0}",True,population,CIELab_D65_L_0_100_ab_signed,ATR:11|2,0,0,True,True,7,4,ade015_door_03,0.058289963752031326,0.0,0.0,0.06406275928020477,25.727619171142578,0.0001,161.07205064873597,0,True,0.0001,25.35993065948211,0,True
50,10,15,0.2,0.013333333333333334,0.6,0.0001,0,17001,27001,37001,8,200,1000,1,ncf_full,3f1af891264523591d3a4ef1df6878cb41b2ed518e7e2cf0e492161b72013888,True,L_IG,NCF official release 150_20_hist.npy (150 ADE20K classes x 20 palettes),,"{""global_scene"": 1.0}",True,population,CIELab_D65_L_0_100_ab_signed,ATR:11|2,0,0,True,True,7,5,ade068_book_07,0.04418112337589264,0.0,0.0,0.17240524291992188,32.72379684448242,0.0001,161.07205064873597,0,True,0.0001,9.721482283583587,0,True
50,10,15,0.2,0.013333333333333334,0.6,0.0001,0,17001,27001,37001,8,200,1000,1,ncf_full,3f1af891264523591d3a4ef1df6878cb41b2ed518e7e2cf0e492161b72013888,True,L_IG,NCF official release 150_20_hist.npy (150 ADE20K classes x 20 palettes),,"{""global_scene"": 1.0}",True,population,CIELab_D65_L_0_100_ab_signed,ATR:11|2,0,0,True,True,7,6,ade015_door_07,0.04108729213476181,0.0,0.0,0.0,22.890411376953125,0.0001,161.07205064873597,0,True,0.0001,5.380185723014613,0,True
50,10,15,0.2,0.013333333333333334,0.6,0.0001,0,17001,27001,37001,8,200,1000,1,ncf_full,3f1af891264523591d3a4ef1df6878cb41b2ed518e7e2cf0e492161b72013888,True,L_IG,NCF official release 150_20_hist.npy (150 ADE20K classes x 20 palettes),,"{""global_scene"": 1.0}",True,population,CIELab_D65_L_0_100_ab_signed,ATR:11|2,0,0,True,True,7,7,ade114_waterfall_19,0.06163598597049713,0.0,0.0,0.06941096484661102,21.49134063720703,0.0001,161.07205064873597,0,True,0.0001,8.918664363624838,0,True
50,10,15,0.2,0.013333333333333334,0.6,0.0001,0,17001,27001,37001,8,200,1000,1,ncf_full,3f1af891264523591d3a4ef1df6878cb41b2ed518e7e2cf0e492161b72013888,True,L_IG,NCF official release 150_20_hist.npy (150 ADE20K classes x 20 palettes),,"{""global_scene"": 1.0}",True,population,CIELab_D65_L_0_100_ab_signed,ATR:11|2,0,0,True,True,7,8,ade050_fireplace_08,0.06525188684463501,0.0,0.0,0.019781749695539474,12.635626792907715,0.0001,161.07205064873597,0,True,0.0001,3.3391218361108086,0,True
50,10,15,0.2,0.013333333333333334,0.6,0.0001,0,17001,27001,37001,8,200,1000,1,ncf_full,3f1af891264523591d3a4ef1df6878cb41b2ed518e7e2cf0e492161b72013888,True,L_IG,NCF official release 150_20_hist.npy (150 ADE20K classes x 20 palettes),,"{""global_scene"": 1.0}",True,population,CIELab_D65_L_0_100_ab_signed,ATR:11|2,0,0,True,True,7,9,ade039_railing_01,0.049222681671381,0.0,0.0,0.05249277874827385,29.85080337524414,0.0001,161.07205064873597,0,True,0.0001,11.10730545075363,0,True
50,10,15,0.2,0.013333333333333334,0.6,0.0001,0,17001,27001,37001,8,200,1000,1,ncf_full,3f1af891264523591d3a4ef1df6878cb41b2ed518e7e2cf0e492161b72013888,True,L_IG,NCF official release 150_20_hist.npy (150 ADE20K classes x 20 palettes),,"{""global_scene"": 1.0}",True,population,CIELab_D65_L_0_100_ab_signed,ATR:11|2,0,0,True,True,7,10,ade108_washer_18,0.06663684546947479,0.0,0.0,0.07242711633443832,16.288990020751953,0.0001,161.07205064873597,0,True,0.0001,37.0197403122584,0,True
50,10,15,0.2,0.013333333333333334,0.6,0.0001,0,17001,27001,37001,8,200,1000,1,ncf_full,3f1af891264523591d3a4ef1df6878cb41b2ed518e7e2cf0e492161b72013888,True,L_IG,NCF official release 150_20_hist.npy (150 ADE20K classes x 20 palettes),,"{""global_scene"": 1.0}",True,population,CIELab_D65_L_0_100_ab_signed,ATR:11|2,0,0,True,True,7,11,ade032_seat_11,0.05730001628398895,0.0,0.0,0.19174322485923767,26.487529754638672,0.0001,161.07205064873597,0,True,0.0001,98.89583229914189,0,True
50,10,15,0.2,0.013333333333333334,0.6,0.0001,0,17001,27001,37001,8,200,1000,1,ncf_full,3f1af891264523591d3a4ef1df6878cb41b2ed518e7e2cf0e492161b72013888,True,L_IG,NCF official release 150_20_hist.npy (150 ADE20K classes x 20 palettes),,"{""global_scene"": 1.0}",True,population,CIELab_D65_L_0_100_ab_signed,ATR:11|2,0,0,True,True,7,12,ade001_wall_08,0.04291415959596634,0.0,0.0,0.2926292419433594,24.86223602294922,0.0001,161.07205064873597,0,True,0.0001,50.48867502415975,0,True
50,10,15,0.2,0.013333333333333334,0.6,0.0001,0,17001,27001,37001,8,200,1000,1,ncf_full,3f1af891264523591d3a4ef1df6878cb41b2ed518e7e2cf0e492161b72013888,True,L_IG,NCF official release 150_20_hist.npy (150 ADE20K classes x 20 palettes),,"{""global_scene"": 1.0}",True,population,CIELab_D65_L_0_100_ab_signed,ATR:11|2,0,0,True,True,7,13,ade111_stool_17,0.03348231315612793,0.0,0.0,0.03628794476389885,40.33469772338867,0.0001,161.07205064873597,0,True,0.0001,2.690306217272609,0,True
50,10,15,0.2,0.013333333333333334,0.6,0.0001,0,17001,27001,37001,8,200,1000,1,ncf_full,3f1af891264523591d3a4ef1df6878cb41b2ed518e7e2cf0e492161b72013888,True,L_IG,NCF official release 150_20_hist.npy (150 ADE20K classes x 20 palettes),,"{""global_scene"": 1.0}",True,population,CIELab_D65_L_0_100_ab_signed,ATR:11|2,0,0,True,True,7,14,ade064_blind_02,0.05699221044778824,0.0,0.0,0.0,18.4079647064209,0.0001,161.07205064873597,0,True,0.0001,12.771047456696953,0,True
50,10,15,0.2,0.013333333333333334,0.6,0.0001,0,17001,27001,37001,8,200,1000,1,ncf_full,3f1af891264523591d3a4ef1df6878cb41b2ed518e7e2cf0e492161b72013888,True,L_IG,NCF official release 150_20_hist.npy (150 ADE20K classes x 20 palettes),,"{""global_scene"": 1.0}",True,population,CIELab_D65_L_0_100_ab_signed,ATR:11|2,0,0,True,True,7,15,ade097_escalator_10,0.059222202748060226,0.0,0.0,0.01019795797765255,22.604854583740234,0.0001,161.07205064873597,0,True,0.0001,13.800180086583842,0,True
50,10,15,0.2,0.013333333333333334,0.6,0.0001,0,17001,27001,37001,8,200,1000,1,ncf_full,3f1af891264523591d3a4ef1df6878cb41b2ed518e7e2cf0e492161b72013888,True,L_IG,NCF official release 150_20_hist.npy (150 ADE20K classes x 20 palettes),,"{""global_scene"": 1.0}",True,population,CIELab_D65_L_0_100_ab_signed,ATR:11|2,0,0,True,True,7,16,ade034_desk_06,0.071006178855896,0.0,0.0,0.075836181640625,12.910244941711426,0.0001,161.07205064873597,0,True,0.0001,36.65838085126382,0,True
50,10,15,0.2,0.013333333333333334,0.6,0.0001,0,17001,27001,37001,8,200,1000,1,ncf_full,3f1af891264523591d3a4ef1df6878cb41b2ed518e7e2cf0e492161b72013888,True,L_IG,NCF official release 150_20_hist.npy (150 ADE20K classes x 20 palettes),,"{""global_scene"": 1.0}",True,population,CIELab_D65_L_0_100_ab_signed,ATR:11|2,0,0,True,True,7,17,ade024_sofa_12,0.06106412783265114,0.0,0.0,0.11544418334960938,15.877588272094727,0.0001,161.07205064873597,0,True,0.0001,10.247593198401034,0,True
50,10,15,0.2,0.013333333333333334,0.6,0.0001,0,17001,27001,37001,8,200,1000,1,ncf_full,3f1af891264523591d3a4ef1df6878cb41b2ed518e7e2cf0e492161b72013888,True,L_IG,NCF official release 150_20_hist.npy (150 ADE20K classes x 20 palettes),,"{""global_scene"": 1.0}",True,population,CIELab_D65_L_0_100_ab_signed,ATR:11|2,0,0,True,True,7,18,ade100_buffet_03,0.05235082656145096,0.0,0.0,0.0,17.02090072631836,0.0001,161.07205064873597,0,True,0.0001,10.263786106165178,0,True
50,10,15,0.2,0.013333333333333334,0.6,0.0001,0,17001,27001,37001,8,200,1000,1,ncf_full,3f1af891264523591d3a4ef1df6878cb41b2ed518e7e2cf0e492161b72013888,True,L_IG,NCF official release 150_20_hist.npy (150 ADE20K classes x 20 palettes),,"{""global_scene"": 1.0}",True,population,CIELab_D65_L_0_100_ab_signed,ATR:11|2,0,0,True,True,7,19,ade076_swivel_18,0.06817232072353363,0.0,0.0,0.0944773405790329,15.360260009765625,0.0001,161.07205064873597,0,True,0.0001,16.018925834894137,0,True
50,10,15,0.2,0.013333333333333334,0.6,0.0001,0,17001,27001,37001,8,200,1000,1,ncf_full,3f1af891264523591d3a4ef1df6878cb41b2ed518e7e2cf0e492161b72013888,True,L_IG,NCF official release 150_20_hist.npy (150 ADE20K classes x 20 palettes),,"{""global_scene"": 1.0}",True,population,CIELab_D65_L_0_100_ab_signed,ATR:11|2,0,0,True,True,7,20,ade080_hovel_16,0.06625618040561676,0.0,0.0,0.0,12.383360862731934,0.0001,161.07205064873597,0,True,0.0001,25.866097128323833,0,True
50,10,15,0.2,0.013333333333333334,0.6,0.0001,0,17001,27001,37001,8,200,1000,1,ncf_full,3f1af891264523591d3a4ef1df6878cb41b2ed518e7e2cf0e492161b72013888,True,L_IG,NCF official release 150_20_hist.npy (150 ADE20K classes x 20 palettes),,"{""global_scene"": 1.0}",True,population,CIELab_D65_L_0_100_ab_signed,ATR:11|2,0,0,True,True,7,21,ade093_apparel_00,0.06225023418664932,0.0,0.0,0.0,16.106985092163086,0.0001,161.07205064873597,0,True,0.0001,13.678486643097541,0,True
50,10,15,0.2,0.013333333333333334,0.6,0.0001,0,17001,27001,37001,8,200,1000,1,ncf_full,3f1af891264523591d3a4ef1df6878cb41b2ed518e7e2cf0e492161b72013888,True,L_IG,NCF official release 150_20_hist.npy (150 ADE20K classes x 20 palettes),,"{""global_scene"": 1.0}",True,population,CIELab_D65_L_0_100_ab_signed,ATR:11|2,0,0,True,True,7,22,ade095_land_15,0.06574127823114395,0.0,0.0,0.0674082487821579,13.420431137084961,0.0001,161.07205064873597,0,True,0.0001,56.54893897420177,0,True
50,10,15,0.2,0.013333333333333334,0.6,0.0001,0,17001,27001,37001,8,200,1000,1,ncf_full,3f1af891264523591d3a4ef1df6878cb41b2ed518e7e2cf0e492161b72013888,True,L_IG,NCF official release 150_20_hist.npy (150 ADE20K classes x 20 palettes),,"{""global_scene"": 1.0}",True,population,CIELab_D65_L_0_100_ab_signed,ATR:11|2,0,0,True,True,7,23,ade138_tray_11,0.04068019241094589,0.0,0.0,0.10290654748678207,42.108211517333984,0.0001,161.07205064873597,0,True,0.0001,7.380043610947179,0,True
50,10,15,0.2,0.013333333333333334,0.6,0.0001,0,17001,27001,37001,8,200,1000,1,ncf_full,3f1af891264523591d3a4ef1df6878cb41b2ed518e7e2cf0e492161b72013888,True,L_IG,NCF official release 150_20_hist.npy (150 ADE20K classes x 20 palettes),,"{""global_scene"": 1.0}",True,population,CIELab_D65_L_0_100_ab_signed,ATR:11|2,0,0,True,True,7,24,ade086_chandelier_08,0.04581088200211525,0.0,0.0,0.12244288623332977,35.8753662109375,0.0001,161.07205064873597,0,True,0.0001,12.819589018018775,0,True
50,10,15,0.2,0.013333333333333334,0.6,0.0001,0,17001,27001,37001,8,200,1000,1,ncf_full,3f1af891264523591d3a4ef1df6878cb41b2ed518e7e2cf0e492161b72013888,True,L_IG,NCF official release 150_20_hist.npy (150 ADE20K classes x 20 palettes),,"{""global_scene"": 1.0}",True,population,CIELab_D65_L_0_100_ab_signed,ATR:11|2,0,0,True,True,7,25,ade019_curtain_08,0.05852343887090683,0.0,0.0,0.05002593994140625,21.234519958496094,0.0001,161.07205064873597,0,True,0.0001,19.977116653870965,0,True
50,10,15,0.2,0.013333333333333334,0.6,0.0001,0,17001,27001,37001,8,200,1000,1,ncf_full,3f1af891264523591d3a4ef1df6878cb41b2ed518e7e2cf0e492161b72013888,True,L_IG,NCF official release 150_20_hist.npy (150 ADE20K classes x 20 palettes),,"{""global_scene"": 1.0}",True,population,CIELab_D65_L_0_100_ab_signed,ATR:11|2,0,0,True,True,7,26,ade023_painting_03,0.05239567160606384,0.0,0.0,0.0,13.788139343261719,0.0001,161.07205064873597,0,True,0.0001,5.8486908752004965,0,True
50,10,15,0.2,0.013333333333333334,0.6,0.0001,0,17001,27001,37001,8,200,1000,1,ncf_full,3f1af891264523591d3a4ef1df6878cb41b2ed518e7e2cf0e492161b72013888,True,L_IG,NCF official release 150_20_hist.npy (150 ADE20K classes x 20 palettes),,"{""global_scene"": 1.0}",True,population,CIELab_D65_L_0_100_ab_signed,ATR:11|2,0,0,True,True,7,27,ade007_road_07,0.06688886880874634,0.0,0.0,0.034559886902570724,14.030457496643066,0.0001,161.07205064873597,0,True,0.0001,11.66858386408781,0,True
50,10,15,0.2,0.013333333333333334,0.6,0.0001,0,17001,27001,37001,8,200,1000,1,ncf_full,3f1af891264523591d3a4ef1df6878cb41b2ed518e7e2cf0e492161b72013888,True,L_IG,NCF official release 150_20_hist.npy (150 ADE20K classes x 20 palettes),,"{""global_scene"": 1.0}",True,population,CIELab_D65_L_0_100_ab_signed,ATR:11|2,0,0,True,True,7,28,ade047_sand_10,0.0600016750395298,0.0,0.0,0.09369786828756332,18.180675506591797,0.0001,161.07205064873597,0,True,0.0001,8.304207229635173,0,True
50,10,15,0.2,0.013333333333333334,0.6,0.0001,0,17001,27001,37001,8,200,1000,1,ncf_full,3f1af891264523591d3a4ef1df6878cb41b2ed518e7e2cf0e492161b72013888,True,L_IG,NCF official release 150_20_hist.npy (150 ADE20K classes x 20 palettes),,"{""global_scene"": 1.0}",True,population,CIELab_D65_L_0_100_ab_signed,ATR:11|2,0,0,True,True,7,29,ade134_hood_18,0.06167944520711899,0.0,0.0,0.084381103515625,15.563867568969727,0.0001,161.07205064873597,0,True,0.0001,6.140259491251862,0,True
50,10,15,0.2,0.013333333333333334,0.6,0.0001,0,17001,27001,37001,8,200,1000,1,ncf_full,3f1af891264523591d3a4ef1df6878cb41b2ed518e7e2cf0e492161b72013888,True,L_IG,NCF official release 150_20_hist.npy (150 ADE20K classes x 20 palettes),,"{""global_scene"": 1.0}",True,population,CIELab_D65_L_0_100_ab_signed,ATR:11|2,0,0,True,True,7,30,ade123_tank_11,0.05479339882731438,0.0,0.0,0.05528005212545395,30.109909057617188,0.0001,161.07205064873597,0,True,0.0001,86.12234016725981,0,True
50,10,15,0.2,0.013333333333333334,0.6,0.0001,0,17001,27001,37001,8,200,1000,1,ncf_full,3f1af891264523591d3a4ef1df6878cb41b2ed518e7e2cf0e492161b72013888,True,L_IG,NCF official release 150_20_hist.npy (150 ADE20K classes x 20 palettes),,"{""global_scene"": 1.0}",True,population,CIELab_D65_L_0_100_ab_signed,ATR:11|2,0,0,True,True,7,31,ade048_sink_00,0.03489209711551666,0.0,0.0,0.0,23.08372688293457,0.0001,161.07205064873597,0,True,0.0001,4.904203795688444,0,True
50,10,15,0.2,0.013333333333333334,0.6,0.0001,0,17001,27001,37001,8,200,1000,1,ncf_full,3f1af891264523591d3a4ef1df6878cb41b2ed518e7e2cf0e492161b72013888,True,L_IG,NCF official release 150_20_hist.npy (150 ADE20K classes x 20 palettes),,"{""global_scene"": 1.0}",True,population,CIELab_D65_L_0_100_ab_signed,ATR:11|2,0,0,True,True,7,32,ade056_case_16,0.07070305198431015,0.0,0.0,0.10515467822551727,12.568510055541992,0.0001,161.07205064873597,0,True,0.0001,53.223948177860464,0,True
50,10,15,0.2,0.013333333333333334,0.6,0.0001,0,17001,27001,37001,8,200,1000,1,ncf_full,3f1af891264523591d3a4ef1df6878cb41b2ed518e7e2cf0e492161b72013888,True,L_IG,NCF official release 150_20_hist.npy (150 ADE20K classes x 20 palettes),,"{""global_scene"": 1.0}",True,population,CIELab_D65_L_0_100_ab_signed,ATR:11|2,0,0,True,True,7,33,ade024_sofa_03,0.06607542186975479,0.0,0.0,0.0077756247483193874,18.639602661132812,0.0001,161.07205064873597,0,True,0.0001,25.038300247920994,0,True
50,10,15,0.2,0.013333333333333334,0.6,0.0001,0,17001,27001,37001,8,200,1000,1,ncf_full,3f1af891264523591d3a4ef1df6878cb41b2ed518e7e2cf0e492161b72013888,True,L_IG,NCF official release 150_20_hist.npy (150 ADE20K classes x 20 palettes),,"{""global_scene"": 1.0}",True,population,CIELab_D65_L_0_100_ab_signed,ATR:11|2,0,0,True,True,7,34,ade131_screen_05,0.05861329287290573,0.0,0.0,0.0,17.520828247070312,0.0001,161.07205064873597,0,True,0.0001,4.443826991599763,0,True
50,10,15,0.2,0.013333333333333334,0.6,0.0001,0,17001,27001,37001,8,200,1000,1,ncf_full,3f1af891264523591d3a4ef1df6878cb41b2ed518e7e2cf0e492161b72013888,True,L_IG,NCF official release 150_20_hist.npy (150 ADE20K classes x 20 palettes),,"{""global_scene"": 1.0}",True,population,CIELab_D65_L_0_100_ab_signed,ATR:11|2,0,0,True,True,7,35,ade059_screen_16,0.05989654362201691,0.0,0.0,0.09417597949504852,20.388214111328125,0.0001,161.07205064873597,0,True,0.0001,4.051676688378905,0,True
50,10,15,0.2,0.013333333333333334,0.6,0.0001,0,17001,27001,37001,8,200,1000,1,ncf_full,3f1af891264523591d3a4ef1df6878cb41b2ed518e7e2cf0e492161b72013888,True,L_IG,NCF official release 150_20_hist.npy (150 ADE20K classes x 20 palettes),,"{""global_scene"": 1.0}",True,population,CIELab_D65_L_0_100_ab_signed,ATR:11|2,0,0,True,True,7,36,ade071_countertop_16,0.05363510176539421,0.0,0.0,0.09746678918600082,28.24797821044922,0.0001,161.07205064873597,0,True,0.0001,8.710951983287721,0,True
50,10,15,0.2,0.013333333333333334,0.6,0.0001,0,17001,27001,37001,8,200,1000,1,ncf_full,3f1af891264523591d3a4ef1df6878cb41b2ed518e7e2cf0e492161b72013888,True,L_IG,NCF official release 150_20_hist.npy (150 ADE20K classes x 20 palettes),,"{""global_scene"": 1.0}",True,population,CIELab_D65_L_0_100_ab_signed,ATR:11|2,0,0,True,True,7,37,ade087_awning_07,0.05822758004069328,0.0,0.0,0.0,14.001948356628418,0.0001,161.07205064873597,0,True,0.0001,4.0445196290036,0,True
50,10,15,0.2,0.013333333333333334,0.6,0.0001,0,17001,27001,37001,8,200,1000,1,ncf_full,3f1af891264523591d3a4ef1df6878cb41b2ed518e7e2cf0e492161b72013888,True,L_IG,NCF official release 150_20_hist.npy (150 ADE20K classes x 20 palettes),,"{""global_scene"": 1.0}",True,population,CIELab_D65_L_0_100_ab_signed,ATR:11|2,0,0,True,True,7,38,ade019_curtain_05,0.06819514185190201,0.0,0.0,0.07916259765625,11.013519287109375,0.0001,161.07205064873597,0,True,0.0001,13.048906142989862,0,True
50,10,15,0.2,0.013333333333333334,0.6,0.0001,0,17001,27001,37001,8,200,1000,1,ncf_full,3f1af891264523591d3a4ef1df6878cb41b2ed518e7e2cf0e492161b72013888,True,L_IG,NCF official release 150_20_hist.npy (150 ADE20K classes x 20 palettes),,"{""global_scene"": 1.0}",True,population,CIELab_D65_L_0_100_ab_signed,ATR:11|2,0,0,True,True,7,39,ade119_oven_00,0.05396503210067749,0.0,0.0,0.00709406565874815,22.42374038696289,0.0001,161.07205064873597,0,True,0.0001,13.227659216887606,0,True
50,10,15,0.2,0.013333333333333334,0.6,0.0001,0,17001,27001,37001,8,200,1000,1,ncf_full,3f1af891264523591d3a4ef1df6878cb41b2ed518e7e2cf0e492161b72013888,True,L_IG,NCF official release 150_20_hist.npy (150 ADE20K classes x 20 palettes),,"{""global_scene"": 1.0}",True,population,CIELab_D65_L_0_100_ab_signed,ATR:11|2,0,0,True,True,7,40,ade049_skyscraper_19,0.031057680025696754,0.0,0.0,0.08036931604146957,43.21229934692383,0.0001,161.07205064873597,0,True,0.0001,0.7413551584172666,0,True
50,10,15,0.2,0.013333333333333334,0.6,0.0001,0,17001,27001,37001,8,200,1000,1,ncf_full,3f1af891264523591d3a4ef1df6878cb41b2ed518e7e2cf0e492161b72013888,True,L_IG,NCF official release 150_20_hist.npy (150 ADE20K classes x 20 palettes),,"{""global_scene"": 1.0}",True,population,CIELab_D65_L_0_100_ab_signed,ATR:11|2,0,0,True,True,7,41,ade084_truck_01,0.06319724023342133,0.0,0.0,0.07264964282512665,16.60568618774414,0.0001,161.07205064873597,0,True,0.0001,33.87628203201288,0,True
50,10,15,0.2,0.013333333333333334,0.6,0.0001,0,17001,27001,37001,8,200,1000,1,ncf_full,3f1af891264523591d3a4ef1df6878cb41b2ed518e7e2cf0e492161b72013888,True,L_IG,NCF official release 150_20_hist.npy (150 ADE20K classes x 20 palettes),,"{""global_scene"": 1.0}",True,population,CIELab_D65_L_0_100_ab_signed,ATR:11|2,0,0,True,True,7,42,ade056_case_04,0.06378759443759918,0.0,0.0,0.030666351318359375,16.432296752929688,0.0001,161.07205064873597,0,True,0.0001,36.535285202830124,0,True
50,10,15,0.2,0.013333333333333334,0.6,0.0001,0,17001,27001,37001,8,200,1000,1,ncf_full,3f1af891264523591d3a4ef1df6878cb41b2ed518e7e2cf0e492161b72013888,True,L_IG,NCF official release 150_20_hist.npy (150 ADE20K classes x 20 palettes),,"{""global_scene"": 1.0}",True,population,CIELab_D65_L_0_100_ab_signed,ATR:11|2,0,0,True,True,7,43,ade121_food_02,0.060791559517383575,0.0,0.0,0.061448417603969574,20.519832611083984,0.0001,161.07205064873597,0,True,0.0001,68.16443752275411,0,True
50,10,15,0.2,0.013333333333333334,0.6,0.0001,0,17001,27001,37001,8,200,1000,1,ncf_full,3f1af891264523591d3a4ef1df6878cb41b2ed518e7e2cf0e492161b72013888,True,L_IG,NCF official release 150_20_hist.npy (150 ADE20K classes x 20 palettes),,"{""global_scene"": 1.0}",True,population,CIELab_D65_L_0_100_ab_signed,ATR:11|2,0,0,True,True,7,44,ade068_book_12,0.047520868480205536,0.0,0.0,0.041584014892578125,22.48529815673828,0.0001,161.07205064873597,0,True,0.0001,28.317895286036954,0,True
50,10,15,0.2,0.013333333333333334,0.6,0.0001,0,17001,27001,37001,8,200,1000,1,ncf_full,3f1af891264523591d3a4ef1df6878cb41b2ed518e7e2cf0e492161b72013888,True,L_IG,NCF official release 150_20_hist.npy (150 ADE20K classes x 20 palettes),,"{""global_scene"": 1.0}",True,population,CIELab_D65_L_0_100_ab_signed,ATR:11|2,0,0,True,True,7,45,ade097_escalator_01,0.06260792911052704,0.0,0.0,0.0063018798828125,17.058950424194336,0.0001,161.07205064873597,0,True,0.0001,21.894406631627938,0,True
50,10,15,0.2,0.013333333333333334,0.6,0.0001,0,17001,27001,37001,8,200,1000,1,ncf_full,3f1af891264523591d3a4ef1df6878cb41b2ed518e7e2cf0e492161b72013888,True,L_IG,NCF official release 150_20_hist.npy (150 ADE20K classes x 20 palettes),,"{""global_scene"": 1.0}",True,population,CIELab_D65_L_0_100_ab_signed,ATR:11|2,0,0,True,True,7,46,ade113_basket_14,0.06494376063346863,0.0,0.0,0.11028163135051727,12.876575469970703,0.0001,161.07205064873597,0,True,0.0001,19.13516529187266,0,True
50,10,15,0.2,0.013333333333333334,0.6,0.0001,0,17001,27001,37001,8,200,1000,1,ncf_full,3f1af891264523591d3a4ef1df6878cb41b2ed518e7e2cf0e492161b72013888,True,L_IG,NCF official release 150_20_hist.npy (150 ADE20K classes x 20 palettes),,"{""global_scene"": 1.0}",True,population,CIELab_D65_L_0_100_ab_signed,ATR:11|2,0,0,True,True,7,47,ade020_chair_18,0.04590992629528046,0.0,0.0,0.07797114551067352,33.173736572265625,0.0001,161.07205064873597,0,True,0.0001,27.8275074454681,0,True
50,10,15,0.2,0.013333333333333334,0.6,0.0001,0,17001,27001,37001,8,200,1000,1,ncf_full,3f1af891264523591d3a4ef1df6878cb41b2ed518e7e2cf0e492161b72013888,True,L_IG,NCF official release 150_20_hist.npy (150 ADE20K classes x 20 palettes),,"{""global_scene"": 1.0}",True,population,CIELab_D65_L_0_100_ab_signed,ATR:11|2,0,0,True,True,7,48,ade131_screen_12,0.03112674504518509,0.0,0.0,0.05324045941233635,32.04640579223633,0.0001,161.07205064873597,0,True,0.0001,5.277097654562836,0,True
50,10,15,0.2,0.013333333333333334,0.6,0.0001,0,17001,27001,37001,8,200,1000,1,ncf_full,3f1af891264523591d3a4ef1df6878cb41b2ed518e7e2cf0e492161b72013888,True,L_IG,NCF official release 150_20_hist.npy (150 ADE20K classes x 20 palettes),,"{""global_scene"": 1.0}",True,population,CIELab_D65_L_0_100_ab_signed,ATR:11|2,0,0,True,True,7,49,ade068_book_02,0.06127442792057991,0.0,0.0,0.08394241333007812,22.848613739013672,0.0001,161.07205064873597,0,True,0.0001,6.887154609508128,0,True
50,10,15,0.2,0.013333333333333334,0.6,0.0001,0,17001,27001,37001,8,200,1000,1,ncf_full,3f1af891264523591d3a4ef1df6878cb41b2ed518e7e2cf0e492161b72013888,True,L_IG,NCF official release 150_20_hist.npy (150 ADE20K classes x 20 palettes),,"{""global_scene"": 1.0}",True,population,CIELab_D65_L_0_100_ab_signed,ATR:11|2,0,0,True,True,8,0,ade037_lamp_03,0.06288008391857147,0.0,0.0,0.006687164306640625,17.979711532592773,0.0001,161.07205064873597,0,True,0.0001,12.237669794753693,0,True
50,10,15,0.2,0.013333333333333334,0.6,0.0001,0,17001,27001,37001,8,200,1000,1,ncf_full,3f1af891264523591d3a4ef1df6878cb41b2ed518e7e2cf0e492161b72013888,True,L_IG,NCF official release 150_20_hist.npy (150 ADE20K classes x 20 palettes),,"{""global_scene"": 1.0}",True,population,CIELab_D65_L_0_100_ab_signed,ATR:11|2,0,0,True,True,8,1,ade008_bed_08,0.06130429729819298,0.0,0.0,0.03350830078125,21.683086395263672,0.0001,161.07205064873597,0,True,0.0001,59.693918156320876,0,True
50,10,15,0.2,0.013333333333333334,0.6,0.0001,0,17001,27001,37001,8,200,1000,1,ncf_full,3f1af891264523591d3a4ef1df6878cb41b2ed518e7e2cf0e492161b72013888,True,L_IG,NCF official release 150_20_hist.npy (150 ADE20K classes x 20 palettes),,"{""global_scene"": 1.0}",True,population,CIELab_D65_L_0_100_ab_signed,ATR:11|2,0,0,True,True,8,2,ade125_microwave_01,0.04669440537691116,0.0,0.0,0.2768096923828125,29.747230529785156,0.0001,161.07205064873597,0,True,0.0001,13.84195645583136,0,True
50,10,15,0.2,0.013333333333333334,0.6,0.0001,0,17001,27001,37001,8,200,1000,1,ncf_full,3f1af891264523591d3a4ef1df6878cb41b2ed518e7e2cf0e492161b72013888,True,L_IG,NCF official release 150_20_hist.npy (150 ADE20K classes x 20 palettes),,"{""global_scene"": 1.0}",True,population,CIELab_D65_L_0_100_ab_signed,ATR:11|2,0,0,True,True,8,3,ade007_road_09,0.046312492340803146,0.0,0.0,0.0,19.781007766723633,0.0001,161.07205064873597,0,True,0.0001,4.696828533004614,0,True
50,10,15,0.2,0.013333333333333334,0.6,0.0001,0,17001,27001,37001,8,200,1000,1,ncf_full,3f1af891264523591d3a4ef1df6878cb41b2ed518e7e2cf0e492161b72013888,True,L_IG,NCF official release 150_20_hist.npy (150 ADE20K classes x 20 palettes),,"{""global_scene"": 1.0}",True,population,CIELab_D65_L_0_100_ab_signed,ATR:11|2,0,0,True,True,8,4,ade056_case_17,0.053547222167253494,0.0,0.0,0.19496409595012665,33.15203094482422,0.0001,161.07205064873597,0,True,0.0001,76.94343916832055,0,True
50,10,15,0.2,0.013333333333333334,0.6,0.0001,0,17001,27001,37001,8,200,1000,1,ncf_full,3f1af891264523591d3a4ef1df6878cb41b2ed518e7e2cf0e492161b72013888,True,L_IG,NCF official release 150_20_hist.npy (150 ADE20K classes x 20 palettes),,"{""global_scene"": 1.0}",True,population,CIELab_D65_L_0_100_ab_signed,ATR:11|2,0,0,True,True,8,5,ade054_stairs_06,0.058536652475595474,0.0,0.0,0.0781962126493454,20.52598762512207,0.0001,161.07205064873597,0,True,0.0001,6.691880911392116,0,True
50,10,15,0.2,0.013333333333333334,0.6,0.0001,0,17001,27001,37001,8,200,1000,1,ncf_full,3f1af891264523591d3a4ef1df6878cb41b2ed518e7e2cf0e492161b72013888,True,L_IG,NCF official release 150_20_hist.npy (150 ADE20K classes x 20 palettes),,"{""global_scene"": 1.0}",True,population,CIELab_D65_L_0_100_ab_signed,ATR:11|2,0,0,True,True,8,6,ade091_airplane_16,0.05288257822394371,0.0,0.0,0.0,18.290193557739258,0.0001,161.07205064873597,0,True,0.0001,12.398906035133946,0,True
50,10,15,0.2,0.013333333333333334,0.6,0.0001,0,17001,27001,37001,8,200,1000,1,ncf_full,3f1af891264523591d3a4ef1df6878cb41b2ed518e7e2cf0e492161b72013888,True,L_IG,NCF official release 150_20_hist.npy (150 ADE20K classes x 20 palettes),,"{""global_scene"": 1.0}",True,population,CIELab_D65_L_0_100_ab_signed,ATR:11|2,0,0,True,True,8,7,ade076_swivel_15,0.042608052492141724,0.0,0.0,0.12605158984661102,32.12481689453125,0.0001,161.07205064873597,0,True,0.0001,15.027976525564027,0,True
50,10,15,0.2,0.013333333333333334,0.6,0.0001,0,17001,27001,37001,8,200,1000,1,ncf_full,3f1af891264523591d3a4ef1df6878cb41b2ed518e7e2cf0e492161b72013888,True,L_IG,NCF official release 150_20_hist.npy (150 ADE20K classes x 20 palettes),,"{""global_scene"": 1.0}",True,population,CIELab_D65_L_0_100_ab_signed,ATR:11|2,0,0,True,True,8,8,ade128_bicycle_12,0.05839207395911217,0.0,0.0,0.011927287094295025,19.828765869140625,0.0001,161.07205064873597,0,True,0.0001,24.712555200600832,0,True
50,10,15,0.2,0.013333333333333334,0.6,0.0001,0,17001,27001,37001,8,200,1000,1,ncf_full,3f1af891264523591d3a4ef1df6878cb41b2ed518e7e2cf0e492161b72013888,True,L_IG,NCF official release 150_20_hist.npy (150 ADE20K classes x 20 palettes),,"{""global_scene"": 1.0}",True,population,CIELab_D65_L_0_100_ab_signed,ATR:11|2,0,0,True,True,8,9,ade146_shower_11,0.06373538821935654,0.0,0.0,0.0,12.854089736938477,0.0001,161.07205064873597,0,True,0.0001,11.14574533394001,0,True
50,10,15,0.2,0.013333333333333334,0.6,0.0001,0,17001,27001,37001,8,200,1000,1,ncf_full,3f1af891264523591d3a4ef1df6878cb41b2ed518e7e2cf0e492161b72013888,True,L_IG,NCF official release 150_20_hist.npy (150 ADE20K classes x 20 palettes),,"{""global_scene"": 1.0}",True,population,CIELab_D65_L_0_100_ab_signed,ATR:11|2,0,0,True,True,8,10,ade025_shelf_08,0.05366963893175125,0.0,0.0,0.0371653251349926,26.778274536132812,0.0001,161.07205064873597,0,True,0.0001,27.595445203829712,0,True
50,10,15,0.2,0.013333333333333334,0.6,0.0001,0,17001,27001,37001,8,200,1000,1,ncf_full,3f1af891264523591d3a4ef1df6878cb41b2ed518e7e2cf0e492161b72013888,True,L_IG,NCF official release 150_20_hist.npy (150 ADE20K classes x 20 palettes),,"{""global_scene"": 1.0}",True,population,CIELab_D65_L_0_100_ab_signed,ATR:11|2,0,0,True,True,8,11,ade008_bed_09,0.06065564602613449,0.0,0.0,0.012148539535701275,21.527917861938477,0.0001,161.07205064873597,0,True,0.0001,24.56616502138389,0,True
50,10,15,0.2,0.013333333333333334,0.6,0.0001,0,17001,27001,37001,8,200,1000,1,ncf_full,3f1af891264523591d3a4ef1df6878cb41b2ed518e7e2cf0e492161b72013888,True,L_IG,NCF official release 150_20_hist.npy (150 ADE20K classes x 20 palettes),,"{""global_scene"": 1.0}",True,population,CIELab_D65_L_0_100_ab_signed,ATR:11|2,0,0,True,True,8,12,ade025_shelf_13,0.03830868750810623,0.0,0.0,0.03422292321920395,18.80953025817871,0.0001,161.07205064873597,0,True,0.0001,11.70638195833175,0,True
50,10,15,0.2,0.013333333333333334,0.6,0.0001,0,17001,27001,37001,8,200,1000,1,ncf_full,3f1af891264523591d3a4ef1df6878cb41b2ed518e7e2cf0e492161b72013888,True,L_IG,NCF official release 150_20_hist.npy (150 ADE20K classes x 20 palettes),,"{""global_scene"": 1.0}",True,population,CIELab_D65_L_0_100_ab_signed,ATR:11|2,0,0,True,True,8,13,ade062_bridge_08,0.04331911727786064,0.0,0.0,0.10364659875631332,36.113914489746094,0.0001,161.07205064873597,0,True,0.0001,8.892275835172423,0,True
50,10,15,0.2,0.013333333333333334,0.6,0.0001,0,17001,27001,37001,8,200,1000,1,ncf_full,3f1af891264523591d3a4ef1df6878cb41b2ed518e7e2cf0e492161b72013888,True,L_IG,NCF official release 150_20_hist.npy (150 ADE20K classes x 20 palettes),,"{""global_scene"": 1.0}",True,population,CIELab_D65_L_0_100_ab_signed,ATR:11|2,0,0,True,True,8,14,ade097_escalator_17,0.050399601459503174,0.0,0.0,0.005236308090388775,29.219074249267578,0.0001,161.07205064873597,0,True,0.0001,12.175680324193326,0,True
50,10,15,0.2,0.013333333333333334,0.6,0.0001,0,17001,27001,37001,8,200,1000,1,ncf_full,3f1af891264523591d3a4ef1df6878cb41b2ed518e7e2cf0e492161b72013888,True,L_IG,NCF official release 150_20_hist.npy (150 ADE20K classes x 20 palettes),,"{""global_scene"": 1.0}",True,population,CIELab_D65_L_0_100_ab_signed,ATR:11|2,0,0,True,True,8,15,ade061_river_19,0.03980414196848869,0.0,0.0,0.029693603515625,27.13336944580078,0.0001,161.07205064873597,0,True,0.0001,1.9346423295683128,0,True
50,10,15,0.2,0.013333333333333334,0.6,0.0001,0,17001,27001,37001,8,200,1000,1,ncf_full,3f1af891264523591d3a4ef1df6878cb41b2ed518e7e2cf0e492161b72013888,True,L_IG,NCF official release 150_20_hist.npy (150 ADE20K classes x 20 palettes),,"{""global_scene"": 1.0}",True,population,CIELab_D65_L_0_100_ab_signed,ATR:11|2,0,0,True,True,8,16,ade031_armchair_02,0.05170385539531708,0.0,0.0,0.00862884521484375,30.3984375,0.0001,161.07205064873597,0,True,0.0001,10.110850585580266,0,True
50,10,15,0.2,0.013333333333333334,0.6,0.0001,0,17001,27001,37001,8,200,1000,1,ncf_full,3f1af891264523591d3a4ef1df6878cb41b2ed518e7e2cf0e492161b72013888,True,L_IG,NCF official release 150_20_hist.npy (150 ADE20K classes x 20 palettes),,"{""global_scene"": 1.0}",True,population,CIELab_D65_L_0_100_ab_signed,ATR:11|2,0,0,True,True,8,17,ade099_bottle_03,0.03886703774333,0.0,0.0,0.082427978515625,29.38418960571289,0.0001,161.07205064873597,0,True,0.0001,7.615211245453479,0,True
50,10,15,0.2,0.013333333333333334,0.6,0.0001,0,17001,27001,37001,8,200,1000,1,ncf_full,3f1af891264523591d3a4ef1df6878cb41b2ed518e7e2cf0e492161b72013888,True,L_IG,NCF official release 150_20_hist.npy (150 ADE20K classes x 20 palettes),,"{""global_scene"": 1.0}",True,population,CIELab_D65_L_0_100_ab_signed,ATR:11|2,0,0,True,True,8,18,ade056_case_00,0.06824202835559845,0.0,0.0,0.08235041797161102,11.722558975219727,0.0001,161.07205064873597,0,True,0.0001,26.596818906725606,0,True
50,10,15,0.2,0.013333333333333334,0.6,0.0001,0,17001,27001,37001,8,200,1000,1,ncf_full,3f1af891264523591d3a4ef1df6878cb41b2ed518e7e2cf0e492161b72013888,True,L_IG,NCF official release 150_20_hist.npy (150 ADE20K classes x 20 palettes),,"{""global_scene"": 1.0}",True,population,CIELab_D65_L_0_100_ab_signed,ATR:11|2,0,0,True,True,8,19,ade131_screen_05,0.05861329287290573,0.0,0.0,0.0,17.520828247070312,0.0001,161.07205064873597,0,True,0.0001,4.443826991599763,0,True
50,10,15,0.2,0.013333333333333334,0.6,0.0001,0,17001,27001,37001,8,200,1000,1,ncf_full,3f1af891264523591d3a4ef1df6878cb41b2ed518e7e2cf0e492161b72013888,True,L_IG,NCF official release 150_20_hist.npy (150 ADE20K classes x 20 palettes),,"{""global_scene"": 1.0}",True,population,CIELab_D65_L_0_100_ab_signed,ATR:11|2,0,0,True,True,8,20,ade045_chest_17,0.06724464148283005,0.0,0.0,0.005817413330078125,10.260147094726562,0.0001,161.07205064873597,0,True,0.0001,2.699687895011237,0,True
50,10,15,0.2,0.013333333333333334,0.6,0.0001,0,17001,27001,37001,8,200,1000,1,ncf_full,3f1af891264523591d3a4ef1df6878cb41b2ed518e7e2cf0e492161b72013888,True,L_IG,NCF official release 150_20_hist.npy (150 ADE20K classes x 20 palettes),,"{""global_scene"": 1.0}",True,population,CIELab_D65_L_0_100_ab_signed,ATR:11|2,0,0,True,True,8,21,ade136_vase_17,0.05043838173151016,0.0,0.0,0.0001220703125,24.226806640625,0.0001,161.07205064873597,0,True,0.0001,11.484150075173515,0,True
50,10,15,0.2,0.013333333333333334,0.6,0.0001,0,17001,27001,37001,8,200,1000,1,ncf_full,3f1af891264523591d3a4ef1df6878cb41b2ed518e7e2cf0e492161b72013888,True,L_IG,NCF official release 150_20_hist.npy (150 ADE20K classes x 20 palettes),,"{""global_scene"": 1.0}",True,population,CIELab_D65_L_0_100_ab_signed,ATR:11|2,0,0,True,True,8,22,ade109_plaything_07,0.04604903236031532,0.0,0.0,0.10886256396770477,36.318580627441406,0.0001,161.07205064873597,0,True,0.0001,11.162392287642781,0,True
50,10,15,0.2,0.013333333333333334,0.6,0.0001,0,17001,27001,37001,8,200,1000,1,ncf_full,3f1af891264523591d3a4ef1df6878cb41b2ed518e7e2cf0e492161b72013888,True,L_IG,NCF official release 150_20_hist.npy (150 ADE20K classes x 20 palettes),,"{""global_scene"": 1.0}",True,population,CIELab_D65_L_0_100_ab_signed,ATR:11|2,0,0,True,True,8,23,ade073_palm_13,0.0471869520843029,0.0,0.0,0.07771174609661102,31.85511016845703,0.0001,161.07205064873597,0,True,0.0001,5.299361123977679,0,True
50,10,15,0.2,0.013333333333333334,0.6,0.0001,0,17001,27001,37001,8,200,1000,1,ncf_full,3f1af891264523591d3a4ef1df6878cb41b2ed518e7e2cf0e492161b72013888,True,L_IG,NCF official release 150_20_hist.npy (150 ADE20K classes x 20 palettes),,"{""global_scene"": 1.0}",True,population,CIELab_D65_L_0_100_ab_signed,ATR:11|2,0,0,True,True,8,24,ade081_bus_02,0.05932510644197464,0.0,0.0,0.0877482146024704,25.296615600585938,0.0001,161.07205064873597,0,True,0.0001,95.07520648317353,0,True
50,10,15,0.2,0.013333333333333334,0.6,0.0001,0,17001,27001,37001,8,200,1000,1,ncf_full,3f1af891264523591d3a4ef1df6878cb41b2ed518e7e2cf0e492161b72013888,True,L_IG,NCF official release 150_20_hist.npy (150 ADE20K classes x 20 palettes),,"{""global_scene"": 1.0}",True,population,CIELab_D65_L_0_100_ab_signed,ATR:11|2,0,0,True,True,8,25,ade057_pool_19,0.05085202679038048,0.0,0.0,0.12744140625,30.77410125732422,0.0001,161.07205064873597,0,True,0.0001,13.527042970666106,0,True
50,10,15,0.2,0.013333333333333334,0.6,0.0001,0,17001,27001,37001,8,200,1000,1,ncf_full,3f1af891264523591d3a4ef1df6878cb41b2ed518e7e2cf0e492161b72013888,True,L_IG,NCF official release 150_20_hist.npy (150 ADE20K classes x 20 palettes),,"{""global_scene"": 1.0}",True,population,CIELab_D65_L_0_100_ab_signed,ATR:11|2,0,0,True,True,8,26,ade025_shelf_10,0.0659613311290741,0.0,0.0,0.0014050801983103156,11.992830276489258,0.0001,161.07205064873597,0,True,0.0001,4.901575509084052,0,True
50,10,15,0.2,0.013333333333333334,0.6,0.0001,0,17001,27001,37001,8,200,1000,1,ncf_full,3f1af891264523591d3a4ef1df6878cb41b2ed518e7e2cf0e492161b72013888,True,L_IG,NCF official release 150_20_hist.npy (150 ADE20K classes x 20 palettes),,"{""global_scene"": 1.0}",True,population,CIELab_D65_L_0_100_ab_signed,ATR:11|2,0,0,True,True,8,27,ade031_armchair_14,0.056316737085580826,0.0,0.0,0.08564885705709457,19.32754898071289,0.0001,161.07205064873597,0,True,0.0001,16.3301699863927,0,True
50,10,15,0.2,0.013333333333333334,0.6,0.0001,0,17001,27001,37001,8,200,1000,1,ncf_full,3f1af891264523591d3a4ef1df6878cb41b2ed518e7e2cf0e492161b72013888,True,L_IG,NCF official release 150_20_hist.npy (150 ADE20K classes x 20 palettes),,"{""global_scene"": 1.0}",True,population,CIELab_D65_L_0_100_ab_signed,ATR:11|2,0,0,True,True,8,28,ade068_book_02,0.06127442792057991,0.0,0.0,0.08394241333007812,22.848613739013672,0.0001,161.07205064873597,0,True,0.0001,6.887154609508128,0,True
50,10,15,0.2,0.013333333333333334,0.6,0.0001,0,17001,27001,37001,8,200,1000,1,ncf_full,3f1af891264523591d3a4ef1df6878cb41b2ed518e7e2cf0e492161b72013888,True,L_IG,NCF official release 150_20_hist.npy (150 ADE20K classes x 20 palettes),,"{""global_scene"": 1.0}",True,population,CIELab_D65_L_0_100_ab_signed,ATR:11|2,0,0,True,True,8,29,ade080_hovel_09,0.06691353023052216,0.0,0.0,0.06436793506145477,10.846765518188477,0.0001,161.07205064873597,0,True,0.0001,10.513623251051552,0,True
50,10,15,0.2,0.013333333333333334,0.6,0.0001,0,17001,27001,37001,8,200,1000,1,ncf_full,3f1af891264523591d3a4ef1df6878cb41b2ed518e7e2cf0e492161b72013888,True,L_IG,NCF official release 150_20_hist.npy (150 ADE20K classes x 20 palettes),,"{""global_scene"": 1.0}",True,population,CIELab_D65_L_0_100_ab_signed,ATR:11|2,0,0,True,True,8,30,ade112_barrel_12,0.052376653999090195,0.0,0.0,0.26175054907798767,24.255096435546875,0.0001,161.07205064873597,0,True,0.0001,9.917892410989346,0,True
50,10,15,0.2,0.013333333333333334,0.6,0.0001,0,17001,27001,37001,8,200,1000,1,ncf_full,3f1af891264523591d3a4ef1df6878cb41b2ed518e7e2cf0e492161b72013888,True,L_IG,NCF official release 150_20_hist.npy (150 ADE20K classes x 20 palettes),,"{""global_scene"": 1.0}",True,population,CIELab_D65_L_0_100_ab_signed,ATR:11|2,0,0,True,True,8,31,ade049_skyscraper_17,0.06422055512666702,0.0,0.0,0.01569366455078125,13.747346878051758,0.0001,161.07205064873597,0,True,0.0001,-1.6710069528633662e-11,1,True
50,10,15,0.2,0.013333333333333334,0.6,0.0001,0,17001,27001,37001,8,200,1000,1,ncf_full,3f1af891264523591d3a4ef1df6878cb41b2ed518e7e2cf0e492161b72013888,True,L_IG,NCF official release 150_20_hist.npy (150 ADE20K classes x 20 palettes),,"{""global_scene"": 1.0}",True,population,CIELab_D65_L_0_100_ab_signed,ATR:11|2,0,0,True,True,8,32,ade140_fan_15,0.04930110275745392,0.0,0.0,0.0,17.702651977539062,0.0001,161.07205064873597,0,True,0.0001,1.7474706795294652,0,True
50,10,15,0.2,0.013333333333333334,0.6,0.0001,0,17001,27001,37001,8,200,1000,1,ncf_full,3f1af891264523591d3a4ef1df6878cb41b2ed518e7e2cf0e492161b72013888,True,L_IG,NCF official release 150_20_hist.npy (150 ADE20K classes x 20 palettes),,"{""global_scene"": 1.0}",True,population,CIELab_D65_L_0_100_ab_signed,ATR:11|2,0,0,True,True,8,33,ade108_washer_00,0.05519324913620949,0.0,0.0,0.0,15.4556884765625,0.0001,161.07205064873597,0,True,0.0001,5.091917524520821,0,True
50,10,15,0.2,0.013333333333333334,0.6,0.0001,0,17001,27001,37001,8,200,1000,1,ncf_full,3f1af891264523591d3a4ef1df6878cb41b2ed518e7e2cf0e492161b72013888,True,L_IG,NCF official release 150_20_hist.npy (150 ADE20K classes x 20 palettes),,"{""global_scene"": 1.0}",True,population,CIELab_D65_L_0_100_ab_signed,ATR:11|2,0,0,True,True,8,34,ade071_countertop_05,0.06598334014415741,0.0,0.0,0.0317179374396801,16.775033950805664,0.0001,161.07205064873597,0,True,0.0001,11.487255944812285,0,True
50,10,15,0.2,0.013333333333333334,0.6,0.0001,0,17001,27001,37001,8,200,1000,1,ncf_full,3f1af891264523591d3a4ef1df6878cb41b2ed518e7e2cf0e492161b72013888,True,L_IG,NCF official release 150_20_hist.npy (150 ADE20K classes x 20 palettes),,"{""global_scene"": 1.0}",True,population,CIELab_D65_L_0_100_ab_signed,ATR:11|2,0,0,True,True,8,35,ade033_fence_13,0.07323157787322998,0.0,0.0,0.008487701416015625,11.042778015136719,0.0001,161.07205064873597,0,True,0.0001,54.794890875884086,0,True
50,10,15,0.2,0.013333333333333334,0.6,0.0001,0,17001,27001,37001,8,200,1000,1,ncf_full,3f1af891264523591d3a4ef1df6878cb41b2ed518e7e2cf0e492161b72013888,True,L_IG,NCF official release 150_20_hist.npy (150 ADE20K classes x 20 palettes),,"{""global_scene"": 1.0}",True,population,CIELab_D65_L_0_100_ab_signed,ATR:11|2,0,0,True,True,8,36,ade081_bus_15,0.048866089433431625,0.0,0.0,0.15607833862304688,24.069225311279297,0.0001,161.07205064873597,0,True,0.0001,58.46790154260423,0,True
50,10,15,0.2,0.013333333333333334,0.6,0.0001,0,17001,27001,37001,8,200,1000,1,ncf_full,3f1af891264523591d3a4ef1df6878cb41b2ed518e7e2cf0e492161b72013888,True,L_IG,NCF official release 150_20_hist.npy (150 ADE20K classes x 20 palettes),,"{""global_scene"": 1.0}",True,population,CIELab_D65_L_0_100_ab_signed,ATR:11|2,0,0,True,True,8,37,ade079_arcade_19,0.069000244140625,0.0,0.0,0.030925750732421875,14.710038185119629,0.0001,161.07205064873597,0,True,0.0001,13.832092862680527,0,True
50,10,15,0.2,0.013333333333333334,0.6,0.0001,0,17001,27001,37001,8,200,1000,1,ncf_full,3f1af891264523591d3a4ef1df6878cb41b2ed518e7e2cf0e492161b72013888,True,L_IG,NCF official release 150_20_hist.npy (150 ADE20K classes x 20 palettes),,"{""global_scene"": 1.0}",True,population,CIELab_D65_L_0_100_ab_signed,ATR:11|2,0,0,True,True,8,38,ade121_food_02,0.060791559517383575,0.0,0.0,0.061448417603969574,20.519832611083984,0.0001,161.07205064873597,0,True,0.0001,68.16443752275411,0,True
50,10,15,0.2,0.013333333333333334,0.6,0.0001,0,17001,27001,37001,8,200,1000,1,ncf_full,3f1af891264523591d3a4ef1df6878cb41b2ed518e7e2cf0e492161b72013888,True,L_IG,NCF official release 150_20_hist.npy (150 ADE20K classes x 20 palettes),,"{""global_scene"": 1.0}",True,population,CIELab_D65_L_0_100_ab_signed,ATR:11|2,0,0,True,True,8,39,ade041_base_17,0.06203627958893776,0.0,0.0,0.15127691626548767,20.926132202148438,0.0001,161.07205064873597,0,True,0.0001,32.00546546780781,0,True
50,10,15,0.2,0.013333333333333334,0.6,0.0001,0,17001,27001,37001,8,200,1000,1,ncf_full,3f1af891264523591d3a4ef1df6878cb41b2ed518e7e2cf0e492161b72013888,True,L_IG,NCF official release 150_20_hist.npy (150 ADE20K classes x 20 palettes),,"{""global_scene"": 1.0}",True,population,CIELab_D65_L_0_100_ab_signed,ATR:11|2,0,0,True,True,8,40,ade145_bulletin_10,0.05530957132577896,0.0,0.0,0.10132217407226562,23.5506649017334,0.0001,161.07205064873597,0,True,0.0001,7.368516187920527,0,True
50,10,15,0.2,0.013333333333333334,0.6,0.0001,0,17001,27001,37001,8,200,1000,1,ncf_full,3f1af891264523591d3a4ef1df6878cb41b2ed518e7e2cf0e492161b72013888,True,L_IG,NCF official release 150_20_hist.npy (150 ADE20K classes x 20 palettes),,"{""global_scene"": 1.0}",True,population,CIELab_D65_L_0_100_ab_signed,ATR:11|2,0,0,True,True,8,41,ade067_flower_18,0.040284641087055206,0.0,0.0,0.16233444213867188,31.264814376831055,0.0001,161.07205064873597,0,True,0.0001,21.957029642239238,0,True
50,10,15,0.2,0.013333333333333334,0.6,0.0001,0,17001,27001,37001,8,200,1000,1,ncf_full,3f1af891264523591d3a4ef1df6878cb41b2ed518e7e2cf0e492161b72013888,True,L_IG,NCF official release 150_20_hist.npy (150 ADE20K classes x 20 palettes),,"{""global_scene"": 1.0}",True,population,CIELab_D65_L_0_100_ab_signed,ATR:11|2,0,0,True,True,8,42,ade042_box_18,0.05420133098959923,0.0,0.0,0.1551005095243454,33.84499740600586,0.0001,161.07205064873597,0,True,0.0001,9.195757596672038,0,True
50,10,15,0.2,0.013333333333333334,0.6,0.0001,0,17001,27001,37001,8,200,1000,1,ncf_full,3f1af891264523591d3a4ef1df6878cb41b2ed518e7e2cf0e492161b72013888,True,L_IG,NCF official release 150_20_hist.npy (150 ADE20K classes x 20 palettes),,"{""global_scene"": 1.0}",True,population,CIELab_D65_L_0_100_ab_signed,ATR:11|2,0,0,True,True,8,43,ade138_tray_13,0.052314937114715576,0.0,0.0,0.12657801806926727,28.22343635559082,0.0001,161.07205064873597,0,True,0.0001,53.4514286304586,0,True
50,10,15,0.2,0.013333333333333334,0.6,0.0001,0,17001,27001,37001,8,200,1000,1,ncf_full,3f1af891264523591d3a4ef1df6878cb41b2ed518e7e2cf0e492161b72013888,True,L_IG,NCF official release 150_20_hist.npy (150 ADE20K classes x 20 palettes),,"{""global_scene"": 1.0}",True,population,CIELab_D65_L_0_100_ab_signed,ATR:11|2,0,0,True,True,8,44,ade056_case_01,0.07186071574687958,0.0,0.0,0.07831700891256332,9.905994415283203,0.0001,161.07205064873597,0,True,0.0001,42.741803985625666,0,True
50,10,15,0.2,0.013333333333333334,0.6,0.0001,0,17001,27001,37001,8,200,1000,1,ncf_full,3f1af891264523591d3a4ef1df6878cb41b2ed518e7e2cf0e492161b72013888,True,L_IG,NCF official release 150_20_hist.npy (150 ADE20K classes x 20 palettes),,"{""global_scene"": 1.0}",True,population,CIELab_D65_L_0_100_ab_signed,ATR:11|2,0,0,True,True,8,45,ade079_arcade_13,0.058892399072647095,0.0,0.0,0.011667887680232525,20.721649169921875,0.0001,161.07205064873597,0,True,0.0001,28.143840669242195,0,True
50,10,15,0.2,0.013333333333333334,0.6,0.0001,0,17001,27001,37001,8,200,1000,1,ncf_full,3f1af891264523591d3a4ef1df6878cb41b2ed518e7e2cf0e492161b72013888,True,L_IG,NCF official release 150_20_hist.npy (150 ADE20K classes x 20 palettes),,"{""global_scene"": 1.0}",True,population,CIELab_D65_L_0_100_ab_signed,ATR:11|2,0,0,True,True,8,46,ade062_bridge_10,0.06669115275144577,0.0,0.0,0.04054514691233635,17.346723556518555,0.0001,161.07205064873597,0,True,0.0001,36.2663928322948,0,True
50,10,15,0.2,0.013333333333333334,0.6,0.0001,0,17001,27001,37001,8,200,1000,1,ncf_full,3f1af891264523591d3a4ef1df6878cb41b2ed518e7e2cf0e492161b72013888,True,L_IG,NCF official release 150_20_hist.npy (150 ADE20K classes x 20 palettes),,"{""global_scene"": 1.0}",True,population,CIELab_D65_L_0_100_ab_signed,ATR:11|2,0,0,True,True,8,47,ade078_bar_05,0.06565293669700623,0.0,0.0,0.04198964685201645,15.448761940002441,0.0001,161.07205064873597,0,True,0.0001,12.698331039904684,0,True
50,10,15,0.2,0.013333333333333334,0.6,0.0001,0,17001,27001,37001,8,200,1000,1,ncf_full,3f1af891264523591d3a4ef1df6878cb41b2ed518e7e2cf0e492161b72013888,True,L_IG,NCF official release 150_20_hist.npy (150 ADE20K classes x 20 palettes),,"{""global_scene"": 1.0}",True,population,CIELab_D65_L_0_100_ab_signed,ATR:11|2,0,0,True,True,8,48,ade110_swimming_15,0.07311978191137314,0.0,0.0,0.05944570153951645,10.40515422821045,0.0001,161.07205064873597,0,True,0.0001,43.32752926993791,0,True
50,10,15,0.2,0.013333333333333334,0.6,0.0001,0,17001,27001,37001,8,200,1000,1,ncf_full,3f1af891264523591d3a4ef1df6878cb41b2ed518e7e2cf0e492161b72013888,True,L_IG,NCF official release 150_20_hist.npy (150 ADE20K classes x 20 palettes),,"{""global_scene"": 1.0}",True,population,CIELab_D65_L_0_100_ab_signed,ATR:11|2,0,0,True,True,8,49,ade081_bus_07,0.0720314159989357,0.0,0.0,0.014141082763671875,9.865499496459961,0.0001,161.07205064873597,0,True,0.0001,49.63974371271615,0,True
50,10,15,0.2,0.013333333333333334,0.6,0.0001,0,17001,27001,37001,8,200,1000,1,ncf_full,3f1af891264523591d3a4ef1df6878cb41b2ed518e7e2cf0e492161b72013888,True,L_IG,NCF official release 150_20_hist.npy (150 ADE20K classes x 20 palettes),,"{""global_scene"": 1.0}",True,population,CIELab_D65_L_0_100_ab_signed,ATR:11|2,0,0,True,True,9,0,ade034_desk_10,0.06052788719534874,0.0,0.0,0.08903121948242188,20.61161231994629,0.0001,161.07205064873597,0,True,0.0001,14.941884141682735,0,True
50,10,15,0.2,0.013333333333333334,0.6,0.0001,0,17001,27001,37001,8,200,1000,1,ncf_full,3f1af891264523591d3a4ef1df6878cb41b2ed518e7e2cf0e492161b72013888,True,L_IG,NCF official release 150_20_hist.npy (150 ADE20K classes x 20 palettes),,"{""global_scene"": 1.0}",True,population,CIELab_D65_L_0_100_ab_signed,ATR:11|2,0,0,True,True,9,1,ade110_swimming_08,0.04065724089741707,0.0,0.0,0.1387278288602829,31.4125919342041,0.0001,161.07205064873597,0,True,0.0001,21.592752773049643,0,True
50,10,15,0.2,0.013333333333333334,0.6,0.0001,0,17001,27001,37001,8,200,1000,1,ncf_full,3f1af891264523591d3a4ef1df6878cb41b2ed518e7e2cf0e492161b72013888,True,L_IG,NCF official release 150_20_hist.npy (150 ADE20K classes x 20 palettes),,"{""global_scene"": 1.0}",True,population,CIELab_D65_L_0_100_ab_signed,ATR:11|2,0,0,True,True,9,2,ade099_bottle_14,0.06563330441713333,0.0,0.0,0.02832794189453125,18.93895721435547,0.0001,161.07205064873597,0,True,0.0001,18.09642183322695,0,True
50,10,15,0.2,0.013333333333333334,0.6,0.0001,0,17001,27001,37001,8,200,1000,1,ncf_full,3f1af891264523591d3a4ef1df6878cb41b2ed518e7e2cf0e492161b72013888,True,L_IG,NCF official release 150_20_hist.npy (150 ADE20K classes x 20 palettes),,"{""global_scene"": 1.0}",True,population,CIELab_D65_L_0_100_ab_signed,ATR:11|2,0,0,True,True,9,3,ade130_dishwasher_17,0.04541648179292679,0.0,0.0,0.0,19.88039207458496,0.0001,161.07205064873597,0,True,0.0001,5.914429443356209,0,True
50,10,15,0.2,0.013333333333333334,0.6,0.0001,0,17001,27001,37001,8,200,1000,1,ncf_full,3f1af891264523591d3a4ef1df6878cb41b2ed518e7e2cf0e492161b72013888,True,L_IG,NCF official release 150_20_hist.npy (150 ADE20K classes x 20 palettes),,"{""global_scene"": 1.0}",True,population,CIELab_D65_L_0_100_ab_signed,ATR:11|2,0,0,True,True,9,4,ade106_conveyer_02,0.05494338646531105,0.0,0.0,0.15086238086223602,24.15199851989746,0.0001,161.07205064873597,0,True,0.0001,33.7766283476377,0,True
50,10,15,0.2,0.013333333333333334,0.6,0.0001,0,17001,27001,37001,8,200,1000,1,ncf_full,3f1af891264523591d3a4ef1df6878cb41b2ed518e7e2cf0e492161b72013888,True,L_IG,NCF official release 150_20_hist.npy (150 ADE20K classes x 20 palettes),,"{""global_scene"": 1.0}",True,population,CIELab_D65_L_0_100_ab_signed,ATR:11|2,0,0,True,True,9,5,ade019_curtain_08,0.05852343887090683,0.0,0.0,0.05002593994140625,21.234519958496094,0.0001,161.07205064873597,0,True,0.0001,19.977116653870965,0,True
50,10,15,0.2,0.013333333333333334,0.6,0.0001,0,17001,27001,37001,8,200,1000,1,ncf_full,3f1af891264523591d3a4ef1df6878cb41b2ed518e7e2cf0e492161b72013888,True,L_IG,NCF official release 150_20_hist.npy (150 ADE20K classes x 20 palettes),,"{""global_scene"": 1.0}",True,population,CIELab_D65_L_0_100_ab_signed,ATR:11|2,0,0,True,True,9,6,ade124_trade_07,0.058538321405649185,0.0,0.0,0.0034942626953125,19.695270538330078,0.0001,161.07205064873597,0,True,0.0001,9.38883150531707,0,True
50,10,15,0.2,0.013333333333333334,0.6,0.0001,0,17001,27001,37001,8,200,1000,1,ncf_full,3f1af891264523591d3a4ef1df6878cb41b2ed518e7e2cf0e492161b72013888,True,L_IG,NCF official release 150_20_hist.npy (150 ADE20K classes x 20 palettes),,"{""global_scene"": 1.0}",True,population,CIELab_D65_L_0_100_ab_signed,ATR:11|2,0,0,True,True,9,7,ade054_stairs_18,0.0303303562104702,0.0,0.0,0.10657374560832977,42.15285873413086,0.0001,161.07205064873597,0,True,0.0001,3.5290682815166883,0,True
50,10,15,0.2,0.013333333333333334,0.6,0.0001,0,17001,27001,37001,8,200,1000,1,ncf_full,3f1af891264523591d3a4ef1df6878cb41b2ed518e7e2cf0e492161b72013888,True,L_IG,NCF official release 150_20_hist.npy (150 ADE20K classes x 20 palettes),,"{""global_scene"": 1.0}",True,population,CIELab_D65_L_0_100_ab_signed,ATR:11|2,0,0,True,True,9,8,ade025_shelf_13,0.03830868750810623,0.0,0.0,0.03422292321920395,18.80953025817871,0.0001,161.07205064873597,0,True,0.0001,11.70638195833175,0,True
50,10,15,0.2,0.013333333333333334,0.6,0.0001,0,17001,27001,37001,8,200,1000,1,ncf_full,3f1af891264523591d3a4ef1df6878cb41b2ed518e7e2cf0e492161b72013888,True,L_IG,NCF official release 150_20_hist.npy (150 ADE20K classes x 20 palettes),,"{""global_scene"": 1.0}",True,population,CIELab_D65_L_0_100_ab_signed,ATR:11|2,0,0,True,True,9,9,ade081_bus_01,0.06667336076498032,0.0,0.0,0.0099461879581213,15.371910095214844,0.0001,161.07205064873597,0,True,0.0001,15.579926464993596,0,True
50,10,15,0.2,0.013333333333333334,0.6,0.0001,0,17001,27001,37001,8,200,1000,1,ncf_full,3f1af891264523591d3a4ef1df6878cb41b2ed518e7e2cf0e492161b72013888,True,L_IG,NCF official release 150_20_hist.npy (150 ADE20K classes x 20 palettes),,"{""global_scene"": 1.0}",True,population,CIELab_D65_L_0_100_ab_signed,ATR:11|2,0,0,True,True,9,10,ade118_cradle_18,0.055851347744464874,0.0,0.0,0.22481918334960938,12.398543357849121,0.0001,161.07205064873597,0,True,0.0001,14.953263507270984,0,True
50,10,15,0.2,0.013333333333333334,0.6,0.0001,0,17001,27001,37001,8,200,1000,1,ncf_full,3f1af891264523591d3a4ef1df6878cb41b2ed518e7e2cf0e492161b72013888,True,L_IG,NCF official release 150_20_hist.npy (150 ADE20K classes x 20 palettes),,"{""global_scene"": 1.0}",True,population,CIELab_D65_L_0_100_ab_signed,ATR:11|2,0,0,True,True,9,11,ade121_food_04,0.05280535668134689,0.0,0.0,0.13692983984947205,21.797008514404297,0.0001,161.07205064873597,0,True,0.0001,25.050791980106176,0,True
50,10,15,0.2,0.013333333333333334,0.6,0.0001,0,17001,27001,37001,8,200,1000,1,ncf_full,3f1af891264523591d3a4ef1df6878cb41b2ed518e7e2cf0e492161b72013888,True,L_IG,NCF official release 150_20_hist.npy (150 ADE20K classes x 20 palettes),,"{""global_scene"": 1.0}",True,population,CIELab_D65_L_0_100_ab_signed,ATR:11|2,0,0,True,True,9,12,ade099_bottle_11,0.06199302151799202,0.0,0.0,0.11596044152975082,26.87958526611328,0.0001,161.07205064873597,0,True,0.0001,413.1724438602684,0,True
50,10,15,0.2,0.013333333333333334,0.6,0.0001,0,17001,27001,37001,8,200,1000,1,ncf_full,3f1af891264523591d3a4ef1df6878cb41b2ed518e7e2cf0e492161b72013888,True,L_IG,NCF official release 150_20_hist.npy (150 ADE20K classes x 20 palettes),,"{""global_scene"": 1.0}",True,population,CIELab_D65_L_0_100_ab_signed,ATR:11|2,0,0,True,True,9,13,ade010_grass_12,0.05890091881155968,0.0,0.0,0.0,19.465627670288086,0.0001,161.07205064873597,0,True,0.0001,6.629718406806213,0,True
50,10,15,0.2,0.013333333333333334,0.6,0.0001,0,17001,27001,37001,8,200,1000,1,ncf_full,3f1af891264523591d3a4ef1df6878cb41b2ed518e7e2cf0e492161b72013888,True,L_IG,NCF official release 150_20_hist.npy (150 ADE20K classes x 20 palettes),,"{""global_scene"": 1.0}",True,population,CIELab_D65_L_0_100_ab_signed,ATR:11|2,0,0,True,True,9,14,ade072_stove_06,0.05217408388853073,0.0,0.0,0.09439341723918915,25.282026290893555,0.0001,161.07205064873597,0,True,0.0001,8.846549064022188,0,True
50,10,15,0.2,0.013333333333333334,0.6,0.0001,0,17001,27001,37001,8,200,1000,1,ncf_full,3f1af891264523591d3a4ef1df6878cb41b2ed518e7e2cf0e492161b72013888,True,L_IG,NCF official release 150_20_hist.npy (150 ADE20K classes x 20 palettes),,"{""global_scene"": 1.0}",True,population,CIELab_D65_L_0_100_ab_signed,ATR:11|2,0,0,True,True,9,15,ade076_swivel_05,0.06589382886886597,0.0,0.0,0.017434438690543175,17.70602035522461,0.0001,161.07205064873597,0,True,0.0001,8.195837088109318,0,True
50,10,15,0.2,0.013333333333333334,0.6,0.0001,0,17001,27001,37001,8,200,1000,1,ncf_full,3f1af891264523591d3a4ef1df6878cb41b2ed518e7e2cf0e492161b72013888,True,L_IG,NCF official release 150_20_hist.npy (150 ADE20K classes x 20 palettes),,"{""global_scene"": 1.0}",True,population,CIELab_D65_L_0_100_ab_signed,ATR:11|2,0,0,True,True,9,16,ade074_kitchen_04,0.05337195098400116,0.0,0.0,0.0973052978515625,25.483539581298828,0.0001,161.07205064873597,0,True,0.0001,47.573995734241336,0,True
50,10,15,0.2,0.013333333333333334,0.6,0.0001,0,17001,27001,37001,8,200,1000,1,ncf_full,3f1af891264523591d3a4ef1df6878cb41b2ed518e7e2cf0e492161b72013888,True,L_IG,NCF official release 150_20_hist.npy (150 ADE20K classes x 20 palettes),,"{""global_scene"": 1.0}",True,population,CIELab_D65_L_0_100_ab_signed,ATR:11|2,0,0,True,True,9,17,ade040_cushion_09,0.05401695892214775,0.0,0.0,0.07281367480754852,22.45392417907715,0.0001,161.07205064873597,0,True,0.0001,16.706013779546954,0,True
50,10,15,0.2,0.013333333333333334,0.6,0.0001,0,17001,27001,37001,8,200,1000,1,ncf_full,3f1af891264523591d3a4ef1df6878cb41b2ed518e7e2cf0e492161b72013888,True,L_IG,NCF official release 150_20_hist.npy (150 ADE20K classes x 20 palettes),,"{""global_scene"": 1.0}",True,population,CIELab_D65_L_0_100_ab_signed,ATR:11|2,0,0,True,True,9,18,ade019_curtain_11,0.038154978305101395,0.0,0.0,0.0,26.391284942626953,0.0001,161.07205064873597,0,True,0.0001,2.0753232227925387,0,True
50,10,15,0.2,0.013333333333333334,0.6,0.0001,0,17001,27001,37001,8,200,1000,1,ncf_full,3f1af891264523591d3a4ef1df6878cb41b2ed518e7e2cf0e492161b72013888,True,L_IG,NCF official release 150_20_hist.npy (150 ADE20K classes x 20 palettes),,"{""global_scene"": 1.0}",True,population,CIELab_D65_L_0_100_ab_signed,ATR:11|2,0,0,True,True,9,19,ade149_clock_01,0.07132073491811752,0.0,0.0,0.06306076049804688,14.76466178894043,0.0001,161.07205064873597,0,True,0.0001,47.708872629531974,0,True
50,10,15,0.2,0.013333333333333334,0.6,0.0001,0,17001,27001,37001,8,200,1000,1,ncf_full,3f1af891264523591d3a4ef1df6878cb41b2ed518e7e2cf0e492161b72013888,True,L_IG,NCF official release 150_20_hist.npy (150 ADE20K classes x 20 palettes),,"{""global_scene"": 1.0}",True,population,CIELab_D65_L_0_100_ab_signed,ATR:11|2,0,0,True,True,9,20,ade049_skyscraper_13,0.06480108201503754,0.0,0.0,0.07214228808879852,18.968820571899414,0.0001,161.07205064873597,0,True,0.0001,26.667112566392273,0,True
50,10,15,0.2,0.013333333333333334,0.6,0.0001,0,17001,27001,37001,8,200,1000,1,ncf_full,3f1af891264523591d3a4ef1df6878cb41b2ed518e7e2cf0e492161b72013888,True,L_IG,NCF official release 150_20_hist.npy (150 ADE20K classes x 20 palettes),,"{""global_scene"": 1.0}",True,population,CIELab_D65_L_0_100_ab_signed,ATR:11|2,0,0,True,True,9,21,ade064_blind_00,0.062777079641819,0.0,0.0,0.024784088134765625,16.20623207092285,0.0001,161.07205064873597,0,True,0.0001,8.70355855789822,0,True
50,10,15,0.2,0.013333333333333334,0.6,0.0001,0,17001,27001,37001,8,200,1000,1,ncf_full,3f1af891264523591d3a4ef1df6878cb41b2ed518e7e2cf0e492161b72013888,True,L_IG,NCF official release 150_20_hist.npy (150 ADE20K classes x 20 palettes),,"{""global_scene"": 1.0}",True,population,CIELab_D65_L_0_100_ab_signed,ATR:11|2,0,0,True,True,9,22,ade027_sea_08,0.060716357082128525,0.0,0.0,0.10470326989889145,20.820281982421875,0.0001,161.07205064873597,0,True,0.0001,9.527381413143939,0,True
50,10,15,0.2,0.013333333333333334,0.6,0.0001,0,17001,27001,37001,8,200,1000,1,ncf_full,3f1af891264523591d3a4ef1df6878cb41b2ed518e7e2cf0e492161b72013888,True,L_IG,NCF official release 150_20_hist.npy (150 ADE20K classes x 20 palettes),,"{""global_scene"": 1.0}",True,population,CIELab_D65_L_0_100_ab_signed,ATR:11|2,0,0,True,True,9,23,ade055_runway_12,0.061953410506248474,0.0,0.0,0.01460774801671505,14.787092208862305,0.0001,161.07205064873597,0,True,0.0001,4.67605262730461,0,True
50,10,15,0.2,0.013333333333333334,0.6,0.0001,0,17001,27001,37001,8,200,1000,1,ncf_full,3f1af891264523591d3a4ef1df6878cb41b2ed518e7e2cf0e492161b72013888,True,L_IG,NCF official release 150_20_hist.npy (150 ADE20K classes x 20 palettes),,"{""global_scene"": 1.0}",True,population,CIELab_D65_L_0_100_ab_signed,ATR:11|2,0,0,True,True,9,24,ade021_car_06,0.045682236552238464,0.0,0.0,0.09826787561178207,20.245059967041016,0.0001,161.07205064873597,0,True,0.0001,16.516504928430834,0,True
50,10,15,0.2,0.013333333333333334,0.6,0.0001,0,17001,27001,37001,8,200,1000,1,ncf_full,3f1af891264523591d3a4ef1df6878cb41b2ed518e7e2cf0e492161b72013888,True,L_IG,NCF official release 150_20_hist.npy (150 ADE20K classes x 20 palettes),,"{""global_scene"": 1.0}",True,population,CIELab_D65_L_0_100_ab_signed,ATR:11|2,0,0,True,True,9,25,ade065_coffee_03,0.056055113673210144,0.0,0.0,0.0191294364631176,20.82545280456543,0.0001,161.07205064873597,0,True,0.0001,9.161300448602576,0,True
50,10,15,0.2,0.013333333333333334,0.6,0.0001,0,17001,27001,37001,8,200,1000,1,ncf_full,3f1af891264523591d3a4ef1df6878cb41b2ed518e7e2cf0e492161b72013888,True,L_IG,NCF official release 150_20_hist.npy (150 ADE20K classes x 20 palettes),,"{""global_scene"": 1.0}",True,population,CIELab_D65_L_0_100_ab_signed,ATR:11|2,0,0,True,True,9,26,ade051_refrigerator_00,0.06095241382718086,0.0,0.0,0.0129216518253088,19.50739860534668,0.0001,161.07205064873597,0,True,0.0001,9.362461976572353,0,True
50,10,15,0.2,0.013333333333333334,0.6,0.0001,0,17001,27001,37001,8,200,1000,1,ncf_full,3f1af891264523591d3a4ef1df6878cb41b2ed518e7e2cf0e492161b72013888,True,L_IG,NCF official release 150_20_hist.npy (150 ADE20K classes x 20 palettes),,"{""global_scene"": 1.0}",True,population,CIELab_D65_L_0_100_ab_signed,ATR:11|2,0,0,True,True,9,27,ade069_hill_02,0.03400489687919617,0.0,0.0,0.3594869077205658,41.246604919433594,0.0001,161.07205064873597,0,True,0.0001,3.288422164166076,0,True
50,10,15,0.2,0.013333333333333334,0.6,0.0001,0,17001,27001,37001,8,200,1000,1,ncf_full,3f1af891264523591d3a4ef1df6878cb41b2ed518e7e2cf0e492161b72013888,True,L_IG,NCF official release 150_20_hist.npy (150 ADE20K classes x 20 palettes),,"{""global_scene"": 1.0}",True,population,CIELab_D65_L_0_100_ab_signed,ATR:11|2,0,0,True,True,9,28,ade020_chair_04,0.04746561497449875,0.0,0.0,0.037232719361782074,15.40308666229248,0.0001,161.07205064873597,0,True,0.0001,86.58762997064626,0,True
50,10,15,0.2,0.013333333333333334,0.6,0.0001,0,17001,27001,37001,8,200,1000,1,ncf_full,3f1af891264523591d3a4ef1df6878cb41b2ed518e7e2cf0e492161b72013888,True,L_IG,NCF official release 150_20_hist.npy (150 ADE20K classes x 20 palettes),,"{""global_scene"": 1.0}",True,population,CIELab_D65_L_0_100_ab_signed,ATR:11|2,0,0,True,True,9,29,ade133_sculpture_05,0.04429583251476288,0.0,0.0,0.10633596032857895,33.65086364746094,0.0001,161.07205064873597,0,True,0.0001,6.088269256916085,0,True
50,10,15,0.2,0.013333333333333334,0.6,0.0001,0,17001,27001,37001,8,200,1000,1,ncf_full,3f1af891264523591d3a4ef1df6878cb41b2ed518e7e2cf0e492161b72013888,True,L_IG,NCF official release 150_20_hist.npy (150 ADE20K classes x 20 palettes),,"{""global_scene"": 1.0}",True,population,CIELab_D65_L_0_100_ab_signed,ATR:11|2,0,0,True,True,9,30,ade136_vase_02,0.04762079566717148,0.0,0.0,0.0945688933134079,22.145023345947266,0.0001,161.07205064873597,0,True,0.0001,9.918533420112507,0,True
50,10,15,0.2,0.013333333333333334,0.6,0.0001,0,17001,27001,37001,8,200,1000,1,ncf_full,3f1af891264523591d3a4ef1df6878cb41b2ed518e7e2cf0e492161b72013888,True,L_IG,NCF official release 150_20_hist.npy (150 ADE20K classes x 20 palettes),,"{""global_scene"": 1.0}",True,population,CIELab_D65_L_0_100_ab_signed,ATR:11|2,0,0,True,True,9,31,ade029_rug_10,0.034828945994377136,0.0,0.0,0.06965383142232895,39.31977844238281,0.0001,161.07205064873597,0,True,0.0001,5.524225383229019,0,True
50,10,15,0.2,0.013333333333333334,0.6,0.0001,0,17001,27001,37001,8,200,1000,1,ncf_full,3f1af891264523591d3a4ef1df6878cb41b2ed518e7e2cf0e492161b72013888,True,L_IG,NCF official release 150_20_hist.npy (150 ADE20K classes x 20 palettes),,"{""global_scene"": 1.0}",True,population,CIELab_D65_L_0_100_ab_signed,ATR:11|2,0,0,True,True,9,32,ade012_sidewalk_08,0.049572620540857315,0.0,0.0,0.013056437484920025,31.73200225830078,0.0001,161.07205064873597,0,True,0.0001,2.453438949428307,0,True
50,10,15,0.2,0.013333333333333334,0.6,0.0001,0,17001,27001,37001,8,200,1000,1,ncf_full,3f1af891264523591d3a4ef1df6878cb41b2ed518e7e2cf0e492161b72013888,True,L_IG,NCF official release 150_20_hist.npy (150 ADE20K classes x 20 palettes),,"{""global_scene"": 1.0}",True,population,CIELab_D65_L_0_100_ab_signed,ATR:11|2,0,0,True,True,9,33,ade027_sea_08,0.060716357082128525,0.0,0.0,0.10470326989889145,20.820281982421875,0.0001,161.07205064873597,0,True,0.0001,9.527381413143939,0,True
50,10,15,0.2,0.013333333333333334,0.6,0.0001,0,17001,27001,37001,8,200,1000,1,ncf_full,3f1af891264523591d3a4ef1df6878cb41b2ed518e7e2cf0e492161b72013888,True,L_IG,NCF official release 150_20_hist.npy (150 ADE20K classes x 20 palettes),,"{""global_scene"": 1.0}",True,population,CIELab_D65_L_0_100_ab_signed,ATR:11|2,0,0,True,True,9,34,ade114_waterfall_00,0.06424035876989365,0.0,0.0,0.030422210693359375,17.004751205444336,0.0001,161.07205064873597,0,True,0.0001,5.53583964370592,0,True
50,10,15,0.2,0.013333333333333334,0.6,0.0001,0,17001,27001,37001,8,200,1000,1,ncf_full,3f1af891264523591d3a4ef1df6878cb41b2ed518e7e2cf0e492161b72013888,True,L_IG,NCF official release 150_20_hist.npy (150 ADE20K classes x 20 palettes),,"{""global_scene"": 1.0}",True,population,CIELab_D65_L_0_100_ab_signed,ATR:11|2,0,0,True,True,9,35,ade083_light_10,0.06026708334684372,0.0,0.0,0.19979095458984375,19.154457092285156,0.0001,161.07205064873597,0,True,0.0001,9.621395769114526,0,True
50,10,15,0.2,0.013333333333333334,0.6,0.0001,0,17001,27001,37001,8,200,1000,1,ncf_full,3f1af891264523591d3a4ef1df6878cb41b2ed518e7e2cf0e492161b72013888,True,L_IG,NCF official release 150_20_hist.npy (150 ADE20K classes x 20 palettes),,"{""global_scene"": 1.0}",True,population,CIELab_D65_L_0_100_ab_signed,ATR:11|2,0,0,True,True,9,36,ade019_curtain_06,0.039239220321178436,0.0,0.0,0.08215713500976562,32.964481353759766,0.0001,161.07205064873597,0,True,0.0001,3.7502068849302006,0,True
50,10,15,0.2,0.013333333333333334,0.6,0.0001,0,17001,27001,37001,8,200,1000,1,ncf_full,3f1af891264523591d3a4ef1df6878cb41b2ed518e7e2cf0e492161b72013888,True,L_IG,NCF official release 150_20_hist.npy (150 ADE20K classes x 20 palettes),,"{""global_scene"": 1.0}",True,population,CIELab_D65_L_0_100_ab_signed,ATR:11|2,0,0,True,True,9,37,ade055_runway_08,0.059682831168174744,0.0,0.0,0.01586151123046875,14.193696975708008,0.0001,161.07205064873597,0,True,0.0001,5.431651743898746,0,True
50,10,15,0.2,0.013333333333333334,0.6,0.0001,0,17001,27001,37001,8,200,1000,1,ncf_full,3f1af891264523591d3a4ef1df6878cb41b2ed518e7e2cf0e492161b72013888,True,L_IG,NCF official release 150_20_hist.npy (150 ADE20K classes x 20 palettes),,"{""global_scene"": 1.0}",True,population,CIELab_D65_L_0_100_ab_signed,ATR:11|2,0,0,True,True,9,38,ade040_cushion_05,0.04925910755991936,0.0,0.0,0.0,21.18987464904785,0.0001,161.07205064873597,0,True,0.0001,6.944802192072156,0,True
50,10,15,0.2,0.013333333333333334,0.6,0.0001,0,17001,27001,37001,8,200,1000,1,ncf_full,3f1af891264523591d3a4ef1df6878cb41b2ed518e7e2cf0e492161b72013888,True,L_IG,NCF official release 150_20_hist.npy (150 ADE20K classes x 20 palettes),,"{""global_scene"": 1.0}",True,population,CIELab_D65_L_0_100_ab_signed,ATR:11|2,0,0,True,True,9,39,ade116_bag_12,0.020818062126636505,0.0,0.0,0.2962989807128906,44.37470245361328,0.0001,161.07205064873597,0,True,0.0001,1.853238753147663,0,True
50,10,15,0.2,0.013333333333333334,0.6,0.0001,0,17001,27001,37001,8,200,1000,1,ncf_full,3f1af891264523591d3a4ef1df6878cb41b2ed518e7e2cf0e492161b72013888,True,L_IG,NCF official release 150_20_hist.npy (150 ADE20K classes x 20 palettes),,"{""global_scene"": 1.0}",True,population,CIELab_D65_L_0_100_ab_signed,ATR:11|2,0,0,True,True,9,40,ade040_cushion_07,0.060153551399707794,0.0,0.0,0.0715281218290329,22.564056396484375,0.0001,161.07205064873597,0,True,0.0001,18.041220960724168,0,True
50,10,15,0.2,0.013333333333333334,0.6,0.0001,0,17001,27001,37001,8,200,1000,1,ncf_full,3f1af891264523591d3a4ef1df6878cb41b2ed518e7e2cf0e492161b72013888,True,L_IG,NCF official release 150_20_hist.npy (150 ADE20K classes x 20 palettes),,"{""global_scene"": 1.0}",True,population,CIELab_D65_L_0_100_ab_signed,ATR:11|2,0,0,True,True,9,41,ade054_stairs_07,0.05005089193582535,0.0,0.0,0.005327860824763775,21.668886184692383,0.0001,161.07205064873597,0,True,0.0001,6.885382943087524,0,True
50,10,15,0.2,0.013333333333333334,0.6,0.0001,0,17001,27001,37001,8,200,1000,1,ncf_full,3f1af891264523591d3a4ef1df6878cb41b2ed518e7e2cf0e492161b72013888,True,L_IG,NCF official release 150_20_hist.npy (150 ADE20K classes x 20 palettes),,"{""global_scene"": 1.0}",True,population,CIELab_D65_L_0_100_ab_signed,ATR:11|2,0,0,True,True,9,42,ade020_chair_17,0.0232704970985651,0.0,0.0,0.37327322363853455,46.572166442871094,0.0001,161.07205064873597,0,True,0.0001,0.3211892167489036,0,True
50,10,15,0.2,0.013333333333333334,0.6,0.0001,0,17001,27001,37001,8,200,1000,1,ncf_full,3f1af891264523591d3a4ef1df6878cb41b2ed518e7e2cf0e492161b72013888,True,L_IG,NCF official release 150_20_hist.npy (150 ADE20K classes x 20 palettes),,"{""global_scene"": 1.0}",True,population,CIELab_D65_L_0_100_ab_signed,ATR:11|2,0,0,True,True,9,43,ade146_shower_15,0.048353321850299835,0.0,0.0,0.0,22.474903106689453,0.0001,161.07205064873597,0,True,0.0001,7.59058777283814,0,True
50,10,15,0.2,0.013333333333333334,0.6,0.0001,0,17001,27001,37001,8,200,1000,1,ncf_full,3f1af891264523591d3a4ef1df6878cb41b2ed518e7e2cf0e492161b72013888,True,L_IG,NCF official release 150_20_hist.npy (150 ADE20K classes x 20 palettes),,"{""global_scene"": 1.0}",True,population,CIELab_D65_L_0_100_ab_signed,ATR:11|2,0,0,True,True,9,44,ade083_light_14,0.05021923407912254,0.0,0.0,0.10007604211568832,29.981565475463867,0.0001,161.07205064873597,0,True,0.0001,26.458907200337578,0,True
50,10,15,0.2,0.013333333333333334,0.6,0.0001,0,17001,27001,37001,8,200,1000,1,ncf_full,3f1af891264523591d3a4ef1df6878cb41b2ed518e7e2cf0e492161b72013888,True,L_IG,NCF official release 150_20_hist.npy (150 ADE20K classes x 20 palettes),,"{""global_scene"": 1.0}",True,population,CIELab_D65_L_0_100_ab_signed,ATR:11|2,0,0,True,True,9,45,ade084_truck_03,0.046671219170093536,0.0,0.0,0.0940043181180954,39.30180358886719,0.0001,161.07205064873597,0,True,0.0001,6.878636023576767,0,True
50,10,15,0.2,0.013333333333333334,0.6,0.0001,0,17001,27001,37001,8,200,1000,1,ncf_full,3f1af891264523591d3a4ef1df6878cb41b2ed518e7e2cf0e492161b72013888,True,L_IG,NCF official release 150_20_hist.npy (150 ADE20K classes x 20 palettes),,"{""global_scene"": 1.0}",True,population,CIELab_D65_L_0_100_ab_signed,ATR:11|2,0,0,True,True,9,46,ade143_plate_17,0.048202596604824066,0.0,0.0,0.012627920135855675,25.01152229309082,0.0001,161.07205064873597,0,True,0.0001,12.313366885119015,0,True
50,10,15,0.2,0.013333333333333334,0.6,0.0001,0,17001,27001,37001,8,200,1000,1,ncf_full,3f1af891264523591d3a4ef1df6878cb41b2ed518e7e2cf0e492161b72013888,True,L_IG,NCF official release 150_20_hist.npy (150 ADE20K classes x 20 palettes),,"{""global_scene"": 1.0}",True,population,CIELab_D65_L_0_100_ab_signed,ATR:11|2,0,0,True,True,9,47,ade149_clock_16,0.060496121644973755,0.0,0.0,0.154693603515625,15.802016258239746,0.0001,161.07205064873597,0,True,0.0001,17.692912341756987,0,True
50,10,15,0.2,0.013333333333333334,0.6,0.0001,0,17001,27001,37001,8,200,1000,1,ncf_full,3f1af891264523591d3a4ef1df6878cb41b2ed518e7e2cf0e492161b72013888,True,L_IG,NCF official release 150_20_hist.npy (150 ADE20K classes x 20 palettes),,"{""global_scene"": 1.0}",True,population,CIELab_D65_L_0_100_ab_signed,ATR:11|2,0,0,True,True,9,48,ade030_field_12,0.03771243616938591,0.0,0.0,0.021597545593976974,21.154695510864258,0.0001,161.07205064873597,0,True,0.0001,8.543227106628146,0,True
50,10,15,0.2,0.013333333333333334,0.6,0.0001,0,17001,27001,37001,8,200,1000,1,ncf_full,3f1af891264523591d3a4ef1df6878cb41b2ed518e7e2cf0e492161b72013888,True,L_IG,NCF official release 150_20_hist.npy (150 ADE20K classes x 20 palettes),,"{""global_scene"": 1.0}",True,population,CIELab_D65_L_0_100_ab_signed,ATR:11|2,0,0,True,True,9,49,ade093_apparel_17,0.05152476578950882,0.0,0.0,0.15639114379882812,32.45574188232422,0.0001,161.07205064873597,0,True,0.0001,25.57759225725133,0,True
