variant,image,class,purifier,seed,psnr,ssim,lpips,dists,linf,rms,clip,siglip
advcf_deep_r30_repeat,task_env_weather_121086,add_hat,blur,47001,17.75985,0.8297,0.49599,0.189,0.61569,0.12942,0.94379,0.92821
advcf_deep_r30_repeat,task_env_weather_121086,add_hat,blur,97001,16.98123,0.80023,0.516,0.20045,0.70588,0.14156,0.91439,0.90897
advcf_deep_r30_repeat,task_env_weather_121086,add_hat,crop_resize,57001,16.74429,0.73212,0.52158,0.21335,0.61961,0.14547,0.90038,0.8773
advcf_deep_r30_repeat,task_env_weather_121086,add_hat,crop_resize,107001,16.63168,0.74489,0.50916,0.20989,0.80392,0.14737,0.90901,0.90755
advcf_deep_r30_repeat,task_env_weather_121086,add_hat,identity,67001,16.8306,0.72785,0.49523,0.20016,0.83529,0.14404,0.82205,0.85474
advcf_deep_r30_repeat,task_env_weather_121086,add_hat,jpeg,17001,16.2047,0.72743,0.51156,0.21757,0.77255,0.1548,0.91311,0.89925
advcf_deep_r30_repeat,task_env_weather_121086,add_hat,jpeg,77001,16.09726,0.71474,0.50182,0.21286,0.88627,0.15672,0.86274,0.88079
advcf_deep_r30_repeat,task_env_weather_121086,add_scarf,blur,27001,13.81835,0.61926,0.5959,0.24091,0.96863,0.20374,0.7125,0.78687
advcf_deep_r30_repeat,task_env_weather_121086,add_scarf,blur,87001,13.08197,0.52675,0.6382,0.25922,1.0,0.22177,0.65117,0.71298
advcf_deep_r30_repeat,task_env_weather_121086,add_scarf,crop_resize,47001,13.91593,0.53374,0.65227,0.25488,0.96863,0.20147,0.62924,0.66642
advcf_deep_r30_repeat,task_env_weather_121086,add_scarf,crop_resize,97001,13.14597,0.49444,0.60672,0.24102,1.0,0.22014,0.5214,0.69441
advcf_deep_r30_repeat,task_env_weather_121086,add_scarf,identity,57001,13.31143,0.45995,0.63466,0.23506,1.0,0.21599,0.65943,0.73484
advcf_deep_r30_repeat,task_env_weather_121086,add_scarf,identity,107001,13.20033,0.50351,0.60371,0.22702,0.99216,0.21877,0.68825,0.74857
advcf_deep_r30_repeat,task_env_weather_121086,add_scarf,jpeg,67001,15.38667,0.66408,0.51679,0.20027,0.96078,0.17009,0.72951,0.78531
advcf_deep_r30_repeat,task_env_weather_121086,garment_colour,blur,17001,19.08778,0.82377,0.42008,0.17623,0.65882,0.11107,0.94447,0.95697
advcf_deep_r30_repeat,task_env_weather_121086,garment_colour,blur,77001,13.08512,0.59525,0.52488,0.22753,0.83137,0.22169,0.89279,0.89799
advcf_deep_r30_repeat,task_env_weather_121086,garment_colour,crop_resize,27001,12.87333,0.56549,0.52406,0.24665,0.9098,0.22716,0.85485,0.87183
advcf_deep_r30_repeat,task_env_weather_121086,garment_colour,crop_resize,87001,17.00604,0.75498,0.43698,0.17113,0.70196,0.14116,0.94632,0.95308
advcf_deep_r30_repeat,task_env_weather_121086,garment_colour,identity,47001,16.47724,0.75512,0.50152,0.20028,0.87059,0.15002,0.92815,0.92253
advcf_deep_r30_repeat,task_env_weather_121086,garment_colour,identity,97001,19.06412,0.76663,0.37284,0.16204,0.7098,0.11138,0.92601,0.95504
advcf_deep_r30_repeat,task_env_weather_121086,garment_colour,jpeg,57001,18.10762,0.77174,0.42879,0.1905,0.74118,0.12434,0.9313,0.94583
advcf_deep_r30_repeat,task_env_weather_121086,garment_colour,jpeg,107001,18.21595,0.76722,0.4285,0.18872,0.75294,0.1228,0.93707,0.94622
advcf_deep_r30_repeat,task_obj_remove_410264,add_hat,blur,67001,23.14406,0.89925,0.3422,0.15435,0.76863,0.06963,0.74929,0.85115
advcf_deep_r30_repeat,task_obj_remove_410264,add_hat,crop_resize,17001,17.04718,0.78523,0.43224,0.20421,0.87059,0.14049,0.83918,0.84422
advcf_deep_r30_repeat,task_obj_remove_410264,add_hat,crop_resize,77001,21.97677,0.90178,0.24548,0.1109,0.82353,0.07965,0.80081,0.86962
advcf_deep_r30_repeat,task_obj_remove_410264,add_hat,identity,27001,18.03337,0.82709,0.34948,0.1703,0.82353,0.12541,0.74469,0.83679
advcf_deep_r30_repeat,task_obj_remove_410264,add_hat,identity,87001,19.52804,0.84146,0.3529,0.1832,0.92941,0.10558,0.67985,0.76959
advcf_deep_r30_repeat,task_obj_remove_410264,add_hat,jpeg,47001,17.59557,0.83898,0.36162,0.16414,0.90588,0.13189,0.72941,0.79576
advcf_deep_r30_repeat,task_obj_remove_410264,add_hat,jpeg,97001,19.29796,0.85694,0.35606,0.16393,0.88627,0.10842,0.7607,0.83145
advcf_deep_r30_repeat,task_obj_remove_410264,add_scarf,blur,57001,16.51029,0.77418,0.38417,0.15443,0.92941,0.14945,0.88734,0.96833
advcf_deep_r30_repeat,task_obj_remove_410264,add_scarf,blur,107001,16.75587,0.81381,0.31428,0.14087,0.91765,0.14528,0.94783,0.9515
advcf_deep_r30_repeat,task_obj_remove_410264,add_scarf,crop_resize,67001,12.70503,0.59371,0.46765,0.20677,0.98431,0.23161,0.82519,0.87654
advcf_deep_r30_repeat,task_obj_remove_410264,add_scarf,identity,17001,14.2197,0.67868,0.40652,0.16576,1.0,0.19454,0.87582,0.90986
advcf_deep_r30_repeat,task_obj_remove_410264,add_scarf,identity,77001,14.13363,0.67622,0.44185,0.19656,0.98431,0.19648,0.8199,0.83611
advcf_deep_r30_repeat,task_obj_remove_410264,add_scarf,jpeg,27001,15.62562,0.74236,0.35297,0.14435,0.92157,0.16547,0.91024,0.9309
advcf_deep_r30_repeat,task_obj_remove_410264,add_scarf,jpeg,87001,13.67337,0.64286,0.43195,0.18353,1.0,0.20717,0.81764,0.89158
advcf_deep_r30_repeat,task_obj_remove_410264,garment_colour,blur,47001,23.45022,0.90753,0.28619,0.13202,0.48235,0.06722,0.97139,0.97449
advcf_deep_r30_repeat,task_obj_remove_410264,garment_colour,blur,97001,20.25566,0.8592,0.28324,0.12096,0.78039,0.0971,0.97066,0.97505
advcf_deep_r30_repeat,task_obj_remove_410264,garment_colour,crop_resize,57001,13.97949,0.7916,0.40654,0.19341,0.71765,0.2,0.91449,0.9426
advcf_deep_r30_repeat,task_obj_remove_410264,garment_colour,crop_resize,107001,9.76736,0.73599,0.47282,0.19777,0.94902,0.32481,0.92488,0.93043
advcf_deep_r30_repeat,task_obj_remove_410264,garment_colour,identity,67001,20.49358,0.8755,0.3074,0.14491,0.63922,0.09448,0.96668,0.96081
advcf_deep_r30_repeat,task_obj_remove_410264,garment_colour,jpeg,17001,21.31539,0.86785,0.34439,0.14501,0.67843,0.08595,0.96479,0.96093
advcf_deep_r30_repeat,task_obj_remove_410264,garment_colour,jpeg,77001,21.85352,0.87646,0.35569,0.15592,0.60784,0.08078,0.96312,0.94569
advcf_deep_r30_repeat,task_obj_swap_rand_mask_79926,add_hat,blur,27001,20.74426,0.88958,0.30218,0.12347,0.54902,0.09179,0.92545,0.87539
advcf_deep_r30_repeat,task_obj_swap_rand_mask_79926,add_hat,blur,87001,20.1903,0.87021,0.33337,0.14408,0.58824,0.09783,0.93863,0.86658
advcf_deep_r30_repeat,task_obj_swap_rand_mask_79926,add_hat,crop_resize,47001,18.54597,0.78645,0.4173,0.16538,0.6902,0.11822,0.90477,0.86272
advcf_deep_r30_repeat,task_obj_swap_rand_mask_79926,add_hat,crop_resize,97001,18.14257,0.75684,0.45874,0.2076,0.90196,0.12384,0.82516,0.78819
advcf_deep_r30_repeat,task_obj_swap_rand_mask_79926,add_hat,identity,57001,19.46284,0.81396,0.34467,0.1446,0.84706,0.10638,0.93334,0.87781
advcf_deep_r30_repeat,task_obj_swap_rand_mask_79926,add_hat,identity,107001,18.54267,0.8223,0.32545,0.14802,0.97255,0.11827,0.91916,0.92387
advcf_deep_r30_repeat,task_obj_swap_rand_mask_79926,add_hat,jpeg,67001,20.28729,0.84315,0.32866,0.12169,0.89412,0.09675,0.94485,0.90854
advcf_deep_r30_repeat,task_obj_swap_rand_mask_79926,add_scarf,blur,17001,16.98834,0.74214,0.31576,0.17209,0.95686,0.14144,0.92623,0.87876
advcf_deep_r30_repeat,task_obj_swap_rand_mask_79926,add_scarf,blur,77001,17.92572,0.76746,0.30968,0.15474,0.85882,0.12697,0.93793,0.87807
advcf_deep_r30_repeat,task_obj_swap_rand_mask_79926,add_scarf,crop_resize,27001,18.96306,0.78375,0.31752,0.1408,0.94902,0.11268,0.94707,0.87991
advcf_deep_r30_repeat,task_obj_swap_rand_mask_79926,add_scarf,crop_resize,87001,16.08268,0.70165,0.35217,0.15261,0.95686,0.15699,0.91767,0.92403
advcf_deep_r30_repeat,task_obj_swap_rand_mask_79926,add_scarf,identity,47001,17.53792,0.74659,0.34164,0.17163,0.95294,0.13277,0.92476,0.8906
advcf_deep_r30_repeat,task_obj_swap_rand_mask_79926,add_scarf,identity,97001,16.56508,0.72137,0.35758,0.17468,0.96078,0.14851,0.89376,0.8729
advcf_deep_r30_repeat,task_obj_swap_rand_mask_79926,add_scarf,jpeg,57001,17.15924,0.71715,0.36533,0.16551,0.99608,0.13869,0.90252,0.84759
advcf_deep_r30_repeat,task_obj_swap_rand_mask_79926,add_scarf,jpeg,107001,15.25998,0.65397,0.38268,0.19407,1.0,0.17258,0.82066,0.8125
advcf_deep_r30_repeat,task_obj_swap_rand_mask_79926,garment_colour,blur,67001,20.79871,0.8889,0.26199,0.11343,0.66275,0.09121,0.96014,0.94006
advcf_deep_r30_repeat,task_obj_swap_rand_mask_79926,garment_colour,crop_resize,17001,20.49455,0.84652,0.31745,0.12785,0.83137,0.09447,0.95456,0.9032
advcf_deep_r30_repeat,task_obj_swap_rand_mask_79926,garment_colour,crop_resize,77001,20.14512,0.83166,0.3364,0.13697,0.79216,0.09834,0.95037,0.8987
advcf_deep_r30_repeat,task_obj_swap_rand_mask_79926,garment_colour,identity,27001,20.62358,0.8571,0.27276,0.11844,0.86667,0.09307,0.95527,0.93965
advcf_deep_r30_repeat,task_obj_swap_rand_mask_79926,garment_colour,identity,87001,20.93182,0.86199,0.25633,0.11475,0.8902,0.08983,0.96377,0.94942
advcf_deep_r30_repeat,task_obj_swap_rand_mask_79926,garment_colour,jpeg,47001,20.60257,0.84799,0.28886,0.12699,0.88235,0.0933,0.96044,0.92093
advcf_deep_r30_repeat,task_obj_swap_rand_mask_79926,garment_colour,jpeg,97001,21.13608,0.79032,0.29703,0.12701,0.87059,0.08774,0.95379,0.93455
advcf_deep_r50,task_env_weather_121086,add_hat,blur,57001,14.78138,0.64664,0.60973,0.2305,0.82353,0.18236,0.71412,0.72022
advcf_deep_r50,task_env_weather_121086,add_hat,blur,107001,16.21744,0.77811,0.56752,0.21254,0.68235,0.15457,0.94439,0.90191
advcf_deep_r50,task_env_weather_121086,add_hat,crop_resize,67001,15.044,0.61011,0.57517,0.23339,0.87059,0.17693,0.87934,0.81719
advcf_deep_r50,task_env_weather_121086,add_hat,identity,17001,14.91742,0.66479,0.56013,0.23938,0.82745,0.17953,0.91384,0.89778
advcf_deep_r50,task_env_weather_121086,add_hat,identity,77001,14.12937,0.60962,0.56905,0.24304,0.87059,0.19658,0.91669,0.82741
advcf_deep_r50,task_env_weather_121086,add_hat,jpeg,27001,15.43814,0.7002,0.54625,0.22547,0.7451,0.16908,0.8864,0.86576
advcf_deep_r50,task_env_weather_121086,add_hat,jpeg,87001,15.08736,0.69892,0.55231,0.22838,0.80784,0.17605,0.93031,0.84003
advcf_deep_r50,task_env_weather_121086,add_scarf,blur,47001,12.47309,0.54166,0.67153,0.25693,1.0,0.23787,0.64148,0.63085
advcf_deep_r50,task_env_weather_121086,add_scarf,blur,97001,13.26393,0.53646,0.63713,0.23874,1.0,0.21717,0.56003,0.63781
advcf_deep_r50,task_env_weather_121086,add_scarf,crop_resize,57001,11.63096,0.36804,0.72914,0.26724,1.0,0.26209,0.70607,0.7255
advcf_deep_r50,task_env_weather_121086,add_scarf,crop_resize,107001,12.41062,0.48379,0.67774,0.25727,1.0,0.23959,0.7178,0.7792
advcf_deep_r50,task_env_weather_121086,add_scarf,identity,67001,14.33548,0.58655,0.58883,0.20387,0.92549,0.19197,0.69225,0.74052
advcf_deep_r50,task_env_weather_121086,add_scarf,jpeg,17001,14.30444,0.63044,0.54687,0.20573,0.98824,0.19265,0.73613,0.80409
advcf_deep_r50,task_env_weather_121086,add_scarf,jpeg,77001,13.69033,0.60848,0.58952,0.23595,0.96078,0.20677,0.77208,0.73594
advcf_deep_r50,task_env_weather_121086,garment_colour,blur,27001,12.63186,0.57593,0.54318,0.24035,0.78824,0.23356,0.87307,0.90212
advcf_deep_r50,task_env_weather_121086,garment_colour,blur,87001,14.21975,0.63563,0.54651,0.21255,0.76471,0.19454,0.86464,0.88554
advcf_deep_r50,task_env_weather_121086,garment_colour,crop_resize,47001,14.88499,0.637,0.49632,0.23477,0.76863,0.1802,0.92086,0.88611
advcf_deep_r50,task_env_weather_121086,garment_colour,crop_resize,97001,12.15981,0.51902,0.46559,0.2462,0.85882,0.24661,0.86606,0.88955
advcf_deep_r50,task_env_weather_121086,garment_colour,identity,57001,17.44905,0.71679,0.4501,0.20139,0.8902,0.13414,0.91587,0.93723
advcf_deep_r50,task_env_weather_121086,garment_colour,identity,107001,15.36178,0.66119,0.40636,0.21331,0.81176,0.17057,0.8067,0.78716
advcf_deep_r50,task_env_weather_121086,garment_colour,jpeg,67001,13.09009,0.57879,0.48851,0.2263,0.88235,0.22156,0.8447,0.88472
advcf_deep_r50,task_obj_remove_410264,add_hat,blur,17001,19.34494,0.86772,0.3696,0.16283,0.86667,0.10783,0.82381,0.87586
advcf_deep_r50,task_obj_remove_410264,add_hat,blur,77001,18.93783,0.86633,0.33399,0.16606,0.82745,0.11301,0.7259,0.86101
advcf_deep_r50,task_obj_remove_410264,add_hat,crop_resize,27001,16.1353,0.78365,0.31489,0.136,0.85098,0.15604,0.86942,0.82168
advcf_deep_r50,task_obj_remove_410264,add_hat,crop_resize,87001,19.63846,0.86321,0.34196,0.16061,0.8902,0.10425,0.79472,0.84414
advcf_deep_r50,task_obj_remove_410264,add_hat,identity,47001,15.01835,0.69018,0.50551,0.21094,0.94902,0.17745,0.70533,0.75225
advcf_deep_r50,task_obj_remove_410264,add_hat,identity,97001,14.5721,0.70672,0.47191,0.21342,0.92941,0.18681,0.71053,0.72984
advcf_deep_r50,task_obj_remove_410264,add_hat,jpeg,57001,17.75836,0.79653,0.40338,0.18035,0.9098,0.12944,0.77899,0.73422
advcf_deep_r50,task_obj_remove_410264,add_hat,jpeg,107001,20.46545,0.86553,0.34047,0.1602,0.90196,0.09478,0.62082,0.82281
advcf_deep_r50,task_obj_remove_410264,add_scarf,blur,67001,16.11204,0.75724,0.35427,0.15209,0.95686,0.15646,0.91108,0.9409
advcf_deep_r50,task_obj_remove_410264,add_scarf,crop_resize,17001,12.17331,0.53309,0.52355,0.2292,0.99216,0.24623,0.79094,0.87143
advcf_deep_r50,task_obj_remove_410264,add_scarf,crop_resize,77001,13.23224,0.6198,0.50718,0.22374,0.97255,0.21797,0.84194,0.86069
advcf_deep_r50,task_obj_remove_410264,add_scarf,identity,27001,15.13893,0.72583,0.34138,0.16449,0.9451,0.17501,0.95528,0.97147
advcf_deep_r50,task_obj_remove_410264,add_scarf,identity,87001,13.78652,0.65719,0.37052,0.16817,0.99216,0.20449,0.79295,0.86802
advcf_deep_r50,task_obj_remove_410264,add_scarf,jpeg,47001,16.32982,0.72947,0.37228,0.16453,0.96863,0.15258,0.88417,0.91664
advcf_deep_r50,task_obj_remove_410264,add_scarf,jpeg,97001,14.32724,0.6524,0.40836,0.18296,0.93725,0.19215,0.87471,0.88638
advcf_deep_r50,task_obj_remove_410264,garment_colour,blur,57001,15.58517,0.79272,0.40011,0.15969,0.5451,0.16624,0.9712,0.95069
advcf_deep_r50,task_obj_remove_410264,garment_colour,blur,107001,20.42445,0.87679,0.28486,0.11793,0.35686,0.09523,0.97457,0.95039
advcf_deep_r50,task_obj_remove_410264,garment_colour,crop_resize,67001,8.23078,0.67372,0.5541,0.22848,0.90196,0.38767,0.8388,0.90709
advcf_deep_r50,task_obj_remove_410264,garment_colour,identity,17001,20.20024,0.86698,0.32001,0.13843,0.61961,0.09772,0.96553,0.94249
advcf_deep_r50,task_obj_remove_410264,garment_colour,identity,77001,19.58993,0.85144,0.38092,0.18344,0.75686,0.10483,0.9611,0.90453
advcf_deep_r50,task_obj_remove_410264,garment_colour,jpeg,27001,21.11899,0.86283,0.3199,0.13641,0.76471,0.08791,0.96598,0.9387
advcf_deep_r50,task_obj_remove_410264,garment_colour,jpeg,87001,19.90213,0.84655,0.40712,0.18171,0.72941,0.10113,0.95742,0.91203
advcf_deep_r50,task_obj_swap_rand_mask_79926,add_hat,blur,47001,15.81207,0.73371,0.40545,0.21274,0.8,0.16196,0.87283,0.75459
advcf_deep_r50,task_obj_swap_rand_mask_79926,add_hat,blur,97001,19.46616,0.82333,0.38433,0.17795,0.7451,0.10634,0.91447,0.7778
advcf_deep_r50,task_obj_swap_rand_mask_79926,add_hat,crop_resize,57001,18.55951,0.76602,0.47164,0.19201,0.65098,0.11804,0.87785,0.69579
advcf_deep_r50,task_obj_swap_rand_mask_79926,add_hat,crop_resize,107001,18.18291,0.7664,0.47026,0.2024,0.73333,0.12327,0.84633,0.73107
advcf_deep_r50,task_obj_swap_rand_mask_79926,add_hat,identity,67001,19.3743,0.80861,0.38605,0.16381,0.90588,0.10747,0.91157,0.80273
advcf_deep_r50,task_obj_swap_rand_mask_79926,add_hat,jpeg,17001,18.21105,0.8062,0.40027,0.16931,0.91373,0.12287,0.90672,0.76109
advcf_deep_r50,task_obj_swap_rand_mask_79926,add_hat,jpeg,77001,18.42657,0.78665,0.40467,0.15894,0.9451,0.11986,0.8776,0.79489
advcf_deep_r50,task_obj_swap_rand_mask_79926,add_scarf,blur,27001,16.61959,0.67874,0.38743,0.17961,1.0,0.14758,0.90755,0.78621
advcf_deep_r50,task_obj_swap_rand_mask_79926,add_scarf,blur,87001,16.98074,0.71865,0.3508,0.175,0.93725,0.14157,0.90458,0.83475
advcf_deep_r50,task_obj_swap_rand_mask_79926,add_scarf,crop_resize,47001,17.78737,0.71348,0.37832,0.17491,0.98431,0.12901,0.88392,0.82834
advcf_deep_r50,task_obj_swap_rand_mask_79926,add_scarf,crop_resize,97001,14.68367,0.61163,0.45056,0.2095,1.0,0.18442,0.87608,0.80853
advcf_deep_r50,task_obj_swap_rand_mask_79926,add_scarf,identity,57001,16.69024,0.67792,0.39948,0.19099,0.92941,0.14638,0.8524,0.77785
advcf_deep_r50,task_obj_swap_rand_mask_79926,add_scarf,identity,107001,14.58229,0.62797,0.41389,0.20071,1.0,0.18659,0.79197,0.77717
advcf_deep_r50,task_obj_swap_rand_mask_79926,add_scarf,jpeg,67001,15.10658,0.63686,0.42203,0.20653,1.0,0.17566,0.86389,0.77923
advcf_deep_r50,task_obj_swap_rand_mask_79926,garment_colour,blur,17001,19.9103,0.84067,0.33997,0.16869,0.67059,0.10104,0.96079,0.90716
advcf_deep_r50,task_obj_swap_rand_mask_79926,garment_colour,blur,77001,19.643,0.83743,0.33804,0.16422,0.67451,0.1042,0.95566,0.91616
advcf_deep_r50,task_obj_swap_rand_mask_79926,garment_colour,crop_resize,27001,19.62433,0.79271,0.43446,0.17209,0.76863,0.10442,0.94135,0.82805
advcf_deep_r50,task_obj_swap_rand_mask_79926,garment_colour,crop_resize,87001,19.71597,0.79018,0.44145,0.1657,0.9098,0.10332,0.94505,0.8284
advcf_deep_r50,task_obj_swap_rand_mask_79926,garment_colour,identity,47001,19.50377,0.80886,0.35307,0.16202,0.92941,0.10588,0.94699,0.90538
advcf_deep_r50,task_obj_swap_rand_mask_79926,garment_colour,identity,97001,20.28075,0.76708,0.37952,0.16733,0.90588,0.09682,0.95208,0.90648
advcf_deep_r50,task_obj_swap_rand_mask_79926,garment_colour,jpeg,57001,19.89577,0.79661,0.36351,0.16233,0.85098,0.10121,0.95861,0.9155
advcf_deep_r50,task_obj_swap_rand_mask_79926,garment_colour,jpeg,107001,20.16576,0.80344,0.35099,0.1566,0.81176,0.09811,0.96444,0.91492
anchor_de16_deep,task_env_weather_121086,add_hat,blur,67001,20.04794,0.77837,0.31957,0.18846,0.8902,0.09945,0.93718,0.9336
anchor_de16_deep,task_env_weather_121086,add_hat,crop_resize,17001,18.1268,0.69937,0.33552,0.22046,0.65882,0.12407,0.91583,0.94757
anchor_de16_deep,task_env_weather_121086,add_hat,crop_resize,77001,18.89801,0.72257,0.31606,0.20045,0.76078,0.11353,0.92155,0.95428
anchor_de16_deep,task_env_weather_121086,add_hat,identity,27001,18.64221,0.71346,0.33807,0.19842,0.81961,0.11692,0.92607,0.8448
anchor_de16_deep,task_env_weather_121086,add_hat,identity,87001,19.02011,0.72074,0.33696,0.19944,0.74902,0.11194,0.94025,0.92309
anchor_de16_deep,task_env_weather_121086,add_hat,jpeg,47001,19.2976,0.73803,0.32412,0.195,0.81569,0.10842,0.94179,0.95035
anchor_de16_deep,task_env_weather_121086,add_hat,jpeg,97001,18.17801,0.69379,0.35545,0.20741,0.8902,0.12334,0.90504,0.81083
anchor_de16_deep,task_env_weather_121086,add_scarf,blur,57001,16.63721,0.67312,0.37478,0.22341,0.90588,0.14728,0.9117,0.83089
anchor_de16_deep,task_env_weather_121086,add_scarf,blur,107001,14.82376,0.54091,0.45543,0.22037,0.97647,0.18147,0.75222,0.7076
anchor_de16_deep,task_env_weather_121086,add_scarf,crop_resize,67001,17.00003,0.64856,0.37984,0.22902,0.99216,0.14125,0.9113,0.93337
anchor_de16_deep,task_env_weather_121086,add_scarf,identity,17001,15.78316,0.61206,0.43721,0.25096,1.0,0.1625,0.86217,0.87145
anchor_de16_deep,task_env_weather_121086,add_scarf,identity,77001,16.46958,0.6419,0.41989,0.24426,0.97647,0.15015,0.91099,0.91949
anchor_de16_deep,task_env_weather_121086,add_scarf,jpeg,27001,17.77365,0.69243,0.36475,0.22311,0.96471,0.12922,0.91447,0.93229
anchor_de16_deep,task_env_weather_121086,add_scarf,jpeg,87001,15.24588,0.58361,0.47077,0.26268,0.9451,0.17286,0.79274,0.81024
anchor_de16_deep,task_env_weather_121086,garment_colour,blur,47001,13.96909,0.60661,0.3975,0.23332,0.72157,0.20024,0.92937,0.94417
anchor_de16_deep,task_env_weather_121086,garment_colour,blur,97001,18.90198,0.76738,0.29858,0.1936,0.67451,0.11348,0.93739,0.93738
anchor_de16_deep,task_env_weather_121086,garment_colour,crop_resize,57001,19.34793,0.73632,0.2958,0.21842,0.80392,0.1078,0.92306,0.95706
anchor_de16_deep,task_env_weather_121086,garment_colour,crop_resize,107001,18.20594,0.70586,0.31025,0.23015,0.85882,0.12294,0.895,0.95121
anchor_de16_deep,task_env_weather_121086,garment_colour,identity,67001,18.52503,0.71777,0.31401,0.22122,0.86275,0.11851,0.92312,0.9281
anchor_de16_deep,task_env_weather_121086,garment_colour,jpeg,17001,19.27824,0.73842,0.30995,0.20971,0.74118,0.10866,0.92429,0.93971
anchor_de16_deep,task_env_weather_121086,garment_colour,jpeg,77001,18.5676,0.72233,0.32267,0.22447,0.73333,0.11793,0.90882,0.92712
anchor_de16_deep,task_obj_remove_410264,add_hat,blur,27001,22.41885,0.88632,0.35351,0.15203,0.71373,0.07569,0.8383,0.88375
anchor_de16_deep,task_obj_remove_410264,add_hat,blur,87001,21.90944,0.89209,0.33724,0.129,0.73725,0.08027,0.84692,0.89304
anchor_de16_deep,task_obj_remove_410264,add_hat,crop_resize,47001,18.41061,0.83848,0.35207,0.16111,0.84314,0.12008,0.8799,0.84616
anchor_de16_deep,task_obj_remove_410264,add_hat,crop_resize,97001,22.50668,0.88585,0.31689,0.1295,0.74118,0.07493,0.81921,0.86272
anchor_de16_deep,task_obj_remove_410264,add_hat,identity,57001,15.92097,0.75174,0.45288,0.21896,0.92941,0.15994,0.74913,0.76292
anchor_de16_deep,task_obj_remove_410264,add_hat,identity,107001,22.38331,0.89654,0.34341,0.16205,0.8549,0.076,0.89277,0.88041
anchor_de16_deep,task_obj_remove_410264,add_hat,jpeg,67001,21.75081,0.86027,0.37704,0.15607,0.87843,0.08174,0.58782,0.81374
anchor_de16_deep,task_obj_remove_410264,add_scarf,blur,17001,17.05031,0.78392,0.38192,0.14379,0.92549,0.14044,0.94342,0.96445
anchor_de16_deep,task_obj_remove_410264,add_scarf,blur,77001,14.91667,0.69384,0.48347,0.19431,0.96471,0.17954,0.83655,0.84619
anchor_de16_deep,task_obj_remove_410264,add_scarf,crop_resize,27001,15.7084,0.70798,0.45187,0.18868,0.98431,0.1639,0.84452,0.88158
anchor_de16_deep,task_obj_remove_410264,add_scarf,crop_resize,87001,13.86622,0.58847,0.542,0.22812,0.94902,0.20262,0.7959,0.84171
anchor_de16_deep,task_obj_remove_410264,add_scarf,identity,47001,16.80357,0.72329,0.42614,0.1555,0.96078,0.14448,0.8906,0.90276
anchor_de16_deep,task_obj_remove_410264,add_scarf,identity,97001,15.78464,0.66367,0.45548,0.18279,0.92941,0.16247,0.82834,0.93312
anchor_de16_deep,task_obj_remove_410264,add_scarf,jpeg,57001,15.14636,0.67675,0.47212,0.20122,0.98824,0.17486,0.83895,0.8745
anchor_de16_deep,task_obj_remove_410264,add_scarf,jpeg,107001,16.54382,0.73676,0.42366,0.15851,0.97647,0.14887,0.89373,0.88904
anchor_de16_deep,task_obj_remove_410264,garment_colour,blur,67001,22.258,0.89893,0.35686,0.14726,0.47059,0.07711,0.96478,0.93756
anchor_de16_deep,task_obj_remove_410264,garment_colour,crop_resize,17001,10.93034,0.72021,0.5017,0.22817,0.82353,0.28411,0.81625,0.9017
anchor_de16_deep,task_obj_remove_410264,garment_colour,crop_resize,77001,12.04584,0.77552,0.56004,0.22806,0.85882,0.24987,0.83275,0.87762
anchor_de16_deep,task_obj_remove_410264,garment_colour,identity,27001,23.35795,0.88395,0.34208,0.1502,0.6902,0.06794,0.95606,0.93364
anchor_de16_deep,task_obj_remove_410264,garment_colour,identity,87001,21.70492,0.87433,0.3909,0.176,0.81961,0.08218,0.93402,0.93511
anchor_de16_deep,task_obj_remove_410264,garment_colour,jpeg,47001,19.69531,0.85377,0.39676,0.18323,0.81569,0.10357,0.94756,0.92969
anchor_de16_deep,task_obj_remove_410264,garment_colour,jpeg,97001,23.66401,0.87675,0.33289,0.13595,0.70196,0.06558,0.94901,0.9466
anchor_de16_deep,task_obj_swap_rand_mask_79926,add_hat,blur,57001,18.1438,0.77386,0.46643,0.15957,0.80784,0.12383,0.91211,0.81298
anchor_de16_deep,task_obj_swap_rand_mask_79926,add_hat,blur,107001,19.15692,0.8071,0.48195,0.16632,0.71373,0.11019,0.84802,0.86963
anchor_de16_deep,task_obj_swap_rand_mask_79926,add_hat,crop_resize,67001,20.12047,0.78749,0.40664,0.14375,0.66275,0.09862,0.89614,0.7642
anchor_de16_deep,task_obj_swap_rand_mask_79926,add_hat,identity,17001,19.37976,0.82571,0.41482,0.13968,0.82353,0.1074,0.92612,0.82249
anchor_de16_deep,task_obj_swap_rand_mask_79926,add_hat,identity,77001,20.76332,0.82105,0.40718,0.13419,0.8549,0.09159,0.92512,0.8295
anchor_de16_deep,task_obj_swap_rand_mask_79926,add_hat,jpeg,27001,19.8084,0.79265,0.42357,0.12487,0.94902,0.10223,0.89457,0.84941
anchor_de16_deep,task_obj_swap_rand_mask_79926,add_hat,jpeg,87001,20.39196,0.79535,0.42732,0.14131,0.9098,0.09559,0.92403,0.83484
anchor_de16_deep,task_obj_swap_rand_mask_79926,add_scarf,blur,47001,19.26282,0.79049,0.40103,0.13894,0.88235,0.10886,0.93679,0.87307
anchor_de16_deep,task_obj_swap_rand_mask_79926,add_scarf,blur,97001,17.63895,0.75356,0.41451,0.15635,1.0,0.13124,0.92252,0.89449
anchor_de16_deep,task_obj_swap_rand_mask_79926,add_scarf,crop_resize,57001,16.67519,0.68976,0.48916,0.18768,0.99216,0.14664,0.87941,0.88188
anchor_de16_deep,task_obj_swap_rand_mask_79926,add_scarf,crop_resize,107001,16.1722,0.66953,0.4682,0.18742,1.0,0.15538,0.90918,0.82835
anchor_de16_deep,task_obj_swap_rand_mask_79926,add_scarf,identity,67001,17.06262,0.7279,0.44329,0.16321,0.95294,0.14024,0.93392,0.86976
anchor_de16_deep,task_obj_swap_rand_mask_79926,add_scarf,jpeg,17001,18.61991,0.75927,0.42327,0.13991,0.96471,0.11722,0.93375,0.87506
anchor_de16_deep,task_obj_swap_rand_mask_79926,add_scarf,jpeg,77001,18.47157,0.75288,0.42266,0.14419,0.95686,0.11924,0.91623,0.91131
anchor_de16_deep,task_obj_swap_rand_mask_79926,garment_colour,blur,27001,22.07072,0.81723,0.23631,0.1581,0.59216,0.07879,0.96166,0.8781
anchor_de16_deep,task_obj_swap_rand_mask_79926,garment_colour,blur,87001,22.45829,0.83414,0.22695,0.14995,0.61176,0.07535,0.96239,0.88763
anchor_de16_deep,task_obj_swap_rand_mask_79926,garment_colour,crop_resize,47001,21.40524,0.78336,0.30715,0.16682,0.78824,0.08506,0.94413,0.867
anchor_de16_deep,task_obj_swap_rand_mask_79926,garment_colour,crop_resize,97001,21.46859,0.79275,0.31078,0.16631,0.72157,0.08444,0.9434,0.851
anchor_de16_deep,task_obj_swap_rand_mask_79926,garment_colour,identity,57001,21.54254,0.79161,0.26483,0.15587,0.85098,0.08373,0.95628,0.89369
anchor_de16_deep,task_obj_swap_rand_mask_79926,garment_colour,identity,107001,21.55419,0.77384,0.27006,0.15789,0.83529,0.08362,0.95748,0.89384
anchor_de16_deep,task_obj_swap_rand_mask_79926,garment_colour,jpeg,67001,21.45243,0.79811,0.28335,0.15111,0.76863,0.0846,0.95704,0.91926
anchor_de16_free,task_env_weather_121086,add_hat,blur,17001,20.66063,0.76833,0.44254,0.24102,0.65882,0.09268,0.95222,0.89793
anchor_de16_free,task_env_weather_121086,add_hat,blur,77001,16.32886,0.65503,0.496,0.25357,0.87451,0.1526,0.90653,0.79377
anchor_de16_free,task_env_weather_121086,add_hat,crop_resize,27001,18.64153,0.68279,0.4789,0.23054,0.79216,0.11693,0.90968,0.86741
anchor_de16_free,task_env_weather_121086,add_hat,crop_resize,87001,18.85904,0.68373,0.42639,0.21051,0.72549,0.11404,0.90479,0.91542
anchor_de16_free,task_env_weather_121086,add_hat,identity,47001,19.56455,0.70841,0.42587,0.23837,0.78039,0.10514,0.93755,0.91572
anchor_de16_free,task_env_weather_121086,add_hat,identity,97001,19.55959,0.70922,0.43509,0.24767,0.82745,0.1052,0.94632,0.90712
anchor_de16_free,task_env_weather_121086,add_hat,jpeg,57001,18.56261,0.67886,0.45247,0.24997,0.78824,0.118,0.87838,0.8277
anchor_de16_free,task_env_weather_121086,add_hat,jpeg,107001,19.31876,0.70093,0.44371,0.24072,0.8,0.10816,0.9165,0.80618
anchor_de16_free,task_env_weather_121086,add_scarf,blur,67001,17.881,0.6956,0.48473,0.26181,0.93725,0.12763,0.93617,0.92341
anchor_de16_free,task_env_weather_121086,add_scarf,crop_resize,17001,17.71508,0.68751,0.46793,0.24601,0.84706,0.13009,0.92686,0.90897
anchor_de16_free,task_env_weather_121086,add_scarf,crop_resize,77001,15.39818,0.59213,0.51793,0.22727,0.98039,0.16986,0.82076,0.81561
anchor_de16_free,task_env_weather_121086,add_scarf,identity,27001,17.58874,0.65746,0.48121,0.237,1.0,0.132,0.92436,0.8714
anchor_de16_free,task_env_weather_121086,add_scarf,identity,87001,16.43231,0.65763,0.48043,0.2518,0.92549,0.15079,0.92,0.89692
anchor_de16_free,task_env_weather_121086,add_scarf,jpeg,47001,17.3681,0.66882,0.46748,0.23658,0.93333,0.13539,0.93325,0.87843
anchor_de16_free,task_env_weather_121086,add_scarf,jpeg,97001,16.13074,0.58041,0.53305,0.23852,0.9098,0.15612,0.79213,0.76871
anchor_de16_free,task_env_weather_121086,garment_colour,blur,57001,21.92541,0.78353,0.37647,0.22291,0.40392,0.08012,0.9542,0.94095
anchor_de16_free,task_env_weather_121086,garment_colour,blur,107001,21.70543,0.78859,0.37451,0.23022,0.47451,0.08217,0.956,0.94666
anchor_de16_free,task_env_weather_121086,garment_colour,crop_resize,67001,18.32252,0.67368,0.36522,0.20929,0.75686,0.1213,0.91993,0.91353
anchor_de16_free,task_env_weather_121086,garment_colour,identity,17001,21.23051,0.75105,0.36499,0.20968,0.77255,0.08679,0.94442,0.9324
anchor_de16_free,task_env_weather_121086,garment_colour,identity,77001,20.95765,0.73418,0.36529,0.20226,0.82745,0.08956,0.9384,0.9352
anchor_de16_free,task_env_weather_121086,garment_colour,jpeg,27001,21.38422,0.75552,0.36369,0.20973,0.89804,0.08527,0.93095,0.90121
anchor_de16_free,task_env_weather_121086,garment_colour,jpeg,87001,21.11512,0.74355,0.37714,0.21454,0.81961,0.08795,0.93396,0.91781
anchor_de16_free,task_obj_remove_410264,add_hat,blur,47001,17.75482,0.84633,0.37958,0.17706,0.82353,0.1295,0.76085,0.84895
anchor_de16_free,task_obj_remove_410264,add_hat,blur,97001,17.39609,0.83021,0.37171,0.18581,0.84706,0.13496,0.86824,0.89478
anchor_de16_free,task_obj_remove_410264,add_hat,crop_resize,57001,16.60499,0.73883,0.53988,0.22116,0.88235,0.14783,0.88558,0.82813
anchor_de16_free,task_obj_remove_410264,add_hat,crop_resize,107001,16.90932,0.78396,0.47987,0.18651,0.83922,0.14274,0.80254,0.83773
anchor_de16_free,task_obj_remove_410264,add_hat,identity,67001,16.05331,0.70769,0.51621,0.2391,0.96863,0.15752,0.55845,0.67162
anchor_de16_free,task_obj_remove_410264,add_hat,jpeg,17001,13.81238,0.68516,0.63407,0.26656,0.96471,0.20388,0.65724,0.6925
anchor_de16_free,task_obj_remove_410264,add_hat,jpeg,77001,18.22791,0.8603,0.34951,0.1843,0.93725,0.12263,0.90652,0.89412
anchor_de16_free,task_obj_remove_410264,add_scarf,blur,27001,16.57941,0.75706,0.39211,0.1669,0.9098,0.14826,0.90702,0.90904
anchor_de16_free,task_obj_remove_410264,add_scarf,blur,87001,15.5855,0.73666,0.38995,0.15953,0.93725,0.16624,0.85419,0.90717
anchor_de16_free,task_obj_remove_410264,add_scarf,crop_resize,47001,15.54032,0.72605,0.40724,0.15888,0.98431,0.1671,0.93314,0.90934
anchor_de16_free,task_obj_remove_410264,add_scarf,crop_resize,97001,13.57976,0.6483,0.56893,0.22063,0.95294,0.20942,0.86548,0.863
anchor_de16_free,task_obj_remove_410264,add_scarf,identity,57001,13.3982,0.63258,0.56707,0.25029,0.98431,0.21384,0.763,0.87493
anchor_de16_free,task_obj_remove_410264,add_scarf,identity,107001,15.26299,0.76385,0.44697,0.18729,0.99608,0.17252,0.89914,0.944
anchor_de16_free,task_obj_remove_410264,add_scarf,jpeg,67001,14.10215,0.67509,0.53913,0.2171,0.98431,0.19719,0.79678,0.8843
anchor_de16_free,task_obj_remove_410264,garment_colour,blur,17001,14.65849,0.71629,0.40638,0.16424,0.57255,0.18496,0.85316,0.92806
anchor_de16_free,task_obj_remove_410264,garment_colour,blur,77001,15.10665,0.82496,0.3489,0.15436,0.6549,0.17566,0.89544,0.96058
anchor_de16_free,task_obj_remove_410264,garment_colour,crop_resize,27001,12.92034,0.68745,0.44754,0.16416,0.79608,0.22593,0.91081,0.93103
anchor_de16_free,task_obj_remove_410264,garment_colour,crop_resize,87001,12.52976,0.71901,0.43329,0.16859,0.88235,0.23633,0.92781,0.9368
anchor_de16_free,task_obj_remove_410264,garment_colour,identity,47001,15.34974,0.80462,0.34498,0.15222,0.81961,0.17081,0.92905,0.95481
anchor_de16_free,task_obj_remove_410264,garment_colour,identity,97001,12.68045,0.64224,0.43557,0.18639,0.95686,0.23226,0.82371,0.93232
anchor_de16_free,task_obj_remove_410264,garment_colour,jpeg,57001,12.55068,0.65145,0.54044,0.20301,0.83137,0.23576,0.80007,0.90572
anchor_de16_free,task_obj_remove_410264,garment_colour,jpeg,107001,13.10062,0.71914,0.4727,0.19209,0.8549,0.22129,0.90565,0.89662
anchor_de16_free,task_obj_swap_rand_mask_79926,add_hat,blur,67001,17.99017,0.79757,0.30071,0.14409,0.69804,0.12604,0.85254,0.80222
anchor_de16_free,task_obj_swap_rand_mask_79926,add_hat,crop_resize,17001,15.21005,0.66885,0.4375,0.22586,0.91373,0.17358,0.68843,0.72865
anchor_de16_free,task_obj_swap_rand_mask_79926,add_hat,crop_resize,77001,16.27745,0.73896,0.39658,0.1713,0.75686,0.15351,0.92074,0.78992
anchor_de16_free,task_obj_swap_rand_mask_79926,add_hat,identity,27001,17.08061,0.75185,0.3066,0.15186,0.90196,0.13995,0.90815,0.87853
anchor_de16_free,task_obj_swap_rand_mask_79926,add_hat,identity,87001,16.9011,0.72666,0.38062,0.17616,0.93333,0.14287,0.73813,0.70864
anchor_de16_free,task_obj_swap_rand_mask_79926,add_hat,jpeg,47001,16.41657,0.73279,0.37334,0.18276,0.90588,0.15107,0.74781,0.76268
anchor_de16_free,task_obj_swap_rand_mask_79926,add_hat,jpeg,97001,17.00644,0.74495,0.3216,0.1441,0.86275,0.14115,0.9125,0.8869
anchor_de16_free,task_obj_swap_rand_mask_79926,add_scarf,blur,57001,14.56905,0.63823,0.43396,0.21916,0.99608,0.18687,0.74653,0.7365
anchor_de16_free,task_obj_swap_rand_mask_79926,add_scarf,blur,107001,14.40313,0.59051,0.41499,0.20344,1.0,0.19048,0.81918,0.76977
anchor_de16_free,task_obj_swap_rand_mask_79926,add_scarf,crop_resize,67001,13.22792,0.5553,0.44822,0.21095,1.0,0.21807,0.79736,0.82442
anchor_de16_free,task_obj_swap_rand_mask_79926,add_scarf,identity,17001,15.00656,0.62234,0.33091,0.19124,1.0,0.17769,0.92485,0.91451
anchor_de16_free,task_obj_swap_rand_mask_79926,add_scarf,identity,77001,15.24778,0.6571,0.35206,0.18916,0.98824,0.17283,0.92311,0.90368
anchor_de16_free,task_obj_swap_rand_mask_79926,add_scarf,jpeg,27001,15.97787,0.661,0.31821,0.16104,1.0,0.15889,0.92,0.9131
anchor_de16_free,task_obj_swap_rand_mask_79926,add_scarf,jpeg,87001,15.12075,0.69339,0.3888,0.19682,0.96863,0.17537,0.86596,0.83436
anchor_de16_free,task_obj_swap_rand_mask_79926,garment_colour,blur,47001,20.00167,0.83858,0.20109,0.13229,0.79608,0.09998,0.96511,0.92479
anchor_de16_free,task_obj_swap_rand_mask_79926,garment_colour,blur,97001,20.07127,0.82519,0.20225,0.13242,0.80392,0.09918,0.9639,0.92921
anchor_de16_free,task_obj_swap_rand_mask_79926,garment_colour,crop_resize,57001,20.01682,0.74119,0.26291,0.15003,0.75294,0.09981,0.95859,0.90952
anchor_de16_free,task_obj_swap_rand_mask_79926,garment_colour,crop_resize,107001,20.05117,0.77379,0.27465,0.1445,0.86275,0.09941,0.95107,0.90896
anchor_de16_free,task_obj_swap_rand_mask_79926,garment_colour,identity,67001,20.04546,0.76338,0.23137,0.13539,0.99216,0.09948,0.95374,0.92117
anchor_de16_free,task_obj_swap_rand_mask_79926,garment_colour,jpeg,17001,20.03256,0.78228,0.23815,0.12735,0.93333,0.09963,0.95631,0.91904
anchor_de16_free,task_obj_swap_rand_mask_79926,garment_colour,jpeg,77001,20.27569,0.76758,0.23703,0.13029,0.87059,0.09688,0.95239,0.92177
anchor_de16_out,task_env_weather_121086,add_hat,blur,27001,19.95182,0.79546,0.36509,0.16371,0.67059,0.10056,0.88987,0.91695
anchor_de16_out,task_env_weather_121086,add_hat,blur,87001,19.95639,0.80632,0.36171,0.15794,0.76471,0.1005,0.94772,0.93311
anchor_de16_out,task_env_weather_121086,add_hat,crop_resize,47001,18.73322,0.72407,0.3529,0.17887,0.78039,0.1157,0.91592,0.94177
anchor_de16_out,task_env_weather_121086,add_hat,crop_resize,97001,18.21029,0.69473,0.39602,0.19369,0.72549,0.12288,0.90046,0.9235
anchor_de16_out,task_env_weather_121086,add_hat,identity,57001,18.23069,0.69084,0.39923,0.18125,0.84314,0.12259,0.86663,0.89023
anchor_de16_out,task_env_weather_121086,add_hat,identity,107001,18.77551,0.72009,0.37723,0.1805,0.78039,0.11514,0.88736,0.84415
anchor_de16_out,task_env_weather_121086,add_hat,jpeg,67001,18.64491,0.73039,0.3709,0.17384,0.7451,0.11688,0.89638,0.92129
anchor_de16_out,task_env_weather_121086,add_scarf,blur,17001,17.0304,0.72046,0.44011,0.22094,0.80392,0.14076,0.9163,0.83386
anchor_de16_out,task_env_weather_121086,add_scarf,blur,77001,18.33417,0.73919,0.42018,0.22069,0.74902,0.12114,0.90589,0.91647
anchor_de16_out,task_env_weather_121086,add_scarf,crop_resize,27001,13.55622,0.53777,0.48887,0.19947,1.0,0.20999,0.90069,0.8893
anchor_de16_out,task_env_weather_121086,add_scarf,crop_resize,87001,14.23496,0.56963,0.49898,0.19882,0.96863,0.1942,0.88374,0.88766
anchor_de16_out,task_env_weather_121086,add_scarf,identity,47001,15.54922,0.59804,0.48395,0.22087,0.95686,0.16693,0.70279,0.73105
anchor_de16_out,task_env_weather_121086,add_scarf,identity,97001,16.99495,0.63327,0.44265,0.19096,0.88627,0.14134,0.78898,0.83481
anchor_de16_out,task_env_weather_121086,add_scarf,jpeg,57001,16.6503,0.63933,0.46214,0.19597,0.93725,0.14706,0.66722,0.80662
anchor_de16_out,task_env_weather_121086,add_scarf,jpeg,107001,15.02165,0.57756,0.48872,0.20805,0.96863,0.17739,0.75548,0.75869
anchor_de16_out,task_env_weather_121086,garment_colour,blur,67001,20.43574,0.81645,0.3161,0.17088,0.54902,0.09511,0.95925,0.96147
anchor_de16_out,task_env_weather_121086,garment_colour,crop_resize,17001,19.53318,0.7594,0.34425,0.18653,0.85098,0.10552,0.93961,0.96222
anchor_de16_out,task_env_weather_121086,garment_colour,crop_resize,77001,19.69091,0.76087,0.33965,0.18477,0.82745,0.10362,0.94249,0.96156
anchor_de16_out,task_env_weather_121086,garment_colour,identity,27001,19.99574,0.76074,0.32618,0.1737,0.81176,0.10005,0.94389,0.95247
anchor_de16_out,task_env_weather_121086,garment_colour,identity,87001,19.79586,0.75363,0.33243,0.17534,0.85098,0.10238,0.93693,0.95338
anchor_de16_out,task_env_weather_121086,garment_colour,jpeg,47001,14.59858,0.65608,0.41266,0.2051,0.81176,0.18624,0.94909,0.95547
anchor_de16_out,task_env_weather_121086,garment_colour,jpeg,97001,19.90139,0.77009,0.32774,0.17705,0.73725,0.10114,0.94874,0.96318
anchor_de16_out,task_obj_remove_410264,add_hat,blur,57001,17.93348,0.8234,0.42746,0.19073,0.9098,0.12686,0.77298,0.79706
anchor_de16_out,task_obj_remove_410264,add_hat,blur,107001,21.08626,0.86372,0.38341,0.17843,0.61569,0.08824,0.86494,0.81187
anchor_de16_out,task_obj_remove_410264,add_hat,crop_resize,67001,18.41427,0.83929,0.40475,0.18269,0.80392,0.12003,0.89085,0.79513
anchor_de16_out,task_obj_remove_410264,add_hat,identity,17001,14.33439,0.69137,0.50887,0.24553,0.98431,0.19199,0.64536,0.69744
anchor_de16_out,task_obj_remove_410264,add_hat,identity,77001,14.7459,0.69395,0.46362,0.23376,0.89412,0.18311,0.69528,0.76763
anchor_de16_out,task_obj_remove_410264,add_hat,jpeg,27001,17.75107,0.81394,0.40374,0.18473,0.92549,0.12955,0.78304,0.75826
anchor_de16_out,task_obj_remove_410264,add_hat,jpeg,87001,17.25835,0.81322,0.42224,0.20008,0.90196,0.13711,0.64466,0.68058
anchor_de16_out,task_obj_remove_410264,add_scarf,blur,47001,17.52935,0.79047,0.34476,0.13866,0.93333,0.1329,0.8602,0.92736
anchor_de16_out,task_obj_remove_410264,add_scarf,blur,97001,17.13795,0.78618,0.33173,0.144,0.92549,0.13903,0.93935,0.96343
anchor_de16_out,task_obj_remove_410264,add_scarf,crop_resize,57001,13.40314,0.60765,0.46337,0.18391,1.0,0.21372,0.89283,0.92793
anchor_de16_out,task_obj_remove_410264,add_scarf,crop_resize,107001,14.26272,0.65728,0.44964,0.17203,1.0,0.19358,0.80327,0.86334
anchor_de16_out,task_obj_remove_410264,add_scarf,identity,67001,13.02966,0.64014,0.53737,0.22357,1.0,0.22311,0.85153,0.91101
anchor_de16_out,task_obj_remove_410264,add_scarf,jpeg,17001,12.31249,0.56408,0.55965,0.22825,1.0,0.24231,0.78491,0.89643
anchor_de16_out,task_obj_remove_410264,add_scarf,jpeg,77001,15.62045,0.71115,0.42728,0.16301,1.0,0.16557,0.89575,0.86437
anchor_de16_out,task_obj_remove_410264,garment_colour,blur,27001,12.11516,0.68097,0.43045,0.24016,0.6902,0.24788,0.83598,0.85143
anchor_de16_out,task_obj_remove_410264,garment_colour,blur,87001,13.90231,0.72566,0.40687,0.20891,0.58824,0.20178,0.88205,0.87649
anchor_de16_out,task_obj_remove_410264,garment_colour,crop_resize,47001,16.4935,0.79742,0.39687,0.16876,0.76471,0.14974,0.93744,0.93365
anchor_de16_out,task_obj_remove_410264,garment_colour,crop_resize,97001,12.39177,0.72972,0.42776,0.2052,0.76078,0.24011,0.83342,0.91465
anchor_de16_out,task_obj_remove_410264,garment_colour,identity,57001,13.90644,0.75701,0.42977,0.22373,0.76471,0.20169,0.92351,0.92384
anchor_de16_out,task_obj_remove_410264,garment_colour,identity,107001,15.7901,0.75466,0.40779,0.20946,0.72549,0.16237,0.94048,0.90704
anchor_de16_out,task_obj_remove_410264,garment_colour,jpeg,67001,15.11716,0.76084,0.41975,0.2038,0.7451,0.17545,0.89425,0.86309
anchor_de16_out,task_obj_swap_rand_mask_79926,add_hat,blur,17001,17.73308,0.78923,0.28611,0.14503,0.75686,0.12982,0.88939,0.84725
anchor_de16_out,task_obj_swap_rand_mask_79926,add_hat,blur,77001,17.08935,0.76278,0.30048,0.15745,0.66275,0.13981,0.89994,0.85153
anchor_de16_out,task_obj_swap_rand_mask_79926,add_hat,crop_resize,27001,17.29423,0.74669,0.36558,0.18788,0.86275,0.13655,0.90501,0.82483
anchor_de16_out,task_obj_swap_rand_mask_79926,add_hat,crop_resize,87001,19.57834,0.80694,0.32092,0.14248,0.76863,0.10497,0.92232,0.79381
anchor_de16_out,task_obj_swap_rand_mask_79926,add_hat,identity,47001,16.51818,0.72826,0.3821,0.1882,0.98431,0.14931,0.77295,0.76337
anchor_de16_out,task_obj_swap_rand_mask_79926,add_hat,identity,97001,17.33537,0.75316,0.33096,0.16588,0.90196,0.1359,0.89167,0.83226
anchor_de16_out,task_obj_swap_rand_mask_79926,add_hat,jpeg,57001,17.9976,0.77772,0.30302,0.14984,0.88235,0.12593,0.90744,0.88586
anchor_de16_out,task_obj_swap_rand_mask_79926,add_hat,jpeg,107001,14.95995,0.6574,0.38741,0.20149,0.99216,0.17865,0.87702,0.88487
anchor_de16_out,task_obj_swap_rand_mask_79926,add_scarf,blur,67001,14.93797,0.5759,0.35544,0.17233,1.0,0.1791,0.9229,0.87833
anchor_de16_out,task_obj_swap_rand_mask_79926,add_scarf,crop_resize,17001,15.12002,0.58706,0.42669,0.19782,0.97255,0.17539,0.85733,0.85844
anchor_de16_out,task_obj_swap_rand_mask_79926,add_scarf,crop_resize,77001,14.2623,0.61015,0.37536,0.1809,1.0,0.19359,0.86437,0.91633
anchor_de16_out,task_obj_swap_rand_mask_79926,add_scarf,identity,27001,16.01896,0.67896,0.29986,0.17187,1.0,0.15814,0.89971,0.8941
anchor_de16_out,task_obj_swap_rand_mask_79926,add_scarf,identity,87001,15.10598,0.67776,0.4019,0.18658,0.98431,0.17567,0.80896,0.82779
anchor_de16_out,task_obj_swap_rand_mask_79926,add_scarf,jpeg,47001,14.88711,0.65138,0.43178,0.23199,0.95686,0.18015,0.81709,0.82825
anchor_de16_out,task_obj_swap_rand_mask_79926,add_scarf,jpeg,97001,15.42253,0.66569,0.34929,0.17411,0.98824,0.16938,0.92382,0.92552
anchor_de16_out,task_obj_swap_rand_mask_79926,garment_colour,blur,57001,20.94301,0.83062,0.20389,0.13458,0.58431,0.08971,0.96088,0.90669
anchor_de16_out,task_obj_swap_rand_mask_79926,garment_colour,blur,107001,20.70335,0.83001,0.21066,0.13496,0.65098,0.09222,0.96079,0.90193
anchor_de16_out,task_obj_swap_rand_mask_79926,garment_colour,crop_resize,67001,20.29928,0.75979,0.28059,0.16242,0.79608,0.09661,0.94185,0.90784
anchor_de16_out,task_obj_swap_rand_mask_79926,garment_colour,identity,17001,20.59022,0.80192,0.23627,0.13625,0.87451,0.09343,0.94468,0.91206
anchor_de16_out,task_obj_swap_rand_mask_79926,garment_colour,identity,77001,20.75914,0.7887,0.23411,0.13379,0.88627,0.09163,0.94346,0.91332
anchor_de16_out,task_obj_swap_rand_mask_79926,garment_colour,jpeg,27001,20.68073,0.77016,0.24821,0.13448,0.86275,0.09246,0.9514,0.91098
anchor_de16_out,task_obj_swap_rand_mask_79926,garment_colour,jpeg,87001,20.6786,0.77888,0.23914,0.13046,0.74902,0.09248,0.94913,0.91901
anchor_de16_out_tone,task_env_weather_121086,add_hat,blur,47001,16.42492,0.75638,0.33456,0.19063,0.69412,0.15092,0.9514,0.93811
anchor_de16_out_tone,task_env_weather_121086,add_hat,blur,97001,16.72915,0.75699,0.33253,0.18351,0.6902,0.14573,0.94196,0.88203
anchor_de16_out_tone,task_env_weather_121086,add_hat,crop_resize,57001,16.9222,0.70241,0.36242,0.20181,0.63529,0.14252,0.9265,0.84573
anchor_de16_out_tone,task_env_weather_121086,add_hat,crop_resize,107001,16.41773,0.69608,0.3488,0.20629,0.67059,0.15105,0.93504,0.86962
anchor_de16_out_tone,task_env_weather_121086,add_hat,identity,67001,15.44332,0.66481,0.36958,0.19685,0.85098,0.16898,0.89375,0.89474
anchor_de16_out_tone,task_env_weather_121086,add_hat,jpeg,17001,16.71736,0.72119,0.329,0.19118,0.83922,0.14593,0.94109,0.9106
anchor_de16_out_tone,task_env_weather_121086,add_hat,jpeg,77001,16.42441,0.6756,0.35438,0.18407,0.81569,0.15093,0.85723,0.89658
anchor_de16_out_tone,task_env_weather_121086,add_scarf,blur,27001,14.40491,0.60457,0.44638,0.22558,0.89412,0.19044,0.83816,0.8757
anchor_de16_out_tone,task_env_weather_121086,add_scarf,blur,87001,14.70703,0.6381,0.40911,0.20071,0.81569,0.18393,0.75838,0.83598
anchor_de16_out_tone,task_env_weather_121086,add_scarf,crop_resize,47001,14.16349,0.49559,0.45511,0.22641,0.96471,0.19581,0.57476,0.73963
anchor_de16_out_tone,task_env_weather_121086,add_scarf,crop_resize,97001,13.82614,0.51926,0.47718,0.23105,0.98431,0.20356,0.73805,0.80297
anchor_de16_out_tone,task_env_weather_121086,add_scarf,identity,57001,14.55004,0.57377,0.46901,0.21911,0.96471,0.18728,0.77527,0.82068
anchor_de16_out_tone,task_env_weather_121086,add_scarf,identity,107001,13.4825,0.47057,0.47929,0.21,0.97255,0.21178,0.74546,0.72237
anchor_de16_out_tone,task_env_weather_121086,add_scarf,jpeg,67001,15.72923,0.6927,0.35064,0.202,0.9451,0.16351,0.9456,0.95452
anchor_de16_out_tone,task_env_weather_121086,garment_colour,blur,17001,16.91463,0.73562,0.27781,0.1831,0.66275,0.14265,0.94582,0.95493
anchor_de16_out_tone,task_env_weather_121086,garment_colour,blur,77001,16.60897,0.70768,0.28758,0.19267,0.68627,0.14776,0.94794,0.95116
anchor_de16_out_tone,task_env_weather_121086,garment_colour,crop_resize,27001,16.76156,0.69085,0.29808,0.20939,0.65098,0.14519,0.9276,0.95103
anchor_de16_out_tone,task_env_weather_121086,garment_colour,crop_resize,87001,17.16569,0.67675,0.31768,0.18156,0.74902,0.13858,0.9342,0.94418
anchor_de16_out_tone,task_env_weather_121086,garment_colour,identity,47001,15.52216,0.64751,0.34748,0.21998,0.89804,0.16745,0.94894,0.93894
anchor_de16_out_tone,task_env_weather_121086,garment_colour,identity,97001,16.68159,0.67838,0.31097,0.20389,0.87451,0.14653,0.9336,0.94438
anchor_de16_out_tone,task_env_weather_121086,garment_colour,jpeg,57001,16.67678,0.69753,0.30333,0.20671,0.86667,0.14661,0.92965,0.95851
anchor_de16_out_tone,task_env_weather_121086,garment_colour,jpeg,107001,16.64845,0.69031,0.30092,0.21259,0.71765,0.14709,0.92915,0.95819
anchor_de16_out_tone,task_obj_remove_410264,add_hat,blur,67001,21.07278,0.90478,0.16893,0.09187,0.8,0.08838,0.87857,0.90573
anchor_de16_out_tone,task_obj_remove_410264,add_hat,crop_resize,17001,18.29195,0.8591,0.21465,0.12522,0.81569,0.12173,0.93808,0.92128
anchor_de16_out_tone,task_obj_remove_410264,add_hat,crop_resize,77001,19.98655,0.88382,0.20475,0.11151,0.78039,0.10015,0.81924,0.83193
anchor_de16_out_tone,task_obj_remove_410264,add_hat,identity,27001,18.36809,0.84762,0.24384,0.12372,0.87843,0.12067,0.80887,0.85828
anchor_de16_out_tone,task_obj_remove_410264,add_hat,identity,87001,18.5447,0.84952,0.24514,0.13542,0.91765,0.11824,0.79287,0.8526
anchor_de16_out_tone,task_obj_remove_410264,add_hat,jpeg,47001,19.07238,0.85406,0.25384,0.11193,0.87843,0.11127,0.87171,0.91997
anchor_de16_out_tone,task_obj_remove_410264,add_hat,jpeg,97001,18.16462,0.82447,0.27256,0.13805,0.98039,0.12353,0.79673,0.80549
anchor_de16_out_tone,task_obj_remove_410264,add_scarf,blur,57001,18.11844,0.83754,0.21776,0.11458,0.89804,0.12419,0.96372,0.98291
anchor_de16_out_tone,task_obj_remove_410264,add_scarf,blur,107001,17.4036,0.81239,0.24371,0.11199,0.96078,0.13484,0.95512,0.98187
anchor_de16_out_tone,task_obj_remove_410264,add_scarf,crop_resize,67001,15.77439,0.72608,0.31258,0.15792,0.92157,0.16266,0.83125,0.90147
anchor_de16_out_tone,task_obj_remove_410264,add_scarf,identity,17001,15.83075,0.73065,0.30236,0.13366,0.97255,0.16161,0.92436,0.91855
anchor_de16_out_tone,task_obj_remove_410264,add_scarf,identity,77001,14.37493,0.68949,0.33952,0.15355,0.97255,0.1911,0.93203,0.90605
anchor_de16_out_tone,task_obj_remove_410264,add_scarf,jpeg,27001,16.37385,0.73943,0.30563,0.13872,0.90588,0.15181,0.92061,0.93463
anchor_de16_out_tone,task_obj_remove_410264,add_scarf,jpeg,87001,15.88293,0.70125,0.32279,0.14204,0.92941,0.16064,0.88739,0.93768
anchor_de16_out_tone,task_obj_remove_410264,garment_colour,blur,47001,19.04336,0.87719,0.17497,0.11358,0.55294,0.11164,0.95641,0.96245
anchor_de16_out_tone,task_obj_remove_410264,garment_colour,blur,97001,20.06728,0.88571,0.15882,0.09686,0.41961,0.09923,0.96319,0.96544
anchor_de16_out_tone,task_obj_remove_410264,garment_colour,crop_resize,57001,17.98963,0.83979,0.22463,0.14279,0.69804,0.12604,0.87919,0.91765
anchor_de16_out_tone,task_obj_remove_410264,garment_colour,crop_resize,107001,19.13543,0.86353,0.19697,0.12854,0.83137,0.11047,0.89849,0.91837
anchor_de16_out_tone,task_obj_remove_410264,garment_colour,identity,67001,18.96876,0.8615,0.20451,0.1184,0.79216,0.11261,0.94993,0.95945
anchor_de16_out_tone,task_obj_remove_410264,garment_colour,jpeg,17001,19.58111,0.84419,0.23357,0.10602,0.74118,0.10494,0.94774,0.97126
anchor_de16_out_tone,task_obj_remove_410264,garment_colour,jpeg,77001,19.4713,0.84129,0.23726,0.10533,0.69412,0.10628,0.94245,0.96381
anchor_de16_out_tone,task_obj_swap_rand_mask_79926,add_hat,blur,27001,16.49387,0.81335,0.36099,0.17944,0.76863,0.14973,0.90504,0.80465
anchor_de16_out_tone,task_obj_swap_rand_mask_79926,add_hat,blur,87001,15.75856,0.70888,0.46246,0.21141,0.7451,0.16296,0.74391,0.69271
anchor_de16_out_tone,task_obj_swap_rand_mask_79926,add_hat,crop_resize,47001,15.71129,0.75998,0.42238,0.18496,0.9098,0.16385,0.76834,0.78578
anchor_de16_out_tone,task_obj_swap_rand_mask_79926,add_hat,crop_resize,97001,14.93729,0.68066,0.47907,0.21836,0.9451,0.17912,0.7628,0.73846
anchor_de16_out_tone,task_obj_swap_rand_mask_79926,add_hat,identity,57001,14.77616,0.65236,0.51711,0.19913,0.8902,0.18247,0.80007,0.64592
anchor_de16_out_tone,task_obj_swap_rand_mask_79926,add_hat,identity,107001,15.23534,0.67559,0.462,0.16991,1.0,0.17307,0.9139,0.87241
anchor_de16_out_tone,task_obj_swap_rand_mask_79926,add_hat,jpeg,67001,15.71247,0.72572,0.41952,0.1698,0.8,0.16382,0.75958,0.72259
anchor_de16_out_tone,task_obj_swap_rand_mask_79926,add_scarf,blur,17001,15.10285,0.71095,0.37213,0.1846,0.95686,0.17573,0.86867,0.80768
anchor_de16_out_tone,task_obj_swap_rand_mask_79926,add_scarf,blur,77001,14.99932,0.6895,0.38961,0.18168,0.98039,0.17784,0.87565,0.82982
anchor_de16_out_tone,task_obj_swap_rand_mask_79926,add_scarf,crop_resize,27001,14.67435,0.63099,0.43448,0.19067,0.97647,0.18462,0.84726,0.83292
anchor_de16_out_tone,task_obj_swap_rand_mask_79926,add_scarf,crop_resize,87001,15.19197,0.6678,0.41065,0.14997,0.99216,0.17394,0.91425,0.91831
anchor_de16_out_tone,task_obj_swap_rand_mask_79926,add_scarf,identity,47001,15.18378,0.65256,0.43179,0.19097,0.98824,0.1741,0.87295,0.81274
anchor_de16_out_tone,task_obj_swap_rand_mask_79926,add_scarf,identity,97001,15.14706,0.68006,0.40144,0.17573,1.0,0.17484,0.8975,0.8449
anchor_de16_out_tone,task_obj_swap_rand_mask_79926,add_scarf,jpeg,57001,15.36042,0.66189,0.42659,0.1775,0.96863,0.1706,0.87889,0.81935
anchor_de16_out_tone,task_obj_swap_rand_mask_79926,add_scarf,jpeg,107001,14.98944,0.65116,0.38817,0.17662,1.0,0.17804,0.85195,0.80659
anchor_de16_out_tone,task_obj_swap_rand_mask_79926,garment_colour,blur,67001,16.71477,0.67733,0.27677,0.19421,0.66667,0.14597,0.94849,0.87664
anchor_de16_out_tone,task_obj_swap_rand_mask_79926,garment_colour,crop_resize,17001,15.99361,0.68511,0.3428,0.19405,0.81961,0.15861,0.93142,0.86963
anchor_de16_out_tone,task_obj_swap_rand_mask_79926,garment_colour,crop_resize,77001,16.1816,0.70351,0.35693,0.19074,0.79608,0.15521,0.93352,0.87739
anchor_de16_out_tone,task_obj_swap_rand_mask_79926,garment_colour,identity,27001,16.66288,0.68195,0.30086,0.17877,0.90196,0.14684,0.93845,0.87802
anchor_de16_out_tone,task_obj_swap_rand_mask_79926,garment_colour,identity,87001,16.83305,0.68764,0.30195,0.17527,0.87059,0.144,0.94386,0.87184
anchor_de16_out_tone,task_obj_swap_rand_mask_79926,garment_colour,jpeg,47001,17.38926,0.69009,0.30474,0.15397,0.72941,0.13506,0.93716,0.89317
anchor_de16_out_tone,task_obj_swap_rand_mask_79926,garment_colour,jpeg,97001,16.84323,0.7139,0.33179,0.16982,0.83529,0.14383,0.93733,0.89246
anchor_de16_rand_a,task_env_weather_121086,add_hat,blur,57001,25.11126,0.96297,0.22459,0.09195,0.69804,0.05552,0.97629,0.97459
anchor_de16_rand_a,task_env_weather_121086,add_hat,blur,107001,25.70711,0.96854,0.22894,0.09402,0.30588,0.05184,0.97746,0.97489
anchor_de16_rand_a,task_env_weather_121086,add_hat,crop_resize,67001,23.10979,0.89345,0.25316,0.11332,0.72941,0.06991,0.96963,0.93514
anchor_de16_rand_a,task_env_weather_121086,add_hat,identity,17001,22.0385,0.8977,0.22816,0.10661,0.85098,0.07908,0.92515,0.94141
anchor_de16_rand_a,task_env_weather_121086,add_hat,identity,77001,20.25879,0.86266,0.24038,0.12492,0.80392,0.09706,0.94207,0.91238
anchor_de16_rand_a,task_env_weather_121086,add_hat,jpeg,27001,24.4768,0.92234,0.21196,0.08646,0.52941,0.05973,0.9443,0.96127
anchor_de16_rand_a,task_env_weather_121086,add_hat,jpeg,87001,24.61746,0.92604,0.20802,0.08423,0.53725,0.05877,0.95972,0.96901
anchor_de16_rand_a,task_env_weather_121086,add_scarf,blur,47001,23.85013,0.93458,0.24027,0.13982,0.6549,0.06419,0.96416,0.96284
anchor_de16_rand_a,task_env_weather_121086,add_scarf,blur,97001,19.53489,0.82542,0.29697,0.13153,0.86275,0.1055,0.9028,0.90132
anchor_de16_rand_a,task_env_weather_121086,add_scarf,crop_resize,57001,16.77931,0.68331,0.35911,0.16855,0.92549,0.14489,0.90001,0.87488
anchor_de16_rand_a,task_env_weather_121086,add_scarf,crop_resize,107001,18.00157,0.77148,0.30613,0.13521,0.95294,0.12587,0.90464,0.9203
anchor_de16_rand_a,task_env_weather_121086,add_scarf,identity,67001,22.58516,0.91551,0.21647,0.1203,0.87451,0.07426,0.94492,0.96127
anchor_de16_rand_a,task_env_weather_121086,add_scarf,jpeg,17001,21.93218,0.87521,0.25063,0.13132,0.78824,0.08006,0.93785,0.97122
anchor_de16_rand_a,task_env_weather_121086,add_scarf,jpeg,77001,20.93081,0.85962,0.26231,0.12284,0.95294,0.08984,0.95993,0.9643
anchor_de16_rand_a,task_env_weather_121086,garment_colour,blur,27001,17.96923,0.88648,0.19085,0.15024,0.78824,0.12634,0.83387,0.80761
anchor_de16_rand_a,task_env_weather_121086,garment_colour,blur,87001,26.24471,0.9598,0.18903,0.09564,0.44314,0.04873,0.98049,0.99152
anchor_de16_rand_a,task_env_weather_121086,garment_colour,crop_resize,47001,22.04348,0.92668,0.16472,0.08735,0.69412,0.07904,0.9678,0.94155
anchor_de16_rand_a,task_env_weather_121086,garment_colour,crop_resize,97001,15.23151,0.74487,0.17243,0.15823,0.76863,0.17315,0.88874,0.86086
anchor_de16_rand_a,task_env_weather_121086,garment_colour,identity,57001,25.76843,0.95344,0.16793,0.08714,0.61569,0.05147,0.96633,0.9891
anchor_de16_rand_a,task_env_weather_121086,garment_colour,identity,107001,25.81831,0.95294,0.16388,0.08864,0.55294,0.05118,0.96691,0.99051
anchor_de16_rand_a,task_env_weather_121086,garment_colour,jpeg,67001,25.48216,0.93298,0.17885,0.07963,0.53725,0.0532,0.97515,0.98952
anchor_de16_rand_a,task_obj_remove_410264,add_hat,blur,17001,18.65511,0.83633,0.3945,0.15912,0.83922,0.11675,0.77042,0.87445
anchor_de16_rand_a,task_obj_remove_410264,add_hat,blur,77001,21.07492,0.91624,0.3296,0.13328,0.87059,0.08836,0.88118,0.93012
anchor_de16_rand_a,task_obj_remove_410264,add_hat,crop_resize,27001,17.32713,0.82806,0.38186,0.15895,0.85882,0.13603,0.83969,0.84863
anchor_de16_rand_a,task_obj_remove_410264,add_hat,crop_resize,87001,20.4762,0.87917,0.37171,0.15826,0.86667,0.09467,0.72243,0.77892
anchor_de16_rand_a,task_obj_remove_410264,add_hat,identity,47001,17.94623,0.85365,0.33854,0.13742,0.87451,0.12667,0.78444,0.83784
anchor_de16_rand_a,task_obj_remove_410264,add_hat,identity,97001,18.3886,0.83302,0.35976,0.14084,0.94118,0.12038,0.76106,0.81286
anchor_de16_rand_a,task_obj_remove_410264,add_hat,jpeg,57001,16.87915,0.81723,0.41108,0.15171,0.89804,0.14323,0.78214,0.82537
anchor_de16_rand_a,task_obj_remove_410264,add_hat,jpeg,107001,20.72019,0.89394,0.36783,0.14632,0.81569,0.09204,0.84119,0.88603
anchor_de16_rand_a,task_obj_remove_410264,add_scarf,blur,67001,16.90286,0.77035,0.36659,0.13627,0.87059,0.14284,0.93474,0.94244
anchor_de16_rand_a,task_obj_remove_410264,add_scarf,crop_resize,17001,15.25886,0.72317,0.43002,0.18165,0.95294,0.17261,0.90813,0.92504
anchor_de16_rand_a,task_obj_remove_410264,add_scarf,crop_resize,77001,13.79697,0.67363,0.50016,0.18021,0.98824,0.20424,0.76801,0.79946
anchor_de16_rand_a,task_obj_remove_410264,add_scarf,identity,27001,16.83881,0.75033,0.36842,0.15962,0.96078,0.1439,0.93267,0.9256
anchor_de16_rand_a,task_obj_remove_410264,add_scarf,identity,87001,16.98175,0.75581,0.36501,0.15396,0.96078,0.14155,0.8895,0.93692
anchor_de16_rand_a,task_obj_remove_410264,add_scarf,jpeg,47001,15.68322,0.71601,0.4295,0.17129,0.94902,0.16438,0.84363,0.90306
anchor_de16_rand_a,task_obj_remove_410264,add_scarf,jpeg,97001,15.62258,0.72068,0.43057,0.1952,0.92549,0.16553,0.81449,0.84219
anchor_de16_rand_a,task_obj_remove_410264,garment_colour,blur,57001,19.55739,0.90234,0.1873,0.09837,0.45882,0.10523,0.98508,0.98702
anchor_de16_rand_a,task_obj_remove_410264,garment_colour,blur,107001,23.00204,0.92219,0.14672,0.07735,0.35294,0.07078,0.97688,0.98208
anchor_de16_rand_a,task_obj_remove_410264,garment_colour,crop_resize,67001,20.67305,0.87786,0.18922,0.07064,0.62353,0.09254,0.95772,0.97045
anchor_de16_rand_a,task_obj_remove_410264,garment_colour,identity,17001,20.71516,0.91086,0.17422,0.07838,0.61961,0.0921,0.97697,0.9877
anchor_de16_rand_a,task_obj_remove_410264,garment_colour,identity,77001,23.15948,0.92595,0.20208,0.0813,0.61176,0.06951,0.97276,0.97548
anchor_de16_rand_a,task_obj_remove_410264,garment_colour,jpeg,27001,21.10029,0.89072,0.2139,0.07739,0.60392,0.0881,0.97446,0.98312
anchor_de16_rand_a,task_obj_remove_410264,garment_colour,jpeg,87001,21.8314,0.8964,0.23861,0.09339,0.65098,0.08099,0.97044,0.9803
anchor_de16_rand_a,task_obj_swap_rand_mask_79926,add_hat,blur,47001,24.72566,0.94909,0.32699,0.08499,0.52549,0.05804,0.97062,0.93929
anchor_de16_rand_a,task_obj_swap_rand_mask_79926,add_hat,blur,97001,23.32399,0.94687,0.2971,0.10099,0.56078,0.0682,0.9725,0.93858
anchor_de16_rand_a,task_obj_swap_rand_mask_79926,add_hat,crop_resize,57001,18.68274,0.79916,0.44486,0.18821,0.94902,0.11638,0.79294,0.79279
anchor_de16_rand_a,task_obj_swap_rand_mask_79926,add_hat,crop_resize,107001,21.39958,0.88363,0.35889,0.11695,0.83137,0.08512,0.82322,0.82612
anchor_de16_rand_a,task_obj_swap_rand_mask_79926,add_hat,identity,67001,23.45625,0.92872,0.3093,0.10632,0.62745,0.06717,0.97383,0.92493
anchor_de16_rand_a,task_obj_swap_rand_mask_79926,add_hat,jpeg,17001,22.1323,0.91756,0.32343,0.09858,0.79216,0.07823,0.96538,0.95552
anchor_de16_rand_a,task_obj_swap_rand_mask_79926,add_hat,jpeg,77001,23.65955,0.92968,0.30756,0.10182,0.7451,0.06562,0.96972,0.9624
anchor_de16_rand_a,task_obj_swap_rand_mask_79926,add_scarf,blur,27001,19.2221,0.87932,0.28255,0.12088,0.96863,0.10937,0.9721,0.92006
anchor_de16_rand_a,task_obj_swap_rand_mask_79926,add_scarf,blur,87001,21.70458,0.91433,0.24853,0.08498,0.9451,0.08218,0.98063,0.97518
anchor_de16_rand_a,task_obj_swap_rand_mask_79926,add_scarf,crop_resize,47001,20.95987,0.90588,0.26018,0.09408,0.92157,0.08954,0.98328,0.93546
anchor_de16_rand_a,task_obj_swap_rand_mask_79926,add_scarf,crop_resize,97001,17.8676,0.79915,0.32652,0.13729,0.98824,0.12783,0.96387,0.88347
anchor_de16_rand_a,task_obj_swap_rand_mask_79926,add_scarf,identity,57001,18.9556,0.82939,0.3365,0.11231,0.95294,0.11278,0.93947,0.92761
anchor_de16_rand_a,task_obj_swap_rand_mask_79926,add_scarf,identity,107001,17.95185,0.78517,0.35432,0.14019,1.0,0.12659,0.90908,0.87089
anchor_de16_rand_a,task_obj_swap_rand_mask_79926,add_scarf,jpeg,67001,19.11435,0.83031,0.3419,0.12664,0.92549,0.11073,0.95899,0.92154
anchor_de16_rand_a,task_obj_swap_rand_mask_79926,garment_colour,blur,17001,21.87636,0.90374,0.14614,0.1434,0.48627,0.08057,0.97591,0.94315
anchor_de16_rand_a,task_obj_swap_rand_mask_79926,garment_colour,blur,77001,21.67313,0.90049,0.13645,0.14254,0.52941,0.08248,0.97482,0.94626
anchor_de16_rand_a,task_obj_swap_rand_mask_79926,garment_colour,crop_resize,27001,21.60819,0.89451,0.17863,0.15296,0.82353,0.0831,0.96201,0.95099
anchor_de16_rand_a,task_obj_swap_rand_mask_79926,garment_colour,crop_resize,87001,21.70778,0.90552,0.17895,0.16293,0.83137,0.08215,0.95904,0.94916
anchor_de16_rand_a,task_obj_swap_rand_mask_79926,garment_colour,identity,47001,22.14162,0.90322,0.149,0.13224,0.81569,0.07815,0.97606,0.9479
anchor_de16_rand_a,task_obj_swap_rand_mask_79926,garment_colour,identity,97001,22.12551,0.91805,0.15681,0.1329,0.75686,0.07829,0.97473,0.95356
anchor_de16_rand_a,task_obj_swap_rand_mask_79926,garment_colour,jpeg,57001,22.04305,0.88368,0.16801,0.12527,0.70588,0.07904,0.9761,0.95453
anchor_de16_rand_a,task_obj_swap_rand_mask_79926,garment_colour,jpeg,107001,22.68363,0.88462,0.16393,0.12197,0.71373,0.07342,0.97754,0.95954
anchor_de16_rand_b,task_env_weather_121086,add_hat,blur,67001,17.47603,0.8556,0.26656,0.13176,0.92157,0.13372,0.92954,0.96468
anchor_de16_rand_b,task_env_weather_121086,add_hat,crop_resize,17001,15.00007,0.72558,0.3255,0.17228,0.89804,0.17783,0.87186,0.82985
anchor_de16_rand_b,task_env_weather_121086,add_hat,crop_resize,77001,17.49106,0.78371,0.27529,0.15358,0.82353,0.13349,0.84335,0.90508
anchor_de16_rand_b,task_env_weather_121086,add_hat,identity,27001,17.25762,0.79517,0.2749,0.14316,0.73333,0.13713,0.88671,0.9277
anchor_de16_rand_b,task_env_weather_121086,add_hat,identity,87001,17.25818,0.82206,0.26436,0.14082,0.70196,0.13712,0.93875,0.94598
anchor_de16_rand_b,task_env_weather_121086,add_hat,jpeg,47001,15.50597,0.79204,0.27806,0.15644,0.96078,0.16777,0.93408,0.95177
anchor_de16_rand_b,task_env_weather_121086,add_hat,jpeg,97001,17.09921,0.79094,0.27676,0.16244,0.79608,0.13965,0.93352,0.94454
anchor_de16_rand_b,task_env_weather_121086,add_scarf,blur,57001,14.27036,0.59673,0.45221,0.21921,0.96863,0.19341,0.72214,0.81296
anchor_de16_rand_b,task_env_weather_121086,add_scarf,blur,107001,13.86697,0.573,0.49254,0.20921,0.97255,0.20261,0.65042,0.75316
anchor_de16_rand_b,task_env_weather_121086,add_scarf,crop_resize,67001,13.87486,0.5273,0.45926,0.22084,0.98824,0.20242,0.6343,0.68384
anchor_de16_rand_b,task_env_weather_121086,add_scarf,identity,17001,15.93475,0.77038,0.29062,0.15488,1.0,0.15968,0.89443,0.92344
anchor_de16_rand_b,task_env_weather_121086,add_scarf,identity,77001,15.27728,0.69529,0.35611,0.17312,0.93725,0.17224,0.79115,0.88149
anchor_de16_rand_b,task_env_weather_121086,add_scarf,jpeg,27001,15.85244,0.74649,0.30926,0.16312,0.99608,0.1612,0.9268,0.93702
anchor_de16_rand_b,task_env_weather_121086,add_scarf,jpeg,87001,14.5085,0.64446,0.40952,0.19747,0.92157,0.18818,0.83317,0.83878
anchor_de16_rand_b,task_env_weather_121086,garment_colour,blur,47001,17.68954,0.84361,0.20229,0.12818,0.47059,0.13047,0.95725,0.97444
anchor_de16_rand_b,task_env_weather_121086,garment_colour,blur,97001,17.7327,0.83753,0.202,0.12652,0.58039,0.12983,0.96811,0.97435
anchor_de16_rand_b,task_env_weather_121086,garment_colour,crop_resize,57001,17.97963,0.83266,0.1996,0.12486,0.81569,0.12619,0.95804,0.98072
anchor_de16_rand_b,task_env_weather_121086,garment_colour,crop_resize,107001,17.24973,0.81767,0.20388,0.13803,0.90588,0.13725,0.9428,0.98174
anchor_de16_rand_b,task_env_weather_121086,garment_colour,identity,67001,17.65463,0.81713,0.207,0.12836,0.70588,0.131,0.94891,0.96903
anchor_de16_rand_b,task_env_weather_121086,garment_colour,jpeg,17001,18.11884,0.82745,0.20633,0.12561,0.63529,0.12418,0.96001,0.97416
anchor_de16_rand_b,task_env_weather_121086,garment_colour,jpeg,77001,17.64223,0.82005,0.21001,0.1406,0.74118,0.13119,0.95936,0.97348
anchor_de16_rand_b,task_obj_remove_410264,add_hat,blur,27001,16.99037,0.842,0.31184,0.15657,0.82353,0.14141,0.77836,0.85872
anchor_de16_rand_b,task_obj_remove_410264,add_hat,blur,87001,19.33878,0.88666,0.27808,0.1307,0.84706,0.10791,0.87762,0.91953
anchor_de16_rand_b,task_obj_remove_410264,add_hat,crop_resize,47001,16.90403,0.82938,0.32991,0.16238,0.73725,0.14282,0.73632,0.82654
anchor_de16_rand_b,task_obj_remove_410264,add_hat,crop_resize,97001,17.07959,0.84365,0.31369,0.16807,0.78039,0.13997,0.78358,0.84442
anchor_de16_rand_b,task_obj_remove_410264,add_hat,identity,57001,18.40429,0.85979,0.29203,0.1589,0.8,0.12017,0.89919,0.89673
anchor_de16_rand_b,task_obj_remove_410264,add_hat,identity,107001,18.01348,0.87923,0.26621,0.14021,0.66667,0.1257,0.8977,0.92393
anchor_de16_rand_b,task_obj_remove_410264,add_hat,jpeg,67001,19.06772,0.88549,0.2612,0.12372,0.77647,0.11133,0.8844,0.95732
anchor_de16_rand_b,task_obj_remove_410264,add_scarf,blur,17001,16.17149,0.79554,0.32494,0.13074,0.95294,0.15539,0.93619,0.93512
anchor_de16_rand_b,task_obj_remove_410264,add_scarf,blur,77001,16.95362,0.82765,0.31598,0.16595,0.83529,0.14201,0.91532,0.9265
anchor_de16_rand_b,task_obj_remove_410264,add_scarf,crop_resize,27001,14.83981,0.74058,0.34948,0.16847,0.96471,0.18114,0.87277,0.83847
anchor_de16_rand_b,task_obj_remove_410264,add_scarf,crop_resize,87001,14.98496,0.73417,0.35095,0.14295,0.96471,0.17814,0.85857,0.89579
anchor_de16_rand_b,task_obj_remove_410264,add_scarf,identity,47001,16.15479,0.77947,0.33726,0.1821,0.99216,0.15569,0.93692,0.93711
anchor_de16_rand_b,task_obj_remove_410264,add_scarf,identity,97001,14.24874,0.66696,0.42211,0.19896,0.94118,0.19389,0.78271,0.83901
anchor_de16_rand_b,task_obj_remove_410264,add_scarf,jpeg,57001,17.70048,0.81202,0.29084,0.1328,0.91765,0.13031,0.96744,0.9693
anchor_de16_rand_b,task_obj_remove_410264,add_scarf,jpeg,107001,16.77018,0.79526,0.32359,0.16233,0.94118,0.14504,0.90865,0.94399
anchor_de16_rand_b,task_obj_remove_410264,garment_colour,blur,67001,17.6801,0.85778,0.22122,0.12466,0.56078,0.13062,0.96847,0.97474
anchor_de16_rand_b,task_obj_remove_410264,garment_colour,crop_resize,17001,19.8775,0.88689,0.21591,0.10998,0.62745,0.10142,0.94762,0.95799
anchor_de16_rand_b,task_obj_remove_410264,garment_colour,crop_resize,77001,17.29693,0.84776,0.23356,0.12507,0.73333,0.13651,0.91429,0.95695
anchor_de16_rand_b,task_obj_remove_410264,garment_colour,identity,27001,16.6607,0.80706,0.26144,0.15096,0.88235,0.14688,0.95315,0.94061
anchor_de16_rand_b,task_obj_remove_410264,garment_colour,identity,87001,15.3161,0.78693,0.26996,0.15698,0.76471,0.17147,0.93155,0.93829
anchor_de16_rand_b,task_obj_remove_410264,garment_colour,jpeg,47001,16.25924,0.79732,0.28204,0.147,0.84706,0.15383,0.93057,0.94504
anchor_de16_rand_b,task_obj_remove_410264,garment_colour,jpeg,97001,19.11598,0.86759,0.24151,0.11235,0.70588,0.11071,0.96332,0.96059
anchor_de16_rand_b,task_obj_swap_rand_mask_79926,add_hat,blur,57001,16.614,0.79414,0.36655,0.16385,0.68627,0.14767,0.7529,0.76758
anchor_de16_rand_b,task_obj_swap_rand_mask_79926,add_hat,blur,107001,15.48085,0.7607,0.41837,0.19359,0.74902,0.16825,0.78118,0.82604
anchor_de16_rand_b,task_obj_swap_rand_mask_79926,add_hat,crop_resize,67001,16.12306,0.76433,0.35311,0.17259,1.0,0.15626,0.80612,0.71499
anchor_de16_rand_b,task_obj_swap_rand_mask_79926,add_hat,identity,17001,15.56132,0.80508,0.30232,0.14808,0.88235,0.1667,0.91717,0.8273
anchor_de16_rand_b,task_obj_swap_rand_mask_79926,add_hat,identity,77001,16.7418,0.8239,0.28688,0.13703,0.8902,0.14552,0.91607,0.85269
anchor_de16_rand_b,task_obj_swap_rand_mask_79926,add_hat,jpeg,27001,16.83232,0.79831,0.30925,0.13797,0.84706,0.14401,0.92362,0.88871
anchor_de16_rand_b,task_obj_swap_rand_mask_79926,add_hat,jpeg,87001,16.00944,0.73428,0.37468,0.17244,0.88235,0.15832,0.79783,0.73752
anchor_de16_rand_b,task_obj_swap_rand_mask_79926,add_scarf,blur,47001,16.2648,0.72478,0.3631,0.16283,0.96863,0.15373,0.84236,0.91438
anchor_de16_rand_b,task_obj_swap_rand_mask_79926,add_scarf,blur,97001,14.96041,0.71258,0.37074,0.17663,0.98431,0.17864,0.86675,0.88871
anchor_de16_rand_b,task_obj_swap_rand_mask_79926,add_scarf,crop_resize,57001,15.06156,0.67251,0.43875,0.20456,0.98824,0.17657,0.88762,0.89651
anchor_de16_rand_b,task_obj_swap_rand_mask_79926,add_scarf,crop_resize,107001,14.94929,0.67538,0.37248,0.18583,0.99608,0.17887,0.93961,0.84867
anchor_de16_rand_b,task_obj_swap_rand_mask_79926,add_scarf,identity,67001,13.96363,0.62284,0.42618,0.21112,1.0,0.20036,0.79396,0.78084
anchor_de16_rand_b,task_obj_swap_rand_mask_79926,add_scarf,jpeg,17001,15.18127,0.67813,0.36784,0.18359,0.97255,0.17416,0.86214,0.85478
anchor_de16_rand_b,task_obj_swap_rand_mask_79926,add_scarf,jpeg,77001,15.75971,0.71012,0.35126,0.15779,0.99608,0.16294,0.82937,0.84667
anchor_de16_rand_b,task_obj_swap_rand_mask_79926,garment_colour,blur,27001,20.59241,0.88959,0.13478,0.10106,0.54118,0.09341,0.98117,0.95597
anchor_de16_rand_b,task_obj_swap_rand_mask_79926,garment_colour,blur,87001,20.25634,0.89871,0.14502,0.10992,0.61961,0.09709,0.98016,0.96404
anchor_de16_rand_b,task_obj_swap_rand_mask_79926,garment_colour,crop_resize,47001,19.4567,0.83308,0.15463,0.09792,0.67059,0.10645,0.97432,0.9514
anchor_de16_rand_b,task_obj_swap_rand_mask_79926,garment_colour,crop_resize,97001,17.98001,0.8246,0.2081,0.12406,0.63137,0.12618,0.973,0.94801
anchor_de16_rand_b,task_obj_swap_rand_mask_79926,garment_colour,identity,57001,19.92246,0.85001,0.15077,0.10904,0.75686,0.1009,0.97094,0.96123
anchor_de16_rand_b,task_obj_swap_rand_mask_79926,garment_colour,identity,107001,19.07598,0.85232,0.15481,0.11405,0.81961,0.11122,0.96613,0.95708
anchor_de16_rand_b,task_obj_swap_rand_mask_79926,garment_colour,jpeg,67001,19.19131,0.80664,0.20114,0.10709,0.75686,0.10976,0.95875,0.95032
anchor_de16_rand_c,task_env_weather_121086,add_hat,blur,17001,23.07303,0.92755,0.27513,0.11828,0.63137,0.0702,0.97012,0.97167
anchor_de16_rand_c,task_env_weather_121086,add_hat,blur,77001,21.09103,0.86655,0.30902,0.14202,0.71373,0.0882,0.91394,0.92678
anchor_de16_rand_c,task_env_weather_121086,add_hat,crop_resize,27001,21.64319,0.87411,0.28561,0.13051,0.65882,0.08276,0.94512,0.96273
anchor_de16_rand_c,task_env_weather_121086,add_hat,crop_resize,87001,17.77827,0.76687,0.33611,0.15987,0.76078,0.12915,0.90078,0.91899
anchor_de16_rand_c,task_env_weather_121086,add_hat,identity,47001,18.54471,0.84562,0.27062,0.1428,0.75686,0.11824,0.93208,0.94894
anchor_de16_rand_c,task_env_weather_121086,add_hat,identity,97001,19.61148,0.8137,0.30275,0.13949,0.88627,0.10457,0.86846,0.83294
anchor_de16_rand_c,task_env_weather_121086,add_hat,jpeg,57001,21.67532,0.85228,0.27498,0.12017,0.70588,0.08246,0.94788,0.95558
anchor_de16_rand_c,task_env_weather_121086,add_hat,jpeg,107001,21.27629,0.83254,0.28718,0.12063,0.84314,0.08633,0.94945,0.9441
anchor_de16_rand_c,task_env_weather_121086,add_scarf,blur,67001,21.69895,0.90883,0.28973,0.13933,0.66275,0.08223,0.97121,0.97378
anchor_de16_rand_c,task_env_weather_121086,add_scarf,crop_resize,17001,21.61686,0.87016,0.28384,0.13466,0.8549,0.08302,0.93085,0.97561
anchor_de16_rand_c,task_env_weather_121086,add_scarf,crop_resize,77001,19.69101,0.80548,0.33759,0.1591,0.93333,0.10362,0.93062,0.93947
anchor_de16_rand_c,task_env_weather_121086,add_scarf,identity,27001,20.63289,0.83681,0.27988,0.12967,0.83922,0.09297,0.95286,0.97307
anchor_de16_rand_c,task_env_weather_121086,add_scarf,identity,87001,17.89065,0.74964,0.35168,0.16566,0.91765,0.12749,0.72068,0.79923
anchor_de16_rand_c,task_env_weather_121086,add_scarf,jpeg,47001,20.56069,0.84337,0.2788,0.12002,0.80784,0.09375,0.96515,0.97469
anchor_de16_rand_c,task_env_weather_121086,add_scarf,jpeg,97001,19.99755,0.79652,0.29737,0.10823,0.88235,0.10003,0.96348,0.96273
anchor_de16_rand_c,task_env_weather_121086,garment_colour,blur,57001,23.872,0.92035,0.20193,0.0897,0.32549,0.06403,0.97722,0.98653
anchor_de16_rand_c,task_env_weather_121086,garment_colour,blur,107001,23.00863,0.90051,0.18886,0.09366,0.46275,0.07072,0.98407,0.98373
anchor_de16_rand_c,task_env_weather_121086,garment_colour,crop_resize,67001,14.28911,0.69557,0.32082,0.19554,0.75686,0.19299,0.91967,0.93833
anchor_de16_rand_c,task_env_weather_121086,garment_colour,identity,17001,23.50774,0.89309,0.18634,0.08962,0.68235,0.06677,0.96476,0.99033
anchor_de16_rand_c,task_env_weather_121086,garment_colour,identity,77001,15.62107,0.73715,0.31726,0.17898,0.81961,0.16556,0.86983,0.89398
anchor_de16_rand_c,task_env_weather_121086,garment_colour,jpeg,27001,16.90051,0.76254,0.23063,0.17331,0.78824,0.14288,0.85743,0.85953
anchor_de16_rand_c,task_env_weather_121086,garment_colour,jpeg,87001,22.79599,0.86517,0.2098,0.09159,0.78431,0.07248,0.98538,0.9899
anchor_de16_rand_c,task_obj_remove_410264,add_hat,blur,47001,17.17195,0.83617,0.33656,0.1436,0.88235,0.13848,0.79088,0.85173
anchor_de16_rand_c,task_obj_remove_410264,add_hat,blur,97001,18.49253,0.86493,0.31058,0.14588,0.78431,0.11895,0.92534,0.93069
anchor_de16_rand_c,task_obj_remove_410264,add_hat,crop_resize,57001,18.07102,0.85737,0.35204,0.17973,0.88627,0.12487,0.84338,0.89344
anchor_de16_rand_c,task_obj_remove_410264,add_hat,crop_resize,107001,17.82216,0.83816,0.34637,0.17596,0.87843,0.1285,0.75438,0.82577
anchor_de16_rand_c,task_obj_remove_410264,add_hat,identity,67001,16.96226,0.83017,0.31875,0.14825,0.88235,0.14187,0.71882,0.8063
anchor_de16_rand_c,task_obj_remove_410264,add_hat,jpeg,17001,14.56814,0.73409,0.44616,0.19443,0.89412,0.18689,0.66788,0.78291
anchor_de16_rand_c,task_obj_remove_410264,add_hat,jpeg,77001,17.24935,0.81163,0.37487,0.15315,0.90588,0.13726,0.76074,0.78956
anchor_de16_rand_c,task_obj_remove_410264,add_scarf,blur,27001,17.32806,0.79202,0.32972,0.13114,0.93333,0.13602,0.90588,0.92131
anchor_de16_rand_c,task_obj_remove_410264,add_scarf,blur,87001,15.52129,0.72935,0.35834,0.14866,0.89804,0.16747,0.88622,0.92957
anchor_de16_rand_c,task_obj_remove_410264,add_scarf,crop_resize,47001,14.72729,0.67201,0.40512,0.16574,0.91373,0.1835,0.91903,0.93923
anchor_de16_rand_c,task_obj_remove_410264,add_scarf,crop_resize,97001,13.95622,0.66257,0.40932,0.17964,0.99216,0.20053,0.8747,0.90531
anchor_de16_rand_c,task_obj_remove_410264,add_scarf,identity,57001,15.0035,0.72938,0.39089,0.17348,0.92157,0.17776,0.85513,0.90726
anchor_de16_rand_c,task_obj_remove_410264,add_scarf,identity,107001,16.39732,0.77866,0.35273,0.15798,0.96078,0.1514,0.92867,0.92559
anchor_de16_rand_c,task_obj_remove_410264,add_scarf,jpeg,67001,15.82303,0.71191,0.38817,0.15528,0.91373,0.16175,0.82932,0.88216
anchor_de16_rand_c,task_obj_remove_410264,garment_colour,blur,17001,20.21628,0.87452,0.17125,0.09455,0.46667,0.09754,0.97153,0.97905
anchor_de16_rand_c,task_obj_remove_410264,garment_colour,blur,77001,19.46233,0.88383,0.19074,0.09557,0.51373,0.10639,0.96645,0.97724
anchor_de16_rand_c,task_obj_remove_410264,garment_colour,crop_resize,27001,10.49907,0.68565,0.39928,0.19184,0.71373,0.29857,0.83085,0.89261
anchor_de16_rand_c,task_obj_remove_410264,garment_colour,crop_resize,87001,11.8706,0.71757,0.37234,0.17372,0.72549,0.25496,0.85826,0.89973
anchor_de16_rand_c,task_obj_remove_410264,garment_colour,identity,47001,17.38988,0.83738,0.2274,0.10552,0.77255,0.13505,0.97069,0.95993
anchor_de16_rand_c,task_obj_remove_410264,garment_colour,identity,97001,18.92353,0.84931,0.15771,0.08461,0.61176,0.11319,0.97652,0.98114
anchor_de16_rand_c,task_obj_remove_410264,garment_colour,jpeg,57001,19.27209,0.8533,0.27323,0.10841,0.76471,0.10874,0.96871,0.96909
anchor_de16_rand_c,task_obj_remove_410264,garment_colour,jpeg,107001,18.27485,0.83083,0.27977,0.11047,0.86275,0.12197,0.9592,0.96768
anchor_de16_rand_c,task_obj_swap_rand_mask_79926,add_hat,blur,67001,20.10524,0.88228,0.39077,0.13328,0.66275,0.0988,0.78463,0.76605
anchor_de16_rand_c,task_obj_swap_rand_mask_79926,add_hat,crop_resize,17001,17.76917,0.78975,0.41983,0.16286,0.93725,0.12928,0.73502,0.75034
anchor_de16_rand_c,task_obj_swap_rand_mask_79926,add_hat,crop_resize,77001,18.71644,0.81864,0.38966,0.14154,0.7451,0.11593,0.79523,0.7804
anchor_de16_rand_c,task_obj_swap_rand_mask_79926,add_hat,identity,27001,21.11282,0.88486,0.35291,0.11002,0.8549,0.08797,0.94595,0.91262
anchor_de16_rand_c,task_obj_swap_rand_mask_79926,add_hat,identity,87001,18.30172,0.79651,0.43499,0.1454,0.9098,0.12159,0.7907,0.76999
anchor_de16_rand_c,task_obj_swap_rand_mask_79926,add_hat,jpeg,47001,19.22115,0.82883,0.42795,0.12319,0.82745,0.10938,0.83771,0.80781
anchor_de16_rand_c,task_obj_swap_rand_mask_79926,add_hat,jpeg,97001,20.85225,0.8782,0.37799,0.09697,0.83529,0.09065,0.92326,0.85138
anchor_de16_rand_c,task_obj_swap_rand_mask_79926,add_scarf,blur,57001,21.69883,0.8989,0.31935,0.09482,0.91765,0.08224,0.9756,0.9519
anchor_de16_rand_c,task_obj_swap_rand_mask_79926,add_scarf,blur,107001,18.91098,0.82673,0.35961,0.10447,0.99608,0.11336,0.93,0.936
anchor_de16_rand_c,task_obj_swap_rand_mask_79926,add_scarf,crop_resize,67001,20.47073,0.85531,0.30372,0.11242,0.80392,0.09472,0.94989,0.92088
anchor_de16_rand_c,task_obj_swap_rand_mask_79926,add_scarf,identity,17001,20.54477,0.87501,0.30778,0.09319,0.89412,0.09392,0.96807,0.94842
anchor_de16_rand_c,task_obj_swap_rand_mask_79926,add_scarf,identity,77001,20.8667,0.88465,0.31038,0.10157,0.98039,0.0905,0.97204,0.95787
anchor_de16_rand_c,task_obj_swap_rand_mask_79926,add_scarf,jpeg,27001,19.10426,0.83057,0.36816,0.10191,1.0,0.11086,0.94902,0.95172
anchor_de16_rand_c,task_obj_swap_rand_mask_79926,add_scarf,jpeg,87001,22.03739,0.88786,0.3189,0.09143,0.9451,0.07909,0.97192,0.95319
anchor_de16_rand_c,task_obj_swap_rand_mask_79926,garment_colour,blur,47001,21.75348,0.8902,0.12343,0.12539,0.52549,0.08172,0.97548,0.96423
anchor_de16_rand_c,task_obj_swap_rand_mask_79926,garment_colour,blur,97001,22.18359,0.81736,0.12489,0.11807,0.45882,0.07777,0.97662,0.96699
anchor_de16_rand_c,task_obj_swap_rand_mask_79926,garment_colour,crop_resize,57001,22.03896,0.86584,0.13773,0.11753,0.64314,0.07908,0.971,0.94859
anchor_de16_rand_c,task_obj_swap_rand_mask_79926,garment_colour,crop_resize,107001,21.92975,0.83997,0.15459,0.12837,0.59216,0.08008,0.96531,0.9434
anchor_de16_rand_c,task_obj_swap_rand_mask_79926,garment_colour,identity,67001,21.37248,0.83995,0.14948,0.11566,0.80392,0.08538,0.974,0.95861
anchor_de16_rand_c,task_obj_swap_rand_mask_79926,garment_colour,jpeg,17001,21.66698,0.80191,0.15901,0.10569,0.76863,0.08254,0.9735,0.95669
anchor_de16_rand_c,task_obj_swap_rand_mask_79926,garment_colour,jpeg,77001,21.82766,0.81771,0.15264,0.10478,0.77255,0.08102,0.9748,0.95886
anchor_de16_tone,task_env_weather_121086,add_hat,blur,27001,16.40859,0.75284,0.33626,0.20232,0.6549,0.15121,0.89198,0.90799
anchor_de16_tone,task_env_weather_121086,add_hat,blur,87001,16.54748,0.76215,0.31026,0.17934,0.76078,0.14881,0.96598,0.9341
anchor_de16_tone,task_env_weather_121086,add_hat,crop_resize,47001,16.41572,0.6861,0.3423,0.20652,0.77255,0.15108,0.87217,0.82512
anchor_de16_tone,task_env_weather_121086,add_hat,crop_resize,97001,16.03615,0.67195,0.3423,0.19102,0.71373,0.15783,0.92464,0.86557
anchor_de16_tone,task_env_weather_121086,add_hat,identity,57001,16.04797,0.67465,0.36552,0.19241,0.88627,0.15762,0.91181,0.89264
anchor_de16_tone,task_env_weather_121086,add_hat,identity,107001,15.96864,0.67615,0.35338,0.20436,0.83137,0.15906,0.91201,0.83542
anchor_de16_tone,task_env_weather_121086,add_hat,jpeg,67001,16.13068,0.70659,0.32702,0.19017,0.74118,0.15612,0.90575,0.93393
anchor_de16_tone,task_env_weather_121086,add_scarf,blur,17001,15.65466,0.73292,0.32039,0.21221,0.83529,0.16492,0.94368,0.948
anchor_de16_tone,task_env_weather_121086,add_scarf,blur,77001,14.8321,0.66846,0.37714,0.20588,0.71765,0.1813,0.84485,0.84959
anchor_de16_tone,task_env_weather_121086,add_scarf,crop_resize,27001,14.21569,0.47012,0.47449,0.21013,0.91765,0.19463,0.83662,0.908
anchor_de16_tone,task_env_weather_121086,add_scarf,crop_resize,87001,14.95925,0.57092,0.37768,0.16876,0.90196,0.17866,0.93497,0.93836
anchor_de16_tone,task_env_weather_121086,add_scarf,identity,47001,14.70522,0.6499,0.36972,0.19948,0.86667,0.18397,0.93043,0.94188
anchor_de16_tone,task_env_weather_121086,add_scarf,identity,97001,15.48258,0.64561,0.35897,0.19837,0.83922,0.16822,0.93016,0.94211
anchor_de16_tone,task_env_weather_121086,add_scarf,jpeg,57001,14.57688,0.61188,0.41679,0.21385,0.92157,0.1867,0.77862,0.84602
anchor_de16_tone,task_env_weather_121086,add_scarf,jpeg,107001,13.59574,0.53162,0.43707,0.2111,0.96863,0.20903,0.81802,0.81598
anchor_de16_tone,task_env_weather_121086,garment_colour,blur,67001,16.53003,0.73247,0.27345,0.19296,0.58431,0.14911,0.94647,0.95764
anchor_de16_tone,task_env_weather_121086,garment_colour,crop_resize,17001,16.49384,0.6973,0.2783,0.20169,0.66667,0.14973,0.92687,0.95432
anchor_de16_tone,task_env_weather_121086,garment_colour,crop_resize,77001,16.22572,0.68398,0.28441,0.20581,0.6902,0.15442,0.91146,0.95154
anchor_de16_tone,task_env_weather_121086,garment_colour,identity,27001,16.5351,0.68204,0.29761,0.20388,0.81961,0.14902,0.93073,0.94591
anchor_de16_tone,task_env_weather_121086,garment_colour,identity,87001,16.43387,0.6791,0.30151,0.20561,0.87451,0.15077,0.92793,0.94802
anchor_de16_tone,task_env_weather_121086,garment_colour,jpeg,47001,15.17783,0.65671,0.32708,0.22547,0.79216,0.17422,0.91872,0.93577
anchor_de16_tone,task_env_weather_121086,garment_colour,jpeg,97001,16.41399,0.69299,0.29231,0.20894,0.82745,0.15111,0.90841,0.95775
anchor_de16_tone,task_obj_remove_410264,add_hat,blur,57001,20.83474,0.89905,0.17697,0.10721,0.8549,0.09084,0.83526,0.89505
anchor_de16_tone,task_obj_remove_410264,add_hat,blur,107001,20.05092,0.88282,0.18949,0.11546,0.71765,0.09942,0.71613,0.89568
anchor_de16_tone,task_obj_remove_410264,add_hat,crop_resize,67001,20.47771,0.89332,0.20444,0.12385,0.64314,0.09465,0.79635,0.85352
anchor_de16_tone,task_obj_remove_410264,add_hat,identity,17001,16.04311,0.79555,0.29152,0.19171,0.83529,0.1577,0.73578,0.79371
anchor_de16_tone,task_obj_remove_410264,add_hat,identity,77001,17.76611,0.85245,0.21223,0.13583,0.96471,0.12933,0.77732,0.87754
anchor_de16_tone,task_obj_remove_410264,add_hat,jpeg,27001,18.40276,0.82288,0.28698,0.12968,0.9098,0.12019,0.77453,0.80734
anchor_de16_tone,task_obj_remove_410264,add_hat,jpeg,87001,19.11555,0.8311,0.28917,0.14517,0.89804,0.11072,0.73619,0.82705
anchor_de16_tone,task_obj_remove_410264,add_scarf,blur,47001,18.14148,0.81803,0.21121,0.11235,0.97647,0.12386,0.91442,0.9567
anchor_de16_tone,task_obj_remove_410264,add_scarf,blur,97001,18.16171,0.82873,0.24364,0.12394,0.87451,0.12357,0.96194,0.97814
anchor_de16_tone,task_obj_remove_410264,add_scarf,crop_resize,57001,15.73088,0.69848,0.31207,0.15632,0.9451,0.16348,0.8921,0.94908
anchor_de16_tone,task_obj_remove_410264,add_scarf,crop_resize,107001,18.751,0.83494,0.20711,0.11042,0.81569,0.11546,0.94282,0.9604
anchor_de16_tone,task_obj_remove_410264,add_scarf,identity,67001,17.61094,0.7939,0.23234,0.11352,0.92157,0.13166,0.95253,0.97513
anchor_de16_tone,task_obj_remove_410264,add_scarf,jpeg,17001,16.07548,0.73286,0.31893,0.13827,0.92941,0.15712,0.95012,0.9334
anchor_de16_tone,task_obj_remove_410264,add_scarf,jpeg,77001,15.30222,0.70953,0.33881,0.14414,0.98039,0.17175,0.8254,0.90214
anchor_de16_tone,task_obj_remove_410264,garment_colour,blur,27001,20.23814,0.89335,0.14654,0.0923,0.43137,0.0973,0.96194,0.96905
anchor_de16_tone,task_obj_remove_410264,garment_colour,blur,87001,20.40381,0.89509,0.14517,0.0994,0.41961,0.09546,0.96374,0.97169
anchor_de16_tone,task_obj_remove_410264,garment_colour,crop_resize,47001,17.70333,0.8327,0.23001,0.15737,0.72157,0.13027,0.83771,0.90991
anchor_de16_tone,task_obj_remove_410264,garment_colour,crop_resize,97001,17.14726,0.82573,0.24041,0.16649,0.79608,0.13888,0.84372,0.90769
anchor_de16_tone,task_obj_remove_410264,garment_colour,identity,57001,19.53421,0.8708,0.18398,0.11301,0.71373,0.10551,0.95637,0.96805
anchor_de16_tone,task_obj_remove_410264,garment_colour,identity,107001,18.44349,0.85298,0.20429,0.13288,0.75686,0.11963,0.95505,0.94809
anchor_de16_tone,task_obj_remove_410264,garment_colour,jpeg,67001,19.91829,0.85464,0.21837,0.09925,0.65882,0.10095,0.94159,0.95936
anchor_de16_tone,task_obj_swap_rand_mask_79926,add_hat,blur,17001,15.66998,0.79948,0.36102,0.19377,0.74902,0.16463,0.88899,0.76222
anchor_de16_tone,task_obj_swap_rand_mask_79926,add_hat,blur,77001,16.24482,0.80713,0.3426,0.17814,0.69412,0.15408,0.89731,0.76313
anchor_de16_tone,task_obj_swap_rand_mask_79926,add_hat,crop_resize,27001,15.35178,0.73009,0.45068,0.21251,0.89804,0.17077,0.77333,0.73512
anchor_de16_tone,task_obj_swap_rand_mask_79926,add_hat,crop_resize,87001,16.2357,0.75943,0.40532,0.18344,0.67451,0.15425,0.89638,0.71919
anchor_de16_tone,task_obj_swap_rand_mask_79926,add_hat,identity,47001,15.5469,0.70011,0.43232,0.18955,0.90588,0.16698,0.87585,0.7628
anchor_de16_tone,task_obj_swap_rand_mask_79926,add_hat,identity,97001,15.62743,0.76795,0.38642,0.17408,0.93333,0.16544,0.8747,0.78438
anchor_de16_tone,task_obj_swap_rand_mask_79926,add_hat,jpeg,57001,13.94395,0.61208,0.56295,0.22628,0.9098,0.20082,0.6905,0.68331
anchor_de16_tone,task_obj_swap_rand_mask_79926,add_hat,jpeg,107001,14.67802,0.65313,0.44508,0.17693,0.8902,0.18454,0.8656,0.86483
anchor_de16_tone,task_obj_swap_rand_mask_79926,add_scarf,blur,67001,14.65235,0.68008,0.38799,0.18218,1.0,0.18509,0.85504,0.78258
anchor_de16_tone,task_obj_swap_rand_mask_79926,add_scarf,crop_resize,17001,14.55896,0.60708,0.42971,0.2362,1.0,0.18709,0.81938,0.7948
anchor_de16_tone,task_obj_swap_rand_mask_79926,add_scarf,crop_resize,77001,14.22192,0.60318,0.4356,0.18016,1.0,0.19449,0.85127,0.82891
anchor_de16_tone,task_obj_swap_rand_mask_79926,add_scarf,identity,27001,15.30657,0.67082,0.39943,0.1899,0.98431,0.17166,0.8523,0.77771
anchor_de16_tone,task_obj_swap_rand_mask_79926,add_scarf,identity,87001,15.86981,0.69238,0.38012,0.16393,0.96863,0.16088,0.85542,0.79322
anchor_de16_tone,task_obj_swap_rand_mask_79926,add_scarf,jpeg,47001,15.66898,0.67915,0.39836,0.19496,0.96078,0.16465,0.90446,0.86599
anchor_de16_tone,task_obj_swap_rand_mask_79926,add_scarf,jpeg,97001,15.19448,0.6711,0.39606,0.18294,1.0,0.17389,0.89306,0.8478
anchor_de16_tone,task_obj_swap_rand_mask_79926,garment_colour,blur,57001,17.11558,0.69564,0.25975,0.1839,0.70588,0.13939,0.9489,0.8743
anchor_de16_tone,task_obj_swap_rand_mask_79926,garment_colour,blur,107001,17.67309,0.74335,0.26,0.17526,0.74902,0.13072,0.95013,0.88647
anchor_de16_tone,task_obj_swap_rand_mask_79926,garment_colour,crop_resize,67001,15.80333,0.70225,0.34497,0.19452,0.90588,0.16212,0.93186,0.8586
anchor_de16_tone,task_obj_swap_rand_mask_79926,garment_colour,identity,17001,16.60702,0.68022,0.30598,0.18357,0.81176,0.14779,0.93923,0.87182
anchor_de16_tone,task_obj_swap_rand_mask_79926,garment_colour,identity,77001,16.77527,0.68856,0.29909,0.18055,0.90196,0.14496,0.93889,0.87183
anchor_de16_tone,task_obj_swap_rand_mask_79926,garment_colour,jpeg,27001,16.7586,0.68306,0.30214,0.14773,0.78824,0.14523,0.94626,0.89752
anchor_de16_tone,task_obj_swap_rand_mask_79926,garment_colour,jpeg,87001,16.86078,0.68066,0.31038,0.15302,0.82353,0.14354,0.94736,0.90219
anchor_de24_deep,task_env_weather_121086,add_hat,blur,47001,16.89039,0.76764,0.51858,0.2362,0.7098,0.14305,0.94917,0.89545
anchor_de24_deep,task_env_weather_121086,add_hat,blur,97001,16.03185,0.72471,0.53641,0.2419,0.73725,0.15791,0.90009,0.8698
anchor_de24_deep,task_env_weather_121086,add_hat,crop_resize,57001,16.15002,0.66852,0.53568,0.2469,0.72549,0.15578,0.90097,0.87488
anchor_de24_deep,task_env_weather_121086,add_hat,crop_resize,107001,15.72348,0.65743,0.54118,0.2491,0.77647,0.16362,0.89858,0.87008
anchor_de24_deep,task_env_weather_121086,add_hat,identity,67001,16.4857,0.65474,0.50868,0.23341,0.69412,0.14987,0.82072,0.85712
anchor_de24_deep,task_env_weather_121086,add_hat,jpeg,17001,15.626,0.66372,0.52666,0.25137,0.91765,0.16546,0.90886,0.85949
anchor_de24_deep,task_env_weather_121086,add_hat,jpeg,77001,15.38904,0.65017,0.51086,0.23769,0.85882,0.17004,0.88618,0.83126
anchor_de24_deep,task_env_weather_121086,add_scarf,blur,27001,14.02819,0.60021,0.57172,0.23478,0.90588,0.19888,0.70436,0.78511
anchor_de24_deep,task_env_weather_121086,add_scarf,blur,87001,12.47733,0.49688,0.63641,0.28152,1.0,0.23776,0.57122,0.67999
anchor_de24_deep,task_env_weather_121086,add_scarf,crop_resize,47001,14.13988,0.50836,0.64234,0.26034,0.95294,0.19634,0.56361,0.65963
anchor_de24_deep,task_env_weather_121086,add_scarf,crop_resize,97001,13.06479,0.47909,0.61287,0.25594,1.0,0.22221,0.57639,0.69254
anchor_de24_deep,task_env_weather_121086,add_scarf,identity,57001,13.4031,0.49346,0.60279,0.23592,1.0,0.21372,0.63586,0.71499
anchor_de24_deep,task_env_weather_121086,add_scarf,identity,107001,13.04318,0.45902,0.60016,0.23551,1.0,0.22276,0.65165,0.73589
anchor_de24_deep,task_env_weather_121086,add_scarf,jpeg,67001,15.60215,0.6683,0.52799,0.24718,0.83529,0.16592,0.89132,0.83956
anchor_de24_deep,task_env_weather_121086,garment_colour,blur,17001,17.71352,0.74676,0.45479,0.21947,0.52549,0.13011,0.92957,0.93653
anchor_de24_deep,task_env_weather_121086,garment_colour,blur,77001,13.41867,0.56956,0.52293,0.25851,0.80784,0.21334,0.86433,0.89361
anchor_de24_deep,task_env_weather_121086,garment_colour,crop_resize,27001,12.85249,0.52409,0.53428,0.27061,0.90196,0.22771,0.88038,0.87399
anchor_de24_deep,task_env_weather_121086,garment_colour,crop_resize,87001,16.26184,0.66177,0.47184,0.19907,0.70196,0.15378,0.9454,0.9491
anchor_de24_deep,task_env_weather_121086,garment_colour,identity,47001,13.37969,0.59463,0.53417,0.23784,0.95294,0.2143,0.90979,0.90778
anchor_de24_deep,task_env_weather_121086,garment_colour,identity,97001,14.27717,0.5927,0.41495,0.2195,0.83529,0.19326,0.82573,0.86649
anchor_de24_deep,task_env_weather_121086,garment_colour,jpeg,57001,16.75561,0.68164,0.47133,0.22938,0.86275,0.14528,0.91654,0.90443
anchor_de24_deep,task_env_weather_121086,garment_colour,jpeg,107001,16.92353,0.67682,0.4696,0.22792,0.80784,0.1425,0.92419,0.90536
anchor_de24_deep,task_obj_remove_410264,add_hat,blur,67001,20.73412,0.87361,0.37687,0.17337,0.82745,0.0919,0.83253,0.83199
anchor_de24_deep,task_obj_remove_410264,add_hat,crop_resize,17001,15.55428,0.74907,0.48278,0.21883,0.90196,0.16683,0.74518,0.81352
anchor_de24_deep,task_obj_remove_410264,add_hat,crop_resize,77001,17.36952,0.85503,0.2977,0.13607,0.80784,0.13537,0.77306,0.8327
anchor_de24_deep,task_obj_remove_410264,add_hat,identity,27001,15.23578,0.71428,0.50087,0.20995,0.87451,0.17307,0.64302,0.72239
anchor_de24_deep,task_obj_remove_410264,add_hat,identity,87001,18.14989,0.82087,0.34627,0.21153,0.77255,0.12374,0.61712,0.71233
anchor_de24_deep,task_obj_remove_410264,add_hat,jpeg,47001,14.00864,0.6609,0.55006,0.24064,1.0,0.19933,0.66725,0.69104
anchor_de24_deep,task_obj_remove_410264,add_hat,jpeg,97001,17.03513,0.80915,0.39315,0.18774,0.90196,0.14068,0.77675,0.80357
anchor_de24_deep,task_obj_remove_410264,add_scarf,blur,57001,15.34387,0.7218,0.42212,0.16968,0.97255,0.17093,0.88495,0.93854
anchor_de24_deep,task_obj_remove_410264,add_scarf,blur,107001,16.55676,0.78505,0.32277,0.14764,0.91765,0.14865,0.93913,0.94441
anchor_de24_deep,task_obj_remove_410264,add_scarf,crop_resize,67001,11.45776,0.56062,0.53528,0.23512,1.0,0.26737,0.84571,0.85307
anchor_de24_deep,task_obj_remove_410264,add_scarf,identity,17001,14.06129,0.65608,0.41583,0.18007,0.98431,0.19812,0.86827,0.91429
anchor_de24_deep,task_obj_remove_410264,add_scarf,identity,77001,13.95333,0.66441,0.46953,0.20945,1.0,0.2006,0.82721,0.85194
anchor_de24_deep,task_obj_remove_410264,add_scarf,jpeg,27001,13.07982,0.64617,0.43529,0.17533,0.94902,0.22182,0.83277,0.92341
anchor_de24_deep,task_obj_remove_410264,add_scarf,jpeg,87001,12.556,0.58564,0.46337,0.202,0.98824,0.23561,0.79234,0.82148
anchor_de24_deep,task_obj_remove_410264,garment_colour,blur,47001,17.94316,0.81655,0.29017,0.14436,0.67843,0.12672,0.96267,0.95076
anchor_de24_deep,task_obj_remove_410264,garment_colour,blur,97001,18.06209,0.80828,0.30013,0.13068,0.71373,0.125,0.96301,0.96285
anchor_de24_deep,task_obj_remove_410264,garment_colour,crop_resize,57001,12.92386,0.75313,0.4719,0.21408,0.78431,0.22584,0.86376,0.922
anchor_de24_deep,task_obj_remove_410264,garment_colour,crop_resize,107001,8.49372,0.64447,0.52796,0.22475,0.88235,0.37611,0.84922,0.90313
anchor_de24_deep,task_obj_remove_410264,garment_colour,identity,67001,14.34083,0.79003,0.36341,0.1858,0.72549,0.19185,0.92953,0.94036
anchor_de24_deep,task_obj_remove_410264,garment_colour,jpeg,17001,18.1499,0.81958,0.42563,0.19595,0.71373,0.12374,0.94311,0.92435
anchor_de24_deep,task_obj_remove_410264,garment_colour,jpeg,77001,19.49008,0.83461,0.44249,0.20081,0.83137,0.10605,0.93547,0.92046
anchor_de24_deep,task_obj_swap_rand_mask_79926,add_hat,blur,27001,19.81358,0.82339,0.33123,0.14471,0.60392,0.10217,0.88269,0.79395
anchor_de24_deep,task_obj_swap_rand_mask_79926,add_hat,blur,87001,18.5797,0.7938,0.37025,0.15851,0.67059,0.11776,0.90182,0.82034
anchor_de24_deep,task_obj_swap_rand_mask_79926,add_hat,crop_resize,47001,16.68462,0.68627,0.47781,0.2052,0.83529,0.14648,0.75996,0.74935
anchor_de24_deep,task_obj_swap_rand_mask_79926,add_hat,crop_resize,97001,17.04445,0.6953,0.49968,0.23307,0.87451,0.14053,0.78491,0.75347
anchor_de24_deep,task_obj_swap_rand_mask_79926,add_hat,identity,57001,16.55494,0.71709,0.4001,0.17076,0.89804,0.14868,0.87262,0.78211
anchor_de24_deep,task_obj_swap_rand_mask_79926,add_hat,identity,107001,16.9392,0.70211,0.42612,0.17798,0.9451,0.14225,0.75519,0.86203
anchor_de24_deep,task_obj_swap_rand_mask_79926,add_hat,jpeg,67001,17.94658,0.76078,0.38143,0.1495,0.88235,0.12667,0.90577,0.81259
anchor_de24_deep,task_obj_swap_rand_mask_79926,add_scarf,blur,17001,16.4275,0.68288,0.34779,0.18041,0.95686,0.15088,0.87687,0.79565
anchor_de24_deep,task_obj_swap_rand_mask_79926,add_scarf,blur,77001,16.56939,0.68583,0.35142,0.18473,0.97255,0.14843,0.8446,0.77886
anchor_de24_deep,task_obj_swap_rand_mask_79926,add_scarf,crop_resize,27001,17.30846,0.68925,0.37458,0.16683,0.95294,0.13633,0.84029,0.77356
anchor_de24_deep,task_obj_swap_rand_mask_79926,add_scarf,crop_resize,87001,15.57116,0.62057,0.39729,0.1717,1.0,0.16651,0.78895,0.80523
anchor_de24_deep,task_obj_swap_rand_mask_79926,add_scarf,identity,47001,15.80224,0.63355,0.39965,0.19763,0.96078,0.16214,0.79299,0.80729
anchor_de24_deep,task_obj_swap_rand_mask_79926,add_scarf,identity,97001,15.67078,0.65249,0.39124,0.19188,1.0,0.16461,0.85061,0.84805
anchor_de24_deep,task_obj_swap_rand_mask_79926,add_scarf,jpeg,57001,16.25319,0.66813,0.38345,0.17735,0.95686,0.15394,0.85966,0.8071
anchor_de24_deep,task_obj_swap_rand_mask_79926,add_scarf,jpeg,107001,15.10316,0.61621,0.39356,0.18939,1.0,0.17573,0.7686,0.79265
anchor_de24_deep,task_obj_swap_rand_mask_79926,garment_colour,blur,67001,18.9211,0.82788,0.30934,0.15933,0.7098,0.11323,0.95063,0.85923
anchor_de24_deep,task_obj_swap_rand_mask_79926,garment_colour,crop_resize,17001,18.87524,0.77963,0.38632,0.16535,0.8902,0.11383,0.91054,0.79358
anchor_de24_deep,task_obj_swap_rand_mask_79926,garment_colour,crop_resize,77001,18.84097,0.76066,0.39958,0.16596,0.85098,0.11428,0.90588,0.7898
anchor_de24_deep,task_obj_swap_rand_mask_79926,garment_colour,identity,27001,18.64674,0.79187,0.32699,0.15847,0.86667,0.11686,0.94318,0.88655
anchor_de24_deep,task_obj_swap_rand_mask_79926,garment_colour,identity,87001,18.97546,0.79936,0.31024,0.16011,0.91373,0.11252,0.94286,0.89859
anchor_de24_deep,task_obj_swap_rand_mask_79926,garment_colour,jpeg,47001,18.42899,0.78499,0.33796,0.16328,0.86667,0.11983,0.95046,0.88508
anchor_de24_deep,task_obj_swap_rand_mask_79926,garment_colour,jpeg,97001,19.34911,0.72237,0.35511,0.15796,0.85882,0.10778,0.94706,0.89726
anchor_de24_free,task_env_weather_121086,add_hat,blur,57001,14.95099,0.62835,0.55921,0.28334,0.76078,0.17883,0.93549,0.90421
anchor_de24_free,task_env_weather_121086,add_hat,blur,107001,15.12347,0.64239,0.557,0.27287,0.78039,0.17532,0.92849,0.92608
anchor_de24_free,task_env_weather_121086,add_hat,crop_resize,67001,15.766,0.62265,0.53249,0.23064,0.65882,0.16282,0.93818,0.88136
anchor_de24_free,task_env_weather_121086,add_hat,identity,17001,15.01483,0.61997,0.51578,0.26116,0.92157,0.17752,0.92928,0.9251
anchor_de24_free,task_env_weather_121086,add_hat,identity,77001,13.86119,0.51128,0.58608,0.28008,0.90196,0.20274,0.8789,0.80316
anchor_de24_free,task_env_weather_121086,add_hat,jpeg,27001,14.96388,0.61104,0.54611,0.26672,0.81176,0.17857,0.93392,0.81862
anchor_de24_free,task_env_weather_121086,add_hat,jpeg,87001,14.53633,0.57798,0.54557,0.27408,0.78039,0.18758,0.91537,0.85124
anchor_de24_free,task_env_weather_121086,add_scarf,blur,47001,13.35234,0.53134,0.57927,0.26711,0.96078,0.21497,0.72225,0.7383
anchor_de24_free,task_env_weather_121086,add_scarf,blur,97001,13.6998,0.53594,0.60713,0.2779,1.0,0.20654,0.76619,0.77421
anchor_de24_free,task_env_weather_121086,add_scarf,crop_resize,57001,12.39068,0.38584,0.64391,0.26497,0.97647,0.24014,0.83969,0.86375
anchor_de24_free,task_env_weather_121086,add_scarf,crop_resize,107001,13.70137,0.51352,0.57572,0.22814,0.97647,0.20651,0.86051,0.86076
anchor_de24_free,task_env_weather_121086,add_scarf,identity,67001,14.31364,0.58858,0.53478,0.25098,0.9451,0.19245,0.90315,0.89399
anchor_de24_free,task_env_weather_121086,add_scarf,jpeg,17001,13.72435,0.53042,0.57164,0.28333,0.92941,0.20596,0.8262,0.86243
anchor_de24_free,task_env_weather_121086,add_scarf,jpeg,77001,13.37918,0.50318,0.57479,0.26395,0.94118,0.21431,0.80084,0.80087
anchor_de24_free,task_env_weather_121086,garment_colour,blur,27001,12.89474,0.53788,0.49826,0.24824,0.78039,0.2266,0.80321,0.90311
anchor_de24_free,task_env_weather_121086,garment_colour,blur,87001,14.03262,0.60277,0.40393,0.21803,0.78824,0.19878,0.78969,0.91638
anchor_de24_free,task_env_weather_121086,garment_colour,crop_resize,47001,13.66679,0.58439,0.42991,0.23331,0.78431,0.20733,0.86579,0.90604
anchor_de24_free,task_env_weather_121086,garment_colour,crop_resize,97001,13.04913,0.53564,0.39762,0.23672,0.81961,0.22261,0.78447,0.88425
anchor_de24_free,task_env_weather_121086,garment_colour,identity,57001,16.11982,0.6576,0.44267,0.22842,0.85098,0.15632,0.89787,0.95056
anchor_de24_free,task_env_weather_121086,garment_colour,identity,107001,14.39559,0.58656,0.4328,0.24853,0.83137,0.19064,0.78898,0.89871
anchor_de24_free,task_env_weather_121086,garment_colour,jpeg,67001,14.07994,0.58626,0.42199,0.23322,0.80392,0.1977,0.75606,0.88674
anchor_de24_free,task_obj_remove_410264,add_hat,blur,17001,17.60562,0.83048,0.46826,0.22109,0.84314,0.13174,0.82003,0.78487
anchor_de24_free,task_obj_remove_410264,add_hat,blur,77001,17.77489,0.84519,0.43364,0.20477,0.8549,0.1292,0.78275,0.76978
anchor_de24_free,task_obj_remove_410264,add_hat,crop_resize,27001,17.54529,0.82766,0.44281,0.19071,0.80392,0.13266,0.90268,0.85589
anchor_de24_free,task_obj_remove_410264,add_hat,crop_resize,87001,17.02741,0.83125,0.46392,0.1982,0.88235,0.14081,0.74313,0.81942
anchor_de24_free,task_obj_remove_410264,add_hat,identity,47001,15.90615,0.80948,0.47591,0.2073,0.98431,0.16021,0.71017,0.77278
anchor_de24_free,task_obj_remove_410264,add_hat,identity,97001,15.5885,0.78717,0.50585,0.24255,0.92157,0.16618,0.6955,0.72957
anchor_de24_free,task_obj_remove_410264,add_hat,jpeg,57001,16.93384,0.80168,0.52518,0.23569,0.85882,0.14233,0.77528,0.80315
anchor_de24_free,task_obj_remove_410264,add_hat,jpeg,107001,18.63563,0.8638,0.4441,0.20795,0.86275,0.11701,0.8921,0.87185
anchor_de24_free,task_obj_remove_410264,add_scarf,blur,67001,13.76386,0.71365,0.49748,0.20299,1.0,0.20503,0.90682,0.91915
anchor_de24_free,task_obj_remove_410264,add_scarf,crop_resize,17001,12.16994,0.57219,0.5664,0.22079,0.98824,0.24632,0.7823,0.81945
anchor_de24_free,task_obj_remove_410264,add_scarf,crop_resize,77001,13.59802,0.65359,0.55664,0.20067,0.99216,0.20898,0.74637,0.87877
anchor_de24_free,task_obj_remove_410264,add_scarf,identity,27001,13.44194,0.66226,0.46563,0.18931,0.95686,0.21277,0.80257,0.89764
anchor_de24_free,task_obj_remove_410264,add_scarf,identity,87001,12.62442,0.59793,0.51991,0.20649,0.96863,0.23376,0.89873,0.8687
anchor_de24_free,task_obj_remove_410264,add_scarf,jpeg,47001,14.35173,0.7078,0.47594,0.19898,0.97647,0.19161,0.87594,0.91754
anchor_de24_free,task_obj_remove_410264,add_scarf,jpeg,97001,12.97371,0.60342,0.5327,0.22052,0.96078,0.22455,0.80534,0.80112
anchor_de24_free,task_obj_remove_410264,garment_colour,blur,57001,14.7251,0.73695,0.40442,0.19488,0.78824,0.18355,0.91714,0.92144
anchor_de24_free,task_obj_remove_410264,garment_colour,blur,107001,15.13483,0.73382,0.40299,0.20458,0.77647,0.17509,0.87105,0.90356
anchor_de24_free,task_obj_remove_410264,garment_colour,crop_resize,67001,12.55493,0.72204,0.48941,0.2099,0.85882,0.23564,0.85143,0.88222
anchor_de24_free,task_obj_remove_410264,garment_colour,identity,17001,17.38182,0.80911,0.35771,0.16017,0.6549,0.13518,0.95089,0.94804
anchor_de24_free,task_obj_remove_410264,garment_colour,identity,77001,13.70905,0.77078,0.41576,0.20666,0.74902,0.20632,0.88979,0.86966
anchor_de24_free,task_obj_remove_410264,garment_colour,jpeg,27001,16.29617,0.75945,0.41609,0.20193,0.78824,0.15318,0.89415,0.89285
anchor_de24_free,task_obj_remove_410264,garment_colour,jpeg,87001,13.95814,0.74228,0.45424,0.21659,0.78431,0.20049,0.87845,0.87346
anchor_de24_free,task_obj_swap_rand_mask_79926,add_hat,blur,47001,14.45624,0.64269,0.49257,0.23652,0.83922,0.18932,0.7754,0.78965
anchor_de24_free,task_obj_swap_rand_mask_79926,add_hat,blur,97001,17.77855,0.82087,0.39972,0.16452,0.70588,0.12914,0.82375,0.75775
anchor_de24_free,task_obj_swap_rand_mask_79926,add_hat,crop_resize,57001,16.74316,0.73688,0.48538,0.21035,0.88235,0.14549,0.83396,0.74806
anchor_de24_free,task_obj_swap_rand_mask_79926,add_hat,crop_resize,107001,16.59977,0.73839,0.49553,0.19542,0.91765,0.14791,0.7735,0.75528
anchor_de24_free,task_obj_swap_rand_mask_79926,add_hat,identity,67001,17.82148,0.79595,0.40846,0.16887,0.96078,0.12851,0.85482,0.7439
anchor_de24_free,task_obj_swap_rand_mask_79926,add_hat,jpeg,17001,15.57905,0.72974,0.461,0.18642,0.91373,0.16636,0.81396,0.75272
anchor_de24_free,task_obj_swap_rand_mask_79926,add_hat,jpeg,77001,16.52407,0.77024,0.4138,0.16065,0.92941,0.14921,0.90623,0.84197
anchor_de24_free,task_obj_swap_rand_mask_79926,add_scarf,blur,27001,15.83762,0.69786,0.33221,0.16328,0.99608,0.16148,0.93234,0.82485
anchor_de24_free,task_obj_swap_rand_mask_79926,add_scarf,blur,87001,15.72483,0.70891,0.33778,0.18046,0.96078,0.16359,0.92983,0.881
anchor_de24_free,task_obj_swap_rand_mask_79926,add_scarf,crop_resize,47001,14.44865,0.65242,0.42336,0.19231,1.0,0.18948,0.8646,0.8552
anchor_de24_free,task_obj_swap_rand_mask_79926,add_scarf,crop_resize,97001,14.13359,0.61327,0.43186,0.21644,1.0,0.19648,0.87013,0.82629
anchor_de24_free,task_obj_swap_rand_mask_79926,add_scarf,identity,57001,15.24601,0.66908,0.45946,0.21411,0.97647,0.17286,0.70575,0.75351
anchor_de24_free,task_obj_swap_rand_mask_79926,add_scarf,identity,107001,13.11839,0.54741,0.51901,0.24043,1.0,0.22084,0.6672,0.75556
anchor_de24_free,task_obj_swap_rand_mask_79926,add_scarf,jpeg,67001,13.37957,0.60737,0.48169,0.24816,1.0,0.2143,0.74584,0.72137
anchor_de24_free,task_obj_swap_rand_mask_79926,garment_colour,blur,17001,20.47426,0.86247,0.24289,0.1363,0.69412,0.09469,0.96382,0.91559
anchor_de24_free,task_obj_swap_rand_mask_79926,garment_colour,blur,77001,20.21198,0.85042,0.24808,0.13635,0.72941,0.09759,0.95875,0.91764
anchor_de24_free,task_obj_swap_rand_mask_79926,garment_colour,crop_resize,27001,20.14894,0.78531,0.32305,0.1536,0.87451,0.0983,0.95698,0.88507
anchor_de24_free,task_obj_swap_rand_mask_79926,garment_colour,crop_resize,87001,20.27579,0.78628,0.32445,0.14738,0.88627,0.09687,0.96035,0.89094
anchor_de24_free,task_obj_swap_rand_mask_79926,garment_colour,identity,47001,20.0331,0.80808,0.29426,0.14597,0.97647,0.09962,0.95538,0.89864
anchor_de24_free,task_obj_swap_rand_mask_79926,garment_colour,identity,97001,19.92741,0.74145,0.30331,0.14133,0.85882,0.10084,0.94996,0.91318
anchor_de24_free,task_obj_swap_rand_mask_79926,garment_colour,jpeg,57001,19.92633,0.76511,0.29691,0.14446,0.83922,0.10085,0.95861,0.9294
anchor_de24_free,task_obj_swap_rand_mask_79926,garment_colour,jpeg,107001,20.57598,0.78368,0.28118,0.13708,0.82353,0.09358,0.96524,0.92336
anchor_de24_out,task_env_weather_121086,add_hat,blur,67001,15.78585,0.74664,0.44892,0.25972,0.94118,0.16245,0.89204,0.85849
anchor_de24_out,task_env_weather_121086,add_hat,crop_resize,17001,15.85008,0.68955,0.44237,0.25904,0.79216,0.16125,0.90203,0.91648
anchor_de24_out,task_env_weather_121086,add_hat,crop_resize,77001,17.79445,0.72839,0.40082,0.22884,0.7451,0.12891,0.86227,0.92218
anchor_de24_out,task_env_weather_121086,add_hat,identity,27001,15.14665,0.67892,0.4621,0.26352,0.95294,0.17485,0.91976,0.78694
anchor_de24_out,task_env_weather_121086,add_hat,identity,87001,17.85077,0.71405,0.43423,0.23289,0.78431,0.12807,0.92277,0.86227
anchor_de24_out,task_env_weather_121086,add_hat,jpeg,47001,16.75359,0.71254,0.42981,0.25201,0.80784,0.14532,0.88953,0.89233
anchor_de24_out,task_env_weather_121086,add_hat,jpeg,97001,15.71465,0.68557,0.45484,0.26446,0.90588,0.16378,0.87717,0.77145
anchor_de24_out,task_env_weather_121086,add_scarf,blur,57001,13.77359,0.66838,0.45968,0.26618,1.0,0.2048,0.8895,0.84159
anchor_de24_out,task_env_weather_121086,add_scarf,blur,107001,12.60911,0.43971,0.59796,0.28666,0.98824,0.23418,0.72933,0.74322
anchor_de24_out,task_env_weather_121086,add_scarf,crop_resize,67001,11.82315,0.41404,0.56413,0.27798,1.0,0.25636,0.69315,0.69338
anchor_de24_out,task_env_weather_121086,add_scarf,identity,17001,13.61585,0.60218,0.50066,0.28351,0.94118,0.20855,0.83487,0.87703
anchor_de24_out,task_env_weather_121086,add_scarf,identity,77001,13.26728,0.5643,0.53416,0.26853,0.96471,0.21709,0.77144,0.82506
anchor_de24_out,task_env_weather_121086,add_scarf,jpeg,27001,14.54024,0.65173,0.46914,0.26048,0.99216,0.18749,0.92501,0.88897
anchor_de24_out,task_env_weather_121086,add_scarf,jpeg,87001,12.8816,0.56088,0.54042,0.27441,0.95294,0.22694,0.77089,0.80055
anchor_de24_out,task_env_weather_121086,garment_colour,blur,47001,16.23908,0.75709,0.33607,0.23087,0.52941,0.15419,0.92365,0.92874
anchor_de24_out,task_env_weather_121086,garment_colour,blur,97001,16.058,0.74474,0.33616,0.23175,0.53333,0.15743,0.92481,0.92923
anchor_de24_out,task_env_weather_121086,garment_colour,crop_resize,57001,15.51074,0.68436,0.36107,0.24506,0.84706,0.16767,0.90487,0.9178
anchor_de24_out,task_env_weather_121086,garment_colour,crop_resize,107001,14.6761,0.62984,0.35466,0.23649,0.83137,0.18458,0.89794,0.91417
anchor_de24_out,task_env_weather_121086,garment_colour,identity,67001,15.80853,0.68588,0.36502,0.23617,0.94118,0.16202,0.90755,0.92404
anchor_de24_out,task_env_weather_121086,garment_colour,jpeg,17001,16.08738,0.70049,0.35813,0.23935,0.91373,0.1569,0.91179,0.92453
anchor_de24_out,task_env_weather_121086,garment_colour,jpeg,77001,15.67098,0.68006,0.35924,0.24245,0.87059,0.16461,0.89348,0.91152
anchor_de24_out,task_obj_remove_410264,add_hat,blur,27001,18.0017,0.84692,0.45539,0.21403,0.72549,0.12587,0.77265,0.75559
anchor_de24_out,task_obj_remove_410264,add_hat,blur,87001,17.76977,0.83211,0.47611,0.23534,0.81569,0.12927,0.70226,0.70892
anchor_de24_out,task_obj_remove_410264,add_hat,crop_resize,47001,14.68255,0.73835,0.50471,0.21999,0.91373,0.18445,0.84982,0.82648
anchor_de24_out,task_obj_remove_410264,add_hat,crop_resize,97001,16.74709,0.82395,0.47982,0.20393,0.98039,0.14543,0.68976,0.6895
anchor_de24_out,task_obj_remove_410264,add_hat,identity,57001,16.44367,0.8018,0.48696,0.24542,0.95686,0.1506,0.77732,0.78073
anchor_de24_out,task_obj_remove_410264,add_hat,identity,107001,17.80719,0.84526,0.4027,0.20529,0.98431,0.12872,0.77752,0.80139
anchor_de24_out,task_obj_remove_410264,add_hat,jpeg,67001,20.27624,0.87251,0.40284,0.1856,0.79608,0.09687,0.93989,0.90074
anchor_de24_out,task_obj_remove_410264,add_scarf,blur,17001,13.20156,0.68095,0.51602,0.192,0.98824,0.21874,0.88157,0.90728
anchor_de24_out,task_obj_remove_410264,add_scarf,blur,77001,15.00353,0.72549,0.46855,0.21305,0.96471,0.17776,0.82905,0.89637
anchor_de24_out,task_obj_remove_410264,add_scarf,crop_resize,27001,14.76229,0.70312,0.46267,0.16546,0.96863,0.18276,0.89683,0.89777
anchor_de24_out,task_obj_remove_410264,add_scarf,crop_resize,87001,12.6548,0.58493,0.57044,0.22804,0.98824,0.23295,0.74458,0.81849
anchor_de24_out,task_obj_remove_410264,add_scarf,identity,47001,14.36664,0.68902,0.47649,0.17746,1.0,0.19128,0.87444,0.88044
anchor_de24_out,task_obj_remove_410264,add_scarf,identity,97001,12.59802,0.57632,0.51286,0.22877,0.99608,0.23448,0.72347,0.79085
anchor_de24_out,task_obj_remove_410264,add_scarf,jpeg,57001,16.05582,0.75088,0.4422,0.17429,0.99216,0.15747,0.95947,0.93682
anchor_de24_out,task_obj_remove_410264,add_scarf,jpeg,107001,13.74549,0.68762,0.48379,0.20633,1.0,0.20546,0.88823,0.85397
anchor_de24_out,task_obj_remove_410264,garment_colour,blur,67001,14.71446,0.74087,0.39825,0.20162,0.81176,0.18377,0.85876,0.88919
anchor_de24_out,task_obj_remove_410264,garment_colour,crop_resize,17001,10.95873,0.60013,0.46485,0.23016,0.84706,0.28318,0.82259,0.8618
anchor_de24_out,task_obj_remove_410264,garment_colour,crop_resize,77001,16.6895,0.80698,0.42366,0.16533,0.75686,0.14639,0.88656,0.90037
anchor_de24_out,task_obj_remove_410264,garment_colour,identity,27001,12.5099,0.69067,0.44992,0.24151,0.90196,0.23687,0.84485,0.8507
anchor_de24_out,task_obj_remove_410264,garment_colour,identity,87001,13.72575,0.74744,0.42509,0.21099,0.89412,0.20593,0.88091,0.87441
anchor_de24_out,task_obj_remove_410264,garment_colour,jpeg,47001,12.949,0.7457,0.45357,0.21408,0.89412,0.22519,0.90312,0.87075
anchor_de24_out,task_obj_remove_410264,garment_colour,jpeg,97001,13.55212,0.70028,0.44229,0.23451,0.84314,0.21008,0.85419,0.85438
anchor_de24_out,task_obj_swap_rand_mask_79926,add_hat,blur,57001,13.70832,0.63595,0.49984,0.27312,0.81176,0.20634,0.63796,0.6844
anchor_de24_out,task_obj_swap_rand_mask_79926,add_hat,blur,107001,13.92146,0.62414,0.4868,0.24089,0.91765,0.20134,0.87777,0.80528
anchor_de24_out,task_obj_swap_rand_mask_79926,add_hat,crop_resize,67001,13.44682,0.53749,0.58491,0.27054,0.92941,0.21265,0.68062,0.69624
anchor_de24_out,task_obj_swap_rand_mask_79926,add_hat,identity,17001,16.70349,0.7535,0.4216,0.16351,0.87843,0.14616,0.84061,0.76305
anchor_de24_out,task_obj_swap_rand_mask_79926,add_hat,identity,77001,17.49942,0.78657,0.3742,0.14414,0.87451,0.13336,0.90918,0.8628
anchor_de24_out,task_obj_swap_rand_mask_79926,add_hat,jpeg,27001,16.52983,0.74045,0.41247,0.16956,0.9451,0.14911,0.91398,0.86568
anchor_de24_out,task_obj_swap_rand_mask_79926,add_hat,jpeg,87001,15.78842,0.70005,0.47657,0.18801,0.9451,0.1624,0.77812,0.71574
anchor_de24_out,task_obj_swap_rand_mask_79926,add_scarf,blur,47001,14.4226,0.67603,0.40994,0.20646,0.98824,0.19005,0.79829,0.84178
anchor_de24_out,task_obj_swap_rand_mask_79926,add_scarf,blur,97001,15.99296,0.71477,0.34503,0.17616,0.89804,0.15862,0.91607,0.90194
anchor_de24_out,task_obj_swap_rand_mask_79926,add_scarf,crop_resize,57001,15.00446,0.65306,0.42265,0.21888,1.0,0.17774,0.91512,0.93742
anchor_de24_out,task_obj_swap_rand_mask_79926,add_scarf,crop_resize,107001,13.66059,0.56653,0.47735,0.22855,1.0,0.20748,0.80183,0.80976
anchor_de24_out,task_obj_swap_rand_mask_79926,add_scarf,identity,67001,13.27735,0.59518,0.46461,0.22528,1.0,0.21684,0.79538,0.81422
anchor_de24_out,task_obj_swap_rand_mask_79926,add_scarf,jpeg,17001,14.04342,0.5986,0.42661,0.20507,1.0,0.19853,0.90921,0.82442
anchor_de24_out,task_obj_swap_rand_mask_79926,add_scarf,jpeg,77001,15.02705,0.67451,0.37935,0.1942,0.96471,0.17727,0.92396,0.84773
anchor_de24_out,task_obj_swap_rand_mask_79926,garment_colour,blur,27001,20.19872,0.82828,0.24032,0.13107,0.61176,0.09774,0.94531,0.92655
anchor_de24_out,task_obj_swap_rand_mask_79926,garment_colour,blur,87001,20.62653,0.83122,0.21757,0.11863,0.65098,0.09304,0.95319,0.93248
anchor_de24_out,task_obj_swap_rand_mask_79926,garment_colour,crop_resize,47001,20.56738,0.7589,0.28585,0.14775,0.69412,0.09368,0.95567,0.91015
anchor_de24_out,task_obj_swap_rand_mask_79926,garment_colour,crop_resize,97001,20.42706,0.73914,0.29707,0.14643,0.82353,0.0952,0.96091,0.90647
anchor_de24_out,task_obj_swap_rand_mask_79926,garment_colour,identity,57001,20.31433,0.78213,0.25075,0.13098,0.87059,0.09645,0.94679,0.91963
anchor_de24_out,task_obj_swap_rand_mask_79926,garment_colour,identity,107001,20.52102,0.79561,0.24923,0.13143,0.9451,0.09418,0.94246,0.91601
anchor_de24_out,task_obj_swap_rand_mask_79926,garment_colour,jpeg,67001,20.078,0.74135,0.26823,0.13359,0.90196,0.09911,0.94483,0.91364
anchor_de24_out_tone,task_env_weather_121086,add_hat,blur,17001,13.68826,0.68408,0.38253,0.22289,0.72157,0.20682,0.94001,0.90886
anchor_de24_out_tone,task_env_weather_121086,add_hat,blur,77001,14.03206,0.66215,0.37359,0.21869,0.8,0.19879,0.88648,0.81988
anchor_de24_out_tone,task_env_weather_121086,add_hat,crop_resize,27001,13.80095,0.59461,0.39103,0.20342,0.79608,0.20415,0.85982,0.85135
anchor_de24_out_tone,task_env_weather_121086,add_hat,crop_resize,87001,12.79926,0.44716,0.4968,0.2888,0.93725,0.22911,0.6272,0.75292
anchor_de24_out_tone,task_env_weather_121086,add_hat,identity,47001,13.46839,0.60693,0.38456,0.23171,0.76471,0.21212,0.83744,0.91532
anchor_de24_out_tone,task_env_weather_121086,add_hat,identity,97001,13.46041,0.58836,0.39546,0.2303,0.80392,0.21231,0.83408,0.88997
anchor_de24_out_tone,task_env_weather_121086,add_hat,jpeg,57001,13.51699,0.58102,0.40458,0.23511,0.76863,0.21094,0.87486,0.9047
anchor_de24_out_tone,task_env_weather_121086,add_hat,jpeg,107001,12.96502,0.55731,0.42107,0.25738,0.92549,0.22478,0.85252,0.8307
anchor_de24_out_tone,task_env_weather_121086,add_scarf,blur,67001,12.20219,0.53696,0.48166,0.25957,1.0,0.24541,0.74115,0.79579
anchor_de24_out_tone,task_env_weather_121086,add_scarf,crop_resize,17001,11.8923,0.46272,0.51504,0.2776,0.97647,0.25432,0.68361,0.71454
anchor_de24_out_tone,task_env_weather_121086,add_scarf,crop_resize,77001,11.52182,0.42143,0.54083,0.27559,1.0,0.2654,0.66446,0.65678
anchor_de24_out_tone,task_env_weather_121086,add_scarf,identity,27001,11.96453,0.46249,0.51832,0.2722,0.98039,0.25222,0.65188,0.78043
anchor_de24_out_tone,task_env_weather_121086,add_scarf,identity,87001,11.78721,0.4836,0.49991,0.26513,0.96471,0.25742,0.75137,0.78401
anchor_de24_out_tone,task_env_weather_121086,add_scarf,jpeg,47001,11.62584,0.4683,0.51924,0.2699,0.98824,0.26225,0.73021,0.74937
anchor_de24_out_tone,task_env_weather_121086,add_scarf,jpeg,97001,11.71816,0.47817,0.48828,0.26067,0.97647,0.25947,0.70957,0.80392
anchor_de24_out_tone,task_env_weather_121086,garment_colour,blur,57001,13.15019,0.59676,0.30993,0.23492,0.67059,0.22003,0.91666,0.92448
anchor_de24_out_tone,task_env_weather_121086,garment_colour,blur,107001,12.91442,0.55905,0.3101,0.24173,0.65882,0.22609,0.91682,0.90783
anchor_de24_out_tone,task_env_weather_121086,garment_colour,crop_resize,67001,12.47594,0.52461,0.31704,0.2505,0.81176,0.2378,0.87585,0.9054
anchor_de24_out_tone,task_env_weather_121086,garment_colour,identity,17001,13.7517,0.60077,0.31193,0.22133,0.81961,0.20531,0.92215,0.9227
anchor_de24_out_tone,task_env_weather_121086,garment_colour,identity,77001,13.54122,0.57801,0.3117,0.23493,0.84706,0.21035,0.92127,0.91062
anchor_de24_out_tone,task_env_weather_121086,garment_colour,jpeg,27001,13.22193,0.57245,0.31164,0.23973,0.75686,0.21822,0.8434,0.91049
anchor_de24_out_tone,task_env_weather_121086,garment_colour,jpeg,87001,13.02104,0.5598,0.31943,0.24524,0.76863,0.22333,0.83563,0.90872
anchor_de24_out_tone,task_obj_remove_410264,add_hat,blur,47001,20.38499,0.89054,0.16994,0.09709,0.85098,0.09566,0.83272,0.90621
anchor_de24_out_tone,task_obj_remove_410264,add_hat,blur,97001,21.24316,0.89809,0.1671,0.10805,0.83529,0.08666,0.91634,0.89576
anchor_de24_out_tone,task_obj_remove_410264,add_hat,crop_resize,57001,19.87633,0.87617,0.20139,0.12066,0.8,0.10143,0.91595,0.89873
anchor_de24_out_tone,task_obj_remove_410264,add_hat,crop_resize,107001,19.54349,0.86913,0.20157,0.13199,0.81569,0.1054,0.90281,0.86437
anchor_de24_out_tone,task_obj_remove_410264,add_hat,identity,67001,19.20302,0.85955,0.2063,0.13491,0.87451,0.10961,0.80297,0.8941
anchor_de24_out_tone,task_obj_remove_410264,add_hat,jpeg,17001,15.98074,0.76867,0.32531,0.20205,0.81569,0.15884,0.72697,0.81911
anchor_de24_out_tone,task_obj_remove_410264,add_hat,jpeg,77001,17.99435,0.82291,0.25346,0.12659,0.89804,0.12597,0.765,0.85917
anchor_de24_out_tone,task_obj_remove_410264,add_scarf,blur,27001,18.0684,0.80982,0.23605,0.1372,0.84314,0.12491,0.93742,0.94564
anchor_de24_out_tone,task_obj_remove_410264,add_scarf,blur,87001,17.97253,0.81178,0.22367,0.1231,0.88235,0.12629,0.91876,0.9471
anchor_de24_out_tone,task_obj_remove_410264,add_scarf,crop_resize,47001,17.63474,0.78294,0.27172,0.13612,0.86275,0.1313,0.96587,0.95027
anchor_de24_out_tone,task_obj_remove_410264,add_scarf,crop_resize,97001,15.25347,0.7177,0.31627,0.15677,0.98431,0.17271,0.944,0.9224
anchor_de24_out_tone,task_obj_remove_410264,add_scarf,identity,57001,15.37832,0.72926,0.29322,0.14567,0.88627,0.17025,0.91337,0.93063
anchor_de24_out_tone,task_obj_remove_410264,add_scarf,identity,107001,17.00538,0.77874,0.25348,0.13108,0.99608,0.14117,0.94135,0.97522
anchor_de24_out_tone,task_obj_remove_410264,add_scarf,jpeg,67001,17.98455,0.8002,0.24883,0.11208,0.87843,0.12612,0.95014,0.97458
anchor_de24_out_tone,task_obj_remove_410264,garment_colour,blur,17001,20.01427,0.89348,0.15,0.09469,0.41569,0.09984,0.96362,0.97303
anchor_de24_out_tone,task_obj_remove_410264,garment_colour,blur,77001,20.52696,0.89683,0.14431,0.09662,0.41961,0.09411,0.96194,0.97431
anchor_de24_out_tone,task_obj_remove_410264,garment_colour,crop_resize,27001,17.09944,0.82749,0.24222,0.16692,0.78431,0.13965,0.8345,0.91104
anchor_de24_out_tone,task_obj_remove_410264,garment_colour,crop_resize,87001,17.80348,0.83508,0.22683,0.1613,0.64314,0.12877,0.85237,0.91927
anchor_de24_out_tone,task_obj_remove_410264,garment_colour,identity,47001,19.53726,0.87123,0.18917,0.1096,0.76863,0.10547,0.95648,0.96471
anchor_de24_out_tone,task_obj_remove_410264,garment_colour,identity,97001,19.71505,0.86968,0.18165,0.11479,0.76471,0.10333,0.94912,0.95602
anchor_de24_out_tone,task_obj_remove_410264,garment_colour,jpeg,57001,19.83449,0.8489,0.22624,0.10823,0.68627,0.10192,0.93583,0.9678
anchor_de24_out_tone,task_obj_remove_410264,garment_colour,jpeg,107001,19.75042,0.84803,0.22863,0.10539,0.67059,0.10292,0.93925,0.96384
anchor_de24_out_tone,task_obj_swap_rand_mask_79926,add_hat,blur,67001,16.64637,0.78508,0.54327,0.1748,0.64706,0.14712,0.85898,0.73841
anchor_de24_out_tone,task_obj_swap_rand_mask_79926,add_hat,crop_resize,17001,14.66333,0.67681,0.59461,0.20894,0.92549,0.18486,0.72884,0.71613
anchor_de24_out_tone,task_obj_swap_rand_mask_79926,add_hat,crop_resize,77001,16.82463,0.78562,0.50425,0.19542,0.7098,0.14413,0.85029,0.73455
anchor_de24_out_tone,task_obj_swap_rand_mask_79926,add_hat,identity,27001,15.75999,0.74694,0.57724,0.2029,0.82745,0.16293,0.86771,0.70589
anchor_de24_out_tone,task_obj_swap_rand_mask_79926,add_hat,identity,87001,14.41528,0.67474,0.5862,0.19291,0.8902,0.19021,0.75606,0.71171
anchor_de24_out_tone,task_obj_swap_rand_mask_79926,add_hat,jpeg,47001,16.01121,0.75729,0.54606,0.17289,0.92157,0.15828,0.89787,0.81996
anchor_de24_out_tone,task_obj_swap_rand_mask_79926,add_hat,jpeg,97001,16.08513,0.76063,0.56673,0.18511,0.8,0.15694,0.87867,0.78216
anchor_de24_out_tone,task_obj_swap_rand_mask_79926,add_scarf,blur,57001,17.48745,0.77071,0.52329,0.15794,0.98431,0.13354,0.90834,0.74621
anchor_de24_out_tone,task_obj_swap_rand_mask_79926,add_scarf,blur,107001,15.62936,0.69854,0.55037,0.17328,0.99608,0.1654,0.82891,0.80098
anchor_de24_out_tone,task_obj_swap_rand_mask_79926,add_scarf,crop_resize,67001,15.64774,0.64102,0.54326,0.15762,0.96863,0.16505,0.80717,0.81964
anchor_de24_out_tone,task_obj_swap_rand_mask_79926,add_scarf,identity,17001,16.30131,0.73054,0.52658,0.16224,1.0,0.15309,0.87873,0.81865
anchor_de24_out_tone,task_obj_swap_rand_mask_79926,add_scarf,identity,77001,17.35953,0.74394,0.51492,0.17074,0.95294,0.13553,0.8727,0.82287
anchor_de24_out_tone,task_obj_swap_rand_mask_79926,add_scarf,jpeg,27001,15.61986,0.68745,0.55511,0.17334,0.98431,0.16558,0.88302,0.81858
anchor_de24_out_tone,task_obj_swap_rand_mask_79926,add_scarf,jpeg,87001,16.91601,0.73609,0.54347,0.15561,0.96078,0.14263,0.89384,0.83414
anchor_de24_out_tone,task_obj_swap_rand_mask_79926,garment_colour,blur,47001,16.59245,0.68742,0.28854,0.201,0.72941,0.14804,0.93936,0.81077
anchor_de24_out_tone,task_obj_swap_rand_mask_79926,garment_colour,blur,97001,16.00897,0.59205,0.30043,0.20663,0.74902,0.15833,0.92848,0.79055
anchor_de24_out_tone,task_obj_swap_rand_mask_79926,garment_colour,crop_resize,57001,15.99319,0.63739,0.35559,0.23295,0.79608,0.15861,0.91773,0.83398
anchor_de24_out_tone,task_obj_swap_rand_mask_79926,garment_colour,crop_resize,107001,16.0747,0.61793,0.35735,0.23095,0.78824,0.15713,0.91506,0.82238
anchor_de24_out_tone,task_obj_swap_rand_mask_79926,garment_colour,identity,67001,16.29032,0.65356,0.32975,0.20285,0.87843,0.15328,0.92701,0.78961
anchor_de24_out_tone,task_obj_swap_rand_mask_79926,garment_colour,jpeg,17001,16.15826,0.60032,0.33394,0.19317,0.91765,0.15563,0.92578,0.82004
anchor_de24_out_tone,task_obj_swap_rand_mask_79926,garment_colour,jpeg,77001,16.20131,0.6011,0.33013,0.18981,0.81961,0.15486,0.9334,0.81838
anchor_de24_rand_a,task_env_weather_121086,add_hat,blur,27001,20.07603,0.90886,0.41221,0.16507,0.5451,0.09913,0.91944,0.91587
anchor_de24_rand_a,task_env_weather_121086,add_hat,blur,87001,19.80547,0.91047,0.39953,0.15448,0.74118,0.10226,0.95617,0.93339
anchor_de24_rand_a,task_env_weather_121086,add_hat,crop_resize,47001,21.03012,0.86094,0.34233,0.15225,0.81961,0.08882,0.93042,0.91461
anchor_de24_rand_a,task_env_weather_121086,add_hat,crop_resize,97001,19.15167,0.85189,0.37624,0.15101,0.72941,0.11026,0.951,0.94676
anchor_de24_rand_a,task_env_weather_121086,add_hat,identity,57001,19.63589,0.87628,0.35253,0.1562,0.7451,0.10428,0.93113,0.92567
anchor_de24_rand_a,task_env_weather_121086,add_hat,identity,107001,19.89263,0.88501,0.36564,0.1665,0.63137,0.10124,0.93431,0.91206
anchor_de24_rand_a,task_env_weather_121086,add_hat,jpeg,67001,19.56974,0.84937,0.37851,0.15682,0.77255,0.10508,0.83432,0.84827
anchor_de24_rand_a,task_env_weather_121086,add_scarf,blur,17001,18.39146,0.78547,0.41586,0.15908,0.8549,0.12034,0.80424,0.81294
anchor_de24_rand_a,task_env_weather_121086,add_scarf,blur,77001,19.82605,0.85755,0.37448,0.17126,0.78824,0.10202,0.94936,0.93106
anchor_de24_rand_a,task_env_weather_121086,add_scarf,crop_resize,27001,14.22119,0.58309,0.5306,0.19393,1.0,0.19451,0.84378,0.90603
anchor_de24_rand_a,task_env_weather_121086,add_scarf,crop_resize,87001,16.42656,0.73826,0.4338,0.13939,0.94902,0.15089,0.86966,0.90098
anchor_de24_rand_a,task_env_weather_121086,add_scarf,identity,47001,17.70805,0.7879,0.40751,0.17919,0.94902,0.1302,0.90593,0.91715
anchor_de24_rand_a,task_env_weather_121086,add_scarf,identity,97001,17.17145,0.72412,0.4275,0.18068,0.96863,0.13849,0.90613,0.90465
anchor_de24_rand_a,task_env_weather_121086,add_scarf,jpeg,57001,15.83471,0.64216,0.46159,0.18363,0.98039,0.16153,0.76092,0.79801
anchor_de24_rand_a,task_env_weather_121086,add_scarf,jpeg,107001,14.85953,0.61852,0.45496,0.19815,0.96471,0.18073,0.85159,0.78059
anchor_de24_rand_a,task_env_weather_121086,garment_colour,blur,67001,23.68159,0.90002,0.22589,0.12553,0.4549,0.06545,0.97057,0.97898
anchor_de24_rand_a,task_env_weather_121086,garment_colour,crop_resize,17001,22.42945,0.89314,0.2875,0.13702,0.70588,0.0756,0.95046,0.97074
anchor_de24_rand_a,task_env_weather_121086,garment_colour,crop_resize,77001,13.37223,0.64954,0.35338,0.19839,0.8549,0.21448,0.87266,0.88286
anchor_de24_rand_a,task_env_weather_121086,garment_colour,identity,27001,17.28311,0.84307,0.22811,0.15386,0.80784,0.13672,0.80187,0.81439
anchor_de24_rand_a,task_env_weather_121086,garment_colour,identity,87001,22.12999,0.91247,0.28005,0.13651,0.60784,0.07825,0.92875,0.97114
anchor_de24_rand_a,task_env_weather_121086,garment_colour,jpeg,47001,16.89983,0.80519,0.28888,0.15547,0.73333,0.14289,0.8124,0.84964
anchor_de24_rand_a,task_env_weather_121086,garment_colour,jpeg,97001,22.53488,0.86795,0.23648,0.10636,0.55294,0.07469,0.95981,0.97811
anchor_de24_rand_a,task_obj_remove_410264,add_hat,blur,57001,13.59493,0.67621,0.58646,0.25336,0.96471,0.20905,0.72552,0.78554
anchor_de24_rand_a,task_obj_remove_410264,add_hat,blur,107001,15.57434,0.77168,0.51675,0.21705,0.9098,0.16645,0.56009,0.70092
anchor_de24_rand_a,task_obj_remove_410264,add_hat,crop_resize,67001,19.22708,0.88288,0.37107,0.13226,0.58824,0.10931,0.76228,0.8226
anchor_de24_rand_a,task_obj_remove_410264,add_hat,identity,17001,13.43197,0.6635,0.61955,0.24712,0.90588,0.21301,0.54921,0.62847
anchor_de24_rand_a,task_obj_remove_410264,add_hat,identity,77001,16.71369,0.79431,0.47045,0.18201,0.8902,0.14599,0.75816,0.76518
anchor_de24_rand_a,task_obj_remove_410264,add_hat,jpeg,27001,13.9918,0.71824,0.54636,0.22688,0.87843,0.19971,0.65895,0.71392
anchor_de24_rand_a,task_obj_remove_410264,add_hat,jpeg,87001,14.08022,0.70528,0.56778,0.24324,0.92549,0.19769,0.72029,0.73916
anchor_de24_rand_a,task_obj_remove_410264,add_scarf,blur,47001,12.62234,0.66574,0.51118,0.21024,1.0,0.23382,0.7964,0.83275
anchor_de24_rand_a,task_obj_remove_410264,add_scarf,blur,97001,12.17866,0.59529,0.565,0.22933,0.98824,0.24607,0.77383,0.81274
anchor_de24_rand_a,task_obj_remove_410264,add_scarf,crop_resize,57001,10.15322,0.50167,0.66235,0.26146,0.99608,0.3107,0.69964,0.79188
anchor_de24_rand_a,task_obj_remove_410264,add_scarf,crop_resize,107001,10.45166,0.52409,0.62102,0.25803,1.0,0.3002,0.7995,0.86197
anchor_de24_rand_a,task_obj_remove_410264,add_scarf,identity,67001,11.8418,0.56163,0.63004,0.24541,1.0,0.25581,0.63824,0.87456
anchor_de24_rand_a,task_obj_remove_410264,add_scarf,jpeg,17001,13.62096,0.63693,0.5297,0.22726,0.98431,0.20843,0.78892,0.81939
anchor_de24_rand_a,task_obj_remove_410264,add_scarf,jpeg,77001,11.8182,0.60752,0.57842,0.23472,1.0,0.2565,0.77373,0.7407
anchor_de24_rand_a,task_obj_remove_410264,garment_colour,blur,27001,17.52555,0.76046,0.23272,0.12589,0.6,0.13296,0.95825,0.97932
anchor_de24_rand_a,task_obj_remove_410264,garment_colour,blur,87001,18.91169,0.83653,0.21737,0.10787,0.46275,0.11335,0.96132,0.97469
anchor_de24_rand_a,task_obj_remove_410264,garment_colour,crop_resize,47001,14.69676,0.77121,0.28087,0.12947,0.65882,0.18415,0.95707,0.96031
anchor_de24_rand_a,task_obj_remove_410264,garment_colour,crop_resize,97001,9.02912,0.64071,0.43217,0.22225,0.88235,0.35363,0.89874,0.95224
anchor_de24_rand_a,task_obj_remove_410264,garment_colour,identity,57001,13.9696,0.72168,0.27023,0.13684,0.68235,0.20023,0.96085,0.97121
anchor_de24_rand_a,task_obj_remove_410264,garment_colour,identity,107001,17.30305,0.82053,0.24466,0.1061,0.81961,0.13641,0.94618,0.96892
anchor_de24_rand_a,task_obj_remove_410264,garment_colour,jpeg,67001,15.19051,0.78112,0.28236,0.13006,0.69412,0.17397,0.95625,0.97046
anchor_de24_rand_a,task_obj_swap_rand_mask_79926,add_hat,blur,17001,19.36668,0.90894,0.46632,0.17215,0.66667,0.10756,0.93806,0.8881
anchor_de24_rand_a,task_obj_swap_rand_mask_79926,add_hat,blur,77001,18.99044,0.8917,0.47019,0.18702,0.61176,0.11233,0.94584,0.87734
anchor_de24_rand_a,task_obj_swap_rand_mask_79926,add_hat,crop_resize,27001,18.1116,0.81799,0.55948,0.21856,0.81569,0.12429,0.91389,0.80124
anchor_de24_rand_a,task_obj_swap_rand_mask_79926,add_hat,crop_resize,87001,19.09755,0.82384,0.51516,0.17622,0.78431,0.11095,0.80581,0.78954
anchor_de24_rand_a,task_obj_swap_rand_mask_79926,add_hat,identity,47001,17.88639,0.79113,0.52754,0.18333,0.91765,0.12755,0.78699,0.78873
anchor_de24_rand_a,task_obj_swap_rand_mask_79926,add_hat,identity,97001,18.1328,0.84272,0.49672,0.174,0.73333,0.12398,0.92767,0.86338
anchor_de24_rand_a,task_obj_swap_rand_mask_79926,add_hat,jpeg,57001,16.50111,0.69923,0.58218,0.19232,0.82745,0.1496,0.75545,0.78082
anchor_de24_rand_a,task_obj_swap_rand_mask_79926,add_hat,jpeg,107001,16.70277,0.75828,0.62389,0.19915,0.96863,0.14617,0.72681,0.83067
anchor_de24_rand_a,task_obj_swap_rand_mask_79926,add_scarf,blur,67001,16.16573,0.73188,0.48442,0.16736,0.97255,0.15549,0.89858,0.85709
anchor_de24_rand_a,task_obj_swap_rand_mask_79926,add_scarf,crop_resize,17001,16.56841,0.73137,0.48117,0.17863,0.98824,0.14845,0.92269,0.8969
anchor_de24_rand_a,task_obj_swap_rand_mask_79926,add_scarf,crop_resize,77001,17.58354,0.79536,0.4011,0.14744,0.98431,0.13208,0.96651,0.90529
anchor_de24_rand_a,task_obj_swap_rand_mask_79926,add_scarf,identity,27001,16.53513,0.76687,0.44876,0.16067,0.98431,0.14902,0.91029,0.88649
anchor_de24_rand_a,task_obj_swap_rand_mask_79926,add_scarf,identity,87001,18.20733,0.81834,0.41581,0.13244,0.95294,0.12292,0.94414,0.91468
anchor_de24_rand_a,task_obj_swap_rand_mask_79926,add_scarf,jpeg,47001,18.77108,0.80822,0.47155,0.15966,0.95686,0.1152,0.95386,0.91831
anchor_de24_rand_a,task_obj_swap_rand_mask_79926,add_scarf,jpeg,97001,15.59198,0.72291,0.46955,0.15287,1.0,0.16611,0.93391,0.91849
anchor_de24_rand_a,task_obj_swap_rand_mask_79926,garment_colour,blur,57001,18.11954,0.78701,0.20059,0.1919,0.57647,0.12417,0.94986,0.90424
anchor_de24_rand_a,task_obj_swap_rand_mask_79926,garment_colour,blur,107001,18.47827,0.78715,0.20091,0.18747,0.70196,0.11915,0.94871,0.90674
anchor_de24_rand_a,task_obj_swap_rand_mask_79926,garment_colour,crop_resize,67001,17.71241,0.77409,0.26841,0.21083,0.75294,0.13013,0.93029,0.91992
anchor_de24_rand_a,task_obj_swap_rand_mask_79926,garment_colour,identity,17001,17.82579,0.79608,0.22624,0.17561,0.83137,0.12844,0.95926,0.9117
anchor_de24_rand_a,task_obj_swap_rand_mask_79926,garment_colour,identity,77001,17.88721,0.78625,0.21352,0.18037,0.88235,0.12754,0.96201,0.91458
anchor_de24_rand_a,task_obj_swap_rand_mask_79926,garment_colour,jpeg,27001,17.99772,0.76555,0.23571,0.17694,0.78431,0.12593,0.95648,0.91563
anchor_de24_rand_a,task_obj_swap_rand_mask_79926,garment_colour,jpeg,87001,18.44327,0.7952,0.21906,0.17056,0.70196,0.11963,0.96042,0.92006
anchor_de24_rand_b,task_env_weather_121086,add_hat,blur,47001,14.60599,0.75725,0.3848,0.18135,0.8902,0.18608,0.9319,0.90837
anchor_de24_rand_b,task_env_weather_121086,add_hat,blur,97001,14.39664,0.74019,0.3912,0.18427,0.75686,0.19062,0.88905,0.87144
anchor_de24_rand_b,task_env_weather_121086,add_hat,crop_resize,57001,15.21932,0.71943,0.37338,0.16998,0.61569,0.17339,0.90517,0.89741
anchor_de24_rand_b,task_env_weather_121086,add_hat,crop_resize,107001,14.12941,0.69793,0.37745,0.18279,0.93333,0.19658,0.87492,0.94252
anchor_de24_rand_b,task_env_weather_121086,add_hat,identity,67001,14.4915,0.70393,0.36875,0.18793,0.81176,0.18855,0.88009,0.91257
anchor_de24_rand_b,task_env_weather_121086,add_hat,jpeg,17001,14.46002,0.69627,0.38194,0.19346,0.80784,0.18923,0.90227,0.93642
anchor_de24_rand_b,task_env_weather_121086,add_hat,jpeg,77001,14.5291,0.67386,0.38994,0.20873,0.89804,0.18773,0.9033,0.88867
anchor_de24_rand_b,task_env_weather_121086,add_scarf,blur,27001,12.42099,0.5462,0.54686,0.24672,1.0,0.2393,0.71362,0.78735
anchor_de24_rand_b,task_env_weather_121086,add_scarf,blur,87001,11.92404,0.50724,0.55219,0.26674,1.0,0.25339,0.6428,0.68744
anchor_de24_rand_b,task_env_weather_121086,add_scarf,crop_resize,47001,12.39439,0.48639,0.56783,0.25953,1.0,0.24004,0.58509,0.68724
anchor_de24_rand_b,task_env_weather_121086,add_scarf,crop_resize,97001,11.85585,0.44798,0.58784,0.25482,1.0,0.25539,0.48188,0.66007
anchor_de24_rand_b,task_env_weather_121086,add_scarf,identity,57001,12.16258,0.49115,0.55319,0.24436,1.0,0.24653,0.68331,0.72435
anchor_de24_rand_b,task_env_weather_121086,add_scarf,identity,107001,11.71612,0.40531,0.62368,0.26126,1.0,0.25953,0.58594,0.67869
anchor_de24_rand_b,task_env_weather_121086,add_scarf,jpeg,67001,13.28651,0.61699,0.44177,0.20577,1.0,0.21661,0.77824,0.85643
anchor_de24_rand_b,task_env_weather_121086,garment_colour,blur,17001,15.3974,0.75359,0.27852,0.15913,0.67059,0.16988,0.9508,0.96341
anchor_de24_rand_b,task_env_weather_121086,garment_colour,blur,77001,14.54203,0.71343,0.28849,0.17356,0.63922,0.18746,0.93593,0.95284
anchor_de24_rand_b,task_env_weather_121086,garment_colour,crop_resize,27001,14.58169,0.70835,0.28521,0.18546,0.81961,0.1866,0.91821,0.96687
anchor_de24_rand_b,task_env_weather_121086,garment_colour,crop_resize,87001,14.1769,0.68261,0.30045,0.16366,0.8549,0.1955,0.91718,0.9468
anchor_de24_rand_b,task_env_weather_121086,garment_colour,identity,47001,12.11872,0.59599,0.36511,0.20182,1.0,0.24778,0.93673,0.94666
anchor_de24_rand_b,task_env_weather_121086,garment_colour,identity,97001,14.8621,0.7011,0.28412,0.17093,0.88235,0.18067,0.93229,0.95879
anchor_de24_rand_b,task_env_weather_121086,garment_colour,jpeg,57001,15.24803,0.73179,0.28631,0.16329,0.85098,0.17282,0.93921,0.96794
anchor_de24_rand_b,task_env_weather_121086,garment_colour,jpeg,107001,14.86102,0.7108,0.28395,0.18299,0.83922,0.1807,0.93375,0.96254
anchor_de24_rand_b,task_obj_remove_410264,add_hat,blur,67001,19.8971,0.90824,0.24967,0.13962,0.70588,0.10119,0.92653,0.94879
anchor_de24_rand_b,task_obj_remove_410264,add_hat,crop_resize,17001,16.48999,0.8411,0.29266,0.15153,0.83922,0.1498,0.88704,0.93471
anchor_de24_rand_b,task_obj_remove_410264,add_hat,crop_resize,77001,18.89542,0.85608,0.28145,0.14093,0.88627,0.11356,0.79505,0.82881
anchor_de24_rand_b,task_obj_remove_410264,add_hat,identity,27001,17.25732,0.83436,0.31451,0.16111,0.95294,0.13713,0.7947,0.7978
anchor_de24_rand_b,task_obj_remove_410264,add_hat,identity,87001,17.16156,0.83559,0.33451,0.16823,0.93333,0.13865,0.70343,0.77266
anchor_de24_rand_b,task_obj_remove_410264,add_hat,jpeg,47001,18.74771,0.86027,0.29446,0.13968,0.86275,0.11551,0.89323,0.8247
anchor_de24_rand_b,task_obj_remove_410264,add_hat,jpeg,97001,17.39708,0.8032,0.32633,0.17622,0.94902,0.13494,0.74518,0.76304
anchor_de24_rand_b,task_obj_remove_410264,add_scarf,blur,57001,17.9883,0.84672,0.27692,0.13302,0.91373,0.12606,0.93282,0.9724
anchor_de24_rand_b,task_obj_remove_410264,add_scarf,blur,107001,16.91692,0.82363,0.30066,0.14254,0.86667,0.14261,0.92357,0.95634
anchor_de24_rand_b,task_obj_remove_410264,add_scarf,crop_resize,67001,15.41945,0.71843,0.40254,0.19333,0.95294,0.16944,0.82882,0.87537
anchor_de24_rand_b,task_obj_remove_410264,add_scarf,identity,17001,16.04128,0.7849,0.32576,0.14242,0.95294,0.15774,0.90859,0.93024
anchor_de24_rand_b,task_obj_remove_410264,add_scarf,identity,77001,13.53929,0.68801,0.40182,0.19516,0.97647,0.21039,0.8953,0.8657
anchor_de24_rand_b,task_obj_remove_410264,add_scarf,jpeg,27001,17.5447,0.79842,0.30853,0.1428,0.92157,0.13267,0.90936,0.95602
anchor_de24_rand_b,task_obj_remove_410264,add_scarf,jpeg,87001,15.31405,0.70184,0.38128,0.16351,0.98824,0.17151,0.83353,0.94688
anchor_de24_rand_b,task_obj_remove_410264,garment_colour,blur,47001,17.03822,0.84242,0.22839,0.13119,0.55294,0.14063,0.96803,0.97254
anchor_de24_rand_b,task_obj_remove_410264,garment_colour,blur,97001,18.80899,0.87882,0.19155,0.10856,0.5098,0.1147,0.97466,0.97762
anchor_de24_rand_b,task_obj_remove_410264,garment_colour,crop_resize,57001,18.35268,0.86505,0.22367,0.12384,0.70196,0.12088,0.93433,0.95095
anchor_de24_rand_b,task_obj_remove_410264,garment_colour,crop_resize,107001,17.69858,0.85611,0.22569,0.11899,0.73333,0.13034,0.9175,0.96044
anchor_de24_rand_b,task_obj_remove_410264,garment_colour,identity,67001,16.44974,0.81257,0.26216,0.1499,0.71765,0.15049,0.94921,0.94021
anchor_de24_rand_b,task_obj_remove_410264,garment_colour,jpeg,17001,19.09569,0.87052,0.23815,0.10185,0.73725,0.11097,0.96997,0.96511
anchor_de24_rand_b,task_obj_remove_410264,garment_colour,jpeg,77001,15.89087,0.78513,0.29,0.15305,0.7098,0.16049,0.92092,0.92585
anchor_de24_rand_b,task_obj_swap_rand_mask_79926,add_hat,blur,27001,16.09799,0.81256,0.33836,0.14973,0.82353,0.15671,0.90603,0.8525
anchor_de24_rand_b,task_obj_swap_rand_mask_79926,add_hat,blur,87001,15.54613,0.7389,0.41609,0.18054,0.8,0.16699,0.76581,0.69465
anchor_de24_rand_b,task_obj_swap_rand_mask_79926,add_hat,crop_resize,47001,14.80542,0.74175,0.40608,0.1497,0.96863,0.18186,0.80436,0.79872
anchor_de24_rand_b,task_obj_swap_rand_mask_79926,add_hat,crop_resize,97001,15.07284,0.68627,0.45325,0.20937,1.0,0.17634,0.75067,0.7399
anchor_de24_rand_b,task_obj_swap_rand_mask_79926,add_hat,identity,57001,14.44657,0.67635,0.46331,0.18584,0.96078,0.18953,0.69456,0.69556
anchor_de24_rand_b,task_obj_swap_rand_mask_79926,add_hat,identity,107001,16.80914,0.79885,0.35782,0.14641,0.96471,0.14439,0.93669,0.93471
anchor_de24_rand_b,task_obj_swap_rand_mask_79926,add_hat,jpeg,67001,16.07475,0.76766,0.37057,0.15201,0.88235,0.15713,0.76572,0.78094
anchor_de24_rand_b,task_obj_swap_rand_mask_79926,add_scarf,blur,17001,14.62189,0.68457,0.39953,0.20455,0.95686,0.18574,0.83092,0.77574
anchor_de24_rand_b,task_obj_swap_rand_mask_79926,add_scarf,blur,77001,15.34204,0.70532,0.39724,0.1662,0.9451,0.17096,0.82287,0.81383
anchor_de24_rand_b,task_obj_swap_rand_mask_79926,add_scarf,crop_resize,27001,13.99291,0.60939,0.43139,0.18572,0.99216,0.19969,0.82679,0.78744
anchor_de24_rand_b,task_obj_swap_rand_mask_79926,add_scarf,crop_resize,87001,14.13876,0.62291,0.42972,0.19115,0.99216,0.19636,0.83391,0.86347
anchor_de24_rand_b,task_obj_swap_rand_mask_79926,add_scarf,identity,47001,13.87044,0.59227,0.46657,0.19536,1.0,0.20252,0.78923,0.78866
anchor_de24_rand_b,task_obj_swap_rand_mask_79926,add_scarf,identity,97001,13.95187,0.62883,0.42232,0.1856,1.0,0.20063,0.82164,0.80777
anchor_de24_rand_b,task_obj_swap_rand_mask_79926,add_scarf,jpeg,57001,14.94568,0.63774,0.43727,0.1709,0.98431,0.17894,0.81159,0.79873
anchor_de24_rand_b,task_obj_swap_rand_mask_79926,add_scarf,jpeg,107001,13.93863,0.59316,0.44734,0.19312,1.0,0.20094,0.80366,0.74957
anchor_de24_rand_b,task_obj_swap_rand_mask_79926,garment_colour,blur,67001,18.98016,0.81126,0.16325,0.11371,0.69412,0.11246,0.97506,0.93916
anchor_de24_rand_b,task_obj_swap_rand_mask_79926,garment_colour,crop_resize,17001,17.86711,0.78616,0.18693,0.13755,0.80784,0.12783,0.95732,0.93307
anchor_de24_rand_b,task_obj_swap_rand_mask_79926,garment_colour,crop_resize,77001,18.02556,0.79373,0.17382,0.12766,0.7098,0.12552,0.96604,0.93952
anchor_de24_rand_b,task_obj_swap_rand_mask_79926,garment_colour,identity,27001,18.28823,0.78168,0.17834,0.12306,0.86275,0.12178,0.96562,0.93238
anchor_de24_rand_b,task_obj_swap_rand_mask_79926,garment_colour,identity,87001,18.36399,0.79482,0.18378,0.12308,0.83922,0.12073,0.96603,0.93587
anchor_de24_rand_b,task_obj_swap_rand_mask_79926,garment_colour,jpeg,47001,17.99897,0.81513,0.21158,0.12938,0.83529,0.12591,0.96448,0.93448
anchor_de24_rand_b,task_obj_swap_rand_mask_79926,garment_colour,jpeg,97001,17.66526,0.78423,0.22892,0.13037,0.84706,0.13084,0.96119,0.93944
anchor_de24_rand_c,task_env_weather_121086,add_hat,blur,57001,17.14962,0.77542,0.52473,0.22887,0.74118,0.13884,0.93845,0.88252
anchor_de24_rand_c,task_env_weather_121086,add_hat,blur,107001,17.30154,0.78854,0.53063,0.22053,0.60392,0.13643,0.93889,0.88219
anchor_de24_rand_c,task_env_weather_121086,add_hat,crop_resize,67001,16.61739,0.67055,0.52109,0.21394,0.9098,0.14761,0.90508,0.88876
anchor_de24_rand_c,task_env_weather_121086,add_hat,identity,17001,16.33566,0.68916,0.51347,0.22134,0.87843,0.15248,0.89827,0.88334
anchor_de24_rand_c,task_env_weather_121086,add_hat,identity,77001,15.68313,0.63749,0.51785,0.2219,0.87059,0.16438,0.91483,0.84161
anchor_de24_rand_c,task_env_weather_121086,add_hat,jpeg,27001,16.99383,0.71386,0.4964,0.20562,0.71765,0.14135,0.89555,0.89601
anchor_de24_rand_c,task_env_weather_121086,add_hat,jpeg,87001,16.8207,0.7133,0.49501,0.20879,0.69804,0.1442,0.92316,0.90623
anchor_de24_rand_c,task_env_weather_121086,add_scarf,blur,47001,13.81103,0.53987,0.58266,0.24466,0.95294,0.20391,0.63912,0.69809
anchor_de24_rand_c,task_env_weather_121086,add_scarf,blur,97001,14.77335,0.57553,0.53098,0.22196,0.96863,0.18253,0.6117,0.6357
anchor_de24_rand_c,task_env_weather_121086,add_scarf,crop_resize,57001,12.86173,0.427,0.64849,0.25039,1.0,0.22746,0.72949,0.74414
anchor_de24_rand_c,task_env_weather_121086,add_scarf,crop_resize,107001,14.71091,0.59588,0.54661,0.21286,0.93333,0.18385,0.83798,0.88592
anchor_de24_rand_c,task_env_weather_121086,add_scarf,identity,67001,15.0815,0.60969,0.53904,0.20553,0.92549,0.17617,0.73403,0.81989
anchor_de24_rand_c,task_env_weather_121086,add_scarf,jpeg,17001,15.84672,0.66117,0.48704,0.19019,0.88627,0.16131,0.71388,0.82299
anchor_de24_rand_c,task_env_weather_121086,add_scarf,jpeg,77001,15.42421,0.6765,0.51233,0.20863,0.95686,0.16935,0.81234,0.87456
anchor_de24_rand_c,task_env_weather_121086,garment_colour,blur,27001,13.49806,0.59896,0.49391,0.22476,0.79216,0.2114,0.86712,0.90235
anchor_de24_rand_c,task_env_weather_121086,garment_colour,blur,87001,13.25119,0.57615,0.44742,0.22551,0.81176,0.21749,0.85995,0.90999
anchor_de24_rand_c,task_env_weather_121086,garment_colour,crop_resize,47001,14.01593,0.63076,0.38402,0.20807,0.76078,0.19916,0.86347,0.92138
anchor_de24_rand_c,task_env_weather_121086,garment_colour,crop_resize,97001,12.46114,0.53052,0.41631,0.23389,0.79608,0.2382,0.79022,0.90607
anchor_de24_rand_c,task_env_weather_121086,garment_colour,identity,57001,18.46696,0.73759,0.3618,0.16571,0.88235,0.1193,0.92386,0.95529
anchor_de24_rand_c,task_env_weather_121086,garment_colour,identity,107001,13.61112,0.58965,0.48623,0.22888,0.91765,0.20866,0.841,0.88846
anchor_de24_rand_c,task_env_weather_121086,garment_colour,jpeg,67001,13.61631,0.60055,0.45396,0.23487,0.85098,0.20854,0.81614,0.9028
anchor_de24_rand_c,task_obj_remove_410264,add_hat,blur,17001,15.49857,0.76596,0.42271,0.1858,0.8549,0.16791,0.73294,0.83001
anchor_de24_rand_c,task_obj_remove_410264,add_hat,blur,77001,17.80172,0.84638,0.36352,0.16956,0.8902,0.1288,0.74695,0.86658
anchor_de24_rand_c,task_obj_remove_410264,add_hat,crop_resize,27001,16.53815,0.80307,0.36172,0.18356,0.79608,0.14897,0.82157,0.82217
anchor_de24_rand_c,task_obj_remove_410264,add_hat,crop_resize,87001,17.11323,0.83254,0.39281,0.18465,0.9098,0.13942,0.80775,0.78831
anchor_de24_rand_c,task_obj_remove_410264,add_hat,identity,47001,15.28256,0.80077,0.36601,0.17405,0.93725,0.17214,0.79524,0.80808
anchor_de24_rand_c,task_obj_remove_410264,add_hat,identity,97001,14.61496,0.76153,0.42665,0.21204,0.93333,0.18589,0.75882,0.7108
anchor_de24_rand_c,task_obj_remove_410264,add_hat,jpeg,57001,15.01672,0.75983,0.43724,0.18111,0.93333,0.17749,0.77645,0.79062
anchor_de24_rand_c,task_obj_remove_410264,add_hat,jpeg,107001,17.63716,0.83653,0.39632,0.17065,0.88627,0.13126,0.84005,0.85439
anchor_de24_rand_c,task_obj_remove_410264,add_scarf,blur,67001,16.261,0.7608,0.37433,0.14702,0.93333,0.1538,0.90362,0.94262
anchor_de24_rand_c,task_obj_remove_410264,add_scarf,crop_resize,17001,12.60894,0.60691,0.49339,0.17984,1.0,0.23418,0.86563,0.95297
anchor_de24_rand_c,task_obj_remove_410264,add_scarf,crop_resize,77001,12.76644,0.60902,0.48798,0.21785,1.0,0.22997,0.76698,0.9115
anchor_de24_rand_c,task_obj_remove_410264,add_scarf,identity,27001,16.44274,0.74602,0.33516,0.15242,0.92941,0.15061,0.85211,0.93615
anchor_de24_rand_c,task_obj_remove_410264,add_scarf,identity,87001,16.18322,0.77234,0.32058,0.14069,0.89804,0.15518,0.91092,0.94371
anchor_de24_rand_c,task_obj_remove_410264,add_scarf,jpeg,47001,17.03827,0.76731,0.3594,0.14077,0.85882,0.14063,0.92795,0.96313
anchor_de24_rand_c,task_obj_remove_410264,add_scarf,jpeg,97001,16.16766,0.7337,0.37675,0.14619,0.88627,0.15546,0.8886,0.92583
anchor_de24_rand_c,task_obj_remove_410264,garment_colour,blur,57001,20.34577,0.87227,0.1676,0.0883,0.44706,0.0961,0.97616,0.97917
anchor_de24_rand_c,task_obj_remove_410264,garment_colour,blur,107001,19.15137,0.8698,0.18852,0.09624,0.49804,0.11026,0.97105,0.97735
anchor_de24_rand_c,task_obj_remove_410264,garment_colour,crop_resize,67001,15.64575,0.78911,0.30353,0.15005,0.80392,0.16509,0.85672,0.9257
anchor_de24_rand_c,task_obj_remove_410264,garment_colour,identity,17001,18.72703,0.85348,0.2012,0.087,0.75294,0.11578,0.97382,0.9802
anchor_de24_rand_c,task_obj_remove_410264,garment_colour,identity,77001,17.59875,0.8231,0.24267,0.12545,0.78824,0.13184,0.95537,0.92658
anchor_de24_rand_c,task_obj_remove_410264,garment_colour,jpeg,27001,10.76009,0.69555,0.42269,0.18707,0.81569,0.28973,0.88715,0.89325
anchor_de24_rand_c,task_obj_remove_410264,garment_colour,jpeg,87001,12.07306,0.73337,0.40023,0.17418,0.78824,0.24908,0.89699,0.89442
anchor_de24_rand_c,task_obj_swap_rand_mask_79926,add_hat,blur,47001,18.09508,0.84045,0.55231,0.15079,0.62745,0.12452,0.88053,0.85527
anchor_de24_rand_c,task_obj_swap_rand_mask_79926,add_hat,blur,97001,17.73289,0.85552,0.50085,0.15061,0.55686,0.12982,0.93231,0.83841
anchor_de24_rand_c,task_obj_swap_rand_mask_79926,add_hat,crop_resize,57001,15.78096,0.74849,0.55298,0.2095,0.95294,0.16254,0.7887,0.81452
anchor_de24_rand_c,task_obj_swap_rand_mask_79926,add_hat,crop_resize,107001,16.81435,0.78493,0.51726,0.17583,0.79216,0.14431,0.82897,0.7379
anchor_de24_rand_c,task_obj_swap_rand_mask_79926,add_hat,identity,67001,16.38361,0.78217,0.51079,0.1535,0.83529,0.15164,0.89875,0.78923
anchor_de24_rand_c,task_obj_swap_rand_mask_79926,add_hat,jpeg,17001,16.81638,0.81029,0.51019,0.1589,0.85098,0.14427,0.91669,0.862
anchor_de24_rand_c,task_obj_swap_rand_mask_79926,add_hat,jpeg,77001,17.5597,0.82135,0.48992,0.14884,0.8,0.13244,0.92255,0.87698
anchor_de24_rand_c,task_obj_swap_rand_mask_79926,add_scarf,blur,27001,16.99273,0.7888,0.44324,0.13895,0.97647,0.14137,0.95082,0.87769
anchor_de24_rand_c,task_obj_swap_rand_mask_79926,add_scarf,blur,87001,18.65402,0.83817,0.42165,0.1179,0.91373,0.11676,0.94114,0.9139
anchor_de24_rand_c,task_obj_swap_rand_mask_79926,add_scarf,crop_resize,47001,17.06307,0.76671,0.43996,0.15287,0.99216,0.14023,0.94858,0.87134
anchor_de24_rand_c,task_obj_swap_rand_mask_79926,add_scarf,crop_resize,97001,16.21458,0.72222,0.45884,0.16077,0.98824,0.15462,0.90558,0.81875
anchor_de24_rand_c,task_obj_swap_rand_mask_79926,add_scarf,identity,57001,16.99167,0.76893,0.49372,0.13629,0.96863,0.14139,0.87157,0.86459
anchor_de24_rand_c,task_obj_swap_rand_mask_79926,add_scarf,identity,107001,15.4355,0.70432,0.52418,0.16987,1.0,0.16913,0.85297,0.80871
anchor_de24_rand_c,task_obj_swap_rand_mask_79926,add_scarf,jpeg,67001,16.84667,0.75842,0.49567,0.15538,1.0,0.14377,0.91571,0.88441
anchor_de24_rand_c,task_obj_swap_rand_mask_79926,garment_colour,blur,17001,17.29908,0.68134,0.19353,0.1666,0.55686,0.13647,0.95418,0.90095
anchor_de24_rand_c,task_obj_swap_rand_mask_79926,garment_colour,blur,77001,17.11438,0.71372,0.17962,0.1656,0.55686,0.13941,0.95786,0.892
anchor_de24_rand_c,task_obj_swap_rand_mask_79926,garment_colour,crop_resize,27001,16.97573,0.70279,0.23109,0.16392,0.70588,0.14165,0.9202,0.85466
anchor_de24_rand_c,task_obj_swap_rand_mask_79926,garment_colour,crop_resize,87001,16.44049,0.69792,0.23939,0.17022,0.70196,0.15065,0.9139,0.85349
anchor_de24_rand_c,task_obj_swap_rand_mask_79926,garment_colour,identity,47001,17.59993,0.68108,0.19863,0.1566,0.84314,0.13183,0.95231,0.92034
anchor_de24_rand_c,task_obj_swap_rand_mask_79926,garment_colour,identity,97001,16.74651,0.73072,0.22982,0.16809,0.83529,0.14544,0.95561,0.91687
anchor_de24_rand_c,task_obj_swap_rand_mask_79926,garment_colour,jpeg,57001,17.1484,0.6733,0.2181,0.15052,0.76078,0.13886,0.94552,0.90996
anchor_de24_rand_c,task_obj_swap_rand_mask_79926,garment_colour,jpeg,107001,17.44809,0.66955,0.21662,0.1492,0.72549,0.13415,0.94785,0.91931
anchor_de24_tone,task_env_weather_121086,add_hat,blur,67001,13.90301,0.67026,0.39221,0.21807,0.59608,0.20177,0.91809,0.92035
anchor_de24_tone,task_env_weather_121086,add_hat,crop_resize,17001,13.26874,0.54357,0.41178,0.23696,0.92941,0.21705,0.84135,0.86312
anchor_de24_tone,task_env_weather_121086,add_hat,crop_resize,77001,13.06983,0.50333,0.44542,0.23187,0.91765,0.22208,0.61666,0.75396
anchor_de24_tone,task_env_weather_121086,add_hat,identity,27001,14.10287,0.60315,0.39049,0.23162,0.75294,0.19718,0.85905,0.87436
anchor_de24_tone,task_env_weather_121086,add_hat,identity,87001,13.83621,0.59789,0.39549,0.2271,0.83922,0.20332,0.87242,0.8988
anchor_de24_tone,task_env_weather_121086,add_hat,jpeg,47001,13.65434,0.59856,0.39251,0.22786,0.88235,0.20763,0.85977,0.91367
anchor_de24_tone,task_env_weather_121086,add_hat,jpeg,97001,13.45649,0.58098,0.40741,0.22846,0.79216,0.21241,0.83924,0.89589
anchor_de24_tone,task_env_weather_121086,add_scarf,blur,57001,11.74703,0.45046,0.49117,0.27291,1.0,0.25861,0.83366,0.81711
anchor_de24_tone,task_env_weather_121086,add_scarf,blur,107001,11.73883,0.41364,0.54915,0.27835,0.96471,0.25886,0.80461,0.75092
anchor_de24_tone,task_env_weather_121086,add_scarf,crop_resize,67001,11.49378,0.42326,0.51832,0.28603,1.0,0.26626,0.65644,0.68475
anchor_de24_tone,task_env_weather_121086,add_scarf,identity,17001,12.24176,0.53693,0.46948,0.23654,0.98824,0.24429,0.70003,0.80365
anchor_de24_tone,task_env_weather_121086,add_scarf,identity,77001,12.12228,0.49976,0.48561,0.24374,0.93333,0.24768,0.78066,0.8204
anchor_de24_tone,task_env_weather_121086,add_scarf,jpeg,27001,12.02079,0.4878,0.49181,0.25063,0.99216,0.25059,0.69757,0.81465
anchor_de24_tone,task_env_weather_121086,add_scarf,jpeg,87001,11.51432,0.48128,0.49663,0.25492,0.91765,0.26563,0.85709,0.88363
anchor_de24_tone,task_env_weather_121086,garment_colour,blur,47001,13.39854,0.59663,0.31298,0.23818,0.64314,0.21383,0.92529,0.92065
anchor_de24_tone,task_env_weather_121086,garment_colour,blur,97001,13.22011,0.58247,0.31324,0.23875,0.63922,0.21827,0.93032,0.91988
anchor_de24_tone,task_env_weather_121086,garment_colour,crop_resize,57001,12.715,0.52186,0.32077,0.24566,0.78039,0.23134,0.88116,0.9185
anchor_de24_tone,task_env_weather_121086,garment_colour,crop_resize,107001,12.73245,0.51046,0.31502,0.24614,0.78039,0.23088,0.87298,0.91838
anchor_de24_tone,task_env_weather_121086,garment_colour,identity,67001,13.47524,0.57184,0.31975,0.23143,0.85882,0.21195,0.92901,0.91328
anchor_de24_tone,task_env_weather_121086,garment_colour,jpeg,17001,13.9393,0.59963,0.3064,0.22029,0.7451,0.20093,0.8847,0.93782
anchor_de24_tone,task_env_weather_121086,garment_colour,jpeg,77001,13.67832,0.57697,0.30744,0.23397,0.77647,0.20705,0.87559,0.92826
anchor_de24_tone,task_obj_remove_410264,add_hat,blur,27001,19.03619,0.86302,0.19397,0.11694,0.69804,0.11174,0.80049,0.89747
anchor_de24_tone,task_obj_remove_410264,add_hat,blur,87001,21.61547,0.921,0.14912,0.07563,0.76863,0.08303,0.8901,0.90446
anchor_de24_tone,task_obj_remove_410264,add_hat,crop_resize,47001,20.14158,0.89665,0.20758,0.12248,0.52941,0.09838,0.95012,0.90406
anchor_de24_tone,task_obj_remove_410264,add_hat,crop_resize,97001,18.10393,0.85402,0.25749,0.15198,0.81961,0.1244,0.82533,0.79923
anchor_de24_tone,task_obj_remove_410264,add_hat,identity,57001,18.04447,0.844,0.24462,0.1499,0.94118,0.12525,0.81671,0.86866
anchor_de24_tone,task_obj_remove_410264,add_hat,identity,107001,19.19812,0.8587,0.21497,0.14045,0.82353,0.10967,0.65861,0.82392
anchor_de24_tone,task_obj_remove_410264,add_hat,jpeg,67001,19.38015,0.85249,0.23499,0.11776,0.88627,0.1074,0.8334,0.90754
anchor_de24_tone,task_obj_remove_410264,add_scarf,blur,17001,16.83261,0.79607,0.2435,0.12279,0.96078,0.144,0.94152,0.95712
anchor_de24_tone,task_obj_remove_410264,add_scarf,blur,77001,18.56408,0.82301,0.23556,0.12931,0.81961,0.11798,0.94099,0.94969
anchor_de24_tone,task_obj_remove_410264,add_scarf,crop_resize,27001,16.83908,0.78064,0.25146,0.13115,0.8902,0.1439,0.96308,0.96512
anchor_de24_tone,task_obj_remove_410264,add_scarf,crop_resize,87001,17.46316,0.80256,0.24123,0.11573,0.92157,0.13392,0.94358,0.91716
anchor_de24_tone,task_obj_remove_410264,add_scarf,identity,47001,17.08194,0.77834,0.2677,0.14434,1.0,0.13993,0.92084,0.93875
anchor_de24_tone,task_obj_remove_410264,add_scarf,identity,97001,14.77689,0.68238,0.35498,0.17115,0.95294,0.18245,0.76752,0.8817
anchor_de24_tone,task_obj_remove_410264,add_scarf,jpeg,57001,18.29041,0.81477,0.25431,0.12132,0.96863,0.12175,0.97815,0.98111
anchor_de24_tone,task_obj_remove_410264,add_scarf,jpeg,107001,16.5539,0.77453,0.26808,0.12483,0.99216,0.1487,0.91924,0.97336
anchor_de24_tone,task_obj_remove_410264,garment_colour,blur,67001,20.74926,0.90036,0.14131,0.08803,0.39608,0.09174,0.96704,0.97108
anchor_de24_tone,task_obj_remove_410264,garment_colour,crop_resize,17001,16.71439,0.83412,0.24495,0.1403,0.69804,0.14598,0.84841,0.90149
anchor_de24_tone,task_obj_remove_410264,garment_colour,crop_resize,77001,12.79645,0.7627,0.32287,0.17882,0.84706,0.22918,0.86458,0.89974
anchor_de24_tone,task_obj_remove_410264,garment_colour,identity,27001,18.04813,0.84898,0.21248,0.13957,0.87059,0.1252,0.95101,0.94774
anchor_de24_tone,task_obj_remove_410264,garment_colour,identity,87001,18.11252,0.84321,0.20897,0.14538,0.83529,0.12427,0.93569,0.94315
anchor_de24_tone,task_obj_remove_410264,garment_colour,jpeg,47001,19.73049,0.8493,0.22971,0.1054,0.75294,0.10315,0.94437,0.95669
anchor_de24_tone,task_obj_remove_410264,garment_colour,jpeg,97001,19.861,0.84805,0.22727,0.10594,0.72549,0.10161,0.94322,0.96302
anchor_de24_tone,task_obj_swap_rand_mask_79926,add_hat,blur,57001,17.18343,0.81282,0.5417,0.17663,0.65882,0.1383,0.88723,0.76166
anchor_de24_tone,task_obj_swap_rand_mask_79926,add_hat,blur,107001,15.86689,0.73622,0.61373,0.18517,0.83137,0.16094,0.89358,0.84921
anchor_de24_tone,task_obj_swap_rand_mask_79926,add_hat,crop_resize,67001,14.91176,0.66706,0.59638,0.20731,0.98431,0.17964,0.70724,0.74166
anchor_de24_tone,task_obj_swap_rand_mask_79926,add_hat,identity,17001,15.58049,0.76552,0.55541,0.19147,0.84314,0.16633,0.88315,0.72613
anchor_de24_tone,task_obj_swap_rand_mask_79926,add_hat,identity,77001,16.20794,0.76256,0.53415,0.19143,0.82745,0.15474,0.86866,0.7258
anchor_de24_tone,task_obj_swap_rand_mask_79926,add_hat,jpeg,27001,15.85307,0.74994,0.55685,0.17319,0.80784,0.16119,0.90259,0.81935
anchor_de24_tone,task_obj_swap_rand_mask_79926,add_hat,jpeg,87001,15.35279,0.72589,0.54021,0.17734,0.87059,0.17075,0.87537,0.77916
anchor_de24_tone,task_obj_swap_rand_mask_79926,add_scarf,blur,47001,17.2459,0.78061,0.49522,0.14801,0.95294,0.13731,0.88325,0.82835
anchor_de24_tone,task_obj_swap_rand_mask_79926,add_scarf,blur,97001,15.20707,0.70338,0.52046,0.17459,0.98431,0.17364,0.87708,0.83172
anchor_de24_tone,task_obj_swap_rand_mask_79926,add_scarf,crop_resize,57001,15.04357,0.65816,0.58033,0.1833,1.0,0.17694,0.8347,0.84949
anchor_de24_tone,task_obj_swap_rand_mask_79926,add_scarf,crop_resize,107001,14.72195,0.63574,0.54439,0.18248,0.99608,0.18361,0.9067,0.86033
anchor_de24_tone,task_obj_swap_rand_mask_79926,add_scarf,identity,67001,15.46926,0.68941,0.5516,0.17661,1.0,0.16848,0.87272,0.80407
anchor_de24_tone,task_obj_swap_rand_mask_79926,add_scarf,jpeg,17001,16.34421,0.72506,0.51206,0.15394,0.94118,0.15233,0.92136,0.87154
anchor_de24_tone,task_obj_swap_rand_mask_79926,add_scarf,jpeg,77001,17.0159,0.73593,0.51071,0.14735,1.0,0.141,0.88579,0.84325
anchor_de24_tone,task_obj_swap_rand_mask_79926,garment_colour,blur,27001,16.30671,0.69043,0.28706,0.19898,0.76471,0.15299,0.94514,0.85192
anchor_de24_tone,task_obj_swap_rand_mask_79926,garment_colour,blur,87001,16.44038,0.70784,0.28465,0.19155,0.76863,0.15065,0.94599,0.84444
anchor_de24_tone,task_obj_swap_rand_mask_79926,garment_colour,crop_resize,47001,16.09305,0.66117,0.35737,0.21411,0.8549,0.1568,0.94218,0.85167
anchor_de24_tone,task_obj_swap_rand_mask_79926,garment_colour,crop_resize,97001,15.8285,0.67942,0.36116,0.22344,0.91373,0.16165,0.9402,0.82969
anchor_de24_tone,task_obj_swap_rand_mask_79926,garment_colour,identity,57001,16.40035,0.61748,0.32181,0.1924,1.0,0.15135,0.93998,0.82994
anchor_de24_tone,task_obj_swap_rand_mask_79926,garment_colour,identity,107001,16.54425,0.60924,0.32155,0.19662,0.91373,0.14886,0.93815,0.83934
anchor_de24_tone,task_obj_swap_rand_mask_79926,garment_colour,jpeg,67001,16.02673,0.65209,0.33558,0.18973,0.8902,0.158,0.9397,0.84618
