image,site,rank,prompt,steps,k_inv,n_edit,n_eot,seconds,purify_mode,align_steps,align_seconds,align_lpips,align_psnr,peak_mb,residual_gain,eff_rank_mean,energy_rank_99_mean,energy_rank_90_mean,raw_eff_rank_mean,raw_energy_rank_99_mean,clamped_fraction,final_loss,final_L_def,final_L_fid,final_shift,final_psnr,final_linf,final_psnr_total,final_linf_total,final_ssim,final_lpips,disp_mean_px,disp_max_px,disp_p99_px,flow_tv,grid_size,purify,strength,noise_split,proxy_gap,edit_psnr,edit_linf,edit_ssim,edit_lpips,edit_dists,edit_acutance_ratio,edit_niqe_a,edit_niqe_b,edit_clip_a,edit_siglip_a,edit_clip_b,edit_siglip_b,defimg_psnr,defimg_linf,defimg_ssim,defimg_lpips,defimg_dists,defimg_acutance_ratio,ctrl_lpips,ctrl_psnr,net_lpips
car_00,S,32,a wrecked car after an accident,25,10,10,1,97.6,rotate,0,0.0,,,10149.0,0.6,512.0,326.0,178.66666666666666,,,,0.26390540599823,0.2258169949054718,0.038088418543338776,0.2741830050945282,24.17908477783203,0.8284478187561035,24.17908477783203,0.8284478187561035,0.9441115260124207,0.038088418543338776,0.4880775809288025,2.0544891357421875,1.3592036962509155,1.1410681009292603,32,identity,0.0,train,0.0,19.3519229888916,0.8826872110366821,0.7344648838043213,0.2741830050945282,0.10860610008239746,0.875149130821228,4.215788341561983,3.3628850010636433,0.2232273519039154,0.05863351374864578,0.2138177454471588,0.0419391468167305,24.179073333740234,0.8284478187561035,0.9441115260124207,0.038088418543338776,0.014718472957611084,0.9765545725822449,0.0,80.0,0.2741830050945282
car_00,S,32,a wrecked car after an accident,25,10,10,1,97.6,rotate,0,0.0,,,10149.0,0.6,512.0,326.0,178.66666666666666,,,,0.26390540599823,0.2258169949054718,0.038088418543338776,0.2741830050945282,24.17908477783203,0.8284478187561035,24.17908477783203,0.8284478187561035,0.9441115260124207,0.038088418543338776,0.4880775809288025,2.0544891357421875,1.3592036962509155,1.1410681009292603,32,blur,0.0,heldout,0.0,23.660655975341797,0.8485682010650635,0.8861109018325806,0.1315871626138687,0.07222461700439453,0.9969845414161682,3.607388867230174,3.4288185129311026,0.21795710921287537,0.04843774065375328,0.217396080493927,0.037789661437273026,24.179073333740234,0.8284478187561035,0.9441115260124207,0.038088418543338776,0.014718472957611084,0.9765545725822449,0.0,80.0,0.1315871626138687
car_00,S,32,a wrecked car after an accident,25,10,10,1,97.6,rotate,0,0.0,,,10149.0,0.6,512.0,326.0,178.66666666666666,,,,0.26390540599823,0.2258169949054718,0.038088418543338776,0.2741830050945282,24.17908477783203,0.8284478187561035,24.17908477783203,0.8284478187561035,0.9441115260124207,0.038088418543338776,0.4880775809288025,2.0544891357421875,1.3592036962509155,1.1410681009292603,32,blur,0.5,heldout,0.0,23.984180450439453,0.8380205631256104,0.8800475001335144,0.15105265378952026,0.07639944553375244,0.7370439767837524,3.607388867230174,2.8394758760167775,0.21795710921287537,0.04843774065375328,0.21632541716098785,0.027657384052872658,24.357933044433594,0.7077884674072266,0.942995548248291,0.06213795393705368,0.02196502685546875,0.7051854133605957,0.07280343770980835,27.877161026000977,0.07824921607971191
car_00,S,32,a wrecked car after an accident,25,10,10,1,97.6,rotate,0,0.0,,,10149.0,0.6,512.0,326.0,178.66666666666666,,,,0.26390540599823,0.2258169949054718,0.038088418543338776,0.2741830050945282,24.17908477783203,0.8284478187561035,24.17908477783203,0.8284478187561035,0.9441115260124207,0.038088418543338776,0.4880775809288025,2.0544891357421875,1.3592036962509155,1.1410681009292603,32,blur,1.0,heldout,0.0,22.682506561279297,0.751530647277832,0.801224410533905,0.31837502121925354,0.12973368167877197,0.3879300355911255,3.607388867230174,4.234962445390204,0.21795710921287537,0.04843774065375328,0.21759657561779022,0.008408968336880207,22.305599212646484,0.6632080078125,0.8891977071762085,0.2252269834280014,0.08540093898773193,0.319257527589798,0.3081440329551697,22.882883071899414,0.010230988264083862
car_00,S,32,a wrecked car after an accident,25,10,10,1,97.6,rotate,0,0.0,,,10149.0,0.6,512.0,326.0,178.66666666666666,,,,0.26390540599823,0.2258169949054718,0.038088418543338776,0.2741830050945282,24.17908477783203,0.8284478187561035,24.17908477783203,0.8284478187561035,0.9441115260124207,0.038088418543338776,0.4880775809288025,2.0544891357421875,1.3592036962509155,1.1410681009292603,32,blur,1.5,heldout,0.0,21.52193260192871,0.7547779679298401,0.7266189455986023,0.44002291560173035,0.1846325397491455,0.24213531613349915,3.607388867230174,6.290724587728791,0.21795710921287537,0.04843774065375328,0.21934963762760162,0.03130853921175003,20.976173400878906,0.7442238330841064,0.8084248900413513,0.3430352807044983,0.1586134433746338,0.17603984475135803,0.4379340708255768,21.619068145751953,0.0020888447761535645
car_00,S,32,a wrecked car after an accident,25,10,10,1,97.6,rotate,0,0.0,,,10149.0,0.6,512.0,326.0,178.66666666666666,,,,0.26390540599823,0.2258169949054718,0.038088418543338776,0.2741830050945282,24.17908477783203,0.8284478187561035,24.17908477783203,0.8284478187561035,0.9441115260124207,0.038088418543338776,0.4880775809288025,2.0544891357421875,1.3592036962509155,1.1410681009292603,32,blur,2.0,heldout,0.0,20.88715362548828,0.7379089593887329,0.6671697497367859,0.514313280582428,0.2287743091583252,0.157639741897583,3.607388867230174,7.723643433967577,0.21795710921287537,0.04843774065375328,0.2130376398563385,0.024454141035676003,20.138107299804688,0.8026728630065918,0.7301006317138672,0.4244314432144165,0.2053370475769043,0.11186584085226059,0.5099867582321167,20.968475341796875,0.004326522350311279
car_00,S,32,a wrecked car after an accident,25,10,10,1,97.6,rotate,0,0.0,,,10149.0,0.6,512.0,326.0,178.66666666666666,,,,0.26390540599823,0.2258169949054718,0.038088418543338776,0.2741830050945282,24.17908477783203,0.8284478187561035,24.17908477783203,0.8284478187561035,0.9441115260124207,0.038088418543338776,0.4880775809288025,2.0544891357421875,1.3592036962509155,1.1410681009292603,32,blur,3.0,heldout,0.0,20.015914916992188,0.7465595006942749,0.578797459602356,0.5828380584716797,0.27624237537384033,0.08567192405462265,3.607388867230174,9.035604645709428,0.21795710921287537,0.04843774065375328,0.20807209610939026,0.03193571791052818,19.078716278076172,0.8470228910446167,0.6032352447509766,0.5309274792671204,0.2595316767692566,0.05806012824177742,0.5855351686477661,20.02093505859375,-0.0026971101760864258
car_00,S,32,a wrecked car after an accident,25,10,10,1,97.6,rotate,0,0.0,,,10149.0,0.6,512.0,326.0,178.66666666666666,,,,0.26390540599823,0.2258169949054718,0.038088418543338776,0.2741830050945282,24.17908477783203,0.8284478187561035,24.17908477783203,0.8284478187561035,0.9441115260124207,0.038088418543338776,0.4880775809288025,2.0544891357421875,1.3592036962509155,1.1410681009292603,32,jpeg,95,heldout,0.0,23.34270477294922,0.8411691188812256,0.8736667037010193,0.14649561047554016,0.07890641689300537,0.9983923435211182,3.607388867230174,3.255322023259988,0.21795710921287537,0.04843774065375328,0.21865957975387573,0.03836686164140701,23.957164764404297,0.8470588326454163,0.9375068545341492,0.05623043328523636,0.017816662788391113,0.9742717146873474,0.04655233025550842,29.74864959716797,0.09994328022003174
car_00,S,32,a wrecked car after an accident,25,10,10,1,97.6,rotate,0,0.0,,,10149.0,0.6,512.0,326.0,178.66666666666666,,,,0.26390540599823,0.2258169949054718,0.038088418543338776,0.2741830050945282,24.17908477783203,0.8284478187561035,24.17908477783203,0.8284478187561035,0.9441115260124207,0.038088418543338776,0.4880775809288025,2.0544891357421875,1.3592036962509155,1.1410681009292603,32,jpeg,85,heldout,0.0,22.894289016723633,0.8474581241607666,0.863055408000946,0.15572601556777954,0.0776679515838623,1.0130438804626465,3.607388867230174,3.1809791644078365,0.21795710921287537,0.04843774065375328,0.219732403755188,0.04089699685573578,23.652677536010742,0.8196078538894653,0.9289852380752563,0.09372004866600037,0.02086186408996582,0.9743467569351196,0.08944735676050186,26.51421546936035,0.06627865880727768
car_00,S,32,a wrecked car after an accident,25,10,10,1,97.6,rotate,0,0.0,,,10149.0,0.6,512.0,326.0,178.66666666666666,,,,0.26390540599823,0.2258169949054718,0.038088418543338776,0.2741830050945282,24.17908477783203,0.8284478187561035,24.17908477783203,0.8284478187561035,0.9441115260124207,0.038088418543338776,0.4880775809288025,2.0544891357421875,1.3592036962509155,1.1410681009292603,32,jpeg,75,heldout,0.0,22.655269622802734,0.8393378257751465,0.8522931933403015,0.17258571088314056,0.08383917808532715,1.0012025833129883,3.607388867230174,3.105391718216451,0.21795710921287537,0.04843774065375328,0.2132580280303955,0.031364984810352325,23.354368209838867,0.8705882430076599,0.921472430229187,0.1270654797554016,0.02577841281890869,0.9740585088729858,0.1362108737230301,24.49603843688965,0.036374837160110474
car_00,S,32,a wrecked car after an accident,25,10,10,1,97.6,rotate,0,0.0,,,10149.0,0.6,512.0,326.0,178.66666666666666,,,,0.26390540599823,0.2258169949054718,0.038088418543338776,0.2741830050945282,24.17908477783203,0.8284478187561035,24.17908477783203,0.8284478187561035,0.9441115260124207,0.038088418543338776,0.4880775809288025,2.0544891357421875,1.3592036962509155,1.1410681009292603,32,jpeg,60,heldout,0.0,22.451383590698242,0.837081789970398,0.8395326137542725,0.18909567594528198,0.0872347354888916,0.9713536500930786,3.607388867230174,2.3981639889130735,0.21795710921287537,0.04843774065375328,0.21752700209617615,0.03549300879240036,23.027170181274414,0.8352941274642944,0.913055419921875,0.16648650169372559,0.0324326753616333,0.9701513648033142,0.15937384963035583,23.30567169189453,0.029721826314926147
car_00,S,32,a wrecked car after an accident,25,10,10,1,97.6,rotate,0,0.0,,,10149.0,0.6,512.0,326.0,178.66666666666666,,,,0.26390540599823,0.2258169949054718,0.038088418543338776,0.2741830050945282,24.17908477783203,0.8284478187561035,24.17908477783203,0.8284478187561035,0.9441115260124207,0.038088418543338776,0.4880775809288025,2.0544891357421875,1.3592036962509155,1.1410681009292603,32,jpeg,45,heldout,0.0,22.228763580322266,0.830612301826477,0.8282143473625183,0.2167525589466095,0.09535276889801025,0.9371331334114075,3.607388867230174,2.2585759520127167,0.21795710921287537,0.04843774065375328,0.2241225242614746,0.046163175255060196,22.783916473388672,0.8627451062202454,0.9052583575248718,0.19337213039398193,0.03581857681274414,0.9630730152130127,0.18372881412506104,22.8984432220459,0.03302374482154846
car_00,S,32,a wrecked car after an accident,25,10,10,1,97.6,rotate,0,0.0,,,10149.0,0.6,512.0,326.0,178.66666666666666,,,,0.26390540599823,0.2258169949054718,0.038088418543338776,0.2741830050945282,24.17908477783203,0.8284478187561035,24.17908477783203,0.8284478187561035,0.9441115260124207,0.038088418543338776,0.4880775809288025,2.0544891357421875,1.3592036962509155,1.1410681009292603,32,jpeg,30,heldout,0.0,21.807870864868164,0.8566412925720215,0.7998418807983398,0.25176241993904114,0.09568136930465698,0.9376189708709717,3.607388867230174,1.920774343076884,0.21795710921287537,0.04843774065375328,0.22663141787052155,0.07749462872743607,22.418594360351562,0.8745098114013672,0.8918344974517822,0.23560252785682678,0.048853158950805664,0.9529324173927307,0.217988058924675,22.87649917602539,0.03377436101436615
car_00,S,32,a wrecked car after an accident,25,10,10,1,97.6,rotate,0,0.0,,,10149.0,0.6,512.0,326.0,178.66666666666666,,,,0.26390540599823,0.2258169949054718,0.038088418543338776,0.2741830050945282,24.17908477783203,0.8284478187561035,24.17908477783203,0.8284478187561035,0.9441115260124207,0.038088418543338776,0.4880775809288025,2.0544891357421875,1.3592036962509155,1.1410681009292603,32,noise,0.0,heldout,0.0,23.660655975341797,0.8485682010650635,0.8861109018325806,0.1315871626138687,0.07222461700439453,0.9969845414161682,3.607388867230174,3.4288185129311026,0.21795710921287537,0.04843774065375328,0.217396080493927,0.037789661437273026,24.179073333740234,0.8284478187561035,0.9441115260124207,0.038088418543338776,0.014718472957611084,0.9765545725822449,0.0,80.0,0.1315871626138687
car_00,S,32,a wrecked car after an accident,25,10,10,1,97.6,rotate,0,0.0,,,10149.0,0.6,512.0,326.0,178.66666666666666,,,,0.26390540599823,0.2258169949054718,0.038088418543338776,0.2741830050945282,24.17908477783203,0.8284478187561035,24.17908477783203,0.8284478187561035,0.9441115260124207,0.038088418543338776,0.4880775809288025,2.0544891357421875,1.3592036962509155,1.1410681009292603,32,noise,0.01,heldout,0.0,23.05959701538086,0.8474342823028564,0.8704030513763428,0.15259554982185364,0.0788913369178772,1.0766017436981201,3.607388867230174,3.386959645287629,0.21795710921287537,0.04843774065375328,0.2248917818069458,0.046017032116651535,24.06914710998535,0.8151898980140686,0.939445972442627,0.06217532604932785,0.01600438356399536,0.9776700139045715,0.03954797610640526,31.267223358154297,0.11304757371544838
car_00,S,32,a wrecked car after an accident,25,10,10,1,97.6,rotate,0,0.0,,,10149.0,0.6,512.0,326.0,178.66666666666666,,,,0.26390540599823,0.2258169949054718,0.038088418543338776,0.2741830050945282,24.17908477783203,0.8284478187561035,24.17908477783203,0.8284478187561035,0.9441115260124207,0.038088418543338776,0.4880775809288025,2.0544891357421875,1.3592036962509155,1.1410681009292603,32,noise,0.02,heldout,0.0,22.473297119140625,0.8414405584335327,0.8521702289581299,0.18985289335250854,0.095847487449646,1.1403971910476685,3.607388867230174,3.853929477906798,0.21795710921287537,0.04843774065375328,0.2340463548898697,0.0635894387960434,23.758928298950195,0.8197790384292603,0.9266273975372314,0.10767371952533722,0.029783248901367188,0.9823567867279053,0.09953555464744568,27.004262924194336,0.09031733870506287
car_00,S,32,a wrecked car after an accident,25,10,10,1,97.6,rotate,0,0.0,,,10149.0,0.6,512.0,326.0,178.66666666666666,,,,0.26390540599823,0.2258169949054718,0.038088418543338776,0.2741830050945282,24.17908477783203,0.8284478187561035,24.17908477783203,0.8284478187561035,0.9441115260124207,0.038088418543338776,0.4880775809288025,2.0544891357421875,1.3592036962509155,1.1410681009292603,32,noise,0.04,heldout,0.0,21.896259307861328,0.8698351383209229,0.8273164629936218,0.247063547372818,0.11355304718017578,1.2141014337539673,3.607388867230174,5.5815476085629045,0.21795710921287537,0.04843774065375328,0.23683446645736694,0.06934916973114014,22.725736618041992,0.8289572596549988,0.8866855502128601,0.1918649971485138,0.07319819927215576,1.0016026496887207,0.19673404097557068,23.58222007751465,0.050329506397247314
car_00,S,32,a wrecked car after an accident,25,10,10,1,97.6,rotate,0,0.0,,,10149.0,0.6,512.0,326.0,178.66666666666666,,,,0.26390540599823,0.2258169949054718,0.038088418543338776,0.2741830050945282,24.17908477783203,0.8284478187561035,24.17908477783203,0.8284478187561035,0.9441115260124207,0.038088418543338776,0.4880775809288025,2.0544891357421875,1.3592036962509155,1.1410681009292603,32,noise,0.08,heldout,0.0,19.03738021850586,0.95121169090271,0.7140271067619324,0.35367923974990845,0.16459321975708008,1.6904935836791992,3.607388867230174,7.8426435571999935,0.21795710921287537,0.04843774065375328,0.2597547173500061,0.09317804872989655,20.16677474975586,0.8696370720863342,0.789207935333252,0.3213604688644409,0.13696277141571045,1.0746954679489136,0.3299170434474945,19.68445587158203,0.02376219630241394
car_00,S,32,a wrecked car after an accident,25,10,10,1,97.6,rotate,0,0.0,,,10149.0,0.6,512.0,326.0,178.66666666666666,,,,0.26390540599823,0.2258169949054718,0.038088418543338776,0.2741830050945282,24.17908477783203,0.8284478187561035,24.17908477783203,0.8284478187561035,0.9441115260124207,0.038088418543338776,0.4880775809288025,2.0544891357421875,1.3592036962509155,1.1410681009292603,32,quantize,256,heldout,0.0,23.638755798339844,0.8488351106643677,0.8858077526092529,0.13150733709335327,0.07172763347625732,0.9990538954734802,3.607388867230174,3.376713923267927,0.21795710921287537,0.04843774065375328,0.21744921803474426,0.03496422991156578,24.177688598632812,0.8274510502815247,0.9440668821334839,0.03815767168998718,0.014763712882995605,0.976600170135498,9.154310122438947e-12,79.99993896484375,0.13150733708419896
car_00,S,32,a wrecked car after an accident,25,10,10,1,97.6,rotate,0,0.0,,,10149.0,0.6,512.0,326.0,178.66666666666666,,,,0.26390540599823,0.2258169949054718,0.038088418543338776,0.2741830050945282,24.17908477783203,0.8284478187561035,24.17908477783203,0.8284478187561035,0.9441115260124207,0.038088418543338776,0.4880775809288025,2.0544891357421875,1.3592036962509155,1.1410681009292603,32,quantize,64,heldout,0.0,23.493793487548828,0.8485629558563232,0.8836668729782104,0.13333170115947723,0.07308316230773926,1.0200271606445312,3.607388867230174,3.3788586488269523,0.21795710921287537,0.04843774065375328,0.21639299392700195,0.039609428495168686,24.155303955078125,0.8218488097190857,0.9429065585136414,0.043448999524116516,0.014830470085144043,0.9773642420768738,0.012385888025164604,36.321109771728516,0.12094581313431263
car_00,S,32,a wrecked car after an accident,25,10,10,1,97.6,rotate,0,0.0,,,10149.0,0.6,512.0,326.0,178.66666666666666,,,,0.26390540599823,0.2258169949054718,0.038088418543338776,0.2741830050945282,24.17908477783203,0.8284478187561035,24.17908477783203,0.8284478187561035,0.9441115260124207,0.038088418543338776,0.4880775809288025,2.0544891357421875,1.3592036962509155,1.1410681009292603,32,quantize,32,heldout,0.0,23.130657196044922,0.8357704877853394,0.8701471090316772,0.15102596580982208,0.07880282402038574,1.0401791334152222,3.607388867230174,3.381740486631924,0.21795710921287537,0.04843774065375328,0.21286889910697937,0.041984546929597855,24.083871841430664,0.8356736302375793,0.9391972422599792,0.05860622227191925,0.01720529794692993,0.9791340827941895,0.0374007448554039,30.940231323242188,0.11362522095441818
car_00,S,32,a wrecked car after an accident,25,10,10,1,97.6,rotate,0,0.0,,,10149.0,0.6,512.0,326.0,178.66666666666666,,,,0.26390540599823,0.2258169949054718,0.038088418543338776,0.2741830050945282,24.17908477783203,0.8284478187561035,24.17908477783203,0.8284478187561035,0.9441115260124207,0.038088418543338776,0.4880775809288025,2.0544891357421875,1.3592036962509155,1.1410681009292603,32,quantize,16,heldout,0.0,22.857254028320312,0.8396544456481934,0.857512354850769,0.16960279643535614,0.09034156799316406,1.0323230028152466,3.607388867230174,3.4372449988930422,0.21795710921287537,0.04843774065375328,0.22169062495231628,0.03634880483150482,23.780914306640625,0.8313726186752319,0.9218987226486206,0.10494720935821533,0.030790209770202637,0.987105131149292,0.08988402783870697,27.233318328857422,0.07971876859664917
car_00,S,32,a wrecked car after an accident,25,10,10,1,97.6,rotate,0,0.0,,,10149.0,0.6,512.0,326.0,178.66666666666666,,,,0.26390540599823,0.2258169949054718,0.038088418543338776,0.2741830050945282,24.17908477783203,0.8284478187561035,24.17908477783203,0.8284478187561035,0.9441115260124207,0.038088418543338776,0.4880775809288025,2.0544891357421875,1.3592036962509155,1.1410681009292603,32,quantize,8,heldout,0.0,21.926776885986328,0.8794934153556824,0.8072319030761719,0.20174995064735413,0.10162532329559326,1.1238962411880493,3.607388867230174,3.778954113479674,0.21795710921287537,0.04843774065375328,0.2239689826965332,0.06654399633407593,22.528976440429688,0.8571429252624512,0.861868143081665,0.1944856494665146,0.062382519245147705,1.0301040410995483,0.17508262395858765,22.727487564086914,0.02666732668876648
car_01,S,32,a wrecked car after an accident,25,10,10,1,97.5,rotate,0,0.0,,,11507.9,0.59,512.0,311.6666666666667,165.33333333333334,,,,0.2725067734718323,0.2278156578540802,0.04469110071659088,0.2721843421459198,24.639663696289062,0.8444827198982239,24.639663696289062,0.8444827198982239,0.9466306567192078,0.04469110071659088,0.5059126615524292,2.1213202476501465,1.4074954986572266,1.2258903980255127,32,identity,0.0,train,0.0,22.673797607421875,0.7491250038146973,0.8219127655029297,0.2721843421459198,0.12655329704284668,1.1546895503997803,3.557836939749452,3.285846886035324,0.2536417245864868,0.007090182509273291,0.24730713665485382,0.030702583491802216,24.639652252197266,0.8444827198982239,0.9466306567192078,0.04469110071659088,0.023727834224700928,0.9963464140892029,0.0,80.0,0.2721843421459198
car_01,S,32,a wrecked car after an accident,25,10,10,1,97.5,rotate,0,0.0,,,11507.9,0.59,512.0,311.6666666666667,165.33333333333334,,,,0.2725067734718323,0.2278156578540802,0.04469110071659088,0.2721843421459198,24.639663696289062,0.8444827198982239,24.639663696289062,0.8444827198982239,0.9466306567192078,0.04469110071659088,0.5059126615524292,2.1213202476501465,1.4074954986572266,1.2258903980255127,32,blur,0.0,heldout,0.0,25.920242309570312,0.6809993982315063,0.9257148504257202,0.12080070376396179,0.0651581883430481,0.9371123909950256,3.67183504966514,3.3846954479799503,0.30161184072494507,0.058260492980480194,0.30382537841796875,0.0869966670870781,24.639652252197266,0.8444827198982239,0.9466306567192078,0.04469110071659088,0.023727834224700928,0.9963464140892029,0.0,80.0,0.12080070376396179
car_01,S,32,a wrecked car after an accident,25,10,10,1,97.5,rotate,0,0.0,,,11507.9,0.59,512.0,311.6666666666667,165.33333333333334,,,,0.2725067734718323,0.2278156578540802,0.04469110071659088,0.2721843421459198,24.639663696289062,0.8444827198982239,24.639663696289062,0.8444827198982239,0.9466306567192078,0.04469110071659088,0.5059126615524292,2.1213202476501465,1.4074954986572266,1.2258903980255127,32,blur,0.5,heldout,0.0,26.163789749145508,0.5805151462554932,0.9181694984436035,0.1426038146018982,0.07370388507843018,0.7264319658279419,3.67183504966514,3.036406136327498,0.30161184072494507,0.058260492980480194,0.2973982095718384,0.08280424773693085,24.998699188232422,0.7581794261932373,0.9469422698020935,0.07218782603740692,0.03414827585220337,0.7603569030761719,0.07565651834011078,29.914710998535156,0.06694729626178741
car_01,S,32,a wrecked car after an accident,25,10,10,1,97.5,rotate,0,0.0,,,11507.9,0.59,512.0,311.6666666666667,165.33333333333334,,,,0.2725067734718323,0.2278156578540802,0.04469110071659088,0.2721843421459198,24.639663696289062,0.8444827198982239,24.639663696289062,0.8444827198982239,0.9466306567192078,0.04469110071659088,0.5059126615524292,2.1213202476501465,1.4074954986572266,1.2258903980255127,32,blur,1.0,heldout,0.0,23.723840713500977,0.6595962643623352,0.8353788256645203,0.3198205232620239,0.13939058780670166,0.3913723826408386,3.67183504966514,5.149168877629039,0.30161184072494507,0.058260492980480194,0.2820494771003723,0.05331144481897354,23.451005935668945,0.6750287413597107,0.9096016883850098,0.2248086929321289,0.10922044515609741,0.3844899833202362,0.2957572340965271,24.391075134277344,0.024063289165496826
car_01,S,32,a wrecked car after an accident,25,10,10,1,97.5,rotate,0,0.0,,,11507.9,0.59,512.0,311.6666666666667,165.33333333333334,,,,0.2725067734718323,0.2278156578540802,0.04469110071659088,0.2721843421459198,24.639663696289062,0.8444827198982239,24.639663696289062,0.8444827198982239,0.9466306567192078,0.04469110071659088,0.5059126615524292,2.1213202476501465,1.4074954986572266,1.2258903980255127,32,blur,1.5,heldout,0.0,22.193832397460938,0.6720301508903503,0.7570966482162476,0.4273807406425476,0.1845848560333252,0.24820846319198608,3.67183504966514,6.914616927648503,0.30161184072494507,0.058260492980480194,0.2713634669780731,0.04068461060523987,21.95862579345703,0.704802930355072,0.8417178988456726,0.3316705822944641,0.1697481870651245,0.21792101860046387,0.4127838611602783,22.445650100708008,0.014596879482269287
car_01,S,32,a wrecked car after an accident,25,10,10,1,97.5,rotate,0,0.0,,,11507.9,0.59,512.0,311.6666666666667,165.33333333333334,,,,0.2725067734718323,0.2278156578540802,0.04469110071659088,0.2721843421459198,24.639663696289062,0.8444827198982239,24.639663696289062,0.8444827198982239,0.9466306567192078,0.04469110071659088,0.5059126615524292,2.1213202476501465,1.4074954986572266,1.2258903980255127,32,blur,2.0,heldout,0.0,21.368885040283203,0.6783499717712402,0.6934007406234741,0.49008238315582275,0.23019421100616455,0.1730482429265976,3.67183504966514,7.926432124930941,0.30161184072494507,0.058260492980480194,0.260611355304718,0.0254481453448534,20.919797897338867,0.7345362901687622,0.7674049139022827,0.41170358657836914,0.2137797474861145,0.13882511854171753,0.48431462049484253,21.47342872619629,0.005767762660980225
car_01,S,32,a wrecked car after an accident,25,10,10,1,97.5,rotate,0,0.0,,,11507.9,0.59,512.0,311.6666666666667,165.33333333333334,,,,0.2725067734718323,0.2278156578540802,0.04469110071659088,0.2721843421459198,24.639663696289062,0.8444827198982239,24.639663696289062,0.8444827198982239,0.9466306567192078,0.04469110071659088,0.5059126615524292,2.1213202476501465,1.4074954986572266,1.2258903980255127,32,blur,3.0,heldout,0.0,20.39328384399414,0.7097926139831543,0.6053630113601685,0.573674738407135,0.282818078994751,0.10224949568510056,3.67183504966514,9.896426967874035,0.30161184072494507,0.058260492980480194,0.24757614731788635,0.023967623710632324,19.623811721801758,0.7591035962104797,0.6371966600418091,0.5269594788551331,0.27828800678253174,0.07201255857944489,0.5726750493049622,20.420673370361328,0.0009996891021728516
car_01,S,32,a wrecked car after an accident,25,10,10,1,97.5,rotate,0,0.0,,,11507.9,0.59,512.0,311.6666666666667,165.33333333333334,,,,0.2725067734718323,0.2278156578540802,0.04469110071659088,0.2721843421459198,24.639663696289062,0.8444827198982239,24.639663696289062,0.8444827198982239,0.9466306567192078,0.04469110071659088,0.5059126615524292,2.1213202476501465,1.4074954986572266,1.2258903980255127,32,jpeg,95,heldout,0.0,26.703689575195312,0.6676406264305115,0.937043309211731,0.10183446109294891,0.05272328853607178,0.9403611421585083,3.67183504966514,3.472539261872014,0.30161184072494507,0.058260492980480194,0.30184388160705566,0.06755673885345459,24.552501678466797,0.8509804010391235,0.9447063207626343,0.05727658048272133,0.024038314819335938,0.9981488585472107,0.017910920083522797,37.263221740722656,0.08392354100942612
car_01,S,32,a wrecked car after an accident,25,10,10,1,97.5,rotate,0,0.0,,,11507.9,0.59,512.0,311.6666666666667,165.33333333333334,,,,0.2725067734718323,0.2278156578540802,0.04469110071659088,0.2721843421459198,24.639663696289062,0.8444827198982239,24.639663696289062,0.8444827198982239,0.9466306567192078,0.04469110071659088,0.5059126615524292,2.1213202476501465,1.4074954986572266,1.2258903980255127,32,jpeg,85,heldout,0.0,26.11406135559082,0.6509108543395996,0.9270046949386597,0.12041494250297546,0.059705495834350586,0.9506639838218689,3.67183504966514,3.0244612113016984,0.30161184072494507,0.058260492980480194,0.2941228747367859,0.059853196144104004,24.39025115966797,0.8470588326454163,0.942210853099823,0.09355716407299042,0.027758479118347168,0.9977800846099854,0.05375215411186218,31.128551483154297,0.06666278839111328
car_01,S,32,a wrecked car after an accident,25,10,10,1,97.5,rotate,0,0.0,,,11507.9,0.59,512.0,311.6666666666667,165.33333333333334,,,,0.2725067734718323,0.2278156578540802,0.04469110071659088,0.2721843421459198,24.639663696289062,0.8444827198982239,24.639663696289062,0.8444827198982239,0.9466306567192078,0.04469110071659088,0.5059126615524292,2.1213202476501465,1.4074954986572266,1.2258903980255127,32,jpeg,75,heldout,0.0,25.410465240478516,0.7352789640426636,0.9099618196487427,0.14342376589775085,0.07573723793029785,0.9301137924194336,3.67183504966514,2.6086386492096167,0.30161184072494507,0.058260492980480194,0.29524102807044983,0.06108662486076355,24.249908447265625,0.8627451062202454,0.9398342370986938,0.12426868826150894,0.033872365951538086,0.9951571822166443,0.08182238042354584,29.671588897705078,0.06160138547420502
car_01,S,32,a wrecked car after an accident,25,10,10,1,97.5,rotate,0,0.0,,,11507.9,0.59,512.0,311.6666666666667,165.33333333333334,,,,0.2725067734718323,0.2278156578540802,0.04469110071659088,0.2721843421459198,24.639663696289062,0.8444827198982239,24.639663696289062,0.8444827198982239,0.9466306567192078,0.04469110071659088,0.5059126615524292,2.1213202476501465,1.4074954986572266,1.2258903980255127,32,jpeg,60,heldout,0.0,24.870567321777344,0.728410542011261,0.8973169326782227,0.16675899922847748,0.0785377025604248,0.9509365558624268,3.67183504966514,2.340569525209216,0.30161184072494507,0.058260492980480194,0.3031480610370636,0.06788814067840576,24.088146209716797,0.8666666746139526,0.9356544017791748,0.15821966528892517,0.04539692401885986,0.9906891584396362,0.11001326888799667,28.197290420532227,0.056745730340480804
car_01,S,32,a wrecked car after an accident,25,10,10,1,97.5,rotate,0,0.0,,,11507.9,0.59,512.0,311.6666666666667,165.33333333333334,,,,0.2725067734718323,0.2278156578540802,0.04469110071659088,0.2721843421459198,24.639663696289062,0.8444827198982239,24.639663696289062,0.8444827198982239,0.9466306567192078,0.04469110071659088,0.5059126615524292,2.1213202476501465,1.4074954986572266,1.2258903980255127,32,jpeg,45,heldout,0.0,25.02721405029297,0.7281326055526733,0.8943954706192017,0.17731711268424988,0.08319008350372314,0.9260292649269104,3.67183504966514,2.4083872558371353,0.30161184072494507,0.058260492980480194,0.29093384742736816,0.04670218378305435,23.91790199279785,0.8392156958580017,0.9310924410820007,0.18695272505283356,0.05430591106414795,0.9871300458908081,0.13630928099155426,27.06397819519043,0.04100783169269562
car_01,S,32,a wrecked car after an accident,25,10,10,1,97.5,rotate,0,0.0,,,11507.9,0.59,512.0,311.6666666666667,165.33333333333334,,,,0.2725067734718323,0.2278156578540802,0.04469110071659088,0.2721843421459198,24.639663696289062,0.8444827198982239,24.639663696289062,0.8444827198982239,0.9466306567192078,0.04469110071659088,0.5059126615524292,2.1213202476501465,1.4074954986572266,1.2258903980255127,32,jpeg,30,heldout,0.0,24.311006546020508,0.7295948266983032,0.8690499067306519,0.2084248960018158,0.09470248222351074,0.8653683066368103,3.67183504966514,2.1916121322304987,0.30161184072494507,0.058260492980480194,0.2833009362220764,0.056381165981292725,23.67313003540039,0.8470588326454163,0.9224354028701782,0.22466696798801422,0.06810665130615234,0.9758427739143372,0.17863036692142487,25.9780330657959,0.02979452908039093
car_01,S,32,a wrecked car after an accident,25,10,10,1,97.5,rotate,0,0.0,,,11507.9,0.59,512.0,311.6666666666667,165.33333333333334,,,,0.2725067734718323,0.2278156578540802,0.04469110071659088,0.2721843421459198,24.639663696289062,0.8444827198982239,24.639663696289062,0.8444827198982239,0.9466306567192078,0.04469110071659088,0.5059126615524292,2.1213202476501465,1.4074954986572266,1.2258903980255127,32,noise,0.0,heldout,0.0,25.920242309570312,0.6809993982315063,0.9257148504257202,0.12080070376396179,0.0651581883430481,0.9371123909950256,3.67183504966514,3.3846954479799503,0.30161184072494507,0.058260492980480194,0.30382537841796875,0.0869966670870781,24.639652252197266,0.8444827198982239,0.9466306567192078,0.04469110071659088,0.023727834224700928,0.9963464140892029,0.0,80.0,0.12080070376396179
car_01,S,32,a wrecked car after an accident,25,10,10,1,97.5,rotate,0,0.0,,,11507.9,0.59,512.0,311.6666666666667,165.33333333333334,,,,0.2725067734718323,0.2278156578540802,0.04469110071659088,0.2721843421459198,24.639663696289062,0.8444827198982239,24.639663696289062,0.8444827198982239,0.9466306567192078,0.04469110071659088,0.5059126615524292,2.1213202476501465,1.4074954986572266,1.2258903980255127,32,noise,0.01,heldout,0.0,26.109010696411133,0.6332159638404846,0.9278407096862793,0.11884411424398422,0.059765398502349854,0.9604120850563049,3.67183504966514,3.792425963181976,0.30161184072494507,0.058260492980480194,0.30122554302215576,0.0737932026386261,24.517107009887695,0.8551828861236572,0.9430234432220459,0.058878347277641296,0.02481389045715332,0.9978414177894592,0.022066613659262657,36.2476692199707,0.09677750058472157
car_01,S,32,a wrecked car after an accident,25,10,10,1,97.5,rotate,0,0.0,,,11507.9,0.59,512.0,311.6666666666667,165.33333333333334,,,,0.2725067734718323,0.2278156578540802,0.04469110071659088,0.2721843421459198,24.639663696289062,0.8444827198982239,24.639663696289062,0.8444827198982239,0.9466306567192078,0.04469110071659088,0.5059126615524292,2.1213202476501465,1.4074954986572266,1.2258903980255127,32,noise,0.02,heldout,0.0,25.834728240966797,0.6592727303504944,0.918066143989563,0.1407831311225891,0.06208336353302002,1.0080974102020264,3.67183504966514,4.655479992712686,0.30161184072494507,0.058260492980480194,0.30038613080978394,0.05366123467683792,24.168731689453125,0.8658831119537354,0.9326286315917969,0.09785902500152588,0.03435206413269043,1.0034003257751465,0.05940215289592743,31.74992561340332,0.08138097822666168
car_01,S,32,a wrecked car after an accident,25,10,10,1,97.5,rotate,0,0.0,,,11507.9,0.59,512.0,311.6666666666667,165.33333333333334,,,,0.2725067734718323,0.2278156578540802,0.04469110071659088,0.2721843421459198,24.639663696289062,0.8444827198982239,24.639663696289062,0.8444827198982239,0.9466306567192078,0.04469110071659088,0.5059126615524292,2.1213202476501465,1.4074954986572266,1.2258903980255127,32,noise,0.04,heldout,0.0,24.55569839477539,0.6890496015548706,0.8927677869796753,0.18955352902412415,0.07739144563674927,1.1266510486602783,3.67183504966514,5.948209471791174,0.30161184072494507,0.058260492980480194,0.29893946647644043,0.03121044859290123,23.01837158203125,0.8872835636138916,0.8967238664627075,0.1864890158176422,0.07745981216430664,1.0256620645523071,0.1498216688632965,26.957483291625977,0.03973186016082764
car_01,S,32,a wrecked car after an accident,25,10,10,1,97.5,rotate,0,0.0,,,11507.9,0.59,512.0,311.6666666666667,165.33333333333334,,,,0.2725067734718323,0.2278156578540802,0.04469110071659088,0.2721843421459198,24.639663696289062,0.8444827198982239,24.639663696289062,0.8444827198982239,0.9466306567192078,0.04469110071659088,0.5059126615524292,2.1213202476501465,1.4074954986572266,1.2258903980255127,32,noise,0.08,heldout,0.0,22.128578186035156,0.7092174291610718,0.8143439292907715,0.31504344940185547,0.12684214115142822,1.3109639883041382,3.67183504966514,8.123944115204637,0.30161184072494507,0.058260492980480194,0.3123708963394165,0.03454580157995224,20.269153594970703,0.9300843477249146,0.7993423938751221,0.32561495900154114,0.1390831470489502,1.1079864501953125,0.28714126348495483,23.070232391357422,0.027902185916900635
car_01,S,32,a wrecked car after an accident,25,10,10,1,97.5,rotate,0,0.0,,,11507.9,0.59,512.0,311.6666666666667,165.33333333333334,,,,0.2725067734718323,0.2278156578540802,0.04469110071659088,0.2721843421459198,24.639663696289062,0.8444827198982239,24.639663696289062,0.8444827198982239,0.9466306567192078,0.04469110071659088,0.5059126615524292,2.1213202476501465,1.4074954986572266,1.2258903980255127,32,quantize,256,heldout,0.0,25.878190994262695,0.6829761862754822,0.9249493479728699,0.12228139489889145,0.06551873683929443,0.9401689767837524,3.67183504966514,3.3792676229186407,0.30161184072494507,0.058260492980480194,0.302341103553772,0.08563722670078278,24.63805389404297,0.843137264251709,0.9465801119804382,0.044839512556791306,0.024095356464385986,0.9963803291320801,6.261644848459813e-12,79.99998474121094,0.1222813948926298
car_01,S,32,a wrecked car after an accident,25,10,10,1,97.5,rotate,0,0.0,,,11507.9,0.59,512.0,311.6666666666667,165.33333333333334,,,,0.2725067734718323,0.2278156578540802,0.04469110071659088,0.2721843421459198,24.639663696289062,0.8444827198982239,24.639663696289062,0.8444827198982239,0.9466306567192078,0.04469110071659088,0.5059126615524292,2.1213202476501465,1.4074954986572266,1.2258903980255127,32,quantize,64,heldout,0.0,26.13096046447754,0.6657294631004333,0.9302399158477783,0.1099611222743988,0.0596463680267334,0.9512022137641907,3.67183504966514,3.3748312818221997,0.30161184072494507,0.058260492980480194,0.3033727705478668,0.08277752250432968,24.613248825073242,0.8455649018287659,0.945875346660614,0.04721115157008171,0.023479998111724854,0.9968497157096863,0.007112729363143444,42.447242736816406,0.10284839291125536
car_01,S,32,a wrecked car after an accident,25,10,10,1,97.5,rotate,0,0.0,,,11507.9,0.59,512.0,311.6666666666667,165.33333333333334,,,,0.2725067734718323,0.2278156578540802,0.04469110071659088,0.2721843421459198,24.639663696289062,0.8444827198982239,24.639663696289062,0.8444827198982239,0.9466306567192078,0.04469110071659088,0.5059126615524292,2.1213202476501465,1.4074954986572266,1.2258903980255127,32,quantize,32,heldout,0.0,26.123374938964844,0.6382976770401001,0.9297488927841187,0.11193647980690002,0.0609208345413208,0.9616549611091614,3.67183504966514,3.574324856403894,0.30161184072494507,0.058260492980480194,0.30581140518188477,0.08186119794845581,24.530899047851562,0.8435167670249939,0.943413496017456,0.05668137967586517,0.024239659309387207,0.9982959628105164,0.01748654991388321,37.40254592895508,0.09444992989301682
car_01,S,32,a wrecked car after an accident,25,10,10,1,97.5,rotate,0,0.0,,,11507.9,0.59,512.0,311.6666666666667,165.33333333333334,,,,0.2725067734718323,0.2278156578540802,0.04469110071659088,0.2721843421459198,24.639663696289062,0.8444827198982239,24.639663696289062,0.8444827198982239,0.9466306567192078,0.04469110071659088,0.5059126615524292,2.1213202476501465,1.4074954986572266,1.2258903980255127,32,quantize,16,heldout,0.0,25.22549819946289,0.7175840735435486,0.9095541834831238,0.14164000749588013,0.07086610794067383,0.9753686785697937,3.67183504966514,4.015822046045094,0.30161184072494507,0.058260492980480194,0.31043970584869385,0.072894386947155,24.191715240478516,0.8392156958580017,0.9313359260559082,0.1081504076719284,0.044705331325531006,1.0057852268218994,0.06432236731052399,30.80125617980957,0.07731764018535614
car_01,S,32,a wrecked car after an accident,25,10,10,1,97.5,rotate,0,0.0,,,11507.9,0.59,512.0,311.6666666666667,165.33333333333334,,,,0.2725067734718323,0.2278156578540802,0.04469110071659088,0.2721843421459198,24.639663696289062,0.8444827198982239,24.639663696289062,0.8444827198982239,0.9466306567192078,0.04469110071659088,0.5059126615524292,2.1213202476501465,1.4074954986572266,1.2258903980255127,32,quantize,8,heldout,0.0,22.96684455871582,0.7280187606811523,0.8374322652816772,0.22107216715812683,0.09554201364517212,1.0002942085266113,3.67183504966514,4.068067818564536,0.30161184072494507,0.058260492980480194,0.31323546171188354,0.08705604076385498,22.825326919555664,0.8941176533699036,0.8732878565788269,0.2848750352859497,0.11967265605926514,1.0596897602081299,0.20628246665000916,23.687742233276367,0.014789700508117676
dog_00,S,32,a cat sitting on the grass,25,10,10,1,97.7,rotate,0,0.0,,,11507.9,0.69,512.0,297.6666666666667,122.0,,,,0.33149027824401855,0.28759944438934326,0.043890826404094696,0.21240054070949554,32.575050354003906,0.7296764850616455,32.575050354003906,0.7296764850616455,0.9758304953575134,0.043890826404094696,0.46188050508499146,1.956377387046814,1.3332817554473877,1.1530165672302246,32,identity,0.0,train,0.0,29.66902732849121,0.5344069004058838,0.916937530040741,0.21240054070949554,0.12979614734649658,1.11178457736969,7.135170548045598,5.575725294928547,0.19253350794315338,0.013012278825044632,0.22281508147716522,0.021982252597808838,32.57497024536133,0.7296764850616455,0.9758304953575134,0.043890826404094696,0.021392345428466797,1.0012394189834595,0.0,80.0,0.21240054070949554
dog_00,S,32,a cat sitting on the grass,25,10,10,1,97.7,rotate,0,0.0,,,11507.9,0.69,512.0,297.6666666666667,122.0,,,,0.33149027824401855,0.28759944438934326,0.043890826404094696,0.21240054070949554,32.575050354003906,0.7296764850616455,32.575050354003906,0.7296764850616455,0.9758304953575134,0.043890826404094696,0.46188050508499146,1.956377387046814,1.3332817554473877,1.1530165672302246,32,blur,0.0,heldout,0.0,32.879005432128906,0.5054762959480286,0.9737887382507324,0.06442955136299133,0.048370361328125,0.9367865920066833,5.79277228708301,5.264602908697403,0.16728204488754272,0.0048639168962836266,0.1674685776233673,0.003290165215730667,32.57497024536133,0.7296764850616455,0.9758304953575134,0.043890826404094696,0.021392345428466797,1.0012394189834595,0.0,80.0,0.06442955136299133
dog_00,S,32,a cat sitting on the grass,25,10,10,1,97.7,rotate,0,0.0,,,11507.9,0.69,512.0,297.6666666666667,122.0,,,,0.33149027824401855,0.28759944438934326,0.043890826404094696,0.21240054070949554,32.575050354003906,0.7296764850616455,32.575050354003906,0.7296764850616455,0.9758304953575134,0.043890826404094696,0.46188050508499146,1.956377387046814,1.3332817554473877,1.1530165672302246,32,blur,0.5,heldout,0.0,32.731658935546875,0.5147095918655396,0.970288872718811,0.12803474068641663,0.054224252700805664,0.8288097381591797,5.79277228708301,5.434475371542108,0.16728204488754272,0.0048639168962836266,0.16580402851104736,0.007329021580517292,32.83855056762695,0.653910756111145,0.9760525226593018,0.10366562008857727,0.026242554187774658,0.8469119668006897,0.07107137143611908,38.16596984863281,0.056963369250297546
dog_00,S,32,a cat sitting on the grass,25,10,10,1,97.7,rotate,0,0.0,,,11507.9,0.69,512.0,297.6666666666667,122.0,,,,0.33149027824401855,0.28759944438934326,0.043890826404094696,0.21240054070949554,32.575050354003906,0.7296764850616455,32.575050354003906,0.7296764850616455,0.9758304953575134,0.043890826404094696,0.46188050508499146,1.956377387046814,1.3332817554473877,1.1530165672302246,32,blur,1.0,heldout,0.0,30.824748992919922,0.48667144775390625,0.9429637789726257,0.28786131739616394,0.09173524379730225,0.516722559928894,5.79277228708301,6.776931174971216,0.16728204488754272,0.0048639168962836266,0.16600680351257324,0.010862513445317745,31.65479278564453,0.5332674980163574,0.961763858795166,0.2719118893146515,0.06983840465545654,0.5641562342643738,0.2809890806674957,31.874839782714844,0.006872236728668213
dog_00,S,32,a cat sitting on the grass,25,10,10,1,97.7,rotate,0,0.0,,,11507.9,0.69,512.0,297.6666666666667,122.0,,,,0.33149027824401855,0.28759944438934326,0.043890826404094696,0.21240054070949554,32.575050354003906,0.7296764850616455,32.575050354003906,0.7296764850616455,0.9758304953575134,0.043890826404094696,0.46188050508499146,1.956377387046814,1.3332817554473877,1.1530165672302246,32,blur,1.5,heldout,0.0,28.885286331176758,0.5267778635025024,0.9083272218704224,0.352594256401062,0.1577993631362915,0.3551325798034668,5.79277228708301,7.816739170197348,0.16728204488754272,0.0048639168962836266,0.17038998007774353,0.01853112131357193,30.140567779541016,0.4662068486213684,0.931370735168457,0.3356392979621887,0.1165008544921875,0.39012110233306885,0.34768128395080566,29.497539520263672,0.004912972450256348
dog_00,S,32,a cat sitting on the grass,25,10,10,1,97.7,rotate,0,0.0,,,11507.9,0.69,512.0,297.6666666666667,122.0,,,,0.33149027824401855,0.28759944438934326,0.043890826404094696,0.21240054070949554,32.575050354003906,0.7296764850616455,32.575050354003906,0.7296764850616455,0.9758304953575134,0.043890826404094696,0.46188050508499146,1.956377387046814,1.3332817554473877,1.1530165672302246,32,blur,2.0,heldout,0.0,27.69017791748047,0.5412658452987671,0.8712344169616699,0.3955426514148712,0.1939663290977478,0.2635685205459595,5.79277228708301,8.413558771978675,0.16728204488754272,0.0048639168962836266,0.17175397276878357,0.013111785985529423,28.743934631347656,0.45361143350601196,0.8899237513542175,0.38438475131988525,0.15749555826187134,0.27942201495170593,0.3917636275291443,28.003637313842773,0.0037790238857269287
dog_00,S,32,a cat sitting on the grass,25,10,10,1,97.7,rotate,0,0.0,,,11507.9,0.69,512.0,297.6666666666667,122.0,,,,0.33149027824401855,0.28759944438934326,0.043890826404094696,0.21240054070949554,32.575050354003906,0.7296764850616455,32.575050354003906,0.7296764850616455,0.9758304953575134,0.043890826404094696,0.46188050508499146,1.956377387046814,1.3332817554473877,1.1530165672302246,32,blur,3.0,heldout,0.0,26.048402786254883,0.5318559408187866,0.795590877532959,0.4592786431312561,0.2425088882446289,0.16612879931926727,5.79277228708301,9.589118310993163,0.16728204488754272,0.0048639168962836266,0.17727333307266235,0.019331421703100204,26.621601104736328,0.4686441421508789,0.7951310873031616,0.4687938690185547,0.22186040878295898,0.158424511551857,0.45744118094444275,26.120206832885742,0.0018374621868133545
dog_00,S,32,a cat sitting on the grass,25,10,10,1,97.7,rotate,0,0.0,,,11507.9,0.69,512.0,297.6666666666667,122.0,,,,0.33149027824401855,0.28759944438934326,0.043890826404094696,0.21240054070949554,32.575050354003906,0.7296764850616455,32.575050354003906,0.7296764850616455,0.9758304953575134,0.043890826404094696,0.46188050508499146,1.956377387046814,1.3332817554473877,1.1530165672302246,32,jpeg,95,heldout,0.0,32.495975494384766,0.522825300693512,0.9702939987182617,0.06871630996465683,0.051203012466430664,0.9300611615180969,5.79277228708301,5.105351155390758,0.16728204488754272,0.0048639168962836266,0.16948679089546204,0.007055560126900673,32.14905548095703,0.7137255072593689,0.9715666770935059,0.0790330320596695,0.021637260913848877,1.0081019401550293,0.022267095744609833,40.34309005737305,0.046449214220047
dog_00,S,32,a cat sitting on the grass,25,10,10,1,97.7,rotate,0,0.0,,,11507.9,0.69,512.0,297.6666666666667,122.0,,,,0.33149027824401855,0.28759944438934326,0.043890826404094696,0.21240054070949554,32.575050354003906,0.7296764850616455,32.575050354003906,0.7296764850616455,0.9758304953575134,0.043890826404094696,0.46188050508499146,1.956377387046814,1.3332817554473877,1.1530165672302246,32,jpeg,85,heldout,0.0,30.847261428833008,0.5804115533828735,0.9589996337890625,0.15321746468544006,0.06821757555007935,0.8969987630844116,5.79277228708301,4.622731005725154,0.16728204488754272,0.0048639168962836266,0.17181959748268127,0.013955514878034592,31.8045711517334,0.7411764860153198,0.9676026105880737,0.1647125482559204,0.02488875389099121,1.0004587173461914,0.11214923113584518,34.143341064453125,0.04106823354959488
dog_00,S,32,a cat sitting on the grass,25,10,10,1,97.7,rotate,0,0.0,,,11507.9,0.69,512.0,297.6666666666667,122.0,,,,0.33149027824401855,0.28759944438934326,0.043890826404094696,0.21240054070949554,32.575050354003906,0.7296764850616455,32.575050354003906,0.7296764850616455,0.9758304953575134,0.043890826404094696,0.46188050508499146,1.956377387046814,1.3332817554473877,1.1530165672302246,32,jpeg,75,heldout,0.0,30.476722717285156,0.5547772645950317,0.9543298482894897,0.1967318207025528,0.07597130537033081,0.8788434863090515,5.79277228708301,4.916563001475809,0.16728204488754272,0.0048639168962836266,0.17076629400253296,0.01785876974463463,31.574520111083984,0.7333333492279053,0.9641793966293335,0.2095663994550705,0.02783942222595215,0.9942966103553772,0.16968774795532227,32.902183532714844,0.02704407274723053
dog_00,S,32,a cat sitting on the grass,25,10,10,1,97.7,rotate,0,0.0,,,11507.9,0.69,512.0,297.6666666666667,122.0,,,,0.33149027824401855,0.28759944438934326,0.043890826404094696,0.21240054070949554,32.575050354003906,0.7296764850616455,32.575050354003906,0.7296764850616455,0.9758304953575134,0.043890826404094696,0.46188050508499146,1.956377387046814,1.3332817554473877,1.1530165672302246,32,jpeg,60,heldout,0.0,29.248456954956055,0.5850380659103394,0.9406237006187439,0.2464601993560791,0.0907893180847168,0.8770129084587097,5.79277228708301,4.516134410621433,0.16728204488754272,0.0048639168962836266,0.18532350659370422,0.01901441067457199,31.273521423339844,0.7254902124404907,0.9588230848312378,0.24728438258171082,0.03758394718170166,0.9854127764701843,0.21466974914073944,31.887102127075195,0.03179045021533966
dog_00,S,32,a cat sitting on the grass,25,10,10,1,97.7,rotate,0,0.0,,,11507.9,0.69,512.0,297.6666666666667,122.0,,,,0.33149027824401855,0.28759944438934326,0.043890826404094696,0.21240054070949554,32.575050354003906,0.7296764850616455,32.575050354003906,0.7296764850616455,0.9758304953575134,0.043890826404094696,0.46188050508499146,1.956377387046814,1.3332817554473877,1.1530165672302246,32,jpeg,45,heldout,0.0,29.760663986206055,0.6372108459472656,0.9437057971954346,0.24782654643058777,0.0837702751159668,0.8269138932228088,5.79277228708301,4.5828011243604445,0.16728204488754272,0.0048639168962836266,0.17557647824287415,0.01739659532904625,31.06256675720215,0.7058823704719543,0.953859269618988,0.2752135992050171,0.04463082551956177,0.977155327796936,0.2282947450876236,31.51364517211914,0.019531801342964172
dog_00,S,32,a cat sitting on the grass,25,10,10,1,97.7,rotate,0,0.0,,,11507.9,0.69,512.0,297.6666666666667,122.0,,,,0.33149027824401855,0.28759944438934326,0.043890826404094696,0.21240054070949554,32.575050354003906,0.7296764850616455,32.575050354003906,0.7296764850616455,0.9758304953575134,0.043890826404094696,0.46188050508499146,1.956377387046814,1.3332817554473877,1.1530165672302246,32,jpeg,30,heldout,0.0,29.480955123901367,0.6247661113739014,0.9378601312637329,0.2706228792667389,0.092745840549469,0.8006685376167297,5.79277228708301,4.5382320348099086,0.16728204488754272,0.0048639168962836266,0.18600092828273773,0.012485738843679428,30.658008575439453,0.6980392336845398,0.9434224963188171,0.320858359336853,0.05230903625488281,0.973911702632904,0.2513189911842346,31.002685546875,0.019303888082504272
dog_00,S,32,a cat sitting on the grass,25,10,10,1,97.7,rotate,0,0.0,,,11507.9,0.69,512.0,297.6666666666667,122.0,,,,0.33149027824401855,0.28759944438934326,0.043890826404094696,0.21240054070949554,32.575050354003906,0.7296764850616455,32.575050354003906,0.7296764850616455,0.9758304953575134,0.043890826404094696,0.46188050508499146,1.956377387046814,1.3332817554473877,1.1530165672302246,32,noise,0.0,heldout,0.0,32.879005432128906,0.5054762959480286,0.9737887382507324,0.06442955136299133,0.048370361328125,0.9367865920066833,5.79277228708301,5.264602908697403,0.16728204488754272,0.0048639168962836266,0.1674685776233673,0.003290165215730667,32.57497024536133,0.7296764850616455,0.9758304953575134,0.043890826404094696,0.021392345428466797,1.0012394189834595,0.0,80.0,0.06442955136299133
dog_00,S,32,a cat sitting on the grass,25,10,10,1,97.7,rotate,0,0.0,,,11507.9,0.69,512.0,297.6666666666667,122.0,,,,0.33149027824401855,0.28759944438934326,0.043890826404094696,0.21240054070949554,32.575050354003906,0.7296764850616455,32.575050354003906,0.7296764850616455,0.9758304953575134,0.043890826404094696,0.46188050508499146,1.956377387046814,1.3332817554473877,1.1530165672302246,32,noise,0.01,heldout,0.0,33.04704284667969,0.5304807424545288,0.9740528464317322,0.058511972427368164,0.04899179935455322,0.9364307522773743,5.79277228708301,5.284027423802266,0.16728204488754272,0.0048639168962836266,0.16707909107208252,0.0036487001925706863,31.86112403869629,0.7408034205436707,0.9691489934921265,0.07007221132516861,0.022050321102142334,1.0132009983062744,0.029660698026418686,38.35822677612305,0.028851274400949478
dog_00,S,32,a cat sitting on the grass,25,10,10,1,97.7,rotate,0,0.0,,,11507.9,0.69,512.0,297.6666666666667,122.0,,,,0.33149027824401855,0.28759944438934326,0.043890826404094696,0.21240054070949554,32.575050354003906,0.7296764850616455,32.575050354003906,0.7296764850616455,0.9758304953575134,0.043890826404094696,0.46188050508499146,1.956377387046814,1.3332817554473877,1.1530165672302246,32,noise,0.02,heldout,0.0,32.74184036254883,0.6344459652900696,0.968153178691864,0.0824965313076973,0.046697795391082764,0.9829062819480896,5.79277228708301,5.841345380475286,0.16728204488754272,0.0048639168962836266,0.17044109106063843,0.007263650186359882,30.22917938232422,0.7556012272834778,0.9500248432159424,0.1356758177280426,0.030488133430480957,1.0500261783599854,0.07618586719036102,34.92879867553711,0.006310664117336273
dog_00,S,32,a cat sitting on the grass,25,10,10,1,97.7,rotate,0,0.0,,,11507.9,0.69,512.0,297.6666666666667,122.0,,,,0.33149027824401855,0.28759944438934326,0.043890826404094696,0.21240054070949554,32.575050354003906,0.7296764850616455,32.575050354003906,0.7296764850616455,0.9758304953575134,0.043890826404094696,0.46188050508499146,1.956377387046814,1.3332817554473877,1.1530165672302246,32,noise,0.04,heldout,0.0,29.496246337890625,0.6181251406669617,0.9279751181602478,0.20300021767616272,0.08702236413955688,1.1284809112548828,5.79277228708301,7.127794808804314,0.16728204488754272,0.0048639168962836266,0.18216140568256378,0.006545044481754303,26.707765579223633,0.7976748943328857,0.8842455148696899,0.2737651467323303,0.07742857933044434,1.1978182792663574,0.1996069848537445,30.15566635131836,0.003393232822418213
dog_00,S,32,a cat sitting on the grass,25,10,10,1,97.7,rotate,0,0.0,,,11507.9,0.69,512.0,297.6666666666667,122.0,,,,0.33149027824401855,0.28759944438934326,0.043890826404094696,0.21240054070949554,32.575050354003906,0.7296764850616455,32.575050354003906,0.7296764850616455,0.9758304953575134,0.043890826404094696,0.46188050508499146,1.956377387046814,1.3332817554473877,1.1530165672302246,32,noise,0.08,heldout,0.0,24.215261459350586,0.7112065553665161,0.7913672924041748,0.40271973609924316,0.20992934703826904,1.5017673969268799,5.79277228708301,8.945468975759455,0.16728204488754272,0.0048639168962836266,0.2180309295654297,0.029589006677269936,21.656822204589844,0.8818221092224121,0.7154088020324707,0.4469476044178009,0.16745126247406006,1.7828781604766846,0.3884047567844391,24.89457893371582,0.014314979314804077
dog_00,S,32,a cat sitting on the grass,25,10,10,1,97.7,rotate,0,0.0,,,11507.9,0.69,512.0,297.6666666666667,122.0,,,,0.33149027824401855,0.28759944438934326,0.043890826404094696,0.21240054070949554,32.575050354003906,0.7296764850616455,32.575050354003906,0.7296764850616455,0.9758304953575134,0.043890826404094696,0.46188050508499146,1.956377387046814,1.3332817554473877,1.1530165672302246,32,quantize,256,heldout,0.0,32.88108444213867,0.4996715188026428,0.9737530946731567,0.06444026529788971,0.04845792055130005,0.9393541812896729,5.79277228708301,5.217802198029255,0.16728204488754272,0.0048639168962836266,0.16732986271381378,0.0029730238020420074,32.56477737426758,0.7294118404388428,0.9757508039474487,0.04435427486896515,0.021145641803741455,1.0014606714248657,7.717160244169463e-12,79.99999237060547,0.06444026529017255
dog_00,S,32,a cat sitting on the grass,25,10,10,1,97.7,rotate,0,0.0,,,11507.9,0.69,512.0,297.6666666666667,122.0,,,,0.33149027824401855,0.28759944438934326,0.043890826404094696,0.21240054070949554,32.575050354003906,0.7296764850616455,32.575050354003906,0.7296764850616455,0.9758304953575134,0.043890826404094696,0.46188050508499146,1.956377387046814,1.3332817554473877,1.1530165672302246,32,quantize,64,heldout,0.0,33.23253631591797,0.6282024383544922,0.9744030237197876,0.05928778648376465,0.046891212463378906,0.9383611083030701,5.79277228708301,5.433511954070673,0.16728204488754272,0.0048639168962836266,0.16805969178676605,0.004940783604979515,32.410179138183594,0.7309057712554932,0.9743973016738892,0.04975145310163498,0.0218966007232666,1.0045409202575684,0.009150409139692783,44.482303619384766,0.050137377344071865
dog_00,S,32,a cat sitting on the grass,25,10,10,1,97.7,rotate,0,0.0,,,11507.9,0.69,512.0,297.6666666666667,122.0,,,,0.33149027824401855,0.28759944438934326,0.043890826404094696,0.21240054070949554,32.575050354003906,0.7296764850616455,32.575050354003906,0.7296764850616455,0.9758304953575134,0.043890826404094696,0.46188050508499146,1.956377387046814,1.3332817554473877,1.1530165672302246,32,quantize,32,heldout,0.0,33.175235748291016,0.6334450840950012,0.9740191698074341,0.05512427166104317,0.04092663526535034,0.9323058724403381,5.79277228708301,5.5715490143373705,0.16728204488754272,0.0048639168962836266,0.16790521144866943,0.0037565603852272034,31.947086334228516,0.7367488741874695,0.9697818756103516,0.07032068073749542,0.021502137184143066,1.013897180557251,0.02127188816666603,40.40758514404297,0.033852383494377136
dog_00,S,32,a cat sitting on the grass,25,10,10,1,97.7,rotate,0,0.0,,,11507.9,0.69,512.0,297.6666666666667,122.0,,,,0.33149027824401855,0.28759944438934326,0.043890826404094696,0.21240054070949554,32.575050354003906,0.7296764850616455,32.575050354003906,0.7296764850616455,0.9758304953575134,0.043890826404094696,0.46188050508499146,1.956377387046814,1.3332817554473877,1.1530165672302246,32,quantize,16,heldout,0.0,27.438953399658203,0.6502847671508789,0.9171871542930603,0.18085016310214996,0.13834023475646973,0.9947576522827148,5.79277228708301,4.921510528921984,0.16728204488754272,0.0048639168962836266,0.18927423655986786,0.010109281167387962,30.350191116333008,0.7372549772262573,0.9439113140106201,0.27803152799606323,0.04519343376159668,1.074910044670105,0.14020368456840515,29.04465103149414,0.04064647853374481
dog_00,S,32,a cat sitting on the grass,25,10,10,1,97.7,rotate,0,0.0,,,11507.9,0.69,512.0,297.6666666666667,122.0,,,,0.33149027824401855,0.28759944438934326,0.043890826404094696,0.21240054070949554,32.575050354003906,0.7296764850616455,32.575050354003906,0.7296764850616455,0.9758304953575134,0.043890826404094696,0.46188050508499146,1.956377387046814,1.3332817554473877,1.1530165672302246,32,quantize,8,heldout,0.0,23.47069549560547,0.7539873123168945,0.7950817346572876,0.5096980333328247,0.2520568370819092,1.2903342247009277,5.79277228708301,5.781900786581682,0.16728204488754272,0.0048639168962836266,0.22392256557941437,0.037371858954429626,26.550601959228516,0.7943978309631348,0.8341012001037598,0.5416384339332581,0.17442214488983154,1.3652174472808838,0.4850361943244934,24.119335174560547,0.0246618390083313
dog_01,S,32,a cat sitting on the grass,25,10,10,1,97.5,rotate,0,0.0,,,11507.9,1.07,512.0,296.0,152.66666666666666,,,,0.2650080919265747,0.22834712266921997,0.03666098043322563,0.27165287733078003,31.480825424194336,0.46677613258361816,31.480825424194336,0.46677613258361816,0.9669257998466492,0.03666098043322563,0.5177857279777527,2.1213202476501465,1.5121631622314453,1.2459312677383423,32,identity,0.0,train,0.0,30.625059127807617,0.47259461879730225,0.9328135251998901,0.27165287733078003,0.1855471134185791,1.0381046533584595,4.255299280446537,4.018231536033583,0.16790692508220673,-0.008464578539133072,0.1869242638349533,0.022893965244293213,31.480762481689453,0.46677613258361816,0.9669257998466492,0.03666098043322563,0.01366567611694336,1.0131340026855469,0.0,80.0,0.27165287733078003
dog_01,S,32,a cat sitting on the grass,25,10,10,1,97.5,rotate,0,0.0,,,11507.9,1.07,512.0,296.0,152.66666666666666,,,,0.2650080919265747,0.22834712266921997,0.03666098043322563,0.27165287733078003,31.480825424194336,0.46677613258361816,31.480825424194336,0.46677613258361816,0.9669257998466492,0.03666098043322563,0.5177857279777527,2.1213202476501465,1.5121631622314453,1.2459312677383423,32,blur,0.0,heldout,0.0,33.510047912597656,0.36519792675971985,0.9713782072067261,0.07654599100351334,0.04555714130401611,0.9493524432182312,3.4736519451918833,3.3675922226452126,0.17461228370666504,0.0063007790595293045,0.1771700233221054,-0.0017464309930801392,31.480762481689453,0.46677613258361816,0.9669257998466492,0.03666098043322563,0.01366567611694336,1.0131340026855469,0.0,80.0,0.07654599100351334
dog_01,S,32,a cat sitting on the grass,25,10,10,1,97.5,rotate,0,0.0,,,11507.9,1.07,512.0,296.0,152.66666666666666,,,,0.2650080919265747,0.22834712266921997,0.03666098043322563,0.27165287733078003,31.480825424194336,0.46677613258361816,31.480825424194336,0.46677613258361816,0.9669257998466492,0.03666098043322563,0.5177857279777527,2.1213202476501465,1.5121631622314453,1.2459312677383423,32,blur,0.5,heldout,0.0,32.265724182128906,0.45720094442367554,0.9627770185470581,0.1324189305305481,0.07694816589355469,0.7708191871643066,3.4736519451918833,3.9304625740875387,0.17461228370666504,0.0063007790595293045,0.175917387008667,0.01691642589867115,31.82187271118164,0.41706520318984985,0.9680455923080444,0.08192438632249832,0.021574079990386963,0.8346247673034668,0.08617714047431946,35.376441955566406,0.04624179005622864
dog_01,S,32,a cat sitting on the grass,25,10,10,1,97.5,rotate,0,0.0,,,11507.9,1.07,512.0,296.0,152.66666666666666,,,,0.2650080919265747,0.22834712266921997,0.03666098043322563,0.27165287733078003,31.480825424194336,0.46677613258361816,31.480825424194336,0.46677613258361816,0.9669257998466492,0.03666098043322563,0.5177857279777527,2.1213202476501465,1.5121631622314453,1.2459312677383423,32,blur,1.0,heldout,0.0,28.060091018676758,0.49918681383132935,0.9083689451217651,0.3236926794052124,0.1613469123840332,0.4796201288700104,3.4736519451918833,5.973972451977041,0.17461228370666504,0.0063007790595293045,0.17780300974845886,0.03644590079784393,30.75298309326172,0.4661485552787781,0.954873263835907,0.2602083683013916,0.0713033676147461,0.5188465714454651,0.32476499676704407,28.192569732666016,-0.001072317361831665
dog_01,S,32,a cat sitting on the grass,25,10,10,1,97.5,rotate,0,0.0,,,11507.9,1.07,512.0,296.0,152.66666666666666,,,,0.2650080919265747,0.22834712266921997,0.03666098043322563,0.27165287733078003,31.480825424194336,0.46677613258361816,31.480825424194336,0.46677613258361816,0.9669257998466492,0.03666098043322563,0.5177857279777527,2.1213202476501465,1.5121631622314453,1.2459312677383423,32,blur,1.5,heldout,0.0,26.360809326171875,0.563414454460144,0.8606603145599365,0.40666431188583374,0.20560383796691895,0.32355985045433044,3.4736519451918833,7.388165480604366,0.17461228370666504,0.0063007790595293045,0.20762372016906738,0.03225856274366379,29.263874053955078,0.4996299147605896,0.924809455871582,0.346912145614624,0.1284887194633484,0.3460506200790405,0.3994251489639282,26.640111923217773,0.007239162921905518
dog_01,S,32,a cat sitting on the grass,25,10,10,1,97.5,rotate,0,0.0,,,11507.9,1.07,512.0,296.0,152.66666666666666,,,,0.2650080919265747,0.22834712266921997,0.03666098043322563,0.27165287733078003,31.480825424194336,0.46677613258361816,31.480825424194336,0.46677613258361816,0.9669257998466492,0.03666098043322563,0.5177857279777527,2.1213202476501465,1.5121631622314453,1.2459312677383423,32,blur,2.0,heldout,0.0,25.46405029296875,0.5453279614448547,0.8212925791740417,0.4562685489654541,0.24737399816513062,0.24608127772808075,3.4736519451918833,9.12116293608676,0.17461228370666504,0.0063007790595293045,0.19392603635787964,0.012103801593184471,28.01185417175293,0.5521280169487,0.8870171308517456,0.4060949683189392,0.1804640293121338,0.24852056801319122,0.45373034477233887,25.56155014038086,0.0025382041931152344
dog_01,S,32,a cat sitting on the grass,25,10,10,1,97.5,rotate,0,0.0,,,11507.9,1.07,512.0,296.0,152.66666666666666,,,,0.2650080919265747,0.22834712266921997,0.03666098043322563,0.27165287733078003,31.480825424194336,0.46677613258361816,31.480825424194336,0.46677613258361816,0.9669257998466492,0.03666098043322563,0.5177857279777527,2.1213202476501465,1.5121631622314453,1.2459312677383423,32,blur,3.0,heldout,0.0,24.236753463745117,0.5050702095031738,0.7660515308380127,0.5228722095489502,0.29178106784820557,0.15937362611293793,3.4736519451918833,10.028288997015718,0.17461228370666504,0.0063007790595293045,0.1871263086795807,0.024210216477513313,26.228404998779297,0.6524109244346619,0.8109221458435059,0.48824048042297363,0.24474895000457764,0.15095756947994232,0.5250024795532227,24.27191162109375,-0.002130270004272461
dog_01,S,32,a cat sitting on the grass,25,10,10,1,97.5,rotate,0,0.0,,,11507.9,1.07,512.0,296.0,152.66666666666666,,,,0.2650080919265747,0.22834712266921997,0.03666098043322563,0.27165287733078003,31.480825424194336,0.46677613258361816,31.480825424194336,0.46677613258361816,0.9669257998466492,0.03666098043322563,0.5177857279777527,2.1213202476501465,1.5121631622314453,1.2459312677383423,32,jpeg,95,heldout,0.0,32.003082275390625,0.46435463428497314,0.9603478312492371,0.11568257957696915,0.06706708669662476,0.9280868768692017,3.4736519451918833,3.3159366544434032,0.17461228370666504,0.0063007790595293045,0.17417728900909424,0.005108823999762535,31.293642044067383,0.46274513006210327,0.9649592638015747,0.09309456497430801,0.014162540435791016,1.0178430080413818,0.07775901257991791,35.391143798828125,0.03792356699705124
dog_01,S,32,a cat sitting on the grass,25,10,10,1,97.5,rotate,0,0.0,,,11507.9,1.07,512.0,296.0,152.66666666666666,,,,0.2650080919265747,0.22834712266921997,0.03666098043322563,0.27165287733078003,31.480825424194336,0.46677613258361816,31.480825424194336,0.46677613258361816,0.9669257998466492,0.03666098043322563,0.5177857279777527,2.1213202476501465,1.5121631622314453,1.2459312677383423,32,jpeg,85,heldout,0.0,29.74964141845703,0.5279646515846252,0.9370521306991577,0.19929704070091248,0.1078948974609375,0.8697628378868103,3.4736519451918833,3.0996116821633954,0.17461228370666504,0.0063007790595293045,0.17421534657478333,0.034273043274879456,31.111003875732422,0.4705882668495178,0.9627453684806824,0.1630430966615677,0.01829349994659424,1.0152437686920166,0.1721436232328415,31.39696502685547,0.027153417468070984
dog_01,S,32,a cat sitting on the grass,25,10,10,1,97.5,rotate,0,0.0,,,11507.9,1.07,512.0,296.0,152.66666666666666,,,,0.2650080919265747,0.22834712266921997,0.03666098043322563,0.27165287733078003,31.480825424194336,0.46677613258361816,31.480825424194336,0.46677613258361816,0.9669257998466492,0.03666098043322563,0.5177857279777527,2.1213202476501465,1.5121631622314453,1.2459312677383423,32,jpeg,75,heldout,0.0,28.886049270629883,0.5487108826637268,0.9213336706161499,0.24251806735992432,0.12121176719665527,0.8529843091964722,3.4736519451918833,2.9003537436928837,0.17461228370666504,0.0063007790595293045,0.17459793388843536,0.03813190013170242,30.924293518066406,0.4549019932746887,0.9605795741081238,0.2054637372493744,0.03280353546142578,1.0112394094467163,0.22759811580181122,29.76871681213379,0.014919951558113098
dog_01,S,32,a cat sitting on the grass,25,10,10,1,97.5,rotate,0,0.0,,,11507.9,1.07,512.0,296.0,152.66666666666666,,,,0.2650080919265747,0.22834712266921997,0.03666098043322563,0.27165287733078003,31.480825424194336,0.46677613258361816,31.480825424194336,0.46677613258361816,0.9669257998466492,0.03666098043322563,0.5177857279777527,2.1213202476501465,1.5121631622314453,1.2459312677383423,32,jpeg,60,heldout,0.0,28.20173454284668,0.5531304478645325,0.9101394414901733,0.2664562463760376,0.1364721655845642,0.8153744339942932,3.4736519451918833,3.1174651779028553,0.17461228370666504,0.0063007790595293045,0.1757776439189911,0.02724555693566799,30.675220489501953,0.43529415130615234,0.9562270641326904,0.2425694316625595,0.04628193378448486,1.003625512123108,0.27426081895828247,28.229862213134766,-0.007804572582244873
dog_01,S,32,a cat sitting on the grass,25,10,10,1,97.5,rotate,0,0.0,,,11507.9,1.07,512.0,296.0,152.66666666666666,,,,0.2650080919265747,0.22834712266921997,0.03666098043322563,0.27165287733078003,31.480825424194336,0.46677613258361816,31.480825424194336,0.46677613258361816,0.9669257998466492,0.03666098043322563,0.5177857279777527,2.1213202476501465,1.5121631622314453,1.2459312677383423,32,jpeg,45,heldout,0.0,27.994718551635742,0.5592818260192871,0.9048360586166382,0.2956806421279907,0.1478898525238037,0.7508893609046936,3.4736519451918833,3.2245897404963455,0.17461228370666504,0.0063007790595293045,0.18891578912734985,0.04428853094577789,30.455562591552734,0.458823561668396,0.9516662955284119,0.2723166048526764,0.03917109966278076,0.9978805780410767,0.286612331867218,28.683748245239258,0.009068310260772705
dog_01,S,32,a cat sitting on the grass,25,10,10,1,97.5,rotate,0,0.0,,,11507.9,1.07,512.0,296.0,152.66666666666666,,,,0.2650080919265747,0.22834712266921997,0.03666098043322563,0.27165287733078003,31.480825424194336,0.46677613258361816,31.480825424194336,0.46677613258361816,0.9669257998466492,0.03666098043322563,0.5177857279777527,2.1213202476501465,1.5121631622314453,1.2459312677383423,32,jpeg,30,heldout,0.0,27.078269958496094,0.5823038816452026,0.8800551295280457,0.34700849652290344,0.15978842973709106,0.776166558265686,3.4736519451918833,3.198376701845476,0.17461228370666504,0.0063007790595293045,0.21503177285194397,0.045686691999435425,29.925296783447266,0.43921568989753723,0.9419578313827515,0.3430490791797638,0.09584426879882812,0.9874371290206909,0.33073729276657104,27.502660751342773,0.016271203756332397
dog_01,S,32,a cat sitting on the grass,25,10,10,1,97.5,rotate,0,0.0,,,11507.9,1.07,512.0,296.0,152.66666666666666,,,,0.2650080919265747,0.22834712266921997,0.03666098043322563,0.27165287733078003,31.480825424194336,0.46677613258361816,31.480825424194336,0.46677613258361816,0.9669257998466492,0.03666098043322563,0.5177857279777527,2.1213202476501465,1.5121631622314453,1.2459312677383423,32,noise,0.0,heldout,0.0,33.510047912597656,0.36519792675971985,0.9713782072067261,0.07654599100351334,0.04555714130401611,0.9493524432182312,3.4736519451918833,3.3675922226452126,0.17461228370666504,0.0063007790595293045,0.1771700233221054,-0.0017464309930801392,31.480762481689453,0.46677613258361816,0.9669257998466492,0.03666098043322563,0.01366567611694336,1.0131340026855469,0.0,80.0,0.07654599100351334
dog_01,S,32,a cat sitting on the grass,25,10,10,1,97.5,rotate,0,0.0,,,11507.9,1.07,512.0,296.0,152.66666666666666,,,,0.2650080919265747,0.22834712266921997,0.03666098043322563,0.27165287733078003,31.480825424194336,0.46677613258361816,31.480825424194336,0.46677613258361816,0.9669257998466492,0.03666098043322563,0.5177857279777527,2.1213202476501465,1.5121631622314453,1.2459312677383423,32,noise,0.01,heldout,0.0,32.55118179321289,0.35000094771385193,0.9651657938957214,0.11382241547107697,0.05913633108139038,0.9227256774902344,3.4736519451918833,3.9724727716952706,0.17461228370666504,0.0063007790595293045,0.177108034491539,0.001163962297141552,30.909364700317383,0.46536701917648315,0.9566764831542969,0.12082059681415558,0.025346338748931885,1.0238866806030273,0.08979145437479019,35.38631057739258,0.024030961096286774
dog_01,S,32,a cat sitting on the grass,25,10,10,1,97.5,rotate,0,0.0,,,11507.9,1.07,512.0,296.0,152.66666666666666,,,,0.2650080919265747,0.22834712266921997,0.03666098043322563,0.27165287733078003,31.480825424194336,0.46677613258361816,31.480825424194336,0.46677613258361816,0.9669257998466492,0.03666098043322563,0.5177857279777527,2.1213202476501465,1.5121631622314453,1.2459312677383423,32,noise,0.02,heldout,0.0,30.50485610961914,0.41601765155792236,0.9443076848983765,0.20386022329330444,0.08189094066619873,0.9362248778343201,3.4736519451918833,5.295413416872177,0.17461228370666504,0.0063007790595293045,0.17420756816864014,0.011965906247496605,29.557092666625977,0.4659631848335266,0.9286450743675232,0.2301936149597168,0.05455559492111206,1.0552070140838623,0.21406584978103638,30.150997161865234,-0.010205626487731934
dog_01,S,32,a cat sitting on the grass,25,10,10,1,97.5,rotate,0,0.0,,,11507.9,1.07,512.0,296.0,152.66666666666666,,,,0.2650080919265747,0.22834712266921997,0.03666098043322563,0.27165287733078003,31.480825424194336,0.46677613258361816,31.480825424194336,0.46677613258361816,0.9669257998466492,0.03666098043322563,0.5177857279777527,2.1213202476501465,1.5121631622314453,1.2459312677383423,32,noise,0.04,heldout,0.0,26.797609329223633,0.6134730577468872,0.8826774954795837,0.3502456843852997,0.144741952419281,1.0731552839279175,3.4736519451918833,7.406954601071003,0.17461228370666504,0.0063007790595293045,0.17016983032226562,0.019548598676919937,26.45033073425293,0.5253893136978149,0.8434228897094727,0.37493348121643066,0.12139624357223511,1.1766465902328491,0.3484686613082886,26.94525146484375,0.0017770230770111084
dog_01,S,32,a cat sitting on the grass,25,10,10,1,97.5,rotate,0,0.0,,,11507.9,1.07,512.0,296.0,152.66666666666666,,,,0.2650080919265747,0.22834712266921997,0.03666098043322563,0.27165287733078003,31.480825424194336,0.46677613258361816,31.480825424194336,0.46677613258361816,0.9669257998466492,0.03666098043322563,0.5177857279777527,2.1213202476501465,1.5121631622314453,1.2459312677383423,32,noise,0.08,heldout,0.0,23.010650634765625,0.6574159860610962,0.7473976016044617,0.5238282680511475,0.25161588191986084,1.3521015644073486,3.4736519451918833,9.561914471700076,0.17461228370666504,0.0063007790595293045,0.19844411313533783,0.024915127083659172,21.853761672973633,0.6442415714263916,0.6727672815322876,0.519548237323761,0.20279717445373535,1.620316505432129,0.5095107555389404,23.24357032775879,0.014317512512207031
dog_01,S,32,a cat sitting on the grass,25,10,10,1,97.5,rotate,0,0.0,,,11507.9,1.07,512.0,296.0,152.66666666666666,,,,0.2650080919265747,0.22834712266921997,0.03666098043322563,0.27165287733078003,31.480825424194336,0.46677613258361816,31.480825424194336,0.46677613258361816,0.9669257998466492,0.03666098043322563,0.5177857279777527,2.1213202476501465,1.5121631622314453,1.2459312677383423,32,quantize,256,heldout,0.0,33.593994140625,0.34485599398612976,0.9719556570053101,0.07359545677900314,0.04265415668487549,0.9484941363334656,3.4736519451918833,3.362920548882652,0.17461228370666504,0.0063007790595293045,0.17717160284519196,-0.0022156359627842903,31.4741153717041,0.46666669845581055,0.966838538646698,0.03772742673754692,0.013703644275665283,1.0134354829788208,1.070443386708142e-11,79.99999237060547,0.0735954567682987
dog_01,S,32,a cat sitting on the grass,25,10,10,1,97.5,rotate,0,0.0,,,11507.9,1.07,512.0,296.0,152.66666666666666,,,,0.2650080919265747,0.22834712266921997,0.03666098043322563,0.27165287733078003,31.480825424194336,0.46677613258361816,31.480825424194336,0.46677613258361816,0.9669257998466492,0.03666098043322563,0.5177857279777527,2.1213202476501465,1.5121631622314453,1.2459312677383423,32,quantize,64,heldout,0.0,33.00486373901367,0.399355411529541,0.9690955877304077,0.08517433702945709,0.04785311222076416,0.9304949641227722,3.4736519451918833,3.438988004701264,0.17461228370666504,0.0063007790595293045,0.17942774295806885,-0.0035666590556502342,31.355365753173828,0.46274513006210327,0.9645621180534363,0.07066056877374649,0.0169522762298584,1.0163989067077637,0.02602682262659073,40.566593170166016,0.059147514402866364
dog_01,S,32,a cat sitting on the grass,25,10,10,1,97.5,rotate,0,0.0,,,11507.9,1.07,512.0,296.0,152.66666666666666,,,,0.2650080919265747,0.22834712266921997,0.03666098043322563,0.27165287733078003,31.480825424194336,0.46677613258361816,31.480825424194336,0.46677613258361816,0.9669257998466492,0.03666098043322563,0.5177857279777527,2.1213202476501465,1.5121631622314453,1.2459312677383423,32,quantize,32,heldout,0.0,32.73897933959961,0.3582232892513275,0.9665136337280273,0.10639059543609619,0.05023694038391113,0.9471828937530518,3.4736519451918833,3.528934236281175,0.17461228370666504,0.0063007790595293045,0.17549918591976166,0.014947313815355301,30.980487823486328,0.47349774837493896,0.9563650488853455,0.1437855362892151,0.03532952070236206,1.0193068981170654,0.08699829876422882,35.4851188659668,0.01939229667186737
dog_01,S,32,a cat sitting on the grass,25,10,10,1,97.5,rotate,0,0.0,,,11507.9,1.07,512.0,296.0,152.66666666666666,,,,0.2650080919265747,0.22834712266921997,0.03666098043322563,0.27165287733078003,31.480825424194336,0.46677613258361816,31.480825424194336,0.46677613258361816,0.9669257998466492,0.03666098043322563,0.5177857279777527,2.1213202476501465,1.5121631622314453,1.2459312677383423,32,quantize,16,heldout,0.0,28.186063766479492,0.4951317310333252,0.902138888835907,0.2988855242729187,0.12772518396377563,1.004659652709961,3.4736519451918833,3.3880205589666454,0.17461228370666504,0.0063007790595293045,0.18886622786521912,0.02491234615445137,29.67838478088379,0.4862745404243469,0.9293787479400635,0.2685043215751648,0.09148502349853516,1.0442893505096436,0.27033090591430664,28.671464920043945,0.02855461835861206
dog_01,S,32,a cat sitting on the grass,25,10,10,1,97.5,rotate,0,0.0,,,11507.9,1.07,512.0,296.0,152.66666666666666,,,,0.2650080919265747,0.22834712266921997,0.03666098043322563,0.27165287733078003,31.480825424194336,0.46677613258361816,31.480825424194336,0.46677613258361816,0.9669257998466492,0.03666098043322563,0.5177857279777527,2.1213202476501465,1.5121631622314453,1.2459312677383423,32,quantize,8,heldout,0.0,23.0180721282959,0.6673583388328552,0.7747063636779785,0.5050565600395203,0.2826406955718994,1.6188535690307617,3.4736519451918833,5.548760903173045,0.17461228370666504,0.0063007790595293045,0.21470732986927032,0.01744813844561577,26.131847381591797,0.5103641748428345,0.8363983035087585,0.46753549575805664,0.1792752742767334,1.2311675548553467,0.5160644054412842,22.7733211517334,-0.011007845401763916
person_00,S,32,an elderly person with gray hair,25,10,10,1,97.6,rotate,0,0.0,,,11507.9,1.02,512.0,279.0,115.0,,,,0.3368113040924072,0.3055083751678467,0.031302932649850845,0.19449160993099213,34.18367004394531,0.4890974760055542,34.18367004394531,0.4890974760055542,0.9807590842247009,0.031302932649850845,0.5893324613571167,2.1213202476501465,1.5407079458236694,1.395486831665039,32,identity,0.0,train,0.0,28.535980224609375,0.5078369379043579,0.910348117351532,0.19449160993099213,0.10874021053314209,0.9590890407562256,5.109981089347377,4.658177854367731,0.21050746738910675,0.06866208463907242,0.20121270418167114,0.02883773297071457,34.183555603027344,0.4890974760055542,0.9807590842247009,0.031302932649850845,0.01786249876022339,1.0060958862304688,0.0,80.0,0.19449160993099213
person_00,S,32,an elderly person with gray hair,25,10,10,1,97.6,rotate,0,0.0,,,11507.9,1.02,512.0,279.0,115.0,,,,0.3368113040924072,0.3055083751678467,0.031302932649850845,0.19449160993099213,34.18367004394531,0.4890974760055542,34.18367004394531,0.4890974760055542,0.9807590842247009,0.031302932649850845,0.5893324613571167,2.1213202476501465,1.5407079458236694,1.395486831665039,32,blur,0.0,heldout,0.0,34.16429138183594,0.46759188175201416,0.9740976691246033,0.07280039042234421,0.07896023988723755,0.9948276877403259,4.6337018297859895,4.796529881431591,0.24186000227928162,0.08185583353042603,0.25129154324531555,0.09281527996063232,34.183555603027344,0.4890974760055542,0.9807590842247009,0.031302932649850845,0.01786249876022339,1.0060958862304688,0.0,80.0,0.07280039042234421
person_00,S,32,an elderly person with gray hair,25,10,10,1,97.6,rotate,0,0.0,,,11507.9,1.02,512.0,279.0,115.0,,,,0.3368113040924072,0.3055083751678467,0.031302932649850845,0.19449160993099213,34.18367004394531,0.4890974760055542,34.18367004394531,0.4890974760055542,0.9807590842247009,0.031302932649850845,0.5893324613571167,2.1213202476501465,1.5407079458236694,1.395486831665039,32,blur,0.5,heldout,0.0,33.130916595458984,0.4370133578777313,0.966122031211853,0.13262051343917847,0.09379875659942627,0.8568838834762573,4.6337018297859895,5.322454996832935,0.24186000227928162,0.08185583353042603,0.24177542328834534,0.07363826781511307,34.45885467529297,0.4471290707588196,0.9813888072967529,0.0670858770608902,0.0232694149017334,0.8911964297294617,0.06588141620159149,38.53523254394531,0.06673909723758698
person_00,S,32,an elderly person with gray hair,25,10,10,1,97.6,rotate,0,0.0,,,11507.9,1.02,512.0,279.0,115.0,,,,0.3368113040924072,0.3055083751678467,0.031302932649850845,0.19449160993099213,34.18367004394531,0.4890974760055542,34.18367004394531,0.4890974760055542,0.9807590842247009,0.031302932649850845,0.5893324613571167,2.1213202476501465,1.5407079458236694,1.395486831665039,32,blur,1.0,heldout,0.0,29.550058364868164,0.36918705701828003,0.9301955103874207,0.2673436999320984,0.1539452075958252,0.5704734325408936,4.6337018297859895,7.028058042844106,0.24186000227928162,0.08185583353042603,0.2586829662322998,0.0961662009358406,33.79376983642578,0.38614314794540405,0.9764837026596069,0.1792161464691162,0.06340610980987549,0.661557137966156,0.253262460231781,30.349136352539062,0.014081239700317383
person_00,S,32,an elderly person with gray hair,25,10,10,1,97.6,rotate,0,0.0,,,11507.9,1.02,512.0,279.0,115.0,,,,0.3368113040924072,0.3055083751678467,0.031302932649850845,0.19449160993099213,34.18367004394531,0.4890974760055542,34.18367004394531,0.4890974760055542,0.9807590842247009,0.031302932649850845,0.5893324613571167,2.1213202476501465,1.5407079458236694,1.395486831665039,32,blur,1.5,heldout,0.0,28.247968673706055,0.4338219165802002,0.9097875356674194,0.3192426860332489,0.18397676944732666,0.42991384863853455,4.6337018297859895,8.421364232664136,0.24186000227928162,0.08185583353042603,0.25962918996810913,0.09157833456993103,32.38167953491211,0.3702585995197296,0.9633168578147888,0.24593934416770935,0.10439836978912354,0.5074086785316467,0.31688588857650757,28.412677764892578,0.002356797456741333
person_00,S,32,an elderly person with gray hair,25,10,10,1,97.6,rotate,0,0.0,,,11507.9,1.02,512.0,279.0,115.0,,,,0.3368113040924072,0.3055083751678467,0.031302932649850845,0.19449160993099213,34.18367004394531,0.4890974760055542,34.18367004394531,0.4890974760055542,0.9807590842247009,0.031302932649850845,0.5893324613571167,2.1213202476501465,1.5407079458236694,1.395486831665039,32,blur,2.0,heldout,0.0,27.092761993408203,0.4394049644470215,0.8789550065994263,0.36516815423965454,0.2084665298461914,0.3535805344581604,4.6337018297859895,10.020958053117916,0.24186000227928162,0.08185583353042603,0.24174930155277252,0.08860456943511963,30.94552230834961,0.3802473843097687,0.944215714931488,0.2972565293312073,0.13903945684432983,0.4041363596916199,0.3638470768928528,27.211040496826172,0.0013210773468017578
person_00,S,32,an elderly person with gray hair,25,10,10,1,97.6,rotate,0,0.0,,,11507.9,1.02,512.0,279.0,115.0,,,,0.3368113040924072,0.3055083751678467,0.031302932649850845,0.19449160993099213,34.18367004394531,0.4890974760055542,34.18367004394531,0.4890974760055542,0.9807590842247009,0.031302932649850845,0.5893324613571167,2.1213202476501465,1.5407079458236694,1.395486831665039,32,blur,3.0,heldout,0.0,25.990163803100586,0.498060941696167,0.840660572052002,0.4110645353794098,0.24006378650665283,0.27113404870033264,4.6337018297859895,11.295371358148996,0.24186000227928162,0.08185583353042603,0.20316651463508606,0.051704291254282,28.609413146972656,0.43963509798049927,0.8964142799377441,0.37509050965309143,0.1850351095199585,0.27900218963623047,0.4111342132091522,26.075742721557617,-6.967782974243164e-05
person_00,S,32,an elderly person with gray hair,25,10,10,1,97.6,rotate,0,0.0,,,11507.9,1.02,512.0,279.0,115.0,,,,0.3368113040924072,0.3055083751678467,0.031302932649850845,0.19449160993099213,34.18367004394531,0.4890974760055542,34.18367004394531,0.4890974760055542,0.9807590842247009,0.031302932649850845,0.5893324613571167,2.1213202476501465,1.5407079458236694,1.395486831665039,32,jpeg,95,heldout,0.0,32.68878173828125,0.4610777497291565,0.9657599329948425,0.09873738139867783,0.09935653209686279,0.9781922698020935,4.6337018297859895,4.753757286068112,0.24186000227928162,0.08185583353042603,0.23534438014030457,0.08040408045053482,33.81452178955078,0.501960813999176,0.9761532545089722,0.06616713851690292,0.019659698009490967,1.0100467205047607,0.028101902455091476,41.37044906616211,0.07063547894358635
person_00,S,32,an elderly person with gray hair,25,10,10,1,97.6,rotate,0,0.0,,,11507.9,1.02,512.0,279.0,115.0,,,,0.3368113040924072,0.3055083751678467,0.031302932649850845,0.19449160993099213,34.18367004394531,0.4890974760055542,34.18367004394531,0.4890974760055542,0.9807590842247009,0.031302932649850845,0.5893324613571167,2.1213202476501465,1.5407079458236694,1.395486831665039,32,jpeg,85,heldout,0.0,31.260631561279297,0.37044763565063477,0.9534053206443787,0.15298891067504883,0.10848730802536011,0.9120648503303528,4.6337018297859895,5.005445090956332,0.24186000227928162,0.08185583353042603,0.24296601116657257,0.08884003758430481,33.54841613769531,0.49803924560546875,0.9724451899528503,0.10806705802679062,0.02390420436859131,1.0061787366867065,0.1211397796869278,33.24832534790039,0.03184913098812103
person_00,S,32,an elderly person with gray hair,25,10,10,1,97.6,rotate,0,0.0,,,11507.9,1.02,512.0,279.0,115.0,,,,0.3368113040924072,0.3055083751678467,0.031302932649850845,0.19449160993099213,34.18367004394531,0.4890974760055542,34.18367004394531,0.4890974760055542,0.9807590842247009,0.031302932649850845,0.5893324613571167,2.1213202476501465,1.5407079458236694,1.395486831665039,32,jpeg,75,heldout,0.0,30.157752990722656,0.41827064752578735,0.9404515027999878,0.1866127848625183,0.11294740438461304,0.9230733513832092,4.6337018297859895,4.93209573951258,0.24186000227928162,0.08185583353042603,0.24532988667488098,0.10981875658035278,33.29753875732422,0.4941176474094391,0.9688005447387695,0.13705018162727356,0.028815805912017822,1.0043017864227295,0.1669938862323761,31.230663299560547,0.019618898630142212
person_00,S,32,an elderly person with gray hair,25,10,10,1,97.6,rotate,0,0.0,,,11507.9,1.02,512.0,279.0,115.0,,,,0.3368113040924072,0.3055083751678467,0.031302932649850845,0.19449160993099213,34.18367004394531,0.4890974760055542,34.18367004394531,0.4890974760055542,0.9807590842247009,0.031302932649850845,0.5893324613571167,2.1213202476501465,1.5407079458236694,1.395486831665039,32,jpeg,60,heldout,0.0,29.952333450317383,0.3711636960506439,0.9359011650085449,0.19790594279766083,0.11346912384033203,0.8444973230361938,4.6337018297859895,4.741871766748103,0.24186000227928162,0.08185583353042603,0.2625613510608673,0.09464933723211288,32.943016052246094,0.48627451062202454,0.9618129134178162,0.17164942622184753,0.04047966003417969,1.0049148797988892,0.16682422161102295,31.445125579833984,0.03108172118663788
person_00,S,32,an elderly person with gray hair,25,10,10,1,97.6,rotate,0,0.0,,,11507.9,1.02,512.0,279.0,115.0,,,,0.3368113040924072,0.3055083751678467,0.031302932649850845,0.19449160993099213,34.18367004394531,0.4890974760055542,34.18367004394531,0.4890974760055542,0.9807590842247009,0.031302932649850845,0.5893324613571167,2.1213202476501465,1.5407079458236694,1.395486831665039,32,jpeg,45,heldout,0.0,28.65267562866211,0.43777215480804443,0.9088258743286133,0.24665403366088867,0.13531005382537842,0.8750513195991516,4.6337018297859895,4.752001877075933,0.24186000227928162,0.08185583353042603,0.26116564869880676,0.09692873060703278,32.58856964111328,0.5098038911819458,0.9564359188079834,0.20642304420471191,0.05056047439575195,1.002038836479187,0.21446019411087036,29.73426628112793,0.03219383955001831
person_00,S,32,an elderly person with gray hair,25,10,10,1,97.6,rotate,0,0.0,,,11507.9,1.02,512.0,279.0,115.0,,,,0.3368113040924072,0.3055083751678467,0.031302932649850845,0.19449160993099213,34.18367004394531,0.4890974760055542,34.18367004394531,0.4890974760055542,0.9807590842247009,0.031302932649850845,0.5893324613571167,2.1213202476501465,1.5407079458236694,1.395486831665039,32,jpeg,30,heldout,0.0,27.917877197265625,0.47274985909461975,0.8948906660079956,0.2799631357192993,0.14664864540100098,0.7874672412872314,4.6337018297859895,4.720476792784952,0.24186000227928162,0.08185583353042603,0.26822274923324585,0.09463963657617569,32.00285720825195,0.545098066329956,0.9447567462921143,0.2662762999534607,0.06620776653289795,1.006395936012268,0.2714170813560486,28.251646041870117,0.008546054363250732
person_00,S,32,an elderly person with gray hair,25,10,10,1,97.6,rotate,0,0.0,,,11507.9,1.02,512.0,279.0,115.0,,,,0.3368113040924072,0.3055083751678467,0.031302932649850845,0.19449160993099213,34.18367004394531,0.4890974760055542,34.18367004394531,0.4890974760055542,0.9807590842247009,0.031302932649850845,0.5893324613571167,2.1213202476501465,1.5407079458236694,1.395486831665039,32,noise,0.0,heldout,0.0,34.16429138183594,0.46759188175201416,0.9740976691246033,0.07280039042234421,0.07896023988723755,0.9948276877403259,4.6337018297859895,4.796529881431591,0.24186000227928162,0.08185583353042603,0.25129154324531555,0.09281527996063232,34.183555603027344,0.4890974760055542,0.9807590842247009,0.031302932649850845,0.01786249876022339,1.0060958862304688,0.0,80.0,0.07280039042234421
person_00,S,32,an elderly person with gray hair,25,10,10,1,97.6,rotate,0,0.0,,,11507.9,1.02,512.0,279.0,115.0,,,,0.3368113040924072,0.3055083751678467,0.031302932649850845,0.19449160993099213,34.18367004394531,0.4890974760055542,34.18367004394531,0.4890974760055542,0.9807590842247009,0.031302932649850845,0.5893324613571167,2.1213202476501465,1.5407079458236694,1.395486831665039,32,noise,0.01,heldout,0.0,33.370697021484375,0.48777860403060913,0.9718875288963318,0.10764217376708984,0.08355343341827393,0.9969232678413391,4.6337018297859895,4.762281299323264,0.24186000227928162,0.08185583353042603,0.2559623420238495,0.09077108651399612,33.17664337158203,0.4934367537498474,0.9721531867980957,0.08505461364984512,0.02606302499771118,1.0239157676696777,0.09238892793655396,35.911659240722656,0.015253245830535889
person_00,S,32,an elderly person with gray hair,25,10,10,1,97.6,rotate,0,0.0,,,11507.9,1.02,512.0,279.0,115.0,,,,0.3368113040924072,0.3055083751678467,0.031302932649850845,0.19449160993099213,34.18367004394531,0.4890974760055542,34.18367004394531,0.4890974760055542,0.9807590842247009,0.031302932649850845,0.5893324613571167,2.1213202476501465,1.5407079458236694,1.395486831665039,32,noise,0.02,heldout,0.0,30.310447692871094,0.39771199226379395,0.9461292028427124,0.23730766773223877,0.11276137828826904,0.9802234172821045,4.6337018297859895,6.21384607362222,0.24186000227928162,0.08185583353042603,0.27096715569496155,0.09137921035289764,31.104393005371094,0.4977760314941406,0.9483262300491333,0.20073215663433075,0.05465221405029297,1.0776406526565552,0.22579678893089294,30.954713821411133,0.011510878801345825
person_00,S,32,an elderly person with gray hair,25,10,10,1,97.6,rotate,0,0.0,,,11507.9,1.02,512.0,279.0,115.0,,,,0.3368113040924072,0.3055083751678467,0.031302932649850845,0.19449160993099213,34.18367004394531,0.4890974760055542,34.18367004394531,0.4890974760055542,0.9807590842247009,0.031302932649850845,0.5893324613571167,2.1213202476501465,1.5407079458236694,1.395486831665039,32,noise,0.04,heldout,0.0,27.4522762298584,0.4714467525482178,0.8985311388969421,0.38199806213378906,0.15880775451660156,1.1125233173370361,4.6337018297859895,9.223448481872417,0.24186000227928162,0.08185583353042603,0.27178388833999634,0.08872105181217194,27.182029724121094,0.5293400883674622,0.871857762336731,0.34895408153533936,0.114113450050354,1.2859972715377808,0.37736091017723083,27.549983978271484,0.0046371519565582275
person_00,S,32,an elderly person with gray hair,25,10,10,1,97.6,rotate,0,0.0,,,11507.9,1.02,512.0,279.0,115.0,,,,0.3368113040924072,0.3055083751678467,0.031302932649850845,0.19449160993099213,34.18367004394531,0.4890974760055542,34.18367004394531,0.4890974760055542,0.9807590842247009,0.031302932649850845,0.5893324613571167,2.1213202476501465,1.5407079458236694,1.395486831665039,32,noise,0.08,heldout,0.0,23.28951072692871,0.6187456846237183,0.7612716555595398,0.5567614436149597,0.22002512216567993,1.414637804031372,4.6337018297859895,11.542484741145259,0.24186000227928162,0.08185583353042603,0.28709813952445984,0.07240607589483261,22.10944938659668,0.5967627763748169,0.6936982870101929,0.5162807703018188,0.19550025463104248,2.0581564903259277,0.5569533705711365,23.281940460205078,-0.0001919269561767578
person_00,S,32,an elderly person with gray hair,25,10,10,1,97.6,rotate,0,0.0,,,11507.9,1.02,512.0,279.0,115.0,,,,0.3368113040924072,0.3055083751678467,0.031302932649850845,0.19449160993099213,34.18367004394531,0.4890974760055542,34.18367004394531,0.4890974760055542,0.9807590842247009,0.031302932649850845,0.5893324613571167,2.1213202476501465,1.5407079458236694,1.395486831665039,32,quantize,256,heldout,0.0,34.23783493041992,0.47726356983184814,0.9744097590446472,0.07147791981697083,0.07735055685043335,0.9978207349777222,4.6337018297859895,4.743538865697438,0.24186000227928162,0.08185583353042603,0.25048738718032837,0.08994355797767639,34.16854476928711,0.4901961088180542,0.9806565046310425,0.03150761127471924,0.01825094223022461,1.0063841342926025,1.0118400908809555e-11,79.99999237060547,0.07147791980685242
person_00,S,32,an elderly person with gray hair,25,10,10,1,97.6,rotate,0,0.0,,,11507.9,1.02,512.0,279.0,115.0,,,,0.3368113040924072,0.3055083751678467,0.031302932649850845,0.19449160993099213,34.18367004394531,0.4890974760055542,34.18367004394531,0.4890974760055542,0.9807590842247009,0.031302932649850845,0.5893324613571167,2.1213202476501465,1.5407079458236694,1.395486831665039,32,quantize,64,heldout,0.0,34.073219299316406,0.508588433265686,0.9746617674827576,0.068524569272995,0.08089709281921387,1.0052495002746582,4.6337018297859895,4.67275822387284,0.24186000227928162,0.08185583353042603,0.24842530488967896,0.08953964710235596,33.951087951660156,0.4907563328742981,0.9788076877593994,0.04031996428966522,0.01889103651046753,1.0098320245742798,0.02420680969953537,41.4505729675293,0.044317759573459625
person_00,S,32,an elderly person with gray hair,25,10,10,1,97.6,rotate,0,0.0,,,11507.9,1.02,512.0,279.0,115.0,,,,0.3368113040924072,0.3055083751678467,0.031302932649850845,0.19449160993099213,34.18367004394531,0.4890974760055542,34.18367004394531,0.4890974760055542,0.9807590842247009,0.031302932649850845,0.5893324613571167,2.1213202476501465,1.5407079458236694,1.395486831665039,32,quantize,32,heldout,0.0,30.30813980102539,0.4818603992462158,0.9432380199432373,0.13787154853343964,0.10761535167694092,1.0438889265060425,4.6337018297859895,4.709289926529287,0.24186000227928162,0.08185583353042603,0.2656465172767639,0.09241124242544174,33.28410339355469,0.48614799976348877,0.968854546546936,0.11594152450561523,0.02541029453277588,1.024204134941101,0.1064508929848671,32.08756637573242,0.03142065554857254
person_00,S,32,an elderly person with gray hair,25,10,10,1,97.6,rotate,0,0.0,,,11507.9,1.02,512.0,279.0,115.0,,,,0.3368113040924072,0.3055083751678467,0.031302932649850845,0.19449160993099213,34.18367004394531,0.4890974760055542,34.18367004394531,0.4890974760055542,0.9807590842247009,0.031302932649850845,0.5893324613571167,2.1213202476501465,1.5407079458236694,1.395486831665039,32,quantize,16,heldout,0.0,25.58831214904785,0.6455368399620056,0.8547766208648682,0.33476030826568604,0.150712251663208,1.32399582862854,4.6337018297859895,5.87704741057266,0.24186000227928162,0.08185583353042603,0.26557692885398865,0.07080426812171936,31.210506439208984,0.5098039507865906,0.9172406196594238,0.34096449613571167,0.07108724117279053,1.0836066007614136,0.3353683352470398,26.180267333984375,-0.0006080269813537598
person_00,S,32,an elderly person with gray hair,25,10,10,1,97.6,rotate,0,0.0,,,11507.9,1.02,512.0,279.0,115.0,,,,0.3368113040924072,0.3055083751678467,0.031302932649850845,0.19449160993099213,34.18367004394531,0.4890974760055542,34.18367004394531,0.4890974760055542,0.9807590842247009,0.031302932649850845,0.5893324613571167,2.1213202476501465,1.5407079458236694,1.395486831665039,32,quantize,8,heldout,0.0,23.753406524658203,0.6040526032447815,0.7520068883895874,0.4807330071926117,0.1919105052947998,1.3779466152191162,4.6337018297859895,5.818819707492077,0.24186000227928162,0.08185583353042603,0.2569630742073059,0.08798995614051819,26.71637725830078,0.5064425468444824,0.749867856502533,0.5297545790672302,0.24489009380340576,1.3540520668029785,0.4745173454284668,23.479049682617188,0.0062156617641448975
person_01,S,32,an elderly person with gray hair,25,10,10,1,97.6,rotate,0,0.0,,,11507.9,0.72,512.0,296.6666666666667,151.66666666666666,,,,0.2716101109981537,0.24098697304725647,0.030623145401477814,0.25901302695274353,32.862552642822266,0.6953765153884888,32.862552642822266,0.6953765153884888,0.9790920615196228,0.030623145401477814,0.5434625148773193,2.1176185607910156,1.549323558807373,1.2583026885986328,32,identity,0.0,train,0.0,28.33712387084961,0.6043087840080261,0.9093170166015625,0.25901302695274353,0.1404423713684082,1.05082106590271,6.875431839943357,4.917349006888196,0.20077797770500183,0.04386167973279953,0.21446220576763153,0.07468924671411514,32.86246871948242,0.6953765153884888,0.9790920615196228,0.030623145401477814,0.019982576370239258,0.9941190481185913,0.0,80.0,0.25901302695274353
person_01,S,32,an elderly person with gray hair,25,10,10,1,97.6,rotate,0,0.0,,,11507.9,0.72,512.0,296.6666666666667,151.66666666666666,,,,0.2716101109981537,0.24098697304725647,0.030623145401477814,0.25901302695274353,32.862552642822266,0.6953765153884888,32.862552642822266,0.6953765153884888,0.9790920615196228,0.030623145401477814,0.5434625148773193,2.1176185607910156,1.549323558807373,1.2583026885986328,32,blur,0.0,heldout,0.0,34.38858413696289,0.4159446060657501,0.9741888046264648,0.07063141465187073,0.045387864112854004,1.005898356437683,4.725985000673543,4.030283197046861,0.17086359858512878,-0.004528893157839775,0.173324316740036,-0.00011685863137245178,32.86246871948242,0.6953765153884888,0.9790920615196228,0.030623145401477814,0.019982576370239258,0.9941190481185913,0.0,80.0,0.07063141465187073
person_01,S,32,an elderly person with gray hair,25,10,10,1,97.6,rotate,0,0.0,,,11507.9,0.72,512.0,296.6666666666667,151.66666666666666,,,,0.2716101109981537,0.24098697304725647,0.030623145401477814,0.25901302695274353,32.862552642822266,0.6953765153884888,32.862552642822266,0.6953765153884888,0.9790920615196228,0.030623145401477814,0.5434625148773193,2.1176185607910156,1.549323558807373,1.2583026885986328,32,blur,0.5,heldout,0.0,33.22359085083008,0.4322708547115326,0.9642676711082458,0.13776087760925293,0.07251369953155518,0.8458300232887268,4.725985000673543,4.627120611063491,0.17086359858512878,-0.004528893157839775,0.17849355936050415,0.0034287460148334503,33.16167449951172,0.63698410987854,0.9797571897506714,0.061912450939416885,0.031777918338775635,0.8015590310096741,0.10730544477701187,34.591651916503906,0.03045543283224106
person_01,S,32,an elderly person with gray hair,25,10,10,1,97.6,rotate,0,0.0,,,11507.9,0.72,512.0,296.6666666666667,151.66666666666666,,,,0.2716101109981537,0.24098697304725647,0.030623145401477814,0.25901302695274353,32.862552642822266,0.6953765153884888,32.862552642822266,0.6953765153884888,0.9790920615196228,0.030623145401477814,0.5434625148773193,2.1176185607910156,1.549323558807373,1.2583026885986328,32,blur,1.0,heldout,0.0,29.439239501953125,0.46091029047966003,0.9110732078552246,0.3233233690261841,0.16485583782196045,0.4968571662902832,4.725985000673543,6.733722987005082,0.17086359858512878,-0.004528893157839775,0.19610314071178436,0.050795555114746094,31.952802658081055,0.5425093173980713,0.9699369668960571,0.20335066318511963,0.08115339279174805,0.49676811695098877,0.3112609386444092,29.485214233398438,0.012062430381774902
person_01,S,32,an elderly person with gray hair,25,10,10,1,97.6,rotate,0,0.0,,,11507.9,0.72,512.0,296.6666666666667,151.66666666666666,,,,0.2716101109981537,0.24098697304725647,0.030623145401477814,0.25901302695274353,32.862552642822266,0.6953765153884888,32.862552642822266,0.6953765153884888,0.9790920615196228,0.030623145401477814,0.5434625148773193,2.1176185607910156,1.549323558807373,1.2583026885986328,32,blur,1.5,heldout,0.0,28.54816246032715,0.5245782136917114,0.895012378692627,0.39020246267318726,0.20975136756896973,0.3224535584449768,4.725985000673543,9.284800488402553,0.17086359858512878,-0.004528893157839775,0.19759413599967957,0.046317487955093384,30.698894500732422,0.5667426586151123,0.9526271820068359,0.28559595346450806,0.132798433303833,0.3472043573856354,0.3841659128665924,28.58211898803711,0.006036549806594849
person_01,S,32,an elderly person with gray hair,25,10,10,1,97.6,rotate,0,0.0,,,11507.9,0.72,512.0,296.6666666666667,151.66666666666666,,,,0.2716101109981537,0.24098697304725647,0.030623145401477814,0.25901302695274353,32.862552642822266,0.6953765153884888,32.862552642822266,0.6953765153884888,0.9790920615196228,0.030623145401477814,0.5434625148773193,2.1176185607910156,1.549323558807373,1.2583026885986328,32,blur,2.0,heldout,0.0,27.733089447021484,0.6612834930419922,0.8742424845695496,0.4414016008377075,0.24807488918304443,0.2431086003780365,4.725985000673543,10.613007150128134,0.17086359858512878,-0.004528893157839775,0.19838465750217438,0.04808963090181351,29.663463592529297,0.6054056882858276,0.9331352114677429,0.35095933079719543,0.17350447177886963,0.26249977946281433,0.4369967579841614,27.77767562866211,0.004404842853546143
person_01,S,32,an elderly person with gray hair,25,10,10,1,97.6,rotate,0,0.0,,,11507.9,0.72,512.0,296.6666666666667,151.66666666666666,,,,0.2716101109981537,0.24098697304725647,0.030623145401477814,0.25901302695274353,32.862552642822266,0.6953765153884888,32.862552642822266,0.6953765153884888,0.9790920615196228,0.030623145401477814,0.5434625148773193,2.1176185607910156,1.549323558807373,1.2583026885986328,32,blur,3.0,heldout,0.0,26.756818771362305,0.673515796661377,0.8469950556755066,0.49894067645072937,0.2829023599624634,0.1746252030134201,4.725985000673543,11.177430842667109,0.17086359858512878,-0.004528893157839775,0.18244221806526184,0.02877500280737877,28.05636978149414,0.6989064812660217,0.8936337828636169,0.4416954517364502,0.2369699478149414,0.17094238102436066,0.4987438917160034,26.74379539489746,0.00019678473472595215
person_01,S,32,an elderly person with gray hair,25,10,10,1,97.6,rotate,0,0.0,,,11507.9,0.72,512.0,296.6666666666667,151.66666666666666,,,,0.2716101109981537,0.24098697304725647,0.030623145401477814,0.25901302695274353,32.862552642822266,0.6953765153884888,32.862552642822266,0.6953765153884888,0.9790920615196228,0.030623145401477814,0.5434625148773193,2.1176185607910156,1.549323558807373,1.2583026885986328,32,jpeg,95,heldout,0.0,33.140647888183594,0.5891644954681396,0.9613008499145508,0.11414003372192383,0.07536512613296509,1.0172358751296997,4.725985000673543,3.953458126843705,0.17086359858512878,-0.004528893157839775,0.1767290085554123,0.009584077633917332,32.42525863647461,0.6784313917160034,0.9696995615959167,0.07126398384571075,0.023273766040802002,0.9958763718605042,0.0891168862581253,35.771297454833984,0.025023147463798523
person_01,S,32,an elderly person with gray hair,25,10,10,1,97.6,rotate,0,0.0,,,11507.9,0.72,512.0,296.6666666666667,151.66666666666666,,,,0.2716101109981537,0.24098697304725647,0.030623145401477814,0.25901302695274353,32.862552642822266,0.6953765153884888,32.862552642822266,0.6953765153884888,0.9790920615196228,0.030623145401477814,0.5434625148773193,2.1176185607910156,1.549323558807373,1.2583026885986328,32,jpeg,85,heldout,0.0,31.302093505859375,0.6560039520263672,0.9376720190048218,0.19426646828651428,0.11362898349761963,1.0103248357772827,4.725985000673543,3.959930211276418,0.17086359858512878,-0.004528893157839775,0.188359335064888,0.024735234677791595,31.993404388427734,0.6784313917160034,0.9609155654907227,0.12975865602493286,0.027835845947265625,0.9904923439025879,0.1681598722934723,32.291587829589844,0.026106595993041992
person_01,S,32,an elderly person with gray hair,25,10,10,1,97.6,rotate,0,0.0,,,11507.9,0.72,512.0,296.6666666666667,151.66666666666666,,,,0.2716101109981537,0.24098697304725647,0.030623145401477814,0.25901302695274353,32.862552642822266,0.6953765153884888,32.862552642822266,0.6953765153884888,0.9790920615196228,0.030623145401477814,0.5434625148773193,2.1176185607910156,1.549323558807373,1.2583026885986328,32,jpeg,75,heldout,0.0,30.791927337646484,0.6076760292053223,0.9297487139701843,0.23551985621452332,0.11597061157226562,0.982333242893219,4.725985000673543,4.075536536884418,0.17086359858512878,-0.004528893157839775,0.19782857596874237,0.03855669125914574,31.693893432617188,0.6549019813537598,0.9527630805969238,0.16787278652191162,0.04323357343673706,0.9815965294837952,0.21190720796585083,31.102827072143555,0.023612648248672485
person_01,S,32,an elderly person with gray hair,25,10,10,1,97.6,rotate,0,0.0,,,11507.9,0.72,512.0,296.6666666666667,151.66666666666666,,,,0.2716101109981537,0.24098697304725647,0.030623145401477814,0.25901302695274353,32.862552642822266,0.6953765153884888,32.862552642822266,0.6953765153884888,0.9790920615196228,0.030623145401477814,0.5434625148773193,2.1176185607910156,1.549323558807373,1.2583026885986328,32,jpeg,60,heldout,0.0,30.750320434570312,0.5647472143173218,0.9301508665084839,0.23772871494293213,0.12814843654632568,0.9250850081443787,4.725985000673543,4.60368258868246,0.17086359858512878,-0.004528893157839775,0.17230400443077087,0.007525848224759102,31.319196701049805,0.6392157077789307,0.942435622215271,0.22062429785728455,0.05639827251434326,0.9673543572425842,0.24422401189804077,30.747041702270508,-0.006495296955108643
person_01,S,32,an elderly person with gray hair,25,10,10,1,97.6,rotate,0,0.0,,,11507.9,0.72,512.0,296.6666666666667,151.66666666666666,,,,0.2716101109981537,0.24098697304725647,0.030623145401477814,0.25901302695274353,32.862552642822266,0.6953765153884888,32.862552642822266,0.6953765153884888,0.9790920615196228,0.030623145401477814,0.5434625148773193,2.1176185607910156,1.549323558807373,1.2583026885986328,32,jpeg,45,heldout,0.0,29.691617965698242,0.5676959753036499,0.910927951335907,0.3082122802734375,0.14993727207183838,0.9116725921630859,4.725985000673543,5.096487217152449,0.17086359858512878,-0.004528893157839775,0.20743487775325775,0.024883495643734932,30.99560546875,0.6313725709915161,0.9315543174743652,0.2635781764984131,0.07306218147277832,0.9549102783203125,0.25017163157463074,30.846193313598633,0.05804064869880676
person_01,S,32,an elderly person with gray hair,25,10,10,1,97.6,rotate,0,0.0,,,11507.9,0.72,512.0,296.6666666666667,151.66666666666666,,,,0.2716101109981537,0.24098697304725647,0.030623145401477814,0.25901302695274353,32.862552642822266,0.6953765153884888,32.862552642822266,0.6953765153884888,0.9790920615196228,0.030623145401477814,0.5434625148773193,2.1176185607910156,1.549323558807373,1.2583026885986328,32,jpeg,30,heldout,0.0,29.31186294555664,0.526835560798645,0.8976826071739197,0.35985785722732544,0.16200274229049683,0.7837091684341431,4.725985000673543,4.935949029427864,0.17086359858512878,-0.004528893157839775,0.16434326767921448,0.007250957190990448,30.426441192626953,0.7098039388656616,0.9130442142486572,0.341117262840271,0.09472370147705078,0.9453681707382202,0.38632524013519287,29.21432876586914,-0.02646738290786743
person_01,S,32,an elderly person with gray hair,25,10,10,1,97.6,rotate,0,0.0,,,11507.9,0.72,512.0,296.6666666666667,151.66666666666666,,,,0.2716101109981537,0.24098697304725647,0.030623145401477814,0.25901302695274353,32.862552642822266,0.6953765153884888,32.862552642822266,0.6953765153884888,0.9790920615196228,0.030623145401477814,0.5434625148773193,2.1176185607910156,1.549323558807373,1.2583026885986328,32,noise,0.0,heldout,0.0,34.38858413696289,0.4159446060657501,0.9741888046264648,0.07063141465187073,0.045387864112854004,1.005898356437683,4.725985000673543,4.030283197046861,0.17086359858512878,-0.004528893157839775,0.173324316740036,-0.00011685863137245178,32.86246871948242,0.6953765153884888,0.9790920615196228,0.030623145401477814,0.019982576370239258,0.9941190481185913,0.0,80.0,0.07063141465187073
person_01,S,32,an elderly person with gray hair,25,10,10,1,97.6,rotate,0,0.0,,,11507.9,0.72,512.0,296.6666666666667,151.66666666666666,,,,0.2716101109981537,0.24098697304725647,0.030623145401477814,0.25901302695274353,32.862552642822266,0.6953765153884888,32.862552642822266,0.6953765153884888,0.9790920615196228,0.030623145401477814,0.5434625148773193,2.1176185607910156,1.549323558807373,1.2583026885986328,32,noise,0.01,heldout,0.0,33.47991943359375,0.4393784701824188,0.9697112441062927,0.11998869478702545,0.05856364965438843,1.0343377590179443,4.725985000673543,5.198207960636802,0.17086359858512878,-0.004528893157839775,0.17515306174755096,0.0005398057401180267,32.10759353637695,0.696185290813446,0.9655216932296753,0.0917617678642273,0.025771379470825195,1.0089212656021118,0.1129588633775711,34.650882720947266,0.007029831409454346
person_01,S,32,an elderly person with gray hair,25,10,10,1,97.6,rotate,0,0.0,,,11507.9,0.72,512.0,296.6666666666667,151.66666666666666,,,,0.2716101109981537,0.24098697304725647,0.030623145401477814,0.25901302695274353,32.862552642822266,0.6953765153884888,32.862552642822266,0.6953765153884888,0.9790920615196228,0.030623145401477814,0.5434625148773193,2.1176185607910156,1.549323558807373,1.2583026885986328,32,noise,0.02,heldout,0.0,31.18282127380371,0.5079289674758911,0.9462881088256836,0.22388982772827148,0.0935361385345459,1.0710045099258423,4.725985000673543,6.864321881018978,0.17086359858512878,-0.004528893157839775,0.18408651649951935,0.028730085119605064,30.41783905029297,0.6969940662384033,0.927911639213562,0.1886999011039734,0.05299198627471924,1.0561741590499878,0.21364101767539978,31.637733459472656,0.010248810052871704
person_01,S,32,an elderly person with gray hair,25,10,10,1,97.6,rotate,0,0.0,,,11507.9,0.72,512.0,296.6666666666667,151.66666666666666,,,,0.2716101109981537,0.24098697304725647,0.030623145401477814,0.25901302695274353,32.862552642822266,0.6953765153884888,32.862552642822266,0.6953765153884888,0.9790920615196228,0.030623145401477814,0.5434625148773193,2.1176185607910156,1.549323558807373,1.2583026885986328,32,noise,0.04,heldout,0.0,27.907699584960938,0.6544676423072815,0.8751249313354492,0.38956892490386963,0.16160351037979126,1.1319230794906616,4.725985000673543,9.78081358381771,0.17086359858512878,-0.004528893157839775,0.22446131706237793,0.07194267958402634,26.893606185913086,0.7045691013336182,0.8134788870811462,0.3460097312927246,0.12582683563232422,1.2433288097381592,0.3739224672317505,28.390504837036133,0.01564645767211914
person_01,S,32,an elderly person with gray hair,25,10,10,1,97.6,rotate,0,0.0,,,11507.9,0.72,512.0,296.6666666666667,151.66666666666666,,,,0.2716101109981537,0.24098697304725647,0.030623145401477814,0.25901302695274353,32.862552642822266,0.6953765153884888,32.862552642822266,0.6953765153884888,0.9790920615196228,0.030623145401477814,0.5434625148773193,2.1176185607910156,1.549323558807373,1.2583026885986328,32,noise,0.08,heldout,0.0,23.882312774658203,0.7666579484939575,0.7287545204162598,0.5402040481567383,0.24342674016952515,1.5928783416748047,4.725985000673543,11.714524224040943,0.17086359858512878,-0.004528893157839775,0.26909303665161133,0.054232701659202576,22.084741592407227,0.7098039388656616,0.5906309485435486,0.5313809514045715,0.24834609031677246,1.9296084642410278,0.5333601236343384,23.988759994506836,0.006843924522399902
person_01,S,32,an elderly person with gray hair,25,10,10,1,97.6,rotate,0,0.0,,,11507.9,0.72,512.0,296.6666666666667,151.66666666666666,,,,0.2716101109981537,0.24098697304725647,0.030623145401477814,0.25901302695274353,32.862552642822266,0.6953765153884888,32.862552642822266,0.6953765153884888,0.9790920615196228,0.030623145401477814,0.5434625148773193,2.1176185607910156,1.549323558807373,1.2583026885986328,32,quantize,256,heldout,0.0,34.40727996826172,0.41392430663108826,0.9742888808250427,0.06971950829029083,0.046331048011779785,1.0059279203414917,4.725985000673543,4.143475477911393,0.17086359858512878,-0.004528893157839775,0.17148853838443756,-0.0005852663889527321,32.85230255126953,0.6941177248954773,0.9789313077926636,0.031159039586782455,0.019835710525512695,0.9945087432861328,9.978398315957371e-12,79.99999237060547,0.06971950828031244
person_01,S,32,an elderly person with gray hair,25,10,10,1,97.6,rotate,0,0.0,,,11507.9,0.72,512.0,296.6666666666667,151.66666666666666,,,,0.2716101109981537,0.24098697304725647,0.030623145401477814,0.25901302695274353,32.862552642822266,0.6953765153884888,32.862552642822266,0.6953765153884888,0.9790920615196228,0.030623145401477814,0.5434625148773193,2.1176185607910156,1.549323558807373,1.2583026885986328,32,quantize,64,heldout,0.0,34.259647369384766,0.4179846942424774,0.9737437963485718,0.07297569513320923,0.050389766693115234,1.0287883281707764,4.725985000673543,4.151524116858956,0.17086359858512878,-0.004528893157839775,0.17634767293930054,0.004200587049126625,32.69114685058594,0.6972923278808594,0.9760082960128784,0.04760577157139778,0.021200060844421387,0.9980511665344238,0.03230554983019829,40.81098937988281,0.04067014530301094
person_01,S,32,an elderly person with gray hair,25,10,10,1,97.6,rotate,0,0.0,,,11507.9,0.72,512.0,296.6666666666667,151.66666666666666,,,,0.2716101109981537,0.24098697304725647,0.030623145401477814,0.25901302695274353,32.862552642822266,0.6953765153884888,32.862552642822266,0.6953765153884888,0.9790920615196228,0.030623145401477814,0.5434625148773193,2.1176185607910156,1.549323558807373,1.2583026885986328,32,quantize,32,heldout,0.0,32.149784088134766,0.6056422591209412,0.9516804218292236,0.15025287866592407,0.09916538000106812,1.0527559518814087,4.725985000673543,4.385998697926097,0.17086359858512878,-0.004528893157839775,0.20952242612838745,0.030247550457715988,32.18928527832031,0.6962681412696838,0.9634565711021423,0.13092181086540222,0.03483456373214722,1.0119341611862183,0.10383796691894531,35.97114562988281,0.04641491174697876
person_01,S,32,an elderly person with gray hair,25,10,10,1,97.6,rotate,0,0.0,,,11507.9,0.72,512.0,296.6666666666667,151.66666666666666,,,,0.2716101109981537,0.24098697304725647,0.030623145401477814,0.25901302695274353,32.862552642822266,0.6953765153884888,32.862552642822266,0.6953765153884888,0.9790920615196228,0.030623145401477814,0.5434625148773193,2.1176185607910156,1.549323558807373,1.2583026885986328,32,quantize,16,heldout,0.0,27.380645751953125,0.6513147354125977,0.8851582407951355,0.289606511592865,0.1529443860054016,1.210577368736267,4.725985000673543,4.399696153565196,0.17086359858512878,-0.004528893157839775,0.2427842766046524,0.08279742300510406,30.50167465209961,0.7058823108673096,0.9122859239578247,0.31362664699554443,0.11781477928161621,1.0655560493469238,0.27738553285598755,27.545595169067383,0.012220978736877441
person_01,S,32,an elderly person with gray hair,25,10,10,1,97.6,rotate,0,0.0,,,11507.9,0.72,512.0,296.6666666666667,151.66666666666666,,,,0.2716101109981537,0.24098697304725647,0.030623145401477814,0.25901302695274353,32.862552642822266,0.6953765153884888,32.862552642822266,0.6953765153884888,0.9790920615196228,0.030623145401477814,0.5434625148773193,2.1176185607910156,1.549323558807373,1.2583026885986328,32,quantize,8,heldout,0.0,24.65650177001953,0.734764575958252,0.8098335266113281,0.4182244837284088,0.20517367124557495,1.3919261693954468,4.725985000673543,4.170883927208597,0.17086359858512878,-0.004528893157839775,0.23332791030406952,0.09560520201921463,26.41242027282715,0.7607843279838562,0.7660720348358154,0.49536561965942383,0.23519587516784668,1.2319542169570923,0.4303854703903198,24.29015350341797,-0.01216098666191101
