image,site,rank,prompt,steps,k_inv,n_edit,n_eot,seconds,purify_mode,align_steps,align_seconds,align_lpips,align_psnr,peak_mb,residual_gain,eff_rank_mean,energy_rank_99_mean,energy_rank_90_mean,raw_eff_rank_mean,raw_energy_rank_99_mean,clamped_fraction,final_loss,final_L_def,final_L_fid,final_shift,final_psnr,final_linf,final_psnr_total,final_linf_total,final_ssim,final_lpips,disp_mean_px,disp_max_px,disp_p99_px,flow_tv,grid_size,purify,strength,noise_split,proxy_gap,edit_psnr,edit_linf,edit_ssim,edit_lpips,edit_dists,edit_niqe_a,edit_niqe_b,edit_clip_a,edit_siglip_a,edit_clip_b,edit_siglip_b,defimg_psnr,defimg_linf,defimg_ssim,defimg_lpips,defimg_dists,ctrl_lpips,ctrl_psnr,net_lpips
car_00,S,32,a wrecked car after an accident,25,10,10,1,98.2,rotate,0,0.0,,,10146.0,0.77,512.0,324.3333333333333,170.66666666666666,,,,0.28288722038269043,0.22670042514801025,0.05618680641055107,0.27329957485198975,27.61654281616211,0.6488169431686401,27.61654281616211,0.6488169431686401,0.9771431684494019,0.03332997485995293,0.33957043290138245,2.173295736312866,1.0323954820632935,0.8776266574859619,32,identity,0.0,train,0.0,20.219375610351562,0.9355900883674622,0.7571123838424683,0.27329957485198975,0.12950342893600464,4.215788341561983,3.3745428304314284,0.2232273519039154,0.05863351374864578,0.2448522448539734,0.06199844926595688,27.616518020629883,0.6488169431686401,0.9771431684494019,0.03332997485995293,0.012317538261413574,0.0,80.0,0.27329957485198975
car_00,S,32,a wrecked car after an accident,25,10,10,1,98.2,rotate,0,0.0,,,10146.0,0.77,512.0,324.3333333333333,170.66666666666666,,,,0.28288722038269043,0.22670042514801025,0.05618680641055107,0.27329957485198975,27.61654281616211,0.6488169431686401,27.61654281616211,0.6488169431686401,0.9771431684494019,0.03332997485995293,0.33957043290138245,2.173295736312866,1.0323954820632935,0.8776266574859619,32,blur,0.0,heldout,0.0,25.346965789794922,0.7619730234146118,0.9144250154495239,0.11008875072002411,0.06083470582962036,3.607388867230174,3.0600864441148463,0.21795710921287537,0.04843774065375328,0.21144166588783264,0.02331598289310932,27.616518020629883,0.6488169431686401,0.9771431684494019,0.03332997485995293,0.012317538261413574,0.0,80.0,0.11008875072002411
car_00,S,32,a wrecked car after an accident,25,10,10,1,98.2,rotate,0,0.0,,,10146.0,0.77,512.0,324.3333333333333,170.66666666666666,,,,0.28288722038269043,0.22670042514801025,0.05618680641055107,0.27329957485198975,27.61654281616211,0.6488169431686401,27.61654281616211,0.6488169431686401,0.9771431684494019,0.03332997485995293,0.33957043290138245,2.173295736312866,1.0323954820632935,0.8776266574859619,32,blur,0.5,heldout,0.0,24.742338180541992,0.7395686507225037,0.8926316499710083,0.15051139891147614,0.07094687223434448,3.607388867230174,2.625750341595069,0.21795710921287537,0.04843774065375328,0.21176178753376007,0.015938257798552513,26.066349029541016,0.579609215259552,0.9658818244934082,0.0704493522644043,0.027118980884552002,0.07280343770980835,27.877161026000977,0.07770796120166779
car_00,S,32,a wrecked car after an accident,25,10,10,1,98.2,rotate,0,0.0,,,10146.0,0.77,512.0,324.3333333333333,170.66666666666666,,,,0.28288722038269043,0.22670042514801025,0.05618680641055107,0.27329957485198975,27.61654281616211,0.6488169431686401,27.61654281616211,0.6488169431686401,0.9771431684494019,0.03332997485995293,0.33957043290138245,2.173295736312866,1.0323954820632935,0.8776266574859619,32,blur,1.0,heldout,0.0,22.52910804748535,0.760118842124939,0.793651282787323,0.3329407572746277,0.13772791624069214,3.607388867230174,4.4675018149404995,0.21795710921287537,0.04843774065375328,0.21521615982055664,0.011516446247696877,22.536848068237305,0.6535987257957458,0.8960732221603394,0.2353154420852661,0.09573745727539062,0.3081440329551697,22.882883071899414,0.024796724319458008
car_00,S,32,a wrecked car after an accident,25,10,10,1,98.2,rotate,0,0.0,,,10146.0,0.77,512.0,324.3333333333333,170.66666666666666,,,,0.28288722038269043,0.22670042514801025,0.05618680641055107,0.27329957485198975,27.61654281616211,0.6488169431686401,27.61654281616211,0.6488169431686401,0.9771431684494019,0.03332997485995293,0.33957043290138245,2.173295736312866,1.0323954820632935,0.8776266574859619,32,blur,1.5,heldout,0.0,21.558971405029297,0.7477685809135437,0.7270428538322449,0.4461347460746765,0.19066953659057617,3.607388867230174,6.166564573476359,0.21795710921287537,0.04843774065375328,0.21708622574806213,0.03172275424003601,21.049177169799805,0.74226975440979,0.8103779554367065,0.348938524723053,0.16931378841400146,0.4379340708255768,21.619068145751953,0.008200675249099731
car_00,S,32,a wrecked car after an accident,25,10,10,1,98.2,rotate,0,0.0,,,10146.0,0.77,512.0,324.3333333333333,170.66666666666666,,,,0.28288722038269043,0.22670042514801025,0.05618680641055107,0.27329957485198975,27.61654281616211,0.6488169431686401,27.61654281616211,0.6488169431686401,0.9771431684494019,0.03332997485995293,0.33957043290138245,2.173295736312866,1.0323954820632935,0.8776266574859619,32,blur,2.0,heldout,0.0,20.936710357666016,0.7362434267997742,0.6703831553459167,0.512098491191864,0.22932696342468262,3.607388867230174,7.620310771326916,0.21795710921287537,0.04843774065375328,0.21353654563426971,0.02038077637553215,20.174057006835938,0.7994127869606018,0.7307280898094177,0.4293106198310852,0.2093333601951599,0.5099867582321167,20.968475341796875,0.0021117329597473145
car_00,S,32,a wrecked car after an accident,25,10,10,1,98.2,rotate,0,0.0,,,10146.0,0.77,512.0,324.3333333333333,170.66666666666666,,,,0.28288722038269043,0.22670042514801025,0.05618680641055107,0.27329957485198975,27.61654281616211,0.6488169431686401,27.61654281616211,0.6488169431686401,0.9771431684494019,0.03332997485995293,0.33957043290138245,2.173295736312866,1.0323954820632935,0.8776266574859619,32,blur,3.0,heldout,0.0,19.985376358032227,0.7563658356666565,0.5772784948348999,0.5873660445213318,0.28294456005096436,3.607388867230174,9.108127156004732,0.21795710921287537,0.04843774065375328,0.21049383282661438,0.026129096746444702,19.093002319335938,0.8402431607246399,0.6033928394317627,0.534034252166748,0.2617906332015991,0.5855351686477661,20.02093505859375,0.0018308758735656738
car_00,S,32,a wrecked car after an accident,25,10,10,1,98.2,rotate,0,0.0,,,10146.0,0.77,512.0,324.3333333333333,170.66666666666666,,,,0.28288722038269043,0.22670042514801025,0.05618680641055107,0.27329957485198975,27.61654281616211,0.6488169431686401,27.61654281616211,0.6488169431686401,0.9771431684494019,0.03332997485995293,0.33957043290138245,2.173295736312866,1.0323954820632935,0.8776266574859619,32,jpeg,95,heldout,0.0,25.052963256835938,0.7835957407951355,0.9084162712097168,0.11644396185874939,0.06249368190765381,3.607388867230174,2.918055820862375,0.21795710921287537,0.04843774065375328,0.21171638369560242,0.02785041555762291,26.998369216918945,0.6392157077789307,0.9697410464286804,0.05347006022930145,0.01460355520248413,0.04655233025550842,29.74864959716797,0.06989163160324097
car_00,S,32,a wrecked car after an accident,25,10,10,1,98.2,rotate,0,0.0,,,10146.0,0.77,512.0,324.3333333333333,170.66666666666666,,,,0.28288722038269043,0.22670042514801025,0.05618680641055107,0.27329957485198975,27.61654281616211,0.6488169431686401,27.61654281616211,0.6488169431686401,0.9771431684494019,0.03332997485995293,0.33957043290138245,2.173295736312866,1.0323954820632935,0.8776266574859619,32,jpeg,85,heldout,0.0,24.116994857788086,0.7844367027282715,0.8847221732139587,0.1487201750278473,0.0786253809928894,3.607388867230174,2.4832597730985078,0.21795710921287537,0.04843774065375328,0.2149927169084549,0.02941307984292507,26.302940368652344,0.6627451181411743,0.9602829217910767,0.09575904160737991,0.018639802932739258,0.08944735676050186,26.51421546936035,0.05927281826734543
car_00,S,32,a wrecked car after an accident,25,10,10,1,98.2,rotate,0,0.0,,,10146.0,0.77,512.0,324.3333333333333,170.66666666666666,,,,0.28288722038269043,0.22670042514801025,0.05618680641055107,0.27329957485198975,27.61654281616211,0.6488169431686401,27.61654281616211,0.6488169431686401,0.9771431684494019,0.03332997485995293,0.33957043290138245,2.173295736312866,1.0323954820632935,0.8776266574859619,32,jpeg,75,heldout,0.0,23.78969383239746,0.7865742444992065,0.8768209218978882,0.1553807258605957,0.07219564914703369,3.607388867230174,2.425565397838582,0.21795710921287537,0.04843774065375328,0.22990062832832336,0.04076853767037392,25.661449432373047,0.6666666865348816,0.952017068862915,0.1322806179523468,0.023244917392730713,0.1362108737230301,24.49603843688965,0.019169852137565613
car_00,S,32,a wrecked car after an accident,25,10,10,1,98.2,rotate,0,0.0,,,10146.0,0.77,512.0,324.3333333333333,170.66666666666666,,,,0.28288722038269043,0.22670042514801025,0.05618680641055107,0.27329957485198975,27.61654281616211,0.6488169431686401,27.61654281616211,0.6488169431686401,0.9771431684494019,0.03332997485995293,0.33957043290138245,2.173295736312866,1.0323954820632935,0.8776266574859619,32,jpeg,60,heldout,0.0,23.175737380981445,0.770150899887085,0.8538931608200073,0.19230380654335022,0.08873122930526733,3.607388867230174,1.9303155796041707,0.21795710921287537,0.04843774065375328,0.21994063258171082,0.03713170439004898,24.984548568725586,0.6470588445663452,0.9419394731521606,0.17148810625076294,0.03136289119720459,0.15937384963035583,23.30567169189453,0.032929956912994385
car_00,S,32,a wrecked car after an accident,25,10,10,1,98.2,rotate,0,0.0,,,10146.0,0.77,512.0,324.3333333333333,170.66666666666666,,,,0.28288722038269043,0.22670042514801025,0.05618680641055107,0.27329957485198975,27.61654281616211,0.6488169431686401,27.61654281616211,0.6488169431686401,0.9771431684494019,0.03332997485995293,0.33957043290138245,2.173295736312866,1.0323954820632935,0.8776266574859619,32,jpeg,45,heldout,0.0,22.81947135925293,0.7531266212463379,0.8412758111953735,0.21359066665172577,0.0918741226196289,3.607388867230174,1.6528234227550669,0.21795710921287537,0.04843774065375328,0.2312585711479187,0.04228987917304039,24.476072311401367,0.6901960968971252,0.9335271120071411,0.19949182868003845,0.03583568334579468,0.18372881412506104,22.8984432220459,0.029861852526664734
car_00,S,32,a wrecked car after an accident,25,10,10,1,98.2,rotate,0,0.0,,,10146.0,0.77,512.0,324.3333333333333,170.66666666666666,,,,0.28288722038269043,0.22670042514801025,0.05618680641055107,0.27329957485198975,27.61654281616211,0.6488169431686401,27.61654281616211,0.6488169431686401,0.9771431684494019,0.03332997485995293,0.33957043290138245,2.173295736312866,1.0323954820632935,0.8776266574859619,32,jpeg,30,heldout,0.0,22.584583282470703,0.8119606971740723,0.8256012797355652,0.23766547441482544,0.09894722700119019,3.607388867230174,2.0488972215888164,0.21795710921287537,0.04843774065375328,0.21613284945487976,0.05045783892273903,23.832653045654297,0.6941176652908325,0.9182752370834351,0.24264207482337952,0.05528676509857178,0.217988058924675,22.87649917602539,0.01967741549015045
car_00,S,32,a wrecked car after an accident,25,10,10,1,98.2,rotate,0,0.0,,,10146.0,0.77,512.0,324.3333333333333,170.66666666666666,,,,0.28288722038269043,0.22670042514801025,0.05618680641055107,0.27329957485198975,27.61654281616211,0.6488169431686401,27.61654281616211,0.6488169431686401,0.9771431684494019,0.03332997485995293,0.33957043290138245,2.173295736312866,1.0323954820632935,0.8776266574859619,32,noise,0.0,heldout,0.0,25.346965789794922,0.7619730234146118,0.9144250154495239,0.11008875072002411,0.06083470582962036,3.607388867230174,3.0600864441148463,0.21795710921287537,0.04843774065375328,0.21144166588783264,0.02331598289310932,27.616518020629883,0.6488169431686401,0.9771431684494019,0.03332997485995293,0.012317538261413574,0.0,80.0,0.11008875072002411
car_00,S,32,a wrecked car after an accident,25,10,10,1,98.2,rotate,0,0.0,,,10146.0,0.77,512.0,324.3333333333333,170.66666666666666,,,,0.28288722038269043,0.22670042514801025,0.05618680641055107,0.27329957485198975,27.61654281616211,0.6488169431686401,27.61654281616211,0.6488169431686401,0.9771431684494019,0.03332997485995293,0.33957043290138245,2.173295736312866,1.0323954820632935,0.8776266574859619,32,noise,0.01,heldout,0.0,24.973928451538086,0.7399714589118958,0.9092628955841064,0.12331925332546234,0.06431692838668823,3.607388867230174,3.332415463621687,0.21795710921287537,0.04843774065375328,0.21359188854694366,0.030349042266607285,27.373695373535156,0.6497238874435425,0.9721755981445312,0.05970104783773422,0.01558607816696167,0.03954797610640526,31.267223358154297,0.08377127721905708
car_00,S,32,a wrecked car after an accident,25,10,10,1,98.2,rotate,0,0.0,,,10146.0,0.77,512.0,324.3333333333333,170.66666666666666,,,,0.28288722038269043,0.22670042514801025,0.05618680641055107,0.27329957485198975,27.61654281616211,0.6488169431686401,27.61654281616211,0.6488169431686401,0.9771431684494019,0.03332997485995293,0.33957043290138245,2.173295736312866,1.0323954820632935,0.8776266574859619,32,noise,0.02,heldout,0.0,24.178178787231445,0.7828137278556824,0.8882016539573669,0.1678430140018463,0.08310359716415405,3.607388867230174,4.164352964802764,0.21795710921287537,0.04843774065375328,0.22212865948677063,0.046109460294246674,26.725929260253906,0.6566623449325562,0.9586037993431091,0.11121869087219238,0.03256809711456299,0.09953555464744568,27.004262924194336,0.06830745935440063
car_00,S,32,a wrecked car after an accident,25,10,10,1,98.2,rotate,0,0.0,,,10146.0,0.77,512.0,324.3333333333333,170.66666666666666,,,,0.28288722038269043,0.22670042514801025,0.05618680641055107,0.27329957485198975,27.61654281616211,0.6488169431686401,27.61654281616211,0.6488169431686401,0.9771431684494019,0.03332997485995293,0.33957043290138245,2.173295736312866,1.0323954820632935,0.8776266574859619,32,noise,0.04,heldout,0.0,22.595561981201172,0.8026062250137329,0.8418697714805603,0.24530836939811707,0.1093515157699585,3.607388867230174,5.796613058325076,0.21795710921287537,0.04843774065375328,0.2421601116657257,0.055888980627059937,24.848833084106445,0.7105468511581421,0.9163171052932739,0.20395636558532715,0.08115553855895996,0.19673404097557068,23.58222007751465,0.04857432842254639
car_00,S,32,a wrecked car after an accident,25,10,10,1,98.2,rotate,0,0.0,,,10146.0,0.77,512.0,324.3333333333333,170.66666666666666,,,,0.28288722038269043,0.22670042514801025,0.05618680641055107,0.27329957485198975,27.61654281616211,0.6488169431686401,27.61654281616211,0.6488169431686401,0.9771431684494019,0.03332997485995293,0.33957043290138245,2.173295736312866,1.0323954820632935,0.8776266574859619,32,noise,0.08,heldout,0.0,19.808237075805664,0.9522599577903748,0.7367278933525085,0.36186039447784424,0.16471600532531738,3.607388867230174,7.873033162703199,0.21795710921287537,0.04843774065375328,0.26164281368255615,0.09775060415267944,21.17095947265625,0.818315863609314,0.8131424188613892,0.34027332067489624,0.1453668475151062,0.3299170434474945,19.68445587158203,0.03194335103034973
car_00,S,32,a wrecked car after an accident,25,10,10,1,98.2,rotate,0,0.0,,,10146.0,0.77,512.0,324.3333333333333,170.66666666666666,,,,0.28288722038269043,0.22670042514801025,0.05618680641055107,0.27329957485198975,27.61654281616211,0.6488169431686401,27.61654281616211,0.6488169431686401,0.9771431684494019,0.03332997485995293,0.33957043290138245,2.173295736312866,1.0323954820632935,0.8776266574859619,32,quantize,256,heldout,0.0,25.367965698242188,0.7621528506278992,0.9151915311813354,0.10897177457809448,0.05965924263000488,3.607388867230174,3.112139812075651,0.21795710921287537,0.04843774065375328,0.21103331446647644,0.022324463352560997,27.61388397216797,0.6470588445663452,0.977098822593689,0.03314541280269623,0.012294232845306396,9.154310122438947e-12,79.99993896484375,0.10897177456894017
car_00,S,32,a wrecked car after an accident,25,10,10,1,98.2,rotate,0,0.0,,,10146.0,0.77,512.0,324.3333333333333,170.66666666666666,,,,0.28288722038269043,0.22670042514801025,0.05618680641055107,0.27329957485198975,27.61654281616211,0.6488169431686401,27.61654281616211,0.6488169431686401,0.9771431684494019,0.03332997485995293,0.33957043290138245,2.173295736312866,1.0323954820632935,0.8776266574859619,32,quantize,64,heldout,0.0,25.36515235900879,0.7764225006103516,0.9163734316825867,0.1077670007944107,0.06080162525177002,3.607388867230174,3.116220493984482,0.21795710921287537,0.04843774065375328,0.21007123589515686,0.022416826337575912,27.563121795654297,0.6528478264808655,0.9757843017578125,0.038333579897880554,0.012026190757751465,0.012385888025164604,36.321109771728516,0.0953811127692461
car_00,S,32,a wrecked car after an accident,25,10,10,1,98.2,rotate,0,0.0,,,10146.0,0.77,512.0,324.3333333333333,170.66666666666666,,,,0.28288722038269043,0.22670042514801025,0.05618680641055107,0.27329957485198975,27.61654281616211,0.6488169431686401,27.61654281616211,0.6488169431686401,0.9771431684494019,0.03332997485995293,0.33957043290138245,2.173295736312866,1.0323954820632935,0.8776266574859619,32,quantize,32,heldout,0.0,24.93930435180664,0.7577964067459106,0.906664252281189,0.11907777190208435,0.06502294540405273,3.607388867230174,3.2008856669509016,0.21795710921287537,0.04843774065375328,0.211015522480011,0.022328270599246025,27.405107498168945,0.6339026093482971,0.971695065498352,0.05629994720220566,0.01719188690185547,0.0374007448554039,30.940231323242188,0.08167702704668045
car_00,S,32,a wrecked car after an accident,25,10,10,1,98.2,rotate,0,0.0,,,10146.0,0.77,512.0,324.3333333333333,170.66666666666666,,,,0.28288722038269043,0.22670042514801025,0.05618680641055107,0.27329957485198975,27.61654281616211,0.6488169431686401,27.61654281616211,0.6488169431686401,0.9771431684494019,0.03332997485995293,0.33957043290138245,2.173295736312866,1.0323954820632935,0.8776266574859619,32,quantize,16,heldout,0.0,24.205318450927734,0.7731662392616272,0.8854745626449585,0.1495266854763031,0.08242011070251465,3.607388867230174,3.2932859135320105,0.21795710921287537,0.04843774065375328,0.21679706871509552,0.04589853435754776,26.770320892333984,0.658823549747467,0.953140377998352,0.10926148295402527,0.032595694065093994,0.08988402783870697,27.233318328857422,0.05964265763759613
car_00,S,32,a wrecked car after an accident,25,10,10,1,98.2,rotate,0,0.0,,,10146.0,0.77,512.0,324.3333333333333,170.66666666666666,,,,0.28288722038269043,0.22670042514801025,0.05618680641055107,0.27329957485198975,27.61654281616211,0.6488169431686401,27.61654281616211,0.6488169431686401,0.9771431684494019,0.03332997485995293,0.33957043290138245,2.173295736312866,1.0323954820632935,0.8776266574859619,32,quantize,8,heldout,0.0,22.859920501708984,0.7929359674453735,0.8243338465690613,0.1866002082824707,0.09404206275939941,3.607388867230174,3.4881553813978976,0.21795710921287537,0.04843774065375328,0.22088941931724548,0.05052357539534569,24.59050941467285,0.6845938563346863,0.8888400793075562,0.2063949853181839,0.0638418197631836,0.17508262395858765,22.727487564086914,0.011517584323883057
car_01,S,32,a wrecked car after an accident,25,10,10,1,98.2,rotate,0,0.0,,,11505.1,0.69,512.0,314.3333333333333,164.66666666666666,,,,0.23621246218681335,0.16734841465950012,0.06886404752731323,0.3326515853404999,28.04884147644043,0.7274868488311768,28.04884147644043,0.7274868488311768,0.9754249453544617,0.0442889928817749,0.37105417251586914,1.7877048254013062,1.1626049280166626,0.9495371580123901,32,identity,0.0,train,0.0,22.109830856323242,0.7477185130119324,0.7824386954307556,0.3326515853404999,0.1635957956314087,3.557836939749452,3.2896402660373587,0.2536417245864868,0.007090182509273291,0.2685760259628296,0.06381182372570038,28.048816680908203,0.7274868488311768,0.9754249453544617,0.0442889928817749,0.01871955394744873,0.0,80.0,0.3326515853404999
car_01,S,32,a wrecked car after an accident,25,10,10,1,98.2,rotate,0,0.0,,,11505.1,0.69,512.0,314.3333333333333,164.66666666666666,,,,0.23621246218681335,0.16734841465950012,0.06886404752731323,0.3326515853404999,28.04884147644043,0.7274868488311768,28.04884147644043,0.7274868488311768,0.9754249453544617,0.0442889928817749,0.37105417251586914,1.7877048254013062,1.1626049280166626,0.9495371580123901,32,blur,0.0,heldout,0.0,26.81224822998047,0.6926048994064331,0.9353038668632507,0.11530828475952148,0.06441223621368408,3.67183504966514,3.2120037931168706,0.30161184072494507,0.058260492980480194,0.3092197775840759,0.0645051896572113,28.048816680908203,0.7274868488311768,0.9754249453544617,0.0442889928817749,0.01871955394744873,0.0,80.0,0.11530828475952148
car_01,S,32,a wrecked car after an accident,25,10,10,1,98.2,rotate,0,0.0,,,11505.1,0.69,512.0,314.3333333333333,164.66666666666666,,,,0.23621246218681335,0.16734841465950012,0.06886404752731323,0.3326515853404999,28.04884147644043,0.7274868488311768,28.04884147644043,0.7274868488311768,0.9754249453544617,0.0442889928817749,0.37105417251586914,1.7877048254013062,1.1626049280166626,0.9495371580123901,32,blur,0.5,heldout,0.0,26.630443572998047,0.7188354730606079,0.924315869808197,0.1521797776222229,0.07403457164764404,3.67183504966514,3.23343536518313,0.30161184072494507,0.058260492980480194,0.29137369990348816,0.0631139799952507,27.020957946777344,0.652835488319397,0.9680424928665161,0.08385308086872101,0.039888203144073486,0.07565651834011078,29.914710998535156,0.07652325928211212
car_01,S,32,a wrecked car after an accident,25,10,10,1,98.2,rotate,0,0.0,,,11505.1,0.69,512.0,314.3333333333333,164.66666666666666,,,,0.23621246218681335,0.16734841465950012,0.06886404752731323,0.3326515853404999,28.04884147644043,0.7274868488311768,28.04884147644043,0.7274868488311768,0.9754249453544617,0.0442889928817749,0.37105417251586914,1.7877048254013062,1.1626049280166626,0.9495371580123901,32,blur,1.0,heldout,0.0,23.79606056213379,0.7187808156013489,0.8418744802474976,0.320259153842926,0.1353912353515625,3.67183504966514,5.700294981595804,0.30161184072494507,0.058260492980480194,0.2822331488132477,0.0570480078458786,23.83964729309082,0.6254791617393494,0.9173643589019775,0.23672433197498322,0.11818397045135498,0.2957572340965271,24.391075134277344,0.024501919746398926
car_01,S,32,a wrecked car after an accident,25,10,10,1,98.2,rotate,0,0.0,,,11505.1,0.69,512.0,314.3333333333333,164.66666666666666,,,,0.23621246218681335,0.16734841465950012,0.06886404752731323,0.3326515853404999,28.04884147644043,0.7274868488311768,28.04884147644043,0.7274868488311768,0.9754249453544617,0.0442889928817749,0.37105417251586914,1.7877048254013062,1.1626049280166626,0.9495371580123901,32,blur,1.5,heldout,0.0,22.24920654296875,0.6581422686576843,0.761814296245575,0.4248613119125366,0.19028711318969727,3.67183504966514,6.898969600656692,0.30161184072494507,0.058260492980480194,0.2668178677558899,0.0361778661608696,22.075916290283203,0.7054268717765808,0.8439767360687256,0.33772632479667664,0.17374539375305176,0.4127838611602783,22.445650100708008,0.0120774507522583
car_01,S,32,a wrecked car after an accident,25,10,10,1,98.2,rotate,0,0.0,,,11505.1,0.69,512.0,314.3333333333333,164.66666666666666,,,,0.23621246218681335,0.16734841465950012,0.06886404752731323,0.3326515853404999,28.04884147644043,0.7274868488311768,28.04884147644043,0.7274868488311768,0.9754249453544617,0.0442889928817749,0.37105417251586914,1.7877048254013062,1.1626049280166626,0.9495371580123901,32,blur,2.0,heldout,0.0,21.403400421142578,0.6815829277038574,0.6965711116790771,0.4899652302265167,0.22898465394973755,3.67183504966514,7.9570415544962,0.30161184072494507,0.058260492980480194,0.25803273916244507,0.024270612746477127,20.969451904296875,0.7385123372077942,0.7676286697387695,0.41500645875930786,0.21734797954559326,0.48431462049484253,21.47342872619629,0.005650609731674194
car_01,S,32,a wrecked car after an accident,25,10,10,1,98.2,rotate,0,0.0,,,11505.1,0.69,512.0,314.3333333333333,164.66666666666666,,,,0.23621246218681335,0.16734841465950012,0.06886404752731323,0.3326515853404999,28.04884147644043,0.7274868488311768,28.04884147644043,0.7274868488311768,0.9754249453544617,0.0442889928817749,0.37105417251586914,1.7877048254013062,1.1626049280166626,0.9495371580123901,32,blur,3.0,heldout,0.0,20.374372482299805,0.6659402251243591,0.6036508083343506,0.5760326385498047,0.28351926803588867,3.67183504966514,9.668288401951287,0.30161184072494507,0.058260492980480194,0.2501383125782013,0.023816589266061783,19.64009666442871,0.772875189781189,0.6364411115646362,0.5279496908187866,0.2788298726081848,0.5726750493049622,20.420673370361328,0.0033575892448425293
car_01,S,32,a wrecked car after an accident,25,10,10,1,98.2,rotate,0,0.0,,,11505.1,0.69,512.0,314.3333333333333,164.66666666666666,,,,0.23621246218681335,0.16734841465950012,0.06886404752731323,0.3326515853404999,28.04884147644043,0.7274868488311768,28.04884147644043,0.7274868488311768,0.9754249453544617,0.0442889928817749,0.37105417251586914,1.7877048254013062,1.1626049280166626,0.9495371580123901,32,jpeg,95,heldout,0.0,27.145095825195312,0.6956325173377991,0.9400629997253418,0.10730165243148804,0.060643553733825684,3.67183504966514,3.3857425153188965,0.30161184072494507,0.058260492980480194,0.3060874938964844,0.05684714764356613,27.862266540527344,0.729411780834198,0.9733901023864746,0.05801701918244362,0.020270884037017822,0.017910920083522797,37.263221740722656,0.08939073234796524
car_01,S,32,a wrecked car after an accident,25,10,10,1,98.2,rotate,0,0.0,,,11505.1,0.69,512.0,314.3333333333333,164.66666666666666,,,,0.23621246218681335,0.16734841465950012,0.06886404752731323,0.3326515853404999,28.04884147644043,0.7274868488311768,28.04884147644043,0.7274868488311768,0.9754249453544617,0.0442889928817749,0.37105417251586914,1.7877048254013062,1.1626049280166626,0.9495371580123901,32,jpeg,85,heldout,0.0,26.84228515625,0.6920627355575562,0.9318373203277588,0.12741079926490784,0.06407654285430908,3.67183504966514,3.029995828094352,0.30161184072494507,0.058260492980480194,0.3029681444168091,0.0520341694355011,27.43466567993164,0.7176470756530762,0.9702787399291992,0.09684151411056519,0.02455347776412964,0.05375215411186218,31.128551483154297,0.07365864515304565
car_01,S,32,a wrecked car after an accident,25,10,10,1,98.2,rotate,0,0.0,,,11505.1,0.69,512.0,314.3333333333333,164.66666666666666,,,,0.23621246218681335,0.16734841465950012,0.06886404752731323,0.3326515853404999,28.04884147644043,0.7274868488311768,28.04884147644043,0.7274868488311768,0.9754249453544617,0.0442889928817749,0.37105417251586914,1.7877048254013062,1.1626049280166626,0.9495371580123901,32,jpeg,75,heldout,0.0,26.260009765625,0.7074674963951111,0.9210101962089539,0.14470849931240082,0.06668365001678467,3.67183504966514,2.693465774473895,0.30161184072494507,0.058260492980480194,0.29582151770591736,0.0521881990134716,27.045068740844727,0.7098039388656616,0.9672731161117554,0.1279522031545639,0.029721319675445557,0.08182238042354584,29.671588897705078,0.06288611888885498
car_01,S,32,a wrecked car after an accident,25,10,10,1,98.2,rotate,0,0.0,,,11505.1,0.69,512.0,314.3333333333333,164.66666666666666,,,,0.23621246218681335,0.16734841465950012,0.06886404752731323,0.3326515853404999,28.04884147644043,0.7274868488311768,28.04884147644043,0.7274868488311768,0.9754249453544617,0.0442889928817749,0.37105417251586914,1.7877048254013062,1.1626049280166626,0.9495371580123901,32,jpeg,60,heldout,0.0,26.248226165771484,0.6106966137886047,0.9147152304649353,0.16082388162612915,0.07139170169830322,3.67183504966514,2.537499377387145,0.30161184072494507,0.058260492980480194,0.29136452078819275,0.04997275397181511,26.607601165771484,0.6784313917160034,0.9625281691551208,0.16114738583564758,0.04940140247344971,0.11001326888799667,28.197290420532227,0.05081061273813248
car_01,S,32,a wrecked car after an accident,25,10,10,1,98.2,rotate,0,0.0,,,11505.1,0.69,512.0,314.3333333333333,164.66666666666666,,,,0.23621246218681335,0.16734841465950012,0.06886404752731323,0.3326515853404999,28.04884147644043,0.7274868488311768,28.04884147644043,0.7274868488311768,0.9754249453544617,0.0442889928817749,0.37105417251586914,1.7877048254013062,1.1626049280166626,0.9495371580123901,32,jpeg,45,heldout,0.0,25.35161781311035,0.6926043033599854,0.9015011191368103,0.18194334208965302,0.07937765121459961,3.67183504966514,2.195321427982035,0.30161184072494507,0.058260492980480194,0.28836095333099365,0.05932082235813141,26.190292358398438,0.686274528503418,0.9568139910697937,0.18975937366485596,0.05706322193145752,0.13630928099155426,27.06397819519043,0.045634061098098755
car_01,S,32,a wrecked car after an accident,25,10,10,1,98.2,rotate,0,0.0,,,11505.1,0.69,512.0,314.3333333333333,164.66666666666666,,,,0.23621246218681335,0.16734841465950012,0.06886404752731323,0.3326515853404999,28.04884147644043,0.7274868488311768,28.04884147644043,0.7274868488311768,0.9754249453544617,0.0442889928817749,0.37105417251586914,1.7877048254013062,1.1626049280166626,0.9495371580123901,32,jpeg,30,heldout,0.0,24.69020652770996,0.7486194372177124,0.8817855715751648,0.20647524297237396,0.08948260545730591,3.67183504966514,2.2632562601423376,0.30161184072494507,0.058260492980480194,0.28885167837142944,0.06647700071334839,25.628564834594727,0.7058823704719543,0.9467748403549194,0.22767511010169983,0.07014751434326172,0.17863036692142487,25.9780330657959,0.027844876050949097
car_01,S,32,a wrecked car after an accident,25,10,10,1,98.2,rotate,0,0.0,,,11505.1,0.69,512.0,314.3333333333333,164.66666666666666,,,,0.23621246218681335,0.16734841465950012,0.06886404752731323,0.3326515853404999,28.04884147644043,0.7274868488311768,28.04884147644043,0.7274868488311768,0.9754249453544617,0.0442889928817749,0.37105417251586914,1.7877048254013062,1.1626049280166626,0.9495371580123901,32,noise,0.0,heldout,0.0,26.81224822998047,0.6926048994064331,0.9353038668632507,0.11530828475952148,0.06441223621368408,3.67183504966514,3.2120037931168706,0.30161184072494507,0.058260492980480194,0.3092197775840759,0.0645051896572113,28.048816680908203,0.7274868488311768,0.9754249453544617,0.0442889928817749,0.01871955394744873,0.0,80.0,0.11530828475952148
car_01,S,32,a wrecked car after an accident,25,10,10,1,98.2,rotate,0,0.0,,,11505.1,0.69,512.0,314.3333333333333,164.66666666666666,,,,0.23621246218681335,0.16734841465950012,0.06886404752731323,0.3326515853404999,28.04884147644043,0.7274868488311768,28.04884147644043,0.7274868488311768,0.9754249453544617,0.0442889928817749,0.37105417251586914,1.7877048254013062,1.1626049280166626,0.9495371580123901,32,noise,0.01,heldout,0.0,27.31104278564453,0.686056911945343,0.9413136839866638,0.10678917169570923,0.05434727668762207,3.67183504966514,3.6713742461126775,0.30161184072494507,0.058260492980480194,0.3051133155822754,0.06329914927482605,27.77918815612793,0.7254040837287903,0.9716030955314636,0.05675407871603966,0.01886206865310669,0.022066613659262657,36.2476692199707,0.08472255803644657
car_01,S,32,a wrecked car after an accident,25,10,10,1,98.2,rotate,0,0.0,,,11505.1,0.69,512.0,314.3333333333333,164.66666666666666,,,,0.23621246218681335,0.16734841465950012,0.06886404752731323,0.3326515853404999,28.04884147644043,0.7274868488311768,28.04884147644043,0.7274868488311768,0.9754249453544617,0.0442889928817749,0.37105417251586914,1.7877048254013062,1.1626049280166626,0.9495371580123901,32,noise,0.02,heldout,0.0,27.24424171447754,0.6330361366271973,0.9370768070220947,0.12134150415658951,0.05517935752868652,3.67183504966514,4.664147309746062,0.30161184072494507,0.058260492980480194,0.29930123686790466,0.05002371594309807,27.062896728515625,0.7426370978355408,0.9605996608734131,0.09756563603878021,0.028393983840942383,0.05940215289592743,31.74992561340332,0.06193935126066208
car_01,S,32,a wrecked car after an accident,25,10,10,1,98.2,rotate,0,0.0,,,11505.1,0.69,512.0,314.3333333333333,164.66666666666666,,,,0.23621246218681335,0.16734841465950012,0.06886404752731323,0.3326515853404999,28.04884147644043,0.7274868488311768,28.04884147644043,0.7274868488311768,0.9754249453544617,0.0442889928817749,0.37105417251586914,1.7877048254013062,1.1626049280166626,0.9495371580123901,32,noise,0.04,heldout,0.0,25.40337371826172,0.6605116724967957,0.9029542207717896,0.19942669570446014,0.08333921432495117,3.67183504966514,6.096807778250942,0.30161184072494507,0.058260492980480194,0.30652305483818054,0.04520975425839424,25.02648162841797,0.7771032452583313,0.9225866198539734,0.19519035518169403,0.07469624280929565,0.1498216688632965,26.957483291625977,0.049605026841163635
car_01,S,32,a wrecked car after an accident,25,10,10,1,98.2,rotate,0,0.0,,,11505.1,0.69,512.0,314.3333333333333,164.66666666666666,,,,0.23621246218681335,0.16734841465950012,0.06886404752731323,0.3326515853404999,28.04884147644043,0.7274868488311768,28.04884147644043,0.7274868488311768,0.9754249453544617,0.0442889928817749,0.37105417251586914,1.7877048254013062,1.1626049280166626,0.9495371580123901,32,noise,0.08,heldout,0.0,22.73885726928711,0.7370220422744751,0.8277387619018555,0.3206513524055481,0.1255078911781311,3.67183504966514,8.518997011288523,0.30161184072494507,0.058260492980480194,0.3156324625015259,0.04963814839720726,21.181190490722656,0.8460354804992676,0.8200210332870483,0.3395692706108093,0.14211034774780273,0.28714126348495483,23.070232391357422,0.03351008892059326
car_01,S,32,a wrecked car after an accident,25,10,10,1,98.2,rotate,0,0.0,,,11505.1,0.69,512.0,314.3333333333333,164.66666666666666,,,,0.23621246218681335,0.16734841465950012,0.06886404752731323,0.3326515853404999,28.04884147644043,0.7274868488311768,28.04884147644043,0.7274868488311768,0.9754249453544617,0.0442889928817749,0.37105417251586914,1.7877048254013062,1.1626049280166626,0.9495371580123901,32,quantize,256,heldout,0.0,26.77457618713379,0.6925891041755676,0.9346157312393188,0.11576443910598755,0.06563037633895874,3.67183504966514,3.218491728677869,0.30161184072494507,0.058260492980480194,0.30970171093940735,0.06466476619243622,28.0450439453125,0.7294118404388428,0.9753892421722412,0.04425320029258728,0.018589138984680176,6.261644848459813e-12,79.99998474121094,0.1157644390997259
car_01,S,32,a wrecked car after an accident,25,10,10,1,98.2,rotate,0,0.0,,,11505.1,0.69,512.0,314.3333333333333,164.66666666666666,,,,0.23621246218681335,0.16734841465950012,0.06886404752731323,0.3326515853404999,28.04884147644043,0.7274868488311768,28.04884147644043,0.7274868488311768,0.9754249453544617,0.0442889928817749,0.37105417251586914,1.7877048254013062,1.1626049280166626,0.9495371580123901,32,quantize,64,heldout,0.0,27.008371353149414,0.6947737336158752,0.9376826286315918,0.11007186770439148,0.06074422597885132,3.67183504966514,3.4321236209262502,0.30161184072494507,0.058260492980480194,0.30775007605552673,0.06530853360891342,27.991313934326172,0.7239963412284851,0.9746122360229492,0.0462169349193573,0.018374919891357422,0.007112729363143444,42.447242736816406,0.10295913834124804
car_01,S,32,a wrecked car after an accident,25,10,10,1,98.2,rotate,0,0.0,,,11505.1,0.69,512.0,314.3333333333333,164.66666666666666,,,,0.23621246218681335,0.16734841465950012,0.06886404752731323,0.3326515853404999,28.04884147644043,0.7274868488311768,28.04884147644043,0.7274868488311768,0.9754249453544617,0.0442889928817749,0.37105417251586914,1.7877048254013062,1.1626049280166626,0.9495371580123901,32,quantize,32,heldout,0.0,27.526180267333984,0.6388845443725586,0.9443283081054688,0.10097639262676239,0.05780458450317383,3.67183504966514,3.462936125754973,0.30161184072494507,0.058260492980480194,0.310044527053833,0.06767452508211136,27.815828323364258,0.7219481468200684,0.9719141721725464,0.05590083822607994,0.0205191969871521,0.01748654991388321,37.40254592895508,0.08348984271287918
car_01,S,32,a wrecked car after an accident,25,10,10,1,98.2,rotate,0,0.0,,,11505.1,0.69,512.0,314.3333333333333,164.66666666666666,,,,0.23621246218681335,0.16734841465950012,0.06886404752731323,0.3326515853404999,28.04884147644043,0.7274868488311768,28.04884147644043,0.7274868488311768,0.9754249453544617,0.0442889928817749,0.37105417251586914,1.7877048254013062,1.1626049280166626,0.9495371580123901,32,quantize,16,heldout,0.0,26.431095123291016,0.6868157386779785,0.924718976020813,0.12754438817501068,0.06512200832366943,3.67183504966514,3.914404478858469,0.30161184072494507,0.058260492980480194,0.3114422559738159,0.05314963310956955,27.13271713256836,0.73333340883255,0.9582922458648682,0.11954663693904877,0.04881703853607178,0.06432236731052399,30.80125617980957,0.0632220208644867
car_01,S,32,a wrecked car after an accident,25,10,10,1,98.2,rotate,0,0.0,,,11505.1,0.69,512.0,314.3333333333333,164.66666666666666,,,,0.23621246218681335,0.16734841465950012,0.06886404752731323,0.3326515853404999,28.04884147644043,0.7274868488311768,28.04884147644043,0.7274868488311768,0.9754249453544617,0.0442889928817749,0.37105417251586914,1.7877048254013062,1.1626049280166626,0.9495371580123901,32,quantize,8,heldout,0.0,23.494298934936523,0.7873033881187439,0.8462504148483276,0.22463345527648926,0.0987710952758789,3.67183504966514,3.886289976529337,0.30161184072494507,0.058260492980480194,0.31126102805137634,0.08403792232275009,24.776077270507812,0.7355742454528809,0.8939886093139648,0.310393750667572,0.12515950202941895,0.20628246665000916,23.687742233276367,0.018350988626480103
dog_00,S,32,a cat sitting on the grass,25,10,10,1,98.3,rotate,0,0.0,,,11506.6,0.79,512.0,301.6666666666667,125.66666666666667,,,,0.33551692962646484,0.2745823264122009,0.060934603214263916,0.22541768848896027,35.79850769042969,0.6350010633468628,35.79850769042969,0.6350010633468628,0.9884942770004272,0.04942888021469116,0.31929659843444824,2.0489816665649414,1.0011333227157593,0.8588824272155762,32,identity,0.0,train,0.0,30.208778381347656,0.5455666780471802,0.9250015616416931,0.22541768848896027,0.11508935689926147,7.135170548045598,5.333644973960105,0.19253350794315338,0.013012278825044632,0.2163456827402115,0.015959778800606728,35.798343658447266,0.6350010633468628,0.9884942770004272,0.04942888021469116,0.0159761905670166,0.0,80.0,0.22541768848896027
dog_00,S,32,a cat sitting on the grass,25,10,10,1,98.3,rotate,0,0.0,,,11506.6,0.79,512.0,301.6666666666667,125.66666666666667,,,,0.33551692962646484,0.2745823264122009,0.060934603214263916,0.22541768848896027,35.79850769042969,0.6350010633468628,35.79850769042969,0.6350010633468628,0.9884942770004272,0.04942888021469116,0.31929659843444824,2.0489816665649414,1.0011333227157593,0.8588824272155762,32,blur,0.0,heldout,0.0,33.86830139160156,0.5098146200180054,0.9778696298599243,0.07392765581607819,0.03509938716888428,5.79277228708301,5.4957354349126915,0.16728204488754272,0.0048639168962836266,0.1658039391040802,0.005879494361579418,35.798343658447266,0.6350010633468628,0.9884942770004272,0.04942888021469116,0.0159761905670166,0.0,80.0,0.07392765581607819
dog_00,S,32,a cat sitting on the grass,25,10,10,1,98.3,rotate,0,0.0,,,11506.6,0.79,512.0,301.6666666666667,125.66666666666667,,,,0.33551692962646484,0.2745823264122009,0.060934603214263916,0.22541768848896027,35.79850769042969,0.6350010633468628,35.79850769042969,0.6350010633468628,0.9884942770004272,0.04942888021469116,0.31929659843444824,2.0489816665649414,1.0011333227157593,0.8588824272155762,32,blur,0.5,heldout,0.0,33.01354217529297,0.4172946810722351,0.9703788757324219,0.15910711884498596,0.047978997230529785,5.79277228708301,5.918130552671738,0.16728204488754272,0.0048639168962836266,0.16457895934581757,0.008791300468146801,35.015533447265625,0.5820788145065308,0.9858183860778809,0.1217515766620636,0.027693331241607666,0.07107137143611908,38.16596984863281,0.08803574740886688
dog_00,S,32,a cat sitting on the grass,25,10,10,1,98.3,rotate,0,0.0,,,11506.6,0.79,512.0,301.6666666666667,125.66666666666667,,,,0.33551692962646484,0.2745823264122009,0.060934603214263916,0.22541768848896027,35.79850769042969,0.6350010633468628,35.79850769042969,0.6350010633468628,0.9884942770004272,0.04942888021469116,0.31929659843444824,2.0489816665649414,1.0011333227157593,0.8588824272155762,32,blur,1.0,heldout,0.0,31.063343048095703,0.4003893733024597,0.9420115947723389,0.2914932072162628,0.09740591049194336,5.79277228708301,6.822569267007148,0.16728204488754272,0.0048639168962836266,0.16712060570716858,0.008413925766944885,32.350120544433594,0.5056980848312378,0.9666058421134949,0.2748350501060486,0.07186180353164673,0.2809890806674957,31.874839782714844,0.01050412654876709
dog_00,S,32,a cat sitting on the grass,25,10,10,1,98.3,rotate,0,0.0,,,11506.6,0.79,512.0,301.6666666666667,125.66666666666667,,,,0.33551692962646484,0.2745823264122009,0.060934603214263916,0.22541768848896027,35.79850769042969,0.6350010633468628,35.79850769042969,0.6350010633468628,0.9884942770004272,0.04942888021469116,0.31929659843444824,2.0489816665649414,1.0011333227157593,0.8588824272155762,32,blur,1.5,heldout,0.0,29.012371063232422,0.5351488590240479,0.9072980880737305,0.356703519821167,0.15755677223205566,5.79277228708301,8.015643703219038,0.16728204488754272,0.0048639168962836266,0.17146211862564087,0.016831055283546448,30.420610427856445,0.479247510433197,0.9336633682250977,0.33529597520828247,0.11785280704498291,0.34768128395080566,29.497539520263672,0.009022235870361328
dog_00,S,32,a cat sitting on the grass,25,10,10,1,98.3,rotate,0,0.0,,,11506.6,0.79,512.0,301.6666666666667,125.66666666666667,,,,0.33551692962646484,0.2745823264122009,0.060934603214263916,0.22541768848896027,35.79850769042969,0.6350010633468628,35.79850769042969,0.6350010633468628,0.9884942770004272,0.04942888021469116,0.31929659843444824,2.0489816665649414,1.0011333227157593,0.8588824272155762,32,blur,2.0,heldout,0.0,27.72380828857422,0.5532549619674683,0.8695076704025269,0.39763885736465454,0.19568896293640137,5.79277228708301,8.5959892331854,0.16728204488754272,0.0048639168962836266,0.17515628039836884,0.012678606435656548,28.874279022216797,0.4677126705646515,0.8908984661102295,0.38384556770324707,0.15762853622436523,0.3917636275291443,28.003637313842773,0.005875229835510254
dog_00,S,32,a cat sitting on the grass,25,10,10,1,98.3,rotate,0,0.0,,,11506.6,0.79,512.0,301.6666666666667,125.66666666666667,,,,0.33551692962646484,0.2745823264122009,0.060934603214263916,0.22541768848896027,35.79850769042969,0.6350010633468628,35.79850769042969,0.6350010633468628,0.9884942770004272,0.04942888021469116,0.31929659843444824,2.0489816665649414,1.0011333227157593,0.8588824272155762,32,blur,3.0,heldout,0.0,26.011661529541016,0.5371966361999512,0.7933566570281982,0.45970192551612854,0.24124956130981445,5.79277228708301,9.688020111585406,0.16728204488754272,0.0048639168962836266,0.17981889843940735,0.01896747201681137,26.662391662597656,0.4611184000968933,0.7951797246932983,0.4683319330215454,0.2218393087387085,0.45744118094444275,26.120206832885742,0.002260744571685791
dog_00,S,32,a cat sitting on the grass,25,10,10,1,98.3,rotate,0,0.0,,,11506.6,0.79,512.0,301.6666666666667,125.66666666666667,,,,0.33551692962646484,0.2745823264122009,0.060934603214263916,0.22541768848896027,35.79850769042969,0.6350010633468628,35.79850769042969,0.6350010633468628,0.9884942770004272,0.04942888021469116,0.31929659843444824,2.0489816665649414,1.0011333227157593,0.8588824272155762,32,jpeg,95,heldout,0.0,33.52424240112305,0.4931882917881012,0.9749619364738464,0.08399432897567749,0.03989130258560181,5.79277228708301,5.27996318619486,0.16728204488754272,0.0048639168962836266,0.1653681844472885,0.005627019330859184,34.817298889160156,0.6509804129600525,0.9837743639945984,0.08742358535528183,0.017127513885498047,0.022267095744609833,40.34309005737305,0.06172723323106766
dog_00,S,32,a cat sitting on the grass,25,10,10,1,98.3,rotate,0,0.0,,,11506.6,0.79,512.0,301.6666666666667,125.66666666666667,,,,0.33551692962646484,0.2745823264122009,0.060934603214263916,0.22541768848896027,35.79850769042969,0.6350010633468628,35.79850769042969,0.6350010633468628,0.9884942770004272,0.04942888021469116,0.31929659843444824,2.0489816665649414,1.0011333227157593,0.8588824272155762,32,jpeg,85,heldout,0.0,31.76274299621582,0.49273568391799927,0.9634709358215332,0.17216961085796356,0.05327504873275757,5.79277228708301,5.015005526838566,0.16728204488754272,0.0048639168962836266,0.16738680005073547,0.010983479209244251,33.97999572753906,0.6117647290229797,0.9791871905326843,0.1754925698041916,0.021646082401275635,0.11214923113584518,34.143341064453125,0.06002037972211838
dog_00,S,32,a cat sitting on the grass,25,10,10,1,98.3,rotate,0,0.0,,,11506.6,0.79,512.0,301.6666666666667,125.66666666666667,,,,0.33551692962646484,0.2745823264122009,0.060934603214263916,0.22541768848896027,35.79850769042969,0.6350010633468628,35.79850769042969,0.6350010633468628,0.9884942770004272,0.04942888021469116,0.31929659843444824,2.0489816665649414,1.0011333227157593,0.8588824272155762,32,jpeg,75,heldout,0.0,31.814552307128906,0.5214664936065674,0.9601004123687744,0.2030288726091385,0.05180323123931885,5.79277228708301,5.170117021214684,0.16728204488754272,0.0048639168962836266,0.1665661633014679,0.013448383659124374,33.507171630859375,0.6274510025978088,0.9754824638366699,0.2134937345981598,0.02433222532272339,0.16968774795532227,32.902183532714844,0.03334112465381622
dog_00,S,32,a cat sitting on the grass,25,10,10,1,98.3,rotate,0,0.0,,,11506.6,0.79,512.0,301.6666666666667,125.66666666666667,,,,0.33551692962646484,0.2745823264122009,0.060934603214263916,0.22541768848896027,35.79850769042969,0.6350010633468628,35.79850769042969,0.6350010633468628,0.9884942770004272,0.04942888021469116,0.31929659843444824,2.0489816665649414,1.0011333227157593,0.8588824272155762,32,jpeg,60,heldout,0.0,30.52631378173828,0.5627481937408447,0.9546753168106079,0.2315468043088913,0.06746083498001099,5.79277228708301,4.519716249374138,0.16728204488754272,0.0048639168962836266,0.17117726802825928,0.011637681163847446,32.95711898803711,0.615686297416687,0.9695281982421875,0.24920517206192017,0.033923327922821045,0.21466974914073944,31.887102127075195,0.016877055168151855
dog_00,S,32,a cat sitting on the grass,25,10,10,1,98.3,rotate,0,0.0,,,11506.6,0.79,512.0,301.6666666666667,125.66666666666667,,,,0.33551692962646484,0.2745823264122009,0.060934603214263916,0.22541768848896027,35.79850769042969,0.6350010633468628,35.79850769042969,0.6350010633468628,0.9884942770004272,0.04942888021469116,0.31929659843444824,2.0489816665649414,1.0011333227157593,0.8588824272155762,32,jpeg,45,heldout,0.0,30.208417892456055,0.5648511052131653,0.9493579268455505,0.24662995338439941,0.08712762594223022,5.79277228708301,5.293099993129696,0.16728204488754272,0.0048639168962836266,0.1715613603591919,0.012511677108705044,32.53346633911133,0.5921568870544434,0.9637219309806824,0.27703267335891724,0.03816342353820801,0.2282947450876236,31.51364517211914,0.018335208296775818
dog_00,S,32,a cat sitting on the grass,25,10,10,1,98.3,rotate,0,0.0,,,11506.6,0.79,512.0,301.6666666666667,125.66666666666667,,,,0.33551692962646484,0.2745823264122009,0.060934603214263916,0.22541768848896027,35.79850769042969,0.6350010633468628,35.79850769042969,0.6350010633468628,0.9884942770004272,0.04942888021469116,0.31929659843444824,2.0489816665649414,1.0011333227157593,0.8588824272155762,32,jpeg,30,heldout,0.0,30.269500732421875,0.5239899158477783,0.9433568716049194,0.26607373356819153,0.08269107341766357,5.79277228708301,4.77220030257416,0.16728204488754272,0.0048639168962836266,0.17204713821411133,0.012140284292399883,31.958415985107422,0.5803921818733215,0.9534873366355896,0.3199443817138672,0.05145525932312012,0.2513189911842346,31.002685546875,0.01475474238395691
dog_00,S,32,a cat sitting on the grass,25,10,10,1,98.3,rotate,0,0.0,,,11506.6,0.79,512.0,301.6666666666667,125.66666666666667,,,,0.33551692962646484,0.2745823264122009,0.060934603214263916,0.22541768848896027,35.79850769042969,0.6350010633468628,35.79850769042969,0.6350010633468628,0.9884942770004272,0.04942888021469116,0.31929659843444824,2.0489816665649414,1.0011333227157593,0.8588824272155762,32,noise,0.0,heldout,0.0,33.86830139160156,0.5098146200180054,0.9778696298599243,0.07392765581607819,0.03509938716888428,5.79277228708301,5.4957354349126915,0.16728204488754272,0.0048639168962836266,0.1658039391040802,0.005879494361579418,35.798343658447266,0.6350010633468628,0.9884942770004272,0.04942888021469116,0.0159761905670166,0.0,80.0,0.07392765581607819
dog_00,S,32,a cat sitting on the grass,25,10,10,1,98.3,rotate,0,0.0,,,11506.6,0.79,512.0,301.6666666666667,125.66666666666667,,,,0.33551692962646484,0.2745823264122009,0.060934603214263916,0.22541768848896027,35.79850769042969,0.6350010633468628,35.79850769042969,0.6350010633468628,0.9884942770004272,0.04942888021469116,0.31929659843444824,2.0489816665649414,1.0011333227157593,0.8588824272155762,32,noise,0.01,heldout,0.0,34.092613220214844,0.5204556584358215,0.9789097309112549,0.051474593579769135,0.03309738636016846,5.79277228708301,5.8166033322060935,0.16728204488754272,0.0048639168962836266,0.16666454076766968,0.005593753419816494,34.41399002075195,0.6293686628341675,0.9816293716430664,0.06788274645805359,0.016372978687286377,0.029660698026418686,38.35822677612305,0.02181389555335045
dog_00,S,32,a cat sitting on the grass,25,10,10,1,98.3,rotate,0,0.0,,,11506.6,0.79,512.0,301.6666666666667,125.66666666666667,,,,0.33551692962646484,0.2745823264122009,0.060934603214263916,0.22541768848896027,35.79850769042969,0.6350010633468628,35.79850769042969,0.6350010633468628,0.9884942770004272,0.04942888021469116,0.31929659843444824,2.0489816665649414,1.0011333227157593,0.8588824272155762,32,noise,0.02,heldout,0.0,33.27899169921875,0.493317186832428,0.9697972536087036,0.0835220217704773,0.041059017181396484,5.79277228708301,6.457181773551791,0.16728204488754272,0.0048639168962836266,0.17051652073860168,0.005678797140717506,31.809162139892578,0.6305327415466309,0.9619483947753906,0.13335978984832764,0.02579939365386963,0.07618586719036102,34.92879867553711,0.007336154580116272
dog_00,S,32,a cat sitting on the grass,25,10,10,1,98.3,rotate,0,0.0,,,11506.6,0.79,512.0,301.6666666666667,125.66666666666667,,,,0.33551692962646484,0.2745823264122009,0.060934603214263916,0.22541768848896027,35.79850769042969,0.6350010633468628,35.79850769042969,0.6350010633468628,0.9884942770004272,0.04942888021469116,0.31929659843444824,2.0489816665649414,1.0011333227157593,0.8588824272155762,32,noise,0.04,heldout,0.0,30.034076690673828,0.5206189155578613,0.9310735464096069,0.20863120257854462,0.08609902858734131,5.79277228708301,7.8056149670760995,0.16728204488754272,0.0048639168962836266,0.1817450076341629,0.004100303165614605,27.33677864074707,0.6483332514762878,0.8943572044372559,0.2768462896347046,0.07897007465362549,0.1996069848537445,30.15566635131836,0.00902421772480011
dog_00,S,32,a cat sitting on the grass,25,10,10,1,98.3,rotate,0,0.0,,,11506.6,0.79,512.0,301.6666666666667,125.66666666666667,,,,0.33551692962646484,0.2745823264122009,0.060934603214263916,0.22541768848896027,35.79850769042969,0.6350010633468628,35.79850769042969,0.6350010633468628,0.9884942770004272,0.04942888021469116,0.31929659843444824,2.0489816665649414,1.0011333227157593,0.8588824272155762,32,noise,0.08,heldout,0.0,24.48363494873047,0.8770439624786377,0.7969364523887634,0.40874776244163513,0.21554255485534668,5.79277228708301,9.097279146292985,0.16728204488754272,0.0048639168962836266,0.22103920578956604,0.030652469024062157,21.838808059692383,0.7137255072593689,0.7217200994491577,0.4534587860107422,0.1680004596710205,0.3884047567844391,24.89457893371582,0.020343005657196045
dog_00,S,32,a cat sitting on the grass,25,10,10,1,98.3,rotate,0,0.0,,,11506.6,0.79,512.0,301.6666666666667,125.66666666666667,,,,0.33551692962646484,0.2745823264122009,0.060934603214263916,0.22541768848896027,35.79850769042969,0.6350010633468628,35.79850769042969,0.6350010633468628,0.9884942770004272,0.04942888021469116,0.31929659843444824,2.0489816665649414,1.0011333227157593,0.8588824272155762,32,quantize,256,heldout,0.0,33.84270095825195,0.510269045829773,0.9777480363845825,0.07302352786064148,0.03555500507354736,5.79277228708301,5.525963915420831,0.16728204488754272,0.0048639168962836266,0.1658952832221985,0.005849186331033707,35.77783203125,0.6352940797805786,0.9884182810783386,0.04957139492034912,0.016042113304138184,7.717160244169463e-12,79.99999237060547,0.07302352785292432
dog_00,S,32,a cat sitting on the grass,25,10,10,1,98.3,rotate,0,0.0,,,11506.6,0.79,512.0,301.6666666666667,125.66666666666667,,,,0.33551692962646484,0.2745823264122009,0.060934603214263916,0.22541768848896027,35.79850769042969,0.6350010633468628,35.79850769042969,0.6350010633468628,0.9884942770004272,0.04942888021469116,0.31929659843444824,2.0489816665649414,1.0011333227157593,0.8588824272155762,32,quantize,64,heldout,0.0,34.186180114746094,0.5181447267532349,0.9784206748008728,0.06406080722808838,0.033972859382629395,5.79277228708301,5.390783907172484,0.16728204488754272,0.0048639168962836266,0.1676563322544098,0.005304573103785515,35.46809768676758,0.6289448738098145,0.9870413541793823,0.05191409960389137,0.014750480651855469,0.009150409139692783,44.482303619384766,0.054910398088395596
dog_00,S,32,a cat sitting on the grass,25,10,10,1,98.3,rotate,0,0.0,,,11506.6,0.79,512.0,301.6666666666667,125.66666666666667,,,,0.33551692962646484,0.2745823264122009,0.060934603214263916,0.22541768848896027,35.79850769042969,0.6350010633468628,35.79850769042969,0.6350010633468628,0.9884942770004272,0.04942888021469116,0.31929659843444824,2.0489816665649414,1.0011333227157593,0.8588824272155762,32,quantize,32,heldout,0.0,33.92784881591797,0.5339791774749756,0.9770004749298096,0.05751818045973778,0.03873288631439209,5.79277228708301,5.8020979007275075,0.16728204488754272,0.0048639168962836266,0.16712024807929993,0.003923628479242325,34.562721252441406,0.6417457461357117,0.9819812178611755,0.07624471187591553,0.015602052211761475,0.02127188816666603,40.40758514404297,0.03624629229307175
dog_00,S,32,a cat sitting on the grass,25,10,10,1,98.3,rotate,0,0.0,,,11506.6,0.79,512.0,301.6666666666667,125.66666666666667,,,,0.33551692962646484,0.2745823264122009,0.060934603214263916,0.22541768848896027,35.79850769042969,0.6350010633468628,35.79850769042969,0.6350010633468628,0.9884942770004272,0.04942888021469116,0.31929659843444824,2.0489816665649414,1.0011333227157593,0.8588824272155762,32,quantize,16,heldout,0.0,27.19000244140625,0.5868463516235352,0.9011507034301758,0.27714505791664124,0.16276365518569946,5.79277228708301,5.106142722353975,0.16728204488754272,0.0048639168962836266,0.19003599882125854,0.012127417139708996,31.9823055267334,0.6352940797805786,0.9529953002929688,0.3163027763366699,0.03838455677032471,0.14020368456840515,29.04465103149414,0.13694137334823608
dog_00,S,32,a cat sitting on the grass,25,10,10,1,98.3,rotate,0,0.0,,,11506.6,0.79,512.0,301.6666666666667,125.66666666666667,,,,0.33551692962646484,0.2745823264122009,0.060934603214263916,0.22541768848896027,35.79850769042969,0.6350010633468628,35.79850769042969,0.6350010633468628,0.9884942770004272,0.04942888021469116,0.31929659843444824,2.0489816665649414,1.0011333227157593,0.8588824272155762,32,quantize,8,heldout,0.0,23.744232177734375,0.7085428237915039,0.7986165881156921,0.5213943719863892,0.24972671270370483,5.79277228708301,5.577318737274,0.16728204488754272,0.0048639168962836266,0.22659200429916382,0.025835994631052017,27.157855987548828,0.6924369931221008,0.8368515372276306,0.5543848276138306,0.18613886833190918,0.4850361943244934,24.119335174560547,0.03635817766189575
dog_01,S,32,a cat sitting on the grass,25,10,10,1,98.3,rotate,0,0.0,,,11505.1,1.31,512.0,305.6666666666667,159.66666666666666,,,,0.26913192868232727,0.2122197151184082,0.05691220611333847,0.2877802848815918,34.748931884765625,0.3804439306259155,34.748931884765625,0.3804439306259155,0.9847425818443298,0.041654787957668304,0.37069207429885864,2.1474738121032715,1.1974507570266724,0.9487203359603882,32,identity,0.0,train,0.0,29.65437889099121,0.47811803221702576,0.9190194606781006,0.2877802848815918,0.18773269653320312,4.255299280446537,3.9201741157285266,0.16790692508220673,-0.008464578539133072,0.1811457872390747,-0.0019196036737412214,34.748802185058594,0.3804439306259155,0.9847425818443298,0.041654787957668304,0.011826515197753906,0.0,80.0,0.2877802848815918
dog_01,S,32,a cat sitting on the grass,25,10,10,1,98.3,rotate,0,0.0,,,11505.1,1.31,512.0,305.6666666666667,159.66666666666666,,,,0.26913192868232727,0.2122197151184082,0.05691220611333847,0.2877802848815918,34.748931884765625,0.3804439306259155,34.748931884765625,0.3804439306259155,0.9847425818443298,0.041654787957668304,0.37069207429885864,2.1474738121032715,1.1974507570266724,0.9487203359603882,32,blur,0.0,heldout,0.0,33.69005584716797,0.3463817238807678,0.9732875823974609,0.09083868563175201,0.06493532657623291,3.4736519451918833,3.9758029714985756,0.17461228370666504,0.0063007790595293045,0.16608299314975739,0.005167318508028984,34.748802185058594,0.3804439306259155,0.9847425818443298,0.041654787957668304,0.011826515197753906,0.0,80.0,0.09083868563175201
dog_01,S,32,a cat sitting on the grass,25,10,10,1,98.3,rotate,0,0.0,,,11505.1,1.31,512.0,305.6666666666667,159.66666666666666,,,,0.26913192868232727,0.2122197151184082,0.05691220611333847,0.2877802848815918,34.748931884765625,0.3804439306259155,34.748931884765625,0.3804439306259155,0.9847425818443298,0.041654787957668304,0.37069207429885864,2.1474738121032715,1.1974507570266724,0.9487203359603882,32,blur,0.5,heldout,0.0,31.09808921813965,0.3768573999404907,0.9543900489807129,0.17781975865364075,0.10754948854446411,3.4736519451918833,4.4163306963917535,0.17461228370666504,0.0063007790595293045,0.17249664664268494,0.017858386039733887,34.13883972167969,0.42796486616134644,0.9822121858596802,0.10354825854301453,0.026762008666992188,0.08617714047431946,35.376441955566406,0.09164261817932129
dog_01,S,32,a cat sitting on the grass,25,10,10,1,98.3,rotate,0,0.0,,,11505.1,1.31,512.0,305.6666666666667,159.66666666666666,,,,0.26913192868232727,0.2122197151184082,0.05691220611333847,0.2877802848815918,34.748931884765625,0.3804439306259155,34.748931884765625,0.3804439306259155,0.9847425818443298,0.041654787957668304,0.37069207429885864,2.1474738121032715,1.1974507570266724,0.9487203359603882,32,blur,1.0,heldout,0.0,27.789615631103516,0.48372024297714233,0.9011515974998474,0.3391474485397339,0.17348015308380127,3.4736519451918833,6.109508387971633,0.17461228370666504,0.0063007790595293045,0.1927998960018158,0.03807620704174042,31.51942253112793,0.47953829169273376,0.9623407125473022,0.26920801401138306,0.07637107372283936,0.32476499676704407,28.192569732666016,0.01438245177268982
dog_01,S,32,a cat sitting on the grass,25,10,10,1,98.3,rotate,0,0.0,,,11505.1,1.31,512.0,305.6666666666667,159.66666666666666,,,,0.26913192868232727,0.2122197151184082,0.05691220611333847,0.2877802848815918,34.748931884765625,0.3804439306259155,34.748931884765625,0.3804439306259155,0.9847425818443298,0.041654787957668304,0.37069207429885864,2.1474738121032715,1.1974507570266724,0.9487203359603882,32,blur,1.5,heldout,0.0,26.354753494262695,0.5473272800445557,0.8572251796722412,0.4132969379425049,0.21187764406204224,3.4736519451918833,7.574473222196681,0.17461228370666504,0.0063007790595293045,0.2072611153125763,0.031256645917892456,29.56893539428711,0.5278775095939636,0.9286459684371948,0.35104647278785706,0.13293778896331787,0.3994251489639282,26.640111923217773,0.01387178897857666
dog_01,S,32,a cat sitting on the grass,25,10,10,1,98.3,rotate,0,0.0,,,11505.1,1.31,512.0,305.6666666666667,159.66666666666666,,,,0.26913192868232727,0.2122197151184082,0.05691220611333847,0.2877802848815918,34.748931884765625,0.3804439306259155,34.748931884765625,0.3804439306259155,0.9847425818443298,0.041654787957668304,0.37069207429885864,2.1474738121032715,1.1974507570266724,0.9487203359603882,32,blur,2.0,heldout,0.0,25.426395416259766,0.5297653079032898,0.8180984258651733,0.4610216021537781,0.2534000873565674,3.4736519451918833,9.213935036809396,0.17461228370666504,0.0063007790595293045,0.1960388720035553,0.0065854694694280624,28.158164978027344,0.5691500306129456,0.8889646530151367,0.4075372815132141,0.18326061964035034,0.45373034477233887,25.56155014038086,0.007291257381439209
dog_01,S,32,a cat sitting on the grass,25,10,10,1,98.3,rotate,0,0.0,,,11505.1,1.31,512.0,305.6666666666667,159.66666666666666,,,,0.26913192868232727,0.2122197151184082,0.05691220611333847,0.2877802848815918,34.748931884765625,0.3804439306259155,34.748931884765625,0.3804439306259155,0.9847425818443298,0.041654787957668304,0.37069207429885864,2.1474738121032715,1.1974507570266724,0.9487203359603882,32,blur,3.0,heldout,0.0,24.21261978149414,0.5009046196937561,0.7648026943206787,0.5268326997756958,0.29201215505599976,3.4736519451918833,10.023250206905406,0.17461228370666504,0.0063007790595293045,0.19055920839309692,0.02471257746219635,26.277069091796875,0.6570355296134949,0.811385989189148,0.4879072904586792,0.24529385566711426,0.5250024795532227,24.27191162109375,0.0018302202224731445
dog_01,S,32,a cat sitting on the grass,25,10,10,1,98.3,rotate,0,0.0,,,11505.1,1.31,512.0,305.6666666666667,159.66666666666666,,,,0.26913192868232727,0.2122197151184082,0.05691220611333847,0.2877802848815918,34.748931884765625,0.3804439306259155,34.748931884765625,0.3804439306259155,0.9847425818443298,0.041654787957668304,0.37069207429885864,2.1474738121032715,1.1974507570266724,0.9487203359603882,32,jpeg,95,heldout,0.0,32.3477783203125,0.4627617597579956,0.962928056716919,0.13495296239852905,0.07875657081604004,3.4736519451918833,3.571225137050576,0.17461228370666504,0.0063007790595293045,0.171060711145401,0.021584773436188698,34.305755615234375,0.37647056579589844,0.9826641082763672,0.10383579134941101,0.013243317604064941,0.07775901257991791,35.391143798828125,0.057193949818611145
dog_01,S,32,a cat sitting on the grass,25,10,10,1,98.3,rotate,0,0.0,,,11505.1,1.31,512.0,305.6666666666667,159.66666666666666,,,,0.26913192868232727,0.2122197151184082,0.05691220611333847,0.2877802848815918,34.748931884765625,0.3804439306259155,34.748931884765625,0.3804439306259155,0.9847425818443298,0.041654787957668304,0.37069207429885864,2.1474738121032715,1.1974507570266724,0.9487203359603882,32,jpeg,85,heldout,0.0,29.59099769592285,0.549196183681488,0.9318512678146362,0.22479459643363953,0.12594962120056152,3.4736519451918833,3.404908688080425,0.17461228370666504,0.0063007790595293045,0.174546480178833,0.03258334845304489,33.7430419921875,0.3647058606147766,0.9798232913017273,0.16478663682937622,0.018044471740722656,0.1721436232328415,31.39696502685547,0.052650973200798035
dog_01,S,32,a cat sitting on the grass,25,10,10,1,98.3,rotate,0,0.0,,,11505.1,1.31,512.0,305.6666666666667,159.66666666666666,,,,0.26913192868232727,0.2122197151184082,0.05691220611333847,0.2877802848815918,34.748931884765625,0.3804439306259155,34.748931884765625,0.3804439306259155,0.9847425818443298,0.041654787957668304,0.37069207429885864,2.1474738121032715,1.1974507570266724,0.9487203359603882,32,jpeg,75,heldout,0.0,28.588321685791016,0.5403680801391602,0.9161643385887146,0.2640099823474884,0.14320355653762817,3.4736519451918833,3.6024284390399672,0.17461228370666504,0.0063007790595293045,0.18111982941627502,0.032294683158397675,33.29894256591797,0.38823527097702026,0.9774208068847656,0.20464351773262024,0.03354990482330322,0.22759811580181122,29.76871681213379,0.036411866545677185
dog_01,S,32,a cat sitting on the grass,25,10,10,1,98.3,rotate,0,0.0,,,11505.1,1.31,512.0,305.6666666666667,159.66666666666666,,,,0.26913192868232727,0.2122197151184082,0.05691220611333847,0.2877802848815918,34.748931884765625,0.3804439306259155,34.748931884765625,0.3804439306259155,0.9847425818443298,0.041654787957668304,0.37069207429885864,2.1474738121032715,1.1974507570266724,0.9487203359603882,32,jpeg,60,heldout,0.0,28.70882225036621,0.510643482208252,0.9163230657577515,0.26961880922317505,0.13689017295837402,3.4736519451918833,3.627432603064337,0.17461228370666504,0.0063007790595293045,0.18026821315288544,0.03704678267240524,32.77526092529297,0.39215683937072754,0.9725149869918823,0.24264562129974365,0.04878699779510498,0.27426081895828247,28.229862213134766,-0.004642009735107422
dog_01,S,32,a cat sitting on the grass,25,10,10,1,98.3,rotate,0,0.0,,,11505.1,1.31,512.0,305.6666666666667,159.66666666666666,,,,0.26913192868232727,0.2122197151184082,0.05691220611333847,0.2877802848815918,34.748931884765625,0.3804439306259155,34.748931884765625,0.3804439306259155,0.9847425818443298,0.041654787957668304,0.37069207429885864,2.1474738121032715,1.1974507570266724,0.9487203359603882,32,jpeg,45,heldout,0.0,28.237091064453125,0.5310301780700684,0.9058448076248169,0.2963687479496002,0.15100228786468506,3.4736519451918833,3.4690892881577633,0.17461228370666504,0.0063007790595293045,0.18726369738578796,0.03850586339831352,32.33660125732422,0.5019607543945312,0.9674779772758484,0.26956111192703247,0.042687058448791504,0.286612331867218,28.683748245239258,0.009756416082382202
dog_01,S,32,a cat sitting on the grass,25,10,10,1,98.3,rotate,0,0.0,,,11505.1,1.31,512.0,305.6666666666667,159.66666666666666,,,,0.26913192868232727,0.2122197151184082,0.05691220611333847,0.2877802848815918,34.748931884765625,0.3804439306259155,34.748931884765625,0.3804439306259155,0.9847425818443298,0.041654787957668304,0.37069207429885864,2.1474738121032715,1.1974507570266724,0.9487203359603882,32,jpeg,30,heldout,0.0,27.2217960357666,0.4527435302734375,0.880821168422699,0.3587183952331543,0.16675245761871338,3.4736519451918833,3.753064219923623,0.17461228370666504,0.0063007790595293045,0.2318861484527588,0.04242299497127533,31.448429107666016,0.5803921818733215,0.9569260478019714,0.34665676951408386,0.10214948654174805,0.33073729276657104,27.502660751342773,0.027981102466583252
dog_01,S,32,a cat sitting on the grass,25,10,10,1,98.3,rotate,0,0.0,,,11505.1,1.31,512.0,305.6666666666667,159.66666666666666,,,,0.26913192868232727,0.2122197151184082,0.05691220611333847,0.2877802848815918,34.748931884765625,0.3804439306259155,34.748931884765625,0.3804439306259155,0.9847425818443298,0.041654787957668304,0.37069207429885864,2.1474738121032715,1.1974507570266724,0.9487203359603882,32,noise,0.0,heldout,0.0,33.69005584716797,0.3463817238807678,0.9732875823974609,0.09083868563175201,0.06493532657623291,3.4736519451918833,3.9758029714985756,0.17461228370666504,0.0063007790595293045,0.16608299314975739,0.005167318508028984,34.748802185058594,0.3804439306259155,0.9847425818443298,0.041654787957668304,0.011826515197753906,0.0,80.0,0.09083868563175201
dog_01,S,32,a cat sitting on the grass,25,10,10,1,98.3,rotate,0,0.0,,,11505.1,1.31,512.0,305.6666666666667,159.66666666666666,,,,0.26913192868232727,0.2122197151184082,0.05691220611333847,0.2877802848815918,34.748931884765625,0.3804439306259155,34.748931884765625,0.3804439306259155,0.9847425818443298,0.041654787957668304,0.37069207429885864,2.1474738121032715,1.1974507570266724,0.9487203359603882,32,noise,0.01,heldout,0.0,31.049793243408203,0.41223230957984924,0.954455554485321,0.15347376465797424,0.09552603960037231,3.4736519451918833,4.247072698562625,0.17461228370666504,0.0063007790595293045,0.16841456294059753,0.018810469657182693,33.61688995361328,0.38897478580474854,0.9743315577507019,0.11960328370332718,0.02349114418029785,0.08979145437479019,35.38631057739258,0.06368231028318405
dog_01,S,32,a cat sitting on the grass,25,10,10,1,98.3,rotate,0,0.0,,,11505.1,1.31,512.0,305.6666666666667,159.66666666666666,,,,0.26913192868232727,0.2122197151184082,0.05691220611333847,0.2877802848815918,34.748931884765625,0.3804439306259155,34.748931884765625,0.3804439306259155,0.9847425818443298,0.041654787957668304,0.37069207429885864,2.1474738121032715,1.1974507570266724,0.9487203359603882,32,noise,0.02,heldout,0.0,28.305490493774414,0.5599306225776672,0.9173475503921509,0.274761438369751,0.12586909532546997,3.4736519451918833,5.582618956335092,0.17461228370666504,0.0063007790595293045,0.16475661098957062,0.011247145012021065,31.359153747558594,0.39750564098358154,0.9457556009292603,0.236794114112854,0.0560992956161499,0.21406584978103638,30.150997161865234,0.0606955885887146
dog_01,S,32,a cat sitting on the grass,25,10,10,1,98.3,rotate,0,0.0,,,11505.1,1.31,512.0,305.6666666666667,159.66666666666666,,,,0.26913192868232727,0.2122197151184082,0.05691220611333847,0.2877802848815918,34.748931884765625,0.3804439306259155,34.748931884765625,0.3804439306259155,0.9847425818443298,0.041654787957668304,0.37069207429885864,2.1474738121032715,1.1974507570266724,0.9487203359603882,32,noise,0.04,heldout,0.0,26.4310359954834,0.6360154747962952,0.8684529662132263,0.38289517164230347,0.15523624420166016,3.4736519451918833,7.34967113677374,0.17461228370666504,0.0063007790595293045,0.19486427307128906,0.017376510426402092,27.235294342041016,0.4283614158630371,0.8586885333061218,0.3862115144729614,0.12322139739990234,0.3484686613082886,26.94525146484375,0.03442651033401489
dog_01,S,32,a cat sitting on the grass,25,10,10,1,98.3,rotate,0,0.0,,,11505.1,1.31,512.0,305.6666666666667,159.66666666666666,,,,0.26913192868232727,0.2122197151184082,0.05691220611333847,0.2877802848815918,34.748931884765625,0.3804439306259155,34.748931884765625,0.3804439306259155,0.9847425818443298,0.041654787957668304,0.37069207429885864,2.1474738121032715,1.1974507570266724,0.9487203359603882,32,noise,0.08,heldout,0.0,23.099748611450195,0.5766035914421082,0.7504987120628357,0.5268632769584656,0.24274706840515137,3.4736519451918833,9.816588128826375,0.17461228370666504,0.0063007790595293045,0.20005548000335693,0.04340771585702896,22.104589462280273,0.4843883812427521,0.6837472915649414,0.5287580490112305,0.2051147222518921,0.5095107555389404,23.24357032775879,0.017352521419525146
dog_01,S,32,a cat sitting on the grass,25,10,10,1,98.3,rotate,0,0.0,,,11505.1,1.31,512.0,305.6666666666667,159.66666666666666,,,,0.26913192868232727,0.2122197151184082,0.05691220611333847,0.2877802848815918,34.748931884765625,0.3804439306259155,34.748931884765625,0.3804439306259155,0.9847425818443298,0.041654787957668304,0.37069207429885864,2.1474738121032715,1.1974507570266724,0.9487203359603882,32,quantize,256,heldout,0.0,33.8935546875,0.34633225202560425,0.9745925664901733,0.08370430767536163,0.06112098693847656,3.4736519451918833,3.9845432866454256,0.17461228370666504,0.0063007790595293045,0.16548678278923035,0.003282184712588787,34.73844528198242,0.3803921937942505,0.984656035900116,0.0404607355594635,0.011407852172851562,1.070443386708142e-11,79.99999237060547,0.0837043076646572
dog_01,S,32,a cat sitting on the grass,25,10,10,1,98.3,rotate,0,0.0,,,11505.1,1.31,512.0,305.6666666666667,159.66666666666666,,,,0.26913192868232727,0.2122197151184082,0.05691220611333847,0.2877802848815918,34.748931884765625,0.3804439306259155,34.748931884765625,0.3804439306259155,0.9847425818443298,0.041654787957668304,0.37069207429885864,2.1474738121032715,1.1974507570266724,0.9487203359603882,32,quantize,64,heldout,0.0,32.653350830078125,0.3674180209636688,0.967409074306488,0.10413852334022522,0.07715082168579102,3.4736519451918833,4.125735473587327,0.17461228370666504,0.0063007790595293045,0.16981159150600433,0.01639803685247898,34.48298645019531,0.3792717456817627,0.9822012186050415,0.07696647942066193,0.01418769359588623,0.02602682262659073,40.566593170166016,0.07811170071363449
dog_01,S,32,a cat sitting on the grass,25,10,10,1,98.3,rotate,0,0.0,,,11505.1,1.31,512.0,305.6666666666667,159.66666666666666,,,,0.26913192868232727,0.2122197151184082,0.05691220611333847,0.2877802848815918,34.748931884765625,0.3804439306259155,34.748931884765625,0.3804439306259155,0.9847425818443298,0.041654787957668304,0.37069207429885864,2.1474738121032715,1.1974507570266724,0.9487203359603882,32,quantize,32,heldout,0.0,31.153236389160156,0.41287097334861755,0.9519569277763367,0.16442754864692688,0.09057116508483887,3.4736519451918833,4.011100246872268,0.17461228370666504,0.0063007790595293045,0.16819286346435547,0.025375841185450554,33.74167251586914,0.37862104177474976,0.9734506011009216,0.15094003081321716,0.036596596240997314,0.08699829876422882,35.4851188659668,0.07742924988269806
dog_01,S,32,a cat sitting on the grass,25,10,10,1,98.3,rotate,0,0.0,,,11505.1,1.31,512.0,305.6666666666667,159.66666666666666,,,,0.26913192868232727,0.2122197151184082,0.05691220611333847,0.2877802848815918,34.748931884765625,0.3804439306259155,34.748931884765625,0.3804439306259155,0.9847425818443298,0.041654787957668304,0.37069207429885864,2.1474738121032715,1.1974507570266724,0.9487203359603882,32,quantize,16,heldout,0.0,27.687702178955078,0.4877219498157501,0.8890639543533325,0.3333440124988556,0.17067968845367432,3.4736519451918833,3.706071208393202,0.17461228370666504,0.0063007790595293045,0.20989292860031128,0.0022665588185191154,31.534717559814453,0.4078431725502014,0.9449223279953003,0.2837730050086975,0.09222912788391113,0.27033090591430664,28.671464920043945,0.06301310658454895
dog_01,S,32,a cat sitting on the grass,25,10,10,1,98.3,rotate,0,0.0,,,11505.1,1.31,512.0,305.6666666666667,159.66666666666666,,,,0.26913192868232727,0.2122197151184082,0.05691220611333847,0.2877802848815918,34.748931884765625,0.3804439306259155,34.748931884765625,0.3804439306259155,0.9847425818443298,0.041654787957668304,0.37069207429885864,2.1474738121032715,1.1974507570266724,0.9487203359603882,32,quantize,8,heldout,0.0,23.22380256652832,0.7082666158676147,0.7799299955368042,0.5048497915267944,0.29427069425582886,3.4736519451918833,5.746125528343082,0.17461228370666504,0.0063007790595293045,0.2151845544576645,0.0034851767122745514,26.86931800842285,0.4117646813392639,0.8462426066398621,0.4801866412162781,0.17959916591644287,0.5160644054412842,22.7733211517334,-0.011214613914489746
person_00,S,32,an elderly person with gray hair,25,10,10,1,98.1,rotate,0,0.0,,,11506.6,0.91,512.0,260.3333333333333,92.33333333333333,,,,0.3038806617259979,0.25211477279663086,0.05176588520407677,0.24788521230220795,35.267539978027344,0.5510680675506592,35.267539978027344,0.5510680675506592,0.9869486093521118,0.03871449455618858,0.46072936058044434,2.4078972339630127,1.4672577381134033,1.1193914413452148,32,identity,0.0,train,0.0,27.91191291809082,0.44592615962028503,0.889817476272583,0.24788521230220795,0.12481409311294556,5.109981089347377,4.932602988812512,0.21050746738910675,0.06866208463907242,0.21331465244293213,0.07474011182785034,35.26739501953125,0.5510680675506592,0.9869486093521118,0.03871449455618858,0.021586477756500244,0.0,80.0,0.24788521230220795
person_00,S,32,an elderly person with gray hair,25,10,10,1,98.1,rotate,0,0.0,,,11506.6,0.91,512.0,260.3333333333333,92.33333333333333,,,,0.3038806617259979,0.25211477279663086,0.05176588520407677,0.24788521230220795,35.267539978027344,0.5510680675506592,35.267539978027344,0.5510680675506592,0.9869486093521118,0.03871449455618858,0.46072936058044434,2.4078972339630127,1.4672577381134033,1.1193914413452148,32,blur,0.0,heldout,0.0,33.34101867675781,0.35516446828842163,0.9727325439453125,0.09990055114030838,0.07458001375198364,4.6337018297859895,5.417809553128842,0.24186000227928162,0.08185583353042603,0.27659326791763306,0.09509903192520142,35.26739501953125,0.5510680675506592,0.9869486093521118,0.03871449455618858,0.021586477756500244,0.0,80.0,0.09990055114030838
person_00,S,32,an elderly person with gray hair,25,10,10,1,98.1,rotate,0,0.0,,,11506.6,0.91,512.0,260.3333333333333,92.33333333333333,,,,0.3038806617259979,0.25211477279663086,0.05176588520407677,0.24788521230220795,35.267539978027344,0.5510680675506592,35.267539978027344,0.5510680675506592,0.9869486093521118,0.03871449455618858,0.46072936058044434,2.4078972339630127,1.4672577381134033,1.1193914413452148,32,blur,0.5,heldout,0.0,32.61851119995117,0.29472100734710693,0.9667010307312012,0.15653640031814575,0.09963494539260864,4.6337018297859895,5.915380387492355,0.24186000227928162,0.08185583353042603,0.27448728680610657,0.09997183084487915,35.16324234008789,0.5177518129348755,0.9861912727355957,0.08221792429685593,0.030415236949920654,0.06588141620159149,38.53523254394531,0.09065498411655426
person_00,S,32,an elderly person with gray hair,25,10,10,1,98.1,rotate,0,0.0,,,11506.6,0.91,512.0,260.3333333333333,92.33333333333333,,,,0.3038806617259979,0.25211477279663086,0.05176588520407677,0.24788521230220795,35.267539978027344,0.5510680675506592,35.267539978027344,0.5510680675506592,0.9869486093521118,0.03871449455618858,0.46072936058044434,2.4078972339630127,1.4672577381134033,1.1193914413452148,32,blur,1.0,heldout,0.0,29.667112350463867,0.44089508056640625,0.9311476945877075,0.273407906293869,0.1641782522201538,4.6337018297859895,7.285579583252218,0.24186000227928162,0.08185583353042603,0.26400116086006165,0.09392137825489044,33.9482421875,0.4545176923274994,0.9788227081298828,0.18641823530197144,0.06726610660552979,0.253262460231781,30.349136352539062,0.020145446062088013
person_00,S,32,an elderly person with gray hair,25,10,10,1,98.1,rotate,0,0.0,,,11506.6,0.91,512.0,260.3333333333333,92.33333333333333,,,,0.3038806617259979,0.25211477279663086,0.05176588520407677,0.24788521230220795,35.267539978027344,0.5510680675506592,35.267539978027344,0.5510680675506592,0.9869486093521118,0.03871449455618858,0.46072936058044434,2.4078972339630127,1.4672577381134033,1.1193914413452148,32,blur,1.5,heldout,0.0,28.19779396057129,0.43441838026046753,0.9060608744621277,0.32734373211860657,0.18669414520263672,4.6337018297859895,8.815753395466356,0.24186000227928162,0.08185583353042603,0.25447607040405273,0.08704245835542679,32.38416290283203,0.42594245076179504,0.9643672704696655,0.2496761679649353,0.10623812675476074,0.31688588857650757,28.412677764892578,0.010457843542098999
person_00,S,32,an elderly person with gray hair,25,10,10,1,98.1,rotate,0,0.0,,,11506.6,0.91,512.0,260.3333333333333,92.33333333333333,,,,0.3038806617259979,0.25211477279663086,0.05176588520407677,0.24788521230220795,35.267539978027344,0.5510680675506592,35.267539978027344,0.5510680675506592,0.9869486093521118,0.03871449455618858,0.46072936058044434,2.4078972339630127,1.4672577381134033,1.1193914413452148,32,blur,2.0,heldout,0.0,27.03934669494629,0.4511670768260956,0.8765456080436707,0.3685007691383362,0.21331989765167236,4.6337018297859895,10.671058738404023,0.24186000227928162,0.08185583353042603,0.2388262152671814,0.0857621431350708,30.915861129760742,0.44089680910110474,0.944625973701477,0.29969289898872375,0.13933730125427246,0.3638470768928528,27.211040496826172,0.0046536922454833984
person_00,S,32,an elderly person with gray hair,25,10,10,1,98.1,rotate,0,0.0,,,11506.6,0.91,512.0,260.3333333333333,92.33333333333333,,,,0.3038806617259979,0.25211477279663086,0.05176588520407677,0.24788521230220795,35.267539978027344,0.5510680675506592,35.267539978027344,0.5510680675506592,0.9869486093521118,0.03871449455618858,0.46072936058044434,2.4078972339630127,1.4672577381134033,1.1193914413452148,32,blur,3.0,heldout,0.0,25.961435317993164,0.5043671131134033,0.8386956453323364,0.4136407971382141,0.24010103940963745,4.6337018297859895,11.37218839173556,0.24186000227928162,0.08185583353042603,0.20492729544639587,0.05721390247344971,28.582386016845703,0.453750342130661,0.8963818550109863,0.37627989053726196,0.18467068672180176,0.4111342132091522,26.075742721557617,0.0025065839290618896
person_00,S,32,an elderly person with gray hair,25,10,10,1,98.1,rotate,0,0.0,,,11506.6,0.91,512.0,260.3333333333333,92.33333333333333,,,,0.3038806617259979,0.25211477279663086,0.05176588520407677,0.24788521230220795,35.267539978027344,0.5510680675506592,35.267539978027344,0.5510680675506592,0.9869486093521118,0.03871449455618858,0.46072936058044434,2.4078972339630127,1.4672577381134033,1.1193914413452148,32,jpeg,95,heldout,0.0,33.15616989135742,0.341281533241272,0.9708070755004883,0.11453256011009216,0.07423609495162964,4.6337018297859895,5.112961395549442,0.24186000227928162,0.08185583353042603,0.27758002281188965,0.09102565795183182,34.71137237548828,0.545098066329956,0.9819948077201843,0.07385018467903137,0.02427440881729126,0.028101902455091476,41.37044906616211,0.08643065765500069
person_00,S,32,an elderly person with gray hair,25,10,10,1,98.1,rotate,0,0.0,,,11506.6,0.91,512.0,260.3333333333333,92.33333333333333,,,,0.3038806617259979,0.25211477279663086,0.05176588520407677,0.24788521230220795,35.267539978027344,0.5510680675506592,35.267539978027344,0.5510680675506592,0.9869486093521118,0.03871449455618858,0.46072936058044434,2.4078972339630127,1.4672577381134033,1.1193914413452148,32,jpeg,85,heldout,0.0,31.410911560058594,0.30727213621139526,0.9563617706298828,0.16022707521915436,0.11299973726272583,4.6337018297859895,5.281285777437285,0.24186000227928162,0.08185583353042603,0.26323065161705017,0.0903550386428833,34.327903747558594,0.5490195751190186,0.9779552817344666,0.11018609255552292,0.028600096702575684,0.1211397796869278,33.24832534790039,0.03908729553222656
person_00,S,32,an elderly person with gray hair,25,10,10,1,98.1,rotate,0,0.0,,,11506.6,0.91,512.0,260.3333333333333,92.33333333333333,,,,0.3038806617259979,0.25211477279663086,0.05176588520407677,0.24788521230220795,35.267539978027344,0.5510680675506592,35.267539978027344,0.5510680675506592,0.9869486093521118,0.03871449455618858,0.46072936058044434,2.4078972339630127,1.4672577381134033,1.1193914413452148,32,jpeg,75,heldout,0.0,30.563026428222656,0.3505149781703949,0.9455730319023132,0.18132297694683075,0.11402654647827148,4.6337018297859895,5.4606106251319675,0.24186000227928162,0.08185583353042603,0.2663625478744507,0.10026751458644867,34.00823974609375,0.5647059082984924,0.9740579128265381,0.13940170407295227,0.03268700838088989,0.1669938862323761,31.230663299560547,0.014329090714454651
person_00,S,32,an elderly person with gray hair,25,10,10,1,98.1,rotate,0,0.0,,,11506.6,0.91,512.0,260.3333333333333,92.33333333333333,,,,0.3038806617259979,0.25211477279663086,0.05176588520407677,0.24788521230220795,35.267539978027344,0.5510680675506592,35.267539978027344,0.5510680675506592,0.9869486093521118,0.03871449455618858,0.46072936058044434,2.4078972339630127,1.4672577381134033,1.1193914413452148,32,jpeg,60,heldout,0.0,29.87356948852539,0.3614923357963562,0.9372364282608032,0.20562472939491272,0.12314915657043457,4.6337018297859895,5.3079005166987585,0.24186000227928162,0.08185583353042603,0.25886744260787964,0.09626612067222595,33.526092529296875,0.5058823823928833,0.966850757598877,0.17442381381988525,0.04477405548095703,0.16682422161102295,31.445125579833984,0.03880050778388977
person_00,S,32,an elderly person with gray hair,25,10,10,1,98.1,rotate,0,0.0,,,11506.6,0.91,512.0,260.3333333333333,92.33333333333333,,,,0.3038806617259979,0.25211477279663086,0.05176588520407677,0.24788521230220795,35.267539978027344,0.5510680675506592,35.267539978027344,0.5510680675506592,0.9869486093521118,0.03871449455618858,0.46072936058044434,2.4078972339630127,1.4672577381134033,1.1193914413452148,32,jpeg,45,heldout,0.0,29.023609161376953,0.41110238432884216,0.9213802814483643,0.2341761291027069,0.13154375553131104,4.6337018297859895,4.835320559391267,0.24186000227928162,0.08185583353042603,0.26583021879196167,0.09326023608446121,33.104583740234375,0.5098038911819458,0.9613912105560303,0.20687708258628845,0.051900386810302734,0.21446019411087036,29.73426628112793,0.019715934991836548
person_00,S,32,an elderly person with gray hair,25,10,10,1,98.1,rotate,0,0.0,,,11506.6,0.91,512.0,260.3333333333333,92.33333333333333,,,,0.3038806617259979,0.25211477279663086,0.05176588520407677,0.24788521230220795,35.267539978027344,0.5510680675506592,35.267539978027344,0.5510680675506592,0.9869486093521118,0.03871449455618858,0.46072936058044434,2.4078972339630127,1.4672577381134033,1.1193914413452148,32,jpeg,30,heldout,0.0,28.06656837463379,0.432555615901947,0.8959302306175232,0.287157267332077,0.14929687976837158,4.6337018297859895,4.915061979897226,0.24186000227928162,0.08185583353042603,0.2690335512161255,0.10093387961387634,32.416080474853516,0.49803924560546875,0.9492104053497314,0.2704703211784363,0.07016885280609131,0.2714170813560486,28.251646041870117,0.015740185976028442
person_00,S,32,an elderly person with gray hair,25,10,10,1,98.1,rotate,0,0.0,,,11506.6,0.91,512.0,260.3333333333333,92.33333333333333,,,,0.3038806617259979,0.25211477279663086,0.05176588520407677,0.24788521230220795,35.267539978027344,0.5510680675506592,35.267539978027344,0.5510680675506592,0.9869486093521118,0.03871449455618858,0.46072936058044434,2.4078972339630127,1.4672577381134033,1.1193914413452148,32,noise,0.0,heldout,0.0,33.34101867675781,0.35516446828842163,0.9727325439453125,0.09990055114030838,0.07458001375198364,4.6337018297859895,5.417809553128842,0.24186000227928162,0.08185583353042603,0.27659326791763306,0.09509903192520142,35.26739501953125,0.5510680675506592,0.9869486093521118,0.03871449455618858,0.021586477756500244,0.0,80.0,0.09990055114030838
person_00,S,32,an elderly person with gray hair,25,10,10,1,98.1,rotate,0,0.0,,,11506.6,0.91,512.0,260.3333333333333,92.33333333333333,,,,0.3038806617259979,0.25211477279663086,0.05176588520407677,0.24788521230220795,35.267539978027344,0.5510680675506592,35.267539978027344,0.5510680675506592,0.9869486093521118,0.03871449455618858,0.46072936058044434,2.4078972339630127,1.4672577381134033,1.1193914413452148,32,noise,0.01,heldout,0.0,31.740381240844727,0.3488426208496094,0.962151050567627,0.1319243311882019,0.1095958948135376,4.6337018297859895,5.181333600168357,0.24186000227928162,0.08185583353042603,0.27345165610313416,0.09830011427402496,34.012062072753906,0.5557341575622559,0.9782168865203857,0.08398765325546265,0.027817487716674805,0.09238892793655396,35.911659240722656,0.03953540325164795
person_00,S,32,an elderly person with gray hair,25,10,10,1,98.1,rotate,0,0.0,,,11506.6,0.91,512.0,260.3333333333333,92.33333333333333,,,,0.3038806617259979,0.25211477279663086,0.05176588520407677,0.24788521230220795,35.267539978027344,0.5510680675506592,35.267539978027344,0.5510680675506592,0.9869486093521118,0.03871449455618858,0.46072936058044434,2.4078972339630127,1.4672577381134033,1.1193914413452148,32,noise,0.02,heldout,0.0,29.778921127319336,0.43049538135528564,0.9390631914138794,0.252909779548645,0.13144922256469727,4.6337018297859895,6.661708849806975,0.24186000227928162,0.08185583353042603,0.2740249037742615,0.09582996368408203,31.602123260498047,0.5604002475738525,0.9540433883666992,0.20446673035621643,0.05250287055969238,0.22579678893089294,30.954713821411133,0.027112990617752075
person_00,S,32,an elderly person with gray hair,25,10,10,1,98.1,rotate,0,0.0,,,11506.6,0.91,512.0,260.3333333333333,92.33333333333333,,,,0.3038806617259979,0.25211477279663086,0.05176588520407677,0.24788521230220795,35.267539978027344,0.5510680675506592,35.267539978027344,0.5510680675506592,0.9869486093521118,0.03871449455618858,0.46072936058044434,2.4078972339630127,1.4672577381134033,1.1193914413452148,32,noise,0.04,heldout,0.0,27.11042594909668,0.4770030677318573,0.8918662071228027,0.4015575647354126,0.16247773170471191,4.6337018297859895,9.911400243270878,0.24186000227928162,0.08185583353042603,0.2770410180091858,0.08975279331207275,27.373924255371094,0.5697324872016907,0.8765100836753845,0.3554949164390564,0.11429142951965332,0.37736091017723083,27.549983978271484,0.024196654558181763
person_00,S,32,an elderly person with gray hair,25,10,10,1,98.1,rotate,0,0.0,,,11506.6,0.91,512.0,260.3333333333333,92.33333333333333,,,,0.3038806617259979,0.25211477279663086,0.05176588520407677,0.24788521230220795,35.267539978027344,0.5510680675506592,35.267539978027344,0.5510680675506592,0.9869486093521118,0.03871449455618858,0.46072936058044434,2.4078972339630127,1.4672577381134033,1.1193914413452148,32,noise,0.08,heldout,0.0,23.28774642944336,0.5935498476028442,0.7587345838546753,0.5630744099617004,0.22561115026474,4.6337018297859895,11.40595876564898,0.24186000227928162,0.08185583353042603,0.2965102791786194,0.08377205580472946,22.163593292236328,0.6140444874763489,0.6960873007774353,0.5214225649833679,0.1980939507484436,0.5569533705711365,23.281940460205078,0.006121039390563965
person_00,S,32,an elderly person with gray hair,25,10,10,1,98.1,rotate,0,0.0,,,11506.6,0.91,512.0,260.3333333333333,92.33333333333333,,,,0.3038806617259979,0.25211477279663086,0.05176588520407677,0.24788521230220795,35.267539978027344,0.5510680675506592,35.267539978027344,0.5510680675506592,0.9869486093521118,0.03871449455618858,0.46072936058044434,2.4078972339630127,1.4672577381134033,1.1193914413452148,32,quantize,256,heldout,0.0,33.25424575805664,0.3598717451095581,0.9723312258720398,0.09586510062217712,0.07485246658325195,4.6337018297859895,5.337591694008594,0.24186000227928162,0.08185583353042603,0.276486337184906,0.09511804580688477,35.25220489501953,0.5529412031173706,0.9868695735931396,0.03733307123184204,0.021506071090698242,1.0118400908809555e-11,79.99999237060547,0.09586510061205872
person_00,S,32,an elderly person with gray hair,25,10,10,1,98.1,rotate,0,0.0,,,11506.6,0.91,512.0,260.3333333333333,92.33333333333333,,,,0.3038806617259979,0.25211477279663086,0.05176588520407677,0.24788521230220795,35.267539978027344,0.5510680675506592,35.267539978027344,0.5510680675506592,0.9869486093521118,0.03871449455618858,0.46072936058044434,2.4078972339630127,1.4672577381134033,1.1193914413452148,32,quantize,64,heldout,0.0,33.12843322753906,0.34475046396255493,0.9718167185783386,0.08571037650108337,0.07636106014251709,4.6337018297859895,5.141991191236021,0.24186000227928162,0.08185583353042603,0.27934154868125916,0.09625234454870224,34.97325134277344,0.5583566427230835,0.9848357439041138,0.04445852339267731,0.021782517433166504,0.02420680969953537,41.4505729675293,0.061503566801548004
person_00,S,32,an elderly person with gray hair,25,10,10,1,98.1,rotate,0,0.0,,,11506.6,0.91,512.0,260.3333333333333,92.33333333333333,,,,0.3038806617259979,0.25211477279663086,0.05176588520407677,0.24788521230220795,35.267539978027344,0.5510680675506592,35.267539978027344,0.5510680675506592,0.9869486093521118,0.03871449455618858,0.46072936058044434,2.4078972339630127,1.4672577381134033,1.1193914413452148,32,quantize,32,heldout,0.0,29.66731834411621,0.4656140208244324,0.9358686208724976,0.15905331075191498,0.12455826997756958,4.6337018297859895,4.851635804009481,0.24186000227928162,0.08185583353042603,0.2557329535484314,0.08051291108131409,34.15188217163086,0.5563567876815796,0.9738039970397949,0.1310766637325287,0.029382824897766113,0.1064508929848671,32.08756637573242,0.05260241776704788
person_00,S,32,an elderly person with gray hair,25,10,10,1,98.1,rotate,0,0.0,,,11506.6,0.91,512.0,260.3333333333333,92.33333333333333,,,,0.3038806617259979,0.25211477279663086,0.05176588520407677,0.24788521230220795,35.267539978027344,0.5510680675506592,35.267539978027344,0.5510680675506592,0.9869486093521118,0.03871449455618858,0.46072936058044434,2.4078972339630127,1.4672577381134033,1.1193914413452148,32,quantize,16,heldout,0.0,25.703914642333984,0.6548565626144409,0.8517478704452515,0.42272287607192993,0.17080235481262207,4.6337018297859895,5.907015777824976,0.24186000227928162,0.08185583353042603,0.28191086649894714,0.06831161677837372,31.723642349243164,0.5647058486938477,0.920875072479248,0.36062926054000854,0.07621192932128906,0.3353683352470398,26.180267333984375,0.08735454082489014
person_00,S,32,an elderly person with gray hair,25,10,10,1,98.1,rotate,0,0.0,,,11506.6,0.91,512.0,260.3333333333333,92.33333333333333,,,,0.3038806617259979,0.25211477279663086,0.05176588520407677,0.24788521230220795,35.267539978027344,0.5510680675506592,35.267539978027344,0.5510680675506592,0.9869486093521118,0.03871449455618858,0.46072936058044434,2.4078972339630127,1.4672577381134033,1.1193914413452148,32,quantize,8,heldout,0.0,23.63933563232422,0.6063458323478699,0.7513785362243652,0.5022972822189331,0.21436333656311035,4.6337018297859895,6.129210910142703,0.24186000227928162,0.08185583353042603,0.25932592153549194,0.0828094333410263,26.895336151123047,0.6218487620353699,0.7502467632293701,0.5367960929870605,0.25181180238723755,0.4745173454284668,23.479049682617188,0.02777993679046631
person_01,S,32,an elderly person with gray hair,25,10,10,1,98.2,rotate,0,0.0,,,11505.1,0.91,511.6666666666667,294.3333333333333,138.33333333333334,,,,0.265700101852417,0.21673685312271118,0.048963237553834915,0.2832631468772888,35.517242431640625,0.5518268942832947,35.517242431640625,0.5518268942832947,0.989433765411377,0.03839700296521187,0.4133628010749817,2.221785068511963,1.322042465209961,0.9639923572540283,32,identity,0.0,train,0.0,27.325307846069336,0.6404398679733276,0.8895160555839539,0.2832631468772888,0.1451197862625122,6.875431839943357,5.071534324521021,0.20077797770500183,0.04386167973279953,0.19622090458869934,0.05045909434556961,35.51708984375,0.5518268942832947,0.989433765411377,0.03839700296521187,0.015993714332580566,0.0,80.0,0.2832631468772888
person_01,S,32,an elderly person with gray hair,25,10,10,1,98.2,rotate,0,0.0,,,11505.1,0.91,511.6666666666667,294.3333333333333,138.33333333333334,,,,0.265700101852417,0.21673685312271118,0.048963237553834915,0.2832631468772888,35.517242431640625,0.5518268942832947,35.517242431640625,0.5518268942832947,0.989433765411377,0.03839700296521187,0.4133628010749817,2.221785068511963,1.322042465209961,0.9639923572540283,32,blur,0.0,heldout,0.0,32.74253463745117,0.64552903175354,0.9562768936157227,0.14708459377288818,0.0949665904045105,4.725985000673543,3.856127957889536,0.17086359858512878,-0.004528893157839775,0.18132922053337097,0.014462925493717194,35.51708984375,0.5518268942832947,0.989433765411377,0.03839700296521187,0.015993714332580566,0.0,80.0,0.14708459377288818
person_01,S,32,an elderly person with gray hair,25,10,10,1,98.2,rotate,0,0.0,,,11505.1,0.91,511.6666666666667,294.3333333333333,138.33333333333334,,,,0.265700101852417,0.21673685312271118,0.048963237553834915,0.2832631468772888,35.517242431640625,0.5518268942832947,35.517242431640625,0.5518268942832947,0.989433765411377,0.03839700296521187,0.4133628010749817,2.221785068511963,1.322042465209961,0.9639923572540283,32,blur,0.5,heldout,0.0,31.830547332763672,0.6428936719894409,0.9475663900375366,0.19360071420669556,0.1159524917602539,4.725985000673543,4.486564908009948,0.17086359858512878,-0.004528893157839775,0.18365290760993958,0.024299440905451775,34.807098388671875,0.5141347050666809,0.9872491359710693,0.0794447809457779,0.030370652675628662,0.10730544477701187,34.591651916503906,0.08629526942968369
person_01,S,32,an elderly person with gray hair,25,10,10,1,98.2,rotate,0,0.0,,,11505.1,0.91,511.6666666666667,294.3333333333333,138.33333333333334,,,,0.265700101852417,0.21673685312271118,0.048963237553834915,0.2832631468772888,35.517242431640625,0.5518268942832947,35.517242431640625,0.5518268942832947,0.989433765411377,0.03839700296521187,0.4133628010749817,2.221785068511963,1.322042465209961,0.9639923572540283,32,blur,1.0,heldout,0.0,29.275440216064453,0.4735250473022461,0.907155454158783,0.3262103796005249,0.17549079656600952,4.725985000673543,7.248310343221753,0.17086359858512878,-0.004528893157839775,0.1920040398836136,0.046472594141960144,32.43125534057617,0.5136423707008362,0.9732434153556824,0.21350160241127014,0.08189058303833008,0.3112609386444092,29.485214233398438,0.014949440956115723
person_01,S,32,an elderly person with gray hair,25,10,10,1,98.2,rotate,0,0.0,,,11505.1,0.91,511.6666666666667,294.3333333333333,138.33333333333334,,,,0.265700101852417,0.21673685312271118,0.048963237553834915,0.2832631468772888,35.517242431640625,0.5518268942832947,35.517242431640625,0.5518268942832947,0.989433765411377,0.03839700296521187,0.4133628010749817,2.221785068511963,1.322042465209961,0.9639923572540283,32,blur,1.5,heldout,0.0,28.5634765625,0.5418703556060791,0.8951238989830017,0.3903540074825287,0.21045243740081787,4.725985000673543,9.189887263077821,0.17086359858512878,-0.004528893157839775,0.19849088788032532,0.03978467732667923,30.923254013061523,0.5784279108047485,0.954344630241394,0.29228270053863525,0.13232409954071045,0.3841659128665924,28.58211898803711,0.006188094615936279
person_01,S,32,an elderly person with gray hair,25,10,10,1,98.2,rotate,0,0.0,,,11505.1,0.91,511.6666666666667,294.3333333333333,138.33333333333334,,,,0.265700101852417,0.21673685312271118,0.048963237553834915,0.2832631468772888,35.517242431640625,0.5518268942832947,35.517242431640625,0.5518268942832947,0.989433765411377,0.03839700296521187,0.4133628010749817,2.221785068511963,1.322042465209961,0.9639923572540283,32,blur,2.0,heldout,0.0,27.79802131652832,0.6638126373291016,0.8761203289031982,0.43733909726142883,0.2460547685623169,4.725985000673543,10.351912928224001,0.17086359858512878,-0.004528893157839775,0.1953241527080536,0.04414799436926842,29.794652938842773,0.6191532015800476,0.9341761469841003,0.3555176854133606,0.1757793426513672,0.4369967579841614,27.77767562866211,0.00034233927726745605
person_01,S,32,an elderly person with gray hair,25,10,10,1,98.2,rotate,0,0.0,,,11505.1,0.91,511.6666666666667,294.3333333333333,138.33333333333334,,,,0.265700101852417,0.21673685312271118,0.048963237553834915,0.2832631468772888,35.517242431640625,0.5518268942832947,35.517242431640625,0.5518268942832947,0.989433765411377,0.03839700296521187,0.4133628010749817,2.221785068511963,1.322042465209961,0.9639923572540283,32,blur,3.0,heldout,0.0,26.79934310913086,0.6766684651374817,0.8484336733818054,0.49698972702026367,0.2846905589103699,4.725985000673543,11.733933108847475,0.17086359858512878,-0.004528893157839775,0.18435052037239075,0.023453956469893456,28.115026473999023,0.7045153379440308,0.8941605091094971,0.44238173961639404,0.23907804489135742,0.4987438917160034,26.74379539489746,-0.001754164695739746
person_01,S,32,an elderly person with gray hair,25,10,10,1,98.2,rotate,0,0.0,,,11505.1,0.91,511.6666666666667,294.3333333333333,138.33333333333334,,,,0.265700101852417,0.21673685312271118,0.048963237553834915,0.2832631468772888,35.517242431640625,0.5518268942832947,35.517242431640625,0.5518268942832947,0.989433765411377,0.03839700296521187,0.4133628010749817,2.221785068511963,1.322042465209961,0.9639923572540283,32,jpeg,95,heldout,0.0,31.88894271850586,0.6815292835235596,0.9471011161804199,0.16381925344467163,0.10649001598358154,4.725985000673543,3.906488614085593,0.17086359858512878,-0.004528893157839775,0.17489683628082275,0.017908712849020958,34.64527130126953,0.5411764979362488,0.9795833826065063,0.07850413024425507,0.018418550491333008,0.0891168862581253,35.771297454833984,0.07470236718654633
person_01,S,32,an elderly person with gray hair,25,10,10,1,98.2,rotate,0,0.0,,,11505.1,0.91,511.6666666666667,294.3333333333333,138.33333333333334,,,,0.265700101852417,0.21673685312271118,0.048963237553834915,0.2832631468772888,35.517242431640625,0.5518268942832947,35.517242431640625,0.5518268942832947,0.989433765411377,0.03839700296521187,0.4133628010749817,2.221785068511963,1.322042465209961,0.9639923572540283,32,jpeg,85,heldout,0.0,31.236913681030273,0.6728098392486572,0.9405502676963806,0.20033080875873566,0.12118911743164062,4.725985000673543,4.10899624881766,0.17086359858512878,-0.004528893157839775,0.17792882025241852,0.018372301012277603,33.76815414428711,0.5333333015441895,0.9702116847038269,0.13338829576969147,0.028108716011047363,0.1681598722934723,32.291587829589844,0.03217093646526337
person_01,S,32,an elderly person with gray hair,25,10,10,1,98.2,rotate,0,0.0,,,11505.1,0.91,511.6666666666667,294.3333333333333,138.33333333333334,,,,0.265700101852417,0.21673685312271118,0.048963237553834915,0.2832631468772888,35.517242431640625,0.5518268942832947,35.517242431640625,0.5518268942832947,0.989433765411377,0.03839700296521187,0.4133628010749817,2.221785068511963,1.322042465209961,0.9639923572540283,32,jpeg,75,heldout,0.0,31.136552810668945,0.6711432933807373,0.9357804656028748,0.21981577575206757,0.12830579280853271,4.725985000673543,4.493409852273657,0.17086359858512878,-0.004528893157839775,0.18036474287509918,0.002876089885830879,33.18576431274414,0.545098066329956,0.9617937803268433,0.17420747876167297,0.03894972801208496,0.21190720796585083,31.102827072143555,0.007908567786216736
person_01,S,32,an elderly person with gray hair,25,10,10,1,98.2,rotate,0,0.0,,,11505.1,0.91,511.6666666666667,294.3333333333333,138.33333333333334,,,,0.265700101852417,0.21673685312271118,0.048963237553834915,0.2832631468772888,35.517242431640625,0.5518268942832947,35.517242431640625,0.5518268942832947,0.989433765411377,0.03839700296521187,0.4133628010749817,2.221785068511963,1.322042465209961,0.9639923572540283,32,jpeg,60,heldout,0.0,30.88652801513672,0.7013117074966431,0.9318472743034363,0.24179698526859283,0.13021129369735718,4.725985000673543,4.772057722480878,0.17086359858512878,-0.004528893157839775,0.1695900559425354,-0.015291218645870686,32.52722930908203,0.5529412031173706,0.9504773020744324,0.2196851670742035,0.049526333808898926,0.24422401189804077,30.747041702270508,-0.002427026629447937
person_01,S,32,an elderly person with gray hair,25,10,10,1,98.2,rotate,0,0.0,,,11505.1,0.91,511.6666666666667,294.3333333333333,138.33333333333334,,,,0.265700101852417,0.21673685312271118,0.048963237553834915,0.2832631468772888,35.517242431640625,0.5518268942832947,35.517242431640625,0.5518268942832947,0.989433765411377,0.03839700296521187,0.4133628010749817,2.221785068511963,1.322042465209961,0.9639923572540283,32,jpeg,45,heldout,0.0,30.392772674560547,0.6703763008117676,0.9228855967521667,0.266389936208725,0.1439802646636963,4.725985000673543,5.211624520742683,0.17086359858512878,-0.004528893157839775,0.17196470499038696,-0.007981615141034126,32.03133773803711,0.5686274766921997,0.9389737844467163,0.2643936276435852,0.06469094753265381,0.25017163157463074,30.846193313598633,0.01621830463409424
person_01,S,32,an elderly person with gray hair,25,10,10,1,98.2,rotate,0,0.0,,,11505.1,0.91,511.6666666666667,294.3333333333333,138.33333333333334,,,,0.265700101852417,0.21673685312271118,0.048963237553834915,0.2832631468772888,35.517242431640625,0.5518268942832947,35.517242431640625,0.5518268942832947,0.989433765411377,0.03839700296521187,0.4133628010749817,2.221785068511963,1.322042465209961,0.9639923572540283,32,jpeg,30,heldout,0.0,29.159709930419922,0.5728516578674316,0.8971039652824402,0.3833467364311218,0.17714935541152954,4.725985000673543,4.995203748841736,0.17086359858512878,-0.004528893157839775,0.17790454626083374,0.030167849734425545,31.287172317504883,0.5647058486938477,0.9195551872253418,0.3444276452064514,0.09203261137008667,0.38632524013519287,29.21432876586914,-0.002978503704071045
person_01,S,32,an elderly person with gray hair,25,10,10,1,98.2,rotate,0,0.0,,,11505.1,0.91,511.6666666666667,294.3333333333333,138.33333333333334,,,,0.265700101852417,0.21673685312271118,0.048963237553834915,0.2832631468772888,35.517242431640625,0.5518268942832947,35.517242431640625,0.5518268942832947,0.989433765411377,0.03839700296521187,0.4133628010749817,2.221785068511963,1.322042465209961,0.9639923572540283,32,noise,0.0,heldout,0.0,32.74253463745117,0.64552903175354,0.9562768936157227,0.14708459377288818,0.0949665904045105,4.725985000673543,3.856127957889536,0.17086359858512878,-0.004528893157839775,0.18132922053337097,0.014462925493717194,35.51708984375,0.5518268942832947,0.989433765411377,0.03839700296521187,0.015993714332580566,0.0,80.0,0.14708459377288818
person_01,S,32,an elderly person with gray hair,25,10,10,1,98.2,rotate,0,0.0,,,11505.1,0.91,511.6666666666667,294.3333333333333,138.33333333333334,,,,0.265700101852417,0.21673685312271118,0.048963237553834915,0.2832631468772888,35.517242431640625,0.5518268942832947,35.517242431640625,0.5518268942832947,0.989433765411377,0.03839700296521187,0.4133628010749817,2.221785068511963,1.322042465209961,0.9639923572540283,32,noise,0.01,heldout,0.0,32.74562072753906,0.5333311557769775,0.9606363773345947,0.13478496670722961,0.07648706436157227,4.725985000673543,5.340017396261765,0.17086359858512878,-0.004528893157839775,0.17290151119232178,0.011115407571196556,34.20135498046875,0.5472530722618103,0.9755067229270935,0.09399306029081345,0.019039511680603027,0.1129588633775711,34.650882720947266,0.02182610332965851
person_01,S,32,an elderly person with gray hair,25,10,10,1,98.2,rotate,0,0.0,,,11505.1,0.91,511.6666666666667,294.3333333333333,138.33333333333334,,,,0.265700101852417,0.21673685312271118,0.048963237553834915,0.2832631468772888,35.517242431640625,0.5518268942832947,35.517242431640625,0.5518268942832947,0.989433765411377,0.03839700296521187,0.4133628010749817,2.221785068511963,1.322042465209961,0.9639923572540283,32,noise,0.02,heldout,0.0,30.490596771240234,0.5516794323921204,0.9324588775634766,0.2434501200914383,0.10972189903259277,4.725985000673543,7.043157358830015,0.17086359858512878,-0.004528893157839775,0.17995700240135193,0.013088660314679146,31.708078384399414,0.5550734996795654,0.9371440410614014,0.19600671529769897,0.04782092571258545,0.21364101767539978,31.637733459472656,0.029809102416038513
person_01,S,32,an elderly person with gray hair,25,10,10,1,98.2,rotate,0,0.0,,,11505.1,0.91,511.6666666666667,294.3333333333333,138.33333333333334,,,,0.265700101852417,0.21673685312271118,0.048963237553834915,0.2832631468772888,35.517242431640625,0.5518268942832947,35.517242431640625,0.5518268942832947,0.989433765411377,0.03839700296521187,0.4133628010749817,2.221785068511963,1.322042465209961,0.9639923572540283,32,noise,0.04,heldout,0.0,28.06546974182129,0.6735162734985352,0.8755457401275635,0.3911764323711395,0.1665806770324707,4.725985000673543,10.097988655900052,0.17086359858512878,-0.004528893157839775,0.22268088161945343,0.061494577676057816,27.405288696289062,0.5866106748580933,0.8208069205284119,0.3557639420032501,0.12091875076293945,0.3739224672317505,28.390504837036133,0.017253965139389038
person_01,S,32,an elderly person with gray hair,25,10,10,1,98.2,rotate,0,0.0,,,11505.1,0.91,511.6666666666667,294.3333333333333,138.33333333333334,,,,0.265700101852417,0.21673685312271118,0.048963237553834915,0.2832631468772888,35.517242431640625,0.5518268942832947,35.517242431640625,0.5518268942832947,0.989433765411377,0.03839700296521187,0.4133628010749817,2.221785068511963,1.322042465209961,0.9639923572540283,32,noise,0.08,heldout,0.0,24.012062072753906,0.8813391923904419,0.729660153388977,0.5390182137489319,0.2447967529296875,4.725985000673543,11.333875773745048,0.17086359858512878,-0.004528893157839775,0.25676456093788147,0.05817000940442085,22.234670639038086,0.6496850252151489,0.5949539542198181,0.5394382476806641,0.24592101573944092,0.5333601236343384,23.988759994506836,0.005658090114593506
person_01,S,32,an elderly person with gray hair,25,10,10,1,98.2,rotate,0,0.0,,,11505.1,0.91,511.6666666666667,294.3333333333333,138.33333333333334,,,,0.265700101852417,0.21673685312271118,0.048963237553834915,0.2832631468772888,35.517242431640625,0.5518268942832947,35.517242431640625,0.5518268942832947,0.989433765411377,0.03839700296521187,0.4133628010749817,2.221785068511963,1.322042465209961,0.9639923572540283,32,quantize,256,heldout,0.0,32.876800537109375,0.6393510103225708,0.9580153822898865,0.14083383977413177,0.09018421173095703,4.725985000673543,3.906809548542529,0.17086359858512878,-0.004528893157839775,0.18139305710792542,0.01593172177672386,35.50118637084961,0.5529412031173706,0.9892780780792236,0.038038693368434906,0.015499532222747803,9.978398315957371e-12,79.99999237060547,0.14083383976415337
person_01,S,32,an elderly person with gray hair,25,10,10,1,98.2,rotate,0,0.0,,,11505.1,0.91,511.6666666666667,294.3333333333333,138.33333333333334,,,,0.265700101852417,0.21673685312271118,0.048963237553834915,0.2832631468772888,35.517242431640625,0.5518268942832947,35.517242431640625,0.5518268942832947,0.989433765411377,0.03839700296521187,0.4133628010749817,2.221785068511963,1.322042465209961,0.9639923572540283,32,quantize,64,heldout,0.0,33.415733337402344,0.6328297853469849,0.9626667499542236,0.11002089828252792,0.07598096132278442,4.725985000673543,4.280997873395264,0.17086359858512878,-0.004528893157839775,0.1905689686536789,0.023031175136566162,35.205013275146484,0.5574229955673218,0.9861407279968262,0.05247163772583008,0.01578390598297119,0.03230554983019829,40.81098937988281,0.07771534845232964
person_01,S,32,an elderly person with gray hair,25,10,10,1,98.2,rotate,0,0.0,,,11505.1,0.91,511.6666666666667,294.3333333333333,138.33333333333334,,,,0.265700101852417,0.21673685312271118,0.048963237553834915,0.2832631468772888,35.517242431640625,0.5518268942832947,35.517242431640625,0.5518268942832947,0.989433765411377,0.03839700296521187,0.4133628010749817,2.221785068511963,1.322042465209961,0.9639923572540283,32,quantize,32,heldout,0.0,32.40780258178711,0.6244983673095703,0.9513856768608093,0.15060001611709595,0.10467743873596191,4.725985000673543,4.1621889701527275,0.17086359858512878,-0.004528893157839775,0.20019599795341492,0.039042241871356964,34.35266876220703,0.5528146624565125,0.9720444083213806,0.1515970677137375,0.03719747066497803,0.10383796691894531,35.97114562988281,0.046762049198150635
person_01,S,32,an elderly person with gray hair,25,10,10,1,98.2,rotate,0,0.0,,,11505.1,0.91,511.6666666666667,294.3333333333333,138.33333333333334,,,,0.265700101852417,0.21673685312271118,0.048963237553834915,0.2832631468772888,35.517242431640625,0.5518268942832947,35.517242431640625,0.5518268942832947,0.989433765411377,0.03839700296521187,0.4133628010749817,2.221785068511963,1.322042465209961,0.9639923572540283,32,quantize,16,heldout,0.0,27.237159729003906,0.6608607769012451,0.87773597240448,0.30846619606018066,0.1613837480545044,4.725985000673543,4.268612870209752,0.17086359858512878,-0.004528893157839775,0.24416866898536682,0.09438386559486389,31.86639404296875,0.5764706134796143,0.9186966419219971,0.3367008566856384,0.12773001194000244,0.27738553285598755,27.545595169067383,0.031080663204193115
person_01,S,32,an elderly person with gray hair,25,10,10,1,98.2,rotate,0,0.0,,,11505.1,0.91,511.6666666666667,294.3333333333333,138.33333333333334,,,,0.265700101852417,0.21673685312271118,0.048963237553834915,0.2832631468772888,35.517242431640625,0.5518268942832947,35.517242431640625,0.5518268942832947,0.989433765411377,0.03839700296521187,0.4133628010749817,2.221785068511963,1.322042465209961,0.9639923572540283,32,quantize,8,heldout,0.0,24.209959030151367,0.7715915441513062,0.7819653749465942,0.44186943769454956,0.21682047843933105,4.725985000673543,4.590226948639869,0.17086359858512878,-0.004528893157839775,0.22095566987991333,0.08707469701766968,26.902339935302734,0.6140056848526001,0.7683905363082886,0.5108724236488342,0.24455523490905762,0.4303854703903198,24.29015350341797,0.011483967304229736
