image,class,generation,evaluation,score,id_norm,dir_norm,use_norm,subject_lost,subject_id_def,subject_box_iou_edit_def,align_def,align_gain_def,clip_s_def,niqe_def,latent_l2,hf_rgb_total,niqe_input,niqe_original,rejected,support_deltaE00,delta_e_cap,knob_face_grid,knob_face_sigma,knob_face_scale,knob_face_amplitude,knob_frame_grid,knob_frame_sigma,knob_frame_scale,knob_frame_amplitude,knob_clothes_grid,knob_clothes_sigma,knob_clothes_scale,knob_clothes_amplitude,knob_face_palette,knob_clothes_palette,knob_lock_luminance,knob_field_seed
task_env_weather_114555,hat,1,1,0.979387,0.998245,1.0,0.968901,0,0.94999,0.92342,0.20564,0.00784,0.02963,3.67067,29.3948,0.89756,3.631,3.60575,0,8.3711,16.0,1,24.0,0.0,0.05,1,24.0,0.0,0.5,1,24.0,0.0,0.5,0,0,1,0
task_env_weather_114555,hat,2,2,0.931239,0.917922,1.0,1.0,0,0.87355,0.89954,0.26163,0.06858,0.10938,3.53151,55.8952,0.96196,3.56558,3.60575,0,13.3116,16.0,8,20.714,0.0,0.239,1,8.336,0.2118,0.7786,1,19.483,0.0,0.5605,0,7,1,43
task_env_weather_114555,hat,2,3,0.984975,1.0,1.0,0.975728,0,0.96435,0.85017,0.19605,0.00697,0.03024,3.64499,52.3124,0.89701,3.63639,3.60575,0,14.3971,16.0,1,28.179,0.0,0.05,2,32.0,0.4934,0.7576,1,32.0,0.0,0.237,0,0,1,0
task_env_weather_114555,hat,2,4,0.965647,0.998918,0.966811,0.952499,0,0.95063,0.9041,0.20634,0.00585,0.02017,3.73388,20.5745,0.90473,3.62224,3.60575,0,3.5314,16.0,1,30.079,0.0,0.1361,1,18.392,0.1435,0.1947,1,27.227,0.0,0.1959,0,0,1,0
task_env_weather_114555,hat,2,5,0.968669,0.994347,0.986345,0.9566,0,0.94628,0.90845,0.20591,0.00597,0.02134,3.71787,25.954,0.90458,3.63559,3.60575,0,4.4762,16.0,16,23.603,0.0329,0.05,4,32.0,0.092,0.1903,1,16.597,0.6947,0.5123,0,0,1,997
task_env_weather_114555,hat,2,6,0.948184,0.937509,1.0,0.967716,0,0.89219,0.85537,0.21117,0.01358,0.0461,3.67516,29.6781,0.89332,3.66221,3.60575,0,4.2009,16.0,1,20.237,0.0,0.4595,4,32.0,0.2276,0.05,1,32.0,0.4032,0.519,1,4,1,6
task_env_weather_114555,hat,2,7,0.951097,1.0,0.997624,0.937176,0,0.96696,0.94258,0.20357,0.00604,0.02477,3.79493,29.6196,0.89561,3.65034,3.60575,0,6.9243,16.0,1,32.0,0.0,0.2003,1,31.966,0.0,0.286,1,22.218,0.0,0.7818,2,0,1,0
task_env_weather_114555,hat,2,8,0.960118,1.0,0.76329,0.946451,0,0.96467,0.90728,0.20479,0.00462,0.01802,3.75774,22.0311,0.9017,3.65057,3.60575,0,3.7308,16.0,1,30.361,0.0,0.05,4,32.0,0.0,0.1164,1,32.0,0.0,0.4896,3,0,1,0
task_env_weather_114555,hat,2,9,0.96464,0.951747,1.0,0.995686,0,0.90574,0.91863,0.21753,0.01471,0.0439,3.57192,36.2851,0.89228,3.66265,3.60575,0,6.7438,16.0,1,22.659,0.0,0.05,1,24.049,0.1222,0.2273,1,32.0,1.0315,0.7553,13,5,1,457
task_env_weather_114555,hat,2,10,0.940411,0.926665,1.0,1.0,0,0.88187,0.86015,0.22853,0.03051,0.05483,3.37035,35.5855,0.89885,3.60578,3.60575,0,8.6951,16.0,2,25.002,0.0,0.05,1,31.035,0.0,0.654,2,32.0,0.0,0.4803,8,8,1,0
task_env_weather_114555,hat,3,11,1000.0,0.785848,1.0,1.0,0,0.74786,0.86338,0.23478,0.04235,0.07625,3.23705,63.2055,0.90966,3.59596,3.60575,1,18.6383,16.0,16,26.239,0.0,0.3532,1,0.0,1.0165,1.0,1,7.351,0.0,0.3614,0,11,1,0
task_env_weather_114555,hat,3,12,1000.0,0.989093,0.336696,0.979316,0,0.94128,0.92865,0.19982,0.00204,0.00934,3.63163,69.0799,0.43017,3.56371,3.60575,1,20.4728,16.0,2,32.0,0.0456,0.05,2,0.0,0.4995,0.7677,4,20.759,0.2792,0.6621,0,1,0,59
task_env_weather_114555,hat,3,13,1000.0,0.914717,0.793234,0.944995,0,0.8705,0.81542,0.19864,0.0048,0.01687,3.76353,78.6556,1.10192,3.47852,3.60575,1,21.4059,16.0,4,32.0,0.0,0.108,1,22.574,0.3486,0.9234,1,27.935,0.2102,0.5403,0,17,0,0
task_env_weather_114555,hat,3,14,0.840868,0.832083,1.0,0.964161,0,0.79186,0.84302,0.23389,0.03289,0.05978,3.68871,48.7887,0.27964,3.88238,3.60575,0,12.4048,16.0,4,23.678,0.0,0.0763,1,0.0,0.5443,0.4633,1,18.028,0.0,0.2079,0,5,0,140
task_env_weather_114555,hat,3,15,0.957046,1.0,1.0,0.943242,0,0.95788,0.86531,0.21022,0.01633,0.05223,3.77052,49.1121,0.89188,3.62819,3.60575,0,15.2542,16.0,16,16.478,0.0596,0.4037,2,7.653,0.1494,0.9202,1,24.121,0.8143,0.05,2,10,1,301
task_env_weather_114555,hat,3,16,1000.0,0.037976,1.0,0.911318,0,0.03614,0.0,0.24405,0.05042,0.1161,3.90261,125.3535,0.43148,2.63035,3.60575,1,26.7248,16.0,8,27.401,0.3676,0.2036,2,22.878,0.9167,0.9973,1,30.073,0.5318,0.3117,0,12,0,0
task_env_weather_114555,hat,3,17,0.993694,1.0,0.951524,0.988667,0,0.95274,0.88997,0.19468,0.00576,0.02293,3.59728,48.0905,0.88074,3.61097,3.60575,0,14.798,16.0,16,32.0,0.0,0.0836,1,11.545,0.5797,0.7534,1,11.092,0.0,0.5836,0,10,1,0
task_env_weather_114555,hat,3,18,0.938829,0.925141,1.0,1.0,0,0.88042,0.91666,0.21039,0.01836,0.04999,3.36424,36.1791,0.90819,3.63332,3.60575,0,8.728,16.0,8,20.08,0.3305,0.3008,1,16.675,0.0,0.4787,16,17.664,1.0275,0.4918,6,7,1,0
task_env_weather_114555,hat,3,19,1000.0,0.587931,1.0,0.95886,0,0.55951,0.86036,0.25442,0.05918,0.08665,3.70911,65.9488,0.94088,3.61924,3.60575,1,17.632,16.0,4,18.559,0.0,0.2127,4,3.188,0.4822,1.0,2,26.838,0.0,0.6238,3,11,1,0
task_env_weather_114555,hat,4,20,1000.0,0.979573,0.281063,0.926272,0,0.93222,0.939,0.19745,0.0017,0.00973,3.8396,54.0691,0.77797,3.52685,3.60575,1,16.2007,16.0,4,16.153,0.1832,0.05,1,0.0,0.6695,0.6354,1,25.126,0.0,0.1276,0,3,0,226
task_env_weather_114555,hat,4,21,1000.0,0.69631,1.0,1.0,0,0.66265,0.9332,0.20114,0.0119,0.04317,3.22376,73.1934,0.78634,3.50186,3.60575,1,19.2479,16.0,16,25.305,0.0,0.2443,2,0.693,0.9669,0.8287,2,12.292,0.0,0.3859,0,10,0,453
task_env_weather_114555,hat,4,22,0.914423,0.902297,1.0,1.0,0,0.85868,0.92521,0.21105,0.01886,0.05336,3.45786,34.3734,0.89938,3.62824,3.60575,0,9.3026,16.0,4,19.947,0.0,0.2314,1,0.0,0.2745,0.6694,1,15.844,0.7029,0.2,0,7,1,37
task_env_weather_114555,hat,4,23,0.965124,0.991016,1.0,0.953015,0,0.94311,0.92547,0.20769,0.01026,0.0425,3.73186,25.7686,0.89829,3.6336,3.60575,0,5.7636,16.0,4,31.495,0.0,0.2502,1,0.0,0.6055,0.289,2,17.055,0.0,0.1301,3,0,1,288
task_env_weather_114555,hat,4,24,1000.0,0.629689,1.0,1.0,0,0.59925,0.87559,0.24471,0.04981,0.08468,3.46236,66.8356,0.90433,3.67052,3.60575,1,17.0857,16.0,2,25.367,0.2884,0.1947,1,0.0,0.6903,0.7466,1,23.967,0.0,0.05,0,6,1,215
task_env_weather_114555,hat,4,25,0.953924,1.0,0.788825,0.940036,0,0.96136,0.9182,0.20727,0.00477,0.0186,3.78338,27.0177,0.62015,3.63864,3.60575,0,6.2023,16.0,4,24.092,0.0832,0.05,2,0.0,0.0658,0.34,2,18.401,0.0,0.3759,0,3,0,180
task_env_weather_114555,hat,4,26,0.911056,0.899208,1.0,1.0,0,0.85574,0.8691,0.23548,0.03786,0.06762,3.35978,56.8451,0.51757,3.4501,3.60575,0,14.8813,16.0,8,21.391,0.1189,0.2768,8,0.0,0.2614,0.5394,1,6.445,0.2606,0.8167,1,1,0,207
task_env_weather_114555,hat,4,27,0.639844,0.639577,1.0,1.0,0,0.60866,0.84219,0.24548,0.04702,0.08266,3.52413,59.2303,0.89594,3.61138,3.60575,0,14.4619,16.0,8,19.672,0.8116,0.1131,1,0.0,0.9198,0.6008,1,22.775,0.177,0.18,0,10,1,47
task_env_weather_114555,hat,4,28,0.98858,0.980802,1.0,1.0,0,0.93339,0.88203,0.20858,0.01033,0.0393,3.51752,41.4866,0.82902,3.57199,3.60575,0,7.4227,16.0,2,28.993,0.0,0.0563,1,4.452,0.5226,0.1607,1,21.26,0.0,0.4937,5,7,0,302
task_env_weather_114555,hat,5,29,0.999831,1.0,0.0,0.999664,0,0.96411,0.91912,0.19541,-0.00031,-0.00192,3.55771,45.7754,0.90055,3.59823,3.60575,0,12.8082,16.0,16,16.94,0.5524,0.1689,4,0.039,1.2053,0.679,1,24.004,0.0993,0.2666,0,13,1,85
task_env_weather_114555,hat,5,30,0.967895,0.978679,0.56241,0.960411,0,0.93137,0.8237,0.19105,0.0034,0.01904,3.70312,53.8565,0.90008,3.65659,3.60575,0,13.8196,16.0,4,20.885,0.6303,0.2771,2,0.0,0.8563,0.5875,1,18.282,0.0,0.1916,2,10,1,0
task_env_weather_114555,hat,5,31,0.994247,0.989576,1.0,1.0,0,0.94174,0.81236,0.21543,0.01982,0.05652,3.5385,50.3518,0.92562,3.65392,3.60575,0,13.3277,16.0,16,21.822,0.9774,0.2563,1,0.0,1.0987,0.5113,1,24.201,0.0,0.1246,0,8,1,20
task_env_weather_114555,hat,5,32,0.974962,0.995881,1.0,0.963922,0,0.94774,0.89543,0.19478,0.00626,0.02636,3.68963,44.5204,0.87999,3.59689,3.60575,0,12.7025,16.0,8,24.927,0.8458,0.1162,1,0.0,1.2882,0.5875,1,23.033,0.422,0.05,0,7,1,0
task_env_weather_114555,hat,5,33,1000.0,0.993096,1.0,1.0,0,0.94509,0.89393,0.19899,0.00628,0.02027,3.435,59.2185,0.93077,3.59451,3.60575,1,16.572,16.0,8,12.244,0.8118,0.0893,1,0.0,1.0194,0.6765,2,23.811,0.5237,0.2196,0,11,1,265
task_env_weather_114555,hat,5,34,0.780419,0.776769,1.0,0.975772,0,0.73922,0.86958,0.2445,0.05168,0.08813,3.64482,45.2627,0.90318,3.58656,3.60575,0,11.0605,16.0,4,12.535,0.7298,0.05,1,0.0,1.2311,0.5293,1,26.423,0.5117,0.0666,1,12,1,5
task_env_weather_114555,hat,5,35,0.983761,0.990627,1.0,0.978386,0,0.94274,0.90842,0.20432,0.00891,0.03126,3.63508,31.0045,0.89342,3.62363,3.60575,0,8.3101,16.0,4,24.105,0.9002,0.05,1,5.11,0.4078,0.4534,4,21.676,0.2629,0.2764,0,10,1,0
task_env_weather_114555,hat,5,36,0.877725,0.86885,1.0,1.0,0,0.82685,0.90896,0.24146,0.03725,0.06697,3.47969,39.5259,0.90661,3.61391,3.60575,0,9.5087,16.0,8,13.676,0.6298,0.2012,4,6.112,0.8387,0.5382,1,31.906,0.1973,0.2541,0,11,1,39
task_env_weather_114555,hat,5,37,0.949862,0.937078,1.0,0.980062,0,0.89178,0.90917,0.21338,0.01186,0.04017,3.62887,26.7547,0.90542,3.63702,3.60575,0,5.5685,16.0,4,22.991,0.8432,0.2575,1,0.0,0.913,0.2766,1,21.666,0.0912,0.05,6,8,1,35
task_env_weather_114555,hat,6,38,0.919731,0.906532,1.0,0.990489,0,0.86271,0.91338,0.22591,0.03226,0.06451,3.59067,35.2708,0.91229,3.63585,3.60575,0,7.7087,16.0,4,18.123,0.8433,0.205,2,7.614,0.792,0.4729,1,26.928,0.3674,0.3127,0,11,1,126
task_env_weather_114555,hat,6,39,0.961515,1.0,0.476348,0.947931,0,0.9605,0.90941,0.19225,0.00288,0.01428,3.75187,48.6151,0.87519,3.62894,3.60575,0,13.6894,16.0,4,20.563,0.5008,0.1055,1,0.0,0.8811,0.5687,1,17.397,0.0666,0.2712,0,9,1,0
task_env_weather_114555,hat,6,40,0.974103,0.961993,1.0,1.0,0,0.91549,0.88584,0.20084,0.01118,0.03861,3.44203,44.2077,0.87932,3.57422,3.60575,0,12.9321,16.0,4,15.47,0.9034,0.0953,1,0.0,0.9162,0.6836,1,27.994,0.0014,0.1172,0,8,1,0
task_env_weather_114555,hat,6,41,0.853923,0.842402,1.0,0.946703,0,0.80168,0.91769,0.22942,0.03676,0.06678,3.75674,47.3267,0.88991,3.60736,3.60575,0,11.8702,16.0,4,22.439,0.8235,0.0979,1,2.318,0.8892,0.708,1,23.806,0.1462,0.3026,0,12,1,0
task_env_weather_114555,hat,6,42,0.966517,0.982641,1.0,0.956884,0,0.93514,0.92046,0.20584,0.00789,0.0295,3.71677,39.0906,0.90423,3.65785,3.60575,0,11.4086,16.0,8,20.025,1.0882,0.1786,2,0.0,0.9184,0.5677,1,22.715,0.1238,0.1916,0,9,1,154
task_env_weather_114555,hat,6,43,0.988573,0.980791,1.0,1.0,0,0.93338,0.88707,0.20616,0.00938,0.03778,3.45197,54.8759,0.90232,3.64467,3.60575,0,13.7249,16.0,8,17.45,1.2114,0.2067,1,0.0,0.9042,0.7287,2,21.456,0.6498,0.1675,0,10,1,56
task_env_weather_114555,hat,6,44,0.941921,0.928126,1.0,1.0,0,0.88326,0.8797,0.22972,0.02699,0.07518,3.33991,48.919,0.90575,3.59169,3.60575,0,12.9696,16.0,4,18.419,0.7842,0.1825,1,0.0,0.9109,0.7269,1,26.759,0.0,0.3706,2,8,1,77
task_env_weather_114555,hat,6,45,0.892726,0.880356,1.0,0.975238,0,0.8378,0.87541,0.23685,0.04259,0.0721,3.64682,36.6382,0.89226,3.6011,3.60575,0,8.5293,16.0,4,23.709,1.0915,0.0656,1,0.0,0.6574,0.5707,1,24.853,0.1864,0.191,0,12,1,0
task_env_weather_114555,hat,6,46,0.913519,0.901467,1.0,1.0,0,0.85789,0.92065,0.24325,0.05398,0.09689,3.43111,43.697,0.88423,3.57064,3.60575,0,11.8338,16.0,4,22.882,0.8713,0.05,1,4.001,1.0386,0.6114,2,24.088,0.409,0.286,0,6,1,0
task_env_weather_114555,hat,7,47,0.596285,0.596116,1.0,0.982765,0,0.5673,0.86111,0.24631,0.05511,0.08776,3.61889,59.3357,0.90621,3.59936,3.60575,0,13.8718,16.0,8,23.03,0.778,0.1867,2,0.0,0.9121,0.5668,2,23.007,0.283,0.3168,0,12,1,0
task_env_weather_114555,hat,7,48,0.984385,0.974928,1.0,1.0,0,0.9278,0.88864,0.21589,0.01709,0.04619,3.40173,38.7109,0.91729,3.63303,3.60575,0,9.1806,16.0,16,19.398,0.7182,0.1591,1,0.0,1.0877,0.5295,1,25.885,0.3317,0.2768,1,12,1,127
task_env_weather_114555,hat,7,49,0.993425,0.992655,1.0,0.994219,0,0.94467,0.92726,0.2068,0.00912,0.03752,3.5772,63.9641,0.92299,3.58126,3.60575,0,13.9506,16.0,4,22.611,0.8289,0.287,1,0.0,0.9084,0.7305,1,22.327,0.0644,0.1734,0,9,1,114
task_env_weather_114555,hat,7,50,0.959219,0.989261,1.0,0.946456,0,0.94144,0.92416,0.2101,0.00748,0.02546,3.75772,30.8163,0.90573,3.60978,3.60575,0,9.2917,16.0,4,15.683,0.8695,0.05,1,0.925,0.9536,0.5421,2,21.339,0.0447,0.05,1,9,1,111
task_env_weather_114555,hat,7,51,0.983302,0.995377,1.0,0.975232,0,0.94726,0.91522,0.20728,0.0092,0.03245,3.64684,30.1863,0.89141,3.64163,3.60575,0,7.6708,16.0,8,17.551,0.9242,0.1126,1,0.0,0.8437,0.4147,1,22.905,0.0,0.0752,0,13,1,0
task_env_weather_114555,hat,7,52,0.985371,0.988925,1.0,0.982261,0,0.94112,0.87286,0.20573,0.00957,0.04222,3.62074,40.5124,0.90353,3.60646,3.60575,0,11.6534,16.0,8,18.932,0.8926,0.287,1,0.0,0.7102,0.6213,1,27.655,0.2532,0.1817,3,10,1,78
task_env_weather_114555,hat,7,53,1.0,1.0,0.942757,1.0,0,0.95589,0.89511,0.20312,0.00571,0.02482,3.47357,50.077,0.92251,3.56148,3.60575,0,12.7918,16.0,8,17.53,0.8164,0.1504,1,0.0,0.9323,0.6464,1,22.719,0.3445,0.3012,0,14,1,49
task_env_weather_114555,hat,7,54,0.965164,0.994031,1.0,0.952567,0,0.94598,0.90667,0.20052,0.01262,0.04242,3.73361,56.0355,0.89499,3.63893,3.60575,0,13.9587,16.0,4,16.517,0.9392,0.05,1,0.0,0.9874,0.5293,1,24.522,0.0,0.1086,4,10,1,6
task_env_weather_114555,hat,7,55,0.935003,0.921485,1.0,1.0,0,0.87694,0.92055,0.21557,0.02131,0.06066,3.37877,35.6161,0.90172,3.60704,3.60575,0,10.7928,16.0,8,19.481,0.8953,0.05,1,0.0,0.9317,0.6114,1,22.677,0.1177,0.2215,1,14,1,154
task_env_weather_114555,hat,8,56,1000.0,0.487054,1.0,0.999525,0,0.46351,0.86351,0.24726,0.06023,0.09186,3.55821,72.2706,0.9225,3.58943,3.60575,1,17.6675,16.0,8,25.822,0.7597,0.1531,2,0.55,1.1117,0.6286,2,22.26,0.2715,0.3561,2,11,1,0
task_env_weather_114555,hat,8,57,0.985128,0.975937,1.0,1.0,0,0.92876,0.92058,0.20283,0.0087,0.02962,3.53151,38.6672,0.89991,3.62626,3.60575,0,10.2795,16.0,16,23.365,0.8716,0.2671,2,1.974,0.9114,0.5382,2,20.938,0.3092,0.2849,0,14,1,41
task_env_weather_114555,hat,8,58,0.974178,0.993412,0.388767,0.963586,0,0.94539,0.76868,0.19313,0.00235,0.01214,3.69092,55.9162,0.90139,3.64337,3.60575,0,14.4049,16.0,16,25.495,0.8433,0.2278,2,0.0,1.0326,0.5967,2,23.771,0.2892,0.3169,1,13,1,0
task_env_weather_114555,hat,8,59,0.552361,0.552298,1.0,0.995359,0,0.5256,0.85417,0.2474,0.05956,0.09018,3.5731,65.2673,0.91408,3.60606,3.60575,0,15.6579,16.0,16,23.56,0.7298,0.2126,2,0.031,0.9733,0.5887,2,25.134,0.3139,0.3922,1,11,1,0
task_env_weather_114555,hat,8,60,0.978325,0.9671,1.0,1.0,0,0.92035,0.93131,0.21522,0.02262,0.06623,3.51553,46.5582,0.94297,3.62188,3.60575,0,10.4383,16.0,8,24.029,0.6583,0.0817,2,1.12,1.0074,0.5693,1,22.097,0.1505,0.389,0,11,1,3
task_env_weather_114555,hat,8,61,0.953827,0.939937,1.0,1.0,0,0.8945,0.89647,0.21354,0.01559,0.05397,3.26307,35.4732,0.90067,3.62168,3.60575,0,9.2355,16.0,8,24.06,0.7772,0.1622,2,0.374,0.9256,0.5095,1,22.844,0.306,0.3951,1,13,1,76
task_env_weather_114555,hat,8,62,0.977676,0.991783,0.246311,0.968772,0,0.94384,0.8453,0.19583,0.00149,0.00731,3.67116,53.3224,0.90296,3.65216,3.60575,0,13.9711,16.0,8,20.023,0.6401,0.3171,2,1.003,0.8415,0.6452,1,20.698,0.3677,0.2771,0,13,1,0
task_env_weather_114555,hat,8,63,0.59602,0.595885,1.0,0.99541,0,0.56708,0.87022,0.24087,0.05153,0.07918,3.57291,53.1641,0.90377,3.61202,3.60575,0,12.3709,16.0,8,23.136,0.8824,0.164,2,0.0,0.8714,0.5387,2,21.622,0.0491,0.1969,1,11,1,0
task_env_weather_114555,hat,8,64,1000.0,0.927012,1.0,1.0,0,0.8822,0.90219,0.21991,0.02841,0.06829,3.07041,79.46,0.94896,3.73361,3.60575,1,18.7837,16.0,8,23.584,0.8021,0.1945,1,0.0,0.8935,0.6699,2,25.691,0.1631,0.3206,1,12,1,79
task_env_weather_114555,hat,9,65,0.556332,0.55627,1.0,1.0,0,0.52938,0.88127,0.2482,0.05951,0.09111,3.54818,62.8959,0.91335,3.62744,3.60575,0,14.7229,16.0,16,23.104,0.7022,0.2014,2,0.0,1.1472,0.5146,2,25.393,0.2164,0.3794,3,11,1,0
task_env_weather_114555,hat,9,66,0.81763,0.813274,1.0,1.0,0,0.77396,0.89444,0.22255,0.03404,0.07668,3.4308,49.9839,0.92864,3.51391,3.60575,0,11.7182,16.0,16,22.732,0.6613,0.2534,1,1.469,0.8991,0.5752,2,25.171,0.2695,0.4649,2,11,1,0
task_env_weather_114555,hat,9,67,0.98647,0.993243,0.917808,0.981152,0,0.94523,0.82759,0.19409,0.00556,0.02535,3.62484,53.8682,0.8995,3.65257,3.60575,0,13.7316,16.0,8,24.35,0.7203,0.2128,2,0.0,0.9008,0.5734,1,25.89,0.4172,0.3986,1,10,1,0
task_env_weather_114555,hat,9,68,0.816696,0.811109,1.0,0.979804,0,0.7719,0.89218,0.23652,0.03705,0.06312,3.62982,41.9374,0.91327,3.5759,3.60575,0,9.5434,16.0,16,24.951,0.6187,0.1518,2,0.0,1.0113,0.5646,2,24.914,0.2593,0.3663,1,12,1,44
task_env_weather_114555,hat,9,69,0.978996,0.993916,0.695939,0.969788,0,0.94587,0.84574,0.19612,0.00421,0.01902,3.66731,51.3846,0.90273,3.63333,3.60575,0,12.9582,16.0,16,23.713,0.7346,0.224,2,0.102,0.926,0.5606,2,24.775,0.2998,0.373,0,10,1,0
task_env_weather_114555,hat,9,70,1000.0,0.5449,1.0,1.0,0,0.51856,0.86111,0.25009,0.06161,0.09269,3.53821,67.043,0.91392,3.61409,3.60575,1,16.2607,16.0,16,24.308,0.6701,0.2243,2,0.457,0.9449,0.6298,2,24.458,0.2687,0.3582,1,11,1,0
task_env_weather_114555,hat,9,71,0.819438,0.814976,1.0,1.0,0,0.77558,0.87564,0.23892,0.04739,0.08469,3.49671,47.738,0.9051,3.57668,3.60575,0,11.718,16.0,16,23.536,0.7776,0.188,1,0.0,0.9348,0.6356,2,24.145,0.3585,0.3799,1,11,1,0
task_env_weather_114555,hat,9,72,0.846047,0.838009,1.0,0.977873,0,0.7975,0.87025,0.23279,0.03775,0.07149,3.63699,43.4939,0.92515,3.58653,3.60575,0,10.5123,16.0,16,21.928,0.7946,0.2088,2,0.0,1.0045,0.6459,2,26.479,0.323,0.4346,2,12,1,14
task_env_weather_114555,hat,9,73,0.988926,0.981306,1.0,1.0,0,0.93387,0.86924,0.20128,0.00694,0.02855,3.54883,40.6597,0.89549,3.62387,3.60575,0,11.2602,16.0,16,24.053,0.7903,0.2512,1,0.0,1.0258,0.6006,2,24.466,0.126,0.3282,0,10,1,41
task_env_weather_114555,hat,10,74,0.531189,0.531146,1.0,0.995495,0,0.50547,0.85536,0.24417,0.05622,0.0861,3.57261,66.3245,0.91495,3.60871,3.60575,0,15.8839,16.0,16,24.507,0.734,0.2112,2,0.936,1.0252,0.5831,2,25.931,0.2745,0.3999,1,11,1,0
task_env_weather_114555,hat,10,75,0.738356,0.735284,1.0,0.945942,0,0.69974,0.86419,0.25471,0.06355,0.08942,3.75976,50.3201,0.94476,3.50514,3.60575,0,11.1438,16.0,16,22.755,0.701,0.181,2,0.0,0.9988,0.5814,2,24.422,0.2544,0.3672,1,11,1,36
task_env_weather_114555,hat,10,76,0.558698,0.558624,1.0,0.99224,0,0.53162,0.87295,0.24872,0.06059,0.09231,3.58433,63.9593,0.91393,3.61044,3.60575,0,15.3917,16.0,16,23.248,0.7116,0.1904,2,0.062,0.8978,0.5957,2,24.394,0.4076,0.4008,1,11,1,0
task_env_weather_114555,hat,10,77,0.928528,1.0,1.0,0.915373,0,0.95305,0.88973,0.20562,0.0086,0.03721,3.88532,43.2184,0.90674,3.62798,3.60575,0,11.7517,16.0,16,22.432,0.7883,0.2769,2,0.469,1.0401,0.6005,2,24.701,0.3072,0.3993,2,10,1,3
task_env_weather_114555,hat,10,78,1000.0,0.521216,1.0,1.0,0,0.49602,0.84814,0.24687,0.06112,0.09351,3.53548,69.4921,0.92159,3.59669,3.60575,1,16.7301,16.0,16,21.325,0.6804,0.1772,2,1.498,1.092,0.5802,1,24.442,0.286,0.4021,2,11,1,0
task_env_weather_114555,hat,10,79,0.579076,0.578957,1.0,0.985786,0,0.55097,0.87387,0.246,0.05844,0.088,3.6078,62.5463,0.91298,3.60903,3.60575,0,14.7696,16.0,16,22.378,0.7061,0.2094,2,1.651,0.9595,0.557,1,24.204,0.2304,0.3874,1,11,1,0
task_env_weather_114555,hat,10,80,0.581964,0.581815,1.0,0.975833,0,0.55369,0.88144,0.2458,0.05828,0.09142,3.6446,65.427,0.90456,3.63107,3.60575,0,15.6829,16.0,16,24.13,0.7071,0.1924,2,2.023,0.9343,0.6222,2,26.294,0.3351,0.3449,1,12,1,0
task_env_weather_114555,hat,10,81,0.783112,0.780426,1.0,1.0,0,0.7427,0.87644,0.2409,0.04221,0.07773,3.52172,43.9637,0.91533,3.60804,3.60575,0,10.5912,16.0,16,22.98,0.6756,0.2042,2,0.192,0.9497,0.5721,2,26.089,0.4111,0.4459,1,12,1,2
task_env_weather_114555,hat,10,82,0.985437,0.978553,1.0,0.995002,0,0.93125,0.77945,0.19388,0.00663,0.03169,3.57438,58.4402,0.90339,3.64144,3.60575,0,15.1105,16.0,16,24.742,0.7268,0.1709,2,0.492,0.9791,0.5999,2,24.714,0.3323,0.3943,2,10,1,0
task_env_weather_114555,hat,11,83,0.531035,0.530967,1.0,0.969898,0,0.5053,0.85081,0.24467,0.05678,0.08649,3.6669,65.6934,0.91501,3.60756,3.60575,0,15.7023,16.0,16,24.263,0.7645,0.2055,2,0.0,1.0112,0.5764,2,25.609,0.3028,0.4121,1,11,1,0
task_env_weather_114555,hat,11,84,0.545677,0.545626,1.0,1.0,0,0.51925,0.84892,0.24873,0.0577,0.08897,3.50091,64.8621,0.9193,3.59112,3.60575,0,15.3594,16.0,16,24.917,0.7306,0.249,2,0.654,1.0148,0.5684,2,26.004,0.2959,0.4323,0,11,1,0
task_env_weather_114555,hat,11,85,0.663305,0.662726,1.0,0.977608,0,0.63069,0.87753,0.24421,0.04936,0.06759,3.63798,52.9728,0.91089,3.60137,3.60575,0,12.4953,16.0,16,25.346,0.7281,0.1693,2,1.059,1.0246,0.5819,2,27.346,0.2216,0.4114,1,11,1,10
task_env_weather_114555,hat,11,86,0.563854,0.563773,1.0,0.992242,0,0.53652,0.88299,0.24641,0.05927,0.09234,3.58432,66.2631,0.90446,3.61968,3.60575,0,15.7425,16.0,16,24.606,0.7497,0.2087,2,1.556,1.0469,0.582,2,25.173,0.2942,0.3913,1,12,1,0
task_env_weather_114555,hat,11,87,0.529831,0.52978,1.0,0.984027,0,0.50417,0.88268,0.24385,0.05646,0.08611,3.61425,65.6044,0.91594,3.57572,3.60575,0,15.6109,16.0,16,24.303,0.7969,0.2361,2,0.0,1.0086,0.5637,2,25.026,0.2289,0.4546,1,11,1,0
task_env_weather_114555,hat,11,88,0.689204,0.687735,1.0,0.945888,0,0.65449,0.93378,0.25104,0.05837,0.08152,3.75998,57.6511,0.96316,3.57967,3.60575,0,11.042,16.0,16,24.4,0.7237,0.2527,2,2.104,0.9945,0.5757,2,25.837,0.3022,0.4087,1,11,1,53
task_env_weather_114555,hat,11,89,0.751019,0.748145,1.0,0.963237,0,0.71198,0.87486,0.24306,0.05748,0.07967,3.69226,50.0634,0.91009,3.61412,3.60575,0,12.3883,16.0,16,24.891,0.7374,0.207,2,0.724,1.069,0.6245,2,27.101,0.2949,0.4352,1,11,1,24
task_env_weather_114555,hat,11,90,0.570695,0.570582,1.0,0.980191,0,0.543,0.8849,0.24605,0.05895,0.09207,3.62839,64.4435,0.90439,3.6423,3.60575,0,15.2377,16.0,16,24.739,0.7904,0.2087,2,1.091,1.0193,0.5771,2,23.862,0.2735,0.3523,1,12,1,0
task_env_weather_114555,hat,11,91,1000.0,0.51676,1.0,1.0,0,0.49178,0.86096,0.2443,0.05619,0.08615,3.53999,68.5378,0.91633,3.61046,3.60575,1,16.5648,16.0,16,23.825,0.8126,0.2469,2,0.233,1.023,0.6119,2,26.757,0.2193,0.4004,1,11,1,0
task_env_weather_114555,hat,12,92,0.974164,0.988788,1.0,0.965065,0,0.94099,0.86076,0.20184,0.00636,0.02758,3.68526,40.7059,0.90355,3.62103,3.60575,0,10.713,16.0,16,22.925,0.8674,0.2621,1,1.108,0.9858,0.578,2,25.206,0.204,0.4657,0,10,1,23
task_env_weather_114555,hat,12,93,0.759976,0.758075,1.0,1.0,0,0.72143,0.85618,0.2368,0.04947,0.08879,3.29589,60.9587,0.89096,3.60574,3.60575,0,14.9796,16.0,16,24.989,0.79,0.2435,2,0.718,0.9764,0.5684,2,25.084,0.2816,0.4588,1,12,1,43
task_env_weather_114555,hat,12,94,0.548683,0.54862,1.0,0.991731,0,0.5221,0.83263,0.24828,0.05884,0.09144,3.58617,67.6694,0.90817,3.60685,3.60575,0,15.8741,16.0,16,24.329,0.7746,0.2499,2,1.753,1.1173,0.5652,1,23.785,0.2324,0.4533,0,12,1,0
task_env_weather_114555,hat,12,95,0.739063,0.736975,1.0,0.972907,0,0.70135,0.85265,0.2647,0.06869,0.10755,3.65556,41.2209,0.92729,3.59237,3.60575,0,9.3396,16.0,16,22.631,0.7792,0.2064,2,2.63,1.0076,0.5313,1,24.361,0.2334,0.416,1,11,1,51
task_env_weather_114555,hat,12,96,1000.0,0.521646,1.0,0.99242,0,0.49643,0.84479,0.24652,0.05941,0.09252,3.58368,68.6976,0.90383,3.57311,3.60575,1,16.4781,16.0,16,23.227,0.7351,0.2446,2,0.0,1.0268,0.6042,2,24.832,0.2304,0.4541,1,12,1,0
task_env_weather_114555,hat,12,97,0.555379,0.555303,1.0,0.987848,0,0.52846,0.88156,0.24396,0.05618,0.08731,3.60027,66.0062,0.91734,3.57727,3.60575,0,15.6165,16.0,16,24.326,0.6979,0.211,2,0.25,1.0573,0.5458,2,26.638,0.2341,0.4868,1,11,1,0
task_env_weather_114555,hat,12,98,0.676187,0.675693,1.0,1.0,0,0.64303,0.8711,0.25384,0.06312,0.09376,3.39107,62.4148,0.90346,3.61778,3.60575,0,14.7501,16.0,16,22.825,0.8705,0.2823,2,0.0,0.9597,0.5601,2,27.065,0.1385,0.4469,2,12,1,35
task_env_weather_114555,hat,12,99,0.799331,0.795694,1.0,0.994936,0,0.75723,0.83072,0.23991,0.04426,0.06785,3.57462,48.645,0.92707,3.54218,3.60575,0,10.9323,16.0,16,26.532,0.8587,0.2718,2,0.786,0.9474,0.5258,2,24.202,0.3105,0.4367,2,11,1,6
task_env_weather_114555,hat,12,100,0.781941,0.779301,1.0,1.0,0,0.74163,0.86787,0.2405,0.04678,0.07209,3.46276,52.3065,0.91373,3.64475,3.60575,0,12.9084,16.0,16,24.931,0.81,0.2767,1,0.0,0.9644,0.6158,2,25.057,0.2455,0.41,1,11,1,7
task_env_weather_114555,hat,13,101,1000.0,0.532795,1.0,1.0,0,0.50704,0.78638,0.24687,0.06154,0.09472,3.4488,70.1746,0.92432,3.56183,3.60575,1,17.0908,16.0,16,23.077,0.7703,0.2309,2,0.0,1.0142,0.5937,2,25.079,0.2273,0.4703,2,11,1,0
task_env_weather_114555,hat,13,102,0.540745,0.540676,1.0,0.978413,0,0.51454,0.87486,0.24407,0.05692,0.08675,3.63498,65.9773,0.91492,3.61096,3.60575,0,15.7734,16.0,16,24.336,0.814,0.2619,2,0.0,1.0143,0.5763,2,25.4,0.2703,0.4199,1,11,1,0
task_env_weather_114555,hat,13,103,0.56558,0.565507,1.0,1.0,0,0.53817,0.86275,0.24743,0.06064,0.09348,3.52522,65.6651,0.90402,3.62437,3.60575,0,15.4864,16.0,16,22.985,0.8788,0.2237,2,0.0,0.9914,0.5744,1,26.042,0.1978,0.4263,1,12,1,0
task_env_weather_114555,hat,13,104,0.642061,0.641448,1.0,0.952878,0,0.61044,0.84732,0.25649,0.06674,0.09934,3.73239,45.5359,0.93218,3.62594,3.60575,0,10.8434,16.0,16,23.551,0.7628,0.2194,2,0.738,0.9985,0.5763,2,24.949,0.2628,0.4444,1,11,1,48
task_env_weather_114555,hat,13,105,0.833181,0.827848,1.0,1.0,0,0.78783,0.91154,0.23939,0.04416,0.08655,3.53008,46.7576,0.90053,3.56928,3.60575,0,11.1469,16.0,16,24.256,0.7909,0.271,1,0.0,0.986,0.5502,2,25.154,0.249,0.4467,1,12,1,0
task_env_weather_114555,hat,13,106,0.562149,0.56207,1.0,0.992317,0,0.5349,0.85013,0.24822,0.06137,0.09535,3.58405,66.8122,0.90329,3.62612,3.60575,0,15.8695,16.0,16,24.754,0.8057,0.2451,2,0.321,1.0078,0.5807,2,25.704,0.1825,0.4542,1,12,1,0
task_env_weather_114555,hat,13,107,0.943219,1.0,0.424201,0.929387,0,0.96287,0.89059,0.19509,0.00257,0.01338,3.82673,68.5669,0.93209,3.58355,3.60575,0,15.6631,16.0,16,23.92,0.7889,0.2496,2,0.222,0.9574,0.5589,2,23.962,0.24,0.4561,0,11,1,55
task_env_weather_114555,hat,13,108,0.700031,0.699126,1.0,0.987076,0,0.66533,0.88034,0.24502,0.0494,0.06994,3.60308,50.107,0.92169,3.60891,3.60575,0,11.1599,16.0,16,25.4,0.7334,0.1885,2,0.0,1.0341,0.5911,2,26.295,0.2713,0.4269,1,11,1,6
task_env_weather_114555,hat,13,109,0.681773,0.681231,1.0,1.0,0,0.6483,0.87861,0.24939,0.05717,0.0857,3.47574,44.4569,0.90914,3.63028,3.60575,0,10.5864,16.0,16,23.436,0.8112,0.2439,2,0.0,1.0239,0.5403,2,24.248,0.1655,0.382,0,11,1,20
task_env_weather_114555,hat,14,110,0.639759,0.639493,1.0,1.0,0,0.60858,0.79421,0.24564,0.0485,0.07177,3.35456,53.555,0.90219,3.55411,3.60575,0,12.202,16.0,16,23.845,0.7538,0.2067,2,0.0,0.989,0.5972,2,24.745,0.2677,0.4803,1,12,1,17
task_env_weather_114555,hat,14,111,0.550888,0.550816,1.0,0.986179,0,0.52419,0.87002,0.24517,0.0574,0.08904,3.60636,66.4286,0.9173,3.58344,3.60575,0,15.6997,16.0,16,25.956,0.7976,0.2093,2,0.0,1.1047,0.5409,2,24.875,0.2262,0.4755,1,11,1,0
task_env_weather_114555,hat,14,112,0.574888,0.574785,1.0,0.98959,0,0.547,0.8747,0.24715,0.06046,0.09398,3.59393,65.0354,0.90347,3.62128,3.60575,0,15.3184,16.0,16,23.056,0.8643,0.2463,2,0.193,1.016,0.5602,2,24.827,0.1793,0.4268,1,12,1,0
task_env_weather_114555,hat,14,113,0.816336,0.812055,1.0,1.0,0,0.7728,0.86818,0.24467,0.05128,0.08249,3.44042,53.1451,0.91317,3.60518,3.60575,0,12.2444,16.0,16,25.075,0.8101,0.2136,2,1.742,0.9806,0.5371,2,25.69,0.2397,0.449,1,11,1,39
task_env_weather_114555,hat,14,114,0.811779,0.807452,1.0,0.994654,0,0.76842,0.90544,0.24858,0.05492,0.08144,3.57563,41.6905,0.92695,3.60531,3.60575,0,9.6777,16.0,16,23.279,0.7759,0.2192,2,0.295,1.0089,0.5867,2,25.545,0.2476,0.4439,1,12,1,7
task_env_weather_114555,hat,14,115,0.863029,0.855211,1.0,0.997434,0,0.81387,0.90311,0.25688,0.06932,0.09708,3.56566,50.1243,0.93792,3.5959,3.60575,0,11.5035,16.0,16,25.039,0.7805,0.275,2,0.0,1.0483,0.5814,2,24.824,0.1946,0.4331,0,11,1,23
task_env_weather_114555,hat,14,116,0.541355,0.541307,1.0,1.0,0,0.51514,0.88345,0.24302,0.05474,0.08417,3.54259,65.5062,0.91673,3.57858,3.60575,0,15.6072,16.0,16,23.872,0.7467,0.1715,2,0.207,0.9761,0.5708,2,24.948,0.2343,0.4621,1,11,1,0
task_env_weather_114555,hat,14,117,0.592956,0.592838,1.0,1.0,0,0.56418,0.81972,0.24892,0.06139,0.09659,3.55018,63.5837,0.903,3.61352,3.60575,0,14.8376,16.0,16,24.099,0.8425,0.2295,2,0.0,0.9794,0.5401,2,24.876,0.2027,0.4522,1,12,1,0
task_env_weather_114555,hat,14,118,1000.0,0.531345,1.0,1.0,0,0.50566,0.81534,0.24481,0.05942,0.09175,3.54298,67.9983,0.92275,3.56833,3.60575,1,16.4372,16.0,16,24.616,0.7485,0.2263,2,0.0,1.0083,0.5637,2,25.978,0.2851,0.4927,2,11,1,0
task_env_weather_114555,hat,15,119,1000.0,0.536505,1.0,0.965264,0,0.51057,0.84835,0.2472,0.06043,0.09437,3.6845,67.6437,0.90359,3.60557,3.60575,1,16.14,16.0,16,23.951,0.8302,0.2514,2,0.101,1.0283,0.5893,2,24.446,0.226,0.4489,1,12,1,0
task_env_weather_114555,hat,15,120,0.69872,0.697938,1.0,0.994731,0,0.6642,0.84402,0.24019,0.05002,0.07717,3.57535,57.9327,0.91526,3.58954,3.60575,0,13.3951,16.0,16,23.253,0.7801,0.2206,2,0.0,1.0386,0.5525,2,24.577,0.2452,0.4477,1,11,1,4
task_env_weather_114555,hat,15,121,0.541112,0.541065,1.0,1.0,0,0.51491,0.83353,0.25315,0.06379,0.09711,3.49987,56.3705,0.90401,3.58471,3.60575,0,13.1185,16.0,16,24.552,0.8232,0.2535,2,0.321,1.0454,0.5566,2,24.879,0.2592,0.447,1,11,1,16
task_env_weather_114555,hat,15,122,0.527446,0.52731,1.0,0.926373,0,0.50182,0.88818,0.25218,0.06108,0.0847,3.83918,55.9853,0.91032,3.59759,3.60575,0,13.0799,16.0,16,24.411,0.8171,0.2713,2,0.046,0.9979,0.5753,2,24.52,0.2693,0.4576,1,11,1,19
task_env_weather_114555,hat,15,123,0.516079,0.516046,1.0,0.994384,0,0.4911,0.87954,0.2436,0.05577,0.08527,3.5766,66.6082,0.91658,3.59379,3.60575,0,15.8915,16.0,16,23.543,0.7913,0.2132,2,0.062,1.013,0.5752,2,25.148,0.2277,0.452,1,11,1,0
task_env_weather_114555,hat,15,124,0.991049,0.9847,1.0,0.999603,0,0.9371,0.89661,0.21366,0.01862,0.05587,3.55793,43.701,0.94636,3.67228,3.60575,0,9.5564,16.0,16,24.628,0.8095,0.2118,2,0.278,1.0037,0.5272,2,25.748,0.2283,0.477,1,11,1,38
task_env_weather_114555,hat,15,125,0.653236,0.652901,1.0,1.0,0,0.62134,0.87817,0.25167,0.05987,0.08893,3.45416,48.0776,0.90656,3.59835,3.60575,0,11.5665,16.0,16,24.937,0.8412,0.2488,2,0.0,1.0127,0.5564,2,25.858,0.2283,0.4463,1,11,1,20
task_env_weather_114555,hat,15,126,0.547424,0.547338,1.0,0.972321,0,0.52088,0.86269,0.24376,0.05674,0.08638,3.65776,63.7683,0.91443,3.5853,3.60575,0,15.1027,16.0,16,24.256,0.8044,0.2527,2,0.0,1.0006,0.5483,2,24.643,0.233,0.435,1,11,1,0
task_env_weather_114555,hat,15,127,1000.0,0.522466,1.0,1.0,0,0.49721,0.86476,0.24366,0.05605,0.08552,3.52626,67.0471,0.91682,3.59027,3.60575,1,16.0421,16.0,16,24.296,0.7887,0.2388,2,0.355,1.0035,0.5821,2,24.909,0.2364,0.4595,1,11,1,0
task_env_weather_114555,hat,16,128,1000.0,0.51468,1.0,1.0,0,0.4898,0.87828,0.24626,0.06046,0.09262,3.46762,70.0357,0.92224,3.58162,3.60575,1,17.1365,16.0,16,23.025,0.7487,0.2068,2,1.896,1.0027,0.6121,2,25.463,0.2613,0.4189,2,11,1,0
task_env_weather_114555,hat,16,129,0.978668,0.98532,0.810196,0.973425,0,0.93769,0.77086,0.1922,0.0049,0.02432,3.65361,56.1018,0.90318,3.64254,3.60575,0,14.3616,16.0,16,25.185,0.7324,0.1785,2,0.739,1.0013,0.553,2,23.785,0.1846,0.4752,2,10,1,0
task_env_weather_114555,hat,16,130,1000.0,0.567976,1.0,0.997352,0,0.54052,0.86011,0.24417,0.05674,0.08839,3.56596,67.7524,0.91759,3.57976,3.60575,1,16.1971,16.0,16,23.165,0.7452,0.2605,2,0.0,1.0341,0.5772,2,24.72,0.234,0.4765,1,11,1,0
task_env_weather_114555,hat,16,131,0.931306,0.917985,1.0,1.0,0,0.87361,0.86848,0.23256,0.0451,0.08091,3.3459,54.3199,0.89709,3.61864,3.60575,0,13.7411,16.0,16,23.634,0.8391,0.1768,2,2.301,1.0742,0.5682,2,26.08,0.2192,0.435,1,10,1,32
task_env_weather_114555,hat,16,132,0.819393,0.812969,1.0,0.971051,0,0.77367,0.87108,0.24667,0.05397,0.07538,3.66254,45.5424,0.92061,3.61451,3.60575,0,10.7005,16.0,16,25.484,0.8335,0.2293,2,0.351,1.0658,0.5501,1,25.491,0.2369,0.4347,1,11,1,40
task_env_weather_114555,hat,16,133,0.98079,0.984385,1.0,0.977649,0,0.9368,0.80671,0.19515,0.00657,0.03013,3.63783,58.9084,0.90234,3.6694,3.60575,0,15.1299,16.0,16,24.421,0.7539,0.2141,2,0.0,1.0046,0.6005,2,25.948,0.1997,0.4633,1,10,1,0
task_env_weather_114555,hat,16,134,0.668803,0.668327,1.0,0.994776,0,0.63602,0.88665,0.2472,0.05249,0.0715,3.57519,51.6346,0.91198,3.5854,3.60575,0,12.0697,16.0,16,22.077,0.804,0.187,2,0.691,0.9822,0.5557,2,24.392,0.29,0.4384,1,11,1,10
task_env_weather_114555,hat,16,135,0.980187,0.979552,0.974398,0.980839,0,0.9322,0.7751,0.19284,0.0059,0.02868,3.62599,58.6283,0.90414,3.64643,3.60575,0,15.043,16.0,16,22.518,0.8327,0.202,2,0.316,1.0484,0.5725,2,24.554,0.1761,0.4,2,10,1,0
task_env_weather_114555,hat,16,136,0.949462,1.0,1.0,0.935539,0,0.9565,0.93011,0.20478,0.00687,0.03024,3.80157,40.0455,0.90557,3.62882,3.60575,0,10.5835,16.0,16,22.527,0.7665,0.2283,2,1.218,1.0027,0.5289,2,24.893,0.2608,0.439,2,10,1,3
task_env_weather_114555,hat,17,137,1000.0,0.510371,1.0,0.9902,0,0.4857,0.84765,0.24249,0.05354,0.08194,3.59171,68.765,0.91818,3.59896,3.60575,1,16.5843,16.0,16,24.205,0.7758,0.1714,2,0.598,1.0303,0.6036,2,25.125,0.2359,0.4349,1,11,1,0
task_env_weather_114555,hat,17,138,1000.0,0.517821,1.0,0.997721,0,0.49279,0.86631,0.24342,0.05544,0.085,3.56464,67.6601,0.91681,3.58838,3.60575,1,16.2106,16.0,16,23.43,0.8163,0.215,2,0.654,1.0377,0.5864,2,24.927,0.197,0.4337,1,11,1,0
task_env_weather_114555,hat,17,139,0.523701,0.523664,1.0,0.995756,0,0.49835,0.88502,0.2435,0.05566,0.08494,3.57167,66.0485,0.91594,3.58543,3.60575,0,15.7358,16.0,16,24.116,0.7814,0.208,2,0.428,1.0207,0.5699,2,25.256,0.1994,0.4381,1,11,1,0
task_env_weather_114555,hat,17,140,0.986945,0.978459,1.0,1.0,0,0.93116,0.79314,0.19482,0.00651,0.03098,3.50787,59.2995,0.90237,3.64076,3.60575,0,15.0488,16.0,16,24.061,0.803,0.2594,2,0.609,1.1063,0.5782,2,25.222,0.234,0.4143,1,10,1,0
task_env_weather_114555,hat,17,141,0.995232,0.991541,1.0,0.999566,0,0.94361,0.87165,0.20214,0.00612,0.02408,3.55806,41.5763,0.89998,3.61594,3.60575,0,11.1475,16.0,16,24.286,0.7673,0.1822,2,0.109,0.9809,0.5921,2,23.781,0.2436,0.4713,1,10,1,2
task_env_weather_114555,hat,17,142,0.963084,0.976588,0.697756,0.954417,0,0.92938,0.80881,0.1912,0.00422,0.02099,3.72637,56.9444,0.90384,3.63183,3.60575,0,14.5907,16.0,16,23.932,0.7721,0.2193,2,0.0,1.0191,0.5569,2,24.603,0.2142,0.4487,2,10,1,0
task_env_weather_114555,hat,17,143,0.986367,0.985888,1.0,0.986855,0,0.93823,0.87681,0.21121,0.02057,0.05613,3.60389,40.6109,0.89609,3.62512,3.60575,0,11.1573,16.0,16,22.789,0.8097,0.2188,2,0.0,0.9679,0.6013,2,25.109,0.2556,0.4573,1,10,1,1
task_env_weather_114555,hat,17,144,0.990783,0.98408,1.0,1.0,0,0.93651,0.88783,0.20615,0.01003,0.03018,3.55106,37.703,0.89664,3.64587,3.60575,0,10.6701,16.0,16,23.417,0.7958,0.1991,2,0.106,1.0215,0.569,2,24.244,0.1925,0.4418,1,10,1,18
task_env_weather_114555,hat,17,145,0.68453,0.683963,1.0,1.0,0,0.6509,0.86323,0.24355,0.05375,0.08412,3.52248,60.5516,0.91824,3.57439,3.60575,0,14.0457,16.0,16,24.825,0.7781,0.2123,2,0.0,1.0029,0.591,1,25.098,0.2307,0.4435,1,11,1,4
task_env_weather_114555,hat,18,146,0.538131,0.538081,1.0,0.994275,0,0.51207,0.8863,0.24292,0.05509,0.08433,3.577,65.6025,0.91628,3.58791,3.60575,0,15.6764,16.0,16,23.336,0.8329,0.2034,2,0.338,0.9598,0.5787,2,25.516,0.2515,0.4565,1,11,1,0
task_env_weather_114555,hat,18,147,0.518852,0.518809,1.0,0.982895,0,0.49373,0.85476,0.24349,0.05583,0.08504,3.61841,65.8008,0.91636,3.56574,3.60575,0,15.6678,16.0,16,23.242,0.7736,0.217,2,0.0,1.006,0.5659,2,25.238,0.2437,0.4595,1,11,1,0
task_env_weather_114555,hat,18,148,0.534224,0.534182,1.0,1.0,0,0.50836,0.85379,0.24529,0.05443,0.08434,3.53958,65.146,0.91941,3.58563,3.60575,0,15.4021,16.0,16,23.248,0.7952,0.2068,2,0.0,1.0276,0.5633,2,24.275,0.2311,0.4434,0,11,1,0
task_env_weather_114555,hat,18,149,0.722778,0.721319,1.0,0.979904,0,0.68645,0.88782,0.25759,0.06895,0.10217,3.62945,46.8749,0.92939,3.62757,3.60575,0,11.0028,16.0,16,23.759,0.7817,0.2154,2,0.0,1.0079,0.5824,2,26.052,0.2373,0.4392,1,11,1,2
task_env_weather_114555,hat,18,150,0.685145,0.684572,1.0,1.0,0,0.65148,0.86074,0.23634,0.04907,0.08736,3.51561,50.2364,0.91625,3.60257,3.60575,0,11.7327,16.0,16,23.122,0.77,0.2078,2,0.0,0.9794,0.5736,2,25.849,0.2215,0.4721,1,11,1,12
task_env_weather_114555,hat,18,151,0.979382,0.989807,1.0,0.97207,0,0.94196,0.8483,0.19432,0.00615,0.0297,3.6587,55.5451,0.90105,3.66832,3.60575,0,14.1134,16.0,16,23.219,0.7839,0.2099,2,0.0,1.0072,0.5626,2,24.654,0.2218,0.44,1,10,1,0
task_env_weather_114555,hat,18,152,0.648503,0.648194,1.0,1.0,0,0.61686,0.87601,0.24418,0.0537,0.0764,3.53475,58.0695,0.91597,3.58918,3.60575,0,13.4708,16.0,16,23.235,0.7898,0.2065,2,0.0,0.9852,0.5643,2,25.754,0.2356,0.462,1,11,1,4
task_env_weather_114555,hat,18,153,0.539667,0.539604,1.0,0.982423,0,0.51352,0.85662,0.24464,0.0568,0.08683,3.62015,65.3319,0.91559,3.58789,3.60575,0,15.5392,16.0,16,23.503,0.7825,0.1982,2,0.672,1.0109,0.5648,2,24.891,0.2052,0.4357,1,11,1,0
task_env_weather_114555,hat,18,154,1000.0,0.551037,1.0,1.0,0,0.5244,0.82342,0.24394,0.05587,0.08754,3.54819,67.9717,0.91828,3.57412,3.60575,1,16.2651,16.0,16,23.447,0.8108,0.2091,2,0.0,1.0328,0.5806,2,25.015,0.2475,0.4774,1,11,1,0
task_env_weather_114555,hat,19,155,0.726069,0.72404,1.0,0.961787,0,0.68904,0.87707,0.25149,0.06143,0.08992,3.69782,44.087,0.94806,3.64303,3.60575,0,10.0773,16.0,16,24.153,0.7926,0.2038,2,0.0,1.0276,0.5649,2,25.113,0.2187,0.4569,1,11,1,7
task_env_weather_114555,hat,19,156,0.711708,0.710821,1.0,1.0,0,0.67646,0.89524,0.24668,0.05148,0.07578,3.5319,49.3221,0.91212,3.54992,3.60575,0,11.1376,16.0,16,23.93,0.7963,0.2101,2,0.0,1.0091,0.5671,2,25.052,0.2166,0.4565,1,11,1,17
task_env_weather_114555,hat,19,157,0.529635,0.52959,1.0,0.990811,0,0.50399,0.88294,0.24355,0.0558,0.08506,3.5895,65.6727,0.91601,3.58268,3.60575,0,15.6333,16.0,16,23.086,0.8249,0.2054,2,0.223,1.0032,0.5682,2,25.323,0.2075,0.4467,1,11,1,0
task_env_weather_114555,hat,19,158,0.720449,0.718734,1.0,0.967195,0,0.68399,0.88923,0.25188,0.06179,0.09025,3.67715,44.0674,0.94673,3.64494,3.60575,0,10.1193,16.0,16,23.769,0.7869,0.2178,2,0.038,1.0133,0.5713,2,25.712,0.2386,0.4503,1,11,1,7
task_env_weather_114555,hat,19,159,0.773783,0.7712,1.0,0.993323,0,0.73392,0.79695,0.25556,0.0622,0.08757,3.58042,48.2751,0.91662,3.58788,3.60575,0,11.3092,16.0,16,24.287,0.8151,0.219,2,0.0,1.0124,0.5728,2,24.706,0.2665,0.4816,1,11,1,11
task_env_weather_114555,hat,19,160,0.527489,0.527447,1.0,0.992928,0,0.50195,0.85882,0.24298,0.05516,0.08428,3.58185,66.5102,0.91636,3.58974,3.60575,0,15.8594,16.0,16,23.161,0.787,0.2117,2,0.628,1.0302,0.5712,2,25.406,0.2438,0.4445,1,11,1,0
task_env_weather_114555,hat,19,161,0.695941,0.695059,1.0,0.984596,0,0.66146,0.88812,0.24984,0.05982,0.08132,3.61216,48.1678,0.92038,3.61191,3.60575,0,10.8139,16.0,16,23.771,0.7756,0.2251,2,0.0,1.0027,0.5812,2,25.452,0.2109,0.4436,1,11,1,1
task_env_weather_114555,hat,19,162,0.534693,0.534634,1.0,0.980798,0,0.50879,0.86487,0.2432,0.05543,0.08453,3.62614,65.6507,0.916,3.57804,3.60575,0,15.643,16.0,16,23.565,0.7938,0.2073,2,0.369,0.9986,0.5696,2,25.084,0.2137,0.4469,1,11,1,0
task_env_weather_114555,hat,19,163,0.683406,0.68267,1.0,0.983131,0,0.64967,0.85849,0.24907,0.05926,0.07971,3.61754,49.4507,0.92219,3.62278,3.60575,0,11.1295,16.0,16,23.152,0.7827,0.221,2,0.374,1.0374,0.5927,2,24.967,0.2251,0.456,1,11,1,1
task_env_weather_114555,hat,20,164,0.692154,0.691308,1.0,0.983339,0,0.65789,0.85605,0.2455,0.04949,0.06972,3.61677,50.28,0.92385,3.64084,3.60575,0,11.156,16.0,16,23.727,0.7738,0.1962,2,0.113,1.0107,0.5798,2,24.83,0.2396,0.4628,1,11,1,6
task_env_weather_114555,hat,20,165,0.9866,0.977975,1.0,1.0,0,0.9307,0.90324,0.21224,0.02121,0.06593,3.48147,52.0193,0.94949,3.6296,3.60575,0,11.1974,16.0,16,23.578,0.7827,0.2111,2,0.178,1.0314,0.5788,2,24.819,0.229,0.449,1,11,1,3
task_env_weather_114555,hat,20,166,0.521389,0.521352,1.0,0.994629,0,0.49615,0.86542,0.24367,0.05586,0.08515,3.57572,66.8905,0.91721,3.58504,3.60575,0,15.9548,16.0,16,23.776,0.793,0.2183,2,0.0,1.0064,0.5757,2,24.87,0.2153,0.4701,1,11,1,0
task_env_weather_114555,hat,20,167,1000.0,0.525398,1.0,0.995645,0,0.5,0.83039,0.24402,0.05593,0.0863,3.57207,67.7802,0.91777,3.59405,3.60575,1,16.2194,16.0,16,23.391,0.787,0.2077,2,0.048,1.0359,0.5811,2,25.219,0.2209,0.4623,1,11,1,0
task_env_weather_114555,hat,20,168,0.990728,0.990932,1.0,0.990526,0,0.94303,0.80494,0.19478,0.0065,0.0316,3.59053,57.4054,0.90176,3.63666,3.60575,0,14.6253,16.0,16,23.887,0.7914,0.2066,2,0.052,1.0353,0.5755,2,25.19,0.2254,0.4416,1,10,1,0
task_env_weather_114555,hat,20,169,0.682828,0.681966,1.0,0.972915,0,0.649,0.87544,0.25131,0.06123,0.08275,3.65552,48.273,0.92096,3.63035,3.60575,0,10.8008,16.0,16,24.011,0.8017,0.2196,2,0.0,1.0264,0.5755,2,25.496,0.2097,0.4493,1,11,1,1
task_env_weather_114555,hat,20,170,0.777954,0.775182,1.0,0.992668,0,0.73771,0.89512,0.25472,0.0611,0.08575,3.58278,48.311,0.91604,3.58504,3.60575,0,11.3206,16.0,16,23.586,0.7821,0.2081,2,0.0,1.0162,0.5786,2,25.391,0.2426,0.4675,1,11,1,11
task_env_weather_114555,hat,20,171,0.843775,0.837694,1.0,1.0,0,0.7972,0.8792,0.24777,0.04905,0.07784,3.43254,55.9121,0.91972,3.54919,3.60575,0,11.7595,16.0,16,23.014,0.8014,0.2197,2,0.112,1.0208,0.572,2,25.105,0.2146,0.443,1,11,1,13
task_env_weather_114555,hat,20,172,0.829379,0.818675,1.0,0.931402,0,0.7791,0.90412,0.24319,0.04867,0.06885,3.81846,42.7207,0.91852,3.61489,3.60575,0,9.8953,16.0,16,24.212,0.7898,0.2117,2,0.525,0.9931,0.5777,2,25.114,0.218,0.4568,1,11,1,18
task_env_weather_114555,hat,21,173,0.728725,0.726425,1.0,0.956102,0,0.69131,0.8732,0.25047,0.06076,0.08789,3.71981,44.7544,0.94963,3.65133,3.60575,0,10.2894,16.0,16,23.634,0.7982,0.212,2,0.053,1.0174,0.5799,2,24.954,0.2154,0.4589,1,11,1,7
task_env_weather_114555,hat,21,174,0.886043,0.875323,1.0,0.98789,0,0.83301,0.85064,0.24122,0.05323,0.08836,3.60011,45.7199,0.93133,3.62835,3.60575,0,10.2619,16.0,16,23.33,0.8058,0.2192,2,0.0,1.0205,0.5746,2,25.188,0.2354,0.4537,1,11,1,5
task_env_weather_114555,hat,21,175,0.528267,0.528224,1.0,0.992686,0,0.50269,0.86613,0.24293,0.05506,0.08392,3.58272,66.7697,0.91679,3.61185,3.60575,0,15.9438,16.0,16,23.975,0.791,0.2129,2,0.0,1.0036,0.5789,2,25.479,0.2144,0.4562,1,11,1,0
task_env_weather_114555,hat,21,176,0.709165,0.708289,1.0,0.998271,0,0.67405,0.8652,0.23998,0.04978,0.07734,3.56267,58.8608,0.91608,3.58417,3.60575,0,13.7039,16.0,16,23.867,0.7982,0.215,2,0.404,1.002,0.5736,2,25.091,0.2456,0.4569,1,11,1,4
task_env_weather_114555,hat,21,177,0.51888,0.518841,1.0,0.989043,0,0.49376,0.87934,0.24364,0.05599,0.08573,3.59591,65.9128,0.91612,3.5668,3.60575,0,15.6969,16.0,16,23.535,0.7849,0.2191,2,0.0,1.0177,0.5662,2,25.243,0.2377,0.45,1,11,1,0
task_env_weather_114555,hat,21,178,1000.0,0.522466,1.0,1.0,0,0.49721,0.84256,0.24318,0.05514,0.08461,3.55062,67.2001,0.91701,3.59549,3.60575,1,16.0508,16.0,16,23.561,0.7756,0.2044,2,0.0,1.0365,0.5768,2,24.859,0.2229,0.449,1,11,1,0
task_env_weather_114555,hat,21,179,0.69856,0.697844,1.0,1.0,0,0.66411,0.86302,0.24061,0.05052,0.07822,3.54622,59.3814,0.91617,3.56718,3.60575,0,13.8432,16.0,16,23.459,0.7857,0.2103,2,0.0,1.0317,0.5769,2,25.27,0.2248,0.4478,1,11,1,4
task_env_weather_114555,hat,21,180,0.515266,0.515226,1.0,0.983829,0,0.49032,0.85582,0.24444,0.05677,0.08615,3.61497,66.1682,0.91649,3.57968,3.60575,0,15.7469,16.0,16,23.604,0.7796,0.2198,2,0.064,1.0213,0.5657,2,25.113,0.222,0.4584,1,11,1,0
task_env_weather_114555,hat,21,181,0.525738,0.525702,1.0,1.0,0,0.50029,0.88031,0.24352,0.05576,0.08543,3.52941,66.2944,0.91626,3.5691,3.60575,0,15.8036,16.0,16,23.554,0.7866,0.2147,2,0.059,1.0071,0.5739,2,25.099,0.2189,0.4479,1,11,1,0
task_env_weather_114555,hat,22,182,0.518791,0.518757,1.0,0.996069,0,0.49368,0.86115,0.24396,0.05628,0.0859,3.57055,65.9203,0.91635,3.57736,3.60575,0,15.6846,16.0,16,23.785,0.7827,0.216,2,0.0,1.0204,0.5638,2,25.185,0.2231,0.4565,1,11,1,0
task_env_weather_114555,hat,22,183,0.518596,0.518557,1.0,0.987798,0,0.49349,0.88226,0.2437,0.05604,0.08528,3.60045,65.9479,0.91629,3.56882,3.60575,0,15.6946,16.0,16,23.588,0.7679,0.219,2,0.0,1.0195,0.5647,2,25.086,0.2259,0.4548,1,11,1,0
task_env_weather_114555,hat,22,184,0.659314,0.658712,1.0,0.971244,0,0.62687,0.89457,0.26207,0.07405,0.10757,3.66181,47.179,0.93155,3.60504,3.60575,0,10.9858,16.0,16,23.668,0.7824,0.2255,2,0.016,1.0285,0.5661,2,25.132,0.2116,0.4705,1,11,1,2
task_env_weather_114555,hat,22,185,0.514512,0.51448,1.0,0.995973,0,0.48961,0.88259,0.2435,0.05586,0.08522,3.5709,66.0297,0.91639,3.57782,3.60575,0,15.7045,16.0,16,23.483,0.7814,0.2195,2,0.0,1.0203,0.5644,2,25.147,0.2143,0.4574,1,11,1,0
task_env_weather_114555,hat,22,186,0.531448,0.531398,1.0,0.98743,0,0.50571,0.87192,0.24364,0.05598,0.08553,3.60179,66.0511,0.91624,3.56976,3.60575,0,15.7215,16.0,16,23.646,0.7826,0.2191,2,0.109,1.0289,0.5643,2,25.056,0.2309,0.4513,1,11,1,0
task_env_weather_114555,hat,22,187,0.538136,0.538091,1.0,1.0,0,0.51208,0.8847,0.24395,0.05625,0.08549,3.54871,66.4613,0.91653,3.59253,3.60575,0,15.8402,16.0,16,23.742,0.7717,0.2222,2,0.0,1.0208,0.5703,2,25.141,0.2302,0.4555,1,11,1,0
task_env_weather_114555,hat,22,188,0.529383,0.529338,1.0,0.991682,0,0.50375,0.88233,0.24297,0.05537,0.08424,3.58635,65.3523,0.91604,3.57691,3.60575,0,15.5148,16.0,16,23.545,0.7796,0.2148,2,0.125,1.015,0.5583,2,24.892,0.2126,0.4554,1,11,1,0
task_env_weather_114555,hat,22,189,0.523438,0.523401,1.0,0.996606,0,0.4981,0.83967,0.24395,0.05622,0.08564,3.56863,66.4109,0.91653,3.58149,3.60575,0,15.8112,16.0,16,23.737,0.771,0.2188,2,0.094,1.0247,0.5683,2,24.962,0.2024,0.4551,1,11,1,0
task_env_weather_114555,hat,22,190,0.527389,0.527352,1.0,1.0,0,0.50186,0.8702,0.2439,0.05619,0.08558,3.55647,66.1152,0.91643,3.57298,3.60575,0,15.7481,16.0,16,23.53,0.7871,0.2159,2,0.0,1.0117,0.5686,2,25.062,0.2288,0.4564,1,11,1,0
task_env_weather_114555,hat,23,191,0.531854,0.531808,1.0,0.991878,0,0.5061,0.87739,0.24352,0.05598,0.08544,3.58564,65.6247,0.91613,3.57708,3.60575,0,15.5941,16.0,16,23.464,0.7858,0.2219,2,0.075,1.0145,0.5614,2,25.119,0.217,0.4565,1,11,1,0
task_env_weather_114555,hat,23,192,0.522838,0.522802,1.0,0.996717,0,0.49753,0.8598,0.24422,0.05655,0.08626,3.56823,66.1072,0.91645,3.57671,3.60575,0,15.7314,16.0,16,23.504,0.7901,0.2182,2,0.0,1.0168,0.5664,2,25.185,0.2112,0.4578,1,11,1,0
task_env_weather_114555,hat,23,193,0.513197,0.513166,1.0,0.996238,0,0.48836,0.87284,0.24404,0.05643,0.08609,3.56995,66.1928,0.91633,3.5821,3.60575,0,15.7594,16.0,16,23.443,0.7774,0.2245,2,0.0,1.0198,0.5674,2,25.028,0.216,0.4543,1,11,1,0
task_env_weather_114555,hat,23,194,0.705715,0.704233,1.0,0.961841,0,0.67019,0.8623,0.25575,0.06753,0.09967,3.69761,46.7658,0.93063,3.61428,3.60575,0,10.9068,16.0,16,23.532,0.7834,0.2199,2,0.107,1.0147,0.5672,2,25.017,0.2102,0.462,1,11,1,2
task_env_weather_114555,hat,23,195,0.519357,0.519314,1.0,0.9832,0,0.49421,0.83044,0.2438,0.05614,0.08605,3.61729,65.8958,0.91644,3.58333,3.60575,0,15.6537,16.0,16,23.485,0.7795,0.2154,2,0.11,1.0279,0.56,2,25.066,0.2151,0.4599,1,11,1,0
task_env_weather_114555,hat,23,196,0.887275,0.87754,1.0,1.0,0,0.83512,0.87298,0.23911,0.05085,0.08601,3.51839,45.0082,0.93077,3.63527,3.60575,0,10.1085,16.0,16,23.579,0.7814,0.2207,2,0.047,1.0228,0.5627,2,25.256,0.2129,0.4546,1,11,1,5
task_env_weather_114555,hat,23,197,0.522318,0.522277,1.0,0.989535,0,0.49703,0.85999,0.24427,0.05655,0.08612,3.59413,66.305,0.91645,3.5775,3.60575,0,15.7879,16.0,16,23.623,0.7734,0.2181,2,0.08,1.0241,0.5676,2,25.187,0.2198,0.4542,1,11,1,0
task_env_weather_114555,hat,23,198,0.674727,0.67398,1.0,0.97359,0,0.6414,0.89842,0.25676,0.06859,0.09988,3.65299,46.9762,0.93085,3.62105,3.60575,0,10.943,16.0,16,23.446,0.7906,0.2229,2,0.203,1.0244,0.567,2,25.147,0.2154,0.4627,1,11,1,2
task_env_weather_114555,hat,23,199,0.526383,0.526333,1.0,0.981938,0,0.50089,0.86814,0.24436,0.05668,0.08625,3.62193,65.977,0.91652,3.58302,3.60575,0,15.6899,16.0,16,23.512,0.7867,0.215,2,0.0,1.0195,0.5633,2,25.107,0.2174,0.4612,1,11,1,0
task_env_weather_114555,hat,24,200,0.52875,0.528708,1.0,0.994401,0,0.50315,0.87223,0.24373,0.05612,0.08583,3.57654,66.2418,0.91639,3.58665,3.60575,0,15.7707,16.0,16,23.657,0.7775,0.2257,2,0.0,1.0238,0.5667,2,25.065,0.2151,0.4554,1,11,1,0
task_env_weather_114555,hat,24,201,0.984866,0.97558,1.0,1.0,0,0.92842,0.89001,0.21124,0.02037,0.06323,3.53837,51.5244,0.94884,3.63147,3.60575,0,11.0821,16.0,16,23.456,0.783,0.2256,2,0.055,1.0238,0.5697,2,24.893,0.2157,0.4573,1,11,1,3
task_env_weather_114555,hat,24,202,0.673863,0.673119,1.0,0.972936,0,0.64058,0.87409,0.25875,0.07036,0.10328,3.65545,46.644,0.93005,3.62195,3.60575,0,10.8778,16.0,16,23.574,0.7815,0.2209,2,0.0,1.0241,0.5659,2,25.102,0.215,0.4545,1,11,1,2
task_env_weather_114555,hat,24,203,0.521754,0.52172,1.0,1.0,0,0.4965,0.85479,0.24419,0.0566,0.08634,3.55286,66.1691,0.9163,3.5764,3.60575,0,15.7616,16.0,16,23.417,0.7824,0.2262,2,0.0,1.0161,0.5686,2,24.892,0.2104,0.4538,1,11,1,0
task_env_weather_114555,hat,24,204,0.686213,0.685287,1.0,0.971861,0,0.65216,0.88736,0.257,0.06867,0.10063,3.65949,46.7795,0.93015,3.6277,3.60575,0,10.9193,16.0,16,23.425,0.7792,0.2251,2,0.021,1.0193,0.5687,2,25.039,0.2085,0.4566,1,11,1,2
task_env_weather_114555,hat,24,205,0.68965,0.688429,1.0,0.958076,0,0.65515,0.89044,0.25752,0.06917,0.10138,3.71215,46.666,0.92998,3.61175,3.60575,0,10.8815,16.0,16,23.457,0.7826,0.2269,2,0.0,1.02,0.5661,2,25.072,0.2081,0.4566,1,11,1,2
task_env_weather_114555,hat,24,206,0.705035,0.704075,1.0,0.988461,0,0.67004,0.88045,0.25118,0.06106,0.08268,3.59803,47.9099,0.92098,3.62271,3.60575,0,10.6869,16.0,16,23.529,0.7769,0.2253,2,0.052,1.0185,0.5671,2,24.937,0.2192,0.454,1,11,1,1
task_env_weather_114555,hat,24,207,0.518999,0.518967,1.0,1.0,0,0.49388,0.88296,0.24412,0.05651,0.08597,3.52336,65.9899,0.91625,3.5704,3.60575,0,15.7044,16.0,16,23.403,0.778,0.2224,2,0.115,1.0175,0.5657,2,24.885,0.2152,0.4543,1,11,1,0
task_env_weather_114555,hat,24,208,0.530814,0.530767,1.0,0.990356,0,0.50511,0.88489,0.24362,0.05605,0.08565,3.59115,65.9013,0.91613,3.56819,3.60575,0,15.6909,16.0,16,23.487,0.7841,0.2244,2,0.044,1.0135,0.5666,2,25.01,0.2122,0.4521,1,11,1,0
task_env_weather_114555,hat,25,209,0.516934,0.516897,1.0,0.989385,0,0.49191,0.86651,0.24337,0.05578,0.08513,3.59467,66.1043,0.91625,3.57444,3.60575,0,15.7374,16.0,16,23.448,0.7761,0.2255,2,0.0,1.0208,0.5666,2,24.88,0.2107,0.4529,1,11,1,0
task_env_weather_114555,hat,25,210,0.5289,0.528855,1.0,0.990916,0,0.50329,0.87062,0.24384,0.0562,0.08593,3.58912,66.3501,0.91643,3.58012,3.60575,0,15.7959,16.0,16,23.406,0.7768,0.224,2,0.077,1.019,0.569,2,25.057,0.2138,0.4552,1,11,1,0
task_env_weather_114555,hat,25,211,0.512653,0.51262,1.0,0.991354,0,0.48784,0.88109,0.24373,0.05611,0.08553,3.58753,66.0865,0.91624,3.56734,3.60575,0,15.7345,16.0,16,23.491,0.7749,0.2233,2,0.0,1.0199,0.5668,2,25.043,0.2169,0.4523,1,11,1,0
task_env_weather_114555,hat,25,212,0.709645,0.708614,1.0,0.98862,0,0.67436,0.88012,0.25105,0.0609,0.08249,3.59746,47.8884,0.92122,3.62012,3.60575,0,10.6721,16.0,16,23.453,0.7791,0.2211,2,0.0,1.0177,0.5653,2,25.028,0.216,0.4566,1,11,1,1
task_env_weather_114555,hat,25,213,0.518697,0.518662,1.0,0.995017,0,0.49359,0.87058,0.24378,0.05612,0.08578,3.57433,66.3709,0.91642,3.58166,3.60575,0,15.8144,16.0,16,23.378,0.7781,0.2231,2,0.056,1.0182,0.5703,2,24.952,0.2179,0.4537,1,11,1,0
task_env_weather_114555,hat,25,214,0.977998,0.971156,1.0,0.987483,0,0.92421,0.90659,0.21058,0.01969,0.06101,3.6016,50.9155,0.94796,3.62039,3.60575,0,10.9826,16.0,16,23.494,0.7785,0.2276,2,0.0,1.018,0.5638,2,24.954,0.2201,0.4581,1,11,1,3
task_env_weather_114555,hat,25,215,0.529298,0.529254,1.0,0.992297,0,0.50367,0.85859,0.24315,0.05551,0.08485,3.58412,66.4064,0.91631,3.58992,3.60575,0,15.8214,16.0,16,23.432,0.7808,0.2254,2,0.0,1.0189,0.571,2,24.997,0.2149,0.4505,1,11,1,0
task_env_weather_114555,hat,25,216,0.51261,0.512578,1.0,0.993294,0,0.4878,0.85879,0.24347,0.05591,0.08567,3.58053,65.9311,0.91609,3.57451,3.60575,0,15.693,16.0,16,23.487,0.7773,0.2257,2,0.0,1.0198,0.5654,2,24.986,0.2166,0.4506,1,11,1,0
task_env_weather_114555,hat,25,217,0.6902,0.689301,1.0,0.977708,0,0.65598,0.88104,0.25072,0.0606,0.08199,3.63761,47.8672,0.92096,3.62395,3.60575,0,10.6727,16.0,16,23.459,0.7759,0.2251,2,0.0,1.0229,0.5658,2,25.112,0.2174,0.4536,1,11,1,1
task_env_weather_114555,hat,26,218,0.993312,0.993243,0.981318,0.993382,0,0.94523,0.90248,0.202,0.00594,0.02418,3.58021,40.6953,0.89958,3.59705,3.60575,0,10.7615,16.0,16,23.318,0.7817,0.2299,2,0.007,1.0177,0.5641,2,24.917,0.213,0.4511,1,10,1,2
task_env_weather_114555,hat,26,219,0.522664,0.522624,1.0,0.991391,0,0.49736,0.88302,0.24318,0.05565,0.08489,3.5874,65.6034,0.91574,3.5768,3.60575,0,15.6087,16.0,16,23.332,0.7787,0.2241,2,0.0,1.0191,0.5636,2,25.075,0.2141,0.4438,1,11,1,0
task_env_weather_114555,hat,26,220,0.705007,0.703991,1.0,0.984897,0,0.66996,0.89308,0.25933,0.07065,0.10559,3.61105,46.1536,0.92894,3.62235,3.60575,0,10.7659,16.0,16,23.473,0.7749,0.2218,2,0.0,1.0141,0.5639,2,24.89,0.2215,0.4454,1,11,1,2
task_env_weather_114555,hat,26,221,0.691044,0.690015,1.0,0.970186,0,0.65666,0.87221,0.2516,0.06148,0.08355,3.66581,47.7664,0.92068,3.61849,3.60575,0,10.6487,16.0,16,23.497,0.7711,0.2261,2,0.013,1.0249,0.565,2,24.996,0.2101,0.4507,1,11,1,1
task_env_weather_114555,hat,26,222,0.728689,0.726699,1.0,0.965688,0,0.69157,0.89336,0.25116,0.06097,0.08927,3.68288,43.8488,0.94596,3.65504,3.60575,0,10.06,16.0,16,23.49,0.7733,0.2286,2,0.0,1.0141,0.5677,2,24.876,0.2116,0.4472,1,11,1,7
task_env_weather_114555,hat,26,223,0.52369,0.523653,1.0,0.996595,0,0.49834,0.84013,0.24347,0.05595,0.08563,3.56867,65.8888,0.91608,3.57342,3.60575,0,15.6807,16.0,16,23.56,0.7726,0.2294,2,0.032,1.017,0.5652,2,24.964,0.2169,0.4522,1,11,1,0
task_env_weather_114555,hat,26,224,0.694026,0.693325,1.0,0.996737,0,0.65981,0.86899,0.24019,0.0503,0.07771,3.56816,58.5583,0.91543,3.58452,3.60575,0,13.6104,16.0,16,23.513,0.7766,0.2297,2,0.029,1.0193,0.567,2,24.933,0.2164,0.4465,1,11,1,4
task_env_weather_114555,hat,26,225,0.6896,0.688681,1.0,0.975732,0,0.65539,0.89554,0.25803,0.06957,0.10255,3.64497,46.3015,0.92967,3.61989,3.60575,0,10.7783,16.0,16,23.573,0.7763,0.225,2,0.102,1.0177,0.5603,2,24.941,0.2207,0.4553,1,11,1,2
task_env_weather_114555,hat,26,226,0.973462,0.964199,1.0,0.988531,0,0.91759,0.90915,0.21048,0.01939,0.05971,3.59778,50.8587,0.94722,3.61869,3.60575,0,10.9791,16.0,16,23.629,0.7733,0.2277,2,0.004,1.0282,0.5649,2,25.052,0.2138,0.4493,1,11,1,3
task_env_weather_114555,hat,27,227,0.52513,0.525082,1.0,0.983074,0,0.4997,0.88079,0.24384,0.05628,0.0858,3.61775,65.9905,0.91609,3.56997,3.60575,0,15.7143,16.0,16,23.531,0.7757,0.2267,2,0.0,1.0213,0.5662,2,24.923,0.2118,0.4495,1,11,1,0
task_env_weather_114555,hat,27,228,0.53046,0.530421,1.0,1.0,0,0.50478,0.86092,0.24394,0.05648,0.08561,3.55088,65.6434,0.9159,3.57185,3.60575,0,15.6156,16.0,16,23.351,0.779,0.2294,2,0.0,1.0179,0.5627,2,25.0,0.2127,0.45,1,11,1,0
task_env_weather_114555,hat,27,229,0.933002,0.993212,0.793249,0.919278,0,0.9452,0.91806,0.20325,0.0048,0.02091,3.86881,40.8901,0.90414,3.62692,3.60575,0,10.8133,16.0,16,23.57,0.7789,0.228,2,0.015,1.0185,0.5615,2,24.895,0.21,0.4483,1,10,1,3
task_env_weather_114555,hat,27,230,0.529514,0.529475,1.0,1.0,0,0.50388,0.85806,0.2439,0.05626,0.08555,3.54237,66.1225,0.91618,3.57453,3.60575,0,15.7404,16.0,16,23.552,0.7726,0.2226,2,0.0,1.0255,0.5663,2,24.957,0.2199,0.4495,1,11,1,0
task_env_weather_114555,hat,27,231,0.522408,0.522371,1.0,0.994578,0,0.49712,0.85933,0.24381,0.05626,0.08606,3.5759,66.0312,0.91602,3.58098,3.60575,0,15.7126,16.0,16,23.504,0.7794,0.2273,2,0.003,1.0231,0.5661,2,24.874,0.2159,0.4477,1,11,1,0
task_env_weather_114555,hat,27,232,0.519941,0.519902,1.0,0.989092,0,0.49477,0.88437,0.24333,0.05581,0.08518,3.59574,65.771,0.91592,3.5694,3.60575,0,15.6536,16.0,16,23.466,0.7796,0.2265,2,0.0,1.0185,0.5647,2,25.017,0.2176,0.4479,1,11,1,0
task_env_weather_114555,hat,27,233,0.689513,0.688439,1.0,0.965967,0,0.65516,0.88191,0.25129,0.06116,0.0826,3.68182,47.7581,0.92078,3.6183,3.60575,0,10.6501,16.0,16,23.429,0.7809,0.2244,2,0.089,1.0201,0.5654,2,25.057,0.2162,0.4516,1,11,1,1
task_env_weather_114555,hat,27,234,0.670455,0.669872,1.0,0.984316,0,0.63749,0.89058,0.25874,0.07022,0.10332,3.61318,46.2638,0.92935,3.62187,3.60575,0,10.7761,16.0,16,23.432,0.7791,0.2276,2,0.1,1.0168,0.5614,2,25.064,0.2224,0.4521,1,11,1,2
task_env_weather_114555,hat,27,235,0.694288,0.693578,1.0,0.996199,0,0.66005,0.86326,0.24005,0.05005,0.0769,3.57009,58.7341,0.91576,3.58679,3.60575,0,13.6559,16.0,16,23.424,0.7833,0.2236,2,0.018,1.0179,0.5688,2,24.902,0.2155,0.4507,1,11,1,4
task_env_weather_114555,hat,28,236,0.704669,0.703445,1.0,0.972935,0,0.66944,0.89503,0.25828,0.06984,0.10322,3.65545,46.6083,0.92975,3.61236,3.60575,0,10.8706,16.0,16,23.456,0.7759,0.2261,2,0.069,1.0251,0.5657,2,24.985,0.2148,0.4525,1,11,1,2
task_env_weather_114555,hat,28,237,0.698867,0.698001,1.0,0.988656,0,0.66426,0.88661,0.25087,0.06075,0.08231,3.59732,47.7365,0.92071,3.62531,3.60575,0,10.6384,16.0,16,23.552,0.7757,0.2271,2,0.018,1.0216,0.5644,2,24.982,0.2164,0.4516,1,11,1,1
task_env_weather_114555,hat,28,238,0.709849,0.708898,1.0,0.99388,0,0.67463,0.87841,0.25069,0.06054,0.08202,3.57841,47.7477,0.92074,3.61657,3.60575,0,10.6411,16.0,16,23.491,0.7785,0.223,2,0.027,1.0235,0.5649,2,25.013,0.2183,0.4505,1,11,1,1
task_env_weather_114555,hat,28,239,0.529282,0.529233,1.0,0.985776,0,0.50365,0.87864,0.24435,0.05679,0.08667,3.60783,66.0375,0.91615,3.56733,3.60575,0,15.7209,16.0,16,23.523,0.7775,0.2269,2,0.0,1.019,0.5666,2,24.973,0.215,0.4514,1,11,1,0
task_env_weather_114555,hat,28,240,0.701648,0.700576,1.0,0.978238,0,0.66671,0.86581,0.24998,0.05983,0.08054,3.63563,47.647,0.9206,3.62775,3.60575,0,10.6125,16.0,16,23.504,0.7763,0.226,2,0.0,1.0223,0.5632,2,24.991,0.2167,0.4502,1,11,1,1
task_env_weather_195273,clothing,1,1,0.98403,0.97445,1.0,1.0,0,0.88787,0.90335,0.25803,0.03106,0.11762,4.62807,20.5143,0.86575,4.65627,4.84527,0,5.746,16.0,1,24.0,0.0,0.05,1,24.0,0.0,0.5,1,24.0,0.0,0.5,0,0,1,0
task_env_weather_195273,clothing,2,2,0.980986,0.970455,1.0,1.0,0,0.88423,0.93733,0.26082,0.03143,0.11669,4.83824,25.0479,0.8751,4.73866,4.84527,0,5.5081,16.0,8,20.714,0.0,0.239,1,8.336,0.2118,0.7786,1,19.483,0.0,0.5605,0,7,1,43
task_env_weather_195273,clothing,2,3,0.983924,0.974307,1.0,1.0,0,0.88774,0.0,0.25848,0.03628,0.1325,4.77482,41.1183,0.86317,4.57243,4.84527,0,11.2904,16.0,1,28.179,0.0,0.05,2,32.0,0.4934,0.7576,1,32.0,0.0,0.237,0,0,1,0
task_env_weather_195273,clothing,2,4,0.986732,0.978159,1.0,1.0,0,0.89125,0.9658,0.25739,0.02897,0.10759,4.75405,15.0534,0.86923,4.6618,4.84527,0,2.8756,16.0,1,30.079,0.0,0.1361,1,18.392,0.1435,0.1947,1,27.227,0.0,0.1959,0,0,1,0
task_env_weather_195273,clothing,2,5,0.987515,0.979268,1.0,1.0,0,0.89226,0.89662,0.25675,0.02707,0.1045,4.74652,16.62,0.86922,4.69696,4.84527,0,3.6395,16.0,16,23.603,0.0329,0.05,4,32.0,0.092,0.1903,1,16.597,0.6947,0.5123,0,0,1,997
task_env_weather_195273,clothing,2,6,0.988431,0.980585,1.0,1.0,0,0.89346,0.80466,0.25753,0.03418,0.12622,4.53579,30.7221,0.8501,4.66372,4.84527,0,6.6675,16.0,1,20.237,0.0,0.4595,4,32.0,0.2276,0.05,1,32.0,0.4032,0.519,1,4,1,6
task_env_weather_195273,clothing,2,7,0.97288,0.972485,1.0,0.973281,0,0.88608,0.96636,0.25881,0.03598,0.14336,4.99693,21.7137,0.86325,4.67432,4.84527,0,5.4353,16.0,1,32.0,0.0,0.2003,1,31.966,0.0,0.286,1,22.218,0.0,0.7818,2,0,1,0
task_env_weather_195273,clothing,2,8,0.98962,0.98233,1.0,1.0,0,0.89505,0.93438,0.25738,0.03016,0.1095,4.73939,16.0531,0.86566,4.66077,4.84527,0,3.3285,16.0,1,30.361,0.0,0.05,4,32.0,0.0,0.1164,1,32.0,0.0,0.4896,3,0,1,0
task_env_weather_195273,clothing,2,9,0.986552,0.977907,1.0,1.0,0,0.89102,0.85075,0.25514,0.02684,0.11542,4.74719,39.6604,0.83267,4.69744,4.84527,0,8.8916,16.0,1,22.659,0.0,0.05,1,24.049,0.1222,0.2273,1,32.0,1.0315,0.7553,13,5,1,457
task_env_weather_195273,clothing,2,10,0.981878,0.971607,1.0,1.0,0,0.88528,0.88833,0.25802,0.03493,0.14694,4.59565,31.5536,0.86636,4.65778,4.84527,0,8.9316,16.0,2,25.002,0.0,0.05,1,31.035,0.0,0.654,2,32.0,0.0,0.4803,8,8,1,0
task_env_weather_195273,clothing,3,11,0.98016,0.969401,1.0,1.0,0,0.88327,0.93719,0.26359,0.03811,0.13469,4.72103,49.2858,0.92001,4.48411,4.84527,0,12.8242,16.0,8,32.0,0.0,0.4287,1,8.119,1.5,0.7667,2,0.0,0.0,0.3835,0,8,1,0
task_env_weather_195273,clothing,3,12,0.959389,0.945684,1.0,1.0,0,0.86166,0.89495,0.25322,0.02848,0.10189,4.05043,56.0578,0.48961,3.92483,4.84527,0,14.0006,16.0,1,32.0,0.0912,0.05,8,13.133,0.5755,0.2641,8,24.771,0.5584,0.9849,0,0,0,32
task_env_weather_195273,clothing,3,13,1000.0,0.965988,0.82354,1.0,0,0.88016,0.87304,0.2647,0.02105,0.0949,4.44665,65.3767,0.66915,4.65932,4.84527,1,16.1647,16.0,1,32.0,0.0,0.05,1,32.0,0.2736,0.5755,1,32.0,0.4204,0.7413,0,19,0,0
task_env_weather_195273,clothing,3,14,0.98871,0.980991,1.0,1.0,0,0.89383,0.93605,0.25687,0.02936,0.10248,4.63765,14.0863,0.86832,4.70022,4.84527,0,1.6531,16.0,1,32.0,0.0,0.05,1,0.0,0.6651,0.05,1,19.309,0.0,0.0765,0,0,1,194
task_env_weather_195273,clothing,3,15,0.92342,0.910607,1.0,1.0,0,0.8297,0.83496,0.2611,0.03072,0.11692,4.82997,23.1366,0.8673,4.6766,4.84527,0,6.2614,16.0,4,23.529,0.1191,0.5296,4,30.601,0.0,0.5692,1,31.494,1.5,0.05,5,5,1,516
task_env_weather_195273,clothing,3,16,1000.0,0.436372,1.0,1.0,0,0.3976,0.0,0.23617,0.02574,0.0863,4.01519,151.7383,0.42015,3.35108,4.84527,1,39.2259,16.0,2,32.0,0.7352,0.1295,2,32.0,1.4099,0.7234,1,32.0,1.0636,0.2841,0,10,0,0
task_env_weather_195273,clothing,3,17,0.987639,0.979444,1.0,1.0,0,0.89242,0.87027,0.25935,0.03784,0.13845,4.15028,47.6867,0.82107,4.63149,4.84527,0,11.2505,16.0,4,32.0,0.0,0.05,2,32.0,0.7359,0.2356,1,5.436,0.0,0.828,0,5,1,0
task_env_weather_195273,clothing,3,18,0.930464,0.917017,1.0,0.967019,0,0.83554,0.79418,0.26007,0.0338,0.1267,5.02929,21.5814,0.85798,4.66615,4.84527,0,4.3883,16.0,1,30.733,0.6609,0.3239,2,32.0,0.0,0.05,32,18.581,1.5,0.6444,14,0,1,0
task_env_weather_195273,clothing,3,19,0.984963,0.975712,1.0,1.0,0,0.88902,0.93816,0.26376,0.03314,0.13505,4.5427,38.5132,0.87365,4.54416,4.84527,0,10.0524,16.0,1,27.692,0.0,0.1476,16,21.67,0.5408,0.8065,8,32.0,0.0,0.9084,8,7,1,0
task_env_weather_195273,clothing,4,20,0.974538,0.962509,1.0,1.0,0,0.87699,0.89894,0.25991,0.03779,0.10717,4.57915,40.8079,0.85371,4.62786,4.84527,0,10.425,16.0,1,0.0,0.8521,0.05,1,0.0,0.5007,1.0,1,32.0,0.0,0.05,0,0,1,861
task_env_weather_195273,clothing,4,21,1000.0,0.945497,0.850904,1.0,0,0.86149,0.94896,0.25569,0.02175,0.07995,3.59909,107.6005,0.22246,3.52294,4.84527,1,28.491,16.0,32,30.039,0.0,1.0,32,32.0,1.5,1.0,8,8.55,0.6404,0.7619,4,19,0,997
task_env_weather_195273,clothing,4,22,0.920495,0.907743,1.0,0.950464,0,0.82709,0.0,0.26262,0.03646,0.11915,5.11689,31.9295,0.86368,4.62266,4.84527,0,9.0269,16.0,1,8.607,0.0,1.0,8,16.334,0.0,1.0,1,22.759,1.5,0.05,0,13,1,103
task_env_weather_195273,clothing,4,23,0.899182,0.886155,0.861345,0.972635,0,0.80742,0.85156,0.25954,0.02201,0.0814,5.00025,25.4542,0.84164,4.71127,4.84527,0,4.1907,16.0,2,32.0,0.0,1.0,1,29.262,0.2449,0.05,32,27.602,0.5262,0.05,17,0,1,997
task_env_weather_195273,clothing,4,24,0.915691,0.903463,1.0,1.0,0,0.82319,0.84406,0.25835,0.02784,0.10232,4.34827,32.4075,0.85794,4.76831,4.84527,0,6.8952,16.0,1,30.287,1.2726,1.0,1,24.821,0.5839,1.0,1,32.0,1.0631,0.05,0,10,1,814
task_env_weather_195273,clothing,4,25,0.984275,0.974779,1.0,1.0,0,0.88817,0.97317,0.25682,0.03515,0.12558,4.42588,20.0608,0.86428,4.63258,4.84527,0,4.1032,16.0,1,25.183,0.4519,0.1222,32,5.952,0.0,0.0758,16,32.0,1.3774,0.722,0,0,1,676
task_env_weather_195273,clothing,4,26,1000.0,0.450848,1.0,1.0,0,0.41079,0.0,0.25156,0.03729,0.1103,4.38401,72.2825,0.32827,4.66333,4.84527,1,20.4328,16.0,32,14.383,0.5949,1.0,32,22.593,0.0,0.8733,4,0.0,1.5,1.0,10,0,0,783
task_env_weather_195273,clothing,4,27,1000.0,0.955606,0.655031,1.0,0,0.8707,0.86364,0.24656,0.01674,0.06474,4.52002,65.8577,0.85903,4.49372,4.84527,1,18.8821,16.0,8,7.505,1.5,0.6767,4,17.96,1.5,1.0,1,32.0,1.5,0.05,0,19,1,144
task_env_weather_195273,clothing,4,28,0.934101,0.920628,1.0,1.0,0,0.83883,0.93078,0.26358,0.03739,0.11263,4.7372,40.1796,0.87896,4.53147,4.84527,0,7.2351,16.0,1,32.0,0.0,0.4494,4,32.0,0.0,0.05,2,32.0,0.7693,1.0,19,14,0,997
task_env_weather_195273,clothing,5,29,0.921505,0.90883,1.0,1.0,0,0.82808,0.88188,0.26033,0.03861,0.13083,4.85072,32.6668,0.87863,4.59559,4.84527,0,8.9831,16.0,32,13.499,0.0,1.0,32,29.527,1.5,0.5798,8,32.0,0.0,0.6367,0,16,1,997
task_env_weather_195273,clothing,5,30,1.0,1.0,1.0,1.0,0,0.93173,0.83855,0.26133,0.03205,0.11783,4.66712,48.0876,0.61766,4.67778,4.84527,0,8.0361,16.0,1,32.0,0.0,1.0,16,0.0,0.0,0.05,2,0.0,0.0,0.1285,19,0,0,563
task_env_weather_195273,clothing,5,31,0.487161,0.487143,1.0,1.0,0,0.44386,0.0,0.25996,0.03605,0.10556,4.42063,48.7559,0.72242,4.28619,4.84527,0,8.1955,16.0,32,32.0,1.123,1.0,1,0.0,1.4565,0.05,4,32.0,0.0,0.05,15,0,0,814
task_env_weather_195273,clothing,5,32,0.985308,0.976184,1.0,1.0,0,0.88945,0.87829,0.2548,0.02894,0.10542,4.71569,35.6313,0.66059,4.59234,4.84527,0,6.1123,16.0,32,32.0,0.2316,1.0,8,13.355,1.5,0.05,32,29.35,1.5,0.05,0,0,0,234
task_env_weather_195273,clothing,5,33,0.901859,0.890808,1.0,1.0,0,0.81166,0.86638,0.26479,0.04096,0.14066,4.66012,39.4757,0.86193,4.6564,4.84527,0,11.0875,16.0,2,0.0,0.0012,0.8384,1,0.0,0.9191,0.5627,32,32.0,1.5,0.3181,0,7,1,997
task_env_weather_195273,clothing,5,34,0.948518,0.934599,1.0,1.0,0,0.85156,0.91088,0.25765,0.03181,0.10956,4.73443,35.5963,0.69683,4.86653,4.84527,0,6.0302,16.0,1,0.0,0.0,0.5572,1,0.0,1.5,0.05,1,32.0,1.5,0.05,19,11,0,710
task_env_weather_195273,clothing,5,35,0.973945,0.961807,1.0,1.0,0,0.87635,0.93213,0.25782,0.03168,0.11516,4.46214,38.5338,0.61262,4.43966,4.84527,0,8.3199,16.0,1,32.0,0.5998,0.05,1,32.0,0.0,0.05,32,20.163,1.1078,0.7026,0,0,0,10
task_env_weather_195273,clothing,5,36,0.923125,0.910333,1.0,1.0,0,0.82945,0.83983,0.25791,0.02563,0.10145,4.11406,68.187,0.55675,4.33461,4.84527,0,14.5455,16.0,2,0.0,0.0,1.0,32,32.0,0.0,0.05,8,32.0,0.6634,0.5521,2,5,0,942
task_env_weather_195273,clothing,5,37,0.94405,0.930198,1.0,1.0,0,0.84755,0.93976,0.25924,0.03044,0.11321,4.81089,16.4061,0.86647,4.69997,4.84527,0,2.5327,16.0,1,32.0,0.2137,1.0,1,0.0,0.1984,0.05,16,20.095,0.0,0.05,19,0,1,915
task_env_weather_195273,clothing,6,38,0.86595,0.858102,1.0,1.0,0,0.78186,0.0,0.26084,0.03636,0.11274,4.20722,63.0974,1.1695,4.7549,4.84527,0,12.3764,16.0,16,21.509,1.3376,1.0,32,32.0,0.5904,0.05,1,32.0,1.2895,0.9485,18,2,0,997
task_env_weather_195273,clothing,6,39,0.94049,0.926741,1.0,1.0,0,0.8444,0.81588,0.25173,0.02938,0.11036,4.27982,38.9531,0.5552,4.39746,4.84527,0,8.8773,16.0,4,32.0,0.0,0.9484,2,0.0,1.194,0.05,1,0.0,0.0,0.6676,9,0,0,376
task_env_weather_195273,clothing,6,40,1000.0,0.168304,0.712277,1.0,0,0.15335,0.0,0.24573,0.0182,0.07024,3.93695,174.8705,0.57557,4.7839,4.84527,1,50.0271,16.0,16,3.543,1.5,0.8796,1,0.0,1.4315,0.6104,1,32.0,0.0,0.05,8,0,0,415
task_env_weather_195273,clothing,6,41,1000.0,0.763025,0.712665,1.0,0,0.69523,0.0,0.24237,0.01821,0.08241,3.54526,120.0615,0.5787,3.86853,4.84527,1,30.7821,16.0,16,32.0,1.2032,0.8971,8,15.697,1.2488,0.7756,2,32.0,0.0,0.8802,14,8,0,0
task_env_weather_195273,clothing,6,42,0.980651,0.970027,1.0,1.0,0,0.88384,0.88825,0.25378,0.02772,0.10848,4.56451,30.9111,0.66546,4.25533,4.84527,0,5.8229,16.0,32,32.0,1.5,1.0,32,0.0,1.447,0.05,1,31.596,0.0,0.1288,13,0,0,997
task_env_weather_195273,clothing,6,43,1000.0,0.888547,1.0,1.0,0,0.8096,0.0,0.25956,0.0311,0.10711,4.40793,79.4897,1.07318,4.68055,4.84527,1,23.4092,16.0,32,16.953,1.5,1.0,1,0.0,1.3508,0.9159,32,23.066,1.5,0.05,16,0,0,877
task_env_weather_195273,clothing,6,44,1000.0,0.808341,0.91833,1.0,0,0.73652,0.96857,0.27213,0.02347,0.08454,3.28311,113.5123,0.58305,3.1695,4.84527,1,31.4893,16.0,2,23.512,0.9374,1.0,1,0.0,1.3961,0.9038,8,32.0,0.0,1.0,19,0,0,997
task_env_weather_195273,clothing,6,45,0.987028,0.978577,1.0,1.0,0,0.89163,0.89904,0.2552,0.02819,0.1176,4.66013,22.2823,0.8691,4.72695,4.84527,0,4.3353,16.0,8,32.0,1.5,0.6783,1,0.0,0.0,0.05,2,32.0,0.0637,0.1243,6,12,1,305
task_env_weather_195273,clothing,6,46,0.942597,0.928782,1.0,1.0,0,0.84626,0.0,0.25869,0.03535,0.14949,4.16773,44.9099,0.84519,4.59469,4.84527,0,11.5241,16.0,1,32.0,1.5,0.2339,1,27.099,1.5,0.1219,32,32.0,1.5,0.7678,15,0,0,121
task_env_weather_195273,clothing,7,47,0.870284,0.862064,0.713024,1.0,0,0.78547,0.0,0.22922,0.01822,0.08679,4.59432,52.1518,0.50284,4.18477,4.84527,0,12.4575,16.0,32,32.0,0.8953,1.0,32,0.0,1.4041,0.05,32,32.0,0.718,0.9762,10,8,0,436
task_env_weather_195273,clothing,7,48,0.953891,1.0,1.0,0.940003,0,0.94083,0.89008,0.26093,0.03328,0.10336,5.17383,55.5671,0.49401,4.43806,4.84527,0,11.7238,16.0,32,30.143,0.4901,1.0,2,0.0,1.5,0.05,16,32.0,1.0478,0.7056,19,13,0,997
task_env_weather_195273,clothing,7,49,1000.0,0.041738,0.946461,1.0,0,0.03803,0.0,0.25605,0.02419,0.09211,3.12425,117.0562,0.5333,3.0224,4.84527,1,30.5904,16.0,16,32.0,1.24,1.0,1,0.0,1.3787,0.9285,4,28.966,0.0,0.05,7,0,0,997
task_env_weather_195273,clothing,7,50,0.966007,0.952785,1.0,1.0,0,0.86813,0.9015,0.25719,0.0307,0.10351,4.75063,30.3341,0.75252,4.75323,4.84527,0,5.1193,16.0,8,4.985,1.5,0.3884,1,6.263,1.5,0.05,32,22.274,0.0,0.05,19,0,0,997
task_env_weather_195273,clothing,7,51,0.944465,0.930604,1.0,1.0,0,0.84792,0.89461,0.25831,0.03037,0.11518,4.67418,18.4168,0.86994,4.74573,4.84527,0,3.1646,16.0,32,17.636,1.5,0.9967,1,0.0,0.9406,0.05,1,32.0,0.0,0.05,0,18,1,0
task_env_weather_195273,clothing,7,52,0.999857,0.999715,0.94194,1.0,0,0.91089,0.94764,0.26167,0.02407,0.08844,4.636,50.0019,0.55488,4.39528,4.84527,0,9.3385,16.0,32,26.987,1.5,1.0,1,0.0,0.0364,0.1887,32,32.0,0.5161,0.0617,19,0,0,997
task_env_weather_195273,clothing,7,53,1000.0,0.539198,0.998183,1.0,0,0.49129,0.0,0.27042,0.02551,0.09409,3.44384,113.8173,0.17911,3.40952,4.84527,1,28.1424,16.0,32,17.494,1.1554,1.0,1,0.0,1.5,0.359,1,31.622,1.1347,0.8706,3,19,0,828
task_env_weather_195273,clothing,7,54,0.927751,0.914646,1.0,1.0,0,0.83338,0.83827,0.25522,0.02896,0.09066,4.729,28.5352,0.64443,4.59011,4.84527,0,5.0257,16.0,16,10.635,1.5,0.2488,1,0.0,1.5,0.05,2,32.0,0.0,0.05,19,0,0,535
task_env_weather_195273,clothing,7,55,0.965225,0.951929,0.87427,1.0,0,0.86735,0.83709,0.25947,0.02235,0.10499,4.69883,35.596,0.68662,4.5205,4.84527,0,9.0883,16.0,32,30.704,1.5,0.05,1,0.0,1.5,0.1214,1,31.336,0.0,0.3307,19,19,0,997
task_env_weather_195273,clothing,8,56,1000.0,0.910849,0.562245,1.0,0,0.82992,0.8848,0.24515,0.01437,0.05527,3.70842,95.1657,0.33304,3.43743,4.84527,1,23.6521,16.0,32,32.0,0.999,0.7722,4,3.728,1.5,0.4681,8,26.94,0.0,0.3162,19,0,0,368
task_env_weather_195273,clothing,8,57,0.981472,0.971081,1.0,1.0,0,0.8848,0.92812,0.25586,0.02727,0.10596,4.38216,37.8092,0.65987,4.51255,4.84527,0,6.6135,16.0,32,32.0,1.5,1.0,1,13.366,1.4515,0.05,8,17.986,0.1775,0.05,14,19,0,997
task_env_weather_195273,clothing,8,58,0.94288,0.929057,1.0,1.0,0,0.84651,0.79328,0.26179,0.03018,0.13187,4.71695,26.635,0.87067,4.64269,4.84527,0,7.5391,16.0,32,32.0,1.5,1.0,1,0.0,1.5,0.2525,8,32.0,0.0421,0.051,19,6,1,600
task_env_weather_195273,clothing,8,59,0.946241,0.934259,1.0,0.97145,0,0.85125,0.87321,0.2625,0.03743,0.14722,5.00635,26.9537,0.86018,4.68542,4.84527,0,7.7553,16.0,32,32.0,0.7968,1.0,1,0.211,1.5,0.198,8,32.0,0.2091,0.5611,19,0,1,641
task_env_weather_195273,clothing,8,60,0.966963,0.953839,1.0,1.0,0,0.86909,0.91136,0.2586,0.03265,0.10941,4.57417,33.1177,0.66387,4.49379,4.84527,0,7.2436,16.0,16,32.0,0.3124,0.289,2,7.585,1.5,0.0667,4,25.841,0.0,0.5393,3,0,0,834
task_env_weather_195273,clothing,8,61,0.921729,0.909038,0.753571,1.0,0,0.82827,0.85178,0.25734,0.01926,0.07609,4.7511,39.3821,0.74014,4.63076,4.84527,0,7.5313,16.0,4,32.0,1.1178,0.8342,1,2.532,1.5,0.05,1,30.898,0.1556,0.5802,19,7,0,997
task_env_weather_195273,clothing,8,62,1000.0,0.508237,1.0,1.0,0,0.46308,0.0,0.26588,0.02876,0.1013,4.07944,109.1102,0.23529,4.17073,4.84527,1,28.6048,16.0,32,11.634,0.1892,1.0,2,6.79,0.9785,0.5806,2,16.363,0.5738,0.05,0,11,0,33
task_env_weather_195273,clothing,8,63,0.926661,0.913626,0.77611,1.0,0,0.83245,0.86049,0.2552,0.01984,0.06789,4.46367,47.9203,0.63281,4.55043,4.84527,0,7.9084,16.0,8,32.0,1.5,0.8466,1,0.0,1.1807,0.05,8,22.621,0.0,0.05,19,0,0,705
task_env_weather_195273,clothing,8,64,0.836888,0.831301,1.0,1.0,0,0.75744,0.92361,0.26865,0.04098,0.14186,4.26869,55.4328,0.85706,4.59104,4.84527,0,14.9034,16.0,32,32.0,1.2864,1.0,1,0.0,1.3303,0.7482,4,32.0,0.0,0.0757,19,2,1,997
task_env_weather_195273,clothing,9,65,0.958161,0.9444,1.0,1.0,0,0.86049,0.92509,0.25983,0.03124,0.11742,4.68607,16.1535,0.86808,4.71257,4.84527,0,2.7059,16.0,16,28.912,0.936,0.924,2,0.0,1.5,0.05,2,32.0,0.0,0.05,19,0,1,671
task_env_weather_195273,clothing,9,66,1.0,1.0,1.0,1.0,0,0.9162,0.9225,0.26461,0.02846,0.10858,4.50185,55.1374,0.50511,4.36553,4.84527,0,12.2777,16.0,32,26.394,0.6586,1.0,1,9.74,0.9542,0.05,8,32.0,0.0,0.5417,19,0,0,225
task_env_weather_195273,clothing,9,67,0.872759,0.863184,1.0,0.987249,0,0.78649,0.0,0.25563,0.02891,0.11204,4.92623,26.4846,0.83238,4.71164,4.84527,0,4.0955,16.0,8,32.0,1.0581,1.0,1,0.0,0.9658,0.05,1,32.0,0.6994,0.0932,14,0,1,732
task_env_weather_195273,clothing,9,68,0.939214,0.925479,1.0,0.999122,0,0.84325,0.90694,0.25635,0.02591,0.09306,4.86769,32.3322,0.73454,4.68086,4.84527,0,5.0934,16.0,32,32.0,0.37,0.5881,1,0.0,1.5,0.05,16,30.514,0.0,0.05,15,6,0,997
task_env_weather_195273,clothing,9,69,0.963057,0.94958,1.0,1.0,0,0.86521,0.86718,0.25752,0.03493,0.12371,4.53886,29.0067,0.76916,4.14404,4.84527,0,4.481,16.0,32,32.0,1.1555,1.0,32,0.481,1.136,0.05,8,29.568,0.0,0.05,1,0,0,602
task_env_weather_195273,clothing,9,70,1000.0,0.057839,0.517245,1.0,0,0.0527,0.0,0.23757,0.01322,0.05041,4.03633,79.2392,0.52553,4.38111,4.84527,1,18.1519,16.0,16,32.0,0.7186,1.0,4,2.881,1.2642,0.3286,16,27.421,0.0,0.05,18,2,0,771
task_env_weather_195273,clothing,9,71,0.99496,0.99077,1.0,1.0,0,0.90274,0.89578,0.25884,0.03031,0.13004,4.56537,28.2598,0.876,4.60007,4.84527,0,5.6133,16.0,8,31.836,1.4465,0.8334,1,0.0,1.196,0.3674,4,25.304,0.3019,0.05,15,1,1,649
task_env_weather_195273,clothing,9,72,1000.0,0.55487,0.837808,1.0,0,0.50557,0.0,0.25476,0.02141,0.10291,4.2252,89.2207,0.53384,3.98664,4.84527,1,22.3932,16.0,16,20.95,1.5,0.9739,8,0.0,1.5,0.4375,8,32.0,0.0619,0.3365,19,8,0,912
task_env_weather_195273,clothing,9,73,0.976125,0.964408,0.639452,1.0,0,0.87872,0.0,0.25335,0.01634,0.06524,4.37555,53.0467,0.61828,4.18211,4.84527,0,10.6106,16.0,32,32.0,1.5,1.0,1,0.0,1.5,0.1307,4,27.479,0.0,0.05,7,0,0,997
task_env_weather_195273,clothing,10,74,0.934285,0.920803,0.95258,1.0,0,0.83899,0.93197,0.25843,0.02435,0.09345,4.45631,47.5599,0.84824,4.75112,4.84527,0,8.7381,16.0,32,32.0,1.1515,0.9906,1,6.126,1.5,0.05,8,32.0,0.0,0.1015,16,1,0,740
task_env_weather_195273,clothing,10,75,0.985474,0.982209,0.779994,0.989231,0,0.89494,0.0,0.26252,0.01994,0.0872,4.91636,38.2845,0.74029,4.56982,4.84527,0,7.2732,16.0,32,26.545,0.9279,0.786,2,0.0,1.5,0.05,4,27.183,0.0,0.05,17,2,0,997
task_env_weather_195273,clothing,10,76,0.959493,0.945794,1.0,1.0,0,0.86176,0.87712,0.24819,0.02814,0.10322,4.30927,42.1693,0.64907,4.5471,4.84527,0,9.3361,16.0,8,29.887,0.9992,0.8498,1,0.206,0.9452,0.0977,16,26.987,0.6349,0.1078,12,0,0,564
task_env_weather_195273,clothing,10,77,0.968764,0.955847,1.0,1.0,0,0.87092,0.8102,0.25807,0.03222,0.107,4.3577,60.3109,0.2551,4.59212,4.84527,0,15.4019,16.0,32,24.359,1.5,1.0,1,2.965,1.5,0.1299,8,29.067,0.0,0.0979,19,0,0,838
task_env_weather_195273,clothing,10,78,0.973712,0.961532,1.0,1.0,0,0.8761,0.79246,0.26508,0.03344,0.11101,4.56108,41.2823,0.69227,4.59538,4.84527,0,7.0122,16.0,32,16.86,0.7882,0.7604,2,9.932,1.5,0.05,1,27.316,0.0,0.117,19,1,0,724
task_env_weather_195273,clothing,10,79,0.970384,0.95768,0.974205,1.0,0,0.87259,0.88232,0.24929,0.0249,0.09325,4.46473,36.8861,0.721,4.61315,4.84527,0,5.8698,16.0,32,23.996,0.9624,0.9785,1,10.971,1.3633,0.05,1,25.705,0.0,0.05,11,0,0,585
task_env_weather_195273,clothing,10,80,0.972586,0.960215,0.693515,1.0,0,0.8749,0.0,0.26121,0.01773,0.06991,4.56848,54.5608,0.82489,4.53775,4.84527,0,14.061,16.0,32,32.0,0.9691,0.8632,1,13.487,1.1925,0.2767,8,32.0,0.1434,0.05,17,8,0,461
task_env_weather_195273,clothing,10,81,0.716807,0.715843,0.83192,1.0,0,0.65224,0.0,0.25663,0.02126,0.0852,4.20442,50.1529,0.64474,4.44585,4.84527,0,8.3396,16.0,32,28.071,0.756,0.943,4,1.093,1.297,0.05,4,32.0,0.6585,0.4133,16,7,0,828
task_env_weather_195273,clothing,10,82,0.992156,0.986204,1.0,1.0,0,0.89858,0.89307,0.25373,0.02564,0.07715,4.43784,46.16,0.4773,4.57712,4.84527,0,9.8027,16.0,16,32.0,1.1022,0.7175,1,3.124,1.4961,0.1261,2,29.155,0.1244,0.0641,19,0,0,238
task_env_weather_195273,clothing,11,83,0.928162,0.91503,0.88401,1.0,0,0.83373,0.92859,0.25545,0.02259,0.08908,4.46782,46.1091,0.77745,4.51621,4.84527,0,7.6405,16.0,32,30.348,1.3296,0.9611,2,0.0,1.3618,0.05,1,29.82,0.1918,0.133,16,2,0,785
task_env_weather_195273,clothing,11,84,0.89092,0.880854,0.854731,1.0,0,0.80259,0.0,0.25182,0.02185,0.09865,4.4697,42.8298,0.81387,4.60165,4.84527,0,8.2975,16.0,8,32.0,1.0996,1.0,1,0.0,1.3859,0.05,4,32.0,0.1447,0.2697,8,1,0,644
task_env_weather_195273,clothing,11,85,0.967625,0.954574,1.0,1.0,0,0.86976,0.87063,0.25805,0.02967,0.09068,4.47007,24.6088,0.81981,4.51049,4.84527,0,5.4416,16.0,32,32.0,1.0825,0.7163,1,0.835,1.4526,0.05,4,32.0,0.0,0.1279,13,0,0,881
task_env_weather_195273,clothing,11,86,0.944914,0.931043,1.0,1.0,0,0.84832,0.88869,0.2553,0.02922,0.10704,4.72352,34.5496,0.84648,4.6092,4.84527,0,5.9906,16.0,8,32.0,1.2289,0.9831,1,4.204,1.5,0.05,8,26.869,0.1336,0.05,15,3,0,789
task_env_weather_195273,clothing,11,87,0.948893,0.934972,1.0,1.0,0,0.8519,0.85985,0.25602,0.02762,0.11891,4.49462,37.7687,0.68563,4.49731,4.84527,0,8.7148,16.0,32,30.622,1.5,1.0,1,0.0,1.344,0.05,2,25.871,0.0,0.421,13,1,0,558
task_env_weather_195273,clothing,11,88,0.959723,0.946035,0.80861,1.0,0,0.86198,0.90422,0.25411,0.02067,0.08069,4.38443,48.2331,0.68613,4.44848,4.84527,0,8.1202,16.0,32,31.277,1.053,1.0,1,7.911,1.2489,0.05,4,31.366,0.1874,0.1102,16,0,0,997
task_env_weather_195273,clothing,11,89,1000.0,0.250639,0.615137,1.0,0,0.22837,0.0,0.24381,0.01572,0.06347,3.69755,92.9888,0.37719,3.78981,4.84527,1,23.494,16.0,32,32.0,1.1456,0.9713,1,0.0,1.5,0.33,4,32.0,0.138,0.2896,15,1,0,977
task_env_weather_195273,clothing,11,90,0.746572,0.745026,1.0,1.0,0,0.67883,0.0,0.24913,0.03048,0.10294,4.39411,34.9031,0.68556,4.63796,4.84527,0,5.9727,16.0,32,32.0,1.5,0.9831,1,1.053,1.4163,0.05,8,17.992,0.0,0.05,12,3,0,675
task_env_weather_195273,clothing,11,91,1000.0,0.794172,1.0,1.0,0,0.72361,0.8903,0.25021,0.02827,0.09973,3.9634,89.4479,0.43803,4.32256,4.84527,1,24.376,16.0,32,27.384,1.5,1.0,1,0.0,1.442,0.2448,4,32.0,0.0,0.0538,15,2,0,811
task_env_weather_195273,clothing,12,92,0.944779,0.930911,0.64972,1.0,0,0.8482,0.90165,0.25244,0.01661,0.06265,4.77655,34.1215,0.69923,4.40045,4.84527,0,5.9947,16.0,32,27.333,1.3618,1.0,1,3.752,1.3794,0.0982,4,32.0,0.0,0.0873,13,0,0,891
task_env_weather_195273,clothing,12,93,0.794897,0.791714,1.0,1.0,0,0.72137,0.76323,0.25632,0.03903,0.12167,4.43563,45.6995,0.63968,4.30062,4.84527,0,7.5216,16.0,16,32.0,1.0996,1.0,2,2.433,1.3475,0.0657,8,32.0,0.1783,0.0641,14,3,0,958
task_env_weather_195273,clothing,12,94,0.842573,0.83658,0.900819,1.0,0,0.76225,0.0,0.24159,0.02302,0.09132,4.7814,36.8266,0.75702,4.48068,4.84527,0,7.8252,16.0,32,32.0,1.0474,1.0,1,5.937,1.5,0.055,2,27.798,0.0118,0.05,12,3,0,814
task_env_weather_195273,clothing,12,95,0.962248,0.948713,0.730601,1.0,0,0.86442,0.9208,0.25273,0.01867,0.07072,4.65386,46.6309,0.66778,4.3008,4.84527,0,7.9468,16.0,32,26.336,1.063,0.8995,2,8.906,1.4531,0.05,2,29.75,0.015,0.05,16,0,0,987
task_env_weather_195273,clothing,12,96,0.046425,0.046425,0.840358,1.0,0,0.0423,0.0,0.25874,0.02148,0.07979,4.06076,69.8915,0.63775,4.45117,4.84527,0,12.4499,16.0,32,28.355,0.9137,1.0,2,0.0,1.5,0.1872,8,31.346,0.0048,0.05,16,4,0,647
task_env_weather_195273,clothing,12,97,0.978464,0.967272,1.0,1.0,0,0.88133,0.88667,0.26165,0.03371,0.11642,4.62048,45.9882,0.69721,4.56389,4.84527,0,8.1413,16.0,16,32.0,0.7877,0.9153,1,0.847,1.5,0.05,4,32.0,0.0174,0.159,16,0,0,815
task_env_weather_195273,clothing,12,98,0.996217,0.992932,0.353254,1.0,0,0.90471,0.0,0.26188,0.00903,0.04036,4.78942,44.6605,0.73932,4.60944,4.84527,0,7.7553,16.0,32,26.995,1.3723,1.0,1,0.0,1.2908,0.05,4,32.0,0.0,0.05,17,1,0,933
task_env_weather_195273,clothing,12,99,0.982425,0.972321,1.0,1.0,0,0.88593,0.0,0.26352,0.0268,0.09535,4.43613,45.2494,0.79971,4.48709,4.84527,0,9.5414,16.0,32,32.0,1.3323,1.0,1,2.662,1.2493,0.05,4,29.21,0.2762,0.05,18,0,0,835
task_env_weather_195273,clothing,12,100,0.883329,0.873951,1.0,1.0,0,0.7963,0.87337,0.25354,0.03498,0.11097,4.68165,59.7682,0.47961,4.25393,4.84527,0,13.6763,16.0,32,32.0,1.1673,1.0,1,0.0,1.307,0.2262,4,32.0,0.0561,0.05,15,0,0,836
task_env_weather_195273,clothing,13,101,0.997149,1.0,1.0,0.994591,0,0.91744,0.88526,0.25298,0.02963,0.12948,4.88987,62.2819,0.51191,4.10105,4.84527,0,15.4545,16.0,32,24.201,0.8235,0.9827,2,0.0,1.5,0.2888,8,31.527,0.0,0.1031,19,4,0,580
task_env_weather_195273,clothing,13,102,0.926696,0.913659,1.0,1.0,0,0.83248,0.87207,0.25105,0.02722,0.09465,4.58391,49.1148,0.59146,4.32313,4.84527,0,10.0474,16.0,32,28.467,0.9716,1.0,2,0.0,1.5,0.2297,8,32.0,0.145,0.05,15,3,0,539
task_env_weather_195273,clothing,13,103,0.791359,0.788333,1.0,1.0,0,0.71829,0.91348,0.24931,0.03337,0.12535,4.29817,55.8802,0.69913,4.18838,4.84527,0,12.3426,16.0,32,23.89,1.1912,0.958,4,0.0,1.4418,0.2232,4,32.0,0.0,0.05,15,5,0,555
task_env_weather_195273,clothing,13,104,1000.0,0.883664,0.218788,1.0,0,0.80515,0.0,0.25131,0.00559,0.02254,4.55863,66.0538,0.35591,4.09833,4.84527,1,17.1188,16.0,16,25.808,0.7982,0.9437,2,2.499,1.4658,0.2299,4,31.085,0.1195,0.05,17,4,0,808
task_env_weather_195273,clothing,13,105,0.961507,0.947923,0.346376,1.0,0,0.8637,0.0,0.25844,0.00885,0.04633,4.83842,54.7815,0.37131,4.5228,4.84527,0,14.1235,16.0,32,28.194,0.8933,1.0,1,0.0,1.4236,0.1413,4,31.779,0.0729,0.05,17,5,0,641
task_env_weather_195273,clothing,13,106,1.0,1.0,0.801946,1.0,0,0.93069,0.0,0.26047,0.0205,0.09438,4.64812,53.9762,0.712,4.30175,4.84527,0,12.8283,16.0,32,29.879,0.9437,1.0,2,1.088,1.4975,0.2446,4,32.0,0.0,0.05,17,6,0,597
task_env_weather_195273,clothing,13,107,0.982072,0.97186,1.0,1.0,0,0.88551,0.84748,0.25602,0.03344,0.12694,4.55234,44.2339,0.70369,4.49051,4.84527,0,10.2327,16.0,16,27.057,0.8865,1.0,2,0.752,1.3267,0.1708,8,27.742,0.0422,0.055,14,4,0,833
task_env_weather_195273,clothing,13,108,1000.0,0.046557,0.008668,1.0,0,0.04242,0.0,0.24737,0.00022,0.00085,3.66074,105.431,0.07158,3.43861,4.84527,1,21.105,16.0,16,32.0,0.6986,0.8389,1,0.0,1.5,0.2797,4,32.0,0.1481,0.05,15,3,0,667
task_env_weather_195273,clothing,13,109,0.368152,0.36815,0.767457,1.0,0,0.33544,0.0,0.25999,0.01962,0.06666,4.65856,53.9542,0.73697,4.49015,4.84527,0,8.0542,16.0,16,25.416,0.9623,1.0,2,0.0,1.5,0.108,8,28.713,0.0,0.05,14,4,0,713
task_env_weather_195273,clothing,14,110,1000.0,0.95138,0.881356,1.0,0,0.86685,0.87999,0.24681,0.02253,0.09676,4.591,60.8848,0.65275,4.28157,4.84527,1,16.2168,16.0,32,26.804,0.7679,0.9005,2,0.0,1.4338,0.3007,8,30.394,0.136,0.1369,16,4,0,705
task_env_weather_195273,clothing,14,111,0.794724,0.791549,0.830567,1.0,0,0.72122,0.0,0.24952,0.02123,0.07352,4.48387,53.4229,0.49959,4.47516,4.84527,0,11.3654,16.0,32,32.0,0.916,0.9093,1,0.0,1.5,0.1097,4,30.836,0.0,0.1205,16,4,0,636
task_env_weather_195273,clothing,14,112,0.874157,0.865598,1.0,1.0,0,0.78869,0.91342,0.26055,0.02887,0.12032,4.79224,59.2753,0.77646,4.2383,4.84527,0,13.8761,16.0,32,24.132,1.142,1.0,1,0.653,1.5,0.1751,4,30.673,0.0,0.05,16,5,0,620
task_env_weather_195273,clothing,14,113,0.862846,0.85526,0.106171,1.0,0,0.77927,0.0,0.26185,0.00271,0.0121,4.46187,51.3008,0.69092,4.23002,4.84527,0,9.5087,16.0,16,30.968,0.9586,0.9241,2,5.899,1.4053,0.0969,8,32.0,0.0413,0.05,17,3,0,778
task_env_weather_195273,clothing,14,114,0.797221,0.793931,1.0,1.0,0,0.72339,0.0,0.24939,0.02665,0.12046,4.61736,53.0164,0.88525,4.55165,4.84527,0,11.8629,16.0,32,24.885,0.8428,0.943,2,1.0,1.5,0.2648,8,32.0,0.068,0.05,16,5,0,672
task_env_weather_195273,clothing,14,115,0.635158,0.634912,0.575269,1.0,0,0.5785,0.0,0.25256,0.0147,0.08482,4.82556,60.3922,0.48465,4.57911,4.84527,0,15.5566,16.0,32,30.846,0.8582,1.0,2,0.0,1.5,0.2472,8,30.662,0.0,0.05,14,4,0,725
task_env_weather_195273,clothing,14,116,0.659893,0.659518,0.895513,1.0,0,0.60092,0.0,0.2525,0.02289,0.08647,4.55521,50.4479,0.84676,4.64381,4.84527,0,11.8247,16.0,32,26.895,0.7438,0.7815,2,0.7,1.3901,0.211,8,31.084,0.023,0.0752,16,3,0,540
task_env_weather_195273,clothing,14,117,0.882726,0.873402,0.784278,1.0,0,0.7958,0.0,0.25285,0.02004,0.0805,4.54873,50.6083,0.62898,4.61141,4.84527,0,10.181,16.0,32,27.663,1.068,0.9777,2,0.0,1.4012,0.1071,4,30.839,0.0,0.05,16,5,0,614
task_env_weather_195273,clothing,14,118,0.813365,0.809252,0.879145,1.0,0,0.73735,0.0,0.24732,0.02247,0.08493,4.31657,51.8711,0.65763,4.56608,4.84527,0,11.4107,16.0,32,29.415,0.75,0.9671,2,0.0,1.4989,0.1869,8,32.0,0.1949,0.179,18,3,0,626
task_env_weather_195273,clothing,15,119,1000.0,0.0,0.90628,1.0,0,-0.03149,0.0,0.24608,0.02316,0.08914,3.92399,84.5222,0.45358,4.23623,4.84527,1,17.4396,16.0,32,27.162,1.0266,1.0,2,0.343,1.5,0.2739,8,29.384,0.0,0.05,16,5,0,601
task_env_weather_195273,clothing,15,120,1.0,1.0,0.411051,1.0,0,0.91713,0.0,0.26239,0.01051,0.0446,4.73929,46.4523,0.5605,4.35368,4.84527,0,9.8848,16.0,32,24.798,0.857,0.9476,2,0.0,1.5,0.1492,8,29.825,0.0598,0.05,17,3,0,660
task_env_weather_195273,clothing,15,121,0.823263,0.81857,0.789515,1.0,0,0.74584,0.0,0.25891,0.02018,0.06894,4.15276,55.0743,0.65171,4.16421,4.84527,0,11.4606,16.0,32,29.197,1.0029,1.0,2,1.088,1.5,0.1631,8,30.849,0.1071,0.05,16,3,0,703
task_env_weather_195273,clothing,15,122,0.737554,0.736212,1.0,1.0,0,0.6708,0.84848,0.24102,0.0274,0.10985,4.85547,59.3486,0.44714,4.43412,4.84527,0,14.3536,16.0,32,28.72,0.9821,1.0,2,0.156,1.4639,0.2264,4,29.633,0.1413,0.0602,15,3,0,710
task_env_weather_195273,clothing,15,123,0.942518,0.928705,0.989858,1.0,0,0.84619,0.9197,0.24971,0.0253,0.09219,4.51621,54.6933,0.62441,4.35446,4.84527,0,11.0009,16.0,32,25.78,0.8947,0.9227,2,0.21,1.5,0.2261,4,31.76,0.0007,0.05,16,2,0,630
task_env_weather_195273,clothing,15,124,0.998585,0.997245,0.620473,1.0,0,0.90864,0.0,0.26085,0.01586,0.06936,4.64738,42.0821,0.69925,4.55799,4.84527,0,7.8357,16.0,32,29.454,0.9565,0.9179,2,0.941,1.4835,0.0635,4,32.0,0.0027,0.1257,17,3,0,775
task_env_weather_195273,clothing,15,125,0.898485,0.887735,1.0,1.0,0,0.80886,0.89738,0.25425,0.02704,0.11256,4.30373,47.8666,0.98291,4.7772,4.84527,0,9.1406,16.0,32,30.502,1.0638,1.0,2,0.0,1.5,0.1625,8,32.0,0.0027,0.05,15,2,0,714
task_env_weather_195273,clothing,15,126,0.991253,0.984799,0.457967,1.0,0,0.8973,0.0,0.25904,0.0117,0.05804,4.65162,46.458,0.73174,4.62981,4.84527,0,10.0715,16.0,32,28.196,0.9393,1.0,2,0.0,1.4731,0.1351,4,30.048,0.0186,0.05,17,4,0,588
task_env_weather_195273,clothing,15,127,0.658115,0.657751,1.0,1.0,0,0.59931,0.0,0.25509,0.02846,0.10812,4.35139,50.0414,0.74876,4.40182,4.84527,0,10.6976,16.0,32,28.331,0.886,1.0,2,1.204,1.4828,0.2493,8,30.949,0.0302,0.0664,15,3,0,620
task_env_weather_195273,clothing,16,128,1000.0,0.989277,0.624555,1.0,0,0.90138,0.0,0.25721,0.01596,0.09085,4.86172,74.2235,0.36725,4.39789,4.84527,1,20.0659,16.0,32,27.478,0.8416,0.9891,2,3.105,1.4827,0.2496,4,31.879,0.0617,0.05,17,4,0,639
task_env_weather_195273,clothing,16,129,0.910968,0.899127,1.0,1.0,0,0.81924,0.86156,0.25365,0.02607,0.09848,4.39467,47.0455,0.68715,4.51466,4.84527,0,9.8865,16.0,32,31.135,0.814,0.9412,2,1.147,1.4803,0.1496,8,29.038,0.0,0.0892,18,3,0,626
task_env_weather_195273,clothing,16,130,0.473756,0.473742,0.792165,1.0,0,0.43165,0.0,0.25452,0.02025,0.06262,4.23096,60.836,0.80679,4.09926,4.84527,0,11.88,16.0,32,27.715,0.8357,1.0,2,0.0,1.5,0.1906,8,30.621,0.0155,0.0915,16,4,0,643
task_env_weather_195273,clothing,16,131,1000.0,0.055973,0.889881,1.0,0,0.051,0.0,0.25645,0.02274,0.09082,4.17472,72.8664,0.4799,4.10305,4.84527,1,17.6862,16.0,32,28.509,0.9947,0.9384,2,3.79,1.5,0.1752,8,32.0,0.0,0.05,16,2,0,701
task_env_weather_195273,clothing,16,132,0.584265,0.584163,0.908685,1.0,0,0.53226,0.0,0.25213,0.02322,0.0822,4.23612,55.9979,0.6019,4.30373,4.84527,0,10.1201,16.0,32,31.642,0.9853,1.0,2,0.489,1.5,0.1448,4,31.927,0.0203,0.05,16,3,0,715
task_env_weather_195273,clothing,16,133,0.919868,0.907315,1.0,1.0,0,0.8267,0.85728,0.25071,0.02813,0.12076,4.37272,59.8655,0.44898,4.41017,4.84527,0,13.6287,16.0,32,29.841,0.8505,1.0,2,0.0,1.4858,0.23,8,32.0,0.0,0.0691,16,2,0,619
task_env_weather_195273,clothing,16,134,0.972604,0.982231,0.519913,0.965689,0,0.89496,0.0,0.25974,0.01329,0.06147,5.03622,50.5185,0.58508,4.2662,4.84527,0,11.2134,16.0,32,25.873,0.9353,0.9556,2,1.064,1.4479,0.1542,8,30.066,0.1103,0.05,17,4,0,665
task_env_weather_195273,clothing,16,135,0.990195,0.993228,0.438008,0.987491,0,0.90498,0.0,0.25694,0.01119,0.06643,4.92502,62.7106,0.45617,4.4043,4.84527,0,15.8066,16.0,32,26.619,0.9839,0.9811,2,0.429,1.5,0.1825,8,30.34,0.0,0.05,17,2,0,639
task_env_weather_195273,clothing,16,136,0.989929,0.982791,0.226026,1.0,0,0.89547,0.90187,0.26089,0.00578,0.02625,4.71787,49.7323,0.66985,4.57453,4.84527,0,10.6304,16.0,32,26.634,0.8718,1.0,2,1.958,1.4826,0.1087,8,30.914,0.0608,0.05,17,3,0,652
task_env_weather_195273,clothing,17,137,0.765147,0.763091,1.0,1.0,0,0.69529,0.0,0.2532,0.02881,0.08835,4.61077,51.1779,0.6405,4.36142,4.84527,0,10.4008,16.0,32,29.475,0.8876,0.9293,2,0.907,1.5,0.2352,8,31.306,0.0187,0.05,16,4,0,636
task_env_weather_195273,clothing,17,138,0.062152,0.062152,0.895086,1.0,0,0.05663,0.0,0.25465,0.02288,0.06414,4.15082,57.7713,0.64761,4.27064,4.84527,0,12.071,16.0,32,28.163,0.9561,1.0,2,1.002,1.5,0.2061,8,30.971,0.0,0.05,16,4,0,627
task_env_weather_195273,clothing,17,139,0.912416,0.900455,1.0,1.0,0,0.82045,0.91894,0.25946,0.02925,0.1138,4.53515,61.6177,0.73358,4.36214,4.84527,0,15.7227,16.0,32,29.324,0.897,0.9912,2,0.619,1.5,0.1783,8,31.528,0.0,0.05,16,3,0,628
task_env_weather_195273,clothing,17,140,0.922416,0.909675,1.0,1.0,0,0.82885,0.93057,0.25846,0.02941,0.11537,4.27549,54.2127,0.90543,4.7804,4.84527,0,11.4571,16.0,32,29.232,0.9336,1.0,2,0.925,1.5,0.1922,8,31.47,0.0154,0.05,16,3,0,629
task_env_weather_195273,clothing,17,141,0.925296,0.912353,1.0,1.0,0,0.83129,0.0,0.25988,0.03158,0.12892,4.85783,60.6399,1.06466,4.41016,4.84527,0,14.2793,16.0,32,29.613,0.8731,0.9475,2,0.079,1.4458,0.2158,8,29.031,0.0316,0.0826,16,2,0,651
task_env_weather_195273,clothing,17,142,0.98305,0.973144,0.126541,1.0,0,0.88668,0.0,0.26651,0.00323,0.01414,4.63904,54.0553,0.55655,4.43063,4.84527,0,12.7893,16.0,32,29.014,0.8812,1.0,2,0.0,1.5,0.1561,8,30.422,0.0,0.05,17,3,0,632
task_env_weather_195273,clothing,17,143,0.751625,0.749953,1.0,1.0,0,0.68332,0.92734,0.25494,0.02838,0.10489,4.5909,56.3933,0.71532,4.58083,4.84527,0,11.6183,16.0,32,27.079,0.9449,1.0,2,0.0,1.4236,0.2314,8,31.279,0.0521,0.0589,15,3,0,649
task_env_weather_195273,clothing,17,144,0.963302,0.949844,0.94059,1.0,0,0.86545,0.95039,0.25378,0.02404,0.1077,4.6748,52.0605,0.596,4.23151,4.84527,0,11.0129,16.0,32,28.142,0.9215,0.9761,2,0.074,1.5,0.1766,8,29.815,0.0,0.05,16,2,0,677
task_env_weather_195273,clothing,17,145,0.84892,0.842452,0.910484,1.0,0,0.7676,0.0,0.25711,0.02327,0.0847,3.92266,61.8128,0.51061,4.09535,4.84527,0,14.1321,16.0,32,30.525,0.8915,0.9985,2,0.0,1.4831,0.2138,4,31.261,0.0098,0.05,16,4,0,654
task_env_weather_195273,clothing,18,146,0.947566,0.933655,1.0,1.0,0,0.8507,0.0,0.25035,0.02763,0.11171,4.65604,57.369,0.57596,4.64178,4.84527,0,12.5994,16.0,32,28.004,0.9842,0.9834,2,0.468,1.4099,0.1931,8,31.969,0.045,0.0575,16,4,0,642
task_env_weather_195273,clothing,18,147,0.772851,0.770543,1.0,1.0,0,0.70208,0.82365,0.25836,0.0369,0.12373,4.54062,51.5155,0.87912,4.8398,4.84527,0,9.902,16.0,32,27.846,0.8838,1.0,2,0.0,1.4882,0.1714,8,31.499,0.0319,0.0626,15,4,0,629
task_env_weather_195273,clothing,18,148,0.957527,0.943741,1.0,1.0,0,0.85989,0.88167,0.25541,0.0373,0.12058,4.75436,50.8173,0.59734,4.49806,4.84527,0,11.5165,16.0,32,27.856,0.9204,0.9891,2,0.0,1.5,0.1671,8,29.867,0.0104,0.05,15,4,0,641
task_env_weather_195273,clothing,18,149,0.991454,0.992438,0.453046,0.990508,0,0.90426,0.0,0.26161,0.01158,0.05879,4.91003,48.6847,0.61085,4.63933,4.84527,0,11.6246,16.0,32,28.72,0.8975,1.0,2,0.0,1.4915,0.1994,4,32.0,0.021,0.05,17,4,0,650
task_env_weather_195273,clothing,18,150,0.691067,0.690435,0.9669,1.0,0,0.62909,0.0,0.25045,0.02471,0.10749,4.25661,53.8781,0.6471,4.41605,4.84527,0,11.7265,16.0,32,27.642,0.8777,0.9909,2,0.0,1.4431,0.1845,8,32.0,0.0,0.0839,16,4,0,668
task_env_weather_195273,clothing,18,151,0.1543,0.1543,0.848107,1.0,0,0.14059,0.0,0.25471,0.02168,0.06154,4.33928,54.3588,0.63939,4.29817,4.84527,0,10.7644,16.0,32,27.806,0.9012,0.9944,2,0.0,1.4902,0.1658,8,30.51,0.0,0.05,16,3,0,627
task_env_weather_195273,clothing,18,152,0.849692,0.843165,0.953941,1.0,0,0.76825,0.89518,0.25095,0.02438,0.10776,4.39568,54.3123,0.68072,4.42654,4.84527,0,11.7559,16.0,32,27.833,0.9112,0.9886,2,0.0,1.453,0.1687,4,32.0,0.018,0.0668,16,3,0,653
task_env_weather_195273,clothing,18,153,0.595624,0.5955,0.787898,1.0,0,0.54259,0.0,0.25298,0.02014,0.0767,4.21268,54.3745,0.56616,4.336,4.84527,0,11.6661,16.0,32,28.287,0.899,0.9745,2,1.033,1.4965,0.1696,8,30.911,0.0,0.05,16,4,0,618
task_env_weather_195273,clothing,18,154,0.961538,0.947956,0.96778,1.0,0,0.86373,0.89728,0.24972,0.02474,0.08969,4.56541,50.5107,0.67739,4.46615,4.84527,0,10.8626,16.0,32,28.193,0.9467,0.993,2,0.0,1.5,0.1964,8,31.121,0.0383,0.0929,16,4,0,646
task_env_weather_195273,clothing,19,155,0.955722,0.941876,1.0,1.0,0,0.85819,0.0,0.25693,0.03198,0.13235,4.45344,53.0692,0.71687,4.34185,4.84527,0,11.8071,16.0,32,29.387,0.9161,0.9841,2,0.0,1.5,0.1698,8,31.286,0.0,0.0583,16,3,0,658
task_env_weather_195273,clothing,19,156,0.952134,0.938221,0.935441,1.0,0,0.85486,0.92726,0.25809,0.02391,0.09677,4.46009,55.7874,0.69598,4.37889,4.84527,0,12.8818,16.0,32,29.011,0.9223,0.9947,2,0.0,1.4934,0.1735,8,31.183,0.0,0.0575,16,4,0,676
task_env_weather_195273,clothing,19,157,1.0,1.0,0.466436,1.0,0,0.92275,0.0,0.26353,0.01192,0.04721,4.6812,51.5776,0.59069,4.51074,4.84527,0,10.7905,16.0,32,27.582,0.9708,0.9868,2,0.272,1.4835,0.1753,8,31.642,0.0,0.05,17,3,0,609
task_env_weather_195273,clothing,19,158,0.854098,0.847226,1.0,1.0,0,0.77195,0.0,0.26116,0.03166,0.12381,4.7256,57.3236,0.85319,4.44642,4.84527,0,12.1868,16.0,32,28.738,0.9063,1.0,2,0.0,1.5,0.1806,8,32.0,0.0233,0.05,16,5,0,659
task_env_weather_195273,clothing,19,159,0.563875,0.563804,0.939093,1.0,0,0.51371,0.0,0.25267,0.024,0.08568,4.30805,60.8344,0.5591,4.23782,4.84527,0,12.5606,16.0,32,29.614,0.954,1.0,2,0.0,1.499,0.1831,8,30.598,0.0705,0.1,16,4,0,665
task_env_weather_195273,clothing,19,160,0.439123,0.439115,0.841844,1.0,0,0.4001,0.0,0.25094,0.02152,0.07094,4.0138,56.8252,0.70788,4.32466,4.84527,0,11.5709,16.0,32,27.708,0.9065,0.9974,2,0.958,1.5,0.1804,8,31.782,0.032,0.05,16,4,0,626
task_env_weather_195273,clothing,19,161,0.983981,0.974384,0.317859,1.0,0,0.88781,0.0,0.26204,0.00812,0.03368,4.75823,56.1555,0.7085,4.56104,4.84527,0,12.3699,16.0,32,28.74,0.8872,1.0,2,0.0,1.4827,0.1973,8,31.86,0.0,0.05,17,4,0,649
task_env_weather_195273,clothing,19,162,0.908894,0.897229,0.939041,1.0,0,0.81751,0.96526,0.25301,0.024,0.11441,4.56913,58.8146,0.70165,4.49583,4.84527,0,13.9204,16.0,32,28.391,0.918,0.99,2,0.519,1.4757,0.1777,8,31.237,0.0,0.05,16,3,0,644
task_env_weather_195273,clothing,19,163,0.934182,0.920705,0.698033,1.0,0,0.8389,0.96372,0.25508,0.01784,0.0665,4.46984,58.8142,0.76193,4.57213,4.84527,0,12.9057,16.0,32,27.693,0.8993,1.0,2,0.528,1.5,0.2168,8,31.039,0.0003,0.0567,16,4,0,649
task_env_weather_195273,clothing,20,164,0.972567,0.960193,0.499518,1.0,0,0.87488,0.0,0.2595,0.01277,0.05736,4.2788,54.7345,0.56785,4.4401,4.84527,0,12.2026,16.0,32,28.666,0.8842,0.9712,2,0.087,1.4963,0.1949,8,30.807,0.0249,0.0682,17,3,0,657
task_env_weather_195273,clothing,20,165,0.927681,0.91458,0.878574,1.0,0,0.83332,0.93109,0.25856,0.02246,0.10405,4.74201,61.1272,0.77978,4.31284,4.84527,0,14.9073,16.0,32,28.414,0.8993,0.9965,2,0.196,1.5,0.1933,8,30.788,0.0069,0.05,16,4,0,652
task_env_weather_195273,clothing,20,166,0.939864,0.926137,1.0,1.0,0,0.84385,0.88128,0.25072,0.02697,0.11351,4.60993,56.0766,0.51933,4.4062,4.84527,0,13.0238,16.0,32,28.75,0.9168,1.0,2,0.0,1.4889,0.1881,8,30.874,0.0,0.0806,16,3,0,633
task_env_weather_195273,clothing,20,167,0.93551,0.921967,1.0,1.0,0,0.84005,0.0,0.25051,0.02854,0.11605,4.69308,58.8438,0.55731,4.63886,4.84527,0,13.1184,16.0,32,28.098,0.9066,0.9907,2,0.0,1.5,0.1972,8,31.466,0.0,0.0674,16,3,0,642
task_env_weather_195273,clothing,20,168,1000.0,0.896296,1.0,0.976376,0,0.81666,0.88219,0.25619,0.02687,0.11909,4.98109,65.642,0.51503,4.29971,4.84527,1,16.5221,16.0,32,28.938,0.914,0.9888,2,0.0,1.5,0.1877,8,31.416,0.0008,0.05,16,3,0,639
task_env_weather_195273,clothing,20,169,0.980926,0.970378,0.305419,1.0,0,0.88416,0.0,0.26193,0.00781,0.03189,4.70013,55.7442,0.71005,4.53745,4.84527,0,12.1635,16.0,32,29.147,0.9314,1.0,2,0.0,1.5,0.1876,8,31.936,0.0,0.05,17,4,0,649
task_env_weather_195273,clothing,20,170,0.242518,0.242518,1.0,1.0,0,0.22097,0.0,0.25685,0.02612,0.11577,3.88876,59.7303,0.51357,4.25688,4.84527,0,12.9158,16.0,32,28.428,0.8982,0.9914,2,0.0,1.5,0.1929,8,31.757,0.03,0.0761,16,3,0,666
task_env_weather_195273,clothing,20,171,0.807924,0.804105,0.893244,1.0,0,0.73266,0.91368,0.25699,0.02283,0.09481,4.49287,53.9994,0.6547,4.35941,4.84527,0,12.0739,16.0,32,27.46,0.9308,1.0,2,0.085,1.5,0.1817,4,31.273,0.0,0.05,16,4,0,670
task_env_weather_195273,clothing,20,172,0.954718,0.942874,0.962332,0.979217,0,0.8591,0.97268,0.2542,0.0246,0.10957,4.96664,53.5152,0.56775,4.23986,4.84527,0,11.4957,16.0,32,29.488,0.9112,0.9975,2,0.783,1.4664,0.1914,8,31.288,0.0,0.0581,16,3,0,677
task_env_weather_195273,clothing,21,173,0.904821,0.893508,1.0,1.0,0,0.81412,0.0,0.25702,0.0329,0.13892,4.3502,55.1156,0.71813,4.37759,4.84527,0,12.7039,16.0,32,28.51,0.9255,0.998,2,0.0,1.5,0.1952,8,31.018,0.0,0.0616,16,3,0,658
task_env_weather_195273,clothing,21,174,0.887468,0.877715,1.0,1.0,0,0.79973,0.92313,0.25927,0.02884,0.11649,4.63281,60.6854,0.58646,4.19775,4.84527,0,14.0944,16.0,32,27.994,0.9384,1.0,2,0.0,1.5,0.1862,8,31.414,0.0177,0.0528,16,4,0,655
task_env_weather_195273,clothing,21,175,0.024014,0.024014,0.835918,1.0,0,0.02188,0.0,0.25835,0.02136,0.0815,3.9975,70.8047,0.63758,4.49467,4.84527,0,12.6427,16.0,32,29.087,0.9133,0.9995,2,0.0,1.4842,0.1934,8,31.906,0.0,0.0571,16,4,0,647
task_env_weather_195273,clothing,21,176,0.847114,0.840784,0.895571,1.0,0,0.76608,0.0,0.25745,0.02289,0.0827,4.02954,58.9103,0.54024,4.17174,4.84527,0,12.9305,16.0,32,28.903,0.9254,1.0,2,0.579,1.4814,0.1844,8,31.249,0.0351,0.0582,16,4,0,654
task_env_weather_195273,clothing,21,177,0.805539,0.801844,1.0,1.0,0,0.7306,0.85616,0.25417,0.02656,0.08902,4.4941,50.2129,0.66235,4.35235,4.84527,0,9.3694,16.0,32,28.341,0.903,1.0,2,0.0,1.5,0.172,8,31.507,0.0216,0.05,16,4,0,636
task_env_weather_195273,clothing,21,178,0.936612,0.923492,0.983373,0.969616,0,0.84144,0.9006,0.2492,0.02513,0.10665,5.01582,52.5333,0.65608,4.3022,4.84527,0,10.8089,16.0,32,28.385,0.8872,0.9851,2,0.0,1.5,0.1898,8,30.857,0.0,0.05,16,4,0,638
task_env_weather_195273,clothing,21,179,0.835627,0.830127,0.906273,1.0,0,0.75637,0.0,0.25783,0.02316,0.08337,4.00849,59.1567,0.52231,4.17721,4.84527,0,13.1018,16.0,32,28.213,0.9043,0.9952,2,0.0,1.5,0.19,8,31.551,0.0,0.05,16,3,0,654
task_env_weather_195273,clothing,21,180,0.951568,0.93765,1.0,1.0,0,0.85434,0.0,0.2509,0.02639,0.10667,4.54516,56.5062,0.57523,4.67584,4.84527,0,12.0682,16.0,32,28.459,0.894,1.0,2,0.004,1.5,0.1711,8,31.287,0.0,0.0607,16,3,0,642
task_env_weather_195273,clothing,21,181,0.908426,0.896801,1.0,1.0,0,0.81712,0.0,0.24824,0.02772,0.10383,4.47641,51.6317,0.67647,4.33087,4.84527,0,11.1536,16.0,32,28.373,0.9058,1.0,2,0.0,1.49,0.185,8,31.263,0.0,0.05,16,3,0,640
task_env_weather_195273,clothing,22,182,1000.0,0.897854,1.0,0.979796,0,0.81808,0.89316,0.2563,0.02774,0.12365,4.9637,66.3395,0.5247,4.31323,4.84527,1,16.8541,16.0,32,29.393,0.9186,0.993,2,0.0,1.4827,0.1902,8,32.0,0.0018,0.0539,16,4,0,639
task_env_weather_195273,clothing,22,183,0.048576,0.048576,0.842902,1.0,0,0.04426,0.0,0.2585,0.02154,0.0819,3.99168,70.0166,0.62257,4.46865,4.84527,0,12.3414,16.0,32,29.06,0.8936,0.9981,2,0.0,1.4812,0.1917,8,31.861,0.0065,0.0511,16,3,0,647
task_env_weather_195273,clothing,22,184,0.929788,0.916556,1.0,1.0,0,0.83512,0.0,0.26046,0.03219,0.129,4.56675,60.4453,1.03867,4.47307,4.84527,0,13.8651,16.0,32,29.194,0.918,1.0,2,0.0,1.4964,0.1941,8,31.938,0.0,0.0776,16,4,0,651
task_env_weather_195273,clothing,22,185,0.910285,0.898502,1.0,1.0,0,0.81867,0.0,0.24795,0.02781,0.10501,4.34698,51.8559,0.67342,4.31948,4.84527,0,11.3124,16.0,32,28.882,0.9164,0.999,2,0.0,1.4825,0.1912,8,31.962,0.0,0.0555,16,3,0,640
task_env_weather_195273,clothing,22,186,0.947655,0.933743,1.0,1.0,0,0.85078,0.0,0.25067,0.0286,0.11631,4.66365,58.2972,0.57572,4.5995,4.84527,0,12.8778,16.0,32,29.158,0.9185,0.9983,2,0.075,1.4972,0.191,8,31.809,0.015,0.05,16,4,0,642
task_env_weather_195273,clothing,22,187,0.842775,0.836767,0.860076,1.0,0,0.76242,0.0,0.26537,0.02198,0.08939,4.46913,59.592,0.54076,4.08436,4.84527,0,15.1615,16.0,32,29.32,0.9,1.0,2,0.0,1.4835,0.2011,8,31.953,0.0138,0.0522,16,3,0,632
task_env_weather_195273,clothing,22,188,0.581967,0.581869,0.932622,1.0,0,0.53017,0.0,0.25412,0.02384,0.09049,3.969,57.9162,0.54183,4.18747,4.84527,0,11.5327,16.0,32,28.987,0.9134,0.9911,2,0.103,1.4736,0.1808,8,31.531,0.0,0.0522,16,3,0,645
task_env_weather_195273,clothing,22,189,0.953304,0.939406,0.979249,1.0,0,0.85594,0.87123,0.25032,0.02503,0.08947,4.50761,50.3544,0.67423,4.44397,4.84527,0,10.6764,16.0,32,29.312,0.8988,0.9977,2,0.051,1.49,0.1979,8,31.651,0.0,0.0516,16,4,0,646
task_env_weather_195273,clothing,22,190,0.563226,0.563156,0.928204,1.0,0,0.51312,0.0,0.25366,0.02372,0.08824,3.9556,59.5661,0.53658,4.20782,4.84527,0,12.2159,16.0,32,28.962,0.926,0.9929,2,0.0,1.468,0.1982,8,31.819,0.0115,0.0538,16,4,0,645
task_env_weather_195273,clothing,23,191,0.908149,0.896548,1.0,1.0,0,0.81689,0.0,0.24805,0.02764,0.10489,4.43542,51.7097,0.67381,4.31243,4.84527,0,11.2103,16.0,32,29.055,0.9207,1.0,2,0.128,1.4744,0.1883,8,31.859,0.0047,0.0555,16,3,0,640
task_env_weather_195273,clothing,23,192,0.929508,0.916293,1.0,1.0,0,0.83488,0.0,0.24753,0.02791,0.10663,4.33279,52.0653,0.68767,4.36958,4.84527,0,11.4796,16.0,32,29.122,0.9281,0.9974,2,0.0,1.4783,0.1967,8,31.972,0.0,0.0577,16,4,0,640
task_env_weather_195273,clothing,23,193,1000.0,0.894683,1.0,1.0,0,0.81519,0.87679,0.25658,0.02807,0.12546,4.78427,68.1397,0.51544,4.32012,4.84527,1,17.3935,16.0,32,29.02,0.9066,1.0,2,0.0,1.4834,0.1985,8,31.705,0.0028,0.0518,16,4,0,639
task_env_weather_195273,clothing,23,194,0.920663,0.90805,1.0,1.0,0,0.82737,0.0,0.26093,0.03255,0.1304,4.54033,60.6423,1.039,4.53257,4.84527,0,13.8902,16.0,32,29.171,0.9167,1.0,2,0.182,1.4747,0.1981,8,31.686,0.0,0.0649,16,4,0,651
task_env_weather_195273,clothing,23,195,0.945641,0.931757,1.0,1.0,0,0.84897,0.0,0.25014,0.02768,0.11208,4.57988,57.7006,0.57936,4.60551,4.84527,0,12.6804,16.0,32,29.092,0.91,0.9925,2,0.186,1.497,0.1859,8,31.77,0.0014,0.0614,16,4,0,642
task_env_weather_195273,clothing,23,196,0.870934,0.862657,1.0,1.0,0,0.78601,0.91557,0.25916,0.02811,0.1137,4.64125,60.8618,0.5705,4.14797,4.84527,0,14.079,16.0,32,29.25,0.9132,1.0,2,0.08,1.4884,0.1905,8,32.0,0.0,0.0523,16,3,0,655
task_env_weather_195273,clothing,23,197,0.563523,0.563453,0.943596,1.0,0,0.51339,0.0,0.25384,0.02412,0.08804,3.92659,59.8489,0.52429,4.2299,4.84527,0,12.2158,16.0,32,29.325,0.8997,0.9971,2,0.136,1.4907,0.1989,8,31.974,0.0093,0.0516,16,3,0,645
task_env_weather_195273,clothing,23,198,0.920948,0.908314,1.0,1.0,0,0.82761,0.0,0.26077,0.03205,0.1303,4.65831,60.9327,1.0182,4.53932,4.84527,0,13.806,16.0,32,29.025,0.9288,1.0,2,0.344,1.4911,0.1979,8,31.908,0.0019,0.0661,16,3,0,651
task_env_weather_195273,clothing,23,199,1000.0,0.897108,1.0,1.0,0,0.8174,0.88578,0.25691,0.02758,0.12252,4.84372,66.1823,0.51007,4.27498,4.84527,1,16.6935,16.0,32,29.136,0.9223,0.9919,2,0.0,1.4828,0.1915,8,31.84,0.0052,0.0636,16,3,0,639
task_env_weather_195273,clothing,24,200,0.913255,0.901224,1.0,1.0,0,0.82115,0.0,0.24804,0.02798,0.10645,4.3539,51.9396,0.67253,4.3698,4.84527,0,11.3682,16.0,32,29.449,0.9135,1.0,2,0.0,1.4909,0.1922,8,31.969,0.0,0.0589,16,3,0,640
task_env_weather_195273,clothing,24,201,0.923775,0.910937,0.883974,1.0,0,0.83,0.92015,0.25848,0.02259,0.10506,4.60823,61.7264,0.78091,4.3176,4.84527,0,15.1442,16.0,32,29.108,0.9227,1.0,2,0.094,1.4909,0.1973,8,31.678,0.0,0.0622,16,4,0,652
task_env_weather_195273,clothing,24,202,0.973963,0.961828,0.880535,1.0,0,0.87637,0.0,0.25416,0.02251,0.09248,4.75349,50.7209,0.58483,4.64557,4.84527,0,11.4277,16.0,32,29.308,0.9202,0.9934,2,0.0,1.4914,0.1908,8,32.0,0.0,0.0574,16,4,0,650
task_env_weather_195273,clothing,24,203,0.945786,0.931899,1.0,1.0,0,0.8491,0.0,0.25094,0.02913,0.11865,4.72026,58.6466,0.57328,4.61214,4.84527,0,13.0037,16.0,32,29.043,0.9218,1.0,2,0.0,1.4778,0.1954,8,31.676,0.0,0.0563,16,4,0,642
task_env_weather_195273,clothing,24,204,0.914557,0.90242,0.759697,1.0,0,0.82224,0.95861,0.25591,0.01942,0.07208,4.62904,56.985,0.73919,4.59977,4.84527,0,12.1006,16.0,32,29.057,0.9163,1.0,2,0.036,1.4834,0.1956,8,31.925,0.0,0.061,16,3,0,649
task_env_weather_195273,clothing,24,205,0.967427,0.954354,0.877719,1.0,0,0.86956,0.0,0.25439,0.02243,0.09007,4.78356,50.5346,0.56938,4.57344,4.84527,0,11.1804,16.0,32,29.111,0.9221,1.0,2,0.0,1.4846,0.1912,8,31.981,0.0,0.061,16,3,0,650
task_env_weather_195273,clothing,24,206,1000.0,0.692389,0.707301,0.988434,0,0.63087,0.0,0.25412,0.01808,0.09,4.92033,67.3798,0.59695,4.61392,4.84527,1,16.1258,16.0,32,29.233,0.9125,1.0,2,0.087,1.482,0.1929,8,31.752,0.0054,0.0565,16,4,0,648
task_env_weather_195273,clothing,24,207,0.572249,0.572167,0.929043,1.0,0,0.52133,0.0,0.25391,0.02374,0.08799,3.97863,59.1291,0.5429,4.25754,4.84527,0,12.0172,16.0,32,29.02,0.9143,0.9959,2,0.194,1.4803,0.1905,8,31.665,0.0,0.0572,16,4,0,645
task_env_weather_195273,clothing,24,208,0.521792,0.521758,0.80593,1.0,0,0.4754,0.0,0.25495,0.0206,0.06631,4.26949,59.9567,0.78519,4.07043,4.84527,0,11.3222,16.0,32,29.162,0.9247,0.9995,2,0.075,1.4734,0.192,8,31.876,0.0,0.0535,16,3,0,643
task_env_weather_195273,clothing,25,209,0.911579,0.899687,0.962126,1.0,0,0.81975,0.95586,0.25347,0.02459,0.11797,4.57319,60.8316,0.69919,4.42396,4.84527,0,14.7039,16.0,32,29.095,0.9112,1.0,2,0.0,1.4859,0.192,8,31.655,0.0,0.0548,16,3,0,644
task_env_weather_195273,clothing,25,210,0.994895,0.99066,1.0,1.0,0,0.90264,0.0,0.25402,0.02678,0.11014,4.4459,57.055,0.59814,4.32127,4.84527,0,14.0646,16.0,32,29.024,0.9122,0.9988,2,0.131,1.4827,0.1961,8,31.956,0.0,0.0586,16,3,0,641
task_env_weather_195273,clothing,25,211,0.89308,0.882818,0.961149,1.0,0,0.80438,0.93297,0.25277,0.02457,0.0986,4.66214,61.3819,0.71617,4.45228,4.84527,0,14.9946,16.0,32,29.168,0.9091,0.9975,2,0.0,1.4844,0.1923,8,31.931,0.0017,0.0538,16,4,0,644
task_env_weather_195273,clothing,25,212,0.714303,0.713088,0.709616,0.983026,0,0.64973,0.0,0.25355,0.01814,0.08992,4.9474,66.7324,0.59873,4.60081,4.84527,0,15.9747,16.0,32,29.104,0.9162,0.9938,2,0.0,1.4807,0.1899,8,31.907,0.0001,0.061,16,4,0,648
task_env_weather_195273,clothing,25,213,0.908258,0.896647,0.960822,1.0,0,0.81698,0.95696,0.25343,0.02456,0.11676,4.57281,61.4531,0.6981,4.45446,4.84527,0,14.9793,16.0,32,28.978,0.9144,0.9972,2,0.095,1.4814,0.1982,8,31.778,0.0033,0.0561,16,3,0,644
task_env_weather_195273,clothing,25,214,0.926578,0.913549,1.0,1.0,0,0.83238,0.85994,0.26018,0.03168,0.12683,4.67421,59.3696,1.02867,4.42542,4.84527,0,13.5152,16.0,32,29.173,0.9152,1.0,2,0.0,1.4811,0.1873,8,31.781,0.0071,0.0635,16,4,0,651
task_env_weather_195273,clothing,25,215,0.401727,0.401723,0.813922,1.0,0,0.36603,0.0,0.25451,0.0208,0.06581,4.1947,60.9338,0.78949,4.08412,4.84527,0,11.5571,16.0,32,29.068,0.9191,1.0,2,0.0,1.4826,0.1996,8,31.854,0.0,0.0507,16,3,0,643
task_env_weather_195273,clothing,25,216,0.947144,0.933238,0.989638,1.0,0,0.85032,0.87696,0.25102,0.02529,0.08871,4.5991,50.0138,0.66308,4.49732,4.84527,0,10.3246,16.0,32,29.161,0.9132,1.0,2,0.0,1.4842,0.19,8,31.835,0.001,0.0509,16,3,0,646
task_env_weather_195273,clothing,25,217,0.913541,0.901487,0.726275,1.0,0,0.82139,0.95672,0.25497,0.01856,0.06724,4.69009,56.5947,0.74045,4.61157,4.84527,0,11.9742,16.0,32,29.114,0.9107,1.0,2,0.0,1.4895,0.1906,8,32.0,0.0024,0.0559,16,3,0,649
task_env_weather_195273,clothing,26,218,0.702765,0.701959,0.726615,0.996951,0,0.63959,0.0,0.25425,0.01857,0.09152,4.87829,66.6218,0.5798,4.56502,4.84527,0,15.8167,16.0,32,28.944,0.917,1.0,2,0.006,1.4824,0.1923,8,31.848,0.0,0.0575,16,3,0,648
task_env_weather_195273,clothing,26,219,0.943127,0.929298,1.0,1.0,0,0.84673,0.0,0.25044,0.02832,0.11548,4.72726,58.2795,0.57546,4.59308,4.84527,0,12.8643,16.0,32,28.955,0.9145,0.9982,2,0.0,1.4836,0.1919,8,31.981,0.0,0.0513,16,4,0,642
task_env_weather_195273,clothing,26,220,1000.0,0.703858,0.715967,0.997913,0,0.64132,0.0,0.25404,0.0183,0.09033,4.87359,67.012,0.59697,4.62144,4.84527,1,16.0348,16.0,32,29.075,0.9112,0.9962,2,0.0,1.4794,0.1921,8,31.825,0.0041,0.0527,16,4,0,648
task_env_weather_195273,clothing,26,221,0.690679,0.690051,0.728181,1.0,0,0.62874,0.0,0.25463,0.01861,0.09004,4.78092,66.8453,0.57966,4.56261,4.84527,0,15.8871,16.0,32,29.095,0.908,0.9999,2,0.011,1.4885,0.1931,8,31.915,0.0,0.0572,16,3,0,648
task_env_weather_195273,clothing,26,222,0.922452,0.909708,0.865792,1.0,0,0.82888,0.92655,0.25817,0.02213,0.10235,4.73877,61.3015,0.77901,4.31912,4.84527,0,14.9479,16.0,32,29.09,0.9099,1.0,2,0.0,1.4793,0.1954,8,31.813,0.0,0.0542,16,4,0,652
task_env_weather_195273,clothing,26,223,0.952948,0.939044,0.978475,1.0,0,0.85561,0.81655,0.25045,0.02501,0.08851,4.54841,50.245,0.67534,4.50265,4.84527,0,10.5894,16.0,32,29.149,0.9093,1.0,2,0.027,1.4818,0.1932,8,31.888,0.0002,0.0585,16,4,0,646
task_env_weather_195273,clothing,26,224,0.967437,0.954365,0.868477,1.0,0,0.86957,0.0,0.25415,0.0222,0.09052,4.66587,51.0437,0.58212,4.68499,4.84527,0,11.5186,16.0,32,29.109,0.9127,1.0,2,0.024,1.4838,0.1948,8,31.862,0.0,0.0536,16,4,0,650
task_env_weather_195273,clothing,26,225,0.714297,0.713209,0.718318,0.98997,0,0.64984,0.0,0.25375,0.01836,0.09041,4.91269,66.7651,0.59878,4.58767,4.84527,0,15.9638,16.0,32,29.16,0.9125,0.9989,2,0.086,1.4825,0.1891,8,31.868,0.0035,0.0611,16,4,0,648
task_env_weather_195273,clothing,26,226,0.912334,0.900379,0.755554,1.0,0,0.82038,0.95404,0.25573,0.01931,0.07074,4.67338,56.7751,0.74074,4.59575,4.84527,0,12.0402,16.0,32,29.207,0.9099,1.0,2,0.004,1.4913,0.193,8,31.962,0.0,0.056,16,3,0,649
task_env_weather_195273,clothing,27,227,0.547767,0.547714,0.904395,1.0,0,0.49905,0.0,0.25319,0.02311,0.08477,3.8683,59.5182,0.53917,4.23722,4.84527,0,12.1651,16.0,32,29.124,0.9119,1.0,2,0.0,1.4855,0.1941,8,31.853,0.0,0.0562,16,4,0,645
task_env_weather_195273,clothing,27,228,0.890714,0.880667,0.976962,1.0,0,0.80242,0.95237,0.25311,0.02497,0.10113,4.69987,61.3455,0.71646,4.45015,4.84527,0,14.9571,16.0,32,28.972,0.9147,1.0,2,0.0,1.4826,0.1912,8,31.918,0.0,0.0566,16,4,0,644
task_env_weather_195273,clothing,27,229,0.913147,0.901125,0.743512,1.0,0,0.82106,0.97729,0.2554,0.019,0.06931,4.68873,56.5264,0.7402,4.6185,4.84527,0,11.9434,16.0,32,29.157,0.9146,1.0,2,0.013,1.4831,0.1901,8,31.83,0.0,0.0551,16,3,0,649
task_env_weather_195273,clothing,27,230,0.561875,0.561807,0.928834,1.0,0,0.51189,0.0,0.25373,0.02374,0.08852,3.96312,59.5192,0.53909,4.24024,4.84527,0,12.1667,16.0,32,29.142,0.9094,0.9969,2,0.0,1.489,0.1941,8,31.882,0.0028,0.0562,16,4,0,645
task_env_weather_195273,clothing,27,231,0.555436,0.555375,0.92828,1.0,0,0.50603,0.0,0.25382,0.02373,0.08735,3.93747,59.5067,0.53926,4.23433,4.84527,0,12.1582,16.0,32,29.102,0.9151,1.0,2,0.002,1.487,0.194,8,31.811,0.0,0.0546,16,4,0,645
task_env_weather_195273,clothing,27,232,0.951491,0.937573,0.970843,1.0,0,0.85427,0.87142,0.25026,0.02481,0.08811,4.52936,50.1997,0.67563,4.50298,4.84527,0,10.5626,16.0,32,29.069,0.9153,1.0,2,0.0,1.4831,0.1928,8,31.932,0.0008,0.0548,16,4,0,646
task_env_weather_195273,clothing,27,233,0.021884,0.021884,0.832899,1.0,0,0.01994,0.0,0.25829,0.02129,0.08096,4.01942,70.7809,0.63763,4.49114,4.84527,0,12.6438,16.0,32,29.038,0.9163,0.9984,2,0.075,1.4845,0.1934,8,31.966,0.0,0.0579,16,4,0,647
task_env_weather_195273,clothing,27,234,0.914319,0.902201,0.721685,1.0,0,0.82204,0.94924,0.25517,0.01845,0.06701,4.65252,56.9099,0.75785,4.6293,4.84527,0,12.1707,16.0,32,29.041,0.9148,1.0,2,0.084,1.4817,0.19,8,31.973,0.0049,0.0584,16,4,0,649
task_env_weather_195273,clothing,27,235,0.966306,0.953114,0.885125,1.0,0,0.86843,0.0,0.25435,0.02262,0.09128,4.72081,50.6221,0.56739,4.63924,4.84527,0,11.2967,16.0,32,29.034,0.9183,0.9977,2,0.015,1.4826,0.1963,8,31.835,0.0,0.0571,16,3,0,650
task_env_weather_195273,clothing,28,236,0.914533,0.902398,0.711106,1.0,0,0.82222,0.95322,0.25496,0.01817,0.06634,4.56729,57.1492,0.7589,4.58751,4.84527,0,12.288,16.0,32,29.012,0.9151,0.9987,2,0.134,1.4889,0.1936,8,31.965,0.0,0.0595,16,4,0,649
task_env_weather_195273,clothing,28,237,0.910345,0.898557,0.719188,1.0,0,0.81872,0.95266,0.25514,0.01838,0.06711,4.55141,57.0542,0.75846,4.60717,4.84527,0,12.2492,16.0,32,29.094,0.9149,0.9995,2,0.09,1.486,0.1925,8,31.963,0.0,0.0587,16,4,0,649
task_env_weather_195273,clothing,28,238,0.686245,0.685661,0.72015,1.0,0,0.62474,0.0,0.25427,0.01841,0.09039,4.79664,66.713,0.57973,4.56588,4.84527,0,15.864,16.0,32,29.042,0.9173,0.9961,2,0.098,1.4876,0.193,8,31.989,0.0014,0.0578,16,3,0,648
task_env_weather_195273,clothing,28,239,1000.0,0.676914,0.684722,0.997259,0,0.61677,0.0,0.25387,0.0175,0.08735,4.87679,67.7028,0.59666,4.56663,4.84527,1,16.2273,16.0,32,29.068,0.9165,0.9994,2,0.066,1.4838,0.1944,8,31.956,0.0,0.0586,16,4,0,648
task_env_weather_195273,clothing,28,240,0.70176,0.700993,0.721776,0.99895,0,0.63871,0.0,0.25408,0.01845,0.08999,4.86853,66.4708,0.58018,4.59092,4.84527,0,15.7925,16.0,32,29.052,0.9154,0.9986,2,0.066,1.4866,0.1915,8,31.971,0.0001,0.0575,16,3,0,648
task_obj_remove_509477,background,1,1,1.0,1.0,0.494123,1.0,0,0.92088,0.95743,0.16417,0.01681,0.06983,1.86368,36.4246,0.86741,2.21759,2.18601,0,8.6188,16.0,1,24.0,0.0,0.05,1,24.0,0.0,0.5,1,24.0,0.0,0.5,0,0,1,0
task_obj_remove_509477,background,2,2,1.0,1.0,0.894436,1.0,0,0.92449,0.93245,0.1712,0.03044,0.11408,1.86936,37.3092,0.94779,2.20437,2.18601,0,7.4375,16.0,8,20.714,0.0,0.239,1,8.336,0.2118,0.7786,1,19.483,0.0,0.5605,0,7,1,43
task_obj_remove_509477,background,2,3,1000.0,0.988504,0.014976,0.966188,0,0.90627,0.84587,0.16624,0.00051,0.00185,1.95592,69.8651,0.8775,2.25697,2.18601,1,19.3299,16.0,1,28.179,0.0,0.05,2,32.0,0.4934,0.7576,1,32.0,0.0,0.237,0,0,1,0
task_obj_remove_509477,background,2,4,1.0,1.0,0.79301,1.0,0,0.92006,0.95509,0.1678,0.02699,0.10035,1.7736,24.4491,0.87373,2.21087,2.18601,0,3.4279,16.0,1,30.079,0.0,0.1361,1,18.392,0.1435,0.1947,1,27.227,0.0,0.1959,0,0,1,0
task_obj_remove_509477,background,2,5,0.961136,1.0,0.900816,0.947528,0,0.92417,0.93521,0.17445,0.03065,0.11305,1.99444,34.743,0.93511,2.22017,2.18601,0,5.5091,16.0,16,23.603,0.0329,0.05,4,32.0,0.092,0.1903,1,16.597,0.6947,0.5123,0,0,1,997
task_obj_remove_509477,background,2,6,1.0,1.0,0.070497,1.0,0,0.91986,0.97978,0.14897,0.0024,0.01167,1.80701,47.1115,0.86284,2.23334,2.18601,0,7.5389,16.0,1,20.237,0.0,0.4595,4,32.0,0.2276,0.05,1,32.0,0.4032,0.519,1,4,1,6
task_obj_remove_509477,background,2,7,1.0,1.0,0.613991,1.0,0,0.92051,0.92915,0.16267,0.02089,0.08352,1.87917,39.9451,0.8739,2.22859,2.18601,0,7.2878,16.0,1,32.0,0.0,0.2003,1,31.966,0.0,0.286,1,22.218,0.0,0.7818,2,0,1,0
task_obj_remove_509477,background,2,8,1.0,1.0,0.805992,1.0,0,0.92325,0.93699,0.17256,0.02743,0.10157,1.87023,29.292,0.87267,2.21914,2.18601,0,4.1241,16.0,1,30.361,0.0,0.05,4,32.0,0.0,0.1164,1,32.0,0.0,0.4896,3,0,1,0
task_obj_remove_509477,background,2,9,1.0,1.0,0.210005,1.0,0,0.9223,0.9576,0.1552,0.00715,0.03132,1.80551,62.0754,0.88199,2.21398,2.18601,0,11.4532,16.0,1,22.659,0.0,0.05,1,24.049,0.1222,0.2273,1,32.0,1.0315,0.7553,13,5,1,457
task_obj_remove_509477,background,2,10,0.99956,1.0,0.0,0.999128,0,0.92707,0.943,0.15033,-0.00048,-0.00208,1.89144,51.0291,0.86822,2.22906,2.18601,0,13.0147,16.0,2,25.002,0.0,0.05,1,31.035,0.0,0.654,2,32.0,0.0,0.4803,8,8,1,0
task_obj_remove_509477,background,3,11,1.0,1.0,0.445204,1.0,0,0.92069,0.97042,0.15914,0.01515,0.0516,1.7954,51.4262,0.89512,2.20698,2.18601,0,9.1805,16.0,32,29.129,0.0163,0.1642,4,20.076,0.8968,0.4306,1,4.466,0.1499,0.3132,0,4,1,796
task_obj_remove_509477,background,3,12,0.994301,1.0,0.462828,0.989666,0,0.92262,0.93541,0.16014,0.01575,0.06393,1.90952,39.2923,0.91136,2.23201,2.18601,0,5.6088,16.0,4,32.0,0.0785,0.05,8,22.583,0.3798,0.1793,4,17.873,0.9739,0.6139,0,0,1,997
task_obj_remove_509477,background,3,13,1.0,1.0,0.651869,1.0,0,0.92127,0.96083,0.16059,0.02218,0.0694,1.86288,54.2209,0.8778,2.22792,2.18601,0,9.0719,16.0,8,32.0,0.0,0.05,2,32.0,0.2288,0.335,1,25.05,0.9049,0.4921,0,10,1,843
task_obj_remove_509477,background,3,14,0.997109,1.0,1.0,0.994519,0,0.92138,0.95542,0.17949,0.03509,0.11372,1.90021,20.2577,0.8892,2.23997,2.18601,0,1.8216,16.0,8,26.568,0.0,0.05,4,13.031,0.4246,0.05,1,15.143,0.2085,0.1597,0,0,1,997
task_obj_remove_509477,background,3,15,1.0,1.0,0.69614,1.0,0,0.92183,0.94429,0.16182,0.02369,0.08313,1.85598,26.4034,0.88201,2.22375,2.18601,0,4.5324,16.0,32,19.368,0.0925,0.2147,8,31.317,0.0297,0.3319,1,21.235,1.5,0.05,2,3,1,997
task_obj_remove_509477,background,3,16,0.995107,1.0,0.67317,0.991019,0,0.92803,0.90703,0.16588,0.02291,0.10002,1.90692,56.8919,0.88617,2.20235,2.18601,0,11.8759,16.0,16,30.291,0.4005,0.05,4,32.0,0.797,0.409,1,27.187,1.2265,0.2635,0,5,1,783
task_obj_remove_509477,background,3,17,0.993466,1.0,0.659968,0.988296,0,0.92476,0.93887,0.16864,0.02246,0.07875,1.91217,41.2652,0.86673,2.23593,2.18601,0,6.6202,16.0,32,32.0,0.0,0.05,4,32.0,0.46,0.165,1,8.206,0.6841,0.5354,0,3,1,534
task_obj_remove_509477,background,3,18,1.0,1.0,0.810838,1.0,0,0.91969,0.92219,0.17486,0.02759,0.09319,1.83004,36.386,0.88855,2.25144,2.18601,0,4.7898,16.0,16,22.97,0.3634,0.1118,4,32.0,0.0,0.05,16,14.778,1.5,0.4436,6,0,1,939
task_obj_remove_509477,background,3,19,0.999948,1.0,0.356468,0.999897,0,0.92084,0.92703,0.15018,0.01213,0.05205,1.88998,51.4773,0.86412,2.21266,2.18601,0,11.5159,16.0,8,21.449,0.0,0.05,16,26.852,0.3624,0.4505,2,23.953,0.534,0.5756,3,4,1,600
task_obj_remove_509477,background,4,20,0.993856,1.0,0.74832,0.988932,0,0.91993,0.96609,0.17089,0.02546,0.09575,1.91094,31.4155,0.87418,2.22004,2.18601,0,6.471,16.0,8,16.079,0.2162,0.05,2,21.171,0.2172,0.3623,1,23.695,0.1891,0.432,0,0,1,997
task_obj_remove_509477,background,4,21,1.0,1.0,0.258854,1.0,0,0.91898,0.90952,0.14744,0.00881,0.03717,1.86352,59.6997,0.88724,2.24231,2.18601,0,12.8292,16.0,32,25.231,0.0,0.2179,8,32.0,0.5147,0.5556,2,10.861,0.4798,0.6903,0,4,1,997
task_obj_remove_509477,background,4,22,1.0,1.0,0.469611,1.0,0,0.91721,0.93844,0.1597,0.01598,0.07109,1.83542,43.8185,0.8908,2.2171,2.18601,0,8.1601,16.0,8,19.873,0.0,0.2051,4,28.433,0.0,0.3963,1,14.413,1.3976,0.5044,0,2,1,894
task_obj_remove_509477,background,4,23,1.0,1.0,0.393715,1.0,0,0.92349,0.9654,0.15939,0.0134,0.05523,1.86996,28.5083,0.87457,2.2485,2.18601,0,3.7744,16.0,8,31.42,0.0,0.2239,2,31.665,0.1532,0.05,2,15.624,0.4512,0.4345,3,0,1,997
task_obj_remove_509477,background,4,24,1.0,1.0,0.648685,1.0,0,0.91958,0.96102,0.16436,0.02207,0.0961,1.85225,32.9119,0.8728,2.22942,2.18601,0,7.1548,16.0,4,25.293,0.3213,0.1684,1,30.555,0.238,0.4735,1,22.536,0.5855,0.2066,0,1,1,997
task_obj_remove_509477,background,4,25,0.98772,1.0,0.29945,0.979561,0,0.91792,0.96982,0.1561,0.01019,0.04197,1.92922,35.5335,0.88874,2.24382,2.18601,0,4.6166,16.0,8,24.017,0.1161,0.05,8,25.838,0.0,0.0669,2,16.969,0.664,0.6803,0,0,1,997
task_obj_remove_509477,background,4,26,1.0,1.0,0.271381,1.0,0,0.9259,0.97776,0.15704,0.00923,0.03647,1.85107,50.5514,0.96124,2.19112,2.18601,0,9.4924,16.0,16,21.317,0.1519,0.2505,32,29.998,0.0,0.2663,1,5.013,0.9552,1.0,1,0,1,997
task_obj_remove_509477,background,4,27,0.985276,1.0,0.337385,0.976139,0,0.92934,0.93387,0.15256,0.01148,0.05031,1.93598,57.1349,0.88683,2.21262,2.18601,0,10.7452,16.0,16,19.597,0.8445,0.0868,4,28.84,0.4676,0.3278,1,21.344,0.8717,0.4845,0,5,1,904
task_obj_remove_509477,background,4,28,0.982257,1.0,0.432635,0.972102,0,0.92381,0.93307,0.1621,0.01472,0.05622,1.94402,40.2407,0.93639,2.22449,2.18601,0,5.7751,16.0,4,28.918,0.0,0.05,4,32.0,0.0703,0.05,1,19.829,0.512,0.7981,5,2,1,997
task_obj_remove_509477,background,5,29,1.0,1.0,0.450909,1.0,0,0.9191,0.96139,0.1554,0.01534,0.06405,1.86492,37.9162,0.93557,2.20597,2.18601,0,6.5178,16.0,32,20.872,0.0,0.1058,8,32.0,0.3774,0.2685,1,17.827,0.617,0.599,0,2,1,997
task_obj_remove_509477,background,5,30,0.977737,1.0,0.675894,0.966374,0,0.92534,0.92203,0.16387,0.023,0.08698,1.95555,36.2672,0.88739,2.21919,2.18601,0,5.4906,16.0,8,24.817,0.0,0.214,8,22.71,0.0285,0.1769,1,12.104,0.3193,0.5239,2,0,1,933
task_obj_remove_509477,background,5,31,0.992555,0.999051,0.553558,0.987408,0,0.91594,0.96523,0.16832,0.01884,0.07587,1.91389,30.6441,0.89758,2.23478,2.18601,0,3.9127,16.0,32,25.754,0.1987,0.1932,2,23.548,0.2709,0.1008,1,18.023,0.422,0.4569,0,0,1,970
task_obj_remove_509477,background,5,32,1.0,1.0,0.915059,1.0,0,0.92031,0.93269,0.17165,0.03114,0.10122,1.87046,40.7547,0.8782,2.23629,2.18601,0,5.1776,16.0,16,28.858,0.0671,0.0531,4,29.651,0.4604,0.1769,1,16.855,0.9397,0.2633,0,0,1,884
task_obj_remove_509477,background,5,33,1.0,1.0,0.44759,1.0,0,0.92123,0.9631,0.15733,0.01523,0.05887,1.79196,36.3557,0.88611,2.22115,2.18601,0,5.919,16.0,16,16.176,0.0331,0.05,2,21.143,0.1916,0.266,2,17.633,1.0414,0.5519,0,1,1,997
task_obj_remove_509477,background,5,34,1.0,1.0,0.701658,1.0,0,0.92072,0.95604,0.16972,0.02388,0.09757,1.87703,48.0426,0.90547,2.21506,2.18601,0,7.4266,16.0,8,16.466,0.0,0.05,2,24.275,0.4032,0.1187,1,20.245,1.0294,0.3989,1,2,1,955
task_obj_remove_509477,background,5,35,1.0,1.0,0.639247,1.0,0,0.91953,0.94977,0.16861,0.02175,0.06861,1.88614,44.8719,0.88333,2.24367,2.18601,0,5.8641,16.0,8,28.036,0.1215,0.05,2,32.0,0.0,0.05,4,15.499,0.7806,0.6087,0,0,1,851
task_obj_remove_509477,background,5,36,0.986761,1.0,0.721977,0.978201,0,0.91789,0.92312,0.17631,0.02457,0.09853,1.9319,43.6515,0.92748,2.22289,2.18601,0,5.9216,16.0,16,17.607,0.0,0.1381,16,32.0,0.0109,0.1277,1,25.728,0.7149,0.5865,0,1,1,989
task_obj_remove_509477,background,5,37,1.0,1.0,0.604275,1.0,0,0.92241,0.98829,0.16095,0.02056,0.06867,1.8104,36.1404,0.87711,2.24663,2.18601,0,4.3677,16.0,8,26.923,0.0645,0.1944,1,26.556,0.0852,0.05,1,15.488,0.6088,0.2677,6,0,1,985
task_obj_remove_509477,background,6,38,0.927021,1.0,0.551893,0.913963,0,0.92451,0.93624,0.16419,0.01878,0.06882,2.06769,40.8729,0.97441,2.23619,2.18601,0,5.9703,16.0,8,22.054,0.0646,0.1418,8,32.0,0.0,0.0624,1,20.75,0.8851,0.645,0,0,1,997
task_obj_remove_509477,background,6,39,1.0,1.0,0.657856,1.0,0,0.91893,0.92003,0.16365,0.02239,0.09454,1.86877,40.8634,0.8828,2.22663,2.18601,0,5.6235,16.0,8,24.494,0.0,0.05,4,24.594,0.0533,0.1582,1,11.22,0.5843,0.6035,0,0,1,932
task_obj_remove_509477,background,6,40,0.998471,1.0,0.669894,0.997031,0,0.92255,0.96652,0.1684,0.0228,0.08847,1.89542,41.0751,0.93966,2.19729,2.18601,0,6.6605,16.0,8,19.401,0.1247,0.05,4,30.749,0.0883,0.273,1,21.817,0.5191,0.4495,0,0,1,938
task_obj_remove_509477,background,6,41,1.0,1.0,0.522976,1.0,0,0.92441,0.9623,0.16344,0.0178,0.07302,1.82049,45.4463,0.86288,2.21605,2.18601,0,7.7698,16.0,8,26.371,0.0448,0.05,4,32.0,0.0614,0.2974,1,17.628,0.6639,0.6349,0,1,1,861
task_obj_remove_509477,background,6,42,0.995883,1.0,0.886228,0.99235,0,0.91866,0.96789,0.17363,0.03016,0.11126,1.90436,34.1242,0.935,2.21765,2.18601,0,5.1075,16.0,16,23.956,0.3095,0.1155,8,29.507,0.0906,0.1571,1,16.537,0.6415,0.524,0,0,1,997
task_obj_remove_509477,background,6,43,1.0,1.0,0.430594,1.0,0,0.92038,0.9407,0.15747,0.01465,0.05605,1.80764,37.9172,0.88727,2.20812,2.18601,0,6.3385,16.0,16,21.382,0.4328,0.1436,4,28.466,0.0764,0.3181,2,15.278,1.1675,0.4999,0,0,1,997
task_obj_remove_509477,background,6,44,0.999762,1.0,0.726873,0.999526,0,0.92279,0.95161,0.1655,0.02474,0.09471,1.89069,39.4655,0.91438,2.23004,2.18601,0,7.127,16.0,8,22.35,0.0055,0.1194,2,30.499,0.0831,0.3163,1,20.582,0.5083,0.7029,2,0,1,997
task_obj_remove_509477,background,6,45,1.0,1.0,0.606045,1.0,0,0.92223,0.94065,0.16379,0.02062,0.07559,1.80259,36.2065,0.8914,2.23093,2.18601,0,5.0414,16.0,8,27.64,0.3128,0.05,2,31.545,0.0,0.1601,1,18.676,0.7041,0.5233,0,2,1,922
task_obj_remove_509477,background,6,46,0.969965,1.0,0.647925,0.957203,0,0.91853,0.93439,0.17001,0.02205,0.07791,1.97428,39.4314,0.86661,2.21405,2.18601,0,6.0862,16.0,8,26.814,0.0926,0.05,2,32.0,0.2108,0.2009,2,17.911,0.9266,0.6183,0,0,1,895
task_obj_remove_509477,background,7,47,0.9983,1.0,0.250291,0.996709,0,0.92315,0.95613,0.15199,0.00852,0.0379,1.89603,44.5653,0.92156,2.2296,2.18601,0,6.411,16.0,16,25.412,0.031,0.2154,16,31.305,0.0,0.05,2,20.983,0.9911,0.7818,0,2,1,941
task_obj_remove_509477,background,7,48,0.916637,1.0,0.413491,0.904334,0,0.92692,0.96359,0.15915,0.01407,0.04917,2.0897,47.0342,0.99132,2.20153,2.18601,0,7.6,16.0,16,21.78,0.0,0.1878,8,31.29,0.1679,0.05,1,23.86,1.0398,0.7418,2,2,1,997
task_obj_remove_509477,background,7,49,0.956759,0.999586,0.575233,0.942959,0,0.91643,0.94603,0.1601,0.01957,0.0715,2.00411,39.5636,0.94744,2.21719,2.18601,0,6.4104,16.0,8,24.993,0.0819,0.3158,4,27.328,0.0,0.1921,1,20.302,0.7725,0.6384,0,0,1,997
task_obj_remove_509477,background,7,50,1.0,1.0,0.613574,1.0,0,0.92379,0.96836,0.16598,0.02088,0.07323,1.87942,28.3829,0.88424,2.24462,2.18601,0,3.175,16.0,8,18.065,0.1225,0.0515,8,32.0,0.0337,0.05,2,19.314,0.7527,0.4102,1,0,1,997
task_obj_remove_509477,background,7,51,0.972896,1.0,0.384865,0.960576,0,0.92472,0.93058,0.15847,0.0131,0.04572,1.96735,56.047,0.90818,2.25091,2.18601,0,7.1862,16.0,8,19.933,0.1772,0.1414,8,29.394,0.0,0.05,1,20.881,0.6855,0.5402,0,3,1,767
task_obj_remove_509477,background,7,52,0.950894,1.0,0.239944,0.936973,0,0.92534,0.9403,0.15634,0.00817,0.03331,2.01691,41.9944,0.96019,2.21163,2.18601,0,7.1037,16.0,16,21.314,0.1456,0.3158,8,31.402,0.0,0.0828,1,25.631,0.9613,0.6467,3,0,1,997
task_obj_remove_509477,background,7,53,0.944374,1.0,0.375975,0.930515,0,0.92085,0.93764,0.15589,0.01279,0.05117,2.03091,57.487,0.96401,2.22366,2.18601,0,9.4634,16.0,16,19.912,0.0694,0.1792,8,30.67,0.0125,0.108,1,20.695,1.0526,0.7662,0,4,1,997
task_obj_remove_509477,background,7,54,1.0,1.0,0.815973,1.0,0,0.92012,0.96803,0.17376,0.02777,0.0954,1.88827,50.5865,0.96211,2.22073,2.18601,0,6.8801,16.0,8,18.9,0.1922,0.05,8,31.241,0.0676,0.05,1,22.498,0.6357,0.5736,4,0,1,956
task_obj_remove_509477,background,7,55,0.979151,1.0,0.308141,0.968129,0,0.92531,0.92931,0.1564,0.01049,0.04059,1.952,52.6391,0.94516,2.22575,2.18601,0,8.4364,16.0,8,21.863,0.1483,0.05,4,30.76,0.0119,0.0729,1,20.652,0.8257,0.6865,1,4,1,997
task_obj_remove_509477,background,8,56,0.998891,0.997829,0.775473,1.0,0,0.91482,0.97237,0.17278,0.02639,0.10024,1.87267,56.2322,0.94979,2.22493,2.18601,0,8.5451,16.0,16,24.573,0.0,0.1542,8,31.84,0.3674,0.1117,2,23.113,1.0283,0.7811,4,1,1,931
task_obj_remove_509477,background,8,57,0.965585,1.0,0.100684,0.952322,0,0.9282,0.93934,0.15371,0.00343,0.0126,1.9844,60.0405,0.94242,2.22366,2.18601,0,9.7381,16.0,32,22.115,0.0936,0.2683,8,32.0,0.1671,0.05,1,21.791,1.066,0.7099,1,5,1,997
task_obj_remove_509477,background,8,58,0.972638,1.0,0.299123,0.960276,0,0.92731,0.93684,0.14908,0.01018,0.04053,1.96797,45.4123,0.90918,2.21489,2.18601,0,7.1821,16.0,32,24.245,0.0653,0.2289,8,30.772,0.2884,0.0799,2,24.625,1.046,0.742,2,3,1,965
task_obj_remove_509477,background,8,59,0.980171,1.0,0.365912,0.969415,0,0.93228,0.9318,0.15034,0.01245,0.04574,1.94941,43.2331,0.98466,2.09081,2.18601,0,6.8217,16.0,32,22.31,0.0,0.2138,8,31.321,0.229,0.0719,1,25.987,1.0707,0.8173,3,2,1,971
task_obj_remove_509477,background,8,60,0.950268,1.0,0.429145,0.936345,0,0.92353,0.93095,0.15843,0.0146,0.05357,2.01826,45.9101,0.98707,2.18721,2.18601,0,6.952,16.0,16,22.779,0.0,0.0829,8,32.0,0.2632,0.0525,1,22.951,0.9072,0.8141,0,2,1,997
task_obj_remove_509477,background,8,61,1.0,1.0,0.263255,1.0,0,0.92587,0.93288,0.15411,0.00896,0.03369,1.88337,51.3674,0.99435,2.19389,2.18601,0,8.4352,16.0,16,22.81,0.0,0.1634,4,31.664,0.1813,0.05,1,23.698,1.0628,0.8201,2,3,1,997
task_obj_remove_509477,background,8,62,1.0,1.0,0.24911,1.0,0,0.9241,0.93785,0.14936,0.00848,0.02911,1.87836,49.5276,0.91746,2.25187,2.18601,0,7.881,16.0,16,18.773,0.0,0.3182,8,32.0,0.0973,0.1283,1,21.551,1.1245,0.7021,0,4,1,882
task_obj_remove_509477,background,8,63,0.992572,1.0,0.456629,0.986861,0,0.92234,0.95777,0.16457,0.01554,0.06695,1.91495,33.5224,0.8817,2.24179,2.18601,0,4.9993,16.0,16,21.886,0.1044,0.1652,8,30.15,0.1272,0.05,2,22.476,0.8059,0.6219,3,2,1,981
task_obj_remove_509477,background,8,64,0.995381,1.0,0.571414,0.991486,0,0.9258,0.93957,0.16129,0.01944,0.07124,1.90602,47.3499,0.96687,2.205,2.18601,0,8.0616,16.0,16,22.334,0.0241,0.1957,4,29.798,0.1492,0.1531,1,26.545,0.9199,0.7456,2,3,1,997
task_obj_remove_509477,background,9,65,1.0,1.0,0.311894,1.0,0,0.92319,0.97458,0.16368,0.01061,0.03986,1.82493,56.0405,0.97335,2.24821,2.18601,0,7.2979,16.0,16,21.324,0.0,0.1766,8,30.446,0.3418,0.05,1,24.12,0.9423,0.729,3,2,1,976
task_obj_remove_509477,background,9,66,0.990167,1.0,0.325661,0.983147,0,0.92273,0.93547,0.15492,0.01108,0.04302,1.92218,53.0517,0.93213,2.21385,2.18601,0,7.2877,16.0,32,20.952,0.0,0.2286,4,32.0,0.0937,0.05,1,23.898,0.9954,0.8144,2,2,1,910
task_obj_remove_509477,background,9,67,0.945352,0.998211,0.519631,0.931446,0,0.91517,0.9551,0.16142,0.01768,0.05872,2.02888,73.0171,0.99607,2.1605,2.18601,0,9.6,16.0,16,22.57,0.0,0.188,8,28.32,0.0954,0.05,1,24.617,1.1431,0.7482,1,1,1,985
task_obj_remove_509477,background,9,68,0.97462,1.0,0.126977,0.962606,0,0.92634,0.93572,0.15278,0.00432,0.01692,1.9632,42.716,0.90876,2.23614,2.18601,0,5.7553,16.0,16,23.171,0.0,0.127,8,29.865,0.2059,0.05,2,23.641,0.9852,0.7158,2,3,1,997
task_obj_remove_509477,background,9,69,0.981312,0.996466,1.0,0.972018,0,0.91357,0.9668,0.20496,0.04338,0.12281,1.94419,59.3397,0.96274,2.24289,2.18601,0,8.9731,16.0,32,21.933,0.0048,0.1993,16,31.361,0.1206,0.05,1,23.501,1.0257,0.7226,0,1,1,966
task_obj_remove_509477,background,9,70,1.0,1.0,0.646616,1.0,0,0.92563,0.94353,0.16675,0.022,0.07418,1.87088,51.974,0.92709,2.21971,2.18601,0,7.8229,16.0,16,22.528,0.0,0.1995,8,31.715,0.1395,0.0911,2,23.184,0.9946,0.7077,2,3,1,991
task_obj_remove_509477,background,9,71,0.969229,0.983508,0.962155,0.960259,0,0.90169,0.962,0.17636,0.03274,0.11012,1.968,53.4086,0.96412,2.23698,2.18601,0,8.217,16.0,16,21.756,0.0478,0.1633,8,31.249,0.1294,0.0969,1,22.872,1.0844,0.7294,2,2,1,973
task_obj_remove_509477,background,9,72,0.957202,1.0,0.231578,0.943404,0,0.925,0.92789,0.15149,0.00788,0.03114,2.00316,48.9475,0.97494,2.19534,2.18601,0,8.228,16.0,16,20.148,0.0647,0.184,8,30.195,0.1991,0.1072,1,25.206,1.0489,0.7841,3,3,1,997
task_obj_remove_509477,background,9,73,0.954812,1.0,0.48174,0.940943,0,0.92232,0.94219,0.16001,0.01639,0.06152,2.0084,41.7864,0.97285,2.22819,2.18601,0,6.0274,16.0,16,22.273,0.0605,0.2264,8,31.048,0.2204,0.0619,1,23.193,0.8519,0.6777,0,1,1,997
task_obj_remove_509477,background,10,74,0.908933,1.0,0.811834,0.897265,0,0.91787,0.94918,0.18727,0.02763,0.06471,2.10617,70.6087,1.02267,2.24145,2.18601,0,11.1485,16.0,16,22.727,0.0042,0.1865,8,32.0,0.2198,0.05,1,24.657,1.0004,0.7494,2,2,1,986
task_obj_remove_509477,background,10,75,0.988686,1.0,0.407157,0.980955,0,0.92438,0.92585,0.15861,0.01386,0.04929,1.92648,47.1445,0.98339,2.2002,2.18601,0,7.4616,16.0,16,20.975,0.0,0.1562,8,30.375,0.1934,0.05,1,23.149,0.9803,0.7167,2,3,1,997
task_obj_remove_509477,background,10,76,1.0,1.0,0.454757,1.0,0,0.92524,0.932,0.16042,0.01548,0.05732,1.80802,38.1782,0.91155,2.23166,2.18601,0,5.1984,16.0,16,21.468,0.0,0.1657,8,31.32,0.0924,0.057,2,23.12,1.1335,0.7503,1,2,1,960
task_obj_remove_509477,background,10,77,0.996717,0.993816,0.989324,1.0,0,0.91114,0.95042,0.17775,0.03367,0.09541,1.8279,46.849,0.95146,2.26151,2.18601,0,6.7329,16.0,32,20.652,0.0584,0.2521,8,31.728,0.2346,0.0618,2,23.427,1.0331,0.7489,2,2,1,997
task_obj_remove_509477,background,10,78,0.977036,0.988187,1.0,0.969381,0,0.90598,0.96541,0.18832,0.04435,0.12003,1.94948,68.1067,1.00805,2.2278,2.18601,0,11.204,16.0,16,19.545,0.0,0.1525,8,32.0,0.2866,0.05,1,23.169,1.0119,0.7517,3,2,1,984
task_obj_remove_509477,background,10,79,0.980095,1.0,0.236077,0.969319,0,0.9287,0.96276,0.15527,0.00803,0.032,1.94961,44.9017,0.96531,2.20174,2.18601,0,6.6359,16.0,16,20.598,0.0,0.1847,8,32.0,0.1541,0.05,1,22.931,0.9563,0.737,1,2,1,963
task_obj_remove_509477,background,10,80,0.992865,1.0,0.475462,0.987327,0,0.92445,0.92333,0.16503,0.01618,0.05869,1.91405,44.7083,0.88427,2.22562,2.18601,0,7.0349,16.0,16,22.35,0.0,0.1677,8,32.0,0.1289,0.0835,2,25.02,1.061,0.6944,2,3,1,945
task_obj_remove_509477,background,10,81,1.0,1.0,0.292518,1.0,0,0.92325,0.94634,0.15532,0.00995,0.03668,1.87681,51.6783,0.9978,2.18689,2.18601,0,8.5181,16.0,32,21.2,0.0,0.1794,8,31.451,0.1443,0.05,1,24.816,1.137,0.7955,2,3,1,997
task_obj_remove_509477,background,10,82,0.994365,0.991296,1.0,0.997865,0,0.90883,0.97535,0.18385,0.03523,0.11125,1.89383,59.4231,0.90747,2.23795,2.18601,0,10.1076,16.0,16,22.962,0.0,0.1461,8,31.751,0.1737,0.0612,1,23.44,1.0582,0.7439,3,1,1,912
task_obj_remove_509477,background,11,83,0.987278,1.0,0.448607,0.97893,0,0.92796,0.94971,0.16703,0.01527,0.05801,1.93046,61.4003,0.92807,2.20641,2.18601,0,9.7836,16.0,16,22.483,0.0347,0.1807,8,31.007,0.2058,0.05,1,24.336,1.0287,0.7617,2,3,1,982
task_obj_remove_509477,background,11,84,0.958951,1.0,0.289655,0.945225,0,0.91949,0.96014,0.15951,0.00986,0.04732,1.9993,55.4545,0.91772,2.21192,2.18601,0,8.3278,16.0,16,23.137,0.0008,0.2242,8,31.719,0.2094,0.05,2,24.731,1.0218,0.7819,1,3,1,961
task_obj_remove_509477,background,11,85,0.966012,1.0,0.398398,0.952791,0,0.92276,0.94809,0.16848,0.01356,0.05233,1.98343,60.5194,0.99798,2.26468,2.18601,0,8.0552,16.0,16,23.566,0.0,0.1446,8,32.0,0.2192,0.05,1,26.073,0.9475,0.7609,1,2,1,996
task_obj_remove_509477,background,11,86,1.0,1.0,1.0,1.0,0,0.92609,0.95626,0.18738,0.04077,0.12937,1.85178,47.6993,0.8749,2.22302,2.18601,0,7.0369,16.0,16,22.826,0.0198,0.184,8,32.0,0.2415,0.05,2,23.9,1.0201,0.7409,2,3,1,982
task_obj_remove_509477,background,11,87,0.99253,1.0,0.478656,0.986794,0,0.92697,0.94988,0.16856,0.01629,0.0629,1.91508,48.3176,0.89882,2.23371,2.18601,0,7.5583,16.0,16,22.523,0.0671,0.2113,8,30.601,0.2032,0.05,1,23.752,0.9548,0.8042,2,3,1,948
task_obj_remove_509477,background,11,88,0.996161,0.992834,0.963072,1.0,0,0.91024,0.96074,0.17747,0.03277,0.09252,1.79359,47.0157,0.95234,2.26698,2.18601,0,6.6225,16.0,16,22.62,0.0,0.228,8,32.0,0.1891,0.05,2,24.564,1.0281,0.7583,2,2,1,997
task_obj_remove_509477,background,11,89,0.985313,1.0,0.252833,0.97619,0,0.92514,0.95026,0.16165,0.0086,0.03235,1.93588,46.1467,0.91432,2.23068,2.18601,0,6.6492,16.0,16,23.111,0.0075,0.1822,8,31.788,0.2636,0.0913,2,25.827,1.0208,0.7848,2,3,1,997
task_obj_remove_509477,background,11,90,0.987994,1.0,0.316281,0.979953,0,0.92371,0.96823,0.15911,0.01076,0.0441,1.92845,40.7091,0.90328,2.24512,2.18601,0,6.05,16.0,16,22.959,0.0606,0.184,8,32.0,0.2138,0.05,2,22.589,0.9994,0.7019,1,3,1,966
task_obj_remove_509477,background,11,91,0.986376,1.0,0.431521,0.977661,0,0.92227,0.95059,0.15355,0.01468,0.05689,1.93297,50.7792,0.93639,2.24277,2.18601,0,7.9791,16.0,16,22.045,0.0828,0.2222,8,31.297,0.2176,0.0788,2,25.484,0.9452,0.75,2,3,1,986
task_obj_remove_509477,background,12,92,1.0,1.0,0.689886,1.0,0,0.91963,0.94672,0.17238,0.02348,0.07838,1.85732,45.9217,0.93502,2.29229,2.18601,0,5.9921,16.0,16,22.038,0.0395,0.1995,8,32.0,0.2084,0.0571,2,24.748,0.9879,0.7549,1,2,1,997
task_obj_remove_509477,background,12,93,0.972349,1.0,0.114406,0.95994,0,0.92527,0.92542,0.15537,0.00389,0.01493,1.96865,45.0589,0.91463,2.23264,2.18601,0,6.3784,16.0,16,23.07,0.0008,0.1902,8,32.0,0.2037,0.0523,2,24.687,1.0267,0.7515,2,3,1,997
task_obj_remove_509477,background,12,94,0.963291,1.0,0.768359,0.949832,0,0.92015,0.94513,0.18115,0.02615,0.07222,1.9896,77.3084,1.00523,2.23408,2.18601,0,11.8323,16.0,16,22.74,0.0,0.1934,8,32.0,0.2741,0.0507,1,24.037,1.0021,0.7488,1,3,1,986
task_obj_remove_509477,background,12,95,0.930238,1.0,0.523834,0.916979,0,0.92647,0.9405,0.16307,0.01783,0.06002,2.06089,45.8763,0.98879,2.19101,2.18601,0,7.3455,16.0,16,21.89,0.0,0.1716,8,32.0,0.2193,0.05,1,24.325,1.0026,0.7301,2,2,1,997
task_obj_remove_509477,background,12,96,0.974652,1.0,0.465505,0.962644,0,0.92563,0.92935,0.15405,0.01584,0.0685,1.96312,54.479,0.91761,2.21048,2.18601,0,8.4936,16.0,16,22.188,0.0,0.1907,8,31.976,0.2289,0.0703,2,24.561,1.0011,0.7492,2,3,1,961
task_obj_remove_509477,background,12,97,0.925405,1.0,0.833072,0.912454,0,0.92017,0.94003,0.18803,0.02835,0.06568,2.07111,71.2183,1.02604,2.23833,2.18601,0,11.1964,16.0,16,22.738,0.0,0.174,8,32.0,0.2441,0.05,1,25.464,1.003,0.7655,2,2,1,986
task_obj_remove_509477,background,12,98,0.979724,1.0,0.112204,0.96885,0,0.92528,0.94777,0.15314,0.00382,0.01482,1.95055,44.4367,0.90948,2.23294,2.18601,0,6.3873,16.0,16,21.988,0.041,0.2096,8,31.532,0.1953,0.05,2,25.677,0.9552,0.7456,2,3,1,997
task_obj_remove_509477,background,12,99,1.0,1.0,0.67357,1.0,0,0.92335,0.92311,0.16762,0.02292,0.07817,1.86835,36.3575,0.90578,2.21549,2.18601,0,5.5266,16.0,16,23.841,0.0351,0.2043,8,32.0,0.1892,0.05,2,24.246,1.0412,0.7405,2,2,1,989
task_obj_remove_509477,background,12,100,0.989115,1.0,0.666254,0.981584,0,0.92102,0.92709,0.16687,0.02267,0.07726,1.92524,36.0672,0.90347,2.22489,2.18601,0,5.5747,16.0,16,23.041,0.0108,0.2068,8,31.938,0.1977,0.076,2,24.673,1.0087,0.7271,2,2,1,989
task_obj_remove_509477,background,13,101,1.0,1.0,0.466795,1.0,0,0.9241,0.92951,0.1618,0.01588,0.06005,1.81012,43.4456,0.88968,2.23169,2.18601,0,6.8107,16.0,16,22.113,0.0,0.1839,8,31.941,0.2226,0.065,2,24.684,0.9996,0.7573,2,3,1,976
task_obj_remove_509477,background,13,102,0.997958,1.0,0.336863,0.996071,0,0.9239,0.92048,0.15922,0.01146,0.04,1.89724,50.4353,0.91002,2.21688,2.18601,0,6.878,16.0,16,22.743,0.0127,0.1994,8,31.664,0.2227,0.0563,2,24.845,1.0211,0.7321,2,2,1,970
task_obj_remove_509477,background,13,103,0.947426,1.0,0.886724,0.933517,0,0.92452,0.95468,0.17605,0.03017,0.10007,2.02438,53.934,0.94039,2.23068,2.18601,0,8.4509,16.0,16,22.067,0.0452,0.1803,8,31.71,0.2112,0.0553,1,25.166,0.9848,0.7353,2,3,1,973
task_obj_remove_509477,background,13,104,0.908196,1.0,0.487795,0.896591,0,0.92366,0.95164,0.16165,0.0166,0.05656,2.10775,46.586,0.98962,2.17716,2.18601,0,7.5086,16.0,16,22.351,0.0,0.1781,8,32.0,0.2147,0.0563,1,24.619,1.0173,0.7443,2,2,1,997
task_obj_remove_509477,background,13,105,0.943879,1.0,0.452546,0.930031,0,0.91697,0.9543,0.1588,0.0154,0.04978,2.03196,72.0174,0.98853,2.20478,2.18601,0,10.3051,16.0,16,22.703,0.0012,0.2039,8,31.829,0.2085,0.05,1,24.721,1.0105,0.7455,2,3,1,985
task_obj_remove_509477,background,13,106,0.97136,1.0,0.373183,0.958797,0,0.9268,0.92822,0.15061,0.0127,0.04553,1.971,44.8816,0.9462,2.21555,2.18601,0,6.747,16.0,32,22.952,0.0086,0.191,8,32.0,0.2194,0.0585,1,24.997,0.9772,0.7492,2,3,1,979
task_obj_remove_509477,background,13,107,0.999934,0.999869,0.722884,1.0,0,0.91669,0.95452,0.17368,0.0246,0.0813,1.81359,45.9571,0.93661,2.2745,2.18601,0,5.9366,16.0,16,22.535,0.0002,0.1933,8,32.0,0.1942,0.05,2,24.125,1.0059,0.7502,1,2,1,997
task_obj_remove_509477,background,13,108,0.995487,0.991667,0.855832,1.0,0,0.90917,0.97521,0.17854,0.02912,0.09624,1.86134,56.7318,0.98042,2.21297,2.18601,0,9.398,16.0,16,23.275,0.0,0.1627,8,31.636,0.2326,0.0637,1,25.292,1.0216,0.7356,2,2,1,989
task_obj_remove_509477,background,13,109,0.996825,1.0,0.391133,0.994008,0,0.92278,0.93547,0.16475,0.01331,0.04828,1.90118,59.4595,0.8944,2.24412,2.18601,0,9.02,16.0,16,22.293,0.0114,0.1904,8,31.275,0.2274,0.05,2,24.269,0.9687,0.7131,2,3,1,996
task_obj_remove_509477,background,14,110,0.992657,1.0,0.316564,0.986995,0,0.92408,0.93223,0.15496,0.01077,0.03984,1.91469,48.9117,0.98702,2.19327,2.18601,0,7.955,16.0,16,22.122,0.0,0.1634,8,31.756,0.205,0.0731,1,24.478,1.0367,0.7572,2,3,1,997
task_obj_remove_509477,background,14,111,0.961799,0.948234,1.0,1.0,0,0.86935,0.95473,0.21164,0.05792,0.12122,1.84343,76.571,1.05751,2.2097,2.18601,0,12.3051,16.0,16,23.177,0.0003,0.1647,8,31.321,0.2628,0.05,1,24.544,1.016,0.7547,2,3,1,995
task_obj_remove_509477,background,14,112,1.0,1.0,0.476874,1.0,0,0.9256,0.91465,0.16184,0.01623,0.05856,1.82798,42.5448,0.89746,2.23821,2.18601,0,6.651,16.0,16,21.727,0.0337,0.1833,8,32.0,0.2185,0.0545,1,24.52,0.9925,0.7304,2,3,1,993
task_obj_remove_509477,background,14,113,0.92295,1.0,0.467436,0.91017,0,0.92301,0.94248,0.16108,0.01591,0.05379,2.0763,46.4849,0.99074,2.18121,2.18601,0,7.4397,16.0,16,22.737,0.0066,0.1669,8,32.0,0.2007,0.05,1,24.951,1.0227,0.7415,2,2,1,997
task_obj_remove_509477,background,14,114,0.994265,1.0,0.312141,0.989607,0,0.92462,0.92872,0.15493,0.01062,0.03911,1.90964,48.323,0.98586,2.19054,2.18601,0,7.8325,16.0,16,21.838,0.0,0.1697,8,32.0,0.2149,0.0678,1,24.879,1.0267,0.7389,2,3,1,997
task_obj_remove_509477,background,14,115,0.981852,1.0,0.390171,0.971574,0,0.92259,0.94691,0.15764,0.01328,0.04799,1.94508,48.052,0.98339,2.19126,2.18601,0,7.8871,16.0,16,22.719,0.0,0.1976,8,31.579,0.2346,0.0652,1,24.518,1.0002,0.7335,2,3,1,997
task_obj_remove_509477,background,14,116,0.989975,0.99916,0.905711,0.983288,0,0.91604,0.92033,0.17237,0.03082,0.09367,1.92191,50.3365,0.95847,2.2354,2.18601,0,6.7651,16.0,16,22.135,0.0,0.1459,8,32.0,0.1985,0.0598,1,24.58,1.02,0.748,2,2,1,981
task_obj_remove_509477,background,14,117,0.944274,1.0,1.0,0.930417,0,0.92112,0.96179,0.19909,0.03721,0.10081,2.03112,70.0967,0.99179,2.22954,2.18601,0,11.3613,16.0,16,22.249,0.0228,0.1748,8,31.444,0.2001,0.05,1,24.544,1.0042,0.7431,2,3,1,992
task_obj_remove_509477,background,14,118,0.994374,1.0,0.337411,0.989788,0,0.92626,0.95812,0.15457,0.01148,0.03723,1.90929,58.27,0.97994,2.21905,2.18601,0,9.1021,16.0,16,22.507,0.0,0.1733,8,30.833,0.2146,0.0563,1,25.095,1.0454,0.7634,2,2,1,994
task_obj_remove_509477,background,15,119,0.978189,1.0,0.348403,0.966931,0,0.91961,0.91966,0.15955,0.01186,0.04078,1.95442,73.0259,0.93722,2.23759,2.18601,0,11.4393,16.0,16,22.175,0.0167,0.1858,8,32.0,0.2246,0.0691,1,24.329,1.0159,0.7414,2,3,1,990
task_obj_remove_509477,background,15,120,0.93952,1.0,0.479135,0.925806,0,0.92092,0.95824,0.16146,0.0163,0.05527,2.04124,46.5599,0.99089,2.18365,2.18601,0,7.4589,16.0,16,21.826,0.0,0.1704,8,31.817,0.2297,0.0507,1,24.394,1.0255,0.7409,2,2,1,997
task_obj_remove_509477,background,15,121,0.91645,1.0,0.4951,0.904161,0,0.91975,0.95647,0.16197,0.01685,0.05785,2.0901,46.7948,0.99076,2.19868,2.18601,0,7.5647,16.0,16,22.475,0.0132,0.1869,8,32.0,0.2331,0.0527,1,24.546,1.0324,0.7405,2,2,1,997
task_obj_remove_509477,background,15,122,0.927033,1.0,0.464385,0.913974,0,0.92441,0.94969,0.16073,0.0158,0.05508,2.06766,47.0841,0.99012,2.19021,2.18601,0,7.6708,16.0,16,22.405,0.0101,0.1957,8,32.0,0.2094,0.0621,1,24.366,1.0375,0.7458,2,2,1,997
task_obj_remove_509477,background,15,123,0.972041,1.0,0.288125,0.959583,0,0.92386,0.9343,0.15213,0.0098,0.03282,1.96939,56.8238,0.97624,2.22654,2.18601,0,8.8846,16.0,16,21.97,0.0,0.1667,8,32.0,0.2169,0.062,1,24.68,1.0167,0.743,2,2,1,994
task_obj_remove_509477,background,15,124,0.917856,1.0,0.425686,0.905457,0,0.92529,0.96048,0.15959,0.01449,0.04969,2.08711,46.8114,0.99094,2.18743,2.18601,0,7.4999,16.0,16,22.513,0.0063,0.166,8,32.0,0.2123,0.05,1,24.98,1.017,0.7555,2,2,1,997
task_obj_remove_509477,background,15,125,0.927231,1.0,0.510063,0.914159,0,0.91779,0.95908,0.1625,0.01736,0.05876,2.06724,46.5255,0.9896,2.18355,2.18601,0,7.5133,16.0,16,22.668,0.0222,0.1845,8,31.708,0.2168,0.0527,1,25.035,1.017,0.7402,2,2,1,997
task_obj_remove_509477,background,15,126,0.975995,1.0,0.804263,0.964252,0,0.92243,0.95926,0.17247,0.02737,0.08695,1.95985,61.0916,1.0018,2.22142,2.18601,0,9.8081,16.0,16,22.327,0.0038,0.1864,8,31.934,0.2108,0.05,1,24.427,1.0194,0.7345,2,2,1,988
task_obj_remove_509477,background,15,127,0.996583,0.998462,0.557102,0.994835,0,0.9154,0.95996,0.16158,0.01896,0.06414,1.8996,46.6772,0.9271,2.22294,2.18601,0,6.8163,16.0,16,22.347,0.0,0.1795,8,32.0,0.2122,0.0655,1,24.56,1.0211,0.7467,2,2,1,993
task_obj_remove_509477,background,16,128,0.974516,1.0,0.408948,0.962482,0,0.92179,0.92637,0.1744,0.01392,0.04206,1.96345,65.6476,0.99439,2.25153,2.18601,0,10.095,16.0,16,22.221,0.0,0.1765,8,32.0,0.2122,0.0655,1,24.698,1.0257,0.736,2,3,1,996
task_obj_remove_509477,background,16,129,0.988374,1.0,0.291976,0.980502,0,0.92206,0.93363,0.15253,0.00994,0.03318,1.92737,57.0079,0.97687,2.22066,2.18601,0,8.8899,16.0,16,22.761,0.0,0.1695,8,32.0,0.2118,0.0507,1,24.278,1.0066,0.7501,2,2,1,994
task_obj_remove_509477,background,16,130,0.965012,1.0,0.438667,0.951696,0,0.921,0.94013,0.17605,0.01493,0.0444,1.98571,66.4922,0.99831,2.24271,2.18601,0,10.2537,16.0,16,22.256,0.0,0.19,8,31.623,0.22,0.0568,1,24.512,1.0189,0.7504,2,3,1,996
task_obj_remove_509477,background,16,131,0.918295,1.0,0.4803,0.905862,0,0.92347,0.95865,0.16146,0.01634,0.05566,2.08618,46.3184,0.98974,2.19284,2.18601,0,7.426,16.0,16,22.373,0.012,0.169,8,32.0,0.23,0.0545,1,24.852,1.0152,0.7401,2,2,1,997
task_obj_remove_509477,background,16,132,0.929191,1.0,0.498627,0.915995,0,0.92719,0.95838,0.16216,0.01697,0.05755,2.0631,46.509,0.99018,2.18679,2.18601,0,7.5017,16.0,16,22.836,0.0106,0.1822,8,32.0,0.2279,0.05,1,24.705,1.0196,0.74,2,2,1,997
task_obj_remove_509477,background,16,133,0.990127,1.0,0.588686,0.983088,0,0.91754,0.95002,0.16278,0.02003,0.06762,1.9223,46.5695,0.9269,2.22489,2.18601,0,6.7896,16.0,16,22.57,0.0,0.1784,8,31.693,0.2126,0.0626,1,24.819,1.0103,0.7471,2,2,1,993
task_obj_remove_509477,background,16,134,0.98691,1.0,0.335992,0.97841,0,0.923,0.92613,0.15623,0.01143,0.04132,1.93149,48.5447,0.98808,2.20238,2.18601,0,7.8502,16.0,16,21.984,0.0032,0.1716,8,32.0,0.207,0.0514,1,24.43,1.0329,0.7409,2,3,1,997
task_obj_remove_509477,background,16,135,0.954995,1.0,0.370987,0.94113,0,0.92227,0.91331,0.16605,0.01262,0.04479,2.008,60.7889,1.00734,2.24398,2.18601,0,8.5343,16.0,16,22.094,0.0104,0.1753,8,32.0,0.2236,0.0556,1,24.47,1.0044,0.7313,2,2,1,996
task_obj_remove_509477,background,16,136,0.921094,1.0,0.460357,0.908449,0,0.92579,0.95743,0.16083,0.01567,0.05404,2.08024,46.6884,0.99062,2.18584,2.18601,0,7.5233,16.0,16,22.097,0.0,0.1819,8,32.0,0.2122,0.05,1,24.555,1.0256,0.7411,2,2,1,997
task_obj_remove_509477,background,17,137,0.960978,0.947361,1.0,1.0,0,0.86855,0.95431,0.21059,0.05694,0.12012,1.85564,75.7556,1.0521,2.20396,2.18601,0,12.2212,16.0,16,22.516,0.0,0.1677,8,32.0,0.2191,0.0634,1,24.613,1.0194,0.74,2,3,1,995
task_obj_remove_509477,background,17,138,0.995791,0.999182,0.726138,0.992806,0,0.91606,0.98522,0.16975,0.02471,0.0682,1.90348,63.4964,0.98818,2.22782,2.18601,0,10.2361,16.0,16,22.322,0.0063,0.1786,8,32.0,0.2209,0.0591,1,24.564,1.0097,0.7397,2,3,1,994
task_obj_remove_509477,background,17,139,0.988985,1.0,0.305105,0.981393,0,0.92481,0.93422,0.15282,0.01038,0.03451,1.92562,56.7396,0.97608,2.21847,2.18601,0,8.8897,16.0,16,22.494,0.0,0.1768,8,32.0,0.2167,0.055,1,24.646,1.0103,0.7408,2,2,1,994
task_obj_remove_509477,background,17,140,0.990108,1.0,0.254403,0.983059,0,0.92447,0.95263,0.15112,0.00866,0.02926,1.92236,56.7612,0.97595,2.21176,2.18601,0,8.9463,16.0,16,22.48,0.0029,0.1897,8,32.0,0.2381,0.057,1,24.637,1.0189,0.7349,2,2,1,994
task_obj_remove_509477,background,17,141,0.9169,1.0,0.46796,0.904576,0,0.92352,0.96462,0.16087,0.01592,0.05338,2.08914,46.6324,0.98983,2.18619,2.18601,0,7.5119,16.0,16,22.536,0.0,0.1704,8,32.0,0.2067,0.0605,1,24.277,1.0213,0.7491,2,2,1,997
task_obj_remove_509477,background,17,142,0.958072,0.944307,1.0,1.0,0,0.86575,0.91874,0.22484,0.07141,0.14389,1.86887,70.5232,1.03846,2.19742,2.18601,0,11.2781,16.0,16,22.448,0.0,0.1797,8,31.734,0.2163,0.0517,1,24.483,1.014,0.7435,2,2,1,995
task_obj_remove_509477,background,17,143,0.913266,1.0,0.487965,0.901234,0,0.92484,0.94187,0.16152,0.01661,0.0558,2.09689,46.6901,0.98943,2.18996,2.18601,0,7.5515,16.0,16,22.162,0.0046,0.1795,8,31.778,0.2035,0.0628,1,24.609,1.0243,0.7456,2,2,1,997
task_obj_remove_509477,background,17,144,0.93404,1.0,0.507252,0.92057,0,0.92333,0.93796,0.16236,0.01726,0.05802,2.05285,46.3376,0.98911,2.19071,2.18601,0,7.4504,16.0,16,22.319,0.0011,0.1746,8,32.0,0.2169,0.0547,1,24.393,1.0085,0.7418,2,2,1,997
task_obj_remove_509477,background,17,145,0.925597,1.0,0.48068,0.912633,0,0.92531,0.95109,0.16134,0.01636,0.05576,2.0707,46.4761,0.98919,2.18944,2.18601,0,7.5025,16.0,16,22.671,0.0,0.1779,8,31.951,0.2122,0.0602,1,24.606,1.0181,0.7422,2,2,1,997
task_obj_remove_509477,background,18,146,0.961182,1.0,0.436178,0.947577,0,0.92028,0.9417,0.17582,0.01484,0.04546,1.99434,66.1753,0.99755,2.24215,2.18601,0,10.136,16.0,16,22.299,0.0104,0.1757,8,32.0,0.2014,0.0572,1,24.711,1.0233,0.7454,2,3,1,996
task_obj_remove_509477,background,18,147,0.965176,1.0,0.287108,0.951875,0,0.92249,0.93179,0.15244,0.00977,0.03281,1.98533,57.1917,0.97726,2.21611,2.18601,0,8.9612,16.0,16,22.276,0.0,0.1791,8,31.885,0.213,0.054,1,24.642,1.0213,0.7462,2,2,1,994
task_obj_remove_509477,background,18,148,0.966964,1.0,0.432718,0.953841,0,0.9235,0.93937,0.17546,0.01473,0.04486,1.98124,65.9616,0.99644,2.24926,2.18601,0,10.0918,16.0,16,22.277,0.001,0.1765,8,31.895,0.2184,0.0533,1,24.401,1.0182,0.7422,2,3,1,996
task_obj_remove_509477,background,18,149,0.983933,1.0,0.316045,0.97432,0,0.92559,0.93107,0.15536,0.01075,0.03935,1.9396,48.4146,0.98628,2.19724,2.18601,0,7.8691,16.0,16,22.405,0.0,0.1787,8,31.923,0.2135,0.0581,1,24.845,1.0197,0.7411,2,3,1,997
task_obj_remove_509477,background,18,150,0.989727,1.0,0.32294,0.982489,0,0.92434,0.93307,0.15566,0.01099,0.03983,1.92347,48.6319,0.98664,2.20351,2.18601,0,7.9029,16.0,16,22.245,0.0,0.1768,8,31.934,0.2063,0.0559,1,24.794,1.0158,0.7493,2,3,1,997
task_obj_remove_509477,background,18,151,0.972926,1.0,0.292773,0.960611,0,0.92221,0.95285,0.1525,0.00996,0.03312,1.96728,56.8644,0.97669,2.21363,2.18601,0,8.905,16.0,16,22.27,0.0,0.1773,8,31.941,0.2133,0.0531,1,24.496,1.0159,0.7413,2,2,1,994
task_obj_remove_509477,background,18,152,0.943111,1.0,0.430358,0.929282,0,0.92475,0.9469,0.15973,0.01464,0.05015,2.0336,46.7303,0.99015,2.19181,2.18601,0,7.5162,16.0,16,22.274,0.0,0.1765,8,31.963,0.2078,0.0536,1,24.77,1.0193,0.7468,2,2,1,997
task_obj_remove_509477,background,18,153,0.997028,1.0,0.475516,0.994372,0,0.9246,0.91968,0.16222,0.01618,0.05878,1.90049,42.9518,0.89867,2.22772,2.18601,0,6.6867,16.0,16,22.341,0.0,0.1744,8,32.0,0.2142,0.0537,1,24.555,1.0117,0.7402,2,3,1,993
task_obj_remove_509477,background,18,154,0.987957,1.0,0.326736,0.979901,0,0.92499,0.92805,0.15573,0.01112,0.0402,1.92855,48.7136,0.98702,2.19409,2.18601,0,7.9303,16.0,16,22.327,0.0049,0.1771,8,31.918,0.2197,0.0577,1,24.586,1.0223,0.7507,2,3,1,997
task_obj_remove_509477,background,19,155,0.929146,1.0,0.475041,0.915953,0,0.92348,0.94911,0.16126,0.01617,0.05456,2.06319,46.5853,0.98983,2.17549,2.18601,0,7.4937,16.0,16,22.503,0.0003,0.1758,8,31.943,0.2184,0.0537,1,24.61,1.0151,0.7455,2,2,1,997
task_obj_remove_509477,background,19,156,0.92729,1.0,0.495697,0.914214,0,0.92294,0.95029,0.16196,0.01687,0.05724,2.06712,46.6311,0.98967,2.17794,2.18601,0,7.5013,16.0,16,22.448,0.0013,0.1774,8,31.963,0.2138,0.0543,1,24.595,1.0146,0.7454,2,2,1,997
task_obj_remove_509477,background,19,157,0.984338,0.995004,0.642299,0.976911,0,0.91223,0.96231,0.167,0.02186,0.08312,1.93445,49.4241,0.92938,2.2137,2.18601,0,7.5084,16.0,16,22.237,0.0084,0.1762,8,32.0,0.2123,0.0545,1,24.663,1.0123,0.743,2,2,1,991
task_obj_remove_509477,background,19,158,0.998341,1.0,0.30611,0.996785,0,0.92362,0.93965,0.1551,0.01042,0.03803,1.89589,48.5101,0.98673,2.19915,2.18601,0,7.8887,16.0,16,22.407,0.0,0.1793,8,31.994,0.2148,0.0553,1,24.76,1.0201,0.7439,2,3,1,997
task_obj_remove_509477,background,19,159,0.903832,1.0,0.4833,0.892606,0,0.92234,0.95866,0.16146,0.01645,0.05625,2.11716,47.0245,0.99064,2.19247,2.18601,0,7.5826,16.0,16,22.537,0.0059,0.1796,8,31.956,0.2146,0.0557,1,24.509,1.027,0.7517,2,2,1,997
task_obj_remove_509477,background,19,160,0.998607,1.0,0.696218,0.997287,0,0.91917,0.97786,0.16872,0.02369,0.06508,1.89493,63.8214,0.98974,2.22985,2.18601,0,10.2679,16.0,16,22.255,0.0,0.1778,8,32.0,0.219,0.0553,1,24.683,1.0214,0.7424,2,3,1,994
task_obj_remove_509477,background,19,161,0.930783,1.0,0.522242,0.917492,0,0.9247,0.93857,0.1628,0.01777,0.05903,2.05973,46.4962,0.98899,2.18871,2.18601,0,7.504,16.0,16,22.408,0.0,0.1811,8,31.862,0.2122,0.0578,1,24.695,1.0131,0.7422,2,2,1,997
task_obj_remove_509477,background,19,162,0.935253,1.0,0.502856,0.921723,0,0.92277,0.95724,0.1622,0.01711,0.05749,2.05028,46.4688,0.98947,2.18369,2.18601,0,7.4832,16.0,16,22.356,0.0006,0.1767,8,32.0,0.2111,0.0549,1,24.603,1.0138,0.743,2,2,1,997
task_obj_remove_509477,background,19,163,0.994608,1.0,0.331419,0.990178,0,0.92537,0.94813,0.1558,0.01128,0.04089,1.90854,48.513,0.98597,2.19388,2.18601,0,7.9012,16.0,16,22.253,0.0,0.1801,8,32.0,0.2209,0.0607,1,24.574,1.0167,0.7453,2,3,1,997
task_obj_remove_509477,background,20,164,0.919012,1.0,0.46108,0.906524,0,0.92422,0.95939,0.16066,0.01569,0.0545,2.08465,47.0982,0.99096,2.19412,2.18601,0,7.5843,16.0,16,22.583,0.0016,0.1753,8,31.968,0.214,0.0568,1,24.429,1.03,0.7544,2,2,1,997
task_obj_remove_509477,background,20,165,1.0,1.0,0.298412,1.0,0,0.92517,0.92939,0.15481,0.01015,0.03694,1.86481,48.7841,0.98748,2.20295,2.18601,0,7.9551,16.0,16,22.545,0.0038,0.1791,8,31.985,0.2192,0.0566,1,24.426,1.0274,0.751,2,3,1,997
task_obj_remove_509477,background,20,166,0.959146,0.94543,1.0,1.0,0,0.86678,0.90922,0.22877,0.07544,0.14821,1.83757,71.4348,1.04267,2.19554,2.18601,0,11.4581,16.0,16,22.595,0.0064,0.1809,8,31.868,0.2129,0.0558,1,24.439,1.0239,0.7562,2,2,1,995
task_obj_remove_509477,background,20,167,0.948977,1.0,0.295207,0.935056,0,0.92087,0.9689,0.16445,0.01005,0.03349,2.02104,62.1767,1.01473,2.25602,2.18601,0,8.7938,16.0,16,22.499,0.0049,0.1782,8,31.952,0.2203,0.0572,1,24.526,1.0253,0.7543,2,2,1,996
task_obj_remove_509477,background,20,168,0.963004,1.0,0.278664,0.949523,0,0.92243,0.96104,0.16375,0.00948,0.03178,1.99025,61.9991,1.01388,2.2565,2.18601,0,8.758,16.0,16,22.623,0.006,0.1779,8,31.953,0.2202,0.0558,1,24.519,1.0264,0.7491,2,2,1,996
task_obj_remove_509477,background,20,169,1.0,1.0,0.32252,1.0,0,0.92571,0.94436,0.15566,0.01098,0.03959,1.88723,48.7527,0.98716,2.1951,2.18601,0,7.9554,16.0,16,22.654,0.0086,0.1812,8,31.912,0.2179,0.0557,1,24.596,1.0225,0.751,2,3,1,997
task_obj_remove_509477,background,20,170,0.92113,1.0,0.470043,0.908483,0,0.92293,0.97665,0.16096,0.016,0.05544,2.08016,47.1538,0.99102,2.19385,2.18601,0,7.6082,16.0,16,22.548,0.0037,0.1783,8,31.921,0.2154,0.0565,1,24.569,1.0308,0.7556,2,2,1,997
task_obj_remove_509477,background,20,171,1.0,1.0,0.290188,1.0,0,0.92219,0.94792,0.15458,0.00987,0.03592,1.88915,48.7282,0.98726,2.19955,2.18601,0,7.9468,16.0,16,22.405,0.0085,0.1812,8,31.968,0.2165,0.0549,1,24.498,1.0238,0.7494,2,3,1,997
task_obj_remove_509477,background,20,172,0.923026,1.0,0.476245,0.910241,0,0.92338,0.95279,0.16121,0.01621,0.05576,2.07614,46.9352,0.99043,2.19028,2.18601,0,7.5829,16.0,16,22.704,0.0056,0.1792,8,32.0,0.2096,0.0563,1,24.5,1.0246,0.7529,2,2,1,997
task_obj_remove_509477,background,21,173,0.933238,1.0,0.461111,0.91981,0,0.92526,0.95726,0.16068,0.01569,0.05392,2.05454,46.9586,0.99037,2.19418,2.18601,0,7.5845,16.0,16,22.559,0.0077,0.1793,8,31.953,0.2157,0.0569,1,24.46,1.024,0.7534,2,2,1,997
task_obj_remove_509477,background,21,174,0.920127,1.0,0.411744,0.907554,0,0.92392,0.94847,0.15902,0.01401,0.0491,2.08229,47.0627,0.99077,2.19976,2.18601,0,7.5974,16.0,16,22.483,0.0096,0.1811,8,31.916,0.2165,0.0555,1,24.519,1.0289,0.7521,2,2,1,997
task_obj_remove_509477,background,21,175,0.932203,1.0,0.453262,0.918831,0,0.92225,0.95278,0.16042,0.01542,0.0525,2.05673,46.9516,0.99033,2.19283,2.18601,0,7.5814,16.0,16,22.645,0.0059,0.1795,8,31.886,0.2123,0.0566,1,24.591,1.0237,0.7528,2,2,1,997
task_obj_remove_509477,background,21,176,0.990653,1.0,0.312202,0.983881,0,0.92223,0.94973,0.15534,0.01062,0.03821,1.92075,48.9087,0.98798,2.19868,2.18601,0,7.9838,16.0,16,22.618,0.0077,0.18,8,32.0,0.2118,0.0553,1,24.494,1.0315,0.7529,2,3,1,997
task_obj_remove_509477,background,21,177,0.959084,0.945365,1.0,1.0,0,0.86672,0.953,0.21111,0.05759,0.12064,1.84309,76.858,1.05883,2.20972,2.18601,0,12.4214,16.0,16,22.535,0.0044,0.1811,8,31.924,0.2158,0.0534,1,24.532,1.0295,0.7512,2,3,1,995
task_obj_remove_509477,background,21,178,0.975907,1.0,0.416691,0.964145,0,0.92001,0.94114,0.17551,0.01418,0.04235,1.96007,66.5235,0.9996,2.24056,2.18601,0,10.1969,16.0,16,22.541,0.002,0.1774,8,31.898,0.2205,0.0561,1,24.436,1.0258,0.7509,2,3,1,996
task_obj_remove_509477,background,21,179,0.909846,1.0,0.474783,0.8981,0,0.92172,0.9586,0.16117,0.01616,0.05531,2.10421,46.919,0.99054,2.18204,2.18601,0,7.5708,16.0,16,22.516,0.0046,0.1789,8,31.909,0.2193,0.0561,1,24.539,1.0263,0.7506,2,2,1,997
task_obj_remove_509477,background,21,180,0.958092,1.0,0.281177,0.944328,0,0.91995,0.98282,0.16394,0.00957,0.03177,2.0012,62.1669,1.01489,2.25356,2.18601,0,8.7971,16.0,16,22.552,0.003,0.1812,8,31.956,0.2167,0.0533,1,24.5,1.0256,0.7533,2,2,1,996
task_obj_remove_509477,background,21,181,0.928889,1.0,0.303141,0.915712,0,0.92167,0.96721,0.16459,0.01032,0.03377,2.06374,62.052,1.01402,2.26054,2.18601,0,8.7724,16.0,16,22.539,0.0048,0.18,8,31.955,0.2131,0.0554,1,24.496,1.0248,0.7507,2,2,1,996
task_obj_remove_509477,background,22,182,0.943406,1.0,0.238173,0.92957,0,0.92247,0.97047,0.16244,0.0081,0.0266,2.03297,62.0945,1.01447,2.25465,2.18601,0,8.7782,16.0,16,22.582,0.0067,0.1786,8,31.917,0.2144,0.0552,1,24.526,1.0273,0.7512,2,2,1,996
task_obj_remove_509477,background,22,183,0.927323,1.0,0.44033,0.914245,0,0.92255,0.97304,0.16,0.01498,0.05138,2.06705,46.9914,0.99071,2.19378,2.18601,0,7.5786,16.0,16,22.533,0.003,0.1794,8,31.894,0.2141,0.0554,1,24.502,1.028,0.7508,2,2,1,997
task_obj_remove_509477,background,22,184,0.996495,1.0,0.323514,0.993422,0,0.92342,0.94638,0.1557,0.01101,0.03984,1.9023,48.886,0.98748,2.19984,2.18601,0,7.9848,16.0,16,22.552,0.0066,0.181,8,31.943,0.2164,0.0558,1,24.513,1.0244,0.7547,2,3,1,997
task_obj_remove_509477,background,22,185,0.964105,1.0,0.343341,0.950711,0,0.92301,0.96904,0.16599,0.01168,0.03871,1.98776,62.0686,1.01424,2.25628,2.18601,0,8.7766,16.0,16,22.506,0.0064,0.1795,8,31.899,0.2143,0.0554,1,24.517,1.0251,0.7515,2,2,1,996
task_obj_remove_509477,background,22,186,0.962559,1.0,0.342954,0.949046,0,0.92273,0.96062,0.16598,0.01167,0.03852,1.99125,62.0981,1.01441,2.25276,2.18601,0,8.7813,16.0,16,22.547,0.0067,0.1794,8,31.967,0.2165,0.0553,1,24.494,1.0293,0.7499,2,2,1,996
task_obj_remove_509477,background,22,187,0.958803,0.94507,1.0,1.0,0,0.86645,0.90985,0.22586,0.07259,0.14534,1.85886,71.2633,1.0419,2.19758,2.18601,0,11.4204,16.0,16,22.571,0.004,0.1802,8,31.891,0.2145,0.0568,1,24.515,1.0291,0.751,2,2,1,995
task_obj_remove_509477,background,22,188,0.92437,1.0,0.472879,0.91149,0,0.9215,0.95798,0.16114,0.01609,0.05465,2.0733,46.9618,0.99064,2.18918,2.18601,0,7.5637,16.0,16,22.522,0.006,0.1784,8,31.971,0.213,0.0538,1,24.453,1.0247,0.751,2,2,1,997
task_obj_remove_509477,background,22,189,0.920758,1.0,0.447953,0.908138,0,0.9244,0.95265,0.16026,0.01524,0.05173,2.08095,46.8979,0.9902,2.18948,2.18601,0,7.565,16.0,16,22.57,0.0038,0.1793,8,31.963,0.2154,0.0563,1,24.471,1.0221,0.7509,2,2,1,997
task_obj_remove_509477,background,22,190,0.920618,1.0,0.493015,0.908009,0,0.92578,0.94176,0.16178,0.01678,0.05679,2.08125,46.9893,0.99068,2.1942,2.18601,0,7.58,16.0,16,22.518,0.0078,0.1786,8,31.912,0.2122,0.0564,1,24.496,1.0287,0.7512,2,2,1,997
task_obj_remove_509477,background,23,191,0.958116,1.0,0.269893,0.944353,0,0.9193,0.96748,0.16352,0.00918,0.03032,2.00115,62.1324,1.01459,2.2551,2.18601,0,8.7893,16.0,16,22.532,0.007,0.1802,8,31.974,0.2131,0.0549,1,24.502,1.0277,0.7515,2,2,1,996
task_obj_remove_509477,background,23,192,0.95943,1.0,0.390602,0.945728,0,0.92385,0.94056,0.17467,0.01329,0.03989,1.99824,66.6487,0.99989,2.24221,2.18601,0,10.2166,16.0,16,22.542,0.0081,0.1793,8,31.928,0.2137,0.0562,1,24.518,1.0263,0.7518,2,3,1,996
task_obj_remove_509477,background,23,193,0.951996,1.0,0.319065,0.938082,0,0.92493,0.94742,0.16516,0.01086,0.03618,2.01452,62.0969,1.01429,2.25361,2.18601,0,8.791,16.0,16,22.527,0.005,0.1808,8,31.948,0.2145,0.0564,1,24.479,1.0275,0.7509,2,2,1,996
task_obj_remove_509477,background,23,194,0.917856,1.0,0.442172,0.905457,0,0.92379,0.95918,0.16005,0.01505,0.0514,2.08711,47.0126,0.99053,2.18781,2.18601,0,7.5883,16.0,16,22.549,0.0064,0.1797,8,31.982,0.2132,0.0564,1,24.476,1.026,0.7529,2,2,1,997
task_obj_remove_509477,background,23,195,0.944014,1.0,0.250225,0.930163,0,0.92245,0.97583,0.16289,0.00852,0.02823,2.03168,62.1569,1.01477,2.25069,2.18601,0,8.7842,16.0,16,22.537,0.0055,0.1786,8,31.983,0.2165,0.0546,1,24.488,1.0272,0.7523,2,2,1,996
task_obj_remove_509477,background,23,196,0.923776,1.0,0.439725,0.910938,0,0.92542,0.93572,0.15999,0.01496,0.05125,2.07455,46.9972,0.99062,2.18905,2.18601,0,7.5786,16.0,16,22.561,0.0059,0.1799,8,31.967,0.2152,0.0552,1,24.536,1.0267,0.751,2,2,1,997
task_obj_remove_509477,background,23,197,0.919569,1.0,0.453805,0.907038,0,0.92277,0.95832,0.16045,0.01544,0.05267,2.08347,46.9794,0.99064,2.18877,2.18601,0,7.5804,16.0,16,22.572,0.0039,0.1792,8,31.976,0.2155,0.0565,1,24.519,1.0284,0.7509,2,2,1,997
task_obj_remove_509477,background,23,198,0.916334,1.0,0.429119,0.904055,0,0.92406,0.95575,0.1596,0.0146,0.05017,2.09035,47.0493,0.99062,2.19027,2.18601,0,7.5962,16.0,16,22.527,0.0082,0.1804,8,32.0,0.2156,0.0563,1,24.509,1.0273,0.753,2,2,1,997
task_obj_remove_509477,background,23,199,0.965001,1.0,0.305835,0.951684,0,0.92089,0.97712,0.16479,0.01041,0.03458,1.98573,62.1689,1.01483,2.24888,2.18601,0,8.7894,16.0,16,22.544,0.0073,0.1785,8,31.927,0.2144,0.0554,1,24.499,1.0278,0.7527,2,2,1,996
task_obj_remove_509477,background,24,200,0.954161,1.0,0.255455,0.940278,0,0.92234,0.97221,0.16304,0.00869,0.02873,2.00982,62.1222,1.01454,2.25771,2.18601,0,8.7891,16.0,16,22.59,0.006,0.1799,8,31.945,0.2156,0.0555,1,24.518,1.0268,0.752,2,2,1,996
task_obj_remove_509477,background,24,201,0.907124,1.0,0.434831,0.895611,0,0.92213,0.95906,0.1598,0.0148,0.05126,2.11006,47.013,0.9906,2.19229,2.18601,0,7.589,16.0,16,22.54,0.0073,0.1799,8,31.969,0.2156,0.0563,1,24.475,1.027,0.7525,2,2,1,997
task_obj_remove_509477,background,24,202,0.928409,1.0,0.475594,0.915262,0,0.92482,0.95799,0.16121,0.01618,0.05503,2.06475,47.0011,0.99068,2.19123,2.18601,0,7.5769,16.0,16,22.569,0.007,0.1787,8,31.95,0.2156,0.0553,1,24.527,1.0268,0.7518,2,2,1,997
task_obj_remove_509477,background,24,203,0.966275,1.0,0.260444,0.95308,0,0.92503,0.91549,0.16317,0.00886,0.02931,1.98282,62.0688,1.01427,2.25517,2.18601,0,8.7833,16.0,16,22.53,0.0072,0.18,8,31.926,0.2136,0.056,1,24.475,1.0257,0.7516,2,2,1,996
task_obj_remove_509477,background,24,204,0.922881,1.0,0.394096,0.910106,0,0.92448,0.95669,0.15842,0.01341,0.04644,2.07645,46.9875,0.99049,2.18378,2.18601,0,7.5826,16.0,16,22.532,0.0064,0.1798,8,31.961,0.2145,0.056,1,24.511,1.0252,0.7523,2,2,1,997
task_obj_remove_509477,background,24,205,0.920615,1.0,0.440997,0.908006,0,0.92604,0.94623,0.16003,0.01501,0.05187,2.08125,47.0013,0.99053,2.18862,2.18601,0,7.5839,16.0,16,22.54,0.0072,0.1802,8,31.916,0.2146,0.0554,1,24.52,1.0251,0.7523,2,2,1,997
task_obj_remove_509477,background,24,206,0.918915,1.0,0.442317,0.906434,0,0.92157,0.96034,0.16007,0.01505,0.05197,2.08486,47.0572,0.99069,2.19956,2.18601,0,7.5852,16.0,16,22.558,0.0058,0.1798,8,31.969,0.2143,0.0556,1,24.486,1.0278,0.7516,2,2,1,997
task_obj_remove_509477,background,24,207,0.9246,1.0,0.430406,0.911704,0,0.91726,0.95852,0.15967,0.01465,0.0505,2.07281,46.9995,0.99067,2.19225,2.18601,0,7.579,16.0,16,22.527,0.0061,0.1791,8,31.984,0.214,0.0553,1,24.473,1.0269,0.7517,2,2,1,997
task_obj_remove_509477,background,24,208,0.909037,1.0,0.437509,0.89736,0,0.91943,0.95751,0.15991,0.01489,0.05137,2.10594,46.9414,0.99055,2.18999,2.18601,0,7.5771,16.0,16,22.548,0.0076,0.1796,8,31.967,0.213,0.0555,1,24.504,1.0261,0.7512,2,2,1,997
task_obj_remove_509477,background,25,209,0.914461,1.0,0.439818,0.902332,0,0.92391,0.95443,0.15999,0.01497,0.052,2.09434,46.9668,0.99054,2.18591,2.18601,0,7.5785,16.0,16,22.538,0.0056,0.1799,8,31.934,0.2148,0.0555,1,24.472,1.0257,0.7514,2,2,1,997
task_obj_remove_509477,background,25,210,0.965371,1.0,0.349221,0.952088,0,0.92029,0.94607,0.16622,0.01188,0.03867,1.98489,62.0967,1.01444,2.2512,2.18601,0,8.7863,16.0,16,22.527,0.0058,0.1795,8,31.975,0.2144,0.0561,1,24.516,1.0265,0.7519,2,2,1,996
task_obj_remove_509477,background,25,211,0.908693,1.0,0.44963,0.897045,0,0.9248,0.94301,0.16032,0.0153,0.05259,2.10668,47.004,0.99066,2.18711,2.18601,0,7.5786,16.0,16,22.549,0.0053,0.1793,8,31.947,0.2146,0.0555,1,24.512,1.0273,0.7512,2,2,1,997
task_obj_remove_509477,background,25,212,0.924268,1.0,0.452884,0.911395,0,0.92664,0.96217,0.16043,0.01541,0.05341,2.07351,47.0302,0.99073,2.19899,2.18601,0,7.5809,16.0,16,22.539,0.0064,0.1788,8,31.938,0.2141,0.0552,1,24.509,1.0271,0.7523,2,2,1,997
task_obj_remove_509477,background,25,213,0.917015,1.0,0.457736,0.904682,0,0.92371,0.94787,0.16058,0.01558,0.05365,2.0889,46.9958,0.9906,2.18804,2.18601,0,7.5821,16.0,16,22.52,0.0061,0.1792,8,31.97,0.2142,0.0564,1,24.49,1.0275,0.7516,2,2,1,997
task_obj_remove_509477,background,25,214,0.990631,1.0,0.338388,0.983849,0,0.92241,0.94159,0.15623,0.01152,0.04104,1.92081,48.8495,0.98776,2.19853,2.18601,0,7.9747,16.0,16,22.549,0.0062,0.1804,8,31.942,0.2141,0.0548,1,24.49,1.0281,0.7526,2,3,1,997
task_obj_remove_509477,background,25,215,0.956952,1.0,0.294851,0.943145,0,0.92289,0.93825,0.16433,0.01003,0.03367,2.00371,62.0495,1.01417,2.25647,2.18601,0,8.782,16.0,16,22.534,0.0068,0.1798,8,31.944,0.2143,0.0566,1,24.501,1.0268,0.7508,2,2,1,996
task_obj_remove_509477,background,25,216,0.924097,1.0,0.418917,0.911236,0,0.9268,0.95666,0.15928,0.01426,0.0494,2.07387,46.9769,0.99065,2.18627,2.18601,0,7.5787,16.0,16,22.548,0.0059,0.1799,8,31.926,0.2146,0.0552,1,24.498,1.0272,0.7508,2,2,1,997
task_obj_remove_509477,background,25,217,0.923891,1.0,0.412383,0.911045,0,0.92488,0.94805,0.15906,0.01403,0.04866,2.07431,47.038,0.9907,2.19628,2.18601,0,7.5827,16.0,16,22.541,0.0056,0.1797,8,31.944,0.2154,0.0553,1,24.53,1.0274,0.7515,2,2,1,997
task_obj_remove_509477,background,26,218,0.922676,1.0,0.46919,0.909916,0,0.9256,0.95067,0.16099,0.01597,0.05401,2.07688,47.027,0.99061,2.19143,2.18601,0,7.5845,16.0,16,22.515,0.0065,0.1801,8,31.957,0.2143,0.0555,1,24.5,1.0266,0.7518,2,2,1,997
task_obj_remove_509477,background,26,219,0.953791,1.0,0.336211,0.939901,0,0.92494,0.96984,0.16575,0.01144,0.03745,2.01062,62.0761,1.01429,2.25416,2.18601,0,8.778,16.0,16,22.517,0.0061,0.1794,8,31.943,0.2145,0.0555,1,24.52,1.0267,0.7508,2,2,1,996
task_obj_remove_509477,background,26,220,0.939371,1.0,0.439949,0.925662,0,0.92396,0.94074,0.15999,0.01497,0.05198,2.04155,46.9859,0.99068,2.1921,2.18601,0,7.5776,16.0,16,22.535,0.0056,0.1791,8,31.953,0.2139,0.0555,1,24.497,1.0277,0.7511,2,2,1,997
task_obj_remove_509477,background,26,221,0.917455,1.0,0.449312,0.905087,0,0.92593,0.95627,0.16031,0.01529,0.05297,2.08796,46.9902,0.99059,2.19018,2.18601,0,7.5808,16.0,16,22.538,0.0052,0.1796,8,31.957,0.2152,0.0556,1,24.51,1.0262,0.7517,2,2,1,997
task_obj_remove_509477,background,26,222,0.921456,1.0,0.458449,0.908785,0,0.92514,0.95495,0.16062,0.0156,0.05297,2.07947,46.9593,0.99053,2.18485,2.18601,0,7.581,16.0,16,22.537,0.0054,0.18,8,31.954,0.2139,0.056,1,24.495,1.0264,0.7513,2,2,1,997
task_obj_remove_509477,background,26,223,0.916024,1.0,0.480137,0.903769,0,0.9288,0.95779,0.16135,0.01634,0.05566,2.09101,47.0206,0.99064,2.1886,2.18601,0,7.5864,16.0,16,22.546,0.0054,0.1801,8,31.96,0.2142,0.0557,1,24.506,1.0271,0.7519,2,2,1,997
task_obj_remove_509477,background,26,224,0.999961,1.0,0.321977,0.999923,0,0.92285,0.94478,0.15564,0.01096,0.03991,1.88994,48.791,0.9875,2.20214,2.18601,0,7.9617,16.0,16,22.54,0.0059,0.1801,8,31.959,0.2145,0.0559,1,24.502,1.027,0.7512,2,3,1,997
task_obj_remove_509477,background,26,225,0.912575,1.0,0.447962,0.9006,0,0.92425,0.95091,0.16026,0.01524,0.05214,2.09837,47.0629,0.99076,2.19688,2.18601,0,7.5861,16.0,16,22.547,0.0058,0.1795,8,31.968,0.2143,0.0551,1,24.503,1.0275,0.7523,2,2,1,997
task_obj_remove_509477,background,26,226,0.915921,1.0,0.449477,0.903674,0,0.92373,0.95726,0.16031,0.0153,0.05272,2.09123,47.0011,0.99061,2.18759,2.18601,0,7.5819,16.0,16,22.554,0.0054,0.1798,8,31.956,0.2156,0.0556,1,24.517,1.0267,0.7515,2,2,1,997
task_obj_remove_509477,background,27,227,0.922547,1.0,0.461773,0.909796,0,0.92627,0.94321,0.16073,0.01571,0.05338,2.07716,46.9894,0.99058,2.18943,2.18601,0,7.5811,16.0,16,22.542,0.0057,0.1797,8,31.939,0.2148,0.0558,1,24.501,1.0264,0.7516,2,2,1,997
task_obj_remove_509477,background,27,228,0.915456,1.0,0.455449,0.903247,0,0.92625,0.9591,0.16052,0.0155,0.05316,2.09222,47.0074,0.99062,2.19084,2.18601,0,7.5831,16.0,16,22.52,0.0062,0.1801,8,31.941,0.2143,0.0554,1,24.51,1.0266,0.7516,2,2,1,997
task_obj_remove_509477,background,27,229,0.910364,1.0,0.474846,0.898574,0,0.92501,0.94019,0.16119,0.01616,0.05442,2.1031,46.9999,0.9906,2.18742,2.18601,0,7.5798,16.0,16,22.547,0.0061,0.1799,8,31.958,0.2144,0.0552,1,24.497,1.0262,0.7514,2,2,1,997
task_obj_remove_509477,background,27,230,0.924374,1.0,0.495782,0.911494,0,0.92358,0.94303,0.16188,0.01687,0.05663,2.07329,47.0243,0.99066,2.19075,2.18601,0,7.5808,16.0,16,22.545,0.0054,0.1792,8,31.952,0.2153,0.0558,1,24.505,1.0275,0.7516,2,2,1,997
task_obj_remove_509477,background,27,231,0.920429,1.0,0.430463,0.907834,0,0.91943,0.95828,0.15967,0.01465,0.05011,2.08165,46.9922,0.9906,2.18767,2.18601,0,7.5814,16.0,16,22.539,0.0062,0.1798,8,31.956,0.215,0.0558,1,24.495,1.027,0.7513,2,2,1,997
task_obj_remove_509477,background,27,232,0.928631,1.0,0.461269,0.91547,0,0.92587,0.95787,0.16072,0.0157,0.05384,2.06428,46.9973,0.99064,2.18818,2.18601,0,7.5814,16.0,16,22.534,0.0062,0.1797,8,31.955,0.2144,0.0556,1,24.512,1.0272,0.7514,2,2,1,997
task_obj_remove_509477,background,27,233,0.917291,1.0,0.447382,0.904936,0,0.92393,0.96389,0.16024,0.01522,0.05202,2.08831,47.0063,0.99064,2.19237,2.18601,0,7.5823,16.0,16,22.529,0.0064,0.1794,8,31.967,0.2146,0.0557,1,24.517,1.027,0.7518,2,2,1,997
task_obj_remove_509477,background,27,234,0.91771,1.0,0.473026,0.905322,0,0.92584,0.95096,0.16112,0.0161,0.0551,2.08742,47.0238,0.99074,2.19537,2.18601,0,7.5862,16.0,16,22.53,0.0062,0.1798,8,31.968,0.2142,0.0552,1,24.518,1.0278,0.7519,2,2,1,997
task_obj_remove_509477,background,27,235,0.920626,1.0,0.47674,0.908016,0,0.92388,0.95392,0.16123,0.01622,0.05513,2.08123,47.0016,0.99059,2.18989,2.18601,0,7.5815,16.0,16,22.529,0.0067,0.1793,8,31.958,0.2143,0.0561,1,24.498,1.0269,0.7517,2,2,1,997
task_obj_remove_509477,background,28,236,0.925117,1.0,0.475549,0.912186,0,0.92067,0.92102,0.1612,0.01618,0.05443,2.07172,47.0443,0.99063,2.19126,2.18601,0,7.5837,16.0,16,22.533,0.0058,0.1796,8,31.964,0.2152,0.0557,1,24.508,1.0268,0.7519,2,2,1,997
task_obj_remove_509477,background,28,237,0.912592,1.0,0.51029,0.900616,0,0.92485,0.95809,0.16238,0.01736,0.05908,2.09833,47.0126,0.99065,2.18995,2.18601,0,7.584,16.0,16,22.545,0.0057,0.1798,8,31.958,0.2148,0.0556,1,24.508,1.027,0.7518,2,2,1,997
task_obj_remove_509477,background,28,238,0.926613,1.0,0.483345,0.913581,0,0.9234,0.98209,0.16146,0.01645,0.05494,2.06855,47.0255,0.99067,2.19015,2.18601,0,7.5811,16.0,16,22.537,0.0061,0.1793,8,31.959,0.215,0.0556,1,24.512,1.0273,0.7517,2,2,1,997
task_obj_remove_509477,background,28,239,0.916354,1.0,0.478682,0.904073,0,0.92422,0.94175,0.1613,0.01629,0.05512,2.09031,47.0119,0.99061,2.18912,2.18601,0,7.5837,16.0,16,22.541,0.006,0.1797,8,31.954,0.2145,0.0558,1,24.507,1.0268,0.7518,2,2,1,997
task_obj_remove_509477,background,28,240,0.931196,1.0,0.456611,0.917881,0,0.92649,0.95578,0.16056,0.01554,0.05337,2.05886,46.9922,0.99066,2.19179,2.18601,0,7.5821,16.0,16,22.539,0.0058,0.1796,8,31.954,0.2149,0.0554,1,24.509,1.027,0.7516,2,2,1,997
