condition,scenario,arm,image,prompt_index,prompt,undefended_arm,disp_lpips,disp_ssim,disp_psnr,disp_vif_p,disp_dists,disp_rms,disp_linf,disp_lpips_full,disp_lpips_subject,disp_lpips_background,clip_pair,siglip_pair,blocked,siglip_blocked_threshold,defended_png,undefended_png
mist,ip2p,ip2p_mist,man_00,0,Let the person wear sunglasses,ip2p_si18,0.61321,0.66256,17.623,0.15914,0.32723,0.131483,0.984314,0.61321,0.58109,0.62992,0.78324,0.7498,True,0.837,artifacts/pexels_portraits/defended_edits/mist/ip2p_mist/man_00__p0.png,artifacts/pexels_portraits/undefended_edits/ip2p_si18/man_00__p0.png
mist,ip2p,ip2p_mist,man_00,1,Let the person wear a police suit,ip2p_si18,0.64622,0.52468,15.051,0.12304,0.37394,0.176787,0.905882,0.64622,0.63931,0.64982,0.69991,0.69406,True,0.837,artifacts/pexels_portraits/defended_edits/mist/ip2p_mist/man_00__p1.png,artifacts/pexels_portraits/undefended_edits/ip2p_si18/man_00__p1.png
mist,ip2p,ip2p_mist,man_00,2,Let the person wear a helmet,ip2p_si18,0.62988,0.66195,18.583,0.14859,0.32953,0.117715,0.745098,0.62988,0.60938,0.64055,0.79161,0.73232,True,0.837,artifacts/pexels_portraits/defended_edits/mist/ip2p_mist/man_00__p2.png,artifacts/pexels_portraits/undefended_edits/ip2p_si18/man_00__p2.png
mist,ip2p,ip2p_mist,man_00,3,Let the person wear a bowtie,ip2p_si18,0.6278,0.64699,18.33,0.15118,0.33429,0.121196,0.784314,0.6278,0.60536,0.63948,0.79489,0.74052,True,0.837,artifacts/pexels_portraits/defended_edits/mist/ip2p_mist/man_00__p3.png,artifacts/pexels_portraits/undefended_edits/ip2p_si18/man_00__p3.png
mist,ip2p,ip2p_mist,man_01,0,Let the person wear sunglasses,ip2p_si18,0.62721,0.64046,19.835,0.11277,0.38202,0.101918,0.619608,0.62721,0.58527,0.66539,0.73362,0.70024,True,0.837,artifacts/pexels_portraits/defended_edits/mist/ip2p_mist/man_01__p0.png,artifacts/pexels_portraits/undefended_edits/ip2p_si18/man_01__p0.png
mist,ip2p,ip2p_mist,man_01,1,Let the person wear a police suit,ip2p_si18,0.63511,0.58154,17.292,0.0797,0.37514,0.136591,0.937255,0.63511,0.63311,0.63692,0.66996,0.74489,True,0.837,artifacts/pexels_portraits/defended_edits/mist/ip2p_mist/man_01__p1.png,artifacts/pexels_portraits/undefended_edits/ip2p_si18/man_01__p1.png
mist,ip2p,ip2p_mist,man_01,2,Let the person wear a helmet,ip2p_si18,0.6353,0.62339,18.874,0.10549,0.37307,0.113843,0.709804,0.6353,0.60566,0.66229,0.66826,0.58411,True,0.837,artifacts/pexels_portraits/defended_edits/mist/ip2p_mist/man_01__p2.png,artifacts/pexels_portraits/undefended_edits/ip2p_si18/man_01__p2.png
mist,ip2p,ip2p_mist,man_01,3,Let the person wear a bowtie,ip2p_si18,0.64466,0.57057,17.278,0.08233,0.37634,0.136805,0.843137,0.64466,0.62163,0.66562,0.71126,0.62198,True,0.837,artifacts/pexels_portraits/defended_edits/mist/ip2p_mist/man_01__p3.png,artifacts/pexels_portraits/undefended_edits/ip2p_si18/man_01__p3.png
mist,ip2p,ip2p_mist,man_02,0,Let the person wear sunglasses,ip2p_si18,0.6007,0.55974,21.516,0.13019,0.31225,0.083983,0.8,0.6007,0.57935,0.61951,0.80496,0.7006,True,0.837,artifacts/pexels_portraits/defended_edits/mist/ip2p_mist/man_02__p0.png,artifacts/pexels_portraits/undefended_edits/ip2p_si18/man_02__p0.png
mist,ip2p,ip2p_mist,man_02,1,Let the person wear a police suit,ip2p_si18,0.59801,0.52955,19.776,0.12439,0.30538,0.102609,0.886275,0.59801,0.57721,0.61633,0.81388,0.69157,True,0.837,artifacts/pexels_portraits/defended_edits/mist/ip2p_mist/man_02__p1.png,artifacts/pexels_portraits/undefended_edits/ip2p_si18/man_02__p1.png
mist,ip2p,ip2p_mist,man_02,2,Let the person wear a helmet,ip2p_si18,0.59399,0.57038,21.643,0.14007,0.31303,0.082769,0.705882,0.59399,0.58444,0.6024,0.78015,0.71287,True,0.837,artifacts/pexels_portraits/defended_edits/mist/ip2p_mist/man_02__p2.png,artifacts/pexels_portraits/undefended_edits/ip2p_si18/man_02__p2.png
mist,ip2p,ip2p_mist,man_02,3,Let the person wear a bowtie,ip2p_si18,0.59993,0.56384,21.644,0.13469,0.30784,0.082761,0.701961,0.59993,0.58508,0.61302,0.82298,0.74641,True,0.837,artifacts/pexels_portraits/defended_edits/mist/ip2p_mist/man_02__p3.png,artifacts/pexels_portraits/undefended_edits/ip2p_si18/man_02__p3.png
mist,ip2p,ip2p_mist,man_03,0,Let the person wear sunglasses,ip2p_si18,0.6289,0.49866,21.14,0.09319,0.32707,0.0877,0.8,0.6289,0.55525,0.6969,0.8004,0.80205,True,0.837,artifacts/pexels_portraits/defended_edits/mist/ip2p_mist/man_03__p0.png,artifacts/pexels_portraits/undefended_edits/ip2p_si18/man_03__p0.png
mist,ip2p,ip2p_mist,man_03,1,Let the person wear a police suit,ip2p_si18,0.64334,0.43327,18.825,0.07743,0.32375,0.114484,0.811765,0.64334,0.58657,0.69575,0.70528,0.70085,True,0.837,artifacts/pexels_portraits/defended_edits/mist/ip2p_mist/man_03__p1.png,artifacts/pexels_portraits/undefended_edits/ip2p_si18/man_03__p1.png
mist,ip2p,ip2p_mist,man_03,2,Let the person wear a helmet,ip2p_si18,0.64042,0.48843,19.65,0.08689,0.32854,0.104109,0.835294,0.64042,0.57185,0.70373,0.74634,0.73654,True,0.837,artifacts/pexels_portraits/defended_edits/mist/ip2p_mist/man_03__p2.png,artifacts/pexels_portraits/undefended_edits/ip2p_si18/man_03__p2.png
mist,ip2p,ip2p_mist,man_03,3,Let the person wear a bowtie,ip2p_si18,0.65064,0.46178,18.225,0.08334,0.33783,0.122674,0.886275,0.65064,0.58773,0.70873,0.74273,0.79138,True,0.837,artifacts/pexels_portraits/defended_edits/mist/ip2p_mist/man_03__p3.png,artifacts/pexels_portraits/undefended_edits/ip2p_si18/man_03__p3.png
mist,ip2p,ip2p_mist,man_04,0,Let the person wear sunglasses,ip2p_si18,0.68754,0.61412,20.486,0.13515,0.3466,0.094554,0.721569,0.68754,0.66386,0.71423,0.70093,0.67777,True,0.837,artifacts/pexels_portraits/defended_edits/mist/ip2p_mist/man_04__p0.png,artifacts/pexels_portraits/undefended_edits/ip2p_si18/man_04__p0.png
mist,ip2p,ip2p_mist,man_04,1,Let the person wear a police suit,ip2p_si18,0.65766,0.53376,17.887,0.10513,0.34264,0.127537,0.827451,0.65766,0.63396,0.68438,0.7384,0.65816,True,0.837,artifacts/pexels_portraits/defended_edits/mist/ip2p_mist/man_04__p1.png,artifacts/pexels_portraits/undefended_edits/ip2p_si18/man_04__p1.png
mist,ip2p,ip2p_mist,man_04,2,Let the person wear a helmet,ip2p_si18,0.68885,0.60266,21.41,0.12294,0.34109,0.085014,0.772549,0.68885,0.65656,0.72526,0.72715,0.70823,True,0.837,artifacts/pexels_portraits/defended_edits/mist/ip2p_mist/man_04__p2.png,artifacts/pexels_portraits/undefended_edits/ip2p_si18/man_04__p2.png
mist,ip2p,ip2p_mist,man_04,3,Let the person wear a bowtie,ip2p_si18,0.67797,0.61192,21.947,0.12759,0.34054,0.079917,0.717647,0.67797,0.63811,0.72289,0.72813,0.70674,True,0.837,artifacts/pexels_portraits/defended_edits/mist/ip2p_mist/man_04__p3.png,artifacts/pexels_portraits/undefended_edits/ip2p_si18/man_04__p3.png
mist,ip2p,ip2p_mist,man_05,0,Let the person wear sunglasses,ip2p_si18,0.57844,0.59916,17.419,0.12016,0.31502,0.134595,0.752941,0.57844,0.53121,0.5905,0.67645,0.71778,True,0.837,artifacts/pexels_portraits/defended_edits/mist/ip2p_mist/man_05__p0.png,artifacts/pexels_portraits/undefended_edits/ip2p_si18/man_05__p0.png
mist,ip2p,ip2p_mist,man_05,1,Let the person wear a police suit,ip2p_si18,0.5882,0.5651,16.239,0.0986,0.31817,0.154184,0.886275,0.5882,0.55006,0.59794,0.67714,0.70615,True,0.837,artifacts/pexels_portraits/defended_edits/mist/ip2p_mist/man_05__p1.png,artifacts/pexels_portraits/undefended_edits/ip2p_si18/man_05__p1.png
mist,ip2p,ip2p_mist,man_05,2,Let the person wear a helmet,ip2p_si18,0.58772,0.61064,17.026,0.1133,0.32218,0.140828,0.890196,0.58772,0.53825,0.60035,0.60403,0.62216,True,0.837,artifacts/pexels_portraits/defended_edits/mist/ip2p_mist/man_05__p2.png,artifacts/pexels_portraits/undefended_edits/ip2p_si18/man_05__p2.png
mist,ip2p,ip2p_mist,man_05,3,Let the person wear a bowtie,ip2p_si18,0.57885,0.61083,18.487,0.12012,0.30795,0.119034,0.862745,0.57885,0.53468,0.59013,0.69399,0.72825,True,0.837,artifacts/pexels_portraits/defended_edits/mist/ip2p_mist/man_05__p3.png,artifacts/pexels_portraits/undefended_edits/ip2p_si18/man_05__p3.png
mist,ip2p,ip2p_mist,man_06,0,Let the person wear sunglasses,ip2p_si18,0.60687,0.52203,22.528,0.06893,0.37462,0.074749,0.756863,0.60687,0.56927,0.63844,0.77939,0.77516,True,0.837,artifacts/pexels_portraits/defended_edits/mist/ip2p_mist/man_06__p0.png,artifacts/pexels_portraits/undefended_edits/ip2p_si18/man_06__p0.png
mist,ip2p,ip2p_mist,man_06,1,Let the person wear a police suit,ip2p_si18,0.55282,0.42084,16.107,0.05475,0.26508,0.156548,0.976471,0.55282,0.48374,0.61083,0.77954,0.87685,False,0.837,artifacts/pexels_portraits/defended_edits/mist/ip2p_mist/man_06__p1.png,artifacts/pexels_portraits/undefended_edits/ip2p_si18/man_06__p1.png
mist,ip2p,ip2p_mist,man_06,2,Let the person wear a helmet,ip2p_si18,0.60811,0.51759,21.539,0.069,0.36327,0.083766,0.811765,0.60811,0.57763,0.63371,0.72741,0.66486,True,0.837,artifacts/pexels_portraits/defended_edits/mist/ip2p_mist/man_06__p2.png,artifacts/pexels_portraits/undefended_edits/ip2p_si18/man_06__p2.png
mist,ip2p,ip2p_mist,man_06,3,Let the person wear a bowtie,ip2p_si18,0.57331,0.59333,20.933,0.09139,0.33776,0.089812,0.866667,0.57331,0.51589,0.62154,0.75058,0.83569,True,0.837,artifacts/pexels_portraits/defended_edits/mist/ip2p_mist/man_06__p3.png,artifacts/pexels_portraits/undefended_edits/ip2p_si18/man_06__p3.png
mist,ip2p,ip2p_mist,man_07,0,Let the person wear sunglasses,ip2p_si18,0.58209,0.56567,20.368,0.13712,0.28228,0.095856,0.988235,0.58209,0.52069,0.62456,0.73831,0.7741,True,0.837,artifacts/pexels_portraits/defended_edits/mist/ip2p_mist/man_07__p0.png,artifacts/pexels_portraits/undefended_edits/ip2p_si18/man_07__p0.png
mist,ip2p,ip2p_mist,man_07,1,Let the person wear a police suit,ip2p_si18,0.59785,0.48068,15.849,0.11591,0.29456,0.161272,0.827451,0.59785,0.55601,0.62679,0.67421,0.68607,True,0.837,artifacts/pexels_portraits/defended_edits/mist/ip2p_mist/man_07__p1.png,artifacts/pexels_portraits/undefended_edits/ip2p_si18/man_07__p1.png
mist,ip2p,ip2p_mist,man_07,2,Let the person wear a helmet,ip2p_si18,0.59227,0.56711,20.54,0.12432,0.27737,0.093975,0.8,0.59227,0.53752,0.63014,0.66251,0.73971,True,0.837,artifacts/pexels_portraits/defended_edits/mist/ip2p_mist/man_07__p2.png,artifacts/pexels_portraits/undefended_edits/ip2p_si18/man_07__p2.png
mist,ip2p,ip2p_mist,man_07,3,Let the person wear a bowtie,ip2p_si18,0.58266,0.56775,20.269,0.1349,0.27407,0.09695,0.933333,0.58266,0.52359,0.62352,0.68558,0.77452,True,0.837,artifacts/pexels_portraits/defended_edits/mist/ip2p_mist/man_07__p3.png,artifacts/pexels_portraits/undefended_edits/ip2p_si18/man_07__p3.png
mist,ip2p,ip2p_mist,man_08,0,Let the person wear sunglasses,ip2p_si18,0.60197,0.63241,19.93,0.10113,0.30022,0.100809,0.635294,0.60197,0.55576,0.61858,0.72304,0.71495,True,0.837,artifacts/pexels_portraits/defended_edits/mist/ip2p_mist/man_08__p0.png,artifacts/pexels_portraits/undefended_edits/ip2p_si18/man_08__p0.png
mist,ip2p,ip2p_mist,man_08,1,Let the person wear a police suit,ip2p_si18,0.60998,0.53572,13.677,0.07909,0.32522,0.207078,0.913725,0.60998,0.59146,0.61663,0.56345,0.61893,True,0.837,artifacts/pexels_portraits/defended_edits/mist/ip2p_mist/man_08__p1.png,artifacts/pexels_portraits/undefended_edits/ip2p_si18/man_08__p1.png
mist,ip2p,ip2p_mist,man_08,2,Let the person wear a helmet,ip2p_si18,0.60828,0.62953,19.722,0.09589,0.30233,0.103255,0.780392,0.60828,0.56657,0.62328,0.6931,0.67282,True,0.837,artifacts/pexels_portraits/defended_edits/mist/ip2p_mist/man_08__p2.png,artifacts/pexels_portraits/undefended_edits/ip2p_si18/man_08__p2.png
mist,ip2p,ip2p_mist,man_08,3,Let the person wear a bowtie,ip2p_si18,0.59819,0.62989,18.051,0.09667,0.31178,0.125148,0.772549,0.59819,0.56087,0.61161,0.63332,0.6488,True,0.837,artifacts/pexels_portraits/defended_edits/mist/ip2p_mist/man_08__p3.png,artifacts/pexels_portraits/undefended_edits/ip2p_si18/man_08__p3.png
mist,ip2p,ip2p_mist,man_09,0,Let the person wear sunglasses,ip2p_si18,0.60281,0.59202,20.767,0.13701,0.34743,0.09155,0.729412,0.60281,0.57624,0.62939,0.7031,0.63779,True,0.837,artifacts/pexels_portraits/defended_edits/mist/ip2p_mist/man_09__p0.png,artifacts/pexels_portraits/undefended_edits/ip2p_si18/man_09__p0.png
mist,ip2p,ip2p_mist,man_09,1,Let the person wear a police suit,ip2p_si18,0.61296,0.50368,17.302,0.11002,0.34085,0.136432,0.956863,0.61296,0.60026,0.62566,0.60709,0.57802,True,0.837,artifacts/pexels_portraits/defended_edits/mist/ip2p_mist/man_09__p1.png,artifacts/pexels_portraits/undefended_edits/ip2p_si18/man_09__p1.png
mist,ip2p,ip2p_mist,man_09,2,Let the person wear a helmet,ip2p_si18,0.60598,0.59706,20.463,0.14222,0.34149,0.094806,0.721569,0.60598,0.5838,0.62815,0.68402,0.63585,True,0.837,artifacts/pexels_portraits/defended_edits/mist/ip2p_mist/man_09__p2.png,artifacts/pexels_portraits/undefended_edits/ip2p_si18/man_09__p2.png
mist,ip2p,ip2p_mist,man_09,3,Let the person wear a bowtie,ip2p_si18,0.61497,0.57259,19.139,0.12493,0.33054,0.110415,0.85098,0.61497,0.5958,0.63415,0.68575,0.65522,True,0.837,artifacts/pexels_portraits/defended_edits/mist/ip2p_mist/man_09__p3.png,artifacts/pexels_portraits/undefended_edits/ip2p_si18/man_09__p3.png
mist,ip2p,ip2p_mist,man_10,0,Let the person wear sunglasses,ip2p_si18,0.60755,0.5733,20.664,0.13737,0.31187,0.092638,0.619608,0.60755,0.58352,0.62504,0.77784,0.69402,True,0.837,artifacts/pexels_portraits/defended_edits/mist/ip2p_mist/man_10__p0.png,artifacts/pexels_portraits/undefended_edits/ip2p_si18/man_10__p0.png
mist,ip2p,ip2p_mist,man_10,1,Let the person wear a police suit,ip2p_si18,0.59402,0.55038,19.357,0.14879,0.30903,0.10768,0.847059,0.59402,0.56698,0.6137,0.72701,0.61412,True,0.837,artifacts/pexels_portraits/defended_edits/mist/ip2p_mist/man_10__p1.png,artifacts/pexels_portraits/undefended_edits/ip2p_si18/man_10__p1.png
mist,ip2p,ip2p_mist,man_10,2,Let the person wear a helmet,ip2p_si18,0.61151,0.57233,20.607,0.1347,0.3195,0.093251,0.658824,0.61151,0.59087,0.62654,0.77222,0.6948,True,0.837,artifacts/pexels_portraits/defended_edits/mist/ip2p_mist/man_10__p2.png,artifacts/pexels_portraits/undefended_edits/ip2p_si18/man_10__p2.png
mist,ip2p,ip2p_mist,man_10,3,Let the person wear a bowtie,ip2p_si18,0.60335,0.56213,18.822,0.15534,0.32001,0.114523,0.835294,0.60335,0.58861,0.61408,0.74158,0.71119,True,0.837,artifacts/pexels_portraits/defended_edits/mist/ip2p_mist/man_10__p3.png,artifacts/pexels_portraits/undefended_edits/ip2p_si18/man_10__p3.png
mist,ip2p,ip2p_mist,man_11,0,Let the person wear sunglasses,ip2p_si18,0.62528,0.65836,18.815,0.14271,0.3012,0.114613,0.827451,0.62528,0.58516,0.64959,0.64146,0.7374,True,0.837,artifacts/pexels_portraits/defended_edits/mist/ip2p_mist/man_11__p0.png,artifacts/pexels_portraits/undefended_edits/ip2p_si18/man_11__p0.png
mist,ip2p,ip2p_mist,man_11,1,Let the person wear a police suit,ip2p_si18,0.64418,0.55052,15.382,0.10576,0.33614,0.170172,0.866667,0.64418,0.62969,0.65296,0.60986,0.58721,True,0.837,artifacts/pexels_portraits/defended_edits/mist/ip2p_mist/man_11__p1.png,artifacts/pexels_portraits/undefended_edits/ip2p_si18/man_11__p1.png
mist,ip2p,ip2p_mist,man_11,2,Let the person wear a helmet,ip2p_si18,0.6267,0.66882,19.198,0.14368,0.30303,0.109667,0.658823,0.6267,0.59096,0.64837,0.68755,0.69727,True,0.837,artifacts/pexels_portraits/defended_edits/mist/ip2p_mist/man_11__p2.png,artifacts/pexels_portraits/undefended_edits/ip2p_si18/man_11__p2.png
mist,ip2p,ip2p_mist,man_11,3,Let the person wear a bowtie,ip2p_si18,0.61278,0.63225,17.157,0.13844,0.31492,0.138716,0.917647,0.61278,0.58683,0.62851,0.6543,0.69258,True,0.837,artifacts/pexels_portraits/defended_edits/mist/ip2p_mist/man_11__p3.png,artifacts/pexels_portraits/undefended_edits/ip2p_si18/man_11__p3.png
mist,ip2p,ip2p_mist,man_12,0,Let the person wear sunglasses,ip2p_si18,0.65884,0.56877,20.509,0.13602,0.31939,0.094306,0.890196,0.65884,0.56888,0.73787,0.79919,0.78901,True,0.837,artifacts/pexels_portraits/defended_edits/mist/ip2p_mist/man_12__p0.png,artifacts/pexels_portraits/undefended_edits/ip2p_si18/man_12__p0.png
mist,ip2p,ip2p_mist,man_12,1,Let the person wear a police suit,ip2p_si18,0.66027,0.4433,14.642,0.10956,0.34554,0.18532,0.862745,0.66027,0.57851,0.73209,0.729,0.7105,True,0.837,artifacts/pexels_portraits/defended_edits/mist/ip2p_mist/man_12__p1.png,artifacts/pexels_portraits/undefended_edits/ip2p_si18/man_12__p1.png
mist,ip2p,ip2p_mist,man_12,2,Let the person wear a helmet,ip2p_si18,0.65665,0.56198,19.97,0.14285,0.31527,0.100349,0.764706,0.65665,0.57473,0.72861,0.70428,0.72316,True,0.837,artifacts/pexels_portraits/defended_edits/mist/ip2p_mist/man_12__p2.png,artifacts/pexels_portraits/undefended_edits/ip2p_si18/man_12__p2.png
mist,ip2p,ip2p_mist,man_12,3,Let the person wear a bowtie,ip2p_si18,0.64952,0.56859,20.369,0.14312,0.31314,0.09584,0.788235,0.64952,0.56482,0.72394,0.7856,0.79858,True,0.837,artifacts/pexels_portraits/defended_edits/mist/ip2p_mist/man_12__p3.png,artifacts/pexels_portraits/undefended_edits/ip2p_si18/man_12__p3.png
mist,ip2p,ip2p_mist,man_13,0,Let the person wear sunglasses,ip2p_si18,0.60715,0.51422,20.711,0.09885,0.28753,0.09214,0.74902,0.60715,0.57311,0.63762,0.71068,0.81823,True,0.837,artifacts/pexels_portraits/defended_edits/mist/ip2p_mist/man_13__p0.png,artifacts/pexels_portraits/undefended_edits/ip2p_si18/man_13__p0.png
mist,ip2p,ip2p_mist,man_13,1,Let the person wear a police suit,ip2p_si18,0.60862,0.49465,19.379,0.09686,0.27966,0.107406,0.905882,0.60862,0.58121,0.63316,0.70599,0.81647,True,0.837,artifacts/pexels_portraits/defended_edits/mist/ip2p_mist/man_13__p1.png,artifacts/pexels_portraits/undefended_edits/ip2p_si18/man_13__p1.png
mist,ip2p,ip2p_mist,man_13,2,Let the person wear a helmet,ip2p_si18,0.61999,0.44532,17.084,0.07843,0.29289,0.139887,0.803922,0.61999,0.60958,0.62931,0.65846,0.61219,True,0.837,artifacts/pexels_portraits/defended_edits/mist/ip2p_mist/man_13__p2.png,artifacts/pexels_portraits/undefended_edits/ip2p_si18/man_13__p2.png
mist,ip2p,ip2p_mist,man_13,3,Let the person wear a bowtie,ip2p_si18,0.6167,0.50238,20.71,0.09277,0.2666,0.092155,0.827451,0.6167,0.59205,0.63876,0.7482,0.80062,True,0.837,artifacts/pexels_portraits/defended_edits/mist/ip2p_mist/man_13__p3.png,artifacts/pexels_portraits/undefended_edits/ip2p_si18/man_13__p3.png
mist,ip2p,ip2p_mist,man_14,0,Let the person wear sunglasses,ip2p_si18,0.63499,0.6405,19.756,0.09439,0.35002,0.102844,0.745098,0.63499,0.59509,0.67305,0.76047,0.71626,True,0.837,artifacts/pexels_portraits/defended_edits/mist/ip2p_mist/man_14__p0.png,artifacts/pexels_portraits/undefended_edits/ip2p_si18/man_14__p0.png
mist,ip2p,ip2p_mist,man_14,1,Let the person wear a police suit,ip2p_si18,0.63927,0.57502,18.981,0.08473,0.36261,0.112446,0.843137,0.63927,0.60315,0.67371,0.67363,0.67161,True,0.837,artifacts/pexels_portraits/defended_edits/mist/ip2p_mist/man_14__p1.png,artifacts/pexels_portraits/undefended_edits/ip2p_si18/man_14__p1.png
mist,ip2p,ip2p_mist,man_14,2,Let the person wear a helmet,ip2p_si18,0.64372,0.61003,19.502,0.08305,0.36415,0.105905,0.607843,0.64372,0.60482,0.68083,0.74317,0.67442,True,0.837,artifacts/pexels_portraits/defended_edits/mist/ip2p_mist/man_14__p2.png,artifacts/pexels_portraits/undefended_edits/ip2p_si18/man_14__p2.png
mist,ip2p,ip2p_mist,man_14,3,Let the person wear a bowtie,ip2p_si18,0.64285,0.60497,19.263,0.08099,0.35644,0.108858,0.913725,0.64285,0.61097,0.67326,0.73436,0.66625,True,0.837,artifacts/pexels_portraits/defended_edits/mist/ip2p_mist/man_14__p3.png,artifacts/pexels_portraits/undefended_edits/ip2p_si18/man_14__p3.png
mist,ip2p,ip2p_mist,man_15,0,Let the person wear sunglasses,ip2p_si18,0.65174,0.62212,19.629,0.08196,0.3475,0.10436,0.772549,0.65174,0.65349,0.65051,0.78078,0.75815,True,0.837,artifacts/pexels_portraits/defended_edits/mist/ip2p_mist/man_15__p0.png,artifacts/pexels_portraits/undefended_edits/ip2p_si18/man_15__p0.png
mist,ip2p,ip2p_mist,man_15,1,Let the person wear a police suit,ip2p_si18,0.63024,0.57538,18.819,0.07433,0.35229,0.114563,0.866667,0.63024,0.62088,0.63685,0.75291,0.7269,True,0.837,artifacts/pexels_portraits/defended_edits/mist/ip2p_mist/man_15__p1.png,artifacts/pexels_portraits/undefended_edits/ip2p_si18/man_15__p1.png
mist,ip2p,ip2p_mist,man_15,2,Let the person wear a helmet,ip2p_si18,0.66058,0.55422,17.715,0.06005,0.34759,0.130098,0.843137,0.66058,0.67255,0.65213,0.74015,0.6832,True,0.837,artifacts/pexels_portraits/defended_edits/mist/ip2p_mist/man_15__p2.png,artifacts/pexels_portraits/undefended_edits/ip2p_si18/man_15__p2.png
mist,ip2p,ip2p_mist,man_15,3,Let the person wear a bowtie,ip2p_si18,0.65163,0.62239,18.753,0.07774,0.37317,0.115437,0.831373,0.65163,0.67449,0.63551,0.74864,0.68185,True,0.837,artifacts/pexels_portraits/defended_edits/mist/ip2p_mist/man_15__p3.png,artifacts/pexels_portraits/undefended_edits/ip2p_si18/man_15__p3.png
mist,ip2p,ip2p_mist,man_16,0,Let the person wear sunglasses,ip2p_si18,0.62951,0.60106,18.537,0.13022,0.33984,0.118344,0.839216,0.62951,0.58764,0.68016,0.81542,0.79738,True,0.837,artifacts/pexels_portraits/defended_edits/mist/ip2p_mist/man_16__p0.png,artifacts/pexels_portraits/undefended_edits/ip2p_si18/man_16__p0.png
mist,ip2p,ip2p_mist,man_16,1,Let the person wear a police suit,ip2p_si18,0.64138,0.5381,15.186,0.08789,0.37317,0.17407,0.937255,0.64138,0.60556,0.6847,0.70264,0.79005,True,0.837,artifacts/pexels_portraits/defended_edits/mist/ip2p_mist/man_16__p1.png,artifacts/pexels_portraits/undefended_edits/ip2p_si18/man_16__p1.png
mist,ip2p,ip2p_mist,man_16,2,Let the person wear a helmet,ip2p_si18,0.62514,0.61064,18.625,0.12442,0.34503,0.117148,0.784314,0.62514,0.58977,0.66793,0.80918,0.75923,True,0.837,artifacts/pexels_portraits/defended_edits/mist/ip2p_mist/man_16__p2.png,artifacts/pexels_portraits/undefended_edits/ip2p_si18/man_16__p2.png
mist,ip2p,ip2p_mist,man_16,3,Let the person wear a bowtie,ip2p_si18,0.60808,0.57898,18.14,0.1078,0.33474,0.123882,0.933333,0.60808,0.58456,0.63653,0.82586,0.82535,True,0.837,artifacts/pexels_portraits/defended_edits/mist/ip2p_mist/man_16__p3.png,artifacts/pexels_portraits/undefended_edits/ip2p_si18/man_16__p3.png
mist,ip2p,ip2p_mist,man_17,0,Let the person wear sunglasses,ip2p_si18,0.62043,0.61349,20.282,0.16789,0.31222,0.096809,0.631373,0.62043,0.54043,0.71185,0.76924,0.73552,True,0.837,artifacts/pexels_portraits/defended_edits/mist/ip2p_mist/man_17__p0.png,artifacts/pexels_portraits/undefended_edits/ip2p_si18/man_17__p0.png
mist,ip2p,ip2p_mist,man_17,1,Let the person wear a police suit,ip2p_si18,0.67744,0.42938,13.631,0.10178,0.35161,0.208197,0.956863,0.67744,0.63756,0.723,0.67342,0.64879,True,0.837,artifacts/pexels_portraits/defended_edits/mist/ip2p_mist/man_17__p1.png,artifacts/pexels_portraits/undefended_edits/ip2p_si18/man_17__p1.png
mist,ip2p,ip2p_mist,man_17,2,Let the person wear a helmet,ip2p_si18,0.62802,0.61526,20.479,0.16267,0.30439,0.094631,0.631373,0.62802,0.55441,0.71214,0.76781,0.7526,True,0.837,artifacts/pexels_portraits/defended_edits/mist/ip2p_mist/man_17__p2.png,artifacts/pexels_portraits/undefended_edits/ip2p_si18/man_17__p2.png
mist,ip2p,ip2p_mist,man_17,3,Let the person wear a bowtie,ip2p_si18,0.63275,0.59606,18.062,0.15641,0.30575,0.124991,0.811765,0.63275,0.5622,0.71337,0.76392,0.73203,True,0.837,artifacts/pexels_portraits/defended_edits/mist/ip2p_mist/man_17__p3.png,artifacts/pexels_portraits/undefended_edits/ip2p_si18/man_17__p3.png
mist,ip2p,ip2p_mist,man_18,0,Let the person wear sunglasses,ip2p_si18,0.63624,0.56694,20.303,0.10573,0.31982,0.096567,0.831373,0.63624,0.55444,0.7401,0.84829,0.76133,True,0.837,artifacts/pexels_portraits/defended_edits/mist/ip2p_mist/man_18__p0.png,artifacts/pexels_portraits/undefended_edits/ip2p_si18/man_18__p0.png
mist,ip2p,ip2p_mist,man_18,1,Let the person wear a police suit,ip2p_si18,0.64008,0.51506,18.588,0.10082,0.32005,0.117657,0.976471,0.64008,0.57407,0.72389,0.65063,0.70717,True,0.837,artifacts/pexels_portraits/defended_edits/mist/ip2p_mist/man_18__p1.png,artifacts/pexels_portraits/undefended_edits/ip2p_si18/man_18__p1.png
mist,ip2p,ip2p_mist,man_18,2,Let the person wear a helmet,ip2p_si18,0.6692,0.53635,20.086,0.09351,0.32749,0.099013,0.854902,0.6692,0.59898,0.75837,0.68315,0.65702,True,0.837,artifacts/pexels_portraits/defended_edits/mist/ip2p_mist/man_18__p2.png,artifacts/pexels_portraits/undefended_edits/ip2p_si18/man_18__p2.png
mist,ip2p,ip2p_mist,man_18,3,Let the person wear a bowtie,ip2p_si18,0.66491,0.54807,19.192,0.10115,0.2983,0.10975,0.945098,0.66491,0.5866,0.76433,0.76952,0.76185,True,0.837,artifacts/pexels_portraits/defended_edits/mist/ip2p_mist/man_18__p3.png,artifacts/pexels_portraits/undefended_edits/ip2p_si18/man_18__p3.png
mist,ip2p,ip2p_mist,man_19,0,Let the person wear sunglasses,ip2p_si18,0.65624,0.53202,20.759,0.08656,0.34726,0.091629,0.815686,0.65624,0.61068,0.68369,0.79614,0.71723,True,0.837,artifacts/pexels_portraits/defended_edits/mist/ip2p_mist/man_19__p0.png,artifacts/pexels_portraits/undefended_edits/ip2p_si18/man_19__p0.png
mist,ip2p,ip2p_mist,man_19,1,Let the person wear a police suit,ip2p_si18,0.66242,0.53917,19.568,0.08969,0.33762,0.105104,0.854902,0.66242,0.62908,0.68251,0.7543,0.68579,True,0.837,artifacts/pexels_portraits/defended_edits/mist/ip2p_mist/man_19__p1.png,artifacts/pexels_portraits/undefended_edits/ip2p_si18/man_19__p1.png
mist,ip2p,ip2p_mist,man_19,2,Let the person wear a helmet,ip2p_si18,0.66652,0.56033,18.896,0.09709,0.35693,0.11355,0.878431,0.66652,0.63336,0.6865,0.74176,0.67276,True,0.837,artifacts/pexels_portraits/defended_edits/mist/ip2p_mist/man_19__p2.png,artifacts/pexels_portraits/undefended_edits/ip2p_si18/man_19__p2.png
mist,ip2p,ip2p_mist,man_19,3,Let the person wear a bowtie,ip2p_si18,0.67492,0.54064,18.95,0.0901,0.35423,0.112852,0.831373,0.67492,0.65077,0.68947,0.74728,0.71246,True,0.837,artifacts/pexels_portraits/defended_edits/mist/ip2p_mist/man_19__p3.png,artifacts/pexels_portraits/undefended_edits/ip2p_si18/man_19__p3.png
mist,ip2p,ip2p_mist,man_20,0,Let the person wear sunglasses,ip2p_si18,0.61344,0.57792,18.262,0.16323,0.30425,0.122146,0.847059,0.61344,0.53634,0.67131,0.80383,0.80077,True,0.837,artifacts/pexels_portraits/defended_edits/mist/ip2p_mist/man_20__p0.png,artifacts/pexels_portraits/undefended_edits/ip2p_si18/man_20__p0.png
mist,ip2p,ip2p_mist,man_20,1,Let the person wear a police suit,ip2p_si18,0.64062,0.48188,13.255,0.11325,0.33818,0.217389,0.913725,0.64062,0.59913,0.67177,0.65377,0.65109,True,0.837,artifacts/pexels_portraits/defended_edits/mist/ip2p_mist/man_20__p1.png,artifacts/pexels_portraits/undefended_edits/ip2p_si18/man_20__p1.png
mist,ip2p,ip2p_mist,man_20,2,Let the person wear a helmet,ip2p_si18,0.61856,0.5745,18.222,0.14698,0.29385,0.122714,0.607843,0.61856,0.54726,0.67209,0.73032,0.76134,True,0.837,artifacts/pexels_portraits/defended_edits/mist/ip2p_mist/man_20__p2.png,artifacts/pexels_portraits/undefended_edits/ip2p_si18/man_20__p2.png
mist,ip2p,ip2p_mist,man_20,3,Let the person wear a bowtie,ip2p_si18,0.62113,0.57648,18.784,0.15132,0.29091,0.115032,0.729412,0.62113,0.55072,0.67398,0.76873,0.76527,True,0.837,artifacts/pexels_portraits/defended_edits/mist/ip2p_mist/man_20__p3.png,artifacts/pexels_portraits/undefended_edits/ip2p_si18/man_20__p3.png
mist,ip2p,ip2p_mist,man_21,0,Let the person wear sunglasses,ip2p_si18,0.64548,0.59262,20.903,0.09949,0.33265,0.090129,0.772549,0.64548,0.57478,0.69665,0.77735,0.72583,True,0.837,artifacts/pexels_portraits/defended_edits/mist/ip2p_mist/man_21__p0.png,artifacts/pexels_portraits/undefended_edits/ip2p_si18/man_21__p0.png
mist,ip2p,ip2p_mist,man_21,1,Let the person wear a police suit,ip2p_si18,0.65775,0.47394,16.504,0.06574,0.3495,0.149561,0.905882,0.65775,0.63951,0.67094,0.59104,0.57513,True,0.837,artifacts/pexels_portraits/defended_edits/mist/ip2p_mist/man_21__p1.png,artifacts/pexels_portraits/undefended_edits/ip2p_si18/man_21__p1.png
mist,ip2p,ip2p_mist,man_21,2,Let the person wear a helmet,ip2p_si18,0.65198,0.60373,21.403,0.09882,0.32976,0.085087,0.705882,0.65198,0.58577,0.69989,0.77728,0.71824,True,0.837,artifacts/pexels_portraits/defended_edits/mist/ip2p_mist/man_21__p2.png,artifacts/pexels_portraits/undefended_edits/ip2p_si18/man_21__p2.png
mist,ip2p,ip2p_mist,man_21,3,Let the person wear a bowtie,ip2p_si18,0.65171,0.604,20.23,0.10189,0.31676,0.097384,0.682353,0.65171,0.579,0.70434,0.77013,0.72579,True,0.837,artifacts/pexels_portraits/defended_edits/mist/ip2p_mist/man_21__p3.png,artifacts/pexels_portraits/undefended_edits/ip2p_si18/man_21__p3.png
mist,ip2p,ip2p_mist,man_22,0,Let the person wear sunglasses,ip2p_si18,0.60616,0.53599,16.198,0.10293,0.38832,0.154917,0.596078,0.60616,0.59807,0.61829,0.77573,0.88462,False,0.837,artifacts/pexels_portraits/defended_edits/mist/ip2p_mist/man_22__p0.png,artifacts/pexels_portraits/undefended_edits/ip2p_si18/man_22__p0.png
mist,ip2p,ip2p_mist,man_22,1,Let the person wear a police suit,ip2p_si18,0.60009,0.56722,19.419,0.09424,0.36108,0.106923,0.905882,0.60009,0.60898,0.58676,0.72944,0.8049,True,0.837,artifacts/pexels_portraits/defended_edits/mist/ip2p_mist/man_22__p1.png,artifacts/pexels_portraits/undefended_edits/ip2p_si18/man_22__p1.png
mist,ip2p,ip2p_mist,man_22,2,Let the person wear a helmet,ip2p_si18,0.61962,0.52766,16.4,0.10082,0.37866,0.151364,0.756863,0.61962,0.61722,0.62321,0.81218,0.87217,False,0.837,artifacts/pexels_portraits/defended_edits/mist/ip2p_mist/man_22__p2.png,artifacts/pexels_portraits/undefended_edits/ip2p_si18/man_22__p2.png
mist,ip2p,ip2p_mist,man_22,3,Let the person wear a bowtie,ip2p_si18,0.74846,0.53104,14.544,0.07509,0.38164,0.187409,0.788235,0.74846,0.71685,0.79586,0.68389,0.69539,True,0.837,artifacts/pexels_portraits/defended_edits/mist/ip2p_mist/man_22__p3.png,artifacts/pexels_portraits/undefended_edits/ip2p_si18/man_22__p3.png
mist,ip2p,ip2p_mist,man_23,0,Let the person wear sunglasses,ip2p_si18,0.63799,0.41687,19.857,0.12486,0.33633,0.101665,0.788235,0.63799,0.61162,0.68991,0.75158,0.77028,True,0.837,artifacts/pexels_portraits/defended_edits/mist/ip2p_mist/man_23__p0.png,artifacts/pexels_portraits/undefended_edits/ip2p_si18/man_23__p0.png
mist,ip2p,ip2p_mist,man_23,1,Let the person wear a police suit,ip2p_si18,0.67193,0.37661,16.234,0.09882,0.36974,0.154273,0.913725,0.67193,0.65017,0.71477,0.55295,0.66914,True,0.837,artifacts/pexels_portraits/defended_edits/mist/ip2p_mist/man_23__p1.png,artifacts/pexels_portraits/undefended_edits/ip2p_si18/man_23__p1.png
mist,ip2p,ip2p_mist,man_23,2,Let the person wear a helmet,ip2p_si18,0.65584,0.37403,17.785,0.10167,0.36546,0.129048,0.894118,0.65584,0.64159,0.6839,0.70985,0.66947,True,0.837,artifacts/pexels_portraits/defended_edits/mist/ip2p_mist/man_23__p2.png,artifacts/pexels_portraits/undefended_edits/ip2p_si18/man_23__p2.png
mist,ip2p,ip2p_mist,man_23,3,Let the person wear a bowtie,ip2p_si18,0.64057,0.40987,19.707,0.12732,0.34629,0.103436,0.576471,0.64057,0.62402,0.67318,0.75477,0.77435,True,0.837,artifacts/pexels_portraits/defended_edits/mist/ip2p_mist/man_23__p3.png,artifacts/pexels_portraits/undefended_edits/ip2p_si18/man_23__p3.png
mist,ip2p,ip2p_mist,man_24,0,Let the person wear sunglasses,ip2p_si18,0.65447,0.59692,21.006,0.09107,0.34224,0.089066,0.670588,0.65447,0.58184,0.71392,0.80882,0.80188,True,0.837,artifacts/pexels_portraits/defended_edits/mist/ip2p_mist/man_24__p0.png,artifacts/pexels_portraits/undefended_edits/ip2p_si18/man_24__p0.png
mist,ip2p,ip2p_mist,man_24,1,Let the person wear a police suit,ip2p_si18,0.6618,0.48828,16.142,0.05885,0.3735,0.155926,0.898039,0.6618,0.62186,0.69449,0.52181,0.61437,True,0.837,artifacts/pexels_portraits/defended_edits/mist/ip2p_mist/man_24__p1.png,artifacts/pexels_portraits/undefended_edits/ip2p_si18/man_24__p1.png
mist,ip2p,ip2p_mist,man_24,2,Let the person wear a helmet,ip2p_si18,0.65846,0.57057,20.54,0.07938,0.34121,0.09397,0.87451,0.65846,0.58916,0.71519,0.78188,0.72873,True,0.837,artifacts/pexels_portraits/defended_edits/mist/ip2p_mist/man_24__p2.png,artifacts/pexels_portraits/undefended_edits/ip2p_si18/man_24__p2.png
mist,ip2p,ip2p_mist,man_24,3,Let the person wear a bowtie,ip2p_si18,0.64076,0.60175,20.259,0.09415,0.32921,0.097057,0.768627,0.64076,0.57291,0.69629,0.75964,0.80299,True,0.837,artifacts/pexels_portraits/defended_edits/mist/ip2p_mist/man_24__p3.png,artifacts/pexels_portraits/undefended_edits/ip2p_si18/man_24__p3.png
mist,ip2p,ip2p_mist,man_25,0,Let the person wear sunglasses,ip2p_si18,0.58639,0.60356,19.247,0.17525,0.28422,0.109061,0.917647,0.58639,0.57291,0.60182,0.75102,0.78821,True,0.837,artifacts/pexels_portraits/defended_edits/mist/ip2p_mist/man_25__p0.png,artifacts/pexels_portraits/undefended_edits/ip2p_si18/man_25__p0.png
mist,ip2p,ip2p_mist,man_25,1,Let the person wear a police suit,ip2p_si18,0.59179,0.59253,18.545,0.16929,0.2889,0.118242,0.890196,0.59179,0.58097,0.60418,0.75371,0.78333,True,0.837,artifacts/pexels_portraits/defended_edits/mist/ip2p_mist/man_25__p1.png,artifacts/pexels_portraits/undefended_edits/ip2p_si18/man_25__p1.png
mist,ip2p,ip2p_mist,man_25,2,Let the person wear a helmet,ip2p_si18,0.59211,0.61499,20.071,0.1676,0.28703,0.099181,0.811765,0.59211,0.57854,0.60765,0.77912,0.79362,True,0.837,artifacts/pexels_portraits/defended_edits/mist/ip2p_mist/man_25__p2.png,artifacts/pexels_portraits/undefended_edits/ip2p_si18/man_25__p2.png
mist,ip2p,ip2p_mist,man_25,3,Let the person wear a bowtie,ip2p_si18,0.58953,0.57699,15.989,0.17601,0.29636,0.158685,0.870588,0.58953,0.58038,0.6,0.7584,0.80759,True,0.837,artifacts/pexels_portraits/defended_edits/mist/ip2p_mist/man_25__p3.png,artifacts/pexels_portraits/undefended_edits/ip2p_si18/man_25__p3.png
mist,ip2p,ip2p_mist,man_26,0,Let the person wear sunglasses,ip2p_si18,0.65331,0.59499,20.614,0.15232,0.30975,0.093176,0.886275,0.65331,0.5856,0.72029,0.70421,0.8035,True,0.837,artifacts/pexels_portraits/defended_edits/mist/ip2p_mist/man_26__p0.png,artifacts/pexels_portraits/undefended_edits/ip2p_si18/man_26__p0.png
mist,ip2p,ip2p_mist,man_26,1,Let the person wear a police suit,ip2p_si18,0.67066,0.47072,14.475,0.12601,0.30895,0.188907,0.839216,0.67066,0.61331,0.7274,0.59259,0.78806,True,0.837,artifacts/pexels_portraits/defended_edits/mist/ip2p_mist/man_26__p1.png,artifacts/pexels_portraits/undefended_edits/ip2p_si18/man_26__p1.png
mist,ip2p,ip2p_mist,man_26,2,Let the person wear a helmet,ip2p_si18,0.66335,0.5778,20.702,0.13695,0.32053,0.092235,0.835294,0.66335,0.60457,0.7215,0.67608,0.67523,True,0.837,artifacts/pexels_portraits/defended_edits/mist/ip2p_mist/man_26__p2.png,artifacts/pexels_portraits/undefended_edits/ip2p_si18/man_26__p2.png
mist,ip2p,ip2p_mist,man_26,3,Let the person wear a bowtie,ip2p_si18,0.65503,0.57968,19.941,0.14862,0.29453,0.100678,0.815686,0.65503,0.59825,0.71121,0.67962,0.7974,True,0.837,artifacts/pexels_portraits/defended_edits/mist/ip2p_mist/man_26__p3.png,artifacts/pexels_portraits/undefended_edits/ip2p_si18/man_26__p3.png
mist,ip2p,ip2p_mist,man_27,0,Let the person wear sunglasses,ip2p_si18,0.59161,0.53869,21.641,0.08716,0.29233,0.082786,0.682353,0.59161,0.53005,0.66634,0.62816,0.75938,True,0.837,artifacts/pexels_portraits/defended_edits/mist/ip2p_mist/man_27__p0.png,artifacts/pexels_portraits/undefended_edits/ip2p_si18/man_27__p0.png
mist,ip2p,ip2p_mist,man_27,1,Let the person wear a police suit,ip2p_si18,0.59194,0.50918,20.524,0.08445,0.30372,0.09415,0.741176,0.59194,0.53572,0.66019,0.64533,0.76484,True,0.837,artifacts/pexels_portraits/defended_edits/mist/ip2p_mist/man_27__p1.png,artifacts/pexels_portraits/undefended_edits/ip2p_si18/man_27__p1.png
mist,ip2p,ip2p_mist,man_27,2,Let the person wear a helmet,ip2p_si18,0.60217,0.53216,21.62,0.08376,0.30266,0.082987,0.694118,0.60217,0.54149,0.67583,0.67477,0.7183,True,0.837,artifacts/pexels_portraits/defended_edits/mist/ip2p_mist/man_27__p2.png,artifacts/pexels_portraits/undefended_edits/ip2p_si18/man_27__p2.png
mist,ip2p,ip2p_mist,man_27,3,Let the person wear a bowtie,ip2p_si18,0.60203,0.50095,20.657,0.07529,0.29013,0.092715,0.827451,0.60203,0.54056,0.67667,0.6508,0.68493,True,0.837,artifacts/pexels_portraits/defended_edits/mist/ip2p_mist/man_27__p3.png,artifacts/pexels_portraits/undefended_edits/ip2p_si18/man_27__p3.png
mist,ip2p,ip2p_mist,man_28,0,Let the person wear sunglasses,ip2p_si18,0.65049,0.56713,19.489,0.13541,0.3157,0.106058,0.803922,0.65049,0.60989,0.74512,0.77991,0.78113,True,0.837,artifacts/pexels_portraits/defended_edits/mist/ip2p_mist/man_28__p0.png,artifacts/pexels_portraits/undefended_edits/ip2p_si18/man_28__p0.png
mist,ip2p,ip2p_mist,man_28,1,Let the person wear a police suit,ip2p_si18,0.69532,0.37935,13.603,0.08581,0.39313,0.208867,0.929412,0.69532,0.66537,0.76511,0.58559,0.68762,True,0.837,artifacts/pexels_portraits/defended_edits/mist/ip2p_mist/man_28__p1.png,artifacts/pexels_portraits/undefended_edits/ip2p_si18/man_28__p1.png
mist,ip2p,ip2p_mist,man_28,2,Let the person wear a helmet,ip2p_si18,0.70172,0.41742,13.767,0.0831,0.36812,0.204952,0.941176,0.70172,0.68133,0.74923,0.66147,0.57283,True,0.837,artifacts/pexels_portraits/defended_edits/mist/ip2p_mist/man_28__p2.png,artifacts/pexels_portraits/undefended_edits/ip2p_si18/man_28__p2.png
mist,ip2p,ip2p_mist,man_28,3,Let the person wear a bowtie,ip2p_si18,0.66193,0.56837,19.962,0.13593,0.31918,0.100442,0.772549,0.66193,0.62465,0.74881,0.74158,0.76187,True,0.837,artifacts/pexels_portraits/defended_edits/mist/ip2p_mist/man_28__p3.png,artifacts/pexels_portraits/undefended_edits/ip2p_si18/man_28__p3.png
mist,ip2p,ip2p_mist,man_29,0,Let the person wear sunglasses,ip2p_si18,0.69723,0.62296,18.331,0.09585,0.28614,0.121182,0.682353,0.69723,0.50471,0.80756,0.76306,0.78811,True,0.837,artifacts/pexels_portraits/defended_edits/mist/ip2p_mist/man_29__p0.png,artifacts/pexels_portraits/undefended_edits/ip2p_si18/man_29__p0.png
mist,ip2p,ip2p_mist,man_29,1,Let the person wear a police suit,ip2p_si18,0.72756,0.56718,17.082,0.06253,0.32247,0.139933,0.890196,0.72756,0.58528,0.8091,0.57078,0.69892,True,0.837,artifacts/pexels_portraits/defended_edits/mist/ip2p_mist/man_29__p1.png,artifacts/pexels_portraits/undefended_edits/ip2p_si18/man_29__p1.png
mist,ip2p,ip2p_mist,man_29,2,Let the person wear a helmet,ip2p_si18,0.69709,0.61057,18.378,0.08547,0.30613,0.120532,0.690196,0.69709,0.5203,0.79842,0.74574,0.72049,True,0.837,artifacts/pexels_portraits/defended_edits/mist/ip2p_mist/man_29__p2.png,artifacts/pexels_portraits/undefended_edits/ip2p_si18/man_29__p2.png
mist,ip2p,ip2p_mist,man_29,3,Let the person wear a bowtie,ip2p_si18,0.68461,0.62675,18.999,0.09474,0.27708,0.112218,0.831373,0.68461,0.51141,0.78387,0.74996,0.81839,True,0.837,artifacts/pexels_portraits/defended_edits/mist/ip2p_mist/man_29__p3.png,artifacts/pexels_portraits/undefended_edits/ip2p_si18/man_29__p3.png
mist,ip2p,ip2p_mist,man_30,0,Let the person wear sunglasses,ip2p_si18,0.62501,0.50274,19.972,0.07763,0.35315,0.100324,0.898039,0.62501,0.59937,0.64542,0.7061,0.70168,True,0.837,artifacts/pexels_portraits/defended_edits/mist/ip2p_mist/man_30__p0.png,artifacts/pexels_portraits/undefended_edits/ip2p_si18/man_30__p0.png
mist,ip2p,ip2p_mist,man_30,1,Let the person wear a police suit,ip2p_si18,0.62967,0.44551,18.852,0.06283,0.36545,0.114135,1.0,0.62967,0.63273,0.62723,0.6387,0.66113,True,0.837,artifacts/pexels_portraits/defended_edits/mist/ip2p_mist/man_30__p1.png,artifacts/pexels_portraits/undefended_edits/ip2p_si18/man_30__p1.png
mist,ip2p,ip2p_mist,man_30,2,Let the person wear a helmet,ip2p_si18,0.6437,0.48585,20.774,0.07092,0.36717,0.091474,0.843137,0.6437,0.62003,0.66255,0.69779,0.69928,True,0.837,artifacts/pexels_portraits/defended_edits/mist/ip2p_mist/man_30__p2.png,artifacts/pexels_portraits/undefended_edits/ip2p_si18/man_30__p2.png
mist,ip2p,ip2p_mist,man_30,3,Let the person wear a bowtie,ip2p_si18,0.63676,0.5179,21.696,0.08162,0.34827,0.082262,0.87451,0.63676,0.61122,0.65709,0.71734,0.68673,True,0.837,artifacts/pexels_portraits/defended_edits/mist/ip2p_mist/man_30__p3.png,artifacts/pexels_portraits/undefended_edits/ip2p_si18/man_30__p3.png
mist,ip2p,ip2p_mist,man_31,0,Let the person wear sunglasses,ip2p_si18,0.65599,0.54463,21.872,0.07527,0.35245,0.08061,0.647059,0.65599,0.60929,0.68421,0.72167,0.67958,True,0.837,artifacts/pexels_portraits/defended_edits/mist/ip2p_mist/man_31__p0.png,artifacts/pexels_portraits/undefended_edits/ip2p_si18/man_31__p0.png
mist,ip2p,ip2p_mist,man_31,1,Let the person wear a police suit,ip2p_si18,0.65721,0.49832,18.384,0.06473,0.35232,0.120443,0.945098,0.65721,0.62472,0.67683,0.58776,0.60251,True,0.837,artifacts/pexels_portraits/defended_edits/mist/ip2p_mist/man_31__p1.png,artifacts/pexels_portraits/undefended_edits/ip2p_si18/man_31__p1.png
mist,ip2p,ip2p_mist,man_31,2,Let the person wear a helmet,ip2p_si18,0.67077,0.50383,19.696,0.05608,0.3588,0.103564,0.74902,0.67077,0.65923,0.67774,0.64951,0.54831,True,0.837,artifacts/pexels_portraits/defended_edits/mist/ip2p_mist/man_31__p2.png,artifacts/pexels_portraits/undefended_edits/ip2p_si18/man_31__p2.png
mist,ip2p,ip2p_mist,man_31,3,Let the person wear a bowtie,ip2p_si18,0.66505,0.53999,19.022,0.06965,0.35947,0.111915,0.733333,0.66505,0.6416,0.67921,0.69606,0.63044,True,0.837,artifacts/pexels_portraits/defended_edits/mist/ip2p_mist/man_31__p3.png,artifacts/pexels_portraits/undefended_edits/ip2p_si18/man_31__p3.png
mist,ip2p,ip2p_mist,man_32,0,Let the person wear sunglasses,ip2p_si18,0.61384,0.53058,21.451,0.09878,0.35587,0.084614,0.807843,0.61384,0.58649,0.63143,0.65338,0.73189,True,0.837,artifacts/pexels_portraits/defended_edits/mist/ip2p_mist/man_32__p0.png,artifacts/pexels_portraits/undefended_edits/ip2p_si18/man_32__p0.png
mist,ip2p,ip2p_mist,man_32,1,Let the person wear a police suit,ip2p_si18,0.60195,0.52333,19.995,0.11339,0.35654,0.100062,0.92549,0.60195,0.59213,0.60826,0.57386,0.74203,True,0.837,artifacts/pexels_portraits/defended_edits/mist/ip2p_mist/man_32__p1.png,artifacts/pexels_portraits/undefended_edits/ip2p_si18/man_32__p1.png
mist,ip2p,ip2p_mist,man_32,2,Let the person wear a helmet,ip2p_si18,0.62242,0.52514,20.689,0.09837,0.36297,0.092378,0.882353,0.62242,0.60276,0.63507,0.65008,0.7153,True,0.837,artifacts/pexels_portraits/defended_edits/mist/ip2p_mist/man_32__p2.png,artifacts/pexels_portraits/undefended_edits/ip2p_si18/man_32__p2.png
mist,ip2p,ip2p_mist,man_32,3,Let the person wear a bowtie,ip2p_si18,0.61716,0.54459,21.526,0.10434,0.35847,0.083892,0.972549,0.61716,0.60634,0.62412,0.60755,0.7956,True,0.837,artifacts/pexels_portraits/defended_edits/mist/ip2p_mist/man_32__p3.png,artifacts/pexels_portraits/undefended_edits/ip2p_si18/man_32__p3.png
mist,ip2p,ip2p_mist,man_33,0,Let the person wear sunglasses,ip2p_si18,0.62269,0.57642,20.813,0.13777,0.33205,0.091063,0.658824,0.62269,0.5773,0.68355,0.78526,0.78602,True,0.837,artifacts/pexels_portraits/defended_edits/mist/ip2p_mist/man_33__p0.png,artifacts/pexels_portraits/undefended_edits/ip2p_si18/man_33__p0.png
mist,ip2p,ip2p_mist,man_33,1,Let the person wear a police suit,ip2p_si18,0.64067,0.5438,18.447,0.13054,0.34048,0.119583,0.811765,0.64067,0.60302,0.69114,0.70323,0.7243,True,0.837,artifacts/pexels_portraits/defended_edits/mist/ip2p_mist/man_33__p1.png,artifacts/pexels_portraits/undefended_edits/ip2p_si18/man_33__p1.png
mist,ip2p,ip2p_mist,man_33,2,Let the person wear a helmet,ip2p_si18,0.63568,0.57958,21.248,0.13235,0.32258,0.086613,0.67451,0.63568,0.59454,0.69085,0.80537,0.80117,True,0.837,artifacts/pexels_portraits/defended_edits/mist/ip2p_mist/man_33__p2.png,artifacts/pexels_portraits/undefended_edits/ip2p_si18/man_33__p2.png
mist,ip2p,ip2p_mist,man_33,3,Let the person wear a bowtie,ip2p_si18,0.65175,0.54597,17.651,0.13109,0.34614,0.13106,0.788235,0.65175,0.62568,0.68669,0.75867,0.72649,True,0.837,artifacts/pexels_portraits/defended_edits/mist/ip2p_mist/man_33__p3.png,artifacts/pexels_portraits/undefended_edits/ip2p_si18/man_33__p3.png
mist,ip2p,ip2p_mist,man_34,0,Let the person wear sunglasses,ip2p_si18,0.7588,0.59757,20.663,0.10099,0.39575,0.092654,0.752941,0.7588,0.65095,0.89852,0.80699,0.77294,True,0.837,artifacts/pexels_portraits/defended_edits/mist/ip2p_mist/man_34__p0.png,artifacts/pexels_portraits/undefended_edits/ip2p_si18/man_34__p0.png
mist,ip2p,ip2p_mist,man_34,1,Let the person wear a police suit,ip2p_si18,0.77065,0.51588,17.805,0.07205,0.37807,0.128747,0.933333,0.77065,0.65145,0.92508,0.64745,0.64949,True,0.837,artifacts/pexels_portraits/defended_edits/mist/ip2p_mist/man_34__p1.png,artifacts/pexels_portraits/undefended_edits/ip2p_si18/man_34__p1.png
mist,ip2p,ip2p_mist,man_34,2,Let the person wear a helmet,ip2p_si18,0.76454,0.58344,20.946,0.09131,0.38607,0.089683,0.862745,0.76454,0.66269,0.8965,0.76625,0.71021,True,0.837,artifacts/pexels_portraits/defended_edits/mist/ip2p_mist/man_34__p2.png,artifacts/pexels_portraits/undefended_edits/ip2p_si18/man_34__p2.png
mist,ip2p,ip2p_mist,man_34,3,Let the person wear a bowtie,ip2p_si18,0.76963,0.57913,21.39,0.09477,0.3704,0.085209,0.823529,0.76963,0.66607,0.90379,0.76232,0.73535,True,0.837,artifacts/pexels_portraits/defended_edits/mist/ip2p_mist/man_34__p3.png,artifacts/pexels_portraits/undefended_edits/ip2p_si18/man_34__p3.png
mist,ip2p,ip2p_mist,man_35,0,Let the person wear sunglasses,ip2p_si18,0.6457,0.47689,22.001,0.04708,0.40827,0.079423,0.901961,0.6457,0.60705,0.65351,0.69207,0.64661,True,0.837,artifacts/pexels_portraits/defended_edits/mist/ip2p_mist/man_35__p0.png,artifacts/pexels_portraits/undefended_edits/ip2p_si18/man_35__p0.png
mist,ip2p,ip2p_mist,man_35,1,Let the person wear a police suit,ip2p_si18,0.65082,0.37889,18.568,0.03606,0.41009,0.117917,0.913725,0.65082,0.60924,0.65922,0.56961,0.62969,True,0.837,artifacts/pexels_portraits/defended_edits/mist/ip2p_mist/man_35__p1.png,artifacts/pexels_portraits/undefended_edits/ip2p_si18/man_35__p1.png
mist,ip2p,ip2p_mist,man_35,2,Let the person wear a helmet,ip2p_si18,0.66538,0.47659,21.343,0.049,0.39918,0.085676,0.807843,0.66538,0.60703,0.67716,0.68886,0.61965,True,0.837,artifacts/pexels_portraits/defended_edits/mist/ip2p_mist/man_35__p2.png,artifacts/pexels_portraits/undefended_edits/ip2p_si18/man_35__p2.png
mist,ip2p,ip2p_mist,man_35,3,Let the person wear a bowtie,ip2p_si18,0.62442,0.49782,17.803,0.05373,0.3688,0.128783,0.956863,0.62442,0.57646,0.6341,0.67074,0.75676,True,0.837,artifacts/pexels_portraits/defended_edits/mist/ip2p_mist/man_35__p3.png,artifacts/pexels_portraits/undefended_edits/ip2p_si18/man_35__p3.png
mist,ip2p,ip2p_mist,man_36,0,Let the person wear sunglasses,ip2p_si18,0.58839,0.59664,15.725,0.12377,0.32886,0.163595,0.631373,0.58839,0.55238,0.65295,0.7981,0.78019,True,0.837,artifacts/pexels_portraits/defended_edits/mist/ip2p_mist/man_36__p0.png,artifacts/pexels_portraits/undefended_edits/ip2p_si18/man_36__p0.png
mist,ip2p,ip2p_mist,man_36,1,Let the person wear a police suit,ip2p_si18,0.60283,0.51396,14.658,0.08469,0.35676,0.184965,0.878431,0.60283,0.58526,0.63431,0.65547,0.71215,True,0.837,artifacts/pexels_portraits/defended_edits/mist/ip2p_mist/man_36__p1.png,artifacts/pexels_portraits/undefended_edits/ip2p_si18/man_36__p1.png
mist,ip2p,ip2p_mist,man_36,2,Let the person wear a helmet,ip2p_si18,0.59471,0.58875,15.219,0.11783,0.32484,0.173395,0.768627,0.59471,0.56478,0.64837,0.70632,0.77602,True,0.837,artifacts/pexels_portraits/defended_edits/mist/ip2p_mist/man_36__p2.png,artifacts/pexels_portraits/undefended_edits/ip2p_si18/man_36__p2.png
mist,ip2p,ip2p_mist,man_36,3,Let the person wear a bowtie,ip2p_si18,0.61514,0.56292,16.52,0.08191,0.31343,0.149275,0.788235,0.61514,0.58891,0.66215,0.69933,0.68092,True,0.837,artifacts/pexels_portraits/defended_edits/mist/ip2p_mist/man_36__p3.png,artifacts/pexels_portraits/undefended_edits/ip2p_si18/man_36__p3.png
mist,ip2p,ip2p_mist,man_37,0,Let the person wear sunglasses,ip2p_si18,0.67749,0.60076,18.443,0.11435,0.29804,0.119629,0.717647,0.67749,0.54862,0.85118,0.86884,0.81432,True,0.837,artifacts/pexels_portraits/defended_edits/mist/ip2p_mist/man_37__p0.png,artifacts/pexels_portraits/undefended_edits/ip2p_si18/man_37__p0.png
mist,ip2p,ip2p_mist,man_37,1,Let the person wear a police suit,ip2p_si18,0.76521,0.43544,15.718,0.05681,0.37566,0.163713,0.921569,0.76521,0.6602,0.90675,0.70382,0.67604,True,0.837,artifacts/pexels_portraits/defended_edits/mist/ip2p_mist/man_37__p1.png,artifacts/pexels_portraits/undefended_edits/ip2p_si18/man_37__p1.png
mist,ip2p,ip2p_mist,man_37,2,Let the person wear a helmet,ip2p_si18,0.67717,0.59208,17.955,0.10755,0.29426,0.126542,0.807843,0.67717,0.55511,0.84167,0.87078,0.77972,True,0.837,artifacts/pexels_portraits/defended_edits/mist/ip2p_mist/man_37__p2.png,artifacts/pexels_portraits/undefended_edits/ip2p_si18/man_37__p2.png
mist,ip2p,ip2p_mist,man_37,3,Let the person wear a bowtie,ip2p_si18,0.671,0.59717,19.372,0.10442,0.28835,0.107495,0.752941,0.671,0.55721,0.82437,0.88107,0.82032,True,0.837,artifacts/pexels_portraits/defended_edits/mist/ip2p_mist/man_37__p3.png,artifacts/pexels_portraits/undefended_edits/ip2p_si18/man_37__p3.png
mist,ip2p,ip2p_mist,man_38,0,Let the person wear sunglasses,ip2p_si18,0.66311,0.61134,19.473,0.08435,0.32215,0.106256,0.741176,0.66311,0.60972,0.69646,0.85331,0.80116,True,0.837,artifacts/pexels_portraits/defended_edits/mist/ip2p_mist/man_38__p0.png,artifacts/pexels_portraits/undefended_edits/ip2p_si18/man_38__p0.png
mist,ip2p,ip2p_mist,man_38,1,Let the person wear a police suit,ip2p_si18,0.65361,0.52747,16.816,0.0504,0.36067,0.144275,0.905882,0.65361,0.63128,0.66756,0.62666,0.64832,True,0.837,artifacts/pexels_portraits/defended_edits/mist/ip2p_mist/man_38__p1.png,artifacts/pexels_portraits/undefended_edits/ip2p_si18/man_38__p1.png
mist,ip2p,ip2p_mist,man_38,2,Let the person wear a helmet,ip2p_si18,0.69805,0.4238,14.383,0.02947,0.38749,0.190928,0.968627,0.69805,0.70379,0.69447,0.52992,0.48675,True,0.837,artifacts/pexels_portraits/defended_edits/mist/ip2p_mist/man_38__p2.png,artifacts/pexels_portraits/undefended_edits/ip2p_si18/man_38__p2.png
mist,ip2p,ip2p_mist,man_38,3,Let the person wear a bowtie,ip2p_si18,0.66404,0.60232,18.908,0.08149,0.31578,0.113397,0.713726,0.66404,0.6166,0.69367,0.7885,0.78811,True,0.837,artifacts/pexels_portraits/defended_edits/mist/ip2p_mist/man_38__p3.png,artifacts/pexels_portraits/undefended_edits/ip2p_si18/man_38__p3.png
mist,ip2p,ip2p_mist,man_39,0,Let the person wear sunglasses,ip2p_si18,0.63269,0.58894,17.905,0.11177,0.3363,0.127277,0.756863,0.63269,0.57233,0.73839,0.69868,0.82383,True,0.837,artifacts/pexels_portraits/defended_edits/mist/ip2p_mist/man_39__p0.png,artifacts/pexels_portraits/undefended_edits/ip2p_si18/man_39__p0.png
mist,ip2p,ip2p_mist,man_39,1,Let the person wear a police suit,ip2p_si18,0.70166,0.43008,13.695,0.04745,0.39634,0.206651,0.956863,0.70166,0.6554,0.78268,0.56707,0.61846,True,0.837,artifacts/pexels_portraits/defended_edits/mist/ip2p_mist/man_39__p1.png,artifacts/pexels_portraits/undefended_edits/ip2p_si18/man_39__p1.png
mist,ip2p,ip2p_mist,man_39,2,Let the person wear a helmet,ip2p_si18,0.6647,0.52361,16.811,0.08738,0.34675,0.144366,0.831373,0.6647,0.61536,0.75111,0.62583,0.72545,True,0.837,artifacts/pexels_portraits/defended_edits/mist/ip2p_mist/man_39__p2.png,artifacts/pexels_portraits/undefended_edits/ip2p_si18/man_39__p2.png
mist,ip2p,ip2p_mist,man_39,3,Let the person wear a bowtie,ip2p_si18,0.66574,0.55222,14.998,0.08491,0.34608,0.177864,0.882353,0.66574,0.62978,0.72871,0.70113,0.79224,True,0.837,artifacts/pexels_portraits/defended_edits/mist/ip2p_mist/man_39__p3.png,artifacts/pexels_portraits/undefended_edits/ip2p_si18/man_39__p3.png
mist,ip2p,ip2p_mist,man_40,0,Let the person wear sunglasses,ip2p_si18,0.54035,0.50426,17.405,0.14425,0.28753,0.134815,0.72549,0.54035,0.53779,0.54343,0.82296,0.80571,True,0.837,artifacts/pexels_portraits/defended_edits/mist/ip2p_mist/man_40__p0.png,artifacts/pexels_portraits/undefended_edits/ip2p_si18/man_40__p0.png
mist,ip2p,ip2p_mist,man_40,1,Let the person wear a police suit,ip2p_si18,0.55516,0.47356,15.421,0.13226,0.28367,0.16941,0.92549,0.55516,0.557,0.55296,0.8383,0.79855,True,0.837,artifacts/pexels_portraits/defended_edits/mist/ip2p_mist/man_40__p1.png,artifacts/pexels_portraits/undefended_edits/ip2p_si18/man_40__p1.png
mist,ip2p,ip2p_mist,man_40,2,Let the person wear a helmet,ip2p_si18,0.55406,0.52139,17.853,0.12979,0.26592,0.128047,0.870588,0.55406,0.5439,0.56623,0.87747,0.79772,True,0.837,artifacts/pexels_portraits/defended_edits/mist/ip2p_mist/man_40__p2.png,artifacts/pexels_portraits/undefended_edits/ip2p_si18/man_40__p2.png
mist,ip2p,ip2p_mist,man_40,3,Let the person wear a bowtie,ip2p_si18,0.54524,0.5037,17.524,0.14268,0.27901,0.132982,0.921569,0.54524,0.54647,0.54378,0.85198,0.82389,True,0.837,artifacts/pexels_portraits/defended_edits/mist/ip2p_mist/man_40__p3.png,artifacts/pexels_portraits/undefended_edits/ip2p_si18/man_40__p3.png
mist,ip2p,ip2p_mist,man_41,0,Let the person wear sunglasses,ip2p_si18,0.6479,0.62566,21.177,0.15052,0.29821,0.087325,0.662745,0.6479,0.61823,0.66839,0.85978,0.8453,False,0.837,artifacts/pexels_portraits/defended_edits/mist/ip2p_mist/man_41__p0.png,artifacts/pexels_portraits/undefended_edits/ip2p_si18/man_41__p0.png
mist,ip2p,ip2p_mist,man_41,1,Let the person wear a police suit,ip2p_si18,0.66618,0.53793,17.064,0.13192,0.31862,0.140215,0.847059,0.66618,0.65905,0.6711,0.65178,0.69502,True,0.837,artifacts/pexels_portraits/defended_edits/mist/ip2p_mist/man_41__p1.png,artifacts/pexels_portraits/undefended_edits/ip2p_si18/man_41__p1.png
mist,ip2p,ip2p_mist,man_41,2,Let the person wear a helmet,ip2p_si18,0.65204,0.62154,20.687,0.14488,0.3001,0.092393,0.796078,0.65204,0.62766,0.66888,0.81382,0.79788,True,0.837,artifacts/pexels_portraits/defended_edits/mist/ip2p_mist/man_41__p2.png,artifacts/pexels_portraits/undefended_edits/ip2p_si18/man_41__p2.png
mist,ip2p,ip2p_mist,man_41,3,Let the person wear a bowtie,ip2p_si18,0.64519,0.622,18.88,0.15876,0.29953,0.113767,0.768627,0.64519,0.62646,0.65814,0.77039,0.7678,True,0.837,artifacts/pexels_portraits/defended_edits/mist/ip2p_mist/man_41__p3.png,artifacts/pexels_portraits/undefended_edits/ip2p_si18/man_41__p3.png
mist,ip2p,ip2p_mist,man_42,0,Let the person wear sunglasses,ip2p_si18,0.62272,0.56384,22.213,0.1201,0.34513,0.077508,0.752941,0.62272,0.56812,0.65798,0.70722,0.75096,True,0.837,artifacts/pexels_portraits/defended_edits/mist/ip2p_mist/man_42__p0.png,artifacts/pexels_portraits/undefended_edits/ip2p_si18/man_42__p0.png
mist,ip2p,ip2p_mist,man_42,1,Let the person wear a police suit,ip2p_si18,0.62401,0.53204,21.147,0.1127,0.34203,0.087625,0.898039,0.62401,0.58537,0.64896,0.65035,0.65433,True,0.837,artifacts/pexels_portraits/defended_edits/mist/ip2p_mist/man_42__p1.png,artifacts/pexels_portraits/undefended_edits/ip2p_si18/man_42__p1.png
mist,ip2p,ip2p_mist,man_42,2,Let the person wear a helmet,ip2p_si18,0.63715,0.5464,21.757,0.10574,0.35185,0.081688,0.819608,0.63715,0.5884,0.66863,0.63674,0.66466,True,0.837,artifacts/pexels_portraits/defended_edits/mist/ip2p_mist/man_42__p2.png,artifacts/pexels_portraits/undefended_edits/ip2p_si18/man_42__p2.png
mist,ip2p,ip2p_mist,man_42,3,Let the person wear a bowtie,ip2p_si18,0.62637,0.57043,22.355,0.12169,0.34612,0.076252,0.878431,0.62637,0.57109,0.66208,0.68755,0.73711,True,0.837,artifacts/pexels_portraits/defended_edits/mist/ip2p_mist/man_42__p3.png,artifacts/pexels_portraits/undefended_edits/ip2p_si18/man_42__p3.png
mist,ip2p,ip2p_mist,man_43,0,Let the person wear sunglasses,ip2p_si18,0.60185,0.63139,20.48,0.17325,0.27222,0.094625,0.74902,0.60185,0.56335,0.62485,0.66993,0.70748,True,0.837,artifacts/pexels_portraits/defended_edits/mist/ip2p_mist/man_43__p0.png,artifacts/pexels_portraits/undefended_edits/ip2p_si18/man_43__p0.png
mist,ip2p,ip2p_mist,man_43,1,Let the person wear a police suit,ip2p_si18,0.60678,0.55903,16.626,0.15234,0.30003,0.147465,0.901961,0.60678,0.5949,0.61387,0.59718,0.63895,True,0.837,artifacts/pexels_portraits/defended_edits/mist/ip2p_mist/man_43__p1.png,artifacts/pexels_portraits/undefended_edits/ip2p_si18/man_43__p1.png
mist,ip2p,ip2p_mist,man_43,2,Let the person wear a helmet,ip2p_si18,0.60931,0.63259,20.085,0.16607,0.27404,0.099029,0.94902,0.60931,0.57524,0.62967,0.67186,0.68715,True,0.837,artifacts/pexels_portraits/defended_edits/mist/ip2p_mist/man_43__p2.png,artifacts/pexels_portraits/undefended_edits/ip2p_si18/man_43__p2.png
mist,ip2p,ip2p_mist,man_43,3,Let the person wear a bowtie,ip2p_si18,0.60142,0.63146,20.428,0.17545,0.27812,0.095191,0.819608,0.60142,0.56796,0.62141,0.69973,0.73159,True,0.837,artifacts/pexels_portraits/defended_edits/mist/ip2p_mist/man_43__p3.png,artifacts/pexels_portraits/undefended_edits/ip2p_si18/man_43__p3.png
mist,ip2p,ip2p_mist,man_44,0,Let the person wear sunglasses,ip2p_si18,0.587,0.57195,19.471,0.14927,0.2876,0.106274,0.74902,0.587,0.59207,0.57583,0.79537,0.75787,True,0.837,artifacts/pexels_portraits/defended_edits/mist/ip2p_mist/man_44__p0.png,artifacts/pexels_portraits/undefended_edits/ip2p_si18/man_44__p0.png
mist,ip2p,ip2p_mist,man_44,1,Let the person wear a police suit,ip2p_si18,0.61089,0.52684,16.827,0.14593,0.32072,0.144096,0.886275,0.61089,0.62877,0.57148,0.77956,0.73574,True,0.837,artifacts/pexels_portraits/defended_edits/mist/ip2p_mist/man_44__p1.png,artifacts/pexels_portraits/undefended_edits/ip2p_si18/man_44__p1.png
mist,ip2p,ip2p_mist,man_44,2,Let the person wear a helmet,ip2p_si18,0.59652,0.58747,20.226,0.14594,0.29599,0.097436,0.737255,0.59652,0.60243,0.58347,0.81835,0.74628,True,0.837,artifacts/pexels_portraits/defended_edits/mist/ip2p_mist/man_44__p2.png,artifacts/pexels_portraits/undefended_edits/ip2p_si18/man_44__p2.png
mist,ip2p,ip2p_mist,man_44,3,Let the person wear a bowtie,ip2p_si18,0.61874,0.53284,16.989,0.14572,0.31398,0.14143,0.854902,0.61874,0.63375,0.58563,0.80944,0.71939,True,0.837,artifacts/pexels_portraits/defended_edits/mist/ip2p_mist/man_44__p3.png,artifacts/pexels_portraits/undefended_edits/ip2p_si18/man_44__p3.png
mist,ip2p,ip2p_mist,man_45,0,Let the person wear sunglasses,ip2p_si18,0.60119,0.66522,18.208,0.12829,0.33433,0.122915,0.870588,0.60119,0.56317,0.63492,0.75477,0.79616,True,0.837,artifacts/pexels_portraits/defended_edits/mist/ip2p_mist/man_45__p0.png,artifacts/pexels_portraits/undefended_edits/ip2p_si18/man_45__p0.png
mist,ip2p,ip2p_mist,man_45,1,Let the person wear a police suit,ip2p_si18,0.61637,0.58022,16.157,0.09611,0.33484,0.155657,0.988235,0.61637,0.5924,0.63765,0.65393,0.66959,True,0.837,artifacts/pexels_portraits/defended_edits/mist/ip2p_mist/man_45__p1.png,artifacts/pexels_portraits/undefended_edits/ip2p_si18/man_45__p1.png
mist,ip2p,ip2p_mist,man_45,2,Let the person wear a helmet,ip2p_si18,0.62455,0.60989,21.266,0.09566,0.32646,0.086435,0.929412,0.62455,0.59612,0.64977,0.76421,0.76083,True,0.837,artifacts/pexels_portraits/defended_edits/mist/ip2p_mist/man_45__p2.png,artifacts/pexels_portraits/undefended_edits/ip2p_si18/man_45__p2.png
mist,ip2p,ip2p_mist,man_45,3,Let the person wear a bowtie,ip2p_si18,0.60104,0.65667,17.955,0.12535,0.32462,0.126552,0.901961,0.60104,0.56744,0.63086,0.7523,0.80352,True,0.837,artifacts/pexels_portraits/defended_edits/mist/ip2p_mist/man_45__p3.png,artifacts/pexels_portraits/undefended_edits/ip2p_si18/man_45__p3.png
mist,ip2p,ip2p_mist,man_46,0,Let the person wear sunglasses,ip2p_si18,0.57347,0.55855,17.865,0.13497,0.25612,0.127863,0.792157,0.57347,0.54279,0.6387,0.77886,0.7903,True,0.837,artifacts/pexels_portraits/defended_edits/mist/ip2p_mist/man_46__p0.png,artifacts/pexels_portraits/undefended_edits/ip2p_si18/man_46__p0.png
mist,ip2p,ip2p_mist,man_46,1,Let the person wear a police suit,ip2p_si18,0.63885,0.38565,13.56,0.06669,0.33797,0.209903,0.937255,0.63885,0.64011,0.63618,0.63606,0.66994,True,0.837,artifacts/pexels_portraits/defended_edits/mist/ip2p_mist/man_46__p1.png,artifacts/pexels_portraits/undefended_edits/ip2p_si18/man_46__p1.png
mist,ip2p,ip2p_mist,man_46,2,Let the person wear a helmet,ip2p_si18,0.58923,0.57967,18.824,0.13447,0.26765,0.114499,0.682353,0.58923,0.5588,0.65394,0.73416,0.75264,True,0.837,artifacts/pexels_portraits/defended_edits/mist/ip2p_mist/man_46__p2.png,artifacts/pexels_portraits/undefended_edits/ip2p_si18/man_46__p2.png
mist,ip2p,ip2p_mist,man_46,3,Let the person wear a bowtie,ip2p_si18,0.62221,0.49075,15.879,0.10239,0.30284,0.160722,0.909804,0.62221,0.59701,0.67579,0.68288,0.62529,True,0.837,artifacts/pexels_portraits/defended_edits/mist/ip2p_mist/man_46__p3.png,artifacts/pexels_portraits/undefended_edits/ip2p_si18/man_46__p3.png
mist,ip2p,ip2p_mist,man_47,0,Let the person wear sunglasses,ip2p_si18,0.589,0.65311,16.525,0.17649,0.23664,0.149201,0.862745,0.589,0.5118,0.66975,0.80521,0.81148,True,0.837,artifacts/pexels_portraits/defended_edits/mist/ip2p_mist/man_47__p0.png,artifacts/pexels_portraits/undefended_edits/ip2p_si18/man_47__p0.png
mist,ip2p,ip2p_mist,man_47,1,Let the person wear a police suit,ip2p_si18,0.63218,0.56246,14.889,0.11449,0.30657,0.18012,0.909804,0.63218,0.58246,0.68418,0.73904,0.72799,True,0.837,artifacts/pexels_portraits/defended_edits/mist/ip2p_mist/man_47__p1.png,artifacts/pexels_portraits/undefended_edits/ip2p_si18/man_47__p1.png
mist,ip2p,ip2p_mist,man_47,2,Let the person wear a helmet,ip2p_si18,0.60992,0.67086,17.047,0.17892,0.2473,0.140492,0.67451,0.60992,0.53419,0.68913,0.81547,0.83235,True,0.837,artifacts/pexels_portraits/defended_edits/mist/ip2p_mist/man_47__p2.png,artifacts/pexels_portraits/undefended_edits/ip2p_si18/man_47__p2.png
mist,ip2p,ip2p_mist,man_47,3,Let the person wear a bowtie,ip2p_si18,0.60745,0.63636,16.174,0.1651,0.26179,0.155343,0.890196,0.60745,0.54235,0.67554,0.79889,0.78174,True,0.837,artifacts/pexels_portraits/defended_edits/mist/ip2p_mist/man_47__p3.png,artifacts/pexels_portraits/undefended_edits/ip2p_si18/man_47__p3.png
mist,ip2p,ip2p_mist,woman_00,0,Let the person wear sunglasses,ip2p_si18,0.60826,0.58674,18.288,0.15451,0.35195,0.12178,0.772549,0.60826,0.61307,0.59395,0.74269,0.76781,True,0.837,artifacts/pexels_portraits/defended_edits/mist/ip2p_mist/woman_00__p0.png,artifacts/pexels_portraits/undefended_edits/ip2p_si18/woman_00__p0.png
mist,ip2p,ip2p_mist,woman_00,1,Let the person wear a police suit,ip2p_si18,0.67446,0.5128,16.674,0.12217,0.35899,0.146659,0.945098,0.67446,0.69645,0.60906,0.74975,0.62437,True,0.837,artifacts/pexels_portraits/defended_edits/mist/ip2p_mist/woman_00__p1.png,artifacts/pexels_portraits/undefended_edits/ip2p_si18/woman_00__p1.png
mist,ip2p,ip2p_mist,woman_00,2,Let the person wear a helmet,ip2p_si18,0.62614,0.57275,18.094,0.1358,0.34594,0.12454,0.72549,0.62614,0.6312,0.6111,0.74732,0.64262,True,0.837,artifacts/pexels_portraits/defended_edits/mist/ip2p_mist/woman_00__p2.png,artifacts/pexels_portraits/undefended_edits/ip2p_si18/woman_00__p2.png
mist,ip2p,ip2p_mist,woman_00,3,Let the person wear a bowtie,ip2p_si18,0.61532,0.58064,18.922,0.14638,0.34317,0.113212,0.768627,0.61532,0.62098,0.59848,0.77033,0.73296,True,0.837,artifacts/pexels_portraits/defended_edits/mist/ip2p_mist/woman_00__p3.png,artifacts/pexels_portraits/undefended_edits/ip2p_si18/woman_00__p3.png
mist,ip2p,ip2p_mist,woman_01,0,Let the person wear sunglasses,ip2p_si18,0.68157,0.565,20.071,0.10489,0.31966,0.09919,0.576471,0.68157,0.56329,0.77457,0.6829,0.72728,True,0.837,artifacts/pexels_portraits/defended_edits/mist/ip2p_mist/woman_01__p0.png,artifacts/pexels_portraits/undefended_edits/ip2p_si18/woman_01__p0.png
mist,ip2p,ip2p_mist,woman_01,1,Let the person wear a police suit,ip2p_si18,0.68766,0.50684,17.086,0.08544,0.34698,0.13987,0.85098,0.68766,0.63294,0.73069,0.61427,0.62924,True,0.837,artifacts/pexels_portraits/defended_edits/mist/ip2p_mist/woman_01__p1.png,artifacts/pexels_portraits/undefended_edits/ip2p_si18/woman_01__p1.png
mist,ip2p,ip2p_mist,woman_01,2,Let the person wear a helmet,ip2p_si18,0.69388,0.53971,20.795,0.08819,0.31677,0.091254,0.643137,0.69388,0.57794,0.78503,0.69931,0.69034,True,0.837,artifacts/pexels_portraits/defended_edits/mist/ip2p_mist/woman_01__p2.png,artifacts/pexels_portraits/undefended_edits/ip2p_si18/woman_01__p2.png
mist,ip2p,ip2p_mist,woman_01,3,Let the person wear a bowtie,ip2p_si18,0.70179,0.55828,20.92,0.09628,0.31683,0.089946,0.796078,0.70179,0.58104,0.79673,0.70274,0.68156,True,0.837,artifacts/pexels_portraits/defended_edits/mist/ip2p_mist/woman_01__p3.png,artifacts/pexels_portraits/undefended_edits/ip2p_si18/woman_01__p3.png
mist,ip2p,ip2p_mist,woman_02,0,Let the person wear sunglasses,ip2p_si18,0.62019,0.55687,21.225,0.09309,0.36313,0.086843,0.909804,0.62019,0.59144,0.65852,0.7255,0.73962,True,0.837,artifacts/pexels_portraits/defended_edits/mist/ip2p_mist/woman_02__p0.png,artifacts/pexels_portraits/undefended_edits/ip2p_si18/woman_02__p0.png
mist,ip2p,ip2p_mist,woman_02,1,Let the person wear a police suit,ip2p_si18,0.63661,0.49158,18.956,0.07041,0.35132,0.112774,1.0,0.63661,0.61643,0.66351,0.64133,0.63522,True,0.837,artifacts/pexels_portraits/defended_edits/mist/ip2p_mist/woman_02__p1.png,artifacts/pexels_portraits/undefended_edits/ip2p_si18/woman_02__p1.png
mist,ip2p,ip2p_mist,woman_02,2,Let the person wear a helmet,ip2p_si18,0.65953,0.44797,16.624,0.05559,0.38192,0.147507,0.945098,0.65953,0.64038,0.68506,0.62506,0.64066,True,0.837,artifacts/pexels_portraits/defended_edits/mist/ip2p_mist/woman_02__p2.png,artifacts/pexels_portraits/undefended_edits/ip2p_si18/woman_02__p2.png
mist,ip2p,ip2p_mist,woman_02,3,Let the person wear a bowtie,ip2p_si18,0.62626,0.52556,20.386,0.077,0.35383,0.095648,0.960784,0.62626,0.60116,0.65973,0.68272,0.73409,True,0.837,artifacts/pexels_portraits/defended_edits/mist/ip2p_mist/woman_02__p3.png,artifacts/pexels_portraits/undefended_edits/ip2p_si18/woman_02__p3.png
mist,ip2p,ip2p_mist,woman_03,0,Let the person wear sunglasses,ip2p_si18,0.70242,0.55554,19.309,0.11351,0.32779,0.108276,0.898039,0.70242,0.62985,0.75668,0.75558,0.72608,True,0.837,artifacts/pexels_portraits/defended_edits/mist/ip2p_mist/woman_03__p0.png,artifacts/pexels_portraits/undefended_edits/ip2p_si18/woman_03__p0.png
mist,ip2p,ip2p_mist,woman_03,1,Let the person wear a police suit,ip2p_si18,0.6138,0.55665,19.231,0.119,0.34269,0.109251,0.917647,0.6138,0.61247,0.6148,0.76168,0.77722,True,0.837,artifacts/pexels_portraits/defended_edits/mist/ip2p_mist/woman_03__p1.png,artifacts/pexels_portraits/undefended_edits/ip2p_si18/woman_03__p1.png
mist,ip2p,ip2p_mist,woman_03,2,Let the person wear a helmet,ip2p_si18,0.71283,0.49159,17.63,0.09496,0.35239,0.131366,0.835294,0.71283,0.65595,0.75536,0.7702,0.71433,True,0.837,artifacts/pexels_portraits/defended_edits/mist/ip2p_mist/woman_03__p2.png,artifacts/pexels_portraits/undefended_edits/ip2p_si18/woman_03__p2.png
mist,ip2p,ip2p_mist,woman_03,3,Let the person wear a bowtie,ip2p_si18,0.70632,0.41361,14.329,0.06552,0.37184,0.19211,0.913725,0.70632,0.6562,0.74379,0.64312,0.5625,True,0.837,artifacts/pexels_portraits/defended_edits/mist/ip2p_mist/woman_03__p3.png,artifacts/pexels_portraits/undefended_edits/ip2p_si18/woman_03__p3.png
mist,ip2p,ip2p_mist,woman_04,0,Let the person wear sunglasses,ip2p_si18,0.64142,0.62169,18.409,0.09201,0.33472,0.120102,0.721569,0.64142,0.5567,0.68925,0.65221,0.68947,True,0.837,artifacts/pexels_portraits/defended_edits/mist/ip2p_mist/woman_04__p0.png,artifacts/pexels_portraits/undefended_edits/ip2p_si18/woman_04__p0.png
mist,ip2p,ip2p_mist,woman_04,1,Let the person wear a police suit,ip2p_si18,0.67296,0.48781,14.965,0.05234,0.33705,0.178538,0.984314,0.67296,0.61953,0.70312,0.6285,0.61366,True,0.837,artifacts/pexels_portraits/defended_edits/mist/ip2p_mist/woman_04__p1.png,artifacts/pexels_portraits/undefended_edits/ip2p_si18/woman_04__p1.png
mist,ip2p,ip2p_mist,woman_04,2,Let the person wear a helmet,ip2p_si18,0.65182,0.5779,19.261,0.07975,0.33557,0.108883,0.768627,0.65182,0.57285,0.6964,0.7236,0.68992,True,0.837,artifacts/pexels_portraits/defended_edits/mist/ip2p_mist/woman_04__p2.png,artifacts/pexels_portraits/undefended_edits/ip2p_si18/woman_04__p2.png
mist,ip2p,ip2p_mist,woman_04,3,Let the person wear a bowtie,ip2p_si18,0.65732,0.59981,19.735,0.08057,0.31151,0.103103,0.847059,0.65732,0.57514,0.70371,0.68359,0.68781,True,0.837,artifacts/pexels_portraits/defended_edits/mist/ip2p_mist/woman_04__p3.png,artifacts/pexels_portraits/undefended_edits/ip2p_si18/woman_04__p3.png
mist,ip2p,ip2p_mist,woman_05,0,Let the person wear sunglasses,ip2p_si18,0.6264,0.61762,19.205,0.11412,0.31445,0.109584,0.811765,0.6264,0.589,0.66249,0.65159,0.71462,True,0.837,artifacts/pexels_portraits/defended_edits/mist/ip2p_mist/woman_05__p0.png,artifacts/pexels_portraits/undefended_edits/ip2p_si18/woman_05__p0.png
mist,ip2p,ip2p_mist,woman_05,1,Let the person wear a police suit,ip2p_si18,0.65254,0.4781,15.21,0.06666,0.3577,0.173584,0.909804,0.65254,0.63538,0.66909,0.66305,0.78529,True,0.837,artifacts/pexels_portraits/defended_edits/mist/ip2p_mist/woman_05__p1.png,artifacts/pexels_portraits/undefended_edits/ip2p_si18/woman_05__p1.png
mist,ip2p,ip2p_mist,woman_05,2,Let the person wear a helmet,ip2p_si18,0.63465,0.59341,19.98,0.10335,0.32246,0.100234,0.670588,0.63465,0.60664,0.66169,0.67873,0.72158,True,0.837,artifacts/pexels_portraits/defended_edits/mist/ip2p_mist/woman_05__p2.png,artifacts/pexels_portraits/undefended_edits/ip2p_si18/woman_05__p2.png
mist,ip2p,ip2p_mist,woman_05,3,Let the person wear a bowtie,ip2p_si18,0.66861,0.54462,17.706,0.05583,0.34164,0.130224,0.839216,0.66861,0.64361,0.69273,0.67409,0.694,True,0.837,artifacts/pexels_portraits/defended_edits/mist/ip2p_mist/woman_05__p3.png,artifacts/pexels_portraits/undefended_edits/ip2p_si18/woman_05__p3.png
mist,ip2p,ip2p_mist,woman_06,0,Let the person wear sunglasses,ip2p_si18,0.62608,0.66441,18.011,0.08456,0.36154,0.125729,0.843137,0.62608,0.61861,0.63116,0.6989,0.76107,True,0.837,artifacts/pexels_portraits/defended_edits/mist/ip2p_mist/woman_06__p0.png,artifacts/pexels_portraits/undefended_edits/ip2p_si18/woman_06__p0.png
mist,ip2p,ip2p_mist,woman_06,1,Let the person wear a police suit,ip2p_si18,0.66602,0.56811,15.582,0.06883,0.40916,0.166294,0.847059,0.66602,0.65807,0.67143,0.54237,0.62164,True,0.837,artifacts/pexels_portraits/defended_edits/mist/ip2p_mist/woman_06__p1.png,artifacts/pexels_portraits/undefended_edits/ip2p_si18/woman_06__p1.png
mist,ip2p,ip2p_mist,woman_06,2,Let the person wear a helmet,ip2p_si18,0.64921,0.65032,18.018,0.07535,0.3953,0.125636,0.811765,0.64921,0.65417,0.64584,0.59486,0.5879,True,0.837,artifacts/pexels_portraits/defended_edits/mist/ip2p_mist/woman_06__p2.png,artifacts/pexels_portraits/undefended_edits/ip2p_si18/woman_06__p2.png
mist,ip2p,ip2p_mist,woman_06,3,Let the person wear a bowtie,ip2p_si18,0.62822,0.65623,18.949,0.08265,0.34599,0.11286,0.764706,0.62822,0.6222,0.63232,0.69121,0.69258,True,0.837,artifacts/pexels_portraits/defended_edits/mist/ip2p_mist/woman_06__p3.png,artifacts/pexels_portraits/undefended_edits/ip2p_si18/woman_06__p3.png
mist,ip2p,ip2p_mist,woman_07,0,Let the person wear sunglasses,ip2p_si18,0.62295,0.62252,19.528,0.15632,0.30354,0.105585,0.607843,0.62295,0.58582,0.64118,0.70669,0.73036,True,0.837,artifacts/pexels_portraits/defended_edits/mist/ip2p_mist/woman_07__p0.png,artifacts/pexels_portraits/undefended_edits/ip2p_si18/woman_07__p0.png
mist,ip2p,ip2p_mist,woman_07,1,Let the person wear a police suit,ip2p_si18,0.62068,0.61371,18.678,0.15604,0.3039,0.116438,0.698039,0.62068,0.58264,0.63936,0.73471,0.74346,True,0.837,artifacts/pexels_portraits/defended_edits/mist/ip2p_mist/woman_07__p1.png,artifacts/pexels_portraits/undefended_edits/ip2p_si18/woman_07__p1.png
mist,ip2p,ip2p_mist,woman_07,2,Let the person wear a helmet,ip2p_si18,0.63457,0.61194,19.828,0.14215,0.29128,0.102,0.690196,0.63457,0.59993,0.65158,0.73453,0.73472,True,0.837,artifacts/pexels_portraits/defended_edits/mist/ip2p_mist/woman_07__p2.png,artifacts/pexels_portraits/undefended_edits/ip2p_si18/woman_07__p2.png
mist,ip2p,ip2p_mist,woman_07,3,Let the person wear a bowtie,ip2p_si18,0.62604,0.62139,19.393,0.15703,0.28774,0.107237,0.717647,0.62604,0.58551,0.64594,0.73299,0.73172,True,0.837,artifacts/pexels_portraits/defended_edits/mist/ip2p_mist/woman_07__p3.png,artifacts/pexels_portraits/undefended_edits/ip2p_si18/woman_07__p3.png
mist,ip2p,ip2p_mist,woman_08,0,Let the person wear sunglasses,ip2p_si18,0.62753,0.48281,19.995,0.07796,0.35643,0.100057,0.796078,0.62753,0.61454,0.64359,0.76334,0.68011,True,0.837,artifacts/pexels_portraits/defended_edits/mist/ip2p_mist/woman_08__p0.png,artifacts/pexels_portraits/undefended_edits/ip2p_si18/woman_08__p0.png
mist,ip2p,ip2p_mist,woman_08,1,Let the person wear a police suit,ip2p_si18,0.62752,0.4856,19.885,0.08494,0.35668,0.101328,0.8,0.62752,0.62626,0.62909,0.67537,0.68413,True,0.837,artifacts/pexels_portraits/defended_edits/mist/ip2p_mist/woman_08__p1.png,artifacts/pexels_portraits/undefended_edits/ip2p_si18/woman_08__p1.png
mist,ip2p,ip2p_mist,woman_08,2,Let the person wear a helmet,ip2p_si18,0.62467,0.48253,18.647,0.08306,0.353,0.116852,0.67451,0.62467,0.61087,0.64174,0.66565,0.62072,True,0.837,artifacts/pexels_portraits/defended_edits/mist/ip2p_mist/woman_08__p2.png,artifacts/pexels_portraits/undefended_edits/ip2p_si18/woman_08__p2.png
mist,ip2p,ip2p_mist,woman_08,3,Let the person wear a bowtie,ip2p_si18,0.62662,0.49534,20.494,0.08595,0.34413,0.094473,0.796078,0.62662,0.61964,0.63525,0.67389,0.67551,True,0.837,artifacts/pexels_portraits/defended_edits/mist/ip2p_mist/woman_08__p3.png,artifacts/pexels_portraits/undefended_edits/ip2p_si18/woman_08__p3.png
mist,ip2p,ip2p_mist,woman_09,0,Let the person wear sunglasses,ip2p_si18,0.61757,0.54248,20.93,0.10612,0.35159,0.089848,0.756863,0.61757,0.5898,0.67717,0.72852,0.77193,True,0.837,artifacts/pexels_portraits/defended_edits/mist/ip2p_mist/woman_09__p0.png,artifacts/pexels_portraits/undefended_edits/ip2p_si18/woman_09__p0.png
mist,ip2p,ip2p_mist,woman_09,1,Let the person wear a police suit,ip2p_si18,0.63095,0.50266,20.218,0.09164,0.35433,0.097527,0.796078,0.63095,0.60634,0.68376,0.7085,0.72462,True,0.837,artifacts/pexels_portraits/defended_edits/mist/ip2p_mist/woman_09__p1.png,artifacts/pexels_portraits/undefended_edits/ip2p_si18/woman_09__p1.png
mist,ip2p,ip2p_mist,woman_09,2,Let the person wear a helmet,ip2p_si18,0.63771,0.52909,20.902,0.09695,0.35297,0.090138,0.552941,0.63771,0.61372,0.68919,0.74069,0.74007,True,0.837,artifacts/pexels_portraits/defended_edits/mist/ip2p_mist/woman_09__p2.png,artifacts/pexels_portraits/undefended_edits/ip2p_si18/woman_09__p2.png
mist,ip2p,ip2p_mist,woman_09,3,Let the person wear a bowtie,ip2p_si18,0.63282,0.53355,21.487,0.10041,0.35184,0.084262,0.592157,0.63282,0.6081,0.68585,0.74162,0.73776,True,0.837,artifacts/pexels_portraits/defended_edits/mist/ip2p_mist/woman_09__p3.png,artifacts/pexels_portraits/undefended_edits/ip2p_si18/woman_09__p3.png
mist,ip2p,ip2p_mist,woman_10,0,Let the person wear sunglasses,ip2p_si18,0.63027,0.60457,16.955,0.09267,0.33118,0.141986,0.85098,0.63027,0.65866,0.59255,0.71647,0.74113,True,0.837,artifacts/pexels_portraits/defended_edits/mist/ip2p_mist/woman_10__p0.png,artifacts/pexels_portraits/undefended_edits/ip2p_si18/woman_10__p0.png
mist,ip2p,ip2p_mist,woman_10,1,Let the person wear a police suit,ip2p_si18,0.64569,0.55032,13.681,0.08193,0.36844,0.207,0.737255,0.64569,0.68286,0.59629,0.72134,0.65837,True,0.837,artifacts/pexels_portraits/defended_edits/mist/ip2p_mist/woman_10__p1.png,artifacts/pexels_portraits/undefended_edits/ip2p_si18/woman_10__p1.png
mist,ip2p,ip2p_mist,woman_10,2,Let the person wear a helmet,ip2p_si18,0.66594,0.59837,15.458,0.08247,0.36417,0.168696,0.72549,0.66594,0.69678,0.62495,0.61235,0.6491,True,0.837,artifacts/pexels_portraits/defended_edits/mist/ip2p_mist/woman_10__p2.png,artifacts/pexels_portraits/undefended_edits/ip2p_si18/woman_10__p2.png
mist,ip2p,ip2p_mist,woman_10,3,Let the person wear a bowtie,ip2p_si18,0.65697,0.61409,15.509,0.08448,0.32445,0.167709,0.843137,0.65697,0.67585,0.63188,0.70669,0.59703,True,0.837,artifacts/pexels_portraits/defended_edits/mist/ip2p_mist/woman_10__p3.png,artifacts/pexels_portraits/undefended_edits/ip2p_si18/woman_10__p3.png
mist,ip2p,ip2p_mist,woman_11,0,Let the person wear sunglasses,ip2p_si18,0.6392,0.52443,20.866,0.10392,0.30495,0.090509,0.847059,0.6392,0.58027,0.67276,0.78079,0.77263,True,0.837,artifacts/pexels_portraits/defended_edits/mist/ip2p_mist/woman_11__p0.png,artifacts/pexels_portraits/undefended_edits/ip2p_si18/woman_11__p0.png
mist,ip2p,ip2p_mist,woman_11,1,Let the person wear a police suit,ip2p_si18,0.6425,0.48455,17.342,0.10137,0.31312,0.135798,0.94902,0.6425,0.59867,0.66747,0.63389,0.62042,True,0.837,artifacts/pexels_portraits/defended_edits/mist/ip2p_mist/woman_11__p1.png,artifacts/pexels_portraits/undefended_edits/ip2p_si18/woman_11__p1.png
mist,ip2p,ip2p_mist,woman_11,2,Let the person wear a helmet,ip2p_si18,0.6419,0.51262,19.596,0.09905,0.31176,0.104757,0.815686,0.6419,0.59516,0.66852,0.74694,0.75724,True,0.837,artifacts/pexels_portraits/defended_edits/mist/ip2p_mist/woman_11__p2.png,artifacts/pexels_portraits/undefended_edits/ip2p_si18/woman_11__p2.png
mist,ip2p,ip2p_mist,woman_11,3,Let the person wear a bowtie,ip2p_si18,0.64695,0.51685,19.652,0.11197,0.32243,0.104085,0.827451,0.64695,0.59743,0.67515,0.74799,0.75083,True,0.837,artifacts/pexels_portraits/defended_edits/mist/ip2p_mist/woman_11__p3.png,artifacts/pexels_portraits/undefended_edits/ip2p_si18/woman_11__p3.png
mist,ip2p,ip2p_mist,woman_12,0,Let the person wear sunglasses,ip2p_si18,0.60022,0.51805,21.31,0.0991,0.33331,0.085996,0.843137,0.60022,0.56526,0.63031,0.69375,0.71389,True,0.837,artifacts/pexels_portraits/defended_edits/mist/ip2p_mist/woman_12__p0.png,artifacts/pexels_portraits/undefended_edits/ip2p_si18/woman_12__p0.png
mist,ip2p,ip2p_mist,woman_12,1,Let the person wear a police suit,ip2p_si18,0.63971,0.37926,14.044,0.06021,0.37039,0.198527,0.94902,0.63971,0.63946,0.63993,0.60149,0.58831,True,0.837,artifacts/pexels_portraits/defended_edits/mist/ip2p_mist/woman_12__p1.png,artifacts/pexels_portraits/undefended_edits/ip2p_si18/woman_12__p1.png
mist,ip2p,ip2p_mist,woman_12,2,Let the person wear a helmet,ip2p_si18,0.63149,0.48913,18.912,0.08746,0.34966,0.113349,0.921569,0.63149,0.61884,0.64238,0.64557,0.61913,True,0.837,artifacts/pexels_portraits/defended_edits/mist/ip2p_mist/woman_12__p2.png,artifacts/pexels_portraits/undefended_edits/ip2p_si18/woman_12__p2.png
mist,ip2p,ip2p_mist,woman_12,3,Let the person wear a bowtie,ip2p_si18,0.59804,0.47961,19.201,0.09577,0.33051,0.109629,0.847059,0.59804,0.56739,0.62442,0.73531,0.62767,True,0.837,artifacts/pexels_portraits/defended_edits/mist/ip2p_mist/woman_12__p3.png,artifacts/pexels_portraits/undefended_edits/ip2p_si18/woman_12__p3.png
mist,ip2p,ip2p_mist,woman_13,0,Let the person wear sunglasses,ip2p_si18,0.61591,0.56738,20.848,0.07989,0.30795,0.090701,0.65098,0.61591,0.51889,0.67376,0.75465,0.73793,True,0.837,artifacts/pexels_portraits/defended_edits/mist/ip2p_mist/woman_13__p0.png,artifacts/pexels_portraits/undefended_edits/ip2p_si18/woman_13__p0.png
mist,ip2p,ip2p_mist,woman_13,1,Let the person wear a police suit,ip2p_si18,0.67018,0.46806,14.316,0.04892,0.36592,0.192388,0.984314,0.67018,0.67542,0.66706,0.55063,0.54591,True,0.837,artifacts/pexels_portraits/defended_edits/mist/ip2p_mist/woman_13__p1.png,artifacts/pexels_portraits/undefended_edits/ip2p_si18/woman_13__p1.png
mist,ip2p,ip2p_mist,woman_13,2,Let the person wear a helmet,ip2p_si18,0.61835,0.55604,19.51,0.07199,0.31681,0.105804,0.87451,0.61835,0.52854,0.6719,0.69238,0.65785,True,0.837,artifacts/pexels_portraits/defended_edits/mist/ip2p_mist/woman_13__p2.png,artifacts/pexels_portraits/undefended_edits/ip2p_si18/woman_13__p2.png
mist,ip2p,ip2p_mist,woman_13,3,Let the person wear a bowtie,ip2p_si18,0.62878,0.53806,19.243,0.06844,0.32515,0.109109,0.854902,0.62878,0.54917,0.67625,0.69625,0.67881,True,0.837,artifacts/pexels_portraits/defended_edits/mist/ip2p_mist/woman_13__p3.png,artifacts/pexels_portraits/undefended_edits/ip2p_si18/woman_13__p3.png
mist,ip2p,ip2p_mist,woman_14,0,Let the person wear sunglasses,ip2p_si18,0.60176,0.43519,19.051,0.08842,0.28272,0.111548,0.780392,0.60176,0.55102,0.63496,0.69453,0.74905,True,0.837,artifacts/pexels_portraits/defended_edits/mist/ip2p_mist/woman_14__p0.png,artifacts/pexels_portraits/undefended_edits/ip2p_si18/woman_14__p0.png
mist,ip2p,ip2p_mist,woman_14,1,Let the person wear a police suit,ip2p_si18,0.62377,0.3498,17.208,0.06174,0.31961,0.137909,0.964706,0.62377,0.60978,0.63292,0.66076,0.63089,True,0.837,artifacts/pexels_portraits/defended_edits/mist/ip2p_mist/woman_14__p1.png,artifacts/pexels_portraits/undefended_edits/ip2p_si18/woman_14__p1.png
mist,ip2p,ip2p_mist,woman_14,2,Let the person wear a helmet,ip2p_si18,0.60673,0.43339,18.809,0.08574,0.30319,0.11469,0.890196,0.60673,0.56033,0.6371,0.68096,0.73394,True,0.837,artifacts/pexels_portraits/defended_edits/mist/ip2p_mist/woman_14__p2.png,artifacts/pexels_portraits/undefended_edits/ip2p_si18/woman_14__p2.png
mist,ip2p,ip2p_mist,woman_14,3,Let the person wear a bowtie,ip2p_si18,0.60827,0.43393,19.247,0.08729,0.2997,0.109058,0.807843,0.60827,0.55812,0.64108,0.72441,0.7186,True,0.837,artifacts/pexels_portraits/defended_edits/mist/ip2p_mist/woman_14__p3.png,artifacts/pexels_portraits/undefended_edits/ip2p_si18/woman_14__p3.png
mist,ip2p,ip2p_mist,woman_15,0,Let the person wear sunglasses,ip2p_si18,0.6994,0.46878,21.232,0.06121,0.38533,0.086773,0.701961,0.6994,0.59738,0.76607,0.66922,0.7396,True,0.837,artifacts/pexels_portraits/defended_edits/mist/ip2p_mist/woman_15__p0.png,artifacts/pexels_portraits/undefended_edits/ip2p_si18/woman_15__p0.png
mist,ip2p,ip2p_mist,woman_15,1,Let the person wear a police suit,ip2p_si18,0.68491,0.31247,15.12,0.03673,0.44441,0.175397,0.913725,0.68491,0.68388,0.68559,0.571,0.52611,True,0.837,artifacts/pexels_portraits/defended_edits/mist/ip2p_mist/woman_15__p1.png,artifacts/pexels_portraits/undefended_edits/ip2p_si18/woman_15__p1.png
mist,ip2p,ip2p_mist,woman_15,2,Let the person wear a helmet,ip2p_si18,0.68289,0.37886,17.369,0.04371,0.41362,0.135381,0.670588,0.68289,0.64704,0.70632,0.66412,0.56882,True,0.837,artifacts/pexels_portraits/defended_edits/mist/ip2p_mist/woman_15__p2.png,artifacts/pexels_portraits/undefended_edits/ip2p_si18/woman_15__p2.png
mist,ip2p,ip2p_mist,woman_15,3,Let the person wear a bowtie,ip2p_si18,0.69751,0.48878,19.226,0.07061,0.37986,0.109315,0.764706,0.69751,0.61171,0.75357,0.72848,0.69856,True,0.837,artifacts/pexels_portraits/defended_edits/mist/ip2p_mist/woman_15__p3.png,artifacts/pexels_portraits/undefended_edits/ip2p_si18/woman_15__p3.png
mist,ip2p,ip2p_mist,woman_16,0,Let the person wear sunglasses,ip2p_si18,0.6547,0.62133,19.203,0.10842,0.33847,0.109606,0.815686,0.6547,0.59841,0.69628,0.71519,0.74431,True,0.837,artifacts/pexels_portraits/defended_edits/mist/ip2p_mist/woman_16__p0.png,artifacts/pexels_portraits/undefended_edits/ip2p_si18/woman_16__p0.png
mist,ip2p,ip2p_mist,woman_16,1,Let the person wear a police suit,ip2p_si18,0.66277,0.55299,17.389,0.08612,0.35373,0.135072,0.901961,0.66277,0.63451,0.68365,0.62707,0.62154,True,0.837,artifacts/pexels_portraits/defended_edits/mist/ip2p_mist/woman_16__p1.png,artifacts/pexels_portraits/undefended_edits/ip2p_si18/woman_16__p1.png
mist,ip2p,ip2p_mist,woman_16,2,Let the person wear a helmet,ip2p_si18,0.66075,0.54538,17.641,0.07329,0.33903,0.131209,0.847059,0.66075,0.63768,0.6778,0.6401,0.58977,True,0.837,artifacts/pexels_portraits/defended_edits/mist/ip2p_mist/woman_16__p2.png,artifacts/pexels_portraits/undefended_edits/ip2p_si18/woman_16__p2.png
mist,ip2p,ip2p_mist,woman_16,3,Let the person wear a bowtie,ip2p_si18,0.66136,0.6101,20.07,0.10279,0.3327,0.099192,0.662745,0.66136,0.61086,0.69867,0.77152,0.71921,True,0.837,artifacts/pexels_portraits/defended_edits/mist/ip2p_mist/woman_16__p3.png,artifacts/pexels_portraits/undefended_edits/ip2p_si18/woman_16__p3.png
mist,ip2p,ip2p_mist,woman_17,0,Let the person wear sunglasses,ip2p_si18,0.61655,0.6076,21.087,0.12404,0.33944,0.088235,0.619608,0.61655,0.60192,0.64921,0.74161,0.71507,True,0.837,artifacts/pexels_portraits/defended_edits/mist/ip2p_mist/woman_17__p0.png,artifacts/pexels_portraits/undefended_edits/ip2p_si18/woman_17__p0.png
mist,ip2p,ip2p_mist,woman_17,1,Let the person wear a police suit,ip2p_si18,0.63723,0.50314,14.074,0.10579,0.36928,0.197836,0.85098,0.63723,0.63186,0.64922,0.66183,0.65169,True,0.837,artifacts/pexels_portraits/defended_edits/mist/ip2p_mist/woman_17__p1.png,artifacts/pexels_portraits/undefended_edits/ip2p_si18/woman_17__p1.png
mist,ip2p,ip2p_mist,woman_17,2,Let the person wear a helmet,ip2p_si18,0.62276,0.59799,21.042,0.1182,0.34409,0.088693,0.721569,0.62276,0.6088,0.65393,0.7491,0.72088,True,0.837,artifacts/pexels_portraits/defended_edits/mist/ip2p_mist/woman_17__p2.png,artifacts/pexels_portraits/undefended_edits/ip2p_si18/woman_17__p2.png
mist,ip2p,ip2p_mist,woman_17,3,Let the person wear a bowtie,ip2p_si18,0.6213,0.58062,18.941,0.11632,0.35158,0.112962,0.74902,0.6213,0.60761,0.65188,0.65904,0.67495,True,0.837,artifacts/pexels_portraits/defended_edits/mist/ip2p_mist/woman_17__p3.png,artifacts/pexels_portraits/undefended_edits/ip2p_si18/woman_17__p3.png
mist,ip2p,ip2p_mist,woman_18,0,Let the person wear sunglasses,ip2p_si18,0.61075,0.57183,18.441,0.15306,0.30584,0.119663,0.745098,0.61075,0.60801,0.61651,0.6721,0.6693,True,0.837,artifacts/pexels_portraits/defended_edits/mist/ip2p_mist/woman_18__p0.png,artifacts/pexels_portraits/undefended_edits/ip2p_si18/woman_18__p0.png
mist,ip2p,ip2p_mist,woman_18,1,Let the person wear a police suit,ip2p_si18,0.60948,0.59203,19.823,0.14528,0.29464,0.102058,0.803922,0.60948,0.61071,0.60688,0.6785,0.66963,True,0.837,artifacts/pexels_portraits/defended_edits/mist/ip2p_mist/woman_18__p1.png,artifacts/pexels_portraits/undefended_edits/ip2p_si18/woman_18__p1.png
mist,ip2p,ip2p_mist,woman_18,2,Let the person wear a helmet,ip2p_si18,0.6199,0.60705,20.795,0.14812,0.28857,0.091252,0.74902,0.6199,0.62173,0.61604,0.6729,0.66164,True,0.837,artifacts/pexels_portraits/defended_edits/mist/ip2p_mist/woman_18__p2.png,artifacts/pexels_portraits/undefended_edits/ip2p_si18/woman_18__p2.png
mist,ip2p,ip2p_mist,woman_18,3,Let the person wear a bowtie,ip2p_si18,0.59643,0.60166,19.498,0.16576,0.30346,0.105948,0.827451,0.59643,0.59513,0.59917,0.65738,0.66779,True,0.837,artifacts/pexels_portraits/defended_edits/mist/ip2p_mist/woman_18__p3.png,artifacts/pexels_portraits/undefended_edits/ip2p_si18/woman_18__p3.png
mist,ip2p,ip2p_mist,woman_19,0,Let the person wear sunglasses,ip2p_si18,0.64136,0.60634,20.225,0.13555,0.32087,0.097444,0.678431,0.64136,0.59007,0.716,0.67211,0.76082,True,0.837,artifacts/pexels_portraits/defended_edits/mist/ip2p_mist/woman_19__p0.png,artifacts/pexels_portraits/undefended_edits/ip2p_si18/woman_19__p0.png
mist,ip2p,ip2p_mist,woman_19,1,Let the person wear a police suit,ip2p_si18,0.65661,0.53199,16.198,0.11277,0.35383,0.154918,0.827451,0.65661,0.61437,0.71807,0.57737,0.62819,True,0.837,artifacts/pexels_portraits/defended_edits/mist/ip2p_mist/woman_19__p1.png,artifacts/pexels_portraits/undefended_edits/ip2p_si18/woman_19__p1.png
mist,ip2p,ip2p_mist,woman_19,2,Let the person wear a helmet,ip2p_si18,0.65223,0.58124,21.518,0.1169,0.32641,0.083968,0.745098,0.65223,0.60492,0.72107,0.67019,0.68781,True,0.837,artifacts/pexels_portraits/defended_edits/mist/ip2p_mist/woman_19__p2.png,artifacts/pexels_portraits/undefended_edits/ip2p_si18/woman_19__p2.png
mist,ip2p,ip2p_mist,woman_19,3,Let the person wear a bowtie,ip2p_si18,0.64328,0.60515,20.994,0.12902,0.33098,0.08919,0.796078,0.64328,0.59674,0.71101,0.67811,0.69583,True,0.837,artifacts/pexels_portraits/defended_edits/mist/ip2p_mist/woman_19__p3.png,artifacts/pexels_portraits/undefended_edits/ip2p_si18/woman_19__p3.png
mist,ip2p,ip2p_mist,woman_20,0,Let the person wear sunglasses,ip2p_si18,0.65339,0.61843,21.078,0.12894,0.32829,0.088328,0.627451,0.65339,0.60099,0.70044,0.623,0.7557,True,0.837,artifacts/pexels_portraits/defended_edits/mist/ip2p_mist/woman_20__p0.png,artifacts/pexels_portraits/undefended_edits/ip2p_si18/woman_20__p0.png
mist,ip2p,ip2p_mist,woman_20,1,Let the person wear a police suit,ip2p_si18,0.66487,0.47299,14.481,0.08187,0.3534,0.188781,0.894118,0.66487,0.64147,0.68588,0.64017,0.6876,True,0.837,artifacts/pexels_portraits/defended_edits/mist/ip2p_mist/woman_20__p1.png,artifacts/pexels_portraits/undefended_edits/ip2p_si18/woman_20__p1.png
mist,ip2p,ip2p_mist,woman_20,2,Let the person wear a helmet,ip2p_si18,0.69484,0.52739,17.563,0.09532,0.3572,0.132384,0.929412,0.69484,0.66473,0.72188,0.59393,0.55487,True,0.837,artifacts/pexels_portraits/defended_edits/mist/ip2p_mist/woman_20__p2.png,artifacts/pexels_portraits/undefended_edits/ip2p_si18/woman_20__p2.png
mist,ip2p,ip2p_mist,woman_20,3,Let the person wear a bowtie,ip2p_si18,0.65858,0.60593,21.57,0.11951,0.32738,0.083466,0.772549,0.65858,0.60378,0.70778,0.6498,0.75083,True,0.837,artifacts/pexels_portraits/defended_edits/mist/ip2p_mist/woman_20__p3.png,artifacts/pexels_portraits/undefended_edits/ip2p_si18/woman_20__p3.png
mist,ip2p,ip2p_mist,woman_21,0,Let the person wear sunglasses,ip2p_si18,0.65743,0.56649,20.058,0.08696,0.33112,0.099334,0.819608,0.65743,0.63212,0.69148,0.69919,0.75528,True,0.837,artifacts/pexels_portraits/defended_edits/mist/ip2p_mist/woman_21__p0.png,artifacts/pexels_portraits/undefended_edits/ip2p_si18/woman_21__p0.png
mist,ip2p,ip2p_mist,woman_21,1,Let the person wear a police suit,ip2p_si18,0.65016,0.50318,17.328,0.07832,0.35656,0.136025,0.870588,0.65016,0.62514,0.68382,0.54542,0.63563,True,0.837,artifacts/pexels_portraits/defended_edits/mist/ip2p_mist/woman_21__p1.png,artifacts/pexels_portraits/undefended_edits/ip2p_si18/woman_21__p1.png
mist,ip2p,ip2p_mist,woman_21,2,Let the person wear a helmet,ip2p_si18,0.65272,0.57777,20.59,0.09084,0.32754,0.093429,0.733333,0.65272,0.62479,0.69029,0.71374,0.746,True,0.837,artifacts/pexels_portraits/defended_edits/mist/ip2p_mist/woman_21__p2.png,artifacts/pexels_portraits/undefended_edits/ip2p_si18/woman_21__p2.png
mist,ip2p,ip2p_mist,woman_21,3,Let the person wear a bowtie,ip2p_si18,0.66855,0.51422,15.491,0.06902,0.3519,0.168047,0.898039,0.66855,0.64843,0.69562,0.69159,0.66696,True,0.837,artifacts/pexels_portraits/defended_edits/mist/ip2p_mist/woman_21__p3.png,artifacts/pexels_portraits/undefended_edits/ip2p_si18/woman_21__p3.png
mist,ip2p,ip2p_mist,woman_22,0,Let the person wear sunglasses,ip2p_si18,0.62521,0.62278,18.891,0.15092,0.32565,0.113624,0.831373,0.62521,0.58318,0.67786,0.71629,0.75939,True,0.837,artifacts/pexels_portraits/defended_edits/mist/ip2p_mist/woman_22__p0.png,artifacts/pexels_portraits/undefended_edits/ip2p_si18/woman_22__p0.png
mist,ip2p,ip2p_mist,woman_22,1,Let the person wear a police suit,ip2p_si18,0.65256,0.52633,14.836,0.1222,0.34332,0.181214,0.862745,0.65256,0.62726,0.68424,0.62326,0.62829,True,0.837,artifacts/pexels_portraits/defended_edits/mist/ip2p_mist/woman_22__p1.png,artifacts/pexels_portraits/undefended_edits/ip2p_si18/woman_22__p1.png
mist,ip2p,ip2p_mist,woman_22,2,Let the person wear a helmet,ip2p_si18,0.63547,0.61442,19.756,0.13599,0.32253,0.102851,0.752941,0.63547,0.60444,0.67434,0.66391,0.62119,True,0.837,artifacts/pexels_portraits/defended_edits/mist/ip2p_mist/woman_22__p2.png,artifacts/pexels_portraits/undefended_edits/ip2p_si18/woman_22__p2.png
mist,ip2p,ip2p_mist,woman_22,3,Let the person wear a bowtie,ip2p_si18,0.62458,0.61469,19.101,0.1413,0.31815,0.110909,0.772549,0.62458,0.5866,0.67215,0.69207,0.6731,True,0.837,artifacts/pexels_portraits/defended_edits/mist/ip2p_mist/woman_22__p3.png,artifacts/pexels_portraits/undefended_edits/ip2p_si18/woman_22__p3.png
mist,ip2p,ip2p_mist,woman_23,0,Let the person wear sunglasses,ip2p_si18,0.65749,0.60857,18.326,0.13129,0.32416,0.121258,0.858824,0.65749,0.61706,0.71473,0.74977,0.70902,True,0.837,artifacts/pexels_portraits/defended_edits/mist/ip2p_mist/woman_23__p0.png,artifacts/pexels_portraits/undefended_edits/ip2p_si18/woman_23__p0.png
mist,ip2p,ip2p_mist,woman_23,1,Let the person wear a police suit,ip2p_si18,0.63763,0.57344,16.414,0.12297,0.33091,0.151107,0.831373,0.63763,0.6242,0.65664,0.6654,0.66633,True,0.837,artifacts/pexels_portraits/defended_edits/mist/ip2p_mist/woman_23__p1.png,artifacts/pexels_portraits/undefended_edits/ip2p_si18/woman_23__p1.png
mist,ip2p,ip2p_mist,woman_23,2,Let the person wear a helmet,ip2p_si18,0.66419,0.61595,18.824,0.12818,0.31923,0.114496,0.607843,0.66419,0.62281,0.72277,0.67473,0.62747,True,0.837,artifacts/pexels_portraits/defended_edits/mist/ip2p_mist/woman_23__p2.png,artifacts/pexels_portraits/undefended_edits/ip2p_si18/woman_23__p2.png
mist,ip2p,ip2p_mist,woman_23,3,Let the person wear a bowtie,ip2p_si18,0.65631,0.60639,17.329,0.13045,0.33241,0.135998,0.921569,0.65631,0.597,0.74029,0.65977,0.64292,True,0.837,artifacts/pexels_portraits/defended_edits/mist/ip2p_mist/woman_23__p3.png,artifacts/pexels_portraits/undefended_edits/ip2p_si18/woman_23__p3.png
mist,ip2p,ip2p_mist,woman_24,0,Let the person wear sunglasses,ip2p_si18,0.59803,0.60202,20.962,0.17196,0.32489,0.089516,0.709804,0.59803,0.58106,0.6182,0.69134,0.66801,True,0.837,artifacts/pexels_portraits/defended_edits/mist/ip2p_mist/woman_24__p0.png,artifacts/pexels_portraits/undefended_edits/ip2p_si18/woman_24__p0.png
mist,ip2p,ip2p_mist,woman_24,1,Let the person wear a police suit,ip2p_si18,0.61603,0.52674,14.13,0.14966,0.32902,0.196572,0.803922,0.61603,0.60818,0.62536,0.63246,0.61061,True,0.837,artifacts/pexels_portraits/defended_edits/mist/ip2p_mist/woman_24__p1.png,artifacts/pexels_portraits/undefended_edits/ip2p_si18/woman_24__p1.png
mist,ip2p,ip2p_mist,woman_24,2,Let the person wear a helmet,ip2p_si18,0.61717,0.60068,21.551,0.15253,0.32226,0.08365,0.737255,0.61717,0.59997,0.63761,0.66217,0.61494,True,0.837,artifacts/pexels_portraits/defended_edits/mist/ip2p_mist/woman_24__p2.png,artifacts/pexels_portraits/undefended_edits/ip2p_si18/woman_24__p2.png
mist,ip2p,ip2p_mist,woman_24,3,Let the person wear a bowtie,ip2p_si18,0.60947,0.59884,21.252,0.1633,0.32576,0.086577,0.772549,0.60947,0.59426,0.62754,0.64926,0.64537,True,0.837,artifacts/pexels_portraits/defended_edits/mist/ip2p_mist/woman_24__p3.png,artifacts/pexels_portraits/undefended_edits/ip2p_si18/woman_24__p3.png
mist,ip2p,ip2p_mist,woman_25,0,Let the person wear sunglasses,ip2p_si18,0.70096,0.58821,21.219,0.06647,0.35618,0.086906,0.92549,0.70096,0.6032,0.76437,0.75669,0.71095,True,0.837,artifacts/pexels_portraits/defended_edits/mist/ip2p_mist/woman_25__p0.png,artifacts/pexels_portraits/undefended_edits/ip2p_si18/woman_25__p0.png
mist,ip2p,ip2p_mist,woman_25,1,Let the person wear a police suit,ip2p_si18,0.68114,0.49711,19.611,0.05212,0.37638,0.104576,0.803922,0.68114,0.61443,0.7244,0.71417,0.63083,True,0.837,artifacts/pexels_portraits/defended_edits/mist/ip2p_mist/woman_25__p1.png,artifacts/pexels_portraits/undefended_edits/ip2p_si18/woman_25__p1.png
mist,ip2p,ip2p_mist,woman_25,2,Let the person wear a helmet,ip2p_si18,0.72495,0.51454,20.467,0.05505,0.38914,0.09477,0.854902,0.72495,0.64161,0.77901,0.72837,0.58559,True,0.837,artifacts/pexels_portraits/defended_edits/mist/ip2p_mist/woman_25__p2.png,artifacts/pexels_portraits/undefended_edits/ip2p_si18/woman_25__p2.png
mist,ip2p,ip2p_mist,woman_25,3,Let the person wear a bowtie,ip2p_si18,0.69924,0.77356,17.124,0.12226,0.27314,0.139249,0.905882,0.69924,0.58423,0.77382,0.82091,0.72818,True,0.837,artifacts/pexels_portraits/defended_edits/mist/ip2p_mist/woman_25__p3.png,artifacts/pexels_portraits/undefended_edits/ip2p_si18/woman_25__p3.png
mist,ip2p,ip2p_mist,woman_26,0,Let the person wear sunglasses,ip2p_si18,0.6242,0.50281,20.564,0.09158,0.34688,0.093709,0.658824,0.6242,0.63023,0.62034,0.61132,0.66955,True,0.837,artifacts/pexels_portraits/defended_edits/mist/ip2p_mist/woman_26__p0.png,artifacts/pexels_portraits/undefended_edits/ip2p_si18/woman_26__p0.png
mist,ip2p,ip2p_mist,woman_26,1,Let the person wear a police suit,ip2p_si18,0.6241,0.48817,20.324,0.0889,0.35022,0.096343,0.788235,0.6241,0.64352,0.61168,0.66697,0.66748,True,0.837,artifacts/pexels_portraits/defended_edits/mist/ip2p_mist/woman_26__p1.png,artifacts/pexels_portraits/undefended_edits/ip2p_si18/woman_26__p1.png
mist,ip2p,ip2p_mist,woman_26,2,Let the person wear a helmet,ip2p_si18,0.63147,0.49625,20.297,0.09383,0.34645,0.09664,0.572549,0.63147,0.6503,0.61943,0.66068,0.66908,True,0.837,artifacts/pexels_portraits/defended_edits/mist/ip2p_mist/woman_26__p2.png,artifacts/pexels_portraits/undefended_edits/ip2p_si18/woman_26__p2.png
mist,ip2p,ip2p_mist,woman_26,3,Let the person wear a bowtie,ip2p_si18,0.62745,0.50296,20.823,0.09454,0.34562,0.090959,0.560784,0.62745,0.63892,0.62012,0.64876,0.66785,True,0.837,artifacts/pexels_portraits/defended_edits/mist/ip2p_mist/woman_26__p3.png,artifacts/pexels_portraits/undefended_edits/ip2p_si18/woman_26__p3.png
mist,ip2p,ip2p_mist,woman_27,0,Let the person wear sunglasses,ip2p_si18,0.62552,0.45546,21.476,0.09336,0.34319,0.084372,0.788235,0.62552,0.62091,0.63009,0.72899,0.72693,True,0.837,artifacts/pexels_portraits/defended_edits/mist/ip2p_mist/woman_27__p0.png,artifacts/pexels_portraits/undefended_edits/ip2p_si18/woman_27__p0.png
mist,ip2p,ip2p_mist,woman_27,1,Let the person wear a police suit,ip2p_si18,0.62193,0.45298,20.102,0.08887,0.3365,0.098836,0.956863,0.62193,0.61693,0.62688,0.72771,0.68225,True,0.837,artifacts/pexels_portraits/defended_edits/mist/ip2p_mist/woman_27__p1.png,artifacts/pexels_portraits/undefended_edits/ip2p_si18/woman_27__p1.png
mist,ip2p,ip2p_mist,woman_27,2,Let the person wear a helmet,ip2p_si18,0.62279,0.45944,21.306,0.09693,0.34005,0.086036,0.654902,0.62279,0.62334,0.62224,0.74578,0.73395,True,0.837,artifacts/pexels_portraits/defended_edits/mist/ip2p_mist/woman_27__p2.png,artifacts/pexels_portraits/undefended_edits/ip2p_si18/woman_27__p2.png
mist,ip2p,ip2p_mist,woman_27,3,Let the person wear a bowtie,ip2p_si18,0.63142,0.43513,18.081,0.09484,0.35927,0.124718,0.917647,0.63142,0.6368,0.62608,0.71807,0.72436,True,0.837,artifacts/pexels_portraits/defended_edits/mist/ip2p_mist/woman_27__p3.png,artifacts/pexels_portraits/undefended_edits/ip2p_si18/woman_27__p3.png
mist,ip2p,ip2p_mist,woman_28,0,Let the person wear sunglasses,ip2p_si18,0.60824,0.54547,18.824,0.17244,0.32453,0.114499,0.788235,0.60824,0.58383,0.62314,0.73401,0.73543,True,0.837,artifacts/pexels_portraits/defended_edits/mist/ip2p_mist/woman_28__p0.png,artifacts/pexels_portraits/undefended_edits/ip2p_si18/woman_28__p0.png
mist,ip2p,ip2p_mist,woman_28,1,Let the person wear a police suit,ip2p_si18,0.67536,0.43036,15.035,0.1032,0.35127,0.177115,0.92549,0.67536,0.67626,0.67481,0.66041,0.56652,True,0.837,artifacts/pexels_portraits/defended_edits/mist/ip2p_mist/woman_28__p1.png,artifacts/pexels_portraits/undefended_edits/ip2p_si18/woman_28__p1.png
mist,ip2p,ip2p_mist,woman_28,2,Let the person wear a helmet,ip2p_si18,0.60915,0.55045,19.478,0.16258,0.31532,0.106192,0.815686,0.60915,0.57882,0.62767,0.7462,0.73236,True,0.837,artifacts/pexels_portraits/defended_edits/mist/ip2p_mist/woman_28__p2.png,artifacts/pexels_portraits/undefended_edits/ip2p_si18/woman_28__p2.png
mist,ip2p,ip2p_mist,woman_28,3,Let the person wear a bowtie,ip2p_si18,0.61144,0.55337,19.935,0.16431,0.32229,0.100751,0.717647,0.61144,0.58292,0.62885,0.77457,0.70669,True,0.837,artifacts/pexels_portraits/defended_edits/mist/ip2p_mist/woman_28__p3.png,artifacts/pexels_portraits/undefended_edits/ip2p_si18/woman_28__p3.png
mist,ip2p,ip2p_mist,woman_29,0,Let the person wear sunglasses,ip2p_si18,0.59853,0.49945,21.356,0.06786,0.3236,0.085548,0.835294,0.59853,0.55434,0.62872,0.66788,0.72995,True,0.837,artifacts/pexels_portraits/defended_edits/mist/ip2p_mist/woman_29__p0.png,artifacts/pexels_portraits/undefended_edits/ip2p_si18/woman_29__p0.png
mist,ip2p,ip2p_mist,woman_29,1,Let the person wear a police suit,ip2p_si18,0.60663,0.43164,17.054,0.05564,0.34102,0.140379,0.909804,0.60663,0.59135,0.61707,0.55754,0.70266,True,0.837,artifacts/pexels_portraits/defended_edits/mist/ip2p_mist/woman_29__p1.png,artifacts/pexels_portraits/undefended_edits/ip2p_si18/woman_29__p1.png
mist,ip2p,ip2p_mist,woman_29,2,Let the person wear a helmet,ip2p_si18,0.6068,0.49201,21.686,0.0653,0.32125,0.082353,0.898039,0.6068,0.56106,0.63805,0.71586,0.70885,True,0.837,artifacts/pexels_portraits/defended_edits/mist/ip2p_mist/woman_29__p2.png,artifacts/pexels_portraits/undefended_edits/ip2p_si18/woman_29__p2.png
mist,ip2p,ip2p_mist,woman_29,3,Let the person wear a bowtie,ip2p_si18,0.59341,0.51974,20.917,0.07663,0.32681,0.089986,0.796078,0.59341,0.55089,0.62245,0.69815,0.75174,True,0.837,artifacts/pexels_portraits/defended_edits/mist/ip2p_mist/woman_29__p3.png,artifacts/pexels_portraits/undefended_edits/ip2p_si18/woman_29__p3.png
mist,ip2p,ip2p_mist,woman_30,0,Let the person wear sunglasses,ip2p_si18,0.63395,0.55668,20.07,0.12042,0.29155,0.099202,0.905882,0.63395,0.57701,0.67675,0.7321,0.75205,True,0.837,artifacts/pexels_portraits/defended_edits/mist/ip2p_mist/woman_30__p0.png,artifacts/pexels_portraits/undefended_edits/ip2p_si18/woman_30__p0.png
mist,ip2p,ip2p_mist,woman_30,1,Let the person wear a police suit,ip2p_si18,0.62781,0.54625,19.387,0.12173,0.29384,0.107319,0.972549,0.62781,0.57583,0.66688,0.67527,0.74112,True,0.837,artifacts/pexels_portraits/defended_edits/mist/ip2p_mist/woman_30__p1.png,artifacts/pexels_portraits/undefended_edits/ip2p_si18/woman_30__p1.png
mist,ip2p,ip2p_mist,woman_30,2,Let the person wear a helmet,ip2p_si18,0.6327,0.5728,20.628,0.12817,0.28704,0.093023,0.835294,0.6327,0.57571,0.67555,0.72519,0.78615,True,0.837,artifacts/pexels_portraits/defended_edits/mist/ip2p_mist/woman_30__p2.png,artifacts/pexels_portraits/undefended_edits/ip2p_si18/woman_30__p2.png
mist,ip2p,ip2p_mist,woman_30,3,Let the person wear a bowtie,ip2p_si18,0.62658,0.57213,19.3,0.14022,0.29283,0.108392,0.886275,0.62658,0.57751,0.66348,0.67994,0.7719,True,0.837,artifacts/pexels_portraits/defended_edits/mist/ip2p_mist/woman_30__p3.png,artifacts/pexels_portraits/undefended_edits/ip2p_si18/woman_30__p3.png
mist,ip2p,ip2p_mist,woman_31,0,Let the person wear sunglasses,ip2p_si18,0.62038,0.62439,21.456,0.148,0.315,0.084571,0.643137,0.62038,0.58469,0.66085,0.60633,0.73187,True,0.837,artifacts/pexels_portraits/defended_edits/mist/ip2p_mist/woman_31__p0.png,artifacts/pexels_portraits/undefended_edits/ip2p_si18/woman_31__p0.png
mist,ip2p,ip2p_mist,woman_31,1,Let the person wear a police suit,ip2p_si18,0.65042,0.51463,15.702,0.10768,0.32893,0.164017,0.831373,0.65042,0.63692,0.66572,0.55841,0.63106,True,0.837,artifacts/pexels_portraits/defended_edits/mist/ip2p_mist/woman_31__p1.png,artifacts/pexels_portraits/undefended_edits/ip2p_si18/woman_31__p1.png
mist,ip2p,ip2p_mist,woman_31,2,Let the person wear a helmet,ip2p_si18,0.63293,0.61337,21.647,0.13781,0.31686,0.082723,0.85098,0.63293,0.60209,0.6679,0.60931,0.73144,True,0.837,artifacts/pexels_portraits/defended_edits/mist/ip2p_mist/woman_31__p2.png,artifacts/pexels_portraits/undefended_edits/ip2p_si18/woman_31__p2.png
mist,ip2p,ip2p_mist,woman_31,3,Let the person wear a bowtie,ip2p_si18,0.63081,0.6077,21.481,0.14013,0.32154,0.08432,0.788235,0.63081,0.59846,0.6675,0.60197,0.70109,True,0.837,artifacts/pexels_portraits/defended_edits/mist/ip2p_mist/woman_31__p3.png,artifacts/pexels_portraits/undefended_edits/ip2p_si18/woman_31__p3.png
mist,ip2p,ip2p_mist,woman_32,0,Let the person wear sunglasses,ip2p_si18,0.62617,0.57201,20.232,0.07665,0.29869,0.097363,0.843137,0.62617,0.5326,0.67468,0.73059,0.77039,True,0.837,artifacts/pexels_portraits/defended_edits/mist/ip2p_mist/woman_32__p0.png,artifacts/pexels_portraits/undefended_edits/ip2p_si18/woman_32__p0.png
mist,ip2p,ip2p_mist,woman_32,1,Let the person wear a police suit,ip2p_si18,0.63843,0.49535,18.167,0.0575,0.31693,0.12349,0.894118,0.63843,0.58412,0.66659,0.6648,0.67306,True,0.837,artifacts/pexels_portraits/defended_edits/mist/ip2p_mist/woman_32__p1.png,artifacts/pexels_portraits/undefended_edits/ip2p_si18/woman_32__p1.png
mist,ip2p,ip2p_mist,woman_32,2,Let the person wear a helmet,ip2p_si18,0.6292,0.58668,19.978,0.0766,0.29751,0.100256,0.752941,0.6292,0.54444,0.67316,0.71444,0.75233,True,0.837,artifacts/pexels_portraits/defended_edits/mist/ip2p_mist/woman_32__p2.png,artifacts/pexels_portraits/undefended_edits/ip2p_si18/woman_32__p2.png
mist,ip2p,ip2p_mist,woman_32,3,Let the person wear a bowtie,ip2p_si18,0.63227,0.58163,19.911,0.07679,0.30586,0.10103,0.956863,0.63227,0.54445,0.6778,0.73197,0.78593,True,0.837,artifacts/pexels_portraits/defended_edits/mist/ip2p_mist/woman_32__p3.png,artifacts/pexels_portraits/undefended_edits/ip2p_si18/woman_32__p3.png
mist,ip2p,ip2p_mist,woman_33,0,Let the person wear sunglasses,ip2p_si18,0.64655,0.59974,21.066,0.12898,0.32353,0.088454,0.768627,0.64655,0.61245,0.69499,0.73067,0.69142,True,0.837,artifacts/pexels_portraits/defended_edits/mist/ip2p_mist/woman_33__p0.png,artifacts/pexels_portraits/undefended_edits/ip2p_si18/woman_33__p0.png
mist,ip2p,ip2p_mist,woman_33,1,Let the person wear a police suit,ip2p_si18,0.63621,0.60228,19.504,0.1406,0.33683,0.105872,0.729412,0.63621,0.60247,0.68413,0.71581,0.65254,True,0.837,artifacts/pexels_portraits/defended_edits/mist/ip2p_mist/woman_33__p1.png,artifacts/pexels_portraits/undefended_edits/ip2p_si18/woman_33__p1.png
mist,ip2p,ip2p_mist,woman_33,2,Let the person wear a helmet,ip2p_si18,0.64841,0.60434,21.254,0.12957,0.32112,0.086557,0.792157,0.64841,0.61616,0.69422,0.73939,0.6736,True,0.837,artifacts/pexels_portraits/defended_edits/mist/ip2p_mist/woman_33__p2.png,artifacts/pexels_portraits/undefended_edits/ip2p_si18/woman_33__p2.png
mist,ip2p,ip2p_mist,woman_33,3,Let the person wear a bowtie,ip2p_si18,0.65009,0.58977,21.103,0.12581,0.32196,0.088071,0.756863,0.65009,0.61415,0.70114,0.71828,0.62395,True,0.837,artifacts/pexels_portraits/defended_edits/mist/ip2p_mist/woman_33__p3.png,artifacts/pexels_portraits/undefended_edits/ip2p_si18/woman_33__p3.png
mist,ip2p,ip2p_mist,woman_34,0,Let the person wear sunglasses,ip2p_si18,0.66904,0.56356,20.42,0.12541,0.31179,0.095284,0.772549,0.66904,0.60404,0.74009,0.74681,0.72154,True,0.837,artifacts/pexels_portraits/defended_edits/mist/ip2p_mist/woman_34__p0.png,artifacts/pexels_portraits/undefended_edits/ip2p_si18/woman_34__p0.png
mist,ip2p,ip2p_mist,woman_34,1,Let the person wear a police suit,ip2p_si18,0.69044,0.54464,19.171,0.12605,0.33039,0.11002,0.772549,0.69044,0.6339,0.75223,0.61748,0.65697,True,0.837,artifacts/pexels_portraits/defended_edits/mist/ip2p_mist/woman_34__p1.png,artifacts/pexels_portraits/undefended_edits/ip2p_si18/woman_34__p1.png
mist,ip2p,ip2p_mist,woman_34,2,Let the person wear a helmet,ip2p_si18,0.68234,0.54486,20.355,0.11528,0.30987,0.095992,0.682353,0.68234,0.62458,0.74547,0.76896,0.67064,True,0.837,artifacts/pexels_portraits/defended_edits/mist/ip2p_mist/woman_34__p2.png,artifacts/pexels_portraits/undefended_edits/ip2p_si18/woman_34__p2.png
mist,ip2p,ip2p_mist,woman_34,3,Let the person wear a bowtie,ip2p_si18,0.67911,0.55678,20.474,0.12607,0.29345,0.094692,0.678431,0.67911,0.6186,0.74524,0.65914,0.71962,True,0.837,artifacts/pexels_portraits/defended_edits/mist/ip2p_mist/woman_34__p3.png,artifacts/pexels_portraits/undefended_edits/ip2p_si18/woman_34__p3.png
mist,ip2p,ip2p_mist,woman_35,0,Let the person wear sunglasses,ip2p_si18,0.59653,0.61444,19.599,0.156,0.30755,0.104726,0.764706,0.59653,0.58962,0.6025,0.70974,0.7738,True,0.837,artifacts/pexels_portraits/defended_edits/mist/ip2p_mist/woman_35__p0.png,artifacts/pexels_portraits/undefended_edits/ip2p_si18/woman_35__p0.png
mist,ip2p,ip2p_mist,woman_35,1,Let the person wear a police suit,ip2p_si18,0.60895,0.58182,18.765,0.1465,0.3026,0.115279,0.952941,0.60895,0.6014,0.61548,0.70021,0.71714,True,0.837,artifacts/pexels_portraits/defended_edits/mist/ip2p_mist/woman_35__p1.png,artifacts/pexels_portraits/undefended_edits/ip2p_si18/woman_35__p1.png
mist,ip2p,ip2p_mist,woman_35,2,Let the person wear a helmet,ip2p_si18,0.61503,0.62895,20.737,0.15102,0.30691,0.091868,0.960784,0.61503,0.60685,0.6221,0.76661,0.79617,True,0.837,artifacts/pexels_portraits/defended_edits/mist/ip2p_mist/woman_35__p2.png,artifacts/pexels_portraits/undefended_edits/ip2p_si18/woman_35__p2.png
mist,ip2p,ip2p_mist,woman_35,3,Let the person wear a bowtie,ip2p_si18,0.61923,0.56314,15.649,0.14198,0.31304,0.16502,0.921569,0.61923,0.62947,0.61037,0.72393,0.69341,True,0.837,artifacts/pexels_portraits/defended_edits/mist/ip2p_mist/woman_35__p3.png,artifacts/pexels_portraits/undefended_edits/ip2p_si18/woman_35__p3.png
mist,ip2p,ip2p_mist,woman_36,0,Let the person wear sunglasses,ip2p_si18,0.622,0.55431,19.952,0.09918,0.3748,0.100555,0.694118,0.622,0.62082,0.62417,0.68848,0.63606,True,0.837,artifacts/pexels_portraits/defended_edits/mist/ip2p_mist/woman_36__p0.png,artifacts/pexels_portraits/undefended_edits/ip2p_si18/woman_36__p0.png
mist,ip2p,ip2p_mist,woman_36,1,Let the person wear a police suit,ip2p_si18,0.63309,0.5014,17.729,0.09315,0.37898,0.129887,0.788235,0.63309,0.63658,0.62664,0.58997,0.63132,True,0.837,artifacts/pexels_portraits/defended_edits/mist/ip2p_mist/woman_36__p1.png,artifacts/pexels_portraits/undefended_edits/ip2p_si18/woman_36__p1.png
mist,ip2p,ip2p_mist,woman_36,2,Let the person wear a helmet,ip2p_si18,0.6542,0.5106,20.221,0.077,0.35445,0.097492,0.6,0.6542,0.64389,0.67326,0.74582,0.64348,True,0.837,artifacts/pexels_portraits/defended_edits/mist/ip2p_mist/woman_36__p2.png,artifacts/pexels_portraits/undefended_edits/ip2p_si18/woman_36__p2.png
mist,ip2p,ip2p_mist,woman_36,3,Let the person wear a bowtie,ip2p_si18,0.63068,0.57669,21.681,0.10543,0.36527,0.082403,0.623529,0.63068,0.6342,0.62416,0.7149,0.64689,True,0.837,artifacts/pexels_portraits/defended_edits/mist/ip2p_mist/woman_36__p3.png,artifacts/pexels_portraits/undefended_edits/ip2p_si18/woman_36__p3.png
mist,ip2p,ip2p_mist,woman_37,0,Let the person wear sunglasses,ip2p_si18,0.71384,0.54907,19.768,0.06749,0.3794,0.102702,0.572549,0.71384,0.69731,0.72977,0.74361,0.64518,True,0.837,artifacts/pexels_portraits/defended_edits/mist/ip2p_mist/woman_37__p0.png,artifacts/pexels_portraits/undefended_edits/ip2p_si18/woman_37__p0.png
mist,ip2p,ip2p_mist,woman_37,1,Let the person wear a police suit,ip2p_si18,0.70829,0.53231,18.085,0.06465,0.38566,0.124669,0.898039,0.70829,0.67973,0.73578,0.62879,0.65224,True,0.837,artifacts/pexels_portraits/defended_edits/mist/ip2p_mist/woman_37__p1.png,artifacts/pexels_portraits/undefended_edits/ip2p_si18/woman_37__p1.png
mist,ip2p,ip2p_mist,woman_37,2,Let the person wear a helmet,ip2p_si18,0.70107,0.5541,18.997,0.06906,0.37487,0.112234,0.917647,0.70107,0.68408,0.71742,0.69646,0.59853,True,0.837,artifacts/pexels_portraits/defended_edits/mist/ip2p_mist/woman_37__p2.png,artifacts/pexels_portraits/undefended_edits/ip2p_si18/woman_37__p2.png
mist,ip2p,ip2p_mist,woman_37,3,Let the person wear a bowtie,ip2p_si18,0.71389,0.55823,21.403,0.06778,0.38074,0.085085,0.886275,0.71389,0.70032,0.72696,0.75599,0.64649,True,0.837,artifacts/pexels_portraits/defended_edits/mist/ip2p_mist/woman_37__p3.png,artifacts/pexels_portraits/undefended_edits/ip2p_si18/woman_37__p3.png
mist,ip2p,ip2p_mist,woman_38,0,Let the person wear sunglasses,ip2p_si18,0.60999,0.55885,21.403,0.1241,0.32596,0.085083,0.85098,0.60999,0.55606,0.6445,0.63524,0.69207,True,0.837,artifacts/pexels_portraits/defended_edits/mist/ip2p_mist/woman_38__p0.png,artifacts/pexels_portraits/undefended_edits/ip2p_si18/woman_38__p0.png
mist,ip2p,ip2p_mist,woman_38,1,Let the person wear a police suit,ip2p_si18,0.61485,0.52978,21.269,0.11102,0.32551,0.086408,0.905882,0.61485,0.57844,0.63816,0.62733,0.64003,True,0.837,artifacts/pexels_portraits/defended_edits/mist/ip2p_mist/woman_38__p1.png,artifacts/pexels_portraits/undefended_edits/ip2p_si18/woman_38__p1.png
mist,ip2p,ip2p_mist,woman_38,2,Let the person wear a helmet,ip2p_si18,0.62117,0.55528,21.564,0.11644,0.32772,0.083519,0.870588,0.62117,0.57015,0.65382,0.62492,0.65354,True,0.837,artifacts/pexels_portraits/defended_edits/mist/ip2p_mist/woman_38__p2.png,artifacts/pexels_portraits/undefended_edits/ip2p_si18/woman_38__p2.png
mist,ip2p,ip2p_mist,woman_38,3,Let the person wear a bowtie,ip2p_si18,0.61443,0.56211,21.607,0.12629,0.32711,0.083108,0.819608,0.61443,0.56494,0.64611,0.6011,0.63968,True,0.837,artifacts/pexels_portraits/defended_edits/mist/ip2p_mist/woman_38__p3.png,artifacts/pexels_portraits/undefended_edits/ip2p_si18/woman_38__p3.png
mist,ip2p,ip2p_mist,woman_39,0,Let the person wear sunglasses,ip2p_si18,0.57729,0.61636,19.738,0.09118,0.31777,0.103066,0.733333,0.57729,0.54458,0.59119,0.80915,0.7408,True,0.837,artifacts/pexels_portraits/defended_edits/mist/ip2p_mist/woman_39__p0.png,artifacts/pexels_portraits/undefended_edits/ip2p_si18/woman_39__p0.png
mist,ip2p,ip2p_mist,woman_39,1,Let the person wear a police suit,ip2p_si18,0.60305,0.52884,17.106,0.06234,0.33765,0.139535,0.878431,0.60305,0.59339,0.60716,0.69961,0.62492,True,0.837,artifacts/pexels_portraits/defended_edits/mist/ip2p_mist/woman_39__p1.png,artifacts/pexels_portraits/undefended_edits/ip2p_si18/woman_39__p1.png
mist,ip2p,ip2p_mist,woman_39,2,Let the person wear a helmet,ip2p_si18,0.58589,0.60639,20.328,0.08355,0.3156,0.096296,0.913725,0.58589,0.55503,0.599,0.79336,0.63377,True,0.837,artifacts/pexels_portraits/defended_edits/mist/ip2p_mist/woman_39__p2.png,artifacts/pexels_portraits/undefended_edits/ip2p_si18/woman_39__p2.png
mist,ip2p,ip2p_mist,woman_39,3,Let the person wear a bowtie,ip2p_si18,0.57938,0.6101,21.396,0.08741,0.31387,0.085152,0.823529,0.57938,0.54922,0.5922,0.78909,0.71754,True,0.837,artifacts/pexels_portraits/defended_edits/mist/ip2p_mist/woman_39__p3.png,artifacts/pexels_portraits/undefended_edits/ip2p_si18/woman_39__p3.png
mist,ip2p,ip2p_mist,woman_40,0,Let the person wear sunglasses,ip2p_si18,0.64187,0.63946,19.339,0.13573,0.32805,0.107901,0.662745,0.64187,0.60152,0.68264,0.69717,0.7222,True,0.837,artifacts/pexels_portraits/defended_edits/mist/ip2p_mist/woman_40__p0.png,artifacts/pexels_portraits/undefended_edits/ip2p_si18/woman_40__p0.png
mist,ip2p,ip2p_mist,woman_40,1,Let the person wear a police suit,ip2p_si18,0.64457,0.53509,16.929,0.08761,0.34429,0.142416,0.905882,0.64457,0.62567,0.66367,0.62532,0.63098,True,0.837,artifacts/pexels_portraits/defended_edits/mist/ip2p_mist/woman_40__p1.png,artifacts/pexels_portraits/undefended_edits/ip2p_si18/woman_40__p1.png
mist,ip2p,ip2p_mist,woman_40,2,Let the person wear a helmet,ip2p_si18,0.67708,0.49622,16.938,0.07231,0.35688,0.14226,0.807843,0.67708,0.66996,0.68429,0.65371,0.48923,True,0.837,artifacts/pexels_portraits/defended_edits/mist/ip2p_mist/woman_40__p2.png,artifacts/pexels_portraits/undefended_edits/ip2p_si18/woman_40__p2.png
mist,ip2p,ip2p_mist,woman_40,3,Let the person wear a bowtie,ip2p_si18,0.64599,0.55839,16.427,0.09123,0.33796,0.150886,0.780392,0.64599,0.62162,0.67061,0.68415,0.6783,True,0.837,artifacts/pexels_portraits/defended_edits/mist/ip2p_mist/woman_40__p3.png,artifacts/pexels_portraits/undefended_edits/ip2p_si18/woman_40__p3.png
mist,ip2p,ip2p_mist,woman_41,0,Let the person wear sunglasses,ip2p_si18,0.61225,0.58334,14.322,0.11983,0.33696,0.192271,0.568627,0.61225,0.57592,0.63977,0.70926,0.7135,True,0.837,artifacts/pexels_portraits/defended_edits/mist/ip2p_mist/woman_41__p0.png,artifacts/pexels_portraits/undefended_edits/ip2p_si18/woman_41__p0.png
mist,ip2p,ip2p_mist,woman_41,1,Let the person wear a police suit,ip2p_si18,0.64535,0.48108,12.685,0.08311,0.39335,0.23214,0.835294,0.64535,0.62111,0.66371,0.63707,0.67511,True,0.837,artifacts/pexels_portraits/defended_edits/mist/ip2p_mist/woman_41__p1.png,artifacts/pexels_portraits/undefended_edits/ip2p_si18/woman_41__p1.png
mist,ip2p,ip2p_mist,woman_41,2,Let the person wear a helmet,ip2p_si18,0.6089,0.57894,14.156,0.11734,0.3456,0.19598,0.74902,0.6089,0.58028,0.63058,0.70588,0.66438,True,0.837,artifacts/pexels_portraits/defended_edits/mist/ip2p_mist/woman_41__p2.png,artifacts/pexels_portraits/undefended_edits/ip2p_si18/woman_41__p2.png
mist,ip2p,ip2p_mist,woman_41,3,Let the person wear a bowtie,ip2p_si18,0.6143,0.5705,14.592,0.1047,0.34551,0.186379,0.8,0.6143,0.5947,0.62915,0.74026,0.68322,True,0.837,artifacts/pexels_portraits/defended_edits/mist/ip2p_mist/woman_41__p3.png,artifacts/pexels_portraits/undefended_edits/ip2p_si18/woman_41__p3.png
mist,ip2p,ip2p_mist,woman_42,0,Let the person wear sunglasses,ip2p_si18,0.64371,0.48347,20.511,0.08286,0.31623,0.094285,0.717647,0.64371,0.62266,0.66927,0.69502,0.66758,True,0.837,artifacts/pexels_portraits/defended_edits/mist/ip2p_mist/woman_42__p0.png,artifacts/pexels_portraits/undefended_edits/ip2p_si18/woman_42__p0.png
mist,ip2p,ip2p_mist,woman_42,1,Let the person wear a police suit,ip2p_si18,0.64685,0.46034,18.218,0.08082,0.32745,0.122772,0.815686,0.64685,0.64961,0.6435,0.72337,0.66729,True,0.837,artifacts/pexels_portraits/defended_edits/mist/ip2p_mist/woman_42__p1.png,artifacts/pexels_portraits/undefended_edits/ip2p_si18/woman_42__p1.png
mist,ip2p,ip2p_mist,woman_42,2,Let the person wear a helmet,ip2p_si18,0.64721,0.48,20.067,0.08166,0.31453,0.099228,0.756863,0.64721,0.62668,0.67214,0.69727,0.66728,True,0.837,artifacts/pexels_portraits/defended_edits/mist/ip2p_mist/woman_42__p2.png,artifacts/pexels_portraits/undefended_edits/ip2p_si18/woman_42__p2.png
mist,ip2p,ip2p_mist,woman_42,3,Let the person wear a bowtie,ip2p_si18,0.64255,0.50736,20.738,0.09148,0.30515,0.091857,0.843137,0.64255,0.61945,0.67059,0.71349,0.66504,True,0.837,artifacts/pexels_portraits/defended_edits/mist/ip2p_mist/woman_42__p3.png,artifacts/pexels_portraits/undefended_edits/ip2p_si18/woman_42__p3.png
mist,ip2p,ip2p_mist,woman_43,0,Let the person wear sunglasses,ip2p_si18,0.59783,0.58165,20.297,0.15584,0.29743,0.096638,0.737255,0.59783,0.54211,0.63172,0.69179,0.76681,True,0.837,artifacts/pexels_portraits/defended_edits/mist/ip2p_mist/woman_43__p0.png,artifacts/pexels_portraits/undefended_edits/ip2p_si18/woman_43__p0.png
mist,ip2p,ip2p_mist,woman_43,1,Let the person wear a police suit,ip2p_si18,0.63291,0.53408,16.917,0.13202,0.31478,0.14261,0.972549,0.63291,0.6397,0.62879,0.63955,0.65459,True,0.837,artifacts/pexels_portraits/defended_edits/mist/ip2p_mist/woman_43__p1.png,artifacts/pexels_portraits/undefended_edits/ip2p_si18/woman_43__p1.png
mist,ip2p,ip2p_mist,woman_43,2,Let the person wear a helmet,ip2p_si18,0.61667,0.57571,20.506,0.14015,0.29397,0.094346,0.898039,0.61667,0.56351,0.649,0.73571,0.7514,True,0.837,artifacts/pexels_portraits/defended_edits/mist/ip2p_mist/woman_43__p2.png,artifacts/pexels_portraits/undefended_edits/ip2p_si18/woman_43__p2.png
mist,ip2p,ip2p_mist,woman_43,3,Let the person wear a bowtie,ip2p_si18,0.59849,0.57354,19.909,0.15849,0.29992,0.10105,0.886275,0.59849,0.54468,0.63121,0.70606,0.77552,True,0.837,artifacts/pexels_portraits/defended_edits/mist/ip2p_mist/woman_43__p3.png,artifacts/pexels_portraits/undefended_edits/ip2p_si18/woman_43__p3.png
mist,ip2p,ip2p_mist,woman_44,0,Let the person wear sunglasses,ip2p_si18,0.66334,0.64512,19.295,0.08015,0.33983,0.108459,0.729412,0.66334,0.55086,0.71396,0.71282,0.70857,True,0.837,artifacts/pexels_portraits/defended_edits/mist/ip2p_mist/woman_44__p0.png,artifacts/pexels_portraits/undefended_edits/ip2p_si18/woman_44__p0.png
mist,ip2p,ip2p_mist,woman_44,1,Let the person wear a police suit,ip2p_si18,0.66384,0.53369,14.804,0.03796,0.3865,0.181884,0.862745,0.66384,0.62554,0.68108,0.542,0.62749,True,0.837,artifacts/pexels_portraits/defended_edits/mist/ip2p_mist/woman_44__p1.png,artifacts/pexels_portraits/undefended_edits/ip2p_si18/woman_44__p1.png
mist,ip2p,ip2p_mist,woman_44,2,Let the person wear a helmet,ip2p_si18,0.67015,0.611,19.955,0.07058,0.34006,0.100524,0.839216,0.67015,0.56359,0.71811,0.70703,0.63904,True,0.837,artifacts/pexels_portraits/defended_edits/mist/ip2p_mist/woman_44__p2.png,artifacts/pexels_portraits/undefended_edits/ip2p_si18/woman_44__p2.png
mist,ip2p,ip2p_mist,woman_44,3,Let the person wear a bowtie,ip2p_si18,0.71948,0.54832,17.469,0.02931,0.38923,0.133832,0.74902,0.71948,0.6478,0.75174,0.60182,0.60701,True,0.837,artifacts/pexels_portraits/defended_edits/mist/ip2p_mist/woman_44__p3.png,artifacts/pexels_portraits/undefended_edits/ip2p_si18/woman_44__p3.png
mist,ip2p,ip2p_mist,woman_45,0,Let the person wear sunglasses,ip2p_si18,0.60316,0.46766,19.192,0.12955,0.30138,0.109746,0.878431,0.60316,0.57159,0.62261,0.76963,0.75446,True,0.837,artifacts/pexels_portraits/defended_edits/mist/ip2p_mist/woman_45__p0.png,artifacts/pexels_portraits/undefended_edits/ip2p_si18/woman_45__p0.png
mist,ip2p,ip2p_mist,woman_45,1,Let the person wear a police suit,ip2p_si18,0.67676,0.32865,13.893,0.07605,0.37285,0.201992,0.917647,0.67676,0.64853,0.69415,0.56798,0.58115,True,0.837,artifacts/pexels_portraits/defended_edits/mist/ip2p_mist/woman_45__p1.png,artifacts/pexels_portraits/undefended_edits/ip2p_si18/woman_45__p1.png
mist,ip2p,ip2p_mist,woman_45,2,Let the person wear a helmet,ip2p_si18,0.60765,0.48374,19.862,0.1284,0.30243,0.101604,0.898039,0.60765,0.58383,0.62233,0.73262,0.75447,True,0.837,artifacts/pexels_portraits/defended_edits/mist/ip2p_mist/woman_45__p2.png,artifacts/pexels_portraits/undefended_edits/ip2p_si18/woman_45__p2.png
mist,ip2p,ip2p_mist,woman_45,3,Let the person wear a bowtie,ip2p_si18,0.61101,0.46597,17.99,0.13582,0.3088,0.12604,0.92549,0.61101,0.56846,0.63721,0.75903,0.72098,True,0.837,artifacts/pexels_portraits/defended_edits/mist/ip2p_mist/woman_45__p3.png,artifacts/pexels_portraits/undefended_edits/ip2p_si18/woman_45__p3.png
mist,ip2p,ip2p_mist,woman_46,0,Let the person wear sunglasses,ip2p_si18,0.59574,0.54578,18.901,0.1158,0.2914,0.113489,0.866667,0.59574,0.58869,0.60168,0.78134,0.7816,True,0.837,artifacts/pexels_portraits/defended_edits/mist/ip2p_mist/woman_46__p0.png,artifacts/pexels_portraits/undefended_edits/ip2p_si18/woman_46__p0.png
mist,ip2p,ip2p_mist,woman_46,1,Let the person wear a police suit,ip2p_si18,0.61189,0.5173,17.525,0.1106,0.31338,0.132963,0.741176,0.61189,0.6243,0.60144,0.7625,0.78442,True,0.837,artifacts/pexels_portraits/defended_edits/mist/ip2p_mist/woman_46__p1.png,artifacts/pexels_portraits/undefended_edits/ip2p_si18/woman_46__p1.png
mist,ip2p,ip2p_mist,woman_46,2,Let the person wear a helmet,ip2p_si18,0.60421,0.55979,19.888,0.11573,0.33235,0.101295,0.658824,0.60421,0.59221,0.61432,0.76072,0.66875,True,0.837,artifacts/pexels_portraits/defended_edits/mist/ip2p_mist/woman_46__p2.png,artifacts/pexels_portraits/undefended_edits/ip2p_si18/woman_46__p2.png
mist,ip2p,ip2p_mist,woman_46,3,Let the person wear a bowtie,ip2p_si18,0.60517,0.53856,19.677,0.11323,0.30689,0.103793,0.752941,0.60517,0.60406,0.6061,0.76148,0.73819,True,0.837,artifacts/pexels_portraits/defended_edits/mist/ip2p_mist/woman_46__p3.png,artifacts/pexels_portraits/undefended_edits/ip2p_si18/woman_46__p3.png
mist,ip2p,ip2p_mist,woman_47,0,Let the person wear sunglasses,ip2p_si18,0.63081,0.51035,21.392,0.10382,0.38732,0.085188,0.866667,0.63081,0.6265,0.63672,0.71645,0.65092,True,0.837,artifacts/pexels_portraits/defended_edits/mist/ip2p_mist/woman_47__p0.png,artifacts/pexels_portraits/undefended_edits/ip2p_si18/woman_47__p0.png
mist,ip2p,ip2p_mist,woman_47,1,Let the person wear a police suit,ip2p_si18,0.62023,0.55093,21.55,0.11918,0.37066,0.083656,0.847059,0.62023,0.61842,0.6227,0.67641,0.61613,True,0.837,artifacts/pexels_portraits/defended_edits/mist/ip2p_mist/woman_47__p1.png,artifacts/pexels_portraits/undefended_edits/ip2p_si18/woman_47__p1.png
mist,ip2p,ip2p_mist,woman_47,2,Let the person wear a helmet,ip2p_si18,0.62672,0.55765,21.218,0.12256,0.38831,0.086919,0.760784,0.62672,0.62947,0.62295,0.68146,0.63005,True,0.837,artifacts/pexels_portraits/defended_edits/mist/ip2p_mist/woman_47__p2.png,artifacts/pexels_portraits/undefended_edits/ip2p_si18/woman_47__p2.png
mist,ip2p,ip2p_mist,woman_47,3,Let the person wear a bowtie,ip2p_si18,0.62125,0.53873,21.669,0.11941,0.37627,0.082521,0.611765,0.62125,0.61997,0.62301,0.69262,0.58275,True,0.837,artifacts/pexels_portraits/defended_edits/mist/ip2p_mist/woman_47__p3.png,artifacts/pexels_portraits/undefended_edits/ip2p_si18/woman_47__p3.png
mist,ip2p,ip2p_mist,woman_48,0,Let the person wear sunglasses,ip2p_si18,0.61753,0.57811,18.623,0.06435,0.32428,0.117186,0.733333,0.61753,0.58486,0.63833,0.69053,0.78727,True,0.837,artifacts/pexels_portraits/defended_edits/mist/ip2p_mist/woman_48__p0.png,artifacts/pexels_portraits/undefended_edits/ip2p_si18/woman_48__p0.png
mist,ip2p,ip2p_mist,woman_48,1,Let the person wear a police suit,ip2p_si18,0.65162,0.48267,14.563,0.04608,0.40359,0.187002,0.847059,0.65162,0.67378,0.63752,0.51517,0.60222,True,0.837,artifacts/pexels_portraits/defended_edits/mist/ip2p_mist/woman_48__p1.png,artifacts/pexels_portraits/undefended_edits/ip2p_si18/woman_48__p1.png
mist,ip2p,ip2p_mist,woman_48,2,Let the person wear a helmet,ip2p_si18,0.64142,0.55617,17.18,0.05866,0.35833,0.138354,0.941176,0.64142,0.63596,0.64489,0.6391,0.64196,True,0.837,artifacts/pexels_portraits/defended_edits/mist/ip2p_mist/woman_48__p2.png,artifacts/pexels_portraits/undefended_edits/ip2p_si18/woman_48__p2.png
mist,ip2p,ip2p_mist,woman_48,3,Let the person wear a bowtie,ip2p_si18,0.65659,0.56218,18.282,0.05159,0.37314,0.121864,0.784314,0.65659,0.64809,0.66201,0.67278,0.66482,True,0.837,artifacts/pexels_portraits/defended_edits/mist/ip2p_mist/woman_48__p3.png,artifacts/pexels_portraits/undefended_edits/ip2p_si18/woman_48__p3.png
