[task_attr_mod_color_123744] box=(257, 69, 338, 176) verify_cos=0.99997
    [color_grid] step    0 loss 1.000000 |p| 0.25001 eval 0.999993
    [color_grid] step   10 loss 0.998739 |p| 0.25010 eval 0.998454
    [color_grid] step   20 loss 0.994597 |p| 0.25019 eval 0.993998
    [color_grid] step   30 loss 0.987550 |p| 0.25028 eval 0.986718
    [color_grid] step   40 loss 0.978223 |p| 0.25037 eval 0.977152
    [color_grid] step   50 loss 0.966925 |p| 0.25046 eval 0.965675
    [color_grid] step   60 loss 0.953528 |p| 0.25055 eval 0.952108
    [color_grid] step   70 loss 0.939034 |p| 0.25063 eval 0.937512
    [color_grid] step   80 loss 0.923483 |p| 0.25072 eval 0.921910
    [color_grid] step   90 loss 0.907011 |p| 0.25080 eval 0.905345
    [color_grid] step  100 loss 0.888875 |p| 0.25088 eval 0.887824
    [color_grid] step  110 loss 0.882010 |p| 0.25091 eval 0.881525
    [color_grid] step  120 loss 0.877727 |p| 0.25093 eval 0.877368
    [color_grid] step  130 loss 0.873831 |p| 0.25095 eval 0.873467
    [color_grid] step  140 loss 0.870880 |p| 0.25096 eval 0.870671
    [color_grid] step  150 loss 0.869015 |p| 0.25097 eval 0.868773
    [color_grid] step  160 loss 0.866986 |p| 0.25098 eval 0.866765
    [color_grid] step  170 loss 0.865182 |p| 0.25099 eval 0.865065
    [color_grid] step  180 loss 0.863901 |p| 0.25100 eval 0.863807
    [color_grid] step  190 loss 0.862840 |p| 0.25101 eval 0.862754
    [color_grid] step  200 loss 0.862033 |p| 0.25102 eval 0.861961
    [color_grid] step  210 loss 0.861290 |p| 0.25103 eval 0.861164
    [color_grid] step  220 loss 0.860636 |p| 0.25104 eval 0.860623
    [color_grid] step  230 loss 0.860262 |p| 0.25104 eval 0.860131
    [color_grid] step  240 loss 0.859572 |p| 0.25104 eval 0.859630
    [color_grid] step  250 loss 0.859167 |p| 0.25104 eval 0.859052
    [color_grid] step  260 loss 0.858734 |p| 0.25105 eval 0.858746
    [color_grid] step  270 loss 0.858416 |p| 0.25105 eval 0.858394
    [color_grid] step  280 loss 0.858191 |p| 0.25105 eval 0.858225
    [color_grid] step  290 loss 0.858021 |p| 0.25105 eval 0.857991
    [color_grid] step  300 loss 0.857840 |p| 0.25106 eval 0.857796
    [color_grid] step  310 loss 0.857690 |p| 0.25106 eval 0.857566
    [color_grid] step  320 loss 0.857365 |p| 0.25106 eval 0.857349
    [color_grid] step  330 loss 0.857025 |p| 0.25106 eval 0.856971
    [color_grid] step  340 loss 0.856715 |p| 0.25106 eval 0.856668
    [color_grid] step  350 loss 0.856450 |p| 0.25107 eval 0.856431
    [color_grid] step  360 loss 0.856217 |p| 0.25107 eval 0.856218
    [color_grid] step  370 loss 0.855998 |p| 0.25107 eval 0.855963
    [color_grid] step  380 loss 0.855780 |p| 0.25107 eval 0.855776
    [color_grid] step  390 loss 0.855584 |p| 0.25107 eval 0.855576
    [color_grid] step  399 loss 0.855399 |p| 0.25108 eval 0.855391
  color_grid  whole:sign   r=0.02  cos=0.8554 redetect=0.88611 stop=max_steps@400
    [color_grid] step    0 loss 1.000000 |p| 0.25003 eval 0.999954
    [color_grid] step   10 loss 0.992358 |p| 0.25025 eval 0.990706
    [color_grid] step   20 loss 0.969863 |p| 0.25045 eval 0.967022
    [color_grid] step   30 loss 0.937083 |p| 0.25067 eval 0.933399
    [color_grid] step   40 loss 0.896384 |p| 0.25087 eval 0.891742
    [color_grid] step   50 loss 0.853140 |p| 0.25106 eval 0.849044
    [color_grid] step   60 loss 0.814223 |p| 0.25125 eval 0.810690
    [color_grid] step   70 loss 0.780002 |p| 0.25142 eval 0.776802
    [color_grid] step   80 loss 0.747987 |p| 0.25159 eval 0.745123
    [color_grid] step   90 loss 0.721035 |p| 0.25175 eval 0.718317
    [color_grid] step  100 loss 0.692814 |p| 0.25190 eval 0.690563
    [color_grid] step  110 loss 0.675641 |p| 0.25197 eval 0.674340
    [color_grid] step  120 loss 0.662599 |p| 0.25202 eval 0.661511
    [color_grid] step  130 loss 0.652385 |p| 0.25206 eval 0.651417
    [color_grid] step  140 loss 0.643145 |p| 0.25209 eval 0.642343
    [color_grid] step  150 loss 0.635874 |p| 0.25211 eval 0.635293
    [color_grid] step  160 loss 0.629899 |p| 0.25212 eval 0.629267
    [color_grid] step  170 loss 0.624249 |p| 0.25214 eval 0.623660
    [color_grid] step  180 loss 0.619057 |p| 0.25216 eval 0.618640
    [color_grid] step  190 loss 0.614835 |p| 0.25218 eval 0.614464
    [color_grid] step  200 loss 0.611096 |p| 0.25220 eval 0.610747
    [color_grid] step  210 loss 0.608204 |p| 0.25222 eval 0.607912
    [color_grid] step  220 loss 0.605744 |p| 0.25224 eval 0.605574
    [color_grid] step  230 loss 0.604025 |p| 0.25226 eval 0.603916
    [color_grid] step  240 loss 0.602082 |p| 0.25226 eval 0.601810
    [color_grid] step  250 loss 0.600122 |p| 0.25227 eval 0.600024
    [color_grid] step  260 loss 0.598684 |p| 0.25228 eval 0.598597
    [color_grid] step  270 loss 0.597538 |p| 0.25229 eval 0.597449
    [color_grid] step  280 loss 0.596570 |p| 0.25230 eval 0.596523
    [color_grid] step  290 loss 0.595554 |p| 0.25230 eval 0.595445
    [color_grid] step  300 loss 0.594778 |p| 0.25230 eval 0.594768
    [color_grid] step  310 loss 0.594087 |p| 0.25231 eval 0.594005
    [color_grid] step  320 loss 0.593435 |p| 0.25232 eval 0.593398
    [color_grid] step  330 loss 0.592961 |p| 0.25233 eval 0.592962
    [color_grid] step  340 loss 0.592262 |p| 0.25234 eval 0.592295
    [color_grid] step  350 loss 0.591669 |p| 0.25236 eval 0.591630
    [color_grid] step  360 loss 0.591251 |p| 0.25237 eval 0.591351
    [color_grid] step  370 loss 0.590842 |p| 0.25238 eval 0.590809
    [color_grid] step  380 loss 0.590510 |p| 0.25239 eval 0.590392
    [color_grid] step  390 loss 0.590184 |p| 0.25240 eval 0.590188
    [color_grid] step  399 loss 0.589870 |p| 0.25240 eval 0.589835
  color_grid  whole:sign   r=0.05  cos=0.5898 redetect=0.61274 stop=max_steps@400
    [color_grid] step    0 loss 1.000000 |p| 0.25005 eval 0.999810
    [color_grid] step   10 loss 0.973793 |p| 0.25047 eval 0.968545
    [color_grid] step   20 loss 0.908142 |p| 0.25088 eval 0.899409
    [color_grid] step   30 loss 0.825576 |p| 0.25126 eval 0.818129
    [color_grid] step   40 loss 0.758225 |p| 0.25158 eval 0.752134
    [color_grid] step   50 loss 0.702998 |p| 0.25187 eval 0.698222
    [color_grid] step   60 loss 0.659876 |p| 0.25216 eval 0.656311
    [color_grid] step   70 loss 0.626245 |p| 0.25241 eval 0.622705
    [color_grid] step   80 loss 0.593374 |p| 0.25267 eval 0.590062
    [color_grid] step   90 loss 0.553906 |p| 0.25294 eval 0.549208
    [color_grid] step  100 loss 0.501125 |p| 0.25319 eval 0.495725
    [color_grid] step  110 loss 0.453861 |p| 0.25337 eval 0.449690
    [color_grid] step  120 loss 0.416026 |p| 0.25350 eval 0.412667
    [color_grid] step  130 loss 0.381766 |p| 0.25361 eval 0.378464
    [color_grid] step  140 loss 0.343392 |p| 0.25369 eval 0.339755
    [color_grid] step  150 loss 0.308649 |p| 0.25375 eval 0.305231
    [color_grid] step  160 loss 0.275706 |p| 0.25381 eval 0.272354
    [color_grid] step  170 loss 0.233304 |p| 0.25383 eval 0.228481
    [color_grid] step  180 loss 0.187381 |p| 0.25383 eval 0.182905
    [color_grid] step  190 loss 0.148073 |p| 0.25381 eval 0.144118
    [color_grid] step  200 loss 0.110153 |p| 0.25380 eval 0.106571
    [color_grid] step  210 loss 0.074203 |p| 0.25377 eval 0.070505
    [color_grid] step  220 loss 0.036282 |p| 0.25373 eval 0.032567
    [color_grid] step  230 loss 0.007751 |p| 0.25368 eval 0.005288
    [color_grid] step  240 loss -0.018275 |p| 0.25364 eval -0.020302
    [color_grid] step  250 loss -0.039682 |p| 0.25361 eval -0.041885
    [color_grid] step  260 loss -0.059188 |p| 0.25359 eval -0.060906
    [color_grid] step  270 loss -0.072502 |p| 0.25359 eval -0.073642
    [color_grid] step  280 loss -0.082580 |p| 0.25362 eval -0.083855
    [color_grid] step  290 loss -0.093893 |p| 0.25368 eval -0.095610
    [color_grid] step  300 loss -0.106851 |p| 0.25375 eval -0.107996
    [color_grid] step  310 loss -0.120286 |p| 0.25383 eval -0.121741
    [color_grid] step  320 loss -0.134480 |p| 0.25390 eval -0.135741
    [color_grid] step  330 loss -0.146835 |p| 0.25396 eval -0.147460
    [color_grid] step  340 loss -0.158256 |p| 0.25400 eval -0.159665
    [color_grid] step  350 loss -0.170272 |p| 0.25405 eval -0.171608
    [color_grid] step  360 loss -0.180980 |p| 0.25410 eval -0.181860
    [color_grid] step  370 loss -0.190489 |p| 0.25414 eval -0.191328
    [color_grid] step  380 loss -0.197731 |p| 0.25417 eval -0.198878
    [color_grid] step  390 loss -0.203298 |p| 0.25419 eval -0.204264
    [color_grid] step  399 loss -0.211011 |p| 0.25421 eval -0.211767
  color_grid  whole:sign   r=0.10  cos=-0.2118 redetect=-0.13975 stop=max_steps@400
    [color_grid] step    0 loss 1.000000 |p| 0.25011 eval 0.999232
    [color_grid] step   10 loss 0.920154 |p| 0.25090 eval 0.905217
    [color_grid] step   20 loss 0.774949 |p| 0.25153 eval 0.763555
    [color_grid] step   30 loss 0.677753 |p| 0.25205 eval 0.669188
    [color_grid] step   40 loss 0.618446 |p| 0.25256 eval 0.613701
    [color_grid] step   50 loss 0.572440 |p| 0.25305 eval 0.567658
    [color_grid] step   60 loss 0.508529 |p| 0.25354 eval 0.494607
    [color_grid] step   70 loss 0.392836 |p| 0.25397 eval 0.381928
    [color_grid] step   80 loss 0.280369 |p| 0.25440 eval 0.268380
    [color_grid] step   90 loss 0.146503 |p| 0.25475 eval 0.130368
    [color_grid] step  100 loss -0.012780 |p| 0.25501 eval -0.029871
    [color_grid] step  110 loss -0.168357 |p| 0.25514 eval -0.180383
    [color_grid] step  120 loss -0.266257 |p| 0.25521 eval -0.274653
    [color_grid] step  130 loss -0.347140 |p| 0.25527 eval -0.355898
    [color_grid] step  140 loss -0.426338 |p| 0.25536 eval -0.433750
    [color_grid] step  150 loss -0.491525 |p| 0.25538 eval -0.498552
    [color_grid] step  160 loss -0.548971 |p| 0.25545 eval -0.550889
    [color_grid] step  170 loss -0.584890 |p| 0.25553 eval -0.585810
    [color_grid] step  180 loss -0.623276 |p| 0.25560 eval -0.626227
    [color_grid] step  190 loss -0.659307 |p| 0.25568 eval -0.661138
    [color_grid] step  200 loss -0.680073 |p| 0.25575 eval -0.683451
    [color_grid] step  210 loss -0.696431 |p| 0.25585 eval -0.696672
    [color_grid] step  220 loss -0.706145 |p| 0.25595 eval -0.707415
    [color_grid] step  230 loss -0.715666 |p| 0.25604 eval -0.716437
    [color_grid] step  240 loss -0.722358 |p| 0.25614 eval -0.723340
    [color_grid] step  250 loss -0.728795 |p| 0.25623 eval -0.730552
    [color_grid] step  260 loss -0.736538 |p| 0.25633 eval -0.737994
    [color_grid] step  270 loss -0.743089 |p| 0.25644 eval -0.742836
    [color_grid] step  280 loss -0.746990 |p| 0.25653 eval -0.746551
    [color_grid] step  290 loss -0.749256 |p| 0.25660 eval -0.749414
    [color_grid] step  300 loss -0.751809 |p| 0.25667 eval -0.751313
    [color_grid] step  310 loss -0.753714 |p| 0.25671 eval -0.753945
    [color_grid] step  320 loss -0.757347 |p| 0.25676 eval -0.757450
    [color_grid] step  330 loss -0.758315 |p| 0.25683 eval -0.759505
    [color_grid] step  340 loss -0.759932 |p| 0.25687 eval -0.760317
    [color_grid] step  350 loss -0.761370 |p| 0.25691 eval -0.761014
    [color_grid] step  360 loss -0.762045 |p| 0.25694 eval -0.761691
    [color_grid] step  370 loss -0.763599 |p| 0.25698 eval -0.762948
    [color_grid] step  380 loss -0.764421 |p| 0.25702 eval -0.763367
    [color_grid] step  390 loss -0.764603 |p| 0.25705 eval -0.763951
    [color_grid] step  399 loss -0.764077 |p| 0.25706 eval -0.765086
  color_grid  whole:sign   r=0.20  cos=-0.7651 redetect=None stop=max_steps@400
    [color_grid] step    0 loss 1.000000 |p| 0.25016 eval 0.998354
    [color_grid] step   10 loss 0.852866 |p| 0.25126 eval 0.831765
    [color_grid] step   20 loss 0.691530 |p| 0.25209 eval 0.679053
    [color_grid] step   30 loss 0.603388 |p| 0.25282 eval 0.598108
    [color_grid] step   40 loss 0.541466 |p| 0.25357 eval 0.532886
    [color_grid] step   50 loss 0.443684 |p| 0.25434 eval 0.426936
    [color_grid] step   60 loss 0.254046 |p| 0.25486 eval 0.236164
    [color_grid] step   70 loss 0.046109 |p| 0.25521 eval 0.022999
    [color_grid] step   80 loss -0.149644 |p| 0.25553 eval -0.166505
    [color_grid] step   90 loss -0.277933 |p| 0.25576 eval -0.289142
    [color_grid] step  100 loss -0.403840 |p| 0.25607 eval -0.414290
    [color_grid] step  110 loss -0.502350 |p| 0.25631 eval -0.513902
    [color_grid] step  120 loss -0.605677 |p| 0.25655 eval -0.613076
    [color_grid] step  130 loss -0.655215 |p| 0.25675 eval -0.657871
    [color_grid] step  140 loss -0.678896 |p| 0.25697 eval -0.679169
    [color_grid] step  150 loss -0.697865 |p| 0.25722 eval -0.698317
    [color_grid] step  160 loss -0.718257 |p| 0.25741 eval -0.723605
    [color_grid] step  170 loss -0.737545 |p| 0.25749 eval -0.745728
    [color_grid] step  180 loss -0.752255 |p| 0.25759 eval -0.762214
    [color_grid] step  190 loss -0.765127 |p| 0.25771 eval -0.775140
    [color_grid] step  200 loss -0.777276 |p| 0.25786 eval -0.782699
    [color_grid] step  210 loss -0.786967 |p| 0.25802 eval -0.791801
    [color_grid] step  220 loss -0.797433 |p| 0.25820 eval -0.799237
    [color_grid] step  230 loss -0.800765 |p| 0.25833 eval -0.805458
    [color_grid] step  240 loss -0.805115 |p| 0.25847 eval -0.809714
    [color_grid] step  250 loss -0.809019 |p| 0.25860 eval -0.812350
    [color_grid] step  260 loss -0.813535 |p| 0.25873 eval -0.816882
    [color_grid] step  270 loss -0.817545 |p| 0.25883 eval -0.817561
    [color_grid] step  280 loss -0.820479 |p| 0.25891 eval -0.819621
    [color_grid] step  290 loss -0.821712 |p| 0.25899 eval -0.821082
    [color_grid] step  300 loss -0.822338 |p| 0.25904 eval -0.822160
    [color_grid] step  310 loss -0.823158 |p| 0.25908 eval -0.823245
    [color_grid] step  320 loss -0.823842 |p| 0.25912 eval -0.824317
    [color_grid] step  330 loss -0.824418 |p| 0.25915 eval -0.824746
    [color_grid] step  340 loss -0.824569 |p| 0.25921 eval -0.825035
    [color_grid] step  350 loss -0.825852 |p| 0.25927 eval -0.825329
    [color_grid] step  360 loss -0.826213 |p| 0.25933 eval -0.825901
    [color_grid] step  370 loss -0.828765 |p| 0.25937 eval -0.824708
    [color_grid] step  380 loss -0.829055 |p| 0.25939 eval -0.825818
    [color_grid] step  390 loss -0.829859 |p| 0.25942 eval -0.826897
    [color_grid] step  399 loss -0.826976 |p| 0.25945 eval -0.830212
  color_grid  whole:sign   r=0.30  cos=-0.8302 redetect=-0.47791 stop=max_steps@400
    [color_grid] step    0 loss 1.000000 |p| 0.25033 eval 0.994235
    [color_grid] step   10 loss 0.754643 |p| 0.25204 eval 0.734524
    [color_grid] step   20 loss 0.589551 |p| 0.25332 eval 0.580952
    [color_grid] step   30 loss 0.475415 |p| 0.25444 eval 0.458751
    [color_grid] step   40 loss 0.344900 |p| 0.25532 eval 0.328598
    [color_grid] step   50 loss 0.170384 |p| 0.25619 eval 0.159326
    [color_grid] step   60 loss -0.000130 |p| 0.25711 eval -0.042145
    [color_grid] step   70 loss -0.399498 |p| 0.25775 eval -0.418392
    [color_grid] step   80 loss -0.560401 |p| 0.25817 eval -0.570119
    [color_grid] step   90 loss -0.617131 |p| 0.25848 eval -0.621561
    [color_grid] step  100 loss -0.646975 |p| 0.25870 eval -0.652492
    [color_grid] step  110 loss -0.673328 |p| 0.25903 eval -0.683985
    [color_grid] step  120 loss -0.704319 |p| 0.25941 eval -0.709496
    [color_grid] step  130 loss -0.726832 |p| 0.25986 eval -0.735929
    [color_grid] step  140 loss -0.740900 |p| 0.26029 eval -0.750417
    [color_grid] step  150 loss -0.756437 |p| 0.26070 eval -0.766135
    [color_grid] step  160 loss -0.770882 |p| 0.26118 eval -0.778867
    [color_grid] step  170 loss -0.783448 |p| 0.26165 eval -0.784694
    [color_grid] step  180 loss -0.789898 |p| 0.26209 eval -0.792326
    [color_grid] step  190 loss -0.797539 |p| 0.26245 eval -0.796146
    [color_grid] step  200 loss -0.803153 |p| 0.26275 eval -0.798877
    [color_grid] step  210 loss -0.805193 |p| 0.26309 eval -0.804258
    [color_grid] step  220 loss -0.812290 |p| 0.26340 eval -0.808914
    [color_grid] step  230 loss -0.816754 |p| 0.26366 eval -0.811115
    [color_grid] step  240 loss -0.819349 |p| 0.26391 eval -0.812993
    [color_grid] step  250 loss -0.820175 |p| 0.26413 eval -0.814910
    [color_grid] step  260 loss -0.825001 |p| 0.26439 eval -0.819481
    [color_grid] step  270 loss -0.824227 |p| 0.26465 eval -0.826045
    [color_grid] step  280 loss -0.828310 |p| 0.26485 eval -0.829015
    [color_grid] step  290 loss -0.831202 |p| 0.26508 eval -0.832364
    [color_grid] step  300 loss -0.834089 |p| 0.26530 eval -0.834237
    [color_grid] step  310 loss -0.836758 |p| 0.26549 eval -0.836655
    [color_grid] step  320 loss -0.834746 |p| 0.26566 eval -0.839293
    [color_grid] step  330 loss -0.837786 |p| 0.26575 eval -0.841005
    [color_grid] step  340 loss -0.839786 |p| 0.26584 eval -0.842532
    [color_grid] step  350 loss -0.841760 |p| 0.26594 eval -0.843110
    [color_grid] step  360 loss -0.847423 |p| 0.26601 eval -0.842802
    [color_grid] step  370 loss -0.847928 |p| 0.26609 eval -0.843689
    [color_grid] step  380 loss -0.848269 |p| 0.26615 eval -0.843995
    [color_grid] step  390 loss -0.849218 |p| 0.26623 eval -0.844485
    [color_grid] step  399 loss -0.845129 |p| 0.26629 eval -0.849983
  color_grid  whole:sign   r=0.60  cos=-0.8500 redetect=None stop=max_steps@400
    [color_grid] step    0 loss 1.000000 |p| 0.25066 eval 0.983000
    [color_grid] step   10 loss 0.660584 |p| 0.25343 eval 0.637139
    [color_grid] step   20 loss 0.408733 |p| 0.25520 eval 0.377809
    [color_grid] step   30 loss -0.052597 |p| 0.25682 eval -0.094832
    [color_grid] step   40 loss -0.457905 |p| 0.25786 eval -0.478870
    [color_grid] step   50 loss -0.581032 |p| 0.25899 eval -0.598998
    [color_grid] step   60 loss -0.649015 |p| 0.26020 eval -0.634841
    [color_grid] step   70 loss -0.669769 |p| 0.26097 eval -0.644385
    [color_grid] step   80 loss -0.679395 |p| 0.26175 eval -0.667965
    [color_grid] step   90 loss -0.695885 |p| 0.26251 eval -0.662674
    [color_grid] step  100 loss -0.706463 |p| 0.26336 eval -0.687371
    [color_grid] step  110 loss -0.709813 |p| 0.26410 eval -0.703695
    [color_grid] step  120 loss -0.715458 |p| 0.26479 eval -0.715647
    [color_grid] step  130 loss -0.729204 |p| 0.26543 eval -0.724353
    [color_grid] step  140 loss -0.740685 |p| 0.26603 eval -0.724800
    [color_grid] step  150 loss -0.745233 |p| 0.26661 eval -0.736154
    [color_grid] step  160 loss -0.755884 |p| 0.26717 eval -0.748488
    [color_grid] step  170 loss -0.760357 |p| 0.26767 eval -0.757426
    [color_grid] step  180 loss -0.749556 |p| 0.26812 eval -0.767614
    [color_grid] step  190 loss -0.770211 |p| 0.26869 eval -0.769944
    [color_grid] step  200 loss -0.759833 |p| 0.26921 eval -0.790860
    [color_grid] step  210 loss -0.771497 |p| 0.26986 eval -0.787569
    [color_grid] step  220 loss -0.783859 |p| 0.27017 eval -0.787080
    [color_grid] step  230 loss -0.792637 |p| 0.27071 eval -0.783781
    [color_grid] step  240 loss -0.793257 |p| 0.27094 eval -0.777344
    [color_grid] step  250 loss -0.800805 |p| 0.27120 eval -0.783908
    [color_grid] step  260 loss -0.803130 |p| 0.27148 eval -0.779795
    [color_grid] step  270 loss -0.805921 |p| 0.27186 eval -0.808241
    [color_grid] step  280 loss -0.793896 |p| 0.27196 eval -0.804389
    [color_grid] step  290 loss -0.799879 |p| 0.27223 eval -0.813152
    [color_grid] step  300 loss -0.804589 |p| 0.27255 eval -0.795763
    [color_grid] step  310 loss -0.807912 |p| 0.27284 eval -0.815524
    [color_grid] step  320 loss -0.794574 |p| 0.27308 eval -0.823757
    [color_grid] step  330 loss -0.818508 |p| 0.27341 eval -0.823382
    [color_grid] step  340 loss -0.825143 |p| 0.27370 eval -0.825236
    [color_grid] step  350 loss -0.824403 |p| 0.27389 eval -0.820272
    [color_grid] step  360 loss -0.819631 |p| 0.27407 eval -0.814067
    [color_grid] step  370 loss -0.839968 |p| 0.27432 eval -0.820931
    [color_grid] step  380 loss -0.832538 |p| 0.27473 eval -0.806006
    [color_grid] step  390 loss -0.841440 |p| 0.27497 eval -0.833847
    [color_grid] step  399 loss -0.831082 |p| 0.27514 eval -0.850066
  color_grid  whole:sign   r=1.20  cos=-0.8501 redetect=None stop=max_steps@400
    [color_grid] step    0 loss 1.000000 |p| 0.25110 eval 0.965199
    [color_grid] step   10 loss 0.621074 |p| 0.25477 eval 0.592961
    [color_grid] step   20 loss 0.138815 |p| 0.25679 eval 0.063440
    [color_grid] step   30 loss -0.318367 |p| 0.25832 eval -0.350439
    [color_grid] step   40 loss -0.522832 |p| 0.25979 eval -0.522537
    [color_grid] step   50 loss -0.628826 |p| 0.26087 eval -0.633960
    [color_grid] step   60 loss -0.649812 |p| 0.26212 eval -0.708363
    [color_grid] step   70 loss -0.691670 |p| 0.26294 eval -0.741833
    [color_grid] step   80 loss -0.742010 |p| 0.26392 eval -0.748201
    [color_grid] step   90 loss -0.760649 |p| 0.26500 eval -0.744097
    [color_grid] step  100 loss -0.760109 |p| 0.26630 eval -0.781850
    [color_grid] step  110 loss -0.758561 |p| 0.26755 eval -0.783480
    [color_grid] step  120 loss -0.767903 |p| 0.26889 eval -0.802958
    [color_grid] step  130 loss -0.758021 |p| 0.27006 eval -0.816746
    [color_grid] step  140 loss -0.772074 |p| 0.27129 eval -0.818152
    [color_grid] step  150 loss -0.783779 |p| 0.27230 eval -0.823402
    [color_grid] step  160 loss -0.806992 |p| 0.27327 eval -0.815091
    [color_grid] step  170 loss -0.829600 |p| 0.27406 eval -0.811906
    [color_grid] step  180 loss -0.835587 |p| 0.27502 eval -0.821592
    [color_grid] step  190 loss -0.823166 |p| 0.27584 eval -0.816502
    [color_grid] step  200 loss -0.843902 |p| 0.27661 eval -0.832868
    [color_grid] step  210 loss -0.855316 |p| 0.27752 eval -0.832499
    [color_grid] step  220 loss -0.854251 |p| 0.27830 eval -0.833910
    [color_grid] step  230 loss -0.856708 |p| 0.27896 eval -0.834605
    [color_grid] step  240 loss -0.848522 |p| 0.27932 eval -0.847372
    [color_grid] step  250 loss -0.846586 |p| 0.27963 eval -0.862405
    [color_grid] step  260 loss -0.841895 |p| 0.28018 eval -0.843342
    [color_grid] step  270 loss -0.861187 |p| 0.28065 eval -0.848560
    [color_grid] step  280 loss -0.879481 |p| 0.28132 eval -0.809863
    [color_grid] step  290 loss -0.860686 |p| 0.28189 eval -0.838987
    [color_grid] step  300 loss -0.857346 |p| 0.28226 eval -0.848436
    [color_grid] step  310 loss -0.847328 |p| 0.28305 eval -0.858543
    [color_grid] step  320 loss -0.868776 |p| 0.28335 eval -0.881515
    [color_grid] step  330 loss -0.876046 |p| 0.28356 eval -0.849412
    [color_grid] step  340 loss -0.884897 |p| 0.28393 eval -0.845488
    [color_grid] step  350 loss -0.884301 |p| 0.28437 eval -0.872155
    [color_grid] step  360 loss -0.883428 |p| 0.28492 eval -0.880550
    [color_grid] step  370 loss -0.878373 |p| 0.28531 eval -0.869655
    [color_grid] step  380 loss -0.887223 |p| 0.28550 eval -0.880349
    [color_grid] step  390 loss -0.864025 |p| 0.28586 eval -0.865482
    [color_grid] step  399 loss -0.879586 |p| 0.28610 eval -0.889744
  color_grid  whole:sign   r=2.00  cos=-0.8897 redetect=None stop=max_steps@400
    [color_grid] step    0 loss 1.000000 |p| 0.25001 eval 0.999992
    [color_grid] step   10 loss 0.999020 |p| 0.25009 eval 0.998767
    [color_grid] step   20 loss 0.995103 |p| 0.25019 eval 0.994525
    [color_grid] step   30 loss 0.987455 |p| 0.25029 eval 0.986523
    [color_grid] step   40 loss 0.975801 |p| 0.25040 eval 0.974418
    [color_grid] step   50 loss 0.960596 |p| 0.25051 eval 0.958863
    [color_grid] step   60 loss 0.942443 |p| 0.25062 eval 0.940442
    [color_grid] step   70 loss 0.920769 |p| 0.25075 eval 0.918393
    [color_grid] step   80 loss 0.898099 |p| 0.25085 eval 0.896738
    [color_grid] step   90 loss 0.889326 |p| 0.25089 eval 0.888725
    [color_grid] step  100 loss 0.883212 |p| 0.25092 eval 0.882660
    [color_grid] step  110 loss 0.878444 |p| 0.25095 eval 0.878101
    [color_grid] step  120 loss 0.875440 |p| 0.25097 eval 0.875181
    [color_grid] step  130 loss 0.872635 |p| 0.25098 eval 0.872349
    [color_grid] step  140 loss 0.870301 |p| 0.25100 eval 0.870084
    [color_grid] step  150 loss 0.868645 |p| 0.25101 eval 0.868562
    [color_grid] step  160 loss 0.867386 |p| 0.25102 eval 0.867304
    [color_grid] step  170 loss 0.866301 |p| 0.25103 eval 0.866217
    [color_grid] step  180 loss 0.865628 |p| 0.25103 eval 0.865503
    [color_grid] step  190 loss 0.864763 |p| 0.25104 eval 0.864666
    [color_grid] step  200 loss 0.863691 |p| 0.25104 eval 0.863572
    [color_grid] step  210 loss 0.862787 |p| 0.25104 eval 0.862703
    [color_grid] step  220 loss 0.862124 |p| 0.25104 eval 0.862095
    [color_grid] step  230 loss 0.861633 |p| 0.25104 eval 0.861587
    [color_grid] step  240 loss 0.861153 |p| 0.25104 eval 0.861084
    [color_grid] step  250 loss 0.860754 |p| 0.25104 eval 0.860755
    [color_grid] step  260 loss 0.860433 |p| 0.25104 eval 0.860350
    [color_grid] step  270 loss 0.859913 |p| 0.25104 eval 0.859827
    [color_grid] step  280 loss 0.859035 |p| 0.25104 eval 0.858914
    [color_grid] step  290 loss 0.858203 |p| 0.25104 eval 0.858131
    [color_grid] step  300 loss 0.857620 |p| 0.25105 eval 0.857554
    [color_grid] step  310 loss 0.856993 |p| 0.25105 eval 0.856929
    [color_grid] step  320 loss 0.856454 |p| 0.25105 eval 0.856338
    [color_grid] step  330 loss 0.856021 |p| 0.25106 eval 0.856016
    [color_grid] step  340 loss 0.855755 |p| 0.25106 eval 0.855782
    [color_grid] step  350 loss 0.855571 |p| 0.25106 eval 0.855608
    [color_grid] step  360 loss 0.855406 |p| 0.25106 eval 0.855453
    [color_grid] step  370 loss 0.855355 |p| 0.25106 eval 0.855329
    [color_grid] step  380 loss 0.855222 |p| 0.25107 eval 0.855265
    [color_grid] step  390 loss 0.855180 |p| 0.25107 eval 0.855178
    [color_grid] step  399 loss 0.855109 |p| 0.25107 eval 0.855087
  color_grid  whole:adam   r=0.02  cos=0.8551 redetect=0.88122 stop=max_steps@400
    [color_grid] step    0 loss 1.000000 |p| 0.25002 eval 0.999953
    [color_grid] step   10 loss 0.993996 |p| 0.25022 eval 0.992600
    [color_grid] step   20 loss 0.973423 |p| 0.25045 eval 0.970526
    [color_grid] step   30 loss 0.939669 |p| 0.25069 eval 0.935604
    [color_grid] step   40 loss 0.890285 |p| 0.25094 eval 0.884720
    [color_grid] step   50 loss 0.836487 |p| 0.25119 eval 0.831283
    [color_grid] step   60 loss 0.794555 |p| 0.25141 eval 0.791011
    [color_grid] step   70 loss 0.757358 |p| 0.25160 eval 0.753799
    [color_grid] step   80 loss 0.725073 |p| 0.25177 eval 0.722214
    [color_grid] step   90 loss 0.703719 |p| 0.25188 eval 0.701966
    [color_grid] step  100 loss 0.687571 |p| 0.25195 eval 0.686177
    [color_grid] step  110 loss 0.673686 |p| 0.25200 eval 0.672558
    [color_grid] step  120 loss 0.664511 |p| 0.25204 eval 0.663808
    [color_grid] step  130 loss 0.657567 |p| 0.25208 eval 0.656782
    [color_grid] step  140 loss 0.649396 |p| 0.25212 eval 0.648558
    [color_grid] step  150 loss 0.641958 |p| 0.25215 eval 0.641141
    [color_grid] step  160 loss 0.635470 |p| 0.25218 eval 0.634779
    [color_grid] step  170 loss 0.629566 |p| 0.25222 eval 0.628994
    [color_grid] step  180 loss 0.624835 |p| 0.25225 eval 0.624388
    [color_grid] step  190 loss 0.620016 |p| 0.25228 eval 0.619540
    [color_grid] step  200 loss 0.615207 |p| 0.25230 eval 0.614580
    [color_grid] step  210 loss 0.609788 |p| 0.25233 eval 0.609366
    [color_grid] step  220 loss 0.605644 |p| 0.25235 eval 0.605153
    [color_grid] step  230 loss 0.602292 |p| 0.25237 eval 0.601972
    [color_grid] step  240 loss 0.599809 |p| 0.25237 eval 0.599598
    [color_grid] step  250 loss 0.597851 |p| 0.25238 eval 0.597651
    [color_grid] step  260 loss 0.596293 |p| 0.25239 eval 0.596178
    [color_grid] step  270 loss 0.594786 |p| 0.25240 eval 0.594605
    [color_grid] step  280 loss 0.592707 |p| 0.25241 eval 0.592455
    [color_grid] step  290 loss 0.589492 |p| 0.25241 eval 0.589134
    [color_grid] step  300 loss 0.585375 |p| 0.25242 eval 0.585141
    [color_grid] step  310 loss 0.583189 |p| 0.25243 eval 0.583008
    [color_grid] step  320 loss 0.581491 |p| 0.25243 eval 0.581311
    [color_grid] step  330 loss 0.579898 |p| 0.25244 eval 0.579715
    [color_grid] step  340 loss 0.578598 |p| 0.25245 eval 0.578437
    [color_grid] step  350 loss 0.577181 |p| 0.25245 eval 0.577023
    [color_grid] step  360 loss 0.575691 |p| 0.25245 eval 0.575520
    [color_grid] step  370 loss 0.573954 |p| 0.25245 eval 0.573887
    [color_grid] step  380 loss 0.572692 |p| 0.25246 eval 0.572511
    [color_grid] step  390 loss 0.571306 |p| 0.25246 eval 0.571216
    [color_grid] step  399 loss 0.570217 |p| 0.25247 eval 0.570072
  color_grid  whole:adam   r=0.05  cos=0.5701 redetect=0.58893 stop=max_steps@400
    [color_grid] step    0 loss 1.000000 |p| 0.25004 eval 0.999810
    [color_grid] step   10 loss 0.979559 |p| 0.25043 eval 0.975271
    [color_grid] step   20 loss 0.920981 |p| 0.25087 eval 0.913081
    [color_grid] step   30 loss 0.834190 |p| 0.25130 eval 0.827509
    [color_grid] step   40 loss 0.769625 |p| 0.25169 eval 0.763575
    [color_grid] step   50 loss 0.716697 |p| 0.25200 eval 0.712673
    [color_grid] step   60 loss 0.673572 |p| 0.25229 eval 0.669381
    [color_grid] step   70 loss 0.641172 |p| 0.25254 eval 0.638509
    [color_grid] step   80 loss 0.618800 |p| 0.25277 eval 0.616889
    [color_grid] step   90 loss 0.598892 |p| 0.25299 eval 0.596819
    [color_grid] step  100 loss 0.578773 |p| 0.25318 eval 0.576840
    [color_grid] step  110 loss 0.558817 |p| 0.25334 eval 0.556602
    [color_grid] step  120 loss 0.539824 |p| 0.25348 eval 0.537952
    [color_grid] step  130 loss 0.521412 |p| 0.25361 eval 0.520011
    [color_grid] step  140 loss 0.505767 |p| 0.25372 eval 0.504358
    [color_grid] step  150 loss 0.490129 |p| 0.25382 eval 0.488328
    [color_grid] step  160 loss 0.470421 |p| 0.25391 eval 0.468358
    [color_grid] step  170 loss 0.453601 |p| 0.25400 eval 0.452413
    [color_grid] step  180 loss 0.436880 |p| 0.25406 eval 0.434923
    [color_grid] step  190 loss 0.417199 |p| 0.25409 eval 0.415033
    [color_grid] step  200 loss 0.392304 |p| 0.25411 eval 0.389938
    [color_grid] step  210 loss 0.349842 |p| 0.25414 eval 0.342024
    [color_grid] step  220 loss 0.281153 |p| 0.25418 eval 0.273417
    [color_grid] step  230 loss 0.211931 |p| 0.25421 eval 0.208113
    [color_grid] step  240 loss 0.178372 |p| 0.25423 eval 0.175494
    [color_grid] step  250 loss 0.149660 |p| 0.25423 eval 0.146958
    [color_grid] step  260 loss 0.122307 |p| 0.25422 eval 0.119759
    [color_grid] step  270 loss 0.096930 |p| 0.25419 eval 0.094764
    [color_grid] step  280 loss 0.078803 |p| 0.25417 eval 0.077183
    [color_grid] step  290 loss 0.061837 |p| 0.25416 eval 0.060092
    [color_grid] step  300 loss 0.041376 |p| 0.25416 eval 0.039083
    [color_grid] step  310 loss 0.016405 |p| 0.25416 eval 0.013630
    [color_grid] step  320 loss -0.019227 |p| 0.25418 eval -0.023948
    [color_grid] step  330 loss -0.070304 |p| 0.25419 eval -0.074491
    [color_grid] step  340 loss -0.110148 |p| 0.25418 eval -0.113542
    [color_grid] step  350 loss -0.133833 |p| 0.25416 eval -0.135677
    [color_grid] step  360 loss -0.149797 |p| 0.25413 eval -0.151197
    [color_grid] step  370 loss -0.163489 |p| 0.25411 eval -0.164812
    [color_grid] step  380 loss -0.176449 |p| 0.25412 eval -0.177729
    [color_grid] step  390 loss -0.188455 |p| 0.25415 eval -0.189897
    [color_grid] step  399 loss -0.197972 |p| 0.25418 eval -0.198770
  color_grid  whole:adam   r=0.10  cos=-0.1988 redetect=-0.04415 stop=max_steps@400
    [color_grid] step    0 loss 1.000000 |p| 0.25008 eval 0.999237
    [color_grid] step   10 loss 0.938707 |p| 0.25083 eval 0.926741
    [color_grid] step   20 loss 0.818354 |p| 0.25154 eval 0.809634
    [color_grid] step   30 loss 0.721943 |p| 0.25215 eval 0.713104
    [color_grid] step   40 loss 0.655687 |p| 0.25267 eval 0.649797
    [color_grid] step   50 loss 0.617233 |p| 0.25308 eval 0.613854
    [color_grid] step   60 loss 0.583001 |p| 0.25343 eval 0.579439
    [color_grid] step   70 loss 0.544422 |p| 0.25378 eval 0.539966
    [color_grid] step   80 loss 0.492550 |p| 0.25417 eval 0.488732
    [color_grid] step   90 loss 0.455124 |p| 0.25453 eval 0.451338
    [color_grid] step  100 loss 0.412072 |p| 0.25489 eval 0.406746
    [color_grid] step  110 loss 0.341492 |p| 0.25523 eval 0.333912
    [color_grid] step  120 loss 0.244303 |p| 0.25558 eval 0.229343
    [color_grid] step  130 loss 0.071045 |p| 0.25590 eval 0.042828
    [color_grid] step  140 loss -0.148367 |p| 0.25619 eval -0.162770
    [color_grid] step  150 loss -0.267156 |p| 0.25644 eval -0.277146
    [color_grid] step  160 loss -0.341814 |p| 0.25666 eval -0.347622
    [color_grid] step  170 loss -0.398968 |p| 0.25681 eval -0.404795
    [color_grid] step  180 loss -0.459589 |p| 0.25693 eval -0.465516
    [color_grid] step  190 loss -0.528322 |p| 0.25700 eval -0.533648
    [color_grid] step  200 loss -0.581043 |p| 0.25705 eval -0.585835
    [color_grid] step  210 loss -0.621837 |p| 0.25709 eval -0.626195
    [color_grid] step  220 loss -0.660938 |p| 0.25713 eval -0.663894
    [color_grid] step  230 loss -0.687162 |p| 0.25718 eval -0.689451
    [color_grid] step  240 loss -0.708901 |p| 0.25720 eval -0.710718
    [color_grid] step  250 loss -0.726490 |p| 0.25720 eval -0.728145
    [color_grid] step  260 loss -0.741478 |p| 0.25721 eval -0.743043
    [color_grid] step  270 loss -0.754475 |p| 0.25725 eval -0.755542
    [color_grid] step  280 loss -0.766763 |p| 0.25729 eval -0.768034
    [color_grid] step  290 loss -0.779506 |p| 0.25734 eval -0.780944
    [color_grid] step  300 loss -0.796296 |p| 0.25740 eval -0.797684
    [color_grid] step  310 loss -0.810582 |p| 0.25744 eval -0.812008
    [color_grid] step  320 loss -0.822119 |p| 0.25747 eval -0.823166
    [color_grid] step  330 loss -0.831191 |p| 0.25748 eval -0.831787
    [color_grid] step  340 loss -0.837334 |p| 0.25750 eval -0.837808
    [color_grid] step  350 loss -0.841394 |p| 0.25754 eval -0.841705
    [color_grid] step  360 loss -0.844389 |p| 0.25755 eval -0.844598
    [color_grid] step  370 loss -0.846792 |p| 0.25756 eval -0.846878
    [color_grid] step  380 loss -0.848689 |p| 0.25757 eval -0.848951
    [color_grid] step  390 loss -0.851069 |p| 0.25759 eval -0.851315
    [color_grid] step  399 loss -0.853399 |p| 0.25762 eval -0.853626
  color_grid  whole:adam   r=0.20  cos=-0.8536 redetect=-0.52129 stop=max_steps@400
    [color_grid] step    0 loss 1.000000 |p| 0.25012 eval 0.998367
    [color_grid] step   10 loss 0.890397 |p| 0.25119 eval 0.870676
    [color_grid] step   20 loss 0.769492 |p| 0.25207 eval 0.757827
    [color_grid] step   30 loss 0.657561 |p| 0.25281 eval 0.651243
    [color_grid] step   40 loss 0.610450 |p| 0.25340 eval 0.606494
    [color_grid] step   50 loss 0.565767 |p| 0.25389 eval 0.561463
    [color_grid] step   60 loss 0.517529 |p| 0.25440 eval 0.511675
    [color_grid] step   70 loss 0.448887 |p| 0.25492 eval 0.442675
    [color_grid] step   80 loss 0.382046 |p| 0.25545 eval 0.375042
    [color_grid] step   90 loss 0.299297 |p| 0.25593 eval 0.284869
    [color_grid] step  100 loss 0.070341 |p| 0.25646 eval 0.035785
    [color_grid] step  110 loss -0.182036 |p| 0.25697 eval -0.197520
    [color_grid] step  120 loss -0.321187 |p| 0.25736 eval -0.331949
    [color_grid] step  130 loss -0.418332 |p| 0.25759 eval -0.426430
    [color_grid] step  140 loss -0.504879 |p| 0.25778 eval -0.513855
    [color_grid] step  150 loss -0.581850 |p| 0.25799 eval -0.587720
    [color_grid] step  160 loss -0.644856 |p| 0.25823 eval -0.649815
    [color_grid] step  170 loss -0.685159 |p| 0.25844 eval -0.688410
    [color_grid] step  180 loss -0.716404 |p| 0.25863 eval -0.719509
    [color_grid] step  190 loss -0.746468 |p| 0.25876 eval -0.749148
    [color_grid] step  200 loss -0.770160 |p| 0.25889 eval -0.772018
    [color_grid] step  210 loss -0.789536 |p| 0.25901 eval -0.790970
    [color_grid] step  220 loss -0.803650 |p| 0.25908 eval -0.805096
    [color_grid] step  230 loss -0.817427 |p| 0.25913 eval -0.818777
    [color_grid] step  240 loss -0.828802 |p| 0.25917 eval -0.829626
    [color_grid] step  250 loss -0.837301 |p| 0.25921 eval -0.838026
    [color_grid] step  260 loss -0.844392 |p| 0.25924 eval -0.844835
    [color_grid] step  270 loss -0.850436 |p| 0.25929 eval -0.850971
    [color_grid] step  280 loss -0.855595 |p| 0.25935 eval -0.856186
    [color_grid] step  290 loss -0.861036 |p| 0.25943 eval -0.861565
    [color_grid] step  300 loss -0.866407 |p| 0.25950 eval -0.866797
    [color_grid] step  310 loss -0.871131 |p| 0.25955 eval -0.871564
    [color_grid] step  320 loss -0.874857 |p| 0.25963 eval -0.874776
    [color_grid] step  330 loss -0.877921 |p| 0.25973 eval -0.878195
    [color_grid] step  340 loss -0.880525 |p| 0.25982 eval -0.880762
    [color_grid] step  350 loss -0.883021 |p| 0.25990 eval -0.883055
    [color_grid] step  360 loss -0.885548 |p| 0.25997 eval -0.885787
    [color_grid] step  370 loss -0.887533 |p| 0.26003 eval -0.887639
    [color_grid] step  380 loss -0.888634 |p| 0.26007 eval -0.889348
    [color_grid] step  390 loss -0.890254 |p| 0.26010 eval -0.890832
    [color_grid] step  399 loss -0.891571 |p| 0.26014 eval -0.892292
  color_grid  whole:adam   r=0.30  cos=-0.8923 redetect=-0.5241 stop=max_steps@400
    [color_grid] step    0 loss 1.000000 |p| 0.25024 eval 0.994283
    [color_grid] step   10 loss 0.809660 |p| 0.25207 eval 0.795138
    [color_grid] step   20 loss 0.652119 |p| 0.25329 eval 0.642373
    [color_grid] step   30 loss 0.577617 |p| 0.25435 eval 0.569809
    [color_grid] step   40 loss 0.465712 |p| 0.25534 eval 0.457373
    [color_grid] step   50 loss 0.399504 |p| 0.25620 eval 0.391738
    [color_grid] step   60 loss 0.334130 |p| 0.25698 eval 0.327321
    [color_grid] step   70 loss 0.240663 |p| 0.25782 eval 0.228651
    [color_grid] step   80 loss 0.107099 |p| 0.25868 eval 0.085223
    [color_grid] step   90 loss -0.072542 |p| 0.25952 eval -0.093478
    [color_grid] step  100 loss -0.197111 |p| 0.26043 eval -0.207794
    [color_grid] step  110 loss -0.459623 |p| 0.26120 eval -0.478097
    [color_grid] step  120 loss -0.579170 |p| 0.26175 eval -0.583665
    [color_grid] step  130 loss -0.617173 |p| 0.26202 eval -0.620758
    [color_grid] step  140 loss -0.651884 |p| 0.26207 eval -0.655285
    [color_grid] step  150 loss -0.676318 |p| 0.26209 eval -0.678242
    [color_grid] step  160 loss -0.693464 |p| 0.26220 eval -0.694871
    [color_grid] step  170 loss -0.711128 |p| 0.26232 eval -0.712750
    [color_grid] step  180 loss -0.727383 |p| 0.26252 eval -0.728645
    [color_grid] step  190 loss -0.738978 |p| 0.26275 eval -0.740066
    [color_grid] step  200 loss -0.749901 |p| 0.26301 eval -0.751193
    [color_grid] step  210 loss -0.761126 |p| 0.26334 eval -0.762235
    [color_grid] step  220 loss -0.772784 |p| 0.26366 eval -0.773897
    [color_grid] step  230 loss -0.783298 |p| 0.26393 eval -0.784328
    [color_grid] step  240 loss -0.792499 |p| 0.26421 eval -0.793252
    [color_grid] step  250 loss -0.799888 |p| 0.26449 eval -0.800588
    [color_grid] step  260 loss -0.807184 |p| 0.26478 eval -0.807946
    [color_grid] step  270 loss -0.814097 |p| 0.26504 eval -0.814749
    [color_grid] step  280 loss -0.819703 |p| 0.26528 eval -0.820207
    [color_grid] step  290 loss -0.824517 |p| 0.26549 eval -0.824964
    [color_grid] step  300 loss -0.829034 |p| 0.26573 eval -0.829484
    [color_grid] step  310 loss -0.833309 |p| 0.26598 eval -0.833739
    [color_grid] step  320 loss -0.837675 |p| 0.26620 eval -0.838162
    [color_grid] step  330 loss -0.842290 |p| 0.26639 eval -0.842719
    [color_grid] step  340 loss -0.846397 |p| 0.26658 eval -0.846812
    [color_grid] step  350 loss -0.850197 |p| 0.26674 eval -0.850538
    [color_grid] step  360 loss -0.853741 |p| 0.26690 eval -0.854052
    [color_grid] step  370 loss -0.857576 |p| 0.26705 eval -0.857886
    [color_grid] step  380 loss -0.861085 |p| 0.26720 eval -0.861413
    [color_grid] step  390 loss -0.864645 |p| 0.26735 eval -0.864961
    [color_grid] step  399 loss -0.868410 |p| 0.26751 eval -0.868855
  color_grid  whole:adam   r=0.60  cos=-0.8689 redetect=-0.40855 stop=max_steps@400
    [color_grid] step    0 loss 1.000000 |p| 0.25048 eval 0.983084
    [color_grid] step   10 loss 0.717170 |p| 0.25346 eval 0.704904
    [color_grid] step   20 loss 0.595049 |p| 0.25583 eval 0.580958
    [color_grid] step   30 loss 0.404144 |p| 0.25772 eval 0.386848
    [color_grid] step   40 loss 0.192707 |p| 0.25955 eval 0.155786
    [color_grid] step   50 loss -0.265049 |p| 0.26132 eval -0.297826
    [color_grid] step   60 loss -0.469421 |p| 0.26269 eval -0.487063
    [color_grid] step   70 loss -0.639647 |p| 0.26350 eval -0.657358
    [color_grid] step   80 loss -0.753999 |p| 0.26402 eval -0.750287
    [color_grid] step   90 loss -0.796679 |p| 0.26438 eval -0.803716
    [color_grid] step  100 loss -0.842419 |p| 0.26475 eval -0.845513
    [color_grid] step  110 loss -0.864839 |p| 0.26506 eval -0.867710
    [color_grid] step  120 loss -0.880482 |p| 0.26535 eval -0.883490
    [color_grid] step  130 loss -0.898710 |p| 0.26566 eval -0.900026
    [color_grid] step  140 loss -0.912016 |p| 0.26597 eval -0.913345
    [color_grid] step  150 loss -0.922634 |p| 0.26629 eval -0.923675
    [color_grid] step  160 loss -0.929912 |p| 0.26662 eval -0.930485
    [color_grid] step  170 loss -0.935588 |p| 0.26690 eval -0.936048
    [color_grid] step  180 loss -0.940154 |p| 0.26720 eval -0.940582
    [color_grid] step  190 loss -0.943815 |p| 0.26756 eval -0.944141
    [color_grid] step  200 loss -0.947679 |p| 0.26793 eval -0.948099
    [color_grid] step  210 loss -0.950774 |p| 0.26825 eval -0.950832
    [color_grid] step  220 loss -0.953095 |p| 0.26858 eval -0.953333
    [color_grid] step  230 loss -0.955734 |p| 0.26895 eval -0.955713
    [color_grid] step  240 loss -0.957905 |p| 0.26932 eval -0.958086
    [color_grid] step  250 loss -0.959918 |p| 0.26972 eval -0.960122
    [color_grid] step  260 loss -0.961733 |p| 0.27012 eval -0.961771
    [color_grid] step  270 loss -0.963093 |p| 0.27053 eval -0.963340
    [color_grid] step  280 loss -0.964460 |p| 0.27093 eval -0.964264
    [color_grid] step  290 loss -0.966181 |p| 0.27127 eval -0.965455
    [color_grid] step  300 loss -0.967370 |p| 0.27156 eval -0.967654
    [color_grid] step  310 loss -0.968854 |p| 0.27181 eval -0.969024
    [color_grid] step  320 loss -0.970141 |p| 0.27204 eval -0.969912
    [color_grid] step  330 loss -0.970693 |p| 0.27228 eval -0.970616
    [color_grid] step  340 loss -0.971285 |p| 0.27252 eval -0.971531
    [color_grid] step  350 loss -0.972791 |p| 0.27273 eval -0.972610
    [color_grid] step  360 loss -0.973188 |p| 0.27294 eval -0.973282
    [color_grid] step  370 loss -0.971337 |p| 0.27314 eval -0.971401
    [color_grid] step  380 loss -0.974021 |p| 0.27334 eval -0.974457
    [color_grid] step  390 loss -0.975423 |p| 0.27353 eval -0.975497
    [color_grid] step  399 loss -0.975851 |p| 0.27371 eval -0.976145
  color_grid  whole:adam   r=1.20  cos=-0.9761 redetect=None stop=max_steps@400
    [color_grid] step    0 loss 1.000000 |p| 0.25079 eval 0.965359
    [color_grid] step   10 loss 0.648686 |p| 0.25525 eval 0.627670
    [color_grid] step   20 loss 0.161065 |p| 0.25877 eval 0.103896
    [color_grid] step   30 loss -0.349346 |p| 0.26147 eval -0.378987
    [color_grid] step   40 loss -0.553471 |p| 0.26369 eval -0.565705
    [color_grid] step   50 loss -0.641186 |p| 0.26524 eval -0.649011
    [color_grid] step   60 loss -0.690739 |p| 0.26616 eval -0.696599
    [color_grid] step   70 loss -0.727465 |p| 0.26681 eval -0.731729
    [color_grid] step   80 loss -0.755642 |p| 0.26744 eval -0.758165
    [color_grid] step   90 loss -0.779560 |p| 0.26809 eval -0.782892
    [color_grid] step  100 loss -0.804928 |p| 0.26891 eval -0.807033
    [color_grid] step  110 loss -0.822144 |p| 0.26974 eval -0.823151
    [color_grid] step  120 loss -0.834426 |p| 0.27040 eval -0.836405
    [color_grid] step  130 loss -0.844755 |p| 0.27119 eval -0.845372
    [color_grid] step  140 loss -0.857122 |p| 0.27206 eval -0.858002
    [color_grid] step  150 loss -0.871727 |p| 0.27313 eval -0.872430
    [color_grid] step  160 loss -0.891293 |p| 0.27427 eval -0.895435
    [color_grid] step  170 loss -0.918825 |p| 0.27549 eval -0.917516
    [color_grid] step  180 loss -0.927669 |p| 0.27646 eval -0.933050
    [color_grid] step  190 loss -0.942715 |p| 0.27704 eval -0.942622
    [color_grid] step  200 loss -0.950802 |p| 0.27749 eval -0.951103
    [color_grid] step  210 loss -0.956910 |p| 0.27784 eval -0.957321
    [color_grid] step  220 loss -0.961573 |p| 0.27817 eval -0.961488
    [color_grid] step  230 loss -0.964383 |p| 0.27849 eval -0.964619
    [color_grid] step  240 loss -0.963143 |p| 0.27881 eval -0.960856
    [color_grid] step  250 loss -0.961954 |p| 0.27916 eval -0.965504
    [color_grid] step  260 loss -0.968382 |p| 0.27961 eval -0.968327
    [color_grid] step  270 loss -0.969329 |p| 0.27999 eval -0.968252
    [color_grid] step  280 loss -0.972092 |p| 0.28036 eval -0.971537
    [color_grid] step  290 loss -0.974139 |p| 0.28067 eval -0.970752
    [color_grid] step  300 loss -0.974820 |p| 0.28102 eval -0.975011
    [color_grid] step  310 loss -0.976981 |p| 0.28137 eval -0.977451
    [color_grid] step  320 loss -0.977689 |p| 0.28170 eval -0.978254
    [color_grid] step  330 loss -0.976490 |p| 0.28206 eval -0.976267
    [color_grid] step  340 loss -0.979092 |p| 0.28240 eval -0.979377
    [color_grid] step  350 loss -0.981380 |p| 0.28267 eval -0.981191
    [color_grid] step  360 loss -0.982971 |p| 0.28292 eval -0.983255
    [color_grid] step  370 loss -0.981921 |p| 0.28314 eval -0.982313
    [color_grid] step  380 loss -0.979088 |p| 0.28341 eval -0.980971
    [color_grid] step  390 loss -0.979689 |p| 0.28377 eval -0.979747
    [color_grid] step  399 loss -0.983448 |p| 0.28408 eval -0.984007
  color_grid  whole:adam   r=2.00  cos=-0.9840 redetect=None stop=max_steps@400
  color_grid  whole:rand   r=0.02  cos=0.9967 redetect=0.97734 stop=no_params@0
  color_grid  whole:rand   r=0.05  cos=0.9842 redetect=0.97197 stop=no_params@0
  color_grid  whole:rand   r=0.10  cos=0.9421 redetect=0.93148 stop=no_params@0
  color_grid  whole:rand   r=0.20  cos=0.8546 redetect=0.83498 stop=no_params@0
  color_grid  whole:rand   r=0.30  cos=0.7353 redetect=None stop=no_params@0
  color_grid  whole:rand   r=0.60  cos=0.2869 redetect=None stop=no_params@0
  color_grid  whole:rand   r=1.20  cos=0.0572 redetect=None stop=no_params@0
  color_grid  whole:rand   r=2.00  cos=0.0260 redetect=None stop=no_params@0
    [color_curve] step    0 loss 1.000000 |p| 0.01563 eval 1.000000
    [color_curve] step   10 loss 0.999994 |p| 0.01563 eval 0.999992
    [color_curve] step   20 loss 0.999971 |p| 0.01563 eval 0.999967
    [color_curve] step   30 loss 0.999929 |p| 0.01563 eval 0.999922
    [color_curve] step   40 loss 0.999865 |p| 0.01563 eval 0.999858
    [color_curve] step   50 loss 0.999781 |p| 0.01564 eval 0.999773
    [color_curve] step   60 loss 0.999766 |p| 0.01564 eval 0.999767
    [color_curve] step   70 loss 0.999767 |p| 0.01564 eval 0.999766
    [color_curve] step   80 loss 0.999768 |p| 0.01564 eval 0.999768
    [color_curve] early stop at step 80（連續 8 次評估未改善 > 0.0001）
  color_curve whole:sign   r=0.02  cos=0.9998 redetect=0.99493 stop=early_stop@81
    [color_curve] step    0 loss 1.000000 |p| 0.01563 eval 1.000000
    [color_curve] step   10 loss 0.999963 |p| 0.01564 eval 0.999954
    [color_curve] step   20 loss 0.999814 |p| 0.01564 eval 0.999790
    [color_curve] step   30 loss 0.999519 |p| 0.01565 eval 0.999478
    [color_curve] step   40 loss 0.999095 |p| 0.01565 eval 0.999054
    [color_curve] step   50 loss 0.998588 |p| 0.01567 eval 0.998552
    [color_curve] step   60 loss 0.998462 |p| 0.01567 eval 0.998463
    [color_curve] step   70 loss 0.998456 |p| 0.01567 eval 0.998457
    [color_curve] step   80 loss 0.998459 |p| 0.01567 eval 0.998459
    [color_curve] step   90 loss 0.998457 |p| 0.01567 eval 0.998455
    [color_curve] step  100 loss 0.998456 |p| 0.01566 eval 0.998460
    [color_curve] step  110 loss 0.998455 |p| 0.01566 eval 0.998449
    [color_curve] step  120 loss 0.998456 |p| 0.01566 eval 0.998456
    [color_curve] step  130 loss 0.998456 |p| 0.01566 eval 0.998453
    [color_curve] early stop at step 130（連續 8 次評估未改善 > 0.0001）
  color_curve whole:sign   r=0.05  cos=0.9984 redetect=0.99239 stop=early_stop@131
    [color_curve] step    0 loss 1.000000 |p| 0.01563 eval 0.999999
    [color_curve] step   10 loss 0.999861 |p| 0.01564 eval 0.999821
    [color_curve] step   20 loss 0.999233 |p| 0.01566 eval 0.999145
    [color_curve] step   30 loss 0.998113 |p| 0.01567 eval 0.997971
    [color_curve] step   40 loss 0.996506 |p| 0.01568 eval 0.996308
    [color_curve] step   50 loss 0.994627 |p| 0.01570 eval 0.994502
    [color_curve] step   60 loss 0.994046 |p| 0.01572 eval 0.994033
    [color_curve] step   70 loss 0.993953 |p| 0.01570 eval 0.993951
    [color_curve] step   80 loss 0.993928 |p| 0.01569 eval 0.993924
    [color_curve] step   90 loss 0.993877 |p| 0.01568 eval 0.993864
    [color_curve] step  100 loss 0.993857 |p| 0.01567 eval 0.993847
    [color_curve] step  110 loss 0.993824 |p| 0.01566 eval 0.993829
    [color_curve] step  120 loss 0.993799 |p| 0.01566 eval 0.993814
    [color_curve] step  130 loss 0.993805 |p| 0.01566 eval 0.993808
    [color_curve] step  140 loss 0.993806 |p| 0.01566 eval 0.993798
    [color_curve] early stop at step 140（連續 8 次評估未改善 > 0.0001）
  color_curve whole:sign   r=0.10  cos=0.9938 redetect=0.98409 stop=early_stop@141
    [color_curve] step    0 loss 1.000000 |p| 0.01563 eval 0.999998
    [color_curve] step   10 loss 0.999405 |p| 0.01565 eval 0.999249
    [color_curve] step   20 loss 0.997029 |p| 0.01567 eval 0.996699
    [color_curve] step   30 loss 0.992974 |p| 0.01567 eval 0.992502
    [color_curve] step   40 loss 0.987908 |p| 0.01565 eval 0.987433
    [color_curve] step   50 loss 0.984702 |p| 0.01573 eval 0.984531
    [color_curve] step   60 loss 0.983660 |p| 0.01584 eval 0.983614
    [color_curve] step   70 loss 0.983479 |p| 0.01584 eval 0.983462
    [color_curve] step   80 loss 0.983410 |p| 0.01583 eval 0.983395
    [color_curve] step   90 loss 0.983333 |p| 0.01583 eval 0.983339
    [color_curve] step  100 loss 0.983324 |p| 0.01582 eval 0.983333
    [color_curve] step  110 loss 0.983322 |p| 0.01581 eval 0.983326
    [color_curve] step  120 loss 0.983307 |p| 0.01580 eval 0.983316
    [color_curve] step  130 loss 0.983303 |p| 0.01579 eval 0.983297
    [color_curve] step  140 loss 0.983316 |p| 0.01578 eval 0.983305
    [color_curve] step  150 loss 0.983309 |p| 0.01578 eval 0.983305
    [color_curve] early stop at step 150（連續 8 次評估未改善 > 0.0001）
  color_curve whole:sign   r=0.20  cos=0.9833 redetect=0.97536 stop=early_stop@151
    [color_curve] step    0 loss 1.000000 |p| 0.01563 eval 0.999996
    [color_curve] step   10 loss 0.998693 |p| 0.01567 eval 0.998362
    [color_curve] step   20 loss 0.993713 |p| 0.01568 eval 0.993037
    [color_curve] step   30 loss 0.986635 |p| 0.01565 eval 0.986066
    [color_curve] step   40 loss 0.981759 |p| 0.01563 eval 0.981343
    [color_curve] step   50 loss 0.978528 |p| 0.01577 eval 0.978302
    [color_curve] step   60 loss 0.976888 |p| 0.01590 eval 0.976857
    [color_curve] step   70 loss 0.976454 |p| 0.01586 eval 0.976414
    [color_curve] step   80 loss 0.976117 |p| 0.01586 eval 0.976076
    [color_curve] step   90 loss 0.975753 |p| 0.01587 eval 0.975710
    [color_curve] step  100 loss 0.975373 |p| 0.01584 eval 0.975330
    [color_curve] step  110 loss 0.974904 |p| 0.01582 eval 0.974840
    [color_curve] step  120 loss 0.974510 |p| 0.01577 eval 0.974483
    [color_curve] step  130 loss 0.974321 |p| 0.01574 eval 0.974311
    [color_curve] step  140 loss 0.974191 |p| 0.01569 eval 0.974174
    [color_curve] step  150 loss 0.974029 |p| 0.01564 eval 0.974042
    [color_curve] step  160 loss 0.973912 |p| 0.01557 eval 0.973897
    [color_curve] step  170 loss 0.973750 |p| 0.01548 eval 0.973743
    [color_curve] step  180 loss 0.973657 |p| 0.01542 eval 0.973620
    [color_curve] step  190 loss 0.973561 |p| 0.01539 eval 0.973559
    [color_curve] step  200 loss 0.973508 |p| 0.01535 eval 0.973503
    [color_curve] step  210 loss 0.973426 |p| 0.01531 eval 0.973422
    [color_curve] step  220 loss 0.973376 |p| 0.01530 eval 0.973360
    [color_curve] step  230 loss 0.973336 |p| 0.01530 eval 0.973323
    [color_curve] step  240 loss 0.973290 |p| 0.01532 eval 0.973333
    [color_curve] step  250 loss 0.973315 |p| 0.01533 eval 0.973318
    [color_curve] step  260 loss 0.973304 |p| 0.01533 eval 0.973281
    [color_curve] early stop at step 260（連續 8 次評估未改善 > 0.0001）
  color_curve whole:sign   r=0.30  cos=0.9733 redetect=0.96966 stop=early_stop@261
    [color_curve] step    0 loss 1.000000 |p| 0.01564 eval 0.999986
    [color_curve] step   10 loss 0.995348 |p| 0.01570 eval 0.994210
    [color_curve] step   20 loss 0.983538 |p| 0.01568 eval 0.982664
    [color_curve] step   30 loss 0.975841 |p| 0.01558 eval 0.975130
    [color_curve] step   40 loss 0.968307 |p| 0.01530 eval 0.967764
    [color_curve] step   50 loss 0.963040 |p| 0.01530 eval 0.962531
    [color_curve] step   60 loss 0.958175 |p| 0.01531 eval 0.957691
    [color_curve] step   70 loss 0.954545 |p| 0.01515 eval 0.954221
    [color_curve] step   80 loss 0.951219 |p| 0.01496 eval 0.950879
    [color_curve] step   90 loss 0.947573 |p| 0.01479 eval 0.947203
    [color_curve] step  100 loss 0.944606 |p| 0.01464 eval 0.944457
    [color_curve] step  110 loss 0.942777 |p| 0.01453 eval 0.942650
    [color_curve] step  120 loss 0.941440 |p| 0.01447 eval 0.941286
    [color_curve] step  130 loss 0.940181 |p| 0.01443 eval 0.940121
    [color_curve] step  140 loss 0.939608 |p| 0.01438 eval 0.939517
    [color_curve] step  150 loss 0.939221 |p| 0.01433 eval 0.939245
    [color_curve] step  160 loss 0.939075 |p| 0.01430 eval 0.939065
    [color_curve] step  170 loss 0.938909 |p| 0.01429 eval 0.938908
    [color_curve] step  180 loss 0.938782 |p| 0.01428 eval 0.938783
    [color_curve] step  190 loss 0.938728 |p| 0.01430 eval 0.938745
    [color_curve] step  200 loss 0.938687 |p| 0.01431 eval 0.938683
    [color_curve] step  210 loss 0.938704 |p| 0.01432 eval 0.938743
    [color_curve] step  220 loss 0.938691 |p| 0.01431 eval 0.938689
    [color_curve] step  230 loss 0.938703 |p| 0.01431 eval 0.938713
    [color_curve] step  240 loss 0.938671 |p| 0.01431 eval 0.938708
    [color_curve] step  250 loss 0.938680 |p| 0.01431 eval 0.938676
    [color_curve] step  260 loss 0.938702 |p| 0.01431 eval 0.938732
    [color_curve] early stop at step 260（連續 8 次評估未改善 > 0.0001）
  color_curve whole:sign   r=0.60  cos=0.9387 redetect=0.94914 stop=early_stop@261
    [color_curve] step    0 loss 1.000000 |p| 0.01565 eval 0.999955
    [color_curve] step   10 loss 0.986536 |p| 0.01575 eval 0.984559
    [color_curve] step   20 loss 0.971169 |p| 0.01546 eval 0.969608
    [color_curve] step   30 loss 0.952772 |p| 0.01435 eval 0.950648
    [color_curve] step   40 loss 0.932782 |p| 0.01394 eval 0.930684
    [color_curve] step   50 loss 0.911492 |p| 0.01388 eval 0.909580
    [color_curve] step   60 loss 0.890043 |p| 0.01400 eval 0.887900
    [color_curve] step   70 loss 0.875850 |p| 0.01427 eval 0.875235
    [color_curve] step   80 loss 0.871424 |p| 0.01428 eval 0.871100
    [color_curve] step   90 loss 0.869330 |p| 0.01435 eval 0.869162
    [color_curve] step  100 loss 0.868377 |p| 0.01439 eval 0.868304
    [color_curve] step  110 loss 0.867867 |p| 0.01437 eval 0.867894
    [color_curve] step  120 loss 0.867518 |p| 0.01434 eval 0.867488
    [color_curve] step  130 loss 0.867177 |p| 0.01421 eval 0.867169
    [color_curve] step  140 loss 0.866965 |p| 0.01412 eval 0.866882
    [color_curve] step  150 loss 0.866899 |p| 0.01409 eval 0.866843
    [color_curve] step  160 loss 0.866888 |p| 0.01408 eval 0.866836
    [color_curve] step  170 loss 0.866852 |p| 0.01407 eval 0.866836
    [color_curve] step  180 loss 0.866798 |p| 0.01407 eval 0.866825
    [color_curve] step  190 loss 0.866729 |p| 0.01409 eval 0.866704
    [color_curve] step  200 loss 0.866650 |p| 0.01408 eval 0.866638
    [color_curve] step  210 loss 0.866561 |p| 0.01408 eval 0.866561
    [color_curve] step  220 loss 0.866461 |p| 0.01410 eval 0.866534
    [color_curve] step  230 loss 0.866440 |p| 0.01410 eval 0.866451
    [color_curve] step  240 loss 0.866393 |p| 0.01409 eval 0.866375
    [color_curve] step  250 loss 0.866348 |p| 0.01407 eval 0.866358
    [color_curve] step  260 loss 0.866374 |p| 0.01407 eval 0.866358
    [color_curve] step  270 loss 0.866374 |p| 0.01407 eval 0.866358
    [color_curve] early stop at step 270（連續 8 次評估未改善 > 0.0001）
  color_curve whole:sign   r=1.20  cos=0.8664 redetect=0.88101 stop=early_stop@271
    [color_curve] step    0 loss 1.000000 |p| 0.01566 eval 0.999894
    [color_curve] step   10 loss 0.978660 |p| 0.01571 eval 0.976308
    [color_curve] step   20 loss 0.950709 |p| 0.01430 eval 0.946968
    [color_curve] step   30 loss 0.906153 |p| 0.01327 eval 0.902168
    [color_curve] step   40 loss 0.864802 |p| 0.01298 eval 0.860467
    [color_curve] step   50 loss 0.836108 |p| 0.01342 eval 0.833733
    [color_curve] step   60 loss 0.815487 |p| 0.01399 eval 0.813567
    [color_curve] step   70 loss 0.797772 |p| 0.01448 eval 0.796041
    [color_curve] step   80 loss 0.785439 |p| 0.01477 eval 0.784618
    [color_curve] step   90 loss 0.780146 |p| 0.01478 eval 0.779740
    [color_curve] step  100 loss 0.777291 |p| 0.01465 eval 0.777148
    [color_curve] step  110 loss 0.775428 |p| 0.01453 eval 0.775236
    [color_curve] step  120 loss 0.773986 |p| 0.01447 eval 0.773905
    [color_curve] step  130 loss 0.773277 |p| 0.01445 eval 0.773212
    [color_curve] step  140 loss 0.772784 |p| 0.01446 eval 0.772811
    [color_curve] step  150 loss 0.772362 |p| 0.01446 eval 0.772366
    [color_curve] step  160 loss 0.772188 |p| 0.01446 eval 0.772141
    [color_curve] step  170 loss 0.772219 |p| 0.01445 eval 0.772148
    [color_curve] step  180 loss 0.772219 |p| 0.01445 eval 0.772148
    [color_curve] step  190 loss 0.772219 |p| 0.01445 eval 0.772148
    [color_curve] step  200 loss 0.772219 |p| 0.01445 eval 0.772148
    [color_curve] step  210 loss 0.772219 |p| 0.01445 eval 0.772148
    [color_curve] step  220 loss 0.772219 |p| 0.01445 eval 0.772148
    [color_curve] step  230 loss 0.772219 |p| 0.01445 eval 0.772148
    [color_curve] step  240 loss 0.772219 |p| 0.01445 eval 0.772148
    [color_curve] early stop at step 240（連續 8 次評估未改善 > 0.0001）
  color_curve whole:sign   r=2.00  cos=0.7722 redetect=0.79164 stop=early_stop@241
    [color_curve] step    0 loss 1.000000 |p| 0.01562 eval 1.000000
    [color_curve] step   10 loss 0.999998 |p| 0.01563 eval 0.999997
    [color_curve] step   20 loss 0.999984 |p| 0.01564 eval 0.999982
    [color_curve] step   30 loss 0.999948 |p| 0.01565 eval 0.999943
    [color_curve] step   40 loss 0.999874 |p| 0.01567 eval 0.999865
    [color_curve] step   50 loss 0.999809 |p| 0.01568 eval 0.999810
    [color_curve] step   60 loss 0.999799 |p| 0.01568 eval 0.999798
    [color_curve] step   70 loss 0.999796 |p| 0.01568 eval 0.999793
    [color_curve] step   80 loss 0.999789 |p| 0.01568 eval 0.999789
    [color_curve] early stop at step 80（連續 8 次評估未改善 > 0.0001）
  color_curve whole:adam   r=0.02  cos=0.9998 redetect=0.99091 stop=early_stop@81
    [color_curve] step    0 loss 1.000000 |p| 0.01562 eval 1.000000
    [color_curve] step   10 loss 0.999979 |p| 0.01564 eval 0.999973
    [color_curve] step   20 loss 0.999847 |p| 0.01564 eval 0.999823
    [color_curve] step   30 loss 0.999498 |p| 0.01565 eval 0.999447
    [color_curve] step   40 loss 0.998903 |p| 0.01566 eval 0.998824
    [color_curve] step   50 loss 0.998484 |p| 0.01567 eval 0.998481
    [color_curve] step   60 loss 0.998468 |p| 0.01567 eval 0.998466
    [color_curve] step   70 loss 0.998467 |p| 0.01567 eval 0.998463
    [color_curve] step   80 loss 0.998458 |p| 0.01567 eval 0.998460
    [color_curve] step   90 loss 0.998457 |p| 0.01567 eval 0.998456
    [color_curve] step  100 loss 0.998459 |p| 0.01567 eval 0.998455
    [color_curve] step  110 loss 0.998454 |p| 0.01567 eval 0.998448
    [color_curve] step  120 loss 0.998455 |p| 0.01567 eval 0.998453
    [color_curve] step  130 loss 0.998454 |p| 0.01567 eval 0.998455
    [color_curve] early stop at step 130（連續 8 次評估未改善 > 0.0001）
  color_curve whole:adam   r=0.05  cos=0.9985 redetect=0.99239 stop=early_stop@131
    [color_curve] step    0 loss 1.000000 |p| 0.01562 eval 1.000000
    [color_curve] step   10 loss 0.999896 |p| 0.01563 eval 0.999862
    [color_curve] step   20 loss 0.999264 |p| 0.01564 eval 0.999162
    [color_curve] step   30 loss 0.997822 |p| 0.01566 eval 0.997635
    [color_curve] step   40 loss 0.995438 |p| 0.01566 eval 0.995140
    [color_curve] step   50 loss 0.993995 |p| 0.01573 eval 0.993988
    [color_curve] step   60 loss 0.993960 |p| 0.01571 eval 0.993951
    [color_curve] step   70 loss 0.993925 |p| 0.01570 eval 0.993923
    [color_curve] step   80 loss 0.993880 |p| 0.01569 eval 0.993888
    [color_curve] step   90 loss 0.993846 |p| 0.01567 eval 0.993852
    [color_curve] step  100 loss 0.993839 |p| 0.01567 eval 0.993824
    [color_curve] step  110 loss 0.993795 |p| 0.01566 eval 0.993796
    [color_curve] step  120 loss 0.993819 |p| 0.01566 eval 0.993802
    [color_curve] step  130 loss 0.993804 |p| 0.01566 eval 0.993807
    [color_curve] early stop at step 130（連續 8 次評估未改善 > 0.0001）
  color_curve whole:adam   r=0.10  cos=0.9938 redetect=0.98407 stop=early_stop@131
    [color_curve] step    0 loss 1.000000 |p| 0.01562 eval 1.000000
    [color_curve] step   10 loss 0.999578 |p| 0.01564 eval 0.999445
    [color_curve] step   20 loss 0.997261 |p| 0.01566 eval 0.996893
    [color_curve] step   30 loss 0.992347 |p| 0.01566 eval 0.991699
    [color_curve] step   40 loss 0.986151 |p| 0.01563 eval 0.985691
    [color_curve] step   50 loss 0.983910 |p| 0.01581 eval 0.983870
    [color_curve] step   60 loss 0.983608 |p| 0.01583 eval 0.983587
    [color_curve] step   70 loss 0.983466 |p| 0.01582 eval 0.983466
    [color_curve] step   80 loss 0.983424 |p| 0.01582 eval 0.983415
    [color_curve] step   90 loss 0.983378 |p| 0.01582 eval 0.983386
    [color_curve] step  100 loss 0.983388 |p| 0.01582 eval 0.983394
    [color_curve] step  110 loss 0.983387 |p| 0.01581 eval 0.983387
    [color_curve] step  120 loss 0.983385 |p| 0.01581 eval 0.983373
    [color_curve] step  130 loss 0.983367 |p| 0.01580 eval 0.983377
    [color_curve] step  140 loss 0.983395 |p| 0.01580 eval 0.983384
    [color_curve] step  150 loss 0.983358 |p| 0.01580 eval 0.983374
    [color_curve] early stop at step 150（連續 8 次評估未改善 > 0.0001）
  color_curve whole:adam   r=0.20  cos=0.9834 redetect=0.97531 stop=early_stop@151
    [color_curve] step    0 loss 1.000000 |p| 0.01562 eval 1.000000
    [color_curve] step   10 loss 0.999251 |p| 0.01568 eval 0.999012
    [color_curve] step   20 loss 0.994810 |p| 0.01572 eval 0.994095
    [color_curve] step   30 loss 0.986641 |p| 0.01571 eval 0.985939
    [color_curve] step   40 loss 0.981441 |p| 0.01569 eval 0.981085
    [color_curve] step   50 loss 0.978640 |p| 0.01588 eval 0.978414
    [color_curve] step   60 loss 0.977303 |p| 0.01599 eval 0.977226
    [color_curve] step   70 loss 0.976749 |p| 0.01599 eval 0.976700
    [color_curve] step   80 loss 0.976255 |p| 0.01599 eval 0.976234
    [color_curve] step   90 loss 0.975882 |p| 0.01597 eval 0.975832
    [color_curve] step  100 loss 0.975615 |p| 0.01594 eval 0.975569
    [color_curve] step  110 loss 0.975352 |p| 0.01593 eval 0.975324
    [color_curve] step  120 loss 0.975113 |p| 0.01590 eval 0.975085
    [color_curve] step  130 loss 0.974871 |p| 0.01586 eval 0.974865
    [color_curve] step  140 loss 0.974704 |p| 0.01581 eval 0.974678
    [color_curve] step  150 loss 0.974550 |p| 0.01578 eval 0.974538
    [color_curve] step  160 loss 0.974449 |p| 0.01575 eval 0.974425
    [color_curve] step  170 loss 0.974335 |p| 0.01572 eval 0.974349
    [color_curve] step  180 loss 0.974205 |p| 0.01570 eval 0.974195
    [color_curve] step  190 loss 0.974100 |p| 0.01567 eval 0.974077
    [color_curve] step  200 loss 0.973951 |p| 0.01563 eval 0.973968
    [color_curve] step  210 loss 0.973858 |p| 0.01558 eval 0.973855
    [color_curve] step  220 loss 0.973756 |p| 0.01554 eval 0.973763
    [color_curve] step  230 loss 0.973699 |p| 0.01551 eval 0.973666
    [color_curve] step  240 loss 0.973619 |p| 0.01548 eval 0.973597
    [color_curve] step  250 loss 0.973520 |p| 0.01544 eval 0.973492
    [color_curve] step  260 loss 0.973430 |p| 0.01541 eval 0.973408
    [color_curve] step  270 loss 0.973377 |p| 0.01539 eval 0.973376
    [color_curve] step  280 loss 0.973345 |p| 0.01537 eval 0.973334
    [color_curve] step  290 loss 0.973304 |p| 0.01536 eval 0.973295
    [color_curve] step  300 loss 0.973274 |p| 0.01534 eval 0.973269
    [color_curve] step  310 loss 0.973249 |p| 0.01532 eval 0.973256
    [color_curve] step  320 loss 0.973236 |p| 0.01530 eval 0.973219
    [color_curve] step  330 loss 0.973197 |p| 0.01529 eval 0.973197
    [color_curve] early stop at step 330（連續 8 次評估未改善 > 0.0001）
  color_curve whole:adam   r=0.30  cos=0.9732 redetect=0.97556 stop=early_stop@331
    [color_curve] step    0 loss 1.000000 |p| 0.01562 eval 1.000000
    [color_curve] step   10 loss 0.996970 |p| 0.01571 eval 0.996104
    [color_curve] step   20 loss 0.984924 |p| 0.01571 eval 0.984015
    [color_curve] step   30 loss 0.978092 |p| 0.01569 eval 0.977453
    [color_curve] step   40 loss 0.971772 |p| 0.01562 eval 0.971209
    [color_curve] step   50 loss 0.966646 |p| 0.01570 eval 0.966148
    [color_curve] step   60 loss 0.961523 |p| 0.01569 eval 0.961096
    [color_curve] step   70 loss 0.958030 |p| 0.01556 eval 0.957738
    [color_curve] step   80 loss 0.954948 |p| 0.01537 eval 0.954616
    [color_curve] step   90 loss 0.951744 |p| 0.01513 eval 0.951445
    [color_curve] step  100 loss 0.948973 |p| 0.01490 eval 0.948666
    [color_curve] step  110 loss 0.945370 |p| 0.01469 eval 0.945039
    [color_curve] step  120 loss 0.942509 |p| 0.01454 eval 0.942307
    [color_curve] step  130 loss 0.941167 |p| 0.01451 eval 0.941065
    [color_curve] step  140 loss 0.940133 |p| 0.01451 eval 0.940058
    [color_curve] step  150 loss 0.939755 |p| 0.01451 eval 0.939673
    [color_curve] step  160 loss 0.939486 |p| 0.01450 eval 0.939500
    [color_curve] step  170 loss 0.939414 |p| 0.01448 eval 0.939430
    [color_curve] step  180 loss 0.939417 |p| 0.01447 eval 0.939395
    [color_curve] step  190 loss 0.939391 |p| 0.01447 eval 0.939378
    [color_curve] step  200 loss 0.939364 |p| 0.01447 eval 0.939366
    [color_curve] step  210 loss 0.939353 |p| 0.01449 eval 0.939366
    [color_curve] step  220 loss 0.939352 |p| 0.01450 eval 0.939307
    [color_curve] step  230 loss 0.939352 |p| 0.01451 eval 0.939360
    [color_curve] step  240 loss 0.939362 |p| 0.01452 eval 0.939348
    [color_curve] early stop at step 240（連續 8 次評估未改善 > 0.0001）
  color_curve whole:adam   r=0.60  cos=0.9394 redetect=0.94948 stop=early_stop@241
    [color_curve] step    0 loss 1.000000 |p| 0.01562 eval 1.000000
    [color_curve] step   10 loss 0.990651 |p| 0.01574 eval 0.988416
    [color_curve] step   20 loss 0.976556 |p| 0.01576 eval 0.975394
    [color_curve] step   30 loss 0.963001 |p| 0.01546 eval 0.961379
    [color_curve] step   40 loss 0.948528 |p| 0.01505 eval 0.947037
    [color_curve] step   50 loss 0.929380 |p| 0.01466 eval 0.927196
    [color_curve] step   60 loss 0.905757 |p| 0.01436 eval 0.903447
    [color_curve] step   70 loss 0.883926 |p| 0.01421 eval 0.882363
    [color_curve] step   80 loss 0.875088 |p| 0.01426 eval 0.874723
    [color_curve] step   90 loss 0.871711 |p| 0.01431 eval 0.871386
    [color_curve] step  100 loss 0.869456 |p| 0.01429 eval 0.869300
    [color_curve] step  110 loss 0.868163 |p| 0.01425 eval 0.868084
    [color_curve] step  120 loss 0.867444 |p| 0.01423 eval 0.867333
    [color_curve] step  130 loss 0.867007 |p| 0.01418 eval 0.866994
    [color_curve] step  140 loss 0.866853 |p| 0.01417 eval 0.866855
    [color_curve] step  150 loss 0.866631 |p| 0.01418 eval 0.866571
    [color_curve] step  160 loss 0.866465 |p| 0.01417 eval 0.866448
    [color_curve] step  170 loss 0.866368 |p| 0.01413 eval 0.866344
    [color_curve] step  180 loss 0.866329 |p| 0.01408 eval 0.866320
    [color_curve] step  190 loss 0.866257 |p| 0.01405 eval 0.866232
    [color_curve] step  200 loss 0.866201 |p| 0.01404 eval 0.866136
    [color_curve] step  210 loss 0.866160 |p| 0.01404 eval 0.866104
    [color_curve] step  220 loss 0.866122 |p| 0.01403 eval 0.866093
    [color_curve] step  230 loss 0.866103 |p| 0.01402 eval 0.866057
    [color_curve] step  240 loss 0.866069 |p| 0.01401 eval 0.866140
    [color_curve] step  250 loss 0.866044 |p| 0.01402 eval 0.866031
    [color_curve] step  260 loss 0.866052 |p| 0.01402 eval 0.866055
    [color_curve] step  270 loss 0.866081 |p| 0.01402 eval 0.866099
    [color_curve] step  280 loss 0.866118 |p| 0.01402 eval 0.866096
    [color_curve] early stop at step 280（連續 8 次評估未改善 > 0.0001）
  color_curve whole:adam   r=1.20  cos=0.8661 redetect=0.88034 stop=early_stop@281
    [color_curve] step    0 loss 1.000000 |p| 0.01562 eval 0.999999
    [color_curve] step   10 loss 0.983606 |p| 0.01576 eval 0.981813
    [color_curve] step   20 loss 0.964915 |p| 0.01555 eval 0.962448
    [color_curve] step   30 loss 0.935602 |p| 0.01459 eval 0.932526
    [color_curve] step   40 loss 0.900672 |p| 0.01400 eval 0.896880
    [color_curve] step   50 loss 0.855901 |p| 0.01375 eval 0.851019
    [color_curve] step   60 loss 0.823206 |p| 0.01416 eval 0.820698
    [color_curve] step   70 loss 0.801078 |p| 0.01466 eval 0.799430
    [color_curve] step   80 loss 0.790092 |p| 0.01474 eval 0.789031
    [color_curve] step   90 loss 0.783232 |p| 0.01467 eval 0.782859
    [color_curve] step  100 loss 0.778904 |p| 0.01451 eval 0.778463
    [color_curve] step  110 loss 0.776477 |p| 0.01435 eval 0.776293
    [color_curve] step  120 loss 0.774837 |p| 0.01426 eval 0.774838
    [color_curve] step  130 loss 0.773951 |p| 0.01422 eval 0.773900
    [color_curve] step  140 loss 0.773040 |p| 0.01418 eval 0.772961
    [color_curve] step  150 loss 0.772468 |p| 0.01416 eval 0.772436
    [color_curve] step  160 loss 0.772227 |p| 0.01419 eval 0.772216
    [color_curve] step  170 loss 0.772059 |p| 0.01422 eval 0.772006
    [color_curve] step  180 loss 0.771965 |p| 0.01425 eval 0.771955
    [color_curve] step  190 loss 0.771851 |p| 0.01428 eval 0.771876
    [color_curve] step  200 loss 0.771849 |p| 0.01431 eval 0.771873
    [color_curve] step  210 loss 0.771787 |p| 0.01432 eval 0.771788
    [color_curve] step  220 loss 0.771650 |p| 0.01433 eval 0.771677
    [color_curve] step  230 loss 0.771684 |p| 0.01432 eval 0.771694
    [color_curve] step  240 loss 0.771590 |p| 0.01431 eval 0.771575
    [color_curve] step  250 loss 0.771559 |p| 0.01429 eval 0.771532
    [color_curve] step  260 loss 0.771489 |p| 0.01428 eval 0.771489
    [color_curve] step  270 loss 0.771546 |p| 0.01427 eval 0.771423
    [color_curve] step  280 loss 0.771420 |p| 0.01426 eval 0.771360
    [color_curve] step  290 loss 0.771452 |p| 0.01425 eval 0.771443
    [color_curve] step  300 loss 0.771442 |p| 0.01425 eval 0.771422
    [color_curve] step  310 loss 0.771369 |p| 0.01424 eval 0.771432
    [color_curve] step  320 loss 0.771395 |p| 0.01424 eval 0.771399
    [color_curve] early stop at step 320（連續 8 次評估未改善 > 0.0001）
  color_curve whole:adam   r=2.00  cos=0.7714 redetect=0.79125 stop=early_stop@321
  color_curve whole:rand   r=0.02  cos=1.0000 redetect=0.99253 stop=no_params@0
  color_curve whole:rand   r=0.05  cos=0.9999 redetect=0.99244 stop=no_params@0
  color_curve whole:rand   r=0.10  cos=0.9998 redetect=0.99596 stop=no_params@0
  color_curve whole:rand   r=0.20  cos=0.9992 redetect=0.99562 stop=no_params@0
  color_curve whole:rand   r=0.30  cos=0.9983 redetect=0.98199 stop=no_params@0
  color_curve whole:rand   r=0.60  cos=0.9943 redetect=0.98297 stop=no_params@0
  color_curve whole:rand   r=1.20  cos=0.9857 redetect=0.98124 stop=no_params@0
  color_curve whole:rand   r=2.00  cos=0.9788 redetect=0.97734 stop=no_params@0
[task_attr_mod_color_202962] box=(202, 52, 304, 182) verify_cos=0.99997
    [color_grid] step    0 loss 1.000000 |p| 0.25001 eval 0.999982
    [color_grid] step   10 loss 0.997596 |p| 0.25013 eval 0.997055
    [color_grid] step   20 loss 0.990072 |p| 0.25024 eval 0.989074
    [color_grid] step   30 loss 0.978763 |p| 0.25035 eval 0.977518
    [color_grid] step   40 loss 0.964872 |p| 0.25046 eval 0.963252
    [color_grid] step   50 loss 0.947027 |p| 0.25056 eval 0.945042
    [color_grid] step   60 loss 0.925269 |p| 0.25064 eval 0.922923
    [color_grid] step   70 loss 0.900028 |p| 0.25073 eval 0.897302
    [color_grid] step   80 loss 0.871439 |p| 0.25081 eval 0.868349
    [color_grid] step   90 loss 0.838669 |p| 0.25089 eval 0.835071
    [color_grid] step  100 loss 0.802497 |p| 0.25096 eval 0.801009
    [color_grid] step  110 loss 0.791198 |p| 0.25098 eval 0.790227
    [color_grid] step  120 loss 0.782801 |p| 0.25099 eval 0.782103
    [color_grid] step  130 loss 0.776142 |p| 0.25101 eval 0.775564
    [color_grid] step  140 loss 0.770593 |p| 0.25103 eval 0.770014
    [color_grid] step  150 loss 0.764956 |p| 0.25104 eval 0.764270
    [color_grid] step  160 loss 0.759473 |p| 0.25106 eval 0.759035
    [color_grid] step  170 loss 0.755024 |p| 0.25107 eval 0.754579
    [color_grid] step  180 loss 0.751463 |p| 0.25108 eval 0.751151
    [color_grid] step  190 loss 0.748376 |p| 0.25110 eval 0.748102
    [color_grid] step  200 loss 0.745792 |p| 0.25111 eval 0.745422
    [color_grid] step  210 loss 0.743554 |p| 0.25111 eval 0.743295
    [color_grid] step  220 loss 0.741688 |p| 0.25112 eval 0.741490
    [color_grid] step  230 loss 0.740291 |p| 0.25112 eval 0.740218
    [color_grid] step  240 loss 0.739260 |p| 0.25113 eval 0.739216
    [color_grid] step  250 loss 0.738755 |p| 0.25114 eval 0.738702
    [color_grid] step  260 loss 0.738329 |p| 0.25115 eval 0.738383
    [color_grid] step  270 loss 0.737984 |p| 0.25115 eval 0.738039
    [color_grid] step  280 loss 0.737686 |p| 0.25116 eval 0.737780
    [color_grid] step  290 loss 0.737464 |p| 0.25117 eval 0.737535
    [color_grid] step  300 loss 0.737231 |p| 0.25117 eval 0.737203
    [color_grid] step  310 loss 0.736952 |p| 0.25117 eval 0.736916
    [color_grid] step  320 loss 0.736588 |p| 0.25118 eval 0.736517
    [color_grid] step  330 loss 0.735949 |p| 0.25118 eval 0.735812
    [color_grid] step  340 loss 0.734679 |p| 0.25119 eval 0.734513
    [color_grid] step  350 loss 0.733558 |p| 0.25119 eval 0.733436
    [color_grid] step  360 loss 0.732579 |p| 0.25120 eval 0.732411
    [color_grid] step  370 loss 0.731548 |p| 0.25120 eval 0.731435
    [color_grid] step  380 loss 0.730753 |p| 0.25120 eval 0.730776
    [color_grid] step  390 loss 0.729937 |p| 0.25120 eval 0.729874
    [color_grid] step  399 loss 0.729253 |p| 0.25121 eval 0.729135
  color_grid  whole:sign   r=0.02  cos=0.7291 redetect=0.77671 stop=max_steps@400
    [color_grid] step    0 loss 1.000000 |p| 0.25003 eval 0.999885
    [color_grid] step   10 loss 0.985245 |p| 0.25031 eval 0.982447
    [color_grid] step   20 loss 0.949060 |p| 0.25058 eval 0.944359
    [color_grid] step   30 loss 0.893000 |p| 0.25079 eval 0.886848
    [color_grid] step   40 loss 0.822910 |p| 0.25098 eval 0.814613
    [color_grid] step   50 loss 0.741867 |p| 0.25115 eval 0.735254
    [color_grid] step   60 loss 0.684531 |p| 0.25134 eval 0.679236
    [color_grid] step   70 loss 0.635715 |p| 0.25154 eval 0.631304
    [color_grid] step   80 loss 0.592367 |p| 0.25173 eval 0.588060
    [color_grid] step   90 loss 0.547944 |p| 0.25190 eval 0.543557
    [color_grid] step  100 loss 0.504148 |p| 0.25206 eval 0.501495
    [color_grid] step  110 loss 0.481933 |p| 0.25213 eval 0.479875
    [color_grid] step  120 loss 0.463338 |p| 0.25219 eval 0.461568
    [color_grid] step  130 loss 0.446805 |p| 0.25225 eval 0.445474
    [color_grid] step  140 loss 0.434133 |p| 0.25231 eval 0.433011
    [color_grid] step  150 loss 0.422878 |p| 0.25236 eval 0.421693
    [color_grid] step  160 loss 0.412076 |p| 0.25241 eval 0.411290
    [color_grid] step  170 loss 0.403503 |p| 0.25247 eval 0.402815
    [color_grid] step  180 loss 0.396672 |p| 0.25251 eval 0.396020
    [color_grid] step  190 loss 0.390411 |p| 0.25255 eval 0.389691
    [color_grid] step  200 loss 0.385204 |p| 0.25260 eval 0.384797
    [color_grid] step  210 loss 0.381067 |p| 0.25263 eval 0.380653
    [color_grid] step  220 loss 0.377105 |p| 0.25267 eval 0.376681
    [color_grid] step  230 loss 0.373927 |p| 0.25269 eval 0.373608
    [color_grid] step  240 loss 0.371419 |p| 0.25272 eval 0.371120
    [color_grid] step  250 loss 0.369467 |p| 0.25274 eval 0.369211
    [color_grid] step  260 loss 0.367640 |p| 0.25276 eval 0.367607
    [color_grid] step  270 loss 0.366094 |p| 0.25277 eval 0.365903
    [color_grid] step  280 loss 0.364855 |p| 0.25278 eval 0.364658
    [color_grid] step  290 loss 0.363498 |p| 0.25279 eval 0.363306
    [color_grid] step  300 loss 0.361994 |p| 0.25281 eval 0.361895
    [color_grid] step  310 loss 0.360795 |p| 0.25282 eval 0.360678
    [color_grid] step  320 loss 0.359957 |p| 0.25283 eval 0.359796
    [color_grid] step  330 loss 0.359168 |p| 0.25284 eval 0.359112
    [color_grid] step  340 loss 0.358400 |p| 0.25285 eval 0.358270
    [color_grid] step  350 loss 0.357656 |p| 0.25286 eval 0.357671
    [color_grid] step  360 loss 0.356984 |p| 0.25287 eval 0.356946
    [color_grid] step  370 loss 0.356576 |p| 0.25288 eval 0.356484
    [color_grid] step  380 loss 0.356181 |p| 0.25289 eval 0.356183
    [color_grid] step  390 loss 0.355853 |p| 0.25289 eval 0.355934
    [color_grid] step  399 loss 0.355751 |p| 0.25290 eval 0.355717
  color_grid  whole:sign   r=0.05  cos=0.3557 redetect=0.3689 stop=max_steps@400
    [color_grid] step    0 loss 1.000000 |p| 0.25006 eval 0.999552
    [color_grid] step   10 loss 0.950816 |p| 0.25060 eval 0.941625
    [color_grid] step   20 loss 0.830999 |p| 0.25099 eval 0.815540
    [color_grid] step   30 loss 0.691295 |p| 0.25134 eval 0.680856
    [color_grid] step   40 loss 0.596604 |p| 0.25171 eval 0.588047
    [color_grid] step   50 loss 0.507628 |p| 0.25206 eval 0.497692
    [color_grid] step   60 loss 0.418893 |p| 0.25242 eval 0.410969
    [color_grid] step   70 loss 0.341806 |p| 0.25272 eval 0.333902
    [color_grid] step   80 loss 0.274969 |p| 0.25303 eval 0.268921
    [color_grid] step   90 loss 0.210907 |p| 0.25330 eval 0.204615
    [color_grid] step  100 loss 0.151288 |p| 0.25356 eval 0.146440
    [color_grid] step  110 loss 0.111011 |p| 0.25374 eval 0.107533
    [color_grid] step  120 loss 0.080322 |p| 0.25387 eval 0.077475
    [color_grid] step  130 loss 0.054752 |p| 0.25399 eval 0.052112
    [color_grid] step  140 loss 0.031114 |p| 0.25410 eval 0.029007
    [color_grid] step  150 loss 0.010958 |p| 0.25421 eval 0.009057
    [color_grid] step  160 loss -0.005962 |p| 0.25426 eval -0.007472
    [color_grid] step  170 loss -0.021944 |p| 0.25430 eval -0.023458
    [color_grid] step  180 loss -0.038423 |p| 0.25433 eval -0.040079
    [color_grid] step  190 loss -0.055418 |p| 0.25435 eval -0.056723
    [color_grid] step  200 loss -0.068134 |p| 0.25438 eval -0.069475
    [color_grid] step  210 loss -0.078719 |p| 0.25442 eval -0.079673
    [color_grid] step  220 loss -0.087624 |p| 0.25444 eval -0.088332
    [color_grid] step  230 loss -0.097218 |p| 0.25447 eval -0.098274
    [color_grid] step  240 loss -0.106598 |p| 0.25450 eval -0.107666
    [color_grid] step  250 loss -0.117026 |p| 0.25454 eval -0.117876
    [color_grid] step  260 loss -0.127414 |p| 0.25458 eval -0.128416
    [color_grid] step  270 loss -0.136274 |p| 0.25462 eval -0.137358
    [color_grid] step  280 loss -0.145103 |p| 0.25466 eval -0.145872
    [color_grid] step  290 loss -0.152819 |p| 0.25469 eval -0.153447
    [color_grid] step  300 loss -0.160958 |p| 0.25472 eval -0.161699
    [color_grid] step  310 loss -0.168810 |p| 0.25475 eval -0.169558
    [color_grid] step  320 loss -0.175856 |p| 0.25478 eval -0.176695
    [color_grid] step  330 loss -0.181896 |p| 0.25480 eval -0.182856
    [color_grid] step  340 loss -0.186368 |p| 0.25485 eval -0.187255
    [color_grid] step  350 loss -0.190574 |p| 0.25490 eval -0.191369
    [color_grid] step  360 loss -0.194138 |p| 0.25495 eval -0.194653
    [color_grid] step  370 loss -0.197747 |p| 0.25498 eval -0.197920
    [color_grid] step  380 loss -0.201031 |p| 0.25501 eval -0.201702
    [color_grid] step  390 loss -0.204891 |p| 0.25504 eval -0.205228
    [color_grid] step  399 loss -0.208936 |p| 0.25508 eval -0.209453
  color_grid  whole:sign   r=0.10  cos=-0.2094 redetect=-0.06228 stop=max_steps@400
    [color_grid] step    0 loss 1.000000 |p| 0.25013 eval 0.998163
    [color_grid] step   10 loss 0.840545 |p| 0.25104 eval 0.811338
    [color_grid] step   20 loss 0.599307 |p| 0.25178 eval 0.581128
    [color_grid] step   30 loss 0.425460 |p| 0.25245 eval 0.410492
    [color_grid] step   40 loss 0.282614 |p| 0.25303 eval 0.271567
    [color_grid] step   50 loss 0.166711 |p| 0.25353 eval 0.156439
    [color_grid] step   60 loss 0.066437 |p| 0.25400 eval 0.058977
    [color_grid] step   70 loss -0.005412 |p| 0.25445 eval -0.012514
    [color_grid] step   80 loss -0.078258 |p| 0.25479 eval -0.086199
    [color_grid] step   90 loss -0.152738 |p| 0.25507 eval -0.159439
    [color_grid] step  100 loss -0.217855 |p| 0.25536 eval -0.224131
    [color_grid] step  110 loss -0.276629 |p| 0.25566 eval -0.281478
    [color_grid] step  120 loss -0.330697 |p| 0.25591 eval -0.335794
    [color_grid] step  130 loss -0.391345 |p| 0.25622 eval -0.398851
    [color_grid] step  140 loss -0.458637 |p| 0.25648 eval -0.466480
    [color_grid] step  150 loss -0.532664 |p| 0.25669 eval -0.540265
    [color_grid] step  160 loss -0.584686 |p| 0.25686 eval -0.588330
    [color_grid] step  170 loss -0.616897 |p| 0.25701 eval -0.619038
    [color_grid] step  180 loss -0.634649 |p| 0.25715 eval -0.635036
    [color_grid] step  190 loss -0.649324 |p| 0.25730 eval -0.650301
    [color_grid] step  200 loss -0.663835 |p| 0.25744 eval -0.663773
    [color_grid] step  210 loss -0.673084 |p| 0.25757 eval -0.672691
    [color_grid] step  220 loss -0.679465 |p| 0.25768 eval -0.680552
    [color_grid] step  230 loss -0.690462 |p| 0.25775 eval -0.692537
    [color_grid] step  240 loss -0.701278 |p| 0.25784 eval -0.703488
    [color_grid] step  250 loss -0.710787 |p| 0.25791 eval -0.709231
    [color_grid] step  260 loss -0.716247 |p| 0.25798 eval -0.715515
    [color_grid] step  270 loss -0.723487 |p| 0.25803 eval -0.722286
    [color_grid] step  280 loss -0.729137 |p| 0.25810 eval -0.728281
    [color_grid] step  290 loss -0.734059 |p| 0.25815 eval -0.733565
    [color_grid] step  300 loss -0.738607 |p| 0.25821 eval -0.738185
    [color_grid] step  310 loss -0.743382 |p| 0.25828 eval -0.742830
    [color_grid] step  320 loss -0.746252 |p| 0.25834 eval -0.747432
    [color_grid] step  330 loss -0.752925 |p| 0.25842 eval -0.752441
    [color_grid] step  340 loss -0.756215 |p| 0.25850 eval -0.756391
    [color_grid] step  350 loss -0.760510 |p| 0.25860 eval -0.760151
    [color_grid] step  360 loss -0.765146 |p| 0.25867 eval -0.764313
    [color_grid] step  370 loss -0.769940 |p| 0.25876 eval -0.769716
    [color_grid] step  380 loss -0.784393 |p| 0.25879 eval -0.786452
    [color_grid] step  390 loss -0.799667 |p| 0.25883 eval -0.801201
    [color_grid] step  399 loss -0.807932 |p| 0.25887 eval -0.810556
  color_grid  whole:sign   r=0.20  cos=-0.8106 redetect=-0.65385 stop=max_steps@400
    [color_grid] step    0 loss 1.000000 |p| 0.25019 eval 0.995801
    [color_grid] step   10 loss 0.706625 |p| 0.25142 eval 0.673892
    [color_grid] step   20 loss 0.427788 |p| 0.25246 eval 0.404390
    [color_grid] step   30 loss 0.239321 |p| 0.25333 eval 0.221898
    [color_grid] step   40 loss 0.090198 |p| 0.25409 eval 0.077175
    [color_grid] step   50 loss -0.020968 |p| 0.25478 eval -0.029027
    [color_grid] step   60 loss -0.106197 |p| 0.25516 eval -0.112149
    [color_grid] step   70 loss -0.181939 |p| 0.25550 eval -0.190763
    [color_grid] step   80 loss -0.271840 |p| 0.25577 eval -0.281278
    [color_grid] step   90 loss -0.359245 |p| 0.25616 eval -0.368216
    [color_grid] step  100 loss -0.476802 |p| 0.25655 eval -0.492168
    [color_grid] step  110 loss -0.616927 |p| 0.25695 eval -0.627659
    [color_grid] step  120 loss -0.678507 |p| 0.25726 eval -0.684382
    [color_grid] step  130 loss -0.711785 |p| 0.25756 eval -0.715226
    [color_grid] step  140 loss -0.733556 |p| 0.25780 eval -0.733615
    [color_grid] step  150 loss -0.747288 |p| 0.25802 eval -0.746651
    [color_grid] step  160 loss -0.756929 |p| 0.25825 eval -0.756314
    [color_grid] step  170 loss -0.765086 |p| 0.25846 eval -0.764208
    [color_grid] step  180 loss -0.772850 |p| 0.25861 eval -0.771705
    [color_grid] step  190 loss -0.779589 |p| 0.25874 eval -0.777068
    [color_grid] step  200 loss -0.787925 |p| 0.25890 eval -0.786089
    [color_grid] step  210 loss -0.796795 |p| 0.25904 eval -0.794160
    [color_grid] step  220 loss -0.805771 |p| 0.25917 eval -0.803982
    [color_grid] step  230 loss -0.812831 |p| 0.25927 eval -0.809180
    [color_grid] step  240 loss -0.823851 |p| 0.25940 eval -0.822121
    [color_grid] step  250 loss -0.835687 |p| 0.25949 eval -0.839260
    [color_grid] step  260 loss -0.846731 |p| 0.25960 eval -0.849771
    [color_grid] step  270 loss -0.857799 |p| 0.25970 eval -0.860426
    [color_grid] step  280 loss -0.862775 |p| 0.25976 eval -0.865115
    [color_grid] step  290 loss -0.866755 |p| 0.25981 eval -0.867299
    [color_grid] step  300 loss -0.870190 |p| 0.25983 eval -0.872375
    [color_grid] step  310 loss -0.874665 |p| 0.25987 eval -0.876121
    [color_grid] step  320 loss -0.877801 |p| 0.25995 eval -0.878405
    [color_grid] step  330 loss -0.879818 |p| 0.26001 eval -0.879837
    [color_grid] step  340 loss -0.880936 |p| 0.26007 eval -0.881948
    [color_grid] step  350 loss -0.882373 |p| 0.26012 eval -0.883031
    [color_grid] step  360 loss -0.884016 |p| 0.26015 eval -0.884178
    [color_grid] step  370 loss -0.886510 |p| 0.26017 eval -0.884927
    [color_grid] step  380 loss -0.888041 |p| 0.26019 eval -0.885392
    [color_grid] step  390 loss -0.888965 |p| 0.26021 eval -0.886172
    [color_grid] step  399 loss -0.886482 |p| 0.26025 eval -0.889252
  color_grid  whole:sign   r=0.30  cos=-0.8892 redetect=-0.65908 stop=max_steps@400
    [color_grid] step    0 loss 1.000000 |p| 0.25039 eval 0.984446
    [color_grid] step   10 loss 0.423454 |p| 0.25255 eval 0.373656
    [color_grid] step   20 loss 0.073126 |p| 0.25428 eval 0.046452
    [color_grid] step   30 loss -0.113795 |p| 0.25534 eval -0.129081
    [color_grid] step   40 loss -0.258860 |p| 0.25600 eval -0.269635
    [color_grid] step   50 loss -0.408718 |p| 0.25695 eval -0.433893
    [color_grid] step   60 loss -0.641596 |p| 0.25782 eval -0.647486
    [color_grid] step   70 loss -0.722951 |p| 0.25829 eval -0.723229
    [color_grid] step   80 loss -0.756996 |p| 0.25875 eval -0.748355
    [color_grid] step   90 loss -0.780874 |p| 0.25911 eval -0.772019
    [color_grid] step  100 loss -0.797258 |p| 0.25948 eval -0.789481
    [color_grid] step  110 loss -0.809200 |p| 0.25990 eval -0.813336
    [color_grid] step  120 loss -0.822061 |p| 0.26033 eval -0.827795
    [color_grid] step  130 loss -0.831045 |p| 0.26065 eval -0.838605
    [color_grid] step  140 loss -0.842920 |p| 0.26100 eval -0.845639
    [color_grid] step  150 loss -0.849180 |p| 0.26122 eval -0.857369
    [color_grid] step  160 loss -0.863796 |p| 0.26150 eval -0.871369
    [color_grid] step  170 loss -0.874706 |p| 0.26181 eval -0.882569
    [color_grid] step  180 loss -0.887075 |p| 0.26204 eval -0.891237
    [color_grid] step  190 loss -0.897738 |p| 0.26228 eval -0.899417
    [color_grid] step  200 loss -0.906422 |p| 0.26245 eval -0.904294
    [color_grid] step  210 loss -0.909367 |p| 0.26266 eval -0.912152
    [color_grid] step  220 loss -0.914663 |p| 0.26287 eval -0.919552
    [color_grid] step  230 loss -0.923498 |p| 0.26301 eval -0.921578
    [color_grid] step  240 loss -0.929525 |p| 0.26311 eval -0.924788
    [color_grid] step  250 loss -0.927669 |p| 0.26330 eval -0.926909
    [color_grid] step  260 loss -0.931796 |p| 0.26351 eval -0.930412
    [color_grid] step  270 loss -0.932649 |p| 0.26369 eval -0.938027
    [color_grid] step  280 loss -0.936061 |p| 0.26387 eval -0.940402
    [color_grid] step  290 loss -0.937520 |p| 0.26401 eval -0.944686
    [color_grid] step  300 loss -0.937483 |p| 0.26417 eval -0.946620
    [color_grid] step  310 loss -0.945153 |p| 0.26423 eval -0.949109
    [color_grid] step  320 loss -0.950196 |p| 0.26437 eval -0.945864
    [color_grid] step  330 loss -0.954458 |p| 0.26444 eval -0.945963
    [color_grid] step  340 loss -0.955780 |p| 0.26452 eval -0.949412
    [color_grid] step  350 loss -0.958322 |p| 0.26460 eval -0.953925
    [color_grid] step  360 loss -0.957839 |p| 0.26468 eval -0.954966
    [color_grid] step  370 loss -0.955102 |p| 0.26480 eval -0.959358
    [color_grid] step  380 loss -0.956490 |p| 0.26489 eval -0.960651
    [color_grid] step  390 loss -0.957921 |p| 0.26502 eval -0.963389
    [color_grid] step  399 loss -0.966514 |p| 0.26508 eval -0.960912
  color_grid  whole:sign   r=0.60  cos=-0.9609 redetect=-0.59613 stop=max_steps@400
    [color_grid] step    0 loss 1.000000 |p| 0.25078 eval 0.951747
    [color_grid] step   10 loss 0.130204 |p| 0.25431 eval 0.077987
    [color_grid] step   20 loss -0.247631 |p| 0.25643 eval -0.279851
    [color_grid] step   30 loss -0.619746 |p| 0.25838 eval -0.618727
    [color_grid] step   40 loss -0.743930 |p| 0.25937 eval -0.734002
    [color_grid] step   50 loss -0.798932 |p| 0.26020 eval -0.793059
    [color_grid] step   60 loss -0.847287 |p| 0.26078 eval -0.830320
    [color_grid] step   70 loss -0.854796 |p| 0.26114 eval -0.860441
    [color_grid] step   80 loss -0.874935 |p| 0.26154 eval -0.865650
    [color_grid] step   90 loss -0.890580 |p| 0.26199 eval -0.886946
    [color_grid] step  100 loss -0.901667 |p| 0.26259 eval -0.891949
    [color_grid] step  110 loss -0.917767 |p| 0.26304 eval -0.900097
    [color_grid] step  120 loss -0.917884 |p| 0.26357 eval -0.919101
    [color_grid] step  130 loss -0.918215 |p| 0.26398 eval -0.923637
    [color_grid] step  140 loss -0.928871 |p| 0.26440 eval -0.922188
    [color_grid] step  150 loss -0.919569 |p| 0.26490 eval -0.935496
    [color_grid] step  160 loss -0.920175 |p| 0.26528 eval -0.941471
    [color_grid] step  170 loss -0.926637 |p| 0.26570 eval -0.938171
    [color_grid] step  180 loss -0.944824 |p| 0.26622 eval -0.920921
    [color_grid] step  190 loss -0.937335 |p| 0.26656 eval -0.936309
    [color_grid] step  200 loss -0.942643 |p| 0.26693 eval -0.949326
    [color_grid] step  210 loss -0.952514 |p| 0.26732 eval -0.951063
    [color_grid] step  220 loss -0.941069 |p| 0.26760 eval -0.955640
    [color_grid] step  230 loss -0.950171 |p| 0.26787 eval -0.960859
    [color_grid] step  240 loss -0.942413 |p| 0.26837 eval -0.966734
    [color_grid] step  250 loss -0.960126 |p| 0.26888 eval -0.955593
    [color_grid] step  260 loss -0.946489 |p| 0.26950 eval -0.961261
    [color_grid] step  270 loss -0.955667 |p| 0.26978 eval -0.970970
    [color_grid] step  280 loss -0.961925 |p| 0.27008 eval -0.967807
    [color_grid] step  290 loss -0.964789 |p| 0.27035 eval -0.956784
    [color_grid] step  300 loss -0.959037 |p| 0.27063 eval -0.969588
    [color_grid] step  310 loss -0.968832 |p| 0.27091 eval -0.969369
    [color_grid] step  320 loss -0.951919 |p| 0.27103 eval -0.964935
    [color_grid] step  330 loss -0.968805 |p| 0.27130 eval -0.962738
    [color_grid] step  340 loss -0.960962 |p| 0.27148 eval -0.976962
    [color_grid] step  350 loss -0.961804 |p| 0.27164 eval -0.974528
    [color_grid] step  360 loss -0.960597 |p| 0.27193 eval -0.977956
    [color_grid] step  370 loss -0.966338 |p| 0.27212 eval -0.971430
    [color_grid] step  380 loss -0.973459 |p| 0.27253 eval -0.968877
    [color_grid] step  390 loss -0.976884 |p| 0.27279 eval -0.976101
    [color_grid] step  399 loss -0.970175 |p| 0.27298 eval -0.976527
  color_grid  whole:sign   r=1.20  cos=-0.9765 redetect=None stop=max_steps@400
    [color_grid] step    0 loss 1.000000 |p| 0.25129 eval 0.901728
    [color_grid] step   10 loss -0.077497 |p| 0.25606 eval -0.118768
    [color_grid] step   20 loss -0.387506 |p| 0.25884 eval -0.405832
    [color_grid] step   30 loss -0.692062 |p| 0.26116 eval -0.650308
    [color_grid] step   40 loss -0.802878 |p| 0.26242 eval -0.773900
    [color_grid] step   50 loss -0.810817 |p| 0.26355 eval -0.838261
    [color_grid] step   60 loss -0.876865 |p| 0.26457 eval -0.822011
    [color_grid] step   70 loss -0.892860 |p| 0.26555 eval -0.862152
    [color_grid] step   80 loss -0.895094 |p| 0.26638 eval -0.875084
    [color_grid] step   90 loss -0.908760 |p| 0.26725 eval -0.894729
    [color_grid] step  100 loss -0.901674 |p| 0.26795 eval -0.884124
    [color_grid] step  110 loss -0.901635 |p| 0.26861 eval -0.914247
    [color_grid] step  120 loss -0.932954 |p| 0.26925 eval -0.930938
    [color_grid] step  130 loss -0.926328 |p| 0.26993 eval -0.932132
    [color_grid] step  140 loss -0.947987 |p| 0.27054 eval -0.946427
    [color_grid] step  150 loss -0.927757 |p| 0.27106 eval -0.946236
    [color_grid] step  160 loss -0.907384 |p| 0.27162 eval -0.931555
    [color_grid] step  170 loss -0.935446 |p| 0.27207 eval -0.929391
    [color_grid] step  180 loss -0.932471 |p| 0.27251 eval -0.953447
    [color_grid] step  190 loss -0.963070 |p| 0.27275 eval -0.922777
    [color_grid] step  200 loss -0.962497 |p| 0.27335 eval -0.924797
    [color_grid] step  210 loss -0.919463 |p| 0.27382 eval -0.943390
    [color_grid] step  220 loss -0.936580 |p| 0.27423 eval -0.955638
    [color_grid] step  230 loss -0.968074 |p| 0.27471 eval -0.931678
    [color_grid] step  240 loss -0.966284 |p| 0.27517 eval -0.968333
    [color_grid] step  250 loss -0.967879 |p| 0.27563 eval -0.956082
    [color_grid] step  260 loss -0.959947 |p| 0.27623 eval -0.971300
    [color_grid] step  270 loss -0.968069 |p| 0.27669 eval -0.965152
    [color_grid] step  280 loss -0.971820 |p| 0.27698 eval -0.968317
    [color_grid] step  290 loss -0.973014 |p| 0.27715 eval -0.947365
    [color_grid] step  300 loss -0.949381 |p| 0.27760 eval -0.978609
    [color_grid] step  310 loss -0.965950 |p| 0.27799 eval -0.973642
    [color_grid] step  320 loss -0.962313 |p| 0.27827 eval -0.978098
    [color_grid] step  330 loss -0.961048 |p| 0.27859 eval -0.966266
    [color_grid] step  340 loss -0.978381 |p| 0.27899 eval -0.961007
    [color_grid] step  350 loss -0.974651 |p| 0.27945 eval -0.969358
    [color_grid] step  360 loss -0.966523 |p| 0.27952 eval -0.971871
    [color_grid] step  370 loss -0.975493 |p| 0.27988 eval -0.965022
    [color_grid] step  380 loss -0.975068 |p| 0.28035 eval -0.971315
    [color_grid] early stop at step 380（連續 8 次評估未改善 > 0.0001）
  color_grid  whole:sign   r=2.00  cos=-0.9713 redetect=-0.73327 stop=early_stop@381
    [color_grid] step    0 loss 1.000000 |p| 0.25001 eval 0.999982
    [color_grid] step   10 loss 0.998033 |p| 0.25011 eval 0.997557
    [color_grid] step   20 loss 0.990294 |p| 0.25023 eval 0.989177
    [color_grid] step   30 loss 0.976699 |p| 0.25037 eval 0.975078
    [color_grid] step   40 loss 0.957862 |p| 0.25051 eval 0.955612
    [color_grid] step   50 loss 0.931901 |p| 0.25064 eval 0.928786
    [color_grid] step   60 loss 0.898209 |p| 0.25077 eval 0.894637
    [color_grid] step   70 loss 0.859276 |p| 0.25088 eval 0.854989
    [color_grid] step   80 loss 0.821484 |p| 0.25097 eval 0.819139
    [color_grid] step   90 loss 0.803691 |p| 0.25099 eval 0.802182
    [color_grid] step  100 loss 0.788988 |p| 0.25101 eval 0.787760
    [color_grid] step  110 loss 0.777870 |p| 0.25102 eval 0.777075
    [color_grid] step  120 loss 0.770742 |p| 0.25104 eval 0.770139
    [color_grid] step  130 loss 0.765409 |p| 0.25106 eval 0.765042
    [color_grid] step  140 loss 0.760585 |p| 0.25107 eval 0.760130
    [color_grid] step  150 loss 0.756299 |p| 0.25108 eval 0.755902
    [color_grid] step  160 loss 0.752778 |p| 0.25109 eval 0.752462
    [color_grid] step  170 loss 0.749974 |p| 0.25110 eval 0.749757
    [color_grid] step  180 loss 0.747860 |p| 0.25111 eval 0.747608
    [color_grid] step  190 loss 0.745928 |p| 0.25112 eval 0.745717
    [color_grid] step  200 loss 0.743924 |p| 0.25112 eval 0.743810
    [color_grid] step  210 loss 0.742304 |p| 0.25113 eval 0.742203
    [color_grid] step  220 loss 0.741464 |p| 0.25114 eval 0.741424
    [color_grid] step  230 loss 0.740882 |p| 0.25114 eval 0.740850
    [color_grid] step  240 loss 0.740504 |p| 0.25115 eval 0.740449
    [color_grid] step  250 loss 0.740142 |p| 0.25115 eval 0.740058
    [color_grid] step  260 loss 0.739885 |p| 0.25116 eval 0.739856
    [color_grid] step  270 loss 0.739573 |p| 0.25116 eval 0.739548
    [color_grid] step  280 loss 0.739300 |p| 0.25116 eval 0.739289
    [color_grid] step  290 loss 0.739133 |p| 0.25116 eval 0.739130
    [color_grid] step  300 loss 0.738959 |p| 0.25117 eval 0.738916
    [color_grid] step  310 loss 0.738704 |p| 0.25117 eval 0.738702
    [color_grid] step  320 loss 0.738651 |p| 0.25117 eval 0.738625
    [color_grid] step  330 loss 0.738527 |p| 0.25117 eval 0.738489
    [color_grid] step  340 loss 0.738464 |p| 0.25118 eval 0.738436
    [color_grid] step  350 loss 0.738266 |p| 0.25118 eval 0.738255
    [color_grid] step  360 loss 0.738217 |p| 0.25118 eval 0.738146
    [color_grid] step  370 loss 0.738097 |p| 0.25118 eval 0.738127
    [color_grid] step  380 loss 0.738038 |p| 0.25119 eval 0.737986
    [color_grid] step  390 loss 0.737945 |p| 0.25119 eval 0.737920
    [color_grid] step  399 loss 0.737852 |p| 0.25119 eval 0.737894
  color_grid  whole:adam   r=0.02  cos=0.7379 redetect=0.81718 stop=max_steps@400
    [color_grid] step    0 loss 1.000000 |p| 0.25003 eval 0.999886
    [color_grid] step   10 loss 0.987824 |p| 0.25028 eval 0.985115
    [color_grid] step   20 loss 0.951275 |p| 0.25057 eval 0.946241
    [color_grid] step   30 loss 0.889816 |p| 0.25086 eval 0.882897
    [color_grid] step   40 loss 0.812486 |p| 0.25111 eval 0.804035
    [color_grid] step   50 loss 0.720098 |p| 0.25134 eval 0.712419
    [color_grid] step   60 loss 0.654688 |p| 0.25155 eval 0.649056
    [color_grid] step   70 loss 0.603574 |p| 0.25173 eval 0.598831
    [color_grid] step   80 loss 0.558874 |p| 0.25190 eval 0.555271
    [color_grid] step   90 loss 0.525846 |p| 0.25203 eval 0.522976
    [color_grid] step  100 loss 0.498355 |p| 0.25213 eval 0.495754
    [color_grid] step  110 loss 0.475655 |p| 0.25221 eval 0.473429
    [color_grid] step  120 loss 0.456768 |p| 0.25228 eval 0.455351
    [color_grid] step  130 loss 0.443352 |p| 0.25234 eval 0.442217
    [color_grid] step  140 loss 0.431361 |p| 0.25239 eval 0.430220
    [color_grid] step  150 loss 0.419924 |p| 0.25243 eval 0.418849
    [color_grid] step  160 loss 0.410374 |p| 0.25248 eval 0.409510
    [color_grid] step  170 loss 0.402478 |p| 0.25252 eval 0.401722
    [color_grid] step  180 loss 0.394982 |p| 0.25256 eval 0.394304
    [color_grid] step  190 loss 0.388761 |p| 0.25259 eval 0.388122
    [color_grid] step  200 loss 0.383779 |p| 0.25262 eval 0.383465
    [color_grid] step  210 loss 0.379367 |p| 0.25265 eval 0.378840
    [color_grid] step  220 loss 0.374612 |p| 0.25267 eval 0.374295
    [color_grid] step  230 loss 0.370630 |p| 0.25269 eval 0.370218
    [color_grid] step  240 loss 0.366738 |p| 0.25270 eval 0.366299
    [color_grid] step  250 loss 0.362889 |p| 0.25271 eval 0.362595
    [color_grid] step  260 loss 0.359625 |p| 0.25272 eval 0.359249
    [color_grid] step  270 loss 0.356517 |p| 0.25274 eval 0.356159
    [color_grid] step  280 loss 0.353873 |p| 0.25275 eval 0.353559
    [color_grid] step  290 loss 0.351533 |p| 0.25277 eval 0.351342
    [color_grid] step  300 loss 0.349516 |p| 0.25278 eval 0.349342
    [color_grid] step  310 loss 0.347513 |p| 0.25279 eval 0.347363
    [color_grid] step  320 loss 0.345885 |p| 0.25279 eval 0.345706
    [color_grid] step  330 loss 0.344608 |p| 0.25280 eval 0.344467
    [color_grid] step  340 loss 0.343320 |p| 0.25281 eval 0.343130
    [color_grid] step  350 loss 0.342214 |p| 0.25282 eval 0.342052
    [color_grid] step  360 loss 0.341149 |p| 0.25283 eval 0.341083
    [color_grid] step  370 loss 0.340383 |p| 0.25283 eval 0.340352
    [color_grid] step  380 loss 0.339777 |p| 0.25284 eval 0.339756
    [color_grid] step  390 loss 0.339254 |p| 0.25284 eval 0.339204
    [color_grid] step  399 loss 0.338759 |p| 0.25284 eval 0.338701
  color_grid  whole:adam   r=0.05  cos=0.3387 redetect=0.41349 stop=max_steps@400
    [color_grid] step    0 loss 1.000000 |p| 0.25005 eval 0.999552
    [color_grid] step   10 loss 0.958897 |p| 0.25055 eval 0.950630
    [color_grid] step   20 loss 0.850992 |p| 0.25105 eval 0.837861
    [color_grid] step   30 loss 0.711008 |p| 0.25147 eval 0.697675
    [color_grid] step   40 loss 0.602410 |p| 0.25186 eval 0.592688
    [color_grid] step   50 loss 0.509310 |p| 0.25221 eval 0.500769
    [color_grid] step   60 loss 0.420402 |p| 0.25255 eval 0.412198
    [color_grid] step   70 loss 0.344125 |p| 0.25286 eval 0.336877
    [color_grid] step   80 loss 0.275626 |p| 0.25314 eval 0.269118
    [color_grid] step   90 loss 0.215408 |p| 0.25339 eval 0.210009
    [color_grid] step  100 loss 0.166034 |p| 0.25359 eval 0.161379
    [color_grid] step  110 loss 0.123000 |p| 0.25375 eval 0.119839
    [color_grid] step  120 loss 0.096011 |p| 0.25388 eval 0.093873
    [color_grid] step  130 loss 0.075340 |p| 0.25399 eval 0.073565
    [color_grid] step  140 loss 0.060577 |p| 0.25410 eval 0.059335
    [color_grid] step  150 loss 0.049227 |p| 0.25418 eval 0.048137
    [color_grid] step  160 loss 0.039289 |p| 0.25424 eval 0.038275
    [color_grid] step  170 loss 0.029956 |p| 0.25430 eval 0.029067
    [color_grid] step  180 loss 0.020091 |p| 0.25434 eval 0.019197
    [color_grid] step  190 loss 0.010768 |p| 0.25439 eval 0.009816
    [color_grid] step  200 loss 0.001300 |p| 0.25444 eval 0.000311
    [color_grid] step  210 loss -0.009804 |p| 0.25449 eval -0.010933
    [color_grid] step  220 loss -0.021294 |p| 0.25454 eval -0.022475
    [color_grid] step  230 loss -0.033508 |p| 0.25457 eval -0.034641
    [color_grid] step  240 loss -0.045020 |p| 0.25461 eval -0.046141
    [color_grid] step  250 loss -0.056058 |p| 0.25466 eval -0.056876
    [color_grid] step  260 loss -0.064835 |p| 0.25468 eval -0.065654
    [color_grid] step  270 loss -0.072839 |p| 0.25470 eval -0.073793
    [color_grid] step  280 loss -0.079464 |p| 0.25472 eval -0.080088
    [color_grid] step  290 loss -0.085810 |p| 0.25474 eval -0.086427
    [color_grid] step  300 loss -0.093159 |p| 0.25476 eval -0.093859
    [color_grid] step  310 loss -0.100305 |p| 0.25478 eval -0.100950
    [color_grid] step  320 loss -0.107018 |p| 0.25480 eval -0.107761
    [color_grid] step  330 loss -0.113804 |p| 0.25482 eval -0.114544
    [color_grid] step  340 loss -0.120844 |p| 0.25484 eval -0.121465
    [color_grid] step  350 loss -0.126993 |p| 0.25486 eval -0.127496
    [color_grid] step  360 loss -0.132098 |p| 0.25488 eval -0.132596
    [color_grid] step  370 loss -0.136976 |p| 0.25491 eval -0.137462
    [color_grid] step  380 loss -0.142480 |p| 0.25494 eval -0.143186
    [color_grid] step  390 loss -0.148328 |p| 0.25497 eval -0.148877
    [color_grid] step  399 loss -0.152984 |p| 0.25499 eval -0.153460
  color_grid  whole:adam   r=0.10  cos=-0.1535 redetect=-0.07921 stop=max_steps@400
    [color_grid] step    0 loss 1.000000 |p| 0.25010 eval 0.998180
    [color_grid] step   10 loss 0.874331 |p| 0.25102 eval 0.853564
    [color_grid] step   20 loss 0.647613 |p| 0.25182 eval 0.628312
    [color_grid] step   30 loss 0.462211 |p| 0.25252 eval 0.445384
    [color_grid] step   40 loss 0.322006 |p| 0.25317 eval 0.310986
    [color_grid] step   50 loss 0.214003 |p| 0.25368 eval 0.203330
    [color_grid] step   60 loss 0.118112 |p| 0.25415 eval 0.110686
    [color_grid] step   70 loss 0.051000 |p| 0.25457 eval 0.045942
    [color_grid] step   80 loss 0.002735 |p| 0.25492 eval -0.002705
    [color_grid] step   90 loss -0.043564 |p| 0.25523 eval -0.047240
    [color_grid] step  100 loss -0.081492 |p| 0.25547 eval -0.084920
    [color_grid] step  110 loss -0.121051 |p| 0.25566 eval -0.125285
    [color_grid] step  120 loss -0.162522 |p| 0.25585 eval -0.166108
    [color_grid] step  130 loss -0.197210 |p| 0.25605 eval -0.200511
    [color_grid] step  140 loss -0.227254 |p| 0.25621 eval -0.230106
    [color_grid] step  150 loss -0.258918 |p| 0.25635 eval -0.262375
    [color_grid] step  160 loss -0.296552 |p| 0.25652 eval -0.300473
    [color_grid] step  170 loss -0.334683 |p| 0.25669 eval -0.338555
    [color_grid] step  180 loss -0.373049 |p| 0.25686 eval -0.376741
    [color_grid] step  190 loss -0.410464 |p| 0.25700 eval -0.414846
    [color_grid] step  200 loss -0.453894 |p| 0.25717 eval -0.458936
    [color_grid] step  210 loss -0.505772 |p| 0.25734 eval -0.511174
    [color_grid] step  220 loss -0.570763 |p| 0.25753 eval -0.574615
    [color_grid] step  230 loss -0.610193 |p| 0.25771 eval -0.614653
    [color_grid] step  240 loss -0.654063 |p| 0.25784 eval -0.658374
    [color_grid] step  250 loss -0.699331 |p| 0.25797 eval -0.703557
    [color_grid] step  260 loss -0.734463 |p| 0.25809 eval -0.737336
    [color_grid] step  270 loss -0.759582 |p| 0.25818 eval -0.761497
    [color_grid] step  280 loss -0.777409 |p| 0.25822 eval -0.779232
    [color_grid] step  290 loss -0.796364 |p| 0.25823 eval -0.798567
    [color_grid] step  300 loss -0.817698 |p| 0.25823 eval -0.819766
    [color_grid] step  310 loss -0.838470 |p| 0.25824 eval -0.840459
    [color_grid] step  320 loss -0.853672 |p| 0.25825 eval -0.855009
    [color_grid] step  330 loss -0.868796 |p| 0.25827 eval -0.870398
    [color_grid] step  340 loss -0.882009 |p| 0.25829 eval -0.883187
    [color_grid] step  350 loss -0.893112 |p| 0.25830 eval -0.894096
    [color_grid] step  360 loss -0.901260 |p| 0.25833 eval -0.902028
    [color_grid] step  370 loss -0.907637 |p| 0.25836 eval -0.908186
    [color_grid] step  380 loss -0.913239 |p| 0.25839 eval -0.913798
    [color_grid] step  390 loss -0.918090 |p| 0.25842 eval -0.918557
    [color_grid] step  399 loss -0.922400 |p| 0.25846 eval -0.922780
  color_grid  whole:adam   r=0.20  cos=-0.9228 redetect=-0.52264 stop=max_steps@400
    [color_grid] step    0 loss 1.000000 |p| 0.25015 eval 0.995808
    [color_grid] step   10 loss 0.779590 |p| 0.25145 eval 0.746684
    [color_grid] step   20 loss 0.484456 |p| 0.25253 eval 0.460196
    [color_grid] step   30 loss 0.290798 |p| 0.25347 eval 0.276112
    [color_grid] step   40 loss 0.153426 |p| 0.25424 eval 0.141636
    [color_grid] step   50 loss 0.043418 |p| 0.25492 eval 0.035018
    [color_grid] step   60 loss -0.023715 |p| 0.25543 eval -0.030378
    [color_grid] step   70 loss -0.081590 |p| 0.25582 eval -0.086822
    [color_grid] step   80 loss -0.144032 |p| 0.25613 eval -0.149750
    [color_grid] step   90 loss -0.199791 |p| 0.25644 eval -0.205125
    [color_grid] step  100 loss -0.249925 |p| 0.25678 eval -0.254901
    [color_grid] step  110 loss -0.306015 |p| 0.25714 eval -0.312466
    [color_grid] step  120 loss -0.378363 |p| 0.25751 eval -0.387867
    [color_grid] step  130 loss -0.476913 |p| 0.25790 eval -0.486948
    [color_grid] step  140 loss -0.587684 |p| 0.25822 eval -0.597911
    [color_grid] step  150 loss -0.672770 |p| 0.25841 eval -0.678271
    [color_grid] step  160 loss -0.723655 |p| 0.25861 eval -0.728117
    [color_grid] step  170 loss -0.762527 |p| 0.25881 eval -0.765391
    [color_grid] step  180 loss -0.792772 |p| 0.25895 eval -0.795516
    [color_grid] step  190 loss -0.815770 |p| 0.25906 eval -0.817552
    [color_grid] step  200 loss -0.834313 |p| 0.25913 eval -0.836283
    [color_grid] step  210 loss -0.853748 |p| 0.25921 eval -0.855385
    [color_grid] step  220 loss -0.868577 |p| 0.25929 eval -0.869822
    [color_grid] step  230 loss -0.880569 |p| 0.25936 eval -0.881655
    [color_grid] step  240 loss -0.892285 |p| 0.25942 eval -0.893506
    [color_grid] step  250 loss -0.901964 |p| 0.25948 eval -0.902843
    [color_grid] step  260 loss -0.911128 |p| 0.25955 eval -0.912099
    [color_grid] step  270 loss -0.920340 |p| 0.25961 eval -0.921270
    [color_grid] step  280 loss -0.930461 |p| 0.25967 eval -0.931634
    [color_grid] step  290 loss -0.941620 |p| 0.25975 eval -0.942733
    [color_grid] step  300 loss -0.950210 |p| 0.25980 eval -0.950957
    [color_grid] step  310 loss -0.957239 |p| 0.25984 eval -0.957897
    [color_grid] step  320 loss -0.963172 |p| 0.25989 eval -0.963672
    [color_grid] step  330 loss -0.968245 |p| 0.25993 eval -0.968697
    [color_grid] step  340 loss -0.972295 |p| 0.25997 eval -0.972658
    [color_grid] step  350 loss -0.975370 |p| 0.26002 eval -0.975673
    [color_grid] step  360 loss -0.977803 |p| 0.26006 eval -0.978058
    [color_grid] step  370 loss -0.980071 |p| 0.26011 eval -0.980241
    [color_grid] step  380 loss -0.982205 |p| 0.26015 eval -0.982413
    [color_grid] step  390 loss -0.983996 |p| 0.26018 eval -0.984164
    [color_grid] step  399 loss -0.985371 |p| 0.26020 eval -0.985516
  color_grid  whole:adam   r=0.30  cos=-0.9855 redetect=-0.60739 stop=max_steps@400
    [color_grid] step    0 loss 1.000000 |p| 0.25031 eval 0.984527
    [color_grid] step   10 loss 0.524947 |p| 0.25255 eval 0.474481
    [color_grid] step   20 loss 0.211704 |p| 0.25434 eval 0.187195
    [color_grid] step   30 loss 0.015407 |p| 0.25578 eval 0.000479
    [color_grid] step   40 loss -0.098379 |p| 0.25687 eval -0.108858
    [color_grid] step   50 loss -0.197089 |p| 0.25758 eval -0.205417
    [color_grid] step   60 loss -0.308980 |p| 0.25823 eval -0.327155
    [color_grid] step   70 loss -0.547936 |p| 0.25893 eval -0.566595
    [color_grid] step   80 loss -0.666619 |p| 0.25949 eval -0.675230
    [color_grid] step   90 loss -0.737784 |p| 0.25994 eval -0.742352
    [color_grid] step  100 loss -0.781270 |p| 0.26027 eval -0.784190
    [color_grid] step  110 loss -0.810526 |p| 0.26050 eval -0.813497
    [color_grid] step  120 loss -0.841443 |p| 0.26071 eval -0.845527
    [color_grid] step  130 loss -0.881079 |p| 0.26092 eval -0.884188
    [color_grid] step  140 loss -0.905463 |p| 0.26110 eval -0.907288
    [color_grid] step  150 loss -0.917940 |p| 0.26123 eval -0.919354
    [color_grid] step  160 loss -0.929252 |p| 0.26136 eval -0.930309
    [color_grid] step  170 loss -0.938642 |p| 0.26154 eval -0.939578
    [color_grid] step  180 loss -0.948073 |p| 0.26176 eval -0.949105
    [color_grid] step  190 loss -0.955035 |p| 0.26198 eval -0.955684
    [color_grid] step  200 loss -0.960220 |p| 0.26222 eval -0.960511
    [color_grid] step  210 loss -0.963889 |p| 0.26245 eval -0.964307
    [color_grid] step  220 loss -0.967119 |p| 0.26265 eval -0.967419
    [color_grid] step  230 loss -0.970139 |p| 0.26284 eval -0.970457
    [color_grid] step  240 loss -0.972806 |p| 0.26304 eval -0.973110
    [color_grid] step  250 loss -0.975304 |p| 0.26322 eval -0.975522
    [color_grid] step  260 loss -0.977421 |p| 0.26340 eval -0.977662
    [color_grid] step  270 loss -0.979376 |p| 0.26357 eval -0.979555
    [color_grid] step  280 loss -0.981169 |p| 0.26372 eval -0.981360
    [color_grid] step  290 loss -0.983106 |p| 0.26388 eval -0.983322
    [color_grid] step  300 loss -0.984740 |p| 0.26403 eval -0.984878
    [color_grid] step  310 loss -0.986296 |p| 0.26419 eval -0.986464
    [color_grid] step  320 loss -0.987802 |p| 0.26432 eval -0.987922
    [color_grid] step  330 loss -0.988912 |p| 0.26444 eval -0.989017
    [color_grid] step  340 loss -0.989893 |p| 0.26455 eval -0.989998
    [color_grid] step  350 loss -0.990924 |p| 0.26465 eval -0.991012
    [color_grid] step  360 loss -0.991947 |p| 0.26475 eval -0.992050
    [color_grid] step  370 loss -0.992992 |p| 0.26485 eval -0.993099
    [color_grid] step  380 loss -0.993979 |p| 0.26495 eval -0.994067
    [color_grid] step  390 loss -0.994858 |p| 0.26505 eval -0.994941
    [color_grid] step  399 loss -0.995539 |p| 0.26513 eval -0.995622
  color_grid  whole:adam   r=0.60  cos=-0.9956 redetect=None stop=max_steps@400
    [color_grid] step    0 loss 1.000000 |p| 0.25061 eval 0.952038
    [color_grid] step   10 loss 0.258642 |p| 0.25445 eval 0.218974
    [color_grid] step   20 loss -0.031429 |p| 0.25721 eval -0.045667
    [color_grid] step   30 loss -0.173718 |p| 0.25900 eval -0.187957
    [color_grid] step   40 loss -0.329763 |p| 0.26015 eval -0.342596
    [color_grid] step   50 loss -0.533659 |p| 0.26105 eval -0.562633
    [color_grid] step   60 loss -0.717795 |p| 0.26191 eval -0.731317
    [color_grid] step   70 loss -0.810246 |p| 0.26259 eval -0.813884
    [color_grid] step   80 loss -0.859486 |p| 0.26320 eval -0.864611
    [color_grid] step   90 loss -0.893643 |p| 0.26369 eval -0.895478
    [color_grid] step  100 loss -0.914936 |p| 0.26413 eval -0.917137
    [color_grid] step  110 loss -0.932298 |p| 0.26443 eval -0.933580
    [color_grid] step  120 loss -0.946252 |p| 0.26478 eval -0.947815
    [color_grid] step  130 loss -0.960977 |p| 0.26516 eval -0.962206
    [color_grid] step  140 loss -0.971624 |p| 0.26552 eval -0.972904
    [color_grid] step  150 loss -0.980530 |p| 0.26583 eval -0.981331
    [color_grid] step  160 loss -0.986739 |p| 0.26607 eval -0.987214
    [color_grid] step  170 loss -0.990995 |p| 0.26628 eval -0.991299
    [color_grid] step  180 loss -0.993759 |p| 0.26646 eval -0.993797
    [color_grid] step  190 loss -0.996194 |p| 0.26663 eval -0.996415
    [color_grid] step  200 loss -0.997767 |p| 0.26678 eval -0.997983
    [color_grid] step  210 loss -0.998431 |p| 0.26688 eval -0.998496
    [color_grid] step  220 loss -0.999357 |p| 0.26695 eval -0.999393
    [color_grid] step  230 loss -0.999559 |p| 0.26700 eval -0.999513
    [color_grid] step  240 loss -0.999758 |p| 0.26705 eval -0.999713
    [color_grid] step  250 loss -0.999839 |p| 0.26709 eval -0.999860
    [color_grid] step  260 loss -0.999889 |p| 0.26712 eval -0.999886
    [color_grid] step  270 loss -0.999891 |p| 0.26715 eval -0.999916
    [color_grid] step  280 loss -0.999822 |p| 0.26717 eval -0.999907
    [color_grid] step  290 loss -0.999902 |p| 0.26719 eval -0.999879
    [color_grid] step  300 loss -0.999929 |p| 0.26721 eval -0.999920
    [color_grid] step  310 loss -0.999929 |p| 0.26722 eval -0.999951
    [color_grid] step  320 loss -0.999965 |p| 0.26723 eval -0.999957
    [color_grid] step  330 loss -0.999967 |p| 0.26724 eval -0.999971
    [color_grid] step  340 loss -0.999934 |p| 0.26725 eval -0.999964
    [color_grid] step  350 loss -0.999973 |p| 0.26725 eval -0.999963
    [color_grid] step  360 loss -0.999960 |p| 0.26726 eval -0.999973
    [color_grid] step  370 loss -0.999959 |p| 0.26727 eval -0.999963
    [color_grid] step  380 loss -0.999982 |p| 0.26727 eval -0.999981
    [color_grid] step  390 loss -0.999935 |p| 0.26728 eval -0.999974
    [color_grid] step  399 loss -0.999959 |p| 0.26728 eval -0.999963
  color_grid  whole:adam   r=1.20  cos=-1.0000 redetect=None stop=max_steps@400
    [color_grid] step    0 loss 1.000000 |p| 0.25102 eval 0.902320
    [color_grid] step   10 loss 0.066089 |p| 0.25634 eval 0.026017
    [color_grid] step   20 loss -0.199499 |p| 0.25978 eval -0.217840
    [color_grid] step   30 loss -0.378698 |p| 0.26198 eval -0.394564
    [color_grid] step   40 loss -0.569117 |p| 0.26365 eval -0.604844
    [color_grid] step   50 loss -0.765383 |p| 0.26526 eval -0.775897
    [color_grid] step   60 loss -0.867847 |p| 0.26666 eval -0.873604
    [color_grid] step   70 loss -0.911220 |p| 0.26753 eval -0.914977
    [color_grid] step   80 loss -0.942673 |p| 0.26832 eval -0.944210
    [color_grid] step   90 loss -0.964411 |p| 0.26904 eval -0.965766
    [color_grid] step  100 loss -0.977669 |p| 0.26951 eval -0.979017
    [color_grid] step  110 loss -0.987088 |p| 0.26981 eval -0.987626
    [color_grid] step  120 loss -0.992542 |p| 0.27002 eval -0.992895
    [color_grid] step  130 loss -0.995862 |p| 0.27021 eval -0.996093
    [color_grid] step  140 loss -0.997670 |p| 0.27035 eval -0.997796
    [color_grid] step  150 loss -0.998670 |p| 0.27047 eval -0.998740
    [color_grid] step  160 loss -0.999187 |p| 0.27054 eval -0.999224
    [color_grid] step  170 loss -0.999529 |p| 0.27059 eval -0.999555
    [color_grid] step  180 loss -0.999726 |p| 0.27061 eval -0.999750
    [color_grid] step  190 loss -0.999847 |p| 0.27064 eval -0.999863
    [color_grid] step  200 loss -0.999927 |p| 0.27065 eval -0.999927
    [color_grid] step  210 loss -0.999954 |p| 0.27066 eval -0.999957
    [color_grid] step  220 loss -0.999969 |p| 0.27067 eval -0.999968
    [color_grid] step  230 loss -0.999973 |p| 0.27068 eval -0.999976
    [color_grid] step  240 loss -0.999980 |p| 0.27069 eval -0.999979
    [color_grid] step  250 loss -0.999979 |p| 0.27069 eval -0.999982
    [color_grid] step  260 loss -0.999976 |p| 0.27070 eval -0.999982
    [color_grid] step  270 loss -0.999964 |p| 0.27070 eval -0.999981
    [color_grid] step  280 loss -0.999952 |p| 0.27070 eval -0.999956
    [color_grid] step  290 loss -0.999980 |p| 0.27070 eval -0.999974
    [color_grid] step  300 loss -0.999981 |p| 0.27071 eval -0.999972
    [color_grid] step  310 loss -0.999979 |p| 0.27071 eval -0.999981
    [color_grid] step  320 loss -0.999981 |p| 0.27071 eval -0.999978
    [color_grid] step  330 loss -0.999980 |p| 0.27071 eval -0.999984
    [color_grid] step  340 loss -0.999980 |p| 0.27071 eval -0.999979
    [color_grid] step  350 loss -0.999976 |p| 0.27071 eval -0.999978
    [color_grid] step  360 loss -0.999984 |p| 0.27071 eval -0.999980
    [color_grid] step  370 loss -0.999981 |p| 0.27071 eval -0.999981
    [color_grid] step  380 loss -0.999975 |p| 0.27071 eval -0.999975
    [color_grid] step  390 loss -0.999979 |p| 0.27071 eval -0.999965
    [color_grid] step  399 loss -0.999972 |p| 0.27071 eval -0.999977
  color_grid  whole:adam   r=2.00  cos=-1.0000 redetect=-0.70633 stop=max_steps@400
  color_grid  whole:rand   r=0.02  cos=0.9912 redetect=0.98037 stop=no_params@0
  color_grid  whole:rand   r=0.05  cos=0.9448 redetect=0.908 stop=no_params@0
  color_grid  whole:rand   r=0.10  cos=0.8523 redetect=0.84843 stop=no_params@0
  color_grid  whole:rand   r=0.20  cos=0.7310 redetect=0.75135 stop=no_params@0
  color_grid  whole:rand   r=0.30  cos=0.6378 redetect=0.68759 stop=no_params@0
  color_grid  whole:rand   r=0.60  cos=0.4975 redetect=None stop=no_params@0
  color_grid  whole:rand   r=1.20  cos=-0.0394 redetect=None stop=no_params@0
  color_grid  whole:rand   r=2.00  cos=-0.1321 redetect=None stop=no_params@0
    [color_curve] step    0 loss 1.000000 |p| 0.01562 eval 1.000000
    [color_curve] step   10 loss 1.000000 |p| 0.01562 eval 1.000000
    [color_curve] step   20 loss 1.000000 |p| 0.01562 eval 1.000000
    [color_curve] step   30 loss 1.000000 |p| 0.01562 eval 1.000000
    [color_curve] step   40 loss 1.000000 |p| 0.01562 eval 1.000000
    [color_curve] step   50 loss 1.000000 |p| 0.01562 eval 1.000000
    [color_curve] step   60 loss 1.000000 |p| 0.01562 eval 1.000000
    [color_curve] step   70 loss 1.000000 |p| 0.01562 eval 1.000000
    [color_curve] step   80 loss 1.000000 |p| 0.01562 eval 1.000000
    [color_curve] early stop at step 80（連續 8 次評估未改善 > 0.0001）
  color_curve whole:sign   r=0.02  cos=1.0000 redetect=1.0 stop=early_stop@81
    [color_curve] step    0 loss 1.000000 |p| 0.01562 eval 1.000000
    [color_curve] step   10 loss 1.000000 |p| 0.01562 eval 1.000000
    [color_curve] step   20 loss 1.000000 |p| 0.01562 eval 1.000000
    [color_curve] step   30 loss 1.000000 |p| 0.01562 eval 1.000000
    [color_curve] step   40 loss 1.000000 |p| 0.01562 eval 1.000000
    [color_curve] step   50 loss 1.000000 |p| 0.01562 eval 1.000000
    [color_curve] step   60 loss 1.000000 |p| 0.01562 eval 1.000000
    [color_curve] step   70 loss 1.000000 |p| 0.01562 eval 1.000000
    [color_curve] step   80 loss 1.000000 |p| 0.01562 eval 1.000000
    [color_curve] early stop at step 80（連續 8 次評估未改善 > 0.0001）
  color_curve whole:sign   r=0.05  cos=1.0000 redetect=1.0 stop=early_stop@81
    [color_curve] step    0 loss 1.000000 |p| 0.01562 eval 1.000000
    [color_curve] step   10 loss 1.000000 |p| 0.01562 eval 1.000000
    [color_curve] step   20 loss 1.000000 |p| 0.01562 eval 1.000000
    [color_curve] step   30 loss 1.000000 |p| 0.01562 eval 1.000000
    [color_curve] step   40 loss 1.000000 |p| 0.01562 eval 1.000000
    [color_curve] step   50 loss 1.000000 |p| 0.01562 eval 1.000000
    [color_curve] step   60 loss 1.000000 |p| 0.01562 eval 1.000000
    [color_curve] step   70 loss 1.000000 |p| 0.01562 eval 1.000000
    [color_curve] step   80 loss 1.000000 |p| 0.01562 eval 1.000000
    [color_curve] early stop at step 80（連續 8 次評估未改善 > 0.0001）
  color_curve whole:sign   r=0.10  cos=1.0000 redetect=1.0 stop=early_stop@81
    [color_curve] step    0 loss 1.000000 |p| 0.01562 eval 1.000000
    [color_curve] step   10 loss 1.000000 |p| 0.01562 eval 1.000000
    [color_curve] step   20 loss 1.000000 |p| 0.01562 eval 1.000000
    [color_curve] step   30 loss 1.000000 |p| 0.01562 eval 1.000000
    [color_curve] step   40 loss 1.000000 |p| 0.01562 eval 1.000000
    [color_curve] step   50 loss 1.000000 |p| 0.01562 eval 1.000000
    [color_curve] step   60 loss 1.000000 |p| 0.01562 eval 1.000000
    [color_curve] step   70 loss 1.000000 |p| 0.01562 eval 1.000000
    [color_curve] step   80 loss 1.000000 |p| 0.01562 eval 1.000000
    [color_curve] early stop at step 80（連續 8 次評估未改善 > 0.0001）
  color_curve whole:sign   r=0.20  cos=1.0000 redetect=1.0 stop=early_stop@81
    [color_curve] step    0 loss 1.000000 |p| 0.01562 eval 1.000000
    [color_curve] step   10 loss 1.000000 |p| 0.01562 eval 1.000000
    [color_curve] step   20 loss 1.000000 |p| 0.01562 eval 1.000000
    [color_curve] step   30 loss 1.000000 |p| 0.01562 eval 1.000000
    [color_curve] step   40 loss 1.000000 |p| 0.01562 eval 1.000000
    [color_curve] step   50 loss 1.000000 |p| 0.01562 eval 1.000000
    [color_curve] step   60 loss 1.000000 |p| 0.01562 eval 1.000000
    [color_curve] step   70 loss 1.000000 |p| 0.01562 eval 1.000000
    [color_curve] step   80 loss 1.000000 |p| 0.01562 eval 1.000000
    [color_curve] early stop at step 80（連續 8 次評估未改善 > 0.0001）
  color_curve whole:sign   r=0.30  cos=1.0000 redetect=1.0 stop=early_stop@81
    [color_curve] step    0 loss 1.000000 |p| 0.01562 eval 1.000000
    [color_curve] step   10 loss 1.000000 |p| 0.01562 eval 1.000000
    [color_curve] step   20 loss 1.000000 |p| 0.01562 eval 1.000000
    [color_curve] step   30 loss 1.000000 |p| 0.01562 eval 1.000000
    [color_curve] step   40 loss 1.000000 |p| 0.01562 eval 1.000000
    [color_curve] step   50 loss 1.000000 |p| 0.01562 eval 1.000000
    [color_curve] step   60 loss 1.000000 |p| 0.01562 eval 1.000000
    [color_curve] step   70 loss 1.000000 |p| 0.01562 eval 1.000000
    [color_curve] step   80 loss 1.000000 |p| 0.01562 eval 1.000000
    [color_curve] early stop at step 80（連續 8 次評估未改善 > 0.0001）
  color_curve whole:sign   r=0.60  cos=1.0000 redetect=1.0 stop=early_stop@81
    [color_curve] step    0 loss 1.000000 |p| 0.01562 eval 1.000000
    [color_curve] step   10 loss 1.000000 |p| 0.01562 eval 1.000000
    [color_curve] step   20 loss 1.000000 |p| 0.01562 eval 1.000000
    [color_curve] step   30 loss 1.000000 |p| 0.01562 eval 1.000000
    [color_curve] step   40 loss 1.000000 |p| 0.01562 eval 1.000000
    [color_curve] step   50 loss 1.000000 |p| 0.01562 eval 1.000000
    [color_curve] step   60 loss 1.000000 |p| 0.01562 eval 1.000000
    [color_curve] step   70 loss 1.000000 |p| 0.01562 eval 1.000000
    [color_curve] step   80 loss 1.000000 |p| 0.01562 eval 1.000000
    [color_curve] early stop at step 80（連續 8 次評估未改善 > 0.0001）
  color_curve whole:sign   r=1.20  cos=1.0000 redetect=1.0 stop=early_stop@81
    [color_curve] step    0 loss 1.000000 |p| 0.01562 eval 1.000000
    [color_curve] step   10 loss 1.000000 |p| 0.01562 eval 1.000000
    [color_curve] step   20 loss 1.000000 |p| 0.01562 eval 1.000000
    [color_curve] step   30 loss 1.000000 |p| 0.01562 eval 1.000000
    [color_curve] step   40 loss 1.000000 |p| 0.01562 eval 1.000000
    [color_curve] step   50 loss 1.000000 |p| 0.01562 eval 1.000000
    [color_curve] step   60 loss 1.000000 |p| 0.01562 eval 1.000000
    [color_curve] step   70 loss 1.000000 |p| 0.01562 eval 1.000000
    [color_curve] step   80 loss 1.000000 |p| 0.01562 eval 1.000000
    [color_curve] early stop at step 80（連續 8 次評估未改善 > 0.0001）
  color_curve whole:sign   r=2.00  cos=1.0000 redetect=1.0 stop=early_stop@81
    [color_curve] step    0 loss 1.000000 |p| 0.01562 eval 1.000000
    [color_curve] step   10 loss 1.000000 |p| 0.01562 eval 1.000000
    [color_curve] step   20 loss 1.000000 |p| 0.01562 eval 1.000000
    [color_curve] step   30 loss 1.000000 |p| 0.01562 eval 1.000000
    [color_curve] step   40 loss 1.000000 |p| 0.01562 eval 1.000000
    [color_curve] step   50 loss 1.000000 |p| 0.01562 eval 1.000000
    [color_curve] step   60 loss 1.000000 |p| 0.01562 eval 1.000000
    [color_curve] step   70 loss 1.000000 |p| 0.01562 eval 1.000000
    [color_curve] step   80 loss 1.000000 |p| 0.01562 eval 1.000000
    [color_curve] early stop at step 80（連續 8 次評估未改善 > 0.0001）
  color_curve whole:adam   r=0.02  cos=1.0000 redetect=1.0 stop=early_stop@81
    [color_curve] step    0 loss 1.000000 |p| 0.01562 eval 1.000000
    [color_curve] step   10 loss 1.000000 |p| 0.01562 eval 1.000000
    [color_curve] step   20 loss 1.000000 |p| 0.01562 eval 1.000000
    [color_curve] step   30 loss 1.000000 |p| 0.01562 eval 1.000000
    [color_curve] step   40 loss 1.000000 |p| 0.01562 eval 1.000000
    [color_curve] step   50 loss 1.000000 |p| 0.01562 eval 1.000000
    [color_curve] step   60 loss 1.000000 |p| 0.01562 eval 1.000000
    [color_curve] step   70 loss 1.000000 |p| 0.01562 eval 1.000000
    [color_curve] step   80 loss 1.000000 |p| 0.01562 eval 1.000000
    [color_curve] early stop at step 80（連續 8 次評估未改善 > 0.0001）
  color_curve whole:adam   r=0.05  cos=1.0000 redetect=1.0 stop=early_stop@81
    [color_curve] step    0 loss 1.000000 |p| 0.01562 eval 1.000000
    [color_curve] step   10 loss 1.000000 |p| 0.01562 eval 1.000000
    [color_curve] step   20 loss 1.000000 |p| 0.01562 eval 1.000000
    [color_curve] step   30 loss 1.000000 |p| 0.01562 eval 1.000000
    [color_curve] step   40 loss 1.000000 |p| 0.01562 eval 1.000000
    [color_curve] step   50 loss 1.000000 |p| 0.01562 eval 1.000000
    [color_curve] step   60 loss 1.000000 |p| 0.01562 eval 1.000000
    [color_curve] step   70 loss 1.000000 |p| 0.01562 eval 1.000000
    [color_curve] step   80 loss 1.000000 |p| 0.01562 eval 1.000000
    [color_curve] early stop at step 80（連續 8 次評估未改善 > 0.0001）
  color_curve whole:adam   r=0.10  cos=1.0000 redetect=1.0 stop=early_stop@81
    [color_curve] step    0 loss 1.000000 |p| 0.01562 eval 1.000000
    [color_curve] step   10 loss 1.000000 |p| 0.01562 eval 1.000000
    [color_curve] step   20 loss 1.000000 |p| 0.01562 eval 1.000000
    [color_curve] step   30 loss 1.000000 |p| 0.01562 eval 1.000000
    [color_curve] step   40 loss 1.000000 |p| 0.01562 eval 1.000000
    [color_curve] step   50 loss 1.000000 |p| 0.01562 eval 1.000000
    [color_curve] step   60 loss 1.000000 |p| 0.01562 eval 1.000000
    [color_curve] step   70 loss 1.000000 |p| 0.01562 eval 1.000000
    [color_curve] step   80 loss 1.000000 |p| 0.01562 eval 1.000000
    [color_curve] early stop at step 80（連續 8 次評估未改善 > 0.0001）
  color_curve whole:adam   r=0.20  cos=1.0000 redetect=1.0 stop=early_stop@81
    [color_curve] step    0 loss 1.000000 |p| 0.01562 eval 1.000000
    [color_curve] step   10 loss 1.000000 |p| 0.01562 eval 1.000000
    [color_curve] step   20 loss 1.000000 |p| 0.01562 eval 1.000000
    [color_curve] step   30 loss 1.000000 |p| 0.01562 eval 1.000000
    [color_curve] step   40 loss 1.000000 |p| 0.01562 eval 1.000000
    [color_curve] step   50 loss 1.000000 |p| 0.01562 eval 1.000000
    [color_curve] step   60 loss 1.000000 |p| 0.01562 eval 1.000000
    [color_curve] step   70 loss 1.000000 |p| 0.01562 eval 1.000000
    [color_curve] step   80 loss 1.000000 |p| 0.01562 eval 1.000000
    [color_curve] early stop at step 80（連續 8 次評估未改善 > 0.0001）
  color_curve whole:adam   r=0.30  cos=1.0000 redetect=1.0 stop=early_stop@81
    [color_curve] step    0 loss 1.000000 |p| 0.01562 eval 1.000000
    [color_curve] step   10 loss 1.000000 |p| 0.01562 eval 1.000000
    [color_curve] step   20 loss 1.000000 |p| 0.01562 eval 1.000000
    [color_curve] step   30 loss 1.000000 |p| 0.01562 eval 1.000000
    [color_curve] step   40 loss 1.000000 |p| 0.01562 eval 1.000000
    [color_curve] step   50 loss 1.000000 |p| 0.01562 eval 1.000000
    [color_curve] step   60 loss 1.000000 |p| 0.01562 eval 1.000000
    [color_curve] step   70 loss 1.000000 |p| 0.01562 eval 1.000000
    [color_curve] step   80 loss 1.000000 |p| 0.01562 eval 1.000000
    [color_curve] early stop at step 80（連續 8 次評估未改善 > 0.0001）
  color_curve whole:adam   r=0.60  cos=1.0000 redetect=1.0 stop=early_stop@81
    [color_curve] step    0 loss 1.000000 |p| 0.01562 eval 1.000000
    [color_curve] step   10 loss 1.000000 |p| 0.01562 eval 1.000000
    [color_curve] step   20 loss 1.000000 |p| 0.01562 eval 1.000000
    [color_curve] step   30 loss 1.000000 |p| 0.01562 eval 1.000000
    [color_curve] step   40 loss 1.000000 |p| 0.01562 eval 1.000000
    [color_curve] step   50 loss 1.000000 |p| 0.01562 eval 1.000000
    [color_curve] step   60 loss 1.000000 |p| 0.01562 eval 1.000000
    [color_curve] step   70 loss 1.000000 |p| 0.01562 eval 1.000000
    [color_curve] step   80 loss 1.000000 |p| 0.01562 eval 1.000000
    [color_curve] early stop at step 80（連續 8 次評估未改善 > 0.0001）
  color_curve whole:adam   r=1.20  cos=1.0000 redetect=1.0 stop=early_stop@81
    [color_curve] step    0 loss 1.000000 |p| 0.01562 eval 1.000000
    [color_curve] step   10 loss 1.000000 |p| 0.01562 eval 1.000000
    [color_curve] step   20 loss 1.000000 |p| 0.01562 eval 1.000000
    [color_curve] step   30 loss 1.000000 |p| 0.01562 eval 1.000000
    [color_curve] step   40 loss 1.000000 |p| 0.01562 eval 1.000000
    [color_curve] step   50 loss 1.000000 |p| 0.01562 eval 1.000000
    [color_curve] step   60 loss 1.000000 |p| 0.01562 eval 1.000000
    [color_curve] step   70 loss 1.000000 |p| 0.01562 eval 1.000000
    [color_curve] step   80 loss 1.000000 |p| 0.01562 eval 1.000000
    [color_curve] early stop at step 80（連續 8 次評估未改善 > 0.0001）
  color_curve whole:adam   r=2.00  cos=1.0000 redetect=1.0 stop=early_stop@81
  color_curve whole:rand   r=0.02  cos=1.0000 redetect=0.98274 stop=no_params@0
  color_curve whole:rand   r=0.05  cos=0.9998 redetect=0.97627 stop=no_params@0
  color_curve whole:rand   r=0.10  cos=0.9992 redetect=0.96574 stop=no_params@0
  color_curve whole:rand   r=0.20  cos=0.9975 redetect=0.99215 stop=no_params@0
  color_curve whole:rand   r=0.30  cos=0.9950 redetect=0.9743 stop=no_params@0
  color_curve whole:rand   r=0.60  cos=0.9870 redetect=0.98005 stop=no_params@0
  color_curve whole:rand   r=1.20  cos=0.9777 redetect=0.95863 stop=no_params@0
  color_curve whole:rand   r=2.00  cos=0.9724 redetect=0.94787 stop=no_params@0
[task_env_weather_195273] box=(203, 59, 302, 188) verify_cos=1.00000
    [color_grid] step    0 loss 1.000000 |p| 0.25002 eval 0.999997
    [color_grid] step   10 loss 0.999752 |p| 0.25016 eval 0.999701
    [color_grid] step   20 loss 0.999022 |p| 0.25030 eval 0.998928
    [color_grid] step   30 loss 0.997844 |p| 0.25044 eval 0.997698
    [color_grid] step   40 loss 0.996179 |p| 0.25058 eval 0.995991
    [color_grid] step   50 loss 0.994069 |p| 0.25072 eval 0.993840
    [color_grid] step   60 loss 0.991607 |p| 0.25085 eval 0.991349
    [color_grid] step   70 loss 0.988926 |p| 0.25098 eval 0.988643
    [color_grid] step   80 loss 0.986097 |p| 0.25111 eval 0.985786
    [color_grid] step   90 loss 0.983126 |p| 0.25124 eval 0.982841
    [color_grid] step  100 loss 0.980019 |p| 0.25135 eval 0.979920
    [color_grid] step  110 loss 0.979434 |p| 0.25138 eval 0.979380
    [color_grid] step  120 loss 0.979073 |p| 0.25139 eval 0.979039
    [color_grid] step  130 loss 0.978832 |p| 0.25141 eval 0.978813
    [color_grid] step  140 loss 0.978633 |p| 0.25143 eval 0.978609
    [color_grid] step  150 loss 0.978439 |p| 0.25144 eval 0.978438
    [color_grid] step  160 loss 0.978324 |p| 0.25145 eval 0.978307
    [color_grid] step  170 loss 0.978165 |p| 0.25147 eval 0.978151
    [color_grid] step  180 loss 0.978028 |p| 0.25148 eval 0.978032
    [color_grid] step  190 loss 0.977889 |p| 0.25149 eval 0.977893
    [color_grid] step  200 loss 0.977746 |p| 0.25150 eval 0.977732
    [color_grid] step  210 loss 0.977591 |p| 0.25150 eval 0.977580
    [color_grid] step  220 loss 0.977497 |p| 0.25151 eval 0.977489
    [color_grid] step  230 loss 0.977415 |p| 0.25151 eval 0.977398
    [color_grid] step  240 loss 0.977335 |p| 0.25152 eval 0.977334
    [color_grid] step  250 loss 0.977273 |p| 0.25153 eval 0.977282
    [color_grid] step  260 loss 0.977204 |p| 0.25153 eval 0.977212
    [color_grid] step  270 loss 0.977147 |p| 0.25154 eval 0.977127
    [color_grid] step  280 loss 0.977097 |p| 0.25154 eval 0.977093
    [color_grid] step  290 loss 0.977040 |p| 0.25154 eval 0.977023
    [color_grid] early stop at step 290（連續 8 次評估未改善 > 0.0001）
  color_grid  whole:sign   r=0.02  cos=0.9770 redetect=0.98256 stop=early_stop@291
    [color_grid] step    0 loss 1.000000 |p| 0.25004 eval 0.999986
    [color_grid] step   10 loss 0.998583 |p| 0.25039 eval 0.998285
    [color_grid] step   20 loss 0.994326 |p| 0.25073 eval 0.993752
    [color_grid] step   30 loss 0.987885 |p| 0.25106 eval 0.987200
    [color_grid] step   40 loss 0.980627 |p| 0.25136 eval 0.979847
    [color_grid] step   50 loss 0.972716 |p| 0.25164 eval 0.971917
    [color_grid] step   60 loss 0.964138 |p| 0.25189 eval 0.963293
    [color_grid] step   70 loss 0.955680 |p| 0.25212 eval 0.954808
    [color_grid] step   80 loss 0.946504 |p| 0.25233 eval 0.945501
    [color_grid] step   90 loss 0.935680 |p| 0.25254 eval 0.934564
    [color_grid] step  100 loss 0.924695 |p| 0.25276 eval 0.924147
    [color_grid] step  110 loss 0.919711 |p| 0.25285 eval 0.919317
    [color_grid] step  120 loss 0.916264 |p| 0.25293 eval 0.915901
    [color_grid] step  130 loss 0.913304 |p| 0.25302 eval 0.913039
    [color_grid] step  140 loss 0.910728 |p| 0.25310 eval 0.910400
    [color_grid] step  150 loss 0.908141 |p| 0.25317 eval 0.907871
    [color_grid] step  160 loss 0.905678 |p| 0.25322 eval 0.905475
    [color_grid] step  170 loss 0.903640 |p| 0.25327 eval 0.903423
    [color_grid] step  180 loss 0.901807 |p| 0.25331 eval 0.901606
    [color_grid] step  190 loss 0.900135 |p| 0.25334 eval 0.900036
    [color_grid] step  200 loss 0.898888 |p| 0.25336 eval 0.898721
    [color_grid] step  210 loss 0.897970 |p| 0.25338 eval 0.897816
    [color_grid] step  220 loss 0.897027 |p| 0.25341 eval 0.896968
    [color_grid] step  230 loss 0.896104 |p| 0.25343 eval 0.896025
    [color_grid] step  240 loss 0.895328 |p| 0.25346 eval 0.895271
    [color_grid] step  250 loss 0.894576 |p| 0.25349 eval 0.894493
    [color_grid] step  260 loss 0.893646 |p| 0.25352 eval 0.893555
    [color_grid] step  270 loss 0.892554 |p| 0.25354 eval 0.892315
    [color_grid] step  280 loss 0.891148 |p| 0.25355 eval 0.891071
    [color_grid] step  290 loss 0.890022 |p| 0.25357 eval 0.889950
    [color_grid] step  300 loss 0.889094 |p| 0.25358 eval 0.889011
    [color_grid] step  310 loss 0.888061 |p| 0.25358 eval 0.887964
    [color_grid] step  320 loss 0.887247 |p| 0.25359 eval 0.887180
    [color_grid] step  330 loss 0.886755 |p| 0.25360 eval 0.886707
    [color_grid] step  340 loss 0.886346 |p| 0.25360 eval 0.886320
    [color_grid] step  350 loss 0.885983 |p| 0.25361 eval 0.885931
    [color_grid] step  360 loss 0.885686 |p| 0.25361 eval 0.885675
    [color_grid] step  370 loss 0.885372 |p| 0.25361 eval 0.885335
    [color_grid] step  380 loss 0.884942 |p| 0.25361 eval 0.884870
    [color_grid] step  390 loss 0.884557 |p| 0.25360 eval 0.884479
    [color_grid] step  399 loss 0.884026 |p| 0.25360 eval 0.884038
  color_grid  whole:sign   r=0.05  cos=0.8840 redetect=0.90962 stop=max_steps@400
    [color_grid] step    0 loss 1.000000 |p| 0.25008 eval 0.999945
    [color_grid] step   10 loss 0.994838 |p| 0.25077 eval 0.993745
    [color_grid] step   20 loss 0.981852 |p| 0.25136 eval 0.980319
    [color_grid] step   30 loss 0.966827 |p| 0.25191 eval 0.965286
    [color_grid] step   40 loss 0.950875 |p| 0.25235 eval 0.949161
    [color_grid] step   50 loss 0.932572 |p| 0.25273 eval 0.930648
    [color_grid] step   60 loss 0.911753 |p| 0.25309 eval 0.909413
    [color_grid] step   70 loss 0.885085 |p| 0.25346 eval 0.882365
    [color_grid] step   80 loss 0.856104 |p| 0.25378 eval 0.852880
    [color_grid] step   90 loss 0.821249 |p| 0.25407 eval 0.817187
    [color_grid] step  100 loss 0.778532 |p| 0.25430 eval 0.775044
    [color_grid] step  110 loss 0.745784 |p| 0.25447 eval 0.743029
    [color_grid] step  120 loss 0.720570 |p| 0.25465 eval 0.718344
    [color_grid] step  130 loss 0.697510 |p| 0.25485 eval 0.695343
    [color_grid] step  140 loss 0.675224 |p| 0.25508 eval 0.672825
    [color_grid] step  150 loss 0.655394 |p| 0.25528 eval 0.653947
    [color_grid] step  160 loss 0.641454 |p| 0.25548 eval 0.640384
    [color_grid] step  170 loss 0.630655 |p| 0.25567 eval 0.629550
    [color_grid] step  180 loss 0.620766 |p| 0.25585 eval 0.619651
    [color_grid] step  190 loss 0.612366 |p| 0.25599 eval 0.611611
    [color_grid] step  200 loss 0.605983 |p| 0.25612 eval 0.605383
    [color_grid] step  210 loss 0.600538 |p| 0.25623 eval 0.599940
    [color_grid] step  220 loss 0.596134 |p| 0.25631 eval 0.595603
    [color_grid] step  230 loss 0.592364 |p| 0.25638 eval 0.591742
    [color_grid] step  240 loss 0.587658 |p| 0.25645 eval 0.586979
    [color_grid] step  250 loss 0.582004 |p| 0.25651 eval 0.581640
    [color_grid] step  260 loss 0.577751 |p| 0.25658 eval 0.577279
    [color_grid] step  270 loss 0.574407 |p| 0.25663 eval 0.574279
    [color_grid] step  280 loss 0.571762 |p| 0.25668 eval 0.571423
    [color_grid] step  290 loss 0.569302 |p| 0.25671 eval 0.569002
    [color_grid] step  300 loss 0.567151 |p| 0.25673 eval 0.566830
    [color_grid] step  310 loss 0.565164 |p| 0.25675 eval 0.565019
    [color_grid] step  320 loss 0.563805 |p| 0.25676 eval 0.563413
    [color_grid] step  330 loss 0.561693 |p| 0.25675 eval 0.561467
    [color_grid] step  340 loss 0.559723 |p| 0.25674 eval 0.559362
    [color_grid] step  350 loss 0.557817 |p| 0.25674 eval 0.557509
    [color_grid] step  360 loss 0.556501 |p| 0.25673 eval 0.556436
    [color_grid] step  370 loss 0.555520 |p| 0.25671 eval 0.555544
    [color_grid] step  380 loss 0.554800 |p| 0.25669 eval 0.554753
    [color_grid] step  390 loss 0.553974 |p| 0.25668 eval 0.554053
    [color_grid] step  399 loss 0.553404 |p| 0.25666 eval 0.553308
  color_grid  whole:sign   r=0.10  cos=0.5533 redetect=0.72962 stop=max_steps@400
    [color_grid] step    0 loss 1.000000 |p| 0.25017 eval 0.999801
    [color_grid] step   10 loss 0.982792 |p| 0.25140 eval 0.979957
    [color_grid] step   20 loss 0.953443 |p| 0.25238 eval 0.950379
    [color_grid] step   30 loss 0.916627 |p| 0.25309 eval 0.911607
    [color_grid] step   40 loss 0.863964 |p| 0.25369 eval 0.857536
    [color_grid] step   50 loss 0.801007 |p| 0.25428 eval 0.794442
    [color_grid] step   60 loss 0.736788 |p| 0.25485 eval 0.729969
    [color_grid] step   70 loss 0.664949 |p| 0.25554 eval 0.657141
    [color_grid] step   80 loss 0.586584 |p| 0.25625 eval 0.579060
    [color_grid] step   90 loss 0.519844 |p| 0.25687 eval 0.512565
    [color_grid] step  100 loss 0.440164 |p| 0.25744 eval 0.433051
    [color_grid] step  110 loss 0.374767 |p| 0.25791 eval 0.368774
    [color_grid] step  120 loss 0.271871 |p| 0.25827 eval 0.248413
    [color_grid] step  130 loss 0.124279 |p| 0.25856 eval 0.115322
    [color_grid] step  140 loss 0.053967 |p| 0.25866 eval 0.047472
    [color_grid] step  150 loss -0.000861 |p| 0.25865 eval -0.005404
    [color_grid] step  160 loss -0.038640 |p| 0.25870 eval -0.041846
    [color_grid] step  170 loss -0.081916 |p| 0.25870 eval -0.086805
    [color_grid] step  180 loss -0.120319 |p| 0.25873 eval -0.123530
    [color_grid] step  190 loss -0.149393 |p| 0.25884 eval -0.151984
    [color_grid] step  200 loss -0.174341 |p| 0.25895 eval -0.177666
    [color_grid] step  210 loss -0.199411 |p| 0.25908 eval -0.201624
    [color_grid] step  220 loss -0.220253 |p| 0.25922 eval -0.222805
    [color_grid] step  230 loss -0.234696 |p| 0.25943 eval -0.236901
    [color_grid] step  240 loss -0.248950 |p| 0.25964 eval -0.249147
    [color_grid] step  250 loss -0.264050 |p| 0.25983 eval -0.265384
    [color_grid] step  260 loss -0.274396 |p| 0.25998 eval -0.275322
    [color_grid] step  270 loss -0.282276 |p| 0.26010 eval -0.283351
    [color_grid] step  280 loss -0.289823 |p| 0.26020 eval -0.291178
    [color_grid] step  290 loss -0.295436 |p| 0.26030 eval -0.296354
    [color_grid] step  300 loss -0.299883 |p| 0.26042 eval -0.300959
    [color_grid] step  310 loss -0.305187 |p| 0.26052 eval -0.305859
    [color_grid] step  320 loss -0.310508 |p| 0.26064 eval -0.311138
    [color_grid] step  330 loss -0.314385 |p| 0.26073 eval -0.314058
    [color_grid] step  340 loss -0.318413 |p| 0.26083 eval -0.317832
    [color_grid] step  350 loss -0.321273 |p| 0.26089 eval -0.320876
    [color_grid] step  360 loss -0.323680 |p| 0.26095 eval -0.323786
    [color_grid] step  370 loss -0.326300 |p| 0.26102 eval -0.326687
    [color_grid] step  380 loss -0.329558 |p| 0.26110 eval -0.330490
    [color_grid] step  390 loss -0.331658 |p| 0.26117 eval -0.331042
    [color_grid] step  399 loss -0.331785 |p| 0.26123 eval -0.332833
  color_grid  whole:sign   r=0.20  cos=-0.3328 redetect=None stop=max_steps@400
    [color_grid] step    0 loss 1.000000 |p| 0.25025 eval 0.999581
    [color_grid] step   10 loss 0.969760 |p| 0.25198 eval 0.965417
    [color_grid] step   20 loss 0.925344 |p| 0.25315 eval 0.919445
    [color_grid] step   30 loss 0.850091 |p| 0.25400 eval 0.841661
    [color_grid] step   40 loss 0.761834 |p| 0.25484 eval 0.752597
    [color_grid] step   50 loss 0.659522 |p| 0.25580 eval 0.647746
    [color_grid] step   60 loss 0.554803 |p| 0.25678 eval 0.546465
    [color_grid] step   70 loss 0.458608 |p| 0.25769 eval 0.448650
    [color_grid] step   80 loss 0.353894 |p| 0.25856 eval 0.342112
    [color_grid] step   90 loss 0.191226 |p| 0.25920 eval 0.165353
    [color_grid] step  100 loss 0.010558 |p| 0.25945 eval 0.002497
    [color_grid] step  110 loss -0.047631 |p| 0.25957 eval -0.053153
    [color_grid] step  120 loss -0.089247 |p| 0.25970 eval -0.095202
    [color_grid] step  130 loss -0.120252 |p| 0.25993 eval -0.124197
    [color_grid] step  140 loss -0.151819 |p| 0.26021 eval -0.154532
    [color_grid] step  150 loss -0.190795 |p| 0.26068 eval -0.195530
    [color_grid] step  160 loss -0.232109 |p| 0.26117 eval -0.235446
    [color_grid] step  170 loss -0.269009 |p| 0.26156 eval -0.272539
    [color_grid] step  180 loss -0.305443 |p| 0.26189 eval -0.307712
    [color_grid] step  190 loss -0.331810 |p| 0.26223 eval -0.333337
    [color_grid] step  200 loss -0.353793 |p| 0.26258 eval -0.356037
    [color_grid] step  210 loss -0.367650 |p| 0.26276 eval -0.367539
    [color_grid] step  220 loss -0.376902 |p| 0.26288 eval -0.378465
    [color_grid] step  230 loss -0.387770 |p| 0.26301 eval -0.388798
    [color_grid] step  240 loss -0.397486 |p| 0.26320 eval -0.399762
    [color_grid] step  250 loss -0.406099 |p| 0.26335 eval -0.407230
    [color_grid] step  260 loss -0.412444 |p| 0.26346 eval -0.412854
    [color_grid] step  270 loss -0.419061 |p| 0.26359 eval -0.419120
    [color_grid] step  280 loss -0.426293 |p| 0.26376 eval -0.426833
    [color_grid] step  290 loss -0.436178 |p| 0.26393 eval -0.437366
    [color_grid] step  300 loss -0.444965 |p| 0.26410 eval -0.446332
    [color_grid] step  310 loss -0.453076 |p| 0.26419 eval -0.454457
    [color_grid] step  320 loss -0.461142 |p| 0.26424 eval -0.461508
    [color_grid] step  330 loss -0.467910 |p| 0.26434 eval -0.471334
    [color_grid] step  340 loss -0.479395 |p| 0.26440 eval -0.481848
    [color_grid] step  350 loss -0.486752 |p| 0.26445 eval -0.487714
    [color_grid] step  360 loss -0.493101 |p| 0.26450 eval -0.493448
    [color_grid] step  370 loss -0.497582 |p| 0.26455 eval -0.498271
    [color_grid] step  380 loss -0.500122 |p| 0.26461 eval -0.500525
    [color_grid] step  390 loss -0.501917 |p| 0.26467 eval -0.502534
    [color_grid] step  399 loss -0.504573 |p| 0.26474 eval -0.504289
  color_grid  whole:sign   r=0.30  cos=-0.5043 redetect=None stop=max_steps@400
    [color_grid] step    0 loss 1.000000 |p| 0.25050 eval 0.998504
    [color_grid] step   10 loss 0.932875 |p| 0.25342 eval 0.924569
    [color_grid] step   20 loss 0.814023 |p| 0.25542 eval 0.800110
    [color_grid] step   30 loss 0.656224 |p| 0.25681 eval 0.639389
    [color_grid] step   40 loss 0.462851 |p| 0.25845 eval 0.435432
    [color_grid] step   50 loss 0.117780 |p| 0.25945 eval 0.085523
    [color_grid] step   60 loss -0.063585 |p| 0.26001 eval -0.073118
    [color_grid] step   70 loss -0.147107 |p| 0.26068 eval -0.152919
    [color_grid] step   80 loss -0.213081 |p| 0.26145 eval -0.218781
    [color_grid] step   90 loss -0.253038 |p| 0.26250 eval -0.258037
    [color_grid] step  100 loss -0.293008 |p| 0.26358 eval -0.295916
    [color_grid] step  110 loss -0.313754 |p| 0.26447 eval -0.314118
    [color_grid] step  120 loss -0.328250 |p| 0.26530 eval -0.331330
    [color_grid] step  130 loss -0.344321 |p| 0.26606 eval -0.344218
    [color_grid] step  140 loss -0.359378 |p| 0.26668 eval -0.359975
    [color_grid] step  150 loss -0.374119 |p| 0.26719 eval -0.374454
    [color_grid] step  160 loss -0.391818 |p| 0.26780 eval -0.394656
    [color_grid] step  170 loss -0.419848 |p| 0.26843 eval -0.422560
    [color_grid] step  180 loss -0.446272 |p| 0.26901 eval -0.446697
    [color_grid] step  190 loss -0.463540 |p| 0.26931 eval -0.461841
    [color_grid] step  200 loss -0.488557 |p| 0.26955 eval -0.486283
    [color_grid] step  210 loss -0.517801 |p| 0.26958 eval -0.522898
    [color_grid] step  220 loss -0.543985 |p| 0.26975 eval -0.547179
    [color_grid] step  230 loss -0.568704 |p| 0.26991 eval -0.575101
    [color_grid] step  240 loss -0.590328 |p| 0.27020 eval -0.593443
    [color_grid] step  250 loss -0.608953 |p| 0.27058 eval -0.612996
    [color_grid] step  260 loss -0.636822 |p| 0.27084 eval -0.642349
    [color_grid] step  270 loss -0.663222 |p| 0.27100 eval -0.665100
    [color_grid] step  280 loss -0.705813 |p| 0.27099 eval -0.710078
    [color_grid] step  290 loss -0.735500 |p| 0.27114 eval -0.741023
    [color_grid] step  300 loss -0.751354 |p| 0.27130 eval -0.753469
    [color_grid] step  310 loss -0.754957 |p| 0.27162 eval -0.765283
    [color_grid] step  320 loss -0.783322 |p| 0.27196 eval -0.784218
    [color_grid] step  330 loss -0.791454 |p| 0.27219 eval -0.794729
    [color_grid] step  340 loss -0.802653 |p| 0.27232 eval -0.798411
    [color_grid] step  350 loss -0.810596 |p| 0.27249 eval -0.801006
    [color_grid] step  360 loss -0.818175 |p| 0.27274 eval -0.807052
    [color_grid] step  370 loss -0.821956 |p| 0.27293 eval -0.813853
    [color_grid] step  380 loss -0.825635 |p| 0.27310 eval -0.820269
    [color_grid] step  390 loss -0.829010 |p| 0.27318 eval -0.824502
    [color_grid] step  399 loss -0.828215 |p| 0.27328 eval -0.833586
  color_grid  whole:sign   r=0.60  cos=-0.8336 redetect=None stop=max_steps@400
    [color_grid] step    0 loss 1.000000 |p| 0.25099 eval 0.995551
    [color_grid] step   10 loss 0.823765 |p| 0.25572 eval 0.796688
    [color_grid] step   20 loss 0.562193 |p| 0.25876 eval 0.535292
    [color_grid] step   30 loss 0.080010 |p| 0.26157 eval 0.019041
    [color_grid] step   40 loss -0.165195 |p| 0.26360 eval -0.169677
    [color_grid] step   50 loss -0.274574 |p| 0.26587 eval -0.287961
    [color_grid] step   60 loss -0.365575 |p| 0.26704 eval -0.376144
    [color_grid] step   70 loss -0.441052 |p| 0.26825 eval -0.442435
    [color_grid] step   80 loss -0.476072 |p| 0.26933 eval -0.483359
    [color_grid] step   90 loss -0.496996 |p| 0.27029 eval -0.501386
    [color_grid] step  100 loss -0.524427 |p| 0.27140 eval -0.528849
    [color_grid] step  110 loss -0.541722 |p| 0.27259 eval -0.543927
    [color_grid] step  120 loss -0.554762 |p| 0.27373 eval -0.554873
    [color_grid] step  130 loss -0.576603 |p| 0.27467 eval -0.566117
    [color_grid] step  140 loss -0.593150 |p| 0.27550 eval -0.595372
    [color_grid] step  150 loss -0.597467 |p| 0.27608 eval -0.615262
    [color_grid] step  160 loss -0.621435 |p| 0.27656 eval -0.616422
    [color_grid] step  170 loss -0.630012 |p| 0.27725 eval -0.627848
    [color_grid] step  180 loss -0.636583 |p| 0.27790 eval -0.631080
    [color_grid] step  190 loss -0.643702 |p| 0.27848 eval -0.638741
    [color_grid] step  200 loss -0.654280 |p| 0.27897 eval -0.650460
    [color_grid] step  210 loss -0.674901 |p| 0.27950 eval -0.660075
    [color_grid] step  220 loss -0.687539 |p| 0.27995 eval -0.674700
    [color_grid] step  230 loss -0.698444 |p| 0.28051 eval -0.694003
    [color_grid] step  240 loss -0.713904 |p| 0.28118 eval -0.701671
    [color_grid] step  250 loss -0.719325 |p| 0.28186 eval -0.716090
    [color_grid] step  260 loss -0.728599 |p| 0.28232 eval -0.725368
    [color_grid] step  270 loss -0.728934 |p| 0.28278 eval -0.718909
    [color_grid] step  280 loss -0.751171 |p| 0.28311 eval -0.731981
    [color_grid] step  290 loss -0.755768 |p| 0.28337 eval -0.738344
    [color_grid] step  300 loss -0.753555 |p| 0.28372 eval -0.746441
    [color_grid] step  310 loss -0.761246 |p| 0.28416 eval -0.757277
    [color_grid] step  320 loss -0.775850 |p| 0.28457 eval -0.752149
    [color_grid] step  330 loss -0.783346 |p| 0.28493 eval -0.743665
    [color_grid] step  340 loss -0.786714 |p| 0.28518 eval -0.768125
    [color_grid] step  350 loss -0.785810 |p| 0.28551 eval -0.772275
    [color_grid] step  360 loss -0.801422 |p| 0.28576 eval -0.762493
    [color_grid] step  370 loss -0.796811 |p| 0.28607 eval -0.773728
    [color_grid] step  380 loss -0.784500 |p| 0.28622 eval -0.776753
    [color_grid] step  390 loss -0.812587 |p| 0.28638 eval -0.766404
    [color_grid] step  399 loss -0.777220 |p| 0.28659 eval -0.812052
  color_grid  whole:sign   r=1.20  cos=-0.8121 redetect=None stop=max_steps@400
    [color_grid] step    0 loss 1.000000 |p| 0.25165 eval 0.990975
    [color_grid] step   10 loss 0.749842 |p| 0.25861 eval 0.736027
    [color_grid] step   20 loss 0.163274 |p| 0.26329 eval 0.004380
    [color_grid] step   30 loss -0.231308 |p| 0.26486 eval -0.243491
    [color_grid] step   40 loss -0.317956 |p| 0.26628 eval -0.325734
    [color_grid] step   50 loss -0.376214 |p| 0.26790 eval -0.388976
    [color_grid] step   60 loss -0.388727 |p| 0.26927 eval -0.419221
    [color_grid] step   70 loss -0.442583 |p| 0.27057 eval -0.470256
    [color_grid] step   80 loss -0.471404 |p| 0.27218 eval -0.498646
    [color_grid] step   90 loss -0.513512 |p| 0.27395 eval -0.526245
    [color_grid] step  100 loss -0.561656 |p| 0.27559 eval -0.557429
    [color_grid] step  110 loss -0.598734 |p| 0.27711 eval -0.610177
    [color_grid] step  120 loss -0.630655 |p| 0.27824 eval -0.620976
    [color_grid] step  130 loss -0.631288 |p| 0.27961 eval -0.653746
    [color_grid] step  140 loss -0.647763 |p| 0.28080 eval -0.655468
    [color_grid] step  150 loss -0.674974 |p| 0.28185 eval -0.678038
    [color_grid] step  160 loss -0.675609 |p| 0.28303 eval -0.650849
    [color_grid] step  170 loss -0.696765 |p| 0.28413 eval -0.679633
    [color_grid] step  180 loss -0.694713 |p| 0.28511 eval -0.694300
    [color_grid] step  190 loss -0.694882 |p| 0.28642 eval -0.708151
    [color_grid] step  200 loss -0.718592 |p| 0.28731 eval -0.702532
    [color_grid] step  210 loss -0.701379 |p| 0.28851 eval -0.729414
    [color_grid] step  220 loss -0.738245 |p| 0.28985 eval -0.729809
    [color_grid] step  230 loss -0.712423 |p| 0.29106 eval -0.725835
    [color_grid] step  240 loss -0.705809 |p| 0.29241 eval -0.755567
    [color_grid] step  250 loss -0.771472 |p| 0.29409 eval -0.726713
    [color_grid] step  260 loss -0.747324 |p| 0.29500 eval -0.765333
    [color_grid] step  270 loss -0.754599 |p| 0.29594 eval -0.776503
    [color_grid] step  280 loss -0.780561 |p| 0.29717 eval -0.763357
    [color_grid] step  290 loss -0.773064 |p| 0.29828 eval -0.775966
    [color_grid] step  300 loss -0.739934 |p| 0.29868 eval -0.793172
    [color_grid] step  310 loss -0.786647 |p| 0.29973 eval -0.753000
    [color_grid] step  320 loss -0.769534 |p| 0.30044 eval -0.769601
    [color_grid] step  330 loss -0.766834 |p| 0.30111 eval -0.793019
    [color_grid] step  340 loss -0.792658 |p| 0.30153 eval -0.802898
    [color_grid] step  350 loss -0.798431 |p| 0.30215 eval -0.788450
    [color_grid] step  360 loss -0.802041 |p| 0.30288 eval -0.781239
    [color_grid] step  370 loss -0.795512 |p| 0.30340 eval -0.789120
    [color_grid] step  380 loss -0.794361 |p| 0.30391 eval -0.759666
    [color_grid] step  390 loss -0.733232 |p| 0.30444 eval -0.812716
    [color_grid] step  399 loss -0.794159 |p| 0.30466 eval -0.804122
  color_grid  whole:sign   r=2.00  cos=-0.8041 redetect=None stop=max_steps@400
    [color_grid] step    0 loss 1.000000 |p| 0.25001 eval 0.999997
    [color_grid] step   10 loss 0.999789 |p| 0.25013 eval 0.999744
    [color_grid] step   20 loss 0.999058 |p| 0.25027 eval 0.998949
    [color_grid] step   30 loss 0.997642 |p| 0.25042 eval 0.997449
    [color_grid] step   40 loss 0.995336 |p| 0.25058 eval 0.995073
    [color_grid] step   50 loss 0.992188 |p| 0.25075 eval 0.991815
    [color_grid] step   60 loss 0.988337 |p| 0.25092 eval 0.987923
    [color_grid] step   70 loss 0.984156 |p| 0.25109 eval 0.983741
    [color_grid] step   80 loss 0.980757 |p| 0.25123 eval 0.980612
    [color_grid] step   90 loss 0.979842 |p| 0.25128 eval 0.979792
    [color_grid] step  100 loss 0.979404 |p| 0.25132 eval 0.979378
    [color_grid] step  110 loss 0.979067 |p| 0.25135 eval 0.979038
    [color_grid] step  120 loss 0.978765 |p| 0.25138 eval 0.978727
    [color_grid] step  130 loss 0.978529 |p| 0.25140 eval 0.978518
    [color_grid] step  140 loss 0.978299 |p| 0.25142 eval 0.978303
    [color_grid] step  150 loss 0.978110 |p| 0.25144 eval 0.978109
    [color_grid] step  160 loss 0.977884 |p| 0.25145 eval 0.977878
    [color_grid] step  170 loss 0.977746 |p| 0.25146 eval 0.977730
    [color_grid] step  180 loss 0.977655 |p| 0.25147 eval 0.977662
    [color_grid] step  190 loss 0.977568 |p| 0.25148 eval 0.977555
    [color_grid] step  200 loss 0.977500 |p| 0.25148 eval 0.977501
    [color_grid] step  210 loss 0.977429 |p| 0.25149 eval 0.977422
    [color_grid] step  220 loss 0.977377 |p| 0.25149 eval 0.977364
    [color_grid] step  230 loss 0.977333 |p| 0.25150 eval 0.977307
    [color_grid] step  240 loss 0.977254 |p| 0.25150 eval 0.977247
    [color_grid] step  250 loss 0.977204 |p| 0.25151 eval 0.977203
    [color_grid] step  260 loss 0.977166 |p| 0.25152 eval 0.977157
    [color_grid] step  270 loss 0.977140 |p| 0.25152 eval 0.977130
    [color_grid] early stop at step 270（連續 8 次評估未改善 > 0.0001）
  color_grid  whole:adam   r=0.02  cos=0.9771 redetect=0.98274 stop=early_stop@271
    [color_grid] step    0 loss 1.000000 |p| 0.25003 eval 0.999986
    [color_grid] step   10 loss 0.998842 |p| 0.25033 eval 0.998589
    [color_grid] step   20 loss 0.994883 |p| 0.25067 eval 0.994300
    [color_grid] step   30 loss 0.987823 |p| 0.25101 eval 0.987009
    [color_grid] step   40 loss 0.979010 |p| 0.25136 eval 0.978036
    [color_grid] step   50 loss 0.969703 |p| 0.25171 eval 0.968716
    [color_grid] step   60 loss 0.959800 |p| 0.25202 eval 0.958809
    [color_grid] step   70 loss 0.948657 |p| 0.25229 eval 0.947431
    [color_grid] step   80 loss 0.936562 |p| 0.25252 eval 0.935485
    [color_grid] step   90 loss 0.928304 |p| 0.25266 eval 0.927646
    [color_grid] step  100 loss 0.923273 |p| 0.25276 eval 0.922889
    [color_grid] step  110 loss 0.919333 |p| 0.25285 eval 0.918923
    [color_grid] step  120 loss 0.915552 |p| 0.25292 eval 0.915284
    [color_grid] step  130 loss 0.912316 |p| 0.25300 eval 0.911992
    [color_grid] step  140 loss 0.908774 |p| 0.25307 eval 0.908476
    [color_grid] step  150 loss 0.906064 |p| 0.25314 eval 0.905813
    [color_grid] step  160 loss 0.903600 |p| 0.25319 eval 0.903421
    [color_grid] step  170 loss 0.901348 |p| 0.25323 eval 0.901075
    [color_grid] step  180 loss 0.898714 |p| 0.25326 eval 0.898470
    [color_grid] step  190 loss 0.896381 |p| 0.25328 eval 0.896181
    [color_grid] step  200 loss 0.894221 |p| 0.25330 eval 0.894039
    [color_grid] step  210 loss 0.892272 |p| 0.25332 eval 0.892099
    [color_grid] step  220 loss 0.890638 |p| 0.25335 eval 0.890504
    [color_grid] step  230 loss 0.889302 |p| 0.25337 eval 0.889204
    [color_grid] step  240 loss 0.888224 |p| 0.25339 eval 0.888136
    [color_grid] step  250 loss 0.887268 |p| 0.25341 eval 0.887134
    [color_grid] step  260 loss 0.886188 |p| 0.25342 eval 0.886101
    [color_grid] step  270 loss 0.885373 |p| 0.25343 eval 0.885273
    [color_grid] step  280 loss 0.884630 |p| 0.25344 eval 0.884577
    [color_grid] step  290 loss 0.883892 |p| 0.25345 eval 0.883836
    [color_grid] step  300 loss 0.883152 |p| 0.25344 eval 0.883032
    [color_grid] step  310 loss 0.882113 |p| 0.25344 eval 0.882018
    [color_grid] step  320 loss 0.880824 |p| 0.25343 eval 0.880724
    [color_grid] step  330 loss 0.879242 |p| 0.25342 eval 0.879063
    [color_grid] step  340 loss 0.877663 |p| 0.25341 eval 0.877604
    [color_grid] step  350 loss 0.876539 |p| 0.25341 eval 0.876441
    [color_grid] step  360 loss 0.875711 |p| 0.25342 eval 0.875563
    [color_grid] step  370 loss 0.874772 |p| 0.25342 eval 0.874754
    [color_grid] step  380 loss 0.874030 |p| 0.25343 eval 0.873895
    [color_grid] step  390 loss 0.873176 |p| 0.25343 eval 0.872994
    [color_grid] step  399 loss 0.872364 |p| 0.25343 eval 0.872288
  color_grid  whole:adam   r=0.05  cos=0.8723 redetect=0.9073 stop=max_steps@400
    [color_grid] step    0 loss 1.000000 |p| 0.25005 eval 0.999946
    [color_grid] step   10 loss 0.995770 |p| 0.25064 eval 0.994836
    [color_grid] step   20 loss 0.983262 |p| 0.25127 eval 0.981772
    [color_grid] step   30 loss 0.967953 |p| 0.25187 eval 0.966296
    [color_grid] step   40 loss 0.951151 |p| 0.25239 eval 0.949285
    [color_grid] step   50 loss 0.930478 |p| 0.25282 eval 0.928201
    [color_grid] step   60 loss 0.905730 |p| 0.25325 eval 0.902802
    [color_grid] step   70 loss 0.876505 |p| 0.25369 eval 0.873264
    [color_grid] step   80 loss 0.841035 |p| 0.25412 eval 0.837314
    [color_grid] step   90 loss 0.802916 |p| 0.25447 eval 0.798453
    [color_grid] step  100 loss 0.756241 |p| 0.25476 eval 0.751081
    [color_grid] step  110 loss 0.717077 |p| 0.25496 eval 0.714116
    [color_grid] step  120 loss 0.692180 |p| 0.25515 eval 0.689974
    [color_grid] step  130 loss 0.670495 |p| 0.25532 eval 0.668629
    [color_grid] step  140 loss 0.653812 |p| 0.25547 eval 0.652500
    [color_grid] step  150 loss 0.642178 |p| 0.25559 eval 0.641146
    [color_grid] step  160 loss 0.631319 |p| 0.25571 eval 0.630391
    [color_grid] step  170 loss 0.623025 |p| 0.25585 eval 0.622286
    [color_grid] step  180 loss 0.616164 |p| 0.25597 eval 0.615615
    [color_grid] step  190 loss 0.610960 |p| 0.25606 eval 0.610453
    [color_grid] step  200 loss 0.606431 |p| 0.25614 eval 0.605956
    [color_grid] step  210 loss 0.602659 |p| 0.25621 eval 0.602426
    [color_grid] step  220 loss 0.599683 |p| 0.25627 eval 0.599437
    [color_grid] step  230 loss 0.596953 |p| 0.25631 eval 0.596785
    [color_grid] step  240 loss 0.594613 |p| 0.25634 eval 0.594442
    [color_grid] step  250 loss 0.592651 |p| 0.25636 eval 0.592438
    [color_grid] step  260 loss 0.590496 |p| 0.25639 eval 0.590238
    [color_grid] step  270 loss 0.588669 |p| 0.25640 eval 0.588516
    [color_grid] step  280 loss 0.587280 |p| 0.25640 eval 0.587080
    [color_grid] step  290 loss 0.585862 |p| 0.25640 eval 0.585725
    [color_grid] step  300 loss 0.584681 |p| 0.25642 eval 0.584526
    [color_grid] step  310 loss 0.583532 |p| 0.25643 eval 0.583491
    [color_grid] step  320 loss 0.582588 |p| 0.25645 eval 0.582411
    [color_grid] step  330 loss 0.581628 |p| 0.25646 eval 0.581456
    [color_grid] step  340 loss 0.580684 |p| 0.25647 eval 0.580546
    [color_grid] step  350 loss 0.579611 |p| 0.25648 eval 0.579622
    [color_grid] step  360 loss 0.579004 |p| 0.25650 eval 0.578925
    [color_grid] step  370 loss 0.578313 |p| 0.25652 eval 0.578234
    [color_grid] step  380 loss 0.577914 |p| 0.25654 eval 0.577870
    [color_grid] step  390 loss 0.577479 |p| 0.25658 eval 0.577403
    [color_grid] step  399 loss 0.577107 |p| 0.25662 eval 0.577096
  color_grid  whole:adam   r=0.10  cos=0.5771 redetect=0.74273 stop=max_steps@400
    [color_grid] step    0 loss 1.000000 |p| 0.25011 eval 0.999802
    [color_grid] step   10 loss 0.986278 |p| 0.25124 eval 0.983678
    [color_grid] step   20 loss 0.959599 |p| 0.25228 eval 0.957000
    [color_grid] step   30 loss 0.928832 |p| 0.25314 eval 0.924788
    [color_grid] step   40 loss 0.882152 |p| 0.25395 eval 0.876776
    [color_grid] step   50 loss 0.825224 |p| 0.25476 eval 0.818826
    [color_grid] step   60 loss 0.755987 |p| 0.25560 eval 0.748294
    [color_grid] step   70 loss 0.679229 |p| 0.25642 eval 0.671393
    [color_grid] step   80 loss 0.607404 |p| 0.25722 eval 0.600781
    [color_grid] step   90 loss 0.530946 |p| 0.25790 eval 0.521904
    [color_grid] step  100 loss 0.431550 |p| 0.25847 eval 0.420255
    [color_grid] step  110 loss 0.319605 |p| 0.25889 eval 0.309463
    [color_grid] step  120 loss 0.173998 |p| 0.25909 eval 0.160353
    [color_grid] step  130 loss 0.100287 |p| 0.25916 eval 0.094726
    [color_grid] step  140 loss 0.056612 |p| 0.25918 eval 0.052573
    [color_grid] step  150 loss -0.008666 |p| 0.25921 eval -0.017225
    [color_grid] step  160 loss -0.080380 |p| 0.25918 eval -0.086396
    [color_grid] step  170 loss -0.139815 |p| 0.25918 eval -0.146426
    [color_grid] step  180 loss -0.191621 |p| 0.25924 eval -0.195580
    [color_grid] step  190 loss -0.234020 |p| 0.25934 eval -0.239200
    [color_grid] step  200 loss -0.271432 |p| 0.25949 eval -0.274440
    [color_grid] step  210 loss -0.300463 |p| 0.25965 eval -0.303310
    [color_grid] step  220 loss -0.322371 |p| 0.25982 eval -0.323989
    [color_grid] step  230 loss -0.339457 |p| 0.25998 eval -0.341110
    [color_grid] step  240 loss -0.353800 |p| 0.26018 eval -0.355066
    [color_grid] step  250 loss -0.366160 |p| 0.26038 eval -0.367187
    [color_grid] step  260 loss -0.375928 |p| 0.26056 eval -0.376848
    [color_grid] step  270 loss -0.383770 |p| 0.26073 eval -0.384381
    [color_grid] step  280 loss -0.390550 |p| 0.26090 eval -0.391232
    [color_grid] step  290 loss -0.397490 |p| 0.26106 eval -0.398345
    [color_grid] step  300 loss -0.404209 |p| 0.26120 eval -0.404640
    [color_grid] step  310 loss -0.409157 |p| 0.26131 eval -0.409636
    [color_grid] step  320 loss -0.414150 |p| 0.26137 eval -0.414716
    [color_grid] step  330 loss -0.419933 |p| 0.26142 eval -0.420454
    [color_grid] step  340 loss -0.425003 |p| 0.26146 eval -0.425390
    [color_grid] step  350 loss -0.429056 |p| 0.26151 eval -0.429411
    [color_grid] step  360 loss -0.432538 |p| 0.26155 eval -0.432903
    [color_grid] step  370 loss -0.436074 |p| 0.26159 eval -0.436656
    [color_grid] step  380 loss -0.440048 |p| 0.26164 eval -0.440516
    [color_grid] step  390 loss -0.444046 |p| 0.26168 eval -0.444479
    [color_grid] step  399 loss -0.448597 |p| 0.26172 eval -0.449207
  color_grid  whole:adam   r=0.20  cos=-0.4492 redetect=None stop=max_steps@400
    [color_grid] step    0 loss 1.000000 |p| 0.25016 eval 0.999589
    [color_grid] step   10 loss 0.975770 |p| 0.25178 eval 0.971953
    [color_grid] step   20 loss 0.939052 |p| 0.25316 eval 0.934730
    [color_grid] step   30 loss 0.881884 |p| 0.25434 eval 0.875218
    [color_grid] step   40 loss 0.806363 |p| 0.25549 eval 0.799133
    [color_grid] step   50 loss 0.717020 |p| 0.25651 eval 0.707099
    [color_grid] step   60 loss 0.601900 |p| 0.25754 eval 0.590082
    [color_grid] step   70 loss 0.471384 |p| 0.25868 eval 0.456983
    [color_grid] step   80 loss 0.293147 |p| 0.25967 eval 0.262897
    [color_grid] step   90 loss 0.093641 |p| 0.26038 eval 0.083683
    [color_grid] step  100 loss 0.031136 |p| 0.26072 eval 0.024993
    [color_grid] step  110 loss -0.022896 |p| 0.26090 eval -0.028681
    [color_grid] step  120 loss -0.078054 |p| 0.26110 eval -0.082968
    [color_grid] step  130 loss -0.122148 |p| 0.26140 eval -0.125561
    [color_grid] step  140 loss -0.157523 |p| 0.26172 eval -0.160963
    [color_grid] step  150 loss -0.194690 |p| 0.26200 eval -0.198587
    [color_grid] step  160 loss -0.228883 |p| 0.26232 eval -0.231623
    [color_grid] step  170 loss -0.257343 |p| 0.26261 eval -0.259862
    [color_grid] step  180 loss -0.280893 |p| 0.26285 eval -0.282868
    [color_grid] step  190 loss -0.300549 |p| 0.26309 eval -0.302626
    [color_grid] step  200 loss -0.320628 |p| 0.26339 eval -0.322241
    [color_grid] step  210 loss -0.335061 |p| 0.26368 eval -0.336257
    [color_grid] step  220 loss -0.347335 |p| 0.26394 eval -0.348314
    [color_grid] step  230 loss -0.357543 |p| 0.26420 eval -0.358457
    [color_grid] step  240 loss -0.367411 |p| 0.26446 eval -0.368407
    [color_grid] step  250 loss -0.376312 |p| 0.26473 eval -0.377198
    [color_grid] step  260 loss -0.384578 |p| 0.26495 eval -0.385423
    [color_grid] step  270 loss -0.392569 |p| 0.26513 eval -0.393269
    [color_grid] step  280 loss -0.398765 |p| 0.26529 eval -0.399363
    [color_grid] step  290 loss -0.404407 |p| 0.26541 eval -0.404923
    [color_grid] step  300 loss -0.410107 |p| 0.26556 eval -0.410576
    [color_grid] step  310 loss -0.416032 |p| 0.26572 eval -0.416679
    [color_grid] step  320 loss -0.422138 |p| 0.26586 eval -0.422733
    [color_grid] step  330 loss -0.427888 |p| 0.26598 eval -0.428469
    [color_grid] step  340 loss -0.432855 |p| 0.26611 eval -0.433340
    [color_grid] step  350 loss -0.437025 |p| 0.26625 eval -0.437339
    [color_grid] step  360 loss -0.440507 |p| 0.26635 eval -0.440775
    [color_grid] step  370 loss -0.443194 |p| 0.26644 eval -0.443522
    [color_grid] step  380 loss -0.446054 |p| 0.26653 eval -0.446228
    [color_grid] step  390 loss -0.449007 |p| 0.26661 eval -0.449336
    [color_grid] step  399 loss -0.451669 |p| 0.26668 eval -0.451906
  color_grid  whole:adam   r=0.30  cos=-0.4519 redetect=None stop=max_steps@400
    [color_grid] step    0 loss 1.000000 |p| 0.25032 eval 0.998530
    [color_grid] step   10 loss 0.945895 |p| 0.25323 eval 0.939924
    [color_grid] step   20 loss 0.852156 |p| 0.25558 eval 0.839805
    [color_grid] step   30 loss 0.733475 |p| 0.25774 eval 0.723520
    [color_grid] step   40 loss 0.604502 |p| 0.25983 eval 0.588348
    [color_grid] step   50 loss 0.369125 |p| 0.26154 eval 0.308179
    [color_grid] step   60 loss 0.018106 |p| 0.26288 eval 0.008279
    [color_grid] step   70 loss -0.073142 |p| 0.26384 eval -0.076810
    [color_grid] step   80 loss -0.140919 |p| 0.26455 eval -0.148794
    [color_grid] step   90 loss -0.193153 |p| 0.26529 eval -0.197427
    [color_grid] step  100 loss -0.247452 |p| 0.26607 eval -0.254288
    [color_grid] step  110 loss -0.310939 |p| 0.26683 eval -0.316245
    [color_grid] step  120 loss -0.358724 |p| 0.26752 eval -0.363016
    [color_grid] step  130 loss -0.396596 |p| 0.26826 eval -0.400625
    [color_grid] step  140 loss -0.426793 |p| 0.26899 eval -0.429520
    [color_grid] step  150 loss -0.451455 |p| 0.26963 eval -0.453832
    [color_grid] step  160 loss -0.468328 |p| 0.27034 eval -0.470103
    [color_grid] step  170 loss -0.485674 |p| 0.27089 eval -0.487693
    [color_grid] step  180 loss -0.506730 |p| 0.27134 eval -0.509023
    [color_grid] step  190 loss -0.528728 |p| 0.27171 eval -0.530946
    [color_grid] step  200 loss -0.552134 |p| 0.27195 eval -0.555138
    [color_grid] step  210 loss -0.582516 |p| 0.27224 eval -0.586151
    [color_grid] step  220 loss -0.613279 |p| 0.27277 eval -0.615571
    [color_grid] step  230 loss -0.637281 |p| 0.27326 eval -0.639293
    [color_grid] step  240 loss -0.658936 |p| 0.27373 eval -0.661028
    [color_grid] step  250 loss -0.681409 |p| 0.27415 eval -0.683501
    [color_grid] step  260 loss -0.700628 |p| 0.27449 eval -0.702321
    [color_grid] step  270 loss -0.715717 |p| 0.27476 eval -0.717032
    [color_grid] step  280 loss -0.727799 |p| 0.27512 eval -0.729224
    [color_grid] step  290 loss -0.738966 |p| 0.27562 eval -0.739883
    [color_grid] step  300 loss -0.748663 |p| 0.27615 eval -0.749305
    [color_grid] step  310 loss -0.759115 |p| 0.27668 eval -0.760432
    [color_grid] step  320 loss -0.771402 |p| 0.27710 eval -0.772551
    [color_grid] step  330 loss -0.784497 |p| 0.27734 eval -0.785462
    [color_grid] step  340 loss -0.794710 |p| 0.27758 eval -0.795676
    [color_grid] step  350 loss -0.804681 |p| 0.27777 eval -0.805638
    [color_grid] step  360 loss -0.812967 |p| 0.27796 eval -0.813603
    [color_grid] step  370 loss -0.821159 |p| 0.27811 eval -0.822202
    [color_grid] step  380 loss -0.831735 |p| 0.27826 eval -0.833137
    [color_grid] step  390 loss -0.841987 |p| 0.27837 eval -0.842674
    [color_grid] step  399 loss -0.851222 |p| 0.27858 eval -0.852234
  color_grid  whole:adam   r=0.60  cos=-0.8522 redetect=None stop=max_steps@400
    [color_grid] step    0 loss 1.000000 |p| 0.25065 eval 0.995629
    [color_grid] step   10 loss 0.875797 |p| 0.25569 eval 0.855321
    [color_grid] step   20 loss 0.658868 |p| 0.25936 eval 0.635129
    [color_grid] step   30 loss 0.152987 |p| 0.26218 eval 0.100029
    [color_grid] step   40 loss -0.146244 |p| 0.26425 eval -0.158301
    [color_grid] step   50 loss -0.271078 |p| 0.26611 eval -0.279549
    [color_grid] step   60 loss -0.349799 |p| 0.26806 eval -0.358028
    [color_grid] step   70 loss -0.420552 |p| 0.26959 eval -0.426599
    [color_grid] step   80 loss -0.477890 |p| 0.27124 eval -0.482476
    [color_grid] step   90 loss -0.528689 |p| 0.27289 eval -0.533397
    [color_grid] step  100 loss -0.577528 |p| 0.27434 eval -0.581736
    [color_grid] step  110 loss -0.623285 |p| 0.27569 eval -0.627536
    [color_grid] step  120 loss -0.661232 |p| 0.27702 eval -0.664813
    [color_grid] step  130 loss -0.700026 |p| 0.27840 eval -0.703357
    [color_grid] step  140 loss -0.735756 |p| 0.27945 eval -0.739160
    [color_grid] step  150 loss -0.764972 |p| 0.28050 eval -0.767762
    [color_grid] step  160 loss -0.789417 |p| 0.28142 eval -0.790671
    [color_grid] step  170 loss -0.808781 |p| 0.28231 eval -0.810864
    [color_grid] step  180 loss -0.827439 |p| 0.28323 eval -0.829343
    [color_grid] step  190 loss -0.843996 |p| 0.28416 eval -0.845680
    [color_grid] step  200 loss -0.858771 |p| 0.28501 eval -0.859622
    [color_grid] step  210 loss -0.869762 |p| 0.28578 eval -0.870705
    [color_grid] step  220 loss -0.881069 |p| 0.28652 eval -0.881370
    [color_grid] step  230 loss -0.889762 |p| 0.28717 eval -0.890979
    [color_grid] step  240 loss -0.897756 |p| 0.28787 eval -0.899172
    [color_grid] step  250 loss -0.904862 |p| 0.28856 eval -0.905459
    [color_grid] step  260 loss -0.910807 |p| 0.28925 eval -0.910988
    [color_grid] step  270 loss -0.916966 |p| 0.28986 eval -0.916279
    [color_grid] step  280 loss -0.921404 |p| 0.29031 eval -0.921705
    [color_grid] step  290 loss -0.928857 |p| 0.29070 eval -0.929680
    [color_grid] step  300 loss -0.933592 |p| 0.29106 eval -0.936616
    [color_grid] step  310 loss -0.941160 |p| 0.29158 eval -0.941386
    [color_grid] step  320 loss -0.946799 |p| 0.29209 eval -0.947578
    [color_grid] step  330 loss -0.952990 |p| 0.29260 eval -0.953384
    [color_grid] step  340 loss -0.957632 |p| 0.29306 eval -0.958126
    [color_grid] step  350 loss -0.961308 |p| 0.29337 eval -0.961895
    [color_grid] step  360 loss -0.964201 |p| 0.29367 eval -0.964113
    [color_grid] step  370 loss -0.967814 |p| 0.29397 eval -0.968125
    [color_grid] step  380 loss -0.971378 |p| 0.29421 eval -0.971761
    [color_grid] step  390 loss -0.974237 |p| 0.29439 eval -0.971097
    [color_grid] step  399 loss -0.972861 |p| 0.29458 eval -0.975555
  color_grid  whole:adam   r=1.20  cos=-0.9756 redetect=None stop=max_steps@400
    [color_grid] step    0 loss 1.000000 |p| 0.25108 eval 0.991125
    [color_grid] step   10 loss 0.778002 |p| 0.25851 eval 0.753963
    [color_grid] step   20 loss 0.183543 |p| 0.26365 eval 0.085119
    [color_grid] step   30 loss -0.107357 |p| 0.26721 eval -0.122477
    [color_grid] step   40 loss -0.212139 |p| 0.26974 eval -0.220533
    [color_grid] step   50 loss -0.285056 |p| 0.27226 eval -0.291492
    [color_grid] step   60 loss -0.336306 |p| 0.27475 eval -0.342080
    [color_grid] step   70 loss -0.388820 |p| 0.27720 eval -0.395233
    [color_grid] step   80 loss -0.430349 |p| 0.27963 eval -0.434163
    [color_grid] step   90 loss -0.461049 |p| 0.28179 eval -0.463611
    [color_grid] step  100 loss -0.487145 |p| 0.28350 eval -0.489843
    [color_grid] step  110 loss -0.513046 |p| 0.28544 eval -0.514720
    [color_grid] step  120 loss -0.537678 |p| 0.28744 eval -0.539891
    [color_grid] step  130 loss -0.560121 |p| 0.28955 eval -0.563776
    [color_grid] step  140 loss -0.580715 |p| 0.29158 eval -0.581987
    [color_grid] step  150 loss -0.598296 |p| 0.29333 eval -0.600564
    [color_grid] step  160 loss -0.618494 |p| 0.29546 eval -0.620659
    [color_grid] step  170 loss -0.637843 |p| 0.29754 eval -0.640413
    [color_grid] step  180 loss -0.660010 |p| 0.29920 eval -0.661935
    [color_grid] step  190 loss -0.678981 |p| 0.30062 eval -0.682160
    [color_grid] step  200 loss -0.697251 |p| 0.30171 eval -0.697487
    [color_grid] step  210 loss -0.710593 |p| 0.30246 eval -0.712748
    [color_grid] step  220 loss -0.724057 |p| 0.30296 eval -0.725802
    [color_grid] step  230 loss -0.735348 |p| 0.30342 eval -0.736834
    [color_grid] step  240 loss -0.745306 |p| 0.30422 eval -0.746142
    [color_grid] step  250 loss -0.754386 |p| 0.30542 eval -0.753542
    [color_grid] step  260 loss -0.761995 |p| 0.30673 eval -0.763749
    [color_grid] step  270 loss -0.769628 |p| 0.30799 eval -0.769764
    [color_grid] step  280 loss -0.778203 |p| 0.30937 eval -0.779252
    [color_grid] step  290 loss -0.783478 |p| 0.31103 eval -0.784801
    [color_grid] step  300 loss -0.793815 |p| 0.31259 eval -0.794111
    [color_grid] step  310 loss -0.803258 |p| 0.31396 eval -0.803238
    [color_grid] step  320 loss -0.811693 |p| 0.31537 eval -0.813927
    [color_grid] step  330 loss -0.821173 |p| 0.31693 eval -0.824349
    [color_grid] step  340 loss -0.834969 |p| 0.31852 eval -0.836425
    [color_grid] step  350 loss -0.844096 |p| 0.31999 eval -0.845417
    [color_grid] step  360 loss -0.852097 |p| 0.32115 eval -0.851753
    [color_grid] step  370 loss -0.859543 |p| 0.32195 eval -0.856816
    [color_grid] step  380 loss -0.863043 |p| 0.32266 eval -0.864401
    [color_grid] step  390 loss -0.862936 |p| 0.32355 eval -0.865876
    [color_grid] step  399 loss -0.873969 |p| 0.32425 eval -0.875088
  color_grid  whole:adam   r=2.00  cos=-0.8751 redetect=None stop=max_steps@400
  color_grid  whole:rand   r=0.02  cos=0.9995 redetect=0.98549 stop=no_params@0
  color_grid  whole:rand   r=0.05  cos=0.9978 redetect=0.97407 stop=no_params@0
  color_grid  whole:rand   r=0.10  cos=0.9939 redetect=None stop=no_params@0
  color_grid  whole:rand   r=0.20  cos=0.9713 redetect=None stop=no_params@0
  color_grid  whole:rand   r=0.30  cos=0.9319 redetect=None stop=no_params@0
  color_grid  whole:rand   r=0.60  cos=0.5976 redetect=0.5492 stop=no_params@0
  color_grid  whole:rand   r=1.20  cos=0.1990 redetect=-0.07296 stop=no_params@0
  color_grid  whole:rand   r=2.00  cos=0.1872 redetect=0.18748 stop=no_params@0
    [color_curve] step    0 loss 1.000000 |p| 0.01562 eval 1.000000
    [color_curve] step   10 loss 1.000000 |p| 0.01562 eval 1.000000
    [color_curve] step   20 loss 1.000000 |p| 0.01562 eval 1.000000
    [color_curve] step   30 loss 1.000000 |p| 0.01562 eval 1.000000
    [color_curve] step   40 loss 1.000000 |p| 0.01562 eval 1.000000
    [color_curve] step   50 loss 1.000000 |p| 0.01562 eval 1.000000
    [color_curve] step   60 loss 1.000000 |p| 0.01562 eval 1.000000
    [color_curve] step   70 loss 1.000000 |p| 0.01562 eval 1.000000
    [color_curve] step   80 loss 1.000000 |p| 0.01562 eval 1.000000
    [color_curve] early stop at step 80（連續 8 次評估未改善 > 0.0001）
  color_curve whole:sign   r=0.02  cos=1.0000 redetect=1.0 stop=early_stop@81
    [color_curve] step    0 loss 1.000000 |p| 0.01562 eval 1.000000
    [color_curve] step   10 loss 1.000000 |p| 0.01562 eval 1.000000
    [color_curve] step   20 loss 1.000000 |p| 0.01562 eval 1.000000
    [color_curve] step   30 loss 1.000000 |p| 0.01562 eval 1.000000
    [color_curve] step   40 loss 1.000000 |p| 0.01562 eval 1.000000
    [color_curve] step   50 loss 1.000000 |p| 0.01562 eval 1.000000
    [color_curve] step   60 loss 1.000000 |p| 0.01562 eval 1.000000
    [color_curve] step   70 loss 1.000000 |p| 0.01562 eval 1.000000
    [color_curve] step   80 loss 1.000000 |p| 0.01562 eval 1.000000
    [color_curve] early stop at step 80（連續 8 次評估未改善 > 0.0001）
  color_curve whole:sign   r=0.05  cos=1.0000 redetect=1.0 stop=early_stop@81
    [color_curve] step    0 loss 1.000000 |p| 0.01562 eval 1.000000
    [color_curve] step   10 loss 1.000000 |p| 0.01562 eval 1.000000
    [color_curve] step   20 loss 1.000000 |p| 0.01562 eval 1.000000
    [color_curve] step   30 loss 1.000000 |p| 0.01562 eval 1.000000
    [color_curve] step   40 loss 1.000000 |p| 0.01562 eval 1.000000
    [color_curve] step   50 loss 1.000000 |p| 0.01562 eval 1.000000
    [color_curve] step   60 loss 1.000000 |p| 0.01562 eval 1.000000
    [color_curve] step   70 loss 1.000000 |p| 0.01562 eval 1.000000
    [color_curve] step   80 loss 1.000000 |p| 0.01562 eval 1.000000
    [color_curve] early stop at step 80（連續 8 次評估未改善 > 0.0001）
  color_curve whole:sign   r=0.10  cos=1.0000 redetect=1.0 stop=early_stop@81
    [color_curve] step    0 loss 1.000000 |p| 0.01562 eval 1.000000
    [color_curve] step   10 loss 1.000000 |p| 0.01562 eval 1.000000
    [color_curve] step   20 loss 1.000000 |p| 0.01562 eval 1.000000
    [color_curve] step   30 loss 1.000000 |p| 0.01562 eval 1.000000
    [color_curve] step   40 loss 1.000000 |p| 0.01562 eval 1.000000
    [color_curve] step   50 loss 1.000000 |p| 0.01562 eval 1.000000
    [color_curve] step   60 loss 1.000000 |p| 0.01562 eval 1.000000
    [color_curve] step   70 loss 1.000000 |p| 0.01562 eval 1.000000
    [color_curve] step   80 loss 1.000000 |p| 0.01562 eval 1.000000
    [color_curve] early stop at step 80（連續 8 次評估未改善 > 0.0001）
  color_curve whole:sign   r=0.20  cos=1.0000 redetect=1.0 stop=early_stop@81
    [color_curve] step    0 loss 1.000000 |p| 0.01562 eval 1.000000
    [color_curve] step   10 loss 1.000000 |p| 0.01562 eval 1.000000
    [color_curve] step   20 loss 1.000000 |p| 0.01562 eval 1.000000
    [color_curve] step   30 loss 1.000000 |p| 0.01562 eval 1.000000
    [color_curve] step   40 loss 1.000000 |p| 0.01562 eval 1.000000
    [color_curve] step   50 loss 1.000000 |p| 0.01562 eval 1.000000
    [color_curve] step   60 loss 1.000000 |p| 0.01562 eval 1.000000
    [color_curve] step   70 loss 1.000000 |p| 0.01562 eval 1.000000
    [color_curve] step   80 loss 1.000000 |p| 0.01562 eval 1.000000
    [color_curve] early stop at step 80（連續 8 次評估未改善 > 0.0001）
  color_curve whole:sign   r=0.30  cos=1.0000 redetect=1.0 stop=early_stop@81
    [color_curve] step    0 loss 1.000000 |p| 0.01562 eval 1.000000
    [color_curve] step   10 loss 1.000000 |p| 0.01562 eval 1.000000
    [color_curve] step   20 loss 1.000000 |p| 0.01562 eval 1.000000
    [color_curve] step   30 loss 1.000000 |p| 0.01562 eval 1.000000
    [color_curve] step   40 loss 1.000000 |p| 0.01562 eval 1.000000
    [color_curve] step   50 loss 1.000000 |p| 0.01562 eval 1.000000
    [color_curve] step   60 loss 1.000000 |p| 0.01562 eval 1.000000
    [color_curve] step   70 loss 1.000000 |p| 0.01562 eval 1.000000
    [color_curve] step   80 loss 1.000000 |p| 0.01562 eval 1.000000
    [color_curve] early stop at step 80（連續 8 次評估未改善 > 0.0001）
  color_curve whole:sign   r=0.60  cos=1.0000 redetect=1.0 stop=early_stop@81
    [color_curve] step    0 loss 1.000000 |p| 0.01562 eval 1.000000
    [color_curve] step   10 loss 1.000000 |p| 0.01562 eval 1.000000
    [color_curve] step   20 loss 1.000000 |p| 0.01562 eval 1.000000
    [color_curve] step   30 loss 1.000000 |p| 0.01562 eval 1.000000
    [color_curve] step   40 loss 1.000000 |p| 0.01562 eval 1.000000
    [color_curve] step   50 loss 1.000000 |p| 0.01562 eval 1.000000
    [color_curve] step   60 loss 1.000000 |p| 0.01562 eval 1.000000
    [color_curve] step   70 loss 1.000000 |p| 0.01562 eval 1.000000
    [color_curve] step   80 loss 1.000000 |p| 0.01562 eval 1.000000
    [color_curve] early stop at step 80（連續 8 次評估未改善 > 0.0001）
  color_curve whole:sign   r=1.20  cos=1.0000 redetect=1.0 stop=early_stop@81
    [color_curve] step    0 loss 1.000000 |p| 0.01562 eval 1.000000
    [color_curve] step   10 loss 1.000000 |p| 0.01562 eval 1.000000
    [color_curve] step   20 loss 1.000000 |p| 0.01562 eval 1.000000
    [color_curve] step   30 loss 1.000000 |p| 0.01562 eval 1.000000
    [color_curve] step   40 loss 1.000000 |p| 0.01562 eval 1.000000
    [color_curve] step   50 loss 1.000000 |p| 0.01562 eval 1.000000
    [color_curve] step   60 loss 1.000000 |p| 0.01562 eval 1.000000
    [color_curve] step   70 loss 1.000000 |p| 0.01562 eval 1.000000
    [color_curve] step   80 loss 1.000000 |p| 0.01562 eval 1.000000
    [color_curve] early stop at step 80（連續 8 次評估未改善 > 0.0001）
  color_curve whole:sign   r=2.00  cos=1.0000 redetect=1.0 stop=early_stop@81
    [color_curve] step    0 loss 1.000000 |p| 0.01562 eval 1.000000
    [color_curve] step   10 loss 1.000000 |p| 0.01562 eval 1.000000
    [color_curve] step   20 loss 1.000000 |p| 0.01562 eval 1.000000
    [color_curve] step   30 loss 1.000000 |p| 0.01562 eval 1.000000
    [color_curve] step   40 loss 1.000000 |p| 0.01562 eval 1.000000
    [color_curve] step   50 loss 1.000000 |p| 0.01562 eval 1.000000
    [color_curve] step   60 loss 1.000000 |p| 0.01562 eval 1.000000
    [color_curve] step   70 loss 1.000000 |p| 0.01562 eval 1.000000
    [color_curve] step   80 loss 1.000000 |p| 0.01562 eval 1.000000
    [color_curve] early stop at step 80（連續 8 次評估未改善 > 0.0001）
  color_curve whole:adam   r=0.02  cos=1.0000 redetect=1.0 stop=early_stop@81
    [color_curve] step    0 loss 1.000000 |p| 0.01562 eval 1.000000
    [color_curve] step   10 loss 1.000000 |p| 0.01562 eval 1.000000
    [color_curve] step   20 loss 1.000000 |p| 0.01562 eval 1.000000
    [color_curve] step   30 loss 1.000000 |p| 0.01562 eval 1.000000
    [color_curve] step   40 loss 1.000000 |p| 0.01562 eval 1.000000
    [color_curve] step   50 loss 1.000000 |p| 0.01562 eval 1.000000
    [color_curve] step   60 loss 1.000000 |p| 0.01562 eval 1.000000
    [color_curve] step   70 loss 1.000000 |p| 0.01562 eval 1.000000
    [color_curve] step   80 loss 1.000000 |p| 0.01562 eval 1.000000
    [color_curve] early stop at step 80（連續 8 次評估未改善 > 0.0001）
  color_curve whole:adam   r=0.05  cos=1.0000 redetect=1.0 stop=early_stop@81
    [color_curve] step    0 loss 1.000000 |p| 0.01562 eval 1.000000
    [color_curve] step   10 loss 1.000000 |p| 0.01562 eval 1.000000
    [color_curve] step   20 loss 1.000000 |p| 0.01562 eval 1.000000
    [color_curve] step   30 loss 1.000000 |p| 0.01562 eval 1.000000
    [color_curve] step   40 loss 1.000000 |p| 0.01562 eval 1.000000
    [color_curve] step   50 loss 1.000000 |p| 0.01562 eval 1.000000
    [color_curve] step   60 loss 1.000000 |p| 0.01562 eval 1.000000
    [color_curve] step   70 loss 1.000000 |p| 0.01562 eval 1.000000
    [color_curve] step   80 loss 1.000000 |p| 0.01562 eval 1.000000
    [color_curve] early stop at step 80（連續 8 次評估未改善 > 0.0001）
  color_curve whole:adam   r=0.10  cos=1.0000 redetect=1.0 stop=early_stop@81
    [color_curve] step    0 loss 1.000000 |p| 0.01562 eval 1.000000
    [color_curve] step   10 loss 1.000000 |p| 0.01562 eval 1.000000
    [color_curve] step   20 loss 1.000000 |p| 0.01562 eval 1.000000
    [color_curve] step   30 loss 1.000000 |p| 0.01562 eval 1.000000
    [color_curve] step   40 loss 1.000000 |p| 0.01562 eval 1.000000
    [color_curve] step   50 loss 1.000000 |p| 0.01562 eval 1.000000
    [color_curve] step   60 loss 1.000000 |p| 0.01562 eval 1.000000
    [color_curve] step   70 loss 1.000000 |p| 0.01562 eval 1.000000
    [color_curve] step   80 loss 1.000000 |p| 0.01562 eval 1.000000
    [color_curve] early stop at step 80（連續 8 次評估未改善 > 0.0001）
  color_curve whole:adam   r=0.20  cos=1.0000 redetect=1.0 stop=early_stop@81
    [color_curve] step    0 loss 1.000000 |p| 0.01562 eval 1.000000
    [color_curve] step   10 loss 1.000000 |p| 0.01562 eval 1.000000
    [color_curve] step   20 loss 1.000000 |p| 0.01562 eval 1.000000
    [color_curve] step   30 loss 1.000000 |p| 0.01562 eval 1.000000
    [color_curve] step   40 loss 1.000000 |p| 0.01562 eval 1.000000
    [color_curve] step   50 loss 1.000000 |p| 0.01562 eval 1.000000
    [color_curve] step   60 loss 1.000000 |p| 0.01562 eval 1.000000
    [color_curve] step   70 loss 1.000000 |p| 0.01562 eval 1.000000
    [color_curve] step   80 loss 1.000000 |p| 0.01562 eval 1.000000
    [color_curve] early stop at step 80（連續 8 次評估未改善 > 0.0001）
  color_curve whole:adam   r=0.30  cos=1.0000 redetect=1.0 stop=early_stop@81
    [color_curve] step    0 loss 1.000000 |p| 0.01562 eval 1.000000
    [color_curve] step   10 loss 1.000000 |p| 0.01562 eval 1.000000
    [color_curve] step   20 loss 1.000000 |p| 0.01562 eval 1.000000
    [color_curve] step   30 loss 1.000000 |p| 0.01562 eval 1.000000
    [color_curve] step   40 loss 1.000000 |p| 0.01562 eval 1.000000
    [color_curve] step   50 loss 1.000000 |p| 0.01562 eval 1.000000
    [color_curve] step   60 loss 1.000000 |p| 0.01562 eval 1.000000
    [color_curve] step   70 loss 1.000000 |p| 0.01562 eval 1.000000
    [color_curve] step   80 loss 1.000000 |p| 0.01562 eval 1.000000
    [color_curve] early stop at step 80（連續 8 次評估未改善 > 0.0001）
  color_curve whole:adam   r=0.60  cos=1.0000 redetect=1.0 stop=early_stop@81
    [color_curve] step    0 loss 1.000000 |p| 0.01562 eval 1.000000
    [color_curve] step   10 loss 1.000000 |p| 0.01562 eval 1.000000
    [color_curve] step   20 loss 1.000000 |p| 0.01562 eval 1.000000
    [color_curve] step   30 loss 1.000000 |p| 0.01562 eval 1.000000
    [color_curve] step   40 loss 1.000000 |p| 0.01562 eval 1.000000
    [color_curve] step   50 loss 1.000000 |p| 0.01562 eval 1.000000
    [color_curve] step   60 loss 1.000000 |p| 0.01562 eval 1.000000
    [color_curve] step   70 loss 1.000000 |p| 0.01562 eval 1.000000
    [color_curve] step   80 loss 1.000000 |p| 0.01562 eval 1.000000
    [color_curve] early stop at step 80（連續 8 次評估未改善 > 0.0001）
  color_curve whole:adam   r=1.20  cos=1.0000 redetect=1.0 stop=early_stop@81
    [color_curve] step    0 loss 1.000000 |p| 0.01562 eval 1.000000
    [color_curve] step   10 loss 1.000000 |p| 0.01562 eval 1.000000
    [color_curve] step   20 loss 1.000000 |p| 0.01562 eval 1.000000
    [color_curve] step   30 loss 1.000000 |p| 0.01562 eval 1.000000
    [color_curve] step   40 loss 1.000000 |p| 0.01562 eval 1.000000
    [color_curve] step   50 loss 1.000000 |p| 0.01562 eval 1.000000
    [color_curve] step   60 loss 1.000000 |p| 0.01562 eval 1.000000
    [color_curve] step   70 loss 1.000000 |p| 0.01562 eval 1.000000
    [color_curve] step   80 loss 1.000000 |p| 0.01562 eval 1.000000
    [color_curve] early stop at step 80（連續 8 次評估未改善 > 0.0001）
  color_curve whole:adam   r=2.00  cos=1.0000 redetect=1.0 stop=early_stop@81
  color_curve whole:rand   r=0.02  cos=1.0000 redetect=0.98586 stop=no_params@0
  color_curve whole:rand   r=0.05  cos=1.0000 redetect=0.99002 stop=no_params@0
  color_curve whole:rand   r=0.10  cos=1.0000 redetect=0.98824 stop=no_params@0
  color_curve whole:rand   r=0.20  cos=0.9999 redetect=0.99254 stop=no_params@0
  color_curve whole:rand   r=0.30  cos=0.9998 redetect=0.9742 stop=no_params@0
  color_curve whole:rand   r=0.60  cos=0.9994 redetect=0.98689 stop=no_params@0
  color_curve whole:rand   r=1.20  cos=0.9988 redetect=0.97475 stop=no_params@0
  color_curve whole:rand   r=2.00  cos=0.9983 redetect=0.96905 stop=no_params@0
[task_env_weather_70149] box=(191, 51, 323, 236) verify_cos=0.99997
    [color_grid] step    0 loss 1.000000 |p| 0.25002 eval 0.999973
    [color_grid] step   10 loss 0.995830 |p| 0.25018 eval 0.994908
    [color_grid] step   20 loss 0.982623 |p| 0.25035 eval 0.980854
    [color_grid] step   30 loss 0.961910 |p| 0.25051 eval 0.959493
    [color_grid] step   40 loss 0.936269 |p| 0.25067 eval 0.933489
    [color_grid] step   50 loss 0.906461 |p| 0.25082 eval 0.903239
    [color_grid] step   60 loss 0.874375 |p| 0.25097 eval 0.871086
    [color_grid] step   70 loss 0.839577 |p| 0.25111 eval 0.836032
    [color_grid] step   80 loss 0.804209 |p| 0.25124 eval 0.800618
    [color_grid] step   90 loss 0.769532 |p| 0.25137 eval 0.766055
    [color_grid] step  100 loss 0.735046 |p| 0.25148 eval 0.733683
    [color_grid] step  110 loss 0.725832 |p| 0.25150 eval 0.725094
    [color_grid] step  120 loss 0.719785 |p| 0.25152 eval 0.719204
    [color_grid] step  130 loss 0.714417 |p| 0.25154 eval 0.713901
    [color_grid] step  140 loss 0.709503 |p| 0.25155 eval 0.709043
    [color_grid] step  150 loss 0.705245 |p| 0.25157 eval 0.704822
    [color_grid] step  160 loss 0.701715 |p| 0.25159 eval 0.701366
    [color_grid] step  170 loss 0.698849 |p| 0.25161 eval 0.698652
    [color_grid] step  180 loss 0.696786 |p| 0.25163 eval 0.696575
    [color_grid] step  190 loss 0.695011 |p| 0.25165 eval 0.694768
    [color_grid] step  200 loss 0.693184 |p| 0.25166 eval 0.693092
    [color_grid] step  210 loss 0.691422 |p| 0.25168 eval 0.691327
    [color_grid] step  220 loss 0.689731 |p| 0.25170 eval 0.689622
    [color_grid] step  230 loss 0.688248 |p| 0.25171 eval 0.688133
    [color_grid] step  240 loss 0.686958 |p| 0.25173 eval 0.686840
    [color_grid] step  250 loss 0.685779 |p| 0.25174 eval 0.685728
    [color_grid] step  260 loss 0.684646 |p| 0.25175 eval 0.684515
    [color_grid] step  270 loss 0.683515 |p| 0.25177 eval 0.683319
    [color_grid] step  280 loss 0.682536 |p| 0.25178 eval 0.682429
    [color_grid] step  290 loss 0.681691 |p| 0.25178 eval 0.681658
    [color_grid] step  300 loss 0.680925 |p| 0.25179 eval 0.680820
    [color_grid] step  310 loss 0.680140 |p| 0.25179 eval 0.680094
    [color_grid] step  320 loss 0.679344 |p| 0.25180 eval 0.679260
    [color_grid] step  330 loss 0.678519 |p| 0.25181 eval 0.678463
    [color_grid] step  340 loss 0.677869 |p| 0.25181 eval 0.677767
    [color_grid] step  350 loss 0.677259 |p| 0.25182 eval 0.677194
    [color_grid] step  360 loss 0.676829 |p| 0.25182 eval 0.676780
    [color_grid] step  370 loss 0.676381 |p| 0.25183 eval 0.676238
    [color_grid] step  380 loss 0.675720 |p| 0.25183 eval 0.675695
    [color_grid] step  390 loss 0.675244 |p| 0.25183 eval 0.675185
    [color_grid] step  399 loss 0.674794 |p| 0.25184 eval 0.674688
  color_grid  whole:sign   r=0.02  cos=0.6747 redetect=0.71137 stop=max_steps@400
    [color_grid] step    0 loss 1.000000 |p| 0.25005 eval 0.999829
    [color_grid] step   10 loss 0.974490 |p| 0.25045 eval 0.969293
    [color_grid] step   20 loss 0.909508 |p| 0.25082 eval 0.901679
    [color_grid] step   30 loss 0.825872 |p| 0.25116 eval 0.817244
    [color_grid] step   40 loss 0.739118 |p| 0.25147 eval 0.730652
    [color_grid] step   50 loss 0.653333 |p| 0.25172 eval 0.644665
    [color_grid] step   60 loss 0.567359 |p| 0.25200 eval 0.558952
    [color_grid] step   70 loss 0.487043 |p| 0.25230 eval 0.478908
    [color_grid] step   80 loss 0.402350 |p| 0.25261 eval 0.393950
    [color_grid] step   90 loss 0.320297 |p| 0.25291 eval 0.312717
    [color_grid] step  100 loss 0.248266 |p| 0.25319 eval 0.244705
    [color_grid] step  110 loss 0.220504 |p| 0.25333 eval 0.218322
    [color_grid] step  120 loss 0.198898 |p| 0.25344 eval 0.197016
    [color_grid] step  130 loss 0.179776 |p| 0.25352 eval 0.177841
    [color_grid] step  140 loss 0.160716 |p| 0.25359 eval 0.159001
    [color_grid] step  150 loss 0.144399 |p| 0.25366 eval 0.142808
    [color_grid] step  160 loss 0.129412 |p| 0.25373 eval 0.128043
    [color_grid] step  170 loss 0.116535 |p| 0.25379 eval 0.115445
    [color_grid] step  180 loss 0.107033 |p| 0.25385 eval 0.106189
    [color_grid] step  190 loss 0.098648 |p| 0.25389 eval 0.097805
    [color_grid] step  200 loss 0.090659 |p| 0.25394 eval 0.089929
    [color_grid] step  210 loss 0.083969 |p| 0.25398 eval 0.083181
    [color_grid] step  220 loss 0.076189 |p| 0.25402 eval 0.075572
    [color_grid] step  230 loss 0.069649 |p| 0.25405 eval 0.068946
    [color_grid] step  240 loss 0.063157 |p| 0.25409 eval 0.062461
    [color_grid] step  250 loss 0.055490 |p| 0.25412 eval 0.054809
    [color_grid] step  260 loss 0.048239 |p| 0.25415 eval 0.047493
    [color_grid] step  270 loss 0.041242 |p| 0.25418 eval 0.040595
    [color_grid] step  280 loss 0.034876 |p| 0.25420 eval 0.034558
    [color_grid] step  290 loss 0.030325 |p| 0.25423 eval 0.029947
    [color_grid] step  300 loss 0.026529 |p| 0.25424 eval 0.026189
    [color_grid] step  310 loss 0.022657 |p| 0.25425 eval 0.022289
    [color_grid] step  320 loss 0.018941 |p| 0.25426 eval 0.018512
    [color_grid] step  330 loss 0.014720 |p| 0.25427 eval 0.014297
    [color_grid] step  340 loss 0.007074 |p| 0.25427 eval 0.005755
    [color_grid] step  350 loss -0.008077 |p| 0.25427 eval -0.009543
    [color_grid] step  360 loss -0.020644 |p| 0.25426 eval -0.021538
    [color_grid] step  370 loss -0.029992 |p| 0.25426 eval -0.030886
    [color_grid] step  380 loss -0.038883 |p| 0.25426 eval -0.039792
    [color_grid] step  390 loss -0.046469 |p| 0.25427 eval -0.047339
    [color_grid] step  399 loss -0.053044 |p| 0.25427 eval -0.053860
  color_grid  whole:sign   r=0.05  cos=-0.0539 redetect=-0.02357 stop=max_steps@400
    [color_grid] step    0 loss 1.000000 |p| 0.25010 eval 0.999334
    [color_grid] step   10 loss 0.915782 |p| 0.25083 eval 0.900266
    [color_grid] step   20 loss 0.747024 |p| 0.25147 eval 0.729669
    [color_grid] step   30 loss 0.570736 |p| 0.25201 eval 0.553935
    [color_grid] step   40 loss 0.407595 |p| 0.25259 eval 0.391239
    [color_grid] step   50 loss 0.257365 |p| 0.25314 eval 0.244763
    [color_grid] step   60 loss 0.146027 |p| 0.25360 eval 0.136427
    [color_grid] step   70 loss 0.052867 |p| 0.25400 eval 0.043193
    [color_grid] step   80 loss -0.030297 |p| 0.25440 eval -0.037904
    [color_grid] step   90 loss -0.104672 |p| 0.25481 eval -0.111504
    [color_grid] step  100 loss -0.171683 |p| 0.25517 eval -0.177280
    [color_grid] step  110 loss -0.228950 |p| 0.25542 eval -0.234791
    [color_grid] step  120 loss -0.271394 |p| 0.25564 eval -0.274866
    [color_grid] step  130 loss -0.300731 |p| 0.25587 eval -0.303541
    [color_grid] step  140 loss -0.322048 |p| 0.25608 eval -0.324181
    [color_grid] step  150 loss -0.340045 |p| 0.25625 eval -0.342438
    [color_grid] step  160 loss -0.354339 |p| 0.25641 eval -0.355220
    [color_grid] step  170 loss -0.365748 |p| 0.25656 eval -0.367270
    [color_grid] step  180 loss -0.378285 |p| 0.25670 eval -0.379328
    [color_grid] step  190 loss -0.392653 |p| 0.25681 eval -0.393900
    [color_grid] step  200 loss -0.408849 |p| 0.25693 eval -0.411098
    [color_grid] step  210 loss -0.431714 |p| 0.25706 eval -0.433735
    [color_grid] step  220 loss -0.460849 |p| 0.25715 eval -0.464258
    [color_grid] step  230 loss -0.491432 |p| 0.25723 eval -0.494857
    [color_grid] step  240 loss -0.518444 |p| 0.25728 eval -0.520816
    [color_grid] step  250 loss -0.540279 |p| 0.25734 eval -0.541357
    [color_grid] step  260 loss -0.555566 |p| 0.25741 eval -0.557723
    [color_grid] step  270 loss -0.570978 |p| 0.25750 eval -0.572228
    [color_grid] step  280 loss -0.582268 |p| 0.25756 eval -0.583432
    [color_grid] step  290 loss -0.594909 |p| 0.25761 eval -0.596269
    [color_grid] step  300 loss -0.604497 |p| 0.25766 eval -0.606051
    [color_grid] step  310 loss -0.612858 |p| 0.25770 eval -0.613189
    [color_grid] step  320 loss -0.619261 |p| 0.25772 eval -0.619175
    [color_grid] step  330 loss -0.625621 |p| 0.25773 eval -0.626497
    [color_grid] step  340 loss -0.632032 |p| 0.25774 eval -0.632627
    [color_grid] step  350 loss -0.638515 |p| 0.25777 eval -0.638575
    [color_grid] step  360 loss -0.647259 |p| 0.25779 eval -0.647632
    [color_grid] step  370 loss -0.652051 |p| 0.25780 eval -0.652419
    [color_grid] step  380 loss -0.660207 |p| 0.25781 eval -0.660598
    [color_grid] step  390 loss -0.665058 |p| 0.25785 eval -0.664824
    [color_grid] step  399 loss -0.669084 |p| 0.25785 eval -0.669469
  color_grid  whole:sign   r=0.10  cos=-0.6695 redetect=-0.62208 stop=max_steps@400
    [color_grid] step    0 loss 1.000000 |p| 0.25021 eval 0.997316
    [color_grid] step   10 loss 0.759860 |p| 0.25151 eval 0.724438
    [color_grid] step   20 loss 0.421839 |p| 0.25264 eval 0.386173
    [color_grid] step   30 loss 0.160334 |p| 0.25359 eval 0.141863
    [color_grid] step   40 loss -0.006273 |p| 0.25435 eval -0.022318
    [color_grid] step   50 loss -0.138294 |p| 0.25508 eval -0.152016
    [color_grid] step   60 loss -0.250491 |p| 0.25583 eval -0.262552
    [color_grid] step   70 loss -0.384711 |p| 0.25648 eval -0.397603
    [color_grid] step   80 loss -0.507562 |p| 0.25697 eval -0.520958
    [color_grid] step   90 loss -0.624278 |p| 0.25745 eval -0.636243
    [color_grid] step  100 loss -0.720428 |p| 0.25788 eval -0.729868
    [color_grid] step  110 loss -0.779562 |p| 0.25819 eval -0.783525
    [color_grid] step  120 loss -0.817404 |p| 0.25854 eval -0.819782
    [color_grid] step  130 loss -0.846862 |p| 0.25888 eval -0.848340
    [color_grid] step  140 loss -0.869825 |p| 0.25924 eval -0.872220
    [color_grid] step  150 loss -0.889244 |p| 0.25955 eval -0.889297
    [color_grid] step  160 loss -0.898246 |p| 0.25973 eval -0.900420
    [color_grid] step  170 loss -0.905763 |p| 0.25989 eval -0.908476
    [color_grid] step  180 loss -0.909285 |p| 0.26003 eval -0.912962
    [color_grid] step  190 loss -0.914562 |p| 0.26020 eval -0.915914
    [color_grid] step  200 loss -0.919489 |p| 0.26037 eval -0.921241
    [color_grid] step  210 loss -0.921248 |p| 0.26050 eval -0.924083
    [color_grid] step  220 loss -0.924431 |p| 0.26064 eval -0.926525
    [color_grid] step  230 loss -0.927407 |p| 0.26078 eval -0.928665
    [color_grid] step  240 loss -0.930209 |p| 0.26087 eval -0.933418
    [color_grid] step  250 loss -0.934305 |p| 0.26094 eval -0.936630
    [color_grid] step  260 loss -0.939578 |p| 0.26098 eval -0.940287
    [color_grid] step  270 loss -0.941452 |p| 0.26105 eval -0.941824
    [color_grid] step  280 loss -0.942900 |p| 0.26111 eval -0.942809
    [color_grid] step  290 loss -0.943357 |p| 0.26118 eval -0.943622
    [color_grid] step  300 loss -0.944333 |p| 0.26122 eval -0.943895
    [color_grid] step  310 loss -0.944990 |p| 0.26126 eval -0.945101
    [color_grid] step  320 loss -0.945794 |p| 0.26130 eval -0.946089
    [color_grid] step  330 loss -0.947612 |p| 0.26134 eval -0.946943
    [color_grid] step  340 loss -0.949400 |p| 0.26141 eval -0.947836
    [color_grid] step  350 loss -0.950209 |p| 0.26146 eval -0.948155
    [color_grid] step  360 loss -0.951084 |p| 0.26151 eval -0.948616
    [color_grid] step  370 loss -0.950564 |p| 0.26156 eval -0.949200
    [color_grid] step  380 loss -0.951836 |p| 0.26161 eval -0.949561
    [color_grid] step  390 loss -0.951863 |p| 0.26163 eval -0.950632
    [color_grid] step  399 loss -0.950328 |p| 0.26170 eval -0.952643
  color_grid  whole:sign   r=0.20  cos=-0.9526 redetect=-0.75575 stop=max_steps@400
    [color_grid] step    0 loss 1.000000 |p| 0.25031 eval 0.994078
    [color_grid] step   10 loss 0.596227 |p| 0.25208 eval 0.546220
    [color_grid] step   20 loss 0.172164 |p| 0.25370 eval 0.142584
    [color_grid] step   30 loss -0.077709 |p| 0.25480 eval -0.096231
    [color_grid] step   40 loss -0.269236 |p| 0.25587 eval -0.279522
    [color_grid] step   50 loss -0.389762 |p| 0.25675 eval -0.406437
    [color_grid] step   60 loss -0.572323 |p| 0.25753 eval -0.588043
    [color_grid] step   70 loss -0.691432 |p| 0.25843 eval -0.702309
    [color_grid] step   80 loss -0.779703 |p| 0.25926 eval -0.788003
    [color_grid] step   90 loss -0.824625 |p| 0.26001 eval -0.832074
    [color_grid] step  100 loss -0.867278 |p| 0.26073 eval -0.870876
    [color_grid] step  110 loss -0.887396 |p| 0.26122 eval -0.891824
    [color_grid] step  120 loss -0.896865 |p| 0.26157 eval -0.902548
    [color_grid] step  130 loss -0.902568 |p| 0.26185 eval -0.909660
    [color_grid] step  140 loss -0.909292 |p| 0.26214 eval -0.916447
    [color_grid] step  150 loss -0.915648 |p| 0.26240 eval -0.923246
    [color_grid] step  160 loss -0.925861 |p| 0.26264 eval -0.928004
    [color_grid] step  170 loss -0.929564 |p| 0.26281 eval -0.932238
    [color_grid] step  180 loss -0.933768 |p| 0.26298 eval -0.936140
    [color_grid] step  190 loss -0.936401 |p| 0.26314 eval -0.939430
    [color_grid] step  200 loss -0.937944 |p| 0.26331 eval -0.941023
    [color_grid] step  210 loss -0.938776 |p| 0.26347 eval -0.942326
    [color_grid] step  220 loss -0.939260 |p| 0.26359 eval -0.943429
    [color_grid] step  230 loss -0.940067 |p| 0.26373 eval -0.944322
    [color_grid] step  240 loss -0.940354 |p| 0.26386 eval -0.945559
    [color_grid] step  250 loss -0.940883 |p| 0.26400 eval -0.946001
    [color_grid] step  260 loss -0.940526 |p| 0.26412 eval -0.946811
    [color_grid] step  270 loss -0.941342 |p| 0.26422 eval -0.946994
    [color_grid] step  280 loss -0.941384 |p| 0.26433 eval -0.947499
    [color_grid] step  290 loss -0.941665 |p| 0.26441 eval -0.947731
    [color_grid] step  300 loss -0.942104 |p| 0.26449 eval -0.948639
    [color_grid] step  310 loss -0.942441 |p| 0.26459 eval -0.949383
    [color_grid] step  320 loss -0.943108 |p| 0.26469 eval -0.949765
    [color_grid] step  330 loss -0.943834 |p| 0.26478 eval -0.950083
    [color_grid] step  340 loss -0.944733 |p| 0.26482 eval -0.950270
    [color_grid] step  350 loss -0.945136 |p| 0.26490 eval -0.950577
    [color_grid] step  360 loss -0.945573 |p| 0.26496 eval -0.950731
    [color_grid] step  370 loss -0.945660 |p| 0.26503 eval -0.951282
    [color_grid] step  380 loss -0.946130 |p| 0.26508 eval -0.951650
    [color_grid] step  390 loss -0.947452 |p| 0.26515 eval -0.951930
    [color_grid] step  399 loss -0.952209 |p| 0.26517 eval -0.946518
  color_grid  whole:sign   r=0.30  cos=-0.9465 redetect=-0.735 stop=max_steps@400
    [color_grid] step    0 loss 1.000000 |p| 0.25062 eval 0.977882
    [color_grid] step   10 loss 0.194144 |p| 0.25392 eval 0.137981
    [color_grid] step   20 loss -0.235344 |p| 0.25646 eval -0.270333
    [color_grid] step   30 loss -0.572369 |p| 0.25819 eval -0.593527
    [color_grid] step   40 loss -0.762630 |p| 0.25990 eval -0.777811
    [color_grid] step   50 loss -0.834819 |p| 0.26122 eval -0.833783
    [color_grid] step   60 loss -0.868918 |p| 0.26247 eval -0.863639
    [color_grid] step   70 loss -0.892843 |p| 0.26361 eval -0.886318
    [color_grid] step   80 loss -0.909242 |p| 0.26467 eval -0.903287
    [color_grid] step   90 loss -0.919675 |p| 0.26518 eval -0.923822
    [color_grid] step  100 loss -0.924342 |p| 0.26574 eval -0.933854
    [color_grid] step  110 loss -0.929831 |p| 0.26619 eval -0.943488
    [color_grid] step  120 loss -0.941684 |p| 0.26667 eval -0.949400
    [color_grid] step  130 loss -0.944353 |p| 0.26697 eval -0.955210
    [color_grid] step  140 loss -0.948016 |p| 0.26726 eval -0.957907
    [color_grid] step  150 loss -0.951712 |p| 0.26749 eval -0.965186
    [color_grid] step  160 loss -0.956318 |p| 0.26778 eval -0.964064
    [color_grid] step  170 loss -0.960681 |p| 0.26795 eval -0.969063
    [color_grid] step  180 loss -0.960492 |p| 0.26815 eval -0.968932
    [color_grid] step  190 loss -0.962636 |p| 0.26825 eval -0.969028
    [color_grid] step  200 loss -0.961331 |p| 0.26841 eval -0.973201
    [color_grid] step  210 loss -0.962911 |p| 0.26870 eval -0.972948
    [color_grid] step  220 loss -0.964689 |p| 0.26892 eval -0.973977
    [color_grid] step  230 loss -0.967044 |p| 0.26907 eval -0.974841
    [color_grid] step  240 loss -0.967984 |p| 0.26926 eval -0.975042
    [color_grid] step  250 loss -0.967650 |p| 0.26939 eval -0.976105
    [color_grid] step  260 loss -0.973203 |p| 0.26957 eval -0.973422
    [color_grid] step  270 loss -0.974899 |p| 0.26969 eval -0.975622
    [color_grid] step  280 loss -0.974683 |p| 0.26977 eval -0.976929
    [color_grid] step  290 loss -0.971287 |p| 0.26987 eval -0.975832
    [color_grid] step  300 loss -0.972360 |p| 0.27000 eval -0.980713
    [color_grid] step  310 loss -0.971503 |p| 0.27016 eval -0.975888
    [color_grid] step  320 loss -0.973625 |p| 0.27029 eval -0.977861
    [color_grid] step  330 loss -0.976617 |p| 0.27038 eval -0.978456
    [color_grid] step  340 loss -0.978730 |p| 0.27044 eval -0.978504
    [color_grid] step  350 loss -0.976538 |p| 0.27055 eval -0.979511
    [color_grid] step  360 loss -0.976625 |p| 0.27066 eval -0.980344
    [color_grid] step  370 loss -0.977730 |p| 0.27084 eval -0.979669
    [color_grid] step  380 loss -0.978510 |p| 0.27099 eval -0.978541
    [color_grid] early stop at step 380（連續 8 次評估未改善 > 0.0001）
  color_grid  whole:sign   r=0.60  cos=-0.9785 redetect=-0.6295 stop=early_stop@381
    [color_grid] step    0 loss 1.000000 |p| 0.25123 eval 0.930919
    [color_grid] step   10 loss -0.143772 |p| 0.25658 eval -0.204584
    [color_grid] step   20 loss -0.638120 |p| 0.25976 eval -0.637144
    [color_grid] step   30 loss -0.776463 |p| 0.26167 eval -0.795064
    [color_grid] step   40 loss -0.852778 |p| 0.26353 eval -0.862551
    [color_grid] step   50 loss -0.878484 |p| 0.26478 eval -0.887632
    [color_grid] step   60 loss -0.894878 |p| 0.26620 eval -0.896806
    [color_grid] step   70 loss -0.899174 |p| 0.26724 eval -0.917133
    [color_grid] step   80 loss -0.904623 |p| 0.26798 eval -0.924524
    [color_grid] step   90 loss -0.908050 |p| 0.26870 eval -0.923187
    [color_grid] step  100 loss -0.920960 |p| 0.26970 eval -0.926017
    [color_grid] step  110 loss -0.927017 |p| 0.27038 eval -0.933904
    [color_grid] step  120 loss -0.929255 |p| 0.27125 eval -0.939868
    [color_grid] step  130 loss -0.932688 |p| 0.27209 eval -0.935221
    [color_grid] step  140 loss -0.935585 |p| 0.27272 eval -0.940694
    [color_grid] step  150 loss -0.931181 |p| 0.27336 eval -0.940373
    [color_grid] step  160 loss -0.932583 |p| 0.27430 eval -0.946934
    [color_grid] step  170 loss -0.934599 |p| 0.27495 eval -0.952875
    [color_grid] step  180 loss -0.932484 |p| 0.27576 eval -0.954153
    [color_grid] step  190 loss -0.941662 |p| 0.27656 eval -0.951422
    [color_grid] step  200 loss -0.942111 |p| 0.27728 eval -0.951021
    [color_grid] step  210 loss -0.941394 |p| 0.27806 eval -0.945673
    [color_grid] step  220 loss -0.945676 |p| 0.27872 eval -0.951461
    [color_grid] step  230 loss -0.950450 |p| 0.27911 eval -0.953028
    [color_grid] step  240 loss -0.947871 |p| 0.27994 eval -0.958871
    [color_grid] step  250 loss -0.949293 |p| 0.28039 eval -0.953692
    [color_grid] step  260 loss -0.953715 |p| 0.28080 eval -0.953538
    [color_grid] step  270 loss -0.945432 |p| 0.28134 eval -0.957774
    [color_grid] step  280 loss -0.953766 |p| 0.28174 eval -0.959861
    [color_grid] step  290 loss -0.956146 |p| 0.28241 eval -0.962625
    [color_grid] step  300 loss -0.961058 |p| 0.28271 eval -0.946409
    [color_grid] step  310 loss -0.956721 |p| 0.28291 eval -0.953346
    [color_grid] step  320 loss -0.959885 |p| 0.28323 eval -0.960746
    [color_grid] step  330 loss -0.960810 |p| 0.28364 eval -0.953818
    [color_grid] step  340 loss -0.961636 |p| 0.28402 eval -0.955697
    [color_grid] step  350 loss -0.958741 |p| 0.28435 eval -0.964687
    [color_grid] step  360 loss -0.962826 |p| 0.28487 eval -0.963602
    [color_grid] step  370 loss -0.964655 |p| 0.28515 eval -0.965407
    [color_grid] step  380 loss -0.970003 |p| 0.28548 eval -0.961480
    [color_grid] step  390 loss -0.962259 |p| 0.28566 eval -0.961056
    [color_grid] step  399 loss -0.964071 |p| 0.28609 eval -0.965693
  color_grid  whole:sign   r=1.20  cos=-0.9657 redetect=None stop=max_steps@400
    [color_grid] step    0 loss 1.000000 |p| 0.25206 eval 0.857875
    [color_grid] step   10 loss -0.350439 |p| 0.25933 eval -0.417472
    [color_grid] step   20 loss -0.768291 |p| 0.26331 eval -0.774080
    [color_grid] step   30 loss -0.845582 |p| 0.26602 eval -0.849613
    [color_grid] step   40 loss -0.865672 |p| 0.26780 eval -0.855695
    [color_grid] step   50 loss -0.890368 |p| 0.26915 eval -0.895138
    [color_grid] step   60 loss -0.888999 |p| 0.27059 eval -0.896568
    [color_grid] step   70 loss -0.901316 |p| 0.27189 eval -0.913940
    [color_grid] step   80 loss -0.909748 |p| 0.27334 eval -0.913054
    [color_grid] step   90 loss -0.908704 |p| 0.27461 eval -0.931713
    [color_grid] step  100 loss -0.923197 |p| 0.27586 eval -0.930386
    [color_grid] step  110 loss -0.902846 |p| 0.27711 eval -0.930200
    [color_grid] step  120 loss -0.909940 |p| 0.27843 eval -0.941087
    [color_grid] step  130 loss -0.933494 |p| 0.27942 eval -0.936861
    [color_grid] step  140 loss -0.940966 |p| 0.28055 eval -0.923059
    [color_grid] step  150 loss -0.954930 |p| 0.28131 eval -0.928375
    [color_grid] step  160 loss -0.946888 |p| 0.28229 eval -0.931038
    [color_grid] step  170 loss -0.945563 |p| 0.28324 eval -0.943546
    [color_grid] step  180 loss -0.947299 |p| 0.28444 eval -0.946897
    [color_grid] step  190 loss -0.948387 |p| 0.28545 eval -0.952445
    [color_grid] step  200 loss -0.941703 |p| 0.28615 eval -0.949511
    [color_grid] step  210 loss -0.936957 |p| 0.28673 eval -0.940488
    [color_grid] step  220 loss -0.954612 |p| 0.28736 eval -0.945753
    [color_grid] step  230 loss -0.935280 |p| 0.28781 eval -0.956354
    [color_grid] step  240 loss -0.955416 |p| 0.28861 eval -0.954872
    [color_grid] step  250 loss -0.941101 |p| 0.28929 eval -0.961136
    [color_grid] step  260 loss -0.958628 |p| 0.28983 eval -0.955007
    [color_grid] step  270 loss -0.959203 |p| 0.29036 eval -0.956143
    [color_grid] step  280 loss -0.969423 |p| 0.29096 eval -0.957287
    [color_grid] step  290 loss -0.958324 |p| 0.29194 eval -0.952274
    [color_grid] step  300 loss -0.958225 |p| 0.29290 eval -0.952382
    [color_grid] step  310 loss -0.970285 |p| 0.29329 eval -0.956128
    [color_grid] step  320 loss -0.947754 |p| 0.29407 eval -0.974224
    [color_grid] step  330 loss -0.967351 |p| 0.29484 eval -0.955777
    [color_grid] step  340 loss -0.962450 |p| 0.29557 eval -0.964257
    [color_grid] step  350 loss -0.968476 |p| 0.29599 eval -0.957928
    [color_grid] step  360 loss -0.960548 |p| 0.29648 eval -0.966980
    [color_grid] step  370 loss -0.964523 |p| 0.29702 eval -0.961594
    [color_grid] step  380 loss -0.959649 |p| 0.29710 eval -0.968990
    [color_grid] step  390 loss -0.958917 |p| 0.29790 eval -0.966788
    [color_grid] step  399 loss -0.973442 |p| 0.29856 eval -0.963515
    [color_grid] early stop at step 399（連續 8 次評估未改善 > 0.0001）
  color_grid  whole:sign   r=2.00  cos=-0.9635 redetect=-0.78842 stop=early_stop@400
    [color_grid] step    0 loss 1.000000 |p| 0.25002 eval 0.999973
    [color_grid] step   10 loss 0.996662 |p| 0.25017 eval 0.995854
    [color_grid] step   20 loss 0.983369 |p| 0.25034 eval 0.981322
    [color_grid] step   30 loss 0.958891 |p| 0.25054 eval 0.955953
    [color_grid] step   40 loss 0.926012 |p| 0.25074 eval 0.922250
    [color_grid] step   50 loss 0.884994 |p| 0.25093 eval 0.880630
    [color_grid] step   60 loss 0.838460 |p| 0.25111 eval 0.833671
    [color_grid] step   70 loss 0.790260 |p| 0.25128 eval 0.785659
    [color_grid] step   80 loss 0.747233 |p| 0.25143 eval 0.744616
    [color_grid] step   90 loss 0.729969 |p| 0.25149 eval 0.728848
    [color_grid] step  100 loss 0.721224 |p| 0.25152 eval 0.720491
    [color_grid] step  110 loss 0.713866 |p| 0.25155 eval 0.713313
    [color_grid] step  120 loss 0.708478 |p| 0.25158 eval 0.707952
    [color_grid] step  130 loss 0.704478 |p| 0.25161 eval 0.704076
    [color_grid] step  140 loss 0.701706 |p| 0.25165 eval 0.701384
    [color_grid] step  150 loss 0.699451 |p| 0.25167 eval 0.699232
    [color_grid] step  160 loss 0.697491 |p| 0.25169 eval 0.697348
    [color_grid] step  170 loss 0.695718 |p| 0.25171 eval 0.695585
    [color_grid] step  180 loss 0.694296 |p| 0.25172 eval 0.694131
    [color_grid] step  190 loss 0.693027 |p| 0.25173 eval 0.692841
    [color_grid] step  200 loss 0.691873 |p| 0.25173 eval 0.691880
    [color_grid] step  210 loss 0.691126 |p| 0.25174 eval 0.691087
    [color_grid] step  220 loss 0.690432 |p| 0.25175 eval 0.690370
    [color_grid] step  230 loss 0.689875 |p| 0.25176 eval 0.689795
    [color_grid] step  240 loss 0.689394 |p| 0.25177 eval 0.689295
    [color_grid] step  250 loss 0.688823 |p| 0.25178 eval 0.688815
    [color_grid] step  260 loss 0.688367 |p| 0.25179 eval 0.688364
    [color_grid] step  270 loss 0.687989 |p| 0.25179 eval 0.687918
    [color_grid] step  280 loss 0.687479 |p| 0.25180 eval 0.687401
    [color_grid] step  290 loss 0.686862 |p| 0.25181 eval 0.686884
    [color_grid] step  300 loss 0.686380 |p| 0.25181 eval 0.686298
    [color_grid] step  310 loss 0.685716 |p| 0.25181 eval 0.685637
    [color_grid] step  320 loss 0.685190 |p| 0.25182 eval 0.685144
    [color_grid] step  330 loss 0.684707 |p| 0.25182 eval 0.684600
    [color_grid] step  340 loss 0.684255 |p| 0.25182 eval 0.684205
    [color_grid] step  350 loss 0.683769 |p| 0.25182 eval 0.683699
    [color_grid] step  360 loss 0.683292 |p| 0.25182 eval 0.683273
    [color_grid] step  370 loss 0.682885 |p| 0.25182 eval 0.682831
    [color_grid] step  380 loss 0.682356 |p| 0.25183 eval 0.682345
    [color_grid] step  390 loss 0.681999 |p| 0.25183 eval 0.681921
    [color_grid] step  399 loss 0.681601 |p| 0.25184 eval 0.681501
  color_grid  whole:adam   r=0.02  cos=0.6815 redetect=0.71976 stop=max_steps@400
    [color_grid] step    0 loss 1.000000 |p| 0.25004 eval 0.999830
    [color_grid] step   10 loss 0.979399 |p| 0.25041 eval 0.974758
    [color_grid] step   20 loss 0.916184 |p| 0.25083 eval 0.907709
    [color_grid] step   30 loss 0.822262 |p| 0.25124 eval 0.811841
    [color_grid] step   40 loss 0.720773 |p| 0.25161 eval 0.710680
    [color_grid] step   50 loss 0.619996 |p| 0.25194 eval 0.610250
    [color_grid] step   60 loss 0.525759 |p| 0.25223 eval 0.517235
    [color_grid] step   70 loss 0.437101 |p| 0.25253 eval 0.427246
    [color_grid] step   80 loss 0.340945 |p| 0.25285 eval 0.332317
    [color_grid] step   90 loss 0.271476 |p| 0.25314 eval 0.266287
    [color_grid] step  100 loss 0.231652 |p| 0.25334 eval 0.228949
    [color_grid] step  110 loss 0.205891 |p| 0.25348 eval 0.203613
    [color_grid] step  120 loss 0.185170 |p| 0.25358 eval 0.183303
    [color_grid] step  130 loss 0.168557 |p| 0.25366 eval 0.167033
    [color_grid] step  140 loss 0.152913 |p| 0.25374 eval 0.151458
    [color_grid] step  150 loss 0.139000 |p| 0.25380 eval 0.137648
    [color_grid] step  160 loss 0.126672 |p| 0.25386 eval 0.125294
    [color_grid] step  170 loss 0.116404 |p| 0.25393 eval 0.115521
    [color_grid] step  180 loss 0.107984 |p| 0.25398 eval 0.107116
    [color_grid] step  190 loss 0.100018 |p| 0.25403 eval 0.099286
    [color_grid] step  200 loss 0.092806 |p| 0.25408 eval 0.092116
    [color_grid] step  210 loss 0.085917 |p| 0.25412 eval 0.085200
    [color_grid] step  220 loss 0.079392 |p| 0.25415 eval 0.078807
    [color_grid] step  230 loss 0.073573 |p| 0.25418 eval 0.073131
    [color_grid] step  240 loss 0.068529 |p| 0.25420 eval 0.068021
    [color_grid] step  250 loss 0.062699 |p| 0.25422 eval 0.062011
    [color_grid] step  260 loss 0.055593 |p| 0.25424 eval 0.054915
    [color_grid] step  270 loss 0.049802 |p| 0.25425 eval 0.049281
    [color_grid] step  280 loss 0.044942 |p| 0.25425 eval 0.044418
    [color_grid] step  290 loss 0.040213 |p| 0.25425 eval 0.039745
    [color_grid] step  300 loss 0.036689 |p| 0.25425 eval 0.036346
    [color_grid] step  310 loss 0.033573 |p| 0.25425 eval 0.033272
    [color_grid] step  320 loss 0.029744 |p| 0.25426 eval 0.029413
    [color_grid] step  330 loss 0.025521 |p| 0.25427 eval 0.025084
    [color_grid] step  340 loss 0.021612 |p| 0.25429 eval 0.021245
    [color_grid] step  350 loss 0.017953 |p| 0.25430 eval 0.017665
    [color_grid] step  360 loss 0.014348 |p| 0.25433 eval 0.013997
    [color_grid] step  370 loss 0.011142 |p| 0.25435 eval 0.010849
    [color_grid] step  380 loss 0.007892 |p| 0.25438 eval 0.007586
    [color_grid] step  390 loss 0.004689 |p| 0.25439 eval 0.004345
    [color_grid] step  399 loss 0.000692 |p| 0.25441 eval 0.000255
  color_grid  whole:adam   r=0.05  cos=0.0003 redetect=0.0632 stop=max_steps@400
    [color_grid] step    0 loss 1.000000 |p| 0.25008 eval 0.999338
    [color_grid] step   10 loss 0.932292 |p| 0.25078 eval 0.918965
    [color_grid] step   20 loss 0.769204 |p| 0.25151 eval 0.751450
    [color_grid] step   30 loss 0.592385 |p| 0.25216 eval 0.575076
    [color_grid] step   40 loss 0.422813 |p| 0.25275 eval 0.405049
    [color_grid] step   50 loss 0.265108 |p| 0.25336 eval 0.252664
    [color_grid] step   60 loss 0.156854 |p| 0.25390 eval 0.148524
    [color_grid] step   70 loss 0.076023 |p| 0.25437 eval 0.067230
    [color_grid] step   80 loss -0.008822 |p| 0.25477 eval -0.016543
    [color_grid] step   90 loss -0.077858 |p| 0.25511 eval -0.083930
    [color_grid] step  100 loss -0.130829 |p| 0.25540 eval -0.135095
    [color_grid] step  110 loss -0.174245 |p| 0.25566 eval -0.179298
    [color_grid] step  120 loss -0.218149 |p| 0.25589 eval -0.222662
    [color_grid] step  130 loss -0.260472 |p| 0.25612 eval -0.264461
    [color_grid] step  140 loss -0.297851 |p| 0.25637 eval -0.301653
    [color_grid] step  150 loss -0.338584 |p| 0.25660 eval -0.342985
    [color_grid] step  160 loss -0.387612 |p| 0.25676 eval -0.391734
    [color_grid] step  170 loss -0.432008 |p| 0.25687 eval -0.435956
    [color_grid] step  180 loss -0.464982 |p| 0.25695 eval -0.467525
    [color_grid] step  190 loss -0.487533 |p| 0.25702 eval -0.489597
    [color_grid] step  200 loss -0.505695 |p| 0.25710 eval -0.507332
    [color_grid] step  210 loss -0.520806 |p| 0.25717 eval -0.522204
    [color_grid] step  220 loss -0.534812 |p| 0.25723 eval -0.536131
    [color_grid] step  230 loss -0.548248 |p| 0.25730 eval -0.549644
    [color_grid] step  240 loss -0.560804 |p| 0.25736 eval -0.561947
    [color_grid] step  250 loss -0.572595 |p| 0.25743 eval -0.573865
    [color_grid] step  260 loss -0.584738 |p| 0.25750 eval -0.585842
    [color_grid] step  270 loss -0.596551 |p| 0.25757 eval -0.597758
    [color_grid] step  280 loss -0.608967 |p| 0.25764 eval -0.610113
    [color_grid] step  290 loss -0.620700 |p| 0.25770 eval -0.621698
    [color_grid] step  300 loss -0.631512 |p| 0.25775 eval -0.632592
    [color_grid] step  310 loss -0.642202 |p| 0.25779 eval -0.643442
    [color_grid] step  320 loss -0.652171 |p| 0.25782 eval -0.653138
    [color_grid] step  330 loss -0.661170 |p| 0.25782 eval -0.661998
    [color_grid] step  340 loss -0.669032 |p| 0.25782 eval -0.669742
    [color_grid] step  350 loss -0.676308 |p| 0.25784 eval -0.677036
    [color_grid] step  360 loss -0.682822 |p| 0.25787 eval -0.683538
    [color_grid] step  370 loss -0.689229 |p| 0.25790 eval -0.689988
    [color_grid] step  380 loss -0.695964 |p| 0.25792 eval -0.696661
    [color_grid] step  390 loss -0.702927 |p| 0.25795 eval -0.703724
    [color_grid] step  399 loss -0.708854 |p| 0.25797 eval -0.709365
  color_grid  whole:adam   r=0.10  cos=-0.7094 redetect=-0.52149 stop=max_steps@400
    [color_grid] step    0 loss 1.000000 |p| 0.25015 eval 0.997340
    [color_grid] step   10 loss 0.804127 |p| 0.25146 eval 0.773589
    [color_grid] step   20 loss 0.497084 |p| 0.25271 eval 0.465313
    [color_grid] step   30 loss 0.232499 |p| 0.25387 eval 0.213418
    [color_grid] step   40 loss 0.059709 |p| 0.25487 eval 0.042725
    [color_grid] step   50 loss -0.075498 |p| 0.25586 eval -0.086235
    [color_grid] step   60 loss -0.172732 |p| 0.25675 eval -0.181469
    [color_grid] step   70 loss -0.247845 |p| 0.25749 eval -0.254927
    [color_grid] step   80 loss -0.342589 |p| 0.25811 eval -0.357288
    [color_grid] step   90 loss -0.464989 |p| 0.25862 eval -0.475408
    [color_grid] step  100 loss -0.562087 |p| 0.25907 eval -0.570541
    [color_grid] step  110 loss -0.633771 |p| 0.25942 eval -0.640380
    [color_grid] step  120 loss -0.696362 |p| 0.25977 eval -0.702270
    [color_grid] step  130 loss -0.743176 |p| 0.26005 eval -0.746970
    [color_grid] step  140 loss -0.777855 |p| 0.26030 eval -0.780501
    [color_grid] step  150 loss -0.804162 |p| 0.26053 eval -0.806595
    [color_grid] step  160 loss -0.824979 |p| 0.26074 eval -0.826673
    [color_grid] step  170 loss -0.840900 |p| 0.26091 eval -0.842372
    [color_grid] step  180 loss -0.855577 |p| 0.26105 eval -0.856983
    [color_grid] step  190 loss -0.869685 |p| 0.26118 eval -0.870905
    [color_grid] step  200 loss -0.881205 |p| 0.26131 eval -0.882173
    [color_grid] step  210 loss -0.891047 |p| 0.26143 eval -0.892086
    [color_grid] step  220 loss -0.901433 |p| 0.26154 eval -0.902426
    [color_grid] step  230 loss -0.910578 |p| 0.26163 eval -0.911579
    [color_grid] step  240 loss -0.919235 |p| 0.26172 eval -0.920113
    [color_grid] step  250 loss -0.926965 |p| 0.26177 eval -0.927660
    [color_grid] step  260 loss -0.934596 |p| 0.26182 eval -0.935443
    [color_grid] step  270 loss -0.943985 |p| 0.26186 eval -0.944966
    [color_grid] step  280 loss -0.952651 |p| 0.26186 eval -0.953343
    [color_grid] step  290 loss -0.959720 |p| 0.26187 eval -0.960374
    [color_grid] step  300 loss -0.965965 |p| 0.26189 eval -0.966481
    [color_grid] step  310 loss -0.970499 |p| 0.26193 eval -0.971012
    [color_grid] step  320 loss -0.974675 |p| 0.26197 eval -0.975103
    [color_grid] step  330 loss -0.978010 |p| 0.26200 eval -0.978264
    [color_grid] step  340 loss -0.980437 |p| 0.26203 eval -0.980641
    [color_grid] step  350 loss -0.982554 |p| 0.26208 eval -0.982774
    [color_grid] step  360 loss -0.984136 |p| 0.26212 eval -0.984265
    [color_grid] step  370 loss -0.985313 |p| 0.26217 eval -0.985288
    [color_grid] step  380 loss -0.986319 |p| 0.26222 eval -0.986128
    [color_grid] step  390 loss -0.987148 |p| 0.26226 eval -0.987268
    [color_grid] step  399 loss -0.988075 |p| 0.26229 eval -0.988126
  color_grid  whole:adam   r=0.20  cos=-0.9881 redetect=-0.66436 stop=max_steps@400
    [color_grid] step    0 loss 1.000000 |p| 0.25023 eval 0.994111
    [color_grid] step   10 loss 0.671670 |p| 0.25209 eval 0.629589
    [color_grid] step   20 loss 0.267511 |p| 0.25384 eval 0.243267
    [color_grid] step   30 loss 0.033395 |p| 0.25537 eval 0.014663
    [color_grid] step   40 loss -0.125222 |p| 0.25681 eval -0.137816
    [color_grid] step   50 loss -0.252131 |p| 0.25801 eval -0.268828
    [color_grid] step   60 loss -0.386486 |p| 0.25882 eval -0.399640
    [color_grid] step   70 loss -0.523968 |p| 0.25938 eval -0.536488
    [color_grid] step   80 loss -0.634041 |p| 0.25995 eval -0.644303
    [color_grid] step   90 loss -0.718775 |p| 0.26053 eval -0.724890
    [color_grid] step  100 loss -0.778581 |p| 0.26102 eval -0.783999
    [color_grid] step  110 loss -0.822751 |p| 0.26147 eval -0.826272
    [color_grid] step  120 loss -0.851599 |p| 0.26187 eval -0.853579
    [color_grid] step  130 loss -0.871201 |p| 0.26223 eval -0.873013
    [color_grid] step  140 loss -0.888303 |p| 0.26250 eval -0.889897
    [color_grid] step  150 loss -0.901752 |p| 0.26272 eval -0.902981
    [color_grid] step  160 loss -0.912282 |p| 0.26288 eval -0.913198
    [color_grid] step  170 loss -0.921824 |p| 0.26304 eval -0.922781
    [color_grid] step  180 loss -0.930647 |p| 0.26319 eval -0.931443
    [color_grid] step  190 loss -0.937313 |p| 0.26333 eval -0.937919
    [color_grid] step  200 loss -0.943323 |p| 0.26346 eval -0.943896
    [color_grid] step  210 loss -0.949993 |p| 0.26360 eval -0.950820
    [color_grid] step  220 loss -0.958033 |p| 0.26375 eval -0.958779
    [color_grid] step  230 loss -0.964638 |p| 0.26391 eval -0.965225
    [color_grid] step  240 loss -0.970069 |p| 0.26405 eval -0.970647
    [color_grid] step  250 loss -0.975032 |p| 0.26419 eval -0.975520
    [color_grid] step  260 loss -0.979432 |p| 0.26431 eval -0.979837
    [color_grid] step  270 loss -0.982794 |p| 0.26441 eval -0.983103
    [color_grid] step  280 loss -0.985066 |p| 0.26450 eval -0.985267
    [color_grid] step  290 loss -0.986973 |p| 0.26458 eval -0.987142
    [color_grid] step  300 loss -0.988656 |p| 0.26465 eval -0.988796
    [color_grid] step  310 loss -0.990066 |p| 0.26473 eval -0.990198
    [color_grid] step  320 loss -0.991245 |p| 0.26478 eval -0.991356
    [color_grid] step  330 loss -0.992236 |p| 0.26483 eval -0.992339
    [color_grid] step  340 loss -0.993151 |p| 0.26487 eval -0.993245
    [color_grid] step  350 loss -0.994007 |p| 0.26491 eval -0.994084
    [color_grid] step  360 loss -0.994748 |p| 0.26495 eval -0.994801
    [color_grid] step  370 loss -0.995366 |p| 0.26499 eval -0.995423
    [color_grid] step  380 loss -0.995901 |p| 0.26503 eval -0.995963
    [color_grid] step  390 loss -0.996352 |p| 0.26507 eval -0.996409
    [color_grid] step  399 loss -0.996715 |p| 0.26510 eval -0.996748
  color_grid  whole:adam   r=0.30  cos=-0.9968 redetect=-0.3797 stop=max_steps@400
    [color_grid] step    0 loss 1.000000 |p| 0.25045 eval 0.977969
    [color_grid] step   10 loss 0.323683 |p| 0.25385 eval 0.269746
    [color_grid] step   20 loss -0.056916 |p| 0.25669 eval -0.083900
    [color_grid] step   30 loss -0.292239 |p| 0.25890 eval -0.319108
    [color_grid] step   40 loss -0.497282 |p| 0.26056 eval -0.517246
    [color_grid] step   50 loss -0.667362 |p| 0.26186 eval -0.676480
    [color_grid] step   60 loss -0.757444 |p| 0.26285 eval -0.764805
    [color_grid] step   70 loss -0.814611 |p| 0.26352 eval -0.819118
    [color_grid] step   80 loss -0.849497 |p| 0.26407 eval -0.853112
    [color_grid] step   90 loss -0.881586 |p| 0.26450 eval -0.883883
    [color_grid] step  100 loss -0.905470 |p| 0.26497 eval -0.907568
    [color_grid] step  110 loss -0.928841 |p| 0.26536 eval -0.930461
    [color_grid] step  120 loss -0.944834 |p| 0.26574 eval -0.945969
    [color_grid] step  130 loss -0.954651 |p| 0.26613 eval -0.955634
    [color_grid] step  140 loss -0.961958 |p| 0.26651 eval -0.962566
    [color_grid] step  150 loss -0.967769 |p| 0.26689 eval -0.968287
    [color_grid] step  160 loss -0.973188 |p| 0.26735 eval -0.973744
    [color_grid] step  170 loss -0.978071 |p| 0.26779 eval -0.978282
    [color_grid] step  180 loss -0.982151 |p| 0.26818 eval -0.982629
    [color_grid] step  190 loss -0.985298 |p| 0.26854 eval -0.985677
    [color_grid] step  200 loss -0.987692 |p| 0.26886 eval -0.987996
    [color_grid] step  210 loss -0.989819 |p| 0.26914 eval -0.990007
    [color_grid] step  220 loss -0.991509 |p| 0.26939 eval -0.991598
    [color_grid] step  230 loss -0.992597 |p| 0.26961 eval -0.992820
    [color_grid] step  240 loss -0.993710 |p| 0.26981 eval -0.993821
    [color_grid] step  250 loss -0.994523 |p| 0.26998 eval -0.994615
    [color_grid] step  260 loss -0.995214 |p| 0.27011 eval -0.995305
    [color_grid] step  270 loss -0.995817 |p| 0.27021 eval -0.995871
    [color_grid] step  280 loss -0.996333 |p| 0.27031 eval -0.996382
    [color_grid] step  290 loss -0.996811 |p| 0.27039 eval -0.996855
    [color_grid] step  300 loss -0.997250 |p| 0.27049 eval -0.997297
    [color_grid] step  310 loss -0.997643 |p| 0.27057 eval -0.997682
    [color_grid] step  320 loss -0.997988 |p| 0.27064 eval -0.998019
    [color_grid] step  330 loss -0.998259 |p| 0.27070 eval -0.998285
    [color_grid] step  340 loss -0.998505 |p| 0.27077 eval -0.998527
    [color_grid] step  350 loss -0.998714 |p| 0.27082 eval -0.998726
    [color_grid] step  360 loss -0.998885 |p| 0.27088 eval -0.998896
    [color_grid] step  370 loss -0.999015 |p| 0.27093 eval -0.999032
    [color_grid] step  380 loss -0.999138 |p| 0.27097 eval -0.999144
    [color_grid] step  390 loss -0.999238 |p| 0.27101 eval -0.999244
    [color_grid] step  399 loss -0.999301 |p| 0.27105 eval -0.999317
  color_grid  whole:adam   r=0.60  cos=-0.9993 redetect=None stop=max_steps@400
    [color_grid] step    0 loss 1.000000 |p| 0.25090 eval 0.931070
    [color_grid] step   10 loss 0.030488 |p| 0.25692 eval -0.030435
    [color_grid] step   20 loss -0.416371 |p| 0.26100 eval -0.433237
    [color_grid] step   30 loss -0.578984 |p| 0.26391 eval -0.590830
    [color_grid] step   40 loss -0.700960 |p| 0.26600 eval -0.713628
    [color_grid] step   50 loss -0.790448 |p| 0.26747 eval -0.795305
    [color_grid] step   60 loss -0.838430 |p| 0.26877 eval -0.841375
    [color_grid] step   70 loss -0.875455 |p| 0.26999 eval -0.879113
    [color_grid] step   80 loss -0.915502 |p| 0.27113 eval -0.918664
    [color_grid] step   90 loss -0.940317 |p| 0.27201 eval -0.941887
    [color_grid] step  100 loss -0.957968 |p| 0.27280 eval -0.959591
    [color_grid] step  110 loss -0.970087 |p| 0.27349 eval -0.971205
    [color_grid] step  120 loss -0.977946 |p| 0.27422 eval -0.979199
    [color_grid] step  130 loss -0.984596 |p| 0.27487 eval -0.985267
    [color_grid] step  140 loss -0.989563 |p| 0.27534 eval -0.989938
    [color_grid] step  150 loss -0.993032 |p| 0.27568 eval -0.993279
    [color_grid] step  160 loss -0.995660 |p| 0.27590 eval -0.995892
    [color_grid] step  170 loss -0.997231 |p| 0.27608 eval -0.997376
    [color_grid] step  180 loss -0.998308 |p| 0.27622 eval -0.998405
    [color_grid] step  190 loss -0.998933 |p| 0.27633 eval -0.998941
    [color_grid] step  200 loss -0.998996 |p| 0.27642 eval -0.999277
    [color_grid] step  210 loss -0.999419 |p| 0.27649 eval -0.999456
    [color_grid] step  220 loss -0.999652 |p| 0.27655 eval -0.999646
    [color_grid] step  230 loss -0.999747 |p| 0.27659 eval -0.999759
    [color_grid] step  240 loss -0.999829 |p| 0.27662 eval -0.999840
    [color_grid] step  250 loss -0.999879 |p| 0.27665 eval -0.999886
    [color_grid] step  260 loss -0.999916 |p| 0.27668 eval -0.999917
    [color_grid] step  270 loss -0.998405 |p| 0.27670 eval -0.995969
    [color_grid] step  280 loss -0.998206 |p| 0.27671 eval -0.998968
    [color_grid] step  290 loss -0.999478 |p| 0.27676 eval -0.999451
    [color_grid] step  300 loss -0.999820 |p| 0.27680 eval -0.999793
    [color_grid] step  310 loss -0.999937 |p| 0.27682 eval -0.999888
    [color_grid] step  320 loss -0.999964 |p| 0.27683 eval -0.999960
    [color_grid] step  330 loss -0.999981 |p| 0.27684 eval -0.999975
    [color_grid] step  340 loss -0.999982 |p| 0.27684 eval -0.999983
    [color_grid] step  350 loss -0.999981 |p| 0.27685 eval -0.999982
    [color_grid] step  360 loss -0.999983 |p| 0.27685 eval -0.999984
    [color_grid] step  370 loss -0.999984 |p| 0.27685 eval -0.999983
    [color_grid] step  380 loss -0.999984 |p| 0.27685 eval -0.999984
    [color_grid] step  390 loss -0.999984 |p| 0.27685 eval -0.999984
    [color_grid] step  399 loss -0.999982 |p| 0.27685 eval -0.999982
  color_grid  whole:adam   r=1.20  cos=-1.0000 redetect=None stop=max_steps@400
    [color_grid] step    0 loss 1.000000 |p| 0.25150 eval 0.858288
    [color_grid] step   10 loss -0.195973 |p| 0.26023 eval -0.250395
    [color_grid] step   20 loss -0.582942 |p| 0.26604 eval -0.603490
    [color_grid] step   30 loss -0.761993 |p| 0.26980 eval -0.771577
    [color_grid] step   40 loss -0.839147 |p| 0.27262 eval -0.844747
    [color_grid] step   50 loss -0.886762 |p| 0.27447 eval -0.890621
    [color_grid] step   60 loss -0.916644 |p| 0.27568 eval -0.919446
    [color_grid] step   70 loss -0.939745 |p| 0.27671 eval -0.942012
    [color_grid] step   80 loss -0.960559 |p| 0.27791 eval -0.962104
    [color_grid] step   90 loss -0.976872 |p| 0.27931 eval -0.977944
    [color_grid] step  100 loss -0.988244 |p| 0.28074 eval -0.988870
    [color_grid] step  110 loss -0.993343 |p| 0.28184 eval -0.993681
    [color_grid] step  120 loss -0.996042 |p| 0.28258 eval -0.996160
    [color_grid] step  130 loss -0.997442 |p| 0.28312 eval -0.997565
    [color_grid] step  140 loss -0.998217 |p| 0.28349 eval -0.998251
    [color_grid] step  150 loss -0.998724 |p| 0.28379 eval -0.998768
    [color_grid] step  160 loss -0.998582 |p| 0.28405 eval -0.998326
    [color_grid] step  170 loss -0.999257 |p| 0.28430 eval -0.999296
    [color_grid] step  180 loss -0.999507 |p| 0.28452 eval -0.999482
    [color_grid] step  190 loss -0.999677 |p| 0.28471 eval -0.999674
    [color_grid] step  200 loss -0.999776 |p| 0.28487 eval -0.999787
    [color_grid] step  210 loss -0.999834 |p| 0.28500 eval -0.999841
    [color_grid] step  220 loss -0.999807 |p| 0.28512 eval -0.999747
    [color_grid] step  230 loss -0.999903 |p| 0.28521 eval -0.999904
    [color_grid] step  240 loss -0.999923 |p| 0.28530 eval -0.999915
    [color_grid] step  250 loss -0.994394 |p| 0.28538 eval -0.998957
    [color_grid] step  260 loss -0.998141 |p| 0.28559 eval -0.997762
    [color_grid] step  270 loss -0.999167 |p| 0.28583 eval -0.998901
    [color_grid] step  280 loss -0.999650 |p| 0.28599 eval -0.999555
    [color_grid] step  290 loss -0.999830 |p| 0.28610 eval -0.999846
    [color_grid] step  300 loss -0.999925 |p| 0.28616 eval -0.999910
    [color_grid] step  310 loss -0.999951 |p| 0.28622 eval -0.999947
    [color_grid] step  320 loss -0.999961 |p| 0.28624 eval -0.999965
    [color_grid] step  330 loss -0.999969 |p| 0.28626 eval -0.999966
    [color_grid] step  340 loss -0.999960 |p| 0.28628 eval -0.999961
    [color_grid] step  350 loss -0.999964 |p| 0.28629 eval -0.999974
    [color_grid] step  360 loss -0.999974 |p| 0.28629 eval -0.999967
    [color_grid] step  370 loss -0.999972 |p| 0.28630 eval -0.999975
    [color_grid] step  380 loss -0.999971 |p| 0.28630 eval -0.999969
    [color_grid] step  390 loss -0.999971 |p| 0.28630 eval -0.999959
    [color_grid] step  399 loss -0.999971 |p| 0.28630 eval -0.999968
  color_grid  whole:adam   r=2.00  cos=-1.0000 redetect=-0.2274 stop=max_steps@400
  color_grid  whole:rand   r=0.02  cos=0.9936 redetect=0.98924 stop=no_params@0
  color_grid  whole:rand   r=0.05  cos=0.9639 redetect=0.95002 stop=no_params@0
  color_grid  whole:rand   r=0.10  cos=0.8990 redetect=0.88537 stop=no_params@0
  color_grid  whole:rand   r=0.20  cos=0.8194 redetect=0.76927 stop=no_params@0
  color_grid  whole:rand   r=0.30  cos=0.7423 redetect=0.77401 stop=no_params@0
  color_grid  whole:rand   r=0.60  cos=0.4702 redetect=None stop=no_params@0
  color_grid  whole:rand   r=1.20  cos=0.0418 redetect=None stop=no_params@0
  color_grid  whole:rand   r=2.00  cos=-0.0485 redetect=None stop=no_params@0
    [color_curve] step    0 loss 1.000000 |p| 0.01562 eval 1.000000
    [color_curve] step   10 loss 1.000000 |p| 0.01562 eval 1.000000
    [color_curve] step   20 loss 1.000000 |p| 0.01562 eval 1.000000
    [color_curve] step   30 loss 1.000000 |p| 0.01562 eval 1.000000
    [color_curve] step   40 loss 1.000000 |p| 0.01562 eval 1.000000
    [color_curve] step   50 loss 1.000000 |p| 0.01562 eval 1.000000
    [color_curve] step   60 loss 1.000000 |p| 0.01562 eval 1.000000
    [color_curve] step   70 loss 1.000000 |p| 0.01562 eval 1.000000
    [color_curve] step   80 loss 1.000000 |p| 0.01562 eval 1.000000
    [color_curve] early stop at step 80（連續 8 次評估未改善 > 0.0001）
  color_curve whole:sign   r=0.02  cos=1.0000 redetect=1.0 stop=early_stop@81
    [color_curve] step    0 loss 1.000000 |p| 0.01562 eval 1.000000
    [color_curve] step   10 loss 1.000000 |p| 0.01562 eval 1.000000
    [color_curve] step   20 loss 1.000000 |p| 0.01562 eval 1.000000
    [color_curve] step   30 loss 1.000000 |p| 0.01562 eval 1.000000
    [color_curve] step   40 loss 1.000000 |p| 0.01562 eval 1.000000
    [color_curve] step   50 loss 1.000000 |p| 0.01562 eval 1.000000
    [color_curve] step   60 loss 1.000000 |p| 0.01562 eval 1.000000
    [color_curve] step   70 loss 1.000000 |p| 0.01562 eval 1.000000
    [color_curve] step   80 loss 1.000000 |p| 0.01562 eval 1.000000
    [color_curve] early stop at step 80（連續 8 次評估未改善 > 0.0001）
  color_curve whole:sign   r=0.05  cos=1.0000 redetect=1.0 stop=early_stop@81
    [color_curve] step    0 loss 1.000000 |p| 0.01562 eval 1.000000
    [color_curve] step   10 loss 1.000000 |p| 0.01562 eval 1.000000
    [color_curve] step   20 loss 1.000000 |p| 0.01562 eval 1.000000
    [color_curve] step   30 loss 1.000000 |p| 0.01562 eval 1.000000
    [color_curve] step   40 loss 1.000000 |p| 0.01562 eval 1.000000
    [color_curve] step   50 loss 1.000000 |p| 0.01562 eval 1.000000
    [color_curve] step   60 loss 1.000000 |p| 0.01562 eval 1.000000
    [color_curve] step   70 loss 1.000000 |p| 0.01562 eval 1.000000
    [color_curve] step   80 loss 1.000000 |p| 0.01562 eval 1.000000
    [color_curve] early stop at step 80（連續 8 次評估未改善 > 0.0001）
  color_curve whole:sign   r=0.10  cos=1.0000 redetect=1.0 stop=early_stop@81
    [color_curve] step    0 loss 1.000000 |p| 0.01562 eval 1.000000
    [color_curve] step   10 loss 1.000000 |p| 0.01562 eval 1.000000
    [color_curve] step   20 loss 1.000000 |p| 0.01562 eval 1.000000
    [color_curve] step   30 loss 1.000000 |p| 0.01562 eval 1.000000
    [color_curve] step   40 loss 1.000000 |p| 0.01562 eval 1.000000
    [color_curve] step   50 loss 1.000000 |p| 0.01562 eval 1.000000
    [color_curve] step   60 loss 1.000000 |p| 0.01562 eval 1.000000
    [color_curve] step   70 loss 1.000000 |p| 0.01562 eval 1.000000
    [color_curve] step   80 loss 1.000000 |p| 0.01562 eval 1.000000
    [color_curve] early stop at step 80（連續 8 次評估未改善 > 0.0001）
  color_curve whole:sign   r=0.20  cos=1.0000 redetect=1.0 stop=early_stop@81
    [color_curve] step    0 loss 1.000000 |p| 0.01562 eval 1.000000
    [color_curve] step   10 loss 1.000000 |p| 0.01562 eval 1.000000
    [color_curve] step   20 loss 1.000000 |p| 0.01562 eval 1.000000
    [color_curve] step   30 loss 1.000000 |p| 0.01562 eval 1.000000
    [color_curve] step   40 loss 1.000000 |p| 0.01562 eval 1.000000
    [color_curve] step   50 loss 1.000000 |p| 0.01562 eval 1.000000
    [color_curve] step   60 loss 1.000000 |p| 0.01562 eval 1.000000
    [color_curve] step   70 loss 1.000000 |p| 0.01562 eval 1.000000
    [color_curve] step   80 loss 1.000000 |p| 0.01562 eval 1.000000
    [color_curve] early stop at step 80（連續 8 次評估未改善 > 0.0001）
  color_curve whole:sign   r=0.30  cos=1.0000 redetect=1.0 stop=early_stop@81
    [color_curve] step    0 loss 1.000000 |p| 0.01562 eval 1.000000
    [color_curve] step   10 loss 1.000000 |p| 0.01562 eval 1.000000
    [color_curve] step   20 loss 1.000000 |p| 0.01562 eval 1.000000
    [color_curve] step   30 loss 1.000000 |p| 0.01562 eval 1.000000
    [color_curve] step   40 loss 1.000000 |p| 0.01562 eval 1.000000
    [color_curve] step   50 loss 1.000000 |p| 0.01562 eval 1.000000
    [color_curve] step   60 loss 1.000000 |p| 0.01562 eval 1.000000
    [color_curve] step   70 loss 1.000000 |p| 0.01562 eval 1.000000
    [color_curve] step   80 loss 1.000000 |p| 0.01562 eval 1.000000
    [color_curve] early stop at step 80（連續 8 次評估未改善 > 0.0001）
  color_curve whole:sign   r=0.60  cos=1.0000 redetect=1.0 stop=early_stop@81
    [color_curve] step    0 loss 1.000000 |p| 0.01562 eval 1.000000
    [color_curve] step   10 loss 1.000000 |p| 0.01562 eval 1.000000
    [color_curve] step   20 loss 1.000000 |p| 0.01562 eval 1.000000
    [color_curve] step   30 loss 1.000000 |p| 0.01562 eval 1.000000
    [color_curve] step   40 loss 1.000000 |p| 0.01562 eval 1.000000
    [color_curve] step   50 loss 1.000000 |p| 0.01562 eval 1.000000
    [color_curve] step   60 loss 1.000000 |p| 0.01562 eval 1.000000
    [color_curve] step   70 loss 1.000000 |p| 0.01562 eval 1.000000
    [color_curve] step   80 loss 1.000000 |p| 0.01562 eval 1.000000
    [color_curve] early stop at step 80（連續 8 次評估未改善 > 0.0001）
  color_curve whole:sign   r=1.20  cos=1.0000 redetect=1.0 stop=early_stop@81
    [color_curve] step    0 loss 1.000000 |p| 0.01562 eval 1.000000
    [color_curve] step   10 loss 1.000000 |p| 0.01562 eval 1.000000
    [color_curve] step   20 loss 1.000000 |p| 0.01562 eval 1.000000
    [color_curve] step   30 loss 1.000000 |p| 0.01562 eval 1.000000
    [color_curve] step   40 loss 1.000000 |p| 0.01562 eval 1.000000
    [color_curve] step   50 loss 1.000000 |p| 0.01562 eval 1.000000
    [color_curve] step   60 loss 1.000000 |p| 0.01562 eval 1.000000
    [color_curve] step   70 loss 1.000000 |p| 0.01562 eval 1.000000
    [color_curve] step   80 loss 1.000000 |p| 0.01562 eval 1.000000
    [color_curve] early stop at step 80（連續 8 次評估未改善 > 0.0001）
  color_curve whole:sign   r=2.00  cos=1.0000 redetect=1.0 stop=early_stop@81
    [color_curve] step    0 loss 1.000000 |p| 0.01562 eval 1.000000
    [color_curve] step   10 loss 1.000000 |p| 0.01562 eval 1.000000
    [color_curve] step   20 loss 1.000000 |p| 0.01562 eval 1.000000
    [color_curve] step   30 loss 1.000000 |p| 0.01562 eval 1.000000
    [color_curve] step   40 loss 1.000000 |p| 0.01562 eval 1.000000
    [color_curve] step   50 loss 1.000000 |p| 0.01562 eval 1.000000
    [color_curve] step   60 loss 1.000000 |p| 0.01562 eval 1.000000
    [color_curve] step   70 loss 1.000000 |p| 0.01562 eval 1.000000
    [color_curve] step   80 loss 1.000000 |p| 0.01562 eval 1.000000
    [color_curve] early stop at step 80（連續 8 次評估未改善 > 0.0001）
  color_curve whole:adam   r=0.02  cos=1.0000 redetect=1.0 stop=early_stop@81
    [color_curve] step    0 loss 1.000000 |p| 0.01562 eval 1.000000
    [color_curve] step   10 loss 1.000000 |p| 0.01562 eval 1.000000
    [color_curve] step   20 loss 1.000000 |p| 0.01562 eval 1.000000
    [color_curve] step   30 loss 1.000000 |p| 0.01562 eval 1.000000
    [color_curve] step   40 loss 1.000000 |p| 0.01562 eval 1.000000
    [color_curve] step   50 loss 1.000000 |p| 0.01562 eval 1.000000
    [color_curve] step   60 loss 1.000000 |p| 0.01562 eval 1.000000
    [color_curve] step   70 loss 1.000000 |p| 0.01562 eval 1.000000
    [color_curve] step   80 loss 1.000000 |p| 0.01562 eval 1.000000
    [color_curve] early stop at step 80（連續 8 次評估未改善 > 0.0001）
  color_curve whole:adam   r=0.05  cos=1.0000 redetect=1.0 stop=early_stop@81
    [color_curve] step    0 loss 1.000000 |p| 0.01562 eval 1.000000
    [color_curve] step   10 loss 1.000000 |p| 0.01562 eval 1.000000
    [color_curve] step   20 loss 1.000000 |p| 0.01562 eval 1.000000
    [color_curve] step   30 loss 1.000000 |p| 0.01562 eval 1.000000
    [color_curve] step   40 loss 1.000000 |p| 0.01562 eval 1.000000
    [color_curve] step   50 loss 1.000000 |p| 0.01562 eval 1.000000
    [color_curve] step   60 loss 1.000000 |p| 0.01562 eval 1.000000
    [color_curve] step   70 loss 1.000000 |p| 0.01562 eval 1.000000
    [color_curve] step   80 loss 1.000000 |p| 0.01562 eval 1.000000
    [color_curve] early stop at step 80（連續 8 次評估未改善 > 0.0001）
  color_curve whole:adam   r=0.10  cos=1.0000 redetect=1.0 stop=early_stop@81
    [color_curve] step    0 loss 1.000000 |p| 0.01562 eval 1.000000
    [color_curve] step   10 loss 1.000000 |p| 0.01562 eval 1.000000
    [color_curve] step   20 loss 1.000000 |p| 0.01562 eval 1.000000
    [color_curve] step   30 loss 1.000000 |p| 0.01562 eval 1.000000
    [color_curve] step   40 loss 1.000000 |p| 0.01562 eval 1.000000
    [color_curve] step   50 loss 1.000000 |p| 0.01562 eval 1.000000
    [color_curve] step   60 loss 1.000000 |p| 0.01562 eval 1.000000
    [color_curve] step   70 loss 1.000000 |p| 0.01562 eval 1.000000
    [color_curve] step   80 loss 1.000000 |p| 0.01562 eval 1.000000
    [color_curve] early stop at step 80（連續 8 次評估未改善 > 0.0001）
  color_curve whole:adam   r=0.20  cos=1.0000 redetect=1.0 stop=early_stop@81
    [color_curve] step    0 loss 1.000000 |p| 0.01562 eval 1.000000
    [color_curve] step   10 loss 1.000000 |p| 0.01562 eval 1.000000
    [color_curve] step   20 loss 1.000000 |p| 0.01562 eval 1.000000
    [color_curve] step   30 loss 1.000000 |p| 0.01562 eval 1.000000
    [color_curve] step   40 loss 1.000000 |p| 0.01562 eval 1.000000
    [color_curve] step   50 loss 1.000000 |p| 0.01562 eval 1.000000
    [color_curve] step   60 loss 1.000000 |p| 0.01562 eval 1.000000
    [color_curve] step   70 loss 1.000000 |p| 0.01562 eval 1.000000
    [color_curve] step   80 loss 1.000000 |p| 0.01562 eval 1.000000
    [color_curve] early stop at step 80（連續 8 次評估未改善 > 0.0001）
  color_curve whole:adam   r=0.30  cos=1.0000 redetect=1.0 stop=early_stop@81
    [color_curve] step    0 loss 1.000000 |p| 0.01562 eval 1.000000
    [color_curve] step   10 loss 1.000000 |p| 0.01562 eval 1.000000
    [color_curve] step   20 loss 1.000000 |p| 0.01562 eval 1.000000
    [color_curve] step   30 loss 1.000000 |p| 0.01562 eval 1.000000
    [color_curve] step   40 loss 1.000000 |p| 0.01562 eval 1.000000
    [color_curve] step   50 loss 1.000000 |p| 0.01562 eval 1.000000
    [color_curve] step   60 loss 1.000000 |p| 0.01562 eval 1.000000
    [color_curve] step   70 loss 1.000000 |p| 0.01562 eval 1.000000
    [color_curve] step   80 loss 1.000000 |p| 0.01562 eval 1.000000
    [color_curve] early stop at step 80（連續 8 次評估未改善 > 0.0001）
  color_curve whole:adam   r=0.60  cos=1.0000 redetect=1.0 stop=early_stop@81
    [color_curve] step    0 loss 1.000000 |p| 0.01562 eval 1.000000
    [color_curve] step   10 loss 1.000000 |p| 0.01562 eval 1.000000
    [color_curve] step   20 loss 1.000000 |p| 0.01562 eval 1.000000
    [color_curve] step   30 loss 1.000000 |p| 0.01562 eval 1.000000
    [color_curve] step   40 loss 1.000000 |p| 0.01562 eval 1.000000
    [color_curve] step   50 loss 1.000000 |p| 0.01562 eval 1.000000
    [color_curve] step   60 loss 1.000000 |p| 0.01562 eval 1.000000
    [color_curve] step   70 loss 1.000000 |p| 0.01562 eval 1.000000
    [color_curve] step   80 loss 1.000000 |p| 0.01562 eval 1.000000
    [color_curve] early stop at step 80（連續 8 次評估未改善 > 0.0001）
  color_curve whole:adam   r=1.20  cos=1.0000 redetect=1.0 stop=early_stop@81
    [color_curve] step    0 loss 1.000000 |p| 0.01562 eval 1.000000
    [color_curve] step   10 loss 1.000000 |p| 0.01562 eval 1.000000
    [color_curve] step   20 loss 1.000000 |p| 0.01562 eval 1.000000
    [color_curve] step   30 loss 1.000000 |p| 0.01562 eval 1.000000
    [color_curve] step   40 loss 1.000000 |p| 0.01562 eval 1.000000
    [color_curve] step   50 loss 1.000000 |p| 0.01562 eval 1.000000
    [color_curve] step   60 loss 1.000000 |p| 0.01562 eval 1.000000
    [color_curve] step   70 loss 1.000000 |p| 0.01562 eval 1.000000
    [color_curve] step   80 loss 1.000000 |p| 0.01562 eval 1.000000
    [color_curve] early stop at step 80（連續 8 次評估未改善 > 0.0001）
  color_curve whole:adam   r=2.00  cos=1.0000 redetect=1.0 stop=early_stop@81
  color_curve whole:rand   r=0.02  cos=1.0000 redetect=0.98076 stop=no_params@0
  color_curve whole:rand   r=0.05  cos=0.9999 redetect=0.98098 stop=no_params@0
  color_curve whole:rand   r=0.10  cos=0.9996 redetect=0.98214 stop=no_params@0
  color_curve whole:rand   r=0.20  cos=0.9983 redetect=0.98142 stop=no_params@0
  color_curve whole:rand   r=0.30  cos=0.9963 redetect=0.98432 stop=no_params@0
  color_curve whole:rand   r=0.60  cos=0.9872 redetect=0.97575 stop=no_params@0
  color_curve whole:rand   r=1.20  cos=0.9705 redetect=0.96668 stop=no_params@0
  color_curve whole:rand   r=2.00  cos=0.9594 redetect=0.94477 stop=no_params@0
[task_obj_remove_257910] box=(198, 97, 272, 196) verify_cos=0.99989
    [color_grid] step    0 loss 1.000000 |p| 0.25001 eval 0.999990
    [color_grid] step   10 loss 0.998745 |p| 0.25008 eval 0.998475
    [color_grid] step   20 loss 0.994915 |p| 0.25016 eval 0.994422
    [color_grid] step   30 loss 0.988364 |p| 0.25023 eval 0.987540
    [color_grid] step   40 loss 0.978861 |p| 0.25030 eval 0.977802
    [color_grid] step   50 loss 0.966659 |p| 0.25036 eval 0.965217
    [color_grid] step   60 loss 0.951766 |p| 0.25043 eval 0.950183
    [color_grid] step   70 loss 0.935162 |p| 0.25049 eval 0.933455
    [color_grid] step   80 loss 0.916706 |p| 0.25055 eval 0.914766
    [color_grid] step   90 loss 0.896518 |p| 0.25061 eval 0.894284
    [color_grid] step  100 loss 0.875971 |p| 0.25067 eval 0.875427
    [color_grid] step  110 loss 0.872384 |p| 0.25068 eval 0.872070
    [color_grid] step  120 loss 0.869850 |p| 0.25069 eval 0.869651
    [color_grid] step  130 loss 0.867480 |p| 0.25070 eval 0.867307
    [color_grid] step  140 loss 0.865425 |p| 0.25071 eval 0.865215
    [color_grid] step  150 loss 0.863444 |p| 0.25072 eval 0.863319
    [color_grid] step  160 loss 0.861658 |p| 0.25073 eval 0.861494
    [color_grid] step  170 loss 0.860256 |p| 0.25074 eval 0.860246
    [color_grid] step  180 loss 0.859380 |p| 0.25074 eval 0.859259
    [color_grid] step  190 loss 0.858544 |p| 0.25075 eval 0.858422
    [color_grid] step  200 loss 0.857853 |p| 0.25075 eval 0.857841
    [color_grid] step  210 loss 0.857150 |p| 0.25075 eval 0.857116
    [color_grid] step  220 loss 0.856496 |p| 0.25075 eval 0.856404
    [color_grid] step  230 loss 0.855919 |p| 0.25076 eval 0.855813
    [color_grid] step  240 loss 0.855303 |p| 0.25076 eval 0.855328
    [color_grid] step  250 loss 0.854823 |p| 0.25076 eval 0.854686
    [color_grid] step  260 loss 0.854292 |p| 0.25076 eval 0.854298
    [color_grid] step  270 loss 0.853858 |p| 0.25076 eval 0.853731
    [color_grid] step  280 loss 0.853367 |p| 0.25076 eval 0.853294
    [color_grid] step  290 loss 0.852976 |p| 0.25076 eval 0.852891
    [color_grid] step  300 loss 0.852576 |p| 0.25076 eval 0.852540
    [color_grid] step  310 loss 0.851969 |p| 0.25076 eval 0.851959
    [color_grid] step  320 loss 0.851607 |p| 0.25076 eval 0.851503
    [color_grid] step  330 loss 0.851066 |p| 0.25076 eval 0.850965
    [color_grid] step  340 loss 0.850425 |p| 0.25076 eval 0.850355
    [color_grid] step  350 loss 0.849739 |p| 0.25076 eval 0.849621
    [color_grid] step  360 loss 0.848946 |p| 0.25076 eval 0.848902
    [color_grid] step  370 loss 0.848579 |p| 0.25076 eval 0.848488
    [color_grid] step  380 loss 0.848222 |p| 0.25076 eval 0.848266
    [color_grid] step  390 loss 0.847982 |p| 0.25076 eval 0.847970
    [color_grid] step  399 loss 0.847825 |p| 0.25076 eval 0.847835
  color_grid  whole:sign   r=0.02  cos=0.8478 redetect=0.85466 stop=max_steps@400
    [color_grid] step    0 loss 1.000000 |p| 0.25002 eval 0.999938
    [color_grid] step   10 loss 0.992520 |p| 0.25020 eval 0.990820
    [color_grid] step   20 loss 0.968221 |p| 0.25037 eval 0.964750
    [color_grid] step   30 loss 0.927594 |p| 0.25053 eval 0.922856
    [color_grid] step   40 loss 0.877095 |p| 0.25068 eval 0.872058
    [color_grid] step   50 loss 0.825990 |p| 0.25082 eval 0.820793
    [color_grid] step   60 loss 0.775952 |p| 0.25096 eval 0.771018
    [color_grid] step   70 loss 0.727470 |p| 0.25106 eval 0.722347
    [color_grid] step   80 loss 0.677370 |p| 0.25116 eval 0.672637
    [color_grid] step   90 loss 0.627635 |p| 0.25126 eval 0.622359
    [color_grid] step  100 loss 0.572959 |p| 0.25133 eval 0.570224
    [color_grid] step  110 loss 0.546906 |p| 0.25136 eval 0.544198
    [color_grid] step  120 loss 0.522576 |p| 0.25140 eval 0.520480
    [color_grid] step  130 loss 0.502744 |p| 0.25145 eval 0.501188
    [color_grid] step  140 loss 0.487710 |p| 0.25150 eval 0.486530
    [color_grid] step  150 loss 0.473984 |p| 0.25154 eval 0.472673
    [color_grid] step  160 loss 0.462300 |p| 0.25158 eval 0.461308
    [color_grid] step  170 loss 0.451660 |p| 0.25162 eval 0.450417
    [color_grid] step  180 loss 0.438481 |p| 0.25166 eval 0.436947
    [color_grid] step  190 loss 0.425368 |p| 0.25170 eval 0.424109
    [color_grid] step  200 loss 0.414834 |p| 0.25173 eval 0.413567
    [color_grid] step  210 loss 0.403194 |p| 0.25176 eval 0.401758
    [color_grid] step  220 loss 0.390114 |p| 0.25178 eval 0.389002
    [color_grid] step  230 loss 0.379812 |p| 0.25179 eval 0.378511
    [color_grid] step  240 loss 0.368862 |p| 0.25181 eval 0.367615
    [color_grid] step  250 loss 0.358505 |p| 0.25181 eval 0.357336
    [color_grid] step  260 loss 0.345038 |p| 0.25182 eval 0.343435
    [color_grid] step  270 loss 0.329333 |p| 0.25182 eval 0.328022
    [color_grid] step  280 loss 0.314297 |p| 0.25182 eval 0.312704
    [color_grid] step  290 loss 0.298493 |p| 0.25182 eval 0.297041
    [color_grid] step  300 loss 0.283357 |p| 0.25182 eval 0.282075
    [color_grid] step  310 loss 0.270624 |p| 0.25182 eval 0.269439
    [color_grid] step  320 loss 0.258587 |p| 0.25182 eval 0.257339
    [color_grid] step  330 loss 0.247700 |p| 0.25183 eval 0.246926
    [color_grid] step  340 loss 0.238824 |p| 0.25183 eval 0.238262
    [color_grid] step  350 loss 0.231461 |p| 0.25183 eval 0.230993
    [color_grid] step  360 loss 0.225366 |p| 0.25183 eval 0.224733
    [color_grid] step  370 loss 0.219458 |p| 0.25183 eval 0.218985
    [color_grid] step  380 loss 0.214118 |p| 0.25184 eval 0.213901
    [color_grid] step  390 loss 0.209784 |p| 0.25183 eval 0.209394
    [color_grid] step  399 loss 0.205755 |p| 0.25183 eval 0.205320
  color_grid  whole:sign   r=0.05  cos=0.2053 redetect=0.31828 stop=max_steps@400
    [color_grid] step    0 loss 1.000000 |p| 0.25004 eval 0.999751
    [color_grid] step   10 loss 0.969491 |p| 0.25038 eval 0.962509
    [color_grid] step   20 loss 0.877624 |p| 0.25070 eval 0.867433
    [color_grid] step   30 loss 0.777260 |p| 0.25097 eval 0.768103
    [color_grid] step   40 loss 0.682398 |p| 0.25117 eval 0.673241
    [color_grid] step   50 loss 0.581283 |p| 0.25135 eval 0.570272
    [color_grid] step   60 loss 0.465079 |p| 0.25153 eval 0.452850
    [color_grid] step   70 loss 0.339809 |p| 0.25172 eval 0.326454
    [color_grid] step   80 loss 0.198797 |p| 0.25192 eval 0.184095
    [color_grid] step   90 loss 0.045789 |p| 0.25212 eval 0.030943
    [color_grid] step  100 loss -0.077639 |p| 0.25229 eval -0.083914
    [color_grid] step  110 loss -0.122811 |p| 0.25237 eval -0.126344
    [color_grid] step  120 loss -0.154692 |p| 0.25246 eval -0.157440
    [color_grid] step  130 loss -0.174537 |p| 0.25253 eval -0.175509
    [color_grid] step  140 loss -0.185935 |p| 0.25259 eval -0.187054
    [color_grid] step  150 loss -0.198111 |p| 0.25264 eval -0.198697
    [color_grid] step  160 loss -0.209275 |p| 0.25268 eval -0.210160
    [color_grid] step  170 loss -0.221735 |p| 0.25272 eval -0.223216
    [color_grid] step  180 loss -0.233454 |p| 0.25277 eval -0.234525
    [color_grid] step  190 loss -0.246603 |p| 0.25281 eval -0.248058
    [color_grid] step  200 loss -0.259474 |p| 0.25284 eval -0.260257
    [color_grid] step  210 loss -0.271320 |p| 0.25287 eval -0.272225
    [color_grid] step  220 loss -0.281132 |p| 0.25289 eval -0.281440
    [color_grid] step  230 loss -0.289769 |p| 0.25290 eval -0.290683
    [color_grid] step  240 loss -0.294528 |p| 0.25293 eval -0.295473
    [color_grid] step  250 loss -0.298064 |p| 0.25297 eval -0.298540
    [color_grid] step  260 loss -0.300870 |p| 0.25300 eval -0.301687
    [color_grid] step  270 loss -0.304144 |p| 0.25304 eval -0.305147
    [color_grid] step  280 loss -0.306745 |p| 0.25307 eval -0.307555
    [color_grid] step  290 loss -0.308574 |p| 0.25310 eval -0.309464
    [color_grid] step  300 loss -0.312134 |p| 0.25312 eval -0.313166
    [color_grid] step  310 loss -0.316261 |p| 0.25313 eval -0.316834
    [color_grid] step  320 loss -0.320423 |p| 0.25315 eval -0.320927
    [color_grid] step  330 loss -0.323206 |p| 0.25317 eval -0.323587
    [color_grid] step  340 loss -0.325933 |p| 0.25318 eval -0.325883
    [color_grid] step  350 loss -0.326852 |p| 0.25319 eval -0.327043
    [color_grid] step  360 loss -0.327834 |p| 0.25320 eval -0.328706
    [color_grid] step  370 loss -0.330433 |p| 0.25321 eval -0.330969
    [color_grid] step  380 loss -0.331647 |p| 0.25321 eval -0.333358
    [color_grid] step  390 loss -0.334082 |p| 0.25322 eval -0.334953
    [color_grid] step  399 loss -0.338460 |p| 0.25321 eval -0.338182
  color_grid  whole:sign   r=0.10  cos=-0.3382 redetect=None stop=max_steps@400
    [color_grid] step    0 loss 1.000000 |p| 0.25008 eval 0.999078
    [color_grid] step   10 loss 0.887117 |p| 0.25072 eval 0.866577
    [color_grid] step   20 loss 0.696419 |p| 0.25118 eval 0.678668
    [color_grid] step   30 loss 0.491261 |p| 0.25157 eval 0.469962
    [color_grid] step   40 loss 0.267031 |p| 0.25200 eval 0.245434
    [color_grid] step   50 loss 0.016652 |p| 0.25238 eval -0.007995
    [color_grid] step   60 loss -0.158885 |p| 0.25261 eval -0.168817
    [color_grid] step   70 loss -0.234616 |p| 0.25278 eval -0.242417
    [color_grid] step   80 loss -0.305070 |p| 0.25296 eval -0.309383
    [color_grid] step   90 loss -0.376331 |p| 0.25309 eval -0.382833
    [color_grid] step  100 loss -0.471925 |p| 0.25323 eval -0.480447
    [color_grid] step  110 loss -0.544681 |p| 0.25332 eval -0.547712
    [color_grid] step  120 loss -0.573175 |p| 0.25343 eval -0.575926
    [color_grid] step  130 loss -0.588556 |p| 0.25356 eval -0.589905
    [color_grid] step  140 loss -0.600579 |p| 0.25370 eval -0.599181
    [color_grid] step  150 loss -0.610767 |p| 0.25386 eval -0.610295
    [color_grid] step  160 loss -0.620193 |p| 0.25400 eval -0.618857
    [color_grid] step  170 loss -0.625845 |p| 0.25414 eval -0.623676
    [color_grid] step  180 loss -0.632509 |p| 0.25429 eval -0.627217
    [color_grid] step  190 loss -0.635596 |p| 0.25438 eval -0.630093
    [color_grid] step  200 loss -0.637414 |p| 0.25447 eval -0.631055
    [color_grid] step  210 loss -0.638323 |p| 0.25455 eval -0.632529
    [color_grid] step  220 loss -0.639640 |p| 0.25465 eval -0.634848
    [color_grid] step  230 loss -0.640103 |p| 0.25473 eval -0.636339
    [color_grid] step  240 loss -0.642085 |p| 0.25479 eval -0.638164
    [color_grid] step  250 loss -0.643319 |p| 0.25486 eval -0.639215
    [color_grid] step  260 loss -0.644029 |p| 0.25490 eval -0.640147
    [color_grid] step  270 loss -0.644571 |p| 0.25493 eval -0.640557
    [color_grid] step  280 loss -0.645463 |p| 0.25497 eval -0.640919
    [color_grid] step  290 loss -0.646351 |p| 0.25500 eval -0.641401
    [color_grid] step  300 loss -0.646935 |p| 0.25502 eval -0.643365
    [color_grid] step  310 loss -0.648149 |p| 0.25505 eval -0.643881
    [color_grid] step  320 loss -0.648821 |p| 0.25508 eval -0.644940
    [color_grid] step  330 loss -0.650190 |p| 0.25511 eval -0.645759
    [color_grid] step  340 loss -0.650686 |p| 0.25514 eval -0.646262
    [color_grid] step  350 loss -0.651078 |p| 0.25518 eval -0.646919
    [color_grid] step  360 loss -0.651194 |p| 0.25521 eval -0.647619
    [color_grid] step  370 loss -0.651712 |p| 0.25524 eval -0.648658
    [color_grid] step  380 loss -0.651976 |p| 0.25525 eval -0.651166
    [color_grid] step  390 loss -0.653217 |p| 0.25527 eval -0.653198
    [color_grid] step  399 loss -0.654735 |p| 0.25530 eval -0.656030
  color_grid  whole:sign   r=0.20  cos=-0.6560 redetect=None stop=max_steps@400
    [color_grid] step    0 loss 1.000000 |p| 0.25013 eval 0.998039
    [color_grid] step   10 loss 0.773625 |p| 0.25099 eval 0.742931
    [color_grid] step   20 loss 0.473328 |p| 0.25155 eval 0.445077
    [color_grid] step   30 loss 0.211903 |p| 0.25215 eval 0.186623
    [color_grid] step   40 loss -0.004001 |p| 0.25261 eval -0.026221
    [color_grid] step   50 loss -0.211993 |p| 0.25288 eval -0.223869
    [color_grid] step   60 loss -0.298753 |p| 0.25313 eval -0.295850
    [color_grid] step   70 loss -0.337642 |p| 0.25338 eval -0.335765
    [color_grid] step   80 loss -0.392339 |p| 0.25361 eval -0.404287
    [color_grid] step   90 loss -0.440221 |p| 0.25386 eval -0.448928
    [color_grid] step  100 loss -0.476118 |p| 0.25418 eval -0.482337
    [color_grid] step  110 loss -0.512537 |p| 0.25440 eval -0.518129
    [color_grid] step  120 loss -0.546069 |p| 0.25459 eval -0.550218
    [color_grid] step  130 loss -0.576313 |p| 0.25475 eval -0.580681
    [color_grid] step  140 loss -0.591313 |p| 0.25488 eval -0.595531
    [color_grid] step  150 loss -0.599348 |p| 0.25499 eval -0.603659
    [color_grid] step  160 loss -0.605346 |p| 0.25513 eval -0.610285
    [color_grid] step  170 loss -0.612107 |p| 0.25530 eval -0.615609
    [color_grid] step  180 loss -0.615805 |p| 0.25543 eval -0.618592
    [color_grid] step  190 loss -0.617507 |p| 0.25556 eval -0.620441
    [color_grid] step  200 loss -0.619388 |p| 0.25567 eval -0.622311
    [color_grid] step  210 loss -0.620279 |p| 0.25576 eval -0.624031
    [color_grid] step  220 loss -0.621636 |p| 0.25585 eval -0.625361
    [color_grid] step  230 loss -0.622682 |p| 0.25593 eval -0.627145
    [color_grid] step  240 loss -0.624968 |p| 0.25601 eval -0.628633
    [color_grid] step  250 loss -0.626073 |p| 0.25608 eval -0.630071
    [color_grid] step  260 loss -0.627257 |p| 0.25614 eval -0.632150
    [color_grid] step  270 loss -0.627868 |p| 0.25622 eval -0.634127
    [color_grid] step  280 loss -0.629022 |p| 0.25628 eval -0.635089
    [color_grid] step  290 loss -0.629344 |p| 0.25633 eval -0.635907
    [color_grid] step  300 loss -0.629381 |p| 0.25639 eval -0.636221
    [color_grid] step  310 loss -0.629417 |p| 0.25644 eval -0.636334
    [color_grid] step  320 loss -0.628983 |p| 0.25647 eval -0.636960
    [color_grid] step  330 loss -0.629545 |p| 0.25650 eval -0.637648
    [color_grid] step  340 loss -0.629790 |p| 0.25653 eval -0.638049
    [color_grid] step  350 loss -0.630145 |p| 0.25654 eval -0.638084
    [color_grid] step  360 loss -0.630007 |p| 0.25656 eval -0.638713
    [color_grid] step  370 loss -0.630275 |p| 0.25657 eval -0.638994
    [color_grid] step  380 loss -0.630406 |p| 0.25659 eval -0.639217
    [color_grid] step  390 loss -0.630596 |p| 0.25661 eval -0.639428
    [color_grid] step  399 loss -0.639516 |p| 0.25662 eval -0.630598
  color_grid  whole:sign   r=0.30  cos=-0.6306 redetect=None stop=max_steps@400
    [color_grid] step    0 loss 1.000000 |p| 0.25025 eval 0.992453
    [color_grid] step   10 loss 0.488689 |p| 0.25160 eval 0.436537
    [color_grid] step   20 loss 0.031433 |p| 0.25265 eval -0.011427
    [color_grid] step   30 loss -0.265124 |p| 0.25323 eval -0.281140
    [color_grid] step   40 loss -0.370133 |p| 0.25371 eval -0.384685
    [color_grid] step   50 loss -0.454341 |p| 0.25423 eval -0.479966
    [color_grid] step   60 loss -0.498834 |p| 0.25463 eval -0.534391
    [color_grid] step   70 loss -0.546579 |p| 0.25515 eval -0.574487
    [color_grid] step   80 loss -0.578117 |p| 0.25559 eval -0.599936
    [color_grid] step   90 loss -0.634294 |p| 0.25600 eval -0.623948
    [color_grid] step  100 loss -0.650940 |p| 0.25632 eval -0.657015
    [color_grid] step  110 loss -0.658404 |p| 0.25659 eval -0.663106
    [color_grid] step  120 loss -0.675639 |p| 0.25683 eval -0.674842
    [color_grid] step  130 loss -0.686277 |p| 0.25706 eval -0.673671
    [color_grid] step  140 loss -0.693213 |p| 0.25733 eval -0.695639
    [color_grid] step  150 loss -0.696415 |p| 0.25758 eval -0.699511
    [color_grid] step  160 loss -0.705525 |p| 0.25783 eval -0.693851
    [color_grid] step  170 loss -0.704319 |p| 0.25811 eval -0.716189
    [color_grid] step  180 loss -0.712873 |p| 0.25840 eval -0.707268
    [color_grid] step  190 loss -0.721994 |p| 0.25871 eval -0.721619
    [color_grid] step  200 loss -0.731787 |p| 0.25898 eval -0.734978
    [color_grid] step  210 loss -0.749215 |p| 0.25922 eval -0.750657
    [color_grid] step  220 loss -0.754869 |p| 0.25938 eval -0.744721
    [color_grid] step  230 loss -0.759573 |p| 0.25954 eval -0.753069
    [color_grid] step  240 loss -0.762300 |p| 0.25967 eval -0.758330
    [color_grid] step  250 loss -0.769278 |p| 0.25990 eval -0.764268
    [color_grid] step  260 loss -0.768475 |p| 0.26010 eval -0.771122
    [color_grid] step  270 loss -0.777881 |p| 0.26020 eval -0.781800
    [color_grid] step  280 loss -0.780604 |p| 0.26031 eval -0.777071
    [color_grid] step  290 loss -0.783759 |p| 0.26041 eval -0.779640
    [color_grid] step  300 loss -0.785512 |p| 0.26051 eval -0.781284
    [color_grid] step  310 loss -0.786377 |p| 0.26065 eval -0.783433
    [color_grid] step  320 loss -0.787934 |p| 0.26066 eval -0.785726
    [color_grid] step  330 loss -0.789544 |p| 0.26071 eval -0.787552
    [color_grid] step  340 loss -0.791094 |p| 0.26073 eval -0.788509
    [color_grid] step  350 loss -0.795379 |p| 0.26077 eval -0.792028
    [color_grid] step  360 loss -0.799036 |p| 0.26078 eval -0.798219
    [color_grid] step  370 loss -0.805681 |p| 0.26081 eval -0.797995
    [color_grid] step  380 loss -0.804842 |p| 0.26079 eval -0.797236
    [color_grid] step  390 loss -0.805532 |p| 0.26083 eval -0.800616
    [color_grid] step  399 loss -0.800504 |p| 0.26086 eval -0.806940
  color_grid  whole:sign   r=0.60  cos=-0.8069 redetect=None stop=max_steps@400
    [color_grid] step    0 loss 1.000000 |p| 0.25051 eval 0.971022
    [color_grid] step   10 loss 0.087618 |p| 0.25265 eval 0.018823
    [color_grid] step   20 loss -0.288537 |p| 0.25353 eval -0.274850
    [color_grid] step   30 loss -0.343905 |p| 0.25454 eval -0.363355
    [color_grid] step   40 loss -0.363441 |p| 0.25554 eval -0.400144
    [color_grid] step   50 loss -0.377240 |p| 0.25653 eval -0.420483
    [color_grid] step   60 loss -0.392103 |p| 0.25737 eval -0.451257
    [color_grid] step   70 loss -0.426432 |p| 0.25821 eval -0.478760
    [color_grid] step   80 loss -0.466068 |p| 0.25910 eval -0.517797
    [color_grid] step   90 loss -0.513666 |p| 0.25970 eval -0.558510
    [color_grid] step  100 loss -0.617615 |p| 0.26019 eval -0.630945
    [color_grid] step  110 loss -0.623571 |p| 0.26053 eval -0.649899
    [color_grid] step  120 loss -0.678904 |p| 0.26108 eval -0.682943
    [color_grid] step  130 loss -0.696480 |p| 0.26140 eval -0.694194
    [color_grid] step  140 loss -0.706379 |p| 0.26170 eval -0.715890
    [color_grid] step  150 loss -0.715082 |p| 0.26190 eval -0.755291
    [color_grid] step  160 loss -0.775017 |p| 0.26209 eval -0.796143
    [color_grid] step  170 loss -0.807567 |p| 0.26236 eval -0.793891
    [color_grid] step  180 loss -0.814902 |p| 0.26261 eval -0.824693
    [color_grid] step  190 loss -0.842423 |p| 0.26298 eval -0.815768
    [color_grid] step  200 loss -0.841788 |p| 0.26332 eval -0.833322
    [color_grid] step  210 loss -0.845073 |p| 0.26345 eval -0.849482
    [color_grid] step  220 loss -0.854127 |p| 0.26363 eval -0.847595
    [color_grid] step  230 loss -0.873323 |p| 0.26374 eval -0.830104
    [color_grid] step  240 loss -0.886286 |p| 0.26402 eval -0.862428
    [color_grid] step  250 loss -0.893032 |p| 0.26414 eval -0.873538
    [color_grid] step  260 loss -0.885058 |p| 0.26427 eval -0.894806
    [color_grid] step  270 loss -0.890212 |p| 0.26440 eval -0.861950
    [color_grid] step  280 loss -0.902088 |p| 0.26458 eval -0.874815
    [color_grid] step  290 loss -0.908904 |p| 0.26489 eval -0.865200
    [color_grid] step  300 loss -0.914974 |p| 0.26500 eval -0.877136
    [color_grid] step  310 loss -0.903717 |p| 0.26514 eval -0.889348
    [color_grid] step  320 loss -0.901028 |p| 0.26515 eval -0.887642
    [color_grid] step  330 loss -0.903733 |p| 0.26536 eval -0.870110
    [color_grid] step  340 loss -0.888332 |p| 0.26539 eval -0.877495
    [color_grid] early stop at step 340（連續 8 次評估未改善 > 0.0001）
  color_grid  whole:sign   r=1.20  cos=-0.8775 redetect=-0.3221 stop=early_stop@341
    [color_grid] step    0 loss 1.000000 |p| 0.25085 eval 0.925613
    [color_grid] step   10 loss -0.171534 |p| 0.25331 eval -0.215710
    [color_grid] step   20 loss -0.350469 |p| 0.25452 eval -0.398632
    [color_grid] step   30 loss -0.512618 |p| 0.25575 eval -0.447930
    [color_grid] step   40 loss -0.557501 |p| 0.25684 eval -0.484380
    [color_grid] step   50 loss -0.571225 |p| 0.25796 eval -0.565721
    [color_grid] step   60 loss -0.571457 |p| 0.25864 eval -0.575082
    [color_grid] step   70 loss -0.609549 |p| 0.25967 eval -0.587277
    [color_grid] step   80 loss -0.629721 |p| 0.26084 eval -0.585474
    [color_grid] step   90 loss -0.647833 |p| 0.26197 eval -0.601074
    [color_grid] step  100 loss -0.653519 |p| 0.26310 eval -0.606949
    [color_grid] step  110 loss -0.649218 |p| 0.26432 eval -0.605533
    [color_grid] step  120 loss -0.657401 |p| 0.26527 eval -0.618057
    [color_grid] step  130 loss -0.663394 |p| 0.26602 eval -0.626312
    [color_grid] step  140 loss -0.671973 |p| 0.26676 eval -0.627537
    [color_grid] step  150 loss -0.668955 |p| 0.26755 eval -0.632389
    [color_grid] step  160 loss -0.681307 |p| 0.26817 eval -0.634990
    [color_grid] step  170 loss -0.653851 |p| 0.26891 eval -0.675323
    [color_grid] step  180 loss -0.645289 |p| 0.26944 eval -0.683772
    [color_grid] step  190 loss -0.653491 |p| 0.27019 eval -0.687493
    [color_grid] step  200 loss -0.658690 |p| 0.27080 eval -0.697975
    [color_grid] step  210 loss -0.668491 |p| 0.27153 eval -0.688256
    [color_grid] step  220 loss -0.669017 |p| 0.27191 eval -0.692999
    [color_grid] step  230 loss -0.671758 |p| 0.27240 eval -0.695660
    [color_grid] step  240 loss -0.678377 |p| 0.27289 eval -0.688633
    [color_grid] step  250 loss -0.682551 |p| 0.27331 eval -0.695778
    [color_grid] step  260 loss -0.681956 |p| 0.27374 eval -0.694733
    [color_grid] step  270 loss -0.681713 |p| 0.27410 eval -0.700829
    [color_grid] step  280 loss -0.679377 |p| 0.27444 eval -0.705884
    [color_grid] step  290 loss -0.680938 |p| 0.27490 eval -0.707774
    [color_grid] step  300 loss -0.683221 |p| 0.27536 eval -0.703429
    [color_grid] step  310 loss -0.685419 |p| 0.27568 eval -0.703759
    [color_grid] step  320 loss -0.682369 |p| 0.27605 eval -0.708581
    [color_grid] step  330 loss -0.683964 |p| 0.27639 eval -0.707709
    [color_grid] step  340 loss -0.687982 |p| 0.27653 eval -0.706732
    [color_grid] step  350 loss -0.688315 |p| 0.27675 eval -0.706123
    [color_grid] step  360 loss -0.688855 |p| 0.27709 eval -0.710717
    [color_grid] step  370 loss -0.691159 |p| 0.27742 eval -0.711353
    [color_grid] step  380 loss -0.692013 |p| 0.27775 eval -0.710115
    [color_grid] step  390 loss -0.692577 |p| 0.27798 eval -0.712296
    [color_grid] step  399 loss -0.711811 |p| 0.27803 eval -0.692997
  color_grid  whole:sign   r=2.00  cos=-0.6930 redetect=None stop=max_steps@400
    [color_grid] step    0 loss 1.000000 |p| 0.25001 eval 0.999990
    [color_grid] step   10 loss 0.998979 |p| 0.25007 eval 0.998741
    [color_grid] step   20 loss 0.995130 |p| 0.25015 eval 0.994541
    [color_grid] step   30 loss 0.987085 |p| 0.25024 eval 0.986020
    [color_grid] step   40 loss 0.973902 |p| 0.25032 eval 0.972329
    [color_grid] step   50 loss 0.954271 |p| 0.25041 eval 0.951971
    [color_grid] step   60 loss 0.929753 |p| 0.25051 eval 0.927017
    [color_grid] step   70 loss 0.900525 |p| 0.25060 eval 0.897392
    [color_grid] step   80 loss 0.877392 |p| 0.25067 eval 0.876618
    [color_grid] step   90 loss 0.871774 |p| 0.25069 eval 0.871401
    [color_grid] step  100 loss 0.868124 |p| 0.25071 eval 0.867814
    [color_grid] step  110 loss 0.865274 |p| 0.25072 eval 0.864879
    [color_grid] step  120 loss 0.863003 |p| 0.25072 eval 0.862824
    [color_grid] step  130 loss 0.861573 |p| 0.25073 eval 0.861377
    [color_grid] step  140 loss 0.860407 |p| 0.25074 eval 0.860253
    [color_grid] step  150 loss 0.859613 |p| 0.25075 eval 0.859560
    [color_grid] step  160 loss 0.859158 |p| 0.25075 eval 0.859115
    [color_grid] step  170 loss 0.858731 |p| 0.25076 eval 0.858676
    [color_grid] step  180 loss 0.858271 |p| 0.25076 eval 0.858353
    [color_grid] step  190 loss 0.858020 |p| 0.25076 eval 0.857980
    [color_grid] step  200 loss 0.857728 |p| 0.25076 eval 0.857725
    [color_grid] step  210 loss 0.857629 |p| 0.25077 eval 0.857635
    [color_grid] step  220 loss 0.857473 |p| 0.25077 eval 0.857453
    [color_grid] step  230 loss 0.857304 |p| 0.25077 eval 0.857362
    [color_grid] step  240 loss 0.857166 |p| 0.25077 eval 0.857287
    [color_grid] step  250 loss 0.857097 |p| 0.25077 eval 0.857008
    [color_grid] step  260 loss 0.856664 |p| 0.25077 eval 0.856560
    [color_grid] step  270 loss 0.856307 |p| 0.25077 eval 0.856263
    [color_grid] step  280 loss 0.855916 |p| 0.25077 eval 0.855856
    [color_grid] step  290 loss 0.855168 |p| 0.25077 eval 0.855108
    [color_grid] step  300 loss 0.854282 |p| 0.25077 eval 0.854195
    [color_grid] step  310 loss 0.853341 |p| 0.25077 eval 0.853209
    [color_grid] step  320 loss 0.852594 |p| 0.25077 eval 0.852551
    [color_grid] step  330 loss 0.851804 |p| 0.25077 eval 0.851745
    [color_grid] step  340 loss 0.850785 |p| 0.25077 eval 0.850604
    [color_grid] step  350 loss 0.849735 |p| 0.25077 eval 0.849646
    [color_grid] step  360 loss 0.848765 |p| 0.25077 eval 0.848606
    [color_grid] step  370 loss 0.848261 |p| 0.25076 eval 0.848268
    [color_grid] step  380 loss 0.848053 |p| 0.25076 eval 0.848028
    [color_grid] step  390 loss 0.847902 |p| 0.25076 eval 0.847859
    [color_grid] step  399 loss 0.847772 |p| 0.25076 eval 0.847743
  color_grid  whole:adam   r=0.02  cos=0.8477 redetect=0.84516 stop=max_steps@400
    [color_grid] step    0 loss 1.000000 |p| 0.25002 eval 0.999938
    [color_grid] step   10 loss 0.993933 |p| 0.25018 eval 0.992470
    [color_grid] step   20 loss 0.970008 |p| 0.25036 eval 0.966304
    [color_grid] step   30 loss 0.923281 |p| 0.25055 eval 0.917328
    [color_grid] step   40 loss 0.861358 |p| 0.25075 eval 0.855254
    [color_grid] step   50 loss 0.799054 |p| 0.25094 eval 0.792985
    [color_grid] step   60 loss 0.743524 |p| 0.25110 eval 0.738264
    [color_grid] step   70 loss 0.688799 |p| 0.25122 eval 0.683080
    [color_grid] step   80 loss 0.633544 |p| 0.25132 eval 0.629022
    [color_grid] step   90 loss 0.597961 |p| 0.25138 eval 0.594787
    [color_grid] step  100 loss 0.566885 |p| 0.25142 eval 0.563993
    [color_grid] step  110 loss 0.538230 |p| 0.25147 eval 0.535541
    [color_grid] step  120 loss 0.514102 |p| 0.25152 eval 0.512206
    [color_grid] step  130 loss 0.496195 |p| 0.25157 eval 0.494620
    [color_grid] step  140 loss 0.480067 |p| 0.25162 eval 0.478428
    [color_grid] step  150 loss 0.464405 |p| 0.25167 eval 0.463072
    [color_grid] step  160 loss 0.453031 |p| 0.25170 eval 0.452138
    [color_grid] step  170 loss 0.443165 |p| 0.25173 eval 0.442173
    [color_grid] step  180 loss 0.432998 |p| 0.25175 eval 0.432059
    [color_grid] step  190 loss 0.422501 |p| 0.25177 eval 0.421209
    [color_grid] step  200 loss 0.412278 |p| 0.25178 eval 0.410833
    [color_grid] step  210 loss 0.400926 |p| 0.25180 eval 0.399884
    [color_grid] step  220 loss 0.389971 |p| 0.25180 eval 0.388531
    [color_grid] step  230 loss 0.371538 |p| 0.25182 eval 0.369453
    [color_grid] step  240 loss 0.347128 |p| 0.25183 eval 0.344572
    [color_grid] step  250 loss 0.319619 |p| 0.25184 eval 0.316888
    [color_grid] step  260 loss 0.295303 |p| 0.25186 eval 0.292941
    [color_grid] step  270 loss 0.271840 |p| 0.25186 eval 0.270111
    [color_grid] step  280 loss 0.255273 |p| 0.25187 eval 0.254075
    [color_grid] step  290 loss 0.243195 |p| 0.25186 eval 0.242234
    [color_grid] step  300 loss 0.234245 |p| 0.25186 eval 0.233839
    [color_grid] step  310 loss 0.230126 |p| 0.25187 eval 0.229687
    [color_grid] step  320 loss 0.227637 |p| 0.25188 eval 0.227449
    [color_grid] step  330 loss 0.225610 |p| 0.25188 eval 0.225671
    [color_grid] step  340 loss 0.224207 |p| 0.25189 eval 0.224266
    [color_grid] step  350 loss 0.222122 |p| 0.25190 eval 0.221899
    [color_grid] step  360 loss 0.220302 |p| 0.25191 eval 0.220082
    [color_grid] step  370 loss 0.218359 |p| 0.25191 eval 0.218192
    [color_grid] step  380 loss 0.215991 |p| 0.25192 eval 0.215579
    [color_grid] step  390 loss 0.212835 |p| 0.25192 eval 0.212473
    [color_grid] step  399 loss 0.210903 |p| 0.25191 eval 0.210655
  color_grid  whole:adam   r=0.05  cos=0.2107 redetect=0.33978 stop=max_steps@400
    [color_grid] step    0 loss 1.000000 |p| 0.25003 eval 0.999755
    [color_grid] step   10 loss 0.975775 |p| 0.25035 eval 0.970020
    [color_grid] step   20 loss 0.891418 |p| 0.25069 eval 0.880749
    [color_grid] step   30 loss 0.782960 |p| 0.25103 eval 0.773173
    [color_grid] step   40 loss 0.689147 |p| 0.25129 eval 0.679099
    [color_grid] step   50 loss 0.582035 |p| 0.25151 eval 0.570122
    [color_grid] step   60 loss 0.450782 |p| 0.25173 eval 0.437069
    [color_grid] step   70 loss 0.324089 |p| 0.25198 eval 0.311773
    [color_grid] step   80 loss 0.195825 |p| 0.25222 eval 0.182497
    [color_grid] step   90 loss 0.049976 |p| 0.25239 eval 0.035266
    [color_grid] step  100 loss -0.067394 |p| 0.25251 eval -0.075247
    [color_grid] step  110 loss -0.122635 |p| 0.25259 eval -0.125623
    [color_grid] step  120 loss -0.153103 |p| 0.25265 eval -0.155816
    [color_grid] step  130 loss -0.170810 |p| 0.25270 eval -0.172631
    [color_grid] step  140 loss -0.185761 |p| 0.25274 eval -0.186788
    [color_grid] step  150 loss -0.198173 |p| 0.25277 eval -0.199536
    [color_grid] step  160 loss -0.212978 |p| 0.25280 eval -0.214564
    [color_grid] step  170 loss -0.228732 |p| 0.25282 eval -0.230262
    [color_grid] step  180 loss -0.244852 |p| 0.25285 eval -0.246340
    [color_grid] step  190 loss -0.256251 |p| 0.25288 eval -0.257371
    [color_grid] step  200 loss -0.268648 |p| 0.25290 eval -0.269926
    [color_grid] step  210 loss -0.278114 |p| 0.25292 eval -0.278896
    [color_grid] step  220 loss -0.286182 |p| 0.25294 eval -0.286902
    [color_grid] step  230 loss -0.292385 |p| 0.25296 eval -0.293172
    [color_grid] step  240 loss -0.301231 |p| 0.25297 eval -0.302341
    [color_grid] step  250 loss -0.312376 |p| 0.25299 eval -0.313559
    [color_grid] step  260 loss -0.323903 |p| 0.25301 eval -0.324932
    [color_grid] step  270 loss -0.334705 |p| 0.25303 eval -0.335638
    [color_grid] step  280 loss -0.348590 |p| 0.25304 eval -0.350512
    [color_grid] step  290 loss -0.368245 |p| 0.25305 eval -0.369410
    [color_grid] step  300 loss -0.379195 |p| 0.25306 eval -0.380171
    [color_grid] step  310 loss -0.387830 |p| 0.25308 eval -0.388685
    [color_grid] step  320 loss -0.395097 |p| 0.25310 eval -0.395848
    [color_grid] step  330 loss -0.400692 |p| 0.25312 eval -0.401239
    [color_grid] step  340 loss -0.405580 |p| 0.25314 eval -0.405929
    [color_grid] step  350 loss -0.410061 |p| 0.25315 eval -0.410425
    [color_grid] step  360 loss -0.414233 |p| 0.25315 eval -0.414694
    [color_grid] step  370 loss -0.418512 |p| 0.25315 eval -0.418960
    [color_grid] step  380 loss -0.421979 |p| 0.25315 eval -0.422168
    [color_grid] step  390 loss -0.424530 |p| 0.25316 eval -0.424988
    [color_grid] step  399 loss -0.427165 |p| 0.25317 eval -0.427565
  color_grid  whole:adam   r=0.10  cos=-0.4276 redetect=-0.1436 stop=max_steps@400
    [color_grid] step    0 loss 1.000000 |p| 0.25007 eval 0.999080
    [color_grid] step   10 loss 0.912680 |p| 0.25067 eval 0.895036
    [color_grid] step   20 loss 0.730233 |p| 0.25125 eval 0.713797
    [color_grid] step   30 loss 0.544573 |p| 0.25167 eval 0.522922
    [color_grid] step   40 loss 0.351767 |p| 0.25210 eval 0.333244
    [color_grid] step   50 loss 0.206364 |p| 0.25254 eval 0.193385
    [color_grid] step   60 loss 0.090843 |p| 0.25289 eval 0.082686
    [color_grid] step   70 loss -0.013092 |p| 0.25315 eval -0.032664
    [color_grid] step   80 loss -0.169244 |p| 0.25337 eval -0.168949
    [color_grid] step   90 loss -0.237059 |p| 0.25350 eval -0.244309
    [color_grid] step  100 loss -0.299879 |p| 0.25364 eval -0.304827
    [color_grid] step  110 loss -0.353466 |p| 0.25375 eval -0.358434
    [color_grid] step  120 loss -0.400002 |p| 0.25387 eval -0.403913
    [color_grid] step  130 loss -0.436811 |p| 0.25397 eval -0.440713
    [color_grid] step  140 loss -0.467949 |p| 0.25405 eval -0.470894
    [color_grid] step  150 loss -0.498406 |p| 0.25412 eval -0.501186
    [color_grid] step  160 loss -0.525710 |p| 0.25420 eval -0.527077
    [color_grid] step  170 loss -0.541833 |p| 0.25428 eval -0.542858
    [color_grid] step  180 loss -0.556119 |p| 0.25438 eval -0.556908
    [color_grid] step  190 loss -0.569455 |p| 0.25445 eval -0.570464
    [color_grid] step  200 loss -0.580807 |p| 0.25452 eval -0.582438
    [color_grid] step  210 loss -0.596293 |p| 0.25458 eval -0.597448
    [color_grid] step  220 loss -0.609278 |p| 0.25466 eval -0.610897
    [color_grid] step  230 loss -0.625095 |p| 0.25473 eval -0.627004
    [color_grid] step  240 loss -0.640145 |p| 0.25481 eval -0.641127
    [color_grid] step  250 loss -0.649844 |p| 0.25484 eval -0.650673
    [color_grid] step  260 loss -0.657907 |p| 0.25484 eval -0.658529
    [color_grid] step  270 loss -0.664566 |p| 0.25485 eval -0.665259
    [color_grid] step  280 loss -0.670616 |p| 0.25485 eval -0.671121
    [color_grid] step  290 loss -0.676770 |p| 0.25485 eval -0.677394
    [color_grid] step  300 loss -0.687032 |p| 0.25485 eval -0.688466
    [color_grid] step  310 loss -0.700301 |p| 0.25485 eval -0.701449
    [color_grid] step  320 loss -0.711724 |p| 0.25484 eval -0.712604
    [color_grid] step  330 loss -0.719773 |p| 0.25486 eval -0.720551
    [color_grid] step  340 loss -0.726199 |p| 0.25489 eval -0.726806
    [color_grid] step  350 loss -0.732151 |p| 0.25493 eval -0.732609
    [color_grid] step  360 loss -0.737601 |p| 0.25497 eval -0.738324
    [color_grid] step  370 loss -0.745289 |p| 0.25502 eval -0.746039
    [color_grid] step  380 loss -0.751971 |p| 0.25506 eval -0.752519
    [color_grid] step  390 loss -0.756635 |p| 0.25510 eval -0.757059
    [color_grid] step  399 loss -0.760893 |p| 0.25512 eval -0.761166
  color_grid  whole:adam   r=0.20  cos=-0.7612 redetect=None stop=max_steps@400
    [color_grid] step    0 loss 1.000000 |p| 0.25010 eval 0.998057
    [color_grid] step   10 loss 0.817818 |p| 0.25096 eval 0.787852
    [color_grid] step   20 loss 0.555433 |p| 0.25166 eval 0.528779
    [color_grid] step   30 loss 0.324427 |p| 0.25223 eval 0.306065
    [color_grid] step   40 loss 0.149785 |p| 0.25281 eval 0.133056
    [color_grid] step   50 loss 0.009473 |p| 0.25319 eval -0.016111
    [color_grid] step   60 loss -0.150143 |p| 0.25343 eval -0.170354
    [color_grid] step   70 loss -0.279604 |p| 0.25361 eval -0.291198
    [color_grid] step   80 loss -0.360476 |p| 0.25381 eval -0.366999
    [color_grid] step   90 loss -0.427336 |p| 0.25398 eval -0.432635
    [color_grid] step  100 loss -0.476699 |p| 0.25413 eval -0.481609
    [color_grid] step  110 loss -0.515686 |p| 0.25431 eval -0.518829
    [color_grid] step  120 loss -0.541571 |p| 0.25448 eval -0.544333
    [color_grid] step  130 loss -0.563783 |p| 0.25465 eval -0.565511
    [color_grid] step  140 loss -0.580915 |p| 0.25479 eval -0.582281
    [color_grid] step  150 loss -0.594801 |p| 0.25493 eval -0.596157
    [color_grid] step  160 loss -0.606407 |p| 0.25508 eval -0.607603
    [color_grid] step  170 loss -0.616571 |p| 0.25520 eval -0.617487
    [color_grid] step  180 loss -0.625334 |p| 0.25531 eval -0.626214
    [color_grid] step  190 loss -0.634212 |p| 0.25541 eval -0.635123
    [color_grid] step  200 loss -0.641218 |p| 0.25552 eval -0.641804
    [color_grid] step  210 loss -0.647799 |p| 0.25563 eval -0.648497
    [color_grid] step  220 loss -0.654316 |p| 0.25573 eval -0.654957
    [color_grid] step  230 loss -0.659782 |p| 0.25582 eval -0.660275
    [color_grid] step  240 loss -0.664903 |p| 0.25590 eval -0.665529
    [color_grid] step  250 loss -0.670559 |p| 0.25598 eval -0.671283
    [color_grid] step  260 loss -0.677319 |p| 0.25608 eval -0.678166
    [color_grid] step  270 loss -0.684972 |p| 0.25617 eval -0.685663
    [color_grid] step  280 loss -0.691812 |p| 0.25626 eval -0.692306
    [color_grid] step  290 loss -0.696681 |p| 0.25634 eval -0.697078
    [color_grid] step  300 loss -0.700581 |p| 0.25643 eval -0.700963
    [color_grid] step  310 loss -0.703922 |p| 0.25651 eval -0.704283
    [color_grid] step  320 loss -0.707449 |p| 0.25658 eval -0.707935
    [color_grid] step  330 loss -0.711030 |p| 0.25666 eval -0.711480
    [color_grid] step  340 loss -0.714087 |p| 0.25673 eval -0.714402
    [color_grid] step  350 loss -0.716871 |p| 0.25679 eval -0.717252
    [color_grid] step  360 loss -0.719987 |p| 0.25685 eval -0.720215
    [color_grid] step  370 loss -0.722916 |p| 0.25692 eval -0.723088
    [color_grid] step  380 loss -0.725497 |p| 0.25699 eval -0.725773
    [color_grid] step  390 loss -0.728018 |p| 0.25708 eval -0.728200
    [color_grid] step  399 loss -0.730110 |p| 0.25715 eval -0.730273
  color_grid  whole:adam   r=0.30  cos=-0.7303 redetect=None stop=max_steps@400
    [color_grid] step    0 loss 1.000000 |p| 0.25020 eval 0.992499
    [color_grid] step   10 loss 0.590353 |p| 0.25165 eval 0.547185
    [color_grid] step   20 loss 0.245589 |p| 0.25271 eval 0.214544
    [color_grid] step   30 loss -0.018695 |p| 0.25358 eval -0.043602
    [color_grid] step   40 loss -0.215085 |p| 0.25405 eval -0.228478
    [color_grid] step   50 loss -0.308778 |p| 0.25434 eval -0.314283
    [color_grid] step   60 loss -0.390757 |p| 0.25463 eval -0.397271
    [color_grid] step   70 loss -0.447961 |p| 0.25488 eval -0.454729
    [color_grid] step   80 loss -0.509062 |p| 0.25516 eval -0.515797
    [color_grid] step   90 loss -0.575018 |p| 0.25550 eval -0.604350
    [color_grid] step  100 loss -0.707151 |p| 0.25584 eval -0.712641
    [color_grid] step  110 loss -0.763620 |p| 0.25605 eval -0.767913
    [color_grid] step  120 loss -0.799953 |p| 0.25616 eval -0.803032
    [color_grid] step  130 loss -0.824765 |p| 0.25635 eval -0.828557
    [color_grid] step  140 loss -0.850480 |p| 0.25659 eval -0.848255
    [color_grid] step  150 loss -0.865018 |p| 0.25684 eval -0.855623
    [color_grid] step  160 loss -0.874844 |p| 0.25710 eval -0.880312
    [color_grid] step  170 loss -0.891780 |p| 0.25733 eval -0.892504
    [color_grid] step  180 loss -0.903404 |p| 0.25755 eval -0.903222
    [color_grid] step  190 loss -0.912447 |p| 0.25776 eval -0.913300
    [color_grid] step  200 loss -0.921251 |p| 0.25798 eval -0.922405
    [color_grid] step  210 loss -0.930732 |p| 0.25818 eval -0.931330
    [color_grid] step  220 loss -0.936825 |p| 0.25834 eval -0.937455
    [color_grid] step  230 loss -0.942033 |p| 0.25851 eval -0.942568
    [color_grid] step  240 loss -0.946389 |p| 0.25868 eval -0.946800
    [color_grid] step  250 loss -0.950949 |p| 0.25886 eval -0.951488
    [color_grid] step  260 loss -0.958521 |p| 0.25908 eval -0.959299
    [color_grid] step  270 loss -0.965626 |p| 0.25927 eval -0.966251
    [color_grid] step  280 loss -0.970542 |p| 0.25942 eval -0.971002
    [color_grid] step  290 loss -0.974190 |p| 0.25951 eval -0.974564
    [color_grid] step  300 loss -0.977454 |p| 0.25955 eval -0.977768
    [color_grid] step  310 loss -0.981541 |p| 0.25958 eval -0.981935
    [color_grid] step  320 loss -0.984922 |p| 0.25962 eval -0.985167
    [color_grid] step  330 loss -0.987329 |p| 0.25967 eval -0.987572
    [color_grid] step  340 loss -0.989417 |p| 0.25973 eval -0.989615
    [color_grid] step  350 loss -0.991188 |p| 0.25977 eval -0.991322
    [color_grid] step  360 loss -0.992797 |p| 0.25980 eval -0.992955
    [color_grid] step  370 loss -0.994064 |p| 0.25982 eval -0.994162
    [color_grid] step  380 loss -0.994999 |p| 0.25985 eval -0.995087
    [color_grid] step  390 loss -0.995739 |p| 0.25987 eval -0.995807
    [color_grid] step  399 loss -0.996241 |p| 0.25989 eval -0.996289
  color_grid  whole:adam   r=0.60  cos=-0.9963 redetect=None stop=max_steps@400
    [color_grid] step    0 loss 1.000000 |p| 0.25040 eval 0.971127
    [color_grid] step   10 loss 0.322615 |p| 0.25278 eval 0.269592
    [color_grid] step   20 loss -0.090502 |p| 0.25461 eval -0.113930
    [color_grid] step   30 loss -0.279792 |p| 0.25574 eval -0.295235
    [color_grid] step   40 loss -0.383910 |p| 0.25640 eval -0.393036
    [color_grid] step   50 loss -0.541843 |p| 0.25694 eval -0.550476
    [color_grid] step   60 loss -0.642135 |p| 0.25753 eval -0.649176
    [color_grid] step   70 loss -0.709984 |p| 0.25829 eval -0.711541
    [color_grid] step   80 loss -0.761593 |p| 0.25898 eval -0.768594
    [color_grid] step   90 loss -0.803458 |p| 0.25969 eval -0.808032
    [color_grid] step  100 loss -0.851138 |p| 0.26021 eval -0.860894
    [color_grid] step  110 loss -0.900896 |p| 0.26071 eval -0.906846
    [color_grid] step  120 loss -0.927034 |p| 0.26115 eval -0.928806
    [color_grid] step  130 loss -0.939629 |p| 0.26139 eval -0.940286
    [color_grid] step  140 loss -0.948497 |p| 0.26162 eval -0.949135
    [color_grid] step  150 loss -0.955690 |p| 0.26185 eval -0.956460
    [color_grid] step  160 loss -0.963223 |p| 0.26215 eval -0.963950
    [color_grid] step  170 loss -0.971724 |p| 0.26242 eval -0.972390
    [color_grid] step  180 loss -0.977870 |p| 0.26269 eval -0.978325
    [color_grid] step  190 loss -0.981917 |p| 0.26299 eval -0.982273
    [color_grid] step  200 loss -0.984977 |p| 0.26326 eval -0.985223
    [color_grid] step  210 loss -0.987246 |p| 0.26349 eval -0.987434
    [color_grid] step  220 loss -0.988819 |p| 0.26368 eval -0.988949
    [color_grid] step  230 loss -0.990073 |p| 0.26380 eval -0.990172
    [color_grid] step  240 loss -0.991065 |p| 0.26391 eval -0.991124
    [color_grid] step  250 loss -0.991844 |p| 0.26402 eval -0.991891
    [color_grid] step  260 loss -0.992492 |p| 0.26411 eval -0.992564
    [color_grid] step  270 loss -0.993081 |p| 0.26419 eval -0.993135
    [color_grid] step  280 loss -0.993583 |p| 0.26427 eval -0.993652
    [color_grid] step  290 loss -0.994130 |p| 0.26435 eval -0.994181
    [color_grid] step  300 loss -0.994623 |p| 0.26443 eval -0.994665
    [color_grid] step  310 loss -0.995077 |p| 0.26450 eval -0.995129
    [color_grid] step  320 loss -0.995510 |p| 0.26455 eval -0.995555
    [color_grid] step  330 loss -0.995902 |p| 0.26462 eval -0.995919
    [color_grid] step  340 loss -0.996190 |p| 0.26467 eval -0.996192
    [color_grid] step  350 loss -0.996410 |p| 0.26471 eval -0.996429
    [color_grid] step  360 loss -0.996606 |p| 0.26475 eval -0.996670
    [color_grid] step  370 loss -0.996823 |p| 0.26479 eval -0.996829
    [color_grid] step  380 loss -0.996981 |p| 0.26483 eval -0.997025
    [color_grid] step  390 loss -0.997162 |p| 0.26488 eval -0.997204
    [color_grid] step  399 loss -0.997295 |p| 0.26493 eval -0.997329
  color_grid  whole:adam   r=1.20  cos=-0.9973 redetect=None stop=max_steps@400
    [color_grid] step    0 loss 1.000000 |p| 0.25067 eval 0.925854
    [color_grid] step   10 loss 0.038182 |p| 0.25440 eval -0.000449
    [color_grid] step   20 loss -0.099363 |p| 0.25629 eval -0.114003
    [color_grid] step   30 loss -0.208948 |p| 0.25758 eval -0.222884
    [color_grid] step   40 loss -0.356668 |p| 0.25856 eval -0.367084
    [color_grid] step   50 loss -0.537211 |p| 0.25921 eval -0.540891
    [color_grid] step   60 loss -0.616671 |p| 0.25984 eval -0.623855
    [color_grid] step   70 loss -0.666260 |p| 0.26057 eval -0.671546
    [color_grid] step   80 loss -0.701377 |p| 0.26129 eval -0.705453
    [color_grid] step   90 loss -0.725748 |p| 0.26187 eval -0.727842
    [color_grid] step  100 loss -0.739401 |p| 0.26250 eval -0.740249
    [color_grid] step  110 loss -0.750470 |p| 0.26316 eval -0.751235
    [color_grid] step  120 loss -0.758252 |p| 0.26376 eval -0.758178
    [color_grid] step  130 loss -0.768593 |p| 0.26432 eval -0.770573
    [color_grid] step  140 loss -0.780119 |p| 0.26484 eval -0.780615
    [color_grid] step  150 loss -0.787791 |p| 0.26538 eval -0.788421
    [color_grid] step  160 loss -0.793627 |p| 0.26589 eval -0.794254
    [color_grid] step  170 loss -0.799624 |p| 0.26635 eval -0.800362
    [color_grid] step  180 loss -0.805276 |p| 0.26677 eval -0.805808
    [color_grid] step  190 loss -0.809891 |p| 0.26723 eval -0.810346
    [color_grid] step  200 loss -0.813440 |p| 0.26770 eval -0.814059
    [color_grid] step  210 loss -0.818065 |p| 0.26827 eval -0.818456
    [color_grid] step  220 loss -0.821543 |p| 0.26883 eval -0.821659
    [color_grid] step  230 loss -0.824740 |p| 0.26942 eval -0.825092
    [color_grid] step  240 loss -0.827480 |p| 0.26996 eval -0.828074
    [color_grid] step  250 loss -0.829759 |p| 0.27037 eval -0.829653
    [color_grid] step  260 loss -0.832540 |p| 0.27071 eval -0.832864
    [color_grid] step  270 loss -0.835649 |p| 0.27103 eval -0.835898
    [color_grid] step  280 loss -0.838280 |p| 0.27139 eval -0.838231
    [color_grid] step  290 loss -0.841664 |p| 0.27174 eval -0.841459
    [color_grid] step  300 loss -0.843923 |p| 0.27205 eval -0.843869
    [color_grid] step  310 loss -0.845602 |p| 0.27233 eval -0.846248
    [color_grid] step  320 loss -0.847484 |p| 0.27265 eval -0.847119
    [color_grid] step  330 loss -0.849662 |p| 0.27296 eval -0.850254
    [color_grid] step  340 loss -0.851171 |p| 0.27331 eval -0.851706
    [color_grid] step  350 loss -0.854346 |p| 0.27372 eval -0.854411
    [color_grid] step  360 loss -0.856178 |p| 0.27410 eval -0.855339
    [color_grid] step  370 loss -0.857609 |p| 0.27444 eval -0.857659
    [color_grid] step  380 loss -0.857878 |p| 0.27471 eval -0.858716
    [color_grid] step  390 loss -0.859727 |p| 0.27503 eval -0.859472
    [color_grid] step  399 loss -0.859576 |p| 0.27528 eval -0.860718
  color_grid  whole:adam   r=2.00  cos=-0.8607 redetect=None stop=max_steps@400
  color_grid  whole:rand   r=0.02  cos=0.9949 redetect=0.96102 stop=no_params@0
  color_grid  whole:rand   r=0.05  cos=0.9759 redetect=0.94606 stop=no_params@0
  color_grid  whole:rand   r=0.10  cos=0.9371 redetect=0.91989 stop=no_params@0
  color_grid  whole:rand   r=0.20  cos=0.7446 redetect=0.7001 stop=no_params@0
  color_grid  whole:rand   r=0.30  cos=0.6269 redetect=0.61535 stop=no_params@0
  color_grid  whole:rand   r=0.60  cos=0.1887 redetect=-0.1117 stop=no_params@0
  color_grid  whole:rand   r=1.20  cos=-0.1817 redetect=None stop=no_params@0
  color_grid  whole:rand   r=2.00  cos=-0.1015 redetect=None stop=no_params@0
    [color_curve] step    0 loss 1.000000 |p| 0.01562 eval 1.000000
    [color_curve] step   10 loss 1.000000 |p| 0.01562 eval 1.000000
    [color_curve] step   20 loss 1.000000 |p| 0.01562 eval 1.000000
    [color_curve] step   30 loss 1.000000 |p| 0.01562 eval 1.000000
    [color_curve] step   40 loss 1.000000 |p| 0.01562 eval 1.000000
    [color_curve] step   50 loss 1.000000 |p| 0.01562 eval 1.000000
    [color_curve] step   60 loss 1.000000 |p| 0.01562 eval 1.000000
    [color_curve] step   70 loss 1.000000 |p| 0.01562 eval 1.000000
    [color_curve] step   80 loss 1.000000 |p| 0.01562 eval 1.000000
    [color_curve] early stop at step 80（連續 8 次評估未改善 > 0.0001）
  color_curve whole:sign   r=0.02  cos=1.0000 redetect=1.0 stop=early_stop@81
    [color_curve] step    0 loss 1.000000 |p| 0.01562 eval 1.000000
    [color_curve] step   10 loss 1.000000 |p| 0.01562 eval 1.000000
    [color_curve] step   20 loss 1.000000 |p| 0.01562 eval 1.000000
    [color_curve] step   30 loss 1.000000 |p| 0.01562 eval 1.000000
    [color_curve] step   40 loss 1.000000 |p| 0.01562 eval 1.000000
    [color_curve] step   50 loss 1.000000 |p| 0.01562 eval 1.000000
    [color_curve] step   60 loss 1.000000 |p| 0.01562 eval 1.000000
    [color_curve] step   70 loss 1.000000 |p| 0.01562 eval 1.000000
    [color_curve] step   80 loss 1.000000 |p| 0.01562 eval 1.000000
    [color_curve] early stop at step 80（連續 8 次評估未改善 > 0.0001）
  color_curve whole:sign   r=0.05  cos=1.0000 redetect=1.0 stop=early_stop@81
    [color_curve] step    0 loss 1.000000 |p| 0.01562 eval 1.000000
    [color_curve] step   10 loss 1.000000 |p| 0.01562 eval 1.000000
    [color_curve] step   20 loss 1.000000 |p| 0.01562 eval 1.000000
    [color_curve] step   30 loss 1.000000 |p| 0.01562 eval 1.000000
    [color_curve] step   40 loss 1.000000 |p| 0.01562 eval 1.000000
    [color_curve] step   50 loss 1.000000 |p| 0.01562 eval 1.000000
    [color_curve] step   60 loss 1.000000 |p| 0.01562 eval 1.000000
    [color_curve] step   70 loss 1.000000 |p| 0.01562 eval 1.000000
    [color_curve] step   80 loss 1.000000 |p| 0.01562 eval 1.000000
    [color_curve] early stop at step 80（連續 8 次評估未改善 > 0.0001）
  color_curve whole:sign   r=0.10  cos=1.0000 redetect=1.0 stop=early_stop@81
    [color_curve] step    0 loss 1.000000 |p| 0.01562 eval 1.000000
    [color_curve] step   10 loss 1.000000 |p| 0.01562 eval 1.000000
    [color_curve] step   20 loss 1.000000 |p| 0.01562 eval 1.000000
    [color_curve] step   30 loss 1.000000 |p| 0.01562 eval 1.000000
    [color_curve] step   40 loss 1.000000 |p| 0.01562 eval 1.000000
    [color_curve] step   50 loss 1.000000 |p| 0.01562 eval 1.000000
    [color_curve] step   60 loss 1.000000 |p| 0.01562 eval 1.000000
    [color_curve] step   70 loss 1.000000 |p| 0.01562 eval 1.000000
    [color_curve] step   80 loss 1.000000 |p| 0.01562 eval 1.000000
    [color_curve] early stop at step 80（連續 8 次評估未改善 > 0.0001）
  color_curve whole:sign   r=0.20  cos=1.0000 redetect=1.0 stop=early_stop@81
    [color_curve] step    0 loss 1.000000 |p| 0.01562 eval 1.000000
    [color_curve] step   10 loss 1.000000 |p| 0.01562 eval 1.000000
    [color_curve] step   20 loss 1.000000 |p| 0.01562 eval 1.000000
    [color_curve] step   30 loss 1.000000 |p| 0.01562 eval 1.000000
    [color_curve] step   40 loss 1.000000 |p| 0.01562 eval 1.000000
    [color_curve] step   50 loss 1.000000 |p| 0.01562 eval 1.000000
    [color_curve] step   60 loss 1.000000 |p| 0.01562 eval 1.000000
    [color_curve] step   70 loss 1.000000 |p| 0.01562 eval 1.000000
    [color_curve] step   80 loss 1.000000 |p| 0.01562 eval 1.000000
    [color_curve] early stop at step 80（連續 8 次評估未改善 > 0.0001）
  color_curve whole:sign   r=0.30  cos=1.0000 redetect=1.0 stop=early_stop@81
    [color_curve] step    0 loss 1.000000 |p| 0.01562 eval 1.000000
    [color_curve] step   10 loss 1.000000 |p| 0.01562 eval 1.000000
    [color_curve] step   20 loss 1.000000 |p| 0.01562 eval 1.000000
    [color_curve] step   30 loss 1.000000 |p| 0.01562 eval 1.000000
    [color_curve] step   40 loss 1.000000 |p| 0.01562 eval 1.000000
    [color_curve] step   50 loss 1.000000 |p| 0.01562 eval 1.000000
    [color_curve] step   60 loss 1.000000 |p| 0.01562 eval 1.000000
    [color_curve] step   70 loss 1.000000 |p| 0.01562 eval 1.000000
    [color_curve] step   80 loss 1.000000 |p| 0.01562 eval 1.000000
    [color_curve] early stop at step 80（連續 8 次評估未改善 > 0.0001）
  color_curve whole:sign   r=0.60  cos=1.0000 redetect=1.0 stop=early_stop@81
    [color_curve] step    0 loss 1.000000 |p| 0.01562 eval 1.000000
    [color_curve] step   10 loss 1.000000 |p| 0.01562 eval 1.000000
    [color_curve] step   20 loss 1.000000 |p| 0.01562 eval 1.000000
    [color_curve] step   30 loss 1.000000 |p| 0.01562 eval 1.000000
    [color_curve] step   40 loss 1.000000 |p| 0.01562 eval 1.000000
    [color_curve] step   50 loss 1.000000 |p| 0.01562 eval 1.000000
    [color_curve] step   60 loss 1.000000 |p| 0.01562 eval 1.000000
    [color_curve] step   70 loss 1.000000 |p| 0.01562 eval 1.000000
    [color_curve] step   80 loss 1.000000 |p| 0.01562 eval 1.000000
    [color_curve] early stop at step 80（連續 8 次評估未改善 > 0.0001）
  color_curve whole:sign   r=1.20  cos=1.0000 redetect=1.0 stop=early_stop@81
    [color_curve] step    0 loss 1.000000 |p| 0.01562 eval 1.000000
    [color_curve] step   10 loss 1.000000 |p| 0.01562 eval 1.000000
    [color_curve] step   20 loss 1.000000 |p| 0.01562 eval 1.000000
    [color_curve] step   30 loss 1.000000 |p| 0.01562 eval 1.000000
    [color_curve] step   40 loss 1.000000 |p| 0.01562 eval 1.000000
    [color_curve] step   50 loss 1.000000 |p| 0.01562 eval 1.000000
    [color_curve] step   60 loss 1.000000 |p| 0.01562 eval 1.000000
    [color_curve] step   70 loss 1.000000 |p| 0.01562 eval 1.000000
    [color_curve] step   80 loss 1.000000 |p| 0.01562 eval 1.000000
    [color_curve] early stop at step 80（連續 8 次評估未改善 > 0.0001）
  color_curve whole:sign   r=2.00  cos=1.0000 redetect=1.0 stop=early_stop@81
    [color_curve] step    0 loss 1.000000 |p| 0.01562 eval 1.000000
    [color_curve] step   10 loss 1.000000 |p| 0.01562 eval 1.000000
    [color_curve] step   20 loss 1.000000 |p| 0.01562 eval 1.000000
    [color_curve] step   30 loss 1.000000 |p| 0.01562 eval 1.000000
    [color_curve] step   40 loss 1.000000 |p| 0.01562 eval 1.000000
    [color_curve] step   50 loss 1.000000 |p| 0.01562 eval 1.000000
    [color_curve] step   60 loss 1.000000 |p| 0.01562 eval 1.000000
    [color_curve] step   70 loss 1.000000 |p| 0.01562 eval 1.000000
    [color_curve] step   80 loss 1.000000 |p| 0.01562 eval 1.000000
    [color_curve] early stop at step 80（連續 8 次評估未改善 > 0.0001）
  color_curve whole:adam   r=0.02  cos=1.0000 redetect=1.0 stop=early_stop@81
    [color_curve] step    0 loss 1.000000 |p| 0.01562 eval 1.000000
    [color_curve] step   10 loss 1.000000 |p| 0.01562 eval 1.000000
    [color_curve] step   20 loss 1.000000 |p| 0.01562 eval 1.000000
    [color_curve] step   30 loss 1.000000 |p| 0.01562 eval 1.000000
    [color_curve] step   40 loss 1.000000 |p| 0.01562 eval 1.000000
    [color_curve] step   50 loss 1.000000 |p| 0.01562 eval 1.000000
    [color_curve] step   60 loss 1.000000 |p| 0.01562 eval 1.000000
    [color_curve] step   70 loss 1.000000 |p| 0.01562 eval 1.000000
    [color_curve] step   80 loss 1.000000 |p| 0.01562 eval 1.000000
    [color_curve] early stop at step 80（連續 8 次評估未改善 > 0.0001）
  color_curve whole:adam   r=0.05  cos=1.0000 redetect=1.0 stop=early_stop@81
    [color_curve] step    0 loss 1.000000 |p| 0.01562 eval 1.000000
    [color_curve] step   10 loss 1.000000 |p| 0.01562 eval 1.000000
    [color_curve] step   20 loss 1.000000 |p| 0.01562 eval 1.000000
    [color_curve] step   30 loss 1.000000 |p| 0.01562 eval 1.000000
    [color_curve] step   40 loss 1.000000 |p| 0.01562 eval 1.000000
    [color_curve] step   50 loss 1.000000 |p| 0.01562 eval 1.000000
    [color_curve] step   60 loss 1.000000 |p| 0.01562 eval 1.000000
    [color_curve] step   70 loss 1.000000 |p| 0.01562 eval 1.000000
    [color_curve] step   80 loss 1.000000 |p| 0.01562 eval 1.000000
    [color_curve] early stop at step 80（連續 8 次評估未改善 > 0.0001）
  color_curve whole:adam   r=0.10  cos=1.0000 redetect=1.0 stop=early_stop@81
    [color_curve] step    0 loss 1.000000 |p| 0.01562 eval 1.000000
    [color_curve] step   10 loss 1.000000 |p| 0.01562 eval 1.000000
    [color_curve] step   20 loss 1.000000 |p| 0.01562 eval 1.000000
    [color_curve] step   30 loss 1.000000 |p| 0.01562 eval 1.000000
    [color_curve] step   40 loss 1.000000 |p| 0.01562 eval 1.000000
    [color_curve] step   50 loss 1.000000 |p| 0.01562 eval 1.000000
    [color_curve] step   60 loss 1.000000 |p| 0.01562 eval 1.000000
    [color_curve] step   70 loss 1.000000 |p| 0.01562 eval 1.000000
    [color_curve] step   80 loss 1.000000 |p| 0.01562 eval 1.000000
    [color_curve] early stop at step 80（連續 8 次評估未改善 > 0.0001）
  color_curve whole:adam   r=0.20  cos=1.0000 redetect=1.0 stop=early_stop@81
    [color_curve] step    0 loss 1.000000 |p| 0.01562 eval 1.000000
    [color_curve] step   10 loss 1.000000 |p| 0.01562 eval 1.000000
    [color_curve] step   20 loss 1.000000 |p| 0.01562 eval 1.000000
    [color_curve] step   30 loss 1.000000 |p| 0.01562 eval 1.000000
    [color_curve] step   40 loss 1.000000 |p| 0.01562 eval 1.000000
    [color_curve] step   50 loss 1.000000 |p| 0.01562 eval 1.000000
    [color_curve] step   60 loss 1.000000 |p| 0.01562 eval 1.000000
    [color_curve] step   70 loss 1.000000 |p| 0.01562 eval 1.000000
    [color_curve] step   80 loss 1.000000 |p| 0.01562 eval 1.000000
    [color_curve] early stop at step 80（連續 8 次評估未改善 > 0.0001）
  color_curve whole:adam   r=0.30  cos=1.0000 redetect=1.0 stop=early_stop@81
    [color_curve] step    0 loss 1.000000 |p| 0.01562 eval 1.000000
    [color_curve] step   10 loss 1.000000 |p| 0.01562 eval 1.000000
    [color_curve] step   20 loss 1.000000 |p| 0.01562 eval 1.000000
    [color_curve] step   30 loss 1.000000 |p| 0.01562 eval 1.000000
    [color_curve] step   40 loss 1.000000 |p| 0.01562 eval 1.000000
    [color_curve] step   50 loss 1.000000 |p| 0.01562 eval 1.000000
    [color_curve] step   60 loss 1.000000 |p| 0.01562 eval 1.000000
    [color_curve] step   70 loss 1.000000 |p| 0.01562 eval 1.000000
    [color_curve] step   80 loss 1.000000 |p| 0.01562 eval 1.000000
    [color_curve] early stop at step 80（連續 8 次評估未改善 > 0.0001）
  color_curve whole:adam   r=0.60  cos=1.0000 redetect=1.0 stop=early_stop@81
    [color_curve] step    0 loss 1.000000 |p| 0.01562 eval 1.000000
    [color_curve] step   10 loss 1.000000 |p| 0.01562 eval 1.000000
    [color_curve] step   20 loss 1.000000 |p| 0.01562 eval 1.000000
    [color_curve] step   30 loss 1.000000 |p| 0.01562 eval 1.000000
    [color_curve] step   40 loss 1.000000 |p| 0.01562 eval 1.000000
    [color_curve] step   50 loss 1.000000 |p| 0.01562 eval 1.000000
    [color_curve] step   60 loss 1.000000 |p| 0.01562 eval 1.000000
    [color_curve] step   70 loss 1.000000 |p| 0.01562 eval 1.000000
    [color_curve] step   80 loss 1.000000 |p| 0.01562 eval 1.000000
    [color_curve] early stop at step 80（連續 8 次評估未改善 > 0.0001）
  color_curve whole:adam   r=1.20  cos=1.0000 redetect=1.0 stop=early_stop@81
    [color_curve] step    0 loss 1.000000 |p| 0.01562 eval 1.000000
    [color_curve] step   10 loss 1.000000 |p| 0.01562 eval 1.000000
    [color_curve] step   20 loss 1.000000 |p| 0.01562 eval 1.000000
    [color_curve] step   30 loss 1.000000 |p| 0.01562 eval 1.000000
    [color_curve] step   40 loss 1.000000 |p| 0.01562 eval 1.000000
    [color_curve] step   50 loss 1.000000 |p| 0.01562 eval 1.000000
    [color_curve] step   60 loss 1.000000 |p| 0.01562 eval 1.000000
    [color_curve] step   70 loss 1.000000 |p| 0.01562 eval 1.000000
    [color_curve] step   80 loss 1.000000 |p| 0.01562 eval 1.000000
    [color_curve] early stop at step 80（連續 8 次評估未改善 > 0.0001）
  color_curve whole:adam   r=2.00  cos=1.0000 redetect=1.0 stop=early_stop@81
  color_curve whole:rand   r=0.02  cos=1.0000 redetect=0.96457 stop=no_params@0
  color_curve whole:rand   r=0.05  cos=0.9999 redetect=0.98636 stop=no_params@0
  color_curve whole:rand   r=0.10  cos=0.9995 redetect=0.97899 stop=no_params@0
  color_curve whole:rand   r=0.20  cos=0.9984 redetect=0.97001 stop=no_params@0
  color_curve whole:rand   r=0.30  cos=0.9967 redetect=0.95198 stop=no_params@0
  color_curve whole:rand   r=0.60  cos=0.9897 redetect=0.94686 stop=no_params@0
  color_curve whole:rand   r=1.20  cos=0.9775 redetect=0.95096 stop=no_params@0
  color_curve whole:rand   r=2.00  cos=0.9687 redetect=0.92058 stop=no_params@0
[task_obj_remove_284852] box=(398, 58, 512, 219) verify_cos=0.99997
    [color_grid] step    0 loss 1.000000 |p| 0.25002 eval 0.999984
    [color_grid] step   10 loss 0.997772 |p| 0.25017 eval 0.997292
    [color_grid] step   20 loss 0.990877 |p| 0.25033 eval 0.989925
    [color_grid] step   30 loss 0.979299 |p| 0.25048 eval 0.977930
    [color_grid] step   40 loss 0.964336 |p| 0.25063 eval 0.962662
    [color_grid] step   50 loss 0.945120 |p| 0.25076 eval 0.942982
    [color_grid] step   60 loss 0.922426 |p| 0.25089 eval 0.920162
    [color_grid] step   70 loss 0.899811 |p| 0.25102 eval 0.897642
    [color_grid] step   80 loss 0.878073 |p| 0.25114 eval 0.875908
    [color_grid] step   90 loss 0.856002 |p| 0.25126 eval 0.853697
    [color_grid] step  100 loss 0.833681 |p| 0.25137 eval 0.833007
    [color_grid] step  110 loss 0.829225 |p| 0.25140 eval 0.828871
    [color_grid] step  120 loss 0.826072 |p| 0.25142 eval 0.825796
    [color_grid] step  130 loss 0.822935 |p| 0.25144 eval 0.822699
    [color_grid] step  140 loss 0.820296 |p| 0.25146 eval 0.820063
    [color_grid] step  150 loss 0.818044 |p| 0.25148 eval 0.817755
    [color_grid] step  160 loss 0.815854 |p| 0.25151 eval 0.815541
    [color_grid] step  170 loss 0.813624 |p| 0.25153 eval 0.813448
    [color_grid] step  180 loss 0.811421 |p| 0.25155 eval 0.811210
    [color_grid] step  190 loss 0.809086 |p| 0.25158 eval 0.808849
    [color_grid] step  200 loss 0.807124 |p| 0.25159 eval 0.806911
    [color_grid] step  210 loss 0.805384 |p| 0.25160 eval 0.805296
    [color_grid] step  220 loss 0.803954 |p| 0.25162 eval 0.803793
    [color_grid] step  230 loss 0.802665 |p| 0.25163 eval 0.802628
    [color_grid] step  240 loss 0.801865 |p| 0.25163 eval 0.801746
    [color_grid] step  250 loss 0.801105 |p| 0.25164 eval 0.801007
    [color_grid] step  260 loss 0.800396 |p| 0.25164 eval 0.800322
    [color_grid] step  270 loss 0.799798 |p| 0.25165 eval 0.799713
    [color_grid] step  280 loss 0.799434 |p| 0.25165 eval 0.799347
    [color_grid] step  290 loss 0.799062 |p| 0.25166 eval 0.799106
    [color_grid] step  300 loss 0.798944 |p| 0.25167 eval 0.798925
    [color_grid] step  310 loss 0.798867 |p| 0.25167 eval 0.798828
    [color_grid] step  320 loss 0.798731 |p| 0.25168 eval 0.798786
    [color_grid] step  330 loss 0.798600 |p| 0.25168 eval 0.798560
    [color_grid] step  340 loss 0.798525 |p| 0.25168 eval 0.798514
    [color_grid] step  350 loss 0.798451 |p| 0.25169 eval 0.798489
    [color_grid] step  360 loss 0.798380 |p| 0.25169 eval 0.798383
    [color_grid] step  370 loss 0.798321 |p| 0.25169 eval 0.798278
    [color_grid] step  380 loss 0.798207 |p| 0.25170 eval 0.798190
    [color_grid] step  390 loss 0.798119 |p| 0.25170 eval 0.798131
    [color_grid] step  399 loss 0.798034 |p| 0.25170 eval 0.798020
  color_grid  whole:sign   r=0.02  cos=0.7980 redetect=0.80748 stop=max_steps@400
    [color_grid] step    0 loss 1.000000 |p| 0.25004 eval 0.999903
    [color_grid] step   10 loss 0.986279 |p| 0.25042 eval 0.983281
    [color_grid] step   20 loss 0.946441 |p| 0.25077 eval 0.941093
    [color_grid] step   30 loss 0.890737 |p| 0.25110 eval 0.885402
    [color_grid] step   40 loss 0.836144 |p| 0.25140 eval 0.830833
    [color_grid] step   50 loss 0.782269 |p| 0.25169 eval 0.776957
    [color_grid] step   60 loss 0.730097 |p| 0.25196 eval 0.724669
    [color_grid] step   70 loss 0.679824 |p| 0.25223 eval 0.675132
    [color_grid] step   80 loss 0.632370 |p| 0.25247 eval 0.627423
    [color_grid] step   90 loss 0.585160 |p| 0.25272 eval 0.580269
    [color_grid] step  100 loss 0.537523 |p| 0.25298 eval 0.534457
    [color_grid] step  110 loss 0.513400 |p| 0.25311 eval 0.511506
    [color_grid] step  120 loss 0.495601 |p| 0.25320 eval 0.494021
    [color_grid] step  130 loss 0.480938 |p| 0.25329 eval 0.479647
    [color_grid] step  140 loss 0.468452 |p| 0.25338 eval 0.467177
    [color_grid] step  150 loss 0.457481 |p| 0.25346 eval 0.456473
    [color_grid] step  160 loss 0.448641 |p| 0.25353 eval 0.448012
    [color_grid] step  170 loss 0.442218 |p| 0.25359 eval 0.441695
    [color_grid] step  180 loss 0.437116 |p| 0.25364 eval 0.436723
    [color_grid] step  190 loss 0.433205 |p| 0.25367 eval 0.432721
    [color_grid] step  200 loss 0.429491 |p| 0.25371 eval 0.429234
    [color_grid] step  210 loss 0.426525 |p| 0.25374 eval 0.426251
    [color_grid] step  220 loss 0.424038 |p| 0.25376 eval 0.423802
    [color_grid] step  230 loss 0.421951 |p| 0.25377 eval 0.421757
    [color_grid] step  240 loss 0.420104 |p| 0.25379 eval 0.420000
    [color_grid] step  250 loss 0.418850 |p| 0.25380 eval 0.418829
    [color_grid] step  260 loss 0.417736 |p| 0.25381 eval 0.417659
    [color_grid] step  270 loss 0.416761 |p| 0.25382 eval 0.416673
    [color_grid] step  280 loss 0.415795 |p| 0.25383 eval 0.415738
    [color_grid] step  290 loss 0.415089 |p| 0.25384 eval 0.415110
    [color_grid] step  300 loss 0.414263 |p| 0.25386 eval 0.414282
    [color_grid] step  310 loss 0.413639 |p| 0.25387 eval 0.413612
    [color_grid] step  320 loss 0.412960 |p| 0.25388 eval 0.412933
    [color_grid] step  330 loss 0.412490 |p| 0.25389 eval 0.412348
    [color_grid] step  340 loss 0.411898 |p| 0.25389 eval 0.411803
    [color_grid] step  350 loss 0.410770 |p| 0.25390 eval 0.410601
    [color_grid] step  360 loss 0.409857 |p| 0.25391 eval 0.409696
    [color_grid] step  370 loss 0.408719 |p| 0.25392 eval 0.408636
    [color_grid] step  380 loss 0.407664 |p| 0.25393 eval 0.407636
    [color_grid] step  390 loss 0.406205 |p| 0.25393 eval 0.405969
    [color_grid] step  399 loss 0.404656 |p| 0.25394 eval 0.404644
  color_grid  whole:sign   r=0.05  cos=0.4046 redetect=0.49902 stop=max_steps@400
    [color_grid] step    0 loss 1.000000 |p| 0.25009 eval 0.999616
    [color_grid] step   10 loss 0.948222 |p| 0.25079 eval 0.937238
    [color_grid] step   20 loss 0.838329 |p| 0.25141 eval 0.827619
    [color_grid] step   30 loss 0.733469 |p| 0.25196 eval 0.723114
    [color_grid] step   40 loss 0.638300 |p| 0.25248 eval 0.628735
    [color_grid] step   50 loss 0.546890 |p| 0.25300 eval 0.537773
    [color_grid] step   60 loss 0.461941 |p| 0.25347 eval 0.454074
    [color_grid] step   70 loss 0.390932 |p| 0.25393 eval 0.384282
    [color_grid] step   80 loss 0.329874 |p| 0.25434 eval 0.324053
    [color_grid] step   90 loss 0.275756 |p| 0.25472 eval 0.270444
    [color_grid] step  100 loss 0.226190 |p| 0.25509 eval 0.222778
    [color_grid] step  110 loss 0.192996 |p| 0.25532 eval 0.189932
    [color_grid] step  120 loss 0.164925 |p| 0.25550 eval 0.162488
    [color_grid] step  130 loss 0.141458 |p| 0.25567 eval 0.139235
    [color_grid] step  140 loss 0.121419 |p| 0.25582 eval 0.119756
    [color_grid] step  150 loss 0.105660 |p| 0.25596 eval 0.104317
    [color_grid] step  160 loss 0.090899 |p| 0.25607 eval 0.089940
    [color_grid] step  170 loss 0.079723 |p| 0.25618 eval 0.078624
    [color_grid] step  180 loss 0.068971 |p| 0.25630 eval 0.068029
    [color_grid] step  190 loss 0.059528 |p| 0.25640 eval 0.058760
    [color_grid] step  200 loss 0.050729 |p| 0.25648 eval 0.049901
    [color_grid] step  210 loss 0.042554 |p| 0.25658 eval 0.041802
    [color_grid] step  220 loss 0.034961 |p| 0.25664 eval 0.034280
    [color_grid] step  230 loss 0.027689 |p| 0.25672 eval 0.027015
    [color_grid] step  240 loss 0.022565 |p| 0.25677 eval 0.022120
    [color_grid] step  250 loss 0.018464 |p| 0.25681 eval 0.017996
    [color_grid] step  260 loss 0.015508 |p| 0.25684 eval 0.015237
    [color_grid] step  270 loss 0.013313 |p| 0.25687 eval 0.013063
    [color_grid] step  280 loss 0.011419 |p| 0.25690 eval 0.011344
    [color_grid] step  290 loss 0.009275 |p| 0.25692 eval 0.009009
    [color_grid] step  300 loss 0.006532 |p| 0.25693 eval 0.006522
    [color_grid] step  310 loss 0.004203 |p| 0.25694 eval 0.003761
    [color_grid] step  320 loss 0.001510 |p| 0.25695 eval 0.000859
    [color_grid] step  330 loss -0.000771 |p| 0.25697 eval -0.001077
    [color_grid] step  340 loss -0.002814 |p| 0.25700 eval -0.003259
    [color_grid] step  350 loss -0.005299 |p| 0.25701 eval -0.005689
    [color_grid] step  360 loss -0.007821 |p| 0.25703 eval -0.007907
    [color_grid] step  370 loss -0.009864 |p| 0.25706 eval -0.009914
    [color_grid] step  380 loss -0.011505 |p| 0.25708 eval -0.011689
    [color_grid] step  390 loss -0.013552 |p| 0.25710 eval -0.013626
    [color_grid] step  399 loss -0.014489 |p| 0.25712 eval -0.014584
  color_grid  whole:sign   r=0.10  cos=-0.0146 redetect=0.17454 stop=max_steps@400
    [color_grid] step    0 loss 1.000000 |p| 0.25017 eval 0.998495
    [color_grid] step   10 loss 0.842893 |p| 0.25145 eval 0.820614
    [color_grid] step   20 loss 0.642083 |p| 0.25249 eval 0.623114
    [color_grid] step   30 loss 0.465916 |p| 0.25345 eval 0.450880
    [color_grid] step   40 loss 0.341811 |p| 0.25434 eval 0.330858
    [color_grid] step   50 loss 0.234166 |p| 0.25510 eval 0.224923
    [color_grid] step   60 loss 0.136086 |p| 0.25577 eval 0.125432
    [color_grid] step   70 loss 0.048840 |p| 0.25639 eval 0.040503
    [color_grid] step   80 loss -0.022981 |p| 0.25701 eval -0.029123
    [color_grid] step   90 loss -0.074696 |p| 0.25759 eval -0.079775
    [color_grid] step  100 loss -0.122793 |p| 0.25815 eval -0.126940
    [color_grid] step  110 loss -0.160602 |p| 0.25862 eval -0.163709
    [color_grid] step  120 loss -0.191075 |p| 0.25899 eval -0.194218
    [color_grid] step  130 loss -0.219303 |p| 0.25926 eval -0.223131
    [color_grid] step  140 loss -0.249410 |p| 0.25950 eval -0.252341
    [color_grid] step  150 loss -0.274821 |p| 0.25968 eval -0.277527
    [color_grid] step  160 loss -0.301271 |p| 0.25983 eval -0.304368
    [color_grid] step  170 loss -0.337031 |p| 0.25992 eval -0.341156
    [color_grid] step  180 loss -0.379242 |p| 0.25992 eval -0.383714
    [color_grid] step  190 loss -0.432916 |p| 0.25991 eval -0.439532
    [color_grid] step  200 loss -0.490813 |p| 0.25993 eval -0.496116
    [color_grid] step  210 loss -0.532958 |p| 0.25999 eval -0.537542
    [color_grid] step  220 loss -0.576716 |p| 0.26006 eval -0.579501
    [color_grid] step  230 loss -0.612601 |p| 0.26014 eval -0.616210
    [color_grid] step  240 loss -0.636782 |p| 0.26023 eval -0.637882
    [color_grid] step  250 loss -0.655890 |p| 0.26030 eval -0.657642
    [color_grid] step  260 loss -0.668282 |p| 0.26042 eval -0.669080
    [color_grid] step  270 loss -0.678458 |p| 0.26057 eval -0.678392
    [color_grid] step  280 loss -0.687434 |p| 0.26073 eval -0.686992
    [color_grid] step  290 loss -0.698667 |p| 0.26090 eval -0.699886
    [color_grid] step  300 loss -0.712779 |p| 0.26104 eval -0.713831
    [color_grid] step  310 loss -0.726240 |p| 0.26116 eval -0.726980
    [color_grid] step  320 loss -0.738504 |p| 0.26129 eval -0.739785
    [color_grid] step  330 loss -0.748277 |p| 0.26138 eval -0.748664
    [color_grid] step  340 loss -0.754695 |p| 0.26145 eval -0.754793
    [color_grid] step  350 loss -0.760919 |p| 0.26156 eval -0.761509
    [color_grid] step  360 loss -0.766958 |p| 0.26164 eval -0.767779
    [color_grid] step  370 loss -0.775383 |p| 0.26168 eval -0.775103
    [color_grid] step  380 loss -0.781263 |p| 0.26172 eval -0.781422
    [color_grid] step  390 loss -0.787614 |p| 0.26174 eval -0.787498
    [color_grid] step  399 loss -0.791838 |p| 0.26174 eval -0.792303
  color_grid  whole:sign   r=0.20  cos=-0.7923 redetect=-0.45671 stop=max_steps@400
    [color_grid] step    0 loss 1.000000 |p| 0.25026 eval 0.996712
    [color_grid] step   10 loss 0.742558 |p| 0.25202 eval 0.712876
    [color_grid] step   20 loss 0.476653 |p| 0.25347 eval 0.454755
    [color_grid] step   30 loss 0.279922 |p| 0.25476 eval 0.263751
    [color_grid] step   40 loss 0.113301 |p| 0.25581 eval 0.100112
    [color_grid] step   50 loss -0.004998 |p| 0.25681 eval -0.015221
    [color_grid] step   60 loss -0.091113 |p| 0.25772 eval -0.099265
    [color_grid] step   70 loss -0.166486 |p| 0.25857 eval -0.172735
    [color_grid] step   80 loss -0.227657 |p| 0.25939 eval -0.233840
    [color_grid] step   90 loss -0.284240 |p| 0.25990 eval -0.290267
    [color_grid] step  100 loss -0.347693 |p| 0.26034 eval -0.355579
    [color_grid] step  110 loss -0.443332 |p| 0.26065 eval -0.455832
    [color_grid] step  120 loss -0.595595 |p| 0.26096 eval -0.607721
    [color_grid] step  130 loss -0.697944 |p| 0.26127 eval -0.704324
    [color_grid] step  140 loss -0.748415 |p| 0.26156 eval -0.749558
    [color_grid] step  150 loss -0.772606 |p| 0.26185 eval -0.774445
    [color_grid] step  160 loss -0.794002 |p| 0.26209 eval -0.796348
    [color_grid] step  170 loss -0.815293 |p| 0.26235 eval -0.816534
    [color_grid] step  180 loss -0.830788 |p| 0.26257 eval -0.831190
    [color_grid] step  190 loss -0.845369 |p| 0.26276 eval -0.846634
    [color_grid] step  200 loss -0.853691 |p| 0.26291 eval -0.856447
    [color_grid] step  210 loss -0.862493 |p| 0.26304 eval -0.865396
    [color_grid] step  220 loss -0.866691 |p| 0.26314 eval -0.869217
    [color_grid] step  230 loss -0.872262 |p| 0.26330 eval -0.873703
    [color_grid] step  240 loss -0.875457 |p| 0.26346 eval -0.877299
    [color_grid] step  250 loss -0.879121 |p| 0.26361 eval -0.880669
    [color_grid] step  260 loss -0.883262 |p| 0.26377 eval -0.884036
    [color_grid] step  270 loss -0.886593 |p| 0.26393 eval -0.887085
    [color_grid] step  280 loss -0.889109 |p| 0.26405 eval -0.889185
    [color_grid] step  290 loss -0.890572 |p| 0.26420 eval -0.891377
    [color_grid] step  300 loss -0.891867 |p| 0.26438 eval -0.892952
    [color_grid] step  310 loss -0.892855 |p| 0.26452 eval -0.893980
    [color_grid] step  320 loss -0.894210 |p| 0.26463 eval -0.894715
    [color_grid] step  330 loss -0.895039 |p| 0.26477 eval -0.895550
    [color_grid] step  340 loss -0.895954 |p| 0.26486 eval -0.895891
    [color_grid] step  350 loss -0.897189 |p| 0.26495 eval -0.897773
    [color_grid] step  360 loss -0.897886 |p| 0.26504 eval -0.899124
    [color_grid] step  370 loss -0.899045 |p| 0.26509 eval -0.899468
    [color_grid] step  380 loss -0.899567 |p| 0.26518 eval -0.900374
    [color_grid] step  390 loss -0.900058 |p| 0.26526 eval -0.900856
    [color_grid] step  399 loss -0.901192 |p| 0.26533 eval -0.900684
  color_grid  whole:sign   r=0.30  cos=-0.9007 redetect=None stop=max_steps@400
    [color_grid] step    0 loss 1.000000 |p| 0.25052 eval 0.987935
    [color_grid] step   10 loss 0.497760 |p| 0.25360 eval 0.454489
    [color_grid] step   20 loss 0.172259 |p| 0.25585 eval 0.143795
    [color_grid] step   30 loss -0.049695 |p| 0.25752 eval -0.065219
    [color_grid] step   40 loss -0.160439 |p| 0.25898 eval -0.168235
    [color_grid] step   50 loss -0.245352 |p| 0.26018 eval -0.253424
    [color_grid] step   60 loss -0.347555 |p| 0.26124 eval -0.364151
    [color_grid] step   70 loss -0.525320 |p| 0.26210 eval -0.538510
    [color_grid] step   80 loss -0.623232 |p| 0.26292 eval -0.625760
    [color_grid] step   90 loss -0.676278 |p| 0.26376 eval -0.677246
    [color_grid] step  100 loss -0.714033 |p| 0.26476 eval -0.715751
    [color_grid] step  110 loss -0.736004 |p| 0.26549 eval -0.738364
    [color_grid] step  120 loss -0.753872 |p| 0.26619 eval -0.755964
    [color_grid] step  130 loss -0.772438 |p| 0.26681 eval -0.771201
    [color_grid] step  140 loss -0.788447 |p| 0.26755 eval -0.789197
    [color_grid] step  150 loss -0.801261 |p| 0.26821 eval -0.800494
    [color_grid] step  160 loss -0.809177 |p| 0.26882 eval -0.809849
    [color_grid] step  170 loss -0.817332 |p| 0.26940 eval -0.817159
    [color_grid] step  180 loss -0.821055 |p| 0.26989 eval -0.820747
    [color_grid] step  190 loss -0.829374 |p| 0.27030 eval -0.829539
    [color_grid] step  200 loss -0.839685 |p| 0.27071 eval -0.841089
    [color_grid] step  210 loss -0.850154 |p| 0.27119 eval -0.845939
    [color_grid] step  220 loss -0.858233 |p| 0.27149 eval -0.857321
    [color_grid] step  230 loss -0.865646 |p| 0.27177 eval -0.863911
    [color_grid] step  240 loss -0.873868 |p| 0.27225 eval -0.870154
    [color_grid] step  250 loss -0.886090 |p| 0.27264 eval -0.884951
    [color_grid] step  260 loss -0.896413 |p| 0.27298 eval -0.895436
    [color_grid] step  270 loss -0.901907 |p| 0.27331 eval -0.898852
    [color_grid] step  280 loss -0.906393 |p| 0.27356 eval -0.903025
    [color_grid] step  290 loss -0.907858 |p| 0.27378 eval -0.907516
    [color_grid] step  300 loss -0.909928 |p| 0.27393 eval -0.910930
    [color_grid] step  310 loss -0.909610 |p| 0.27405 eval -0.913589
    [color_grid] step  320 loss -0.913923 |p| 0.27418 eval -0.916694
    [color_grid] step  330 loss -0.915583 |p| 0.27434 eval -0.919355
    [color_grid] step  340 loss -0.917169 |p| 0.27445 eval -0.922454
    [color_grid] step  350 loss -0.918491 |p| 0.27455 eval -0.923521
    [color_grid] step  360 loss -0.920457 |p| 0.27459 eval -0.924146
    [color_grid] step  370 loss -0.921497 |p| 0.27465 eval -0.925196
    [color_grid] step  380 loss -0.923093 |p| 0.27471 eval -0.926142
    [color_grid] step  390 loss -0.925422 |p| 0.27485 eval -0.927374
    [color_grid] step  399 loss -0.928099 |p| 0.27489 eval -0.928870
  color_grid  whole:sign   r=0.60  cos=-0.9289 redetect=None stop=max_steps@400
    [color_grid] step    0 loss 1.000000 |p| 0.25104 eval 0.958266
    [color_grid] step   10 loss 0.242837 |p| 0.25596 eval 0.193622
    [color_grid] step   20 loss -0.141269 |p| 0.25840 eval -0.164457
    [color_grid] step   30 loss -0.287217 |p| 0.26026 eval -0.294958
    [color_grid] step   40 loss -0.547796 |p| 0.26187 eval -0.570312
    [color_grid] step   50 loss -0.701812 |p| 0.26366 eval -0.694199
    [color_grid] step   60 loss -0.764878 |p| 0.26527 eval -0.767856
    [color_grid] step   70 loss -0.795866 |p| 0.26661 eval -0.795364
    [color_grid] step   80 loss -0.831682 |p| 0.26791 eval -0.839679
    [color_grid] step   90 loss -0.873012 |p| 0.26902 eval -0.884201
    [color_grid] step  100 loss -0.893472 |p| 0.27006 eval -0.912628
    [color_grid] step  110 loss -0.920076 |p| 0.27088 eval -0.932195
    [color_grid] step  120 loss -0.935548 |p| 0.27156 eval -0.947888
    [color_grid] step  130 loss -0.936178 |p| 0.27209 eval -0.951390
    [color_grid] step  140 loss -0.947803 |p| 0.27268 eval -0.948252
    [color_grid] step  150 loss -0.957857 |p| 0.27298 eval -0.948199
    [color_grid] step  160 loss -0.950511 |p| 0.27335 eval -0.952369
    [color_grid] step  170 loss -0.958151 |p| 0.27384 eval -0.959190
    [color_grid] step  180 loss -0.960126 |p| 0.27446 eval -0.963775
    [color_grid] step  190 loss -0.964683 |p| 0.27501 eval -0.959165
    [color_grid] step  200 loss -0.964497 |p| 0.27533 eval -0.966075
    [color_grid] step  210 loss -0.963716 |p| 0.27583 eval -0.966316
    [color_grid] step  220 loss -0.953155 |p| 0.27626 eval -0.972250
    [color_grid] step  230 loss -0.968447 |p| 0.27674 eval -0.968577
    [color_grid] step  240 loss -0.966838 |p| 0.27718 eval -0.966691
    [color_grid] step  250 loss -0.967095 |p| 0.27769 eval -0.973634
    [color_grid] step  260 loss -0.972094 |p| 0.27813 eval -0.973087
    [color_grid] step  270 loss -0.965247 |p| 0.27854 eval -0.974273
    [color_grid] step  280 loss -0.975020 |p| 0.27885 eval -0.963465
    [color_grid] step  290 loss -0.970942 |p| 0.27915 eval -0.968200
    [color_grid] step  300 loss -0.978738 |p| 0.27964 eval -0.974181
    [color_grid] step  310 loss -0.979594 |p| 0.27973 eval -0.967302
    [color_grid] step  320 loss -0.978518 |p| 0.28020 eval -0.973432
    [color_grid] step  330 loss -0.977823 |p| 0.28060 eval -0.974288
    [color_grid] step  340 loss -0.975986 |p| 0.28076 eval -0.975699
    [color_grid] step  350 loss -0.981815 |p| 0.28118 eval -0.968030
    [color_grid] step  360 loss -0.980617 |p| 0.28145 eval -0.973343
    [color_grid] step  370 loss -0.973057 |p| 0.28186 eval -0.981516
    [color_grid] step  380 loss -0.970651 |p| 0.28222 eval -0.983546
    [color_grid] step  390 loss -0.973190 |p| 0.28250 eval -0.982920
    [color_grid] step  399 loss -0.984890 |p| 0.28272 eval -0.974364
  color_grid  whole:sign   r=1.20  cos=-0.9744 redetect=None stop=max_steps@400
    [color_grid] step    0 loss 1.000000 |p| 0.25174 eval 0.908707
    [color_grid] step   10 loss -0.088624 |p| 0.25844 eval -0.113348
    [color_grid] step   20 loss -0.404474 |p| 0.26211 eval -0.450626
    [color_grid] step   30 loss -0.696265 |p| 0.26529 eval -0.703942
    [color_grid] step   40 loss -0.780638 |p| 0.26809 eval -0.810541
    [color_grid] step   50 loss -0.824182 |p| 0.27023 eval -0.836533
    [color_grid] step   60 loss -0.852756 |p| 0.27197 eval -0.865180
    [color_grid] step   70 loss -0.863869 |p| 0.27290 eval -0.879162
    [color_grid] step   80 loss -0.871535 |p| 0.27378 eval -0.891545
    [color_grid] step   90 loss -0.892796 |p| 0.27501 eval -0.895461
    [color_grid] step  100 loss -0.897457 |p| 0.27602 eval -0.913221
    [color_grid] step  110 loss -0.899185 |p| 0.27706 eval -0.897676
    [color_grid] step  120 loss -0.931945 |p| 0.27806 eval -0.913505
    [color_grid] step  130 loss -0.928773 |p| 0.27914 eval -0.929367
    [color_grid] step  140 loss -0.931020 |p| 0.28030 eval -0.932050
    [color_grid] step  150 loss -0.941754 |p| 0.28115 eval -0.934159
    [color_grid] step  160 loss -0.940505 |p| 0.28216 eval -0.939613
    [color_grid] step  170 loss -0.930133 |p| 0.28273 eval -0.946944
    [color_grid] step  180 loss -0.939559 |p| 0.28341 eval -0.951442
    [color_grid] step  190 loss -0.919868 |p| 0.28418 eval -0.950045
    [color_grid] step  200 loss -0.956882 |p| 0.28505 eval -0.939048
    [color_grid] step  210 loss -0.963521 |p| 0.28560 eval -0.939408
    [color_grid] step  220 loss -0.952268 |p| 0.28616 eval -0.942239
    [color_grid] step  230 loss -0.943611 |p| 0.28685 eval -0.959176
    [color_grid] step  240 loss -0.959334 |p| 0.28778 eval -0.963295
    [color_grid] step  250 loss -0.956609 |p| 0.28844 eval -0.943337
    [color_grid] step  260 loss -0.956375 |p| 0.28920 eval -0.965300
    [color_grid] step  270 loss -0.966815 |p| 0.28982 eval -0.960552
    [color_grid] step  280 loss -0.964735 |p| 0.29038 eval -0.958135
    [color_grid] step  290 loss -0.964587 |p| 0.29081 eval -0.969159
    [color_grid] step  300 loss -0.958518 |p| 0.29109 eval -0.966675
    [color_grid] step  310 loss -0.947808 |p| 0.29138 eval -0.977588
    [color_grid] step  320 loss -0.966082 |p| 0.29213 eval -0.952427
    [color_grid] step  330 loss -0.964254 |p| 0.29259 eval -0.966685
    [color_grid] step  340 loss -0.944090 |p| 0.29300 eval -0.971918
    [color_grid] step  350 loss -0.969678 |p| 0.29318 eval -0.962748
    [color_grid] step  360 loss -0.959103 |p| 0.29373 eval -0.958587
    [color_grid] step  370 loss -0.975446 |p| 0.29374 eval -0.963713
    [color_grid] step  380 loss -0.963053 |p| 0.29396 eval -0.969051
    [color_grid] step  390 loss -0.950199 |p| 0.29471 eval -0.981122
    [color_grid] step  399 loss -0.978387 |p| 0.29503 eval -0.955975
  color_grid  whole:sign   r=2.00  cos=-0.9560 redetect=0.22468 stop=max_steps@400
    [color_grid] step    0 loss 1.000000 |p| 0.25001 eval 0.999984
    [color_grid] step   10 loss 0.998167 |p| 0.25015 eval 0.997733
    [color_grid] step   20 loss 0.991157 |p| 0.25032 eval 0.990039
    [color_grid] step   30 loss 0.976936 |p| 0.25050 eval 0.975207
    [color_grid] step   40 loss 0.956130 |p| 0.25069 eval 0.953551
    [color_grid] step   50 loss 0.926399 |p| 0.25088 eval 0.923149
    [color_grid] step   60 loss 0.895298 |p| 0.25106 eval 0.892483
    [color_grid] step   70 loss 0.865865 |p| 0.25122 eval 0.862884
    [color_grid] step   80 loss 0.839614 |p| 0.25136 eval 0.838264
    [color_grid] step   90 loss 0.832896 |p| 0.25142 eval 0.832446
    [color_grid] step  100 loss 0.828950 |p| 0.25145 eval 0.828598
    [color_grid] step  110 loss 0.825767 |p| 0.25148 eval 0.825442
    [color_grid] step  120 loss 0.822609 |p| 0.25150 eval 0.822338
    [color_grid] step  130 loss 0.819554 |p| 0.25152 eval 0.819236
    [color_grid] step  140 loss 0.816658 |p| 0.25154 eval 0.816389
    [color_grid] step  150 loss 0.814177 |p| 0.25156 eval 0.813951
    [color_grid] step  160 loss 0.811960 |p| 0.25157 eval 0.811802
    [color_grid] step  170 loss 0.809853 |p| 0.25159 eval 0.809634
    [color_grid] step  180 loss 0.807841 |p| 0.25160 eval 0.807690
    [color_grid] step  190 loss 0.806318 |p| 0.25160 eval 0.806187
    [color_grid] step  200 loss 0.804652 |p| 0.25161 eval 0.804467
    [color_grid] step  210 loss 0.803242 |p| 0.25162 eval 0.803063
    [color_grid] step  220 loss 0.801936 |p| 0.25163 eval 0.801824
    [color_grid] step  230 loss 0.800969 |p| 0.25163 eval 0.800898
    [color_grid] step  240 loss 0.800396 |p| 0.25164 eval 0.800303
    [color_grid] step  250 loss 0.799928 |p| 0.25165 eval 0.799830
    [color_grid] step  260 loss 0.799542 |p| 0.25166 eval 0.799527
    [color_grid] step  270 loss 0.799358 |p| 0.25166 eval 0.799330
    [color_grid] step  280 loss 0.799136 |p| 0.25167 eval 0.799137
    [color_grid] step  290 loss 0.799068 |p| 0.25168 eval 0.799071
    [color_grid] step  300 loss 0.798985 |p| 0.25168 eval 0.798999
    [color_grid] step  310 loss 0.798878 |p| 0.25169 eval 0.798885
    [color_grid] step  320 loss 0.798836 |p| 0.25169 eval 0.798813
    [color_grid] step  330 loss 0.798787 |p| 0.25169 eval 0.798785
    [color_grid] step  340 loss 0.798770 |p| 0.25170 eval 0.798795
    [color_grid] step  350 loss 0.798744 |p| 0.25170 eval 0.798725
    [color_grid] step  360 loss 0.798660 |p| 0.25170 eval 0.798708
    [color_grid] step  370 loss 0.798640 |p| 0.25170 eval 0.798651
    [color_grid] step  380 loss 0.798631 |p| 0.25171 eval 0.798601
    [color_grid] step  390 loss 0.798672 |p| 0.25171 eval 0.798663
    [color_grid] early stop at step 390（連續 8 次評估未改善 > 0.0001）
  color_grid  whole:adam   r=0.02  cos=0.7987 redetect=0.81396 stop=early_stop@391
    [color_grid] step    0 loss 1.000000 |p| 0.25003 eval 0.999903
    [color_grid] step   10 loss 0.988862 |p| 0.25038 eval 0.986165
    [color_grid] step   20 loss 0.948842 |p| 0.25077 eval 0.942863
    [color_grid] step   30 loss 0.885279 |p| 0.25116 eval 0.879001
    [color_grid] step   40 loss 0.822417 |p| 0.25153 eval 0.816354
    [color_grid] step   50 loss 0.761471 |p| 0.25186 eval 0.755647
    [color_grid] step   60 loss 0.702805 |p| 0.25217 eval 0.696907
    [color_grid] step   70 loss 0.644314 |p| 0.25247 eval 0.638862
    [color_grid] step   80 loss 0.592834 |p| 0.25274 eval 0.588732
    [color_grid] step   90 loss 0.553615 |p| 0.25297 eval 0.549845
    [color_grid] step  100 loss 0.521566 |p| 0.25315 eval 0.518893
    [color_grid] step  110 loss 0.497591 |p| 0.25329 eval 0.495589
    [color_grid] step  120 loss 0.478143 |p| 0.25340 eval 0.476483
    [color_grid] step  130 loss 0.462759 |p| 0.25349 eval 0.461447
    [color_grid] step  140 loss 0.451952 |p| 0.25356 eval 0.451041
    [color_grid] step  150 loss 0.443599 |p| 0.25362 eval 0.442887
    [color_grid] step  160 loss 0.437380 |p| 0.25366 eval 0.436888
    [color_grid] step  170 loss 0.432372 |p| 0.25370 eval 0.431972
    [color_grid] step  180 loss 0.428043 |p| 0.25373 eval 0.427553
    [color_grid] step  190 loss 0.423191 |p| 0.25376 eval 0.422602
    [color_grid] step  200 loss 0.418338 |p| 0.25378 eval 0.417950
    [color_grid] step  210 loss 0.415740 |p| 0.25380 eval 0.415600
    [color_grid] step  220 loss 0.413848 |p| 0.25381 eval 0.413861
    [color_grid] step  230 loss 0.412574 |p| 0.25382 eval 0.412389
    [color_grid] step  240 loss 0.411332 |p| 0.25383 eval 0.411200
    [color_grid] step  250 loss 0.410208 |p| 0.25384 eval 0.410037
    [color_grid] step  260 loss 0.409305 |p| 0.25384 eval 0.409100
    [color_grid] step  270 loss 0.408322 |p| 0.25385 eval 0.408168
    [color_grid] step  280 loss 0.407513 |p| 0.25386 eval 0.407374
    [color_grid] step  290 loss 0.406786 |p| 0.25387 eval 0.406726
    [color_grid] step  300 loss 0.406249 |p| 0.25389 eval 0.406289
    [color_grid] step  310 loss 0.405979 |p| 0.25390 eval 0.405946
    [color_grid] step  320 loss 0.405615 |p| 0.25392 eval 0.405554
    [color_grid] step  330 loss 0.405253 |p| 0.25393 eval 0.405258
    [color_grid] step  340 loss 0.405043 |p| 0.25395 eval 0.405019
    [color_grid] step  350 loss 0.404792 |p| 0.25396 eval 0.404761
    [color_grid] step  360 loss 0.404563 |p| 0.25397 eval 0.404499
    [color_grid] step  370 loss 0.404185 |p| 0.25398 eval 0.404340
    [color_grid] step  380 loss 0.404076 |p| 0.25399 eval 0.404013
    [color_grid] step  390 loss 0.404045 |p| 0.25400 eval 0.403925
    [color_grid] step  399 loss 0.403720 |p| 0.25400 eval 0.403674
  color_grid  whole:adam   r=0.05  cos=0.4037 redetect=0.5846 stop=max_steps@400
    [color_grid] step    0 loss 1.000000 |p| 0.25007 eval 0.999621
    [color_grid] step   10 loss 0.958462 |p| 0.25074 eval 0.948961
    [color_grid] step   20 loss 0.849118 |p| 0.25143 eval 0.838073
    [color_grid] step   30 loss 0.742563 |p| 0.25205 eval 0.732384
    [color_grid] step   40 loss 0.645931 |p| 0.25260 eval 0.636559
    [color_grid] step   50 loss 0.556641 |p| 0.25312 eval 0.547123
    [color_grid] step   60 loss 0.471479 |p| 0.25363 eval 0.463733
    [color_grid] step   70 loss 0.398682 |p| 0.25414 eval 0.391434
    [color_grid] step   80 loss 0.331635 |p| 0.25464 eval 0.325915
    [color_grid] step   90 loss 0.281796 |p| 0.25502 eval 0.277478
    [color_grid] step  100 loss 0.242011 |p| 0.25528 eval 0.238766
    [color_grid] step  110 loss 0.209173 |p| 0.25549 eval 0.205996
    [color_grid] step  120 loss 0.178184 |p| 0.25565 eval 0.174783
    [color_grid] step  130 loss 0.145088 |p| 0.25583 eval 0.142456
    [color_grid] step  140 loss 0.121934 |p| 0.25601 eval 0.119918
    [color_grid] step  150 loss 0.101090 |p| 0.25615 eval 0.099170
    [color_grid] step  160 loss 0.084015 |p| 0.25625 eval 0.082274
    [color_grid] step  170 loss 0.069115 |p| 0.25633 eval 0.067887
    [color_grid] step  180 loss 0.056832 |p| 0.25639 eval 0.055691
    [color_grid] step  190 loss 0.046161 |p| 0.25643 eval 0.045335
    [color_grid] step  200 loss 0.039173 |p| 0.25645 eval 0.038468
    [color_grid] step  210 loss 0.033134 |p| 0.25647 eval 0.032565
    [color_grid] step  220 loss 0.027955 |p| 0.25649 eval 0.027422
    [color_grid] step  230 loss 0.023722 |p| 0.25650 eval 0.023317
    [color_grid] step  240 loss 0.018902 |p| 0.25653 eval 0.018353
    [color_grid] step  250 loss 0.013104 |p| 0.25656 eval 0.012408
    [color_grid] step  260 loss 0.006872 |p| 0.25658 eval 0.006167
    [color_grid] step  270 loss 0.000171 |p| 0.25660 eval -0.000506
    [color_grid] step  280 loss -0.006092 |p| 0.25662 eval -0.006599
    [color_grid] step  290 loss -0.011211 |p| 0.25663 eval -0.011638
    [color_grid] step  300 loss -0.015849 |p| 0.25665 eval -0.016383
    [color_grid] step  310 loss -0.020469 |p| 0.25668 eval -0.020836
    [color_grid] step  320 loss -0.024263 |p| 0.25671 eval -0.024587
    [color_grid] step  330 loss -0.027766 |p| 0.25675 eval -0.028125
    [color_grid] step  340 loss -0.030637 |p| 0.25679 eval -0.030909
    [color_grid] step  350 loss -0.032839 |p| 0.25683 eval -0.033086
    [color_grid] step  360 loss -0.035152 |p| 0.25687 eval -0.035303
    [color_grid] step  370 loss -0.037361 |p| 0.25691 eval -0.037551
    [color_grid] step  380 loss -0.039181 |p| 0.25696 eval -0.039387
    [color_grid] step  390 loss -0.040815 |p| 0.25699 eval -0.041009
    [color_grid] step  399 loss -0.042054 |p| 0.25702 eval -0.042172
  color_grid  whole:adam   r=0.10  cos=-0.0422 redetect=0.15993 stop=max_steps@400
    [color_grid] step    0 loss 1.000000 |p| 0.25013 eval 0.998507
    [color_grid] step   10 loss 0.869226 |p| 0.25139 eval 0.849817
    [color_grid] step   20 loss 0.687379 |p| 0.25254 eval 0.671592
    [color_grid] step   30 loss 0.539291 |p| 0.25351 eval 0.525518
    [color_grid] step   40 loss 0.406462 |p| 0.25442 eval 0.395338
    [color_grid] step   50 loss 0.293255 |p| 0.25526 eval 0.282447
    [color_grid] step   60 loss 0.186758 |p| 0.25602 eval 0.176965
    [color_grid] step   70 loss 0.089168 |p| 0.25670 eval 0.080477
    [color_grid] step   80 loss -0.013325 |p| 0.25735 eval -0.026243
    [color_grid] step   90 loss -0.085972 |p| 0.25790 eval -0.090254
    [color_grid] step  100 loss -0.123983 |p| 0.25825 eval -0.127176
    [color_grid] step  110 loss -0.154885 |p| 0.25849 eval -0.157821
    [color_grid] step  120 loss -0.180786 |p| 0.25867 eval -0.182963
    [color_grid] step  130 loss -0.201137 |p| 0.25881 eval -0.203065
    [color_grid] step  140 loss -0.220612 |p| 0.25896 eval -0.222654
    [color_grid] step  150 loss -0.239048 |p| 0.25911 eval -0.240848
    [color_grid] step  160 loss -0.256308 |p| 0.25923 eval -0.257965
    [color_grid] step  170 loss -0.273399 |p| 0.25933 eval -0.275415
    [color_grid] step  180 loss -0.298154 |p| 0.25944 eval -0.301362
    [color_grid] step  190 loss -0.345279 |p| 0.25959 eval -0.350273
    [color_grid] step  200 loss -0.396421 |p| 0.25976 eval -0.402515
    [color_grid] step  210 loss -0.455076 |p| 0.25991 eval -0.461854
    [color_grid] step  220 loss -0.513609 |p| 0.26004 eval -0.517468
    [color_grid] step  230 loss -0.550337 |p| 0.26019 eval -0.553513
    [color_grid] step  240 loss -0.579987 |p| 0.26037 eval -0.582280
    [color_grid] step  250 loss -0.600066 |p| 0.26057 eval -0.601837
    [color_grid] step  260 loss -0.615316 |p| 0.26076 eval -0.616613
    [color_grid] step  270 loss -0.627852 |p| 0.26088 eval -0.629000
    [color_grid] step  280 loss -0.639451 |p| 0.26099 eval -0.640635
    [color_grid] step  290 loss -0.651790 |p| 0.26109 eval -0.653076
    [color_grid] step  300 loss -0.665729 |p| 0.26120 eval -0.667281
    [color_grid] step  310 loss -0.679902 |p| 0.26133 eval -0.681708
    [color_grid] step  320 loss -0.703568 |p| 0.26143 eval -0.705577
    [color_grid] step  330 loss -0.723182 |p| 0.26155 eval -0.724952
    [color_grid] step  340 loss -0.739288 |p| 0.26165 eval -0.740774
    [color_grid] step  350 loss -0.752588 |p| 0.26172 eval -0.753782
    [color_grid] step  360 loss -0.765064 |p| 0.26177 eval -0.766116
    [color_grid] step  370 loss -0.775114 |p| 0.26181 eval -0.776138
    [color_grid] step  380 loss -0.784489 |p| 0.26186 eval -0.785364
    [color_grid] step  390 loss -0.793058 |p| 0.26190 eval -0.793901
    [color_grid] step  399 loss -0.799034 |p| 0.26194 eval -0.799651
  color_grid  whole:adam   r=0.20  cos=-0.7996 redetect=-0.19395 stop=max_steps@400
    [color_grid] step    0 loss 1.000000 |p| 0.25020 eval 0.996735
    [color_grid] step   10 loss 0.786861 |p| 0.25199 eval 0.761049
    [color_grid] step   20 loss 0.562363 |p| 0.25347 eval 0.542830
    [color_grid] step   30 loss 0.386572 |p| 0.25477 eval 0.370302
    [color_grid] step   40 loss 0.236373 |p| 0.25596 eval 0.222361
    [color_grid] step   50 loss 0.124053 |p| 0.25695 eval 0.112819
    [color_grid] step   60 loss 0.020842 |p| 0.25786 eval 0.009510
    [color_grid] step   70 loss -0.082952 |p| 0.25866 eval -0.089057
    [color_grid] step   80 loss -0.132564 |p| 0.25929 eval -0.137271
    [color_grid] step   90 loss -0.173130 |p| 0.25976 eval -0.176879
    [color_grid] step  100 loss -0.209546 |p| 0.26011 eval -0.212988
    [color_grid] step  110 loss -0.242999 |p| 0.26038 eval -0.246037
    [color_grid] step  120 loss -0.270076 |p| 0.26065 eval -0.272671
    [color_grid] step  130 loss -0.298009 |p| 0.26089 eval -0.301219
    [color_grid] step  140 loss -0.330799 |p| 0.26113 eval -0.334578
    [color_grid] step  150 loss -0.374756 |p| 0.26146 eval -0.380909
    [color_grid] step  160 loss -0.440130 |p| 0.26183 eval -0.447074
    [color_grid] step  170 loss -0.525663 |p| 0.26228 eval -0.536392
    [color_grid] step  180 loss -0.632488 |p| 0.26276 eval -0.639599
    [color_grid] step  190 loss -0.696541 |p| 0.26313 eval -0.702885
    [color_grid] step  200 loss -0.745388 |p| 0.26344 eval -0.750123
    [color_grid] step  210 loss -0.796140 |p| 0.26367 eval -0.801660
    [color_grid] step  220 loss -0.841044 |p| 0.26389 eval -0.845372
    [color_grid] step  230 loss -0.878980 |p| 0.26410 eval -0.881759
    [color_grid] step  240 loss -0.899340 |p| 0.26422 eval -0.901113
    [color_grid] step  250 loss -0.916085 |p| 0.26433 eval -0.917475
    [color_grid] step  260 loss -0.929326 |p| 0.26447 eval -0.930391
    [color_grid] step  270 loss -0.937914 |p| 0.26458 eval -0.938653
    [color_grid] step  280 loss -0.944734 |p| 0.26468 eval -0.945335
    [color_grid] step  290 loss -0.950477 |p| 0.26477 eval -0.950989
    [color_grid] step  300 loss -0.955395 |p| 0.26484 eval -0.955858
    [color_grid] step  310 loss -0.959739 |p| 0.26491 eval -0.960118
    [color_grid] step  320 loss -0.963445 |p| 0.26498 eval -0.963798
    [color_grid] step  330 loss -0.966836 |p| 0.26506 eval -0.967188
    [color_grid] step  340 loss -0.970342 |p| 0.26514 eval -0.970724
    [color_grid] step  350 loss -0.973177 |p| 0.26522 eval -0.973437
    [color_grid] step  360 loss -0.975658 |p| 0.26527 eval -0.975956
    [color_grid] step  370 loss -0.977814 |p| 0.26532 eval -0.977984
    [color_grid] step  380 loss -0.979187 |p| 0.26538 eval -0.979428
    [color_grid] step  390 loss -0.981525 |p| 0.26543 eval -0.981662
    [color_grid] step  399 loss -0.983138 |p| 0.26549 eval -0.983355
  color_grid  whole:adam   r=0.30  cos=-0.9833 redetect=None stop=max_steps@400
    [color_grid] step    0 loss 1.000000 |p| 0.25040 eval 0.988034
    [color_grid] step   10 loss 0.602424 |p| 0.25345 eval 0.568917
    [color_grid] step   20 loss 0.293630 |p| 0.25592 eval 0.268564
    [color_grid] step   30 loss 0.073992 |p| 0.25803 eval 0.047948
    [color_grid] step   40 loss -0.078774 |p| 0.25954 eval -0.085979
    [color_grid] step   50 loss -0.157402 |p| 0.26069 eval -0.162649
    [color_grid] step   60 loss -0.212818 |p| 0.26153 eval -0.219453
    [color_grid] step   70 loss -0.278383 |p| 0.26227 eval -0.285268
    [color_grid] step   80 loss -0.366850 |p| 0.26299 eval -0.377194
    [color_grid] step   90 loss -0.507177 |p| 0.26379 eval -0.523357
    [color_grid] step  100 loss -0.668979 |p| 0.26468 eval -0.686510
    [color_grid] step  110 loss -0.788585 |p| 0.26574 eval -0.796045
    [color_grid] step  120 loss -0.855601 |p| 0.26656 eval -0.859631
    [color_grid] step  130 loss -0.891507 |p| 0.26717 eval -0.894792
    [color_grid] step  140 loss -0.920322 |p| 0.26758 eval -0.922584
    [color_grid] step  150 loss -0.938981 |p| 0.26783 eval -0.940375
    [color_grid] step  160 loss -0.953918 |p| 0.26813 eval -0.955411
    [color_grid] step  170 loss -0.967037 |p| 0.26850 eval -0.968030
    [color_grid] step  180 loss -0.975105 |p| 0.26891 eval -0.975795
    [color_grid] step  190 loss -0.980643 |p| 0.26926 eval -0.981025
    [color_grid] step  200 loss -0.983990 |p| 0.26955 eval -0.984235
    [color_grid] step  210 loss -0.986297 |p| 0.26979 eval -0.986509
    [color_grid] step  220 loss -0.988183 |p| 0.27000 eval -0.988369
    [color_grid] step  230 loss -0.989645 |p| 0.27016 eval -0.989772
    [color_grid] step  240 loss -0.990887 |p| 0.27030 eval -0.990995
    [color_grid] step  250 loss -0.991918 |p| 0.27043 eval -0.992024
    [color_grid] step  260 loss -0.992824 |p| 0.27053 eval -0.992913
    [color_grid] step  270 loss -0.993600 |p| 0.27063 eval -0.993666
    [color_grid] step  280 loss -0.994242 |p| 0.27072 eval -0.994294
    [color_grid] step  290 loss -0.994827 |p| 0.27079 eval -0.994882
    [color_grid] step  300 loss -0.995310 |p| 0.27086 eval -0.995373
    [color_grid] step  310 loss -0.995764 |p| 0.27092 eval -0.995808
    [color_grid] step  320 loss -0.996145 |p| 0.27098 eval -0.996187
    [color_grid] step  330 loss -0.996552 |p| 0.27104 eval -0.996584
    [color_grid] step  340 loss -0.996919 |p| 0.27110 eval -0.996954
    [color_grid] step  350 loss -0.997288 |p| 0.27116 eval -0.997314
    [color_grid] step  360 loss -0.997532 |p| 0.27122 eval -0.997573
    [color_grid] step  370 loss -0.997851 |p| 0.27129 eval -0.997830
    [color_grid] step  380 loss -0.998019 |p| 0.27135 eval -0.998061
    [color_grid] step  390 loss -0.998258 |p| 0.27140 eval -0.998279
    [color_grid] step  399 loss -0.998424 |p| 0.27144 eval -0.998447
  color_grid  whole:adam   r=0.60  cos=-0.9984 redetect=None stop=max_steps@400
    [color_grid] step    0 loss 1.000000 |p| 0.25081 eval 0.958635
    [color_grid] step   10 loss 0.346857 |p| 0.25620 eval 0.297393
    [color_grid] step   20 loss -0.019997 |p| 0.25986 eval -0.041036
    [color_grid] step   30 loss -0.171567 |p| 0.26230 eval -0.181652
    [color_grid] step   40 loss -0.285979 |p| 0.26414 eval -0.302419
    [color_grid] step   50 loss -0.463260 |p| 0.26568 eval -0.482000
    [color_grid] step   60 loss -0.646810 |p| 0.26723 eval -0.660709
    [color_grid] step   70 loss -0.763371 |p| 0.26872 eval -0.768651
    [color_grid] step   80 loss -0.828568 |p| 0.26984 eval -0.833974
    [color_grid] step   90 loss -0.876464 |p| 0.27069 eval -0.880165
    [color_grid] step  100 loss -0.911263 |p| 0.27129 eval -0.914289
    [color_grid] step  110 loss -0.933460 |p| 0.27181 eval -0.935624
    [color_grid] step  120 loss -0.953853 |p| 0.27223 eval -0.955243
    [color_grid] step  130 loss -0.968129 |p| 0.27263 eval -0.969298
    [color_grid] step  140 loss -0.979788 |p| 0.27307 eval -0.980823
    [color_grid] step  150 loss -0.987785 |p| 0.27347 eval -0.988215
    [color_grid] step  160 loss -0.991710 |p| 0.27374 eval -0.991974
    [color_grid] step  170 loss -0.994424 |p| 0.27393 eval -0.994650
    [color_grid] step  180 loss -0.996139 |p| 0.27405 eval -0.996277
    [color_grid] step  190 loss -0.997238 |p| 0.27414 eval -0.997314
    [color_grid] step  200 loss -0.997897 |p| 0.27423 eval -0.997942
    [color_grid] step  210 loss -0.998331 |p| 0.27431 eval -0.998407
    [color_grid] step  220 loss -0.998754 |p| 0.27438 eval -0.998773
    [color_grid] step  230 loss -0.999125 |p| 0.27443 eval -0.999145
    [color_grid] step  240 loss -0.999189 |p| 0.27448 eval -0.998890
    [color_grid] step  250 loss -0.999314 |p| 0.27453 eval -0.999440
    [color_grid] step  260 loss -0.999592 |p| 0.27458 eval -0.999604
    [color_grid] step  270 loss -0.999725 |p| 0.27462 eval -0.999724
    [color_grid] step  280 loss -0.999781 |p| 0.27465 eval -0.999812
    [color_grid] step  290 loss -0.999844 |p| 0.27469 eval -0.999850
    [color_grid] step  300 loss -0.999876 |p| 0.27471 eval -0.999879
    [color_grid] step  310 loss -0.999897 |p| 0.27473 eval -0.999913
    [color_grid] step  320 loss -0.999923 |p| 0.27475 eval -0.999878
    [color_grid] step  330 loss -0.999897 |p| 0.27477 eval -0.999909
    [color_grid] step  340 loss -0.999932 |p| 0.27478 eval -0.999937
    [color_grid] step  350 loss -0.999944 |p| 0.27479 eval -0.999937
    [color_grid] step  360 loss -0.999954 |p| 0.27480 eval -0.999938
    [color_grid] step  370 loss -0.999773 |p| 0.27481 eval -0.999724
    [color_grid] step  380 loss -0.999930 |p| 0.27482 eval -0.999953
    [color_grid] step  390 loss -0.999957 |p| 0.27483 eval -0.999959
    [color_grid] step  399 loss -0.999957 |p| 0.27484 eval -0.999949
  color_grid  whole:adam   r=1.20  cos=-1.0000 redetect=None stop=max_steps@400
    [color_grid] step    0 loss 1.000000 |p| 0.25135 eval 0.909264
    [color_grid] step   10 loss 0.137408 |p| 0.25944 eval 0.086740
    [color_grid] step   20 loss -0.196327 |p| 0.26505 eval -0.228113
    [color_grid] step   30 loss -0.517738 |p| 0.26930 eval -0.550673
    [color_grid] step   40 loss -0.740036 |p| 0.27247 eval -0.754456
    [color_grid] step   50 loss -0.853338 |p| 0.27483 eval -0.863716
    [color_grid] step   60 loss -0.922276 |p| 0.27691 eval -0.926420
    [color_grid] step   70 loss -0.955007 |p| 0.27829 eval -0.957437
    [color_grid] step   80 loss -0.973004 |p| 0.27914 eval -0.974192
    [color_grid] step   90 loss -0.980847 |p| 0.27986 eval -0.981466
    [color_grid] step  100 loss -0.985996 |p| 0.28038 eval -0.986368
    [color_grid] step  110 loss -0.989788 |p| 0.28082 eval -0.990135
    [color_grid] step  120 loss -0.993052 |p| 0.28117 eval -0.993333
    [color_grid] step  130 loss -0.995589 |p| 0.28137 eval -0.995767
    [color_grid] step  140 loss -0.997206 |p| 0.28154 eval -0.997327
    [color_grid] step  150 loss -0.998246 |p| 0.28170 eval -0.998299
    [color_grid] step  160 loss -0.998612 |p| 0.28187 eval -0.998951
    [color_grid] step  170 loss -0.999348 |p| 0.28204 eval -0.999409
    [color_grid] step  180 loss -0.999661 |p| 0.28217 eval -0.999662
    [color_grid] step  190 loss -0.999782 |p| 0.28227 eval -0.999813
    [color_grid] step  200 loss -0.999795 |p| 0.28237 eval -0.999717
    [color_grid] step  210 loss -0.999792 |p| 0.28246 eval -0.999244
    [color_grid] step  220 loss -0.999648 |p| 0.28256 eval -0.999605
    [color_grid] step  230 loss -0.999786 |p| 0.28265 eval -0.999853
    [color_grid] step  240 loss -0.999904 |p| 0.28271 eval -0.999902
    [color_grid] step  250 loss -0.999931 |p| 0.28274 eval -0.999956
    [color_grid] step  260 loss -0.999963 |p| 0.28277 eval -0.999969
    [color_grid] step  270 loss -0.999965 |p| 0.28278 eval -0.999967
    [color_grid] step  280 loss -0.999964 |p| 0.28279 eval -0.999966
    [color_grid] step  290 loss -0.999966 |p| 0.28280 eval -0.999966
    [color_grid] step  300 loss -0.999968 |p| 0.28280 eval -0.999969
    [color_grid] step  310 loss -0.999961 |p| 0.28280 eval -0.999963
    [color_grid] step  320 loss -0.999967 |p| 0.28281 eval -0.999969
    [color_grid] step  330 loss -0.999970 |p| 0.28281 eval -0.999954
    [color_grid] step  340 loss -0.999969 |p| 0.28282 eval -0.999962
    [color_grid] step  350 loss -0.999969 |p| 0.28282 eval -0.999971
    [color_grid] step  360 loss -0.999961 |p| 0.28282 eval -0.999967
    [color_grid] step  370 loss -0.999959 |p| 0.28282 eval -0.999970
    [color_grid] step  380 loss -0.999961 |p| 0.28283 eval -0.999954
    [color_grid] step  390 loss -0.999954 |p| 0.28283 eval -0.999962
    [color_grid] step  399 loss -0.999969 |p| 0.28284 eval -0.999967
  color_grid  whole:adam   r=2.00  cos=-1.0000 redetect=None stop=max_steps@400
  color_grid  whole:rand   r=0.02  cos=0.9931 redetect=0.98863 stop=no_params@0
  color_grid  whole:rand   r=0.05  cos=0.9685 redetect=0.97038 stop=no_params@0
  color_grid  whole:rand   r=0.10  cos=0.9467 redetect=0.92511 stop=no_params@0
  color_grid  whole:rand   r=0.20  cos=0.9236 redetect=0.91087 stop=no_params@0
  color_grid  whole:rand   r=0.30  cos=0.8691 redetect=0.85011 stop=no_params@0
  color_grid  whole:rand   r=0.60  cos=0.5859 redetect=0.35529 stop=no_params@0
  color_grid  whole:rand   r=1.20  cos=0.2277 redetect=None stop=no_params@0
  color_grid  whole:rand   r=2.00  cos=0.1846 redetect=None stop=no_params@0
    [color_curve] step    0 loss 1.000000 |p| 0.01562 eval 1.000000
    [color_curve] step   10 loss 1.000000 |p| 0.01562 eval 1.000000
    [color_curve] step   20 loss 1.000000 |p| 0.01562 eval 1.000000
    [color_curve] step   30 loss 1.000000 |p| 0.01562 eval 1.000000
    [color_curve] step   40 loss 1.000000 |p| 0.01562 eval 1.000000
    [color_curve] step   50 loss 1.000000 |p| 0.01562 eval 1.000000
    [color_curve] step   60 loss 1.000000 |p| 0.01562 eval 1.000000
    [color_curve] step   70 loss 1.000000 |p| 0.01562 eval 1.000000
    [color_curve] step   80 loss 1.000000 |p| 0.01562 eval 1.000000
    [color_curve] early stop at step 80（連續 8 次評估未改善 > 0.0001）
  color_curve whole:sign   r=0.02  cos=1.0000 redetect=1.0 stop=early_stop@81
    [color_curve] step    0 loss 1.000000 |p| 0.01562 eval 1.000000
    [color_curve] step   10 loss 1.000000 |p| 0.01562 eval 1.000000
    [color_curve] step   20 loss 1.000000 |p| 0.01562 eval 1.000000
    [color_curve] step   30 loss 1.000000 |p| 0.01562 eval 1.000000
    [color_curve] step   40 loss 1.000000 |p| 0.01562 eval 1.000000
    [color_curve] step   50 loss 1.000000 |p| 0.01562 eval 1.000000
    [color_curve] step   60 loss 1.000000 |p| 0.01562 eval 1.000000
    [color_curve] step   70 loss 1.000000 |p| 0.01562 eval 1.000000
    [color_curve] step   80 loss 1.000000 |p| 0.01562 eval 1.000000
    [color_curve] early stop at step 80（連續 8 次評估未改善 > 0.0001）
  color_curve whole:sign   r=0.05  cos=1.0000 redetect=1.0 stop=early_stop@81
    [color_curve] step    0 loss 1.000000 |p| 0.01562 eval 1.000000
    [color_curve] step   10 loss 1.000000 |p| 0.01562 eval 1.000000
    [color_curve] step   20 loss 1.000000 |p| 0.01562 eval 1.000000
    [color_curve] step   30 loss 1.000000 |p| 0.01562 eval 1.000000
    [color_curve] step   40 loss 1.000000 |p| 0.01562 eval 1.000000
    [color_curve] step   50 loss 1.000000 |p| 0.01562 eval 1.000000
    [color_curve] step   60 loss 1.000000 |p| 0.01562 eval 1.000000
    [color_curve] step   70 loss 1.000000 |p| 0.01562 eval 1.000000
    [color_curve] step   80 loss 1.000000 |p| 0.01562 eval 1.000000
    [color_curve] early stop at step 80（連續 8 次評估未改善 > 0.0001）
  color_curve whole:sign   r=0.10  cos=1.0000 redetect=1.0 stop=early_stop@81
    [color_curve] step    0 loss 1.000000 |p| 0.01562 eval 1.000000
    [color_curve] step   10 loss 1.000000 |p| 0.01562 eval 1.000000
    [color_curve] step   20 loss 1.000000 |p| 0.01562 eval 1.000000
    [color_curve] step   30 loss 1.000000 |p| 0.01562 eval 1.000000
    [color_curve] step   40 loss 1.000000 |p| 0.01562 eval 1.000000
    [color_curve] step   50 loss 1.000000 |p| 0.01562 eval 1.000000
    [color_curve] step   60 loss 1.000000 |p| 0.01562 eval 1.000000
    [color_curve] step   70 loss 1.000000 |p| 0.01562 eval 1.000000
    [color_curve] step   80 loss 1.000000 |p| 0.01562 eval 1.000000
    [color_curve] early stop at step 80（連續 8 次評估未改善 > 0.0001）
  color_curve whole:sign   r=0.20  cos=1.0000 redetect=1.0 stop=early_stop@81
    [color_curve] step    0 loss 1.000000 |p| 0.01562 eval 1.000000
    [color_curve] step   10 loss 1.000000 |p| 0.01562 eval 1.000000
    [color_curve] step   20 loss 1.000000 |p| 0.01562 eval 1.000000
    [color_curve] step   30 loss 1.000000 |p| 0.01562 eval 1.000000
    [color_curve] step   40 loss 1.000000 |p| 0.01562 eval 1.000000
    [color_curve] step   50 loss 1.000000 |p| 0.01562 eval 1.000000
    [color_curve] step   60 loss 1.000000 |p| 0.01562 eval 1.000000
    [color_curve] step   70 loss 1.000000 |p| 0.01562 eval 1.000000
    [color_curve] step   80 loss 1.000000 |p| 0.01562 eval 1.000000
    [color_curve] early stop at step 80（連續 8 次評估未改善 > 0.0001）
  color_curve whole:sign   r=0.30  cos=1.0000 redetect=1.0 stop=early_stop@81
    [color_curve] step    0 loss 1.000000 |p| 0.01562 eval 1.000000
    [color_curve] step   10 loss 1.000000 |p| 0.01562 eval 1.000000
    [color_curve] step   20 loss 1.000000 |p| 0.01562 eval 1.000000
    [color_curve] step   30 loss 1.000000 |p| 0.01562 eval 1.000000
    [color_curve] step   40 loss 1.000000 |p| 0.01562 eval 1.000000
    [color_curve] step   50 loss 1.000000 |p| 0.01562 eval 1.000000
    [color_curve] step   60 loss 1.000000 |p| 0.01562 eval 1.000000
    [color_curve] step   70 loss 1.000000 |p| 0.01562 eval 1.000000
    [color_curve] step   80 loss 1.000000 |p| 0.01562 eval 1.000000
    [color_curve] early stop at step 80（連續 8 次評估未改善 > 0.0001）
  color_curve whole:sign   r=0.60  cos=1.0000 redetect=1.0 stop=early_stop@81
    [color_curve] step    0 loss 1.000000 |p| 0.01562 eval 1.000000
    [color_curve] step   10 loss 1.000000 |p| 0.01562 eval 1.000000
    [color_curve] step   20 loss 1.000000 |p| 0.01562 eval 1.000000
    [color_curve] step   30 loss 1.000000 |p| 0.01562 eval 1.000000
    [color_curve] step   40 loss 1.000000 |p| 0.01562 eval 1.000000
    [color_curve] step   50 loss 1.000000 |p| 0.01562 eval 1.000000
    [color_curve] step   60 loss 1.000000 |p| 0.01562 eval 1.000000
    [color_curve] step   70 loss 1.000000 |p| 0.01562 eval 1.000000
    [color_curve] step   80 loss 1.000000 |p| 0.01562 eval 1.000000
    [color_curve] early stop at step 80（連續 8 次評估未改善 > 0.0001）
  color_curve whole:sign   r=1.20  cos=1.0000 redetect=1.0 stop=early_stop@81
    [color_curve] step    0 loss 1.000000 |p| 0.01562 eval 1.000000
    [color_curve] step   10 loss 1.000000 |p| 0.01562 eval 1.000000
    [color_curve] step   20 loss 1.000000 |p| 0.01562 eval 1.000000
    [color_curve] step   30 loss 1.000000 |p| 0.01562 eval 1.000000
    [color_curve] step   40 loss 1.000000 |p| 0.01562 eval 1.000000
    [color_curve] step   50 loss 1.000000 |p| 0.01562 eval 1.000000
    [color_curve] step   60 loss 1.000000 |p| 0.01562 eval 1.000000
    [color_curve] step   70 loss 1.000000 |p| 0.01562 eval 1.000000
    [color_curve] step   80 loss 1.000000 |p| 0.01562 eval 1.000000
    [color_curve] early stop at step 80（連續 8 次評估未改善 > 0.0001）
  color_curve whole:sign   r=2.00  cos=1.0000 redetect=1.0 stop=early_stop@81
    [color_curve] step    0 loss 1.000000 |p| 0.01562 eval 1.000000
    [color_curve] step   10 loss 1.000000 |p| 0.01562 eval 1.000000
    [color_curve] step   20 loss 1.000000 |p| 0.01562 eval 1.000000
    [color_curve] step   30 loss 1.000000 |p| 0.01562 eval 1.000000
    [color_curve] step   40 loss 1.000000 |p| 0.01562 eval 1.000000
    [color_curve] step   50 loss 1.000000 |p| 0.01562 eval 1.000000
    [color_curve] step   60 loss 1.000000 |p| 0.01562 eval 1.000000
    [color_curve] step   70 loss 1.000000 |p| 0.01562 eval 1.000000
    [color_curve] step   80 loss 1.000000 |p| 0.01562 eval 1.000000
    [color_curve] early stop at step 80（連續 8 次評估未改善 > 0.0001）
  color_curve whole:adam   r=0.02  cos=1.0000 redetect=1.0 stop=early_stop@81
    [color_curve] step    0 loss 1.000000 |p| 0.01562 eval 1.000000
    [color_curve] step   10 loss 1.000000 |p| 0.01562 eval 1.000000
    [color_curve] step   20 loss 1.000000 |p| 0.01562 eval 1.000000
    [color_curve] step   30 loss 1.000000 |p| 0.01562 eval 1.000000
    [color_curve] step   40 loss 1.000000 |p| 0.01562 eval 1.000000
    [color_curve] step   50 loss 1.000000 |p| 0.01562 eval 1.000000
    [color_curve] step   60 loss 1.000000 |p| 0.01562 eval 1.000000
    [color_curve] step   70 loss 1.000000 |p| 0.01562 eval 1.000000
    [color_curve] step   80 loss 1.000000 |p| 0.01562 eval 1.000000
    [color_curve] early stop at step 80（連續 8 次評估未改善 > 0.0001）
  color_curve whole:adam   r=0.05  cos=1.0000 redetect=1.0 stop=early_stop@81
    [color_curve] step    0 loss 1.000000 |p| 0.01562 eval 1.000000
    [color_curve] step   10 loss 1.000000 |p| 0.01562 eval 1.000000
    [color_curve] step   20 loss 1.000000 |p| 0.01562 eval 1.000000
    [color_curve] step   30 loss 1.000000 |p| 0.01562 eval 1.000000
    [color_curve] step   40 loss 1.000000 |p| 0.01562 eval 1.000000
    [color_curve] step   50 loss 1.000000 |p| 0.01562 eval 1.000000
    [color_curve] step   60 loss 1.000000 |p| 0.01562 eval 1.000000
    [color_curve] step   70 loss 1.000000 |p| 0.01562 eval 1.000000
    [color_curve] step   80 loss 1.000000 |p| 0.01562 eval 1.000000
    [color_curve] early stop at step 80（連續 8 次評估未改善 > 0.0001）
  color_curve whole:adam   r=0.10  cos=1.0000 redetect=1.0 stop=early_stop@81
    [color_curve] step    0 loss 1.000000 |p| 0.01562 eval 1.000000
    [color_curve] step   10 loss 1.000000 |p| 0.01562 eval 1.000000
    [color_curve] step   20 loss 1.000000 |p| 0.01562 eval 1.000000
    [color_curve] step   30 loss 1.000000 |p| 0.01562 eval 1.000000
    [color_curve] step   40 loss 1.000000 |p| 0.01562 eval 1.000000
    [color_curve] step   50 loss 1.000000 |p| 0.01562 eval 1.000000
    [color_curve] step   60 loss 1.000000 |p| 0.01562 eval 1.000000
    [color_curve] step   70 loss 1.000000 |p| 0.01562 eval 1.000000
    [color_curve] step   80 loss 1.000000 |p| 0.01562 eval 1.000000
    [color_curve] early stop at step 80（連續 8 次評估未改善 > 0.0001）
  color_curve whole:adam   r=0.20  cos=1.0000 redetect=1.0 stop=early_stop@81
    [color_curve] step    0 loss 1.000000 |p| 0.01562 eval 1.000000
    [color_curve] step   10 loss 1.000000 |p| 0.01562 eval 1.000000
    [color_curve] step   20 loss 1.000000 |p| 0.01562 eval 1.000000
    [color_curve] step   30 loss 1.000000 |p| 0.01562 eval 1.000000
    [color_curve] step   40 loss 1.000000 |p| 0.01562 eval 1.000000
    [color_curve] step   50 loss 1.000000 |p| 0.01562 eval 1.000000
    [color_curve] step   60 loss 1.000000 |p| 0.01562 eval 1.000000
    [color_curve] step   70 loss 1.000000 |p| 0.01562 eval 1.000000
    [color_curve] step   80 loss 1.000000 |p| 0.01562 eval 1.000000
    [color_curve] early stop at step 80（連續 8 次評估未改善 > 0.0001）
  color_curve whole:adam   r=0.30  cos=1.0000 redetect=1.0 stop=early_stop@81
    [color_curve] step    0 loss 1.000000 |p| 0.01562 eval 1.000000
    [color_curve] step   10 loss 1.000000 |p| 0.01562 eval 1.000000
    [color_curve] step   20 loss 1.000000 |p| 0.01562 eval 1.000000
    [color_curve] step   30 loss 1.000000 |p| 0.01562 eval 1.000000
    [color_curve] step   40 loss 1.000000 |p| 0.01562 eval 1.000000
    [color_curve] step   50 loss 1.000000 |p| 0.01562 eval 1.000000
    [color_curve] step   60 loss 1.000000 |p| 0.01562 eval 1.000000
    [color_curve] step   70 loss 1.000000 |p| 0.01562 eval 1.000000
    [color_curve] step   80 loss 1.000000 |p| 0.01562 eval 1.000000
    [color_curve] early stop at step 80（連續 8 次評估未改善 > 0.0001）
  color_curve whole:adam   r=0.60  cos=1.0000 redetect=1.0 stop=early_stop@81
    [color_curve] step    0 loss 1.000000 |p| 0.01562 eval 1.000000
    [color_curve] step   10 loss 1.000000 |p| 0.01562 eval 1.000000
    [color_curve] step   20 loss 1.000000 |p| 0.01562 eval 1.000000
    [color_curve] step   30 loss 1.000000 |p| 0.01562 eval 1.000000
    [color_curve] step   40 loss 1.000000 |p| 0.01562 eval 1.000000
    [color_curve] step   50 loss 1.000000 |p| 0.01562 eval 1.000000
    [color_curve] step   60 loss 1.000000 |p| 0.01562 eval 1.000000
    [color_curve] step   70 loss 1.000000 |p| 0.01562 eval 1.000000
    [color_curve] step   80 loss 1.000000 |p| 0.01562 eval 1.000000
    [color_curve] early stop at step 80（連續 8 次評估未改善 > 0.0001）
  color_curve whole:adam   r=1.20  cos=1.0000 redetect=1.0 stop=early_stop@81
    [color_curve] step    0 loss 1.000000 |p| 0.01562 eval 1.000000
    [color_curve] step   10 loss 1.000000 |p| 0.01562 eval 1.000000
    [color_curve] step   20 loss 1.000000 |p| 0.01562 eval 1.000000
    [color_curve] step   30 loss 1.000000 |p| 0.01562 eval 1.000000
    [color_curve] step   40 loss 1.000000 |p| 0.01562 eval 1.000000
    [color_curve] step   50 loss 1.000000 |p| 0.01562 eval 1.000000
    [color_curve] step   60 loss 1.000000 |p| 0.01562 eval 1.000000
    [color_curve] step   70 loss 1.000000 |p| 0.01562 eval 1.000000
    [color_curve] step   80 loss 1.000000 |p| 0.01562 eval 1.000000
    [color_curve] early stop at step 80（連續 8 次評估未改善 > 0.0001）
  color_curve whole:adam   r=2.00  cos=1.0000 redetect=1.0 stop=early_stop@81
  color_curve whole:rand   r=0.02  cos=1.0000 redetect=0.99313 stop=no_params@0
  color_curve whole:rand   r=0.05  cos=1.0000 redetect=0.99315 stop=no_params@0
  color_curve whole:rand   r=0.10  cos=0.9998 redetect=0.99255 stop=no_params@0
  color_curve whole:rand   r=0.20  cos=0.9994 redetect=0.99937 stop=no_params@0
  color_curve whole:rand   r=0.30  cos=0.9989 redetect=0.99714 stop=no_params@0
  color_curve whole:rand   r=0.60  cos=0.9973 redetect=0.99544 stop=no_params@0
  color_curve whole:rand   r=1.20  cos=0.9947 redetect=0.98403 stop=no_params@0
  color_curve whole:rand   r=2.00  cos=0.9930 redetect=0.96159 stop=no_params@0
[task_attr_mod_color_158070] box=(215, 154, 335, 304) verify_cos=0.99999
    [color_grid] step    0 loss 1.000000 |p| 0.25002 eval 0.999995
    [color_grid] step   10 loss 0.999403 |p| 0.25015 eval 0.999277
    [color_grid] step   20 loss 0.997642 |p| 0.25030 eval 0.997405
    [color_grid] step   30 loss 0.994817 |p| 0.25044 eval 0.994476
    [color_grid] step   40 loss 0.990927 |p| 0.25057 eval 0.990493
    [color_grid] step   50 loss 0.986266 |p| 0.25070 eval 0.985751
    [color_grid] step   60 loss 0.980344 |p| 0.25081 eval 0.979685
    [color_grid] step   70 loss 0.973074 |p| 0.25092 eval 0.972278
    [color_grid] step   80 loss 0.964585 |p| 0.25102 eval 0.963548
    [color_grid] step   90 loss 0.953020 |p| 0.25112 eval 0.951735
    [color_grid] step  100 loss 0.939561 |p| 0.25122 eval 0.939020
    [color_grid] step  110 loss 0.935880 |p| 0.25125 eval 0.935580
    [color_grid] step  120 loss 0.933187 |p| 0.25127 eval 0.932891
    [color_grid] step  130 loss 0.930950 |p| 0.25129 eval 0.930785
    [color_grid] step  140 loss 0.929102 |p| 0.25132 eval 0.928890
    [color_grid] step  150 loss 0.927343 |p| 0.25134 eval 0.927170
    [color_grid] step  160 loss 0.925859 |p| 0.25136 eval 0.925767
    [color_grid] step  170 loss 0.924712 |p| 0.25138 eval 0.924641
    [color_grid] step  180 loss 0.923873 |p| 0.25141 eval 0.923765
    [color_grid] step  190 loss 0.923121 |p| 0.25143 eval 0.923007
    [color_grid] step  200 loss 0.922492 |p| 0.25144 eval 0.922434
    [color_grid] step  210 loss 0.922037 |p| 0.25145 eval 0.922057
    [color_grid] step  220 loss 0.921712 |p| 0.25147 eval 0.921668
    [color_grid] step  230 loss 0.921365 |p| 0.25148 eval 0.921340
    [color_grid] step  240 loss 0.921075 |p| 0.25148 eval 0.921031
    [color_grid] step  250 loss 0.920821 |p| 0.25149 eval 0.920788
    [color_grid] step  260 loss 0.920522 |p| 0.25150 eval 0.920550
    [color_grid] step  270 loss 0.920386 |p| 0.25151 eval 0.920332
    [color_grid] step  280 loss 0.920252 |p| 0.25151 eval 0.920272
    [color_grid] step  290 loss 0.920084 |p| 0.25152 eval 0.920090
    [color_grid] step  300 loss 0.919962 |p| 0.25152 eval 0.919961
    [color_grid] step  310 loss 0.919841 |p| 0.25153 eval 0.919839
    [color_grid] step  320 loss 0.919712 |p| 0.25153 eval 0.919738
    [color_grid] step  330 loss 0.919632 |p| 0.25153 eval 0.919619
    [color_grid] step  340 loss 0.919590 |p| 0.25154 eval 0.919543
    [color_grid] step  350 loss 0.919491 |p| 0.25154 eval 0.919511
    [color_grid] step  360 loss 0.919411 |p| 0.25155 eval 0.919406
    [color_grid] step  370 loss 0.919368 |p| 0.25155 eval 0.919345
    [color_grid] step  380 loss 0.919352 |p| 0.25155 eval 0.919310
    [color_grid] step  390 loss 0.919285 |p| 0.25155 eval 0.919306
    [color_grid] step  399 loss 0.919238 |p| 0.25155 eval 0.919219
  color_grid  whole:sign   r=0.02  cos=0.9192 redetect=0.94567 stop=max_steps@400
    [color_grid] step    0 loss 1.000000 |p| 0.25004 eval 0.999973
    [color_grid] step   10 loss 0.996520 |p| 0.25038 eval 0.995774
    [color_grid] step   20 loss 0.986065 |p| 0.25070 eval 0.984712
    [color_grid] step   30 loss 0.968368 |p| 0.25099 eval 0.966136
    [color_grid] step   40 loss 0.939047 |p| 0.25125 eval 0.935607
    [color_grid] step   50 loss 0.909301 |p| 0.25148 eval 0.906839
    [color_grid] step   60 loss 0.884028 |p| 0.25172 eval 0.881711
    [color_grid] step   70 loss 0.863413 |p| 0.25194 eval 0.861447
    [color_grid] step   80 loss 0.843659 |p| 0.25217 eval 0.841519
    [color_grid] step   90 loss 0.823091 |p| 0.25241 eval 0.821116
    [color_grid] step  100 loss 0.802242 |p| 0.25263 eval 0.801022
    [color_grid] step  110 loss 0.792013 |p| 0.25274 eval 0.791077
    [color_grid] step  120 loss 0.783475 |p| 0.25283 eval 0.782693
    [color_grid] step  130 loss 0.775683 |p| 0.25292 eval 0.774899
    [color_grid] step  140 loss 0.767654 |p| 0.25299 eval 0.766879
    [color_grid] step  150 loss 0.759805 |p| 0.25306 eval 0.759036
    [color_grid] step  160 loss 0.752162 |p| 0.25311 eval 0.751467
    [color_grid] step  170 loss 0.744858 |p| 0.25316 eval 0.744238
    [color_grid] step  180 loss 0.738483 |p| 0.25319 eval 0.737840
    [color_grid] step  190 loss 0.731541 |p| 0.25323 eval 0.730804
    [color_grid] step  200 loss 0.724112 |p| 0.25327 eval 0.723383
    [color_grid] step  210 loss 0.716714 |p| 0.25331 eval 0.716096
    [color_grid] step  220 loss 0.711057 |p| 0.25334 eval 0.710650
    [color_grid] step  230 loss 0.707010 |p| 0.25337 eval 0.706637
    [color_grid] step  240 loss 0.703162 |p| 0.25340 eval 0.702742
    [color_grid] step  250 loss 0.699504 |p| 0.25344 eval 0.699192
    [color_grid] step  260 loss 0.696068 |p| 0.25347 eval 0.695751
    [color_grid] step  270 loss 0.692913 |p| 0.25350 eval 0.692678
    [color_grid] step  280 loss 0.690226 |p| 0.25352 eval 0.689965
    [color_grid] step  290 loss 0.687561 |p| 0.25354 eval 0.687283
    [color_grid] step  300 loss 0.684825 |p| 0.25355 eval 0.684543
    [color_grid] step  310 loss 0.682301 |p| 0.25356 eval 0.682088
    [color_grid] step  320 loss 0.679994 |p| 0.25355 eval 0.679806
    [color_grid] step  330 loss 0.677876 |p| 0.25355 eval 0.677699
    [color_grid] step  340 loss 0.675840 |p| 0.25356 eval 0.675724
    [color_grid] step  350 loss 0.673935 |p| 0.25357 eval 0.673723
    [color_grid] step  360 loss 0.671742 |p| 0.25357 eval 0.671545
    [color_grid] step  370 loss 0.669427 |p| 0.25358 eval 0.669271
    [color_grid] step  380 loss 0.667448 |p| 0.25359 eval 0.667265
    [color_grid] step  390 loss 0.665481 |p| 0.25360 eval 0.665306
    [color_grid] step  399 loss 0.663958 |p| 0.25361 eval 0.663770
  color_grid  whole:sign   r=0.05  cos=0.6638 redetect=0.70859 stop=max_steps@400
    [color_grid] step    0 loss 1.000000 |p| 0.25009 eval 0.999897
    [color_grid] step   10 loss 0.986638 |p| 0.25072 eval 0.983878
    [color_grid] step   20 loss 0.941142 |p| 0.25126 eval 0.934366
    [color_grid] step   30 loss 0.887109 |p| 0.25174 eval 0.882146
    [color_grid] step   40 loss 0.846967 |p| 0.25221 eval 0.842822
    [color_grid] step   50 loss 0.805171 |p| 0.25265 eval 0.800940
    [color_grid] step   60 loss 0.760150 |p| 0.25306 eval 0.755519
    [color_grid] step   70 loss 0.708604 |p| 0.25347 eval 0.702904
    [color_grid] step   80 loss 0.651089 |p| 0.25386 eval 0.645198
    [color_grid] step   90 loss 0.589961 |p| 0.25424 eval 0.583279
    [color_grid] step  100 loss 0.520592 |p| 0.25461 eval 0.515247
    [color_grid] step  110 loss 0.470656 |p| 0.25485 eval 0.465809
    [color_grid] step  120 loss 0.424426 |p| 0.25505 eval 0.419909
    [color_grid] step  130 loss 0.377259 |p| 0.25522 eval 0.372588
    [color_grid] step  140 loss 0.336769 |p| 0.25534 eval 0.333103
    [color_grid] step  150 loss 0.301883 |p| 0.25547 eval 0.298584
    [color_grid] step  160 loss 0.273509 |p| 0.25561 eval 0.270730
    [color_grid] step  170 loss 0.249661 |p| 0.25573 eval 0.247610
    [color_grid] step  180 loss 0.230047 |p| 0.25584 eval 0.228045
    [color_grid] step  190 loss 0.214957 |p| 0.25594 eval 0.213491
    [color_grid] step  200 loss 0.202715 |p| 0.25603 eval 0.201875
    [color_grid] step  210 loss 0.191303 |p| 0.25612 eval 0.189877
    [color_grid] step  220 loss 0.178105 |p| 0.25619 eval 0.176767
    [color_grid] step  230 loss 0.165532 |p| 0.25623 eval 0.164025
    [color_grid] step  240 loss 0.153292 |p| 0.25628 eval 0.152230
    [color_grid] step  250 loss 0.140201 |p| 0.25633 eval 0.139042
    [color_grid] step  260 loss 0.128210 |p| 0.25639 eval 0.126933
    [color_grid] step  270 loss 0.117749 |p| 0.25644 eval 0.116620
    [color_grid] step  280 loss 0.107329 |p| 0.25648 eval 0.106197
    [color_grid] step  290 loss 0.089435 |p| 0.25650 eval 0.087080
    [color_grid] step  300 loss 0.068931 |p| 0.25653 eval 0.067557
    [color_grid] step  310 loss 0.057021 |p| 0.25655 eval 0.056266
    [color_grid] step  320 loss 0.049571 |p| 0.25657 eval 0.048929
    [color_grid] step  330 loss 0.043756 |p| 0.25661 eval 0.043131
    [color_grid] step  340 loss 0.039197 |p| 0.25663 eval 0.038894
    [color_grid] step  350 loss 0.033490 |p| 0.25667 eval 0.032616
    [color_grid] step  360 loss 0.026205 |p| 0.25669 eval 0.024741
    [color_grid] step  370 loss 0.012958 |p| 0.25670 eval 0.011033
    [color_grid] step  380 loss -0.006111 |p| 0.25669 eval -0.008179
    [color_grid] step  390 loss -0.029739 |p| 0.25667 eval -0.032192
    [color_grid] step  399 loss -0.050128 |p| 0.25666 eval -0.052670
  color_grid  whole:sign   r=0.10  cos=-0.0527 redetect=0.13299 stop=max_steps@400
    [color_grid] step    0 loss 1.000000 |p| 0.25017 eval 0.999614
    [color_grid] step   10 loss 0.947231 |p| 0.25128 eval 0.933790
    [color_grid] step   20 loss 0.851842 |p| 0.25219 eval 0.844449
    [color_grid] step   30 loss 0.761516 |p| 0.25304 eval 0.751111
    [color_grid] step   40 loss 0.652567 |p| 0.25389 eval 0.639590
    [color_grid] step   50 loss 0.523862 |p| 0.25462 eval 0.509683
    [color_grid] step   60 loss 0.386090 |p| 0.25534 eval 0.372933
    [color_grid] step   70 loss 0.240784 |p| 0.25597 eval 0.225705
    [color_grid] step   80 loss 0.093180 |p| 0.25649 eval 0.077789
    [color_grid] step   90 loss -0.051599 |p| 0.25699 eval -0.066686
    [color_grid] step  100 loss -0.185723 |p| 0.25742 eval -0.196877
    [color_grid] step  110 loss -0.301202 |p| 0.25775 eval -0.310109
    [color_grid] step  120 loss -0.377239 |p| 0.25799 eval -0.384876
    [color_grid] step  130 loss -0.450582 |p| 0.25825 eval -0.457292
    [color_grid] step  140 loss -0.510545 |p| 0.25844 eval -0.516934
    [color_grid] step  150 loss -0.571480 |p| 0.25863 eval -0.577191
    [color_grid] step  160 loss -0.631813 |p| 0.25884 eval -0.637033
    [color_grid] step  170 loss -0.670377 |p| 0.25902 eval -0.674052
    [color_grid] step  180 loss -0.696747 |p| 0.25917 eval -0.698435
    [color_grid] step  190 loss -0.716947 |p| 0.25932 eval -0.718821
    [color_grid] step  200 loss -0.733775 |p| 0.25942 eval -0.735003
    [color_grid] step  210 loss -0.751757 |p| 0.25951 eval -0.754118
    [color_grid] step  220 loss -0.771583 |p| 0.25959 eval -0.773356
    [color_grid] step  230 loss -0.785077 |p| 0.25966 eval -0.785986
    [color_grid] step  240 loss -0.794892 |p| 0.25974 eval -0.796650
    [color_grid] step  250 loss -0.801741 |p| 0.25982 eval -0.803019
    [color_grid] step  260 loss -0.807192 |p| 0.25989 eval -0.807017
    [color_grid] step  270 loss -0.810259 |p| 0.25997 eval -0.810736
    [color_grid] step  280 loss -0.812874 |p| 0.26005 eval -0.813215
    [color_grid] step  290 loss -0.814893 |p| 0.26012 eval -0.815218
    [color_grid] step  300 loss -0.816913 |p| 0.26020 eval -0.817623
    [color_grid] step  310 loss -0.818370 |p| 0.26026 eval -0.819499
    [color_grid] step  320 loss -0.820822 |p| 0.26033 eval -0.821093
    [color_grid] step  330 loss -0.822478 |p| 0.26039 eval -0.822337
    [color_grid] step  340 loss -0.823658 |p| 0.26044 eval -0.823535
    [color_grid] step  350 loss -0.824420 |p| 0.26049 eval -0.824694
    [color_grid] step  360 loss -0.825391 |p| 0.26054 eval -0.825324
    [color_grid] step  370 loss -0.826370 |p| 0.26059 eval -0.826096
    [color_grid] step  380 loss -0.827213 |p| 0.26064 eval -0.826832
    [color_grid] step  390 loss -0.827847 |p| 0.26067 eval -0.827739
    [color_grid] step  399 loss -0.828489 |p| 0.26070 eval -0.828805
  color_grid  whole:sign   r=0.20  cos=-0.8288 redetect=-0.37121 stop=max_steps@400
    [color_grid] step    0 loss 1.000000 |p| 0.25026 eval 0.999175
    [color_grid] step   10 loss 0.895876 |p| 0.25176 eval 0.882102
    [color_grid] step   20 loss 0.765076 |p| 0.25304 eval 0.748757
    [color_grid] step   30 loss 0.573982 |p| 0.25428 eval 0.552848
    [color_grid] step   40 loss 0.360180 |p| 0.25531 eval 0.338066
    [color_grid] step   50 loss 0.163253 |p| 0.25633 eval 0.147267
    [color_grid] step   60 loss -0.011616 |p| 0.25715 eval -0.025614
    [color_grid] step   70 loss -0.152223 |p| 0.25786 eval -0.165707
    [color_grid] step   80 loss -0.315275 |p| 0.25853 eval -0.333496
    [color_grid] step   90 loss -0.466609 |p| 0.25901 eval -0.480387
    [color_grid] step  100 loss -0.568655 |p| 0.25944 eval -0.573852
    [color_grid] step  110 loss -0.623556 |p| 0.25982 eval -0.631121
    [color_grid] step  120 loss -0.664906 |p| 0.26020 eval -0.668921
    [color_grid] step  130 loss -0.696625 |p| 0.26054 eval -0.700418
    [color_grid] step  140 loss -0.723070 |p| 0.26090 eval -0.728545
    [color_grid] step  150 loss -0.749509 |p| 0.26119 eval -0.750214
    [color_grid] step  160 loss -0.765449 |p| 0.26143 eval -0.767261
    [color_grid] step  170 loss -0.779694 |p| 0.26167 eval -0.778807
    [color_grid] step  180 loss -0.790396 |p| 0.26184 eval -0.789506
    [color_grid] step  190 loss -0.797670 |p| 0.26194 eval -0.797799
    [color_grid] step  200 loss -0.803261 |p| 0.26205 eval -0.804115
    [color_grid] step  210 loss -0.808312 |p| 0.26215 eval -0.808290
    [color_grid] step  220 loss -0.811865 |p| 0.26223 eval -0.810878
    [color_grid] step  230 loss -0.815046 |p| 0.26231 eval -0.812960
    [color_grid] step  240 loss -0.817921 |p| 0.26238 eval -0.815535
    [color_grid] step  250 loss -0.820515 |p| 0.26244 eval -0.818110
    [color_grid] step  260 loss -0.822422 |p| 0.26250 eval -0.821869
    [color_grid] step  270 loss -0.824716 |p| 0.26256 eval -0.822803
    [color_grid] step  280 loss -0.827849 |p| 0.26264 eval -0.824499
    [color_grid] step  290 loss -0.829608 |p| 0.26269 eval -0.827967
    [color_grid] step  300 loss -0.832219 |p| 0.26277 eval -0.830482
    [color_grid] step  310 loss -0.834755 |p| 0.26284 eval -0.832910
    [color_grid] step  320 loss -0.838096 |p| 0.26286 eval -0.836248
    [color_grid] step  330 loss -0.842736 |p| 0.26290 eval -0.841724
    [color_grid] step  340 loss -0.846468 |p| 0.26292 eval -0.844344
    [color_grid] step  350 loss -0.848629 |p| 0.26297 eval -0.846723
    [color_grid] step  360 loss -0.850829 |p| 0.26303 eval -0.848333
    [color_grid] step  370 loss -0.852486 |p| 0.26306 eval -0.849923
    [color_grid] step  380 loss -0.853458 |p| 0.26308 eval -0.850478
    [color_grid] step  390 loss -0.854280 |p| 0.26312 eval -0.851612
    [color_grid] step  399 loss -0.852226 |p| 0.26313 eval -0.855226
  color_grid  whole:sign   r=0.30  cos=-0.8552 redetect=-0.51949 stop=max_steps@400
    [color_grid] step    0 loss 1.000000 |p| 0.25051 eval 0.996994
    [color_grid] step   10 loss 0.787206 |p| 0.25315 eval 0.755903
    [color_grid] step   20 loss 0.436800 |p| 0.25526 eval 0.398545
    [color_grid] step   30 loss 0.022639 |p| 0.25673 eval -0.015312
    [color_grid] step   40 loss -0.279905 |p| 0.25782 eval -0.308159
    [color_grid] step   50 loss -0.482329 |p| 0.25869 eval -0.502780
    [color_grid] step   60 loss -0.618418 |p| 0.25944 eval -0.628635
    [color_grid] step   70 loss -0.681176 |p| 0.26020 eval -0.687409
    [color_grid] step   80 loss -0.727837 |p| 0.26091 eval -0.731580
    [color_grid] step   90 loss -0.749925 |p| 0.26155 eval -0.753080
    [color_grid] step  100 loss -0.765118 |p| 0.26214 eval -0.764996
    [color_grid] step  110 loss -0.779471 |p| 0.26266 eval -0.780058
    [color_grid] step  120 loss -0.797674 |p| 0.26328 eval -0.796161
    [color_grid] step  130 loss -0.809198 |p| 0.26377 eval -0.806985
    [color_grid] step  140 loss -0.816128 |p| 0.26423 eval -0.816583
    [color_grid] step  150 loss -0.825640 |p| 0.26465 eval -0.825747
    [color_grid] step  160 loss -0.833240 |p| 0.26500 eval -0.833385
    [color_grid] step  170 loss -0.837150 |p| 0.26538 eval -0.844689
    [color_grid] step  180 loss -0.845846 |p| 0.26572 eval -0.852826
    [color_grid] step  190 loss -0.851685 |p| 0.26607 eval -0.856538
    [color_grid] step  200 loss -0.857346 |p| 0.26641 eval -0.858907
    [color_grid] step  210 loss -0.863435 |p| 0.26672 eval -0.865643
    [color_grid] step  220 loss -0.866373 |p| 0.26697 eval -0.870557
    [color_grid] step  230 loss -0.868510 |p| 0.26716 eval -0.871382
    [color_grid] step  240 loss -0.871054 |p| 0.26731 eval -0.871500
    [color_grid] step  250 loss -0.872241 |p| 0.26742 eval -0.873015
    [color_grid] step  260 loss -0.873683 |p| 0.26756 eval -0.874307
    [color_grid] step  270 loss -0.875825 |p| 0.26767 eval -0.875230
    [color_grid] step  280 loss -0.877083 |p| 0.26780 eval -0.876746
    [color_grid] step  290 loss -0.878612 |p| 0.26791 eval -0.876537
    [color_grid] step  300 loss -0.879014 |p| 0.26806 eval -0.878499
    [color_grid] step  310 loss -0.878582 |p| 0.26819 eval -0.870256
    [color_grid] step  320 loss -0.882005 |p| 0.26832 eval -0.876471
    [color_grid] step  330 loss -0.882995 |p| 0.26844 eval -0.880994
    [color_grid] step  340 loss -0.885961 |p| 0.26862 eval -0.882462
    [color_grid] step  350 loss -0.888361 |p| 0.26881 eval -0.883396
    [color_grid] step  360 loss -0.891021 |p| 0.26897 eval -0.883922
    [color_grid] step  370 loss -0.890962 |p| 0.26905 eval -0.887084
    [color_grid] step  380 loss -0.893610 |p| 0.26913 eval -0.891569
    [color_grid] step  390 loss -0.894968 |p| 0.26929 eval -0.895876
    [color_grid] step  399 loss -0.899385 |p| 0.26949 eval -0.898663
  color_grid  whole:sign   r=0.60  cos=-0.8987 redetect=-0.58106 stop=max_steps@400
    [color_grid] step    0 loss 1.000000 |p| 0.25103 eval 0.989632
    [color_grid] step   10 loss 0.541447 |p| 0.25559 eval 0.464885
    [color_grid] step   20 loss -0.075484 |p| 0.25866 eval -0.120119
    [color_grid] step   30 loss -0.414842 |p| 0.26012 eval -0.422023
    [color_grid] step   40 loss -0.558369 |p| 0.26112 eval -0.564812
    [color_grid] step   50 loss -0.637813 |p| 0.26212 eval -0.641255
    [color_grid] step   60 loss -0.691691 |p| 0.26327 eval -0.701409
    [color_grid] step   70 loss -0.726830 |p| 0.26409 eval -0.726749
    [color_grid] step   80 loss -0.761005 |p| 0.26483 eval -0.753461
    [color_grid] step   90 loss -0.768801 |p| 0.26537 eval -0.767772
    [color_grid] step  100 loss -0.776078 |p| 0.26593 eval -0.777380
    [color_grid] step  110 loss -0.786660 |p| 0.26661 eval -0.797669
    [color_grid] step  120 loss -0.799998 |p| 0.26731 eval -0.801324
    [color_grid] step  130 loss -0.806524 |p| 0.26780 eval -0.806809
    [color_grid] step  140 loss -0.801551 |p| 0.26832 eval -0.815038
    [color_grid] step  150 loss -0.816838 |p| 0.26889 eval -0.819159
    [color_grid] step  160 loss -0.823737 |p| 0.26945 eval -0.827031
    [color_grid] step  170 loss -0.834228 |p| 0.26975 eval -0.829524
    [color_grid] step  180 loss -0.841155 |p| 0.27021 eval -0.841527
    [color_grid] step  190 loss -0.844019 |p| 0.27081 eval -0.842422
    [color_grid] step  200 loss -0.847687 |p| 0.27144 eval -0.849921
    [color_grid] step  210 loss -0.861589 |p| 0.27195 eval -0.853394
    [color_grid] step  220 loss -0.864682 |p| 0.27233 eval -0.865491
    [color_grid] step  230 loss -0.865327 |p| 0.27268 eval -0.868156
    [color_grid] step  240 loss -0.879385 |p| 0.27313 eval -0.864802
    [color_grid] step  250 loss -0.864644 |p| 0.27360 eval -0.880433
    [color_grid] step  260 loss -0.880017 |p| 0.27376 eval -0.889023
    [color_grid] step  270 loss -0.895504 |p| 0.27419 eval -0.894231
    [color_grid] step  280 loss -0.889289 |p| 0.27461 eval -0.892109
    [color_grid] step  290 loss -0.898832 |p| 0.27483 eval -0.894577
    [color_grid] step  300 loss -0.890400 |p| 0.27510 eval -0.905269
    [color_grid] step  310 loss -0.898120 |p| 0.27562 eval -0.909561
    [color_grid] step  320 loss -0.910816 |p| 0.27583 eval -0.907617
    [color_grid] step  330 loss -0.907473 |p| 0.27626 eval -0.907517
    [color_grid] step  340 loss -0.910667 |p| 0.27653 eval -0.909732
    [color_grid] step  350 loss -0.902473 |p| 0.27683 eval -0.919861
    [color_grid] step  360 loss -0.909350 |p| 0.27730 eval -0.925141
    [color_grid] step  370 loss -0.910912 |p| 0.27763 eval -0.921560
    [color_grid] step  380 loss -0.919091 |p| 0.27785 eval -0.920744
    [color_grid] step  390 loss -0.913837 |p| 0.27819 eval -0.931623
    [color_grid] step  399 loss -0.927406 |p| 0.27836 eval -0.911237
  color_grid  whole:sign   r=1.20  cos=-0.9112 redetect=-0.49019 stop=max_steps@400
    [color_grid] step    0 loss 1.000000 |p| 0.25171 eval 0.974936
    [color_grid] step   10 loss 0.202103 |p| 0.25787 eval 0.151435
    [color_grid] step   20 loss -0.411192 |p| 0.26169 eval -0.431980
    [color_grid] step   30 loss -0.593543 |p| 0.26333 eval -0.620493
    [color_grid] step   40 loss -0.676420 |p| 0.26458 eval -0.670869
    [color_grid] step   50 loss -0.711216 |p| 0.26582 eval -0.710094
    [color_grid] step   60 loss -0.743448 |p| 0.26692 eval -0.763557
    [color_grid] step   70 loss -0.769188 |p| 0.26742 eval -0.792452
    [color_grid] step   80 loss -0.784364 |p| 0.26852 eval -0.792844
    [color_grid] step   90 loss -0.807925 |p| 0.26958 eval -0.818564
    [color_grid] step  100 loss -0.795946 |p| 0.27056 eval -0.830908
    [color_grid] step  110 loss -0.827181 |p| 0.27142 eval -0.821102
    [color_grid] step  120 loss -0.815118 |p| 0.27223 eval -0.836714
    [color_grid] step  130 loss -0.833964 |p| 0.27310 eval -0.801615
    [color_grid] step  140 loss -0.853817 |p| 0.27388 eval -0.864578
    [color_grid] step  150 loss -0.867388 |p| 0.27473 eval -0.859712
    [color_grid] step  160 loss -0.853720 |p| 0.27571 eval -0.874642
    [color_grid] step  170 loss -0.857313 |p| 0.27632 eval -0.878007
    [color_grid] step  180 loss -0.858424 |p| 0.27705 eval -0.882274
    [color_grid] step  190 loss -0.878144 |p| 0.27776 eval -0.895162
    [color_grid] step  200 loss -0.886910 |p| 0.27868 eval -0.883823
    [color_grid] step  210 loss -0.879347 |p| 0.27921 eval -0.883207
    [color_grid] step  220 loss -0.874257 |p| 0.27981 eval -0.894199
    [color_grid] step  230 loss -0.894795 |p| 0.28021 eval -0.884780
    [color_grid] step  240 loss -0.910808 |p| 0.28069 eval -0.892292
    [color_grid] step  250 loss -0.908564 |p| 0.28128 eval -0.922224
    [color_grid] step  260 loss -0.903658 |p| 0.28185 eval -0.905241
    [color_grid] step  270 loss -0.911820 |p| 0.28236 eval -0.935340
    [color_grid] step  280 loss -0.918641 |p| 0.28299 eval -0.923208
    [color_grid] step  290 loss -0.932425 |p| 0.28342 eval -0.936072
    [color_grid] step  300 loss -0.939487 |p| 0.28408 eval -0.937127
    [color_grid] step  310 loss -0.932859 |p| 0.28433 eval -0.932684
    [color_grid] step  320 loss -0.940909 |p| 0.28509 eval -0.918873
    [color_grid] step  330 loss -0.938599 |p| 0.28548 eval -0.943773
    [color_grid] step  340 loss -0.935945 |p| 0.28601 eval -0.929860
    [color_grid] step  350 loss -0.957850 |p| 0.28647 eval -0.941751
    [color_grid] step  360 loss -0.945323 |p| 0.28728 eval -0.942208
    [color_grid] step  370 loss -0.937657 |p| 0.28773 eval -0.939923
    [color_grid] step  380 loss -0.950214 |p| 0.28801 eval -0.931989
    [color_grid] step  390 loss -0.923944 |p| 0.28858 eval -0.916858
    [color_grid] step  399 loss -0.940553 |p| 0.28892 eval -0.951411
  color_grid  whole:sign   r=2.00  cos=-0.9514 redetect=-0.23136 stop=max_steps@400
    [color_grid] step    0 loss 1.000000 |p| 0.25001 eval 0.999995
    [color_grid] step   10 loss 0.999504 |p| 0.25014 eval 0.999391
    [color_grid] step   20 loss 0.997703 |p| 0.25029 eval 0.997439
    [color_grid] step   30 loss 0.994254 |p| 0.25046 eval 0.993804
    [color_grid] step   40 loss 0.988975 |p| 0.25063 eval 0.988360
    [color_grid] step   50 loss 0.981950 |p| 0.25080 eval 0.981082
    [color_grid] step   60 loss 0.971567 |p| 0.25097 eval 0.970359
    [color_grid] step   70 loss 0.956618 |p| 0.25113 eval 0.954643
    [color_grid] step   80 loss 0.941436 |p| 0.25125 eval 0.940755
    [color_grid] step   90 loss 0.936337 |p| 0.25129 eval 0.935978
    [color_grid] step  100 loss 0.932598 |p| 0.25131 eval 0.932227
    [color_grid] step  110 loss 0.929613 |p| 0.25134 eval 0.929357
    [color_grid] step  120 loss 0.927341 |p| 0.25136 eval 0.927172
    [color_grid] step  130 loss 0.925578 |p| 0.25139 eval 0.925417
    [color_grid] step  140 loss 0.924483 |p| 0.25141 eval 0.924365
    [color_grid] step  150 loss 0.923709 |p| 0.25142 eval 0.923663
    [color_grid] step  160 loss 0.923224 |p| 0.25144 eval 0.923171
    [color_grid] step  170 loss 0.922845 |p| 0.25145 eval 0.922733
    [color_grid] step  180 loss 0.922423 |p| 0.25146 eval 0.922429
    [color_grid] step  190 loss 0.922160 |p| 0.25147 eval 0.922125
    [color_grid] step  200 loss 0.921880 |p| 0.25148 eval 0.921778
    [color_grid] step  210 loss 0.921625 |p| 0.25148 eval 0.921535
    [color_grid] step  220 loss 0.921260 |p| 0.25149 eval 0.921306
    [color_grid] step  230 loss 0.921023 |p| 0.25150 eval 0.920982
    [color_grid] step  240 loss 0.920873 |p| 0.25151 eval 0.920843
    [color_grid] step  250 loss 0.920657 |p| 0.25151 eval 0.920649
    [color_grid] step  260 loss 0.920528 |p| 0.25152 eval 0.920501
    [color_grid] step  270 loss 0.920393 |p| 0.25153 eval 0.920424
    [color_grid] step  280 loss 0.920322 |p| 0.25153 eval 0.920262
    [color_grid] step  290 loss 0.920151 |p| 0.25153 eval 0.920108
    [color_grid] step  300 loss 0.920066 |p| 0.25154 eval 0.920040
    [color_grid] step  310 loss 0.919953 |p| 0.25154 eval 0.919939
    [color_grid] step  320 loss 0.919846 |p| 0.25154 eval 0.919857
    [color_grid] step  330 loss 0.919802 |p| 0.25155 eval 0.919725
    [color_grid] step  340 loss 0.919702 |p| 0.25155 eval 0.919673
    [color_grid] step  350 loss 0.919586 |p| 0.25155 eval 0.919566
    [color_grid] step  360 loss 0.919612 |p| 0.25155 eval 0.919548
    [color_grid] step  370 loss 0.919536 |p| 0.25155 eval 0.919554
    [color_grid] step  380 loss 0.919535 |p| 0.25155 eval 0.919545
    [color_grid] step  390 loss 0.919550 |p| 0.25156 eval 0.919535
    [color_grid] step  399 loss 0.919486 |p| 0.25156 eval 0.919509
  color_grid  whole:adam   r=0.02  cos=0.9195 redetect=0.94564 stop=max_steps@400
    [color_grid] step    0 loss 1.000000 |p| 0.25003 eval 0.999973
    [color_grid] step   10 loss 0.997188 |p| 0.25034 eval 0.996556
    [color_grid] step   20 loss 0.986874 |p| 0.25070 eval 0.985453
    [color_grid] step   30 loss 0.967283 |p| 0.25106 eval 0.964635
    [color_grid] step   40 loss 0.929342 |p| 0.25139 eval 0.924856
    [color_grid] step   50 loss 0.895817 |p| 0.25170 eval 0.892646
    [color_grid] step   60 loss 0.868678 |p| 0.25197 eval 0.866479
    [color_grid] step   70 loss 0.847130 |p| 0.25221 eval 0.844846
    [color_grid] step   80 loss 0.825388 |p| 0.25243 eval 0.823511
    [color_grid] step   90 loss 0.810345 |p| 0.25260 eval 0.809131
    [color_grid] step  100 loss 0.799087 |p| 0.25273 eval 0.797993
    [color_grid] step  110 loss 0.788682 |p| 0.25284 eval 0.787686
    [color_grid] step  120 loss 0.778587 |p| 0.25293 eval 0.777619
    [color_grid] step  130 loss 0.770394 |p| 0.25300 eval 0.769727
    [color_grid] step  140 loss 0.763501 |p| 0.25308 eval 0.762767
    [color_grid] step  150 loss 0.756940 |p| 0.25315 eval 0.756263
    [color_grid] step  160 loss 0.750337 |p| 0.25323 eval 0.749656
    [color_grid] step  170 loss 0.743637 |p| 0.25330 eval 0.742885
    [color_grid] step  180 loss 0.736535 |p| 0.25336 eval 0.735826
    [color_grid] step  190 loss 0.729712 |p| 0.25341 eval 0.729048
    [color_grid] step  200 loss 0.723611 |p| 0.25345 eval 0.723001
    [color_grid] step  210 loss 0.717360 |p| 0.25347 eval 0.716731
    [color_grid] step  220 loss 0.710371 |p| 0.25350 eval 0.709676
    [color_grid] step  230 loss 0.703080 |p| 0.25352 eval 0.702486
    [color_grid] step  240 loss 0.696903 |p| 0.25354 eval 0.696216
    [color_grid] step  250 loss 0.691238 |p| 0.25356 eval 0.690647
    [color_grid] step  260 loss 0.686291 |p| 0.25358 eval 0.685886
    [color_grid] step  270 loss 0.681115 |p| 0.25359 eval 0.680475
    [color_grid] step  280 loss 0.674938 |p| 0.25360 eval 0.674350
    [color_grid] step  290 loss 0.669630 |p| 0.25360 eval 0.669136
    [color_grid] step  300 loss 0.664311 |p| 0.25361 eval 0.663844
    [color_grid] step  310 loss 0.659339 |p| 0.25362 eval 0.658973
    [color_grid] step  320 loss 0.655773 |p| 0.25364 eval 0.655438
    [color_grid] step  330 loss 0.652188 |p| 0.25365 eval 0.651843
    [color_grid] step  340 loss 0.649657 |p| 0.25366 eval 0.649496
    [color_grid] step  350 loss 0.647704 |p| 0.25367 eval 0.647618
    [color_grid] step  360 loss 0.646014 |p| 0.25369 eval 0.645683
    [color_grid] step  370 loss 0.643400 |p| 0.25370 eval 0.643074
    [color_grid] step  380 loss 0.639853 |p| 0.25372 eval 0.639496
    [color_grid] step  390 loss 0.636480 |p| 0.25373 eval 0.636210
    [color_grid] step  399 loss 0.633793 |p| 0.25374 eval 0.633477
  color_grid  whole:adam   r=0.05  cos=0.6335 redetect=0.7255 stop=max_steps@400
    [color_grid] step    0 loss 1.000000 |p| 0.25006 eval 0.999899
    [color_grid] step   10 loss 0.989230 |p| 0.25066 eval 0.986834
    [color_grid] step   20 loss 0.950342 |p| 0.25128 eval 0.943628
    [color_grid] step   30 loss 0.890010 |p| 0.25183 eval 0.885014
    [color_grid] step   40 loss 0.849917 |p| 0.25233 eval 0.845948
    [color_grid] step   50 loss 0.806712 |p| 0.25278 eval 0.802456
    [color_grid] step   60 loss 0.760741 |p| 0.25322 eval 0.755425
    [color_grid] step   70 loss 0.705367 |p| 0.25365 eval 0.699377
    [color_grid] step   80 loss 0.638343 |p| 0.25413 eval 0.630544
    [color_grid] step   90 loss 0.566929 |p| 0.25454 eval 0.561047
    [color_grid] step  100 loss 0.505767 |p| 0.25484 eval 0.499995
    [color_grid] step  110 loss 0.455593 |p| 0.25510 eval 0.450683
    [color_grid] step  120 loss 0.397597 |p| 0.25532 eval 0.390855
    [color_grid] step  130 loss 0.328380 |p| 0.25551 eval 0.320414
    [color_grid] step  140 loss 0.257096 |p| 0.25567 eval 0.252710
    [color_grid] step  150 loss 0.220154 |p| 0.25579 eval 0.216765
    [color_grid] step  160 loss 0.193007 |p| 0.25591 eval 0.191045
    [color_grid] step  170 loss 0.174147 |p| 0.25601 eval 0.172529
    [color_grid] step  180 loss 0.156510 |p| 0.25608 eval 0.154743
    [color_grid] step  190 loss 0.139277 |p| 0.25616 eval 0.137747
    [color_grid] step  200 loss 0.121008 |p| 0.25623 eval 0.118659
    [color_grid] step  210 loss 0.104964 |p| 0.25630 eval 0.103678
    [color_grid] step  220 loss 0.091845 |p| 0.25638 eval 0.090551
    [color_grid] step  230 loss 0.079646 |p| 0.25647 eval 0.078568
    [color_grid] step  240 loss 0.069021 |p| 0.25656 eval 0.067911
    [color_grid] step  250 loss 0.060529 |p| 0.25663 eval 0.059815
    [color_grid] step  260 loss 0.054179 |p| 0.25667 eval 0.053717
    [color_grid] step  270 loss 0.049745 |p| 0.25670 eval 0.049425
    [color_grid] step  280 loss 0.045848 |p| 0.25673 eval 0.045420
    [color_grid] step  290 loss 0.041808 |p| 0.25676 eval 0.041334
    [color_grid] step  300 loss 0.037802 |p| 0.25678 eval 0.037475
    [color_grid] step  310 loss 0.033999 |p| 0.25681 eval 0.033624
    [color_grid] step  320 loss 0.030203 |p| 0.25684 eval 0.029993
    [color_grid] step  330 loss 0.027070 |p| 0.25687 eval 0.026726
    [color_grid] step  340 loss 0.023987 |p| 0.25690 eval 0.023707
    [color_grid] step  350 loss 0.021223 |p| 0.25692 eval 0.020712
    [color_grid] step  360 loss 0.017771 |p| 0.25693 eval 0.017709
    [color_grid] step  370 loss 0.015649 |p| 0.25695 eval 0.015300
    [color_grid] step  380 loss 0.013330 |p| 0.25696 eval 0.013085
    [color_grid] step  390 loss 0.011188 |p| 0.25697 eval 0.010717
    [color_grid] step  399 loss 0.008877 |p| 0.25697 eval 0.008568
  color_grid  whole:adam   r=0.10  cos=0.0086 redetect=0.2127 stop=max_steps@400
    [color_grid] step    0 loss 1.000000 |p| 0.25013 eval 0.999620
    [color_grid] step   10 loss 0.962259 |p| 0.25122 eval 0.952315
    [color_grid] step   20 loss 0.868139 |p| 0.25222 eval 0.861493
    [color_grid] step   30 loss 0.795812 |p| 0.25313 eval 0.787455
    [color_grid] step   40 loss 0.699432 |p| 0.25397 eval 0.688366
    [color_grid] step   50 loss 0.574061 |p| 0.25484 eval 0.561490
    [color_grid] step   60 loss 0.436467 |p| 0.25566 eval 0.420685
    [color_grid] step   70 loss 0.260440 |p| 0.25637 eval 0.241239
    [color_grid] step   80 loss 0.091424 |p| 0.25698 eval 0.078557
    [color_grid] step   90 loss -0.030994 |p| 0.25753 eval -0.040533
    [color_grid] step  100 loss -0.139000 |p| 0.25797 eval -0.151748
    [color_grid] step  110 loss -0.250910 |p| 0.25831 eval -0.260991
    [color_grid] step  120 loss -0.343256 |p| 0.25856 eval -0.352534
    [color_grid] step  130 loss -0.430933 |p| 0.25882 eval -0.438702
    [color_grid] step  140 loss -0.491851 |p| 0.25904 eval -0.497117
    [color_grid] step  150 loss -0.541636 |p| 0.25917 eval -0.546370
    [color_grid] step  160 loss -0.584058 |p| 0.25929 eval -0.587957
    [color_grid] step  170 loss -0.620934 |p| 0.25945 eval -0.624058
    [color_grid] step  180 loss -0.653813 |p| 0.25962 eval -0.656949
    [color_grid] step  190 loss -0.684669 |p| 0.25981 eval -0.687695
    [color_grid] step  200 loss -0.710427 |p| 0.25997 eval -0.712729
    [color_grid] step  210 loss -0.731346 |p| 0.26009 eval -0.733222
    [color_grid] step  220 loss -0.746567 |p| 0.26018 eval -0.748024
    [color_grid] step  230 loss -0.759109 |p| 0.26026 eval -0.760187
    [color_grid] step  240 loss -0.770243 |p| 0.26034 eval -0.771371
    [color_grid] step  250 loss -0.781239 |p| 0.26042 eval -0.782187
    [color_grid] step  260 loss -0.789786 |p| 0.26050 eval -0.790536
    [color_grid] step  270 loss -0.796496 |p| 0.26057 eval -0.797091
    [color_grid] step  280 loss -0.801888 |p| 0.26062 eval -0.802444
    [color_grid] step  290 loss -0.807103 |p| 0.26067 eval -0.807663
    [color_grid] step  300 loss -0.812336 |p| 0.26072 eval -0.812777
    [color_grid] step  310 loss -0.817488 |p| 0.26077 eval -0.818027
    [color_grid] step  320 loss -0.822492 |p| 0.26079 eval -0.822865
    [color_grid] step  330 loss -0.826826 |p| 0.26083 eval -0.827193
    [color_grid] step  340 loss -0.830760 |p| 0.26088 eval -0.831136
    [color_grid] step  350 loss -0.834174 |p| 0.26094 eval -0.834459
    [color_grid] step  360 loss -0.837102 |p| 0.26099 eval -0.837427
    [color_grid] step  370 loss -0.839656 |p| 0.26103 eval -0.839974
    [color_grid] step  380 loss -0.842151 |p| 0.26107 eval -0.842414
    [color_grid] step  390 loss -0.844475 |p| 0.26109 eval -0.844658
    [color_grid] step  399 loss -0.846278 |p| 0.26110 eval -0.846446
  color_grid  whole:adam   r=0.20  cos=-0.8465 redetect=-0.42475 stop=max_steps@400
    [color_grid] step    0 loss 1.000000 |p| 0.25019 eval 0.999185
    [color_grid] step   10 loss 0.917666 |p| 0.25172 eval 0.903889
    [color_grid] step   20 loss 0.813181 |p| 0.25310 eval 0.802909
    [color_grid] step   30 loss 0.663842 |p| 0.25438 eval 0.642285
    [color_grid] step   40 loss 0.436675 |p| 0.25570 eval 0.411916
    [color_grid] step   50 loss 0.222919 |p| 0.25682 eval 0.202661
    [color_grid] step   60 loss 0.015327 |p| 0.25783 eval -0.005275
    [color_grid] step   70 loss -0.149211 |p| 0.25870 eval -0.164955
    [color_grid] step   80 loss -0.331405 |p| 0.25938 eval -0.349013
    [color_grid] step   90 loss -0.479111 |p| 0.25990 eval -0.491976
    [color_grid] step  100 loss -0.579672 |p| 0.26034 eval -0.588500
    [color_grid] step  110 loss -0.654007 |p| 0.26068 eval -0.660249
    [color_grid] step  120 loss -0.709542 |p| 0.26096 eval -0.713626
    [color_grid] step  130 loss -0.740750 |p| 0.26126 eval -0.743055
    [color_grid] step  140 loss -0.763880 |p| 0.26151 eval -0.765942
    [color_grid] step  150 loss -0.782871 |p| 0.26172 eval -0.784689
    [color_grid] step  160 loss -0.799415 |p| 0.26187 eval -0.801021
    [color_grid] step  170 loss -0.813965 |p| 0.26201 eval -0.815380
    [color_grid] step  180 loss -0.826848 |p| 0.26218 eval -0.828095
    [color_grid] step  190 loss -0.838409 |p| 0.26235 eval -0.839417
    [color_grid] step  200 loss -0.847544 |p| 0.26253 eval -0.848364
    [color_grid] step  210 loss -0.855690 |p| 0.26271 eval -0.856348
    [color_grid] step  220 loss -0.862083 |p| 0.26289 eval -0.862687
    [color_grid] step  230 loss -0.868590 |p| 0.26306 eval -0.869206
    [color_grid] step  240 loss -0.875240 |p| 0.26321 eval -0.875940
    [color_grid] step  250 loss -0.882358 |p| 0.26336 eval -0.882961
    [color_grid] step  260 loss -0.888948 |p| 0.26350 eval -0.889630
    [color_grid] step  270 loss -0.894980 |p| 0.26367 eval -0.895491
    [color_grid] step  280 loss -0.900393 |p| 0.26385 eval -0.900990
    [color_grid] step  290 loss -0.905454 |p| 0.26401 eval -0.905894
    [color_grid] step  300 loss -0.909786 |p| 0.26415 eval -0.910182
    [color_grid] step  310 loss -0.913393 |p| 0.26428 eval -0.913735
    [color_grid] step  320 loss -0.916640 |p| 0.26441 eval -0.916863
    [color_grid] step  330 loss -0.919452 |p| 0.26451 eval -0.919685
    [color_grid] step  340 loss -0.921976 |p| 0.26461 eval -0.922199
    [color_grid] step  350 loss -0.924309 |p| 0.26473 eval -0.924485
    [color_grid] step  360 loss -0.926519 |p| 0.26486 eval -0.926748
    [color_grid] step  370 loss -0.928721 |p| 0.26496 eval -0.928973
    [color_grid] step  380 loss -0.930697 |p| 0.26504 eval -0.930908
    [color_grid] step  390 loss -0.932580 |p| 0.26512 eval -0.932772
    [color_grid] step  399 loss -0.934501 |p| 0.26518 eval -0.934765
  color_grid  whole:adam   r=0.30  cos=-0.9348 redetect=-0.595 stop=max_steps@400
    [color_grid] step    0 loss 1.000000 |p| 0.25039 eval 0.997041
    [color_grid] step   10 loss 0.831441 |p| 0.25308 eval 0.813897
    [color_grid] step   20 loss 0.572599 |p| 0.25552 eval 0.534754
    [color_grid] step   30 loss 0.224647 |p| 0.25758 eval 0.194955
    [color_grid] step   40 loss -0.060999 |p| 0.25921 eval -0.091431
    [color_grid] step   50 loss -0.325663 |p| 0.26049 eval -0.345126
    [color_grid] step   60 loss -0.508082 |p| 0.26140 eval -0.520266
    [color_grid] step   70 loss -0.630465 |p| 0.26194 eval -0.640607
    [color_grid] step   80 loss -0.721913 |p| 0.26261 eval -0.730379
    [color_grid] step   90 loss -0.786339 |p| 0.26338 eval -0.792048
    [color_grid] step  100 loss -0.834351 |p| 0.26406 eval -0.838174
    [color_grid] step  110 loss -0.864986 |p| 0.26465 eval -0.867886
    [color_grid] step  120 loss -0.891167 |p| 0.26509 eval -0.893408
    [color_grid] step  130 loss -0.909686 |p| 0.26549 eval -0.911160
    [color_grid] step  140 loss -0.924456 |p| 0.26578 eval -0.925751
    [color_grid] step  150 loss -0.935744 |p| 0.26609 eval -0.936779
    [color_grid] step  160 loss -0.944537 |p| 0.26640 eval -0.945369
    [color_grid] step  170 loss -0.952606 |p| 0.26669 eval -0.953355
    [color_grid] step  180 loss -0.959685 |p| 0.26697 eval -0.960360
    [color_grid] step  190 loss -0.966381 |p| 0.26730 eval -0.966897
    [color_grid] step  200 loss -0.972475 |p| 0.26759 eval -0.972986
    [color_grid] step  210 loss -0.977571 |p| 0.26783 eval -0.978050
    [color_grid] step  220 loss -0.981407 |p| 0.26802 eval -0.981735
    [color_grid] step  230 loss -0.984498 |p| 0.26818 eval -0.984755
    [color_grid] step  240 loss -0.987316 |p| 0.26834 eval -0.987572
    [color_grid] step  250 loss -0.989140 |p| 0.26846 eval -0.989671
    [color_grid] step  260 loss -0.991611 |p| 0.26855 eval -0.991687
    [color_grid] step  270 loss -0.993543 |p| 0.26863 eval -0.993783
    [color_grid] step  280 loss -0.995080 |p| 0.26870 eval -0.995161
    [color_grid] step  290 loss -0.996157 |p| 0.26877 eval -0.996426
    [color_grid] step  300 loss -0.997356 |p| 0.26881 eval -0.997383
    [color_grid] step  310 loss -0.998200 |p| 0.26883 eval -0.998235
    [color_grid] step  320 loss -0.998705 |p| 0.26887 eval -0.998694
    [color_grid] step  330 loss -0.999006 |p| 0.26890 eval -0.999054
    [color_grid] step  340 loss -0.999314 |p| 0.26892 eval -0.999345
    [color_grid] step  350 loss -0.999521 |p| 0.26895 eval -0.999536
    [color_grid] step  360 loss -0.999664 |p| 0.26898 eval -0.999660
    [color_grid] step  370 loss -0.999740 |p| 0.26899 eval -0.999738
    [color_grid] step  380 loss -0.999432 |p| 0.26901 eval -0.999454
    [color_grid] step  390 loss -0.999681 |p| 0.26903 eval -0.999834
    [color_grid] step  399 loss -0.999844 |p| 0.26905 eval -0.999816
  color_grid  whole:adam   r=0.60  cos=-0.9998 redetect=-0.25049 stop=max_steps@400
    [color_grid] step    0 loss 1.000000 |p| 0.25078 eval 0.989760
    [color_grid] step   10 loss 0.657450 |p| 0.25550 eval 0.604343
    [color_grid] step   20 loss 0.146159 |p| 0.25952 eval 0.108657
    [color_grid] step   30 loss -0.143342 |p| 0.26260 eval -0.171917
    [color_grid] step   40 loss -0.359726 |p| 0.26465 eval -0.380997
    [color_grid] step   50 loss -0.609050 |p| 0.26676 eval -0.625247
    [color_grid] step   60 loss -0.720945 |p| 0.26850 eval -0.730492
    [color_grid] step   70 loss -0.798379 |p| 0.27006 eval -0.804740
    [color_grid] step   80 loss -0.857928 |p| 0.27138 eval -0.863263
    [color_grid] step   90 loss -0.905544 |p| 0.27247 eval -0.908822
    [color_grid] step  100 loss -0.931688 |p| 0.27327 eval -0.934414
    [color_grid] step  110 loss -0.952184 |p| 0.27384 eval -0.953609
    [color_grid] step  120 loss -0.964914 |p| 0.27429 eval -0.965974
    [color_grid] step  130 loss -0.973559 |p| 0.27469 eval -0.974293
    [color_grid] step  140 loss -0.979216 |p| 0.27509 eval -0.979690
    [color_grid] step  150 loss -0.983564 |p| 0.27539 eval -0.983939
    [color_grid] step  160 loss -0.986736 |p| 0.27567 eval -0.987018
    [color_grid] step  170 loss -0.989169 |p| 0.27597 eval -0.989364
    [color_grid] step  180 loss -0.991082 |p| 0.27621 eval -0.991230
    [color_grid] step  190 loss -0.992365 |p| 0.27642 eval -0.992469
    [color_grid] step  200 loss -0.993503 |p| 0.27661 eval -0.993609
    [color_grid] step  210 loss -0.994607 |p| 0.27680 eval -0.994692
    [color_grid] step  220 loss -0.995520 |p| 0.27693 eval -0.995601
    [color_grid] step  230 loss -0.996303 |p| 0.27704 eval -0.996387
    [color_grid] step  240 loss -0.997026 |p| 0.27713 eval -0.997099
    [color_grid] step  250 loss -0.997627 |p| 0.27724 eval -0.997630
    [color_grid] step  260 loss -0.998114 |p| 0.27734 eval -0.998160
    [color_grid] step  270 loss -0.998530 |p| 0.27743 eval -0.998556
    [color_grid] step  280 loss -0.998826 |p| 0.27751 eval -0.998853
    [color_grid] step  290 loss -0.999081 |p| 0.27759 eval -0.999088
    [color_grid] step  300 loss -0.999236 |p| 0.27768 eval -0.999273
    [color_grid] step  310 loss -0.999411 |p| 0.27776 eval -0.999441
    [color_grid] step  320 loss -0.999544 |p| 0.27783 eval -0.999556
    [color_grid] step  330 loss -0.999636 |p| 0.27791 eval -0.999642
    [color_grid] step  340 loss -0.999692 |p| 0.27798 eval -0.999699
    [color_grid] step  350 loss -0.999762 |p| 0.27804 eval -0.999775
    [color_grid] step  360 loss -0.999807 |p| 0.27809 eval -0.999815
    [color_grid] step  370 loss -0.999823 |p| 0.27814 eval -0.999839
    [color_grid] step  380 loss -0.999873 |p| 0.27820 eval -0.999868
    [color_grid] step  390 loss -0.999903 |p| 0.27824 eval -0.999898
    [color_grid] step  399 loss -0.999933 |p| 0.27827 eval -0.999935
  color_grid  whole:adam   r=1.20  cos=-0.9999 redetect=-0.46455 stop=max_steps@400
    [color_grid] step    0 loss 1.000000 |p| 0.25130 eval 0.975332
    [color_grid] step   10 loss 0.348037 |p| 0.25839 eval 0.271973
    [color_grid] step   20 loss -0.191908 |p| 0.26342 eval -0.239543
    [color_grid] step   30 loss -0.527209 |p| 0.26671 eval -0.542112
    [color_grid] step   40 loss -0.683063 |p| 0.26928 eval -0.691452
    [color_grid] step   50 loss -0.797644 |p| 0.27147 eval -0.813178
    [color_grid] step   60 loss -0.906180 |p| 0.27380 eval -0.915479
    [color_grid] step   70 loss -0.954877 |p| 0.27532 eval -0.958598
    [color_grid] step   80 loss -0.978820 |p| 0.27633 eval -0.979669
    [color_grid] step   90 loss -0.989079 |p| 0.27708 eval -0.989776
    [color_grid] step  100 loss -0.993920 |p| 0.27753 eval -0.994274
    [color_grid] step  110 loss -0.996545 |p| 0.27780 eval -0.996711
    [color_grid] step  120 loss -0.997953 |p| 0.27796 eval -0.998044
    [color_grid] step  130 loss -0.998794 |p| 0.27808 eval -0.998848
    [color_grid] step  140 loss -0.999309 |p| 0.27816 eval -0.999328
    [color_grid] step  150 loss -0.999581 |p| 0.27823 eval -0.999625
    [color_grid] step  160 loss -0.999762 |p| 0.27828 eval -0.999763
    [color_grid] step  170 loss -0.999848 |p| 0.27832 eval -0.999852
    [color_grid] step  180 loss -0.999902 |p| 0.27835 eval -0.999907
    [color_grid] step  190 loss -0.999931 |p| 0.27837 eval -0.999931
    [color_grid] step  200 loss -0.999945 |p| 0.27839 eval -0.999957
    [color_grid] step  210 loss -0.999969 |p| 0.27840 eval -0.999970
    [color_grid] step  220 loss -0.999974 |p| 0.27841 eval -0.999974
    [color_grid] step  230 loss -0.999979 |p| 0.27842 eval -0.999980
    [color_grid] step  240 loss -0.999979 |p| 0.27843 eval -0.999982
    [color_grid] step  250 loss -0.999977 |p| 0.27844 eval -0.999976
    [color_grid] step  260 loss -0.999970 |p| 0.27844 eval -0.999972
    [color_grid] step  270 loss -0.999988 |p| 0.27844 eval -0.999986
    [color_grid] step  280 loss -0.999981 |p| 0.27845 eval -0.999973
    [color_grid] step  290 loss -0.999943 |p| 0.27845 eval -0.999943
    [color_grid] step  300 loss -0.999972 |p| 0.27845 eval -0.999978
    [color_grid] step  310 loss -0.999977 |p| 0.27845 eval -0.999971
    [color_grid] step  320 loss -0.999980 |p| 0.27845 eval -0.999975
    [color_grid] step  330 loss -0.999964 |p| 0.27845 eval -0.999971
    [color_grid] step  340 loss -0.999984 |p| 0.27845 eval -0.999982
    [color_grid] step  350 loss -0.997375 |p| 0.27846 eval -0.996899
    [color_grid] step  360 loss -0.999693 |p| 0.27846 eval -0.999208
    [color_grid] step  370 loss -0.999820 |p| 0.27848 eval -0.999772
    [color_grid] step  380 loss -0.999910 |p| 0.27849 eval -0.999929
    [color_grid] step  390 loss -0.999977 |p| 0.27851 eval -0.999969
    [color_grid] step  399 loss -0.999976 |p| 0.27852 eval -0.999980
  color_grid  whole:adam   r=2.00  cos=-1.0000 redetect=-0.55254 stop=max_steps@400
  color_grid  whole:rand   r=0.02  cos=0.9987 redetect=0.99468 stop=no_params@0
  color_grid  whole:rand   r=0.05  cos=0.9904 redetect=0.96483 stop=no_params@0
  color_grid  whole:rand   r=0.10  cos=0.9699 redetect=0.95627 stop=no_params@0
  color_grid  whole:rand   r=0.20  cos=0.9015 redetect=0.86789 stop=no_params@0
  color_grid  whole:rand   r=0.30  cos=0.8123 redetect=0.76218 stop=no_params@0
  color_grid  whole:rand   r=0.60  cos=0.5758 redetect=None stop=no_params@0
  color_grid  whole:rand   r=1.20  cos=0.1790 redetect=None stop=no_params@0
  color_grid  whole:rand   r=2.00  cos=0.1680 redetect=None stop=no_params@0
    [color_curve] step    0 loss 1.000000 |p| 0.01562 eval 1.000000
    [color_curve] step   10 loss 1.000000 |p| 0.01562 eval 1.000000
    [color_curve] step   20 loss 1.000000 |p| 0.01562 eval 1.000000
    [color_curve] step   30 loss 1.000000 |p| 0.01562 eval 1.000000
    [color_curve] step   40 loss 1.000000 |p| 0.01562 eval 1.000000
    [color_curve] step   50 loss 1.000000 |p| 0.01562 eval 1.000000
    [color_curve] step   60 loss 1.000000 |p| 0.01562 eval 1.000000
    [color_curve] step   70 loss 1.000000 |p| 0.01562 eval 1.000000
    [color_curve] step   80 loss 1.000000 |p| 0.01562 eval 1.000000
    [color_curve] early stop at step 80（連續 8 次評估未改善 > 0.0001）
  color_curve whole:sign   r=0.02  cos=1.0000 redetect=1.0 stop=early_stop@81
    [color_curve] step    0 loss 1.000000 |p| 0.01562 eval 1.000000
    [color_curve] step   10 loss 1.000000 |p| 0.01562 eval 1.000000
    [color_curve] step   20 loss 1.000000 |p| 0.01562 eval 1.000000
    [color_curve] step   30 loss 1.000000 |p| 0.01562 eval 1.000000
    [color_curve] step   40 loss 1.000000 |p| 0.01562 eval 1.000000
    [color_curve] step   50 loss 1.000000 |p| 0.01562 eval 1.000000
    [color_curve] step   60 loss 1.000000 |p| 0.01562 eval 1.000000
    [color_curve] step   70 loss 1.000000 |p| 0.01562 eval 1.000000
    [color_curve] step   80 loss 1.000000 |p| 0.01562 eval 1.000000
    [color_curve] early stop at step 80（連續 8 次評估未改善 > 0.0001）
  color_curve whole:sign   r=0.05  cos=1.0000 redetect=1.0 stop=early_stop@81
    [color_curve] step    0 loss 1.000000 |p| 0.01562 eval 1.000000
    [color_curve] step   10 loss 1.000000 |p| 0.01562 eval 1.000000
    [color_curve] step   20 loss 1.000000 |p| 0.01562 eval 1.000000
    [color_curve] step   30 loss 1.000000 |p| 0.01562 eval 1.000000
    [color_curve] step   40 loss 1.000000 |p| 0.01562 eval 1.000000
    [color_curve] step   50 loss 1.000000 |p| 0.01562 eval 1.000000
    [color_curve] step   60 loss 1.000000 |p| 0.01562 eval 1.000000
    [color_curve] step   70 loss 1.000000 |p| 0.01562 eval 1.000000
    [color_curve] step   80 loss 1.000000 |p| 0.01562 eval 1.000000
    [color_curve] early stop at step 80（連續 8 次評估未改善 > 0.0001）
  color_curve whole:sign   r=0.10  cos=1.0000 redetect=1.0 stop=early_stop@81
    [color_curve] step    0 loss 1.000000 |p| 0.01562 eval 1.000000
    [color_curve] step   10 loss 1.000000 |p| 0.01562 eval 1.000000
    [color_curve] step   20 loss 1.000000 |p| 0.01562 eval 1.000000
    [color_curve] step   30 loss 1.000000 |p| 0.01562 eval 1.000000
    [color_curve] step   40 loss 1.000000 |p| 0.01562 eval 1.000000
    [color_curve] step   50 loss 1.000000 |p| 0.01562 eval 1.000000
    [color_curve] step   60 loss 1.000000 |p| 0.01562 eval 1.000000
    [color_curve] step   70 loss 1.000000 |p| 0.01562 eval 1.000000
    [color_curve] step   80 loss 1.000000 |p| 0.01562 eval 1.000000
    [color_curve] early stop at step 80（連續 8 次評估未改善 > 0.0001）
  color_curve whole:sign   r=0.20  cos=1.0000 redetect=1.0 stop=early_stop@81
    [color_curve] step    0 loss 1.000000 |p| 0.01562 eval 1.000000
    [color_curve] step   10 loss 1.000000 |p| 0.01562 eval 1.000000
    [color_curve] step   20 loss 1.000000 |p| 0.01562 eval 1.000000
    [color_curve] step   30 loss 1.000000 |p| 0.01562 eval 1.000000
    [color_curve] step   40 loss 1.000000 |p| 0.01562 eval 1.000000
    [color_curve] step   50 loss 1.000000 |p| 0.01562 eval 1.000000
    [color_curve] step   60 loss 1.000000 |p| 0.01562 eval 1.000000
    [color_curve] step   70 loss 1.000000 |p| 0.01562 eval 1.000000
    [color_curve] step   80 loss 1.000000 |p| 0.01562 eval 1.000000
    [color_curve] early stop at step 80（連續 8 次評估未改善 > 0.0001）
  color_curve whole:sign   r=0.30  cos=1.0000 redetect=1.0 stop=early_stop@81
    [color_curve] step    0 loss 1.000000 |p| 0.01562 eval 1.000000
    [color_curve] step   10 loss 1.000000 |p| 0.01562 eval 1.000000
    [color_curve] step   20 loss 1.000000 |p| 0.01562 eval 1.000000
    [color_curve] step   30 loss 1.000000 |p| 0.01562 eval 1.000000
    [color_curve] step   40 loss 1.000000 |p| 0.01562 eval 1.000000
    [color_curve] step   50 loss 1.000000 |p| 0.01562 eval 1.000000
    [color_curve] step   60 loss 1.000000 |p| 0.01562 eval 1.000000
    [color_curve] step   70 loss 1.000000 |p| 0.01562 eval 1.000000
    [color_curve] step   80 loss 1.000000 |p| 0.01562 eval 1.000000
    [color_curve] early stop at step 80（連續 8 次評估未改善 > 0.0001）
  color_curve whole:sign   r=0.60  cos=1.0000 redetect=1.0 stop=early_stop@81
    [color_curve] step    0 loss 1.000000 |p| 0.01562 eval 1.000000
    [color_curve] step   10 loss 1.000000 |p| 0.01562 eval 1.000000
    [color_curve] step   20 loss 1.000000 |p| 0.01562 eval 1.000000
    [color_curve] step   30 loss 1.000000 |p| 0.01562 eval 1.000000
    [color_curve] step   40 loss 1.000000 |p| 0.01562 eval 1.000000
    [color_curve] step   50 loss 1.000000 |p| 0.01562 eval 1.000000
    [color_curve] step   60 loss 1.000000 |p| 0.01562 eval 1.000000
    [color_curve] step   70 loss 1.000000 |p| 0.01562 eval 1.000000
    [color_curve] step   80 loss 1.000000 |p| 0.01562 eval 1.000000
    [color_curve] early stop at step 80（連續 8 次評估未改善 > 0.0001）
  color_curve whole:sign   r=1.20  cos=1.0000 redetect=1.0 stop=early_stop@81
    [color_curve] step    0 loss 1.000000 |p| 0.01562 eval 1.000000
    [color_curve] step   10 loss 1.000000 |p| 0.01562 eval 1.000000
    [color_curve] step   20 loss 1.000000 |p| 0.01562 eval 1.000000
    [color_curve] step   30 loss 1.000000 |p| 0.01562 eval 1.000000
    [color_curve] step   40 loss 1.000000 |p| 0.01562 eval 1.000000
    [color_curve] step   50 loss 1.000000 |p| 0.01562 eval 1.000000
    [color_curve] step   60 loss 1.000000 |p| 0.01562 eval 1.000000
    [color_curve] step   70 loss 1.000000 |p| 0.01562 eval 1.000000
    [color_curve] step   80 loss 1.000000 |p| 0.01562 eval 1.000000
    [color_curve] early stop at step 80（連續 8 次評估未改善 > 0.0001）
  color_curve whole:sign   r=2.00  cos=1.0000 redetect=1.0 stop=early_stop@81
    [color_curve] step    0 loss 1.000000 |p| 0.01562 eval 1.000000
    [color_curve] step   10 loss 1.000000 |p| 0.01562 eval 1.000000
    [color_curve] step   20 loss 1.000000 |p| 0.01562 eval 1.000000
    [color_curve] step   30 loss 1.000000 |p| 0.01562 eval 1.000000
    [color_curve] step   40 loss 1.000000 |p| 0.01562 eval 1.000000
    [color_curve] step   50 loss 1.000000 |p| 0.01562 eval 1.000000
    [color_curve] step   60 loss 1.000000 |p| 0.01562 eval 1.000000
    [color_curve] step   70 loss 1.000000 |p| 0.01562 eval 1.000000
    [color_curve] step   80 loss 1.000000 |p| 0.01562 eval 1.000000
    [color_curve] early stop at step 80（連續 8 次評估未改善 > 0.0001）
  color_curve whole:adam   r=0.02  cos=1.0000 redetect=1.0 stop=early_stop@81
    [color_curve] step    0 loss 1.000000 |p| 0.01562 eval 1.000000
    [color_curve] step   10 loss 1.000000 |p| 0.01562 eval 1.000000
    [color_curve] step   20 loss 1.000000 |p| 0.01562 eval 1.000000
    [color_curve] step   30 loss 1.000000 |p| 0.01562 eval 1.000000
    [color_curve] step   40 loss 1.000000 |p| 0.01562 eval 1.000000
    [color_curve] step   50 loss 1.000000 |p| 0.01562 eval 1.000000
    [color_curve] step   60 loss 1.000000 |p| 0.01562 eval 1.000000
    [color_curve] step   70 loss 1.000000 |p| 0.01562 eval 1.000000
    [color_curve] step   80 loss 1.000000 |p| 0.01562 eval 1.000000
    [color_curve] early stop at step 80（連續 8 次評估未改善 > 0.0001）
  color_curve whole:adam   r=0.05  cos=1.0000 redetect=1.0 stop=early_stop@81
    [color_curve] step    0 loss 1.000000 |p| 0.01562 eval 1.000000
    [color_curve] step   10 loss 1.000000 |p| 0.01562 eval 1.000000
    [color_curve] step   20 loss 1.000000 |p| 0.01562 eval 1.000000
    [color_curve] step   30 loss 1.000000 |p| 0.01562 eval 1.000000
    [color_curve] step   40 loss 1.000000 |p| 0.01562 eval 1.000000
    [color_curve] step   50 loss 1.000000 |p| 0.01562 eval 1.000000
    [color_curve] step   60 loss 1.000000 |p| 0.01562 eval 1.000000
    [color_curve] step   70 loss 1.000000 |p| 0.01562 eval 1.000000
    [color_curve] step   80 loss 1.000000 |p| 0.01562 eval 1.000000
    [color_curve] early stop at step 80（連續 8 次評估未改善 > 0.0001）
  color_curve whole:adam   r=0.10  cos=1.0000 redetect=1.0 stop=early_stop@81
    [color_curve] step    0 loss 1.000000 |p| 0.01562 eval 1.000000
    [color_curve] step   10 loss 1.000000 |p| 0.01562 eval 1.000000
    [color_curve] step   20 loss 1.000000 |p| 0.01562 eval 1.000000
    [color_curve] step   30 loss 1.000000 |p| 0.01562 eval 1.000000
    [color_curve] step   40 loss 1.000000 |p| 0.01562 eval 1.000000
    [color_curve] step   50 loss 1.000000 |p| 0.01562 eval 1.000000
    [color_curve] step   60 loss 1.000000 |p| 0.01562 eval 1.000000
    [color_curve] step   70 loss 1.000000 |p| 0.01562 eval 1.000000
    [color_curve] step   80 loss 1.000000 |p| 0.01562 eval 1.000000
    [color_curve] early stop at step 80（連續 8 次評估未改善 > 0.0001）
  color_curve whole:adam   r=0.20  cos=1.0000 redetect=1.0 stop=early_stop@81
    [color_curve] step    0 loss 1.000000 |p| 0.01562 eval 1.000000
    [color_curve] step   10 loss 1.000000 |p| 0.01562 eval 1.000000
    [color_curve] step   20 loss 1.000000 |p| 0.01562 eval 1.000000
    [color_curve] step   30 loss 1.000000 |p| 0.01562 eval 1.000000
    [color_curve] step   40 loss 1.000000 |p| 0.01562 eval 1.000000
    [color_curve] step   50 loss 1.000000 |p| 0.01562 eval 1.000000
    [color_curve] step   60 loss 1.000000 |p| 0.01562 eval 1.000000
    [color_curve] step   70 loss 1.000000 |p| 0.01562 eval 1.000000
    [color_curve] step   80 loss 1.000000 |p| 0.01562 eval 1.000000
    [color_curve] early stop at step 80（連續 8 次評估未改善 > 0.0001）
  color_curve whole:adam   r=0.30  cos=1.0000 redetect=1.0 stop=early_stop@81
    [color_curve] step    0 loss 1.000000 |p| 0.01562 eval 1.000000
    [color_curve] step   10 loss 1.000000 |p| 0.01562 eval 1.000000
    [color_curve] step   20 loss 1.000000 |p| 0.01562 eval 1.000000
    [color_curve] step   30 loss 1.000000 |p| 0.01562 eval 1.000000
    [color_curve] step   40 loss 1.000000 |p| 0.01562 eval 1.000000
    [color_curve] step   50 loss 1.000000 |p| 0.01562 eval 1.000000
    [color_curve] step   60 loss 1.000000 |p| 0.01562 eval 1.000000
    [color_curve] step   70 loss 1.000000 |p| 0.01562 eval 1.000000
    [color_curve] step   80 loss 1.000000 |p| 0.01562 eval 1.000000
    [color_curve] early stop at step 80（連續 8 次評估未改善 > 0.0001）
  color_curve whole:adam   r=0.60  cos=1.0000 redetect=1.0 stop=early_stop@81
    [color_curve] step    0 loss 1.000000 |p| 0.01562 eval 1.000000
    [color_curve] step   10 loss 1.000000 |p| 0.01562 eval 1.000000
    [color_curve] step   20 loss 1.000000 |p| 0.01562 eval 1.000000
    [color_curve] step   30 loss 1.000000 |p| 0.01562 eval 1.000000
    [color_curve] step   40 loss 1.000000 |p| 0.01562 eval 1.000000
    [color_curve] step   50 loss 1.000000 |p| 0.01562 eval 1.000000
    [color_curve] step   60 loss 1.000000 |p| 0.01562 eval 1.000000
    [color_curve] step   70 loss 1.000000 |p| 0.01562 eval 1.000000
    [color_curve] step   80 loss 1.000000 |p| 0.01562 eval 1.000000
    [color_curve] early stop at step 80（連續 8 次評估未改善 > 0.0001）
  color_curve whole:adam   r=1.20  cos=1.0000 redetect=1.0 stop=early_stop@81
    [color_curve] step    0 loss 1.000000 |p| 0.01562 eval 1.000000
    [color_curve] step   10 loss 1.000000 |p| 0.01562 eval 1.000000
    [color_curve] step   20 loss 1.000000 |p| 0.01562 eval 1.000000
    [color_curve] step   30 loss 1.000000 |p| 0.01562 eval 1.000000
    [color_curve] step   40 loss 1.000000 |p| 0.01562 eval 1.000000
    [color_curve] step   50 loss 1.000000 |p| 0.01562 eval 1.000000
    [color_curve] step   60 loss 1.000000 |p| 0.01562 eval 1.000000
    [color_curve] step   70 loss 1.000000 |p| 0.01562 eval 1.000000
    [color_curve] step   80 loss 1.000000 |p| 0.01562 eval 1.000000
    [color_curve] early stop at step 80（連續 8 次評估未改善 > 0.0001）
  color_curve whole:adam   r=2.00  cos=1.0000 redetect=1.0 stop=early_stop@81
  color_curve whole:rand   r=0.02  cos=1.0000 redetect=0.99759 stop=no_params@0
  color_curve whole:rand   r=0.05  cos=1.0000 redetect=0.99757 stop=no_params@0
  color_curve whole:rand   r=0.10  cos=0.9999 redetect=0.99992 stop=no_params@0
  color_curve whole:rand   r=0.20  cos=0.9998 redetect=0.99326 stop=no_params@0
  color_curve whole:rand   r=0.30  cos=0.9995 redetect=0.99589 stop=no_params@0
  color_curve whole:rand   r=0.60  cos=0.9985 redetect=0.99682 stop=no_params@0
  color_curve whole:rand   r=1.20  cos=0.9970 redetect=0.99341 stop=no_params@0
  color_curve whole:rand   r=2.00  cos=0.9957 redetect=0.99125 stop=no_params@0
[task_attr_mod_color_30214] box=(212, 39, 318, 207) verify_cos=0.99999
    [color_grid] step    0 loss 1.000000 |p| 0.25001 eval 0.999989
    [color_grid] step   10 loss 0.998780 |p| 0.25015 eval 0.998530
    [color_grid] step   20 loss 0.995585 |p| 0.25028 eval 0.995174
    [color_grid] step   30 loss 0.990647 |p| 0.25040 eval 0.990072
    [color_grid] step   40 loss 0.984500 |p| 0.25052 eval 0.983810
    [color_grid] step   50 loss 0.976561 |p| 0.25064 eval 0.975616
    [color_grid] step   60 loss 0.967162 |p| 0.25075 eval 0.966174
    [color_grid] step   70 loss 0.956816 |p| 0.25085 eval 0.955756
    [color_grid] step   80 loss 0.946351 |p| 0.25095 eval 0.945299
    [color_grid] step   90 loss 0.935329 |p| 0.25104 eval 0.934250
    [color_grid] step  100 loss 0.924026 |p| 0.25113 eval 0.923733
    [color_grid] step  110 loss 0.921557 |p| 0.25115 eval 0.921355
    [color_grid] step  120 loss 0.919646 |p| 0.25116 eval 0.919449
    [color_grid] step  130 loss 0.917909 |p| 0.25118 eval 0.917735
    [color_grid] step  140 loss 0.916292 |p| 0.25120 eval 0.916146
    [color_grid] step  150 loss 0.914780 |p| 0.25122 eval 0.914624
    [color_grid] step  160 loss 0.913411 |p| 0.25124 eval 0.913257
    [color_grid] step  170 loss 0.912304 |p| 0.25126 eval 0.912238
    [color_grid] step  180 loss 0.911408 |p| 0.25127 eval 0.911329
    [color_grid] step  190 loss 0.910652 |p| 0.25129 eval 0.910646
    [color_grid] step  200 loss 0.910268 |p| 0.25130 eval 0.910224
    [color_grid] step  210 loss 0.909906 |p| 0.25131 eval 0.909886
    [color_grid] step  220 loss 0.909652 |p| 0.25132 eval 0.909582
    [color_grid] step  230 loss 0.909309 |p| 0.25132 eval 0.909307
    [color_grid] step  240 loss 0.909101 |p| 0.25132 eval 0.909061
    [color_grid] step  250 loss 0.908802 |p| 0.25132 eval 0.908816
    [color_grid] step  260 loss 0.908663 |p| 0.25133 eval 0.908649
    [color_grid] step  270 loss 0.908481 |p| 0.25133 eval 0.908486
    [color_grid] step  280 loss 0.908367 |p| 0.25133 eval 0.908347
    [color_grid] step  290 loss 0.908301 |p| 0.25133 eval 0.908251
    [color_grid] step  300 loss 0.908151 |p| 0.25133 eval 0.908166
    [color_grid] step  310 loss 0.908099 |p| 0.25133 eval 0.908080
    [color_grid] step  320 loss 0.907948 |p| 0.25134 eval 0.907979
    [color_grid] step  330 loss 0.907819 |p| 0.25134 eval 0.907818
    [color_grid] step  340 loss 0.907718 |p| 0.25135 eval 0.907722
    [color_grid] step  350 loss 0.907607 |p| 0.25135 eval 0.907559
    [color_grid] step  360 loss 0.907456 |p| 0.25135 eval 0.907421
    [color_grid] step  370 loss 0.907345 |p| 0.25136 eval 0.907323
    [color_grid] step  380 loss 0.907240 |p| 0.25136 eval 0.907213
    [color_grid] step  390 loss 0.907147 |p| 0.25136 eval 0.907136
    [color_grid] step  399 loss 0.906973 |p| 0.25136 eval 0.906978
  color_grid  whole:sign   r=0.02  cos=0.9070 redetect=0.90906 stop=max_steps@400
    [color_grid] step    0 loss 1.000000 |p| 0.25004 eval 0.999930
    [color_grid] step   10 loss 0.993403 |p| 0.25035 eval 0.992141
    [color_grid] step   20 loss 0.976693 |p| 0.25065 eval 0.974458
    [color_grid] step   30 loss 0.951963 |p| 0.25092 eval 0.949340
    [color_grid] step   40 loss 0.924659 |p| 0.25115 eval 0.921813
    [color_grid] step   50 loss 0.893397 |p| 0.25137 eval 0.890036
    [color_grid] step   60 loss 0.859008 |p| 0.25159 eval 0.855742
    [color_grid] step   70 loss 0.826285 |p| 0.25181 eval 0.823181
    [color_grid] step   80 loss 0.795984 |p| 0.25204 eval 0.793235
    [color_grid] step   90 loss 0.769538 |p| 0.25225 eval 0.767003
    [color_grid] step  100 loss 0.744883 |p| 0.25244 eval 0.743636
    [color_grid] step  110 loss 0.733349 |p| 0.25254 eval 0.732258
    [color_grid] step  120 loss 0.722725 |p| 0.25263 eval 0.721718
    [color_grid] step  130 loss 0.713431 |p| 0.25271 eval 0.712591
    [color_grid] step  140 loss 0.705069 |p| 0.25278 eval 0.704303
    [color_grid] step  150 loss 0.698619 |p| 0.25285 eval 0.698128
    [color_grid] step  160 loss 0.693596 |p| 0.25291 eval 0.693099
    [color_grid] step  170 loss 0.689024 |p| 0.25297 eval 0.688609
    [color_grid] step  180 loss 0.685348 |p| 0.25302 eval 0.685026
    [color_grid] step  190 loss 0.682574 |p| 0.25306 eval 0.682323
    [color_grid] step  200 loss 0.680111 |p| 0.25310 eval 0.679754
    [color_grid] step  210 loss 0.677190 |p| 0.25313 eval 0.676858
    [color_grid] step  220 loss 0.674495 |p| 0.25316 eval 0.674320
    [color_grid] step  230 loss 0.672107 |p| 0.25318 eval 0.671786
    [color_grid] step  240 loss 0.669527 |p| 0.25319 eval 0.669299
    [color_grid] step  250 loss 0.667572 |p| 0.25320 eval 0.667404
    [color_grid] step  260 loss 0.665963 |p| 0.25321 eval 0.665840
    [color_grid] step  270 loss 0.664145 |p| 0.25321 eval 0.663937
    [color_grid] step  280 loss 0.662001 |p| 0.25321 eval 0.661798
    [color_grid] step  290 loss 0.659959 |p| 0.25321 eval 0.659743
    [color_grid] step  300 loss 0.657869 |p| 0.25322 eval 0.657647
    [color_grid] step  310 loss 0.655675 |p| 0.25322 eval 0.655443
    [color_grid] step  320 loss 0.653300 |p| 0.25322 eval 0.653102
    [color_grid] step  330 loss 0.650722 |p| 0.25322 eval 0.650419
    [color_grid] step  340 loss 0.648764 |p| 0.25322 eval 0.648606
    [color_grid] step  350 loss 0.647252 |p| 0.25322 eval 0.647120
    [color_grid] step  360 loss 0.645689 |p| 0.25323 eval 0.645498
    [color_grid] step  370 loss 0.643879 |p| 0.25325 eval 0.643782
    [color_grid] step  380 loss 0.642368 |p| 0.25327 eval 0.642295
    [color_grid] step  390 loss 0.641116 |p| 0.25328 eval 0.641068
    [color_grid] step  399 loss 0.640144 |p| 0.25329 eval 0.640070
  color_grid  whole:sign   r=0.05  cos=0.6401 redetect=0.66044 stop=max_steps@400
    [color_grid] step    0 loss 1.000000 |p| 0.25007 eval 0.999728
    [color_grid] step   10 loss 0.976895 |p| 0.25067 eval 0.972469
    [color_grid] step   20 loss 0.925746 |p| 0.25117 eval 0.920097
    [color_grid] step   30 loss 0.861304 |p| 0.25159 eval 0.854557
    [color_grid] step   40 loss 0.796137 |p| 0.25205 eval 0.790320
    [color_grid] step   50 loss 0.744733 |p| 0.25248 eval 0.739764
    [color_grid] step   60 loss 0.692932 |p| 0.25289 eval 0.687614
    [color_grid] step   70 loss 0.641254 |p| 0.25329 eval 0.635649
    [color_grid] step   80 loss 0.584893 |p| 0.25368 eval 0.578814
    [color_grid] step   90 loss 0.513286 |p| 0.25405 eval 0.505299
    [color_grid] step  100 loss 0.433780 |p| 0.25438 eval 0.427603
    [color_grid] step  110 loss 0.383740 |p| 0.25456 eval 0.379732
    [color_grid] step  120 loss 0.342684 |p| 0.25469 eval 0.338552
    [color_grid] step  130 loss 0.303492 |p| 0.25480 eval 0.299428
    [color_grid] step  140 loss 0.266010 |p| 0.25490 eval 0.262595
    [color_grid] step  150 loss 0.229761 |p| 0.25500 eval 0.225661
    [color_grid] step  160 loss 0.183278 |p| 0.25509 eval 0.178464
    [color_grid] step  170 loss 0.139053 |p| 0.25516 eval 0.134874
    [color_grid] step  180 loss 0.075141 |p| 0.25519 eval 0.066613
    [color_grid] step  190 loss 0.007749 |p| 0.25523 eval 0.002583
    [color_grid] step  200 loss -0.036312 |p| 0.25527 eval -0.039604
    [color_grid] step  210 loss -0.069306 |p| 0.25530 eval -0.072450
    [color_grid] step  220 loss -0.098255 |p| 0.25534 eval -0.101019
    [color_grid] step  230 loss -0.124521 |p| 0.25538 eval -0.127124
    [color_grid] step  240 loss -0.147621 |p| 0.25543 eval -0.149687
    [color_grid] step  250 loss -0.165926 |p| 0.25548 eval -0.168265
    [color_grid] step  260 loss -0.187238 |p| 0.25553 eval -0.188975
    [color_grid] step  270 loss -0.206399 |p| 0.25557 eval -0.207840
    [color_grid] step  280 loss -0.224135 |p| 0.25560 eval -0.225965
    [color_grid] step  290 loss -0.243462 |p| 0.25563 eval -0.245036
    [color_grid] step  300 loss -0.259758 |p| 0.25564 eval -0.261176
    [color_grid] step  310 loss -0.274758 |p| 0.25567 eval -0.276183
    [color_grid] step  320 loss -0.287221 |p| 0.25570 eval -0.288131
    [color_grid] step  330 loss -0.299623 |p| 0.25573 eval -0.300413
    [color_grid] step  340 loss -0.309678 |p| 0.25575 eval -0.309746
    [color_grid] step  350 loss -0.318513 |p| 0.25577 eval -0.318940
    [color_grid] step  360 loss -0.327675 |p| 0.25579 eval -0.328036
    [color_grid] step  370 loss -0.336141 |p| 0.25580 eval -0.336412
    [color_grid] step  380 loss -0.343644 |p| 0.25581 eval -0.344403
    [color_grid] step  390 loss -0.350208 |p| 0.25581 eval -0.350968
    [color_grid] step  399 loss -0.355193 |p| 0.25583 eval -0.356293
  color_grid  whole:sign   r=0.10  cos=-0.3563 redetect=-0.06963 stop=max_steps@400
    [color_grid] step    0 loss 1.000000 |p| 0.25015 eval 0.998922
    [color_grid] step   10 loss 0.926734 |p| 0.25122 eval 0.914974
    [color_grid] step   20 loss 0.796918 |p| 0.25210 eval 0.785218
    [color_grid] step   30 loss 0.691573 |p| 0.25293 eval 0.682011
    [color_grid] step   40 loss 0.595654 |p| 0.25372 eval 0.585945
    [color_grid] step   50 loss 0.467382 |p| 0.25446 eval 0.453588
    [color_grid] step   60 loss 0.326894 |p| 0.25510 eval 0.311419
    [color_grid] step   70 loss 0.152759 |p| 0.25561 eval 0.130514
    [color_grid] step   80 loss -0.074876 |p| 0.25601 eval -0.100381
    [color_grid] step   90 loss -0.246272 |p| 0.25638 eval -0.259459
    [color_grid] step  100 loss -0.369447 |p| 0.25671 eval -0.381316
    [color_grid] step  110 loss -0.461742 |p| 0.25701 eval -0.469997
    [color_grid] step  120 loss -0.545894 |p| 0.25728 eval -0.555856
    [color_grid] step  130 loss -0.629615 |p| 0.25750 eval -0.632852
    [color_grid] step  140 loss -0.682453 |p| 0.25768 eval -0.684814
    [color_grid] step  150 loss -0.719935 |p| 0.25780 eval -0.722970
    [color_grid] step  160 loss -0.751830 |p| 0.25789 eval -0.753982
    [color_grid] step  170 loss -0.775820 |p| 0.25799 eval -0.775594
    [color_grid] step  180 loss -0.792056 |p| 0.25806 eval -0.790331
    [color_grid] step  190 loss -0.802666 |p| 0.25813 eval -0.799280
    [color_grid] step  200 loss -0.811193 |p| 0.25820 eval -0.808074
    [color_grid] step  210 loss -0.821232 |p| 0.25822 eval -0.819524
    [color_grid] step  220 loss -0.827756 |p| 0.25823 eval -0.826883
    [color_grid] step  230 loss -0.834203 |p| 0.25825 eval -0.832736
    [color_grid] step  240 loss -0.838146 |p| 0.25830 eval -0.836455
    [color_grid] step  250 loss -0.843396 |p| 0.25836 eval -0.840088
    [color_grid] step  260 loss -0.850957 |p| 0.25839 eval -0.849653
    [color_grid] step  270 loss -0.854584 |p| 0.25840 eval -0.854888
    [color_grid] step  280 loss -0.858064 |p| 0.25839 eval -0.858967
    [color_grid] step  290 loss -0.860066 |p| 0.25839 eval -0.861385
    [color_grid] step  300 loss -0.862099 |p| 0.25839 eval -0.863306
    [color_grid] step  310 loss -0.863146 |p| 0.25840 eval -0.864289
    [color_grid] step  320 loss -0.864121 |p| 0.25841 eval -0.865895
    [color_grid] step  330 loss -0.864685 |p| 0.25842 eval -0.866856
    [color_grid] step  340 loss -0.866028 |p| 0.25843 eval -0.868678
    [color_grid] step  350 loss -0.868543 |p| 0.25845 eval -0.869505
    [color_grid] step  360 loss -0.869999 |p| 0.25847 eval -0.870291
    [color_grid] step  370 loss -0.871285 |p| 0.25848 eval -0.872279
    [color_grid] step  380 loss -0.871620 |p| 0.25848 eval -0.874102
    [color_grid] step  390 loss -0.873058 |p| 0.25849 eval -0.874194
    [color_grid] step  399 loss -0.875977 |p| 0.25851 eval -0.880022
  color_grid  whole:sign   r=0.20  cos=-0.8800 redetect=None stop=max_steps@400
    [color_grid] step    0 loss 1.000000 |p| 0.25022 eval 0.997693
    [color_grid] step   10 loss 0.864200 |p| 0.25169 eval 0.843980
    [color_grid] step   20 loss 0.695548 |p| 0.25294 eval 0.681451
    [color_grid] step   30 loss 0.551582 |p| 0.25409 eval 0.533772
    [color_grid] step   40 loss 0.356290 |p| 0.25499 eval 0.334681
    [color_grid] step   50 loss 0.118593 |p| 0.25576 eval 0.086836
    [color_grid] step   60 loss -0.137751 |p| 0.25648 eval -0.150187
    [color_grid] step   70 loss -0.325449 |p| 0.25703 eval -0.350663
    [color_grid] step   80 loss -0.508687 |p| 0.25755 eval -0.521580
    [color_grid] step   90 loss -0.609021 |p| 0.25796 eval -0.618699
    [color_grid] step  100 loss -0.672358 |p| 0.25825 eval -0.685908
    [color_grid] step  110 loss -0.739084 |p| 0.25851 eval -0.747144
    [color_grid] step  120 loss -0.763618 |p| 0.25865 eval -0.770639
    [color_grid] step  130 loss -0.779627 |p| 0.25876 eval -0.782314
    [color_grid] step  140 loss -0.798056 |p| 0.25886 eval -0.799720
    [color_grid] step  150 loss -0.814584 |p| 0.25898 eval -0.818861
    [color_grid] step  160 loss -0.825072 |p| 0.25909 eval -0.834183
    [color_grid] step  170 loss -0.840353 |p| 0.25917 eval -0.841764
    [color_grid] step  180 loss -0.846321 |p| 0.25926 eval -0.847249
    [color_grid] step  190 loss -0.850850 |p| 0.25935 eval -0.850903
    [color_grid] step  200 loss -0.856320 |p| 0.25947 eval -0.855713
    [color_grid] step  210 loss -0.860671 |p| 0.25956 eval -0.862637
    [color_grid] step  220 loss -0.869428 |p| 0.25965 eval -0.869821
    [color_grid] step  230 loss -0.881217 |p| 0.25974 eval -0.879735
    [color_grid] step  240 loss -0.887621 |p| 0.25983 eval -0.890841
    [color_grid] step  250 loss -0.896144 |p| 0.25987 eval -0.897387
    [color_grid] step  260 loss -0.903494 |p| 0.25989 eval -0.900812
    [color_grid] step  270 loss -0.907984 |p| 0.25996 eval -0.905551
    [color_grid] step  280 loss -0.913108 |p| 0.26004 eval -0.908066
    [color_grid] step  290 loss -0.914676 |p| 0.26012 eval -0.913739
    [color_grid] step  300 loss -0.917144 |p| 0.26019 eval -0.917418
    [color_grid] step  310 loss -0.920958 |p| 0.26025 eval -0.918464
    [color_grid] step  320 loss -0.920472 |p| 0.26033 eval -0.918977
    [color_grid] step  330 loss -0.922755 |p| 0.26038 eval -0.922313
    [color_grid] step  340 loss -0.926690 |p| 0.26045 eval -0.923485
    [color_grid] step  350 loss -0.927971 |p| 0.26051 eval -0.923629
    [color_grid] step  360 loss -0.930347 |p| 0.26054 eval -0.922865
    [color_grid] step  370 loss -0.925254 |p| 0.26058 eval -0.928479
    [color_grid] step  380 loss -0.930118 |p| 0.26063 eval -0.932886
    [color_grid] step  390 loss -0.929588 |p| 0.26068 eval -0.934200
    [color_grid] step  399 loss -0.929933 |p| 0.26074 eval -0.936940
  color_grid  whole:sign   r=0.30  cos=-0.9369 redetect=None stop=max_steps@400
    [color_grid] step    0 loss 1.000000 |p| 0.25045 eval 0.992146
    [color_grid] step   10 loss 0.705940 |p| 0.25295 eval 0.678302
    [color_grid] step   20 loss 0.373415 |p| 0.25476 eval 0.330790
    [color_grid] step   30 loss -0.149359 |p| 0.25619 eval -0.192245
    [color_grid] step   40 loss -0.543026 |p| 0.25731 eval -0.562559
    [color_grid] step   50 loss -0.734580 |p| 0.25811 eval -0.748295
    [color_grid] step   60 loss -0.818141 |p| 0.25863 eval -0.813474
    [color_grid] step   70 loss -0.845906 |p| 0.25895 eval -0.849452
    [color_grid] step   80 loss -0.866127 |p| 0.25934 eval -0.867684
    [color_grid] step   90 loss -0.883034 |p| 0.25974 eval -0.889412
    [color_grid] step  100 loss -0.882227 |p| 0.26006 eval -0.898367
    [color_grid] step  110 loss -0.897134 |p| 0.26040 eval -0.910994
    [color_grid] step  120 loss -0.909345 |p| 0.26066 eval -0.914978
    [color_grid] step  130 loss -0.903487 |p| 0.26095 eval -0.927186
    [color_grid] step  140 loss -0.925412 |p| 0.26118 eval -0.925734
    [color_grid] step  150 loss -0.940150 |p| 0.26138 eval -0.923913
    [color_grid] step  160 loss -0.946847 |p| 0.26160 eval -0.928468
    [color_grid] step  170 loss -0.954177 |p| 0.26186 eval -0.937657
    [color_grid] step  180 loss -0.955701 |p| 0.26199 eval -0.932050
    [color_grid] step  190 loss -0.955567 |p| 0.26216 eval -0.939560
    [color_grid] step  200 loss -0.958559 |p| 0.26224 eval -0.941964
    [color_grid] step  210 loss -0.958520 |p| 0.26229 eval -0.943402
    [color_grid] step  220 loss -0.958447 |p| 0.26242 eval -0.952111
    [color_grid] step  230 loss -0.956684 |p| 0.26247 eval -0.959528
    [color_grid] step  240 loss -0.960218 |p| 0.26255 eval -0.960141
    [color_grid] step  250 loss -0.961944 |p| 0.26269 eval -0.965939
    [color_grid] step  260 loss -0.963185 |p| 0.26278 eval -0.954604
    [color_grid] step  270 loss -0.962968 |p| 0.26288 eval -0.962486
    [color_grid] step  280 loss -0.964192 |p| 0.26296 eval -0.967035
    [color_grid] step  290 loss -0.967984 |p| 0.26300 eval -0.967981
    [color_grid] step  300 loss -0.965984 |p| 0.26308 eval -0.965541
    [color_grid] step  310 loss -0.970492 |p| 0.26310 eval -0.964477
    [color_grid] step  320 loss -0.969042 |p| 0.26315 eval -0.964955
    [color_grid] step  330 loss -0.972457 |p| 0.26326 eval -0.969640
    [color_grid] step  340 loss -0.974855 |p| 0.26327 eval -0.965734
    [color_grid] step  350 loss -0.972945 |p| 0.26336 eval -0.973200
    [color_grid] step  360 loss -0.974097 |p| 0.26338 eval -0.972619
    [color_grid] step  370 loss -0.968388 |p| 0.26340 eval -0.976759
    [color_grid] step  380 loss -0.970398 |p| 0.26343 eval -0.979839
    [color_grid] step  390 loss -0.972558 |p| 0.26352 eval -0.978669
    [color_grid] step  399 loss -0.979112 |p| 0.26358 eval -0.970789
  color_grid  whole:sign   r=0.60  cos=-0.9708 redetect=None stop=max_steps@400
    [color_grid] step    0 loss 1.000000 |p| 0.25089 eval 0.974127
    [color_grid] step   10 loss 0.424684 |p| 0.25496 eval 0.330913
    [color_grid] step   20 loss -0.511119 |p| 0.25725 eval -0.512649
    [color_grid] step   30 loss -0.725724 |p| 0.25825 eval -0.707106
    [color_grid] step   40 loss -0.787099 |p| 0.25910 eval -0.780666
    [color_grid] step   50 loss -0.808407 |p| 0.25999 eval -0.820833
    [color_grid] step   60 loss -0.831939 |p| 0.26094 eval -0.845822
    [color_grid] step   70 loss -0.864289 |p| 0.26187 eval -0.872393
    [color_grid] step   80 loss -0.875553 |p| 0.26243 eval -0.878091
    [color_grid] step   90 loss -0.888666 |p| 0.26306 eval -0.866261
    [color_grid] step  100 loss -0.901421 |p| 0.26349 eval -0.884515
    [color_grid] step  110 loss -0.904185 |p| 0.26384 eval -0.896733
    [color_grid] step  120 loss -0.908545 |p| 0.26440 eval -0.904449
    [color_grid] step  130 loss -0.911339 |p| 0.26491 eval -0.920678
    [color_grid] step  140 loss -0.915947 |p| 0.26521 eval -0.920476
    [color_grid] step  150 loss -0.923661 |p| 0.26549 eval -0.928094
    [color_grid] step  160 loss -0.922554 |p| 0.26565 eval -0.933554
    [color_grid] step  170 loss -0.934757 |p| 0.26598 eval -0.940466
    [color_grid] step  180 loss -0.936656 |p| 0.26632 eval -0.942909
    [color_grid] step  190 loss -0.934545 |p| 0.26650 eval -0.941445
    [color_grid] step  200 loss -0.936594 |p| 0.26667 eval -0.946908
    [color_grid] step  210 loss -0.949691 |p| 0.26682 eval -0.951268
    [color_grid] step  220 loss -0.953295 |p| 0.26708 eval -0.949092
    [color_grid] step  230 loss -0.946600 |p| 0.26725 eval -0.956808
    [color_grid] step  240 loss -0.950922 |p| 0.26742 eval -0.961811
    [color_grid] step  250 loss -0.948781 |p| 0.26780 eval -0.954500
    [color_grid] step  260 loss -0.956323 |p| 0.26816 eval -0.960520
    [color_grid] step  270 loss -0.959609 |p| 0.26828 eval -0.963248
    [color_grid] step  280 loss -0.959044 |p| 0.26852 eval -0.961946
    [color_grid] step  290 loss -0.957735 |p| 0.26884 eval -0.964665
    [color_grid] step  300 loss -0.952427 |p| 0.26893 eval -0.966464
    [color_grid] step  310 loss -0.952150 |p| 0.26917 eval -0.969271
    [color_grid] step  320 loss -0.962680 |p| 0.26928 eval -0.960784
    [color_grid] step  330 loss -0.966954 |p| 0.26958 eval -0.965659
    [color_grid] step  340 loss -0.967584 |p| 0.26985 eval -0.951664
    [color_grid] step  350 loss -0.964788 |p| 0.27004 eval -0.968872
    [color_grid] step  360 loss -0.955067 |p| 0.27032 eval -0.974298
    [color_grid] step  370 loss -0.960101 |p| 0.27064 eval -0.959467
    [color_grid] step  380 loss -0.972264 |p| 0.27087 eval -0.969939
    [color_grid] step  390 loss -0.970922 |p| 0.27129 eval -0.966053
    [color_grid] step  399 loss -0.945135 |p| 0.27146 eval -0.971945
  color_grid  whole:sign   r=1.20  cos=-0.9719 redetect=-0.2077 stop=max_steps@400
    [color_grid] step    0 loss 1.000000 |p| 0.25149 eval 0.946441
    [color_grid] step   10 loss 0.035344 |p| 0.25693 eval -0.085361
    [color_grid] step   20 loss -0.613955 |p| 0.25944 eval -0.642433
    [color_grid] step   30 loss -0.719118 |p| 0.26073 eval -0.751409
    [color_grid] step   40 loss -0.777927 |p| 0.26176 eval -0.748952
    [color_grid] step   50 loss -0.812704 |p| 0.26290 eval -0.784835
    [color_grid] step   60 loss -0.819671 |p| 0.26400 eval -0.810731
    [color_grid] step   70 loss -0.863039 |p| 0.26507 eval -0.777654
    [color_grid] step   80 loss -0.813194 |p| 0.26585 eval -0.839587
    [color_grid] step   90 loss -0.866345 |p| 0.26642 eval -0.847453
    [color_grid] step  100 loss -0.860128 |p| 0.26756 eval -0.884228
    [color_grid] step  110 loss -0.876333 |p| 0.26823 eval -0.891417
    [color_grid] step  120 loss -0.884078 |p| 0.26893 eval -0.901557
    [color_grid] step  130 loss -0.892792 |p| 0.26968 eval -0.915786
    [color_grid] step  140 loss -0.913299 |p| 0.27045 eval -0.901603
    [color_grid] step  150 loss -0.924768 |p| 0.27119 eval -0.910797
    [color_grid] step  160 loss -0.906563 |p| 0.27193 eval -0.925100
    [color_grid] step  170 loss -0.912361 |p| 0.27278 eval -0.924295
    [color_grid] step  180 loss -0.938585 |p| 0.27324 eval -0.930855
    [color_grid] step  190 loss -0.903541 |p| 0.27372 eval -0.933656
    [color_grid] step  200 loss -0.929631 |p| 0.27414 eval -0.928532
    [color_grid] step  210 loss -0.947056 |p| 0.27466 eval -0.910949
    [color_grid] step  220 loss -0.950616 |p| 0.27522 eval -0.925003
    [color_grid] step  230 loss -0.933278 |p| 0.27562 eval -0.910483
    [color_grid] step  240 loss -0.943801 |p| 0.27614 eval -0.942742
    [color_grid] step  250 loss -0.934819 |p| 0.27663 eval -0.944157
    [color_grid] step  260 loss -0.954032 |p| 0.27686 eval -0.929778
    [color_grid] step  270 loss -0.929164 |p| 0.27702 eval -0.934649
    [color_grid] step  280 loss -0.937403 |p| 0.27747 eval -0.944568
    [color_grid] step  290 loss -0.949821 |p| 0.27780 eval -0.932949
    [color_grid] step  300 loss -0.960812 |p| 0.27828 eval -0.922335
    [color_grid] step  310 loss -0.962277 |p| 0.27839 eval -0.956523
    [color_grid] step  320 loss -0.962996 |p| 0.27842 eval -0.944500
    [color_grid] step  330 loss -0.966303 |p| 0.27875 eval -0.961775
    [color_grid] step  340 loss -0.962429 |p| 0.27917 eval -0.949619
    [color_grid] step  350 loss -0.966755 |p| 0.27948 eval -0.961288
    [color_grid] step  360 loss -0.963520 |p| 0.27989 eval -0.958600
    [color_grid] step  370 loss -0.970986 |p| 0.28025 eval -0.964339
    [color_grid] step  380 loss -0.962363 |p| 0.28036 eval -0.961731
    [color_grid] step  390 loss -0.967176 |p| 0.28058 eval -0.978809
    [color_grid] step  399 loss -0.966749 |p| 0.28097 eval -0.961715
  color_grid  whole:sign   r=2.00  cos=-0.9617 redetect=-0.22503 stop=max_steps@400
    [color_grid] step    0 loss 1.000000 |p| 0.25001 eval 0.999989
    [color_grid] step   10 loss 0.998982 |p| 0.25013 eval 0.998740
    [color_grid] step   20 loss 0.995648 |p| 0.25027 eval 0.995173
    [color_grid] step   30 loss 0.989697 |p| 0.25042 eval 0.988924
    [color_grid] step   40 loss 0.981261 |p| 0.25057 eval 0.980219
    [color_grid] step   50 loss 0.969575 |p| 0.25072 eval 0.968282
    [color_grid] step   60 loss 0.955568 |p| 0.25087 eval 0.954144
    [color_grid] step   70 loss 0.940781 |p| 0.25102 eval 0.939198
    [color_grid] step   80 loss 0.927259 |p| 0.25113 eval 0.926584
    [color_grid] step   90 loss 0.922656 |p| 0.25116 eval 0.922326
    [color_grid] step  100 loss 0.919463 |p| 0.25119 eval 0.919179
    [color_grid] step  110 loss 0.917099 |p| 0.25121 eval 0.916903
    [color_grid] step  120 loss 0.914897 |p| 0.25123 eval 0.914724
    [color_grid] step  130 loss 0.913494 |p| 0.25125 eval 0.913421
    [color_grid] step  140 loss 0.912438 |p| 0.25127 eval 0.912323
    [color_grid] step  150 loss 0.911464 |p| 0.25129 eval 0.911413
    [color_grid] step  160 loss 0.910881 |p| 0.25130 eval 0.910847
    [color_grid] step  170 loss 0.910530 |p| 0.25131 eval 0.910512
    [color_grid] step  180 loss 0.910198 |p| 0.25132 eval 0.910191
    [color_grid] step  190 loss 0.909913 |p| 0.25133 eval 0.909903
    [color_grid] step  200 loss 0.909694 |p| 0.25133 eval 0.909671
    [color_grid] step  210 loss 0.909517 |p| 0.25133 eval 0.909491
    [color_grid] step  220 loss 0.909319 |p| 0.25133 eval 0.909291
    [color_grid] step  230 loss 0.909166 |p| 0.25134 eval 0.909166
    [color_grid] step  240 loss 0.908995 |p| 0.25134 eval 0.908941
    [color_grid] step  250 loss 0.908785 |p| 0.25134 eval 0.908782
    [color_grid] step  260 loss 0.908680 |p| 0.25134 eval 0.908676
    [color_grid] step  270 loss 0.908549 |p| 0.25134 eval 0.908572
    [color_grid] step  280 loss 0.908390 |p| 0.25134 eval 0.908414
    [color_grid] step  290 loss 0.908232 |p| 0.25134 eval 0.908234
    [color_grid] step  300 loss 0.908144 |p| 0.25135 eval 0.908134
    [color_grid] step  310 loss 0.907976 |p| 0.25135 eval 0.907960
    [color_grid] step  320 loss 0.907804 |p| 0.25136 eval 0.907779
    [color_grid] step  330 loss 0.907562 |p| 0.25136 eval 0.907519
    [color_grid] step  340 loss 0.907414 |p| 0.25136 eval 0.907382
    [color_grid] step  350 loss 0.907160 |p| 0.25137 eval 0.907158
    [color_grid] step  360 loss 0.906902 |p| 0.25137 eval 0.906936
    [color_grid] step  370 loss 0.906800 |p| 0.25137 eval 0.906785
    [color_grid] step  380 loss 0.906671 |p| 0.25137 eval 0.906662
    [color_grid] step  390 loss 0.906580 |p| 0.25136 eval 0.906563
    [color_grid] step  399 loss 0.906485 |p| 0.25136 eval 0.906451
  color_grid  whole:adam   r=0.02  cos=0.9064 redetect=0.90854 stop=max_steps@400
    [color_grid] step    0 loss 1.000000 |p| 0.25003 eval 0.999932
    [color_grid] step   10 loss 0.994386 |p| 0.25032 eval 0.993192
    [color_grid] step   20 loss 0.977555 |p| 0.25064 eval 0.975168
    [color_grid] step   30 loss 0.950194 |p| 0.25096 eval 0.947197
    [color_grid] step   40 loss 0.917203 |p| 0.25127 eval 0.913615
    [color_grid] step   50 loss 0.877265 |p| 0.25154 eval 0.873036
    [color_grid] step   60 loss 0.834310 |p| 0.25181 eval 0.829762
    [color_grid] step   70 loss 0.795388 |p| 0.25209 eval 0.791838
    [color_grid] step   80 loss 0.765352 |p| 0.25236 eval 0.763250
    [color_grid] step   90 loss 0.748881 |p| 0.25253 eval 0.747541
    [color_grid] step  100 loss 0.737703 |p| 0.25264 eval 0.736660
    [color_grid] step  110 loss 0.727595 |p| 0.25274 eval 0.726592
    [color_grid] step  120 loss 0.718166 |p| 0.25282 eval 0.717323
    [color_grid] step  130 loss 0.710075 |p| 0.25290 eval 0.709312
    [color_grid] step  140 loss 0.702821 |p| 0.25295 eval 0.702129
    [color_grid] step  150 loss 0.696927 |p| 0.25300 eval 0.696444
    [color_grid] step  160 loss 0.692685 |p| 0.25303 eval 0.692345
    [color_grid] step  170 loss 0.689544 |p| 0.25305 eval 0.689296
    [color_grid] step  180 loss 0.687258 |p| 0.25308 eval 0.687008
    [color_grid] step  190 loss 0.685271 |p| 0.25311 eval 0.685088
    [color_grid] step  200 loss 0.683754 |p| 0.25313 eval 0.683694
    [color_grid] step  210 loss 0.682480 |p| 0.25316 eval 0.682390
    [color_grid] step  220 loss 0.681163 |p| 0.25319 eval 0.680980
    [color_grid] step  230 loss 0.679939 |p| 0.25321 eval 0.679882
    [color_grid] step  240 loss 0.679142 |p| 0.25324 eval 0.678991
    [color_grid] step  250 loss 0.678349 |p| 0.25325 eval 0.678317
    [color_grid] step  260 loss 0.677651 |p| 0.25326 eval 0.677566
    [color_grid] step  270 loss 0.676972 |p| 0.25327 eval 0.676887
    [color_grid] step  280 loss 0.676374 |p| 0.25328 eval 0.676247
    [color_grid] step  290 loss 0.675616 |p| 0.25329 eval 0.675547
    [color_grid] step  300 loss 0.674886 |p| 0.25330 eval 0.674715
    [color_grid] step  310 loss 0.673824 |p| 0.25330 eval 0.673655
    [color_grid] step  320 loss 0.672686 |p| 0.25331 eval 0.672533
    [color_grid] step  330 loss 0.671268 |p| 0.25332 eval 0.671136
    [color_grid] step  340 loss 0.669852 |p| 0.25332 eval 0.669724
    [color_grid] step  350 loss 0.668400 |p| 0.25332 eval 0.668246
    [color_grid] step  360 loss 0.666638 |p| 0.25332 eval 0.666501
    [color_grid] step  370 loss 0.664693 |p| 0.25331 eval 0.664488
    [color_grid] step  380 loss 0.663036 |p| 0.25331 eval 0.662907
    [color_grid] step  390 loss 0.661327 |p| 0.25330 eval 0.661131
    [color_grid] step  399 loss 0.659621 |p| 0.25330 eval 0.659492
  color_grid  whole:adam   r=0.05  cos=0.6595 redetect=0.70666 stop=max_steps@400
    [color_grid] step    0 loss 1.000000 |p| 0.25005 eval 0.999732
    [color_grid] step   10 loss 0.980757 |p| 0.25062 eval 0.976817
    [color_grid] step   20 loss 0.931558 |p| 0.25120 eval 0.925664
    [color_grid] step   30 loss 0.865824 |p| 0.25169 eval 0.858835
    [color_grid] step   40 loss 0.793839 |p| 0.25217 eval 0.787610
    [color_grid] step   50 loss 0.740888 |p| 0.25267 eval 0.735688
    [color_grid] step   60 loss 0.689489 |p| 0.25312 eval 0.683875
    [color_grid] step   70 loss 0.638158 |p| 0.25354 eval 0.633735
    [color_grid] step   80 loss 0.594563 |p| 0.25391 eval 0.590439
    [color_grid] step   90 loss 0.552366 |p| 0.25421 eval 0.547746
    [color_grid] step  100 loss 0.496927 |p| 0.25447 eval 0.490428
    [color_grid] step  110 loss 0.440240 |p| 0.25470 eval 0.435129
    [color_grid] step  120 loss 0.392036 |p| 0.25488 eval 0.387208
    [color_grid] step  130 loss 0.339939 |p| 0.25502 eval 0.334038
    [color_grid] step  140 loss 0.286557 |p| 0.25514 eval 0.281708
    [color_grid] step  150 loss 0.238760 |p| 0.25526 eval 0.233929
    [color_grid] step  160 loss 0.183849 |p| 0.25536 eval 0.179683
    [color_grid] step  170 loss 0.144188 |p| 0.25546 eval 0.140393
    [color_grid] step  180 loss 0.113803 |p| 0.25552 eval 0.110918
    [color_grid] step  190 loss 0.062015 |p| 0.25554 eval 0.052946
    [color_grid] step  200 loss -0.003113 |p| 0.25552 eval -0.008364
    [color_grid] step  210 loss -0.056317 |p| 0.25552 eval -0.061277
    [color_grid] step  220 loss -0.109276 |p| 0.25552 eval -0.114358
    [color_grid] step  230 loss -0.152896 |p| 0.25552 eval -0.156448
    [color_grid] step  240 loss -0.185548 |p| 0.25554 eval -0.188609
    [color_grid] step  250 loss -0.211437 |p| 0.25557 eval -0.213713
    [color_grid] step  260 loss -0.235937 |p| 0.25558 eval -0.238089
    [color_grid] step  270 loss -0.257521 |p| 0.25560 eval -0.259364
    [color_grid] step  280 loss -0.274245 |p| 0.25562 eval -0.275599
    [color_grid] step  290 loss -0.288173 |p| 0.25566 eval -0.289381
    [color_grid] step  300 loss -0.299475 |p| 0.25571 eval -0.300646
    [color_grid] step  310 loss -0.309609 |p| 0.25575 eval -0.310438
    [color_grid] step  320 loss -0.318856 |p| 0.25578 eval -0.319707
    [color_grid] step  330 loss -0.326493 |p| 0.25583 eval -0.327230
    [color_grid] step  340 loss -0.332894 |p| 0.25587 eval -0.333561
    [color_grid] step  350 loss -0.338579 |p| 0.25591 eval -0.339234
    [color_grid] step  360 loss -0.344278 |p| 0.25594 eval -0.344730
    [color_grid] step  370 loss -0.348394 |p| 0.25596 eval -0.348791
    [color_grid] step  380 loss -0.352908 |p| 0.25598 eval -0.353306
    [color_grid] step  390 loss -0.356859 |p| 0.25601 eval -0.357123
    [color_grid] step  399 loss -0.359996 |p| 0.25602 eval -0.360304
  color_grid  whole:adam   r=0.10  cos=-0.3603 redetect=0.00331 stop=max_steps@400
    [color_grid] step    0 loss 1.000000 |p| 0.25011 eval 0.998937
    [color_grid] step   10 loss 0.940711 |p| 0.25115 eval 0.931222
    [color_grid] step   20 loss 0.825212 |p| 0.25207 eval 0.812479
    [color_grid] step   30 loss 0.726067 |p| 0.25296 eval 0.717337
    [color_grid] step   40 loss 0.636276 |p| 0.25376 eval 0.627027
    [color_grid] step   50 loss 0.543496 |p| 0.25447 eval 0.530930
    [color_grid] step   60 loss 0.391324 |p| 0.25513 eval 0.375355
    [color_grid] step   70 loss 0.193718 |p| 0.25576 eval 0.176156
    [color_grid] step   80 loss 0.020191 |p| 0.25640 eval 0.001619
    [color_grid] step   90 loss -0.180516 |p| 0.25697 eval -0.196397
    [color_grid] step  100 loss -0.312353 |p| 0.25738 eval -0.323648
    [color_grid] step  110 loss -0.416433 |p| 0.25771 eval -0.426694
    [color_grid] step  120 loss -0.504401 |p| 0.25800 eval -0.513251
    [color_grid] step  130 loss -0.577978 |p| 0.25827 eval -0.582372
    [color_grid] step  140 loss -0.615999 |p| 0.25847 eval -0.619006
    [color_grid] step  150 loss -0.648787 |p| 0.25862 eval -0.651643
    [color_grid] step  160 loss -0.681620 |p| 0.25874 eval -0.684499
    [color_grid] step  170 loss -0.709633 |p| 0.25886 eval -0.712627
    [color_grid] step  180 loss -0.746034 |p| 0.25895 eval -0.750138
    [color_grid] step  190 loss -0.783392 |p| 0.25902 eval -0.787227
    [color_grid] step  200 loss -0.812480 |p| 0.25911 eval -0.814913
    [color_grid] step  210 loss -0.834167 |p| 0.25919 eval -0.835870
    [color_grid] step  220 loss -0.850384 |p| 0.25927 eval -0.851894
    [color_grid] step  230 loss -0.863028 |p| 0.25933 eval -0.863989
    [color_grid] step  240 loss -0.873582 |p| 0.25939 eval -0.874699
    [color_grid] step  250 loss -0.884501 |p| 0.25946 eval -0.885428
    [color_grid] step  260 loss -0.892064 |p| 0.25949 eval -0.892780
    [color_grid] step  270 loss -0.898219 |p| 0.25951 eval -0.898875
    [color_grid] step  280 loss -0.903503 |p| 0.25952 eval -0.904017
    [color_grid] step  290 loss -0.908205 |p| 0.25952 eval -0.908538
    [color_grid] step  300 loss -0.912431 |p| 0.25952 eval -0.912874
    [color_grid] step  310 loss -0.916651 |p| 0.25955 eval -0.917094
    [color_grid] step  320 loss -0.920649 |p| 0.25957 eval -0.921091
    [color_grid] step  330 loss -0.924788 |p| 0.25957 eval -0.925141
    [color_grid] step  340 loss -0.927707 |p| 0.25958 eval -0.927983
    [color_grid] step  350 loss -0.930513 |p| 0.25959 eval -0.930757
    [color_grid] step  360 loss -0.933239 |p| 0.25960 eval -0.933542
    [color_grid] step  370 loss -0.936141 |p| 0.25963 eval -0.936425
    [color_grid] step  380 loss -0.939167 |p| 0.25966 eval -0.939535
    [color_grid] step  390 loss -0.942285 |p| 0.25970 eval -0.942642
    [color_grid] step  399 loss -0.945106 |p| 0.25973 eval -0.945415
  color_grid  whole:adam   r=0.20  cos=-0.9454 redetect=-0.16336 stop=max_steps@400
    [color_grid] step    0 loss 1.000000 |p| 0.25016 eval 0.997726
    [color_grid] step   10 loss 0.893721 |p| 0.25162 eval 0.876893
    [color_grid] step   20 loss 0.746301 |p| 0.25290 eval 0.734796
    [color_grid] step   30 loss 0.622879 |p| 0.25405 eval 0.609941
    [color_grid] step   40 loss 0.462641 |p| 0.25505 eval 0.442376
    [color_grid] step   50 loss 0.209633 |p| 0.25594 eval 0.180300
    [color_grid] step   60 loss -0.024327 |p| 0.25678 eval -0.044296
    [color_grid] step   70 loss -0.278076 |p| 0.25756 eval -0.299141
    [color_grid] step   80 loss -0.461360 |p| 0.25819 eval -0.476532
    [color_grid] step   90 loss -0.567096 |p| 0.25869 eval -0.574725
    [color_grid] step  100 loss -0.630876 |p| 0.25904 eval -0.636463
    [color_grid] step  110 loss -0.677460 |p| 0.25937 eval -0.682016
    [color_grid] step  120 loss -0.723832 |p| 0.25969 eval -0.728396
    [color_grid] step  130 loss -0.771310 |p| 0.25999 eval -0.775701
    [color_grid] step  140 loss -0.816643 |p| 0.26026 eval -0.821718
    [color_grid] step  150 loss -0.855832 |p| 0.26044 eval -0.858183
    [color_grid] step  160 loss -0.879864 |p| 0.26054 eval -0.881657
    [color_grid] step  170 loss -0.905183 |p| 0.26063 eval -0.907767
    [color_grid] step  180 loss -0.924380 |p| 0.26071 eval -0.926539
    [color_grid] step  190 loss -0.940315 |p| 0.26080 eval -0.942637
    [color_grid] step  200 loss -0.956293 |p| 0.26085 eval -0.957392
    [color_grid] step  210 loss -0.970310 |p| 0.26086 eval -0.971376
    [color_grid] step  220 loss -0.980036 |p| 0.26088 eval -0.980152
    [color_grid] step  230 loss -0.986422 |p| 0.26089 eval -0.987914
    [color_grid] step  240 loss -0.992161 |p| 0.26090 eval -0.992718
    [color_grid] step  250 loss -0.995877 |p| 0.26090 eval -0.996040
    [color_grid] step  260 loss -0.997566 |p| 0.26092 eval -0.997668
    [color_grid] step  270 loss -0.998528 |p| 0.26095 eval -0.998636
    [color_grid] step  280 loss -0.995745 |p| 0.26096 eval -0.998066
    [color_grid] step  290 loss -0.999000 |p| 0.26098 eval -0.998707
    [color_grid] step  300 loss -0.999240 |p| 0.26099 eval -0.999535
    [color_grid] step  310 loss -0.999663 |p| 0.26100 eval -0.999610
    [color_grid] step  320 loss -0.999645 |p| 0.26101 eval -0.999765
    [color_grid] step  330 loss -0.999724 |p| 0.26101 eval -0.999697
    [color_grid] step  340 loss -0.999806 |p| 0.26102 eval -0.999830
    [color_grid] step  350 loss -0.999852 |p| 0.26102 eval -0.999862
    [color_grid] step  360 loss -0.999855 |p| 0.26102 eval -0.999871
    [color_grid] step  370 loss -0.999874 |p| 0.26103 eval -0.999845
    [color_grid] step  380 loss -0.999870 |p| 0.26103 eval -0.999865
    [color_grid] step  390 loss -0.999858 |p| 0.26103 eval -0.999853
    [color_grid] step  399 loss -0.999853 |p| 0.26103 eval -0.999858
  color_grid  whole:adam   r=0.30  cos=-0.9999 redetect=None stop=max_steps@400
    [color_grid] step    0 loss 1.000000 |p| 0.25033 eval 0.992231
    [color_grid] step   10 loss 0.768008 |p| 0.25289 eval 0.748384
    [color_grid] step   20 loss 0.538110 |p| 0.25500 eval 0.509902
    [color_grid] step   30 loss 0.158243 |p| 0.25664 eval 0.121081
    [color_grid] step   40 loss -0.253914 |p| 0.25797 eval -0.304285
    [color_grid] step   50 loss -0.599700 |p| 0.25936 eval -0.609342
    [color_grid] step   60 loss -0.698980 |p| 0.26035 eval -0.705148
    [color_grid] step   70 loss -0.745162 |p| 0.26084 eval -0.748841
    [color_grid] step   80 loss -0.785353 |p| 0.26126 eval -0.788035
    [color_grid] step   90 loss -0.811851 |p| 0.26155 eval -0.814097
    [color_grid] step  100 loss -0.834999 |p| 0.26184 eval -0.837223
    [color_grid] step  110 loss -0.859139 |p| 0.26211 eval -0.861297
    [color_grid] step  120 loss -0.885308 |p| 0.26230 eval -0.887555
    [color_grid] step  130 loss -0.906092 |p| 0.26250 eval -0.907801
    [color_grid] step  140 loss -0.922101 |p| 0.26273 eval -0.923526
    [color_grid] step  150 loss -0.935393 |p| 0.26288 eval -0.936678
    [color_grid] step  160 loss -0.946141 |p| 0.26302 eval -0.947104
    [color_grid] step  170 loss -0.954240 |p| 0.26322 eval -0.955061
    [color_grid] step  180 loss -0.960939 |p| 0.26339 eval -0.961555
    [color_grid] step  190 loss -0.967037 |p| 0.26353 eval -0.967578
    [color_grid] step  200 loss -0.972697 |p| 0.26370 eval -0.973282
    [color_grid] step  210 loss -0.978284 |p| 0.26387 eval -0.978860
    [color_grid] step  220 loss -0.983283 |p| 0.26404 eval -0.983639
    [color_grid] step  230 loss -0.986750 |p| 0.26419 eval -0.987094
    [color_grid] step  240 loss -0.989279 |p| 0.26427 eval -0.988752
    [color_grid] step  250 loss -0.992409 |p| 0.26431 eval -0.992632
    [color_grid] step  260 loss -0.994909 |p| 0.26434 eval -0.995321
    [color_grid] step  270 loss -0.995813 |p| 0.26437 eval -0.996430
    [color_grid] step  280 loss -0.997484 |p| 0.26441 eval -0.997723
    [color_grid] step  290 loss -0.998548 |p| 0.26443 eval -0.998618
    [color_grid] step  300 loss -0.998852 |p| 0.26445 eval -0.998554
    [color_grid] step  310 loss -0.998548 |p| 0.26447 eval -0.997960
    [color_grid] step  320 loss -0.999261 |p| 0.26450 eval -0.999289
    [color_grid] step  330 loss -0.999503 |p| 0.26450 eval -0.999538
    [color_grid] step  340 loss -0.999634 |p| 0.26450 eval -0.999642
    [color_grid] step  350 loss -0.999258 |p| 0.26451 eval -0.996702
    [color_grid] step  360 loss -0.998502 |p| 0.26452 eval -0.998593
    [color_grid] step  370 loss -0.999509 |p| 0.26454 eval -0.999194
    [color_grid] step  380 loss -0.999641 |p| 0.26454 eval -0.999566
    [color_grid] step  390 loss -0.999723 |p| 0.26453 eval -0.999710
    [color_grid] step  399 loss -0.999781 |p| 0.26453 eval -0.999745
  color_grid  whole:adam   r=0.60  cos=-0.9997 redetect=None stop=max_steps@400
    [color_grid] step    0 loss 1.000000 |p| 0.25066 eval 0.974339
    [color_grid] step   10 loss 0.597019 |p| 0.25488 eval 0.556884
    [color_grid] step   20 loss 0.039981 |p| 0.25784 eval -0.013257
    [color_grid] step   30 loss -0.464010 |p| 0.26017 eval -0.500249
    [color_grid] step   40 loss -0.713537 |p| 0.26191 eval -0.729262
    [color_grid] step   50 loss -0.825729 |p| 0.26317 eval -0.834659
    [color_grid] step   60 loss -0.880507 |p| 0.26418 eval -0.884780
    [color_grid] step   70 loss -0.915495 |p| 0.26488 eval -0.917930
    [color_grid] step   80 loss -0.943699 |p| 0.26541 eval -0.945816
    [color_grid] step   90 loss -0.963312 |p| 0.26589 eval -0.964931
    [color_grid] step  100 loss -0.974218 |p| 0.26626 eval -0.974976
    [color_grid] step  110 loss -0.978725 |p| 0.26654 eval -0.977255
    [color_grid] step  120 loss -0.983999 |p| 0.26676 eval -0.982439
    [color_grid] step  130 loss -0.986808 |p| 0.26695 eval -0.988110
    [color_grid] step  140 loss -0.989942 |p| 0.26712 eval -0.990499
    [color_grid] step  150 loss -0.991663 |p| 0.26730 eval -0.992092
    [color_grid] step  160 loss -0.992273 |p| 0.26743 eval -0.991343
    [color_grid] step  170 loss -0.993122 |p| 0.26753 eval -0.994603
    [color_grid] step  180 loss -0.995502 |p| 0.26763 eval -0.995859
    [color_grid] step  190 loss -0.996790 |p| 0.26772 eval -0.996678
    [color_grid] step  200 loss -0.997438 |p| 0.26783 eval -0.997526
    [color_grid] step  210 loss -0.997990 |p| 0.26794 eval -0.998111
    [color_grid] step  220 loss -0.998406 |p| 0.26805 eval -0.998387
    [color_grid] step  230 loss -0.998683 |p| 0.26814 eval -0.998783
    [color_grid] step  240 loss -0.998977 |p| 0.26822 eval -0.999016
    [color_grid] step  250 loss -0.999153 |p| 0.26829 eval -0.999204
    [color_grid] step  260 loss -0.999315 |p| 0.26834 eval -0.999317
    [color_grid] step  270 loss -0.999377 |p| 0.26839 eval -0.999450
    [color_grid] step  280 loss -0.999538 |p| 0.26843 eval -0.999535
    [color_grid] step  290 loss -0.999577 |p| 0.26847 eval -0.999571
    [color_grid] step  300 loss -0.999621 |p| 0.26851 eval -0.999624
    [color_grid] step  310 loss -0.999707 |p| 0.26854 eval -0.999679
    [color_grid] step  320 loss -0.999624 |p| 0.26857 eval -0.999560
    [color_grid] step  330 loss -0.999729 |p| 0.26859 eval -0.999718
    [color_grid] step  340 loss -0.999753 |p| 0.26862 eval -0.999798
    [color_grid] step  350 loss -0.999810 |p| 0.26864 eval -0.999823
    [color_grid] step  360 loss -0.999789 |p| 0.26866 eval -0.999767
    [color_grid] step  370 loss -0.999853 |p| 0.26867 eval -0.999816
    [color_grid] step  380 loss -0.999860 |p| 0.26869 eval -0.999858
    [color_grid] step  390 loss -0.999866 |p| 0.26870 eval -0.999864
    [color_grid] step  399 loss -0.999866 |p| 0.26871 eval -0.999873
  color_grid  whole:adam   r=1.20  cos=-0.9999 redetect=None stop=max_steps@400
    [color_grid] step    0 loss 1.000000 |p| 0.25109 eval 0.946496
    [color_grid] step   10 loss 0.260162 |p| 0.25715 eval 0.154284
    [color_grid] step   20 loss -0.515303 |p| 0.26134 eval -0.550645
    [color_grid] step   30 loss -0.788153 |p| 0.26412 eval -0.802243
    [color_grid] step   40 loss -0.889851 |p| 0.26561 eval -0.895837
    [color_grid] step   50 loss -0.921448 |p| 0.26661 eval -0.924531
    [color_grid] step   60 loss -0.949511 |p| 0.26741 eval -0.952048
    [color_grid] step   70 loss -0.971487 |p| 0.26819 eval -0.972697
    [color_grid] step   80 loss -0.983801 |p| 0.26874 eval -0.985000
    [color_grid] step   90 loss -0.990698 |p| 0.26914 eval -0.991184
    [color_grid] step  100 loss -0.994713 |p| 0.26949 eval -0.995085
    [color_grid] step  110 loss -0.997500 |p| 0.26970 eval -0.997655
    [color_grid] step  120 loss -0.999115 |p| 0.26983 eval -0.999114
    [color_grid] step  130 loss -0.999621 |p| 0.26991 eval -0.999614
    [color_grid] step  140 loss -0.999721 |p| 0.26996 eval -0.999749
    [color_grid] step  150 loss -0.999818 |p| 0.26998 eval -0.999808
    [color_grid] step  160 loss -0.999788 |p| 0.26999 eval -0.999758
    [color_grid] step  170 loss -0.999791 |p| 0.26999 eval -0.999819
    [color_grid] step  180 loss -0.999753 |p| 0.26999 eval -0.999768
    [color_grid] step  190 loss -0.999812 |p| 0.26999 eval -0.999810
    [color_grid] step  200 loss -0.999827 |p| 0.26999 eval -0.999835
    [color_grid] step  210 loss -0.999831 |p| 0.26999 eval -0.999817
    [color_grid] step  220 loss -0.999795 |p| 0.26999 eval -0.999792
    [color_grid] step  230 loss -0.999818 |p| 0.27000 eval -0.999787
    [color_grid] step  240 loss -0.999835 |p| 0.27000 eval -0.999805
    [color_grid] step  250 loss -0.999810 |p| 0.27000 eval -0.999825
    [color_grid] step  260 loss -0.999816 |p| 0.27000 eval -0.999830
    [color_grid] step  270 loss -0.999751 |p| 0.27000 eval -0.999743
    [color_grid] step  280 loss -0.999838 |p| 0.27001 eval -0.999829
    [color_grid] step  290 loss -0.999835 |p| 0.27001 eval -0.999837
    [color_grid] step  300 loss -0.999798 |p| 0.27001 eval -0.999786
    [color_grid] step  310 loss -0.999849 |p| 0.27001 eval -0.999841
    [color_grid] step  320 loss -0.999744 |p| 0.27001 eval -0.999625
    [color_grid] step  330 loss -0.994925 |p| 0.27003 eval -0.991729
    [color_grid] step  340 loss -0.980799 |p| 0.27028 eval -0.982135
    [color_grid] step  350 loss -0.993940 |p| 0.27072 eval -0.992967
    [color_grid] step  360 loss -0.997666 |p| 0.27104 eval -0.998305
    [color_grid] step  370 loss -0.999293 |p| 0.27124 eval -0.999506
    [color_grid] step  380 loss -0.999665 |p| 0.27134 eval -0.999720
    [color_grid] step  390 loss -0.999798 |p| 0.27136 eval -0.999799
    [color_grid] step  399 loss -0.999837 |p| 0.27136 eval -0.999847
  color_grid  whole:adam   r=2.00  cos=-0.9999 redetect=None stop=max_steps@400
  color_grid  whole:rand   r=0.02  cos=0.9963 redetect=0.97657 stop=no_params@0
  color_grid  whole:rand   r=0.05  cos=0.9822 redetect=0.97835 stop=no_params@0
  color_grid  whole:rand   r=0.10  cos=0.9469 redetect=0.9383 stop=no_params@0
  color_grid  whole:rand   r=0.20  cos=0.8497 redetect=0.83715 stop=no_params@0
  color_grid  whole:rand   r=0.30  cos=0.7786 redetect=0.78266 stop=no_params@0
  color_grid  whole:rand   r=0.60  cos=0.6512 redetect=0.60385 stop=no_params@0
  color_grid  whole:rand   r=1.20  cos=0.5212 redetect=None stop=no_params@0
  color_grid  whole:rand   r=2.00  cos=0.4597 redetect=None stop=no_params@0
    [color_curve] step    0 loss 1.000000 |p| 0.01562 eval 1.000000
    [color_curve] step   10 loss 1.000000 |p| 0.01562 eval 1.000000
    [color_curve] step   20 loss 1.000000 |p| 0.01562 eval 1.000000
    [color_curve] step   30 loss 1.000000 |p| 0.01562 eval 1.000000
    [color_curve] step   40 loss 1.000000 |p| 0.01562 eval 1.000000
    [color_curve] step   50 loss 1.000000 |p| 0.01562 eval 1.000000
    [color_curve] step   60 loss 1.000000 |p| 0.01562 eval 1.000000
    [color_curve] step   70 loss 1.000000 |p| 0.01562 eval 1.000000
    [color_curve] step   80 loss 1.000000 |p| 0.01562 eval 1.000000
    [color_curve] early stop at step 80（連續 8 次評估未改善 > 0.0001）
  color_curve whole:sign   r=0.02  cos=1.0000 redetect=1.0 stop=early_stop@81
    [color_curve] step    0 loss 1.000000 |p| 0.01562 eval 1.000000
    [color_curve] step   10 loss 1.000000 |p| 0.01562 eval 1.000000
    [color_curve] step   20 loss 1.000000 |p| 0.01562 eval 1.000000
    [color_curve] step   30 loss 1.000000 |p| 0.01562 eval 1.000000
    [color_curve] step   40 loss 1.000000 |p| 0.01562 eval 1.000000
    [color_curve] step   50 loss 1.000000 |p| 0.01562 eval 1.000000
    [color_curve] step   60 loss 1.000000 |p| 0.01562 eval 1.000000
    [color_curve] step   70 loss 1.000000 |p| 0.01562 eval 1.000000
    [color_curve] step   80 loss 1.000000 |p| 0.01562 eval 1.000000
    [color_curve] early stop at step 80（連續 8 次評估未改善 > 0.0001）
  color_curve whole:sign   r=0.05  cos=1.0000 redetect=1.0 stop=early_stop@81
    [color_curve] step    0 loss 1.000000 |p| 0.01562 eval 1.000000
    [color_curve] step   10 loss 1.000000 |p| 0.01562 eval 1.000000
    [color_curve] step   20 loss 1.000000 |p| 0.01562 eval 1.000000
    [color_curve] step   30 loss 1.000000 |p| 0.01562 eval 1.000000
    [color_curve] step   40 loss 1.000000 |p| 0.01562 eval 1.000000
    [color_curve] step   50 loss 1.000000 |p| 0.01562 eval 1.000000
    [color_curve] step   60 loss 1.000000 |p| 0.01562 eval 1.000000
    [color_curve] step   70 loss 1.000000 |p| 0.01562 eval 1.000000
    [color_curve] step   80 loss 1.000000 |p| 0.01562 eval 1.000000
    [color_curve] early stop at step 80（連續 8 次評估未改善 > 0.0001）
  color_curve whole:sign   r=0.10  cos=1.0000 redetect=1.0 stop=early_stop@81
    [color_curve] step    0 loss 1.000000 |p| 0.01562 eval 1.000000
    [color_curve] step   10 loss 1.000000 |p| 0.01562 eval 1.000000
    [color_curve] step   20 loss 1.000000 |p| 0.01562 eval 1.000000
    [color_curve] step   30 loss 1.000000 |p| 0.01562 eval 1.000000
    [color_curve] step   40 loss 1.000000 |p| 0.01562 eval 1.000000
    [color_curve] step   50 loss 1.000000 |p| 0.01562 eval 1.000000
    [color_curve] step   60 loss 1.000000 |p| 0.01562 eval 1.000000
    [color_curve] step   70 loss 1.000000 |p| 0.01562 eval 1.000000
    [color_curve] step   80 loss 1.000000 |p| 0.01562 eval 1.000000
    [color_curve] early stop at step 80（連續 8 次評估未改善 > 0.0001）
  color_curve whole:sign   r=0.20  cos=1.0000 redetect=1.0 stop=early_stop@81
    [color_curve] step    0 loss 1.000000 |p| 0.01562 eval 1.000000
    [color_curve] step   10 loss 1.000000 |p| 0.01562 eval 1.000000
    [color_curve] step   20 loss 1.000000 |p| 0.01562 eval 1.000000
    [color_curve] step   30 loss 1.000000 |p| 0.01562 eval 1.000000
    [color_curve] step   40 loss 1.000000 |p| 0.01562 eval 1.000000
    [color_curve] step   50 loss 1.000000 |p| 0.01562 eval 1.000000
    [color_curve] step   60 loss 1.000000 |p| 0.01562 eval 1.000000
    [color_curve] step   70 loss 1.000000 |p| 0.01562 eval 1.000000
    [color_curve] step   80 loss 1.000000 |p| 0.01562 eval 1.000000
    [color_curve] early stop at step 80（連續 8 次評估未改善 > 0.0001）
  color_curve whole:sign   r=0.30  cos=1.0000 redetect=1.0 stop=early_stop@81
    [color_curve] step    0 loss 1.000000 |p| 0.01562 eval 1.000000
    [color_curve] step   10 loss 1.000000 |p| 0.01562 eval 1.000000
    [color_curve] step   20 loss 1.000000 |p| 0.01562 eval 1.000000
    [color_curve] step   30 loss 1.000000 |p| 0.01562 eval 1.000000
    [color_curve] step   40 loss 1.000000 |p| 0.01562 eval 1.000000
    [color_curve] step   50 loss 1.000000 |p| 0.01562 eval 1.000000
    [color_curve] step   60 loss 1.000000 |p| 0.01562 eval 1.000000
    [color_curve] step   70 loss 1.000000 |p| 0.01562 eval 1.000000
    [color_curve] step   80 loss 1.000000 |p| 0.01562 eval 1.000000
    [color_curve] early stop at step 80（連續 8 次評估未改善 > 0.0001）
  color_curve whole:sign   r=0.60  cos=1.0000 redetect=1.0 stop=early_stop@81
    [color_curve] step    0 loss 1.000000 |p| 0.01562 eval 1.000000
    [color_curve] step   10 loss 1.000000 |p| 0.01562 eval 1.000000
    [color_curve] step   20 loss 1.000000 |p| 0.01562 eval 1.000000
    [color_curve] step   30 loss 1.000000 |p| 0.01562 eval 1.000000
    [color_curve] step   40 loss 1.000000 |p| 0.01562 eval 1.000000
    [color_curve] step   50 loss 1.000000 |p| 0.01562 eval 1.000000
    [color_curve] step   60 loss 1.000000 |p| 0.01562 eval 1.000000
    [color_curve] step   70 loss 1.000000 |p| 0.01562 eval 1.000000
    [color_curve] step   80 loss 1.000000 |p| 0.01562 eval 1.000000
    [color_curve] early stop at step 80（連續 8 次評估未改善 > 0.0001）
  color_curve whole:sign   r=1.20  cos=1.0000 redetect=1.0 stop=early_stop@81
    [color_curve] step    0 loss 1.000000 |p| 0.01562 eval 1.000000
    [color_curve] step   10 loss 1.000000 |p| 0.01562 eval 1.000000
    [color_curve] step   20 loss 1.000000 |p| 0.01562 eval 1.000000
    [color_curve] step   30 loss 1.000000 |p| 0.01562 eval 1.000000
    [color_curve] step   40 loss 1.000000 |p| 0.01562 eval 1.000000
    [color_curve] step   50 loss 1.000000 |p| 0.01562 eval 1.000000
    [color_curve] step   60 loss 1.000000 |p| 0.01562 eval 1.000000
    [color_curve] step   70 loss 1.000000 |p| 0.01562 eval 1.000000
    [color_curve] step   80 loss 1.000000 |p| 0.01562 eval 1.000000
    [color_curve] early stop at step 80（連續 8 次評估未改善 > 0.0001）
  color_curve whole:sign   r=2.00  cos=1.0000 redetect=1.0 stop=early_stop@81
    [color_curve] step    0 loss 1.000000 |p| 0.01562 eval 1.000000
    [color_curve] step   10 loss 1.000000 |p| 0.01562 eval 1.000000
    [color_curve] step   20 loss 1.000000 |p| 0.01562 eval 1.000000
    [color_curve] step   30 loss 1.000000 |p| 0.01562 eval 1.000000
    [color_curve] step   40 loss 1.000000 |p| 0.01562 eval 1.000000
    [color_curve] step   50 loss 1.000000 |p| 0.01562 eval 1.000000
    [color_curve] step   60 loss 1.000000 |p| 0.01562 eval 1.000000
    [color_curve] step   70 loss 1.000000 |p| 0.01562 eval 1.000000
    [color_curve] step   80 loss 1.000000 |p| 0.01562 eval 1.000000
    [color_curve] early stop at step 80（連續 8 次評估未改善 > 0.0001）
  color_curve whole:adam   r=0.02  cos=1.0000 redetect=1.0 stop=early_stop@81
    [color_curve] step    0 loss 1.000000 |p| 0.01562 eval 1.000000
    [color_curve] step   10 loss 1.000000 |p| 0.01562 eval 1.000000
    [color_curve] step   20 loss 1.000000 |p| 0.01562 eval 1.000000
    [color_curve] step   30 loss 1.000000 |p| 0.01562 eval 1.000000
    [color_curve] step   40 loss 1.000000 |p| 0.01562 eval 1.000000
    [color_curve] step   50 loss 1.000000 |p| 0.01562 eval 1.000000
    [color_curve] step   60 loss 1.000000 |p| 0.01562 eval 1.000000
    [color_curve] step   70 loss 1.000000 |p| 0.01562 eval 1.000000
    [color_curve] step   80 loss 1.000000 |p| 0.01562 eval 1.000000
    [color_curve] early stop at step 80（連續 8 次評估未改善 > 0.0001）
  color_curve whole:adam   r=0.05  cos=1.0000 redetect=1.0 stop=early_stop@81
    [color_curve] step    0 loss 1.000000 |p| 0.01562 eval 1.000000
    [color_curve] step   10 loss 1.000000 |p| 0.01562 eval 1.000000
    [color_curve] step   20 loss 1.000000 |p| 0.01562 eval 1.000000
    [color_curve] step   30 loss 1.000000 |p| 0.01562 eval 1.000000
    [color_curve] step   40 loss 1.000000 |p| 0.01562 eval 1.000000
    [color_curve] step   50 loss 1.000000 |p| 0.01562 eval 1.000000
    [color_curve] step   60 loss 1.000000 |p| 0.01562 eval 1.000000
    [color_curve] step   70 loss 1.000000 |p| 0.01562 eval 1.000000
    [color_curve] step   80 loss 1.000000 |p| 0.01562 eval 1.000000
    [color_curve] early stop at step 80（連續 8 次評估未改善 > 0.0001）
  color_curve whole:adam   r=0.10  cos=1.0000 redetect=1.0 stop=early_stop@81
    [color_curve] step    0 loss 1.000000 |p| 0.01562 eval 1.000000
    [color_curve] step   10 loss 1.000000 |p| 0.01562 eval 1.000000
    [color_curve] step   20 loss 1.000000 |p| 0.01562 eval 1.000000
    [color_curve] step   30 loss 1.000000 |p| 0.01562 eval 1.000000
    [color_curve] step   40 loss 1.000000 |p| 0.01562 eval 1.000000
    [color_curve] step   50 loss 1.000000 |p| 0.01562 eval 1.000000
    [color_curve] step   60 loss 1.000000 |p| 0.01562 eval 1.000000
    [color_curve] step   70 loss 1.000000 |p| 0.01562 eval 1.000000
    [color_curve] step   80 loss 1.000000 |p| 0.01562 eval 1.000000
    [color_curve] early stop at step 80（連續 8 次評估未改善 > 0.0001）
  color_curve whole:adam   r=0.20  cos=1.0000 redetect=1.0 stop=early_stop@81
    [color_curve] step    0 loss 1.000000 |p| 0.01562 eval 1.000000
    [color_curve] step   10 loss 1.000000 |p| 0.01562 eval 1.000000
    [color_curve] step   20 loss 1.000000 |p| 0.01562 eval 1.000000
    [color_curve] step   30 loss 1.000000 |p| 0.01562 eval 1.000000
    [color_curve] step   40 loss 1.000000 |p| 0.01562 eval 1.000000
    [color_curve] step   50 loss 1.000000 |p| 0.01562 eval 1.000000
    [color_curve] step   60 loss 1.000000 |p| 0.01562 eval 1.000000
    [color_curve] step   70 loss 1.000000 |p| 0.01562 eval 1.000000
    [color_curve] step   80 loss 1.000000 |p| 0.01562 eval 1.000000
    [color_curve] early stop at step 80（連續 8 次評估未改善 > 0.0001）
  color_curve whole:adam   r=0.30  cos=1.0000 redetect=1.0 stop=early_stop@81
    [color_curve] step    0 loss 1.000000 |p| 0.01562 eval 1.000000
    [color_curve] step   10 loss 1.000000 |p| 0.01562 eval 1.000000
    [color_curve] step   20 loss 1.000000 |p| 0.01562 eval 1.000000
    [color_curve] step   30 loss 1.000000 |p| 0.01562 eval 1.000000
    [color_curve] step   40 loss 1.000000 |p| 0.01562 eval 1.000000
    [color_curve] step   50 loss 1.000000 |p| 0.01562 eval 1.000000
    [color_curve] step   60 loss 1.000000 |p| 0.01562 eval 1.000000
    [color_curve] step   70 loss 1.000000 |p| 0.01562 eval 1.000000
    [color_curve] step   80 loss 1.000000 |p| 0.01562 eval 1.000000
    [color_curve] early stop at step 80（連續 8 次評估未改善 > 0.0001）
  color_curve whole:adam   r=0.60  cos=1.0000 redetect=1.0 stop=early_stop@81
    [color_curve] step    0 loss 1.000000 |p| 0.01562 eval 1.000000
    [color_curve] step   10 loss 1.000000 |p| 0.01562 eval 1.000000
    [color_curve] step   20 loss 1.000000 |p| 0.01562 eval 1.000000
    [color_curve] step   30 loss 1.000000 |p| 0.01562 eval 1.000000
    [color_curve] step   40 loss 1.000000 |p| 0.01562 eval 1.000000
    [color_curve] step   50 loss 1.000000 |p| 0.01562 eval 1.000000
    [color_curve] step   60 loss 1.000000 |p| 0.01562 eval 1.000000
    [color_curve] step   70 loss 1.000000 |p| 0.01562 eval 1.000000
    [color_curve] step   80 loss 1.000000 |p| 0.01562 eval 1.000000
    [color_curve] early stop at step 80（連續 8 次評估未改善 > 0.0001）
  color_curve whole:adam   r=1.20  cos=1.0000 redetect=1.0 stop=early_stop@81
    [color_curve] step    0 loss 1.000000 |p| 0.01562 eval 1.000000
    [color_curve] step   10 loss 1.000000 |p| 0.01562 eval 1.000000
    [color_curve] step   20 loss 1.000000 |p| 0.01562 eval 1.000000
    [color_curve] step   30 loss 1.000000 |p| 0.01562 eval 1.000000
    [color_curve] step   40 loss 1.000000 |p| 0.01562 eval 1.000000
    [color_curve] step   50 loss 1.000000 |p| 0.01562 eval 1.000000
    [color_curve] step   60 loss 1.000000 |p| 0.01562 eval 1.000000
    [color_curve] step   70 loss 1.000000 |p| 0.01562 eval 1.000000
    [color_curve] step   80 loss 1.000000 |p| 0.01562 eval 1.000000
    [color_curve] early stop at step 80（連續 8 次評估未改善 > 0.0001）
  color_curve whole:adam   r=2.00  cos=1.0000 redetect=1.0 stop=early_stop@81
  color_curve whole:rand   r=0.02  cos=1.0000 redetect=0.98912 stop=no_params@0
  color_curve whole:rand   r=0.05  cos=0.9999 redetect=0.98713 stop=no_params@0
  color_curve whole:rand   r=0.10  cos=0.9998 redetect=0.98501 stop=no_params@0
  color_curve whole:rand   r=0.20  cos=0.9993 redetect=0.98799 stop=no_params@0
  color_curve whole:rand   r=0.30  cos=0.9987 redetect=0.98167 stop=no_params@0
  color_curve whole:rand   r=0.60  cos=0.9966 redetect=0.98333 stop=no_params@0
  color_curve whole:rand   r=1.20  cos=0.9934 redetect=0.97849 stop=no_params@0
  color_curve whole:rand   r=2.00  cos=0.9908 redetect=0.97934 stop=no_params@0
[task_attr_mod_color_71985] box=(53, 117, 150, 252) verify_cos=1.00000
    [color_grid] step    0 loss 1.000000 |p| 0.25002 eval 0.999993
    [color_grid] step   10 loss 0.999257 |p| 0.25017 eval 0.999106
    [color_grid] step   20 loss 0.997151 |p| 0.25032 eval 0.996865
    [color_grid] step   30 loss 0.993745 |p| 0.25046 eval 0.993348
    [color_grid] step   40 loss 0.989164 |p| 0.25060 eval 0.988639
    [color_grid] step   50 loss 0.983661 |p| 0.25074 eval 0.983082
    [color_grid] step   60 loss 0.977661 |p| 0.25087 eval 0.977017
    [color_grid] step   70 loss 0.970712 |p| 0.25101 eval 0.969996
    [color_grid] step   80 loss 0.962835 |p| 0.25114 eval 0.961979
    [color_grid] step   90 loss 0.954109 |p| 0.25127 eval 0.953193
    [color_grid] step  100 loss 0.944642 |p| 0.25138 eval 0.944459
    [color_grid] step  110 loss 0.943521 |p| 0.25139 eval 0.943412
    [color_grid] step  120 loss 0.942769 |p| 0.25140 eval 0.942702
    [color_grid] step  130 loss 0.942150 |p| 0.25141 eval 0.942068
    [color_grid] step  140 loss 0.941542 |p| 0.25142 eval 0.941499
    [color_grid] step  150 loss 0.940977 |p| 0.25143 eval 0.940918
    [color_grid] step  160 loss 0.940424 |p| 0.25144 eval 0.940336
    [color_grid] step  170 loss 0.939910 |p| 0.25145 eval 0.939875
    [color_grid] step  180 loss 0.939541 |p| 0.25145 eval 0.939501
    [color_grid] step  190 loss 0.939210 |p| 0.25146 eval 0.939133
    [color_grid] step  200 loss 0.938873 |p| 0.25146 eval 0.938883
    [color_grid] step  210 loss 0.938559 |p| 0.25146 eval 0.938508
    [color_grid] step  220 loss 0.938215 |p| 0.25147 eval 0.938166
    [color_grid] step  230 loss 0.937909 |p| 0.25147 eval 0.937886
    [color_grid] step  240 loss 0.937576 |p| 0.25148 eval 0.937550
    [color_grid] step  250 loss 0.937378 |p| 0.25149 eval 0.937358
    [color_grid] step  260 loss 0.937178 |p| 0.25149 eval 0.937147
    [color_grid] step  270 loss 0.937027 |p| 0.25150 eval 0.936989
    [color_grid] step  280 loss 0.936883 |p| 0.25151 eval 0.936846
    [color_grid] step  290 loss 0.936748 |p| 0.25152 eval 0.936732
    [color_grid] step  300 loss 0.936661 |p| 0.25152 eval 0.936646
    [color_grid] step  310 loss 0.936553 |p| 0.25153 eval 0.936601
    [color_grid] step  320 loss 0.936524 |p| 0.25153 eval 0.936516
    [color_grid] step  330 loss 0.936463 |p| 0.25154 eval 0.936476
    [color_grid] step  340 loss 0.936380 |p| 0.25154 eval 0.936417
    [color_grid] step  350 loss 0.936366 |p| 0.25155 eval 0.936345
    [color_grid] step  360 loss 0.936293 |p| 0.25155 eval 0.936298
    [color_grid] step  370 loss 0.936304 |p| 0.25155 eval 0.936291
    [color_grid] early stop at step 370（連續 8 次評估未改善 > 0.0001）
  color_grid  whole:sign   r=0.02  cos=0.9363 redetect=0.91306 stop=early_stop@371
    [color_grid] step    0 loss 1.000000 |p| 0.25004 eval 0.999957
    [color_grid] step   10 loss 0.995676 |p| 0.25041 eval 0.994781
    [color_grid] step   20 loss 0.983828 |p| 0.25075 eval 0.982369
    [color_grid] step   30 loss 0.967255 |p| 0.25109 eval 0.965241
    [color_grid] step   40 loss 0.945086 |p| 0.25140 eval 0.942593
    [color_grid] step   50 loss 0.918568 |p| 0.25168 eval 0.915696
    [color_grid] step   60 loss 0.887711 |p| 0.25194 eval 0.884613
    [color_grid] step   70 loss 0.856865 |p| 0.25220 eval 0.853961
    [color_grid] step   80 loss 0.826509 |p| 0.25245 eval 0.823477
    [color_grid] step   90 loss 0.796257 |p| 0.25271 eval 0.793366
    [color_grid] step  100 loss 0.767940 |p| 0.25295 eval 0.766812
    [color_grid] step  110 loss 0.758683 |p| 0.25304 eval 0.757900
    [color_grid] step  120 loss 0.752135 |p| 0.25311 eval 0.751526
    [color_grid] step  130 loss 0.744996 |p| 0.25317 eval 0.744223
    [color_grid] step  140 loss 0.737818 |p| 0.25322 eval 0.737188
    [color_grid] step  150 loss 0.731800 |p| 0.25327 eval 0.731377
    [color_grid] step  160 loss 0.726805 |p| 0.25332 eval 0.726247
    [color_grid] step  170 loss 0.721700 |p| 0.25336 eval 0.721199
    [color_grid] step  180 loss 0.717150 |p| 0.25339 eval 0.716762
    [color_grid] step  190 loss 0.713503 |p| 0.25341 eval 0.713168
    [color_grid] step  200 loss 0.709761 |p| 0.25342 eval 0.709444
    [color_grid] step  210 loss 0.706191 |p| 0.25343 eval 0.705771
    [color_grid] step  220 loss 0.702634 |p| 0.25345 eval 0.702260
    [color_grid] step  230 loss 0.699510 |p| 0.25346 eval 0.699261
    [color_grid] step  240 loss 0.696520 |p| 0.25346 eval 0.696280
    [color_grid] step  250 loss 0.693522 |p| 0.25348 eval 0.693227
    [color_grid] step  260 loss 0.690375 |p| 0.25349 eval 0.690004
    [color_grid] step  270 loss 0.687122 |p| 0.25350 eval 0.686699
    [color_grid] step  280 loss 0.684179 |p| 0.25350 eval 0.683882
    [color_grid] step  290 loss 0.681538 |p| 0.25352 eval 0.681212
    [color_grid] step  300 loss 0.678770 |p| 0.25353 eval 0.678492
    [color_grid] step  310 loss 0.676177 |p| 0.25354 eval 0.675917
    [color_grid] step  320 loss 0.673663 |p| 0.25355 eval 0.673391
    [color_grid] step  330 loss 0.671230 |p| 0.25356 eval 0.670953
    [color_grid] step  340 loss 0.669055 |p| 0.25357 eval 0.668801
    [color_grid] step  350 loss 0.666993 |p| 0.25359 eval 0.666845
    [color_grid] step  360 loss 0.665557 |p| 0.25360 eval 0.665403
    [color_grid] step  370 loss 0.664256 |p| 0.25362 eval 0.664234
    [color_grid] step  380 loss 0.663241 |p| 0.25363 eval 0.663205
    [color_grid] step  390 loss 0.662380 |p| 0.25363 eval 0.662353
    [color_grid] step  399 loss 0.661633 |p| 0.25364 eval 0.661536
  color_grid  whole:sign   r=0.05  cos=0.6615 redetect=0.73914 stop=max_steps@400
    [color_grid] step    0 loss 1.000000 |p| 0.25008 eval 0.999833
    [color_grid] step   10 loss 0.984107 |p| 0.25078 eval 0.981176
    [color_grid] step   20 loss 0.945894 |p| 0.25142 eval 0.940958
    [color_grid] step   30 loss 0.889636 |p| 0.25196 eval 0.883440
    [color_grid] step   40 loss 0.829960 |p| 0.25250 eval 0.823949
    [color_grid] step   50 loss 0.771046 |p| 0.25301 eval 0.765679
    [color_grid] step   60 loss 0.713156 |p| 0.25349 eval 0.706761
    [color_grid] step   70 loss 0.642248 |p| 0.25391 eval 0.633824
    [color_grid] step   80 loss 0.556122 |p| 0.25428 eval 0.547646
    [color_grid] step   90 loss 0.481768 |p| 0.25465 eval 0.473745
    [color_grid] step  100 loss 0.406015 |p| 0.25501 eval 0.400888
    [color_grid] step  110 loss 0.363081 |p| 0.25516 eval 0.359626
    [color_grid] step  120 loss 0.330973 |p| 0.25526 eval 0.328134
    [color_grid] step  130 loss 0.302495 |p| 0.25535 eval 0.299708
    [color_grid] step  140 loss 0.277190 |p| 0.25545 eval 0.275092
    [color_grid] step  150 loss 0.254766 |p| 0.25558 eval 0.252346
    [color_grid] step  160 loss 0.232676 |p| 0.25571 eval 0.230650
    [color_grid] step  170 loss 0.212949 |p| 0.25581 eval 0.211037
    [color_grid] step  180 loss 0.197567 |p| 0.25591 eval 0.196191
    [color_grid] step  190 loss 0.177995 |p| 0.25597 eval 0.173443
    [color_grid] step  200 loss 0.125191 |p| 0.25597 eval 0.119891
    [color_grid] step  210 loss 0.068440 |p| 0.25599 eval 0.064253
    [color_grid] step  220 loss 0.025684 |p| 0.25600 eval 0.022381
    [color_grid] step  230 loss -0.005105 |p| 0.25601 eval -0.008434
    [color_grid] step  240 loss -0.046527 |p| 0.25603 eval -0.051137
    [color_grid] step  250 loss -0.105069 |p| 0.25601 eval -0.111996
    [color_grid] step  260 loss -0.170533 |p| 0.25594 eval -0.177238
    [color_grid] step  270 loss -0.225752 |p| 0.25587 eval -0.230202
    [color_grid] step  280 loss -0.267471 |p| 0.25578 eval -0.270697
    [color_grid] step  290 loss -0.297707 |p| 0.25572 eval -0.300703
    [color_grid] step  300 loss -0.325267 |p| 0.25568 eval -0.327335
    [color_grid] step  310 loss -0.347599 |p| 0.25563 eval -0.350168
    [color_grid] step  320 loss -0.372169 |p| 0.25557 eval -0.374051
    [color_grid] step  330 loss -0.390627 |p| 0.25554 eval -0.391884
    [color_grid] step  340 loss -0.403710 |p| 0.25554 eval -0.404647
    [color_grid] step  350 loss -0.413974 |p| 0.25557 eval -0.415157
    [color_grid] step  360 loss -0.424790 |p| 0.25561 eval -0.426112
    [color_grid] step  370 loss -0.437960 |p| 0.25567 eval -0.439321
    [color_grid] step  380 loss -0.452173 |p| 0.25573 eval -0.453313
    [color_grid] step  390 loss -0.462625 |p| 0.25579 eval -0.463361
    [color_grid] step  399 loss -0.469898 |p| 0.25585 eval -0.470765
  color_grid  whole:sign   r=0.10  cos=-0.4708 redetect=-0.24353 stop=max_steps@400
    [color_grid] step    0 loss 1.000000 |p| 0.25016 eval 0.999346
    [color_grid] step   10 loss 0.946929 |p| 0.25148 eval 0.936969
    [color_grid] step   20 loss 0.831535 |p| 0.25253 eval 0.819447
    [color_grid] step   30 loss 0.715771 |p| 0.25354 eval 0.703109
    [color_grid] step   40 loss 0.564912 |p| 0.25433 eval 0.548277
    [color_grid] step   50 loss 0.414734 |p| 0.25500 eval 0.401288
    [color_grid] step   60 loss 0.299915 |p| 0.25560 eval 0.288713
    [color_grid] step   70 loss 0.135218 |p| 0.25623 eval 0.118241
    [color_grid] step   80 loss 0.005526 |p| 0.25677 eval -0.004535
    [color_grid] step   90 loss -0.107454 |p| 0.25733 eval -0.121364
    [color_grid] step  100 loss -0.367168 |p| 0.25753 eval -0.383454
    [color_grid] step  110 loss -0.495709 |p| 0.25767 eval -0.507593
    [color_grid] step  120 loss -0.572737 |p| 0.25783 eval -0.577873
    [color_grid] step  130 loss -0.609420 |p| 0.25800 eval -0.612913
    [color_grid] step  140 loss -0.632407 |p| 0.25809 eval -0.632701
    [color_grid] step  150 loss -0.643215 |p| 0.25819 eval -0.642771
    [color_grid] step  160 loss -0.651906 |p| 0.25825 eval -0.651386
    [color_grid] step  170 loss -0.658303 |p| 0.25838 eval -0.656839
    [color_grid] step  180 loss -0.663337 |p| 0.25853 eval -0.661641
    [color_grid] step  190 loss -0.667798 |p| 0.25878 eval -0.666311
    [color_grid] step  200 loss -0.671755 |p| 0.25906 eval -0.670356
    [color_grid] step  210 loss -0.675233 |p| 0.25930 eval -0.673052
    [color_grid] step  220 loss -0.678103 |p| 0.25950 eval -0.675728
    [color_grid] step  230 loss -0.680528 |p| 0.25967 eval -0.678950
    [color_grid] step  240 loss -0.684598 |p| 0.25983 eval -0.682536
    [color_grid] step  250 loss -0.688193 |p| 0.25995 eval -0.687228
    [color_grid] step  260 loss -0.691590 |p| 0.26009 eval -0.691379
    [color_grid] step  270 loss -0.694923 |p| 0.26019 eval -0.694940
    [color_grid] step  280 loss -0.700452 |p| 0.26030 eval -0.699440
    [color_grid] step  290 loss -0.704249 |p| 0.26038 eval -0.702336
    [color_grid] step  300 loss -0.705646 |p| 0.26044 eval -0.705123
    [color_grid] step  310 loss -0.707629 |p| 0.26051 eval -0.706947
    [color_grid] step  320 loss -0.709329 |p| 0.26059 eval -0.709583
    [color_grid] step  330 loss -0.710642 |p| 0.26065 eval -0.710766
    [color_grid] step  340 loss -0.712829 |p| 0.26072 eval -0.712472
    [color_grid] step  350 loss -0.714777 |p| 0.26078 eval -0.714173
    [color_grid] step  360 loss -0.716487 |p| 0.26082 eval -0.715931
    [color_grid] step  370 loss -0.717323 |p| 0.26086 eval -0.717054
    [color_grid] step  380 loss -0.718127 |p| 0.26091 eval -0.717516
    [color_grid] step  390 loss -0.719004 |p| 0.26093 eval -0.718336
    [color_grid] step  399 loss -0.718939 |p| 0.26095 eval -0.720202
  color_grid  whole:sign   r=0.20  cos=-0.7202 redetect=-0.31182 stop=max_steps@400
    [color_grid] step    0 loss 1.000000 |p| 0.25024 eval 0.998587
    [color_grid] step   10 loss 0.893859 |p| 0.25208 eval 0.875980
    [color_grid] step   20 loss 0.722905 |p| 0.25352 eval 0.705457
    [color_grid] step   30 loss 0.499756 |p| 0.25464 eval 0.477415
    [color_grid] step   40 loss 0.318264 |p| 0.25559 eval 0.302939
    [color_grid] step   50 loss 0.082594 |p| 0.25639 eval 0.063091
    [color_grid] step   60 loss -0.093892 |p| 0.25693 eval -0.125335
    [color_grid] step   70 loss -0.401163 |p| 0.25721 eval -0.415281
    [color_grid] step   80 loss -0.517857 |p| 0.25757 eval -0.527458
    [color_grid] step   90 loss -0.578780 |p| 0.25800 eval -0.584196
    [color_grid] step  100 loss -0.614478 |p| 0.25841 eval -0.619278
    [color_grid] step  110 loss -0.639820 |p| 0.25876 eval -0.641004
    [color_grid] step  120 loss -0.655984 |p| 0.25911 eval -0.656796
    [color_grid] step  130 loss -0.674956 |p| 0.25952 eval -0.675400
    [color_grid] step  140 loss -0.691362 |p| 0.25997 eval -0.691197
    [color_grid] step  150 loss -0.701901 |p| 0.26038 eval -0.703246
    [color_grid] step  160 loss -0.711319 |p| 0.26080 eval -0.711591
    [color_grid] step  170 loss -0.717339 |p| 0.26111 eval -0.719448
    [color_grid] step  180 loss -0.724116 |p| 0.26145 eval -0.725934
    [color_grid] step  190 loss -0.730697 |p| 0.26176 eval -0.731061
    [color_grid] step  200 loss -0.735043 |p| 0.26207 eval -0.735105
    [color_grid] step  210 loss -0.738522 |p| 0.26236 eval -0.740247
    [color_grid] step  220 loss -0.741200 |p| 0.26259 eval -0.742609
    [color_grid] step  230 loss -0.743808 |p| 0.26278 eval -0.744429
    [color_grid] step  240 loss -0.745826 |p| 0.26297 eval -0.747114
    [color_grid] step  250 loss -0.747390 |p| 0.26312 eval -0.749029
    [color_grid] step  260 loss -0.748511 |p| 0.26326 eval -0.750310
    [color_grid] step  270 loss -0.750130 |p| 0.26340 eval -0.751415
    [color_grid] step  280 loss -0.752796 |p| 0.26352 eval -0.753034
    [color_grid] step  290 loss -0.754132 |p| 0.26365 eval -0.753500
    [color_grid] step  300 loss -0.755526 |p| 0.26374 eval -0.755167
    [color_grid] step  310 loss -0.756471 |p| 0.26386 eval -0.758150
    [color_grid] step  320 loss -0.758451 |p| 0.26396 eval -0.759911
    [color_grid] step  330 loss -0.758738 |p| 0.26403 eval -0.761389
    [color_grid] step  340 loss -0.760201 |p| 0.26409 eval -0.762163
    [color_grid] step  350 loss -0.760721 |p| 0.26417 eval -0.762955
    [color_grid] step  360 loss -0.761682 |p| 0.26425 eval -0.762880
    [color_grid] step  370 loss -0.763695 |p| 0.26431 eval -0.763928
    [color_grid] step  380 loss -0.764285 |p| 0.26434 eval -0.765843
    [color_grid] step  390 loss -0.765832 |p| 0.26438 eval -0.766005
    [color_grid] step  399 loss -0.767160 |p| 0.26444 eval -0.766494
  color_grid  whole:sign   r=0.30  cos=-0.7665 redetect=-0.53193 stop=max_steps@400
    [color_grid] step    0 loss 1.000000 |p| 0.25049 eval 0.994801
    [color_grid] step   10 loss 0.735809 |p| 0.25372 eval 0.704449
    [color_grid] step   20 loss 0.348246 |p| 0.25563 eval 0.315779
    [color_grid] step   30 loss -0.082965 |p| 0.25672 eval -0.127948
    [color_grid] step   40 loss -0.468302 |p| 0.25728 eval -0.467492
    [color_grid] step   50 loss -0.549740 |p| 0.25799 eval -0.543278
    [color_grid] step   60 loss -0.582310 |p| 0.25870 eval -0.576365
    [color_grid] step   70 loss -0.595238 |p| 0.25941 eval -0.593560
    [color_grid] step   80 loss -0.610991 |p| 0.26019 eval -0.606763
    [color_grid] step   90 loss -0.619269 |p| 0.26098 eval -0.621699
    [color_grid] step  100 loss -0.629544 |p| 0.26187 eval -0.633146
    [color_grid] step  110 loss -0.638875 |p| 0.26264 eval -0.641172
    [color_grid] step  120 loss -0.645218 |p| 0.26345 eval -0.647461
    [color_grid] step  130 loss -0.649521 |p| 0.26421 eval -0.653442
    [color_grid] step  140 loss -0.659617 |p| 0.26485 eval -0.659951
    [color_grid] step  150 loss -0.669553 |p| 0.26565 eval -0.668620
    [color_grid] step  160 loss -0.679420 |p| 0.26635 eval -0.681087
    [color_grid] step  170 loss -0.692117 |p| 0.26692 eval -0.689322
    [color_grid] step  180 loss -0.703619 |p| 0.26734 eval -0.698489
    [color_grid] step  190 loss -0.711506 |p| 0.26762 eval -0.713762
    [color_grid] step  200 loss -0.723975 |p| 0.26799 eval -0.724803
    [color_grid] step  210 loss -0.734751 |p| 0.26822 eval -0.733593
    [color_grid] step  220 loss -0.741722 |p| 0.26847 eval -0.743444
    [color_grid] step  230 loss -0.756450 |p| 0.26882 eval -0.755494
    [color_grid] step  240 loss -0.764900 |p| 0.26917 eval -0.763640
    [color_grid] step  250 loss -0.770983 |p| 0.26950 eval -0.769548
    [color_grid] step  260 loss -0.779555 |p| 0.26996 eval -0.778888
    [color_grid] step  270 loss -0.786573 |p| 0.27051 eval -0.784154
    [color_grid] step  280 loss -0.789882 |p| 0.27087 eval -0.791558
    [color_grid] step  290 loss -0.793621 |p| 0.27108 eval -0.795140
    [color_grid] step  300 loss -0.798794 |p| 0.27134 eval -0.800659
    [color_grid] step  310 loss -0.804924 |p| 0.27166 eval -0.805181
    [color_grid] step  320 loss -0.810724 |p| 0.27188 eval -0.806324
    [color_grid] step  330 loss -0.815405 |p| 0.27207 eval -0.810577
    [color_grid] step  340 loss -0.818611 |p| 0.27222 eval -0.813103
    [color_grid] step  350 loss -0.820060 |p| 0.27243 eval -0.816882
    [color_grid] step  360 loss -0.821540 |p| 0.27259 eval -0.818778
    [color_grid] step  370 loss -0.822334 |p| 0.27272 eval -0.819834
    [color_grid] step  380 loss -0.823030 |p| 0.27279 eval -0.820267
    [color_grid] step  390 loss -0.823534 |p| 0.27292 eval -0.821024
    [color_grid] step  399 loss -0.821143 |p| 0.27300 eval -0.824190
  color_grid  whole:sign   r=0.60  cos=-0.8242 redetect=-0.49803 stop=max_steps@400
    [color_grid] step    0 loss 1.000000 |p| 0.25097 eval 0.982125
    [color_grid] step   10 loss 0.371371 |p| 0.25586 eval 0.303191
    [color_grid] step   20 loss -0.332443 |p| 0.25760 eval -0.342359
    [color_grid] step   30 loss -0.564003 |p| 0.25938 eval -0.591650
    [color_grid] step   40 loss -0.620649 |p| 0.26098 eval -0.649780
    [color_grid] step   50 loss -0.712735 |p| 0.26267 eval -0.694589
    [color_grid] step   60 loss -0.781151 |p| 0.26392 eval -0.790041
    [color_grid] step   70 loss -0.820694 |p| 0.26471 eval -0.847738
    [color_grid] step   80 loss -0.859181 |p| 0.26501 eval -0.863282
    [color_grid] step   90 loss -0.862823 |p| 0.26570 eval -0.887216
    [color_grid] step  100 loss -0.858282 |p| 0.26617 eval -0.899507
    [color_grid] step  110 loss -0.896181 |p| 0.26688 eval -0.881501
    [color_grid] step  120 loss -0.877352 |p| 0.26729 eval -0.899651
    [color_grid] step  130 loss -0.911318 |p| 0.26783 eval -0.891757
    [color_grid] step  140 loss -0.900960 |p| 0.26830 eval -0.904751
    [color_grid] step  150 loss -0.916907 |p| 0.26861 eval -0.918980
    [color_grid] step  160 loss -0.918506 |p| 0.26901 eval -0.926213
    [color_grid] step  170 loss -0.911754 |p| 0.26949 eval -0.916842
    [color_grid] step  180 loss -0.917282 |p| 0.27008 eval -0.927389
    [color_grid] step  190 loss -0.925987 |p| 0.27050 eval -0.933058
    [color_grid] step  200 loss -0.915470 |p| 0.27103 eval -0.926915
    [color_grid] step  210 loss -0.923013 |p| 0.27152 eval -0.931597
    [color_grid] step  220 loss -0.928995 |p| 0.27181 eval -0.934183
    [color_grid] step  230 loss -0.941457 |p| 0.27225 eval -0.934791
    [color_grid] step  240 loss -0.945327 |p| 0.27262 eval -0.932341
    [color_grid] step  250 loss -0.932749 |p| 0.27305 eval -0.948375
    [color_grid] step  260 loss -0.941208 |p| 0.27343 eval -0.944513
    [color_grid] step  270 loss -0.942242 |p| 0.27376 eval -0.939650
    [color_grid] step  280 loss -0.948208 |p| 0.27420 eval -0.943636
    [color_grid] step  290 loss -0.950403 |p| 0.27461 eval -0.930154
    [color_grid] step  300 loss -0.953334 |p| 0.27470 eval -0.947254
    [color_grid] step  310 loss -0.943565 |p| 0.27501 eval -0.955943
    [color_grid] step  320 loss -0.950559 |p| 0.27516 eval -0.939559
    [color_grid] step  330 loss -0.955758 |p| 0.27530 eval -0.952019
    [color_grid] step  340 loss -0.946228 |p| 0.27546 eval -0.949124
    [color_grid] step  350 loss -0.939990 |p| 0.27555 eval -0.953742
    [color_grid] step  360 loss -0.950975 |p| 0.27601 eval -0.952349
    [color_grid] step  370 loss -0.951827 |p| 0.27617 eval -0.941814
    [color_grid] step  380 loss -0.941557 |p| 0.27635 eval -0.945174
    [color_grid] step  390 loss -0.950681 |p| 0.27668 eval -0.948056
    [color_grid] early stop at step 390（連續 8 次評估未改善 > 0.0001）
  color_grid  whole:sign   r=1.20  cos=-0.9481 redetect=-0.41716 stop=early_stop@391
    [color_grid] step    0 loss 1.000000 |p| 0.25162 eval 0.960015
    [color_grid] step   10 loss 0.100431 |p| 0.25792 eval -0.037877
    [color_grid] step   20 loss -0.530205 |p| 0.26039 eval -0.496271
    [color_grid] step   30 loss -0.650543 |p| 0.26322 eval -0.657236
    [color_grid] step   40 loss -0.727785 |p| 0.26518 eval -0.722979
    [color_grid] step   50 loss -0.749628 |p| 0.26699 eval -0.747541
    [color_grid] step   60 loss -0.769207 |p| 0.26867 eval -0.753358
    [color_grid] step   70 loss -0.785474 |p| 0.27055 eval -0.768826
    [color_grid] step   80 loss -0.798072 |p| 0.27217 eval -0.788817
    [color_grid] step   90 loss -0.804896 |p| 0.27348 eval -0.810320
    [color_grid] step  100 loss -0.791527 |p| 0.27487 eval -0.808041
    [color_grid] step  110 loss -0.826727 |p| 0.27676 eval -0.809604
    [color_grid] step  120 loss -0.821525 |p| 0.27803 eval -0.840147
    [color_grid] step  130 loss -0.839429 |p| 0.27924 eval -0.842729
    [color_grid] step  140 loss -0.855133 |p| 0.28069 eval -0.854134
    [color_grid] step  150 loss -0.842166 |p| 0.28213 eval -0.862773
    [color_grid] step  160 loss -0.858349 |p| 0.28293 eval -0.861588
    [color_grid] step  170 loss -0.866813 |p| 0.28406 eval -0.865964
    [color_grid] step  180 loss -0.883646 |p| 0.28520 eval -0.858536
    [color_grid] step  190 loss -0.875068 |p| 0.28614 eval -0.853536
    [color_grid] step  200 loss -0.885390 |p| 0.28701 eval -0.864277
    [color_grid] step  210 loss -0.891735 |p| 0.28827 eval -0.867204
    [color_grid] step  220 loss -0.876587 |p| 0.28953 eval -0.874839
    [color_grid] step  230 loss -0.889776 |p| 0.29106 eval -0.893631
    [color_grid] step  240 loss -0.884663 |p| 0.29234 eval -0.891390
    [color_grid] step  250 loss -0.886525 |p| 0.29351 eval -0.903554
    [color_grid] step  260 loss -0.877307 |p| 0.29468 eval -0.906545
    [color_grid] step  270 loss -0.899499 |p| 0.29532 eval -0.907202
    [color_grid] step  280 loss -0.907926 |p| 0.29661 eval -0.912243
    [color_grid] step  290 loss -0.907006 |p| 0.29744 eval -0.915744
    [color_grid] step  300 loss -0.903879 |p| 0.29819 eval -0.918425
    [color_grid] step  310 loss -0.900982 |p| 0.29911 eval -0.925798
    [color_grid] step  320 loss -0.924168 |p| 0.29963 eval -0.924144
    [color_grid] step  330 loss -0.918545 |p| 0.30028 eval -0.915188
    [color_grid] step  340 loss -0.921176 |p| 0.30081 eval -0.919887
    [color_grid] step  350 loss -0.918577 |p| 0.30122 eval -0.931264
    [color_grid] step  360 loss -0.910372 |p| 0.30157 eval -0.918310
    [color_grid] step  370 loss -0.919649 |p| 0.30205 eval -0.925080
    [color_grid] step  380 loss -0.905997 |p| 0.30277 eval -0.927609
    [color_grid] step  390 loss -0.914500 |p| 0.30360 eval -0.924174
    [color_grid] step  399 loss -0.912670 |p| 0.30393 eval -0.923930
  color_grid  whole:sign   r=2.00  cos=-0.9239 redetect=0.85633 stop=max_steps@400
    [color_grid] step    0 loss 1.000000 |p| 0.25001 eval 0.999993
    [color_grid] step   10 loss 0.999377 |p| 0.25015 eval 0.999229
    [color_grid] step   20 loss 0.997166 |p| 0.25031 eval 0.996854
    [color_grid] step   30 loss 0.992939 |p| 0.25048 eval 0.992396
    [color_grid] step   40 loss 0.986529 |p| 0.25065 eval 0.985777
    [color_grid] step   50 loss 0.978589 |p| 0.25084 eval 0.977694
    [color_grid] step   60 loss 0.968699 |p| 0.25102 eval 0.967609
    [color_grid] step   70 loss 0.956521 |p| 0.25120 eval 0.955186
    [color_grid] step   80 loss 0.945720 |p| 0.25135 eval 0.945370
    [color_grid] step   90 loss 0.943839 |p| 0.25139 eval 0.943753
    [color_grid] step  100 loss 0.942843 |p| 0.25140 eval 0.942772
    [color_grid] step  110 loss 0.942089 |p| 0.25142 eval 0.941992
    [color_grid] step  120 loss 0.941411 |p| 0.25143 eval 0.941334
    [color_grid] step  130 loss 0.940834 |p| 0.25145 eval 0.940769
    [color_grid] step  140 loss 0.940250 |p| 0.25146 eval 0.940193
    [color_grid] step  150 loss 0.939759 |p| 0.25146 eval 0.939691
    [color_grid] step  160 loss 0.939340 |p| 0.25147 eval 0.939326
    [color_grid] step  170 loss 0.938959 |p| 0.25148 eval 0.938973
    [color_grid] step  180 loss 0.938653 |p| 0.25148 eval 0.938618
    [color_grid] step  190 loss 0.938279 |p| 0.25149 eval 0.938234
    [color_grid] step  200 loss 0.937939 |p| 0.25149 eval 0.937894
    [color_grid] step  210 loss 0.937647 |p| 0.25149 eval 0.937651
    [color_grid] step  220 loss 0.937502 |p| 0.25149 eval 0.937466
    [color_grid] step  230 loss 0.937296 |p| 0.25149 eval 0.937275
    [color_grid] step  240 loss 0.937175 |p| 0.25150 eval 0.937194
    [color_grid] step  250 loss 0.937069 |p| 0.25150 eval 0.937077
    [color_grid] step  260 loss 0.936983 |p| 0.25151 eval 0.936979
    [color_grid] step  270 loss 0.936932 |p| 0.25151 eval 0.936926
    [color_grid] step  280 loss 0.936872 |p| 0.25152 eval 0.936844
    [color_grid] step  290 loss 0.936779 |p| 0.25152 eval 0.936808
    [color_grid] step  300 loss 0.936691 |p| 0.25152 eval 0.936670
    [color_grid] step  310 loss 0.936646 |p| 0.25153 eval 0.936631
    [color_grid] step  320 loss 0.936626 |p| 0.25153 eval 0.936595
    [color_grid] step  330 loss 0.936530 |p| 0.25153 eval 0.936541
    [color_grid] step  340 loss 0.936546 |p| 0.25154 eval 0.936537
    [color_grid] step  350 loss 0.936503 |p| 0.25154 eval 0.936478
    [color_grid] step  360 loss 0.936449 |p| 0.25154 eval 0.936487
    [color_grid] step  370 loss 0.936465 |p| 0.25154 eval 0.936433
    [color_grid] step  380 loss 0.936427 |p| 0.25154 eval 0.936427
    [color_grid] early stop at step 380（連續 8 次評估未改善 > 0.0001）
  color_grid  whole:adam   r=0.02  cos=0.9364 redetect=0.91216 stop=early_stop@381
    [color_grid] step    0 loss 1.000000 |p| 0.25003 eval 0.999958
    [color_grid] step   10 loss 0.996363 |p| 0.25036 eval 0.995548
    [color_grid] step   20 loss 0.984150 |p| 0.25074 eval 0.982515
    [color_grid] step   30 loss 0.964289 |p| 0.25113 eval 0.961636
    [color_grid] step   40 loss 0.935862 |p| 0.25152 eval 0.932671
    [color_grid] step   50 loss 0.898579 |p| 0.25188 eval 0.894354
    [color_grid] step   60 loss 0.857713 |p| 0.25222 eval 0.853820
    [color_grid] step   70 loss 0.817933 |p| 0.25256 eval 0.813961
    [color_grid] step   80 loss 0.780445 |p| 0.25286 eval 0.777993
    [color_grid] step   90 loss 0.764495 |p| 0.25302 eval 0.763319
    [color_grid] step  100 loss 0.753919 |p| 0.25312 eval 0.752982
    [color_grid] step  110 loss 0.745746 |p| 0.25320 eval 0.745058
    [color_grid] step  120 loss 0.738082 |p| 0.25328 eval 0.737264
    [color_grid] step  130 loss 0.730512 |p| 0.25334 eval 0.729804
    [color_grid] step  140 loss 0.723673 |p| 0.25339 eval 0.723202
    [color_grid] step  150 loss 0.718800 |p| 0.25342 eval 0.718333
    [color_grid] step  160 loss 0.714769 |p| 0.25344 eval 0.714425
    [color_grid] step  170 loss 0.711443 |p| 0.25346 eval 0.711088
    [color_grid] step  180 loss 0.707935 |p| 0.25348 eval 0.707580
    [color_grid] step  190 loss 0.704304 |p| 0.25349 eval 0.703868
    [color_grid] step  200 loss 0.700300 |p| 0.25351 eval 0.699925
    [color_grid] step  210 loss 0.696186 |p| 0.25352 eval 0.695773
    [color_grid] step  220 loss 0.692507 |p| 0.25354 eval 0.692136
    [color_grid] step  230 loss 0.688560 |p| 0.25355 eval 0.688104
    [color_grid] step  240 loss 0.684548 |p| 0.25356 eval 0.684281
    [color_grid] step  250 loss 0.680992 |p| 0.25357 eval 0.680672
    [color_grid] step  260 loss 0.677106 |p| 0.25357 eval 0.676615
    [color_grid] step  270 loss 0.672615 |p| 0.25356 eval 0.672163
    [color_grid] step  280 loss 0.667003 |p| 0.25356 eval 0.666641
    [color_grid] step  290 loss 0.662351 |p| 0.25356 eval 0.661786
    [color_grid] step  300 loss 0.657265 |p| 0.25357 eval 0.656882
    [color_grid] step  310 loss 0.653702 |p| 0.25357 eval 0.653375
    [color_grid] step  320 loss 0.651015 |p| 0.25357 eval 0.650855
    [color_grid] step  330 loss 0.648887 |p| 0.25358 eval 0.648684
    [color_grid] step  340 loss 0.646568 |p| 0.25359 eval 0.646428
    [color_grid] step  350 loss 0.644383 |p| 0.25360 eval 0.644067
    [color_grid] step  360 loss 0.642160 |p| 0.25360 eval 0.641974
    [color_grid] step  370 loss 0.639639 |p| 0.25359 eval 0.639385
    [color_grid] step  380 loss 0.637383 |p| 0.25359 eval 0.637112
    [color_grid] step  390 loss 0.635400 |p| 0.25359 eval 0.635288
    [color_grid] step  399 loss 0.634139 |p| 0.25359 eval 0.633978
  color_grid  whole:adam   r=0.05  cos=0.6340 redetect=0.70482 stop=max_steps@400
    [color_grid] step    0 loss 1.000000 |p| 0.25006 eval 0.999835
    [color_grid] step   10 loss 0.986565 |p| 0.25071 eval 0.983796
    [color_grid] step   20 loss 0.948625 |p| 0.25141 eval 0.943504
    [color_grid] step   30 loss 0.887375 |p| 0.25207 eval 0.880014
    [color_grid] step   40 loss 0.817370 |p| 0.25270 eval 0.810375
    [color_grid] step   50 loss 0.751402 |p| 0.25329 eval 0.745032
    [color_grid] step   60 loss 0.681274 |p| 0.25382 eval 0.672834
    [color_grid] step   70 loss 0.586527 |p| 0.25433 eval 0.576166
    [color_grid] step   80 loss 0.488445 |p| 0.25478 eval 0.479860
    [color_grid] step   90 loss 0.419634 |p| 0.25508 eval 0.413752
    [color_grid] step  100 loss 0.371056 |p| 0.25530 eval 0.367751
    [color_grid] step  110 loss 0.334537 |p| 0.25546 eval 0.331102
    [color_grid] step  120 loss 0.305893 |p| 0.25559 eval 0.303585
    [color_grid] step  130 loss 0.284255 |p| 0.25569 eval 0.281840
    [color_grid] step  140 loss 0.262011 |p| 0.25578 eval 0.260085
    [color_grid] step  150 loss 0.240958 |p| 0.25584 eval 0.238928
    [color_grid] step  160 loss 0.220907 |p| 0.25590 eval 0.219150
    [color_grid] step  170 loss 0.202294 |p| 0.25595 eval 0.200208
    [color_grid] step  180 loss 0.181925 |p| 0.25600 eval 0.179831
    [color_grid] step  190 loss 0.154368 |p| 0.25604 eval 0.151204
    [color_grid] step  200 loss 0.109072 |p| 0.25607 eval 0.101744
    [color_grid] step  210 loss 0.030214 |p| 0.25610 eval 0.023874
    [color_grid] step  220 loss -0.022612 |p| 0.25610 eval -0.026433
    [color_grid] step  230 loss -0.053307 |p| 0.25611 eval -0.055918
    [color_grid] step  240 loss -0.076402 |p| 0.25612 eval -0.078823
    [color_grid] step  250 loss -0.100884 |p| 0.25613 eval -0.103129
    [color_grid] step  260 loss -0.120223 |p| 0.25612 eval -0.121889
    [color_grid] step  270 loss -0.136897 |p| 0.25610 eval -0.138794
    [color_grid] step  280 loss -0.154030 |p| 0.25608 eval -0.155372
    [color_grid] step  290 loss -0.166155 |p| 0.25608 eval -0.167266
    [color_grid] step  300 loss -0.177444 |p| 0.25609 eval -0.178513
    [color_grid] step  310 loss -0.189783 |p| 0.25609 eval -0.191035
    [color_grid] step  320 loss -0.203218 |p| 0.25610 eval -0.204760
    [color_grid] step  330 loss -0.216587 |p| 0.25611 eval -0.218230
    [color_grid] step  340 loss -0.235628 |p| 0.25611 eval -0.237514
    [color_grid] step  350 loss -0.252613 |p| 0.25612 eval -0.254682
    [color_grid] step  360 loss -0.280356 |p| 0.25613 eval -0.283108
    [color_grid] step  370 loss -0.306026 |p| 0.25614 eval -0.308301
    [color_grid] step  380 loss -0.327808 |p| 0.25614 eval -0.329792
    [color_grid] step  390 loss -0.344618 |p| 0.25614 eval -0.346083
    [color_grid] step  399 loss -0.357432 |p| 0.25615 eval -0.358478
  color_grid  whole:adam   r=0.10  cos=-0.3585 redetect=-0.09576 stop=max_steps@400
    [color_grid] step    0 loss 1.000000 |p| 0.25012 eval 0.999356
    [color_grid] step   10 loss 0.956045 |p| 0.25136 eval 0.947831
    [color_grid] step   20 loss 0.849747 |p| 0.25255 eval 0.837774
    [color_grid] step   30 loss 0.737080 |p| 0.25364 eval 0.726440
    [color_grid] step   40 loss 0.608186 |p| 0.25459 eval 0.593224
    [color_grid] step   50 loss 0.452408 |p| 0.25541 eval 0.438523
    [color_grid] step   60 loss 0.343828 |p| 0.25612 eval 0.331702
    [color_grid] step   70 loss 0.217383 |p| 0.25671 eval 0.198576
    [color_grid] step   80 loss 0.052192 |p| 0.25721 eval 0.036817
    [color_grid] step   90 loss -0.267985 |p| 0.25764 eval -0.306909
    [color_grid] step  100 loss -0.416339 |p| 0.25788 eval -0.430221
    [color_grid] step  110 loss -0.500674 |p| 0.25800 eval -0.505308
    [color_grid] step  120 loss -0.551149 |p| 0.25811 eval -0.554251
    [color_grid] step  130 loss -0.583860 |p| 0.25821 eval -0.586825
    [color_grid] step  140 loss -0.607117 |p| 0.25831 eval -0.609266
    [color_grid] step  150 loss -0.625935 |p| 0.25844 eval -0.627506
    [color_grid] step  160 loss -0.640742 |p| 0.25856 eval -0.641794
    [color_grid] step  170 loss -0.650842 |p| 0.25867 eval -0.651689
    [color_grid] step  180 loss -0.659161 |p| 0.25877 eval -0.659935
    [color_grid] step  190 loss -0.666168 |p| 0.25887 eval -0.666736
    [color_grid] step  200 loss -0.672167 |p| 0.25897 eval -0.672712
    [color_grid] step  210 loss -0.678128 |p| 0.25907 eval -0.678789
    [color_grid] step  220 loss -0.683916 |p| 0.25919 eval -0.684515
    [color_grid] step  230 loss -0.689411 |p| 0.25931 eval -0.689961
    [color_grid] step  240 loss -0.694444 |p| 0.25943 eval -0.694949
    [color_grid] step  250 loss -0.699322 |p| 0.25954 eval -0.699809
    [color_grid] step  260 loss -0.703667 |p| 0.25966 eval -0.704121
    [color_grid] step  270 loss -0.707772 |p| 0.25979 eval -0.708173
    [color_grid] step  280 loss -0.711081 |p| 0.25991 eval -0.711508
    [color_grid] step  290 loss -0.714701 |p| 0.26003 eval -0.715032
    [color_grid] step  300 loss -0.718785 |p| 0.26012 eval -0.719245
    [color_grid] step  310 loss -0.722702 |p| 0.26021 eval -0.723102
    [color_grid] step  320 loss -0.726260 |p| 0.26028 eval -0.726669
    [color_grid] step  330 loss -0.729530 |p| 0.26034 eval -0.729851
    [color_grid] step  340 loss -0.732261 |p| 0.26039 eval -0.732512
    [color_grid] step  350 loss -0.734441 |p| 0.26044 eval -0.734657
    [color_grid] step  360 loss -0.736438 |p| 0.26049 eval -0.736590
    [color_grid] step  370 loss -0.738191 |p| 0.26053 eval -0.738359
    [color_grid] step  380 loss -0.740141 |p| 0.26056 eval -0.740280
    [color_grid] step  390 loss -0.741862 |p| 0.26059 eval -0.742056
    [color_grid] step  399 loss -0.743295 |p| 0.26062 eval -0.743478
  color_grid  whole:adam   r=0.20  cos=-0.7435 redetect=-0.19993 stop=max_steps@400
    [color_grid] step    0 loss 1.000000 |p| 0.25018 eval 0.998606
    [color_grid] step   10 loss 0.915416 |p| 0.25196 eval 0.899735
    [color_grid] step   20 loss 0.761034 |p| 0.25360 eval 0.746864
    [color_grid] step   30 loss 0.592811 |p| 0.25497 eval 0.573713
    [color_grid] step   40 loss 0.386682 |p| 0.25609 eval 0.375883
    [color_grid] step   50 loss 0.203776 |p| 0.25683 eval 0.169860
    [color_grid] step   60 loss -0.011401 |p| 0.25749 eval -0.038874
    [color_grid] step   70 loss -0.321141 |p| 0.25792 eval -0.340287
    [color_grid] step   80 loss -0.451658 |p| 0.25817 eval -0.461594
    [color_grid] step   90 loss -0.526317 |p| 0.25851 eval -0.533296
    [color_grid] step  100 loss -0.587497 |p| 0.25881 eval -0.591873
    [color_grid] step  110 loss -0.623759 |p| 0.25904 eval -0.626267
    [color_grid] step  120 loss -0.647145 |p| 0.25924 eval -0.649700
    [color_grid] step  130 loss -0.667378 |p| 0.25941 eval -0.669454
    [color_grid] step  140 loss -0.688419 |p| 0.25958 eval -0.690520
    [color_grid] step  150 loss -0.706511 |p| 0.25975 eval -0.708025
    [color_grid] step  160 loss -0.718185 |p| 0.25992 eval -0.719206
    [color_grid] step  170 loss -0.728051 |p| 0.26008 eval -0.728883
    [color_grid] step  180 loss -0.736964 |p| 0.26025 eval -0.737824
    [color_grid] step  190 loss -0.744822 |p| 0.26043 eval -0.745682
    [color_grid] step  200 loss -0.751886 |p| 0.26062 eval -0.752573
    [color_grid] step  210 loss -0.757938 |p| 0.26080 eval -0.758572
    [color_grid] step  220 loss -0.764624 |p| 0.26097 eval -0.765314
    [color_grid] step  230 loss -0.772003 |p| 0.26112 eval -0.772627
    [color_grid] step  240 loss -0.777778 |p| 0.26125 eval -0.778373
    [color_grid] step  250 loss -0.783224 |p| 0.26136 eval -0.783902
    [color_grid] step  260 loss -0.788463 |p| 0.26147 eval -0.788881
    [color_grid] step  270 loss -0.793407 |p| 0.26156 eval -0.794114
    [color_grid] step  280 loss -0.799405 |p| 0.26167 eval -0.799676
    [color_grid] step  290 loss -0.806081 |p| 0.26178 eval -0.806599
    [color_grid] step  300 loss -0.813730 |p| 0.26188 eval -0.814586
    [color_grid] step  310 loss -0.821490 |p| 0.26199 eval -0.822278
    [color_grid] step  320 loss -0.828061 |p| 0.26206 eval -0.828638
    [color_grid] step  330 loss -0.833143 |p| 0.26211 eval -0.833577
    [color_grid] step  340 loss -0.838210 |p| 0.26218 eval -0.838766
    [color_grid] step  350 loss -0.843671 |p| 0.26227 eval -0.844068
    [color_grid] step  360 loss -0.850604 |p| 0.26236 eval -0.851019
    [color_grid] step  370 loss -0.857773 |p| 0.26245 eval -0.858543
    [color_grid] step  380 loss -0.865810 |p| 0.26253 eval -0.866369
    [color_grid] step  390 loss -0.872555 |p| 0.26261 eval -0.873169
    [color_grid] step  399 loss -0.877978 |p| 0.26270 eval -0.878371
  color_grid  whole:adam   r=0.30  cos=-0.8784 redetect=-0.24968 stop=max_steps@400
    [color_grid] step    0 loss 1.000000 |p| 0.25036 eval 0.994873
    [color_grid] step   10 loss 0.791455 |p| 0.25355 eval 0.765310
    [color_grid] step   20 loss 0.495938 |p| 0.25599 eval 0.462649
    [color_grid] step   30 loss 0.166168 |p| 0.25756 eval 0.120827
    [color_grid] step   40 loss -0.328090 |p| 0.25865 eval -0.345137
    [color_grid] step   50 loss -0.486348 |p| 0.25949 eval -0.498876
    [color_grid] step   60 loss -0.566104 |p| 0.26019 eval -0.569435
    [color_grid] step   70 loss -0.617648 |p| 0.26070 eval -0.622207
    [color_grid] step   80 loss -0.652519 |p| 0.26107 eval -0.655019
    [color_grid] step   90 loss -0.676444 |p| 0.26140 eval -0.678299
    [color_grid] step  100 loss -0.693956 |p| 0.26165 eval -0.695373
    [color_grid] step  110 loss -0.707529 |p| 0.26194 eval -0.708746
    [color_grid] step  120 loss -0.719853 |p| 0.26222 eval -0.721069
    [color_grid] step  130 loss -0.732793 |p| 0.26253 eval -0.734095
    [color_grid] step  140 loss -0.745122 |p| 0.26289 eval -0.746046
    [color_grid] step  150 loss -0.754381 |p| 0.26327 eval -0.755310
    [color_grid] step  160 loss -0.762823 |p| 0.26366 eval -0.763671
    [color_grid] step  170 loss -0.770732 |p| 0.26409 eval -0.771508
    [color_grid] step  180 loss -0.778221 |p| 0.26453 eval -0.779003
    [color_grid] step  190 loss -0.786411 |p| 0.26496 eval -0.787516
    [color_grid] step  200 loss -0.794865 |p| 0.26538 eval -0.795651
    [color_grid] step  210 loss -0.801872 |p| 0.26581 eval -0.802668
    [color_grid] step  220 loss -0.809617 |p| 0.26624 eval -0.810502
    [color_grid] step  230 loss -0.818062 |p| 0.26663 eval -0.819066
    [color_grid] step  240 loss -0.827806 |p| 0.26702 eval -0.829012
    [color_grid] step  250 loss -0.839642 |p| 0.26746 eval -0.840753
    [color_grid] step  260 loss -0.851394 |p| 0.26790 eval -0.852484
    [color_grid] step  270 loss -0.861995 |p| 0.26830 eval -0.862865
    [color_grid] step  280 loss -0.872058 |p| 0.26867 eval -0.873024
    [color_grid] step  290 loss -0.881868 |p| 0.26899 eval -0.882973
    [color_grid] step  300 loss -0.892287 |p| 0.26924 eval -0.893244
    [color_grid] step  310 loss -0.902098 |p| 0.26952 eval -0.903069
    [color_grid] step  320 loss -0.910719 |p| 0.26983 eval -0.911326
    [color_grid] step  330 loss -0.917908 |p| 0.27020 eval -0.917982
    [color_grid] step  340 loss -0.924467 |p| 0.27050 eval -0.925413
    [color_grid] step  350 loss -0.931521 |p| 0.27079 eval -0.932316
    [color_grid] step  360 loss -0.937972 |p| 0.27102 eval -0.938455
    [color_grid] step  370 loss -0.944313 |p| 0.27121 eval -0.945212
    [color_grid] step  380 loss -0.949909 |p| 0.27138 eval -0.950462
    [color_grid] step  390 loss -0.953840 |p| 0.27154 eval -0.953882
    [color_grid] step  399 loss -0.957049 |p| 0.27168 eval -0.957451
  color_grid  whole:adam   r=0.60  cos=-0.9575 redetect=-0.45688 stop=max_steps@400
    [color_grid] step    0 loss 1.000000 |p| 0.25071 eval 0.982358
    [color_grid] step   10 loss 0.558039 |p| 0.25608 eval 0.499788
    [color_grid] step   20 loss 0.003044 |p| 0.25945 eval -0.056845
    [color_grid] step   30 loss -0.436987 |p| 0.26160 eval -0.448408
    [color_grid] step   40 loss -0.546618 |p| 0.26319 eval -0.560459
    [color_grid] step   50 loss -0.643760 |p| 0.26446 eval -0.652580
    [color_grid] step   60 loss -0.708197 |p| 0.26530 eval -0.711159
    [color_grid] step   70 loss -0.748448 |p| 0.26605 eval -0.752277
    [color_grid] step   80 loss -0.776327 |p| 0.26676 eval -0.778832
    [color_grid] step   90 loss -0.797566 |p| 0.26728 eval -0.799377
    [color_grid] step  100 loss -0.814798 |p| 0.26778 eval -0.815767
    [color_grid] step  110 loss -0.827379 |p| 0.26830 eval -0.829562
    [color_grid] step  120 loss -0.839465 |p| 0.26876 eval -0.840803
    [color_grid] step  130 loss -0.856454 |p| 0.26916 eval -0.855601
    [color_grid] step  140 loss -0.872460 |p| 0.26968 eval -0.876811
    [color_grid] step  150 loss -0.889224 |p| 0.27026 eval -0.889439
    [color_grid] step  160 loss -0.900302 |p| 0.27080 eval -0.900390
    [color_grid] step  170 loss -0.906176 |p| 0.27136 eval -0.908627
    [color_grid] step  180 loss -0.916605 |p| 0.27195 eval -0.918984
    [color_grid] step  190 loss -0.900949 |p| 0.27249 eval -0.909199
    [color_grid] step  200 loss -0.926715 |p| 0.27300 eval -0.927731
    [color_grid] step  210 loss -0.940845 |p| 0.27338 eval -0.941476
    [color_grid] step  220 loss -0.948850 |p| 0.27365 eval -0.950252
    [color_grid] step  230 loss -0.952615 |p| 0.27394 eval -0.949924
    [color_grid] step  240 loss -0.959739 |p| 0.27428 eval -0.955689
    [color_grid] step  250 loss -0.966179 |p| 0.27469 eval -0.967792
    [color_grid] step  260 loss -0.973606 |p| 0.27515 eval -0.974415
    [color_grid] step  270 loss -0.978511 |p| 0.27557 eval -0.979811
    [color_grid] step  280 loss -0.981431 |p| 0.27595 eval -0.979951
    [color_grid] step  290 loss -0.983754 |p| 0.27622 eval -0.983869
    [color_grid] step  300 loss -0.981171 |p| 0.27644 eval -0.985251
    [color_grid] step  310 loss -0.986904 |p| 0.27661 eval -0.987474
    [color_grid] step  320 loss -0.988901 |p| 0.27677 eval -0.989225
    [color_grid] step  330 loss -0.990633 |p| 0.27690 eval -0.990365
    [color_grid] step  340 loss -0.991420 |p| 0.27701 eval -0.991317
    [color_grid] step  350 loss -0.992537 |p| 0.27716 eval -0.992248
    [color_grid] step  360 loss -0.991340 |p| 0.27732 eval -0.993321
    [color_grid] step  370 loss -0.993663 |p| 0.27749 eval -0.994218
    [color_grid] step  380 loss -0.995009 |p| 0.27766 eval -0.994704
    [color_grid] step  390 loss -0.995603 |p| 0.27782 eval -0.995818
    [color_grid] step  399 loss -0.996549 |p| 0.27797 eval -0.996680
  color_grid  whole:adam   r=1.20  cos=-0.9967 redetect=0.85633 stop=max_steps@400
    [color_grid] step    0 loss 1.000000 |p| 0.25119 eval 0.960509
    [color_grid] step   10 loss 0.289242 |p| 0.25879 eval 0.194018
    [color_grid] step   20 loss -0.399712 |p| 0.26218 eval -0.424489
    [color_grid] step   30 loss -0.531809 |p| 0.26497 eval -0.541909
    [color_grid] step   40 loss -0.611481 |p| 0.26694 eval -0.617202
    [color_grid] step   50 loss -0.670625 |p| 0.26841 eval -0.675461
    [color_grid] step   60 loss -0.708653 |p| 0.26956 eval -0.712963
    [color_grid] step   70 loss -0.750067 |p| 0.27026 eval -0.753972
    [color_grid] step   80 loss -0.781915 |p| 0.27099 eval -0.785051
    [color_grid] step   90 loss -0.813075 |p| 0.27161 eval -0.815778
    [color_grid] step  100 loss -0.837572 |p| 0.27227 eval -0.839893
    [color_grid] step  110 loss -0.847485 |p| 0.27283 eval -0.852353
    [color_grid] step  120 loss -0.860232 |p| 0.27336 eval -0.863698
    [color_grid] step  130 loss -0.874031 |p| 0.27400 eval -0.873962
    [color_grid] step  140 loss -0.884675 |p| 0.27482 eval -0.885562
    [color_grid] step  150 loss -0.895068 |p| 0.27567 eval -0.895510
    [color_grid] step  160 loss -0.902511 |p| 0.27667 eval -0.907998
    [color_grid] step  170 loss -0.912057 |p| 0.27773 eval -0.918365
    [color_grid] step  180 loss -0.932592 |p| 0.27861 eval -0.932934
    [color_grid] step  190 loss -0.943762 |p| 0.27935 eval -0.939015
    [color_grid] step  200 loss -0.949180 |p| 0.27992 eval -0.952772
    [color_grid] step  210 loss -0.961327 |p| 0.28042 eval -0.962819
    [color_grid] step  220 loss -0.969221 |p| 0.28093 eval -0.969749
    [color_grid] step  230 loss -0.974530 |p| 0.28150 eval -0.975208
    [color_grid] step  240 loss -0.969453 |p| 0.28219 eval -0.977974
    [color_grid] step  250 loss -0.982236 |p| 0.28288 eval -0.983005
    [color_grid] step  260 loss -0.984023 |p| 0.28348 eval -0.968101
    [color_grid] step  270 loss -0.976452 |p| 0.28414 eval -0.974236
    [color_grid] step  280 loss -0.986604 |p| 0.28481 eval -0.987925
    [color_grid] step  290 loss -0.991571 |p| 0.28533 eval -0.992152
    [color_grid] step  300 loss -0.994412 |p| 0.28565 eval -0.994457
    [color_grid] step  310 loss -0.995300 |p| 0.28592 eval -0.995211
    [color_grid] step  320 loss -0.995413 |p| 0.28616 eval -0.994571
    [color_grid] step  330 loss -0.993140 |p| 0.28638 eval -0.996176
    [color_grid] step  340 loss -0.993646 |p| 0.28657 eval -0.994270
    [color_grid] step  350 loss -0.996553 |p| 0.28681 eval -0.995808
    [color_grid] step  360 loss -0.997162 |p| 0.28704 eval -0.996992
    [color_grid] step  370 loss -0.997473 |p| 0.28726 eval -0.997946
    [color_grid] step  380 loss -0.997882 |p| 0.28745 eval -0.997971
    [color_grid] step  390 loss -0.998371 |p| 0.28761 eval -0.998530
    [color_grid] step  399 loss -0.998638 |p| 0.28773 eval -0.998619
  color_grid  whole:adam   r=2.00  cos=-0.9986 redetect=0.85633 stop=max_steps@400
  color_grid  whole:rand   r=0.02  cos=0.9987 redetect=0.99601 stop=no_params@0
  color_grid  whole:rand   r=0.05  cos=0.9936 redetect=0.98326 stop=no_params@0
  color_grid  whole:rand   r=0.10  cos=0.9833 redetect=0.97243 stop=no_params@0
  color_grid  whole:rand   r=0.20  cos=0.9560 redetect=0.93829 stop=no_params@0
  color_grid  whole:rand   r=0.30  cos=0.8953 redetect=0.88097 stop=no_params@0
  color_grid  whole:rand   r=0.60  cos=0.6068 redetect=0.62243 stop=no_params@0
  color_grid  whole:rand   r=1.20  cos=0.0077 redetect=None stop=no_params@0
  color_grid  whole:rand   r=2.00  cos=0.0088 redetect=None stop=no_params@0
    [color_curve] step    0 loss 1.000000 |p| 0.01562 eval 1.000000
    [color_curve] step   10 loss 1.000000 |p| 0.01562 eval 1.000000
    [color_curve] step   20 loss 1.000000 |p| 0.01562 eval 1.000000
    [color_curve] step   30 loss 1.000000 |p| 0.01562 eval 1.000000
    [color_curve] step   40 loss 1.000000 |p| 0.01562 eval 1.000000
    [color_curve] step   50 loss 1.000000 |p| 0.01562 eval 1.000000
    [color_curve] step   60 loss 1.000000 |p| 0.01562 eval 1.000000
    [color_curve] step   70 loss 1.000000 |p| 0.01562 eval 1.000000
    [color_curve] step   80 loss 1.000000 |p| 0.01562 eval 1.000000
    [color_curve] early stop at step 80（連續 8 次評估未改善 > 0.0001）
  color_curve whole:sign   r=0.02  cos=1.0000 redetect=1.0 stop=early_stop@81
    [color_curve] step    0 loss 1.000000 |p| 0.01562 eval 1.000000
    [color_curve] step   10 loss 1.000000 |p| 0.01562 eval 1.000000
    [color_curve] step   20 loss 1.000000 |p| 0.01562 eval 1.000000
    [color_curve] step   30 loss 1.000000 |p| 0.01562 eval 1.000000
    [color_curve] step   40 loss 1.000000 |p| 0.01562 eval 1.000000
    [color_curve] step   50 loss 1.000000 |p| 0.01562 eval 1.000000
    [color_curve] step   60 loss 1.000000 |p| 0.01562 eval 1.000000
    [color_curve] step   70 loss 1.000000 |p| 0.01562 eval 1.000000
    [color_curve] step   80 loss 1.000000 |p| 0.01562 eval 1.000000
    [color_curve] early stop at step 80（連續 8 次評估未改善 > 0.0001）
  color_curve whole:sign   r=0.05  cos=1.0000 redetect=1.0 stop=early_stop@81
    [color_curve] step    0 loss 1.000000 |p| 0.01562 eval 1.000000
    [color_curve] step   10 loss 1.000000 |p| 0.01562 eval 1.000000
    [color_curve] step   20 loss 1.000000 |p| 0.01562 eval 1.000000
    [color_curve] step   30 loss 1.000000 |p| 0.01562 eval 1.000000
    [color_curve] step   40 loss 1.000000 |p| 0.01562 eval 1.000000
    [color_curve] step   50 loss 1.000000 |p| 0.01562 eval 1.000000
    [color_curve] step   60 loss 1.000000 |p| 0.01562 eval 1.000000
    [color_curve] step   70 loss 1.000000 |p| 0.01562 eval 1.000000
    [color_curve] step   80 loss 1.000000 |p| 0.01562 eval 1.000000
    [color_curve] early stop at step 80（連續 8 次評估未改善 > 0.0001）
  color_curve whole:sign   r=0.10  cos=1.0000 redetect=1.0 stop=early_stop@81
    [color_curve] step    0 loss 1.000000 |p| 0.01562 eval 1.000000
    [color_curve] step   10 loss 1.000000 |p| 0.01562 eval 1.000000
    [color_curve] step   20 loss 1.000000 |p| 0.01562 eval 1.000000
    [color_curve] step   30 loss 1.000000 |p| 0.01562 eval 1.000000
    [color_curve] step   40 loss 1.000000 |p| 0.01562 eval 1.000000
    [color_curve] step   50 loss 1.000000 |p| 0.01562 eval 1.000000
    [color_curve] step   60 loss 1.000000 |p| 0.01562 eval 1.000000
    [color_curve] step   70 loss 1.000000 |p| 0.01562 eval 1.000000
    [color_curve] step   80 loss 1.000000 |p| 0.01562 eval 1.000000
    [color_curve] early stop at step 80（連續 8 次評估未改善 > 0.0001）
  color_curve whole:sign   r=0.20  cos=1.0000 redetect=1.0 stop=early_stop@81
    [color_curve] step    0 loss 1.000000 |p| 0.01562 eval 1.000000
    [color_curve] step   10 loss 1.000000 |p| 0.01562 eval 1.000000
    [color_curve] step   20 loss 1.000000 |p| 0.01562 eval 1.000000
    [color_curve] step   30 loss 1.000000 |p| 0.01562 eval 1.000000
    [color_curve] step   40 loss 1.000000 |p| 0.01562 eval 1.000000
    [color_curve] step   50 loss 1.000000 |p| 0.01562 eval 1.000000
    [color_curve] step   60 loss 1.000000 |p| 0.01562 eval 1.000000
    [color_curve] step   70 loss 1.000000 |p| 0.01562 eval 1.000000
    [color_curve] step   80 loss 1.000000 |p| 0.01562 eval 1.000000
    [color_curve] early stop at step 80（連續 8 次評估未改善 > 0.0001）
  color_curve whole:sign   r=0.30  cos=1.0000 redetect=1.0 stop=early_stop@81
    [color_curve] step    0 loss 1.000000 |p| 0.01562 eval 1.000000
    [color_curve] step   10 loss 1.000000 |p| 0.01562 eval 1.000000
    [color_curve] step   20 loss 1.000000 |p| 0.01562 eval 1.000000
    [color_curve] step   30 loss 1.000000 |p| 0.01562 eval 1.000000
    [color_curve] step   40 loss 1.000000 |p| 0.01562 eval 1.000000
    [color_curve] step   50 loss 1.000000 |p| 0.01562 eval 1.000000
    [color_curve] step   60 loss 1.000000 |p| 0.01562 eval 1.000000
    [color_curve] step   70 loss 1.000000 |p| 0.01562 eval 1.000000
    [color_curve] step   80 loss 1.000000 |p| 0.01562 eval 1.000000
    [color_curve] early stop at step 80（連續 8 次評估未改善 > 0.0001）
  color_curve whole:sign   r=0.60  cos=1.0000 redetect=1.0 stop=early_stop@81
    [color_curve] step    0 loss 1.000000 |p| 0.01562 eval 1.000000
    [color_curve] step   10 loss 1.000000 |p| 0.01562 eval 1.000000
    [color_curve] step   20 loss 1.000000 |p| 0.01562 eval 1.000000
    [color_curve] step   30 loss 1.000000 |p| 0.01562 eval 1.000000
    [color_curve] step   40 loss 1.000000 |p| 0.01562 eval 1.000000
    [color_curve] step   50 loss 1.000000 |p| 0.01562 eval 1.000000
    [color_curve] step   60 loss 1.000000 |p| 0.01562 eval 1.000000
    [color_curve] step   70 loss 1.000000 |p| 0.01562 eval 1.000000
    [color_curve] step   80 loss 1.000000 |p| 0.01562 eval 1.000000
    [color_curve] early stop at step 80（連續 8 次評估未改善 > 0.0001）
  color_curve whole:sign   r=1.20  cos=1.0000 redetect=1.0 stop=early_stop@81
    [color_curve] step    0 loss 1.000000 |p| 0.01562 eval 1.000000
    [color_curve] step   10 loss 1.000000 |p| 0.01562 eval 1.000000
    [color_curve] step   20 loss 1.000000 |p| 0.01562 eval 1.000000
    [color_curve] step   30 loss 1.000000 |p| 0.01562 eval 1.000000
    [color_curve] step   40 loss 1.000000 |p| 0.01562 eval 1.000000
    [color_curve] step   50 loss 1.000000 |p| 0.01562 eval 1.000000
    [color_curve] step   60 loss 1.000000 |p| 0.01562 eval 1.000000
    [color_curve] step   70 loss 1.000000 |p| 0.01562 eval 1.000000
    [color_curve] step   80 loss 1.000000 |p| 0.01562 eval 1.000000
    [color_curve] early stop at step 80（連續 8 次評估未改善 > 0.0001）
  color_curve whole:sign   r=2.00  cos=1.0000 redetect=1.0 stop=early_stop@81
    [color_curve] step    0 loss 1.000000 |p| 0.01562 eval 1.000000
    [color_curve] step   10 loss 1.000000 |p| 0.01562 eval 1.000000
    [color_curve] step   20 loss 1.000000 |p| 0.01562 eval 1.000000
    [color_curve] step   30 loss 1.000000 |p| 0.01562 eval 1.000000
    [color_curve] step   40 loss 1.000000 |p| 0.01562 eval 1.000000
    [color_curve] step   50 loss 1.000000 |p| 0.01562 eval 1.000000
    [color_curve] step   60 loss 1.000000 |p| 0.01562 eval 1.000000
    [color_curve] step   70 loss 1.000000 |p| 0.01562 eval 1.000000
    [color_curve] step   80 loss 1.000000 |p| 0.01562 eval 1.000000
    [color_curve] early stop at step 80（連續 8 次評估未改善 > 0.0001）
  color_curve whole:adam   r=0.02  cos=1.0000 redetect=1.0 stop=early_stop@81
    [color_curve] step    0 loss 1.000000 |p| 0.01562 eval 1.000000
    [color_curve] step   10 loss 1.000000 |p| 0.01562 eval 1.000000
    [color_curve] step   20 loss 1.000000 |p| 0.01562 eval 1.000000
    [color_curve] step   30 loss 1.000000 |p| 0.01562 eval 1.000000
    [color_curve] step   40 loss 1.000000 |p| 0.01562 eval 1.000000
    [color_curve] step   50 loss 1.000000 |p| 0.01562 eval 1.000000
    [color_curve] step   60 loss 1.000000 |p| 0.01562 eval 1.000000
    [color_curve] step   70 loss 1.000000 |p| 0.01562 eval 1.000000
    [color_curve] step   80 loss 1.000000 |p| 0.01562 eval 1.000000
    [color_curve] early stop at step 80（連續 8 次評估未改善 > 0.0001）
  color_curve whole:adam   r=0.05  cos=1.0000 redetect=1.0 stop=early_stop@81
    [color_curve] step    0 loss 1.000000 |p| 0.01562 eval 1.000000
    [color_curve] step   10 loss 1.000000 |p| 0.01562 eval 1.000000
    [color_curve] step   20 loss 1.000000 |p| 0.01562 eval 1.000000
    [color_curve] step   30 loss 1.000000 |p| 0.01562 eval 1.000000
    [color_curve] step   40 loss 1.000000 |p| 0.01562 eval 1.000000
    [color_curve] step   50 loss 1.000000 |p| 0.01562 eval 1.000000
    [color_curve] step   60 loss 1.000000 |p| 0.01562 eval 1.000000
    [color_curve] step   70 loss 1.000000 |p| 0.01562 eval 1.000000
    [color_curve] step   80 loss 1.000000 |p| 0.01562 eval 1.000000
    [color_curve] early stop at step 80（連續 8 次評估未改善 > 0.0001）
  color_curve whole:adam   r=0.10  cos=1.0000 redetect=1.0 stop=early_stop@81
    [color_curve] step    0 loss 1.000000 |p| 0.01562 eval 1.000000
    [color_curve] step   10 loss 1.000000 |p| 0.01562 eval 1.000000
    [color_curve] step   20 loss 1.000000 |p| 0.01562 eval 1.000000
    [color_curve] step   30 loss 1.000000 |p| 0.01562 eval 1.000000
    [color_curve] step   40 loss 1.000000 |p| 0.01562 eval 1.000000
    [color_curve] step   50 loss 1.000000 |p| 0.01562 eval 1.000000
    [color_curve] step   60 loss 1.000000 |p| 0.01562 eval 1.000000
    [color_curve] step   70 loss 1.000000 |p| 0.01562 eval 1.000000
    [color_curve] step   80 loss 1.000000 |p| 0.01562 eval 1.000000
    [color_curve] early stop at step 80（連續 8 次評估未改善 > 0.0001）
  color_curve whole:adam   r=0.20  cos=1.0000 redetect=1.0 stop=early_stop@81
    [color_curve] step    0 loss 1.000000 |p| 0.01562 eval 1.000000
    [color_curve] step   10 loss 1.000000 |p| 0.01562 eval 1.000000
    [color_curve] step   20 loss 1.000000 |p| 0.01562 eval 1.000000
    [color_curve] step   30 loss 1.000000 |p| 0.01562 eval 1.000000
    [color_curve] step   40 loss 1.000000 |p| 0.01562 eval 1.000000
    [color_curve] step   50 loss 1.000000 |p| 0.01562 eval 1.000000
    [color_curve] step   60 loss 1.000000 |p| 0.01562 eval 1.000000
    [color_curve] step   70 loss 1.000000 |p| 0.01562 eval 1.000000
    [color_curve] step   80 loss 1.000000 |p| 0.01562 eval 1.000000
    [color_curve] early stop at step 80（連續 8 次評估未改善 > 0.0001）
  color_curve whole:adam   r=0.30  cos=1.0000 redetect=1.0 stop=early_stop@81
    [color_curve] step    0 loss 1.000000 |p| 0.01562 eval 1.000000
    [color_curve] step   10 loss 1.000000 |p| 0.01562 eval 1.000000
    [color_curve] step   20 loss 1.000000 |p| 0.01562 eval 1.000000
    [color_curve] step   30 loss 1.000000 |p| 0.01562 eval 1.000000
    [color_curve] step   40 loss 1.000000 |p| 0.01562 eval 1.000000
    [color_curve] step   50 loss 1.000000 |p| 0.01562 eval 1.000000
    [color_curve] step   60 loss 1.000000 |p| 0.01562 eval 1.000000
    [color_curve] step   70 loss 1.000000 |p| 0.01562 eval 1.000000
    [color_curve] step   80 loss 1.000000 |p| 0.01562 eval 1.000000
    [color_curve] early stop at step 80（連續 8 次評估未改善 > 0.0001）
  color_curve whole:adam   r=0.60  cos=1.0000 redetect=1.0 stop=early_stop@81
    [color_curve] step    0 loss 1.000000 |p| 0.01562 eval 1.000000
    [color_curve] step   10 loss 1.000000 |p| 0.01562 eval 1.000000
    [color_curve] step   20 loss 1.000000 |p| 0.01562 eval 1.000000
    [color_curve] step   30 loss 1.000000 |p| 0.01562 eval 1.000000
    [color_curve] step   40 loss 1.000000 |p| 0.01562 eval 1.000000
    [color_curve] step   50 loss 1.000000 |p| 0.01562 eval 1.000000
    [color_curve] step   60 loss 1.000000 |p| 0.01562 eval 1.000000
    [color_curve] step   70 loss 1.000000 |p| 0.01562 eval 1.000000
    [color_curve] step   80 loss 1.000000 |p| 0.01562 eval 1.000000
    [color_curve] early stop at step 80（連續 8 次評估未改善 > 0.0001）
  color_curve whole:adam   r=1.20  cos=1.0000 redetect=1.0 stop=early_stop@81
    [color_curve] step    0 loss 1.000000 |p| 0.01562 eval 1.000000
    [color_curve] step   10 loss 1.000000 |p| 0.01562 eval 1.000000
    [color_curve] step   20 loss 1.000000 |p| 0.01562 eval 1.000000
    [color_curve] step   30 loss 1.000000 |p| 0.01562 eval 1.000000
    [color_curve] step   40 loss 1.000000 |p| 0.01562 eval 1.000000
    [color_curve] step   50 loss 1.000000 |p| 0.01562 eval 1.000000
    [color_curve] step   60 loss 1.000000 |p| 0.01562 eval 1.000000
    [color_curve] step   70 loss 1.000000 |p| 0.01562 eval 1.000000
    [color_curve] step   80 loss 1.000000 |p| 0.01562 eval 1.000000
    [color_curve] early stop at step 80（連續 8 次評估未改善 > 0.0001）
  color_curve whole:adam   r=2.00  cos=1.0000 redetect=1.0 stop=early_stop@81
  color_curve whole:rand   r=0.02  cos=1.0000 redetect=0.99537 stop=no_params@0
  color_curve whole:rand   r=0.05  cos=1.0000 redetect=0.99804 stop=no_params@0
  color_curve whole:rand   r=0.10  cos=0.9999 redetect=0.99802 stop=no_params@0
  color_curve whole:rand   r=0.20  cos=0.9997 redetect=0.99671 stop=no_params@0
  color_curve whole:rand   r=0.30  cos=0.9995 redetect=0.99657 stop=no_params@0
  color_curve whole:rand   r=0.60  cos=0.9985 redetect=0.99601 stop=no_params@0
  color_curve whole:rand   r=1.20  cos=0.9973 redetect=0.99331 stop=no_params@0
  color_curve whole:rand   r=2.00  cos=0.9962 redetect=0.9933 stop=no_params@0
[task_attr_mod_color_11699] box=(269, 116, 331, 190) verify_cos=0.99997
    [color_grid] step    0 loss 1.000000 |p| 0.25001 eval 0.999992
    [color_grid] step   10 loss 0.998898 |p| 0.25008 eval 0.998662
    [color_grid] step   20 loss 0.995379 |p| 0.25016 eval 0.994902
    [color_grid] step   30 loss 0.990081 |p| 0.25024 eval 0.989460
    [color_grid] step   40 loss 0.983073 |p| 0.25031 eval 0.982290
    [color_grid] step   50 loss 0.974505 |p| 0.25038 eval 0.973582
    [color_grid] step   60 loss 0.964437 |p| 0.25045 eval 0.963345
    [color_grid] step   70 loss 0.953209 |p| 0.25052 eval 0.952067
    [color_grid] step   80 loss 0.941564 |p| 0.25059 eval 0.940259
    [color_grid] step   90 loss 0.928447 |p| 0.25066 eval 0.927120
    [color_grid] step  100 loss 0.915094 |p| 0.25072 eval 0.914650
    [color_grid] step  110 loss 0.912148 |p| 0.25074 eval 0.911969
    [color_grid] step  120 loss 0.910313 |p| 0.25075 eval 0.910204
    [color_grid] step  130 loss 0.908663 |p| 0.25076 eval 0.908494
    [color_grid] step  140 loss 0.907021 |p| 0.25077 eval 0.906815
    [color_grid] step  150 loss 0.905244 |p| 0.25077 eval 0.905094
    [color_grid] step  160 loss 0.903849 |p| 0.25078 eval 0.903800
    [color_grid] step  170 loss 0.902892 |p| 0.25079 eval 0.902745
    [color_grid] step  180 loss 0.902055 |p| 0.25079 eval 0.902061
    [color_grid] step  190 loss 0.901663 |p| 0.25080 eval 0.901588
    [color_grid] step  200 loss 0.901273 |p| 0.25080 eval 0.901278
    [color_grid] step  210 loss 0.901005 |p| 0.25081 eval 0.900968
    [color_grid] step  220 loss 0.900746 |p| 0.25081 eval 0.900777
    [color_grid] step  230 loss 0.900521 |p| 0.25081 eval 0.900551
    [color_grid] step  240 loss 0.900289 |p| 0.25082 eval 0.900279
    [color_grid] step  250 loss 0.899969 |p| 0.25082 eval 0.899977
    [color_grid] step  260 loss 0.899765 |p| 0.25082 eval 0.899717
    [color_grid] step  270 loss 0.899499 |p| 0.25083 eval 0.899526
    [color_grid] step  280 loss 0.899333 |p| 0.25083 eval 0.899296
    [color_grid] step  290 loss 0.899101 |p| 0.25083 eval 0.899061
    [color_grid] step  300 loss 0.898849 |p| 0.25083 eval 0.898863
    [color_grid] step  310 loss 0.898648 |p| 0.25083 eval 0.898656
    [color_grid] step  320 loss 0.898425 |p| 0.25083 eval 0.898365
    [color_grid] step  330 loss 0.898285 |p| 0.25083 eval 0.898212
    [color_grid] step  340 loss 0.898108 |p| 0.25083 eval 0.898108
    [color_grid] step  350 loss 0.897993 |p| 0.25083 eval 0.898015
    [color_grid] step  360 loss 0.897921 |p| 0.25083 eval 0.897944
    [color_grid] step  370 loss 0.897829 |p| 0.25083 eval 0.897831
    [color_grid] step  380 loss 0.897754 |p| 0.25083 eval 0.897783
    [color_grid] step  390 loss 0.897709 |p| 0.25083 eval 0.897733
    [color_grid] step  399 loss 0.897726 |p| 0.25083 eval 0.897678
  color_grid  whole:sign   r=0.02  cos=0.8977 redetect=0.87359 stop=max_steps@400
    [color_grid] step    0 loss 1.000000 |p| 0.25002 eval 0.999954
    [color_grid] step   10 loss 0.993345 |p| 0.25020 eval 0.992035
    [color_grid] step   20 loss 0.975430 |p| 0.25038 eval 0.973088
    [color_grid] step   30 loss 0.948623 |p| 0.25057 eval 0.945794
    [color_grid] step   40 loss 0.916568 |p| 0.25074 eval 0.913243
    [color_grid] step   50 loss 0.881316 |p| 0.25091 eval 0.877416
    [color_grid] step   60 loss 0.842119 |p| 0.25106 eval 0.838218
    [color_grid] step   70 loss 0.801795 |p| 0.25121 eval 0.797828
    [color_grid] step   80 loss 0.762777 |p| 0.25135 eval 0.758808
    [color_grid] step   90 loss 0.721267 |p| 0.25148 eval 0.717209
    [color_grid] step  100 loss 0.682856 |p| 0.25160 eval 0.680941
    [color_grid] step  110 loss 0.666933 |p| 0.25163 eval 0.665968
    [color_grid] step  120 loss 0.656841 |p| 0.25166 eval 0.655900
    [color_grid] step  130 loss 0.648622 |p| 0.25168 eval 0.647939
    [color_grid] step  140 loss 0.641023 |p| 0.25171 eval 0.640278
    [color_grid] step  150 loss 0.634093 |p| 0.25174 eval 0.633357
    [color_grid] step  160 loss 0.627355 |p| 0.25177 eval 0.626776
    [color_grid] step  170 loss 0.621499 |p| 0.25179 eval 0.620865
    [color_grid] step  180 loss 0.615867 |p| 0.25182 eval 0.615293
    [color_grid] step  190 loss 0.610244 |p| 0.25184 eval 0.609595
    [color_grid] step  200 loss 0.605067 |p| 0.25185 eval 0.604508
    [color_grid] step  210 loss 0.599634 |p| 0.25186 eval 0.598988
    [color_grid] step  220 loss 0.594341 |p| 0.25187 eval 0.593820
    [color_grid] step  230 loss 0.589368 |p| 0.25188 eval 0.588915
    [color_grid] step  240 loss 0.584557 |p| 0.25190 eval 0.584102
    [color_grid] step  250 loss 0.580785 |p| 0.25191 eval 0.580459
    [color_grid] step  260 loss 0.578369 |p| 0.25192 eval 0.578157
    [color_grid] step  270 loss 0.576483 |p| 0.25193 eval 0.576208
    [color_grid] step  280 loss 0.574717 |p| 0.25194 eval 0.574659
    [color_grid] step  290 loss 0.573214 |p| 0.25194 eval 0.573106
    [color_grid] step  300 loss 0.572099 |p| 0.25195 eval 0.572095
    [color_grid] step  310 loss 0.570817 |p| 0.25195 eval 0.570732
    [color_grid] step  320 loss 0.569170 |p| 0.25195 eval 0.568977
    [color_grid] step  330 loss 0.567539 |p| 0.25195 eval 0.567349
    [color_grid] step  340 loss 0.565931 |p| 0.25196 eval 0.565716
    [color_grid] step  350 loss 0.564228 |p| 0.25196 eval 0.564166
    [color_grid] step  360 loss 0.562524 |p| 0.25197 eval 0.562291
    [color_grid] step  370 loss 0.560817 |p| 0.25197 eval 0.560770
    [color_grid] step  380 loss 0.559371 |p| 0.25198 eval 0.559223
    [color_grid] step  390 loss 0.557949 |p| 0.25199 eval 0.557682
    [color_grid] step  399 loss 0.556565 |p| 0.25199 eval 0.556458
  color_grid  whole:sign   r=0.05  cos=0.5565 redetect=0.57576 stop=max_steps@400
    [color_grid] step    0 loss 1.000000 |p| 0.25004 eval 0.999817
    [color_grid] step   10 loss 0.976788 |p| 0.25039 eval 0.972128
    [color_grid] step   20 loss 0.918346 |p| 0.25073 eval 0.911190
    [color_grid] step   30 loss 0.841650 |p| 0.25105 eval 0.833320
    [color_grid] step   40 loss 0.758898 |p| 0.25135 eval 0.751067
    [color_grid] step   50 loss 0.678694 |p| 0.25163 eval 0.671214
    [color_grid] step   60 loss 0.607687 |p| 0.25185 eval 0.600383
    [color_grid] step   70 loss 0.530285 |p| 0.25206 eval 0.520899
    [color_grid] step   80 loss 0.437881 |p| 0.25225 eval 0.428941
    [color_grid] step   90 loss 0.349499 |p| 0.25243 eval 0.341333
    [color_grid] step  100 loss 0.263836 |p| 0.25261 eval 0.255604
    [color_grid] step  110 loss 0.185354 |p| 0.25269 eval 0.178713
    [color_grid] step  120 loss 0.119653 |p| 0.25277 eval 0.112674
    [color_grid] step  130 loss 0.063377 |p| 0.25283 eval 0.058966
    [color_grid] step  140 loss 0.018107 |p| 0.25288 eval 0.014199
    [color_grid] step  150 loss -0.020866 |p| 0.25294 eval -0.026427
    [color_grid] step  160 loss -0.063087 |p| 0.25300 eval -0.065968
    [color_grid] step  170 loss -0.091520 |p| 0.25304 eval -0.094761
    [color_grid] step  180 loss -0.121973 |p| 0.25310 eval -0.124955
    [color_grid] step  190 loss -0.146860 |p| 0.25313 eval -0.148523
    [color_grid] step  200 loss -0.166477 |p| 0.25319 eval -0.168057
    [color_grid] step  210 loss -0.185578 |p| 0.25321 eval -0.187519
    [color_grid] step  220 loss -0.202472 |p| 0.25322 eval -0.203740
    [color_grid] step  230 loss -0.215502 |p| 0.25323 eval -0.216938
    [color_grid] step  240 loss -0.227352 |p| 0.25326 eval -0.228244
    [color_grid] step  250 loss -0.236148 |p| 0.25328 eval -0.236592
    [color_grid] step  260 loss -0.247429 |p| 0.25330 eval -0.248917
    [color_grid] step  270 loss -0.261828 |p| 0.25330 eval -0.263592
    [color_grid] step  280 loss -0.285038 |p| 0.25329 eval -0.288010
    [color_grid] step  290 loss -0.310103 |p| 0.25328 eval -0.311902
    [color_grid] step  300 loss -0.325608 |p| 0.25328 eval -0.327062
    [color_grid] step  310 loss -0.344069 |p| 0.25328 eval -0.347571
    [color_grid] step  320 loss -0.373976 |p| 0.25327 eval -0.377188
    [color_grid] step  330 loss -0.403701 |p| 0.25327 eval -0.406588
    [color_grid] step  340 loss -0.428607 |p| 0.25325 eval -0.432049
    [color_grid] step  350 loss -0.450678 |p| 0.25323 eval -0.452241
    [color_grid] step  360 loss -0.465463 |p| 0.25321 eval -0.467028
    [color_grid] step  370 loss -0.477717 |p| 0.25319 eval -0.479589
    [color_grid] step  380 loss -0.490109 |p| 0.25317 eval -0.491453
    [color_grid] step  390 loss -0.499832 |p| 0.25315 eval -0.500738
    [color_grid] step  399 loss -0.506291 |p| 0.25315 eval -0.506781
  color_grid  whole:sign   r=0.10  cos=-0.5068 redetect=None stop=max_steps@400
    [color_grid] step    0 loss 1.000000 |p| 0.25008 eval 0.999296
    [color_grid] step   10 loss 0.921412 |p| 0.25076 eval 0.908636
    [color_grid] step   20 loss 0.768849 |p| 0.25137 eval 0.753574
    [color_grid] step   30 loss 0.625639 |p| 0.25190 eval 0.611791
    [color_grid] step   40 loss 0.462765 |p| 0.25233 eval 0.443718
    [color_grid] step   50 loss 0.286896 |p| 0.25273 eval 0.271944
    [color_grid] step   60 loss 0.132763 |p| 0.25305 eval 0.116643
    [color_grid] step   70 loss -0.086496 |p| 0.25334 eval -0.109358
    [color_grid] step   80 loss -0.273082 |p| 0.25361 eval -0.287084
    [color_grid] step   90 loss -0.461382 |p| 0.25379 eval -0.480186
    [color_grid] step  100 loss -0.576903 |p| 0.25392 eval -0.583233
    [color_grid] step  110 loss -0.621655 |p| 0.25398 eval -0.624231
    [color_grid] step  120 loss -0.654640 |p| 0.25399 eval -0.657349
    [color_grid] step  130 loss -0.674675 |p| 0.25397 eval -0.678795
    [color_grid] step  140 loss -0.684760 |p| 0.25397 eval -0.688547
    [color_grid] step  150 loss -0.691981 |p| 0.25397 eval -0.695143
    [color_grid] step  160 loss -0.698552 |p| 0.25400 eval -0.700124
    [color_grid] step  170 loss -0.703468 |p| 0.25406 eval -0.704025
    [color_grid] step  180 loss -0.705494 |p| 0.25412 eval -0.708042
    [color_grid] step  190 loss -0.709393 |p| 0.25423 eval -0.710459
    [color_grid] step  200 loss -0.715836 |p| 0.25432 eval -0.716185
    [color_grid] step  210 loss -0.722852 |p| 0.25438 eval -0.724674
    [color_grid] step  220 loss -0.726382 |p| 0.25442 eval -0.731749
    [color_grid] step  230 loss -0.728960 |p| 0.25446 eval -0.734323
    [color_grid] step  240 loss -0.730887 |p| 0.25450 eval -0.735769
    [color_grid] step  250 loss -0.731823 |p| 0.25454 eval -0.737185
    [color_grid] step  260 loss -0.735862 |p| 0.25458 eval -0.740238
    [color_grid] step  270 loss -0.738029 |p| 0.25459 eval -0.743260
    [color_grid] step  280 loss -0.740854 |p| 0.25461 eval -0.744661
    [color_grid] step  290 loss -0.741632 |p| 0.25463 eval -0.745664
    [color_grid] step  300 loss -0.742543 |p| 0.25464 eval -0.747147
    [color_grid] step  310 loss -0.743995 |p| 0.25466 eval -0.748054
    [color_grid] step  320 loss -0.745922 |p| 0.25468 eval -0.748943
    [color_grid] step  330 loss -0.748196 |p| 0.25469 eval -0.749958
    [color_grid] step  340 loss -0.750630 |p| 0.25471 eval -0.751562
    [color_grid] step  350 loss -0.755116 |p| 0.25473 eval -0.755261
    [color_grid] step  360 loss -0.758801 |p| 0.25475 eval -0.757746
    [color_grid] step  370 loss -0.761330 |p| 0.25477 eval -0.759190
    [color_grid] step  380 loss -0.763652 |p| 0.25480 eval -0.760410
    [color_grid] step  390 loss -0.764595 |p| 0.25481 eval -0.762454
    [color_grid] step  399 loss -0.762591 |p| 0.25481 eval -0.765710
  color_grid  whole:sign   r=0.20  cos=-0.7657 redetect=None stop=max_steps@400
    [color_grid] step    0 loss 1.000000 |p| 0.25012 eval 0.998463
    [color_grid] step   10 loss 0.852125 |p| 0.25106 eval 0.827693
    [color_grid] step   20 loss 0.614582 |p| 0.25185 eval 0.592256
    [color_grid] step   30 loss 0.362996 |p| 0.25249 eval 0.336014
    [color_grid] step   40 loss 0.150133 |p| 0.25293 eval 0.129267
    [color_grid] step   50 loss -0.117763 |p| 0.25333 eval -0.156832
    [color_grid] step   60 loss -0.440569 |p| 0.25357 eval -0.464940
    [color_grid] step   70 loss -0.592533 |p| 0.25381 eval -0.598307
    [color_grid] step   80 loss -0.634218 |p| 0.25388 eval -0.635377
    [color_grid] step   90 loss -0.657170 |p| 0.25402 eval -0.659778
    [color_grid] step  100 loss -0.679199 |p| 0.25417 eval -0.678995
    [color_grid] step  110 loss -0.686762 |p| 0.25423 eval -0.688612
    [color_grid] step  120 loss -0.697189 |p| 0.25432 eval -0.699517
    [color_grid] step  130 loss -0.711522 |p| 0.25443 eval -0.711589
    [color_grid] step  140 loss -0.722651 |p| 0.25450 eval -0.720296
    [color_grid] step  150 loss -0.731355 |p| 0.25455 eval -0.727653
    [color_grid] step  160 loss -0.739281 |p| 0.25459 eval -0.738835
    [color_grid] step  170 loss -0.740369 |p| 0.25466 eval -0.749411
    [color_grid] step  180 loss -0.754241 |p| 0.25473 eval -0.759765
    [color_grid] step  190 loss -0.760183 |p| 0.25482 eval -0.765784
    [color_grid] step  200 loss -0.766146 |p| 0.25490 eval -0.769800
    [color_grid] step  210 loss -0.771776 |p| 0.25499 eval -0.774567
    [color_grid] step  220 loss -0.781322 |p| 0.25512 eval -0.783891
    [color_grid] step  230 loss -0.789740 |p| 0.25523 eval -0.788241
    [color_grid] step  240 loss -0.797674 |p| 0.25530 eval -0.794667
    [color_grid] step  250 loss -0.801663 |p| 0.25537 eval -0.797008
    [color_grid] step  260 loss -0.813763 |p| 0.25547 eval -0.811067
    [color_grid] step  270 loss -0.821979 |p| 0.25557 eval -0.819000
    [color_grid] step  280 loss -0.824959 |p| 0.25565 eval -0.824158
    [color_grid] step  290 loss -0.826590 |p| 0.25569 eval -0.826083
    [color_grid] step  300 loss -0.831739 |p| 0.25573 eval -0.823864
    [color_grid] step  310 loss -0.832870 |p| 0.25577 eval -0.824787
    [color_grid] step  320 loss -0.833455 |p| 0.25581 eval -0.825683
    [color_grid] step  330 loss -0.834641 |p| 0.25585 eval -0.826326
    [color_grid] step  340 loss -0.835080 |p| 0.25590 eval -0.826688
    [color_grid] step  350 loss -0.834666 |p| 0.25592 eval -0.827406
    [color_grid] step  360 loss -0.835159 |p| 0.25594 eval -0.827972
    [color_grid] step  370 loss -0.835388 |p| 0.25599 eval -0.832530
    [color_grid] step  380 loss -0.836774 |p| 0.25603 eval -0.833515
    [color_grid] step  390 loss -0.836119 |p| 0.25605 eval -0.836751
    [color_grid] step  399 loss -0.840895 |p| 0.25607 eval -0.843941
  color_grid  whole:sign   r=0.30  cos=-0.8439 redetect=None stop=max_steps@400
    [color_grid] step    0 loss 1.000000 |p| 0.25025 eval 0.994426
    [color_grid] step   10 loss 0.654940 |p| 0.25192 eval 0.617288
    [color_grid] step   20 loss 0.159463 |p| 0.25309 eval 0.096208
    [color_grid] step   30 loss -0.422733 |p| 0.25366 eval -0.460914
    [color_grid] step   40 loss -0.611079 |p| 0.25390 eval -0.624700
    [color_grid] step   50 loss -0.655554 |p| 0.25411 eval -0.652401
    [color_grid] step   60 loss -0.680671 |p| 0.25438 eval -0.664368
    [color_grid] step   70 loss -0.687644 |p| 0.25461 eval -0.680232
    [color_grid] step   80 loss -0.692863 |p| 0.25486 eval -0.688782
    [color_grid] step   90 loss -0.694754 |p| 0.25509 eval -0.703571
    [color_grid] step  100 loss -0.700683 |p| 0.25530 eval -0.701392
    [color_grid] step  110 loss -0.705491 |p| 0.25550 eval -0.706860
    [color_grid] step  120 loss -0.700364 |p| 0.25572 eval -0.717514
    [color_grid] step  130 loss -0.715365 |p| 0.25590 eval -0.716184
    [color_grid] step  140 loss -0.707959 |p| 0.25611 eval -0.723739
    [color_grid] step  150 loss -0.712768 |p| 0.25629 eval -0.714014
    [color_grid] step  160 loss -0.724927 |p| 0.25643 eval -0.722617
    [color_grid] step  170 loss -0.728990 |p| 0.25658 eval -0.724173
    [color_grid] step  180 loss -0.728337 |p| 0.25674 eval -0.731173
    [color_grid] step  190 loss -0.723473 |p| 0.25687 eval -0.740972
    [color_grid] step  200 loss -0.733596 |p| 0.25702 eval -0.736002
    [color_grid] step  210 loss -0.740432 |p| 0.25718 eval -0.734987
    [color_grid] step  220 loss -0.738443 |p| 0.25731 eval -0.741117
    [color_grid] step  230 loss -0.750154 |p| 0.25749 eval -0.725981
    [color_grid] step  240 loss -0.744876 |p| 0.25767 eval -0.743431
    [color_grid] step  250 loss -0.756937 |p| 0.25778 eval -0.743332
    [color_grid] step  260 loss -0.754135 |p| 0.25796 eval -0.751246
    [color_grid] step  270 loss -0.758823 |p| 0.25802 eval -0.756524
    [color_grid] step  280 loss -0.756793 |p| 0.25808 eval -0.757730
    [color_grid] step  290 loss -0.756941 |p| 0.25815 eval -0.759141
    [color_grid] step  300 loss -0.763112 |p| 0.25825 eval -0.758080
    [color_grid] step  310 loss -0.767446 |p| 0.25835 eval -0.761129
    [color_grid] step  320 loss -0.765116 |p| 0.25842 eval -0.762820
    [color_grid] step  330 loss -0.772154 |p| 0.25846 eval -0.764383
    [color_grid] step  340 loss -0.775936 |p| 0.25849 eval -0.767717
    [color_grid] step  350 loss -0.773728 |p| 0.25860 eval -0.780676
    [color_grid] step  360 loss -0.766442 |p| 0.25863 eval -0.775367
    [color_grid] step  370 loss -0.771315 |p| 0.25867 eval -0.771984
    [color_grid] step  380 loss -0.768469 |p| 0.25872 eval -0.777884
    [color_grid] step  390 loss -0.770077 |p| 0.25875 eval -0.782381
    [color_grid] step  399 loss -0.777625 |p| 0.25879 eval -0.778047
  color_grid  whole:sign   r=0.60  cos=-0.7781 redetect=None stop=max_steps@400
    [color_grid] step    0 loss 1.000000 |p| 0.25050 eval 0.981707
    [color_grid] step   10 loss 0.234576 |p| 0.25329 eval 0.173642
    [color_grid] step   20 loss -0.417363 |p| 0.25449 eval -0.438984
    [color_grid] step   30 loss -0.584456 |p| 0.25511 eval -0.555491
    [color_grid] step   40 loss -0.624093 |p| 0.25583 eval -0.616943
    [color_grid] step   50 loss -0.675013 |p| 0.25629 eval -0.635153
    [color_grid] step   60 loss -0.641285 |p| 0.25702 eval -0.686287
    [color_grid] step   70 loss -0.683158 |p| 0.25782 eval -0.701992
    [color_grid] step   80 loss -0.711560 |p| 0.25847 eval -0.722719
    [color_grid] step   90 loss -0.735238 |p| 0.25891 eval -0.723045
    [color_grid] step  100 loss -0.757179 |p| 0.25945 eval -0.735025
    [color_grid] step  110 loss -0.761562 |p| 0.26000 eval -0.761373
    [color_grid] step  120 loss -0.761194 |p| 0.26063 eval -0.781036
    [color_grid] step  130 loss -0.782761 |p| 0.26086 eval -0.774478
    [color_grid] step  140 loss -0.791967 |p| 0.26123 eval -0.788101
    [color_grid] step  150 loss -0.768030 |p| 0.26158 eval -0.801593
    [color_grid] step  160 loss -0.786857 |p| 0.26204 eval -0.788452
    [color_grid] step  170 loss -0.822702 |p| 0.26240 eval -0.796868
    [color_grid] step  180 loss -0.835485 |p| 0.26259 eval -0.816955
    [color_grid] step  190 loss -0.835171 |p| 0.26295 eval -0.817802
    [color_grid] step  200 loss -0.852813 |p| 0.26318 eval -0.792969
    [color_grid] step  210 loss -0.854822 |p| 0.26344 eval -0.849098
    [color_grid] step  220 loss -0.848046 |p| 0.26372 eval -0.851316
    [color_grid] step  230 loss -0.858110 |p| 0.26399 eval -0.854188
    [color_grid] step  240 loss -0.859403 |p| 0.26424 eval -0.858532
    [color_grid] step  250 loss -0.873784 |p| 0.26449 eval -0.843575
    [color_grid] step  260 loss -0.868095 |p| 0.26474 eval -0.836237
    [color_grid] step  270 loss -0.871087 |p| 0.26509 eval -0.870965
    [color_grid] step  280 loss -0.868599 |p| 0.26521 eval -0.880510
    [color_grid] step  290 loss -0.873925 |p| 0.26540 eval -0.825569
    [color_grid] step  300 loss -0.869777 |p| 0.26559 eval -0.883574
    [color_grid] step  310 loss -0.881309 |p| 0.26579 eval -0.889404
    [color_grid] step  320 loss -0.870738 |p| 0.26608 eval -0.890448
    [color_grid] step  330 loss -0.891253 |p| 0.26630 eval -0.900835
    [color_grid] step  340 loss -0.889680 |p| 0.26649 eval -0.897828
    [color_grid] step  350 loss -0.891922 |p| 0.26665 eval -0.888567
    [color_grid] step  360 loss -0.879736 |p| 0.26686 eval -0.893128
    [color_grid] step  370 loss -0.875561 |p| 0.26696 eval -0.892485
    [color_grid] step  380 loss -0.902742 |p| 0.26710 eval -0.895021
    [color_grid] step  390 loss -0.887080 |p| 0.26720 eval -0.899424
    [color_grid] step  399 loss -0.896824 |p| 0.26733 eval -0.901524
  color_grid  whole:sign   r=1.20  cos=-0.9015 redetect=None stop=max_steps@400
    [color_grid] step    0 loss 1.000000 |p| 0.25083 eval 0.958932
    [color_grid] step   10 loss -0.077101 |p| 0.25467 eval -0.297798
    [color_grid] step   20 loss -0.553689 |p| 0.25603 eval -0.518674
    [color_grid] step   30 loss -0.620691 |p| 0.25697 eval -0.630844
    [color_grid] step   40 loss -0.688066 |p| 0.25768 eval -0.629903
    [color_grid] step   50 loss -0.675910 |p| 0.25828 eval -0.687154
    [color_grid] step   60 loss -0.684982 |p| 0.25911 eval -0.700759
    [color_grid] step   70 loss -0.746307 |p| 0.25979 eval -0.728745
    [color_grid] step   80 loss -0.739694 |p| 0.26009 eval -0.746135
    [color_grid] step   90 loss -0.707344 |p| 0.26056 eval -0.767728
    [color_grid] step  100 loss -0.747769 |p| 0.26088 eval -0.780995
    [color_grid] step  110 loss -0.775405 |p| 0.26154 eval -0.801987
    [color_grid] step  120 loss -0.813890 |p| 0.26219 eval -0.767148
    [color_grid] step  130 loss -0.792356 |p| 0.26269 eval -0.804715
    [color_grid] step  140 loss -0.839553 |p| 0.26301 eval -0.814847
    [color_grid] step  150 loss -0.823378 |p| 0.26346 eval -0.856077
    [color_grid] step  160 loss -0.825535 |p| 0.26367 eval -0.817903
    [color_grid] step  170 loss -0.833860 |p| 0.26413 eval -0.814331
    [color_grid] step  180 loss -0.835417 |p| 0.26468 eval -0.871159
    [color_grid] step  190 loss -0.763682 |p| 0.26471 eval -0.849199
    [color_grid] step  200 loss -0.846764 |p| 0.26501 eval -0.832614
    [color_grid] step  210 loss -0.810116 |p| 0.26533 eval -0.840804
    [color_grid] step  220 loss -0.841422 |p| 0.26562 eval -0.859781
    [color_grid] step  230 loss -0.831836 |p| 0.26622 eval -0.856030
    [color_grid] step  240 loss -0.836814 |p| 0.26654 eval -0.831171
    [color_grid] step  250 loss -0.848984 |p| 0.26672 eval -0.828835
    [color_grid] step  260 loss -0.788698 |p| 0.26713 eval -0.873342
    [color_grid] step  270 loss -0.866242 |p| 0.26732 eval -0.840314
    [color_grid] step  280 loss -0.779009 |p| 0.26756 eval -0.850701
    [color_grid] step  290 loss -0.841215 |p| 0.26772 eval -0.824405
    [color_grid] step  300 loss -0.830391 |p| 0.26778 eval -0.866333
    [color_grid] step  310 loss -0.832764 |p| 0.26786 eval -0.839648
    [color_grid] step  320 loss -0.874346 |p| 0.26827 eval -0.856960
    [color_grid] step  330 loss -0.856968 |p| 0.26883 eval -0.879771
    [color_grid] step  340 loss -0.824187 |p| 0.26906 eval -0.858029
    [color_grid] step  350 loss -0.832876 |p| 0.26930 eval -0.873837
    [color_grid] step  360 loss -0.854399 |p| 0.26946 eval -0.868572
    [color_grid] step  370 loss -0.893546 |p| 0.26966 eval -0.856115
    [color_grid] step  380 loss -0.886936 |p| 0.27025 eval -0.871840
    [color_grid] step  390 loss -0.858845 |p| 0.27063 eval -0.855412
    [color_grid] step  399 loss -0.905040 |p| 0.27111 eval -0.873124
  color_grid  whole:sign   r=2.00  cos=-0.8731 redetect=None stop=max_steps@400
    [color_grid] step    0 loss 1.000000 |p| 0.25001 eval 0.999993
    [color_grid] step   10 loss 0.999119 |p| 0.25008 eval 0.998905
    [color_grid] step   20 loss 0.995552 |p| 0.25016 eval 0.995010
    [color_grid] step   30 loss 0.989117 |p| 0.25025 eval 0.988340
    [color_grid] step   40 loss 0.979819 |p| 0.25034 eval 0.978711
    [color_grid] step   50 loss 0.967304 |p| 0.25044 eval 0.965859
    [color_grid] step   60 loss 0.951382 |p| 0.25053 eval 0.949723
    [color_grid] step   70 loss 0.934545 |p| 0.25063 eval 0.932594
    [color_grid] step   80 loss 0.917854 |p| 0.25071 eval 0.916991
    [color_grid] step   90 loss 0.912849 |p| 0.25074 eval 0.912451
    [color_grid] step  100 loss 0.909926 |p| 0.25075 eval 0.909650
    [color_grid] step  110 loss 0.907371 |p| 0.25077 eval 0.907104
    [color_grid] step  120 loss 0.905081 |p| 0.25078 eval 0.904876
    [color_grid] step  130 loss 0.903392 |p| 0.25079 eval 0.903308
    [color_grid] step  140 loss 0.902449 |p| 0.25080 eval 0.902425
    [color_grid] step  150 loss 0.901931 |p| 0.25080 eval 0.901852
    [color_grid] step  160 loss 0.901407 |p| 0.25081 eval 0.901363
    [color_grid] step  170 loss 0.900902 |p| 0.25081 eval 0.900839
    [color_grid] step  180 loss 0.900454 |p| 0.25081 eval 0.900465
    [color_grid] step  190 loss 0.900141 |p| 0.25081 eval 0.900091
    [color_grid] step  200 loss 0.899918 |p| 0.25081 eval 0.899898
    [color_grid] step  210 loss 0.899742 |p| 0.25081 eval 0.899695
    [color_grid] step  220 loss 0.899497 |p| 0.25081 eval 0.899503
    [color_grid] step  230 loss 0.899262 |p| 0.25081 eval 0.899200
    [color_grid] step  240 loss 0.898918 |p| 0.25081 eval 0.898916
    [color_grid] step  250 loss 0.898611 |p| 0.25082 eval 0.898593
    [color_grid] step  260 loss 0.898350 |p| 0.25082 eval 0.898340
    [color_grid] step  270 loss 0.898163 |p| 0.25082 eval 0.898121
    [color_grid] step  280 loss 0.897991 |p| 0.25082 eval 0.898000
    [color_grid] step  290 loss 0.897907 |p| 0.25082 eval 0.897912
    [color_grid] step  300 loss 0.897864 |p| 0.25082 eval 0.897842
    [color_grid] step  310 loss 0.897776 |p| 0.25082 eval 0.897786
    [color_grid] step  320 loss 0.897795 |p| 0.25082 eval 0.897816
    [color_grid] step  330 loss 0.897785 |p| 0.25082 eval 0.897775
    [color_grid] step  340 loss 0.897729 |p| 0.25082 eval 0.897756
    [color_grid] step  350 loss 0.897741 |p| 0.25083 eval 0.897725
    [color_grid] step  360 loss 0.897736 |p| 0.25083 eval 0.897687
    [color_grid] early stop at step 360（連續 8 次評估未改善 > 0.0001）
  color_grid  whole:adam   r=0.02  cos=0.8977 redetect=0.91731 stop=early_stop@361
    [color_grid] step    0 loss 1.000000 |p| 0.25002 eval 0.999954
    [color_grid] step   10 loss 0.994641 |p| 0.25019 eval 0.993456
    [color_grid] step   20 loss 0.977279 |p| 0.25038 eval 0.974833
    [color_grid] step   30 loss 0.946361 |p| 0.25059 eval 0.942914
    [color_grid] step   40 loss 0.907667 |p| 0.25080 eval 0.903524
    [color_grid] step   50 loss 0.861224 |p| 0.25101 eval 0.855951
    [color_grid] step   60 loss 0.808530 |p| 0.25121 eval 0.803256
    [color_grid] step   70 loss 0.755407 |p| 0.25139 eval 0.749674
    [color_grid] step   80 loss 0.703426 |p| 0.25156 eval 0.699800
    [color_grid] step   90 loss 0.677546 |p| 0.25164 eval 0.675647
    [color_grid] step  100 loss 0.661601 |p| 0.25168 eval 0.660497
    [color_grid] step  110 loss 0.651368 |p| 0.25171 eval 0.650440
    [color_grid] step  120 loss 0.641908 |p| 0.25174 eval 0.640927
    [color_grid] step  130 loss 0.633624 |p| 0.25176 eval 0.632949
    [color_grid] step  140 loss 0.627718 |p| 0.25179 eval 0.627200
    [color_grid] step  150 loss 0.622733 |p| 0.25181 eval 0.622317
    [color_grid] step  160 loss 0.618550 |p| 0.25182 eval 0.617988
    [color_grid] step  170 loss 0.613877 |p| 0.25184 eval 0.613405
    [color_grid] step  180 loss 0.608349 |p| 0.25185 eval 0.607718
    [color_grid] step  190 loss 0.601325 |p| 0.25187 eval 0.600521
    [color_grid] step  200 loss 0.594283 |p| 0.25189 eval 0.593516
    [color_grid] step  210 loss 0.586294 |p| 0.25190 eval 0.585477
    [color_grid] step  220 loss 0.580949 |p| 0.25191 eval 0.580726
    [color_grid] step  230 loss 0.578276 |p| 0.25192 eval 0.577918
    [color_grid] step  240 loss 0.575964 |p| 0.25192 eval 0.575646
    [color_grid] step  250 loss 0.573718 |p| 0.25194 eval 0.573565
    [color_grid] step  260 loss 0.572087 |p| 0.25196 eval 0.571943
    [color_grid] step  270 loss 0.570635 |p| 0.25197 eval 0.570436
    [color_grid] step  280 loss 0.569175 |p| 0.25198 eval 0.569035
    [color_grid] step  290 loss 0.567939 |p| 0.25199 eval 0.567873
    [color_grid] step  300 loss 0.566858 |p| 0.25200 eval 0.566726
    [color_grid] step  310 loss 0.566021 |p| 0.25201 eval 0.565842
    [color_grid] step  320 loss 0.565019 |p| 0.25201 eval 0.564877
    [color_grid] step  330 loss 0.563806 |p| 0.25202 eval 0.563604
    [color_grid] step  340 loss 0.562450 |p| 0.25202 eval 0.562378
    [color_grid] step  350 loss 0.561485 |p| 0.25203 eval 0.561333
    [color_grid] step  360 loss 0.560648 |p| 0.25203 eval 0.560635
    [color_grid] step  370 loss 0.560108 |p| 0.25203 eval 0.560024
    [color_grid] step  380 loss 0.559601 |p| 0.25203 eval 0.559555
    [color_grid] step  390 loss 0.559286 |p| 0.25203 eval 0.559199
    [color_grid] step  399 loss 0.558938 |p| 0.25203 eval 0.558881
  color_grid  whole:adam   r=0.05  cos=0.5589 redetect=0.58826 stop=max_steps@400
    [color_grid] step    0 loss 1.000000 |p| 0.25004 eval 0.999819
    [color_grid] step   10 loss 0.981600 |p| 0.25036 eval 0.977594
    [color_grid] step   20 loss 0.924918 |p| 0.25073 eval 0.917911
    [color_grid] step   30 loss 0.846733 |p| 0.25110 eval 0.838125
    [color_grid] step   40 loss 0.753837 |p| 0.25147 eval 0.745394
    [color_grid] step   50 loss 0.674227 |p| 0.25180 eval 0.666050
    [color_grid] step   60 loss 0.591626 |p| 0.25210 eval 0.582930
    [color_grid] step   70 loss 0.503025 |p| 0.25238 eval 0.493811
    [color_grid] step   80 loss 0.396752 |p| 0.25264 eval 0.386603
    [color_grid] step   90 loss 0.308397 |p| 0.25283 eval 0.300357
    [color_grid] step  100 loss 0.226717 |p| 0.25296 eval 0.217488
    [color_grid] step  110 loss 0.140487 |p| 0.25305 eval 0.134201
    [color_grid] step  120 loss 0.065641 |p| 0.25312 eval 0.058285
    [color_grid] step  130 loss -0.002659 |p| 0.25316 eval -0.007959
    [color_grid] step  140 loss -0.056764 |p| 0.25321 eval -0.062018
    [color_grid] step  150 loss -0.109522 |p| 0.25323 eval -0.113447
    [color_grid] step  160 loss -0.139585 |p| 0.25326 eval -0.142700
    [color_grid] step  170 loss -0.168995 |p| 0.25329 eval -0.171732
    [color_grid] step  180 loss -0.191755 |p| 0.25331 eval -0.193399
    [color_grid] step  190 loss -0.210853 |p| 0.25333 eval -0.212503
    [color_grid] step  200 loss -0.226750 |p| 0.25334 eval -0.228034
    [color_grid] step  210 loss -0.237240 |p| 0.25335 eval -0.238162
    [color_grid] step  220 loss -0.246375 |p| 0.25336 eval -0.247079
    [color_grid] step  230 loss -0.253948 |p| 0.25336 eval -0.254652
    [color_grid] step  240 loss -0.260286 |p| 0.25335 eval -0.260792
    [color_grid] step  250 loss -0.265823 |p| 0.25335 eval -0.266386
    [color_grid] step  260 loss -0.271122 |p| 0.25335 eval -0.271727
    [color_grid] step  270 loss -0.277486 |p| 0.25337 eval -0.278308
    [color_grid] step  280 loss -0.284501 |p| 0.25339 eval -0.285028
    [color_grid] step  290 loss -0.289115 |p| 0.25342 eval -0.289607
    [color_grid] step  300 loss -0.292561 |p| 0.25345 eval -0.292867
    [color_grid] step  310 loss -0.295206 |p| 0.25347 eval -0.295418
    [color_grid] step  320 loss -0.297724 |p| 0.25349 eval -0.297940
    [color_grid] step  330 loss -0.299944 |p| 0.25351 eval -0.300181
    [color_grid] step  340 loss -0.301946 |p| 0.25352 eval -0.302204
    [color_grid] step  350 loss -0.303923 |p| 0.25353 eval -0.304109
    [color_grid] step  360 loss -0.306101 |p| 0.25354 eval -0.306294
    [color_grid] step  370 loss -0.308316 |p| 0.25354 eval -0.308496
    [color_grid] step  380 loss -0.310156 |p| 0.25354 eval -0.310346
    [color_grid] step  390 loss -0.312853 |p| 0.25353 eval -0.313249
    [color_grid] step  399 loss -0.316362 |p| 0.25353 eval -0.316849
  color_grid  whole:adam   r=0.10  cos=-0.3169 redetect=-0.18642 stop=max_steps@400
    [color_grid] step    0 loss 1.000000 |p| 0.25007 eval 0.999295
    [color_grid] step   10 loss 0.935842 |p| 0.25070 eval 0.924115
    [color_grid] step   20 loss 0.796472 |p| 0.25136 eval 0.781356
    [color_grid] step   30 loss 0.652070 |p| 0.25198 eval 0.637199
    [color_grid] step   40 loss 0.495962 |p| 0.25259 eval 0.479625
    [color_grid] step   50 loss 0.326525 |p| 0.25310 eval 0.312082
    [color_grid] step   60 loss 0.157004 |p| 0.25347 eval 0.139046
    [color_grid] step   70 loss -0.075769 |p| 0.25379 eval -0.094510
    [color_grid] step   80 loss -0.241793 |p| 0.25409 eval -0.258216
    [color_grid] step   90 loss -0.412086 |p| 0.25430 eval -0.428149
    [color_grid] step  100 loss -0.555347 |p| 0.25443 eval -0.563243
    [color_grid] step  110 loss -0.616719 |p| 0.25451 eval -0.621185
    [color_grid] step  120 loss -0.647148 |p| 0.25455 eval -0.648882
    [color_grid] step  130 loss -0.666344 |p| 0.25456 eval -0.667949
    [color_grid] step  140 loss -0.681339 |p| 0.25459 eval -0.682758
    [color_grid] step  150 loss -0.696595 |p| 0.25464 eval -0.698108
    [color_grid] step  160 loss -0.711891 |p| 0.25467 eval -0.713426
    [color_grid] step  170 loss -0.726060 |p| 0.25470 eval -0.727234
    [color_grid] step  180 loss -0.738891 |p| 0.25473 eval -0.740143
    [color_grid] step  190 loss -0.749344 |p| 0.25474 eval -0.750331
    [color_grid] step  200 loss -0.759525 |p| 0.25476 eval -0.760637
    [color_grid] step  210 loss -0.771870 |p| 0.25479 eval -0.773138
    [color_grid] step  220 loss -0.782406 |p| 0.25482 eval -0.783580
    [color_grid] step  230 loss -0.793990 |p| 0.25485 eval -0.795297
    [color_grid] step  240 loss -0.808424 |p| 0.25488 eval -0.809506
    [color_grid] step  250 loss -0.818916 |p| 0.25490 eval -0.820001
    [color_grid] step  260 loss -0.828417 |p| 0.25491 eval -0.829242
    [color_grid] step  270 loss -0.838478 |p| 0.25492 eval -0.839639
    [color_grid] step  280 loss -0.850834 |p| 0.25495 eval -0.852254
    [color_grid] step  290 loss -0.866527 |p| 0.25498 eval -0.868067
    [color_grid] step  300 loss -0.881688 |p| 0.25500 eval -0.883153
    [color_grid] step  310 loss -0.895263 |p| 0.25504 eval -0.896858
    [color_grid] step  320 loss -0.908918 |p| 0.25508 eval -0.910301
    [color_grid] step  330 loss -0.922433 |p| 0.25513 eval -0.923751
    [color_grid] step  340 loss -0.933687 |p| 0.25518 eval -0.934696
    [color_grid] step  350 loss -0.942156 |p| 0.25522 eval -0.942898
    [color_grid] step  360 loss -0.947540 |p| 0.25525 eval -0.948036
    [color_grid] step  370 loss -0.952161 |p| 0.25528 eval -0.952590
    [color_grid] step  380 loss -0.956272 |p| 0.25531 eval -0.956687
    [color_grid] step  390 loss -0.959952 |p| 0.25533 eval -0.960324
    [color_grid] step  399 loss -0.963108 |p| 0.25534 eval -0.963487
  color_grid  whole:adam   r=0.20  cos=-0.9635 redetect=None stop=max_steps@400
    [color_grid] step    0 loss 1.000000 |p| 0.25011 eval 0.998470
    [color_grid] step   10 loss 0.882679 |p| 0.25100 eval 0.862837
    [color_grid] step   20 loss 0.676370 |p| 0.25188 eval 0.655721
    [color_grid] step   30 loss 0.449006 |p| 0.25275 eval 0.421301
    [color_grid] step   40 loss 0.192355 |p| 0.25341 eval 0.167041
    [color_grid] step   50 loss -0.058070 |p| 0.25386 eval -0.084170
    [color_grid] step   60 loss -0.307541 |p| 0.25427 eval -0.338999
    [color_grid] step   70 loss -0.519506 |p| 0.25458 eval -0.531092
    [color_grid] step   80 loss -0.593922 |p| 0.25483 eval -0.597509
    [color_grid] step   90 loss -0.632146 |p| 0.25497 eval -0.635634
    [color_grid] step  100 loss -0.667589 |p| 0.25504 eval -0.670263
    [color_grid] step  110 loss -0.692738 |p| 0.25511 eval -0.695477
    [color_grid] step  120 loss -0.715815 |p| 0.25516 eval -0.718519
    [color_grid] step  130 loss -0.738910 |p| 0.25516 eval -0.740812
    [color_grid] step  140 loss -0.756499 |p| 0.25517 eval -0.757715
    [color_grid] step  150 loss -0.771262 |p| 0.25523 eval -0.772602
    [color_grid] step  160 loss -0.785698 |p| 0.25533 eval -0.787156
    [color_grid] step  170 loss -0.799341 |p| 0.25544 eval -0.800412
    [color_grid] step  180 loss -0.811093 |p| 0.25556 eval -0.811855
    [color_grid] step  190 loss -0.819620 |p| 0.25567 eval -0.819804
    [color_grid] step  200 loss -0.827189 |p| 0.25576 eval -0.827894
    [color_grid] step  210 loss -0.834325 |p| 0.25587 eval -0.835213
    [color_grid] step  220 loss -0.840798 |p| 0.25598 eval -0.841287
    [color_grid] step  230 loss -0.846592 |p| 0.25611 eval -0.847430
    [color_grid] step  240 loss -0.852701 |p| 0.25621 eval -0.853852
    [color_grid] step  250 loss -0.859987 |p| 0.25631 eval -0.860432
    [color_grid] step  260 loss -0.866240 |p| 0.25639 eval -0.866871
    [color_grid] step  270 loss -0.872059 |p| 0.25648 eval -0.872532
    [color_grid] step  280 loss -0.878026 |p| 0.25656 eval -0.878468
    [color_grid] step  290 loss -0.882138 |p| 0.25664 eval -0.879497
    [color_grid] step  300 loss -0.886921 |p| 0.25671 eval -0.886699
    [color_grid] step  310 loss -0.892367 |p| 0.25678 eval -0.892551
    [color_grid] step  320 loss -0.897532 |p| 0.25686 eval -0.898219
    [color_grid] step  330 loss -0.902808 |p| 0.25693 eval -0.903266
    [color_grid] step  340 loss -0.906857 |p| 0.25697 eval -0.907330
    [color_grid] step  350 loss -0.910690 |p| 0.25699 eval -0.910902
    [color_grid] step  360 loss -0.914874 |p| 0.25703 eval -0.915389
    [color_grid] step  370 loss -0.920044 |p| 0.25709 eval -0.920365
    [color_grid] step  380 loss -0.926282 |p| 0.25714 eval -0.926789
    [color_grid] step  390 loss -0.932303 |p| 0.25716 eval -0.932856
    [color_grid] step  399 loss -0.934522 |p| 0.25715 eval -0.934125
  color_grid  whole:adam   r=0.30  cos=-0.9341 redetect=None stop=max_steps@400
    [color_grid] step    0 loss 1.000000 |p| 0.25021 eval 0.994427
    [color_grid] step   10 loss 0.719955 |p| 0.25184 eval 0.687263
    [color_grid] step   20 loss 0.355393 |p| 0.25336 eval 0.320148
    [color_grid] step   30 loss -0.093125 |p| 0.25449 eval -0.128493
    [color_grid] step   40 loss -0.370155 |p| 0.25539 eval -0.412260
    [color_grid] step   50 loss -0.565307 |p| 0.25599 eval -0.571064
    [color_grid] step   60 loss -0.629237 |p| 0.25632 eval -0.633267
    [color_grid] step   70 loss -0.667121 |p| 0.25653 eval -0.673057
    [color_grid] step   80 loss -0.702285 |p| 0.25665 eval -0.706295
    [color_grid] step   90 loss -0.729090 |p| 0.25674 eval -0.730236
    [color_grid] step  100 loss -0.746738 |p| 0.25687 eval -0.748761
    [color_grid] step  110 loss -0.762298 |p| 0.25702 eval -0.763659
    [color_grid] step  120 loss -0.784449 |p| 0.25718 eval -0.786559
    [color_grid] step  130 loss -0.790454 |p| 0.25738 eval -0.795123
    [color_grid] step  140 loss -0.821368 |p| 0.25757 eval -0.821441
    [color_grid] step  150 loss -0.840449 |p| 0.25776 eval -0.842606
    [color_grid] step  160 loss -0.856344 |p| 0.25796 eval -0.858582
    [color_grid] step  170 loss -0.870400 |p| 0.25819 eval -0.871600
    [color_grid] step  180 loss -0.877938 |p| 0.25838 eval -0.878410
    [color_grid] step  190 loss -0.884824 |p| 0.25850 eval -0.885638
    [color_grid] step  200 loss -0.889334 |p| 0.25859 eval -0.889762
    [color_grid] step  210 loss -0.892737 |p| 0.25866 eval -0.893222
    [color_grid] step  220 loss -0.896748 |p| 0.25874 eval -0.896830
    [color_grid] step  230 loss -0.899901 |p| 0.25882 eval -0.900076
    [color_grid] step  240 loss -0.903768 |p| 0.25892 eval -0.903625
    [color_grid] step  250 loss -0.906974 |p| 0.25902 eval -0.907028
    [color_grid] step  260 loss -0.908372 |p| 0.25912 eval -0.910005
    [color_grid] step  270 loss -0.912820 |p| 0.25924 eval -0.911905
    [color_grid] step  280 loss -0.917029 |p| 0.25936 eval -0.917741
    [color_grid] step  290 loss -0.916819 |p| 0.25953 eval -0.919877
    [color_grid] step  300 loss -0.928345 |p| 0.25972 eval -0.929402
    [color_grid] step  310 loss -0.932061 |p| 0.25990 eval -0.928978
    [color_grid] step  320 loss -0.929007 |p| 0.26005 eval -0.935732
    [color_grid] step  330 loss -0.936859 |p| 0.26018 eval -0.935140
    [color_grid] step  340 loss -0.937323 |p| 0.26028 eval -0.941344
    [color_grid] step  350 loss -0.946238 |p| 0.26037 eval -0.944358
    [color_grid] step  360 loss -0.948180 |p| 0.26045 eval -0.948569
    [color_grid] step  370 loss -0.950723 |p| 0.26053 eval -0.951120
    [color_grid] step  380 loss -0.953323 |p| 0.26062 eval -0.953594
    [color_grid] step  390 loss -0.955512 |p| 0.26068 eval -0.955602
    [color_grid] step  399 loss -0.955053 |p| 0.26073 eval -0.953508
  color_grid  whole:adam   r=0.60  cos=-0.9535 redetect=None stop=max_steps@400
    [color_grid] step    0 loss 1.000000 |p| 0.25042 eval 0.981774
    [color_grid] step   10 loss 0.381555 |p| 0.25344 eval 0.284042
    [color_grid] step   20 loss -0.281033 |p| 0.25557 eval -0.296737
    [color_grid] step   30 loss -0.450209 |p| 0.25688 eval -0.458496
    [color_grid] step   40 loss -0.521090 |p| 0.25775 eval -0.529219
    [color_grid] step   50 loss -0.583510 |p| 0.25831 eval -0.589231
    [color_grid] step   60 loss -0.630852 |p| 0.25860 eval -0.635091
    [color_grid] step   70 loss -0.667149 |p| 0.25872 eval -0.670380
    [color_grid] step   80 loss -0.705689 |p| 0.25887 eval -0.711270
    [color_grid] step   90 loss -0.753392 |p| 0.25914 eval -0.758558
    [color_grid] step  100 loss -0.797543 |p| 0.25939 eval -0.800946
    [color_grid] step  110 loss -0.832144 |p| 0.25976 eval -0.835236
    [color_grid] step  120 loss -0.857287 |p| 0.26024 eval -0.859131
    [color_grid] step  130 loss -0.873086 |p| 0.26071 eval -0.874138
    [color_grid] step  140 loss -0.885816 |p| 0.26109 eval -0.886412
    [color_grid] step  150 loss -0.899225 |p| 0.26155 eval -0.899879
    [color_grid] step  160 loss -0.904557 |p| 0.26193 eval -0.905943
    [color_grid] step  170 loss -0.915675 |p| 0.26227 eval -0.916272
    [color_grid] step  180 loss -0.922065 |p| 0.26264 eval -0.919151
    [color_grid] step  190 loss -0.937119 |p| 0.26303 eval -0.939255
    [color_grid] step  200 loss -0.932102 |p| 0.26323 eval -0.931567
    [color_grid] step  210 loss -0.953071 |p| 0.26335 eval -0.950558
    [color_grid] step  220 loss -0.958399 |p| 0.26341 eval -0.951678
    [color_grid] step  230 loss -0.967272 |p| 0.26344 eval -0.965587
    [color_grid] step  240 loss -0.971263 |p| 0.26351 eval -0.966299
    [color_grid] step  250 loss -0.962767 |p| 0.26359 eval -0.960913
    [color_grid] step  260 loss -0.969529 |p| 0.26360 eval -0.973619
    [color_grid] step  270 loss -0.975818 |p| 0.26363 eval -0.976852
    [color_grid] step  280 loss -0.978426 |p| 0.26360 eval -0.978298
    [color_grid] step  290 loss -0.983041 |p| 0.26356 eval -0.981904
    [color_grid] step  300 loss -0.985601 |p| 0.26358 eval -0.985195
    [color_grid] step  310 loss -0.972359 |p| 0.26364 eval -0.967636
    [color_grid] step  320 loss -0.976825 |p| 0.26371 eval -0.978279
    [color_grid] step  330 loss -0.985440 |p| 0.26375 eval -0.986706
    [color_grid] step  340 loss -0.950154 |p| 0.26383 eval -0.953731
    [color_grid] step  350 loss -0.977132 |p| 0.26388 eval -0.975392
    [color_grid] step  360 loss -0.985904 |p| 0.26395 eval -0.986719
    [color_grid] step  370 loss -0.989330 |p| 0.26407 eval -0.991187
    [color_grid] step  380 loss -0.991067 |p| 0.26415 eval -0.985904
    [color_grid] step  390 loss -0.978994 |p| 0.26420 eval -0.989366
    [color_grid] step  399 loss -0.991245 |p| 0.26425 eval -0.986241
  color_grid  whole:adam   r=1.20  cos=-0.9862 redetect=None stop=max_steps@400
    [color_grid] step    0 loss 1.000000 |p| 0.25070 eval 0.959239
    [color_grid] step   10 loss -0.051908 |p| 0.25493 eval -0.112926
    [color_grid] step   20 loss -0.412005 |p| 0.25757 eval -0.459380
    [color_grid] step   30 loss -0.582156 |p| 0.25930 eval -0.589135
    [color_grid] step   40 loss -0.645806 |p| 0.26051 eval -0.649685
    [color_grid] step   50 loss -0.680108 |p| 0.26106 eval -0.684194
    [color_grid] step   60 loss -0.714752 |p| 0.26147 eval -0.718198
    [color_grid] step   70 loss -0.734749 |p| 0.26197 eval -0.737680
    [color_grid] step   80 loss -0.755993 |p| 0.26243 eval -0.757501
    [color_grid] step   90 loss -0.772546 |p| 0.26273 eval -0.773865
    [color_grid] step  100 loss -0.788897 |p| 0.26309 eval -0.790257
    [color_grid] step  110 loss -0.801266 |p| 0.26351 eval -0.802164
    [color_grid] step  120 loss -0.810119 |p| 0.26405 eval -0.810422
    [color_grid] step  130 loss -0.817040 |p| 0.26458 eval -0.817401
    [color_grid] step  140 loss -0.823576 |p| 0.26505 eval -0.825811
    [color_grid] step  150 loss -0.832419 |p| 0.26552 eval -0.831136
    [color_grid] step  160 loss -0.837511 |p| 0.26602 eval -0.836933
    [color_grid] step  170 loss -0.843896 |p| 0.26657 eval -0.844159
    [color_grid] step  180 loss -0.850600 |p| 0.26716 eval -0.851459
    [color_grid] step  190 loss -0.859795 |p| 0.26784 eval -0.860621
    [color_grid] step  200 loss -0.860077 |p| 0.26845 eval -0.846128
    [color_grid] step  210 loss -0.871726 |p| 0.26894 eval -0.872233
    [color_grid] step  220 loss -0.883413 |p| 0.26945 eval -0.880227
    [color_grid] step  230 loss -0.889446 |p| 0.26994 eval -0.891527
    [color_grid] step  240 loss -0.889623 |p| 0.27037 eval -0.895074
    [color_grid] step  250 loss -0.900950 |p| 0.27068 eval -0.901603
    [color_grid] step  260 loss -0.905235 |p| 0.27098 eval -0.906874
    [color_grid] step  270 loss -0.911423 |p| 0.27129 eval -0.911846
    [color_grid] step  280 loss -0.912097 |p| 0.27152 eval -0.913271
    [color_grid] step  290 loss -0.911655 |p| 0.27175 eval -0.915528
    [color_grid] step  300 loss -0.916559 |p| 0.27194 eval -0.911275
    [color_grid] step  310 loss -0.921222 |p| 0.27216 eval -0.920311
    [color_grid] step  320 loss -0.918079 |p| 0.27240 eval -0.913788
    [color_grid] step  330 loss -0.921628 |p| 0.27263 eval -0.917852
    [color_grid] step  340 loss -0.922108 |p| 0.27289 eval -0.921625
    [color_grid] step  350 loss -0.927378 |p| 0.27323 eval -0.926616
    [color_grid] step  360 loss -0.930317 |p| 0.27355 eval -0.929596
    [color_grid] step  370 loss -0.927830 |p| 0.27394 eval -0.930912
    [color_grid] step  380 loss -0.918422 |p| 0.27434 eval -0.930766
    [color_grid] step  390 loss -0.930743 |p| 0.27463 eval -0.931476
    [color_grid] step  399 loss -0.936828 |p| 0.27496 eval -0.937765
  color_grid  whole:adam   r=2.00  cos=-0.9378 redetect=None stop=max_steps@400
  color_grid  whole:rand   r=0.02  cos=0.9958 redetect=0.98209 stop=no_params@0
  color_grid  whole:rand   r=0.05  cos=0.9811 redetect=0.94844 stop=no_params@0
  color_grid  whole:rand   r=0.10  cos=0.9475 redetect=0.92638 stop=no_params@0
  color_grid  whole:rand   r=0.20  cos=0.8554 redetect=0.83136 stop=no_params@0
  color_grid  whole:rand   r=0.30  cos=0.7702 redetect=0.7844 stop=no_params@0
  color_grid  whole:rand   r=0.60  cos=0.5232 redetect=0.48903 stop=no_params@0
  color_grid  whole:rand   r=1.20  cos=0.3660 redetect=0.14119 stop=no_params@0
  color_grid  whole:rand   r=2.00  cos=0.1729 redetect=None stop=no_params@0
    [color_curve] step    0 loss 1.000000 |p| 0.01562 eval 1.000000
    [color_curve] step   10 loss 1.000000 |p| 0.01562 eval 1.000000
    [color_curve] step   20 loss 1.000000 |p| 0.01562 eval 1.000000
    [color_curve] step   30 loss 1.000000 |p| 0.01562 eval 1.000000
    [color_curve] step   40 loss 1.000000 |p| 0.01562 eval 1.000000
    [color_curve] step   50 loss 1.000000 |p| 0.01562 eval 1.000000
    [color_curve] step   60 loss 1.000000 |p| 0.01562 eval 1.000000
    [color_curve] step   70 loss 1.000000 |p| 0.01562 eval 1.000000
    [color_curve] step   80 loss 1.000000 |p| 0.01562 eval 1.000000
    [color_curve] early stop at step 80（連續 8 次評估未改善 > 0.0001）
  color_curve whole:sign   r=0.02  cos=1.0000 redetect=1.0 stop=early_stop@81
    [color_curve] step    0 loss 1.000000 |p| 0.01562 eval 1.000000
    [color_curve] step   10 loss 1.000000 |p| 0.01562 eval 1.000000
    [color_curve] step   20 loss 1.000000 |p| 0.01562 eval 1.000000
    [color_curve] step   30 loss 1.000000 |p| 0.01562 eval 1.000000
    [color_curve] step   40 loss 1.000000 |p| 0.01562 eval 1.000000
    [color_curve] step   50 loss 1.000000 |p| 0.01562 eval 1.000000
    [color_curve] step   60 loss 1.000000 |p| 0.01562 eval 1.000000
    [color_curve] step   70 loss 1.000000 |p| 0.01562 eval 1.000000
    [color_curve] step   80 loss 1.000000 |p| 0.01562 eval 1.000000
    [color_curve] early stop at step 80（連續 8 次評估未改善 > 0.0001）
  color_curve whole:sign   r=0.05  cos=1.0000 redetect=1.0 stop=early_stop@81
    [color_curve] step    0 loss 1.000000 |p| 0.01562 eval 1.000000
    [color_curve] step   10 loss 1.000000 |p| 0.01562 eval 1.000000
    [color_curve] step   20 loss 1.000000 |p| 0.01562 eval 1.000000
    [color_curve] step   30 loss 1.000000 |p| 0.01562 eval 1.000000
    [color_curve] step   40 loss 1.000000 |p| 0.01562 eval 1.000000
    [color_curve] step   50 loss 1.000000 |p| 0.01562 eval 1.000000
    [color_curve] step   60 loss 1.000000 |p| 0.01562 eval 1.000000
    [color_curve] step   70 loss 1.000000 |p| 0.01562 eval 1.000000
    [color_curve] step   80 loss 1.000000 |p| 0.01562 eval 1.000000
    [color_curve] early stop at step 80（連續 8 次評估未改善 > 0.0001）
  color_curve whole:sign   r=0.10  cos=1.0000 redetect=1.0 stop=early_stop@81
    [color_curve] step    0 loss 1.000000 |p| 0.01562 eval 1.000000
    [color_curve] step   10 loss 1.000000 |p| 0.01562 eval 1.000000
    [color_curve] step   20 loss 1.000000 |p| 0.01562 eval 1.000000
    [color_curve] step   30 loss 1.000000 |p| 0.01562 eval 1.000000
    [color_curve] step   40 loss 1.000000 |p| 0.01562 eval 1.000000
    [color_curve] step   50 loss 1.000000 |p| 0.01562 eval 1.000000
    [color_curve] step   60 loss 1.000000 |p| 0.01562 eval 1.000000
    [color_curve] step   70 loss 1.000000 |p| 0.01562 eval 1.000000
    [color_curve] step   80 loss 1.000000 |p| 0.01562 eval 1.000000
    [color_curve] early stop at step 80（連續 8 次評估未改善 > 0.0001）
  color_curve whole:sign   r=0.20  cos=1.0000 redetect=1.0 stop=early_stop@81
    [color_curve] step    0 loss 1.000000 |p| 0.01562 eval 1.000000
    [color_curve] step   10 loss 1.000000 |p| 0.01562 eval 1.000000
    [color_curve] step   20 loss 1.000000 |p| 0.01562 eval 1.000000
    [color_curve] step   30 loss 1.000000 |p| 0.01562 eval 1.000000
    [color_curve] step   40 loss 1.000000 |p| 0.01562 eval 1.000000
    [color_curve] step   50 loss 1.000000 |p| 0.01562 eval 1.000000
    [color_curve] step   60 loss 1.000000 |p| 0.01562 eval 1.000000
    [color_curve] step   70 loss 1.000000 |p| 0.01562 eval 1.000000
    [color_curve] step   80 loss 1.000000 |p| 0.01562 eval 1.000000
    [color_curve] early stop at step 80（連續 8 次評估未改善 > 0.0001）
  color_curve whole:sign   r=0.30  cos=1.0000 redetect=1.0 stop=early_stop@81
    [color_curve] step    0 loss 1.000000 |p| 0.01562 eval 1.000000
    [color_curve] step   10 loss 1.000000 |p| 0.01562 eval 1.000000
    [color_curve] step   20 loss 1.000000 |p| 0.01562 eval 1.000000
    [color_curve] step   30 loss 1.000000 |p| 0.01562 eval 1.000000
    [color_curve] step   40 loss 1.000000 |p| 0.01562 eval 1.000000
    [color_curve] step   50 loss 1.000000 |p| 0.01562 eval 1.000000
    [color_curve] step   60 loss 1.000000 |p| 0.01562 eval 1.000000
    [color_curve] step   70 loss 1.000000 |p| 0.01562 eval 1.000000
    [color_curve] step   80 loss 1.000000 |p| 0.01562 eval 1.000000
    [color_curve] early stop at step 80（連續 8 次評估未改善 > 0.0001）
  color_curve whole:sign   r=0.60  cos=1.0000 redetect=1.0 stop=early_stop@81
    [color_curve] step    0 loss 1.000000 |p| 0.01562 eval 1.000000
    [color_curve] step   10 loss 1.000000 |p| 0.01562 eval 1.000000
    [color_curve] step   20 loss 1.000000 |p| 0.01562 eval 1.000000
    [color_curve] step   30 loss 1.000000 |p| 0.01562 eval 1.000000
    [color_curve] step   40 loss 1.000000 |p| 0.01562 eval 1.000000
    [color_curve] step   50 loss 1.000000 |p| 0.01562 eval 1.000000
    [color_curve] step   60 loss 1.000000 |p| 0.01562 eval 1.000000
    [color_curve] step   70 loss 1.000000 |p| 0.01562 eval 1.000000
    [color_curve] step   80 loss 1.000000 |p| 0.01562 eval 1.000000
    [color_curve] early stop at step 80（連續 8 次評估未改善 > 0.0001）
  color_curve whole:sign   r=1.20  cos=1.0000 redetect=1.0 stop=early_stop@81
    [color_curve] step    0 loss 1.000000 |p| 0.01562 eval 1.000000
    [color_curve] step   10 loss 1.000000 |p| 0.01562 eval 1.000000
    [color_curve] step   20 loss 1.000000 |p| 0.01562 eval 1.000000
    [color_curve] step   30 loss 1.000000 |p| 0.01562 eval 1.000000
    [color_curve] step   40 loss 1.000000 |p| 0.01562 eval 1.000000
    [color_curve] step   50 loss 1.000000 |p| 0.01562 eval 1.000000
    [color_curve] step   60 loss 1.000000 |p| 0.01562 eval 1.000000
    [color_curve] step   70 loss 1.000000 |p| 0.01562 eval 1.000000
    [color_curve] step   80 loss 1.000000 |p| 0.01562 eval 1.000000
    [color_curve] early stop at step 80（連續 8 次評估未改善 > 0.0001）
  color_curve whole:sign   r=2.00  cos=1.0000 redetect=1.0 stop=early_stop@81
    [color_curve] step    0 loss 1.000000 |p| 0.01562 eval 1.000000
    [color_curve] step   10 loss 1.000000 |p| 0.01562 eval 1.000000
    [color_curve] step   20 loss 1.000000 |p| 0.01562 eval 1.000000
    [color_curve] step   30 loss 1.000000 |p| 0.01562 eval 1.000000
    [color_curve] step   40 loss 1.000000 |p| 0.01562 eval 1.000000
    [color_curve] step   50 loss 1.000000 |p| 0.01562 eval 1.000000
    [color_curve] step   60 loss 1.000000 |p| 0.01562 eval 1.000000
    [color_curve] step   70 loss 1.000000 |p| 0.01562 eval 1.000000
    [color_curve] step   80 loss 1.000000 |p| 0.01562 eval 1.000000
    [color_curve] early stop at step 80（連續 8 次評估未改善 > 0.0001）
  color_curve whole:adam   r=0.02  cos=1.0000 redetect=1.0 stop=early_stop@81
    [color_curve] step    0 loss 1.000000 |p| 0.01562 eval 1.000000
    [color_curve] step   10 loss 1.000000 |p| 0.01562 eval 1.000000
    [color_curve] step   20 loss 1.000000 |p| 0.01562 eval 1.000000
    [color_curve] step   30 loss 1.000000 |p| 0.01562 eval 1.000000
    [color_curve] step   40 loss 1.000000 |p| 0.01562 eval 1.000000
    [color_curve] step   50 loss 1.000000 |p| 0.01562 eval 1.000000
    [color_curve] step   60 loss 1.000000 |p| 0.01562 eval 1.000000
    [color_curve] step   70 loss 1.000000 |p| 0.01562 eval 1.000000
    [color_curve] step   80 loss 1.000000 |p| 0.01562 eval 1.000000
    [color_curve] early stop at step 80（連續 8 次評估未改善 > 0.0001）
  color_curve whole:adam   r=0.05  cos=1.0000 redetect=1.0 stop=early_stop@81
    [color_curve] step    0 loss 1.000000 |p| 0.01562 eval 1.000000
    [color_curve] step   10 loss 1.000000 |p| 0.01562 eval 1.000000
    [color_curve] step   20 loss 1.000000 |p| 0.01562 eval 1.000000
    [color_curve] step   30 loss 1.000000 |p| 0.01562 eval 1.000000
    [color_curve] step   40 loss 1.000000 |p| 0.01562 eval 1.000000
    [color_curve] step   50 loss 1.000000 |p| 0.01562 eval 1.000000
    [color_curve] step   60 loss 1.000000 |p| 0.01562 eval 1.000000
    [color_curve] step   70 loss 1.000000 |p| 0.01562 eval 1.000000
    [color_curve] step   80 loss 1.000000 |p| 0.01562 eval 1.000000
    [color_curve] early stop at step 80（連續 8 次評估未改善 > 0.0001）
  color_curve whole:adam   r=0.10  cos=1.0000 redetect=1.0 stop=early_stop@81
    [color_curve] step    0 loss 1.000000 |p| 0.01562 eval 1.000000
    [color_curve] step   10 loss 1.000000 |p| 0.01562 eval 1.000000
    [color_curve] step   20 loss 1.000000 |p| 0.01562 eval 1.000000
    [color_curve] step   30 loss 1.000000 |p| 0.01562 eval 1.000000
    [color_curve] step   40 loss 1.000000 |p| 0.01562 eval 1.000000
    [color_curve] step   50 loss 1.000000 |p| 0.01562 eval 1.000000
    [color_curve] step   60 loss 1.000000 |p| 0.01562 eval 1.000000
    [color_curve] step   70 loss 1.000000 |p| 0.01562 eval 1.000000
    [color_curve] step   80 loss 1.000000 |p| 0.01562 eval 1.000000
    [color_curve] early stop at step 80（連續 8 次評估未改善 > 0.0001）
  color_curve whole:adam   r=0.20  cos=1.0000 redetect=1.0 stop=early_stop@81
    [color_curve] step    0 loss 1.000000 |p| 0.01562 eval 1.000000
    [color_curve] step   10 loss 1.000000 |p| 0.01562 eval 1.000000
    [color_curve] step   20 loss 1.000000 |p| 0.01562 eval 1.000000
    [color_curve] step   30 loss 1.000000 |p| 0.01562 eval 1.000000
    [color_curve] step   40 loss 1.000000 |p| 0.01562 eval 1.000000
    [color_curve] step   50 loss 1.000000 |p| 0.01562 eval 1.000000
    [color_curve] step   60 loss 1.000000 |p| 0.01562 eval 1.000000
    [color_curve] step   70 loss 1.000000 |p| 0.01562 eval 1.000000
    [color_curve] step   80 loss 1.000000 |p| 0.01562 eval 1.000000
    [color_curve] early stop at step 80（連續 8 次評估未改善 > 0.0001）
  color_curve whole:adam   r=0.30  cos=1.0000 redetect=1.0 stop=early_stop@81
    [color_curve] step    0 loss 1.000000 |p| 0.01562 eval 1.000000
    [color_curve] step   10 loss 1.000000 |p| 0.01562 eval 1.000000
    [color_curve] step   20 loss 1.000000 |p| 0.01562 eval 1.000000
    [color_curve] step   30 loss 1.000000 |p| 0.01562 eval 1.000000
    [color_curve] step   40 loss 1.000000 |p| 0.01562 eval 1.000000
    [color_curve] step   50 loss 1.000000 |p| 0.01562 eval 1.000000
    [color_curve] step   60 loss 1.000000 |p| 0.01562 eval 1.000000
    [color_curve] step   70 loss 1.000000 |p| 0.01562 eval 1.000000
    [color_curve] step   80 loss 1.000000 |p| 0.01562 eval 1.000000
    [color_curve] early stop at step 80（連續 8 次評估未改善 > 0.0001）
  color_curve whole:adam   r=0.60  cos=1.0000 redetect=1.0 stop=early_stop@81
    [color_curve] step    0 loss 1.000000 |p| 0.01562 eval 1.000000
    [color_curve] step   10 loss 1.000000 |p| 0.01562 eval 1.000000
    [color_curve] step   20 loss 1.000000 |p| 0.01562 eval 1.000000
    [color_curve] step   30 loss 1.000000 |p| 0.01562 eval 1.000000
    [color_curve] step   40 loss 1.000000 |p| 0.01562 eval 1.000000
    [color_curve] step   50 loss 1.000000 |p| 0.01562 eval 1.000000
    [color_curve] step   60 loss 1.000000 |p| 0.01562 eval 1.000000
    [color_curve] step   70 loss 1.000000 |p| 0.01562 eval 1.000000
    [color_curve] step   80 loss 1.000000 |p| 0.01562 eval 1.000000
    [color_curve] early stop at step 80（連續 8 次評估未改善 > 0.0001）
  color_curve whole:adam   r=1.20  cos=1.0000 redetect=1.0 stop=early_stop@81
    [color_curve] step    0 loss 1.000000 |p| 0.01562 eval 1.000000
    [color_curve] step   10 loss 1.000000 |p| 0.01562 eval 1.000000
    [color_curve] step   20 loss 1.000000 |p| 0.01562 eval 1.000000
    [color_curve] step   30 loss 1.000000 |p| 0.01562 eval 1.000000
    [color_curve] step   40 loss 1.000000 |p| 0.01562 eval 1.000000
    [color_curve] step   50 loss 1.000000 |p| 0.01562 eval 1.000000
    [color_curve] step   60 loss 1.000000 |p| 0.01562 eval 1.000000
    [color_curve] step   70 loss 1.000000 |p| 0.01562 eval 1.000000
    [color_curve] step   80 loss 1.000000 |p| 0.01562 eval 1.000000
    [color_curve] early stop at step 80（連續 8 次評估未改善 > 0.0001）
  color_curve whole:adam   r=2.00  cos=1.0000 redetect=1.0 stop=early_stop@81
  color_curve whole:rand   r=0.02  cos=1.0000 redetect=0.98213 stop=no_params@0
  color_curve whole:rand   r=0.05  cos=0.9999 redetect=0.98249 stop=no_params@0
  color_curve whole:rand   r=0.10  cos=0.9997 redetect=0.97609 stop=no_params@0
  color_curve whole:rand   r=0.20  cos=0.9988 redetect=0.98708 stop=no_params@0
  color_curve whole:rand   r=0.30  cos=0.9977 redetect=0.97652 stop=no_params@0
  color_curve whole:rand   r=0.60  cos=0.9932 redetect=0.97729 stop=no_params@0
  color_curve whole:rand   r=1.20  cos=0.9860 redetect=0.96986 stop=no_params@0
  color_curve whole:rand   r=2.00  cos=0.9808 redetect=0.96784 stop=no_params@0
[task_attr_mod_color_6205] box=(282, 115, 366, 197) verify_cos=0.99994
    [color_grid] step    0 loss 1.000000 |p| 0.25001 eval 0.999955
    [color_grid] step   10 loss 0.995295 |p| 0.25009 eval 0.994275
    [color_grid] step   20 loss 0.980388 |p| 0.25017 eval 0.978249
    [color_grid] step   30 loss 0.955529 |p| 0.25025 eval 0.952572
    [color_grid] step   40 loss 0.923812 |p| 0.25032 eval 0.920285
    [color_grid] step   50 loss 0.886184 |p| 0.25040 eval 0.882278
    [color_grid] step   60 loss 0.839310 |p| 0.25047 eval 0.834104
    [color_grid] step   70 loss 0.792982 |p| 0.25054 eval 0.788904
    [color_grid] step   80 loss 0.749625 |p| 0.25060 eval 0.745357
    [color_grid] step   90 loss 0.711164 |p| 0.25067 eval 0.706714
    [color_grid] step  100 loss 0.669444 |p| 0.25072 eval 0.668378
    [color_grid] step  110 loss 0.661235 |p| 0.25073 eval 0.660284
    [color_grid] step  120 loss 0.653894 |p| 0.25074 eval 0.653135
    [color_grid] step  130 loss 0.647052 |p| 0.25074 eval 0.646431
    [color_grid] step  140 loss 0.641109 |p| 0.25075 eval 0.640666
    [color_grid] step  150 loss 0.636278 |p| 0.25076 eval 0.636029
    [color_grid] step  160 loss 0.632990 |p| 0.25077 eval 0.632469
    [color_grid] step  170 loss 0.629319 |p| 0.25078 eval 0.629100
    [color_grid] step  180 loss 0.627252 |p| 0.25078 eval 0.627022
    [color_grid] step  190 loss 0.625529 |p| 0.25079 eval 0.625291
    [color_grid] step  200 loss 0.624050 |p| 0.25079 eval 0.623914
    [color_grid] step  210 loss 0.622558 |p| 0.25080 eval 0.622397
    [color_grid] step  220 loss 0.621154 |p| 0.25081 eval 0.621002
    [color_grid] step  230 loss 0.620256 |p| 0.25081 eval 0.620141
    [color_grid] step  240 loss 0.619347 |p| 0.25082 eval 0.619226
    [color_grid] step  250 loss 0.618599 |p| 0.25082 eval 0.618632
    [color_grid] step  260 loss 0.618324 |p| 0.25082 eval 0.618018
    [color_grid] step  270 loss 0.617426 |p| 0.25083 eval 0.617342
    [color_grid] step  280 loss 0.616665 |p| 0.25083 eval 0.616450
    [color_grid] step  290 loss 0.616102 |p| 0.25083 eval 0.616031
    [color_grid] step  300 loss 0.615705 |p| 0.25083 eval 0.615692
    [color_grid] step  310 loss 0.615328 |p| 0.25084 eval 0.615463
    [color_grid] step  320 loss 0.615224 |p| 0.25084 eval 0.615185
    [color_grid] step  330 loss 0.615014 |p| 0.25084 eval 0.614828
    [color_grid] step  340 loss 0.614691 |p| 0.25084 eval 0.614659
    [color_grid] step  350 loss 0.614726 |p| 0.25084 eval 0.614630
    [color_grid] step  360 loss 0.614708 |p| 0.25084 eval 0.614606
    [color_grid] step  370 loss 0.614641 |p| 0.25085 eval 0.614652
    [color_grid] step  380 loss 0.614606 |p| 0.25085 eval 0.614482
    [color_grid] step  390 loss 0.614477 |p| 0.25085 eval 0.614403
    [color_grid] step  399 loss 0.614397 |p| 0.25085 eval 0.614455
  color_grid  whole:sign   r=0.02  cos=0.6145 redetect=None stop=max_steps@400
    [color_grid] step    0 loss 1.000000 |p| 0.25002 eval 0.999714
    [color_grid] step   10 loss 0.969238 |p| 0.25022 eval 0.962737
    [color_grid] step   20 loss 0.886391 |p| 0.25041 eval 0.875557
    [color_grid] step   30 loss 0.770563 |p| 0.25058 eval 0.759662
    [color_grid] step   40 loss 0.667354 |p| 0.25073 eval 0.657024
    [color_grid] step   50 loss 0.589484 |p| 0.25086 eval 0.583202
    [color_grid] step   60 loss 0.529499 |p| 0.25098 eval 0.524376
    [color_grid] step   70 loss 0.482703 |p| 0.25110 eval 0.477904
    [color_grid] step   80 loss 0.421833 |p| 0.25121 eval 0.414005
    [color_grid] step   90 loss 0.344307 |p| 0.25131 eval 0.336252
    [color_grid] step  100 loss 0.281814 |p| 0.25140 eval 0.278102
    [color_grid] step  110 loss 0.248223 |p| 0.25143 eval 0.245558
    [color_grid] step  120 loss 0.224866 |p| 0.25146 eval 0.222990
    [color_grid] step  130 loss 0.206992 |p| 0.25149 eval 0.205612
    [color_grid] step  140 loss 0.192757 |p| 0.25153 eval 0.191417
    [color_grid] step  150 loss 0.180160 |p| 0.25156 eval 0.179005
    [color_grid] step  160 loss 0.169006 |p| 0.25160 eval 0.167725
    [color_grid] step  170 loss 0.157532 |p| 0.25164 eval 0.156366
    [color_grid] step  180 loss 0.147001 |p| 0.25168 eval 0.145976
    [color_grid] step  190 loss 0.138558 |p| 0.25171 eval 0.137648
    [color_grid] step  200 loss 0.131078 |p| 0.25174 eval 0.130392
    [color_grid] step  210 loss 0.125057 |p| 0.25176 eval 0.124777
    [color_grid] step  220 loss 0.120459 |p| 0.25178 eval 0.120205
    [color_grid] step  230 loss 0.116529 |p| 0.25179 eval 0.116250
    [color_grid] step  240 loss 0.112457 |p| 0.25180 eval 0.112225
    [color_grid] step  250 loss 0.109372 |p| 0.25181 eval 0.109206
    [color_grid] step  260 loss 0.107105 |p| 0.25182 eval 0.106834
    [color_grid] step  270 loss 0.105073 |p| 0.25184 eval 0.104982
    [color_grid] step  280 loss 0.103506 |p| 0.25185 eval 0.103246
    [color_grid] step  290 loss 0.102000 |p| 0.25187 eval 0.101701
    [color_grid] step  300 loss 0.100381 |p| 0.25189 eval 0.100435
    [color_grid] step  310 loss 0.099114 |p| 0.25190 eval 0.098942
    [color_grid] step  320 loss 0.097932 |p| 0.25192 eval 0.097768
    [color_grid] step  330 loss 0.096755 |p| 0.25194 eval 0.096587
    [color_grid] step  340 loss 0.095807 |p| 0.25195 eval 0.095609
    [color_grid] step  350 loss 0.094713 |p| 0.25197 eval 0.094798
    [color_grid] step  360 loss 0.094378 |p| 0.25197 eval 0.094226
    [color_grid] step  370 loss 0.093849 |p| 0.25198 eval 0.093657
    [color_grid] step  380 loss 0.093373 |p| 0.25199 eval 0.093303
    [color_grid] step  390 loss 0.093061 |p| 0.25200 eval 0.093001
    [color_grid] step  399 loss 0.092602 |p| 0.25200 eval 0.092771
  color_grid  whole:sign   r=0.05  cos=0.0928 redetect=None stop=max_steps@400
    [color_grid] step    0 loss 1.000000 |p| 0.25004 eval 0.998953
    [color_grid] step   10 loss 0.886527 |p| 0.25043 eval 0.865235
    [color_grid] step   20 loss 0.673894 |p| 0.25075 eval 0.653369
    [color_grid] step   30 loss 0.537212 |p| 0.25099 eval 0.526491
    [color_grid] step   40 loss 0.439247 |p| 0.25122 eval 0.425067
    [color_grid] step   50 loss 0.293014 |p| 0.25142 eval 0.282495
    [color_grid] step   60 loss 0.204461 |p| 0.25161 eval 0.197429
    [color_grid] step   70 loss 0.145045 |p| 0.25179 eval 0.138948
    [color_grid] step   80 loss 0.076599 |p| 0.25197 eval 0.069910
    [color_grid] step   90 loss 0.014676 |p| 0.25217 eval 0.010428
    [color_grid] step  100 loss -0.033191 |p| 0.25236 eval -0.037980
    [color_grid] step  110 loss -0.074608 |p| 0.25251 eval -0.077928
    [color_grid] step  120 loss -0.109426 |p| 0.25263 eval -0.113044
    [color_grid] step  130 loss -0.139105 |p| 0.25273 eval -0.141482
    [color_grid] step  140 loss -0.160268 |p| 0.25282 eval -0.161810
    [color_grid] step  150 loss -0.180199 |p| 0.25289 eval -0.181697
    [color_grid] step  160 loss -0.195921 |p| 0.25295 eval -0.198078
    [color_grid] step  170 loss -0.213874 |p| 0.25301 eval -0.215072
    [color_grid] step  180 loss -0.227337 |p| 0.25306 eval -0.228878
    [color_grid] step  190 loss -0.237914 |p| 0.25310 eval -0.239043
    [color_grid] step  200 loss -0.249434 |p| 0.25314 eval -0.250181
    [color_grid] step  210 loss -0.261716 |p| 0.25317 eval -0.262288
    [color_grid] step  220 loss -0.274527 |p| 0.25320 eval -0.275073
    [color_grid] step  230 loss -0.287711 |p| 0.25321 eval -0.288347
    [color_grid] step  240 loss -0.298800 |p| 0.25322 eval -0.299372
    [color_grid] step  250 loss -0.307474 |p| 0.25324 eval -0.307886
    [color_grid] step  260 loss -0.314621 |p| 0.25326 eval -0.314986
    [color_grid] step  270 loss -0.319880 |p| 0.25328 eval -0.320643
    [color_grid] step  280 loss -0.324236 |p| 0.25329 eval -0.325084
    [color_grid] step  290 loss -0.327845 |p| 0.25331 eval -0.327770
    [color_grid] step  300 loss -0.330537 |p| 0.25331 eval -0.330924
    [color_grid] step  310 loss -0.332792 |p| 0.25333 eval -0.332740
    [color_grid] step  320 loss -0.334181 |p| 0.25333 eval -0.334751
    [color_grid] step  330 loss -0.335960 |p| 0.25335 eval -0.336084
    [color_grid] step  340 loss -0.337600 |p| 0.25336 eval -0.337572
    [color_grid] step  350 loss -0.338799 |p| 0.25338 eval -0.338831
    [color_grid] step  360 loss -0.339727 |p| 0.25339 eval -0.339892
    [color_grid] step  370 loss -0.340854 |p| 0.25341 eval -0.340719
    [color_grid] step  380 loss -0.341695 |p| 0.25341 eval -0.341588
    [color_grid] step  390 loss -0.343062 |p| 0.25341 eval -0.342423
    [color_grid] step  399 loss -0.343389 |p| 0.25342 eval -0.343885
  color_grid  whole:sign   r=0.10  cos=-0.3439 redetect=None stop=max_steps@400
    [color_grid] step    0 loss 1.000000 |p| 0.25009 eval 0.995759
    [color_grid] step   10 loss 0.678633 |p| 0.25077 eval 0.642343
    [color_grid] step   20 loss 0.416777 |p| 0.25122 eval 0.387931
    [color_grid] step   30 loss 0.192930 |p| 0.25161 eval 0.177096
    [color_grid] step   40 loss 0.062886 |p| 0.25195 eval 0.053916
    [color_grid] step   50 loss -0.020811 |p| 0.25231 eval -0.028623
    [color_grid] step   60 loss -0.109414 |p| 0.25267 eval -0.118792
    [color_grid] step   70 loss -0.186647 |p| 0.25302 eval -0.195858
    [color_grid] step   80 loss -0.267535 |p| 0.25330 eval -0.274435
    [color_grid] step   90 loss -0.331662 |p| 0.25350 eval -0.336378
    [color_grid] step  100 loss -0.401046 |p| 0.25366 eval -0.406987
    [color_grid] step  110 loss -0.431812 |p| 0.25377 eval -0.434009
    [color_grid] step  120 loss -0.448107 |p| 0.25389 eval -0.449004
    [color_grid] step  130 loss -0.461801 |p| 0.25401 eval -0.462072
    [color_grid] step  140 loss -0.472756 |p| 0.25412 eval -0.473611
    [color_grid] step  150 loss -0.481570 |p| 0.25420 eval -0.482761
    [color_grid] step  160 loss -0.490156 |p| 0.25430 eval -0.490715
    [color_grid] step  170 loss -0.498098 |p| 0.25439 eval -0.499604
    [color_grid] step  180 loss -0.507460 |p| 0.25447 eval -0.507668
    [color_grid] step  190 loss -0.515772 |p| 0.25456 eval -0.513357
    [color_grid] step  200 loss -0.526413 |p| 0.25464 eval -0.523745
    [color_grid] step  210 loss -0.535149 |p| 0.25469 eval -0.532350
    [color_grid] step  220 loss -0.539672 |p| 0.25473 eval -0.536972
    [color_grid] step  230 loss -0.542246 |p| 0.25477 eval -0.540828
    [color_grid] step  240 loss -0.544755 |p| 0.25481 eval -0.543473
    [color_grid] step  250 loss -0.546118 |p| 0.25485 eval -0.544555
    [color_grid] step  260 loss -0.547621 |p| 0.25488 eval -0.545925
    [color_grid] step  270 loss -0.549277 |p| 0.25491 eval -0.546661
    [color_grid] step  280 loss -0.550690 |p| 0.25494 eval -0.547590
    [color_grid] step  290 loss -0.552180 |p| 0.25497 eval -0.549425
    [color_grid] step  300 loss -0.553866 |p| 0.25500 eval -0.551023
    [color_grid] step  310 loss -0.555021 |p| 0.25503 eval -0.552208
    [color_grid] step  320 loss -0.556257 |p| 0.25505 eval -0.553276
    [color_grid] step  330 loss -0.557269 |p| 0.25507 eval -0.554544
    [color_grid] step  340 loss -0.558174 |p| 0.25509 eval -0.555372
    [color_grid] step  350 loss -0.558792 |p| 0.25511 eval -0.556099
    [color_grid] step  360 loss -0.559247 |p| 0.25513 eval -0.556567
    [color_grid] step  370 loss -0.559921 |p| 0.25516 eval -0.557090
    [color_grid] step  380 loss -0.560057 |p| 0.25518 eval -0.557549
    [color_grid] step  390 loss -0.560660 |p| 0.25520 eval -0.557796
    [color_grid] step  399 loss -0.558029 |p| 0.25522 eval -0.560925
  color_grid  whole:sign   r=0.20  cos=-0.5609 redetect=None stop=max_steps@400
    [color_grid] step    0 loss 1.000000 |p| 0.25013 eval 0.990204
    [color_grid] step   10 loss 0.540566 |p| 0.25104 eval 0.506721
    [color_grid] step   20 loss 0.211834 |p| 0.25167 eval 0.191660
    [color_grid] step   30 loss 0.023563 |p| 0.25220 eval 0.008813
    [color_grid] step   40 loss -0.099834 |p| 0.25265 eval -0.112178
    [color_grid] step   50 loss -0.203292 |p| 0.25310 eval -0.215004
    [color_grid] step   60 loss -0.292194 |p| 0.25350 eval -0.306269
    [color_grid] step   70 loss -0.366498 |p| 0.25380 eval -0.373908
    [color_grid] step   80 loss -0.420752 |p| 0.25409 eval -0.426357
    [color_grid] step   90 loss -0.464848 |p| 0.25440 eval -0.468271
    [color_grid] step  100 loss -0.501184 |p| 0.25469 eval -0.507816
    [color_grid] step  110 loss -0.539675 |p| 0.25488 eval -0.545437
    [color_grid] step  120 loss -0.562725 |p| 0.25502 eval -0.568955
    [color_grid] step  130 loss -0.581280 |p| 0.25518 eval -0.585053
    [color_grid] step  140 loss -0.596835 |p| 0.25534 eval -0.594273
    [color_grid] step  150 loss -0.606202 |p| 0.25549 eval -0.604045
    [color_grid] step  160 loss -0.612543 |p| 0.25561 eval -0.611132
    [color_grid] step  170 loss -0.618660 |p| 0.25574 eval -0.615797
    [color_grid] step  180 loss -0.622622 |p| 0.25583 eval -0.622238
    [color_grid] step  190 loss -0.627832 |p| 0.25592 eval -0.627594
    [color_grid] step  200 loss -0.634383 |p| 0.25599 eval -0.636084
    [color_grid] step  210 loss -0.640776 |p| 0.25609 eval -0.643605
    [color_grid] step  220 loss -0.645422 |p| 0.25614 eval -0.647225
    [color_grid] step  230 loss -0.648145 |p| 0.25616 eval -0.650110
    [color_grid] step  240 loss -0.650657 |p| 0.25619 eval -0.651242
    [color_grid] step  250 loss -0.652136 |p| 0.25623 eval -0.654627
    [color_grid] step  260 loss -0.653591 |p| 0.25626 eval -0.657354
    [color_grid] step  270 loss -0.654789 |p| 0.25629 eval -0.659397
    [color_grid] step  280 loss -0.656946 |p| 0.25633 eval -0.661030
    [color_grid] step  290 loss -0.659892 |p| 0.25634 eval -0.663105
    [color_grid] step  300 loss -0.662054 |p| 0.25635 eval -0.664742
    [color_grid] step  310 loss -0.662661 |p| 0.25636 eval -0.666455
    [color_grid] step  320 loss -0.663892 |p| 0.25635 eval -0.666587
    [color_grid] step  330 loss -0.665901 |p| 0.25636 eval -0.666976
    [color_grid] step  340 loss -0.666587 |p| 0.25638 eval -0.667624
    [color_grid] step  350 loss -0.667735 |p| 0.25640 eval -0.668396
    [color_grid] step  360 loss -0.667974 |p| 0.25643 eval -0.669128
    [color_grid] step  370 loss -0.667940 |p| 0.25646 eval -0.671042
    [color_grid] step  380 loss -0.669444 |p| 0.25648 eval -0.673401
    [color_grid] step  390 loss -0.670445 |p| 0.25650 eval -0.671819
    [color_grid] step  399 loss -0.672162 |p| 0.25654 eval -0.671018
  color_grid  whole:sign   r=0.30  cos=-0.6710 redetect=None stop=max_steps@400
    [color_grid] step    0 loss 1.000000 |p| 0.25026 eval 0.960866
    [color_grid] step   10 loss 0.225354 |p| 0.25166 eval 0.195868
    [color_grid] step   20 loss -0.056651 |p| 0.25263 eval -0.066909
    [color_grid] step   30 loss -0.218117 |p| 0.25338 eval -0.218907
    [color_grid] step   40 loss -0.301792 |p| 0.25387 eval -0.295566
    [color_grid] step   50 loss -0.403727 |p| 0.25440 eval -0.410038
    [color_grid] step   60 loss -0.481176 |p| 0.25488 eval -0.475752
    [color_grid] step   70 loss -0.519242 |p| 0.25521 eval -0.513103
    [color_grid] step   80 loss -0.554662 |p| 0.25564 eval -0.551552
    [color_grid] step   90 loss -0.592238 |p| 0.25601 eval -0.589170
    [color_grid] step  100 loss -0.602816 |p| 0.25629 eval -0.604943
    [color_grid] step  110 loss -0.621243 |p| 0.25659 eval -0.619080
    [color_grid] step  120 loss -0.637244 |p| 0.25682 eval -0.636419
    [color_grid] step  130 loss -0.655135 |p| 0.25700 eval -0.646247
    [color_grid] step  140 loss -0.668349 |p| 0.25719 eval -0.657883
    [color_grid] step  150 loss -0.680717 |p| 0.25738 eval -0.672794
    [color_grid] step  160 loss -0.694503 |p| 0.25758 eval -0.696261
    [color_grid] step  170 loss -0.715913 |p| 0.25780 eval -0.704576
    [color_grid] step  180 loss -0.728471 |p| 0.25802 eval -0.719416
    [color_grid] step  190 loss -0.738319 |p| 0.25822 eval -0.729982
    [color_grid] step  200 loss -0.743039 |p| 0.25841 eval -0.737275
    [color_grid] step  210 loss -0.745406 |p| 0.25859 eval -0.746818
    [color_grid] step  220 loss -0.752257 |p| 0.25875 eval -0.750882
    [color_grid] step  230 loss -0.756553 |p| 0.25889 eval -0.754399
    [color_grid] step  240 loss -0.760208 |p| 0.25909 eval -0.761435
    [color_grid] step  250 loss -0.770937 |p| 0.25921 eval -0.765970
    [color_grid] step  260 loss -0.779812 |p| 0.25939 eval -0.773827
    [color_grid] step  270 loss -0.781887 |p| 0.25957 eval -0.783141
    [color_grid] step  280 loss -0.789251 |p| 0.25973 eval -0.789385
    [color_grid] step  290 loss -0.793806 |p| 0.25988 eval -0.797195
    [color_grid] step  300 loss -0.792789 |p| 0.26001 eval -0.802368
    [color_grid] step  310 loss -0.801448 |p| 0.26014 eval -0.806876
    [color_grid] step  320 loss -0.804916 |p| 0.26022 eval -0.809586
    [color_grid] step  330 loss -0.806309 |p| 0.26026 eval -0.811767
    [color_grid] step  340 loss -0.807244 |p| 0.26030 eval -0.814823
    [color_grid] step  350 loss -0.810302 |p| 0.26037 eval -0.821061
    [color_grid] step  360 loss -0.817352 |p| 0.26041 eval -0.818909
    [color_grid] step  370 loss -0.821156 |p| 0.26044 eval -0.818259
    [color_grid] step  380 loss -0.823073 |p| 0.26046 eval -0.813160
    [color_grid] step  390 loss -0.825008 |p| 0.26047 eval -0.819701
    [color_grid] step  399 loss -0.824268 |p| 0.26048 eval -0.827985
  color_grid  whole:sign   r=0.60  cos=-0.8280 redetect=None stop=max_steps@400
    [color_grid] step    0 loss 1.000000 |p| 0.25053 eval 0.860287
    [color_grid] step   10 loss -0.014380 |p| 0.25275 eval -0.045864
    [color_grid] step   20 loss -0.339085 |p| 0.25424 eval -0.373461
    [color_grid] step   30 loss -0.500169 |p| 0.25517 eval -0.503475
    [color_grid] step   40 loss -0.568403 |p| 0.25608 eval -0.554736
    [color_grid] step   50 loss -0.608136 |p| 0.25689 eval -0.592292
    [color_grid] step   60 loss -0.641510 |p| 0.25766 eval -0.651465
    [color_grid] step   70 loss -0.672440 |p| 0.25833 eval -0.678490
    [color_grid] step   80 loss -0.700686 |p| 0.25896 eval -0.698737
    [color_grid] step   90 loss -0.723332 |p| 0.25968 eval -0.720482
    [color_grid] step  100 loss -0.742528 |p| 0.26033 eval -0.733645
    [color_grid] step  110 loss -0.749962 |p| 0.26095 eval -0.745131
    [color_grid] step  120 loss -0.762481 |p| 0.26151 eval -0.759267
    [color_grid] step  130 loss -0.788738 |p| 0.26211 eval -0.770359
    [color_grid] step  140 loss -0.772191 |p| 0.26248 eval -0.788299
    [color_grid] step  150 loss -0.781028 |p| 0.26287 eval -0.796951
    [color_grid] step  160 loss -0.799519 |p| 0.26325 eval -0.806806
    [color_grid] step  170 loss -0.805694 |p| 0.26356 eval -0.810849
    [color_grid] step  180 loss -0.832508 |p| 0.26392 eval -0.820957
    [color_grid] step  190 loss -0.843588 |p| 0.26428 eval -0.831954
    [color_grid] step  200 loss -0.861248 |p| 0.26445 eval -0.859964
    [color_grid] step  210 loss -0.871688 |p| 0.26456 eval -0.860844
    [color_grid] step  220 loss -0.882598 |p| 0.26469 eval -0.851084
    [color_grid] step  230 loss -0.891136 |p| 0.26481 eval -0.853339
    [color_grid] step  240 loss -0.902586 |p| 0.26495 eval -0.863280
    [color_grid] step  250 loss -0.911003 |p| 0.26515 eval -0.877554
    [color_grid] step  260 loss -0.900338 |p| 0.26529 eval -0.895642
    [color_grid] step  270 loss -0.905596 |p| 0.26560 eval -0.882901
    [color_grid] step  280 loss -0.912916 |p| 0.26593 eval -0.895759
    [color_grid] step  290 loss -0.912315 |p| 0.26612 eval -0.909357
    [color_grid] step  300 loss -0.913929 |p| 0.26629 eval -0.902804
    [color_grid] step  310 loss -0.931783 |p| 0.26657 eval -0.907357
    [color_grid] step  320 loss -0.938353 |p| 0.26674 eval -0.907353
    [color_grid] step  330 loss -0.933905 |p| 0.26690 eval -0.909186
    [color_grid] step  340 loss -0.933553 |p| 0.26696 eval -0.910690
    [color_grid] step  350 loss -0.914316 |p| 0.26707 eval -0.922923
    [color_grid] step  360 loss -0.931894 |p| 0.26721 eval -0.927006
    [color_grid] step  370 loss -0.924325 |p| 0.26729 eval -0.935479
    [color_grid] step  380 loss -0.927010 |p| 0.26741 eval -0.939203
    [color_grid] step  390 loss -0.924427 |p| 0.26762 eval -0.928243
    [color_grid] step  399 loss -0.931467 |p| 0.26763 eval -0.935847
  color_grid  whole:sign   r=1.20  cos=-0.9358 redetect=None stop=max_steps@400
    [color_grid] step    0 loss 1.000000 |p| 0.25088 eval 0.692335
    [color_grid] step   10 loss -0.063753 |p| 0.25381 eval -0.142601
    [color_grid] step   20 loss -0.411037 |p| 0.25569 eval -0.371629
    [color_grid] step   30 loss -0.545327 |p| 0.25713 eval -0.525438
    [color_grid] step   40 loss -0.604622 |p| 0.25837 eval -0.610997
    [color_grid] step   50 loss -0.645938 |p| 0.25932 eval -0.662215
    [color_grid] step   60 loss -0.691841 |p| 0.26026 eval -0.696695
    [color_grid] step   70 loss -0.732860 |p| 0.26123 eval -0.728218
    [color_grid] step   80 loss -0.752814 |p| 0.26181 eval -0.749750
    [color_grid] step   90 loss -0.774134 |p| 0.26271 eval -0.776523
    [color_grid] step  100 loss -0.800095 |p| 0.26349 eval -0.787839
    [color_grid] step  110 loss -0.803692 |p| 0.26421 eval -0.794484
    [color_grid] step  120 loss -0.817224 |p| 0.26476 eval -0.805026
    [color_grid] step  130 loss -0.823667 |p| 0.26525 eval -0.802532
    [color_grid] step  140 loss -0.834768 |p| 0.26548 eval -0.814331
    [color_grid] step  150 loss -0.807646 |p| 0.26580 eval -0.810779
    [color_grid] step  160 loss -0.826145 |p| 0.26624 eval -0.819361
    [color_grid] step  170 loss -0.857788 |p| 0.26654 eval -0.827863
    [color_grid] step  180 loss -0.833049 |p| 0.26695 eval -0.861840
    [color_grid] step  190 loss -0.841264 |p| 0.26735 eval -0.857974
    [color_grid] step  200 loss -0.808505 |p| 0.26775 eval -0.844454
    [color_grid] step  210 loss -0.864559 |p| 0.26802 eval -0.869221
    [color_grid] step  220 loss -0.851088 |p| 0.26836 eval -0.865255
    [color_grid] step  230 loss -0.858325 |p| 0.26895 eval -0.874238
    [color_grid] step  240 loss -0.863452 |p| 0.26945 eval -0.891055
    [color_grid] step  250 loss -0.875557 |p| 0.26977 eval -0.883303
    [color_grid] step  260 loss -0.892026 |p| 0.27025 eval -0.861613
    [color_grid] step  270 loss -0.897796 |p| 0.27056 eval -0.859916
    [color_grid] step  280 loss -0.837408 |p| 0.27087 eval -0.887146
    [color_grid] step  290 loss -0.893948 |p| 0.27135 eval -0.874728
    [color_grid] step  300 loss -0.910575 |p| 0.27161 eval -0.889655
    [color_grid] step  310 loss -0.910120 |p| 0.27168 eval -0.886909
    [color_grid] step  320 loss -0.899953 |p| 0.27202 eval -0.891097
    [color_grid] step  330 loss -0.924635 |p| 0.27236 eval -0.867493
    [color_grid] step  340 loss -0.922064 |p| 0.27278 eval -0.916158
    [color_grid] step  350 loss -0.893596 |p| 0.27311 eval -0.903742
    [color_grid] step  360 loss -0.905969 |p| 0.27338 eval -0.926504
    [color_grid] step  370 loss -0.894859 |p| 0.27335 eval -0.912203
    [color_grid] step  380 loss -0.918392 |p| 0.27350 eval -0.909465
    [color_grid] step  390 loss -0.929496 |p| 0.27380 eval -0.927840
    [color_grid] step  399 loss -0.904708 |p| 0.27386 eval -0.927506
  color_grid  whole:sign   r=2.00  cos=-0.9275 redetect=0.64647 stop=max_steps@400
    [color_grid] step    0 loss 1.000000 |p| 0.25001 eval 0.999955
    [color_grid] step   10 loss 0.996067 |p| 0.25008 eval 0.995059
    [color_grid] step   20 loss 0.980752 |p| 0.25017 eval 0.978229
    [color_grid] step   30 loss 0.950075 |p| 0.25026 eval 0.946169
    [color_grid] step   40 loss 0.907099 |p| 0.25036 eval 0.901935
    [color_grid] step   50 loss 0.846686 |p| 0.25045 eval 0.839527
    [color_grid] step   60 loss 0.781999 |p| 0.25054 eval 0.776093
    [color_grid] step   70 loss 0.727558 |p| 0.25063 eval 0.723194
    [color_grid] step   80 loss 0.682771 |p| 0.25070 eval 0.679373
    [color_grid] step   90 loss 0.662395 |p| 0.25073 eval 0.661216
    [color_grid] step  100 loss 0.652238 |p| 0.25074 eval 0.651629
    [color_grid] step  110 loss 0.644576 |p| 0.25075 eval 0.644133
    [color_grid] step  120 loss 0.638995 |p| 0.25076 eval 0.638729
    [color_grid] step  130 loss 0.634794 |p| 0.25077 eval 0.634490
    [color_grid] step  140 loss 0.631300 |p| 0.25077 eval 0.631031
    [color_grid] step  150 loss 0.628578 |p| 0.25078 eval 0.628338
    [color_grid] step  160 loss 0.626842 |p| 0.25078 eval 0.626727
    [color_grid] step  170 loss 0.625541 |p| 0.25079 eval 0.625405
    [color_grid] step  180 loss 0.624327 |p| 0.25079 eval 0.624118
    [color_grid] step  190 loss 0.623313 |p| 0.25079 eval 0.623223
    [color_grid] step  200 loss 0.622508 |p| 0.25080 eval 0.622448
    [color_grid] step  210 loss 0.622086 |p| 0.25080 eval 0.621767
    [color_grid] step  220 loss 0.621523 |p| 0.25080 eval 0.621398
    [color_grid] step  230 loss 0.620949 |p| 0.25081 eval 0.621058
    [color_grid] step  240 loss 0.620376 |p| 0.25081 eval 0.620196
    [color_grid] step  250 loss 0.619493 |p| 0.25081 eval 0.619451
    [color_grid] step  260 loss 0.618666 |p| 0.25082 eval 0.618678
    [color_grid] step  270 loss 0.617926 |p| 0.25082 eval 0.618142
    [color_grid] step  280 loss 0.617450 |p| 0.25082 eval 0.617389
    [color_grid] step  290 loss 0.617189 |p| 0.25083 eval 0.617010
    [color_grid] step  300 loss 0.616689 |p| 0.25083 eval 0.616531
    [color_grid] step  310 loss 0.616430 |p| 0.25083 eval 0.616363
    [color_grid] step  320 loss 0.615906 |p| 0.25083 eval 0.616049
    [color_grid] step  330 loss 0.615762 |p| 0.25083 eval 0.615759
    [color_grid] step  340 loss 0.615566 |p| 0.25084 eval 0.615533
    [color_grid] step  350 loss 0.615679 |p| 0.25084 eval 0.615637
    [color_grid] step  360 loss 0.615425 |p| 0.25084 eval 0.615315
    [color_grid] step  370 loss 0.615276 |p| 0.25084 eval 0.615299
    [color_grid] step  380 loss 0.615201 |p| 0.25084 eval 0.615266
    [color_grid] step  390 loss 0.615211 |p| 0.25084 eval 0.615189
    [color_grid] step  399 loss 0.615207 |p| 0.25084 eval 0.615243
  color_grid  whole:adam   r=0.02  cos=0.6152 redetect=None stop=max_steps@400
    [color_grid] step    0 loss 1.000000 |p| 0.25002 eval 0.999721
    [color_grid] step   10 loss 0.974823 |p| 0.25020 eval 0.968790
    [color_grid] step   20 loss 0.890132 |p| 0.25040 eval 0.877924
    [color_grid] step   30 loss 0.758557 |p| 0.25061 eval 0.746521
    [color_grid] step   40 loss 0.647964 |p| 0.25079 eval 0.638381
    [color_grid] step   50 loss 0.580413 |p| 0.25093 eval 0.574766
    [color_grid] step   60 loss 0.525726 |p| 0.25105 eval 0.520462
    [color_grid] step   70 loss 0.462085 |p| 0.25116 eval 0.454976
    [color_grid] step   80 loss 0.392373 |p| 0.25126 eval 0.383589
    [color_grid] step   90 loss 0.321021 |p| 0.25133 eval 0.316244
    [color_grid] step  100 loss 0.285788 |p| 0.25138 eval 0.282887
    [color_grid] step  110 loss 0.257936 |p| 0.25142 eval 0.255414
    [color_grid] step  120 loss 0.235630 |p| 0.25145 eval 0.234005
    [color_grid] step  130 loss 0.221928 |p| 0.25149 eval 0.220651
    [color_grid] step  140 loss 0.209849 |p| 0.25152 eval 0.208673
    [color_grid] step  150 loss 0.198953 |p| 0.25155 eval 0.198000
    [color_grid] step  160 loss 0.190619 |p| 0.25158 eval 0.190061
    [color_grid] step  170 loss 0.183775 |p| 0.25161 eval 0.183028
    [color_grid] step  180 loss 0.177402 |p| 0.25163 eval 0.176875
    [color_grid] step  190 loss 0.172959 |p| 0.25165 eval 0.172420
    [color_grid] step  200 loss 0.169159 |p| 0.25168 eval 0.168631
    [color_grid] step  210 loss 0.165661 |p| 0.25169 eval 0.165345
    [color_grid] step  220 loss 0.162683 |p| 0.25171 eval 0.162427
    [color_grid] step  230 loss 0.160191 |p| 0.25172 eval 0.159977
    [color_grid] step  240 loss 0.157830 |p| 0.25174 eval 0.157571
    [color_grid] step  250 loss 0.154888 |p| 0.25175 eval 0.154782
    [color_grid] step  260 loss 0.152141 |p| 0.25177 eval 0.151912
    [color_grid] step  270 loss 0.149069 |p| 0.25178 eval 0.148873
    [color_grid] step  280 loss 0.146023 |p| 0.25179 eval 0.145731
    [color_grid] step  290 loss 0.142450 |p| 0.25181 eval 0.142093
    [color_grid] step  300 loss 0.137287 |p| 0.25182 eval 0.136904
    [color_grid] step  310 loss 0.131810 |p| 0.25183 eval 0.130984
    [color_grid] step  320 loss 0.125712 |p| 0.25185 eval 0.125344
    [color_grid] step  330 loss 0.121896 |p| 0.25186 eval 0.121567
    [color_grid] step  340 loss 0.118873 |p| 0.25187 eval 0.118641
    [color_grid] step  350 loss 0.116703 |p| 0.25188 eval 0.116350
    [color_grid] step  360 loss 0.114654 |p| 0.25189 eval 0.114465
    [color_grid] step  370 loss 0.113300 |p| 0.25190 eval 0.113143
    [color_grid] step  380 loss 0.111786 |p| 0.25191 eval 0.111784
    [color_grid] step  390 loss 0.110682 |p| 0.25192 eval 0.110463
    [color_grid] step  399 loss 0.109397 |p| 0.25192 eval 0.109287
  color_grid  whole:adam   r=0.05  cos=0.1093 redetect=None stop=max_steps@400
    [color_grid] step    0 loss 1.000000 |p| 0.25004 eval 0.998929
    [color_grid] step   10 loss 0.908075 |p| 0.25039 eval 0.887532
    [color_grid] step   20 loss 0.688680 |p| 0.25075 eval 0.668000
    [color_grid] step   30 loss 0.556090 |p| 0.25105 eval 0.543178
    [color_grid] step   40 loss 0.410020 |p| 0.25128 eval 0.393780
    [color_grid] step   50 loss 0.303994 |p| 0.25145 eval 0.296747
    [color_grid] step   60 loss 0.235503 |p| 0.25158 eval 0.229174
    [color_grid] step   70 loss 0.175276 |p| 0.25170 eval 0.170296
    [color_grid] step   80 loss 0.128345 |p| 0.25182 eval 0.123623
    [color_grid] step   90 loss 0.078695 |p| 0.25194 eval 0.074238
    [color_grid] step  100 loss 0.035259 |p| 0.25207 eval 0.031482
    [color_grid] step  110 loss 0.004676 |p| 0.25219 eval 0.002082
    [color_grid] step  120 loss -0.020606 |p| 0.25231 eval -0.022836
    [color_grid] step  130 loss -0.042987 |p| 0.25241 eval -0.045271
    [color_grid] step  140 loss -0.065967 |p| 0.25251 eval -0.068294
    [color_grid] step  150 loss -0.088720 |p| 0.25260 eval -0.091107
    [color_grid] step  160 loss -0.110284 |p| 0.25268 eval -0.112294
    [color_grid] step  170 loss -0.129974 |p| 0.25276 eval -0.131824
    [color_grid] step  180 loss -0.146934 |p| 0.25283 eval -0.148686
    [color_grid] step  190 loss -0.162715 |p| 0.25289 eval -0.164257
    [color_grid] step  200 loss -0.175196 |p| 0.25295 eval -0.176336
    [color_grid] step  210 loss -0.187025 |p| 0.25299 eval -0.188384
    [color_grid] step  220 loss -0.201292 |p| 0.25303 eval -0.202858
    [color_grid] step  230 loss -0.216767 |p| 0.25306 eval -0.218312
    [color_grid] step  240 loss -0.230003 |p| 0.25310 eval -0.231236
    [color_grid] step  250 loss -0.241622 |p| 0.25313 eval -0.242730
    [color_grid] step  260 loss -0.252404 |p| 0.25315 eval -0.253390
    [color_grid] step  270 loss -0.261152 |p| 0.25317 eval -0.261940
    [color_grid] step  280 loss -0.268162 |p| 0.25319 eval -0.268710
    [color_grid] step  290 loss -0.273041 |p| 0.25320 eval -0.273522
    [color_grid] step  300 loss -0.277363 |p| 0.25322 eval -0.277767
    [color_grid] step  310 loss -0.281446 |p| 0.25323 eval -0.281876
    [color_grid] step  320 loss -0.284758 |p| 0.25324 eval -0.285135
    [color_grid] step  330 loss -0.287825 |p| 0.25326 eval -0.288042
    [color_grid] step  340 loss -0.290651 |p| 0.25327 eval -0.291018
    [color_grid] step  350 loss -0.294044 |p| 0.25329 eval -0.294549
    [color_grid] step  360 loss -0.297840 |p| 0.25330 eval -0.298156
    [color_grid] step  370 loss -0.300315 |p| 0.25330 eval -0.300670
    [color_grid] step  380 loss -0.302692 |p| 0.25331 eval -0.302911
    [color_grid] step  390 loss -0.305351 |p| 0.25332 eval -0.305422
    [color_grid] step  399 loss -0.307080 |p| 0.25333 eval -0.307270
  color_grid  whole:adam   r=0.10  cos=-0.3073 redetect=None stop=max_steps@400
    [color_grid] step    0 loss 1.000000 |p| 0.25008 eval 0.995764
    [color_grid] step   10 loss 0.716883 |p| 0.25074 eval 0.679837
    [color_grid] step   20 loss 0.459578 |p| 0.25129 eval 0.434316
    [color_grid] step   30 loss 0.274587 |p| 0.25166 eval 0.262195
    [color_grid] step   40 loss 0.162734 |p| 0.25191 eval 0.155062
    [color_grid] step   50 loss 0.091674 |p| 0.25213 eval 0.085271
    [color_grid] step   60 loss 0.021365 |p| 0.25234 eval 0.014435
    [color_grid] step   70 loss -0.038646 |p| 0.25257 eval -0.044467
    [color_grid] step   80 loss -0.097030 |p| 0.25280 eval -0.101996
    [color_grid] step   90 loss -0.150413 |p| 0.25303 eval -0.155945
    [color_grid] step  100 loss -0.206777 |p| 0.25328 eval -0.213337
    [color_grid] step  110 loss -0.262036 |p| 0.25352 eval -0.267745
    [color_grid] step  120 loss -0.323606 |p| 0.25374 eval -0.329666
    [color_grid] step  130 loss -0.375331 |p| 0.25393 eval -0.378930
    [color_grid] step  140 loss -0.409324 |p| 0.25410 eval -0.412661
    [color_grid] step  150 loss -0.437636 |p| 0.25424 eval -0.439944
    [color_grid] step  160 loss -0.456974 |p| 0.25434 eval -0.458814
    [color_grid] step  170 loss -0.472167 |p| 0.25443 eval -0.473614
    [color_grid] step  180 loss -0.484999 |p| 0.25451 eval -0.486202
    [color_grid] step  190 loss -0.495559 |p| 0.25457 eval -0.496569
    [color_grid] step  200 loss -0.505699 |p| 0.25463 eval -0.506603
    [color_grid] step  210 loss -0.516259 |p| 0.25470 eval -0.517341
    [color_grid] step  220 loss -0.527084 |p| 0.25476 eval -0.528040
    [color_grid] step  230 loss -0.536970 |p| 0.25483 eval -0.537943
    [color_grid] step  240 loss -0.544540 |p| 0.25488 eval -0.545299
    [color_grid] step  250 loss -0.551021 |p| 0.25493 eval -0.551731
    [color_grid] step  260 loss -0.558801 |p| 0.25499 eval -0.559762
    [color_grid] step  270 loss -0.569949 |p| 0.25504 eval -0.571288
    [color_grid] step  280 loss -0.581779 |p| 0.25509 eval -0.582846
    [color_grid] step  290 loss -0.591800 |p| 0.25512 eval -0.592771
    [color_grid] step  300 loss -0.600393 |p| 0.25515 eval -0.601029
    [color_grid] step  310 loss -0.607323 |p| 0.25519 eval -0.607949
    [color_grid] step  320 loss -0.613644 |p| 0.25523 eval -0.614202
    [color_grid] step  330 loss -0.619811 |p| 0.25527 eval -0.620356
    [color_grid] step  340 loss -0.625518 |p| 0.25530 eval -0.626053
    [color_grid] step  350 loss -0.631466 |p| 0.25532 eval -0.632140
    [color_grid] step  360 loss -0.637077 |p| 0.25534 eval -0.637612
    [color_grid] step  370 loss -0.642568 |p| 0.25536 eval -0.643119
    [color_grid] step  380 loss -0.649147 |p| 0.25538 eval -0.649870
    [color_grid] step  390 loss -0.658107 |p| 0.25540 eval -0.659151
    [color_grid] step  399 loss -0.667166 |p| 0.25543 eval -0.668245
  color_grid  whole:adam   r=0.20  cos=-0.6683 redetect=None stop=max_steps@400
    [color_grid] step    0 loss 1.000000 |p| 0.25013 eval 0.990218
    [color_grid] step   10 loss 0.595921 |p| 0.25105 eval 0.567706
    [color_grid] step   20 loss 0.303393 |p| 0.25170 eval 0.284789
    [color_grid] step   30 loss 0.154992 |p| 0.25212 eval 0.144497
    [color_grid] step   40 loss 0.057519 |p| 0.25244 eval 0.047018
    [color_grid] step   50 loss -0.033429 |p| 0.25273 eval -0.042163
    [color_grid] step   60 loss -0.102402 |p| 0.25301 eval -0.108438
    [color_grid] step   70 loss -0.162302 |p| 0.25328 eval -0.169228
    [color_grid] step   80 loss -0.227651 |p| 0.25359 eval -0.234144
    [color_grid] step   90 loss -0.292207 |p| 0.25386 eval -0.298159
    [color_grid] step  100 loss -0.342132 |p| 0.25411 eval -0.348143
    [color_grid] step  110 loss -0.409777 |p| 0.25437 eval -0.417001
    [color_grid] step  120 loss -0.464923 |p| 0.25463 eval -0.468873
    [color_grid] step  130 loss -0.504960 |p| 0.25484 eval -0.508312
    [color_grid] step  140 loss -0.527832 |p| 0.25502 eval -0.529828
    [color_grid] step  150 loss -0.546145 |p| 0.25516 eval -0.547724
    [color_grid] step  160 loss -0.562130 |p| 0.25527 eval -0.563528
    [color_grid] step  170 loss -0.575034 |p| 0.25537 eval -0.576211
    [color_grid] step  180 loss -0.586417 |p| 0.25547 eval -0.587642
    [color_grid] step  190 loss -0.598219 |p| 0.25555 eval -0.599243
    [color_grid] step  200 loss -0.608894 |p| 0.25561 eval -0.609886
    [color_grid] step  210 loss -0.620871 |p| 0.25569 eval -0.622046
    [color_grid] step  220 loss -0.634045 |p| 0.25575 eval -0.635769
    [color_grid] step  230 loss -0.651546 |p| 0.25580 eval -0.653143
    [color_grid] step  240 loss -0.670155 |p| 0.25587 eval -0.671680
    [color_grid] step  250 loss -0.689507 |p| 0.25597 eval -0.691771
    [color_grid] step  260 loss -0.707612 |p| 0.25606 eval -0.708974
    [color_grid] step  270 loss -0.721360 |p| 0.25614 eval -0.722524
    [color_grid] step  280 loss -0.732922 |p| 0.25620 eval -0.733872
    [color_grid] step  290 loss -0.743284 |p| 0.25625 eval -0.744269
    [color_grid] step  300 loss -0.753404 |p| 0.25630 eval -0.754378
    [color_grid] step  310 loss -0.762842 |p| 0.25636 eval -0.763588
    [color_grid] step  320 loss -0.770898 |p| 0.25642 eval -0.771411
    [color_grid] step  330 loss -0.777269 |p| 0.25647 eval -0.777893
    [color_grid] step  340 loss -0.782464 |p| 0.25652 eval -0.782938
    [color_grid] step  350 loss -0.786518 |p| 0.25656 eval -0.786836
    [color_grid] step  360 loss -0.790444 |p| 0.25660 eval -0.790804
    [color_grid] step  370 loss -0.793964 |p| 0.25664 eval -0.794299
    [color_grid] step  380 loss -0.797368 |p| 0.25668 eval -0.798008
    [color_grid] step  390 loss -0.800724 |p| 0.25672 eval -0.801008
    [color_grid] step  399 loss -0.803098 |p| 0.25676 eval -0.803570
  color_grid  whole:adam   r=0.30  cos=-0.8036 redetect=None stop=max_steps@400
    [color_grid] step    0 loss 1.000000 |p| 0.25025 eval 0.960945
    [color_grid] step   10 loss 0.338419 |p| 0.25178 eval 0.313146
    [color_grid] step   20 loss 0.117200 |p| 0.25268 eval 0.101375
    [color_grid] step   30 loss -0.036410 |p| 0.25328 eval -0.047869
    [color_grid] step   40 loss -0.162777 |p| 0.25382 eval -0.174575
    [color_grid] step   50 loss -0.288450 |p| 0.25441 eval -0.304564
    [color_grid] step   60 loss -0.421698 |p| 0.25500 eval -0.431265
    [color_grid] step   70 loss -0.499968 |p| 0.25545 eval -0.507636
    [color_grid] step   80 loss -0.564083 |p| 0.25583 eval -0.568093
    [color_grid] step   90 loss -0.600705 |p| 0.25610 eval -0.604911
    [color_grid] step  100 loss -0.631189 |p| 0.25628 eval -0.634512
    [color_grid] step  110 loss -0.659499 |p| 0.25644 eval -0.661915
    [color_grid] step  120 loss -0.684565 |p| 0.25661 eval -0.686503
    [color_grid] step  130 loss -0.709167 |p| 0.25677 eval -0.710915
    [color_grid] step  140 loss -0.730810 |p| 0.25693 eval -0.732841
    [color_grid] step  150 loss -0.747050 |p| 0.25711 eval -0.748528
    [color_grid] step  160 loss -0.761173 |p| 0.25727 eval -0.762245
    [color_grid] step  170 loss -0.774930 |p| 0.25744 eval -0.776169
    [color_grid] step  180 loss -0.788790 |p| 0.25765 eval -0.790014
    [color_grid] step  190 loss -0.799956 |p| 0.25786 eval -0.801109
    [color_grid] step  200 loss -0.808871 |p| 0.25803 eval -0.809442
    [color_grid] step  210 loss -0.816173 |p| 0.25819 eval -0.816854
    [color_grid] step  220 loss -0.822914 |p| 0.25833 eval -0.823618
    [color_grid] step  230 loss -0.829062 |p| 0.25847 eval -0.829763
    [color_grid] step  240 loss -0.835652 |p| 0.25861 eval -0.836293
    [color_grid] step  250 loss -0.841380 |p| 0.25872 eval -0.841834
    [color_grid] step  260 loss -0.846738 |p| 0.25886 eval -0.847132
    [color_grid] step  270 loss -0.851400 |p| 0.25899 eval -0.852066
    [color_grid] step  280 loss -0.856158 |p| 0.25911 eval -0.856388
    [color_grid] step  290 loss -0.860673 |p| 0.25923 eval -0.861088
    [color_grid] step  300 loss -0.864391 |p| 0.25934 eval -0.864622
    [color_grid] step  310 loss -0.867808 |p| 0.25942 eval -0.868063
    [color_grid] step  320 loss -0.871315 |p| 0.25949 eval -0.871723
    [color_grid] step  330 loss -0.875475 |p| 0.25956 eval -0.876018
    [color_grid] step  340 loss -0.880942 |p| 0.25964 eval -0.881286
    [color_grid] step  350 loss -0.884715 |p| 0.25972 eval -0.885011
    [color_grid] step  360 loss -0.887780 |p| 0.25979 eval -0.887993
    [color_grid] step  370 loss -0.890190 |p| 0.25987 eval -0.890455
    [color_grid] step  380 loss -0.892400 |p| 0.25995 eval -0.892584
    [color_grid] step  390 loss -0.894295 |p| 0.26004 eval -0.894439
    [color_grid] step  399 loss -0.896292 |p| 0.26013 eval -0.896328
  color_grid  whole:adam   r=0.60  cos=-0.8963 redetect=None stop=max_steps@400
    [color_grid] step    0 loss 1.000000 |p| 0.25050 eval 0.860580
    [color_grid] step   10 loss 0.119550 |p| 0.25292 eval 0.098867
    [color_grid] step   20 loss -0.111078 |p| 0.25438 eval -0.136449
    [color_grid] step   30 loss -0.319569 |p| 0.25564 eval -0.336646
    [color_grid] step   40 loss -0.456703 |p| 0.25658 eval -0.466070
    [color_grid] step   50 loss -0.547676 |p| 0.25725 eval -0.554107
    [color_grid] step   60 loss -0.607312 |p| 0.25775 eval -0.613781
    [color_grid] step   70 loss -0.655560 |p| 0.25814 eval -0.659711
    [color_grid] step   80 loss -0.697796 |p| 0.25855 eval -0.701927
    [color_grid] step   90 loss -0.735394 |p| 0.25899 eval -0.738286
    [color_grid] step  100 loss -0.766429 |p| 0.25937 eval -0.769791
    [color_grid] step  110 loss -0.792195 |p| 0.25973 eval -0.794152
    [color_grid] step  120 loss -0.812217 |p| 0.26007 eval -0.813384
    [color_grid] step  130 loss -0.828846 |p| 0.26036 eval -0.830183
    [color_grid] step  140 loss -0.841014 |p| 0.26062 eval -0.842140
    [color_grid] step  150 loss -0.851312 |p| 0.26088 eval -0.852144
    [color_grid] step  160 loss -0.859464 |p| 0.26116 eval -0.860477
    [color_grid] step  170 loss -0.869012 |p| 0.26143 eval -0.868648
    [color_grid] step  180 loss -0.878866 |p| 0.26168 eval -0.879819
    [color_grid] step  190 loss -0.892891 |p| 0.26190 eval -0.895055
    [color_grid] step  200 loss -0.906801 |p| 0.26216 eval -0.908382
    [color_grid] step  210 loss -0.918059 |p| 0.26248 eval -0.919232
    [color_grid] step  220 loss -0.924598 |p| 0.26281 eval -0.926715
    [color_grid] step  230 loss -0.933607 |p| 0.26310 eval -0.935616
    [color_grid] step  240 loss -0.941965 |p| 0.26334 eval -0.941900
    [color_grid] step  250 loss -0.946969 |p| 0.26351 eval -0.947662
    [color_grid] step  260 loss -0.950354 |p| 0.26368 eval -0.950560
    [color_grid] step  270 loss -0.956820 |p| 0.26391 eval -0.957061
    [color_grid] step  280 loss -0.961167 |p| 0.26412 eval -0.961565
    [color_grid] step  290 loss -0.960770 |p| 0.26430 eval -0.962450
    [color_grid] step  300 loss -0.964169 |p| 0.26448 eval -0.964838
    [color_grid] step  310 loss -0.967054 |p| 0.26466 eval -0.967450
    [color_grid] step  320 loss -0.967193 |p| 0.26483 eval -0.965278
    [color_grid] step  330 loss -0.971073 |p| 0.26498 eval -0.971353
    [color_grid] step  340 loss -0.973332 |p| 0.26511 eval -0.973391
    [color_grid] step  350 loss -0.974210 |p| 0.26524 eval -0.972877
    [color_grid] step  360 loss -0.969791 |p| 0.26539 eval -0.974427
    [color_grid] step  370 loss -0.975545 |p| 0.26555 eval -0.975879
    [color_grid] step  380 loss -0.978171 |p| 0.26569 eval -0.977912
    [color_grid] step  390 loss -0.979322 |p| 0.26581 eval -0.978854
    [color_grid] step  399 loss -0.980397 |p| 0.26591 eval -0.979967
  color_grid  whole:adam   r=1.20  cos=-0.9800 redetect=None stop=max_steps@400
    [color_grid] step    0 loss 1.000000 |p| 0.25083 eval 0.692708
    [color_grid] step   10 loss -0.051373 |p| 0.25413 eval -0.089488
    [color_grid] step   20 loss -0.407067 |p| 0.25635 eval -0.420420
    [color_grid] step   30 loss -0.545401 |p| 0.25800 eval -0.554128
    [color_grid] step   40 loss -0.616769 |p| 0.25895 eval -0.621946
    [color_grid] step   50 loss -0.670458 |p| 0.25955 eval -0.674826
    [color_grid] step   60 loss -0.707936 |p| 0.25999 eval -0.708690
    [color_grid] step   70 loss -0.731538 |p| 0.26032 eval -0.733945
    [color_grid] step   80 loss -0.750532 |p| 0.26065 eval -0.752119
    [color_grid] step   90 loss -0.769939 |p| 0.26095 eval -0.771753
    [color_grid] step  100 loss -0.786020 |p| 0.26138 eval -0.789623
    [color_grid] step  110 loss -0.801414 |p| 0.26197 eval -0.803404
    [color_grid] step  120 loss -0.814214 |p| 0.26250 eval -0.812141
    [color_grid] step  130 loss -0.826583 |p| 0.26303 eval -0.826723
    [color_grid] step  140 loss -0.839456 |p| 0.26367 eval -0.842282
    [color_grid] step  150 loss -0.852813 |p| 0.26440 eval -0.853303
    [color_grid] step  160 loss -0.860655 |p| 0.26511 eval -0.861700
    [color_grid] step  170 loss -0.862617 |p| 0.26572 eval -0.866805
    [color_grid] step  180 loss -0.870515 |p| 0.26638 eval -0.873013
    [color_grid] step  190 loss -0.877233 |p| 0.26705 eval -0.878575
    [color_grid] step  200 loss -0.882735 |p| 0.26765 eval -0.883452
    [color_grid] step  210 loss -0.885342 |p| 0.26820 eval -0.887554
    [color_grid] step  220 loss -0.889423 |p| 0.26878 eval -0.891818
    [color_grid] step  230 loss -0.896739 |p| 0.26942 eval -0.897325
    [color_grid] step  240 loss -0.900704 |p| 0.27007 eval -0.902099
    [color_grid] step  250 loss -0.907031 |p| 0.27070 eval -0.907345
    [color_grid] step  260 loss -0.912041 |p| 0.27132 eval -0.909396
    [color_grid] step  270 loss -0.916172 |p| 0.27186 eval -0.908901
    [color_grid] step  280 loss -0.916940 |p| 0.27232 eval -0.917315
    [color_grid] step  290 loss -0.927533 |p| 0.27267 eval -0.926843
    [color_grid] step  300 loss -0.933119 |p| 0.27295 eval -0.933720
    [color_grid] step  310 loss -0.930254 |p| 0.27325 eval -0.929289
    [color_grid] step  320 loss -0.936876 |p| 0.27362 eval -0.938245
    [color_grid] step  330 loss -0.942899 |p| 0.27390 eval -0.942686
    [color_grid] step  340 loss -0.948708 |p| 0.27419 eval -0.947106
    [color_grid] step  350 loss -0.907815 |p| 0.27453 eval -0.928162
    [color_grid] step  360 loss -0.946844 |p| 0.27486 eval -0.948284
    [color_grid] step  370 loss -0.955771 |p| 0.27508 eval -0.955945
    [color_grid] step  380 loss -0.962045 |p| 0.27527 eval -0.961716
    [color_grid] step  390 loss -0.965376 |p| 0.27544 eval -0.965355
    [color_grid] step  399 loss -0.968123 |p| 0.27557 eval -0.968439
  color_grid  whole:adam   r=2.00  cos=-0.9684 redetect=None stop=max_steps@400
  color_grid  whole:rand   r=0.02  cos=0.9958 redetect=None stop=no_params@0
  color_grid  whole:rand   r=0.05  cos=0.9789 redetect=None stop=no_params@0
  color_grid  whole:rand   r=0.10  cos=0.8967 redetect=None stop=no_params@0
  color_grid  whole:rand   r=0.20  cos=0.6839 redetect=None stop=no_params@0
  color_grid  whole:rand   r=0.30  cos=0.5649 redetect=None stop=no_params@0
  color_grid  whole:rand   r=0.60  cos=0.4624 redetect=None stop=no_params@0
  color_grid  whole:rand   r=1.20  cos=0.3475 redetect=None stop=no_params@0
  color_grid  whole:rand   r=2.00  cos=0.3399 redetect=None stop=no_params@0
    [color_curve] step    0 loss 1.000000 |p| 0.01562 eval 1.000000
    [color_curve] step   10 loss 1.000000 |p| 0.01562 eval 1.000000
    [color_curve] step   20 loss 1.000000 |p| 0.01562 eval 1.000000
    [color_curve] step   30 loss 1.000000 |p| 0.01562 eval 1.000000
    [color_curve] step   40 loss 1.000000 |p| 0.01562 eval 1.000000
    [color_curve] step   50 loss 1.000000 |p| 0.01562 eval 1.000000
    [color_curve] step   60 loss 1.000000 |p| 0.01562 eval 1.000000
    [color_curve] step   70 loss 1.000000 |p| 0.01562 eval 1.000000
    [color_curve] step   80 loss 1.000000 |p| 0.01562 eval 1.000000
    [color_curve] early stop at step 80（連續 8 次評估未改善 > 0.0001）
  color_curve whole:sign   r=0.02  cos=1.0000 redetect=1.0 stop=early_stop@81
    [color_curve] step    0 loss 1.000000 |p| 0.01562 eval 1.000000
    [color_curve] step   10 loss 1.000000 |p| 0.01562 eval 1.000000
    [color_curve] step   20 loss 1.000000 |p| 0.01562 eval 1.000000
    [color_curve] step   30 loss 1.000000 |p| 0.01562 eval 1.000000
    [color_curve] step   40 loss 1.000000 |p| 0.01562 eval 1.000000
    [color_curve] step   50 loss 1.000000 |p| 0.01562 eval 1.000000
    [color_curve] step   60 loss 1.000000 |p| 0.01562 eval 1.000000
    [color_curve] step   70 loss 1.000000 |p| 0.01562 eval 1.000000
    [color_curve] step   80 loss 1.000000 |p| 0.01562 eval 1.000000
    [color_curve] early stop at step 80（連續 8 次評估未改善 > 0.0001）
  color_curve whole:sign   r=0.05  cos=1.0000 redetect=1.0 stop=early_stop@81
    [color_curve] step    0 loss 1.000000 |p| 0.01562 eval 1.000000
    [color_curve] step   10 loss 1.000000 |p| 0.01562 eval 1.000000
    [color_curve] step   20 loss 1.000000 |p| 0.01562 eval 1.000000
    [color_curve] step   30 loss 1.000000 |p| 0.01562 eval 1.000000
    [color_curve] step   40 loss 1.000000 |p| 0.01562 eval 1.000000
    [color_curve] step   50 loss 1.000000 |p| 0.01562 eval 1.000000
    [color_curve] step   60 loss 1.000000 |p| 0.01562 eval 1.000000
    [color_curve] step   70 loss 1.000000 |p| 0.01562 eval 1.000000
    [color_curve] step   80 loss 1.000000 |p| 0.01562 eval 1.000000
    [color_curve] early stop at step 80（連續 8 次評估未改善 > 0.0001）
  color_curve whole:sign   r=0.10  cos=1.0000 redetect=1.0 stop=early_stop@81
    [color_curve] step    0 loss 1.000000 |p| 0.01562 eval 1.000000
    [color_curve] step   10 loss 1.000000 |p| 0.01562 eval 1.000000
    [color_curve] step   20 loss 1.000000 |p| 0.01562 eval 1.000000
    [color_curve] step   30 loss 1.000000 |p| 0.01562 eval 1.000000
    [color_curve] step   40 loss 1.000000 |p| 0.01562 eval 1.000000
    [color_curve] step   50 loss 1.000000 |p| 0.01562 eval 1.000000
    [color_curve] step   60 loss 1.000000 |p| 0.01562 eval 1.000000
    [color_curve] step   70 loss 1.000000 |p| 0.01562 eval 1.000000
    [color_curve] step   80 loss 1.000000 |p| 0.01562 eval 1.000000
    [color_curve] early stop at step 80（連續 8 次評估未改善 > 0.0001）
  color_curve whole:sign   r=0.20  cos=1.0000 redetect=1.0 stop=early_stop@81
    [color_curve] step    0 loss 1.000000 |p| 0.01562 eval 1.000000
    [color_curve] step   10 loss 1.000000 |p| 0.01562 eval 1.000000
    [color_curve] step   20 loss 1.000000 |p| 0.01562 eval 1.000000
    [color_curve] step   30 loss 1.000000 |p| 0.01562 eval 1.000000
    [color_curve] step   40 loss 1.000000 |p| 0.01562 eval 1.000000
    [color_curve] step   50 loss 1.000000 |p| 0.01562 eval 1.000000
    [color_curve] step   60 loss 1.000000 |p| 0.01562 eval 1.000000
    [color_curve] step   70 loss 1.000000 |p| 0.01562 eval 1.000000
    [color_curve] step   80 loss 1.000000 |p| 0.01562 eval 1.000000
    [color_curve] early stop at step 80（連續 8 次評估未改善 > 0.0001）
  color_curve whole:sign   r=0.30  cos=1.0000 redetect=1.0 stop=early_stop@81
    [color_curve] step    0 loss 1.000000 |p| 0.01562 eval 1.000000
    [color_curve] step   10 loss 1.000000 |p| 0.01562 eval 1.000000
    [color_curve] step   20 loss 1.000000 |p| 0.01562 eval 1.000000
    [color_curve] step   30 loss 1.000000 |p| 0.01562 eval 1.000000
    [color_curve] step   40 loss 1.000000 |p| 0.01562 eval 1.000000
    [color_curve] step   50 loss 1.000000 |p| 0.01562 eval 1.000000
    [color_curve] step   60 loss 1.000000 |p| 0.01562 eval 1.000000
    [color_curve] step   70 loss 1.000000 |p| 0.01562 eval 1.000000
    [color_curve] step   80 loss 1.000000 |p| 0.01562 eval 1.000000
    [color_curve] early stop at step 80（連續 8 次評估未改善 > 0.0001）
  color_curve whole:sign   r=0.60  cos=1.0000 redetect=1.0 stop=early_stop@81
    [color_curve] step    0 loss 1.000000 |p| 0.01562 eval 1.000000
    [color_curve] step   10 loss 1.000000 |p| 0.01562 eval 1.000000
    [color_curve] step   20 loss 1.000000 |p| 0.01562 eval 1.000000
    [color_curve] step   30 loss 1.000000 |p| 0.01562 eval 1.000000
    [color_curve] step   40 loss 1.000000 |p| 0.01562 eval 1.000000
    [color_curve] step   50 loss 1.000000 |p| 0.01562 eval 1.000000
    [color_curve] step   60 loss 1.000000 |p| 0.01562 eval 1.000000
    [color_curve] step   70 loss 1.000000 |p| 0.01562 eval 1.000000
    [color_curve] step   80 loss 1.000000 |p| 0.01562 eval 1.000000
    [color_curve] early stop at step 80（連續 8 次評估未改善 > 0.0001）
  color_curve whole:sign   r=1.20  cos=1.0000 redetect=1.0 stop=early_stop@81
    [color_curve] step    0 loss 1.000000 |p| 0.01562 eval 1.000000
    [color_curve] step   10 loss 1.000000 |p| 0.01562 eval 1.000000
    [color_curve] step   20 loss 1.000000 |p| 0.01562 eval 1.000000
    [color_curve] step   30 loss 1.000000 |p| 0.01562 eval 1.000000
    [color_curve] step   40 loss 1.000000 |p| 0.01562 eval 1.000000
    [color_curve] step   50 loss 1.000000 |p| 0.01562 eval 1.000000
    [color_curve] step   60 loss 1.000000 |p| 0.01562 eval 1.000000
    [color_curve] step   70 loss 1.000000 |p| 0.01562 eval 1.000000
    [color_curve] step   80 loss 1.000000 |p| 0.01562 eval 1.000000
    [color_curve] early stop at step 80（連續 8 次評估未改善 > 0.0001）
  color_curve whole:sign   r=2.00  cos=1.0000 redetect=1.0 stop=early_stop@81
    [color_curve] step    0 loss 1.000000 |p| 0.01562 eval 1.000000
    [color_curve] step   10 loss 1.000000 |p| 0.01562 eval 1.000000
    [color_curve] step   20 loss 1.000000 |p| 0.01562 eval 1.000000
    [color_curve] step   30 loss 1.000000 |p| 0.01562 eval 1.000000
    [color_curve] step   40 loss 1.000000 |p| 0.01562 eval 1.000000
    [color_curve] step   50 loss 1.000000 |p| 0.01562 eval 1.000000
    [color_curve] step   60 loss 1.000000 |p| 0.01562 eval 1.000000
    [color_curve] step   70 loss 1.000000 |p| 0.01562 eval 1.000000
    [color_curve] step   80 loss 1.000000 |p| 0.01562 eval 1.000000
    [color_curve] early stop at step 80（連續 8 次評估未改善 > 0.0001）
  color_curve whole:adam   r=0.02  cos=1.0000 redetect=1.0 stop=early_stop@81
    [color_curve] step    0 loss 1.000000 |p| 0.01562 eval 1.000000
    [color_curve] step   10 loss 1.000000 |p| 0.01562 eval 1.000000
    [color_curve] step   20 loss 1.000000 |p| 0.01562 eval 1.000000
    [color_curve] step   30 loss 1.000000 |p| 0.01562 eval 1.000000
    [color_curve] step   40 loss 1.000000 |p| 0.01562 eval 1.000000
    [color_curve] step   50 loss 1.000000 |p| 0.01562 eval 1.000000
    [color_curve] step   60 loss 1.000000 |p| 0.01562 eval 1.000000
    [color_curve] step   70 loss 1.000000 |p| 0.01562 eval 1.000000
    [color_curve] step   80 loss 1.000000 |p| 0.01562 eval 1.000000
    [color_curve] early stop at step 80（連續 8 次評估未改善 > 0.0001）
  color_curve whole:adam   r=0.05  cos=1.0000 redetect=1.0 stop=early_stop@81
    [color_curve] step    0 loss 1.000000 |p| 0.01562 eval 1.000000
    [color_curve] step   10 loss 1.000000 |p| 0.01562 eval 1.000000
    [color_curve] step   20 loss 1.000000 |p| 0.01562 eval 1.000000
    [color_curve] step   30 loss 1.000000 |p| 0.01562 eval 1.000000
    [color_curve] step   40 loss 1.000000 |p| 0.01562 eval 1.000000
    [color_curve] step   50 loss 1.000000 |p| 0.01562 eval 1.000000
    [color_curve] step   60 loss 1.000000 |p| 0.01562 eval 1.000000
    [color_curve] step   70 loss 1.000000 |p| 0.01562 eval 1.000000
    [color_curve] step   80 loss 1.000000 |p| 0.01562 eval 1.000000
    [color_curve] early stop at step 80（連續 8 次評估未改善 > 0.0001）
  color_curve whole:adam   r=0.10  cos=1.0000 redetect=1.0 stop=early_stop@81
    [color_curve] step    0 loss 1.000000 |p| 0.01562 eval 1.000000
    [color_curve] step   10 loss 1.000000 |p| 0.01562 eval 1.000000
    [color_curve] step   20 loss 1.000000 |p| 0.01562 eval 1.000000
    [color_curve] step   30 loss 1.000000 |p| 0.01562 eval 1.000000
    [color_curve] step   40 loss 1.000000 |p| 0.01562 eval 1.000000
    [color_curve] step   50 loss 1.000000 |p| 0.01562 eval 1.000000
    [color_curve] step   60 loss 1.000000 |p| 0.01562 eval 1.000000
    [color_curve] step   70 loss 1.000000 |p| 0.01562 eval 1.000000
    [color_curve] step   80 loss 1.000000 |p| 0.01562 eval 1.000000
    [color_curve] early stop at step 80（連續 8 次評估未改善 > 0.0001）
  color_curve whole:adam   r=0.20  cos=1.0000 redetect=1.0 stop=early_stop@81
    [color_curve] step    0 loss 1.000000 |p| 0.01562 eval 1.000000
    [color_curve] step   10 loss 1.000000 |p| 0.01562 eval 1.000000
    [color_curve] step   20 loss 1.000000 |p| 0.01562 eval 1.000000
    [color_curve] step   30 loss 1.000000 |p| 0.01562 eval 1.000000
    [color_curve] step   40 loss 1.000000 |p| 0.01562 eval 1.000000
    [color_curve] step   50 loss 1.000000 |p| 0.01562 eval 1.000000
    [color_curve] step   60 loss 1.000000 |p| 0.01562 eval 1.000000
    [color_curve] step   70 loss 1.000000 |p| 0.01562 eval 1.000000
    [color_curve] step   80 loss 1.000000 |p| 0.01562 eval 1.000000
    [color_curve] early stop at step 80（連續 8 次評估未改善 > 0.0001）
  color_curve whole:adam   r=0.30  cos=1.0000 redetect=1.0 stop=early_stop@81
    [color_curve] step    0 loss 1.000000 |p| 0.01562 eval 1.000000
    [color_curve] step   10 loss 1.000000 |p| 0.01562 eval 1.000000
    [color_curve] step   20 loss 1.000000 |p| 0.01562 eval 1.000000
    [color_curve] step   30 loss 1.000000 |p| 0.01562 eval 1.000000
    [color_curve] step   40 loss 1.000000 |p| 0.01562 eval 1.000000
    [color_curve] step   50 loss 1.000000 |p| 0.01562 eval 1.000000
    [color_curve] step   60 loss 1.000000 |p| 0.01562 eval 1.000000
    [color_curve] step   70 loss 1.000000 |p| 0.01562 eval 1.000000
    [color_curve] step   80 loss 1.000000 |p| 0.01562 eval 1.000000
    [color_curve] early stop at step 80（連續 8 次評估未改善 > 0.0001）
  color_curve whole:adam   r=0.60  cos=1.0000 redetect=1.0 stop=early_stop@81
    [color_curve] step    0 loss 1.000000 |p| 0.01562 eval 1.000000
    [color_curve] step   10 loss 1.000000 |p| 0.01562 eval 1.000000
    [color_curve] step   20 loss 1.000000 |p| 0.01562 eval 1.000000
    [color_curve] step   30 loss 1.000000 |p| 0.01562 eval 1.000000
    [color_curve] step   40 loss 1.000000 |p| 0.01562 eval 1.000000
    [color_curve] step   50 loss 1.000000 |p| 0.01562 eval 1.000000
    [color_curve] step   60 loss 1.000000 |p| 0.01562 eval 1.000000
    [color_curve] step   70 loss 1.000000 |p| 0.01562 eval 1.000000
    [color_curve] step   80 loss 1.000000 |p| 0.01562 eval 1.000000
    [color_curve] early stop at step 80（連續 8 次評估未改善 > 0.0001）
  color_curve whole:adam   r=1.20  cos=1.0000 redetect=1.0 stop=early_stop@81
    [color_curve] step    0 loss 1.000000 |p| 0.01562 eval 1.000000
    [color_curve] step   10 loss 1.000000 |p| 0.01562 eval 1.000000
    [color_curve] step   20 loss 1.000000 |p| 0.01562 eval 1.000000
    [color_curve] step   30 loss 1.000000 |p| 0.01562 eval 1.000000
    [color_curve] step   40 loss 1.000000 |p| 0.01562 eval 1.000000
    [color_curve] step   50 loss 1.000000 |p| 0.01562 eval 1.000000
    [color_curve] step   60 loss 1.000000 |p| 0.01562 eval 1.000000
    [color_curve] step   70 loss 1.000000 |p| 0.01562 eval 1.000000
    [color_curve] step   80 loss 1.000000 |p| 0.01562 eval 1.000000
    [color_curve] early stop at step 80（連續 8 次評估未改善 > 0.0001）
  color_curve whole:adam   r=2.00  cos=1.0000 redetect=1.0 stop=early_stop@81
  color_curve whole:rand   r=0.02  cos=0.9999 redetect=None stop=no_params@0
  color_curve whole:rand   r=0.05  cos=0.9995 redetect=None stop=no_params@0
  color_curve whole:rand   r=0.10  cos=0.9981 redetect=None stop=no_params@0
  color_curve whole:rand   r=0.20  cos=0.9927 redetect=None stop=no_params@0
  color_curve whole:rand   r=0.30  cos=0.9839 redetect=None stop=no_params@0
  color_curve whole:rand   r=0.60  cos=0.9506 redetect=None stop=no_params@0
  color_curve whole:rand   r=1.20  cos=0.9134 redetect=None stop=no_params@0
  color_curve whole:rand   r=2.00  cos=0.8851 redetect=None stop=no_params@0

寫出 528 列到 C:\image-immunization\non-additive-frequency\runs\colour_identity_headroom\results.csv
