=== [2026-09-06 23:09:11] 燒測 ===
[purify_identity] arm=tint cat=clothing 1 格 × 3 算子
  幾何類 1 個（參照改用 編輯(p(原圖))），其餘 2 個沿用已存的 編輯(原圖)
Warning: You are sending unauthenticated requests to the HF Hub. Please set a HF_TOKEN to enable higher rate limits and faster downloads.
Loading pipeline components...:   0%|          | 0/6 [00:00<?, ?it/s]
Loading weights:   0%|          | 0/196 [00:00<?, ?it/s][ALoading weights: 100%|██████████| 196/196 [00:00<00:00, 3464.28it/s]
Loading pipeline components...:  33%|███▎      | 2/6 [00:00<00:00, 10.40it/s]Loading pipeline components...:  67%|██████▋   | 4/6 [00:00<00:00, 10.58it/s]Loading pipeline components...: 100%|██████████| 6/6 [00:00<00:00, 14.37it/s]
There are modules in AutoencoderKL that should be kept in float32: []. Casting directly with `to()` can lead to inconsistent results; set `torch_dtype` in `from_pretrained()` instead to keep these modules in float32.
/nfs/home/nelson0314/venvs/wacv/lib/python3.11/site-packages/torchvision/models/_utils.py:207: UserWarning: The parameter 'pretrained' is deprecated since 0.13 and may be removed in the future, please use 'weights' instead.
  warnings.warn(
/nfs/home/nelson0314/venvs/wacv/lib/python3.11/site-packages/torchvision/models/_utils.py:222: UserWarning: Arguments other than a weight enum or `None` for 'weights' are deprecated since 0.13 and may be removed in the future. The current behavior is equivalent to passing `weights=VGG16_Weights.IMAGENET1K_V1`. You can also use `weights=VGG16_Weights.DEFAULT` to get the most up-to-date weights.
  warnings.warn(msg)
/nfs/home/nelson0314/venvs/wacv/lib/python3.11/site-packages/diffusers/image_processor.py:724: FutureWarning: Passing `image` as torch tensor with value range in [-1,1] is deprecated. The expected value range for image tensor is [0,1] when passing as pytorch tensor or numpy Array. You passed `image` with value range [-1.0,1.0]
  warnings.warn(
Loading weights:   0%|          | 0/398 [00:00<?, ?it/s]Loading weights: 100%|██████████| 398/398 [00:00<00:00, 11230.11it/s]
[transformers] Model config: bos_token_id must be `None` or an integer within the vocabulary (between 0 and 31999), got 49406. This may result in unexpected behavior.
[transformers] Model config: eos_token_id must be `None` or an integer within the vocabulary (between 0 and 31999), got 49407. This may result in unexpected behavior.
Loading weights:   0%|          | 0/408 [00:00<?, ?it/s]Loading weights:  73%|███████▎  | 299/408 [00:00<00:00, 2984.55it/s]Loading weights: 100%|██████████| 408/408 [00:00<00:00, 2852.19it/s]
  identity             task_attr_mod_color_123744         edit_lpips=0.4238 (35s)
/nfs/home/nelson0314/venvs/wacv/lib/python3.11/site-packages/diffusers/image_processor.py:724: FutureWarning: Passing `image` as torch tensor with value range in [-1,1] is deprecated. The expected value range for image tensor is [0,1] when passing as pytorch tensor or numpy Array. You passed `image` with value range [-1.0,1.0]
  warnings.warn(
  jpeg75               task_attr_mod_color_123744         edit_lpips=0.3234 (22s)
  rotate10             task_attr_mod_color_123744         edit_lpips=0.3800 (44s)
[purify_identity] tint／clothing 收工，3 列，1.7 分
✓ 燒測通過
preflight 12 個 job 全部通過
=== [2026-09-07 01:19:58] 送出 5 張卡、10 個並行位 ===
[purify] floor/clothing dev=1
[purify] floor/accessory dev=2
[purify] floor/background dev=3
[purify] tint/clothing dev=4
[purify] tint/accessory dev=5
[purify] tint/background dev=1
[purify] free/clothing dev=2
[purify] free/accessory dev=3
[purify] free/background dev=4
[purify] rand/clothing dev=5
[purify] rand/accessory dev=1
[purify] rand/background dev=2
=== [2026-09-07 04:22:48] 12 個 job 全部收工，卡已釋出 ===
Warning: You are sending unauthenticated requests to the HF Hub. Please set a HF_TOKEN to enable higher rate limits and faster downloads.
Loading weights:   0%|          | 0/380 [00:00<?, ?it/s]Loading weights:  78%|███████▊  | 296/380 [00:00<00:00, 2958.12it/s]Loading weights: 100%|██████████| 380/380 [00:00<00:00, 2881.26it/s]
task_attr_mod_color_123744     floor_accessory_adverse_cleaner id_orig=0.00202 id_def=0.08512 臉=True iou_person=0.96735 iou_classes=0.61094(7 類)
task_attr_mod_color_202962     floor_accessory_adverse_cleaner id_orig=0.83854 id_def=0.8066 臉=True iou_person=0.98421 iou_classes=0.60888(7 類)
task_env_weather_195273        floor_accessory_adverse_cleaner id_orig=-0.01849 id_def=0.01153 臉=True iou_person=0.97943 iou_classes=0.90341(4 類)
task_env_weather_70149         floor_accessory_adverse_cleaner id_orig=0.95049 id_def=0.89891 臉=True iou_person=0.98979 iou_classes=0.49543(7 類)
task_obj_remove_257910         floor_accessory_adverse_cleaner id_orig=0.1509 id_def=0.22613 臉=True iou_person=0.96832 iou_classes=0.51632(6 類)
task_obj_remove_284852         floor_accessory_adverse_cleaner id_orig=0.5636 id_def=0.5339 臉=True iou_person=0.9479 iou_classes=0.58038(5 類)
task_obj_remove_410264         floor_accessory_adverse_cleaner id_orig=0.15523 id_def=0.2038 臉=True iou_person=0.93106 iou_classes=0.41423(8 類)
task_obj_remove_509477         floor_accessory_adverse_cleaner id_orig=0.66569 id_def=0.58761 臉=True iou_person=0.95138 iou_classes=0.44355(7 類)
task_obj_remove_720199         floor_accessory_adverse_cleaner id_orig=0.01193 id_def=-0.13241 臉=True iou_person=0.74393 iou_classes=0.28365(9 類)
task_obj_swap_joint_mask_533428 floor_accessory_adverse_cleaner id_orig=0.67673 id_def=0.65153 臉=True iou_person=0.8773 iou_classes=0.48574(7 類)
task_attr_mod_color_123744     floor_accessory_blur1.5 id_orig=0.00202 id_def=-0.09931 臉=True iou_person=0.89172 iou_classes=0.42308(7 類)
task_attr_mod_color_202962     floor_accessory_blur1.5 id_orig=0.83854 id_def=0.83402 臉=True iou_person=0.97902 iou_classes=0.44177(7 類)
task_env_weather_195273        floor_accessory_blur1.5 id_orig=-0.01849 id_def=0.35164 臉=True iou_person=0.93901 iou_classes=0.22211(6 類)
task_env_weather_70149         floor_accessory_blur1.5 id_orig=0.95049 id_def=0.96045 臉=True iou_person=0.9288 iou_classes=0.37571(8 類)
task_obj_remove_257910         floor_accessory_blur1.5 id_orig=0.1509 id_def=0.4136 臉=True iou_person=0.94793 iou_classes=0.36195(7 類)
task_obj_remove_284852         floor_accessory_blur1.5 id_orig=0.5636 id_def=0.65075 臉=True iou_person=0.83499 iou_classes=0.49715(6 類)
task_obj_remove_410264         floor_accessory_blur1.5 id_orig=0.15523 id_def=0.38932 臉=True iou_person=0.93815 iou_classes=0.26731(8 類)
task_obj_remove_509477         floor_accessory_blur1.5 id_orig=0.66569 id_def=0.70696 臉=True iou_person=0.91806 iou_classes=0.42415(6 類)
task_obj_remove_720199         floor_accessory_blur1.5 id_orig=0.01193 id_def=-0.00226 臉=True iou_person=0.36231 iou_classes=0.18789(8 類)
task_obj_swap_joint_mask_533428 floor_accessory_blur1.5 id_orig=0.67673 id_def=0.81128 臉=True iou_person=0.40019 iou_classes=0.17579(7 類)
task_attr_mod_color_123744     floor_accessory_crop_resize0.1 id_orig=0.19892 id_def=0.19892 臉=True iou_person=1.0 iou_classes=1.0(8 類)
task_attr_mod_color_202962     floor_accessory_crop_resize0.1 id_orig=0.93825 id_def=0.93825 臉=True iou_person=1.0 iou_classes=1.0(8 類)
task_env_weather_195273        floor_accessory_crop_resize0.1 id_orig=0.60152 id_def=0.60152 臉=True iou_person=1.0 iou_classes=1.0(5 類)
task_env_weather_70149         floor_accessory_crop_resize0.1 id_orig=0.96574 id_def=0.96574 臉=True iou_person=1.0 iou_classes=1.0(4 類)
task_obj_remove_257910         floor_accessory_crop_resize0.1 id_orig=0.01052 id_def=0.01052 臉=True iou_person=1.0 iou_classes=1.0(7 類)
task_obj_remove_284852         floor_accessory_crop_resize0.1 id_orig= id_def= 臉=False iou_person=1.0 iou_classes=1.0(4 類)
task_obj_remove_410264         floor_accessory_crop_resize0.1 id_orig=0.08395 id_def=0.08395 臉=True iou_person=1.0 iou_classes=1.0(5 類)
task_obj_remove_509477         floor_accessory_crop_resize0.1 id_orig=0.70893 id_def=0.70893 臉=True iou_person=1.0 iou_classes=1.0(7 類)
task_obj_remove_720199         floor_accessory_crop_resize0.1 id_orig=0.07227 id_def=0.07227 臉=True iou_person=1.0 iou_classes=1.0(7 類)
task_obj_swap_joint_mask_533428 floor_accessory_crop_resize0.1 id_orig=0.37818 id_def=0.37818 臉=True iou_person=1.0 iou_classes=1.0(6 類)
task_attr_mod_color_123744     floor_accessory_identity id_orig=0.00202 id_def=0.00202 臉=True iou_person=1.0 iou_classes=1.0(7 類)
task_attr_mod_color_202962     floor_accessory_identity id_orig=0.83854 id_def=0.83854 臉=True iou_person=1.0 iou_classes=1.0(6 類)
task_env_weather_195273        floor_accessory_identity id_orig=-0.01849 id_def=-0.01849 臉=True iou_person=1.0 iou_classes=1.0(4 類)
task_env_weather_70149         floor_accessory_identity id_orig=0.95049 id_def=0.95049 臉=True iou_person=1.0 iou_classes=1.0(6 類)
task_obj_remove_257910         floor_accessory_identity id_orig=0.1509 id_def=0.1509 臉=True iou_person=1.0 iou_classes=1.0(5 類)
task_obj_remove_284852         floor_accessory_identity id_orig=0.5636 id_def=0.5636 臉=True iou_person=1.0 iou_classes=1.0(5 類)
task_obj_remove_410264         floor_accessory_identity id_orig=0.15523 id_def=0.15523 臉=True iou_person=1.0 iou_classes=1.0(7 類)
task_obj_remove_509477         floor_accessory_identity id_orig=0.66569 id_def=0.66569 臉=True iou_person=1.0 iou_classes=1.0(6 類)
task_obj_remove_720199         floor_accessory_identity id_orig=0.01193 id_def=0.01193 臉=True iou_person=1.0 iou_classes=1.0(8 類)
task_obj_swap_joint_mask_533428 floor_accessory_identity id_orig=0.67673 id_def=0.67673 臉=True iou_person=1.0 iou_classes=1.0(7 類)
task_attr_mod_color_123744     floor_accessory_jpeg60 id_orig=0.00202 id_def=-0.02912 臉=True iou_person=0.91208 iou_classes=0.392(8 類)
task_attr_mod_color_202962     floor_accessory_jpeg60 id_orig=0.83854 id_def=0.8107 臉=True iou_person=0.98182 iou_classes=0.44303(8 類)
task_env_weather_195273        floor_accessory_jpeg60 id_orig=-0.01849 id_def=0.0436 臉=True iou_person=0.97843 iou_classes=0.51573(6 類)
task_env_weather_70149         floor_accessory_jpeg60 id_orig=0.95049 id_def=0.9238 臉=True iou_person=0.98955 iou_classes=0.67567(6 類)
task_obj_remove_257910         floor_accessory_jpeg60 id_orig=0.1509 id_def=0.36635 臉=True iou_person=0.94596 iou_classes=0.38565(8 類)
task_obj_remove_284852         floor_accessory_jpeg60 id_orig=0.5636 id_def=0.67597 臉=True iou_person=0.95228 iou_classes=0.46684(7 類)
task_obj_remove_410264         floor_accessory_jpeg60 id_orig=0.15523 id_def=-0.08415 臉=True iou_person=0.9349 iou_classes=0.51097(7 類)
task_obj_remove_509477         floor_accessory_jpeg60 id_orig=0.66569 id_def=0.64081 臉=True iou_person=0.90861 iou_classes=0.44514(6 類)
task_obj_remove_720199         floor_accessory_jpeg60 id_orig=0.01193 id_def=-0.12762 臉=True iou_person=0.75732 iou_classes=0.45991(8 類)
task_obj_swap_joint_mask_533428 floor_accessory_jpeg60 id_orig=0.67673 id_def=0.19603 臉=True iou_person=0.76714 iou_classes=0.39424(7 類)
task_attr_mod_color_123744     floor_accessory_jpeg75 id_orig=0.00202 id_def=0.02152 臉=True iou_person=0.94219 iou_classes=0.38735(8 類)
task_attr_mod_color_202962     floor_accessory_jpeg75 id_orig=0.83854 id_def=0.83071 臉=True iou_person=0.98674 iou_classes=0.75172(6 類)
task_env_weather_195273        floor_accessory_jpeg75 id_orig=-0.01849 id_def=-0.01079 臉=True iou_person=0.97882 iou_classes=0.7724(4 類)
task_env_weather_70149         floor_accessory_jpeg75 id_orig=0.95049 id_def=0.96165 臉=True iou_person=0.99182 iou_classes=0.72675(6 類)
task_obj_remove_257910         floor_accessory_jpeg75 id_orig=0.1509 id_def=0.41483 臉=True iou_person=0.95849 iou_classes=0.35664(8 類)
task_obj_remove_284852         floor_accessory_jpeg75 id_orig=0.5636 id_def=0.58924 臉=True iou_person=0.95592 iou_classes=0.67227(5 類)
task_obj_remove_410264         floor_accessory_jpeg75 id_orig=0.15523 id_def=-0.23058 臉=True iou_person=0.96388 iou_classes=0.53638(7 類)
task_obj_remove_509477         floor_accessory_jpeg75 id_orig=0.66569 id_def=0.62286 臉=True iou_person=0.92617 iou_classes=0.37671(7 類)
task_obj_remove_720199         floor_accessory_jpeg75 id_orig=0.01193 id_def=-0.21159 臉=True iou_person=0.76095 iou_classes=0.21996(10 類)
task_obj_swap_joint_mask_533428 floor_accessory_jpeg75 id_orig=0.67673 id_def=0.71016 臉=True iou_person=0.90602 iou_classes=0.45034(8 類)
task_attr_mod_color_123744     floor_accessory_jpeg80 id_orig=0.00202 id_def=0.06506 臉=True iou_person=0.95833 iou_classes=0.59552(7 類)
task_attr_mod_color_202962     floor_accessory_jpeg80 id_orig=0.83854 id_def=0.86174 臉=True iou_person=0.98652 iou_classes=0.75135(6 類)
task_env_weather_195273        floor_accessory_jpeg80 id_orig=-0.01849 id_def=0.003 臉=True iou_person=0.97804 iou_classes=0.55411(6 類)
task_env_weather_70149         floor_accessory_jpeg80 id_orig=0.95049 id_def=0.94345 臉=True iou_person=0.99235 iou_classes=0.69119(6 類)
task_obj_remove_257910         floor_accessory_jpeg80 id_orig=0.1509 id_def=0.00097 臉=True iou_person=0.9717 iou_classes=0.46157(7 類)
task_obj_remove_284852         floor_accessory_jpeg80 id_orig=0.5636 id_def=0.57018 臉=True iou_person=0.96616 iou_classes=0.67751(5 類)
task_obj_remove_410264         floor_accessory_jpeg80 id_orig=0.15523 id_def=0.0756 臉=True iou_person=0.97517 iou_classes=0.55367(7 類)
task_obj_remove_509477         floor_accessory_jpeg80 id_orig=0.66569 id_def=0.58738 臉=True iou_person=0.92482 iou_classes=0.47128(6 類)
task_obj_remove_720199         floor_accessory_jpeg80 id_orig=0.01193 id_def=-0.16777 臉=True iou_person=0.817 iou_classes=0.4892(8 類)
task_obj_swap_joint_mask_533428 floor_accessory_jpeg80 id_orig=0.67673 id_def=0.70347 臉=True iou_person=0.90611 iou_classes=0.47746(8 類)
task_attr_mod_color_123744     floor_accessory_jpeg90 id_orig=0.00202 id_def=-0.14966 臉=True iou_person=0.96045 iou_classes=0.48288(7 類)
task_attr_mod_color_202962     floor_accessory_jpeg90 id_orig=0.83854 id_def=0.83047 臉=True iou_person=0.9875 iou_classes=0.79268(6 類)
task_env_weather_195273        floor_accessory_jpeg90 id_orig=-0.01849 id_def=0.01172 臉=True iou_person=0.97938 iou_classes=0.57246(6 類)
task_env_weather_70149         floor_accessory_jpeg90 id_orig=0.95049 id_def=0.94021 臉=True iou_person=0.99515 iou_classes=0.64744(7 類)
task_obj_remove_257910         floor_accessory_jpeg90 id_orig=0.1509 id_def=0.16434 臉=True iou_person=0.96 iou_classes=0.55135(6 類)
task_obj_remove_284852         floor_accessory_jpeg90 id_orig=0.5636 id_def=0.61218 臉=True iou_person=0.96514 iou_classes=0.70206(5 類)
task_obj_remove_410264         floor_accessory_jpeg90 id_orig=0.15523 id_def=0.17322 臉=True iou_person=0.98609 iou_classes=0.66057(7 類)
task_obj_remove_509477         floor_accessory_jpeg90 id_orig=0.66569 id_def=0.61961 臉=True iou_person=0.95752 iou_classes=0.37177(9 類)
task_obj_remove_720199         floor_accessory_jpeg90 id_orig=0.01193 id_def=0.00819 臉=True iou_person=0.87567 iou_classes=0.56702(8 類)
task_obj_swap_joint_mask_533428 floor_accessory_jpeg90 id_orig=0.67673 id_def=0.62728 臉=True iou_person=0.90544 iou_classes=0.62532(7 類)
task_attr_mod_color_123744     floor_accessory_jpeg_then_resize75 id_orig=0.18287 id_def=0.18287 臉=True iou_person=1.0 iou_classes=1.0(7 類)
task_attr_mod_color_202962     floor_accessory_jpeg_then_resize75 id_orig=0.88571 id_def=0.88571 臉=True iou_person=1.0 iou_classes=1.0(6 類)
task_env_weather_195273        floor_accessory_jpeg_then_resize75 id_orig=0.16316 id_def=0.16316 臉=True iou_person=1.0 iou_classes=1.0(5 類)
task_env_weather_70149         floor_accessory_jpeg_then_resize75 id_orig=0.95318 id_def=0.95318 臉=True iou_person=1.0 iou_classes=1.0(7 類)
task_obj_remove_257910         floor_accessory_jpeg_then_resize75 id_orig=0.24396 id_def=0.24396 臉=True iou_person=1.0 iou_classes=1.0(7 類)
task_obj_remove_284852         floor_accessory_jpeg_then_resize75 id_orig=0.64884 id_def=0.64884 臉=True iou_person=1.0 iou_classes=1.0(5 類)
task_obj_remove_410264         floor_accessory_jpeg_then_resize75 id_orig=0.26781 id_def=0.26781 臉=True iou_person=1.0 iou_classes=1.0(6 類)
task_obj_remove_509477         floor_accessory_jpeg_then_resize75 id_orig=0.61185 id_def=0.61185 臉=True iou_person=1.0 iou_classes=1.0(6 類)
task_obj_remove_720199         floor_accessory_jpeg_then_resize75 id_orig=-0.13095 id_def=-0.13095 臉=True iou_person=1.0 iou_classes=1.0(7 類)
task_obj_swap_joint_mask_533428 floor_accessory_jpeg_then_resize75 id_orig=0.70318 id_def=0.70318 臉=True iou_person=1.0 iou_classes=1.0(7 類)
task_attr_mod_color_123744     floor_accessory_quantize8 id_orig=0.00202 id_def=0.2239 臉=True iou_person=0.91937 iou_classes=0.40635(7 類)
task_attr_mod_color_202962     floor_accessory_quantize8 id_orig=0.83854 id_def=0.57231 臉=True iou_person=0.94949 iou_classes=0.35228(7 類)
task_env_weather_195273        floor_accessory_quantize8 id_orig=-0.01849 id_def=0.23527 臉=True iou_person=0.9665 iou_classes=0.665(4 類)
task_env_weather_70149         floor_accessory_quantize8 id_orig=0.95049 id_def=0.75862 臉=True iou_person=0.96389 iou_classes=0.53719(6 類)
task_obj_remove_257910         floor_accessory_quantize8 id_orig=0.1509 id_def=0.34557 臉=True iou_person=0.96368 iou_classes=0.30774(9 類)
task_obj_remove_284852         floor_accessory_quantize8 id_orig=0.5636 id_def=0.40237 臉=True iou_person=0.65158 iou_classes=0.32041(7 類)
task_obj_remove_410264         floor_accessory_quantize8 id_orig=0.15523 id_def=0.15642 臉=True iou_person=0.81499 iou_classes=0.26854(8 類)
task_obj_remove_509477         floor_accessory_quantize8 id_orig=0.66569 id_def=0.63241 臉=True iou_person=0.92493 iou_classes=0.44655(6 類)
task_obj_remove_720199         floor_accessory_quantize8 id_orig=0.01193 id_def=-0.06133 臉=True iou_person=0.80126 iou_classes=0.3156(8 類)
task_obj_swap_joint_mask_533428 floor_accessory_quantize8 id_orig=0.67673 id_def=0.87052 臉=True iou_person=0.76514 iou_classes=0.30337(7 類)
task_attr_mod_color_123744     floor_accessory_resize_only id_orig=0.11632 id_def=0.11632 臉=True iou_person=1.0 iou_classes=1.0(8 類)
task_attr_mod_color_202962     floor_accessory_resize_only id_orig=0.89241 id_def=0.89241 臉=True iou_person=1.0 iou_classes=1.0(6 類)
task_env_weather_195273        floor_accessory_resize_only id_orig=0.14305 id_def=0.14305 臉=True iou_person=1.0 iou_classes=1.0(4 類)
task_env_weather_70149         floor_accessory_resize_only id_orig=0.96521 id_def=0.96521 臉=True iou_person=1.0 iou_classes=1.0(8 類)
task_obj_remove_257910         floor_accessory_resize_only id_orig=0.31643 id_def=0.31643 臉=True iou_person=1.0 iou_classes=1.0(7 類)
task_obj_remove_284852         floor_accessory_resize_only id_orig=0.63916 id_def=0.63916 臉=True iou_person=1.0 iou_classes=1.0(5 類)
task_obj_remove_410264         floor_accessory_resize_only id_orig=0.30181 id_def=0.30181 臉=True iou_person=1.0 iou_classes=1.0(4 類)
task_obj_remove_509477         floor_accessory_resize_only id_orig=0.54481 id_def=0.54481 臉=True iou_person=1.0 iou_classes=1.0(6 類)
task_obj_remove_720199         floor_accessory_resize_only id_orig=-0.06346 id_def=-0.06346 臉=True iou_person=1.0 iou_classes=1.0(7 類)
task_obj_swap_joint_mask_533428 floor_accessory_resize_only id_orig=0.73272 id_def=0.73272 臉=True iou_person=1.0 iou_classes=1.0(6 類)
task_attr_mod_color_123744     floor_accessory_rotate10 id_orig=-0.09178 id_def=-0.09178 臉=True iou_person=1.0 iou_classes=1.0(7 類)
task_attr_mod_color_202962     floor_accessory_rotate10 id_orig=0.88834 id_def=0.88834 臉=True iou_person=1.0 iou_classes=1.0(6 類)
task_env_weather_195273        floor_accessory_rotate10 id_orig=0.08677 id_def=0.08677 臉=True iou_person=1.0 iou_classes=1.0(5 類)
task_env_weather_70149         floor_accessory_rotate10 id_orig=0.94198 id_def=0.94198 臉=True iou_person=1.0 iou_classes=1.0(7 類)
task_obj_remove_257910         floor_accessory_rotate10 id_orig=0.22222 id_def=0.22222 臉=True iou_person=1.0 iou_classes=1.0(6 類)
task_obj_remove_284852         floor_accessory_rotate10 id_orig=0.56295 id_def=0.56295 臉=True iou_person=1.0 iou_classes=1.0(5 類)
task_obj_remove_410264         floor_accessory_rotate10 id_orig=0.18346 id_def=0.18346 臉=True iou_person=1.0 iou_classes=1.0(5 類)
task_obj_remove_509477         floor_accessory_rotate10 id_orig=0.58168 id_def=0.58168 臉=True iou_person=1.0 iou_classes=1.0(6 類)
task_obj_remove_720199         floor_accessory_rotate10 id_orig=-0.0661 id_def=-0.0661 臉=True iou_person=1.0 iou_classes=1.0(7 類)
task_obj_swap_joint_mask_533428 floor_accessory_rotate10 id_orig=0.69557 id_def=0.69557 臉=True iou_person=1.0 iou_classes=1.0(6 類)
task_attr_mod_color_123744     floor_background_adverse_cleaner id_orig=0.8867 id_def=0.87445 臉=True iou_person=0.95345 iou_classes=0.57699(11 類)
task_attr_mod_color_202962     floor_background_adverse_cleaner id_orig=0.84716 id_def=0.74895 臉=True iou_person=0.92458 iou_classes=0.41374(8 類)
task_env_weather_195273        floor_background_adverse_cleaner id_orig=0.91921 id_def=0.91503 臉=True iou_person=0.97485 iou_classes=0.64993(11 類)
task_env_weather_70149         floor_background_adverse_cleaner id_orig=0.93106 id_def=0.95122 臉=True iou_person=0.99469 iou_classes=0.64072(9 類)
task_obj_remove_257910         floor_background_adverse_cleaner id_orig=0.66048 id_def=-0.10466 臉=True iou_person=0.95923 iou_classes=0.50391(8 類)
task_obj_remove_284852         floor_background_adverse_cleaner id_orig=0.9167 id_def=0.89892 臉=True iou_person=0.67499 iou_classes=0.44184(7 類)
task_obj_remove_410264         floor_background_adverse_cleaner id_orig=0.97162 id_def=0.89359 臉=True iou_person=0.82067 iou_classes=0.45123(6 類)
task_obj_remove_509477         floor_background_adverse_cleaner id_orig=0.88801 id_def=0.91903 臉=True iou_person=0.96933 iou_classes=0.80873(7 類)
task_obj_remove_720199         floor_background_adverse_cleaner id_orig=0.55912 id_def=0.08291 臉=True iou_person=0.8181 iou_classes=0.34746(8 類)
task_obj_swap_joint_mask_533428 floor_background_adverse_cleaner id_orig=0.84091 id_def=0.78664 臉=True iou_person=0.9643 iou_classes=0.86298(7 類)
task_attr_mod_color_123744     floor_background_blur1.5 id_orig=0.8867 id_def=0.85144 臉=True iou_person=0.88511 iou_classes=0.2083(11 類)
task_attr_mod_color_202962     floor_background_blur1.5 id_orig=0.84716 id_def=0.70167 臉=True iou_person=0.94909 iou_classes=0.37793(8 類)
task_env_weather_195273        floor_background_blur1.5 id_orig=0.91921 id_def=0.88848 臉=True iou_person=0.86382 iou_classes=0.29731(12 類)
task_env_weather_70149         floor_background_blur1.5 id_orig=0.93106 id_def=0.95699 臉=True iou_person=0.98697 iou_classes=0.55337(9 類)
task_obj_remove_257910         floor_background_blur1.5 id_orig=0.66048 id_def=0.66026 臉=True iou_person=0.97338 iou_classes=0.55542(8 類)
task_obj_remove_284852         floor_background_blur1.5 id_orig=0.9167 id_def=0.10631 臉=True iou_person=0.81631 iou_classes=0.42003(7 類)
task_obj_remove_410264         floor_background_blur1.5 id_orig=0.97162 id_def=0.88981 臉=True iou_person=0.93957 iou_classes=0.55222(5 類)
task_obj_remove_509477         floor_background_blur1.5 id_orig=0.88801 id_def=0.84709 臉=True iou_person=0.87258 iou_classes=0.60937(7 類)
task_obj_remove_720199         floor_background_blur1.5 id_orig=0.55912 id_def=0.15648 臉=True iou_person=0.75766 iou_classes=0.34428(7 類)
task_obj_swap_joint_mask_533428 floor_background_blur1.5 id_orig=0.84091 id_def=0.83442 臉=True iou_person=0.86076 iou_classes=0.77796(7 類)
task_attr_mod_color_123744     floor_background_crop_resize0.1 id_orig=0.96009 id_def=0.96009 臉=True iou_person=1.0 iou_classes=1.0(8 類)
task_attr_mod_color_202962     floor_background_crop_resize0.1 id_orig=0.8723 id_def=0.8723 臉=True iou_person=1.0 iou_classes=1.0(7 類)
task_env_weather_195273        floor_background_crop_resize0.1 id_orig=0.98076 id_def=0.98076 臉=True iou_person=1.0 iou_classes=1.0(6 類)
task_env_weather_70149         floor_background_crop_resize0.1 id_orig=0.94317 id_def=0.94317 臉=True iou_person=1.0 iou_classes=1.0(9 類)
task_obj_remove_257910         floor_background_crop_resize0.1 id_orig=0.82593 id_def=0.82593 臉=True iou_person=1.0 iou_classes=1.0(9 類)
task_obj_remove_284852         floor_background_crop_resize0.1 id_orig=0.64359 id_def=0.64359 臉=True iou_person=1.0 iou_classes=1.0(3 類)
task_obj_remove_410264         floor_background_crop_resize0.1 id_orig=0.92147 id_def=0.92147 臉=True iou_person=1.0 iou_classes=1.0(5 類)
task_obj_remove_509477         floor_background_crop_resize0.1 id_orig=0.81204 id_def=0.81204 臉=True iou_person=1.0 iou_classes=1.0(7 類)
task_obj_remove_720199         floor_background_crop_resize0.1 id_orig=0.73607 id_def=0.73607 臉=True iou_person=1.0 iou_classes=1.0(5 類)
task_obj_swap_joint_mask_533428 floor_background_crop_resize0.1 id_orig=0.29303 id_def=0.29303 臉=True iou_person=1.0 iou_classes=1.0(8 類)
task_attr_mod_color_123744     floor_background_identity id_orig=0.8867 id_def=0.8867 臉=True iou_person=1.0 iou_classes=1.0(11 類)
task_attr_mod_color_202962     floor_background_identity id_orig=0.84716 id_def=0.84716 臉=True iou_person=1.0 iou_classes=1.0(8 類)
task_env_weather_195273        floor_background_identity id_orig=0.91921 id_def=0.91921 臉=True iou_person=1.0 iou_classes=1.0(10 類)
task_env_weather_70149         floor_background_identity id_orig=0.93106 id_def=0.93106 臉=True iou_person=1.0 iou_classes=1.0(8 類)
task_obj_remove_257910         floor_background_identity id_orig=0.66048 id_def=0.66048 臉=True iou_person=1.0 iou_classes=1.0(8 類)
task_obj_remove_284852         floor_background_identity id_orig=0.9167 id_def=0.9167 臉=True iou_person=1.0 iou_classes=1.0(6 類)
task_obj_remove_410264         floor_background_identity id_orig=0.97162 id_def=0.97162 臉=True iou_person=1.0 iou_classes=1.0(4 類)
task_obj_remove_509477         floor_background_identity id_orig=0.88801 id_def=0.88801 臉=True iou_person=1.0 iou_classes=1.0(7 類)
task_obj_remove_720199         floor_background_identity id_orig=0.55912 id_def=0.55912 臉=True iou_person=1.0 iou_classes=1.0(6 類)
task_obj_swap_joint_mask_533428 floor_background_identity id_orig=0.84091 id_def=0.84091 臉=True iou_person=1.0 iou_classes=1.0(7 類)
task_attr_mod_color_123744     floor_background_jpeg60 id_orig=0.8867 id_def=0.89034 臉=True iou_person=0.93916 iou_classes=0.40075(12 類)
task_attr_mod_color_202962     floor_background_jpeg60 id_orig=0.84716 id_def=0.82036 臉=True iou_person=0.97888 iou_classes=0.42267(9 類)
task_env_weather_195273        floor_background_jpeg60 id_orig=0.91921 id_def= 臉=False iou_person=0.928 iou_classes=0.35687(12 類)
task_env_weather_70149         floor_background_jpeg60 id_orig=0.93106 id_def=0.9284 臉=True iou_person=0.9934 iou_classes=0.63939(8 類)
task_obj_remove_257910         floor_background_jpeg60 id_orig=0.66048 id_def=0.71725 臉=True iou_person=0.97644 iou_classes=0.54898(8 類)
task_obj_remove_284852         floor_background_jpeg60 id_orig=0.9167 id_def=0.94964 臉=True iou_person=0.83598 iou_classes=0.68456(6 類)
task_obj_remove_410264         floor_background_jpeg60 id_orig=0.97162 id_def=0.96798 臉=True iou_person=0.96313 iou_classes=0.79596(4 類)
task_obj_remove_509477         floor_background_jpeg60 id_orig=0.88801 id_def=0.92012 臉=True iou_person=0.93846 iou_classes=0.73602(7 類)
task_obj_remove_720199         floor_background_jpeg60 id_orig=0.55912 id_def=0.1547 臉=True iou_person=0.82906 iou_classes=0.498(7 類)
task_obj_swap_joint_mask_533428 floor_background_jpeg60 id_orig=0.84091 id_def=0.79777 臉=True iou_person=0.93858 iou_classes=0.84655(7 類)
task_attr_mod_color_123744     floor_background_jpeg75 id_orig=0.8867 id_def=0.89287 臉=True iou_person=0.93758 iou_classes=0.36972(12 類)
task_attr_mod_color_202962     floor_background_jpeg75 id_orig=0.84716 id_def=0.8739 臉=True iou_person=0.9799 iou_classes=0.49101(9 類)
task_env_weather_195273        floor_background_jpeg75 id_orig=0.91921 id_def=0.90758 臉=True iou_person=0.91908 iou_classes=0.40499(12 類)
task_env_weather_70149         floor_background_jpeg75 id_orig=0.93106 id_def=0.94845 臉=True iou_person=0.99527 iou_classes=0.60995(8 類)
task_obj_remove_257910         floor_background_jpeg75 id_orig=0.66048 id_def=0.73528 臉=True iou_person=0.97793 iou_classes=0.37396(10 類)
task_obj_remove_284852         floor_background_jpeg75 id_orig=0.9167 id_def=0.93535 臉=True iou_person=0.87322 iou_classes=0.70511(6 類)
task_obj_remove_410264         floor_background_jpeg75 id_orig=0.97162 id_def=0.98307 臉=True iou_person=0.98072 iou_classes=0.89382(4 類)
task_obj_remove_509477         floor_background_jpeg75 id_orig=0.88801 id_def=0.93118 臉=True iou_person=0.96269 iou_classes=0.78319(7 類)
task_obj_remove_720199         floor_background_jpeg75 id_orig=0.55912 id_def=0.59525 臉=True iou_person=0.82971 iou_classes=0.55425(7 類)
task_obj_swap_joint_mask_533428 floor_background_jpeg75 id_orig=0.84091 id_def=0.83347 臉=True iou_person=0.95877 iou_classes=0.85916(7 類)
task_attr_mod_color_123744     floor_background_jpeg80 id_orig=0.8867 id_def=0.89988 臉=True iou_person=0.95105 iou_classes=0.45147(11 類)
task_attr_mod_color_202962     floor_background_jpeg80 id_orig=0.84716 id_def=0.87869 臉=True iou_person=0.98405 iou_classes=0.4957(9 類)
task_env_weather_195273        floor_background_jpeg80 id_orig=0.91921 id_def=0.8956 臉=True iou_person=0.92815 iou_classes=0.46575(12 類)
task_env_weather_70149         floor_background_jpeg80 id_orig=0.93106 id_def=0.93143 臉=True iou_person=0.99525 iou_classes=0.60411(8 類)
task_obj_remove_257910         floor_background_jpeg80 id_orig=0.66048 id_def=-0.15069 臉=True iou_person=0.98351 iou_classes=0.44116(10 類)
task_obj_remove_284852         floor_background_jpeg80 id_orig=0.9167 id_def=0.92054 臉=True iou_person=0.9101 iou_classes=0.73809(6 類)
task_obj_remove_410264         floor_background_jpeg80 id_orig=0.97162 id_def=0.98077 臉=True iou_person=0.98541 iou_classes=0.72162(5 類)
task_obj_remove_509477         floor_background_jpeg80 id_orig=0.88801 id_def=0.897 臉=True iou_person=0.95454 iou_classes=0.7871(7 類)
task_obj_remove_720199         floor_background_jpeg80 id_orig=0.55912 id_def=0.63326 臉=True iou_person=0.89762 iou_classes=0.59837(8 類)
task_obj_swap_joint_mask_533428 floor_background_jpeg80 id_orig=0.84091 id_def=0.82296 臉=True iou_person=0.97082 iou_classes=0.9171(7 類)
task_attr_mod_color_123744     floor_background_jpeg90 id_orig=0.8867 id_def=0.88372 臉=True iou_person=0.96226 iou_classes=0.57787(11 類)
task_attr_mod_color_202962     floor_background_jpeg90 id_orig=0.84716 id_def=0.87146 臉=True iou_person=0.98886 iou_classes=0.58327(8 類)
task_env_weather_195273        floor_background_jpeg90 id_orig=0.91921 id_def=0.91422 臉=True iou_person=0.97183 iou_classes=0.60457(11 類)
task_env_weather_70149         floor_background_jpeg90 id_orig=0.93106 id_def=0.93741 臉=True iou_person=0.99664 iou_classes=0.74823(8 類)
task_obj_remove_257910         floor_background_jpeg90 id_orig=0.66048 id_def=0.49495 臉=True iou_person=0.98194 iou_classes=0.59065(8 類)
task_obj_remove_284852         floor_background_jpeg90 id_orig=0.9167 id_def=0.93233 臉=True iou_person=0.8972 iou_classes=0.59737(7 類)
task_obj_remove_410264         floor_background_jpeg90 id_orig=0.97162 id_def=0.97356 臉=True iou_person=0.97907 iou_classes=0.88514(4 類)
task_obj_remove_509477         floor_background_jpeg90 id_orig=0.88801 id_def=0.90324 臉=True iou_person=0.97742 iou_classes=0.82161(7 類)
task_obj_remove_720199         floor_background_jpeg90 id_orig=0.55912 id_def=0.74097 臉=True iou_person=0.87521 iou_classes=0.54815(8 類)
task_obj_swap_joint_mask_533428 floor_background_jpeg90 id_orig=0.84091 id_def=0.82386 臉=True iou_person=0.97407 iou_classes=0.94018(7 類)
task_attr_mod_color_123744     floor_background_jpeg_then_resize75 id_orig=0.89006 id_def=0.89006 臉=True iou_person=1.0 iou_classes=1.0(11 類)
task_attr_mod_color_202962     floor_background_jpeg_then_resize75 id_orig=0.8349 id_def=0.8349 臉=True iou_person=1.0 iou_classes=1.0(8 類)
task_env_weather_195273        floor_background_jpeg_then_resize75 id_orig=0.90104 id_def=0.90104 臉=True iou_person=1.0 iou_classes=1.0(10 類)
task_env_weather_70149         floor_background_jpeg_then_resize75 id_orig=0.91012 id_def=0.91012 臉=True iou_person=1.0 iou_classes=1.0(7 類)
task_obj_remove_257910         floor_background_jpeg_then_resize75 id_orig=0.80872 id_def=0.80872 臉=True iou_person=1.0 iou_classes=1.0(8 類)
task_obj_remove_284852         floor_background_jpeg_then_resize75 id_orig=0.89772 id_def=0.89772 臉=True iou_person=1.0 iou_classes=1.0(5 類)
task_obj_remove_410264         floor_background_jpeg_then_resize75 id_orig=0.88405 id_def=0.88405 臉=True iou_person=1.0 iou_classes=1.0(5 類)
task_obj_remove_509477         floor_background_jpeg_then_resize75 id_orig=0.93618 id_def=0.93618 臉=True iou_person=1.0 iou_classes=1.0(7 類)
task_obj_remove_720199         floor_background_jpeg_then_resize75 id_orig=0.56335 id_def=0.56335 臉=True iou_person=1.0 iou_classes=1.0(7 類)
task_obj_swap_joint_mask_533428 floor_background_jpeg_then_resize75 id_orig=0.88075 id_def=0.88075 臉=True iou_person=1.0 iou_classes=1.0(7 類)
task_attr_mod_color_123744     floor_background_quantize8 id_orig=0.8867 id_def=0.75186 臉=True iou_person=0.91066 iou_classes=0.19766(13 類)
task_attr_mod_color_202962     floor_background_quantize8 id_orig=0.84716 id_def=0.79569 臉=True iou_person=0.97641 iou_classes=0.32751(10 類)
task_env_weather_195273        floor_background_quantize8 id_orig=0.91921 id_def=0.94547 臉=True iou_person=0.95511 iou_classes=0.61965(10 類)
task_env_weather_70149         floor_background_quantize8 id_orig=0.93106 id_def=0.79398 臉=True iou_person=0.98852 iou_classes=0.4159(10 類)
task_obj_remove_257910         floor_background_quantize8 id_orig=0.66048 id_def=0.47125 臉=True iou_person=0.95268 iou_classes=0.36133(9 類)
task_obj_remove_284852         floor_background_quantize8 id_orig=0.9167 id_def=0.87223 臉=True iou_person=0.6065 iou_classes=0.35853(8 類)
task_obj_remove_410264         floor_background_quantize8 id_orig=0.97162 id_def=0.95038 臉=True iou_person=0.89083 iou_classes=0.68408(4 類)
task_obj_remove_509477         floor_background_quantize8 id_orig=0.88801 id_def=0.85964 臉=True iou_person=0.90606 iou_classes=0.7176(7 類)
task_obj_remove_720199         floor_background_quantize8 id_orig=0.55912 id_def= 臉=False iou_person=0.66883 iou_classes=0.18309(9 類)
task_obj_swap_joint_mask_533428 floor_background_quantize8 id_orig=0.84091 id_def=0.83221 臉=True iou_person=0.80401 iou_classes=0.60394(7 類)
task_attr_mod_color_123744     floor_background_resize_only id_orig=0.91229 id_def=0.91229 臉=True iou_person=1.0 iou_classes=1.0(11 類)
task_attr_mod_color_202962     floor_background_resize_only id_orig=0.87182 id_def=0.87182 臉=True iou_person=1.0 iou_classes=1.0(6 類)
task_env_weather_195273        floor_background_resize_only id_orig=0.86271 id_def=0.86271 臉=True iou_person=1.0 iou_classes=1.0(9 類)
task_env_weather_70149         floor_background_resize_only id_orig=0.96319 id_def=0.96319 臉=True iou_person=1.0 iou_classes=1.0(8 類)
task_obj_remove_257910         floor_background_resize_only id_orig=0.7159 id_def=0.7159 臉=True iou_person=1.0 iou_classes=1.0(10 類)
task_obj_remove_284852         floor_background_resize_only id_orig=0.07569 id_def=0.07569 臉=True iou_person=1.0 iou_classes=1.0(6 類)
task_obj_remove_410264         floor_background_resize_only id_orig=0.9331 id_def=0.9331 臉=True iou_person=1.0 iou_classes=1.0(5 類)
task_obj_remove_509477         floor_background_resize_only id_orig=0.92294 id_def=0.92294 臉=True iou_person=1.0 iou_classes=1.0(7 類)
task_obj_remove_720199         floor_background_resize_only id_orig=0.0393 id_def=0.0393 臉=True iou_person=1.0 iou_classes=1.0(7 類)
task_obj_swap_joint_mask_533428 floor_background_resize_only id_orig=0.88706 id_def=0.88706 臉=True iou_person=1.0 iou_classes=1.0(7 類)
task_attr_mod_color_123744     floor_background_rotate10 id_orig=0.91301 id_def=0.91301 臉=True iou_person=1.0 iou_classes=1.0(11 類)
task_attr_mod_color_202962     floor_background_rotate10 id_orig=0.87775 id_def=0.87775 臉=True iou_person=1.0 iou_classes=1.0(7 類)
task_env_weather_195273        floor_background_rotate10 id_orig=0.91401 id_def=0.91401 臉=True iou_person=1.0 iou_classes=1.0(10 類)
task_env_weather_70149         floor_background_rotate10 id_orig=0.927 id_def=0.927 臉=True iou_person=1.0 iou_classes=1.0(8 類)
task_obj_remove_257910         floor_background_rotate10 id_orig=0.7532 id_def=0.7532 臉=True iou_person=1.0 iou_classes=1.0(11 類)
task_obj_remove_284852         floor_background_rotate10 id_orig=0.93818 id_def=0.93818 臉=True iou_person=1.0 iou_classes=1.0(6 類)
task_obj_remove_410264         floor_background_rotate10 id_orig=0.96271 id_def=0.96271 臉=True iou_person=1.0 iou_classes=1.0(4 類)
task_obj_remove_509477         floor_background_rotate10 id_orig=0.89828 id_def=0.89828 臉=True iou_person=1.0 iou_classes=1.0(6 類)
task_obj_remove_720199         floor_background_rotate10 id_orig=0.58346 id_def=0.58346 臉=True iou_person=1.0 iou_classes=1.0(7 類)
task_obj_swap_joint_mask_533428 floor_background_rotate10 id_orig=0.84442 id_def=0.84442 臉=True iou_person=1.0 iou_classes=1.0(7 類)
task_attr_mod_color_123744     floor_clothing_adverse_cleaner id_orig=0.90754 id_def=0.89518 臉=True iou_person=0.93806 iou_classes=0.49492(12 類)
task_attr_mod_color_202962     floor_clothing_adverse_cleaner id_orig=0.86413 id_def=0.81854 臉=True iou_person=0.9725 iou_classes=0.73609(10 類)
task_env_weather_195273        floor_clothing_adverse_cleaner id_orig=0.92152 id_def=0.91348 臉=True iou_person=0.9356 iou_classes=0.65145(7 類)
task_env_weather_70149         floor_clothing_adverse_cleaner id_orig=0.94415 id_def=0.94453 臉=True iou_person=0.98845 iou_classes=0.49957(10 類)
task_obj_remove_257910         floor_clothing_adverse_cleaner id_orig=0.61457 id_def=0.6935 臉=True iou_person=0.98872 iou_classes=0.40401(9 類)
task_obj_remove_284852         floor_clothing_adverse_cleaner id_orig=0.92717 id_def=0.92435 臉=True iou_person=0.87067 iou_classes=0.6639(7 類)
task_obj_remove_410264         floor_clothing_adverse_cleaner id_orig=0.97194 id_def=0.92914 臉=True iou_person=0.98452 iou_classes=0.62504(5 類)
task_obj_remove_509477         floor_clothing_adverse_cleaner id_orig=0.89955 id_def=0.91091 臉=True iou_person=0.93809 iou_classes=0.75977(6 類)
task_obj_remove_720199         floor_clothing_adverse_cleaner id_orig=0.69671 id_def=0.16069 臉=True iou_person=0.94713 iou_classes=0.39627(10 類)
task_obj_swap_joint_mask_533428 floor_clothing_adverse_cleaner id_orig=0.8842 id_def=0.88328 臉=True iou_person=0.9699 iou_classes=0.74534(8 類)
task_attr_mod_color_123744     floor_clothing_blur1.5 id_orig=0.90754 id_def=0.877 臉=True iou_person=0.87359 iou_classes=0.18769(13 類)
task_attr_mod_color_202962     floor_clothing_blur1.5 id_orig=0.86413 id_def=0.90607 臉=True iou_person=0.97573 iou_classes=0.51884(10 類)
task_env_weather_195273        floor_clothing_blur1.5 id_orig=0.92152 id_def=0.85905 臉=True iou_person=0.84383 iou_classes=0.32604(7 類)
task_env_weather_70149         floor_clothing_blur1.5 id_orig=0.94415 id_def=0.96495 臉=True iou_person=0.96924 iou_classes=0.33168(9 類)
task_obj_remove_257910         floor_clothing_blur1.5 id_orig=0.61457 id_def=0.76224 臉=True iou_person=0.98291 iou_classes=0.37554(9 類)
task_obj_remove_284852         floor_clothing_blur1.5 id_orig=0.92717 id_def=0.93955 臉=True iou_person=0.96308 iou_classes=0.49885(7 類)
task_obj_remove_410264         floor_clothing_blur1.5 id_orig=0.97194 id_def=0.97034 臉=True iou_person=0.99093 iou_classes=0.61616(5 類)
task_obj_remove_509477         floor_clothing_blur1.5 id_orig=0.89955 id_def=0.89318 臉=True iou_person=0.76216 iou_classes=0.55949(6 類)
task_obj_remove_720199         floor_clothing_blur1.5 id_orig=0.69671 id_def=0.17679 臉=True iou_person=0.85763 iou_classes=0.26391(9 類)
task_obj_swap_joint_mask_533428 floor_clothing_blur1.5 id_orig=0.8842 id_def=0.8374 臉=True iou_person=0.87483 iou_classes=0.59574(8 類)
task_attr_mod_color_123744     floor_clothing_crop_resize0.1 id_orig=0.96538 id_def=0.96538 臉=True iou_person=1.0 iou_classes=1.0(9 類)
task_attr_mod_color_202962     floor_clothing_crop_resize0.1 id_orig=0.90569 id_def=0.90569 臉=True iou_person=1.0 iou_classes=1.0(8 類)
task_env_weather_195273        floor_clothing_crop_resize0.1 id_orig=0.96859 id_def=0.96859 臉=True iou_person=1.0 iou_classes=1.0(5 類)
task_env_weather_70149         floor_clothing_crop_resize0.1 id_orig=0.97614 id_def=0.97614 臉=True iou_person=1.0 iou_classes=1.0(8 類)
task_obj_remove_257910         floor_clothing_crop_resize0.1 id_orig=0.78948 id_def=0.78948 臉=True iou_person=1.0 iou_classes=1.0(7 類)
task_obj_remove_284852         floor_clothing_crop_resize0.1 id_orig=0.6705 id_def=0.6705 臉=True iou_person=1.0 iou_classes=1.0(7 類)
task_obj_remove_410264         floor_clothing_crop_resize0.1 id_orig=0.94498 id_def=0.94498 臉=True iou_person=1.0 iou_classes=1.0(5 類)
task_obj_remove_509477         floor_clothing_crop_resize0.1 id_orig=0.72122 id_def=0.72122 臉=True iou_person=1.0 iou_classes=1.0(5 類)
task_obj_remove_720199         floor_clothing_crop_resize0.1 id_orig=0.00708 id_def=0.00708 臉=True iou_person=1.0 iou_classes=1.0(6 類)
task_obj_swap_joint_mask_533428 floor_clothing_crop_resize0.1 id_orig=0.28658 id_def=0.28658 臉=True iou_person=1.0 iou_classes=1.0(9 類)
task_attr_mod_color_123744     floor_clothing_identity id_orig=0.90754 id_def=0.90754 臉=True iou_person=1.0 iou_classes=1.0(12 類)
task_attr_mod_color_202962     floor_clothing_identity id_orig=0.86413 id_def=0.86413 臉=True iou_person=1.0 iou_classes=1.0(10 類)
task_env_weather_195273        floor_clothing_identity id_orig=0.92152 id_def=0.92152 臉=True iou_person=1.0 iou_classes=1.0(6 類)
task_env_weather_70149         floor_clothing_identity id_orig=0.94415 id_def=0.94415 臉=True iou_person=1.0 iou_classes=1.0(9 類)
task_obj_remove_257910         floor_clothing_identity id_orig=0.61457 id_def=0.61457 臉=True iou_person=1.0 iou_classes=1.0(9 類)
task_obj_remove_284852         floor_clothing_identity id_orig=0.92717 id_def=0.92717 臉=True iou_person=1.0 iou_classes=1.0(6 類)
task_obj_remove_410264         floor_clothing_identity id_orig=0.97194 id_def=0.97194 臉=True iou_person=1.0 iou_classes=1.0(4 類)
task_obj_remove_509477         floor_clothing_identity id_orig=0.89955 id_def=0.89955 臉=True iou_person=1.0 iou_classes=1.0(6 類)
task_obj_remove_720199         floor_clothing_identity id_orig=0.69671 id_def=0.69671 臉=True iou_person=1.0 iou_classes=1.0(9 類)
task_obj_swap_joint_mask_533428 floor_clothing_identity id_orig=0.8842 id_def=0.8842 臉=True iou_person=1.0 iou_classes=1.0(7 類)
task_attr_mod_color_123744     floor_clothing_jpeg60 id_orig=0.90754 id_def=0.92033 臉=True iou_person=0.93263 iou_classes=0.45433(12 類)
task_attr_mod_color_202962     floor_clothing_jpeg60 id_orig=0.86413 id_def=0.85209 臉=True iou_person=0.97405 iou_classes=0.61099(10 類)
task_env_weather_195273        floor_clothing_jpeg60 id_orig=0.92152 id_def= 臉=False iou_person=0.9259 iou_classes=0.35733(10 類)
task_env_weather_70149         floor_clothing_jpeg60 id_orig=0.94415 id_def=0.93229 臉=True iou_person=0.98082 iou_classes=0.51244(9 類)
task_obj_remove_257910         floor_clothing_jpeg60 id_orig=0.61457 id_def=0.69104 臉=True iou_person=0.98766 iou_classes=0.43354(10 類)
task_obj_remove_284852         floor_clothing_jpeg60 id_orig=0.92717 id_def=0.93594 臉=True iou_person=0.7535 iou_classes=0.69073(6 類)
task_obj_remove_410264         floor_clothing_jpeg60 id_orig=0.97194 id_def=0.96674 臉=True iou_person=0.99525 iou_classes=0.84498(4 類)
task_obj_remove_509477         floor_clothing_jpeg60 id_orig=0.89955 id_def=0.91601 臉=True iou_person=0.90068 iou_classes=0.71583(6 類)
task_obj_remove_720199         floor_clothing_jpeg60 id_orig=0.69671 id_def=0.16245 臉=True iou_person=0.92117 iou_classes=0.40274(9 類)
task_obj_swap_joint_mask_533428 floor_clothing_jpeg60 id_orig=0.8842 id_def=0.82108 臉=True iou_person=0.95438 iou_classes=0.75649(8 類)
task_attr_mod_color_123744     floor_clothing_jpeg75 id_orig=0.90754 id_def=0.90166 臉=True iou_person=0.93844 iou_classes=0.4996(12 類)
task_attr_mod_color_202962     floor_clothing_jpeg75 id_orig=0.86413 id_def=0.84282 臉=True iou_person=0.97595 iou_classes=0.71679(10 類)
task_env_weather_195273        floor_clothing_jpeg75 id_orig=0.92152 id_def=0.83228 臉=True iou_person=0.93747 iou_classes=0.41949(9 類)
task_env_weather_70149         floor_clothing_jpeg75 id_orig=0.94415 id_def=0.95254 臉=True iou_person=0.98066 iou_classes=0.53032(9 類)
task_obj_remove_257910         floor_clothing_jpeg75 id_orig=0.61457 id_def=0.75802 臉=True iou_person=0.98833 iou_classes=0.51374(9 類)
task_obj_remove_284852         floor_clothing_jpeg75 id_orig=0.92717 id_def=0.93891 臉=True iou_person=0.9489 iou_classes=0.69158(6 類)
task_obj_remove_410264         floor_clothing_jpeg75 id_orig=0.97194 id_def=0.98161 臉=True iou_person=0.99669 iou_classes=0.8923(4 類)
task_obj_remove_509477         floor_clothing_jpeg75 id_orig=0.89955 id_def=0.93206 臉=True iou_person=0.89543 iou_classes=0.70864(6 類)
task_obj_remove_720199         floor_clothing_jpeg75 id_orig=0.69671 id_def=0.36862 臉=True iou_person=0.9447 iou_classes=0.49304(9 類)
task_obj_swap_joint_mask_533428 floor_clothing_jpeg75 id_orig=0.8842 id_def=0.87063 臉=True iou_person=0.97004 iou_classes=0.90196(7 類)
task_attr_mod_color_123744     floor_clothing_jpeg80 id_orig=0.90754 id_def=0.90178 臉=True iou_person=0.95408 iou_classes=0.55478(12 類)
task_attr_mod_color_202962     floor_clothing_jpeg80 id_orig=0.86413 id_def=0.87474 臉=True iou_person=0.98009 iou_classes=0.70544(10 類)
task_env_weather_195273        floor_clothing_jpeg80 id_orig=0.92152 id_def=0.8636 臉=True iou_person=0.93565 iou_classes=0.57029(7 類)
task_env_weather_70149         floor_clothing_jpeg80 id_orig=0.94415 id_def=0.94059 臉=True iou_person=0.98529 iou_classes=0.51359(10 類)
task_obj_remove_257910         floor_clothing_jpeg80 id_orig=0.61457 id_def=0.68837 臉=True iou_person=0.98992 iou_classes=0.43778(9 類)
task_obj_remove_284852         floor_clothing_jpeg80 id_orig=0.92717 id_def=0.93536 臉=True iou_person=0.89151 iou_classes=0.72728(6 類)
task_obj_remove_410264         floor_clothing_jpeg80 id_orig=0.97194 id_def=0.97954 臉=True iou_person=0.99638 iou_classes=0.89822(4 類)
task_obj_remove_509477         floor_clothing_jpeg80 id_orig=0.89955 id_def=0.87472 臉=True iou_person=0.8676 iou_classes=0.70789(6 類)
task_obj_remove_720199         floor_clothing_jpeg80 id_orig=0.69671 id_def=0.26895 臉=True iou_person=0.96363 iou_classes=0.53779(10 類)
task_obj_swap_joint_mask_533428 floor_clothing_jpeg80 id_orig=0.8842 id_def=0.87744 臉=True iou_person=0.97722 iou_classes=0.91982(7 類)
task_attr_mod_color_123744     floor_clothing_jpeg90 id_orig=0.90754 id_def=0.89989 臉=True iou_person=0.94996 iou_classes=0.58014(12 類)
task_attr_mod_color_202962     floor_clothing_jpeg90 id_orig=0.86413 id_def=0.88696 臉=True iou_person=0.98446 iou_classes=0.67406(10 類)
task_env_weather_195273        floor_clothing_jpeg90 id_orig=0.92152 id_def=0.86118 臉=True iou_person=0.95066 iou_classes=0.50325(8 類)
task_env_weather_70149         floor_clothing_jpeg90 id_orig=0.94415 id_def=0.93629 臉=True iou_person=0.98747 iou_classes=0.59154(9 類)
task_obj_remove_257910         floor_clothing_jpeg90 id_orig=0.61457 id_def=0.6617 臉=True iou_person=0.99273 iou_classes=0.6771(10 類)
task_obj_remove_284852         floor_clothing_jpeg90 id_orig=0.92717 id_def=0.93191 臉=True iou_person=0.97836 iou_classes=0.72148(6 類)
task_obj_remove_410264         floor_clothing_jpeg90 id_orig=0.97194 id_def=0.97415 臉=True iou_person=0.99769 iou_classes=0.90229(4 類)
task_obj_remove_509477         floor_clothing_jpeg90 id_orig=0.89955 id_def=0.91156 臉=True iou_person=0.94082 iou_classes=0.75755(6 類)
task_obj_remove_720199         floor_clothing_jpeg90 id_orig=0.69671 id_def=0.077 臉=True iou_person=0.96965 iou_classes=0.59288(9 類)
task_obj_swap_joint_mask_533428 floor_clothing_jpeg90 id_orig=0.8842 id_def=0.86197 臉=True iou_person=0.97936 iou_classes=0.92575(7 類)
task_attr_mod_color_123744     floor_clothing_jpeg_then_resize75 id_orig=0.89944 id_def=0.89944 臉=True iou_person=1.0 iou_classes=1.0(11 類)
task_attr_mod_color_202962     floor_clothing_jpeg_then_resize75 id_orig=0.88101 id_def=0.88101 臉=True iou_person=1.0 iou_classes=1.0(10 類)
task_env_weather_195273        floor_clothing_jpeg_then_resize75 id_orig=0.83035 id_def=0.83035 臉=True iou_person=1.0 iou_classes=1.0(7 類)
task_env_weather_70149         floor_clothing_jpeg_then_resize75 id_orig=0.95031 id_def=0.95031 臉=True iou_person=1.0 iou_classes=1.0(9 類)
task_obj_remove_257910         floor_clothing_jpeg_then_resize75 id_orig=0.74995 id_def=0.74995 臉=True iou_person=1.0 iou_classes=1.0(8 類)
task_obj_remove_284852         floor_clothing_jpeg_then_resize75 id_orig=0.93468 id_def=0.93468 臉=True iou_person=1.0 iou_classes=1.0(6 類)
task_obj_remove_410264         floor_clothing_jpeg_then_resize75 id_orig=0.98349 id_def=0.98349 臉=True iou_person=1.0 iou_classes=1.0(5 類)
task_obj_remove_509477         floor_clothing_jpeg_then_resize75 id_orig=0.95179 id_def=0.95179 臉=True iou_person=1.0 iou_classes=1.0(6 類)
task_obj_remove_720199         floor_clothing_jpeg_then_resize75 id_orig=0.05679 id_def=0.05679 臉=True iou_person=1.0 iou_classes=1.0(7 類)
task_obj_swap_joint_mask_533428 floor_clothing_jpeg_then_resize75 id_orig=0.88321 id_def=0.88321 臉=True iou_person=1.0 iou_classes=1.0(7 類)
task_attr_mod_color_123744     floor_clothing_quantize8 id_orig=0.90754 id_def=0.81093 臉=True iou_person=0.90938 iou_classes=0.21513(12 類)
task_attr_mod_color_202962     floor_clothing_quantize8 id_orig=0.86413 id_def=0.74342 臉=True iou_person=0.92803 iou_classes=0.41547(10 類)
task_env_weather_195273        floor_clothing_quantize8 id_orig=0.92152 id_def=0.93597 臉=True iou_person=0.9244 iou_classes=0.63396(6 類)
task_env_weather_70149         floor_clothing_quantize8 id_orig=0.94415 id_def=0.79434 臉=True iou_person=0.97194 iou_classes=0.35074(9 類)
task_obj_remove_257910         floor_clothing_quantize8 id_orig=0.61457 id_def=0.33676 臉=True iou_person=0.97282 iou_classes=0.35638(11 類)
task_obj_remove_284852         floor_clothing_quantize8 id_orig=0.92717 id_def=0.89427 臉=True iou_person=0.75221 iou_classes=0.6114(6 類)
task_obj_remove_410264         floor_clothing_quantize8 id_orig=0.97194 id_def=0.91741 臉=True iou_person=0.9805 iou_classes=0.79958(4 類)
task_obj_remove_509477         floor_clothing_quantize8 id_orig=0.89955 id_def=0.85615 臉=True iou_person=0.83693 iou_classes=0.56338(7 類)
task_obj_remove_720199         floor_clothing_quantize8 id_orig=0.69671 id_def=0.15389 臉=True iou_person=0.82202 iou_classes=0.19142(10 類)
task_obj_swap_joint_mask_533428 floor_clothing_quantize8 id_orig=0.8842 id_def=0.8482 臉=True iou_person=0.82439 iou_classes=0.47051(8 類)
task_attr_mod_color_123744     floor_clothing_resize_only id_orig=0.91608 id_def=0.91608 臉=True iou_person=1.0 iou_classes=1.0(11 類)
task_attr_mod_color_202962     floor_clothing_resize_only id_orig=0.88047 id_def=0.88047 臉=True iou_person=1.0 iou_classes=1.0(10 類)
task_env_weather_195273        floor_clothing_resize_only id_orig=0.87951 id_def=0.87951 臉=True iou_person=1.0 iou_classes=1.0(5 類)
task_env_weather_70149         floor_clothing_resize_only id_orig=0.96254 id_def=0.96254 臉=True iou_person=1.0 iou_classes=1.0(9 類)
task_obj_remove_257910         floor_clothing_resize_only id_orig=0.76688 id_def=0.76688 臉=True iou_person=1.0 iou_classes=1.0(7 類)
task_obj_remove_284852         floor_clothing_resize_only id_orig=0.94989 id_def=0.94989 臉=True iou_person=1.0 iou_classes=1.0(5 類)
task_obj_remove_410264         floor_clothing_resize_only id_orig=0.98735 id_def=0.98735 臉=True iou_person=1.0 iou_classes=1.0(6 類)
task_obj_remove_509477         floor_clothing_resize_only id_orig=0.89826 id_def=0.89826 臉=True iou_person=1.0 iou_classes=1.0(6 類)
task_obj_remove_720199         floor_clothing_resize_only id_orig=0.01006 id_def=0.01006 臉=True iou_person=1.0 iou_classes=1.0(7 類)
task_obj_swap_joint_mask_533428 floor_clothing_resize_only id_orig=0.8654 id_def=0.8654 臉=True iou_person=1.0 iou_classes=1.0(7 類)
task_attr_mod_color_123744     floor_clothing_rotate10 id_orig=0.90977 id_def=0.90977 臉=True iou_person=1.0 iou_classes=1.0(11 類)
task_attr_mod_color_202962     floor_clothing_rotate10 id_orig=0.89604 id_def=0.89604 臉=True iou_person=1.0 iou_classes=1.0(10 類)
task_env_weather_195273        floor_clothing_rotate10 id_orig=0.94603 id_def=0.94603 臉=True iou_person=1.0 iou_classes=1.0(6 類)
task_env_weather_70149         floor_clothing_rotate10 id_orig=0.94677 id_def=0.94677 臉=True iou_person=1.0 iou_classes=1.0(9 類)
task_obj_remove_257910         floor_clothing_rotate10 id_orig=0.66977 id_def=0.66977 臉=True iou_person=1.0 iou_classes=1.0(8 類)
task_obj_remove_284852         floor_clothing_rotate10 id_orig=0.92929 id_def=0.92929 臉=True iou_person=1.0 iou_classes=1.0(6 類)
task_obj_remove_410264         floor_clothing_rotate10 id_orig=0.9739 id_def=0.9739 臉=True iou_person=1.0 iou_classes=1.0(4 類)
task_obj_remove_509477         floor_clothing_rotate10 id_orig=0.89358 id_def=0.89358 臉=True iou_person=1.0 iou_classes=1.0(6 類)
task_obj_remove_720199         floor_clothing_rotate10 id_orig=0.087 id_def=0.087 臉=True iou_person=1.0 iou_classes=1.0(8 類)
task_obj_swap_joint_mask_533428 floor_clothing_rotate10 id_orig=0.86734 id_def=0.86734 臉=True iou_person=1.0 iou_classes=1.0(7 類)
task_attr_mod_color_123744     tint_accessory_adverse_cleaner id_orig=0.00202 id_def=0.19414 臉=True iou_person=0.94594 iou_classes=0.3816(7 類)
task_attr_mod_color_202962     tint_accessory_adverse_cleaner id_orig=0.83854 id_def=0.13632 臉=True iou_person=0.85006 iou_classes=0.25195(6 類)
task_env_weather_195273        tint_accessory_adverse_cleaner id_orig=-0.01849 id_def=0.2215 臉=True iou_person=0.95083 iou_classes=0.32718(5 類)
task_env_weather_70149         tint_accessory_adverse_cleaner id_orig=0.95049 id_def=0.06044 臉=True iou_person=0.87525 iou_classes=0.39732(6 類)
task_obj_remove_257910         tint_accessory_adverse_cleaner id_orig=0.1509 id_def=-0.06516 臉=True iou_person=0.62497 iou_classes=0.17339(6 類)
task_obj_remove_284852         tint_accessory_adverse_cleaner id_orig=0.5636 id_def=0.159 臉=True iou_person=0.51565 iou_classes=0.3049(5 類)
task_obj_remove_410264         tint_accessory_adverse_cleaner id_orig=0.15523 id_def=0.00846 臉=True iou_person=0.86552 iou_classes=0.2477(7 類)
task_obj_remove_509477         tint_accessory_adverse_cleaner id_orig=0.66569 id_def=0.45704 臉=True iou_person=0.8323 iou_classes=0.29112(6 類)
task_obj_remove_720199         tint_accessory_adverse_cleaner id_orig=0.01193 id_def=-0.22846 臉=True iou_person=0.8412 iou_classes=0.16639(8 類)
task_obj_swap_joint_mask_533428 tint_accessory_adverse_cleaner id_orig=0.67673 id_def=0.60962 臉=True iou_person=0.75709 iou_classes=0.31191(7 類)
task_attr_mod_color_123744     tint_accessory_blur1.5 id_orig=0.00202 id_def=-0.10058 臉=True iou_person=0.95 iou_classes=0.39159(7 類)
task_attr_mod_color_202962     tint_accessory_blur1.5 id_orig=0.83854 id_def=0.79863 臉=True iou_person=0.94354 iou_classes=0.4016(6 類)
task_env_weather_195273        tint_accessory_blur1.5 id_orig=-0.01849 id_def=0.47092 臉=True iou_person=0.93258 iou_classes=0.15597(7 類)
task_env_weather_70149         tint_accessory_blur1.5 id_orig=0.95049 id_def=0.96632 臉=True iou_person=0.89136 iou_classes=0.41611(6 類)
task_obj_remove_257910         tint_accessory_blur1.5 id_orig=0.1509 id_def=0.381 臉=True iou_person=0.93546 iou_classes=0.24583(7 類)
task_obj_remove_284852         tint_accessory_blur1.5 id_orig=0.5636 id_def=0.73261 臉=True iou_person=0.92429 iou_classes=0.38835(7 類)
task_obj_remove_410264         tint_accessory_blur1.5 id_orig=0.15523 id_def=0.30822 臉=True iou_person=0.88536 iou_classes=0.20881(7 類)
task_obj_remove_509477         tint_accessory_blur1.5 id_orig=0.66569 id_def=0.80281 臉=True iou_person=0.8515 iou_classes=0.34805(6 類)
task_obj_remove_720199         tint_accessory_blur1.5 id_orig=0.01193 id_def=-0.06526 臉=True iou_person=0.76973 iou_classes=0.20606(8 類)
task_obj_swap_joint_mask_533428 tint_accessory_blur1.5 id_orig=0.67673 id_def=0.80291 臉=True iou_person=0.47164 iou_classes=0.27857(7 類)
task_attr_mod_color_123744     tint_accessory_crop_resize0.1 id_orig=0.19892 id_def=0.02914 臉=True iou_person=0.88619 iou_classes=0.27818(8 類)
task_attr_mod_color_202962     tint_accessory_crop_resize0.1 id_orig=0.93825 id_def=0.79695 臉=True iou_person=0.94132 iou_classes=0.29015(8 類)
task_env_weather_195273        tint_accessory_crop_resize0.1 id_orig=0.60152 id_def=0.63606 臉=True iou_person=0.97774 iou_classes=0.43228(6 類)
task_env_weather_70149         tint_accessory_crop_resize0.1 id_orig=0.96574 id_def=0.9545 臉=True iou_person=0.92362 iou_classes=0.44188(7 類)
task_obj_remove_257910         tint_accessory_crop_resize0.1 id_orig=0.01052 id_def=-0.04004 臉=True iou_person=0.93831 iou_classes=0.47796(7 類)
task_obj_remove_284852         tint_accessory_crop_resize0.1 id_orig= id_def= 臉=False iou_person=0.75999 iou_classes=0.54531(4 類)
task_obj_remove_410264         tint_accessory_crop_resize0.1 id_orig=0.08395 id_def=0.13754 臉=True iou_person=0.87969 iou_classes=0.40619(6 類)
task_obj_remove_509477         tint_accessory_crop_resize0.1 id_orig=0.70893 id_def=0.56789 臉=True iou_person=0.89062 iou_classes=0.25918(8 類)
task_obj_remove_720199         tint_accessory_crop_resize0.1 id_orig=0.07227 id_def=0.08989 臉=True iou_person=0.87235 iou_classes=0.16351(9 類)
task_obj_swap_joint_mask_533428 tint_accessory_crop_resize0.1 id_orig=0.37818 id_def=0.27619 臉=True iou_person=0.83258 iou_classes=0.43949(6 類)
task_attr_mod_color_123744     tint_accessory_identity id_orig=0.00202 id_def=-0.29193 臉=True iou_person=0.92732 iou_classes=0.24968(7 類)
task_attr_mod_color_202962     tint_accessory_identity id_orig=0.83854 id_def=0.19471 臉=True iou_person=0.84105 iou_classes=0.27633(6 類)
task_env_weather_195273        tint_accessory_identity id_orig=-0.01849 id_def=0.2399 臉=True iou_person=0.95283 iou_classes=0.33043(5 類)
task_env_weather_70149         tint_accessory_identity id_orig=0.95049 id_def=0.27968 臉=True iou_person=0.90613 iou_classes=0.36326(7 類)
task_obj_remove_257910         tint_accessory_identity id_orig=0.1509 id_def=-0.06007 臉=True iou_person=0.61051 iou_classes=0.19475(6 類)
task_obj_remove_284852         tint_accessory_identity id_orig=0.5636 id_def=0.03601 臉=True iou_person=0.44955 iou_classes=0.25721(5 類)
task_obj_remove_410264         tint_accessory_identity id_orig=0.15523 id_def=-0.05202 臉=True iou_person=0.71299 iou_classes=0.19087(8 類)
task_obj_remove_509477         tint_accessory_identity id_orig=0.66569 id_def=0.44492 臉=True iou_person=0.8726 iou_classes=0.35858(6 類)
task_obj_remove_720199         tint_accessory_identity id_orig=0.01193 id_def=-0.05383 臉=True iou_person=0.84168 iou_classes=0.18194(8 類)
task_obj_swap_joint_mask_533428 tint_accessory_identity id_orig=0.67673 id_def=0.08968 臉=True iou_person=0.73503 iou_classes=0.26055(7 類)
task_attr_mod_color_123744     tint_accessory_jpeg60 id_orig=0.00202 id_def=0.13204 臉=True iou_person=0.97154 iou_classes=0.51629(7 類)
task_attr_mod_color_202962     tint_accessory_jpeg60 id_orig=0.83854 id_def=0.79268 臉=True iou_person=0.9537 iou_classes=0.40586(6 類)
task_env_weather_195273        tint_accessory_jpeg60 id_orig=-0.01849 id_def=0.36129 臉=True iou_person=0.9416 iou_classes=0.31865(6 類)
task_env_weather_70149         tint_accessory_jpeg60 id_orig=0.95049 id_def=0.90032 臉=True iou_person=0.97005 iou_classes=0.41426(7 類)
task_obj_remove_257910         tint_accessory_jpeg60 id_orig=0.1509 id_def=0.24586 臉=True iou_person=0.96604 iou_classes=0.23078(7 類)
task_obj_remove_284852         tint_accessory_jpeg60 id_orig=0.5636 id_def=0.81507 臉=True iou_person=0.88187 iou_classes=0.48106(6 類)
task_obj_remove_410264         tint_accessory_jpeg60 id_orig=0.15523 id_def=0.01674 臉=True iou_person=0.90112 iou_classes=0.37661(7 類)
task_obj_remove_509477         tint_accessory_jpeg60 id_orig=0.66569 id_def=0.50164 臉=True iou_person=0.85368 iou_classes=0.33289(6 類)
task_obj_remove_720199         tint_accessory_jpeg60 id_orig=0.01193 id_def=-0.09882 臉=True iou_person=0.7699 iou_classes=0.15055(8 類)
task_obj_swap_joint_mask_533428 tint_accessory_jpeg60 id_orig=0.67673 id_def=0.814 臉=True iou_person=0.77127 iou_classes=0.31143(8 類)
task_attr_mod_color_123744     tint_accessory_jpeg75 id_orig=0.00202 id_def=0.11059 臉=True iou_person=0.94199 iou_classes=0.47166(7 類)
task_attr_mod_color_202962     tint_accessory_jpeg75 id_orig=0.83854 id_def=0.69403 臉=True iou_person=0.9243 iou_classes=0.34002(7 類)
task_env_weather_195273        tint_accessory_jpeg75 id_orig=-0.01849 id_def=0.23135 臉=True iou_person=0.95131 iou_classes=0.32931(5 類)
task_env_weather_70149         tint_accessory_jpeg75 id_orig=0.95049 id_def=0.88751 臉=True iou_person=0.95682 iou_classes=0.39951(7 類)
task_obj_remove_257910         tint_accessory_jpeg75 id_orig=0.1509 id_def=0.11887 臉=True iou_person=0.96573 iou_classes=0.21693(8 類)
task_obj_remove_284852         tint_accessory_jpeg75 id_orig=0.5636 id_def=0.77605 臉=True iou_person=0.87752 iou_classes=0.56669(5 類)
task_obj_remove_410264         tint_accessory_jpeg75 id_orig=0.15523 id_def=0.10556 臉=True iou_person=0.89029 iou_classes=0.32314(8 類)
task_obj_remove_509477         tint_accessory_jpeg75 id_orig=0.66569 id_def=0.53672 臉=True iou_person=0.8571 iou_classes=0.32652(6 類)
task_obj_remove_720199         tint_accessory_jpeg75 id_orig=0.01193 id_def=0.06113 臉=True iou_person=0.75616 iou_classes=0.13987(8 類)
task_obj_swap_joint_mask_533428 tint_accessory_jpeg75 id_orig=0.67673 id_def=0.87628 臉=True iou_person=0.76402 iou_classes=0.36876(7 類)
task_attr_mod_color_123744     tint_accessory_jpeg80 id_orig=0.00202 id_def=0.14493 臉=True iou_person=0.96864 iou_classes=0.52104(7 類)
task_attr_mod_color_202962     tint_accessory_jpeg80 id_orig=0.83854 id_def=0.5783 臉=True iou_person=0.92239 iou_classes=0.30873(7 類)
task_env_weather_195273        tint_accessory_jpeg80 id_orig=-0.01849 id_def=0.23475 臉=True iou_person=0.9544 iou_classes=0.3253(5 類)
task_env_weather_70149         tint_accessory_jpeg80 id_orig=0.95049 id_def=0.84492 臉=True iou_person=0.95501 iou_classes=0.40352(7 類)
task_obj_remove_257910         tint_accessory_jpeg80 id_orig=0.1509 id_def=0.2497 臉=True iou_person=0.9622 iou_classes=0.25966(7 類)
task_obj_remove_284852         tint_accessory_jpeg80 id_orig=0.5636 id_def=0.81443 臉=True iou_person=0.87508 iou_classes=0.57477(5 類)
task_obj_remove_410264         tint_accessory_jpeg80 id_orig=0.15523 id_def=0.12715 臉=True iou_person=0.89506 iou_classes=0.30968(8 類)
task_obj_remove_509477         tint_accessory_jpeg80 id_orig=0.66569 id_def=0.43315 臉=True iou_person=0.86289 iou_classes=0.32114(6 類)
task_obj_remove_720199         tint_accessory_jpeg80 id_orig=0.01193 id_def=-0.01148 臉=True iou_person=0.77656 iou_classes=0.1768(8 類)
task_obj_swap_joint_mask_533428 tint_accessory_jpeg80 id_orig=0.67673 id_def=0.8548 臉=True iou_person=0.77002 iou_classes=0.32091(8 類)
task_attr_mod_color_123744     tint_accessory_jpeg90 id_orig=0.00202 id_def=0.18618 臉=True iou_person=0.92423 iou_classes=0.48663(7 類)
task_attr_mod_color_202962     tint_accessory_jpeg90 id_orig=0.83854 id_def=0.55287 臉=True iou_person=0.91392 iou_classes=0.28512(7 類)
task_env_weather_195273        tint_accessory_jpeg90 id_orig=-0.01849 id_def=0.2375 臉=True iou_person=0.94968 iou_classes=0.34344(5 類)
task_env_weather_70149         tint_accessory_jpeg90 id_orig=0.95049 id_def=0.83375 臉=True iou_person=0.92099 iou_classes=0.38322(7 類)
task_obj_remove_257910         tint_accessory_jpeg90 id_orig=0.1509 id_def=0.13019 臉=True iou_person=0.95651 iou_classes=0.24397(8 類)
task_obj_remove_284852         tint_accessory_jpeg90 id_orig=0.5636 id_def=0.68953 臉=True iou_person=0.92338 iou_classes=0.57094(5 類)
task_obj_remove_410264         tint_accessory_jpeg90 id_orig=0.15523 id_def=0.16496 臉=True iou_person=0.75305 iou_classes=0.20628(8 類)
task_obj_remove_509477         tint_accessory_jpeg90 id_orig=0.66569 id_def=0.50044 臉=True iou_person=0.86072 iou_classes=0.3353(6 類)
task_obj_remove_720199         tint_accessory_jpeg90 id_orig=0.01193 id_def=-0.0542 臉=True iou_person=0.79641 iou_classes=0.22089(8 類)
task_obj_swap_joint_mask_533428 tint_accessory_jpeg90 id_orig=0.67673 id_def=0.78874 臉=True iou_person=0.75653 iou_classes=0.35749(7 類)
task_attr_mod_color_123744     tint_accessory_jpeg_then_resize75 id_orig=0.18287 id_def=0.08471 臉=True iou_person=0.92082 iou_classes=0.36439(8 類)
task_attr_mod_color_202962     tint_accessory_jpeg_then_resize75 id_orig=0.88571 id_def=0.90135 臉=True iou_person=0.94446 iou_classes=0.40928(7 類)
task_env_weather_195273        tint_accessory_jpeg_then_resize75 id_orig=0.16316 id_def=0.34498 臉=True iou_person=0.90794 iou_classes=0.15222(9 類)
task_env_weather_70149         tint_accessory_jpeg_then_resize75 id_orig=0.95318 id_def=0.96559 臉=True iou_person=0.98628 iou_classes=0.36876(8 類)
task_obj_remove_257910         tint_accessory_jpeg_then_resize75 id_orig=0.24396 id_def=0.07553 臉=True iou_person=0.97297 iou_classes=0.35886(7 類)
task_obj_remove_284852         tint_accessory_jpeg_then_resize75 id_orig=0.64884 id_def=0.75191 臉=True iou_person=0.86533 iou_classes=0.5505(5 類)
task_obj_remove_410264         tint_accessory_jpeg_then_resize75 id_orig=0.26781 id_def=0.24147 臉=True iou_person=0.90127 iou_classes=0.50898(6 類)
task_obj_remove_509477         tint_accessory_jpeg_then_resize75 id_orig=0.61185 id_def=0.61053 臉=True iou_person=0.93568 iou_classes=0.3693(7 類)
task_obj_remove_720199         tint_accessory_jpeg_then_resize75 id_orig=-0.13095 id_def=-0.09534 臉=True iou_person=0.86799 iou_classes=0.30037(8 類)
task_obj_swap_joint_mask_533428 tint_accessory_jpeg_then_resize75 id_orig=0.70318 id_def=0.7273 臉=True iou_person=0.74286 iou_classes=0.32299(7 類)
task_attr_mod_color_123744     tint_accessory_quantize8 id_orig=0.00202 id_def=-0.0002 臉=True iou_person=0.95165 iou_classes=0.29005(7 類)
task_attr_mod_color_202962     tint_accessory_quantize8 id_orig=0.83854 id_def=0.19731 臉=True iou_person=0.85347 iou_classes=0.28065(6 類)
task_env_weather_195273        tint_accessory_quantize8 id_orig=-0.01849 id_def=0.16373 臉=True iou_person=0.9526 iou_classes=0.33121(5 類)
task_env_weather_70149         tint_accessory_quantize8 id_orig=0.95049 id_def=0.45654 臉=True iou_person=0.92479 iou_classes=0.4247(6 類)
task_obj_remove_257910         tint_accessory_quantize8 id_orig=0.1509 id_def=0.0125 臉=True iou_person=0.86644 iou_classes=0.32982(6 類)
task_obj_remove_284852         tint_accessory_quantize8 id_orig=0.5636 id_def=0.3242 臉=True iou_person=0.57101 iou_classes=0.34779(5 類)
task_obj_remove_410264         tint_accessory_quantize8 id_orig=0.15523 id_def=-0.11386 臉=True iou_person=0.71039 iou_classes=0.2233(7 類)
task_obj_remove_509477         tint_accessory_quantize8 id_orig=0.66569 id_def=0.40886 臉=True iou_person=0.86938 iou_classes=0.37012(6 類)
task_obj_remove_720199         tint_accessory_quantize8 id_orig=0.01193 id_def=-0.18418 臉=True iou_person=0.69681 iou_classes=0.15185(8 類)
task_obj_swap_joint_mask_533428 tint_accessory_quantize8 id_orig=0.67673 id_def=0.29769 臉=True iou_person=0.69796 iou_classes=0.21691(7 類)
task_attr_mod_color_123744     tint_accessory_resize_only id_orig=0.11632 id_def=0.02866 臉=True iou_person=0.87748 iou_classes=0.35436(8 類)
task_attr_mod_color_202962     tint_accessory_resize_only id_orig=0.89241 id_def=0.87876 臉=True iou_person=0.94265 iou_classes=0.4602(6 類)
task_env_weather_195273        tint_accessory_resize_only id_orig=0.14305 id_def=0.63354 臉=True iou_person=0.89155 iou_classes=0.17663(7 類)
task_env_weather_70149         tint_accessory_resize_only id_orig=0.96521 id_def=0.96899 臉=True iou_person=0.98908 iou_classes=0.3371(9 類)
task_obj_remove_257910         tint_accessory_resize_only id_orig=0.31643 id_def=0.19622 臉=True iou_person=0.98858 iou_classes=0.31752(8 類)
task_obj_remove_284852         tint_accessory_resize_only id_orig=0.63916 id_def=0.75189 臉=True iou_person=0.86694 iou_classes=0.47936(6 類)
task_obj_remove_410264         tint_accessory_resize_only id_orig=0.30181 id_def=0.33871 臉=True iou_person=0.91002 iou_classes=0.72392(4 類)
task_obj_remove_509477         tint_accessory_resize_only id_orig=0.54481 id_def=0.81707 臉=True iou_person=0.8922 iou_classes=0.41947(6 類)
task_obj_remove_720199         tint_accessory_resize_only id_orig=-0.06346 id_def=-0.08409 臉=True iou_person=0.79515 iou_classes=0.18519(9 類)
task_obj_swap_joint_mask_533428 tint_accessory_resize_only id_orig=0.73272 id_def=-0.16945 臉=True iou_person=0.81562 iou_classes=0.32229(8 類)
task_attr_mod_color_123744     tint_accessory_rotate10 id_orig=-0.09178 id_def=0.16419 臉=True iou_person=0.91175 iou_classes=0.38133(7 類)
task_attr_mod_color_202962     tint_accessory_rotate10 id_orig=0.88834 id_def=0.55278 臉=True iou_person=0.89952 iou_classes=0.34238(6 類)
task_env_weather_195273        tint_accessory_rotate10 id_orig=0.08677 id_def=0.16411 臉=True iou_person=0.95965 iou_classes=0.27776(6 類)
task_env_weather_70149         tint_accessory_rotate10 id_orig=0.94198 id_def=0.83202 臉=True iou_person=0.88474 iou_classes=0.42112(7 類)
task_obj_remove_257910         tint_accessory_rotate10 id_orig=0.22222 id_def=0.07323 臉=True iou_person=0.76615 iou_classes=0.2167(6 類)
task_obj_remove_284852         tint_accessory_rotate10 id_orig=0.56295 id_def=0.6086 臉=True iou_person=0.91192 iou_classes=0.47614(5 類)
task_obj_remove_410264         tint_accessory_rotate10 id_orig=0.18346 id_def=0.12278 臉=True iou_person=0.70811 iou_classes=0.28039(6 類)
task_obj_remove_509477         tint_accessory_rotate10 id_orig=0.58168 id_def=0.54001 臉=True iou_person=0.87659 iou_classes=0.39785(6 類)
task_obj_remove_720199         tint_accessory_rotate10 id_orig=-0.0661 id_def=-0.08615 臉=True iou_person=0.81295 iou_classes=0.21373(7 類)
task_obj_swap_joint_mask_533428 tint_accessory_rotate10 id_orig=0.69557 id_def=0.82804 臉=True iou_person=0.73523 iou_classes=0.3039(7 類)
task_attr_mod_color_123744     tint_background_adverse_cleaner id_orig=0.8867 id_def=0.83877 臉=True iou_person=0.84434 iou_classes=0.17205(14 類)
task_attr_mod_color_202962     tint_background_adverse_cleaner id_orig=0.84716 id_def= 臉=False iou_person=0.07831 iou_classes=0.01433(11 類)
task_env_weather_195273        tint_background_adverse_cleaner id_orig=0.91921 id_def= 臉=False iou_person=0.1596 iou_classes=0.00604(11 類)
task_env_weather_70149         tint_background_adverse_cleaner id_orig=0.93106 id_def=0.87786 臉=True iou_person=0.97701 iou_classes=0.35294(9 類)
task_obj_remove_257910         tint_background_adverse_cleaner id_orig=0.66048 id_def=0.33922 臉=True iou_person=0.96644 iou_classes=0.27314(11 類)
task_obj_remove_284852         tint_background_adverse_cleaner id_orig=0.9167 id_def=0.89994 臉=True iou_person=0.71066 iou_classes=0.3186(7 類)
task_obj_remove_410264         tint_background_adverse_cleaner id_orig=0.97162 id_def=0.85758 臉=True iou_person=0.939 iou_classes=0.56365(5 類)
task_obj_remove_509477         tint_background_adverse_cleaner id_orig=0.88801 id_def=0.93796 臉=True iou_person=0.91221 iou_classes=0.45217(7 類)
task_obj_remove_720199         tint_background_adverse_cleaner id_orig=0.55912 id_def=-0.05954 臉=True iou_person=0.62404 iou_classes=0.1085(12 類)
task_obj_swap_joint_mask_533428 tint_background_adverse_cleaner id_orig=0.84091 id_def=0.76654 臉=True iou_person=0.91721 iou_classes=0.57451(7 類)
task_attr_mod_color_123744     tint_background_blur1.5 id_orig=0.8867 id_def=0.84262 臉=True iou_person=0.87788 iou_classes=0.1517(13 類)
task_attr_mod_color_202962     tint_background_blur1.5 id_orig=0.84716 id_def=0.75448 臉=True iou_person=0.9407 iou_classes=0.31702(10 類)
task_env_weather_195273        tint_background_blur1.5 id_orig=0.91921 id_def=0.85858 臉=True iou_person=0.87365 iou_classes=0.2127(11 類)
task_env_weather_70149         tint_background_blur1.5 id_orig=0.93106 id_def=0.96019 臉=True iou_person=0.98356 iou_classes=0.42718(9 類)
task_obj_remove_257910         tint_background_blur1.5 id_orig=0.66048 id_def=0.68458 臉=True iou_person=0.94426 iou_classes=0.20381(11 類)
task_obj_remove_284852         tint_background_blur1.5 id_orig=0.9167 id_def=0.94489 臉=True iou_person=0.74046 iou_classes=0.40343(6 類)
task_obj_remove_410264         tint_background_blur1.5 id_orig=0.97162 id_def=0.87726 臉=True iou_person=0.86792 iou_classes=0.48839(5 類)
task_obj_remove_509477         tint_background_blur1.5 id_orig=0.88801 id_def=0.84863 臉=True iou_person=0.88207 iou_classes=0.50911(7 類)
task_obj_remove_720199         tint_background_blur1.5 id_orig=0.55912 id_def=0.44882 臉=True iou_person=0.7742 iou_classes=0.24273(8 類)
task_obj_swap_joint_mask_533428 tint_background_blur1.5 id_orig=0.84091 id_def=0.83673 臉=True iou_person=0.85404 iou_classes=0.62862(7 類)
task_attr_mod_color_123744     tint_background_crop_resize0.1 id_orig=0.96009 id_def=0.94378 臉=True iou_person=0.94131 iou_classes=0.23059(11 類)
task_attr_mod_color_202962     tint_background_crop_resize0.1 id_orig=0.8723 id_def= 臉=False iou_person=0.24684 iou_classes=0.03097(8 類)
task_env_weather_195273        tint_background_crop_resize0.1 id_orig=0.98076 id_def=0.97087 臉=True iou_person=0.85536 iou_classes=0.30734(10 類)
task_env_weather_70149         tint_background_crop_resize0.1 id_orig=0.94317 id_def=0.89484 臉=True iou_person=0.99007 iou_classes=0.42324(9 類)
task_obj_remove_257910         tint_background_crop_resize0.1 id_orig=0.82593 id_def=0.80414 臉=True iou_person=0.96664 iou_classes=0.27815(11 類)
task_obj_remove_284852         tint_background_crop_resize0.1 id_orig=0.64359 id_def=0.58507 臉=True iou_person=0.50016 iou_classes=0.59682(4 類)
task_obj_remove_410264         tint_background_crop_resize0.1 id_orig=0.92147 id_def=0.90524 臉=True iou_person=0.92757 iou_classes=0.69115(5 類)
task_obj_remove_509477         tint_background_crop_resize0.1 id_orig=0.81204 id_def=0.79895 臉=True iou_person=0.90034 iou_classes=0.38859(8 類)
task_obj_remove_720199         tint_background_crop_resize0.1 id_orig=0.73607 id_def=0.09136 臉=True iou_person=0.94315 iou_classes=0.30377(11 類)
task_obj_swap_joint_mask_533428 tint_background_crop_resize0.1 id_orig=0.29303 id_def=0.30265 臉=True iou_person=0.83427 iou_classes=0.36391(9 類)
task_attr_mod_color_123744     tint_background_identity id_orig=0.8867 id_def=0.85008 臉=True iou_person=0.81642 iou_classes=0.16943(14 類)
task_attr_mod_color_202962     tint_background_identity id_orig=0.84716 id_def= 臉=False iou_person=0.13545 iou_classes=0.04722(9 類)
task_env_weather_195273        tint_background_identity id_orig=0.91921 id_def= 臉=False iou_person=0.16367 iou_classes=0.00423(11 類)
task_env_weather_70149         tint_background_identity id_orig=0.93106 id_def=0.88498 臉=True iou_person=0.97002 iou_classes=0.33918(9 類)
task_obj_remove_257910         tint_background_identity id_orig=0.66048 id_def=0.41499 臉=True iou_person=0.96997 iou_classes=0.30666(10 類)
task_obj_remove_284852         tint_background_identity id_orig=0.9167 id_def=0.90348 臉=True iou_person=0.69761 iou_classes=0.31476(7 類)
task_obj_remove_410264         tint_background_identity id_orig=0.97162 id_def=0.86533 臉=True iou_person=0.9562 iou_classes=0.65219(5 類)
task_obj_remove_509477         tint_background_identity id_orig=0.88801 id_def=0.90423 臉=True iou_person=0.90442 iou_classes=0.41896(7 類)
task_obj_remove_720199         tint_background_identity id_orig=0.55912 id_def=0.01661 臉=True iou_person=0.77906 iou_classes=0.23317(10 類)
task_obj_swap_joint_mask_533428 tint_background_identity id_orig=0.84091 id_def=0.82257 臉=True iou_person=0.90921 iou_classes=0.56052(7 類)
task_attr_mod_color_123744     tint_background_jpeg60 id_orig=0.8867 id_def=0.85239 臉=True iou_person=0.85907 iou_classes=0.17781(12 類)
task_attr_mod_color_202962     tint_background_jpeg60 id_orig=0.84716 id_def=0.83389 臉=True iou_person=0.95837 iou_classes=0.3824(9 類)
task_env_weather_195273        tint_background_jpeg60 id_orig=0.91921 id_def= 臉=False iou_person=0.04899 iou_classes=0.00047(11 類)
task_env_weather_70149         tint_background_jpeg60 id_orig=0.93106 id_def=0.88248 臉=True iou_person=0.98747 iou_classes=0.42621(9 類)
task_obj_remove_257910         tint_background_jpeg60 id_orig=0.66048 id_def=0.69277 臉=True iou_person=0.9728 iou_classes=0.21156(10 類)
task_obj_remove_284852         tint_background_jpeg60 id_orig=0.9167 id_def=0.91763 臉=True iou_person=0.76987 iou_classes=0.42321(6 類)
task_obj_remove_410264         tint_background_jpeg60 id_orig=0.97162 id_def=0.90581 臉=True iou_person=0.82121 iou_classes=0.64794(4 類)
task_obj_remove_509477         tint_background_jpeg60 id_orig=0.88801 id_def=0.90305 臉=True iou_person=0.91034 iou_classes=0.59047(7 類)
task_obj_remove_720199         tint_background_jpeg60 id_orig=0.55912 id_def=0.5359 臉=True iou_person=0.84464 iou_classes=0.30166(9 類)
task_obj_swap_joint_mask_533428 tint_background_jpeg60 id_orig=0.84091 id_def=0.77534 臉=True iou_person=0.91367 iou_classes=0.6504(7 類)
task_attr_mod_color_123744     tint_background_jpeg75 id_orig=0.8867 id_def=0.87402 臉=True iou_person=0.86822 iou_classes=0.17873(13 類)
task_attr_mod_color_202962     tint_background_jpeg75 id_orig=0.84716 id_def=0.83779 臉=True iou_person=0.95654 iou_classes=0.38169(9 類)
task_env_weather_195273        tint_background_jpeg75 id_orig=0.91921 id_def= 臉=False iou_person=0.0861 iou_classes=0.01476(12 類)
task_env_weather_70149         tint_background_jpeg75 id_orig=0.93106 id_def=0.92912 臉=True iou_person=0.98095 iou_classes=0.4634(9 類)
task_obj_remove_257910         tint_background_jpeg75 id_orig=0.66048 id_def=0.71448 臉=True iou_person=0.97388 iou_classes=0.22468(10 類)
task_obj_remove_284852         tint_background_jpeg75 id_orig=0.9167 id_def=0.94155 臉=True iou_person=0.66569 iou_classes=0.36117(7 類)
task_obj_remove_410264         tint_background_jpeg75 id_orig=0.97162 id_def=0.93349 臉=True iou_person=0.95752 iou_classes=0.75116(4 類)
task_obj_remove_509477         tint_background_jpeg75 id_orig=0.88801 id_def=0.92455 臉=True iou_person=0.91537 iou_classes=0.43949(7 類)
task_obj_remove_720199         tint_background_jpeg75 id_orig=0.55912 id_def=0.77165 臉=True iou_person=0.87392 iou_classes=0.30264(10 類)
task_obj_swap_joint_mask_533428 tint_background_jpeg75 id_orig=0.84091 id_def=0.81243 臉=True iou_person=0.91756 iou_classes=0.66178(7 類)
task_attr_mod_color_123744     tint_background_jpeg80 id_orig=0.8867 id_def=0.86661 臉=True iou_person=0.89735 iou_classes=0.18231(13 類)
task_attr_mod_color_202962     tint_background_jpeg80 id_orig=0.84716 id_def=0.88792 臉=True iou_person=0.94915 iou_classes=0.41917(8 類)
task_env_weather_195273        tint_background_jpeg80 id_orig=0.91921 id_def=0.88829 臉=True iou_person=0.85588 iou_classes=0.23309(12 類)
task_env_weather_70149         tint_background_jpeg80 id_orig=0.93106 id_def=0.91007 臉=True iou_person=0.97705 iou_classes=0.45849(9 類)
task_obj_remove_257910         tint_background_jpeg80 id_orig=0.66048 id_def=0.67163 臉=True iou_person=0.97288 iou_classes=0.25713(10 類)
task_obj_remove_284852         tint_background_jpeg80 id_orig=0.9167 id_def=0.91851 臉=True iou_person=0.64508 iou_classes=0.27749(7 類)
task_obj_remove_410264         tint_background_jpeg80 id_orig=0.97162 id_def=0.9481 臉=True iou_person=0.95852 iou_classes=0.75943(4 類)
task_obj_remove_509477         tint_background_jpeg80 id_orig=0.88801 id_def=0.90515 臉=True iou_person=0.91352 iou_classes=0.43475(7 類)
task_obj_remove_720199         tint_background_jpeg80 id_orig=0.55912 id_def=0.11848 臉=True iou_person=0.87671 iou_classes=0.33344(10 類)
task_obj_swap_joint_mask_533428 tint_background_jpeg80 id_orig=0.84091 id_def=0.83697 臉=True iou_person=0.91909 iou_classes=0.57092(8 類)
task_attr_mod_color_123744     tint_background_jpeg90 id_orig=0.8867 id_def=0.86024 臉=True iou_person=0.87283 iou_classes=0.1865(13 類)
task_attr_mod_color_202962     tint_background_jpeg90 id_orig=0.84716 id_def=0.86073 臉=True iou_person=0.95195 iou_classes=0.35047(9 類)
task_env_weather_195273        tint_background_jpeg90 id_orig=0.91921 id_def= 臉=False iou_person=0.0422 iou_classes=0.01374(11 類)
task_env_weather_70149         tint_background_jpeg90 id_orig=0.93106 id_def=0.92768 臉=True iou_person=0.97289 iou_classes=0.43593(9 類)
task_obj_remove_257910         tint_background_jpeg90 id_orig=0.66048 id_def=0.59584 臉=True iou_person=0.96744 iou_classes=0.29301(10 類)
task_obj_remove_284852         tint_background_jpeg90 id_orig=0.9167 id_def=0.93152 臉=True iou_person=0.70345 iou_classes=0.30633(7 類)
task_obj_remove_410264         tint_background_jpeg90 id_orig=0.97162 id_def=0.95562 臉=True iou_person=0.95649 iou_classes=0.63193(5 類)
task_obj_remove_509477         tint_background_jpeg90 id_orig=0.88801 id_def=0.92244 臉=True iou_person=0.91339 iou_classes=0.5676(7 類)
task_obj_remove_720199         tint_background_jpeg90 id_orig=0.55912 id_def=-0.04297 臉=True iou_person=0.87173 iou_classes=0.24426(9 類)
task_obj_swap_joint_mask_533428 tint_background_jpeg90 id_orig=0.84091 id_def=0.81617 臉=True iou_person=0.91143 iou_classes=0.6299(7 類)
task_attr_mod_color_123744     tint_background_jpeg_then_resize75 id_orig=0.89006 id_def=0.87164 臉=True iou_person=0.90666 iou_classes=0.2409(13 類)
task_attr_mod_color_202962     tint_background_jpeg_then_resize75 id_orig=0.8349 id_def=0.81715 臉=True iou_person=0.96371 iou_classes=0.43981(8 類)
task_env_weather_195273        tint_background_jpeg_then_resize75 id_orig=0.90104 id_def=0.86843 臉=True iou_person=0.93051 iou_classes=0.33697(10 類)
task_env_weather_70149         tint_background_jpeg_then_resize75 id_orig=0.91012 id_def=0.91731 臉=True iou_person=0.98928 iou_classes=0.40617(9 類)
task_obj_remove_257910         tint_background_jpeg_then_resize75 id_orig=0.80872 id_def=0.7983 臉=True iou_person=0.9915 iou_classes=0.4123(9 類)
task_obj_remove_284852         tint_background_jpeg_then_resize75 id_orig=0.89772 id_def=-0.01474 臉=True iou_person=0.85754 iou_classes=0.4168(6 類)
task_obj_remove_410264         tint_background_jpeg_then_resize75 id_orig=0.88405 id_def= 臉=False iou_person=0.26948 iou_classes=0.06768(5 類)
task_obj_remove_509477         tint_background_jpeg_then_resize75 id_orig=0.93618 id_def=0.93976 臉=True iou_person=0.96308 iou_classes=0.6408(7 類)
task_obj_remove_720199         tint_background_jpeg_then_resize75 id_orig=0.56335 id_def=0.07641 臉=True iou_person=0.87464 iou_classes=0.49343(7 類)
task_obj_swap_joint_mask_533428 tint_background_jpeg_then_resize75 id_orig=0.88075 id_def=0.8889 臉=True iou_person=0.90435 iou_classes=0.61828(7 類)
task_attr_mod_color_123744     tint_background_quantize8 id_orig=0.8867 id_def=0.78812 臉=True iou_person=0.82187 iou_classes=0.17043(14 類)
task_attr_mod_color_202962     tint_background_quantize8 id_orig=0.84716 id_def= 臉=False iou_person=0.02496 iou_classes=0.00032(10 類)
task_env_weather_195273        tint_background_quantize8 id_orig=0.91921 id_def= 臉=False iou_person=0.07939 iou_classes=0.01364(11 類)
task_env_weather_70149         tint_background_quantize8 id_orig=0.93106 id_def=0.84713 臉=True iou_person=0.96585 iou_classes=0.35159(9 類)
task_obj_remove_257910         tint_background_quantize8 id_orig=0.66048 id_def=0.30065 臉=True iou_person=0.96617 iou_classes=0.18945(10 類)
task_obj_remove_284852         tint_background_quantize8 id_orig=0.9167 id_def=0.89869 臉=True iou_person=0.77279 iou_classes=0.37349(7 類)
task_obj_remove_410264         tint_background_quantize8 id_orig=0.97162 id_def=0.80973 臉=True iou_person=0.96002 iou_classes=0.59381(5 類)
task_obj_remove_509477         tint_background_quantize8 id_orig=0.88801 id_def=0.8664 臉=True iou_person=0.8784 iou_classes=0.41344(7 類)
task_obj_remove_720199         tint_background_quantize8 id_orig=0.55912 id_def=0.45697 臉=True iou_person=0.55526 iou_classes=0.06903(11 類)
task_obj_swap_joint_mask_533428 tint_background_quantize8 id_orig=0.84091 id_def=0.76591 臉=True iou_person=0.899 iou_classes=0.54081(7 類)
task_attr_mod_color_123744     tint_background_resize_only id_orig=0.91229 id_def=0.90062 臉=True iou_person=0.90672 iou_classes=0.28198(13 類)
task_attr_mod_color_202962     tint_background_resize_only id_orig=0.87182 id_def=0.7912 臉=True iou_person=0.97042 iou_classes=0.50748(7 類)
task_env_weather_195273        tint_background_resize_only id_orig=0.86271 id_def=0.89977 臉=True iou_person=0.94519 iou_classes=0.31985(11 類)
task_env_weather_70149         tint_background_resize_only id_orig=0.96319 id_def=0.96507 臉=True iou_person=0.99333 iou_classes=0.38161(9 類)
task_obj_remove_257910         tint_background_resize_only id_orig=0.7159 id_def=0.73497 臉=True iou_person=0.98666 iou_classes=0.30546(12 類)
task_obj_remove_284852         tint_background_resize_only id_orig=0.07569 id_def=0.94942 臉=True iou_person=0.85708 iou_classes=0.39931(6 類)
task_obj_remove_410264         tint_background_resize_only id_orig=0.9331 id_def=0.92022 臉=True iou_person=0.74008 iou_classes=0.64429(5 類)
task_obj_remove_509477         tint_background_resize_only id_orig=0.92294 id_def=0.91092 臉=True iou_person=0.95625 iou_classes=0.55624(8 類)
task_obj_remove_720199         tint_background_resize_only id_orig=0.0393 id_def=0.70203 臉=True iou_person=0.93277 iou_classes=0.38736(9 類)
task_obj_swap_joint_mask_533428 tint_background_resize_only id_orig=0.88706 id_def=0.86703 臉=True iou_person=0.90716 iou_classes=0.62789(7 類)
task_attr_mod_color_123744     tint_background_rotate10 id_orig=0.91301 id_def=0.86201 臉=True iou_person=0.8131 iou_classes=0.21945(14 類)
task_attr_mod_color_202962     tint_background_rotate10 id_orig=0.87775 id_def= 臉=False iou_person=0.09694 iou_classes=0.02763(8 類)
task_env_weather_195273        tint_background_rotate10 id_orig=0.91401 id_def= 臉=False iou_person=0.11893 iou_classes=0.0127(11 類)
task_env_weather_70149         tint_background_rotate10 id_orig=0.927 id_def=0.91516 臉=True iou_person=0.96724 iou_classes=0.38895(9 類)
task_obj_remove_257910         tint_background_rotate10 id_orig=0.7532 id_def=0.5284 臉=True iou_person=0.9784 iou_classes=0.2693(11 類)
task_obj_remove_284852         tint_background_rotate10 id_orig=0.93818 id_def=-0.00531 臉=True iou_person=0.67049 iou_classes=0.38924(6 類)
task_obj_remove_410264         tint_background_rotate10 id_orig=0.96271 id_def=0.94869 臉=True iou_person=0.95815 iou_classes=0.67575(5 類)
task_obj_remove_509477         tint_background_rotate10 id_orig=0.89828 id_def=0.89444 臉=True iou_person=0.89278 iou_classes=0.5829(6 類)
task_obj_remove_720199         tint_background_rotate10 id_orig=0.58346 id_def=0.11801 臉=True iou_person=0.64035 iou_classes=0.17781(10 類)
task_obj_swap_joint_mask_533428 tint_background_rotate10 id_orig=0.84442 id_def=0.79962 臉=True iou_person=0.92272 iou_classes=0.65331(7 類)
task_attr_mod_color_123744     tint_clothing_adverse_cleaner id_orig=0.90754 id_def=0.86576 臉=True iou_person=0.80685 iou_classes=0.15691(14 類)
task_attr_mod_color_202962     tint_clothing_adverse_cleaner id_orig=0.86413 id_def=0.52552 臉=True iou_person=0.8403 iou_classes=0.2049(10 類)
task_env_weather_195273        tint_clothing_adverse_cleaner id_orig=0.92152 id_def=0.8419 臉=True iou_person=0.77288 iou_classes=0.2849(7 類)
task_env_weather_70149         tint_clothing_adverse_cleaner id_orig=0.94415 id_def=0.24463 臉=True iou_person=0.88444 iou_classes=0.22607(10 類)
task_obj_remove_257910         tint_clothing_adverse_cleaner id_orig=0.61457 id_def= 臉=False iou_person=0.96508 iou_classes=0.27986(12 類)
task_obj_remove_284852         tint_clothing_adverse_cleaner id_orig=0.92717 id_def=0.38431 臉=True iou_person=0.53604 iou_classes=0.34437(6 類)
task_obj_remove_410264         tint_clothing_adverse_cleaner id_orig=0.97194 id_def= 臉=False iou_person=0.53812 iou_classes=0.02517(7 類)
task_obj_remove_509477         tint_clothing_adverse_cleaner id_orig=0.89955 id_def=0.85748 臉=True iou_person=0.80556 iou_classes=0.45821(6 類)
task_obj_remove_720199         tint_clothing_adverse_cleaner id_orig=0.69671 id_def= 臉=False iou_person=0.82589 iou_classes=0.18907(10 類)
task_obj_swap_joint_mask_533428 tint_clothing_adverse_cleaner id_orig=0.8842 id_def=0.76046 臉=True iou_person=0.86598 iou_classes=0.5044(7 類)
task_attr_mod_color_123744     tint_clothing_blur1.5 id_orig=0.90754 id_def=0.87777 臉=True iou_person=0.83364 iou_classes=0.14085(13 類)
task_attr_mod_color_202962     tint_clothing_blur1.5 id_orig=0.86413 id_def=0.90876 臉=True iou_person=0.94485 iou_classes=0.43516(10 類)
task_env_weather_195273        tint_clothing_blur1.5 id_orig=0.92152 id_def=0.84639 臉=True iou_person=0.86826 iou_classes=0.39719(7 類)
task_env_weather_70149         tint_clothing_blur1.5 id_orig=0.94415 id_def=0.95903 臉=True iou_person=0.95686 iou_classes=0.3342(10 類)
task_obj_remove_257910         tint_clothing_blur1.5 id_orig=0.61457 id_def=0.70456 臉=True iou_person=0.98204 iou_classes=0.31963(10 類)
task_obj_remove_284852         tint_clothing_blur1.5 id_orig=0.92717 id_def=0.96041 臉=True iou_person=0.97601 iou_classes=0.42693(8 類)
task_obj_remove_410264         tint_clothing_blur1.5 id_orig=0.97194 id_def=0.97073 臉=True iou_person=0.98679 iou_classes=0.77976(4 類)
task_obj_remove_509477         tint_clothing_blur1.5 id_orig=0.89955 id_def=0.88387 臉=True iou_person=0.79203 iou_classes=0.45304(6 類)
task_obj_remove_720199         tint_clothing_blur1.5 id_orig=0.69671 id_def=0.17295 臉=True iou_person=0.84476 iou_classes=0.25681(10 類)
task_obj_swap_joint_mask_533428 tint_clothing_blur1.5 id_orig=0.8842 id_def=0.8384 臉=True iou_person=0.8382 iou_classes=0.51286(8 類)
task_attr_mod_color_123744     tint_clothing_crop_resize0.1 id_orig=0.96538 id_def=0.96189 臉=True iou_person=0.93005 iou_classes=0.21316(12 類)
task_attr_mod_color_202962     tint_clothing_crop_resize0.1 id_orig=0.90569 id_def=0.90262 臉=True iou_person=0.96094 iou_classes=0.52027(8 類)
task_env_weather_195273        tint_clothing_crop_resize0.1 id_orig=0.96859 id_def=0.96993 臉=True iou_person=0.91343 iou_classes=0.58332(6 類)
task_env_weather_70149         tint_clothing_crop_resize0.1 id_orig=0.97614 id_def=0.97563 臉=True iou_person=0.98963 iou_classes=0.40436(8 類)
task_obj_remove_257910         tint_clothing_crop_resize0.1 id_orig=0.78948 id_def=0.6864 臉=True iou_person=0.98488 iou_classes=0.54664(7 類)
task_obj_remove_284852         tint_clothing_crop_resize0.1 id_orig=0.6705 id_def=0.73636 臉=True iou_person=0.91953 iou_classes=0.48378(7 類)
task_obj_remove_410264         tint_clothing_crop_resize0.1 id_orig=0.94498 id_def=0.94688 臉=True iou_person=0.98818 iou_classes=0.54164(6 類)
task_obj_remove_509477         tint_clothing_crop_resize0.1 id_orig=0.72122 id_def=0.76258 臉=True iou_person=0.71431 iou_classes=0.32521(9 類)
task_obj_remove_720199         tint_clothing_crop_resize0.1 id_orig=0.00708 id_def=0.0451 臉=True iou_person=0.93248 iou_classes=0.26973(11 類)
task_obj_swap_joint_mask_533428 tint_clothing_crop_resize0.1 id_orig=0.28658 id_def=0.30661 臉=True iou_person=0.82986 iou_classes=0.33232(10 類)
task_attr_mod_color_123744     tint_clothing_identity id_orig=0.90754 id_def=0.85242 臉=True iou_person=0.82507 iou_classes=0.16715(14 類)
task_attr_mod_color_202962     tint_clothing_identity id_orig=0.86413 id_def=0.61038 臉=True iou_person=0.84471 iou_classes=0.21021(10 類)
task_env_weather_195273        tint_clothing_identity id_orig=0.92152 id_def=0.84929 臉=True iou_person=0.77965 iou_classes=0.33656(6 類)
task_env_weather_70149         tint_clothing_identity id_orig=0.94415 id_def=0.22792 臉=True iou_person=0.89421 iou_classes=0.20444(10 類)
task_obj_remove_257910         tint_clothing_identity id_orig=0.61457 id_def= 臉=False iou_person=0.96603 iou_classes=0.29204(12 類)
task_obj_remove_284852         tint_clothing_identity id_orig=0.92717 id_def=0.45836 臉=True iou_person=0.5423 iou_classes=0.35627(6 類)
task_obj_remove_410264         tint_clothing_identity id_orig=0.97194 id_def= 臉=False iou_person=0.5244 iou_classes=0.04155(7 類)
task_obj_remove_509477         tint_clothing_identity id_orig=0.89955 id_def=0.89165 臉=True iou_person=0.78382 iou_classes=0.38594(6 類)
task_obj_remove_720199         tint_clothing_identity id_orig=0.69671 id_def=0.66287 臉=True iou_person=0.83039 iou_classes=0.27968(11 類)
task_obj_swap_joint_mask_533428 tint_clothing_identity id_orig=0.8842 id_def=0.80652 臉=True iou_person=0.8641 iou_classes=0.59016(7 類)
task_attr_mod_color_123744     tint_clothing_jpeg60 id_orig=0.90754 id_def=0.8975 臉=True iou_person=0.82616 iou_classes=0.16468(13 類)
task_attr_mod_color_202962     tint_clothing_jpeg60 id_orig=0.86413 id_def=0.84984 臉=True iou_person=0.9308 iou_classes=0.39361(10 類)
task_env_weather_195273        tint_clothing_jpeg60 id_orig=0.92152 id_def=0.89842 臉=True iou_person=0.7732 iou_classes=0.29068(7 類)
task_env_weather_70149         tint_clothing_jpeg60 id_orig=0.94415 id_def=0.92258 臉=True iou_person=0.95945 iou_classes=0.32132(9 類)
task_obj_remove_257910         tint_clothing_jpeg60 id_orig=0.61457 id_def=0.75995 臉=True iou_person=0.98394 iou_classes=0.36424(10 類)
task_obj_remove_284852         tint_clothing_jpeg60 id_orig=0.92717 id_def=0.94415 臉=True iou_person=0.84805 iou_classes=0.43549(7 類)
task_obj_remove_410264         tint_clothing_jpeg60 id_orig=0.97194 id_def=0.97437 臉=True iou_person=0.99278 iou_classes=0.86625(4 類)
task_obj_remove_509477         tint_clothing_jpeg60 id_orig=0.89955 id_def=0.89724 臉=True iou_person=0.70964 iou_classes=0.30226(9 類)
task_obj_remove_720199         tint_clothing_jpeg60 id_orig=0.69671 id_def=0.17777 臉=True iou_person=0.9156 iou_classes=0.33609(10 類)
task_obj_swap_joint_mask_533428 tint_clothing_jpeg60 id_orig=0.8842 id_def=0.77751 臉=True iou_person=0.898 iou_classes=0.5648(8 類)
task_attr_mod_color_123744     tint_clothing_jpeg75 id_orig=0.90754 id_def=0.87982 臉=True iou_person=0.86891 iou_classes=0.16844(13 類)
task_attr_mod_color_202962     tint_clothing_jpeg75 id_orig=0.86413 id_def=0.86039 臉=True iou_person=0.92943 iou_classes=0.36396(10 類)
task_env_weather_195273        tint_clothing_jpeg75 id_orig=0.92152 id_def=0.84867 臉=True iou_person=0.78547 iou_classes=0.28008(7 類)
task_env_weather_70149         tint_clothing_jpeg75 id_orig=0.94415 id_def=0.95112 臉=True iou_person=0.95369 iou_classes=0.27278(10 類)
task_obj_remove_257910         tint_clothing_jpeg75 id_orig=0.61457 id_def=0.79311 臉=True iou_person=0.98269 iou_classes=0.35958(10 類)
task_obj_remove_284852         tint_clothing_jpeg75 id_orig=0.92717 id_def=0.94968 臉=True iou_person=0.90724 iou_classes=0.43097(8 類)
task_obj_remove_410264         tint_clothing_jpeg75 id_orig=0.97194 id_def=0.95609 臉=True iou_person=0.99251 iou_classes=0.80873(4 類)
task_obj_remove_509477         tint_clothing_jpeg75 id_orig=0.89955 id_def=0.91245 臉=True iou_person=0.79288 iou_classes=0.40132(6 類)
task_obj_remove_720199         tint_clothing_jpeg75 id_orig=0.69671 id_def=0.18149 臉=True iou_person=0.88752 iou_classes=0.30007(11 類)
task_obj_swap_joint_mask_533428 tint_clothing_jpeg75 id_orig=0.8842 id_def=0.82025 臉=True iou_person=0.88446 iou_classes=0.51223(7 類)
task_attr_mod_color_123744     tint_clothing_jpeg80 id_orig=0.90754 id_def=0.87444 臉=True iou_person=0.82776 iou_classes=0.2(13 類)
task_attr_mod_color_202962     tint_clothing_jpeg80 id_orig=0.86413 id_def=0.89461 臉=True iou_person=0.92425 iou_classes=0.39851(10 類)
task_env_weather_195273        tint_clothing_jpeg80 id_orig=0.92152 id_def=0.84323 臉=True iou_person=0.79692 iou_classes=0.24365(7 類)
task_env_weather_70149         tint_clothing_jpeg80 id_orig=0.94415 id_def=0.93585 臉=True iou_person=0.94499 iou_classes=0.23191(11 類)
task_obj_remove_257910         tint_clothing_jpeg80 id_orig=0.61457 id_def=0.76961 臉=True iou_person=0.98472 iou_classes=0.3431(10 類)
task_obj_remove_284852         tint_clothing_jpeg80 id_orig=0.92717 id_def=0.92833 臉=True iou_person=0.82636 iou_classes=0.45806(7 類)
task_obj_remove_410264         tint_clothing_jpeg80 id_orig=0.97194 id_def=0.9536 臉=True iou_person=0.9802 iou_classes=0.61963(5 類)
task_obj_remove_509477         tint_clothing_jpeg80 id_orig=0.89955 id_def=0.87254 臉=True iou_person=0.78524 iou_classes=0.40047(6 類)
task_obj_remove_720199         tint_clothing_jpeg80 id_orig=0.69671 id_def=0.38097 臉=True iou_person=0.90177 iou_classes=0.32127(11 類)
task_obj_swap_joint_mask_533428 tint_clothing_jpeg80 id_orig=0.8842 id_def=0.83031 臉=True iou_person=0.89926 iou_classes=0.51848(7 類)
task_attr_mod_color_123744     tint_clothing_jpeg90 id_orig=0.90754 id_def=0.88871 臉=True iou_person=0.82403 iou_classes=0.15605(14 類)
task_attr_mod_color_202962     tint_clothing_jpeg90 id_orig=0.86413 id_def=0.84381 臉=True iou_person=0.92826 iou_classes=0.35694(10 類)
task_env_weather_195273        tint_clothing_jpeg90 id_orig=0.92152 id_def=0.85576 臉=True iou_person=0.7922 iou_classes=0.26371(7 類)
task_env_weather_70149         tint_clothing_jpeg90 id_orig=0.94415 id_def=0.93693 臉=True iou_person=0.96462 iou_classes=0.29423(9 類)
task_obj_remove_257910         tint_clothing_jpeg90 id_orig=0.61457 id_def=0.64221 臉=True iou_person=0.98588 iou_classes=0.32977(11 類)
task_obj_remove_284852         tint_clothing_jpeg90 id_orig=0.92717 id_def=0.93418 臉=True iou_person=0.98684 iou_classes=0.43081(7 類)
task_obj_remove_410264         tint_clothing_jpeg90 id_orig=0.97194 id_def=-0.20391 臉=True iou_person=0.62744 iou_classes=0.27706(5 類)
task_obj_remove_509477         tint_clothing_jpeg90 id_orig=0.89955 id_def=0.89485 臉=True iou_person=0.78962 iou_classes=0.38025(6 類)
task_obj_remove_720199         tint_clothing_jpeg90 id_orig=0.69671 id_def=0.76357 臉=True iou_person=0.87848 iou_classes=0.29252(11 類)
task_obj_swap_joint_mask_533428 tint_clothing_jpeg90 id_orig=0.8842 id_def=0.76651 臉=True iou_person=0.88745 iou_classes=0.533(8 類)
task_attr_mod_color_123744     tint_clothing_jpeg_then_resize75 id_orig=0.89944 id_def=0.89576 臉=True iou_person=0.86269 iou_classes=0.22507(12 類)
task_attr_mod_color_202962     tint_clothing_jpeg_then_resize75 id_orig=0.88101 id_def=0.88122 臉=True iou_person=0.95626 iou_classes=0.47074(11 類)
task_env_weather_195273        tint_clothing_jpeg_then_resize75 id_orig=0.83035 id_def=0.87351 臉=True iou_person=0.92199 iou_classes=0.37258(8 類)
task_env_weather_70149         tint_clothing_jpeg_then_resize75 id_orig=0.95031 id_def=0.93549 臉=True iou_person=0.98813 iou_classes=0.41758(9 類)
task_obj_remove_257910         tint_clothing_jpeg_then_resize75 id_orig=0.74995 id_def=0.75659 臉=True iou_person=0.98846 iou_classes=0.5335(8 類)
task_obj_remove_284852         tint_clothing_jpeg_then_resize75 id_orig=0.93468 id_def=0.94684 臉=True iou_person=0.98085 iou_classes=0.43421(8 類)
task_obj_remove_410264         tint_clothing_jpeg_then_resize75 id_orig=0.98349 id_def=0.98253 臉=True iou_person=0.995 iou_classes=0.70611(5 類)
task_obj_remove_509477         tint_clothing_jpeg_then_resize75 id_orig=0.95179 id_def=0.94547 臉=True iou_person=0.88964 iou_classes=0.54545(7 類)
task_obj_remove_720199         tint_clothing_jpeg_then_resize75 id_orig=0.05679 id_def=0.07347 臉=True iou_person=0.90838 iou_classes=0.48972(8 類)
task_obj_swap_joint_mask_533428 tint_clothing_jpeg_then_resize75 id_orig=0.88321 id_def=0.88261 臉=True iou_person=0.87489 iou_classes=0.58778(7 類)
task_attr_mod_color_123744     tint_clothing_quantize8 id_orig=0.90754 id_def=0.83773 臉=True iou_person=0.82707 iou_classes=0.17784(14 類)
task_attr_mod_color_202962     tint_clothing_quantize8 id_orig=0.86413 id_def=0.78505 臉=True iou_person=0.86347 iou_classes=0.26787(10 類)
task_env_weather_195273        tint_clothing_quantize8 id_orig=0.92152 id_def=0.88471 臉=True iou_person=0.77318 iou_classes=0.33661(6 類)
task_env_weather_70149         tint_clothing_quantize8 id_orig=0.94415 id_def=0.25268 臉=True iou_person=0.91064 iou_classes=0.23563(9 類)
task_obj_remove_257910         tint_clothing_quantize8 id_orig=0.61457 id_def= 臉=False iou_person=0.97127 iou_classes=0.38093(9 類)
task_obj_remove_284852         tint_clothing_quantize8 id_orig=0.92717 id_def=0.91095 臉=True iou_person=0.60342 iou_classes=0.39149(6 類)
task_obj_remove_410264         tint_clothing_quantize8 id_orig=0.97194 id_def= 臉=False iou_person=0.58372 iou_classes=0.07772(7 類)
task_obj_remove_509477         tint_clothing_quantize8 id_orig=0.89955 id_def=0.68384 臉=True iou_person=0.74359 iou_classes=0.37685(7 類)
task_obj_remove_720199         tint_clothing_quantize8 id_orig=0.69671 id_def= 臉=False iou_person=0.75621 iou_classes=0.12712(10 類)
task_obj_swap_joint_mask_533428 tint_clothing_quantize8 id_orig=0.8842 id_def=0.73094 臉=True iou_person=0.86818 iou_classes=0.53934(7 類)
task_attr_mod_color_123744     tint_clothing_resize_only id_orig=0.91608 id_def=0.89454 臉=True iou_person=0.87637 iou_classes=0.24331(12 類)
task_attr_mod_color_202962     tint_clothing_resize_only id_orig=0.88047 id_def=0.90182 臉=True iou_person=0.93997 iou_classes=0.4406(10 類)
task_env_weather_195273        tint_clothing_resize_only id_orig=0.87951 id_def=0.84859 臉=True iou_person=0.92484 iou_classes=0.40193(7 類)
task_env_weather_70149         tint_clothing_resize_only id_orig=0.96254 id_def=0.96568 臉=True iou_person=0.98701 iou_classes=0.42592(9 類)
task_obj_remove_257910         tint_clothing_resize_only id_orig=0.76688 id_def=0.77173 臉=True iou_person=0.98949 iou_classes=0.57143(8 類)
task_obj_remove_284852         tint_clothing_resize_only id_orig=0.94989 id_def=0.95547 臉=True iou_person=0.95792 iou_classes=0.61942(6 類)
task_obj_remove_410264         tint_clothing_resize_only id_orig=0.98735 id_def=0.98055 臉=True iou_person=0.99102 iou_classes=0.60344(6 類)
task_obj_remove_509477         tint_clothing_resize_only id_orig=0.89826 id_def=0.9146 臉=True iou_person=0.79679 iou_classes=0.45758(7 類)
task_obj_remove_720199         tint_clothing_resize_only id_orig=0.01006 id_def=0.06259 臉=True iou_person=0.88493 iou_classes=0.3889(10 類)
task_obj_swap_joint_mask_533428 tint_clothing_resize_only id_orig=0.8654 id_def=0.87852 臉=True iou_person=0.88896 iou_classes=0.62826(7 類)
task_attr_mod_color_123744     tint_clothing_rotate10 id_orig=0.90977 id_def=0.88971 臉=True iou_person=0.85062 iou_classes=0.19827(13 類)
task_attr_mod_color_202962     tint_clothing_rotate10 id_orig=0.89604 id_def=0.90977 臉=True iou_person=0.86128 iou_classes=0.24996(10 類)
task_env_weather_195273        tint_clothing_rotate10 id_orig=0.94603 id_def=0.84329 臉=True iou_person=0.81238 iou_classes=0.30179(7 類)
task_env_weather_70149         tint_clothing_rotate10 id_orig=0.94677 id_def=0.91504 臉=True iou_person=0.96905 iou_classes=0.26745(10 類)
task_obj_remove_257910         tint_clothing_rotate10 id_orig=0.66977 id_def= 臉=False iou_person=0.98255 iou_classes=0.39259(9 類)
task_obj_remove_284852         tint_clothing_rotate10 id_orig=0.92929 id_def=0.9272 臉=True iou_person=0.95744 iou_classes=0.30474(7 類)
task_obj_remove_410264         tint_clothing_rotate10 id_orig=0.9739 id_def= 臉=False iou_person=0.59046 iou_classes=0.12924(4 類)
task_obj_remove_509477         tint_clothing_rotate10 id_orig=0.89358 id_def=0.89055 臉=True iou_person=0.80197 iou_classes=0.40419(6 類)
task_obj_remove_720199         tint_clothing_rotate10 id_orig=0.087 id_def=0.65817 臉=True iou_person=0.86293 iou_classes=0.26554(11 類)
task_obj_swap_joint_mask_533428 tint_clothing_rotate10 id_orig=0.86734 id_def=0.82261 臉=True iou_person=0.84919 iou_classes=0.60594(7 類)
task_attr_mod_color_123744     free_accessory_adverse_cleaner id_orig=0.00202 id_def=-0.04473 臉=True iou_person=0.77429 iou_classes=0.21752(8 類)
task_attr_mod_color_202962     free_accessory_adverse_cleaner id_orig=0.83854 id_def=-0.06901 臉=True iou_person=0.67848 iou_classes=0.138(6 類)
task_env_weather_195273        free_accessory_adverse_cleaner id_orig=-0.01849 id_def=-0.00632 臉=True iou_person=0.90552 iou_classes=0.34831(4 類)
task_env_weather_70149         free_accessory_adverse_cleaner id_orig=0.95049 id_def=0.32747 臉=True iou_person=0.71068 iou_classes=0.17802(6 類)
task_obj_remove_257910         free_accessory_adverse_cleaner id_orig=0.1509 id_def=-7e-05 臉=True iou_person=0.62963 iou_classes=0.16841(6 類)
task_obj_remove_284852         free_accessory_adverse_cleaner id_orig=0.5636 id_def=0.06367 臉=True iou_person=0.35184 iou_classes=0.12455(7 類)
task_obj_remove_410264         free_accessory_adverse_cleaner id_orig=0.15523 id_def=-0.02525 臉=True iou_person=0.71521 iou_classes=0.09399(8 類)
task_obj_remove_509477         free_accessory_adverse_cleaner id_orig=0.66569 id_def=0.56503 臉=True iou_person=0.92519 iou_classes=0.28697(7 類)
task_obj_remove_720199         free_accessory_adverse_cleaner id_orig=0.01193 id_def=-0.052 臉=True iou_person=0.6103 iou_classes=0.0816(9 類)
task_obj_swap_joint_mask_533428 free_accessory_adverse_cleaner id_orig=0.67673 id_def=0.00448 臉=True iou_person=0.54696 iou_classes=0.05837(7 類)
task_attr_mod_color_123744     free_accessory_blur1.5 id_orig=0.00202 id_def=-0.03559 臉=True iou_person=0.82655 iou_classes=0.36595(7 類)
task_attr_mod_color_202962     free_accessory_blur1.5 id_orig=0.83854 id_def=0.82831 臉=True iou_person=0.82967 iou_classes=0.3993(6 類)
task_env_weather_195273        free_accessory_blur1.5 id_orig=-0.01849 id_def=0.17391 臉=True iou_person=0.88509 iou_classes=0.11508(9 類)
task_env_weather_70149         free_accessory_blur1.5 id_orig=0.95049 id_def=0.95827 臉=True iou_person=0.98055 iou_classes=0.39979(7 類)
task_obj_remove_257910         free_accessory_blur1.5 id_orig=0.1509 id_def=0.07696 臉=True iou_person=0.93131 iou_classes=0.19764(6 類)
task_obj_remove_284852         free_accessory_blur1.5 id_orig=0.5636 id_def=0.7153 臉=True iou_person=0.89263 iou_classes=0.37196(7 類)
task_obj_remove_410264         free_accessory_blur1.5 id_orig=0.15523 id_def=0.48842 臉=True iou_person=0.89867 iou_classes=0.18467(7 類)
task_obj_remove_509477         free_accessory_blur1.5 id_orig=0.66569 id_def=0.83223 臉=True iou_person=0.83533 iou_classes=0.31344(6 類)
task_obj_remove_720199         free_accessory_blur1.5 id_orig=0.01193 id_def=-0.1463 臉=True iou_person=0.66013 iou_classes=0.1343(8 類)
task_obj_swap_joint_mask_533428 free_accessory_blur1.5 id_orig=0.67673 id_def=0.77577 臉=True iou_person=0.50749 iou_classes=0.1408(8 類)
task_attr_mod_color_123744     free_accessory_crop_resize0.1 id_orig=0.19892 id_def=0.06638 臉=True iou_person=0.81666 iou_classes=0.23233(8 類)
task_attr_mod_color_202962     free_accessory_crop_resize0.1 id_orig=0.93825 id_def=0.73115 臉=True iou_person=0.85973 iou_classes=0.27024(8 類)
task_env_weather_195273        free_accessory_crop_resize0.1 id_orig=0.60152 id_def=0.30527 臉=True iou_person=0.93947 iou_classes=0.46277(5 類)
task_env_weather_70149         free_accessory_crop_resize0.1 id_orig=0.96574 id_def=0.89647 臉=True iou_person=0.97129 iou_classes=0.75899(4 類)
task_obj_remove_257910         free_accessory_crop_resize0.1 id_orig=0.01052 id_def=0.03301 臉=True iou_person=0.88566 iou_classes=0.3338(7 類)
task_obj_remove_284852         free_accessory_crop_resize0.1 id_orig= id_def= 臉=False iou_person=0.76002 iou_classes=0.54066(4 類)
task_obj_remove_410264         free_accessory_crop_resize0.1 id_orig=0.08395 id_def=0.18897 臉=True iou_person=0.88739 iou_classes=0.23902(7 類)
task_obj_remove_509477         free_accessory_crop_resize0.1 id_orig=0.70893 id_def=0.50776 臉=True iou_person=0.92409 iou_classes=0.2849(7 類)
task_obj_remove_720199         free_accessory_crop_resize0.1 id_orig=0.07227 id_def=0.01964 臉=True iou_person=0.76111 iou_classes=0.13879(7 類)
task_obj_swap_joint_mask_533428 free_accessory_crop_resize0.1 id_orig=0.37818 id_def=0.34649 臉=True iou_person=0.88435 iou_classes=0.38875(6 類)
task_attr_mod_color_123744     free_accessory_identity id_orig=0.00202 id_def=-0.03643 臉=True iou_person=0.77187 iou_classes=0.2097(8 類)
task_attr_mod_color_202962     free_accessory_identity id_orig=0.83854 id_def=-0.01815 臉=True iou_person=0.67845 iou_classes=0.14347(6 類)
task_env_weather_195273        free_accessory_identity id_orig=-0.01849 id_def=-0.03544 臉=True iou_person=0.91408 iou_classes=0.33243(4 類)
task_env_weather_70149         free_accessory_identity id_orig=0.95049 id_def=0.09061 臉=True iou_person=0.8085 iou_classes=0.30889(6 類)
task_obj_remove_257910         free_accessory_identity id_orig=0.1509 id_def=-0.11667 臉=True iou_person=0.69084 iou_classes=0.16497(6 類)
task_obj_remove_284852         free_accessory_identity id_orig=0.5636 id_def=-0.11175 臉=True iou_person=0.29393 iou_classes=0.13638(6 類)
task_obj_remove_410264         free_accessory_identity id_orig=0.15523 id_def=-0.01025 臉=True iou_person=0.72334 iou_classes=0.0902(8 類)
task_obj_remove_509477         free_accessory_identity id_orig=0.66569 id_def=0.63051 臉=True iou_person=0.90466 iou_classes=0.3845(6 類)
task_obj_remove_720199         free_accessory_identity id_orig=0.01193 id_def=0.06372 臉=True iou_person=0.62416 iou_classes=0.08385(9 類)
task_obj_swap_joint_mask_533428 free_accessory_identity id_orig=0.67673 id_def=0.01503 臉=True iou_person=0.5744 iou_classes=0.06551(7 類)
task_attr_mod_color_123744     free_accessory_jpeg60 id_orig=0.00202 id_def=-0.0703 臉=True iou_person=0.95606 iou_classes=0.4696(7 類)
task_attr_mod_color_202962     free_accessory_jpeg60 id_orig=0.83854 id_def=0.56181 臉=True iou_person=0.89325 iou_classes=0.34334(6 類)
task_env_weather_195273        free_accessory_jpeg60 id_orig=-0.01849 id_def=0.03106 臉=True iou_person=0.91325 iou_classes=0.3081(4 類)
task_env_weather_70149         free_accessory_jpeg60 id_orig=0.95049 id_def=0.8002 臉=True iou_person=0.90384 iou_classes=0.33957(7 類)
task_obj_remove_257910         free_accessory_jpeg60 id_orig=0.1509 id_def=-0.00984 臉=True iou_person=0.95748 iou_classes=0.22961(6 類)
task_obj_remove_284852         free_accessory_jpeg60 id_orig=0.5636 id_def=0.56079 臉=True iou_person=0.92917 iou_classes=0.52609(5 類)
task_obj_remove_410264         free_accessory_jpeg60 id_orig=0.15523 id_def=-0.07696 臉=True iou_person=0.89415 iou_classes=0.22398(7 類)
task_obj_remove_509477         free_accessory_jpeg60 id_orig=0.66569 id_def=0.5787 臉=True iou_person=0.88228 iou_classes=0.24926(8 類)
task_obj_remove_720199         free_accessory_jpeg60 id_orig=0.01193 id_def=-0.00571 臉=True iou_person=0.83785 iou_classes=0.10489(8 類)
task_obj_swap_joint_mask_533428 free_accessory_jpeg60 id_orig=0.67673 id_def=0.7759 臉=True iou_person=0.75701 iou_classes=0.33216(7 類)
task_attr_mod_color_123744     free_accessory_jpeg75 id_orig=0.00202 id_def=-0.05815 臉=True iou_person=0.88393 iou_classes=0.40473(7 類)
task_attr_mod_color_202962     free_accessory_jpeg75 id_orig=0.83854 id_def=0.38266 臉=True iou_person=0.85898 iou_classes=0.33637(6 類)
task_env_weather_195273        free_accessory_jpeg75 id_orig=-0.01849 id_def=0.01181 臉=True iou_person=0.89541 iou_classes=0.31146(4 類)
task_env_weather_70149         free_accessory_jpeg75 id_orig=0.95049 id_def=0.82181 臉=True iou_person=0.89193 iou_classes=0.33405(7 類)
task_obj_remove_257910         free_accessory_jpeg75 id_orig=0.1509 id_def=0.04602 臉=True iou_person=0.8923 iou_classes=0.30825(6 類)
task_obj_remove_284852         free_accessory_jpeg75 id_orig=0.5636 id_def=0.47722 臉=True iou_person=0.92534 iou_classes=0.4969(5 類)
task_obj_remove_410264         free_accessory_jpeg75 id_orig=0.15523 id_def=-0.08732 臉=True iou_person=0.86626 iou_classes=0.23427(7 類)
task_obj_remove_509477         free_accessory_jpeg75 id_orig=0.66569 id_def=0.745 臉=True iou_person=0.88972 iou_classes=0.28129(8 類)
task_obj_remove_720199         free_accessory_jpeg75 id_orig=0.01193 id_def=-0.15232 臉=True iou_person=0.67342 iou_classes=0.0972(9 類)
task_obj_swap_joint_mask_533428 free_accessory_jpeg75 id_orig=0.67673 id_def=0.07905 臉=True iou_person=0.762 iou_classes=0.25601(7 類)
task_attr_mod_color_123744     free_accessory_jpeg80 id_orig=0.00202 id_def=-0.09792 臉=True iou_person=0.88005 iou_classes=0.38501(7 類)
task_attr_mod_color_202962     free_accessory_jpeg80 id_orig=0.83854 id_def=0.21878 臉=True iou_person=0.85793 iou_classes=0.27877(6 類)
task_env_weather_195273        free_accessory_jpeg80 id_orig=-0.01849 id_def=-0.05113 臉=True iou_person=0.89025 iou_classes=0.21428(5 類)
task_env_weather_70149         free_accessory_jpeg80 id_orig=0.95049 id_def=0.75752 臉=True iou_person=0.89138 iou_classes=0.39333(6 類)
task_obj_remove_257910         free_accessory_jpeg80 id_orig=0.1509 id_def=0.06557 臉=True iou_person=0.92692 iou_classes=0.33215(6 類)
task_obj_remove_284852         free_accessory_jpeg80 id_orig=0.5636 id_def=0.45426 臉=True iou_person=0.89488 iou_classes=0.37991(7 類)
task_obj_remove_410264         free_accessory_jpeg80 id_orig=0.15523 id_def=-0.0274 臉=True iou_person=0.86191 iou_classes=0.26033(7 類)
task_obj_remove_509477         free_accessory_jpeg80 id_orig=0.66569 id_def=0.66247 臉=True iou_person=0.90955 iou_classes=0.30378(7 類)
task_obj_remove_720199         free_accessory_jpeg80 id_orig=0.01193 id_def=-0.16256 臉=True iou_person=0.67164 iou_classes=0.12652(8 類)
task_obj_swap_joint_mask_533428 free_accessory_jpeg80 id_orig=0.67673 id_def=0.17646 臉=True iou_person=0.74455 iou_classes=0.24276(7 類)
task_attr_mod_color_123744     free_accessory_jpeg90 id_orig=0.00202 id_def=-0.14448 臉=True iou_person=0.89 iou_classes=0.41319(7 類)
task_attr_mod_color_202962     free_accessory_jpeg90 id_orig=0.83854 id_def=0.22375 臉=True iou_person=0.83712 iou_classes=0.26084(6 類)
task_env_weather_195273        free_accessory_jpeg90 id_orig=-0.01849 id_def=-0.01516 臉=True iou_person=0.90195 iou_classes=0.34814(4 類)
task_env_weather_70149         free_accessory_jpeg90 id_orig=0.95049 id_def=0.726 臉=True iou_person=0.88961 iou_classes=0.39459(6 類)
task_obj_remove_257910         free_accessory_jpeg90 id_orig=0.1509 id_def=0.10538 臉=True iou_person=0.91599 iou_classes=0.3115(6 類)
task_obj_remove_284852         free_accessory_jpeg90 id_orig=0.5636 id_def=0.44189 臉=True iou_person=0.90071 iou_classes=0.40882(6 類)
task_obj_remove_410264         free_accessory_jpeg90 id_orig=0.15523 id_def=0.07228 臉=True iou_person=0.85498 iou_classes=0.22046(7 類)
task_obj_remove_509477         free_accessory_jpeg90 id_orig=0.66569 id_def=0.73862 臉=True iou_person=0.82003 iou_classes=0.31446(7 類)
task_obj_remove_720199         free_accessory_jpeg90 id_orig=0.01193 id_def=-0.16503 臉=True iou_person=0.6667 iou_classes=0.10538(8 類)
task_obj_swap_joint_mask_533428 free_accessory_jpeg90 id_orig=0.67673 id_def=0.03256 臉=True iou_person=0.73767 iou_classes=0.21541(7 類)
task_attr_mod_color_123744     free_accessory_jpeg_then_resize75 id_orig=0.18287 id_def=0.03048 臉=True iou_person=0.92021 iou_classes=0.36645(8 類)
task_attr_mod_color_202962     free_accessory_jpeg_then_resize75 id_orig=0.88571 id_def=0.88224 臉=True iou_person=0.93522 iou_classes=0.35854(7 類)
task_env_weather_195273        free_accessory_jpeg_then_resize75 id_orig=0.16316 id_def=0.14885 臉=True iou_person=0.89464 iou_classes=0.17328(8 類)
task_env_weather_70149         free_accessory_jpeg_then_resize75 id_orig=0.95318 id_def=0.96793 臉=True iou_person=0.96478 iou_classes=0.36009(8 類)
task_obj_remove_257910         free_accessory_jpeg_then_resize75 id_orig=0.24396 id_def=0.13347 臉=True iou_person=0.95941 iou_classes=0.30315(7 類)
task_obj_remove_284852         free_accessory_jpeg_then_resize75 id_orig=0.64884 id_def=0.69733 臉=True iou_person=0.9126 iou_classes=0.52061(5 類)
task_obj_remove_410264         free_accessory_jpeg_then_resize75 id_orig=0.26781 id_def=0.10125 臉=True iou_person=0.88738 iou_classes=0.34164(6 類)
task_obj_remove_509477         free_accessory_jpeg_then_resize75 id_orig=0.61185 id_def=0.69703 臉=True iou_person=0.90707 iou_classes=0.31901(7 類)
task_obj_remove_720199         free_accessory_jpeg_then_resize75 id_orig=-0.13095 id_def=-0.12815 臉=True iou_person=0.85604 iou_classes=0.15233(7 類)
task_obj_swap_joint_mask_533428 free_accessory_jpeg_then_resize75 id_orig=0.70318 id_def=0.50681 臉=True iou_person=0.89716 iou_classes=0.33896(7 類)
task_attr_mod_color_123744     free_accessory_quantize8 id_orig=0.00202 id_def=-0.0109 臉=True iou_person=0.78057 iou_classes=0.21523(8 類)
task_attr_mod_color_202962     free_accessory_quantize8 id_orig=0.83854 id_def=-0.17735 臉=True iou_person=0.68912 iou_classes=0.13835(6 類)
task_env_weather_195273        free_accessory_quantize8 id_orig=-0.01849 id_def=0.06892 臉=True iou_person=0.85341 iou_classes=0.22843(6 類)
task_env_weather_70149         free_accessory_quantize8 id_orig=0.95049 id_def=0.38707 臉=True iou_person=0.86461 iou_classes=0.31649(7 類)
task_obj_remove_257910         free_accessory_quantize8 id_orig=0.1509 id_def=-0.10736 臉=True iou_person=0.61676 iou_classes=0.15844(6 類)
task_obj_remove_284852         free_accessory_quantize8 id_orig=0.5636 id_def=-0.10282 臉=True iou_person=0.3237 iou_classes=0.12105(7 類)
task_obj_remove_410264         free_accessory_quantize8 id_orig=0.15523 id_def=-0.03224 臉=True iou_person=0.70282 iou_classes=0.1463(7 類)
task_obj_remove_509477         free_accessory_quantize8 id_orig=0.66569 id_def=0.70207 臉=True iou_person=0.86919 iou_classes=0.24886(8 類)
task_obj_remove_720199         free_accessory_quantize8 id_orig=0.01193 id_def=-0.04896 臉=True iou_person=0.59959 iou_classes=0.10449(8 類)
task_obj_swap_joint_mask_533428 free_accessory_quantize8 id_orig=0.67673 id_def=0.00323 臉=True iou_person=0.56149 iou_classes=0.08501(7 類)
task_attr_mod_color_123744     free_accessory_resize_only id_orig=0.11632 id_def=0.02364 臉=True iou_person=0.7882 iou_classes=0.31066(8 類)
task_attr_mod_color_202962     free_accessory_resize_only id_orig=0.89241 id_def=0.85433 臉=True iou_person=0.94538 iou_classes=0.38197(7 類)
task_env_weather_195273        free_accessory_resize_only id_orig=0.14305 id_def=0.07909 臉=True iou_person=0.89514 iou_classes=0.2355(6 類)
task_env_weather_70149         free_accessory_resize_only id_orig=0.96521 id_def=0.97777 臉=True iou_person=0.96341 iou_classes=0.3496(8 類)
task_obj_remove_257910         free_accessory_resize_only id_orig=0.31643 id_def=0.23705 臉=True iou_person=0.95672 iou_classes=0.3041(7 類)
task_obj_remove_284852         free_accessory_resize_only id_orig=0.63916 id_def=0.65679 臉=True iou_person=0.85908 iou_classes=0.45733(6 類)
task_obj_remove_410264         free_accessory_resize_only id_orig=0.30181 id_def=0.14687 臉=True iou_person=0.8944 iou_classes=0.37047(6 類)
task_obj_remove_509477         free_accessory_resize_only id_orig=0.54481 id_def=0.80784 臉=True iou_person=0.90222 iou_classes=0.35091(6 類)
task_obj_remove_720199         free_accessory_resize_only id_orig=-0.06346 id_def=-0.07323 臉=True iou_person=0.75417 iou_classes=0.10932(8 類)
task_obj_swap_joint_mask_533428 free_accessory_resize_only id_orig=0.73272 id_def=0.71831 臉=True iou_person=0.84636 iou_classes=0.40799(6 類)
task_attr_mod_color_123744     free_accessory_rotate10 id_orig=-0.09178 id_def=-0.04981 臉=True iou_person=0.94607 iou_classes=0.32437(7 類)
task_attr_mod_color_202962     free_accessory_rotate10 id_orig=0.88834 id_def=-0.06812 臉=True iou_person=0.77575 iou_classes=0.18024(8 類)
task_env_weather_195273        free_accessory_rotate10 id_orig=0.08677 id_def=0.15841 臉=True iou_person=0.93715 iou_classes=0.24706(6 類)
task_env_weather_70149         free_accessory_rotate10 id_orig=0.94198 id_def=0.73035 臉=True iou_person=0.88057 iou_classes=0.3324(7 類)
task_obj_remove_257910         free_accessory_rotate10 id_orig=0.22222 id_def=0.09472 臉=True iou_person=0.76827 iou_classes=0.19456(7 類)
task_obj_remove_284852         free_accessory_rotate10 id_orig=0.56295 id_def=0.45956 臉=True iou_person=0.90303 iou_classes=0.49942(5 類)
task_obj_remove_410264         free_accessory_rotate10 id_orig=0.18346 id_def=-0.08764 臉=True iou_person=0.67853 iou_classes=0.21261(6 類)
task_obj_remove_509477         free_accessory_rotate10 id_orig=0.58168 id_def=0.70596 臉=True iou_person=0.61582 iou_classes=0.22659(9 類)
task_obj_remove_720199         free_accessory_rotate10 id_orig=-0.0661 id_def=-0.08155 臉=True iou_person=0.63218 iou_classes=0.08088(7 類)
task_obj_swap_joint_mask_533428 free_accessory_rotate10 id_orig=0.69557 id_def=0.05303 臉=True iou_person=0.58451 iou_classes=0.11033(7 類)
task_attr_mod_color_123744     free_background_adverse_cleaner id_orig=0.8867 id_def=0.86983 臉=True iou_person=0.85049 iou_classes=0.18457(12 類)
task_attr_mod_color_202962     free_background_adverse_cleaner id_orig=0.84716 id_def=0.65043 臉=True iou_person=0.15466 iou_classes=0.04724(14 類)
task_env_weather_195273        free_background_adverse_cleaner id_orig=0.91921 id_def= 臉=False iou_person=0.07476 iou_classes=0.00567(12 類)
task_env_weather_70149         free_background_adverse_cleaner id_orig=0.93106 id_def=0.6946 臉=True iou_person=0.14995 iou_classes=0.10896(9 類)
task_obj_remove_257910         free_background_adverse_cleaner id_orig=0.66048 id_def=0.15179 臉=True iou_person=0.86022 iou_classes=0.24442(10 類)
task_obj_remove_284852         free_background_adverse_cleaner id_orig=0.9167 id_def= 臉=False iou_person=0.06065 iou_classes=0.08741(6 類)
task_obj_remove_410264         free_background_adverse_cleaner id_orig=0.97162 id_def= 臉=False iou_person=0.28795 iou_classes=0.08234(5 類)
task_obj_remove_509477         free_background_adverse_cleaner id_orig=0.88801 id_def=0.91692 臉=True iou_person=0.89011 iou_classes=0.38052(9 類)
task_obj_remove_720199         free_background_adverse_cleaner id_orig=0.55912 id_def=0.42264 臉=True iou_person=0.76914 iou_classes=0.17182(9 類)
task_obj_swap_joint_mask_533428 free_background_adverse_cleaner id_orig=0.84091 id_def=0.80993 臉=True iou_person=0.80619 iou_classes=0.29056(8 類)
task_attr_mod_color_123744     free_background_blur1.5 id_orig=0.8867 id_def=0.8282 臉=True iou_person=0.8391 iou_classes=0.15819(13 類)
task_attr_mod_color_202962     free_background_blur1.5 id_orig=0.84716 id_def=0.70405 臉=True iou_person=0.90791 iou_classes=0.35904(9 類)
task_env_weather_195273        free_background_blur1.5 id_orig=0.91921 id_def=0.89214 臉=True iou_person=0.8404 iou_classes=0.18948(13 類)
task_env_weather_70149         free_background_blur1.5 id_orig=0.93106 id_def=0.95347 臉=True iou_person=0.95134 iou_classes=0.24945(10 類)
task_obj_remove_257910         free_background_blur1.5 id_orig=0.66048 id_def=0.69663 臉=True iou_person=0.97014 iou_classes=0.26978(10 類)
task_obj_remove_284852         free_background_blur1.5 id_orig=0.9167 id_def=0.14295 臉=True iou_person=0.81414 iou_classes=0.29375(7 類)
task_obj_remove_410264         free_background_blur1.5 id_orig=0.97162 id_def=0.92806 臉=True iou_person=0.91206 iou_classes=0.7145(4 類)
task_obj_remove_509477         free_background_blur1.5 id_orig=0.88801 id_def=0.87736 臉=True iou_person=0.88699 iou_classes=0.37348(9 類)
task_obj_remove_720199         free_background_blur1.5 id_orig=0.55912 id_def=0.14688 臉=True iou_person=0.76969 iou_classes=0.21327(9 類)
task_obj_swap_joint_mask_533428 free_background_blur1.5 id_orig=0.84091 id_def=0.83179 臉=True iou_person=0.80185 iou_classes=0.47545(8 類)
task_attr_mod_color_123744     free_background_crop_resize0.1 id_orig=0.96009 id_def=0.9561 臉=True iou_person=0.94687 iou_classes=0.22225(12 類)
task_attr_mod_color_202962     free_background_crop_resize0.1 id_orig=0.8723 id_def=0.45306 臉=True iou_person=0.16434 iou_classes=0.0191(9 類)
task_env_weather_195273        free_background_crop_resize0.1 id_orig=0.98076 id_def=0.96086 臉=True iou_person=0.86058 iou_classes=0.23005(11 類)
task_env_weather_70149         free_background_crop_resize0.1 id_orig=0.94317 id_def=0.96907 臉=True iou_person=0.98893 iou_classes=0.36262(9 類)
task_obj_remove_257910         free_background_crop_resize0.1 id_orig=0.82593 id_def=0.84816 臉=True iou_person=0.85828 iou_classes=0.40199(10 類)
task_obj_remove_284852         free_background_crop_resize0.1 id_orig=0.64359 id_def=0.61352 臉=True iou_person=0.60286 iou_classes=0.34428(6 類)
task_obj_remove_410264         free_background_crop_resize0.1 id_orig=0.92147 id_def=0.86766 臉=True iou_person=0.68963 iou_classes=0.55939(5 類)
task_obj_remove_509477         free_background_crop_resize0.1 id_orig=0.81204 id_def=0.77777 臉=True iou_person=0.86972 iou_classes=0.38924(8 類)
task_obj_remove_720199         free_background_crop_resize0.1 id_orig=0.73607 id_def=0.11373 臉=True iou_person=0.92731 iou_classes=0.28816(10 類)
task_obj_swap_joint_mask_533428 free_background_crop_resize0.1 id_orig=0.29303 id_def=0.20967 臉=True iou_person=0.84042 iou_classes=0.32616(9 類)
task_attr_mod_color_123744     free_background_identity id_orig=0.8867 id_def=0.88215 臉=True iou_person=0.84986 iou_classes=0.20219(12 類)
task_attr_mod_color_202962     free_background_identity id_orig=0.84716 id_def=0.6715 臉=True iou_person=0.38324 iou_classes=0.10693(13 類)
task_env_weather_195273        free_background_identity id_orig=0.91921 id_def= 臉=False iou_person=0.09624 iou_classes=0.00723(12 類)
task_env_weather_70149         free_background_identity id_orig=0.93106 id_def=0.87734 臉=True iou_person=0.97032 iou_classes=0.34673(9 類)
task_obj_remove_257910         free_background_identity id_orig=0.66048 id_def=0.2847 臉=True iou_person=0.94606 iou_classes=0.29567(9 類)
task_obj_remove_284852         free_background_identity id_orig=0.9167 id_def=0.8821 臉=True iou_person=0.55452 iou_classes=0.33402(7 類)
task_obj_remove_410264         free_background_identity id_orig=0.97162 id_def=0.7655 臉=True iou_person=0.34412 iou_classes=0.38885(5 類)
task_obj_remove_509477         free_background_identity id_orig=0.88801 id_def=0.90005 臉=True iou_person=0.87862 iou_classes=0.44276(8 類)
task_obj_remove_720199         free_background_identity id_orig=0.55912 id_def=-0.09974 臉=True iou_person=0.76096 iou_classes=0.18888(9 類)
task_obj_swap_joint_mask_533428 free_background_identity id_orig=0.84091 id_def=0.8113 臉=True iou_person=0.75899 iou_classes=0.31925(8 類)
task_attr_mod_color_123744     free_background_jpeg60 id_orig=0.8867 id_def=0.84842 臉=True iou_person=0.848 iou_classes=0.17795(12 類)
task_attr_mod_color_202962     free_background_jpeg60 id_orig=0.84716 id_def=0.79681 臉=True iou_person=0.96005 iou_classes=0.41868(8 類)
task_env_weather_195273        free_background_jpeg60 id_orig=0.91921 id_def= 臉=False iou_person=0.1842 iou_classes=0.00705(12 類)
task_env_weather_70149         free_background_jpeg60 id_orig=0.93106 id_def=0.89253 臉=True iou_person=0.95655 iou_classes=0.34555(9 類)
task_obj_remove_257910         free_background_jpeg60 id_orig=0.66048 id_def=0.7052 臉=True iou_person=0.96908 iou_classes=0.2783(9 類)
task_obj_remove_284852         free_background_jpeg60 id_orig=0.9167 id_def=-0.01064 臉=True iou_person=0.71144 iou_classes=0.42412(6 類)
task_obj_remove_410264         free_background_jpeg60 id_orig=0.97162 id_def=0.80777 臉=True iou_person=0.87543 iou_classes=0.67945(4 類)
task_obj_remove_509477         free_background_jpeg60 id_orig=0.88801 id_def=0.90959 臉=True iou_person=0.85114 iou_classes=0.40288(8 類)
task_obj_remove_720199         free_background_jpeg60 id_orig=0.55912 id_def=0.11015 臉=True iou_person=0.79858 iou_classes=0.18401(10 類)
task_obj_swap_joint_mask_533428 free_background_jpeg60 id_orig=0.84091 id_def=0.77662 臉=True iou_person=0.78964 iou_classes=0.38655(8 類)
task_attr_mod_color_123744     free_background_jpeg75 id_orig=0.8867 id_def=0.86302 臉=True iou_person=0.84461 iou_classes=0.16675(12 類)
task_attr_mod_color_202962     free_background_jpeg75 id_orig=0.84716 id_def=0.51915 臉=True iou_person=0.72868 iou_classes=0.14902(9 類)
task_env_weather_195273        free_background_jpeg75 id_orig=0.91921 id_def=0.87853 臉=True iou_person=0.81715 iou_classes=0.20609(12 類)
task_env_weather_70149         free_background_jpeg75 id_orig=0.93106 id_def=0.92652 臉=True iou_person=0.96257 iou_classes=0.34146(9 類)
task_obj_remove_257910         free_background_jpeg75 id_orig=0.66048 id_def=0.654 臉=True iou_person=0.9565 iou_classes=0.26983(9 類)
task_obj_remove_284852         free_background_jpeg75 id_orig=0.9167 id_def=0.00516 臉=True iou_person=0.68839 iou_classes=0.31682(7 類)
task_obj_remove_410264         free_background_jpeg75 id_orig=0.97162 id_def=0.86185 臉=True iou_person=0.95129 iou_classes=0.58433(5 類)
task_obj_remove_509477         free_background_jpeg75 id_orig=0.88801 id_def=0.9284 臉=True iou_person=0.80659 iou_classes=0.39178(8 類)
task_obj_remove_720199         free_background_jpeg75 id_orig=0.55912 id_def=-0.05095 臉=True iou_person=0.76801 iou_classes=0.12178(11 類)
task_obj_swap_joint_mask_533428 free_background_jpeg75 id_orig=0.84091 id_def=0.82531 臉=True iou_person=0.67262 iou_classes=0.26725(9 類)
task_attr_mod_color_123744     free_background_jpeg80 id_orig=0.8867 id_def=0.85883 臉=True iou_person=0.84271 iou_classes=0.16855(12 類)
task_attr_mod_color_202962     free_background_jpeg80 id_orig=0.84716 id_def=0.52652 臉=True iou_person=0.82493 iou_classes=0.15221(11 類)
task_env_weather_195273        free_background_jpeg80 id_orig=0.91921 id_def= 臉=False iou_person=0.8463 iou_classes=0.228(12 類)
task_env_weather_70149         free_background_jpeg80 id_orig=0.93106 id_def=0.90543 臉=True iou_person=0.94048 iou_classes=0.32555(9 類)
task_obj_remove_257910         free_background_jpeg80 id_orig=0.66048 id_def=0.7607 臉=True iou_person=0.95821 iou_classes=0.25732(10 類)
task_obj_remove_284852         free_background_jpeg80 id_orig=0.9167 id_def=0.89505 臉=True iou_person=0.69241 iou_classes=0.33796(7 類)
task_obj_remove_410264         free_background_jpeg80 id_orig=0.97162 id_def=0.88068 臉=True iou_person=0.95153 iou_classes=0.58782(5 類)
task_obj_remove_509477         free_background_jpeg80 id_orig=0.88801 id_def=0.91414 臉=True iou_person=0.88102 iou_classes=0.39324(8 類)
task_obj_remove_720199         free_background_jpeg80 id_orig=0.55912 id_def=0.02378 臉=True iou_person=0.76632 iou_classes=0.17835(11 類)
task_obj_swap_joint_mask_533428 free_background_jpeg80 id_orig=0.84091 id_def=0.83929 臉=True iou_person=0.73119 iou_classes=0.34108(8 類)
task_attr_mod_color_123744     free_background_jpeg90 id_orig=0.8867 id_def=0.86157 臉=True iou_person=0.84497 iou_classes=0.17049(12 類)
task_attr_mod_color_202962     free_background_jpeg90 id_orig=0.84716 id_def=0.67674 臉=True iou_person=0.12111 iou_classes=0.04392(11 類)
task_env_weather_195273        free_background_jpeg90 id_orig=0.91921 id_def= 臉=False iou_person=0.26638 iou_classes=0.00336(13 類)
task_env_weather_70149         free_background_jpeg90 id_orig=0.93106 id_def=0.91466 臉=True iou_person=0.94428 iou_classes=0.33071(9 類)
task_obj_remove_257910         free_background_jpeg90 id_orig=0.66048 id_def=0.71196 臉=True iou_person=0.89684 iou_classes=0.26929(9 類)
task_obj_remove_284852         free_background_jpeg90 id_orig=0.9167 id_def=0.91855 臉=True iou_person=0.70036 iou_classes=0.38675(6 類)
task_obj_remove_410264         free_background_jpeg90 id_orig=0.97162 id_def=0.84952 臉=True iou_person=0.95294 iou_classes=0.79441(4 類)
task_obj_remove_509477         free_background_jpeg90 id_orig=0.88801 id_def=0.91567 臉=True iou_person=0.82556 iou_classes=0.38367(8 類)
task_obj_remove_720199         free_background_jpeg90 id_orig=0.55912 id_def=-0.05239 臉=True iou_person=0.7697 iou_classes=0.16675(10 類)
task_obj_swap_joint_mask_533428 free_background_jpeg90 id_orig=0.84091 id_def=0.79206 臉=True iou_person=0.67898 iou_classes=0.33115(8 類)
task_attr_mod_color_123744     free_background_jpeg_then_resize75 id_orig=0.89006 id_def=0.85877 臉=True iou_person=0.88882 iou_classes=0.24929(13 類)
task_attr_mod_color_202962     free_background_jpeg_then_resize75 id_orig=0.8349 id_def=0.8728 臉=True iou_person=0.98306 iou_classes=0.48486(8 類)
task_env_weather_195273        free_background_jpeg_then_resize75 id_orig=0.90104 id_def=0.91332 臉=True iou_person=0.92515 iou_classes=0.32736(11 類)
task_env_weather_70149         free_background_jpeg_then_resize75 id_orig=0.91012 id_def=0.94547 臉=True iou_person=0.96055 iou_classes=0.26956(10 類)
task_obj_remove_257910         free_background_jpeg_then_resize75 id_orig=0.80872 id_def=0.76414 臉=True iou_person=0.99188 iou_classes=0.38481(9 類)
task_obj_remove_284852         free_background_jpeg_then_resize75 id_orig=0.89772 id_def=0.92921 臉=True iou_person=0.71999 iou_classes=0.2652(6 類)
task_obj_remove_410264         free_background_jpeg_then_resize75 id_orig=0.88405 id_def=0.96114 臉=True iou_person=0.77662 iou_classes=0.52398(5 類)
task_obj_remove_509477         free_background_jpeg_then_resize75 id_orig=0.93618 id_def=0.93783 臉=True iou_person=0.95504 iou_classes=0.54808(8 類)
task_obj_remove_720199         free_background_jpeg_then_resize75 id_orig=0.56335 id_def=0.09642 臉=True iou_person=0.84858 iou_classes=0.26136(10 類)
task_obj_swap_joint_mask_533428 free_background_jpeg_then_resize75 id_orig=0.88075 id_def=0.86893 臉=True iou_person=0.86968 iou_classes=0.48297(8 類)
task_attr_mod_color_123744     free_background_quantize8 id_orig=0.8867 id_def=0.82737 臉=True iou_person=0.83629 iou_classes=0.19622(12 類)
task_attr_mod_color_202962     free_background_quantize8 id_orig=0.84716 id_def=0.84993 臉=True iou_person=0.9323 iou_classes=0.35422(8 類)
task_env_weather_195273        free_background_quantize8 id_orig=0.91921 id_def= 臉=False iou_person=0.1007 iou_classes=0.00784(11 類)
task_env_weather_70149         free_background_quantize8 id_orig=0.93106 id_def=0.84522 臉=True iou_person=0.9682 iou_classes=0.34266(9 類)
task_obj_remove_257910         free_background_quantize8 id_orig=0.66048 id_def= 臉=False iou_person=0.95441 iou_classes=0.1747(11 類)
task_obj_remove_284852         free_background_quantize8 id_orig=0.9167 id_def=0.87694 臉=True iou_person=0.56677 iou_classes=0.37605(6 類)
task_obj_remove_410264         free_background_quantize8 id_orig=0.97162 id_def=0.72116 臉=True iou_person=0.8888 iou_classes=0.54864(5 類)
task_obj_remove_509477         free_background_quantize8 id_orig=0.88801 id_def=0.8399 臉=True iou_person=0.84238 iou_classes=0.40672(7 類)
task_obj_remove_720199         free_background_quantize8 id_orig=0.55912 id_def=0.49252 臉=True iou_person=0.48671 iou_classes=0.0588(9 類)
task_obj_swap_joint_mask_533428 free_background_quantize8 id_orig=0.84091 id_def=0.79687 臉=True iou_person=0.77216 iou_classes=0.29242(8 類)
task_attr_mod_color_123744     free_background_resize_only id_orig=0.91229 id_def=0.89892 臉=True iou_person=0.86946 iou_classes=0.31017(12 類)
task_attr_mod_color_202962     free_background_resize_only id_orig=0.87182 id_def=0.7699 臉=True iou_person=0.94982 iou_classes=0.50259(7 類)
task_env_weather_195273        free_background_resize_only id_orig=0.86271 id_def=0.90774 臉=True iou_person=0.89277 iou_classes=0.27656(12 類)
task_env_weather_70149         free_background_resize_only id_orig=0.96319 id_def=0.95421 臉=True iou_person=0.95295 iou_classes=0.26155(10 類)
task_obj_remove_257910         free_background_resize_only id_orig=0.7159 id_def=0.74149 臉=True iou_person=0.98734 iou_classes=0.29306(11 類)
task_obj_remove_284852         free_background_resize_only id_orig=0.07569 id_def=0.93084 臉=True iou_person=0.89619 iou_classes=0.28741(7 類)
task_obj_remove_410264         free_background_resize_only id_orig=0.9331 id_def=0.91655 臉=True iou_person=0.84514 iou_classes=0.64181(6 類)
task_obj_remove_509477         free_background_resize_only id_orig=0.92294 id_def=0.91375 臉=True iou_person=0.91534 iou_classes=0.43521(9 類)
task_obj_remove_720199         free_background_resize_only id_orig=0.0393 id_def=0.73449 臉=True iou_person=0.85099 iou_classes=0.31687(10 類)
task_obj_swap_joint_mask_533428 free_background_resize_only id_orig=0.88706 id_def=0.88377 臉=True iou_person=0.87415 iou_classes=0.47819(8 類)
task_attr_mod_color_123744     free_background_rotate10 id_orig=0.91301 id_def=0.87705 臉=True iou_person=0.80568 iou_classes=0.21145(11 類)
task_attr_mod_color_202962     free_background_rotate10 id_orig=0.87775 id_def=0.78901 臉=True iou_person=0.95272 iou_classes=0.35179(7 類)
task_env_weather_195273        free_background_rotate10 id_orig=0.91401 id_def= 臉=False iou_person=0.04624 iou_classes=0.00118(11 類)
task_env_weather_70149         free_background_rotate10 id_orig=0.927 id_def=0.92705 臉=True iou_person=0.96932 iou_classes=0.33106(10 類)
task_obj_remove_257910         free_background_rotate10 id_orig=0.7532 id_def=0.66376 臉=True iou_person=0.95663 iou_classes=0.21994(11 類)
task_obj_remove_284852         free_background_rotate10 id_orig=0.93818 id_def=0.02822 臉=True iou_person=0.67867 iou_classes=0.42264(6 類)
task_obj_remove_410264         free_background_rotate10 id_orig=0.96271 id_def=0.86697 臉=True iou_person=0.9099 iou_classes=0.5039(6 類)
task_obj_remove_509477         free_background_rotate10 id_orig=0.89828 id_def=0.87664 臉=True iou_person=0.8634 iou_classes=0.49994(7 類)
task_obj_remove_720199         free_background_rotate10 id_orig=0.58346 id_def=0.12888 臉=True iou_person=0.74646 iou_classes=0.19239(10 類)
task_obj_swap_joint_mask_533428 free_background_rotate10 id_orig=0.84442 id_def=0.79024 臉=True iou_person=0.70025 iou_classes=0.31561(8 類)
task_attr_mod_color_123744     free_clothing_adverse_cleaner id_orig=0.90754 id_def=-0.19027 臉=True iou_person=0.68287 iou_classes=0.07786(13 類)
task_attr_mod_color_202962     free_clothing_adverse_cleaner id_orig=0.86413 id_def=0.44676 臉=True iou_person=0.82744 iou_classes=0.22114(10 類)
task_env_weather_195273        free_clothing_adverse_cleaner id_orig=0.92152 id_def=0.84549 臉=True iou_person=0.77639 iou_classes=0.33657(6 類)
task_env_weather_70149         free_clothing_adverse_cleaner id_orig=0.94415 id_def=0.36799 臉=True iou_person=0.87436 iou_classes=0.19993(9 類)
task_obj_remove_257910         free_clothing_adverse_cleaner id_orig=0.61457 id_def= 臉=False iou_person=0.69506 iou_classes=0.12133(9 類)
task_obj_remove_284852         free_clothing_adverse_cleaner id_orig=0.92717 id_def=0.16884 臉=True iou_person=0.61854 iou_classes=0.17347(7 類)
task_obj_remove_410264         free_clothing_adverse_cleaner id_orig=0.97194 id_def=-0.08155 臉=True iou_person=0.49303 iou_classes=0.06444(7 類)
task_obj_remove_509477         free_clothing_adverse_cleaner id_orig=0.89955 id_def=0.80637 臉=True iou_person=0.78869 iou_classes=0.30364(10 類)
task_obj_remove_720199         free_clothing_adverse_cleaner id_orig=0.69671 id_def= 臉=False iou_person=0.5663 iou_classes=0.04594(10 類)
task_obj_swap_joint_mask_533428 free_clothing_adverse_cleaner id_orig=0.8842 id_def= 臉=False iou_person=0.61839 iou_classes=0.06636(7 類)
task_attr_mod_color_123744     free_clothing_blur1.5 id_orig=0.90754 id_def=0.86169 臉=True iou_person=0.84667 iou_classes=0.12922(14 類)
task_attr_mod_color_202962     free_clothing_blur1.5 id_orig=0.86413 id_def=0.89403 臉=True iou_person=0.9419 iou_classes=0.3626(10 類)
task_env_weather_195273        free_clothing_blur1.5 id_orig=0.92152 id_def=0.87978 臉=True iou_person=0.84442 iou_classes=0.22973(10 類)
task_env_weather_70149         free_clothing_blur1.5 id_orig=0.94415 id_def=0.95387 臉=True iou_person=0.9473 iou_classes=0.28945(10 類)
task_obj_remove_257910         free_clothing_blur1.5 id_orig=0.61457 id_def= 臉=False iou_person=0.98029 iou_classes=0.33053(10 類)
task_obj_remove_284852         free_clothing_blur1.5 id_orig=0.92717 id_def=0.95067 臉=True iou_person=0.92004 iou_classes=0.3942(7 類)
task_obj_remove_410264         free_clothing_blur1.5 id_orig=0.97194 id_def=0.95974 臉=True iou_person=0.98754 iou_classes=0.60568(5 類)
task_obj_remove_509477         free_clothing_blur1.5 id_orig=0.89955 id_def=0.86446 臉=True iou_person=0.79722 iou_classes=0.22023(10 類)
task_obj_remove_720199         free_clothing_blur1.5 id_orig=0.69671 id_def=0.15455 臉=True iou_person=0.84675 iou_classes=0.1755(12 類)
task_obj_swap_joint_mask_533428 free_clothing_blur1.5 id_orig=0.8842 id_def=0.83394 臉=True iou_person=0.72155 iou_classes=0.27134(8 類)
task_attr_mod_color_123744     free_clothing_crop_resize0.1 id_orig=0.96538 id_def=0.96772 臉=True iou_person=0.92476 iou_classes=0.1949(14 類)
task_attr_mod_color_202962     free_clothing_crop_resize0.1 id_orig=0.90569 id_def=0.89227 臉=True iou_person=0.96164 iou_classes=0.47245(8 類)
task_env_weather_195273        free_clothing_crop_resize0.1 id_orig=0.96859 id_def=0.98086 臉=True iou_person=0.87315 iou_classes=0.38378(7 類)
task_env_weather_70149         free_clothing_crop_resize0.1 id_orig=0.97614 id_def=0.98378 臉=True iou_person=0.9901 iou_classes=0.27455(11 類)
task_obj_remove_257910         free_clothing_crop_resize0.1 id_orig=0.78948 id_def=0.65013 臉=True iou_person=0.98648 iou_classes=0.53727(7 類)
task_obj_remove_284852         free_clothing_crop_resize0.1 id_orig=0.6705 id_def=0.66205 臉=True iou_person=0.92939 iou_classes=0.34198(8 類)
task_obj_remove_410264         free_clothing_crop_resize0.1 id_orig=0.94498 id_def=0.93588 臉=True iou_person=0.97365 iou_classes=0.51622(6 類)
task_obj_remove_509477         free_clothing_crop_resize0.1 id_orig=0.72122 id_def=0.70245 臉=True iou_person=0.85816 iou_classes=0.31116(9 類)
task_obj_remove_720199         free_clothing_crop_resize0.1 id_orig=0.00708 id_def=0.08184 臉=True iou_person=0.94758 iou_classes=0.27823(10 類)
task_obj_swap_joint_mask_533428 free_clothing_crop_resize0.1 id_orig=0.28658 id_def=0.28774 臉=True iou_person=0.75349 iou_classes=0.31036(10 類)
task_attr_mod_color_123744     free_clothing_identity id_orig=0.90754 id_def=-0.15961 臉=True iou_person=0.6833 iou_classes=0.0878(13 類)
task_attr_mod_color_202962     free_clothing_identity id_orig=0.86413 id_def=0.60286 臉=True iou_person=0.82659 iou_classes=0.2292(10 類)
task_env_weather_195273        free_clothing_identity id_orig=0.92152 id_def=0.81976 臉=True iou_person=0.77818 iou_classes=0.33635(6 類)
task_env_weather_70149         free_clothing_identity id_orig=0.94415 id_def=0.39646 臉=True iou_person=0.8784 iou_classes=0.18283(11 類)
task_obj_remove_257910         free_clothing_identity id_orig=0.61457 id_def= 臉=False iou_person=0.71112 iou_classes=0.11409(10 類)
task_obj_remove_284852         free_clothing_identity id_orig=0.92717 id_def=-0.16866 臉=True iou_person=0.63269 iou_classes=0.17969(7 類)
task_obj_remove_410264         free_clothing_identity id_orig=0.97194 id_def=-0.00098 臉=True iou_person=0.50011 iou_classes=0.08545(7 類)
task_obj_remove_509477         free_clothing_identity id_orig=0.89955 id_def=0.80462 臉=True iou_person=0.78814 iou_classes=0.30461(10 類)
task_obj_remove_720199         free_clothing_identity id_orig=0.69671 id_def= 臉=False iou_person=0.54313 iou_classes=0.06501(10 類)
task_obj_swap_joint_mask_533428 free_clothing_identity id_orig=0.8842 id_def= 臉=False iou_person=0.61117 iou_classes=0.06443(7 類)
task_attr_mod_color_123744     free_clothing_jpeg60 id_orig=0.90754 id_def=0.84371 臉=True iou_person=0.70294 iou_classes=0.12931(13 類)
task_attr_mod_color_202962     free_clothing_jpeg60 id_orig=0.86413 id_def=0.83031 臉=True iou_person=0.91266 iou_classes=0.28895(10 類)
task_env_weather_195273        free_clothing_jpeg60 id_orig=0.92152 id_def=0.84985 臉=True iou_person=0.79907 iou_classes=0.22976(9 類)
task_env_weather_70149         free_clothing_jpeg60 id_orig=0.94415 id_def=0.90862 臉=True iou_person=0.96751 iou_classes=0.29885(9 類)
task_obj_remove_257910         free_clothing_jpeg60 id_orig=0.61457 id_def=0.73345 臉=True iou_person=0.98322 iou_classes=0.38189(9 類)
task_obj_remove_284852         free_clothing_jpeg60 id_orig=0.92717 id_def=0.92894 臉=True iou_person=0.94446 iou_classes=0.38937(7 類)
task_obj_remove_410264         free_clothing_jpeg60 id_orig=0.97194 id_def= 臉=False iou_person=0.65778 iou_classes=0.07693(5 類)
task_obj_remove_509477         free_clothing_jpeg60 id_orig=0.89955 id_def=0.89404 臉=True iou_person=0.7736 iou_classes=0.2782(8 類)
task_obj_remove_720199         free_clothing_jpeg60 id_orig=0.69671 id_def=-0.00445 臉=True iou_person=0.85468 iou_classes=0.16491(11 類)
task_obj_swap_joint_mask_533428 free_clothing_jpeg60 id_orig=0.8842 id_def=0.77474 臉=True iou_person=0.85801 iou_classes=0.25818(9 類)
task_attr_mod_color_123744     free_clothing_jpeg75 id_orig=0.90754 id_def=0.85111 臉=True iou_person=0.81549 iou_classes=0.12417(13 類)
task_attr_mod_color_202962     free_clothing_jpeg75 id_orig=0.86413 id_def=0.83402 臉=True iou_person=0.85231 iou_classes=0.23205(10 類)
task_env_weather_195273        free_clothing_jpeg75 id_orig=0.92152 id_def=0.87817 臉=True iou_person=0.80222 iou_classes=0.26035(7 類)
task_env_weather_70149         free_clothing_jpeg75 id_orig=0.94415 id_def=0.93881 臉=True iou_person=0.96274 iou_classes=0.311(9 類)
task_obj_remove_257910         free_clothing_jpeg75 id_orig=0.61457 id_def= 臉=False iou_person=0.98256 iou_classes=0.38124(9 類)
task_obj_remove_284852         free_clothing_jpeg75 id_orig=0.92717 id_def=0.89654 臉=True iou_person=0.97482 iou_classes=0.44176(7 類)
task_obj_remove_410264         free_clothing_jpeg75 id_orig=0.97194 id_def= 臉=False iou_person=0.52414 iou_classes=0.0(9 類)
task_obj_remove_509477         free_clothing_jpeg75 id_orig=0.89955 id_def=0.92767 臉=True iou_person=0.77669 iou_classes=0.32452(8 類)
task_obj_remove_720199         free_clothing_jpeg75 id_orig=0.69671 id_def=0.54092 臉=True iou_person=0.72955 iou_classes=0.08852(14 類)
task_obj_swap_joint_mask_533428 free_clothing_jpeg75 id_orig=0.8842 id_def=0.77541 臉=True iou_person=0.81582 iou_classes=0.28047(9 類)
task_attr_mod_color_123744     free_clothing_jpeg80 id_orig=0.90754 id_def=0.40409 臉=True iou_person=0.84633 iou_classes=0.18842(12 類)
task_attr_mod_color_202962     free_clothing_jpeg80 id_orig=0.86413 id_def=0.77674 臉=True iou_person=0.85099 iou_classes=0.23495(10 類)
task_env_weather_195273        free_clothing_jpeg80 id_orig=0.92152 id_def=0.82838 臉=True iou_person=0.79635 iou_classes=0.28413(7 類)
task_env_weather_70149         free_clothing_jpeg80 id_orig=0.94415 id_def=0.92376 臉=True iou_person=0.95482 iou_classes=0.2498(11 類)
task_obj_remove_257910         free_clothing_jpeg80 id_orig=0.61457 id_def= 臉=False iou_person=0.98274 iou_classes=0.36292(10 類)
task_obj_remove_284852         free_clothing_jpeg80 id_orig=0.92717 id_def=0.89871 臉=True iou_person=0.97336 iou_classes=0.4417(7 類)
task_obj_remove_410264         free_clothing_jpeg80 id_orig=0.97194 id_def= 臉=False iou_person=0.56455 iou_classes=0.05537(9 類)
task_obj_remove_509477         free_clothing_jpeg80 id_orig=0.89955 id_def=0.88222 臉=True iou_person=0.77059 iou_classes=0.28384(8 類)
task_obj_remove_720199         free_clothing_jpeg80 id_orig=0.69671 id_def=0.5147 臉=True iou_person=0.72833 iou_classes=0.10579(12 類)
task_obj_swap_joint_mask_533428 free_clothing_jpeg80 id_orig=0.8842 id_def=0.74524 臉=True iou_person=0.85541 iou_classes=0.21033(10 類)
task_attr_mod_color_123744     free_clothing_jpeg90 id_orig=0.90754 id_def=0.38078 臉=True iou_person=0.75414 iou_classes=0.10216(12 類)
task_attr_mod_color_202962     free_clothing_jpeg90 id_orig=0.86413 id_def=0.75283 臉=True iou_person=0.8659 iou_classes=0.2436(10 類)
task_env_weather_195273        free_clothing_jpeg90 id_orig=0.92152 id_def=0.89878 臉=True iou_person=0.63104 iou_classes=0.20901(9 類)
task_env_weather_70149         free_clothing_jpeg90 id_orig=0.94415 id_def=0.38687 臉=True iou_person=0.90261 iou_classes=0.20187(11 類)
task_obj_remove_257910         free_clothing_jpeg90 id_orig=0.61457 id_def= 臉=False iou_person=0.98221 iou_classes=0.36884(10 類)
task_obj_remove_284852         free_clothing_jpeg90 id_orig=0.92717 id_def=0.9045 臉=True iou_person=0.94151 iou_classes=0.37167(7 類)
task_obj_remove_410264         free_clothing_jpeg90 id_orig=0.97194 id_def= 臉=False iou_person=0.5709 iou_classes=0.0621(8 類)
task_obj_remove_509477         free_clothing_jpeg90 id_orig=0.89955 id_def=0.8634 臉=True iou_person=0.78244 iou_classes=0.29045(9 類)
task_obj_remove_720199         free_clothing_jpeg90 id_orig=0.69671 id_def= 臉=False iou_person=0.68039 iou_classes=0.11995(12 類)
task_obj_swap_joint_mask_533428 free_clothing_jpeg90 id_orig=0.8842 id_def=0.73804 臉=True iou_person=0.82839 iou_classes=0.24227(9 類)
task_attr_mod_color_123744     free_clothing_jpeg_then_resize75 id_orig=0.89944 id_def=0.89076 臉=True iou_person=0.85674 iou_classes=0.19674(13 類)
task_attr_mod_color_202962     free_clothing_jpeg_then_resize75 id_orig=0.88101 id_def=0.87648 臉=True iou_person=0.9466 iou_classes=0.40791(10 類)
task_env_weather_195273        free_clothing_jpeg_then_resize75 id_orig=0.83035 id_def=0.81486 臉=True iou_person=0.80916 iou_classes=0.32608(8 類)
task_env_weather_70149         free_clothing_jpeg_then_resize75 id_orig=0.95031 id_def=0.96328 臉=True iou_person=0.98121 iou_classes=0.3349(9 類)
task_obj_remove_257910         free_clothing_jpeg_then_resize75 id_orig=0.74995 id_def=0.72219 臉=True iou_person=0.9877 iou_classes=0.55505(8 類)
task_obj_remove_284852         free_clothing_jpeg_then_resize75 id_orig=0.93468 id_def=0.96292 臉=True iou_person=0.97318 iou_classes=0.31284(8 類)
task_obj_remove_410264         free_clothing_jpeg_then_resize75 id_orig=0.98349 id_def=0.97595 臉=True iou_person=0.99113 iou_classes=0.61597(5 類)
task_obj_remove_509477         free_clothing_jpeg_then_resize75 id_orig=0.95179 id_def=0.9233 臉=True iou_person=0.77288 iou_classes=0.30931(9 類)
task_obj_remove_720199         free_clothing_jpeg_then_resize75 id_orig=0.05679 id_def=0.08199 臉=True iou_person=0.88445 iou_classes=0.31451(9 類)
task_obj_swap_joint_mask_533428 free_clothing_jpeg_then_resize75 id_orig=0.88321 id_def=0.87899 臉=True iou_person=0.89756 iou_classes=0.34709(8 類)
task_attr_mod_color_123744     free_clothing_quantize8 id_orig=0.90754 id_def=-0.12592 臉=True iou_person=0.69871 iou_classes=0.09252(12 類)
task_attr_mod_color_202962     free_clothing_quantize8 id_orig=0.86413 id_def=0.57501 臉=True iou_person=0.81997 iou_classes=0.22155(10 類)
task_env_weather_195273        free_clothing_quantize8 id_orig=0.92152 id_def=0.87308 臉=True iou_person=0.77736 iou_classes=0.33728(6 類)
task_env_weather_70149         free_clothing_quantize8 id_orig=0.94415 id_def=0.2999 臉=True iou_person=0.88365 iou_classes=0.19624(10 類)
task_obj_remove_257910         free_clothing_quantize8 id_orig=0.61457 id_def= 臉=False iou_person=0.53463 iou_classes=0.18156(9 類)
task_obj_remove_284852         free_clothing_quantize8 id_orig=0.92717 id_def=-0.00311 臉=True iou_person=0.64397 iou_classes=0.19831(7 類)
task_obj_remove_410264         free_clothing_quantize8 id_orig=0.97194 id_def= 臉=False iou_person=0.5203 iou_classes=0.05819(7 類)
task_obj_remove_509477         free_clothing_quantize8 id_orig=0.89955 id_def=0.78967 臉=True iou_person=0.77531 iou_classes=0.24925(10 類)
task_obj_remove_720199         free_clothing_quantize8 id_orig=0.69671 id_def= 臉=False iou_person=0.52404 iou_classes=0.05406(10 類)
task_obj_swap_joint_mask_533428 free_clothing_quantize8 id_orig=0.8842 id_def= 臉=False iou_person=0.44871 iou_classes=0.05087(9 類)
task_attr_mod_color_123744     free_clothing_resize_only id_orig=0.91608 id_def=0.91801 臉=True iou_person=0.86162 iou_classes=0.21597(13 類)
task_attr_mod_color_202962     free_clothing_resize_only id_orig=0.88047 id_def=0.88671 臉=True iou_person=0.95268 iou_classes=0.53695(10 類)
task_env_weather_195273        free_clothing_resize_only id_orig=0.87951 id_def=0.84291 臉=True iou_person=0.76061 iou_classes=0.37021(7 類)
task_env_weather_70149         free_clothing_resize_only id_orig=0.96254 id_def=0.97219 臉=True iou_person=0.97901 iou_classes=0.32385(9 類)
task_obj_remove_257910         free_clothing_resize_only id_orig=0.76688 id_def=0.74841 臉=True iou_person=0.98873 iou_classes=0.69102(7 類)
task_obj_remove_284852         free_clothing_resize_only id_orig=0.94989 id_def=0.96502 臉=True iou_person=0.82367 iou_classes=0.35232(8 類)
task_obj_remove_410264         free_clothing_resize_only id_orig=0.98735 id_def=0.98322 臉=True iou_person=0.99073 iou_classes=0.64097(6 類)
task_obj_remove_509477         free_clothing_resize_only id_orig=0.89826 id_def=0.91136 臉=True iou_person=0.83074 iou_classes=0.40413(7 類)
task_obj_remove_720199         free_clothing_resize_only id_orig=0.01006 id_def=0.04368 臉=True iou_person=0.80361 iou_classes=0.3713(9 類)
task_obj_swap_joint_mask_533428 free_clothing_resize_only id_orig=0.8654 id_def=0.8595 臉=True iou_person=0.86095 iou_classes=0.39786(8 類)
task_attr_mod_color_123744     free_clothing_rotate10 id_orig=0.90977 id_def=0.12396 臉=True iou_person=0.66059 iou_classes=0.09267(12 類)
task_attr_mod_color_202962     free_clothing_rotate10 id_orig=0.89604 id_def=0.52488 臉=True iou_person=0.82036 iou_classes=0.22293(10 類)
task_env_weather_195273        free_clothing_rotate10 id_orig=0.94603 id_def=0.84204 臉=True iou_person=0.80935 iou_classes=0.30211(7 類)
task_env_weather_70149         free_clothing_rotate10 id_orig=0.94677 id_def=0.26764 臉=True iou_person=0.91051 iou_classes=0.22593(10 類)
task_obj_remove_257910         free_clothing_rotate10 id_orig=0.66977 id_def= 臉=False iou_person=0.98228 iou_classes=0.47172(8 類)
task_obj_remove_284852         free_clothing_rotate10 id_orig=0.92929 id_def=0.91952 臉=True iou_person=0.96623 iou_classes=0.32123(7 類)
task_obj_remove_410264         free_clothing_rotate10 id_orig=0.9739 id_def= 臉=False iou_person=0.62348 iou_classes=0.04866(8 類)
task_obj_remove_509477         free_clothing_rotate10 id_orig=0.89358 id_def=0.86917 臉=True iou_person=0.77155 iou_classes=0.25783(8 類)
task_obj_remove_720199         free_clothing_rotate10 id_orig=0.087 id_def= 臉=False iou_person=0.6664 iou_classes=0.10485(12 類)
task_obj_swap_joint_mask_533428 free_clothing_rotate10 id_orig=0.86734 id_def=0.66718 臉=True iou_person=0.75713 iou_classes=0.28143(9 類)
task_attr_mod_color_123744     rand_accessory_adverse_cleaner id_orig=0.00202 id_def=-0.01991 臉=True iou_person=0.90425 iou_classes=0.37828(7 類)
task_attr_mod_color_202962     rand_accessory_adverse_cleaner id_orig=0.83854 id_def=0.59946 臉=True iou_person=0.91977 iou_classes=0.39485(6 類)
task_env_weather_195273        rand_accessory_adverse_cleaner id_orig=-0.01849 id_def=0.17982 臉=True iou_person=0.90744 iou_classes=0.2021(6 類)
task_env_weather_70149         rand_accessory_adverse_cleaner id_orig=0.95049 id_def=0.8656 臉=True iou_person=0.94367 iou_classes=0.45088(6 類)
task_obj_remove_257910         rand_accessory_adverse_cleaner id_orig=0.1509 id_def=0.22451 臉=True iou_person=0.90963 iou_classes=0.26858(7 類)
task_obj_remove_284852         rand_accessory_adverse_cleaner id_orig=0.5636 id_def=0.67249 臉=True iou_person=0.71638 iou_classes=0.52563(5 類)
task_obj_remove_410264         rand_accessory_adverse_cleaner id_orig=0.15523 id_def=0.19241 臉=True iou_person=0.92647 iou_classes=0.34058(8 類)
task_obj_remove_509477         rand_accessory_adverse_cleaner id_orig=0.66569 id_def=0.62549 臉=True iou_person=0.90831 iou_classes=0.32198(7 類)
task_obj_remove_720199         rand_accessory_adverse_cleaner id_orig=0.01193 id_def=-0.1245 臉=True iou_person=0.77562 iou_classes=0.13702(8 類)
task_obj_swap_joint_mask_533428 rand_accessory_adverse_cleaner id_orig=0.67673 id_def=0.57876 臉=True iou_person=0.78225 iou_classes=0.34134(7 類)
task_attr_mod_color_123744     rand_accessory_blur1.5 id_orig=0.00202 id_def=-0.10631 臉=True iou_person=0.86637 iou_classes=0.35452(7 類)
task_attr_mod_color_202962     rand_accessory_blur1.5 id_orig=0.83854 id_def=0.83992 臉=True iou_person=0.94623 iou_classes=0.40796(6 類)
task_env_weather_195273        rand_accessory_blur1.5 id_orig=-0.01849 id_def=0.34362 臉=True iou_person=0.90513 iou_classes=0.13148(8 類)
task_env_weather_70149         rand_accessory_blur1.5 id_orig=0.95049 id_def=0.95526 臉=True iou_person=0.82437 iou_classes=0.40158(6 類)
task_obj_remove_257910         rand_accessory_blur1.5 id_orig=0.1509 id_def=0.25865 臉=True iou_person=0.89132 iou_classes=0.22283(6 類)
task_obj_remove_284852         rand_accessory_blur1.5 id_orig=0.5636 id_def=0.74124 臉=True iou_person=0.91604 iou_classes=0.54304(5 類)
task_obj_remove_410264         rand_accessory_blur1.5 id_orig=0.15523 id_def=0.47101 臉=True iou_person=0.90997 iou_classes=0.18411(7 類)
task_obj_remove_509477         rand_accessory_blur1.5 id_orig=0.66569 id_def=0.88484 臉=True iou_person=0.76874 iou_classes=0.30016(6 類)
task_obj_remove_720199         rand_accessory_blur1.5 id_orig=0.01193 id_def=-0.14367 臉=True iou_person=0.69085 iou_classes=0.18173(8 類)
task_obj_swap_joint_mask_533428 rand_accessory_blur1.5 id_orig=0.67673 id_def=0.68727 臉=True iou_person=0.54222 iou_classes=0.22535(8 類)
task_attr_mod_color_123744     rand_accessory_crop_resize0.1 id_orig=0.19892 id_def=-0.05712 臉=True iou_person=0.90361 iou_classes=0.23829(9 類)
task_attr_mod_color_202962     rand_accessory_crop_resize0.1 id_orig=0.93825 id_def=0.58091 臉=True iou_person=0.91958 iou_classes=0.26888(8 類)
task_env_weather_195273        rand_accessory_crop_resize0.1 id_orig=0.60152 id_def=0.20405 臉=True iou_person=0.9678 iou_classes=0.45929(5 類)
task_env_weather_70149         rand_accessory_crop_resize0.1 id_orig=0.96574 id_def=0.95194 臉=True iou_person=0.98959 iou_classes=0.79826(4 類)
task_obj_remove_257910         rand_accessory_crop_resize0.1 id_orig=0.01052 id_def=-0.01508 臉=True iou_person=0.88039 iou_classes=0.44747(7 類)
task_obj_remove_284852         rand_accessory_crop_resize0.1 id_orig= id_def=0.54734 臉=True iou_person=0.7518 iou_classes=0.5354(4 類)
task_obj_remove_410264         rand_accessory_crop_resize0.1 id_orig=0.08395 id_def=-0.07201 臉=True iou_person=0.97084 iou_classes=0.4189(6 類)
task_obj_remove_509477         rand_accessory_crop_resize0.1 id_orig=0.70893 id_def=0.51539 臉=True iou_person=0.96327 iou_classes=0.35788(7 類)
task_obj_remove_720199         rand_accessory_crop_resize0.1 id_orig=0.07227 id_def=0.03391 臉=True iou_person=0.79832 iou_classes=0.14647(7 類)
task_obj_swap_joint_mask_533428 rand_accessory_crop_resize0.1 id_orig=0.37818 id_def=0.29596 臉=True iou_person=0.77877 iou_classes=0.33526(7 類)
task_attr_mod_color_123744     rand_accessory_identity id_orig=0.00202 id_def=-0.06579 臉=True iou_person=0.90903 iou_classes=0.39936(7 類)
task_attr_mod_color_202962     rand_accessory_identity id_orig=0.83854 id_def=0.86025 臉=True iou_person=0.9391 iou_classes=0.48967(6 類)
task_env_weather_195273        rand_accessory_identity id_orig=-0.01849 id_def=0.1587 臉=True iou_person=0.90975 iou_classes=0.20386(6 類)
task_env_weather_70149         rand_accessory_identity id_orig=0.95049 id_def=0.94288 臉=True iou_person=0.96038 iou_classes=0.45381(6 類)
task_obj_remove_257910         rand_accessory_identity id_orig=0.1509 id_def=0.13976 臉=True iou_person=0.96585 iou_classes=0.51097(5 類)
task_obj_remove_284852         rand_accessory_identity id_orig=0.5636 id_def=0.57578 臉=True iou_person=0.61523 iou_classes=0.37639(5 類)
task_obj_remove_410264         rand_accessory_identity id_orig=0.15523 id_def=0.01161 臉=True iou_person=0.94043 iou_classes=0.36523(8 類)
task_obj_remove_509477         rand_accessory_identity id_orig=0.66569 id_def=0.58722 臉=True iou_person=0.90709 iou_classes=0.33594(7 類)
task_obj_remove_720199         rand_accessory_identity id_orig=0.01193 id_def=-0.09299 臉=True iou_person=0.78219 iou_classes=0.13174(8 類)
task_obj_swap_joint_mask_533428 rand_accessory_identity id_orig=0.67673 id_def=0.55942 臉=True iou_person=0.76913 iou_classes=0.31155(7 類)
task_attr_mod_color_123744     rand_accessory_jpeg60 id_orig=0.00202 id_def=-0.0328 臉=True iou_person=0.90506 iou_classes=0.38635(7 類)
task_attr_mod_color_202962     rand_accessory_jpeg60 id_orig=0.83854 id_def=0.80874 臉=True iou_person=0.93473 iou_classes=0.40793(6 類)
task_env_weather_195273        rand_accessory_jpeg60 id_orig=-0.01849 id_def=0.2059 臉=True iou_person=0.92348 iou_classes=0.18576(6 類)
task_env_weather_70149         rand_accessory_jpeg60 id_orig=0.95049 id_def=0.92248 臉=True iou_person=0.96788 iou_classes=0.4675(6 類)
task_obj_remove_257910         rand_accessory_jpeg60 id_orig=0.1509 id_def=0.05931 臉=True iou_person=0.95307 iou_classes=0.14968(8 類)
task_obj_remove_284852         rand_accessory_jpeg60 id_orig=0.5636 id_def=0.75111 臉=True iou_person=0.78631 iou_classes=0.54273(5 類)
task_obj_remove_410264         rand_accessory_jpeg60 id_orig=0.15523 id_def=-0.05822 臉=True iou_person=0.93885 iou_classes=0.31927(8 類)
task_obj_remove_509477         rand_accessory_jpeg60 id_orig=0.66569 id_def=0.5874 臉=True iou_person=0.89103 iou_classes=0.30142(7 類)
task_obj_remove_720199         rand_accessory_jpeg60 id_orig=0.01193 id_def=-0.1206 臉=True iou_person=0.79369 iou_classes=0.09572(8 類)
task_obj_swap_joint_mask_533428 rand_accessory_jpeg60 id_orig=0.67673 id_def=0.66166 臉=True iou_person=0.7872 iou_classes=0.29827(8 類)
task_attr_mod_color_123744     rand_accessory_jpeg75 id_orig=0.00202 id_def=-0.05325 臉=True iou_person=0.96149 iou_classes=0.48702(7 類)
task_attr_mod_color_202962     rand_accessory_jpeg75 id_orig=0.83854 id_def=0.79833 臉=True iou_person=0.93189 iou_classes=0.34604(7 類)
task_env_weather_195273        rand_accessory_jpeg75 id_orig=-0.01849 id_def=0.25047 臉=True iou_person=0.92508 iou_classes=0.22575(6 類)
task_env_weather_70149         rand_accessory_jpeg75 id_orig=0.95049 id_def=0.94049 臉=True iou_person=0.96832 iou_classes=0.47476(6 類)
task_obj_remove_257910         rand_accessory_jpeg75 id_orig=0.1509 id_def=0.10386 臉=True iou_person=0.9441 iou_classes=0.23893(6 類)
task_obj_remove_284852         rand_accessory_jpeg75 id_orig=0.5636 id_def=0.71394 臉=True iou_person=0.87751 iou_classes=0.57397(5 類)
task_obj_remove_410264         rand_accessory_jpeg75 id_orig=0.15523 id_def=0.03123 臉=True iou_person=0.93942 iou_classes=0.37846(7 類)
task_obj_remove_509477         rand_accessory_jpeg75 id_orig=0.66569 id_def=0.67049 臉=True iou_person=0.90869 iou_classes=0.32378(7 類)
task_obj_remove_720199         rand_accessory_jpeg75 id_orig=0.01193 id_def=-0.03858 臉=True iou_person=0.76507 iou_classes=0.13337(8 類)
task_obj_swap_joint_mask_533428 rand_accessory_jpeg75 id_orig=0.67673 id_def=0.54345 臉=True iou_person=0.77097 iou_classes=0.29523(8 類)
task_attr_mod_color_123744     rand_accessory_jpeg80 id_orig=0.00202 id_def=-0.07755 臉=True iou_person=0.91155 iou_classes=0.37336(7 類)
task_attr_mod_color_202962     rand_accessory_jpeg80 id_orig=0.83854 id_def=0.83241 臉=True iou_person=0.93744 iou_classes=0.41386(6 類)
task_env_weather_195273        rand_accessory_jpeg80 id_orig=-0.01849 id_def=0.10531 臉=True iou_person=0.91766 iou_classes=0.2139(6 類)
task_env_weather_70149         rand_accessory_jpeg80 id_orig=0.95049 id_def=0.9453 臉=True iou_person=0.96966 iou_classes=0.46004(6 類)
task_obj_remove_257910         rand_accessory_jpeg80 id_orig=0.1509 id_def=-0.19813 臉=True iou_person=0.96069 iou_classes=0.19185(7 類)
task_obj_remove_284852         rand_accessory_jpeg80 id_orig=0.5636 id_def=0.7032 臉=True iou_person=0.80756 iou_classes=0.53669(5 類)
task_obj_remove_410264         rand_accessory_jpeg80 id_orig=0.15523 id_def=-0.04083 臉=True iou_person=0.94518 iou_classes=0.38523(7 類)
task_obj_remove_509477         rand_accessory_jpeg80 id_orig=0.66569 id_def=0.52287 臉=True iou_person=0.92413 iou_classes=0.38146(6 類)
task_obj_remove_720199         rand_accessory_jpeg80 id_orig=0.01193 id_def=-0.00508 臉=True iou_person=0.75322 iou_classes=0.16286(8 類)
task_obj_swap_joint_mask_533428 rand_accessory_jpeg80 id_orig=0.67673 id_def=0.64373 臉=True iou_person=0.78775 iou_classes=0.29196(8 類)
task_attr_mod_color_123744     rand_accessory_jpeg90 id_orig=0.00202 id_def=-0.15588 臉=True iou_person=0.88239 iou_classes=0.37449(7 類)
task_attr_mod_color_202962     rand_accessory_jpeg90 id_orig=0.83854 id_def=0.84402 臉=True iou_person=0.94079 iou_classes=0.41032(6 類)
task_env_weather_195273        rand_accessory_jpeg90 id_orig=-0.01849 id_def=0.28494 臉=True iou_person=0.91011 iou_classes=0.24772(5 類)
task_env_weather_70149         rand_accessory_jpeg90 id_orig=0.95049 id_def=0.90215 臉=True iou_person=0.96159 iou_classes=0.38824(7 類)
task_obj_remove_257910         rand_accessory_jpeg90 id_orig=0.1509 id_def=0.25134 臉=True iou_person=0.93032 iou_classes=0.36687(5 類)
task_obj_remove_284852         rand_accessory_jpeg90 id_orig=0.5636 id_def=0.73544 臉=True iou_person=0.65563 iou_classes=0.457(5 類)
task_obj_remove_410264         rand_accessory_jpeg90 id_orig=0.15523 id_def=0.06152 臉=True iou_person=0.95235 iou_classes=0.32576(8 類)
task_obj_remove_509477         rand_accessory_jpeg90 id_orig=0.66569 id_def=0.65259 臉=True iou_person=0.91796 iou_classes=0.38843(6 類)
task_obj_remove_720199         rand_accessory_jpeg90 id_orig=0.01193 id_def=-0.08114 臉=True iou_person=0.79512 iou_classes=0.12326(8 類)
task_obj_swap_joint_mask_533428 rand_accessory_jpeg90 id_orig=0.67673 id_def=0.57137 臉=True iou_person=0.7743 iou_classes=0.32818(7 類)
task_attr_mod_color_123744     rand_accessory_jpeg_then_resize75 id_orig=0.18287 id_def=0.04008 臉=True iou_person=0.92177 iou_classes=0.36911(8 類)
task_attr_mod_color_202962     rand_accessory_jpeg_then_resize75 id_orig=0.88571 id_def=0.90866 臉=True iou_person=0.94466 iou_classes=0.45489(6 類)
task_env_weather_195273        rand_accessory_jpeg_then_resize75 id_orig=0.16316 id_def=0.0531 臉=True iou_person=0.88932 iou_classes=0.20681(8 類)
task_env_weather_70149         rand_accessory_jpeg_then_resize75 id_orig=0.95318 id_def=0.95787 臉=True iou_person=0.9855 iou_classes=0.37138(8 類)
task_obj_remove_257910         rand_accessory_jpeg_then_resize75 id_orig=0.24396 id_def=-0.06474 臉=True iou_person=0.94887 iou_classes=0.20813(8 類)
task_obj_remove_284852         rand_accessory_jpeg_then_resize75 id_orig=0.64884 id_def=0.71505 臉=True iou_person=0.90835 iou_classes=0.61159(5 類)
task_obj_remove_410264         rand_accessory_jpeg_then_resize75 id_orig=0.26781 id_def=0.14617 臉=True iou_person=0.88359 iou_classes=0.38286(6 類)
task_obj_remove_509477         rand_accessory_jpeg_then_resize75 id_orig=0.61185 id_def=0.92319 臉=True iou_person=0.89611 iou_classes=0.23385(9 類)
task_obj_remove_720199         rand_accessory_jpeg_then_resize75 id_orig=-0.13095 id_def=-0.01134 臉=True iou_person=0.85311 iou_classes=0.19313(8 類)
task_obj_swap_joint_mask_533428 rand_accessory_jpeg_then_resize75 id_orig=0.70318 id_def=0.60603 臉=True iou_person=0.83501 iou_classes=0.30181(7 類)
task_attr_mod_color_123744     rand_accessory_quantize8 id_orig=0.00202 id_def=0.03105 臉=True iou_person=0.96219 iou_classes=0.41439(7 類)
task_attr_mod_color_202962     rand_accessory_quantize8 id_orig=0.83854 id_def=0.62876 臉=True iou_person=0.89786 iou_classes=0.34504(6 類)
task_env_weather_195273        rand_accessory_quantize8 id_orig=-0.01849 id_def=0.01644 臉=True iou_person=0.91594 iou_classes=0.20043(6 類)
task_env_weather_70149         rand_accessory_quantize8 id_orig=0.95049 id_def=0.79142 臉=True iou_person=0.9566 iou_classes=0.43756(6 類)
task_obj_remove_257910         rand_accessory_quantize8 id_orig=0.1509 id_def=0.08045 臉=True iou_person=0.93332 iou_classes=0.32309(6 類)
task_obj_remove_284852         rand_accessory_quantize8 id_orig=0.5636 id_def=0.57995 臉=True iou_person=0.60606 iou_classes=0.36429(5 類)
task_obj_remove_410264         rand_accessory_quantize8 id_orig=0.15523 id_def=-0.03927 臉=True iou_person=0.89326 iou_classes=0.26126(8 類)
task_obj_remove_509477         rand_accessory_quantize8 id_orig=0.66569 id_def=0.63862 臉=True iou_person=0.87917 iou_classes=0.3151(7 類)
task_obj_remove_720199         rand_accessory_quantize8 id_orig=0.01193 id_def=-0.00847 臉=True iou_person=0.78341 iou_classes=0.13861(8 類)
task_obj_swap_joint_mask_533428 rand_accessory_quantize8 id_orig=0.67673 id_def=0.53395 臉=True iou_person=0.82146 iou_classes=0.29217(8 類)
task_attr_mod_color_123744     rand_accessory_resize_only id_orig=0.11632 id_def=0.02233 臉=True iou_person=0.88024 iou_classes=0.31539(9 類)
task_attr_mod_color_202962     rand_accessory_resize_only id_orig=0.89241 id_def=0.86873 臉=True iou_person=0.95095 iou_classes=0.44285(6 類)
task_env_weather_195273        rand_accessory_resize_only id_orig=0.14305 id_def=-0.03007 臉=True iou_person=0.85948 iou_classes=0.28034(6 類)
task_env_weather_70149         rand_accessory_resize_only id_orig=0.96521 id_def=0.94917 臉=True iou_person=0.99022 iou_classes=0.4818(8 類)
task_obj_remove_257910         rand_accessory_resize_only id_orig=0.31643 id_def=0.10196 臉=True iou_person=0.95171 iou_classes=0.23796(9 類)
task_obj_remove_284852         rand_accessory_resize_only id_orig=0.63916 id_def=0.7169 臉=True iou_person=0.92244 iou_classes=0.57822(5 類)
task_obj_remove_410264         rand_accessory_resize_only id_orig=0.30181 id_def=0.19588 臉=True iou_person=0.88656 iou_classes=0.45669(5 類)
task_obj_remove_509477         rand_accessory_resize_only id_orig=0.54481 id_def=0.91045 臉=True iou_person=0.89432 iou_classes=0.34137(6 類)
task_obj_remove_720199         rand_accessory_resize_only id_orig=-0.06346 id_def=-0.12972 臉=True iou_person=0.61392 iou_classes=0.14805(8 類)
task_obj_swap_joint_mask_533428 rand_accessory_resize_only id_orig=0.73272 id_def=0.65718 臉=True iou_person=0.7744 iou_classes=0.27375(7 類)
task_attr_mod_color_123744     rand_accessory_rotate10 id_orig=-0.09178 id_def=-0.06885 臉=True iou_person=0.92074 iou_classes=0.37223(7 類)
task_attr_mod_color_202962     rand_accessory_rotate10 id_orig=0.88834 id_def=0.88449 臉=True iou_person=0.94369 iou_classes=0.49166(6 類)
task_env_weather_195273        rand_accessory_rotate10 id_orig=0.08677 id_def=0.17343 臉=True iou_person=0.91777 iou_classes=0.18129(7 類)
task_env_weather_70149         rand_accessory_rotate10 id_orig=0.94198 id_def=0.93856 臉=True iou_person=0.94443 iou_classes=0.36004(7 類)
task_obj_remove_257910         rand_accessory_rotate10 id_orig=0.22222 id_def=0.27986 臉=True iou_person=0.95857 iou_classes=0.4172(6 類)
task_obj_remove_284852         rand_accessory_rotate10 id_orig=0.56295 id_def=0.75381 臉=True iou_person=0.87177 iou_classes=0.43318(6 類)
task_obj_remove_410264         rand_accessory_rotate10 id_orig=0.18346 id_def=-0.08863 臉=True iou_person=0.91257 iou_classes=0.34842(6 類)
task_obj_remove_509477         rand_accessory_rotate10 id_orig=0.58168 id_def=0.6096 臉=True iou_person=0.90527 iou_classes=0.39718(6 類)
task_obj_remove_720199         rand_accessory_rotate10 id_orig=-0.0661 id_def=-0.06469 臉=True iou_person=0.80102 iou_classes=0.14193(7 類)
task_obj_swap_joint_mask_533428 rand_accessory_rotate10 id_orig=0.69557 id_def=0.59825 臉=True iou_person=0.76612 iou_classes=0.31295(7 類)
task_attr_mod_color_123744     rand_background_adverse_cleaner id_orig=0.8867 id_def=0.87542 臉=True iou_person=0.91106 iou_classes=0.21388(13 類)
task_attr_mod_color_202962     rand_background_adverse_cleaner id_orig=0.84716 id_def=0.72608 臉=True iou_person=0.89012 iou_classes=0.29723(8 類)
task_env_weather_195273        rand_background_adverse_cleaner id_orig=0.91921 id_def=0.89814 臉=True iou_person=0.74754 iou_classes=0.19613(14 類)
task_env_weather_70149         rand_background_adverse_cleaner id_orig=0.93106 id_def=0.92683 臉=True iou_person=0.95063 iou_classes=0.36534(9 類)
task_obj_remove_257910         rand_background_adverse_cleaner id_orig=0.66048 id_def= 臉=False iou_person=0.40353 iou_classes=0.06763(9 類)
task_obj_remove_284852         rand_background_adverse_cleaner id_orig=0.9167 id_def=0.87612 臉=True iou_person=0.65937 iou_classes=0.31892(7 類)
task_obj_remove_410264         rand_background_adverse_cleaner id_orig=0.97162 id_def= 臉=False iou_person=0.2681 iou_classes=0.04492(5 類)
task_obj_remove_509477         rand_background_adverse_cleaner id_orig=0.88801 id_def=0.91248 臉=True iou_person=0.85986 iou_classes=0.56998(7 類)
task_obj_remove_720199         rand_background_adverse_cleaner id_orig=0.55912 id_def=0.15925 臉=True iou_person=0.4823 iou_classes=0.30704(9 類)
task_obj_swap_joint_mask_533428 rand_background_adverse_cleaner id_orig=0.84091 id_def=0.82638 臉=True iou_person=0.61121 iou_classes=0.48726(8 類)
task_attr_mod_color_123744     rand_background_blur1.5 id_orig=0.8867 id_def=0.8215 臉=True iou_person=0.83817 iou_classes=0.1751(13 類)
task_attr_mod_color_202962     rand_background_blur1.5 id_orig=0.84716 id_def=0.7792 臉=True iou_person=0.93463 iou_classes=0.36069(9 類)
task_env_weather_195273        rand_background_blur1.5 id_orig=0.91921 id_def=0.88933 臉=True iou_person=0.84335 iou_classes=0.15155(13 類)
task_env_weather_70149         rand_background_blur1.5 id_orig=0.93106 id_def=0.95629 臉=True iou_person=0.9632 iou_classes=0.27216(10 類)
task_obj_remove_257910         rand_background_blur1.5 id_orig=0.66048 id_def=0.76857 臉=True iou_person=0.96748 iou_classes=0.3108(10 類)
task_obj_remove_284852         rand_background_blur1.5 id_orig=0.9167 id_def=0.92701 臉=True iou_person=0.85935 iou_classes=0.31078(7 類)
task_obj_remove_410264         rand_background_blur1.5 id_orig=0.97162 id_def=0.95171 臉=True iou_person=0.92931 iou_classes=0.69629(4 類)
task_obj_remove_509477         rand_background_blur1.5 id_orig=0.88801 id_def=0.88382 臉=True iou_person=0.80178 iou_classes=0.42807(8 類)
task_obj_remove_720199         rand_background_blur1.5 id_orig=0.55912 id_def=0.20047 臉=True iou_person=0.78245 iou_classes=0.26027(8 類)
task_obj_swap_joint_mask_533428 rand_background_blur1.5 id_orig=0.84091 id_def=0.83787 臉=True iou_person=0.73941 iou_classes=0.5523(7 類)
task_attr_mod_color_123744     rand_background_crop_resize0.1 id_orig=0.96009 id_def=0.23816 臉=True iou_person=0.16139 iou_classes=0.0545(8 類)
task_attr_mod_color_202962     rand_background_crop_resize0.1 id_orig=0.8723 id_def= 臉=False iou_person=0.0 iou_classes=0.0(7 類)
task_env_weather_195273        rand_background_crop_resize0.1 id_orig=0.98076 id_def=0.97192 臉=True iou_person=0.27066 iou_classes=0.20512(11 類)
task_env_weather_70149         rand_background_crop_resize0.1 id_orig=0.94317 id_def=0.81784 臉=True iou_person=0.98404 iou_classes=0.33011(10 類)
task_obj_remove_257910         rand_background_crop_resize0.1 id_orig=0.82593 id_def= 臉=False iou_person=0.03855 iou_classes=0.01536(9 類)
task_obj_remove_284852         rand_background_crop_resize0.1 id_orig=0.64359 id_def= 臉=False iou_person=0.0 iou_classes=0.0(3 類)
task_obj_remove_410264         rand_background_crop_resize0.1 id_orig=0.92147 id_def=0.93654 臉=True iou_person=0.70768 iou_classes=0.50389(6 類)
task_obj_remove_509477         rand_background_crop_resize0.1 id_orig=0.81204 id_def=0.74019 臉=True iou_person=0.75411 iou_classes=0.34788(8 類)
task_obj_remove_720199         rand_background_crop_resize0.1 id_orig=0.73607 id_def=0.05138 臉=True iou_person=0.45067 iou_classes=0.23807(11 類)
task_obj_swap_joint_mask_533428 rand_background_crop_resize0.1 id_orig=0.29303 id_def=0.27123 臉=True iou_person=0.28441 iou_classes=0.2944(10 類)
task_attr_mod_color_123744     rand_background_identity id_orig=0.8867 id_def=0.87712 臉=True iou_person=0.90773 iou_classes=0.1921(14 類)
task_attr_mod_color_202962     rand_background_identity id_orig=0.84716 id_def=0.80291 臉=True iou_person=0.93651 iou_classes=0.39202(8 類)
task_env_weather_195273        rand_background_identity id_orig=0.91921 id_def=0.85623 臉=True iou_person=0.75704 iou_classes=0.197(14 類)
task_env_weather_70149         rand_background_identity id_orig=0.93106 id_def=0.95315 臉=True iou_person=0.95918 iou_classes=0.36971(9 類)
task_obj_remove_257910         rand_background_identity id_orig=0.66048 id_def= 臉=False iou_person=0.49645 iou_classes=0.13747(9 類)
task_obj_remove_284852         rand_background_identity id_orig=0.9167 id_def=0.91536 臉=True iou_person=0.28141 iou_classes=0.31727(6 類)
task_obj_remove_410264         rand_background_identity id_orig=0.97162 id_def=0.94563 臉=True iou_person=0.64963 iou_classes=0.44031(6 類)
task_obj_remove_509477         rand_background_identity id_orig=0.88801 id_def=0.87903 臉=True iou_person=0.86897 iou_classes=0.57369(7 類)
task_obj_remove_720199         rand_background_identity id_orig=0.55912 id_def=0.52816 臉=True iou_person=0.72289 iou_classes=0.35876(9 類)
task_obj_swap_joint_mask_533428 rand_background_identity id_orig=0.84091 id_def=0.83347 臉=True iou_person=0.55048 iou_classes=0.55957(7 類)
task_attr_mod_color_123744     rand_background_jpeg60 id_orig=0.8867 id_def=0.8769 臉=True iou_person=0.90312 iou_classes=0.23377(12 類)
task_attr_mod_color_202962     rand_background_jpeg60 id_orig=0.84716 id_def=0.79447 臉=True iou_person=0.92307 iou_classes=0.33996(9 類)
task_env_weather_195273        rand_background_jpeg60 id_orig=0.91921 id_def= 臉=False iou_person=0.0 iou_classes=0.0(10 類)
task_env_weather_70149         rand_background_jpeg60 id_orig=0.93106 id_def=0.92531 臉=True iou_person=0.95516 iou_classes=0.36407(9 類)
task_obj_remove_257910         rand_background_jpeg60 id_orig=0.66048 id_def=0.68851 臉=True iou_person=0.97651 iou_classes=0.27717(10 類)
task_obj_remove_284852         rand_background_jpeg60 id_orig=0.9167 id_def=-0.02047 臉=True iou_person=0.83863 iou_classes=0.3951(7 類)
task_obj_remove_410264         rand_background_jpeg60 id_orig=0.97162 id_def=0.89563 臉=True iou_person=0.66903 iou_classes=0.61615(4 類)
task_obj_remove_509477         rand_background_jpeg60 id_orig=0.88801 id_def=0.90601 臉=True iou_person=0.91258 iou_classes=0.56305(7 類)
task_obj_remove_720199         rand_background_jpeg60 id_orig=0.55912 id_def=0.12817 臉=True iou_person=0.66852 iou_classes=0.27974(9 類)
task_obj_swap_joint_mask_533428 rand_background_jpeg60 id_orig=0.84091 id_def=0.81141 臉=True iou_person=0.72442 iou_classes=0.57799(7 類)
task_attr_mod_color_123744     rand_background_jpeg75 id_orig=0.8867 id_def=0.89324 臉=True iou_person=0.87492 iou_classes=0.22846(12 類)
task_attr_mod_color_202962     rand_background_jpeg75 id_orig=0.84716 id_def=0.82189 臉=True iou_person=0.92931 iou_classes=0.38769(8 類)
task_env_weather_195273        rand_background_jpeg75 id_orig=0.91921 id_def=0.88439 臉=True iou_person=0.88038 iou_classes=0.23148(12 類)
task_env_weather_70149         rand_background_jpeg75 id_orig=0.93106 id_def=0.93562 臉=True iou_person=0.95496 iou_classes=0.36273(9 類)
task_obj_remove_257910         rand_background_jpeg75 id_orig=0.66048 id_def=0.79244 臉=True iou_person=0.97489 iou_classes=0.25266(10 類)
task_obj_remove_284852         rand_background_jpeg75 id_orig=0.9167 id_def=0.03333 臉=True iou_person=0.85894 iou_classes=0.36095(7 類)
task_obj_remove_410264         rand_background_jpeg75 id_orig=0.97162 id_def=0.91387 臉=True iou_person=0.65407 iou_classes=0.63874(4 類)
task_obj_remove_509477         rand_background_jpeg75 id_orig=0.88801 id_def=0.92709 臉=True iou_person=0.90861 iou_classes=0.45054(9 類)
task_obj_remove_720199         rand_background_jpeg75 id_orig=0.55912 id_def=0.82702 臉=True iou_person=0.74387 iou_classes=0.32843(9 類)
task_obj_swap_joint_mask_533428 rand_background_jpeg75 id_orig=0.84091 id_def=0.79771 臉=True iou_person=0.77858 iou_classes=0.60268(7 類)
task_attr_mod_color_123744     rand_background_jpeg80 id_orig=0.8867 id_def=0.89663 臉=True iou_person=0.87576 iou_classes=0.22273(13 類)
task_attr_mod_color_202962     rand_background_jpeg80 id_orig=0.84716 id_def=0.78865 臉=True iou_person=0.93306 iou_classes=0.3497(9 類)
task_env_weather_195273        rand_background_jpeg80 id_orig=0.91921 id_def=0.90931 臉=True iou_person=0.87272 iou_classes=0.23451(12 類)
task_env_weather_70149         rand_background_jpeg80 id_orig=0.93106 id_def=0.93667 臉=True iou_person=0.9605 iou_classes=0.36715(9 類)
task_obj_remove_257910         rand_background_jpeg80 id_orig=0.66048 id_def=0.74402 臉=True iou_person=0.97783 iou_classes=0.27129(10 類)
task_obj_remove_284852         rand_background_jpeg80 id_orig=0.9167 id_def=-0.00932 臉=True iou_person=0.73439 iou_classes=0.38673(7 類)
task_obj_remove_410264         rand_background_jpeg80 id_orig=0.97162 id_def=0.9344 臉=True iou_person=0.69467 iou_classes=0.65026(4 類)
task_obj_remove_509477         rand_background_jpeg80 id_orig=0.88801 id_def=0.91047 臉=True iou_person=0.93114 iou_classes=0.56774(7 類)
task_obj_remove_720199         rand_background_jpeg80 id_orig=0.55912 id_def=0.58707 臉=True iou_person=0.79169 iou_classes=0.35538(9 類)
task_obj_swap_joint_mask_533428 rand_background_jpeg80 id_orig=0.84091 id_def=0.78959 臉=True iou_person=0.76141 iou_classes=0.59316(7 類)
task_attr_mod_color_123744     rand_background_jpeg90 id_orig=0.8867 id_def=0.88539 臉=True iou_person=0.89052 iou_classes=0.24075(13 類)
task_attr_mod_color_202962     rand_background_jpeg90 id_orig=0.84716 id_def=0.81713 臉=True iou_person=0.92445 iou_classes=0.37754(8 類)
task_env_weather_195273        rand_background_jpeg90 id_orig=0.91921 id_def=0.91999 臉=True iou_person=0.8554 iou_classes=0.21308(13 類)
task_env_weather_70149         rand_background_jpeg90 id_orig=0.93106 id_def=0.95003 臉=True iou_person=0.95873 iou_classes=0.36641(9 類)
task_obj_remove_257910         rand_background_jpeg90 id_orig=0.66048 id_def=0.61473 臉=True iou_person=0.96409 iou_classes=0.24237(9 類)
task_obj_remove_284852         rand_background_jpeg90 id_orig=0.9167 id_def=0.93092 臉=True iou_person=0.71638 iou_classes=0.39979(7 類)
task_obj_remove_410264         rand_background_jpeg90 id_orig=0.97162 id_def=0.93887 臉=True iou_person=0.6481 iou_classes=0.57686(5 類)
task_obj_remove_509477         rand_background_jpeg90 id_orig=0.88801 id_def=0.89793 臉=True iou_person=0.92447 iou_classes=0.59414(7 類)
task_obj_remove_720199         rand_background_jpeg90 id_orig=0.55912 id_def=0.11436 臉=True iou_person=0.74118 iou_classes=0.3457(9 類)
task_obj_swap_joint_mask_533428 rand_background_jpeg90 id_orig=0.84091 id_def=0.77636 臉=True iou_person=0.55633 iou_classes=0.57813(7 類)
task_attr_mod_color_123744     rand_background_jpeg_then_resize75 id_orig=0.89006 id_def=0.87496 臉=True iou_person=0.88382 iou_classes=0.27776(12 類)
task_attr_mod_color_202962     rand_background_jpeg_then_resize75 id_orig=0.8349 id_def=0.87216 臉=True iou_person=0.98231 iou_classes=0.52075(8 類)
task_env_weather_195273        rand_background_jpeg_then_resize75 id_orig=0.90104 id_def=0.88635 臉=True iou_person=0.85083 iou_classes=0.26444(11 類)
task_env_weather_70149         rand_background_jpeg_then_resize75 id_orig=0.91012 id_def=0.94524 臉=True iou_person=0.97566 iou_classes=0.37181(8 類)
task_obj_remove_257910         rand_background_jpeg_then_resize75 id_orig=0.80872 id_def=0.7962 臉=True iou_person=0.98967 iou_classes=0.25574(10 類)
task_obj_remove_284852         rand_background_jpeg_then_resize75 id_orig=0.89772 id_def=0.91976 臉=True iou_person=0.84717 iou_classes=0.31778(7 類)
task_obj_remove_410264         rand_background_jpeg_then_resize75 id_orig=0.88405 id_def=0.9779 臉=True iou_person=0.92766 iou_classes=0.60478(5 類)
task_obj_remove_509477         rand_background_jpeg_then_resize75 id_orig=0.93618 id_def=0.94279 臉=True iou_person=0.70844 iou_classes=0.48273(8 類)
task_obj_remove_720199         rand_background_jpeg_then_resize75 id_orig=0.56335 id_def=0.69678 臉=True iou_person=0.778 iou_classes=0.30259(9 類)
task_obj_swap_joint_mask_533428 rand_background_jpeg_then_resize75 id_orig=0.88075 id_def=0.86502 臉=True iou_person=0.65706 iou_classes=0.56842(7 類)
task_attr_mod_color_123744     rand_background_quantize8 id_orig=0.8867 id_def=0.80725 臉=True iou_person=0.8936 iou_classes=0.16161(16 類)
task_attr_mod_color_202962     rand_background_quantize8 id_orig=0.84716 id_def=0.76249 臉=True iou_person=0.91335 iou_classes=0.29725(10 類)
task_env_weather_195273        rand_background_quantize8 id_orig=0.91921 id_def=0.88466 臉=True iou_person=0.48851 iou_classes=0.1819(11 類)
task_env_weather_70149         rand_background_quantize8 id_orig=0.93106 id_def=0.84872 臉=True iou_person=0.96339 iou_classes=0.37036(9 類)
task_obj_remove_257910         rand_background_quantize8 id_orig=0.66048 id_def=0.54825 臉=True iou_person=0.64306 iou_classes=0.17864(12 類)
task_obj_remove_284852         rand_background_quantize8 id_orig=0.9167 id_def= 臉=False iou_person=0.0 iou_classes=0.0(6 類)
task_obj_remove_410264         rand_background_quantize8 id_orig=0.97162 id_def=0.94283 臉=True iou_person=0.61854 iou_classes=0.5726(4 類)
task_obj_remove_509477         rand_background_quantize8 id_orig=0.88801 id_def=0.84036 臉=True iou_person=0.80874 iou_classes=0.51809(7 類)
task_obj_remove_720199         rand_background_quantize8 id_orig=0.55912 id_def=0.13543 臉=True iou_person=0.24812 iou_classes=0.15451(8 類)
task_obj_swap_joint_mask_533428 rand_background_quantize8 id_orig=0.84091 id_def=0.82482 臉=True iou_person=0.71038 iou_classes=0.56507(7 類)
task_attr_mod_color_123744     rand_background_resize_only id_orig=0.91229 id_def=0.88838 臉=True iou_person=0.87897 iou_classes=0.28802(13 類)
task_attr_mod_color_202962     rand_background_resize_only id_orig=0.87182 id_def=0.80595 臉=True iou_person=0.95699 iou_classes=0.45303(8 類)
task_env_weather_195273        rand_background_resize_only id_orig=0.86271 id_def=0.87927 臉=True iou_person=0.86472 iou_classes=0.23296(12 類)
task_env_weather_70149         rand_background_resize_only id_orig=0.96319 id_def=0.96047 臉=True iou_person=0.96589 iou_classes=0.27625(10 類)
task_obj_remove_257910         rand_background_resize_only id_orig=0.7159 id_def=0.7492 臉=True iou_person=0.98474 iou_classes=0.21601(12 類)
task_obj_remove_284852         rand_background_resize_only id_orig=0.07569 id_def=0.05475 臉=True iou_person=0.69385 iou_classes=0.39289(7 類)
task_obj_remove_410264         rand_background_resize_only id_orig=0.9331 id_def=0.96584 臉=True iou_person=0.97386 iou_classes=0.72445(5 類)
task_obj_remove_509477         rand_background_resize_only id_orig=0.92294 id_def=0.91309 臉=True iou_person=0.73467 iou_classes=0.51452(8 類)
task_obj_remove_720199         rand_background_resize_only id_orig=0.0393 id_def=0.67273 臉=True iou_person=0.62048 iou_classes=0.31916(10 類)
task_obj_swap_joint_mask_533428 rand_background_resize_only id_orig=0.88706 id_def=0.86291 臉=True iou_person=0.62909 iou_classes=0.5667(7 類)
task_attr_mod_color_123744     rand_background_rotate10 id_orig=0.91301 id_def=0.88972 臉=True iou_person=0.87158 iou_classes=0.22989(14 類)
task_attr_mod_color_202962     rand_background_rotate10 id_orig=0.87775 id_def=0.86388 臉=True iou_person=0.93212 iou_classes=0.38654(8 類)
task_env_weather_195273        rand_background_rotate10 id_orig=0.91401 id_def=0.90489 臉=True iou_person=0.44698 iou_classes=0.16886(12 類)
task_env_weather_70149         rand_background_rotate10 id_orig=0.927 id_def=0.93891 臉=True iou_person=0.95713 iou_classes=0.37831(9 類)
task_obj_remove_257910         rand_background_rotate10 id_orig=0.7532 id_def=0.76393 臉=True iou_person=0.97816 iou_classes=0.2855(11 類)
task_obj_remove_284852         rand_background_rotate10 id_orig=0.93818 id_def=0.9409 臉=True iou_person=0.74353 iou_classes=0.41619(7 類)
task_obj_remove_410264         rand_background_rotate10 id_orig=0.96271 id_def=0.95218 臉=True iou_person=0.6689 iou_classes=0.56629(5 類)
task_obj_remove_509477         rand_background_rotate10 id_orig=0.89828 id_def=0.86775 臉=True iou_person=0.84322 iou_classes=0.59193(7 類)
task_obj_remove_720199         rand_background_rotate10 id_orig=0.58346 id_def=0.66492 臉=True iou_person=0.55717 iou_classes=0.35749(9 類)
task_obj_swap_joint_mask_533428 rand_background_rotate10 id_orig=0.84442 id_def=0.83233 臉=True iou_person=0.59619 iou_classes=0.5527(7 類)
task_attr_mod_color_123744     rand_clothing_adverse_cleaner id_orig=0.90754 id_def=0.89024 臉=True iou_person=0.88693 iou_classes=0.16833(15 類)
task_attr_mod_color_202962     rand_clothing_adverse_cleaner id_orig=0.86413 id_def=0.84815 臉=True iou_person=0.93928 iou_classes=0.41884(10 類)
task_env_weather_195273        rand_clothing_adverse_cleaner id_orig=0.92152 id_def=0.87049 臉=True iou_person=0.64485 iou_classes=0.26309(9 類)
task_env_weather_70149         rand_clothing_adverse_cleaner id_orig=0.94415 id_def=0.94385 臉=True iou_person=0.94259 iou_classes=0.29236(10 類)
task_obj_remove_257910         rand_clothing_adverse_cleaner id_orig=0.61457 id_def=0.73986 臉=True iou_person=0.98561 iou_classes=0.3432(11 類)
task_obj_remove_284852         rand_clothing_adverse_cleaner id_orig=0.92717 id_def=0.94488 臉=True iou_person=0.65698 iou_classes=0.46993(7 類)
task_obj_remove_410264         rand_clothing_adverse_cleaner id_orig=0.97194 id_def=0.97678 臉=True iou_person=0.99292 iou_classes=0.62311(5 類)
task_obj_remove_509477         rand_clothing_adverse_cleaner id_orig=0.89955 id_def=0.91766 臉=True iou_person=0.69142 iou_classes=0.41917(7 類)
task_obj_remove_720199         rand_clothing_adverse_cleaner id_orig=0.69671 id_def=0.11324 臉=True iou_person=0.85189 iou_classes=0.30942(11 類)
task_obj_swap_joint_mask_533428 rand_clothing_adverse_cleaner id_orig=0.8842 id_def=0.86629 臉=True iou_person=0.79399 iou_classes=0.48443(8 類)
task_attr_mod_color_123744     rand_clothing_blur1.5 id_orig=0.90754 id_def=0.86883 臉=True iou_person=0.87626 iou_classes=0.13391(14 類)
task_attr_mod_color_202962     rand_clothing_blur1.5 id_orig=0.86413 id_def=0.90084 臉=True iou_person=0.93247 iou_classes=0.43811(10 類)
task_env_weather_195273        rand_clothing_blur1.5 id_orig=0.92152 id_def=0.85228 臉=True iou_person=0.70136 iou_classes=0.17511(12 類)
task_env_weather_70149         rand_clothing_blur1.5 id_orig=0.94415 id_def=0.95062 臉=True iou_person=0.9227 iou_classes=0.21868(11 類)
task_obj_remove_257910         rand_clothing_blur1.5 id_orig=0.61457 id_def= 臉=False iou_person=0.9824 iou_classes=0.3836(9 類)
task_obj_remove_284852         rand_clothing_blur1.5 id_orig=0.92717 id_def=0.96169 臉=True iou_person=0.60198 iou_classes=0.32831(8 類)
task_obj_remove_410264         rand_clothing_blur1.5 id_orig=0.97194 id_def=0.96092 臉=True iou_person=0.97441 iou_classes=0.50821(6 類)
task_obj_remove_509477         rand_clothing_blur1.5 id_orig=0.89955 id_def=0.88118 臉=True iou_person=0.8339 iou_classes=0.23692(8 類)
task_obj_remove_720199         rand_clothing_blur1.5 id_orig=0.69671 id_def=0.11456 臉=True iou_person=0.8378 iou_classes=0.19265(12 類)
task_obj_swap_joint_mask_533428 rand_clothing_blur1.5 id_orig=0.8842 id_def=0.83149 臉=True iou_person=0.65541 iou_classes=0.25599(9 類)
task_attr_mod_color_123744     rand_clothing_crop_resize0.1 id_orig=0.96538 id_def=0.95873 臉=True iou_person=0.9666 iou_classes=0.20945(14 類)
task_attr_mod_color_202962     rand_clothing_crop_resize0.1 id_orig=0.90569 id_def=0.92247 臉=True iou_person=0.96214 iou_classes=0.53454(8 類)
task_env_weather_195273        rand_clothing_crop_resize0.1 id_orig=0.96859 id_def=0.97899 臉=True iou_person=0.63186 iou_classes=0.43566(6 類)
task_env_weather_70149         rand_clothing_crop_resize0.1 id_orig=0.97614 id_def=0.96715 臉=True iou_person=0.98512 iou_classes=0.3499(8 類)
task_obj_remove_257910         rand_clothing_crop_resize0.1 id_orig=0.78948 id_def=0.80934 臉=True iou_person=0.98955 iou_classes=0.49465(8 類)
task_obj_remove_284852         rand_clothing_crop_resize0.1 id_orig=0.6705 id_def=0.62102 臉=True iou_person=0.94094 iou_classes=0.42817(7 類)
task_obj_remove_410264         rand_clothing_crop_resize0.1 id_orig=0.94498 id_def=0.95006 臉=True iou_person=0.96687 iou_classes=0.72833(5 類)
task_obj_remove_509477         rand_clothing_crop_resize0.1 id_orig=0.72122 id_def=0.70332 臉=True iou_person=0.67549 iou_classes=0.42656(7 類)
task_obj_remove_720199         rand_clothing_crop_resize0.1 id_orig=0.00708 id_def=-0.01882 臉=True iou_person=0.93991 iou_classes=0.36836(9 類)
task_obj_swap_joint_mask_533428 rand_clothing_crop_resize0.1 id_orig=0.28658 id_def=0.2246 臉=True iou_person=0.79757 iou_classes=0.27858(10 類)
task_attr_mod_color_123744     rand_clothing_identity id_orig=0.90754 id_def=0.86474 臉=True iou_person=0.88823 iou_classes=0.17834(15 類)
task_attr_mod_color_202962     rand_clothing_identity id_orig=0.86413 id_def=0.8746 臉=True iou_person=0.94256 iou_classes=0.40277(10 類)
task_env_weather_195273        rand_clothing_identity id_orig=0.92152 id_def=0.90487 臉=True iou_person=0.64883 iou_classes=0.27392(9 類)
task_env_weather_70149         rand_clothing_identity id_orig=0.94415 id_def=0.95749 臉=True iou_person=0.96049 iou_classes=0.28709(10 類)
task_obj_remove_257910         rand_clothing_identity id_orig=0.61457 id_def=0.71239 臉=True iou_person=0.9875 iou_classes=0.54581(9 類)
task_obj_remove_284852         rand_clothing_identity id_orig=0.92717 id_def=0.95854 臉=True iou_person=0.71793 iou_classes=0.6076(6 類)
task_obj_remove_410264         rand_clothing_identity id_orig=0.97194 id_def=0.97729 臉=True iou_person=0.98528 iou_classes=0.85603(4 類)
task_obj_remove_509477         rand_clothing_identity id_orig=0.89955 id_def=0.91933 臉=True iou_person=0.70286 iou_classes=0.36628(8 類)
task_obj_remove_720199         rand_clothing_identity id_orig=0.69671 id_def=-0.01455 臉=True iou_person=0.85056 iou_classes=0.31269(11 類)
task_obj_swap_joint_mask_533428 rand_clothing_identity id_orig=0.8842 id_def=0.85523 臉=True iou_person=0.80673 iou_classes=0.50468(8 類)
task_attr_mod_color_123744     rand_clothing_jpeg60 id_orig=0.90754 id_def=0.89607 臉=True iou_person=0.87953 iou_classes=0.18133(15 類)
task_attr_mod_color_202962     rand_clothing_jpeg60 id_orig=0.86413 id_def=0.85972 臉=True iou_person=0.93634 iou_classes=0.4073(10 類)
task_env_weather_195273        rand_clothing_jpeg60 id_orig=0.92152 id_def=0.88512 臉=True iou_person=0.698 iou_classes=0.26908(10 類)
task_env_weather_70149         rand_clothing_jpeg60 id_orig=0.94415 id_def=0.93555 臉=True iou_person=0.96214 iou_classes=0.28811(10 類)
task_obj_remove_257910         rand_clothing_jpeg60 id_orig=0.61457 id_def=0.76418 臉=True iou_person=0.98456 iou_classes=0.40627(9 類)
task_obj_remove_284852         rand_clothing_jpeg60 id_orig=0.92717 id_def=0.96423 臉=True iou_person=0.65506 iou_classes=0.4437(7 類)
task_obj_remove_410264         rand_clothing_jpeg60 id_orig=0.97194 id_def=0.97935 臉=True iou_person=0.98623 iou_classes=0.85991(4 類)
task_obj_remove_509477         rand_clothing_jpeg60 id_orig=0.89955 id_def=0.92161 臉=True iou_person=0.71589 iou_classes=0.38944(7 類)
task_obj_remove_720199         rand_clothing_jpeg60 id_orig=0.69671 id_def=0.12534 臉=True iou_person=0.81523 iou_classes=0.29936(11 類)
task_obj_swap_joint_mask_533428 rand_clothing_jpeg60 id_orig=0.8842 id_def=0.80277 臉=True iou_person=0.68968 iou_classes=0.39142(9 類)
task_attr_mod_color_123744     rand_clothing_jpeg75 id_orig=0.90754 id_def=0.89221 臉=True iou_person=0.89348 iou_classes=0.2031(14 類)
task_attr_mod_color_202962     rand_clothing_jpeg75 id_orig=0.86413 id_def=0.88952 臉=True iou_person=0.94852 iou_classes=0.49931(10 類)
task_env_weather_195273        rand_clothing_jpeg75 id_orig=0.92152 id_def=0.89819 臉=True iou_person=0.67618 iou_classes=0.23421(11 類)
task_env_weather_70149         rand_clothing_jpeg75 id_orig=0.94415 id_def=0.94773 臉=True iou_person=0.95914 iou_classes=0.28184(10 類)
task_obj_remove_257910         rand_clothing_jpeg75 id_orig=0.61457 id_def=0.7533 臉=True iou_person=0.98481 iou_classes=0.3755(9 類)
task_obj_remove_284852         rand_clothing_jpeg75 id_orig=0.92717 id_def=0.94809 臉=True iou_person=0.76822 iou_classes=0.45672(7 類)
task_obj_remove_410264         rand_clothing_jpeg75 id_orig=0.97194 id_def=0.96716 臉=True iou_person=0.99189 iou_classes=0.87591(4 類)
task_obj_remove_509477         rand_clothing_jpeg75 id_orig=0.89955 id_def=0.92272 臉=True iou_person=0.69346 iou_classes=0.41431(6 類)
task_obj_remove_720199         rand_clothing_jpeg75 id_orig=0.69671 id_def=0.10899 臉=True iou_person=0.8772 iou_classes=0.33332(10 類)
task_obj_swap_joint_mask_533428 rand_clothing_jpeg75 id_orig=0.8842 id_def=0.85262 臉=True iou_person=0.76616 iou_classes=0.44703(8 類)
task_attr_mod_color_123744     rand_clothing_jpeg80 id_orig=0.90754 id_def=0.88234 臉=True iou_person=0.87404 iou_classes=0.18679(15 類)
task_attr_mod_color_202962     rand_clothing_jpeg80 id_orig=0.86413 id_def=0.88909 臉=True iou_person=0.94922 iou_classes=0.4619(11 類)
task_env_weather_195273        rand_clothing_jpeg80 id_orig=0.92152 id_def=0.88527 臉=True iou_person=0.71448 iou_classes=0.28883(9 類)
task_env_weather_70149         rand_clothing_jpeg80 id_orig=0.94415 id_def=0.94879 臉=True iou_person=0.95762 iou_classes=0.29685(10 類)
task_obj_remove_257910         rand_clothing_jpeg80 id_orig=0.61457 id_def=0.77193 臉=True iou_person=0.98538 iou_classes=0.40751(9 類)
task_obj_remove_284852         rand_clothing_jpeg80 id_orig=0.92717 id_def=0.92471 臉=True iou_person=0.75926 iou_classes=0.4348(7 類)
task_obj_remove_410264         rand_clothing_jpeg80 id_orig=0.97194 id_def=0.96969 臉=True iou_person=0.98681 iou_classes=0.86264(4 類)
task_obj_remove_509477         rand_clothing_jpeg80 id_orig=0.89955 id_def=0.90447 臉=True iou_person=0.69643 iou_classes=0.43749(6 類)
task_obj_remove_720199         rand_clothing_jpeg80 id_orig=0.69671 id_def=0.0742 臉=True iou_person=0.90299 iou_classes=0.32435(11 類)
task_obj_swap_joint_mask_533428 rand_clothing_jpeg80 id_orig=0.8842 id_def=0.86755 臉=True iou_person=0.863 iou_classes=0.44367(8 類)
task_attr_mod_color_123744     rand_clothing_jpeg90 id_orig=0.90754 id_def=0.8709 臉=True iou_person=0.88012 iou_classes=0.17919(15 類)
task_attr_mod_color_202962     rand_clothing_jpeg90 id_orig=0.86413 id_def=0.88841 臉=True iou_person=0.94318 iou_classes=0.39933(10 類)
task_env_weather_195273        rand_clothing_jpeg90 id_orig=0.92152 id_def=0.89759 臉=True iou_person=0.66248 iou_classes=0.25648(10 類)
task_env_weather_70149         rand_clothing_jpeg90 id_orig=0.94415 id_def=0.94896 臉=True iou_person=0.96571 iou_classes=0.28828(10 類)
task_obj_remove_257910         rand_clothing_jpeg90 id_orig=0.61457 id_def=-0.16267 臉=True iou_person=0.98649 iou_classes=0.41052(9 類)
task_obj_remove_284852         rand_clothing_jpeg90 id_orig=0.92717 id_def=0.94266 臉=True iou_person=0.74992 iou_classes=0.55015(6 類)
task_obj_remove_410264         rand_clothing_jpeg90 id_orig=0.97194 id_def=0.97754 臉=True iou_person=0.98173 iou_classes=0.8718(4 類)
task_obj_remove_509477         rand_clothing_jpeg90 id_orig=0.89955 id_def=0.91024 臉=True iou_person=0.69797 iou_classes=0.45665(6 類)
task_obj_remove_720199         rand_clothing_jpeg90 id_orig=0.69671 id_def=0.03335 臉=True iou_person=0.90025 iou_classes=0.32269(11 類)
task_obj_swap_joint_mask_533428 rand_clothing_jpeg90 id_orig=0.8842 id_def=0.87078 臉=True iou_person=0.77188 iou_classes=0.45255(8 類)
task_attr_mod_color_123744     rand_clothing_jpeg_then_resize75 id_orig=0.89944 id_def=0.90312 臉=True iou_person=0.8587 iou_classes=0.21792(12 類)
task_attr_mod_color_202962     rand_clothing_jpeg_then_resize75 id_orig=0.88101 id_def=0.86507 臉=True iou_person=0.9544 iou_classes=0.36503(10 類)
task_env_weather_195273        rand_clothing_jpeg_then_resize75 id_orig=0.83035 id_def=0.8721 臉=True iou_person=0.71282 iou_classes=0.22206(11 類)
task_env_weather_70149         rand_clothing_jpeg_then_resize75 id_orig=0.95031 id_def=0.94503 臉=True iou_person=0.98641 iou_classes=0.28649(10 類)
task_obj_remove_257910         rand_clothing_jpeg_then_resize75 id_orig=0.74995 id_def=0.73385 臉=True iou_person=0.98105 iou_classes=0.44624(9 類)
task_obj_remove_284852         rand_clothing_jpeg_then_resize75 id_orig=0.93468 id_def=0.94564 臉=True iou_person=0.83079 iou_classes=0.38932(7 類)
task_obj_remove_410264         rand_clothing_jpeg_then_resize75 id_orig=0.98349 id_def=0.98576 臉=True iou_person=0.97825 iou_classes=0.73156(5 類)
task_obj_remove_509477         rand_clothing_jpeg_then_resize75 id_orig=0.95179 id_def=0.92493 臉=True iou_person=0.62248 iou_classes=0.26487(10 類)
task_obj_remove_720199         rand_clothing_jpeg_then_resize75 id_orig=0.05679 id_def=0.06353 臉=True iou_person=0.89178 iou_classes=0.35779(9 類)
task_obj_swap_joint_mask_533428 rand_clothing_jpeg_then_resize75 id_orig=0.88321 id_def=0.88461 臉=True iou_person=0.67152 iou_classes=0.35854(8 類)
task_attr_mod_color_123744     rand_clothing_quantize8 id_orig=0.90754 id_def=0.79384 臉=True iou_person=0.8988 iou_classes=0.18857(15 類)
task_attr_mod_color_202962     rand_clothing_quantize8 id_orig=0.86413 id_def=0.84974 臉=True iou_person=0.9192 iou_classes=0.33418(12 類)
task_env_weather_195273        rand_clothing_quantize8 id_orig=0.92152 id_def=0.85078 臉=True iou_person=0.57043 iou_classes=0.26557(9 類)
task_env_weather_70149         rand_clothing_quantize8 id_orig=0.94415 id_def=0.80449 臉=True iou_person=0.95771 iou_classes=0.31035(9 類)
task_obj_remove_257910         rand_clothing_quantize8 id_orig=0.61457 id_def=0.38405 臉=True iou_person=0.95751 iou_classes=0.31829(10 類)
task_obj_remove_284852         rand_clothing_quantize8 id_orig=0.92717 id_def=0.84669 臉=True iou_person=0.43554 iou_classes=0.32285(7 類)
task_obj_remove_410264         rand_clothing_quantize8 id_orig=0.97194 id_def=0.92048 臉=True iou_person=0.95585 iou_classes=0.64683(5 類)
task_obj_remove_509477         rand_clothing_quantize8 id_orig=0.89955 id_def=0.85121 臉=True iou_person=0.67845 iou_classes=0.31564(8 類)
task_obj_remove_720199         rand_clothing_quantize8 id_orig=0.69671 id_def=0.03965 臉=True iou_person=0.63632 iou_classes=0.15353(11 類)
task_obj_swap_joint_mask_533428 rand_clothing_quantize8 id_orig=0.8842 id_def=0.83388 臉=True iou_person=0.7848 iou_classes=0.34305(8 類)
task_attr_mod_color_123744     rand_clothing_resize_only id_orig=0.91608 id_def=0.90655 臉=True iou_person=0.86872 iou_classes=0.2327(13 類)
task_attr_mod_color_202962     rand_clothing_resize_only id_orig=0.88047 id_def=0.88667 臉=True iou_person=0.94922 iou_classes=0.43728(10 類)
task_env_weather_195273        rand_clothing_resize_only id_orig=0.87951 id_def=0.89371 臉=True iou_person=0.66217 iou_classes=0.23924(10 類)
task_env_weather_70149         rand_clothing_resize_only id_orig=0.96254 id_def=0.95821 臉=True iou_person=0.97939 iou_classes=0.26454(10 類)
task_obj_remove_257910         rand_clothing_resize_only id_orig=0.76688 id_def=0.75955 臉=True iou_person=0.9878 iou_classes=0.54213(8 類)
task_obj_remove_284852         rand_clothing_resize_only id_orig=0.94989 id_def=0.96356 臉=True iou_person=0.59908 iou_classes=0.37636(7 類)
task_obj_remove_410264         rand_clothing_resize_only id_orig=0.98735 id_def=0.97748 臉=True iou_person=0.97993 iou_classes=0.65788(6 類)
task_obj_remove_509477         rand_clothing_resize_only id_orig=0.89826 id_def=0.90519 臉=True iou_person=0.65985 iou_classes=0.25851(10 類)
task_obj_remove_720199         rand_clothing_resize_only id_orig=0.01006 id_def=0.02392 臉=True iou_person=0.80392 iou_classes=0.39779(9 類)
task_obj_swap_joint_mask_533428 rand_clothing_resize_only id_orig=0.8654 id_def=0.85342 臉=True iou_person=0.55888 iou_classes=0.29002(8 類)
task_attr_mod_color_123744     rand_clothing_rotate10 id_orig=0.90977 id_def=0.8972 臉=True iou_person=0.89232 iou_classes=0.17586(15 類)
task_attr_mod_color_202962     rand_clothing_rotate10 id_orig=0.89604 id_def=0.8857 臉=True iou_person=0.9404 iou_classes=0.41275(10 類)
task_env_weather_195273        rand_clothing_rotate10 id_orig=0.94603 id_def=0.89849 臉=True iou_person=0.63794 iou_classes=0.27545(9 類)
task_env_weather_70149         rand_clothing_rotate10 id_orig=0.94677 id_def=0.95637 臉=True iou_person=0.96525 iou_classes=0.28099(10 類)
task_obj_remove_257910         rand_clothing_rotate10 id_orig=0.66977 id_def=0.77016 臉=True iou_person=0.98753 iou_classes=0.53572(8 類)
task_obj_remove_284852         rand_clothing_rotate10 id_orig=0.92929 id_def=0.9509 臉=True iou_person=0.60464 iou_classes=0.34319(10 類)
task_obj_remove_410264         rand_clothing_rotate10 id_orig=0.9739 id_def=0.98074 臉=True iou_person=0.97412 iou_classes=0.90757(4 類)
task_obj_remove_509477         rand_clothing_rotate10 id_orig=0.89358 id_def=0.88701 臉=True iou_person=0.63687 iou_classes=0.27452(10 類)
task_obj_remove_720199         rand_clothing_rotate10 id_orig=0.087 id_def=-0.00418 臉=True iou_person=0.77716 iou_classes=0.33542(11 類)
task_obj_swap_joint_mask_533428 rand_clothing_rotate10 id_orig=0.86734 id_def=0.87101 臉=True iou_person=0.82014 iou_classes=0.45588(8 類)

寫出 runs/ip2p_purify_identity/identity_floor-tint-free-rand.csv（1440 列）
=== [2026-09-07 05:11:03] 身分讀數寫入 runs/ip2p_purify_identity/identity_floor-tint-free-rand.csv ===
